school_id,code,gb_code,name,province_name,city_name,level_name,school_type,school_nature_name,university_tier,university_tier_name,tier_reason,tier_trigger_codes,is985,is211,is_dual_class,is_strong_base,is_central,ruanke_rank,ranking,qs_rank,us_rank,num_master,num_doctor,num_master2,num_doctor2,num_academician,num_lab,key_disciplines,doublehigh,school_batch
11603,13918,NULL,七台河职业学院,黑龙江,七台河市,专科,,公办,3,普通应用/职业供给高校,专科/高职高校，当前库内未命中双高、国家示范/骨干等强信号,default_vocational,0,0,0,0,0,,,,,0,0,0,0,0,0,0,,
11399,14612,NULL,三亚中瑞酒店管理职业学院,海南,三亚市,专科,,民办,3,普通应用/职业供给高校,专科/高职高校，当前库内未命中双高、国家示范/骨干等强信号,default_vocational,0,0,0,0,0,,,,,0,0,0,0,0,0,0,,
12672,12717,NULL,三亚城市职业学院,海南,三亚市,专科,,民办,3,普通应用/职业供给高校,专科/高职高校，当前库内未命中双高、国家示范/骨干等强信号,default_vocational,0,0,0,0,0,,,,,0,0,0,0,0,0,0,,
11369,13892,NULL,三亚学院,海南,三亚市,本科,,民办,2,区域重点/特色优势高校,硕士点/硕士专业学位点：10；院士数：1,master_points;academicians,0,0,0,0,0,,1236,,,10,0,0,0,1,0,0,,
70620,14893,NULL,三亚护理职业学院,海南,三亚市,专科,,民办,3,普通应用/职业供给高校,专科/高职高校，当前库内未命中双高、国家示范/骨干等强信号,default_vocational,0,0,0,0,0,,,,,0,0,0,0,0,0,0,,
12701,14236,NULL,三亚理工职业学院,海南,三亚市,专科,,民办,3,普通应用/职业供给高校,专科/高职高校，当前库内未命中双高、国家示范/骨干等强信号,default_vocational,0,0,0,0,0,,,,,0,0,0,0,0,0,0,,
12380,13931,NULL,三亚航空旅游职业学院,海南,三亚市,专科,,民办,3,普通应用/职业供给高校,专科/高职高校，当前库内未命中双高、国家示范/骨干等强信号,default_vocational,0,0,0,0,0,,,,,0,0,0,0,0,0,0,,
10296,11075,NULL,三峡大学,湖北,宜昌市,本科,区域特色研究型,公办,2,区域重点/特色优势高校,办学类型为区域特色研究型；软科排名前350：174；库内综合排名前500：230；博士点/博士专业学位点：4；硕士点/硕士专业学位点：32；院士数：1,school_type_t2;ruanke_top350;ranking_top500;doctoral_points;master_points;academicians,0,0,0,0,0,174,230,,241,32,4,0,0,1,0,0,,
11252,13236,NULL,三峡大学科技学院,湖北,宜昌市,本科,,民办,3,普通应用/职业供给高校,本科高校，但未命中985、211、双一流、研究型、前列排名、硕博点等强信号,default_undergraduate,0,0,0,0,0,,954,,,0,0,0,0,0,0,0,,
12146,14258,NULL,三峡旅游职业技术学院,湖北,宜昌市,专科,,公办,3,普通应用/职业供给高校,专科/高职高校，当前库内未命中双高、国家示范/骨干等强信号,default_vocational,0,0,0,0,0,,,,,0,0,0,0,0,0,0,,
12626,14061,NULL,三峡电力职业学院,湖北,宜昌市,专科,,公办,3,普通应用/职业供给高校,专科/高职高校，当前库内未命中双高、国家示范/骨干等强信号,default_vocational,0,0,0,0,0,,,,,0,0,0,0,0,0,0,,
12280,13976,NULL,三明医学科技职业学院,福建,三明市,专科,,公办,3,普通应用/职业供给高校,专科/高职高校，当前库内未命中双高、国家示范/骨干等强信号,default_vocational,0,0,0,0,0,,,,,0,0,0,0,0,0,0,,
10767,11311,NULL,三明学院,福建,三明市,本科,,公办,2,区域重点/特色优势高校,硕士点/硕士专业学位点：3,master_points,0,0,0,0,0,381,694,,,3,0,0,0,0,0,0,,
11371,11122,NULL,三江学院,江苏,南京市,本科,,民办,3,普通应用/职业供给高校,本科高校，但未命中985、211、双一流、研究型、前列排名、硕博点等强信号,default_undergraduate,0,0,0,0,0,,1188,,,0,0,0,0,0,0,0,,
11415,14606,NULL,三门峡社会管理职业学院,河南,三门峡市,专科,,公办,3,普通应用/职业供给高校,专科/高职高校，当前库内未命中双高、国家示范/骨干等强信号,default_vocational,0,0,0,0,0,,,,,0,0,0,0,0,0,0,,
11546,10842,NULL,三门峡职业技术学院,河南,三门峡市,专科,,公办,3,普通应用/职业供给高校,专科/高职高校，当前库内未命中双高、国家示范/骨干等强信号,default_vocational,0,0,0,0,0,,,,,0,0,0,0,0,0,0,,
12398,10851,NULL,上海东海职业技术学院,上海,闵行区,专科,,民办,3,普通应用/职业供给高校,专科/高职高校，当前库内未命中双高、国家示范/骨干等强信号,default_vocational,0,0,0,0,0,,,,,0,0,0,0,0,0,0,,
11227,12915,NULL,上海中侨职业技术大学,上海,金山区,本科,,民办,3,普通应用/职业供给高校,本科高校，但未命中985、211、双一流、研究型、前列排名、硕博点等强信号,default_undergraduate,0,0,0,0,0,,1242,,,0,0,0,0,0,0,0,,
10164,10268,NULL,上海中医药大学,上海,浦东新区,本科,特色研究型,公办,1,头部/强研究型高校,双一流高校；软科排名前100：69,is_dual_class;ruanke_top100,0,0,1,1,0,69,154,,214,26,14,0,0,0,0,0,,
12728,13907,NULL,上海中华职业技术学院,上海,奉贤区,专科,,民办,3,普通应用/职业供给高校,专科/高职高校，当前库内未命中双高、国家示范/骨干等强信号,default_vocational,0,0,0,0,0,,,,,0,0,0,0,0,0,0,,
10011,10248,NULL,上海交通大学,上海,闵行区,本科,研究型,公办,1,头部/强研究型高校,985 高校；双一流高校；办学类型为研究型；软科排名前100：4；库内综合排名前100：3,is985;is_dual_class;school_type_t1;ruanke_top100;ranking_top100,1,1,1,1,0,4,3,4,4,72,78,0,0,71,0,0,,
10012,10248,NULL,上海交通大学医学院,上海,黄浦区,本科,中国研究型,公办,1,头部/强研究型高校,985 高校；双一流高校；办学类型为中国研究型,is985;is_dual_class;school_type_t1,1,1,1,1,0,,,,,25,24,0,0,22,0,0,,
12562,12497,NULL,上海交通职业技术学院,上海,宝山区,专科,,公办,3,普通应用/职业供给高校,专科/高职高校，当前库内未命中双高、国家示范/骨干等强信号,default_vocational,0,0,0,0,0,,,,,0,0,0,0,0,0,0,,
10329,10277,NULL,上海体育大学,上海,杨浦区,本科,特色研究型,公办,1,头部/强研究型高校,双一流高校,is_dual_class,0,0,1,0,0,131,257,,346,19,11,0,0,0,0,0,,
10871,10262,NULL,上海健康医学院,上海,浦东新区,本科,,公办,2,区域重点/特色优势高校,软科排名前350：337,ruanke_top350,0,0,0,0,0,337,579,,371,0,0,0,0,0,0,0,,
10795,10283,NULL,上海公安学院,上海,浦东新区,本科,,公办,3,普通应用/职业供给高校,本科高校，但未命中985、211、双一流、研究型、前列排名、硕博点等强信号,default_undergraduate,0,0,0,0,0,417,810,,,0,0,0,0,0,0,0,,
10981,12914,NULL,上海兴伟学院,上海,浦东新区,本科,,民办,3,普通应用/职业供给高校,本科高校，但未命中985、211、双一流、研究型、前列排名、硕博点等强信号,default_undergraduate,0,0,0,0,0,,940,,,0,0,0,0,0,0,0,,
12422,12912,NULL,上海农林职业技术学院,上海,松江区,专科,,公办,3,普通应用/职业供给高校,专科/高职高校，当前库内未命中双高、国家示范/骨干等强信号,default_vocational,0,0,0,0,0,,,,,0,0,0,0,0,0,0,,
12035,11733,NULL,上海出版印刷高等专科学校,上海,杨浦区,专科,,公办,3,普通应用/职业供给高校,专科/高职高校，当前库内未命中双高、国家示范/骨干等强信号,default_vocational,0,0,0,0,0,,,,,0,0,0,0,0,0,0,,
70059,14745,NULL,上海南湖职业技术学院,上海,上海市,专科,,公办,3,普通应用/职业供给高校,专科/高职高校，当前库内未命中双高、国家示范/骨干等强信号,default_vocational,0,0,0,0,0,,,,,0,0,0,0,0,0,0,,
10562,12050,NULL,上海商学院,上海,奉贤区,本科,,公办,2,区域重点/特色优势高校,软科排名前350：347；硕士点/硕士专业学位点：6；院士数：1,ruanke_top350;master_points;academicians,0,0,0,0,0,347,567,,,6,0,0,0,1,0,0,,
12315,12495,NULL,上海城建职业学院,上海,杨浦区,专科,,公办,3,普通应用/职业供给高校,专科/高职高校，当前库内未命中双高、国家示范/骨干等强信号,default_vocational,0,0,0,0,0,,,,,0,0,0,0,0,0,0,,
10179,10271,NULL,上海外国语大学,上海,虹口区,本科,应用型,公办,1,头部/强研究型高校,双一流高校；软科排名前100：81；库内综合排名前100：53,is_dual_class;ruanke_top100;ranking_top100,0,1,1,0,0,81,53,67,,49,24,0,0,0,0,0,,
10949,13636,NULL,上海外国语大学贤达经济人文学院,上海,虹口区,本科,,民办,3,普通应用/职业供给高校,本科高校，但未命中985、211、双一流、研究型、前列排名、硕博点等强信号,default_undergraduate,0,0,0,0,0,,1206,,,0,0,0,0,0,0,0,,
10095,10280,NULL,上海大学,上海,宝山区,本科,区域研究型,公办,1,头部/强研究型高校,双一流高校；软科排名前100：60；库内综合排名前100：73,is_dual_class;ruanke_top100;ranking_top100,0,1,1,0,0,60,73,28,41,223,162,0,0,6,0,0,,
70090,,NULL,上海大学·上海温哥华电影学院,上海,上海市,本科,,,3,普通应用/职业供给高校,本科高校，但未命中985、211、双一流、研究型、前列排名、硕博点等强信号,default_undergraduate,0,0,0,0,0,,,,,0,0,0,0,0,0,0,,
10443,10273,NULL,上海对外经贸大学,上海,松江区,本科,应用型,公办,2,区域重点/特色优势高校,软科排名前350：143；库内综合排名前500：180；博士点/博士专业学位点：9；硕士点/硕士专业学位点：40,ruanke_top350;ranking_top500;doctoral_points;master_points,0,0,0,0,0,143,180,,,40,9,0,0,0,0,0,,
12392,14023,NULL,上海工会管理职业学院,上海,奉贤区,专科,,公办,3,普通应用/职业供给高校,专科/高职高校，当前库内未命中双高、国家示范/骨干等强信号,default_vocational,0,0,0,0,0,,,,,0,0,0,0,0,0,0,,
12246,12800,NULL,上海工商外国语职业学院,上海,浦东新区,专科,,民办,3,普通应用/职业供给高校,专科/高职高校，当前库内未命中双高、国家示范/骨干等强信号,default_vocational,0,0,0,0,0,,,,,0,0,0,0,0,0,0,,
12332,10852,NULL,上海工商职业技术学院,上海,嘉定区,专科,,民办,3,普通应用/职业供给高校,专科/高职高校，当前库内未命中双高、国家示范/骨干等强信号,default_vocational,0,0,0,0,0,,,,,0,0,0,0,0,0,0,,
10371,10856,NULL,上海工程技术大学,上海,松江区,本科,应用型,公办,2,区域重点/特色优势高校,软科排名前350：237；库内综合排名前500：419；博士点/博士专业学位点：1；硕士点/硕士专业学位点：15；院士数：1,ruanke_top350;ranking_top500;doctoral_points;master_points;academicians,0,0,0,0,0,237,419,,230,15,1,0,0,1,0,0,,
12418,12588,NULL,上海工艺美术职业学院,上海,嘉定区,专科,,公办,2,区域重点/特色优势高校,职业院校强信号文本：双高,vocational_feature,0,0,0,0,0,,,,,0,0,0,0,0,0,0,,
10173,10270,NULL,上海师范大学,上海,徐汇区,本科,区域特色研究型,公办,2,区域重点/特色优势高校,办学类型为区域特色研究型；软科排名前350：123；库内综合排名前500：219；博士点/博士专业学位点：49；硕士点/硕士专业学位点：104；院士数：1,school_type_t2;ruanke_top350;ranking_top500;doctoral_points;master_points;academicians,0,0,0,0,0,123,219,70,136,104,49,0,0,1,0,0,,
10986,13893,NULL,上海师范大学天华学院,上海,嘉定区,本科,,民办,3,普通应用/职业供给高校,本科高校，但未命中985、211、双一流、研究型、前列排名、硕博点等强信号,default_undergraduate,0,0,0,0,0,,1212,,,0,0,0,0,0,0,0,,
10491,10259,NULL,上海应用技术大学,上海,奉贤区,本科,应用型,公办,2,区域重点/特色优势高校,软科排名前350：242；库内综合排名前500：450；博士点/博士专业学位点：1；硕士点/硕士专业学位点：24,ruanke_top350;ranking_top500;doctoral_points;master_points,0,0,0,0,0,242,450,,265,24,1,0,0,0,0,0,,
10990,12799,NULL,上海建桥学院,上海,浦东新区,本科,,民办,3,普通应用/职业供给高校,本科高校，但未命中985、211、双一流、研究型、前列排名、硕博点等强信号,default_undergraduate,0,0,0,0,0,,1157,,,0,0,0,0,0,0,0,,
70332,14781,NULL,上海建设管理职业技术学院,上海,青浦区,专科,,公办,3,普通应用/职业供给高校,专科/高职高校，当前库内未命中双高、国家示范/骨干等强信号,default_vocational,0,0,0,0,0,,,,,0,0,0,0,0,0,0,,
11559,12586,NULL,上海思博职业技术学院,上海,浦东新区,专科,,民办,3,普通应用/职业供给高校,专科/高职高校，当前库内未命中双高、国家示范/骨干等强信号,default_vocational,0,0,0,0,0,,,,,0,0,0,0,0,0,0,,
10430,10279,NULL,上海戏剧学院,上海,静安区,本科,特色研究型,公办,2,区域重点/特色优势高校,办学类型为特色研究型；库内综合排名前500：145；博士点/博士专业学位点：1；硕士点/硕士专业学位点：2,school_type_t2;ranking_top500;doctoral_points;master_points,0,0,0,0,0,,145,,,2,1,0,0,0,0,0,,
10471,11835,NULL,上海政法学院,上海,青浦区,本科,应用型,公办,2,区域重点/特色优势高校,软科排名前350：216；库内综合排名前500：200；博士点/博士专业学位点：4；硕士点/硕士专业学位点：7,ruanke_top350;ranking_top500;doctoral_points;master_points,0,0,0,0,0,216,200,,,7,4,0,0,0,0,0,,
12015,10275,NULL,上海旅游高等专科学校,上海,奉贤区,专科,,公办,3,普通应用/职业供给高校,专科/高职高校，当前库内未命中双高、国家示范/骨干等强信号,default_vocational,0,0,0,0,0,,,,,0,0,0,0,0,0,0,,
10997,11833,NULL,上海杉达学院,上海,浦东新区,本科,,民办,2,区域重点/特色优势高校,硕士点/硕士专业学位点：3,master_points,0,0,0,0,0,,1108,,,3,0,0,0,0,0,0,,
12753,12585,NULL,上海欧华职业技术学院,上海,奉贤区,专科,,民办,3,普通应用/职业供给高校,专科/高职高校，当前库内未命中双高、国家示范/骨干等强信号,default_vocational,0,0,0,0,0,,,,,0,0,0,0,0,0,0,,
12619,14394,NULL,上海民航职业技术学院,上海,徐汇区,专科,,公办,3,普通应用/职业供给高校,专科/高职高校，当前库内未命中双高、国家示范/骨干等强信号,default_vocational,0,0,0,0,0,,,,,0,0,0,0,0,0,0,,
12412,12584,NULL,上海民远职业技术学院,上海,浦东新区,专科,,民办,3,普通应用/职业供给高校,专科/高职高校，当前库内未命中双高、国家示范/骨干等强信号,default_vocational,0,0,0,0,0,,,,,0,0,0,0,0,0,0,,
12411,12798,NULL,上海济光职业技术学院,上海,宝山区,专科,,民办,3,普通应用/职业供给高校,专科/高职高校，当前库内未命中双高、国家示范/骨干等强信号,default_vocational,0,0,0,0,0,,,,,0,0,0,0,0,0,0,,
70563,14895,NULL,上海浦东职业技术学院,上海,浦东新区,专科,,公办,3,普通应用/职业供给高校,专科/高职高校，当前库内未命中双高、国家示范/骨干等强信号,default_vocational,0,0,0,0,0,,,,,0,0,0,0,0,0,0,,
10259,10254,NULL,上海海事大学,上海,浦东新区,本科,区域特色研究型,公办,2,区域重点/特色优势高校,办学类型为区域特色研究型；软科排名前350：171；库内综合排名前500：221；博士点/博士专业学位点：18；硕士点/硕士专业学位点：32,school_type_t2;ruanke_top350;ranking_top500;doctoral_points;master_points,0,0,0,0,0,171,221,,129,32,18,0,0,0,0,0,,
12643,12498,NULL,上海海事职业技术学院,上海,浦东新区,专科,,公办,3,普通应用/职业供给高校,专科/高职高校，当前库内未命中双高、国家示范/骨干等强信号,default_vocational,0,0,0,0,0,,,,,0,0,0,0,0,0,0,,
10824,10274,NULL,上海海关学院,上海,浦东新区,本科,,公办,2,区域重点/特色优势高校,软科排名前350：276；库内综合排名前500：149；硕士点/硕士专业学位点：6；院士数：1,ruanke_top350;ranking_top500;master_points;academicians,0,0,0,0,0,276,149,,,6,0,0,0,1,0,0,,
10272,10264,NULL,上海海洋大学,上海,浦东新区,本科,区域特色研究型,公办,1,头部/强研究型高校,双一流高校,is_dual_class,0,0,1,0,0,142,241,,157,25,4,0,0,1,0,0,,
70331,14780,NULL,上海现代化工职业学院,上海,金山区,专科,,公办,3,普通应用/职业供给高校,专科/高职高校，当前库内未命中双高、国家示范/骨干等强信号,default_vocational,0,0,0,0,0,,,,,0,0,0,0,0,0,0,,
10109,10252,NULL,上海理工大学,上海,杨浦区,本科,区域特色研究型,公办,2,区域重点/特色优势高校,办学类型为区域特色研究型；软科排名前350：106；库内综合排名前500：131；博士点/博士专业学位点：16；硕士点/硕士专业学位点：32；院士数：4,school_type_t2;ruanke_top350;ranking_top500;doctoral_points;master_points;academicians,0,0,0,0,0,106,131,,98,32,16,0,0,4,0,0,,
10450,10256,NULL,上海电力大学,上海,杨浦区,本科,应用型,公办,2,区域重点/特色优势高校,软科排名前350：188；库内综合排名前500：198；博士点/博士专业学位点：1；硕士点/硕士专业学位点：9,ruanke_top350;ranking_top500;doctoral_points;master_points,0,0,0,0,0,188,198,,248,9,1,0,0,0,0,0,,
12401,12499,NULL,上海电子信息职业技术学院,上海,奉贤区,专科,,公办,2,区域重点/特色优势高校,职业院校强信号文本：双高,vocational_feature,0,0,0,0,0,,,,,0,0,0,0,0,0,0,,
12765,13747,NULL,上海电影艺术职业学院,上海,浦东新区,专科,,民办,3,普通应用/职业供给高校,专科/高职高校，当前库内未命中双高、国家示范/骨干等强信号,default_vocational,0,0,0,0,0,,,,,0,0,0,0,0,0,0,,
10550,11458,NULL,上海电机学院,上海,浦东新区,本科,,公办,2,区域重点/特色优势高校,软科排名前350：332；硕士点/硕士专业学位点：12,ruanke_top350;master_points,0,0,0,0,0,332,591,,435,12,0,0,0,0,0,0,,
70329,14778,NULL,上海科创职业技术学院,上海,松江区,专科,,公办,3,普通应用/职业供给高校,专科/高职高校，当前库内未命中双高、国家示范/骨干等强信号,default_vocational,0,0,0,0,0,,,,,0,0,0,0,0,0,0,,
11913,12801,NULL,上海科学技术职业学院,上海,嘉定区,专科,,公办,3,普通应用/职业供给高校,专科/高职高校，当前库内未命中双高、国家示范/骨干等强信号,default_vocational,0,0,0,0,0,,,,,0,0,0,0,0,0,0,,
10262,14423,NULL,上海科技大学,上海,浦东新区,本科,应用型,公办,1,头部/强研究型高校,双一流高校；软科排名前100：47；库内综合排名前100：18,is_dual_class;ruanke_top100;ranking_top100,0,0,1,0,0,47,18,,46,9,6,0,0,0,0,0,,
10478,11047,NULL,上海立信会计金融学院,上海,松江区,本科,应用型,公办,2,区域重点/特色优势高校,软科排名前350：269；库内综合排名前500：439；硕士点/硕士专业学位点：3,ruanke_top350;ranking_top500;master_points,0,0,0,0,0,269,439,,436,3,0,0,0,0,0,0,,
10913,12587,NULL,上海立达学院,上海,松江区,本科,,民办,3,普通应用/职业供给高校,本科高校，但未命中985、211、双一流、研究型、前列排名、硕博点等强信号,default_undergraduate,0,0,0,0,0,,1239,,,0,0,0,0,0,0,0,,
10542,12044,NULL,上海第二工业大学,上海,浦东新区,本科,,公办,2,区域重点/特色优势高校,软科排名前350：327；硕士点/硕士专业学位点：13；院士数：1,ruanke_top350;master_points;academicians,0,0,0,0,0,327,533,,,13,0,0,0,1,0,0,,
10134,16404,NULL,上海纽约大学,上海,浦东新区,本科,应用型,,1,头部/强研究型高校,软科排名前100：78；库内综合排名前100：50,ruanke_top100;ranking_top100,0,0,0,0,0,78,50,,287,0,0,0,0,0,0,0,,
12669,12493,NULL,上海行健职业学院,上海,静安区,专科,,公办,3,普通应用/职业供给高校,专科/高职高校，当前库内未命中双高、国家示范/骨干等强信号,default_vocational,0,0,0,0,0,,,,,0,0,0,0,0,0,0,,
10838,13632,NULL,上海视觉艺术学院,上海,松江区,本科,,民办,3,普通应用/职业供给高校,本科高校，但未命中985、211、双一流、研究型、前列排名、硕博点等强信号,default_undergraduate,0,0,0,0,0,,997,,,0,0,0,0,0,0,0,,
10091,10272,NULL,上海财经大学,上海,杨浦区,本科,特色研究型,公办,1,头部/强研究型高校,双一流高校；软科排名前100：35；库内综合排名前100：35,is_dual_class;ruanke_top100;ranking_top100,0,1,1,1,0,35,35,68,96,101,72,0,0,0,0,0,,
11354,14207,NULL,上海财经大学浙江学院,浙江,金华市,本科,,民办,3,普通应用/职业供给高校,本科高校，但未命中985、211、双一流、研究型、前列排名、硕博点等强信号,default_undergraduate,0,0,0,0,0,,851,,,0,0,0,0,0,0,0,,
12044,12913,NULL,上海邦德职业技术学院,上海,宝山区,专科,,民办,3,普通应用/职业供给高校,专科/高职高校，当前库内未命中双高、国家示范/骨干等强信号,default_vocational,0,0,0,0,0,,,,,0,0,0,0,0,0,0,,
70330,14779,NULL,上海闵行职业技术学院,上海,闵行区,专科,,公办,3,普通应用/职业供给高校,专科/高职高校，当前库内未命中双高、国家示范/骨干等强信号,default_vocational,0,0,0,0,0,,,,,0,0,0,0,0,0,0,,
11979,12583,NULL,上海震旦职业学院,上海,宝山区,专科,,民办,3,普通应用/职业供给高校,专科/高职高校，当前库内未命中双高、国家示范/骨干等强信号,default_vocational,0,0,0,0,0,,,,,0,0,0,0,0,0,0,,
10323,10278,NULL,上海音乐学院,上海,徐汇区,本科,特色研究型,公办,1,头部/强研究型高校,双一流高校,is_dual_class,0,0,1,0,0,,297,,,1,1,0,0,0,0,0,,
70368,14808,NULL,上饶卫生健康职业学院,江西,上饶市,专科,,公办,3,普通应用/职业供给高校,专科/高职高校，当前库内未命中双高、国家示范/骨干等强信号,default_vocational,0,0,0,0,0,,,,,0,0,0,0,0,0,0,,
10779,10416,NULL,上饶师范学院,江西,上饶市,本科,,公办,2,区域重点/特色优势高校,硕士点/硕士专业学位点：3；院士数：1,master_points;academicians,0,0,0,0,0,457,806,,,3,0,0,0,1,0,0,,
12826,15312,NULL,上饶幼儿师范高等专科学校,江西,上饶市,专科,,公办,3,普通应用/职业供给高校,专科/高职高校，当前库内未命中双高、国家示范/骨干等强信号,default_vocational,0,0,0,0,0,,,,,0,0,0,0,0,0,0,,
12391,13870,NULL,上饶职业技术学院,江西,上饶市,专科,,公办,3,普通应用/职业供给高校,专科/高职高校，当前库内未命中双高、国家示范/骨干等强信号,default_vocational,0,0,0,0,0,,,,,0,0,0,0,0,0,0,,
10175,10224,NULL,东北农业大学,黑龙江,哈尔滨市,本科,区域特色研究型,公办,1,头部/强研究型高校,双一流高校,is_dual_class,0,1,1,0,0,120,181,,126,66,47,0,0,0,0,0,,
10043,10145,NULL,东北大学,辽宁,沈阳市,本科,研究型,公办,1,头部/强研究型高校,985 高校；双一流高校；办学类型为研究型；软科排名前100：38；库内综合排名前100：40,is985;is_dual_class;school_type_t1;ruanke_top100;ranking_top100,1,1,1,1,0,38,40,,58,98,31,0,0,10,0,0,,
10044,19145,NULL,东北大学秦皇岛分校,河北,秦皇岛,本科,中国研究型,公办,1,头部/强研究型高校,985 高校；双一流高校；办学类型为中国研究型；库内综合排名前100：56,is985;is_dual_class;school_type_t1;ranking_top100,1,1,1,0,0,,56,,,2,8,0,0,0,0,0,,
10100,10200,NULL,东北师范大学,吉林,长春市,本科,特色研究型,公办,1,头部/强研究型高校,双一流高校；软科排名前100：48；库内综合排名前100：88,is_dual_class;ruanke_top100;ranking_top100,0,1,1,1,0,48,88,,113,105,91,0,0,3,0,0,,
10166,10225,NULL,东北林业大学,黑龙江,哈尔滨市,本科,特色研究型,公办,1,头部/强研究型高校,双一流高校,is_dual_class,0,1,1,0,0,115,136,,148,32,12,0,0,5,0,0,,
10220,10188,NULL,东北电力大学,吉林,吉林市,本科,区域特色研究型,公办,2,区域重点/特色优势高校,办学类型为区域特色研究型；软科排名前350：208；库内综合排名前500：144；博士点/博士专业学位点：8；硕士点/硕士专业学位点：24,school_type_t2;ruanke_top350;ranking_top500;doctoral_points;master_points,0,0,0,0,0,208,144,,269,24,8,0,0,0,0,0,,
10310,10220,NULL,东北石油大学,黑龙江,大庆市,本科,区域特色研究型,公办,2,区域重点/特色优势高校,办学类型为区域特色研究型；软科排名前350：213；库内综合排名前500：392；博士点/博士专业学位点：30；硕士点/硕士专业学位点：30,school_type_t2;ruanke_top350;ranking_top500;doctoral_points;master_points,0,0,0,0,0,213,392,,238,30,30,0,0,0,0,0,,
10160,10173,NULL,东北财经大学,辽宁,大连市,本科,特色研究型,公办,1,头部/强研究型高校,软科排名前100：81,ruanke_top100,0,0,0,1,0,81,119,,170,56,46,0,0,0,0,0,,
10083,10255,NULL,东华大学,上海,长宁区,本科,特色研究型,公办,1,头部/强研究型高校,双一流高校；软科排名前100：72；库内综合排名前100：71,is_dual_class;ruanke_top100;ranking_top100,0,1,1,0,0,72,71,47,63,45,34,0,0,7,0,0,,
70393,,NULL,东华学院,香港,油尖旺区,本科,,民办,3,普通应用/职业供给高校,本科高校，但未命中985、211、双一流、研究型、前列排名、硕博点等强信号,default_undergraduate,0,0,0,0,0,,,,,0,0,0,0,0,0,0,,
10407,10405,NULL,东华理工大学,江西,抚州市,本科,应用型,公办,2,区域重点/特色优势高校,软科排名前350：229；库内综合排名前500：374；博士点/博士专业学位点：4；硕士点/硕士专业学位点：24；院士数：1,ruanke_top350;ranking_top500;doctoral_points;master_points;academicians,0,0,0,0,0,229,374,,273,24,4,0,0,1,0,0,,
10029,10286,NULL,东南大学,江苏,南京市,本科,研究型,公办,1,头部/强研究型高校,985 高校；双一流高校；办学类型为研究型；软科排名前100：15；库内综合排名前100：14,is985;is_dual_class;school_type_t1;ruanke_top100;ranking_top100,1,1,1,1,0,15,14,25,19,82,74,0,0,18,0,0,,
11111,12689,NULL,东南大学成贤学院,江苏,南京市,本科,,民办,3,普通应用/职业供给高校,本科高校，但未命中985、211、双一流、研究型、前列排名、硕博点等强信号,default_undergraduate,0,0,0,0,0,,897,,,0,0,0,0,0,0,0,,
11211,13844,NULL,东莞城市学院,广东,东莞市,本科,,民办,3,普通应用/职业供给高校,本科高校，但未命中985、211、双一流、研究型、前列排名、硕博点等强信号,default_undergraduate,0,0,0,0,0,,1255,,,0,0,0,0,0,0,0,,
10268,11819,NULL,东莞理工学院,广东,东莞市,本科,应用型,公办,2,区域重点/特色优势高校,软科排名前350：247；库内综合排名前500：228；硕士点/硕士专业学位点：8；院士数：6,ruanke_top350;ranking_top500;master_points;academicians,0,0,0,0,0,247,228,,202,8,0,0,0,6,0,0,,
11792,14263,NULL,东莞职业技术学院,广东,东莞市,专科,,公办,3,普通应用/职业供给高校,专科/高职高校，当前库内未命中双高、国家示范/骨干等强信号,default_vocational,0,0,0,0,0,,,,,0,0,0,0,0,0,0,,
12410,13007,NULL,东营科技职业学院,山东,东营市,专科,,公办,3,普通应用/职业供给高校,专科/高职高校，当前库内未命中双高、国家示范/骨干等强信号,default_vocational,0,0,0,0,0,,,,,0,0,0,0,0,0,0,,
11734,12440,NULL,东营职业学院,山东,东营市,专科,,公办,2,区域重点/特色优势高校,职业院校强信号文本：双高,vocational_feature,0,0,0,0,0,,,,,0,0,0,0,0,0,0,,
10293,10110,NULL,中北大学,山西,太原市,本科,区域特色研究型,公办,2,区域重点/特色优势高校,办学类型为区域特色研究型；软科排名前350：144；库内综合排名前500：322；博士点/博士专业学位点：10；硕士点/硕士专业学位点：28；院士数：6,school_type_t2;ruanke_top350;ranking_top500;doctoral_points;master_points;academicians,0,0,0,0,0,144,322,,202,28,10,0,0,6,0,0,,
10710,11149,NULL,中华女子学院,北京,朝阳区,本科,,公办,2,区域重点/特色优势高校,软科排名前350：299；库内综合排名前500：389；硕士点/硕士专业学位点：4,ruanke_top350;ranking_top500;master_points,0,0,0,0,0,299,389,,,4,0,0,0,0,0,0,,
10041,10533,NULL,中南大学,湖南,长沙市,本科,研究型,公办,1,头部/强研究型高校,985 高校；双一流高校；办学类型为研究型；软科排名前100：27；库内综合排名前100：38,is985;is_dual_class;school_type_t1;ruanke_top100;ranking_top100,1,1,1,1,0,27,38,32,18,261,231,0,0,26,0,0,,
10271,10538,NULL,中南林业科技大学,湖南,长沙市,本科,区域特色研究型,公办,2,区域重点/特色优势高校,办学类型为区域特色研究型；软科排名前350：219；库内综合排名前500：456；博士点/博士专业学位点：7；硕士点/硕士专业学位点：30；院士数：1,school_type_t2;ruanke_top350;ranking_top500;doctoral_points;master_points;academicians,0,0,0,0,0,219,456,,226,30,7,0,0,1,0,0,,
11152,12656,NULL,中南林业科技大学涉外学院,湖南,长沙市,本科,,民办,3,普通应用/职业供给高校,本科高校，但未命中985、211、双一流、研究型、前列排名、硕博点等强信号,default_undergraduate,0,0,0,0,0,,988,,,0,0,0,0,0,0,0,,
10209,10524,NULL,中南民族大学,湖北,武汉市,本科,区域特色研究型,公办,2,区域重点/特色优势高校,办学类型为区域特色研究型；软科排名前350：159；库内综合排名前500：202；博士点/博士专业学位点：23；硕士点/硕士专业学位点：55；院士数：1,school_type_t2;ruanke_top350;ranking_top500;doctoral_points;master_points;academicians,0,0,0,0,0,159,202,,289,55,23,0,0,1,0,0,,
10085,10520,NULL,中南财经政法大学,湖北,武汉市,本科,特色研究型,公办,1,头部/强研究型高校,双一流高校；软科排名前100：57；库内综合排名前100：64,is_dual_class;ruanke_top100;ranking_top100,0,1,1,0,0,57,64,,111,122,68,0,0,0,0,0,,
10476,10465,NULL,中原工学院,河南,郑州市,本科,应用型,公办,2,区域重点/特色优势高校,软科排名前350：320；硕士点/硕士专业学位点：34；院士数：1,ruanke_top350;master_points;academicians,0,0,0,0,0,320,671,,360,34,0,0,0,1,0,0,,
11270,13502,NULL,中原科技学院,河南,郑州市,本科,,民办,3,普通应用/职业供给高校,本科高校，但未命中985、211、双一流、研究型、前列排名、硕博点等强信号,default_undergraduate,0,0,0,0,0,,852,,,0,0,0,0,0,0,0,,
10375,10041,NULL,中国人民公安大学,北京,西城区,本科,特色研究型,公办,1,头部/强研究型高校,双一流高校；库内综合排名前100：64,is_dual_class;ranking_top100,0,0,1,0,0,139,64,,,17,13,0,0,0,0,0,,
10015,10002,NULL,中国人民大学,北京,海淀区,本科,研究型,公办,1,头部/强研究型高校,985 高校；双一流高校；办学类型为研究型；软科排名前100：17；库内综合排名前100：6,is985;is_dual_class;school_type_t1;ruanke_top100;ranking_top100,1,1,1,1,0,17,6,37,55,202,180,0,0,0,0,0,,
10016,19002,NULL,中国人民大学(苏州校区),江苏,苏州市,本科,中国研究型,公办,1,头部/强研究型高校,985 高校；双一流高校；办学类型为中国研究型；库内综合排名前100：29,is985;is_dual_class;school_type_t1;ranking_top100,1,1,1,1,0,,29,,,2,1,0,0,0,0,0,,
10933,91042,NULL,中国人民武装警察部队后勤学院,天津,东丽区,本科,,公办,2,区域重点/特色优势高校,硕士点/硕士专业学位点：5；院士数：1,master_points;academicians,0,0,0,0,0,,,,,5,0,0,0,1,0,0,,
10923,90231,NULL,中国人民武装警察部队士官学校,浙江,杭州市,本科,,公办,3,普通应用/职业供给高校,本科高校，但未命中985、211、双一流、研究型、前列排名、硕博点等强信号,default_undergraduate,0,0,0,0,0,,,,,0,0,0,0,0,0,0,,
10975,91038,NULL,中国人民武装警察部队指挥学院,天津,河东区,本科,,公办,2,区域重点/特色优势高校,硕士点/硕士专业学位点：6；院士数：1,master_points;academicians,0,0,0,0,0,,,,,6,0,0,0,1,0,0,,
10334,91001,NULL,中国人民解放军国防大学,北京,海淀区,本科,其他,公办,2,区域重点/特色优势高校,博士点/博士专业学位点：5；硕士点/硕士专业学位点：22,doctoral_points;master_points,0,0,0,0,0,,,,,22,5,0,0,0,0,0,,
10934,90025,NULL,中国人民解放军国防大学军事文化学院,北京,海淀区,本科,,公办,2,区域重点/特色优势高校,博士点/博士专业学位点：1；硕士点/硕士专业学位点：9,doctoral_points;master_points,0,0,0,0,0,,,,,9,1,0,0,0,0,0,,
10922,90003,NULL,中国人民解放军国防大学联合作战学院,河北,石家庄,本科,,公办,2,区域重点/特色优势高校,博士点/博士专业学位点：4；硕士点/硕士专业学位点：11,doctoral_points;master_points,0,0,0,0,0,,,,,11,4,0,0,0,0,0,,
10972,90061,NULL,中国人民解放军空军哈尔滨飞行学院,黑龙江,哈尔滨市,本科,,公办,3,普通应用/职业供给高校,本科高校，但未命中985、211、双一流、研究型、前列排名、硕博点等强信号,default_undergraduate,0,0,0,0,0,,,,,0,0,0,0,0,0,0,,
10928,90056,NULL,中国人民解放军空军工程大学航空机务士官学校,河南,信阳市,本科,,公办,3,普通应用/职业供给高校,本科高校，但未命中985、211、双一流、研究型、前列排名、硕博点等强信号,default_undergraduate,0,0,0,0,0,,,,,0,0,0,0,0,0,0,,
10926,91023,NULL,中国人民解放军空军指挥学院,北京,海淀区,本科,,公办,2,区域重点/特色优势高校,博士点/博士专业学位点：3；硕士点/硕士专业学位点：11,doctoral_points;master_points,0,0,0,0,0,,,,,11,3,0,0,0,0,0,,
10925,90064,NULL,中国人民解放军空军石家庄飞行学院,河北,石家庄,本科,,公办,3,普通应用/职业供给高校,本科高校，但未命中985、211、双一流、研究型、前列排名、硕博点等强信号,default_undergraduate,0,0,0,0,0,,,,,0,0,0,0,0,0,0,,
10973,90054,NULL,中国人民解放军空军空降兵学院,广西,桂林市,本科,,公办,3,普通应用/职业供给高校,本科高校，但未命中985、211、双一流、研究型、前列排名、硕博点等强信号,default_undergraduate,0,0,0,0,0,,,,,0,0,0,0,0,0,0,,
10917,90060,NULL,中国人民解放军空军西安飞行学院,陕西,西安市,本科,,公办,3,普通应用/职业供给高校,本科高校，但未命中985、211、双一流、研究型、前列排名、硕博点等强信号,default_undergraduate,0,0,0,0,0,,,,,0,0,0,0,0,0,0,,
10918,91003,NULL,中国人民解放军陆军指挥学院,江苏,南京市,本科,,公办,2,区域重点/特色优势高校,博士点/博士专业学位点：5；硕士点/硕士专业学位点：8,doctoral_points;master_points,0,0,0,0,0,,,,,8,5,0,0,0,0,0,,
10976,91008,NULL,中国人民解放军陆军航空兵学院,北京,通州区,本科,,公办,2,区域重点/特色优势高校,硕士点/硕士专业学位点：2,master_points,0,0,0,0,0,,,,,2,0,0,0,0,0,0,,
10403,11105,NULL,中国人民警察大学,河北,廊坊市,本科,区域研究型,公办,2,区域重点/特色优势高校,办学类型为区域研究型；软科排名前350：266；库内综合排名前500：275；硕士点/硕士专业学位点：7,school_type_t2;ruanke_top350;ranking_top500;master_points,0,0,0,0,0,266,275,,,7,0,0,0,0,0,0,,
10094,10033,NULL,中国传媒大学,北京,朝阳区,本科,,公办,1,头部/强研究型高校,双一流高校；软科排名前100：82；库内综合排名前100：55,is_dual_class;ruanke_top100;ranking_top100,0,1,1,0,0,82,55,,405,48,33,0,0,2,0,0,,
10052,10019,NULL,中国农业大学,北京,海淀区,本科,特色研究型,公办,1,头部/强研究型高校,985 高校；双一流高校；软科排名前100：24；库内综合排名前100：49,is985;is_dual_class;ruanke_top100;ranking_top100,1,1,1,1,0,24,49,34,28,76,114,0,0,15,0,0,,
10394,10175,NULL,中国刑事警察学院,辽宁,沈阳市,本科,特色研究型,公办,2,区域重点/特色优势高校,办学类型为特色研究型；软科排名前350：222；库内综合排名前500：285；硕士点/硕士专业学位点：5,school_type_t2;ruanke_top350;ranking_top500;master_points,0,0,0,0,0,222,285,,,5,0,0,0,0,0,0,,
10703,12453,NULL,中国劳动关系学院,北京,海淀区,本科,,公办,2,区域重点/特色优势高校,软科排名前350：287；库内综合排名前500：309；硕士点/硕士专业学位点：10,ruanke_top350;ranking_top500;master_points,0,0,0,0,0,287,309,,,10,0,0,0,0,0,0,,
10207,10159,NULL,中国医科大学,辽宁,沈阳市,本科,区域特色研究型,公办,1,头部/强研究型高校,软科排名前100：62；库内综合排名前100：100,ruanke_top100;ranking_top100,0,0,0,0,0,62,100,,149,75,59,0,0,2,0,0,,
10183,11415,NULL,中国地质大学(北京),北京,海淀区,本科,,公办,1,头部/强研究型高校,双一流高校；软科排名前100：75；库内综合排名前100：99,is_dual_class;ruanke_top100;ranking_top100,0,1,1,0,0,75,99,,,35,18,0,0,13,0,0,,
10102,10491,NULL,中国地质大学(武汉),湖北,武汉市,本科,特色研究型,公办,1,头部/强研究型高校,双一流高校；软科排名前100：56；库内综合排名前100：92,is_dual_class;ruanke_top100;ranking_top100,0,1,1,0,0,56,92,52,32,57,50,0,0,14,0,0,,
10549,10049,NULL,中国戏曲学院,北京,丰台区,本科,,公办,2,区域重点/特色优势高校,库内综合排名前500：290；硕士点/硕士专业学位点：6,ranking_top500;master_points,0,0,0,0,0,,290,,,6,0,0,0,0,0,0,,
10088,10053,NULL,中国政法大学,北京,昌平区,本科,特色研究型,公办,1,头部/强研究型高校,双一流高校；软科排名前100：56；库内综合排名前100：28,is_dual_class;ruanke_top100;ranking_top100,0,1,1,0,0,56,28,66,,85,44,0,0,0,0,0,,
10620,10624,NULL,中国民用航空飞行学院,四川,德阳市,本科,,公办,2,区域重点/特色优势高校,库内综合排名前500：267；硕士点/硕士专业学位点：20,ranking_top500;master_points,0,0,0,0,0,365,267,,,20,0,0,0,0,0,0,,
10349,10059,NULL,中国民航大学,天津,东丽区,本科,应用型,公办,2,区域重点/特色优势高校,软科排名前350：226；库内综合排名前500：125；博士点/博士专业学位点：2；硕士点/硕士专业学位点：18,ruanke_top350;ranking_top500;doctoral_points;master_points,0,0,0,0,0,226,125,,354,18,2,0,0,0,0,0,,
10061,10423,NULL,中国海洋大学,山东,青岛市,本科,特色研究型,公办,1,头部/强研究型高校,985 高校；双一流高校；软科排名前100：51；库内综合排名前100：54,is985;is_dual_class;ruanke_top100;ranking_top100,1,1,1,1,0,51,54,49,63,106,77,0,0,10,0,0,,
10609,10039,NULL,中国消防救援学院,北京,昌平区,本科,,公办,3,普通应用/职业供给高校,本科高校，但未命中985、211、双一流、研究型、前列排名、硕博点等强信号,default_undergraduate,0,0,0,0,0,,,,,0,0,0,0,0,0,0,,
10106,11414,NULL,中国石油大学(北京),北京,昌平区,本科,特色研究型,公办,1,头部/强研究型高校,双一流高校；软科排名前100：62；库内综合排名前100：72,is_dual_class;ruanke_top100;ranking_top100,0,1,1,0,0,62,72,42,,29,30,0,0,5,0,0,,
10107,19414,NULL,中国石油大学(北京)克拉玛依校区,新疆,克拉玛依市,本科,应用型,公办,1,头部/强研究型高校,双一流高校,is_dual_class,0,1,1,0,0,,174,,,27,2,0,0,1,0,0,,
10115,10425,NULL,中国石油大学(华东),山东,青岛市,本科,特色研究型,公办,1,头部/强研究型高校,双一流高校；软科排名前100：73；库内综合排名前100：86,is_dual_class;ruanke_top100;ranking_top100,0,1,1,0,0,73,86,,71,39,30,0,0,21,0,0,,
10113,10290,NULL,中国矿业大学,江苏,徐州市,本科,,公办,1,头部/强研究型高校,双一流高校；软科排名前100：67,is_dual_class;ruanke_top100,0,1,1,0,0,67,105,39,84,54,47,0,0,18,0,0,,
10203,11413,NULL,中国矿业大学(北京),北京,海淀区,本科,特色研究型,公办,1,头部/强研究型高校,双一流高校；软科排名前100：76,is_dual_class;ruanke_top100,0,1,1,0,0,76,101,,,136,92,0,0,10,0,0,,
11029,13579,NULL,中国矿业大学徐海学院,江苏,徐州市,本科,,民办,3,普通应用/职业供给高校,本科高校，但未命中985、211、双一流、研究型、前列排名、硕博点等强信号,default_undergraduate,0,0,0,0,0,,1082,,,0,0,0,0,0,0,0,,
10034,14596,NULL,中国社会科学院大学,北京,房山区,本科,研究型,公办,1,头部/强研究型高校,办学类型为研究型；库内综合排名前100：45,school_type_t1;ranking_top100,0,0,0,0,0,,45,,,158,156,0,0,0,0,0,,
10014,10358,NULL,中国科学技术大学,安徽,合肥市,本科,研究型,公办,1,头部/强研究型高校,985 高校；双一流高校；办学类型为研究型；软科排名前100：7；库内综合排名前100：5,is985;is_dual_class;school_type_t1;ruanke_top100;ranking_top100,1,1,1,1,0,7,5,7,7,36,47,0,0,92,0,0,,
10020,14430,NULL,中国科学院大学,北京,怀柔区,本科,研究型,公办,1,头部/强研究型高校,双一流高校；办学类型为研究型；库内综合排名前100：5,is_dual_class;school_type_t1;ranking_top100,0,0,1,1,0,,5,22,5,234,210,0,0,404,0,0,,
10331,10355,NULL,中国美术学院,浙江,杭州市,本科,,公办,1,头部/强研究型高校,双一流高校,is_dual_class,0,0,1,0,0,,189,,,6,5,0,0,0,0,0,,
10188,10316,NULL,中国药科大学,江苏,南京市,本科,特色研究型,公办,1,头部/强研究型高校,双一流高校；软科排名前100：88；库内综合排名前100：77,is_dual_class;ruanke_top100;ranking_top100,0,1,1,1,0,88,77,,118,27,20,0,0,4,0,0,,
10313,10356,NULL,中国计量大学,浙江,杭州市,本科,区域特色研究型,公办,2,区域重点/特色优势高校,办学类型为区域特色研究型；软科排名前350：151；库内综合排名前500：183；博士点/博士专业学位点：2；硕士点/硕士专业学位点：15,school_type_t2;ruanke_top350;ranking_top500;doctoral_points;master_points,0,0,0,0,0,151,183,,267,15,2,0,0,0,0,0,,
11058,13292,NULL,中国计量大学现代科技学院,浙江,金华市,本科,,民办,3,普通应用/职业供给高校,本科高校，但未命中985、211、双一流、研究型、前列排名、硕博点等强信号,default_undergraduate,0,0,0,0,0,,961,,,0,0,0,0,0,0,0,,
10543,11625,NULL,中国青年政治学院,北京,海淀区,本科,,公办,2,区域重点/特色优势高校,博士点/博士专业学位点：1；硕士点/硕士专业学位点：10；院士数：1,doctoral_points;master_points;academicians,0,0,0,0,0,,,,,10,1,0,0,1,0,0,,
10316,10046,NULL,中国音乐学院,北京,朝阳区,本科,特色研究型,公办,1,头部/强研究型高校,双一流高校,is_dual_class,0,0,1,0,0,,367,,,1,1,0,0,0,0,0,,
10782,11903,NULL,中央司法警官学院,河北,保定市,本科,,公办,2,区域重点/特色优势高校,软科排名前350：337；库内综合排名前500：438；硕士点/硕士专业学位点：1,ruanke_top350;ranking_top500;master_points,0,0,0,0,0,337,438,,,1,0,0,0,0,0,0,,
10401,10048,NULL,中央戏剧学院,北京,东城区,本科,特色研究型,公办,1,头部/强研究型高校,双一流高校,is_dual_class,0,0,1,0,0,,117,,,1,1,0,0,0,0,0,,
10126,10052,NULL,中央民族大学,北京,海淀区,本科,特色研究型,公办,1,头部/强研究型高校,985 高校；双一流高校；软科排名前100：79；库内综合排名前100：51,is985;is_dual_class;ruanke_top100;ranking_top100,1,1,1,1,0,79,51,,271,43,30,0,0,0,0,0,,
10288,10047,NULL,中央美术学院,北京,朝阳区,本科,特色研究型,公办,1,头部/强研究型高校,双一流高校,is_dual_class,0,0,1,0,0,,108,,,3,2,0,0,0,0,0,,
10157,10034,NULL,中央财经大学,北京,海淀区,本科,特色研究型,公办,1,头部/强研究型高校,双一流高校；软科排名前100：42；库内综合排名前100：36,is_dual_class;ruanke_top100;ranking_top100,0,1,1,1,0,42,36,,157,52,36,0,0,1,0,0,,
10302,10045,NULL,中央音乐学院,北京,西城区,本科,特色研究型,公办,1,头部/强研究型高校,双一流高校,is_dual_class,0,1,1,0,0,,,,,1,1,0,0,1,0,0,,
10024,10558,NULL,中山大学,广东,广州市,本科,研究型,公办,1,头部/强研究型高校,985 高校；双一流高校；办学类型为研究型；软科排名前100：13；库内综合排名前100：24,is985;is_dual_class;school_type_t1;ruanke_top100;ranking_top100,1,1,1,1,0,13,24,14,8,136,125,0,0,0,0,0,,
11536,13710,NULL,中山火炬职业技术学院,广东,中山市,专科,,公办,3,普通应用/职业供给高校,专科/高职高校，当前库内未命中双高、国家示范/骨干等强信号,default_vocational,0,0,0,0,0,,,,,0,0,0,0,0,0,0,,
11590,14066,NULL,中山职业技术学院,广东,中山市,专科,,公办,3,普通应用/职业供给高校,专科/高职高校，当前库内未命中双高、国家示范/骨干等强信号,default_vocational,0,0,0,0,0,,,,,0,0,0,0,0,0,0,,
70395,,NULL,中西创新学院,澳门,澳门,本科,,民办,2,区域重点/特色优势高校,博士点/博士专业学位点：8,doctoral_points,0,0,0,0,0,,,,,0,8,0,0,0,0,0,,
12829,14552,NULL,临夏现代职业学院,甘肃,临夏回族自治州,专科,,公办,3,普通应用/职业供给高校,专科/高职高校，当前库内未命中双高、国家示范/骨干等强信号,default_vocational,0,0,0,0,0,,,,,0,0,0,0,0,0,0,,
12052,13171,NULL,临汾职业技术学院,山西,临汾市,专科,,公办,3,普通应用/职业供给高校,专科/高职高校，当前库内未命中双高、国家示范/骨干等强信号,default_vocational,0,0,0,0,0,,,,,0,0,0,0,0,0,0,,
70654,14927,NULL,临沂城市职业学院,山东,临沂市,专科,,民办,3,普通应用/职业供给高校,专科/高职高校，当前库内未命中双高、国家示范/骨干等强信号,default_vocational,0,0,0,0,0,,,,,0,0,0,0,0,0,0,,
10538,10452,NULL,临沂大学,山东,临沂市,本科,,公办,2,区域重点/特色优势高校,软科排名前350：299；硕士点/硕士专业学位点：26,ruanke_top350;master_points,0,0,0,0,0,299,525,,197,26,0,0,0,0,0,0,,
11849,14708,NULL,临沂科技职业学院,山东,临沂市,专科,,公办,3,普通应用/职业供给高校,专科/高职高校，当前库内未命中双高、国家示范/骨干等强信号,default_vocational,0,0,0,0,0,,,,,0,0,0,0,0,0,0,,
11459,14195,NULL,临沂职业学院,山东,临沂市,专科,,公办,3,普通应用/职业供给高校,专科/高职高校，当前库内未命中双高、国家示范/骨干等强信号,default_vocational,0,0,0,0,0,,,,,0,0,0,0,0,0,0,,
70593,14874,NULL,临沧职业学院,云南,临沧市,专科,,公办,3,普通应用/职业供给高校,专科/高职高校，当前库内未命中双高、国家示范/骨干等强信号,default_vocational,0,0,0,0,0,,,,,0,0,0,0,0,0,0,,
10693,10352,NULL,丽水学院,浙江,丽水市,本科,,公办,2,区域重点/特色优势高校,硕士点/硕士专业学位点：11；院士数：1,master_points;academicians,0,0,0,0,0,365,610,,,11,0,0,0,1,0,0,,
11871,12878,NULL,丽水职业技术学院,浙江,丽水市,专科,,公办,3,普通应用/职业供给高校,专科/高职高校，当前库内未命中双高、国家示范/骨干等强信号,default_vocational,0,0,0,0,0,,,,,0,0,0,0,0,0,0,,
11630,14015,NULL,丽江师范学院,云南,丽江市,本科,,公办,3,普通应用/职业供给高校,本科高校，但未命中985、211、双一流、研究型、前列排名、硕博点等强信号,default_undergraduate,0,0,0,0,0,,626,,,0,0,0,0,0,0,0,,
10999,13328,NULL,丽江文化旅游学院,云南,丽江市,本科,,民办,3,普通应用/职业供给高校,本科高校，但未命中985、211、双一流、研究型、前列排名、硕博点等强信号,default_undergraduate,0,0,0,0,0,,1179,,,0,0,0,0,0,0,0,,
70353,14802,NULL,丽江职业技术学院,云南,丽江市,专科,,公办,3,普通应用/职业供给高校,专科/高职高校，当前库内未命中双高、国家示范/骨干等强信号,default_vocational,0,0,0,0,0,,,,,0,0,0,0,0,0,0,,
12112,13003,NULL,义乌工商职业技术学院,浙江,金华市,专科,,公办,2,区域重点/特色优势高校,职业院校强信号文本：双高,vocational_feature,0,0,0,0,0,,,,,0,0,0,0,0,0,0,,
12167,14219,NULL,乌兰察布医学高等专科学校,内蒙古,乌兰察布市,专科,,公办,3,普通应用/职业供给高校,专科/高职高校，当前库内未命中双高、国家示范/骨干等强信号,default_vocational,0,0,0,0,0,,,,,0,0,0,0,0,0,0,,
11813,13699,NULL,乌兰察布职业学院,内蒙古,乌兰察布市,专科,,公办,3,普通应用/职业供给高校,专科/高职高校，当前库内未命中双高、国家示范/骨干等强信号,default_vocational,0,0,0,0,0,,,,,0,0,0,0,0,0,0,,
11642,13915,NULL,乌海职业技术学院,内蒙古,乌海市,专科,,公办,3,普通应用/职业供给高校,专科/高职高校，当前库内未命中双高、国家示范/骨干等强信号,default_vocational,0,0,0,0,0,,,,,0,0,0,0,0,0,0,,
11709,11565,NULL,乌鲁木齐职业大学,新疆,乌鲁木齐市,本科,,公办,3,普通应用/职业供给高校,本科高校，但未命中985、211、双一流、研究型、前列排名、硕博点等强信号,default_undergraduate,0,0,0,0,0,,970,,,0,0,0,0,0,0,0,,
70608,14876,NULL,乌鲁木齐职业技术学院,新疆,乌鲁木齐市,专科,,公办,3,普通应用/职业供给高校,专科/高职高校，当前库内未命中双高、国家示范/骨干等强信号,default_vocational,0,0,0,0,0,,,,,0,0,0,0,0,0,0,,
10700,10649,NULL,乐山师范学院,四川,乐山市,本科,,公办,2,区域重点/特色优势高校,硕士点/硕士专业学位点：3,master_points,0,0,0,0,0,426,645,,,3,0,0,0,0,0,0,,
11955,13048,NULL,乐山职业技术学院,四川,乐山市,专科,,公办,3,普通应用/职业供给高校,专科/高职高校，当前库内未命中双高、国家示范/骨干等强信号,default_vocational,0,0,0,0,0,,,,,0,0,0,0,0,0,0,,
12547,12054,NULL,九州职业技术学院,江苏,徐州市,专科,,民办,3,普通应用/职业供给高校,专科/高职高校，当前库内未命中双高、国家示范/骨干等强信号,default_vocational,0,0,0,0,0,,,,,0,0,0,0,0,0,0,,
70634,14919,NULL,九江卫生健康职业学院,江西,九江市,专科,,公办,3,普通应用/职业供给高校,专科/高职高校，当前库内未命中双高、国家示范/骨干等强信号,default_vocational,0,0,0,0,0,,,,,0,0,0,0,0,0,0,,
10647,11843,NULL,九江学院,江西,九江市,本科,,公办,2,区域重点/特色优势高校,硕士点/硕士专业学位点：3,master_points,0,0,0,0,0,473,771,,,3,0,0,0,0,0,0,,
11829,14706,NULL,九江理工职业学院,江西,九江市,专科,,民办,3,普通应用/职业供给高校,专科/高职高校，当前库内未命中双高、国家示范/骨干等强信号,default_vocational,0,0,0,0,0,,,,,0,0,0,0,0,0,0,,
11757,14403,NULL,九江科技职业大学,江西,九江市,本科,,民办,2,区域重点/特色优势高校,院士数：1,academicians,0,0,0,0,0,,,,,0,0,0,0,1,0,0,,
12149,11505,NULL,九江职业大学,江西,九江市,专科,,公办,3,普通应用/职业供给高校,专科/高职高校，当前库内未命中双高、国家示范/骨干等强信号,default_vocational,0,0,0,0,0,,,,,0,0,0,0,0,0,0,,
12386,14239,NULL,云南三鑫职业技术学院,云南,文山壮族苗族自治州,专科,,民办,3,普通应用/职业供给高校,专科/高职高校，当前库内未命中双高、国家示范/骨干等强信号,default_vocational,0,0,0,0,0,,,,,0,0,0,0,0,0,0,,
10592,10680,NULL,云南中医药大学,云南,昆明市,本科,,公办,2,区域重点/特色优势高校,软科排名前350：285；库内综合排名前500：418；博士点/博士专业学位点：3；硕士点/硕士专业学位点：12；院士数：1,ruanke_top350;ranking_top500;doctoral_points;master_points;academicians,0,0,0,0,0,285,418,,,12,3,0,0,1,0,0,,
11567,12357,NULL,云南交通职业技术学院,云南,昆明市,专科,,公办,2,区域重点/特色优势高校,职业院校强信号文本：双高,vocational_feature,0,0,0,0,0,,,,,0,0,0,0,0,0,0,,
12899,14621,NULL,云南交通运输职业学院,云南,昆明市,专科,,公办,3,普通应用/职业供给高校,专科/高职高校，当前库内未命中双高、国家示范/骨干等强信号,default_vocational,0,0,0,0,0,,,,,0,0,0,0,0,0,0,,
12172,12559,NULL,云南体育运动职业技术学院,云南,昆明市,专科,,公办,3,普通应用/职业供给高校,专科/高职高校，当前库内未命中双高、国家示范/骨干等强信号,default_vocational,0,0,0,0,0,,,,,0,0,0,0,0,0,0,,
10321,10676,NULL,云南农业大学,云南,昆明市,本科,区域特色研究型,公办,2,区域重点/特色优势高校,办学类型为区域特色研究型；软科排名前350：290；博士点/博士专业学位点：21；硕士点/硕士专业学位点：40；院士数：1,school_type_t2;ruanke_top350;doctoral_points;master_points;academicians,0,0,0,0,0,290,527,,346,40,21,0,0,1,0,0,,
12473,12555,NULL,云南农业职业技术学院,云南,昆明市,专科,,公办,3,普通应用/职业供给高校,专科/高职高校，当前库内未命中双高、国家示范/骨干等强信号,default_vocational,0,0,0,0,0,,,,,0,0,0,0,0,0,0,,
12788,14649,NULL,云南医药健康职业学院,云南,昆明市,专科,,民办,3,普通应用/职业供给高校,专科/高职高校，当前库内未命中双高、国家示范/骨干等强信号,default_vocational,0,0,0,0,0,,,,,0,0,0,0,0,0,0,,
12501,12556,NULL,云南司法警官职业学院,云南,昆明市,专科,,公办,3,普通应用/职业供给高校,专科/高职高校，当前库内未命中双高、国家示范/骨干等强信号,default_vocational,0,0,0,0,0,,,,,0,0,0,0,0,0,0,,
12730,14317,NULL,云南商务职业学院,云南,昆明市,专科,,民办,3,普通应用/职业供给高校,专科/高职高校，当前库内未命中双高、国家示范/骨干等强信号,default_vocational,0,0,0,0,0,,,,,0,0,0,0,0,0,0,,
12350,12349,NULL,云南国土资源职业学院,云南,昆明市,专科,,公办,3,普通应用/职业供给高校,专科/高职高校，当前库内未命中双高、国家示范/骨干等强信号,default_vocational,0,0,0,0,0,,,,,0,0,0,0,0,0,0,,
11985,13756,NULL,云南国防工业职业技术学院,云南,昆明市,专科,,公办,3,普通应用/职业供给高校,专科/高职高校，当前库内未命中双高、国家示范/骨干等强信号,default_vocational,0,0,0,0,0,,,,,0,0,0,0,0,0,0,,
12636,13759,NULL,云南城市建设职业学院,云南,昆明市,专科,,民办,3,普通应用/职业供给高校,专科/高职高校，当前库内未命中双高、国家示范/骨干等强信号,default_vocational,0,0,0,0,0,,,,,0,0,0,0,0,0,0,,
12558,14415,NULL,云南外事外语职业学院,云南,昆明市,专科,,民办,3,普通应用/职业供给高校,专科/高职高校，当前库内未命中双高、国家示范/骨干等强信号,default_vocational,0,0,0,0,0,,,,,0,0,0,0,0,0,0,,
10093,10673,NULL,云南大学,云南,昆明市,本科,区域研究型,公办,1,头部/强研究型高校,双一流高校；软科排名前100：71,is_dual_class;ruanke_top100,0,1,1,1,0,71,115,,100,156,93,0,0,3,0,0,,
70594,14875,NULL,云南工业信息职业学院,云南,曲靖市,专科,,公办,3,普通应用/职业供给高校,专科/高职高校，当前库内未命中双高、国家示范/骨干等强信号,default_vocational,0,0,0,0,0,,,,,0,0,0,0,0,0,0,,
11222,13909,NULL,云南工商学院,云南,昆明市,本科,,民办,3,普通应用/职业供给高校,本科高校，但未命中985、211、双一流、研究型、前列排名、硕博点等强信号,default_undergraduate,0,0,0,0,0,,1088,,,0,0,0,0,0,0,0,,
12245,13761,NULL,云南工程职业学院,云南,昆明市,专科,,民办,3,普通应用/职业供给高校,专科/高职高校，当前库内未命中双高、国家示范/骨干等强信号,default_vocational,0,0,0,0,0,,,,,0,0,0,0,0,0,0,,
12900,14620,NULL,云南工贸职业技术学院,云南,昆明市,专科,,公办,3,普通应用/职业供给高校,专科/高职高校，当前库内未命中双高、国家示范/骨干等强信号,default_vocational,0,0,0,0,0,,,,,0,0,0,0,0,0,0,,
10224,10681,NULL,云南师范大学,云南,昆明市,本科,区域特色研究型,公办,2,区域重点/特色优势高校,办学类型为区域特色研究型；软科排名前350：198；库内综合排名前500：359；博士点/博士专业学位点：32；硕士点/硕士专业学位点：118,school_type_t2;ruanke_top350;ranking_top500;doctoral_points;master_points,0,0,0,0,0,198,359,,321,118,32,0,0,0,0,0,,
12064,12558,NULL,云南文化艺术职业学院,云南,昆明市,专科,,公办,3,普通应用/职业供给高校,专科/高职高校，当前库内未命中双高、国家示范/骨干等强信号,default_vocational,0,0,0,0,0,,,,,0,0,0,0,0,0,0,,
12249,14032,NULL,云南新兴职业学院,云南,昆明市,专科,,民办,3,普通应用/职业供给高校,专科/高职高校，当前库内未命中双高、国家示范/骨干等强信号,default_vocational,0,0,0,0,0,,,,,0,0,0,0,0,0,0,,
12585,14381,NULL,云南旅游职业学院,云南,昆明市,专科,,公办,3,普通应用/职业供给高校,专科/高职高校，当前库内未命中双高、国家示范/骨干等强信号,default_vocational,0,0,0,0,0,,,,,0,0,0,0,0,0,0,,
12432,13757,NULL,云南机电职业技术学院,云南,昆明市,专科,,公办,2,区域重点/特色优势高校,职业院校强信号文本：双高,vocational_feature,0,0,0,0,0,,,,,0,0,0,0,0,0,0,,
12220,13758,NULL,云南林业职业技术学院,云南,昆明市,专科,,公办,3,普通应用/职业供给高校,专科/高职高校，当前库内未命中双高、国家示范/骨干等强信号,default_vocational,0,0,0,0,0,,,,,0,0,0,0,0,0,0,,
10242,10691,NULL,云南民族大学,云南,昆明市,本科,区域特色研究型,公办,2,区域重点/特色优势高校,办学类型为区域特色研究型；软科排名前350：299；库内综合排名前500：449；博士点/博士专业学位点：4；硕士点/硕士专业学位点：60,school_type_t2;ruanke_top350;ranking_top500;doctoral_points;master_points,0,0,0,0,0,299,449,,448,60,4,0,0,0,0,0,,
12870,14584,NULL,云南水利水电职业学院,云南,昆明市,专科,,公办,3,普通应用/职业供给高校,专科/高职高校，当前库内未命中双高、国家示范/骨干等强信号,default_vocational,0,0,0,0,0,,,,,0,0,0,0,0,0,0,,
12898,14619,NULL,云南特殊教育职业学院,云南,昆明市,专科,,公办,3,普通应用/职业供给高校,专科/高职高校，当前库内未命中双高、国家示范/骨干等强信号,default_vocational,0,0,0,0,0,,,,,0,0,0,0,0,0,0,,
11680,14373,NULL,云南现代职业技术学院,云南,楚雄彝族自治州,专科,,公办,3,普通应用/职业供给高校,专科/高职高校，当前库内未命中双高、国家示范/骨干等强信号,default_vocational,0,0,0,0,0,,,,,0,0,0,0,0,0,0,,
12089,14675,NULL,云南理工职业学院,云南,昆明市,专科,,民办,3,普通应用/职业供给高校,专科/高职高校，当前库内未命中双高、国家示范/骨干等强信号,default_vocational,0,0,0,0,0,,,,,0,0,0,0,0,0,0,,
12623,12825,NULL,云南科技信息职业学院,云南,昆明市,专科,,民办,3,普通应用/职业供给高校,专科/高职高校，当前库内未命中双高、国家示范/骨干等强信号,default_vocational,0,0,0,0,0,,,,,0,0,0,0,0,0,0,,
11315,12560,NULL,云南经济管理学院,云南,昆明市,本科,,民办,3,普通应用/职业供给高校,本科高校，但未命中985、211、双一流、研究型、前列排名、硕博点等强信号,default_undergraduate,0,0,0,0,0,,1070,,,0,0,0,0,0,0,0,,
12583,14212,NULL,云南经贸外事职业学院,云南,昆明市,专科,,民办,3,普通应用/职业供给高校,专科/高职高校，当前库内未命中双高、国家示范/骨干等强信号,default_vocational,0,0,0,0,0,,,,,0,0,0,0,0,0,0,,
11689,13136,NULL,云南能源职业技术学院,云南,曲靖市,专科,,公办,2,区域重点/特色优势高校,职业院校强信号文本：双高,vocational_feature,0,0,0,0,0,,,,,0,0,0,0,0,0,0,,
10578,10690,NULL,云南艺术学院,云南,昆明市,本科,,公办,2,区域重点/特色优势高校,博士点/博士专业学位点：3；硕士点/硕士专业学位点：7,doctoral_points;master_points,0,0,0,0,0,,733,,,7,3,0,0,0,0,0,,
10644,11392,NULL,云南警官学院,云南,昆明市,本科,,公办,2,区域重点/特色优势高校,库内综合排名前500：315；硕士点/硕士专业学位点：3,ranking_top500;master_points,0,0,0,0,0,388,315,,,3,0,0,0,0,0,0,,
10335,10689,NULL,云南财经大学,云南,昆明市,本科,应用型,公办,2,区域重点/特色优势高校,软科排名前350：281；库内综合排名前500：448；博士点/博士专业学位点：18；硕士点/硕士专业学位点：56,ruanke_top350;ranking_top500;doctoral_points;master_points,0,0,0,0,0,281,448,,,56,18,0,0,0,0,0,,
12834,14550,NULL,云南财经职业学院,云南,昆明市,专科,,公办,3,普通应用/职业供给高校,专科/高职高校，当前库内未命中双高、国家示范/骨干等强信号,default_vocational,0,0,0,0,0,,,,,0,0,0,0,0,0,0,,
12774,14618,NULL,云南轻纺职业学院,云南,昆明市,专科,,公办,3,普通应用/职业供给高校,专科/高职高校，当前库内未命中双高、国家示范/骨干等强信号,default_vocational,0,0,0,0,0,,,,,0,0,0,0,0,0,0,,
12305,14130,NULL,云南锡业职业技术学院,云南,红河哈尼族彝族自治州,专科,,公办,3,普通应用/职业供给高校,专科/高职高校，当前库内未命中双高、国家示范/骨干等强信号,default_vocational,0,0,0,0,0,,,,,0,0,0,0,0,0,0,,
10373,11349,NULL,五邑大学,广东,江门市,本科,应用型,公办,2,区域重点/特色优势高校,软科排名前350：311；库内综合排名前500：375；硕士点/硕士专业学位点：7,ruanke_top350;ranking_top500;master_points,0,0,0,0,0,311,375,,285,7,0,0,0,0,0,0,,
10599,10419,NULL,井冈山大学,江西,吉安市,本科,,公办,2,区域重点/特色优势高校,硕士点/硕士专业学位点：14,master_points,0,0,0,0,0,351,596,,,14,0,0,0,0,0,0,,
10904,12926,NULL,亳州学院,安徽,亳州市,本科,,公办,3,普通应用/职业供给高校,本科高校，但未命中985、211、双一流、研究型、前列排名、硕博点等强信号,default_undergraduate,0,0,0,0,0,500,965,,,0,0,0,0,0,0,0,,
12118,13343,NULL,亳州职业技术学院,安徽,亳州市,专科,,公办,3,普通应用/职业供给高校,专科/高职高校，当前库内未命中双高、国家示范/骨干等强信号,default_vocational,0,0,0,0,0,,,,,0,0,0,0,0,0,0,,
11778,12740,NULL,仙桃职业学院,湖北,省直辖市,专科,,公办,3,普通应用/职业供给高校,专科/高职高校，当前库内未命中双高、国家示范/骨干等强信号,default_vocational,0,0,0,0,0,,,,,0,0,0,0,0,0,0,,
11347,11784,NULL,仰恩大学,福建,泉州市,本科,,民办,3,普通应用/职业供给高校,本科高校，但未命中985、211、双一流、研究型、前列排名、硕博点等强信号,default_undergraduate,0,0,0,0,0,,1076,,,0,0,0,0,0,0,0,,
10481,11347,NULL,仲恺农业工程学院,广东,广州市,本科,应用型,公办,2,区域重点/特色优势高校,库内综合排名前500：455；硕士点/硕士专业学位点：14,ranking_top500;master_points,0,0,0,0,0,353,455,,186,14,0,0,0,0,0,0,,
11872,10872,NULL,伊春职业学院,黑龙江,伊春市,专科,,公办,3,普通应用/职业供给高校,专科/高职高校，当前库内未命中双高、国家示范/骨干等强信号,default_vocational,0,0,0,0,0,,,,,0,0,0,0,0,0,0,,
10612,10764,NULL,伊犁师范大学,新疆,伊犁哈萨克自治州,本科,,公办,2,区域重点/特色优势高校,硕士点/硕士专业学位点：18；院士数：1,master_points;academicians,0,0,0,0,0,500,864,,,18,0,0,0,1,0,0,,
12440,12975,NULL,伊犁职业技术学院,新疆,伊犁哈萨克自治州,专科,,公办,3,普通应用/职业供给高校,专科/高职高校，当前库内未命中双高、国家示范/骨干等强信号,default_vocational,0,0,0,0,0,,,,,0,0,0,0,0,0,0,,
10419,11847,NULL,佛山大学,广东,佛山市,本科,应用型,公办,2,区域重点/特色优势高校,软科排名前350：237；库内综合排名前500：243；博士点/博士专业学位点：2；硕士点/硕士专业学位点：10,ruanke_top350;ranking_top500;doctoral_points;master_points,0,0,0,0,0,237,243,,122,10,2,0,0,0,0,0,,
12520,12327,NULL,佛山职业技术学院,广东,佛山市,专科,,公办,3,普通应用/职业供给高校,专科/高职高校，当前库内未命中双高、国家示范/骨干等强信号,default_vocational,0,0,0,0,0,,,,,0,0,0,0,0,0,0,,
10467,10222,NULL,佳木斯大学,黑龙江,佳木斯市,本科,应用型,公办,2,区域重点/特色优势高校,博士点/博士专业学位点：9；硕士点/硕士专业学位点：85,doctoral_points;master_points,0,0,0,0,0,387,679,,,85,9,0,0,0,0,0,,
12563,14178,NULL,佳木斯职业学院,黑龙江,佳木斯市,专科,,公办,3,普通应用/职业供给高校,专科/高职高校，当前库内未命中双高、国家示范/骨干等强信号,default_vocational,0,0,0,0,0,,,,,0,0,0,0,0,0,0,,
10770,10096,NULL,保定学院,河北,保定市,本科,,公办,3,普通应用/职业供给高校,本科高校，但未命中985、211、双一流、研究型、前列排名、硕博点等强信号,default_undergraduate,0,0,0,0,0,500,563,,,0,0,0,0,0,0,0,,
11577,14460,NULL,保定幼儿师范高等专科学校,河北,保定市,专科,,公办,3,普通应用/职业供给高校,专科/高职高校，当前库内未命中双高、国家示范/骨干等强信号,default_vocational,0,0,0,0,0,,,,,0,0,0,0,0,0,0,,
11122,13891,NULL,保定理工学院,河北,保定市,本科,,民办,3,普通应用/职业供给高校,本科高校，但未命中985、211、双一流、研究型、前列排名、硕博点等强信号,default_undergraduate,0,0,0,0,0,,1261,,,0,0,0,0,0,0,0,,
11664,13392,NULL,保定电力职业技术学院,河北,保定市,专科,,公办,3,普通应用/职业供给高校,专科/高职高校，当前库内未命中双高、国家示范/骨干等强信号,default_vocational,0,0,0,0,0,,,,,0,0,0,0,0,0,0,,
11774,12543,NULL,保定职业技术学院,河北,保定市,专科,,公办,3,普通应用/职业供给高校,专科/高职高校，当前库内未命中双高、国家示范/骨干等强信号,default_vocational,0,0,0,0,0,,,,,0,0,0,0,0,0,0,,
12319,14014,NULL,保山中医药高等专科学校,云南,保山市,专科,,公办,3,普通应用/职业供给高校,专科/高职高校，当前库内未命中双高、国家示范/骨干等强信号,default_vocational,0,0,0,0,0,,,,,0,0,0,0,0,0,0,,
10695,10686,NULL,保山学院,云南,保山市,本科,,公办,3,普通应用/职业供给高校,本科高校，但未命中985、211、双一流、研究型、前列排名、硕博点等强信号,default_undergraduate,0,0,0,0,0,500,750,,,0,0,0,0,0,0,0,,
70334,14783,NULL,保山职业学院,云南,保山市,专科,,公办,3,普通应用/职业供给高校,专科/高职高校，当前库内未命中双高、国家示范/骨干等强信号,default_vocational,0,0,0,0,0,,,,,0,0,0,0,0,0,0,,
12303,12596,NULL,保险职业学院,湖南,长沙市,专科,,公办,3,普通应用/职业供给高校,专科/高职高校，当前库内未命中双高、国家示范/骨干等强信号,default_vocational,0,0,0,0,0,,,,,0,0,0,0,0,0,0,,
70638,1490E,NULL,信息支援部队工程大学,湖北,武汉市,本科,,公办,2,区域重点/特色优势高校,库内综合排名前500：482；硕士点/硕士专业学位点：7,ranking_top500;master_points,0,0,0,0,0,,482,,,7,0,0,0,0,0,0,,
10826,11326,NULL,信阳农林学院,河南,信阳市,本科,,公办,3,普通应用/职业供给高校,本科高校，但未命中985、211、双一流、研究型、前列排名、硕博点等强信号,default_undergraduate,0,0,0,0,0,500,839,,,0,0,0,0,0,0,0,,
11281,13503,NULL,信阳学院,河南,信阳市,本科,,民办,3,普通应用/职业供给高校,本科高校，但未命中985、211、双一流、研究型、前列排名、硕博点等强信号,default_undergraduate,0,0,0,0,0,,890,,,0,0,0,0,0,0,0,,
70603,14863,NULL,信阳工程职业学院,河南,信阳市,专科,,民办,3,普通应用/职业供给高校,专科/高职高校，当前库内未命中双高、国家示范/骨干等强信号,default_vocational,0,0,0,0,0,,,,,0,0,0,0,0,0,0,,
10477,10477,NULL,信阳师范大学,河南,信阳市,本科,应用型,公办,2,区域重点/特色优势高校,软科排名前350：337；硕士点/硕士专业学位点：20,ruanke_top350;master_points,0,0,0,0,0,337,659,,277,20,0,0,0,0,0,0,,
12733,14351,NULL,信阳涉外职业技术学院,河南,信阳市,专科,,民办,3,普通应用/职业供给高校,专科/高职高校，当前库内未命中双高、国家示范/骨干等强信号,default_vocational,0,0,0,0,0,,,,,0,0,0,0,0,0,0,,
70602,14862,NULL,信阳科技职业学院,河南,信阳市,专科,,民办,3,普通应用/职业供给高校,专科/高职高校，当前库内未命中双高、国家示范/骨干等强信号,default_vocational,0,0,0,0,0,,,,,0,0,0,0,0,0,0,,
11566,13784,NULL,信阳职业技术学院,河南,信阳市,专科,,公办,3,普通应用/职业供给高校,专科/高职高校，当前库内未命中双高、国家示范/骨干等强信号,default_vocational,0,0,0,0,0,,,,,0,0,0,0,0,0,0,,
12896,14634,NULL,信阳航空职业学院,河南,信阳市,专科,,民办,3,普通应用/职业供给高校,专科/高职高校，当前库内未命中双高、国家示范/骨干等强信号,default_vocational,0,0,0,0,0,,,,,0,0,0,0,1,0,0,,
70056,14752,NULL,信阳艺术职业学院,河南,信阳市,专科,,公办,3,普通应用/职业供给高校,专科/高职高校，当前库内未命中双高、国家示范/骨干等强信号,default_vocational,0,0,0,0,0,,,,,0,0,0,0,0,0,0,,
12335,14678,NULL,克孜勒苏职业技术学院,新疆,克孜勒苏柯尔克孜自治州,专科,,公办,3,普通应用/职业供给高校,专科/高职高校，当前库内未命中双高、国家示范/骨干等强信号,default_vocational,0,0,0,0,0,,,,,0,0,0,0,0,0,0,,
11948,12482,NULL,克拉玛依职业技术学院,新疆,克拉玛依市,专科,,公办,2,区域重点/特色优势高校,职业院校强信号文本：双高,vocational_feature,0,0,0,0,0,,,,,0,0,0,0,0,0,0,,
70648,14917,NULL,六安应用科技职业学院,安徽,六安市,专科,,公办,3,普通应用/职业供给高校,专科/高职高校，当前库内未命中双高、国家示范/骨干等强信号,default_vocational,0,0,0,0,0,,,,,0,0,0,0,0,0,0,,
11893,12813,NULL,六安职业技术学院,安徽,六安市,专科,,公办,3,普通应用/职业供给高校,专科/高职高校，当前库内未命中双高、国家示范/骨干等强信号,default_vocational,0,0,0,0,0,,,,,0,0,0,0,0,0,0,,
10694,10977,NULL,六盘水师范学院,贵州,六盘水市,本科,,公办,3,普通应用/职业供给高校,本科高校，但未命中985、211、双一流、研究型、前列排名、硕博点等强信号,default_undergraduate,0,0,0,0,0,428,723,,,0,0,0,0,0,0,0,,
12893,14630,NULL,六盘水幼儿师范高等专科学校,贵州,六盘水市,专科,,公办,3,普通应用/职业供给高校,专科/高职高校，当前库内未命中双高、国家示范/骨干等强信号,default_vocational,0,0,0,0,0,,,,,0,0,0,0,0,0,0,,
12234,13054,NULL,六盘水职业技术学院,贵州,六盘水市,专科,,公办,3,普通应用/职业供给高校,专科/高职高校，当前库内未命中双高、国家示范/骨干等强信号,default_vocational,0,0,0,0,0,,,,,0,0,0,0,0,0,0,,
10240,10732,NULL,兰州交通大学,甘肃,兰州市,本科,区域特色研究型,公办,2,区域重点/特色优势高校,办学类型为区域特色研究型；软科排名前350：192；库内综合排名前500：217；博士点/博士专业学位点：37；硕士点/硕士专业学位点：103,school_type_t2;ruanke_top350;ranking_top500;doctoral_points;master_points,0,0,0,0,0,192,217,,306,103,37,0,0,0,0,0,,
11150,13515,NULL,兰州信息科技学院,甘肃,兰州市,本科,,民办,3,普通应用/职业供给高校,本科高校，但未命中985、211、双一流、研究型、前列排名、硕博点等强信号,default_undergraduate,0,0,0,0,0,,1281,,,0,0,0,0,0,0,0,,
11143,13514,NULL,兰州博文科技学院,甘肃,兰州市,本科,,民办,3,普通应用/职业供给高校,本科高校，但未命中985、211、双一流、研究型、前列排名、硕博点等强信号,default_undergraduate,0,0,0,0,0,,1278,,,0,0,0,0,0,0,0,,
10742,10737,NULL,兰州城市学院,甘肃,兰州市,本科,,公办,2,区域重点/特色优势高校,硕士点/硕士专业学位点：13,master_points,0,0,0,0,0,489,844,,,13,0,0,0,0,0,0,,
12601,12832,NULL,兰州外语职业学院,甘肃,兰州市,专科,,民办,3,普通应用/职业供给高校,专科/高职高校，当前库内未命中双高、国家示范/骨干等强信号,default_vocational,0,0,0,0,0,,,,,0,0,0,0,0,0,0,,
10050,10730,NULL,兰州大学,甘肃,兰州市,本科,研究型,公办,1,头部/强研究型高校,985 高校；双一流高校；办学类型为研究型；软科排名前100：40；库内综合排名前100：68,is985;is_dual_class;school_type_t1;ruanke_top100;ranking_top100,1,1,1,1,0,40,68,46,62,82,68,0,0,15,0,0,,
10818,11807,NULL,兰州工业学院,甘肃,兰州市,本科,,公办,3,普通应用/职业供给高校,本科高校，但未命中985、211、双一流、研究型、前列排名、硕博点等强信号,default_undergraduate,0,0,0,0,0,500,765,,,0,0,0,0,0,0,0,,
11089,13511,NULL,兰州工商学院,甘肃,兰州市,本科,,民办,3,普通应用/职业供给高校,本科高校，但未命中985、211、双一流、研究型、前列排名、硕博点等强信号,default_undergraduate,0,0,0,0,0,,1279,,,0,0,0,0,0,0,0,,
10819,11562,NULL,兰州文理学院,甘肃,兰州市,本科,,公办,3,普通应用/职业供给高校,本科高校，但未命中985、211、双一流、研究型、前列排名、硕博点等强信号,default_undergraduate,0,0,0,0,0,500,832,,,0,0,0,0,0,0,0,,
12883,14594,NULL,兰州现代职业学院,甘肃,兰州市,专科,,公办,3,普通应用/职业供给高校,专科/高职高校，当前库内未命中双高、国家示范/骨干等强信号,default_vocational,0,0,0,0,0,,,,,0,0,0,0,0,0,0,,
10244,10731,NULL,兰州理工大学,甘肃,兰州市,本科,区域特色研究型,公办,2,区域重点/特色优势高校,办学类型为区域特色研究型；软科排名前350：204；库内综合排名前500：370；博士点/博士专业学位点：37；硕士点/硕士专业学位点：43；院士数：2,school_type_t2;ruanke_top350;ranking_top500;doctoral_points;master_points;academicians,0,0,0,0,0,204,370,,315,43,37,0,0,2,0,0,,
11447,16209,NULL,兰州石化职业技术大学,甘肃,兰州市,本科,,公办,3,普通应用/职业供给高校,本科高校，但未命中985、211、双一流、研究型、前列排名、硕博点等强信号,default_undergraduate,0,0,0,0,0,,882,,,0,0,0,0,0,0,0,,
11995,14518,NULL,兰州科技职业学院,甘肃,兰州市,专科,,民办,3,普通应用/职业供给高校,专科/高职高校，当前库内未命中双高、国家示范/骨干等强信号,default_vocational,0,0,0,0,0,,,,,0,0,0,0,0,0,0,,
11555,12833,NULL,兰州职业技术学院,甘肃,兰州市,专科,,公办,3,普通应用/职业供给高校,专科/高职高校，当前库内未命中双高、国家示范/骨干等强信号,default_vocational,0,0,0,0,0,,,,,0,0,0,0,0,0,0,,
70065,14771,NULL,兰州航空职业技术学院,甘肃,兰州市,专科,,公办,3,普通应用/职业供给高校,专科/高职高校，当前库内未命中双高、国家示范/骨干等强信号,default_vocational,0,0,0,0,0,,,,,0,0,0,0,0,0,0,,
10557,10741,NULL,兰州财经大学,甘肃,兰州市,本科,,公办,2,区域重点/特色优势高校,软科排名前350：345；博士点/博士专业学位点：1；硕士点/硕士专业学位点：55,ruanke_top350;doctoral_points;master_points,0,0,0,0,0,345,556,,,55,1,0,0,0,0,0,,
11960,16208,NULL,兰州资源环境职业技术大学,甘肃,兰州市,本科,,公办,3,普通应用/职业供给高校,本科高校，但未命中985、211、双一流、研究型、前列排名、硕博点等强信号,default_undergraduate,0,0,0,0,0,,946,,,0,0,0,0,0,0,0,,
11866,14715,NULL,兰考三农职业学院,河南,开封市,专科,,公办,3,普通应用/职业供给高校,专科/高职高校，当前库内未命中双高、国家示范/骨干等强信号,default_vocational,0,0,0,0,0,,,,,0,0,0,0,0,0,0,,
10852,10666,NULL,兴义民族师范学院,贵州,黔西南布依族苗族自治州,本科,,公办,3,普通应用/职业供给高校,本科高校，但未命中985、211、双一流、研究型、前列排名、硕博点等强信号,default_undergraduate,0,0,0,0,0,500,718,,,0,0,0,0,0,0,0,,
11458,12443,NULL,兴安职业技术大学,内蒙古,兴安盟,本科,,公办,3,普通应用/职业供给高校,本科高校，但未命中985、211、双一流、研究型、前列排名、硕博点等强信号,default_undergraduate,0,0,0,0,0,,1182,,,0,0,0,0,0,0,0,,
12334,14103,NULL,冀中职业学院,河北,保定市,专科,,公办,3,普通应用/职业供给高校,专科/高职高校，当前库内未命中双高、国家示范/骨干等强信号,default_vocational,0,0,0,0,0,,,,,0,0,0,0,0,0,0,,
12072,14670,NULL,内江卫生与健康职业学院,四川,内江市,专科,,公办,3,普通应用/职业供给高校,专科/高职高校，当前库内未命中双高、国家示范/骨干等强信号,default_vocational,0,0,0,0,0,,,,,0,0,0,0,0,0,0,,
10745,10640,NULL,内江师范学院,四川,内江市,本科,,公办,2,区域重点/特色优势高校,库内综合排名前500：457；硕士点/硕士专业学位点：2,ranking_top500;master_points,0,0,0,0,0,408,457,,,2,0,0,0,0,0,0,,
12039,12640,NULL,内江职业技术学院,四川,内江市,专科,,公办,3,普通应用/职业供给高校,专科/高职高校，当前库内未命中双高、国家示范/骨干等强信号,default_vocational,0,0,0,0,0,,,,,0,0,0,0,0,0,0,,
12192,11429,NULL,内蒙古丰州职业学院,内蒙古,呼和浩特市,专科,,民办,3,普通应用/职业供给高校,专科/高职高校，当前库内未命中双高、国家示范/骨干等强信号,default_vocational,0,0,0,0,0,,,,,0,0,0,0,0,0,0,,
12086,13824,NULL,内蒙古交通职业技术学院,内蒙古,赤峰市,专科,,公办,3,普通应用/职业供给高校,专科/高职高校，当前库内未命中双高、国家示范/骨干等强信号,default_vocational,0,0,0,0,0,,,,,0,0,0,0,0,0,0,,
11912,12894,NULL,内蒙古体育职业学院,内蒙古,呼和浩特市,专科,,公办,3,普通应用/职业供给高校,专科/高职高校，当前库内未命中双高、国家示范/骨干等强信号,default_vocational,0,0,0,0,0,,,,,0,0,0,0,0,0,0,,
10326,10129,NULL,内蒙古农业大学,内蒙古,呼和浩特市,本科,区域特色研究型,公办,2,区域重点/特色优势高校,办学类型为区域特色研究型；软科排名前350：212；博士点/博士专业学位点：51；硕士点/硕士专业学位点：55；院士数：1,school_type_t2;ruanke_top350;doctoral_points;master_points;academicians,0,0,0,0,0,212,689,,371,55,51,0,0,1,0,0,,
11898,12675,NULL,内蒙古化工职业学院,内蒙古,呼和浩特市,专科,,公办,2,区域重点/特色优势高校,职业院校强信号文本：双高,vocational_feature,0,0,0,0,0,,,,,0,0,0,0,0,0,0,,
12503,14049,NULL,内蒙古北方职业技术学院,内蒙古,呼和浩特市,专科,,民办,3,普通应用/职业供给高校,专科/高职高校，当前库内未命中双高、国家示范/骨干等强信号,default_vocational,0,0,0,0,0,,,,,0,0,0,0,0,0,0,,
10517,10132,NULL,内蒙古医科大学,内蒙古,呼和浩特市,本科,,公办,2,区域重点/特色优势高校,软科排名前350：229；博士点/博士专业学位点：2；硕士点/硕士专业学位点：17,ruanke_top350;doctoral_points;master_points,0,0,0,0,0,229,572,,,17,2,0,0,0,0,0,,
11895,12676,NULL,内蒙古商贸职业学院,内蒙古,呼和浩特市,专科,,公办,3,普通应用/职业供给高校,专科/高职高校，当前库内未命中双高、国家示范/骨干等强信号,default_vocational,0,0,0,0,0,,,,,0,0,0,0,0,0,0,,
10192,10126,NULL,内蒙古大学,内蒙古,呼和浩特市,本科,区域研究型,公办,1,头部/强研究型高校,双一流高校,is_dual_class,0,1,1,1,0,114,135,,252,54,16,0,0,3,0,0,,
11275,14199,NULL,内蒙古大学创业学院,内蒙古,呼和浩特市,本科,,民办,3,普通应用/职业供给高校,本科高校，但未命中985、211、双一流、研究型、前列排名、硕博点等强信号,default_undergraduate,0,0,0,0,0,,1217,,,0,0,0,0,0,0,0,,
10405,10128,NULL,内蒙古工业大学,内蒙古,呼和浩特市,本科,应用型,公办,2,区域重点/特色优势高校,软科排名前350：261；库内综合排名前500：390；博士点/博士专业学位点：9；硕士点/硕士专业学位点：26；院士数：1,ruanke_top350;ranking_top500;doctoral_points;master_points;academicians,0,0,0,0,0,261,390,,419,26,9,0,0,1,0,0,,
12348,14282,NULL,内蒙古工业职业学院,内蒙古,呼和浩特市,专科,,民办,3,普通应用/职业供给高校,专科/高职高校，当前库内未命中双高、国家示范/骨干等强信号,default_vocational,0,0,0,0,0,,,,,0,0,0,0,0,0,0,,
10358,10135,NULL,内蒙古师范大学,内蒙古,呼和浩特市,本科,区域特色研究型,公办,2,区域重点/特色优势高校,办学类型为区域特色研究型；软科排名前350：220；博士点/博士专业学位点：16；硕士点/硕士专业学位点：37,school_type_t2;ruanke_top350;doctoral_points;master_points,0,0,0,0,0,220,546,,,37,16,0,0,0,0,0,,
11727,10871,NULL,内蒙古建筑职业技术大学,内蒙古,呼和浩特市,本科,,公办,3,普通应用/职业供给高校,本科高校，但未命中985、211、双一流、研究型、前列排名、硕博点等强信号,default_undergraduate,0,0,0,0,0,,1260,,,0,0,0,0,0,0,0,,
11660,12674,NULL,内蒙古机电职业技术学院,内蒙古,呼和浩特市,专科,,公办,2,区域重点/特色优势高校,职业院校强信号文本：双高,vocational_feature,0,0,0,0,0,,,,,0,0,0,0,0,0,0,,
10573,10136,NULL,内蒙古民族大学,内蒙古,通辽市,本科,,公办,2,区域重点/特色优势高校,软科排名前350：340；博士点/博士专业学位点：1；硕士点/硕士专业学位点：36,ruanke_top350;doctoral_points;master_points,0,0,0,0,0,340,791,,,36,1,0,0,0,0,0,,
12388,14463,NULL,内蒙古民族幼儿师范高等专科学校,内蒙古,鄂尔多斯市,专科,,公办,3,普通应用/职业供给高校,专科/高职高校，当前库内未命中双高、国家示范/骨干等强信号,default_vocational,0,0,0,0,0,,,,,0,0,0,0,0,0,0,,
11758,12673,NULL,内蒙古电子信息职业技术学院,内蒙古,呼和浩特市,专科,,公办,3,普通应用/职业供给高校,专科/高职高校，当前库内未命中双高、国家示范/骨干等强信号,default_vocational,0,0,0,0,0,,,,,0,0,0,0,0,0,0,,
10404,10127,NULL,内蒙古科技大学,内蒙古,包头市,本科,应用型,公办,2,区域重点/特色优势高校,软科排名前350：314；博士点/博士专业学位点：6；硕士点/硕士专业学位点：35；院士数：1,ruanke_top350;doctoral_points;master_points;academicians,0,0,0,0,0,314,687,,418,35,6,0,0,1,0,0,,
11138,19127,NULL,内蒙古科技大学包头医学院,内蒙古,包头市,本科,,公办,2,区域重点/特色优势高校,博士点/博士专业学位点：1；硕士点/硕士专业学位点：11；院士数：1,doctoral_points;master_points;academicians,0,0,0,0,0,372,810,,,11,1,0,0,1,0,0,,
11234,18127,NULL,内蒙古科技大学包头师范学院,内蒙古,包头市,本科,,公办,2,区域重点/特色优势高校,硕士点/硕士专业学位点：19；院士数：1,master_points;academicians,0,0,0,0,0,458,822,,,19,0,0,0,1,0,0,,
12727,14048,NULL,内蒙古科技职业学院,内蒙古,呼和浩特市,专科,,民办,3,普通应用/职业供给高校,专科/高职高校，当前库内未命中双高、国家示范/骨干等强信号,default_vocational,0,0,0,0,0,,,,,0,0,0,0,0,0,0,,
12549,14051,NULL,内蒙古经贸外语职业学院,内蒙古,呼和浩特市,专科,,民办,3,普通应用/职业供给高校,专科/高职高校，当前库内未命中双高、国家示范/骨干等强信号,default_vocational,0,0,0,0,0,,,,,0,0,0,0,0,0,0,,
12799,14387,NULL,内蒙古美术职业学院,内蒙古,巴彦淖尔市,专科,,民办,3,普通应用/职业供给高校,专科/高职高校，当前库内未命中双高、国家示范/骨干等强信号,default_vocational,0,0,0,0,0,,,,,0,0,0,0,0,0,0,,
12545,14337,NULL,内蒙古能源职业学院,内蒙古,呼和浩特市,专科,,民办,3,普通应用/职业供给高校,专科/高职高校，当前库内未命中双高、国家示范/骨干等强信号,default_vocational,0,0,0,0,0,,,,,0,0,0,0,0,0,0,,
10859,14531,NULL,内蒙古艺术学院,内蒙古,呼和浩特市,本科,,公办,2,区域重点/特色优势高校,硕士点/硕士专业学位点：14,master_points,0,0,0,0,0,,848,,,14,0,0,0,0,0,0,,
11606,12797,NULL,内蒙古警察学院,内蒙古,呼和浩特市,本科,,公办,2,区域重点/特色优势高校,库内综合排名前500：358,ranking_top500,0,0,0,0,0,,358,,,0,0,0,0,0,0,0,,
10604,10139,NULL,内蒙古财经大学,内蒙古,呼和浩特市,本科,,公办,2,区域重点/特色优势高校,软科排名前350：300；库内综合排名前500：434；博士点/博士专业学位点：1；硕士点/硕士专业学位点：21,ruanke_top350;ranking_top500;doctoral_points;master_points,0,0,0,0,0,300,434,,,21,1,0,0,0,0,0,,
11263,14205,NULL,内蒙古鸿德文理学院,内蒙古,呼和浩特市,本科,,民办,3,普通应用/职业供给高校,本科高校，但未命中985、211、双一流、研究型、前列排名、硕博点等强信号,default_undergraduate,0,0,0,0,0,,1222,,,0,0,0,0,0,0,0,,
10436,91036,NULL,军事航天部队航天工程大学,北京,怀柔区,本科,,公办,2,区域重点/特色优势高校,博士点/博士专业学位点：3；硕士点/硕士专业学位点：11,doctoral_points;master_points,0,0,0,0,0,,,,442,11,3,0,0,0,0,0,,
10655,10669,NULL,凯里学院,贵州,黔东南苗族侗族自治州,本科,,公办,3,普通应用/职业供给高校,本科高校，但未命中985、211、双一流、研究型、前列排名、硕博点等强信号,default_undergraduate,0,0,0,0,0,493,662,,,0,0,0,0,0,0,0,,
11594,12057,NULL,包头职业技术学院,内蒙古,包头市,专科,,公办,3,普通应用/职业供给高校,专科/高职高校，当前库内未命中双高、国家示范/骨干等强信号,default_vocational,0,0,0,0,0,,,,,0,0,0,0,0,0,0,,
11730,12671,NULL,包头轻工职业技术学院,内蒙古,包头市,专科,,公办,3,普通应用/职业供给高校,专科/高职高校，当前库内未命中双高、国家示范/骨干等强信号,default_vocational,0,0,0,0,0,,,,,0,0,0,0,0,0,0,,
12000,13864,NULL,包头钢铁职业技术学院,内蒙古,包头市,专科,,公办,3,普通应用/职业供给高校,专科/高职高校，当前库内未命中双高、国家示范/骨干等强信号,default_vocational,0,0,0,0,0,,,,,0,0,0,0,0,0,0,,
11780,14187,NULL,包头铁道职业技术学院,内蒙古,包头市,专科,,公办,3,普通应用/职业供给高校,专科/高职高校，当前库内未命中双高、国家示范/骨干等强信号,default_vocational,0,0,0,0,0,,,,,0,0,0,0,0,0,0,,
10116,10026,NULL,北京中医药大学,北京,朝阳区,本科,特色研究型,公办,1,头部/强研究型高校,双一流高校；软科排名前100：63,is_dual_class;ruanke_top100,0,1,1,1,0,63,122,65,199,25,31,0,0,3,0,0,,
11048,13899,NULL,北京中医药大学东方学院,河北,廊坊市,本科,,民办,3,普通应用/职业供给高校,本科高校，但未命中985、211、双一流、研究型、前列排名、硕博点等强信号,default_undergraduate,0,0,0,0,0,,1124,,,0,0,0,0,0,0,0,,
10065,10004,NULL,北京交通大学,北京,海淀区,本科,特色研究型,公办,1,头部/强研究型高校,双一流高校；软科排名前100：41；库内综合排名前100：36,is_dual_class;ruanke_top100;ranking_top100,0,1,1,1,0,41,36,51,82,40,28,0,0,6,0,0,,
10066,10004,NULL,北京交通大学(威海校区),山东,威海市,本科,区域特色研究型,公办,1,头部/强研究型高校,双一流高校,is_dual_class,0,1,1,1,0,,117,,,2,0,0,0,0,0,0,,
12448,11092,NULL,北京交通职业技术学院,北京,昌平区,专科,,公办,3,普通应用/职业供给高校,专科/高职高校，当前库内未命中双高、国家示范/骨干等强信号,default_vocational,0,0,0,0,0,,,,,0,0,0,0,0,0,0,,
12181,14279,NULL,北京交通运输职业学院,北京,大兴区,专科,,公办,3,普通应用/职业供给高校,专科/高职高校，当前库内未命中双高、国家示范/骨干等强信号,default_vocational,0,0,0,0,0,,,,,0,0,0,0,0,0,0,,
12530,11090,NULL,北京京北职业技术学院,北京,怀柔区,专科,,公办,3,普通应用/职业供给高校,专科/高职高校，当前库内未命中双高、国家示范/骨干等强信号,default_vocational,0,0,0,0,0,,,,,0,0,0,0,0,0,0,,
10214,10043,NULL,北京体育大学,北京,海淀区,本科,特色研究型,公办,1,头部/强研究型高校,双一流高校,is_dual_class,0,1,1,0,0,177,107,,,17,8,0,0,0,0,0,,
12658,14215,NULL,北京体育职业学院,北京,丰台区,专科,,公办,3,普通应用/职业供给高校,专科/高职高校，当前库内未命中双高、国家示范/骨干等强信号,default_vocational,0,0,0,0,0,,,,,0,0,0,0,0,0,0,,
10380,11232,NULL,北京信息科技大学,北京,海淀区,本科,应用型,公办,2,区域重点/特色优势高校,软科排名前350：182；库内综合排名前500：282；博士点/博士专业学位点：1；硕士点/硕士专业学位点：17；院士数：3,ruanke_top350;ranking_top500;doctoral_points;master_points;academicians,0,0,0,0,0,182,282,,319,17,1,0,0,3,0,0,,
12443,10857,NULL,北京信息职业技术学院,北京,朝阳区,专科,,公办,2,区域重点/特色优势高校,职业院校强信号文本：双高,vocational_feature,0,0,0,0,0,,,,,0,0,0,0,0,0,0,,
11524,12448,NULL,北京农业职业学院,北京,房山区,专科,,公办,3,普通应用/职业供给高校,专科/高职高校，当前库内未命中双高、国家示范/骨干等强信号,default_vocational,0,0,0,0,0,,,,,0,0,0,0,0,0,0,,
10524,10020,NULL,北京农学院,北京,昌平区,本科,,公办,2,区域重点/特色优势高校,软科排名前350：281；库内综合排名前500：425；硕士点/硕士专业学位点：18,ruanke_top350;ranking_top500;master_points,0,0,0,0,0,281,425,,400,18,0,0,0,0,0,0,,
12413,14075,NULL,北京劳动保障职业学院,北京,朝阳区,专科,,公办,2,区域重点/特色优势高校,职业院校强信号文本：双高,vocational_feature,0,0,0,0,0,,,,,0,0,0,0,0,0,0,,
10087,10010,NULL,北京化工大学,北京,朝阳区,本科,特色研究型,公办,1,头部/强研究型高校,双一流高校；软科排名前100：57；库内综合排名前100：61,is_dual_class;ruanke_top100;ranking_top100,0,1,1,1,0,57,61,43,45,25,8,0,0,6,0,0,,
11494,12564,NULL,北京北大方正软件职业技术学院,河北,廊坊市,专科,,民办,3,普通应用/职业供给高校,专科/高职高校，当前库内未命中双高、国家示范/骨干等强信号,default_vocational,0,0,0,0,0,,,,,0,0,0,0,0,0,0,,
10075,10023,NULL,北京协和医学院,北京,东城区,本科,,公办,1,头部/强研究型高校,双一流高校；软科排名前100：14；库内综合排名前100：48,is_dual_class;ruanke_top100;ranking_top100,0,0,1,0,0,14,48,,65,55,52,0,0,55,0,0,,
12629,14395,NULL,北京卫生职业学院,北京,通州区,专科,,公办,3,普通应用/职业供给高校,专科/高职高校，当前库内未命中双高、国家示范/骨干等强信号,default_vocational,0,0,0,0,0,,,,,0,0,0,0,0,0,0,,
10522,10015,NULL,北京印刷学院,北京,大兴区,本科,,公办,2,区域重点/特色优势高校,软科排名前350：281；博士点/博士专业学位点：1；硕士点/硕士专业学位点：19,ruanke_top350;doctoral_points;master_points,0,0,0,0,0,281,669,,,19,1,0,0,0,0,0,,
10960,11418,NULL,北京城市学院,北京,海淀区,本科,,民办,2,区域重点/特色优势高校,硕士点/硕士专业学位点：7,master_points,0,0,0,0,0,,1213,,,7,0,0,0,0,0,0,,
12670,13728,NULL,北京培黎职业学院,北京,海淀区,专科,,民办,3,普通应用/职业供给高校,专科/高职高校，当前库内未命中双高、国家示范/骨干等强信号,default_vocational,0,0,0,0,0,,,,,0,0,0,0,0,0,0,,
10123,10030,NULL,北京外国语大学,北京,海淀区,本科,应用型,公办,1,头部/强研究型高校,双一流高校；软科排名前100：79；库内综合排名前100：47,is_dual_class;ruanke_top100;ranking_top100,0,1,1,0,0,79,47,64,,59,31,0,0,0,0,0,,
10001,10001,NULL,北京大学,北京,海淀区,本科,中国研究型,公办,1,头部/强研究型高校,985 高校；双一流高校；办学类型为中国研究型；软科排名前100：2；库内综合排名前100：2,is985;is_dual_class;school_type_t1;ruanke_top100;ranking_top100,1,1,1,1,0,2,2,1,2,132,210,0,0,115,0,0,,
10002,10001,NULL,北京大学医学部,北京,海淀区,本科,中国研究型,公办,1,头部/强研究型高校,985 高校；双一流高校；办学类型为中国研究型,is985;is_dual_class;school_type_t1,1,1,1,1,0,,,,,17,83,0,0,18,0,0,,
10101,10005,NULL,北京工业大学,北京,朝阳区,本科,区域研究型,公办,1,头部/强研究型高校,双一流高校；软科排名前100：65,is_dual_class;ruanke_top100,0,1,1,0,0,65,112,45,77,36,25,0,0,9,0,0,,
10985,13904,NULL,北京工业大学耿丹学院,北京,顺义区,本科,,民办,3,普通应用/职业供给高校,本科高校，但未命中985、211、双一流、研究型、前列排名、硕博点等强信号,default_undergraduate,0,0,0,0,0,,1262,,,0,0,0,0,0,0,0,,
11518,10853,NULL,北京工业职业技术学院,北京,石景山区,专科,,公办,2,区域重点/特色优势高校,职业院校强信号文本：双高,vocational_feature,0,0,0,0,0,,,,,0,0,0,0,0,0,0,,
10339,10011,NULL,北京工商大学,北京,海淀区,本科,区域特色研究型,公办,2,区域重点/特色优势高校,办学类型为区域特色研究型；软科排名前350：129；库内综合排名前500：190；博士点/博士专业学位点：27；硕士点/硕士专业学位点：72；院士数：2,school_type_t2;ruanke_top350;ranking_top500;doctoral_points;master_points;academicians,0,0,0,0,0,129,190,,115,72,27,0,0,2,0,0,,
10036,10027,NULL,北京师范大学,北京,海淀区,本科,研究型,公办,1,头部/强研究型高校,985 高校；双一流高校；办学类型为研究型；软科排名前100：19；库内综合排名前100：21,is985;is_dual_class;school_type_t1;ruanke_top100;ranking_top100,1,1,1,1,0,19,21,10,24,82,110,0,0,0,0,0,,
10037,19027,NULL,北京师范大学(珠海校区),广东,珠海市,本科,,公办,1,头部/强研究型高校,985 高校；双一流高校；库内综合排名前100：43,is985;is_dual_class;ranking_top100,1,1,1,1,0,,43,,,37,51,0,0,0,0,0,,
10388,10016,NULL,北京建筑大学,北京,大兴区,本科,区域特色研究型,公办,2,区域重点/特色优势高校,办学类型为区域特色研究型；软科排名前350：178；博士点/博士专业学位点：5；硕士点/硕士专业学位点：28；院士数：3,school_type_t2;ruanke_top350;doctoral_points;master_points;academicians,0,0,0,0,0,178,586,,208,28,5,0,0,3,0,0,,
12499,12567,NULL,北京戏曲艺术职业学院,北京,丰台区,专科,,公办,3,普通应用/职业供给高校,专科/高职高校，当前库内未命中双高、国家示范/骨干等强信号,default_vocational,0,0,0,0,0,,,,,0,0,0,0,0,0,0,,
12567,12451,NULL,北京政法职业学院,北京,大兴区,专科,,公办,3,普通应用/职业供给高校,专科/高职高校，当前库内未命中双高、国家示范/骨干等强信号,default_vocational,0,0,0,0,0,,,,,0,0,0,0,0,0,0,,
10456,10012,NULL,北京服装学院,北京,朝阳区,本科,应用型,公办,2,区域重点/特色优势高校,博士点/博士专业学位点：1；硕士点/硕士专业学位点：10；院士数：1,doctoral_points;master_points;academicians,0,0,0,0,0,,898,,,10,1,0,0,1,0,0,,
10159,10022,NULL,北京林业大学,北京,海淀区,本科,特色研究型,公办,1,头部/强研究型高校,双一流高校；软科排名前100：83；库内综合排名前100：90,is_dual_class;ruanke_top100;ranking_top100,0,1,1,1,0,83,90,,95,101,50,0,0,16,0,0,,
12696,12568,NULL,北京汇佳职业学院,北京,昌平区,专科,,民办,3,普通应用/职业供给高校,专科/高职高校，当前库内未命中双高、国家示范/骨干等强信号,default_vocational,0,0,0,0,0,,,,,0,0,0,0,0,0,0,,
10551,10037,NULL,北京物资学院,北京,通州区,本科,,公办,2,区域重点/特色优势高校,软科排名前350：242；库内综合排名前500：288；硕士点/硕士专业学位点：18；院士数：1,ruanke_top350;ranking_top500;master_points;academicians,0,0,0,0,0,242,288,,,18,0,0,0,1,0,0,,
10049,10007,NULL,北京理工大学,北京,海淀区,本科,研究型,公办,1,头部/强研究型高校,985 高校；双一流高校；办学类型为研究型；软科排名前100：14；库内综合排名前100：11,is985;is_dual_class;school_type_t1;ruanke_top100;ranking_top100,1,1,1,1,0,14,11,13,20,43,45,0,0,29,0,0,,
11176,13675,NULL,北京理工大学珠海学院,广东,珠海市,本科,,民办,2,区域重点/特色优势高校,院士数：3,academicians,0,0,0,0,0,,,,,0,0,0,0,3,0,0,,
10756,10018,NULL,北京电子科技学院,北京,丰台区,本科,,公办,1,头部/强研究型高校,库内综合排名前100：25,ranking_top100,0,0,0,0,0,233,25,,,3,1,0,0,0,0,0,,
10415,10050,NULL,北京电影学院,北京,海淀区,本科,特色研究型,公办,2,区域重点/特色优势高校,办学类型为特色研究型；库内综合排名前500：110；博士点/博士专业学位点：1；硕士点/硕士专业学位点：2,school_type_t2;ranking_top500;doctoral_points;master_points,0,0,0,0,0,,110,,,2,1,0,0,0,0,0,,
10540,10017,NULL,北京石油化工学院,北京,大兴区,本科,,公办,2,区域重点/特色优势高校,软科排名前350：300；库内综合排名前500：395；硕士点/硕士专业学位点：13,ruanke_top350;ranking_top500;master_points,0,0,0,0,0,300,395,,399,13,0,0,0,0,0,0,,
10064,10008,NULL,北京科技大学,北京,海淀区,本科,特色研究型,公办,1,头部/强研究型高校,双一流高校；软科排名前100：35；库内综合排名前100：44,is_dual_class;ruanke_top100;ranking_top100,0,1,1,0,0,35,44,,49,42,28,0,0,18,0,0,,
11013,13898,NULL,北京科技大学天津学院,天津,宝坻区,本科,,民办,3,普通应用/职业供给高校,本科高校，但未命中985、211、双一流、研究型、前列排名、硕博点等强信号,default_undergraduate,0,0,0,0,0,,1028,,,0,0,0,0,0,0,0,,
12439,12733,NULL,北京科技经营管理学院,北京,昌平区,专科,,民办,3,普通应用/职业供给高校,专科/高职高校，当前库内未命中双高、国家示范/骨干等强信号,default_vocational,0,0,0,0,0,,,,,0,0,0,0,1,0,0,,
11525,10858,NULL,北京科技职业大学,北京,大兴区,本科,,公办,3,普通应用/职业供给高校,本科高校，但未命中985、211、双一流、研究型、前列排名、硕博点等强信号,default_undergraduate,0,0,0,0,0,,551,,,0,0,0,0,0,0,0,,
11796,13703,NULL,北京科技职业学院,北京,昌平区,专科,,民办,3,普通应用/职业供给高校,专科/高职高校，当前库内未命中双高、国家示范/骨干等强信号,default_vocational,0,0,0,0,0,,,,,0,0,0,0,0,0,0,,
10497,10031,NULL,北京第二外国语学院,北京,朝阳区,本科,特色研究型,公办,2,区域重点/特色优势高校,办学类型为特色研究型；软科排名前350：213；库内综合排名前500：160；博士点/博士专业学位点：1；硕士点/硕士专业学位点：38,school_type_t2;ruanke_top350;ranking_top500;doctoral_points;master_points,0,0,0,0,0,213,160,,,38,1,0,0,0,0,0,,
11139,14201,NULL,北京第二外国语学院中瑞酒店管理学院,北京,大兴区,本科,,民办,3,普通应用/职业供给高校,本科高校，但未命中985、211、双一流、研究型、前列排名、硕博点等强信号,default_undergraduate,0,0,0,0,0,,1239,,,0,0,0,0,0,0,0,,
12712,12566,NULL,北京经济技术职业学院,河北,廊坊市,专科,,民办,3,普通应用/职业供给高校,专科/高职高校，当前库内未命中双高、国家示范/骨干等强信号,default_vocational,0,0,0,0,0,,,,,0,0,0,0,0,0,0,,
12103,14073,NULL,北京经济管理职业学院,北京,朝阳区,专科,,公办,2,区域重点/特色优势高校,职业院校强信号文本：双高,vocational_feature,0,0,0,0,0,,,,,0,0,0,0,0,0,0,,
12686,12565,NULL,北京经贸职业学院,北京,房山区,专科,,民办,3,普通应用/职业供给高校,专科/高职高校，当前库内未命中双高、国家示范/骨干等强信号,default_vocational,0,0,0,0,0,,,,,0,0,0,0,0,0,0,,
12854,14588,NULL,北京网络职业学院,北京,房山区,专科,,民办,3,普通应用/职业供给高校,专科/高职高校，当前库内未命中双高、国家示范/骨干等强信号,default_vocational,0,0,0,0,0,,,,,0,0,0,0,0,0,0,,
10509,11417,NULL,北京联合大学,北京,朝阳区,本科,应用型,公办,2,区域重点/特色优势高校,软科排名前350：306；博士点/博士专业学位点：1；硕士点/硕士专业学位点：12；院士数：1,ruanke_top350;doctoral_points;master_points;academicians,0,0,0,0,0,306,728,,,12,1,0,0,1,0,0,,
10659,10051,NULL,北京舞蹈学院,北京,海淀区,本科,,公办,2,区域重点/特色优势高校,库内综合排名前500：274；硕士点/硕士专业学位点：2,ranking_top500;master_points,0,0,0,0,0,,274,,,2,0,0,0,0,0,0,,
10035,10006,NULL,北京航空航天大学,北京,海淀区,本科,研究型,公办,1,头部/强研究型高校,985 高校；双一流高校；办学类型为研究型；软科排名前100：11；库内综合排名前100：9,is985;is_dual_class;school_type_t1;ruanke_top100;ranking_top100,1,1,1,1,0,11,9,24,30,48,45,0,0,33,0,0,,
70388,70388,NULL,北京航空航天大学中法航空学院,浙江,杭州市,本科,,,2,区域重点/特色优势高校,硕士点/硕士专业学位点：4,master_points,0,0,0,0,0,,,,,4,0,0,0,0,0,0,,
10983,13890,NULL,北京航空航天大学北海学院,广西,北海市,本科,,民办,2,区域重点/特色优势高校,硕士点/硕士专业学位点：1,master_points,0,0,0,0,0,,,,,1,0,0,0,0,0,0,,
12154,14140,NULL,北京艺术传媒职业学院,北京,海淀区,专科,,民办,3,普通应用/职业供给高校,专科/高职高校，当前库内未命中双高、国家示范/骨干等强信号,default_vocational,0,0,0,0,0,,,,,0,0,0,0,0,0,0,,
10799,14019,NULL,北京警察学院,北京,昌平区,本科,,公办,2,区域重点/特色优势高校,软科排名前350：347,ruanke_top350,0,0,0,0,0,347,600,,,0,0,0,0,0,0,0,,
10186,10032,NULL,北京语言大学,北京,海淀区,本科,特色研究型,公办,2,区域重点/特色优势高校,办学类型为特色研究型；软科排名前350：119；库内综合排名前500：114；博士点/博士专业学位点：33；硕士点/硕士专业学位点：60,school_type_t2;ruanke_top350;ranking_top500;doctoral_points;master_points,0,0,0,0,0,119,114,,,60,33,0,0,0,0,0,,
11628,12561,NULL,北京财贸职业学院,北京,通州区,专科,,公办,2,区域重点/特色优势高校,职业院校强信号文本：双高,vocational_feature,0,0,0,0,0,,,,,0,0,0,0,0,0,0,,
10069,10013,NULL,北京邮电大学,北京,海淀区,本科,特色研究型,公办,1,头部/强研究型高校,双一流高校；软科排名前100：50；库内综合排名前100：23,is_dual_class;ruanke_top100;ranking_top100,0,1,1,1,0,50,23,58,83,29,19,0,0,2,0,0,,
10068,10013,NULL,北京邮电大学(宏福校区),北京,昌平区,本科,区域特色研究型,公办,1,头部/强研究型高校,双一流高校,is_dual_class,0,1,1,1,0,,,,,1,0,0,0,0,0,0,,
10965,13901,NULL,北京邮电大学世纪学院,北京,延庆区,本科,,民办,3,普通应用/职业供给高校,本科高校，但未命中985、211、双一流、研究型、前列排名、硕博点等强信号,default_undergraduate,0,0,0,0,0,,1213,,,0,0,0,0,0,0,0,,
10987,13630,NULL,北京金融科技学院,北京,通州区,本科,,民办,3,普通应用/职业供给高校,本科高校，但未命中985、211、双一流、研究型、前列排名、硕博点等强信号,default_undergraduate,0,0,0,0,0,,1258,,,0,0,0,0,0,0,0,,
11801,11626,NULL,北京青年政治学院,北京,朝阳区,专科,,公办,3,普通应用/职业供给高校,专科/高职高校，当前库内未命中双高、国家示范/骨干等强信号,default_vocational,0,0,0,0,0,,,,,0,0,0,0,0,0,0,,
10372,10201,NULL,北华大学,吉林,吉林市,本科,应用型,公办,2,区域重点/特色优势高校,软科排名前350：308；硕士点/硕士专业学位点：77；院士数：1,ruanke_top350;master_points;academicians,0,0,0,0,0,308,521,,,77,0,0,0,1,0,0,,
10735,11629,NULL,北华航天工业学院,河北,廊坊市,本科,,公办,2,区域重点/特色优势高校,库内综合排名前500：428；硕士点/硕士专业学位点：11；院士数：2,ranking_top500;master_points;academicians,0,0,0,0,0,385,428,,,11,0,0,0,2,0,0,,
10130,16401,NULL,北师香港浸会大学,广东,珠海市,本科,特色研究型,,2,区域重点/特色优势高校,办学类型为特色研究型；软科排名前350：154；库内综合排名前500：235；博士点/博士专业学位点：10；硕士点/硕士专业学位点：9,school_type_t2;ruanke_top350;ranking_top500;doctoral_points;master_points,0,0,0,0,0,154,235,,,9,10,0,0,0,0,0,,
10422,10009,NULL,北方工业大学,北京,石景山区,本科,应用型,公办,2,区域重点/特色优势高校,软科排名前350：239；库内综合排名前500：385；博士点/博士专业学位点：2；硕士点/硕士专业学位点：20,ruanke_top350;ranking_top500;doctoral_points;master_points,0,0,0,0,0,239,385,,344,20,2,0,0,0,0,0,,
10488,11407,NULL,北方民族大学,宁夏,银川市,本科,应用型,公办,2,区域重点/特色优势高校,软科排名前350：295；博士点/博士专业学位点：2；硕士点/硕士专业学位点：15,ruanke_top350;doctoral_points;master_points,0,0,0,0,0,295,636,,282,15,2,0,0,0,0,0,,
70085,14765,NULL,北海康养职业学院,广西,北海市,专科,,民办,3,普通应用/职业供给高校,专科/高职高校，当前库内未命中双高、国家示范/骨干等强信号,default_vocational,0,0,0,0,0,,,,,0,0,0,0,0,0,0,,
12453,13523,NULL,北海职业学院,广西,北海市,专科,,公办,3,普通应用/职业供给高校,专科/高职高校，当前库内未命中双高、国家示范/骨干等强信号,default_vocational,0,0,0,0,0,,,,,0,0,0,0,0,0,0,,
10901,13524,NULL,北海艺术设计学院,广西,北海市,本科,,民办,3,普通应用/职业供给高校,本科高校，但未命中985、211、双一流、研究型、前列排名、硕博点等强信号,default_undergraduate,0,0,0,0,0,,1038,,,0,0,0,0,0,0,0,,
10607,11607,NULL,北部湾大学,广西,钦州市,本科,,公办,2,区域重点/特色优势高校,库内综合排名前500：400；硕士点/硕士专业学位点：24,ranking_top500;master_points,0,0,0,0,0,422,400,,,24,0,0,0,0,0,0,,
10350,10404,NULL,华东交通大学,江西,南昌市,本科,区域特色研究型,公办,2,区域重点/特色优势高校,办学类型为区域特色研究型；软科排名前350：194；库内综合排名前500：207；博士点/博士专业学位点：4；硕士点/硕士专业学位点：37,school_type_t2;ruanke_top350;ranking_top500;doctoral_points;master_points,0,0,0,0,0,194,207,,298,37,4,0,0,0,0,0,,
10051,10269,NULL,华东师范大学,上海,闵行区,本科,研究型,公办,1,头部/强研究型高校,985 高校；双一流高校；办学类型为研究型；软科排名前100：29；库内综合排名前100：26,is985;is_dual_class;school_type_t1;ruanke_top100;ranking_top100,1,1,1,1,0,29,26,26,34,38,133,0,0,7,0,0,,
10245,10276,NULL,华东政法大学,上海,松江区,本科,区域特色研究型,公办,1,头部/强研究型高校,库内综合排名前100：89,ranking_top100,0,0,0,0,0,119,89,,,60,27,0,0,0,0,0,,
10067,10251,NULL,华东理工大学,上海,徐汇区,本科,特色研究型,公办,1,头部/强研究型高校,双一流高校；软科排名前100：42；库内综合排名前100：56,is_dual_class;ruanke_top100;ranking_top100,0,1,1,1,0,42,56,40,78,46,48,0,0,9,0,0,,
10056,10504,NULL,华中农业大学,湖北,武汉市,本科,特色研究型,公办,1,头部/强研究型高校,双一流高校；软科排名前100：45；库内综合排名前100：98,is_dual_class;ruanke_top100;ranking_top100,0,1,1,1,0,45,98,54,47,91,96,0,0,8,0,0,,
10059,10511,NULL,华中师范大学,湖北,武汉市,本科,,公办,1,头部/强研究型高校,双一流高校；软科排名前100：53；库内综合排名前100：64,is_dual_class;ruanke_top100;ranking_top100,0,1,1,1,0,53,64,,55,45,28,0,0,7,0,0,,
10013,10487,NULL,华中科技大学,湖北,武汉市,本科,研究型,公办,1,头部/强研究型高校,985 高校；双一流高校；办学类型为研究型；软科排名前100：9；库内综合排名前100：20,is985;is_dual_class;school_type_t1;ruanke_top100;ranking_top100,1,1,1,1,0,9,20,16,11,65,62,0,0,0,0,0,,
10197,10385,NULL,华侨大学,福建,泉州市,本科,区域特色研究型,公办,2,区域重点/特色优势高校,办学类型为区域特色研究型；软科排名前350：139；库内综合排名前500：216；博士点/博士专业学位点：15；硕士点/硕士专业学位点：35,school_type_t2;ruanke_top350;ranking_top500;doctoral_points;master_points,0,0,0,0,0,139,216,,221,35,15,0,0,0,0,0,,
10446,10078,NULL,华北水利水电大学,河南,郑州市,本科,应用型,公办,2,区域重点/特色优势高校,软科排名前350：249；库内综合排名前500：326；博士点/博士专业学位点：4；硕士点/硕士专业学位点：25,ruanke_top350;ranking_top500;doctoral_points;master_points,0,0,0,0,0,249,326,,342,25,4,0,0,0,0,0,,
10494,10081,NULL,华北理工大学,河北,唐山市,本科,应用型,公办,2,区域重点/特色优势高校,软科排名前350：269；库内综合排名前500：341；博士点/博士专业学位点：3；硕士点/硕士专业学位点：60；院士数：1,ruanke_top350;ranking_top500;doctoral_points;master_points;academicians,0,0,0,0,0,269,341,,313,60,3,0,0,1,0,0,,
11185,13596,NULL,华北理工大学冀唐学院,河北,唐山市,本科,,民办,3,普通应用/职业供给高校,本科高校，但未命中985、211、双一流、研究型、前列排名、硕博点等强信号,default_undergraduate,0,0,0,0,0,,,,,0,0,0,0,0,0,0,,
11237,13408,NULL,华北理工大学轻工学院,河北,唐山市,本科,,民办,3,普通应用/职业供给高校,本科高校，但未命中985、211、双一流、研究型、前列排名、硕博点等强信号,default_undergraduate,0,0,0,0,0,,1130,,,0,0,0,0,0,0,0,,
10185,10079,NULL,华北电力大学(保定),河北,保定市,本科,,公办,1,头部/强研究型高校,双一流高校；库内综合排名前100：59,is_dual_class;ranking_top100,0,1,1,0,0,,59,,,25,15,0,0,7,0,0,,
10190,10054,NULL,华北电力大学(北京),北京,昌平区,本科,,公办,1,头部/强研究型高校,双一流高校；软科排名前100：84；库内综合排名前100：51,is_dual_class;ruanke_top100;ranking_top100,0,1,1,0,0,84,51,,100,34,22,0,0,2,0,0,,
10099,10564,NULL,华南农业大学,广东,广州市,本科,区域特色研究型,公办,1,头部/强研究型高校,双一流高校,is_dual_class,0,0,1,0,0,103,143,,81,72,73,0,0,1,0,0,,
11283,12623,NULL,华南农业大学珠江学院,广东,广州市,本科,,民办,3,普通应用/职业供给高校,本科高校，但未命中985、211、双一流、研究型、前列排名、硕博点等强信号,default_undergraduate,0,0,0,0,0,,1229,,,0,0,0,0,0,0,0,,
10103,10574,NULL,华南师范大学,广东,广州市,本科,区域特色研究型,公办,1,头部/强研究型高校,双一流高校；软科排名前100：79；库内综合排名前100：83,is_dual_class;ruanke_top100;ranking_top100,0,1,1,1,0,79,83,,78,210,139,0,0,2,0,0,,
10048,10561,NULL,华南理工大学,广东,广州市,本科,研究型,公办,1,头部/强研究型高校,985 高校；双一流高校；办学类型为研究型；软科排名前100：32；库内综合排名前100：30,is985;is_dual_class;school_type_t1;ruanke_top100;ranking_top100,1,1,1,1,0,32,30,23,22,71,56,0,0,12,0,0,,
10223,10315,NULL,南京中医药大学,江苏,南京市,本科,特色研究型,公办,1,头部/强研究型高校,双一流高校；软科排名前100：93,is_dual_class;ruanke_top100,0,0,1,1,0,93,186,,177,57,15,0,0,2,0,0,,
10952,13981,NULL,南京中医药大学翰林学院,江苏,泰州市,本科,,民办,3,普通应用/职业供给高校,本科高校，但未命中985、211、双一流、研究型、前列排名、硕博点等强信号,default_undergraduate,0,0,0,0,0,,,,,0,0,0,0,0,0,0,,
11643,12804,NULL,南京交通职业技术学院,江苏,南京市,专科,,公办,3,普通应用/职业供给高校,专科/高职高校，当前库内未命中双高、国家示范/骨干等强信号,default_vocational,0,0,0,0,0,,,,,0,0,0,0,0,0,0,,
10979,13687,NULL,南京传媒学院,江苏,南京市,本科,,民办,3,普通应用/职业供给高校,本科高校，但未命中985、211、双一流、研究型、前列排名、硕博点等强信号,default_undergraduate,0,0,0,0,0,,1172,,,0,0,0,0,0,0,0,,
10666,10330,NULL,南京体育学院,江苏,南京市,本科,,公办,2,区域重点/特色优势高校,软科排名前350：324；硕士点/硕士专业学位点：4；院士数：1,ruanke_top350;master_points;academicians,0,0,0,0,0,324,561,,,4,0,0,0,1,0,0,,
10239,10300,NULL,南京信息工程大学,江苏,南京市,本科,区域特色研究型,公办,1,头部/强研究型高校,双一流高校；软科排名前100：98,is_dual_class;ruanke_top100,0,0,1,0,0,98,111,,57,50,31,0,0,3,0,0,,
11442,13112,NULL,南京信息职业技术学院,江苏,南京市,专科,,公办,2,区域重点/特色优势高校,职业院校强信号文本：双高,vocational_feature,0,0,0,0,0,,,,,0,0,0,0,0,0,0,,
10058,10307,NULL,南京农业大学,江苏,南京市,本科,特色研究型,公办,1,头部/强研究型高校,双一流高校；软科排名前100：55,is_dual_class;ruanke_top100,0,1,1,1,0,55,103,55,43,72,66,0,0,2,0,0,,
10184,10312,NULL,南京医科大学,江苏,南京市,本科,区域特色研究型,公办,1,头部/强研究型高校,双一流高校；软科排名前100：45,is_dual_class;ruanke_top100,0,0,1,1,0,45,128,,90,82,67,0,0,4,0,0,,
11050,13980,NULL,南京医科大学康达学院,江苏,连云港市,本科,,民办,3,普通应用/职业供给高校,本科高校，但未命中985、211、双一流、研究型、前列排名、硕博点等强信号,default_undergraduate,0,0,0,0,0,,960,,,0,0,0,0,0,0,0,,
12767,14001,NULL,南京城市职业学院,江苏,南京市,专科,,公办,3,普通应用/职业供给高校,专科/高职高校，当前库内未命中双高、国家示范/骨干等强信号,default_vocational,0,0,0,0,0,,,,,0,0,0,0,0,0,0,,
10010,10284,NULL,南京大学,江苏,南京市,本科,研究型,公办,1,头部/强研究型高校,985 高校；双一流高校；办学类型为研究型；软科排名前100：6；库内综合排名前100：8,is985;is_dual_class;school_type_t1;ruanke_top100;ranking_top100,1,1,1,1,0,6,8,6,9,214,203,0,0,36,0,0,,
10442,11287,NULL,南京审计大学,江苏,南京市,本科,应用型,公办,2,区域重点/特色优势高校,软科排名前350：159；库内综合排名前500：170；博士点/博士专业学位点：2；硕士点/硕士专业学位点：11,ruanke_top350;ranking_top500;doctoral_points;master_points,0,0,0,0,0,159,170,,275,11,2,0,0,0,0,0,,
10955,13994,NULL,南京审计大学金审学院,江苏,南京市,本科,,民办,3,普通应用/职业供给高校,本科高校，但未命中985、211、双一流、研究型、前列排名、硕博点等强信号,default_undergraduate,0,0,0,0,0,,826,,,0,0,0,0,0,0,0,,
10127,10291,NULL,南京工业大学,江苏,南京市,本科,区域特色研究型,公办,1,头部/强研究型高校,软科排名前100：88,ruanke_top100,0,0,0,0,0,88,182,,85,191,53,0,0,6,0,0,,
10945,13905,NULL,南京工业大学浦江学院,江苏,南京市,本科,,民办,3,普通应用/职业供给高校,本科高校，但未命中985、211、双一流、研究型、前列排名、硕博点等强信号,default_undergraduate,0,0,0,0,0,,999,,,0,0,0,0,0,0,0,,
11377,10850,NULL,南京工业职业技术大学,江苏,南京市,本科,,公办,3,普通应用/职业供给高校,本科高校，但未命中985、211、双一流、研究型、前列排名、硕博点等强信号,default_undergraduate,0,0,0,0,0,,577,,,0,0,0,0,0,0,0,,
10566,11276,NULL,南京工程学院,江苏,南京市,本科,,公办,2,区域重点/特色优势高校,软科排名前350：273；库内综合排名前500：365；硕士点/硕士专业学位点：17,ruanke_top350;ranking_top500;master_points,0,0,0,0,0,273,365,,316,17,0,0,0,0,0,0,,
10090,10319,NULL,南京师范大学,江苏,南京市,本科,特色研究型,公办,1,头部/强研究型高校,双一流高校；软科排名前100：58；库内综合排名前100：76,is_dual_class;ruanke_top100;ranking_top100,0,1,1,1,0,58,76,56,70,98,74,0,0,1,0,0,,
10940,13906,NULL,南京师范大学中北学院,江苏,镇江市,本科,,民办,3,普通应用/职业供给高校,本科高校，但未命中985、211、双一流、研究型、前列排名、硕博点等强信号,default_undergraduate,0,0,0,0,0,,1061,,,0,0,0,0,0,0,0,,
10942,13843,NULL,南京师范大学泰州学院,江苏,泰州市,本科,,民办,3,普通应用/职业供给高校,本科高校，但未命中985、211、双一流、研究型、前列排名、硕博点等强信号,default_undergraduate,0,0,0,0,0,,1023,,,0,0,0,0,0,0,0,,
12616,14180,NULL,南京旅游职业学院,江苏,南京市,专科,,公办,3,普通应用/职业供给高校,专科/高职高校，当前库内未命中双高、国家示范/骨干等强信号,default_vocational,0,0,0,0,0,,,,,0,0,0,0,0,0,0,,
10698,11460,NULL,南京晓庄学院,江苏,南京市,本科,,公办,2,区域重点/特色优势高校,软科排名前350：333；库内综合排名前500：492；硕士点/硕士专业学位点：3,ruanke_top350;ranking_top500;master_points,0,0,0,0,0,333,492,,357,3,0,0,0,0,0,0,,
12515,14056,NULL,南京机电职业技术学院,江苏,南京市,专科,,公办,3,普通应用/职业供给高校,专科/高职高校，当前库内未命中双高、国家示范/骨干等强信号,default_vocational,0,0,0,0,0,,,,,0,0,0,0,0,0,0,,
10177,10298,NULL,南京林业大学,江苏,南京市,本科,区域特色研究型,公办,1,头部/强研究型高校,双一流高校；软科排名前100：93,is_dual_class;ruanke_top100,0,0,1,0,0,93,166,,52,67,36,0,0,5,0,0,,
10889,12048,NULL,南京特殊教育师范学院,江苏,南京市,本科,,公办,3,普通应用/职业供给高校,本科高校，但未命中985、211、双一流、研究型、前列排名、硕博点等强信号,default_undergraduate,0,0,0,0,0,448,581,,,0,0,0,0,0,0,0,,
10063,10288,NULL,南京理工大学,江苏,南京市,本科,特色研究型,公办,1,头部/强研究型高校,双一流高校；软科排名前100：36；库内综合排名前100：40,is_dual_class;ruanke_top100;ranking_top100,0,1,1,0,0,36,40,44,60,60,22,0,0,8,0,0,,
11012,13842,NULL,南京理工大学泰州科技学院,江苏,泰州市,本科,,民办,3,普通应用/职业供给高校,本科高校，但未命中985、211、双一流、研究型、前列排名、硕博点等强信号,default_undergraduate,0,0,0,0,0,,1063,,,0,0,0,0,0,0,0,,
11331,13654,NULL,南京理工大学紫金学院,江苏,南京市,本科,,民办,3,普通应用/职业供给高校,本科高校，但未命中985、211、双一流、研究型、前列排名、硕博点等强信号,default_undergraduate,0,0,0,0,0,,880,,,0,0,0,0,0,0,0,,
11544,12920,NULL,南京科技职业学院,江苏,南京市,专科,,公办,3,普通应用/职业供给高校,专科/高职高校，当前库内未命中双高、国家示范/骨干等强信号,default_vocational,0,0,0,0,0,,,,,0,0,0,0,0,0,0,,
10074,10287,NULL,南京航空航天大学,江苏,南京市,本科,特色研究型,公办,1,头部/强研究型高校,双一流高校；软科排名前100：37；库内综合排名前100：32,is_dual_class;ruanke_top100;ranking_top100,0,1,1,1,0,37,32,41,73,43,27,0,0,15,0,0,,
10946,13655,NULL,南京航空航天大学金城学院,江苏,南京市,本科,,民办,3,普通应用/职业供给高校,本科高校，但未命中985、211、双一流、研究型、前列排名、硕博点等强信号,default_undergraduate,0,0,0,0,0,,992,,,0,0,0,0,0,0,0,,
10360,10331,NULL,南京艺术学院,江苏,南京市,本科,区域特色研究型,公办,2,区域重点/特色优势高校,办学类型为区域特色研究型；博士点/博士专业学位点：2；硕士点/硕士专业学位点：2,school_type_t2;doctoral_points;master_points,0,0,0,0,0,,553,,,2,2,0,0,0,0,0,,
12739,13964,NULL,南京视觉艺术职业学院,江苏,南京市,专科,,民办,3,普通应用/职业供给高校,专科/高职高校，当前库内未命中双高、国家示范/骨干等强信号,default_vocational,0,0,0,0,0,,,,,0,0,0,0,0,0,0,,
10781,12213,NULL,南京警察学院,江苏,南京市,本科,,公办,2,区域重点/特色优势高校,软科排名前350：290；库内综合排名前500：212；硕士点/硕士专业学位点：1,ruanke_top350;ranking_top500;master_points,0,0,0,0,0,290,212,,,1,0,0,0,0,0,0,,
10378,10327,NULL,南京财经大学,江苏,南京市,本科,应用型,公办,2,区域重点/特色优势高校,软科排名前350：129；库内综合排名前500：205；博士点/博士专业学位点：2；硕士点/硕士专业学位点：18；院士数：1,ruanke_top350;ranking_top500;doctoral_points;master_points;academicians,0,0,0,0,0,129,205,,141,18,2,0,0,1,0,0,,
10953,13990,NULL,南京财经大学红山学院,江苏,南京市,本科,,民办,3,普通应用/职业供给高校,本科高校，但未命中985、211、双一流、研究型、前列排名、硕博点等强信号,default_undergraduate,0,0,0,0,0,,932,,,0,0,0,0,0,0,0,,
10193,10293,NULL,南京邮电大学,江苏,南京市,本科,区域特色研究型,公办,1,头部/强研究型高校,双一流高校；软科排名前100：82；库内综合排名前100：78,is_dual_class;ruanke_top100;ranking_top100,0,0,1,0,0,82,78,,102,31,23,0,0,4,0,0,,
10962,13989,NULL,南京邮电大学通达学院,江苏,扬州市,本科,,民办,3,普通应用/职业供给高校,本科高校，但未命中985、211、双一流、研究型、前列排名、硕博点等强信号,default_undergraduate,0,0,0,0,0,,989,,,0,0,0,0,0,0,0,,
11678,13106,NULL,南京铁道职业技术学院,江苏,南京市,专科,,公办,2,区域重点/特色优势高校,职业院校强信号文本：双高,vocational_feature,0,0,0,0,0,,,,,0,0,0,0,0,0,0,,
11827,14728,NULL,南充文化旅游职业学院,四川,南充市,专科,,公办,3,普通应用/职业供给高校,专科/高职高校，当前库内未命中双高、国家示范/骨干等强信号,default_vocational,0,0,0,0,0,,,,,0,0,0,0,0,0,0,,
11846,14729,NULL,南充电影工业职业学院,四川,南充市,专科,,民办,3,普通应用/职业供给高校,专科/高职高校，当前库内未命中双高、国家示范/骨干等强信号,default_vocational,0,0,0,0,0,,,,,0,0,0,0,0,0,0,,
12092,14671,NULL,南充科技职业学院,四川,南充市,专科,,民办,3,普通应用/职业供给高校,专科/高职高校，当前库内未命中双高、国家示范/骨干等强信号,default_vocational,0,0,0,0,0,,,,,0,0,0,0,0,0,0,,
11745,12639,NULL,南充职业技术学院,四川,南充市,专科,,公办,3,普通应用/职业供给高校,专科/高职高校，当前库内未命中双高、国家示范/骨干等强信号,default_vocational,0,0,0,0,0,,,,,0,0,0,0,0,0,0,,
10355,10555,NULL,南华大学,湖南,衡阳市,本科,应用型,公办,2,区域重点/特色优势高校,软科排名前350：198；库内综合排名前500：319；博士点/博士专业学位点：7；硕士点/硕士专业学位点：28；院士数：1,ruanke_top350;ranking_top500;doctoral_points;master_points;academicians,0,0,0,0,0,198,319,,251,28,7,0,0,1,0,0,,
11174,12650,NULL,南华大学船山学院,湖南,衡阳市,本科,,民办,3,普通应用/职业供给高校,本科高校，但未命中985、211、双一流、研究型、前列排名、硕博点等强信号,default_undergraduate,0,0,0,0,0,,958,,,0,0,0,0,0,0,0,,
11074,11549,NULL,南宁学院,广西,南宁市,本科,,民办,3,普通应用/职业供给高校,本科高校，但未命中985、211、双一流、研究型、前列排名、硕博点等强信号,default_undergraduate,0,0,0,0,0,,1052,,,0,0,0,0,0,0,0,,
10416,10603,NULL,南宁师范大学,广西,南宁市,本科,应用型,公办,2,区域重点/特色优势高校,软科排名前350：295；库内综合排名前500：328；博士点/博士专业学位点：1；硕士点/硕士专业学位点：59；院士数：1,ruanke_top350;ranking_top500;doctoral_points;master_points;academicians,0,0,0,0,0,295,328,,378,59,1,0,0,1,0,0,,
11223,13642,NULL,南宁师范大学师园学院,广西,南宁市,本科,,民办,3,普通应用/职业供给高校,本科高校，但未命中985、211、双一流、研究型、前列排名、硕博点等强信号,default_undergraduate,0,0,0,0,0,,906,,,0,0,0,0,0,0,0,,
11372,13645,NULL,南宁理工学院,广西,桂林市,本科,,民办,3,普通应用/职业供给高校,本科高校，但未命中985、211、双一流、研究型、前列排名、硕博点等强信号,default_undergraduate,0,0,0,0,0,,1168,,,0,0,0,0,0,0,0,,
11626,11355,NULL,南宁职业技术大学,广西,南宁市,本科,,公办,3,普通应用/职业供给高校,本科高校，但未命中985、211、双一流、研究型、前列排名、硕博点等强信号,default_undergraduate,0,0,0,0,0,,761,,,0,0,0,0,0,0,0,,
10021,10055,NULL,南开大学,天津,南开区,本科,研究型,公办,1,头部/强研究型高校,985 高校；双一流高校；办学类型为研究型；软科排名前100：21；库内综合排名前100：15,is985;is_dual_class;school_type_t1;ruanke_top100;ranking_top100,1,1,1,1,0,21,15,21,22,83,44,0,0,15,0,0,,
10966,13663,NULL,南开大学滨海学院,天津,滨海新区,本科,,民办,3,普通应用/职业供给高校,本科高校，但未命中985、211、双一流、研究型、前列排名、硕博点等强信号,default_undergraduate,0,0,0,0,0,,,,,0,0,0,0,0,0,0,,
10129,12121,NULL,南方医科大学,广东,广州市,本科,区域特色研究型,公办,1,头部/强研究型高校,软科排名前100：42,ruanke_top100,0,0,0,1,0,42,121,,86,104,72,0,0,4,0,0,,
10165,14325,NULL,南方科技大学,广东,深圳市,本科,应用型,公办,1,头部/强研究型高校,双一流高校；软科排名前100：30；库内综合排名前100：19,is_dual_class;ruanke_top100;ranking_top100,0,0,1,1,0,30,19,20,13,18,17,0,0,7,0,0,,
11054,13431,NULL,南昌交通学院,江西,南昌市,本科,,民办,3,普通应用/职业供给高校,本科高校，但未命中985、211、双一流、研究型、前列排名、硕博点等强信号,default_undergraduate,0,0,0,0,0,,1205,,,0,0,0,0,0,0,0,,
11861,14705,NULL,南昌健康职业技术学院,江西,南昌市,专科,,公办,3,普通应用/职业供给高校,专科/高职高校，当前库内未命中双高、国家示范/骨干等强信号,default_vocational,0,0,0,0,0,,,,,0,0,0,0,0,0,0,,
11027,13437,NULL,南昌医学院,江西,南昌市,本科,,公办,3,普通应用/职业供给高校,本科高校，但未命中985、211、双一流、研究型、前列排名、硕博点等强信号,default_undergraduate,0,0,0,0,0,419,654,,,0,0,0,0,0,0,0,,
10073,10403,NULL,南昌大学,江西,南昌市,本科,区域研究型,公办,1,头部/强研究型高校,双一流高校；软科排名前100：74,is_dual_class;ruanke_top100,0,1,1,0,0,74,167,,80,114,40,0,0,5,0,0,,
11201,13430,NULL,南昌大学共青学院,江西,九江市,本科,,民办,3,普通应用/职业供给高校,本科高校，但未命中985、211、双一流、研究型、前列排名、硕博点等强信号,default_undergraduate,0,0,0,0,0,,1011,,,0,0,0,0,0,0,0,,
11120,13429,NULL,南昌大学科学技术学院,江西,九江市,本科,,民办,3,普通应用/职业供给高校,本科高校，但未命中985、211、双一流、研究型、前列排名、硕博点等强信号,default_undergraduate,0,0,0,0,0,,976,,,0,0,0,0,0,0,0,,
11341,13421,NULL,南昌工学院,江西,南昌市,本科,,民办,3,普通应用/职业供给高校,本科高校，但未命中985、211、双一流、研究型、前列排名、硕博点等强信号,default_undergraduate,0,0,0,0,0,,1238,,,0,0,0,0,0,0,0,,
10867,14437,NULL,南昌师范学院,江西,南昌市,本科,,公办,3,普通应用/职业供给高校,本科高校，但未命中985、211、双一流、研究型、前列排名、硕博点等强信号,default_undergraduate,0,0,0,0,0,440,632,,,0,0,0,0,0,0,0,,
11142,13440,NULL,南昌应用技术师范学院,江西,南昌市,本科,,民办,3,普通应用/职业供给高校,本科高校，但未命中985、211、双一流、研究型、前列排名、硕博点等强信号,default_undergraduate,0,0,0,0,0,,1094,,,0,0,0,0,0,0,0,,
12820,14544,NULL,南昌影视传播职业学院,江西,南昌市,专科,,民办,3,普通应用/职业供给高校,专科/高职高校，当前库内未命中双高、国家示范/骨干等强信号,default_vocational,0,0,0,0,0,,,,,0,0,0,0,0,0,0,,
11042,12795,NULL,南昌理工学院,江西,南昌市,本科,,民办,3,普通应用/职业供给高校,本科高校，但未命中985、211、双一流、研究型、前列排名、硕博点等强信号,default_undergraduate,0,0,0,0,0,,1185,,,0,0,0,0,0,0,0,,
70680,,NULL,南昌科技职业大学,江西,南昌市,本科,,民办,3,普通应用/职业供给高校,本科高校，但未命中985、211、双一流、研究型、前列排名、硕博点等强信号,default_undergraduate,0,0,0,0,0,,,,,0,0,0,0,0,0,0,,
11023,13420,NULL,南昌职业大学,江西,南昌市,本科,,民办,3,普通应用/职业供给高校,本科高校，但未命中985、211、双一流、研究型、前列排名、硕博点等强信号,default_undergraduate,0,0,0,0,0,,1283,,,0,0,0,0,0,0,0,,
10324,10406,NULL,南昌航空大学,江西,南昌市,本科,应用型,公办,2,区域重点/特色优势高校,软科排名前350：181；库内综合排名前500：197；博士点/博士专业学位点：3；硕士点/硕士专业学位点：31,ruanke_top350;ranking_top500;doctoral_points;master_points,0,0,0,0,0,181,197,,241,31,3,0,0,0,0,0,,
11041,13433,NULL,南昌航空大学科技学院,江西,南昌市,本科,,民办,3,普通应用/职业供给高校,本科高校，但未命中985、211、双一流、研究型、前列排名、硕博点等强信号,default_undergraduate,0,0,0,0,0,,1025,,,0,0,0,0,0,0,0,,
70646,14915,NULL,南通卫生健康职业学院,江苏,南通市,专科,,公办,3,普通应用/职业供给高校,专科/高职高校，当前库内未命中双高、国家示范/骨干等强信号,default_vocational,0,0,0,0,0,,,,,0,0,0,0,0,0,0,,
10297,10304,NULL,南通大学,江苏,南通市,本科,应用型,公办,2,区域重点/特色优势高校,软科排名前350：147；库内综合排名前500：251；博士点/博士专业学位点：12；硕士点/硕士专业学位点：54,ruanke_top350;ranking_top500;doctoral_points;master_points,0,0,0,0,0,147,251,,182,54,12,0,0,0,0,0,,
10958,13993,NULL,南通大学杏林学院,江苏,南通市,本科,,民办,3,普通应用/职业供给高校,本科高校，但未命中985、211、双一流、研究型、前列排名、硕博点等强信号,default_undergraduate,0,0,0,0,0,,1115,,,0,0,0,0,0,0,0,,
12108,14493,NULL,南通师范高等专科学校,江苏,南通市,专科,,公办,3,普通应用/职业供给高校,专科/高职高校，当前库内未命中双高、国家示范/骨干等强信号,default_vocational,0,0,0,0,0,,,,,0,0,0,0,0,0,0,,
11373,12056,NULL,南通理工学院,江苏,南通市,本科,,民办,3,普通应用/职业供给高校,本科高校，但未命中985、211、双一流、研究型、前列排名、硕博点等强信号,default_undergraduate,0,0,0,0,0,,1249,,,0,0,0,0,0,0,0,,
11994,12684,NULL,南通科技职业学院,江苏,南通市,专科,,公办,3,普通应用/职业供给高校,专科/高职高校，当前库内未命中双高、国家示范/骨干等强信号,default_vocational,0,0,0,0,0,,,,,0,0,0,0,0,0,0,,
11448,11052,NULL,南通职业大学,江苏,南通市,专科,,公办,3,普通应用/职业供给高校,专科/高职高校，当前库内未命中双高、国家示范/骨干等强信号,default_vocational,0,0,0,0,0,,,,,0,0,0,0,0,0,0,,
12584,14479,NULL,南阳农业职业学院,河南,南阳市,专科,,公办,3,普通应用/职业供给高校,专科/高职高校，当前库内未命中双高、国家示范/骨干等强信号,default_vocational,0,0,0,0,0,,,,,0,0,0,0,0,0,0,,
11432,13781,NULL,南阳医学高等专科学校,河南,南阳市,专科,,公办,3,普通应用/职业供给高校,专科/高职高校，当前库内未命中双高、国家示范/骨干等强信号,default_vocational,0,0,0,0,0,,,,,0,0,0,0,0,0,0,,
70340,14789,NULL,南阳工艺美术职业学院,河南,南阳市,专科,,公办,3,普通应用/职业供给高校,专科/高职高校，当前库内未命中双高、国家示范/骨干等强信号,default_vocational,0,0,0,0,0,,,,,0,0,0,0,0,0,0,,
10696,10481,NULL,南阳师范学院,河南,南阳市,本科,,公办,2,区域重点/特色优势高校,硕士点/硕士专业学位点：23,master_points,0,0,0,0,0,419,713,,330,23,0,0,0,0,0,0,,
10718,11653,NULL,南阳理工学院,河南,南阳市,本科,,公办,3,普通应用/职业供给高校,本科高校，但未命中985、211、双一流、研究型、前列排名、硕博点等强信号,default_undergraduate,0,0,0,0,0,450,678,,,0,0,0,0,0,0,0,,
11836,14714,NULL,南阳科技职业学院,河南,南阳市,专科,,公办,3,普通应用/职业供给高校,专科/高职高校，当前库内未命中双高、国家示范/骨干等强信号,default_vocational,0,0,0,0,0,,,,,0,0,0,0,0,0,0,,
12734,14353,NULL,南阳职业学院,河南,南阳市,专科,,民办,3,普通应用/职业供给高校,专科/高职高校，当前库内未命中双高、国家示范/骨干等强信号,default_vocational,0,0,0,0,0,,,,,0,0,0,0,0,0,0,,
12897,14622,NULL,博尔塔拉职业技术学院,新疆,博尔塔拉蒙古自治州,专科,,公办,3,普通应用/职业供给高校,专科/高职高校，当前库内未命中双高、国家示范/骨干等强信号,default_vocational,0,0,0,0,0,,,,,0,0,0,0,0,0,0,,
12693,14112,NULL,厦门东海职业技术学院,福建,厦门市,专科,,民办,3,普通应用/职业供给高校,专科/高职高校，当前库内未命中双高、国家示范/骨干等强信号,default_vocational,0,0,0,0,0,,,,,0,0,0,0,0,0,0,,
12428,13979,NULL,厦门兴才职业技术学院,福建,厦门市,专科,,民办,3,普通应用/职业供给高校,专科/高职高校，当前库内未命中双高、国家示范/骨干等强信号,default_vocational,0,0,0,0,0,,,,,0,0,0,0,0,0,0,,
10870,12631,NULL,厦门医学院,福建,厦门市,本科,,公办,3,普通应用/职业供给高校,本科高校，但未命中985、211、双一流、研究型、前列排名、硕博点等强信号,default_undergraduate,0,0,0,0,0,369,549,,,0,0,0,0,0,0,0,,
11340,12709,NULL,厦门华厦学院,福建,厦门市,本科,,民办,2,区域重点/特色优势高校,院士数：1,academicians,0,0,0,0,0,,1275,,,0,0,0,0,1,0,0,,
12357,13768,NULL,厦门华天涉外职业技术学院,福建,厦门市,专科,,民办,3,普通应用/职业供给高校,专科/高职高校，当前库内未命中双高、国家示范/骨干等强信号,default_vocational,0,0,0,0,0,,,,,0,0,0,0,0,0,0,,
12429,14111,NULL,厦门南洋职业学院,福建,厦门市,专科,,民办,3,普通应用/职业供给高校,专科/高职高校，当前库内未命中双高、国家示范/骨干等强信号,default_vocational,0,0,0,0,0,,,,,0,0,0,0,0,0,0,,
12114,13973,NULL,厦门城市职业学院,福建,厦门市,专科,,公办,3,普通应用/职业供给高校,专科/高职高校，当前库内未命中双高、国家示范/骨干等强信号,default_vocational,0,0,0,0,0,,,,,0,0,0,0,0,0,0,,
10038,10384,NULL,厦门大学,福建,厦门市,本科,研究型,公办,1,头部/强研究型高校,985 高校；双一流高校；办学类型为研究型；软科排名前100：25；库内综合排名前100：27,is985;is_dual_class;school_type_t1;ruanke_top100;ranking_top100,1,1,1,1,0,25,27,19,27,133,206,0,0,17,0,0,,
10941,13469,NULL,厦门大学嘉庚学院,福建,漳州市,本科,,民办,3,普通应用/职业供给高校,本科高校，但未命中985、211、双一流、研究型、前列排名、硕博点等强信号,default_undergraduate,0,0,0,0,0,,884,,,0,0,0,0,0,0,0,,
12721,14257,NULL,厦门安防科技职业学院,福建,厦门市,专科,,民办,3,普通应用/职业供给高校,专科/高职高校，当前库内未命中双高、国家示范/骨干等强信号,default_vocational,0,0,0,0,0,,,,,0,0,0,0,0,0,0,,
11161,13115,NULL,厦门工学院,福建,厦门市,本科,,民办,2,区域重点/特色优势高校,院士数：2,academicians,0,0,0,0,0,,1268,,,0,0,0,0,2,0,0,,
11903,12629,NULL,厦门海洋职业技术学院,福建,厦门市,专科,,公办,3,普通应用/职业供给高校,专科/高职高校，当前库内未命中双高、国家示范/骨干等强信号,default_vocational,0,0,0,0,0,,,,,0,0,0,0,0,0,0,,
12762,13767,NULL,厦门演艺职业学院,福建,厦门市,专科,,民办,3,普通应用/职业供给高校,专科/高职高校，当前库内未命中双高、国家示范/骨干等强信号,default_vocational,0,0,0,0,0,,,,,0,0,0,0,0,0,0,,
10571,11062,NULL,厦门理工学院,福建,厦门市,本科,,公办,2,区域重点/特色优势高校,软科排名前350：246；库内综合排名前500：307；硕士点/硕士专业学位点：19,ruanke_top350;ranking_top500;master_points,0,0,0,0,0,246,307,,364,19,0,0,0,0,0,0,,
12320,14059,NULL,厦门软件职业技术学院,福建,厦门市,专科,,民办,3,普通应用/职业供给高校,专科/高职高校，当前库内未命中双高、国家示范/骨干等强信号,default_vocational,0,0,0,0,0,,,,,0,0,0,0,0,0,0,,
70590,14877,NULL,双河职业技术学院,新疆,直辖县级市,专科,,公办,3,普通应用/职业供给高校,专科/高职高校，当前库内未命中双高、国家示范/骨干等强信号,default_vocational,0,0,0,0,0,,,,,0,0,0,0,0,0,0,,
70363,14826,NULL,可克达拉职业技术学院,新疆,直辖县级市,专科,,公办,3,普通应用/职业供给高校,专科/高职高校，当前库内未命中双高、国家示范/骨干等强信号,default_vocational,0,0,0,0,0,,,,,0,0,0,0,0,0,0,,
10336,10350,NULL,台州学院,浙江,台州市,本科,应用型,公办,2,区域重点/特色优势高校,软科排名前350：278；硕士点/硕士专业学位点：3；院士数：1,ruanke_top350;master_points;academicians,0,0,0,0,0,278,532,,235,3,0,0,0,1,0,0,,
12217,13746,NULL,台州科技职业学院,浙江,台州市,专科,,公办,3,普通应用/职业供给高校,专科/高职高校，当前库内未命中双高、国家示范/骨干等强信号,default_vocational,0,0,0,0,0,,,,,0,0,0,0,0,0,0,,
11481,12790,NULL,台州职业技术学院,浙江,台州市,专科,,公办,3,普通应用/职业供给高校,专科/高职高校，当前库内未命中双高、国家示范/骨干等强信号,default_vocational,0,0,0,0,0,,,,,0,0,0,0,0,0,0,,
10643,10599,NULL,右江民族医学院,广西,百色市,本科,,公办,2,区域重点/特色优势高校,库内综合排名前500：438；硕士点/硕士专业学位点：10,ranking_top500;master_points,0,0,0,0,0,381,438,,,10,0,0,0,0,0,0,,
12347,14230,NULL,合肥信息技术职业学院,安徽,合肥市,专科,,民办,3,普通应用/职业供给高校,专科/高职高校，当前库内未命中双高、国家示范/骨干等强信号,default_vocational,0,0,0,0,0,,,,,0,0,0,0,0,0,0,,
12723,14135,NULL,合肥共达职业技术学院,安徽,合肥市,专科,,民办,3,普通应用/职业供给高校,专科/高职高校，当前库内未命中双高、国家示范/骨干等强信号,default_vocational,0,0,0,0,0,,,,,0,0,0,0,0,0,0,,
11374,13615,NULL,合肥城市学院,安徽,合肥市,本科,,民办,3,普通应用/职业供给高校,本科高校，但未命中985、211、双一流、研究型、前列排名、硕博点等强信号,default_undergraduate,0,0,0,0,0,,1277,,,0,0,0,0,0,0,0,,
10495,11059,NULL,合肥大学,安徽,合肥市,本科,应用型,公办,2,区域重点/特色优势高校,软科排名前350：316；库内综合排名前500：429；硕士点/硕士专业学位点：5,ruanke_top350;ranking_top500;master_points,0,0,0,0,0,316,429,,412,5,0,0,0,0,0,0,,
10071,10359,NULL,合肥工业大学,安徽,合肥市,本科,特色研究型,公办,1,头部/强研究型高校,双一流高校；软科排名前100：80；库内综合排名前100：70,is_dual_class;ruanke_top100;ranking_top100,0,1,1,0,0,80,70,,107,58,27,0,0,4,0,0,,
10072,19359,NULL,合肥工业大学(宣城校区),安徽,宣城市,本科,区域特色研究型,公办,1,头部/强研究型高校,双一流高校,is_dual_class,0,1,1,0,0,,107,,,0,0,0,0,0,0,0,,
10685,14098,NULL,合肥师范学院,安徽,合肥市,本科,,公办,2,区域重点/特色优势高校,硕士点/硕士专业学位点：3,master_points,0,0,0,0,0,414,648,,,3,0,0,0,0,0,0,,
12189,14330,NULL,合肥幼儿师范高等专科学校,安徽,合肥市,专科,,公办,3,普通应用/职业供给高校,专科/高职高校，当前库内未命中双高、国家示范/骨干等强信号,default_vocational,0,0,0,0,0,,,,,0,0,0,0,0,0,0,,
11099,13612,NULL,合肥理工学院,安徽,合肥市,本科,,公办,3,普通应用/职业供给高校,本科高校，但未命中985、211、双一流、研究型、前列排名、硕博点等强信号,default_undergraduate,0,0,0,0,0,500,669,,,0,0,0,0,0,0,0,,
12510,14420,NULL,合肥科技职业学院,安徽,合肥市,专科,,民办,3,普通应用/职业供给高校,专科/高职高校，当前库内未命中双高、国家示范/骨干等强信号,default_vocational,0,0,0,0,0,,,,,0,0,0,0,0,0,0,,
11125,13616,NULL,合肥经济学院,安徽,合肥市,本科,,民办,3,普通应用/职业供给高校,本科高校，但未命中985、211、双一流、研究型、前列排名、硕博点等强信号,default_undergraduate,0,0,0,0,0,,1171,,,0,0,0,0,0,0,0,,
12116,13058,NULL,合肥职业技术学院,安徽,合肥市,专科,,公办,2,区域重点/特色优势高校,职业院校强信号文本：双高,vocational_feature,0,0,0,0,0,,,,,0,0,0,0,0,0,0,,
11910,12410,NULL,合肥通用职业技术学院,安徽,合肥市,专科,,公办,3,普通应用/职业供给高校,专科/高职高校，当前库内未命中双高、国家示范/骨干等强信号,default_vocational,0,0,0,0,0,,,,,0,0,0,0,0,0,0,,
11182,12802,NULL,吉利学院,四川,成都市,本科,,民办,3,普通应用/职业供给高校,本科高校，但未命中985、211、双一流、研究型、前列排名、硕博点等强信号,default_undergraduate,0,0,0,0,0,,1177,,,0,0,0,0,0,0,0,,
70367,14807,NULL,吉安幼儿师范高等专科学校,江西,吉安市,专科,,公办,3,普通应用/职业供给高校,专科/高职高校，当前库内未命中双高、国家示范/骨干等强信号,default_vocational,0,0,0,0,0,,,,,0,0,0,0,0,0,0,,
12051,14504,NULL,吉安职业技术学院,江西,吉安市,专科,,公办,3,普通应用/职业供给高校,专科/高职高校，当前库内未命中双高、国家示范/骨干等强信号,default_vocational,0,0,0,0,0,,,,,0,0,0,0,0,0,0,,
11761,12049,NULL,吉林交通职业技术学院,吉林,长春市,专科,,公办,3,普通应用/职业供给高校,专科/高职高校，当前库内未命中双高、国家示范/骨干等强信号,default_vocational,0,0,0,0,0,,,,,0,0,0,0,0,0,0,,
10642,10208,NULL,吉林体育学院,吉林,长春市,本科,,公办,2,区域重点/特色优势高校,硕士点/硕士专业学位点：4,master_points,0,0,0,0,0,458,891,,,4,0,0,0,0,0,0,,
10308,10193,NULL,吉林农业大学,吉林,长春市,本科,区域特色研究型,公办,2,区域重点/特色优势高校,办学类型为区域特色研究型；软科排名前350：161；博士点/博士专业学位点：26；硕士点/硕士专业学位点：49；院士数：1,school_type_t2;ruanke_top350;doctoral_points;master_points;academicians,0,0,0,0,0,161,657,,311,49,26,0,0,1,0,0,,
10652,11439,NULL,吉林农业科技学院,吉林,吉林市,本科,,公办,3,普通应用/职业供给高校,本科高校，但未命中985、211、双一流、研究型、前列排名、硕博点等强信号,default_undergraduate,0,0,0,0,0,488,829,,,0,0,0,0,0,0,0,,
11180,13607,NULL,吉林动画学院,吉林,长春市,本科,,民办,3,普通应用/职业供给高校,本科高校，但未命中985、211、双一流、研究型、前列排名、硕博点等强信号,default_undergraduate,0,0,0,0,0,,1151,,,0,0,0,0,0,0,0,,
10466,10192,NULL,吉林化工大学,吉林,吉林市,本科,应用型,公办,2,区域重点/特色优势高校,硕士点/硕士专业学位点：9,master_points,0,0,0,0,0,412,692,,421,9,0,0,0,0,0,0,,
10822,13706,NULL,吉林医药学院,吉林,吉林市,本科,,公办,2,区域重点/特色优势高校,院士数：1,academicians,0,0,0,0,0,450,684,,,0,0,0,0,1,0,0,,
12200,12901,NULL,吉林司法警官职业学院,吉林,长春市,专科,,公办,3,普通应用/职业供给高校,专科/高职高校，当前库内未命中双高、国家示范/骨干等强信号,default_vocational,0,0,0,0,0,,,,,0,0,0,0,0,0,0,,
12054,14426,NULL,吉林城市职业技术学院,吉林,长春市,专科,,民办,3,普通应用/职业供给高校,专科/高职高校，当前库内未命中双高、国家示范/骨干等强信号,default_vocational,0,0,0,0,0,,,,,0,0,0,0,0,0,0,,
10689,10964,NULL,吉林外国语大学,吉林,长春市,本科,,民办,2,区域重点/特色优势高校,硕士点/硕士专业学位点：12,master_points,0,0,0,0,0,,1068,,,12,0,0,0,0,0,0,,
10032,10183,NULL,吉林大学,吉林,长春市,本科,研究型,公办,1,头部/强研究型高校,985 高校；双一流高校；办学类型为研究型；软科排名前100：26；库内综合排名前100：50,is985;is_dual_class;school_type_t1;ruanke_top100;ranking_top100,1,1,1,1,0,26,50,29,41,146,200,0,0,15,0,0,,
12130,12903,NULL,吉林工业职业技术学院,吉林,吉林市,专科,,公办,2,区域重点/特色优势高校,职业院校强信号文本：双高,vocational_feature,0,0,0,0,0,,,,,0,0,0,0,0,0,0,,
10636,11261,NULL,吉林工商学院,吉林,长春市,本科,,公办,3,普通应用/职业供给高校,本科高校，但未命中985、211、双一流、研究型、前列排名、硕博点等强信号,default_undergraduate,0,0,0,0,0,500,760,,,0,0,0,0,0,0,0,,
10619,10204,NULL,吉林工程技术师范学院,吉林,长春市,本科,,公办,2,区域重点/特色优势高校,硕士点/硕士专业学位点：9；院士数：1,master_points;academicians,0,0,0,0,0,482,837,,,9,0,0,0,1,0,0,,
12150,12904,NULL,吉林工程职业学院,吉林,四平市,专科,,公办,3,普通应用/职业供给高校,专科/高职高校，当前库内未命中双高、国家示范/骨干等强信号,default_vocational,0,0,0,0,0,,,,,0,0,0,0,0,0,0,,
10438,10203,NULL,吉林师范大学,吉林,四平市,本科,应用型,公办,2,区域重点/特色优势高校,软科排名前350：322；库内综合排名前500：465；博士点/博士专业学位点：2；硕士点/硕士专业学位点：44,ruanke_top350;ranking_top500;doctoral_points;master_points,0,0,0,0,0,322,465,,326,44,2,0,0,0,0,0,,
11093,13622,NULL,吉林师范大学博达学院,吉林,四平市,本科,,民办,3,普通应用/职业供给高校,本科高校，但未命中985、211、双一流、研究型、前列排名、硕博点等强信号,default_undergraduate,0,0,0,0,0,,1136,,,0,0,0,0,0,0,0,,
10552,10191,NULL,吉林建筑大学,吉林,长春市,本科,,公办,2,区域重点/特色优势高校,软科排名前350：294；硕士点/硕士专业学位点：21,ruanke_top350;master_points,0,0,0,0,0,294,740,,422,21,0,0,0,0,0,0,,
10961,13604,NULL,吉林建筑科技学院,吉林,长春市,本科,,民办,3,普通应用/职业供给高校,本科高校，但未命中985、211、双一流、研究型、前列排名、硕博点等强信号,default_undergraduate,0,0,0,0,0,,1195,,,0,0,0,0,0,0,0,,
11396,14602,NULL,吉林水利电力职业学院,吉林,长春市,专科,,公办,3,普通应用/职业供给高校,专科/高职高校，当前库内未命中双高、国家示范/骨干等强信号,default_vocational,0,0,0,0,0,,,,,0,0,0,0,0,0,0,,
12128,12902,NULL,吉林电子信息职业技术学院,吉林,吉林市,专科,,公办,3,普通应用/职业供给高校,专科/高职高校，当前库内未命中双高、国家示范/骨干等强信号,default_vocational,0,0,0,0,0,,,,,0,0,0,0,0,0,0,,
12651,51243,NULL,吉林省经济管理干部学院,吉林,长春市,专科,,公办,3,普通应用/职业供给高校,专科/高职高校，当前库内未命中双高、国家示范/骨干等强信号,default_vocational,0,0,0,0,0,,,,,0,0,0,0,0,0,0,,
12591,14291,NULL,吉林科技职业技术学院,吉林,长春市,专科,,民办,3,普通应用/职业供给高校,专科/高职高校，当前库内未命中双高、国家示范/骨干等强信号,default_vocational,0,0,0,0,0,,,,,0,0,0,0,0,0,0,,
12856,14567,NULL,吉林职业技术学院,吉林,延边朝鲜族自治州,专科,,民办,3,普通应用/职业供给高校,专科/高职高校，当前库内未命中双高、国家示范/骨干等强信号,default_vocational,0,0,0,0,0,,,,,0,0,0,0,0,0,0,,
10763,10209,NULL,吉林艺术学院,吉林,长春市,本科,,公办,2,区域重点/特色优势高校,硕士点/硕士专业学位点：9,master_points,0,0,0,0,0,,859,,,9,0,0,0,0,0,0,,
10641,11441,NULL,吉林警察学院,吉林,长春市,本科,,公办,3,普通应用/职业供给高校,本科高校，但未命中985、211、双一流、研究型、前列排名、硕博点等强信号,default_undergraduate,0,0,0,0,0,429,524,,,0,0,0,0,0,0,0,,
10411,10207,NULL,吉林财经大学,吉林,长春市,本科,应用型,公办,2,区域重点/特色优势高校,软科排名前350：222；库内综合排名前500：411；博士点/博士专业学位点：2；硕士点/硕士专业学位点：32,ruanke_top350;ranking_top500;doctoral_points;master_points,0,0,0,0,0,222,411,,,32,2,0,0,0,0,0,,
70067,14743,NULL,吉林通用航空职业技术学院,吉林,吉林市,专科,,公办,3,普通应用/职业供给高校,专科/高职高校，当前库内未命中双高、国家示范/骨干等强信号,default_vocational,0,0,0,0,0,,,,,0,0,0,0,0,0,0,,
12579,14052,NULL,吉林铁道职业技术大学,吉林,吉林市,本科,,公办,2,区域重点/特色优势高校,库内综合排名前500：489,ranking_top500,0,0,0,0,0,,489,,,0,0,0,0,0,0,0,,
10440,10531,NULL,吉首大学,湖南,湘西土家族苗族自治州,本科,应用型,公办,2,区域重点/特色优势高校,软科排名前350：323；库内综合排名前500：468；博士点/博士专业学位点：3；硕士点/硕士专业学位点：22,ruanke_top350;ranking_top500;doctoral_points;master_points,0,0,0,0,0,323,468,,209,22,3,0,0,0,0,0,,
10033,10247,NULL,同济大学,上海,杨浦区,本科,研究型,公办,1,头部/强研究型高校,985 高校；双一流高校；办学类型为研究型；软科排名前100：18；库内综合排名前100：12,is985;is_dual_class;school_type_t1;ruanke_top100;ranking_top100,1,1,1,1,0,18,12,8,14,307,217,0,0,47,0,0,,
10963,14206,NULL,同济大学浙江学院,浙江,嘉兴市,本科,,民办,3,普通应用/职业供给高校,本科高校，但未命中985、211、双一流、研究型、前列排名、硕博点等强信号,default_undergraduate,0,0,0,0,0,,,,,0,0,0,0,0,0,0,,
12860,14585,NULL,吐鲁番职业技术学院,新疆,吐鲁番市,专科,,公办,3,普通应用/职业供给高校,专科/高职高校，当前库内未命中双高、国家示范/骨干等强信号,default_vocational,0,0,0,0,0,,,,,0,0,0,0,0,0,0,,
10673,10812,NULL,吕梁学院,山西,吕梁市,本科,,公办,3,普通应用/职业供给高校,本科高校，但未命中985、211、双一流、研究型、前列排名、硕博点等强信号,default_undergraduate,0,0,0,0,0,500,991,,,0,0,0,0,0,0,0,,
70328,14777,NULL,吕梁师范高等专科学校,山西,吕梁市,专科,,公办,3,普通应用/职业供给高校,专科/高职高校，当前库内未命中双高、国家示范/骨干等强信号,default_vocational,0,0,0,0,0,,,,,0,0,0,0,0,0,0,,
11506,14500,NULL,吕梁职业技术学院,山西,吕梁市,专科,,公办,3,普通应用/职业供给高校,专科/高职高校，当前库内未命中双高、国家示范/骨干等强信号,default_vocational,0,0,0,0,0,,,,,0,0,0,0,0,0,0,,
70604,14864,NULL,周口城市职业学院,河南,周口市,专科,,民办,3,普通应用/职业供给高校,专科/高职高校，当前库内未命中双高、国家示范/骨干等强信号,default_vocational,0,0,0,0,0,,,,,0,0,0,0,0,0,0,,
10762,10478,NULL,周口师范学院,河南,周口市,本科,,公办,3,普通应用/职业供给高校,本科高校，但未命中985、211、双一流、研究型、前列排名、硕博点等强信号,default_undergraduate,0,0,0,0,0,389,780,,,0,0,0,0,0,0,0,,
70055,14751,NULL,周口文理职业学院,河南,周口市,专科,,公办,3,普通应用/职业供给高校,专科/高职高校，当前库内未命中双高、国家示范/骨干等强信号,default_vocational,0,0,0,0,0,,,,,0,0,0,0,0,0,0,,
70658,14931,NULL,周口智慧能源职业学院,河南,周口市,专科,,民办,3,普通应用/职业供给高校,专科/高职高校，当前库内未命中双高、国家示范/骨干等强信号,default_vocational,0,0,0,0,0,,,,,0,0,0,0,0,0,0,,
70343,14792,NULL,周口理工职业学院,河南,周口市,专科,,公办,3,普通应用/职业供给高校,专科/高职高校，当前库内未命中双高、国家示范/骨干等强信号,default_vocational,0,0,0,0,0,,,,,0,0,0,0,0,0,0,,
11747,12750,NULL,周口职业技术学院,河南,周口市,专科,,公办,3,普通应用/职业供给高校,专科/高职高校，当前库内未命中双高、国家示范/骨干等强信号,default_vocational,0,0,0,0,0,,,,,0,0,0,0,0,0,0,,
10790,10819,NULL,呼伦贝尔学院,内蒙古,呼伦贝尔市,本科,,公办,2,区域重点/特色优势高校,硕士点/硕士专业学位点：5；院士数：1,master_points;academicians,0,0,0,0,0,500,923,,,5,0,0,0,1,0,0,,
11583,14283,NULL,呼伦贝尔职业技术学院,内蒙古,呼伦贝尔市,专科,,公办,3,普通应用/职业供给高校,专科/高职高校，当前库内未命中双高、国家示范/骨干等强信号,default_vocational,0,0,0,0,0,,,,,0,0,0,0,0,0,0,,
10890,11709,NULL,呼和浩特民族学院,内蒙古,呼和浩特市,本科,,公办,2,区域重点/特色优势高校,硕士点/硕士专业学位点：3,master_points,0,0,0,0,0,500,754,,,3,0,0,0,0,0,0,,
12731,12670,NULL,呼和浩特职业技术大学,内蒙古,呼和浩特市,本科,,公办,3,普通应用/职业供给高校,本科高校，但未命中985、211、双一流、研究型、前列排名、硕博点等强信号,default_undergraduate,0,0,0,0,0,,982,,,0,0,0,0,0,0,0,,
70069,14748,NULL,和君职业学院,江西,赣州市,专科,,民办,3,普通应用/职业供给高校,专科/高职高校，当前库内未命中双高、国家示范/骨干等强信号,default_vocational,0,0,0,0,0,,,,,0,0,0,0,0,0,0,,
12679,14652,NULL,和田职业技术学院,新疆,和田地区,专科,,公办,3,普通应用/职业供给高校,专科/高职高校，当前库内未命中双高、国家示范/骨干等强信号,default_vocational,0,0,0,0,0,,,,,0,0,0,0,0,0,0,,
11504,13265,NULL,咸宁职业技术学院,湖北,咸宁市,专科,,公办,3,普通应用/职业供给高校,专科/高职高校，当前库内未命中双高、国家示范/骨干等强信号,default_vocational,0,0,0,0,0,,,,,0,0,0,0,0,0,0,,
10847,10722,NULL,咸阳师范学院,陕西,咸阳市,本科,,公办,2,区域重点/特色优势高校,硕士点/硕士专业学位点：2,master_points,0,0,0,0,0,486,611,,,2,0,0,0,0,0,0,,
11764,13946,NULL,咸阳职业技术学院,陕西,咸阳市,专科,,公办,3,普通应用/职业供给高校,专科/高职高校，当前库内未命中双高、国家示范/骨干等强信号,default_vocational,0,0,0,0,0,,,,,0,0,0,0,0,0,0,,
12324,14524,NULL,哈密职业技术学院,新疆,哈密地区,专科,,公办,3,普通应用/职业供给高校,专科/高职高校，当前库内未命中双高、国家示范/骨干等强信号,default_vocational,0,0,0,0,0,,,,,0,0,0,0,0,0,0,,
12206,13302,NULL,哈尔滨传媒职业学院,黑龙江,哈尔滨市,专科,,民办,3,普通应用/职业供给高校,专科/高职高校，当前库内未命中双高、国家示范/骨干等强信号,default_vocational,0,0,0,0,0,,,,,0,0,0,0,0,0,0,,
10656,10242,NULL,哈尔滨体育学院,黑龙江,哈尔滨市,本科,,公办,2,区域重点/特色优势高校,博士点/博士专业学位点：6；硕士点/硕士专业学位点：9,doctoral_points;master_points,0,0,0,0,0,370,710,,,9,6,0,0,0,0,0,,
11241,11635,NULL,哈尔滨信息工程学院,黑龙江,哈尔滨市,本科,,民办,3,普通应用/职业供给高校,本科高校，但未命中985、211、双一流、研究型、前列排名、硕博点等强信号,default_undergraduate,0,0,0,0,0,,1220,,,0,0,0,0,0,0,0,,
11259,13303,NULL,哈尔滨剑桥学院,黑龙江,哈尔滨市,本科,,民办,3,普通应用/职业供给高校,本科高校，但未命中985、211、双一流、研究型、前列排名、硕博点等强信号,default_undergraduate,0,0,0,0,0,,1227,,,0,0,0,0,0,0,0,,
12894,14633,NULL,哈尔滨北方航空职业技术学院,黑龙江,哈尔滨市,专科,,民办,3,普通应用/职业供给高校,专科/高职高校，当前库内未命中双高、国家示范/骨干等强信号,default_vocational,0,0,0,0,0,,,,,0,0,0,0,0,0,0,,
10147,10226,NULL,哈尔滨医科大学,黑龙江,哈尔滨市,本科,区域特色研究型,公办,1,头部/强研究型高校,软科排名前100：79,ruanke_top100,0,0,0,0,0,79,153,,134,58,51,0,0,1,0,0,,
11368,13307,NULL,哈尔滨华德学院,黑龙江,哈尔滨市,本科,,民办,3,普通应用/职业供给高校,本科高校，但未命中985、211、双一流、研究型、前列排名、硕博点等强信号,default_undergraduate,0,0,0,0,0,,1210,,,0,0,0,0,0,0,0,,
10347,10240,NULL,哈尔滨商业大学,黑龙江,哈尔滨市,本科,应用型,公办,2,区域重点/特色优势高校,软科排名前350：299；博士点/博士专业学位点：9；硕士点/硕士专业学位点：37,ruanke_top350;doctoral_points;master_points,0,0,0,0,0,299,529,,,37,9,0,0,0,0,0,,
70642,14911,NULL,哈尔滨商贸职业学院,黑龙江,哈尔滨市,专科,,民办,3,普通应用/职业供给高校,专科/高职高校，当前库内未命中双高、国家示范/骨干等强信号,default_vocational,0,0,0,0,0,,,,,0,0,0,0,0,0,0,,
12646,13451,NULL,哈尔滨城市职业学院,黑龙江,哈尔滨市,专科,,民办,3,普通应用/职业供给高校,专科/高职高校，当前库内未命中双高、国家示范/骨干等强信号,default_vocational,0,0,0,0,0,,,,,0,0,0,0,0,0,0,,
10834,10234,NULL,哈尔滨学院,黑龙江,哈尔滨市,本科,,公办,2,区域重点/特色优势高校,硕士点/硕士专业学位点：2,master_points,0,0,0,0,0,469,703,,,2,0,0,0,0,0,0,,
10026,10213,NULL,哈尔滨工业大学,黑龙江,哈尔滨市,本科,研究型,公办,1,头部/强研究型高校,985 高校；双一流高校；办学类型为研究型；软科排名前100：12；库内综合排名前100：10,is985;is_dual_class;school_type_t1;ruanke_top100;ranking_top100,1,1,1,1,0,12,10,11,15,43,40,0,0,0,0,0,,
10027,19213,NULL,哈尔滨工业大学(威海),山东,威海市,本科,中国研究型,公办,1,头部/强研究型高校,985 高校；双一流高校；办学类型为中国研究型；库内综合排名前100：25,is985;is_dual_class;school_type_t1;ranking_top100,1,1,1,1,0,,25,,,18,1,0,0,2,0,0,,
10158,18213,NULL,哈尔滨工业大学(深圳),广东,深圳市,本科,,公办,1,头部/强研究型高校,985 高校；双一流高校；库内综合排名前100：12,is985;is_dual_class;ranking_top100,1,1,1,1,0,,12,,,31,23,0,0,4,0,0,,
10096,10217,NULL,哈尔滨工程大学,黑龙江,哈尔滨市,本科,特色研究型,公办,1,头部/强研究型高校,双一流高校；软科排名前100：43；库内综合排名前100：46,is_dual_class;ruanke_top100;ranking_top100,0,1,1,0,0,43,46,59,99,47,28,0,0,7,0,0,,
10236,10231,NULL,哈尔滨师范大学,黑龙江,哈尔滨市,本科,区域特色研究型,公办,2,区域重点/特色优势高校,办学类型为区域特色研究型；软科排名前350：223；博士点/博士专业学位点：9；硕士点/硕士专业学位点：47,school_type_t2;ruanke_top350;doctoral_points;master_points,0,0,0,0,0,223,502,,255,47,9,0,0,0,0,0,,
12394,14425,NULL,哈尔滨幼儿师范高等专科学校,黑龙江,哈尔滨市,专科,,公办,3,普通应用/职业供给高校,专科/高职高校，当前库内未命中双高、国家示范/骨干等强信号,default_vocational,0,0,0,0,0,,,,,0,0,0,0,0,0,0,,
11360,13306,NULL,哈尔滨广厦学院,黑龙江,哈尔滨市,本科,,民办,3,普通应用/职业供给高校,本科高校，但未命中985、211、双一流、研究型、前列排名、硕博点等强信号,default_undergraduate,0,0,0,0,0,,1155,,,0,0,0,0,0,0,0,,
12698,14055,NULL,哈尔滨应用职业技术学院,黑龙江,哈尔滨市,专科,,民办,3,普通应用/职业供给高校,专科/高职高校，当前库内未命中双高、国家示范/骨干等强信号,default_vocational,0,0,0,0,0,,,,,0,0,0,0,0,0,0,,
11610,12053,NULL,哈尔滨建筑科技职业大学,黑龙江,哈尔滨市,本科,,公办,3,普通应用/职业供给高校,本科高校，但未命中985、211、双一流、研究型、前列排名、硕博点等强信号,default_undergraduate,0,0,0,0,0,,,,,0,0,0,0,0,0,0,,
10217,10214,NULL,哈尔滨理工大学,黑龙江,哈尔滨市,本科,区域特色研究型,公办,2,区域重点/特色优势高校,办学类型为区域特色研究型；软科排名前350：214；库内综合排名前500：242；博士点/博士专业学位点：8；硕士点/硕士专业学位点：31；院士数：1,school_type_t2;ruanke_top350;ranking_top500;doctoral_points;master_points;academicians,0,0,0,0,0,214,242,,234,31,8,0,0,1,0,0,,
11637,12906,NULL,哈尔滨电力职业技术学院,黑龙江,哈尔滨市,专科,,公办,3,普通应用/职业供给高校,专科/高职高校，当前库内未命中双高、国家示范/骨干等强信号,default_vocational,0,0,0,0,0,,,,,0,0,0,0,0,0,0,,
11361,13299,NULL,哈尔滨石油学院,黑龙江,哈尔滨市,本科,,民办,3,普通应用/职业供给高校,本科高校，但未命中985、211、双一流、研究型、前列排名、硕博点等强信号,default_undergraduate,0,0,0,0,0,,1201,,,0,0,0,0,0,0,0,,
11517,14108,NULL,哈尔滨科学技术职业学院,黑龙江,哈尔滨市,专科,,公办,3,普通应用/职业供给高校,专科/高职高校，当前库内未命中双高、国家示范/骨干等强信号,default_vocational,0,0,0,0,0,,,,,0,0,0,0,0,0,0,,
12384,12911,NULL,哈尔滨职业技术大学,黑龙江,哈尔滨市,本科,,公办,3,普通应用/职业供给高校,本科高校，但未命中985、211、双一流、研究型、前列排名、硕博点等强信号,default_undergraduate,0,0,0,0,0,,910,,,0,0,0,0,0,0,0,,
11290,13301,NULL,哈尔滨远东理工学院,黑龙江,哈尔滨市,本科,,民办,3,普通应用/职业供给高校,本科高校，但未命中985、211、双一流、研究型、前列排名、硕博点等强信号,default_undergraduate,0,0,0,0,0,,1173,,,0,0,0,0,0,0,0,,
10825,10245,NULL,哈尔滨金融学院,黑龙江,哈尔滨市,本科,,公办,3,普通应用/职业供给高校,本科高校，但未命中985、211、双一流、研究型、前列排名、硕博点等强信号,default_undergraduate,0,0,0,0,0,500,677,,,0,0,0,0,0,0,0,,
12361,12907,NULL,哈尔滨铁道职业技术学院,黑龙江,哈尔滨市,专科,,公办,2,区域重点/特色优势高校,职业院校强信号文本：双高,vocational_feature,0,0,0,0,0,,,,,0,0,0,0,0,0,0,,
10814,14560,NULL,哈尔滨音乐学院,黑龙江,哈尔滨市,本科,,公办,2,区域重点/特色优势高校,博士点/博士专业学位点：2；硕士点/硕士专业学位点：3,doctoral_points;master_points,0,0,0,0,0,,812,,,3,2,0,0,0,0,0,,
10806,11033,NULL,唐山学院,河北,唐山市,本科,,公办,3,普通应用/职业供给高校,本科高校，但未命中985、211、双一流、研究型、前列排名、硕博点等强信号,default_undergraduate,0,0,0,0,0,500,565,,,0,0,0,0,0,0,0,,
12033,12787,NULL,唐山工业职业技术大学,河北,唐山市,本科,,公办,3,普通应用/职业供给高校,本科高校，但未命中985、211、双一流、研究型、前列排名、硕博点等强信号,default_undergraduate,0,0,0,0,0,,752,,,0,0,0,0,0,0,0,,
10894,10099,NULL,唐山师范学院,河北,唐山市,本科,,公办,2,区域重点/特色优势高校,硕士点/硕士专业学位点：1,master_points,0,0,0,0,0,438,606,,,1,0,0,0,0,0,0,,
12855,14586,NULL,唐山幼儿师范高等专科学校,河北,唐山市,专科,,公办,3,普通应用/职业供给高校,专科/高职高校，当前库内未命中双高、国家示范/骨干等强信号,default_vocational,0,0,0,0,0,,,,,0,0,0,0,0,0,0,,
11863,14696,NULL,唐山海运职业学院,河北,唐山市,专科,,民办,3,普通应用/职业供给高校,专科/高职高校，当前库内未命中双高、国家示范/骨干等强信号,default_vocational,0,0,0,0,0,,,,,0,0,0,0,0,0,0,,
12132,13396,NULL,唐山科技职业技术学院,河北,唐山市,专科,,公办,3,普通应用/职业供给高校,专科/高职高校，当前库内未命中双高、国家示范/骨干等强信号,default_vocational,0,0,0,0,0,,,,,0,0,0,0,0,0,0,,
11601,12785,NULL,唐山职业技术学院,河北,唐山市,专科,,公办,3,普通应用/职业供给高校,专科/高职高校，当前库内未命中双高、国家示范/骨干等强信号,default_vocational,0,0,0,0,0,,,,,0,0,0,0,0,0,0,,
11708,13782,NULL,商丘医学高等专科学校,河南,商丘市,专科,,公办,3,普通应用/职业供给高校,专科/高职高校，当前库内未命中双高、国家示范/骨干等强信号,default_vocational,0,0,0,0,0,,,,,0,0,0,0,0,0,0,,
11262,14003,NULL,商丘学院,河南,商丘市,本科,,民办,3,普通应用/职业供给高校,本科高校，但未命中985、211、双一流、研究型、前列排名、硕博点等强信号,default_undergraduate,0,0,0,0,0,,901,,,0,0,0,0,0,0,0,,
11271,13500,NULL,商丘工学院,河南,商丘市,本科,,民办,3,普通应用/职业供给高校,本科高校，但未命中985、211、双一流、研究型、前列排名、硕博点等强信号,default_undergraduate,0,0,0,0,0,,1036,,,0,0,0,0,0,0,0,,
10743,10483,NULL,商丘师范学院,河南,商丘市,本科,,公办,3,普通应用/职业供给高校,本科高校，但未命中985、211、双一流、研究型、前列排名、硕博点等强信号,default_undergraduate,0,0,0,0,0,429,732,,437,0,0,0,0,0,0,0,,
70342,14791,NULL,商丘幼儿师范高等专科学校,河南,商丘市,专科,,公办,3,普通应用/职业供给高校,专科/高职高校，当前库内未命中双高、国家示范/骨干等强信号,default_vocational,0,0,0,0,0,,,,,0,0,0,0,0,0,0,,
11444,12745,NULL,商丘职业技术学院,河南,商丘市,专科,,公办,3,普通应用/职业供给高校,专科/高职高校，当前库内未命中双高、国家示范/骨干等强信号,default_vocational,0,0,0,0,0,,,,,0,0,0,0,0,0,0,,
10875,11396,NULL,商洛学院,陕西,商洛市,本科,,公办,2,区域重点/特色优势高校,硕士点/硕士专业学位点：3,master_points,0,0,0,0,0,500,731,,,3,0,0,0,0,0,0,,
12065,13948,NULL,商洛职业技术学院,陕西,商洛市,专科,,公办,3,普通应用/职业供给高校,专科/高职高校，当前库内未命中双高、国家示范/骨干等强信号,default_vocational,0,0,0,0,0,,,,,0,0,0,0,0,0,0,,
10632,10763,NULL,喀什大学,新疆,喀什地区,本科,,公办,2,区域重点/特色优势高校,博士点/博士专业学位点：2；硕士点/硕士专业学位点：16,doctoral_points;master_points,0,0,0,0,0,500,849,,,16,2,0,0,0,0,0,,
70389,14824,NULL,喀什理工职业技术学院,新疆,喀什地区,专科,,公办,3,普通应用/职业供给高校,专科/高职高校，当前库内未命中双高、国家示范/骨干等强信号,default_vocational,0,0,0,0,0,,,,,0,0,0,0,0,0,0,,
12073,14677,NULL,喀什职业技术学院,新疆,喀什地区,专科,,公办,3,普通应用/职业供给高校,专科/高职高校，当前库内未命中双高、国家示范/骨干等强信号,default_vocational,0,0,0,0,0,,,,,0,0,0,0,0,0,0,,
12713,13028,NULL,嘉兴南洋职业技术学院,浙江,嘉兴市,专科,,民办,3,普通应用/职业供给高校,专科/高职高校，当前库内未命中双高、国家示范/骨干等强信号,default_vocational,0,0,0,0,0,,,,,0,0,0,0,0,0,0,,
11076,13291,NULL,嘉兴南湖学院,浙江,嘉兴市,本科,,公办,2,区域重点/特色优势高校,库内综合排名前500：500,ranking_top500,0,0,0,0,0,425,500,,,0,0,0,0,0,0,0,,
10502,10354,NULL,嘉兴大学,浙江,嘉兴市,本科,应用型,公办,2,区域重点/特色优势高校,软科排名前350：216；库内综合排名前500：311；硕士点/硕士专业学位点：2；院士数：1,ruanke_top350;ranking_top500;master_points;academicians,0,0,0,0,0,216,311,,282,2,0,0,0,1,0,0,,
11493,12874,NULL,嘉兴职业技术学院,浙江,嘉兴市,专科,,公办,3,普通应用/职业供给高校,专科/高职高校，当前库内未命中双高、国家示范/骨干等强信号,default_vocational,0,0,0,0,0,,,,,0,0,0,0,0,0,0,,
10508,10582,NULL,嘉应学院,广东,梅州市,本科,应用型,公办,2,区域重点/特色优势高校,硕士点/硕士专业学位点：3,master_points,0,0,0,0,0,499,644,,,3,0,0,0,0,0,0,,
12577,14386,NULL,四川三河职业学院,四川,泸州市,专科,,民办,3,普通应用/职业供给高校,专科/高职高校，当前库内未命中双高、国家示范/骨干等强信号,default_vocational,0,0,0,0,0,,,,,0,0,0,0,0,0,0,,
12068,14010,NULL,四川中医药高等专科学校,四川,绵阳市,专科,,公办,3,普通应用/职业供给高校,专科/高职高校，当前库内未命中双高、国家示范/骨干等强信号,default_vocational,0,0,0,0,0,,,,,0,0,0,0,0,0,0,,
11800,12761,NULL,四川交通职业技术学院,四川,成都市,专科,,公办,2,区域重点/特色优势高校,职业院校强信号文本：双高,vocational_feature,0,0,0,0,0,,,,,0,0,0,0,0,0,0,,
10937,13669,NULL,四川传媒学院,四川,成都市,本科,,民办,2,区域重点/特色优势高校,院士数：1,academicians,0,0,0,0,0,,950,,,0,0,0,0,1,0,0,,
11820,51351,NULL,四川体育职业学院,四川,成都市,专科,,公办,3,普通应用/职业供给高校,专科/高职高校，当前库内未命中双高、国家示范/骨干等强信号,default_vocational,0,0,0,0,0,,,,,0,0,0,0,0,0,0,,
12533,13815,NULL,四川信息职业技术学院,四川,广元市,专科,,公办,3,普通应用/职业供给高校,专科/高职高校，当前库内未命中双高、国家示范/骨干等强信号,default_vocational,0,0,0,0,0,,,,,0,0,0,0,0,0,0,,
10170,10626,NULL,四川农业大学,四川,雅安市,本科,区域特色研究型,公办,1,头部/强研究型高校,双一流高校,is_dual_class,0,1,1,0,0,134,185,,116,118,62,0,0,1,0,0,,
12552,12637,NULL,四川化工职业技术学院,四川,泸州市,专科,,公办,3,普通应用/职业供给高校,专科/高职高校，当前库内未命中双高、国家示范/骨干等强信号,default_vocational,0,0,0,0,0,,,,,0,0,0,0,0,0,0,,
12274,14005,NULL,四川华新现代职业学院,四川,成都市,专科,,民办,3,普通应用/职业供给高校,专科/高职高校，当前库内未命中双高、国家示范/骨干等强信号,default_vocational,0,0,0,0,0,,,,,0,0,0,0,0,0,0,,
12223,14409,NULL,四川卫生康复职业学院,四川,自贡市,专科,,公办,3,普通应用/职业供给高校,专科/高职高校，当前库内未命中双高、国家示范/骨干等强信号,default_vocational,0,0,0,0,0,,,,,0,0,0,0,0,0,0,,
12649,13813,NULL,四川司法警官职业学院,四川,德阳市,专科,,公办,3,普通应用/职业供给高校,专科/高职高校，当前库内未命中双高、国家示范/骨干等强信号,default_vocational,0,0,0,0,0,,,,,0,0,0,0,0,0,0,,
12126,13812,NULL,四川商务职业学院,四川,成都市,专科,,公办,3,普通应用/职业供给高校,专科/高职高校，当前库内未命中双高、国家示范/骨干等强信号,default_vocational,0,0,0,0,0,,,,,0,0,0,0,0,0,0,,
12521,12964,NULL,四川国际标榜职业学院,四川,成都市,专科,,民办,3,普通应用/职业供给高校,专科/高职高校，当前库内未命中双高、国家示范/骨干等强信号,default_vocational,0,0,0,0,0,,,,,0,0,0,0,0,0,0,,
12155,14175,NULL,四川城市职业学院,四川,成都市,专科,,民办,3,普通应用/职业供给高校,专科/高职高校，当前库内未命中双高、国家示范/骨干等强信号,default_vocational,0,0,0,0,0,,,,,0,0,0,0,0,0,0,,
10399,10650,NULL,四川外国语大学,重庆,沙坪坝区,本科,区域特色研究型,公办,2,区域重点/特色优势高校,办学类型为区域特色研究型；软科排名前350：241；库内综合排名前500：310；博士点/博士专业学位点：13；硕士点/硕士专业学位点：21,school_type_t2;ruanke_top350;ranking_top500;doctoral_points;master_points,0,0,0,0,0,241,310,,,21,13,0,0,0,0,0,,
10031,10610,NULL,四川大学,四川,成都市,本科,研究型,公办,1,头部/强研究型高校,985 高校；双一流高校；办学类型为研究型；软科排名前100：16；库内综合排名前100：39,is985;is_dual_class;school_type_t1;ruanke_top100;ranking_top100,1,1,1,1,0,16,39,17,25,130,125,0,0,19,0,0,,
11130,14039,NULL,四川大学锦江学院,四川,眉山市,本科,,民办,3,普通应用/职业供给高校,本科高校，但未命中985、211、双一流、研究型、前列排名、硕博点等强信号,default_undergraduate,0,0,0,0,0,,916,,,0,0,0,0,0,0,0,,
11063,13816,NULL,四川工业科技学院,四川,德阳市,本科,,民办,3,普通应用/职业供给高校,本科高校，但未命中985、211、双一流、研究型、前列排名、硕博点等强信号,default_undergraduate,0,0,0,0,0,,1058,,,0,0,0,0,0,0,0,,
11033,13672,NULL,四川工商学院,四川,成都市,本科,,民办,3,普通应用/职业供给高校,本科高校，但未命中985、211、双一流、研究型、前列排名、硕博点等强信号,default_undergraduate,0,0,0,0,0,,943,,,0,0,0,0,0,0,0,,
11897,12762,NULL,四川工商职业技术学院,四川,成都市,专科,,公办,3,普通应用/职业供给高校,专科/高职高校，当前库内未命中双高、国家示范/骨干等强信号,default_vocational,0,0,0,0,0,,,,,0,0,0,0,0,0,0,,
11474,12763,NULL,四川工程职业技术大学,四川,德阳市,本科,,公办,3,普通应用/职业供给高校,本科高校，但未命中985、211、双一流、研究型、前列排名、硕博点等强信号,default_undergraduate,0,0,0,0,0,,738,,,0,0,0,0,0,0,0,,
10256,10636,NULL,四川师范大学,四川,成都市,本科,区域特色研究型,公办,2,区域重点/特色优势高校,办学类型为区域特色研究型；软科排名前350：209；库内综合排名前500：215；博士点/博士专业学位点：13；硕士点/硕士专业学位点：29,school_type_t2;ruanke_top350;ranking_top500;doctoral_points;master_points,0,0,0,0,0,209,215,,181,29,13,0,0,0,0,0,,
12164,14484,NULL,四川希望汽车职业学院,四川,资阳市,专科,,民办,3,普通应用/职业供给高校,专科/高职高校，当前库内未命中双高、国家示范/骨干等强信号,default_vocational,0,0,0,0,0,,,,,0,0,0,0,0,0,0,,
12528,14221,NULL,四川幼儿师范高等专科学校,四川,绵阳市,专科,,公办,3,普通应用/职业供给高校,专科/高职高校，当前库内未命中双高、国家示范/骨干等强信号,default_vocational,0,0,0,0,0,,,,,0,0,0,0,0,0,0,,
12821,14548,NULL,四川应用技术职业学院,四川,凉山彝族自治州,专科,,民办,3,普通应用/职业供给高校,专科/高职高校，当前库内未命中双高、国家示范/骨干等强信号,default_vocational,0,0,0,0,0,,,,,0,0,0,0,0,0,0,,
11439,12764,NULL,四川建筑职业技术大学,四川,德阳市,本科,,公办,3,普通应用/职业供给高校,本科高校，但未命中985、211、双一流、研究型、前列排名、硕博点等强信号,default_undergraduate,0,0,0,0,0,,,,,0,0,0,0,0,0,0,,
12554,12963,NULL,四川托普信息技术职业学院,四川,成都市,专科,,民办,3,普通应用/职业供给高校,专科/高职高校，当前库内未命中双高、国家示范/骨干等强信号,default_vocational,0,0,0,0,0,,,,,0,0,0,0,0,0,0,,
12263,14513,NULL,四川护理职业学院,四川,德阳市,专科,,公办,3,普通应用/职业供给高校,专科/高职高校，当前库内未命中双高、国家示范/骨干等强信号,default_vocational,0,0,0,0,0,,,,,0,0,0,0,0,0,0,,
12298,14086,NULL,四川文化产业职业学院,四川,成都市,专科,,公办,3,普通应用/职业供给高校,专科/高职高校，当前库内未命中双高、国家示范/骨干等强信号,default_vocational,0,0,0,0,0,,,,,0,0,0,0,0,0,0,,
12390,14004,NULL,四川文化传媒职业学院,四川,成都市,专科,,民办,3,普通应用/职业供给高校,专科/高职高校，当前库内未命中双高、国家示范/骨干等强信号,default_vocational,0,0,0,0,0,,,,,0,0,0,0,0,0,0,,
11094,14043,NULL,四川文化艺术学院,四川,绵阳市,本科,,民办,3,普通应用/职业供给高校,本科高校，但未命中985、211、双一流、研究型、前列排名、硕博点等强信号,default_undergraduate,0,0,0,0,0,,1067,,,0,0,0,0,0,0,0,,
10846,10644,NULL,四川文理学院,四川,达州市,本科,,公办,3,普通应用/职业供给高校,本科高校，但未命中985、211、双一流、研究型、前列排名、硕博点等强信号,default_undergraduate,0,0,0,0,0,500,634,,,0,0,0,0,0,0,0,,
12048,14486,NULL,四川文轩职业学院,四川,成都市,专科,,民办,3,普通应用/职业供给高校,专科/高职高校，当前库内未命中双高、国家示范/骨干等强信号,default_vocational,0,0,0,0,0,,,,,0,0,0,0,0,0,0,,
10878,11552,NULL,四川旅游学院,四川,成都市,本科,,公办,3,普通应用/职业供给高校,本科高校，但未命中985、211、双一流、研究型、前列排名、硕博点等强信号,default_undergraduate,0,0,0,0,0,483,653,,,0,0,0,0,0,0,0,,
11701,12751,NULL,四川机电职业技术学院,四川,攀枝花,专科,,公办,3,普通应用/职业供给高校,专科/高职高校，当前库内未命中双高、国家示范/骨干等强信号,default_vocational,0,0,0,0,0,,,,,0,0,0,0,0,0,0,,
10879,11661,NULL,四川民族学院,四川,甘孜藏族自治州,本科,,公办,2,区域重点/特色优势高校,库内综合排名前500：444,ranking_top500,0,0,0,0,0,500,444,,,0,0,0,0,0,0,0,,
12082,12638,NULL,四川水利职业技术学院,四川,成都市,专科,,公办,3,普通应用/职业供给高校,专科/高职高校，当前库内未命中双高、国家示范/骨干等强信号,default_vocational,0,0,0,0,0,,,,,0,0,0,0,0,0,0,,
12363,14411,NULL,四川汽车职业技术学院,四川,绵阳市,专科,,民办,3,普通应用/职业供给高校,专科/高职高校，当前库内未命中双高、国家示范/骨干等强信号,default_vocational,0,0,0,0,0,,,,,0,0,0,0,0,0,0,,
12555,14176,NULL,四川现代职业学院,四川,成都市,专科,,民办,3,普通应用/职业供给高校,专科/高职高校，当前库内未命中双高、国家示范/骨干等强信号,default_vocational,0,0,0,0,0,,,,,0,0,0,0,0,0,0,,
12040,12065,NULL,四川电力职业技术学院,四川,成都市,专科,,公办,3,普通应用/职业供给高校,专科/高职高校，当前库内未命中双高、国家示范/骨干等强信号,default_vocational,0,0,0,0,0,,,,,0,0,0,0,0,0,0,,
11975,14485,NULL,四川电子机械职业技术学院,四川,绵阳市,专科,,民办,3,普通应用/职业供给高校,专科/高职高校，当前库内未命中双高、国家示范/骨干等强信号,default_vocational,0,0,0,0,0,,,,,0,0,0,0,0,0,0,,
11375,14410,NULL,四川电影电视学院,四川,成都市,本科,,民办,3,普通应用/职业供给高校,本科高校，但未命中985、211、双一流、研究型、前列排名、硕博点等强信号,default_undergraduate,0,0,0,0,0,,881,,,0,0,0,0,0,0,0,,
12125,14070,NULL,四川科技职业学院,四川,成都市,专科,,民办,3,普通应用/职业供给高校,专科/高职高校，当前库内未命中双高、国家示范/骨干等强信号,default_vocational,0,0,0,0,0,,,,,0,0,0,0,0,0,0,,
10525,10655,NULL,四川美术学院,重庆,沙坪坝区,本科,,公办,2,区域重点/特色优势高校,库内综合排名前500：399；博士点/博士专业学位点：4；硕士点/硕士专业学位点：2；院士数：1,ranking_top500;doctoral_points;master_points;academicians,0,0,0,0,0,,399,,,2,4,0,0,1,0,0,,
11578,12970,NULL,四川职业技术学院,四川,遂宁市,专科,,公办,3,普通应用/职业供给高校,专科/高职高校，当前库内未命中双高、国家示范/骨干等强信号,default_vocational,0,0,0,0,0,,,,,0,0,0,0,0,0,0,,
11673,12641,NULL,四川航天职业技术学院,四川,成都市,专科,,公办,3,普通应用/职业供给高校,专科/高职高校，当前库内未命中双高、国家示范/骨干等强信号,default_vocational,0,0,0,0,0,,,,,0,0,0,0,0,0,0,,
12593,14007,NULL,四川艺术职业学院,四川,成都市,专科,,公办,3,普通应用/职业供给高校,专科/高职高校，当前库内未命中双高、国家示范/骨干等强信号,default_vocational,0,0,0,0,0,,,,,0,0,0,0,0,0,0,,
11631,14515,NULL,四川西南航空职业学院,四川,成都市,专科,,民办,3,普通应用/职业供给高校,专科/高职高校，当前库内未命中双高、国家示范/骨干等强信号,default_vocational,0,0,0,0,0,,,,,0,0,0,0,0,0,0,,
10737,12212,NULL,四川警察学院,四川,泸州市,本科,,公办,2,区域重点/特色优势高校,软科排名前350：270；库内综合排名前500：238；硕士点/硕士专业学位点：4,ruanke_top350;ranking_top500;master_points,0,0,0,0,0,270,238,,,4,0,0,0,0,0,0,,
12493,14091,NULL,四川财经职业学院,四川,成都市,专科,,公办,2,区域重点/特色优势高校,职业院校强信号文本：双高,vocational_feature,0,0,0,0,0,,,,,0,0,0,0,0,0,0,,
10570,10622,NULL,四川轻化工大学,四川,自贡市,本科,,公办,2,区域重点/特色优势高校,软科排名前350：326；库内综合排名前500：318；硕士点/硕士专业学位点：27；院士数：1,ruanke_top350;ranking_top500;master_points;academicians,0,0,0,0,0,326,318,,294,27,0,0,0,1,0,0,,
12598,12642,NULL,四川邮电职业技术学院,四川,成都市,专科,,公办,2,区域重点/特色优势高校,职业院校强信号文本：双高,vocational_feature,0,0,0,0,0,,,,,0,0,0,0,0,0,0,,
11633,14006,NULL,四川铁道职业学院,四川,成都市,专科,,公办,3,普通应用/职业供给高校,专科/高职高校，当前库内未命中双高、国家示范/骨干等强信号,default_vocational,0,0,0,0,0,,,,,0,0,0,0,0,0,0,,
12635,14323,NULL,四川长江职业学院,四川,成都市,专科,,民办,3,普通应用/职业供给高校,专科/高职高校，当前库内未命中双高、国家示范/骨干等强信号,default_vocational,0,0,0,0,0,,,,,0,0,0,0,0,0,0,,
10726,10654,NULL,四川音乐学院,四川,成都市,本科,,公办,2,区域重点/特色优势高校,库内综合排名前500：482；硕士点/硕士专业学位点：5,ranking_top500;master_points,0,0,0,0,0,,482,,,5,0,0,0,0,0,0,,
11388,10654,NULL,四川音乐学院成都美术学院,四川,成都市,本科,,公办,2,区域重点/特色优势高校,硕士点/硕士专业学位点：3,master_points,0,0,0,0,0,,,,,3,0,0,0,0,0,0,,
70641,14910,NULL,四平现代职业学院,吉林,四平市,专科,,公办,3,普通应用/职业供给高校,专科/高职高校，当前库内未命中双高、国家示范/骨干等强信号,default_vocational,0,0,0,0,0,,,,,0,0,0,0,0,0,0,,
12083,11044,NULL,四平职业大学,吉林,四平市,专科,,公办,3,普通应用/职业供给高校,专科/高职高校，当前库内未命中双高、国家示范/骨干等强信号,default_vocational,0,0,0,0,0,,,,,0,0,0,0,0,0,0,,
10019,91002,NULL,国防科技大学,湖南,长沙市,本科,研究型,公办,1,头部/强研究型高校,985 高校；双一流高校；办学类型为研究型；库内综合排名前100：13,is985;is_dual_class;school_type_t1;ranking_top100,1,1,1,1,0,,13,,153,37,36,0,0,20,0,0,,
10605,10042,NULL,国际关系学院,北京,海淀区,本科,,公办,2,区域重点/特色优势高校,软科排名前350：185；博士点/博士专业学位点：2；硕士点/硕士专业学位点：10；院士数：1,ruanke_top350;doctoral_points;master_points;academicians,0,0,0,0,0,185,538,,,10,2,0,0,1,0,0,,
70362,14825,NULL,图木舒克职业技术学院,新疆,直辖县级市,专科,,公办,3,普通应用/职业供给高校,专科/高职高校，当前库内未命中双高、国家示范/骨干等强信号,default_vocational,0,0,0,0,0,,,,,0,0,0,0,0,0,0,,
70405,,NULL,圣方济各大学,香港,西贡区,本科,,民办,3,普通应用/职业供给高校,本科高校，但未命中985、211、双一流、研究型、前列排名、硕博点等强信号,default_undergraduate,0,0,0,0,0,,,,,0,0,0,0,0,0,0,,
70398,,NULL,圣若瑟大学,澳门,澳门,本科,,民办,2,区域重点/特色优势高校,博士点/博士专业学位点：9；硕士点/硕士专业学位点：18,doctoral_points;master_points,0,0,0,0,0,,,,,18,9,0,0,0,0,0,,
11832,14738,NULL,培黎职业学院,甘肃,张掖市,专科,,公办,3,普通应用/职业供给高校,专科/高职高校，当前库内未命中双高、国家示范/骨干等强信号,default_vocational,0,0,0,0,0,,,,,0,0,0,0,0,0,0,,
11973,14740,NULL,塔城职业技术学院,新疆,塔城地区,专科,,公办,3,普通应用/职业供给高校,专科/高职高校，当前库内未命中双高、国家示范/骨干等强信号,default_vocational,0,0,0,0,0,,,,,0,0,0,0,0,0,0,,
10444,10757,NULL,塔里木大学,新疆,直辖县级市,本科,应用型,公办,2,区域重点/特色优势高校,软科排名前350：343；博士点/博士专业学位点：3；硕士点/硕士专业学位点：11；院士数：1,ruanke_top350;doctoral_points;master_points;academicians,0,0,0,0,0,343,846,,443,11,3,0,0,1,0,0,,
70676,14946,NULL,塔里木理工学院,新疆,直辖县级市,本科,,民办,3,普通应用/职业供给高校,本科高校，但未命中985、211、双一流、研究型、前列排名、硕博点等强信号,default_undergraduate,0,0,0,0,0,,659,,,0,0,0,0,0,0,0,,
11967,14741,NULL,塔里木职业技术学院,新疆,直辖县级市,专科,,公办,3,普通应用/职业供给高校,专科/高职高校，当前库内未命中双高、国家示范/骨干等强信号,default_vocational,0,0,0,0,0,,,,,0,0,0,0,0,0,0,,
10006,10246,NULL,复旦大学,上海,杨浦区,本科,研究型,公办,1,头部/强研究型高校,985 高校；双一流高校；办学类型为研究型；软科排名前100：5；库内综合排名前100：4,is985;is_dual_class;school_type_t1;ruanke_top100;ranking_top100,1,1,1,1,0,5,4,3,6,258,245,0,0,63,0,0,,
10007,19246,NULL,复旦大学上海医学院,上海,徐汇区,本科,中国研究型,公办,1,头部/强研究型高校,985 高校；双一流高校；办学类型为中国研究型,is985;is_dual_class;school_type_t1,1,1,1,1,0,,,,,49,62,0,0,13,0,0,,
10402,10040,NULL,外交学院,北京,西城区,本科,特色研究型,公办,1,头部/强研究型高校,双一流高校；库内综合排名前100：54,is_dual_class;ranking_top100,0,0,1,0,0,105,54,,,22,6,0,0,0,0,0,,
12119,12908,NULL,大兴安岭职业学院,黑龙江,大兴安岭地区,专科,,公办,3,普通应用/职业供给高校,专科/高职高校，当前库内未命中双高、国家示范/骨干等强信号,default_vocational,0,0,0,0,0,,,,,0,0,0,0,0,0,0,,
12684,14627,NULL,大同师范高等专科学校,山西,大同市,专科,,公办,3,普通应用/职业供给高校,专科/高职高校，当前库内未命中双高、国家示范/骨干等强信号,default_vocational,0,0,0,0,0,,,,,0,0,0,0,0,0,0,,
70630,14901,NULL,大同数据科技职业学院,山西,大同市,专科,,民办,3,普通应用/职业供给高校,专科/高职高校，当前库内未命中双高、国家示范/骨干等强信号,default_vocational,0,0,0,0,0,,,,,0,0,0,0,0,0,0,,
11515,12780,NULL,大同煤炭职业技术学院,山西,大同市,专科,,公办,3,普通应用/职业供给高校,专科/高职高校，当前库内未命中双高、国家示范/骨干等强信号,default_vocational,0,0,0,0,0,,,,,0,0,0,0,0,0,0,,
12195,14017,NULL,大庆医学高等专科学校,黑龙江,大庆市,专科,,公办,3,普通应用/职业供给高校,专科/高职高校，当前库内未命中双高、国家示范/骨干等强信号,default_vocational,0,0,0,0,0,,,,,0,0,0,0,0,0,0,,
10810,10235,NULL,大庆师范学院,黑龙江,大庆市,本科,,公办,3,普通应用/职业供给高校,本科高校，但未命中985、211、双一流、研究型、前列排名、硕博点等强信号,default_undergraduate,0,0,0,0,0,500,763,,,0,0,0,0,0,0,0,,
11513,12718,NULL,大庆职业学院,黑龙江,大庆市,专科,,公办,3,普通应用/职业供给高校,专科/高职高校，当前库内未命中双高、国家示范/骨干等强信号,default_vocational,0,0,0,0,0,,,,,0,0,0,0,0,0,0,,
70678,14942,NULL,大湾区大学,广东,东莞市,本科,,公办,1,头部/强研究型高校,库内综合排名前100：47,ranking_top100,0,0,0,0,0,,47,,,0,0,0,0,0,0,0,,
12322,14487,NULL,大理农林职业技术学院,云南,大理白族自治州,专科,,公办,3,普通应用/职业供给高校,专科/高职高校，当前库内未命中双高、国家示范/骨干等强信号,default_vocational,0,0,0,0,0,,,,,0,0,0,0,0,0,0,,
10521,10679,NULL,大理大学,云南,大理白族自治州,本科,,公办,2,区域重点/特色优势高校,软科排名前350：285；库内综合排名前500：387；博士点/博士专业学位点：1；硕士点/硕士专业学位点：27,ruanke_top350;ranking_top500;doctoral_points;master_points,0,0,0,0,0,285,387,,379,27,1,0,0,0,0,0,,
12873,14583,NULL,大理护理职业学院,云南,大理白族自治州,专科,,公办,3,普通应用/职业供给高校,专科/高职高校，当前库内未命中双高、国家示范/骨干等强信号,default_vocational,0,0,0,0,0,,,,,0,0,0,0,0,0,0,,
11355,13631,NULL,大连东软信息学院,辽宁,大连市,本科,,民办,3,普通应用/职业供给高校,本科高校，但未命中985、211、双一流、研究型、前列排名、硕博点等强信号,default_undergraduate,0,0,0,0,0,,1074,,,0,0,0,0,0,0,0,,
10338,10150,NULL,大连交通大学,辽宁,大连市,本科,区域特色研究型,公办,2,区域重点/特色优势高校,办学类型为区域特色研究型；软科排名前350：249；库内综合排名前500：187；博士点/博士专业学位点：14；硕士点/硕士专业学位点：19,school_type_t2;ruanke_top350;ranking_top500;doctoral_points;master_points,0,0,0,0,0,249,187,,406,19,14,0,0,0,0,0,,
10275,10161,NULL,大连医科大学,辽宁,大连市,本科,区域特色研究型,公办,2,区域重点/特色优势高校,办学类型为区域特色研究型；软科排名前350：112；库内综合排名前500：140；博士点/博士专业学位点：25；硕士点/硕士专业学位点：57；院士数：10,school_type_t2;ruanke_top350;ranking_top500;doctoral_points;master_points;academicians,0,0,0,0,0,112,140,,231,57,25,0,0,10,0,0,,
11131,13212,NULL,大连医科大学中山学院,辽宁,大连市,本科,,民办,3,普通应用/职业供给高校,本科高校，但未命中985、211、双一流、研究型、前列排名、硕博点等强信号,default_undergraduate,0,0,0,0,0,,921,,,0,0,0,0,0,0,0,,
12304,12730,NULL,大连商务职业学院,辽宁,大连市,专科,,民办,3,普通应用/职业供给高校,专科/高职高校，当前库内未命中双高、国家示范/骨干等强信号,default_vocational,0,0,0,0,0,,,,,0,0,0,0,0,0,0,,
10328,10172,NULL,大连外国语大学,辽宁,大连市,本科,特色研究型,公办,2,区域重点/特色优势高校,办学类型为特色研究型；软科排名前350：266；库内综合排名前500：406；博士点/博士专业学位点：4；硕士点/硕士专业学位点：24,school_type_t2;ruanke_top350;ranking_top500;doctoral_points;master_points,0,0,0,0,0,266,406,,,24,4,0,0,0,0,0,,
10258,11258,NULL,大连大学,辽宁,大连市,本科,区域特色研究型,公办,2,区域重点/特色优势高校,办学类型为区域特色研究型；软科排名前350：287；库内综合排名前500：347；硕士点/硕士专业学位点：40,school_type_t2;ruanke_top350;ranking_top500;master_points,0,0,0,0,0,287,347,,393,40,0,0,0,0,0,0,,
10284,10152,NULL,大连工业大学,辽宁,大连市,本科,应用型,公办,2,区域重点/特色优势高校,软科排名前350：211；库内综合排名前500：356；博士点/博士专业学位点：7；硕士点/硕士专业学位点：18；院士数：1,ruanke_top350;ranking_top500;doctoral_points;master_points;academicians,0,0,0,0,0,211,356,,164,18,7,0,0,1,0,0,,
11279,13203,NULL,大连工业大学艺术与信息工程学院,辽宁,大连市,本科,,民办,3,普通应用/职业供给高校,本科高校，但未命中985、211、双一流、研究型、前列排名、硕博点等强信号,default_undergraduate,0,0,0,0,0,,1252,,,0,0,0,0,0,0,0,,
12596,13961,NULL,大连枫叶职业技术学院,辽宁,大连市,专科,,民办,3,普通应用/职业供给高校,专科/高职高校，当前库内未命中双高、国家示范/骨干等强信号,default_vocational,0,0,0,0,0,,,,,0,0,0,0,0,0,0,,
10452,12026,NULL,大连民族大学,辽宁,大连市,本科,应用型,公办,2,区域重点/特色优势高校,软科排名前350：275；库内综合排名前500：333；硕士点/硕士专业学位点：12,ruanke_top350;ranking_top500;master_points,0,0,0,0,0,275,333,,363,12,0,0,0,0,0,0,,
12597,14228,NULL,大连汽车职业技术学院,辽宁,大连市,专科,,民办,3,普通应用/职业供给高校,专科/高职高校，当前库内未命中双高、国家示范/骨干等强信号,default_vocational,0,0,0,0,0,,,,,0,0,0,0,0,0,0,,
10204,10151,NULL,大连海事大学,辽宁,大连市,本科,特色研究型,公办,1,头部/强研究型高校,双一流高校；库内综合排名前100：85,is_dual_class;ranking_top100,0,1,1,0,0,113,85,,110,76,44,0,0,0,0,0,,
10383,10158,NULL,大连海洋大学,辽宁,大连市,本科,应用型,公办,2,区域重点/特色优势高校,软科排名前350：296；库内综合排名前500：478；硕士点/硕士专业学位点：14,ruanke_top350;ranking_top500;master_points,0,0,0,0,0,296,478,,391,14,0,0,0,0,0,0,,
10046,10141,NULL,大连理工大学,辽宁,大连市,本科,研究型,公办,1,头部/强研究型高校,985 高校；双一流高校；办学类型为研究型；软科排名前100：28；库内综合排名前100：25,is985;is_dual_class;school_type_t1;ruanke_top100;ranking_top100,1,1,1,1,0,28,25,31,37,122,162,0,0,15,0,0,,
10047,19141,NULL,大连理工大学(盘锦校区),辽宁,盘锦市,本科,中国研究型,公办,1,头部/强研究型高校,985 高校；双一流高校；办学类型为中国研究型；库内综合排名前100：57,is985;is_dual_class;school_type_t1;ranking_top100,1,1,1,1,0,,57,,,5,6,0,0,0,0,0,,
10957,13198,NULL,大连理工大学城市学院,辽宁,大连市,本科,,民办,3,普通应用/职业供给高校,本科高校，但未命中985、211、双一流、研究型、前列排名、硕博点等强信号,default_undergraduate,0,0,0,0,0,,1066,,,0,0,0,0,0,0,0,,
11278,13207,NULL,大连科技学院,辽宁,大连市,本科,,民办,3,普通应用/职业供给高校,本科高校，但未命中985、211、双一流、研究型、前列排名、硕博点等强信号,default_undergraduate,0,0,0,0,0,,1085,,,0,0,0,0,0,0,0,,
11557,10845,NULL,大连职业技术学院,辽宁,大连市,专科,,公办,3,普通应用/职业供给高校,专科/高职高校，当前库内未命中双高、国家示范/骨干等强信号,default_vocational,0,0,0,0,0,,,,,0,0,0,0,0,0,0,,
12744,14209,NULL,大连航运职业技术学院,辽宁,大连市,专科,,民办,3,普通应用/职业供给高校,专科/高职高校，当前库内未命中双高、国家示范/骨干等强信号,default_vocational,0,0,0,0,0,,,,,0,0,0,0,0,0,0,,
10839,13599,NULL,大连艺术学院,辽宁,大连市,本科,,民办,3,普通应用/职业供给高校,本科高校，但未命中985、211、双一流、研究型、前列排名、硕博点等强信号,default_undergraduate,0,0,0,0,0,,1208,,,0,0,0,0,0,0,0,,
12617,14227,NULL,大连装备制造职业技术学院,辽宁,大连市,专科,,民办,3,普通应用/职业供给高校,专科/高职高校，当前库内未命中双高、国家示范/骨干等强信号,default_vocational,0,0,0,0,0,,,,,0,0,0,0,0,0,0,,
11126,13218,NULL,大连财经学院,辽宁,大连市,本科,,民办,3,普通应用/职业供给高校,本科高校，但未命中985、211、双一流、研究型、前列排名、硕博点等强信号,default_undergraduate,0,0,0,0,0,,1013,,,0,0,0,0,0,0,0,,
12742,13958,NULL,大连软件职业学院,辽宁,大连市,专科,,民办,3,普通应用/职业供给高校,专科/高职高校，当前库内未命中双高、国家示范/骨干等强信号,default_vocational,0,0,0,0,0,,,,,0,0,0,0,0,0,0,,
12688,14641,NULL,天府新区信息职业学院,四川,眉山市,专科,,民办,3,普通应用/职业供给高校,专科/高职高校，当前库内未命中双高、国家示范/骨干等强信号,default_vocational,0,0,0,0,0,,,,,0,0,0,0,0,0,0,,
12681,14645,NULL,天府新区航空旅游职业学院,四川,眉山市,专科,,民办,3,普通应用/职业供给高校,专科/高职高校，当前库内未命中双高、国家示范/骨干等强信号,default_vocational,0,0,0,0,0,,,,,0,0,0,0,0,0,0,,
12680,14646,NULL,天府新区通用航空职业学院,四川,眉山市,专科,,民办,3,普通应用/职业供给高校,专科/高职高校，当前库内未命中双高、国家示范/骨干等强信号,default_vocational,0,0,0,0,0,,,,,0,0,0,0,0,0,0,,
10716,10739,NULL,天水师范大学,甘肃,天水市,本科,,公办,2,区域重点/特色优势高校,硕士点/硕士专业学位点：16,master_points,0,0,0,0,0,446,673,,,16,0,0,0,0,0,0,,
10260,10063,NULL,天津中医药大学,天津,静海区,本科,区域特色研究型,公办,1,头部/强研究型高校,双一流高校,is_dual_class,0,0,1,1,0,120,199,,357,32,19,0,0,3,0,0,,
10886,12105,NULL,天津中德应用技术大学,天津,津南区,本科,,公办,2,区域重点/特色优势高校,硕士点/硕士专业学位点：2；院士数：1,master_points;academicians,0,0,0,0,0,500,512,,,2,0,0,0,1,0,0,,
11718,12883,NULL,天津交通职业学院,天津,西青区,专科,,公办,2,区域重点/特色优势高校,职业院校强信号文本：双高,vocational_feature,0,0,0,0,0,,,,,0,0,0,0,0,0,0,,
10944,14038,NULL,天津仁爱学院,天津,静海区,本科,,民办,3,普通应用/职业供给高校,本科高校，但未命中985、211、双一流、研究型、前列排名、硕博点等强信号,default_undergraduate,0,0,0,0,0,,1184,,,0,0,0,0,0,0,0,,
11136,13659,NULL,天津传媒学院,天津,蓟州区,本科,,民办,3,普通应用/职业供给高校,本科高校，但未命中985、211、双一流、研究型、前列排名、硕博点等强信号,default_undergraduate,0,0,0,0,0,,1137,,,0,0,0,0,0,0,0,,
10553,10071,NULL,天津体育学院,天津,静海区,本科,,公办,2,区域重点/特色优势高校,软科排名前350：325；博士点/博士专业学位点：7；硕士点/硕士专业学位点：20,ruanke_top350;doctoral_points;master_points,0,0,0,0,0,325,515,,,20,7,0,0,0,0,0,,
12678,14599,NULL,天津体育职业学院,天津,静海区,专科,,公办,3,普通应用/职业供给高校,专科/高职高校，当前库内未命中双高、国家示范/骨干等强信号,default_vocational,0,0,0,0,0,,,,,0,0,0,0,0,0,0,,
10503,10061,NULL,天津农学院,天津,西青区,本科,应用型,公办,2,区域重点/特色优势高校,硕士点/硕士专业学位点：11,master_points,0,0,0,0,0,353,615,,444,11,0,0,0,0,0,0,,
11565,12880,NULL,天津医学高等专科学校,天津,河西区,专科,,公办,3,普通应用/职业供给高校,专科/高职高校，当前库内未命中双高、国家示范/骨干等强信号,default_vocational,0,0,0,0,0,,,,,0,0,0,0,0,0,0,,
10178,10062,NULL,天津医科大学,天津,和平区,本科,区域特色研究型,公办,1,头部/强研究型高校,双一流高校；软科排名前100：60；库内综合排名前100：79,is_dual_class;ruanke_top100;ranking_top100,0,1,1,0,0,60,79,,142,44,32,0,0,3,0,0,,
11249,13661,NULL,天津医科大学临床医学院,天津,滨海新区,本科,,民办,3,普通应用/职业供给高校,本科高校，但未命中985、211、双一流、研究型、前列排名、硕博点等强信号,default_undergraduate,0,0,0,0,0,,854,,,0,0,0,0,0,0,0,,
10412,10069,NULL,天津商业大学,天津,北辰区,本科,应用型,公办,2,区域重点/特色优势高校,软科排名前350：270；库内综合排名前500：362；硕士点/硕士专业学位点：33；院士数：1,ruanke_top350;ranking_top500;master_points;academicians,0,0,0,0,0,270,362,,294,33,0,0,0,1,0,0,,
11001,13660,NULL,天津商业大学宝德学院,天津,西青区,本科,,民办,3,普通应用/职业供给高校,本科高校，但未命中985、211、双一流、研究型、前列排名、硕博点等强信号,default_undergraduate,0,0,0,0,0,,974,,,0,0,0,0,0,0,0,,
12483,12788,NULL,天津商务职业学院,天津,津南区,专科,,公办,3,普通应用/职业供给高校,专科/高职高校，当前库内未命中双高、国家示范/骨干等强信号,default_vocational,0,0,0,0,0,,,,,0,0,0,0,0,0,0,,
12572,12803,NULL,天津国土资源和房屋职业学院,天津,滨海新区,专科,,公办,3,普通应用/职业供给高校,专科/高职高校，当前库内未命中双高、国家示范/骨干等强信号,default_vocational,0,0,0,0,0,,,,,0,0,0,0,0,0,0,,
12630,14020,NULL,天津城市建设管理职业技术学院,天津,北辰区,专科,,公办,3,普通应用/职业供给高校,专科/高职高校，当前库内未命中双高、国家示范/骨干等强信号,default_vocational,0,0,0,0,0,,,,,0,0,0,0,0,0,0,,
12512,13702,NULL,天津城市职业学院,天津,河东区,专科,,公办,3,普通应用/职业供给高校,专科/高职高校，当前库内未命中双高、国家示范/骨干等强信号,default_vocational,0,0,0,0,0,,,,,0,0,0,0,0,0,0,,
10457,10792,NULL,天津城建大学,天津,西青区,本科,应用型,公办,2,区域重点/特色优势高校,软科排名前350：318；硕士点/硕士专业学位点：14,ruanke_top350;master_points,0,0,0,0,0,318,510,,360,14,0,0,0,0,0,0,,
10374,10068,NULL,天津外国语大学,天津,河西区,本科,特色研究型,公办,2,区域重点/特色优势高校,办学类型为特色研究型；软科排名前350：258；库内综合排名前500：293；博士点/博士专业学位点：1；硕士点/硕士专业学位点：24,school_type_t2;ruanke_top350;ranking_top500;doctoral_points;master_points,0,0,0,0,0,258,293,,,24,1,0,0,0,0,0,,
10954,13658,NULL,天津外国语大学滨海外事学院,天津,滨海新区,本科,,民办,3,普通应用/职业供给高校,本科高校，但未命中985、211、双一流、研究型、前列排名、硕博点等强信号,default_undergraduate,0,0,0,0,0,,948,,,0,0,0,0,0,0,0,,
10018,10056,NULL,天津大学,天津,南开区,本科,研究型,公办,1,头部/强研究型高校,985 高校；双一流高校；办学类型为研究型；软科排名前100：20；库内综合排名前100：22,is985;is_dual_class;school_type_t1;ruanke_top100;ranking_top100,1,1,1,1,0,20,22,12,25,88,89,0,0,19,0,0,,
11210,10859,NULL,天津天狮学院,天津,武清区,本科,,民办,3,普通应用/职业供给高校,本科高校，但未命中985、211、双一流、研究型、前列排名、硕博点等强信号,default_undergraduate,0,0,0,0,0,,1099,,,0,0,0,0,0,0,0,,
10174,10058,NULL,天津工业大学,天津,西青区,本科,区域特色研究型,公办,1,头部/强研究型高校,双一流高校,is_dual_class,0,0,1,0,0,133,129,,166,29,6,0,0,0,0,0,,
11986,13700,NULL,天津工业职业学院,天津,北辰区,专科,,公办,3,普通应用/职业供给高校,专科/高职高校，当前库内未命中双高、国家示范/骨干等强信号,default_vocational,0,0,0,0,0,,,,,0,0,0,0,0,0,0,,
12005,12487,NULL,天津工程职业技术学院,天津,滨海新区,专科,,公办,3,普通应用/职业供给高校,专科/高职高校，当前库内未命中双高、国家示范/骨干等强信号,default_vocational,0,0,0,0,0,,,,,0,0,0,0,0,0,0,,
12135,13911,NULL,天津工艺美术职业学院,天津,河北区,专科,,公办,3,普通应用/职业供给高校,专科/高职高校，当前库内未命中双高、国家示范/骨干等强信号,default_vocational,0,0,0,0,0,,,,,0,0,0,0,0,0,0,,
10143,10065,NULL,天津师范大学,天津,西青区,本科,区域特色研究型,公办,2,区域重点/特色优势高校,办学类型为区域特色研究型；软科排名前350：160；库内综合排名前500：262；博士点/博士专业学位点：35；硕士点/硕士专业学位点：91,school_type_t2;ruanke_top350;ranking_top500;doctoral_points;master_points,0,0,0,0,0,160,262,,238,91,35,0,0,0,0,0,,
12013,14102,NULL,天津广播影视职业学院,天津,西青区,专科,,公办,3,普通应用/职业供给高校,专科/高职高校，当前库内未命中双高、国家示范/骨干等强信号,default_vocational,0,0,0,0,0,,,,,0,0,0,0,0,0,0,,
12104,12721,NULL,天津机电职业技术学院,天津,津南区,专科,,公办,3,普通应用/职业供给高校,专科/高职高校，当前库内未命中双高、国家示范/骨干等强信号,default_vocational,0,0,0,0,0,,,,,0,0,0,0,0,0,0,,
11607,14022,NULL,天津海运职业学院,天津,津南区,专科,,公办,2,区域重点/特色优势高校,职业院校强信号文本：双高,vocational_feature,0,0,0,0,0,,,,,0,0,0,0,0,0,0,,
11575,12719,NULL,天津渤海职业技术学院,天津,北辰区,专科,,公办,2,区域重点/特色优势高校,职业院校强信号文本：双高,vocational_feature,0,0,0,0,0,,,,,0,0,0,0,0,0,0,,
11401,14600,NULL,天津滨海汽车工程职业学院,天津,津南区,专科,,民办,3,普通应用/职业供给高校,专科/高职高校，当前库内未命中双高、国家示范/骨干等强信号,default_vocational,0,0,0,0,0,,,,,0,0,0,0,0,0,0,,
12517,12484,NULL,天津滨海职业学院,天津,滨海新区,专科,,公办,3,普通应用/职业供给高校,专科/高职高校，当前库内未命中双高、国家示范/骨干等强信号,default_vocational,0,0,0,0,0,,,,,0,0,0,0,0,0,0,,
11884,12722,NULL,天津现代职业技术学院,天津,津南区,专科,,公办,2,区域重点/特色优势高校,职业院校强信号文本：双高,vocational_feature,0,0,0,0,0,,,,,0,0,0,0,0,0,0,,
10270,10060,NULL,天津理工大学,天津,西青区,本科,区域特色研究型,公办,2,区域重点/特色优势高校,办学类型为区域特色研究型；软科排名前350：170；库内综合排名前500：236；博士点/博士专业学位点：6；硕士点/硕士专业学位点：24；院士数：1,school_type_t2;ruanke_top350;ranking_top500;doctoral_points;master_points;academicians,0,0,0,0,0,170,236,,147,24,6,0,0,1,0,0,,
11049,13897,NULL,天津理工大学中环信息学院,天津,西青区,本科,,民办,3,普通应用/职业供给高校,本科高校，但未命中985、211、双一流、研究型、前列排名、硕博点等强信号,default_undergraduate,0,0,0,0,0,,971,,,0,0,0,0,0,0,0,,
12188,14021,NULL,天津生物工程职业技术学院,天津,河北区,专科,,公办,3,普通应用/职业供给高校,专科/高职高校，当前库内未命中双高、国家示范/骨干等强信号,default_vocational,0,0,0,0,0,,,,,0,0,0,0,0,0,0,,
11564,12720,NULL,天津电子信息职业技术学院,天津,津南区,专科,,公办,2,区域重点/特色优势高校,职业院校强信号文本：双高,vocational_feature,0,0,0,0,0,,,,,0,0,0,0,0,0,0,,
12480,13701,NULL,天津石油职业技术学院,天津,静海区,专科,,公办,3,普通应用/职业供给高校,专科/高职高校，当前库内未命中双高、国家示范/骨干等强信号,default_vocational,0,0,0,0,0,,,,,0,0,0,0,0,0,0,,
10274,10057,NULL,天津科技大学,天津,河西区,本科,区域特色研究型,公办,2,区域重点/特色优势高校,办学类型为区域特色研究型；软科排名前350：158；库内综合排名前500：258；博士点/博士专业学位点：5；硕士点/硕士专业学位点：23；院士数：1,school_type_t2;ruanke_top350;ranking_top500;doctoral_points;master_points;academicians,0,0,0,0,0,158,258,,176,23,5,0,0,1,0,0,,
10645,10073,NULL,天津美术学院,天津,河北区,本科,,公办,2,区域重点/特色优势高校,库内综合排名前500：446；硕士点/硕士专业学位点：4,ranking_top500;master_points,0,0,0,0,0,,446,,,4,0,0,0,0,0,0,,
11670,11032,NULL,天津职业大学,天津,北辰区,本科,,公办,3,普通应用/职业供给高校,本科高校，但未命中985、211、双一流、研究型、前列排名、硕博点等强信号,default_undergraduate,0,0,0,0,0,,,,,0,0,0,0,0,0,0,,
10391,10066,NULL,天津职业技术师范大学,天津,河西区,本科,应用型,公办,2,区域重点/特色优势高校,软科排名前350：343；库内综合排名前500：476；博士点/博士专业学位点：1；硕士点/硕士专业学位点：11；院士数：1,ruanke_top350;ranking_top500;doctoral_points;master_points;academicians,0,0,0,0,0,343,476,,445,11,1,0,0,1,0,0,,
12484,12882,NULL,天津艺术职业学院,天津,河东区,专科,,公办,3,普通应用/职业供给高校,专科/高职高校，当前库内未命中双高、国家示范/骨干等强信号,default_vocational,0,0,0,0,0,,,,,0,0,0,0,0,0,0,,
11705,12723,NULL,天津警察学院,天津,西青区,本科,,公办,3,普通应用/职业供给高校,本科高校，但未命中985、211、双一流、研究型、前列排名、硕博点等强信号,default_undergraduate,0,0,0,0,0,,,,,0,0,0,0,0,0,0,,
10285,10070,NULL,天津财经大学,天津,河西区,本科,区域特色研究型,公办,2,区域重点/特色优势高校,办学类型为区域特色研究型；软科排名前350：175；库内综合排名前500：218；博士点/博士专业学位点：15；硕士点/硕士专业学位点：28,school_type_t2;ruanke_top350;ranking_top500;doctoral_points;master_points,0,0,0,0,0,175,218,,,28,15,0,0,0,0,0,,
11137,14087,NULL,天津财经大学珠江学院,天津,宝坻区,本科,,民办,3,普通应用/职业供给高校,本科高校，但未命中985、211、双一流、研究型、前列排名、硕博点等强信号,default_undergraduate,0,0,0,0,0,,1006,,,0,0,0,0,0,0,0,,
12543,12732,NULL,天津轻工职业技术学院,天津,津南区,专科,,公办,2,区域重点/特色优势高校,职业院校强信号文本：双高,vocational_feature,0,0,0,0,0,,,,,0,0,0,0,0,0,0,,
11958,13863,NULL,天津铁道职业技术学院,天津,河北区,专科,,公办,3,普通应用/职业供给高校,专科/高职高校，当前库内未命中双高、国家示范/骨干等强信号,default_vocational,0,0,0,0,0,,,,,0,0,0,0,0,0,0,,
10545,10072,NULL,天津音乐学院,天津,河东区,本科,,公办,2,区域重点/特色优势高校,硕士点/硕士专业学位点：4,master_points,0,0,0,0,0,,,,,4,0,0,0,0,0,0,,
12502,14355,NULL,天门职业学院,湖北,省直辖市,专科,,公办,3,普通应用/职业供给高校,专科/高职高校，当前库内未命中双高、国家示范/骨干等强信号,default_vocational,0,0,0,0,0,,,,,0,0,0,0,0,0,0,,
12330,13532,NULL,太原城市职业技术学院,山西,太原市,专科,,公办,3,普通应用/职业供给高校,专科/高职高校，当前库内未命中双高、国家示范/骨干等强信号,default_vocational,0,0,0,0,0,,,,,0,0,0,0,0,0,0,,
10651,11242,NULL,太原学院,山西,太原市,本科,,公办,3,普通应用/职业供给高校,本科高校，但未命中985、211、双一流、研究型、前列排名、硕博点等强信号,default_undergraduate,0,0,0,0,0,500,895,,,0,0,0,0,0,0,0,,
10633,14101,NULL,太原工业学院,山西,太原市,本科,,公办,3,普通应用/职业供给高校,本科高校，但未命中985、211、双一流、研究型、前列排名、硕博点等强信号,default_undergraduate,0,0,0,0,0,474,638,,,0,0,0,0,0,0,0,,
10594,10119,NULL,太原师范学院,山西,太原市,本科,,公办,2,区域重点/特色优势高校,硕士点/硕士专业学位点：21,master_points,0,0,0,0,0,383,539,,,21,0,0,0,0,0,0,,
12657,14628,NULL,太原幼儿师范高等专科学校,山西,太原市,专科,,公办,3,普通应用/职业供给高校,专科/高职高校，当前库内未命中双高、国家示范/骨干等强信号,default_vocational,0,0,0,0,0,,,,,0,0,0,0,0,0,0,,
10108,10112,NULL,太原理工大学,山西,太原市,本科,区域研究型,公办,1,头部/强研究型高校,双一流高校；软科排名前100：97,is_dual_class;ruanke_top100,0,1,1,0,0,97,193,,209,39,35,0,0,5,0,0,,
10421,10109,NULL,太原科技大学,山西,太原市,本科,应用型,公办,2,区域重点/特色优势高校,软科排名前350：270；博士点/博士专业学位点：3；硕士点/硕士专业学位点：21；院士数：3,ruanke_top350;doctoral_points;master_points;academicians,0,0,0,0,0,270,511,,175,21,3,0,0,3,0,0,,
12662,12918,NULL,太湖创意职业技术学院,江苏,无锡市,专科,,民办,3,普通应用/职业供给高校,专科/高职高校，当前库内未命中双高、国家示范/骨干等强信号,default_vocational,0,0,0,0,0,,,,,0,0,0,0,0,0,0,,
12806,14507,NULL,威海海洋职业学院,山东,威海市,专科,,公办,3,普通应用/职业供给高校,专科/高职高校，当前库内未命中双高、国家示范/骨干等强信号,default_vocational,0,0,0,0,0,,,,,0,0,0,0,0,0,0,,
11453,12326,NULL,威海职业学院,山东,威海市,专科,,公办,2,区域重点/特色优势高校,职业院校强信号文本：双高,vocational_feature,0,0,0,0,0,,,,,0,0,0,0,0,0,0,,
70094,14775,NULL,娄底幼儿师范高等专科学校,湖南,娄底市,专科,,公办,3,普通应用/职业供给高校,专科/高职高校，当前库内未命中双高、国家示范/骨干等强信号,default_vocational,0,0,0,0,0,,,,,0,0,0,0,0,0,0,,
11519,12848,NULL,娄底职业技术学院,湖南,娄底市,专科,,公办,3,普通应用/职业供给高校,专科/高职高校，当前库内未命中双高、国家示范/骨干等强信号,default_vocational,0,0,0,0,0,,,,,0,0,0,0,0,0,0,,
70570,14847,NULL,宁夏交通职业技术学院,宁夏,银川市,专科,,公办,3,普通应用/职业供给高校,专科/高职高校，当前库内未命中双高、国家示范/骨干等强信号,default_vocational,0,0,0,0,0,,,,,0,0,0,0,0,0,0,,
11719,14624,NULL,宁夏体育职业学院,宁夏,银川市,专科,,公办,3,普通应用/职业供给高校,专科/高职高校，当前库内未命中双高、国家示范/骨干等强信号,default_vocational,0,0,0,0,0,,,,,0,0,0,0,0,0,0,,
10366,10752,NULL,宁夏医科大学,宁夏,银川市,本科,区域特色研究型,公办,2,区域重点/特色优势高校,办学类型为区域特色研究型；软科排名前350：184；博士点/博士专业学位点：29；硕士点/硕士专业学位点：64,school_type_t2;ruanke_top350;doctoral_points;master_points,0,0,0,0,0,184,519,,342,64,29,0,0,0,0,0,,
70355,14804,NULL,宁夏卫生健康职业技术学院,宁夏,石嘴山市,专科,,公办,3,普通应用/职业供给高校,专科/高职高校，当前库内未命中双高、国家示范/骨干等强信号,default_vocational,0,0,0,0,0,,,,,0,0,0,0,0,0,0,,
10368,10749,NULL,宁夏大学,宁夏,银川市,本科,区域研究型,公办,1,头部/强研究型高校,双一流高校,is_dual_class,0,1,1,0,0,137,352,,267,42,12,0,0,2,0,0,,
11090,13325,NULL,宁夏大学新华学院,宁夏,银川市,本科,,民办,3,普通应用/职业供给高校,本科高校，但未命中985、211、双一流、研究型、前列排名、硕博点等强信号,default_undergraduate,0,0,0,0,0,,1120,,,0,0,0,0,0,0,0,,
12470,12837,NULL,宁夏工业职业学院,宁夏,银川市,专科,,公办,3,普通应用/职业供给高校,专科/高职高校，当前库内未命中双高、国家示范/骨干等强信号,default_vocational,0,0,0,0,0,,,,,0,0,0,0,0,0,0,,
11742,13087,NULL,宁夏工商职业技术大学,宁夏,银川市,本科,,公办,3,普通应用/职业供给高校,本科高校，但未命中985、211、双一流、研究型、前列排名、硕博点等强信号,default_undergraduate,0,0,0,0,0,,912,,,0,0,0,0,0,0,0,,
10529,10753,NULL,宁夏师范大学,宁夏,固原市,本科,,公办,2,区域重点/特色优势高校,硕士点/硕士专业学位点：12,master_points,0,0,0,0,0,413,665,,,12,0,0,0,0,0,0,,
12845,14498,NULL,宁夏幼儿师范高等专科学校,宁夏,银川市,专科,,公办,3,普通应用/职业供给高校,专科/高职高校，当前库内未命中双高、国家示范/骨干等强信号,default_vocational,0,0,0,0,0,,,,,0,0,0,0,0,0,0,,
11640,13151,NULL,宁夏建设职业技术学院,宁夏,银川市,专科,,公办,3,普通应用/职业供给高校,专科/高职高校，当前库内未命中双高、国家示范/骨干等强信号,default_vocational,0,0,0,0,0,,,,,0,0,0,0,0,0,0,,
12025,12716,NULL,宁夏民族职业技术学院,宁夏,吴忠市,专科,,公办,3,普通应用/职业供给高校,专科/高职高校，当前库内未命中双高、国家示范/骨干等强信号,default_vocational,0,0,0,0,0,,,,,0,0,0,0,0,0,0,,
11135,12544,NULL,宁夏理工学院,宁夏,石嘴山市,本科,,民办,2,区域重点/特色优势高校,硕士点/硕士专业学位点：4；院士数：1,master_points;academicians,0,0,0,0,0,,1160,,,4,0,0,0,1,0,0,,
11605,13086,NULL,宁夏职业技术大学,宁夏,银川市,本科,,公办,3,普通应用/职业供给高校,本科高校，但未命中985、211、双一流、研究型、前列排名、硕博点等强信号,default_undergraduate,0,0,0,0,0,,908,,,0,0,0,0,0,0,0,,
12824,14522,NULL,宁夏艺术职业学院,宁夏,银川市,专科,,公办,3,普通应用/职业供给高校,专科/高职高校，当前库内未命中双高、国家示范/骨干等强信号,default_vocational,0,0,0,0,0,,,,,0,0,0,0,0,0,0,,
12557,14377,NULL,宁夏葡萄酒与防沙治沙职业技术学院,宁夏,银川市,专科,,公办,3,普通应用/职业供给高校,专科/高职高校，当前库内未命中双高、国家示范/骨干等强信号,default_vocational,0,0,0,0,0,,,,,0,0,0,0,0,0,0,,
12481,13089,NULL,宁夏警官职业学院,宁夏,银川市,专科,,公办,3,普通应用/职业供给高校,专科/高职高校，当前库内未命中双高、国家示范/骨干等强信号,default_vocational,0,0,0,0,0,,,,,0,0,0,0,0,0,0,,
12379,13088,NULL,宁夏财经职业技术学院,宁夏,银川市,专科,,公办,3,普通应用/职业供给高校,专科/高职高校，当前库内未命中双高、国家示范/骨干等强信号,default_vocational,0,0,0,0,0,,,,,0,0,0,0,0,0,0,,
10788,10398,NULL,宁德师范学院,福建,宁德市,本科,,公办,2,区域重点/特色优势高校,硕士点/硕士专业学位点：3,master_points,0,0,0,0,0,450,683,,,3,0,0,0,0,0,0,,
11767,13977,NULL,宁德职业技术学院,福建,宁德市,专科,,公办,3,普通应用/职业供给高校,专科/高职高校，当前库内未命中双高、国家示范/骨干等强信号,default_vocational,0,0,0,0,0,,,,,0,0,0,0,0,0,0,,
70672,14943,NULL,宁波东方理工大学,浙江,宁波市,本科,,民办,1,头部/强研究型高校,库内综合排名前100：44,ranking_top100,0,0,0,0,0,,44,,,0,0,0,0,0,0,0,,
11890,13742,NULL,宁波卫生职业技术学院,浙江,宁波市,专科,,公办,3,普通应用/职业供给高校,专科/高职高校，当前库内未命中双高、国家示范/骨干等强信号,default_vocational,0,0,0,0,0,,,,,0,0,0,0,0,0,0,,
11662,12645,NULL,宁波城市职业技术学院,浙江,宁波市,专科,,公办,3,普通应用/职业供给高校,专科/高职高校，当前库内未命中双高、国家示范/骨干等强信号,default_vocational,0,0,0,0,0,,,,,0,0,0,0,0,0,0,,
10104,11646,NULL,宁波大学,浙江,宁波市,本科,区域研究型,公办,1,头部/强研究型高校,双一流高校；软科排名前100：78,is_dual_class;ruanke_top100,0,0,1,0,0,78,132,,150,48,13,0,0,4,0,0,,
11149,13277,NULL,宁波大学科学技术学院,浙江,宁波市,本科,,民办,3,普通应用/职业供给高校,本科高校，但未命中985、211、双一流、研究型、前列排名、硕博点等强信号,default_undergraduate,0,0,0,0,0,,948,,,0,0,0,0,0,0,0,,
10519,11058,NULL,宁波工程学院,浙江,宁波市,本科,,公办,2,区域重点/特色优势高校,软科排名前350：292；库内综合排名前500：491；硕士点/硕士专业学位点：8；院士数：1,ruanke_top350;ranking_top500;master_points;academicians,0,0,0,0,0,292,491,,395,8,0,0,0,1,0,0,,
12660,50559,NULL,宁波幼儿师范高等专科学校,浙江,宁波市,专科,,公办,3,普通应用/职业供给高校,专科/高职高校，当前库内未命中双高、国家示范/骨干等强信号,default_vocational,0,0,0,0,0,,,,,0,0,0,0,0,0,0,,
11462,10863,NULL,宁波职业技术大学,浙江,宁波市,本科,,公办,3,普通应用/职业供给高校,本科高校，但未命中985、211、双一流、研究型、前列排名、硕博点等强信号,default_undergraduate,0,0,0,0,0,,828,,,0,0,0,0,0,0,0,,
10142,16301,NULL,宁波诺丁汉大学,浙江,宁波市,本科,应用型,,1,头部/强研究型高校,软科排名前100：65,ruanke_top100,0,0,0,0,0,65,178,,,21,4,0,0,0,0,0,,
11059,13001,NULL,宁波财经学院,浙江,宁波市,本科,,民办,3,普通应用/职业供给高校,本科高校，但未命中985、211、双一流、研究型、前列排名、硕博点等强信号,default_undergraduate,0,0,0,0,0,,994,,,0,0,0,0,0,0,0,,
12316,14096,NULL,安庆医药高等专科学校,安徽,安庆市,专科,,公办,3,普通应用/职业供给高校,专科/高职高校，当前库内未命中双高、国家示范/骨干等强信号,default_vocational,0,0,0,0,0,,,,,0,0,0,0,0,0,0,,
10629,10372,NULL,安庆师范大学,安徽,安庆市,本科,,公办,2,区域重点/特色优势高校,软科排名前350：340；库内综合排名前500：498；硕士点/硕士专业学位点：28,ruanke_top350;ranking_top500;master_points,0,0,0,0,0,340,498,,,28,0,0,0,0,0,0,,
11591,13345,NULL,安庆职业技术学院,安徽,安庆市,专科,,公办,3,普通应用/职业供给高校,专科/高职高校，当前库内未命中双高、国家示范/骨干等强信号,default_vocational,0,0,0,0,0,,,,,0,0,0,0,0,0,0,,
10856,11397,NULL,安康学院,陕西,安康市,本科,,公办,2,区域重点/特色优势高校,硕士点/硕士专业学位点：1,master_points,0,0,0,0,0,500,759,,,1,0,0,0,0,0,0,,
12067,13952,NULL,安康职业技术学院,陕西,安康市,专科,,公办,3,普通应用/职业供给高校,专科/高职高校，当前库内未命中双高、国家示范/骨干等强信号,default_vocational,0,0,0,0,0,,,,,0,0,0,0,0,0,0,,
11352,10959,NULL,安徽三联学院,安徽,合肥市,本科,,民办,3,普通应用/职业供给高校,本科高校，但未命中985、211、双一流、研究型、前列排名、硕博点等强信号,default_undergraduate,0,0,0,0,0,,1264,,,0,0,0,0,0,0,0,,
10565,10369,NULL,安徽中医药大学,安徽,合肥市,本科,,公办,2,区域重点/特色优势高校,软科排名前350：218；博士点/博士专业学位点：5；硕士点/硕士专业学位点：53,ruanke_top350;doctoral_points;master_points,0,0,0,0,0,218,506,,396,53,5,0,0,0,0,0,,
11655,12924,NULL,安徽中医药高等专科学校,安徽,芜湖市,专科,,公办,3,普通应用/职业供给高校,专科/高职高校，当前库内未命中双高、国家示范/骨干等强信号,default_vocational,0,0,0,0,0,,,,,0,0,0,0,0,0,0,,
12674,13341,NULL,安徽中澳科技职业学院,安徽,合肥市,专科,,公办,3,普通应用/职业供给高校,专科/高职高校，当前库内未命中双高、国家示范/骨干等强信号,default_vocational,0,0,0,0,0,,,,,0,0,0,0,0,0,0,,
11788,12816,NULL,安徽交通职业技术学院,安徽,合肥市,专科,,公办,3,普通应用/职业供给高校,专科/高职高校，当前库内未命中双高、国家示范/骨干等强信号,default_vocational,0,0,0,0,0,,,,,0,0,0,0,0,0,0,,
12286,12817,NULL,安徽体育运动职业技术学院,安徽,合肥市,专科,,公办,3,普通应用/职业供给高校,专科/高职高校，当前库内未命中双高、国家示范/骨干等强信号,default_vocational,0,0,0,0,0,,,,,0,0,0,0,0,0,0,,
11051,13613,NULL,安徽信息工程学院,安徽,芜湖市,本科,,民办,3,普通应用/职业供给高校,本科高校，但未命中985、211、双一流、研究型、前列排名、硕博点等强信号,default_undergraduate,0,0,0,0,0,,1280,,,0,0,0,0,0,0,0,,
70576,14840,NULL,安徽公安学院,安徽,合肥市,本科,,公办,3,普通应用/职业供给高校,本科高校，但未命中985、211、双一流、研究型、前列排名、硕博点等强信号,default_undergraduate,0,0,0,0,0,,538,,,0,0,0,0,0,0,0,,
12494,13847,NULL,安徽公安职业学院,安徽,合肥市,专科,,公办,3,普通应用/职业供给高校,专科/高职高校，当前库内未命中双高、国家示范/骨干等强信号,default_vocational,0,0,0,0,0,,,,,0,0,0,0,0,0,0,,
10266,10364,NULL,安徽农业大学,安徽,合肥市,本科,区域特色研究型,公办,2,区域重点/特色优势高校,办学类型为区域特色研究型；软科排名前350：143；库内综合排名前500：335；博士点/博士专业学位点：17；硕士点/硕士专业学位点：50,school_type_t2;ruanke_top350;ranking_top500;doctoral_points;master_points,0,0,0,0,0,143,335,,225,50,17,0,0,0,0,0,,
12654,13337,NULL,安徽冶金科技职业学院,安徽,马鞍山市,专科,,公办,3,普通应用/职业供给高校,专科/高职高校，当前库内未命中双高、国家示范/骨干等强信号,default_vocational,0,0,0,0,0,,,,,0,0,0,0,0,0,0,,
10345,10366,NULL,安徽医科大学,安徽,合肥市,本科,区域特色研究型,公办,2,区域重点/特色优势高校,办学类型为区域特色研究型；软科排名前350：123；库内综合排名前500：291；博士点/博士专业学位点：49；硕士点/硕士专业学位点：87,school_type_t2;ruanke_top350;ranking_top500;doctoral_points;master_points,0,0,0,0,0,123,291,,153,87,49,0,0,0,0,0,,
11046,13618,NULL,安徽医科大学临床医学院,安徽,合肥市,本科,,民办,3,普通应用/职业供给高校,本科高校，但未命中985、211、双一流、研究型、前列排名、硕博点等强信号,default_undergraduate,0,0,0,0,0,,1024,,,0,0,0,0,0,0,0,,
12415,14419,NULL,安徽卫生健康职业学院,安徽,池州市,专科,,公办,3,普通应用/职业供给高校,专科/高职高校，当前库内未命中双高、国家示范/骨干等强信号,default_vocational,0,0,0,0,0,,,,,0,0,0,0,0,0,0,,
11586,12072,NULL,安徽商贸职业技术学院,安徽,芜湖市,专科,,公办,2,区域重点/特色优势高校,职业院校强信号文本：双高,vocational_feature,0,0,0,0,0,,,,,0,0,0,0,0,0,0,,
12267,13344,NULL,安徽国防科技职业学院,安徽,六安市,专科,,公办,3,普通应用/职业供给高校,专科/高职高校，当前库内未命中双高、国家示范/骨干等强信号,default_vocational,0,0,0,0,0,,,,,0,0,0,0,0,0,0,,
12288,13846,NULL,安徽国际商务职业学院,安徽,合肥市,专科,,公办,3,普通应用/职业供给高校,专科/高职高校，当前库内未命中双高、国家示范/骨干等强信号,default_vocational,0,0,0,0,0,,,,,0,0,0,0,0,0,0,,
12174,13338,NULL,安徽城市管理职业学院,安徽,合肥市,专科,,公办,3,普通应用/职业供给高校,专科/高职高校，当前库内未命中双高、国家示范/骨干等强信号,default_vocational,0,0,0,0,0,,,,,0,0,0,0,0,0,0,,
10936,13065,NULL,安徽外国语学院,安徽,合肥市,本科,,民办,3,普通应用/职业供给高校,本科高校，但未命中985、211、双一流、研究型、前列排名、硕博点等强信号,default_undergraduate,0,0,0,0,0,,1290,,,0,0,0,0,0,0,0,,
10167,10357,NULL,安徽大学,安徽,合肥市,本科,区域研究型,公办,1,头部/强研究型高校,双一流高校；库内综合排名前100：93,is_dual_class;ranking_top100,0,1,1,0,0,101,93,,123,91,54,0,0,1,0,0,,
12425,13849,NULL,安徽审计职业学院,安徽,合肥市,专科,,公办,3,普通应用/职业供给高校,专科/高职高校，当前库内未命中双高、国家示范/骨干等强信号,default_vocational,0,0,0,0,0,,,,,0,0,0,0,0,0,0,,
10341,10360,NULL,安徽工业大学,安徽,马鞍山市,本科,区域特色研究型,公办,2,区域重点/特色优势高校,办学类型为区域特色研究型；软科排名前350：193；库内综合排名前500：287；博士点/博士专业学位点：5；硕士点/硕士专业学位点：30；院士数：1,school_type_t2;ruanke_top350;ranking_top500;doctoral_points;master_points;academicians,0,0,0,0,0,193,287,,192,30,5,0,0,1,0,0,,
11707,12334,NULL,安徽工业经济职业技术学院,安徽,合肥市,专科,,公办,3,普通应用/职业供给高校,专科/高职高校，当前库内未命中双高、国家示范/骨干等强信号,default_vocational,0,0,0,0,0,,,,,0,0,0,0,0,0,0,,
12377,13852,NULL,安徽工业职业技术学院,安徽,铜陵市,专科,,公办,3,普通应用/职业供给高校,专科/高职高校，当前库内未命中双高、国家示范/骨干等强信号,default_vocational,0,0,0,0,0,,,,,0,0,0,0,0,0,0,,
11938,13340,NULL,安徽工商职业学院,安徽,合肥市,专科,,公办,3,普通应用/职业供给高校,专科/高职高校，当前库内未命中双高、国家示范/骨干等强信号,default_vocational,0,0,0,0,0,,,,,0,0,0,0,0,0,0,,
10569,10363,NULL,安徽工程大学,安徽,芜湖市,本科,,公办,2,区域重点/特色优势高校,软科排名前350：274；库内综合排名前500：414；硕士点/硕士专业学位点：39,ruanke_top350;ranking_top500;master_points,0,0,0,0,0,274,414,,281,39,0,0,0,0,0,0,,
11653,12811,NULL,安徽工贸职业技术学院,安徽,淮南市,专科,,公办,3,普通应用/职业供给高校,专科/高职高校，当前库内未命中双高、国家示范/骨干等强信号,default_vocational,0,0,0,0,0,,,,,0,0,0,0,0,0,0,,
10196,10370,NULL,安徽师范大学,安徽,芜湖市,本科,区域特色研究型,公办,2,区域重点/特色优势高校,办学类型为区域特色研究型；软科排名前350：145；库内综合排名前500：245；博士点/博士专业学位点：18；硕士点/硕士专业学位点：48；院士数：1,school_type_t2;ruanke_top350;ranking_top500;doctoral_points;master_points;academicians,0,0,0,0,0,145,245,,219,48,18,0,0,1,0,0,,
12272,13062,NULL,安徽广播影视职业技术学院,安徽,合肥市,专科,,公办,3,普通应用/职业供给高校,专科/高职高校，当前库内未命中双高、国家示范/骨干等强信号,default_vocational,0,0,0,0,0,,,,,0,0,0,0,0,0,0,,
10351,10878,NULL,安徽建筑大学,安徽,合肥市,本科,应用型,公办,2,区域重点/特色优势高校,软科排名前350：283；库内综合排名前500：412；博士点/博士专业学位点：4；硕士点/硕士专业学位点：23,ruanke_top350;ranking_top500;doctoral_points;master_points,0,0,0,0,0,283,412,,375,23,4,0,0,0,0,0,,
12317,14342,NULL,安徽扬子职业技术学院,安徽,芜湖市,专科,,民办,3,普通应用/职业供给高校,专科/高职高校，当前库内未命中双高、国家示范/骨干等强信号,default_vocational,0,0,0,0,0,,,,,0,0,0,0,0,0,0,,
11082,12810,NULL,安徽文达信息工程学院,安徽,合肥市,本科,,民办,3,普通应用/职业供给高校,本科高校，但未命中985、211、双一流、研究型、前列排名、硕博点等强信号,default_undergraduate,0,0,0,0,0,,1292,,,0,0,0,0,0,0,0,,
11183,12216,NULL,安徽新华学院,安徽,合肥市,本科,,民办,3,普通应用/职业供给高校,本科高校，但未命中985、211、双一流、研究型、前列排名、硕博点等强信号,default_undergraduate,0,0,0,0,0,,1257,,,0,0,0,0,0,0,0,,
12507,13850,NULL,安徽新闻出版职业技术学院,安徽,合肥市,专科,,公办,3,普通应用/职业供给高校,专科/高职高校，当前库内未命中双高、国家示范/骨干等强信号,default_vocational,0,0,0,0,0,,,,,0,0,0,0,0,0,0,,
12233,13339,NULL,安徽机电职业技术学院,安徽,芜湖市,专科,,公办,2,区域重点/特色优势高校,职业院校强信号文本：双高,vocational_feature,0,0,0,0,0,,,,,0,0,0,0,0,0,0,,
12464,13848,NULL,安徽林业职业技术学院,安徽,合肥市,专科,,公办,3,普通应用/职业供给高校,专科/高职高校，当前库内未命中双高、国家示范/骨干等强信号,default_vocational,0,0,0,0,0,,,,,0,0,0,0,0,0,0,,
11669,12073,NULL,安徽水利水电职业技术学院,安徽,合肥市,专科,,公办,3,普通应用/职业供给高校,专科/高职高校，当前库内未命中双高、国家示范/骨干等强信号,default_vocational,0,0,0,0,0,,,,,0,0,0,0,0,0,0,,
12541,14298,NULL,安徽汽车职业技术学院,安徽,合肥市,专科,,公办,3,普通应用/职业供给高校,专科/高职高校，当前库内未命中双高、国家示范/骨干等强信号,default_vocational,0,0,0,0,0,,,,,0,0,0,0,0,0,0,,
12016,14132,NULL,安徽涉外经济职业学院,安徽,合肥市,专科,,民办,3,普通应用/职业供给高校,专科/高职高校，当前库内未命中双高、国家示范/骨干等强信号,default_vocational,0,0,0,0,0,,,,,0,0,0,0,0,0,0,,
11954,14210,NULL,安徽现代信息工程职业学院,安徽,淮南市,专科,,民办,3,普通应用/职业供给高校,专科/高职高校，当前库内未命中双高、国家示范/骨干等强信号,default_vocational,0,0,0,0,0,,,,,0,0,0,0,0,0,0,,
10369,10361,NULL,安徽理工大学,安徽,淮南市,本科,区域特色研究型,公办,2,区域重点/特色优势高校,办学类型为区域特色研究型；软科排名前350：180；库内综合排名前500：247；博士点/博士专业学位点：41；硕士点/硕士专业学位点：51；院士数：9,school_type_t2;ruanke_top350;ranking_top500;doctoral_points;master_points;academicians,0,0,0,0,0,180,247,,252,51,41,0,0,9,0,0,,
12273,12814,NULL,安徽电子信息职业技术学院,安徽,蚌埠市,专科,,公办,3,普通应用/职业供给高校,专科/高职高校，当前库内未命中双高、国家示范/骨干等强信号,default_vocational,0,0,0,0,0,,,,,0,0,0,0,0,0,0,,
11809,13336,NULL,安徽电气工程职业技术学院,安徽,合肥市,专科,,公办,3,普通应用/职业供给高校,专科/高职高校，当前库内未命中双高、国家示范/骨干等强信号,default_vocational,0,0,0,0,0,,,,,0,0,0,0,0,0,0,,
12034,14229,NULL,安徽矿业职业技术学院,安徽,淮北市,专科,,民办,3,普通应用/职业供给高校,专科/高职高校，当前库内未命中双高、国家示范/骨干等强信号,default_vocational,0,0,0,0,0,,,,,0,0,0,0,0,0,0,,
10731,10879,NULL,安徽科技工程大学,安徽,滁州市,本科,,公办,2,区域重点/特色优势高校,硕士点/硕士专业学位点：14,master_points,0,0,0,0,0,361,633,,,14,0,0,0,0,0,0,,
11816,12925,NULL,安徽第二医学院,安徽,合肥市,本科,,公办,3,普通应用/职业供给高校,本科高校，但未命中985、211、双一流、研究型、前列排名、硕博点等强信号,default_undergraduate,0,0,0,0,0,,931,,,0,0,0,0,0,0,0,,
11516,14418,NULL,安徽粮食工程职业学院,安徽,合肥市,专科,,公办,3,普通应用/职业供给高校,专科/高职高校，当前库内未命中双高、国家示范/骨干等强信号,default_vocational,0,0,0,0,0,,,,,0,0,0,0,0,0,0,,
12703,14133,NULL,安徽绿海商务职业学院,安徽,合肥市,专科,,民办,3,普通应用/职业供给高校,专科/高职高校，当前库内未命中双高、国家示范/骨干等强信号,default_vocational,0,0,0,0,0,,,,,0,0,0,0,0,0,0,,
11468,10869,NULL,安徽职业技术大学,安徽,合肥市,本科,,公办,3,普通应用/职业供给高校,本科高校，但未命中985、211、双一流、研究型、前列排名、硕博点等强信号,default_undergraduate,0,0,0,0,0,,998,,,0,0,0,0,0,0,0,,
10872,14682,NULL,安徽艺术学院,安徽,合肥市,本科,,公办,3,普通应用/职业供给高校,本科高校，但未命中985、211、双一流、研究型、前列排名、硕博点等强信号,default_undergraduate,0,0,0,0,0,,917,,,0,0,0,0,0,0,0,,
12492,13346,NULL,安徽艺术职业学院,安徽,合肥市,专科,,公办,3,普通应用/职业供给高校,专科/高职高校，当前库内未命中双高、国家示范/骨干等强信号,default_vocational,0,0,0,0,0,,,,,0,0,0,0,0,0,0,,
12360,12219,NULL,安徽警官职业学院,安徽,合肥市,专科,,公办,3,普通应用/职业供给高校,专科/高职高校，当前库内未命中双高、国家示范/骨干等强信号,default_vocational,0,0,0,0,0,,,,,0,0,0,0,0,0,0,,
10395,10378,NULL,安徽财经大学,安徽,蚌埠市,本科,应用型,公办,2,区域重点/特色优势高校,软科排名前350：202；库内综合排名前500：346；博士点/博士专业学位点：1；硕士点/硕士专业学位点：28,ruanke_top350;ranking_top500;doctoral_points;master_points,0,0,0,0,0,202,346,,71,28,1,0,0,0,0,0,,
12202,13845,NULL,安徽财贸职业学院,安徽,合肥市,专科,,公办,3,普通应用/职业供给高校,专科/高职高校，当前库内未命中双高、国家示范/骨干等强信号,default_vocational,0,0,0,0,0,,,,,0,0,0,0,0,0,0,,
12540,13851,NULL,安徽邮电职业技术学院,安徽,合肥市,专科,,公办,3,普通应用/职业供给高校,专科/高职高校，当前库内未命中双高、国家示范/骨干等强信号,default_vocational,0,0,0,0,0,,,,,0,0,0,0,0,0,0,,
12792,14378,NULL,安徽黄梅戏艺术职业学院,安徽,安庆市,专科,,公办,3,普通应用/职业供给高校,专科/高职高校，当前库内未命中双高、国家示范/骨干等强信号,default_vocational,0,0,0,0,0,,,,,0,0,0,0,0,0,0,,
11203,13504,NULL,安阳学院,河南,安阳市,本科,,民办,3,普通应用/职业供给高校,本科高校，但未命中985、211、双一流、研究型、前列排名、硕博点等强信号,default_undergraduate,0,0,0,0,0,,885,,,0,0,0,0,0,0,0,,
10828,11330,NULL,安阳工学院,河南,安阳市,本科,,公办,3,普通应用/职业供给高校,本科高校，但未命中985、211、双一流、研究型、前列排名、硕博点等强信号,default_undergraduate,0,0,0,0,0,492,789,,,0,0,0,0,0,0,0,,
10675,10479,NULL,安阳师范学院,河南,安阳市,本科,,公办,2,区域重点/特色优势高校,硕士点/硕士专业学位点：13,master_points,0,0,0,0,0,418,557,,397,13,0,0,0,0,0,0,,
12156,14392,NULL,安阳幼儿师范高等专科学校,河南,安阳市,专科,,公办,3,普通应用/职业供给高校,专科/高职高校，当前库内未命中双高、国家示范/骨干等强信号,default_vocational,0,0,0,0,0,,,,,0,0,0,0,0,0,0,,
11759,14243,NULL,安阳职业技术学院,河南,安阳市,专科,,公办,3,普通应用/职业供给高校,专科/高职高校，当前库内未命中双高、国家示范/骨干等强信号,default_vocational,0,0,0,0,0,,,,,0,0,0,0,0,0,0,,
10787,10667,NULL,安顺学院,贵州,安顺市,本科,,公办,3,普通应用/职业供给高校,本科高校，但未命中985、211、双一流、研究型、前列排名、硕博点等强信号,default_undergraduate,0,0,0,0,0,494,725,,,0,0,0,0,0,0,0,,
12127,12821,NULL,安顺职业技术学院,贵州,安顺市,专科,,公办,3,普通应用/职业供给高校,专科/高职高校，当前库内未命中双高、国家示范/骨干等强信号,default_vocational,0,0,0,0,0,,,,,0,0,0,0,0,0,0,,
70406,,NULL,宏恩基督教学院,香港,深水埗区,本科,,民办,3,普通应用/职业供给高校,本科高校，但未命中985、211、双一流、研究型、前列排名、硕博点等强信号,default_undergraduate,0,0,0,0,0,,,,,0,0,0,0,0,0,0,,
70390,14823,NULL,定西职业技术学院,甘肃,定西市,专科,,公办,3,普通应用/职业供给高校,专科/高职高校，当前库内未命中双高、国家示范/骨干等强信号,default_vocational,0,0,0,0,0,,,,,0,0,0,0,0,0,0,,
70666,14938,NULL,宜宾医药健康职业学院,四川,宜宾市,专科,,公办,3,普通应用/职业供给高校,专科/高职高校，当前库内未命中双高、国家示范/骨干等强信号,default_vocational,0,0,0,0,0,,,,,0,0,0,0,0,0,0,,
10717,10641,NULL,宜宾学院,四川,宜宾市,本科,,公办,2,区域重点/特色优势高校,硕士点/硕士专业学位点：3,master_points,0,0,0,0,0,409,542,,,3,0,0,0,0,0,0,,
70665,14937,NULL,宜宾工业职业技术学院,四川,宜宾市,专科,,公办,3,普通应用/职业供给高校,专科/高职高校，当前库内未命中双高、国家示范/骨干等强信号,default_vocational,0,0,0,0,0,,,,,0,0,0,0,0,0,0,,
12011,12966,NULL,宜宾职业技术学院,四川,宜宾市,专科,,公办,3,普通应用/职业供给高校,专科/高职高校，当前库内未命中双高、国家示范/骨干等强信号,default_vocational,0,0,0,0,0,,,,,0,0,0,0,0,0,0,,
70384,14833,NULL,宜昌科技职业学院,湖北,宜昌市,专科,,公办,3,普通应用/职业供给高校,专科/高职高校，当前库内未命中双高、国家示范/骨干等强信号,default_vocational,0,0,0,0,0,,,,,0,0,0,0,0,0,0,,
10712,10417,NULL,宜春学院,江西,宜春市,本科,,公办,2,区域重点/特色优势高校,硕士点/硕士专业学位点：1,master_points,0,0,0,0,0,431,766,,,1,0,0,0,0,0,0,,
12419,14494,NULL,宜春幼儿师范高等专科学校,江西,宜春市,专科,,公办,3,普通应用/职业供给高校,专科/高职高校，当前库内未命中双高、国家示范/骨干等强信号,default_vocational,0,0,0,0,0,,,,,0,0,0,0,0,0,0,,
11593,13424,NULL,宜春职业技术学院,江西,宜春市,专科,,公办,3,普通应用/职业供给高校,专科/高职高校，当前库内未命中双高、国家示范/骨干等强信号,default_vocational,0,0,0,0,0,,,,,0,0,0,0,0,0,0,,
11883,14651,NULL,宝鸡三和职业学院,陕西,宝鸡市,专科,,民办,3,普通应用/职业供给高校,专科/高职高校，当前库内未命中双高、国家示范/骨干等强信号,default_vocational,0,0,0,0,0,,,,,0,0,0,0,0,0,0,,
70081,14770,NULL,宝鸡中北职业学院,陕西,宝鸡市,专科,,民办,3,普通应用/职业供给高校,专科/高职高校，当前库内未命中双高、国家示范/骨干等强信号,default_vocational,0,0,0,0,0,,,,,0,0,0,0,0,0,0,,
10603,10721,NULL,宝鸡文理学院,陕西,宝鸡市,本科,,公办,2,区域重点/特色优势高校,硕士点/硕士专业学位点：87,master_points,0,0,0,0,0,450,684,,,87,0,0,0,0,0,0,,
11486,13567,NULL,宝鸡职业技术学院,陕西,宝鸡市,专科,,公办,3,普通应用/职业供给高校,专科/高职高校，当前库内未命中双高、国家示范/骨干等强信号,default_vocational,0,0,0,0,0,,,,,0,0,0,0,0,0,0,,
12007,14260,NULL,宣化科技职业学院,河北,张家口市,专科,,公办,3,普通应用/职业供给高校,专科/高职高校，当前库内未命中双高、国家示范/骨干等强信号,default_vocational,0,0,0,0,0,,,,,0,0,0,0,0,0,0,,
12743,13061,NULL,宣城职业技术学院,安徽,宣城市,专科,,公办,3,普通应用/职业供给高校,专科/高职高校，当前库内未命中双高、国家示范/骨干等强信号,default_vocational,0,0,0,0,0,,,,,0,0,0,0,0,0,0,,
10812,10379,NULL,宿州学院,安徽,宿州市,本科,,公办,2,区域重点/特色优势高校,硕士点/硕士专业学位点：3,master_points,0,0,0,0,0,490,953,,,3,0,0,0,0,0,0,,
12230,12812,NULL,宿州职业技术学院,安徽,宿州市,专科,,公办,3,普通应用/职业供给高校,专科/高职高校，当前库内未命中双高、国家示范/骨干等强信号,default_vocational,0,0,0,0,0,,,,,0,0,0,0,0,0,0,,
70063,14747,NULL,宿州航空职业学院,安徽,宿州市,专科,,民办,3,普通应用/职业供给高校,专科/高职高校，当前库内未命中双高、国家示范/骨干等强信号,default_vocational,0,0,0,0,0,,,,,0,0,0,0,0,0,0,,
11349,14160,NULL,宿迁学院,江苏,宿迁市,本科,,公办,3,普通应用/职业供给高校,本科高校，但未命中985、211、双一流、研究型、前列排名、硕博点等强信号,default_undergraduate,0,0,0,0,0,475,826,,,0,0,0,0,0,0,0,,
70616,14854,NULL,宿迁幼儿师范高等专科学校,江苏,宿迁市,专科,,公办,3,普通应用/职业供给高校,专科/高职高校，当前库内未命中双高、国家示范/骨干等强信号,default_vocational,0,0,0,0,0,,,,,0,0,0,0,0,0,0,,
12632,14293,NULL,宿迁泽达职业技术学院,江苏,宿迁市,专科,,民办,3,普通应用/职业供给高校,专科/高职高校，当前库内未命中双高、国家示范/骨干等强信号,default_vocational,0,0,0,0,0,,,,,0,0,0,0,0,0,0,,
12631,13110,NULL,宿迁职业技术学院,江苏,宿迁市,专科,,民办,3,普通应用/职业供给高校,专科/高职高校，当前库内未命中双高、国家示范/骨干等强信号,default_vocational,0,0,0,0,0,,,,,0,0,0,0,0,0,0,,
10120,10036,NULL,对外经济贸易大学,北京,朝阳区,本科,,公办,1,头部/强研究型高校,双一流高校；软科排名前100：57；库内综合排名前100：42,is_dual_class;ruanke_top100;ranking_top100,0,1,1,1,0,57,42,69,97,78,59,0,0,0,0,0,,
10414,10441,NULL,山东中医药大学,山东,济南市,本科,区域特色研究型,公办,2,区域重点/特色优势高校,办学类型为区域特色研究型；软科排名前350：169；库内综合排名前500：388；博士点/博士专业学位点：14；硕士点/硕士专业学位点：51,school_type_t2;ruanke_top350;ranking_top500;doctoral_points;master_points,0,0,0,0,0,169,388,,348,51,14,0,0,0,0,0,,
11786,13778,NULL,山东中医药高等专科学校,山东,烟台市,专科,,公办,3,普通应用/职业供给高校,专科/高职高校，当前库内未命中双高、国家示范/骨干等强信号,default_vocational,0,0,0,0,0,,,,,0,0,0,0,0,0,0,,
10683,11510,NULL,山东交通学院,山东,济南市,本科,,公办,2,区域重点/特色优势高校,硕士点/硕士专业学位点：3,master_points,0,0,0,0,0,356,575,,433,3,0,0,0,0,0,0,,
11812,13008,NULL,山东交通职业学院,山东,潍坊市,专科,,公办,3,普通应用/职业供给高校,专科/高职高校，当前库内未命中双高、国家示范/骨干等强信号,default_vocational,0,0,0,0,0,,,,,0,0,0,0,0,0,0,,
12518,14193,NULL,山东传媒职业学院,山东,济南市,专科,,公办,3,普通应用/职业供给高校,专科/高职高校，当前库内未命中双高、国家示范/骨干等强信号,default_vocational,0,0,0,0,0,,,,,0,0,0,0,0,0,0,,
10678,10457,NULL,山东体育学院,山东,济南市,本科,,公办,2,区域重点/特色优势高校,软科排名前350：337；硕士点/硕士专业学位点：9,ruanke_top350;master_points,0,0,0,0,0,337,645,,,9,0,0,0,0,0,0,,
12287,13012,NULL,山东信息职业技术学院,山东,潍坊市,专科,,公办,3,普通应用/职业供给高校,专科/高职高校，当前库内未命中双高、国家示范/骨干等强信号,default_vocational,0,0,0,0,0,,,,,0,0,0,0,0,0,0,,
10180,10434,NULL,山东农业大学,山东,泰安市,本科,区域特色研究型,公办,2,区域重点/特色优势高校,办学类型为区域特色研究型；软科排名前350：128；库内综合排名前500：341；博士点/博士专业学位点：11；硕士点/硕士专业学位点：32；院士数：3,school_type_t2;ruanke_top350;ranking_top500;doctoral_points;master_points;academicians,0,0,0,0,0,128,341,,139,32,11,0,0,3,0,0,,
10884,14439,NULL,山东农业工程学院,山东,济南市,本科,,公办,3,普通应用/职业供给高校,本科高校，但未命中985、211、双一流、研究型、前列排名、硕博点等强信号,default_undergraduate,0,0,0,0,0,500,907,,,0,0,0,0,0,0,0,,
11700,12844,NULL,山东力明科技职业学院,山东,泰安市,专科,,民办,3,普通应用/职业供给高校,专科/高职高校，当前库内未命中双高、国家示范/骨干等强信号,default_vocational,0,0,0,0,0,,,,,0,0,0,0,0,0,0,,
11787,12329,NULL,山东劳动职业技术学院,山东,济南市,专科,,公办,3,普通应用/职业供给高校,专科/高职高校，当前库内未命中双高、国家示范/骨干等强信号,default_vocational,0,0,0,0,0,,,,,0,0,0,0,0,0,0,,
12085,13319,NULL,山东化工职业学院,山东,潍坊市,专科,,公办,3,普通应用/职业供给高校,专科/高职高校，当前库内未命中双高、国家示范/骨干等强信号,default_vocational,0,0,0,0,0,,,,,0,0,0,0,0,0,0,,
11487,10442,NULL,山东医学高等专科学校,山东,临沂市,专科,,公办,3,普通应用/职业供给高校,专科/高职高校，当前库内未命中双高、国家示范/骨干等强信号,default_vocational,0,0,0,0,0,,,,,0,0,0,0,0,0,0,,
10600,10440,NULL,山东医药大学,山东,滨州市,本科,,公办,2,区域重点/特色优势高校,软科排名前350：210；库内综合排名前500：472；硕士点/硕士专业学位点：19,ruanke_top350;ranking_top500;master_points,0,0,0,0,0,210,472,,305,19,0,0,0,0,0,0,,
11316,13857,NULL,山东华宇工学院,山东,德州市,本科,,民办,3,普通应用/职业供给高校,本科高校，但未命中985、211、双一流、研究型、前列排名、硕博点等强信号,default_undergraduate,0,0,0,0,0,,1246,,,0,0,0,0,0,0,0,,
11141,13324,NULL,山东协和学院,山东,济南市,本科,,民办,3,普通应用/职业供给高校,本科高校，但未命中985、211、双一流、研究型、前列排名、硕博点等强信号,default_undergraduate,0,0,0,0,0,,1092,,,0,0,0,0,0,0,0,,
12506,14082,NULL,山东司法警官职业学院,山东,济南市,专科,,公办,3,普通应用/职业供给高校,专科/高职高校，当前库内未命中双高、国家示范/骨干等强信号,default_vocational,0,0,0,0,0,,,,,0,0,0,0,0,0,0,,
11805,10832,NULL,山东商业职业技术学院,山东,济南市,专科,,公办,2,区域重点/特色优势高校,职业院校强信号文本：双高,vocational_feature,0,0,0,0,0,,,,,0,0,0,0,0,0,0,,
11624,14078,NULL,山东商务职业学院,山东,烟台市,专科,,公办,3,普通应用/职业供给高校,专科/高职高校，当前库内未命中双高、国家示范/骨干等强信号,default_vocational,0,0,0,0,0,,,,,0,0,0,0,0,0,0,,
11535,12945,NULL,山东圣翰财贸职业学院,山东,济南市,专科,,民办,3,普通应用/职业供给高校,专科/高职高校，当前库内未命中双高、国家示范/骨干等强信号,default_vocational,0,0,0,0,0,,,,,0,0,0,0,0,0,0,,
12101,14080,NULL,山东城市建设职业学院,山东,济南市,专科,,公办,3,普通应用/职业供给高校,专科/高职高校，当前库内未命中双高、国家示范/骨干等强信号,default_vocational,0,0,0,0,0,,,,,0,0,0,0,0,0,0,,
70391,14809,NULL,山东城市服务职业学院,山东,烟台市,专科,,公办,3,普通应用/职业供给高校,专科/高职高校，当前库内未命中双高、国家示范/骨干等强信号,default_vocational,0,0,0,0,0,,,,,0,0,0,0,0,0,0,,
11062,13874,NULL,山东外事职业大学,山东,威海市,本科,,民办,3,普通应用/职业供给高校,本科高校，但未命中985、211、双一流、研究型、前列排名、硕博点等强信号,default_undergraduate,0,0,0,0,0,,1093,,,0,0,0,0,0,0,0,,
11096,13387,NULL,山东外国语职业技术大学,山东,日照市,本科,,民办,3,普通应用/职业供给高校,本科高校，但未命中985、211、双一流、研究型、前列排名、硕博点等强信号,default_undergraduate,0,0,0,0,0,,1021,,,0,0,0,0,0,0,0,,
12395,13010,NULL,山东外贸职业学院,山东,青岛市,专科,,公办,3,普通应用/职业供给高校,专科/高职高校，当前库内未命中双高、国家示范/骨干等强信号,default_vocational,0,0,0,0,0,,,,,0,0,0,0,0,0,0,,
10022,10422,NULL,山东大学,山东,济南市,本科,研究型,公办,1,头部/强研究型高校,985 高校；双一流高校；办学类型为研究型；软科排名前100：22；库内综合排名前100：33,is985;is_dual_class;school_type_t1;ruanke_top100;ranking_top100,1,1,1,1,0,22,33,18,35,150,175,0,0,14,0,0,,
10023,19422,NULL,山东大学威海分校,山东,威海市,本科,中国研究型,公办,1,头部/强研究型高校,985 高校；双一流高校；办学类型为中国研究型；库内综合排名前100：51,is985;is_dual_class;school_type_t1;ranking_top100,1,1,1,1,0,,51,,,4,24,0,0,0,0,0,,
10840,12331,NULL,山东女子学院,山东,济南市,本科,,公办,3,普通应用/职业供给高校,本科高校，但未命中985、211、双一流、研究型、前列排名、硕博点等强信号,default_undergraduate,0,0,0,0,0,485,688,,,0,0,0,0,0,0,0,,
12242,13318,NULL,山东工业职业学院,山东,淄博市,专科,,公办,3,普通应用/职业供给高校,专科/高职高校，当前库内未命中双高、国家示范/骨干等强信号,default_vocational,0,0,0,0,0,,,,,0,0,0,0,0,0,0,,
10621,11688,NULL,山东工商学院,山东,烟台市,本科,,公办,2,区域重点/特色优势高校,软科排名前350：305；硕士点/硕士专业学位点：20,ruanke_top350;master_points,0,0,0,0,0,305,523,,434,20,0,0,0,0,0,0,,
11026,13356,NULL,山东工程职业技术大学,山东,济南市,本科,,民办,3,普通应用/职业供给高校,本科高校，但未命中985、211、双一流、研究型、前列排名、硕博点等强信号,default_undergraduate,0,0,0,0,0,,1149,,,0,0,0,0,0,0,0,,
10668,10908,NULL,山东工艺美术学院,山东,济南市,本科,,公办,2,区域重点/特色优势高校,硕士点/硕士专业学位点：5,master_points,0,0,0,0,0,,834,,,5,0,0,0,0,0,0,,
10135,10445,NULL,山东师范大学,山东,济南市,本科,区域特色研究型,公办,2,区域重点/特色优势高校,办学类型为区域特色研究型；软科排名前350：104；库内综合排名前500：188；博士点/博士专业学位点：45；硕士点/硕士专业学位点：85；院士数：1,school_type_t2;ruanke_top350;ranking_top500;doctoral_points;master_points;academicians,0,0,0,0,0,104,188,,132,85,45,0,0,1,0,0,,
10418,10430,NULL,山东建筑大学,山东,济南市,本科,应用型,公办,2,区域重点/特色优势高校,软科排名前350：251；库内综合排名前500：477；博士点/博士专业学位点：2；硕士点/硕士专业学位点：20,ruanke_top350;ranking_top500;doctoral_points;master_points,0,0,0,0,0,251,477,,331,20,2,0,0,0,0,0,,
10706,14100,NULL,山东政法学院,山东,济南市,本科,,公办,2,区域重点/特色优势高校,库内综合排名前500：265；硕士点/硕士专业学位点：3,ranking_top500;master_points,0,0,0,0,0,383,265,,,3,0,0,0,0,0,0,,
12349,14261,NULL,山东文化产业职业学院,山东,青岛市,专科,,民办,3,普通应用/职业供给高校,专科/高职高校，当前库内未命中双高、国家示范/骨干等强信号,default_vocational,0,0,0,0,0,,,,,0,0,0,0,0,0,0,,
70613,14860,NULL,山东文化艺术职业学院,山东,德州市,专科,,公办,3,普通应用/职业供给高校,专科/高职高校，当前库内未命中双高、国家示范/骨干等强信号,default_vocational,0,0,0,0,0,,,,,0,0,0,0,0,0,0,,
12389,13858,NULL,山东旅游职业学院,山东,济南市,专科,,公办,3,普通应用/职业供给高校,专科/高职高校，当前库内未命中双高、国家示范/骨干等强信号,default_vocational,0,0,0,0,0,,,,,0,0,0,0,0,0,0,,
12266,12841,NULL,山东服装职业学院,山东,泰安市,专科,,公办,3,普通应用/职业供给高校,专科/高职高校，当前库内未命中双高、国家示范/骨干等强信号,default_vocational,0,0,0,0,0,,,,,0,0,0,0,0,0,0,,
12749,13860,NULL,山东杏林科技职业学院,山东,济南市,专科,,民办,3,普通应用/职业供给高校,专科/高职高校，当前库内未命中双高、国家示范/骨干等强信号,default_vocational,0,0,0,0,0,,,,,0,0,0,0,0,0,0,,
11464,12946,NULL,山东水利职业学院,山东,日照市,专科,,公办,3,普通应用/职业供给高校,专科/高职高校，当前库内未命中双高、国家示范/骨干等强信号,default_vocational,0,0,0,0,0,,,,,0,0,0,0,0,0,0,,
12714,14346,NULL,山东海事职业学院,山东,潍坊市,专科,,民办,3,普通应用/职业供给高校,专科/高职高校，当前库内未命中双高、国家示范/骨干等强信号,default_vocational,0,0,0,0,0,,,,,0,0,0,0,0,0,0,,
12827,14545,NULL,山东特殊教育职业学院,山东,济南市,专科,,公办,3,普通应用/职业供给高校,专科/高职高校，当前库内未命中双高、国家示范/骨干等强信号,default_vocational,0,0,0,0,0,,,,,0,0,0,0,0,0,0,,
11285,13322,NULL,山东现代学院,山东,济南市,本科,,民办,3,普通应用/职业供给高校,本科高校，但未命中985、211、双一流、研究型、前列排名、硕博点等强信号,default_undergraduate,0,0,0,0,0,,1142,,,0,0,0,0,0,0,0,,
10363,10433,NULL,山东理工大学,山东,淄博市,本科,区域特色研究型,公办,2,区域重点/特色优势高校,办学类型为区域特色研究型；软科排名前350：197；库内综合排名前500：325；博士点/博士专业学位点：7；硕士点/硕士专业学位点：29,school_type_t2;ruanke_top350;ranking_top500;doctoral_points;master_points,0,0,0,0,0,197,325,,186,29,7,0,0,0,0,0,,
11558,14242,NULL,山东理工职业学院,山东,济宁市,专科,,公办,3,普通应用/职业供给高校,专科/高职高校，当前库内未命中双高、国家示范/骨干等强信号,default_vocational,0,0,0,0,0,,,,,0,0,0,0,0,0,0,,
11452,11827,NULL,山东电力高等专科学校,山东,济南市,专科,,公办,3,普通应用/职业供给高校,专科/高职高校，当前库内未命中双高、国家示范/骨干等强信号,default_vocational,0,0,0,0,0,,,,,0,0,0,0,0,0,0,,
12069,13856,NULL,山东电子职业技术学院,山东,济南市,专科,,公办,3,普通应用/职业供给高校,专科/高职高校，当前库内未命中双高、国家示范/骨干等强信号,default_vocational,0,0,0,0,0,,,,,0,0,0,0,0,0,0,,
11737,12947,NULL,山东畜牧兽医职业学院,山东,潍坊市,专科,,公办,2,区域重点/特色优势高校,职业院校强信号文本：双高,vocational_feature,0,0,0,0,0,,,,,0,0,0,0,0,0,0,,
11114,13386,NULL,山东石油化工学院,山东,东营市,本科,,公办,2,区域重点/特色优势高校,院士数：1,academicians,0,0,0,0,0,500,807,,,0,0,0,0,1,0,0,,
10198,10424,NULL,山东科技大学,山东,青岛市,本科,区域特色研究型,公办,2,区域重点/特色优势高校,办学类型为区域特色研究型；软科排名前350：140；库内综合排名前500：209；博士点/博士专业学位点：17；硕士点/硕士专业学位点：42；院士数：4,school_type_t2;ruanke_top350;ranking_top500;doctoral_points;master_points;academicians,0,0,0,0,0,140,209,,92,42,17,0,0,4,0,0,,
12029,12819,NULL,山东科技职业学院,山东,潍坊市,专科,,公办,2,区域重点/特色优势高校,职业院校强信号文本：双高,vocational_feature,0,0,0,0,0,,,,,0,0,0,0,1,0,0,,
10376,10439,NULL,山东第一医科大学,山东,济南市,本科,区域特色研究型,公办,2,区域重点/特色优势高校,办学类型为区域特色研究型；软科排名前350：135；库内综合排名前500：333；博士点/博士专业学位点：22；硕士点/硕士专业学位点：57；院士数：3,school_type_t2;ruanke_top350;ranking_top500;doctoral_points;master_points;academicians,0,0,0,0,0,135,333,,226,57,22,0,0,3,0,0,,
10654,10438,NULL,山东第二医科大学,山东,潍坊市,本科,,公办,2,区域重点/特色优势高校,软科排名前350：220；库内综合排名前500：424；博士点/博士专业学位点：1；硕士点/硕士专业学位点：87；院士数：2,ruanke_top350;ranking_top500;doctoral_points;master_points;academicians,0,0,0,0,0,220,424,,383,87,1,0,0,2,0,0,,
10857,14438,NULL,山东管理学院,山东,济南市,本科,,公办,3,普通应用/职业供给高校,本科高校，但未命中985、211、双一流、研究型、前列排名、硕博点等强信号,default_undergraduate,0,0,0,0,0,486,603,,,0,0,0,0,0,0,0,,
12152,13317,NULL,山东经贸职业学院,山东,潍坊市,专科,,公办,3,普通应用/职业供给高校,专科/高职高校，当前库内未命中双高、国家示范/骨干等强信号,default_vocational,0,0,0,0,0,,,,,0,0,0,0,0,0,0,,
11879,12328,NULL,山东职业学院,山东,济南市,专科,,公办,2,区域重点/特色优势高校,职业院校强信号文本：双高,vocational_feature,0,0,0,0,0,,,,,0,0,0,0,0,0,0,,
11648,13316,NULL,山东胜利职业学院,山东,东营市,专科,,公办,3,普通应用/职业供给高校,专科/高职高校，当前库内未命中双高、国家示范/骨干等强信号,default_vocational,0,0,0,0,0,,,,,0,0,0,0,0,0,0,,
10728,10449,NULL,山东航空学院,山东,滨州市,本科,,公办,2,区域重点/特色优势高校,硕士点/硕士专业学位点：11；院士数：1,master_points;academicians,0,0,0,0,0,394,708,,,11,0,0,0,1,0,0,,
10725,10458,NULL,山东艺术学院,山东,济南市,本科,,公办,2,区域重点/特色优势高校,博士点/博士专业学位点：3；硕士点/硕士专业学位点：12,doctoral_points;master_points,0,0,0,0,0,,655,,,12,3,0,0,0,0,0,,
12408,14506,NULL,山东艺术设计职业学院,山东,济南市,专科,,民办,3,普通应用/职业供给高校,专科/高职高校，当前库内未命中双高、国家示范/骨干等强信号,default_vocational,0,0,0,0,0,,,,,0,0,0,0,0,0,0,,
11068,13006,NULL,山东英才学院,山东,济南市,本科,,民办,3,普通应用/职业供给高校,本科高校，但未命中985、211、双一流、研究型、前列排名、硕博点等强信号,default_undergraduate,0,0,0,0,0,,1182,,,0,0,0,0,0,0,0,,
12603,13966,NULL,山东药品食品职业学院,山东,威海市,专科,,公办,3,普通应用/职业供给高校,专科/高职高校，当前库内未命中双高、国家示范/骨干等强信号,default_vocational,0,0,0,0,0,,,,,0,0,0,0,0,0,0,,
10803,11324,NULL,山东警察学院,山东,济南市,本科,,公办,2,区域重点/特色优势高校,库内综合排名前500：444,ranking_top500,0,0,0,0,0,500,444,,,0,0,0,0,0,0,0,,
10206,10456,NULL,山东财经大学,山东,济南市,本科,区域特色研究型,公办,2,区域重点/特色优势高校,办学类型为区域特色研究型；软科排名前350：143；库内综合排名前500：201；博士点/博士专业学位点：14；硕士点/硕士专业学位点：63,school_type_t2;ruanke_top350;ranking_top500;doctoral_points;master_points,0,0,0,0,0,143,201,,211,63,14,0,0,0,0,0,,
11231,13999,NULL,山东财经大学东方学院,山东,泰安市,本科,,民办,3,普通应用/职业供给高校,本科高校，但未命中985、211、双一流、研究型、前列排名、硕博点等强信号,default_undergraduate,0,0,0,0,0,,889,,,0,0,0,0,0,0,0,,
11178,13383,NULL,山东财经大学燕山学院,山东,济南市,本科,,民办,3,普通应用/职业供给高校,本科高校，但未命中985、211、双一流、研究型、前列排名、硕博点等强信号,default_undergraduate,0,0,0,0,0,,858,,,0,0,0,0,0,0,0,,
12321,14079,NULL,山东轻工职业学院,山东,淄博市,专科,,公办,3,普通应用/职业供给高校,专科/高职高校，当前库内未命中双高、国家示范/骨干等强信号,default_vocational,0,0,0,0,0,,,,,0,0,0,0,0,0,0,,
11756,13859,NULL,山东铝业职业学院,山东,淄博市,专科,,公办,3,普通应用/职业供给高校,专科/高职高校，当前库内未命中双高、国家示范/骨干等强信号,default_vocational,0,0,0,0,0,,,,,0,0,0,0,0,0,0,,
10784,14277,NULL,山东青年政治学院,山东,济南市,本科,,公办,3,普通应用/职业供给高校,本科高校，但未命中985、211、双一流、研究型、前列排名、硕博点等强信号,default_undergraduate,0,0,0,0,0,480,589,,,0,0,0,0,0,0,0,,
10677,10809,NULL,山西中医药大学,山西,太原市,本科,,公办,2,区域重点/特色优势高校,软科排名前350：287；库内综合排名前500：461；博士点/博士专业学位点：2；硕士点/硕士专业学位点：7,ruanke_top350;ranking_top500;doctoral_points;master_points,0,0,0,0,0,287,461,,,7,2,0,0,0,0,0,,
10753,14434,NULL,山西传媒学院,山西,太原市,本科,,公办,3,普通应用/职业供给高校,本科高校，但未命中985、211、双一流、研究型、前列排名、硕博点等强信号,default_undergraduate,0,0,0,0,0,,819,,,0,0,0,0,0,0,0,,
12472,13692,NULL,山西体育职业学院,山西,太原市,专科,,公办,3,普通应用/职业供给高校,专科/高职高校，当前库内未命中双高、国家示范/骨干等强信号,default_vocational,0,0,0,0,0,,,,,0,0,0,0,0,0,0,,
12663,13541,NULL,山西信息职业技术学院,山西,临汾市,专科,,民办,3,普通应用/职业供给高校,专科/高职高校，当前库内未命中双高、国家示范/骨干等强信号,default_vocational,0,0,0,0,0,,,,,0,0,0,0,0,0,0,,
10356,10113,NULL,山西农业大学,山西,晋中市,本科,区域特色研究型,公办,2,区域重点/特色优势高校,办学类型为区域特色研究型；软科排名前350：225；博士点/博士专业学位点：10；硕士点/硕士专业学位点：21；院士数：1,school_type_t2;ruanke_top350;doctoral_points;master_points;academicians,0,0,0,0,0,225,664,,240,21,10,0,0,1,0,0,,
10282,10114,NULL,山西医科大学,山西,太原市,本科,应用型,公办,2,区域重点/特色优势高校,软科排名前350：132；库内综合排名前500：350；博士点/博士专业学位点：14；硕士点/硕士专业学位点：33,ruanke_top350;ranking_top500;doctoral_points;master_points,0,0,0,0,0,132,350,,324,33,14,0,0,0,0,0,,
70625,14898,NULL,山西医药学院,山西,吕梁市,本科,,公办,2,区域重点/特色优势高校,库内综合排名前500：483；博士点/博士专业学位点：3；硕士点/硕士专业学位点：6,ranking_top500;doctoral_points;master_points,0,0,0,0,0,500,483,,,6,3,0,0,0,0,0,,
12180,13914,NULL,山西华澳商贸职业学院,山西,晋中市,专科,,民办,3,普通应用/职业供给高校,专科/高职高校，当前库内未命中双高、国家示范/骨干等强信号,default_vocational,0,0,0,0,0,,,,,0,0,0,0,0,0,0,,
12659,50166,NULL,山西卫生健康职业学院,山西,太原市,专科,,公办,3,普通应用/职业供给高校,专科/高职高校，当前库内未命中双高、国家示范/骨干等强信号,default_vocational,0,0,0,0,0,,,,,0,0,0,0,0,0,0,,
12644,13862,NULL,山西同文职业技术学院,山西,晋中市,专科,,民办,3,普通应用/职业供给高校,专科/高职高校，当前库内未命中双高、国家示范/骨干等强信号,default_vocational,0,0,0,0,0,,,,,0,0,0,0,0,0,0,,
12365,13694,NULL,山西国际商务职业学院,山西,太原市,专科,,公办,3,普通应用/职业供给高校,专科/高职高校，当前库内未命中双高、国家示范/骨干等强信号,default_vocational,0,0,0,0,0,,,,,0,0,0,0,0,0,0,,
10560,10120,NULL,山西大同大学,山西,大同市,本科,,公办,2,区域重点/特色优势高校,硕士点/硕士专业学位点：11,master_points,0,0,0,0,0,470,650,,438,11,0,0,0,0,0,0,,
10128,10108,NULL,山西大学,山西,太原市,本科,区域研究型,公办,1,头部/强研究型高校,双一流高校,is_dual_class,0,0,1,1,0,102,211,,131,98,59,0,0,2,0,0,,
11215,13691,NULL,山西工商学院,山西,太原市,本科,,民办,3,普通应用/职业供给高校,本科高校，但未命中985、211、双一流、研究型、前列排名、硕博点等强信号,default_undergraduate,0,0,0,0,0,,1065,,,0,0,0,0,0,0,0,,
11104,13534,NULL,山西工学院,山西,朔州市,本科,,公办,3,普通应用/职业供给高校,本科高校，但未命中985、211、双一流、研究型、前列排名、硕博点等强信号,default_undergraduate,0,0,0,0,0,500,969,,,0,0,0,0,0,0,0,,
10853,14527,NULL,山西工程技术学院,山西,阳泉市,本科,,公办,3,普通应用/职业供给高校,本科高校，但未命中985、211、双一流、研究型、前列排名、硕博点等强信号,default_undergraduate,0,0,0,0,0,500,833,,,0,0,0,0,0,0,0,,
10991,16201,NULL,山西工程科技职业大学,山西,太原市,本科,,公办,3,普通应用/职业供给高校,本科高校，但未命中985、211、双一流、研究型、前列排名、硕博点等强信号,default_undergraduate,0,0,0,0,0,,1051,,,0,0,0,0,0,0,0,,
11685,14681,NULL,山西工程职业学院,山西,太原市,专科,,公办,2,区域重点/特色优势高校,职业院校强信号文本：双高,vocational_feature,0,0,0,0,0,,,,,0,0,0,0,0,0,0,,
10379,10118,NULL,山西师范大学,山西,太原市,本科,应用型,公办,2,区域重点/特色优势高校,软科排名前350：267；博士点/博士专业学位点：7；硕士点/硕士专业学位点：28；院士数：1,ruanke_top350;doctoral_points;master_points;academicians,0,0,0,0,0,267,503,,337,28,7,0,0,1,0,0,,
11376,12779,NULL,山西应用科技学院,山西,太原市,本科,,民办,3,普通应用/职业供给高校,本科高校，但未命中985、211、双一流、研究型、前列排名、硕博点等强信号,default_undergraduate,0,0,0,0,0,,1110,,,0,0,0,0,0,0,0,,
12331,13697,NULL,山西文化旅游职业大学,山西,太原市,本科,,公办,3,普通应用/职业供给高校,本科高校，但未命中985、211、双一流、研究型、前列排名、硕博点等强信号,default_undergraduate,0,0,0,0,0,,1087,,,0,0,0,0,0,0,0,,
11160,13538,NULL,山西晋中理工学院,山西,晋中市,本科,,民办,3,普通应用/职业供给高校,本科高校，但未命中985、211、双一流、研究型、前列排名、硕博点等强信号,default_undergraduate,0,0,0,0,0,,1017,,,0,0,0,0,0,0,0,,
12323,12888,NULL,山西机电职业技术学院,山西,长治市,专科,,公办,2,区域重点/特色优势高校,职业院校强信号文本：双高,vocational_feature,0,0,0,0,0,,,,,0,0,0,0,0,0,0,,
12475,12891,NULL,山西林业职业技术学院,山西,太原市,专科,,公办,3,普通应用/职业供给高校,专科/高职高校，当前库内未命中双高、国家示范/骨干等强信号,default_vocational,0,0,0,0,0,,,,,0,0,0,0,0,0,0,,
11638,12892,NULL,山西水利职业技术学院,山西,运城市,专科,,公办,2,区域重点/特色优势高校,职业院校强信号文本：双高,vocational_feature,0,0,0,0,0,,,,,0,0,0,0,0,0,0,,
11522,13745,NULL,山西电力职业技术学院,山西,太原市,专科,,公办,3,普通应用/职业供给高校,专科/高职高校，当前库内未命中双高、国家示范/骨干等强信号,default_vocational,0,0,0,0,0,,,,,0,0,0,0,0,0,0,,
11144,13537,NULL,山西电子科技学院,山西,临汾市,本科,,公办,3,普通应用/职业供给高校,本科高校，但未命中985、211、双一流、研究型、前列排名、硕博点等强信号,default_undergraduate,0,0,0,0,0,500,919,,,0,0,0,0,0,0,0,,
12738,51787,NULL,山西省政法管理干部学院,山西,太原市,专科,,公办,3,普通应用/职业供给高校,专科/高职高校，当前库内未命中双高、国家示范/骨干等强信号,default_vocational,0,0,0,0,0,,,,,0,0,0,0,0,0,0,,
11679,11630,NULL,山西省财政税务专科学校,山西,太原市,专科,,公办,2,区域重点/特色优势高校,职业院校强信号文本：双高,vocational_feature,0,0,0,0,0,,,,,0,0,0,0,0,0,0,,
11274,13597,NULL,山西科技学院,山西,晋城市,本科,,公办,3,普通应用/职业供给高校,本科高校，但未命中985、211、双一流、研究型、前列排名、硕博点等强信号,default_undergraduate,0,0,0,0,0,500,977,,,0,0,0,0,0,0,0,,
11957,13698,NULL,山西管理职业学院,山西,临汾市,专科,,公办,3,普通应用/职业供给高校,专科/高职高校，当前库内未命中双高、国家示范/骨干等强信号,default_vocational,0,0,0,0,0,,,,,0,0,0,0,0,0,0,,
11394,14177,NULL,山西经贸职业学院,山西,太原市,专科,,公办,3,普通应用/职业供给高校,专科/高职高校，当前库内未命中双高、国家示范/骨干等强信号,default_vocational,0,0,0,0,0,,,,,0,0,0,0,0,0,0,,
12661,14105,NULL,山西老区职业技术学院,山西,太原市,专科,,民办,3,普通应用/职业供给高校,专科/高职高校，当前库内未命中双高、国家示范/骨干等强信号,default_vocational,0,0,0,0,0,,,,,0,0,0,0,0,0,0,,
11703,13528,NULL,山西职业技术学院,山西,太原市,专科,,公办,3,普通应用/职业供给高校,专科/高职高校，当前库内未命中双高、国家示范/骨干等强信号,default_vocational,0,0,0,0,0,,,,,0,0,0,0,0,0,0,,
10849,51189,NULL,山西能源学院,山西,晋中市,本科,,公办,2,区域重点/特色优势高校,院士数：9,academicians,0,0,0,0,0,500,883,,,0,0,0,0,9,0,0,,
12500,12776,NULL,山西药科职业学院,山西,太原市,专科,,公办,3,普通应用/职业供给高校,专科/高职高校，当前库内未命中双高、国家示范/骨干等强信号,default_vocational,0,0,0,0,0,,,,,0,0,0,0,0,0,0,,
12445,13693,NULL,山西警官职业学院,山西,太原市,专科,,公办,3,普通应用/职业供给高校,专科/高职高校，当前库内未命中双高、国家示范/骨干等强信号,default_vocational,0,0,0,0,0,,,,,0,0,0,0,0,0,0,,
10752,12111,NULL,山西警察学院,山西,太原市,本科,,公办,3,普通应用/职业供给高校,本科高校，但未命中985、211、双一流、研究型、前列排名、硕博点等强信号,default_undergraduate,0,0,0,0,0,500,578,,,0,0,0,0,0,0,0,,
10287,10125,NULL,山西财经大学,山西,太原市,本科,应用型,公办,2,区域重点/特色优势高校,软科排名前350：215；库内综合排名前500：420；博士点/博士专业学位点：22；硕士点/硕士专业学位点：53,ruanke_top350;ranking_top500;doctoral_points;master_points,0,0,0,0,0,215,420,,,53,22,0,0,0,0,0,,
11188,13608,NULL,山西财经大学华商学院,山西,太原市,本科,,民办,3,普通应用/职业供给高校,本科高校，但未命中985、211、双一流、研究型、前列排名、硕博点等强信号,default_undergraduate,0,0,0,0,0,,,,,0,0,0,0,0,0,0,,
12375,12890,NULL,山西财贸职业技术学院,山西,太原市,专科,,公办,3,普通应用/职业供给高校,专科/高职高校，当前库内未命中双高、国家示范/骨干等强信号,default_vocational,0,0,0,0,0,,,,,0,0,0,0,0,0,0,,
11920,13934,NULL,山西运城农业职业技术学院,山西,运城市,专科,,公办,3,普通应用/职业供给高校,专科/高职高校，当前库内未命中双高、国家示范/骨干等强信号,default_vocational,0,0,0,0,0,,,,,0,0,0,0,0,0,0,,
11853,14697,NULL,山西通用航空职业技术学院,山西,大同市,专科,,公办,3,普通应用/职业供给高校,专科/高职高校，当前库内未命中双高、国家示范/骨干等强信号,default_vocational,0,0,0,0,0,,,,,0,0,0,0,0,0,0,,
12482,13530,NULL,山西金融职业学院,山西,太原市,专科,,公办,3,普通应用/职业供给高校,专科/高职高校，当前库内未命中双高、国家示范/骨干等强信号,default_vocational,0,0,0,0,0,,,,,0,0,0,0,0,0,0,,
12487,14247,NULL,山西铁道职业技术学院,山西,太原市,专科,,公办,3,普通应用/职业供给高校,专科/高职高校，当前库内未命中双高、国家示范/骨干等强信号,default_vocational,0,0,0,0,0,,,,,0,0,0,0,0,0,0,,
10567,10579,NULL,岭南师范学院,广东,湛江市,本科,,公办,2,区域重点/特色优势高校,硕士点/硕士专业学位点：3,master_points,0,0,0,0,0,391,592,,,3,0,0,0,0,0,0,,
11181,12658,NULL,岳阳学院,湖南,岳阳市,本科,,民办,3,普通应用/职业供给高校,本科高校，但未命中985、211、双一流、研究型、前列排名、硕博点等强信号,default_undergraduate,0,0,0,0,0,,1159,,,0,0,0,0,0,0,0,,
70380,14818,NULL,岳阳现代服务职业学院,湖南,岳阳市,专科,,民办,3,普通应用/职业供给高校,专科/高职高校，当前库内未命中双高、国家示范/骨干等强信号,default_vocational,0,0,0,0,0,,,,,0,0,0,0,0,0,0,,
70661,14933,NULL,岳阳科技职业学院,湖南,岳阳市,专科,,民办,3,普通应用/职业供给高校,专科/高职高校，当前库内未命中双高、国家示范/骨干等强信号,default_vocational,0,0,0,0,0,,,,,0,0,0,0,0,0,0,,
11521,13038,NULL,岳阳职业技术学院,湖南,岳阳市,专科,,公办,3,普通应用/职业供给高校,专科/高职高校，当前库内未命中双高、国家示范/骨干等强信号,default_vocational,0,0,0,0,0,,,,,0,0,0,0,0,0,0,,
12751,51675,NULL,崇左幼儿师范高等专科学校,广西,崇左市,专科,,公办,3,普通应用/职业供给高校,专科/高职高校，当前库内未命中双高、国家示范/骨干等强信号,default_vocational,0,0,0,0,0,,,,,0,0,0,0,0,0,0,,
11706,13785,NULL,嵩山少林武术职业学院,河南,郑州市,专科,,民办,3,普通应用/职业供给高校,专科/高职高校，当前库内未命中双高、国家示范/骨干等强信号,default_vocational,0,0,0,0,0,,,,,0,0,0,0,0,0,0,,
10713,10634,NULL,川北医学院,四川,南充市,本科,,公办,2,区域重点/特色优势高校,软科排名前350：285；库内综合排名前500：351；硕士点/硕士专业学位点：17,ruanke_top350;ranking_top500;master_points,0,0,0,0,0,285,351,,,17,0,0,0,0,0,0,,
12457,14393,NULL,川北幼儿师范高等专科学校,四川,广元市,专科,,公办,3,普通应用/职业供给高校,专科/高职高校，当前库内未命中双高、国家示范/骨干等强信号,default_vocational,0,0,0,0,0,,,,,0,0,0,0,0,0,0,,
12516,14496,NULL,川南幼儿师范高等专科学校,四川,内江市,专科,,公办,3,普通应用/职业供给高校,专科/高职高校，当前库内未命中双高、国家示范/骨干等强信号,default_vocational,0,0,0,0,0,,,,,0,0,0,0,0,0,0,,
10741,10380,NULL,巢湖学院,安徽,合肥市,本科,,公办,3,普通应用/职业供给高校,本科高校，但未命中985、211、双一流、研究型、前列排名、硕博点等强信号,default_undergraduate,0,0,0,0,0,479,776,,,0,0,0,0,0,0,0,,
12414,14483,NULL,巴中职业技术学院,四川,巴中市,专科,,民办,3,普通应用/职业供给高校,专科/高职高校，当前库内未命中双高、国家示范/骨干等强信号,default_vocational,0,0,0,0,0,,,,,0,0,0,0,0,0,0,,
12063,13094,NULL,巴音郭楞职业技术学院,新疆,巴音郭楞蒙古自治州,专科,,公办,3,普通应用/职业供给高校,专科/高职高校，当前库内未命中双高、国家示范/骨干等强信号,default_vocational,0,0,0,0,0,,,,,0,0,0,0,0,0,0,,
11896,12317,NULL,常州信息职业技术学院,江苏,常州市,专科,,公办,2,区域重点/特色优势高校,职业院校强信号文本：双高,vocational_feature,0,0,0,0,0,,,,,0,0,0,0,0,0,0,,
10390,10292,NULL,常州大学,江苏,常州市,本科,区域特色研究型,公办,2,区域重点/特色优势高校,办学类型为区域特色研究型；软科排名前350：165；库内综合排名前500：312；博士点/博士专业学位点：3；硕士点/硕士专业学位点：29；院士数：2,school_type_t2;ruanke_top350;ranking_top500;doctoral_points;master_points;academicians,0,0,0,0,0,165,312,,184,29,3,0,0,2,0,0,,
10984,13992,NULL,常州大学怀德学院,江苏,泰州市,本科,,民办,3,普通应用/职业供给高校,本科高校，但未命中985、211、双一流、研究型、前列排名、硕博点等强信号,default_undergraduate,0,0,0,0,0,,1141,,,0,0,0,0,0,0,0,,
12117,13101,NULL,常州工业职业技术学院,江苏,常州市,专科,,公办,3,普通应用/职业供给高校,专科/高职高校，当前库内未命中双高、国家示范/骨干等强信号,default_vocational,0,0,0,0,0,,,,,0,0,0,0,0,0,0,,
10688,11055,NULL,常州工学院,江苏,常州市,本科,,公办,2,区域重点/特色优势高校,软科排名前350：336；硕士点/硕士专业学位点：3,ruanke_top350;master_points,0,0,0,0,0,336,580,,404,3,0,0,0,0,0,0,,
11803,13102,NULL,常州工程职业技术学院,江苏,常州市,专科,,公办,3,普通应用/职业供给高校,专科/高职高校，当前库内未命中双高、国家示范/骨干等强信号,default_vocational,0,0,0,0,0,,,,,0,0,0,0,0,0,0,,
70095,14773,NULL,常州幼儿师范高等专科学校,江苏,常州市,专科,,公办,3,普通应用/职业供给高校,专科/高职高校，当前库内未命中双高、国家示范/骨干等强信号,default_vocational,0,0,0,0,0,,,,,0,0,0,0,0,0,0,,
12311,13114,NULL,常州机电职业技术学院,江苏,常州市,专科,,公办,2,区域重点/特色优势高校,职业院校强信号文本：双高,vocational_feature,0,0,0,0,0,,,,,0,0,0,0,0,0,0,,
11672,12807,NULL,常州纺织服装职业技术学院,江苏,常州市,专科,,公办,3,普通应用/职业供给高校,专科/高职高校，当前库内未命中双高、国家示范/骨干等强信号,default_vocational,0,0,0,0,0,,,,,0,0,0,0,0,0,0,,
70644,14913,NULL,常州铁道职业技术学院,江苏,常州市,专科,,公办,3,普通应用/职业供给高校,专科/高职高校，当前库内未命中双高、国家示范/骨干等强信号,default_vocational,0,0,0,0,0,,,,,0,0,0,0,0,0,0,,
11162,12657,NULL,常德学院,湖南,常德市,本科,,民办,3,普通应用/职业供给高校,本科高校，但未命中985、211、双一流、研究型、前列排名、硕博点等强信号,default_undergraduate,0,0,0,0,0,,1219,,,0,0,0,0,0,0,0,,
70377,14814,NULL,常德科技职业技术学院,湖南,常德市,专科,,公办,3,普通应用/职业供给高校,专科/高职高校，当前库内未命中双高、国家示范/骨干等强信号,default_vocational,0,0,0,0,0,,,,,0,0,0,0,0,0,0,,
11675,13039,NULL,常德职业技术学院,湖南,常德市,专科,,公办,3,普通应用/职业供给高校,专科/高职高校，当前库内未命中双高、国家示范/骨干等强信号,default_vocational,0,0,0,0,0,,,,,0,0,0,0,0,0,0,,
12884,14595,NULL,平凉职业技术学院,甘肃,平凉市,专科,,公办,3,普通应用/职业供给高校,专科/高职高校，当前库内未命中双高、国家示范/骨干等强信号,default_vocational,0,0,0,0,0,,,,,0,0,0,0,0,0,0,,
10792,10919,NULL,平顶山学院,河南,平顶山市,本科,,公办,2,区域重点/特色优势高校,硕士点/硕士专业学位点：3,master_points,0,0,0,0,0,442,754,,,3,0,0,0,0,0,0,,
11620,12748,NULL,平顶山工业职业技术学院,河南,平顶山市,专科,,公办,3,普通应用/职业供给高校,专科/高职高校，当前库内未命中双高、国家示范/骨干等强信号,default_vocational,0,0,0,0,0,,,,,0,0,0,0,1,0,0,,
12823,14530,NULL,平顶山文化艺术职业学院,河南,平顶山市,专科,,民办,3,普通应用/职业供给高校,专科/高职高校，当前库内未命中双高、国家示范/骨干等强信号,default_vocational,0,0,0,0,0,,,,,0,0,0,0,0,0,0,,
70659,14932,NULL,平顶山科技职业学院,河南,平顶山市,专科,,民办,3,普通应用/职业供给高校,专科/高职高校，当前库内未命中双高、国家示范/骨干等强信号,default_vocational,0,0,0,0,0,,,,,0,0,0,0,0,0,0,,
12700,50709,NULL,平顶山职业技术学院,河南,平顶山市,专科,,公办,3,普通应用/职业供给高校,专科/高职高校，当前库内未命中双高、国家示范/骨干等强信号,default_vocational,0,0,0,0,0,,,,,0,0,0,0,0,0,0,,
11243,12574,NULL,广东东软学院,广东,佛山市,本科,,民办,3,普通应用/职业供给高校,本科高校，但未命中985、211、双一流、研究型、前列排名、硕博点等强信号,default_undergraduate,0,0,0,0,0,,1020,,,0,0,0,0,0,0,0,,
70079,14760,NULL,广东云浮中医药职业学院,广东,云浮市,专科,,公办,3,普通应用/职业供给高校,专科/高职高校，当前库内未命中双高、国家示范/骨干等强信号,default_vocational,0,0,0,0,0,,,,,0,0,0,0,0,0,0,,
12677,12961,NULL,广东亚视演艺职业学院,广东,肇庆市,专科,,民办,3,普通应用/职业供给高校,专科/高职高校，当前库内未命中双高、国家示范/骨干等强信号,default_vocational,0,0,0,0,0,,,,,0,0,0,0,0,0,0,,
11918,10861,NULL,广东交通职业技术学院,广东,广州市,专科,,公办,3,普通应用/职业供给高校,专科/高职高校，当前库内未命中双高、国家示范/骨干等强信号,default_vocational,0,0,0,0,0,,,,,0,0,0,0,0,0,0,,
10533,16410,NULL,广东以色列理工学院,广东,汕头市,本科,,,2,区域重点/特色优势高校,软科排名前350：138；库内综合排名前500：305,ruanke_top350;ranking_top500,0,0,0,0,0,138,305,,,0,0,0,0,0,0,0,,
12196,12578,NULL,广东体育职业技术学院,广东,广州市,专科,,公办,3,普通应用/职业供给高校,专科/高职高校，当前库内未命中双高、国家示范/骨干等强信号,default_vocational,0,0,0,0,0,,,,,0,0,0,0,0,0,0,,
12783,14427,NULL,广东信息工程职业学院,广东,肇庆市,专科,,民办,3,普通应用/职业供给高校,专科/高职高校，当前库内未命中双高、国家示范/骨干等强信号,default_vocational,0,0,0,0,0,,,,,0,0,0,0,0,0,0,,
11599,12322,NULL,广东农工商职业技术学院,广东,广州市,专科,,公办,2,区域重点/特色优势高校,职业院校强信号文本：双高,vocational_feature,0,0,0,0,0,,,,,0,0,0,0,0,0,0,,
12262,14363,NULL,广东创新科技职业学院,广东,东莞市,专科,,民办,3,普通应用/职业供给高校,专科/高职高校，当前库内未命中双高、国家示范/骨干等强信号,default_vocational,0,0,0,0,0,,,,,0,0,0,0,0,0,0,,
10563,10571,NULL,广东医科大学,广东,湛江市,本科,,公办,2,区域重点/特色优势高校,软科排名前350：266；库内综合排名前500：405；博士点/博士专业学位点：1；硕士点/硕士专业学位点：17,ruanke_top350;ranking_top500;doctoral_points;master_points,0,0,0,0,0,266,405,,291,17,1,0,0,0,0,0,,
12143,11114,NULL,广东南华工商职业学院,广东,广州市,专科,,公办,3,普通应用/职业供给高校,专科/高职高校，当前库内未命中双高、国家示范/骨干等强信号,default_vocational,0,0,0,0,0,,,,,0,0,0,0,0,0,0,,
12645,14265,NULL,广东南方职业学院,广东,江门市,专科,,民办,3,普通应用/职业供给高校,专科/高职高校，当前库内未命中双高、国家示范/骨干等强信号,default_vocational,0,0,0,0,0,,,,,0,0,0,0,0,0,0,,
12158,12960,NULL,广东司法警官职业学院,广东,广州市,专科,,公办,3,普通应用/职业供给高校,专科/高职高校，当前库内未命中双高、国家示范/骨干等强信号,default_vocational,0,0,0,0,0,,,,,0,0,0,0,0,0,0,,
11268,12059,NULL,广东培正学院,广东,广州市,本科,,民办,3,普通应用/职业供给高校,本科高校，但未命中985、211、双一流、研究型、前列排名、硕博点等强信号,default_undergraduate,0,0,0,0,0,,1224,,,0,0,0,0,0,0,0,,
10155,11846,NULL,广东外语外贸大学,广东,广州市,本科,区域特色研究型,公办,2,区域重点/特色优势高校,办学类型为区域特色研究型；软科排名前350：129；库内综合排名前500：142；博士点/博士专业学位点：24；硕士点/硕士专业学位点：55,school_type_t2;ruanke_top350;ranking_top500;doctoral_points;master_points,0,0,0,0,0,129,142,,137,55,24,0,0,0,0,0,,
11248,12620,NULL,广东外语外贸大学南国商学院,广东,广州市,本科,,民办,3,普通应用/职业供给高校,本科高校，但未命中985、211、双一流、研究型、前列排名、硕博点等强信号,default_undergraduate,0,0,0,0,0,,961,,,0,0,0,0,0,0,0,,
12193,12742,NULL,广东女子职业技术学院,广东,广州市,专科,,公办,3,普通应用/职业供给高校,专科/高职高校，当前库内未命中双高、国家示范/骨干等强信号,default_vocational,0,0,0,0,0,,,,,0,0,0,0,0,0,0,,
11771,12749,NULL,广东岭南职业技术学院,广东,广州市,专科,,民办,3,普通应用/职业供给高校,专科/高职高校，当前库内未命中双高、国家示范/骨干等强信号,default_vocational,0,0,0,0,0,,,,,0,0,0,0,0,0,0,,
10132,11845,NULL,广东工业大学,广东,广州市,本科,区域特色研究型,公办,1,头部/强研究型高校,软科排名前100：96,ruanke_top100,0,0,0,0,0,96,123,,67,124,57,0,0,2,0,0,,
11021,13721,NULL,广东工商职业技术大学,广东,肇庆市,本科,,民办,3,普通应用/职业供给高校,本科高校，但未命中985、211、双一流、研究型、前列排名、硕博点等强信号,default_undergraduate,0,0,0,0,0,,1289,,,0,0,0,0,0,0,0,,
12163,13930,NULL,广东工程职业技术学院,广东,广州市,专科,,公办,3,普通应用/职业供给高校,专科/高职高校，当前库内未命中双高、国家示范/骨干等强信号,default_vocational,0,0,0,0,0,,,,,0,0,0,0,1,0,0,,
11608,12959,NULL,广东工贸职业技术学院,广东,广州市,专科,,公办,2,区域重点/特色优势高校,职业院校强信号文本：双高,vocational_feature,0,0,0,0,0,,,,,0,0,0,0,0,0,0,,
12159,12741,NULL,广东建设职业技术学院,广东,广州市,专科,,公办,3,普通应用/职业供给高校,专科/高职高校，当前库内未命中双高、国家示范/骨干等强信号,default_vocational,0,0,0,0,0,,,,,0,0,0,0,0,0,0,,
10454,10588,NULL,广东技术师范大学,广东,广州市,本科,应用型,公办,2,区域重点/特色优势高校,软科排名前350：314；库内综合排名前500：271；硕士点/硕士专业学位点：11,ruanke_top350;ranking_top500;master_points,0,0,0,0,0,314,271,,374,11,0,0,0,0,0,0,,
11961,14126,NULL,广东文理职业学院,广东,湛江市,专科,,民办,3,普通应用/职业供给高校,专科/高职高校，当前库内未命中双高、国家示范/骨干等强信号,default_vocational,0,0,0,0,0,,,,,0,0,0,0,0,0,0,,
12614,13707,NULL,广东文艺职业学院,广东,广州市,专科,,公办,3,普通应用/职业供给高校,专科/高职高校，当前库内未命中双高、国家示范/骨干等强信号,default_vocational,0,0,0,0,0,,,,,0,0,0,0,0,0,0,,
11426,12325,NULL,广东新安职业技术学院,广东,深圳市,专科,,民办,3,普通应用/职业供给高校,专科/高职高校，当前库内未命中双高、国家示范/骨干等强信号,default_vocational,0,0,0,0,0,,,,,0,0,0,0,0,0,0,,
11999,12743,NULL,广东机电职业技术学院,广东,广州市,专科,,公办,2,区域重点/特色优势高校,职业院校强信号文本：双高,vocational_feature,0,0,0,0,0,,,,,0,0,0,0,0,0,0,,
11882,12060,NULL,广东松山职业技术学院,广东,韶关市,专科,,公办,3,普通应用/职业供给高校,专科/高职高校，当前库内未命中双高、国家示范/骨干等强信号,default_vocational,0,0,0,0,0,,,,,0,0,0,0,0,0,0,,
70077,14758,NULL,广东梅州职业技术学院,广东,梅州市,专科,,公办,3,普通应用/职业供给高校,专科/高职高校，当前库内未命中双高、国家示范/骨干等强信号,default_vocational,0,0,0,0,0,,,,,0,0,0,0,0,0,0,,
11533,10862,NULL,广东水利电力职业技术学院,广东,广州市,专科,,公办,2,区域重点/特色优势高校,职业院校强信号文本：双高,vocational_feature,0,0,0,0,0,,,,,0,0,0,0,0,0,0,,
70076,14757,NULL,广东汕头幼儿师范高等专科学校,广东,汕头市,专科,,公办,3,普通应用/职业供给高校,专科/高职高校，当前库内未命中双高、国家示范/骨干等强信号,default_vocational,0,0,0,0,0,,,,,0,0,0,0,0,0,0,,
11411,14610,NULL,广东江门中医药职业学院,广东,江门市,专科,,公办,3,普通应用/职业供给高校,专科/高职高校，当前库内未命中双高、国家示范/骨干等强信号,default_vocational,0,0,0,0,0,,,,,0,0,0,0,0,0,0,,
12385,14664,NULL,广东江门幼儿师范高等专科学校,广东,江门市,专科,,公办,3,普通应用/职业供给高校,专科/高职高校，当前库内未命中双高、国家示范/骨干等强信号,default_vocational,0,0,0,0,0,,,,,0,0,0,0,0,0,0,,
10340,10566,NULL,广东海洋大学,广东,湛江市,本科,区域特色研究型,公办,2,区域重点/特色优势高校,办学类型为区域特色研究型；软科排名前350：298；库内综合排名前500：430；博士点/博士专业学位点：4；硕士点/硕士专业学位点：14,school_type_t2;ruanke_top350;ranking_top500;doctoral_points;master_points,0,0,0,0,0,298,430,,194,14,4,0,0,0,0,0,,
70078,14759,NULL,广东潮州卫生健康职业学院,广东,潮州市,专科,,公办,3,普通应用/职业供给高校,专科/高职高校，当前库内未命中双高、国家示范/骨干等强信号,default_vocational,0,0,0,0,0,,,,,0,0,0,0,0,0,0,,
12279,14311,NULL,广东环境保护工程职业学院,广东,佛山市,专科,,公办,3,普通应用/职业供给高校,专科/高职高校，当前库内未命中双高、国家示范/骨干等强信号,default_vocational,0,0,0,0,0,,,,,0,0,0,0,0,0,0,,
11256,13720,NULL,广东理工学院,广东,肇庆市,本科,,民办,3,普通应用/职业供给高校,本科高校，但未命中985、211、双一流、研究型、前列排名、硕博点等强信号,default_undergraduate,0,0,0,0,0,,1291,,,0,0,0,0,0,0,0,,
11775,13919,NULL,广东理工职业学院,广东,广州市,专科,,公办,3,普通应用/职业供给高校,专科/高职高校，当前库内未命中双高、国家示范/骨干等强信号,default_vocational,0,0,0,0,0,,,,,0,0,0,0,0,0,0,,
12142,14509,NULL,广东生态工程职业学院,广东,广州市,专科,,公办,3,普通应用/职业供给高校,专科/高职高校，当前库内未命中双高、国家示范/骨干等强信号,default_vocational,0,0,0,0,0,,,,,0,0,0,0,0,0,0,,
11057,10822,NULL,广东白云学院,广东,广州市,本科,,民办,3,普通应用/职业供给高校,本科高校，但未命中985、211、双一流、研究型、前列排名、硕博点等强信号,default_undergraduate,0,0,0,0,0,,1054,,,0,0,0,0,0,0,0,,
11621,12962,NULL,广东省外语艺术职业学院,广东,广州市,专科,,公办,3,普通应用/职业供给高校,专科/高职高校，当前库内未命中双高、国家示范/骨干等强信号,default_vocational,0,0,0,0,0,,,,,0,0,0,0,0,0,0,,
10461,11656,NULL,广东石油化工学院,广东,茂名市,本科,应用型,公办,2,区域重点/特色优势高校,硕士点/硕士专业学位点：2；院士数：1,master_points;academicians,0,0,0,0,0,376,609,,259,2,0,0,0,1,0,0,,
12784,14511,NULL,广东碧桂园职业学院,广东,清远市,专科,,民办,3,普通应用/职业供给高校,专科/高职高校，当前库内未命中双高、国家示范/骨干等强信号,default_vocational,0,0,0,0,0,,,,,0,0,0,0,0,0,0,,
11430,12572,NULL,广东科学技术职业学院,广东,广州市,专科,,公办,3,普通应用/职业供给高校,专科/高职高校，当前库内未命中双高、国家示范/骨干等强信号,default_vocational,0,0,0,0,0,,,,,0,0,0,0,0,0,0,,
11261,13719,NULL,广东科技学院,广东,东莞市,本科,,民办,3,普通应用/职业供给高校,本科高校，但未命中985、211、双一流、研究型、前列排名、硕博点等强信号,default_undergraduate,0,0,0,0,0,,1265,,,0,0,0,0,0,0,0,,
11978,14063,NULL,广东科贸职业学院,广东,广州市,专科,,公办,3,普通应用/职业供给高校,专科/高职高校，当前库内未命中双高、国家示范/骨干等强信号,default_vocational,0,0,0,0,0,,,,,0,0,0,0,0,0,0,,
10530,14278,NULL,广东第二师范学院,广东,广州市,本科,,公办,2,区域重点/特色优势高校,库内综合排名前500：368,ranking_top500,0,0,0,0,0,424,368,,,0,0,0,0,0,0,0,,
11804,12736,NULL,广东职业技术学院,广东,佛山市,专科,,公办,2,区域重点/特色优势高校,职业院校强信号文本：双高,vocational_feature,0,0,0,0,0,,,,,0,0,0,0,0,0,0,,
70080,14761,NULL,广东肇庆航空职业学院,广东,肇庆市,专科,,民办,3,普通应用/职业供给高校,专科/高职高校，当前库内未命中双高、国家示范/骨干等强信号,default_vocational,0,0,0,0,0,,,,,0,0,0,0,0,0,0,,
12451,14407,NULL,广东艺术职业学院,广东,广州市,专科,,公办,3,普通应用/职业供给高校,专科/高职高校，当前库内未命中双高、国家示范/骨干等强信号,default_vocational,0,0,0,0,0,,,,,0,0,0,0,0,0,0,,
12812,14556,NULL,广东茂名健康职业学院,广东,茂名市,专科,,公办,3,普通应用/职业供给高校,专科/高职高校，当前库内未命中双高、国家示范/骨干等强信号,default_vocational,0,0,0,0,0,,,,,0,0,0,0,0,0,0,,
12764,14638,NULL,广东茂名农林科技职业学院,广东,茂名市,专科,,公办,3,普通应用/职业供给高校,专科/高职高校，当前库内未命中双高、国家示范/骨干等强信号,default_vocational,0,0,0,0,0,,,,,0,0,0,0,0,0,0,,
12862,14587,NULL,广东茂名幼儿师范专科学校,广东,茂名市,专科,,公办,3,普通应用/职业供给高校,专科/高职高校，当前库内未命中双高、国家示范/骨干等强信号,default_vocational,0,0,0,0,0,,,,,0,0,0,0,0,0,0,,
10433,10573,NULL,广东药科大学,广东,广州市,本科,应用型,公办,2,区域重点/特色优势高校,软科排名前350：292；库内综合排名前500：486；博士点/博士专业学位点：2；硕士点/硕士专业学位点：5；院士数：1,ruanke_top350;ranking_top500;doctoral_points;master_points;academicians,0,0,0,0,0,292,486,,269,5,2,0,0,1,0,0,,
12032,12577,NULL,广东行政职业学院,广东,广州市,专科,,公办,3,普通应用/职业供给高校,专科/高职高校，当前库内未命中双高、国家示范/骨干等强信号,default_vocational,0,0,0,0,0,,,,,0,0,0,0,0,0,0,,
10546,11110,NULL,广东警官学院,广东,广州市,本科,,公办,2,区域重点/特色优势高校,库内综合排名前500：232,ranking_top500,0,0,0,0,0,351,232,,,0,0,0,0,0,0,0,,
10332,10592,NULL,广东财经大学,广东,广州市,本科,应用型,公办,2,区域重点/特色优势高校,软科排名前350：232；库内综合排名前500：225；博士点/博士专业学位点：3；硕士点/硕士专业学位点：35,ruanke_top350;ranking_top500;doctoral_points;master_points,0,0,0,0,0,232,225,,,35,3,0,0,0,0,0,,
12074,14667,NULL,广东财贸职业学院,广东,清远市,专科,,公办,3,普通应用/职业供给高校,专科/高职高校，当前库内未命中双高、国家示范/骨干等强信号,default_vocational,0,0,0,0,0,,,,,0,0,0,0,0,0,0,,
11425,10833,NULL,广东轻工职业技术大学,广东,广州市,本科,,公办,2,区域重点/特色优势高校,库内综合排名前500：369,ranking_top500,0,0,0,0,0,,369,,,0,0,0,0,0,0,0,,
12707,12953,NULL,广东邮电职业技术学院,广东,广州市,专科,,公办,3,普通应用/职业供给高校,专科/高职高校，当前库内未命中双高、国家示范/骨干等强信号,default_vocational,0,0,0,0,0,,,,,0,0,0,0,0,0,0,,
12865,14572,NULL,广东酒店管理职业技术学院,广东,东莞市,专科,,民办,3,普通应用/职业供给高校,专科/高职高校，当前库内未命中双高、国家示范/骨干等强信号,default_vocational,0,0,0,0,0,,,,,0,0,0,0,0,0,0,,
10392,11540,NULL,广东金融学院,广东,广州市,本科,应用型,公办,2,区域重点/特色优势高校,库内综合排名前500：413；硕士点/硕士专业学位点：1；院士数：1,ranking_top500;master_points;academicians,0,0,0,0,0,351,413,,,1,0,0,0,1,0,0,,
11681,12573,NULL,广东食品药品职业学院,广东,广州市,专科,,公办,2,区域重点/特色优势高校,职业院校强信号文本：双高,vocational_feature,0,0,0,0,0,,,,,0,0,0,0,0,0,0,,
12295,50881,NULL,广元中核职业技术学院,四川,广元市,专科,,民办,3,普通应用/职业供给高校,专科/高职高校，当前库内未命中双高、国家示范/骨干等强信号,default_vocational,0,0,0,0,0,,,,,0,0,0,0,0,0,0,,
12198,13814,NULL,广安职业技术学院,四川,广安市,专科,,公办,3,普通应用/职业供给高校,专科/高职高校，当前库内未命中双高、国家示范/骨干等强信号,default_vocational,0,0,0,0,0,,,,,0,0,0,0,0,0,0,,
12570,14362,NULL,广州东华职业学院,广东,广州市,专科,,民办,3,普通应用/职业供给高校,专科/高职高校，当前库内未命中双高、国家示范/骨干等强信号,default_vocational,0,0,0,0,0,,,,,0,0,0,0,0,0,0,,
10213,10572,NULL,广州中医药大学,广东,广州市,本科,特色研究型,公办,1,头部/强研究型高校,双一流高校；软科排名前100：98,is_dual_class;ruanke_top100,0,0,1,0,0,98,171,,188,44,19,0,0,1,0,0,,
10548,10585,NULL,广州体育学院,广东,广州市,本科,,公办,2,区域重点/特色优势高校,库内综合排名前500：443；博士点/博士专业学位点：1；硕士点/硕士专业学位点：4,ranking_top500;doctoral_points;master_points,0,0,0,0,0,367,443,,,4,1,0,0,0,0,0,,
12264,13708,NULL,广州体育职业技术学院,广东,广州市,专科,,公办,3,普通应用/职业供给高校,专科/高职高校，当前库内未命中双高、国家示范/骨干等强信号,default_vocational,0,0,0,0,0,,,,,0,0,0,0,0,0,0,,
10261,10570,NULL,广州医科大学,广东,广州市,本科,区域特色研究型,公办,1,头部/强研究型高校,双一流高校；软科排名前100：79,is_dual_class;ruanke_top100,0,0,1,0,0,79,177,,128,52,29,0,0,0,0,0,,
12665,13927,NULL,广州华南商贸职业学院,广东,广州市,专科,,民办,3,普通应用/职业供给高校,专科/高职高校，当前库内未命中双高、国家示范/骨干等强信号,default_vocational,0,0,0,0,0,,,,,0,0,0,0,0,0,0,,
11344,12621,NULL,广州华商学院,广东,广州市,本科,,民办,3,普通应用/职业供给高校,本科高校，但未命中985、211、双一流、研究型、前列排名、硕博点等强信号,default_undergraduate,0,0,0,0,0,,1295,,,0,0,0,0,0,0,0,,
12655,14266,NULL,广州华商职业学院,广东,广州市,专科,,民办,3,普通应用/职业供给高校,专科/高职高校，当前库内未命中双高、国家示范/骨干等强信号,default_vocational,0,0,0,0,0,,,,,0,0,0,0,0,0,0,,
12184,14268,NULL,广州华夏职业学院,广东,广州市,专科,,民办,3,普通应用/职业供给高校,专科/高职高校，当前库内未命中双高、国家示范/骨干等强信号,default_vocational,0,0,0,0,0,,,,,0,0,0,0,0,0,0,,
11304,13656,NULL,广州华立学院,广东,广州市,本科,,民办,3,普通应用/职业供给高校,本科高校，但未命中985、211、双一流、研究型、前列排名、硕博点等强信号,default_undergraduate,0,0,0,0,0,,1286,,,0,0,0,0,0,0,0,,
12628,13928,NULL,广州华立科技职业学院,广东,广州市,专科,,民办,3,普通应用/职业供给高校,专科/高职高校，当前库内未命中双高、国家示范/骨干等强信号,default_vocational,0,0,0,0,0,,,,,0,0,0,0,0,0,0,,
11255,12619,NULL,广州南方学院,广东,广州市,本科,,民办,3,普通应用/职业供给高校,本科高校，但未命中985、211、双一流、研究型、前列排名、硕博点等强信号,default_undergraduate,0,0,0,0,0,,1018,,,0,0,0,0,0,0,0,,
12247,13716,NULL,广州南洋理工职业学院,广东,广州市,专科,,民办,3,普通应用/职业供给高校,专科/高职高校，当前库内未命中双高、国家示范/骨干等强信号,default_vocational,0,0,0,0,0,,,,,0,0,0,0,0,0,0,,
12863,14592,NULL,广州卫生职业技术学院,广东,广州市,专科,,公办,3,普通应用/职业供给高校,专科/高职高校，当前库内未命中双高、国家示范/骨干等强信号,default_vocational,0,0,0,0,0,,,,,0,0,0,0,0,0,0,,
11260,13667,NULL,广州商学院,广东,广州市,本科,,民办,3,普通应用/职业供给高校,本科高校，但未命中985、211、双一流、研究型、前列排名、硕博点等强信号,default_undergraduate,0,0,0,0,0,,1048,,,0,0,0,0,0,0,0,,
11244,12617,NULL,广州城市理工学院,广东,广州市,本科,,民办,3,普通应用/职业供给高校,本科高校，但未命中985、211、双一流、研究型、前列排名、硕博点等强信号,default_undergraduate,0,0,0,0,0,,915,,,0,0,0,0,0,0,0,,
11560,13929,NULL,广州城市职业学院,广东,广州市,专科,,公办,3,普通应用/职业供给高校,专科/高职高校，当前库内未命中双高、国家示范/骨干等强信号,default_vocational,0,0,0,0,0,,,,,0,0,0,0,0,0,0,,
11934,14136,NULL,广州城建职业学院,广东,广州市,专科,,民办,3,普通应用/职业供给高校,专科/高职高校，当前库内未命中双高、国家示范/骨干等强信号,default_vocational,0,0,0,0,0,,,,,0,0,0,0,0,0,0,,
10182,11078,NULL,广州大学,广东,广州市,本科,区域研究型,公办,2,区域重点/特色优势高校,办学类型为区域研究型；软科排名前350：105；库内综合排名前500：157；博士点/博士专业学位点：25；硕士点/硕士专业学位点：70；院士数：5,school_type_t2;ruanke_top350;ranking_top500;doctoral_points;master_points;academicians,0,0,0,1,0,105,157,,61,70,25,0,0,5,0,0,,
11258,13714,NULL,广州工商学院,广东,广州市,本科,,民办,3,普通应用/职业供给高校,本科高校，但未命中985、211、双一流、研究型、前列排名、硕博点等强信号,default_undergraduate,0,0,0,0,0,,1296,,,0,0,0,0,0,0,0,,
12560,13709,NULL,广州工程技术职业学院,广东,广州市,专科,,公办,3,普通应用/职业供给高校,专科/高职高校，当前库内未命中双高、国家示范/骨干等强信号,default_vocational,0,0,0,0,0,,,,,0,0,0,0,0,0,0,,
70075,14756,NULL,广州幼儿师范高等专科学校,广东,广州市,专科,,公办,3,普通应用/职业供给高校,专科/高职高校，当前库内未命中双高、国家示范/骨干等强信号,default_vocational,0,0,0,0,0,,,,,0,0,0,0,0,0,0,,
11343,13657,NULL,广州应用科技学院,广东,广州市,本科,,民办,3,普通应用/职业供给高校,本科高校，但未命中985、211、双一流、研究型、前列排名、硕博点等强信号,default_undergraduate,0,0,0,0,0,,1256,,,0,0,0,0,0,0,0,,
12243,12575,NULL,广州康大职业技术学院,广东,广州市,专科,,民办,3,普通应用/职业供给高校,专科/高职高校，当前库内未命中双高、国家示范/骨干等强信号,default_vocational,0,0,0,0,0,,,,,0,0,0,0,0,0,0,,
11175,13902,NULL,广州新华学院,广东,广州市,本科,,民办,3,普通应用/职业供给高校,本科高校，但未命中985、211、双一流、研究型、前列排名、硕博点等强信号,default_undergraduate,0,0,0,0,0,,944,,,0,0,0,0,0,0,0,,
12621,14125,NULL,广州松田职业学院,广东,广州市,专科,,民办,3,普通应用/职业供给高校,专科/高职高校，当前库内未命中双高、国家示范/骨干等强信号,default_vocational,0,0,0,0,0,,,,,0,0,0,0,0,0,0,,
12568,12040,NULL,广州民航职业技术学院,广东,广州市,专科,,公办,2,区域重点/特色优势高校,职业院校强信号文本：双高,vocational_feature,0,0,0,0,0,,,,,0,0,0,0,0,0,0,,
12110,13715,NULL,广州涉外经济职业技术学院,广东,广州市,专科,,民办,3,普通应用/职业供给高校,专科/高职高校，当前库内未命中双高、国家示范/骨干等强信号,default_vocational,0,0,0,0,0,,,,,0,0,0,0,0,0,0,,
12664,13912,NULL,广州现代信息工程职业技术学院,广东,广州市,专科,,民办,3,普通应用/职业供给高校,专科/高职高校，当前库内未命中双高、国家示范/骨干等强信号,default_vocational,0,0,0,0,0,,,,,0,0,0,0,0,0,0,,
12750,14123,NULL,广州珠江职业技术学院,广东,广州市,专科,,民办,3,普通应用/职业供给高校,专科/高职高校，当前库内未命中双高、国家示范/骨干等强信号,default_vocational,0,0,0,0,0,,,,,0,0,0,0,0,0,0,,
11296,12668,NULL,广州理工学院,广东,广州市,本科,,民办,3,普通应用/职业供给高校,本科高校，但未命中985、211、双一流、研究型、前列排名、硕博点等强信号,default_undergraduate,0,0,0,0,0,,1247,,,0,0,0,0,0,0,0,,
11064,13717,NULL,广州科技职业技术大学,广东,广州市,本科,,民办,3,普通应用/职业供给高校,本科高校，但未命中985、211、双一流、研究型、前列排名、硕博点等强信号,default_undergraduate,0,0,0,0,0,,1270,,,0,0,0,0,0,0,0,,
12169,14065,NULL,广州科技贸易职业学院,广东,广州市,专科,,公办,3,普通应用/职业供给高校,专科/高职高校，当前库内未命中双高、国家示范/骨干等强信号,default_vocational,0,0,0,0,0,,,,,0,0,0,0,0,0,0,,
10431,10586,NULL,广州美术学院,广东,广州市,本科,区域特色研究型,公办,2,区域重点/特色优势高校,办学类型为区域特色研究型；库内综合排名前500：401；博士点/博士专业学位点：2；硕士点/硕士专业学位点：3,school_type_t2;ranking_top500;doctoral_points;master_points,0,0,0,0,0,,401,,,3,2,0,0,0,0,0,,
11530,12046,NULL,广州职业技术大学,广东,广州市,本科,,公办,2,区域重点/特色优势高校,库内综合排名前500：426,ranking_top500,0,0,0,0,0,,426,,,0,0,0,0,0,0,0,,
10558,11106,NULL,广州航海学院,广东,广州市,本科,,公办,3,普通应用/职业供给高校,本科高校，但未命中985、211、双一流、研究型、前列排名、硕博点等强信号,default_undergraduate,0,0,0,0,0,442,501,,,0,0,0,0,0,0,0,,
11328,12618,NULL,广州软件学院,广东,广州市,本科,,民办,3,普通应用/职业供给高校,本科高校，但未命中985、211、双一流、研究型、前列排名、硕博点等强信号,default_undergraduate,0,0,0,0,0,,1079,,,0,0,0,0,0,0,0,,
11923,13943,NULL,广州铁路职业技术学院,广东,广州市,专科,,公办,3,普通应用/职业供给高校,专科/高职高校，当前库内未命中双高、国家示范/骨干等强信号,default_vocational,0,0,0,0,0,,,,,0,0,0,0,0,0,0,,
10484,10600,NULL,广西中医药大学,广西,南宁市,本科,应用型,公办,2,区域重点/特色优势高校,软科排名前350：242；库内综合排名前500：296；博士点/博士专业学位点：12；硕士点/硕士专业学位点：29,ruanke_top350;ranking_top500;doctoral_points;master_points,0,0,0,0,0,242,296,,409,29,12,0,0,0,0,0,,
11364,13643,NULL,广西中医药大学赛恩斯新医药学院,广西,南宁市,本科,,民办,3,普通应用/职业供给高校,本科高校，但未命中985、211、双一流、研究型、前列排名、硕博点等强信号,default_undergraduate,0,0,0,0,0,,719,,,0,0,0,0,0,0,0,,
11528,12356,NULL,广西交通职业技术学院,广西,南宁市,专科,,公办,2,区域重点/特色优势高校,职业院校强信号文本：双高,vocational_feature,0,0,0,0,0,,,,,0,0,0,0,0,0,0,,
12565,11350,NULL,广西体育高等专科学校,广西,南宁市,专科,,公办,3,普通应用/职业供给高校,专科/高职高校，当前库内未命中双高、国家示范/骨干等强信号,default_vocational,0,0,0,0,0,,,,,0,0,0,0,0,0,0,,
70083,14763,NULL,广西信息职业技术学院,广西,南宁市,专科,,公办,3,普通应用/职业供给高校,专科/高职高校，当前库内未命中双高、国家示范/骨干等强信号,default_vocational,0,0,0,0,0,,,,,0,0,0,0,0,0,0,,
70084,14764,NULL,广西农业工程职业技术学院,广西,崇左市,专科,,公办,3,普通应用/职业供给高校,专科/高职高校，当前库内未命中双高、国家示范/骨干等强信号,default_vocational,0,0,0,0,0,,,,,0,0,0,0,0,0,0,,
70074,16205,NULL,广西农业职业技术大学,广西,南宁市,本科,,公办,3,普通应用/职业供给高校,本科高校，但未命中985、211、双一流、研究型、前列排名、硕博点等强信号,default_undergraduate,0,0,0,0,0,,737,,,0,0,0,0,0,0,0,,
11972,14722,NULL,广西制造工程职业技术学院,广西,南宁市,专科,,公办,3,普通应用/职业供给高校,专科/高职高校，当前库内未命中双高、国家示范/骨干等强信号,default_vocational,0,0,0,0,0,,,,,0,0,0,0,0,0,0,,
10330,10598,NULL,广西医科大学,广西,南宁市,本科,区域特色研究型,公办,2,区域重点/特色优势高校,办学类型为区域特色研究型；软科排名前350：151；库内综合排名前500：226；博士点/博士专业学位点：46；硕士点/硕士专业学位点：67,school_type_t2;ruanke_top350;ranking_top500;doctoral_points;master_points,0,0,0,0,0,151,226,,291,67,46,0,0,0,0,0,,
12024,14313,NULL,广西卫生职业技术学院,广西,南宁市,专科,,公办,3,普通应用/职业供给高校,专科/高职高校，当前库内未命中双高、国家示范/骨干等强信号,default_vocational,0,0,0,0,0,,,,,0,0,0,0,0,0,0,,
12435,12379,NULL,广西国际商务职业技术学院,广西,南宁市,专科,,公办,3,普通应用/职业供给高校,专科/高职高校，当前库内未命中双高、国家示范/骨干等强信号,default_vocational,0,0,0,0,0,,,,,0,0,0,0,0,0,0,,
11037,13920,NULL,广西城市职业大学,广西,崇左市,本科,,民办,3,普通应用/职业供给高校,本科高校，但未命中985、211、双一流、研究型、前列排名、硕博点等强信号,default_undergraduate,0,0,0,0,0,,1163,,,0,0,0,0,0,0,0,,
12778,14481,NULL,广西培贤国际职业学院,广西,百色市,专科,,民办,3,普通应用/职业供给高校,专科/高职高校，当前库内未命中双高、国家示范/骨干等强信号,default_vocational,0,0,0,0,0,,,,,0,0,0,0,0,0,0,,
10916,13830,NULL,广西外国语学院,广西,南宁市,本科,,民办,3,普通应用/职业供给高校,本科高校，但未命中985、211、双一流、研究型、前列排名、硕博点等强信号,default_undergraduate,0,0,0,0,0,,1209,,,0,0,0,0,0,0,0,,
10181,10593,NULL,广西大学,广西,南宁市,本科,区域研究型,公办,1,头部/强研究型高校,双一流高校；软科排名前100：86,is_dual_class;ruanke_top100,0,1,1,0,0,86,106,,120,38,19,0,0,1,0,0,,
11412,14611,NULL,广西安全工程职业技术学院,广西,南宁市,专科,,公办,3,普通应用/职业供给高校,专科/高职高校，当前库内未命中双高、国家示范/骨干等强信号,default_vocational,0,0,0,0,0,,,,,0,0,0,0,0,0,0,,
11510,12364,NULL,广西工业职业技术学院,广西,南宁市,专科,,公办,3,普通应用/职业供给高校,专科/高职高校，当前库内未命中双高、国家示范/骨干等强信号,default_vocational,0,0,0,0,0,,,,,0,0,0,0,0,0,0,,
12256,13828,NULL,广西工商职业技术学院,广西,南宁市,专科,,公办,3,普通应用/职业供给高校,专科/高职高校，当前库内未命中双高、国家示范/骨干等强信号,default_vocational,0,0,0,0,0,,,,,0,0,0,0,0,0,0,,
12559,14127,NULL,广西工程职业学院,广西,百色市,专科,,民办,3,普通应用/职业供给高校,专科/高职高校，当前库内未命中双高、国家示范/骨干等强信号,default_vocational,0,0,0,0,0,,,,,0,0,0,0,0,0,0,,
10202,10602,NULL,广西师范大学,广西,桂林市,本科,区域特色研究型,公办,2,区域重点/特色优势高校,办学类型为区域特色研究型；软科排名前350：149；库内综合排名前500：295；博士点/博士专业学位点：40；硕士点/硕士专业学位点：39,school_type_t2;ruanke_top350;ranking_top500;doctoral_points;master_points,0,0,0,0,0,149,295,,235,39,40,0,0,0,0,0,,
12265,14220,NULL,广西幼儿师范高等专科学校,广西,南宁市,专科,,公办,3,普通应用/职业供给高校,专科/高职高校，当前库内未命中双高、国家示范/骨干等强信号,default_vocational,0,0,0,0,0,,,,,0,0,0,0,0,0,0,,
11508,13138,NULL,广西建设职业技术学院,广西,南宁市,专科,,公办,3,普通应用/职业供给高校,专科/高职高校，当前库内未命中双高、国家示范/骨干等强信号,default_vocational,0,0,0,0,0,,,,,0,0,0,0,0,0,0,,
70610,14869,NULL,广西智能制造职业技术学院,广西,柳州市,专科,,公办,3,普通应用/职业供给高校,专科/高职高校，当前库内未命中双高、国家示范/骨干等强信号,default_vocational,0,0,0,0,0,,,,,0,0,0,0,0,0,0,,
11435,10867,NULL,广西机电职业技术学院,广西,南宁市,专科,,公办,3,普通应用/职业供给高校,专科/高职高校，当前库内未命中双高、国家示范/骨干等强信号,default_vocational,0,0,0,0,0,,,,,0,0,0,0,0,0,0,,
10311,10608,NULL,广西民族大学,广西,南宁市,本科,区域特色研究型,公办,2,区域重点/特色优势高校,办学类型为区域特色研究型；软科排名前350：271；库内综合排名前500：344；博士点/博士专业学位点：5；硕士点/硕士专业学位点：20,school_type_t2;ruanke_top350;ranking_top500;doctoral_points;master_points,0,0,0,0,0,271,344,,224,20,5,0,0,0,0,0,,
11229,13640,NULL,广西民族大学相思湖学院,广西,南宁市,本科,,民办,3,普通应用/职业供给高校,本科高校，但未命中985、211、双一流、研究型、前列排名、硕博点等强信号,default_undergraduate,0,0,0,0,0,,990,,,0,0,0,0,0,0,0,,
10821,10604,NULL,广西民族师范学院,广西,崇左市,本科,,公办,3,普通应用/职业供给高校,本科高校，但未命中985、211、双一流、研究型、前列排名、硕博点等强信号,default_undergraduate,0,0,0,0,0,500,675,,,0,0,0,0,0,0,0,,
11616,11608,NULL,广西水利电力职业技术学院,广西,南宁市,专科,,公办,2,区域重点/特色优势高校,职业院校强信号文本：双高,vocational_feature,0,0,0,0,0,,,,,0,0,0,0,0,0,0,,
12474,13829,NULL,广西演艺职业学院,广西,南宁市,专科,,民办,3,普通应用/职业供给高校,专科/高职高校，当前库内未命中双高、国家示范/骨干等强信号,default_vocational,0,0,0,0,0,,,,,0,0,0,0,0,0,0,,
11844,14723,NULL,广西物流职业技术学院,广西,贵港市,专科,,公办,3,普通应用/职业供给高校,专科/高职高校，当前库内未命中双高、国家示范/骨干等强信号,default_vocational,0,0,0,0,0,,,,,0,0,0,0,0,0,0,,
11784,13522,NULL,广西现代职业技术学院,广西,河池市,专科,,公办,3,普通应用/职业供给高校,专科/高职高校，当前库内未命中双高、国家示范/骨干等强信号,default_vocational,0,0,0,0,0,,,,,0,0,0,0,0,0,0,,
11532,14170,NULL,广西理工职业技术学院,广西,崇左市,专科,,民办,3,普通应用/职业供给高校,专科/高职高校，当前库内未命中双高、国家示范/骨干等强信号,default_vocational,0,0,0,0,0,,,,,0,0,0,0,0,0,0,,
11503,12344,NULL,广西生态工程职业技术学院,广西,柳州市,专科,,公办,3,普通应用/职业供给高校,专科/高职高校，当前库内未命中双高、国家示范/骨干等强信号,default_vocational,0,0,0,0,0,,,,,0,0,0,0,0,0,0,,
11694,13831,NULL,广西电力职业技术学院,广西,南宁市,专科,,公办,3,普通应用/职业供给高校,专科/高职高校，当前库内未命中双高、国家示范/骨干等强信号,default_vocational,0,0,0,0,0,,,,,0,0,0,0,0,0,0,,
10513,10594,NULL,广西科技大学,广西,柳州市,本科,应用型,公办,2,区域重点/特色优势高校,软科排名前350：329；库内综合排名前500：308；硕士点/硕士专业学位点：14,ruanke_top350;ranking_top500;master_points,0,0,0,0,0,329,308,,381,14,0,0,0,0,0,0,,
10896,11546,NULL,广西科技师范学院,广西,来宾市,本科,,公办,3,普通应用/职业供给高校,本科高校，但未命中985、211、双一流、研究型、前列排名、硕博点等强信号,default_undergraduate,0,0,0,0,0,500,626,,,0,0,0,0,0,0,0,,
12427,14312,NULL,广西科技职业学院,广西,崇左市,专科,,民办,3,普通应用/职业供给高校,专科/高职高校，当前库内未命中双高、国家示范/骨干等强信号,default_vocational,0,0,0,0,0,,,,,0,0,0,0,0,0,0,,
12732,14211,NULL,广西经济职业学院,广西,南宁市,专科,,民办,3,普通应用/职业供给高校,专科/高职高校，当前库内未命中双高、国家示范/骨干等强信号,default_vocational,0,0,0,0,0,,,,,0,0,0,0,0,0,0,,
12353,13827,NULL,广西经贸职业技术学院,广西,南宁市,专科,,公办,3,普通应用/职业供给高校,专科/高职高校，当前库内未命中双高、国家示范/骨干等强信号,default_vocational,0,0,0,0,0,,,,,0,0,0,0,0,0,0,,
11389,14684,NULL,广西职业师范学院,广西,南宁市,本科,,公办,3,普通应用/职业供给高校,本科高校，但未命中985、211、双一流、研究型、前列排名、硕博点等强信号,default_undergraduate,0,0,0,0,0,500,748,,,0,0,0,0,0,0,0,,
11527,11773,NULL,广西职业技术学院,广西,南宁市,专科,,公办,2,区域重点/特色优势高校,职业院校强信号文本：双高,vocational_feature,0,0,0,0,0,,,,,0,0,0,0,0,0,0,,
12284,14668,NULL,广西自然资源职业技术学院,广西,崇左市,专科,,公办,3,普通应用/职业供给高校,专科/高职高校，当前库内未命中双高、国家示范/骨干等强信号,default_vocational,0,0,0,0,0,,,,,0,0,0,0,0,0,0,,
10532,10607,NULL,广西艺术学院,广西,南宁市,本科,,公办,2,区域重点/特色优势高校,硕士点/硕士专业学位点：10,master_points,0,0,0,0,0,,812,,,10,0,0,0,0,0,0,,
12302,14026,NULL,广西英华国际职业学院,广西,钦州市,专科,,民办,3,普通应用/职业供给高校,专科/高职高校，当前库内未命中双高、国家示范/骨干等强信号,default_vocational,0,0,0,0,0,,,,,0,0,0,0,0,0,0,,
12887,14574,NULL,广西蓝天航空职业学院,广西,来宾市,专科,,民办,3,普通应用/职业供给高校,专科/高职高校，当前库内未命中双高、国家示范/骨干等强信号,default_vocational,0,0,0,0,0,,,,,0,0,0,0,0,0,0,,
10796,13520,NULL,广西警察学院,广西,南宁市,本科,,公办,3,普通应用/职业供给高校,本科高校，但未命中985、211、双一流、研究型、前列排名、硕博点等强信号,default_undergraduate,0,0,0,0,0,500,625,,,0,0,0,0,0,0,0,,
10528,11548,NULL,广西财经学院,广西,南宁市,本科,,公办,2,区域重点/特色优势高校,库内综合排名前500：470；硕士点/硕士专业学位点：15,ranking_top500;master_points,0,0,0,0,0,372,470,,,15,0,0,0,0,0,0,,
70386,14821,NULL,广西质量工程职业技术学院,广西,南宁市,专科,,公办,3,普通应用/职业供给高校,专科/高职高校，当前库内未命中双高、国家示范/骨干等强信号,default_vocational,0,0,0,0,0,,,,,0,0,0,0,0,0,0,,
12810,14512,NULL,广西金融职业技术学院,广西,南宁市,专科,,公办,3,普通应用/职业供给高校,专科/高职高校，当前库内未命中双高、国家示范/骨干等强信号,default_vocational,0,0,0,0,0,,,,,0,0,0,0,0,0,0,,
12828,14551,NULL,庆阳职业技术学院,甘肃,庆阳市,专科,,公办,3,普通应用/职业供给高校,专科/高职高校，当前库内未命中双高、国家示范/骨干等强信号,default_vocational,0,0,0,0,0,,,,,0,0,0,0,0,0,0,,
11941,12680,NULL,应天职业技术学院,江苏,南京市,专科,,民办,3,普通应用/职业供给高校,专科/高职高校，当前库内未命中双高、国家示范/骨干等强信号,default_vocational,0,0,0,0,0,,,,,0,0,0,0,0,0,0,,
10758,11104,NULL,应急管理大学,河北,廊坊市,本科,,公办,2,区域重点/特色优势高校,硕士点/硕士专业学位点：1,master_points,0,0,0,0,0,375,598,,429,1,0,0,0,0,0,0,,
70575,14878,NULL,康复大学,山东,青岛市,本科,,公办,2,区域重点/特色优势高校,库内综合排名前500：209,ranking_top500,0,0,0,0,0,,209,,,0,0,0,0,0,0,0,,
11721,14335,NULL,廊坊卫生职业学院,河北,廊坊市,专科,,公办,3,普通应用/职业供给高校,专科/高职高校，当前库内未命中双高、国家示范/骨干等强信号,default_vocational,0,0,0,0,0,,,,,0,0,0,0,0,0,0,,
10809,10100,NULL,廊坊师范学院,河北,廊坊市,本科,,公办,3,普通应用/职业供给高校,本科高校，但未命中985、211、双一流、研究型、前列排名、硕博点等强信号,default_undergraduate,0,0,0,0,0,466,581,,,0,0,0,0,0,0,0,,
12148,14280,NULL,廊坊燕京职业技术学院,河北,廊坊市,专科,,公办,3,普通应用/职业供给高校,专科/高职高校，当前库内未命中双高、国家示范/骨干等强信号,default_vocational,0,0,0,0,0,,,,,0,0,0,0,0,0,0,,
11810,13395,NULL,廊坊职业技术学院,河北,廊坊市,专科,,公办,3,普通应用/职业供给高校,专科/高职高校，当前库内未命中双高、国家示范/骨干等强信号,default_vocational,0,0,0,0,0,,,,,0,0,0,0,0,0,0,,
10462,10719,NULL,延安大学,陕西,延安市,本科,应用型,公办,2,区域重点/特色优势高校,软科排名前350：248；库内综合排名前500：466；博士点/博士专业学位点：1；硕士点/硕士专业学位点：19,ruanke_top350;ranking_top500;doctoral_points;master_points,0,0,0,0,0,248,466,,326,19,1,0,0,0,0,0,,
11199,13683,NULL,延安大学西安创新学院,陕西,西安市,本科,,民办,3,普通应用/职业供给高校,本科高校，但未命中985、211、双一流、研究型、前列排名、硕博点等强信号,default_undergraduate,0,0,0,0,0,,1111,,,0,0,0,0,0,0,0,,
11659,13950,NULL,延安职业技术学院,陕西,延安市,专科,,公办,3,普通应用/职业供给高校,专科/高职高校，当前库内未命中双高、国家示范/骨干等强信号,default_vocational,0,0,0,0,0,,,,,0,0,0,0,0,0,0,,
10314,10184,NULL,延边大学,吉林,延边朝鲜族自治州,本科,区域研究型,公办,1,头部/强研究型高校,双一流高校,is_dual_class,0,1,1,0,0,157,175,,368,82,23,0,0,3,0,0,,
11625,14340,NULL,延边职业技术学院,吉林,延边朝鲜族自治州,专科,,公办,3,普通应用/职业供给高校,专科/高职高校，当前库内未命中双高、国家示范/骨干等强信号,default_vocational,0,0,0,0,0,,,,,0,0,0,0,0,0,0,,
12705,13105,NULL,建东职业技术学院,江苏,常州市,专科,,民办,3,普通应用/职业供给高校,专科/高职高校，当前库内未命中双高、国家示范/骨干等强信号,default_vocational,0,0,0,0,0,,,,,0,0,0,0,0,0,0,,
11668,11069,NULL,开封大学,河南,开封市,专科,,公办,3,普通应用/职业供给高校,专科/高职高校，当前库内未命中双高、国家示范/骨干等强信号,default_vocational,0,0,0,0,0,,,,,0,0,0,0,0,0,0,,
70656,14929,NULL,开封工程职业学院,河南,开封市,专科,,民办,3,普通应用/职业供给高校,专科/高职高校，当前库内未命中双高、国家示范/骨干等强信号,default_vocational,0,0,0,0,0,,,,,0,0,0,0,0,0,0,,
12081,14306,NULL,开封文化艺术职业学院,河南,开封市,专科,,公办,3,普通应用/职业供给高校,专科/高职高校，当前库内未命中双高、国家示范/骨干等强信号,default_vocational,0,0,0,0,0,,,,,0,0,0,0,0,0,0,,
70657,14930,NULL,开封智慧健康职业学院,河南,开封市,专科,,民办,3,普通应用/职业供给高校,专科/高职高校，当前库内未命中双高、国家示范/骨干等强信号,default_vocational,0,0,0,0,0,,,,,0,0,0,0,0,0,0,,
70345,14794,NULL,开封职业学院,河南,开封市,专科,,民办,3,普通应用/职业供给高校,专科/高职高校，当前库内未命中双高、国家示范/骨干等强信号,default_vocational,0,0,0,0,0,,,,,0,0,0,0,0,0,0,,
10877,14458,NULL,张家口学院,河北,张家口市,本科,,公办,3,普通应用/职业供给高校,本科高校，但未命中985、211、双一流、研究型、前列排名、硕博点等强信号,default_undergraduate,0,0,0,0,0,500,656,,,0,0,0,0,0,0,0,,
11636,11423,NULL,张家口职业技术学院,河北,张家口市,专科,,公办,3,普通应用/职业供给高校,专科/高职高校，当前库内未命中双高、国家示范/骨干等强信号,default_vocational,0,0,0,0,0,,,,,0,0,0,0,0,0,0,,
11272,12662,NULL,张家界学院,湖南,张家界市,本科,,民办,3,普通应用/职业供给高校,本科高校，但未命中985、211、双一流、研究型、前列排名、硕博点等强信号,default_undergraduate,0,0,0,0,0,,1241,,,0,0,0,0,0,0,0,,
12609,12849,NULL,张家界航空工业职业技术学院,湖南,张家界市,专科,,公办,3,普通应用/职业供给高校,专科/高职高校，当前库内未命中双高、国家示范/骨干等强信号,default_vocational,0,0,0,0,0,,,,,0,0,0,0,0,0,0,,
10514,10313,NULL,徐州医科大学,江苏,徐州市,本科,应用型,公办,2,区域重点/特色优势高校,软科排名前350：158；库内综合排名前500：299；博士点/博士专业学位点：9；硕士点/硕士专业学位点：51,ruanke_top350;ranking_top500;doctoral_points;master_points,0,0,0,0,0,158,299,,217,51,9,0,0,0,0,0,,
11549,13107,NULL,徐州工业职业技术学院,江苏,徐州市,专科,,公办,2,区域重点/特色优势高校,职业院校强信号文本：双高,vocational_feature,0,0,0,0,0,,,,,0,0,0,0,0,0,0,,
10708,11998,NULL,徐州工程学院,江苏,徐州市,本科,,公办,2,区域重点/特色优势高校,硕士点/硕士专业学位点：3,master_points,0,0,0,0,0,363,712,,257,3,0,0,0,0,0,0,,
12479,14329,NULL,徐州幼儿师范高等专科学校,江苏,徐州市,专科,,公办,3,普通应用/职业供给高校,专科/高职高校，当前库内未命中双高、国家示范/骨干等强信号,default_vocational,0,0,0,0,0,,,,,0,0,0,0,0,0,0,,
11773,14401,NULL,徐州生物工程职业技术学院,江苏,徐州市,专科,,公办,3,普通应用/职业供给高校,专科/高职高校，当前库内未命中双高、国家示范/骨干等强信号,default_vocational,0,0,0,0,0,,,,,0,0,0,0,0,0,0,,
11814,14016,NULL,德宏师范学院,云南,德宏傣族景颇族自治州,本科,,公办,3,普通应用/职业供给高校,本科高校，但未命中985、211、双一流、研究型、前列排名、硕博点等强信号,default_undergraduate,0,0,0,0,0,,538,,,0,0,0,0,0,0,0,,
12671,14253,NULL,德宏职业学院,云南,德宏傣族景颇族自治州,专科,,公办,3,普通应用/职业供给高校,专科/高职高校，当前库内未命中双高、国家示范/骨干等强信号,default_vocational,0,0,0,0,0,,,,,0,0,0,0,0,0,0,,
10740,10448,NULL,德州学院,山东,德州市,本科,,公办,2,区域重点/特色优势高校,硕士点/硕士专业学位点：2,master_points,0,0,0,0,0,393,780,,407,2,0,0,0,0,0,0,,
70588,14857,NULL,德州工程职业学院,山东,德州市,专科,,民办,3,普通应用/职业供给高校,专科/高职高校，当前库内未命中双高、国家示范/骨干等强信号,default_vocational,0,0,0,0,0,,,,,0,0,0,0,0,0,0,,
11772,12842,NULL,德州科技职业学院,山东,德州市,专科,,民办,3,普通应用/职业供给高校,专科/高职高校，当前库内未命中双高、国家示范/骨干等强信号,default_vocational,0,0,0,0,0,,,,,0,0,0,0,0,0,0,,
11785,13389,NULL,德州职业技术学院,山东,德州市,专科,,公办,3,普通应用/职业供给高校,专科/高职高校，当前库内未命中双高、国家示范/骨干等强信号,default_vocational,0,0,0,0,0,,,,,0,0,0,0,0,0,0,,
11885,14731,NULL,德阳农业科技职业学院,四川,德阳市,专科,,民办,3,普通应用/职业供给高校,专科/高职高校，当前库内未命中双高、国家示范/骨干等强信号,default_vocational,0,0,0,0,0,,,,,0,0,0,0,0,0,0,,
12787,14642,NULL,德阳城市轨道交通职业学院,四川,德阳市,专科,,民办,3,普通应用/职业供给高校,专科/高职高校，当前库内未命中双高、国家示范/骨干等强信号,default_vocational,0,0,0,0,0,,,,,0,0,0,0,0,0,0,,
12793,14643,NULL,德阳科贸职业学院,四川,德阳市,专科,,民办,3,普通应用/职业供给高校,专科/高职高校，当前库内未命中双高、国家示范/骨干等强信号,default_vocational,0,0,0,0,0,,,,,0,0,0,0,0,0,0,,
12673,14191,NULL,徽商职业学院,安徽,合肥市,专科,,公办,3,普通应用/职业供给高校,专科/高职高校，当前库内未命中双高、国家示范/骨干等强信号,default_vocational,0,0,0,0,0,,,,,0,0,0,0,0,0,0,,
10536,10124,NULL,忻州师范学院,山西,忻州市,本科,,公办,3,普通应用/职业供给高校,本科高校，但未命中985、211、双一流、研究型、前列排名、硕博点等强信号,default_undergraduate,0,0,0,0,0,500,861,,,0,0,0,0,0,0,0,,
12312,13821,NULL,忻州职业技术学院,山西,忻州市,专科,,公办,3,普通应用/职业供给高校,专科/高职高校，当前库内未命中双高、国家示范/骨干等强信号,default_vocational,0,0,0,0,0,,,,,0,0,0,0,0,0,0,,
10610,10548,NULL,怀化学院,湖南,怀化市,本科,,公办,3,普通应用/职业供给高校,本科高校，但未命中985、211、双一流、研究型、前列排名、硕博点等强信号,default_undergraduate,0,0,0,0,0,436,800,,,0,0,0,0,0,0,0,,
70600,14867,NULL,怀化工商职业技术学院,湖南,怀化市,专科,,公办,3,普通应用/职业供给高校,专科/高职高校，当前库内未命中双高、国家示范/骨干等强信号,default_vocational,0,0,0,0,0,,,,,0,0,0,0,0,0,0,,
11838,14663,NULL,怀化师范高等专科学校,湖南,怀化市,专科,,公办,3,普通应用/职业供给高校,专科/高职高校，当前库内未命中双高、国家示范/骨干等强信号,default_vocational,0,0,0,0,0,,,,,0,0,0,0,0,0,0,,
11736,13037,NULL,怀化职业技术学院,湖南,怀化市,专科,,公办,3,普通应用/职业供给高校,专科/高职高校，当前库内未命中双高、国家示范/骨干等强信号,default_vocational,0,0,0,0,0,,,,,0,0,0,0,0,0,0,,
70592,14873,NULL,怒江职业技术学院,云南,怒江傈僳自治州,专科,,公办,3,普通应用/职业供给高校,专科/高职高校，当前库内未命中双高、国家示范/骨干等强信号,default_vocational,0,0,0,0,0,,,,,0,0,0,0,0,0,0,,
11926,12347,NULL,恩施职业技术学院,湖北,恩施土家族苗族自治州,专科,,公办,3,普通应用/职业供给高校,专科/高职高校，当前库内未命中双高、国家示范/骨干等强信号,default_vocational,0,0,0,0,0,,,,,0,0,0,0,0,0,0,,
12161,14408,NULL,惠州卫生职业技术学院,广东,惠州市,专科,,公办,3,普通应用/职业供给高校,专科/高职高校，当前库内未命中双高、国家示范/骨干等强信号,default_vocational,0,0,0,0,0,,,,,0,0,0,0,0,0,0,,
12548,14510,NULL,惠州城市职业学院,广东,惠州市,专科,,公办,3,普通应用/职业供给高校,专科/高职高校，当前库内未命中双高、国家示范/骨干等强信号,default_vocational,0,0,0,0,0,,,,,0,0,0,0,0,0,0,,
10496,10577,NULL,惠州学院,广东,惠州市,本科,应用型,公办,2,区域重点/特色优势高校,库内综合排名前500：460；硕士点/硕士专业学位点：8,ranking_top500;master_points,0,0,0,0,0,367,460,,,8,0,0,0,0,0,0,,
11410,14609,NULL,惠州工程职业学院,广东,惠州市,专科,,公办,3,普通应用/职业供给高校,专科/高职高校，当前库内未命中双高、国家示范/骨干等强信号,default_vocational,0,0,0,0,0,,,,,0,0,0,0,0,0,0,,
12618,13718,NULL,惠州经济职业技术学院,广东,惠州市,专科,,民办,3,普通应用/职业供给高校,专科/高职高校，当前库内未命中双高、国家示范/骨干等强信号,default_vocational,0,0,0,0,0,,,,,0,0,0,0,0,0,0,,
11265,12636,NULL,成都东软学院,四川,成都市,本科,,民办,3,普通应用/职业供给高校,本科高校，但未命中985、211、双一流、研究型、前列排名、硕博点等强信号,default_undergraduate,0,0,0,0,0,,985,,,0,0,0,0,0,0,0,,
10254,10633,NULL,成都中医药大学,四川,成都市,本科,区域特色研究型,公办,1,头部/强研究型高校,双一流高校,is_dual_class,0,0,1,1,0,121,172,,275,40,26,0,0,1,0,0,,
10658,10653,NULL,成都体育学院,四川,成都市,本科,,公办,2,区域重点/特色优势高校,软科排名前350：330；库内综合排名前500：435；博士点/博士专业学位点：2；硕士点/硕士专业学位点：12,ruanke_top350;ranking_top500;doctoral_points;master_points,0,0,0,0,0,330,435,,,12,2,0,0,0,0,0,,
10426,10621,NULL,成都信息工程大学,四川,成都市,本科,应用型,公办,2,区域重点/特色优势高校,软科排名前350：260；库内综合排名前500：179；博士点/博士专业学位点：3；硕士点/硕士专业学位点：45,ruanke_top350;ranking_top500;doctoral_points;master_points,0,0,0,0,0,260,179,,329,45,3,0,0,0,0,0,,
12012,12965,NULL,成都农业科技职业学院,四川,成都市,专科,,公办,3,普通应用/职业供给高校,专科/高职高校，当前库内未命中双高、国家示范/骨干等强信号,default_vocational,0,0,0,0,0,,,,,0,0,0,0,0,0,0,,
10714,13705,NULL,成都医学院,四川,成都市,本科,,公办,2,区域重点/特色优势高校,库内综合排名前500：277；硕士点/硕士专业学位点：17,ranking_top500;master_points,0,0,0,0,0,387,277,,384,17,0,0,0,0,0,0,,
11123,13673,NULL,成都外国语学院,四川,成都市,本科,,民办,3,普通应用/职业供给高校,本科高校，但未命中985、211、双一流、研究型、前列排名、硕博点等强信号,default_undergraduate,0,0,0,0,0,,983,,,0,0,0,0,0,0,0,,
10396,11079,NULL,成都大学,四川,成都市,本科,应用型,公办,2,区域重点/特色优势高校,软科排名前350：241；库内综合排名前500：208；硕士点/硕士专业学位点：10；院士数：1,ruanke_top350;ranking_top500;master_points;academicians,0,0,0,0,0,241,208,,90,10,0,0,0,1,0,0,,
10709,11116,NULL,成都工业学院,四川,成都市,本科,,公办,2,区域重点/特色优势高校,库内综合排名前500：366,ranking_top500,0,0,0,0,0,446,366,,,0,0,0,0,0,0,0,,
11639,14514,NULL,成都工业职业技术学院,四川,成都市,专科,,公办,3,普通应用/职业供给高校,专科/高职高校，当前库内未命中双高、国家示范/骨干等强信号,default_vocational,0,0,0,0,0,,,,,0,0,0,0,0,0,0,,
12819,14547,NULL,成都工贸职业技术学院,四川,成都市,专科,,公办,3,普通应用/职业供给高校,专科/高职高校，当前库内未命中双高、国家示范/骨干等强信号,default_vocational,0,0,0,0,0,,,,,0,0,0,0,0,0,0,,
10854,14389,NULL,成都师范学院,四川,成都市,本科,,公办,2,区域重点/特色优势高校,库内综合排名前500：384；院士数：1,ranking_top500;academicians,0,0,0,0,0,388,384,,,0,0,0,0,1,0,0,,
11000,13671,NULL,成都文理学院,四川,成都市,本科,,民办,3,普通应用/职业供给高校,本科高校，但未命中985、211、双一流、研究型、前列排名、硕博点等强信号,default_undergraduate,0,0,0,0,0,,932,,,0,0,0,0,0,0,0,,
10138,10616,NULL,成都理工大学,四川,成都市,本科,区域特色研究型,公办,1,头部/强研究型高校,双一流高校,is_dual_class,0,0,1,0,0,127,163,,151,34,13,0,0,1,0,0,,
10969,13668,NULL,成都理工大学工程技术学院,四川,乐山市,本科,,民办,3,普通应用/职业供给高校,本科高校，但未命中985、211、双一流、研究型、前列排名、硕博点等强信号,default_undergraduate,0,0,0,0,0,,926,,,0,0,0,0,0,0,0,,
12087,12635,NULL,成都职业技术学院,四川,成都市,专科,,公办,2,区域重点/特色优势高校,职业院校强信号文本：双高,vocational_feature,0,0,0,0,0,,,,,0,0,0,0,0,0,0,,
12056,12064,NULL,成都航空职业技术大学,四川,成都市,本科,,公办,3,普通应用/职业供给高校,本科高校，但未命中985、211、双一流、研究型、前列排名、硕博点等强信号,default_undergraduate,0,0,0,0,0,,992,,,0,0,0,0,0,0,0,,
12209,12969,NULL,成都艺术职业大学,四川,成都市,本科,,民办,3,普通应用/职业供给高校,本科高校，但未命中985、211、双一流、研究型、前列排名、硕博点等强信号,default_undergraduate,0,0,0,0,0,,1001,,,0,0,0,0,0,0,0,,
70598,14872,NULL,成都轨道交通职业学院,四川,成都市,专科,,民办,3,普通应用/职业供给高校,专科/高职高校，当前库内未命中双高、国家示范/骨干等强信号,default_vocational,0,0,0,0,0,,,,,0,0,0,0,0,0,0,,
11570,11553,NULL,成都轻工职业技术大学,四川,成都市,本科,,公办,3,普通应用/职业供给高校,本科高校，但未命中985、211、双一流、研究型、前列排名、硕博点等强信号,default_undergraduate,0,0,0,0,0,,,,,0,0,0,0,0,0,0,,
11202,13670,NULL,成都银杏酒店管理学院,四川,成都市,本科,,民办,3,普通应用/职业供给高校,本科高校，但未命中985、211、双一流、研究型、前列排名、硕博点等强信号,default_undergraduate,0,0,0,0,0,,1075,,,0,0,0,0,0,0,0,,
11043,13903,NULL,成都锦城学院,四川,成都市,本科,,民办,3,普通应用/职业供给高校,本科高校，但未命中985、211、双一流、研究型、前列排名、硕博点等强信号,default_undergraduate,0,0,0,0,0,,894,,,0,0,0,0,0,0,0,,
12840,14539,NULL,扎兰屯职业学院,内蒙古,呼伦贝尔市,专科,,公办,3,普通应用/职业供给高校,专科/高职高校，当前库内未命中双高、国家示范/骨干等强信号,default_vocational,0,0,0,0,0,,,,,0,0,0,0,0,0,0,,
12772,14528,NULL,扬州中瑞酒店职业学院,江苏,扬州市,专科,,民办,3,普通应用/职业供给高校,专科/高职高校，当前库内未命中双高、国家示范/骨干等强信号,default_vocational,0,0,0,0,0,,,,,0,0,0,0,0,0,0,,
10121,11117,NULL,扬州大学,江苏,扬州市,本科,区域研究型,公办,1,头部/强研究型高校,软科排名前100：93,ruanke_top100,0,0,0,0,0,93,220,,116,99,48,0,0,0,0,0,,
10939,13987,NULL,扬州大学广陵学院,江苏,扬州市,本科,,民办,3,普通应用/职业供给高校,本科高校，但未命中985、211、双一流、研究型、前列排名、硕博点等强信号,default_undergraduate,0,0,0,0,0,,1042,,,0,0,0,0,0,0,0,,
11497,13754,NULL,扬州工业职业技术学院,江苏,扬州市,专科,,公办,2,区域重点/特色优势高校,职业院校强信号文本：双高,vocational_feature,0,0,0,0,0,,,,,0,0,0,0,0,0,0,,
12099,12683,NULL,扬州环境资源职业技术学院,江苏,扬州市,专科,,公办,3,普通应用/职业供给高校,专科/高职高校，当前库内未命中双高、国家示范/骨干等强信号,default_vocational,0,0,0,0,0,,,,,0,0,0,0,0,0,0,,
11434,11462,NULL,扬州职业技术大学,江苏,扬州市,本科,,公办,3,普通应用/职业供给高校,本科高校，但未命中985、211、双一流、研究型、前列排名、硕博点等强信号,default_undergraduate,0,0,0,0,0,,860,,,0,0,0,0,0,0,0,,
10626,10093,NULL,承德医学院,河北,承德市,本科,,公办,2,区域重点/特色优势高校,软科排名前350：316；库内综合排名前500：378；硕士点/硕士专业学位点：10,ruanke_top350;ranking_top500;master_points,0,0,0,0,0,316,378,,,10,0,0,0,0,0,0,,
12895,14632,NULL,承德应用技术职业学院,河北,承德市,专科,,公办,3,普通应用/职业供给高校,专科/高职高校，当前库内未命中双高、国家示范/骨干等强信号,default_vocational,0,0,0,0,0,,,,,0,0,0,0,0,0,0,,
11572,14281,NULL,承德护理职业学院,河北,承德市,专科,,公办,3,普通应用/职业供给高校,专科/高职高校，当前库内未命中双高、国家示范/骨干等强信号,default_vocational,0,0,0,0,0,,,,,0,0,0,0,0,0,0,,
70584,70050,NULL,抚州医药学院,江西,抚州市,本科,,公办,3,普通应用/职业供给高校,本科高校，但未命中985、211、双一流、研究型、前列排名、硕博点等强信号,default_undergraduate,0,0,0,0,0,,892,,,0,0,0,0,0,0,0,,
12825,15519,NULL,抚州幼儿师范高等专科学校,江西,抚州市,专科,,公办,3,普通应用/职业供给高校,专科/高职高校，当前库内未命中双高、国家示范/骨干等强信号,default_vocational,0,0,0,0,0,,,,,0,0,0,0,0,0,0,,
12215,13428,NULL,抚州职业技术学院,江西,抚州市,专科,,公办,3,普通应用/职业供给高校,专科/高职高校，当前库内未命中双高、国家示范/骨干等强信号,default_vocational,0,0,0,0,0,,,,,0,0,0,0,0,0,0,,
12008,10179,NULL,抚顺师范高等专科学校,辽宁,抚顺市,专科,,公办,3,普通应用/职业供给高校,专科/高职高校，当前库内未命中双高、国家示范/骨干等强信号,default_vocational,0,0,0,0,0,,,,,0,0,0,0,0,0,0,,
12102,11037,NULL,抚顺职业技术学院,辽宁,抚顺市,专科,,公办,3,普通应用/职业供给高校,专科/高职高校，当前库内未命中双高、国家示范/骨干等强信号,default_vocational,0,0,0,0,0,,,,,0,0,0,0,0,0,0,,
12426,12481,NULL,拉萨师范学院,西藏,拉萨市,本科,,公办,3,普通应用/职业供给高校,本科高校，但未命中985、211、双一流、研究型、前列排名、硕博点等强信号,default_undergraduate,0,0,0,0,0,,886,,,0,0,0,0,0,0,0,,
11992,12956,NULL,揭阳职业技术学院,广东,揭阳市,专科,,公办,3,普通应用/职业供给高校,专科/高职高校，当前库内未命中双高、国家示范/骨干等强信号,default_vocational,0,0,0,0,0,,,,,0,0,0,0,0,0,0,,
10773,11360,NULL,攀枝花学院,四川,攀枝花,本科,,公办,2,区域重点/特色优势高校,硕士点/硕士专业学位点：12；院士数：1,master_points;academicians,0,0,0,0,0,394,592,,,12,0,0,0,1,0,0,,
11867,14672,NULL,攀枝花攀西职业学院,四川,攀枝花,专科,,民办,3,普通应用/职业供给高校,专科/高职高校，当前库内未命中双高、国家示范/骨干等强信号,default_vocational,0,0,0,0,0,,,,,0,0,0,0,0,0,0,,
11116,13262,NULL,文华学院,湖北,武汉市,本科,,民办,3,普通应用/职业供给高校,本科高校，但未命中985、211、双一流、研究型、前列排名、硕博点等强信号,default_undergraduate,0,0,0,0,0,,1053,,,0,0,0,0,0,0,0,,
10686,11556,NULL,文山学院,云南,文山壮族苗族自治州,本科,,公办,3,普通应用/职业供给高校,本科高校，但未命中985、211、双一流、研究型、前列排名、硕博点等强信号,default_undergraduate,0,0,0,0,0,500,756,,,0,0,0,0,0,0,0,,
70352,14801,NULL,文山职业技术学院,云南,文山壮族苗族自治州,专科,,公办,3,普通应用/职业供给高校,专科/高职高校，当前库内未命中双高、国家示范/骨干等强信号,default_vocational,0,0,0,0,0,,,,,0,0,0,0,0,0,0,,
10844,11071,NULL,新乡学院,河南,新乡市,本科,,公办,3,普通应用/职业供给高校,本科高校，但未命中985、211、双一流、研究型、前列排名、硕博点等强信号,default_undergraduate,0,0,0,0,0,498,825,,,0,0,0,0,0,0,0,,
11292,13506,NULL,新乡工程学院,河南,新乡市,本科,,民办,3,普通应用/职业供给高校,本科高校，但未命中985、211、双一流、研究型、前列排名、硕博点等强信号,default_undergraduate,0,0,0,0,0,,1047,,,0,0,0,0,0,0,0,,
11553,14245,NULL,新乡职业技术学院,河南,新乡市,专科,,公办,3,普通应用/职业供给高校,专科/高职高校，当前库内未命中双高、国家示范/骨干等强信号,default_vocational,0,0,0,0,0,,,,,0,0,0,0,0,0,0,,
10860,11508,NULL,新余学院,江西,新余市,本科,,公办,3,普通应用/职业供给高校,本科高校，但未命中985、211、双一流、研究型、前列排名、硕博点等强信号,default_undergraduate,0,0,0,0,0,500,749,,,0,0,0,0,0,0,0,,
70635,14920,NULL,新余职业技术学院,江西,新余市,专科,,公办,3,普通应用/职业供给高校,专科/高职高校，当前库内未命中双高、国家示范/骨干等强信号,default_vocational,0,0,0,0,0,,,,,0,0,0,0,0,0,0,,
70365,14827,NULL,新星职业技术学院,新疆,直辖县级市,专科,,公办,3,普通应用/职业供给高校,专科/高职高校，当前库内未命中双高、国家示范/骨干等强信号,default_vocational,0,0,0,0,0,,,,,0,0,0,0,0,0,0,,
11991,13926,NULL,新疆交通职业技术大学,新疆,乌鲁木齐市,本科,,公办,3,普通应用/职业供给高校,本科高校，但未命中985、211、双一流、研究型、前列排名、硕博点等强信号,default_undergraduate,0,0,0,0,0,,966,,,0,0,0,0,0,0,0,,
11823,14416,NULL,新疆体育职业技术学院,新疆,乌鲁木齐市,专科,,公办,3,普通应用/职业供给高校,专科/高职高校，当前库内未命中双高、国家示范/骨干等强信号,default_vocational,0,0,0,0,0,,,,,0,0,0,0,0,0,0,,
10361,10758,NULL,新疆农业大学,新疆,乌鲁木齐市,本科,区域特色研究型,公办,2,区域重点/特色优势高校,办学类型为区域特色研究型；软科排名前350：305；博士点/博士专业学位点：8；硕士点/硕士专业学位点：23；院士数：1,school_type_t2;ruanke_top350;doctoral_points;master_points;academicians,0,0,0,0,0,305,823,,447,23,8,0,0,1,0,0,,
12094,10995,NULL,新疆农业职业技术大学,新疆,昌吉回族自治州,本科,,公办,3,普通应用/职业供给高校,本科高校，但未命中985、211、双一流、研究型、前列排名、硕博点等强信号,default_undergraduate,0,0,0,0,0,,918,,,0,0,0,0,0,0,0,,
10346,10760,NULL,新疆医科大学,新疆,乌鲁木齐市,本科,区域特色研究型,公办,2,区域重点/特色优势高校,办学类型为区域特色研究型；软科排名前350：196；博士点/博士专业学位点：42；硕士点/硕士专业学位点：70；院士数：1,school_type_t2;ruanke_top350;doctoral_points;master_points;academicians,0,0,0,0,0,196,650,,340,70,42,0,0,1,0,0,,
70356,14805,NULL,新疆司法警官职业学院,新疆,乌鲁木齐市,专科,,公办,3,普通应用/职业供给高校,专科/高职高校，当前库内未命中双高、国家示范/骨干等强信号,default_vocational,0,0,0,0,0,,,,,0,0,0,0,0,0,0,,
11483,10765,NULL,新疆和田学院,新疆,和田地区,本科,,公办,3,普通应用/职业供给高校,本科高校，但未命中985、211、双一流、研究型、前列排名、硕博点等强信号,default_undergraduate,0,0,0,0,0,,899,,,0,0,0,0,0,0,0,,
10194,10755,NULL,新疆大学,新疆,乌鲁木齐市,本科,区域研究型,公办,1,头部/强研究型高校,双一流高校,is_dual_class,0,1,1,0,0,131,361,,199,41,18,0,0,1,0,0,,
11359,13727,NULL,新疆天山职业技术大学,新疆,乌鲁木齐市,本科,,民办,3,普通应用/职业供给高校,本科高校，但未命中985、211、双一流、研究型、前列排名、硕博点等强信号,default_undergraduate,0,0,0,0,0,,1063,,,0,0,0,0,0,0,0,,
70628,14897,NULL,新疆工业学院,新疆,和田地区,本科,,公办,3,普通应用/职业供给高校,本科高校，但未命中985、211、双一流、研究型、前列排名、硕博点等强信号,default_undergraduate,0,0,0,0,0,,984,,,0,0,0,0,0,0,0,,
12861,51060,NULL,新疆工业职业技术学院,新疆,乌鲁木齐市,专科,,公办,3,普通应用/职业供给高校,专科/高职高校，当前库内未命中双高、国家示范/骨干等强信号,default_vocational,0,0,0,0,0,,,,,0,0,0,0,0,0,0,,
10789,10994,NULL,新疆工程学院,新疆,乌鲁木齐市,本科,,公办,2,区域重点/特色优势高校,硕士点/硕士专业学位点：2,master_points,0,0,0,0,0,500,913,,,2,0,0,0,0,0,0,,
10325,10762,NULL,新疆师范大学,新疆,乌鲁木齐市,本科,区域特色研究型,公办,2,区域重点/特色优势高校,办学类型为区域特色研究型；软科排名前350：302；博士点/博士专业学位点：30；硕士点/硕士专业学位点：64,school_type_t2;ruanke_top350;doctoral_points;master_points,0,0,0,0,0,302,738,,,64,30,0,0,0,0,0,,
11684,14421,NULL,新疆师范高等专科学校,新疆,乌鲁木齐市,专科,,公办,3,普通应用/职业供给高校,专科/高职高校，当前库内未命中双高、国家示范/骨干等强信号,default_vocational,0,0,0,0,0,,,,,0,0,0,0,0,0,0,,
12345,14417,NULL,新疆应用职业技术学院,新疆,伊犁哈萨克自治州,专科,,公办,3,普通应用/职业供给高校,专科/高职高校，当前库内未命中双高、国家示范/骨干等强信号,default_vocational,0,0,0,0,0,,,,,0,0,0,0,0,0,0,,
11951,13562,NULL,新疆建设职业技术学院,新疆,乌鲁木齐市,专科,,公办,3,普通应用/职业供给高校,专科/高职高校，当前库内未命中双高、国家示范/骨干等强信号,default_vocational,0,0,0,0,0,,,,,0,0,0,0,0,0,0,,
11102,13628,NULL,新疆政法学院,新疆,直辖县级市,本科,,公办,3,普通应用/职业供给高校,本科高校，但未命中985、211、双一流、研究型、前列排名、硕博点等强信号,default_undergraduate,0,0,0,0,0,500,721,,,0,0,0,0,0,0,0,,
11989,13726,NULL,新疆现代职业技术学院,新疆,乌鲁木齐市,专科,,民办,3,普通应用/职业供给高校,专科/高职高校，当前库内未命中双高、国家示范/骨干等强信号,default_vocational,0,0,0,0,0,,,,,0,0,0,0,0,0,0,,
10910,13558,NULL,新疆理工学院,新疆,阿克苏地区,本科,,公办,3,普通应用/职业供给高校,本科高校，但未命中985、211、双一流、研究型、前列排名、硕博点等强信号,default_undergraduate,0,0,0,0,0,500,911,,,0,0,0,0,0,0,0,,
70677,14947,NULL,新疆理工职业大学,新疆,直辖县级市,本科,,公办,3,普通应用/职业供给高校,本科高校，但未命中985、211、双一流、研究型、前列排名、硕博点等强信号,default_undergraduate,0,0,0,0,0,,1087,,,0,0,0,0,0,0,0,,
12830,14523,NULL,新疆生产建设兵团兴新职业技术学院,新疆,乌鲁木齐市,专科,,公办,2,区域重点/特色优势高校,职业院校强信号文本：双高,vocational_feature,0,0,0,0,0,,,,,0,0,0,0,0,0,0,,
11739,13956,NULL,新疆石河子职业技术学院,新疆,石河子市,专科,,公办,3,普通应用/职业供给高校,专科/高职高校，当前库内未命中双高、国家示范/骨干等强信号,default_vocational,0,0,0,0,0,,,,,0,0,0,0,0,0,0,,
12183,14679,NULL,新疆科信职业技术学院,新疆,乌鲁木齐市,专科,,民办,3,普通应用/职业供给高校,专科/高职高校，当前库内未命中双高、国家示范/骨干等强信号,default_vocational,0,0,0,0,0,,,,,0,0,0,0,0,0,0,,
11098,13561,NULL,新疆科技学院,新疆,巴音郭楞蒙古自治州,本科,,公办,3,普通应用/职业供给高校,本科高校，但未命中985、211、双一流、研究型、前列排名、硕博点等强信号,default_undergraduate,0,0,0,0,0,500,937,,,0,0,0,0,0,0,0,,
12611,14525,NULL,新疆科技职业技术学院,新疆,直辖县级市,专科,,民办,3,普通应用/职业供给高校,专科/高职高校，当前库内未命中双高、国家示范/骨干等强信号,default_vocational,0,0,0,0,0,,,,,0,0,0,0,0,0,0,,
10996,13560,NULL,新疆第二医学院,新疆,克拉玛依市,本科,,公办,3,普通应用/职业供给高校,本科高校，但未命中985、211、双一流、研究型、前列排名、硕博点等强信号,default_undergraduate,0,0,0,0,0,500,777,,,0,0,0,0,0,0,0,,
12289,14138,NULL,新疆职业大学,新疆,乌鲁木齐市,专科,,公办,3,普通应用/职业供给高校,专科/高职高校，当前库内未命中双高、国家示范/骨干等强信号,default_vocational,0,0,0,0,0,,,,,0,0,0,0,0,0,0,,
12692,12570,NULL,新疆能源职业技术学院,新疆,乌鲁木齐市,专科,,民办,3,普通应用/职业供给高校,专科/高职高校，当前库内未命中双高、国家示范/骨干等强信号,default_vocational,0,0,0,0,0,,,,,0,0,0,0,0,0,0,,
10823,10768,NULL,新疆艺术学院,新疆,乌鲁木齐市,本科,,公办,2,区域重点/特色优势高校,硕士点/硕士专业学位点：7,master_points,0,0,0,0,0,,847,,,7,0,0,0,0,0,0,,
10801,12734,NULL,新疆警察学院,新疆,乌鲁木齐市,本科,,公办,3,普通应用/职业供给高校,本科高校，但未命中985、211、双一流、研究型、前列排名、硕博点等强信号,default_undergraduate,0,0,0,0,0,500,547,,,0,0,0,0,0,0,0,,
10464,10766,NULL,新疆财经大学,新疆,乌鲁木齐市,本科,应用型,公办,2,区域重点/特色优势高校,软科排名前350：336；博士点/博士专业学位点：13；硕士点/硕士专业学位点：22,ruanke_top350;doctoral_points;master_points,0,0,0,0,0,336,707,,,22,13,0,0,0,0,0,,
12222,12514,NULL,新疆轻工职业技术学院,新疆,乌鲁木齐市,专科,,公办,3,普通应用/职业供给高校,专科/高职高校，当前库内未命中双高、国家示范/骨干等强信号,default_vocational,0,0,0,0,0,,,,,0,0,0,0,0,0,0,,
12397,14489,NULL,新疆铁道职业技术学院,新疆,乌鲁木齐市,专科,,公办,3,普通应用/职业供给高校,专科/高职高校，当前库内未命中双高、国家示范/骨干等强信号,default_vocational,0,0,0,0,0,,,,,0,0,0,0,0,0,0,,
12706,12923,NULL,无锡南洋职业技术学院,江苏,无锡市,专科,,民办,3,普通应用/职业供给高校,专科/高职高校，当前库内未命中双高、国家示范/骨干等强信号,default_vocational,0,0,0,0,0,,,,,0,0,0,0,0,0,0,,
11491,12702,NULL,无锡商业职业技术学院,江苏,无锡市,专科,,公办,3,普通应用/职业供给高校,专科/高职高校，当前库内未命中双高、国家示范/骨干等强信号,default_vocational,0,0,0,0,0,,,,,0,0,0,0,0,0,0,,
12359,13748,NULL,无锡城市职业技术学院,江苏,无锡市,专科,,公办,3,普通应用/职业供给高校,专科/高职高校，当前库内未命中双高、国家示范/骨干等强信号,default_vocational,0,0,0,0,0,,,,,0,0,0,0,0,0,0,,
11044,13571,NULL,无锡太湖学院,江苏,无锡市,本科,,民办,3,普通应用/职业供给高校,本科高校，但未命中985、211、双一流、研究型、前列排名、硕博点等强信号,default_undergraduate,0,0,0,0,0,,1113,,,0,0,0,0,0,0,0,,
11353,13982,NULL,无锡学院,江苏,无锡市,本科,,公办,2,区域重点/特色优势高校,软科排名前350：319；库内综合排名前500：437；硕士点/硕士专业学位点：6,ruanke_top350;ranking_top500;master_points,0,0,0,0,0,319,437,,,6,0,0,0,0,0,0,,
12042,13749,NULL,无锡工艺职业技术学院,江苏,无锡市,专科,,公办,3,普通应用/职业供给高校,专科/高职高校，当前库内未命中双高、国家示范/骨干等强信号,default_vocational,0,0,0,0,0,,,,,0,0,0,0,0,0,0,,
70614,14855,NULL,无锡师范高等专科学校,江苏,无锡市,专科,,公办,3,普通应用/职业供给高校,专科/高职高校，当前库内未命中双高、国家示范/骨干等强信号,default_vocational,0,0,0,0,0,,,,,0,0,0,0,0,0,0,,
12504,12681,NULL,无锡科技职业学院,江苏,无锡市,专科,,公办,3,普通应用/职业供给高校,专科/高职高校，当前库内未命中双高、国家示范/骨干等强信号,default_vocational,0,0,0,0,0,,,,,0,0,0,0,0,0,0,,
11473,10848,NULL,无锡职业技术大学,江苏,无锡市,本科,,公办,3,普通应用/职业供给高校,本科高校，但未命中985、211、双一流、研究型、前列排名、硕博点等强信号,default_undergraduate,0,0,0,0,0,,774,,,0,0,0,0,0,0,0,,
70668,14940,NULL,日喀则职业技术学院,西藏,日喀则市,专科,,公办,3,普通应用/职业供给高校,专科/高职高校，当前库内未命中双高、国家示范/骨干等强信号,default_vocational,0,0,0,0,0,,,,,0,0,0,0,0,0,0,,
70611,14858,NULL,日照康养职业学院,山东,日照市,专科,,民办,3,普通应用/职业供给高校,专科/高职高校，当前库内未命中双高、国家示范/骨干等强信号,default_vocational,0,0,0,0,0,,,,,0,0,0,0,0,0,0,,
70652,14925,NULL,日照科技职业学院,山东,日照市,专科,,民办,3,普通应用/职业供给高校,专科/高职高校，当前库内未命中双高、国家示范/骨干等强信号,default_vocational,0,0,0,0,0,,,,,0,0,0,0,0,0,0,,
11656,12062,NULL,日照职业技术大学,山东,日照市,本科,,公办,3,普通应用/职业供给高校,本科高校，但未命中985、211、双一流、研究型、前列排名、硕博点等强信号,default_undergraduate,0,0,0,0,0,,,,,0,0,0,0,0,0,0,,
11417,14605,NULL,日照航海工程职业学院,山东,日照市,专科,,民办,3,普通应用/职业供给高校,专科/高职高校，当前库内未命中双高、国家示范/骨干等强信号,default_vocational,0,0,0,0,0,,,,,0,0,0,0,0,0,0,,
10873,16406,NULL,昆山杜克大学,江苏,苏州市,本科,,,1,头部/强研究型高校,软科排名前100：95,ruanke_top100,0,0,0,0,0,95,110,,,5,0,0,0,0,0,0,,
12594,13963,NULL,昆山登云科技职业学院,江苏,苏州市,专科,,民办,3,普通应用/职业供给高校,专科/高职高校，当前库内未命中双高、国家示范/骨干等强信号,default_vocational,0,0,0,0,0,,,,,0,0,0,0,0,0,0,,
11267,13333,NULL,昆明传媒学院,云南,昆明市,本科,,民办,3,普通应用/职业供给高校,本科高校，但未命中985、211、双一流、研究型、前列排名、硕博点等强信号,default_undergraduate,0,0,0,0,0,,1123,,,0,0,0,0,0,0,0,,
11428,11557,NULL,昆明冶金职业大学,云南,昆明市,本科,,公办,3,普通应用/职业供给高校,本科高校，但未命中985、211、双一流、研究型、前列排名、硕博点等强信号,default_undergraduate,0,0,0,0,0,,,,,0,0,0,0,0,0,0,,
10417,10678,NULL,昆明医科大学,云南,昆明市,本科,应用型,公办,2,区域重点/特色优势高校,软科排名前350：194；库内综合排名前500：248；博士点/博士专业学位点：17；硕士点/硕士专业学位点：59,ruanke_top350;ranking_top500;doctoral_points;master_points,0,0,0,0,0,194,248,,302,59,17,0,0,0,0,0,,
11165,13332,NULL,昆明医科大学海源学院,云南,昆明市,本科,,民办,3,普通应用/职业供给高校,本科高校，但未命中985、211、双一流、研究型、前列排名、硕博点等强信号,default_undergraduate,0,0,0,0,0,,972,,,0,0,0,0,0,0,0,,
12115,14372,NULL,昆明卫生职业学院,云南,昆明市,专科,,民办,3,普通应用/职业供给高校,专科/高职高校，当前库内未命中双高、国家示范/骨干等强信号,default_vocational,0,0,0,0,0,,,,,0,0,0,0,0,0,0,,
11147,13330,NULL,昆明城市学院,云南,昆明市,本科,,民办,3,普通应用/职业供给高校,本科高校，但未命中985、211、双一流、研究型、前列排名、硕博点等强信号,default_undergraduate,0,0,0,0,0,,1027,,,0,0,0,0,0,0,0,,
10582,11393,NULL,昆明学院,云南,昆明市,本科,,公办,2,区域重点/特色优势高校,硕士点/硕士专业学位点：16,master_points,0,0,0,0,0,389,601,,,16,0,0,0,0,0,0,,
12538,12393,NULL,昆明工业职业技术学院,云南,昆明市,专科,,公办,3,普通应用/职业供给高校,专科/高职高校，当前库内未命中双高、国家示范/骨干等强信号,default_vocational,0,0,0,0,0,,,,,0,0,0,0,0,0,0,,
12736,14631,NULL,昆明幼儿师范高等专科学校,云南,昆明市,专科,,公办,3,普通应用/职业供给高校,专科/高职高校，当前库内未命中双高、国家示范/骨干等强信号,default_vocational,0,0,0,0,0,,,,,0,0,0,0,0,0,0,,
11207,13331,NULL,昆明文理学院,云南,昆明市,本科,,民办,3,普通应用/职业供给高校,本科高校，但未命中985、211、双一流、研究型、前列排名、硕博点等强信号,default_undergraduate,0,0,0,0,0,,1097,,,0,0,0,0,0,0,0,,
10089,10674,NULL,昆明理工大学,云南,昆明市,本科,区域研究型,公办,2,区域重点/特色优势高校,办学类型为区域研究型；软科排名前350：110；库内综合排名前500：276；博士点/博士专业学位点：45；硕士点/硕士专业学位点：166；院士数：3,school_type_t2;ruanke_top350;ranking_top500;doctoral_points;master_points;academicians,0,0,0,0,0,110,276,,145,166,45,0,0,3,0,0,,
11056,13329,NULL,昆明理工大学津桥学院,云南,昆明市,本科,,民办,3,普通应用/职业供给高校,本科高校，但未命中985、211、双一流、研究型、前列排名、硕博点等强信号,default_undergraduate,0,0,0,0,0,,1091,,,0,0,0,0,0,0,0,,
70683,1494X,NULL,昆明科技职业大学,云南,昆明市,本科,,民办,3,普通应用/职业供给高校,本科高校，但未命中985、211、双一流、研究型、前列排名、硕博点等强信号,default_undergraduate,0,0,0,0,0,,,,,0,0,0,0,0,0,0,,
70667,14939,NULL,昆明航空职业学院,云南,昆明市,专科,,民办,3,普通应用/职业供给高校,专科/高职高校，当前库内未命中双高、国家示范/骨干等强信号,default_vocational,0,0,0,0,0,,,,,0,0,0,0,0,0,0,,
12708,12851,NULL,昆明艺术职业学院,云南,昆明市,专科,,民办,3,普通应用/职业供给高校,专科/高职高校，当前库内未命中双高、国家示范/骨干等强信号,default_vocational,0,0,0,0,0,,,,,0,0,0,0,0,0,0,,
12871,14581,NULL,昆明铁道职业技术学院,云南,昆明市,专科,,公办,3,普通应用/职业供给高校,专科/高职高校，当前库内未命中双高、国家示范/骨干等强信号,default_vocational,0,0,0,0,0,,,,,0,0,0,0,0,0,0,,
70361,14828,NULL,昆玉职业技术学院,新疆,直辖县级市,专科,,公办,3,普通应用/职业供给高校,专科/高职高校，当前库内未命中双高、国家示范/骨干等强信号,default_vocational,0,0,0,0,0,,,,,0,0,0,0,0,0,0,,
10661,10997,NULL,昌吉学院,新疆,昌吉回族自治州,本科,,公办,2,区域重点/特色优势高校,硕士点/硕士专业学位点：5,master_points,0,0,0,0,0,500,942,,,5,0,0,0,0,0,0,,
12370,12838,NULL,昌吉职业技术学院,新疆,昌吉回族自治州,专科,,公办,3,普通应用/职业供给高校,专科/高职高校，当前库内未命中双高、国家示范/骨干等强信号,default_vocational,0,0,0,0,0,,,,,0,0,0,0,0,0,0,,
70404,,NULL,明德学院,香港,南区,本科,,民办,3,普通应用/职业供给高校,本科高校，但未命中985、211、双一流、研究型、前列排名、硕博点等强信号,default_undergraduate,0,0,0,0,0,,,,,0,0,0,0,0,0,0,,
12497,10826,NULL,明达职业技术学院,江苏,盐城市,专科,,民办,3,普通应用/职业供给高校,专科/高职高校，当前库内未命中双高、国家示范/骨干等强信号,default_vocational,0,0,0,0,0,,,,,0,0,0,0,0,0,0,,
10564,10587,NULL,星海音乐学院,广东,广州市,本科,,公办,2,区域重点/特色优势高校,库内综合排名前500：285；硕士点/硕士专业学位点：3,ranking_top500;master_points,0,0,0,0,0,,285,,,3,0,0,0,0,0,0,,
12872,14582,NULL,昭通卫生职业学院,云南,昭通市,专科,,公办,3,普通应用/职业供给高校,专科/高职高校，当前库内未命中双高、国家示范/骨干等强信号,default_vocational,0,0,0,0,0,,,,,0,0,0,0,0,0,0,,
10899,10683,NULL,昭通学院,云南,昭通市,本科,,公办,3,普通应用/职业供给高校,本科高校，但未命中985、211、双一流、研究型、前列排名、硕博点等强信号,default_undergraduate,0,0,0,0,0,500,782,,,0,0,0,0,0,0,0,,
70335,14784,NULL,昭通职业学院,云南,昭通市,专科,,公办,3,普通应用/职业供给高校,专科/高职高校，当前库内未命中双高、国家示范/骨干等强信号,default_vocational,0,0,0,0,0,,,,,0,0,0,0,0,0,0,,
11154,13535,NULL,晋中信息学院,山西,晋中市,本科,,民办,3,普通应用/职业供给高校,本科高校，但未命中985、211、双一流、研究型、前列排名、硕博点等强信号,default_undergraduate,0,0,0,0,0,,995,,,0,0,0,0,0,0,0,,
11192,13598,NULL,晋中健康学院,山西,晋中市,本科,,民办,3,普通应用/职业供给高校,本科高校，但未命中985、211、双一流、研究型、前列排名、硕博点等强信号,default_undergraduate,0,0,0,0,0,,1211,,,0,0,0,0,0,0,0,,
10631,10121,NULL,晋中学院,山西,晋中市,本科,,公办,3,普通应用/职业供给高校,本科高校，但未命中985、211、双一流、研究型、前列排名、硕博点等强信号,default_undergraduate,0,0,0,0,0,500,893,,,0,0,0,0,0,0,0,,
11592,14270,NULL,晋中师范高等专科学校,山西,晋中市,专科,,公办,3,普通应用/职业供给高校,专科/高职高校，当前库内未命中双高、国家示范/骨干等强信号,default_vocational,0,0,0,0,0,,,,,0,0,0,0,0,0,0,,
11748,13913,NULL,晋中职业技术学院,山西,晋中市,专科,,公办,3,普通应用/职业供给高校,专科/高职高校，当前库内未命中双高、国家示范/骨干等强信号,default_vocational,0,0,0,0,0,,,,,0,0,0,0,0,0,0,,
12041,12774,NULL,晋城职业技术学院,山西,晋城市,专科,,公办,3,普通应用/职业供给高校,专科/高职高校，当前库内未命中双高、国家示范/骨干等强信号,default_vocational,0,0,0,0,0,,,,,0,0,0,0,0,0,0,,
10881,10685,NULL,普洱学院,云南,普洱市,本科,,公办,3,普通应用/职业供给高校,本科高校，但未命中985、211、双一流、研究型、前列排名、硕博点等强信号,default_undergraduate,0,0,0,0,0,500,844,,,0,0,0,0,0,0,0,,
10880,10894,NULL,景德镇学院,江西,景德镇,本科,,公办,3,普通应用/职业供给高校,本科高校，但未命中985、211、双一流、研究型、前列排名、硕博点等强信号,default_undergraduate,0,0,0,0,0,500,815,,,0,0,0,0,0,0,0,,
11196,13435,NULL,景德镇艺术职业大学,江西,景德镇,本科,,民办,3,普通应用/职业供给高校,本科高校，但未命中985、211、双一流、研究型、前列排名、硕博点等强信号,default_undergraduate,0,0,0,0,0,,1169,,,0,0,0,0,0,0,0,,
10362,10408,NULL,景德镇陶瓷大学,江西,景德镇,本科,区域特色研究型,公办,2,区域重点/特色优势高校,办学类型为区域特色研究型；软科排名前350：321；库内综合排名前500：458；博士点/博士专业学位点：4；硕士点/硕士专业学位点：21；院士数：2,school_type_t2;ruanke_top350;ranking_top500;doctoral_points;master_points;academicians,0,0,0,0,0,321,458,,423,21,4,0,0,2,0,0,,
12498,14402,NULL,景德镇陶瓷职业技术学院,江西,景德镇,专科,,民办,3,普通应用/职业供给高校,专科/高职高校，当前库内未命中双高、国家示范/骨干等强信号,default_vocational,0,0,0,0,0,,,,,0,0,0,0,0,0,0,,
10079,10559,NULL,暨南大学,广东,广州市,本科,特色研究型,公办,1,头部/强研究型高校,双一流高校；软科排名前100：59；库内综合排名前100：74,is_dual_class;ruanke_top100;ranking_top100,0,1,1,0,0,59,74,36,48,149,59,0,0,1,0,0,,
10301,10446,NULL,曲阜师范大学,山东,济宁市,本科,区域特色研究型,公办,2,区域重点/特色优势高校,办学类型为区域特色研究型；软科排名前350：164；库内综合排名前500：298；博士点/博士专业学位点：12；硕士点/硕士专业学位点：30,school_type_t2;ruanke_top350;ranking_top500;doctoral_points;master_points,0,0,0,0,0,164,298,,145,30,12,0,0,0,0,0,,
12276,12070,NULL,曲阜远东职业技术学院,山东,济宁市,专科,,民办,3,普通应用/职业供给高校,专科/高职高校，当前库内未命中双高、国家示范/骨干等强信号,default_vocational,0,0,0,0,0,,,,,0,0,0,0,0,0,0,,
12571,14012,NULL,曲靖健康医学院,云南,曲靖市,本科,,公办,2,区域重点/特色优势高校,库内综合排名前500：494,ranking_top500,0,0,0,0,0,,494,,,0,0,0,0,0,0,0,,
10585,10684,NULL,曲靖师范学院,云南,曲靖市,本科,,公办,2,区域重点/特色优势高校,硕士点/硕士专业学位点：3,master_points,0,0,0,0,0,400,758,,,3,0,0,0,0,0,0,,
12070,14676,NULL,曲靖职业技术学院,云南,曲靖市,专科,,公办,3,普通应用/职业供给高校,专科/高职高校，当前库内未命中双高、国家示范/骨干等强信号,default_vocational,0,0,0,0,0,,,,,0,0,0,0,0,0,0,,
11416,14601,NULL,曹妃甸职业技术学院,河北,唐山市,专科,,民办,3,普通应用/职业供给高校,专科/高职高校，当前库内未命中双高、国家示范/骨干等强信号,default_vocational,0,0,0,0,0,,,,,0,0,0,0,0,0,0,,
11490,14462,NULL,朔州师范高等专科学校,山西,朔州市,专科,,公办,3,普通应用/职业供给高校,专科/高职高校，当前库内未命中双高、国家示范/骨干等强信号,default_vocational,0,0,0,0,0,,,,,0,0,0,0,0,0,0,,
12123,14186,NULL,朔州职业技术学院,山西,朔州市,专科,,公办,3,普通应用/职业供给高校,专科/高职高校，当前库内未命中双高、国家示范/骨干等强信号,default_vocational,0,0,0,0,0,,,,,0,0,0,0,0,0,0,,
11834,14698,NULL,朔州陶瓷职业技术学院,山西,朔州市,专科,,公办,3,普通应用/职业供给高校,专科/高职高校，当前库内未命中双高、国家示范/骨干等强信号,default_vocational,0,0,0,0,0,,,,,0,0,0,0,0,0,0,,
11634,10171,NULL,朝阳师范学院,辽宁,朝阳市,本科,,公办,3,普通应用/职业供给高校,本科高校，但未命中985、211、双一流、研究型、前列排名、硕博点等强信号,default_undergraduate,0,0,0,0,0,,717,,,0,0,0,0,0,0,0,,
12179,13030,NULL,杭州万向职业技术学院,浙江,杭州市,专科,,民办,3,普通应用/职业供给高校,专科/高职高校，当前库内未命中双高、国家示范/骨干等强信号,default_vocational,0,0,0,0,0,,,,,0,0,0,0,0,0,0,,
10864,13023,NULL,杭州医学院,浙江,杭州市,本科,,公办,2,区域重点/特色优势高校,硕士点/硕士专业学位点：7；院士数：1,master_points;academicians,0,0,0,0,0,355,569,,309,7,0,0,0,1,0,0,,
10219,10346,NULL,杭州师范大学,浙江,杭州市,本科,区域特色研究型,公办,2,区域重点/特色优势高校,办学类型为区域特色研究型；软科排名前350：116；库内综合排名前500：192；博士点/博士专业学位点：6；硕士点/硕士专业学位点：53；院士数：1,school_type_t2;ruanke_top350;ranking_top500;doctoral_points;master_points;academicians,0,0,0,0,0,116,192,,89,53,6,0,0,1,0,0,,
11205,13286,NULL,杭州师范大学钱江学院,浙江,杭州市,本科,,民办,3,普通应用/职业供给高校,本科高校，但未命中985、211、双一流、研究型、前列排名、硕博点等强信号,default_undergraduate,0,0,0,0,0,,,,,0,0,0,0,0,0,0,,
10124,10336,NULL,杭州电子科技大学,浙江,杭州市,本科,区域特色研究型,公办,1,头部/强研究型高校,软科排名前100：99,ruanke_top100,0,0,0,0,0,99,102,,212,25,11,0,0,0,0,0,,
11121,13279,NULL,杭州电子科技大学信息工程学院,浙江,杭州市,本科,,民办,3,普通应用/职业供给高校,本科高校，但未命中985、211、双一流、研究型、前列排名、硕博点等强信号,default_undergraduate,0,0,0,0,0,,841,,,0,0,0,0,0,0,0,,
11542,13026,NULL,杭州科技职业技术学院,浙江,杭州市,专科,,公办,3,普通应用/职业供给高校,专科/高职高校，当前库内未命中双高、国家示范/骨干等强信号,default_vocational,0,0,0,0,0,,,,,0,0,0,0,0,0,0,,
12378,12872,NULL,杭州职业技术大学,浙江,杭州市,本科,,公办,3,普通应用/职业供给高校,本科高校，但未命中985、211、双一流、研究型、前列排名、硕博点等强信号,default_undergraduate,0,0,0,0,0,,863,,,0,0,0,0,0,0,0,,
11881,13917,NULL,松原职业技术学院,吉林,松原市,专科,,公办,3,普通应用/职业供给高校,专科/高职高校，当前库内未命中双高、国家示范/骨干等强信号,default_vocational,0,0,0,0,0,,,,,0,0,0,0,0,0,0,,
11837,14717,NULL,林州建筑职业技术学院,河南,安阳市,专科,,民办,3,普通应用/职业供给高校,专科/高职高校，当前库内未命中双高、国家示范/骨干等强信号,default_vocational,0,0,0,0,0,,,,,0,0,0,0,0,0,0,,
10820,10904,NULL,枣庄学院,山东,枣庄市,本科,,公办,2,区域重点/特色优势高校,硕士点/硕士专业学位点：2；院士数：2,master_points;academicians,0,0,0,0,0,432,850,,,2,0,0,0,2,0,0,,
70653,14926,NULL,枣庄应用技术职业学院,山东,枣庄市,专科,,民办,3,普通应用/职业供给高校,专科/高职高校，当前库内未命中双高、国家示范/骨干等强信号,default_vocational,0,0,0,0,0,,,,,0,0,0,0,0,0,0,,
11715,13390,NULL,枣庄科技职业学院,山东,枣庄市,专科,,公办,3,普通应用/职业供给高校,专科/高职高校，当前库内未命中双高、国家示范/骨干等强信号,default_vocational,0,0,0,0,0,,,,,0,0,0,0,0,0,0,,
11782,14196,NULL,枣庄职业学院,山东,枣庄市,专科,,公办,3,普通应用/职业供给高校,专科/高职高校，当前库内未命中双高、国家示范/骨干等强信号,default_vocational,0,0,0,0,0,,,,,0,0,0,0,0,0,0,,
12145,14067,NULL,柳州城市职业学院,广西,柳州市,专科,,公办,3,普通应用/职业供给高校,专科/高职高校，当前库内未命中双高、国家示范/骨干等强信号,default_vocational,0,0,0,0,0,,,,,0,0,0,0,0,0,0,,
11173,13639,NULL,柳州工学院,广西,柳州市,本科,,民办,3,普通应用/职业供给高校,本科高校，但未命中985、211、双一流、研究型、前列排名、硕博点等强信号,default_undergraduate,0,0,0,0,0,,1193,,,0,0,0,0,0,0,0,,
11450,12104,NULL,柳州职业技术大学,广西,柳州市,本科,,公办,3,普通应用/职业供给高校,本科高校，但未命中985、211、双一流、研究型、前列排名、硕博点等强信号,default_undergraduate,0,0,0,0,0,,705,,,0,0,0,0,0,0,0,,
11789,12392,NULL,柳州铁道职业技术学院,广西,柳州市,专科,,公办,3,普通应用/职业供给高校,专科/高职高校，当前库内未命中双高、国家示范/骨干等强信号,default_vocational,0,0,0,0,0,,,,,0,0,0,0,0,0,0,,
70066,10836,NULL,株洲师范高等专科学校,湖南,株洲市,专科,,公办,3,普通应用/职业供给高校,专科/高职高校，当前库内未命中双高、国家示范/骨干等强信号,default_vocational,0,0,0,0,0,,,,,0,0,0,0,0,0,0,,
70626,14903,NULL,株洲科技职业学院,湖南,株洲市,专科,,民办,3,普通应用/职业供给高校,专科/高职高校，当前库内未命中双高、国家示范/骨干等强信号,default_vocational,0,0,0,0,0,,,,,0,0,0,0,0,0,0,,
70387,14822,NULL,桂林信息工程职业学院,广西,桂林市,专科,,民办,3,普通应用/职业供给高校,专科/高职高校，当前库内未命中双高、国家示范/骨干等强信号,default_vocational,0,0,0,0,0,,,,,0,0,0,0,0,0,0,,
11019,13644,NULL,桂林信息科技学院,广西,桂林市,本科,,民办,3,普通应用/职业供给高校,本科高校，但未命中985、211、双一流、研究型、前列排名、硕博点等强信号,default_undergraduate,0,0,0,0,0,,1132,,,0,0,0,0,0,0,0,,
10601,10601,NULL,桂林医科大学,广西,桂林市,本科,,公办,2,区域重点/特色优势高校,软科排名前350：291；库内综合排名前500：304；博士点/博士专业学位点：1；硕士点/硕士专业学位点：13,ruanke_top350;ranking_top500;doctoral_points;master_points,0,0,0,0,0,291,304,,,13,1,0,0,0,0,0,,
11187,13641,NULL,桂林学院,广西,桂林市,本科,,民办,3,普通应用/职业供给高校,本科高校，但未命中985、211、双一流、研究型、前列排名、硕博点等强信号,default_undergraduate,0,0,0,0,0,,1062,,,0,0,0,0,0,0,0,,
12525,13526,NULL,桂林山水职业学院,广西,桂林市,专科,,民办,3,普通应用/职业供给高校,专科/高职高校，当前库内未命中双高、国家示范/骨干等强信号,default_vocational,0,0,0,0,0,,,,,0,0,0,0,0,0,0,,
11623,11671,NULL,桂林师范学院,广西,桂林市,本科,,公办,3,普通应用/职业供给高校,本科高校，但未命中985、211、双一流、研究型、前列排名、硕博点等强信号,default_undergraduate,0,0,0,0,0,,628,,,0,0,0,0,0,0,0,,
10816,11837,NULL,桂林旅游学院,广西,桂林市,本科,,公办,3,普通应用/职业供给高校,本科高校，但未命中985、211、双一流、研究型、前列排名、硕博点等强信号,default_undergraduate,0,0,0,0,0,500,715,,,0,0,0,0,0,0,0,,
10279,10596,NULL,桂林理工大学,广西,桂林市,本科,应用型,公办,2,区域重点/特色优势高校,软科排名前350：258；库内综合排名前500：339；博士点/博士专业学位点：9；硕士点/硕士专业学位点：26,ruanke_top350;ranking_top500;doctoral_points;master_points,0,0,0,0,0,258,339,,259,26,9,0,0,0,0,0,,
12789,10035,NULL,桂林生命与健康职业技术学院,广西,桂林市,专科,,民办,3,普通应用/职业供给高校,专科/高职高校，当前库内未命中双高、国家示范/骨干等强信号,default_vocational,0,0,0,0,0,,,,,0,0,0,0,0,0,0,,
10295,10595,NULL,桂林电子科技大学,广西,桂林市,本科,区域特色研究型,公办,2,区域重点/特色优势高校,办学类型为区域特色研究型；软科排名前350：183；库内综合排名前500：176；博士点/博士专业学位点：8；硕士点/硕士专业学位点：21,school_type_t2;ruanke_top350;ranking_top500;doctoral_points;master_points,0,0,0,0,0,183,176,,223,21,8,0,0,0,0,0,,
10768,11825,NULL,桂林航天工业学院,广西,桂林市,本科,,公办,2,区域重点/特色优势高校,库内综合排名前500：494；硕士点/硕士专业学位点：3,ranking_top500;master_points,0,0,0,0,0,500,494,,,3,0,0,0,0,0,0,,
12423,14273,NULL,桐城师范高等专科学校,安徽,安庆市,专科,,公办,3,普通应用/职业供给高校,专科/高职高校，当前库内未命中双高、国家示范/骨干等强信号,default_vocational,0,0,0,0,0,,,,,0,0,0,0,0,0,0,,
11845,14702,NULL,梅河口康美职业技术学院,吉林,通化市,专科,,民办,3,普通应用/职业供给高校,专科/高职高校，当前库内未命中双高、国家示范/骨干等强信号,default_vocational,0,0,0,0,0,,,,,0,0,0,0,0,0,0,,
11971,14694,NULL,梧州医学高等专科学校,广西,梧州市,专科,,民办,3,普通应用/职业供给高校,专科/高职高校，当前库内未命中双高、国家示范/骨干等强信号,default_vocational,0,0,0,0,0,,,,,0,0,0,0,0,0,0,,
10623,11354,NULL,梧州学院,广西,梧州市,本科,,公办,3,普通应用/职业供给高校,本科高校，但未命中985、211、双一流、研究型、前列排名、硕博点等强信号,default_undergraduate,0,0,0,0,0,500,643,,,0,0,0,0,0,0,0,,
12695,14171,NULL,梧州职业学院,广西,梧州市,专科,,公办,3,普通应用/职业供给高校,专科/高职高校，当前库内未命中双高、国家示范/骨干等强信号,default_vocational,0,0,0,0,0,,,,,0,0,0,0,0,0,0,,
12059,14013,NULL,楚雄医药高等专科学校,云南,楚雄彝族自治州,专科,,公办,3,普通应用/职业供给高校,专科/高职高校，当前库内未命中双高、国家示范/骨干等强信号,default_vocational,0,0,0,0,0,,,,,0,0,0,0,0,0,0,,
10590,11391,NULL,楚雄师范学院,云南,楚雄彝族自治州,本科,,公办,3,普通应用/职业供给高校,本科高校，但未命中985、211、双一流、研究型、前列排名、硕博点等强信号,default_undergraduate,0,0,0,0,0,500,836,,,0,0,0,0,0,0,0,,
10811,11395,NULL,榆林大学,陕西,榆林市,本科,,公办,2,区域重点/特色优势高校,软科排名前350：339；硕士点/硕士专业学位点：15；院士数：3,ruanke_top350;master_points;academicians,0,0,0,0,0,339,727,,,15,0,0,0,3,0,0,,
12055,14318,NULL,榆林职业技术学院,陕西,榆林市,专科,,公办,3,普通应用/职业供给高校,专科/高职高校，当前库内未命中双高、国家示范/骨干等强信号,default_vocational,0,0,0,0,0,,,,,0,0,0,0,0,0,0,,
11970,14737,NULL,榆林能源科技职业学院,陕西,榆林市,专科,,民办,3,普通应用/职业供给高校,专科/高职高校，当前库内未命中双高、国家示范/骨干等强信号,default_vocational,0,0,0,0,0,,,,,0,0,0,0,0,0,0,,
11944,12921,NULL,正德职业技术学院,江苏,南京市,专科,,民办,3,普通应用/职业供给高校,专科/高职高校，当前库内未命中双高、国家示范/骨干等强信号,default_vocational,0,0,0,0,0,,,,,0,0,0,0,0,0,0,,
10736,10397,NULL,武夷学院,福建,南平市,本科,,公办,2,区域重点/特色优势高校,硕士点/硕士专业学位点：3,master_points,0,0,0,0,0,426,746,,,3,0,0,0,0,0,0,,
12720,14116,NULL,武夷山职业学院,福建,南平市,专科,,民办,3,普通应用/职业供给高校,专科/高职高校，当前库内未命中双高、国家示范/骨干等强信号,default_vocational,0,0,0,0,0,,,,,0,0,0,0,0,0,0,,
12177,13518,NULL,武威职业技术大学,甘肃,武威市,本科,,公办,3,普通应用/职业供给高校,本科高校，但未命中985、211、双一流、研究型、前列排名、硕博点等强信号,default_undergraduate,0,0,0,0,0,,1003,,,0,0,0,0,0,0,0,,
11363,13241,NULL,武昌工学院,湖北,武汉市,本科,,民办,2,区域重点/特色优势高校,硕士点/硕士专业学位点：1,master_points,0,0,0,0,0,,1203,,,1,0,0,0,0,0,0,,
11357,12310,NULL,武昌理工学院,湖北,武汉市,本科,,民办,3,普通应用/职业供给高校,本科高校，但未命中985、211、双一流、研究型、前列排名、硕博点等强信号,default_undergraduate,0,0,0,0,0,,1038,,,0,0,0,0,0,0,0,,
12226,12990,NULL,武昌职业学院,湖北,武汉市,专科,,民办,3,普通应用/职业供给高校,专科/高职高校，当前库内未命中双高、国家示范/骨干等强信号,default_vocational,0,0,0,0,0,,,,,0,0,0,0,0,0,0,,
10992,12309,NULL,武昌首义学院,湖北,武汉市,本科,,民办,3,普通应用/职业供给高校,本科高校，但未命中985、211、双一流、研究型、前列排名、硕博点等强信号,default_undergraduate,0,0,0,0,0,,924,,,0,0,0,0,0,0,0,,
11124,11798,NULL,武汉东湖学院,湖北,武汉市,本科,,民办,3,普通应用/职业供给高校,本科高校，但未命中985、211、双一流、研究型、前列排名、硕博点等强信号,default_undergraduate,0,0,0,0,0,,1044,,,0,0,0,0,0,0,0,,
11714,13264,NULL,武汉交通职业学院,湖北,武汉市,专科,,公办,2,区域重点/特色优势高校,职业院校强信号文本：双高,vocational_feature,0,0,0,0,0,,,,,0,0,0,0,0,0,0,,
11323,13686,NULL,武汉传媒学院,湖北,武汉市,本科,,民办,3,普通应用/职业供给高校,本科高校，但未命中985、211、双一流、研究型、前列排名、硕博点等强信号,default_undergraduate,0,0,0,0,0,,1160,,,0,0,0,0,0,0,0,,
10501,10522,NULL,武汉体育学院,湖北,武汉市,本科,区域特色研究型,公办,2,区域重点/特色优势高校,办学类型为区域特色研究型；软科排名前350：281；博士点/博士专业学位点：9；硕士点/硕士专业学位点：13,school_type_t2;ruanke_top350;doctoral_points;master_points,0,0,0,0,0,281,529,,,13,9,0,0,0,0,0,,
11329,13253,NULL,武汉体育学院体育科技学院,湖北,武汉市,本科,,民办,3,普通应用/职业供给高校,本科高校，但未命中985、211、双一流、研究型、前列排名、硕博点等强信号,default_undergraduate,0,0,0,0,0,,1098,,,0,0,0,0,0,0,0,,
12539,12989,NULL,武汉信息传播职业技术学院,湖北,武汉市,专科,,民办,3,普通应用/职业供给高校,专科/高职高校，当前库内未命中双高、国家示范/骨干等强信号,default_vocational,0,0,0,0,0,,,,,0,0,0,0,0,0,0,,
12851,14591,NULL,武汉光谷职业学院,湖北,武汉市,专科,,民办,3,普通应用/职业供给高校,专科/高职高校，当前库内未命中双高、国家示范/骨干等强信号,default_vocational,0,0,0,0,0,,,,,0,0,0,0,0,0,0,,
11088,13666,NULL,武汉华夏理工学院,湖北,武汉市,本科,,民办,3,普通应用/职业供给高校,本科高校，但未命中985、211、双一流、研究型、前列排名、硕博点等强信号,default_undergraduate,0,0,0,0,0,,1146,,,0,0,0,0,0,0,0,,
10876,11654,NULL,武汉商学院,湖北,武汉市,本科,,公办,3,普通应用/职业供给高校,本科高校，但未命中985、211、双一流、研究型、前列排名、硕博点等强信号,default_undergraduate,0,0,0,0,0,462,507,,,0,0,0,0,0,0,0,,
11963,12991,NULL,武汉商贸职业学院,湖北,武汉市,专科,,民办,3,普通应用/职业供给高校,专科/高职高校，当前库内未命中双高、国家示范/骨干等强信号,default_vocational,0,0,0,0,0,,,,,0,0,0,0,0,0,0,,
11163,13235,NULL,武汉城市学院,湖北,武汉市,本科,,民办,3,普通应用/职业供给高校,本科高校，但未命中985、211、双一流、研究型、前列排名、硕博点等强信号,default_undergraduate,0,0,0,0,0,,1189,,,0,0,0,0,0,0,0,,
12097,11796,NULL,武汉城市职业学院,湖北,武汉市,专科,,公办,2,区域重点/特色优势高校,职业院校强信号文本：双高,vocational_feature,0,0,0,0,0,,,,,0,0,0,0,0,0,0,,
11617,12988,NULL,武汉外语外事职业学院,湖北,武汉市,专科,,民办,3,普通应用/职业供给高校,专科/高职高校，当前库内未命中双高、国家示范/骨干等强信号,default_vocational,0,0,0,0,0,,,,,0,0,0,0,0,0,0,,
10017,10486,NULL,武汉大学,湖北,武汉市,本科,研究型,公办,1,头部/强研究型高校,985 高校；双一流高校；办学类型为研究型；软科排名前100：8；库内综合排名前100：17,is985;is_dual_class;school_type_t1;ruanke_top100;ranking_top100,1,1,1,1,0,8,17,9,10,173,191,0,0,34,0,0,,
10721,13634,NULL,武汉学院,湖北,武汉市,本科,,民办,3,普通应用/职业供给高校,本科高校，但未命中985、211、双一流、研究型、前列排名、硕博点等强信号,default_undergraduate,0,0,0,0,0,,1050,,,0,0,0,0,0,0,0,,
11216,13242,NULL,武汉工商学院,湖北,武汉市,本科,,民办,2,区域重点/特色优势高校,院士数：3,academicians,0,0,0,0,0,,1138,,,0,0,0,0,3,0,0,,
10280,10490,NULL,武汉工程大学,湖北,武汉市,本科,应用型,公办,2,区域重点/特色优势高校,软科排名前350：169；库内综合排名前500：222；博士点/博士专业学位点：18；硕士点/硕士专业学位点：88；院士数：1,ruanke_top350;ranking_top500;doctoral_points;master_points;academicians,0,0,0,0,0,169,222,,124,88,18,0,0,1,0,0,,
11356,13239,NULL,武汉工程大学邮电与信息工程学院,湖北,武汉市,本科,,民办,3,普通应用/职业供给高校,本科高校，但未命中985、211、双一流、研究型、前列排名、硕博点等强信号,default_undergraduate,0,0,0,0,0,,1185,,,0,0,0,0,0,0,0,,
11010,13664,NULL,武汉工程科技学院,湖北,武汉市,本科,,民办,3,普通应用/职业供给高校,本科高校，但未命中985、211、双一流、研究型、前列排名、硕博点等强信号,default_undergraduate,0,0,0,0,0,,1274,,,0,0,0,0,0,0,0,,
11746,12738,NULL,武汉工程职业技术学院,湖北,武汉市,专科,,公办,3,普通应用/职业供给高校,专科/高职高校，当前库内未命中双高、国家示范/骨干等强信号,default_vocational,0,0,0,0,0,,,,,0,0,0,0,0,0,0,,
12524,12369,NULL,武汉工贸职业学院,湖北,武汉市,专科,,民办,3,普通应用/职业供给高校,专科/高职高校，当前库内未命中双高、国家示范/骨干等强信号,default_vocational,0,0,0,0,0,,,,,0,0,0,0,0,0,0,,
11303,13237,NULL,武汉文理学院,湖北,武汉市,本科,,民办,3,普通应用/职业供给高校,本科高校，但未命中985、211、双一流、研究型、前列排名、硕博点等强信号,default_undergraduate,0,0,0,0,0,,1105,,,0,0,0,0,0,0,0,,
11247,13188,NULL,武汉晴川学院,湖北,武汉市,本科,,民办,3,普通应用/职业供给高校,本科高校，但未命中985、211、双一流、研究型、前列排名、硕博点等强信号,default_undergraduate,0,0,0,0,0,,1225,,,0,0,0,0,0,0,0,,
11765,13796,NULL,武汉民政职业学院,湖北,武汉市,专科,,公办,3,普通应用/职业供给高校,专科/高职高校，当前库内未命中双高、国家示范/骨干等强信号,default_vocational,0,0,0,0,0,,,,,0,0,0,0,0,0,0,,
12818,14554,NULL,武汉海事职业学院,湖北,武汉市,专科,,公办,3,普通应用/职业供给高校,专科/高职高校，当前库内未命中双高、国家示范/骨干等强信号,default_vocational,0,0,0,0,0,,,,,0,0,0,0,0,0,0,,
10076,10497,NULL,武汉理工大学,湖北,武汉市,本科,特色研究型,公办,1,头部/强研究型高校,双一流高校；软科排名前100：54；库内综合排名前100：58,is_dual_class;ruanke_top100;ranking_top100,0,1,1,0,0,54,58,57,36,59,32,0,0,6,0,0,,
11250,12362,NULL,武汉生物工程学院,湖北,武汉市,本科,,民办,2,区域重点/特色优势高校,硕士点/硕士专业学位点：3,master_points,0,0,0,0,0,,1192,,,3,0,0,0,0,0,0,,
11667,12981,NULL,武汉电力职业技术学院,湖北,武汉市,专科,,公办,3,普通应用/职业供给高校,专科/高职高校，当前库内未命中双高、国家示范/骨干等强信号,default_vocational,0,0,0,0,0,,,,,0,0,0,0,0,0,0,,
10139,10488,NULL,武汉科技大学,湖北,武汉市,本科,区域特色研究型,公办,2,区域重点/特色优势高校,办学类型为区域特色研究型；软科排名前350：123；库内综合排名前500：138；博士点/博士专业学位点：17；硕士点/硕士专业学位点：39；院士数：5,school_type_t2;ruanke_top350;ranking_top500;doctoral_points;master_points;academicians,0,0,0,0,0,123,138,,121,39,17,0,0,5,0,0,,
12336,12987,NULL,武汉科技职业学院,湖北,武汉市,专科,,民办,3,普通应用/职业供给高校,专科/高职高校，当前库内未命中双高、国家示范/骨干等强信号,default_vocational,0,0,0,0,0,,,,,0,0,0,0,0,0,0,,
10385,10495,NULL,武汉纺织大学,湖北,武汉市,本科,应用型,公办,2,区域重点/特色优势高校,软科排名前350：159；库内综合排名前500：273；博士点/博士专业学位点：2；硕士点/硕士专业学位点：20,ruanke_top350;ranking_top500;doctoral_points;master_points,0,0,0,0,0,159,273,,217,20,2,0,0,0,0,0,,
11035,13240,NULL,武汉纺织大学外经贸学院,湖北,武汉市,本科,,民办,3,普通应用/职业供给高校,本科高校，但未命中985、211、双一流、研究型、前列排名、硕博点等强信号,default_undergraduate,0,0,0,0,0,,1225,,,0,0,0,0,0,0,0,,
11451,10834,NULL,武汉职业技术大学,湖北,武汉市,本科,,公办,3,普通应用/职业供给高校,本科高校，但未命中985、211、双一流、研究型、前列排名、硕博点等强信号,default_undergraduate,0,0,0,0,0,,690,,,0,0,0,0,0,0,0,,
12090,12952,NULL,武汉航海职业技术学院,湖北,武汉市,专科,,公办,3,普通应用/职业供给高校,专科/高职高校，当前库内未命中双高、国家示范/骨干等强信号,default_vocational,0,0,0,0,0,,,,,0,0,0,0,0,0,0,,
11725,12052,NULL,武汉船舶职业技术学院,湖北,武汉市,专科,,公办,2,区域重点/特色优势高校,职业院校强信号文本：双高,vocational_feature,0,0,0,0,0,,,,,0,0,0,0,0,0,0,,
12261,12984,NULL,武汉警官职业学院,湖北,武汉市,专科,,公办,3,普通应用/职业供给高校,专科/高职高校，当前库内未命中双高、国家示范/骨干等强信号,default_vocational,0,0,0,0,0,,,,,0,0,0,0,0,0,0,,
11179,14035,NULL,武汉设计工程学院,湖北,武汉市,本科,,民办,3,普通应用/职业供给高校,本科高校，但未命中985、211、双一流、研究型、前列排名、硕博点等强信号,default_undergraduate,0,0,0,0,0,,1266,,,0,0,0,0,0,0,0,,
11512,12978,NULL,武汉软件工程职业学院,湖北,武汉市,专科,,公办,2,区域重点/特色优势高校,职业院校强信号文本：双高,vocational_feature,0,0,0,0,0,,,,,0,0,0,0,0,0,0,,
10357,10496,NULL,武汉轻工大学,湖北,武汉市,本科,应用型,公办,2,区域重点/特色优势高校,软科排名前350：257；库内综合排名前500：339；博士点/博士专业学位点：1；硕士点/硕士专业学位点：31,ruanke_top350;ranking_top500;doctoral_points;master_points,0,0,0,0,0,257,339,,261,31,1,0,0,0,0,0,,
12850,14590,NULL,武汉铁路桥梁职业学院,湖北,武汉市,专科,,公办,3,普通应用/职业供给高校,专科/高职高校，当前库内未命中双高、国家示范/骨干等强信号,default_vocational,0,0,0,0,0,,,,,0,0,0,0,0,0,0,,
12578,12977,NULL,武汉铁路职业技术学院,湖北,武汉市,专科,,公办,2,区域重点/特色优势高校,职业院校强信号文本：双高,vocational_feature,0,0,0,0,0,,,,,0,0,0,0,0,0,0,,
10690,11524,NULL,武汉音乐学院,湖北,武汉市,本科,,公办,2,区域重点/特色优势高校,硕士点/硕士专业学位点：8,master_points,0,0,0,0,0,,,,,8,0,0,0,0,0,0,,
10273,91039,NULL,武警工程大学,陕西,西安市,本科,特色研究型,公办,2,区域重点/特色优势高校,办学类型为特色研究型；博士点/博士专业学位点：2；硕士点/硕士专业学位点：4,school_type_t2;doctoral_points;master_points,0,0,0,0,0,,,,,4,2,0,0,0,0,0,,
10900,10829,NULL,武警海警学院,浙江,宁波市,本科,,公办,3,普通应用/职业供给高校,本科高校，但未命中985、211、双一流、研究型、前列排名、硕博点等强信号,default_undergraduate,0,0,0,0,0,,,,,0,0,0,0,0,0,0,,
10449,,NULL,武警特种警察学院,北京,昌平区,本科,其他,公办,2,区域重点/特色优势高校,硕士点/硕士专业学位点：1,master_points,0,0,0,0,0,,,,,1,0,0,0,0,0,0,,
10929,,NULL,武警警官学院,四川,成都市,本科,,公办,2,区域重点/特色优势高校,硕士点/硕士专业学位点：8,master_points,0,0,0,0,0,,,,,8,0,0,0,0,0,0,,
12808,14499,NULL,毕节医学高等专科学校,贵州,毕节市,专科,,公办,3,普通应用/职业供给高校,专科/高职高校，当前库内未命中双高、国家示范/骨干等强信号,default_vocational,0,0,0,0,0,,,,,0,0,0,0,0,0,0,,
12638,14648,NULL,毕节工业职业技术学院,贵州,毕节市,专科,,公办,3,普通应用/职业供给高校,专科/高职高校，当前库内未命中双高、国家示范/骨干等强信号,default_vocational,0,0,0,0,0,,,,,0,0,0,0,0,0,0,,
12838,14538,NULL,毕节幼儿师范高等专科学校,贵州,毕节市,专科,,公办,3,普通应用/职业供给高校,专科/高职高校，当前库内未命中双高、国家示范/骨干等强信号,default_vocational,0,0,0,0,0,,,,,0,0,0,0,0,0,0,,
12581,14198,NULL,毕节职业技术学院,贵州,毕节市,专科,,公办,3,普通应用/职业供给高校,专科/高职高校，当前库内未命中双高、国家示范/骨干等强信号,default_vocational,0,0,0,0,0,,,,,0,0,0,0,0,0,0,,
12396,12218,NULL,民办万博科技职业学院,安徽,淮南市,专科,,民办,3,普通应用/职业供给高校,专科/高职高校，当前库内未命中双高、国家示范/骨干等强信号,default_vocational,0,0,0,0,0,,,,,0,0,0,0,0,0,0,,
12802,13064,NULL,民办合肥滨湖职业技术学院,安徽,合肥市,专科,,民办,3,普通应用/职业供给高校,专科/高职高校，当前库内未命中双高、国家示范/骨干等强信号,default_vocational,0,0,0,0,0,,,,,0,0,0,0,0,0,0,,
12407,12815,NULL,民办合肥经济技术职业学院,安徽,合肥市,专科,,民办,3,普通应用/职业供给高校,专科/高职高校，当前库内未命中双高、国家示范/骨干等强信号,default_vocational,0,0,0,0,0,,,,,0,0,0,0,0,0,0,,
12613,14058,NULL,民办合肥财经职业学院,安徽,合肥市,专科,,民办,3,普通应用/职业供给高校,专科/高职高校，当前库内未命中双高、国家示范/骨干等强信号,default_vocational,0,0,0,0,0,,,,,0,0,0,0,0,0,0,,
12600,11841,NULL,民办四川天一学院,四川,德阳市,专科,,民办,3,普通应用/职业供给高校,专科/高职高校，当前库内未命中双高、国家示范/骨干等强信号,default_vocational,0,0,0,0,0,,,,,0,0,0,0,0,0,0,,
12691,14165,NULL,民办安徽旅游职业学院,安徽,阜阳市,专科,,民办,3,普通应用/职业供给高校,专科/高职高校，当前库内未命中双高、国家示范/骨干等强信号,default_vocational,0,0,0,0,0,,,,,0,0,0,0,0,0,0,,
11754,14139,NULL,民政职业大学,北京,大兴区,本科,,公办,3,普通应用/职业供给高校,本科高校，但未命中985、211、双一流、研究型、前列排名、硕博点等强信号,default_undergraduate,0,0,0,0,0,,558,,,0,0,0,0,0,0,0,,
12022,13787,NULL,永城职业学院,河南,商丘市,专科,,公办,3,普通应用/职业供给高校,专科/高职高校，当前库内未命中双高、国家示范/骨干等强信号,default_vocational,0,0,0,0,0,,,,,0,0,0,0,0,0,0,,
11839,14690,NULL,永州师范高等专科学校,湖南,永州市,专科,,公办,3,普通应用/职业供给高校,专科/高职高校，当前库内未命中双高、国家示范/骨干等强信号,default_vocational,0,0,0,0,0,,,,,0,0,0,0,0,0,0,,
11807,12301,NULL,永州职业技术学院,湖南,永州市,专科,,公办,3,普通应用/职业供给高校,专科/高职高校，当前库内未命中双高、国家示范/骨干等强信号,default_vocational,0,0,0,0,0,,,,,0,0,0,0,1,0,0,,
11880,13949,NULL,汉中职业技术学院,陕西,汉中市,专科,,公办,3,普通应用/职业供给高校,专科/高职高校，当前库内未命中双高、国家示范/骨干等强信号,default_vocational,0,0,0,0,0,,,,,0,0,0,0,0,0,0,,
11299,11800,NULL,汉口学院,湖北,武汉市,本科,,民办,2,区域重点/特色优势高校,院士数：1,academicians,0,0,0,0,0,,1144,,,0,0,0,0,1,0,0,,
10905,10518,NULL,汉江师范学院,湖北,十堰市,本科,,公办,3,普通应用/职业供给高校,本科高校，但未命中985、211、双一流、研究型、前列排名、硕博点等强信号,default_undergraduate,0,0,0,0,0,500,753,,,0,0,0,0,0,0,0,,
10229,10560,NULL,汕头大学,广东,汕头市,本科,区域研究型,公办,2,区域重点/特色优势高校,办学类型为区域研究型；软科排名前350：173；库内综合排名前500：195；博士点/博士专业学位点：63；硕士点/硕士专业学位点：52,school_type_t2;ruanke_top350;ranking_top500;doctoral_points;master_points,0,0,0,0,0,173,195,,166,52,63,0,0,0,0,0,,
11876,12954,NULL,汕头职业技术学院,广东,汕头市,专科,,公办,3,普通应用/职业供给高校,专科/高职高校，当前库内未命中双高、国家示范/骨干等强信号,default_vocational,0,0,0,0,0,,,,,0,0,0,0,0,0,0,,
12404,12765,NULL,汕尾职业技术学院,广东,汕尾市,专科,,公办,3,普通应用/职业供给高校,专科/高职高校，当前库内未命中双高、国家示范/骨干等强信号,default_vocational,0,0,0,0,0,,,,,0,0,0,0,0,0,0,,
11858,14716,NULL,汝州职业技术学院,河南,平顶山市,专科,,公办,3,普通应用/职业供给高校,专科/高职高校，当前库内未命中双高、国家示范/骨干等强信号,default_vocational,0,0,0,0,0,,,,,0,0,0,0,0,0,0,,
10110,10295,NULL,江南大学,江苏,无锡市,本科,特色研究型,公办,1,头部/强研究型高校,双一流高校；软科排名前100：52；库内综合排名前100：67,is_dual_class;ruanke_top100;ranking_top100,0,1,1,0,0,52,67,53,53,64,23,0,0,4,0,0,,
12719,13017,NULL,江南影视艺术职业学院,江苏,无锡市,专科,,民办,3,普通应用/职业供给高校,专科/高职高校，当前库内未命中双高、国家示范/骨干等强信号,default_vocational,0,0,0,0,0,,,,,0,0,0,0,0,0,0,,
10493,11072,NULL,江汉大学,湖北,武汉市,本科,应用型,公办,2,区域重点/特色优势高校,软科排名前350：265；库内综合排名前500：252；博士点/博士专业学位点：1；硕士点/硕士专业学位点：13；院士数：1,ruanke_top350;ranking_top500;doctoral_points;master_points;academicians,0,0,0,0,0,265,252,,354,13,1,0,0,1,0,0,,
12151,13793,NULL,江汉艺术职业学院,湖北,潜江市,专科,,公办,3,普通应用/职业供给高校,专科/高职高校，当前库内未命中双高、国家示范/骨干等强信号,default_vocational,0,0,0,0,0,,,,,0,0,0,0,0,0,0,,
12171,13113,NULL,江海职业技术学院,江苏,扬州市,专科,,民办,3,普通应用/职业供给高校,专科/高职高校，当前库内未命中双高、国家示范/骨干等强信号,default_vocational,0,0,0,0,0,,,,,0,0,0,0,0,0,0,,
12224,13108,NULL,江苏信息职业技术学院,江苏,无锡市,专科,,公办,2,区域重点/特色优势高校,职业院校强信号文本：双高,vocational_feature,0,0,0,0,0,,,,,0,0,0,0,0,0,0,,
11463,13103,NULL,江苏农林职业技术学院,江苏,镇江市,专科,,公办,2,区域重点/特色优势高校,职业院校强信号文本：双高,vocational_feature,0,0,0,0,0,,,,,0,0,0,0,0,0,0,,
12194,12806,NULL,江苏农牧科技职业学院,江苏,泰州市,专科,,公办,2,区域重点/特色优势高校,职业院校强信号文本：双高,vocational_feature,0,0,0,0,0,,,,,0,0,0,0,0,0,0,,
11576,12682,NULL,江苏医药职业学院,江苏,盐城市,专科,,公办,3,普通应用/职业供给高校,专科/高职高校，当前库内未命中双高、国家示范/骨干等强信号,default_vocational,0,0,0,0,0,,,,,0,0,0,0,0,0,0,,
11950,14255,NULL,江苏卫生健康职业学院,江苏,南京市,专科,,公办,3,普通应用/职业供给高校,专科/高职高校，当前库内未命中双高、国家示范/骨干等强信号,default_vocational,0,0,0,0,0,,,,,0,0,0,0,0,0,0,,
70564,14841,NULL,江苏司法警官职业学院,江苏,南京市,专科,,公办,3,普通应用/职业供给高校,专科/高职高校，当前库内未命中双高、国家示范/骨干等强信号,default_vocational,0,0,0,0,0,,,,,0,0,0,0,0,0,0,,
12770,14475,NULL,江苏商贸职业学院,江苏,南通市,专科,,公办,3,普通应用/职业供给高校,专科/高职高校，当前库内未命中双高、国家示范/骨干等强信号,default_vocational,0,0,0,0,0,,,,,0,0,0,0,0,0,0,,
12822,14543,NULL,江苏城乡建设职业学院,江苏,常州市,专科,,公办,3,普通应用/职业供给高校,专科/高职高校，当前库内未命中双高、国家示范/骨干等强信号,default_vocational,0,0,0,0,0,,,,,0,0,0,0,0,0,0,,
11455,14000,NULL,江苏城市职业学院,江苏,南京市,专科,,公办,3,普通应用/职业供给高校,专科/高职高校，当前库内未命中双高、国家示范/骨干等强信号,default_vocational,0,0,0,0,0,,,,,0,0,0,0,0,0,0,,
10122,10299,NULL,江苏大学,江苏,镇江市,本科,区域研究型,公办,1,头部/强研究型高校,软科排名前100：81,ruanke_top100,0,0,0,0,0,81,156,,38,74,31,0,0,1,0,0,,
10948,13986,NULL,江苏大学京江学院,江苏,镇江市,本科,,民办,3,普通应用/职业供给高校,本科高校，但未命中985、211、双一流、研究型、前列排名、硕博点等强信号,default_undergraduate,0,0,0,0,0,,1072,,,0,0,0,0,0,0,0,,
12857,14589,NULL,江苏安全技术职业学院,江苏,徐州市,专科,,公办,3,普通应用/职业供给高校,专科/高职高校，当前库内未命中双高、国家示范/骨干等强信号,default_vocational,0,0,0,0,0,,,,,0,0,0,0,0,0,0,,
11728,10958,NULL,江苏工程职业技术学院,江苏,南通市,专科,,公办,3,普通应用/职业供给高校,专科/高职高校，当前库内未命中双高、国家示范/骨干等强信号,default_vocational,0,0,0,0,0,,,,,0,0,0,0,0,0,0,,
10255,10320,NULL,江苏师范大学,江苏,徐州市,本科,区域特色研究型,公办,2,区域重点/特色优势高校,办学类型为区域特色研究型；软科排名前350：172；库内综合排名前500：237；博士点/博士专业学位点：14；硕士点/硕士专业学位点：81,school_type_t2;ruanke_top350;ranking_top500;doctoral_points;master_points,0,0,0,0,0,172,237,,168,81,14,0,0,0,0,0,,
11358,13988,NULL,江苏师范大学科文学院,江苏,徐州市,本科,,民办,3,普通应用/职业供给高校,本科高校，但未命中985、211、双一流、研究型、前列排名、硕博点等强信号,default_undergraduate,0,0,0,0,0,,1090,,,0,0,0,0,0,0,0,,
11466,10849,NULL,江苏建筑职业技术大学,江苏,徐州市,本科,,公办,3,普通应用/职业供给高校,本科高校，但未命中985、211、双一流、研究型、前列排名、硕博点等强信号,default_undergraduate,0,0,0,0,0,,,,,0,0,0,0,0,0,0,,
12832,14541,NULL,江苏护理职业学院,江苏,淮安市,专科,,公办,3,普通应用/职业供给高校,专科/高职高校，当前库内未命中双高、国家示范/骨干等强信号,default_vocational,0,0,0,0,0,,,,,0,0,0,0,0,0,0,,
11400,14604,NULL,江苏旅游职业学院,江苏,扬州市,专科,,公办,3,普通应用/职业供给高校,专科/高职高校，当前库内未命中双高、国家示范/骨干等强信号,default_vocational,0,0,0,0,0,,,,,0,0,0,0,0,0,0,,
12124,12679,NULL,江苏海事职业技术学院,江苏,南京市,专科,,公办,2,区域重点/特色优势高校,职业院校强信号文本：双高,vocational_feature,0,0,0,0,0,,,,,0,0,0,0,0,0,0,,
10572,11641,NULL,江苏海洋大学,江苏,连云港市,本科,,公办,2,区域重点/特色优势高校,软科排名前350：325；硕士点/硕士专业学位点：30,ruanke_top350;master_points,0,0,0,0,0,325,597,,306,30,0,0,0,0,0,0,,
10648,11463,NULL,江苏理工学院,江苏,常州市,本科,,公办,2,区域重点/特色优势高校,软科排名前350：347；硕士点/硕士专业学位点：14,ruanke_top350;master_points,0,0,0,0,0,347,538,,367,14,0,0,0,0,0,0,,
11587,12805,NULL,江苏电子信息职业学院,江苏,淮安市,专科,,公办,3,普通应用/职业供给高校,专科/高职高校，当前库内未命中双高、国家示范/骨干等强信号,default_vocational,0,0,0,0,0,,,,,0,0,0,0,0,0,0,,
10409,10289,NULL,江苏科技大学,江苏,镇江市,本科,应用型,公办,2,区域重点/特色优势高校,软科排名前350：141；库内综合排名前500：229；博士点/博士专业学位点：7；硕士点/硕士专业学位点：37,ruanke_top350;ranking_top500;doctoral_points;master_points,0,0,0,0,0,141,229,,124,37,7,0,0,0,0,0,,
10995,13991,NULL,江苏科技大学苏州理工学院,江苏,苏州市,本科,,民办,3,普通应用/职业供给高校,本科高校，但未命中985、211、双一流、研究型、前列排名、硕博点等强信号,default_undergraduate,0,0,0,0,0,,1025,,,0,0,0,0,0,0,0,,
10815,14436,NULL,江苏第二师范学院,江苏,南京市,本科,,公办,3,普通应用/职业供给高校,本科高校，但未命中985、211、双一流、研究型、前列排名、硕博点等强信号,default_undergraduate,0,0,0,0,0,414,508,,,0,0,0,0,0,0,0,,
11545,12047,NULL,江苏经贸职业技术学院,江苏,南京市,专科,,公办,2,区域重点/特色优势高校,职业院校强信号文本：双高,vocational_feature,0,0,0,0,0,,,,,0,0,0,0,0,0,0,,
11418,12678,NULL,江苏联合职业技术学院,江苏,南京市,专科,,公办,3,普通应用/职业供给高校,专科/高职高校，当前库内未命中双高、国家示范/骨干等强信号,default_vocational,0,0,0,0,0,,,,,0,0,0,0,0,0,0,,
12849,14568,NULL,江苏航空职业技术学院,江苏,镇江市,专科,,公办,3,普通应用/职业供给高校,专科/高职高校，当前库内未命中双高、国家示范/骨干等强信号,default_vocational,0,0,0,0,0,,,,,0,0,0,0,0,0,0,,
12147,12703,NULL,江苏航运职业技术学院,江苏,南通市,专科,,公办,2,区域重点/特色优势高校,职业院校强信号文本：双高,vocational_feature,0,0,0,0,0,,,,,0,0,0,0,0,0,0,,
10576,10329,NULL,江苏警官学院,江苏,南京市,本科,,公办,2,区域重点/特色优势高校,软科排名前350：279；库内综合排名前500：255；硕士点/硕士专业学位点：3；院士数：1,ruanke_top350;ranking_top500;master_points;academicians,0,0,0,0,0,279,255,,,3,0,0,0,1,0,0,,
12831,14542,NULL,江苏财会职业学院,江苏,连云港市,专科,,公办,3,普通应用/职业供给高校,专科/高职高校，当前库内未命中双高、国家示范/骨干等强信号,default_vocational,0,0,0,0,0,,,,,0,0,0,0,0,0,0,,
11697,13753,NULL,江苏财经职业技术学院,江苏,淮安市,专科,,公办,3,普通应用/职业供给高校,专科/高职高校，当前库内未命中双高、国家示范/骨干等强信号,default_vocational,0,0,0,0,0,,,,,0,0,0,0,0,0,0,,
11712,13104,NULL,江苏食品药品职业技术学院,江苏,淮安市,专科,,公办,2,区域重点/特色优势高校,职业院校强信号文本：双高,vocational_feature,0,0,0,0,0,,,,,0,0,0,0,0,0,0,,
10367,10412,NULL,江西中医药大学,江西,南昌市,本科,区域特色研究型,公办,2,区域重点/特色优势高校,办学类型为区域特色研究型；软科排名前350：198；库内综合排名前500：452；博士点/博士专业学位点：13；硕士点/硕士专业学位点：33；院士数：1,school_type_t2;ruanke_top350;ranking_top500;doctoral_points;master_points;academicians,0,0,0,0,0,198,452,,368,33,13,0,0,1,0,0,,
11749,12940,NULL,江西交通职业技术学院,江西,南昌市,专科,,公办,3,普通应用/职业供给高校,专科/高职高校，当前库内未命中双高、国家示范/骨干等强信号,default_vocational,0,0,0,0,0,,,,,0,0,0,0,0,0,0,,
12564,14250,NULL,江西传媒职业学院,江西,南昌市,专科,,公办,3,普通应用/职业供给高校,专科/高职高校，当前库内未命中双高、国家示范/骨干等强信号,default_vocational,0,0,0,0,0,,,,,0,0,0,0,0,0,0,,
12403,12939,NULL,江西信息应用职业技术学院,江西,南昌市,专科,,公办,3,普通应用/职业供给高校,专科/高职高校，当前库内未命中双高、国家示范/骨干等强信号,default_vocational,0,0,0,0,0,,,,,0,0,0,0,0,0,0,,
10303,10410,NULL,江西农业大学,江西,南昌市,本科,区域特色研究型,公办,2,区域重点/特色优势高校,办学类型为区域特色研究型；软科排名前350：207；库内综合排名前500：401；博士点/博士专业学位点：24；硕士点/硕士专业学位点：57；院士数：4,school_type_t2;ruanke_top350;ranking_top500;doctoral_points;master_points;academicians,0,0,0,0,0,207,401,,231,57,24,0,0,4,0,0,,
11084,13436,NULL,江西农业大学南昌商学院,江西,九江市,本科,,民办,3,普通应用/职业供给高校,本科高校，但未命中985、211、双一流、研究型、前列排名、硕博点等强信号,default_undergraduate,0,0,0,0,0,,1041,,,0,0,0,0,0,0,0,,
12175,13872,NULL,江西农业工程职业学院,江西,宜春市,专科,,公办,3,普通应用/职业供给高校,专科/高职高校，当前库内未命中双高、国家示范/骨干等强信号,default_vocational,0,0,0,0,0,,,,,0,0,0,0,0,0,0,,
12023,14241,NULL,江西冶金职业技术学院,江西,新余市,专科,,公办,3,普通应用/职业供给高校,专科/高职高校，当前库内未命中双高、国家示范/骨干等强信号,default_vocational,0,0,0,0,0,,,,,0,0,0,0,0,0,0,,
12105,13867,NULL,江西制造职业技术学院,江西,南昌市,专科,,公办,3,普通应用/职业供给高校,专科/高职高校，当前库内未命中双高、国家示范/骨干等强信号,default_vocational,0,0,0,0,0,,,,,0,0,0,0,0,0,0,,
12270,10888,NULL,江西医学高等专科学校,江西,上饶市,专科,,公办,3,普通应用/职业供给高校,专科/高职高校，当前库内未命中双高、国家示范/骨干等强信号,default_vocational,0,0,0,0,0,,,,,0,0,0,0,0,0,0,,
12153,13965,NULL,江西卫生职业学院,江西,南昌市,专科,,公办,3,普通应用/职业供给高校,专科/高职高校，当前库内未命中双高、国家示范/骨干等强信号,default_vocational,0,0,0,0,0,,,,,0,0,0,0,0,0,0,,
11904,12929,NULL,江西司法警官职业学院,江西,南昌市,专科,,公办,3,普通应用/职业供给高校,专科/高职高校，当前库内未命中双高、国家示范/骨干等强信号,default_vocational,0,0,0,0,0,,,,,0,0,0,0,0,0,0,,
11698,13422,NULL,江西外语外贸职业学院,江西,南昌市,专科,,公办,2,区域重点/特色优势高校,职业院校强信号文本：双高,vocational_feature,0,0,0,0,0,,,,,0,0,0,0,0,0,0,,
12791,14657,NULL,江西婺源茶业职业学院,江西,上饶市,专科,,公办,3,普通应用/职业供给高校,专科/高职高校，当前库内未命中双高、国家示范/骨干等强信号,default_vocational,0,0,0,0,0,,,,,0,0,0,0,0,0,0,,
12038,12944,NULL,江西工业工程职业技术学院,江西,萍乡市,专科,,公办,3,普通应用/职业供给高校,专科/高职高校，当前库内未命中双高、国家示范/骨干等强信号,default_vocational,0,0,0,0,0,,,,,0,0,0,0,0,0,0,,
11726,10839,NULL,江西工业职业技术学院,江西,南昌市,专科,,公办,3,普通应用/职业供给高校,专科/高职高校，当前库内未命中双高、国家示范/骨干等强信号,default_vocational,0,0,0,0,0,,,,,0,0,0,0,0,0,0,,
11852,13423,NULL,江西工业贸易职业技术学院,江西,南昌市,专科,,公办,2,区域重点/特色优势高校,职业院校强信号文本：双高,vocational_feature,0,0,0,0,0,,,,,0,0,0,0,0,0,0,,
12134,14321,NULL,江西工商职业技术学院,江西,南昌市,专科,,民办,3,普通应用/职业供给高校,专科/高职高校，当前库内未命中双高、国家示范/骨干等强信号,default_vocational,0,0,0,0,0,,,,,0,0,0,0,0,0,0,,
11286,12766,NULL,江西工程学院,江西,新余市,本科,,民办,3,普通应用/职业供给高校,本科高校，但未命中985、211、双一流、研究型、前列排名、硕博点等强信号,default_undergraduate,0,0,0,0,0,,1103,,,0,0,0,0,0,0,0,,
11894,13868,NULL,江西工程职业学院,江西,南昌市,专科,,公办,3,普通应用/职业供给高校,专科/高职高校，当前库内未命中双高、国家示范/骨干等强信号,default_vocational,0,0,0,0,0,,,,,0,0,0,0,0,0,0,,
10154,10414,NULL,江西师范大学,江西,南昌市,本科,区域特色研究型,公办,2,区域重点/特色优势高校,办学类型为区域特色研究型；软科排名前350：126；库内综合排名前500：233；博士点/博士专业学位点：15；硕士点/硕士专业学位点：34,school_type_t2;ruanke_top350;ranking_top500;doctoral_points;master_points,0,0,0,0,0,126,233,,202,34,15,0,0,0,0,0,,
11073,13438,NULL,江西师范大学科学技术学院,江西,九江市,本科,,民办,2,区域重点/特色优势高校,硕士点/硕士专业学位点：5；院士数：1,master_points;academicians,0,0,0,0,0,,1029,,,5,0,0,0,1,0,0,,
12811,14537,NULL,江西师范高等专科学校,江西,鹰潭市,专科,,公办,3,普通应用/职业供给高校,专科/高职高校，当前库内未命中双高、国家示范/骨干等强信号,default_vocational,0,0,0,0,0,,,,,0,0,0,0,0,0,0,,
12310,13425,NULL,江西应用工程职业学院,江西,萍乡市,专科,,公办,3,普通应用/职业供给高校,专科/高职高校，当前库内未命中双高、国家示范/骨干等强信号,default_vocational,0,0,0,0,0,,,,,0,0,0,0,0,0,0,,
11937,12942,NULL,江西应用技术职业学院,江西,赣州市,专科,,公办,2,区域重点/特色优势高校,职业院校强信号文本：双高,vocational_feature,0,0,0,0,0,,,,,0,0,0,0,0,0,0,,
11228,12938,NULL,江西应用科技学院,江西,南昌市,本科,,民办,3,普通应用/职业供给高校,本科高校，但未命中985、211、双一流、研究型、前列排名、硕博点等强信号,default_undergraduate,0,0,0,0,0,,1251,,,0,0,0,0,0,0,0,,
11901,13427,NULL,江西建设职业技术学院,江西,南昌市,专科,,公办,3,普通应用/职业供给高校,专科/高职高校，当前库内未命中双高、国家示范/骨干等强信号,default_vocational,0,0,0,0,0,,,,,0,0,0,0,0,0,0,,
11055,8509,NULL,江西开放大学人民武装学院,江西,南昌市,本科,,公办,3,普通应用/职业供给高校,本科高校，但未命中985、211、双一流、研究型、前列排名、硕博点等强信号,default_undergraduate,0,0,0,0,0,,,,,0,0,0,0,0,0,0,,
12366,14166,NULL,江西新能源科技职业学院,江西,新余市,专科,,民办,3,普通应用/职业供给高校,专科/高职高校，当前库内未命中双高、国家示范/骨干等强信号,default_vocational,0,0,0,0,0,,,,,0,0,0,0,0,0,0,,
11600,12932,NULL,江西旅游商贸职业学院,江西,南昌市,专科,,公办,3,普通应用/职业供给高校,专科/高职高校，当前库内未命中双高、国家示范/骨干等强信号,default_vocational,0,0,0,0,0,,,,,0,0,0,0,0,0,0,,
11293,13418,NULL,江西服装学院,江西,南昌市,本科,,民办,3,普通应用/职业供给高校,本科高校，但未命中985、211、双一流、研究型、前列排名、硕博点等强信号,default_undergraduate,0,0,0,0,0,,1267,,,0,0,0,0,0,0,0,,
11569,12976,NULL,江西机电职业技术学院,江西,南昌市,专科,,公办,3,普通应用/职业供给高校,专科/高职高校，当前库内未命中双高、国家示范/骨干等强信号,default_vocational,0,0,0,0,0,,,,,0,0,0,0,0,0,0,,
12308,14167,NULL,江西枫林涉外经贸职业学院,江西,九江市,专科,,民办,3,普通应用/职业供给高校,专科/高职高校，当前库内未命中双高、国家示范/骨干等强信号,default_vocational,0,0,0,0,0,,,,,0,0,0,0,0,0,0,,
70587,14837,NULL,江西樟树中医药职业学院,江西,宜春市,专科,,民办,3,普通应用/职业供给高校,专科/高职高校，当前库内未命中双高、国家示范/骨干等强信号,default_vocational,0,0,0,0,0,,,,,0,0,0,0,0,0,0,,
10527,11319,NULL,江西水利电力大学,江西,南昌市,本科,,公办,2,区域重点/特色优势高校,软科排名前350：348；库内综合排名前500：382；硕士点/硕士专业学位点：17；院士数：1,ruanke_top350;ranking_top500;master_points;academicians,0,0,0,0,0,348,382,,297,17,0,0,0,1,0,0,,
11776,14476,NULL,江西水利职业学院,江西,南昌市,专科,,公办,3,普通应用/职业供给高校,专科/高职高校，当前库内未命中双高、国家示范/骨干等强信号,default_vocational,0,0,0,0,0,,,,,0,0,0,0,0,0,0,,
12437,14168,NULL,江西泰豪动漫职业学院,江西,南昌市,专科,,民办,3,普通应用/职业供给高校,专科/高职高校，当前库内未命中双高、国家示范/骨干等强信号,default_vocational,0,0,0,0,0,,,,,0,0,0,0,0,0,0,,
12599,14505,NULL,江西洪州职业学院,江西,宜春市,专科,,民办,3,普通应用/职业供给高校,专科/高职高校，当前库内未命中双高、国家示范/骨干等强信号,default_vocational,0,0,0,0,0,,,,,0,0,0,0,0,0,0,,
11931,12934,NULL,江西环境工程职业学院,江西,赣州市,专科,,公办,2,区域重点/特色优势高校,职业院校强信号文本：双高,vocational_feature,0,0,0,0,0,,,,,0,0,0,0,0,0,0,,
11573,12943,NULL,江西现代职业技术学院,江西,南昌市,专科,,公办,2,区域重点/特色优势高校,职业院校强信号文本：双高,vocational_feature,0,0,0,0,0,,,,,0,0,0,0,0,0,0,,
10253,10407,NULL,江西理工大学,江西,赣州市,本科,区域特色研究型,公办,2,区域重点/特色优势高校,办学类型为区域特色研究型；软科排名前350：202；库内综合排名前500：306；博士点/博士专业学位点：3；硕士点/硕士专业学位点：46；院士数：1,school_type_t2;ruanke_top350;ranking_top500;doctoral_points;master_points;academicians,0,0,0,0,0,202,306,,170,46,3,0,0,1,0,0,,
11900,13426,NULL,江西生物科技职业学院,江西,南昌市,专科,,公办,3,普通应用/职业供给高校,专科/高职高校，当前库内未命中双高、国家示范/骨干等强信号,default_vocational,0,0,0,0,0,,,,,0,0,0,0,0,0,0,,
11423,12933,NULL,江西电力职业技术学院,江西,南昌市,专科,,公办,3,普通应用/职业供给高校,专科/高职高校，当前库内未命中双高、国家示范/骨干等强信号,default_vocational,0,0,0,0,0,,,,,0,0,0,0,0,0,0,,
70631,14906,NULL,江西电子信息职业技术学院,江西,南昌市,专科,,公办,3,普通应用/职业供给高校,专科/高职高校，当前库内未命中双高、国家示范/骨干等强信号,default_vocational,0,0,0,0,0,,,,,0,0,0,0,0,0,0,,
11118,10846,NULL,江西科技学院,江西,南昌市,本科,,民办,3,普通应用/职业供给高校,本科高校，但未命中985、211、双一流、研究型、前列排名、硕博点等强信号,default_undergraduate,0,0,0,0,0,,1245,,,0,0,0,0,0,0,0,,
10520,11318,NULL,江西科技师范大学,江西,南昌市,本科,,公办,2,区域重点/特色优势高校,软科排名前350：324；库内综合排名前500：495；硕士点/硕士专业学位点：35；院士数：1,ruanke_top350;ranking_top500;master_points;academicians,0,0,0,0,0,324,495,,420,35,0,0,0,1,0,0,,
11489,13419,NULL,江西科技职业学院,江西,南昌市,专科,,民办,3,普通应用/职业供给高校,专科/高职高校，当前库内未命中双高、国家示范/骨干等强信号,default_vocational,0,0,0,0,0,,,,,0,0,0,0,0,0,0,,
12766,14249,NULL,江西管理职业学院,江西,南昌市,专科,,公办,3,普通应用/职业供给高校,专科/高职高校，当前库内未命中双高、国家示范/骨干等强信号,default_vocational,0,0,0,0,0,,,,,0,0,0,0,0,0,0,,
11478,11785,NULL,江西职业技术大学,江西,九江市,本科,,公办,3,普通应用/职业供给高校,本科高校，但未命中985、211、双一流、研究型、前列排名、硕博点等强信号,default_undergraduate,0,0,0,0,0,,817,,,0,0,0,0,0,0,0,,
12216,13871,NULL,江西航空职业技术学院,江西,南昌市,专科,,民办,3,普通应用/职业供给高校,专科/高职高校，当前库内未命中双高、国家示范/骨干等强信号,default_vocational,0,0,0,0,0,,,,,0,0,0,0,0,0,0,,
12237,12936,NULL,江西艺术职业学院,江西,南昌市,专科,,公办,3,普通应用/职业供给高校,专科/高职高校，当前库内未命中双高、国家示范/骨干等强信号,default_vocational,0,0,0,0,0,,,,,0,0,0,0,0,0,0,,
10751,11504,NULL,江西警察学院,江西,南昌市,本科,,公办,2,区域重点/特色优势高校,库内综合排名前500：487,ranking_top500,0,0,0,0,0,483,487,,,0,0,0,0,0,0,0,,
10162,10421,NULL,江西财经大学,江西,南昌市,本科,区域特色研究型,公办,2,区域重点/特色优势高校,办学类型为区域特色研究型；软科排名前350：101；库内综合排名前500：146；博士点/博士专业学位点：31；硕士点/硕士专业学位点：32；院士数：3,school_type_t2;ruanke_top350;ranking_top500;doctoral_points;master_points;academicians,0,0,0,1,0,101,146,,241,32,31,0,0,3,0,0,,
11008,13441,NULL,江西财经大学现代经济管理学院,江西,九江市,本科,,民办,3,普通应用/职业供给高校,本科高校，但未命中985、211、双一流、研究型、前列排名、硕博点等强信号,default_undergraduate,0,0,0,0,0,,956,,,0,0,0,0,0,0,0,,
11585,12941,NULL,江西财经职业学院,江西,九江市,专科,,公办,3,普通应用/职业供给高校,专科/高职高校，当前库内未命中双高、国家示范/骨干等强信号,default_vocational,0,0,0,0,0,,,,,0,0,0,0,0,0,0,,
11198,13776,NULL,江西软件职业技术大学,江西,南昌市,本科,,民办,2,区域重点/特色优势高校,院士数：3,academicians,0,0,0,0,0,,1288,,,0,0,0,0,3,0,0,,
12062,12930,NULL,江西陶瓷工艺美术职业技术学院,江西,景德镇,专科,,公办,3,普通应用/职业供给高校,专科/高职高校，当前库内未命中双高、国家示范/骨干等强信号,default_vocational,0,0,0,0,0,,,,,0,0,0,0,0,0,0,,
12724,13869,NULL,江西青年职业学院,江西,南昌市,专科,,公办,3,普通应用/职业供给高校,专科/高职高校，当前库内未命中双高、国家示范/骨干等强信号,default_vocational,0,0,0,0,0,,,,,0,0,0,0,0,0,0,,
12004,14839,NULL,江西飞行学院,江西,南昌市,本科,,公办,3,普通应用/职业供给高校,本科高校，但未命中985、211、双一流、研究型、前列排名、硕博点等强信号,default_undergraduate,0,0,0,0,0,,700,,,0,0,0,0,0,0,0,,
11753,13711,NULL,江门职业技术学院,广东,江门市,专科,,公办,3,普通应用/职业供给高校,专科/高职高校，当前库内未命中双高、国家示范/骨干等强信号,default_vocational,0,0,0,0,0,,,,,0,0,0,0,0,0,0,,
12687,14644,NULL,江阳城建职业学院,四川,泸州市,专科,,民办,3,普通应用/职业供给高校,专科/高职高校，当前库内未命中双高、国家示范/骨干等强信号,default_vocational,0,0,0,0,0,,,,,0,0,0,0,0,0,0,,
11798,13137,NULL,江阴职业技术学院,江苏,无锡市,专科,,公办,3,普通应用/职业供给高校,专科/高职高校，当前库内未命中双高、国家示范/骨干等强信号,default_vocational,0,0,0,0,0,,,,,0,0,0,0,0,0,0,,
10836,11306,NULL,池州学院,安徽,池州市,本科,,公办,3,普通应用/职业供给高校,本科高校，但未命中985、211、双一流、研究型、前列排名、硕博点等强信号,default_undergraduate,0,0,0,0,0,500,875,,,0,0,0,0,0,0,0,,
12313,13060,NULL,池州职业技术学院,安徽,池州市,专科,,公办,3,普通应用/职业供给高校,专科/高职高校，当前库内未命中双高、国家示范/骨干等强信号,default_vocational,0,0,0,0,0,,,,,0,0,0,0,1,0,0,,
10472,10176,NULL,沈阳体育学院,辽宁,沈阳市,本科,区域特色研究型,公办,2,区域重点/特色优势高校,办学类型为区域特色研究型；软科排名前350：302；博士点/博士专业学位点：4；硕士点/硕士专业学位点：7,school_type_t2;ruanke_top350;doctoral_points;master_points,0,0,0,0,0,302,624,,,7,4,0,0,0,0,0,,
10235,10157,NULL,沈阳农业大学,辽宁,沈阳市,本科,区域特色研究型,公办,2,区域重点/特色优势高校,办学类型为区域特色研究型；软科排名前350：153；库内综合排名前500：427；博士点/博士专业学位点：70；硕士点/硕士专业学位点：93；院士数：2,school_type_t2;ruanke_top350;ranking_top500;doctoral_points;master_points;academicians,0,0,0,0,0,153,427,,235,93,70,0,0,2,0,0,,
10384,10149,NULL,沈阳化工大学,辽宁,沈阳市,本科,应用型,公办,2,区域重点/特色优势高校,软科排名前350：244；库内综合排名前500：397；博士点/博士专业学位点：1；硕士点/硕士专业学位点：25,ruanke_top350;ranking_top500;doctoral_points;master_points,0,0,0,0,0,244,397,,370,25,1,0,0,0,0,0,,
12589,14385,NULL,沈阳北软信息职业技术学院,辽宁,沈阳市,专科,,民办,3,普通应用/职业供给高校,专科/高职高校，当前库内未命中双高、国家示范/骨干等强信号,default_vocational,0,0,0,0,0,,,,,0,0,0,0,0,0,0,,
10625,10164,NULL,沈阳医学院,辽宁,沈阳市,本科,,公办,2,区域重点/特色优势高校,软科排名前350：283；库内综合排名前500：383；硕士点/硕士专业学位点：9,ruanke_top350;ranking_top500;master_points,0,0,0,0,0,283,383,,,9,0,0,0,0,0,0,,
11134,13220,NULL,沈阳城市学院,辽宁,沈阳市,本科,,民办,3,普通应用/职业供给高校,本科高校，但未命中985、211、双一流、研究型、前列排名、硕博点等强信号,default_undergraduate,0,0,0,0,0,,1154,,,0,0,0,0,0,0,0,,
11092,13208,NULL,沈阳城市建设学院,辽宁,沈阳市,本科,,民办,3,普通应用/职业供给高校,本科高校，但未命中985、211、双一流、研究型、前列排名、硕博点等强信号,default_undergraduate,0,0,0,0,0,,1180,,,0,0,0,0,0,0,0,,
10348,11035,NULL,沈阳大学,辽宁,沈阳市,本科,应用型,公办,2,区域重点/特色优势高校,软科排名前350：266；库内综合排名前500：377；博士点/博士专业学位点：1；硕士点/硕士专业学位点：19,ruanke_top350;ranking_top500;doctoral_points;master_points,0,0,0,0,0,266,377,,,19,1,0,0,0,0,0,,
10263,10142,NULL,沈阳工业大学,辽宁,沈阳市,本科,区域特色研究型,公办,2,区域重点/特色优势高校,办学类型为区域特色研究型；软科排名前350：198；库内综合排名前500：265；博士点/博士专业学位点：7；硕士点/硕士专业学位点：23；院士数：1,school_type_t2;ruanke_top350;ranking_top500;doctoral_points;master_points;academicians,0,0,0,0,0,198,265,,314,23,7,0,0,1,0,0,,
11039,13201,NULL,沈阳工学院,辽宁,抚顺市,本科,,民办,3,普通应用/职业供给高校,本科高校，但未命中985、211、双一流、研究型、前列排名、硕博点等强信号,default_undergraduate,0,0,0,0,0,,1096,,,0,0,0,0,0,0,0,,
10691,11632,NULL,沈阳工程学院,辽宁,沈阳市,本科,,公办,2,区域重点/特色优势高校,库内综合排名前500：292；硕士点/硕士专业学位点：3,ranking_top500;master_points,0,0,0,0,0,371,292,,,3,0,0,0,0,0,0,,
10410,10166,NULL,沈阳师范大学,辽宁,沈阳市,本科,应用型,公办,2,区域重点/特色优势高校,软科排名前350：277；库内综合排名前500：316；硕士点/硕士专业学位点：40,ruanke_top350;ranking_top500;master_points,0,0,0,0,0,277,316,,395,40,0,0,0,0,0,0,,
10318,10153,NULL,沈阳建筑大学,辽宁,沈阳市,本科,应用型,公办,2,区域重点/特色优势高校,软科排名前350：222；库内综合排名前500：471；博士点/博士专业学位点：6；硕士点/硕士专业学位点：27,ruanke_top350;ranking_top500;doctoral_points;master_points,0,0,0,0,0,222,471,,439,27,6,0,0,0,0,0,,
10534,10144,NULL,沈阳理工大学,辽宁,沈阳市,本科,,公办,2,区域重点/特色优势高校,软科排名前350：254；库内综合排名前500：234；博士点/博士专业学位点：1；硕士点/硕士专业学位点：23,ruanke_top350;ranking_top500;doctoral_points;master_points,0,0,0,0,0,254,234,,,23,1,0,0,0,0,0,,
11330,13621,NULL,沈阳科技学院,辽宁,沈阳市,本科,,民办,3,普通应用/职业供给高校,本科高校，但未命中985、211、双一流、研究型、前列排名、硕博点等强信号,default_undergraduate,0,0,0,0,0,,1152,,,0,0,0,0,0,0,0,,
11499,12594,NULL,沈阳职业技术学院,辽宁,沈阳市,专科,,公办,2,区域重点/特色优势高校,职业院校强信号文本：双高,vocational_feature,0,0,0,0,0,,,,,0,0,0,0,0,0,0,,
11602,12590,NULL,沈阳航空职业技术学院,辽宁,沈阳市,专科,,公办,3,普通应用/职业供给高校,专科/高职高校，当前库内未命中双高、国家示范/骨干等强信号,default_vocational,0,0,0,0,0,,,,,0,0,0,0,0,0,0,,
10398,10143,NULL,沈阳航空航天大学,辽宁,沈阳市,本科,应用型,公办,2,区域重点/特色优势高校,软科排名前350：179；库内综合排名前500：152；博士点/博士专业学位点：6；硕士点/硕士专业学位点：18；院士数：1,ruanke_top350;ranking_top500;doctoral_points;master_points;academicians,0,0,0,0,0,179,152,,319,18,6,0,0,1,0,0,,
10352,10163,NULL,沈阳药科大学,辽宁,沈阳市,本科,区域特色研究型,公办,2,区域重点/特色优势高校,办学类型为区域特色研究型；软科排名前350：168；库内综合排名前500：284；博士点/博士专业学位点：12；硕士点/硕士专业学位点：19；院士数：4,school_type_t2;ruanke_top350;ranking_top500;doctoral_points;master_points;academicians,0,0,0,1,0,168,284,,248,19,12,0,0,4,0,0,,
10555,10177,NULL,沈阳音乐学院,辽宁,沈阳市,本科,,公办,2,区域重点/特色优势高校,硕士点/硕士专业学位点：2,master_points,0,0,0,0,0,,857,,,2,0,0,0,0,0,0,,
11909,11288,NULL,沙洲职业工学院,江苏,苏州市,专科,,公办,3,普通应用/职业供给高校,专科/高职高校，当前库内未命中双高、国家示范/骨干等强信号,default_vocational,0,0,0,0,0,,,,,0,0,0,0,0,0,0,,
11040,14202,NULL,沧州交通学院,河北,沧州市,本科,,民办,3,普通应用/职业供给高校,本科高校，但未命中985、211、双一流、研究型、前列排名、硕博点等强信号,default_undergraduate,0,0,0,0,0,,1125,,,0,0,0,0,0,0,0,,
11704,13779,NULL,沧州医学高等专科学校,河北,沧州市,专科,,公办,3,普通应用/职业供给高校,专科/高职高校，当前库内未命中双高、国家示范/骨干等强信号,default_vocational,0,0,0,0,0,,,,,0,0,0,0,0,0,0,,
10829,10105,NULL,沧州师范学院,河北,沧州市,本科,,公办,3,普通应用/职业供给高校,本科高校，但未命中985、211、双一流、研究型、前列排名、硕博点等强信号,default_undergraduate,0,0,0,0,0,500,626,,,0,0,0,0,0,0,0,,
12400,14259,NULL,沧州幼儿师范高等专科学校,河北,沧州市,专科,,公办,3,普通应用/职业供给高校,专科/高职高校，当前库内未命中双高、国家示范/骨干等强信号,default_vocational,0,0,0,0,0,,,,,0,0,0,0,0,0,0,,
11925,12415,NULL,沧州职业技术学院,河北,沧州市,专科,,公办,3,普通应用/职业供给高校,专科/高职高校，当前库内未命中双高、国家示范/骨干等强信号,default_vocational,0,0,0,0,0,,,,,0,0,0,0,0,0,0,,
70337,14786,NULL,沧州航空职业学院,河北,沧州市,专科,,民办,3,普通应用/职业供给高校,专科/高职高校，当前库内未命中双高、国家示范/骨干等强信号,default_vocational,0,0,0,0,0,,,,,0,0,0,0,0,0,0,,
11307,14225,NULL,河北东方学院,河北,廊坊市,本科,,民办,3,普通应用/职业供给高校,本科高校，但未命中985、211、双一流、研究型、前列排名、硕博点等强信号,default_undergraduate,0,0,0,0,0,,1230,,,0,0,0,0,0,0,0,,
10575,14432,NULL,河北中医药大学,河北,石家庄,本科,,公办,2,区域重点/特色优势高校,软科排名前350：254；库内综合排名前500：327；博士点/博士专业学位点：27；硕士点/硕士专业学位点：43,ruanke_top350;ranking_top500;doctoral_points;master_points,0,0,0,0,0,254,327,,,43,27,0,0,0,0,0,,
11717,13071,NULL,河北交通职业技术学院,河北,石家庄,专科,,公办,2,区域重点/特色优势高校,职业院校强信号文本：双高,vocational_feature,0,0,0,0,0,,,,,0,0,0,0,0,0,0,,
11169,12784,NULL,河北传媒学院,河北,石家庄,本科,,民办,2,区域重点/特色优势高校,硕士点/硕士专业学位点：6,master_points,0,0,0,0,0,,1016,,,6,0,0,0,0,0,0,,
10667,11236,NULL,河北体育学院,河北,石家庄,本科,,公办,3,普通应用/职业供给高校,本科高校，但未命中985、211、双一流、研究型、前列排名、硕博点等强信号,default_undergraduate,0,0,0,0,0,500,870,,,0,0,0,0,0,0,0,,
11588,13398,NULL,河北公安警察职业学院,河北,石家庄,专科,,公办,3,普通应用/职业供给高校,专科/高职高校，当前库内未命中双高、国家示范/骨干等强信号,default_vocational,0,0,0,0,0,,,,,0,0,0,0,0,0,0,,
10227,10086,NULL,河北农业大学,河北,保定市,本科,区域特色研究型,公办,2,区域重点/特色优势高校,办学类型为区域特色研究型；软科排名前350：189；库内综合排名前500：376；博士点/博士专业学位点：23；硕士点/硕士专业学位点：47,school_type_t2;ruanke_top350;ranking_top500;doctoral_points;master_points,0,0,0,0,0,189,376,,215,47,23,0,0,0,0,0,,
11378,13595,NULL,河北农业大学现代科技学院,河北,保定市,本科,,民办,3,普通应用/职业供给高校,本科高校，但未命中985、211、双一流、研究型、前列排名、硕博点等强信号,default_undergraduate,0,0,0,0,0,,886,,,0,0,0,0,0,0,0,,
12333,14208,NULL,河北劳动关系职业学院,河北,石家庄,专科,,公办,3,普通应用/职业供给高校,专科/高职高校，当前库内未命中双高、国家示范/骨干等强信号,default_vocational,0,0,0,0,0,,,,,0,0,0,0,0,0,0,,
11657,13072,NULL,河北化工医药职业技术学院,河北,石家庄,专科,,公办,2,区域重点/特色优势高校,职业院校强信号文本：双高,vocational_feature,0,0,0,0,0,,,,,0,0,0,0,0,0,0,,
10719,10092,NULL,河北北方学院,河北,张家口市,本科,,公办,2,区域重点/特色优势高校,硕士点/硕士专业学位点：11,master_points,0,0,0,0,0,365,571,,,11,0,0,0,0,0,0,,
10354,10089,NULL,河北医科大学,河北,石家庄,本科,区域特色研究型,公办,2,区域重点/特色优势高校,办学类型为区域特色研究型；软科排名前350：109；库内综合排名前500：164；博士点/博士专业学位点：50；硕士点/硕士专业学位点：49；院士数：4,school_type_t2;ruanke_top350;ranking_top500;doctoral_points;master_points;academicians,0,0,0,0,0,109,164,,326,49,50,0,0,4,0,0,,
11226,13415,NULL,河北医科大学临床学院,河北,石家庄,本科,,民办,3,普通应用/职业供给高校,本科高校，但未命中985、211、双一流、研究型、前列排名、硕博点等强信号,default_undergraduate,0,0,0,0,0,,585,,,0,0,0,0,0,0,0,,
11983,13690,NULL,河北司法警官职业学院,河北,邯郸市,专科,,公办,3,普通应用/职业供给高校,专科/高职高校，当前库内未命中双高、国家示范/骨干等强信号,default_vocational,0,0,0,0,0,,,,,0,0,0,0,0,0,0,,
10586,10077,NULL,河北地质大学,河北,石家庄,本科,,公办,2,区域重点/特色优势高校,软科排名前350：290；库内综合排名前500：421；硕士点/硕士专业学位点：25,ruanke_top350;ranking_top500;master_points,0,0,0,0,0,290,421,,,25,0,0,0,0,0,0,,
11318,13594,NULL,河北地质大学华信学院,河北,石家庄,本科,,民办,3,普通应用/职业供给高校,本科高校，但未命中985、211、双一流、研究型、前列排名、硕博点等强信号,default_undergraduate,0,0,0,0,0,,1095,,,0,0,0,0,0,0,0,,
10646,13402,NULL,河北外国语学院,河北,石家庄,本科,,民办,3,普通应用/职业供给高校,本科高校，但未命中985、211、双一流、研究型、前列排名、硕博点等强信号,default_undergraduate,0,0,0,0,0,,1160,,,0,0,0,0,0,0,0,,
10118,10075,NULL,河北大学,河北,保定市,本科,区域研究型,公办,2,区域重点/特色优势高校,办学类型为区域研究型；软科排名前350：130；库内综合排名前500：214；博士点/博士专业学位点：30；硕士点/硕士专业学位点：108；院士数：5,school_type_t2;ruanke_top350;ranking_top500;doctoral_points;master_points;academicians,0,0,0,0,0,130,214,,229,108,30,0,0,5,0,0,,
12466,13822,NULL,河北女子职业技术学院,河北,石家庄,专科,,公办,3,普通应用/职业供给高校,专科/高职高校，当前库内未命中双高、国家示范/骨干等强信号,default_vocational,0,0,0,0,0,,,,,0,0,0,0,0,0,0,,
12165,13074,NULL,河北对外经贸职业学院,河北,秦皇岛,专科,,公办,3,普通应用/职业供给高校,专科/高职高校，当前库内未命中双高、国家示范/骨干等强信号,default_vocational,0,0,0,0,0,,,,,0,0,0,0,0,0,0,,
10136,10080,NULL,河北工业大学,天津,北辰区,本科,区域特色研究型,公办,1,头部/强研究型高校,双一流高校；库内综合排名前100：79,is_dual_class;ranking_top100,0,1,1,0,0,107,79,,157,29,12,0,0,0,0,0,,
11209,16204,NULL,河北工业职业技术大学,河北,石家庄,本科,,公办,3,普通应用/职业供给高校,本科高校，但未命中985、211、双一流、研究型、前列排名、硕博点等强信号,default_undergraduate,0,0,0,0,0,,779,,,0,0,0,0,0,0,0,,
10397,10076,NULL,河北工程大学,河北,邯郸市,本科,应用型,公办,2,区域重点/特色优势高校,软科排名前350：291；库内综合排名前500：353；博士点/博士专业学位点：1；硕士点/硕士专业学位点：22,ruanke_top350;ranking_top500;doctoral_points;master_points,0,0,0,0,0,291,353,,387,22,1,0,0,0,0,0,,
11083,13578,NULL,河北工程大学科信学院,河北,邯郸市,本科,,民办,3,普通应用/职业供给高校,本科高校，但未命中985、211、双一流、研究型、前列排名、硕博点等强信号,default_undergraduate,0,0,0,0,0,,903,,,0,0,0,0,0,0,0,,
11284,12796,NULL,河北工程技术学院,河北,石家庄,本科,,民办,3,普通应用/职业供给高校,本科高校，但未命中985、211、双一流、研究型、前列排名、硕博点等强信号,default_undergraduate,0,0,0,0,0,,1196,,,0,0,0,0,0,0,0,,
12027,14471,NULL,河北工艺美术职业学院,河北,保定市,专科,,公办,3,普通应用/职业供给高校,专科/高职高校，当前库内未命中双高、国家示范/骨干等强信号,default_vocational,0,0,0,0,0,,,,,0,0,0,0,0,0,0,,
10249,10094,NULL,河北师范大学,河北,石家庄,本科,区域特色研究型,公办,2,区域重点/特色优势高校,办学类型为区域特色研究型；软科排名前350：177；库内综合排名前500：212；博士点/博士专业学位点：35；硕士点/硕士专业学位点：65；院士数：1,school_type_t2;ruanke_top350;ranking_top500;doctoral_points;master_points;academicians,0,0,0,0,0,177,212,,309,65,35,0,0,1,0,0,,
11159,13411,NULL,河北师范大学汇华学院,河北,石家庄,本科,,民办,3,普通应用/职业供给高校,本科高校，但未命中985、211、双一流、研究型、前列排名、硕博点等强信号,default_undergraduate,0,0,0,0,0,,770,,,0,0,0,0,0,0,0,,
12043,12389,NULL,河北建材职业技术学院,河北,秦皇岛,专科,,公办,3,普通应用/职业供给高校,专科/高职高校，当前库内未命中双高、国家示范/骨干等强信号,default_vocational,0,0,0,0,0,,,,,0,0,0,0,0,0,0,,
10774,10084,NULL,河北建筑工程学院,河北,张家口市,本科,,公办,2,区域重点/特色优势高校,硕士点/硕士专业学位点：9,master_points,0,0,0,0,0,500,696,,,9,0,0,0,0,0,0,,
11690,12408,NULL,河北政法职业学院,河北,石家庄,专科,,公办,3,普通应用/职业供给高校,专科/高职高校，当前库内未命中双高、国家示范/骨干等强信号,default_vocational,0,0,0,0,0,,,,,0,0,0,0,0,0,0,,
11651,12887,NULL,河北旅游职业学院,河北,承德市,专科,,公办,3,普通应用/职业供给高校,专科/高职高校，当前库内未命中双高、国家示范/骨干等强信号,default_vocational,0,0,0,0,0,,,,,0,0,0,0,0,0,0,,
12201,13393,NULL,河北机电职业技术学院,河北,邢台市,专科,,公办,3,普通应用/职业供给高校,专科/高职高校，当前库内未命中双高、国家示范/骨干等强信号,default_vocational,0,0,0,0,0,,,,,0,0,0,0,0,0,0,,
12433,14185,NULL,河北正定师范高等专科学校,河北,石家庄,专科,,公办,3,普通应用/职业供给高校,专科/高职高校，当前库内未命中双高、国家示范/骨干等强信号,default_vocational,0,0,0,0,0,,,,,0,0,0,0,0,0,0,,
10848,10098,NULL,河北民族师范学院,河北,承德市,本科,,公办,3,普通应用/职业供给高校,本科高校，但未命中985、211、双一流、研究型、前列排名、硕博点等强信号,default_undergraduate,0,0,0,0,0,483,695,,,0,0,0,0,0,0,0,,
10911,10085,NULL,河北水利电力学院,河北,沧州市,本科,,公办,3,普通应用/职业供给高校,本科高校，但未命中985、211、双一流、研究型、前列排名、硕博点等强信号,default_undergraduate,0,0,0,0,0,500,642,,,0,0,0,0,0,0,0,,
10907,51721,NULL,河北环境工程学院,河北,秦皇岛,本科,,公办,3,普通应用/职业供给高校,本科高校，但未命中985、211、双一流、研究型、前列排名、硕博点等强信号,default_undergraduate,0,0,0,0,0,500,803,,,0,0,0,0,0,0,0,,
10951,16202,NULL,河北石油职业技术大学,河北,承德市,本科,,公办,3,普通应用/职业供给高校,本科高校，但未命中985、211、双一流、研究型、前列排名、硕博点等强信号,default_undergraduate,0,0,0,0,0,,786,,,0,0,0,0,0,0,0,,
10300,10082,NULL,河北科技大学,河北,石家庄,本科,应用型,公办,2,区域重点/特色优势高校,软科排名前350：254；库内综合排名前500：289；博士点/博士专业学位点：2；硕士点/硕士专业学位点：28；院士数：1,ruanke_top350;ranking_top500;doctoral_points;master_points;academicians,0,0,0,0,0,254,289,,360,28,2,0,0,1,0,0,,
11312,13391,NULL,河北科技学院,河北,唐山市,本科,,民办,3,普通应用/职业供给高校,本科高校，但未命中985、211、双一流、研究型、前列排名、硕博点等强信号,default_undergraduate,0,0,0,0,0,,1259,,,0,0,0,0,0,0,0,,
10964,16203,NULL,河北科技工程职业技术大学,河北,邢台市,本科,,公办,3,普通应用/职业供给高校,本科高校，但未命中985、211、双一流、研究型、前列排名、硕博点等强信号,default_undergraduate,0,0,0,0,0,,811,,,0,0,0,0,0,0,0,,
10692,10798,NULL,河北科技师范学院,河北,秦皇岛,本科,,公办,2,区域重点/特色优势高校,硕士点/硕士专业学位点：12,master_points,0,0,0,0,0,404,641,,,12,0,0,0,0,0,0,,
10344,11832,NULL,河北经贸大学,河北,石家庄,本科,应用型,公办,2,区域重点/特色优势高校,软科排名前350：253；库内综合排名前500：255；硕士点/硕士专业学位点：70,ruanke_top350;ranking_top500;master_points,0,0,0,0,0,253,255,,,70,0,0,0,0,0,0,,
11153,13414,NULL,河北经贸大学经济管理学院,河北,石家庄,本科,,民办,3,普通应用/职业供给高校,本科高校，但未命中985、211、双一流、研究型、前列排名、硕博点等强信号,default_undergraduate,0,0,0,0,0,,809,,,0,0,0,0,0,0,0,,
10837,13075,NULL,河北美术学院,河北,石家庄,本科,,民办,3,普通应用/职业供给高校,本科高校，但未命中985、211、双一流、研究型、前列排名、硕博点等强信号,default_undergraduate,0,0,0,0,0,,1287,,,0,0,0,0,0,0,0,,
11949,12418,NULL,河北能源职业技术学院,河北,唐山市,专科,,公办,3,普通应用/职业供给高校,专科/高职高校，当前库内未命中双高、国家示范/骨干等强信号,default_vocational,0,0,0,0,0,,,,,0,0,0,0,0,0,0,,
12376,12885,NULL,河北艺术职业学院,河北,石家庄,专科,,公办,3,普通应用/职业供给高校,专科/高职高校，当前库内未命中双高、国家示范/骨干等强信号,default_vocational,0,0,0,0,0,,,,,0,0,0,0,0,0,0,,
12756,50139,NULL,河北资源环境职业技术学院,河北,石家庄,专科,,公办,3,普通应用/职业供给高校,专科/高职高校，当前库内未命中双高、国家示范/骨干等强信号,default_vocational,0,0,0,0,0,,,,,0,0,0,0,0,0,0,,
11470,14396,NULL,河北轨道运输职业技术学院,河北,石家庄,专科,,公办,3,普通应用/职业供给高校,专科/高职高校，当前库内未命中双高、国家示范/骨干等强信号,default_vocational,0,0,0,0,0,,,,,0,0,0,0,0,0,0,,
11981,12352,NULL,河北软件职业技术学院,河北,保定市,专科,,公办,2,区域重点/特色优势高校,职业院校强信号文本：双高,vocational_feature,0,0,0,0,0,,,,,0,0,0,0,0,0,0,,
10732,11420,NULL,河北金融学院,河北,保定市,本科,,公办,2,区域重点/特色优势高校,库内综合排名前500：467；硕士点/硕士专业学位点：2,ranking_top500;master_points,0,0,0,0,0,409,467,,,2,0,0,0,0,0,0,,
12717,51802,NULL,河北青年管理干部学院,河北,石家庄,专科,,公办,3,普通应用/职业供给高校,专科/高职高校，当前库内未命中双高、国家示范/骨干等强信号,default_vocational,0,0,0,0,0,,,,,0,0,0,0,0,0,0,,
10413,10471,NULL,河南中医药大学,河南,郑州市,本科,区域特色研究型,公办,2,区域重点/特色优势高校,办学类型为区域特色研究型；软科排名前350：179；库内综合排名前500：330；博士点/博士专业学位点：3；硕士点/硕士专业学位点：43,school_type_t2;ruanke_top350;ranking_top500;doctoral_points;master_points,0,0,0,0,0,179,330,,414,43,3,0,0,0,0,0,,
11777,13789,NULL,河南交通职业技术学院,河南,郑州市,专科,,公办,2,区域重点/特色优势高校,职业院校强信号文本：双高,vocational_feature,0,0,0,0,0,,,,,0,0,0,0,0,0,0,,
10679,14879,NULL,河南体育学院,河南,郑州市,本科,,公办,2,区域重点/特色优势高校,博士点/博士专业学位点：1；硕士点/硕士专业学位点：1；院士数：1,doctoral_points;master_points;academicians,0,0,0,0,0,500,687,,,1,1,0,0,1,0,0,,
70681,149l3,NULL,河南信息科技学院,河南,鹤壁市,本科,,公办,3,普通应用/职业供给高校,本科高校，但未命中985、211、双一流、研究型、前列排名、硕博点等强信号,default_undergraduate,0,0,0,0,0,,,,,0,0,0,0,0,0,0,,
12780,13885,NULL,河南信息统计职业学院,河南,郑州市,专科,,公办,3,普通应用/职业供给高校,专科/高职高校，当前库内未命中双高、国家示范/骨干等强信号,default_vocational,0,0,0,0,0,,,,,0,0,0,0,0,0,0,,
10210,10466,NULL,河南农业大学,河南,郑州市,本科,区域特色研究型,公办,2,区域重点/特色优势高校,办学类型为区域特色研究型；软科排名前350：145；库内综合排名前500：447；博士点/博士专业学位点：12；硕士点/硕士专业学位点：27；院士数：3,school_type_t2;ruanke_top350;ranking_top500;doctoral_points;master_points;academicians,0,0,0,0,0,145,447,,216,27,12,0,0,3,0,0,,
11635,13790,NULL,河南农业职业学院,河南,郑州市,专科,,公办,3,普通应用/职业供给高校,专科/高职高校，当前库内未命中双高、国家示范/骨干等强信号,default_vocational,0,0,0,0,0,,,,,0,0,0,0,0,0,0,,
12098,14466,NULL,河南医学高等专科学校,河南,郑州市,专科,,公办,3,普通应用/职业供给高校,专科/高职高校，当前库内未命中双高、国家示范/骨干等强信号,default_vocational,0,0,0,0,0,,,,,0,0,0,0,0,0,0,,
10602,10472,NULL,河南医药大学,河南,新乡市,本科,,公办,2,区域重点/特色优势高校,软科排名前350：217；硕士点/硕士专业学位点：30,ruanke_top350;master_points,0,0,0,0,0,217,600,,340,30,0,0,0,0,0,0,,
12604,12781,NULL,河南司法警官职业学院,河南,郑州市,专科,,公办,3,普通应用/职业供给高校,专科/高职高校，当前库内未命中双高、国家示范/骨干等强信号,default_vocational,0,0,0,0,0,,,,,0,0,0,0,0,0,0,,
12656,14637,NULL,河南地矿职业学院,河南,郑州市,专科,,公办,3,普通应用/职业供给高校,专科/高职高校，当前库内未命中双高、国家示范/骨干等强信号,default_vocational,0,0,0,0,0,,,,,0,0,0,0,0,0,0,,
10805,11765,NULL,河南城建学院,河南,平顶山市,本科,,公办,2,区域重点/特色优势高校,硕士点/硕士专业学位点：3,master_points,0,0,0,0,0,454,842,,,3,0,0,0,0,0,0,,
10098,10475,NULL,河南大学,河南,开封市,本科,区域研究型,公办,1,头部/强研究型高校,双一流高校；软科排名前100：95,is_dual_class;ruanke_top100,0,0,1,0,0,95,162,,109,57,22,0,0,5,0,0,,
11864,14711,NULL,河南女子职业学院,河南,新乡市,专科,,公办,3,普通应用/职业供给高校,专科/高职高校，当前库内未命中双高、国家示范/骨干等强信号,default_vocational,0,0,0,0,0,,,,,0,0,0,0,0,0,0,,
11835,14712,NULL,河南对外经济贸易职业学院,河南,开封市,专科,,公办,3,普通应用/职业供给高校,专科/高职高校，当前库内未命中双高、国家示范/骨干等强信号,default_vocational,0,0,0,0,0,,,,,0,0,0,0,0,0,0,,
12337,12581,NULL,河南工业和信息化职业学院,河南,焦作市,专科,,公办,3,普通应用/职业供给高校,专科/高职高校，当前库内未命中双高、国家示范/骨干等强信号,default_vocational,0,0,0,0,0,,,,,0,0,0,0,1,0,0,,
10281,10463,NULL,河南工业大学,河南,郑州市,本科,区域特色研究型,公办,2,区域重点/特色优势高校,办学类型为区域特色研究型；软科排名前350：210；库内综合排名前500：391；博士点/博士专业学位点：5；硕士点/硕士专业学位点：35；院士数：4,school_type_t2;ruanke_top350;ranking_top500;doctoral_points;master_points;academicians,0,0,0,0,0,210,391,,246,35,5,0,0,4,0,0,,
11498,12794,NULL,河南工业职业技术大学,河南,南阳市,本科,,公办,3,普通应用/职业供给高校,本科高校，但未命中985、211、双一流、研究型、前列排名、硕博点等强信号,default_undergraduate,0,0,0,0,0,,,,,0,0,0,0,0,0,0,,
12204,13936,NULL,河南工业贸易职业学院,河南,郑州市,专科,,公办,3,普通应用/职业供给高校,专科/高职高校，当前库内未命中双高、国家示范/骨干等强信号,default_vocational,0,0,0,0,0,,,,,0,0,0,0,0,0,0,,
10887,11329,NULL,河南工学院,河南,新乡市,本科,,公办,3,普通应用/职业供给高校,本科高校，但未命中985、211、双一流、研究型、前列排名、硕博点等强信号,default_undergraduate,0,0,0,0,0,500,622,,,0,0,0,0,0,0,0,,
10733,11517,NULL,河南工程学院,河南,郑州市,本科,,公办,3,普通应用/职业供给高校,本科高校，但未命中985、211、双一流、研究型、前列排名、硕博点等强信号,default_undergraduate,0,0,0,0,0,444,702,,,0,0,0,0,0,0,0,,
10153,10476,NULL,河南师范大学,河南,新乡市,本科,区域特色研究型,公办,2,区域重点/特色优势高校,办学类型为区域特色研究型；软科排名前350：168；博士点/博士专业学位点：13；硕士点/硕士专业学位点：40,school_type_t2;ruanke_top350;doctoral_points;master_points,0,0,0,0,0,168,543,,177,40,13,0,0,0,0,0,,
12449,14307,NULL,河南应用技术职业学院,河南,郑州市,专科,,公办,3,普通应用/职业供给高校,专科/高职高校，当前库内未命中双高、国家示范/骨干等强信号,default_vocational,0,0,0,0,0,,,,,0,0,0,0,0,0,0,,
12186,14181,NULL,河南建筑职业技术学院,河南,郑州市,专科,,公办,3,普通应用/职业供给高校,专科/高职高校，当前库内未命中双高、国家示范/骨干等强信号,default_vocational,0,0,0,0,0,,,,,0,0,0,0,0,0,0,,
11338,13501,NULL,河南开封科技传媒学院,河南,开封市,本科,,民办,3,普通应用/职业供给高校,本科高校，但未命中985、211、双一流、研究型、前列排名、硕博点等强信号,default_undergraduate,0,0,0,0,0,,1015,,,0,0,0,0,0,0,0,,
12325,14349,NULL,河南护理职业学院,河南,安阳市,专科,,公办,3,普通应用/职业供给高校,专科/高职高校，当前库内未命中双高、国家示范/骨干等强信号,default_vocational,0,0,0,0,0,,,,,0,0,0,0,0,0,0,,
12248,14382,NULL,河南推拿职业学院,河南,洛阳市,专科,,公办,3,普通应用/职业供给高校,专科/高职高校，当前库内未命中双高、国家示范/骨干等强信号,default_vocational,0,0,0,0,0,,,,,0,0,0,0,0,0,0,,
70605,14865,NULL,河南新乡工商职业学院,河南,新乡市,专科,,民办,3,普通应用/职业供给高校,专科/高职高校，当前库内未命中双高、国家示范/骨干等强信号,default_vocational,0,0,0,0,0,,,,,0,0,0,0,0,0,0,,
11766,14348,NULL,河南机电职业学院,河南,郑州市,专科,,公办,3,普通应用/职业供给高校,专科/高职高校，当前库内未命中双高、国家示范/骨干等强信号,default_vocational,0,0,0,0,0,,,,,0,0,0,0,0,0,0,,
12797,13889,NULL,河南林业职业学院,河南,洛阳市,专科,,公办,3,普通应用/职业供给高校,专科/高职高校，当前库内未命中双高、国家示范/骨干等强信号,default_vocational,0,0,0,0,0,,,,,0,0,0,0,0,0,0,,
12556,13499,NULL,河南检察职业学院,河南,郑州市,专科,,公办,3,普通应用/职业供给高校,专科/高职高校，当前库内未命中双高、国家示范/骨干等强信号,default_vocational,0,0,0,0,0,,,,,0,0,0,0,0,0,0,,
12779,12582,NULL,河南水利与环境职业学院,河南,郑州市,专科,,公办,3,普通应用/职业供给高校,专科/高职高校，当前库内未命中双高、国家示范/骨干等强信号,default_vocational,0,0,0,0,0,,,,,0,0,0,0,0,0,0,,
11414,14608,NULL,河南测绘职业学院,河南,郑州市,专科,,公办,3,普通应用/职业供给高校,专科/高职高校，当前库内未命中双高、国家示范/骨干等强信号,default_vocational,0,0,0,0,0,,,,,0,0,0,0,0,0,0,,
10687,10469,NULL,河南牧业经济学院,河南,郑州市,本科,,公办,3,普通应用/职业供给高校,本科高校，但未命中985、211、双一流、研究型、前列排名、硕博点等强信号,default_undergraduate,0,0,0,0,0,500,792,,,0,0,0,0,0,0,0,,
12683,14636,NULL,河南物流职业学院,河南,新乡市,专科,,公办,3,普通应用/职业供给高校,专科/高职高校，当前库内未命中双高、国家示范/骨干等强信号,default_vocational,0,0,0,0,0,,,,,0,0,0,0,0,0,0,,
10228,10460,NULL,河南理工大学,河南,焦作市,本科,区域特色研究型,公办,2,区域重点/特色优势高校,办学类型为区域特色研究型；软科排名前350：194；库内综合排名前500：393；博士点/博士专业学位点：10；硕士点/硕士专业学位点：31；院士数：1,school_type_t2;ruanke_top350;ranking_top500;doctoral_points;master_points;academicians,0,0,0,0,0,194,393,,144,31,10,0,0,1,0,0,,
10133,10464,NULL,河南科技大学,河南,洛阳市,本科,区域研究型,公办,2,区域重点/特色优势高校,办学类型为区域研究型；软科排名前350：176；库内综合排名前500：314；博士点/博士专业学位点：18；硕士点/硕士专业学位点：46；院士数：2,school_type_t2;ruanke_top350;ranking_top500;doctoral_points;master_points;academicians,0,0,0,0,0,176,314,,172,46,18,0,0,2,0,0,,
10489,10467,NULL,河南科技学院,河南,新乡市,本科,应用型,公办,2,区域重点/特色优势高校,硕士点/硕士专业学位点：11,master_points,0,0,0,0,0,359,772,,318,11,0,0,0,0,0,0,,
11024,14169,NULL,河南科技职业大学,河南,周口市,本科,,民办,3,普通应用/职业供给高校,本科高校，但未命中985、211、双一流、研究型、前列排名、硕博点等强信号,default_undergraduate,0,0,0,0,0,,1125,,,0,0,0,0,0,0,0,,
11676,13788,NULL,河南经贸职业学院,河南,郑州市,专科,,公办,2,区域重点/特色优势高校,职业院校强信号文本：双高,vocational_feature,0,0,0,0,0,,,,,0,0,0,0,0,0,0,,
11479,10824,NULL,河南职业技术学院,河南,郑州市,专科,,公办,2,区域重点/特色优势高校,职业院校强信号文本：双高,vocational_feature,0,0,0,0,0,,,,,0,0,0,0,0,0,0,,
12168,14308,NULL,河南艺术职业学院,河南,郑州市,专科,,公办,3,普通应用/职业供给高校,专科/高职高校，当前库内未命中双高、国家示范/骨干等强信号,default_vocational,0,0,0,0,0,,,,,0,0,0,0,0,0,0,,
10738,11788,NULL,河南警察学院,河南,郑州市,本科,,公办,2,区域重点/特色优势高校,库内综合排名前500：279,ranking_top500,0,0,0,0,0,371,279,,,0,0,0,0,0,0,0,,
10903,11652,NULL,河南财政金融学院,河南,郑州市,本科,,公办,3,普通应用/职业供给高校,本科高校，但未命中985、211、双一流、研究型、前列排名、硕博点等强信号,default_undergraduate,0,0,0,0,0,500,513,,,0,0,0,0,0,0,0,,
10427,10484,NULL,河南财经政法大学,河南,郑州市,本科,应用型,公办,2,区域重点/特色优势高校,软科排名前350：256；库内综合排名前500：262；博士点/博士专业学位点：2；硕士点/硕士专业学位点：12,ruanke_top350;ranking_top500;doctoral_points;master_points,0,0,0,0,0,256,262,,,12,2,0,0,0,0,0,,
11650,13564,NULL,河南质量工程职业学院,河南,平顶山市,专科,,公办,3,普通应用/职业供给高校,专科/高职高校，当前库内未命中双高、国家示范/骨干等强信号,default_vocational,0,0,0,0,0,,,,,0,0,0,0,0,0,0,,
11822,14607,NULL,河南轻工职业学院,河南,郑州市,专科,,公办,3,普通应用/职业供给高校,专科/高职高校，当前库内未命中双高、国家示范/骨干等强信号,default_vocational,0,0,0,0,0,,,,,0,0,0,0,0,0,0,,
10888,11631,NULL,河套学院,内蒙古,巴彦淖尔市,本科,,公办,3,普通应用/职业供给高校,本科高校，但未命中985、211、双一流、研究型、前列排名、硕博点等强信号,default_undergraduate,0,0,0,0,0,500,922,,,0,0,0,0,0,0,0,,
10640,10605,NULL,河池学院,广西,河池市,本科,,公办,3,普通应用/职业供给高校,本科高校，但未命中985、211、双一流、研究型、前列排名、硕博点等强信号,default_undergraduate,0,0,0,0,0,500,637,,,0,0,0,0,0,0,0,,
10057,10294,NULL,河海大学,江苏,南京市,本科,特色研究型,公办,1,头部/强研究型高校,双一流高校；软科排名前100：63；库内综合排名前100：61,is_dual_class;ruanke_top100;ranking_top100,0,1,1,0,0,63,61,60,69,61,45,0,0,0,0,0,,
11996,12772,NULL,河源职业技术学院,广东,河源市,专科,,公办,3,普通应用/职业供给高校,专科/高职高校，当前库内未命中双高、国家示范/骨干等强信号,default_vocational,0,0,0,0,0,,,,,0,0,0,0,0,0,0,,
10739,10740,NULL,河西学院,甘肃,张掖市,本科,,公办,2,区域重点/特色优势高校,硕士点/硕士专业学位点：11；院士数：1,master_points;academicians,0,0,0,0,0,448,874,,,11,0,0,0,1,0,0,,
11242,13766,NULL,泉州信息工程学院,福建,泉州市,本科,,民办,3,普通应用/职业供给高校,本科高校，但未命中985、211、双一流、研究型、前列排名、硕博点等强信号,default_undergraduate,0,0,0,0,0,,1129,,,0,0,0,0,0,0,0,,
12002,12634,NULL,泉州医学高等专科学校,福建,泉州市,专科,,公办,3,普通应用/职业供给高校,专科/高职高校，当前库内未命中双高、国家示范/骨干等强信号,default_vocational,0,0,0,0,0,,,,,0,0,0,0,0,0,0,,
12478,12927,NULL,泉州华光职业学院,福建,泉州市,专科,,民办,3,普通应用/职业供给高校,专科/高职高校，当前库内未命中双高、国家示范/骨干等强信号,default_vocational,0,0,0,0,0,,,,,0,0,0,0,0,0,0,,
12244,14503,NULL,泉州工程职业技术学院,福建,泉州市,专科,,民办,3,普通应用/职业供给高校,专科/高职高校，当前库内未命中双高、国家示范/骨干等强信号,default_vocational,0,0,0,0,0,,,,,0,0,0,0,0,0,0,,
12252,13975,NULL,泉州工艺美术职业学院,福建,泉州市,专科,,公办,3,普通应用/职业供给高校,专科/高职高校，当前库内未命中双高、国家示范/骨干等强信号,default_vocational,0,0,0,0,0,,,,,0,0,0,0,0,0,0,,
10589,10399,NULL,泉州师范学院,福建,泉州市,本科,,公办,2,区域重点/特色优势高校,硕士点/硕士专业学位点：3,master_points,0,0,0,0,0,357,562,,,3,0,0,0,0,0,0,,
12383,14331,NULL,泉州幼儿师范高等专科学校,福建,泉州市,专科,,公办,3,普通应用/职业供给高校,专科/高职高校，当前库内未命中双高、国家示范/骨干等强信号,default_vocational,0,0,0,0,0,,,,,0,0,0,0,0,0,0,,
12471,14231,NULL,泉州海洋职业学院,福建,泉州市,专科,,民办,3,普通应用/职业供给高校,专科/高职高校，当前库内未命中双高、国家示范/骨干等强信号,default_vocational,0,0,0,0,0,,,,,0,0,0,0,0,0,0,,
12569,12711,NULL,泉州纺织服装职业学院,福建,泉州市,专科,,民办,3,普通应用/职业供给高校,专科/高职高校，当前库内未命中双高、国家示范/骨干等强信号,default_vocational,0,0,0,0,0,,,,,0,0,0,0,0,0,0,,
12615,13770,NULL,泉州经贸职业技术学院,福建,泉州市,专科,,公办,3,普通应用/职业供给高校,专科/高职高校，当前库内未命中双高、国家示范/骨干等强信号,default_vocational,0,0,0,0,0,,,,,0,0,0,0,0,0,0,,
11067,12928,NULL,泉州职业技术大学,福建,泉州市,本科,,民办,3,普通应用/职业供给高校,本科高校，但未命中985、211、双一流、研究型、前列排名、硕博点等强信号,default_undergraduate,0,0,0,0,0,,1231,,,0,0,0,0,0,0,0,,
12758,14232,NULL,泉州轻工职业学院,福建,泉州市,专科,,民办,3,普通应用/职业供给高校,专科/高职高校，当前库内未命中双高、国家示范/骨干等强信号,default_vocational,0,0,0,0,0,,,,,0,0,0,0,0,0,0,,
10775,10453,NULL,泰山学院,山东,泰安市,本科,,公办,2,区域重点/特色优势高校,硕士点/硕士专业学位点：3,master_points,0,0,0,0,0,402,714,,,3,0,0,0,0,0,0,,
11552,14345,NULL,泰山护理职业学院,山东,泰安市,专科,,公办,3,普通应用/职业供给高校,专科/高职高校，当前库内未命中双高、国家示范/骨干等强信号,default_vocational,0,0,0,0,0,,,,,0,0,0,0,0,0,0,,
11117,13624,NULL,泰山科技学院,山东,泰安市,本科,,民办,3,普通应用/职业供给高校,本科高校，但未命中985、211、双一流、研究型、前列排名、硕博点等强信号,default_undergraduate,0,0,0,0,0,,1139,,,0,0,0,0,0,0,0,,
11795,13861,NULL,泰山职业技术学院,山东,泰安市,专科,,公办,3,普通应用/职业供给高校,专科/高职高校，当前库内未命中双高、国家示范/骨干等强信号,default_vocational,0,0,0,0,0,,,,,0,0,0,0,0,0,0,,
10874,12917,NULL,泰州学院,江苏,泰州市,本科,,公办,3,普通应用/职业供给高校,本科高校，但未命中985、211、双一流、研究型、前列排名、硕博点等强信号,default_undergraduate,0,0,0,0,0,500,797,,,0,0,0,0,0,0,0,,
11632,12106,NULL,泰州职业技术学院,江苏,泰州市,专科,,公办,3,普通应用/职业供给高校,专科/高职高校，当前库内未命中双高、国家示范/骨干等强信号,default_vocational,0,0,0,0,0,,,,,0,0,0,0,0,0,0,,
70088,14732,NULL,泸州医疗器械职业学院,四川,泸州市,专科,,民办,3,普通应用/职业供给高校,专科/高职高校，当前库内未命中双高、国家示范/骨干等强信号,default_vocational,0,0,0,0,0,,,,,0,0,0,0,0,0,0,,
12049,12967,NULL,泸州职业技术学院,四川,泸州市,专科,,公办,2,区域重点/特色优势高校,职业院校强信号文本：双高,vocational_feature,0,0,0,0,0,,,,,0,0,0,0,0,0,0,,
70346,14795,NULL,洛阳商业职业学院,河南,洛阳市,专科,,民办,3,普通应用/职业供给高校,专科/高职高校，当前库内未命中双高、国家示范/骨干等强信号,default_vocational,0,0,0,0,0,,,,,0,0,0,0,0,0,0,,
10559,10482,NULL,洛阳师范学院,河南,洛阳市,本科,,公办,2,区域重点/特色优势高校,硕士点/硕士专业学位点：3；院士数：1,master_points;academicians,0,0,0,0,0,361,697,,359,3,0,0,0,1,0,0,,
70054,14750,NULL,洛阳文化旅游职业学院,河南,洛阳市,专科,,公办,3,普通应用/职业供给高校,专科/高职高校，当前库内未命中双高、国家示范/骨干等强信号,default_vocational,0,0,0,0,0,,,,,0,0,0,0,0,0,0,,
10670,11070,NULL,洛阳理工学院,河南,洛阳市,本科,,公办,3,普通应用/职业供给高校,本科高校，但未命中985、211、双一流、研究型、前列排名、硕博点等强信号,default_undergraduate,0,0,0,0,0,377,555,,427,0,0,0,0,0,0,0,,
12346,14480,NULL,洛阳科技职业学院,河南,洛阳市,专科,,民办,3,普通应用/职业供给高校,专科/高职高校，当前库内未命中双高、国家示范/骨干等强信号,default_vocational,0,0,0,0,0,,,,,0,0,0,0,0,0,0,,
12144,14383,NULL,洛阳职业技术学院,河南,洛阳市,专科,,公办,3,普通应用/职业供给高校,专科/高职高校，当前库内未命中双高、国家示范/骨干等强信号,default_vocational,0,0,0,0,0,,,,,0,0,0,0,0,0,0,,
10267,10427,NULL,济南大学,山东,济南市,本科,区域特色研究型,公办,2,区域重点/特色优势高校,办学类型为区域特色研究型；软科排名前350：175；库内综合排名前500：261；博士点/博士专业学位点：7；硕士点/硕士专业学位点：29；院士数：2,school_type_t2;ruanke_top350;ranking_top500;doctoral_points;master_points;academicians,0,0,0,0,0,175,261,,169,29,7,0,0,2,0,0,,
11906,13855,NULL,济南工程职业技术学院,山东,济南市,专科,,公办,3,普通应用/职业供给高校,专科/高职高校，当前库内未命中双高、国家示范/骨干等强信号,default_vocational,0,0,0,0,0,,,,,0,0,0,0,0,0,0,,
12402,14332,NULL,济南幼儿师范高等专科学校,山东,济南市,专科,,公办,3,普通应用/职业供给高校,专科/高职高校，当前库内未命中双高、国家示范/骨干等强信号,default_vocational,0,0,0,0,0,,,,,0,0,0,0,0,0,0,,
12251,14343,NULL,济南护理职业学院,山东,济南市,专科,,公办,3,普通应用/职业供给高校,专科/高职高校，当前库内未命中双高、国家示范/骨干等强信号,default_vocational,0,0,0,0,0,,,,,0,0,0,0,0,0,0,,
11939,13323,NULL,济南职业学院,山东,济南市,专科,,公办,2,区域重点/特色优势高校,职业院校强信号文本：双高,vocational_feature,0,0,0,0,0,,,,,0,0,0,0,0,0,0,,
10705,10443,NULL,济宁医学院,山东,济宁市,本科,,公办,2,区域重点/特色优势高校,软科排名前350：321；硕士点/硕士专业学位点：3,ruanke_top350;master_points,0,0,0,0,0,321,606,,379,3,0,0,0,0,0,0,,
10845,10454,NULL,济宁学院,山东,济宁市,本科,,公办,3,普通应用/职业供给高校,本科高校，但未命中985、211、双一流、研究型、前列排名、硕博点等强信号,default_undergraduate,0,0,0,0,0,460,888,,424,0,0,0,0,0,0,0,,
70651,14924,NULL,济宁汽车工程职业学院,山东,济宁市,专科,,民办,3,普通应用/职业供给高校,专科/高职高校，当前库内未命中双高、国家示范/骨干等强信号,default_vocational,0,0,0,0,0,,,,,0,0,0,0,0,0,0,,
11696,12335,NULL,济宁职业技术学院,山东,济宁市,专科,,公办,2,区域重点/特色优势高校,职业院校强信号文本：双高,vocational_feature,0,0,0,0,0,,,,,0,0,0,0,0,0,0,,
11713,12768,NULL,济源职业技术学院,河南,济源市,专科,,公办,3,普通应用/职业供给高校,专科/高职高校，当前库内未命中双高、国家示范/骨干等强信号,default_vocational,0,0,0,0,0,,,,,0,0,0,0,0,0,0,,
10850,13021,NULL,浙大城市学院,浙江,杭州市,本科,,公办,2,区域重点/特色优势高校,软科排名前350：218；库内综合排名前500：281；硕士点/硕士专业学位点：11；院士数：1,ruanke_top350;ranking_top500;master_points;academicians,0,0,0,0,0,218,281,,278,11,0,0,0,1,0,0,,
10861,13022,NULL,浙大宁波理工学院,浙江,宁波市,本科,,公办,2,区域重点/特色优势高校,软科排名前350：287；库内综合排名前500：394；硕士点/硕士专业学位点：3；院士数：1,ruanke_top350;ranking_top500;master_points;academicians,0,0,0,0,0,287,394,,,3,0,0,0,1,0,0,,
10510,10876,NULL,浙江万里学院,浙江,宁波市,本科,应用型,公办,2,区域重点/特色优势高校,软科排名前350：312；硕士点/硕士专业学位点：2,ruanke_top350;master_points,0,0,0,0,0,312,676,,,2,0,0,0,0,0,0,,
11612,13002,NULL,浙江东方职业技术学院,浙江,温州市,专科,,民办,3,普通应用/职业供给高校,专科/高职高校，当前库内未命中双高、国家示范/骨干等强信号,default_vocational,0,0,0,0,0,,,,,0,0,0,0,0,0,0,,
10315,10344,NULL,浙江中医药大学,浙江,杭州市,本科,区域特色研究型,公办,2,区域重点/特色优势高校,办学类型为区域特色研究型；软科排名前350：127；库内综合排名前500：300；博士点/博士专业学位点：26；硕士点/硕士专业学位点：49；院士数：1,school_type_t2;ruanke_top350;ranking_top500;doctoral_points;master_points;academicians,0,0,0,0,0,127,300,,351,49,26,0,0,1,0,0,,
11156,13285,NULL,浙江中医药大学滨江学院,浙江,杭州市,本科,,民办,3,普通应用/职业供给高校,本科高校，但未命中985、211、双一流、研究型、前列排名、硕博点等强信号,default_undergraduate,0,0,0,0,0,,,,,0,0,0,0,0,0,0,,
12496,12036,NULL,浙江交通职业技术学院,浙江,杭州市,专科,,公办,2,区域重点/特色优势高校,职业院校强信号文本：双高,vocational_feature,0,0,0,0,0,,,,,0,0,0,0,0,0,0,,
10676,11647,NULL,浙江传媒学院,浙江,杭州市,本科,,公办,2,区域重点/特色优势高校,软科排名前350：235；库内综合排名前500：250；硕士点/硕士专业学位点：14,ruanke_top350;ranking_top500;master_points,0,0,0,0,0,235,250,,,14,0,0,0,0,0,0,,
11874,13854,NULL,浙江体育职业技术学院,浙江,杭州市,专科,,公办,3,普通应用/职业供给高校,专科/高职高校，当前库内未命中双高、国家示范/骨干等强信号,default_vocational,0,0,0,0,0,,,,,0,0,0,0,0,0,0,,
12006,14269,NULL,浙江农业商贸职业学院,浙江,绍兴市,专科,,公办,3,普通应用/职业供给高校,专科/高职高校，当前库内未命中双高、国家示范/骨干等强信号,default_vocational,0,0,0,0,0,,,,,0,0,0,0,0,0,0,,
10278,10341,NULL,浙江农林大学,浙江,杭州市,本科,区域特色研究型,公办,2,区域重点/特色优势高校,办学类型为区域特色研究型；软科排名前350：149；库内综合排名前500：280；博士点/博士专业学位点：11；硕士点/硕士专业学位点：26；院士数：1,school_type_t2;ruanke_top350;ranking_top500;doctoral_points;master_points;academicians,0,0,0,0,0,149,280,,163,26,11,0,0,1,0,0,,
10989,13283,NULL,浙江农林大学暨阳学院,浙江,绍兴市,本科,,民办,3,普通应用/职业供给高校,本科高校，但未命中985、211、双一流、研究型、前列排名、硕博点等强信号,default_undergraduate,0,0,0,0,0,,902,,,0,0,0,0,0,0,0,,
11793,12647,NULL,浙江同济科技职业学院,浙江,杭州市,专科,,公办,3,普通应用/职业供给高校,专科/高职高校，当前库内未命中双高、国家示范/骨干等强信号,default_vocational,0,0,0,0,0,,,,,0,0,0,0,0,0,0,,
11584,12865,NULL,浙江商业职业技术学院,浙江,杭州市,专科,,公办,2,区域重点/特色优势高校,职业院校强信号文本：双高,vocational_feature,0,0,0,0,0,,,,,0,0,0,0,0,0,0,,
12576,13853,NULL,浙江国际海运职业技术学院,浙江,舟山市,专科,,公办,3,普通应用/职业供给高校,专科/高职高校，当前库内未命中双高、国家示范/骨干等强信号,default_vocational,0,0,0,0,0,,,,,0,0,0,0,0,0,0,,
10593,14275,NULL,浙江外国语学院,浙江,杭州市,本科,,公办,2,区域重点/特色优势高校,软科排名前350：270；库内综合排名前500：357；硕士点/硕士专业学位点：3,ruanke_top350;ranking_top500;master_points,0,0,0,0,0,270,357,,,3,0,0,0,0,0,0,,
10008,10335,NULL,浙江大学,浙江,杭州市,本科,研究型,公办,1,头部/强研究型高校,985 高校；双一流高校；办学类型为研究型；软科排名前100：3；库内综合排名前100：7,is985;is_dual_class;school_type_t1;ruanke_top100;ranking_top100,1,1,1,1,0,3,7,5,3,151,242,0,0,58,0,0,,
10009,19335,NULL,浙江大学医学院,浙江,杭州市,本科,中国研究型,公办,1,头部/强研究型高校,985 高校；双一流高校；办学类型为中国研究型,is985;is_dual_class;school_type_t1,1,1,1,1,0,,,,,50,51,0,0,10,0,0,,
11720,14703,NULL,浙江宇翔职业技术学院,浙江,湖州市,专科,,民办,3,普通应用/职业供给高校,专科/高职高校，当前库内未命中双高、国家示范/骨干等强信号,default_vocational,0,0,0,0,0,,,,,0,0,0,0,0,0,0,,
12841,14492,NULL,浙江安防职业技术学院,浙江,温州市,专科,,公办,3,普通应用/职业供给高校,专科/高职高校，当前库内未命中双高、国家示范/骨干等强信号,default_vocational,0,0,0,0,0,,,,,0,0,0,0,0,0,0,,
10114,10337,NULL,浙江工业大学,浙江,杭州市,本科,区域研究型,公办,1,头部/强研究型高校,软科排名前100：68,ruanke_top100,0,0,0,0,0,68,116,,76,37,17,0,0,4,0,0,,
11014,13275,NULL,浙江工业大学之江学院,浙江,绍兴市,本科,,民办,3,普通应用/职业供给高校,本科高校，但未命中985、211、双一流、研究型、前列排名、硕博点等强信号,default_undergraduate,0,0,0,0,0,,869,,,0,0,0,0,0,0,0,,
11469,12871,NULL,浙江工业职业技术学院,浙江,绍兴市,专科,,公办,3,普通应用/职业供给高校,专科/高职高校，当前库内未命中双高、国家示范/骨干等强信号,default_vocational,0,0,0,0,0,,,,,0,0,0,0,0,0,0,,
10195,10353,NULL,浙江工商大学,浙江,杭州市,本科,区域特色研究型,公办,2,区域重点/特色优势高校,办学类型为区域特色研究型；软科排名前350：101；库内综合排名前500：151；博士点/博士专业学位点：23；硕士点/硕士专业学位点：49,school_type_t2;ruanke_top350;ranking_top500;doctoral_points;master_points,0,0,0,0,0,101,151,,108,49,23,0,0,0,0,0,,
11245,13290,NULL,浙江工商大学杭州商学院,浙江,杭州市,本科,,民办,3,普通应用/职业供给高校,本科高校，但未命中985、211、双一流、研究型、前列排名、硕博点等强信号,default_undergraduate,0,0,0,0,0,,783,,,0,0,0,0,0,0,0,,
11501,12789,NULL,浙江工商职业技术学院,浙江,宁波市,专科,,公办,3,普通应用/职业供给高校,专科/高职高校，当前库内未命中双高、国家示范/骨干等强信号,default_vocational,0,0,0,0,0,,,,,0,0,0,0,0,0,0,,
11933,12791,NULL,浙江工贸职业技术学院,浙江,温州市,专科,,公办,2,区域重点/特色优势高校,职业院校强信号文本：双高,vocational_feature,0,0,0,0,0,,,,,0,0,0,0,0,0,0,,
10117,10345,NULL,浙江师范大学,浙江,金华市,本科,区域特色研究型,公办,1,头部/强研究型高校,软科排名前100：91,ruanke_top100,0,0,0,0,0,91,174,,50,55,15,0,0,1,0,0,,
11005,13276,NULL,浙江师范大学行知学院,浙江,金华市,本科,,民办,2,区域重点/特色优势高校,硕士点/硕士专业学位点：3,master_points,0,0,0,0,0,,865,,,3,0,0,0,0,0,0,,
11309,13029,NULL,浙江广厦建设职业技术大学,浙江,金华市,本科,,民办,3,普通应用/职业供给高校,本科高校，但未命中985、211、双一流、研究型、前列排名、硕博点等强信号,default_undergraduate,0,0,0,0,0,,1169,,,0,0,0,0,0,0,0,,
11783,12862,NULL,浙江建设职业技术学院,浙江,杭州市,专科,,公办,2,区域重点/特色优势高校,职业院校强信号文本：双高,vocational_feature,0,0,0,0,0,,,,,0,0,0,0,0,0,0,,
11485,12867,NULL,浙江旅游职业学院,浙江,杭州市,专科,,公办,3,普通应用/职业供给高校,专科/高职高校，当前库内未命中双高、国家示范/骨干等强信号,default_vocational,0,0,0,0,0,,,,,0,0,0,0,0,0,0,,
11562,12861,NULL,浙江机电职业技术大学,浙江,杭州市,本科,,公办,3,普通应用/职业供给高校,本科高校，但未命中985、211、双一流、研究型、前列排名、硕博点等强信号,default_undergraduate,0,0,0,0,0,,605,,,0,0,0,0,0,0,0,,
11078,11842,NULL,浙江树人学院,浙江,杭州市,本科,,民办,2,区域重点/特色优势高校,硕士点/硕士专业学位点：7；院士数：2,master_points;academicians,0,0,0,0,0,,1056,,,7,0,0,0,2,0,0,,
12702,14090,NULL,浙江横店影视职业学院,浙江,金华市,专科,,民办,3,普通应用/职业供给高校,专科/高职高校，当前库内未命中双高、国家示范/骨干等强信号,default_vocational,0,0,0,0,0,,,,,0,0,0,0,0,0,0,,
10615,11481,NULL,浙江水利水电学院,浙江,杭州市,本科,,公办,3,普通应用/职业供给高校,本科高校，但未命中985、211、双一流、研究型、前列排名、硕博点等强信号,default_undergraduate,0,0,0,0,0,394,528,,,0,0,0,0,0,0,0,,
12741,14089,NULL,浙江汽车职业技术学院,浙江,台州市,专科,,民办,3,普通应用/职业供给高校,专科/高职高校，当前库内未命中双高、国家示范/骨干等强信号,default_vocational,0,0,0,0,0,,,,,0,0,0,0,0,0,0,,
10389,10340,NULL,浙江海洋大学,浙江,舟山市,本科,应用型,公办,2,区域重点/特色优势高校,软科排名前350：236；库内综合排名前500：322；博士点/博士专业学位点：3；硕士点/硕士专业学位点：10,ruanke_top350;ranking_top500;doctoral_points;master_points,0,0,0,0,0,236,322,,156,10,3,0,0,0,0,0,,
12406,14431,NULL,浙江特殊教育职业学院,浙江,杭州市,专科,,公办,3,普通应用/职业供给高校,专科/高职高校，当前库内未命中双高、国家示范/骨干等强信号,default_vocational,0,0,0,0,0,,,,,0,0,0,0,0,0,0,,
10200,10338,NULL,浙江理工大学,浙江,杭州市,本科,区域特色研究型,公办,2,区域重点/特色优势高校,办学类型为区域特色研究型；软科排名前350：112；库内综合排名前500：168；博士点/博士专业学位点：7；硕士点/硕士专业学位点：25；院士数：1,school_type_t2;ruanke_top350;ranking_top500;doctoral_points;master_points;academicians,0,0,0,0,0,112,168,,174,25,7,0,0,1,0,0,,
11025,13280,NULL,浙江理工大学科技与艺术学院,浙江,绍兴市,本科,,民办,3,普通应用/职业供给高校,本科高校，但未命中985、211、双一流、研究型、前列排名、硕博点等强信号,default_undergraduate,0,0,0,0,0,,936,,,0,0,0,0,0,0,0,,
10423,11057,NULL,浙江科技大学,浙江,杭州市,本科,应用型,公办,2,区域重点/特色优势高校,软科排名前350：232；库内综合排名前500：303；硕士点/硕士专业学位点：36,ruanke_top350;ranking_top500;master_points,0,0,0,0,0,232,303,,252,36,0,0,0,0,0,0,,
11598,13025,NULL,浙江纺织服装职业技术学院,浙江,宁波市,专科,,公办,3,普通应用/职业供给高校,专科/高职高校，当前库内未命中双高、国家示范/骨干等强信号,default_vocational,0,0,0,0,0,,,,,0,0,0,0,0,0,0,,
11946,12866,NULL,浙江经济职业技术学院,浙江,杭州市,专科,,公办,2,区域重点/特色优势高校,职业院校强信号文本：双高,vocational_feature,0,0,0,0,0,,,,,0,0,0,0,1,0,0,,
12136,12864,NULL,浙江经贸职业技术学院,浙江,杭州市,专科,,公办,2,区域重点/特色优势高校,职业院校强信号文本：双高,vocational_feature,0,0,0,0,0,,,,,0,0,0,0,0,0,0,,
12529,12868,NULL,浙江育英职业技术学院,浙江,杭州市,专科,,民办,3,普通应用/职业供给高校,专科/高职高校，当前库内未命中双高、国家示范/骨干等强信号,default_vocational,0,0,0,0,0,,,,,0,0,0,0,0,0,0,,
12843,16408,NULL,浙江舟山群岛新区旅游与健康职业学院,浙江,舟山市,专科,,公办,3,普通应用/职业供给高校,专科/高职高校，当前库内未命中双高、国家示范/骨干等强信号,default_vocational,0,0,0,0,0,,,,,0,0,0,0,0,0,0,,
12297,12863,NULL,浙江艺术职业学院,浙江,杭州市,专科,,公办,3,普通应用/职业供给高校,专科/高职高校，当前库内未命中双高、国家示范/骨干等强信号,default_vocational,0,0,0,0,0,,,,,0,0,0,0,0,0,0,,
70060,16207,NULL,浙江药科职业大学,浙江,宁波市,本科,,公办,3,普通应用/职业供给高校,本科高校，但未命中985、211、双一流、研究型、前列排名、硕博点等强信号,default_undergraduate,0,0,0,0,0,,788,,,0,0,0,0,0,0,0,,
11456,12869,NULL,浙江警官职业学院,浙江,杭州市,专科,,公办,3,普通应用/职业供给高校,专科/高职高校，当前库内未命中双高、国家示范/骨干等强信号,default_vocational,0,0,0,0,0,,,,,0,0,0,0,0,0,0,,
10780,11483,NULL,浙江警察学院,浙江,杭州市,本科,,公办,2,区域重点/特色优势高校,软科排名前350：293；库内综合排名前500：470；硕士点/硕士专业学位点：2；院士数：1,ruanke_top350;ranking_top500;master_points;academicians,0,0,0,0,0,293,470,,,2,0,0,0,1,0,0,,
10307,11482,NULL,浙江财经大学,浙江,杭州市,本科,应用型,公办,2,区域重点/特色优势高校,软科排名前350：130；库内综合排名前500：159；博士点/博士专业学位点：19；硕士点/硕士专业学位点：47,ruanke_top350;ranking_top500;doctoral_points;master_points,0,0,0,0,0,130,159,,222,47,19,0,0,0,0,0,,
11071,13294,NULL,浙江财经大学东方学院,浙江,嘉兴市,本科,,民办,2,区域重点/特色优势高校,院士数：7,academicians,0,0,0,0,0,,855,,,0,0,0,0,7,0,0,,
10982,12792,NULL,浙江越秀外国语学院,浙江,绍兴市,本科,,民办,2,区域重点/特色优势高校,硕士点/硕士专业学位点：3,master_points,0,0,0,0,0,,1004,,,3,0,0,0,0,0,0,,
12405,13688,NULL,浙江邮电职业技术学院,浙江,绍兴市,专科,,公办,3,普通应用/职业供给高校,专科/高职高校，当前库内未命中双高、国家示范/骨干等强信号,default_vocational,0,0,0,0,0,,,,,0,0,0,0,0,0,0,,
12842,14746,NULL,浙江金华科贸职业技术学院,浙江,金华市,专科,,民办,3,普通应用/职业供给高校,专科/高职高校，当前库内未命中双高、国家示范/骨干等强信号,default_vocational,0,0,0,0,0,,,,,0,0,0,0,0,0,0,,
11905,12870,NULL,浙江金融职业学院,浙江,杭州市,专科,,公办,2,区域重点/特色优势高校,职业院校强信号文本：双高,vocational_feature,0,0,0,0,0,,,,,0,0,0,0,0,0,0,,
11674,13027,NULL,浙江长征职业技术学院,浙江,杭州市,专科,,民办,3,普通应用/职业供给高校,专科/高职高校，当前库内未命中双高、国家示范/骨干等强信号,default_vocational,0,0,0,0,0,,,,,0,0,0,0,0,0,0,,
10841,14535,NULL,浙江音乐学院,浙江,杭州市,本科,,公办,2,区域重点/特色优势高校,硕士点/硕士专业学位点：3,master_points,0,0,0,0,0,,,,,3,0,0,0,0,0,0,,
10145,91020,NULL,海军军医大学,上海,杨浦区,本科,,公办,1,头部/强研究型高校,双一流高校；库内综合排名前100：87,is_dual_class;ranking_top100,0,1,1,0,0,,87,,197,58,52,0,0,7,0,0,,
10971,91017,NULL,海军大连舰艇学院,辽宁,大连市,本科,,公办,2,区域重点/特色优势高校,博士点/博士专业学位点：2；硕士点/硕士专业学位点：13,doctoral_points;master_points,0,0,0,0,0,,,,,13,2,0,0,0,0,0,,
10238,91016,NULL,海军工程大学,湖北,武汉市,本科,,公办,2,区域重点/特色优势高校,博士点/博士专业学位点：7；硕士点/硕士专业学位点：12；院士数：1,doctoral_points;master_points;academicians,0,0,0,0,0,,,,446,12,7,0,0,1,0,0,,
10382,91018,NULL,海军潜艇学院,山东,青岛市,本科,其他,公办,2,区域重点/特色优势高校,博士点/博士专业学位点：4；硕士点/硕士专业学位点：4；院士数：2,doctoral_points;master_points;academicians,0,0,0,0,0,,,,,4,4,0,0,2,0,0,,
10932,91019,NULL,海军航空大学,山东,烟台市,本科,,公办,2,区域重点/特色优势高校,博士点/博士专业学位点：17；硕士点/硕士专业学位点：26,doctoral_points;master_points,0,0,0,0,0,,,,,26,17,0,0,0,0,0,,
70569,14846,NULL,海南东方新丝路职业学院,海南,海口市,专科,,民办,3,普通应用/职业供给高校,专科/高职高校，当前库内未命中双高、国家示范/骨干等强信号,default_vocational,0,0,0,0,0,,,,,0,0,0,0,0,0,0,,
11397,14575,NULL,海南体育职业技术学院,海南,海口市,专科,,公办,3,普通应用/职业供给高校,专科/高职高校，当前库内未命中双高、国家示范/骨干等强信号,default_vocational,0,0,0,0,0,,,,,0,0,0,0,1,0,0,,
12281,14639,NULL,海南健康管理职业技术学院,海南,海口市,专科,,民办,3,普通应用/职业供给高校,专科/高职高校，当前库内未命中双高、国家示范/骨干等强信号,default_vocational,0,0,0,0,0,,,,,0,0,0,0,0,0,0,,
10498,11810,NULL,海南医科大学,海南,海口市,本科,应用型,公办,2,区域重点/特色优势高校,软科排名前350：233；库内综合排名前500：409；博士点/博士专业学位点：15；硕士点/硕士专业学位点：48；院士数：1,ruanke_top350;ranking_top500;doctoral_points;master_points;academicians,0,0,0,0,0,233,409,,349,48,15,0,0,1,0,0,,
11828,14724,NULL,海南卫生健康职业学院,海南,海口市,专科,,公办,3,普通应用/职业供给高校,专科/高职高校，当前库内未命中双高、国家示范/骨干等强信号,default_vocational,0,0,0,0,0,,,,,0,0,0,0,0,0,0,,
12269,13577,NULL,海南外国语职业学院,海南,省直辖,专科,,公办,3,普通应用/职业供给高校,专科/高职高校，当前库内未命中双高、国家示范/骨干等强信号,default_vocational,0,0,0,0,0,,,,,0,0,0,0,0,0,0,,
10211,10589,NULL,海南大学,海南,海口市,本科,区域研究型,公办,1,头部/强研究型高校,双一流高校；软科排名前100：87,is_dual_class;ruanke_top100,0,1,1,0,0,87,139,,93,41,16,0,0,0,0,0,,
11889,13876,NULL,海南工商职业学院,海南,海口市,专科,,民办,3,普通应用/职业供给高校,专科/高职高校，当前库内未命中双高、国家示范/骨干等强信号,default_vocational,0,0,0,0,0,,,,,0,0,0,0,0,0,0,,
10317,11658,NULL,海南师范大学,海南,海口市,本科,区域特色研究型,公办,2,区域重点/特色优势高校,办学类型为区域特色研究型；软科排名前350：227；库内综合排名前500：441；博士点/博士专业学位点：6；硕士点/硕士专业学位点：19,school_type_t2;ruanke_top350;ranking_top500;doctoral_points;master_points,0,0,0,0,0,227,441,,384,19,6,0,0,0,0,0,,
12344,13576,NULL,海南政法职业学院,海南,海口市,专科,,公办,3,普通应用/职业供给高校,专科/高职高校，当前库内未命中双高、国家示范/骨干等强信号,default_vocational,0,0,0,0,0,,,,,0,0,0,0,0,0,0,,
70360,14829,NULL,海南比勒费尔德应用科学大学,海南,儋州市,本科,,,3,普通应用/职业供给高校,本科高校，但未命中985、211、双一流、研究型、前列排名、硕博点等强信号,default_undergraduate,0,0,0,0,0,,1126,,,0,0,0,0,0,0,0,,
70675,14948,NULL,海南洛桑旅游大学,海南,三亚市,本科,,,3,普通应用/职业供给高校,本科高校，但未命中985、211、双一流、研究型、前列排名、硕博点等强信号,default_undergraduate,0,0,0,0,0,,1298,,,0,0,0,0,0,0,0,,
10511,11100,NULL,海南热带海洋学院,海南,三亚市,本科,应用型,公办,2,区域重点/特色优势高校,硕士点/硕士专业学位点：3,master_points,0,0,0,0,0,463,767,,,3,0,0,0,0,0,0,,
11200,14172,NULL,海南科技职业大学,海南,海口市,本科,,民办,3,普通应用/职业供给高校,本科高校，但未命中985、211、双一流、研究型、前列排名、硕博点等强信号,default_undergraduate,0,0,0,0,0,,1272,,,0,0,0,0,0,0,0,,
11917,13875,NULL,海南经贸职业技术学院,海南,海口市,专科,,公办,2,区域重点/特色优势高校,职业院校强信号文本：双高,vocational_feature,0,0,0,0,0,,,,,0,0,0,0,0,0,0,,
12014,11999,NULL,海南职业技术学院,海南,海口市,专科,,公办,3,普通应用/职业供给高校,专科/高职高校，当前库内未命中双高、国家示范/骨干等强信号,default_vocational,0,0,0,0,0,,,,,0,0,0,0,0,0,0,,
70618,14891,NULL,海南艺术职业学院,海南,海口市,专科,,公办,3,普通应用/职业供给高校,专科/高职高校，当前库内未命中双高、国家示范/骨干等强信号,default_vocational,0,0,0,0,0,,,,,0,0,0,0,0,0,0,,
70673,14944,NULL,海南警察学院,海南,海口市,本科,,公办,2,区域重点/特色优势高校,库内综合排名前500：431,ranking_top500,0,0,0,0,0,,431,,,0,0,0,0,0,0,0,,
12003,13575,NULL,海南软件职业技术学院,海南,省直辖,专科,,公办,3,普通应用/职业供给高校,专科/高职高校，当前库内未命中双高、国家示范/骨干等强信号,default_vocational,0,0,0,0,0,,,,,0,0,0,0,0,0,0,,
70617,14890,NULL,海口旅游职业学院,海南,海口市,专科,,公办,3,普通应用/职业供给高校,专科/高职高校，当前库内未命中双高、国家示范/骨干等强信号,default_vocational,0,0,0,0,0,,,,,0,0,0,0,0,0,0,,
11253,12308,NULL,海口经济学院,海南,海口市,本科,,民办,2,区域重点/特色优势高校,院士数：1,academicians,0,0,0,0,0,,1263,,,0,0,0,0,1,0,0,,
11574,13777,NULL,淄博师范高等专科学校,山东,淄博市,专科,,公办,3,普通应用/职业供给高校,专科/高职高校，当前库内未命中双高、国家示范/骨干等强信号,default_vocational,0,0,0,0,0,,,,,0,0,0,0,0,0,0,,
11449,13009,NULL,淄博职业技术大学,山东,淄博市,本科,,公办,3,普通应用/职业供给高校,本科高校，但未命中985、211、双一流、研究型、前列排名、硕博点等强信号,default_undergraduate,0,0,0,0,0,,929,,,0,0,0,0,0,0,0,,
10504,10373,NULL,淮北师范大学,安徽,淮北市,本科,应用型,公办,2,区域重点/特色优势高校,软科排名前350：330；硕士点/硕士专业学位点：62,ruanke_top350;master_points,0,0,0,0,0,330,540,,303,62,0,0,0,0,0,0,,
11148,13620,NULL,淮北理工学院,安徽,淮北市,本科,,民办,3,普通应用/职业供给高校,本科高校，但未命中985、211、双一流、研究型、前列排名、硕博点等强信号,default_undergraduate,0,0,0,0,0,,1248,,,0,0,0,0,0,0,0,,
11556,10963,NULL,淮北职业技术学院,安徽,淮北市,专科,,公办,2,区域重点/特色优势高校,职业院校强信号文本：双高,vocational_feature,0,0,0,0,0,,,,,0,0,0,0,0,0,0,,
10794,10381,NULL,淮南师范学院,安徽,淮南市,本科,,公办,3,普通应用/职业供给高校,本科高校，但未命中985、211、双一流、研究型、前列排名、硕博点等强信号,default_undergraduate,0,0,0,0,0,496,764,,,0,0,0,0,0,0,0,,
11762,12220,NULL,淮南职业技术学院,安徽,淮南市,专科,,公办,3,普通应用/职业供给高校,专科/高职高校，当前库内未命中双高、国家示范/骨干等强信号,default_vocational,0,0,0,0,0,,,,,0,0,0,0,0,0,0,,
12162,11308,NULL,淮南联合大学,安徽,淮南市,专科,,公办,3,普通应用/职业供给高校,专科/高职高校，当前库内未命中双高、国家示范/骨干等强信号,default_vocational,0,0,0,0,0,,,,,0,0,0,0,0,0,0,,
10680,11049,NULL,淮安大学,江苏,淮安市,本科,,公办,2,区域重点/特色优势高校,软科排名前350：317；硕士点/硕士专业学位点：14,ruanke_top350;master_points,0,0,0,0,0,317,789,,255,14,0,0,0,0,0,0,,
10650,10323,NULL,淮阴师范学院,江苏,淮安市,本科,,公办,2,区域重点/特色优势高校,软科排名前350：331；硕士点/硕士专业学位点：15；院士数：1,ruanke_top350;master_points;academicians,0,0,0,0,0,331,796,,296,15,0,0,0,1,0,0,,
11429,12957,NULL,深圳信息职业技术大学,广东,深圳市,本科,,公办,2,区域重点/特色优势高校,库内综合排名前500：184,ranking_top500,0,0,0,0,0,,184,,440,0,0,0,0,0,0,0,,
10487,16409,NULL,深圳北理莫斯科大学,广东,深圳市,本科,区域特色研究型,,2,区域重点/特色优势高校,办学类型为区域特色研究型；软科排名前350：108；库内综合排名前500：196；院士数：1,school_type_t2;ruanke_top350;ranking_top500;academicians,0,0,0,0,0,108,196,,,0,0,0,0,1,0,0,,
70568,14845,NULL,深圳城市职业学院,广东,深圳市,专科,,公办,3,普通应用/职业供给高校,专科/高职高校，当前库内未命中双高、国家示范/骨干等强信号,default_vocational,0,0,0,0,0,,,,,0,0,0,0,0,0,0,,
10152,10590,NULL,深圳大学,广东,深圳市,本科,区域研究型,公办,1,头部/强研究型高校,软科排名前100：66；库内综合排名前100：69,ruanke_top100;ranking_top100,0,0,0,1,0,66,69,27,20,162,38,0,0,9,0,0,,
10505,14655,NULL,深圳技术大学,广东,深圳市,本科,其他,公办,2,区域重点/特色优势高校,软科排名前350：283；库内综合排名前500：118；院士数：2,ruanke_top350;ranking_top500;academicians,0,0,0,0,0,283,118,,264,0,0,0,0,2,0,0,,
70561,14880,NULL,深圳理工大学,广东,深圳市,本科,,公办,1,头部/强研究型高校,库内综合排名前100：31,ranking_top100,0,0,0,0,0,,31,,,0,0,0,0,0,0,0,,
11420,11113,NULL,深圳职业技术大学,广东,深圳市,本科,,公办,2,区域重点/特色优势高校,库内综合排名前500：158,ranking_top500,0,0,0,0,0,,158,,291,0,0,0,0,0,0,0,,
10003,10003,NULL,清华大学,北京,海淀区,本科,中国研究型,公办,1,头部/强研究型高校,985 高校；双一流高校；办学类型为中国研究型；软科排名前100：1；库内综合排名前100：1,is985;is_dual_class;school_type_t1;ruanke_top100;ranking_top100,1,1,1,1,0,1,1,2,1,67,73,0,0,98,0,0,,
11665,12958,NULL,清远职业技术学院,广东,清远市,专科,,公办,3,普通应用/职业供给高校,专科/高职高校，当前库内未命中双高、国家示范/骨干等强信号,default_vocational,0,0,0,0,0,,,,,0,0,0,0,0,0,0,,
10468,10167,NULL,渤海大学,辽宁,锦州市,本科,应用型,公办,2,区域重点/特色优势高校,软科排名前350：285；库内综合排名前500：403；硕士点/硕士专业学位点：23,ruanke_top350;ranking_top500;master_points,0,0,0,0,0,285,403,,133,23,0,0,0,0,0,0,,
12588,14472,NULL,渤海理工职业学院,河北,沧州市,专科,,民办,3,普通应用/职业供给高校,专科/高职高校，当前库内未命中双高、国家示范/骨干等强信号,default_vocational,0,0,0,0,0,,,,,0,0,0,0,0,0,0,,
11502,13394,NULL,渤海石油职业学院,河北,沧州市,专科,,公办,3,普通应用/职业供给高校,专科/高职高校，当前库内未命中双高、国家示范/骨干等强信号,default_vocational,0,0,0,0,0,,,,,0,0,0,0,0,0,0,,
11686,12931,NULL,渤海船舶职业学院,辽宁,葫芦岛,专科,,公办,3,普通应用/职业供给高校,专科/高职高校，当前库内未命中双高、国家示范/骨干等强信号,default_vocational,0,0,0,0,0,,,,,0,0,0,0,0,0,0,,
10246,10343,NULL,温州医科大学,浙江,温州市,本科,区域特色研究型,公办,1,头部/强研究型高校,软科排名前100：91,ruanke_top100,0,0,0,0,0,91,272,,143,34,26,0,0,1,0,0,,
11081,13284,NULL,温州医科大学仁济学院,浙江,温州市,本科,,民办,3,普通应用/职业供给高校,本科高校，但未命中985、211、双一流、研究型、前列排名、硕博点等强信号,default_undergraduate,0,0,0,0,0,,945,,,0,0,0,0,0,0,0,,
11208,13637,NULL,温州商学院,浙江,温州市,本科,,民办,3,普通应用/职业供给高校,本科高校，但未命中985、211、双一流、研究型、前列排名、硕博点等强信号,default_undergraduate,0,0,0,0,0,,1032,,,0,0,0,0,0,0,0,,
10286,10351,NULL,温州大学,浙江,温州市,本科,区域特色研究型,公办,2,区域重点/特色优势高校,办学类型为区域特色研究型；软科排名前350：129；库内综合排名前500：253；博士点/博士专业学位点：2；硕士点/硕士专业学位点：34；院士数：1,school_type_t2;ruanke_top350;ranking_top500;doctoral_points;master_points;academicians,0,0,0,0,0,129,253,,87,34,2,0,0,1,0,0,,
11075,13289,NULL,温州理工学院,浙江,温州市,本科,,公办,2,区域重点/特色优势高校,库内综合排名前500：473,ranking_top500,0,0,0,0,0,360,473,,,0,0,0,0,0,0,0,,
11711,14088,NULL,温州科技职业学院,浙江,温州市,专科,,公办,3,普通应用/职业供给高校,专科/高职高校，当前库内未命中双高、国家示范/骨干等强信号,default_vocational,0,0,0,0,0,,,,,0,0,0,0,0,0,0,,
11611,10864,NULL,温州职业技术学院,浙江,温州市,专科,,公办,2,区域重点/特色优势高校,职业院校强信号文本：双高,vocational_feature,0,0,0,0,0,,,,,0,0,0,0,0,0,0,,
10172,16405,NULL,温州肯恩大学,浙江,温州市,本科,应用型,,2,区域重点/特色优势高校,软科排名前350：151；库内综合排名前500：417；博士点/博士专业学位点：1；硕士点/硕士专业学位点：7,ruanke_top350;ranking_top500;doctoral_points;master_points,0,0,0,0,0,151,417,,,7,1,0,0,0,0,0,,
10862,10723,NULL,渭南师范学院,陕西,渭南市,本科,,公办,3,普通应用/职业供给高校,本科高校，但未命中985、211、双一流、研究型、前列排名、硕博点等强信号,default_undergraduate,0,0,0,0,0,460,672,,,0,0,0,0,0,0,0,,
11529,13951,NULL,渭南职业技术学院,陕西,渭南市,专科,,公办,3,普通应用/职业供给高校,专科/高职高校，当前库内未命中双高、国家示范/骨干等强信号,default_vocational,0,0,0,0,0,,,,,0,0,0,0,0,0,0,,
12066,13772,NULL,湄洲湾职业技术学院,福建,莆田市,专科,,公办,3,普通应用/职业供给高校,专科/高职高校，当前库内未命中双高、国家示范/骨干等强信号,default_vocational,0,0,0,0,0,,,,,0,0,0,0,0,0,0,,
11539,12979,NULL,湖北三峡职业技术学院,湖北,宜昌市,专科,,公办,3,普通应用/职业供给高校,专科/高职高校，当前库内未命中双高、国家示范/骨干等强信号,default_vocational,0,0,0,0,0,,,,,0,0,0,0,0,0,0,,
70624,14899,NULL,湖北三峡航空学院,湖北,宜昌市,本科,,民办,3,普通应用/职业供给高校,本科高校，但未命中985、211、双一流、研究型、前列排名、硕博点等强信号,default_undergraduate,0,0,0,0,0,,1253,,,0,0,0,0,0,0,0,,
10445,10507,NULL,湖北中医药大学,湖北,武汉市,本科,应用型,公办,2,区域重点/特色优势高校,软科排名前350：205；库内综合排名前500：397；博士点/博士专业学位点：21；硕士点/硕士专业学位点：31,ruanke_top350;ranking_top500;doctoral_points;master_points,0,0,0,0,0,205,397,,387,31,21,0,0,0,0,0,,
11945,12951,NULL,湖北中医药高等专科学校,湖北,荆州市,专科,,公办,3,普通应用/职业供给高校,专科/高职高校，当前库内未命中双高、国家示范/骨干等强信号,default_vocational,0,0,0,0,0,,,,,0,0,0,0,0,0,0,,
12191,12752,NULL,湖北交通职业技术学院,湖北,武汉市,专科,,公办,3,普通应用/职业供给高校,专科/高职高校，当前库内未命中双高、国家示范/骨干等强信号,default_vocational,0,0,0,0,0,,,,,0,0,0,0,0,0,0,,
12232,14356,NULL,湖北体育职业学院,湖北,武汉市,专科,,公办,3,普通应用/职业供给高校,专科/高职高校，当前库内未命中双高、国家示范/骨干等强信号,default_vocational,0,0,0,0,0,,,,,0,0,0,0,0,0,0,,
11964,14721,NULL,湖北健康职业学院,湖北,咸宁市,专科,,民办,3,普通应用/职业供给高校,专科/高职高校，当前库内未命中双高、国家示范/骨干等强信号,default_vocational,0,0,0,0,0,,,,,0,0,0,0,0,0,0,,
10704,10929,NULL,湖北医药学院,湖北,十堰市,本科,,公办,2,区域重点/特色优势高校,软科排名前350：267；硕士点/硕士专业学位点：13,ruanke_top350;master_points,0,0,0,0,0,267,531,,333,13,0,0,0,0,0,0,,
11321,13249,NULL,湖北医药学院药护学院,湖北,十堰市,本科,,民办,3,普通应用/职业供给高校,本科高校，但未命中985、211、双一流、研究型、前列排名、硕博点等强信号,default_undergraduate,0,0,0,0,0,,1058,,,0,0,0,0,0,0,0,,
11322,13247,NULL,湖北商贸学院,湖北,武汉市,本科,,民办,3,普通应用/职业供给高校,本科高校，但未命中985、211、双一流、研究型、前列排名、硕博点等强信号,default_undergraduate,0,0,0,0,0,,1221,,,0,0,0,0,0,0,0,,
11806,13800,NULL,湖北国土资源职业学院,湖北,武汉市,专科,,公办,3,普通应用/职业供给高校,专科/高职高校，当前库内未命中双高、国家示范/骨干等强信号,default_vocational,0,0,0,0,0,,,,,0,0,0,0,0,0,0,,
11877,12983,NULL,湖北城市建设职业技术学院,湖北,武汉市,专科,,公办,3,普通应用/职业供给高校,专科/高职高校，当前库内未命中双高、国家示范/骨干等强信号,default_vocational,0,0,0,0,0,,,,,0,0,0,0,0,0,0,,
10215,10512,NULL,湖北大学,湖北,武汉市,本科,区域研究型,公办,2,区域重点/特色优势高校,办学类型为区域研究型；软科排名前350：121；库内综合排名前500：173；博士点/博士专业学位点：12；硕士点/硕士专业学位点：37；院士数：1,school_type_t2;ruanke_top350;ranking_top500;doctoral_points;master_points;academicians,0,0,0,0,0,121,173,,177,37,12,0,0,1,0,0,,
11177,13234,NULL,湖北大学知行学院,湖北,武汉市,本科,,民办,3,普通应用/职业供给高校,本科高校，但未命中985、211、双一流、研究型、前列排名、硕博点等强信号,default_undergraduate,0,0,0,0,0,,967,,,0,0,0,0,0,0,0,,
70068,14755,NULL,湖北孝感美珈职业学院,湖北,孝感市,专科,,民办,3,普通应用/职业供给高校,专科/高职高校，当前库内未命中双高、国家示范/骨干等强信号,default_vocational,0,0,0,0,0,,,,,0,0,0,0,0,0,0,,
10292,10500,NULL,湖北工业大学,湖北,武汉市,本科,应用型,公办,2,区域重点/特色优势高校,软科排名前350：162；库内综合排名前500：206；博士点/博士专业学位点：5；硕士点/硕士专业学位点：31,ruanke_top350;ranking_top500;doctoral_points;master_points,0,0,0,0,0,162,206,,177,31,5,0,0,0,0,0,,
11366,13238,NULL,湖北工业大学工程技术学院,湖北,武汉市,本科,,民办,3,普通应用/职业供给高校,本科高校，但未命中985、211、双一流、研究型、前列排名、硕博点等强信号,default_undergraduate,0,0,0,0,0,,1009,,,0,0,0,0,0,0,0,,
11808,11334,NULL,湖北工业职业技术学院,湖北,十堰市,专科,,公办,3,普通应用/职业供给高校,专科/高职高校，当前库内未命中双高、国家示范/骨干等强信号,default_vocational,0,0,0,0,0,,,,,0,0,0,0,0,0,0,,
10672,10528,NULL,湖北工程学院,湖北,孝感市,本科,,公办,2,区域重点/特色优势高校,硕士点/硕士专业学位点：2,master_points,0,0,0,0,0,419,706,,,2,0,0,0,0,0,0,,
11225,13258,NULL,湖北工程学院新技术学院,湖北,孝感市,本科,,民办,3,普通应用/职业供给高校,本科高校，但未命中985、211、双一流、研究型、前列排名、硕博点等强信号,default_undergraduate,0,0,0,0,0,,1022,,,0,0,0,0,0,0,0,,
11887,14197,NULL,湖北工程职业学院,湖北,黄石市,专科,,公办,3,普通应用/职业供给高校,专科/高职高校，当前库内未命中双高、国家示范/骨干等强信号,default_vocational,0,0,0,0,0,,,,,0,0,0,0,0,0,0,,
10611,10513,NULL,湖北师范大学,湖北,黄石市,本科,,公办,2,区域重点/特色优势高校,软科排名前350：312；库内综合排名前500：395；硕士点/硕士专业学位点：25,ruanke_top350;ranking_top500;master_points,0,0,0,0,0,312,395,,323,25,0,0,0,0,0,0,,
11327,13256,NULL,湖北师范大学文理学院,湖北,黄石市,本科,,民办,3,普通应用/职业供给高校,本科高校，但未命中985、211、双一流、研究型、前列排名、硕博点等强信号,default_undergraduate,0,0,0,0,0,,1071,,,0,0,0,0,0,0,0,,
12463,14467,NULL,湖北幼儿师范高等专科学校,湖北,武汉市,专科,,公办,3,普通应用/职业供给高校,专科/高职高校，当前库内未命中双高、国家示范/骨干等强信号,default_vocational,0,0,0,0,0,,,,,0,0,0,0,0,0,0,,
12633,12986,NULL,湖北开放职业学院,湖北,武汉市,专科,,民办,3,普通应用/职业供给高校,专科/高职高校，当前库内未命中双高、国家示范/骨干等强信号,default_vocational,0,0,0,0,0,,,,,0,0,0,0,0,0,0,,
11217,13250,NULL,湖北恩施学院,湖北,恩施土家族苗族自治州,本科,,民办,3,普通应用/职业供给高校,本科高校，但未命中985、211、双一流、研究型、前列排名、硕博点等强信号,default_undergraduate,0,0,0,0,0,,1116,,,0,0,0,0,0,0,0,,
10370,10519,NULL,湖北文理学院,湖北,襄阳市,本科,应用型,公办,2,区域重点/特色优势高校,硕士点/硕士专业学位点：8,master_points,0,0,0,0,0,372,667,,273,8,0,0,0,0,0,0,,
11365,13257,NULL,湖北文理学院理工学院,湖北,襄阳市,本科,,民办,3,普通应用/职业供给高校,本科高校，但未命中985、211、双一流、研究型、前列排名、硕博点等强信号,default_undergraduate,0,0,0,0,0,,1045,,,0,0,0,0,0,0,0,,
10681,10517,NULL,湖北民族大学,湖北,恩施土家族苗族自治州,本科,,公办,2,区域重点/特色优势高校,软科排名前350：345；硕士点/硕士专业学位点：23,ruanke_top350;master_points,0,0,0,0,0,345,616,,,23,0,0,0,0,0,0,,
12120,12982,NULL,湖北水利水电职业技术学院,湖北,武汉市,专科,,公办,3,普通应用/职业供给高校,专科/高职高校，当前库内未命中双高、国家示范/骨干等强信号,default_vocational,0,0,0,0,0,,,,,0,0,0,0,1,0,0,,
10614,10525,NULL,湖北汽车工业学院,湖北,十堰市,本科,,公办,2,区域重点/特色优势高校,软科排名前350：341；硕士点/硕士专业学位点：15；院士数：1,ruanke_top350;master_points;academicians,0,0,0,0,0,341,599,,,15,0,0,0,1,0,0,,
11155,13248,NULL,湖北汽车工业学院科技学院,湖北,十堰市,本科,,民办,3,普通应用/职业供给高校,本科高校，但未命中985、211、双一流、研究型、前列排名、硕博点等强信号,default_undergraduate,0,0,0,0,0,,,,,0,0,0,0,0,0,0,,
10755,10920,NULL,湖北理工学院,湖北,黄石市,本科,,公办,2,区域重点/特色优势高校,硕士点/硕士专业学位点：3,master_points,0,0,0,0,0,414,652,,,3,0,0,0,0,0,0,,
11932,13801,NULL,湖北生态工程职业技术学院,湖北,武汉市,专科,,公办,3,普通应用/职业供给高校,专科/高职高校，当前库内未命中双高、国家示范/骨干等强信号,default_vocational,0,0,0,0,0,,,,,0,0,0,0,0,0,0,,
11818,12985,NULL,湖北生物科技职业学院,湖北,武汉市,专科,,公办,3,普通应用/职业供给高校,专科/高职高校，当前库内未命中双高、国家示范/骨干等强信号,default_vocational,0,0,0,0,0,,,,,0,0,0,0,0,0,0,,
10720,10927,NULL,湖北科技学院,湖北,咸宁市,本科,,公办,2,区域重点/特色优势高校,硕士点/硕士专业学位点：6,master_points,0,0,0,0,0,372,649,,349,6,0,0,0,0,0,0,,
12491,14119,NULL,湖北科技职业学院,湖北,武汉市,专科,,公办,3,普通应用/职业供给高校,专科/高职高校，当前库内未命中双高、国家示范/骨干等强信号,default_vocational,0,0,0,0,0,,,,,0,0,0,0,0,0,0,,
10759,14099,NULL,湖北第二师范学院,湖北,武汉市,本科,,公办,2,区域重点/特色优势高校,库内综合排名前500：461,ranking_top500,0,0,0,0,0,364,461,,,0,0,0,0,0,0,0,,
10506,11600,NULL,湖北经济学院,湖北,武汉市,本科,应用型,公办,2,区域重点/特色优势高校,软科排名前350：263；库内综合排名前500：415；硕士点/硕士专业学位点：1,ruanke_top350;ranking_top500;master_points,0,0,0,0,0,263,415,,,1,0,0,0,0,0,0,,
11080,13251,NULL,湖北经济学院法商学院,湖北,武汉市,本科,,民办,3,普通应用/职业供给高校,本科高校，但未命中985、211、双一流、研究型、前列排名、硕博点等强信号,default_undergraduate,0,0,0,0,0,,1046,,,0,0,0,0,0,0,0,,
10660,10523,NULL,湖北美术学院,湖北,武汉市,本科,,公办,2,区域重点/特色优势高校,硕士点/硕士专业学位点：7,master_points,0,0,0,0,0,,660,,,7,0,0,0,0,0,0,,
11454,12051,NULL,湖北职业技术学院,湖北,孝感市,专科,,公办,3,普通应用/职业供给高校,专科/高职高校，当前库内未命中双高、国家示范/骨干等强信号,default_vocational,0,0,0,0,0,,,,,0,0,0,0,0,0,0,,
12362,13263,NULL,湖北艺术职业学院,湖北,武汉市,专科,,公办,3,普通应用/职业供给高校,专科/高职高校，当前库内未命中双高、国家示范/骨干等强信号,default_vocational,0,0,0,0,0,,,,,0,0,0,0,0,0,0,,
10750,11332,NULL,湖北警官学院,湖北,武汉市,本科,,公办,2,区域重点/特色优势高校,库内综合排名前500：349,ranking_top500,0,0,0,0,0,433,349,,,0,0,0,0,0,0,0,,
12416,13798,NULL,湖北财税职业学院,湖北,武汉市,专科,,公办,3,普通应用/职业供给高校,专科/高职高校，当前库内未命中双高、国家示范/骨干等强信号,default_vocational,0,0,0,0,0,,,,,0,0,0,0,0,0,0,,
12213,12744,NULL,湖北轻工职业技术学院,湖北,武汉市,专科,,公办,3,普通应用/职业供给高校,专科/高职高校，当前库内未命中双高、国家示范/骨干等强信号,default_vocational,0,0,0,0,0,,,,,0,0,0,0,0,0,0,,
12888,14553,NULL,湖北铁道运输职业学院,湖北,武汉市,专科,,公办,3,普通应用/职业供给高校,专科/高职高校，当前库内未命中双高、国家示范/骨干等强信号,default_vocational,0,0,0,0,0,,,,,0,0,0,0,0,0,0,,
12760,14120,NULL,湖北青年职业学院,湖北,武汉市,专科,,公办,3,普通应用/职业供给高校,专科/高职高校，当前库内未命中双高、国家示范/骨干等强信号,default_vocational,0,0,0,0,0,,,,,0,0,0,0,0,0,0,,
12648,13797,NULL,湖北黄冈应急管理职业技术学院,湖北,黄冈市,专科,,公办,3,普通应用/职业供给高校,专科/高职高校，当前库内未命中双高、国家示范/骨干等强信号,default_vocational,0,0,0,0,0,,,,,0,0,0,0,0,0,0,,
12342,14322,NULL,湖南三一工业职业技术学院,湖南,长沙市,专科,,民办,3,普通应用/职业供给高校,专科/高职高校，当前库内未命中双高、国家示范/骨干等强信号,default_vocational,0,0,0,0,0,,,,,0,0,0,0,0,0,0,,
10322,10541,NULL,湖南中医药大学,湖南,长沙市,本科,区域特色研究型,公办,2,区域重点/特色优势高校,办学类型为区域特色研究型；软科排名前350：169；库内综合排名前500：294；博士点/博士专业学位点：27；硕士点/硕士专业学位点：79,school_type_t2;ruanke_top350;ranking_top500;doctoral_points;master_points,0,0,0,0,0,169,294,,375,79,27,0,0,0,0,0,,
11320,12661,NULL,湖南中医药大学湘杏学院,湖南,长沙市,本科,,民办,3,普通应用/职业供给高校,本科高校，但未命中985、211、双一流、研究型、前列排名、硕博点等强信号,default_undergraduate,0,0,0,0,0,,979,,,0,0,0,0,0,0,0,,
11710,13802,NULL,湖南中医药高等专科学校,湖南,株洲市,专科,,公办,3,普通应用/职业供给高校,专科/高职高校，当前库内未命中双高、国家示范/骨干等强信号,default_vocational,0,0,0,0,0,,,,,0,0,0,0,0,0,0,,
12368,13922,NULL,湖南九嶷职业技术学院,湖南,永州市,专科,,公办,3,普通应用/职业供给高校,专科/高职高校，当前库内未命中双高、国家示范/骨干等强信号,default_vocational,0,0,0,0,0,,,,,0,0,0,0,0,0,0,,
11339,13924,NULL,湖南交通工程学院,湖南,衡阳市,本科,,民办,3,普通应用/职业供给高校,本科高校，但未命中985、211、双一流、研究型、前列排名、硕博点等强信号,default_undergraduate,0,0,0,0,0,,1243,,,0,0,0,0,0,0,0,,
11589,12397,NULL,湖南交通职业技术学院,湖南,长沙市,专科,,公办,2,区域重点/特色优势高校,职业院校强信号文本：双高,vocational_feature,0,0,0,0,0,,,,,0,0,0,0,0,0,0,,
10616,10553,NULL,湖南人文科技学院,湖南,娄底市,本科,,公办,2,区域重点/特色优势高校,硕士点/硕士专业学位点：1,master_points,0,0,0,0,0,490,862,,,1,0,0,0,0,0,0,,
11654,12423,NULL,湖南体育职业学院,湖南,长沙市,专科,,公办,3,普通应用/职业供给高校,专科/高职高校，当前库内未命中双高、国家示范/骨干等强信号,default_vocational,0,0,0,0,0,,,,,0,0,0,0,0,0,0,,
11305,13836,NULL,湖南信息学院,湖南,长沙市,本科,,民办,3,普通应用/职业供给高校,本科高校，但未命中985、211、双一流、研究型、前列排名、硕博点等强信号,default_undergraduate,0,0,0,0,0,,1199,,,0,0,0,0,0,0,0,,
11596,10865,NULL,湖南信息职业技术学院,湖南,长沙市,专科,,公办,3,普通应用/职业供给高校,专科/高职高校，当前库内未命中双高、国家示范/骨干等强信号,default_vocational,0,0,0,0,0,,,,,0,0,0,0,0,0,0,,
10176,10537,NULL,湖南农业大学,湖南,长沙市,本科,区域特色研究型,公办,2,区域重点/特色优势高校,办学类型为区域特色研究型；软科排名前350：166；库内综合排名前500：328；博士点/博士专业学位点：12；硕士点/硕士专业学位点：24；院士数：3,school_type_t2;ruanke_top350;ranking_top500;doctoral_points;master_points;academicians,0,0,0,0,0,166,328,,188,24,12,0,0,3,0,0,,
11273,12653,NULL,湖南农业大学东方科技学院,湖南,长沙市,本科,,民办,3,普通应用/职业供给高校,本科高校，但未命中985、211、双一流、研究型、前列排名、硕博点等强信号,default_undergraduate,0,0,0,0,0,,927,,,0,0,0,0,0,0,0,,
12809,14508,NULL,湖南劳动人事职业学院,湖南,长沙市,专科,,公办,3,普通应用/职业供给高校,专科/高职高校，当前库内未命中双高、国家示范/骨干等强信号,default_vocational,0,0,0,0,0,,,,,0,0,0,0,0,0,0,,
11496,13043,NULL,湖南化工职业技术学院,湖南,株洲市,专科,,公办,2,区域重点/特色优势高校,职业院校强信号文本：双高,vocational_feature,0,0,0,0,0,,,,,0,0,0,0,0,0,0,,
10866,12214,NULL,湖南医药学院,湖南,怀化市,本科,,公办,3,普通应用/职业供给高校,本科高校，但未命中985、211、双一流、研究型、前列排名、硕博点等强信号,default_undergraduate,0,0,0,0,0,500,835,,,0,0,0,0,0,0,0,,
12477,12601,NULL,湖南司法警官职业学院,湖南,长沙市,专科,,公办,3,普通应用/职业供给高校,专科/高职高校，当前库内未命中双高、国家示范/骨干等强信号,default_vocational,0,0,0,0,0,,,,,0,0,0,0,0,0,0,,
12798,14406,NULL,湖南吉利汽车职业技术学院,湖南,湘潭市,专科,,民办,3,普通应用/职业供给高校,专科/高职高校，当前库内未命中双高、国家示范/骨干等强信号,default_vocational,0,0,0,0,0,,,,,0,0,0,0,0,0,0,,
12091,12401,NULL,湖南商务职业技术学院,湖南,长沙市,专科,,公办,3,普通应用/职业供给高校,专科/高职高校，当前库内未命中双高、国家示范/骨干等强信号,default_vocational,0,0,0,0,0,,,,,0,0,0,0,0,0,0,,
12537,14182,NULL,湖南国防工业职业技术学院,湖南,湘潭市,专科,,公办,3,普通应用/职业供给高校,专科/高职高校，当前库内未命中双高、国家示范/骨干等强信号,default_vocational,0,0,0,0,0,,,,,0,0,0,0,0,0,0,,
10581,11527,NULL,湖南城市学院,湖南,益阳市,本科,,公办,2,区域重点/特色优势高校,硕士点/硕士专业学位点：12；院士数：1,master_points;academicians,0,0,0,0,0,463,820,,,12,0,0,0,1,0,0,,
11998,13044,NULL,湖南城建职业技术学院,湖南,湘潭市,专科,,公办,3,普通应用/职业供给高校,专科/高职高校，当前库内未命中双高、国家示范/骨干等强信号,default_vocational,0,0,0,0,0,,,,,0,0,0,0,0,0,0,,
12566,14072,NULL,湖南外国语职业学院,湖南,长沙市,专科,,民办,3,普通应用/职业供给高校,专科/高职高校，当前库内未命中双高、国家示范/骨干等强信号,default_vocational,0,0,0,0,0,,,,,0,0,0,0,0,0,0,,
12113,12597,NULL,湖南外贸职业学院,湖南,长沙市,专科,,公办,3,普通应用/职业供给高校,专科/高职高校，当前库内未命中双高、国家示范/骨干等强信号,default_vocational,0,0,0,0,0,,,,,0,0,0,0,0,0,0,,
11930,12300,NULL,湖南大众传媒职业技术学院,湖南,长沙市,专科,,公办,2,区域重点/特色优势高校,职业院校强信号文本：双高,vocational_feature,0,0,0,0,0,,,,,0,0,0,0,0,0,0,,
10045,10532,NULL,湖南大学,湖南,长沙市,本科,研究型,公办,1,头部/强研究型高校,985 高校；双一流高校；办学类型为研究型；软科排名前100：31；库内综合排名前100：33,is985;is_dual_class;school_type_t1;ruanke_top100;ranking_top100,1,1,1,1,0,31,33,34,12,47,37,0,0,12,0,0,,
10724,11538,NULL,湖南女子学院,湖南,长沙市,本科,,公办,3,普通应用/职业供给高校,本科高校，但未命中985、211、双一流、研究型、前列排名、硕博点等强信号,default_undergraduate,0,0,0,0,0,500,743,,,0,0,0,0,0,0,0,,
12187,14025,NULL,湖南安全技术职业学院,湖南,长沙市,专科,,公办,3,普通应用/职业供给高校,专科/高职高校，当前库内未命中双高、国家示范/骨干等强信号,default_vocational,0,0,0,0,0,,,,,0,0,0,0,0,0,0,,
10439,11535,NULL,湖南工业大学,湖南,株洲市,本科,应用型,公办,2,区域重点/特色优势高校,软科排名前350：293；库内综合排名前500：416；博士点/博士专业学位点：3；硕士点/硕士专业学位点：73,ruanke_top350;ranking_top500;doctoral_points;master_points,0,0,0,0,0,293,416,,184,73,3,0,0,0,0,0,,
11326,12604,NULL,湖南工业大学科技学院,湖南,株洲市,本科,,民办,3,普通应用/职业供给高校,本科高校，但未命中985、211、双一流、研究型、前列排名、硕博点等强信号,default_undergraduate,0,0,0,0,0,,,,,0,0,0,0,0,0,0,,
11445,10830,NULL,湖南工业职业技术学院,湖南,长沙市,专科,,公办,2,区域重点/特色优势高校,职业院校强信号文本：双高,vocational_feature,0,0,0,0,0,,,,,0,0,0,0,0,0,0,,
10289,10554,NULL,湖南工商大学,湖南,长沙市,本科,应用型,公办,2,区域重点/特色优势高校,软科排名前350：267；库内综合排名前500：279；博士点/博士专业学位点：1；硕士点/硕士专业学位点：44；院士数：2,ruanke_top350;ranking_top500;doctoral_points;master_points;academicians,0,0,0,0,0,267,279,,,44,1,0,0,2,0,0,,
11471,14310,NULL,湖南工商职业学院,湖南,衡阳市,专科,,民办,3,普通应用/职业供给高校,专科/高职高校，当前库内未命中双高、国家示范/骨干等强信号,default_vocational,0,0,0,0,0,,,,,0,0,0,0,0,0,0,,
10617,11528,NULL,湖南工学院,湖南,衡阳市,本科,,公办,3,普通应用/职业供给高校,本科高校，但未命中985、211、双一流、研究型、前列排名、硕博点等强信号,default_undergraduate,0,0,0,0,0,471,709,,,0,0,0,0,0,0,0,,
10583,11342,NULL,湖南工程学院,湖南,湘潭市,本科,,公办,2,区域重点/特色优势高校,硕士点/硕士专业学位点：2,master_points,0,0,0,0,0,406,573,,416,2,0,0,0,0,0,0,,
11332,12660,NULL,湖南工程学院应用技术学院,湖南,湘潭市,本科,,民办,3,普通应用/职业供给高校,本科高校，但未命中985、211、双一流、研究型、前列排名、硕博点等强信号,default_undergraduate,0,0,0,0,0,,963,,,0,0,0,0,0,0,0,,
12582,12425,NULL,湖南工程职业技术学院,湖南,长沙市,专科,,公办,3,普通应用/职业供给高校,专科/高职高校，当前库内未命中双高、国家示范/骨干等强信号,default_vocational,0,0,0,0,0,,,,,0,0,0,0,0,0,0,,
12505,13921,NULL,湖南工艺美术职业学院,湖南,益阳市,专科,,公办,2,区域重点/特色优势高校,职业院校强信号文本：双高,vocational_feature,0,0,0,0,0,,,,,0,0,0,0,0,0,0,,
10092,10542,NULL,湖南师范大学,湖南,长沙市,本科,区域特色研究型,公办,1,头部/强研究型高校,双一流高校；软科排名前100：92；库内综合排名前100：95,is_dual_class;ruanke_top100;ranking_top100,0,1,1,0,0,92,95,,212,90,60,0,0,3,0,0,,
11916,14468,NULL,湖南幼儿师范高等专科学校,湖南,常德市,专科,,公办,3,普通应用/职业供给高校,专科/高职高校，当前库内未命中双高、国家示范/骨干等强信号,default_vocational,0,0,0,0,0,,,,,0,0,0,0,0,0,0,,
11306,13809,NULL,湖南应用技术学院,湖南,常德市,本科,,民办,3,普通应用/职业供给高校,本科高校，但未命中985、211、双一流、研究型、前列排名、硕博点等强信号,default_undergraduate,0,0,0,0,0,,1176,,,0,0,0,0,0,0,0,,
10561,10549,NULL,湖南文理学院,湖南,常德市,本科,,公办,2,区域重点/特色优势高校,硕士点/硕士专业学位点：6；院士数：1,master_points;academicians,0,0,0,0,0,455,583,,,6,0,0,0,1,0,0,,
12771,14360,NULL,湖南有色金属职业技术学院,湖南,株洲市,专科,,公办,3,普通应用/职业供给高校,专科/高职高校，当前库内未命中双高、国家示范/骨干等强信号,default_vocational,0,0,0,0,0,,,,,0,0,0,0,0,0,0,,
11683,13033,NULL,湖南机电职业技术学院,湖南,长沙市,专科,,公办,3,普通应用/职业供给高校,专科/高职高校，当前库内未命中双高、国家示范/骨干等强信号,default_vocational,0,0,0,0,0,,,,,0,0,0,0,0,0,0,,
11722,13804,NULL,湖南民族职业学院,湖南,岳阳市,专科,,公办,3,普通应用/职业供给高校,专科/高职高校，当前库内未命中双高、国家示范/骨干等强信号,default_vocational,0,0,0,0,0,,,,,0,0,0,0,0,0,0,,
12050,13939,NULL,湖南水利水电职业技术学院,湖南,长沙市,专科,,公办,3,普通应用/职业供给高校,专科/高职高校，当前库内未命中双高、国家示范/骨干等强信号,default_vocational,0,0,0,0,0,,,,,0,0,0,0,0,0,0,,
11735,13937,NULL,湖南汽车工程职业大学,湖南,株洲市,本科,,公办,3,普通应用/职业供给高校,本科高校，但未命中985、211、双一流、研究型、前列排名、硕博点等强信号,default_undergraduate,0,0,0,0,0,,757,,,0,0,0,0,0,0,0,,
11235,12303,NULL,湖南涉外经济学院,湖南,长沙市,本科,,民办,3,普通应用/职业供给高校,本科高校，但未命中985、211、双一流、研究型、前列排名、硕博点等强信号,default_undergraduate,0,0,0,0,0,,1197,,,0,0,0,0,0,0,0,,
11475,12739,NULL,湖南环境生物职业技术学院,湖南,衡阳市,专科,,公办,3,普通应用/职业供给高校,专科/高职高校，当前库内未命中双高、国家示范/骨干等强信号,default_vocational,0,0,0,0,0,,,,,0,0,0,0,0,0,0,,
12157,13940,NULL,湖南现代物流职业技术学院,湖南,长沙市,专科,,公办,3,普通应用/职业供给高校,专科/高职高校，当前库内未命中双高、国家示范/骨干等强信号,default_vocational,0,0,0,0,0,,,,,0,0,0,0,0,0,0,,
10459,10543,NULL,湖南理工大学,湖南,岳阳市,本科,应用型,公办,2,区域重点/特色优势高校,软科排名前350：310；硕士点/硕士专业学位点：11,ruanke_top350;master_points,0,0,0,0,0,310,544,,417,11,0,0,0,0,0,0,,
12586,13923,NULL,湖南理工职业技术学院,湖南,湘潭市,专科,,公办,3,普通应用/职业供给高校,专科/高职高校，当前库内未命中双高、国家示范/骨干等强信号,default_vocational,0,0,0,0,0,,,,,0,0,0,0,0,0,0,,
11666,12343,NULL,湖南生物机电职业技术学院,湖南,长沙市,专科,,公办,2,区域重点/特色优势高校,职业院校强信号文本：双高,vocational_feature,0,0,0,0,0,,,,,0,0,0,0,0,0,0,,
12590,14122,NULL,湖南电子科技职业学院,湖南,长沙市,专科,,民办,3,普通应用/职业供给高校,专科/高职高校，当前库内未命中双高、国家示范/骨干等强信号,default_vocational,0,0,0,0,0,,,,,0,0,0,0,0,0,0,,
12513,14071,NULL,湖南电气职业技术学院,湖南,湘潭市,专科,,公办,3,普通应用/职业供给高校,专科/高职高校，当前库内未命中双高、国家示范/骨干等强信号,default_vocational,0,0,0,0,0,,,,,0,0,0,0,0,0,0,,
12495,13045,NULL,湖南石油化工职业技术学院,湖南,岳阳市,专科,,公办,3,普通应用/职业供给高校,专科/高职高校，当前库内未命中双高、国家示范/骨干等强信号,default_vocational,0,0,0,0,0,,,,,0,0,0,0,0,0,0,,
10234,10534,NULL,湖南科技大学,湖南,湘潭市,本科,区域研究型,公办,2,区域重点/特色优势高校,办学类型为区域研究型；软科排名前350：189；库内综合排名前500：256；博士点/博士专业学位点：9；硕士点/硕士专业学位点：31,school_type_t2;ruanke_top350;ranking_top500;doctoral_points;master_points,0,0,0,0,0,189,256,,202,31,9,0,0,0,0,0,,
11193,12649,NULL,湖南科技大学潇湘学院,湖南,湘潭市,本科,,民办,3,普通应用/职业供给高校,本科高校，但未命中985、211、双一流、研究型、前列排名、硕博点等强信号,default_undergraduate,0,0,0,0,0,,873,,,0,0,0,0,0,0,0,,
10584,10551,NULL,湖南科技学院,湖南,永州市,本科,,公办,2,区域重点/特色优势高校,硕士点/硕士专业学位点：8；院士数：1,master_points;academicians,0,0,0,0,0,462,865,,,8,0,0,0,1,0,0,,
11677,12304,NULL,湖南科技职业学院,湖南,长沙市,专科,,公办,3,普通应用/职业供给高校,专科/高职高校，当前库内未命中双高、国家示范/骨干等强信号,default_vocational,0,0,0,0,0,,,,,0,0,0,0,0,0,0,,
10588,12034,NULL,湖南第一师范学院,湖南,长沙市,本科,,公办,2,区域重点/特色优势高校,软科排名前350：346；硕士点/硕士专业学位点：3,ruanke_top350;master_points,0,0,0,0,0,346,515,,,3,0,0,0,0,0,0,,
11922,12598,NULL,湖南网络工程职业学院,湖南,长沙市,专科,,公办,3,普通应用/职业供给高校,专科/高职高校，当前库内未命中双高、国家示范/骨干等强信号,default_vocational,0,0,0,0,0,,,,,0,0,0,0,0,0,0,,
12137,13032,NULL,湖南艺术职业学院,湖南,长沙市,专科,,公办,3,普通应用/职业供给高校,专科/高职高校，当前库内未命中双高、国家示范/骨干等强信号,default_vocational,0,0,0,0,0,,,,,0,0,0,0,0,0,0,,
10723,11534,NULL,湖南警察学院,湖南,长沙市,本科,,公办,2,区域重点/特色优势高校,库内综合排名前500：371,ranking_top500,0,0,0,0,0,440,371,,,0,0,0,0,0,0,0,,
10606,11532,NULL,湖南财政经济学院,湖南,长沙市,本科,,公办,2,区域重点/特色优势高校,硕士点/硕士专业学位点：3,master_points,0,0,0,0,0,403,554,,,3,0,0,0,0,0,0,,
11936,13807,NULL,湖南财经工业职业技术学院,湖南,衡阳市,专科,,公办,3,普通应用/职业供给高校,专科/高职高校，当前库内未命中双高、国家示范/骨干等强信号,default_vocational,0,0,0,0,0,,,,,0,0,0,0,0,0,0,,
11380,13925,NULL,湖南软件职业技术大学,湖南,湘潭市,本科,,民办,3,普通应用/职业供给高校,本科高校，但未命中985、211、双一流、研究型、前列排名、硕博点等强信号,default_undergraduate,0,0,0,0,0,,1114,,,0,0,0,0,0,0,0,,
12300,12845,NULL,湖南邮电职业技术学院,湖南,长沙市,专科,,公办,3,普通应用/职业供给高校,专科/高职高校，当前库内未命中双高、国家示范/骨干等强信号,default_vocational,0,0,0,0,0,,,,,0,0,0,0,0,0,0,,
12111,14121,NULL,湖南都市职业学院,湖南,长沙市,专科,,民办,3,普通应用/职业供给高校,专科/高职高校，当前库内未命中双高、国家示范/骨干等强信号,default_vocational,0,0,0,0,0,,,,,0,0,0,0,0,0,0,,
12550,13942,NULL,湖南铁路科技职业技术学院,湖南,株洲市,专科,,公办,3,普通应用/职业供给高校,专科/高职高校，当前库内未命中双高、国家示范/骨干等强信号,default_vocational,0,0,0,0,0,,,,,0,0,0,0,1,0,0,,
11799,12302,NULL,湖南铁道职业技术学院,湖南,株洲市,专科,,公办,2,区域重点/特色优势高校,职业院校强信号文本：双高,vocational_feature,0,0,0,0,0,,,,,0,0,0,0,0,0,0,,
12382,14359,NULL,湖南食品药品职业学院,湖南,长沙市,专科,,公办,3,普通应用/职业供给高校,专科/高职高校，当前库内未命中双高、国家示范/骨干等强信号,default_vocational,0,0,0,0,0,,,,,0,0,0,0,0,0,0,,
12587,14309,NULL,湖南高尔夫旅游职业学院,湖南,常德市,专科,,民办,3,普通应用/职业供给高校,专科/高职高校，当前库内未命中双高、国家示范/骨干等强信号,default_vocational,0,0,0,0,0,,,,,0,0,0,0,0,0,0,,
12221,13941,NULL,湖南高速铁路职业技术学院,湖南,衡阳市,专科,,公办,3,普通应用/职业供给高校,专科/高职高校，当前库内未命中双高、国家示范/骨干等强信号,default_vocational,0,0,0,0,0,,,,,0,0,0,0,0,0,0,,
70647,14916,NULL,湖州健康职业学院,浙江,湖州市,专科,,民办,3,普通应用/职业供给高校,专科/高职高校，当前库内未命中双高、国家示范/骨干等强信号,default_vocational,0,0,0,0,0,,,,,0,0,0,0,0,0,0,,
11018,13287,NULL,湖州学院,浙江,湖州市,本科,,公办,2,区域重点/特色优势高校,库内综合排名前500：464,ranking_top500,0,0,0,0,0,370,464,,,0,0,0,0,0,0,0,,
10580,10347,NULL,湖州师范大学,浙江,湖州市,本科,,公办,2,区域重点/特色优势高校,软科排名前350：234；库内综合排名前500：442；硕士点/硕士专业学位点：23,ruanke_top350;ranking_top500;master_points,0,0,0,0,0,234,442,,126,23,0,0,0,0,0,0,,
11526,12875,NULL,湖州职业技术学院,浙江,湖州市,专科,,公办,3,普通应用/职业供给高校,专科/高职高校，当前库内未命中双高、国家示范/骨干等强信号,default_vocational,0,0,0,0,0,,,,,0,0,0,0,0,0,0,,
11409,15496,NULL,湘中幼儿师范高等专科学校,湖南,邵阳市,专科,,公办,3,普通应用/职业供给高校,专科/高职高校，当前库内未命中双高、国家示范/骨干等强信号,default_vocational,0,0,0,0,0,,,,,0,0,0,0,0,0,0,,
10635,10545,NULL,湘南学院,湖南,郴州市,本科,,公办,3,普通应用/职业供给高校,本科高校，但未命中985、211、双一流、研究型、前列排名、硕博点等强信号,default_undergraduate,0,0,0,0,0,405,703,,,0,0,0,0,0,0,0,,
12318,14495,NULL,湘南幼儿师范高等专科学校,湖南,郴州市,专科,,公办,3,普通应用/职业供给高校,专科/高职高校，当前库内未命中双高、国家示范/骨干等强信号,default_vocational,0,0,0,0,0,,,,,0,0,0,0,0,0,0,,
11609,12846,NULL,湘潭医卫职业技术学院,湖南,湘潭市,专科,,公办,3,普通应用/职业供给高校,专科/高职高校，当前库内未命中双高、国家示范/骨干等强信号,default_vocational,0,0,0,0,0,,,,,0,0,0,0,0,0,0,,
10169,10530,NULL,湘潭大学,湖南,湘潭市,本科,区域研究型,公办,1,头部/强研究型高校,双一流高校,is_dual_class,0,0,1,1,0,117,134,,195,33,18,0,0,1,0,0,,
11168,12599,NULL,湘潭大学兴湘学院,湖南,湘潭市,本科,,民办,3,普通应用/职业供给高校,本科高校，但未命中985、211、双一流、研究型、前列排名、硕博点等强信号,default_undergraduate,0,0,0,0,0,,,,,0,0,0,0,0,0,0,,
11206,12651,NULL,湘潭理工学院,湖南,湘潭市,本科,,民办,3,普通应用/职业供给高校,本科高校，但未命中985、211、双一流、研究型、前列排名、硕博点等强信号,default_undergraduate,0,0,0,0,0,,1135,,,0,0,0,0,0,0,0,,
12715,50812,NULL,湘潭科技职业学院,湖南,湘潭市,专科,,公办,3,普通应用/职业供给高校,专科/高职高校，当前库内未命中双高、国家示范/骨干等强信号,default_vocational,0,0,0,0,0,,,,,0,0,0,0,1,0,0,,
11802,13805,NULL,湘西民族职业技术学院,湖南,湘西土家族苗族自治州,专科,,公办,3,普通应用/职业供给高校,专科/高职高校，当前库内未命中双高、国家示范/骨干等强信号,default_vocational,0,0,0,0,0,,,,,0,0,0,0,0,0,0,,
12864,50853,NULL,湛江幼儿师范专科学校,广东,湛江市,专科,,公办,3,普通应用/职业供给高校,专科/高职高校，当前库内未命中双高、国家示范/骨干等强信号,default_vocational,0,0,0,0,0,,,,,0,0,0,0,0,0,0,,
11212,12622,NULL,湛江科技学院,广东,湛江市,本科,,民办,3,普通应用/职业供给高校,本科高校，但未命中985、211、双一流、研究型、前列排名、硕博点等强信号,default_undergraduate,0,0,0,0,0,,1297,,,0,0,0,0,0,0,0,,
12255,14297,NULL,滁州城市职业学院,安徽,滁州市,专科,,公办,3,普通应用/职业供给高校,专科/高职高校，当前库内未命中双高、国家示范/骨干等强信号,default_vocational,0,0,0,0,0,,,,,0,0,0,0,0,0,0,,
10608,10377,NULL,滁州学院,安徽,滁州市,本科,,公办,2,区域重点/特色优势高校,硕士点/硕士专业学位点：3,master_points,0,0,0,0,0,435,797,,,3,0,0,0,0,0,0,,
11729,13059,NULL,滁州职业技术学院,安徽,滁州市,专科,,公办,3,普通应用/职业供给高校,专科/高职高校，当前库内未命中双高、国家示范/骨干等强信号,default_vocational,0,0,0,0,0,,,,,0,0,0,0,0,0,0,,
11085,13326,NULL,滇池学院,云南,昆明市,本科,,民办,3,普通应用/职业供给高校,本科高校，但未命中985、211、双一流、研究型、前列排名、硕博点等强信号,default_undergraduate,0,0,0,0,0,,1084,,,0,0,0,0,0,0,0,,
10885,14623,NULL,滇西应用技术大学,云南,大理白族自治州,本科,,公办,3,普通应用/职业供给高校,本科高校，但未命中985、211、双一流、研究型、前列排名、硕博点等强信号,default_undergraduate,0,0,0,0,0,500,686,,,0,0,0,0,0,0,0,,
10893,14092,NULL,滇西科技师范学院,云南,临沧市,本科,,公办,3,普通应用/职业供给高校,本科高校，但未命中985、211、双一流、研究型、前列排名、硕博点等强信号,default_undergraduate,0,0,0,0,0,500,699,,,0,0,0,0,0,0,0,,
12338,14285,NULL,满洲里俄语职业学院,内蒙古,呼伦贝尔市,专科,,公办,3,普通应用/职业供给高校,专科/高职高校，当前库内未命中双高、国家示范/骨干等强信号,default_vocational,0,0,0,0,0,,,,,0,0,0,0,0,0,0,,
70089,14749,NULL,滨州科技职业学院,山东,滨州市,专科,,民办,3,普通应用/职业供给高校,专科/高职高校，当前库内未命中双高、国家示范/骨干等强信号,default_vocational,0,0,0,0,0,,,,,0,0,0,0,0,0,0,,
11446,12818,NULL,滨州职业技术大学,山东,滨州市,本科,,公办,3,普通应用/职业供给高校,本科高校，但未命中985、211、双一流、研究型、前列排名、硕博点等强信号,default_undergraduate,0,0,0,0,0,,,,,0,0,0,0,0,0,0,,
11438,13780,NULL,漯河医学高等专科学校,河南,漯河市,专科,,公办,3,普通应用/职业供给高校,专科/高职高校，当前库内未命中双高、国家示范/骨干等强信号,default_vocational,0,0,0,0,0,,,,,0,0,0,0,0,0,0,,
11547,10835,NULL,漯河职业技术学院,河南,漯河市,专科,,公办,3,普通应用/职业供给高校,专科/高职高校，当前库内未命中双高、国家示范/骨干等强信号,default_vocational,0,0,0,0,0,,,,,0,0,0,0,0,0,0,,
12458,14233,NULL,漯河食品工程职业大学,河南,漯河市,本科,,民办,3,普通应用/职业供给高校,本科高校，但未命中985、211、双一流、研究型、前列排名、硕博点等强信号,default_undergraduate,0,0,0,0,0,,1005,,,0,0,0,0,0,0,0,,
11875,14117,NULL,漳州卫生职业学院,福建,漳州市,专科,,公办,3,普通应用/职业供给高校,专科/高职高校，当前库内未命中双高、国家示范/骨干等强信号,default_vocational,0,0,0,0,0,,,,,0,0,0,0,0,0,0,,
12131,14110,NULL,漳州城市职业学院,福建,漳州市,专科,,公办,3,普通应用/职业供给高校,专科/高职高校，当前库内未命中双高、国家示范/骨干等强信号,default_vocational,0,0,0,0,0,,,,,0,0,0,0,0,0,0,,
11915,14115,NULL,漳州理工职业学院,福建,漳州市,专科,,民办,3,普通应用/职业供给高校,专科/高职高校，当前库内未命中双高、国家示范/骨干等强信号,default_vocational,0,0,0,0,0,,,,,0,0,0,0,0,0,0,,
12769,14113,NULL,漳州科技职业学院,福建,漳州市,专科,,民办,3,普通应用/职业供给高校,专科/高职高校，当前库内未命中双高、国家示范/骨干等强信号,default_vocational,0,0,0,0,0,,,,,0,0,0,0,0,0,0,,
11484,11314,NULL,漳州职业技术学院,福建,漳州市,专科,,公办,3,普通应用/职业供给高校,专科/高职高校，当前库内未命中双高、国家示范/骨干等强信号,default_vocational,0,0,0,0,0,,,,,0,0,0,0,0,0,0,,
12607,13042,NULL,潇湘职业学院,湖南,娄底市,专科,,民办,3,普通应用/职业供给高校,专科/高职高校，当前库内未命中双高、国家示范/骨干等强信号,default_vocational,0,0,0,0,0,,,,,0,0,0,0,0,0,0,,
10747,11067,NULL,潍坊学院,山东,潍坊市,本科,,公办,2,区域重点/特色优势高校,硕士点/硕士专业学位点：3；院士数：1,master_points;academicians,0,0,0,0,0,403,680,,,3,0,0,0,1,0,0,,
11927,13388,NULL,潍坊工商职业学院,山东,潍坊市,专科,,民办,3,普通应用/职业供给高校,专科/高职高校，当前库内未命中双高、国家示范/骨干等强信号,default_vocational,0,0,0,0,0,,,,,0,0,0,0,0,0,0,,
11770,14379,NULL,潍坊工程职业学院,山东,潍坊市,专科,,公办,2,区域重点/特色优势高校,职业院校强信号文本：双高,vocational_feature,0,0,0,0,0,,,,,0,0,0,0,0,0,0,,
11977,14347,NULL,潍坊护理职业学院,山东,潍坊市,专科,,公办,3,普通应用/职业供给高校,专科/高职高校，当前库内未命中双高、国家示范/骨干等强信号,default_vocational,0,0,0,0,0,,,,,0,0,0,0,0,0,0,,
12079,14710,NULL,潍坊环境工程职业学院,山东,潍坊市,专科,,民办,3,普通应用/职业供给高校,专科/高职高校，当前库内未命中双高、国家示范/骨干等强信号,default_vocational,0,0,0,0,0,,,,,0,0,0,0,0,0,0,,
11325,13379,NULL,潍坊理工学院,山东,潍坊市,本科,,民办,3,普通应用/职业供给高校,本科高校，但未命中985、211、双一流、研究型、前列排名、硕博点等强信号,default_undergraduate,0,0,0,0,0,,1078,,,0,0,0,0,0,0,0,,
11070,12843,NULL,潍坊科技学院,山东,潍坊市,本科,,民办,3,普通应用/职业供给高校,本科高校，但未命中985、211、双一流、研究型、前列排名、硕博点等强信号,default_undergraduate,0,0,0,0,0,,1000,,,0,0,0,0,0,0,0,,
11480,12391,NULL,潍坊职业学院,山东,潍坊市,专科,,公办,2,区域重点/特色优势高校,职业院校强信号文本：双高,vocational_feature,0,0,0,0,0,,,,,0,0,0,0,0,0,0,,
70364,14810,NULL,潍坊食品科技职业学院,山东,潍坊市,专科,,民办,3,普通应用/职业供给高校,专科/高职高校，当前库内未命中双高、国家示范/骨干等强信号,default_vocational,0,0,0,0,0,,,,,0,0,0,0,0,0,0,,
12046,13695,NULL,潞安职业技术学院,山西,长治市,专科,,公办,3,普通应用/职业供给高校,专科/高职高校，当前库内未命中双高、国家示范/骨干等强信号,default_vocational,0,0,0,0,0,,,,,0,0,0,0,0,0,0,,
12689,10965,NULL,潮汕职业技术学院,广东,揭阳市,专科,,民办,3,普通应用/职业供给高校,专科/高职高校，当前库内未命中双高、国家示范/骨干等强信号,default_vocational,0,0,0,0,0,,,,,0,0,0,0,0,0,0,,
70399,,NULL,澳门保安部队高等学校,澳门,澳门,本科,,,3,普通应用/职业供给高校,本科高校，但未命中985、211、双一流、研究型、前列排名、硕博点等强信号,default_undergraduate,0,0,0,0,0,,,,,0,0,0,0,0,0,0,,
10225,,NULL,澳门城市大学,澳门,澳门,本科,应用型,民办,2,区域重点/特色优势高校,博士点/博士专业学位点：13；硕士点/硕士专业学位点：19,doctoral_points;master_points,0,0,0,0,0,,,,,19,13,0,0,0,0,0,,
10070,5,NULL,澳门大学,澳门,澳门,本科,研究型,公办,1,头部/强研究型高校,办学类型为研究型,school_type_t1,0,0,0,0,0,,,,,39,33,0,0,0,0,0,,
11009,,NULL,澳门旅游大学,澳门,澳门,本科,,公办,3,普通应用/职业供给高校,本科高校，但未命中985、211、双一流、研究型、前列排名、硕博点等强信号,default_undergraduate,0,0,0,0,0,,,,,0,0,0,0,0,0,0,,
10657,,NULL,澳门理工大学,澳门,澳门,本科,,公办,2,区域重点/特色优势高校,博士点/博士专业学位点：7；硕士点/硕士专业学位点：10,doctoral_points;master_points,0,0,0,0,0,,,,,10,7,0,0,0,0,0,,
10156,,NULL,澳门科技大学,澳门,澳门,本科,应用型,民办,2,区域重点/特色优势高校,博士点/博士专业学位点：29；硕士点/硕士专业学位点：32,doctoral_points;master_points,0,0,0,0,0,,,,,32,29,0,0,0,0,0,,
70397,,NULL,澳门管理学院,澳门,澳门,本科,,民办,3,普通应用/职业供给高校,本科高校，但未命中985、211、双一流、研究型、前列排名、硕博点等强信号,default_undergraduate,0,0,0,0,0,,,,,0,0,0,0,0,0,0,,
11195,14,NULL,澳门镜湖护理学院,澳门,澳门,本科,,民办,2,区域重点/特色优势高校,博士点/博士专业学位点：1；硕士点/硕士专业学位点：2,doctoral_points;master_points,0,0,0,0,0,,,,,2,1,0,0,0,0,0,,
11413,14597,NULL,濮阳医学高等专科学校,河南,濮阳市,专科,,公办,3,普通应用/职业供给高校,专科/高职高校，当前库内未命中双高、国家示范/骨干等强信号,default_vocational,0,0,0,0,0,,,,,0,0,0,0,0,0,0,,
11865,14713,NULL,濮阳石油化工职业技术学院,河南,濮阳市,专科,,公办,3,普通应用/职业供给高校,专科/高职高校，当前库内未命中双高、国家示范/骨干等强信号,default_vocational,0,0,0,0,0,,,,,0,0,0,0,0,0,0,,
70341,14790,NULL,濮阳科技职业学院,河南,濮阳市,专科,,公办,3,普通应用/职业供给高校,专科/高职高校，当前库内未命中双高、国家示范/骨干等强信号,default_vocational,0,0,0,0,0,,,,,0,0,0,0,0,0,0,,
11507,11787,NULL,濮阳职业技术学院,河南,濮阳市,专科,,公办,3,普通应用/职业供给高校,专科/高职高校，当前库内未命中双高、国家示范/骨干等强信号,default_vocational,0,0,0,0,0,,,,,0,0,0,0,0,0,0,,
10189,91034,NULL,火箭军工程大学,陕西,西安市,本科,特色研究型,公办,2,区域重点/特色优势高校,办学类型为特色研究型；博士点/博士专业学位点：5；硕士点/硕士专业学位点：7,school_type_t2;doctoral_points;master_points,0,0,0,0,0,,,,432,7,5,0,0,0,0,0,,
12534,12919,NULL,炎黄职业技术学院,江苏,淮安市,专科,,民办,3,普通应用/职业供给高校,专科/高职高校，当前库内未命中双高、国家示范/骨干等强信号,default_vocational,0,0,0,0,0,,,,,0,0,0,0,0,0,0,,
11170,12332,NULL,烟台南山学院,山东,烟台市,本科,,民办,2,区域重点/特色优势高校,硕士点/硕士专业学位点：4,master_points,0,0,0,0,0,,1101,,,4,0,0,0,0,0,0,,
70612,14859,NULL,烟台卫生健康职业学院,山东,烟台市,专科,,公办,3,普通应用/职业供给高校,专科/高职高校，当前库内未命中双高、国家示范/骨干等强信号,default_vocational,0,0,0,0,0,,,,,0,0,0,0,0,0,0,,
70366,14811,NULL,烟台城市科技职业学院,山东,烟台市,专科,,民办,3,普通应用/职业供给高校,专科/高职高校，当前库内未命中双高、国家示范/骨干等强信号,default_vocational,0,0,0,0,0,,,,,0,0,0,0,0,0,0,,
10364,11066,NULL,烟台大学,山东,烟台市,本科,区域特色研究型,公办,2,区域重点/特色优势高校,办学类型为区域特色研究型；软科排名前350：224；库内综合排名前500：379；博士点/博士专业学位点：3；硕士点/硕士专业学位点：25；院士数：1,school_type_t2;ruanke_top350;ranking_top500;doctoral_points;master_points;academicians,0,0,0,0,0,224,379,,241,25,3,0,0,1,0,0,,
11495,13355,NULL,烟台工程职业技术学院,山东,烟台市,专科,,公办,3,普通应用/职业供给高校,专科/高职高校，当前库内未命中双高、国家示范/骨干等强信号,default_vocational,0,0,0,0,0,,,,,0,0,0,0,0,0,0,,
11868,14689,NULL,烟台幼儿师范高等专科学校,山东,烟台市,专科,,公办,3,普通应用/职业供给高校,专科/高职高校，当前库内未命中双高、国家示范/骨干等强信号,default_vocational,0,0,0,0,0,,,,,0,0,0,0,0,0,0,,
11869,14707,NULL,烟台文化旅游职业学院,山东,烟台市,专科,,公办,3,普通应用/职业供给高校,专科/高职高校，当前库内未命中双高、国家示范/骨干等强信号,default_vocational,0,0,0,0,0,,,,,0,0,0,0,0,0,0,,
12372,14081,NULL,烟台汽车工程职业学院,山东,烟台市,专科,,公办,3,普通应用/职业供给高校,专科/高职高校，当前库内未命中双高、国家示范/骨干等强信号,default_vocational,0,0,0,0,0,,,,,0,0,0,0,0,0,0,,
11310,13359,NULL,烟台理工学院,山东,烟台市,本科,,民办,3,普通应用/职业供给高校,本科高校，但未命中985、211、双一流、研究型、前列排名、硕博点等强信号,default_undergraduate,0,0,0,0,0,,1069,,,0,0,0,0,0,0,0,,
11053,14002,NULL,烟台科技学院,山东,烟台市,本科,,民办,3,普通应用/职业供给高校,本科高校，但未命中985、211、双一流、研究型、前列排名、硕博点等强信号,default_undergraduate,0,0,0,0,0,,1107,,,0,0,0,0,0,0,0,,
11440,12396,NULL,烟台职业学院,山东,烟台市,专科,,公办,2,区域重点/特色优势高校,职业院校强信号文本：双高,vocational_feature,0,0,0,0,0,,,,,0,0,0,0,0,0,0,,
12869,14570,NULL,烟台黄金职业学院,山东,烟台市,专科,,民办,3,普通应用/职业供给高校,专科/高职高校，当前库内未命中双高、国家示范/骨干等强信号,default_vocational,0,0,0,0,0,,,,,0,0,0,0,0,0,0,,
11520,11522,NULL,焦作大学,河南,焦作市,专科,,公办,3,普通应用/职业供给高校,专科/高职高校，当前库内未命中双高、国家示范/骨干等强信号,default_vocational,0,0,0,0,0,,,,,0,0,0,0,0,0,0,,
12625,14300,NULL,焦作工贸职业学院,河南,焦作市,专科,,民办,3,普通应用/职业供给高校,专科/高职高校，当前库内未命中双高、国家示范/骨干等强信号,default_vocational,0,0,0,0,0,,,,,0,0,0,0,0,0,0,,
11563,12950,NULL,焦作师范高等专科学校,河南,焦作市,专科,,公办,3,普通应用/职业供给高校,专科/高职高校，当前库内未命中双高、国家示范/骨干等强信号,default_vocational,0,0,0,0,0,,,,,0,0,0,0,0,0,0,,
70344,14793,NULL,焦作新材料职业学院,河南,焦作市,专科,,民办,3,普通应用/职业供给高校,专科/高职高校，当前库内未命中双高、国家示范/骨干等强信号,default_vocational,0,0,0,0,0,,,,,0,0,0,0,0,0,0,,
11087,13895,NULL,燕京理工学院,河北,廊坊市,本科,,民办,3,普通应用/职业供给高校,本科高校，但未命中985、211、双一流、研究型、前列排名、硕博点等强信号,default_undergraduate,0,0,0,0,0,,1081,,,0,0,0,0,0,0,0,,
10105,10216,NULL,燕山大学,河北,秦皇岛,本科,区域研究型,公办,2,区域重点/特色优势高校,办学类型为区域研究型；软科排名前350：109；库内综合排名前500：133；博士点/博士专业学位点：26；硕士点/硕士专业学位点：56；院士数：5,school_type_t2;ruanke_top350;ranking_top500;doctoral_points;master_points;academicians,0,0,0,0,0,109,133,,192,56,26,0,0,5,0,0,,
11052,13592,NULL,燕山大学里仁学院,河北,秦皇岛,本科,,民办,3,普通应用/职业供给高校,本科高校，但未命中985、211、双一流、研究型、前列排名、硕博点等强信号,default_undergraduate,0,0,0,0,0,,,,,0,0,0,0,0,0,0,,
10813,10229,NULL,牡丹江医科大学,黑龙江,牡丹江市,本科,,公办,2,区域重点/特色优势高校,库内综合排名前500：490；硕士点/硕士专业学位点：42,ranking_top500;master_points,0,0,0,0,0,381,490,,,42,0,0,0,0,0,0,,
11393,11046,NULL,牡丹江大学,黑龙江,牡丹江市,专科,,公办,3,普通应用/职业供给高校,专科/高职高校，当前库内未命中双高、国家示范/骨干等强信号,default_vocational,0,0,0,0,0,,,,,0,0,0,0,0,0,0,,
10574,10233,NULL,牡丹江师范学院,黑龙江,牡丹江市,本科,,公办,2,区域重点/特色优势高校,硕士点/硕士专业学位点：56,master_points,0,0,0,0,0,468,775,,,56,0,0,0,0,0,0,,
10613,10606,NULL,玉林师范学院,广西,玉林市,本科,,公办,2,区域重点/特色优势高校,硕士点/硕士专业学位点：3,master_points,0,0,0,0,0,436,620,,,3,0,0,0,0,0,0,,
70609,14868,NULL,玉林职业技术学院,广西,玉林市,专科,,公办,3,普通应用/职业供给高校,专科/高职高校，当前库内未命中双高、国家示范/骨干等强信号,default_vocational,0,0,0,0,0,,,,,0,0,0,0,0,0,0,,
12886,14573,NULL,玉柴职业技术学院,广西,玉林市,专科,,民办,3,普通应用/职业供给高校,专科/高职高校，当前库内未命中双高、国家示范/骨干等强信号,default_vocational,0,0,0,0,0,,,,,0,0,0,0,0,0,0,,
12210,12971,NULL,玉溪农业职业技术学院,云南,玉溪市,专科,,公办,3,普通应用/职业供给高校,专科/高职高校，当前库内未命中双高、国家示范/骨干等强信号,default_vocational,0,0,0,0,0,,,,,0,0,0,0,0,0,0,,
10597,11390,NULL,玉溪师范学院,云南,玉溪市,本科,,公办,2,区域重点/特色优势高校,硕士点/硕士专业学位点：3,master_points,0,0,0,0,0,467,693,,,3,0,0,0,0,0,0,,
70333,14782,NULL,玉溪职业技术学院,云南,玉溪市,专科,,公办,3,普通应用/职业供给高校,专科/高职高校，当前库内未命中双高、国家示范/骨干等强信号,default_vocational,0,0,0,0,0,,,,,0,0,0,0,0,0,0,,
12178,13713,NULL,珠海城市职业技术学院,广东,珠海市,专科,,公办,3,普通应用/职业供给高校,专科/高职高校，当前库内未命中双高、国家示范/骨干等强信号,default_vocational,0,0,0,0,0,,,,,0,0,0,0,0,0,0,,
70349,14798,NULL,珠海格力职业学院,广东,珠海市,专科,,民办,3,普通应用/职业供给高校,专科/高职高校，当前库内未命中双高、国家示范/骨干等强信号,default_vocational,0,0,0,0,0,,,,,0,0,0,0,0,0,0,,
11158,13684,NULL,珠海科技学院,广东,珠海市,本科,,民办,3,普通应用/职业供给高校,本科高校，但未命中985、211、双一流、研究型、前列排名、硕博点等强信号,default_undergraduate,0,0,0,0,0,,735,,,0,0,0,0,0,0,0,,
12729,12576,NULL,珠海艺术职业学院,广东,珠海市,专科,,民办,3,普通应用/职业供给高校,专科/高职高校，当前库内未命中双高、国家示范/骨干等强信号,default_vocational,0,0,0,0,0,,,,,0,0,0,0,0,0,0,,
10902,13811,NULL,琼台师范学院,海南,海口市,本科,,公办,3,普通应用/职业供给高校,本科高校，但未命中985、211、双一流、研究型、前列排名、硕博点等强信号,default_undergraduate,0,0,0,0,0,500,635,,,0,0,0,0,0,0,0,,
70086,14767,NULL,甘孜职业学院,四川,甘孜藏族自治州,专科,,公办,3,普通应用/职业供给高校,专科/高职高校，当前库内未命中双高、国家示范/骨干等强信号,default_vocational,0,0,0,0,0,,,,,0,0,0,0,0,0,0,,
10628,10735,NULL,甘肃中医药大学,甘肃,兰州市,本科,,公办,2,区域重点/特色优势高校,软科排名前350：301；库内综合排名前500：422；博士点/博士专业学位点：3；硕士点/硕士专业学位点：13,ruanke_top350;ranking_top500;doctoral_points;master_points,0,0,0,0,0,301,422,,,13,3,0,0,0,0,0,,
12624,13519,NULL,甘肃交通职业技术学院,甘肃,兰州市,专科,,公办,3,普通应用/职业供给高校,专科/高职高校，当前库内未命中双高、国家示范/骨干等强信号,default_vocational,0,0,0,0,0,,,,,0,0,0,0,0,0,0,,
10320,10733,NULL,甘肃农业大学,甘肃,兰州市,本科,区域特色研究型,公办,2,区域重点/特色优势高校,办学类型为区域特色研究型；软科排名前350：235；博士点/博士专业学位点：36；硕士点/硕士专业学位点：46；院士数：6,school_type_t2;ruanke_top350;doctoral_points;master_points;academicians,0,0,0,0,0,235,602,,338,46,36,0,0,6,0,0,,
12299,13954,NULL,甘肃农业职业技术学院,甘肃,兰州市,专科,,公办,3,普通应用/职业供给高校,专科/高职高校，当前库内未命中双高、国家示范/骨干等强信号,default_vocational,0,0,0,0,0,,,,,0,0,0,0,0,0,0,,
10863,11805,NULL,甘肃医学院,甘肃,平凉市,本科,,公办,3,普通应用/职业供给高校,本科高校，但未命中985、211、双一流、研究型、前列排名、硕博点等强信号,default_undergraduate,0,0,0,0,0,500,657,,,0,0,0,0,0,0,0,,
12476,14517,NULL,甘肃卫生职业学院,甘肃,兰州市,专科,,公办,3,普通应用/职业供给高校,专科/高职高校，当前库内未命中双高、国家示范/骨干等强信号,default_vocational,0,0,0,0,0,,,,,0,0,0,0,0,0,0,,
12314,12836,NULL,甘肃工业职业技术大学,甘肃,天水市,本科,,公办,3,普通应用/职业供给高校,本科高校，但未命中985、211、双一流、研究型、前列排名、硕博点等强信号,default_undergraduate,0,0,0,0,0,,993,,,0,0,0,0,0,0,0,,
12455,12511,NULL,甘肃建筑职业技术学院,甘肃,兰州市,专科,,公办,3,普通应用/职业供给高校,专科/高职高校，当前库内未命中双高、国家示范/骨干等强信号,default_vocational,0,0,0,0,0,,,,,0,0,0,0,0,0,0,,
10483,11406,NULL,甘肃政法大学,甘肃,兰州市,本科,应用型,公办,2,区域重点/特色优势高校,软科排名前350：312；库内综合排名前500：364；博士点/博士专业学位点：6；硕士点/硕士专业学位点：22,ruanke_top350;ranking_top500;doctoral_points;master_points,0,0,0,0,0,312,364,,,22,6,0,0,0,0,0,,
11604,14375,NULL,甘肃有色冶金职业技术学院,甘肃,金昌市,专科,,公办,3,普通应用/职业供给高校,专科/高职高校，当前库内未命中双高、国家示范/骨干等强信号,default_vocational,0,0,0,0,0,,,,,0,0,0,0,0,0,0,,
12424,14319,NULL,甘肃机电职业技术学院,甘肃,天水市,专科,,公办,3,普通应用/职业供给高校,专科/高职高校，当前库内未命中双高、国家示范/骨干等强信号,default_vocational,0,0,0,0,0,,,,,0,0,0,0,0,0,0,,
12140,12835,NULL,甘肃林业职业技术大学,甘肃,天水市,本科,,公办,3,普通应用/职业供给高校,本科高校，但未命中985、211、双一流、研究型、前列排名、硕博点等强信号,default_undergraduate,0,0,0,0,0,,981,,,0,0,0,0,0,0,0,,
10772,11561,NULL,甘肃民族师范学院,甘肃,甘南藏族自治州,本科,,公办,3,普通应用/职业供给高校,本科高校，但未命中985、211、双一流、研究型、前列排名、硕博点等强信号,default_undergraduate,0,0,0,0,0,500,830,,,0,0,0,0,0,0,0,,
11752,13955,NULL,甘肃畜牧工程职业技术学院,甘肃,武威市,专科,,公办,3,普通应用/职业供给高校,专科/高职高校，当前库内未命中双高、国家示范/骨干等强信号,default_vocational,0,0,0,0,0,,,,,0,0,0,0,0,0,0,,
12061,12834,NULL,甘肃警察学院,甘肃,兰州市,本科,,公办,3,普通应用/职业供给高校,本科高校，但未命中985、211、双一流、研究型、前列排名、硕博点等强信号,default_undergraduate,0,0,0,0,0,,576,,,0,0,0,0,0,0,0,,
12885,51378,NULL,甘肃财贸职业学院,甘肃,兰州市,专科,,公办,3,普通应用/职业供给高校,专科/高职高校，当前库内未命中双高、国家示范/骨干等强信号,default_vocational,0,0,0,0,0,,,,,0,0,0,0,0,0,0,,
12459,14131,NULL,甘肃钢铁职业技术学院,甘肃,嘉峪关,专科,,公办,3,普通应用/职业供给高校,专科/高职高校，当前库内未命中双高、国家示范/骨干等强信号,default_vocational,0,0,0,0,0,,,,,0,0,0,0,0,0,0,,
10053,10614,NULL,电子科技大学,四川,成都市,本科,特色研究型,公办,1,头部/强研究型高校,985 高校；双一流高校；软科排名前100：33；库内综合排名前100：18,is985;is_dual_class;ruanke_top100;ranking_top100,1,1,1,1,0,33,18,35,16,33,24,0,0,4,0,0,,
10054,10614,NULL,电子科技大学(沙河校区),四川,成都市,本科,区域特色研究型,公办,1,头部/强研究型高校,985 高校；双一流高校；库内综合排名前100：26,is985;is_dual_class;ranking_top100,1,1,1,1,0,,26,,,0,0,0,0,0,0,0,,
11002,11545,NULL,电子科技大学中山学院,广东,中山市,本科,,民办,3,普通应用/职业供给高校,本科高校，但未命中985、211、双一流、研究型、前列排名、硕博点等强信号,default_undergraduate,0,0,0,0,0,,856,,,0,0,0,0,0,0,0,,
11112,13665,NULL,电子科技大学成都学院,四川,成都市,本科,,民办,3,普通应用/职业供给高校,本科高校，但未命中985、211、双一流、研究型、前列排名、硕博点等强信号,default_undergraduate,0,0,0,0,0,,853,,,0,0,0,0,0,0,0,,
12057,13743,NULL,白城医学高等专科学校,吉林,白城市,专科,,公办,3,普通应用/职业供给高校,专科/高职高校，当前库内未命中双高、国家示范/骨干等强信号,default_vocational,0,0,0,0,0,,,,,0,0,0,0,0,0,0,,
10618,10206,NULL,白城师范学院,吉林,白城市,本科,,公办,3,普通应用/职业供给高校,本科高校，但未命中985、211、双一流、研究型、前列排名、硕博点等强信号,default_undergraduate,0,0,0,0,0,500,815,,,0,0,0,0,0,0,0,,
12109,14107,NULL,白城职业技术学院,吉林,白城市,专科,,公办,3,普通应用/职业供给高校,专科/高职高校，当前库内未命中双高、国家示范/骨干等强信号,default_vocational,0,0,0,0,0,,,,,0,0,0,0,0,0,0,,
70064,14772,NULL,白银希望职业技术学院,甘肃,白银市,专科,,民办,3,普通应用/职业供给高校,专科/高职高校，当前库内未命中双高、国家示范/骨干等强信号,default_vocational,0,0,0,0,0,,,,,0,0,0,0,0,0,0,,
11791,14376,NULL,白银矿冶职业技术学院,甘肃,白银市,专科,,公办,3,普通应用/职业供给高校,专科/高职高校，当前库内未命中双高、国家示范/骨干等强信号,default_vocational,0,0,0,0,0,,,,,0,0,0,0,0,0,0,,
10622,10609,NULL,百色学院,广西,百色市,本科,,公办,3,普通应用/职业供给高校,本科高校，但未命中985、211、双一流、研究型、前列排名、硕博点等强信号,default_undergraduate,0,0,0,0,0,500,720,,,0,0,0,0,0,0,0,,
12622,14068,NULL,百色职业学院,广西,百色市,专科,,公办,3,普通应用/职业供给高校,专科/高职高校，当前库内未命中双高、国家示范/骨干等强信号,default_vocational,0,0,0,0,0,,,,,0,0,0,0,0,0,0,,
12807,14502,NULL,皖北卫生职业学院,安徽,宿州市,专科,,公办,3,普通应用/职业供给高校,专科/高职高校，当前库内未命中双高、国家示范/骨干等强信号,default_vocational,0,0,0,0,0,,,,,0,0,0,0,0,0,0,,
10702,10368,NULL,皖南医科大学,安徽,芜湖市,本科,,公办,2,区域重点/特色优势高校,软科排名前350：303；硕士点/硕士专业学位点：15,ruanke_top350;master_points,0,0,0,0,0,303,589,,394,15,0,0,0,0,0,0,,
10956,14203,NULL,皖江工学院,安徽,马鞍山市,本科,,民办,3,普通应用/职业供给高校,本科高校，但未命中985、211、双一流、研究型、前列排名、硕博点等强信号,default_undergraduate,0,0,0,0,0,,1271,,,0,0,0,0,0,0,0,,
12129,14299,NULL,皖西卫生职业学院,安徽,六安市,专科,,公办,3,普通应用/职业供给高校,专科/高职高校，当前库内未命中双高、国家示范/骨干等强信号,default_vocational,0,0,0,0,0,,,,,0,0,0,0,0,0,0,,
10624,10376,NULL,皖西学院,安徽,六安市,本科,,公办,2,区域重点/特色优势高校,硕士点/硕士专业学位点：2,master_points,0,0,0,0,0,417,804,,,2,0,0,0,0,0,0,,
12009,14097,NULL,益阳医学高等专科学校,湖南,益阳市,专科,,公办,3,普通应用/职业供给高校,专科/高职高校，当前库内未命中双高、国家示范/骨干等强信号,default_vocational,0,0,0,0,0,,,,,0,0,0,0,1,0,0,,
70093,14774,NULL,益阳师范高等专科学校,湖南,益阳市,专科,,公办,3,普通应用/职业供给高校,专科/高职高校，当前库内未命中双高、国家示范/骨干等强信号,default_vocational,0,0,0,0,0,,,,,0,0,0,0,0,0,0,,
12197,13808,NULL,益阳职业技术学院,湖南,益阳市,专科,,公办,3,普通应用/职业供给高校,专科/高职高校，当前库内未命中双高、国家示范/骨干等强信号,default_vocational,0,0,0,0,0,,,,,0,0,0,0,0,0,0,,
70615,14853,NULL,盐城农业科技职业学院,江苏,盐城市,专科,,公办,3,普通应用/职业供给高校,专科/高职高校，当前库内未命中双高、国家示范/骨干等强信号,default_vocational,0,0,0,0,0,,,,,0,0,0,0,0,0,0,,
12650,13752,NULL,盐城工业职业技术学院,江苏,盐城市,专科,,公办,3,普通应用/职业供给高校,专科/高职高校，当前库内未命中双高、国家示范/骨干等强信号,default_vocational,0,0,0,0,0,,,,,0,0,0,0,0,0,0,,
10682,10305,NULL,盐城工学院,江苏,盐城市,本科,,公办,2,区域重点/特色优势高校,软科排名前350：334；硕士点/硕士专业学位点：20,ruanke_top350;master_points,0,0,0,0,0,334,805,,298,20,0,0,0,0,0,0,,
10649,10324,NULL,盐城师范学院,江苏,盐城市,本科,,公办,2,区域重点/特色优势高校,软科排名前350：350；硕士点/硕士专业学位点：3,ruanke_top350;master_points,0,0,0,0,0,350,747,,389,3,0,0,0,0,0,0,,
12881,15466,NULL,盐城幼儿师范高等专科学校,江苏,盐城市,专科,,公办,3,普通应用/职业供给高校,专科/高职高校，当前库内未命中双高、国家示范/骨干等强信号,default_vocational,0,0,0,0,0,,,,,0,0,0,0,0,0,0,,
11947,12063,NULL,盘锦职业技术学院,辽宁,盘锦市,专科,,公办,3,普通应用/职业供给高校,专科/高职高校，当前库内未命中双高、国家示范/骨干等强信号,default_vocational,0,0,0,0,0,,,,,0,0,0,0,0,0,0,,
12343,12968,NULL,眉山职业技术学院,四川,眉山市,专科,,公办,3,普通应用/职业供给高校,专科/高职高校，当前库内未命中双高、国家示范/骨干等强信号,default_vocational,0,0,0,0,0,,,,,0,0,0,0,0,0,0,,
12794,14640,NULL,眉山药科职业学院,四川,眉山市,专科,,民办,3,普通应用/职业供给高校,专科/高职高校，当前库内未命中双高、国家示范/骨干等强信号,default_vocational,0,0,0,0,0,,,,,0,0,0,0,0,0,0,,
11855,14739,NULL,石嘴山工贸职业技术学院,宁夏,石嘴山市,专科,,公办,3,普通应用/职业供给高校,专科/高职高校，当前库内未命中双高、国家示范/骨干等强信号,default_vocational,0,0,0,0,0,,,,,0,0,0,0,0,0,0,,
12166,14158,NULL,石家庄人民医学高等专科学校,河北,石家庄,专科,,民办,3,普通应用/职业供给高校,专科/高职高校，当前库内未命中双高、国家示范/骨干等强信号,default_vocational,0,0,0,0,0,,,,,0,0,0,0,0,0,0,,
11891,13073,NULL,石家庄信息工程职业学院,河北,石家庄,专科,,公办,2,区域重点/特色优势高校,职业院校强信号文本：双高,vocational_feature,0,0,0,0,0,,,,,0,0,0,0,0,0,0,,
70640,14909,NULL,石家庄农林职业学院,河北,石家庄,专科,,民办,3,普通应用/职业供给高校,专科/高职高校，当前库内未命中双高、国家示范/骨干等强信号,default_vocational,0,0,0,0,0,,,,,0,0,0,0,0,0,0,,
11647,14018,NULL,石家庄医学高等专科学校,河北,石家庄,专科,,民办,3,普通应用/职业供给高校,专科/高职高校，当前库内未命中双高、国家示范/骨干等强信号,default_vocational,0,0,0,0,0,,,,,0,0,0,0,0,0,0,,
12527,12783,NULL,石家庄城市经济职业学院,河北,石家庄,专科,,民办,3,普通应用/职业供给高校,专科/高职高校，当前库内未命中双高、国家示范/骨干等强信号,default_vocational,0,0,0,0,0,,,,,0,0,0,0,0,0,0,,
10817,10102,NULL,石家庄学院,河北,石家庄,本科,,公办,2,区域重点/特色优势高校,库内综合排名前500：473,ranking_top500,0,0,0,0,0,429,473,,,0,0,0,0,0,0,0,,
12133,13399,NULL,石家庄工商职业学院,河北,石家庄,专科,,民办,3,普通应用/职业供给高校,专科/高职高校，当前库内未命中双高、国家示范/骨干等强信号,default_vocational,0,0,0,0,0,,,,,0,0,0,0,0,0,0,,
11980,12782,NULL,石家庄工程职业学院,河北,石家庄,专科,,民办,3,普通应用/职业供给高校,专科/高职高校，当前库内未命中双高、国家示范/骨干等强信号,default_vocational,0,0,0,0,0,,,,,0,0,0,0,0,0,0,,
11548,14328,NULL,石家庄幼儿师范高等专科学校,河北,石家庄,专科,,公办,3,普通应用/职业供给高校,专科/高职高校，当前库内未命中双高、国家示范/骨干等强信号,default_vocational,0,0,0,0,0,,,,,0,0,0,0,0,0,0,,
11817,13400,NULL,石家庄理工职业学院,河北,石家庄,专科,,民办,3,普通应用/职业供给高校,专科/高职高校，当前库内未命中双高、国家示范/骨干等强信号,default_vocational,0,0,0,0,0,,,,,0,0,0,0,0,0,0,,
11790,13403,NULL,石家庄科技信息职业学院,河北,石家庄,专科,,民办,3,普通应用/职业供给高校,专科/高职高校，当前库内未命中双高、国家示范/骨干等强信号,default_vocational,0,0,0,0,0,,,,,0,0,0,0,0,0,0,,
12462,14213,NULL,石家庄科技职业学院,河北,石家庄,专科,,民办,3,普通应用/职业供给高校,专科/高职高校，当前库内未命中双高、国家示范/骨干等强信号,default_vocational,0,0,0,0,0,,,,,0,0,0,0,0,0,0,,
11433,14047,NULL,石家庄经济职业学院,河北,石家庄,专科,,民办,3,普通应用/职业供给高校,专科/高职高校，当前库内未命中双高、国家示范/骨干等强信号,default_vocational,0,0,0,0,0,,,,,0,0,0,0,0,0,0,,
11514,11238,NULL,石家庄职业技术学院,河北,石家庄,专科,,公办,2,区域重点/特色优势高校,职业院校强信号文本：双高,vocational_feature,0,0,0,0,0,,,,,0,0,0,0,0,0,0,,
11744,13070,NULL,石家庄财经职业学院,河北,石家庄,专科,,民办,3,普通应用/职业供给高校,专科/高职高校，当前库内未命中双高、国家示范/骨干等强信号,default_vocational,0,0,0,0,0,,,,,0,0,0,0,0,0,0,,
11702,13397,NULL,石家庄邮电职业技术学院,河北,石家庄,专科,,公办,2,区域重点/特色优势高校,职业院校强信号文本：双高,vocational_feature,0,0,0,0,0,,,,,0,0,0,0,0,0,0,,
70639,14908,NULL,石家庄金融职业学院,河北,石家庄,专科,,民办,3,普通应用/职业供给高校,专科/高职高校，当前库内未命中双高、国家示范/骨干等强信号,default_vocational,0,0,0,0,0,,,,,0,0,0,0,0,0,0,,
11755,12424,NULL,石家庄铁路职业技术学院,河北,石家庄,专科,,公办,3,普通应用/职业供给高校,专科/高职高校，当前库内未命中双高、国家示范/骨干等强信号,default_vocational,0,0,0,0,0,,,,,0,0,0,0,0,0,0,,
10251,10107,NULL,石家庄铁道大学,河北,石家庄,本科,应用型,公办,2,区域重点/特色优势高校,软科排名前350：231；库内综合排名前500：203；博士点/博士专业学位点：5；硕士点/硕士专业学位点：19；院士数：1,ruanke_top350;ranking_top500;doctoral_points;master_points;academicians,0,0,0,0,0,231,203,,441,19,5,0,0,1,0,0,,
11110,13593,NULL,石家庄铁道大学四方学院,河北,石家庄,本科,,民办,3,普通应用/职业供给高校,本科高校，但未命中985、211、双一流、研究型、前列排名、硕博点等强信号,default_undergraduate,0,0,0,0,0,,840,,,0,0,0,0,0,0,0,,
10305,10759,NULL,石河子大学,新疆,石河子市,本科,区域研究型,公办,1,头部/强研究型高校,双一流高校,is_dual_class,0,1,1,0,0,135,336,,325,32,14,0,0,1,0,0,,
12735,14661,NULL,石河子工程职业技术学院,新疆,石河子市,专科,,公办,3,普通应用/职业供给高校,专科/高职高校，当前库内未命中双高、国家示范/骨干等强信号,default_vocational,0,0,0,0,0,,,,,0,0,0,0,0,0,0,,
12399,12078,NULL,硅湖职业技术学院,江苏,苏州市,专科,,民办,3,普通应用/职业供给高校,专科/高职高校，当前库内未命中双高、国家示范/骨干等强信号,default_vocational,0,0,0,0,0,,,,,0,0,0,0,0,0,0,,
12790,14650,NULL,神木职业技术学院,陕西,榆林市,专科,,公办,3,普通应用/职业供给高校,专科/高职高校，当前库内未命中双高、国家示范/骨干等强信号,default_vocational,0,0,0,0,0,,,,,0,0,0,0,0,0,0,,
11408,16411,NULL,福州墨尔本理工职业学院,福建,福州市,专科,,,3,普通应用/职业供给高校,专科/高职高校，当前库内未命中双高、国家示范/骨干等强信号,default_vocational,0,0,0,0,0,,,,,0,0,0,0,0,0,0,,
11291,13762,NULL,福州外语外贸学院,福建,福州市,本科,,民办,3,普通应用/职业供给高校,本科高校，但未命中985、211、双一流、研究型、前列排名、硕博点等强信号,default_undergraduate,0,0,0,0,0,,1268,,,0,0,0,0,0,0,0,,
10097,10386,NULL,福州大学,福建,福州市,本科,区域研究型,公办,1,头部/强研究型高校,双一流高校；软科排名前100：77；库内综合排名前100：84,is_dual_class;ruanke_top100;ranking_top100,0,1,1,1,0,77,84,,54,112,67,0,0,0,0,0,,
11115,13470,NULL,福州大学至诚学院,福建,福州市,本科,,民办,2,区域重点/特色优势高校,院士数：1,academicians,0,0,0,0,0,,978,,,0,0,0,0,1,0,0,,
11298,12993,NULL,福州工商学院,福建,福州市,本科,,民办,3,普通应用/职业供给高校,本科高校，但未命中985、211、双一流、研究型、前列排名、硕博点等强信号,default_undergraduate,0,0,0,0,0,,1294,,,0,0,0,0,0,0,0,,
11197,13773,NULL,福州理工学院,福建,福州市,本科,,民办,3,普通应用/职业供给高校,本科高校，但未命中985、211、双一流、研究型、前列排名、硕博点等强信号,default_undergraduate,0,0,0,0,0,,1285,,,0,0,0,0,0,0,0,,
12107,13769,NULL,福州科技职业技术学院,福建,福州市,专科,,民办,3,普通应用/职业供给高校,专科/高职高校，当前库内未命中双高、国家示范/骨干等强信号,default_vocational,0,0,0,0,0,,,,,0,0,0,0,0,0,0,,
11768,11502,NULL,福州职业技术学院,福建,福州市,专科,,公办,2,区域重点/特色优势高校,职业院校强信号文本：双高,vocational_feature,0,0,0,0,0,,,,,0,0,0,0,0,0,0,,
12010,12708,NULL,福州英华职业学院,福建,福州市,专科,,民办,3,普通应用/职业供给高校,专科/高职高校，当前库内未命中双高、国家示范/骨干等强信号,default_vocational,0,0,0,0,0,,,,,0,0,0,0,0,0,0,,
12522,13978,NULL,福州软件职业技术学院,福建,福州市,专科,,民办,3,普通应用/职业供给高校,专科/高职高校，当前库内未命中双高、国家示范/骨干等强信号,default_vocational,0,0,0,0,0,,,,,0,0,0,0,0,0,0,,
12523,13765,NULL,福州黎明职业技术学院,福建,福州市,专科,,民办,3,普通应用/职业供给高校,专科/高职高校，当前库内未命中双高、国家示范/骨干等强信号,default_vocational,0,0,0,0,0,,,,,0,0,0,0,0,0,0,,
10359,10393,NULL,福建中医药大学,福建,福州市,本科,应用型,公办,2,区域重点/特色优势高校,软科排名前350：176；库内综合排名前500：373；博士点/博士专业学位点：12；硕士点/硕士专业学位点：30；院士数：1,ruanke_top350;ranking_top500;doctoral_points;master_points;academicians,0,0,0,0,0,176,373,,,30,12,0,0,1,0,0,,
12019,14060,NULL,福建体育职业技术学院,福建,福州市,专科,,公办,3,普通应用/职业供给高校,专科/高职高校，当前库内未命中双高、国家示范/骨干等强信号,default_vocational,0,0,0,0,0,,,,,0,0,0,0,0,0,0,,
11619,12626,NULL,福建信息职业技术学院,福建,福州市,专科,,公办,2,区域重点/特色优势高校,职业院校强信号文本：双高,vocational_feature,0,0,0,0,0,,,,,0,0,0,0,0,0,0,,
12339,12630,NULL,福建农业职业技术学院,福建,福州市,专科,,公办,3,普通应用/职业供给高校,专科/高职高校，当前库内未命中双高、国家示范/骨干等强信号,default_vocational,0,0,0,0,0,,,,,0,0,0,0,0,0,0,,
10144,10389,NULL,福建农林大学,福建,福州市,本科,区域特色研究型,公办,2,区域重点/特色优势高校,办学类型为区域特色研究型；软科排名前350：122；库内综合排名前500：355；博士点/博士专业学位点：30；硕士点/硕士专业学位点：72,school_type_t2;ruanke_top350;ranking_top500;doctoral_points;master_points,0,0,0,0,0,122,355,,94,72,30,0,0,0,0,0,,
11236,14046,NULL,福建农林大学金山学院,福建,福州市,本科,,民办,3,普通应用/职业供给高校,本科高校，但未命中985、211、双一流、研究型、前列排名、硕博点等强信号,default_undergraduate,0,0,0,0,0,,1014,,,0,0,0,0,0,0,0,,
10353,10392,NULL,福建医科大学,福建,福州市,本科,区域特色研究型,公办,2,区域重点/特色优势高校,办学类型为区域特色研究型；软科排名前350：126；库内综合排名前500：244；博士点/博士专业学位点：34；硕士点/硕士专业学位点：55；院士数：1,school_type_t2;ruanke_top350;ranking_top500;doctoral_points;master_points;academicians,0,0,0,0,0,126,244,,271,55,34,0,0,1,0,0,,
12776,11499,NULL,福建华南女子职业学院,福建,福州市,专科,,民办,3,普通应用/职业供给高校,专科/高职高校，当前库内未命中双高、国家示范/骨干等强信号,default_vocational,0,0,0,0,0,,,,,0,0,0,0,0,0,0,,
12020,12633,NULL,福建卫生职业技术学院,福建,福州市,专科,,公办,3,普通应用/职业供给高校,专科/高职高校，当前库内未命中双高、国家示范/骨干等强信号,default_vocational,0,0,0,0,0,,,,,0,0,0,0,0,0,0,,
10906,11313,NULL,福建商学院,福建,福州市,本科,,公办,3,普通应用/职业供给高校,本科高校，但未命中985、211、双一流、研究型、前列排名、硕博点等强信号,default_undergraduate,0,0,0,0,0,500,736,,,0,0,0,0,0,0,0,,
10151,10394,NULL,福建师范大学,福建,福州市,本科,区域特色研究型,公办,1,头部/强研究型高校,软科排名前100：90,ruanke_top100,0,0,0,0,0,90,194,,112,68,47,0,0,1,0,0,,
11336,13472,NULL,福建师范大学协和学院,福建,福州市,本科,,民办,3,普通应用/职业供给高校,本科高校，但未命中985、211、双一流、研究型、前列排名、硕博点等强信号,default_undergraduate,0,0,0,0,0,,975,,,0,0,0,0,0,0,0,,
12160,13972,NULL,福建幼儿师范高等专科学校,福建,福州市,专科,,公办,3,普通应用/职业供给高校,专科/高职高校，当前库内未命中双高、国家示范/骨干等强信号,default_vocational,0,0,0,0,0,,,,,0,0,0,0,0,0,0,,
10909,14683,NULL,福建技术师范学院,福建,福州市,本科,,公办,3,普通应用/职业供给高校,本科高校，但未命中985、211、双一流、研究型、前列排名、硕博点等强信号,default_undergraduate,0,0,0,0,0,477,682,,,0,0,0,0,0,0,0,,
12354,12625,NULL,福建林业职业技术学院,福建,南平市,专科,,公办,3,普通应用/职业供给高校,专科/高职高校，当前库内未命中双高、国家示范/骨干等强信号,default_vocational,0,0,0,0,0,,,,,0,0,0,0,0,0,0,,
12219,12627,NULL,福建水利电力职业技术学院,福建,三明市,专科,,公办,3,普通应用/职业供给高校,专科/高职高校，当前库内未命中双高、国家示范/骨干等强信号,default_vocational,0,0,0,0,0,,,,,0,0,0,0,0,0,0,,
10748,13763,NULL,福建江夏学院,福建,福州市,本科,,公办,2,区域重点/特色优势高校,硕士点/硕士专业学位点：10,master_points,0,0,0,0,0,391,522,,,10,0,0,0,0,0,0,,
10469,10388,NULL,福建理工大学,福建,福州市,本科,应用型,公办,2,区域重点/特色优势高校,软科排名前350：275；库内综合排名前500：354；博士点/博士专业学位点：1；硕士点/硕士专业学位点：8；院士数：6,ruanke_top350;ranking_top500;doctoral_points;master_points;academicians,0,0,0,0,0,275,354,,289,8,1,0,0,6,0,0,,
12546,13969,NULL,福建生物工程职业技术学院,福建,福州市,专科,,公办,3,普通应用/职业供给高校,专科/高职高校，当前库内未命中双高、国家示范/骨干等强信号,default_vocational,0,0,0,0,0,,,,,0,0,0,0,0,0,0,,
12763,12628,NULL,福建电力职业技术学院,福建,泉州市,专科,,公办,3,普通应用/职业供给高校,专科/高职高校，当前库内未命中双高、国家示范/骨干等强信号,default_vocational,0,0,0,0,0,,,,,0,0,0,0,0,0,0,,
70573,14896,NULL,福建福耀科技大学,福建,福州市,本科,,民办,1,头部/强研究型高校,库内综合排名前100：30,ranking_top100,0,0,0,0,0,,30,,,0,0,0,0,0,0,0,,
12890,10866,NULL,福建船政交通职业学院,福建,福州市,专科,,公办,2,区域重点/特色优势高校,职业院校强信号文本：双高,vocational_feature,0,0,0,0,0,,,,,0,0,0,0,0,0,0,,
12544,13970,NULL,福建艺术职业学院,福建,福州市,专科,,公办,3,普通应用/职业供给高校,专科/高职高校，当前库内未命中双高、国家示范/骨干等强信号,default_vocational,0,0,0,0,0,,,,,0,0,0,0,0,0,0,,
10727,11495,NULL,福建警察学院,福建,福州市,本科,,公办,2,区域重点/特色优势高校,库内综合排名前500：451,ranking_top500,0,0,0,0,0,389,451,,,0,0,0,0,0,0,0,,
12526,11121,NULL,私立华联学院,广东,广州市,专科,,民办,3,普通应用/职业供给高校,专科/高职高校，当前库内未命中双高、国家示范/骨干等强信号,default_vocational,0,0,0,0,0,,,,,0,0,0,0,0,0,0,,
11724,13741,NULL,科尔沁艺术职业学院,内蒙古,通辽市,专科,,公办,3,普通应用/职业供给高校,专科/高职高校，当前库内未命中双高、国家示范/骨干等强信号,default_vocational,0,0,0,0,0,,,,,0,0,0,0,0,0,0,,
70339,14788,NULL,秦皇岛工业职业技术学院,河北,秦皇岛,专科,,公办,3,普通应用/职业供给高校,专科/高职高校，当前库内未命中双高、国家示范/骨干等强信号,default_vocational,0,0,0,0,0,,,,,0,0,0,0,0,0,0,,
11597,12773,NULL,秦皇岛职业技术学院,河北,秦皇岛,专科,,公办,3,普通应用/职业供给高校,专科/高职高校，当前库内未命中双高、国家示范/骨干等强信号,default_vocational,0,0,0,0,0,,,,,0,0,0,0,0,0,0,,
10137,91030,NULL,空军军医大学,陕西,西安市,本科,,公办,1,头部/强研究型高校,双一流高校；库内综合排名前100：57,is_dual_class;ranking_top100,0,1,1,0,0,,57,,152,13,89,0,0,0,0,0,,
10243,91024,NULL,空军工程大学,陕西,西安市,本科,,公办,2,区域重点/特色优势高校,博士点/博士专业学位点：37；硕士点/硕士专业学位点：64,doctoral_points;master_points,0,0,0,0,0,,,,364,64,37,0,0,0,0,0,,
10277,91025,NULL,空军航空大学,吉林,长春市,本科,区域特色研究型,公办,2,区域重点/特色优势高校,办学类型为区域特色研究型；硕士点/硕士专业学位点：2,school_type_t2;master_points,0,0,0,0,0,,,,,2,0,0,0,0,0,0,,
10930,91026,NULL,空军预警学院,湖北,武汉市,本科,,公办,2,区域重点/特色优势高校,博士点/博士专业学位点：3；硕士点/硕士专业学位点：6,doctoral_points;master_points,0,0,0,0,0,,,,,6,3,0,0,0,0,0,,
12292,14413,NULL,红河卫生职业学院,云南,红河哈尼族彝族自治州,专科,,公办,3,普通应用/职业供给高校,专科/高职高校，当前库内未命中双高、国家示范/骨干等强信号,default_vocational,0,0,0,0,0,,,,,0,0,0,0,0,0,0,,
10630,10687,NULL,红河学院,云南,红河哈尼族彝族自治州,本科,,公办,2,区域重点/特色优势高校,硕士点/硕士专业学位点：3,master_points,0,0,0,0,0,500,795,,,3,0,0,0,0,0,0,,
11842,14736,NULL,红河职业技术学院,云南,红河哈尼族彝族自治州,专科,,公办,3,普通应用/职业供给高校,专科/高职高校，当前库内未命中双高、国家示范/骨干等强信号,default_vocational,0,0,0,0,0,,,,,0,0,0,0,0,0,0,,
10475,10349,NULL,绍兴大学,浙江,绍兴市,本科,应用型,公办,2,区域重点/特色优势高校,软科排名前350：264；库内综合排名前500：445；硕士点/硕士专业学位点：13,ruanke_top350;ranking_top500;master_points,0,0,0,0,0,264,445,,247,13,0,0,0,0,0,0,,
11061,13288,NULL,绍兴理工学院,浙江,绍兴市,本科,,公办,3,普通应用/职业供给高校,本科高校，但未命中985、211、双一流、研究型、前列排名、硕博点等强信号,default_undergraduate,0,0,0,0,0,500,570,,,0,0,0,0,0,0,0,,
12367,12876,NULL,绍兴职业技术学院,浙江,绍兴市,专科,,民办,3,普通应用/职业供给高校,专科/高职高校，当前库内未命中双高、国家示范/骨干等强信号,default_vocational,0,0,0,0,0,,,,,0,0,0,0,0,0,0,,
10729,10236,NULL,绥化学院,黑龙江,绥化市,本科,,公办,3,普通应用/职业供给高校,本科高校，但未命中985、211、双一流、研究型、前列排名、硕博点等强信号,default_undergraduate,0,0,0,0,0,500,814,,,0,0,0,0,0,0,0,,
11264,14045,NULL,绵阳城市学院,四川,绵阳市,本科,,民办,3,普通应用/职业供给高校,本科高校，但未命中985、211、双一流、研究型、前列排名、硕博点等强信号,default_undergraduate,0,0,0,0,0,,1018,,,0,0,0,0,0,0,0,,
10807,10639,NULL,绵阳师范学院,四川,绵阳市,本科,,公办,2,区域重点/特色优势高校,硕士点/硕士专业学位点：3,master_points,0,0,0,0,0,386,552,,,3,0,0,0,0,0,0,,
11688,12753,NULL,绵阳职业技术学院,四川,绵阳市,专科,,公办,3,普通应用/职业供给高校,专科/高职高校，当前库内未命中双高、国家示范/骨干等强信号,default_vocational,0,0,0,0,0,,,,,0,0,0,0,0,0,0,,
11824,14730,NULL,绵阳飞行职业学院,四川,绵阳市,专科,,民办,3,普通应用/职业供给高校,专科/高职高校，当前库内未命中双高、国家示范/骨干等强信号,default_vocational,0,0,0,0,0,,,,,0,0,0,0,0,0,0,,
70682,1495L,NULL,网络空间安全学院,湖北,武汉市,本科,,公办,3,普通应用/职业供给高校,本科高校，但未命中985、211、双一流、研究型、前列排名、硕博点等强信号,default_undergraduate,0,0,0,0,0,,,,,0,0,0,0,0,0,0,,
10437,91037,NULL,网络空间部队信息工程大学,河南,郑州市,本科,其他,公办,2,区域重点/特色优势高校,博士点/博士专业学位点：14；硕士点/硕士专业学位点：19,doctoral_points;master_points,0,0,0,0,0,,,,430,19,14,0,0,0,0,0,,
12490,12770,NULL,罗定职业技术学院,广东,云浮市,专科,,公办,3,普通应用/职业供给高校,专科/高职高校，当前库内未命中双高、国家示范/骨干等强信号,default_vocational,0,0,0,0,0,,,,,0,0,0,0,0,0,0,,
70400,,NULL,耀中幼教学院,香港,九龙城区,本科,,,3,普通应用/职业供给高校,本科高校，但未命中985、211、双一流、研究型、前列排名、硕博点等强信号,default_undergraduate,0,0,0,0,0,,,,,0,0,0,0,0,0,0,,
10393,10447,NULL,聊城大学,山东,聊城市,本科,应用型,公办,2,区域重点/特色优势高校,软科排名前350：268；库内综合排名前500：485；硕士点/硕士专业学位点：29,ruanke_top350;ranking_top500;master_points,0,0,0,0,0,268,485,,195,29,0,0,0,0,0,0,,
11166,13373,NULL,聊城大学东昌学院,山东,聊城市,本科,,民办,3,普通应用/职业供给高校,本科高校，但未命中985、211、双一流、研究型、前列排名、硕博点等强信号,default_undergraduate,0,0,0,0,0,,1010,,,0,0,0,0,0,0,0,,
70650,14923,NULL,聊城科技职业学院,山东,聊城市,专科,,公办,3,普通应用/职业供给高校,专科/高职高校，当前库内未命中双高、国家示范/骨干等强信号,default_vocational,0,0,0,0,0,,,,,0,0,0,0,0,0,0,,
11693,12441,NULL,聊城职业技术学院,山东,聊城市,专科,,公办,3,普通应用/职业供给高校,专科/高职高校，当前库内未命中双高、国家示范/骨干等强信号,default_vocational,0,0,0,0,0,,,,,0,0,0,0,0,0,0,,
10333,91014,NULL,联勤保障部队工程大学,重庆,沙坪坝区,本科,其他,公办,2,区域重点/特色优势高校,博士点/博士专业学位点：5；硕士点/硕士专业学位点：8,doctoral_points;master_points,0,0,0,0,0,,,,,8,5,0,0,0,0,0,,
12240,13810,NULL,肇庆医学院,广东,肇庆市,本科,,公办,3,普通应用/职业供给高校,本科高校，但未命中985、211、双一流、研究型、前列排名、硕博点等强信号,default_undergraduate,0,0,0,0,0,,662,,,0,0,0,0,0,0,0,,
10490,10580,NULL,肇庆学院,广东,肇庆市,本科,应用型,公办,2,区域重点/特色优势高校,硕士点/硕士专业学位点：1；院士数：1,master_points;academicians,0,0,0,0,0,440,564,,,1,0,0,0,1,0,0,,
70087,14768,NULL,自贡职业技术学院,四川,自贡市,专科,,民办,3,普通应用/职业供给高校,专科/高职高校，当前库内未命中双高、国家示范/骨干等强信号,default_vocational,0,0,0,0,0,,,,,0,0,0,0,0,0,0,,
70565,14842,NULL,芜湖医药健康职业学院,安徽,芜湖市,专科,,民办,3,普通应用/职业供给高校,专科/高职高校，当前库内未命中双高、国家示范/骨干等强信号,default_vocational,0,0,0,0,0,,,,,0,0,0,0,0,0,0,,
11132,13617,NULL,芜湖学院,安徽,芜湖市,本科,,民办,3,普通应用/职业供给高校,本科高校，但未命中985、211、双一流、研究型、前列排名、硕博点等强信号,default_undergraduate,0,0,0,0,0,,1043,,,0,0,0,0,0,0,0,,
11509,11061,NULL,芜湖职业技术大学,安徽,芜湖市,本科,,公办,3,普通应用/职业供给高校,本科高校，但未命中985、211、双一流、研究型、前列排名、硕博点等强信号,default_undergraduate,0,0,0,0,0,,1002,,,0,0,0,0,0,0,0,,
70566,14843,NULL,芜湖航空职业学院,安徽,芜湖市,专科,,民办,3,普通应用/职业供给高校,专科/高职高校，当前库内未命中双高、国家示范/骨干等强信号,default_vocational,0,0,0,0,0,,,,,0,0,0,0,0,0,0,,
12393,14256,NULL,苏州信息职业技术学院,江苏,苏州市,专科,,公办,3,普通应用/职业供给高校,专科/高职高校，当前库内未命中双高、国家示范/骨干等强信号,default_vocational,0,0,0,0,0,,,,,0,0,0,0,0,0,0,,
12605,13751,NULL,苏州健雄职业技术学院,江苏,苏州市,专科,,公办,3,普通应用/职业供给高校,专科/高职高校，当前库内未命中双高、国家示范/骨干等强信号,default_vocational,0,0,0,0,0,,,,,0,0,0,0,0,0,0,,
11691,12808,NULL,苏州农业职业技术学院,江苏,苏州市,专科,,公办,2,区域重点/特色优势高校,职业院校强信号文本：双高,vocational_feature,0,0,0,0,0,,,,,0,0,0,0,0,0,0,,
12442,12688,NULL,苏州卫生职业技术学院,江苏,苏州市,专科,,公办,3,普通应用/职业供给高校,专科/高职高校，当前库内未命中双高、国家示范/骨干等强信号,default_vocational,0,0,0,0,0,,,,,0,0,0,0,0,0,0,,
10967,13983,NULL,苏州城市学院,江苏,苏州市,本科,,公办,2,区域重点/特色优势高校,库内综合排名前500：484,ranking_top500,0,0,0,0,0,419,484,,,0,0,0,0,0,0,0,,
10086,10285,NULL,苏州大学,江苏,苏州市,本科,区域研究型,公办,1,头部/强研究型高校,双一流高校；软科排名前100：46；库内综合排名前100：60,is_dual_class;ruanke_top100;ranking_top100,0,1,1,0,0,46,60,50,40,110,124,0,0,6,0,0,,
10943,13984,NULL,苏州大学应用技术学院,江苏,苏州市,本科,,民办,3,普通应用/职业供给高校,本科高校，但未命中985、211、双一流、研究型、前列排名、硕博点等强信号,default_undergraduate,0,0,0,0,0,,1030,,,0,0,0,0,0,0,0,,
12612,14295,NULL,苏州工业园区服务外包职业学院,江苏,苏州市,专科,,公办,3,普通应用/职业供给高校,专科/高职高校，当前库内未命中双高、国家示范/骨干等强信号,default_vocational,0,0,0,0,0,,,,,0,0,0,0,0,0,0,,
12285,12809,NULL,苏州工业园区职业技术学院,江苏,苏州市,专科,,民办,3,普通应用/职业供给高校,专科/高职高校，当前库内未命中双高、国家示范/骨干等强信号,default_vocational,0,0,0,0,0,,,,,0,0,0,0,0,0,0,,
12409,12686,NULL,苏州工业职业技术学院,江苏,苏州市,专科,,公办,2,区域重点/特色优势高校,职业院校强信号文本：双高,vocational_feature,0,0,0,0,0,,,,,0,0,0,0,0,0,0,,
10715,10333,NULL,苏州工学院,江苏,苏州市,本科,,公办,2,区域重点/特色优势高校,软科排名前350：287；硕士点/硕士专业学位点：3,ruanke_top350;master_points,0,0,0,0,0,287,537,,351,3,0,0,0,0,0,0,,
12296,10960,NULL,苏州工艺美术职业技术学院,江苏,苏州市,专科,,公办,2,区域重点/特色优势高校,职业院校强信号文本：双高,vocational_feature,0,0,0,0,0,,,,,0,0,0,0,0,0,0,,
12880,15583,NULL,苏州幼儿师范高等专科学校,江苏,苏州市,专科,,公办,3,普通应用/职业供给高校,专科/高职高校，当前库内未命中双高、国家示范/骨干等强信号,default_vocational,0,0,0,0,0,,,,,0,0,0,0,0,0,0,,
11899,12687,NULL,苏州托普信息职业技术学院,江苏,苏州市,专科,,民办,3,普通应用/职业供给高校,专科/高职高校，当前库内未命中双高、国家示范/骨干等强信号,default_vocational,0,0,0,0,0,,,,,0,0,0,0,0,0,0,,
70645,14914,NULL,苏州旅游职业学院,江苏,苏州市,专科,,公办,3,普通应用/职业供给高校,专科/高职高校，当前库内未命中双高、国家示范/骨干等强信号,default_vocational,0,0,0,0,0,,,,,0,0,0,0,0,0,0,,
12652,13962,NULL,苏州百年职业学院,江苏,苏州市,专科,,,3,普通应用/职业供给高校,专科/高职高校，当前库内未命中双高、国家示范/骨干等强信号,default_vocational,0,0,0,0,0,,,,,0,0,0,0,0,0,0,,
10482,10332,NULL,苏州科技大学,江苏,苏州市,本科,应用型,公办,2,区域重点/特色优势高校,软科排名前350：217；库内综合排名前500：345；博士点/博士专业学位点：3；硕士点/硕士专业学位点：25；院士数：1,ruanke_top350;ranking_top500;doctoral_points;master_points;academicians,0,0,0,0,0,217,345,,160,25,3,0,0,1,0,0,,
11004,13985,NULL,苏州科技大学天平学院,江苏,南京市,本科,,民办,3,普通应用/职业供给高校,本科高校，但未命中985、211、双一流、研究型、前列排名、硕博点等强信号,default_undergraduate,0,0,0,0,0,,1077,,,0,0,0,0,0,0,0,,
11472,12685,NULL,苏州经贸职业技术学院,江苏,苏州市,专科,,公办,3,普通应用/职业供给高校,专科/高职高校，当前库内未命中双高、国家示范/骨干等强信号,default_vocational,0,0,0,0,0,,,,,0,0,0,0,0,0,0,,
12889,11054,NULL,苏州职业技术大学,江苏,苏州市,本科,,公办,3,普通应用/职业供给高校,本科高校，但未命中985、211、双一流、研究型、前列排名、硕博点等强信号,default_undergraduate,0,0,0,0,0,,729,,,0,0,0,0,0,0,0,,
12773,14163,NULL,苏州高博职业学院,江苏,苏州市,专科,,民办,3,普通应用/职业供给高校,专科/高职高校，当前库内未命中双高、国家示范/骨干等强信号,default_vocational,0,0,0,0,0,,,,,0,0,0,0,0,0,0,,
12328,13712,NULL,茂名职业技术学院,广东,茂名市,专科,,公办,3,普通应用/职业供给高校,专科/高职高校，当前库内未命中双高、国家示范/骨干等强信号,default_vocational,0,0,0,0,0,,,,,0,0,0,0,0,0,0,,
10843,14625,NULL,茅台学院,贵州,遵义市,本科,,民办,3,普通应用/职业供给高校,本科高校，但未命中985、211、双一流、研究型、前列排名、硕博点等强信号,default_undergraduate,0,0,0,0,0,,801,,,0,0,0,0,0,0,0,,
11220,13245,NULL,荆州学院,湖北,荆州市,本科,,民办,3,普通应用/职业供给高校,本科高校，但未命中985、211、双一流、研究型、前列排名、硕博点等强信号,default_undergraduate,0,0,0,0,0,,1273,,,0,0,0,0,0,0,0,,
11860,11074,NULL,荆州理工职业学院,湖北,荆州市,专科,,公办,3,普通应用/职业供给高校,专科/高职高校，当前库内未命中双高、国家示范/骨干等强信号,default_vocational,0,0,0,0,0,,,,,0,0,0,0,0,0,0,,
11582,12737,NULL,荆州职业技术学院,湖北,荆州市,专科,,公办,3,普通应用/职业供给高校,专科/高职高校，当前库内未命中双高、国家示范/骨干等强信号,default_vocational,0,0,0,0,0,,,,,0,0,0,0,0,0,0,,
10830,11336,NULL,荆楚理工学院,湖北,荆门市,本科,,公办,3,普通应用/职业供给高校,本科高校，但未命中985、211、双一流、研究型、前列排名、硕博点等强信号,default_undergraduate,0,0,0,0,0,500,769,,,0,0,0,0,0,0,0,,
12852,14571,NULL,荆门职业学院,湖北,荆门市,专科,,公办,3,普通应用/职业供给高校,专科/高职高校，当前库内未命中双高、国家示范/骨干等强信号,default_vocational,0,0,0,0,0,,,,,0,0,0,0,0,0,0,,
70606,14866,NULL,荆门通用航空职业技术学院,湖北,荆门市,专科,,公办,3,普通应用/职业供给高校,专科/高职高校，当前库内未命中双高、国家示范/骨干等强信号,default_vocational,0,0,0,0,0,,,,,0,0,0,0,0,0,0,,
10730,11498,NULL,莆田学院,福建,莆田市,本科,,公办,2,区域重点/特色优势高校,硕士点/硕士专业学位点：13；院士数：1,master_points;academicians,0,0,0,0,0,391,574,,,13,0,0,0,1,0,0,,
11534,12330,NULL,莱芜职业技术学院,山东,济南市,专科,,公办,3,普通应用/职业供给高校,专科/高职高校，当前库内未命中双高、国家示范/骨干等强信号,default_vocational,0,0,0,0,0,,,,,0,0,0,0,0,0,0,,
11682,10444,NULL,菏泽医学专科学校,山东,菏泽市,专科,,公办,3,普通应用/职业供给高校,专科/高职高校，当前库内未命中双高、国家示范/骨干等强信号,default_vocational,0,0,0,0,0,,,,,0,0,0,0,0,0,0,,
10855,10455,NULL,菏泽学院,山东,菏泽市,本科,,公办,3,普通应用/职业供给高校,本科高校，但未命中985、211、双一流、研究型、前列排名、硕博点等强信号,default_undergraduate,0,0,0,0,0,500,802,,,0,0,0,0,0,0,0,,
12259,14118,NULL,菏泽家政职业学院,山东,菏泽市,专科,,公办,3,普通应用/职业供给高校,专科/高职高校，当前库内未命中双高、国家示范/骨干等强信号,default_vocational,0,0,0,0,0,,,,,0,0,0,0,0,0,0,,
70655,14928,NULL,菏泽生物医药职业学院,山东,菏泽市,专科,,民办,3,普通应用/职业供给高校,专科/高职高校，当前库内未命中双高、国家示范/骨干等强信号,default_vocational,0,0,0,0,0,,,,,0,0,0,0,0,0,0,,
12096,14477,NULL,菏泽职业学院,山东,菏泽市,专科,,公办,3,普通应用/职业供给高校,专科/高职高校，当前库内未命中双高、国家示范/骨干等强信号,default_vocational,0,0,0,0,0,,,,,0,0,0,0,0,0,0,,
12580,14656,NULL,萍乡卫生职业学院,江西,萍乡市,专科,,公办,3,普通应用/职业供给高校,专科/高职高校，当前库内未命中双高、国家示范/骨干等强信号,default_vocational,0,0,0,0,0,,,,,0,0,0,0,0,0,0,,
10832,10895,NULL,萍乡学院,江西,萍乡市,本科,,公办,3,普通应用/职业供给高校,本科高校，但未命中985、211、双一流、研究型、前列排名、硕博点等强信号,default_undergraduate,0,0,0,0,0,500,821,,,0,0,0,0,0,0,0,,
10831,14435,NULL,营口理工学院,辽宁,营口市,本科,,公办,3,普通应用/职业供给高校,本科高校，但未命中985、211、双一流、研究型、前列排名、硕博点等强信号,default_undergraduate,0,0,0,0,0,500,668,,,0,0,0,0,0,0,0,,
11921,10181,NULL,营口职业技术学院,辽宁,营口市,专科,,公办,3,普通应用/职业供给高校,专科/高职高校，当前库内未命中双高、国家示范/骨干等强信号,default_vocational,0,0,0,0,0,,,,,0,0,0,0,0,0,0,,
10627,10367,NULL,蚌埠医科大学,安徽,蚌埠市,本科,,公办,2,区域重点/特色优势高校,软科排名前350：283；库内综合排名前500：487；硕士点/硕士专业学位点：15,ruanke_top350;ranking_top500;master_points,0,0,0,0,0,283,487,,401,15,0,0,0,0,0,0,,
70567,14844,NULL,蚌埠城市轨道交通职业学院,安徽,蚌埠市,专科,,民办,3,普通应用/职业供给高校,专科/高职高校，当前库内未命中双高、国家示范/骨干等强信号,default_vocational,0,0,0,0,0,,,,,0,0,0,0,0,0,0,,
10868,11305,NULL,蚌埠学院,安徽,蚌埠市,本科,,公办,3,普通应用/职业供给高校,本科高校，但未命中985、211、双一流、研究型、前列排名、硕博点等强信号,default_undergraduate,0,0,0,0,0,500,938,,,0,0,0,0,0,0,0,,
11032,13611,NULL,蚌埠工商学院,安徽,蚌埠市,本科,,民办,3,普通应用/职业供给高校,本科高校，但未命中985、211、双一流、研究型、前列排名、硕博点等强信号,default_undergraduate,0,0,0,0,0,,1117,,,0,0,0,0,0,0,0,,
12711,14137,NULL,蚌埠经济技术职业学院,安徽,蚌埠市,专科,,民办,3,普通应用/职业供给高校,专科/高职高校，当前库内未命中双高、国家示范/骨干等强信号,default_vocational,0,0,0,0,0,,,,,0,0,0,0,0,0,0,,
70336,14785,NULL,衡水健康科技职业学院,河北,衡水市,专科,,公办,3,普通应用/职业供给高校,专科/高职高校，当前库内未命中双高、国家示范/骨干等强信号,default_vocational,0,0,0,0,0,,,,,0,0,0,0,0,0,0,,
10827,10101,NULL,衡水学院,河北,衡水市,本科,,公办,3,普通应用/职业供给高校,本科高校，但未命中985、211、双一流、研究型、前列排名、硕博点等强信号,default_undergraduate,0,0,0,0,0,500,725,,,0,0,0,0,0,0,0,,
12351,12786,NULL,衡水职业技术学院,河北,衡水市,专科,,公办,3,普通应用/职业供给高校,专科/高职高校，当前库内未命中双高、国家示范/骨干等强信号,default_vocational,0,0,0,0,0,,,,,0,0,0,0,0,0,0,,
10554,10546,NULL,衡阳师范学院,湖南,衡阳市,本科,,公办,2,区域重点/特色优势高校,硕士点/硕士专业学位点：19,master_points,0,0,0,0,0,406,584,,,19,0,0,0,0,0,0,,
11319,12659,NULL,衡阳师范学院南岳学院,湖南,衡阳市,本科,,民办,3,普通应用/职业供给高校,本科高校，但未命中985、211、双一流、研究型、前列排名、硕博点等强信号,default_undergraduate,0,0,0,0,0,,934,,,0,0,0,0,0,0,0,,
11968,14691,NULL,衡阳幼儿师范高等专科学校,湖南,衡阳市,专科,,公办,3,普通应用/职业供给高校,专科/高职高校，当前库内未命中双高、国家示范/骨干等强信号,default_vocational,0,0,0,0,0,,,,,0,0,0,0,0,0,0,,
70621,14904,NULL,衡阳理工职业学院,湖南,衡阳市,专科,,民办,3,普通应用/职业供给高校,专科/高职高校，当前库内未命中双高、国家示范/骨干等强信号,default_vocational,0,0,0,0,0,,,,,0,0,0,0,0,0,0,,
70382,14820,NULL,衡阳科技职业学院,湖南,衡阳市,专科,,民办,3,普通应用/职业供给高校,专科/高职高校，当前库内未命中双高、国家示范/骨干等强信号,default_vocational,0,0,0,0,0,,,,,0,0,0,0,0,0,0,,
10664,11488,NULL,衢州学院,浙江,衢州市,本科,,公办,2,区域重点/特色优势高校,硕士点/硕士专业学位点：4,master_points,0,0,0,0,0,379,629,,,4,0,0,0,0,0,0,,
12028,12877,NULL,衢州职业技术学院,浙江,衢州市,专科,,公办,3,普通应用/职业供给高校,专科/高职高校，当前库内未命中双高、国家示范/骨干等强信号,default_vocational,0,0,0,0,0,,,,,0,0,0,0,0,0,0,,
11873,14357,NULL,襄阳汽车职业技术学院,湖北,襄阳市,专科,,公办,3,普通应用/职业供给高校,专科/高职高校，当前库内未命中双高、国家示范/骨干等强信号,default_vocational,0,0,0,0,0,,,,,0,0,0,0,0,0,0,,
70383,14832,NULL,襄阳科技职业学院,湖北,襄阳市,专科,,公办,3,普通应用/职业供给高校,专科/高职高校，当前库内未命中双高、国家示范/骨干等强信号,default_vocational,0,0,0,0,0,,,,,0,0,0,0,0,0,0,,
11443,12354,NULL,襄阳职业技术大学,湖北,襄阳市,本科,,公办,3,普通应用/职业供给高校,本科高校，但未命中985、211、双一流、研究型、前列排名、硕博点等强信号,default_undergraduate,0,0,0,0,0,,,,,0,0,0,0,0,0,0,,
10141,16403,NULL,西交利物浦大学,江苏,苏州市,本科,应用型,,2,区域重点/特色优势高校,软科排名前350：102；库内综合排名前500：268；博士点/博士专业学位点：13；硕士点/硕士专业学位点：31；院士数：1,ruanke_top350;ranking_top500;doctoral_points;master_points;academicians,0,0,0,0,0,102,268,63,103,31,13,0,0,1,0,0,,
11334,12715,NULL,西京学院,陕西,西安市,本科,,民办,2,区域重点/特色优势高校,硕士点/硕士专业学位点：11,master_points,0,0,0,0,0,,1055,,384,11,0,0,0,0,0,0,,
10082,10712,NULL,西北农林科技大学,陕西,咸阳市,本科,特色研究型,公办,1,头部/强研究型高校,985 高校；双一流高校；软科排名前100：69；库内综合排名前100：81,is985;is_dual_class;ruanke_top100;ranking_top100,1,1,1,1,0,69,81,48,39,72,54,0,0,3,0,0,,
10084,10697,NULL,西北大学,陕西,西安市,本科,区域研究型,公办,1,头部/强研究型高校,双一流高校；软科排名前100：70；库内综合排名前100：91,is_dual_class;ruanke_top100;ranking_top100,0,1,1,1,0,70,91,61,104,41,29,0,0,4,0,0,,
11350,13678,NULL,西北大学现代学院,陕西,西安市,本科,,民办,3,普通应用/职业供给高校,本科高校，但未命中985、211、双一流、研究型、前列排名、硕博点等强信号,default_undergraduate,0,0,0,0,0,,1150,,,0,0,0,0,0,0,0,,
10040,10699,NULL,西北工业大学,陕西,西安市,本科,研究型,公办,1,头部/强研究型高校,985 高校；双一流高校；办学类型为研究型；软科排名前100：23；库内综合排名前100：19,is985;is_dual_class;school_type_t1;ruanke_top100;ranking_top100,1,1,1,1,0,23,19,33,30,153,95,0,0,23,0,0,,
10199,10736,NULL,西北师范大学,甘肃,兰州市,本科,区域特色研究型,公办,2,区域重点/特色优势高校,办学类型为区域特色研究型；软科排名前350：154；库内综合排名前500：330；博士点/博士专业学位点：59；硕士点/硕士专业学位点：107；院士数：2,school_type_t2;ruanke_top350;ranking_top500;doctoral_points;master_points;academicians,0,0,0,0,0,154,330,,300,107,59,0,0,2,0,0,,
10387,10726,NULL,西北政法大学,陕西,西安市,本科,区域特色研究型,公办,1,头部/强研究型高校,库内综合排名前100：96,ranking_top100,0,0,0,0,0,185,96,,,54,8,0,0,0,0,0,,
10342,10742,NULL,西北民族大学,甘肃,兰州市,本科,区域特色研究型,公办,2,区域重点/特色优势高校,办学类型为区域特色研究型；软科排名前350：290；博士点/博士专业学位点：2；硕士点/硕士专业学位点：39,school_type_t2;ruanke_top350;doctoral_points;master_points,0,0,0,0,0,290,594,,,39,2,0,0,0,0,0,,
10425,10623,NULL,西华大学,四川,成都市,本科,应用型,公办,2,区域重点/特色优势高校,软科排名前350：262；库内综合排名前500：260；硕士点/硕士专业学位点：23,ruanke_top350;ranking_top500;master_points,0,0,0,0,0,262,260,,265,23,0,0,0,0,0,0,,
10429,10638,NULL,西华师范大学,四川,南充市,本科,应用型,公办,2,区域重点/特色优势高校,软科排名前350：271；库内综合排名前500：481；博士点/博士专业学位点：2；硕士点/硕士专业学位点：21,ruanke_top350;ranking_top500;doctoral_points;master_points,0,0,0,0,0,271,481,,321,21,2,0,0,0,0,0,,
10077,10613,NULL,西南交通大学,四川,成都市,本科,特色研究型,公办,1,头部/强研究型高校,双一流高校；软科排名前100：49；库内综合排名前100：75,is_dual_class;ruanke_top100;ranking_top100,0,1,1,0,0,49,75,,74,59,43,0,0,3,0,0,,
11105,14262,NULL,西南交通大学希望学院,四川,成都市,本科,,民办,3,普通应用/职业供给高校,本科高校，但未命中985、211、双一流、研究型、前列排名、硕博点等强信号,default_undergraduate,0,0,0,0,0,,987,,,0,0,0,0,0,0,0,,
10568,10632,NULL,西南医科大学,四川,泸州市,本科,,公办,2,区域重点/特色优势高校,软科排名前350：207；库内综合排名前500：223；博士点/博士专业学位点：1；硕士点/硕士专业学位点：19,ruanke_top350;ranking_top500;doctoral_points;master_points,0,0,0,0,0,207,223,,306,19,1,0,0,0,0,0,,
10080,10635,NULL,西南大学,重庆,北碚区,本科,研究型,公办,1,头部/强研究型高校,双一流高校；办学类型为研究型；软科排名前100：61；库内综合排名前100：97,is_dual_class;school_type_t1;ruanke_top100;ranking_top100,0,1,1,0,0,61,97,62,67,144,93,0,0,6,0,0,,
10081,19635,NULL,西南大学(荣昌校区),重庆,荣昌区,本科,中国研究型,公办,1,头部/强研究型高校,双一流高校；办学类型为中国研究型,is_dual_class;school_type_t1,0,1,1,0,0,,154,,,6,6,0,0,0,0,0,,
10163,10652,NULL,西南政法大学,重庆,渝北区,本科,特色研究型,公办,1,头部/强研究型高校,库内综合排名前100：94,ranking_top100,0,0,0,0,0,123,94,,,61,26,0,0,0,0,0,,
10428,10677,NULL,西南林业大学,云南,昆明市,本科,区域特色研究型,公办,2,区域重点/特色优势高校,办学类型为区域特色研究型；软科排名前350：303；博士点/博士专业学位点：12；硕士点/硕士专业学位点：41；院士数：1,school_type_t2;ruanke_top350;doctoral_points;master_points;academicians,0,0,0,0,0,303,520,,335,41,12,0,0,1,0,0,,
10299,10656,NULL,西南民族大学,四川,成都市,本科,区域特色研究型,公办,2,区域重点/特色优势高校,办学类型为区域特色研究型；软科排名前350：207；库内综合排名前500：285；博士点/博士专业学位点：4；硕士点/硕士专业学位点：38,school_type_t2;ruanke_top350;ranking_top500;doctoral_points;master_points,0,0,0,0,0,207,285,,280,38,4,0,0,0,0,0,,
10247,10615,NULL,西南石油大学,四川,成都市,本科,区域特色研究型,公办,1,头部/强研究型高校,双一流高校,is_dual_class,0,0,1,0,0,119,141,,207,116,38,0,0,1,0,0,,
10337,10619,NULL,西南科技大学,四川,绵阳市,本科,区域特色研究型,公办,2,区域重点/特色优势高校,办学类型为区域特色研究型；软科排名前350：205；库内综合排名前500：313；博士点/博士专业学位点：28；硕士点/硕士专业学位点：120,school_type_t2;ruanke_top350;ranking_top500;doctoral_points;master_points,0,0,0,0,0,205,313,,118,120,28,0,0,0,0,0,,
10146,10651,NULL,西南财经大学,四川,成都市,本科,特色研究型,公办,1,头部/强研究型高校,双一流高校；软科排名前100：66；库内综合排名前100：63,is_dual_class;ruanke_top100;ranking_top100,0,1,1,1,0,66,63,,65,76,60,0,0,0,0,0,,
11119,14037,NULL,西南财经大学天府学院,四川,绵阳市,本科,,民办,3,普通应用/职业供给高校,本科高校，但未命中985、211、双一流、研究型、前列排名、硕博点等强信号,default_undergraduate,0,0,0,0,0,,939,,,0,0,0,0,0,0,0,,
12381,12826,NULL,西双版纳职业技术学院,云南,西双版纳傣族自治州,专科,,公办,3,普通应用/职业供给高校,专科/高职高校，当前库内未命中双高、国家示范/骨干等强信号,default_vocational,0,0,0,0,0,,,,,0,0,0,0,0,0,0,,
11406,14519,NULL,西宁城市职业技术学院,青海,西宁市,专科,,公办,3,普通应用/职业供给高校,专科/高职高校，当前库内未命中双高、国家示范/骨干等强信号,default_vocational,0,0,0,0,0,,,,,0,0,0,0,0,0,0,,
10025,10698,NULL,西安交通大学,陕西,西安市,本科,研究型,公办,1,头部/强研究型高校,985 高校；双一流高校；办学类型为研究型；软科排名前100：10；库内综合排名前100：15,is985;is_dual_class;school_type_t1;ruanke_top100;ranking_top100,1,1,1,1,0,10,15,15,17,89,94,0,0,51,0,0,,
11016,13677,NULL,西安交通大学城市学院,陕西,西安市,本科,,民办,3,普通应用/职业供给高校,本科高校，但未命中985、211、双一流、研究型、前列排名、硕博点等强信号,default_undergraduate,0,0,0,0,0,,980,,,0,0,0,0,0,0,0,,
11313,13569,NULL,西安交通工程学院,陕西,西安市,本科,,民办,3,普通应用/职业供给高校,本科高校，但未命中985、211、双一流、研究型、前列排名、硕博点等强信号,default_undergraduate,0,0,0,0,0,,1128,,,0,0,0,0,0,0,0,,
10669,10727,NULL,西安体育学院,陕西,西安市,本科,,公办,2,区域重点/特色优势高校,博士点/博士专业学位点：2；硕士点/硕士专业学位点：13,doctoral_points;master_points,0,0,0,0,0,418,617,,,13,2,0,0,0,0,0,,
11015,14030,NULL,西安信息职业大学,陕西,西安市,本科,,民办,3,普通应用/职业供给高校,本科高校，但未命中985、211、双一流、研究型、前列排名、硕博点等强信号,default_undergraduate,0,0,0,0,0,,1187,,,0,0,0,0,0,0,0,,
12891,13739,NULL,西安健康工程职业学院,陕西,西安市,专科,,民办,3,普通应用/职业供给高校,专科/高职高校，当前库内未命中双高、国家示范/骨干等强信号,default_vocational,0,0,0,0,0,,,,,0,0,0,0,0,0,0,,
10722,11840,NULL,西安医学院,陕西,西安市,本科,,公办,2,区域重点/特色优势高校,库内综合排名前500：479；硕士点/硕士专业学位点：2,ranking_top500;master_points,0,0,0,0,0,360,479,,391,2,0,0,0,0,0,0,,
11993,14222,NULL,西安医学高等专科学校,陕西,西安市,专科,,民办,3,普通应用/职业供给高校,专科/高职高校，当前库内未命中双高、国家示范/骨干等强信号,default_vocational,0,0,0,0,0,,,,,0,0,0,0,0,0,0,,
12536,13124,NULL,西安城市建设职业学院,陕西,西安市,专科,,民办,3,普通应用/职业供给高校,专科/高职高校，当前库内未命中双高、国家示范/骨干等强信号,default_vocational,0,0,0,0,0,,,,,0,0,0,0,0,0,0,,
11129,11400,NULL,西安培华学院,陕西,西安市,本科,,民办,3,普通应用/职业供给高校,本科高校，但未命中985、211、双一流、研究型、前列排名、硕博点等强信号,default_undergraduate,0,0,0,0,0,,1073,,,0,0,0,0,0,0,0,,
11097,12713,NULL,西安外事学院,陕西,西安市,本科,,民办,3,普通应用/职业供给高校,本科高校，但未命中985、211、双一流、研究型、前列排名、硕博点等强信号,default_undergraduate,0,0,0,0,0,,1133,,,0,0,0,0,0,0,0,,
10458,10724,NULL,西安外国语大学,陕西,西安市,本科,区域特色研究型,公办,2,区域重点/特色优势高校,办学类型为区域特色研究型；软科排名前350：241；库内综合排名前500：239；博士点/博士专业学位点：12；硕士点/硕士专业学位点：28,school_type_t2;ruanke_top350;ranking_top500;doctoral_points;master_points,0,0,0,0,0,241,239,,,28,12,0,0,0,0,0,,
10408,10702,NULL,西安工业大学,陕西,西安市,本科,应用型,公办,2,区域重点/特色优势高校,软科排名前350：206；库内综合排名前500：169；博士点/博士专业学位点：13；硕士点/硕士专业学位点：44；院士数：1,ruanke_top350;ranking_top500;doctoral_points;master_points;academicians,0,0,0,0,0,206,169,,282,44,13,0,0,1,0,0,,
11030,13682,NULL,西安工商学院,陕西,西安市,本科,,民办,3,普通应用/职业供给高校,本科高校，但未命中985、211、双一流、研究型、前列排名、硕博点等强信号,default_undergraduate,0,0,0,0,0,,1131,,,0,0,0,0,0,0,0,,
10365,10709,NULL,西安工程大学,陕西,西安市,本科,应用型,公办,2,区域重点/特色优势高校,软科排名前350：253；库内综合排名前500：363；博士点/博士专业学位点：1；硕士点/硕士专业学位点：19；院士数：1,ruanke_top350;ranking_top500;doctoral_points;master_points;academicians,0,0,0,0,0,253,363,,354,19,1,0,0,1,0,0,,
10226,10703,NULL,西安建筑科技大学,陕西,西安市,本科,区域特色研究型,公办,2,区域重点/特色优势高校,办学类型为区域特色研究型；软科排名前350：118；库内综合排名前500：348；博士点/博士专业学位点：22；硕士点/硕士专业学位点：37；院士数：2,school_type_t2;ruanke_top350;ranking_top500;doctoral_points;master_points;academicians,0,0,0,0,0,118,348,,137,37,22,0,0,2,0,0,,
11031,13679,NULL,西安建筑科技大学华清学院,陕西,西安市,本科,,民办,3,普通应用/职业供给高校,本科高校，但未命中985、211、双一流、研究型、前列排名、硕博点等强信号,default_undergraduate,0,0,0,0,0,,1109,,,0,0,0,0,0,0,0,,
11335,13121,NULL,西安思源学院,陕西,西安市,本科,,民办,3,普通应用/职业供给高校,本科高校，但未命中985、211、双一流、研究型、前列排名、硕博点等强信号,default_undergraduate,0,0,0,0,0,,1158,,,0,0,0,0,0,0,0,,
70674,14945,NULL,西安戏剧学院,陕西,西安市,本科,,公办,3,普通应用/职业供给高校,本科高校，但未命中985、211、双一流、研究型、前列排名、硕博点等强信号,default_undergraduate,0,0,0,0,0,,526,,,0,0,0,0,0,0,0,,
10744,11080,NULL,西安文理学院,陕西,西安市,本科,,公办,2,区域重点/特色优势高校,硕士点/硕士专业学位点：3,master_points,0,0,0,0,0,422,559,,,3,0,0,0,0,0,0,,
11194,13894,NULL,西安明德理工学院,陕西,西安市,本科,,民办,3,普通应用/职业供给高校,本科高校，但未命中985、211、双一流、研究型、前列排名、硕博点等强信号,default_undergraduate,0,0,0,0,0,,1126,,,0,0,0,0,0,0,0,,
11109,12712,NULL,西安欧亚学院,陕西,西安市,本科,,民办,3,普通应用/职业供给高校,本科高校，但未命中985、211、双一流、研究型、前列排名、硕博点等强信号,default_undergraduate,0,0,0,0,0,,1228,,,0,0,0,0,0,0,0,,
10970,13738,NULL,西安汽车职业大学,陕西,西安市,本科,,民办,3,普通应用/职业供给高校,本科高校，但未命中985、211、双一流、研究型、前列排名、硕博点等强信号,default_undergraduate,0,0,0,0,0,,1194,,,0,0,0,0,0,0,0,,
12037,13737,NULL,西安海棠职业学院,陕西,西安市,专科,,民办,3,普通应用/职业供给高校,专科/高职高校，当前库内未命中双高、国家示范/骨干等强信号,default_vocational,0,0,0,0,0,,,,,0,0,0,0,0,0,0,,
10212,10700,NULL,西安理工大学,陕西,西安市,本科,区域特色研究型,公办,2,区域重点/特色优势高校,办学类型为区域特色研究型；软科排名前350：111；库内综合排名前500：155；博士点/博士专业学位点：54；硕士点/硕士专业学位点：109；院士数：2,school_type_t2;ruanke_top350;ranking_top500;doctoral_points;master_points;academicians,0,0,0,0,0,111,155,,165,109,54,0,0,2,0,0,,
11257,14041,NULL,西安理工大学高科学院,陕西,西安市,本科,,民办,3,普通应用/职业供给高校,本科高校，但未命中985、211、双一流、研究型、前列排名、硕博点等强信号,default_undergraduate,0,0,0,0,0,,1047,,,0,0,0,0,0,0,0,,
12653,81360,NULL,西安电力机械制造公司机电学院,陕西,西安市,专科,,公办,3,普通应用/职业供给高校,专科/高职高校，当前库内未命中双高、国家示范/骨干等强信号,default_vocational,0,0,0,0,0,,,,,0,0,0,0,0,0,0,,
11750,11826,NULL,西安电力高等专科学校,陕西,西安市,专科,,公办,3,普通应用/职业供给高校,专科/高职高校，当前库内未命中双高、国家示范/骨干等强信号,default_vocational,0,0,0,0,0,,,,,0,0,0,0,0,0,0,,
10062,10701,NULL,西安电子科技大学,陕西,西安市,本科,特色研究型,公办,1,头部/强研究型高校,双一流高校；软科排名前100：39；库内综合排名前100：29,is_dual_class;ruanke_top100;ranking_top100,0,1,1,1,0,39,29,,58,35,23,0,0,0,0,0,,
10400,10705,NULL,西安石油大学,陕西,西安市,本科,应用型,公办,2,区域重点/特色优势高校,软科排名前350：230；库内综合排名前500：254；博士点/博士专业学位点：3；硕士点/硕士专业学位点：27；院士数：2,ruanke_top350;ranking_top500;doctoral_points;master_points;academicians,0,0,0,0,0,230,254,,373,27,3,0,0,2,0,0,,
10309,10704,NULL,西安科技大学,陕西,西安市,本科,区域特色研究型,公办,2,区域重点/特色优势高校,办学类型为区域特色研究型；软科排名前350：186；库内综合排名前500：360；博士点/博士专业学位点：21；硕士点/硕士专业学位点：46；院士数：1,school_type_t2;ruanke_top350;ranking_top500;doctoral_points;master_points;academicians,0,0,0,0,0,186,360,,202,46,21,0,0,1,0,0,,
11140,14042,NULL,西安科技大学高新学院,陕西,西安市,本科,,民办,3,普通应用/职业供给高校,本科高校，但未命中985、211、双一流、研究型、前列排名、硕博点等强信号,default_undergraduate,0,0,0,0,0,,1167,,,0,0,0,0,0,0,0,,
10547,10729,NULL,西安美术学院,陕西,西安市,本科,,公办,2,区域重点/特色优势高校,库内综合排名前500：496；博士点/博士专业学位点：5；硕士点/硕士专业学位点：5,ranking_top500;doctoral_points;master_points,0,0,0,0,0,,496,,,5,5,0,0,0,0,0,,
11060,12714,NULL,西安翻译学院,陕西,西安市,本科,,民办,3,普通应用/职业供给高校,本科高校，但未命中985、211、双一流、研究型、前列排名、硕博点等强信号,default_undergraduate,0,0,0,0,0,,1164,,,0,0,0,0,0,0,0,,
11953,13947,NULL,西安职业技术学院,陕西,西安市,专科,,公办,3,普通应用/职业供给高校,专科/高职高校，当前库内未命中双高、国家示范/骨干等强信号,default_vocational,0,0,0,0,0,,,,,0,0,0,0,0,0,0,,
10757,11736,NULL,西安航空学院,陕西,西安市,本科,,公办,2,区域重点/特色优势高校,库内综合排名前500：454；院士数：1,ranking_top500;academicians,0,0,0,0,0,444,454,,,0,0,0,0,1,0,0,,
11551,12828,NULL,西安航空职业技术学院,陕西,西安市,专科,,公办,2,区域重点/特色优势高校,职业院校强信号文本：双高,vocational_feature,0,0,0,0,0,,,,,0,0,0,0,0,0,0,,
10539,11560,NULL,西安财经大学,陕西,西安市,本科,,公办,2,区域重点/特色优势高校,软科排名前350：293；库内综合排名前500：270；硕士点/硕士专业学位点：22,ruanke_top350;ranking_top500;master_points,0,0,0,0,0,293,270,,,22,0,0,0,0,0,0,,
11095,13680,NULL,西安财经大学行知学院,陕西,西安市,本科,,民办,3,普通应用/职业供给高校,本科高校，但未命中985、211、双一流、研究型、前列排名、硕博点等强信号,default_undergraduate,0,0,0,0,0,,1031,,,0,0,0,0,0,0,0,,
10479,11664,NULL,西安邮电大学,陕西,西安市,本科,应用型,公办,2,区域重点/特色优势高校,软科排名前350：196；库内综合排名前500：126；博士点/博士专业学位点：4；硕士点/硕士专业学位点：19；院士数：1,ruanke_top350;ranking_top500;doctoral_points;master_points;academicians,0,0,0,0,0,196,126,,317,19,4,0,0,1,0,0,,
11541,13945,NULL,西安铁路职业技术学院,陕西,西安市,专科,,公办,3,普通应用/职业供给高校,专科/高职高校，当前库内未命中双高、国家示范/骨干等强信号,default_vocational,0,0,0,0,0,,,,,0,0,0,0,0,0,0,,
10802,10728,NULL,西安音乐学院,陕西,西安市,本科,,公办,2,区域重点/特色优势高校,硕士点/硕士专业学位点：3,master_points,0,0,0,0,0,,505,,,3,0,0,0,0,0,0,,
12627,13122,NULL,西安高新科技职业学院,陕西,西安市,专科,,民办,3,普通应用/职业供给高校,专科/高职高校，当前库内未命中双高、国家示范/骨干等强信号,default_vocational,0,0,0,0,0,,,,,0,0,0,0,0,0,0,,
70599,14871,NULL,西昌医学高等专科学校,四川,凉山彝族自治州,专科,,公办,3,普通应用/职业供给高校,专科/高职高校，当前库内未命中双高、国家示范/骨干等强信号,default_vocational,0,0,0,0,0,,,,,0,0,0,0,0,0,0,,
10835,10628,NULL,西昌学院,四川,凉山彝族自治州,本科,,公办,2,区域重点/特色优势高校,硕士点/硕士专业学位点：3,master_points,0,0,0,0,0,450,751,,,3,0,0,0,0,0,0,,
12892,14629,NULL,西昌民族幼儿师范高等专科学校,四川,凉山彝族自治州,专科,,公办,3,普通应用/职业供给高校,专科/高职高校，当前库内未命中双高、国家示范/骨干等强信号,default_vocational,0,0,0,0,0,,,,,0,0,0,0,0,0,0,,
10191,14626,NULL,西湖大学,浙江,杭州市,本科,,民办,1,头部/强研究型高校,库内综合排名前100：10,ranking_top100,0,0,0,1,0,,10,,44,0,7,0,0,1,0,0,,
10883,10693,NULL,西藏农牧大学,西藏,林芝市,本科,,公办,2,区域重点/特色优势高校,博士点/博士专业学位点：1；硕士点/硕士专业学位点：15,doctoral_points;master_points,0,0,0,0,0,398,896,,,15,1,0,0,0,0,0,,
10453,10694,NULL,西藏大学,西藏,拉萨市,本科,区域研究型,公办,1,头部/强研究型高校,双一流高校,is_dual_class,0,1,1,0,0,201,246,,263,75,12,0,0,0,0,0,,
10537,10695,NULL,西藏民族大学,陕西,咸阳市,本科,,公办,2,区域重点/特色优势高校,软科排名前350：279；库内综合排名前500：381；博士点/博士专业学位点：1；硕士点/硕士专业学位点：33,ruanke_top350;ranking_top500;doctoral_points;master_points,0,0,0,0,0,279,381,,,33,1,0,0,0,0,0,,
12212,14085,NULL,西藏职业技术学院,西藏,拉萨市,专科,,公办,2,区域重点/特色优势高校,职业院校强信号文本：双高,vocational_feature,0,0,0,0,0,,,,,0,0,0,0,0,0,0,,
10765,10696,NULL,西藏藏医药大学,西藏,拉萨市,本科,,公办,2,区域重点/特色优势高校,软科排名前350：294；博士点/博士专业学位点：1；硕士点/硕士专业学位点：3,ruanke_top350;doctoral_points;master_points,0,0,0,0,0,294,877,,,3,1,0,0,0,0,0,,
12667,10692,NULL,西藏警官高等专科学校,西藏,拉萨市,专科,,公办,3,普通应用/职业供给高校,专科/高职高校，当前库内未命中双高、国家示范/骨干等强信号,default_vocational,0,0,0,0,0,,,,,0,0,0,0,0,0,0,,
10749,10480,NULL,许昌学院,河南,许昌市,本科,,公办,3,普通应用/职业供给高校,本科高校，但未命中985、211、双一流、研究型、前列排名、硕博点等强信号,default_undergraduate,0,0,0,0,0,409,698,,,0,0,0,0,0,0,0,,
11892,14350,NULL,许昌电气职业学院,河南,许昌市,专科,,公办,3,普通应用/职业供给高校,专科/高职高校，当前库内未命中双高、国家示范/骨干等强信号,default_vocational,0,0,0,0,0,,,,,0,0,0,0,0,0,0,,
11571,12067,NULL,许昌职业技术学院,河南,许昌市,专科,,公办,2,区域重点/特色优势高校,职业院校强信号文本：双高,vocational_feature,0,0,0,0,0,,,,,0,0,0,0,0,0,0,,
12532,14301,NULL,许昌陶瓷职业学院,河南,许昌市,专科,,民办,3,普通应用/职业供给高校,专科/高职高校，当前库内未命中双高、国家示范/骨干等强信号,default_vocational,0,0,0,0,0,,,,,0,0,0,0,0,0,0,,
11238,13505,NULL,豫北医学院,河南,新乡市,本科,,民办,3,普通应用/职业供给高校,本科高校，但未命中985、211、双一流、研究型、前列排名、硕博点等强信号,default_undergraduate,0,0,0,0,0,,722,,,0,0,0,0,0,0,0,,
10898,13774,NULL,豫章师范学院,江西,南昌市,本科,,公办,3,普通应用/职业供给高校,本科高校，但未命中985、211、双一流、研究型、前列排名、硕博点等强信号,default_undergraduate,0,0,0,0,0,500,773,,,0,0,0,0,0,0,0,,
10500,10662,NULL,贵州中医药大学,贵州,贵阳市,本科,应用型,公办,2,区域重点/特色优势高校,软科排名前350：271；库内综合排名前500：406；博士点/博士专业学位点：5；硕士点/硕士专业学位点：21,ruanke_top350;ranking_top500;doctoral_points;master_points,0,0,0,0,0,271,406,,411,21,5,0,0,0,0,0,,
11342,13647,NULL,贵州中医药大学时珍学院,贵州,贵阳市,本科,,民办,3,普通应用/职业供给高校,本科高校，但未命中985、211、双一流、研究型、前列排名、硕博点等强信号,default_undergraduate,0,0,0,0,0,,1011,,,0,0,0,0,0,0,0,,
11959,12222,NULL,贵州交通职业大学,贵州,贵阳市,本科,,公办,3,普通应用/职业供给高校,本科高校，但未命中985、211、双一流、研究型、前列排名、硕博点等强信号,default_undergraduate,0,0,0,0,0,,785,,,0,0,0,0,0,0,0,,
70571,14848,NULL,贵州传媒职业学院,贵州,贵阳市,专科,,公办,3,普通应用/职业供给高校,专科/高职高校，当前库内未命中双高、国家示范/骨干等强信号,default_vocational,0,0,0,0,0,,,,,0,0,0,0,0,0,0,,
70350,14799,NULL,贵州体育职业学院,贵州,贵阳市,专科,,公办,3,普通应用/职业供给高校,专科/高职高校，当前库内未命中双高、国家示范/骨干等强信号,default_vocational,0,0,0,0,0,,,,,0,0,0,0,0,0,0,,
11402,14614,NULL,贵州健康职业学院,贵州,铜仁市,专科,,公办,3,普通应用/职业供给高校,专科/高职高校，当前库内未命中双高、国家示范/骨干等强信号,default_vocational,0,0,0,0,0,,,,,0,0,0,0,0,0,0,,
12835,14549,NULL,贵州农业职业学院,贵州,贵阳市,专科,,公办,3,普通应用/职业供给高校,专科/高职高校，当前库内未命中双高、国家示范/骨干等强信号,default_vocational,0,0,0,0,0,,,,,0,0,0,0,0,0,0,,
10485,10660,NULL,贵州医科大学,贵州,贵阳市,本科,应用型,公办,2,区域重点/特色优势高校,软科排名前350：220；库内综合排名前500：341；博士点/博士专业学位点：26；硕士点/硕士专业学位点：49,ruanke_top350;ranking_top500;doctoral_points;master_points,0,0,0,0,0,220,341,,312,49,26,0,0,0,0,0,,
11167,13676,NULL,贵州医科大学神奇民族医药学院,贵州,贵阳市,本科,,民办,3,普通应用/职业供给高校,本科高校，但未命中985、211、双一流、研究型、前列排名、硕博点等强信号,default_undergraduate,0,0,0,0,0,,1035,,,0,0,0,0,0,0,0,,
10891,11731,NULL,贵州商学院,贵州,贵阳市,本科,,公办,3,普通应用/职业供给高校,本科高校，但未命中985、211、双一流、研究型、前列排名、硕博点等强信号,default_undergraduate,0,0,0,0,0,500,701,,,0,0,0,0,0,0,0,,
12606,12850,NULL,贵州城市职业学院,贵州,贵阳市,专科,,民办,3,普通应用/职业供给高校,专科/高职高校，当前库内未命中双高、国家示范/骨干等强信号,default_vocational,0,0,0,0,0,,,,,0,0,0,0,0,0,0,,
10205,10657,NULL,贵州大学,贵州,贵阳市,本科,区域研究型,公办,1,头部/强研究型高校,双一流高校；软科排名前100：85,is_dual_class;ruanke_top100,0,1,1,0,0,85,130,,130,85,28,0,0,2,0,0,,
12327,13052,NULL,贵州工业职业技术学院,贵州,贵阳市,专科,,公办,2,区域重点/特色优势高校,职业院校强信号文本：双高,vocational_feature,0,0,0,0,0,,,,,0,0,0,0,0,0,0,,
12796,14412,NULL,贵州工商职业大学,贵州,贵阳市,本科,,民办,3,普通应用/职业供给高校,本科高校，但未命中985、211、双一流、研究型、前列排名、硕博点等强信号,default_undergraduate,0,0,0,0,0,,,,,0,0,0,0,0,0,0,,
10746,10668,NULL,贵州工程应用技术学院,贵州,毕节市,本科,,公办,3,普通应用/职业供给高校,本科高校，但未命中985、211、双一流、研究型、前列排名、硕博点等强信号,default_undergraduate,0,0,0,0,0,500,770,,,0,0,0,0,0,0,0,,
12836,14558,NULL,贵州工程职业学院,贵州,铜仁市,专科,,民办,3,普通应用/职业供给高校,专科/高职高校，当前库内未命中双高、国家示范/骨干等强信号,default_vocational,0,0,0,0,0,,,,,0,0,0,0,0,0,0,,
12837,14559,NULL,贵州工贸职业学院,贵州,毕节市,专科,,民办,3,普通应用/职业供给高校,专科/高职高校，当前库内未命中双高、国家示范/骨干等强信号,default_vocational,0,0,0,0,0,,,,,0,0,0,0,0,0,0,,
10306,10663,NULL,贵州师范大学,贵州,贵阳市,本科,区域特色研究型,公办,2,区域重点/特色优势高校,办学类型为区域特色研究型；软科排名前350：220；库内综合排名前500：264；博士点/博士专业学位点：39；硕士点/硕士专业学位点：83,school_type_t2;ruanke_top350;ranking_top500;doctoral_points;master_points,0,0,0,0,0,220,264,,333,83,39,0,0,0,0,0,,
10598,14223,NULL,贵州师范学院,贵州,贵阳市,本科,,公办,2,区域重点/特色优势高校,软科排名前350：335；硕士点/硕士专业学位点：3；院士数：1,ruanke_top350;master_points;academicians,0,0,0,0,0,335,504,,,3,0,0,0,1,0,0,,
12878,14579,NULL,贵州应用技术职业学院,贵州,黔南布依族苗族自治州,专科,,民办,3,普通应用/职业供给高校,专科/高职高校，当前库内未命中双高、国家示范/骨干等强信号,default_vocational,0,0,0,0,0,,,,,0,0,0,0,0,0,0,,
12430,14516,NULL,贵州建设职业技术学院,贵州,贵阳市,专科,,公办,3,普通应用/职业供给高校,专科/高职高校，当前库内未命中双高、国家示范/骨干等强信号,default_vocational,0,0,0,0,0,,,,,0,0,0,0,0,0,0,,
11407,14617,NULL,贵州护理职业技术学院,贵州,黔南布依族苗族自治州,专科,,公办,3,普通应用/职业供给高校,专科/高职高校，当前库内未命中双高、国家示范/骨干等强信号,default_vocational,0,0,0,0,0,,,,,0,0,0,0,0,0,0,,
70072,14769,NULL,贵州文化旅游职业学院,贵州,贵阳市,专科,,公办,3,普通应用/职业供给高校,专科/高职高校，当前库内未命中双高、国家示范/骨干等强信号,default_vocational,0,0,0,0,0,,,,,0,0,0,0,0,0,0,,
11969,14733,NULL,贵州机电职业技术学院,贵州,黔南布依族苗族自治州,专科,,公办,3,普通应用/职业供给高校,专科/高职高校，当前库内未命中双高、国家示范/骨干等强信号,default_vocational,0,0,0,0,0,,,,,0,0,0,0,0,0,0,,
10451,10672,NULL,贵州民族大学,贵州,贵阳市,本科,应用型,公办,2,区域重点/特色优势高校,软科排名前350：279；库内综合排名前500：497；博士点/博士专业学位点：2；硕士点/硕士专业学位点：11,ruanke_top350;ranking_top500;doctoral_points;master_points,0,0,0,0,0,279,497,,,11,2,0,0,0,0,0,,
11966,14735,NULL,贵州民用航空职业学院,贵州,安顺市,专科,,民办,3,普通应用/职业供给高校,专科/高职高校，当前库内未命中双高、国家示范/骨干等强信号,default_vocational,0,0,0,0,0,,,,,0,0,0,0,0,0,0,,
12877,14577,NULL,贵州水利水电职业技术学院,贵州,贵阳市,专科,,公办,3,普通应用/职业供给高校,专科/高职高校，当前库内未命中双高、国家示范/骨干等强信号,default_vocational,0,0,0,0,0,,,,,0,0,0,0,0,0,0,,
10786,14440,NULL,贵州理工学院,贵州,贵阳市,本科,,公办,3,普通应用/职业供给高校,本科高校，但未命中985、211、双一流、研究型、前列排名、硕博点等强信号,default_undergraduate,0,0,0,0,0,411,509,,,0,0,0,0,0,0,0,,
70572,14849,NULL,贵州生态能源职业学院,贵州,贵阳市,专科,,公办,3,普通应用/职业供给高校,专科/高职高校，当前库内未命中双高、国家示范/骨干等强信号,default_vocational,0,0,0,0,0,,,,,0,0,0,0,0,0,0,,
11738,13053,NULL,贵州电力职业技术学院,贵州,贵阳市,专科,,公办,3,普通应用/职业供给高校,专科/高职高校，当前库内未命中双高、国家示范/骨干等强信号,default_vocational,0,0,0,0,0,,,,,0,0,0,0,0,0,0,,
12026,12336,NULL,贵州电子信息职业技术学院,贵州,黔东南苗族侗族自治州,专科,,公办,3,普通应用/职业供给高校,专科/高职高校，当前库内未命中双高、国家示范/骨干等强信号,default_vocational,0,0,0,0,0,,,,,0,0,0,0,0,0,0,,
12875,14578,NULL,贵州电子商务职业技术学院,贵州,贵阳市,专科,,公办,3,普通应用/职业供给高校,专科/高职高校，当前库内未命中双高、国家示范/骨干等强信号,default_vocational,0,0,0,0,0,,,,,0,0,0,0,0,0,0,,
12874,14580,NULL,贵州电子科技职业学院,贵州,贵阳市,专科,,公办,3,普通应用/职业供给高校,专科/高职高校，当前库内未命中双高、国家示范/骨干等强信号,default_vocational,0,0,0,0,0,,,,,0,0,0,0,0,0,0,,
12777,14371,NULL,贵州盛华职业学院,贵州,黔南布依族苗族自治州,专科,,民办,3,普通应用/职业供给高校,专科/高职高校，当前库内未命中双高、国家示范/骨干等强信号,default_vocational,0,0,0,0,0,,,,,0,0,0,0,0,0,0,,
11403,14616,NULL,贵州经贸职业技术学院,贵州,黔南布依族苗族自治州,专科,,公办,3,普通应用/职业供给高校,专科/高职高校，当前库内未命中双高、国家示范/骨干等强信号,default_vocational,0,0,0,0,0,,,,,0,0,0,0,0,0,0,,
12421,14252,NULL,贵州职业技术学院,贵州,贵阳市,专科,,公办,3,普通应用/职业供给高校,专科/高职高校，当前库内未命中双高、国家示范/骨干等强信号,default_vocational,0,0,0,0,0,,,,,0,0,0,0,0,0,0,,
12271,12223,NULL,贵州航天职业技术学院,贵州,遵义市,专科,,公办,3,普通应用/职业供给高校,专科/高职高校，当前库内未命中双高、国家示范/骨干等强信号,default_vocational,0,0,0,0,0,,,,,0,0,0,0,0,0,0,,
12876,50963,NULL,贵州航空职业技术学院,贵州,贵阳市,专科,,公办,3,普通应用/职业供给高校,专科/高职高校，当前库内未命中双高、国家示范/骨干等强信号,default_vocational,0,0,0,0,0,,,,,0,0,0,0,0,0,0,,
11405,14613,NULL,贵州装备制造职业学院,贵州,贵阳市,专科,,公办,3,普通应用/职业供给高校,专科/高职高校，当前库内未命中双高、国家示范/骨干等强信号,default_vocational,0,0,0,0,0,,,,,0,0,0,0,0,0,0,,
10798,12107,NULL,贵州警察学院,贵州,贵阳市,本科,,公办,2,区域重点/特色优势高校,库内综合排名前500：332,ranking_top500,0,0,0,0,0,450,332,,,0,0,0,0,0,0,0,,
10463,10671,NULL,贵州财经大学,贵州,贵阳市,本科,应用型,公办,2,区域重点/特色优势高校,软科排名前350：273；库内综合排名前500：317；博士点/博士专业学位点：15；硕士点/硕士专业学位点：66,ruanke_top350;ranking_top500;doctoral_points;master_points,0,0,0,0,0,273,317,,410,66,15,0,0,0,0,0,,
11830,14734,NULL,贵州财经职业学院,贵州,贵阳市,专科,,公办,3,普通应用/职业供给高校,专科/高职高校，当前库内未命中双高、国家示范/骨干等强信号,default_vocational,0,0,0,0,0,,,,,0,0,0,0,0,0,0,,
11732,13818,NULL,贵州轻工职业大学,贵州,贵阳市,本科,,公办,3,普通应用/职业供给高校,本科高校，但未命中985、211、双一流、研究型、前列排名、硕博点等强信号,default_undergraduate,0,0,0,0,0,,830,,,0,0,0,0,0,0,0,,
70351,14800,NULL,贵州铜仁数据职业学院,贵州,铜仁市,专科,,民办,3,普通应用/职业供给高校,专科/高职高校，当前库内未命中双高、国家示范/骨干等强信号,default_vocational,0,0,0,0,0,,,,,0,0,0,0,0,0,0,,
11404,14615,NULL,贵州食品工程职业学院,贵州,贵阳市,专科,,公办,3,普通应用/职业供给高校,专科/高职高校，当前库内未命中双高、国家示范/骨干等强信号,default_vocational,0,0,0,0,0,,,,,0,0,0,0,0,0,0,,
11233,13649,NULL,贵州黔南科技学院,贵州,黔南布依族苗族自治州,本科,,民办,3,普通应用/职业供给高校,本科高校，但未命中985、211、双一流、研究型、前列排名、硕博点等强信号,default_undergraduate,0,0,0,0,0,,1122,,,0,0,0,0,0,0,0,,
11367,13648,NULL,贵州黔南经济学院,贵州,黔南布依族苗族自治州,本科,,民办,3,普通应用/职业供给高校,本科高校，但未命中985、211、双一流、研究型、前列排名、硕博点等强信号,default_undergraduate,0,0,0,0,0,,1121,,,0,0,0,0,0,0,0,,
11172,13651,NULL,贵阳人文科技学院,贵州,贵阳市,本科,,民办,3,普通应用/职业供给高校,本科高校，但未命中985、211、双一流、研究型、前列排名、硕博点等强信号,default_undergraduate,0,0,0,0,0,,1080,,,0,0,0,0,0,0,0,,
11101,13650,NULL,贵阳信息科技学院,贵州,贵阳市,本科,,民办,3,普通应用/职业供给高校,本科高校，但未命中985、211、双一流、研究型、前列排名、硕博点等强信号,default_undergraduate,0,0,0,0,0,,1118,,,0,0,0,0,0,0,0,,
10639,10976,NULL,贵阳学院,贵州,贵阳市,本科,,公办,2,区域重点/特色优势高校,硕士点/硕士专业学位点：11,master_points,0,0,0,0,0,369,541,,,11,0,0,0,0,0,0,,
12441,14469,NULL,贵阳幼儿师范高等专科学校,贵州,贵阳市,专科,,公办,3,普通应用/职业供给高校,专科/高职高校，当前库内未命中双高、国家示范/骨干等强信号,default_vocational,0,0,0,0,0,,,,,0,0,0,0,0,0,0,,
70071,16206,NULL,贵阳康养职业大学,贵州,贵阳市,本科,,公办,3,普通应用/职业供给高校,本科高校，但未命中985、211、双一流、研究型、前列排名、硕博点等强信号,default_undergraduate,0,0,0,0,0,,734,,,0,0,0,0,0,0,0,,
11924,14129,NULL,贵阳职业技术学院,贵州,贵阳市,专科,,公办,3,普通应用/职业供给高校,专科/高职高校，当前库内未命中双高、国家示范/骨干等强信号,default_vocational,0,0,0,0,0,,,,,0,0,0,0,0,0,0,,
10662,11838,NULL,贺州学院,广西,贺州市,本科,,公办,2,区域重点/特色优势高校,硕士点/硕士专业学位点：3,master_points,0,0,0,0,0,497,566,,,3,0,0,0,0,0,0,,
12182,14673,NULL,资阳口腔职业学院,四川,资阳市,专科,,民办,3,普通应用/职业供给高校,专科/高职高校，当前库内未命中双高、国家示范/骨干等强信号,default_vocational,0,0,0,0,0,,,,,0,0,0,0,0,0,0,,
12282,14674,NULL,资阳环境科技职业学院,四川,资阳市,专科,,民办,3,普通应用/职业供给高校,专科/高职高校，当前库内未命中双高、国家示范/骨干等强信号,default_vocational,0,0,0,0,0,,,,,0,0,0,0,0,0,0,,
11011,13432,NULL,赣东学院,江西,抚州市,本科,,公办,3,普通应用/职业供给高校,本科高校，但未命中985、211、双一流、研究型、前列排名、硕博点等强信号,default_undergraduate,0,0,0,0,0,500,730,,,0,0,0,0,0,0,0,,
70586,14856,NULL,赣东职业技术学院,江西,抚州市,专科,,民办,3,普通应用/职业供给高校,专科/高职高校，当前库内未命中双高、国家示范/骨干等强信号,default_vocational,0,0,0,0,0,,,,,0,0,0,0,0,0,0,,
10783,10413,NULL,赣南医科大学,江西,赣州市,本科,,公办,2,区域重点/特色优势高校,软科排名前350：300；硕士点/硕士专业学位点：11,ruanke_top350;master_points,0,0,0,0,0,300,613,,408,11,0,0,0,0,0,0,,
12879,14569,NULL,赣南卫生健康职业学院,江西,赣州市,专科,,公办,3,普通应用/职业供给高校,专科/高职高校，当前库内未命中双高、国家示范/骨干等强信号,default_vocational,0,0,0,0,0,,,,,0,0,0,0,0,0,0,,
10420,10418,NULL,赣南师范大学,江西,赣州市,本科,应用型,公办,2,区域重点/特色优势高校,软科排名前350：252；博士点/博士专业学位点：1；硕士点/硕士专业学位点：20,ruanke_top350;doctoral_points;master_points,0,0,0,0,0,252,534,,353,20,1,0,0,0,0,0,,
11007,13439,NULL,赣南师范大学科技学院,江西,赣州市,本科,,民办,3,普通应用/职业供给高校,本科高校，但未命中985、211、双一流、研究型、前列排名、硕博点等强信号,default_undergraduate,0,0,0,0,0,,947,,,0,0,0,0,0,0,0,,
11077,13434,NULL,赣南科技学院,江西,赣州市,本科,,公办,3,普通应用/职业供给高校,本科高校，但未命中985、211、双一流、研究型、前列排名、硕博点等强信号,default_undergraduate,0,0,0,0,0,500,741,,,0,0,0,0,0,0,0,,
12045,14465,NULL,赣州师范高等专科学校,江西,赣州市,专科,,公办,3,普通应用/职业供给高校,专科/高职高校，当前库内未命中双高、国家示范/骨干等强信号,default_vocational,0,0,0,0,0,,,,,0,0,0,0,0,0,0,,
12093,14665,NULL,赣州职业技术学院,江西,赣州市,专科,,公办,3,普通应用/职业供给高校,专科/高职高校，当前库内未命中双高、国家示范/骨干等强信号,default_vocational,0,0,0,0,0,,,,,0,0,0,0,0,0,0,,
70633,14921,NULL,赣州起元职业学院,江西,赣州市,专科,,民办,3,普通应用/职业供给高校,专科/高职高校，当前库内未命中双高、国家示范/骨干等强信号,default_vocational,0,0,0,0,0,,,,,0,0,0,0,0,0,0,,
70636,14922,NULL,赣州远恒佳职业学院,江西,赣州市,专科,,民办,3,普通应用/职业供给高校,专科/高职高校，当前库内未命中双高、国家示范/骨干等强信号,default_vocational,0,0,0,0,0,,,,,0,0,0,0,0,0,0,,
11987,13873,NULL,赣西科技职业学院,江西,新余市,专科,,民办,3,普通应用/职业供给高校,专科/高职高校，当前库内未命中双高、国家示范/骨干等强信号,default_vocational,0,0,0,0,0,,,,,0,0,0,0,0,0,0,,
10766,10138,NULL,赤峰大学,内蒙古,赤峰市,本科,,公办,2,区域重点/特色优势高校,硕士点/硕士专业学位点：13,master_points,0,0,0,0,0,500,768,,,13,0,0,0,0,0,0,,
11477,14338,NULL,赤峰工业职业技术学院,内蒙古,赤峰市,专科,,公办,3,普通应用/职业供给高校,专科/高职高校，当前库内未命中双高、国家示范/骨干等强信号,default_vocational,0,0,0,0,0,,,,,0,0,0,0,0,0,0,,
11851,14699,NULL,赤峰应用技术职业学院,内蒙古,赤峰市,专科,,公办,3,普通应用/职业供给高校,专科/高职高校，当前库内未命中双高、国家示范/骨干等强信号,default_vocational,0,0,0,0,0,,,,,0,0,0,0,0,0,0,,
10791,11779,NULL,辽东学院,辽宁,丹东市,本科,,公办,3,普通应用/职业供给高校,本科高校，但未命中985、211、双一流、研究型、前列排名、硕博点等强信号,default_undergraduate,0,0,0,0,0,500,661,,,0,0,0,0,0,0,0,,
10377,10162,NULL,辽宁中医药大学,辽宁,沈阳市,本科,区域特色研究型,公办,2,区域重点/特色优势高校,办学类型为区域特色研究型；软科排名前350：189；库内综合排名前500：337；博士点/博士专业学位点：13；硕士点/硕士专业学位点：23；院士数：1,school_type_t2;ruanke_top350;ranking_top500;doctoral_points;master_points;academicians,0,0,0,0,0,189,337,,,23,13,0,0,1,0,0,,
11280,13609,NULL,辽宁中医药大学杏林学院,辽宁,沈阳市,本科,,民办,3,普通应用/职业供给高校,本科高校，但未命中985、211、双一流、研究型、前列排名、硕博点等强信号,default_undergraduate,0,0,0,0,0,,955,,,0,0,0,0,0,0,0,,
10912,13957,NULL,辽宁传媒学院,辽宁,沈阳市,本科,,民办,3,普通应用/职业供给高校,本科高校，但未命中985、211、双一流、研究型、前列排名、硕博点等强信号,default_undergraduate,0,0,0,0,0,,1234,,,0,0,0,0,0,0,0,,
12710,12591,NULL,辽宁体育运动职业技术学院,辽宁,沈阳市,专科,,公办,3,普通应用/职业供给高校,专科/高职高校，当前库内未命中双高、国家示范/骨干等强信号,default_vocational,0,0,0,0,0,,,,,0,0,0,0,0,0,0,,
11346,13610,NULL,辽宁何氏医学院,辽宁,沈阳市,本科,,民办,3,普通应用/职业供给高校,本科高校，但未命中985、211、双一流、研究型、前列排名、硕博点等强信号,default_undergraduate,0,0,0,0,0,,1034,,,0,0,0,0,0,0,0,,
11974,10957,NULL,辽宁农业职业技术学院,辽宁,营口市,专科,,公办,3,普通应用/职业供给高校,专科/高职高校，当前库内未命中双高、国家示范/骨干等强信号,default_vocational,0,0,0,0,0,,,,,0,0,0,0,0,0,0,,
11543,14286,NULL,辽宁冶金职业技术学院,辽宁,本溪市,专科,,公办,3,普通应用/职业供给高校,专科/高职高校，当前库内未命中双高、国家示范/骨干等强信号,default_vocational,0,0,0,0,0,,,,,0,0,0,0,0,0,0,,
12417,14289,NULL,辽宁医药职业学院,辽宁,沈阳市,专科,,公办,3,普通应用/职业供给高校,专科/高职高校，当前库内未命中双高、国家示范/骨干等强信号,default_vocational,0,0,0,0,0,,,,,0,0,0,0,0,0,0,,
12241,13960,NULL,辽宁商贸职业学院,辽宁,沈阳市,专科,,公办,3,普通应用/职业供给高校,专科/高职高校，当前库内未命中双高、国家示范/骨干等强信号,default_vocational,0,0,0,0,0,,,,,0,0,0,0,0,0,0,,
12306,14106,NULL,辽宁地质工程职业学院,辽宁,丹东市,专科,,公办,3,普通应用/职业供给高校,专科/高职高校，当前库内未命中双高、国家示范/骨干等强信号,default_vocational,0,0,0,0,0,,,,,0,0,0,0,0,0,0,,
12468,14288,NULL,辽宁城市建设职业技术学院,辽宁,沈阳市,专科,,公办,3,普通应用/职业供给高校,专科/高职高校，当前库内未命中双高、国家示范/骨干等强信号,default_vocational,0,0,0,0,0,,,,,0,0,0,0,0,0,0,,
10125,10140,NULL,辽宁大学,辽宁,沈阳市,本科,区域研究型,公办,1,头部/强研究型高校,双一流高校,is_dual_class,0,1,1,1,0,125,104,,220,155,78,0,0,1,0,0,,
11022,10841,NULL,辽宁对外经贸学院,辽宁,大连市,本科,,民办,3,普通应用/职业供给高校,本科高校，但未命中985、211、双一流、研究型、前列排名、硕博点等强信号,default_undergraduate,0,0,0,0,0,,1250,,,0,0,0,0,0,0,0,,
10535,10154,NULL,辽宁工业大学,辽宁,锦州市,本科,,公办,2,区域重点/特色优势高校,软科排名前350：279；库内综合排名前500：480；硕士点/硕士专业学位点：22,ruanke_top350;ranking_top500;master_points,0,0,0,0,0,279,480,,426,22,0,0,0,0,0,0,,
10250,10147,NULL,辽宁工程技术大学,辽宁,阜新市,本科,区域特色研究型,公办,2,区域重点/特色优势高校,办学类型为区域特色研究型；软科排名前350：271；库内综合排名前500：404；博士点/博士专业学位点：14；硕士点/硕士专业学位点：30；院士数：1,school_type_t2;ruanke_top350;ranking_top500;doctoral_points;master_points;academicians,0,0,0,0,0,271,404,,425,30,14,0,0,1,0,0,,
11797,14287,NULL,辽宁工程职业学院,辽宁,铁岭市,专科,,公办,3,普通应用/职业供给高校,专科/高职高校，当前库内未命中双高、国家示范/骨干等强信号,default_vocational,0,0,0,0,0,,,,,0,0,0,0,0,0,0,,
10264,10165,NULL,辽宁师范大学,辽宁,大连市,本科,区域特色研究型,公办,2,区域重点/特色优势高校,办学类型为区域特色研究型；软科排名前350：162；库内综合排名前500：190；博士点/博士专业学位点：30；硕士点/硕士专业学位点：71；院士数：1,school_type_t2;ruanke_top350;ranking_top500;doctoral_points;master_points;academicians,0,0,0,0,0,162,190,,331,71,30,0,0,1,0,0,,
11287,13215,NULL,辽宁师范大学海华学院,辽宁,大连市,本科,,民办,3,普通应用/职业供给高校,本科高校，但未命中985、211、双一流、研究型、前列排名、硕博点等强信号,default_undergraduate,0,0,0,0,0,,1100,,,0,0,0,0,0,0,0,,
11847,14662,NULL,辽宁师范高等专科学校,辽宁,沈阳市,专科,,公办,3,普通应用/职业供给高校,专科/高职高校，当前库内未命中双高、国家示范/骨干等强信号,default_vocational,0,0,0,0,0,,,,,0,0,0,0,0,0,0,,
12436,12897,NULL,辽宁广告职业学院,辽宁,沈阳市,专科,,民办,3,普通应用/职业供给高校,专科/高职高校，当前库内未命中双高、国家示范/骨干等强信号,default_vocational,0,0,0,0,0,,,,,0,0,0,0,0,0,0,,
11613,14189,NULL,辽宁建筑职业学院,辽宁,辽阳市,专科,,公办,3,普通应用/职业供给高校,专科/高职高校，当前库内未命中双高、国家示范/骨干等强信号,default_vocational,0,0,0,0,0,,,,,0,0,0,0,0,0,0,,
12553,14398,NULL,辽宁政法职业学院,辽宁,沈阳市,专科,,公办,3,普通应用/职业供给高校,专科/高职高校，当前库内未命中双高、国家示范/骨干等强信号,default_vocational,0,0,0,0,0,,,,,0,0,0,0,0,0,0,,
11908,12898,NULL,辽宁机电职业技术学院,辽宁,丹东市,专科,,公办,2,区域重点/特色优势高校,职业院校强信号文本：双高,vocational_feature,0,0,0,0,0,,,,,0,0,0,0,0,0,0,,
12018,14464,NULL,辽宁民族师范高等专科学校,辽宁,沈阳市,专科,,公办,3,普通应用/职业供给高校,专科/高职高校，当前库内未命中双高、国家示范/骨干等强信号,default_vocational,0,0,0,0,0,,,,,0,0,0,0,0,0,0,,
12185,14526,NULL,辽宁特殊教育师范高等专科学校,辽宁,沈阳市,专科,,公办,3,普通应用/职业供给高校,专科/高职高校，当前库内未命中双高、国家示范/骨干等强信号,default_vocational,0,0,0,0,0,,,,,0,0,0,0,0,0,0,,
12542,14240,NULL,辽宁现代服务职业技术学院,辽宁,沈阳市,专科,,公办,3,普通应用/职业供给高校,专科/高职高校，当前库内未命中双高、国家示范/骨干等强信号,default_vocational,0,0,0,0,0,,,,,0,0,0,0,0,0,0,,
11213,13217,NULL,辽宁理工学院,辽宁,锦州市,本科,,民办,3,普通应用/职业供给高校,本科高校，但未命中985、211、双一流、研究型、前列排名、硕博点等强信号,default_undergraduate,0,0,0,0,0,,1204,,,0,0,0,0,0,0,0,,
11246,12595,NULL,辽宁理工职业大学,辽宁,锦州市,本科,,民办,3,普通应用/职业供给高校,本科高校，但未命中985、211、双一流、研究型、前列排名、硕博点等强信号,default_undergraduate,0,0,0,0,0,,1275,,,0,0,0,0,0,0,0,,
12278,12593,NULL,辽宁生态工程职业学院,辽宁,沈阳市,专科,,公办,3,普通应用/职业供给高校,专科/高职高校，当前库内未命中双高、国家示范/骨干等强信号,default_vocational,0,0,0,0,0,,,,,0,0,0,0,0,0,0,,
11652,11500,NULL,辽宁省交通高等专科学校,辽宁,沈阳市,专科,,公办,3,普通应用/职业供给高校,专科/高职高校，当前库内未命中双高、国家示范/骨干等强信号,default_vocational,0,0,0,0,0,,,,,0,0,0,0,0,0,0,,
11988,12900,NULL,辽宁石化职业技术学院,辽宁,锦州市,专科,,公办,3,普通应用/职业供给高校,专科/高职高校，当前库内未命中双高、国家示范/骨干等强信号,default_vocational,0,0,0,0,0,,,,,0,0,0,0,0,0,0,,
10465,10148,NULL,辽宁石油化工大学,辽宁,抚顺市,本科,应用型,公办,2,区域重点/特色优势高校,软科排名前350：263；库内综合排名前500：408；博士点/博士专业学位点：2；硕士点/硕士专业学位点：30,ruanke_top350;ranking_top500;doctoral_points;master_points,0,0,0,0,0,263,408,,395,30,2,0,0,0,0,0,,
10343,10146,NULL,辽宁科技大学,辽宁,鞍山市,本科,应用型,公办,2,区域重点/特色优势高校,软科排名前350：304；库内综合排名前500：475；博士点/博士专业学位点：5；硕士点/硕士专业学位点：17,ruanke_top350;ranking_top500;doctoral_points;master_points,0,0,0,0,0,304,475,,300,17,5,0,0,0,0,0,,
10771,11430,NULL,辽宁科技学院,辽宁,本溪市,本科,,公办,3,普通应用/职业供给高校,本科高校，但未命中985、211、双一流、研究型、前列排名、硕博点等强信号,default_undergraduate,0,0,0,0,0,500,639,,,0,0,0,0,0,0,0,,
12060,12899,NULL,辽宁经济职业技术学院,辽宁,沈阳市,专科,,公办,3,普通应用/职业供给高校,专科/高职高校，当前库内未命中双高、国家示范/骨干等强信号,default_vocational,0,0,0,0,0,,,,,0,0,0,0,0,0,0,,
12141,12592,NULL,辽宁职业学院,辽宁,铁岭市,专科,,公办,3,普通应用/职业供给高校,专科/高职高校，当前库内未命中双高、国家示范/骨干等强信号,default_vocational,0,0,0,0,0,,,,,0,0,0,0,0,0,0,,
12173,14076,NULL,辽宁装备制造职业技术学院,辽宁,沈阳市,专科,,公办,3,普通应用/职业供给高校,专科/高职高校，当前库内未命中双高、国家示范/骨干等强信号,default_vocational,0,0,0,0,0,,,,,0,0,0,0,0,0,0,,
10797,11432,NULL,辽宁警察学院,辽宁,大连市,本科,,公办,2,区域重点/特色优势高校,软科排名前350：343,ruanke_top350,0,0,0,0,0,343,526,,,0,0,0,0,0,0,0,,
11277,13900,NULL,辽宁财贸学院,辽宁,葫芦岛,本科,,民办,3,普通应用/职业供给高校,本科高校，但未命中985、211、双一流、研究型、前列排名、硕博点等强信号,default_undergraduate,0,0,0,0,0,,1207,,,0,0,0,0,0,0,0,,
12301,12896,NULL,辽宁轨道交通职业学院,辽宁,沈阳市,专科,,公办,2,区域重点/特色优势高校,职业院校强信号文本：双高,vocational_feature,0,0,0,0,0,,,,,0,0,0,0,0,0,0,,
12434,14473,NULL,辽宁轻工职业学院,辽宁,大连市,专科,,公办,3,普通应用/职业供给高校,专科/高职高校，当前库内未命中双高、国家示范/骨干等强信号,default_vocational,0,0,0,0,0,,,,,0,0,0,0,0,0,0,,
12356,12895,NULL,辽宁金融职业学院,辽宁,沈阳市,专科,,公办,3,普通应用/职业供给高校,专科/高职高校，当前库内未命中双高、国家示范/骨干等强信号,default_vocational,0,0,0,0,0,,,,,0,0,0,0,0,0,0,,
12420,14188,NULL,辽宁铁道职业技术学院,辽宁,锦州市,专科,,公办,3,普通应用/职业供给高校,专科/高职高校，当前库内未命中双高、国家示范/骨干等强信号,default_vocational,0,0,0,0,0,,,,,0,0,0,0,0,0,0,,
11554,14077,NULL,辽河石油职业技术学院,辽宁,盘锦市,专科,,公办,3,普通应用/职业供给高校,专科/高职高校，当前库内未命中双高、国家示范/骨干等强信号,default_vocational,0,0,0,0,0,,,,,0,0,0,0,0,0,0,,
12551,10847,NULL,辽源职业技术学院,吉林,辽源市,专科,,公办,3,普通应用/职业供给高校,专科/高职高校，当前库内未命中双高、国家示范/骨干等强信号,default_vocational,0,0,0,0,0,,,,,0,0,0,0,0,0,0,,
11907,11249,NULL,辽阳职业技术学院,辽宁,辽阳市,专科,,公办,3,普通应用/职业供给高校,专科/高职高校，当前库内未命中双高、国家示范/骨干等强信号,default_vocational,0,0,0,0,0,,,,,0,0,0,0,0,0,0,,
12071,14669,NULL,达州中医药职业学院,四川,达州市,专科,,公办,3,普通应用/职业供给高校,专科/高职高校，当前库内未命中双高、国家示范/骨干等强信号,default_vocational,0,0,0,0,0,,,,,0,0,0,0,0,0,0,,
11911,12767,NULL,达州职业技术学院,四川,达州市,专科,,公办,3,普通应用/职业供给高校,专科/高职高校，当前库内未命中双高、国家示范/骨干等强信号,default_vocational,0,0,0,0,0,,,,,0,0,0,0,0,0,0,,
10634,10123,NULL,运城学院,山西,运城市,本科,,公办,2,区域重点/特色优势高校,硕士点/硕士专业学位点：3,master_points,0,0,0,0,0,500,973,,,3,0,0,0,0,0,0,,
11461,14461,NULL,运城师范高等专科学校,山西,运城市,专科,,公办,3,普通应用/职业供给高校,专科/高职高校，当前库内未命中双高、国家示范/骨干等强信号,default_vocational,0,0,0,0,0,,,,,0,0,0,0,0,0,0,,
11671,14093,NULL,运城幼儿师范高等专科学校,山西,运城市,专科,,公办,3,普通应用/职业供给高校,专科/高职高校，当前库内未命中双高、国家示范/骨干等强信号,default_vocational,0,0,0,0,0,,,,,0,0,0,0,0,0,0,,
12225,14397,NULL,运城护理职业学院,山西,运城市,专科,,公办,3,普通应用/职业供给高校,专科/高职高校，当前库内未命中双高、国家示范/骨干等强信号,default_vocational,0,0,0,0,0,,,,,0,0,0,0,0,0,0,,
11276,14226,NULL,运城职业技术大学,山西,运城市,本科,,民办,3,普通应用/职业供给高校,本科高校，但未命中985、211、双一流、研究型、前列排名、硕博点等强信号,default_undergraduate,0,0,0,0,0,,1058,,,0,0,0,0,0,0,0,,
11482,11585,NULL,连云港师范学院,江苏,连云港市,本科,,公办,3,普通应用/职业供给高校,本科高校，但未命中985、211、双一流、研究型、前列排名、硕博点等强信号,default_undergraduate,0,0,0,0,0,,799,,,0,0,0,0,0,0,0,,
11561,11050,NULL,连云港职业技术学院,江苏,连云港市,专科,,公办,3,普通应用/职业供给高校,专科/高职高校，当前库内未命中双高、国家示范/骨干等强信号,default_vocational,0,0,0,0,0,,,,,0,0,0,0,0,0,0,,
70070,14744,NULL,通化医药健康职业学院,吉林,通化市,专科,,公办,3,普通应用/职业供给高校,专科/高职高校，当前库内未命中双高、国家示范/骨干等强信号,default_vocational,0,0,0,0,0,,,,,0,0,0,0,0,0,0,,
10638,10202,NULL,通化师范学院,吉林,通化市,本科,,公办,3,普通应用/职业供给高校,本科高校，但未命中985、211、双一流、研究型、前列排名、硕博点等强信号,default_undergraduate,0,0,0,0,0,459,777,,,0,0,0,0,0,0,0,,
11929,13740,NULL,通辽职业学院,内蒙古,通辽市,专科,,公办,3,普通应用/职业供给高校,专科/高职高校，当前库内未命中双高、国家示范/骨干等强信号,default_vocational,0,0,0,0,0,,,,,0,0,0,0,0,0,0,,
70374,14835,NULL,遂宁工程职业学院,四川,遂宁市,专科,,民办,3,普通应用/职业供给高校,专科/高职高校，当前库内未命中双高、国家示范/骨干等强信号,default_vocational,0,0,0,0,0,,,,,0,0,0,0,0,0,0,,
70372,14836,NULL,遂宁职业学院,四川,遂宁市,专科,,民办,3,普通应用/职业供给高校,专科/高职高校，当前库内未命中双高、国家示范/骨干等强信号,default_vocational,0,0,0,0,0,,,,,0,0,0,0,0,0,0,,
70373,14834,NULL,遂宁能源职业学院,四川,遂宁市,专科,,民办,3,普通应用/职业供给高校,专科/高职高校，当前库内未命中双高、国家示范/骨干等强信号,default_vocational,0,0,0,0,0,,,,,0,0,0,0,0,0,0,,
10515,10661,NULL,遵义医科大学,贵州,遵义市,本科,应用型,公办,2,区域重点/特色优势高校,软科排名前350：216；库内综合排名前500：283；博士点/博士专业学位点：1；硕士点/硕士专业学位点：54；院士数：4,ruanke_top350;ranking_top500;doctoral_points;master_points;academicians,0,0,0,0,0,216,283,,375,54,1,0,0,4,0,0,,
11086,13653,NULL,遵义医科大学医学与科技学院,贵州,遵义市,本科,,民办,3,普通应用/职业供给高校,本科高校，但未命中985、211、双一流、研究型、前列排名、硕博点等强信号,default_undergraduate,0,0,0,0,0,,904,,,0,0,0,0,0,0,0,,
11695,14011,NULL,遵义医药高等专科学校,贵州,遵义市,专科,,公办,3,普通应用/职业供给高校,专科/高职高校，当前库内未命中双高、国家示范/骨干等强信号,default_vocational,0,0,0,0,0,,,,,0,0,0,0,0,0,0,,
10595,10664,NULL,遵义师范学院,贵州,遵义市,本科,,公办,2,区域重点/特色优势高校,硕士点/硕士专业学位点：2,master_points,0,0,0,0,0,378,588,,,2,0,0,0,0,0,0,,
12253,12824,NULL,遵义职业技术学院,贵州,遵义市,专科,,公办,3,普通应用/职业供给高校,专科/高职高校，当前库内未命中双高、国家示范/骨干等强信号,default_vocational,0,0,0,0,0,,,,,0,0,0,0,0,0,0,,
11614,12884,NULL,邢台医学院,河北,邢台市,本科,,公办,2,区域重点/特色优势高校,博士点/博士专业学位点：3；硕士点/硕士专业学位点：82,doctoral_points;master_points,0,0,0,0,0,,793,,,82,3,0,0,0,0,0,,
10858,10104,NULL,邢台学院,河北,邢台市,本科,,公办,3,普通应用/职业供给高校,本科高校，但未命中985、211、双一流、研究型、前列排名、硕博点等强信号,default_undergraduate,0,0,0,0,0,500,666,,,0,0,0,0,0,0,0,,
70062,14742,NULL,邢台应用技术职业学院,河北,邢台市,专科,,民办,3,普通应用/职业供给高校,专科/高职高校，当前库内未命中双高、国家示范/骨干等强信号,default_vocational,0,0,0,0,0,,,,,0,0,0,0,0,0,0,,
70591,14852,NULL,邢台新能源职业学院,河北,邢台市,专科,,民办,3,普通应用/职业供给高校,专科/高职高校，当前库内未命中双高、国家示范/骨干等强信号,default_vocational,0,0,0,0,0,,,,,0,0,0,0,0,0,0,,
10808,10103,NULL,邯郸学院,河北,邯郸市,本科,,公办,3,普通应用/职业供给高校,本科高校，但未命中985、211、双一流、研究型、前列排名、硕博点等强信号,default_undergraduate,0,0,0,0,0,500,631,,,0,0,0,0,0,0,0,,
11831,14686,NULL,邯郸幼儿师范高等专科学校,河北,邯郸市,专科,,公办,3,普通应用/职业供给高校,专科/高职高校，当前库内未命中双高、国家示范/骨干等强信号,default_vocational,0,0,0,0,0,,,,,0,0,0,0,0,0,0,,
70338,14787,NULL,邯郸应用技术职业学院,河北,邯郸市,专科,,民办,3,普通应用/职业供给高校,专科/高职高校，当前库内未命中双高、国家示范/骨干等强信号,default_vocational,0,0,0,0,0,,,,,0,0,0,0,0,0,0,,
11886,14695,NULL,邯郸科技职业学院,河北,邯郸市,专科,,公办,3,普通应用/职业供给高校,专科/高职高校，当前库内未命中双高、国家示范/骨干等强信号,default_vocational,0,0,0,0,0,,,,,0,0,0,0,0,0,0,,
11627,11034,NULL,邯郸职业技术学院,河北,邯郸市,专科,,公办,3,普通应用/职业供给高校,专科/高职高校，当前库内未命中双高、国家示范/骨干等强信号,default_vocational,0,0,0,0,0,,,,,0,0,0,0,0,0,0,,
10591,10547,NULL,邵阳学院,湖南,邵阳市,本科,,公办,2,区域重点/特色优势高校,硕士点/硕士专业学位点：2,master_points,0,0,0,0,0,438,808,,,2,0,0,0,0,0,0,,
70378,14815,NULL,邵阳工业职业技术学院,湖南,邵阳市,专科,,公办,3,普通应用/职业供给高校,专科/高职高校，当前库内未命中双高、国家示范/骨干等强信号,default_vocational,0,0,0,0,0,,,,,0,0,0,0,0,0,0,,
12218,12600,NULL,邵阳职业技术学院,湖南,邵阳市,专科,,公办,3,普通应用/职业供给高校,专科/高职高校，当前库内未命中双高、国家示范/骨干等强信号,default_vocational,0,0,0,0,0,,,,,0,0,0,0,0,0,0,,
70662,14934,NULL,邵阳通航职业技术学院,湖南,邵阳市,专科,,民办,3,普通应用/职业供给高校,专科/高职高校，当前库内未命中双高、国家示范/骨干等强信号,default_vocational,0,0,0,0,0,,,,,0,0,0,0,0,0,0,,
11821,14685,NULL,郑州亚欧交通职业学院,河南,郑州市,专科,,,3,普通应用/职业供给高校,专科/高职高校，当前库内未命中双高、国家示范/骨干等强信号,default_vocational,0,0,0,0,0,,,,,0,0,0,0,0,0,0,,
12078,14720,NULL,郑州体育职业学院,河南,郑州市,专科,,民办,3,普通应用/职业供给高校,专科/高职高校，当前库内未命中双高、国家示范/骨干等强信号,default_vocational,0,0,0,0,0,,,,,0,0,0,0,0,0,0,,
11731,14303,NULL,郑州信息工程职业学院,河南,郑州市,专科,,民办,3,普通应用/职业供给高校,专科/高职高校，当前库内未命中双高、国家示范/骨干等强信号,default_vocational,0,0,0,0,0,,,,,0,0,0,0,0,0,0,,
12575,13565,NULL,郑州信息科技职业学院,河南,郑州市,专科,,公办,3,普通应用/职业供给高校,专科/高职高校，当前库内未命中双高、国家示范/骨干等强信号,default_vocational,0,0,0,0,0,,,,,0,0,0,0,0,0,0,,
11878,12948,NULL,郑州健康学院,河南,郑州市,本科,,民办,3,普通应用/职业供给高校,本科高校，但未命中985、211、双一流、研究型、前列排名、硕博点等强信号,default_undergraduate,0,0,0,0,0,,1033,,,0,0,0,0,0,0,0,,
70058,14754,NULL,郑州医药健康职业学院,河南,郑州市,专科,,民办,3,普通应用/职业供给高校,专科/高职高校，当前库内未命中双高、国家示范/骨干等强信号,default_vocational,0,0,0,0,0,,,,,0,0,0,0,0,0,0,,
11239,14333,NULL,郑州升达经贸管理学院,河南,郑州市,本科,,民办,3,普通应用/职业供给高校,本科高校，但未命中985、211、双一流、研究型、前列排名、硕博点等强信号,default_undergraduate,0,0,0,0,0,,995,,,0,0,0,0,0,0,0,,
12737,14635,NULL,郑州卫生健康职业学院,河南,郑州市,专科,,公办,3,普通应用/职业供给高校,专科/高职高校，当前库内未命中双高、国家示范/骨干等强信号,default_vocational,0,0,0,0,0,,,,,0,0,0,0,0,0,0,,
11362,14040,NULL,郑州商学院,河南,郑州市,本科,,民办,3,普通应用/职业供给高校,本科高校，但未命中985、211、双一流、研究型、前列排名、硕博点等强信号,default_undergraduate,0,0,0,0,0,,952,,,0,0,0,0,0,0,0,,
12469,14380,NULL,郑州商贸旅游职业学院,河南,郑州市,专科,,民办,3,普通应用/职业供给高校,专科/高职高校，当前库内未命中双高、国家示范/骨干等强信号,default_vocational,0,0,0,0,0,,,,,0,0,0,0,0,0,0,,
12602,14235,NULL,郑州城市职业学院,河南,郑州市,专科,,民办,3,普通应用/职业供给高校,专科/高职高校，当前库内未命中双高、国家示范/骨干等强信号,default_vocational,0,0,0,0,0,,,,,0,0,0,0,0,0,0,,
70057,14753,NULL,郑州城建职业学院,河南,郑州市,专科,,民办,3,普通应用/职业供给高校,专科/高职高校，当前库内未命中双高、国家示范/骨干等强信号,default_vocational,0,0,0,0,0,,,,,0,0,0,0,0,0,0,,
10060,10459,NULL,郑州大学,河南,郑州市,本科,区域研究型,公办,1,头部/强研究型高校,双一流高校；软科排名前100：44,is_dual_class;ruanke_top100,0,1,1,1,0,44,120,38,29,204,109,0,0,9,0,0,,
12450,13786,NULL,郑州工业安全职业学院,河南,郑州市,专科,,公办,3,普通应用/职业供给高校,专科/高职高校，当前库内未命中双高、国家示范/骨干等强信号,default_vocational,0,0,0,0,0,,,,,0,0,0,0,0,0,0,,
11189,12747,NULL,郑州工业应用技术学院,河南,郑州市,本科,,民办,3,普通应用/职业供给高校,本科高校，但未命中985、211、双一流、研究型、前列排名、硕博点等强信号,default_undergraduate,0,0,0,0,0,,1037,,,0,0,0,0,0,0,0,,
11069,13507,NULL,郑州工商学院,河南,郑州市,本科,,民办,3,普通应用/职业供给高校,本科高校，但未命中985、211、双一流、研究型、前列排名、硕博点等强信号,default_undergraduate,0,0,0,0,0,,924,,,0,0,0,0,0,0,0,,
10892,11068,NULL,郑州工程技术学院,河南,郑州市,本科,,公办,3,普通应用/职业供给高校,本科高校，但未命中985、211、双一流、研究型、前列排名、硕博点等强信号,default_undergraduate,0,0,0,0,0,500,794,,,0,0,0,0,0,0,0,,
10778,12949,NULL,郑州师范学院,河南,郑州市,本科,,公办,2,区域重点/特色优势高校,库内综合排名前500：433,ranking_top500,0,0,0,0,0,500,433,,,0,0,0,0,0,0,0,,
12340,14391,NULL,郑州幼儿师范高等专科学校,河南,郑州市,专科,,公办,3,普通应用/职业供给高校,专科/高职高校，当前库内未命中双高、国家示范/骨干等强信号,default_vocational,0,0,0,0,0,,,,,0,0,0,0,0,0,0,,
12364,13791,NULL,郑州旅游职业学院,河南,郑州市,专科,,公办,3,普通应用/职业供给高校,专科/高职高校，当前库内未命中双高、国家示范/骨干等强信号,default_vocational,0,0,0,0,0,,,,,0,0,0,0,0,0,0,,
70348,14797,NULL,郑州智能科技职业学院,河南,郑州市,专科,,民办,3,普通应用/职业供给高校,专科/高职高校，当前库内未命中双高、国家示范/骨干等强信号,default_vocational,0,0,0,0,0,,,,,0,0,0,0,0,0,0,,
70370,14813,NULL,郑州汽车工程职业学院,河南,郑州市,专科,,民办,3,普通应用/职业供给高校,专科/高职高校，当前库内未命中双高、国家示范/骨干等强信号,default_vocational,0,0,0,0,0,,,,,0,0,0,0,0,0,0,,
12752,14302,NULL,郑州理工职业学院,河南,郑州市,专科,,民办,3,普通应用/职业供给高校,专科/高职高校，当前库内未命中双高、国家示范/骨干等强信号,default_vocational,0,0,0,0,0,,,,,0,0,0,0,0,0,0,,
11943,14062,NULL,郑州电力职业技术学院,河南,郑州市,专科,,民办,3,普通应用/职业供给高校,专科/高职高校，当前库内未命中双高、国家示范/骨干等强信号,default_vocational,0,0,0,0,0,,,,,0,0,0,0,0,0,0,,
11870,11828,NULL,郑州电力高等专科学校,河南,郑州市,专科,,公办,3,普通应用/职业供给高校,专科/高职高校，当前库内未命中双高、国家示范/骨干等强信号,default_vocational,0,0,0,0,0,,,,,0,0,0,0,0,0,0,,
12236,13783,NULL,郑州电子信息职业技术学院,河南,郑州市,专科,,民办,3,普通应用/职业供给高校,专科/高职高校，当前库内未命中双高、国家示范/骨干等强信号,default_vocational,0,0,0,0,0,,,,,0,0,0,0,0,0,0,,
12076,14718,NULL,郑州电子商务职业学院,河南,郑州市,专科,,民办,3,普通应用/职业供给高校,专科/高职高校，当前库内未命中双高、国家示范/骨干等强信号,default_vocational,0,0,0,0,0,,,,,0,0,0,0,0,0,0,,
11314,12746,NULL,郑州科技学院,河南,郑州市,本科,,民办,3,普通应用/职业供给高校,本科高校，但未命中985、211、双一流、研究型、前列排名、硕博点等强信号,default_undergraduate,0,0,0,0,0,,957,,,0,0,0,0,0,0,0,,
11219,13508,NULL,郑州经贸学院,河南,郑州市,本科,,民办,3,普通应用/职业供给高校,本科高校，但未命中985、211、双一流、研究型、前列排名、硕博点等强信号,default_undergraduate,0,0,0,0,0,,920,,,0,0,0,0,0,0,0,,
11034,14831,NULL,郑州美术学院,河南,郑州市,本科,,民办,3,普通应用/职业供给高校,本科高校，但未命中985、211、双一流、研究型、前列排名、硕博点等强信号,default_undergraduate,0,0,0,0,0,,,,,0,0,0,0,0,0,0,,
11741,13792,NULL,郑州职业技术学院,河南,郑州市,专科,,公办,3,普通应用/职业供给高校,专科/高职高校，当前库内未命中双高、国家示范/骨干等强信号,default_vocational,0,0,0,0,0,,,,,0,0,0,0,0,0,0,,
10541,10485,NULL,郑州航空工业管理学院,河南,郑州市,本科,,公办,2,区域重点/特色优势高校,软科排名前350：275；库内综合排名前500：498；硕士点/硕士专业学位点：28；院士数：1,ruanke_top350;ranking_top500;master_points;academicians,0,0,0,0,0,275,498,,449,28,0,0,0,1,0,0,,
11382,14654,NULL,郑州西亚斯学院,河南,郑州市,本科,,民办,3,普通应用/职业供给高校,本科高校，但未命中985、211、双一流、研究型、前列排名、硕博点等强信号,default_undergraduate,0,0,0,0,0,,959,,,0,0,0,0,0,0,0,,
10800,12735,NULL,郑州警察学院,河南,郑州市,本科,,公办,2,区域重点/特色优势高校,库内综合排名前500：463,ranking_top500,0,0,0,0,0,372,463,,,0,0,0,0,0,0,0,,
12460,14478,NULL,郑州财税金融职业学院,河南,郑州市,专科,,公办,3,普通应用/职业供给高校,专科/高职高校，当前库内未命中双高、国家示范/骨干等强信号,default_vocational,0,0,0,0,0,,,,,0,0,0,0,0,0,0,,
11294,13497,NULL,郑州财经学院,河南,郑州市,本科,,民办,3,普通应用/职业供给高校,本科高校，但未命中985、211、双一流、研究型、前列排名、硕博点等强信号,default_undergraduate,0,0,0,0,0,,985,,,0,0,0,0,0,0,0,,
12077,14719,NULL,郑州轨道工程职业学院,河南,郑州市,专科,,民办,3,普通应用/职业供给高校,专科/高职高校，当前库内未命中双高、国家示范/骨干等强信号,default_vocational,0,0,0,0,0,,,,,0,0,0,0,0,0,0,,
70347,14796,NULL,郑州软件职业技术学院,河南,郑州市,专科,,民办,3,普通应用/职业供给高校,专科/高职高校，当前库内未命中双高、国家示范/骨干等强信号,default_vocational,0,0,0,0,0,,,,,0,0,0,0,0,0,0,,
10441,10462,NULL,郑州轻工业大学,河南,郑州市,本科,应用型,公办,2,区域重点/特色优势高校,软科排名前350：258；库内综合排名前500：301；博士点/博士专业学位点：9；硕士点/硕士专业学位点：32；院士数：2,ruanke_top350;ranking_top500;doctoral_points;master_points;academicians,0,0,0,0,0,258,301,,278,32,9,0,0,2,0,0,,
11568,10843,NULL,郑州铁路职业技术学院,河南,郑州市,专科,,公办,3,普通应用/职业供给高校,专科/高职高校，当前库内未命中双高、国家示范/骨干等强信号,default_vocational,0,0,0,0,0,,,,,0,0,0,0,0,0,0,,
70369,14812,NULL,郑州食品工程职业学院,河南,郑州市,专科,,民办,3,普通应用/职业供给高校,专科/高职高校，当前库内未命中双高、国家示范/骨干等强信号,default_vocational,0,0,0,0,0,,,,,0,0,0,0,0,0,0,,
12805,14405,NULL,郑州黄河护理职业学院,河南,郑州市,专科,,民办,3,普通应用/职业供给高校,专科/高职高校，当前库内未命中双高、国家示范/骨干等强信号,default_vocational,0,0,0,0,0,,,,,0,0,0,0,0,0,0,,
70381,14819,NULL,郴州思科职业学院,湖南,郴州市,专科,,民办,3,普通应用/职业供给高校,专科/高职高校，当前库内未命中双高、国家示范/骨干等强信号,default_vocational,0,0,0,0,0,,,,,0,0,0,0,0,0,0,,
70627,14905,NULL,郴州智能科技职业学院,湖南,郴州市,专科,,民办,3,普通应用/职业供给高校,专科/高职高校，当前库内未命中双高、国家示范/骨干等强信号,default_vocational,0,0,0,0,0,,,,,0,0,0,0,0,0,0,,
12047,12847,NULL,郴州职业技术学院,湖南,郴州市,专科,,公办,3,普通应用/职业供给高校,专科/高职高校，当前库内未命中双高、国家示范/骨干等强信号,default_vocational,0,0,0,0,0,,,,,0,0,0,0,0,0,0,,
10908,14532,NULL,鄂尔多斯应用技术学院,内蒙古,鄂尔多斯市,本科,,公办,2,区域重点/特色优势高校,院士数：1,academicians,0,0,0,0,0,500,913,,,0,0,0,0,1,0,0,,
11815,14501,NULL,鄂尔多斯生态环境职业学院,内蒙古,鄂尔多斯市,专科,,公办,3,普通应用/职业供给高校,专科/高职高校，当前库内未命中双高、国家示范/骨干等强信号,default_vocational,0,0,0,0,0,,,,,0,0,0,0,0,0,0,,
12235,14248,NULL,鄂尔多斯职业学院,内蒙古,鄂尔多斯市,专科,,公办,3,普通应用/职业供给高校,专科/高职高校，当前库内未命中双高、国家示范/骨干等强信号,default_vocational,0,0,0,0,0,,,,,0,0,0,0,0,0,0,,
11523,11335,NULL,鄂州职业大学,湖北,鄂州市,专科,,公办,3,普通应用/职业供给高校,专科/高职高校，当前库内未命中双高、国家示范/骨干等强信号,default_vocational,0,0,0,0,0,,,,,0,0,0,0,0,0,0,,
12355,12539,NULL,酒泉职业技术大学,甘肃,酒泉市,本科,,公办,3,普通应用/职业供给高校,本科高校，但未命中985、211、双一流、研究型、前列排名、硕博点等强信号,default_undergraduate,0,0,0,0,0,,964,,,0,0,0,0,0,0,0,,
11658,14008,NULL,重庆三峡医药高等专科学校,重庆,万州区,专科,,公办,3,普通应用/职业供给高校,专科/高职高校，当前库内未命中双高、国家示范/骨干等强信号,default_vocational,0,0,0,0,0,,,,,0,0,0,0,0,0,0,,
10699,10643,NULL,重庆三峡科技大学,重庆,万州区,本科,,公办,2,区域重点/特色优势高校,硕士点/硕士专业学位点：15,master_points,0,0,0,0,0,380,587,,,15,0,0,0,0,0,0,,
11781,12605,NULL,重庆三峡职业学院,重庆,万州区,专科,,公办,2,区域重点/特色优势高校,职业院校强信号文本：双高,vocational_feature,0,0,0,0,0,,,,,0,0,0,0,0,0,0,,
70385,14830,NULL,重庆中医药学院,重庆,璧山区,本科,,公办,2,区域重点/特色优势高校,库内综合排名前500：278；博士点/博士专业学位点：2；硕士点/硕士专业学位点：4,ranking_top500;doctoral_points;master_points,0,0,0,0,0,,278,,,4,2,0,0,0,0,0,,
70092,14776,NULL,重庆五一职业技术学院,重庆,重庆市,专科,,公办,3,普通应用/职业供给高校,专科/高职高校，当前库内未命中双高、国家示范/骨干等强信号,default_vocational,0,0,0,0,0,,,,,0,0,0,0,0,0,0,,
10291,10618,NULL,重庆交通大学,重庆,南岸区,本科,区域特色研究型,公办,2,区域重点/特色优势高校,办学类型为区域特色研究型；软科排名前350：191；库内综合排名前500：269；博士点/博士专业学位点：5；硕士点/硕士专业学位点：28；院士数：1,school_type_t2;ruanke_top350;ranking_top500;doctoral_points;master_points;academicians,0,0,0,0,0,191,269,,245,28,5,0,0,1,0,0,,
12309,14267,NULL,重庆交通职业学院,重庆,江津区,专科,,民办,3,普通应用/职业供给高校,专科/高职高校，当前库内未命中双高、国家示范/骨干等强信号,default_vocational,0,0,0,0,0,,,,,0,0,0,0,0,0,0,,
11308,13548,NULL,重庆人文科技学院,重庆,合川区,本科,,民办,3,普通应用/职业供给高校,本科高校，但未命中985、211、双一流、研究型、前列排名、硕博点等强信号,default_undergraduate,0,0,0,0,0,,941,,,0,0,0,0,0,0,0,,
12509,12756,NULL,重庆传媒职业学院,重庆,铜梁区,专科,,民办,3,普通应用/职业供给高校,专科/高职高校，当前库内未命中双高、国家示范/骨干等强信号,default_vocational,0,0,0,0,0,,,,,0,0,0,0,0,0,0,,
11687,12755,NULL,重庆信息技术职业学院,重庆,万州区,专科,,民办,3,普通应用/职业供给高校,专科/高职高校，当前库内未命中双高、国家示范/骨干等强信号,default_vocational,0,0,0,0,0,,,,,0,0,0,0,0,0,0,,
11862,14727,NULL,重庆健康职业学院,重庆,大足区,专科,,民办,3,普通应用/职业供给高校,专科/高职高校，当前库内未命中双高、国家示范/骨干等强信号,default_vocational,0,0,0,0,0,,,,,0,0,0,0,0,0,0,,
12307,14366,NULL,重庆公共运输职业学院,重庆,江津区,专科,,民办,3,普通应用/职业供给高校,专科/高职高校，当前库内未命中双高、国家示范/骨干等强信号,default_vocational,0,0,0,0,0,,,,,0,0,0,0,0,0,0,,
70663,14935,NULL,重庆农业职业学院,重庆,永川区,专科,,公办,3,普通应用/职业供给高校,专科/高职高校，当前库内未命中双高、国家示范/骨干等强信号,default_vocational,0,0,0,0,0,,,,,0,0,0,0,0,0,0,,
12595,14315,NULL,重庆化工职业学院,重庆,江北区,专科,,公办,3,普通应用/职业供给高校,专科/高职高校，当前库内未命中双高、国家示范/骨干等强信号,default_vocational,0,0,0,0,0,,,,,0,0,0,0,0,0,0,,
10232,10631,NULL,重庆医科大学,重庆,渝中区,本科,区域特色研究型,公办,1,头部/强研究型高校,软科排名前100：81,ruanke_top100,0,0,0,0,0,81,147,,172,96,65,0,0,1,0,0,,
11641,14009,NULL,重庆医药高等专科学校,重庆,沙坪坝区,专科,,公办,3,普通应用/职业供给高校,专科/高职高校，当前库内未命中双高、国家示范/骨干等强信号,default_vocational,0,0,0,0,0,,,,,0,0,0,0,0,0,0,,
12486,14246,NULL,重庆商务职业学院,重庆,沙坪坝区,专科,,公办,3,普通应用/职业供给高校,专科/高职高校，当前库内未命中双高、国家示范/骨干等强信号,default_vocational,0,0,0,0,0,,,,,0,0,0,0,0,0,0,,
11390,12616,NULL,重庆城市科技学院,重庆,永川区,本科,,民办,3,普通应用/职业供给高校,本科高校，但未命中985、211、双一流、研究型、前列排名、硕博点等强信号,default_undergraduate,0,0,0,0,0,,1106,,,0,0,0,0,0,0,0,,
11579,12758,NULL,重庆城市管理职业学院,重庆,沙坪坝区,专科,,公办,3,普通应用/职业供给高校,专科/高职高校，当前库内未命中双高、国家示范/骨干等强信号,default_vocational,0,0,0,0,0,,,,,0,0,0,0,0,0,0,,
12489,13734,NULL,重庆城市职业学院,重庆,永川区,专科,,公办,3,普通应用/职业供给高校,专科/高职高校，当前库内未命中双高、国家示范/骨干等强信号,default_vocational,0,0,0,0,0,,,,,0,0,0,0,0,0,0,,
11186,13588,NULL,重庆外语外事学院,重庆,渝北区,本科,,民办,3,普通应用/职业供给高校,本科高校，但未命中985、211、双一流、研究型、前列排名、硕博点等强信号,default_undergraduate,0,0,0,0,0,,1148,,,0,0,0,0,0,0,0,,
10055,10611,NULL,重庆大学,重庆,沙坪坝区,本科,研究型,公办,1,头部/强研究型高校,985 高校；双一流高校；办学类型为研究型；软科排名前100：34；库内综合排名前100：43,is985;is_dual_class;school_type_t1;ruanke_top100;ranking_top100,1,1,1,1,0,34,43,34,33,51,38,0,0,9,0,0,,
12647,14365,NULL,重庆安全技术职业学院,重庆,万州区,专科,,公办,3,普通应用/职业供给高校,专科/高职高校，当前库内未命中双高、国家示范/骨干等强信号,default_vocational,0,0,0,0,0,,,,,0,0,0,0,0,0,0,,
70664,14936,NULL,重庆安防职业学院,重庆,綦江区,专科,,民办,3,普通应用/职业供给高校,专科/高职高校，当前库内未命中双高、国家示范/骨干等强信号,default_vocational,0,0,0,0,0,,,,,0,0,0,0,0,0,0,,
11145,13589,NULL,重庆对外经贸学院,重庆,合川区,本科,,民办,3,普通应用/职业供给高校,本科高校，但未命中985、211、双一流、研究型、前列排名、硕博点等强信号,default_undergraduate,0,0,0,0,0,,1040,,,0,0,0,0,0,0,0,,
11476,12215,NULL,重庆工业职业技术大学,重庆,渝北区,本科,,公办,3,普通应用/职业供给高校,本科高校，但未命中985、211、双一流、研究型、前列排名、硕博点等强信号,default_undergraduate,0,0,0,0,0,,,,,0,0,0,0,0,0,0,,
70073,14766,NULL,重庆工信职业学院,重庆,重庆市,专科,,公办,3,普通应用/职业供给高校,专科/高职高校，当前库内未命中双高、国家示范/骨干等强信号,default_vocational,0,0,0,0,0,,,,,0,0,0,0,0,0,0,,
10319,11799,NULL,重庆工商大学,重庆,南岸区,本科,区域特色研究型,公办,2,区域重点/特色优势高校,办学类型为区域特色研究型；软科排名前350：232；库内综合排名前500：321；博士点/博士专业学位点：11；硕士点/硕士专业学位点：41,school_type_t2;ruanke_top350;ranking_top500;doctoral_points;master_points,0,0,0,0,0,232,321,,228,41,11,0,0,0,0,0,,
11214,13591,NULL,重庆工商大学派斯学院,重庆,合川区,本科,,民办,3,普通应用/职业供给高校,本科高校，但未命中985、211、双一流、研究型、前列排名、硕博点等强信号,default_undergraduate,0,0,0,0,0,,1049,,,0,0,0,0,0,0,0,,
11581,13967,NULL,重庆工商职业学院,重庆,合川区,专科,,公办,2,区域重点/特色优势高校,职业院校强信号文本：双高,vocational_feature,0,0,0,0,0,,,,,0,0,0,0,0,0,0,,
11324,12608,NULL,重庆工程学院,重庆,巴南区,本科,,民办,3,普通应用/职业供给高校,本科高校，但未命中985、211、双一流、研究型、前列排名、硕博点等强信号,default_undergraduate,0,0,0,0,0,,1232,,,0,0,0,0,0,0,0,,
11492,12759,NULL,重庆工程职业技术学院,重庆,江津区,专科,,公办,2,区域重点/特色优势高校,职业院校强信号文本：双高,vocational_feature,0,0,0,0,0,,,,,0,0,0,0,1,0,0,,
11751,12606,NULL,重庆工贸职业技术学院,重庆,涪陵区,专科,,公办,3,普通应用/职业供给高校,专科/高职高校，当前库内未命中双高、国家示范/骨干等强信号,default_vocational,0,0,0,0,0,,,,,0,0,0,0,0,0,0,,
10283,10637,NULL,重庆师范大学,重庆,沙坪坝区,本科,区域特色研究型,公办,2,区域重点/特色优势高校,办学类型为区域特色研究型；软科排名前350：215；库内综合排名前500：259；博士点/博士专业学位点：4；硕士点/硕士专业学位点：75,school_type_t2;ruanke_top350;ranking_top500;doctoral_points;master_points,0,0,0,0,0,215,259,,258,75,4,0,0,0,0,0,,
12017,14428,NULL,重庆幼儿师范高等专科学校,重庆,万州区,专科,,公办,3,普通应用/职业供给高校,专科/高职高校，当前库内未命中双高、国家示范/骨干等强信号,default_vocational,0,0,0,0,0,,,,,0,0,0,0,0,0,0,,
12461,13968,NULL,重庆应用技术职业学院,重庆,合川区,专科,,民办,3,普通应用/职业供给高校,专科/高职高校，当前库内未命中双高、国家示范/骨干等强信号,default_vocational,0,0,0,0,0,,,,,0,0,0,0,0,0,0,,
11984,14183,NULL,重庆建筑工程职业学院,重庆,南岸区,专科,,公办,3,普通应用/职业供给高校,专科/高职高校，当前库内未命中双高、国家示范/骨干等强信号,default_vocational,0,0,0,0,0,,,,,0,0,0,0,0,0,0,,
12535,12820,NULL,重庆建筑科技职业学院,重庆,沙坪坝区,专科,,民办,3,普通应用/职业供给高校,专科/高职高校，当前库内未命中双高、国家示范/骨干等强信号,default_vocational,0,0,0,0,0,,,,,0,0,0,0,0,0,0,,
12858,14576,NULL,重庆护理职业学院,重庆,璧山区,专科,,民办,3,普通应用/职业供给高校,专科/高职高校，当前库内未命中双高、国家示范/骨干等强信号,default_vocational,0,0,0,0,0,,,,,0,0,0,0,0,0,0,,
70585,14838,NULL,重庆数字产业职业技术学院,重庆,忠县,专科,,民办,3,普通应用/职业供给高校,专科/高职高校，当前库内未命中双高、国家示范/骨干等强信号,default_vocational,0,0,0,0,0,,,,,0,0,0,0,0,0,0,,
12804,14482,NULL,重庆文化艺术职业学院,重庆,巴南区,专科,,公办,3,普通应用/职业供给高校,专科/高职高校，当前库内未命中双高、国家示范/骨干等强信号,default_vocational,0,0,0,0,0,,,,,0,0,0,0,0,0,0,,
10637,10642,NULL,重庆文理学院,重庆,永川区,本科,,公办,2,区域重点/特色优势高校,软科排名前350：307；硕士点/硕士专业学位点：10；院士数：1,ruanke_top350;master_points;academicians,0,0,0,0,0,307,560,,338,10,0,0,0,1,0,0,,
12438,14316,NULL,重庆旅游职业学院,重庆,黔江区,专科,,公办,3,普通应用/职业供给高校,专科/高职高校，当前库内未命中双高、国家示范/骨干等强信号,default_vocational,0,0,0,0,0,,,,,0,0,0,0,0,0,0,,
11826,14726,NULL,重庆智能工程职业学院,重庆,永川区,专科,,民办,3,普通应用/职业供给高校,专科/高职高校，当前库内未命中双高、国家示范/骨干等强信号,default_vocational,0,0,0,0,0,,,,,0,0,0,0,0,0,0,,
10988,12607,NULL,重庆机电职业技术大学,重庆,璧山区,本科,,民办,3,普通应用/职业供给高校,本科高校，但未命中985、211、双一流、研究型、前列排名、硕博点等强信号,default_undergraduate,0,0,0,0,0,,1190,,,0,0,0,0,0,0,0,,
12254,13735,NULL,重庆水利电力职业技术学院,重庆,永川区,专科,,公办,2,区域重点/特色优势高校,职业院校强信号文本：双高,vocational_feature,0,0,0,0,0,,,,,0,0,0,0,0,0,0,,
12250,12754,NULL,重庆海联职业技术学院,重庆,渝北区,专科,,民办,3,普通应用/职业供给高校,专科/高职高校，当前库内未命中双高、国家示范/骨干等强信号,default_vocational,0,0,0,0,0,,,,,0,0,0,0,0,0,0,,
70589,14870,NULL,重庆现代制造职业学院,重庆,永川区,专科,,民办,3,普通应用/职业供给高校,专科/高职高校，当前库内未命中双高、国家示范/骨干等强信号,default_vocational,0,0,0,0,0,,,,,0,0,0,0,0,0,0,,
10304,11660,NULL,重庆理工大学,重庆,巴南区,本科,应用型,公办,2,区域重点/特色优势高校,软科排名前350：243；库内综合排名前500：249；博士点/博士专业学位点：2；硕士点/硕士专业学位点：27,ruanke_top350;ranking_top500;doctoral_points;master_points,0,0,0,0,0,243,249,,261,27,2,0,0,0,0,0,,
11965,14725,NULL,重庆理工职业学院,重庆,巴南区,专科,,民办,3,普通应用/职业供给高校,专科/高职高校，当前库内未命中双高、国家示范/骨干等强信号,default_vocational,0,0,0,0,0,,,,,0,0,0,0,0,0,0,,
12592,14369,NULL,重庆电信职业学院,重庆,大足区,专科,,民办,3,普通应用/职业供给高校,专科/高职高校，当前库内未命中双高、国家示范/骨干等强信号,default_vocational,0,0,0,0,0,,,,,0,0,0,0,0,0,0,,
12260,11848,NULL,重庆电力高等专科学校,重庆,九龙坡区,专科,,公办,2,区域重点/特色优势高校,职业院校强信号文本：双高,vocational_feature,0,0,0,0,0,,,,,0,0,0,0,0,0,0,,
11437,12609,NULL,重庆电子科技职业大学,重庆,沙坪坝区,本科,,公办,3,普通应用/职业供给高校,本科高校，但未命中985、211、双一流、研究型、前列排名、硕博点等强信号,default_undergraduate,0,0,0,0,0,,762,,,0,0,0,0,0,0,0,,
12229,14237,NULL,重庆电讯职业学院,重庆,江津区,专科,,民办,3,普通应用/职业供给高校,专科/高职高校，当前库内未命中双高、国家示范/骨干等强信号,default_vocational,0,0,0,0,0,,,,,0,0,0,0,0,0,0,,
12485,14173,NULL,重庆科创职业学院,重庆,永川区,专科,,民办,3,普通应用/职业供给高校,专科/高职高校，当前库内未命中双高、国家示范/骨干等强信号,default_vocational,0,0,0,0,0,,,,,0,0,0,0,0,0,0,,
10579,11551,NULL,重庆科技大学,重庆,沙坪坝区,本科,,公办,2,区域重点/特色优势高校,软科排名前350：279；库内综合排名前500：423；硕士点/硕士专业学位点：15；院士数：1,ruanke_top350;ranking_top500;master_points;academicians,0,0,0,0,0,279,423,,287,15,0,0,0,1,0,0,,
12610,14491,NULL,重庆科技职业学院,重庆,万州区,专科,,民办,3,普通应用/职业供给高校,专科/高职高校，当前库内未命中双高、国家示范/骨干等强信号,default_vocational,0,0,0,0,0,,,,,0,0,0,0,0,0,0,,
11006,13627,NULL,重庆移通学院,重庆,合川区,本科,,民办,3,普通应用/职业供给高校,本科高校，但未命中985、211、双一流、研究型、前列排名、硕博点等强信号,default_undergraduate,0,0,0,0,0,,1086,,,0,0,0,0,0,0,0,,
10851,14388,NULL,重庆第二师范学院,重庆,南岸区,本科,,公办,3,普通应用/职业供给高校,本科高校，但未命中985、211、双一流、研究型、前列排名、硕博点等强信号,default_undergraduate,0,0,0,0,0,433,545,,,0,0,0,0,0,0,0,,
12641,14370,NULL,重庆经贸职业学院,重庆,黔江区,专科,,民办,3,普通应用/职业供给高校,专科/高职高校，当前库内未命中双高、国家示范/骨干等强信号,default_vocational,0,0,0,0,0,,,,,0,0,0,0,0,0,0,,
12369,14238,NULL,重庆能源职业学院,重庆,江津区,专科,,民办,3,普通应用/职业供给高校,专科/高职高校，当前库内未命中双高、国家示范/骨干等强信号,default_vocational,0,0,0,0,0,,,,,0,0,0,0,0,0,0,,
12176,10870,NULL,重庆航天职业技术学院,重庆,江北区,专科,,公办,2,区域重点/特色优势高校,职业院校强信号文本：双高,vocational_feature,0,0,0,0,0,,,,,0,0,0,0,0,0,0,,
12608,14367,NULL,重庆艺术工程职业学院,重庆,铜梁区,专科,,民办,3,普通应用/职业供给高校,专科/高职高校，当前库内未命中双高、国家示范/骨干等强信号,default_vocational,0,0,0,0,0,,,,,0,0,0,0,0,0,0,,
10804,12757,NULL,重庆警察学院,重庆,沙坪坝区,本科,,公办,2,区域重点/特色优势高校,软科排名前350：340,ruanke_top350,0,0,0,0,0,340,669,,,0,0,0,0,0,0,0,,
11020,13590,NULL,重庆财经学院,重庆,巴南区,本科,,民办,3,普通应用/职业供给高校,本科高校，但未命中985、211、双一流、研究型、前列排名、硕博点等强信号,default_undergraduate,0,0,0,0,0,,900,,,0,0,0,0,0,0,0,,
12374,14128,NULL,重庆财经职业学院,重庆,永川区,专科,,公办,3,普通应用/职业供给高校,专科/高职高校，当前库内未命中双高、国家示范/骨干等强信号,default_vocational,0,0,0,0,0,,,,,0,0,0,0,0,0,0,,
12859,14557,NULL,重庆资源与环境保护职业学院,重庆,大足区,专科,,民办,3,普通应用/职业供给高校,专科/高职高校，当前库内未命中双高、国家示范/骨干等强信号,default_vocational,0,0,0,0,0,,,,,0,0,0,0,0,0,0,,
12454,14368,NULL,重庆轻工职业学院,重庆,九龙坡区,专科,,民办,3,普通应用/职业供给高校,专科/高职高校，当前库内未命中双高、国家示范/骨干等强信号,default_vocational,0,0,0,0,0,,,,,0,0,0,0,0,0,0,,
10237,10617,NULL,重庆邮电大学,重庆,南岸区,本科,区域特色研究型,公办,2,区域重点/特色优势高校,办学类型为区域特色研究型；软科排名前350：147；库内综合排名前500：127；博士点/博士专业学位点：4；硕士点/硕士专业学位点：21；院士数：1,school_type_t2;ruanke_top350;ranking_top500;doctoral_points;master_points;academicians,0,0,0,0,0,147,127,,135,21,4,0,0,1,0,0,,
12122,14069,NULL,重庆青年职业技术学院,重庆,北碚区,专科,,公办,3,普通应用/职业供给高校,专科/高职高校，当前库内未命中双高、国家示范/骨干等强信号,default_vocational,0,0,0,0,0,,,,,0,0,0,0,0,0,0,,
11427,12061,NULL,金华职业技术大学,浙江,金华市,本科,,公办,3,普通应用/职业供给高校,本科高校，但未命中985、211、双一流、研究型、前列排名、硕博点等强信号,default_undergraduate,0,0,0,0,0,,724,,,0,0,0,0,0,0,0,,
12747,13750,NULL,金山职业技术学院,江苏,镇江市,专科,,民办,3,普通应用/职业供给高校,专科/高职高校，当前库内未命中双高、国家示范/骨干等强信号,default_vocational,0,0,0,0,0,,,,,0,0,0,0,0,0,0,,
12207,13100,NULL,金肯职业技术学院,江苏,南京市,专科,,民办,3,普通应用/职业供给高校,专科/高职高校，当前库内未命中双高、国家示范/骨干等强信号,default_vocational,0,0,0,0,0,,,,,0,0,0,0,0,0,0,,
10707,13573,NULL,金陵科技学院,江苏,南京市,本科,,公办,2,区域重点/特色优势高校,硕士点/硕士专业学位点：11；院士数：1,master_points;academicians,0,0,0,0,0,351,550,,,11,0,0,0,1,0,0,,
11952,12922,NULL,钟山职业技术学院,江苏,南京市,专科,,民办,3,普通应用/职业供给高校,专科/高职高校，当前库内未命中双高、国家示范/骨干等强信号,default_vocational,0,0,0,0,0,,,,,0,0,0,0,0,0,0,,
11843,14693,NULL,钦州幼儿师范高等专科学校,广西,钦州市,专科,,公办,3,普通应用/职业供给高校,专科/高职高校，当前库内未命中双高、国家示范/骨干等强信号,default_vocational,0,0,0,0,0,,,,,0,0,0,0,0,0,0,,
12001,14290,NULL,铁岭卫生职业学院,辽宁,铁岭市,专科,,公办,3,普通应用/职业供给高校,专科/高职高校，当前库内未命中双高、国家示范/骨干等强信号,default_vocational,0,0,0,0,0,,,,,0,0,0,0,0,0,0,,
11615,10182,NULL,铁岭师范高等专科学校,辽宁,铁岭市,专科,,公办,3,普通应用/职业供给高校,专科/高职高校，当前库内未命中双高、国家示范/骨干等强信号,default_vocational,0,0,0,0,0,,,,,0,0,0,0,0,0,0,,
12786,14660,NULL,铁门关职业技术学院,新疆,直辖县级市,专科,,公办,3,普通应用/职业供给高校,专科/高职高校，当前库内未命中双高、国家示范/骨干等强信号,default_vocational,0,0,0,0,0,,,,,0,0,0,0,0,0,0,,
10671,10665,NULL,铜仁学院,贵州,铜仁市,本科,,公办,2,区域重点/特色优势高校,硕士点/硕士专业学位点：6；院士数：1,master_points;academicians,0,0,0,0,0,355,621,,,6,0,0,0,1,0,0,,
12511,14470,NULL,铜仁幼儿师范高等专科学校,贵州,铜仁市,专科,,公办,3,普通应用/职业供给高校,专科/高职高校，当前库内未命中双高、国家示范/骨干等强信号,default_vocational,0,0,0,0,0,,,,,0,0,0,0,0,0,0,,
11661,13055,NULL,铜仁职业技术大学,贵州,铜仁市,本科,,公办,3,普通应用/职业供给高校,本科高校，但未命中985、211、双一流、研究型、前列排名、硕博点等强信号,default_undergraduate,0,0,0,0,0,,875,,,0,0,0,0,0,0,0,,
12452,13953,NULL,铜川职业技术学院,陕西,铜川市,专科,,公办,3,普通应用/职业供给高校,专科/高职高校，当前库内未命中双高、国家示范/骨干等强信号,default_vocational,0,0,0,0,0,,,,,0,0,0,0,0,0,0,,
10793,10383,NULL,铜陵学院,安徽,铜陵市,本科,,公办,3,普通应用/职业供给高校,本科高校，但未命中985、211、双一流、研究型、前列排名、硕博点等强信号,default_undergraduate,0,0,0,0,0,500,838,,,0,0,0,0,0,0,0,,
11962,12217,NULL,铜陵职业技术学院,安徽,铜陵市,专科,,公办,3,普通应用/职业供给高校,专科/高职高校，当前库内未命中双高、国家示范/骨干等强信号,default_vocational,0,0,0,0,0,,,,,0,0,0,0,0,0,0,,
11171,14200,NULL,银川科技学院,宁夏,银川市,本科,,民办,3,普通应用/职业供给高校,本科高校，但未命中985、211、双一流、研究型、前列排名、硕博点等强信号,default_undergraduate,0,0,0,0,0,,1284,,,0,0,0,0,0,0,0,,
11218,13820,NULL,银川能源学院,宁夏,银川市,本科,,民办,3,普通应用/职业供给高校,本科高校，但未命中985、211、双一流、研究型、前列排名、硕博点等强信号,default_undergraduate,0,0,0,0,0,,1292,,,0,0,0,0,0,0,0,,
11488,12677,NULL,锡林郭勒职业学院,内蒙古,锡林郭勒盟,专科,,公办,3,普通应用/职业供给高校,专科/高职高校，当前库内未命中双高、国家示范/骨干等强信号,default_vocational,0,0,0,0,0,,,,,0,0,0,0,0,0,0,,
10544,10160,NULL,锦州医科大学,辽宁,锦州市,本科,,公办,2,区域重点/特色优势高校,软科排名前350：246；库内综合排名前500：322；博士点/博士专业学位点：1；硕士点/硕士专业学位点：76,ruanke_top350;ranking_top500;doctoral_points;master_points,0,0,0,0,0,246,322,,,76,1,0,0,0,0,0,,
11133,13213,NULL,锦州医科大学医疗学院,辽宁,锦州市,本科,,民办,3,普通应用/职业供给高校,本科高校，但未命中985、211、双一流、研究型、前列排名、硕博点等强信号,default_undergraduate,0,0,0,0,0,,968,,,0,0,0,0,0,0,0,,
11888,10180,NULL,锦州师范高等专科学校,辽宁,锦州市,专科,,公办,3,普通应用/职业供给高校,专科/高职高校，当前库内未命中双高、国家示范/骨干等强信号,default_vocational,0,0,0,0,0,,,,,0,0,0,0,0,0,0,,
11511,11051,NULL,镇江市高等专科学校,江苏,镇江市,专科,,公办,3,普通应用/职业供给高校,专科/高职高校，当前库内未命中双高、国家示范/骨干等强信号,default_vocational,0,0,0,0,0,,,,,0,0,0,0,0,0,0,,
12754,14305,NULL,长垣烹饪职业技术学院,河南,新乡市,专科,,民办,3,普通应用/职业供给高校,专科/高职高校，当前库内未命中双高、国家示范/骨干等强信号,default_vocational,0,0,0,0,0,,,,,0,0,0,0,0,0,0,,
10161,10710,NULL,长安大学,陕西,西安市,本科,特色研究型,公办,1,头部/强研究型高校,双一流高校；软科排名前100：89,is_dual_class;ruanke_top100,0,1,1,0,0,89,113,,104,45,28,0,0,8,0,0,,
11379,14034,NULL,长安大学兴华学院,陕西,西安市,本科,,民办,3,普通应用/职业供给高校,本科高校，但未命中985、211、双一流、研究型、前列排名、硕博点等强信号,default_undergraduate,0,0,0,0,0,,,,,0,0,0,0,0,0,0,,
11819,12306,NULL,长春东方职业学院,吉林,长春市,专科,,民办,3,普通应用/职业供给高校,专科/高职高校，当前库内未命中双高、国家示范/骨干等强信号,default_vocational,0,0,0,0,0,,,,,0,0,0,0,0,0,0,,
10473,10199,NULL,长春中医药大学,吉林,长春市,本科,区域特色研究型,公办,2,区域重点/特色优势高校,办学类型为区域特色研究型；软科排名前350：207；库内综合排名前500：380；博士点/博士专业学位点：14；硕士点/硕士专业学位点：40,school_type_t2;ruanke_top350;ranking_top500;doctoral_points;master_points,0,0,0,0,0,207,380,,402,40,14,0,0,0,0,0,,
11036,13662,NULL,长春人文学院,吉林,长春市,本科,,民办,3,普通应用/职业供给高校,本科高校，但未命中985、211、双一流、研究型、前列排名、硕博点等强信号,default_undergraduate,0,0,0,0,0,,1140,,,0,0,0,0,0,0,0,,
12444,13916,NULL,长春信息技术职业学院,吉林,长春市,专科,,民办,3,普通应用/职业供给高校,专科/高职高校，当前库内未命中双高、国家示范/骨干等强信号,default_vocational,0,0,0,0,0,,,,,0,0,0,0,0,0,0,,
11398,14603,NULL,长春健康职业学院,吉林,长春市,专科,,民办,3,普通应用/职业供给高校,专科/高职高校，当前库内未命中双高、国家示范/骨干等强信号,default_vocational,0,0,0,0,0,,,,,0,0,0,0,0,0,0,,
10998,13600,NULL,长春光华学院,吉林,长春市,本科,,民办,3,普通应用/职业供给高校,本科高校，但未命中985、211、双一流、研究型、前列排名、硕博点等强信号,default_undergraduate,0,0,0,0,0,,1145,,,0,0,0,0,0,0,0,,
12447,11823,NULL,长春医学高等专科学校,吉林,长春市,专科,,公办,3,普通应用/职业供给高校,专科/高职高校，当前库内未命中双高、国家示范/骨干等强信号,default_vocational,0,0,0,0,0,,,,,0,0,0,0,0,0,0,,
10492,11726,NULL,长春大学,吉林,长春市,本科,应用型,公办,2,区域重点/特色优势高校,库内综合排名前500：432；硕士点/硕士专业学位点：14,ranking_top500;master_points,0,0,0,0,0,368,432,,,14,0,0,0,0,0,0,,
11151,13623,NULL,长春大学旅游学院,吉林,长春市,本科,,民办,3,普通应用/职业供给高校,本科高校，但未命中985、211、双一流、研究型、前列排名、硕博点等强信号,default_undergraduate,0,0,0,0,0,,1216,,,0,0,0,0,0,0,0,,
10381,10190,NULL,长春工业大学,吉林,长春市,本科,应用型,公办,2,区域重点/特色优势高校,软科排名前350：245；库内综合排名前500：459；博士点/博士专业学位点：10；硕士点/硕士专业学位点：42；院士数：1,ruanke_top350;ranking_top500;doctoral_points;master_points;academicians,0,0,0,0,0,245,459,,364,42,10,0,0,1,0,0,,
10993,13601,NULL,长春工业大学人文信息学院,吉林,长春市,本科,,民办,3,普通应用/职业供给高校,本科高校，但未命中985、211、双一流、研究型、前列排名、硕博点等强信号,default_undergraduate,0,0,0,0,0,,1165,,,0,0,0,0,0,0,0,,
10596,11437,NULL,长春工程学院,吉林,长春市,本科,,公办,2,区域重点/特色优势高校,软科排名前350：349；硕士点/硕士专业学位点：2,ruanke_top350;master_points,0,0,0,0,0,349,745,,,2,0,0,0,0,0,0,,
10523,10205,NULL,长春师范大学,吉林,长春市,本科,,公办,2,区域重点/特色优势高校,软科排名前350：337；博士点/博士专业学位点：1；硕士点/硕士专业学位点：30,ruanke_top350;doctoral_points;master_points,0,0,0,0,0,337,606,,,30,1,0,0,0,0,0,,
12853,15335,NULL,长春师范高等专科学校,吉林,长春市,专科,,公办,3,普通应用/职业供给高校,专科/高职高校，当前库内未命中双高、国家示范/骨干等强信号,default_vocational,0,0,0,0,0,,,,,0,0,0,0,0,0,0,,
11337,13605,NULL,长春建筑学院,吉林,长春市,本科,,民办,3,普通应用/职业供给高校,本科高校，但未命中985、211、双一流、研究型、前列排名、硕博点等强信号,default_undergraduate,0,0,0,0,0,,1223,,,0,0,0,0,0,0,0,,
70562,14894,NULL,长春数字科技职业学院,吉林,长春市,专科,,民办,3,普通应用/职业供给高校,专科/高职高校，当前库内未命中双高、国家示范/骨干等强信号,default_vocational,0,0,0,0,0,,,,,0,0,0,0,0,0,0,,
11856,14701,NULL,长春早期教育职业学院,吉林,长春市,专科,,民办,3,普通应用/职业供给高校,专科/高职高校，当前库内未命中双高、国家示范/骨干等强信号,default_vocational,0,0,0,0,0,,,,,0,0,0,0,0,0,0,,
12514,11436,NULL,长春汽车职业技术大学,吉林,长春市,本科,,公办,3,普通应用/职业供给高校,本科高校，但未命中985、211、双一流、研究型、前列排名、硕博点等强信号,default_undergraduate,0,0,0,0,0,,818,,,0,0,0,0,0,0,0,,
10216,10186,NULL,长春理工大学,吉林,长春市,本科,区域特色研究型,公办,2,区域重点/特色优势高校,办学类型为区域特色研究型；软科排名前350：138；库内综合排名前500：227；博士点/博士专业学位点：48；硕士点/硕士专业学位点：123；院士数：1,school_type_t2;ruanke_top350;ranking_top500;doctoral_points;master_points;academicians,0,0,0,0,0,138,227,,303,123,48,0,0,1,0,0,,
11045,13602,NULL,长春电子科技学院,吉林,长春市,本科,,民办,3,普通应用/职业供给高校,本科高校，但未命中985、211、双一流、研究型、前列排名、硕博点等强信号,default_undergraduate,0,0,0,0,0,,1198,,,0,0,0,0,0,0,0,,
11038,13606,NULL,长春科技学院,吉林,长春市,本科,,民办,3,普通应用/职业供给高校,本科高校，但未命中985、211、双一流、研究型、前列排名、硕博点等强信号,default_undergraduate,0,0,0,0,0,,1153,,,0,0,0,0,0,0,0,,
11457,13161,NULL,长春职业技术大学,吉林,长春市,本科,,公办,3,普通应用/职业供给高校,本科高校，但未命中985、211、双一流、研究型、前列排名、硕博点等强信号,default_undergraduate,0,0,0,0,0,,878,,,0,0,0,0,0,0,0,,
11047,13603,NULL,长春财经学院,吉林,长春市,本科,,民办,3,普通应用/职业供给高校,本科高校，但未命中985、211、双一流、研究型、前列排名、硕博点等强信号,default_undergraduate,0,0,0,0,0,,1147,,,0,0,0,0,0,0,0,,
11919,11440,NULL,长春金融高等专科学校,吉林,长春市,专科,,公办,3,普通应用/职业供给高校,专科/高职高校，当前库内未命中双高、国家示范/骨干等强信号,default_vocational,0,0,0,0,0,,,,,0,0,0,0,0,0,0,,
10252,10489,NULL,长江大学,湖北,荆州市,本科,区域研究型,公办,2,区域重点/特色优势高校,办学类型为区域研究型；软科排名前350：184；库内综合排名前500：337；博士点/博士专业学位点：25；硕士点/硕士专业学位点：46；院士数：3,school_type_t2;ruanke_top350;ranking_top500;doctoral_points;master_points;academicians,0,0,0,0,0,184,337,,248,46,25,0,0,3,0,0,,
11221,13246,NULL,长江大学文理学院,湖北,荆州市,本科,,民办,3,普通应用/职业供给高校,本科高校，但未命中985、211、双一流、研究型、前列排名、硕博点等强信号,default_undergraduate,0,0,0,0,0,,951,,,0,0,0,0,0,0,0,,
11990,13266,NULL,长江工程职业技术学院,湖北,武汉市,专科,,公办,3,普通应用/职业供给高校,专科/高职高校，当前库内未命中双高、国家示范/骨干等强信号,default_vocational,0,0,0,0,0,,,,,0,0,0,0,0,0,0,,
10674,10647,NULL,长江师范学院,重庆,涪陵区,本科,,公办,2,区域重点/特色优势高校,软科排名前350：345；硕士点/硕士专业学位点：3；院士数：2,ruanke_top350;master_points;academicians,0,0,0,0,0,345,618,,382,3,0,0,0,2,0,0,,
11460,10956,NULL,长江职业学院,湖北,武汉市,专科,,公办,3,普通应用/职业供给高校,专科/高职高校，当前库内未命中双高、国家示范/骨干等强信号,default_vocational,0,0,0,0,0,,,,,0,0,0,0,0,0,0,,
11395,14555,NULL,长江艺术工程职业学院,湖北,荆州市,专科,,民办,3,普通应用/职业供给高校,专科/高职高校，当前库内未命中双高、国家示范/骨干等强信号,default_vocational,0,0,0,0,0,,,,,0,0,0,0,0,0,0,,
11079,10823,NULL,长沙医学院,湖南,长沙市,本科,,民办,3,普通应用/职业供给高校,本科高校，但未命中985、211、双一流、研究型、前列排名、硕博点等强信号,default_undergraduate,0,0,0,0,0,,1008,,,0,0,0,0,0,0,0,,
70619,14892,NULL,长沙医药健康职业学院,湖南,长沙市,专科,,民办,3,普通应用/职业供给高校,专科/高职高校，当前库内未命中双高、国家示范/骨干等强信号,default_vocational,0,0,0,0,0,,,,,0,0,0,0,0,0,0,,
12053,13041,NULL,长沙南方职业学院,湖南,长沙市,专科,,民办,3,普通应用/职业供给高校,专科/高职高校，当前库内未命中双高、国家示范/骨干等强信号,default_vocational,0,0,0,0,0,,,,,0,0,0,0,0,0,0,,
12781,14358,NULL,长沙卫生职业学院,湖南,长沙市,专科,,公办,3,普通应用/职业供给高校,专科/高职高校，当前库内未命中双高、国家示范/骨干等强信号,default_vocational,0,0,0,0,0,,,,,0,0,0,0,0,0,0,,
12139,12603,NULL,长沙商贸旅游职业技术学院,湖南,长沙市,专科,,公办,2,区域重点/特色优势高校,职业院校强信号文本：双高,vocational_feature,0,0,0,0,0,,,,,0,0,0,0,0,0,0,,
10587,11077,NULL,长沙学院,湖南,长沙市,本科,,公办,2,区域重点/特色优势高校,软科排名前350：328；库内综合排名前500：492；硕士点/硕士专业学位点：3,ruanke_top350;ranking_top500;master_points,0,0,0,0,0,328,492,,403,3,0,0,0,0,0,0,,
11191,12652,NULL,长沙工业学院,湖南,长沙市,本科,,公办,3,普通应用/职业供给高校,本科高校，但未命中985、211、双一流、研究型、前列排名、硕博点等强信号,default_undergraduate,0,0,0,0,0,500,716,,,0,0,0,0,0,0,0,,
10663,13806,NULL,长沙师范学院,湖南,长沙市,本科,,公办,3,普通应用/职业供给高校,本科高校，但未命中985、211、双一流、研究型、前列排名、硕博点等强信号,default_undergraduate,0,0,0,0,0,500,681,,,0,0,0,0,0,0,0,,
11840,14692,NULL,长沙幼儿师范高等专科学校,湖南,长沙市,专科,,公办,3,普通应用/职业供给高校,专科/高职高校，当前库内未命中双高、国家示范/骨干等强信号,default_vocational,0,0,0,0,0,,,,,0,0,0,0,0,0,0,,
70376,14817,NULL,长沙文创艺术职业学院,湖南,长沙市,专科,,民办,3,普通应用/职业供给高校,专科/高职高校，当前库内未命中双高、国家示范/骨干等强信号,default_vocational,0,0,0,0,0,,,,,0,0,0,0,0,0,0,,
11441,10827,NULL,长沙民政职业技术学院,湖南,长沙市,专科,,公办,2,区域重点/特色优势高校,职业院校强信号文本：双高,vocational_feature,0,0,0,0,0,,,,,0,0,0,0,0,0,0,,
11763,13031,NULL,长沙环境保护职业技术学院,湖南,长沙市,专科,,公办,3,普通应用/职业供给高校,专科/高职高校，当前库内未命中双高、国家示范/骨干等强信号,default_vocational,0,0,0,0,0,,,,,0,0,0,0,0,0,0,,
10208,10536,NULL,长沙理工大学,湖南,长沙市,本科,区域特色研究型,公办,2,区域重点/特色优势高校,办学类型为区域特色研究型；软科排名前350：135；库内综合排名前500：161；博士点/博士专业学位点：78；硕士点/硕士专业学位点：33；院士数：1,school_type_t2;ruanke_top350;ranking_top500;doctoral_points;master_points;academicians,0,0,0,0,0,135,161,,74,33,78,0,0,1,0,0,,
11113,13635,NULL,长沙理工大学城南学院,湖南,长沙市,本科,,民办,3,普通应用/职业供给高校,本科高校，但未命中985、211、双一流、研究型、前列排名、硕博点等强信号,default_undergraduate,0,0,0,0,0,,,,,0,0,0,0,0,0,0,,
12121,13938,NULL,长沙电力职业技术学院,湖南,长沙市,专科,,公办,3,普通应用/职业供给高校,专科/高职高校，当前库内未命中双高、国家示范/骨干等强信号,default_vocational,0,0,0,0,0,,,,,0,0,0,0,0,0,0,,
70623,14900,NULL,长沙科技学院,湖南,长沙市,本科,,民办,3,普通应用/职业供给高校,本科高校，但未命中985、211、双一流、研究型、前列排名、硕博点等强信号,default_undergraduate,0,0,0,0,0,,1234,,,0,0,0,0,0,0,0,,
70622,14902,NULL,长沙科技职业学院,湖南,长沙市,专科,,民办,3,普通应用/职业供给高校,专科/高职高校，当前库内未命中双高、国家示范/骨干等强信号,default_vocational,0,0,0,0,0,,,,,0,0,0,0,0,0,0,,
12275,13036,NULL,长沙职业技术学院,湖南,长沙市,专科,,公办,3,普通应用/职业供给高校,专科/高职高校，当前库内未命中双高、国家示范/骨干等强信号,default_vocational,0,0,0,0,0,,,,,0,0,0,0,0,0,0,,
11622,12055,NULL,长沙航空职业技术学院,湖南,长沙市,专科,,公办,2,区域重点/特色优势高校,职业院校强信号文本：双高,vocational_feature,0,0,0,0,0,,,,,0,0,0,0,0,0,0,,
70379,14816,NULL,长沙轨道交通职业学院,湖南,长沙市,专科,,民办,3,普通应用/职业供给高校,专科/高职高校，当前库内未命中双高、国家示范/骨干等强信号,default_vocational,0,0,0,0,0,,,,,0,0,0,0,1,0,0,,
10764,10117,NULL,长治医学院,山西,长治市,本科,,公办,2,区域重点/特色优势高校,硕士点/硕士专业学位点：5,master_points,0,0,0,0,0,422,623,,,5,0,0,0,0,0,0,,
10665,10122,NULL,长治学院,山西,长治市,本科,,公办,3,普通应用/职业供给高校,本科高校，但未命中985、211、双一流、研究型、前列排名、硕博点等强信号,default_undergraduate,0,0,0,0,0,494,935,,,0,0,0,0,0,0,0,,
11833,14687,NULL,长治幼儿师范高等专科学校,山西,长治市,专科,,公办,3,普通应用/职业供给高校,专科/高职高校，当前库内未命中双高、国家示范/骨干等强信号,default_vocational,0,0,0,0,0,,,,,0,0,0,0,0,0,0,,
12084,12388,NULL,长治职业技术学院,山西,长治市,专科,,公办,3,普通应用/职业供给高校,专科/高职高校，当前库内未命中双高、国家示范/骨干等强信号,default_vocational,0,0,0,0,0,,,,,0,0,0,0,0,0,0,,
12268,14190,NULL,长白山职业技术学院,吉林,白山市,专科,,公办,3,普通应用/职业供给高校,专科/高职高校，当前库内未命中双高、国家示范/骨干等强信号,default_vocational,0,0,0,0,0,,,,,0,0,0,0,0,0,0,,
12488,13764,NULL,闽北职业技术学院,福建,南平市,专科,,公办,3,普通应用/职业供给高校,专科/高职高校，当前库内未命中双高、国家示范/骨干等强信号,default_vocational,0,0,0,0,0,,,,,0,0,0,0,0,0,0,,
10526,10402,NULL,闽南师范大学,福建,漳州市,本科,,公办,2,区域重点/特色优势高校,软科排名前350：309；库内综合排名前500：469；博士点/博士专业学位点：1；硕士点/硕士专业学位点：28,ruanke_top350;ranking_top500;doctoral_points;master_points,0,0,0,0,0,309,469,,428,28,1,0,0,0,0,0,,
11370,12710,NULL,闽南理工学院,福建,泉州市,本科,,民办,3,普通应用/职业供给高校,本科高校，但未命中985、211、双一流、研究型、前列排名、硕博点等强信号,default_undergraduate,0,0,0,0,0,,1254,,,0,0,0,0,0,0,0,,
11146,12992,NULL,闽南科技学院,福建,泉州市,本科,,民办,3,普通应用/职业供给高校,本科高校，但未命中985、211、双一流、研究型、前列排名、硕博点等强信号,default_undergraduate,0,0,0,0,0,,1191,,,0,0,0,0,0,0,0,,
10531,10395,NULL,闽江大学,福建,福州市,本科,,公办,2,区域重点/特色优势高校,软科排名前350：297；库内综合排名前500：410；硕士点/硕士专业学位点：3,ruanke_top350;ranking_top500;master_points,0,0,0,0,0,297,410,,188,3,0,0,0,0,0,0,,
12561,14490,NULL,闽江师范高等专科学校,福建,福州市,专科,,公办,3,普通应用/职业供给高校,专科/高职高校，当前库内未命中双高、国家示范/骨干等强信号,default_vocational,0,0,0,0,0,,,,,0,0,0,0,0,0,0,,
11940,11315,NULL,闽西职业技术学院,福建,龙岩市,专科,,公办,3,普通应用/职业供给高校,专科/高职高校，当前库内未命中双高、国家示范/骨干等强信号,default_vocational,0,0,0,0,0,,,,,0,0,0,0,0,0,0,,
70669,14941,NULL,阜康职业技术学院,新疆,昌吉回族自治州,专科,,公办,3,普通应用/职业供给高校,专科/高职高校，当前库内未命中双高、国家示范/骨干等强信号,default_vocational,0,0,0,0,0,,,,,0,0,0,0,0,0,0,,
11942,11250,NULL,阜新高等专科学校,辽宁,阜新市,专科,,公办,3,普通应用/职业供给高校,专科/高职高校，当前库内未命中双高、国家示范/骨干等强信号,default_vocational,0,0,0,0,0,,,,,0,0,0,0,0,0,0,,
10697,10371,NULL,阜阳师范大学,安徽,阜阳市,本科,,公办,2,区域重点/特色优势高校,硕士点/硕士专业学位点：23,master_points,0,0,0,0,0,384,604,,,23,0,0,0,0,0,0,,
12868,14536,NULL,阜阳幼儿师范高等专科学校,安徽,阜阳市,专科,,公办,3,普通应用/职业供给高校,专科/高职高校，当前库内未命中双高、国家示范/骨干等强信号,default_vocational,0,0,0,0,0,,,,,0,0,0,0,0,0,0,,
11103,13619,NULL,阜阳理工学院,安徽,阜阳市,本科,,民办,3,普通应用/职业供给高校,本科高校，但未命中985、211、双一流、研究型、前列排名、硕博点等强信号,default_undergraduate,0,0,0,0,0,,1104,,,0,0,0,0,0,0,0,,
12030,13342,NULL,阜阳科技职业学院,安徽,阜阳市,专科,,民办,3,普通应用/职业供给高校,专科/高职高校，当前库内未命中双高、国家示范/骨干等强信号,default_vocational,0,0,0,0,0,,,,,0,0,0,0,0,0,0,,
11595,12074,NULL,阜阳职业技术学院,安徽,阜阳市,专科,,公办,3,普通应用/职业供给高校,专科/高职高校，当前库内未命中双高、国家示范/骨干等强信号,default_vocational,0,0,0,0,0,,,,,0,0,0,0,0,0,0,,
70082,14762,NULL,防城港职业技术学院,广西,防城港,专科,,公办,3,普通应用/职业供给高校,专科/高职高校，当前库内未命中双高、国家示范/骨干等强信号,default_vocational,0,0,0,0,0,,,,,0,0,0,0,0,0,0,,
11190,13468,NULL,阳光学院,福建,福州市,本科,,民办,3,普通应用/职业供给高校,本科高校，但未命中985、211、双一流、研究型、前列排名、硕博点等强信号,default_undergraduate,0,0,0,0,0,,1282,,,0,0,0,0,0,0,0,,
12080,12771,NULL,阳江职业技术学院,广东,阳江市,专科,,公办,3,普通应用/职业供给高校,专科/高职高校，当前库内未命中双高、国家示范/骨干等强信号,default_vocational,0,0,0,0,0,,,,,0,0,0,0,0,0,0,,
12277,14271,NULL,阳泉师范高等专科学校,山西,阳泉市,专科,,公办,3,普通应用/职业供给高校,专科/高职高校，当前库内未命中双高、国家示范/骨干等强信号,default_vocational,0,0,0,0,0,,,,,0,0,0,0,0,0,0,,
12258,12893,NULL,阳泉职业技术学院,山西,阳泉市,专科,,公办,3,普通应用/职业供给高校,专科/高职高校，当前库内未命中双高、国家示范/骨干等强信号,default_vocational,0,0,0,0,0,,,,,0,0,0,0,0,0,0,,
70357,14806,NULL,阿克苏工业职业技术学院,新疆,阿克苏地区,专科,,公办,3,普通应用/职业供给高校,专科/高职高校，当前库内未命中双高、国家示范/骨干等强信号,default_vocational,0,0,0,0,0,,,,,0,0,0,0,0,0,0,,
12205,13093,NULL,阿克苏职业技术学院,新疆,阿克苏地区,专科,,公办,3,普通应用/职业供给高校,专科/高职高校，当前库内未命中双高、国家示范/骨干等强信号,default_vocational,0,0,0,0,0,,,,,0,0,0,0,0,0,0,,
12283,14680,NULL,阿勒泰职业技术学院,新疆,阿勒泰地区,专科,,公办,3,普通应用/职业供给高校,专科/高职高校，当前库内未命中双高、国家示范/骨干等强信号,default_vocational,0,0,0,0,0,,,,,0,0,0,0,0,0,0,,
10895,10646,NULL,阿坝师范学院,四川,阿坝藏族羌族自治州,本科,,公办,3,普通应用/职业供给高校,本科高校，但未命中985、211、双一流、研究型、前列排名、硕博点等强信号,default_undergraduate,0,0,0,0,0,500,536,,,0,0,0,0,0,0,0,,
12676,14647,NULL,阿坝职业学院,四川,阿坝藏族羌族自治州,专科,,公办,3,普通应用/职业供给高校,专科/高职高校，当前库内未命中双高、国家示范/骨干等强信号,default_vocational,0,0,0,0,0,,,,,0,0,0,0,0,0,0,,
11733,14339,NULL,阿拉善职业技术学院,内蒙古,阿拉善盟,专科,,公办,3,普通应用/职业供给高校,专科/高职高校，当前库内未命中双高、国家示范/骨干等强信号,default_vocational,0,0,0,0,0,,,,,0,0,0,0,0,0,0,,
10974,91007,NULL,陆军兵种大学,安徽,合肥市,本科,,公办,2,区域重点/特色优势高校,博士点/博士专业学位点：6；硕士点/硕士专业学位点：12,doctoral_points;master_points,0,0,0,0,0,,,,,12,6,0,0,0,0,0,,
10150,91012,NULL,陆军军医大学,重庆,沙坪坝区,本科,特色研究型,公办,2,区域重点/特色优势高校,办学类型为特色研究型；库内综合排名前500：109；博士点/博士专业学位点：50；硕士点/硕士专业学位点：60,school_type_t2;ranking_top500;doctoral_points;master_points,0,0,0,0,0,,109,,161,60,50,0,0,0,0,0,,
10248,91004,NULL,陆军工程大学,江苏,南京市,本科,其它,公办,2,区域重点/特色优势高校,库内综合排名前500：150；博士点/博士专业学位点：11；硕士点/硕士专业学位点：18；院士数：6,ranking_top500;doctoral_points;master_points;academicians,0,0,0,0,0,,150,,398,18,11,0,0,6,0,0,,
10919,91005,NULL,陆军步兵学院,江西,南昌市,本科,,公办,2,区域重点/特色优势高校,硕士点/硕士专业学位点：2,master_points,0,0,0,0,0,,,,,2,0,0,0,0,0,0,,
10460,91009,NULL,陆军特种作战学院,广西,桂林市,本科,其他,公办,2,区域重点/特色优势高校,硕士点/硕士专业学位点：3,master_points,0,0,0,0,0,,,,,3,0,0,0,0,0,0,,
10935,90076,NULL,陆军边海防学院,陕西,西安市,本科,,公办,3,普通应用/职业供给高校,本科高校，但未命中985、211、双一流、研究型、前列排名、硕博点等强信号,default_undergraduate,0,0,0,0,0,,,,,0,0,0,0,0,0,0,,
10978,91011,NULL,陆军防化学院,北京,昌平区,本科,,公办,2,区域重点/特色优势高校,博士点/博士专业学位点：1；硕士点/硕士专业学位点：7,doctoral_points;master_points,0,0,0,0,0,,,,,7,1,0,0,0,0,0,,
10785,10738,NULL,陇东学院,甘肃,庆阳市,本科,,公办,2,区域重点/特色优势高校,硕士点/硕士专业学位点：3,master_points,0,0,0,0,0,476,905,,,3,0,0,0,0,0,0,,
11580,11806,NULL,陇南师范学院,甘肃,陇南市,本科,,公办,3,普通应用/职业供给高校,本科高校，但未命中985、211、双一流、研究型、前列排名、硕博点等强信号,default_undergraduate,0,0,0,0,0,,843,,,0,0,0,0,0,0,0,,
10499,10716,NULL,陕西中医药大学,陕西,咸阳市,本科,应用型,公办,2,区域重点/特色优势高校,软科排名前350：239；库内综合排名前500：440；博士点/博士专业学位点：1；硕士点/硕士专业学位点：30,ruanke_top350;ranking_top500;doctoral_points;master_points,0,0,0,0,0,239,440,,,30,1,0,0,0,0,0,,
11811,12830,NULL,陕西交通职业技术学院,陕西,西安市,专科,,公办,3,普通应用/职业供给高校,专科/高职高校，当前库内未命中双高、国家示范/骨干等强信号,default_vocational,0,0,0,0,0,,,,,0,0,0,0,0,0,0,,
11431,10966,NULL,陕西农林职业技术大学,陕西,咸阳市,本科,,公办,3,普通应用/职业供给高校,本科高校，但未命中985、211、双一流、研究型、前列排名、硕博点等强信号,default_undergraduate,0,0,0,0,0,,886,,,0,0,0,0,0,0,0,,
11505,12827,NULL,陕西国防工业职业技术学院,陕西,西安市,专科,,公办,3,普通应用/职业供给高校,专科/高职高校，当前库内未命中双高、国家示范/骨干等强信号,default_vocational,0,0,0,0,0,,,,,0,0,0,0,0,0,0,,
11066,13123,NULL,陕西国际商贸学院,陕西,西安市,本科,,民办,2,区域重点/特色优势高校,院士数：1,academicians,0,0,0,0,0,,1174,,,0,0,0,0,1,0,0,,
10882,14390,NULL,陕西学前师范学院,陕西,西安市,本科,,公办,3,普通应用/职业供给高校,本科高校，但未命中985、211、双一流、研究型、前列排名、硕博点等强信号,default_undergraduate,0,0,0,0,0,500,784,,,0,0,0,0,0,0,0,,
11422,10828,NULL,陕西工业职业技术大学,陕西,咸阳市,本科,,公办,3,普通应用/职业供给高校,本科高校，但未命中985、211、双一流、研究型、前列排名、硕博点等强信号,default_undergraduate,0,0,0,0,0,,,,,0,0,0,0,0,0,0,,
12036,14029,NULL,陕西工商职业学院,陕西,西安市,专科,,公办,3,普通应用/职业供给高校,专科/高职高校，当前库内未命中双高、国家示范/骨干等强信号,default_vocational,0,0,0,0,0,,,,,0,0,0,0,0,0,0,,
10111,10718,NULL,陕西师范大学,陕西,西安市,本科,特色研究型,公办,1,头部/强研究型高校,双一流高校；软科排名前100：63；库内综合排名前100：82,is_dual_class;ruanke_top100;ranking_top100,0,1,1,0,0,63,82,,114,87,98,0,0,0,0,0,,
12704,14031,NULL,陕西旅游烹饪职业学院,陕西,西安市,专科,,民办,3,普通应用/职业供给高校,专科/高职高校，当前库内未命中双高、国家示范/骨干等强信号,default_vocational,0,0,0,0,0,,,,,0,0,0,0,0,0,0,,
11311,13125,NULL,陕西服装工程学院,陕西,西安市,本科,,民办,3,普通应用/职业供给高校,本科高校，但未命中985、211、双一流、研究型、前列排名、硕博点等强信号,default_undergraduate,0,0,0,0,0,,1237,,,0,0,0,0,0,0,0,,
12867,50084,NULL,陕西机电职业技术学院,陕西,宝鸡市,专科,,公办,3,普通应用/职业供给高校,专科/高职高校，当前库内未命中双高、国家示范/骨干等强信号,default_vocational,0,0,0,0,0,,,,,0,0,0,0,0,0,0,,
10512,10720,NULL,陕西理工大学,陕西,汉中市,本科,应用型,公办,2,区域重点/特色优势高校,软科排名前350：342；库内综合排名前500：463；硕士点/硕士专业学位点：21；院士数：1,ruanke_top350;ranking_top500;master_points;academicians,0,0,0,0,0,342,463,,390,21,0,0,0,1,0,0,,
12620,13570,NULL,陕西电子信息职业技术学院,陕西,西安市,专科,,民办,3,普通应用/职业供给高校,专科/高职高校，当前库内未命中双高、国家示范/骨干等强信号,default_vocational,0,0,0,0,0,,,,,0,0,0,0,0,0,0,,
12694,51010,NULL,陕西省建筑职工大学,陕西,西安市,专科,,公办,3,普通应用/职业供给高校,专科/高职高校，当前库内未命中双高、国家示范/骨干等强信号,default_vocational,0,0,0,0,0,,,,,0,0,0,0,0,0,0,,
10257,10708,NULL,陕西科技大学,陕西,西安市,本科,区域特色研究型,公办,2,区域重点/特色优势高校,办学类型为区域特色研究型；软科排名前350：132；库内综合排名前500：213；博士点/博士专业学位点：13；硕士点/硕士专业学位点：23；院士数：1,school_type_t2;ruanke_top350;ranking_top500;doctoral_points;master_points;academicians,0,0,0,0,0,132,213,,162,23,13,0,0,1,0,0,,
11301,13681,NULL,陕西科技大学镐京学院,陕西,西安市,本科,,民办,3,普通应用/职业供给高校,本科高校，但未命中985、211、双一流、研究型、前列排名、硕博点等强信号,default_undergraduate,0,0,0,0,0,,1175,,,0,0,0,0,0,0,0,,
11859,13932,NULL,陕西经济管理职业技术学院,陕西,西安市,专科,,公办,3,普通应用/职业供给高校,专科/高职高校，当前库内未命中双高、国家示范/骨干等强信号,default_vocational,0,0,0,0,0,,,,,0,0,0,0,0,0,0,,
11465,12831,NULL,陕西职业技术学院,陕西,西安市,专科,,公办,2,区域重点/特色优势高校,职业院校强信号文本：双高,vocational_feature,0,0,0,0,0,,,,,0,0,0,0,0,0,0,,
11794,12510,NULL,陕西能源职业技术学院,陕西,咸阳市,专科,,公办,2,区域重点/特色优势高校,职业院校强信号文本：双高,vocational_feature,0,0,0,0,0,,,,,0,0,0,0,0,0,0,,
12746,50083,NULL,陕西航天职工大学,陕西,西安市,专科,,公办,3,普通应用/职业供给高校,专科/高职高校，当前库内未命中双高、国家示范/骨干等强信号,default_vocational,0,0,0,0,0,,,,,0,0,0,0,0,0,0,,
12293,13568,NULL,陕西航空职业技术学院,陕西,汉中市,专科,,公办,3,普通应用/职业供给高校,专科/高职高校，当前库内未命中双高、国家示范/骨干等强信号,default_vocational,0,0,0,0,0,,,,,0,0,0,0,0,0,0,,
12341,14488,NULL,陕西艺术职业学院,陕西,西安市,专科,,公办,3,普通应用/职业供给高校,专科/高职高校，当前库内未命中双高、国家示范/骨干等强信号,default_vocational,0,0,0,0,0,,,,,0,0,0,0,0,0,0,,
12290,13819,NULL,陕西警察学院,陕西,西安市,本科,,公办,3,普通应用/职业供给高校,本科高校，但未命中985、211、双一流、研究型、前列排名、硕博点等强信号,default_undergraduate,0,0,0,0,0,,517,,,0,0,0,0,0,0,0,,
12170,12829,NULL,陕西财经职业技术学院,陕西,咸阳市,专科,,公办,3,普通应用/职业供给高校,专科/高职高校，当前库内未命中双高、国家示范/骨干等强信号,default_vocational,0,0,0,0,0,,,,,0,0,0,0,0,0,0,,
12574,13736,NULL,陕西邮电职业技术学院,陕西,咸阳市,专科,,公办,3,普通应用/职业供给高校,专科/高职高校，当前库内未命中双高、国家示范/骨干等强信号,default_vocational,0,0,0,0,0,,,,,0,0,0,0,0,0,0,,
11769,13566,NULL,陕西铁路工程职业技术学院,陕西,渭南市,专科,,公办,2,区域重点/特色优势高校,职业院校强信号文本：双高,vocational_feature,0,0,0,0,0,,,,,0,0,0,0,0,0,0,,
11902,14028,NULL,陕西青年职业学院,陕西,西安市,专科,,公办,3,普通应用/职业供给高校,专科/高职高校，当前库内未命中双高、国家示范/骨干等强信号,default_vocational,0,0,0,0,0,,,,,0,0,0,0,0,0,0,,
11914,12980,NULL,随州职业技术学院,湖北,随州市,专科,,公办,3,普通应用/职业供给高校,专科/高职高校，当前库内未命中双高、国家示范/骨干等强信号,default_vocational,0,0,0,0,0,,,,,0,0,0,0,0,0,0,,
12100,13049,NULL,雅安职业技术学院,四川,雅安市,专科,,公办,3,普通应用/职业供给高校,专科/高职高校，当前库内未命中双高、国家示范/骨干等强信号,default_vocational,0,0,0,0,0,,,,,0,0,0,0,0,0,0,,
10777,11427,NULL,集宁师范学院,内蒙古,乌兰察布市,本科,,公办,3,普通应用/职业供给高校,本科高校，但未命中985、211、双一流、研究型、前列排名、硕博点等强信号,default_undergraduate,0,0,0,0,0,500,871,,,0,0,0,0,0,0,0,,
10298,10390,NULL,集美大学,福建,厦门市,本科,区域特色研究型,公办,2,区域重点/特色优势高校,办学类型为区域特色研究型；软科排名前350：156；库内综合排名前500：231；博士点/博士专业学位点：8；硕士点/硕士专业学位点：19,school_type_t2;ruanke_top350;ranking_top500;doctoral_points;master_points,0,0,0,0,0,156,231,,286,19,8,0,0,0,0,0,,
11003,13471,NULL,集美大学诚毅学院,福建,厦门市,本科,,民办,3,普通应用/职业供给高校,本科高校，但未命中985、211、双一流、研究型、前列排名、硕博点等强信号,default_undergraduate,0,0,0,0,0,,930,,,0,0,0,0,0,0,0,,
70649,14918,NULL,集美工业职业学院,福建,厦门市,专科,,公办,3,普通应用/职业供给高校,专科/高职高校，当前库内未命中双高、国家示范/骨干等强信号,default_vocational,0,0,0,0,0,,,,,0,0,0,0,0,0,0,,
10406,10435,NULL,青岛农业大学,山东,青岛市,本科,应用型,公办,2,区域重点/特色优势高校,软科排名前350：228；博士点/博士专业学位点：4；硕士点/硕士专业学位点：15,ruanke_top350;doctoral_points;master_points,0,0,0,0,0,228,548,,199,15,4,0,0,0,0,0,,
11028,13997,NULL,青岛农业大学海都学院,山东,烟台市,本科,,民办,3,普通应用/职业供给高校,本科高校，但未命中985、211、双一流、研究型、前列排名、硕博点等强信号,default_undergraduate,0,0,0,0,0,,1089,,,0,0,0,0,0,0,0,,
11017,13378,NULL,青岛城市学院,山东,青岛市,本科,,民办,3,普通应用/职业供给高校,本科高校，但未命中985、211、双一流、研究型、前列排名、硕博点等强信号,default_undergraduate,0,0,0,0,0,,1111,,,0,0,0,0,0,0,0,,
10241,11065,NULL,青岛大学,山东,青岛市,本科,区域研究型,公办,2,区域重点/特色优势高校,办学类型为区域研究型；软科排名前350：108；库内综合排名前500：148；博士点/博士专业学位点：106；硕士点/硕士专业学位点：230,school_type_t2;ruanke_top350;ranking_top500;doctoral_points;master_points,0,0,0,0,0,108,148,,51,230,106,0,0,0,0,0,,
11204,13995,NULL,青岛工学院,山东,青岛市,本科,,民办,3,普通应用/职业供给高校,本科高校，但未命中985、211、双一流、研究型、前列排名、硕博点等强信号,default_undergraduate,0,0,0,0,0,,1102,,,0,0,0,0,0,0,0,,
12075,14666,NULL,青岛工程职业学院,山东,青岛市,专科,,公办,3,普通应用/职业供给高校,专科/高职高校，当前库内未命中双高、国家示范/骨干等强信号,default_vocational,0,0,0,0,0,,,,,0,0,0,0,0,0,0,,
11848,14688,NULL,青岛幼儿师范高等专科学校,山东,青岛市,专科,,公办,3,普通应用/职业供给高校,专科/高职高校，当前库内未命中双高、国家示范/骨干等强信号,default_vocational,0,0,0,0,0,,,,,0,0,0,0,0,0,0,,
11269,13015,NULL,青岛恒星科技学院,山东,青岛市,本科,,民办,2,区域重点/特色优势高校,院士数：1,academicians,0,0,0,0,0,,1166,,,0,0,0,0,1,0,0,,
11538,13321,NULL,青岛求实职业技术学院,山东,青岛市,专科,,民办,3,普通应用/职业供给高校,专科/高职高校，当前库内未命中双高、国家示范/骨干等强信号,default_vocational,0,0,0,0,0,,,,,0,0,0,0,0,0,0,,
12373,13014,NULL,青岛港湾职业技术学院,山东,青岛市,专科,,公办,2,区域重点/特色优势高校,职业院校强信号文本：双高,vocational_feature,0,0,0,0,0,,,,,0,0,0,0,0,0,0,,
11107,10868,NULL,青岛滨海学院,山东,青岛市,本科,,民办,3,普通应用/职业供给高校,本科高校，但未命中985、211、双一流、研究型、前列排名、硕博点等强信号,default_undergraduate,0,0,0,0,0,,1143,,,0,0,0,0,0,0,0,,
10327,10429,NULL,青岛理工大学,山东,青岛市,本科,区域特色研究型,公办,2,区域重点/特色优势高校,办学类型为区域特色研究型；软科排名前350：187；库内综合排名前500：240；博士点/博士专业学位点：4；硕士点/硕士专业学位点：25,school_type_t2;ruanke_top350;ranking_top500;doctoral_points;master_points,0,0,0,0,0,187,240,,155,25,4,0,0,0,0,0,,
11297,14327,NULL,青岛电影学院,山东,青岛市,本科,,民办,3,普通应用/职业供给高校,本科高校，但未命中985、211、双一流、研究型、前列排名、硕博点等强信号,default_undergraduate,0,0,0,0,0,,1083,,,0,0,0,0,0,0,0,,
10269,10426,NULL,青岛科技大学,山东,青岛市,本科,区域特色研究型,公办,2,区域重点/特色优势高校,办学类型为区域特色研究型；软科排名前350：167；库内综合排名前500：224；博士点/博士专业学位点：10；硕士点/硕士专业学位点：31；院士数：11,school_type_t2;ruanke_top350;ranking_top500;doctoral_points;master_points;academicians,0,0,0,0,0,167,224,,106,31,10,0,0,11,0,0,,
12431,12324,NULL,青岛职业技术学院,山东,青岛市,专科,,公办,3,普通应用/职业供给高校,专科/高职高校，当前库内未命中双高、国家示范/骨干等强信号,default_vocational,0,0,0,0,0,,,,,0,0,0,0,0,0,0,,
11850,14709,NULL,青岛航空科技职业学院,山东,青岛市,专科,,民办,3,普通应用/职业供给高校,专科/高职高校，当前库内未命中双高、国家示范/骨干等强信号,default_vocational,0,0,0,0,0,,,,,0,0,0,0,0,0,0,,
11857,14320,NULL,青岛远洋船员职业学院,山东,青岛市,专科,,公办,3,普通应用/职业供给高校,专科/高职高校，当前库内未命中双高、国家示范/骨干等强信号,default_vocational,0,0,0,0,0,,,,,0,0,0,0,0,0,0,,
12239,13011,NULL,青岛酒店管理职业技术学院,山东,青岛市,专科,,公办,3,普通应用/职业供给高校,专科/高职高校，当前库内未命中双高、国家示范/骨干等强信号,default_vocational,0,0,0,0,0,,,,,0,0,0,0,0,0,0,,
12690,13005,NULL,青岛飞洋职业技术学院,山东,青岛市,专科,,民办,3,普通应用/职业供给高校,专科/高职高校，当前库内未命中双高、国家示范/骨干等强信号,default_vocational,0,0,0,0,0,,,,,0,0,0,0,0,0,0,,
11224,13320,NULL,青岛黄海学院,山东,青岛市,本科,,民办,3,普通应用/职业供给高校,本科高校，但未命中985、211、双一流、研究型、前列排名、硕博点等强信号,default_undergraduate,0,0,0,0,0,,1119,,,0,0,0,0,0,0,0,,
12021,12972,NULL,青海农牧科技职业学院,青海,西宁市,专科,,公办,3,普通应用/职业供给高校,专科/高职高校，当前库内未命中双高、国家示范/骨干等强信号,default_vocational,0,0,0,0,0,,,,,0,0,0,0,0,0,0,,
12291,12562,NULL,青海卫生职业技术学院,青海,西宁市,专科,,公办,3,普通应用/职业供给高校,专科/高职高校，当前库内未命中双高、国家示范/骨干等强信号,default_vocational,0,0,0,0,0,,,,,0,0,0,0,0,0,0,,
10386,10743,NULL,青海大学,青海,西宁市,本科,区域研究型,公办,1,头部/强研究型高校,双一流高校,is_dual_class,0,1,1,0,0,203,204,,344,89,31,0,0,0,0,0,,
10448,10746,NULL,青海师范大学,青海,西宁市,本科,应用型,公办,2,区域重点/特色优势高校,软科排名前350：256；博士点/博士专业学位点：18；硕士点/硕士专业学位点：22,ruanke_top350;doctoral_points;master_points,0,0,0,0,0,256,514,,,22,18,0,0,0,0,0,,
12519,12974,NULL,青海建筑职业技术学院,青海,西宁市,专科,,公办,3,普通应用/职业供给高校,专科/高职高校，当前库内未命中双高、国家示范/骨干等强信号,default_vocational,0,0,0,0,0,,,,,0,0,0,0,0,0,0,,
12634,14521,NULL,青海柴达木职业技术学院,青海,海西蒙古族藏族自治州,专科,,公办,3,普通应用/职业供给高校,专科/高职高校，当前库内未命中双高、国家示范/骨干等强信号,default_vocational,0,0,0,0,0,,,,,0,0,0,0,0,0,0,,
10447,10748,NULL,青海民族大学,青海,西宁市,本科,应用型,公办,2,区域重点/特色优势高校,软科排名前350：312；博士点/博士专业学位点：15；硕士点/硕士专业学位点：115,ruanke_top350;doctoral_points;master_points,0,0,0,0,0,312,619,,,115,15,0,0,0,0,0,,
11127,14881,NULL,青海理工学院,青海,西宁市,本科,,公办,2,区域重点/特色优势高校,硕士点/硕士专业学位点：4,master_points,0,0,0,0,0,,868,,,4,0,0,0,0,0,0,,
12352,12973,NULL,青海职业技术大学,青海,西宁市,本科,,公办,3,普通应用/职业供给高校,本科高校，但未命中985、211、双一流、研究型、前列排名、硕博点等强信号,default_undergraduate,0,0,0,0,0,,879,,,0,0,0,0,0,0,0,,
12573,12852,NULL,青海警官职业学院,青海,西宁市,专科,,公办,3,普通应用/职业供给高校,专科/高职高校，当前库内未命中双高、国家示范/骨干等强信号,default_vocational,0,0,0,0,0,,,,,0,0,0,0,0,0,0,,
12866,14520,NULL,青海高等职业技术学院,青海,海东市,专科,,公办,3,普通应用/职业供给高校,专科/高职高校，当前库内未命中双高、国家示范/骨干等强信号,default_vocational,0,0,0,0,0,,,,,0,0,0,0,0,0,0,,
10760,10169,NULL,鞍山师范学院,辽宁,鞍山市,本科,,公办,2,区域重点/特色优势高校,硕士点/硕士专业学位点：4,master_points,0,0,0,0,0,478,611,,,4,0,0,0,0,0,0,,
11825,14700,NULL,鞍山职业技术学院,辽宁,鞍山市,专科,,公办,3,普通应用/职业供给高校,专科/高职高校，当前库内未命中双高、国家示范/骨干等强信号,default_vocational,0,0,0,0,0,,,,,0,0,0,0,0,0,0,,
10486,10578,NULL,韩山师范学院,广东,潮州市,本科,应用型,公办,2,区域重点/特色优势高校,硕士点/硕士专业学位点：3,master_points,0,0,0,0,0,472,630,,,3,0,0,0,0,0,0,,
10470,10576,NULL,韶关学院,广东,韶关市,本科,应用型,公办,2,区域重点/特色优势高校,硕士点/硕士专业学位点：2,master_points,0,0,0,0,0,425,614,,,2,0,0,0,0,0,0,,
11424,10831,NULL,顺德职业技术大学,广东,佛山市,本科,,公办,2,区域重点/特色优势高校,库内综合排名前500：372,ranking_top500,0,0,0,0,0,,372,,,0,0,0,0,0,0,0,,
10577,10029,NULL,首都体育学院,北京,海淀区,本科,,公办,2,区域重点/特色优势高校,软科排名前350：262；库内综合排名前500：386；博士点/博士专业学位点：1；硕士点/硕士专业学位点：8,ruanke_top350;ranking_top500;doctoral_points;master_points,0,0,0,0,0,262,386,,,8,1,0,0,0,0,0,,
10148,10025,NULL,首都医科大学,北京,丰台区,本科,区域特色研究型,公办,1,头部/强研究型高校,软科排名前100：37,ruanke_top100,0,0,0,0,0,37,137,,88,82,65,0,0,16,0,0,,
10112,10028,NULL,首都师范大学,北京,海淀区,本科,区域特色研究型,公办,1,头部/强研究型高校,双一流高校；软科排名前100：100,is_dual_class;ruanke_top100,0,0,1,1,0,100,165,,182,100,73,0,0,3,0,0,,
11091,13629,NULL,首都师范大学科德学院,北京,大兴区,本科,,民办,3,普通应用/职业供给高校,本科高校，但未命中985、211、双一流、研究型、前列排名、硕博点等强信号,default_undergraduate,0,0,0,0,0,,1232,,,0,0,0,0,0,0,0,,
10231,10038,NULL,首都经济贸易大学,北京,丰台区,本科,特色研究型,公办,2,区域重点/特色优势高校,办学类型为特色研究型；软科排名前350：113；库内综合排名前500：124；博士点/博士专业学位点：27；硕士点/硕士专业学位点：36,school_type_t2;ruanke_top350;ranking_top500;doctoral_points;master_points,0,0,0,0,0,113,124,,233,36,27,0,0,0,0,0,,
11419,,NULL,首都经济贸易大学密云分校,北京,密云区,专科,,公办,3,普通应用/职业供给高校,专科/高职高校，当前库内未命中双高、国家示范/骨干等强信号,default_vocational,0,0,0,0,0,,,,,0,0,0,0,0,0,0,,
10897,11831,NULL,首钢工学院,北京,石景山区,本科,,公办,3,普通应用/职业供给高校,本科高校，但未命中985、211、双一流、研究型、前列排名、硕博点等强信号,default_undergraduate,0,0,0,0,0,,1215,,,0,0,0,0,0,0,0,,
70354,14803,NULL,香格里拉职业学院,云南,迪庆藏族自治州,专科,,公办,3,普通应用/职业供给高校,专科/高职高校，当前库内未命中双高、国家示范/骨干等强信号,default_vocational,0,0,0,0,0,,,,,0,0,0,0,0,0,0,,
70401,,NULL,香港专业进修学校,香港,中西区,专科,,民办,3,普通应用/职业供给高校,专科/高职高校，当前库内未命中双高、国家示范/骨干等强信号,default_vocational,0,0,0,0,0,,,,,0,0,0,0,0,0,0,,
10042,81002,NULL,香港中文大学,香港,香港,本科,研究型,公办,1,头部/强研究型高校,办学类型为研究型；库内综合排名前100：12,school_type_t1;ranking_top100,0,0,0,1,0,,12,,,76,8,0,0,0,0,0,,
10290,16407,NULL,香港中文大学(深圳),广东,深圳市,本科,,,1,头部/强研究型高校,软科排名前100：39；库内综合排名前100：15,ruanke_top100;ranking_top100,0,0,0,0,0,39,15,,,27,20,0,0,5,0,0,,
70403,,NULL,香港伍伦贡学院,香港,沙田区,本科,,民办,3,普通应用/职业供给高校,本科高校，但未命中985、211、双一流、研究型、前列排名、硕博点等强信号,default_undergraduate,0,0,0,0,0,,,,,0,0,0,0,0,0,0,,
10187,81006,NULL,香港城市大学,香港,香港,本科,应用型,公办,1,头部/强研究型高校,库内综合排名前100：29,ranking_top100,0,0,0,0,0,,29,,,32,2,0,0,0,0,0,,
70574,16602,NULL,香港城市大学(东莞),广东,东莞市,本科,,,1,头部/强研究型高校,库内综合排名前100：49,ranking_top100,0,0,0,0,0,,49,,,10,0,0,0,0,0,0,,
10028,,NULL,香港大学,香港,香港,本科,研究型,公办,1,头部/强研究型高校,办学类型为研究型,school_type_t1,0,0,0,0,0,,,,,69,6,0,0,0,0,0,,
10950,,NULL,香港岭南大学,香港,香港,本科,,公办,2,区域重点/特色优势高校,博士点/博士专业学位点：1；硕士点/硕士专业学位点：1,doctoral_points;master_points,0,0,0,0,0,,,,,1,1,0,0,0,0,0,,
70396,,NULL,香港恒生大学,香港,沙田区,本科,,民办,2,区域重点/特色优势高校,博士点/博士专业学位点：1；硕士点/硕士专业学位点：22,doctoral_points;master_points,0,0,0,0,0,,,,,22,1,0,0,0,0,0,,
10294,50246,NULL,香港教育大学,香港,香港,本科,应用型,公办,2,区域重点/特色优势高校,博士点/博士专业学位点：1；硕士点/硕士专业学位点：17,doctoral_points;master_points,0,0,0,0,0,,,,,17,1,0,0,0,0,0,,
10221,,NULL,香港树仁大学,香港,香港,本科,区域研究型,民办,2,区域重点/特色优势高校,办学类型为区域研究型；博士点/博士专业学位点：1；硕士点/硕士专业学位点：3,school_type_t2;doctoral_points;master_points,0,0,0,0,0,,,,,3,1,0,0,0,0,0,,
10233,,NULL,香港浸会大学,香港,香港,本科,应用型,公办,2,区域重点/特色优势高校,博士点/博士专业学位点：1；硕士点/硕士专业学位点：1,doctoral_points;master_points,0,0,0,0,0,,,,,1,1,0,0,0,0,0,,
10222,,NULL,香港演艺学院,香港,香港,本科,应用型,公办,2,区域重点/特色优势高校,硕士点/硕士专业学位点：5,master_points,0,0,0,0,0,,,,,5,0,0,0,0,0,0,,
70358,81012,NULL,香港珠海学院,香港,屯门区,本科,,民办,2,区域重点/特色优势高校,硕士点/硕士专业学位点：12,master_points,0,0,0,0,0,,1057,,,12,0,0,0,0,0,0,,
10201,,NULL,香港理工大学,香港,香港,本科,特色研究型,公办,2,区域重点/特色优势高校,办学类型为特色研究型；博士点/博士专业学位点：7；硕士点/硕士专业学位点：42,school_type_t2;doctoral_points;master_points,0,0,0,0,0,,,,,42,7,0,0,0,0,0,,
10149,,NULL,香港科技大学,香港,香港,本科,应用型,公办,2,区域重点/特色优势高校,博士点/博士专业学位点：25；硕士点/硕士专业学位点：35,doctoral_points;master_points,0,0,0,0,0,,,,,35,25,0,0,0,0,0,,
70327,16412,NULL,香港科技大学(广州),广东,广州市,本科,,,1,头部/强研究型高校,库内综合排名前100：26,ranking_top100,0,0,0,0,0,,26,,,15,15,0,0,0,0,0,,
70402,,NULL,香港能仁专上学院,香港,深水埗区,本科,,民办,3,普通应用/职业供给高校,本科高校，但未命中985、211、双一流、研究型、前列排名、硕博点等强信号,default_undergraduate,0,0,0,0,0,,,,,0,0,0,0,0,0,0,,
10432,,NULL,香港都会大学,香港,香港,本科,区域研究型,公办,2,区域重点/特色优势高校,办学类型为区域研究型；博士点/博士专业学位点：2；硕士点/硕士专业学位点：1,school_type_t2;doctoral_points;master_points,0,0,0,0,0,,,,,1,2,0,0,0,0,0,,
70394,,NULL,香港高等教育科技学院,香港,南区,本科,,,3,普通应用/职业供给高校,本科高校，但未命中985、211、双一流、研究型、前列排名、硕博点等强信号,default_undergraduate,0,0,0,0,0,,,,,0,0,0,0,0,0,0,,
11184,13614,NULL,马鞍山学院,安徽,马鞍山市,本科,,民办,3,普通应用/职业供给高校,本科高校，但未命中985、211、双一流、研究型、前列排名、硕博点等强信号,default_undergraduate,0,0,0,0,0,,1244,,,0,0,0,0,0,0,0,,
12387,13760,NULL,马鞍山师范高等专科学校,安徽,马鞍山市,专科,,公办,3,普通应用/职业供给高校,专科/高职高校，当前库内未命中双高、国家示范/骨干等强信号,default_vocational,0,0,0,0,0,,,,,0,0,0,0,0,0,0,,
11699,14192,NULL,马鞍山职业技术学院,安徽,马鞍山市,专科,,公办,3,普通应用/职业供给高校,专科/高职高校，当前库内未命中双高、国家示范/骨干等强信号,default_vocational,0,0,0,0,0,,,,,0,0,0,0,0,0,0,,
70601,14861,NULL,驻马店农业工程职业学院,河南,驻马店市,专科,,公办,3,普通应用/职业供给高校,专科/高职高校，当前库内未命中双高、国家示范/骨干等强信号,default_vocational,0,0,0,0,0,,,,,0,0,0,0,0,0,0,,
12775,14598,NULL,驻马店幼儿师范高等专科学校,河南,驻马店市,专科,,公办,3,普通应用/职业供给高校,专科/高职高校，当前库内未命中双高、国家示范/骨干等强信号,default_vocational,0,0,0,0,0,,,,,0,0,0,0,0,0,0,,
12095,14251,NULL,驻马店职业技术学院,河南,驻马店市,专科,,公办,3,普通应用/职业供给高校,专科/高职高校，当前库内未命中双高、国家示范/骨干等强信号,default_vocational,0,0,0,0,0,,,,,0,0,0,0,0,0,0,,
10424,10451,NULL,鲁东大学,山东,烟台市,本科,应用型,公办,2,区域重点/特色优势高校,软科排名前350：240；库内综合排名前500：453；博士点/博士专业学位点：1；硕士点/硕士专业学位点：23,ruanke_top350;ranking_top500;doctoral_points;master_points,0,0,0,0,0,240,453,,335,23,1,0,0,0,0,0,,
10516,10178,NULL,鲁迅美术学院,辽宁,沈阳市,本科,,公办,2,区域重点/特色优势高校,硕士点/硕士专业学位点：4,master_points,0,0,0,0,0,,647,,,4,0,0,0,0,0,0,,
12699,14352,NULL,鹤壁汽车工程职业学院,河南,鹤壁市,专科,,民办,3,普通应用/职业供给高校,专科/高职高校，当前库内未命中双高、国家示范/骨干等强信号,default_vocational,0,0,0,0,0,,,,,0,0,0,0,0,0,0,,
11500,12793,NULL,鹤壁职业技术学院,河南,鹤壁市,专科,,公办,3,普通应用/职业供给高校,专科/高职高校，当前库内未命中双高、国家示范/骨干等强信号,default_vocational,0,0,0,0,0,,,,,0,0,0,0,0,0,0,,
12682,14529,NULL,鹤壁能源化工职业学院,河南,鹤壁市,专科,,公办,3,普通应用/职业供给高校,专科/高职高校，当前库内未命中双高、国家示范/骨干等强信号,default_vocational,0,0,0,0,0,,,,,0,0,0,0,0,0,0,,
11740,12905,NULL,鹤岗师范高等专科学校,黑龙江,鹤岗市,专科,,公办,3,普通应用/职业供给高校,专科/高职高校，当前库内未命中双高、国家示范/骨干等强信号,default_vocational,0,0,0,0,0,,,,,0,0,0,0,0,0,0,,
70632,14907,NULL,鹰潭卫生职业学院,江西,鹰潭市,专科,,民办,3,普通应用/职业供给高校,专科/高职高校，当前库内未命中双高、国家示范/骨干等强信号,default_vocational,0,0,0,0,0,,,,,0,0,0,0,0,0,0,,
12238,12937,NULL,鹰潭职业技术学院,江西,鹰潭市,专科,,公办,3,普通应用/职业供给高校,专科/高职高校，当前库内未命中双高、国家示范/骨干等强信号,default_vocational,0,0,0,0,0,,,,,0,0,0,0,0,0,0,,
10556,10514,NULL,黄冈师范学院,湖北,黄冈市,本科,,公办,2,区域重点/特色优势高校,硕士点/硕士专业学位点：3,master_points,0,0,0,0,0,357,595,,415,3,0,0,0,0,0,0,,
12531,13799,NULL,黄冈科技职业学院,湖北,黄冈市,专科,,民办,3,普通应用/职业供给高校,专科/高职高校，当前库内未命中双高、国家示范/骨干等强信号,default_vocational,0,0,0,0,0,,,,,0,0,0,0,0,0,0,,
11531,10955,NULL,黄冈职业技术大学,湖北,黄冈市,本科,,公办,3,普通应用/职业供给高校,本科高校，但未命中985、211、双一流、研究型、前列排名、硕博点等强信号,default_undergraduate,0,0,0,0,0,,,,,0,0,0,0,0,0,0,,
11841,14704,NULL,黄山健康职业学院,安徽,黄山市,专科,,民办,3,普通应用/职业供给高校,专科/高职高校，当前库内未命中双高、国家示范/骨干等强信号,default_vocational,0,0,0,0,0,,,,,0,0,0,0,0,0,0,,
10701,10375,NULL,黄山学院,安徽,黄山市,本科,,公办,3,普通应用/职业供给高校,本科高校，但未命中985、211、双一流、研究型、前列排名、硕博点等强信号,default_undergraduate,0,0,0,0,0,481,909,,,0,0,0,0,0,0,0,,
12675,14296,NULL,黄山职业技术学院,安徽,黄山市,专科,,公办,3,普通应用/职业供给高校,专科/高职高校，当前库内未命中双高、国家示范/骨干等强信号,default_vocational,0,0,0,0,0,,,,,0,0,0,0,0,0,0,,
11289,13498,NULL,黄河交通学院,河南,焦作市,本科,,民办,3,普通应用/职业供给高校,本科高校，但未命中985、211、双一流、研究型、前列排名、硕博点等强信号,default_undergraduate,0,0,0,0,0,,1119,,,0,0,0,0,0,0,0,,
11692,12058,NULL,黄河水利职业技术大学,河南,开封市,本科,,公办,3,普通应用/职业供给高校,本科高校，但未命中985、211、双一流、研究型、前列排名、硕博点等强信号,default_undergraduate,0,0,0,0,0,,787,,,0,0,0,0,0,0,0,,
11065,11834,NULL,黄河科技学院,河南,郑州市,本科,,民办,3,普通应用/职业供给高校,本科高校，但未命中985、211、双一流、研究型、前列排名、硕博点等强信号,default_undergraduate,0,0,0,0,0,,1007,,,0,0,0,0,0,0,0,,
10776,10918,NULL,黄淮学院,河南,驻马店市,本科,,公办,3,普通应用/职业供给高校,本科高校，但未命中985、211、双一流、研究型、前列排名、硕博点等强信号,default_undergraduate,0,0,0,0,0,434,824,,,0,0,0,0,0,0,0,,
11537,11317,NULL,黎明职业大学,福建,泉州市,本科,,公办,3,普通应用/职业供给高校,本科高校，但未命中985、211、双一流、研究型、前列排名、硕博点等强信号,default_undergraduate,0,0,0,0,0,,,,,0,0,0,0,0,0,0,,
10734,13744,NULL,黑河学院,黑龙江,黑河市,本科,,公办,3,普通应用/职业供给高校,本科高校，但未命中985、211、双一流、研究型、前列排名、硕博点等强信号,default_undergraduate,0,0,0,0,0,500,872,,,0,0,0,0,0,0,0,,
12190,13730,NULL,黑龙江三江美术职业学院,黑龙江,佳木斯市,专科,,民办,3,普通应用/职业供给高校,专科/高职高校，当前库内未命中双高、国家示范/骨干等强信号,default_vocational,0,0,0,0,0,,,,,0,0,0,0,0,0,0,,
11251,11446,NULL,黑龙江东方学院,黑龙江,哈尔滨市,本科,,民办,2,区域重点/特色优势高校,硕士点/硕士专业学位点：2,master_points,0,0,0,0,0,,1178,,,2,0,0,0,0,0,0,,
10276,10228,NULL,黑龙江中医药大学,黑龙江,哈尔滨市,本科,区域特色研究型,公办,2,区域重点/特色优势高校,办学类型为区域特色研究型；软科排名前350：211；库内综合排名前500：436；博士点/博士专业学位点：24；硕士点/硕士专业学位点：31,school_type_t2;ruanke_top350;ranking_top500;doctoral_points;master_points,0,0,0,1,0,211,436,,,31,24,0,0,0,0,0,,
12227,14053,NULL,黑龙江交通职业技术学院,黑龙江,哈尔滨市,专科,,公办,3,普通应用/职业供给高校,专科/高职高校，当前库内未命中双高、国家示范/骨干等强信号,default_vocational,0,0,0,0,0,,,,,0,0,0,0,0,0,0,,
10507,10223,NULL,黑龙江八一农垦大学,黑龙江,大庆市,本科,区域特色研究型,公办,2,区域重点/特色优势高校,办学类型为区域特色研究型；软科排名前350：301；博士点/博士专业学位点：4；硕士点/硕士专业学位点：17；院士数：1,school_type_t2;ruanke_top350;doctoral_points;master_points;academicians,0,0,0,0,0,301,711,,413,17,4,0,0,1,0,0,,
12722,13449,NULL,黑龙江公安警官职业学院,黑龙江,哈尔滨市,专科,,公办,3,普通应用/职业供给高校,专科/高职高校，当前库内未命中双高、国家示范/骨干等强信号,default_vocational,0,0,0,0,0,,,,,0,0,0,0,0,0,0,,
11760,12726,NULL,黑龙江农业工程职业技术大学,黑龙江,哈尔滨市,本科,,公办,3,普通应用/职业供给高校,本科高校，但未命中985、211、双一流、研究型、前列排名、硕博点等强信号,default_undergraduate,0,0,0,0,0,,,,,0,0,0,0,0,0,0,,
11645,12910,NULL,黑龙江农业经济职业学院,黑龙江,牡丹江市,专科,,公办,2,区域重点/特色优势高校,职业院校强信号文本：双高,vocational_feature,0,0,0,0,0,,,,,0,0,0,0,0,0,0,,
11976,12725,NULL,黑龙江农业职业技术学院,黑龙江,佳木斯市,专科,,公办,3,普通应用/职业供给高校,专科/高职高校，当前库内未命中双高、国家示范/骨干等强信号,default_vocational,0,0,0,0,0,,,,,0,0,0,0,0,0,0,,
11644,12727,NULL,黑龙江农垦职业学院,黑龙江,哈尔滨市,专科,,公办,3,普通应用/职业供给高校,专科/高职高校，当前库内未命中双高、国家示范/骨干等强信号,default_vocational,0,0,0,0,0,,,,,0,0,0,0,0,0,0,,
12846,14540,NULL,黑龙江冰雪体育职业学院,黑龙江,哈尔滨市,专科,,公办,3,普通应用/职业供给高校,专科/高职高校，当前库内未命中双高、国家示范/骨干等强信号,default_vocational,0,0,0,0,0,,,,,0,0,0,0,0,0,0,,
12214,12728,NULL,黑龙江司法警官职业学院,黑龙江,哈尔滨市,专科,,公办,3,普通应用/职业供给高校,专科/高职高校，当前库内未命中双高、国家示范/骨干等强信号,default_vocational,0,0,0,0,0,,,,,0,0,0,0,0,0,0,,
12208,13448,NULL,黑龙江商业职业学院,黑龙江,大庆市,专科,,公办,3,普通应用/职业供给高校,专科/高职高校，当前库内未命中双高、国家示范/骨干等强信号,default_vocational,0,0,0,0,0,,,,,0,0,0,0,0,0,0,,
10865,13296,NULL,黑龙江外国语学院,黑龙江,哈尔滨市,本科,,民办,3,普通应用/职业供给高校,本科高校，但未命中985、211、双一流、研究型、前列排名、硕博点等强信号,default_undergraduate,0,0,0,0,0,,1181,,,0,0,0,0,0,0,0,,
10168,10212,NULL,黑龙江大学,黑龙江,哈尔滨市,本科,区域研究型,公办,2,区域重点/特色优势高校,办学类型为区域研究型；软科排名前350：155；库内综合排名前500：302；博士点/博士专业学位点：49；硕士点/硕士专业学位点：98,school_type_t2;ruanke_top350;ranking_top500;doctoral_points;master_points,0,0,0,0,0,155,302,,188,98,49,0,0,0,0,0,,
10833,11445,NULL,黑龙江工业学院,黑龙江,鸡西市,本科,,公办,3,普通应用/职业供给高校,本科高校，但未命中985、211、双一流、研究型、前列排名、硕博点等强信号,default_undergraduate,0,0,0,0,0,500,867,,,0,0,0,0,0,0,0,,
11288,13300,NULL,黑龙江工商学院,黑龙江,哈尔滨市,本科,,民办,3,普通应用/职业供给高校,本科高校，但未命中985、211、双一流、研究型、前列排名、硕博点等强信号,default_undergraduate,0,0,0,0,0,,1202,,,0,0,0,0,0,0,0,,
10684,11802,NULL,黑龙江工程学院,黑龙江,哈尔滨市,本科,,公办,2,区域重点/特色优势高校,硕士点/硕士专业学位点：5；院士数：1,master_points;academicians,0,0,0,0,0,455,744,,,5,0,0,0,1,0,0,,
11282,13304,NULL,黑龙江工程学院昆仑旅游学院,黑龙江,哈尔滨市,本科,,民办,3,普通应用/职业供给高校,本科高校，但未命中985、211、双一流、研究型、前列排名、硕博点等强信号,default_undergraduate,0,0,0,0,0,,1200,,,0,0,0,0,0,0,0,,
11928,14095,NULL,黑龙江幼儿师范高等专科学校,黑龙江,牡丹江市,专科,,公办,3,普通应用/职业供给高校,专科/高职高校，当前库内未命中双高、国家示范/骨干等强信号,default_vocational,0,0,0,0,0,,,,,0,0,0,0,0,0,0,,
11997,14272,NULL,黑龙江护理高等专科学校,黑龙江,哈尔滨市,专科,,公办,3,普通应用/职业供给高校,专科/高职高校，当前库内未命中双高、国家示范/骨干等强信号,default_vocational,0,0,0,0,0,,,,,0,0,0,0,0,0,0,,
12106,13729,NULL,黑龙江旅游职业技术学院,黑龙江,哈尔滨市,专科,,公办,3,普通应用/职业供给高校,专科/高职高校，当前库内未命中双高、国家示范/骨干等强信号,default_vocational,0,0,0,0,0,,,,,0,0,0,0,0,0,0,,
12326,12724,NULL,黑龙江林业职业技术学院,黑龙江,牡丹江市,专科,,公办,3,普通应用/职业供给高校,专科/高职高校，当前库内未命中双高、国家示范/骨干等强信号,default_vocational,0,0,0,0,0,,,,,0,0,0,0,0,0,0,,
12203,13935,NULL,黑龙江民族职业学院,黑龙江,哈尔滨市,专科,,公办,3,普通应用/职业供给高校,专科/高职高校，当前库内未命中双高、国家示范/骨干等强信号,default_vocational,0,0,0,0,0,,,,,0,0,0,0,0,0,0,,
11956,13731,NULL,黑龙江生态工程职业学院,黑龙江,哈尔滨市,专科,,公办,3,普通应用/职业供给高校,专科/高职高校，当前库内未命中双高、国家示范/骨干等强信号,default_vocational,0,0,0,0,0,,,,,0,0,0,0,0,0,0,,
10480,10219,NULL,黑龙江科技大学,黑龙江,哈尔滨市,本科,应用型,公办,2,区域重点/特色优势高校,博士点/博士专业学位点：1；硕士点/硕士专业学位点：12,doctoral_points;master_points,0,0,0,0,0,394,518,,,12,1,0,0,0,0,0,,
11649,11449,NULL,黑龙江职业学院,黑龙江,哈尔滨市,专科,,公办,2,区域重点/特色优势高校,职业院校强信号文本：双高,vocational_feature,0,0,0,0,0,,,,,0,0,0,0,0,0,0,,
12058,13732,NULL,黑龙江能源职业学院,黑龙江,双鸭山市,专科,,公办,3,普通应用/职业供给高校,专科/高职高校，当前库内未命中双高、国家示范/骨干等强信号,default_vocational,0,0,0,0,0,,,,,0,0,0,0,0,0,0,,
12088,12490,NULL,黑龙江艺术职业学院,黑龙江,哈尔滨市,专科,,公办,3,普通应用/职业供给高校,专科/高职高校，当前库内未命中双高、国家示范/骨干等强信号,default_vocational,0,0,0,0,0,,,,,0,0,0,0,0,0,0,,
11100,13298,NULL,黑龙江财经学院,黑龙江,哈尔滨市,本科,,民办,3,普通应用/职业供给高校,本科高校，但未命中985、211、双一流、研究型、前列排名、硕博点等强信号,default_undergraduate,0,0,0,0,0,,1156,,,0,0,0,0,0,0,0,,
11854,12822,NULL,黔东南民族职业技术学院,贵州,黔东南苗族侗族自治州,专科,,公办,3,普通应用/职业供给高校,专科/高职高校，当前库内未命中双高、国家示范/骨干等强信号,default_vocational,0,0,0,0,0,,,,,0,0,0,0,0,0,0,,
70560,14850,NULL,黔东南理工职业学院,贵州,黔东南苗族侗族自治州,专科,,公办,3,普通应用/职业供给高校,专科/高职高校，当前库内未命中双高、国家示范/骨干等强信号,default_vocational,0,0,0,0,0,,,,,0,0,0,0,0,0,0,,
11716,11663,NULL,黔南民族医学高等专科学校,贵州,黔南布依族苗族自治州,专科,,公办,3,普通应用/职业供给高校,专科/高职高校，当前库内未命中双高、国家示范/骨干等强信号,default_vocational,0,0,0,0,0,,,,,0,0,0,0,0,0,0,,
10653,10670,NULL,黔南民族师范学院,贵州,黔南布依族苗族自治州,本科,,公办,2,区域重点/特色优势高校,硕士点/硕士专业学位点：1,master_points,0,0,0,0,0,372,639,,,1,0,0,0,0,0,0,,
12508,14497,NULL,黔南民族幼儿师范高等专科学校,贵州,黔南布依族苗族自治州,专科,,公办,3,普通应用/职业供给高校,专科/高职高校，当前库内未命中双高、国家示范/骨干等强信号,default_vocational,0,0,0,0,0,,,,,0,0,0,0,0,0,0,,
12371,12823,NULL,黔南民族职业技术学院,贵州,黔南布依族苗族自治州,专科,,公办,3,普通应用/职业供给高校,专科/高职高校，当前库内未命中双高、国家示范/骨干等强信号,default_vocational,0,0,0,0,0,,,,,0,0,0,0,0,0,0,,
11982,13817,NULL,黔西南民族职业技术学院,贵州,黔西南布依族苗族自治州,专科,,公办,3,普通应用/职业供给高校,专科/高职高校，当前库内未命中双高、国家示范/骨干等强信号,default_vocational,0,0,0,0,0,,,,,0,0,0,0,0,0,0,,
11333,10825,NULL,齐鲁医药学院,山东,淄博市,本科,,民办,3,普通应用/职业供给高校,本科高校，但未命中985、211、双一流、研究型、前列排名、硕博点等强信号,default_undergraduate,0,0,0,0,0,,928,,,0,0,0,0,0,0,0,,
10131,10431,NULL,齐鲁工业大学,山东,济南市,本科,区域特色研究型,公办,2,区域重点/特色优势高校,办学类型为区域特色研究型；软科排名前350：151；库内综合排名前500：320；博士点/博士专业学位点：5；硕士点/硕士专业学位点：18；院士数：1,school_type_t2;ruanke_top350;ranking_top500;doctoral_points;master_points;academicians,0,0,0,0,0,151,320,,139,18,5,0,0,1,0,0,,
10869,14276,NULL,齐鲁师范学院,山东,济南市,本科,,公办,3,普通应用/职业供给高校,本科高校，但未命中985、211、双一流、研究型、前列排名、硕博点等强信号,default_undergraduate,0,0,0,0,0,465,691,,,0,0,0,0,0,0,0,,
11108,13998,NULL,齐鲁理工学院,山东,济南市,本科,,民办,3,普通应用/职业供给高校,本科高校，但未命中985、211、双一流、研究型、前列排名、硕博点等强信号,default_undergraduate,0,0,0,0,0,,1134,,,0,0,0,0,0,0,0,,
10711,11230,NULL,齐齐哈尔医学院,黑龙江,齐齐哈尔市,本科,,公办,2,区域重点/特色优势高校,硕士点/硕士专业学位点：9,master_points,0,0,0,0,0,381,568,,,9,0,0,0,0,0,0,,
10455,10232,NULL,齐齐哈尔大学,黑龙江,齐齐哈尔市,本科,应用型,公办,2,区域重点/特色优势高校,硕士点/硕士专业学位点：35,master_points,0,0,0,0,0,381,673,,431,35,0,0,0,0,0,0,,
10959,12729,NULL,齐齐哈尔工程学院,黑龙江,齐齐哈尔市,本科,,民办,3,普通应用/职业供给高校,本科高校，但未命中985、211、双一流、研究型、前列排名、硕博点等强信号,default_undergraduate,0,0,0,0,0,,1218,,,0,0,0,0,0,0,0,,
12803,14400,NULL,齐齐哈尔理工职业学院,黑龙江,齐齐哈尔市,专科,,民办,3,普通应用/职业供给高校,专科/高职高校，当前库内未命中双高、国家示范/骨干等强信号,default_vocational,0,0,0,0,0,,,,,0,0,0,0,0,0,0,,
70643,14912,NULL,齐齐哈尔立德健康职业学院,黑龙江,齐齐哈尔市,专科,,民办,3,普通应用/职业供给高校,专科/高职高校，当前库内未命中双高、国家示范/骨干等强信号,default_vocational,0,0,0,0,0,,,,,0,0,0,0,0,0,0,,
11550,10238,NULL,齐齐哈尔高等师范专科学校,黑龙江,齐齐哈尔市,专科,,公办,3,普通应用/职业供给高校,专科/高职高校，当前库内未命中双高、国家示范/骨干等强信号,default_vocational,0,0,0,0,0,,,,,0,0,0,0,0,0,0,,
10761,11312,NULL,龙岩学院,福建,龙岩市,本科,,公办,2,区域重点/特色优势高校,硕士点/硕士专业学位点：3,master_points,0,0,0,0,0,398,742,,,3,0,0,0,0,0,0,,
