school_id	code	gb_code	name	province_name	city_name	level_name	school_type	type_name	school_nature_name	belong	f985	f211	dual_class_raw	is985	is211	is_dual_class	is_strong_base	is_central	is_admissions	vocational	doublehigh	ruanke_rank	qs_rank	us_rank	eol_rank	edu_rank	xyh_rank	qs_world	tws_china	ranking	com_score	num_master	num_doctor	num_master2	num_doctor2	num_academician	num_lab	num_subject	num_specialty	key_disciplines	research_projects	school_batch	categories	features
11603	13918	NULL	七台河职业学院	黑龙江	七台河市	专科		综合	公办	省政府	2	2	2	0	0	0	0	0	0													0	0	0	0	0	0	0	0	0	0		["综合"]	
11399	14612	NULL	三亚中瑞酒店管理职业学院	海南	三亚市	专科		综合	民办	省教育厅	2	2	2	0	0	0	0	0	0													0	0	0	0	0	0	0	0	0	0		["综合"]	["省属"]
12672	12717	NULL	三亚城市职业学院	海南	三亚市	专科		理工	民办	省教育厅	2	2	2	0	0	0	0	0	0													0	0	0	0	0	0	0	0	0	0		["理工"]	["现代学徒制试点学院"]
11369	13892	NULL	三亚学院	海南	三亚市	本科		综合	民办	省教育厅	2	2	2	0	0	0	0	0	0							1236				1236	0.00	10	0	0	0	1	0	0	0	0	0		["综合"]	["硕博点"]
70620	14893	NULL	三亚护理职业学院	海南	三亚市	专科		医药	民办	海南省教育厅	2	2	2	0	0	0	0	0	0													0	0	0	0	0	0	0	0	0	0		["医药"]	
12701	14236	NULL	三亚理工职业学院	海南	三亚市	专科		理工	民办	省教育厅	2	2	2	0	0	0	0	0	0													0	0	0	0	0	0	0	0	0	0		["理工"]	["现代学徒制试点学院"]
12380	13931	NULL	三亚航空旅游职业学院	海南	三亚市	专科		综合	民办	省教育厅	2	2	2	0	0	0	0	0	0													0	0	0	0	0	0	0	0	0	0		["综合"]	["现代学徒制试点学院"]
10296	11075	NULL	三峡大学	湖北	宜昌市	本科	区域特色研究型	综合	公办	省政府	2	2	2	0	0	0	0	0	0			174		241		230	113			230	0.00	32	4	0	0	1	0	0	0	0	0		["综合"]	["研究生院", "保研", "省重点", "省属", "省部共建", "硕博点"]
11252	13236	NULL	三峡大学科技学院	湖北	宜昌市	本科		综合	民办	省教育厅	2	2	2	0	0	0	0	0	0							954				954	0.00	0	0	0	0	0	0	0	0	0	0		["综合"]	
12146	14258	NULL	三峡旅游职业技术学院	湖北	宜昌市	专科		综合	公办	省政府	2	2	2	0	0	0	0	0	0													0	0	0	0	0	0	0	0	0	0		["综合"]	
12626	14061	NULL	三峡电力职业学院	湖北	宜昌市	专科		理工	公办	省政府	2	2	2	0	0	0	0	0	0													0	0	0	0	0	0	0	0	0	0		["理工"]	["现代学徒制试点学院"]
12280	13976	NULL	三明医学科技职业学院	福建	三明市	专科		综合	公办	省政府	2	2	2	0	0	0	0	0	0													0	0	0	0	0	0	0	0	0	0		["综合"]	["现代学徒制试点学院"]
10767	11311	NULL	三明学院	福建	三明市	本科		综合	公办	省政府	2	2	2	0	0	0	0	0	0			381				694	356			694	0.00	3	0	0	0	0	0	0	0	0	0		["综合"]	["省属"]
11371	11122	NULL	三江学院	江苏	南京市	本科		综合	民办	省教育厅	2	2	2	0	0	0	0	0	0							1188				1188	0.00	0	0	0	0	0	0	0	0	0	0		["综合"]	["省属"]
11415	14606	NULL	三门峡社会管理职业学院	河南	三门峡市	专科		综合	公办	省政府	2	2	2	0	0	0	0	0	0													0	0	0	0	0	0	0	0	0	0		["综合"]	
11546	10842	NULL	三门峡职业技术学院	河南	三门峡市	专科		理工	公办	省政府	2	2	2	0	0	0	0	0	0													0	0	0	0	0	0	0	0	0	0		["理工"]	["现代学徒制试点学院"]
12398	10851	NULL	上海东海职业技术学院	上海	闵行区	专科		综合	民办	市教委	2	2	2	0	0	0	0	0	0													0	0	0	0	0	0	0	0	0	0		["综合"]	["现代学徒制试点学院"]
11227	12915	NULL	上海中侨职业技术大学	上海	金山区	本科		综合	民办	市教委	2	2	2	0	0	0	0	0	0							1242				1242	0.00	0	0	0	0	0	0	0	0	0	0		["综合"]	["现代学徒制试点学院"]
10164	10268	NULL	上海中医药大学	上海	浦东新区	本科	特色研究型	医药	公办	市政府	2	2	1	0	0	1	1	0	1			69		214		154	101			154	0.00	26	14	0	0	0	0	0	0	0	0		["医药"]	["双一流", "101计划", "研究生院", "保研", "国重点", "省重点", "省属", "省部共建"]
12728	13907	NULL	上海中华职业技术学院	上海	奉贤区	专科		理工	民办	市教委	2	2	2	0	0	0	0	0	0													0	0	0	0	0	0	0	0	0	0		["理工"]	
10011	10248	NULL	上海交通大学	上海	闵行区	本科	研究型	综合	公办	教育部	1	1	1	1	1	1	1	0	1			4	4	4		3	5			3	0.00	72	78	0	0	71	0	0	0	0	0		["综合"]	["985", "211", "双一流", "101计划", "研究生院(部)", "保研", "国重点", "部委院校", "省部共建", "C9", "硕博点"]
10012	10248	NULL	上海交通大学医学院	上海	黄浦区	本科	中国研究型	医药	公办	教育部	1	1	1	1	1	1	1	0	1							3						25	24	0	0	22	0	0	0	0	0		["医药"]	["985", "211", "双一流", "101计划", "研究生院", "保研", "国重点", "省部共建", "硕博点"]
12562	12497	NULL	上海交通职业技术学院	上海	宝山区	专科		理工	公办	市政府	2	2	2	0	0	0	0	0	0													0	0	0	0	0	0	0	0	0	0		["理工"]	["省属"]
10329	10277	NULL	上海体育大学	上海	杨浦区	本科	特色研究型	体育	公办	市政府	2	2	1	0	0	1	0	0	0			131		346		257	204			257	0.00	19	11	0	0	0	0	0	0	0	0		["体育"]	["双一流", "研究生院", "保研", "省部共建", "硕博点"]
10871	10262	NULL	上海健康医学院	上海	浦东新区	本科		医药	公办	市政府	2	2	2	0	0	0	0	0	0			337		371		579	481			579	0.00	0	0	0	0	0	0	0	0	0	0		["医药"]	["省属", "国家级示范", "国家级骨干"]
10795	10283	NULL	上海公安学院	上海	浦东新区	本科		政法	公办	市政府	2	2	2	0	0	0	0	0	0			417				810	500			810	0.00	0	0	0	0	0	0	0	0	0	0		["政法"]	["省属", "国家级示范"]
10981	12914	NULL	上海兴伟学院	上海	浦东新区	本科		综合	民办	市教委	2	2	2	0	0	0	0	0	0							940				940	0.00	0	0	0	0	0	0	0	0	0	0		["综合"]	
12422	12912	NULL	上海农林职业技术学院	上海	松江区	专科		农林	公办	市政府	2	2	2	0	0	0	0	0	0													0	0	0	0	0	0	0	0	0	0		["农林"]	["现代学徒制试点学院"]
12035	11733	NULL	上海出版印刷高等专科学校	上海	杨浦区	专科		理工	公办	市政府	2	2	2	0	0	0	0	0	0													0	0	0	0	0	0	0	0	0	0			
70059	14745	NULL	上海南湖职业技术学院	上海	上海市	专科		综合	公办	市政府	2	2	2	0	0	0	0	0	0													0	0	0	0	0	0	0	0	0	0		["综合"]	
10562	12050	NULL	上海商学院	上海	奉贤区	本科		财经	公办	市政府	2	2	2	0	0	0	0	0	0			347				567	433			567	0.00	6	0	0	0	1	0	0	0	0	0		["财经"]	["硕博点"]
12315	12495	NULL	上海城建职业学院	上海	杨浦区	专科		理工	公办	市政府	2	2	2	0	0	0	0	0	0													0	0	0	0	0	0	0	0	0	0		["理工"]	["省属", "现代学徒制试点学院"]
10179	10271	NULL	上海外国语大学	上海	虹口区	本科	应用型	语言	公办	教育部	2	1	1	0	1	1	0	0	0			81	67			53	103			53	0.00	49	24	0	0	0	0	0	0	0	0		["语言"]	["211", "双一流", "研究生院", "保研", "国重点", "部委院校", "省部共建", "硕博点"]
10949	13636	NULL	上海外国语大学贤达经济人文学院	上海	虹口区	本科		财经	民办	市教委	2	2	2	0	0	0	0	0	0							1206				1206	0.00	0	0	0	0	0	0	0	0	0	0		["财经"]	
10095	10280	NULL	上海大学	上海	宝山区	本科	区域研究型	综合	公办	市政府	2	1	1	0	1	1	0	0	0			60	28	41		73	67			73	0.00	223	162	0	0	6	0	0	0	0	0		["综合"]	["211", "双一流", "研究生院", "保研", "国重点", "省重点", "省属", "省部共建", "硕博点"]
70090		NULL	上海大学·上海温哥华电影学院	上海	上海市	本科		艺术		市政府	2	2	2	0	0	0	0	0	0							491						0	0	0	0	0	0	0	0	0	0		["艺术"]	
10443	10273	NULL	上海对外经贸大学	上海	松江区	本科	应用型	财经	公办	市政府	2	2	2	0	0	0	0	0	0			143				180	363			180	0.00	40	9	0	0	0	0	0	0	0	0		["财经"]	["研究生院", "保研", "省属"]
12392	14023	NULL	上海工会管理职业学院	上海	奉贤区	专科		综合	公办	市政府	2	2	2	0	0	0	0	0	0													0	0	0	0	0	0	0	0	0	0		["综合"]	
12246	12800	NULL	上海工商外国语职业学院	上海	浦东新区	专科		语言	民办	市教委	2	2	2	0	0	0	0	0	0													0	0	0	0	0	0	0	0	0	0		["语言"]	
12332	10852	NULL	上海工商职业技术学院	上海	嘉定区	专科		综合	民办	市教委	2	2	2	0	0	0	0	0	0													0	0	0	0	0	0	0	0	0	0		["综合"]	
10371	10856	NULL	上海工程技术大学	上海	松江区	本科	应用型	理工	公办	市政府	2	2	2	0	0	0	0	0	0			237		230		419	286			419	0.00	15	1	0	0	1	0	0	0	0	0		["理工"]	["研究生院", "保研", "硕博点"]
12418	12588	NULL	上海工艺美术职业学院	上海	嘉定区	专科		艺术	公办	市政府	2	2	2	0	0	0	0	0	0													0	0	0	0	0	0	0	0	0	0		["艺术"]	["双高计划", "高水平学校建设单位", "国家级示范", "现代学徒制试点学院"]
10173	10270	NULL	上海师范大学	上海	徐汇区	本科	区域特色研究型	综合	公办	市政府	2	2	2	0	0	0	0	0	0			123	70	136		219	134			219	0.00	104	49	0	0	1	0	0	0	0	0		["综合", "师范"]	["研究生院", "保研", "省重点", "省属", "硕博点"]
10986	13893	NULL	上海师范大学天华学院	上海	嘉定区	本科		师范	民办	市教委	2	2	2	0	0	0	0	0	0							1212				1212	0.00	0	0	0	0	0	0	0	0	0	0		["师范"]	
10491	10259	NULL	上海应用技术大学	上海	奉贤区	本科	应用型	理工	公办	市政府	2	2	2	0	0	0	0	0	0			242		265		450	341			450	0.00	24	1	0	0	0	0	0	0	0	0		["理工"]	["研究生院", "保研", "省重点", "硕博点"]
10990	12799	NULL	上海建桥学院	上海	浦东新区	本科		综合	民办	市教委	2	2	2	0	0	0	0	0	0							1157				1157	0.00	0	0	0	0	0	0	0	0	0	0		["综合"]	
70332	14781	NULL	上海建设管理职业技术学院	上海	青浦区	专科		理工	公办	市政府	2	2	2	0	0	0	0	0	0													0	0	0	0	0	0	0	0	0	0		["理工"]	
11559	12586	NULL	上海思博职业技术学院	上海	浦东新区	专科		综合	民办	市教委	2	2	2	0	0	0	0	0	0													0	0	0	0	0	0	0	0	0	0		["综合"]	
10430	10279	NULL	上海戏剧学院	上海	静安区	本科	特色研究型	艺术	公办	市政府	2	2	2	0	0	0	0	0	0							145	167			145	0.00	2	1	0	0	0	0	0	0	0	0		["艺术"]	["国重点", "硕博点"]
10471	11835	NULL	上海政法学院	上海	青浦区	本科	应用型	政法	公办	市政府	2	2	2	0	0	0	0	0	0			216				200	382			200	0.00	7	4	0	0	0	0	0	0	0	0		["政法"]	["硕博点"]
12015	10275	NULL	上海旅游高等专科学校	上海	奉贤区	专科		财经	公办	市政府	2	2	2	0	0	0	0	0	0													0	0	0	0	0	0	0	0	0	0			
10997	11833	NULL	上海杉达学院	上海	浦东新区	本科		综合	民办	市教委	2	2	2	0	0	0	0	0	0							1108				1108	0.00	3	0	0	0	0	0	0	0	0	0		["综合"]	["硕博点"]
12753	12585	NULL	上海欧华职业技术学院	上海	奉贤区	专科		综合	民办	市教委	2	2	2	0	0	0	0	0	0													0	0	0	0	0	0	0	0	0	0		["综合"]	
12619	14394	NULL	上海民航职业技术学院	上海	徐汇区	专科		理工	公办	交通运输部	2	2	2	0	0	0	0	0	0													0	0	0	0	0	0	0	0	0	0		["理工"]	["部委院校", "省部共建"]
12412	12584	NULL	上海民远职业技术学院	上海	浦东新区	专科		财经	民办	市教委	2	2	2	0	0	0	0	0	0													0	0	0	0	0	0	0	0	0	0		["财经"]	
12411	12798	NULL	上海济光职业技术学院	上海	宝山区	专科		理工	民办	市教委	2	2	2	0	0	0	0	0	0													0	0	0	0	0	0	0	0	0	0		["理工"]	["现代学徒制试点学院"]
70563	14895	NULL	上海浦东职业技术学院	上海	浦东新区	专科		综合	公办	上海市教育委员会	2	2	2	0	0	0	0	0	0													0	0	0	0	0	0	0	0	0	0		["综合"]	
10259	10254	NULL	上海海事大学	上海	浦东新区	本科	区域特色研究型	理工	公办	市政府	2	2	2	0	0	0	0	0	0			171		129		221	228			221	0.00	32	18	0	0	0	0	0	0	0	0		["理工"]	["研究生院", "保研", "省部共建", "硕博点"]
12643	12498	NULL	上海海事职业技术学院	上海	浦东新区	专科		理工	公办	市政府	2	2	2	0	0	0	0	0	0													0	0	0	0	0	0	0	0	0	0		["理工"]	
10824	10274	NULL	上海海关学院	上海	浦东新区	本科		财经	公办	海关总署	2	2	2	0	0	0	0	0	0			276				149	447			149	0.00	6	0	0	0	1	0	0	0	0	0		["财经"]	["部委院校", "硕博点"]
10272	10264	NULL	上海海洋大学	上海	浦东新区	本科	区域特色研究型	农林	公办	市政府	2	2	1	0	0	1	0	0	0			142		157		241	211			241	0.00	25	4	0	0	1	0	0	0	0	0		["农林"]	["双一流", "研究生院", "保研", "国重点", "省部共建", "硕博点"]
70331	14780	NULL	上海现代化工职业学院	上海	金山区	专科		综合	公办	市政府	2	2	2	0	0	0	0	0	0													0	0	0	0	0	0	0	0	0	0		["综合"]	
10109	10252	NULL	上海理工大学	上海	杨浦区	本科	区域特色研究型	理工	公办	市政府	2	2	2	0	0	0	0	0	0			106		98		131	84			131	0.00	32	16	0	0	4	0	0	0	0	0		["理工"]	["研究生院", "保研", "省重点", "省属", "省部共建", "硕博点"]
10450	10256	NULL	上海电力大学	上海	杨浦区	本科	应用型	理工	公办	市政府	2	2	2	0	0	0	0	0	0			188		248		198	363			198	0.00	9	1	0	0	0	0	0	0	0	0		["理工"]	["研究生院", "保研"]
12401	12499	NULL	上海电子信息职业技术学院	上海	奉贤区	专科		理工	公办	市政府	2	2	2	0	0	0	0	0	0													0	0	0	0	0	0	0	0	0	0		["理工"]	["双高计划", "国家级骨干"]
12765	13747	NULL	上海电影艺术职业学院	上海	浦东新区	专科		艺术	民办	市教委	2	2	2	0	0	0	0	0	0													0	0	0	0	0	0	0	0	0	0		["艺术"]	
10550	11458	NULL	上海电机学院	上海	浦东新区	本科		理工	公办	市政府	2	2	2	0	0	0	0	0	0			332		435		591	416			591	0.00	12	0	0	0	0	0	0	0	0	0		["理工"]	["硕博点"]
70329	14778	NULL	上海科创职业技术学院	上海	松江区	专科		综合	公办	市政府	2	2	2	0	0	0	0	0	0													0	0	0	0	0	0	0	0	0	0		["综合"]	
11913	12801	NULL	上海科学技术职业学院	上海	嘉定区	专科		理工	公办	市政府	2	2	2	0	0	0	0	0	0													0	0	0	0	0	0	0	0	0	0		["理工"]	
10262	14423	NULL	上海科技大学	上海	浦东新区	本科	应用型	理工	公办	市政府	2	2	1	0	0	1	0	0	0			47		46		18	18			18	0.00	9	6	0	0	0	0	0	0	0	0		["理工"]	["双一流", "保研", "国重点", "省部共建", "硕博点"]
10478	11047	NULL	上海立信会计金融学院	上海	松江区	本科	应用型	财经	公办	市政府	2	2	2	0	0	0	0	0	0			269		436		439	297			439	0.00	3	0	0	0	0	0	0	0	0	0		["财经"]	["省部共建", "硕博点"]
10913	12587	NULL	上海立达学院	上海	松江区	本科		综合	民办	市教委	2	2	2	0	0	0	0	0	0							1239				1239	0.00	0	0	0	0	0	0	0	0	0	0		["综合"]	
10542	12044	NULL	上海第二工业大学	上海	浦东新区	本科		理工	公办	市政府	2	2	2	0	0	0	0	0	0			327				533	455			533	0.00	13	0	0	0	1	0	0	0	0	0		["理工"]	["省属"]
10134	16404	NULL	上海纽约大学	上海	浦东新区	本科	应用型	综合		市教委	2	2	2	0	0	0	0	0	0			78		287		50	95			50	0.00	0	0	0	0	0	0	0	0	0	0		["综合"]	
12669	12493	NULL	上海行健职业学院	上海	静安区	专科		财经	公办	市政府	2	2	2	0	0	0	0	0	0													0	0	0	0	0	0	0	0	0	0		["财经"]	
10838	13632	NULL	上海视觉艺术学院	上海	松江区	本科		艺术	民办	市教委	2	2	2	0	0	0	0	0	0							997				997	0.00	0	0	0	0	0	0	0	0	0	0		["艺术"]	
10091	10272	NULL	上海财经大学	上海	杨浦区	本科	特色研究型	财经	公办	教育部	2	1	1	0	1	1	1	0	1			35	68	96		35	48			35	0.00	101	72	0	0	0	0	0	0	0	0		["财经"]	["211", "双一流", "101计划", "研究生院", "保研", "国重点", "部委院校", "省部共建", "硕博点"]
11354	14207	NULL	上海财经大学浙江学院	浙江	金华市	本科		财经	民办	省教育厅	2	2	2	0	0	0	0	0	0							851				851	0.00	0	0	0	0	0	0	0	0	0	0		["财经"]	
12044	12913	NULL	上海邦德职业技术学院	上海	宝山区	专科		综合	民办	市教委	2	2	2	0	0	0	0	0	0													0	0	0	0	0	0	0	0	0	0		["综合"]	["现代学徒制试点学院"]
70330	14779	NULL	上海闵行职业技术学院	上海	闵行区	专科		理工	公办	市政府	2	2	2	0	0	0	0	0	0													0	0	0	0	0	0	0	0	0	0		["理工"]	
11979	12583	NULL	上海震旦职业学院	上海	宝山区	专科		综合	民办	市教委	2	2	2	0	0	0	0	0	0													0	0	0	0	0	0	0	0	0	0		["综合"]	
10323	10278	NULL	上海音乐学院	上海	徐汇区	本科	特色研究型	艺术	公办	市政府	2	2	1	0	0	1	0	0	0							297	161			297	0.00	1	1	0	0	0	0	0	0	0	0		["艺术"]	["双一流", "保研", "国重点", "省部共建", "硕博点"]
70368	14808	NULL	上饶卫生健康职业学院	江西	上饶市	专科		医药	公办	省政府	2	2	2	0	0	0	0	0	0													0	0	0	0	0	0	0	0	0	0		["医药"]	
10779	10416	NULL	上饶师范学院	江西	上饶市	本科		师范	公办	省政府	2	2	2	0	0	0	0	0	0			457				806	382			806	0.00	3	0	0	0	1	0	0	0	0	0		["师范"]	
12826	15312	NULL	上饶幼儿师范高等专科学校	江西	上饶市	专科		师范	公办	省政府	2	2	2	0	0	0	0	0	0													0	0	0	0	0	0	0	0	0	0		["师范"]	
12391	13870	NULL	上饶职业技术学院	江西	上饶市	专科		理工	公办	省政府	2	2	2	0	0	0	0	0	0													0	0	0	0	0	0	0	0	0	0		["理工"]	
10175	10224	NULL	东北农业大学	黑龙江	哈尔滨市	本科	区域特色研究型	农林	公办	省政府	2	1	1	0	1	1	0	0	0			120		126		181	91			181	0.00	66	47	0	0	0	0	0	0	0	0		["农林"]	["211", "双一流", "研究生院", "保研", "国重点", "省重点", "省属", "省部共建", "硕博点"]
10043	10145	NULL	东北大学	辽宁	沈阳市	本科	研究型	理工	公办	教育部	1	1	1	1	1	1	1	0	1			38		58		40	28			40	0.00	98	31	0	0	10	0	0	0	0	0		["理工"]	["985", "211", "双一流", "研究生院(部)", "保研", "国重点", "部委院校", "省部共建", "硕博点"]
10044	19145	NULL	东北大学秦皇岛分校	河北	秦皇岛	本科	中国研究型	理工	公办	教育部	1	1	1	1	1	1	0	0	0							56				56	0.00	2	8	0	0	0	0	0	0	0	0		["理工"]	["985", "211", "双一流", "研究生院", "保研", "国重点", "部委院校", "省部共建", "硕博点"]
10100	10200	NULL	东北师范大学	吉林	长春市	本科	特色研究型	师范	公办	教育部	2	1	1	0	1	1	1	0	1			48		113		88	65			88	0.00	105	91	0	0	3	0	0	0	0	0		["师范"]	["211", "双一流", "101计划", "研究生院(部)", "保研", "国重点", "部委院校", "省部共建", "硕博点"]
10166	10225	NULL	东北林业大学	黑龙江	哈尔滨市	本科	特色研究型	农林	公办	教育部	2	1	1	0	1	1	0	0	0			115		148		136	90			136	0.00	32	12	0	0	5	0	0	0	0	0		["农林"]	["211", "双一流", "研究生院", "保研", "国重点", "省重点", "部委院校", "省部共建", "硕博点"]
10220	10188	NULL	东北电力大学	吉林	吉林市	本科	区域特色研究型	理工	公办	省政府	2	2	2	0	0	0	0	0	0			208		269		144	135			144	0.00	24	8	0	0	0	0	0	0	0	0		["理工"]	["研究生院", "保研", "省重点", "省属", "硕博点"]
10310	10220	NULL	东北石油大学	黑龙江	大庆市	本科	区域特色研究型	理工	公办	省政府	2	2	2	0	0	0	0	0	0			213		238		392	238			392	0.00	30	30	0	0	0	0	0	0	0	0		["理工"]	["保研", "国重点", "省重点", "省属", "省部共建", "硕博点"]
10160	10173	NULL	东北财经大学	辽宁	大连市	本科	特色研究型	财经	公办	省政府	2	2	2	0	0	0	1	0	1			81		170		119	89			119	0.00	56	46	0	0	0	0	0	0	0	0		["财经"]	["101计划", "研究生院", "保研", "省重点", "省属", "省部共建", "硕博点"]
10083	10255	NULL	东华大学	上海	长宁区	本科	特色研究型	综合	公办	教育部	2	1	1	0	1	1	0	0	0			72	47	63		71	83			71	0.00	45	34	0	0	7	0	0	0	0	0		["综合"]	["211", "双一流", "研究生院", "保研", "国重点", "部委院校", "省部共建", "硕博点"]
70393		NULL	东华学院	香港	油尖旺区	本科		综合	民办		2	2	2	0	0	0	0	0	0							751						0	0	0	0	0	0	0	0	0	0		["综合"]	
10407	10405	NULL	东华理工大学	江西	抚州市	本科	应用型	理工	公办	省政府	2	2	2	0	0	0	0	0	0			229		273		374	151			374	0.00	24	4	0	0	1	0	0	0	0	0		["理工", "综合"]	["研究生院", "保研", "省部共建", "硕博点"]
10029	10286	NULL	东南大学	江苏	南京市	本科	研究型	综合	公办	教育部	1	1	1	1	1	1	1	0	1			15	25	19		14	20			14	0.00	82	74	0	0	18	0	0	0	0	0		["综合"]	["985", "211", "双一流", "101计划", "研究生院(部)", "保研", "国重点", "部委院校", "省部共建", "E9", "硕博点"]
11111	12689	NULL	东南大学成贤学院	江苏	南京市	本科		综合	民办	省教育厅	2	2	2	0	0	0	0	0	0							897				897	0.00	0	0	0	0	0	0	0	0	0	0		["综合"]	
11211	13844	NULL	东莞城市学院	广东	东莞市	本科		理工	民办	省教育厅	2	2	2	0	0	0	0	0	0							1255				1255	0.00	0	0	0	0	0	0	0	0	0	0		["理工"]	
10268	11819	NULL	东莞理工学院	广东	东莞市	本科	应用型	理工	公办	省政府	2	2	2	0	0	0	0	0	0			247		202		228	132			228	0.00	8	0	0	0	6	0	0	0	0	0		["理工"]	["研究生院", "硕博点"]
11792	14263	NULL	东莞职业技术学院	广东	东莞市	专科		理工	公办	省政府	2	2	2	0	0	0	0	0	0													0	0	0	0	0	0	0	0	0	0			
12410	13007	NULL	东营科技职业学院	山东	东营市	专科		综合	公办	省教育厅	2	2	2	0	0	0	0	0	0													0	0	0	0	0	0	0	0	0	0		["综合"]	
11734	12440	NULL	东营职业学院	山东	东营市	专科		综合	公办	省政府	2	2	2	0	0	0	0	0	0													0	0	0	0	0	0	0	0	0	0		["综合"]	["双高计划", "高水平专业群建设单位", "国家级骨干", "现代学徒制试点学院"]
10293	10110	NULL	中北大学	山西	太原市	本科	区域特色研究型	综合	公办	省政府	2	2	2	0	0	0	0	0	0			144		202		322	172			322	0.00	28	10	0	0	6	0	0	0	0	0		["综合"]	["研究生院", "保研", "省重点", "省属", "省部共建", "硕博点"]
10710	11149	NULL	中华女子学院	北京	朝阳区	本科		综合	公办	全国妇联	2	2	2	0	0	0	0	0	0			299				389	433			389	0.00	4	0	0	0	0	0	0	0	0	0		["综合"]	["部委院校", "硕博点"]
10041	10533	NULL	中南大学	湖南	长沙市	本科	研究型	综合	公办	教育部	1	1	1	1	1	1	1	0	1			27	32	18		38	15			38	0.00	261	231	0	0	26	0	0	0	0	0		["综合"]	["985", "211", "双一流", "101计划", "研究生院(部)", "保研", "国重点", "部委院校", "省部共建", "硕博点"]
10271	10538	NULL	中南林业科技大学	湖南	长沙市	本科	区域特色研究型	农林	公办	省政府	2	2	2	0	0	0	0	0	0			219		226		456	144			456	0.00	30	7	0	0	1	0	0	0	0	0		["农林", "综合"]	["研究生院", "保研", "省重点", "省属", "省部共建"]
11152	12656	NULL	中南林业科技大学涉外学院	湖南	长沙市	本科		综合	民办	省教育厅	2	2	2	0	0	0	0	0	0							988				988	0.00	0	0	0	0	0	0	0	0	0	0		["综合"]	
10209	10524	NULL	中南民族大学	湖北	武汉市	本科	区域特色研究型	综合	公办	国民委	2	2	2	0	0	0	0	0	0			159		289		202	98			202	0.00	55	23	0	0	1	0	0	0	0	0		["综合", "民族"]	["研究生院", "保研", "部委院校", "省部共建", "硕博点"]
10085	10520	NULL	中南财经政法大学	湖北	武汉市	本科	特色研究型	财经	公办	教育部	2	1	1	0	1	1	0	0	0			57		111		64	49			64	0.00	122	68	0	0	0	0	0	0	0	0		["财经", "政法"]	["211", "双一流", "研究生院", "保研", "国重点", "部委院校", "省部共建", "五院四系", "硕博点"]
10476	10465	NULL	中原工学院	河南	郑州市	本科	应用型	理工	公办	省政府	2	2	2	0	0	0	0	0	0			320		360		671	302			671	0.00	34	0	0	0	1	0	0	0	0	0		["理工"]	["省属", "省部共建", "硕博点"]
11270	13502	NULL	中原科技学院	河南	郑州市	本科		理工	民办	省教育厅	2	2	2	0	0	0	0	0	0							852				852	0.00	0	0	0	0	0	0	0	0	0	0		["理工"]	
10375	10041	NULL	中国人民公安大学	北京	西城区	本科	特色研究型	政法	公办	公安部	2	2	1	0	0	1	0	0	0			139				64	126			64	0.00	17	13	0	0	0	0	0	0	0	0		["政法"]	["双一流", "研究生院", "保研", "国重点", "部委院校", "硕博点"]
10015	10002	NULL	中国人民大学	北京	海淀区	本科	研究型	综合	公办	教育部	1	1	1	1	1	1	1	0	1			17	37	55		6	11			6	0.00	202	180	0	0	0	0	0	0	0	0		["综合"]	["985", "211", "双一流", "101计划", "研究生院(部)", "保研", "国重点", "部委院校", "省部共建", "五院四系", "硕博点"]
10016	19002	NULL	中国人民大学(苏州校区)	江苏	苏州市	本科	中国研究型	综合	公办	教育部	1	1	1	1	1	1	1	0	1							29				29	0.00	2	1	0	0	0	0	0	0	0	0		["综合"]	["985", "211", "双一流", "101计划", "保研", "国重点", "部委院校", "省部共建"]
10933	91042	NULL	中国人民武装警察部队后勤学院	天津	东丽区	本科		军事	公办	人民武警	2	2	2	0	0	0	0	0	0							537						5	0	0	0	1	0	0	0	0	0		["军事"]	["硕博点"]
10923	90231	NULL	中国人民武装警察部队士官学校	浙江	杭州市	本科		军事	公办	武警部队	2	2	2	0	0	0	0	0	0							870						0	0	0	0	0	0	0	0	0	0		["军事"]	
10975	91038	NULL	中国人民武装警察部队指挥学院	天津	河东区	本科		军事	公办	人民武警	2	2	2	0	0	0	0	0	0							281						6	0	0	0	1	0	0	0	0	0		["军事"]	
10334	91001	NULL	中国人民解放军国防大学	北京	海淀区	本科	其他	军事	公办	国军委	2	2	2	0	0	0	0	0	0							28						22	5	0	0	0	0	0	0	0	0		["军事"]	["硕博点"]
10934	90025	NULL	中国人民解放军国防大学军事文化学院	北京	海淀区	本科		艺术	公办	中央军委政治工作部	2	2	2	0	0	0	0	0	0							777						9	1	0	0	0	0	0	0	0	0		["艺术", "军事"]	["部委院校", "硕博点"]
10922	90003	NULL	中国人民解放军国防大学联合作战学院	河北	石家庄	本科		军事	公办	总参谋部	2	2	2	0	0	0	0	0	0							352						11	4	0	0	0	0	0	0	0	0		["军事", "综合"]	["部委院校", "硕博点"]
10972	90061	NULL	中国人民解放军空军哈尔滨飞行学院	黑龙江	哈尔滨市	本科		军事	公办		2	2	2	0	0	0	0	0	0							361						0	0	0	0	0	0	0	0	0	0		["军事"]	
10928	90056	NULL	中国人民解放军空军工程大学航空机务士官学校	河南	信阳市	本科		军事	公办	人民解放军空军	2	2	2	0	0	0	0	0	0							193						0	0	0	0	0	0	0	0	0	0		["军事"]	
10926	91023	NULL	中国人民解放军空军指挥学院	北京	海淀区	本科		军事	公办	人民解放军空军	2	2	2	0	0	0	0	0	0							249						11	3	0	0	0	0	0	0	0	0		["军事"]	["国重点", "硕博点"]
10925	90064	NULL	中国人民解放军空军石家庄飞行学院	河北	石家庄	本科		军事	公办	人民解放军空军	2	2	2	0	0	0	0	0	0							416						0	0	0	0	0	0	0	0	0	0		["军事"]	
10973	90054	NULL	中国人民解放军空军空降兵学院	广西	桂林市	本科		军事	公办	人民解放军	2	2	2	0	0	0	0	0	0							380						0	0	0	0	0	0	0	0	0	0		["军事"]	
10917	90060	NULL	中国人民解放军空军西安飞行学院	陕西	西安市	本科		军事	公办	人民解放军空军	2	2	2	0	0	0	0	0	0							218						0	0	0	0	0	0	0	0	0	0		["军事"]	
10918	91003	NULL	中国人民解放军陆军指挥学院	江苏	南京市	本科		军事	公办	中央军委联合参谋部	2	2	2	0	0	0	0	0	0							492						8	5	0	0	0	0	0	0	0	0		["军事"]	["硕博点"]
10976	91008	NULL	中国人民解放军陆军航空兵学院	北京	通州区	本科		军事	公办	人民解放军总参谋部	2	2	2	0	0	0	0	0	0							534						2	0	0	0	0	0	0	0	0	0		["军事"]	["硕博点"]
10403	11105	NULL	中国人民警察大学	河北	廊坊市	本科	区域研究型	政法	公办	公安部	2	2	2	0	0	0	0	0	0			266				275	258			275	0.00	7	0	0	0	0	0	0	0	0	0		["政法"]	["部委院校", "硕博点"]
10094	10033	NULL	中国传媒大学	北京	朝阳区	本科		语言	公办	教育部	2	1	1	0	1	1	0	0	0			82		405		55	70			55	0.00	48	33	0	0	2	0	0	0	0	0		["语言"]	["211", "双一流", "研究生院", "保研", "国重点", "部委院校", "省部共建", "硕博点"]
10052	10019	NULL	中国农业大学	北京	海淀区	本科	特色研究型	农林	公办	教育部	1	1	1	1	1	1	1	0	1			24	34	28		49	29			49	0.00	76	114	0	0	15	0	0	0	0	0		["农林"]	["985", "211", "双一流", "101计划", "研究生院(部)", "保研", "国重点", "部委院校", "省部共建", "硕博点"]
10394	10175	NULL	中国刑事警察学院	辽宁	沈阳市	本科	特色研究型	政法	公办	公安部	2	2	2	0	0	0	0	0	0			222				285	196			285	0.00	5	0	0	0	0	0	0	0	0	0		["政法"]	["研究生院", "部委院校", "硕博点"]
10703	12453	NULL	中国劳动关系学院	北京	海淀区	本科		政法	公办	全国总工会	2	2	2	0	0	0	0	0	0			287				309	328			309	0.00	10	0	0	0	0	0	0	0	0	0		["政法"]	["部委院校", "硕博点"]
10207	10159	NULL	中国医科大学	辽宁	沈阳市	本科	区域特色研究型	医药	公办	省政府	2	2	2	0	0	0	0	0	0			62		149		100	94			100	0.00	75	59	0	0	2	0	0	0	0	0		["医药"]	["研究生院", "保研", "省重点", "省属", "省部共建", "硕博点"]
10183	11415	NULL	中国地质大学(北京)	北京	海淀区	本科		理工	公办	教育部	2	1	1	0	1	1	0	0	0			75				99	99			99	0.00	35	18	0	0	13	0	0	0	0	0		["理工"]	["211", "双一流", "研究生院(部)", "保研", "国重点", "部委院校", "省部共建", "硕博点"]
10102	10491	NULL	中国地质大学(武汉)	湖北	武汉市	本科	特色研究型	理工	公办	教育部	2	1	1	0	1	1	0	0	0			56	52	32		92	73			92	0.00	57	50	0	0	14	0	0	0	0	0		["理工"]	["211", "双一流", "研究生院(部)", "保研", "国重点", "部委院校", "省部共建", "硕博点"]
10549	10049	NULL	中国戏曲学院	北京	丰台区	本科		艺术	公办	市政府	2	2	2	0	0	0	0	0	0							290	172			290	0.00	6	0	0	0	0	0	0	0	0	0		["艺术"]	["省部共建", "硕博点"]
10088	10053	NULL	中国政法大学	北京	昌平区	本科	特色研究型	政法	公办	教育部	2	1	1	0	1	1	0	0	0			56	66			28	51			28	0.00	85	44	0	0	0	0	0	0	0	0		["政法"]	["211", "双一流", "研究生院", "保研", "国重点", "部委院校", "省部共建", "五院四系", "硕博点"]
10620	10624	NULL	中国民用航空飞行学院	四川	德阳市	本科		理工	公办	交通运输部	2	2	2	0	0	0	0	0	0			365				267	382			267	0.00	20	0	0	0	0	0	0	0	0	0		["理工"]	["研究生院", "部委院校", "省部共建", "硕博点"]
10349	10059	NULL	中国民航大学	天津	东丽区	本科	应用型	理工	公办	交通运输部	2	2	2	0	0	0	0	0	0			226		354		125	382			125	0.00	18	2	0	0	0	0	0	0	0	0		["理工"]	["研究生院", "保研", "部委院校", "省部共建", "硕博点"]
10061	10423	NULL	中国海洋大学	山东	青岛市	本科	特色研究型	综合	公办	教育部	1	1	1	1	1	1	1	0	1			51	49	63		54	52			54	0.00	106	77	0	0	10	0	0	0	0	0		["综合"]	["985", "211", "双一流", "101计划", "研究生院", "保研", "国重点", "部委院校", "省部共建", "硕博点"]
10609	10039	NULL	中国消防救援学院	北京	昌平区	本科		军事	公办	应管部	2	2	2	0	0	0	0	0	0							467	500					0	0	0	0	0	0	0	0	0	0		["军事"]	["部委院校"]
10106	11414	NULL	中国石油大学(北京)	北京	昌平区	本科	特色研究型	理工	公办	教育部	2	1	1	0	1	1	0	0	0			62	42			72	66			72	0.00	29	30	0	0	5	0	0	0	0	0		["理工"]	["211", "双一流", "研究生院(部)", "保研", "国重点", "部委院校", "省部共建", "硕博点"]
10107	19414	NULL	中国石油大学(北京)克拉玛依校区	新疆	克拉玛依市	本科	应用型	理工	公办	教育部	2	1	1	0	1	1	0	0	0							174				174	0.00	27	2	0	0	1	0	0	0	0	0		["理工"]	["211", "双一流", "保研", "国重点", "部委院校", "省部共建", "硕博点"]
10115	10425	NULL	中国石油大学(华东)	山东	青岛市	本科	特色研究型	理工	公办	教育部	2	1	1	0	1	1	0	0	0			73		71		86	81			86	0.00	39	30	0	0	21	0	0	0	0	0		["理工"]	["211", "双一流", "研究生院(部)", "保研", "国重点", "部委院校", "省部共建", "硕博点"]
10113	10290	NULL	中国矿业大学	江苏	徐州市	本科		综合	公办	教育部	2	1	1	0	1	1	0	0	0			67	39	84		105	68			105	0.00	54	47	0	0	18	0	0	0	0	0		["综合"]	["211", "双一流", "研究生院(部)", "保研", "国重点", "部委院校", "省部共建", "硕博点"]
10203	11413	NULL	中国矿业大学(北京)	北京	海淀区	本科	特色研究型	理工	公办	教育部	2	1	1	0	1	1	0	0	0			76				101	96			101	0.00	136	92	0	0	10	0	0	0	0	0		["理工"]	["211", "双一流", "研究生院(部)", "保研", "国重点", "部委院校", "省部共建", "硕博点"]
11029	13579	NULL	中国矿业大学徐海学院	江苏	徐州市	本科		理工	民办	省教育厅	2	2	2	0	0	0	0	0	0							1082				1082	0.00	0	0	0	0	0	0	0	0	0	0		["理工"]	
10034	14596	NULL	中国社会科学院大学	北京	房山区	本科	研究型	综合	公办	社科院	2	2	2	0	0	0	0	0	0							45	8			45	0.00	158	156	0	0	0	0	0	0	0	0		["综合"]	["保研", "部委院校", "硕博点"]
10014	10358	NULL	中国科学技术大学	安徽	合肥市	本科	研究型	综合	公办	中科院	1	1	1	1	1	1	1	0	1			7	7	7		5	8			5	0.00	36	47	0	0	92	0	0	0	0	0		["综合"]	["985", "211", "双一流", "101计划", "研究生院(部)", "保研", "国重点", "部委院校", "省部共建", "C9", "硕博点"]
10020	14430	NULL	中国科学院大学	北京	怀柔区	本科	研究型	综合	公办	中科院	2	2	1	0	0	1	1	0	1				22	5		5	3			5	0.00	234	210	0	0	404	0	0	0	0	0		["综合"]	["双一流", "101计划", "保研", "国重点", "部委院校", "硕博点"]
10331	10355	NULL	中国美术学院	浙江	杭州市	本科		艺术	公办	省政府	2	2	1	0	0	1	0	0	0							189	167			189	0.00	6	5	0	0	0	0	0	0	0	0		["艺术"]	["双一流", "保研", "国重点", "省重点", "省部共建", "八大美院", "硕博点"]
10188	10316	NULL	中国药科大学	江苏	南京市	本科	特色研究型	医药	公办	教育部	2	1	1	0	1	1	1	0	1			88		118		77	99			77	0.00	27	20	0	0	4	0	0	0	0	0		["医药"]	["211", "双一流", "101计划", "研究生院", "保研", "国重点", "部委院校", "省部共建", "硕博点"]
10313	10356	NULL	中国计量大学	浙江	杭州市	本科	区域特色研究型	理工	公办	省政府	2	2	2	0	0	0	0	0	0			151		267		183	204			183	0.00	15	2	0	0	0	0	0	0	0	0		["理工"]	["研究生院", "省重点", "省属", "省部共建", "硕博点"]
11058	13292	NULL	中国计量大学现代科技学院	浙江	金华市	本科		理工	民办	省教育厅	2	2	2	0	0	0	0	0	0							961				961	0.00	0	0	0	0	0	0	0	0	0	0		["理工"]	
10543	11625	NULL	中国青年政治学院	北京	海淀区	本科		政法	公办	共青团	2	2	2	0	0	0	0	0	0							206	279					10	1	0	0	1	0	0	0	0	0		["政法"]	["研究生院", "部委院校", "省部共建", "硕博点"]
10316	10046	NULL	中国音乐学院	北京	朝阳区	本科	特色研究型	艺术	公办	市政府	2	2	1	0	0	1	0	0	0							367	108			367	0.00	1	1	0	0	0	0	0	0	0	0		["艺术"]	["双一流", "研究生院", "保研", "国重点", "省部共建", "硕博点"]
10782	11903	NULL	中央司法警官学院	河北	保定市	本科		政法	公办	司法部	2	2	2	0	0	0	0	0	0			337				438	341			438	0.00	1	0	0	0	0	0	0	0	0	0		["政法"]	["部委院校"]
10401	10048	NULL	中央戏剧学院	北京	东城区	本科	特色研究型	艺术	公办	教育部	2	2	1	0	0	1	0	0	0							117	98			117	0.00	1	1	0	0	0	0	0	0	0	0		["艺术"]	["双一流", "保研", "国重点", "部委院校", "省部共建", "硕博点"]
10126	10052	NULL	中央民族大学	北京	海淀区	本科	特色研究型	民族	公办	国民委	1	1	1	1	1	1	1	0	1			79		271		51	68			51	0.00	43	30	0	0	0	0	0	0	0	0		["民族"]	["985", "211", "双一流", "研究生院", "保研", "国重点", "部委院校", "省部共建", "硕博点"]
10288	10047	NULL	中央美术学院	北京	朝阳区	本科	特色研究型	艺术	公办	教育部	2	2	1	0	0	1	0	0	0							108	117			108	0.00	3	2	0	0	0	0	0	0	0	0		["艺术"]	["双一流", "研究生院", "保研", "国重点", "部委院校", "省部共建", "八大美院", "硕博点"]
10157	10034	NULL	中央财经大学	北京	海淀区	本科	特色研究型	财经	公办	教育部	2	1	1	0	1	1	1	0	1			42		157		36	88			36	0.00	52	36	0	0	1	0	0	0	0	0		["财经"]	["211", "双一流", "101计划", "研究生院", "保研", "国重点", "部委院校", "省部共建", "硕博点"]
10302	10045	NULL	中央音乐学院	北京	西城区	本科	特色研究型	艺术	公办	教育部	2	1	1	0	1	1	0	0	0							71	97					1	1	0	0	1	0	0	0	0	0		["艺术"]	["211", "双一流", "保研", "国重点", "部委院校", "省部共建", "硕博点"]
10024	10558	NULL	中山大学	广东	广州市	本科	研究型	综合	公办	教育部	1	1	1	1	1	1	1	0	1			13	14	8		24	14			24	0.00	136	125	0	0	0	0	0	0	0	0		["综合"]	["985", "211", "双一流", "101计划", "研究生院(部)", "保研", "国重点", "部委院校", "省部共建", "硕博点"]
11536	13710	NULL	中山火炬职业技术学院	广东	中山市	专科		理工	公办	省政府	2	2	2	0	0	0	0	0	0													0	0	0	0	0	0	0	0	0	0			
11590	14066	NULL	中山职业技术学院	广东	中山市	专科		综合	公办	省政府	2	2	2	0	0	0	0	0	0													0	0	0	0	0	0	0	0	0	0			
70395		NULL	中西创新学院	澳门	澳门	本科			民办		2	2	2	0	0	0	0	0	0							800						0	8	0	0	0	0	0	0	0	0			
12829	14552	NULL	临夏现代职业学院	甘肃	临夏回族自治州	专科		理工	公办	省政府	2	2	2	0	0	0	0	0	0													0	0	0	0	0	0	0	0	0	0		["理工"]	
12052	13171	NULL	临汾职业技术学院	山西	临汾市	专科		综合	公办	省政府	2	2	2	0	0	0	0	0	0													0	0	0	0	0	0	0	0	0	0		["综合"]	
70654	14927	NULL	临沂城市职业学院	山东	临沂市	专科		综合	民办	山东省教育厅	2	2	2	0	0	0	0	0	0													0	0	0	0	0	0	0	0	0	0		["综合"]	
10538	10452	NULL	临沂大学	山东	临沂市	本科		综合	公办	省政府	2	2	2	0	0	0	0	0	0			299		197		525	291			525	0.00	26	0	0	0	0	0	0	0	0	0		["综合"]	["省属", "硕博点"]
11849	14708	NULL	临沂科技职业学院	山东	临沂市	专科		综合	公办	省政府	2	2	2	0	0	0	0	0	0													0	0	0	0	0	0	0	0	0	0		["综合"]	
11459	14195	NULL	临沂职业学院	山东	临沂市	专科		理工	公办	省政府	2	2	2	0	0	0	0	0	0													0	0	0	0	0	0	0	0	0	0		["理工"]	["现代学徒制试点学院"]
70593	14874	NULL	临沧职业学院	云南	临沧市	专科		综合	公办	省政府	2	2	2	0	0	0	0	0	0													0	0	0	0	0	0	0	0	0	0		["综合"]	
10693	10352	NULL	丽水学院	浙江	丽水市	本科		综合	公办	省政府	2	2	2	0	0	0	0	0	0			365				610	341			610	0.00	11	0	0	0	1	0	0	0	0	0		["综合"]	["研究生院", "省属"]
11871	12878	NULL	丽水职业技术学院	浙江	丽水市	专科		综合	公办	省政府	2	2	2	0	0	0	0	0	0													0	0	0	0	0	0	0	0	0	0		["综合"]	
11630	14015	NULL	丽江师范学院	云南	丽江市	本科		师范	公办	省政府	2	2	2	0	0	0	0	0	0							626	500			626	0.00	0	0	0	0	0	0	0	0	0	0		["师范"]	["省属"]
10999	13328	NULL	丽江文化旅游学院	云南	丽江市	本科		综合	民办	省教育厅	2	2	2	0	0	0	0	0	0							1179				1179	0.00	0	0	0	0	0	0	0	0	0	0		["综合"]	
70353	14802	NULL	丽江职业技术学院	云南	丽江市	专科		综合	公办	省政府	2	2	2	0	0	0	0	0	0													0	0	0	0	0	0	0	0	0	0		["综合"]	
12112	13003	NULL	义乌工商职业技术学院	浙江	金华市	专科		综合	公办	省政府	2	2	2	0	0	0	0	0	0													0	0	0	0	0	0	0	0	0	0		["综合"]	["双高计划"]
12167	14219	NULL	乌兰察布医学高等专科学校	内蒙古	乌兰察布市	专科		医药	公办	自治区政府	2	2	2	0	0	0	0	0	0													0	0	0	0	0	0	0	0	0	0		["医药"]	
11813	13699	NULL	乌兰察布职业学院	内蒙古	乌兰察布市	专科		综合	公办	自治区政府	2	2	2	0	0	0	0	0	0													0	0	0	0	0	0	0	0	0	0			
11642	13915	NULL	乌海职业技术学院	内蒙古	乌海市	专科		理工	公办	自治区政府	2	2	2	0	0	0	0	0	0													0	0	0	0	0	0	0	0	0	0		["理工"]	["现代学徒制试点学院"]
11709	11565	NULL	乌鲁木齐职业大学	新疆	乌鲁木齐市	本科		综合	公办	自治区政府	2	2	2	0	0	0	0	0	0							970				970	0.00	0	0	0	0	0	0	0	0	0	0		["综合"]	["国家级骨干", "现代学徒制试点学院"]
70608	14876	NULL	乌鲁木齐职业技术学院	新疆	乌鲁木齐市	专科		综合	公办	自治区政府	2	2	2	0	0	0	0	0	0													0	0	0	0	0	0	0	0	0	0		["综合"]	
10700	10649	NULL	乐山师范学院	四川	乐山市	本科		师范	公办	省政府	2	2	2	0	0	0	0	0	0			426				645	356			645	0.00	3	0	0	0	0	0	0	0	0	0		["师范"]	["省属"]
11955	13048	NULL	乐山职业技术学院	四川	乐山市	专科		综合	公办	省政府	2	2	2	0	0	0	0	0	0													0	0	0	0	0	0	0	0	0	0			
12547	12054	NULL	九州职业技术学院	江苏	徐州市	专科		理工	民办	省教育厅	2	2	2	0	0	0	0	0	0													0	0	0	0	0	0	0	0	0	0		["理工"]	["省属"]
70634	14919	NULL	九江卫生健康职业学院	江西	九江市	专科		医药	公办	九江市人民政府	2	2	2	0	0	0	0	0	0													0	0	0	0	0	0	0	0	0	0		["医药"]	
10647	11843	NULL	九江学院	江西	九江市	本科		综合	公办	省政府	2	2	2	0	0	0	0	0	0			473				771	467			771	0.00	3	0	0	0	0	0	0	0	0	0		["综合"]	["硕博点"]
11829	14706	NULL	九江理工职业学院	江西	九江市	专科		综合	民办	省教育厅	2	2	2	0	0	0	0	0	0													0	0	0	0	0	0	0	0	0	0		["综合"]	
11757	14403	NULL	九江科技职业大学	江西	九江市	本科		理工	民办	省教育厅	2	2	2	0	0	0	0	0	0							971						0	0	0	0	1	0	0	0	0	0		["理工"]	
12149	11505	NULL	九江职业大学	江西	九江市	专科		综合	公办	省政府	2	2	2	0	0	0	0	0	0													0	0	0	0	0	0	0	0	0	0		["综合"]	
12386	14239	NULL	云南三鑫职业技术学院	云南	文山壮族苗族自治州	专科		综合	民办	省教育厅	2	2	2	0	0	0	0	0	0													0	0	0	0	0	0	0	0	0	0		["综合"]	
10592	10680	NULL	云南中医药大学	云南	昆明市	本科		医药	公办	省政府	2	2	2	0	0	0	0	0	0			285				418	382			418	0.00	12	3	0	0	1	0	0	0	0	0		["医药"]	["保研", "省重点", "省属", "省部共建", "硕博点"]
11567	12357	NULL	云南交通职业技术学院	云南	昆明市	专科		理工	公办	省政府	2	2	2	0	0	0	0	0	0													0	0	0	0	0	0	0	0	0	0		["理工"]	["省属", "双高计划", "国家级示范"]
12899	14621	NULL	云南交通运输职业学院	云南	昆明市	专科		理工	公办	省政府	2	2	2	0	0	0	0	0	0													0	0	0	0	0	0	0	0	0	0		["理工"]	
12172	12559	NULL	云南体育运动职业技术学院	云南	昆明市	专科		体育	公办	省政府	2	2	2	0	0	0	0	0	0													0	0	0	0	0	0	0	0	0	0		["体育"]	
10321	10676	NULL	云南农业大学	云南	昆明市	本科	区域特色研究型	农林	公办	省政府	2	2	2	0	0	0	0	0	0			290		346		527	297			527	0.00	40	21	0	0	1	0	0	0	0	0		["农林"]	["保研", "省重点", "省属", "省部共建", "硕博点"]
12473	12555	NULL	云南农业职业技术学院	云南	昆明市	专科		农林	公办	省政府	2	2	2	0	0	0	0	0	0													0	0	0	0	0	0	0	0	0	0		["农林"]	["现代学徒制试点学院"]
12788	14649	NULL	云南医药健康职业学院	云南	昆明市	专科		医药	民办	省教育厅	2	2	2	0	0	0	0	0	0													0	0	0	0	0	0	0	0	0	0		["医药"]	
12501	12556	NULL	云南司法警官职业学院	云南	昆明市	专科		政法	公办	省政府	2	2	2	0	0	0	0	0	0													0	0	0	0	0	0	0	0	0	0		["政法"]	
12730	14317	NULL	云南商务职业学院	云南	昆明市	专科		综合	民办	省教育厅	2	2	2	0	0	0	0	0	0													0	0	0	0	0	0	0	0	0	0		["综合"]	
12350	12349	NULL	云南国土资源职业学院	云南	昆明市	专科		理工	公办	省政府	2	2	2	0	0	0	0	0	0													0	0	0	0	0	0	0	0	0	0		["理工"]	["省重点", "现代学徒制试点学院"]
11985	13756	NULL	云南国防工业职业技术学院	云南	昆明市	专科		理工	公办	省政府	2	2	2	0	0	0	0	0	0													0	0	0	0	0	0	0	0	0	0		["理工"]	
12636	13759	NULL	云南城市建设职业学院	云南	昆明市	专科		理工	民办	省教育厅	2	2	2	0	0	0	0	0	0													0	0	0	0	0	0	0	0	0	0		["理工"]	["现代学徒制试点学院"]
12558	14415	NULL	云南外事外语职业学院	云南	昆明市	专科		综合	民办	省教育厅	2	2	2	0	0	0	0	0	0													0	0	0	0	0	0	0	0	0	0		["综合"]	
10093	10673	NULL	云南大学	云南	昆明市	本科	区域研究型	综合	公办	省政府	2	1	1	0	1	1	1	0	1			71		100		115	59			115	0.00	156	93	0	0	3	0	0	0	0	0		["综合"]	["211", "双一流", "101计划", "研究生院", "保研", "国重点", "省属", "省部共建", "硕博点"]
70594	14875	NULL	云南工业信息职业学院	云南	曲靖市	专科		其它	公办	省政府	2	2	2	0	0	0	0	0	0													0	0	0	0	0	0	0	0	0	0		["其它"]	
11222	13909	NULL	云南工商学院	云南	昆明市	本科		综合	民办	省教育厅	2	2	2	0	0	0	0	0	0							1088				1088	0.00	0	0	0	0	0	0	0	0	0	0		["综合"]	
12245	13761	NULL	云南工程职业学院	云南	昆明市	专科		理工	民办	省教育厅	2	2	2	0	0	0	0	0	0													0	0	0	0	0	0	0	0	0	0		["理工"]	
12900	14620	NULL	云南工贸职业技术学院	云南	昆明市	专科		综合	公办	省政府	2	2	2	0	0	0	0	0	0													0	0	0	0	0	0	0	0	0	0		["综合"]	["省属"]
10224	10681	NULL	云南师范大学	云南	昆明市	本科	区域特色研究型	师范	公办	省政府	2	2	2	0	0	0	0	0	0			198		321		359	183			359	0.00	118	32	0	0	0	0	0	0	0	0		["师范"]	["研究生院", "保研", "省重点", "省属", "省部共建", "硕博点"]
12064	12558	NULL	云南文化艺术职业学院	云南	昆明市	专科		艺术	公办	省政府	2	2	2	0	0	0	0	0	0													0	0	0	0	0	0	0	0	0	0		["艺术"]	["省属"]
12249	14032	NULL	云南新兴职业学院	云南	昆明市	专科		医药	民办	省教育厅	2	2	2	0	0	0	0	0	0													0	0	0	0	0	0	0	0	0	0		["医药"]	
12585	14381	NULL	云南旅游职业学院	云南	昆明市	专科		财经	公办	省政府	2	2	2	0	0	0	0	0	0													0	0	0	0	0	0	0	0	0	0		["财经"]	
12432	13757	NULL	云南机电职业技术学院	云南	昆明市	专科		理工	公办	省政府	2	2	2	0	0	0	0	0	0													0	0	0	0	0	0	0	0	0	0		["理工"]	["双高计划", "高水平专业群建设单位", "国家级骨干", "现代学徒制试点学院"]
12220	13758	NULL	云南林业职业技术学院	云南	昆明市	专科		农林	公办	省政府	2	2	2	0	0	0	0	0	0													0	0	0	0	0	0	0	0	0	0		["农林"]	
10242	10691	NULL	云南民族大学	云南	昆明市	本科	区域特色研究型	综合	公办	省政府	2	2	2	0	0	0	0	0	0			299		448		449	117			449	0.00	60	4	0	0	0	0	0	0	0	0		["综合", "民族"]	["研究生院", "保研", "省重点", "省属", "省部共建", "硕博点"]
12870	14584	NULL	云南水利水电职业学院	云南	昆明市	专科		理工	公办	省政府	2	2	2	0	0	0	0	0	0													0	0	0	0	0	0	0	0	0	0		["理工"]	
12898	14619	NULL	云南特殊教育职业学院	云南	昆明市	专科		综合	公办	省政府	2	2	2	0	0	0	0	0	0													0	0	0	0	0	0	0	0	0	0		["综合"]	["省属"]
11680	14373	NULL	云南现代职业技术学院	云南	楚雄彝族自治州	专科		理工	公办	省政府	2	2	2	0	0	0	0	0	0													0	0	0	0	0	0	0	0	0	0		["理工"]	
12089	14675	NULL	云南理工职业学院	云南	昆明市	专科		理工	民办	省教育厅	2	2	2	0	0	0	0	0	0													0	0	0	0	0	0	0	0	0	0		["理工"]	
12623	12825	NULL	云南科技信息职业学院	云南	昆明市	专科		理工	民办	省教育厅	2	2	2	0	0	0	0	0	0													0	0	0	0	0	0	0	0	0	0		["理工"]	
11315	12560	NULL	云南经济管理学院	云南	昆明市	本科		财经	民办	省教育厅	2	2	2	0	0	0	0	0	0							1070				1070	0.00	0	0	0	0	0	0	0	0	0	0		["财经"]	
12583	14212	NULL	云南经贸外事职业学院	云南	昆明市	专科		综合	民办	省教育厅	2	2	2	0	0	0	0	0	0													0	0	0	0	0	0	0	0	0	0		["综合"]	
11689	13136	NULL	云南能源职业技术学院	云南	曲靖市	专科		理工	公办	省政府	2	2	2	0	0	0	0	0	0													0	0	0	0	0	0	0	0	0	0		["理工"]	["双高计划", "现代学徒制试点学院"]
10578	10690	NULL	云南艺术学院	云南	昆明市	本科		艺术	公办	省政府	2	2	2	0	0	0	0	0	0							733	341			733	0.00	7	3	0	0	0	0	0	0	0	0		["艺术", "综合"]	["省属", "硕博点"]
10644	11392	NULL	云南警官学院	云南	昆明市	本科		政法	公办	省政府	2	2	2	0	0	0	0	0	0			388				315	382			315	0.00	3	0	0	0	0	0	0	0	0	0		["政法"]	["省属"]
10335	10689	NULL	云南财经大学	云南	昆明市	本科	应用型	财经	公办	省政府	2	2	2	0	0	0	0	0	0			281				448	281			448	0.00	56	18	0	0	0	0	0	0	0	0		["财经"]	["研究生院", "保研", "省重点", "省属", "硕博点"]
12834	14550	NULL	云南财经职业学院	云南	昆明市	专科		财经	公办	省政府	2	2	2	0	0	0	0	0	0													0	0	0	0	0	0	0	0	0	0		["财经"]	["省属"]
12774	14618	NULL	云南轻纺职业学院	云南	昆明市	专科		理工	公办	省政府	2	2	2	0	0	0	0	0	0													0	0	0	0	0	0	0	0	0	0		["理工"]	
12305	14130	NULL	云南锡业职业技术学院	云南	红河哈尼族彝族自治州	专科		综合	公办	省政府	2	2	2	0	0	0	0	0	0													0	0	0	0	0	0	0	0	0	0		["综合"]	["现代学徒制试点学院"]
10373	11349	NULL	五邑大学	广东	江门市	本科	应用型	综合	公办	省政府	2	2	2	0	0	0	0	0	0			311		285		375	328			375	0.00	7	0	0	0	0	0	0	0	0	0		["综合"]	["保研", "硕博点"]
10599	10419	NULL	井冈山大学	江西	吉安市	本科		综合	公办	省政府	2	2	2	0	0	0	0	0	0			351				596	302			596	0.00	14	0	0	0	0	0	0	0	0	0		["综合"]	["省属", "省部共建", "硕博点"]
10904	12926	NULL	亳州学院	安徽	亳州市	本科		综合	公办	省政府	2	2	2	0	0	0	0	0	0			500				965	493			965	0.00	0	0	0	0	0	0	0	0	0	0		["综合"]	["省属"]
12118	13343	NULL	亳州职业技术学院	安徽	亳州市	专科		理工	公办	省政府	2	2	2	0	0	0	0	0	0													0	0	0	0	0	0	0	0	0	0		["理工"]	["省属"]
11778	12740	NULL	仙桃职业学院	湖北	省直辖市	专科		理工	公办	省政府	2	2	2	0	0	0	0	0	0													0	0	0	0	0	0	0	0	0	0		["理工"]	["省属", "现代学徒制试点学院"]
11347	11784	NULL	仰恩大学	福建	泉州市	本科		综合	民办	省教育厅	2	2	2	0	0	0	0	0	0							1076				1076	0.00	0	0	0	0	0	0	0	0	0	0		["综合"]	
10481	11347	NULL	仲恺农业工程学院	广东	广州市	本科	应用型	综合	公办	省政府	2	2	2	0	0	0	0	0	0			353		186		455	399			455	0.00	14	0	0	0	0	0	0	0	0	0		["综合"]	["省属", "硕博点"]
11872	10872	NULL	伊春职业学院	黑龙江	伊春市	专科		综合	公办	省政府	2	2	2	0	0	0	0	0	0													0	0	0	0	0	0	0	0	0	0			
10612	10764	NULL	伊犁师范大学	新疆	伊犁哈萨克自治州	本科		师范	公办	自治区政府	2	2	2	0	0	0	0	0	0			500				864	328			864	0.00	18	0	0	0	1	0	0	0	0	0		["师范"]	["省属", "省部共建"]
12440	12975	NULL	伊犁职业技术学院	新疆	伊犁哈萨克自治州	专科		综合	公办	自治区政府	2	2	2	0	0	0	0	0	0													0	0	0	0	0	0	0	0	0	0		["综合"]	["现代学徒制试点学院"]
10419	11847	NULL	佛山大学	广东	佛山市	本科	应用型	理工	公办	省政府	2	2	2	0	0	0	0	0	0			237		122		243	276			243	0.00	10	2	0	0	0	0	0	0	0	0		["理工"]	["研究生院", "保研", "硕博点"]
12520	12327	NULL	佛山职业技术学院	广东	佛山市	专科		综合	公办	省政府	2	2	2	0	0	0	0	0	0													0	0	0	0	0	0	0	0	0	0		["综合"]	
10467	10222	NULL	佳木斯大学	黑龙江	佳木斯市	本科	应用型	综合	公办	省政府	2	2	2	0	0	0	0	0	0			387				679	240			679	0.00	85	9	0	0	0	0	0	0	0	0		["综合"]	["保研", "省重点", "硕博点"]
12563	14178	NULL	佳木斯职业学院	黑龙江	佳木斯市	专科		综合	公办	省政府	2	2	2	0	0	0	0	0	0													0	0	0	0	0	0	0	0	0	0		["综合"]	["现代学徒制试点学院"]
10770	10096	NULL	保定学院	河北	保定市	本科		综合	公办	省政府	2	2	2	0	0	0	0	0	0			500				563	433			563	0.00	0	0	0	0	0	0	0	0	0	0		["综合"]	
11577	14460	NULL	保定幼儿师范高等专科学校	河北	保定市	专科		师范	公办	省政府	2	2	2	0	0	0	0	0	0													0	0	0	0	0	0	0	0	0	0			
11122	13891	NULL	保定理工学院	河北	保定市	本科		理工	民办	省教育厅	2	2	2	0	0	0	0	0	0							1261				1261	0.00	0	0	0	0	0	0	0	0	0	0		["理工"]	
11664	13392	NULL	保定电力职业技术学院	河北	保定市	专科		理工	公办	省政府	2	2	2	0	0	0	0	0	0													0	0	0	0	0	0	0	0	0	0		["理工"]	
11774	12543	NULL	保定职业技术学院	河北	保定市	专科		综合	公办	省政府	2	2	2	0	0	0	0	0	0													0	0	0	0	0	0	0	0	0	0		["综合"]	
12319	14014	NULL	保山中医药高等专科学校	云南	保山市	专科		医药	公办	省政府	2	2	2	0	0	0	0	0	0													0	0	0	0	0	0	0	0	0	0		["医药"]	
10695	10686	NULL	保山学院	云南	保山市	本科		综合	公办	省政府	2	2	2	0	0	0	0	0	0			500				750	500			750	0.00	0	0	0	0	0	0	0	0	0	0		["综合"]	
70334	14783	NULL	保山职业学院	云南	保山市	专科		综合	公办	省政府	2	2	2	0	0	0	0	0	0													0	0	0	0	0	0	0	0	0	0		["综合"]	
12303	12596	NULL	保险职业学院	湖南	长沙市	专科		财经	公办	省政府	2	2	2	0	0	0	0	0	0													0	0	0	0	0	0	0	0	0	0		["财经"]	
70638	1490E	NULL	信息支援部队工程大学	湖北	武汉市	本科		军事	公办	中央军委训练管理部	2	2	2	0	0	0	0	0	0							482				482	0.00	7	0	0	0	0	0	0	0	0	0		["军事"]	
10826	11326	NULL	信阳农林学院	河南	信阳市	本科		农林	公办	省政府	2	2	2	0	0	0	0	0	0			500				839	467			839	0.00	0	0	0	0	0	0	0	0	0	0		["农林"]	
11281	13503	NULL	信阳学院	河南	信阳市	本科		综合	民办	省教育厅	2	2	2	0	0	0	0	0	0							890				890	0.00	0	0	0	0	0	0	0	0	0	0		["综合"]	
70603	14863	NULL	信阳工程职业学院	河南	信阳市	专科		理工	民办	省教育厅	2	2	2	0	0	0	0	0	0													0	0	0	0	0	0	0	0	0	0		["理工"]	
10477	10477	NULL	信阳师范大学	河南	信阳市	本科	应用型	师范	公办	省政府	2	2	2	0	0	0	0	0	0			337		277		659	276			659	0.00	20	0	0	0	0	0	0	0	0	0		["师范"]	["研究生院", "省重点", "硕博点"]
12733	14351	NULL	信阳涉外职业技术学院	河南	信阳市	专科		综合	民办	省教育厅	2	2	2	0	0	0	0	0	0													0	0	0	0	0	0	0	0	0	0		["综合"]	
70602	14862	NULL	信阳科技职业学院	河南	信阳市	专科		综合	民办	省教育厅	2	2	2	0	0	0	0	0	0													0	0	0	0	0	0	0	0	0	0		["综合"]	
11566	13784	NULL	信阳职业技术学院	河南	信阳市	专科		综合	公办	省政府	2	2	2	0	0	0	0	0	0													0	0	0	0	0	0	0	0	0	0		["综合"]	
12896	14634	NULL	信阳航空职业学院	河南	信阳市	专科		理工	民办	省教育厅	2	2	2	0	0	0	0	0	0													0	0	0	0	1	0	0	0	0	0		["理工"]	
70056	14752	NULL	信阳艺术职业学院	河南	信阳市	专科		艺术	公办	省政府	2	2	2	0	0	0	0	0	0													0	0	0	0	0	0	0	0	0	0		["艺术"]	
12335	14678	NULL	克孜勒苏职业技术学院	新疆	克孜勒苏柯尔克孜自治州	专科		理工	公办	自治区政府	2	2	2	0	0	0	0	0	0													0	0	0	0	0	0	0	0	0	0		["理工"]	
11948	12482	NULL	克拉玛依职业技术学院	新疆	克拉玛依市	专科		理工	公办	自治区政府	2	2	2	0	0	0	0	0	0													0	0	0	0	0	0	0	0	0	0		["理工"]	["双高计划", "国家级示范", "现代学徒制试点学院"]
70648	14917	NULL	六安应用科技职业学院	安徽	六安市	专科		理工	公办	安徽省教育厅	2	2	2	0	0	0	0	0	0													0	0	0	0	0	0	0	0	0	0		["理工"]	
11893	12813	NULL	六安职业技术学院	安徽	六安市	专科		理工	公办	省政府	2	2	2	0	0	0	0	0	0													0	0	0	0	0	0	0	0	0	0		["理工"]	
10694	10977	NULL	六盘水师范学院	贵州	六盘水市	本科		师范	公办	省政府	2	2	2	0	0	0	0	0	0			428				723	455			723	0.00	0	0	0	0	0	0	0	0	0	0		["师范"]	
12893	14630	NULL	六盘水幼儿师范高等专科学校	贵州	六盘水市	专科		师范	公办	省政府	2	2	2	0	0	0	0	0	0													0	0	0	0	0	0	0	0	0	0		["师范"]	
12234	13054	NULL	六盘水职业技术学院	贵州	六盘水市	专科		综合	公办	省政府	2	2	2	0	0	0	0	0	0													0	0	0	0	0	0	0	0	0	0		["综合"]	
10240	10732	NULL	兰州交通大学	甘肃	兰州市	本科	区域特色研究型	理工	公办	省政府	2	2	2	0	0	0	0	0	0			192		306		217	139			217	0.00	103	37	0	0	0	0	0	0	0	0		["理工"]	["研究生院", "保研", "省属", "省部共建", "硕博点"]
11150	13515	NULL	兰州信息科技学院	甘肃	兰州市	本科		理工	民办	省教育厅	2	2	2	0	0	0	0	0	0							1281				1281	0.00	0	0	0	0	0	0	0	0	0	0		["理工"]	
11143	13514	NULL	兰州博文科技学院	甘肃	兰州市	本科		理工	民办	省教育厅	2	2	2	0	0	0	0	0	0							1278				1278	0.00	0	0	0	0	0	0	0	0	0	0		["理工"]	
10742	10737	NULL	兰州城市学院	甘肃	兰州市	本科		综合	公办	省政府	2	2	2	0	0	0	0	0	0			489				844	416			844	0.00	13	0	0	0	0	0	0	0	0	0		["综合"]	["省属"]
12601	12832	NULL	兰州外语职业学院	甘肃	兰州市	专科		综合	民办	省教育厅	2	2	2	0	0	0	0	0	0													0	0	0	0	0	0	0	0	0	0		["综合"]	
10050	10730	NULL	兰州大学	甘肃	兰州市	本科	研究型	综合	公办	教育部	1	1	1	1	1	1	1	0	1			40	46	62		68	30			68	0.00	82	68	0	0	15	0	0	0	0	0		["综合"]	["985", "211", "双一流", "101计划", "研究生院(部)", "保研", "国重点", "部委院校", "省部共建", "硕博点"]
10818	11807	NULL	兰州工业学院	甘肃	兰州市	本科		理工	公办	省政府	2	2	2	0	0	0	0	0	0			500				765	416			765	0.00	0	0	0	0	0	0	0	0	0	0		["理工"]	["省属"]
11089	13511	NULL	兰州工商学院	甘肃	兰州市	本科		财经	民办	省教育厅	2	2	2	0	0	0	0	0	0							1279				1279	0.00	0	0	0	0	0	0	0	0	0	0		["财经"]	["省属"]
10819	11562	NULL	兰州文理学院	甘肃	兰州市	本科		综合	公办	省政府	2	2	2	0	0	0	0	0	0			500				832	382			832	0.00	0	0	0	0	0	0	0	0	0	0		["综合"]	["省属"]
12883	14594	NULL	兰州现代职业学院	甘肃	兰州市	专科		综合	公办	省政府	2	2	2	0	0	0	0	0	0													0	0	0	0	0	0	0	0	0	0		["综合"]	
10244	10731	NULL	兰州理工大学	甘肃	兰州市	本科	区域特色研究型	理工	公办	省政府	2	2	2	0	0	0	0	0	0			204		315		370	144			370	0.00	43	37	0	0	2	0	0	0	0	0		["理工"]	["研究生院", "保研", "省属", "省部共建", "硕博点"]
11447	16209	NULL	兰州石化职业技术大学	甘肃	兰州市	本科		理工	公办	省政府	2	2	2	0	0	0	0	0	0							882				882	0.00	0	0	0	0	0	0	0	0	0	0		["理工"]	["省属", "双高计划", "高水平专业群建设单位", "国家级示范", "现代学徒制试点学院"]
11995	14518	NULL	兰州科技职业学院	甘肃	兰州市	专科		综合	民办	省教育厅	2	2	2	0	0	0	0	0	0													0	0	0	0	0	0	0	0	0	0		["综合"]	
11555	12833	NULL	兰州职业技术学院	甘肃	兰州市	专科		综合	公办	省政府	2	2	2	0	0	0	0	0	0													0	0	0	0	0	0	0	0	0	0		["综合"]	
70065	14771	NULL	兰州航空职业技术学院	甘肃	兰州市	专科		其它	公办	省政府	2	2	2	0	0	0	0	0	0													0	0	0	0	0	0	0	0	0	0		["其它"]	
10557	10741	NULL	兰州财经大学	甘肃	兰州市	本科		财经	公办	省政府	2	2	2	0	0	0	0	0	0			345				556	286			556	0.00	55	1	0	0	0	0	0	0	0	0		["财经"]	["研究生院", "保研", "省重点", "省属", "硕博点"]
11960	16208	NULL	兰州资源环境职业技术大学	甘肃	兰州市	本科		理工	公办	省政府	2	2	2	0	0	0	0	0	0							946				946	0.00	0	0	0	0	0	0	0	0	0	0		["理工"]	["省部共建", "双高计划", "高水平学校建设单位", "国家级骨干", "现代学徒制试点学院"]
11866	14715	NULL	兰考三农职业学院	河南	开封市	专科		综合	公办	省政府	2	2	2	0	0	0	0	0	0													0	0	0	0	0	0	0	0	0	0		["综合"]	
10852	10666	NULL	兴义民族师范学院	贵州	黔西南布依族苗族自治州	本科		师范	公办	省政府	2	2	2	0	0	0	0	0	0			500				718	500			718	0.00	0	0	0	0	0	0	0	0	0	0		["师范"]	
11458	12443	NULL	兴安职业技术大学	内蒙古	兴安盟	本科		理工	公办	自治区政府	2	2	2	0	0	0	0	0	0							1182				1182	0.00	0	0	0	0	0	0	0	0	0	0		["理工"]	
12334	14103	NULL	冀中职业学院	河北	保定市	专科		综合	公办	省政府	2	2	2	0	0	0	0	0	0													0	0	0	0	0	0	0	0	0	0		["综合"]	
12072	14670	NULL	内江卫生与健康职业学院	四川	内江市	专科		医药	公办	省政府	2	2	2	0	0	0	0	0	0													0	0	0	0	0	0	0	0	0	0		["医药"]	
10745	10640	NULL	内江师范学院	四川	内江市	本科		师范	公办	省政府	2	2	2	0	0	0	0	0	0			408				457	399			457	0.00	2	0	0	0	0	0	0	0	0	0		["师范"]	["省属"]
12039	12640	NULL	内江职业技术学院	四川	内江市	专科		综合	公办	省政府	2	2	2	0	0	0	0	0	0													0	0	0	0	0	0	0	0	0	0		["综合"]	
12192	11429	NULL	内蒙古丰州职业学院	内蒙古	呼和浩特市	专科		综合	民办	自治区教育厅	2	2	2	0	0	0	0	0	0													0	0	0	0	0	0	0	0	0	0		["综合"]	
12086	13824	NULL	内蒙古交通职业技术学院	内蒙古	赤峰市	专科		理工	公办	自治区政府	2	2	2	0	0	0	0	0	0													0	0	0	0	0	0	0	0	0	0		["理工"]	
11912	12894	NULL	内蒙古体育职业学院	内蒙古	呼和浩特市	专科		体育	公办	自治区政府	2	2	2	0	0	0	0	0	0													0	0	0	0	0	0	0	0	0	0		["体育"]	
10326	10129	NULL	内蒙古农业大学	内蒙古	呼和浩特市	本科	区域特色研究型	农林	公办	自治区政府	2	2	2	0	0	0	0	0	0			212		371		689	165			689	0.00	55	51	0	0	1	0	0	0	0	0		["农林"]	["研究生院", "保研", "省部共建", "硕博点"]
11898	12675	NULL	内蒙古化工职业学院	内蒙古	呼和浩特市	专科		理工	公办	自治区政府	2	2	2	0	0	0	0	0	0													0	0	0	0	0	0	0	0	0	0		["理工"]	["双高计划", "高水平专业群建设单位", "国家级骨干", "现代学徒制试点学院"]
12503	14049	NULL	内蒙古北方职业技术学院	内蒙古	呼和浩特市	专科		综合	民办	自治区教育厅	2	2	2	0	0	0	0	0	0													0	0	0	0	0	0	0	0	0	0		["综合"]	
10517	10132	NULL	内蒙古医科大学	内蒙古	呼和浩特市	本科		医药	公办	自治区政府	2	2	2	0	0	0	0	0	0			229				572	194			572	0.00	17	2	0	0	0	0	0	0	0	0		["医药"]	["研究生院", "保研", "省重点", "省部共建", "硕博点"]
11895	12676	NULL	内蒙古商贸职业学院	内蒙古	呼和浩特市	专科		财经	公办	自治区政府	2	2	2	0	0	0	0	0	0													0	0	0	0	0	0	0	0	0	0		["财经"]	["现代学徒制试点学院"]
10192	10126	NULL	内蒙古大学	内蒙古	呼和浩特市	本科	区域研究型	综合	公办	自治区政府	2	1	1	0	1	1	1	0	1			114		252		135	92			135	0.00	54	16	0	0	3	0	0	0	0	0		["综合"]	["211", "双一流", "101计划", "研究生院", "保研", "国重点", "省属", "省部共建", "硕博点"]
11275	14199	NULL	内蒙古大学创业学院	内蒙古	呼和浩特市	本科		综合	民办	自治区教育厅	2	2	2	0	0	0	0	0	0							1217				1217	0.00	0	0	0	0	0	0	0	0	0	0		["综合"]	
10405	10128	NULL	内蒙古工业大学	内蒙古	呼和浩特市	本科	应用型	理工	公办	自治区政府	2	2	2	0	0	0	0	0	0			261		419		390	155			390	0.00	26	9	0	0	1	0	0	0	0	0		["理工"]	["研究生院", "保研", "省属", "硕博点"]
12348	14282	NULL	内蒙古工业职业学院	内蒙古	呼和浩特市	专科		综合	民办	自治区教育厅	2	2	2	0	0	0	0	0	0													0	0	0	0	0	0	0	0	0	0		["综合"]	["省属"]
10358	10135	NULL	内蒙古师范大学	内蒙古	呼和浩特市	本科	区域特色研究型	师范	公办	自治区政府	2	2	2	0	0	0	0	0	0			220				546	167			546	0.00	37	16	0	0	0	0	0	0	0	0		["师范"]	["研究生院", "保研", "省重点", "省属", "硕博点"]
11727	10871	NULL	内蒙古建筑职业技术大学	内蒙古	呼和浩特市	本科		理工	公办	自治区政府	2	2	2	0	0	0	0	0	0							1260				1260	0.00	0	0	0	0	0	0	0	0	0	0		["理工"]	["双高计划", "高水平专业群建设单位", "国家级示范"]
11660	12674	NULL	内蒙古机电职业技术学院	内蒙古	呼和浩特市	专科		理工	公办	自治区政府	2	2	2	0	0	0	0	0	0													0	0	0	0	0	0	0	0	0	0		["理工"]	["双高计划", "高水平学校建设单位", "国家级骨干", "现代学徒制试点学院"]
10573	10136	NULL	内蒙古民族大学	内蒙古	通辽市	本科		综合	公办	自治区政府	2	2	2	0	0	0	0	0	0			340				791	198			791	0.00	36	1	0	0	0	0	0	0	0	0		["综合"]	["研究生院", "保研", "省重点", "省部共建", "硕博点"]
12388	14463	NULL	内蒙古民族幼儿师范高等专科学校	内蒙古	鄂尔多斯市	专科		师范	公办	自治区政府	2	2	2	0	0	0	0	0	0													0	0	0	0	0	0	0	0	0	0		["师范", "民族"]	
11758	12673	NULL	内蒙古电子信息职业技术学院	内蒙古	呼和浩特市	专科		理工	公办	自治区政府	2	2	2	0	0	0	0	0	0													0	0	0	0	0	0	0	0	0	0		["理工"]	
10404	10127	NULL	内蒙古科技大学	内蒙古	包头市	本科	应用型	综合	公办	自治区政府	2	2	2	0	0	0	0	0	0			314		418		687	204			687	0.00	35	6	0	0	1	0	0	0	0	0		["综合"]	["研究生院", "保研", "硕博点"]
11138	19127	NULL	内蒙古科技大学包头医学院	内蒙古	包头市	本科		医药	公办	自治区教育厅	2	2	2	0	0	0	0	0	0			372				810				810	0.00	11	1	0	0	1	0	0	0	0	0		["医药"]	["研究生院", "硕博点"]
11234	18127	NULL	内蒙古科技大学包头师范学院	内蒙古	包头市	本科		师范	公办	自治区教育厅	2	2	2	0	0	0	0	0	0			458				822				822	0.00	19	0	0	0	1	0	0	0	0	0		["师范"]	["研究生院", "硕博点"]
12727	14048	NULL	内蒙古科技职业学院	内蒙古	呼和浩特市	专科		理工	民办	自治区教育厅	2	2	2	0	0	0	0	0	0													0	0	0	0	0	0	0	0	0	0		["理工"]	
12549	14051	NULL	内蒙古经贸外语职业学院	内蒙古	呼和浩特市	专科		财经	民办	自治区教育厅	2	2	2	0	0	0	0	0	0													0	0	0	0	0	0	0	0	0	0		["财经"]	
12799	14387	NULL	内蒙古美术职业学院	内蒙古	巴彦淖尔市	专科		综合	民办	自治区教育厅	2	2	2	0	0	0	0	0	0													0	0	0	0	0	0	0	0	0	0		["综合"]	
12545	14337	NULL	内蒙古能源职业学院	内蒙古	呼和浩特市	专科		理工	民办	自治区教育厅	2	2	2	0	0	0	0	0	0													0	0	0	0	0	0	0	0	0	0		["理工"]	
10859	14531	NULL	内蒙古艺术学院	内蒙古	呼和浩特市	本科		艺术	公办	自治区政府	2	2	2	0	0	0	0	0	0							848	447			848	0.00	14	0	0	0	0	0	0	0	0	0		["艺术"]	["研究生院", "硕博点"]
11606	12797	NULL	内蒙古警察学院	内蒙古	呼和浩特市	本科		政法	公办	自治区政府	2	2	2	0	0	0	0	0	0							358	500			358	0.00	0	0	0	0	0	0	0	0	0	0		["政法"]	
10604	10139	NULL	内蒙古财经大学	内蒙古	呼和浩特市	本科		财经	公办	自治区政府	2	2	2	0	0	0	0	0	0			300				434	215			434	0.00	21	1	0	0	0	0	0	0	0	0		["财经"]	["研究生院"]
11263	14205	NULL	内蒙古鸿德文理学院	内蒙古	呼和浩特市	本科		综合	民办	自治区教育厅	2	2	2	0	0	0	0	0	0							1222				1222	0.00	0	0	0	0	0	0	0	0	0	0		["综合"]	
10436	91036	NULL	军事航天部队航天工程大学	北京	怀柔区	本科		军事	公办	人民解放军战略支援部队	2	2	2	0	0	0	0	0	0					442		489						11	3	0	0	0	0	0	0	0	0		["军事"]	["部委院校", "硕博点"]
10655	10669	NULL	凯里学院	贵州	黔东南苗族侗族自治州	本科		师范	公办	省政府	2	2	2	0	0	0	0	0	0			493				662	382			662	0.00	0	0	0	0	0	0	0	0	0	0		["师范"]	["省属", "省部共建"]
11594	12057	NULL	包头职业技术学院	内蒙古	包头市	专科		理工	公办	自治区政府	2	2	2	0	0	0	0	0	0													0	0	0	0	0	0	0	0	0	0			
11730	12671	NULL	包头轻工职业技术学院	内蒙古	包头市	专科		理工	公办	自治区政府	2	2	2	0	0	0	0	0	0													0	0	0	0	0	0	0	0	0	0		["理工"]	["现代学徒制试点学院"]
12000	13864	NULL	包头钢铁职业技术学院	内蒙古	包头市	专科		理工	公办	自治区政府	2	2	2	0	0	0	0	0	0													0	0	0	0	0	0	0	0	0	0		["理工"]	
11780	14187	NULL	包头铁道职业技术学院	内蒙古	包头市	专科		理工	公办	自治区政府	2	2	2	0	0	0	0	0	0													0	0	0	0	0	0	0	0	0	0		["理工"]	["现代学徒制试点学院"]
10116	10026	NULL	北京中医药大学	北京	朝阳区	本科	特色研究型	医药	公办	教育部	2	1	1	0	1	1	1	0	1			63	65	199		122	58			122	0.00	25	31	0	0	3	0	0	0	0	0		["医药"]	["211", "双一流", "101计划", "研究生院", "保研", "国重点", "部委院校", "省部共建", "硕博点"]
11048	13899	NULL	北京中医药大学东方学院	河北	廊坊市	本科		医药	民办	省教育厅	2	2	2	0	0	0	0	0	0							1124				1124	0.00	0	0	0	0	0	0	0	0	0	0		["医药"]	
10065	10004	NULL	北京交通大学	北京	海淀区	本科	特色研究型	理工	公办	教育部	2	1	1	0	1	1	1	0	1			41	51	82		36	39			36	0.00	40	28	0	0	6	0	0	0	0	0		["理工"]	["211", "双一流", "101计划", "研究生院(部)", "保研", "国重点", "部委院校", "省部共建", "硕博点"]
10066	10004	NULL	北京交通大学(威海校区)	山东	威海市	本科	区域特色研究型	理工	公办	教育部	2	1	1	0	1	1	1	0	1							117				117	0.00	2	0	0	0	0	0	0	0	0	0		["理工"]	["211", "双一流", "101计划", "保研", "国重点", "部委院校", "省部共建", "硕博点"]
12448	11092	NULL	北京交通职业技术学院	北京	昌平区	专科		理工	公办	市政府	2	2	2	0	0	0	0	0	0													0	0	0	0	0	0	0	0	0	0		["理工"]	
12181	14279	NULL	北京交通运输职业学院	北京	大兴区	专科		理工	公办	市政府	2	2	2	0	0	0	0	0	0													0	0	0	0	0	0	0	0	0	0		["理工"]	["高水平专业群建设单位", "现代学徒制试点学院"]
12530	11090	NULL	北京京北职业技术学院	北京	怀柔区	专科		理工	公办	市政府	2	2	2	0	0	0	0	0	0													0	0	0	0	0	0	0	0	0	0		["理工"]	
10214	10043	NULL	北京体育大学	北京	海淀区	本科	特色研究型	体育	公办	国体局	2	1	1	0	1	1	0	0	0			177				107	97			107	0.00	17	8	0	0	0	0	0	0	0	0		["体育"]	["211", "双一流", "研究生院", "保研", "国重点", "部委院校", "硕博点"]
12658	14215	NULL	北京体育职业学院	北京	丰台区	专科		体育	公办	市政府	2	2	2	0	0	0	0	0	0													0	0	0	0	0	0	0	0	0	0		["体育"]	["省属"]
10380	11232	NULL	北京信息科技大学	北京	海淀区	本科	应用型	理工	公办	市政府	2	2	2	0	0	0	0	0	0			182		319		282	198			282	0.00	17	1	0	0	3	0	0	0	0	0		["理工"]	["研究生院", "保研", "硕博点"]
12443	10857	NULL	北京信息职业技术学院	北京	朝阳区	专科		理工	公办	市政府	2	2	2	0	0	0	0	0	0													0	0	0	0	0	0	0	0	0	0		["理工"]	["双高计划", "高水平专业群建设单位", "国家级骨干", "现代学徒制试点学院"]
11524	12448	NULL	北京农业职业学院	北京	房山区	专科		农林	公办	市政府	2	2	2	0	0	0	0	0	0													0	0	0	0	0	0	0	0	0	0		["农林"]	["高水平专业群建设单位", "国家级示范", "现代学徒制试点学院"]
10524	10020	NULL	北京农学院	北京	昌平区	本科		农林	公办	市政府	2	2	2	0	0	0	0	0	0			281		400		425	260			425	0.00	18	0	0	0	0	0	0	0	0	0		["农林"]	["研究生院", "省属", "硕博点"]
12413	14075	NULL	北京劳动保障职业学院	北京	朝阳区	专科		理工	公办	市政府	2	2	2	0	0	0	0	0	0													0	0	0	0	0	0	0	0	0	0		["理工"]	["双高计划", "高水平专业群建设单位", "国家级骨干", "现代学徒制试点学院"]
10087	10010	NULL	北京化工大学	北京	朝阳区	本科	特色研究型	理工	公办	教育部	2	1	1	0	1	1	1	0	1			57	43	45		61	51			61	0.00	25	8	0	0	6	0	0	0	0	0		["理工"]	["211", "双一流", "101计划", "研究生院", "保研", "国重点", "部委院校", "省部共建", "硕博点"]
11494	12564	NULL	北京北大方正软件职业技术学院	河北	廊坊市	专科		综合	民办	市教委	2	2	2	0	0	0	0	0	0													0	0	0	0	0	0	0	0	0	0		["综合"]	
10075	10023	NULL	北京协和医学院	北京	东城区	本科		医药	公办	国卫委	2	2	1	0	0	1	0	0	0			14		65		48	25			48	0.00	55	52	0	0	55	0	0	0	0	0		["医药"]	["双一流", "研究生院(部)", "保研", "国重点", "部委院校", "省部共建", "硕博点"]
12629	14395	NULL	北京卫生职业学院	北京	通州区	专科		医药	公办	市政府	2	2	2	0	0	0	0	0	0													0	0	0	0	0	0	0	0	0	0		["医药"]	
10522	10015	NULL	北京印刷学院	北京	大兴区	本科		理工	公办	市政府	2	2	2	0	0	0	0	0	0			281				669	291			669	0.00	19	1	0	0	0	0	0	0	0	0		["理工"]	["研究生院", "省属", "省部共建", "硕博点"]
10960	11418	NULL	北京城市学院	北京	海淀区	本科		综合	民办	市教委	2	2	2	0	0	0	0	0	0							1213				1213	0.00	7	0	0	0	0	0	0	0	0	0		["综合"]	["硕博点"]
12670	13728	NULL	北京培黎职业学院	北京	海淀区	专科		综合	民办	市教委	2	2	2	0	0	0	0	0	0													0	0	0	0	0	0	0	0	0	0		["综合"]	
10123	10030	NULL	北京外国语大学	北京	海淀区	本科	应用型	语言	公办	教育部	2	1	1	0	1	1	0	0	0			79	64			47	83			47	0.00	59	31	0	0	0	0	0	0	0	0		["语言"]	["211", "双一流", "研究生院", "保研", "国重点", "部委院校", "省部共建", "硕博点"]
10001	10001	NULL	北京大学	北京	海淀区	本科	中国研究型	综合	公办	教育部	1	1	1	1	1	1	1	0	1			2	1	2		2	1			2	0.00	132	210	0	0	115	0	0	0	0	0		["综合"]	["985", "211", "双一流", "101计划", "研究生院(部)", "保研", "国重点", "部委院校", "省部共建", "C9", "五院四系", "硕博点"]
10002	10001	NULL	北京大学医学部	北京	海淀区	本科	中国研究型	医药	公办	教育部	1	1	1	1	1	1	1	0	1							2						17	83	0	0	18	0	0	0	0	0		["医药"]	["985", "211", "双一流", "101计划", "研究生院", "保研", "国重点", "省部共建", "硕博点"]
10101	10005	NULL	北京工业大学	北京	朝阳区	本科	区域研究型	理工	公办	市政府	2	1	1	0	1	1	0	0	0			65	45	77		112	62			112	0.00	36	25	0	0	9	0	0	0	0	0		["理工"]	["211", "双一流", "研究生院", "保研", "国重点", "省重点", "省属", "硕博点"]
10985	13904	NULL	北京工业大学耿丹学院	北京	顺义区	本科		综合	民办	市教委	2	2	2	0	0	0	0	0	0							1262				1262	0.00	0	0	0	0	0	0	0	0	0	0		["综合"]	
11518	10853	NULL	北京工业职业技术学院	北京	石景山区	专科		理工	公办	市政府	2	2	2	0	0	0	0	0	0													0	0	0	0	0	0	0	0	0	0		["理工"]	["双高计划", "高水平学校建设单位", "国家级示范", "现代学徒制试点学院"]
10339	10011	NULL	北京工商大学	北京	海淀区	本科	区域特色研究型	财经	公办	市政府	2	2	2	0	0	0	0	0	0			129		115		190	141			190	0.00	72	27	0	0	2	0	0	0	0	0		["财经"]	["研究生院", "保研", "省重点", "省属", "硕博点"]
10036	10027	NULL	北京师范大学	北京	海淀区	本科	研究型	师范	公办	教育部	1	1	1	1	1	1	1	0	1			19	10	24		21	14			21	0.00	82	110	0	0	0	0	0	0	0	0		["师范", "综合"]	["985", "211", "双一流", "101计划", "研究生院(部)", "保研", "国重点", "部委院校", "省部共建", "硕博点"]
10037	19027	NULL	北京师范大学(珠海校区)	广东	珠海市	本科		综合	公办	教育部	1	1	1	1	1	1	1	0	1							43				43	0.00	37	51	0	0	0	0	0	0	0	0		["综合", "师范"]	["985", "211", "双一流", "101计划", "保研", "国重点", "部委院校", "省部共建"]
10388	10016	NULL	北京建筑大学	北京	大兴区	本科	区域特色研究型	理工	公办	市政府	2	2	2	0	0	0	0	0	0			178		208		586	175			586	0.00	28	5	0	0	3	0	0	0	0	0		["理工"]	["研究生院", "保研", "省部共建", "硕博点"]
12499	12567	NULL	北京戏曲艺术职业学院	北京	丰台区	专科		艺术	公办	市政府	2	2	2	0	0	0	0	0	0													0	0	0	0	0	0	0	0	0	0		["艺术"]	
12567	12451	NULL	北京政法职业学院	北京	大兴区	专科		政法	公办	市政府	2	2	2	0	0	0	0	0	0													0	0	0	0	0	0	0	0	0	0		["政法"]	
10456	10012	NULL	北京服装学院	北京	朝阳区	本科	应用型	艺术	公办	市政府	2	2	2	0	0	0	0	0	0							898	234			898	0.00	10	1	0	0	1	0	0	0	0	0		["艺术"]	["研究生院", "保研"]
10159	10022	NULL	北京林业大学	北京	海淀区	本科	特色研究型	农林	公办	教育部	2	1	1	0	1	1	1	0	1			83		95		90	60			90	0.00	101	50	0	0	16	0	0	0	0	0		["农林"]	["211", "双一流", "101计划", "研究生院(部)", "保研", "国重点", "部委院校", "省部共建", "硕博点"]
12696	12568	NULL	北京汇佳职业学院	北京	昌平区	专科		综合	民办	市教委	2	2	2	0	0	0	0	0	0													0	0	0	0	0	0	0	0	0	0		["综合"]	
10551	10037	NULL	北京物资学院	北京	通州区	本科		财经	公办	市政府	2	2	2	0	0	0	0	0	0			242				288	363			288	0.00	18	0	0	0	1	0	0	0	0	0		["财经"]	["研究生院", "保研", "硕博点"]
10049	10007	NULL	北京理工大学	北京	海淀区	本科	研究型	理工	公办	工信部	1	1	1	1	1	1	1	0	1			14	13	20		11	21			11	0.00	43	45	0	0	29	0	0	0	0	0		["理工"]	["985", "211", "双一流", "101计划", "研究生院(部)", "保研", "国重点", "部委院校", "省部共建", "E9", "国防七子", "硕博点"]
11176	13675	NULL	北京理工大学珠海学院	广东	珠海市	本科		理工	民办	省教育厅	2	2	2	0	0	0	0	0	0							476						0	0	0	0	3	0	0	0	0	0		["理工"]	
10756	10018	NULL	北京电子科技学院	北京	丰台区	本科		理工	公办	中央办公厅	2	2	2	0	0	0	0	0	0			233				25	328			25	0.00	3	1	0	0	0	0	0	0	0	0		["理工"]	["保研", "部委院校", "硕博点"]
10415	10050	NULL	北京电影学院	北京	海淀区	本科	特色研究型	艺术	公办	市政府	2	2	2	0	0	0	0	0	0							110	108			110	0.00	2	1	0	0	0	0	0	0	0	0		["艺术"]	["保研", "省属", "省部共建", "硕博点"]
10540	10017	NULL	北京石油化工学院	北京	大兴区	本科		理工	公办	市政府	2	2	2	0	0	0	0	0	0			300		399		395	286			395	0.00	13	0	0	0	0	0	0	0	0	0		["理工"]	["省属", "硕博点"]
10064	10008	NULL	北京科技大学	北京	海淀区	本科	特色研究型	理工	公办	教育部	2	1	1	0	1	1	0	0	0			35		49		44	33			44	0.00	42	28	0	0	18	0	0	0	0	0		["理工"]	["211", "双一流", "研究生院(部)", "保研", "国重点", "部委院校", "省部共建", "硕博点"]
11013	13898	NULL	北京科技大学天津学院	天津	宝坻区	本科		综合	民办	市教委	2	2	2	0	0	0	0	0	0							1028				1028	0.00	0	0	0	0	0	0	0	0	0	0		["综合"]	
12439	12733	NULL	北京科技经营管理学院	北京	昌平区	专科		财经	民办	市教委	2	2	2	0	0	0	0	0	0													0	0	0	0	1	0	0	0	0	0		["财经"]	
11525	10858	NULL	北京科技职业大学	北京	大兴区	本科		理工	公办	市政府	2	2	2	0	0	0	0	0	0							551				551	0.00	0	0	0	0	0	0	0	0	0	0		["理工"]	["双高计划", "高水平学校建设单位", "国家级示范", "现代学徒制试点学院"]
11796	13703	NULL	北京科技职业学院	北京	昌平区	专科		综合	民办	市教委	2	2	2	0	0	0	0	0	0													0	0	0	0	0	0	0	0	0	0		["综合"]	
10497	10031	NULL	北京第二外国语学院	北京	朝阳区	本科	特色研究型	语言	公办	市政府	2	2	2	0	0	0	0	0	0			213				160	172			160	0.00	38	1	0	0	0	0	0	0	0	0		["语言"]	["研究生院", "保研", "省重点", "省部共建", "硕博点"]
11139	14201	NULL	北京第二外国语学院中瑞酒店管理学院	北京	大兴区	本科		财经	民办	市教委	2	2	2	0	0	0	0	0	0							1239				1239	0.00	0	0	0	0	0	0	0	0	0	0		["财经"]	
12712	12566	NULL	北京经济技术职业学院	河北	廊坊市	专科		财经	民办	市教委	2	2	2	0	0	0	0	0	0													0	0	0	0	0	0	0	0	0	0		["财经"]	
12103	14073	NULL	北京经济管理职业学院	北京	朝阳区	专科		财经	公办	市政府	2	2	2	0	0	0	0	0	0													0	0	0	0	0	0	0	0	0	0		["财经"]	["双高计划", "现代学徒制试点学院"]
12686	12565	NULL	北京经贸职业学院	北京	房山区	专科		财经	民办	市教委	2	2	2	0	0	0	0	0	0													0	0	0	0	0	0	0	0	0	0		["财经"]	
12854	14588	NULL	北京网络职业学院	北京	房山区	专科		理工	民办	市教委	2	2	2	0	0	0	0	0	0													0	0	0	0	0	0	0	0	0	0		["理工"]	
10509	11417	NULL	北京联合大学	北京	朝阳区	本科	应用型	综合	公办	市政府	2	2	2	0	0	0	0	0	0			306				728	187			728	0.00	12	1	0	0	1	0	0	0	0	0		["综合"]	["保研", "省属"]
10659	10051	NULL	北京舞蹈学院	北京	海淀区	本科		艺术	公办	市政府	2	2	2	0	0	0	0	0	0							274	225			274	0.00	2	0	0	0	0	0	0	0	0	0		["艺术"]	
10035	10006	NULL	北京航空航天大学	北京	海淀区	本科	研究型	理工	公办	工信部	1	1	1	1	1	1	1	0	1			11	24	30		9	18			9	0.00	48	45	0	0	33	0	0	0	0	0		["理工"]	["985", "211", "双一流", "101计划", "研究生院(部)", "保研", "国重点", "部委院校", "省部共建", "国防七子", "硕博点"]
70388	70388	NULL	北京航空航天大学中法航空学院	浙江	杭州市	本科		其它			2	2	2	0	0	0	0	0	0							17						4	0	0	0	0	0	0	0	0	0		["其它"]	
10983	13890	NULL	北京航空航天大学北海学院	广西	北海市	本科		综合	民办	自治区教育厅	2	2	2	0	0	0	0	0	0							659						1	0	0	0	0	0	0	0	0	0		["综合"]	["硕博点"]
12154	14140	NULL	北京艺术传媒职业学院	北京	海淀区	专科		综合	民办	市教委	2	2	2	0	0	0	0	0	0													0	0	0	0	0	0	0	0	0	0		["综合"]	
10799	14019	NULL	北京警察学院	北京	昌平区	本科		政法	公办	市政府	2	2	2	0	0	0	0	0	0			347				600	500			600	0.00	0	0	0	0	0	0	0	0	0	0		["政法"]	
10186	10032	NULL	北京语言大学	北京	海淀区	本科	特色研究型	语言	公办	教育部	2	2	2	0	0	0	0	0	0			119				114	101			114	0.00	60	33	0	0	0	0	0	0	0	0		["语言"]	["研究生院", "保研", "国重点", "部委院校", "省部共建", "硕博点"]
11628	12561	NULL	北京财贸职业学院	北京	通州区	专科		财经	公办	市政府	2	2	2	0	0	0	0	0	0													0	0	0	0	0	0	0	0	0	0		["财经"]	["省属", "双高计划", "高水平学校建设单位", "国家级示范", "现代学徒制试点学院"]
10069	10013	NULL	北京邮电大学	北京	海淀区	本科	特色研究型	理工	公办	教育部	2	1	1	0	1	1	1	0	1			50	58	83		23	36			23	0.00	29	19	0	0	2	0	0	0	0	0		["理工"]	["211", "双一流", "101计划", "研究生院(部)", "保研", "国重点", "部委院校", "省部共建", "两电一邮", "硕博点"]
10068	10013	NULL	北京邮电大学(宏福校区)	北京	昌平区	本科	区域特色研究型	综合	公办	教育部	2	1	1	0	1	1	1	0	1							23						1	0	0	0	0	0	0	0	0	0		["综合"]	["211", "双一流", "101计划", "保研", "国重点", "部委院校", "省部共建"]
10965	13901	NULL	北京邮电大学世纪学院	北京	延庆区	本科		综合	民办	市教委	2	2	2	0	0	0	0	0	0							1213				1213	0.00	0	0	0	0	0	0	0	0	0	0		["综合"]	["部委院校"]
10987	13630	NULL	北京金融科技学院	北京	通州区	本科		财经	民办	市教委	2	2	2	0	0	0	0	0	0							1258				1258	0.00	0	0	0	0	0	0	0	0	0	0		["财经"]	
11801	11626	NULL	北京青年政治学院	北京	朝阳区	专科		语言	公办	市政府	2	2	2	0	0	0	0	0	0													0	0	0	0	0	0	0	0	0	0			
10372	10201	NULL	北华大学	吉林	吉林市	本科	应用型	综合	公办	省政府	2	2	2	0	0	0	0	0	0			308				521	253			521	0.00	77	0	0	0	1	0	0	0	0	0		["综合"]	["研究生院", "保研", "省重点", "省属", "省部共建", "硕博点"]
10735	11629	NULL	北华航天工业学院	河北	廊坊市	本科		理工	公办	省政府	2	2	2	0	0	0	0	0	0			385				428	372			428	0.00	11	0	0	0	2	0	0	0	0	0		["理工"]	["省部共建", "硕博点"]
10130	16401	NULL	北师香港浸会大学	广东	珠海市	本科	特色研究型	综合		省教育厅	2	2	2	0	0	0	0	0	0			154				235	69			235	0.00	9	10	0	0	0	0	0	0	0	0		["综合"]	
10422	10009	NULL	北方工业大学	北京	石景山区	本科	应用型	理工	公办	市政府	2	2	2	0	0	0	0	0	0			239		344		385	208			385	0.00	20	2	0	0	0	0	0	0	0	0		["理工"]	["研究生院", "保研", "省重点", "省属", "省部共建", "硕博点"]
10488	11407	NULL	北方民族大学	宁夏	银川市	本科	应用型	民族	公办	国民委	2	2	2	0	0	0	0	0	0			295		282		636	177			636	0.00	15	2	0	0	0	0	0	0	0	0		["民族", "综合"]	["研究生院", "保研", "部委院校", "省部共建", "硕博点"]
70085	14765	NULL	北海康养职业学院	广西	北海市	专科		医药	民办	自治区教育厅	2	2	2	0	0	0	0	0	0													0	0	0	0	0	0	0	0	0	0		["医药"]	
12453	13523	NULL	北海职业学院	广西	北海市	专科		综合	公办	自治区政府	2	2	2	0	0	0	0	0	0													0	0	0	0	0	0	0	0	0	0		["综合"]	
10901	13524	NULL	北海艺术设计学院	广西	北海市	本科		艺术	民办	自治区教育厅	2	2	2	0	0	0	0	0	0							1038				1038	0.00	0	0	0	0	0	0	0	0	0	0		["艺术"]	
10607	11607	NULL	北部湾大学	广西	钦州市	本科		综合	公办	自治区政府	2	2	2	0	0	0	0	0	0			422				400	341			400	0.00	24	0	0	0	0	0	0	0	0	0		["综合"]	["研究生院", "省部共建", "硕博点"]
10350	10404	NULL	华东交通大学	江西	南昌市	本科	区域特色研究型	理工	公办	省政府	2	2	2	0	0	0	0	0	0			194		298		207	184			207	0.00	37	4	0	0	0	0	0	0	0	0		["理工"]	["研究生院", "保研", "省重点", "省属", "省部共建", "硕博点"]
10051	10269	NULL	华东师范大学	上海	闵行区	本科	研究型	综合	公办	教育部	1	1	1	1	1	1	1	0	1			29	26	34		26	26			26	0.00	38	133	0	0	7	0	0	0	0	0		["综合", "师范"]	["985", "211", "双一流", "101计划", "研究生院(部)", "保研", "国重点", "部委院校", "省部共建", "硕博点"]
10245	10276	NULL	华东政法大学	上海	松江区	本科	区域特色研究型	政法	公办	市政府	2	2	2	0	0	0	0	0	0			119				89	125			89	0.00	60	27	0	0	0	0	0	0	0	0		["政法"]	["研究生院", "保研", "省部共建", "五院四系", "硕博点"]
10067	10251	NULL	华东理工大学	上海	徐汇区	本科	特色研究型	理工	公办	教育部	2	1	1	0	1	1	1	0	1			42	40	78		56	38			56	0.00	46	48	0	0	9	0	0	0	0	0		["理工"]	["211", "双一流", "101计划", "研究生院(部)", "保研", "国重点", "部委院校", "省部共建", "硕博点"]
10056	10504	NULL	华中农业大学	湖北	武汉市	本科	特色研究型	农林	公办	教育部	2	1	1	0	1	1	1	0	1			45	54	47		98	41			98	0.00	91	96	0	0	8	0	0	0	0	0		["农林"]	["211", "双一流", "101计划", "研究生院", "保研", "国重点", "部委院校", "省部共建", "硕博点"]
10059	10511	NULL	华中师范大学	湖北	武汉市	本科		师范	公办	教育部	2	1	1	0	1	1	1	0	1			53		55		64	57			64	0.00	45	28	0	0	7	0	0	0	0	0		["师范", "综合"]	["211", "双一流", "101计划", "研究生院", "保研", "国重点", "部委院校", "省部共建", "硕博点"]
10013	10487	NULL	华中科技大学	湖北	武汉市	本科	研究型	综合	公办	教育部	1	1	1	1	1	1	1	0	1			9	16	11		20	10			20	0.00	65	62	0	0	0	0	0	0	0	0		["综合"]	["985", "211", "双一流", "101计划", "研究生院(部)", "保研", "国重点", "部委院校", "省部共建", "硕博点"]
10197	10385	NULL	华侨大学	福建	泉州市	本科	区域特色研究型	综合	公办	统战部	2	2	2	0	0	0	0	0	0			139		221		216	122			216	0.00	35	15	0	0	0	0	0	0	0	0		["综合"]	["研究生院", "保研", "国重点", "省重点", "部委院校", "省部共建", "硕博点"]
10446	10078	NULL	华北水利水电大学	河南	郑州市	本科	应用型	理工	公办	省政府	2	2	2	0	0	0	0	0	0			249		342		326	291			326	0.00	25	4	0	0	0	0	0	0	0	0		["理工"]	["研究生院", "保研", "省部共建", "硕博点"]
10494	10081	NULL	华北理工大学	河北	唐山市	本科	应用型	综合	公办	省政府	2	2	2	0	0	0	0	0	0			269		313		341	246			341	0.00	60	3	0	0	1	0	0	0	0	0		["综合"]	["研究生院", "保研", "省重点", "省属", "省部共建", "硕博点"]
11185	13596	NULL	华北理工大学冀唐学院	河北	唐山市	本科		医药	民办	省教育厅	2	2	2	0	0	0	0	0	0							800						0	0	0	0	0	0	0	0	0	0		["医药"]	
11237	13408	NULL	华北理工大学轻工学院	河北	唐山市	本科		理工	民办	省教育厅	2	2	2	0	0	0	0	0	0							1130				1130	0.00	0	0	0	0	0	0	0	0	0	0		["理工"]	
10185	10079	NULL	华北电力大学(保定)	河北	保定市	本科		理工	公办	教育部	2	1	1	0	1	1	0	0	0							59				59	0.00	25	15	0	0	7	0	0	0	0	0		["理工"]	["211", "双一流", "研究生院", "保研", "国重点", "部委院校", "省部共建", "硕博点"]
10190	10054	NULL	华北电力大学(北京)	北京	昌平区	本科		理工	公办	教育部	2	1	1	0	1	1	0	0	0			84		100		51	108			51	0.00	34	22	0	0	2	0	0	0	0	0		["理工"]	["211", "双一流", "研究生院", "保研", "国重点", "部委院校", "省部共建", "硕博点"]
10099	10564	NULL	华南农业大学	广东	广州市	本科	区域特色研究型	农林	公办	省政府	2	2	1	0	0	1	0	0	0			103		81		143	54			143	0.00	72	73	0	0	1	0	0	0	0	0		["农林", "综合"]	["双一流", "研究生院", "保研", "国重点", "省属", "省部共建", "硕博点"]
11283	12623	NULL	华南农业大学珠江学院	广东	广州市	本科		综合	民办	省教育厅	2	2	2	0	0	0	0	0	0							1229				1229	0.00	0	0	0	0	0	0	0	0	0	0		["综合"]	
10103	10574	NULL	华南师范大学	广东	广州市	本科	区域特色研究型	师范	公办	省政府	2	1	1	0	1	1	1	0	1			79		78		83	59			83	0.00	210	139	0	0	2	0	0	0	0	0		["师范"]	["211", "双一流", "101计划", "研究生院", "保研", "国重点", "省属", "省部共建", "硕博点"]
10048	10561	NULL	华南理工大学	广东	广州市	本科	研究型	综合	公办	教育部	1	1	1	1	1	1	1	0	1			32	23	22		30	25			30	0.00	71	56	0	0	12	0	0	0	0	0		["综合"]	["985", "211", "双一流", "101计划", "研究生院(部)", "保研", "国重点", "部委院校", "省部共建", "E9", "硕博点"]
10223	10315	NULL	南京中医药大学	江苏	南京市	本科	特色研究型	医药	公办	省政府	2	2	1	0	0	1	1	0	1			93		177		186	126			186	0.00	57	15	0	0	2	0	0	0	0	0		["医药"]	["双一流", "101计划", "研究生院", "保研", "国重点", "省重点", "省属", "省部共建", "硕博点"]
10952	13981	NULL	南京中医药大学翰林学院	江苏	泰州市	本科		医药	民办	省教育厅	2	2	2	0	0	0	0	0	0							538						0	0	0	0	0	0	0	0	0	0		["医药"]	
11643	12804	NULL	南京交通职业技术学院	江苏	南京市	专科		理工	公办	省政府	2	2	2	0	0	0	0	0	0													0	0	0	0	0	0	0	0	0	0		["理工"]	["省属"]
10979	13687	NULL	南京传媒学院	江苏	南京市	本科		艺术	民办	省教育厅	2	2	2	0	0	0	0	0	0							1172				1172	0.00	0	0	0	0	0	0	0	0	0	0		["艺术"]	["省属"]
10666	10330	NULL	南京体育学院	江苏	南京市	本科		体育	公办	省政府	2	2	2	0	0	0	0	0	0			324				561	308			561	0.00	4	0	0	0	1	0	0	0	0	0		["体育"]	["保研", "省属", "硕博点"]
10239	10300	NULL	南京信息工程大学	江苏	南京市	本科	区域特色研究型	理工	公办	省政府	2	2	1	0	0	1	0	0	0			98		57		111	129			111	0.00	50	31	0	0	3	0	0	0	0	0		["理工"]	["双一流", "研究生院", "保研", "国重点", "省属", "省部共建", "硕博点"]
11442	13112	NULL	南京信息职业技术学院	江苏	南京市	专科		理工	公办	省政府	2	2	2	0	0	0	0	0	0													0	0	0	0	0	0	0	0	0	0		["理工"]	["省属", "双高计划", "高水平学校建设单位", "国家级骨干", "现代学徒制试点学院"]
10058	10307	NULL	南京农业大学	江苏	南京市	本科	特色研究型	农林	公办	教育部	2	1	1	0	1	1	1	0	1			55	55	43		103	44			103	0.00	72	66	0	0	2	0	0	0	0	0		["农林"]	["211", "双一流", "101计划", "研究生院(部)", "保研", "国重点", "部委院校", "省部共建", "硕博点"]
10184	10312	NULL	南京医科大学	江苏	南京市	本科	区域特色研究型	医药	公办	省政府	2	2	1	0	0	1	1	0	1			45		90		128	83			128	0.00	82	67	0	0	4	0	0	0	0	0		["医药"]	["双一流", "101计划", "研究生院", "保研", "国重点", "省属", "省部共建", "硕博点"]
11050	13980	NULL	南京医科大学康达学院	江苏	连云港市	本科		医药	民办	省教育厅	2	2	2	0	0	0	0	0	0							960				960	0.00	0	0	0	0	0	0	0	0	0	0		["医药"]	
12767	14001	NULL	南京城市职业学院	江苏	南京市	专科		综合	公办	省政府	2	2	2	0	0	0	0	0	0													0	0	0	0	0	0	0	0	0	0		["综合"]	
10010	10284	NULL	南京大学	江苏	南京市	本科	研究型	综合	公办	教育部	1	1	1	1	1	1	1	0	1			6	6	9		8	6			8	0.00	214	203	0	0	36	0	0	0	0	0		["综合"]	["985", "211", "双一流", "101计划", "研究生院(部)", "保研", "国重点", "部委院校", "省部共建", "C9", "硕博点"]
10442	11287	NULL	南京审计大学	江苏	南京市	本科	应用型	财经	公办	省政府	2	2	2	0	0	0	0	0	0			159		275		170	218			170	0.00	11	2	0	0	0	0	0	0	0	0		["财经"]	["研究生院", "省属", "省部共建", "硕博点"]
10955	13994	NULL	南京审计大学金审学院	江苏	南京市	本科		综合	民办	省教育厅	2	2	2	0	0	0	0	0	0							826				826	0.00	0	0	0	0	0	0	0	0	0	0		["综合"]	
10127	10291	NULL	南京工业大学	江苏	南京市	本科	区域特色研究型	理工	公办	省政府	2	2	2	0	0	0	0	0	0			88		85		182	84			182	0.00	191	53	0	0	6	0	0	0	0	0		["理工"]	["研究生院", "保研", "省重点", "省属", "省部共建", "硕博点"]
10945	13905	NULL	南京工业大学浦江学院	江苏	南京市	本科		理工	民办	省教育厅	2	2	2	0	0	0	0	0	0							999				999	0.00	0	0	0	0	0	0	0	0	0	0		["理工"]	
11377	10850	NULL	南京工业职业技术大学	江苏	南京市	本科		理工	公办	省政府	2	2	2	0	0	0	0	0	0							577				577	0.00	0	0	0	0	0	0	0	0	0	0		["理工"]	["省属", "双高计划", "国家级示范", "现代学徒制试点学院"]
10566	11276	NULL	南京工程学院	江苏	南京市	本科		理工	公办	省政府	2	2	2	0	0	0	0	0	0			273		316		365	276			365	0.00	17	0	0	0	0	0	0	0	0	0		["理工"]	["研究生院", "省属", "硕博点"]
10090	10319	NULL	南京师范大学	江苏	南京市	本科	特色研究型	综合	公办	省政府	2	1	1	0	1	1	1	0	1			58	56	70		76	47			76	0.00	98	74	0	0	1	0	0	0	0	0		["综合", "师范"]	["211", "双一流", "101计划", "研究生院", "保研", "国重点", "省属", "省部共建", "硕博点"]
10940	13906	NULL	南京师范大学中北学院	江苏	镇江市	本科		综合	民办	省教育厅	2	2	2	0	0	0	0	0	0							1061				1061	0.00	0	0	0	0	0	0	0	0	0	0		["综合"]	["省属"]
10942	13843	NULL	南京师范大学泰州学院	江苏	泰州市	本科		师范	民办	省教育厅	2	2	2	0	0	0	0	0	0							1023				1023	0.00	0	0	0	0	0	0	0	0	0	0		["师范"]	["省属"]
12616	14180	NULL	南京旅游职业学院	江苏	南京市	专科		其它	公办	省政府	2	2	2	0	0	0	0	0	0													0	0	0	0	0	0	0	0	0	0		["其它"]	["省属"]
10698	11460	NULL	南京晓庄学院	江苏	南京市	本科		师范	公办	省政府	2	2	2	0	0	0	0	0	0			333		357		492	306			492	0.00	3	0	0	0	0	0	0	0	0	0		["师范"]	["研究生院", "硕博点"]
12515	14056	NULL	南京机电职业技术学院	江苏	南京市	专科		理工	公办	省政府	2	2	2	0	0	0	0	0	0													0	0	0	0	0	0	0	0	0	0		["理工"]	
10177	10298	NULL	南京林业大学	江苏	南京市	本科	区域特色研究型	农林	公办	省政府	2	2	1	0	0	1	0	0	0			93		52		166	63			166	0.00	67	36	0	0	5	0	0	0	0	0		["农林"]	["双一流", "研究生院", "保研", "国重点", "省属", "省部共建", "硕博点"]
10889	12048	NULL	南京特殊教育师范学院	江苏	南京市	本科		师范	公办	省政府	2	2	2	0	0	0	0	0	0			448				581	500			581	0.00	0	0	0	0	0	0	0	0	0	0		["师范"]	["省属"]
10063	10288	NULL	南京理工大学	江苏	南京市	本科	特色研究型	理工	公办	工信部	2	1	1	0	1	1	0	0	0			36	44	60		40	37			40	0.00	60	22	0	0	8	0	0	0	0	0		["理工"]	["211", "双一流", "研究生院(部)", "保研", "国重点", "部委院校", "省部共建", "国防七子", "硕博点"]
11012	13842	NULL	南京理工大学泰州科技学院	江苏	泰州市	本科		理工	民办	省教育厅	2	2	2	0	0	0	0	0	0							1063				1063	0.00	0	0	0	0	0	0	0	0	0	0		["理工"]	
11331	13654	NULL	南京理工大学紫金学院	江苏	南京市	本科		理工	民办	省教育厅	2	2	2	0	0	0	0	0	0							880				880	0.00	0	0	0	0	0	0	0	0	0	0		["理工"]	
11544	12920	NULL	南京科技职业学院	江苏	南京市	专科		理工	公办	省政府	2	2	2	0	0	0	0	0	0													0	0	0	0	0	0	0	0	0	0		["理工"]	["国家级骨干"]
10074	10287	NULL	南京航空航天大学	江苏	南京市	本科	特色研究型	理工	公办	工信部	2	1	1	0	1	1	1	0	1			37	41	73		32	47			32	0.00	43	27	0	0	15	0	0	0	0	0		["理工"]	["211", "双一流", "101计划", "研究生院(部)", "保研", "国重点", "部委院校", "省部共建", "国防七子", "硕博点"]
10946	13655	NULL	南京航空航天大学金城学院	江苏	南京市	本科		理工	民办	省教育厅	2	2	2	0	0	0	0	0	0							992				992	0.00	0	0	0	0	0	0	0	0	0	0		["理工"]	
10360	10331	NULL	南京艺术学院	江苏	南京市	本科	区域特色研究型	艺术	公办	省政府	2	2	2	0	0	0	0	0	0							553	172			553	0.00	2	2	0	0	0	0	0	0	0	0		["艺术"]	["保研", "省部共建", "硕博点"]
12739	13964	NULL	南京视觉艺术职业学院	江苏	南京市	专科		艺术	民办	省教育厅	2	2	2	0	0	0	0	0	0													0	0	0	0	0	0	0	0	0	0		["艺术"]	
10781	12213	NULL	南京警察学院	江苏	南京市	本科		政法	公办	公安部	2	2	2	0	0	0	0	0	0			290				212	455			212	0.00	1	0	0	0	0	0	0	0	0	0		["政法"]	["部委院校", "硕博点"]
10378	10327	NULL	南京财经大学	江苏	南京市	本科	应用型	财经	公办	省政府	2	2	2	0	0	0	0	0	0			129		141		205	180			205	0.00	18	2	0	0	1	0	0	0	0	0		["财经"]	["研究生院", "保研", "省重点", "省属", "省部共建", "硕博点"]
10953	13990	NULL	南京财经大学红山学院	江苏	南京市	本科		财经	民办	省教育厅	2	2	2	0	0	0	0	0	0							932				932	0.00	0	0	0	0	0	0	0	0	0	0		["财经"]	
10193	10293	NULL	南京邮电大学	江苏	南京市	本科	区域特色研究型	理工	公办	省政府	2	2	1	0	0	1	0	0	0			82		102		78	122			78	0.00	31	23	0	0	4	0	0	0	0	0		["理工"]	["双一流", "研究生院", "保研", "国重点", "省属", "省部共建", "硕博点"]
10962	13989	NULL	南京邮电大学通达学院	江苏	扬州市	本科		其它	民办	省教育厅	2	2	2	0	0	0	0	0	0							989				989	0.00	0	0	0	0	0	0	0	0	0	0		["其它"]	
11678	13106	NULL	南京铁道职业技术学院	江苏	南京市	专科		理工	公办	省政府	2	2	2	0	0	0	0	0	0													0	0	0	0	0	0	0	0	0	0		["理工"]	["省属", "双高计划", "高水平专业群建设单位", "现代学徒制试点学院"]
11827	14728	NULL	南充文化旅游职业学院	四川	南充市	专科		其它	公办	省政府	2	2	2	0	0	0	0	0	0													0	0	0	0	0	0	0	0	0	0		["其它"]	
11846	14729	NULL	南充电影工业职业学院	四川	南充市	专科		艺术	民办	省教育厅	2	2	2	0	0	0	0	0	0													0	0	0	0	0	0	0	0	0	0		["艺术"]	
12092	14671	NULL	南充科技职业学院	四川	南充市	专科		综合	民办	省教育厅	2	2	2	0	0	0	0	0	0													0	0	0	0	0	0	0	0	0	0		["综合"]	
11745	12639	NULL	南充职业技术学院	四川	南充市	专科		综合	公办	省政府	2	2	2	0	0	0	0	0	0													0	0	0	0	0	0	0	0	0	0			
10355	10555	NULL	南华大学	湖南	衡阳市	本科	应用型	综合	公办	省政府	2	2	2	0	0	0	0	0	0			198		251		319	142			319	0.00	28	7	0	0	1	0	0	0	0	0		["综合"]	["研究生院", "保研", "省属", "省部共建", "硕博点"]
11174	12650	NULL	南华大学船山学院	湖南	衡阳市	本科		综合	民办	省教育厅	2	2	2	0	0	0	0	0	0							958				958	0.00	0	0	0	0	0	0	0	0	0	0		["综合"]	
11074	11549	NULL	南宁学院	广西	南宁市	本科		理工	民办	自治区教育厅	2	2	2	0	0	0	0	0	0							1052				1052	0.00	0	0	0	0	0	0	0	0	0	0		["理工"]	
10416	10603	NULL	南宁师范大学	广西	南宁市	本科	应用型	师范	公办	自治区政府	2	2	2	0	0	0	0	0	0			295		378		328	228			328	0.00	59	1	0	0	1	0	0	0	0	0		["师范"]	["研究生院", "硕博点"]
11223	13642	NULL	南宁师范大学师园学院	广西	南宁市	本科		综合	民办	自治区教育厅	2	2	2	0	0	0	0	0	0							906				906	0.00	0	0	0	0	0	0	0	0	0	0		["综合"]	
11372	13645	NULL	南宁理工学院	广西	桂林市	本科		理工	民办	自治区教育厅	2	2	2	0	0	0	0	0	0							1168				1168	0.00	0	0	0	0	0	0	0	0	0	0		["理工"]	
11626	11355	NULL	南宁职业技术大学	广西	南宁市	本科		综合	公办	自治区政府	2	2	2	0	0	0	0	0	0							761				761	0.00	0	0	0	0	0	0	0	0	0	0		["综合"]	["双高计划", "高水平学校建设单位", "国家级示范", "现代学徒制试点学院"]
10021	10055	NULL	南开大学	天津	南开区	本科	研究型	综合	公办	教育部	1	1	1	1	1	1	1	0	1			21	21	22		15	7			15	0.00	83	44	0	0	15	0	0	0	0	0		["综合"]	["985", "211", "双一流", "101计划", "研究生院(部)", "保研", "国重点", "部委院校", "省部共建", "硕博点"]
10966	13663	NULL	南开大学滨海学院	天津	滨海新区	本科		综合	民办	市教委	2	2	2	0	0	0	0	0	0							458						0	0	0	0	0	0	0	0	0	0		["综合"]	
10129	12121	NULL	南方医科大学	广东	广州市	本科	区域特色研究型	医药	公办	省政府	2	2	2	0	0	0	1	0	1			42		86		121	63			121	0.00	104	72	0	0	4	0	0	0	0	0		["医药"]	["101计划", "研究生院", "保研", "国重点", "省重点", "省属", "省部共建", "硕博点"]
10165	14325	NULL	南方科技大学	广东	深圳市	本科	应用型	理工	公办	省政府	2	2	1	0	0	1	1	0	1			30	20	13		19	15			19	0.00	18	17	0	0	7	0	0	0	0	0		["理工"]	["双一流", "101计划", "研究生院", "保研", "国重点", "硕博点"]
11054	13431	NULL	南昌交通学院	江西	南昌市	本科		综合	民办	省教育厅	2	2	2	0	0	0	0	0	0							1205				1205	0.00	0	0	0	0	0	0	0	0	0	0		["综合"]	
11861	14705	NULL	南昌健康职业技术学院	江西	南昌市	专科		医药	公办	省政府	2	2	2	0	0	0	0	0	0													0	0	0	0	0	0	0	0	0	0		["医药"]	
11027	13437	NULL	南昌医学院	江西	南昌市	本科		医药	公办	省政府	2	2	2	0	0	0	0	0	0			419				654	500			654	0.00	0	0	0	0	0	0	0	0	0	0		["医药"]	
10073	10403	NULL	南昌大学	江西	南昌市	本科	区域研究型	综合	公办	省政府	2	1	1	0	1	1	0	0	0			74		80		167	46			167	0.00	114	40	0	0	5	0	0	0	0	0		["综合"]	["211", "双一流", "研究生院", "保研", "国重点", "省属", "省部共建", "硕博点"]
11201	13430	NULL	南昌大学共青学院	江西	九江市	本科		综合	民办	省教育厅	2	2	2	0	0	0	0	0	0							1011				1011	0.00	0	0	0	0	0	0	0	0	0	0		["综合"]	
11120	13429	NULL	南昌大学科学技术学院	江西	九江市	本科		综合	民办	省教育厅	2	2	2	0	0	0	0	0	0							976				976	0.00	0	0	0	0	0	0	0	0	0	0		["综合"]	
11341	13421	NULL	南昌工学院	江西	南昌市	本科		理工	民办	省教育厅	2	2	2	0	0	0	0	0	0							1238				1238	0.00	0	0	0	0	0	0	0	0	0	0		["理工"]	
10867	14437	NULL	南昌师范学院	江西	南昌市	本科		师范	公办	省政府	2	2	2	0	0	0	0	0	0			440				632	416			632	0.00	0	0	0	0	0	0	0	0	0	0		["师范"]	["省属"]
11142	13440	NULL	南昌应用技术师范学院	江西	南昌市	本科		师范	民办	省教育厅	2	2	2	0	0	0	0	0	0							1094				1094	0.00	0	0	0	0	0	0	0	0	0	0		["师范"]	
12820	14544	NULL	南昌影视传播职业学院	江西	南昌市	专科		综合	民办	省教育厅	2	2	2	0	0	0	0	0	0													0	0	0	0	0	0	0	0	0	0		["综合"]	
11042	12795	NULL	南昌理工学院	江西	南昌市	本科		综合	民办	省教育厅	2	2	2	0	0	0	0	0	0							1185				1185	0.00	0	0	0	0	0	0	0	0	0	0		["综合"]	
70680		NULL	南昌科技职业大学	江西	南昌市	本科			民办		2	2	2	0	0	0	0	0	0													0	0	0	0	0	0	0	0	0	0			
11023	13420	NULL	南昌职业大学	江西	南昌市	本科		综合	民办	省教育厅	2	2	2	0	0	0	0	0	0							1283				1283	0.00	0	0	0	0	0	0	0	0	0	0		["综合"]	
10324	10406	NULL	南昌航空大学	江西	南昌市	本科	应用型	理工	公办	省政府	2	2	2	0	0	0	0	0	0			181		241		197	187			197	0.00	31	3	0	0	0	0	0	0	0	0		["理工"]	["保研", "省属", "省部共建", "硕博点"]
11041	13433	NULL	南昌航空大学科技学院	江西	南昌市	本科		综合	民办	省教育厅	2	2	2	0	0	0	0	0	0							1025				1025	0.00	0	0	0	0	0	0	0	0	0	0		["综合"]	
70646	14915	NULL	南通卫生健康职业学院	江苏	南通市	专科		医药	公办		2	2	2	0	0	0	0	0	0													0	0	0	0	0	0	0	0	0	0		["医药"]	
10297	10304	NULL	南通大学	江苏	南通市	本科	应用型	综合	公办	省政府	2	2	2	0	0	0	0	0	0			147		182		251	169			251	0.00	54	12	0	0	0	0	0	0	0	0		["综合"]	["研究生院", "保研", "省重点", "省属", "省部共建", "硕博点"]
10958	13993	NULL	南通大学杏林学院	江苏	南通市	本科		综合	民办	省教育厅	2	2	2	0	0	0	0	0	0							1115				1115	0.00	0	0	0	0	0	0	0	0	0	0		["综合"]	
12108	14493	NULL	南通师范高等专科学校	江苏	南通市	专科		师范	公办	省政府	2	2	2	0	0	0	0	0	0													0	0	0	0	0	0	0	0	0	0		["师范"]	["省属"]
11373	12056	NULL	南通理工学院	江苏	南通市	本科		综合	民办	省教育厅	2	2	2	0	0	0	0	0	0							1249				1249	0.00	0	0	0	0	0	0	0	0	0	0		["综合"]	
11994	12684	NULL	南通科技职业学院	江苏	南通市	专科		综合	公办	省政府	2	2	2	0	0	0	0	0	0													0	0	0	0	0	0	0	0	0	0		["综合"]	
11448	11052	NULL	南通职业大学	江苏	南通市	专科		综合	公办	省政府	2	2	2	0	0	0	0	0	0													0	0	0	0	0	0	0	0	0	0		["综合"]	["省属", "高水平专业群建设单位", "现代学徒制试点学院"]
12584	14479	NULL	南阳农业职业学院	河南	南阳市	专科		农林	公办	省政府	2	2	2	0	0	0	0	0	0													0	0	0	0	0	0	0	0	0	0		["农林"]	
11432	13781	NULL	南阳医学高等专科学校	河南	南阳市	专科		医药	公办	省政府	2	2	2	0	0	0	0	0	0													0	0	0	0	0	0	0	0	0	0		["医药"]	
70340	14789	NULL	南阳工艺美术职业学院	河南	南阳市	专科		艺术	公办	省政府	2	2	2	0	0	0	0	0	0													0	0	0	0	0	0	0	0	0	0		["艺术"]	
10696	10481	NULL	南阳师范学院	河南	南阳市	本科		师范	公办	省政府	2	2	2	0	0	0	0	0	0			419		330		713	302			713	0.00	23	0	0	0	0	0	0	0	0	0		["师范"]	["省属", "硕博点"]
10718	11653	NULL	南阳理工学院	河南	南阳市	本科		理工	公办	省政府	2	2	2	0	0	0	0	0	0			450				678	416			678	0.00	0	0	0	0	0	0	0	0	0	0		["理工"]	
11836	14714	NULL	南阳科技职业学院	河南	南阳市	专科		理工	公办	省政府	2	2	2	0	0	0	0	0	0													0	0	0	0	0	0	0	0	0	0		["理工"]	
12734	14353	NULL	南阳职业学院	河南	南阳市	专科		综合	民办	省教育厅	2	2	2	0	0	0	0	0	0													0	0	0	0	0	0	0	0	0	0		["综合"]	
12897	14622	NULL	博尔塔拉职业技术学院	新疆	博尔塔拉蒙古自治州	专科		综合	公办	自治区政府	2	2	2	0	0	0	0	0	0													0	0	0	0	0	0	0	0	0	0		["综合"]	
12693	14112	NULL	厦门东海职业技术学院	福建	厦门市	专科		综合	民办	省教育厅	2	2	2	0	0	0	0	0	0													0	0	0	0	0	0	0	0	0	0		["综合"]	
12428	13979	NULL	厦门兴才职业技术学院	福建	厦门市	专科		综合	民办	省教育厅	2	2	2	0	0	0	0	0	0													0	0	0	0	0	0	0	0	0	0		["综合"]	
10870	12631	NULL	厦门医学院	福建	厦门市	本科		医药	公办	省政府	2	2	2	0	0	0	0	0	0			369				549	500			549	0.00	0	0	0	0	0	0	0	0	0	0		["医药"]	["省属"]
11340	12709	NULL	厦门华厦学院	福建	厦门市	本科		综合	民办	省教育厅	2	2	2	0	0	0	0	0	0							1275				1275	0.00	0	0	0	0	1	0	0	0	0	0		["综合"]	
12357	13768	NULL	厦门华天涉外职业技术学院	福建	厦门市	专科		综合	民办	省教育厅	2	2	2	0	0	0	0	0	0													0	0	0	0	0	0	0	0	0	0		["综合"]	
12429	14111	NULL	厦门南洋职业学院	福建	厦门市	专科		综合	民办	省教育厅	2	2	2	0	0	0	0	0	0													0	0	0	0	0	0	0	0	0	0		["综合"]	
12114	13973	NULL	厦门城市职业学院	福建	厦门市	专科		综合	公办	省政府	2	2	2	0	0	0	0	0	0													0	0	0	0	0	0	0	0	0	0		["综合"]	
10038	10384	NULL	厦门大学	福建	厦门市	本科	研究型	综合	公办	教育部	1	1	1	1	1	1	1	0	1			25	19	27		27	23			27	0.00	133	206	0	0	17	0	0	0	0	0		["综合"]	["985", "211", "双一流", "101计划", "研究生院(部)", "保研", "国重点", "部委院校", "省部共建", "硕博点"]
10941	13469	NULL	厦门大学嘉庚学院	福建	漳州市	本科		综合	民办	省教育厅	2	2	2	0	0	0	0	0	0							884				884	0.00	0	0	0	0	0	0	0	0	0	0		["综合"]	["省属"]
12721	14257	NULL	厦门安防科技职业学院	福建	厦门市	专科		综合	民办	省教育厅	2	2	2	0	0	0	0	0	0													0	0	0	0	0	0	0	0	0	0		["综合"]	
11161	13115	NULL	厦门工学院	福建	厦门市	本科		理工	民办	省教育厅	2	2	2	0	0	0	0	0	0							1268				1268	0.00	0	0	0	0	2	0	0	0	0	0		["理工"]	
11903	12629	NULL	厦门海洋职业技术学院	福建	厦门市	专科		综合	公办	省政府	2	2	2	0	0	0	0	0	0													0	0	0	0	0	0	0	0	0	0		["综合"]	
12762	13767	NULL	厦门演艺职业学院	福建	厦门市	专科		艺术	民办	省教育厅	2	2	2	0	0	0	0	0	0													0	0	0	0	0	0	0	0	0	0		["艺术"]	
10571	11062	NULL	厦门理工学院	福建	厦门市	本科		理工	公办	省政府	2	2	2	0	0	0	0	0	0			246		364		307	399			307	0.00	19	0	0	0	0	0	0	0	0	0		["理工"]	["省重点", "省属", "硕博点"]
12320	14059	NULL	厦门软件职业技术学院	福建	厦门市	专科		综合	民办	省教育厅	2	2	2	0	0	0	0	0	0													0	0	0	0	0	0	0	0	0	0		["综合"]	
70590	14877	NULL	双河职业技术学院	新疆	直辖县级市	专科		综合	公办	新疆生产建设兵团	2	2	2	0	0	0	0	0	0													0	0	0	0	0	0	0	0	0	0		["综合"]	
70363	14826	NULL	可克达拉职业技术学院	新疆	直辖县级市	专科		综合	公办	新疆生产建设兵团	2	2	2	0	0	0	0	0	0													0	0	0	0	0	0	0	0	0	0		["综合"]	
10336	10350	NULL	台州学院	浙江	台州市	本科	应用型	综合	公办	省政府	2	2	2	0	0	0	0	0	0			278		235		532	328			532	0.00	3	0	0	0	1	0	0	0	0	0		["综合"]	["研究生院", "硕博点"]
12217	13746	NULL	台州科技职业学院	浙江	台州市	专科		综合	公办	省政府	2	2	2	0	0	0	0	0	0													0	0	0	0	0	0	0	0	0	0		["综合"]	
11481	12790	NULL	台州职业技术学院	浙江	台州市	专科		理工	公办	省政府	2	2	2	0	0	0	0	0	0													0	0	0	0	0	0	0	0	0	0		["理工"]	["现代学徒制试点学院"]
10643	10599	NULL	右江民族医学院	广西	百色市	本科		医药	公办	自治区政府	2	2	2	0	0	0	0	0	0			381				438	328			438	0.00	10	0	0	0	0	0	0	0	0	0		["医药"]	["研究生院", "省属", "硕博点"]
12347	14230	NULL	合肥信息技术职业学院	安徽	合肥市	专科		理工	民办	省教育厅	2	2	2	0	0	0	0	0	0													0	0	0	0	0	0	0	0	0	0		["理工"]	["省属"]
12723	14135	NULL	合肥共达职业技术学院	安徽	合肥市	专科		理工	民办	省教育厅	2	2	2	0	0	0	0	0	0													0	0	0	0	0	0	0	0	0	0		["理工"]	["省属"]
11374	13615	NULL	合肥城市学院	安徽	合肥市	本科		理工	民办	省教育厅	2	2	2	0	0	0	0	0	0											1277	0.00	0	0	0	0	0	0	0	0	0	0			
10495	11059	NULL	合肥大学	安徽	合肥市	本科	应用型	综合	公办	省政府	2	2	2	0	0	0	0	0	0			316		412		429	225			429	0.00	5	0	0	0	0	0	0	0	0	0		["综合"]	["研究生院", "硕博点"]
10071	10359	NULL	合肥工业大学	安徽	合肥市	本科	特色研究型	理工	公办	教育部	2	1	1	0	1	1	0	0	0			80		107		70	70			70	0.00	58	27	0	0	4	0	0	0	0	0		["理工"]	["211", "双一流", "研究生院", "保研", "国重点", "部委院校", "省部共建", "硕博点"]
10072	19359	NULL	合肥工业大学(宣城校区)	安徽	宣城市	本科	区域特色研究型	综合	公办	教育部	2	1	1	0	1	1	0	0	0							107				107	0.00	0	0	0	0	0	0	0	0	0	0		["综合"]	["211", "双一流", "保研", "国重点", "部委院校", "省部共建"]
10685	14098	NULL	合肥师范学院	安徽	合肥市	本科		师范	公办	省政府	2	2	2	0	0	0	0	0	0			414				648	328			648	0.00	3	0	0	0	0	0	0	0	0	0		["师范"]	["省属"]
12189	14330	NULL	合肥幼儿师范高等专科学校	安徽	合肥市	专科		师范	公办	省政府	2	2	2	0	0	0	0	0	0													0	0	0	0	0	0	0	0	0	0		["师范"]	
11099	13612	NULL	合肥理工学院	安徽	合肥市	本科		理工	公办	省教育厅	2	2	2	0	0	0	0	0	0			500				669	500			669	0.00	0	0	0	0	0	0	0	0	0	0		["理工"]	
12510	14420	NULL	合肥科技职业学院	安徽	合肥市	专科		理工	民办	省教育厅	2	2	2	0	0	0	0	0	0													0	0	0	0	0	0	0	0	0	0		["理工"]	
11125	13616	NULL	合肥经济学院	安徽	合肥市	本科		综合	民办	省教育厅	2	2	2	0	0	0	0	0	0							1171				1171	0.00	0	0	0	0	0	0	0	0	0	0		["综合"]	
12116	13058	NULL	合肥职业技术学院	安徽	合肥市	专科		综合	公办	省政府	2	2	2	0	0	0	0	0	0													0	0	0	0	0	0	0	0	0	0		["综合"]	["双高计划", "现代学徒制试点学院"]
11910	12410	NULL	合肥通用职业技术学院	安徽	合肥市	专科		理工	公办	省政府	2	2	2	0	0	0	0	0	0													0	0	0	0	0	0	0	0	0	0		["理工"]	
11182	12802	NULL	吉利学院	四川	成都市	本科		理工	民办	省教育厅	2	2	2	0	0	0	0	0	0							1177				1177	0.00	0	0	0	0	0	0	0	0	0	0		["理工"]	
70367	14807	NULL	吉安幼儿师范高等专科学校	江西	吉安市	专科		师范	公办	省政府	2	2	2	0	0	0	0	0	0													0	0	0	0	0	0	0	0	0	0		["师范"]	
12051	14504	NULL	吉安职业技术学院	江西	吉安市	专科		综合	公办	省政府	2	2	2	0	0	0	0	0	0													0	0	0	0	0	0	0	0	0	0		["综合"]	
11761	12049	NULL	吉林交通职业技术学院	吉林	长春市	专科		理工	公办	省政府	2	2	2	0	0	0	0	0	0													0	0	0	0	0	0	0	0	0	0			
10642	10208	NULL	吉林体育学院	吉林	长春市	本科		体育	公办	省政府	2	2	2	0	0	0	0	0	0			458				891	356			891	0.00	4	0	0	0	0	0	0	0	0	0		["体育"]	["硕博点"]
10308	10193	NULL	吉林农业大学	吉林	长春市	本科	区域特色研究型	农林	公办	省政府	2	2	2	0	0	0	0	0	0			161		311		657	183			657	0.00	49	26	0	0	1	0	0	0	0	0		["农林"]	["研究生院", "保研", "省重点", "省属", "省部共建", "硕博点"]
10652	11439	NULL	吉林农业科技学院	吉林	吉林市	本科		农林	公办	省政府	2	2	2	0	0	0	0	0	0			488				829	416			829	0.00	0	0	0	0	0	0	0	0	0	0		["农林"]	["省属"]
11180	13607	NULL	吉林动画学院	吉林	长春市	本科		艺术	民办	省教育厅	2	2	2	0	0	0	0	0	0							1151				1151	0.00	0	0	0	0	0	0	0	0	0	0		["艺术"]	
10466	10192	NULL	吉林化工大学	吉林	吉林市	本科	应用型	理工	公办	省政府	2	2	2	0	0	0	0	0	0			412		421		692	265			692	0.00	9	0	0	0	0	0	0	0	0	0		["理工"]	["研究生院", "省属", "硕博点"]
10822	13706	NULL	吉林医药学院	吉林	吉林市	本科		医药	公办	省政府	2	2	2	0	0	0	0	0	0			450				684	399			684	0.00	0	0	0	0	1	0	0	0	0	0		["医药"]	["省属"]
12200	12901	NULL	吉林司法警官职业学院	吉林	长春市	专科		政法	公办	省政府	2	2	2	0	0	0	0	0	0													0	0	0	0	0	0	0	0	0	0		["政法"]	
12054	14426	NULL	吉林城市职业技术学院	吉林	长春市	专科		综合	民办	省教育厅	2	2	2	0	0	0	0	0	0													0	0	0	0	0	0	0	0	0	0		["综合"]	
10689	10964	NULL	吉林外国语大学	吉林	长春市	本科		语言	民办	省教育厅	2	2	2	0	0	0	0	0	0							1068				1068	0.00	12	0	0	0	0	0	0	0	0	0		["语言"]	["研究生院", "省重点", "硕博点"]
10032	10183	NULL	吉林大学	吉林	长春市	本科	研究型	综合	公办	教育部	1	1	1	1	1	1	1	0	1			26	29	41		50	26			50	0.00	146	200	0	0	15	0	0	0	0	0		["综合"]	["985", "211", "双一流", "101计划", "研究生院(部)", "保研", "国重点", "部委院校", "省部共建", "五院四系", "硕博点"]
12130	12903	NULL	吉林工业职业技术学院	吉林	吉林市	专科		理工	公办	省政府	2	2	2	0	0	0	0	0	0													0	0	0	0	0	0	0	0	0	0		["理工"]	["省重点", "双高计划", "国家级示范", "现代学徒制试点学院"]
10636	11261	NULL	吉林工商学院	吉林	长春市	本科		财经	公办	省政府	2	2	2	0	0	0	0	0	0			500				760	433			760	0.00	0	0	0	0	0	0	0	0	0	0		["财经"]	["省属"]
10619	10204	NULL	吉林工程技术师范学院	吉林	长春市	本科		师范	公办	省政府	2	2	2	0	0	0	0	0	0			482				837	356			837	0.00	9	0	0	0	1	0	0	0	0	0		["师范"]	["省属"]
12150	12904	NULL	吉林工程职业学院	吉林	四平市	专科		理工	公办	省政府	2	2	2	0	0	0	0	0	0													0	0	0	0	0	0	0	0	0	0		["理工"]	["省属"]
10438	10203	NULL	吉林师范大学	吉林	四平市	本科	应用型	师范	公办	省政府	2	2	2	0	0	0	0	0	0			322		326		465	258			465	0.00	44	2	0	0	0	0	0	0	0	0		["师范"]	["研究生院", "保研", "省重点", "硕博点"]
11093	13622	NULL	吉林师范大学博达学院	吉林	四平市	本科		师范	民办	省教育厅	2	2	2	0	0	0	0	0	0							1136				1136	0.00	0	0	0	0	0	0	0	0	0	0		["师范"]	
10552	10191	NULL	吉林建筑大学	吉林	长春市	本科		理工	公办	省政府	2	2	2	0	0	0	0	0	0			294		422		740	399			740	0.00	21	0	0	0	0	0	0	0	0	0		["理工"]	["研究生院", "省重点", "省属", "省部共建", "硕博点"]
10961	13604	NULL	吉林建筑科技学院	吉林	长春市	本科		理工	民办	省教育厅	2	2	2	0	0	0	0	0	0							1195				1195	0.00	0	0	0	0	0	0	0	0	0	0		["理工"]	["省属"]
11396	14602	NULL	吉林水利电力职业学院	吉林	长春市	专科		综合	公办	省政府	2	2	2	0	0	0	0	0	0													0	0	0	0	0	0	0	0	0	0		["综合"]	["省属"]
12128	12902	NULL	吉林电子信息职业技术学院	吉林	吉林市	专科		理工	公办	省政府	2	2	2	0	0	0	0	0	0													0	0	0	0	0	0	0	0	0	0		["理工"]	["省属", "现代学徒制试点学院"]
12651	51243	NULL	吉林省经济管理干部学院	吉林	长春市	专科		财经	公办	省政府	2	2	2	0	0	0	0	0	0													0	0	0	0	0	0	0	0	0	0		["财经"]	["省属"]
12591	14291	NULL	吉林科技职业技术学院	吉林	长春市	专科		理工	民办	省教育厅	2	2	2	0	0	0	0	0	0													0	0	0	0	0	0	0	0	0	0		["理工"]	
12856	14567	NULL	吉林职业技术学院	吉林	延边朝鲜族自治州	专科		综合	民办	省教育厅	2	2	2	0	0	0	0	0	0													0	0	0	0	0	0	0	0	0	0		["综合"]	
10763	10209	NULL	吉林艺术学院	吉林	长春市	本科		艺术	公办	省政府	2	2	2	0	0	0	0	0	0							859	341			859	0.00	9	0	0	0	0	0	0	0	0	0		["艺术"]	["省属", "硕博点"]
10641	11441	NULL	吉林警察学院	吉林	长春市	本科		政法	公办	省政府	2	2	2	0	0	0	0	0	0			429				524	447			524	0.00	0	0	0	0	0	0	0	0	0	0		["政法"]	["省属"]
10411	10207	NULL	吉林财经大学	吉林	长春市	本科	应用型	财经	公办	省政府	2	2	2	0	0	0	0	0	0			222				411	265			411	0.00	32	2	0	0	0	0	0	0	0	0		["财经"]	["研究生院", "保研", "省重点", "省部共建", "硕博点"]
70067	14743	NULL	吉林通用航空职业技术学院	吉林	吉林市	专科		综合	公办	省政府	2	2	2	0	0	0	0	0	0													0	0	0	0	0	0	0	0	0	0		["综合"]	
12579	14052	NULL	吉林铁道职业技术大学	吉林	吉林市	本科		理工	公办	省政府	2	2	2	0	0	0	0	0	0							489				489	0.00	0	0	0	0	0	0	0	0	0	0		["理工"]	["省属", "双高计划", "高水平专业群建设单位", "现代学徒制试点学院"]
10440	10531	NULL	吉首大学	湖南	湘西土家族苗族自治州	本科	应用型	综合	公办	省政府	2	2	2	0	0	0	0	0	0			323		209		468	211			468	0.00	22	3	0	0	0	0	0	0	0	0		["综合"]	["研究生院", "保研", "省部共建", "硕博点"]
10033	10247	NULL	同济大学	上海	杨浦区	本科	研究型	综合	公办	教育部	1	1	1	1	1	1	1	0	1			18	8	14		12	17			12	0.00	307	217	0	0	47	0	0	0	0	0		["综合"]	["985", "211", "双一流", "101计划", "研究生院(部)", "保研", "国重点", "部委院校", "省部共建", "E9", "硕博点"]
10963	14206	NULL	同济大学浙江学院	浙江	嘉兴市	本科		综合	民办	省教育厅	2	2	2	0	0	0	0	0	0							753						0	0	0	0	0	0	0	0	0	0		["综合"]	
12860	14585	NULL	吐鲁番职业技术学院	新疆	吐鲁番市	专科		理工	公办	自治区政府	2	2	2	0	0	0	0	0	0													0	0	0	0	0	0	0	0	0	0		["理工"]	
10673	10812	NULL	吕梁学院	山西	吕梁市	本科		综合	公办	省政府	2	2	2	0	0	0	0	0	0			500				991	467			991	0.00	0	0	0	0	0	0	0	0	0	0		["综合"]	["省属"]
70328	14777	NULL	吕梁师范高等专科学校	山西	吕梁市	专科		师范	公办	省政府	2	2	2	0	0	0	0	0	0													0	0	0	0	0	0	0	0	0	0		["师范"]	
11506	14500	NULL	吕梁职业技术学院	山西	吕梁市	专科		综合	公办	省政府	2	2	2	0	0	0	0	0	0													0	0	0	0	0	0	0	0	0	0			
70604	14864	NULL	周口城市职业学院	河南	周口市	专科		综合	民办	省教育厅	2	2	2	0	0	0	0	0	0													0	0	0	0	0	0	0	0	0	0		["综合"]	
10762	10478	NULL	周口师范学院	河南	周口市	本科		师范	公办	省政府	2	2	2	0	0	0	0	0	0			389				780	325			780	0.00	0	0	0	0	0	0	0	0	0	0		["师范"]	["省属"]
70055	14751	NULL	周口文理职业学院	河南	周口市	专科		综合	公办	省政府	2	2	2	0	0	0	0	0	0													0	0	0	0	0	0	0	0	0	0		["综合"]	
70658	14931	NULL	周口智慧能源职业学院	河南	周口市	专科		理工	民办		2	2	2	0	0	0	0	0	0													0	0	0	0	0	0	0	0	0	0		["理工"]	
70343	14792	NULL	周口理工职业学院	河南	周口市	专科		理工	公办	省政府	2	2	2	0	0	0	0	0	0													0	0	0	0	0	0	0	0	0	0		["理工"]	
11747	12750	NULL	周口职业技术学院	河南	周口市	专科		综合	公办	省政府	2	2	2	0	0	0	0	0	0													0	0	0	0	0	0	0	0	0	0		["综合"]	
10790	10819	NULL	呼伦贝尔学院	内蒙古	呼伦贝尔市	本科		综合	公办	自治区政府	2	2	2	0	0	0	0	0	0			500				923	399			923	0.00	5	0	0	0	1	0	0	0	0	0		["综合"]	["硕博点"]
11583	14283	NULL	呼伦贝尔职业技术学院	内蒙古	呼伦贝尔市	专科		综合	公办	自治区政府	2	2	2	0	0	0	0	0	0													0	0	0	0	0	0	0	0	0	0			
10890	11709	NULL	呼和浩特民族学院	内蒙古	呼和浩特市	本科		民族	公办	自治区政府	2	2	2	0	0	0	0	0	0			500				754	382			754	0.00	3	0	0	0	0	0	0	0	0	0		["民族"]	["省重点", "省属", "省部共建", "硕博点"]
12731	12670	NULL	呼和浩特职业技术大学	内蒙古	呼和浩特市	本科		综合	公办	自治区政府	2	2	2	0	0	0	0	0	0							982				982	0.00	0	0	0	0	0	0	0	0	0	0		["综合"]	
70069	14748	NULL	和君职业学院	江西	赣州市	专科		综合	民办	省教育厅	2	2	2	0	0	0	0	0	0													0	0	0	0	0	0	0	0	0	0		["综合"]	
12679	14652	NULL	和田职业技术学院	新疆	和田地区	专科		综合	公办	自治区政府	2	2	2	0	0	0	0	0	0													0	0	0	0	0	0	0	0	0	0		["综合"]	
11504	13265	NULL	咸宁职业技术学院	湖北	咸宁市	专科		综合	公办	省政府	2	2	2	0	0	0	0	0	0													0	0	0	0	0	0	0	0	0	0		["综合"]	["现代学徒制试点学院"]
10847	10722	NULL	咸阳师范学院	陕西	咸阳市	本科		师范	公办	省政府	2	2	2	0	0	0	0	0	0			486				611	356			611	0.00	2	0	0	0	0	0	0	0	0	0		["师范"]	["省属", "硕博点"]
11764	13946	NULL	咸阳职业技术学院	陕西	咸阳市	专科		综合	公办	省政府	2	2	2	0	0	0	0	0	0													0	0	0	0	0	0	0	0	0	0			
12324	14524	NULL	哈密职业技术学院	新疆	哈密地区	专科		理工	公办	自治区政府	2	2	2	0	0	0	0	0	0													0	0	0	0	0	0	0	0	0	0		["理工"]	
12206	13302	NULL	哈尔滨传媒职业学院	黑龙江	哈尔滨市	专科		综合	民办	省教育厅	2	2	2	0	0	0	0	0	0													0	0	0	0	0	0	0	0	0	0		["综合"]	
10656	10242	NULL	哈尔滨体育学院	黑龙江	哈尔滨市	本科		体育	公办	省政府	2	2	2	0	0	0	0	0	0			370				710	372			710	0.00	9	6	0	0	0	0	0	0	0	0		["体育"]	["研究生院", "保研", "省属", "硕博点"]
11241	11635	NULL	哈尔滨信息工程学院	黑龙江	哈尔滨市	本科		理工	民办	省教育厅	2	2	2	0	0	0	0	0	0							1220				1220	0.00	0	0	0	0	0	0	0	0	0	0		["理工"]	
11259	13303	NULL	哈尔滨剑桥学院	黑龙江	哈尔滨市	本科		综合	民办	省教育厅	2	2	2	0	0	0	0	0	0							1227				1227	0.00	0	0	0	0	0	0	0	0	0	0		["综合"]	
12894	14633	NULL	哈尔滨北方航空职业技术学院	黑龙江	哈尔滨市	专科		理工	民办	省教育厅	2	2	2	0	0	0	0	0	0													0	0	0	0	0	0	0	0	0	0		["理工"]	
10147	10226	NULL	哈尔滨医科大学	黑龙江	哈尔滨市	本科	区域特色研究型	医药	公办	省政府	2	2	2	0	0	0	0	0	0			79		134		153	79			153	0.00	58	51	0	0	1	0	0	0	0	0		["医药"]	["研究生院", "保研", "省重点", "省属", "省部共建", "硕博点"]
11368	13307	NULL	哈尔滨华德学院	黑龙江	哈尔滨市	本科		理工	民办	省教育厅	2	2	2	0	0	0	0	0	0							1210				1210	0.00	0	0	0	0	0	0	0	0	0	0		["理工"]	
10347	10240	NULL	哈尔滨商业大学	黑龙江	哈尔滨市	本科	应用型	财经	公办	省政府	2	2	2	0	0	0	0	0	0			299				529	221			529	0.00	37	9	0	0	0	0	0	0	0	0		["财经"]	["研究生院", "保研", "省重点", "硕博点"]
70642	14911	NULL	哈尔滨商贸职业学院	黑龙江	哈尔滨市	专科		财经	民办	哈尔滨新区管委会	2	2	2	0	0	0	0	0	0													0	0	0	0	0	0	0	0	0	0		["财经"]	
12646	13451	NULL	哈尔滨城市职业学院	黑龙江	哈尔滨市	专科		综合	民办	省教育厅	2	2	2	0	0	0	0	0	0													0	0	0	0	0	0	0	0	0	0		["综合"]	
10834	10234	NULL	哈尔滨学院	黑龙江	哈尔滨市	本科		综合	公办	省政府	2	2	2	0	0	0	0	0	0			469				703	433			703	0.00	2	0	0	0	0	0	0	0	0	0		["综合"]	["硕博点"]
10026	10213	NULL	哈尔滨工业大学	黑龙江	哈尔滨市	本科	研究型	理工	公办	工信部	1	1	1	1	1	1	1	0	1			12	11	15		10	12			10	0.00	43	40	0	0	0	0	0	0	0	0		["理工"]	["985", "211", "双一流", "101计划", "研究生院(部)", "保研", "国重点", "省重点", "部委院校", "省部共建", "C9", "E9", "国防七子", "硕博点"]
10027	19213	NULL	哈尔滨工业大学(威海)	山东	威海市	本科	中国研究型	理工	公办	工信部	1	1	1	1	1	1	1	0	1							25				25	0.00	18	1	0	0	2	0	0	0	0	0		["理工"]	["985", "211", "双一流", "101计划", "保研", "国重点", "省重点", "部委院校", "省部共建", "硕博点"]
10158	18213	NULL	哈尔滨工业大学(深圳)	广东	深圳市	本科		理工	公办	工信部	1	1	1	1	1	1	1	0	1							12				12	0.00	31	23	0	0	4	0	0	0	0	0		["理工"]	["985", "211", "双一流", "101计划", "保研", "国重点", "省重点", "部委院校", "省部共建", "硕博点"]
10096	10217	NULL	哈尔滨工程大学	黑龙江	哈尔滨市	本科	特色研究型	理工	公办	工信部	2	1	1	0	1	1	0	0	0			43	59	99		46	56			46	0.00	47	28	0	0	7	0	0	0	0	0		["理工"]	["211", "双一流", "研究生院(部)", "保研", "国重点", "省重点", "部委院校", "省部共建", "国防七子", "硕博点"]
10236	10231	NULL	哈尔滨师范大学	黑龙江	哈尔滨市	本科	区域特色研究型	师范	公办	省政府	2	2	2	0	0	0	0	0	0			223		255		502	134			502	0.00	47	9	0	0	0	0	0	0	0	0		["师范"]	["研究生院", "保研", "省重点", "省属", "硕博点"]
12394	14425	NULL	哈尔滨幼儿师范高等专科学校	黑龙江	哈尔滨市	专科		师范	公办	省政府	2	2	2	0	0	0	0	0	0													0	0	0	0	0	0	0	0	0	0		["师范"]	
11360	13306	NULL	哈尔滨广厦学院	黑龙江	哈尔滨市	本科		综合	民办	省教育厅	2	2	2	0	0	0	0	0	0							1155				1155	0.00	0	0	0	0	0	0	0	0	0	0		["综合"]	
12698	14055	NULL	哈尔滨应用职业技术学院	黑龙江	哈尔滨市	专科		综合	民办	省教育厅	2	2	2	0	0	0	0	0	0													0	0	0	0	0	0	0	0	0	0		["综合"]	
11610	12053	NULL	哈尔滨建筑科技职业大学	黑龙江	哈尔滨市	本科		理工	公办	省政府	2	2	2	0	0	0	0	0	0													0	0	0	0	0	0	0	0	0	0		["理工"]	["双高计划", "高水平专业群建设单位", "国家级示范", "现代学徒制试点学院"]
10217	10214	NULL	哈尔滨理工大学	黑龙江	哈尔滨市	本科	区域特色研究型	理工	公办	省政府	2	2	2	0	0	0	0	0	0			214		234		242	158			242	0.00	31	8	0	0	1	0	0	0	0	0		["理工"]	["保研", "省重点", "省属", "省部共建", "硕博点"]
11637	12906	NULL	哈尔滨电力职业技术学院	黑龙江	哈尔滨市	专科		理工	公办	省政府	2	2	2	0	0	0	0	0	0													0	0	0	0	0	0	0	0	0	0		["理工"]	
11361	13299	NULL	哈尔滨石油学院	黑龙江	哈尔滨市	本科		理工	民办	省教育厅	2	2	2	0	0	0	0	0	0							1201				1201	0.00	0	0	0	0	0	0	0	0	0	0		["理工"]	
11517	14108	NULL	哈尔滨科学技术职业学院	黑龙江	哈尔滨市	专科		综合	公办	省政府	2	2	2	0	0	0	0	0	0													0	0	0	0	0	0	0	0	0	0		["综合"]	
12384	12911	NULL	哈尔滨职业技术大学	黑龙江	哈尔滨市	本科		综合	公办	省政府	2	2	2	0	0	0	0	0	0							910				910	0.00	0	0	0	0	0	0	0	0	0	0		["综合"]	["双高计划", "高水平学校建设单位", "国家级骨干", "现代学徒制试点学院"]
11290	13301	NULL	哈尔滨远东理工学院	黑龙江	哈尔滨市	本科		理工	民办	省教育厅	2	2	2	0	0	0	0	0	0							1173				1173	0.00	0	0	0	0	0	0	0	0	0	0		["理工"]	
10825	10245	NULL	哈尔滨金融学院	黑龙江	哈尔滨市	本科		财经	公办	省政府	2	2	2	0	0	0	0	0	0			500				677	455			677	0.00	0	0	0	0	0	0	0	0	0	0		["财经"]	["省属"]
12361	12907	NULL	哈尔滨铁道职业技术学院	黑龙江	哈尔滨市	专科		理工	公办	省政府	2	2	2	0	0	0	0	0	0													0	0	0	0	0	0	0	0	0	0		["理工"]	["省部共建", "双高计划", "高水平专业群建设单位", "国家级骨干", "现代学徒制试点学院"]
10814	14560	NULL	哈尔滨音乐学院	黑龙江	哈尔滨市	本科		艺术	公办	省政府	2	2	2	0	0	0	0	0	0							812	500			812	0.00	3	2	0	0	0	0	0	0	0	0		["艺术"]	["硕博点"]
10806	11033	NULL	唐山学院	河北	唐山市	本科		理工	公办	省政府	2	2	2	0	0	0	0	0	0			500				565	481			565	0.00	0	0	0	0	0	0	0	0	0	0		["理工"]	
12033	12787	NULL	唐山工业职业技术大学	河北	唐山市	本科		理工	公办	省政府	2	2	2	0	0	0	0	0	0							752				752	0.00	0	0	0	0	0	0	0	0	0	0		["理工"]	["双高计划", "高水平专业群建设单位", "国家级骨干", "现代学徒制试点学院"]
10894	10099	NULL	唐山师范学院	河北	唐山市	本科		师范	公办	省政府	2	2	2	0	0	0	0	0	0			438				606	493			606	0.00	1	0	0	0	0	0	0	0	0	0		["师范"]	["省属"]
12855	14586	NULL	唐山幼儿师范高等专科学校	河北	唐山市	专科		师范	公办	省政府	2	2	2	0	0	0	0	0	0													0	0	0	0	0	0	0	0	0	0		["师范"]	
11863	14696	NULL	唐山海运职业学院	河北	唐山市	专科		理工	民办	省教育厅	2	2	2	0	0	0	0	0	0													0	0	0	0	0	0	0	0	0	0		["理工"]	["省属"]
12132	13396	NULL	唐山科技职业技术学院	河北	唐山市	专科		理工	公办	省政府	2	2	2	0	0	0	0	0	0													0	0	0	0	0	0	0	0	0	0		["理工"]	["省属"]
11601	12785	NULL	唐山职业技术学院	河北	唐山市	专科		综合	公办	省政府	2	2	2	0	0	0	0	0	0													0	0	0	0	0	0	0	0	0	0		["综合"]	["省重点"]
11708	13782	NULL	商丘医学高等专科学校	河南	商丘市	专科		医药	公办	省政府	2	2	2	0	0	0	0	0	0													0	0	0	0	0	0	0	0	0	0		["医药"]	["省属", "现代学徒制试点学院"]
11262	14003	NULL	商丘学院	河南	商丘市	本科		综合	民办	省教育厅	2	2	2	0	0	0	0	0	0							901				901	0.00	0	0	0	0	0	0	0	0	0	0		["综合"]	
11271	13500	NULL	商丘工学院	河南	商丘市	本科		理工	民办	省教育厅	2	2	2	0	0	0	0	0	0							1036				1036	0.00	0	0	0	0	0	0	0	0	0	0		["理工"]	["省属"]
10743	10483	NULL	商丘师范学院	河南	商丘市	本科		师范	公办	省政府	2	2	2	0	0	0	0	0	0			429		437		732	308			732	0.00	0	0	0	0	0	0	0	0	0	0		["师范"]	["省属"]
70342	14791	NULL	商丘幼儿师范高等专科学校	河南	商丘市	专科		师范	公办	省政府	2	2	2	0	0	0	0	0	0													0	0	0	0	0	0	0	0	0	0		["师范"]	
11444	12745	NULL	商丘职业技术学院	河南	商丘市	专科		综合	公办	省政府	2	2	2	0	0	0	0	0	0													0	0	0	0	0	0	0	0	0	0		["综合"]	["省属", "国家级示范"]
10875	11396	NULL	商洛学院	陕西	商洛市	本科		综合	公办	省政府	2	2	2	0	0	0	0	0	0			500				731	447			731	0.00	3	0	0	0	0	0	0	0	0	0		["综合"]	["省属"]
12065	13948	NULL	商洛职业技术学院	陕西	商洛市	专科		综合	公办	省政府	2	2	2	0	0	0	0	0	0													0	0	0	0	0	0	0	0	0	0		["综合"]	
10632	10763	NULL	喀什大学	新疆	喀什地区	本科		综合	公办	自治区政府	2	2	2	0	0	0	0	0	0			500				849	382			849	0.00	16	2	0	0	0	0	0	0	0	0		["综合"]	["保研", "硕博点"]
70389	14824	NULL	喀什理工职业技术学院	新疆	喀什地区	专科		理工	公办	自治区政府	2	2	2	0	0	0	0	0	0													0	0	0	0	0	0	0	0	0	0		["理工"]	
12073	14677	NULL	喀什职业技术学院	新疆	喀什地区	专科		理工	公办	自治区政府	2	2	2	0	0	0	0	0	0													0	0	0	0	0	0	0	0	0	0		["理工"]	
12713	13028	NULL	嘉兴南洋职业技术学院	浙江	嘉兴市	专科		综合	民办	省教育厅	2	2	2	0	0	0	0	0	0													0	0	0	0	0	0	0	0	0	0		["综合"]	
11076	13291	NULL	嘉兴南湖学院	浙江	嘉兴市	本科		综合	公办	省政府	2	2	2	0	0	0	0	0	0			425				500	500			500	0.00	0	0	0	0	0	0	0	0	0	0		["综合"]	
10502	10354	NULL	嘉兴大学	浙江	嘉兴市	本科	应用型	综合	公办	省政府	2	2	2	0	0	0	0	0	0			216		282		311	341			311	0.00	2	0	0	0	1	0	0	0	0	0		["综合"]	["省属"]
11493	12874	NULL	嘉兴职业技术学院	浙江	嘉兴市	专科		综合	公办	省政府	2	2	2	0	0	0	0	0	0													0	0	0	0	0	0	0	0	0	0			
10508	10582	NULL	嘉应学院	广东	梅州市	本科	应用型	综合	公办	省政府	2	2	2	0	0	0	0	0	0			499				644	382			644	0.00	3	0	0	0	0	0	0	0	0	0		["综合"]	["省属", "硕博点"]
12577	14386	NULL	四川三河职业学院	四川	泸州市	专科		综合	民办	省教育厅	2	2	2	0	0	0	0	0	0													0	0	0	0	0	0	0	0	0	0		["综合"]	
12068	14010	NULL	四川中医药高等专科学校	四川	绵阳市	专科		医药	公办	省政府	2	2	2	0	0	0	0	0	0													0	0	0	0	0	0	0	0	0	0		["医药"]	["现代学徒制试点学院"]
11800	12761	NULL	四川交通职业技术学院	四川	成都市	专科		理工	公办	省政府	2	2	2	0	0	0	0	0	0													0	0	0	0	0	0	0	0	0	0		["理工"]	["省属", "双高计划", "高水平专业群建设单位", "国家级示范", "现代学徒制试点学院"]
10937	13669	NULL	四川传媒学院	四川	成都市	本科		综合	民办	省教育厅	2	2	2	0	0	0	0	0	0							950				950	0.00	0	0	0	0	1	0	0	0	0	0		["综合"]	
11820	51351	NULL	四川体育职业学院	四川	成都市	专科		体育	公办	省政府	2	2	2	0	0	0	0	0	0													0	0	0	0	0	0	0	0	0	0		["体育"]	["省属"]
12533	13815	NULL	四川信息职业技术学院	四川	广元市	专科		理工	公办	省政府	2	2	2	0	0	0	0	0	0													0	0	0	0	0	0	0	0	0	0		["理工"]	["省属", "现代学徒制试点学院"]
10170	10626	NULL	四川农业大学	四川	雅安市	本科	区域特色研究型	农林	公办	省政府	2	1	1	0	1	1	0	0	0			134		116		185	111			185	0.00	118	62	0	0	1	0	0	0	0	0		["农林"]	["211", "双一流", "研究生院", "保研", "国重点", "省属", "省部共建", "硕博点"]
12552	12637	NULL	四川化工职业技术学院	四川	泸州市	专科		理工	公办	省政府	2	2	2	0	0	0	0	0	0													0	0	0	0	0	0	0	0	0	0		["理工"]	["省属"]
12274	14005	NULL	四川华新现代职业学院	四川	成都市	专科		综合	民办	省教育厅	2	2	2	0	0	0	0	0	0													0	0	0	0	0	0	0	0	0	0		["综合"]	
12223	14409	NULL	四川卫生康复职业学院	四川	自贡市	专科		医药	公办	省政府	2	2	2	0	0	0	0	0	0													0	0	0	0	0	0	0	0	0	0		["医药"]	
12649	13813	NULL	四川司法警官职业学院	四川	德阳市	专科		政法	公办	省政府	2	2	2	0	0	0	0	0	0													0	0	0	0	0	0	0	0	0	0		["政法"]	["省属"]
12126	13812	NULL	四川商务职业学院	四川	成都市	专科		综合	公办	省政府	2	2	2	0	0	0	0	0	0													0	0	0	0	0	0	0	0	0	0			
12521	12964	NULL	四川国际标榜职业学院	四川	成都市	专科		艺术	民办	省教育厅	2	2	2	0	0	0	0	0	0													0	0	0	0	0	0	0	0	0	0		["艺术"]	
12155	14175	NULL	四川城市职业学院	四川	成都市	专科		综合	民办	省教育厅	2	2	2	0	0	0	0	0	0													0	0	0	0	0	0	0	0	0	0		["综合"]	["省属"]
10399	10650	NULL	四川外国语大学	重庆	沙坪坝区	本科	区域特色研究型	语言	公办	市政府	2	2	2	0	0	0	0	0	0			241				310	211			310	0.00	21	13	0	0	0	0	0	0	0	0		["语言"]	["研究生院", "保研", "省属", "硕博点"]
10031	10610	NULL	四川大学	四川	成都市	本科	研究型	综合	公办	教育部	1	1	1	1	1	1	1	0	1			16	17	25		39	16			39	0.00	130	125	0	0	19	0	0	0	0	0		["综合"]	["985", "211", "双一流", "101计划", "研究生院(部)", "保研", "国重点", "部委院校", "省部共建", "硕博点"]
11130	14039	NULL	四川大学锦江学院	四川	眉山市	本科		综合	民办	省教育厅	2	2	2	0	0	0	0	0	0							916				916	0.00	0	0	0	0	0	0	0	0	0	0		["综合"]	
11063	13816	NULL	四川工业科技学院	四川	德阳市	本科		综合	民办	省教育厅	2	2	2	0	0	0	0	0	0							1058				1058	0.00	0	0	0	0	0	0	0	0	0	0		["综合"]	
11033	13672	NULL	四川工商学院	四川	成都市	本科		综合	民办	省教育厅	2	2	2	0	0	0	0	0	0							943				943	0.00	0	0	0	0	0	0	0	0	0	0		["综合"]	
11897	12762	NULL	四川工商职业技术学院	四川	成都市	专科		理工	公办	省政府	2	2	2	0	0	0	0	0	0													0	0	0	0	0	0	0	0	0	0		["理工"]	
11474	12763	NULL	四川工程职业技术大学	四川	德阳市	本科		理工	公办	省政府	2	2	2	0	0	0	0	0	0							738				738	0.00	0	0	0	0	0	0	0	0	0	0		["理工"]	["省属", "双高计划", "高水平学校建设单位", "国家级示范", "现代学徒制试点学院"]
10256	10636	NULL	四川师范大学	四川	成都市	本科	区域特色研究型	师范	公办	省政府	2	2	2	0	0	0	0	0	0			209		181		215	135			215	0.00	29	13	0	0	0	0	0	0	0	0		["师范"]	["研究生院", "保研", "省重点", "省属", "硕博点"]
12164	14484	NULL	四川希望汽车职业学院	四川	资阳市	专科		综合	民办	省教育厅	2	2	2	0	0	0	0	0	0													0	0	0	0	0	0	0	0	0	0		["综合"]	
12528	14221	NULL	四川幼儿师范高等专科学校	四川	绵阳市	专科		师范	公办	省政府	2	2	2	0	0	0	0	0	0													0	0	0	0	0	0	0	0	0	0		["师范"]	["省属"]
12821	14548	NULL	四川应用技术职业学院	四川	凉山彝族自治州	专科		综合	民办	省教育厅	2	2	2	0	0	0	0	0	0													0	0	0	0	0	0	0	0	0	0		["综合"]	
11439	12764	NULL	四川建筑职业技术大学	四川	德阳市	本科		理工	公办	省政府	2	2	2	0	0	0	0	0	0													0	0	0	0	0	0	0	0	0	0		["理工"]	["双高计划", "高水平专业群建设单位", "国家级示范", "现代学徒制试点学院"]
12554	12963	NULL	四川托普信息技术职业学院	四川	成都市	专科		理工	民办	省教育厅	2	2	2	0	0	0	0	0	0													0	0	0	0	0	0	0	0	0	0		["理工"]	
12263	14513	NULL	四川护理职业学院	四川	德阳市	专科		医药	公办	省政府	2	2	2	0	0	0	0	0	0													0	0	0	0	0	0	0	0	0	0		["医药"]	
12298	14086	NULL	四川文化产业职业学院	四川	成都市	专科		综合	公办	省政府	2	2	2	0	0	0	0	0	0													0	0	0	0	0	0	0	0	0	0		["综合"]	
12390	14004	NULL	四川文化传媒职业学院	四川	成都市	专科		综合	民办	省教育厅	2	2	2	0	0	0	0	0	0													0	0	0	0	0	0	0	0	0	0		["综合"]	
11094	14043	NULL	四川文化艺术学院	四川	绵阳市	本科		艺术	民办	省教育厅	2	2	2	0	0	0	0	0	0							1067				1067	0.00	0	0	0	0	0	0	0	0	0	0		["艺术"]	
10846	10644	NULL	四川文理学院	四川	达州市	本科		综合	公办	省政府	2	2	2	0	0	0	0	0	0			500				634	467			634	0.00	0	0	0	0	0	0	0	0	0	0		["综合"]	["省属"]
12048	14486	NULL	四川文轩职业学院	四川	成都市	专科		综合	民办	省教育厅	2	2	2	0	0	0	0	0	0													0	0	0	0	0	0	0	0	0	0		["综合"]	
10878	11552	NULL	四川旅游学院	四川	成都市	本科		综合	公办	省政府	2	2	2	0	0	0	0	0	0			483				653	467			653	0.00	0	0	0	0	0	0	0	0	0	0		["综合"]	
11701	12751	NULL	四川机电职业技术学院	四川	攀枝花	专科		理工	公办	省政府	2	2	2	0	0	0	0	0	0													0	0	0	0	0	0	0	0	0	0		["理工"]	["国家级骨干"]
10879	11661	NULL	四川民族学院	四川	甘孜藏族自治州	本科		民族	公办	省政府	2	2	2	0	0	0	0	0	0			500				444	447			444	0.00	0	0	0	0	0	0	0	0	0	0		["民族"]	["省属"]
12082	12638	NULL	四川水利职业技术学院	四川	成都市	专科		理工	公办	省政府	2	2	2	0	0	0	0	0	0													0	0	0	0	0	0	0	0	0	0		["理工"]	
12363	14411	NULL	四川汽车职业技术学院	四川	绵阳市	专科		理工	民办	省教育厅	2	2	2	0	0	0	0	0	0													0	0	0	0	0	0	0	0	0	0		["理工"]	
12555	14176	NULL	四川现代职业学院	四川	成都市	专科		理工	民办	省教育厅	2	2	2	0	0	0	0	0	0													0	0	0	0	0	0	0	0	0	0		["理工"]	
12040	12065	NULL	四川电力职业技术学院	四川	成都市	专科		理工	公办	省政府	2	2	2	0	0	0	0	0	0													0	0	0	0	0	0	0	0	0	0		["理工"]	["国家级示范"]
11975	14485	NULL	四川电子机械职业技术学院	四川	绵阳市	专科		理工	民办	省教育厅	2	2	2	0	0	0	0	0	0													0	0	0	0	0	0	0	0	0	0		["理工"]	
11375	14410	NULL	四川电影电视学院	四川	成都市	本科		艺术	民办	省教育厅	2	2	2	0	0	0	0	0	0							881				881	0.00	0	0	0	0	0	0	0	0	0	0		["艺术"]	
12125	14070	NULL	四川科技职业学院	四川	成都市	专科		综合	民办	省教育厅	2	2	2	0	0	0	0	0	0													0	0	0	0	0	0	0	0	0	0		["综合"]	
10525	10655	NULL	四川美术学院	重庆	沙坪坝区	本科		艺术	公办	市政府	2	2	2	0	0	0	0	0	0							399	204			399	0.00	2	4	0	0	1	0	0	0	0	0		["艺术"]	["保研", "八大美院", "硕博点"]
11578	12970	NULL	四川职业技术学院	四川	遂宁市	专科		综合	公办	省政府	2	2	2	0	0	0	0	0	0													0	0	0	0	0	0	0	0	0	0		["综合"]	["省属"]
11673	12641	NULL	四川航天职业技术学院	四川	成都市	专科		理工	公办	省政府	2	2	2	0	0	0	0	0	0													0	0	0	0	0	0	0	0	0	0		["理工"]	["省部共建", "现代学徒制试点学院"]
12593	14007	NULL	四川艺术职业学院	四川	成都市	专科		艺术	公办	省政府	2	2	2	0	0	0	0	0	0													0	0	0	0	0	0	0	0	0	0		["艺术"]	
11631	14515	NULL	四川西南航空职业学院	四川	成都市	专科		综合	民办	省教育厅	2	2	2	0	0	0	0	0	0													0	0	0	0	0	0	0	0	0	0		["综合"]	
10737	12212	NULL	四川警察学院	四川	泸州市	本科		政法	公办	省政府	2	2	2	0	0	0	0	0	0			270				238	363			238	0.00	4	0	0	0	0	0	0	0	0	0		["政法"]	["省属", "硕博点"]
12493	14091	NULL	四川财经职业学院	四川	成都市	专科		财经	公办	省政府	2	2	2	0	0	0	0	0	0													0	0	0	0	0	0	0	0	0	0		["财经"]	["省属", "双高计划", "现代学徒制试点学院"]
10570	10622	NULL	四川轻化工大学	四川	自贡市	本科		理工	公办	省政府	2	2	2	0	0	0	0	0	0			326		294		318	306			318	0.00	27	0	0	0	1	0	0	0	0	0		["理工"]	["研究生院", "省属", "省部共建", "硕博点"]
12598	12642	NULL	四川邮电职业技术学院	四川	成都市	专科		理工	公办	省政府	2	2	2	0	0	0	0	0	0													0	0	0	0	0	0	0	0	0	0		["理工"]	["双高计划", "高水平专业群建设单位", "国家级骨干", "现代学徒制试点学院"]
11633	14006	NULL	四川铁道职业学院	四川	成都市	专科		理工	公办	省政府	2	2	2	0	0	0	0	0	0													0	0	0	0	0	0	0	0	0	0			
12635	14323	NULL	四川长江职业学院	四川	成都市	专科		综合	民办	省教育厅	2	2	2	0	0	0	0	0	0													0	0	0	0	0	0	0	0	0	0		["综合"]	["现代学徒制试点学院"]
10726	10654	NULL	四川音乐学院	四川	成都市	本科		艺术	公办	省政府	2	2	2	0	0	0	0	0	0							482	372			482	0.00	5	0	0	0	0	0	0	0	0	0		["艺术"]	["保研", "硕博点"]
11388	10654	NULL	四川音乐学院成都美术学院	四川	成都市	本科		艺术	公办	省教育厅	2	2	2	0	0	0	0	0	0							575						3	0	0	0	0	0	0	0	0	0		["艺术"]	["硕博点"]
70641	14910	NULL	四平现代职业学院	吉林	四平市	专科		师范	公办		2	2	2	0	0	0	0	0	0													0	0	0	0	0	0	0	0	0	0		["师范"]	
12083	11044	NULL	四平职业大学	吉林	四平市	专科		理工	公办	省政府	2	2	2	0	0	0	0	0	0													0	0	0	0	0	0	0	0	0	0		["理工"]	
10019	91002	NULL	国防科技大学	湖南	长沙市	本科	研究型	军事	公办	中央军委	1	1	1	1	1	1	1	0	1					153		13	13			13	0.00	37	36	0	0	20	0	0	0	0	0		["军事"]	["985", "211", "双一流", "101计划", "研究生院(部)", "保研", "国重点", "部委院校", "省部共建", "硕博点"]
10605	10042	NULL	国际关系学院	北京	海淀区	本科		政法	公办	教育部	2	2	2	0	0	0	0	0	0			185				538	281			538	0.00	10	2	0	0	1	0	0	0	0	0		["政法"]	["保研", "国重点", "部委院校", "省部共建", "硕博点"]
70362	14825	NULL	图木舒克职业技术学院	新疆	直辖县级市	专科		综合	公办	新疆生产建设兵团	2	2	2	0	0	0	0	0	0													0	0	0	0	0	0	0	0	0	0		["综合"]	
70405		NULL	圣方济各大学	香港	西贡区	本科			民办	香港特区政府教育局	2	2	2	0	0	0	0	0	0							632						0	0	0	0	0	0	0	0	0	0			
70398		NULL	圣若瑟大学	澳门	澳门	本科		综合	民办	澳门特别行政区政府 ‌	2	2	2	0	0	0	0	0	0							460						18	9	0	0	0	0	0	0	0	0		["综合"]	["硕博点"]
11832	14738	NULL	培黎职业学院	甘肃	张掖市	专科		综合	公办	省政府	2	2	2	0	0	0	0	0	0													0	0	0	0	0	0	0	0	0	0		["综合"]	
11973	14740	NULL	塔城职业技术学院	新疆	塔城地区	专科		理工	公办	自治区政府	2	2	2	0	0	0	0	0	0													0	0	0	0	0	0	0	0	0	0		["理工"]	
10444	10757	NULL	塔里木大学	新疆	直辖县级市	本科	应用型	综合	公办	新疆生产建设兵团	2	2	2	0	0	0	0	0	0			343		443		846	286			846	0.00	11	3	0	0	1	0	0	0	0	0		["综合"]	["保研", "省重点", "部委院校", "省属", "省部共建", "硕博点"]
70676	14946	NULL	塔里木理工学院	新疆	直辖县级市	本科		理工	民办	新疆生产建设兵团教育局	2	2	2	0	0	0	0	0	0							659				659	0.00	0	0	0	0	0	0	0	0	0	0		["理工"]	
11967	14741	NULL	塔里木职业技术学院	新疆	直辖县级市	专科		综合	公办	新疆生产建设兵团	2	2	2	0	0	0	0	0	0													0	0	0	0	0	0	0	0	0	0		["综合"]	
10006	10246	NULL	复旦大学	上海	杨浦区	本科	研究型	综合	公办	教育部	1	1	1	1	1	1	1	0	1			5	3	6		4	4			4	0.00	258	245	0	0	63	0	0	0	0	0		["综合"]	["985", "211", "双一流", "101计划", "研究生院(部)", "保研", "国重点", "部委院校", "省部共建", "C9", "硕博点"]
10007	19246	NULL	复旦大学上海医学院	上海	徐汇区	本科	中国研究型	医药	公办	教育部	1	1	1	1	1	1	1	0	1							4						49	62	0	0	13	0	0	0	0	0		["医药"]	["985", "211", "双一流", "101计划", "研究生院", "保研", "国重点", "部委院校", "省部共建", "硕博点"]
10402	10040	NULL	外交学院	北京	西城区	本科	特色研究型	语言	公办	外交部	2	2	1	0	0	1	0	0	0			105				54	107			54	0.00	22	6	0	0	0	0	0	0	0	0		["语言"]	["双一流", "保研", "国重点", "部委院校", "硕博点"]
12119	12908	NULL	大兴安岭职业学院	黑龙江	大兴安岭地区	专科		综合	公办	省政府	2	2	2	0	0	0	0	0	0													0	0	0	0	0	0	0	0	0	0		["综合"]	
12684	14627	NULL	大同师范高等专科学校	山西	大同市	专科		师范	公办	省政府	2	2	2	0	0	0	0	0	0													0	0	0	0	0	0	0	0	0	0		["师范"]	
70630	14901	NULL	大同数据科技职业学院	山西	大同市	专科		理工	民办	省政府	2	2	2	0	0	0	0	0	0													0	0	0	0	0	0	0	0	0	0		["理工"]	
11515	12780	NULL	大同煤炭职业技术学院	山西	大同市	专科		理工	公办	省政府	2	2	2	0	0	0	0	0	0													0	0	0	0	0	0	0	0	0	0		["理工"]	
12195	14017	NULL	大庆医学高等专科学校	黑龙江	大庆市	专科		医药	公办	省政府	2	2	2	0	0	0	0	0	0													0	0	0	0	0	0	0	0	0	0		["医药"]	["现代学徒制试点学院"]
10810	10235	NULL	大庆师范学院	黑龙江	大庆市	本科		师范	公办	省政府	2	2	2	0	0	0	0	0	0			500				763	416			763	0.00	0	0	0	0	0	0	0	0	0	0		["师范"]	
11513	12718	NULL	大庆职业学院	黑龙江	大庆市	专科		理工	公办	省政府	2	2	2	0	0	0	0	0	0													0	0	0	0	0	0	0	0	0	0		["理工"]	["省属", "国家级示范"]
70678	14942	NULL	大湾区大学	广东	东莞市	本科		综合	公办	广东省人民政府、广东省教育厅	2	2	2	0	0	0	0	0	0							47	33			47	0.00	0	0	0	0	0	0	0	0	0	0		["综合"]	
12322	14487	NULL	大理农林职业技术学院	云南	大理白族自治州	专科		农林	公办	省政府	2	2	2	0	0	0	0	0	0													0	0	0	0	0	0	0	0	0	0		["农林"]	
10521	10679	NULL	大理大学	云南	大理白族自治州	本科		综合	公办	省政府	2	2	2	0	0	0	0	0	0			285		379		387	308			387	0.00	27	1	0	0	0	0	0	0	0	0		["综合"]	["省属", "硕博点"]
12873	14583	NULL	大理护理职业学院	云南	大理白族自治州	专科		医药	公办	省政府	2	2	2	0	0	0	0	0	0													0	0	0	0	0	0	0	0	0	0		["医药"]	
11355	13631	NULL	大连东软信息学院	辽宁	大连市	本科		理工	民办	省教育厅	2	2	2	0	0	0	0	0	0							1074				1074	0.00	0	0	0	0	0	0	0	0	0	0		["理工"]	
10338	10150	NULL	大连交通大学	辽宁	大连市	本科	区域特色研究型	理工	公办	省政府	2	2	2	0	0	0	0	0	0			249		406		187	221			187	0.00	19	14	0	0	0	0	0	0	0	0		["理工"]	["保研", "省重点", "省部共建", "硕博点"]
10275	10161	NULL	大连医科大学	辽宁	大连市	本科	区域特色研究型	医药	公办	省政府	2	2	2	0	0	0	0	0	0			112		231		140	177			140	0.00	57	25	0	0	10	0	0	0	0	0		["医药"]	["研究生院", "保研", "省重点", "硕博点"]
11131	13212	NULL	大连医科大学中山学院	辽宁	大连市	本科		医药	民办	省教育厅	2	2	2	0	0	0	0	0	0							921				921	0.00	0	0	0	0	0	0	0	0	0	0		["医药"]	
12304	12730	NULL	大连商务职业学院	辽宁	大连市	专科		财经	民办	省教育厅	2	2	2	0	0	0	0	0	0													0	0	0	0	0	0	0	0	0	0		["财经"]	
10328	10172	NULL	大连外国语大学	辽宁	大连市	本科	特色研究型	语言	公办	省政府	2	2	2	0	0	0	0	0	0			266				406	196			406	0.00	24	4	0	0	0	0	0	0	0	0		["语言"]	["保研", "省重点", "硕博点"]
10258	11258	NULL	大连大学	辽宁	大连市	本科	区域特色研究型	综合	公办	省政府	2	2	2	0	0	0	0	0	0			287		393		347	275			347	0.00	40	0	0	0	0	0	0	0	0	0		["综合"]	["研究生院", "保研", "硕博点"]
10284	10152	NULL	大连工业大学	辽宁	大连市	本科	应用型	理工	公办	省政府	2	2	2	0	0	0	0	0	0			211		164		356	184			356	0.00	18	7	0	0	1	0	0	0	0	0		["理工"]	["研究生院", "保研", "省重点", "硕博点"]
11279	13203	NULL	大连工业大学艺术与信息工程学院	辽宁	大连市	本科		理工	民办	省教育厅	2	2	2	0	0	0	0	0	0							1252				1252	0.00	0	0	0	0	0	0	0	0	0	0		["理工"]	
12596	13961	NULL	大连枫叶职业技术学院	辽宁	大连市	专科		理工	民办	省教育厅	2	2	2	0	0	0	0	0	0													0	0	0	0	0	0	0	0	0	0		["理工"]	
10452	12026	NULL	大连民族大学	辽宁	大连市	本科	应用型	民族	公办	国民委	2	2	2	0	0	0	0	0	0			275		363		333	243			333	0.00	12	0	0	0	0	0	0	0	0	0		["民族"]	["研究生院", "部委院校", "省部共建", "硕博点"]
12597	14228	NULL	大连汽车职业技术学院	辽宁	大连市	专科		理工	民办	省教育厅	2	2	2	0	0	0	0	0	0													0	0	0	0	0	0	0	0	0	0		["理工"]	["省属"]
10204	10151	NULL	大连海事大学	辽宁	大连市	本科	特色研究型	理工	公办	交通运输部	2	1	1	0	1	1	0	0	0			113		110		85	129			85	0.00	76	44	0	0	0	0	0	0	0	0		["理工"]	["211", "双一流", "研究生院", "保研", "国重点", "部委院校", "省部共建", "硕博点"]
10383	10158	NULL	大连海洋大学	辽宁	大连市	本科	应用型	农林	公办	省政府	2	2	2	0	0	0	0	0	0			296		391		478	240			478	0.00	14	0	0	0	0	0	0	0	0	0		["农林"]	["研究生院", "保研", "省重点", "省部共建", "硕博点"]
10046	10141	NULL	大连理工大学	辽宁	大连市	本科	研究型	理工	公办	教育部	1	1	1	1	1	1	1	0	1			28	31	37		25	27			25	0.00	122	162	0	0	15	0	0	0	0	0		["理工"]	["985", "211", "双一流", "101计划", "研究生院(部)", "保研", "国重点", "部委院校", "省部共建", "E9", "硕博点"]
10047	19141	NULL	大连理工大学(盘锦校区)	辽宁	盘锦市	本科	中国研究型	理工	公办	教育部	1	1	1	1	1	1	1	0	1							57				57	0.00	5	6	0	0	0	0	0	0	0	0		["理工"]	["985", "211", "双一流", "101计划", "保研", "国重点", "部委院校", "省部共建", "硕博点"]
10957	13198	NULL	大连理工大学城市学院	辽宁	大连市	本科		理工	民办	省教育厅	2	2	2	0	0	0	0	0	0							1066				1066	0.00	0	0	0	0	0	0	0	0	0	0		["理工"]	
11278	13207	NULL	大连科技学院	辽宁	大连市	本科		理工	民办	省教育厅	2	2	2	0	0	0	0	0	0							1085				1085	0.00	0	0	0	0	0	0	0	0	0	0		["理工"]	["省属"]
11557	10845	NULL	大连职业技术学院	辽宁	大连市	专科		综合	公办	省政府	2	2	2	0	0	0	0	0	0													0	0	0	0	0	0	0	0	0	0			
12744	14209	NULL	大连航运职业技术学院	辽宁	大连市	专科		理工	民办	省教育厅	2	2	2	0	0	0	0	0	0													0	0	0	0	0	0	0	0	0	0		["理工"]	
10839	13599	NULL	大连艺术学院	辽宁	大连市	本科		艺术	民办	省教育厅	2	2	2	0	0	0	0	0	0							1208				1208	0.00	0	0	0	0	0	0	0	0	0	0		["艺术"]	
12617	14227	NULL	大连装备制造职业技术学院	辽宁	大连市	专科		理工	民办	省教育厅	2	2	2	0	0	0	0	0	0													0	0	0	0	0	0	0	0	0	0		["理工"]	["现代学徒制试点学院"]
11126	13218	NULL	大连财经学院	辽宁	大连市	本科		财经	民办	省教育厅	2	2	2	0	0	0	0	0	0							1013				1013	0.00	0	0	0	0	0	0	0	0	0	0		["财经"]	
12742	13958	NULL	大连软件职业学院	辽宁	大连市	专科		理工	民办	省教育厅	2	2	2	0	0	0	0	0	0													0	0	0	0	0	0	0	0	0	0		["理工"]	
12688	14641	NULL	天府新区信息职业学院	四川	眉山市	专科		综合	民办	省教育厅	2	2	2	0	0	0	0	0	0													0	0	0	0	0	0	0	0	0	0		["综合"]	
12681	14645	NULL	天府新区航空旅游职业学院	四川	眉山市	专科		其它	民办	省教育厅	2	2	2	0	0	0	0	0	0													0	0	0	0	0	0	0	0	0	0		["其它"]	
12680	14646	NULL	天府新区通用航空职业学院	四川	眉山市	专科		理工	民办	省教育厅	2	2	2	0	0	0	0	0	0													0	0	0	0	0	0	0	0	0	0		["理工"]	
10716	10739	NULL	天水师范大学	甘肃	天水市	本科		师范	公办	省政府	2	2	2	0	0	0	0	0	0			446				673	325			673	0.00	16	0	0	0	0	0	0	0	0	0		["师范"]	["硕博点"]
10260	10063	NULL	天津中医药大学	天津	静海区	本科	区域特色研究型	医药	公办	市政府	2	2	1	0	0	1	1	0	1			120		357		199	113			199	0.00	32	19	0	0	3	0	0	0	0	0		["医药"]	["双一流", "101计划", "研究生院", "保研", "国重点", "省属", "省部共建", "硕博点"]
10886	12105	NULL	天津中德应用技术大学	天津	津南区	本科		理工	公办	市政府	2	2	2	0	0	0	0	0	0			500				512	399			512	0.00	2	0	0	0	1	0	0	0	0	0		["理工"]	["国家级示范", "现代学徒制试点学院", "硕博点"]
11718	12883	NULL	天津交通职业学院	天津	西青区	专科		综合	公办	市政府	2	2	2	0	0	0	0	0	0													0	0	0	0	0	0	0	0	0	0		["综合"]	["双高计划", "高水平专业群建设单位", "国家级骨干", "现代学徒制试点学院"]
10944	14038	NULL	天津仁爱学院	天津	静海区	本科		综合	民办	市教委	2	2	2	0	0	0	0	0	0							1184				1184	0.00	0	0	0	0	0	0	0	0	0	0		["综合"]	
11136	13659	NULL	天津传媒学院	天津	蓟州区	本科		艺术	民办	市教委	2	2	2	0	0	0	0	0	0							1137				1137	0.00	0	0	0	0	0	0	0	0	0	0		["艺术"]	
10553	10071	NULL	天津体育学院	天津	静海区	本科		体育	公办	市政府	2	2	2	0	0	0	0	0	0			325				515	313			515	0.00	20	7	0	0	0	0	0	0	0	0		["体育"]	["保研", "省重点", "省属", "硕博点"]
12678	14599	NULL	天津体育职业学院	天津	静海区	专科		体育	公办	市政府	2	2	2	0	0	0	0	0	0													0	0	0	0	0	0	0	0	0	0		["体育"]	
10503	10061	NULL	天津农学院	天津	西青区	本科	应用型	农林	公办	市政府	2	2	2	0	0	0	0	0	0			353		444		615	297			615	0.00	11	0	0	0	0	0	0	0	0	0		["农林"]	["研究生院", "省属", "硕博点"]
11565	12880	NULL	天津医学高等专科学校	天津	河西区	专科		医药	公办	市政府	2	2	2	0	0	0	0	0	0													0	0	0	0	0	0	0	0	0	0		["医药"]	["高水平学校建设单位", "国家级示范", "现代学徒制试点学院"]
10178	10062	NULL	天津医科大学	天津	和平区	本科	区域特色研究型	医药	公办	市政府	2	1	1	0	1	1	0	0	0			60		142		79	79			79	0.00	44	32	0	0	3	0	0	0	0	0		["医药"]	["211", "双一流", "研究生院", "保研", "国重点", "省属", "省部共建", "硕博点"]
11249	13661	NULL	天津医科大学临床医学院	天津	滨海新区	本科		医药	民办	市教委	2	2	2	0	0	0	0	0	0							854				854	0.00	0	0	0	0	0	0	0	0	0	0		["医药"]	
10412	10069	NULL	天津商业大学	天津	北辰区	本科	应用型	财经	公办	市政府	2	2	2	0	0	0	0	0	0			270		294		362	211			362	0.00	33	0	0	0	1	0	0	0	0	0		["财经"]	["保研", "省重点", "省属", "硕博点"]
11001	13660	NULL	天津商业大学宝德学院	天津	西青区	本科		综合	民办	市教委	2	2	2	0	0	0	0	0	0							974				974	0.00	0	0	0	0	0	0	0	0	0	0		["综合"]	
12483	12788	NULL	天津商务职业学院	天津	津南区	专科		财经	公办	市政府	2	2	2	0	0	0	0	0	0													0	0	0	0	0	0	0	0	0	0		["财经"]	["省属", "现代学徒制试点学院"]
12572	12803	NULL	天津国土资源和房屋职业学院	天津	滨海新区	专科		综合	公办	市政府	2	2	2	0	0	0	0	0	0													0	0	0	0	0	0	0	0	0	0		["综合"]	
12630	14020	NULL	天津城市建设管理职业技术学院	天津	北辰区	专科		综合	公办	市政府	2	2	2	0	0	0	0	0	0													0	0	0	0	0	0	0	0	0	0		["综合"]	["现代学徒制试点学院"]
12512	13702	NULL	天津城市职业学院	天津	河东区	专科		综合	公办	市政府	2	2	2	0	0	0	0	0	0													0	0	0	0	0	0	0	0	0	0		["综合"]	["现代学徒制试点学院"]
10457	10792	NULL	天津城建大学	天津	西青区	本科	应用型	理工	公办	市政府	2	2	2	0	0	0	0	0	0			318		360		510	272			510	0.00	14	0	0	0	0	0	0	0	0	0		["理工"]	["研究生院", "省属"]
10374	10068	NULL	天津外国语大学	天津	河西区	本科	特色研究型	语言	公办	市政府	2	2	2	0	0	0	0	0	0			258				293	198			293	0.00	24	1	0	0	0	0	0	0	0	0		["语言"]	["研究生院", "保研", "省重点", "省属", "硕博点"]
10954	13658	NULL	天津外国语大学滨海外事学院	天津	滨海新区	本科		语言	民办	市教委	2	2	2	0	0	0	0	0	0							948				948	0.00	0	0	0	0	0	0	0	0	0	0		["语言"]	
10018	10056	NULL	天津大学	天津	南开区	本科	研究型	综合	公办	教育部	1	1	1	1	1	1	1	0	1			20	12	25		22	22			22	0.00	88	89	0	0	19	0	0	0	0	0		["综合"]	["985", "211", "双一流", "101计划", "研究生院(部)", "保研", "国重点", "部委院校", "省部共建", "E9", "硕博点"]
11210	10859	NULL	天津天狮学院	天津	武清区	本科		综合	民办	市教委	2	2	2	0	0	0	0	0	0							1099				1099	0.00	0	0	0	0	0	0	0	0	0	0		["综合"]	
10174	10058	NULL	天津工业大学	天津	西青区	本科	区域特色研究型	综合	公办	市政府	2	2	1	0	0	1	0	0	0			133		166		129	151			129	0.00	29	6	0	0	0	0	0	0	0	0		["综合"]	["双一流", "研究生院", "保研", "国重点", "省重点", "省属", "省部共建", "硕博点"]
11986	13700	NULL	天津工业职业学院	天津	北辰区	专科		理工	公办	市政府	2	2	2	0	0	0	0	0	0													0	0	0	0	0	0	0	0	0	0		["理工"]	["现代学徒制试点学院"]
12005	12487	NULL	天津工程职业技术学院	天津	滨海新区	专科		理工	公办	市政府	2	2	2	0	0	0	0	0	0													0	0	0	0	0	0	0	0	0	0			
12135	13911	NULL	天津工艺美术职业学院	天津	河北区	专科		艺术	公办	市政府	2	2	2	0	0	0	0	0	0													0	0	0	0	0	0	0	0	0	0		["艺术"]	
10143	10065	NULL	天津师范大学	天津	西青区	本科	区域特色研究型	综合	公办	市政府	2	2	2	0	0	0	0	0	0			160		238		262	135			262	0.00	91	35	0	0	0	0	0	0	0	0		["综合", "师范"]	["研究生院", "保研", "省重点", "省属", "省部共建", "硕博点"]
12013	14102	NULL	天津广播影视职业学院	天津	西青区	专科		艺术	公办	市政府	2	2	2	0	0	0	0	0	0													0	0	0	0	0	0	0	0	0	0		["艺术"]	
12104	12721	NULL	天津机电职业技术学院	天津	津南区	专科		理工	公办	市政府	2	2	2	0	0	0	0	0	0													0	0	0	0	0	0	0	0	0	0		["理工"]	
11607	14022	NULL	天津海运职业学院	天津	津南区	专科		理工	公办	市政府	2	2	2	0	0	0	0	0	0													0	0	0	0	0	0	0	0	0	0		["理工"]	["双高计划", "现代学徒制试点学院"]
11575	12719	NULL	天津渤海职业技术学院	天津	北辰区	专科		综合	公办	市政府	2	2	2	0	0	0	0	0	0													0	0	0	0	0	0	0	0	0	0		["综合"]	["双高计划", "高水平专业群建设单位"]
11401	14600	NULL	天津滨海汽车工程职业学院	天津	津南区	专科		理工	民办	市教委	2	2	2	0	0	0	0	0	0													0	0	0	0	0	0	0	0	0	0		["理工"]	["现代学徒制试点学院"]
12517	12484	NULL	天津滨海职业学院	天津	滨海新区	专科		综合	公办	市政府	2	2	2	0	0	0	0	0	0													0	0	0	0	0	0	0	0	0	0		["综合"]	
11884	12722	NULL	天津现代职业技术学院	天津	津南区	专科		综合	公办	市政府	2	2	2	0	0	0	0	0	0													0	0	0	0	0	0	0	0	0	0		["综合"]	["双高计划", "高水平专业群建设单位", "国家级骨干"]
10270	10060	NULL	天津理工大学	天津	西青区	本科	区域特色研究型	理工	公办	市政府	2	2	2	0	0	0	0	0	0			170		147		236	181			236	0.00	24	6	0	0	1	0	0	0	0	0		["理工"]	["研究生院", "保研", "省属"]
11049	13897	NULL	天津理工大学中环信息学院	天津	西青区	本科		综合	民办	市教委	2	2	2	0	0	0	0	0	0							971				971	0.00	0	0	0	0	0	0	0	0	0	0		["综合"]	
12188	14021	NULL	天津生物工程职业技术学院	天津	河北区	专科		医药	公办	市政府	2	2	2	0	0	0	0	0	0													0	0	0	0	0	0	0	0	0	0		["医药"]	
11564	12720	NULL	天津电子信息职业技术学院	天津	津南区	专科		理工	公办	市政府	2	2	2	0	0	0	0	0	0													0	0	0	0	0	0	0	0	0	0		["理工"]	["双高计划", "高水平专业群建设单位", "国家级示范", "现代学徒制试点学院"]
12480	13701	NULL	天津石油职业技术学院	天津	静海区	专科		理工	公办	市政府	2	2	2	0	0	0	0	0	0													0	0	0	0	0	0	0	0	0	0		["理工"]	
10274	10057	NULL	天津科技大学	天津	河西区	本科	区域特色研究型	理工	公办	市政府	2	2	2	0	0	0	0	0	0			158		176		258	142			258	0.00	23	5	0	0	1	0	0	0	0	0		["理工"]	["研究生院", "保研", "省重点", "省属", "硕博点"]
10645	10073	NULL	天津美术学院	天津	河北区	本科		艺术	公办	市政府	2	2	2	0	0	0	0	0	0							446	356			446	0.00	4	0	0	0	0	0	0	0	0	0		["艺术"]	["保研", "省属", "八大美院"]
11670	11032	NULL	天津职业大学	天津	北辰区	本科		综合	公办	市政府	2	2	2	0	0	0	0	0	0													0	0	0	0	0	0	0	0	0	0		["综合"]	["省属", "双高计划", "高水平学校建设单位", "国家级示范", "现代学徒制试点学院"]
10391	10066	NULL	天津职业技术师范大学	天津	河西区	本科	应用型	师范	公办	市政府	2	2	2	0	0	0	0	0	0			343		445		476	240			476	0.00	11	1	0	0	1	0	0	0	0	0		["师范"]	["保研", "省属", "省部共建", "硕博点"]
12484	12882	NULL	天津艺术职业学院	天津	河东区	专科		艺术	公办	市政府	2	2	2	0	0	0	0	0	0													0	0	0	0	0	0	0	0	0	0		["艺术"]	
11705	12723	NULL	天津警察学院	天津	西青区	本科		政法	公办	市政府	2	2	2	0	0	0	0	0	0							482	500					0	0	0	0	0	0	0	0	0	0		["政法"]	
10285	10070	NULL	天津财经大学	天津	河西区	本科	区域特色研究型	财经	公办	市政府	2	2	2	0	0	0	0	0	0			175				218	140			218	0.00	28	15	0	0	0	0	0	0	0	0		["财经"]	["研究生院", "保研", "省重点", "省属", "硕博点"]
11137	14087	NULL	天津财经大学珠江学院	天津	宝坻区	本科		财经	民办	市教委	2	2	2	0	0	0	0	0	0							1006				1006	0.00	0	0	0	0	0	0	0	0	0	0		["财经"]	
12543	12732	NULL	天津轻工职业技术学院	天津	津南区	专科		理工	公办	市政府	2	2	2	0	0	0	0	0	0													0	0	0	0	0	0	0	0	0	0		["理工"]	["双高计划", "高水平学校建设单位", "国家级骨干", "现代学徒制试点学院"]
11958	13863	NULL	天津铁道职业技术学院	天津	河北区	专科		理工	公办	市政府	2	2	2	0	0	0	0	0	0													0	0	0	0	0	0	0	0	0	0		["理工"]	
10545	10072	NULL	天津音乐学院	天津	河东区	本科		艺术	公办	市政府	2	2	2	0	0	0	0	0	0							496	313					4	0	0	0	0	0	0	0	0	0		["艺术"]	
12502	14355	NULL	天门职业学院	湖北	省直辖市	专科		综合	公办	省政府	2	2	2	0	0	0	0	0	0													0	0	0	0	0	0	0	0	0	0		["综合"]	
12330	13532	NULL	太原城市职业技术学院	山西	太原市	专科		综合	公办	省政府	2	2	2	0	0	0	0	0	0													0	0	0	0	0	0	0	0	0	0		["综合"]	
10651	11242	NULL	太原学院	山西	太原市	本科		综合	公办	省政府	2	2	2	0	0	0	0	0	0			500				895	455			895	0.00	0	0	0	0	0	0	0	0	0	0		["综合"]	["省属"]
10633	14101	NULL	太原工业学院	山西	太原市	本科		理工	公办	省政府	2	2	2	0	0	0	0	0	0			474				638	399			638	0.00	0	0	0	0	0	0	0	0	0	0		["理工"]	["省属"]
10594	10119	NULL	太原师范学院	山西	太原市	本科		师范	公办	省政府	2	2	2	0	0	0	0	0	0			383				539	313			539	0.00	21	0	0	0	0	0	0	0	0	0		["师范"]	["省属"]
12657	14628	NULL	太原幼儿师范高等专科学校	山西	太原市	专科		师范	公办	省政府	2	2	2	0	0	0	0	0	0													0	0	0	0	0	0	0	0	0	0		["师范"]	
10108	10112	NULL	太原理工大学	山西	太原市	本科	区域研究型	理工	公办	省政府	2	1	1	0	1	1	0	0	0			97		209		193	108			193	0.00	39	35	0	0	5	0	0	0	0	0		["理工"]	["211", "双一流", "研究生院", "保研", "国重点", "省属", "硕博点"]
10421	10109	NULL	太原科技大学	山西	太原市	本科	应用型	理工	公办	省政府	2	2	2	0	0	0	0	0	0			270		175		511	260			511	0.00	21	3	0	0	3	0	0	0	0	0		["理工"]	["保研", "省重点", "省属", "省部共建", "硕博点"]
12662	12918	NULL	太湖创意职业技术学院	江苏	无锡市	专科		理工	民办	省教育厅	2	2	2	0	0	0	0	0	0													0	0	0	0	0	0	0	0	0	0		["理工"]	
12806	14507	NULL	威海海洋职业学院	山东	威海市	专科		综合	公办	省政府	2	2	2	0	0	0	0	0	0													0	0	0	0	0	0	0	0	0	0		["综合"]	
11453	12326	NULL	威海职业学院	山东	威海市	专科		综合	公办	省政府	2	2	2	0	0	0	0	0	0													0	0	0	0	0	0	0	0	0	0		["综合"]	["双高计划", "高水平专业群建设单位", "国家级示范", "现代学徒制试点学院"]
70094	14775	NULL	娄底幼儿师范高等专科学校	湖南	娄底市	专科		师范	公办	省政府	2	2	2	0	0	0	0	0	0													0	0	0	0	0	0	0	0	0	0		["师范"]	
11519	12848	NULL	娄底职业技术学院	湖南	娄底市	专科		综合	公办	省政府	2	2	2	0	0	0	0	0	0													0	0	0	0	0	0	0	0	0	0		["综合"]	["国家级骨干", "现代学徒制试点学院"]
70570	14847	NULL	宁夏交通职业技术学院	宁夏	银川市	专科		其它	公办	宁夏回族自治区教育厅	2	2	2	0	0	0	0	0	0													0	0	0	0	0	0	0	0	0	0		["其它"]	
11719	14624	NULL	宁夏体育职业学院	宁夏	银川市	专科		体育	公办	自治区政府	2	2	2	0	0	0	0	0	0													0	0	0	0	0	0	0	0	0	0			
10366	10752	NULL	宁夏医科大学	宁夏	银川市	本科	区域特色研究型	医药	公办	自治区政府	2	2	2	0	0	0	0	0	0			184		342		519	198			519	0.00	64	29	0	0	0	0	0	0	0	0		["医药"]	["研究生院", "保研", "省属", "省部共建", "硕博点"]
70355	14804	NULL	宁夏卫生健康职业技术学院	宁夏	石嘴山市	专科		医药	公办	自治区政府	2	2	2	0	0	0	0	0	0													0	0	0	0	0	0	0	0	0	0		["医药"]	
10368	10749	NULL	宁夏大学	宁夏	银川市	本科	区域研究型	综合	公办	自治区政府	2	1	1	0	1	1	0	0	0			137		267		352	169			352	0.00	42	12	0	0	2	0	0	0	0	0		["综合"]	["211", "双一流", "研究生院", "保研", "国重点", "省部共建", "硕博点"]
11090	13325	NULL	宁夏大学新华学院	宁夏	银川市	本科		综合	民办	自治区教育厅	2	2	2	0	0	0	0	0	0							1120				1120	0.00	0	0	0	0	0	0	0	0	0	0		["综合"]	
12470	12837	NULL	宁夏工业职业学院	宁夏	银川市	专科		理工	公办	自治区政府	2	2	2	0	0	0	0	0	0													0	0	0	0	0	0	0	0	0	0		["理工"]	
11742	13087	NULL	宁夏工商职业技术大学	宁夏	银川市	本科		财经	公办	自治区政府	2	2	2	0	0	0	0	0	0							912				912	0.00	0	0	0	0	0	0	0	0	0	0		["财经"]	["省属", "双高计划", "高水平专业群建设单位", "国家级骨干", "现代学徒制试点学院"]
10529	10753	NULL	宁夏师范大学	宁夏	固原市	本科		师范	公办	自治区政府	2	2	2	0	0	0	0	0	0			413				665	302			665	0.00	12	0	0	0	0	0	0	0	0	0		["师范"]	["研究生院", "省属", "硕博点"]
12845	14498	NULL	宁夏幼儿师范高等专科学校	宁夏	银川市	专科		师范	公办	自治区政府	2	2	2	0	0	0	0	0	0													0	0	0	0	0	0	0	0	0	0		["师范"]	
11640	13151	NULL	宁夏建设职业技术学院	宁夏	银川市	专科		理工	公办	自治区政府	2	2	2	0	0	0	0	0	0													0	0	0	0	0	0	0	0	0	0		["理工"]	["现代学徒制试点学院"]
12025	12716	NULL	宁夏民族职业技术学院	宁夏	吴忠市	专科		民族	公办	自治区政府	2	2	2	0	0	0	0	0	0													0	0	0	0	0	0	0	0	0	0		["民族"]	["现代学徒制试点学院"]
11135	12544	NULL	宁夏理工学院	宁夏	石嘴山市	本科		理工	民办	自治区教育厅	2	2	2	0	0	0	0	0	0							1160				1160	0.00	4	0	0	0	1	0	0	0	0	0		["理工"]	["硕博点"]
11605	13086	NULL	宁夏职业技术大学	宁夏	银川市	本科		综合	公办	自治区政府	2	2	2	0	0	0	0	0	0							908				908	0.00	0	0	0	0	0	0	0	0	0	0		["综合"]	["省属", "双高计划", "高水平学校建设单位", "国家级示范", "现代学徒制试点学院"]
12824	14522	NULL	宁夏艺术职业学院	宁夏	银川市	专科		艺术	公办	自治区政府	2	2	2	0	0	0	0	0	0													0	0	0	0	0	0	0	0	0	0		["艺术"]	
12557	14377	NULL	宁夏葡萄酒与防沙治沙职业技术学院	宁夏	银川市	专科		农林	公办	自治区政府	2	2	2	0	0	0	0	0	0													0	0	0	0	0	0	0	0	0	0		["农林"]	
12481	13089	NULL	宁夏警官职业学院	宁夏	银川市	专科		政法	公办	自治区政府	2	2	2	0	0	0	0	0	0													0	0	0	0	0	0	0	0	0	0		["政法"]	
12379	13088	NULL	宁夏财经职业技术学院	宁夏	银川市	专科		财经	公办	自治区政府	2	2	2	0	0	0	0	0	0													0	0	0	0	0	0	0	0	0	0		["财经"]	["省属", "国家级示范", "现代学徒制试点学院"]
10788	10398	NULL	宁德师范学院	福建	宁德市	本科		师范	公办	省政府	2	2	2	0	0	0	0	0	0			450				683	416			683	0.00	3	0	0	0	0	0	0	0	0	0		["师范"]	["省属", "硕博点"]
11767	13977	NULL	宁德职业技术学院	福建	宁德市	专科		综合	公办	省政府	2	2	2	0	0	0	0	0	0													0	0	0	0	0	0	0	0	0	0			
70672	14943	NULL	宁波东方理工大学	浙江	宁波市	本科		其它	民办		2	2	2	0	0	0	0	0	0							44	67			44	0.00	0	0	0	0	0	0	0	0	0	0		["其它"]	
11890	13742	NULL	宁波卫生职业技术学院	浙江	宁波市	专科		医药	公办	省政府	2	2	2	0	0	0	0	0	0													0	0	0	0	0	0	0	0	0	0			
11662	12645	NULL	宁波城市职业技术学院	浙江	宁波市	专科		综合	公办	省政府	2	2	2	0	0	0	0	0	0													0	0	0	0	0	0	0	0	0	0		["综合"]	["现代学徒制试点学院"]
10104	11646	NULL	宁波大学	浙江	宁波市	本科	区域研究型	综合	公办	省政府	2	2	1	0	0	1	0	0	0			78		150		132	60			132	0.00	48	13	0	0	4	0	0	0	0	0		["综合"]	["双一流", "研究生院", "保研", "国重点", "省重点", "省属", "省部共建", "硕博点"]
11149	13277	NULL	宁波大学科学技术学院	浙江	宁波市	本科		综合	民办	省教育厅	2	2	2	0	0	0	0	0	0							948				948	0.00	0	0	0	0	0	0	0	0	0	0		["综合"]	
10519	11058	NULL	宁波工程学院	浙江	宁波市	本科		理工	公办	省政府	2	2	2	0	0	0	0	0	0			292		395		491	356			491	0.00	8	0	0	0	1	0	0	0	0	0		["理工"]	["省属", "硕博点"]
12660	50559	NULL	宁波幼儿师范高等专科学校	浙江	宁波市	专科		师范	公办	省政府	2	2	2	0	0	0	0	0	0													0	0	0	0	0	0	0	0	0	0		["师范"]	
11462	10863	NULL	宁波职业技术大学	浙江	宁波市	本科		综合	公办	省政府	2	2	2	0	0	0	0	0	0							828				828	0.00	0	0	0	0	0	0	0	0	0	0		["综合"]	["双高计划", "高水平学校建设单位", "国家级示范", "现代学徒制试点学院"]
10142	16301	NULL	宁波诺丁汉大学	浙江	宁波市	本科	应用型	综合		省教育厅	2	2	2	0	0	0	0	0	0			65				178	47			178	0.00	21	4	0	0	0	0	0	0	0	0		["综合"]	["研究生院", "保研"]
11059	13001	NULL	宁波财经学院	浙江	宁波市	本科		财经	民办	省教育厅	2	2	2	0	0	0	0	0	0							994				994	0.00	0	0	0	0	0	0	0	0	0	0		["财经"]	
12316	14096	NULL	安庆医药高等专科学校	安徽	安庆市	专科		医药	公办	省政府	2	2	2	0	0	0	0	0	0													0	0	0	0	0	0	0	0	0	0		["医药"]	
10629	10372	NULL	安庆师范大学	安徽	安庆市	本科		师范	公办	省政府	2	2	2	0	0	0	0	0	0			340				498	276			498	0.00	28	0	0	0	0	0	0	0	0	0		["师范"]	["研究生院", "省重点", "省属", "硕博点"]
11591	13345	NULL	安庆职业技术学院	安徽	安庆市	专科		理工	公办	省政府	2	2	2	0	0	0	0	0	0													0	0	0	0	0	0	0	0	0	0		["理工"]	["省属", "现代学徒制试点学院"]
10856	11397	NULL	安康学院	陕西	安康市	本科		综合	公办	省政府	2	2	2	0	0	0	0	0	0			500				759	433			759	0.00	1	0	0	0	0	0	0	0	0	0		["综合"]	["省属"]
12067	13952	NULL	安康职业技术学院	陕西	安康市	专科		综合	公办	省政府	2	2	2	0	0	0	0	0	0													0	0	0	0	0	0	0	0	0	0		["综合"]	
11352	10959	NULL	安徽三联学院	安徽	合肥市	本科		理工	民办	省教育厅	2	2	2	0	0	0	0	0	0							1264				1264	0.00	0	0	0	0	0	0	0	0	0	0		["理工"]	["省属"]
10565	10369	NULL	安徽中医药大学	安徽	合肥市	本科		医药	公办	省政府	2	2	2	0	0	0	0	0	0			218		396		506	272			506	0.00	53	5	0	0	0	0	0	0	0	0		["医药"]	["研究生院", "保研", "省重点", "省属", "省部共建", "硕博点"]
11655	12924	NULL	安徽中医药高等专科学校	安徽	芜湖市	专科		医药	公办	省政府	2	2	2	0	0	0	0	0	0													0	0	0	0	0	0	0	0	0	0		["医药"]	
12674	13341	NULL	安徽中澳科技职业学院	安徽	合肥市	专科		综合	公办	省政府	2	2	2	0	0	0	0	0	0													0	0	0	0	0	0	0	0	0	0		["综合"]	["省属"]
11788	12816	NULL	安徽交通职业技术学院	安徽	合肥市	专科		理工	公办	省政府	2	2	2	0	0	0	0	0	0													0	0	0	0	0	0	0	0	0	0		["理工"]	["国家级骨干", "现代学徒制试点学院"]
12286	12817	NULL	安徽体育运动职业技术学院	安徽	合肥市	专科		体育	公办	省政府	2	2	2	0	0	0	0	0	0													0	0	0	0	0	0	0	0	0	0		["体育"]	["省属"]
11051	13613	NULL	安徽信息工程学院	安徽	芜湖市	本科		理工	民办	省教育厅	2	2	2	0	0	0	0	0	0											1280	0.00	0	0	0	0	0	0	0	0	0	0			
70576	14840	NULL	安徽公安学院	安徽	合肥市	本科		政法	公办	省政府	2	2	2	0	0	0	0	0	0							538	500			538	0.00	0	0	0	0	0	0	0	0	0	0		["政法"]	
12494	13847	NULL	安徽公安职业学院	安徽	合肥市	专科		政法	公办	省政府	2	2	2	0	0	0	0	0	0													0	0	0	0	0	0	0	0	0	0		["政法"]	["省属"]
10266	10364	NULL	安徽农业大学	安徽	合肥市	本科	区域特色研究型	农林	公办	省政府	2	2	2	0	0	0	0	0	0			143		225		335	135			335	0.00	50	17	0	0	0	0	0	0	0	0		["农林"]	["研究生院", "保研", "省重点", "省属", "省部共建", "硕博点"]
12654	13337	NULL	安徽冶金科技职业学院	安徽	马鞍山市	专科		理工	公办	省政府	2	2	2	0	0	0	0	0	0													0	0	0	0	0	0	0	0	0	0		["理工"]	["省属"]
10345	10366	NULL	安徽医科大学	安徽	合肥市	本科	区域特色研究型	医药	公办	省政府	2	2	2	0	0	0	0	0	0			123		153		291	151			291	0.00	87	49	0	0	0	0	0	0	0	0		["医药"]	["保研", "省重点", "省属", "省部共建", "硕博点"]
11046	13618	NULL	安徽医科大学临床医学院	安徽	合肥市	本科		医药	民办	省教育厅	2	2	2	0	0	0	0	0	0							1024				1024	0.00	0	0	0	0	0	0	0	0	0	0		["医药"]	
12415	14419	NULL	安徽卫生健康职业学院	安徽	池州市	专科		综合	公办	省政府	2	2	2	0	0	0	0	0	0													0	0	0	0	0	0	0	0	0	0		["综合"]	["省属"]
11586	12072	NULL	安徽商贸职业技术学院	安徽	芜湖市	专科		财经	公办	省政府	2	2	2	0	0	0	0	0	0													0	0	0	0	0	0	0	0	0	0		["财经"]	["省属", "双高计划", "高水平专业群建设单位", "国家级骨干", "现代学徒制试点学院"]
12267	13344	NULL	安徽国防科技职业学院	安徽	六安市	专科		理工	公办	省政府	2	2	2	0	0	0	0	0	0													0	0	0	0	0	0	0	0	0	0		["理工"]	["现代学徒制试点学院"]
12288	13846	NULL	安徽国际商务职业学院	安徽	合肥市	专科		财经	公办	省政府	2	2	2	0	0	0	0	0	0													0	0	0	0	0	0	0	0	0	0		["财经"]	["现代学徒制试点学院"]
12174	13338	NULL	安徽城市管理职业学院	安徽	合肥市	专科		综合	公办	省政府	2	2	2	0	0	0	0	0	0													0	0	0	0	0	0	0	0	0	0		["综合"]	
10936	13065	NULL	安徽外国语学院	安徽	合肥市	本科		语言	民办	省教育厅	2	2	2	0	0	0	0	0	0							1290				1290	0.00	0	0	0	0	0	0	0	0	0	0		["语言"]	["省属"]
10167	10357	NULL	安徽大学	安徽	合肥市	本科	区域研究型	综合	公办	省政府	2	1	1	0	1	1	0	0	0			101		123		93	81			93	0.00	91	54	0	0	1	0	0	0	0	0		["综合"]	["211", "双一流", "研究生院", "保研", "国重点", "省重点", "省属", "省部共建", "硕博点"]
12425	13849	NULL	安徽审计职业学院	安徽	合肥市	专科		财经	公办	省政府	2	2	2	0	0	0	0	0	0													0	0	0	0	0	0	0	0	0	0		["财经"]	["省属"]
10341	10360	NULL	安徽工业大学	安徽	马鞍山市	本科	区域特色研究型	理工	公办	省政府	2	2	2	0	0	0	0	0	0			193		192		287	195			287	0.00	30	5	0	0	1	0	0	0	0	0		["理工"]	["研究生院", "保研", "硕博点"]
11707	12334	NULL	安徽工业经济职业技术学院	安徽	合肥市	专科		财经	公办	省政府	2	2	2	0	0	0	0	0	0													0	0	0	0	0	0	0	0	0	0		["财经"]	["省属"]
12377	13852	NULL	安徽工业职业技术学院	安徽	铜陵市	专科		理工	公办	省政府	2	2	2	0	0	0	0	0	0													0	0	0	0	0	0	0	0	0	0		["理工"]	
11938	13340	NULL	安徽工商职业学院	安徽	合肥市	专科		财经	公办	省政府	2	2	2	0	0	0	0	0	0													0	0	0	0	0	0	0	0	0	0		["财经"]	["省属", "现代学徒制试点学院"]
10569	10363	NULL	安徽工程大学	安徽	芜湖市	本科		理工	公办	省政府	2	2	2	0	0	0	0	0	0			274		281		414	258			414	0.00	39	0	0	0	0	0	0	0	0	0		["理工"]	["省重点", "省属", "硕博点"]
11653	12811	NULL	安徽工贸职业技术学院	安徽	淮南市	专科		理工	公办	省政府	2	2	2	0	0	0	0	0	0													0	0	0	0	0	0	0	0	0	0		["理工"]	
10196	10370	NULL	安徽师范大学	安徽	芜湖市	本科	区域特色研究型	综合	公办	省政府	2	2	2	0	0	0	0	0	0			145		219		245	110			245	0.00	48	18	0	0	1	0	0	0	0	0		["综合", "师范"]	["研究生院", "保研", "省重点", "省属", "省部共建", "硕博点"]
12272	13062	NULL	安徽广播影视职业技术学院	安徽	合肥市	专科		艺术	公办	省政府	2	2	2	0	0	0	0	0	0													0	0	0	0	0	0	0	0	0	0		["艺术"]	
10351	10878	NULL	安徽建筑大学	安徽	合肥市	本科	应用型	理工	公办	省政府	2	2	2	0	0	0	0	0	0			283		375		412	231			412	0.00	23	4	0	0	0	0	0	0	0	0		["理工"]	["研究生院", "保研", "省重点", "省属", "省部共建", "硕博点"]
12317	14342	NULL	安徽扬子职业技术学院	安徽	芜湖市	专科		理工	民办	省教育厅	2	2	2	0	0	0	0	0	0													0	0	0	0	0	0	0	0	0	0		["理工"]	
11082	12810	NULL	安徽文达信息工程学院	安徽	合肥市	本科		理工	民办	省教育厅	2	2	2	0	0	0	0	0	0							1292				1292	0.00	0	0	0	0	0	0	0	0	0	0		["理工"]	["省属"]
11183	12216	NULL	安徽新华学院	安徽	合肥市	本科		理工	民办	省教育厅	2	2	2	0	0	0	0	0	0							1257				1257	0.00	0	0	0	0	0	0	0	0	0	0		["理工"]	["省属"]
12507	13850	NULL	安徽新闻出版职业技术学院	安徽	合肥市	专科		综合	公办	省政府	2	2	2	0	0	0	0	0	0													0	0	0	0	0	0	0	0	0	0		["综合"]	["省属"]
12233	13339	NULL	安徽机电职业技术学院	安徽	芜湖市	专科		理工	公办	省政府	2	2	2	0	0	0	0	0	0													0	0	0	0	0	0	0	0	0	0		["理工"]	["省属", "双高计划", "高水平专业群建设单位", "国家级骨干", "现代学徒制试点学院"]
12464	13848	NULL	安徽林业职业技术学院	安徽	合肥市	专科		农林	公办	省政府	2	2	2	0	0	0	0	0	0													0	0	0	0	0	0	0	0	0	0		["农林"]	["省属"]
11669	12073	NULL	安徽水利水电职业技术学院	安徽	合肥市	专科		综合	公办	省政府	2	2	2	0	0	0	0	0	0													0	0	0	0	0	0	0	0	0	0			
12541	14298	NULL	安徽汽车职业技术学院	安徽	合肥市	专科		理工	公办	省政府	2	2	2	0	0	0	0	0	0													0	0	0	0	0	0	0	0	0	0		["理工"]	
12016	14132	NULL	安徽涉外经济职业学院	安徽	合肥市	专科		财经	民办	省教育厅	2	2	2	0	0	0	0	0	0													0	0	0	0	0	0	0	0	0	0		["财经"]	
11954	14210	NULL	安徽现代信息工程职业学院	安徽	淮南市	专科		综合	民办	省教育厅	2	2	2	0	0	0	0	0	0													0	0	0	0	0	0	0	0	0	0		["综合"]	
10369	10361	NULL	安徽理工大学	安徽	淮南市	本科	区域特色研究型	理工	公办	省政府	2	2	2	0	0	0	0	0	0			180		252		247	246			247	0.00	51	41	0	0	9	0	0	0	0	0		["理工"]	["研究生院", "保研", "省重点", "省部共建", "硕博点"]
12273	12814	NULL	安徽电子信息职业技术学院	安徽	蚌埠市	专科		理工	公办	省政府	2	2	2	0	0	0	0	0	0													0	0	0	0	0	0	0	0	0	0		["理工"]	
11809	13336	NULL	安徽电气工程职业技术学院	安徽	合肥市	专科		理工	公办	省政府	2	2	2	0	0	0	0	0	0													0	0	0	0	0	0	0	0	0	0		["理工"]	["省属", "国家级骨干", "现代学徒制试点学院"]
12034	14229	NULL	安徽矿业职业技术学院	安徽	淮北市	专科		理工	民办	省教育厅	2	2	2	0	0	0	0	0	0													0	0	0	0	0	0	0	0	0	0		["理工"]	
10731	10879	NULL	安徽科技工程大学	安徽	滁州市	本科		综合	公办	省政府	2	2	2	0	0	0	0	0	0			361				633	302			633	0.00	14	0	0	0	0	0	0	0	0	0		["综合"]	["省属", "硕博点"]
11816	12925	NULL	安徽第二医学院	安徽	合肥市	本科		医药	公办	省政府	2	2	2	0	0	0	0	0	0							931	500			931	0.00	0	0	0	0	0	0	0	0	0	0		["医药"]	["高水平专业群建设单位"]
11516	14418	NULL	安徽粮食工程职业学院	安徽	合肥市	专科		综合	公办	省政府	2	2	2	0	0	0	0	0	0													0	0	0	0	0	0	0	0	0	0			
12703	14133	NULL	安徽绿海商务职业学院	安徽	合肥市	专科		财经	民办	省教育厅	2	2	2	0	0	0	0	0	0													0	0	0	0	0	0	0	0	0	0		["财经"]	
11468	10869	NULL	安徽职业技术大学	安徽	合肥市	本科		综合	公办	省政府	2	2	2	0	0	0	0	0	0							998				998	0.00	0	0	0	0	0	0	0	0	0	0		["综合"]	["省属", "国家级示范", "现代学徒制试点学院"]
10872	14682	NULL	安徽艺术学院	安徽	合肥市	本科		艺术	公办	省政府	2	2	2	0	0	0	0	0	0							917	500			917	0.00	0	0	0	0	0	0	0	0	0	0		["艺术"]	["省属"]
12492	13346	NULL	安徽艺术职业学院	安徽	合肥市	专科		艺术	公办	省政府	2	2	2	0	0	0	0	0	0													0	0	0	0	0	0	0	0	0	0		["艺术"]	["省属"]
12360	12219	NULL	安徽警官职业学院	安徽	合肥市	专科		政法	公办	省政府	2	2	2	0	0	0	0	0	0													0	0	0	0	0	0	0	0	0	0		["政法"]	["省属"]
10395	10378	NULL	安徽财经大学	安徽	蚌埠市	本科	应用型	财经	公办	省政府	2	2	2	0	0	0	0	0	0			202		71		346	198			346	0.00	28	1	0	0	0	0	0	0	0	0		["财经"]	["研究生院", "保研", "省重点", "硕博点"]
12202	13845	NULL	安徽财贸职业学院	安徽	合肥市	专科		财经	公办	省政府	2	2	2	0	0	0	0	0	0													0	0	0	0	0	0	0	0	0	0		["财经"]	["省属", "现代学徒制试点学院"]
12540	13851	NULL	安徽邮电职业技术学院	安徽	合肥市	专科		理工	公办	省政府	2	2	2	0	0	0	0	0	0													0	0	0	0	0	0	0	0	0	0		["理工"]	
12792	14378	NULL	安徽黄梅戏艺术职业学院	安徽	安庆市	专科		艺术	公办	省政府	2	2	2	0	0	0	0	0	0													0	0	0	0	0	0	0	0	0	0		["艺术"]	
11203	13504	NULL	安阳学院	河南	安阳市	本科		综合	民办	省教育厅	2	2	2	0	0	0	0	0	0							885				885	0.00	0	0	0	0	0	0	0	0	0	0		["综合"]	
10828	11330	NULL	安阳工学院	河南	安阳市	本科		理工	公办	省政府	2	2	2	0	0	0	0	0	0			492				789	447			789	0.00	0	0	0	0	0	0	0	0	0	0		["理工"]	["省属"]
10675	10479	NULL	安阳师范学院	河南	安阳市	本科		师范	公办	省政府	2	2	2	0	0	0	0	0	0			418		397		557	447			557	0.00	13	0	0	0	0	0	0	0	0	0		["师范"]	["省属"]
12156	14392	NULL	安阳幼儿师范高等专科学校	河南	安阳市	专科		师范	公办	省政府	2	2	2	0	0	0	0	0	0													0	0	0	0	0	0	0	0	0	0		["师范"]	
11759	14243	NULL	安阳职业技术学院	河南	安阳市	专科		综合	公办	省政府	2	2	2	0	0	0	0	0	0													0	0	0	0	0	0	0	0	0	0		["综合"]	
10787	10667	NULL	安顺学院	贵州	安顺市	本科		综合	公办	省政府	2	2	2	0	0	0	0	0	0			494				725	416			725	0.00	0	0	0	0	0	0	0	0	0	0		["综合"]	["省属"]
12127	12821	NULL	安顺职业技术学院	贵州	安顺市	专科		综合	公办	省政府	2	2	2	0	0	0	0	0	0													0	0	0	0	0	0	0	0	0	0		["综合"]	
70406		NULL	宏恩基督教学院	香港	深水埗区	本科		综合	民办		2	2	2	0	0	0	0	0	0							1088						0	0	0	0	0	0	0	0	0	0		["综合"]	
70390	14823	NULL	定西职业技术学院	甘肃	定西市	专科		综合	公办	省政府	2	2	2	0	0	0	0	0	0													0	0	0	0	0	0	0	0	0	0		["综合"]	
70666	14938	NULL	宜宾医药健康职业学院	四川	宜宾市	专科		医药	公办		2	2	2	0	0	0	0	0	0													0	0	0	0	0	0	0	0	0	0		["医药"]	
10717	10641	NULL	宜宾学院	四川	宜宾市	本科		综合	公办	省政府	2	2	2	0	0	0	0	0	0			409				542	399			542	0.00	3	0	0	0	0	0	0	0	0	0		["综合"]	["省属"]
70665	14937	NULL	宜宾工业职业技术学院	四川	宜宾市	专科		理工	公办	四川省	2	2	2	0	0	0	0	0	0													0	0	0	0	0	0	0	0	0	0		["理工"]	
12011	12966	NULL	宜宾职业技术学院	四川	宜宾市	专科		综合	公办	省政府	2	2	2	0	0	0	0	0	0													0	0	0	0	0	0	0	0	0	0		["综合"]	["国家级骨干", "现代学徒制试点学院"]
70384	14833	NULL	宜昌科技职业学院	湖北	宜昌市	专科		理工	公办	省政府	2	2	2	0	0	0	0	0	0													0	0	0	0	0	0	0	0	0	0		["理工"]	
10712	10417	NULL	宜春学院	江西	宜春市	本科		综合	公办	省政府	2	2	2	0	0	0	0	0	0			431				766	341			766	0.00	1	0	0	0	0	0	0	0	0	0		["综合"]	["省属", "硕博点"]
12419	14494	NULL	宜春幼儿师范高等专科学校	江西	宜春市	专科		师范	公办	省政府	2	2	2	0	0	0	0	0	0													0	0	0	0	0	0	0	0	0	0		["师范"]	
11593	13424	NULL	宜春职业技术学院	江西	宜春市	专科		综合	公办	省政府	2	2	2	0	0	0	0	0	0													0	0	0	0	0	0	0	0	0	0		["综合"]	
11883	14651	NULL	宝鸡三和职业学院	陕西	宝鸡市	专科		综合	民办	省教育厅	2	2	2	0	0	0	0	0	0													0	0	0	0	0	0	0	0	0	0		["综合"]	
70081	14770	NULL	宝鸡中北职业学院	陕西	宝鸡市	专科		综合	民办	省教育厅	2	2	2	0	0	0	0	0	0													0	0	0	0	0	0	0	0	0	0		["综合"]	
10603	10721	NULL	宝鸡文理学院	陕西	宝鸡市	本科		综合	公办	省政府	2	2	2	0	0	0	0	0	0			450				684	372			684	0.00	87	0	0	0	0	0	0	0	0	0		["综合"]	["研究生院", "省属", "硕博点"]
11486	13567	NULL	宝鸡职业技术学院	陕西	宝鸡市	专科		综合	公办	省政府	2	2	2	0	0	0	0	0	0													0	0	0	0	0	0	0	0	0	0		["综合"]	
12007	14260	NULL	宣化科技职业学院	河北	张家口市	专科		综合	公办	省政府	2	2	2	0	0	0	0	0	0													0	0	0	0	0	0	0	0	0	0		["综合"]	
12743	13061	NULL	宣城职业技术学院	安徽	宣城市	专科		理工	公办	省政府	2	2	2	0	0	0	0	0	0													0	0	0	0	0	0	0	0	0	0		["理工"]	["省属"]
10812	10379	NULL	宿州学院	安徽	宿州市	本科		综合	公办	省政府	2	2	2	0	0	0	0	0	0			490				953	356			953	0.00	3	0	0	0	0	0	0	0	0	0		["综合"]	["省属"]
12230	12812	NULL	宿州职业技术学院	安徽	宿州市	专科		理工	公办	省政府	2	2	2	0	0	0	0	0	0													0	0	0	0	0	0	0	0	0	0		["理工"]	
70063	14747	NULL	宿州航空职业学院	安徽	宿州市	专科		理工	民办	省教育厅	2	2	2	0	0	0	0	0	0													0	0	0	0	0	0	0	0	0	0		["理工"]	
11349	14160	NULL	宿迁学院	江苏	宿迁市	本科		综合	公办	省政府	2	2	2	0	0	0	0	0	0			475				826	481			826	0.00	0	0	0	0	0	0	0	0	0	0		["综合"]	["省属"]
70616	14854	NULL	宿迁幼儿师范高等专科学校	江苏	宿迁市	专科		师范	公办	省政府	2	2	2	0	0	0	0	0	0													0	0	0	0	0	0	0	0	0	0		["师范"]	
12632	14293	NULL	宿迁泽达职业技术学院	江苏	宿迁市	专科		综合	民办	省教育厅	2	2	2	0	0	0	0	0	0													0	0	0	0	0	0	0	0	0	0		["综合"]	
12631	13110	NULL	宿迁职业技术学院	江苏	宿迁市	专科		理工	民办	省政府	2	2	2	0	0	0	0	0	0													0	0	0	0	0	0	0	0	0	0		["理工"]	
10120	10036	NULL	对外经济贸易大学	北京	朝阳区	本科		财经	公办	教育部	2	1	1	0	1	1	1	0	1			57	69	97		42	55			42	0.00	78	59	0	0	0	0	0	0	0	0		["财经"]	["211", "双一流", "101计划", "研究生院", "保研", "国重点", "部委院校", "省部共建", "硕博点"]
10414	10441	NULL	山东中医药大学	山东	济南市	本科	区域特色研究型	医药	公办	省政府	2	2	2	0	0	0	0	0	0			169		348		388	184			388	0.00	51	14	0	0	0	0	0	0	0	0		["医药"]	["保研", "省重点", "省属", "省部共建", "硕博点"]
11786	13778	NULL	山东中医药高等专科学校	山东	烟台市	专科		医药	公办	省政府	2	2	2	0	0	0	0	0	0													0	0	0	0	0	0	0	0	0	0			
10683	11510	NULL	山东交通学院	山东	济南市	本科		理工	公办	省政府	2	2	2	0	0	0	0	0	0			356		433		575	341			575	0.00	3	0	0	0	0	0	0	0	0	0		["理工"]	["省属", "省部共建", "硕博点"]
11812	13008	NULL	山东交通职业学院	山东	潍坊市	专科		理工	公办	省政府	2	2	2	0	0	0	0	0	0													0	0	0	0	0	0	0	0	0	0			
12518	14193	NULL	山东传媒职业学院	山东	济南市	专科		艺术	公办	省政府	2	2	2	0	0	0	0	0	0													0	0	0	0	0	0	0	0	0	0		["艺术"]	["省属"]
10678	10457	NULL	山东体育学院	山东	济南市	本科		体育	公办	省政府	2	2	2	0	0	0	0	0	0			337				645	399			645	0.00	9	0	0	0	0	0	0	0	0	0		["体育"]	["硕博点"]
12287	13012	NULL	山东信息职业技术学院	山东	潍坊市	专科		理工	公办	省政府	2	2	2	0	0	0	0	0	0													0	0	0	0	0	0	0	0	0	0		["理工"]	["省属"]
10180	10434	NULL	山东农业大学	山东	泰安市	本科	区域特色研究型	农林	公办	省政府	2	2	2	0	0	0	0	0	0			128		139		341	117			341	0.00	32	11	0	0	3	0	0	0	0	0		["农林"]	["保研", "省重点", "省属", "省部共建", "硕博点"]
10884	14439	NULL	山东农业工程学院	山东	济南市	本科		农林	公办	省政府	2	2	2	0	0	0	0	0	0			500				907	455			907	0.00	0	0	0	0	0	0	0	0	0	0		["农林"]	["省属"]
11700	12844	NULL	山东力明科技职业学院	山东	泰安市	专科		综合	民办	省教育厅	2	2	2	0	0	0	0	0	0													0	0	0	0	0	0	0	0	0	0		["综合"]	
11787	12329	NULL	山东劳动职业技术学院	山东	济南市	专科		理工	公办	省政府	2	2	2	0	0	0	0	0	0													0	0	0	0	0	0	0	0	0	0		["理工"]	["省属"]
12085	13319	NULL	山东化工职业学院	山东	潍坊市	专科		综合	公办	省政府	2	2	2	0	0	0	0	0	0													0	0	0	0	0	0	0	0	0	0		["综合"]	["省属"]
11487	10442	NULL	山东医学高等专科学校	山东	临沂市	专科		医药	公办	省政府	2	2	2	0	0	0	0	0	0													0	0	0	0	0	0	0	0	0	0		["医药"]	["省属", "现代学徒制试点学院"]
10600	10440	NULL	山东医药大学	山东	滨州市	本科		医药	公办	省政府	2	2	2	0	0	0	0	0	0			210		305		472	372			472	0.00	19	0	0	0	0	0	0	0	0	0		["医药"]	["省属", "硕博点"]
11316	13857	NULL	山东华宇工学院	山东	德州市	本科		理工	民办	省教育厅	2	2	2	0	0	0	0	0	0							1246				1246	0.00	0	0	0	0	0	0	0	0	0	0		["理工"]	
11141	13324	NULL	山东协和学院	山东	济南市	本科		医药	民办	省教育厅	2	2	2	0	0	0	0	0	0							1092				1092	0.00	0	0	0	0	0	0	0	0	0	0		["医药"]	["省属"]
12506	14082	NULL	山东司法警官职业学院	山东	济南市	专科		政法	公办	省政府	2	2	2	0	0	0	0	0	0													0	0	0	0	0	0	0	0	0	0		["政法"]	["省属"]
11805	10832	NULL	山东商业职业技术学院	山东	济南市	专科		财经	公办	省政府	2	2	2	0	0	0	0	0	0													0	0	0	0	0	0	0	0	0	0		["财经"]	["省属", "双高计划", "高水平学校建设单位", "国家级示范", "现代学徒制试点学院"]
11624	14078	NULL	山东商务职业学院	山东	烟台市	专科		综合	公办	省政府	2	2	2	0	0	0	0	0	0													0	0	0	0	0	0	0	0	0	0		["综合"]	["省属", "现代学徒制试点学院"]
11535	12945	NULL	山东圣翰财贸职业学院	山东	济南市	专科		综合	民办	省教育厅	2	2	2	0	0	0	0	0	0													0	0	0	0	0	0	0	0	0	0		["综合"]	["省属"]
12101	14080	NULL	山东城市建设职业学院	山东	济南市	专科		理工	公办	省政府	2	2	2	0	0	0	0	0	0													0	0	0	0	0	0	0	0	0	0		["理工"]	["现代学徒制试点学院"]
70391	14809	NULL	山东城市服务职业学院	山东	烟台市	专科		综合	公办	省政府	2	2	2	0	0	0	0	0	0													0	0	0	0	0	0	0	0	0	0		["综合"]	["省属"]
11062	13874	NULL	山东外事职业大学	山东	威海市	本科		综合	民办	省教育厅	2	2	2	0	0	0	0	0	0							1093				1093	0.00	0	0	0	0	0	0	0	0	0	0		["综合"]	
11096	13387	NULL	山东外国语职业技术大学	山东	日照市	本科		语言	民办	省教育厅	2	2	2	0	0	0	0	0	0							1021				1021	0.00	0	0	0	0	0	0	0	0	0	0		["语言"]	
12395	13010	NULL	山东外贸职业学院	山东	青岛市	专科		财经	公办	省政府	2	2	2	0	0	0	0	0	0													0	0	0	0	0	0	0	0	0	0		["财经"]	["省属"]
10022	10422	NULL	山东大学	山东	济南市	本科	研究型	综合	公办	教育部	1	1	1	1	1	1	1	0	1			22	18	35		33	19			33	0.00	150	175	0	0	14	0	0	0	0	0		["综合"]	["985", "211", "双一流", "101计划", "研究生院(部)", "保研", "国重点", "部委院校", "省部共建", "硕博点"]
10023	19422	NULL	山东大学威海分校	山东	威海市	本科	中国研究型	综合	公办	教育部	1	1	1	1	1	1	1	0	1							51				51	0.00	4	24	0	0	0	0	0	0	0	0		["综合"]	["985", "211", "双一流", "101计划", "保研", "国重点", "部委院校", "省部共建", "硕博点"]
10840	12331	NULL	山东女子学院	山东	济南市	本科		综合	公办	省政府	2	2	2	0	0	0	0	0	0			485				688	382			688	0.00	0	0	0	0	0	0	0	0	0	0		["综合"]	["省属"]
12242	13318	NULL	山东工业职业学院	山东	淄博市	专科		理工	公办	省政府	2	2	2	0	0	0	0	0	0													0	0	0	0	0	0	0	0	0	0		["理工"]	["省属", "现代学徒制试点学院"]
10621	11688	NULL	山东工商学院	山东	烟台市	本科		财经	公办	省政府	2	2	2	0	0	0	0	0	0			305		434		523	433			523	0.00	20	0	0	0	0	0	0	0	0	0		["财经"]	["省属", "硕博点"]
11026	13356	NULL	山东工程职业技术大学	山东	济南市	本科		理工	民办	省教育厅	2	2	2	0	0	0	0	0	0							1149				1149	0.00	0	0	0	0	0	0	0	0	0	0		["理工"]	
10668	10908	NULL	山东工艺美术学院	山东	济南市	本科		艺术	公办	省政府	2	2	2	0	0	0	0	0	0							834	308			834	0.00	5	0	0	0	0	0	0	0	0	0		["艺术"]	["省属"]
10135	10445	NULL	山东师范大学	山东	济南市	本科	区域特色研究型	综合	公办	省政府	2	2	2	0	0	0	0	0	0			104		132		188	113			188	0.00	85	45	0	0	1	0	0	0	0	0		["综合", "师范"]	["研究生院", "保研", "省重点", "省属", "省部共建", "硕博点"]
10418	10430	NULL	山东建筑大学	山东	济南市	本科	应用型	理工	公办	省政府	2	2	2	0	0	0	0	0	0			251		331		477	225			477	0.00	20	2	0	0	0	0	0	0	0	0		["理工"]	["保研", "省部共建", "硕博点"]
10706	14100	NULL	山东政法学院	山东	济南市	本科		政法	公办	省政府	2	2	2	0	0	0	0	0	0			383				265	447			265	0.00	3	0	0	0	0	0	0	0	0	0		["政法"]	["省属", "硕博点"]
12349	14261	NULL	山东文化产业职业学院	山东	青岛市	专科		综合	民办	省教育厅	2	2	2	0	0	0	0	0	0													0	0	0	0	0	0	0	0	0	0		["综合"]	
70613	14860	NULL	山东文化艺术职业学院	山东	德州市	专科		艺术	公办	省政府	2	2	2	0	0	0	0	0	0													0	0	0	0	0	0	0	0	0	0		["艺术"]	
12389	13858	NULL	山东旅游职业学院	山东	济南市	专科		财经	公办	省政府	2	2	2	0	0	0	0	0	0													0	0	0	0	0	0	0	0	0	0		["财经"]	
12266	12841	NULL	山东服装职业学院	山东	泰安市	专科		综合	公办	省政府	2	2	2	0	0	0	0	0	0													0	0	0	0	0	0	0	0	0	0		["综合"]	
12749	13860	NULL	山东杏林科技职业学院	山东	济南市	专科		综合	民办	省教育厅	2	2	2	0	0	0	0	0	0													0	0	0	0	0	0	0	0	0	0		["综合"]	
11464	12946	NULL	山东水利职业学院	山东	日照市	专科		理工	公办	省政府	2	2	2	0	0	0	0	0	0													0	0	0	0	0	0	0	0	0	0		["理工"]	["省属", "现代学徒制试点学院"]
12714	14346	NULL	山东海事职业学院	山东	潍坊市	专科		理工	民办	省教育厅	2	2	2	0	0	0	0	0	0													0	0	0	0	0	0	0	0	0	0		["理工"]	
12827	14545	NULL	山东特殊教育职业学院	山东	济南市	专科		师范	公办	省政府	2	2	2	0	0	0	0	0	0													0	0	0	0	0	0	0	0	0	0		["师范"]	["省属"]
11285	13322	NULL	山东现代学院	山东	济南市	本科		综合	民办	省教育厅	2	2	2	0	0	0	0	0	0							1142				1142	0.00	0	0	0	0	0	0	0	0	0	0		["综合"]	
10363	10433	NULL	山东理工大学	山东	淄博市	本科	区域特色研究型	理工	公办	省政府	2	2	2	0	0	0	0	0	0			197		186		325	228			325	0.00	29	7	0	0	0	0	0	0	0	0		["理工"]	["保研", "省重点", "省部共建", "硕博点"]
11558	14242	NULL	山东理工职业学院	山东	济宁市	专科		综合	公办	省政府	2	2	2	0	0	0	0	0	0													0	0	0	0	0	0	0	0	0	0		["综合"]	["现代学徒制试点学院"]
11452	11827	NULL	山东电力高等专科学校	山东	济南市	专科		理工	公办	省政府	2	2	2	0	0	0	0	0	0													0	0	0	0	0	0	0	0	0	0		["理工"]	
12069	13856	NULL	山东电子职业技术学院	山东	济南市	专科		理工	公办	省政府	2	2	2	0	0	0	0	0	0													0	0	0	0	0	0	0	0	0	0		["理工"]	
11737	12947	NULL	山东畜牧兽医职业学院	山东	潍坊市	专科		农林	公办	省政府	2	2	2	0	0	0	0	0	0													0	0	0	0	0	0	0	0	0	0		["农林"]	["双高计划", "高水平专业群建设单位", "国家级骨干", "现代学徒制试点学院"]
11114	13386	NULL	山东石油化工学院	山东	东营市	本科		理工	公办	省政府	2	2	2	0	0	0	0	0	0			500				807	500			807	0.00	0	0	0	0	1	0	0	0	0	0		["理工"]	["省属"]
10198	10424	NULL	山东科技大学	山东	青岛市	本科	区域特色研究型	综合	公办	省政府	2	2	2	0	0	0	0	0	0			140		92		209	138			209	0.00	42	17	0	0	4	0	0	0	0	0		["综合"]	["研究生院", "保研", "省重点", "省属", "省部共建", "硕博点"]
12029	12819	NULL	山东科技职业学院	山东	潍坊市	专科		理工	公办	省政府	2	2	2	0	0	0	0	0	0													0	0	0	0	1	0	0	0	0	0		["理工"]	["省属", "双高计划", "高水平专业群建设单位", "国家级示范", "现代学徒制试点学院"]
10376	10439	NULL	山东第一医科大学	山东	济南市	本科	区域特色研究型	医药	公办	省政府	2	2	2	0	0	0	0	0	0			135		226		333	211			333	0.00	57	22	0	0	3	0	0	0	0	0		["医药"]	["保研", "硕博点"]
10654	10438	NULL	山东第二医科大学	山东	潍坊市	本科		医药	公办	省政府	2	2	2	0	0	0	0	0	0			220		383		424	243			424	0.00	87	1	0	0	2	0	0	0	0	0		["医药"]	["省属", "硕博点"]
10857	14438	NULL	山东管理学院	山东	济南市	本科		综合	公办	省政府	2	2	2	0	0	0	0	0	0			486				603	481			603	0.00	0	0	0	0	0	0	0	0	0	0		["综合"]	["省属"]
12152	13317	NULL	山东经贸职业学院	山东	潍坊市	专科		财经	公办	省政府	2	2	2	0	0	0	0	0	0													0	0	0	0	0	0	0	0	0	0		["财经"]	["省属"]
11879	12328	NULL	山东职业学院	山东	济南市	专科		理工	公办	省政府	2	2	2	0	0	0	0	0	0													0	0	0	0	0	0	0	0	0	0		["理工"]	["双高计划", "高水平专业群建设单位", "国家级骨干", "现代学徒制试点学院"]
11648	13316	NULL	山东胜利职业学院	山东	东营市	专科		理工	公办	省政府	2	2	2	0	0	0	0	0	0													0	0	0	0	0	0	0	0	0	0		["理工"]	
10728	10449	NULL	山东航空学院	山东	滨州市	本科		综合	公办	省政府	2	2	2	0	0	0	0	0	0			394				708	372			708	0.00	11	0	0	0	1	0	0	0	0	0		["综合"]	["省属", "硕博点"]
10725	10458	NULL	山东艺术学院	山东	济南市	本科		艺术	公办	省政府	2	2	2	0	0	0	0	0	0							655	306			655	0.00	12	3	0	0	0	0	0	0	0	0		["艺术"]	["研究生院", "保研", "省部共建", "硕博点"]
12408	14506	NULL	山东艺术设计职业学院	山东	济南市	专科		艺术	民办	省教育厅	2	2	2	0	0	0	0	0	0													0	0	0	0	0	0	0	0	0	0		["艺术"]	
11068	13006	NULL	山东英才学院	山东	济南市	本科		综合	民办	省教育厅	2	2	2	0	0	0	0	0	0							1182				1182	0.00	0	0	0	0	0	0	0	0	0	0		["综合"]	
12603	13966	NULL	山东药品食品职业学院	山东	威海市	专科		医药	公办	省政府	2	2	2	0	0	0	0	0	0													0	0	0	0	0	0	0	0	0	0		["医药"]	["省属"]
10803	11324	NULL	山东警察学院	山东	济南市	本科		政法	公办	省政府	2	2	2	0	0	0	0	0	0			500				444	500			444	0.00	0	0	0	0	0	0	0	0	0	0		["政法"]	
10206	10456	NULL	山东财经大学	山东	济南市	本科	区域特色研究型	财经	公办	省政府	2	2	2	0	0	0	0	0	0			143		211		201	187			201	0.00	63	14	0	0	0	0	0	0	0	0		["财经"]	["研究生院", "保研", "省重点", "省属", "省部共建", "硕博点"]
11231	13999	NULL	山东财经大学东方学院	山东	泰安市	本科		综合	民办	省教育厅	2	2	2	0	0	0	0	0	0							889				889	0.00	0	0	0	0	0	0	0	0	0	0		["综合"]	
11178	13383	NULL	山东财经大学燕山学院	山东	济南市	本科		财经	民办	省教育厅	2	2	2	0	0	0	0	0	0							858				858	0.00	0	0	0	0	0	0	0	0	0	0		["财经"]	
12321	14079	NULL	山东轻工职业学院	山东	淄博市	专科		理工	公办	省政府	2	2	2	0	0	0	0	0	0													0	0	0	0	0	0	0	0	0	0		["理工"]	
11756	13859	NULL	山东铝业职业学院	山东	淄博市	专科		理工	公办	省政府	2	2	2	0	0	0	0	0	0													0	0	0	0	0	0	0	0	0	0		["理工"]	
10784	14277	NULL	山东青年政治学院	山东	济南市	本科		综合	公办	省政府	2	2	2	0	0	0	0	0	0			480				589	372			589	0.00	0	0	0	0	0	0	0	0	0	0		["综合"]	["省属"]
10677	10809	NULL	山西中医药大学	山西	太原市	本科		医药	公办	省政府	2	2	2	0	0	0	0	0	0			287				461	416			461	0.00	7	2	0	0	0	0	0	0	0	0		["医药"]	["研究生院", "保研", "省重点", "省部共建", "硕博点"]
10753	14434	NULL	山西传媒学院	山西	太原市	本科		艺术	公办	省政府	2	2	2	0	0	0	0	0	0							819	416			819	0.00	0	0	0	0	0	0	0	0	0	0		["艺术"]	["省部共建"]
12472	13692	NULL	山西体育职业学院	山西	太原市	专科		体育	公办	省政府	2	2	2	0	0	0	0	0	0													0	0	0	0	0	0	0	0	0	0		["体育"]	
12663	13541	NULL	山西信息职业技术学院	山西	临汾市	专科		理工	民办	省教育厅	2	2	2	0	0	0	0	0	0													0	0	0	0	0	0	0	0	0	0		["理工"]	
10356	10113	NULL	山西农业大学	山西	晋中市	本科	区域特色研究型	农林	公办	省政府	2	2	2	0	0	0	0	0	0			225		240		664	286			664	0.00	21	10	0	0	1	0	0	0	0	0		["农林"]	["研究生院", "保研", "国重点", "省部共建", "硕博点"]
10282	10114	NULL	山西医科大学	山西	太原市	本科	应用型	医药	公办	省政府	2	2	2	0	0	0	0	0	0			132		324		350	96			350	0.00	33	14	0	0	0	0	0	0	0	0		["医药"]	["研究生院", "保研", "省重点", "硕博点"]
70625	14898	NULL	山西医药学院	山西	吕梁市	本科		医药	公办	省政府	2	2	2	0	0	0	0	0	0			500				483	500			483	0.00	6	3	0	0	0	0	0	0	0	0		["医药"]	["硕博点"]
12180	13914	NULL	山西华澳商贸职业学院	山西	晋中市	专科		财经	民办	省教育厅	2	2	2	0	0	0	0	0	0													0	0	0	0	0	0	0	0	0	0		["财经"]	["现代学徒制试点学院"]
12659	50166	NULL	山西卫生健康职业学院	山西	太原市	专科		医药	公办	省政府	2	2	2	0	0	0	0	0	0													0	0	0	0	0	0	0	0	0	0		["医药"]	["省属"]
12644	13862	NULL	山西同文职业技术学院	山西	晋中市	专科		综合	民办	省教育厅	2	2	2	0	0	0	0	0	0													0	0	0	0	0	0	0	0	0	0		["综合"]	
12365	13694	NULL	山西国际商务职业学院	山西	太原市	专科		财经	公办	省政府	2	2	2	0	0	0	0	0	0													0	0	0	0	0	0	0	0	0	0		["财经"]	
10560	10120	NULL	山西大同大学	山西	大同市	本科		综合	公办	省政府	2	2	2	0	0	0	0	0	0			470		438		650	313			650	0.00	11	0	0	0	0	0	0	0	0	0		["综合"]	["研究生院", "省属", "硕博点"]
10128	10108	NULL	山西大学	山西	太原市	本科	区域研究型	综合	公办	省政府	2	2	1	0	0	1	1	0	1			102		131		211	74			211	0.00	98	59	0	0	2	0	0	0	0	0		["综合"]	["双一流", "101计划", "研究生院", "保研", "国重点", "省重点", "省属", "省部共建", "硕博点"]
11215	13691	NULL	山西工商学院	山西	太原市	本科		财经	民办	省教育厅	2	2	2	0	0	0	0	0	0							1065				1065	0.00	0	0	0	0	0	0	0	0	0	0		["财经"]	
11104	13534	NULL	山西工学院	山西	朔州市	本科		理工	公办	省政府	2	2	2	0	0	0	0	0	0			500				969	500			969	0.00	0	0	0	0	0	0	0	0	0	0		["理工"]	["省属"]
10853	14527	NULL	山西工程技术学院	山西	阳泉市	本科		理工	公办	省政府	2	2	2	0	0	0	0	0	0			500				833	447			833	0.00	0	0	0	0	0	0	0	0	0	0		["理工"]	
10991	16201	NULL	山西工程科技职业大学	山西	太原市	本科		理工	公办	省政府	2	2	2	0	0	0	0	0	0							1051				1051	0.00	0	0	0	0	0	0	0	0	0	0		["理工"]	["省属", "国家级骨干", "现代学徒制试点学院"]
11685	14681	NULL	山西工程职业学院	山西	太原市	专科		理工	公办	省政府	2	2	2	0	0	0	0	0	0													0	0	0	0	0	0	0	0	0	0		["理工"]	["双高计划", "高水平专业群建设单位", "国家级示范", "国家级骨干", "现代学徒制试点学院"]
10379	10118	NULL	山西师范大学	山西	太原市	本科	应用型	师范	公办	省政府	2	2	2	0	0	0	0	0	0			267		337		503	201			503	0.00	28	7	0	0	1	0	0	0	0	0		["师范"]	["研究生院", "保研", "省重点", "省属", "硕博点"]
11376	12779	NULL	山西应用科技学院	山西	太原市	本科		综合	民办	省教育厅	2	2	2	0	0	0	0	0	0							1110				1110	0.00	0	0	0	0	0	0	0	0	0	0		["综合"]	
12331	13697	NULL	山西文化旅游职业大学	山西	太原市	本科		综合	公办	省政府	2	2	2	0	0	0	0	0	0							1087				1087	0.00	0	0	0	0	0	0	0	0	0	0		["综合"]	["省属"]
11160	13538	NULL	山西晋中理工学院	山西	晋中市	本科		理工	民办	省教育厅	2	2	2	0	0	0	0	0	0							1017				1017	0.00	0	0	0	0	0	0	0	0	0	0		["理工"]	
12323	12888	NULL	山西机电职业技术学院	山西	长治市	专科		理工	公办	省政府	2	2	2	0	0	0	0	0	0													0	0	0	0	0	0	0	0	0	0		["理工"]	["省属", "双高计划", "高水平专业群建设单位", "现代学徒制试点学院"]
12475	12891	NULL	山西林业职业技术学院	山西	太原市	专科		农林	公办	省政府	2	2	2	0	0	0	0	0	0													0	0	0	0	0	0	0	0	0	0		["农林"]	["现代学徒制试点学院"]
11638	12892	NULL	山西水利职业技术学院	山西	运城市	专科		理工	公办	省政府	2	2	2	0	0	0	0	0	0													0	0	0	0	0	0	0	0	0	0		["理工"]	["双高计划", "现代学徒制试点学院"]
11522	13745	NULL	山西电力职业技术学院	山西	太原市	专科		理工	公办	省政府	2	2	2	0	0	0	0	0	0													0	0	0	0	0	0	0	0	0	0		["理工"]	["现代学徒制试点学院"]
11144	13537	NULL	山西电子科技学院	山西	临汾市	本科		理工	公办	省教育厅	2	2	2	0	0	0	0	0	0			500				919	500			919	0.00	0	0	0	0	0	0	0	0	0	0		["理工"]	["省属"]
12738	51787	NULL	山西省政法管理干部学院	山西	太原市	专科		综合	公办	省政府	2	2	2	0	0	0	0	0	0													0	0	0	0	0	0	0	0	0	0		["综合"]	
11679	11630	NULL	山西省财政税务专科学校	山西	太原市	专科		财经	公办	省政府	2	2	2	0	0	0	0	0	0													0	0	0	0	0	0	0	0	0	0		["财经"]	["双高计划", "高水平学校建设单位", "国家级示范"]
11274	13597	NULL	山西科技学院	山西	晋城市	本科		理工	公办	省政府	2	2	2	0	0	0	0	0	0			500				977	500			977	0.00	0	0	0	0	0	0	0	0	0	0		["理工"]	["省属"]
11957	13698	NULL	山西管理职业学院	山西	临汾市	专科		财经	公办	省政府	2	2	2	0	0	0	0	0	0													0	0	0	0	0	0	0	0	0	0		["财经"]	
11394	14177	NULL	山西经贸职业学院	山西	太原市	专科		财经	公办	省政府	2	2	2	0	0	0	0	0	0													0	0	0	0	0	0	0	0	0	0		["财经"]	["省属", "现代学徒制试点学院"]
12661	14105	NULL	山西老区职业技术学院	山西	太原市	专科		综合	民办	省教育厅	2	2	2	0	0	0	0	0	0													0	0	0	0	0	0	0	0	0	0		["综合"]	["省属"]
11703	13528	NULL	山西职业技术学院	山西	太原市	专科		理工	公办	省政府	2	2	2	0	0	0	0	0	0													0	0	0	0	0	0	0	0	0	0		["理工"]	["省属", "高水平专业群建设单位", "国家级骨干", "现代学徒制试点学院"]
10849	51189	NULL	山西能源学院	山西	晋中市	本科		理工	公办	省政府	2	2	2	0	0	0	0	0	0			500				883	500			883	0.00	0	0	0	0	9	0	0	0	0	0		["理工"]	
12500	12776	NULL	山西药科职业学院	山西	太原市	专科		医药	公办	省政府	2	2	2	0	0	0	0	0	0													0	0	0	0	0	0	0	0	0	0		["医药"]	["省属", "现代学徒制试点学院"]
12445	13693	NULL	山西警官职业学院	山西	太原市	专科		政法	公办	省政府	2	2	2	0	0	0	0	0	0													0	0	0	0	0	0	0	0	0	0		["政法"]	
10752	12111	NULL	山西警察学院	山西	太原市	本科		政法	公办	省政府	2	2	2	0	0	0	0	0	0			500				578	500			578	0.00	0	0	0	0	0	0	0	0	0	0		["政法"]	["省属"]
10287	10125	NULL	山西财经大学	山西	太原市	本科	应用型	财经	公办	省政府	2	2	2	0	0	0	0	0	0			215				420	201			420	0.00	53	22	0	0	0	0	0	0	0	0		["财经"]	["研究生院", "保研", "省属", "硕博点"]
11188	13608	NULL	山西财经大学华商学院	山西	太原市	本科		财经	民办	省教育厅	2	2	2	0	0	0	0	0	0							855						0	0	0	0	0	0	0	0	0	0		["财经"]	
12375	12890	NULL	山西财贸职业技术学院	山西	太原市	专科		财经	公办	省政府	2	2	2	0	0	0	0	0	0													0	0	0	0	0	0	0	0	0	0		["财经"]	["省属", "现代学徒制试点学院"]
11920	13934	NULL	山西运城农业职业技术学院	山西	运城市	专科		农林	公办	省政府	2	2	2	0	0	0	0	0	0													0	0	0	0	0	0	0	0	0	0		["农林"]	
11853	14697	NULL	山西通用航空职业技术学院	山西	大同市	专科		理工	公办	省政府	2	2	2	0	0	0	0	0	0													0	0	0	0	0	0	0	0	0	0		["理工"]	
12482	13530	NULL	山西金融职业学院	山西	太原市	专科		财经	公办	省政府	2	2	2	0	0	0	0	0	0													0	0	0	0	0	0	0	0	0	0		["财经"]	["省属"]
12487	14247	NULL	山西铁道职业技术学院	山西	太原市	专科		理工	公办	省政府	2	2	2	0	0	0	0	0	0													0	0	0	0	0	0	0	0	0	0		["理工"]	["现代学徒制试点学院"]
10567	10579	NULL	岭南师范学院	广东	湛江市	本科		师范	公办	省政府	2	2	2	0	0	0	0	0	0			391				592	308			592	0.00	3	0	0	0	0	0	0	0	0	0		["师范"]	["省属", "硕博点"]
11181	12658	NULL	岳阳学院	湖南	岳阳市	本科		综合	民办	省教育厅	2	2	2	0	0	0	0	0	0							1159				1159	0.00	0	0	0	0	0	0	0	0	0	0		["综合"]	
70380	14818	NULL	岳阳现代服务职业学院	湖南	岳阳市	专科		综合	民办	省教育厅	2	2	2	0	0	0	0	0	0													0	0	0	0	0	0	0	0	0	0		["综合"]	
70661	14933	NULL	岳阳科技职业学院	湖南	岳阳市	专科		综合	民办		2	2	2	0	0	0	0	0	0													0	0	0	0	0	0	0	0	0	0		["综合"]	
11521	13038	NULL	岳阳职业技术学院	湖南	岳阳市	专科		综合	公办	省政府	2	2	2	0	0	0	0	0	0													0	0	0	0	0	0	0	0	0	0			
12751	51675	NULL	崇左幼儿师范高等专科学校	广西	崇左市	专科		师范	公办	自治区政府	2	2	2	0	0	0	0	0	0													0	0	0	0	0	0	0	0	0	0		["师范"]	
11706	13785	NULL	嵩山少林武术职业学院	河南	郑州市	专科		综合	民办	省教育厅	2	2	2	0	0	0	0	0	0													0	0	0	0	0	0	0	0	0	0		["综合"]	
10713	10634	NULL	川北医学院	四川	南充市	本科		医药	公办	省政府	2	2	2	0	0	0	0	0	0			285				351	382			351	0.00	17	0	0	0	0	0	0	0	0	0		["医药"]	["省属", "硕博点"]
12457	14393	NULL	川北幼儿师范高等专科学校	四川	广元市	专科		师范	公办	省政府	2	2	2	0	0	0	0	0	0													0	0	0	0	0	0	0	0	0	0		["师范"]	
12516	14496	NULL	川南幼儿师范高等专科学校	四川	内江市	专科		师范	公办	省政府	2	2	2	0	0	0	0	0	0													0	0	0	0	0	0	0	0	0	0		["师范"]	
10741	10380	NULL	巢湖学院	安徽	合肥市	本科		综合	公办	省政府	2	2	2	0	0	0	0	0	0			479				776	433			776	0.00	0	0	0	0	0	0	0	0	0	0		["综合"]	["省属"]
12414	14483	NULL	巴中职业技术学院	四川	巴中市	专科		综合	民办	省教育厅	2	2	2	0	0	0	0	0	0													0	0	0	0	0	0	0	0	0	0		["综合"]	
12063	13094	NULL	巴音郭楞职业技术学院	新疆	巴音郭楞蒙古自治州	专科		理工	公办	自治区政府	2	2	2	0	0	0	0	0	0													0	0	0	0	0	0	0	0	0	0		["理工"]	["现代学徒制试点学院"]
11896	12317	NULL	常州信息职业技术学院	江苏	常州市	专科		理工	公办	省政府	2	2	2	0	0	0	0	0	0													0	0	0	0	0	0	0	0	0	0		["理工"]	["双高计划", "高水平学校建设单位", "国家级示范", "现代学徒制试点学院"]
10390	10292	NULL	常州大学	江苏	常州市	本科	区域特色研究型	理工	公办	省政府	2	2	2	0	0	0	0	0	0			165		184		312	172			312	0.00	29	3	0	0	2	0	0	0	0	0		["理工"]	["研究生院", "保研", "省属", "省部共建", "硕博点"]
10984	13992	NULL	常州大学怀德学院	江苏	泰州市	本科		综合	民办	省教育厅	2	2	2	0	0	0	0	0	0							1141				1141	0.00	0	0	0	0	0	0	0	0	0	0		["综合"]	
12117	13101	NULL	常州工业职业技术学院	江苏	常州市	专科		理工	公办	省政府	2	2	2	0	0	0	0	0	0													0	0	0	0	0	0	0	0	0	0		["理工"]	["省属"]
10688	11055	NULL	常州工学院	江苏	常州市	本科		理工	公办	省政府	2	2	2	0	0	0	0	0	0			336		404		580	306			580	0.00	3	0	0	0	0	0	0	0	0	0		["理工"]	["硕博点"]
11803	13102	NULL	常州工程职业技术学院	江苏	常州市	专科		理工	公办	省政府	2	2	2	0	0	0	0	0	0													0	0	0	0	0	0	0	0	0	0		["理工"]	["省属", "高水平专业群建设单位"]
70095	14773	NULL	常州幼儿师范高等专科学校	江苏	常州市	专科		师范	公办	省政府	2	2	2	0	0	0	0	0	0													0	0	0	0	0	0	0	0	0	0		["师范"]	
12311	13114	NULL	常州机电职业技术学院	江苏	常州市	专科		理工	公办	省政府	2	2	2	0	0	0	0	0	0													0	0	0	0	0	0	0	0	0	0		["理工"]	["省属", "双高计划", "高水平学校建设单位", "国家级骨干"]
11672	12807	NULL	常州纺织服装职业技术学院	江苏	常州市	专科		理工	公办	省政府	2	2	2	0	0	0	0	0	0													0	0	0	0	0	0	0	0	0	0		["理工"]	["省属"]
70644	14913	NULL	常州铁道职业技术学院	江苏	常州市	专科		理工	公办	江苏省教育厅	2	2	2	0	0	0	0	0	0													0	0	0	0	0	0	0	0	0	0		["理工"]	
11162	12657	NULL	常德学院	湖南	常德市	本科		综合	民办	省教育厅	2	2	2	0	0	0	0	0	0							1219				1219	0.00	0	0	0	0	0	0	0	0	0	0		["综合"]	
70377	14814	NULL	常德科技职业技术学院	湖南	常德市	专科		综合	公办	省政府	2	2	2	0	0	0	0	0	0													0	0	0	0	0	0	0	0	0	0		["综合"]	
11675	13039	NULL	常德职业技术学院	湖南	常德市	专科		综合	公办	省政府	2	2	2	0	0	0	0	0	0													0	0	0	0	0	0	0	0	0	0		["综合"]	["现代学徒制试点学院"]
12884	14595	NULL	平凉职业技术学院	甘肃	平凉市	专科		理工	公办	省政府	2	2	2	0	0	0	0	0	0													0	0	0	0	0	0	0	0	0	0		["理工"]	
10792	10919	NULL	平顶山学院	河南	平顶山市	本科		综合	公办	省政府	2	2	2	0	0	0	0	0	0			442				754	433			754	0.00	3	0	0	0	0	0	0	0	0	0		["综合"]	["省属", "硕博点"]
11620	12748	NULL	平顶山工业职业技术学院	河南	平顶山市	专科		理工	公办	省政府	2	2	2	0	0	0	0	0	0													0	0	0	0	1	0	0	0	0	0		["理工"]	["国家级示范"]
12823	14530	NULL	平顶山文化艺术职业学院	河南	平顶山市	专科		艺术	民办	省教育厅	2	2	2	0	0	0	0	0	0													0	0	0	0	0	0	0	0	0	0		["艺术"]	
70659	14932	NULL	平顶山科技职业学院	河南	平顶山市	专科		理工	民办		2	2	2	0	0	0	0	0	0													0	0	0	0	0	0	0	0	0	0		["理工"]	
12700	50709	NULL	平顶山职业技术学院	河南	平顶山市	专科		综合	公办	省政府	2	2	2	0	0	0	0	0	0													0	0	0	0	0	0	0	0	0	0		["综合"]	["省属"]
11243	12574	NULL	广东东软学院	广东	佛山市	本科		理工	民办	省教育厅	2	2	2	0	0	0	0	0	0							1020				1020	0.00	0	0	0	0	0	0	0	0	0	0		["理工"]	
70079	14760	NULL	广东云浮中医药职业学院	广东	云浮市	专科		医药	公办	省政府	2	2	2	0	0	0	0	0	0													0	0	0	0	0	0	0	0	0	0		["医药"]	
12677	12961	NULL	广东亚视演艺职业学院	广东	肇庆市	专科		艺术	民办	省教育厅	2	2	2	0	0	0	0	0	0													0	0	0	0	0	0	0	0	0	0		["艺术"]	
11918	10861	NULL	广东交通职业技术学院	广东	广州市	专科		综合	公办	省政府	2	2	2	0	0	0	0	0	0													0	0	0	0	0	0	0	0	0	0		["综合"]	["国家级骨干"]
10533	16410	NULL	广东以色列理工学院	广东	汕头市	本科		理工		省教育厅	2	2	2	0	0	0	0	0	0			138				305	133			305	0.00	0	0	0	0	0	0	0	0	0	0		["理工"]	
12196	12578	NULL	广东体育职业技术学院	广东	广州市	专科		体育	公办	省政府	2	2	2	0	0	0	0	0	0													0	0	0	0	0	0	0	0	0	0		["体育"]	
12783	14427	NULL	广东信息工程职业学院	广东	肇庆市	专科		理工	民办	省教育厅	2	2	2	0	0	0	0	0	0													0	0	0	0	0	0	0	0	0	0		["理工"]	
11599	12322	NULL	广东农工商职业技术学院	广东	广州市	专科		综合	公办	省政府	2	2	2	0	0	0	0	0	0													0	0	0	0	0	0	0	0	0	0		["综合"]	["双高计划"]
12262	14363	NULL	广东创新科技职业学院	广东	东莞市	专科		理工	民办	省教育厅	2	2	2	0	0	0	0	0	0													0	0	0	0	0	0	0	0	0	0		["理工"]	
10563	10571	NULL	广东医科大学	广东	湛江市	本科		医药	公办	省政府	2	2	2	0	0	0	0	0	0			266		291		405	328			405	0.00	17	1	0	0	0	0	0	0	0	0		["医药"]	["研究生院", "省重点", "省属", "硕博点"]
12143	11114	NULL	广东南华工商职业学院	广东	广州市	专科		综合	公办	省政府	2	2	2	0	0	0	0	0	0													0	0	0	0	0	0	0	0	0	0		["综合"]	["省属"]
12645	14265	NULL	广东南方职业学院	广东	江门市	专科		综合	民办	省教育厅	2	2	2	0	0	0	0	0	0													0	0	0	0	0	0	0	0	0	0		["综合"]	
12158	12960	NULL	广东司法警官职业学院	广东	广州市	专科		政法	公办	省政府	2	2	2	0	0	0	0	0	0													0	0	0	0	0	0	0	0	0	0		["政法"]	["省属"]
11268	12059	NULL	广东培正学院	广东	广州市	本科		财经	民办	省教育厅	2	2	2	0	0	0	0	0	0							1224				1224	0.00	0	0	0	0	0	0	0	0	0	0		["财经"]	
10155	11846	NULL	广东外语外贸大学	广东	广州市	本科	区域特色研究型	综合	公办	省政府	2	2	2	0	0	0	0	0	0			129		137		142	122			142	0.00	55	24	0	0	0	0	0	0	0	0		["综合"]	["研究生院", "保研", "省重点", "省属", "硕博点"]
11248	12620	NULL	广东外语外贸大学南国商学院	广东	广州市	本科		综合	民办	省教育厅	2	2	2	0	0	0	0	0	0							961				961	0.00	0	0	0	0	0	0	0	0	0	0		["综合", "财经"]	
12193	12742	NULL	广东女子职业技术学院	广东	广州市	专科		综合	公办	省政府	2	2	2	0	0	0	0	0	0													0	0	0	0	0	0	0	0	0	0		["综合"]	
11771	12749	NULL	广东岭南职业技术学院	广东	广州市	专科		综合	民办	省教育厅	2	2	2	0	0	0	0	0	0													0	0	0	0	0	0	0	0	0	0		["综合"]	
10132	11845	NULL	广东工业大学	广东	广州市	本科	区域特色研究型	理工	公办	省政府	2	2	2	0	0	0	0	0	0			96		67		123	101			123	0.00	124	57	0	0	2	0	0	0	0	0		["理工"]	["研究生院", "保研", "省重点", "省属", "硕博点"]
11021	13721	NULL	广东工商职业技术大学	广东	肇庆市	本科		综合	民办	省教育厅	2	2	2	0	0	0	0	0	0							1289				1289	0.00	0	0	0	0	0	0	0	0	0	0		["综合"]	
12163	13930	NULL	广东工程职业技术学院	广东	广州市	专科		理工	公办	省政府	2	2	2	0	0	0	0	0	0													0	0	0	0	1	0	0	0	0	0		["理工"]	["省属", "现代学徒制试点学院"]
11608	12959	NULL	广东工贸职业技术学院	广东	广州市	专科		理工	公办	省政府	2	2	2	0	0	0	0	0	0													0	0	0	0	0	0	0	0	0	0		["理工"]	["省属", "双高计划", "高水平专业群建设单位", "现代学徒制试点学院"]
12159	12741	NULL	广东建设职业技术学院	广东	广州市	专科		综合	公办	省政府	2	2	2	0	0	0	0	0	0													0	0	0	0	0	0	0	0	0	0		["综合"]	["省属", "现代学徒制试点学院"]
10454	10588	NULL	广东技术师范大学	广东	广州市	本科	应用型	师范	公办	省政府	2	2	2	0	0	0	0	0	0			314		374		271	272			271	0.00	11	0	0	0	0	0	0	0	0	0		["师范"]	["研究生院", "省属"]
11961	14126	NULL	广东文理职业学院	广东	湛江市	专科		综合	民办	省教育厅	2	2	2	0	0	0	0	0	0													0	0	0	0	0	0	0	0	0	0			
12614	13707	NULL	广东文艺职业学院	广东	广州市	专科		艺术	公办	省政府	2	2	2	0	0	0	0	0	0													0	0	0	0	0	0	0	0	0	0		["艺术"]	
11426	12325	NULL	广东新安职业技术学院	广东	深圳市	专科		综合	民办	省教育厅	2	2	2	0	0	0	0	0	0													0	0	0	0	0	0	0	0	0	0		["综合"]	
11999	12743	NULL	广东机电职业技术学院	广东	广州市	专科		理工	公办	省政府	2	2	2	0	0	0	0	0	0													0	0	0	0	0	0	0	0	0	0		["理工"]	["双高计划", "高水平专业群建设单位", "现代学徒制试点学院"]
11882	12060	NULL	广东松山职业技术学院	广东	韶关市	专科		理工	公办	省政府	2	2	2	0	0	0	0	0	0													0	0	0	0	0	0	0	0	0	0			
70077	14758	NULL	广东梅州职业技术学院	广东	梅州市	专科		综合	公办	省政府	2	2	2	0	0	0	0	0	0													0	0	0	0	0	0	0	0	0	0		["综合"]	
11533	10862	NULL	广东水利电力职业技术学院	广东	广州市	专科		理工	公办	省政府	2	2	2	0	0	0	0	0	0													0	0	0	0	0	0	0	0	0	0		["理工"]	["省属", "双高计划", "高水平专业群建设单位", "国家级骨干", "现代学徒制试点学院"]
70076	14757	NULL	广东汕头幼儿师范高等专科学校	广东	汕头市	专科		师范	公办	省政府	2	2	2	0	0	0	0	0	0													0	0	0	0	0	0	0	0	0	0		["师范"]	
11411	14610	NULL	广东江门中医药职业学院	广东	江门市	专科		医药	公办	省政府	2	2	2	0	0	0	0	0	0													0	0	0	0	0	0	0	0	0	0		["医药"]	
12385	14664	NULL	广东江门幼儿师范高等专科学校	广东	江门市	专科		师范	公办	省政府	2	2	2	0	0	0	0	0	0													0	0	0	0	0	0	0	0	0	0		["师范"]	
10340	10566	NULL	广东海洋大学	广东	湛江市	本科	区域特色研究型	综合	公办	省政府	2	2	2	0	0	0	0	0	0			298		194		430	328			430	0.00	14	4	0	0	0	0	0	0	0	0		["综合"]	["研究生院", "保研", "省属", "省部共建", "硕博点"]
70078	14759	NULL	广东潮州卫生健康职业学院	广东	潮州市	专科		医药	公办	省政府	2	2	2	0	0	0	0	0	0													0	0	0	0	0	0	0	0	0	0		["医药"]	
12279	14311	NULL	广东环境保护工程职业学院	广东	佛山市	专科		理工	公办	省政府	2	2	2	0	0	0	0	0	0													0	0	0	0	0	0	0	0	0	0		["理工"]	["省属", "现代学徒制试点学院"]
11256	13720	NULL	广东理工学院	广东	肇庆市	本科		理工	民办	省教育厅	2	2	2	0	0	0	0	0	0							1291				1291	0.00	0	0	0	0	0	0	0	0	0	0		["理工"]	
11775	13919	NULL	广东理工职业学院	广东	广州市	专科		理工	公办	省政府	2	2	2	0	0	0	0	0	0													0	0	0	0	0	0	0	0	0	0		["理工"]	["省属", "现代学徒制试点学院"]
12142	14509	NULL	广东生态工程职业学院	广东	广州市	专科		综合	公办	省政府	2	2	2	0	0	0	0	0	0													0	0	0	0	0	0	0	0	0	0		["综合"]	
11057	10822	NULL	广东白云学院	广东	广州市	本科		理工	民办	省教育厅	2	2	2	0	0	0	0	0	0							1054				1054	0.00	0	0	0	0	0	0	0	0	0	0		["理工"]	
11621	12962	NULL	广东省外语艺术职业学院	广东	广州市	专科		综合	公办	省政府	2	2	2	0	0	0	0	0	0													0	0	0	0	0	0	0	0	0	0			
10461	11656	NULL	广东石油化工学院	广东	茂名市	本科	应用型	理工	公办	省政府	2	2	2	0	0	0	0	0	0			376		259		609	382			609	0.00	2	0	0	0	1	0	0	0	0	0		["理工"]	["省属", "省部共建", "硕博点"]
12784	14511	NULL	广东碧桂园职业学院	广东	清远市	专科		综合	民办	省教育厅	2	2	2	0	0	0	0	0	0													0	0	0	0	0	0	0	0	0	0		["综合"]	["现代学徒制试点学院"]
11430	12572	NULL	广东科学技术职业学院	广东	广州市	专科		综合	公办	省政府	2	2	2	0	0	0	0	0	0													0	0	0	0	0	0	0	0	0	0			
11261	13719	NULL	广东科技学院	广东	东莞市	本科		综合	民办	省教育厅	2	2	2	0	0	0	0	0	0							1265				1265	0.00	0	0	0	0	0	0	0	0	0	0		["综合"]	["省属"]
11978	14063	NULL	广东科贸职业学院	广东	广州市	专科		综合	公办	省政府	2	2	2	0	0	0	0	0	0													0	0	0	0	0	0	0	0	0	0			
10530	14278	NULL	广东第二师范学院	广东	广州市	本科		师范	公办	省政府	2	2	2	0	0	0	0	0	0			424				368	382			368	0.00	0	0	0	0	0	0	0	0	0	0		["师范"]	["省属"]
11804	12736	NULL	广东职业技术学院	广东	佛山市	专科		综合	公办	省政府	2	2	2	0	0	0	0	0	0													0	0	0	0	0	0	0	0	0	0		["综合"]	["省属", "双高计划"]
70080	14761	NULL	广东肇庆航空职业学院	广东	肇庆市	专科		综合	民办	省教育厅	2	2	2	0	0	0	0	0	0													0	0	0	0	0	0	0	0	0	0		["综合"]	["省属"]
12451	14407	NULL	广东艺术职业学院	广东	广州市	专科		艺术	公办	省政府	2	2	2	0	0	0	0	0	0													0	0	0	0	0	0	0	0	0	0		["艺术"]	["省属"]
12812	14556	NULL	广东茂名健康职业学院	广东	茂名市	专科		医药	公办	省政府	2	2	2	0	0	0	0	0	0													0	0	0	0	0	0	0	0	0	0		["医药"]	
12764	14638	NULL	广东茂名农林科技职业学院	广东	茂名市	专科		农林	公办	省政府	2	2	2	0	0	0	0	0	0													0	0	0	0	0	0	0	0	0	0		["农林"]	
12862	14587	NULL	广东茂名幼儿师范专科学校	广东	茂名市	专科		师范	公办	省政府	2	2	2	0	0	0	0	0	0													0	0	0	0	0	0	0	0	0	0		["师范"]	
10433	10573	NULL	广东药科大学	广东	广州市	本科	应用型	医药	公办	省政府	2	2	2	0	0	0	0	0	0			292		269		486	399			486	0.00	5	2	0	0	1	0	0	0	0	0		["医药"]	["研究生院", "保研", "硕博点"]
12032	12577	NULL	广东行政职业学院	广东	广州市	专科		综合	公办	省政府	2	2	2	0	0	0	0	0	0													0	0	0	0	0	0	0	0	0	0		["综合"]	["省属"]
10546	11110	NULL	广东警官学院	广东	广州市	本科		政法	公办	省政府	2	2	2	0	0	0	0	0	0			351				232	416			232	0.00	0	0	0	0	0	0	0	0	0	0		["政法"]	
10332	10592	NULL	广东财经大学	广东	广州市	本科	应用型	财经	公办	省政府	2	2	2	0	0	0	0	0	0			232				225	218			225	0.00	35	3	0	0	0	0	0	0	0	0		["财经"]	["研究生院", "保研", "省部共建", "硕博点"]
12074	14667	NULL	广东财贸职业学院	广东	清远市	专科		财经	公办	省政府	2	2	2	0	0	0	0	0	0													0	0	0	0	0	0	0	0	0	0		["财经"]	["省属"]
11425	10833	NULL	广东轻工职业技术大学	广东	广州市	本科		理工	公办	省政府	2	2	2	0	0	0	0	0	0							369				369	0.00	0	0	0	0	0	0	0	0	0	0		["理工"]	["省属", "双高计划", "高水平学校建设单位", "国家级示范", "现代学徒制试点学院"]
12707	12953	NULL	广东邮电职业技术学院	广东	广州市	专科		理工	公办	省政府	2	2	2	0	0	0	0	0	0													0	0	0	0	0	0	0	0	0	0		["理工"]	["现代学徒制试点学院"]
12865	14572	NULL	广东酒店管理职业技术学院	广东	东莞市	专科		综合	民办	省教育厅	2	2	2	0	0	0	0	0	0													0	0	0	0	0	0	0	0	0	0		["综合"]	
10392	11540	NULL	广东金融学院	广东	广州市	本科	应用型	财经	公办	省政府	2	2	2	0	0	0	0	0	0			351				413	356			413	0.00	1	0	0	0	1	0	0	0	0	0		["财经"]	["研究生院", "省属", "硕博点"]
11681	12573	NULL	广东食品药品职业学院	广东	广州市	专科		医药	公办	省政府	2	2	2	0	0	0	0	0	0													0	0	0	0	0	0	0	0	0	0		["医药"]	["省属", "双高计划", "高水平专业群建设单位", "现代学徒制试点学院"]
12295	50881	NULL	广元中核职业技术学院	四川	广元市	专科		理工	民办	省教育厅	2	2	2	0	0	0	0	0	0													0	0	0	0	0	0	0	0	0	0		["理工"]	
12198	13814	NULL	广安职业技术学院	四川	广安市	专科		综合	公办	省政府	2	2	2	0	0	0	0	0	0													0	0	0	0	0	0	0	0	0	0		["综合"]	["省部共建", "现代学徒制试点学院"]
12570	14362	NULL	广州东华职业学院	广东	广州市	专科		综合	民办	省教育厅	2	2	2	0	0	0	0	0	0													0	0	0	0	0	0	0	0	0	0		["综合"]	
10213	10572	NULL	广州中医药大学	广东	广州市	本科	特色研究型	医药	公办	省政府	2	2	1	0	0	1	0	0	0			98		188		171	129			171	0.00	44	19	0	0	1	0	0	0	0	0		["医药"]	["双一流", "研究生院", "保研", "国重点", "省重点", "省属", "省部共建", "硕博点"]
10548	10585	NULL	广州体育学院	广东	广州市	本科		体育	公办	省政府	2	2	2	0	0	0	0	0	0			367				443	363			443	0.00	4	1	0	0	0	0	0	0	0	0		["体育"]	["研究生院", "硕博点"]
12264	13708	NULL	广州体育职业技术学院	广东	广州市	专科		体育	公办	省政府	2	2	2	0	0	0	0	0	0													0	0	0	0	0	0	0	0	0	0		["体育"]	
10261	10570	NULL	广州医科大学	广东	广州市	本科	区域特色研究型	医药	公办	省政府	2	2	1	0	0	1	0	0	0			79		128		177	117			177	0.00	52	29	0	0	0	0	0	0	0	0		["医药"]	["双一流", "研究生院", "保研", "国重点", "省重点", "硕博点"]
12665	13927	NULL	广州华南商贸职业学院	广东	广州市	专科		财经	民办	省教育厅	2	2	2	0	0	0	0	0	0													0	0	0	0	0	0	0	0	0	0		["财经"]	
11344	12621	NULL	广州华商学院	广东	广州市	本科		财经	民办	省教育厅	2	2	2	0	0	0	0	0	0							1295				1295	0.00	0	0	0	0	0	0	0	0	0	0		["财经"]	
12655	14266	NULL	广州华商职业学院	广东	广州市	专科		综合	民办	省教育厅	2	2	2	0	0	0	0	0	0													0	0	0	0	0	0	0	0	0	0		["综合"]	
12184	14268	NULL	广州华夏职业学院	广东	广州市	专科		综合	民办	省教育厅	2	2	2	0	0	0	0	0	0													0	0	0	0	0	0	0	0	0	0		["综合"]	
11304	13656	NULL	广州华立学院	广东	广州市	本科		理工	民办	省教育厅	2	2	2	0	0	0	0	0	0							1286				1286	0.00	0	0	0	0	0	0	0	0	0	0		["理工"]	
12628	13928	NULL	广州华立科技职业学院	广东	广州市	专科		综合	民办	省教育厅	2	2	2	0	0	0	0	0	0													0	0	0	0	0	0	0	0	0	0		["综合"]	
11255	12619	NULL	广州南方学院	广东	广州市	本科		综合	民办	省教育厅	2	2	2	0	0	0	0	0	0							1018				1018	0.00	0	0	0	0	0	0	0	0	0	0		["综合"]	
12247	13716	NULL	广州南洋理工职业学院	广东	广州市	专科		理工	民办	省教育厅	2	2	2	0	0	0	0	0	0													0	0	0	0	0	0	0	0	0	0		["理工"]	["省属"]
12863	14592	NULL	广州卫生职业技术学院	广东	广州市	专科		医药	公办	省政府	2	2	2	0	0	0	0	0	0													0	0	0	0	0	0	0	0	0	0		["医药"]	
11260	13667	NULL	广州商学院	广东	广州市	本科		综合	民办	省教育厅	2	2	2	0	0	0	0	0	0							1048				1048	0.00	0	0	0	0	0	0	0	0	0	0		["综合"]	
11244	12617	NULL	广州城市理工学院	广东	广州市	本科		理工	民办	省教育厅	2	2	2	0	0	0	0	0	0							915				915	0.00	0	0	0	0	0	0	0	0	0	0		["理工"]	
11560	13929	NULL	广州城市职业学院	广东	广州市	专科		综合	公办	省政府	2	2	2	0	0	0	0	0	0													0	0	0	0	0	0	0	0	0	0		["综合"]	
11934	14136	NULL	广州城建职业学院	广东	广州市	专科		理工	民办	省教育厅	2	2	2	0	0	0	0	0	0													0	0	0	0	0	0	0	0	0	0		["理工"]	["现代学徒制试点学院"]
10182	11078	NULL	广州大学	广东	广州市	本科	区域研究型	综合	公办	省政府	2	2	2	0	0	0	1	0	1			105		61		157	117			157	0.00	70	25	0	0	5	0	0	0	0	0		["综合"]	["101计划", "研究生院", "保研", "省重点", "省属", "硕博点"]
11258	13714	NULL	广州工商学院	广东	广州市	本科		财经	民办	省教育厅	2	2	2	0	0	0	0	0	0							1296				1296	0.00	0	0	0	0	0	0	0	0	0	0		["财经"]	
12560	13709	NULL	广州工程技术职业学院	广东	广州市	专科		综合	公办	省政府	2	2	2	0	0	0	0	0	0													0	0	0	0	0	0	0	0	0	0		["综合"]	["现代学徒制试点学院"]
70075	14756	NULL	广州幼儿师范高等专科学校	广东	广州市	专科		师范	公办	省政府	2	2	2	0	0	0	0	0	0													0	0	0	0	0	0	0	0	0	0		["师范"]	
11343	13657	NULL	广州应用科技学院	广东	广州市	本科		综合	民办	省教育厅	2	2	2	0	0	0	0	0	0							1256				1256	0.00	0	0	0	0	0	0	0	0	0	0		["综合"]	
12243	12575	NULL	广州康大职业技术学院	广东	广州市	专科		理工	民办	省教育厅	2	2	2	0	0	0	0	0	0													0	0	0	0	0	0	0	0	0	0		["理工"]	
11175	13902	NULL	广州新华学院	广东	广州市	本科		综合	民办	省教育厅	2	2	2	0	0	0	0	0	0							944				944	0.00	0	0	0	0	0	0	0	0	0	0		["综合"]	
12621	14125	NULL	广州松田职业学院	广东	广州市	专科		综合	民办	省教育厅	2	2	2	0	0	0	0	0	0													0	0	0	0	0	0	0	0	0	0		["综合"]	
12568	12040	NULL	广州民航职业技术学院	广东	广州市	专科		理工	公办	交通运输部	2	2	2	0	0	0	0	0	0													0	0	0	0	0	0	0	0	0	0		["理工"]	["部委院校", "省部共建", "双高计划", "高水平专业群建设单位", "国家级示范", "现代学徒制试点学院"]
12110	13715	NULL	广州涉外经济职业技术学院	广东	广州市	专科		财经	民办	省教育厅	2	2	2	0	0	0	0	0	0													0	0	0	0	0	0	0	0	0	0		["财经"]	["省属"]
12664	13912	NULL	广州现代信息工程职业技术学院	广东	广州市	专科		综合	民办	省教育厅	2	2	2	0	0	0	0	0	0													0	0	0	0	0	0	0	0	0	0		["综合"]	
12750	14123	NULL	广州珠江职业技术学院	广东	广州市	专科		综合	民办	省教育厅	2	2	2	0	0	0	0	0	0													0	0	0	0	0	0	0	0	0	0		["综合"]	
11296	12668	NULL	广州理工学院	广东	广州市	本科		综合	民办	省教育厅	2	2	2	0	0	0	0	0	0							1247				1247	0.00	0	0	0	0	0	0	0	0	0	0		["综合"]	
11064	13717	NULL	广州科技职业技术大学	广东	广州市	本科		综合	民办	省教育厅	2	2	2	0	0	0	0	0	0							1270				1270	0.00	0	0	0	0	0	0	0	0	0	0		["综合"]	
12169	14065	NULL	广州科技贸易职业学院	广东	广州市	专科		综合	公办	省政府	2	2	2	0	0	0	0	0	0													0	0	0	0	0	0	0	0	0	0		["综合"]	["现代学徒制试点学院"]
10431	10586	NULL	广州美术学院	广东	广州市	本科	区域特色研究型	艺术	公办	省政府	2	2	2	0	0	0	0	0	0							401	225			401	0.00	3	2	0	0	0	0	0	0	0	0		["艺术"]	["研究生院", "保研", "八大美院", "硕博点"]
11530	12046	NULL	广州职业技术大学	广东	广州市	本科		综合	公办	省政府	2	2	2	0	0	0	0	0	0							426				426	0.00	0	0	0	0	0	0	0	0	0	0		["综合"]	["双高计划", "高水平学校建设单位", "国家级示范", "现代学徒制试点学院"]
10558	11106	NULL	广州航海学院	广东	广州市	本科		理工	公办	省政府	2	2	2	0	0	0	0	0	0			442				501	433			501	0.00	0	0	0	0	0	0	0	0	0	0		["理工"]	
11328	12618	NULL	广州软件学院	广东	广州市	本科		理工	民办	省教育厅	2	2	2	0	0	0	0	0	0							1079				1079	0.00	0	0	0	0	0	0	0	0	0	0		["理工"]	
11923	13943	NULL	广州铁路职业技术学院	广东	广州市	专科		理工	公办	省政府	2	2	2	0	0	0	0	0	0													0	0	0	0	0	0	0	0	0	0			
10484	10600	NULL	广西中医药大学	广西	南宁市	本科	应用型	医药	公办	自治区政府	2	2	2	0	0	0	0	0	0			242		409		296	208			296	0.00	29	12	0	0	0	0	0	0	0	0		["医药"]	["研究生院", "保研", "省重点", "省属", "省部共建", "硕博点"]
11364	13643	NULL	广西中医药大学赛恩斯新医药学院	广西	南宁市	本科		医药	民办	自治区教育厅	2	2	2	0	0	0	0	0	0							719				719	0.00	0	0	0	0	0	0	0	0	0	0		["医药"]	
11528	12356	NULL	广西交通职业技术学院	广西	南宁市	专科		理工	公办	自治区政府	2	2	2	0	0	0	0	0	0													0	0	0	0	0	0	0	0	0	0		["理工"]	["双高计划", "现代学徒制试点学院"]
12565	11350	NULL	广西体育高等专科学校	广西	南宁市	专科		体育	公办	自治区政府	2	2	2	0	0	0	0	0	0													0	0	0	0	0	0	0	0	0	0		["体育"]	
70083	14763	NULL	广西信息职业技术学院	广西	南宁市	专科		综合	公办	自治区政府	2	2	2	0	0	0	0	0	0													0	0	0	0	0	0	0	0	0	0		["综合"]	
70084	14764	NULL	广西农业工程职业技术学院	广西	崇左市	专科		农林	公办	自治区政府	2	2	2	0	0	0	0	0	0													0	0	0	0	0	0	0	0	0	0		["农林"]	
70074	16205	NULL	广西农业职业技术大学	广西	南宁市	本科		农林	公办	自治区政府	2	2	2	0	0	0	0	0	0							737				737	0.00	0	0	0	0	0	0	0	0	0	0		["农林"]	["省属", "现代学徒制试点学院"]
11972	14722	NULL	广西制造工程职业技术学院	广西	南宁市	专科		理工	公办	自治区政府	2	2	2	0	0	0	0	0	0													0	0	0	0	0	0	0	0	0	0			
10330	10598	NULL	广西医科大学	广西	南宁市	本科	区域特色研究型	医药	公办	自治区政府	2	2	2	0	0	0	0	0	0			151		291		226	166			226	0.00	67	46	0	0	0	0	0	0	0	0		["医药"]	["研究生院", "保研", "省重点", "省属", "省部共建", "硕博点"]
12024	14313	NULL	广西卫生职业技术学院	广西	南宁市	专科		医药	公办	自治区政府	2	2	2	0	0	0	0	0	0													0	0	0	0	0	0	0	0	0	0			
12435	12379	NULL	广西国际商务职业技术学院	广西	南宁市	专科		财经	公办	自治区政府	2	2	2	0	0	0	0	0	0													0	0	0	0	0	0	0	0	0	0		["财经"]	
11037	13920	NULL	广西城市职业大学	广西	崇左市	本科		综合	民办	自治区教育厅	2	2	2	0	0	0	0	0	0							1163				1163	0.00	0	0	0	0	0	0	0	0	0	0		["综合"]	
12778	14481	NULL	广西培贤国际职业学院	广西	百色市	专科		综合	民办	自治区教育厅	2	2	2	0	0	0	0	0	0													0	0	0	0	0	0	0	0	0	0		["综合"]	
10916	13830	NULL	广西外国语学院	广西	南宁市	本科		语言	民办	自治区教育厅	2	2	2	0	0	0	0	0	0							1209				1209	0.00	0	0	0	0	0	0	0	0	0	0		["语言"]	
10181	10593	NULL	广西大学	广西	南宁市	本科	区域研究型	综合	公办	自治区政府	2	1	1	0	1	1	0	0	0			86		120		106	117			106	0.00	38	19	0	0	1	0	0	0	0	0		["综合"]	["211", "双一流", "研究生院", "保研", "国重点", "省属", "省部共建"]
11412	14611	NULL	广西安全工程职业技术学院	广西	南宁市	专科		理工	公办	自治区政府	2	2	2	0	0	0	0	0	0													0	0	0	0	0	0	0	0	0	0		["理工"]	["省部共建"]
11510	12364	NULL	广西工业职业技术学院	广西	南宁市	专科		理工	公办	自治区政府	2	2	2	0	0	0	0	0	0													0	0	0	0	0	0	0	0	0	0		["理工"]	["现代学徒制试点学院"]
12256	13828	NULL	广西工商职业技术学院	广西	南宁市	专科		财经	公办	自治区政府	2	2	2	0	0	0	0	0	0													0	0	0	0	0	0	0	0	0	0		["财经"]	["现代学徒制试点学院"]
12559	14127	NULL	广西工程职业学院	广西	百色市	专科		理工	民办	自治区教育厅	2	2	2	0	0	0	0	0	0													0	0	0	0	0	0	0	0	0	0		["理工"]	
10202	10602	NULL	广西师范大学	广西	桂林市	本科	区域特色研究型	师范	公办	自治区政府	2	2	2	0	0	0	0	0	0			149		235		295	141			295	0.00	39	40	0	0	0	0	0	0	0	0		["师范"]	["研究生院", "保研", "省重点", "省属", "省部共建", "硕博点"]
12265	14220	NULL	广西幼儿师范高等专科学校	广西	南宁市	专科		师范	公办	自治区政府	2	2	2	0	0	0	0	0	0													0	0	0	0	0	0	0	0	0	0		["师范"]	["省属"]
11508	13138	NULL	广西建设职业技术学院	广西	南宁市	专科		理工	公办	自治区政府	2	2	2	0	0	0	0	0	0													0	0	0	0	0	0	0	0	0	0		["理工"]	["高水平专业群建设单位", "现代学徒制试点学院"]
70610	14869	NULL	广西智能制造职业技术学院	广西	柳州市	专科		理工	公办	自治区政府	2	2	2	0	0	0	0	0	0													0	0	0	0	0	0	0	0	0	0		["理工"]	
11435	10867	NULL	广西机电职业技术学院	广西	南宁市	专科		理工	公办	自治区政府	2	2	2	0	0	0	0	0	0													0	0	0	0	0	0	0	0	0	0		["理工"]	["国家级骨干"]
10311	10608	NULL	广西民族大学	广西	南宁市	本科	区域特色研究型	综合	公办	自治区政府	2	2	2	0	0	0	0	0	0			271		224		344	204			344	0.00	20	5	0	0	0	0	0	0	0	0		["综合", "民族"]	["研究生院", "保研", "省部共建", "硕博点"]
11229	13640	NULL	广西民族大学相思湖学院	广西	南宁市	本科		民族	民办	自治区教育厅	2	2	2	0	0	0	0	0	0							990				990	0.00	0	0	0	0	0	0	0	0	0	0		["民族"]	
10821	10604	NULL	广西民族师范学院	广西	崇左市	本科		师范	公办	自治区政府	2	2	2	0	0	0	0	0	0			500				675	416			675	0.00	0	0	0	0	0	0	0	0	0	0		["师范"]	
11616	11608	NULL	广西水利电力职业技术学院	广西	南宁市	专科		理工	公办	自治区政府	2	2	2	0	0	0	0	0	0													0	0	0	0	0	0	0	0	0	0		["理工"]	["双高计划", "国家级骨干", "现代学徒制试点学院"]
12474	13829	NULL	广西演艺职业学院	广西	南宁市	专科		艺术	民办	自治区教育厅	2	2	2	0	0	0	0	0	0													0	0	0	0	0	0	0	0	0	0		["艺术"]	
11844	14723	NULL	广西物流职业技术学院	广西	贵港市	专科		综合	公办	自治区政府	2	2	2	0	0	0	0	0	0													0	0	0	0	0	0	0	0	0	0		["综合"]	
11784	13522	NULL	广西现代职业技术学院	广西	河池市	专科		综合	公办	自治区政府	2	2	2	0	0	0	0	0	0													0	0	0	0	0	0	0	0	0	0		["综合"]	
11532	14170	NULL	广西理工职业技术学院	广西	崇左市	专科		理工	民办	自治区教育厅	2	2	2	0	0	0	0	0	0													0	0	0	0	0	0	0	0	0	0			
11503	12344	NULL	广西生态工程职业技术学院	广西	柳州市	专科		农林	公办	自治区政府	2	2	2	0	0	0	0	0	0													0	0	0	0	0	0	0	0	0	0		["农林"]	
11694	13831	NULL	广西电力职业技术学院	广西	南宁市	专科		理工	公办	自治区政府	2	2	2	0	0	0	0	0	0													0	0	0	0	0	0	0	0	0	0		["理工"]	["现代学徒制试点学院"]
10513	10594	NULL	广西科技大学	广西	柳州市	本科	应用型	理工	公办	自治区政府	2	2	2	0	0	0	0	0	0			329		381		308	291			308	0.00	14	0	0	0	0	0	0	0	0	0		["理工"]	["研究生院", "省属", "硕博点"]
10896	11546	NULL	广西科技师范学院	广西	来宾市	本科		师范	公办	自治区政府	2	2	2	0	0	0	0	0	0			500				626	500			626	0.00	0	0	0	0	0	0	0	0	0	0		["师范"]	["省属"]
12427	14312	NULL	广西科技职业学院	广西	崇左市	专科		理工	民办	自治区教育厅	2	2	2	0	0	0	0	0	0													0	0	0	0	0	0	0	0	0	0		["理工"]	
12732	14211	NULL	广西经济职业学院	广西	南宁市	专科		财经	民办	自治区教育厅	2	2	2	0	0	0	0	0	0													0	0	0	0	0	0	0	0	0	0		["财经"]	
12353	13827	NULL	广西经贸职业技术学院	广西	南宁市	专科		财经	公办	自治区政府	2	2	2	0	0	0	0	0	0													0	0	0	0	0	0	0	0	0	0		["财经"]	["现代学徒制试点学院"]
11389	14684	NULL	广西职业师范学院	广西	南宁市	本科		师范	公办	自治区政府	2	2	2	0	0	0	0	0	0			500				748	500			748	0.00	0	0	0	0	0	0	0	0	0	0		["师范"]	["省属"]
11527	11773	NULL	广西职业技术学院	广西	南宁市	专科		农林	公办	自治区政府	2	2	2	0	0	0	0	0	0													0	0	0	0	0	0	0	0	0	0		["农林"]	["双高计划", "高水平专业群建设单位", "国家级骨干", "现代学徒制试点学院"]
12284	14668	NULL	广西自然资源职业技术学院	广西	崇左市	专科		综合	公办	自治区政府	2	2	2	0	0	0	0	0	0													0	0	0	0	0	0	0	0	0	0		["综合"]	
10532	10607	NULL	广西艺术学院	广西	南宁市	本科		艺术	公办	自治区政府	2	2	2	0	0	0	0	0	0							812	270			812	0.00	10	0	0	0	0	0	0	0	0	0		["艺术", "综合"]	["研究生院", "保研", "省属", "省部共建", "硕博点"]
12302	14026	NULL	广西英华国际职业学院	广西	钦州市	专科		综合	民办	自治区教育厅	2	2	2	0	0	0	0	0	0													0	0	0	0	0	0	0	0	0	0		["综合"]	
12887	14574	NULL	广西蓝天航空职业学院	广西	来宾市	专科		其它	民办	自治区教育厅	2	2	2	0	0	0	0	0	0													0	0	0	0	0	0	0	0	0	0		["其它"]	
10796	13520	NULL	广西警察学院	广西	南宁市	本科		政法	公办	自治区政府	2	2	2	0	0	0	0	0	0			500				625	500			625	0.00	0	0	0	0	0	0	0	0	0	0		["政法"]	
10528	11548	NULL	广西财经学院	广西	南宁市	本科		财经	公办	自治区政府	2	2	2	0	0	0	0	0	0			372				470	325			470	0.00	15	0	0	0	0	0	0	0	0	0		["财经"]	["研究生院", "省属", "硕博点"]
70386	14821	NULL	广西质量工程职业技术学院	广西	南宁市	专科		理工	公办	自治区政府	2	2	2	0	0	0	0	0	0													0	0	0	0	0	0	0	0	0	0		["理工"]	
12810	14512	NULL	广西金融职业技术学院	广西	南宁市	专科		财经	公办	自治区政府	2	2	2	0	0	0	0	0	0													0	0	0	0	0	0	0	0	0	0		["财经"]	["省属"]
12828	14551	NULL	庆阳职业技术学院	甘肃	庆阳市	专科		理工	公办	省政府	2	2	2	0	0	0	0	0	0													0	0	0	0	0	0	0	0	0	0		["理工"]	["省属"]
11941	12680	NULL	应天职业技术学院	江苏	南京市	专科		综合	民办	省教育厅	2	2	2	0	0	0	0	0	0													0	0	0	0	0	0	0	0	0	0		["综合"]	
10758	11104	NULL	应急管理大学	河北	廊坊市	本科		理工	公办	应管部	2	2	2	0	0	0	0	0	0			375		429		598	215			598	0.00	1	0	0	0	0	0	0	0	0	0		["理工"]	["部委院校", "硕博点"]
70575	14878	NULL	康复大学	山东	青岛市	本科		医药	公办	省政府	2	2	2	0	0	0	0	0	0							209	138			209	0.00	0	0	0	0	0	0	0	0	0	0		["医药"]	["省属"]
11721	14335	NULL	廊坊卫生职业学院	河北	廊坊市	专科		医药	公办	省政府	2	2	2	0	0	0	0	0	0													0	0	0	0	0	0	0	0	0	0		["医药"]	
10809	10100	NULL	廊坊师范学院	河北	廊坊市	本科		师范	公办	省政府	2	2	2	0	0	0	0	0	0			466				581	433			581	0.00	0	0	0	0	0	0	0	0	0	0		["师范"]	["省属"]
12148	14280	NULL	廊坊燕京职业技术学院	河北	廊坊市	专科		理工	公办	省政府	2	2	2	0	0	0	0	0	0													0	0	0	0	0	0	0	0	0	0		["理工"]	
11810	13395	NULL	廊坊职业技术学院	河北	廊坊市	专科		理工	公办	省政府	2	2	2	0	0	0	0	0	0													0	0	0	0	0	0	0	0	0	0		["理工"]	["现代学徒制试点学院"]
10462	10719	NULL	延安大学	陕西	延安市	本科	应用型	综合	公办	省政府	2	2	2	0	0	0	0	0	0			248		326		466	246			466	0.00	19	1	0	0	0	0	0	0	0	0		["综合"]	["研究生院", "保研", "省重点", "省属", "省部共建", "硕博点"]
11199	13683	NULL	延安大学西安创新学院	陕西	西安市	本科		综合	民办	省教育厅	2	2	2	0	0	0	0	0	0							1111				1111	0.00	0	0	0	0	0	0	0	0	0	0		["综合"]	
11659	13950	NULL	延安职业技术学院	陕西	延安市	专科		综合	公办	省政府	2	2	2	0	0	0	0	0	0													0	0	0	0	0	0	0	0	0	0		["综合"]	
10314	10184	NULL	延边大学	吉林	延边朝鲜族自治州	本科	区域研究型	综合	公办	省政府	2	1	1	0	1	1	0	0	0			157		368		175	240			175	0.00	82	23	0	0	3	0	0	0	0	0		["综合"]	["211", "双一流", "研究生院", "保研", "国重点", "省重点", "省属", "省部共建", "硕博点"]
11625	14340	NULL	延边职业技术学院	吉林	延边朝鲜族自治州	专科		理工	公办	省政府	2	2	2	0	0	0	0	0	0													0	0	0	0	0	0	0	0	0	0		["理工"]	
12705	13105	NULL	建东职业技术学院	江苏	常州市	专科		理工	民办	省教育厅	2	2	2	0	0	0	0	0	0													0	0	0	0	0	0	0	0	0	0		["理工"]	
11668	11069	NULL	开封大学	河南	开封市	专科		综合	公办	省政府	2	2	2	0	0	0	0	0	0													0	0	0	0	0	0	0	0	0	0		["综合"]	
70656	14929	NULL	开封工程职业学院	河南	开封市	专科		理工	民办		2	2	2	0	0	0	0	0	0													0	0	0	0	0	0	0	0	0	0		["理工"]	
12081	14306	NULL	开封文化艺术职业学院	河南	开封市	专科		艺术	公办	省政府	2	2	2	0	0	0	0	0	0													0	0	0	0	0	0	0	0	0	0		["艺术"]	["现代学徒制试点学院"]
70657	14930	NULL	开封智慧健康职业学院	河南	开封市	专科		医药	民办		2	2	2	0	0	0	0	0	0													0	0	0	0	0	0	0	0	0	0		["医药"]	
70345	14794	NULL	开封职业学院	河南	开封市	专科		理工	民办	省教育厅	2	2	2	0	0	0	0	0	0													0	0	0	0	0	0	0	0	0	0		["理工"]	
10877	14458	NULL	张家口学院	河北	张家口市	本科		综合	公办	省政府	2	2	2	0	0	0	0	0	0			500				656	467			656	0.00	0	0	0	0	0	0	0	0	0	0		["综合"]	
11636	11423	NULL	张家口职业技术学院	河北	张家口市	专科		综合	公办	省政府	2	2	2	0	0	0	0	0	0													0	0	0	0	0	0	0	0	0	0		["综合"]	
11272	12662	NULL	张家界学院	湖南	张家界市	本科		综合	民办	省教育厅	2	2	2	0	0	0	0	0	0											1241	0.00	0	0	0	0	0	0	0	0	0	0			
12609	12849	NULL	张家界航空工业职业技术学院	湖南	张家界市	专科		理工	公办	省政府	2	2	2	0	0	0	0	0	0													0	0	0	0	0	0	0	0	0	0		["理工"]	["省属"]
10514	10313	NULL	徐州医科大学	江苏	徐州市	本科	应用型	医药	公办	省政府	2	2	2	0	0	0	0	0	0			158		217		299	208			299	0.00	51	9	0	0	0	0	0	0	0	0		["医药"]	["研究生院", "保研", "硕博点"]
11549	13107	NULL	徐州工业职业技术学院	江苏	徐州市	专科		理工	公办	省政府	2	2	2	0	0	0	0	0	0													0	0	0	0	0	0	0	0	0	0		["理工"]	["省属", "双高计划", "高水平专业群建设单位", "现代学徒制试点学院"]
10708	11998	NULL	徐州工程学院	江苏	徐州市	本科		综合	公办	省政府	2	2	2	0	0	0	0	0	0			363		257		712	328			712	0.00	3	0	0	0	0	0	0	0	0	0		["综合"]	["省属", "硕博点"]
12479	14329	NULL	徐州幼儿师范高等专科学校	江苏	徐州市	专科		师范	公办	省政府	2	2	2	0	0	0	0	0	0													0	0	0	0	0	0	0	0	0	0		["师范"]	
11773	14401	NULL	徐州生物工程职业技术学院	江苏	徐州市	专科		理工	公办	省政府	2	2	2	0	0	0	0	0	0													0	0	0	0	0	0	0	0	0	0		["理工"]	
11814	14016	NULL	德宏师范学院	云南	德宏傣族景颇族自治州	本科		师范	公办	省政府	2	2	2	0	0	0	0	0	0							538	500			538	0.00	0	0	0	0	0	0	0	0	0	0		["师范"]	
12671	14253	NULL	德宏职业学院	云南	德宏傣族景颇族自治州	专科		综合	公办	省政府	2	2	2	0	0	0	0	0	0													0	0	0	0	0	0	0	0	0	0		["综合"]	
10740	10448	NULL	德州学院	山东	德州市	本科		综合	公办	省政府	2	2	2	0	0	0	0	0	0			393		407		780	363			780	0.00	2	0	0	0	0	0	0	0	0	0		["综合"]	["省属"]
70588	14857	NULL	德州工程职业学院	山东	德州市	专科		理工	民办	省教育厅	2	2	2	0	0	0	0	0	0													0	0	0	0	0	0	0	0	0	0		["理工"]	
11772	12842	NULL	德州科技职业学院	山东	德州市	专科		综合	民办	省教育厅	2	2	2	0	0	0	0	0	0													0	0	0	0	0	0	0	0	0	0		["综合"]	
11785	13389	NULL	德州职业技术学院	山东	德州市	专科		综合	公办	省政府	2	2	2	0	0	0	0	0	0													0	0	0	0	0	0	0	0	0	0		["综合"]	["现代学徒制试点学院"]
11885	14731	NULL	德阳农业科技职业学院	四川	德阳市	专科		综合	民办	省教育厅	2	2	2	0	0	0	0	0	0													0	0	0	0	0	0	0	0	0	0		["综合"]	
12787	14642	NULL	德阳城市轨道交通职业学院	四川	德阳市	专科		理工	民办	省教育厅	2	2	2	0	0	0	0	0	0													0	0	0	0	0	0	0	0	0	0		["理工"]	
12793	14643	NULL	德阳科贸职业学院	四川	德阳市	专科		综合	民办	省教育厅	2	2	2	0	0	0	0	0	0													0	0	0	0	0	0	0	0	0	0		["综合"]	
12673	14191	NULL	徽商职业学院	安徽	合肥市	专科		财经	公办	省政府	2	2	2	0	0	0	0	0	0													0	0	0	0	0	0	0	0	0	0		["财经"]	["省属", "现代学徒制试点学院"]
10536	10124	NULL	忻州师范学院	山西	忻州市	本科		师范	公办	省政府	2	2	2	0	0	0	0	0	0			500				861	447			861	0.00	0	0	0	0	0	0	0	0	0	0		["师范"]	["省属"]
12312	13821	NULL	忻州职业技术学院	山西	忻州市	专科		综合	公办	省政府	2	2	2	0	0	0	0	0	0													0	0	0	0	0	0	0	0	0	0		["综合"]	
10610	10548	NULL	怀化学院	湖南	怀化市	本科		综合	公办	省政府	2	2	2	0	0	0	0	0	0			436				800	313			800	0.00	0	0	0	0	0	0	0	0	0	0		["综合"]	["省属"]
70600	14867	NULL	怀化工商职业技术学院	湖南	怀化市	专科		其它	公办	省政府	2	2	2	0	0	0	0	0	0													0	0	0	0	0	0	0	0	0	0		["其它"]	
11838	14663	NULL	怀化师范高等专科学校	湖南	怀化市	专科		师范	公办	省政府	2	2	2	0	0	0	0	0	0													0	0	0	0	0	0	0	0	0	0		["师范", "综合"]	
11736	13037	NULL	怀化职业技术学院	湖南	怀化市	专科		综合	公办	省政府	2	2	2	0	0	0	0	0	0													0	0	0	0	0	0	0	0	0	0			
70592	14873	NULL	怒江职业技术学院	云南	怒江傈僳自治州	专科		综合	公办	省政府	2	2	2	0	0	0	0	0	0													0	0	0	0	0	0	0	0	0	0		["综合"]	
11926	12347	NULL	恩施职业技术学院	湖北	恩施土家族苗族自治州	专科		理工	公办	省政府	2	2	2	0	0	0	0	0	0													0	0	0	0	0	0	0	0	0	0		["理工"]	
12161	14408	NULL	惠州卫生职业技术学院	广东	惠州市	专科		医药	公办	省政府	2	2	2	0	0	0	0	0	0													0	0	0	0	0	0	0	0	0	0		["医药"]	
12548	14510	NULL	惠州城市职业学院	广东	惠州市	专科		综合	公办	省政府	2	2	2	0	0	0	0	0	0													0	0	0	0	0	0	0	0	0	0		["综合"]	
10496	10577	NULL	惠州学院	广东	惠州市	本科	应用型	综合	公办	省政府	2	2	2	0	0	0	0	0	0			367				460	328			460	0.00	8	0	0	0	0	0	0	0	0	0		["综合"]	["省属"]
11410	14609	NULL	惠州工程职业学院	广东	惠州市	专科		综合	公办	省政府	2	2	2	0	0	0	0	0	0													0	0	0	0	0	0	0	0	0	0		["综合"]	
12618	13718	NULL	惠州经济职业技术学院	广东	惠州市	专科		财经	民办	省教育厅	2	2	2	0	0	0	0	0	0													0	0	0	0	0	0	0	0	0	0		["财经"]	
11265	12636	NULL	成都东软学院	四川	成都市	本科		综合	民办	省教育厅	2	2	2	0	0	0	0	0	0							985				985	0.00	0	0	0	0	0	0	0	0	0	0		["综合"]	
10254	10633	NULL	成都中医药大学	四川	成都市	本科	区域特色研究型	医药	公办	省政府	2	2	1	0	0	1	1	0	1			121		275		172	204			172	0.00	40	26	0	0	1	0	0	0	0	0		["医药"]	["双一流", "101计划", "研究生院", "保研", "国重点", "省重点", "省属", "省部共建", "硕博点"]
10658	10653	NULL	成都体育学院	四川	成都市	本科		体育	公办	省政府	2	2	2	0	0	0	0	0	0			330				435	313			435	0.00	12	2	0	0	0	0	0	0	0	0		["体育"]	["研究生院", "保研", "省重点", "省属", "省部共建", "硕博点"]
10426	10621	NULL	成都信息工程大学	四川	成都市	本科	应用型	理工	公办	省政府	2	2	2	0	0	0	0	0	0			260		329		179	253			179	0.00	45	3	0	0	0	0	0	0	0	0		["理工", "综合"]	["研究生院", "保研", "省属", "省部共建", "硕博点"]
12012	12965	NULL	成都农业科技职业学院	四川	成都市	专科		农林	公办	省政府	2	2	2	0	0	0	0	0	0													0	0	0	0	0	0	0	0	0	0			
10714	13705	NULL	成都医学院	四川	成都市	本科		医药	公办	省政府	2	2	2	0	0	0	0	0	0			387		384		277	382			277	0.00	17	0	0	0	0	0	0	0	0	0		["医药"]	["研究生院", "省属", "硕博点"]
11123	13673	NULL	成都外国语学院	四川	成都市	本科		语言	民办	省教育厅	2	2	2	0	0	0	0	0	0							983				983	0.00	0	0	0	0	0	0	0	0	0	0		["语言"]	
10396	11079	NULL	成都大学	四川	成都市	本科	应用型	综合	公办	省政府	2	2	2	0	0	0	0	0	0			241		90		208	341			208	0.00	10	0	0	0	1	0	0	0	0	0		["综合"]	["保研", "省重点", "硕博点"]
10709	11116	NULL	成都工业学院	四川	成都市	本科		理工	公办	省政府	2	2	2	0	0	0	0	0	0			446				366	308			366	0.00	0	0	0	0	0	0	0	0	0	0		["理工"]	["省属"]
11639	14514	NULL	成都工业职业技术学院	四川	成都市	专科		理工	公办	省政府	2	2	2	0	0	0	0	0	0													0	0	0	0	0	0	0	0	0	0		["理工"]	["现代学徒制试点学院"]
12819	14547	NULL	成都工贸职业技术学院	四川	成都市	专科		综合	公办	省政府	2	2	2	0	0	0	0	0	0													0	0	0	0	0	0	0	0	0	0		["综合"]	["现代学徒制试点学院"]
10854	14389	NULL	成都师范学院	四川	成都市	本科		师范	公办	省政府	2	2	2	0	0	0	0	0	0			388				384	363			384	0.00	0	0	0	0	1	0	0	0	0	0		["师范"]	["省属"]
11000	13671	NULL	成都文理学院	四川	成都市	本科		综合	民办	省教育厅	2	2	2	0	0	0	0	0	0							932				932	0.00	0	0	0	0	0	0	0	0	0	0		["综合"]	
10138	10616	NULL	成都理工大学	四川	成都市	本科	区域特色研究型	理工	公办	省政府	2	2	1	0	0	1	0	0	0			127		151		163	148			163	0.00	34	13	0	0	1	0	0	0	0	0		["理工"]	["双一流", "研究生院", "保研", "国重点", "省属", "省部共建", "硕博点"]
10969	13668	NULL	成都理工大学工程技术学院	四川	乐山市	本科		理工	民办	省教育厅	2	2	2	0	0	0	0	0	0							926				926	0.00	0	0	0	0	0	0	0	0	0	0		["理工"]	
12087	12635	NULL	成都职业技术学院	四川	成都市	专科		综合	公办	省政府	2	2	2	0	0	0	0	0	0													0	0	0	0	0	0	0	0	0	0		["综合"]	["双高计划", "高水平专业群建设单位", "国家级骨干", "现代学徒制试点学院"]
12056	12064	NULL	成都航空职业技术大学	四川	成都市	本科		理工	公办	省政府	2	2	2	0	0	0	0	0	0							992				992	0.00	0	0	0	0	0	0	0	0	0	0		["理工"]	["双高计划", "高水平专业群建设单位", "国家级示范", "现代学徒制试点学院"]
12209	12969	NULL	成都艺术职业大学	四川	成都市	本科		艺术	民办	省教育厅	2	2	2	0	0	0	0	0	0							1001				1001	0.00	0	0	0	0	0	0	0	0	0	0		["艺术"]	
70598	14872	NULL	成都轨道交通职业学院	四川	成都市	专科		理工	民办	省教育厅	2	2	2	0	0	0	0	0	0													0	0	0	0	0	0	0	0	0	0		["理工"]	
11570	11553	NULL	成都轻工职业技术大学	四川	成都市	本科		理工	公办	省政府	2	2	2	0	0	0	0	0	0													0	0	0	0	0	0	0	0	0	0		["理工"]	["省属", "双高计划", "高水平专业群建设单位", "国家级骨干", "现代学徒制试点学院"]
11202	13670	NULL	成都银杏酒店管理学院	四川	成都市	本科		财经	民办	省教育厅	2	2	2	0	0	0	0	0	0							1075				1075	0.00	0	0	0	0	0	0	0	0	0	0		["财经"]	
11043	13903	NULL	成都锦城学院	四川	成都市	本科		综合	民办	省教育厅	2	2	2	0	0	0	0	0	0							894				894	0.00	0	0	0	0	0	0	0	0	0	0		["综合"]	
12840	14539	NULL	扎兰屯职业学院	内蒙古	呼伦贝尔市	专科		综合	公办	自治区政府	2	2	2	0	0	0	0	0	0													0	0	0	0	0	0	0	0	0	0		["综合"]	
12772	14528	NULL	扬州中瑞酒店职业学院	江苏	扬州市	专科		财经	民办	省教育厅	2	2	2	0	0	0	0	0	0													0	0	0	0	0	0	0	0	0	0		["财经"]	
10121	11117	NULL	扬州大学	江苏	扬州市	本科	区域研究型	综合	公办	省政府	2	2	2	0	0	0	0	0	0			93		116		220	102			220	0.00	99	48	0	0	0	0	0	0	0	0		["综合"]	["研究生院", "保研", "省重点", "省属", "省部共建", "硕博点"]
10939	13987	NULL	扬州大学广陵学院	江苏	扬州市	本科		综合	民办	省教育厅	2	2	2	0	0	0	0	0	0							1042				1042	0.00	0	0	0	0	0	0	0	0	0	0		["综合"]	
11497	13754	NULL	扬州工业职业技术学院	江苏	扬州市	专科		理工	公办	省政府	2	2	2	0	0	0	0	0	0													0	0	0	0	0	0	0	0	0	0		["理工"]	["省属", "双高计划", "现代学徒制试点学院"]
12099	12683	NULL	扬州环境资源职业技术学院	江苏	扬州市	专科		农林	公办	省政府	2	2	2	0	0	0	0	0	0													0	0	0	0	0	0	0	0	0	0		["农林"]	
11434	11462	NULL	扬州职业技术大学	江苏	扬州市	本科		综合	公办	省政府	2	2	2	0	0	0	0	0	0							860				860	0.00	0	0	0	0	0	0	0	0	0	0		["综合"]	
10626	10093	NULL	承德医学院	河北	承德市	本科		医药	公办	省政府	2	2	2	0	0	0	0	0	0			316				378	313			378	0.00	10	0	0	0	0	0	0	0	0	0		["医药"]	["研究生院", "省属", "硕博点"]
12895	14632	NULL	承德应用技术职业学院	河北	承德市	专科		综合	公办	省政府	2	2	2	0	0	0	0	0	0													0	0	0	0	0	0	0	0	0	0		["综合"]	
11572	14281	NULL	承德护理职业学院	河北	承德市	专科		医药	公办	省政府	2	2	2	0	0	0	0	0	0													0	0	0	0	0	0	0	0	0	0		["医药"]	
70584	70050	NULL	抚州医药学院	江西	抚州市	本科		医药	公办	省教育厅	2	2	2	0	0	0	0	0	0							892	500			892	0.00	0	0	0	0	0	0	0	0	0	0		["医药"]	
12825	15519	NULL	抚州幼儿师范高等专科学校	江西	抚州市	专科		师范	公办	省政府	2	2	2	0	0	0	0	0	0													0	0	0	0	0	0	0	0	0	0		["师范"]	
12215	13428	NULL	抚州职业技术学院	江西	抚州市	专科		综合	公办	省政府	2	2	2	0	0	0	0	0	0													0	0	0	0	0	0	0	0	0	0		["综合"]	
12008	10179	NULL	抚顺师范高等专科学校	辽宁	抚顺市	专科		师范	公办	省政府	2	2	2	0	0	0	0	0	0													0	0	0	0	0	0	0	0	0	0		["师范", "综合"]	
12102	11037	NULL	抚顺职业技术学院	辽宁	抚顺市	专科		综合	公办	省政府	2	2	2	0	0	0	0	0	0													0	0	0	0	0	0	0	0	0	0		["综合"]	
12426	12481	NULL	拉萨师范学院	西藏	拉萨市	本科		师范	公办	自治区政府	2	2	2	0	0	0	0	0	0							886	500			886	0.00	0	0	0	0	0	0	0	0	0	0		["师范"]	["省属"]
11992	12956	NULL	揭阳职业技术学院	广东	揭阳市	专科		综合	公办	省政府	2	2	2	0	0	0	0	0	0													0	0	0	0	0	0	0	0	0	0			
10773	11360	NULL	攀枝花学院	四川	攀枝花	本科		综合	公办	省政府	2	2	2	0	0	0	0	0	0			394				592	399			592	0.00	12	0	0	0	1	0	0	0	0	0		["综合"]	["省属", "硕博点"]
11867	14672	NULL	攀枝花攀西职业学院	四川	攀枝花	专科		综合	民办	省教育厅	2	2	2	0	0	0	0	0	0													0	0	0	0	0	0	0	0	0	0		["综合"]	
11116	13262	NULL	文华学院	湖北	武汉市	本科		综合	民办	省教育厅	2	2	2	0	0	0	0	0	0							1053				1053	0.00	0	0	0	0	0	0	0	0	0	0		["综合"]	["省属"]
10686	11556	NULL	文山学院	云南	文山壮族苗族自治州	本科		综合	公办	省政府	2	2	2	0	0	0	0	0	0			500				756	467			756	0.00	0	0	0	0	0	0	0	0	0	0		["综合", "师范"]	["省属"]
70352	14801	NULL	文山职业技术学院	云南	文山壮族苗族自治州	专科		其它	公办	省政府	2	2	2	0	0	0	0	0	0													0	0	0	0	0	0	0	0	0	0		["其它"]	
10844	11071	NULL	新乡学院	河南	新乡市	本科		综合	公办	省政府	2	2	2	0	0	0	0	0	0			498				825	399			825	0.00	0	0	0	0	0	0	0	0	0	0		["综合"]	
11292	13506	NULL	新乡工程学院	河南	新乡市	本科		理工	民办	省教育厅	2	2	2	0	0	0	0	0	0							1047				1047	0.00	0	0	0	0	0	0	0	0	0	0		["理工"]	
11553	14245	NULL	新乡职业技术学院	河南	新乡市	专科		理工	公办	省政府	2	2	2	0	0	0	0	0	0													0	0	0	0	0	0	0	0	0	0		["理工"]	
10860	11508	NULL	新余学院	江西	新余市	本科		综合	公办	省政府	2	2	2	0	0	0	0	0	0			500				749	455			749	0.00	0	0	0	0	0	0	0	0	0	0		["综合"]	["省属"]
70635	14920	NULL	新余职业技术学院	江西	新余市	专科		综合	公办	新余市人民政府	2	2	2	0	0	0	0	0	0													0	0	0	0	0	0	0	0	0	0		["综合"]	
70365	14827	NULL	新星职业技术学院	新疆	直辖县级市	专科		综合	公办	新疆生产建设兵团	2	2	2	0	0	0	0	0	0													0	0	0	0	0	0	0	0	0	0		["综合"]	
11991	13926	NULL	新疆交通职业技术大学	新疆	乌鲁木齐市	本科		理工	公办	自治区政府	2	2	2	0	0	0	0	0	0							966				966	0.00	0	0	0	0	0	0	0	0	0	0		["理工"]	["省属", "双高计划", "现代学徒制试点学院"]
11823	14416	NULL	新疆体育职业技术学院	新疆	乌鲁木齐市	专科		体育	公办	自治区政府	2	2	2	0	0	0	0	0	0													0	0	0	0	0	0	0	0	0	0			
10361	10758	NULL	新疆农业大学	新疆	乌鲁木齐市	本科	区域特色研究型	农林	公办	自治区政府	2	2	2	0	0	0	0	0	0			305		447		823	246			823	0.00	23	8	0	0	1	0	0	0	0	0		["农林"]	["研究生院", "保研", "省部共建", "硕博点"]
12094	10995	NULL	新疆农业职业技术大学	新疆	昌吉回族自治州	本科		农林	公办	自治区政府	2	2	2	0	0	0	0	0	0							918				918	0.00	0	0	0	0	0	0	0	0	0	0		["农林"]	["双高计划", "高水平学校建设单位", "国家级示范", "现代学徒制试点学院"]
10346	10760	NULL	新疆医科大学	新疆	乌鲁木齐市	本科	区域特色研究型	医药	公办	自治区政府	2	2	2	0	0	0	0	0	0			196		340		650	208			650	0.00	70	42	0	0	1	0	0	0	0	0		["医药"]	["研究生院", "保研", "省属", "省部共建", "硕博点"]
70356	14805	NULL	新疆司法警官职业学院	新疆	乌鲁木齐市	专科		其它	公办	自治区政府	2	2	2	0	0	0	0	0	0													0	0	0	0	0	0	0	0	0	0		["其它"]	
11483	10765	NULL	新疆和田学院	新疆	和田地区	本科		综合	公办	自治区政府	2	2	2	0	0	0	0	0	0							899	500			899	0.00	0	0	0	0	0	0	0	0	0	0		["综合"]	
10194	10755	NULL	新疆大学	新疆	乌鲁木齐市	本科	区域研究型	综合	公办	自治区政府	2	1	1	0	1	1	0	0	0			131		199		361	172			361	0.00	41	18	0	0	1	0	0	0	0	0		["综合"]	["211", "双一流", "研究生院", "保研", "国重点", "省属", "省部共建", "硕博点"]
11359	13727	NULL	新疆天山职业技术大学	新疆	乌鲁木齐市	本科		综合	民办	自治区教育厅	2	2	2	0	0	0	0	0	0							1063				1063	0.00	0	0	0	0	0	0	0	0	0	0		["综合"]	
70628	14897	NULL	新疆工业学院	新疆	和田地区	本科		理工	公办	新疆生产建设兵团教育局	2	2	2	0	0	0	0	0	0							984	500			984	0.00	0	0	0	0	0	0	0	0	0	0		["理工"]	
12861	51060	NULL	新疆工业职业技术学院	新疆	乌鲁木齐市	专科		理工	公办	自治区政府	2	2	2	0	0	0	0	0	0													0	0	0	0	0	0	0	0	0	0		["理工"]	
10789	10994	NULL	新疆工程学院	新疆	乌鲁木齐市	本科		理工	公办	自治区政府	2	2	2	0	0	0	0	0	0			500				913	433			913	0.00	2	0	0	0	0	0	0	0	0	0		["理工"]	
10325	10762	NULL	新疆师范大学	新疆	乌鲁木齐市	本科	区域特色研究型	师范	公办	自治区政府	2	2	2	0	0	0	0	0	0			302				738	228			738	0.00	64	30	0	0	0	0	0	0	0	0		["师范"]	["保研", "省重点", "硕博点"]
11684	14421	NULL	新疆师范高等专科学校	新疆	乌鲁木齐市	专科		师范	公办	自治区政府	2	2	2	0	0	0	0	0	0													0	0	0	0	0	0	0	0	0	0		["师范"]	
12345	14417	NULL	新疆应用职业技术学院	新疆	伊犁哈萨克自治州	专科		理工	公办	自治区政府	2	2	2	0	0	0	0	0	0													0	0	0	0	0	0	0	0	0	0		["理工"]	["现代学徒制试点学院"]
11951	13562	NULL	新疆建设职业技术学院	新疆	乌鲁木齐市	专科		理工	公办	自治区政府	2	2	2	0	0	0	0	0	0													0	0	0	0	0	0	0	0	0	0		["理工"]	["现代学徒制试点学院"]
11102	13628	NULL	新疆政法学院	新疆	直辖县级市	本科		政法	公办	新疆生产建设兵团	2	2	2	0	0	0	0	0	0			500				721	500			721	0.00	0	0	0	0	0	0	0	0	0	0		["政法"]	["部委院校"]
11989	13726	NULL	新疆现代职业技术学院	新疆	乌鲁木齐市	专科		医药	民办	自治区教育厅	2	2	2	0	0	0	0	0	0													0	0	0	0	0	0	0	0	0	0		["医药"]	
10910	13558	NULL	新疆理工学院	新疆	阿克苏地区	本科		理工	公办	自治区政府	2	2	2	0	0	0	0	0	0			500				911	493			911	0.00	0	0	0	0	0	0	0	0	0	0		["理工"]	["省属"]
70677	14947	NULL	新疆理工职业大学	新疆	直辖县级市	本科		理工	公办	新疆生产建设兵团	2	2	2	0	0	0	0	0	0											1087	0.00	0	0	0	0	0	0	0	0	0	0			
12830	14523	NULL	新疆生产建设兵团兴新职业技术学院	新疆	乌鲁木齐市	专科		综合	公办	新疆生产建设兵团	2	2	2	0	0	0	0	0	0													0	0	0	0	0	0	0	0	0	0		["综合"]	["双高计划"]
11739	13956	NULL	新疆石河子职业技术学院	新疆	石河子市	专科		理工	公办	新疆生产建设兵团	2	2	2	0	0	0	0	0	0													0	0	0	0	0	0	0	0	0	0		["理工"]	["国家级示范", "现代学徒制试点学院"]
12183	14679	NULL	新疆科信职业技术学院	新疆	乌鲁木齐市	专科		综合	民办	自治区教育厅	2	2	2	0	0	0	0	0	0													0	0	0	0	0	0	0	0	0	0		["综合"]	
11098	13561	NULL	新疆科技学院	新疆	巴音郭楞蒙古自治州	本科		财经	公办	自治区政府	2	2	2	0	0	0	0	0	0			500				937	493			937	0.00	0	0	0	0	0	0	0	0	0	0		["财经"]	["省属"]
12611	14525	NULL	新疆科技职业技术学院	新疆	直辖县级市	专科		理工	民办	自治区教育厅	2	2	2	0	0	0	0	0	0													0	0	0	0	0	0	0	0	0	0		["理工"]	
10996	13560	NULL	新疆第二医学院	新疆	克拉玛依市	本科		医药	公办	自治区政府	2	2	2	0	0	0	0	0	0			500				777	500			777	0.00	0	0	0	0	0	0	0	0	0	0		["医药"]	["省属"]
12289	14138	NULL	新疆职业大学	新疆	乌鲁木齐市	专科		综合	公办	自治区政府	2	2	2	0	0	0	0	0	0													0	0	0	0	0	0	0	0	0	0		["综合"]	["省属", "现代学徒制试点学院"]
12692	12570	NULL	新疆能源职业技术学院	新疆	乌鲁木齐市	专科		综合	民办	自治区教育厅	2	2	2	0	0	0	0	0	0													0	0	0	0	0	0	0	0	0	0		["综合"]	["省属"]
10823	10768	NULL	新疆艺术学院	新疆	乌鲁木齐市	本科		艺术	公办	自治区政府	2	2	2	0	0	0	0	0	0							847	500			847	0.00	7	0	0	0	0	0	0	0	0	0		["艺术"]	["省属", "硕博点"]
10801	12734	NULL	新疆警察学院	新疆	乌鲁木齐市	本科		政法	公办	自治区政府	2	2	2	0	0	0	0	0	0			500				547	500			547	0.00	0	0	0	0	0	0	0	0	0	0		["政法"]	
10464	10766	NULL	新疆财经大学	新疆	乌鲁木齐市	本科	应用型	财经	公办	自治区政府	2	2	2	0	0	0	0	0	0			336				707	308			707	0.00	22	13	0	0	0	0	0	0	0	0		["财经"]	["研究生院", "保研", "省重点", "硕博点"]
12222	12514	NULL	新疆轻工职业技术学院	新疆	乌鲁木齐市	专科		理工	公办	自治区政府	2	2	2	0	0	0	0	0	0													0	0	0	0	0	0	0	0	0	0		["理工"]	["高水平专业群建设单位", "国家级骨干", "现代学徒制试点学院"]
12397	14489	NULL	新疆铁道职业技术学院	新疆	乌鲁木齐市	专科		理工	公办	自治区政府	2	2	2	0	0	0	0	0	0													0	0	0	0	0	0	0	0	0	0		["理工"]	["现代学徒制试点学院"]
12706	12923	NULL	无锡南洋职业技术学院	江苏	无锡市	专科		综合	民办	省教育厅	2	2	2	0	0	0	0	0	0													0	0	0	0	0	0	0	0	0	0		["综合"]	
11491	12702	NULL	无锡商业职业技术学院	江苏	无锡市	专科		财经	公办	省政府	2	2	2	0	0	0	0	0	0													0	0	0	0	0	0	0	0	0	0		["财经"]	["省属", "高水平专业群建设单位", "现代学徒制试点学院"]
12359	13748	NULL	无锡城市职业技术学院	江苏	无锡市	专科		综合	公办	省政府	2	2	2	0	0	0	0	0	0													0	0	0	0	0	0	0	0	0	0		["综合"]	
11044	13571	NULL	无锡太湖学院	江苏	无锡市	本科		综合	民办	省教育厅	2	2	2	0	0	0	0	0	0							1113				1113	0.00	0	0	0	0	0	0	0	0	0	0		["综合"]	["省属"]
11353	13982	NULL	无锡学院	江苏	无锡市	本科		综合	公办	省政府	2	2	2	0	0	0	0	0	0			319				437	493			437	0.00	6	0	0	0	0	0	0	0	0	0		["综合"]	["省属", "硕博点"]
12042	13749	NULL	无锡工艺职业技术学院	江苏	无锡市	专科		艺术	公办	省政府	2	2	2	0	0	0	0	0	0													0	0	0	0	0	0	0	0	0	0		["艺术"]	["省属"]
70614	14855	NULL	无锡师范高等专科学校	江苏	无锡市	专科		师范	公办	江苏省	2	2	2	0	0	0	0	0	0													0	0	0	0	0	0	0	0	0	0		["师范"]	
12504	12681	NULL	无锡科技职业学院	江苏	无锡市	专科		理工	公办	省政府	2	2	2	0	0	0	0	0	0													0	0	0	0	0	0	0	0	0	0		["理工"]	
11473	10848	NULL	无锡职业技术大学	江苏	无锡市	本科		理工	公办	省政府	2	2	2	0	0	0	0	0	0							774				774	0.00	0	0	0	0	0	0	0	0	0	0		["理工"]	["省属", "双高计划", "高水平学校建设单位", "国家级示范"]
70668	14940	NULL	日喀则职业技术学院	西藏	日喀则市	专科		理工	公办		2	2	2	0	0	0	0	0	0													0	0	0	0	0	0	0	0	0	0		["理工"]	
70611	14858	NULL	日照康养职业学院	山东	日照市	专科		医药	民办	省教育厅	2	2	2	0	0	0	0	0	0													0	0	0	0	0	0	0	0	0	0		["医药"]	
70652	14925	NULL	日照科技职业学院	山东	日照市	专科		综合	民办		2	2	2	0	0	0	0	0	0													0	0	0	0	0	0	0	0	0	0		["综合"]	
11656	12062	NULL	日照职业技术大学	山东	日照市	本科		综合	公办	省政府	2	2	2	0	0	0	0	0	0													0	0	0	0	0	0	0	0	0	0		["综合"]	["双高计划", "高水平学校建设单位", "国家级示范", "现代学徒制试点学院"]
11417	14605	NULL	日照航海工程职业学院	山东	日照市	专科		综合	民办	省教育厅	2	2	2	0	0	0	0	0	0													0	0	0	0	0	0	0	0	0	0		["综合"]	
10873	16406	NULL	昆山杜克大学	江苏	苏州市	本科		综合		省教育厅	2	2	2	0	0	0	0	0	0			95				110	93			110	0.00	5	0	0	0	0	0	0	0	0	0		["综合"]	
12594	13963	NULL	昆山登云科技职业学院	江苏	苏州市	专科		理工	民办	省教育厅	2	2	2	0	0	0	0	0	0													0	0	0	0	0	0	0	0	0	0		["理工"]	
11267	13333	NULL	昆明传媒学院	云南	昆明市	本科		艺术	民办	省教育厅	2	2	2	0	0	0	0	0	0							1123				1123	0.00	0	0	0	0	0	0	0	0	0	0		["艺术"]	
11428	11557	NULL	昆明冶金职业大学	云南	昆明市	本科		理工	公办	省政府	2	2	2	0	0	0	0	0	0													0	0	0	0	0	0	0	0	0	0		["理工"]	["省属", "双高计划", "双高计划", "高水平学校建设单位", "国家级示范", "现代学徒制试点学院"]
10417	10678	NULL	昆明医科大学	云南	昆明市	本科	应用型	医药	公办	省政府	2	2	2	0	0	0	0	0	0			194		302		248	270			248	0.00	59	17	0	0	0	0	0	0	0	0		["医药"]	["研究生院", "保研", "省重点", "省属", "硕博点"]
11165	13332	NULL	昆明医科大学海源学院	云南	昆明市	本科		医药	民办	省教育厅	2	2	2	0	0	0	0	0	0							972				972	0.00	0	0	0	0	0	0	0	0	0	0		["医药"]	["省属"]
12115	14372	NULL	昆明卫生职业学院	云南	昆明市	专科		医药	民办	省教育厅	2	2	2	0	0	0	0	0	0													0	0	0	0	0	0	0	0	0	0		["医药"]	
11147	13330	NULL	昆明城市学院	云南	昆明市	本科		综合	民办	省教育厅	2	2	2	0	0	0	0	0	0							1027				1027	0.00	0	0	0	0	0	0	0	0	0	0		["综合"]	
10582	11393	NULL	昆明学院	云南	昆明市	本科		综合	公办	省政府	2	2	2	0	0	0	0	0	0			389				601	493			601	0.00	16	0	0	0	0	0	0	0	0	0		["综合"]	["硕博点"]
12538	12393	NULL	昆明工业职业技术学院	云南	昆明市	专科		理工	公办	省政府	2	2	2	0	0	0	0	0	0													0	0	0	0	0	0	0	0	0	0		["理工"]	["高水平专业群建设单位", "现代学徒制试点学院"]
12736	14631	NULL	昆明幼儿师范高等专科学校	云南	昆明市	专科		师范	公办	省政府	2	2	2	0	0	0	0	0	0													0	0	0	0	0	0	0	0	0	0		["师范"]	
11207	13331	NULL	昆明文理学院	云南	昆明市	本科		综合	民办	省教育厅	2	2	2	0	0	0	0	0	0							1097				1097	0.00	0	0	0	0	0	0	0	0	0	0		["综合"]	
10089	10674	NULL	昆明理工大学	云南	昆明市	本科	区域研究型	理工	公办	省政府	2	2	2	0	0	0	0	0	0			110		145		276	111			276	0.00	166	45	0	0	3	0	0	0	0	0		["理工"]	["研究生院", "保研", "省重点", "省属", "省部共建", "硕博点"]
11056	13329	NULL	昆明理工大学津桥学院	云南	昆明市	本科		理工	民办	省教育厅	2	2	2	0	0	0	0	0	0							1091				1091	0.00	0	0	0	0	0	0	0	0	0	0		["理工"]	
70683	1494X	NULL	昆明科技职业大学	云南	昆明市	本科			民办		2	2	2	0	0	0	0	0	0													0	0	0	0	0	0	0	0	0	0			
70667	14939	NULL	昆明航空职业学院	云南	昆明市	专科		理工	民办		2	2	2	0	0	0	0	0	0													0	0	0	0	0	0	0	0	0	0		["理工"]	
12708	12851	NULL	昆明艺术职业学院	云南	昆明市	专科		艺术	民办	省教育厅	2	2	2	0	0	0	0	0	0													0	0	0	0	0	0	0	0	0	0		["艺术"]	
12871	14581	NULL	昆明铁道职业技术学院	云南	昆明市	专科		理工	公办	省政府	2	2	2	0	0	0	0	0	0													0	0	0	0	0	0	0	0	0	0		["理工"]	
70361	14828	NULL	昆玉职业技术学院	新疆	直辖县级市	专科		综合	公办	新疆生产建设兵团	2	2	2	0	0	0	0	0	0													0	0	0	0	0	0	0	0	0	0		["综合"]	
10661	10997	NULL	昌吉学院	新疆	昌吉回族自治州	本科		综合	公办	自治区政府	2	2	2	0	0	0	0	0	0			500				942	416			942	0.00	5	0	0	0	0	0	0	0	0	0		["综合"]	["省属"]
12370	12838	NULL	昌吉职业技术学院	新疆	昌吉回族自治州	专科		理工	公办	自治区政府	2	2	2	0	0	0	0	0	0													0	0	0	0	0	0	0	0	0	0		["理工"]	["现代学徒制试点学院"]
70404		NULL	明德学院	香港	南区	本科		其它	民办	香港学术及职业资历评审局	2	2	2	0	0	0	0	0	0							555						0	0	0	0	0	0	0	0	0	0		["其它"]	
12497	10826	NULL	明达职业技术学院	江苏	盐城市	专科		综合	民办	省教育厅	2	2	2	0	0	0	0	0	0													0	0	0	0	0	0	0	0	0	0		["综合"]	
10564	10587	NULL	星海音乐学院	广东	广州市	本科		艺术	公办	省政府	2	2	2	0	0	0	0	0	0							285	313			285	0.00	3	0	0	0	0	0	0	0	0	0		["艺术"]	["省属"]
12872	14582	NULL	昭通卫生职业学院	云南	昭通市	专科		医药	公办	省政府	2	2	2	0	0	0	0	0	0													0	0	0	0	0	0	0	0	0	0		["医药"]	
10899	10683	NULL	昭通学院	云南	昭通市	本科		综合	公办	省政府	2	2	2	0	0	0	0	0	0			500				782	328			782	0.00	0	0	0	0	0	0	0	0	0	0		["综合"]	["省属"]
70335	14784	NULL	昭通职业学院	云南	昭通市	专科		综合	公办	省政府	2	2	2	0	0	0	0	0	0													0	0	0	0	0	0	0	0	0	0		["综合"]	
11154	13535	NULL	晋中信息学院	山西	晋中市	本科		综合	民办	省教育厅	2	2	2	0	0	0	0	0	0							995				995	0.00	0	0	0	0	0	0	0	0	0	0		["综合"]	
11192	13598	NULL	晋中健康学院	山西	晋中市	本科		医药	民办	省教育厅	2	2	2	0	0	0	0	0	0							1211				1211	0.00	0	0	0	0	0	0	0	0	0	0		["医药"]	
10631	10121	NULL	晋中学院	山西	晋中市	本科		综合	公办	省政府	2	2	2	0	0	0	0	0	0			500				893	455			893	0.00	0	0	0	0	0	0	0	0	0	0		["综合"]	["省属"]
11592	14270	NULL	晋中师范高等专科学校	山西	晋中市	专科		师范	公办	省政府	2	2	2	0	0	0	0	0	0													0	0	0	0	0	0	0	0	0	0		["师范"]	
11748	13913	NULL	晋中职业技术学院	山西	晋中市	专科		综合	公办	省政府	2	2	2	0	0	0	0	0	0													0	0	0	0	0	0	0	0	0	0			
12041	12774	NULL	晋城职业技术学院	山西	晋城市	专科		综合	公办	省政府	2	2	2	0	0	0	0	0	0													0	0	0	0	0	0	0	0	0	0		["综合"]	
10881	10685	NULL	普洱学院	云南	普洱市	本科		综合	公办	省政府	2	2	2	0	0	0	0	0	0			500				844	500			844	0.00	0	0	0	0	0	0	0	0	0	0		["综合"]	["省属"]
10880	10894	NULL	景德镇学院	江西	景德镇	本科		综合	公办	省政府	2	2	2	0	0	0	0	0	0			500				815	433			815	0.00	0	0	0	0	0	0	0	0	0	0		["综合"]	["省属"]
11196	13435	NULL	景德镇艺术职业大学	江西	景德镇	本科		艺术	民办	省教育厅	2	2	2	0	0	0	0	0	0							1169				1169	0.00	0	0	0	0	0	0	0	0	0	0		["艺术", "综合"]	
10362	10408	NULL	景德镇陶瓷大学	江西	景德镇	本科	区域特色研究型	艺术	公办	省政府	2	2	2	0	0	0	0	0	0			321		423		458	192			458	0.00	21	4	0	0	2	0	0	0	0	0		["艺术"]	["研究生院", "保研", "硕博点"]
12498	14402	NULL	景德镇陶瓷职业技术学院	江西	景德镇	专科		理工	民办	省教育厅	2	2	2	0	0	0	0	0	0													0	0	0	0	0	0	0	0	0	0		["理工"]	
10079	10559	NULL	暨南大学	广东	广州市	本科	特色研究型	综合	公办	统战部	2	1	1	0	1	1	0	0	0			59	36	48		74	45			74	0.00	149	59	0	0	1	0	0	0	0	0		["综合"]	["211", "双一流", "研究生院", "保研", "国重点", "部委院校", "省部共建", "硕博点"]
10301	10446	NULL	曲阜师范大学	山东	济宁市	本科	区域特色研究型	师范	公办	省政府	2	2	2	0	0	0	0	0	0			164		145		298	184			298	0.00	30	12	0	0	0	0	0	0	0	0		["师范"]	["保研", "省重点", "省属"]
12276	12070	NULL	曲阜远东职业技术学院	山东	济宁市	专科		综合	民办	省教育厅	2	2	2	0	0	0	0	0	0													0	0	0	0	0	0	0	0	0	0		["综合"]	
12571	14012	NULL	曲靖健康医学院	云南	曲靖市	本科		医药	公办	省政府	2	2	2	0	0	0	0	0	0							494	500			494	0.00	0	0	0	0	0	0	0	0	0	0		["医药"]	["现代学徒制试点学院"]
10585	10684	NULL	曲靖师范学院	云南	曲靖市	本科		师范	公办	省政府	2	2	2	0	0	0	0	0	0			400				758	447			758	0.00	3	0	0	0	0	0	0	0	0	0		["师范"]	["省属"]
12070	14676	NULL	曲靖职业技术学院	云南	曲靖市	专科		综合	公办	省政府	2	2	2	0	0	0	0	0	0													0	0	0	0	0	0	0	0	0	0		["综合"]	
11416	14601	NULL	曹妃甸职业技术学院	河北	唐山市	专科		综合	民办	省教育厅	2	2	2	0	0	0	0	0	0													0	0	0	0	0	0	0	0	0	0		["综合"]	
11490	14462	NULL	朔州师范高等专科学校	山西	朔州市	专科		师范	公办	省政府	2	2	2	0	0	0	0	0	0													0	0	0	0	0	0	0	0	0	0		["师范"]	
12123	14186	NULL	朔州职业技术学院	山西	朔州市	专科		综合	公办	省政府	2	2	2	0	0	0	0	0	0													0	0	0	0	0	0	0	0	0	0		["综合"]	
11834	14698	NULL	朔州陶瓷职业技术学院	山西	朔州市	专科		理工	公办	省政府	2	2	2	0	0	0	0	0	0													0	0	0	0	0	0	0	0	0	0		["理工"]	
11634	10171	NULL	朝阳师范学院	辽宁	朝阳市	本科		师范	公办	省政府	2	2	2	0	0	0	0	0	0							717	500			717	0.00	0	0	0	0	0	0	0	0	0	0		["师范"]	
12179	13030	NULL	杭州万向职业技术学院	浙江	杭州市	专科		综合	民办	省教育厅	2	2	2	0	0	0	0	0	0													0	0	0	0	0	0	0	0	0	0		["综合"]	
10864	13023	NULL	杭州医学院	浙江	杭州市	本科		医药	公办	省政府	2	2	2	0	0	0	0	0	0			355		309		569	341			569	0.00	7	0	0	0	1	0	0	0	0	0		["医药"]	["研究生院", "省属"]
10219	10346	NULL	杭州师范大学	浙江	杭州市	本科	区域特色研究型	师范	公办	省政府	2	2	2	0	0	0	0	0	0			116		89		192	134			192	0.00	53	6	0	0	1	0	0	0	0	0		["师范", "综合"]	["研究生院", "保研", "省重点", "省属", "硕博点"]
11205	13286	NULL	杭州师范大学钱江学院	浙江	杭州市	本科		综合	民办	省教育厅	2	2	2	0	0	0	0	0	0							536						0	0	0	0	0	0	0	0	0	0		["综合"]	
10124	10336	NULL	杭州电子科技大学	浙江	杭州市	本科	区域特色研究型	理工	公办	省政府	2	2	2	0	0	0	0	0	0			99		212		102	133			102	0.00	25	11	0	0	0	0	0	0	0	0		["理工"]	["研究生院", "保研", "省重点", "省属", "省部共建", "硕博点"]
11121	13279	NULL	杭州电子科技大学信息工程学院	浙江	杭州市	本科		理工	民办	省教育厅	2	2	2	0	0	0	0	0	0							841				841	0.00	0	0	0	0	0	0	0	0	0	0		["理工"]	
11542	13026	NULL	杭州科技职业技术学院	浙江	杭州市	专科		综合	公办	省政府	2	2	2	0	0	0	0	0	0													0	0	0	0	0	0	0	0	0	0		["综合"]	["现代学徒制试点学院"]
12378	12872	NULL	杭州职业技术大学	浙江	杭州市	本科		综合	公办	省政府	2	2	2	0	0	0	0	0	0							863				863	0.00	0	0	0	0	0	0	0	0	0	0		["综合"]	["双高计划", "高水平学校建设单位", "国家级骨干", "现代学徒制试点学院"]
11881	13917	NULL	松原职业技术学院	吉林	松原市	专科		综合	公办	省政府	2	2	2	0	0	0	0	0	0													0	0	0	0	0	0	0	0	0	0		["综合"]	
11837	14717	NULL	林州建筑职业技术学院	河南	安阳市	专科		理工	民办	省教育厅	2	2	2	0	0	0	0	0	0													0	0	0	0	0	0	0	0	0	0		["理工"]	
10820	10904	NULL	枣庄学院	山东	枣庄市	本科		综合	公办	省政府	2	2	2	0	0	0	0	0	0			432				850	416			850	0.00	2	0	0	0	2	0	0	0	0	0		["综合"]	["省属"]
70653	14926	NULL	枣庄应用技术职业学院	山东	枣庄市	专科		理工	民办	山东省教育厅	2	2	2	0	0	0	0	0	0													0	0	0	0	0	0	0	0	0	0		["理工"]	
11715	13390	NULL	枣庄科技职业学院	山东	枣庄市	专科		综合	公办	省政府	2	2	2	0	0	0	0	0	0													0	0	0	0	0	0	0	0	0	0		["综合"]	["省属"]
11782	14196	NULL	枣庄职业学院	山东	枣庄市	专科		综合	公办	省政府	2	2	2	0	0	0	0	0	0													0	0	0	0	0	0	0	0	0	0		["综合"]	
12145	14067	NULL	柳州城市职业学院	广西	柳州市	专科		综合	公办	自治区政府	2	2	2	0	0	0	0	0	0													0	0	0	0	0	0	0	0	0	0		["综合"]	
11173	13639	NULL	柳州工学院	广西	柳州市	本科		理工	民办	自治区教育厅	2	2	2	0	0	0	0	0	0							1193				1193	0.00	0	0	0	0	0	0	0	0	0	0		["理工"]	
11450	12104	NULL	柳州职业技术大学	广西	柳州市	本科		综合	公办	自治区政府	2	2	2	0	0	0	0	0	0							705				705	0.00	0	0	0	0	0	0	0	0	0	0		["综合"]	["双高计划", "高水平专业群建设单位", "国家级示范"]
11789	12392	NULL	柳州铁道职业技术学院	广西	柳州市	专科		理工	公办	自治区政府	2	2	2	0	0	0	0	0	0													0	0	0	0	0	0	0	0	0	0			
70066	10836	NULL	株洲师范高等专科学校	湖南	株洲市	专科		师范	公办	省政府	2	2	2	0	0	0	0	0	0													0	0	0	0	0	0	0	0	0	0		["师范"]	
70626	14903	NULL	株洲科技职业学院	湖南	株洲市	专科		理工	民办	湖南省教育厅	2	2	2	0	0	0	0	0	0													0	0	0	0	0	0	0	0	0	0		["理工"]	
70387	14822	NULL	桂林信息工程职业学院	广西	桂林市	专科		理工	民办	自治区教育厅	2	2	2	0	0	0	0	0	0													0	0	0	0	0	0	0	0	0	0		["理工"]	
11019	13644	NULL	桂林信息科技学院	广西	桂林市	本科		理工	民办	自治区教育厅	2	2	2	0	0	0	0	0	0							1132				1132	0.00	0	0	0	0	0	0	0	0	0	0		["理工"]	
10601	10601	NULL	桂林医科大学	广西	桂林市	本科		医药	公办	自治区政府	2	2	2	0	0	0	0	0	0			291				304	313			304	0.00	13	1	0	0	0	0	0	0	0	0		["医药"]	["研究生院", "保研", "省属", "硕博点"]
11187	13641	NULL	桂林学院	广西	桂林市	本科		综合	民办	自治区教育厅	2	2	2	0	0	0	0	0	0							1062				1062	0.00	0	0	0	0	0	0	0	0	0	0		["综合"]	
12525	13526	NULL	桂林山水职业学院	广西	桂林市	专科		综合	民办	自治区教育厅	2	2	2	0	0	0	0	0	0													0	0	0	0	0	0	0	0	0	0		["综合"]	
11623	11671	NULL	桂林师范学院	广西	桂林市	本科		师范	公办	自治区政府	2	2	2	0	0	0	0	0	0							628	500			628	0.00	0	0	0	0	0	0	0	0	0	0		["师范"]	
10816	11837	NULL	桂林旅游学院	广西	桂林市	本科		财经	公办	自治区政府	2	2	2	0	0	0	0	0	0			500				715	455			715	0.00	0	0	0	0	0	0	0	0	0	0		["财经"]	["省部共建"]
10279	10596	NULL	桂林理工大学	广西	桂林市	本科	应用型	理工	公办	自治区政府	2	2	2	0	0	0	0	0	0			258		259		339	155			339	0.00	26	9	0	0	0	0	0	0	0	0		["理工"]	["研究生院", "保研", "省属", "硕博点"]
12789	10035	NULL	桂林生命与健康职业技术学院	广西	桂林市	专科		医药	民办	自治区教育厅	2	2	2	0	0	0	0	0	0													0	0	0	0	0	0	0	0	0	0		["医药"]	
10295	10595	NULL	桂林电子科技大学	广西	桂林市	本科	区域特色研究型	理工	公办	自治区政府	2	2	2	0	0	0	0	0	0			183		223		176	204			176	0.00	21	8	0	0	0	0	0	0	0	0		["理工"]	["研究生院", "保研", "省部共建", "硕博点"]
10768	11825	NULL	桂林航天工业学院	广西	桂林市	本科		理工	公办	自治区政府	2	2	2	0	0	0	0	0	0			500				494	382			494	0.00	3	0	0	0	0	0	0	0	0	0		["理工"]	
12423	14273	NULL	桐城师范高等专科学校	安徽	安庆市	专科		师范	公办	省政府	2	2	2	0	0	0	0	0	0													0	0	0	0	0	0	0	0	0	0		["师范"]	
11845	14702	NULL	梅河口康美职业技术学院	吉林	通化市	专科		医药	民办	省教育厅	2	2	2	0	0	0	0	0	0													0	0	0	0	0	0	0	0	0	0		["医药"]	
11971	14694	NULL	梧州医学高等专科学校	广西	梧州市	专科		医药	民办	自治区教育厅	2	2	2	0	0	0	0	0	0													0	0	0	0	0	0	0	0	0	0		["医药"]	
10623	11354	NULL	梧州学院	广西	梧州市	本科		综合	公办	自治区政府	2	2	2	0	0	0	0	0	0			500				643	399			643	0.00	0	0	0	0	0	0	0	0	0	0		["综合"]	
12695	14171	NULL	梧州职业学院	广西	梧州市	专科		综合	公办	自治区政府	2	2	2	0	0	0	0	0	0													0	0	0	0	0	0	0	0	0	0		["综合"]	
12059	14013	NULL	楚雄医药高等专科学校	云南	楚雄彝族自治州	专科		医药	公办	省政府	2	2	2	0	0	0	0	0	0													0	0	0	0	0	0	0	0	0	0		["医药"]	
10590	11391	NULL	楚雄师范学院	云南	楚雄彝族自治州	本科		师范	公办	省政府	2	2	2	0	0	0	0	0	0			500				836	447			836	0.00	0	0	0	0	0	0	0	0	0	0		["师范"]	["省属"]
10811	11395	NULL	榆林大学	陕西	榆林市	本科		综合	公办	省政府	2	2	2	0	0	0	0	0	0			339				727	272			727	0.00	15	0	0	0	3	0	0	0	0	0		["综合"]	["研究生院", "省属"]
12055	14318	NULL	榆林职业技术学院	陕西	榆林市	专科		综合	公办	省政府	2	2	2	0	0	0	0	0	0													0	0	0	0	0	0	0	0	0	0		["综合"]	["省属"]
11970	14737	NULL	榆林能源科技职业学院	陕西	榆林市	专科		综合	民办	省教育厅	2	2	2	0	0	0	0	0	0													0	0	0	0	0	0	0	0	0	0		["综合"]	
11944	12921	NULL	正德职业技术学院	江苏	南京市	专科		理工	民办	省教育厅	2	2	2	0	0	0	0	0	0													0	0	0	0	0	0	0	0	0	0		["理工"]	
10736	10397	NULL	武夷学院	福建	南平市	本科		综合	公办	省政府	2	2	2	0	0	0	0	0	0			426				746	363			746	0.00	3	0	0	0	0	0	0	0	0	0		["综合"]	["省属", "硕博点"]
12720	14116	NULL	武夷山职业学院	福建	南平市	专科		综合	民办	省教育厅	2	2	2	0	0	0	0	0	0													0	0	0	0	0	0	0	0	0	0		["综合"]	
12177	13518	NULL	武威职业技术大学	甘肃	武威市	本科		综合	公办	省政府	2	2	2	0	0	0	0	0	0							1003				1003	0.00	0	0	0	0	0	0	0	0	0	0		["综合"]	["国家级骨干"]
11363	13241	NULL	武昌工学院	湖北	武汉市	本科		综合	民办	省教育厅	2	2	2	0	0	0	0	0	0							1203				1203	0.00	1	0	0	0	0	0	0	0	0	0		["综合"]	["硕博点"]
11357	12310	NULL	武昌理工学院	湖北	武汉市	本科		理工	民办	省教育厅	2	2	2	0	0	0	0	0	0							1038				1038	0.00	0	0	0	0	0	0	0	0	0	0		["理工"]	
12226	12990	NULL	武昌职业学院	湖北	武汉市	专科		综合	民办	省教育厅	2	2	2	0	0	0	0	0	0													0	0	0	0	0	0	0	0	0	0		["综合"]	
10992	12309	NULL	武昌首义学院	湖北	武汉市	本科		综合	民办	省教育厅	2	2	2	0	0	0	0	0	0							924				924	0.00	0	0	0	0	0	0	0	0	0	0		["综合"]	
11124	11798	NULL	武汉东湖学院	湖北	武汉市	本科		理工	民办	省教育厅	2	2	2	0	0	0	0	0	0							1044				1044	0.00	0	0	0	0	0	0	0	0	0	0		["理工"]	
11714	13264	NULL	武汉交通职业学院	湖北	武汉市	专科		理工	公办	省政府	2	2	2	0	0	0	0	0	0													0	0	0	0	0	0	0	0	0	0		["理工"]	["省属", "双高计划", "现代学徒制试点学院"]
11323	13686	NULL	武汉传媒学院	湖北	武汉市	本科		艺术	民办	省教育厅	2	2	2	0	0	0	0	0	0							1160				1160	0.00	0	0	0	0	0	0	0	0	0	0		["艺术"]	
10501	10522	NULL	武汉体育学院	湖北	武汉市	本科	区域特色研究型	体育	公办	省政府	2	2	2	0	0	0	0	0	0			281				529	260			529	0.00	13	9	0	0	0	0	0	0	0	0		["体育"]	["研究生院", "保研", "省重点", "省部共建", "硕博点"]
11329	13253	NULL	武汉体育学院体育科技学院	湖北	武汉市	本科		体育	民办	省教育厅	2	2	2	0	0	0	0	0	0							1098				1098	0.00	0	0	0	0	0	0	0	0	0	0		["体育"]	
12539	12989	NULL	武汉信息传播职业技术学院	湖北	武汉市	专科		理工	民办	省教育厅	2	2	2	0	0	0	0	0	0													0	0	0	0	0	0	0	0	0	0		["理工"]	
12851	14591	NULL	武汉光谷职业学院	湖北	武汉市	专科		理工	民办	省教育厅	2	2	2	0	0	0	0	0	0													0	0	0	0	0	0	0	0	0	0		["理工"]	
11088	13666	NULL	武汉华夏理工学院	湖北	武汉市	本科		理工	民办	省教育厅	2	2	2	0	0	0	0	0	0							1146				1146	0.00	0	0	0	0	0	0	0	0	0	0		["理工"]	
10876	11654	NULL	武汉商学院	湖北	武汉市	本科		财经	公办	省政府	2	2	2	0	0	0	0	0	0			462				507	455			507	0.00	0	0	0	0	0	0	0	0	0	0		["财经"]	
11963	12991	NULL	武汉商贸职业学院	湖北	武汉市	专科		财经	民办	省教育厅	2	2	2	0	0	0	0	0	0													0	0	0	0	0	0	0	0	0	0		["财经"]	
11163	13235	NULL	武汉城市学院	湖北	武汉市	本科		理工	民办	省教育厅	2	2	2	0	0	0	0	0	0							1189				1189	0.00	0	0	0	0	0	0	0	0	0	0		["理工"]	
12097	11796	NULL	武汉城市职业学院	湖北	武汉市	专科		综合	公办	省政府	2	2	2	0	0	0	0	0	0													0	0	0	0	0	0	0	0	0	0		["综合"]	["双高计划", "现代学徒制试点学院"]
11617	12988	NULL	武汉外语外事职业学院	湖北	武汉市	专科		语言	民办	省教育厅	2	2	2	0	0	0	0	0	0													0	0	0	0	0	0	0	0	0	0		["语言"]	
10017	10486	NULL	武汉大学	湖北	武汉市	本科	研究型	综合	公办	教育部	1	1	1	1	1	1	1	0	1			8	9	10		17	9			17	0.00	173	191	0	0	34	0	0	0	0	0		["综合"]	["985", "211", "双一流", "101计划", "研究生院(部)", "保研", "国重点", "部委院校", "省部共建", "五院四系", "硕博点"]
10721	13634	NULL	武汉学院	湖北	武汉市	本科		综合	民办	省教育厅	2	2	2	0	0	0	0	0	0							1050				1050	0.00	0	0	0	0	0	0	0	0	0	0		["综合"]	
11216	13242	NULL	武汉工商学院	湖北	武汉市	本科		综合	民办	省教育厅	2	2	2	0	0	0	0	0	0							1138				1138	0.00	0	0	0	0	3	0	0	0	0	0		["综合"]	
10280	10490	NULL	武汉工程大学	湖北	武汉市	本科	应用型	理工	公办	省政府	2	2	2	0	0	0	0	0	0			169		124		222	167			222	0.00	88	18	0	0	1	0	0	0	0	0		["理工"]	["研究生院", "保研", "省重点", "硕博点"]
11356	13239	NULL	武汉工程大学邮电与信息工程学院	湖北	武汉市	本科		理工	民办	省教育厅	2	2	2	0	0	0	0	0	0							1185				1185	0.00	0	0	0	0	0	0	0	0	0	0		["理工"]	
11010	13664	NULL	武汉工程科技学院	湖北	武汉市	本科		理工	民办	省教育厅	2	2	2	0	0	0	0	0	0							1274				1274	0.00	0	0	0	0	0	0	0	0	0	0		["理工"]	
11746	12738	NULL	武汉工程职业技术学院	湖北	武汉市	专科		综合	公办	省政府	2	2	2	0	0	0	0	0	0													0	0	0	0	0	0	0	0	0	0			
12524	12369	NULL	武汉工贸职业学院	湖北	武汉市	专科		综合	民办	省教育厅	2	2	2	0	0	0	0	0	0													0	0	0	0	0	0	0	0	0	0		["综合"]	
11303	13237	NULL	武汉文理学院	湖北	武汉市	本科		综合	民办	省教育厅	2	2	2	0	0	0	0	0	0							1105				1105	0.00	0	0	0	0	0	0	0	0	0	0		["综合"]	
11247	13188	NULL	武汉晴川学院	湖北	武汉市	本科		综合	民办	省教育厅	2	2	2	0	0	0	0	0	0							1225				1225	0.00	0	0	0	0	0	0	0	0	0	0		["综合"]	
11765	13796	NULL	武汉民政职业学院	湖北	武汉市	专科		政法	公办	省政府	2	2	2	0	0	0	0	0	0													0	0	0	0	0	0	0	0	0	0		["政法"]	["省属"]
12818	14554	NULL	武汉海事职业学院	湖北	武汉市	专科		理工	公办	省政府	2	2	2	0	0	0	0	0	0													0	0	0	0	0	0	0	0	0	0		["理工"]	
10076	10497	NULL	武汉理工大学	湖北	武汉市	本科	特色研究型	理工	公办	教育部	2	1	1	0	1	1	0	0	0			54	57	36		58	35			58	0.00	59	32	0	0	6	0	0	0	0	0		["理工"]	["211", "双一流", "研究生院", "保研", "国重点", "部委院校", "省部共建", "硕博点"]
11250	12362	NULL	武汉生物工程学院	湖北	武汉市	本科		理工	民办	省教育厅	2	2	2	0	0	0	0	0	0							1192				1192	0.00	3	0	0	0	0	0	0	0	0	0		["理工"]	["硕博点"]
11667	12981	NULL	武汉电力职业技术学院	湖北	武汉市	专科		理工	公办	省政府	2	2	2	0	0	0	0	0	0													0	0	0	0	0	0	0	0	0	0		["理工"]	["高水平专业群建设单位"]
10139	10488	NULL	武汉科技大学	湖北	武汉市	本科	区域特色研究型	综合	公办	省政府	2	2	2	0	0	0	0	0	0			123		121		138	77			138	0.00	39	17	0	0	5	0	0	0	0	0		["综合"]	["研究生院", "保研", "省属", "省部共建", "硕博点"]
12336	12987	NULL	武汉科技职业学院	湖北	武汉市	专科		理工	民办	省教育厅	2	2	2	0	0	0	0	0	0													0	0	0	0	0	0	0	0	0	0		["理工"]	
10385	10495	NULL	武汉纺织大学	湖北	武汉市	本科	应用型	理工	公办	省政府	2	2	2	0	0	0	0	0	0			159		217		273	113			273	0.00	20	2	0	0	0	0	0	0	0	0		["理工"]	["研究生院", "保研", "省属", "硕博点"]
11035	13240	NULL	武汉纺织大学外经贸学院	湖北	武汉市	本科		综合	民办	省教育厅	2	2	2	0	0	0	0	0	0							1225				1225	0.00	0	0	0	0	0	0	0	0	0	0		["综合"]	
11451	10834	NULL	武汉职业技术大学	湖北	武汉市	本科		综合	公办	省政府	2	2	2	0	0	0	0	0	0							690				690	0.00	0	0	0	0	0	0	0	0	0	0		["综合"]	["双高计划", "高水平专业群建设单位", "国家级示范", "现代学徒制试点学院"]
12090	12952	NULL	武汉航海职业技术学院	湖北	武汉市	专科		理工	公办	省政府	2	2	2	0	0	0	0	0	0													0	0	0	0	0	0	0	0	0	0		["理工"]	
11725	12052	NULL	武汉船舶职业技术学院	湖北	武汉市	专科		理工	公办	省政府	2	2	2	0	0	0	0	0	0													0	0	0	0	0	0	0	0	0	0		["理工"]	["双高计划", "高水平学校建设单位", "国家级示范", "现代学徒制试点学院"]
12261	12984	NULL	武汉警官职业学院	湖北	武汉市	专科		政法	公办	省政府	2	2	2	0	0	0	0	0	0													0	0	0	0	0	0	0	0	0	0		["政法"]	
11179	14035	NULL	武汉设计工程学院	湖北	武汉市	本科		综合	民办	省教育厅	2	2	2	0	0	0	0	0	0							1266				1266	0.00	0	0	0	0	0	0	0	0	0	0		["综合"]	
11512	12978	NULL	武汉软件工程职业学院	湖北	武汉市	专科		理工	公办	省政府	2	2	2	0	0	0	0	0	0													0	0	0	0	0	0	0	0	0	0		["理工"]	["双高计划", "国家级骨干", "现代学徒制试点学院"]
10357	10496	NULL	武汉轻工大学	湖北	武汉市	本科	应用型	理工	公办	省政府	2	2	2	0	0	0	0	0	0			257		261		339	126			339	0.00	31	1	0	0	0	0	0	0	0	0		["理工"]	["研究生院", "保研", "省属", "省部共建", "硕博点"]
12850	14590	NULL	武汉铁路桥梁职业学院	湖北	武汉市	专科		理工	公办	省政府	2	2	2	0	0	0	0	0	0													0	0	0	0	0	0	0	0	0	0		["理工"]	
12578	12977	NULL	武汉铁路职业技术学院	湖北	武汉市	专科		理工	公办	省政府	2	2	2	0	0	0	0	0	0													0	0	0	0	0	0	0	0	0	0		["理工"]	["省属", "双高计划", "高水平专业群建设单位", "国家级示范", "现代学徒制试点学院"]
10690	11524	NULL	武汉音乐学院	湖北	武汉市	本科		艺术	公办	省政府	2	2	2	0	0	0	0	0	0							262	313					8	0	0	0	0	0	0	0	0	0		["艺术"]	["省属", "硕博点"]
10273	91039	NULL	武警工程大学	陕西	西安市	本科	特色研究型	军事	公办	人民武警	2	2	2	0	0	0	0	0	0							592						4	2	0	0	0	0	0	0	0	0		["军事"]	["国重点", "部委院校", "硕博点"]
10900	10829	NULL	武警海警学院	浙江	宁波市	本科		政法	公办	人民武警	2	2	2	0	0	0	0	0	0							435						0	0	0	0	0	0	0	0	0	0		["政法", "军事"]	["省部共建"]
10449		NULL	武警特种警察学院	北京	昌平区	本科	其他	军事	公办	人民武警	2	2	2	0	0	0	0	0	0							450						1	0	0	0	0	0	0	0	0	0		["军事"]	["硕博点"]
10929		NULL	武警警官学院	四川	成都市	本科		军事	公办	人民武警	2	2	2	0	0	0	0	0	0							455						8	0	0	0	0	0	0	0	0	0		["军事"]	["部委院校", "硕博点"]
12808	14499	NULL	毕节医学高等专科学校	贵州	毕节市	专科		医药	公办	省政府	2	2	2	0	0	0	0	0	0													0	0	0	0	0	0	0	0	0	0		["医药"]	["现代学徒制试点学院"]
12638	14648	NULL	毕节工业职业技术学院	贵州	毕节市	专科		综合	公办	省政府	2	2	2	0	0	0	0	0	0													0	0	0	0	0	0	0	0	0	0		["综合"]	
12838	14538	NULL	毕节幼儿师范高等专科学校	贵州	毕节市	专科		师范	公办	省政府	2	2	2	0	0	0	0	0	0													0	0	0	0	0	0	0	0	0	0		["师范"]	
12581	14198	NULL	毕节职业技术学院	贵州	毕节市	专科		综合	公办	省政府	2	2	2	0	0	0	0	0	0													0	0	0	0	0	0	0	0	0	0		["综合"]	
12396	12218	NULL	民办万博科技职业学院	安徽	淮南市	专科		综合	民办	省教育厅	2	2	2	0	0	0	0	0	0													0	0	0	0	0	0	0	0	0	0		["综合"]	
12802	13064	NULL	民办合肥滨湖职业技术学院	安徽	合肥市	专科		理工	民办	省教育厅	2	2	2	0	0	0	0	0	0													0	0	0	0	0	0	0	0	0	0		["理工"]	
12407	12815	NULL	民办合肥经济技术职业学院	安徽	合肥市	专科		综合	民办	省教育厅	2	2	2	0	0	0	0	0	0													0	0	0	0	0	0	0	0	0	0		["综合"]	
12613	14058	NULL	民办合肥财经职业学院	安徽	合肥市	专科		财经	民办	省教育厅	2	2	2	0	0	0	0	0	0													0	0	0	0	0	0	0	0	0	0		["财经"]	
12600	11841	NULL	民办四川天一学院	四川	德阳市	专科		综合	民办	省教育厅	2	2	2	0	0	0	0	0	0													0	0	0	0	0	0	0	0	0	0		["综合"]	
12691	14165	NULL	民办安徽旅游职业学院	安徽	阜阳市	专科		综合	民办	省教育厅	2	2	2	0	0	0	0	0	0													0	0	0	0	0	0	0	0	0	0		["综合"]	["省属"]
11754	14139	NULL	民政职业大学	北京	大兴区	本科		政法	公办	市政府	2	2	2	0	0	0	0	0	0							558				558	0.00	0	0	0	0	0	0	0	0	0	0		["政法"]	["部委院校"]
12022	13787	NULL	永城职业学院	河南	商丘市	专科		理工	公办	省政府	2	2	2	0	0	0	0	0	0													0	0	0	0	0	0	0	0	0	0		["理工"]	
11839	14690	NULL	永州师范高等专科学校	湖南	永州市	专科		师范	公办	省政府	2	2	2	0	0	0	0	0	0													0	0	0	0	0	0	0	0	0	0		["师范"]	
11807	12301	NULL	永州职业技术学院	湖南	永州市	专科		综合	公办	省政府	2	2	2	0	0	0	0	0	0													0	0	0	0	1	0	0	0	0	0		["综合"]	["国家级示范", "现代学徒制试点学院"]
11880	13949	NULL	汉中职业技术学院	陕西	汉中市	专科		综合	公办	省政府	2	2	2	0	0	0	0	0	0													0	0	0	0	0	0	0	0	0	0		["综合"]	
11299	11800	NULL	汉口学院	湖北	武汉市	本科		综合	民办	省教育厅	2	2	2	0	0	0	0	0	0							1144				1144	0.00	0	0	0	0	1	0	0	0	0	0		["综合"]	
10905	10518	NULL	汉江师范学院	湖北	十堰市	本科		师范	公办	省政府	2	2	2	0	0	0	0	0	0			500				753	500			753	0.00	0	0	0	0	0	0	0	0	0	0		["师范"]	["省属"]
10229	10560	NULL	汕头大学	广东	汕头市	本科	区域研究型	综合	公办	省政府	2	2	2	0	0	0	0	0	0			173		166		195	125			195	0.00	52	63	0	0	0	0	0	0	0	0		["综合"]	["研究生院", "保研", "省属", "省部共建", "硕博点"]
11876	12954	NULL	汕头职业技术学院	广东	汕头市	专科		综合	公办	省政府	2	2	2	0	0	0	0	0	0													0	0	0	0	0	0	0	0	0	0		["综合"]	
12404	12765	NULL	汕尾职业技术学院	广东	汕尾市	专科		综合	公办	省政府	2	2	2	0	0	0	0	0	0													0	0	0	0	0	0	0	0	0	0		["综合"]	
11858	14716	NULL	汝州职业技术学院	河南	平顶山市	专科		综合	公办	省政府	2	2	2	0	0	0	0	0	0													0	0	0	0	0	0	0	0	0	0			
10110	10295	NULL	江南大学	江苏	无锡市	本科	特色研究型	综合	公办	教育部	2	1	1	0	1	1	0	0	0			52	53	53		67	57			67	0.00	64	23	0	0	4	0	0	0	0	0		["综合"]	["211", "双一流", "研究生院", "保研", "国重点", "部委院校", "省部共建", "硕博点"]
12719	13017	NULL	江南影视艺术职业学院	江苏	无锡市	专科		艺术	民办	省教育厅	2	2	2	0	0	0	0	0	0													0	0	0	0	0	0	0	0	0	0		["艺术"]	
10493	11072	NULL	江汉大学	湖北	武汉市	本科	应用型	综合	公办	省政府	2	2	2	0	0	0	0	0	0			265		354		252	196			252	0.00	13	1	0	0	1	0	0	0	0	0		["综合"]	["研究生院", "保研", "省属", "硕博点"]
12151	13793	NULL	江汉艺术职业学院	湖北	潜江市	专科		艺术	公办	省政府	2	2	2	0	0	0	0	0	0													0	0	0	0	0	0	0	0	0	0		["艺术"]	
12171	13113	NULL	江海职业技术学院	江苏	扬州市	专科		理工	民办	省教育厅	2	2	2	0	0	0	0	0	0													0	0	0	0	0	0	0	0	0	0		["理工"]	["省属"]
12224	13108	NULL	江苏信息职业技术学院	江苏	无锡市	专科		理工	公办	省政府	2	2	2	0	0	0	0	0	0													0	0	0	0	0	0	0	0	0	0		["理工"]	["双高计划"]
11463	13103	NULL	江苏农林职业技术学院	江苏	镇江市	专科		农林	公办	省政府	2	2	2	0	0	0	0	0	0													0	0	0	0	0	0	0	0	0	0		["农林", "综合"]	["省属", "双高计划", "高水平学校建设单位", "国家级示范", "现代学徒制试点学院"]
12194	12806	NULL	江苏农牧科技职业学院	江苏	泰州市	专科		农林	公办	省政府	2	2	2	0	0	0	0	0	0													0	0	0	0	0	0	0	0	0	0		["农林"]	["省属", "双高计划", "高水平学校建设单位", "国家级骨干", "现代学徒制试点学院"]
11576	12682	NULL	江苏医药职业学院	江苏	盐城市	专科		医药	公办	省政府	2	2	2	0	0	0	0	0	0													0	0	0	0	0	0	0	0	0	0		["医药"]	["省属"]
11950	14255	NULL	江苏卫生健康职业学院	江苏	南京市	专科		医药	公办	省政府	2	2	2	0	0	0	0	0	0													0	0	0	0	0	0	0	0	0	0		["医药"]	["省属"]
70564	14841	NULL	江苏司法警官职业学院	江苏	南京市	专科		政法	公办	省司法厅	2	2	2	0	0	0	0	0	0													0	0	0	0	0	0	0	0	0	0		["政法"]	
12770	14475	NULL	江苏商贸职业学院	江苏	南通市	专科		综合	公办	省政府	2	2	2	0	0	0	0	0	0													0	0	0	0	0	0	0	0	0	0		["综合"]	["省属"]
12822	14543	NULL	江苏城乡建设职业学院	江苏	常州市	专科		理工	公办	省政府	2	2	2	0	0	0	0	0	0													0	0	0	0	0	0	0	0	0	0		["理工"]	["省属"]
11455	14000	NULL	江苏城市职业学院	江苏	南京市	专科		综合	公办	省政府	2	2	2	0	0	0	0	0	0													0	0	0	0	0	0	0	0	0	0		["综合"]	["省属"]
10122	10299	NULL	江苏大学	江苏	镇江市	本科	区域研究型	综合	公办	省政府	2	2	2	0	0	0	0	0	0			81		38		156	79			156	0.00	74	31	0	0	1	0	0	0	0	0		["综合"]	["研究生院", "保研", "国重点", "省属", "省部共建", "硕博点"]
10948	13986	NULL	江苏大学京江学院	江苏	镇江市	本科		综合	民办	省教育厅	2	2	2	0	0	0	0	0	0							1072				1072	0.00	0	0	0	0	0	0	0	0	0	0		["综合"]	
12857	14589	NULL	江苏安全技术职业学院	江苏	徐州市	专科		理工	公办	省政府	2	2	2	0	0	0	0	0	0													0	0	0	0	0	0	0	0	0	0		["理工"]	["省属"]
11728	10958	NULL	江苏工程职业技术学院	江苏	南通市	专科		理工	公办	省政府	2	2	2	0	0	0	0	0	0													0	0	0	0	0	0	0	0	0	0		["理工", "综合"]	["省属", "高水平专业群建设单位", "国家级示范"]
10255	10320	NULL	江苏师范大学	江苏	徐州市	本科	区域特色研究型	师范	公办	省政府	2	2	2	0	0	0	0	0	0			172		168		237	135			237	0.00	81	14	0	0	0	0	0	0	0	0		["师范"]	["研究生院", "保研", "省属", "省部共建", "硕博点"]
11358	13988	NULL	江苏师范大学科文学院	江苏	徐州市	本科		师范	民办	省教育厅	2	2	2	0	0	0	0	0	0							1090				1090	0.00	0	0	0	0	0	0	0	0	0	0		["师范"]	
11466	10849	NULL	江苏建筑职业技术大学	江苏	徐州市	本科		理工	公办	省政府	2	2	2	0	0	0	0	0	0													0	0	0	0	0	0	0	0	0	0		["理工"]	["省属", "双高计划", "高水平专业群建设单位", "国家级示范", "现代学徒制试点学院"]
12832	14541	NULL	江苏护理职业学院	江苏	淮安市	专科		医药	公办	省政府	2	2	2	0	0	0	0	0	0													0	0	0	0	0	0	0	0	0	0		["医药"]	["省属"]
11400	14604	NULL	江苏旅游职业学院	江苏	扬州市	专科		其它	公办	省政府	2	2	2	0	0	0	0	0	0													0	0	0	0	0	0	0	0	0	0		["其它"]	["省属"]
12124	12679	NULL	江苏海事职业技术学院	江苏	南京市	专科		理工	公办	省政府	2	2	2	0	0	0	0	0	0													0	0	0	0	0	0	0	0	0	0		["理工"]	["省属", "双高计划", "高水平专业群建设单位", "现代学徒制试点学院"]
10572	11641	NULL	江苏海洋大学	江苏	连云港市	本科		理工	公办	省政府	2	2	2	0	0	0	0	0	0			325		306		597	270			597	0.00	30	0	0	0	0	0	0	0	0	0		["理工"]	["研究生院", "省属"]
10648	11463	NULL	江苏理工学院	江苏	常州市	本科		理工	公办	省政府	2	2	2	0	0	0	0	0	0			347		367		538	363			538	0.00	14	0	0	0	0	0	0	0	0	0		["理工"]	["研究生院", "省属"]
11587	12805	NULL	江苏电子信息职业学院	江苏	淮安市	专科		理工	公办	省政府	2	2	2	0	0	0	0	0	0													0	0	0	0	0	0	0	0	0	0		["理工"]	["省属"]
10409	10289	NULL	江苏科技大学	江苏	镇江市	本科	应用型	理工	公办	省政府	2	2	2	0	0	0	0	0	0			141		124		229	208			229	0.00	37	7	0	0	0	0	0	0	0	0		["理工"]	["研究生院", "保研", "省重点", "省部共建", "硕博点"]
10995	13991	NULL	江苏科技大学苏州理工学院	江苏	苏州市	本科		理工	民办	省教育厅	2	2	2	0	0	0	0	0	0							1025				1025	0.00	0	0	0	0	0	0	0	0	0	0		["理工"]	
10815	14436	NULL	江苏第二师范学院	江苏	南京市	本科		师范	公办	省政府	2	2	2	0	0	0	0	0	0			414				508	416			508	0.00	0	0	0	0	0	0	0	0	0	0		["师范"]	["省属"]
11545	12047	NULL	江苏经贸职业技术学院	江苏	南京市	专科		财经	公办	省政府	2	2	2	0	0	0	0	0	0													0	0	0	0	0	0	0	0	0	0		["财经"]	["双高计划", "高水平学校建设单位", "国家级骨干", "现代学徒制试点学院"]
11418	12678	NULL	江苏联合职业技术学院	江苏	南京市	专科		综合	公办	省政府	2	2	2	0	0	0	0	0	0													0	0	0	0	0	0	0	0	0	0		["综合"]	["省属"]
12849	14568	NULL	江苏航空职业技术学院	江苏	镇江市	专科		理工	公办	省政府	2	2	2	0	0	0	0	0	0													0	0	0	0	0	0	0	0	0	0		["理工"]	
12147	12703	NULL	江苏航运职业技术学院	江苏	南通市	专科		理工	公办	省政府	2	2	2	0	0	0	0	0	0													0	0	0	0	0	0	0	0	0	0		["理工"]	["省属", "双高计划", "高水平专业群建设单位", "国家级骨干"]
10576	10329	NULL	江苏警官学院	江苏	南京市	本科		政法	公办	省政府	2	2	2	0	0	0	0	0	0			279				255	382			255	0.00	3	0	0	0	1	0	0	0	0	0		["政法"]	["省属"]
12831	14542	NULL	江苏财会职业学院	江苏	连云港市	专科		财经	公办	省政府	2	2	2	0	0	0	0	0	0													0	0	0	0	0	0	0	0	0	0		["财经"]	["省属"]
11697	13753	NULL	江苏财经职业技术学院	江苏	淮安市	专科		财经	公办	省政府	2	2	2	0	0	0	0	0	0													0	0	0	0	0	0	0	0	0	0		["财经"]	["省属"]
11712	13104	NULL	江苏食品药品职业技术学院	江苏	淮安市	专科		综合	公办	省政府	2	2	2	0	0	0	0	0	0													0	0	0	0	0	0	0	0	0	0		["综合"]	["省属", "双高计划", "高水平专业群建设单位", "国家级骨干", "现代学徒制试点学院"]
10367	10412	NULL	江西中医药大学	江西	南昌市	本科	区域特色研究型	医药	公办	省政府	2	2	2	0	0	0	0	0	0			198		368		452	272			452	0.00	33	13	0	0	1	0	0	0	0	0		["医药"]	["研究生院", "保研", "省属", "省部共建", "硕博点"]
11749	12940	NULL	江西交通职业技术学院	江西	南昌市	专科		理工	公办	省政府	2	2	2	0	0	0	0	0	0													0	0	0	0	0	0	0	0	0	0			
12564	14250	NULL	江西传媒职业学院	江西	南昌市	专科		艺术	公办	省政府	2	2	2	0	0	0	0	0	0													0	0	0	0	0	0	0	0	0	0		["艺术"]	
12403	12939	NULL	江西信息应用职业技术学院	江西	南昌市	专科		理工	公办	省政府	2	2	2	0	0	0	0	0	0													0	0	0	0	0	0	0	0	0	0		["理工"]	
10303	10410	NULL	江西农业大学	江西	南昌市	本科	区域特色研究型	农林	公办	省政府	2	2	2	0	0	0	0	0	0			207		231		401	171			401	0.00	57	24	0	0	4	0	0	0	0	0		["农林"]	["研究生院", "保研", "国重点", "省部共建", "硕博点"]
11084	13436	NULL	江西农业大学南昌商学院	江西	九江市	本科		综合	民办	省教育厅	2	2	2	0	0	0	0	0	0							1041				1041	0.00	0	0	0	0	0	0	0	0	0	0		["综合"]	
12175	13872	NULL	江西农业工程职业学院	江西	宜春市	专科		农林	公办	省政府	2	2	2	0	0	0	0	0	0													0	0	0	0	0	0	0	0	0	0		["农林"]	["省属"]
12023	14241	NULL	江西冶金职业技术学院	江西	新余市	专科		理工	公办	省政府	2	2	2	0	0	0	0	0	0													0	0	0	0	0	0	0	0	0	0			
12105	13867	NULL	江西制造职业技术学院	江西	南昌市	专科		综合	公办	省政府	2	2	2	0	0	0	0	0	0													0	0	0	0	0	0	0	0	0	0		["综合"]	["省属"]
12270	10888	NULL	江西医学高等专科学校	江西	上饶市	专科		医药	公办	省政府	2	2	2	0	0	0	0	0	0													0	0	0	0	0	0	0	0	0	0		["医药"]	
12153	13965	NULL	江西卫生职业学院	江西	南昌市	专科		医药	公办	省政府	2	2	2	0	0	0	0	0	0													0	0	0	0	0	0	0	0	0	0		["医药"]	
11904	12929	NULL	江西司法警官职业学院	江西	南昌市	专科		政法	公办	省政府	2	2	2	0	0	0	0	0	0													0	0	0	0	0	0	0	0	0	0		["政法"]	
11698	13422	NULL	江西外语外贸职业学院	江西	南昌市	专科		财经	公办	省政府	2	2	2	0	0	0	0	0	0													0	0	0	0	0	0	0	0	0	0		["财经"]	["省部共建", "双高计划", "高水平专业群建设单位", "现代学徒制试点学院"]
12791	14657	NULL	江西婺源茶业职业学院	江西	上饶市	专科		其它	公办	省政府	2	2	2	0	0	0	0	0	0													0	0	0	0	0	0	0	0	0	0		["其它"]	
12038	12944	NULL	江西工业工程职业技术学院	江西	萍乡市	专科		理工	公办	省政府	2	2	2	0	0	0	0	0	0													0	0	0	0	0	0	0	0	0	0		["理工"]	["省属", "现代学徒制试点学院"]
11726	10839	NULL	江西工业职业技术学院	江西	南昌市	专科		综合	公办	省政府	2	2	2	0	0	0	0	0	0													0	0	0	0	0	0	0	0	0	0			
11852	13423	NULL	江西工业贸易职业技术学院	江西	南昌市	专科		综合	公办	省政府	2	2	2	0	0	0	0	0	0													0	0	0	0	0	0	0	0	0	0		["综合"]	["双高计划", "现代学徒制试点学院"]
12134	14321	NULL	江西工商职业技术学院	江西	南昌市	专科		综合	民办	省教育厅	2	2	2	0	0	0	0	0	0													0	0	0	0	0	0	0	0	0	0		["综合"]	
11286	12766	NULL	江西工程学院	江西	新余市	本科		理工	民办	省教育厅	2	2	2	0	0	0	0	0	0							1103				1103	0.00	0	0	0	0	0	0	0	0	0	0		["理工"]	
11894	13868	NULL	江西工程职业学院	江西	南昌市	专科		综合	公办	省政府	2	2	2	0	0	0	0	0	0													0	0	0	0	0	0	0	0	0	0			
10154	10414	NULL	江西师范大学	江西	南昌市	本科	区域特色研究型	师范	公办	省政府	2	2	2	0	0	0	0	0	0			126		202		233	122			233	0.00	34	15	0	0	0	0	0	0	0	0		["师范"]	["研究生院", "保研", "省重点", "省属", "省部共建", "硕博点"]
11073	13438	NULL	江西师范大学科学技术学院	江西	九江市	本科		师范	民办	省教育厅	2	2	2	0	0	0	0	0	0							1029				1029	0.00	5	0	0	0	1	0	0	0	0	0		["师范", "综合"]	["硕博点"]
12811	14537	NULL	江西师范高等专科学校	江西	鹰潭市	专科		师范	公办	省政府	2	2	2	0	0	0	0	0	0													0	0	0	0	0	0	0	0	0	0		["师范"]	
12310	13425	NULL	江西应用工程职业学院	江西	萍乡市	专科		理工	公办	省政府	2	2	2	0	0	0	0	0	0													0	0	0	0	0	0	0	0	0	0		["理工"]	["省属"]
11937	12942	NULL	江西应用技术职业学院	江西	赣州市	专科		理工	公办	省政府	2	2	2	0	0	0	0	0	0													0	0	0	0	0	0	0	0	0	0		["理工"]	["双高计划", "高水平专业群建设单位", "国家级骨干", "现代学徒制试点学院"]
11228	12938	NULL	江西应用科技学院	江西	南昌市	本科		综合	民办	省教育厅	2	2	2	0	0	0	0	0	0							1251				1251	0.00	0	0	0	0	0	0	0	0	0	0		["综合"]	
11901	13427	NULL	江西建设职业技术学院	江西	南昌市	专科		理工	公办	省政府	2	2	2	0	0	0	0	0	0													0	0	0	0	0	0	0	0	0	0			
11055	8509	NULL	江西开放大学人民武装学院	江西	南昌市	本科		其它	公办	省政府	2	2	2	0	0	0	0	0	0							814						0	0	0	0	0	0	0	0	0	0		["其它"]	
12366	14166	NULL	江西新能源科技职业学院	江西	新余市	专科		综合	民办	省教育厅	2	2	2	0	0	0	0	0	0													0	0	0	0	0	0	0	0	0	0		["综合"]	
11600	12932	NULL	江西旅游商贸职业学院	江西	南昌市	专科		财经	公办	省政府	2	2	2	0	0	0	0	0	0													0	0	0	0	0	0	0	0	0	0			
11293	13418	NULL	江西服装学院	江西	南昌市	本科		艺术	民办	省教育厅	2	2	2	0	0	0	0	0	0							1267				1267	0.00	0	0	0	0	0	0	0	0	0	0		["艺术"]	
11569	12976	NULL	江西机电职业技术学院	江西	南昌市	专科		理工	公办	省政府	2	2	2	0	0	0	0	0	0													0	0	0	0	0	0	0	0	0	0		["理工"]	["省属"]
12308	14167	NULL	江西枫林涉外经贸职业学院	江西	九江市	专科		综合	民办	省教育厅	2	2	2	0	0	0	0	0	0													0	0	0	0	0	0	0	0	0	0		["综合"]	
70587	14837	NULL	江西樟树中医药职业学院	江西	宜春市	专科		医药	民办	省教育厅	2	2	2	0	0	0	0	0	0													0	0	0	0	0	0	0	0	0	0		["医药"]	
10527	11319	NULL	江西水利电力大学	江西	南昌市	本科		理工	公办	省政府	2	2	2	0	0	0	0	0	0			348		297		382	313			382	0.00	17	0	0	0	1	0	0	0	0	0		["理工"]	["研究生院", "省部共建", "硕博点"]
11776	14476	NULL	江西水利职业学院	江西	南昌市	专科		其它	公办	省政府	2	2	2	0	0	0	0	0	0													0	0	0	0	0	0	0	0	0	0		["其它"]	["省属", "现代学徒制试点学院"]
12437	14168	NULL	江西泰豪动漫职业学院	江西	南昌市	专科		综合	民办	省教育厅	2	2	2	0	0	0	0	0	0													0	0	0	0	0	0	0	0	0	0		["综合"]	["现代学徒制试点学院"]
12599	14505	NULL	江西洪州职业学院	江西	宜春市	专科		综合	民办	省教育厅	2	2	2	0	0	0	0	0	0													0	0	0	0	0	0	0	0	0	0		["综合"]	["省属"]
11931	12934	NULL	江西环境工程职业学院	江西	赣州市	专科		农林	公办	省政府	2	2	2	0	0	0	0	0	0													0	0	0	0	0	0	0	0	0	0		["农林"]	["省属", "双高计划", "高水平专业群建设单位", "现代学徒制试点学院"]
11573	12943	NULL	江西现代职业技术学院	江西	南昌市	专科		理工	公办	省政府	2	2	2	0	0	0	0	0	0													0	0	0	0	0	0	0	0	0	0		["理工"]	["省属", "双高计划", "国家级骨干"]
10253	10407	NULL	江西理工大学	江西	赣州市	本科	区域特色研究型	理工	公办	省政府	2	2	2	0	0	0	0	0	0			202		170		306	126			306	0.00	46	3	0	0	1	0	0	0	0	0		["理工"]	["研究生院", "保研", "省部共建", "硕博点"]
11900	13426	NULL	江西生物科技职业学院	江西	南昌市	专科		农林	公办	省政府	2	2	2	0	0	0	0	0	0													0	0	0	0	0	0	0	0	0	0			
11423	12933	NULL	江西电力职业技术学院	江西	南昌市	专科		理工	公办	省政府	2	2	2	0	0	0	0	0	0													0	0	0	0	0	0	0	0	0	0		["理工"]	
70631	14906	NULL	江西电子信息职业技术学院	江西	南昌市	专科		理工	公办	省教育厅	2	2	2	0	0	0	0	0	0													0	0	0	0	0	0	0	0	0	0		["理工"]	
11118	10846	NULL	江西科技学院	江西	南昌市	本科		综合	民办	省教育厅	2	2	2	0	0	0	0	0	0							1245				1245	0.00	0	0	0	0	0	0	0	0	0	0		["综合"]	["省属"]
10520	11318	NULL	江西科技师范大学	江西	南昌市	本科		综合	公办	省政府	2	2	2	0	0	0	0	0	0			324		420		495	276			495	0.00	35	0	0	0	1	0	0	0	0	0		["综合", "师范"]	["研究生院", "省属", "省部共建", "硕博点"]
11489	13419	NULL	江西科技职业学院	江西	南昌市	专科		综合	民办	省教育厅	2	2	2	0	0	0	0	0	0													0	0	0	0	0	0	0	0	0	0		["综合"]	
12766	14249	NULL	江西管理职业学院	江西	南昌市	专科		综合	公办	省政府	2	2	2	0	0	0	0	0	0													0	0	0	0	0	0	0	0	0	0		["综合"]	
11478	11785	NULL	江西职业技术大学	江西	九江市	本科		综合	公办	省政府	2	2	2	0	0	0	0	0	0							817				817	0.00	0	0	0	0	0	0	0	0	0	0		["综合"]	["双高计划", "高水平学校建设单位", "国家级示范", "现代学徒制试点学院"]
12216	13871	NULL	江西航空职业技术学院	江西	南昌市	专科		理工	民办	省教育厅	2	2	2	0	0	0	0	0	0													0	0	0	0	0	0	0	0	0	0		["理工"]	["现代学徒制试点学院"]
12237	12936	NULL	江西艺术职业学院	江西	南昌市	专科		艺术	公办	省政府	2	2	2	0	0	0	0	0	0													0	0	0	0	0	0	0	0	0	0		["艺术", "综合"]	
10751	11504	NULL	江西警察学院	江西	南昌市	本科		政法	公办	省政府	2	2	2	0	0	0	0	0	0			483				487	455			487	0.00	0	0	0	0	0	0	0	0	0	0		["政法"]	["省部共建"]
10162	10421	NULL	江西财经大学	江西	南昌市	本科	区域特色研究型	财经	公办	省政府	2	2	2	0	0	0	1	0	1			101		241		146	104			146	0.00	32	31	0	0	3	0	0	0	0	0		["财经"]	["101计划", "研究生院", "保研", "省属", "省部共建", "硕博点"]
11008	13441	NULL	江西财经大学现代经济管理学院	江西	九江市	本科		财经	民办	省教育厅	2	2	2	0	0	0	0	0	0							956				956	0.00	0	0	0	0	0	0	0	0	0	0		["财经"]	
11585	12941	NULL	江西财经职业学院	江西	九江市	专科		财经	公办	省政府	2	2	2	0	0	0	0	0	0													0	0	0	0	0	0	0	0	0	0		["财经"]	["省属", "高水平专业群建设单位", "国家级骨干", "现代学徒制试点学院"]
11198	13776	NULL	江西软件职业技术大学	江西	南昌市	本科		理工	民办	省教育厅	2	2	2	0	0	0	0	0	0							1288				1288	0.00	0	0	0	0	3	0	0	0	0	0		["理工"]	
12062	12930	NULL	江西陶瓷工艺美术职业技术学院	江西	景德镇	专科		艺术	公办	省政府	2	2	2	0	0	0	0	0	0													0	0	0	0	0	0	0	0	0	0		["艺术"]	["现代学徒制试点学院"]
12724	13869	NULL	江西青年职业学院	江西	南昌市	专科		综合	公办	省政府	2	2	2	0	0	0	0	0	0													0	0	0	0	0	0	0	0	0	0		["综合"]	["省属"]
12004	14839	NULL	江西飞行学院	江西	南昌市	本科		综合	公办	省政府	2	2	2	0	0	0	0	0	0							700	500			700	0.00	0	0	0	0	0	0	0	0	0	0		["综合"]	
11753	13711	NULL	江门职业技术学院	广东	江门市	专科		综合	公办	省政府	2	2	2	0	0	0	0	0	0													0	0	0	0	0	0	0	0	0	0			
12687	14644	NULL	江阳城建职业学院	四川	泸州市	专科		理工	民办	省教育厅	2	2	2	0	0	0	0	0	0													0	0	0	0	0	0	0	0	0	0		["理工"]	
11798	13137	NULL	江阴职业技术学院	江苏	无锡市	专科		理工	公办	省政府	2	2	2	0	0	0	0	0	0													0	0	0	0	0	0	0	0	0	0		["理工"]	
10836	11306	NULL	池州学院	安徽	池州市	本科		综合	公办	省政府	2	2	2	0	0	0	0	0	0			500				875	447			875	0.00	0	0	0	0	0	0	0	0	0	0		["综合"]	["省属"]
12313	13060	NULL	池州职业技术学院	安徽	池州市	专科		综合	公办	省政府	2	2	2	0	0	0	0	0	0													0	0	0	0	1	0	0	0	0	0		["综合"]	
10472	10176	NULL	沈阳体育学院	辽宁	沈阳市	本科	区域特色研究型	体育	公办	省政府	2	2	2	0	0	0	0	0	0			302				624	246			624	0.00	7	4	0	0	0	0	0	0	0	0		["体育"]	["研究生院", "保研", "省重点", "省属", "省部共建", "硕博点"]
10235	10157	NULL	沈阳农业大学	辽宁	沈阳市	本科	区域特色研究型	农林	公办	省政府	2	2	2	0	0	0	0	0	0			153		235		427	134			427	0.00	93	70	0	0	2	0	0	0	0	0		["农林"]	["保研", "国重点", "省部共建", "硕博点"]
10384	10149	NULL	沈阳化工大学	辽宁	沈阳市	本科	应用型	理工	公办	省政府	2	2	2	0	0	0	0	0	0			244		370		397	253			397	0.00	25	1	0	0	0	0	0	0	0	0		["理工"]	["研究生院", "保研", "省重点", "省属", "省部共建", "硕博点"]
12589	14385	NULL	沈阳北软信息职业技术学院	辽宁	沈阳市	专科		理工	民办	省教育厅	2	2	2	0	0	0	0	0	0													0	0	0	0	0	0	0	0	0	0		["理工"]	
10625	10164	NULL	沈阳医学院	辽宁	沈阳市	本科		医药	公办	省政府	2	2	2	0	0	0	0	0	0			283				383	306			383	0.00	9	0	0	0	0	0	0	0	0	0		["医药"]	["省属", "硕博点"]
11134	13220	NULL	沈阳城市学院	辽宁	沈阳市	本科		综合	民办	省教育厅	2	2	2	0	0	0	0	0	0							1154				1154	0.00	0	0	0	0	0	0	0	0	0	0		["综合"]	
11092	13208	NULL	沈阳城市建设学院	辽宁	沈阳市	本科		理工	民办	省教育厅	2	2	2	0	0	0	0	0	0							1180				1180	0.00	0	0	0	0	0	0	0	0	0	0		["理工"]	
10348	11035	NULL	沈阳大学	辽宁	沈阳市	本科	应用型	综合	公办	省政府	2	2	2	0	0	0	0	0	0			266				377	167			377	0.00	19	1	0	0	0	0	0	0	0	0		["综合"]	["研究生院", "硕博点"]
10263	10142	NULL	沈阳工业大学	辽宁	沈阳市	本科	区域特色研究型	理工	公办	省政府	2	2	2	0	0	0	0	0	0			198		314		265	163			265	0.00	23	7	0	0	1	0	0	0	0	0		["理工"]	["研究生院", "保研", "省重点", "省属", "硕博点"]
11039	13201	NULL	沈阳工学院	辽宁	抚顺市	本科		理工	民办	省教育厅	2	2	2	0	0	0	0	0	0							1096				1096	0.00	0	0	0	0	0	0	0	0	0	0		["理工"]	
10691	11632	NULL	沈阳工程学院	辽宁	沈阳市	本科		理工	公办	省政府	2	2	2	0	0	0	0	0	0			371				292	372			292	0.00	3	0	0	0	0	0	0	0	0	0		["理工"]	["研究生院", "省属", "硕博点"]
10410	10166	NULL	沈阳师范大学	辽宁	沈阳市	本科	应用型	师范	公办	省政府	2	2	2	0	0	0	0	0	0			277		395		316	184			316	0.00	40	0	0	0	0	0	0	0	0	0		["师范"]	["研究生院", "保研", "省属", "硕博点"]
10318	10153	NULL	沈阳建筑大学	辽宁	沈阳市	本科	应用型	理工	公办	省政府	2	2	2	0	0	0	0	0	0			222		439		471	175			471	0.00	27	6	0	0	0	0	0	0	0	0		["理工"]	["研究生院", "保研", "省重点", "省属", "省部共建", "硕博点"]
10534	10144	NULL	沈阳理工大学	辽宁	沈阳市	本科		理工	公办	省政府	2	2	2	0	0	0	0	0	0			254				234	313			234	0.00	23	1	0	0	0	0	0	0	0	0		["理工"]	["研究生院", "省部共建", "硕博点"]
11330	13621	NULL	沈阳科技学院	辽宁	沈阳市	本科		理工	民办	省教育厅	2	2	2	0	0	0	0	0	0							1152				1152	0.00	0	0	0	0	0	0	0	0	0	0		["理工"]	
11499	12594	NULL	沈阳职业技术学院	辽宁	沈阳市	专科		综合	公办	省政府	2	2	2	0	0	0	0	0	0													0	0	0	0	0	0	0	0	0	0		["综合"]	["双高计划", "高水平专业群建设单位", "国家级示范", "现代学徒制试点学院"]
11602	12590	NULL	沈阳航空职业技术学院	辽宁	沈阳市	专科		理工	公办	省政府	2	2	2	0	0	0	0	0	0													0	0	0	0	0	0	0	0	0	0			
10398	10143	NULL	沈阳航空航天大学	辽宁	沈阳市	本科	应用型	理工	公办	省政府	2	2	2	0	0	0	0	0	0			179		319		152	201			152	0.00	18	6	0	0	1	0	0	0	0	0		["理工"]	["研究生院", "保研", "省属", "省部共建", "硕博点"]
10352	10163	NULL	沈阳药科大学	辽宁	沈阳市	本科	区域特色研究型	医药	公办	省政府	2	2	2	0	0	0	1	0	1			168		248		284	151			284	0.00	19	12	0	0	4	0	0	0	0	0		["医药", "综合"]	["101计划", "研究生院", "保研", "省重点", "省属", "硕博点"]
10555	10177	NULL	沈阳音乐学院	辽宁	沈阳市	本科		艺术	公办	省政府	2	2	2	0	0	0	0	0	0							857	313			857	0.00	2	0	0	0	0	0	0	0	0	0		["艺术"]	["保研", "硕博点"]
11909	11288	NULL	沙洲职业工学院	江苏	苏州市	专科		理工	公办	省政府	2	2	2	0	0	0	0	0	0													0	0	0	0	0	0	0	0	0	0		["理工"]	
11040	14202	NULL	沧州交通学院	河北	沧州市	本科		综合	民办	省教育厅	2	2	2	0	0	0	0	0	0							1125				1125	0.00	0	0	0	0	0	0	0	0	0	0		["综合"]	
11704	13779	NULL	沧州医学高等专科学校	河北	沧州市	专科		医药	公办	省政府	2	2	2	0	0	0	0	0	0													0	0	0	0	0	0	0	0	0	0		["医药"]	["高水平专业群建设单位", "现代学徒制试点学院"]
10829	10105	NULL	沧州师范学院	河北	沧州市	本科		师范	公办	省政府	2	2	2	0	0	0	0	0	0			500				626	447			626	0.00	0	0	0	0	0	0	0	0	0	0		["师范"]	
12400	14259	NULL	沧州幼儿师范高等专科学校	河北	沧州市	专科		师范	公办	省政府	2	2	2	0	0	0	0	0	0													0	0	0	0	0	0	0	0	0	0		["师范"]	
11925	12415	NULL	沧州职业技术学院	河北	沧州市	专科		综合	公办	省政府	2	2	2	0	0	0	0	0	0													0	0	0	0	0	0	0	0	0	0		["综合"]	
70337	14786	NULL	沧州航空职业学院	河北	沧州市	专科		其它	民办	省教育厅	2	2	2	0	0	0	0	0	0													0	0	0	0	0	0	0	0	0	0		["其它"]	
11307	14225	NULL	河北东方学院	河北	廊坊市	本科		综合	民办	省教育厅	2	2	2	0	0	0	0	0	0							1230				1230	0.00	0	0	0	0	0	0	0	0	0	0		["综合"]	
10575	14432	NULL	河北中医药大学	河北	石家庄	本科		医药	公办	省政府	2	2	2	0	0	0	0	0	0			254				327	281			327	0.00	43	27	0	0	0	0	0	0	0	0		["医药"]	["研究生院", "保研", "省重点", "省属", "省部共建", "硕博点"]
11717	13071	NULL	河北交通职业技术学院	河北	石家庄	专科		理工	公办	省政府	2	2	2	0	0	0	0	0	0													0	0	0	0	0	0	0	0	0	0		["理工"]	["省属", "双高计划", "现代学徒制试点学院"]
11169	12784	NULL	河北传媒学院	河北	石家庄	本科		艺术	民办	省教育厅	2	2	2	0	0	0	0	0	0							1016				1016	0.00	6	0	0	0	0	0	0	0	0	0		["艺术"]	["研究生院", "硕博点"]
10667	11236	NULL	河北体育学院	河北	石家庄	本科		体育	公办	省政府	2	2	2	0	0	0	0	0	0			500				870	382			870	0.00	0	0	0	0	0	0	0	0	0	0		["体育"]	
11588	13398	NULL	河北公安警察职业学院	河北	石家庄	专科		政法	公办	省政府	2	2	2	0	0	0	0	0	0													0	0	0	0	0	0	0	0	0	0		["政法"]	
10227	10086	NULL	河北农业大学	河北	保定市	本科	区域特色研究型	农林	公办	省政府	2	2	2	0	0	0	0	0	0			189		215		376	187			376	0.00	47	23	0	0	0	0	0	0	0	0		["农林"]	["研究生院", "保研", "省重点", "省属", "省部共建", "硕博点"]
11378	13595	NULL	河北农业大学现代科技学院	河北	保定市	本科		农林	民办	省教育厅	2	2	2	0	0	0	0	0	0							886				886	0.00	0	0	0	0	0	0	0	0	0	0		["农林"]	
12333	14208	NULL	河北劳动关系职业学院	河北	石家庄	专科		综合	公办	省政府	2	2	2	0	0	0	0	0	0													0	0	0	0	0	0	0	0	0	0		["综合"]	
11657	13072	NULL	河北化工医药职业技术学院	河北	石家庄	专科		医药	公办	省政府	2	2	2	0	0	0	0	0	0													0	0	0	0	0	0	0	0	0	0		["医药"]	["省属", "双高计划", "高水平专业群建设单位", "国家级骨干", "现代学徒制试点学院"]
10719	10092	NULL	河北北方学院	河北	张家口市	本科		综合	公办	省政府	2	2	2	0	0	0	0	0	0			365				571	272			571	0.00	11	0	0	0	0	0	0	0	0	0		["综合"]	["研究生院", "保研", "省属", "硕博点"]
10354	10089	NULL	河北医科大学	河北	石家庄	本科	区域特色研究型	医药	公办	省政府	2	2	2	0	0	0	0	0	0			109		326		164	167			164	0.00	49	50	0	0	4	0	0	0	0	0		["医药"]	["研究生院", "保研", "省重点", "省属", "省部共建", "硕博点"]
11226	13415	NULL	河北医科大学临床学院	河北	石家庄	本科		医药	民办	省教育厅	2	2	2	0	0	0	0	0	0							585				585	0.00	0	0	0	0	0	0	0	0	0	0		["医药"]	
11983	13690	NULL	河北司法警官职业学院	河北	邯郸市	专科		政法	公办	省政府	2	2	2	0	0	0	0	0	0													0	0	0	0	0	0	0	0	0	0		["政法"]	
10586	10077	NULL	河北地质大学	河北	石家庄	本科		综合	公办	省政府	2	2	2	0	0	0	0	0	0			290				421	194			421	0.00	25	0	0	0	0	0	0	0	0	0		["综合"]	["研究生院", "保研", "省重点", "省属", "省部共建", "硕博点"]
11318	13594	NULL	河北地质大学华信学院	河北	石家庄	本科		综合	民办	省教育厅	2	2	2	0	0	0	0	0	0							1095				1095	0.00	0	0	0	0	0	0	0	0	0	0		["综合"]	
10646	13402	NULL	河北外国语学院	河北	石家庄	本科		语言	民办	省教育厅	2	2	2	0	0	0	0	0	0							1160				1160	0.00	0	0	0	0	0	0	0	0	0	0		["语言"]	["省属"]
10118	10075	NULL	河北大学	河北	保定市	本科	区域研究型	综合	公办	省政府	2	2	2	0	0	0	0	0	0			130		229		214	71			214	0.00	108	30	0	0	5	0	0	0	0	0		["综合"]	["研究生院", "保研", "省重点", "省属", "省部共建", "硕博点"]
12466	13822	NULL	河北女子职业技术学院	河北	石家庄	专科		语言	公办	省政府	2	2	2	0	0	0	0	0	0													0	0	0	0	0	0	0	0	0	0		["语言"]	
12165	13074	NULL	河北对外经贸职业学院	河北	秦皇岛	专科		语言	公办	省政府	2	2	2	0	0	0	0	0	0													0	0	0	0	0	0	0	0	0	0		["语言"]	["现代学徒制试点学院"]
10136	10080	NULL	河北工业大学	天津	北辰区	本科	区域特色研究型	理工	公办	省政府	2	1	1	0	1	1	0	0	0			107		157		79	107			79	0.00	29	12	0	0	0	0	0	0	0	0		["理工"]	["211", "双一流", "研究生院", "保研", "省属", "省部共建", "硕博点"]
11209	16204	NULL	河北工业职业技术大学	河北	石家庄	本科		理工	公办	省政府	2	2	2	0	0	0	0	0	0							779				779	0.00	0	0	0	0	0	0	0	0	0	0		["理工"]	["双高计划", "高水平学校建设单位", "现代学徒制试点学院"]
10397	10076	NULL	河北工程大学	河北	邯郸市	本科	应用型	理工	公办	省政府	2	2	2	0	0	0	0	0	0			291		387		353	243			353	0.00	22	1	0	0	0	0	0	0	0	0		["理工"]	["保研", "省重点", "省部共建", "硕博点"]
11083	13578	NULL	河北工程大学科信学院	河北	邯郸市	本科		理工	民办	省教育厅	2	2	2	0	0	0	0	0	0							903				903	0.00	0	0	0	0	0	0	0	0	0	0		["理工"]	
11284	12796	NULL	河北工程技术学院	河北	石家庄	本科		理工	民办	省教育厅	2	2	2	0	0	0	0	0	0							1196				1196	0.00	0	0	0	0	0	0	0	0	0	0		["理工"]	
12027	14471	NULL	河北工艺美术职业学院	河北	保定市	专科		艺术	公办	省政府	2	2	2	0	0	0	0	0	0													0	0	0	0	0	0	0	0	0	0		["艺术"]	
10249	10094	NULL	河北师范大学	河北	石家庄	本科	区域特色研究型	师范	公办	省政府	2	2	2	0	0	0	0	0	0			177		309		212	132			212	0.00	65	35	0	0	1	0	0	0	0	0		["师范"]	["研究生院", "保研", "省重点", "省属", "省部共建", "硕博点"]
11159	13411	NULL	河北师范大学汇华学院	河北	石家庄	本科		师范	民办	省教育厅	2	2	2	0	0	0	0	0	0							770				770	0.00	0	0	0	0	0	0	0	0	0	0		["师范", "综合"]	
12043	12389	NULL	河北建材职业技术学院	河北	秦皇岛	专科		理工	公办	省政府	2	2	2	0	0	0	0	0	0													0	0	0	0	0	0	0	0	0	0		["理工"]	["省属", "现代学徒制试点学院"]
10774	10084	NULL	河北建筑工程学院	河北	张家口市	本科		理工	公办	省政府	2	2	2	0	0	0	0	0	0			500				696	382			696	0.00	9	0	0	0	0	0	0	0	0	0		["理工"]	["省属"]
11690	12408	NULL	河北政法职业学院	河北	石家庄	专科		政法	公办	省政府	2	2	2	0	0	0	0	0	0													0	0	0	0	0	0	0	0	0	0		["政法"]	["省属"]
11651	12887	NULL	河北旅游职业学院	河北	承德市	专科		综合	公办	省政府	2	2	2	0	0	0	0	0	0													0	0	0	0	0	0	0	0	0	0		["综合"]	["省重点"]
12201	13393	NULL	河北机电职业技术学院	河北	邢台市	专科		理工	公办	省政府	2	2	2	0	0	0	0	0	0													0	0	0	0	0	0	0	0	0	0		["理工"]	["省属"]
12433	14185	NULL	河北正定师范高等专科学校	河北	石家庄	专科		综合	公办	省政府	2	2	2	0	0	0	0	0	0													0	0	0	0	0	0	0	0	0	0		["综合"]	["现代学徒制试点学院"]
10848	10098	NULL	河北民族师范学院	河北	承德市	本科		师范	公办	省政府	2	2	2	0	0	0	0	0	0			483				695	433			695	0.00	0	0	0	0	0	0	0	0	0	0		["师范"]	["省部共建"]
10911	10085	NULL	河北水利电力学院	河北	沧州市	本科		理工	公办	省政府	2	2	2	0	0	0	0	0	0			500				642	500			642	0.00	0	0	0	0	0	0	0	0	0	0		["理工"]	
10907	51721	NULL	河北环境工程学院	河北	秦皇岛	本科		理工	公办	省政府	2	2	2	0	0	0	0	0	0			500				803	493			803	0.00	0	0	0	0	0	0	0	0	0	0		["理工"]	["省部共建"]
10951	16202	NULL	河北石油职业技术大学	河北	承德市	本科		理工	公办	省政府	2	2	2	0	0	0	0	0	0							786				786	0.00	0	0	0	0	0	0	0	0	0	0		["理工"]	["省部共建", "双高计划", "高水平专业群建设单位", "国家级示范"]
10300	10082	NULL	河北科技大学	河北	石家庄	本科	应用型	理工	公办	省政府	2	2	2	0	0	0	0	0	0			254		360		289	177			289	0.00	28	2	0	0	1	0	0	0	0	0		["理工"]	["研究生院", "保研", "省重点", "省属", "省部共建", "硕博点"]
11312	13391	NULL	河北科技学院	河北	唐山市	本科		理工	民办	省教育厅	2	2	2	0	0	0	0	0	0							1259				1259	0.00	0	0	0	0	0	0	0	0	0	0		["理工"]	
10964	16203	NULL	河北科技工程职业技术大学	河北	邢台市	本科		理工	公办	省政府	2	2	2	0	0	0	0	0	0							811				811	0.00	0	0	0	0	0	0	0	0	0	0		["理工"]	["省属", "双高计划", "高水平专业群建设单位", "国家级示范", "现代学徒制试点学院"]
10692	10798	NULL	河北科技师范学院	河北	秦皇岛	本科		师范	公办	省政府	2	2	2	0	0	0	0	0	0			404				641	363			641	0.00	12	0	0	0	0	0	0	0	0	0		["师范"]	["省属"]
10344	11832	NULL	河北经贸大学	河北	石家庄	本科	应用型	财经	公办	省政府	2	2	2	0	0	0	0	0	0			253				255	196			255	0.00	70	0	0	0	0	0	0	0	0	0		["财经"]	["研究生院", "保研", "省重点", "硕博点"]
11153	13414	NULL	河北经贸大学经济管理学院	河北	石家庄	本科		财经	民办	省教育厅	2	2	2	0	0	0	0	0	0							809				809	0.00	0	0	0	0	0	0	0	0	0	0		["财经"]	
10837	13075	NULL	河北美术学院	河北	石家庄	本科		艺术	民办	省教育厅	2	2	2	0	0	0	0	0	0							1287				1287	0.00	0	0	0	0	0	0	0	0	0	0		["艺术"]	
11949	12418	NULL	河北能源职业技术学院	河北	唐山市	专科		理工	公办	省政府	2	2	2	0	0	0	0	0	0													0	0	0	0	0	0	0	0	0	0		["理工"]	["省属"]
12376	12885	NULL	河北艺术职业学院	河北	石家庄	专科		艺术	公办	省政府	2	2	2	0	0	0	0	0	0													0	0	0	0	0	0	0	0	0	0		["艺术"]	
12756	50139	NULL	河北资源环境职业技术学院	河北	石家庄	专科		理工	公办	省政府	2	2	2	0	0	0	0	0	0													0	0	0	0	0	0	0	0	0	0		["理工"]	["省属"]
11470	14396	NULL	河北轨道运输职业技术学院	河北	石家庄	专科		理工	公办	省政府	2	2	2	0	0	0	0	0	0													0	0	0	0	0	0	0	0	0	0		["理工"]	["现代学徒制试点学院"]
11981	12352	NULL	河北软件职业技术学院	河北	保定市	专科		理工	公办	省政府	2	2	2	0	0	0	0	0	0													0	0	0	0	0	0	0	0	0	0		["理工"]	["省重点", "双高计划", "现代学徒制试点学院"]
10732	11420	NULL	河北金融学院	河北	保定市	本科		财经	公办	省政府	2	2	2	0	0	0	0	0	0			409				467	356			467	0.00	2	0	0	0	0	0	0	0	0	0		["财经"]	["省属", "硕博点"]
12717	51802	NULL	河北青年管理干部学院	河北	石家庄	专科		综合	公办	省教育厅	2	2	2	0	0	0	0	0	0													0	0	0	0	0	0	0	0	0	0		["综合"]	["省属"]
10413	10471	NULL	河南中医药大学	河南	郑州市	本科	区域特色研究型	医药	公办	省政府	2	2	2	0	0	0	0	0	0			179		414		330	208			330	0.00	43	3	0	0	0	0	0	0	0	0		["医药"]	["研究生院", "保研", "省重点", "省属", "省部共建", "硕博点"]
11777	13789	NULL	河南交通职业技术学院	河南	郑州市	专科		理工	公办	省政府	2	2	2	0	0	0	0	0	0													0	0	0	0	0	0	0	0	0	0		["理工"]	["双高计划"]
10679	14879	NULL	河南体育学院	河南	郑州市	本科		体育	公办	省政府	2	2	2	0	0	0	0	0	0			500				687	500			687	0.00	1	1	0	0	1	0	0	0	0	0		["体育"]	["硕博点"]
70681	149l3	NULL	河南信息科技学院	河南	鹤壁市	本科		理工	公办		2	2	2	0	0	0	0	0	0								500					0	0	0	0	0	0	0	0	0	0		["理工"]	
12780	13885	NULL	河南信息统计职业学院	河南	郑州市	专科		财经	公办	省政府	2	2	2	0	0	0	0	0	0													0	0	0	0	0	0	0	0	0	0		["财经"]	
10210	10466	NULL	河南农业大学	河南	郑州市	本科	区域特色研究型	农林	公办	省政府	2	2	2	0	0	0	0	0	0			145		216		447	166			447	0.00	27	12	0	0	3	0	0	0	0	0		["农林"]	["研究生院", "保研", "省重点", "省属", "省部共建", "硕博点"]
11635	13790	NULL	河南农业职业学院	河南	郑州市	专科		农林	公办	省政府	2	2	2	0	0	0	0	0	0													0	0	0	0	0	0	0	0	0	0			
12098	14466	NULL	河南医学高等专科学校	河南	郑州市	专科		医药	公办	省政府	2	2	2	0	0	0	0	0	0													0	0	0	0	0	0	0	0	0	0		["医药"]	
10602	10472	NULL	河南医药大学	河南	新乡市	本科		医药	公办	省政府	2	2	2	0	0	0	0	0	0			217		340		600	279			600	0.00	30	0	0	0	0	0	0	0	0	0		["医药"]	["研究生院", "保研", "硕博点"]
12604	12781	NULL	河南司法警官职业学院	河南	郑州市	专科		政法	公办	省政府	2	2	2	0	0	0	0	0	0													0	0	0	0	0	0	0	0	0	0		["政法"]	["省属"]
12656	14637	NULL	河南地矿职业学院	河南	郑州市	专科		理工	公办	省政府	2	2	2	0	0	0	0	0	0													0	0	0	0	0	0	0	0	0	0		["理工"]	["省属"]
10805	11765	NULL	河南城建学院	河南	平顶山市	本科		理工	公办	省政府	2	2	2	0	0	0	0	0	0			454				842	467			842	0.00	3	0	0	0	0	0	0	0	0	0		["理工"]	["省属"]
10098	10475	NULL	河南大学	河南	开封市	本科	区域研究型	综合	公办	省政府	2	2	1	0	0	1	0	0	0			95		109		162	105			162	0.00	57	22	0	0	5	0	0	0	0	0		["综合"]	["双一流", "研究生院", "保研", "国重点", "省属", "省部共建", "硕博点"]
11864	14711	NULL	河南女子职业学院	河南	新乡市	专科		综合	公办	省政府	2	2	2	0	0	0	0	0	0													0	0	0	0	0	0	0	0	0	0		["综合"]	
11835	14712	NULL	河南对外经济贸易职业学院	河南	开封市	专科		财经	公办	省政府	2	2	2	0	0	0	0	0	0													0	0	0	0	0	0	0	0	0	0		["财经"]	
12337	12581	NULL	河南工业和信息化职业学院	河南	焦作市	专科		理工	公办	省政府	2	2	2	0	0	0	0	0	0													0	0	0	0	1	0	0	0	0	0		["理工"]	["省属"]
10281	10463	NULL	河南工业大学	河南	郑州市	本科	区域特色研究型	理工	公办	省政府	2	2	2	0	0	0	0	0	0			210		246		391	215			391	0.00	35	5	0	0	4	0	0	0	0	0		["理工"]	["研究生院", "保研", "省部共建", "硕博点"]
11498	12794	NULL	河南工业职业技术大学	河南	南阳市	本科		理工	公办	省政府	2	2	2	0	0	0	0	0	0													0	0	0	0	0	0	0	0	0	0		["理工"]	["双高计划", "高水平专业群建设单位", "国家级骨干", "现代学徒制试点学院"]
12204	13936	NULL	河南工业贸易职业学院	河南	郑州市	专科		财经	公办	省政府	2	2	2	0	0	0	0	0	0													0	0	0	0	0	0	0	0	0	0		["财经"]	
10887	11329	NULL	河南工学院	河南	新乡市	本科		理工	公办	省政府	2	2	2	0	0	0	0	0	0			500				622	493			622	0.00	0	0	0	0	0	0	0	0	0	0		["理工"]	["省属"]
10733	11517	NULL	河南工程学院	河南	郑州市	本科		理工	公办	省政府	2	2	2	0	0	0	0	0	0			444				702	455			702	0.00	0	0	0	0	0	0	0	0	0	0		["理工"]	["省属"]
10153	10476	NULL	河南师范大学	河南	新乡市	本科	区域特色研究型	师范	公办	省政府	2	2	2	0	0	0	0	0	0			168		177		543	148			543	0.00	40	13	0	0	0	0	0	0	0	0		["师范"]	["研究生院", "保研", "省重点", "省属", "省部共建", "硕博点"]
12449	14307	NULL	河南应用技术职业学院	河南	郑州市	专科		综合	公办	省政府	2	2	2	0	0	0	0	0	0													0	0	0	0	0	0	0	0	0	0		["综合"]	["省属"]
12186	14181	NULL	河南建筑职业技术学院	河南	郑州市	专科		理工	公办	省政府	2	2	2	0	0	0	0	0	0													0	0	0	0	0	0	0	0	0	0		["理工"]	["省属"]
11338	13501	NULL	河南开封科技传媒学院	河南	开封市	本科		综合	民办	省教育厅	2	2	2	0	0	0	0	0	0							1015				1015	0.00	0	0	0	0	0	0	0	0	0	0		["综合"]	
12325	14349	NULL	河南护理职业学院	河南	安阳市	专科		医药	公办	省政府	2	2	2	0	0	0	0	0	0													0	0	0	0	0	0	0	0	0	0		["医药"]	
12248	14382	NULL	河南推拿职业学院	河南	洛阳市	专科		医药	公办	省政府	2	2	2	0	0	0	0	0	0													0	0	0	0	0	0	0	0	0	0		["医药"]	
70605	14865	NULL	河南新乡工商职业学院	河南	新乡市	专科		其它	民办	省教育厅	2	2	2	0	0	0	0	0	0													0	0	0	0	0	0	0	0	0	0		["其它"]	
11766	14348	NULL	河南机电职业学院	河南	郑州市	专科		理工	公办	省政府	2	2	2	0	0	0	0	0	0													0	0	0	0	0	0	0	0	0	0		["理工"]	["省属"]
12797	13889	NULL	河南林业职业学院	河南	洛阳市	专科		农林	公办	省政府	2	2	2	0	0	0	0	0	0													0	0	0	0	0	0	0	0	0	0		["农林"]	["省属"]
12556	13499	NULL	河南检察职业学院	河南	郑州市	专科		政法	公办	省政府	2	2	2	0	0	0	0	0	0													0	0	0	0	0	0	0	0	0	0		["政法"]	["省属"]
12779	12582	NULL	河南水利与环境职业学院	河南	郑州市	专科		理工	公办	省政府	2	2	2	0	0	0	0	0	0													0	0	0	0	0	0	0	0	0	0		["理工"]	["省属", "现代学徒制试点学院"]
11414	14608	NULL	河南测绘职业学院	河南	郑州市	专科		理工	公办	省政府	2	2	2	0	0	0	0	0	0													0	0	0	0	0	0	0	0	0	0		["理工"]	["省属"]
10687	10469	NULL	河南牧业经济学院	河南	郑州市	本科		财经	公办	省政府	2	2	2	0	0	0	0	0	0			500				792	328			792	0.00	0	0	0	0	0	0	0	0	0	0		["财经", "农林"]	["省属"]
12683	14636	NULL	河南物流职业学院	河南	新乡市	专科		理工	公办	省政府	2	2	2	0	0	0	0	0	0													0	0	0	0	0	0	0	0	0	0		["理工"]	
10228	10460	NULL	河南理工大学	河南	焦作市	本科	区域特色研究型	理工	公办	省政府	2	2	2	0	0	0	0	0	0			194		144		393	151			393	0.00	31	10	0	0	1	0	0	0	0	0		["理工"]	["研究生院", "保研", "省重点", "省属", "省部共建", "硕博点"]
10133	10464	NULL	河南科技大学	河南	洛阳市	本科	区域研究型	综合	公办	省政府	2	2	2	0	0	0	0	0	0			176		172		314	158			314	0.00	46	18	0	0	2	0	0	0	0	0		["综合"]	["研究生院", "保研", "省重点", "省部共建", "硕博点"]
10489	10467	NULL	河南科技学院	河南	新乡市	本科	应用型	师范	公办	省政府	2	2	2	0	0	0	0	0	0			359		318		772	265			772	0.00	11	0	0	0	0	0	0	0	0	0		["师范"]	["省属", "硕博点"]
11024	14169	NULL	河南科技职业大学	河南	周口市	本科		理工	民办	省教育厅	2	2	2	0	0	0	0	0	0							1125				1125	0.00	0	0	0	0	0	0	0	0	0	0		["理工"]	
11676	13788	NULL	河南经贸职业学院	河南	郑州市	专科		财经	公办	省政府	2	2	2	0	0	0	0	0	0													0	0	0	0	0	0	0	0	0	0		["财经"]	["省属", "双高计划", "现代学徒制试点学院"]
11479	10824	NULL	河南职业技术学院	河南	郑州市	专科		理工	公办	省政府	2	2	2	0	0	0	0	0	0													0	0	0	0	0	0	0	0	0	0		["理工"]	["双高计划", "高水平专业群建设单位", "国家级示范", "现代学徒制试点学院"]
12168	14308	NULL	河南艺术职业学院	河南	郑州市	专科		艺术	公办	省政府	2	2	2	0	0	0	0	0	0													0	0	0	0	0	0	0	0	0	0		["艺术"]	
10738	11788	NULL	河南警察学院	河南	郑州市	本科		政法	公办	省政府	2	2	2	0	0	0	0	0	0			371				279	455			279	0.00	0	0	0	0	0	0	0	0	0	0		["政法"]	["省属"]
10903	11652	NULL	河南财政金融学院	河南	郑州市	本科		财经	公办	省政府	2	2	2	0	0	0	0	0	0			500				513	481			513	0.00	0	0	0	0	0	0	0	0	0	0		["财经"]	["省属"]
10427	10484	NULL	河南财经政法大学	河南	郑州市	本科	应用型	财经	公办	省政府	2	2	2	0	0	0	0	0	0			256				262	264			262	0.00	12	2	0	0	0	0	0	0	0	0		["财经"]	["保研", "省属", "硕博点"]
11650	13564	NULL	河南质量工程职业学院	河南	平顶山市	专科		理工	公办	省政府	2	2	2	0	0	0	0	0	0													0	0	0	0	0	0	0	0	0	0			
11822	14607	NULL	河南轻工职业学院	河南	郑州市	专科		理工	公办	省政府	2	2	2	0	0	0	0	0	0													0	0	0	0	0	0	0	0	0	0		["理工"]	["省属"]
10888	11631	NULL	河套学院	内蒙古	巴彦淖尔市	本科		综合	公办	自治区政府	2	2	2	0	0	0	0	0	0			500				922	467			922	0.00	0	0	0	0	0	0	0	0	0	0		["综合"]	
10640	10605	NULL	河池学院	广西	河池市	本科		综合	公办	自治区政府	2	2	2	0	0	0	0	0	0			500				637	416			637	0.00	0	0	0	0	0	0	0	0	0	0		["综合"]	
10057	10294	NULL	河海大学	江苏	南京市	本科	特色研究型	理工	公办	教育部	2	1	1	0	1	1	0	0	0			63	60	69		61	65			61	0.00	61	45	0	0	0	0	0	0	0	0		["理工"]	["211", "双一流", "研究生院(部)", "保研", "国重点", "部委院校", "省部共建", "硕博点"]
11996	12772	NULL	河源职业技术学院	广东	河源市	专科		综合	公办	省政府	2	2	2	0	0	0	0	0	0													0	0	0	0	0	0	0	0	0	0		["综合"]	["现代学徒制试点学院"]
10739	10740	NULL	河西学院	甘肃	张掖市	本科		综合	公办	省政府	2	2	2	0	0	0	0	0	0			448				874	356			874	0.00	11	0	0	0	1	0	0	0	0	0		["综合"]	["省属", "硕博点"]
11242	13766	NULL	泉州信息工程学院	福建	泉州市	本科		理工	民办	省教育厅	2	2	2	0	0	0	0	0	0							1129				1129	0.00	0	0	0	0	0	0	0	0	0	0		["理工"]	
12002	12634	NULL	泉州医学高等专科学校	福建	泉州市	专科		医药	公办	省政府	2	2	2	0	0	0	0	0	0													0	0	0	0	0	0	0	0	0	0		["医药"]	["国家级骨干"]
12478	12927	NULL	泉州华光职业学院	福建	泉州市	专科		综合	民办	省教育厅	2	2	2	0	0	0	0	0	0													0	0	0	0	0	0	0	0	0	0		["综合"]	
12244	14503	NULL	泉州工程职业技术学院	福建	泉州市	专科		理工	民办	省教育厅	2	2	2	0	0	0	0	0	0													0	0	0	0	0	0	0	0	0	0		["理工"]	
12252	13975	NULL	泉州工艺美术职业学院	福建	泉州市	专科		艺术	公办	省政府	2	2	2	0	0	0	0	0	0													0	0	0	0	0	0	0	0	0	0		["艺术"]	["现代学徒制试点学院"]
10589	10399	NULL	泉州师范学院	福建	泉州市	本科		师范	公办	省政府	2	2	2	0	0	0	0	0	0			357				562	300			562	0.00	3	0	0	0	0	0	0	0	0	0		["师范"]	["省属", "硕博点"]
12383	14331	NULL	泉州幼儿师范高等专科学校	福建	泉州市	专科		师范	公办	省政府	2	2	2	0	0	0	0	0	0													0	0	0	0	0	0	0	0	0	0		["师范"]	
12471	14231	NULL	泉州海洋职业学院	福建	泉州市	专科		理工	民办	省教育厅	2	2	2	0	0	0	0	0	0													0	0	0	0	0	0	0	0	0	0		["理工"]	
12569	12711	NULL	泉州纺织服装职业学院	福建	泉州市	专科		综合	民办	省教育厅	2	2	2	0	0	0	0	0	0													0	0	0	0	0	0	0	0	0	0		["综合"]	
12615	13770	NULL	泉州经贸职业技术学院	福建	泉州市	专科		财经	公办	省政府	2	2	2	0	0	0	0	0	0													0	0	0	0	0	0	0	0	0	0		["财经"]	
11067	12928	NULL	泉州职业技术大学	福建	泉州市	本科		理工	民办	省教育厅	2	2	2	0	0	0	0	0	0							1231				1231	0.00	0	0	0	0	0	0	0	0	0	0		["理工"]	["双高计划"]
12758	14232	NULL	泉州轻工职业学院	福建	泉州市	专科		理工	民办	省教育厅	2	2	2	0	0	0	0	0	0													0	0	0	0	0	0	0	0	0	0		["理工"]	["现代学徒制试点学院"]
10775	10453	NULL	泰山学院	山东	泰安市	本科		综合	公办	省政府	2	2	2	0	0	0	0	0	0			402				714	416			714	0.00	3	0	0	0	0	0	0	0	0	0		["综合"]	["省属"]
11552	14345	NULL	泰山护理职业学院	山东	泰安市	专科		医药	公办	省政府	2	2	2	0	0	0	0	0	0													0	0	0	0	0	0	0	0	0	0		["医药"]	
11117	13624	NULL	泰山科技学院	山东	泰安市	本科		综合	民办	省教育厅	2	2	2	0	0	0	0	0	0							1139				1139	0.00	0	0	0	0	0	0	0	0	0	0		["综合"]	
11795	13861	NULL	泰山职业技术学院	山东	泰安市	专科		综合	公办	省政府	2	2	2	0	0	0	0	0	0													0	0	0	0	0	0	0	0	0	0		["综合"]	["现代学徒制试点学院"]
10874	12917	NULL	泰州学院	江苏	泰州市	本科		综合	公办	省政府	2	2	2	0	0	0	0	0	0			500				797	481			797	0.00	0	0	0	0	0	0	0	0	0	0		["综合"]	["省属"]
11632	12106	NULL	泰州职业技术学院	江苏	泰州市	专科		理工	公办	省政府	2	2	2	0	0	0	0	0	0													0	0	0	0	0	0	0	0	0	0		["理工"]	
70088	14732	NULL	泸州医疗器械职业学院	四川	泸州市	专科		医药	民办	省教育厅	2	2	2	0	0	0	0	0	0													0	0	0	0	0	0	0	0	0	0		["医药"]	
12049	12967	NULL	泸州职业技术学院	四川	泸州市	专科		综合	公办	省政府	2	2	2	0	0	0	0	0	0													0	0	0	0	0	0	0	0	0	0		["综合"]	["双高计划", "现代学徒制试点学院"]
70346	14795	NULL	洛阳商业职业学院	河南	洛阳市	专科		综合	民办	省教育厅	2	2	2	0	0	0	0	0	0													0	0	0	0	0	0	0	0	0	0		["综合"]	
10559	10482	NULL	洛阳师范学院	河南	洛阳市	本科		综合	公办	省政府	2	2	2	0	0	0	0	0	0			361		359		697	300			697	0.00	3	0	0	0	1	0	0	0	0	0		["综合"]	["省属"]
70054	14750	NULL	洛阳文化旅游职业学院	河南	洛阳市	专科		其它	公办	省政府	2	2	2	0	0	0	0	0	0													0	0	0	0	0	0	0	0	0	0		["其它"]	
10670	11070	NULL	洛阳理工学院	河南	洛阳市	本科		理工	公办	省政府	2	2	2	0	0	0	0	0	0			377		427		555	399			555	0.00	0	0	0	0	0	0	0	0	0	0		["理工"]	["省属"]
12346	14480	NULL	洛阳科技职业学院	河南	洛阳市	专科		综合	民办	省教育厅	2	2	2	0	0	0	0	0	0													0	0	0	0	0	0	0	0	0	0		["综合"]	
12144	14383	NULL	洛阳职业技术学院	河南	洛阳市	专科		综合	公办	省政府	2	2	2	0	0	0	0	0	0													0	0	0	0	0	0	0	0	0	0		["综合"]	
10267	10427	NULL	济南大学	山东	济南市	本科	区域特色研究型	综合	公办	省政府	2	2	2	0	0	0	0	0	0			175		169		261	163			261	0.00	29	7	0	0	2	0	0	0	0	0		["综合"]	["研究生院", "保研", "省重点", "省属", "省部共建", "硕博点"]
11906	13855	NULL	济南工程职业技术学院	山东	济南市	专科		理工	公办	省政府	2	2	2	0	0	0	0	0	0													0	0	0	0	0	0	0	0	0	0		["理工"]	
12402	14332	NULL	济南幼儿师范高等专科学校	山东	济南市	专科		师范	公办	省政府	2	2	2	0	0	0	0	0	0													0	0	0	0	0	0	0	0	0	0		["师范"]	
12251	14343	NULL	济南护理职业学院	山东	济南市	专科		医药	公办	省政府	2	2	2	0	0	0	0	0	0													0	0	0	0	0	0	0	0	0	0		["医药"]	
11939	13323	NULL	济南职业学院	山东	济南市	专科		综合	公办	省政府	2	2	2	0	0	0	0	0	0													0	0	0	0	0	0	0	0	0	0		["综合"]	["双高计划", "高水平专业群建设单位", "国家级骨干"]
10705	10443	NULL	济宁医学院	山东	济宁市	本科		医药	公办	省政府	2	2	2	0	0	0	0	0	0			321		379		606	300			606	0.00	3	0	0	0	0	0	0	0	0	0		["医药"]	["研究生院", "省属", "硕博点"]
10845	10454	NULL	济宁学院	山东	济宁市	本科		综合	公办	省政府	2	2	2	0	0	0	0	0	0			460		424		888	467			888	0.00	0	0	0	0	0	0	0	0	0	0		["综合"]	["省属"]
70651	14924	NULL	济宁汽车工程职业学院	山东	济宁市	专科		理工	民办	山东省教育厅	2	2	2	0	0	0	0	0	0													0	0	0	0	0	0	0	0	0	0		["理工"]	
11696	12335	NULL	济宁职业技术学院	山东	济宁市	专科		综合	公办	省政府	2	2	2	0	0	0	0	0	0													0	0	0	0	0	0	0	0	0	0		["综合"]	["双高计划", "现代学徒制试点学院"]
11713	12768	NULL	济源职业技术学院	河南	济源市	专科		综合	公办	省政府	2	2	2	0	0	0	0	0	0													0	0	0	0	0	0	0	0	0	0		["综合"]	["现代学徒制试点学院"]
10850	13021	NULL	浙大城市学院	浙江	杭州市	本科		综合	公办	省政府	2	2	2	0	0	0	0	0	0			218		278		281	481			281	0.00	11	0	0	0	1	0	0	0	0	0		["综合"]	
10861	13022	NULL	浙大宁波理工学院	浙江	宁波市	本科		理工	公办	省政府	2	2	2	0	0	0	0	0	0			287				394	481			394	0.00	3	0	0	0	1	0	0	0	0	0		["理工"]	
10510	10876	NULL	浙江万里学院	浙江	宁波市	本科	应用型	综合	公办	省政府	2	2	2	0	0	0	0	0	0			312				676	300			676	0.00	2	0	0	0	0	0	0	0	0	0		["综合"]	["研究生院", "省属", "硕博点"]
11612	13002	NULL	浙江东方职业技术学院	浙江	温州市	专科		综合	民办	省教育厅	2	2	2	0	0	0	0	0	0													0	0	0	0	0	0	0	0	0	0		["综合"]	
10315	10344	NULL	浙江中医药大学	浙江	杭州市	本科	区域特色研究型	医药	公办	省政府	2	2	2	0	0	0	0	0	0			127		351		300	234			300	0.00	49	26	0	0	1	0	0	0	0	0		["医药"]	["研究生院", "保研", "省重点", "省属", "省部共建", "硕博点"]
11156	13285	NULL	浙江中医药大学滨江学院	浙江	杭州市	本科		医药	民办	省教育厅	2	2	2	0	0	0	0	0	0							689						0	0	0	0	0	0	0	0	0	0		["医药"]	
12496	12036	NULL	浙江交通职业技术学院	浙江	杭州市	专科		理工	公办	省政府	2	2	2	0	0	0	0	0	0													0	0	0	0	0	0	0	0	0	0		["理工"]	["双高计划", "高水平专业群建设单位", "国家级骨干"]
10676	11647	NULL	浙江传媒学院	浙江	杭州市	本科		语言	公办	省政府	2	2	2	0	0	0	0	0	0			235				250	246			250	0.00	14	0	0	0	0	0	0	0	0	0		["语言"]	["研究生院", "省属", "省部共建", "硕博点"]
11874	13854	NULL	浙江体育职业技术学院	浙江	杭州市	专科		体育	公办	省政府	2	2	2	0	0	0	0	0	0													0	0	0	0	0	0	0	0	0	0		["体育"]	["省属"]
12006	14269	NULL	浙江农业商贸职业学院	浙江	绍兴市	专科		财经	公办	省政府	2	2	2	0	0	0	0	0	0													0	0	0	0	0	0	0	0	0	0		["财经"]	["省属", "省部共建"]
10278	10341	NULL	浙江农林大学	浙江	杭州市	本科	区域特色研究型	农林	公办	省政府	2	2	2	0	0	0	0	0	0			149		163		280	177			280	0.00	26	11	0	0	1	0	0	0	0	0		["农林"]	["研究生院", "保研", "省重点", "省属", "省部共建", "硕博点"]
10989	13283	NULL	浙江农林大学暨阳学院	浙江	绍兴市	本科		综合	民办	省教育厅	2	2	2	0	0	0	0	0	0							902				902	0.00	0	0	0	0	0	0	0	0	0	0		["综合"]	
11793	12647	NULL	浙江同济科技职业学院	浙江	杭州市	专科		理工	公办	省政府	2	2	2	0	0	0	0	0	0													0	0	0	0	0	0	0	0	0	0		["理工"]	["省属", "现代学徒制试点学院"]
11584	12865	NULL	浙江商业职业技术学院	浙江	杭州市	专科		财经	公办	省政府	2	2	2	0	0	0	0	0	0													0	0	0	0	0	0	0	0	0	0		["财经"]	["省属", "双高计划", "高水平专业群建设单位", "现代学徒制试点学院"]
12576	13853	NULL	浙江国际海运职业技术学院	浙江	舟山市	专科		综合	公办	省政府	2	2	2	0	0	0	0	0	0													0	0	0	0	0	0	0	0	0	0		["综合"]	
10593	14275	NULL	浙江外国语学院	浙江	杭州市	本科		语言	公办	省政府	2	2	2	0	0	0	0	0	0			270				357	286			357	0.00	3	0	0	0	0	0	0	0	0	0		["语言"]	["研究生院", "省属", "硕博点"]
10008	10335	NULL	浙江大学	浙江	杭州市	本科	研究型	综合	公办	教育部	1	1	1	1	1	1	1	0	1			3	5	3		7	3			7	0.00	151	242	0	0	58	0	0	0	0	0		["综合"]	["985", "211", "双一流", "101计划", "研究生院(部)", "保研", "国重点", "部委院校", "省部共建", "C9", "硕博点"]
10009	19335	NULL	浙江大学医学院	浙江	杭州市	本科	中国研究型	医药	公办	教育部	1	1	1	1	1	1	1	0	1							7						50	51	0	0	10	0	0	0	0	0		["医药"]	["985", "211", "双一流", "101计划", "保研", "国重点", "部委院校", "省部共建", "硕博点"]
11720	14703	NULL	浙江宇翔职业技术学院	浙江	湖州市	专科		综合	民办	省教育厅	2	2	2	0	0	0	0	0	0													0	0	0	0	0	0	0	0	0	0		["综合"]	
12841	14492	NULL	浙江安防职业技术学院	浙江	温州市	专科		理工	公办	省政府	2	2	2	0	0	0	0	0	0													0	0	0	0	0	0	0	0	0	0		["理工"]	["省部共建"]
10114	10337	NULL	浙江工业大学	浙江	杭州市	本科	区域研究型	理工	公办	省政府	2	2	2	0	0	0	0	0	0			68		76		116	74			116	0.00	37	17	0	0	4	0	0	0	0	0		["理工"]	["研究生院", "保研", "省重点", "省属", "省部共建", "硕博点"]
11014	13275	NULL	浙江工业大学之江学院	浙江	绍兴市	本科		理工	民办	省教育厅	2	2	2	0	0	0	0	0	0							869				869	0.00	0	0	0	0	0	0	0	0	0	0		["理工"]	
11469	12871	NULL	浙江工业职业技术学院	浙江	绍兴市	专科		综合	公办	省政府	2	2	2	0	0	0	0	0	0													0	0	0	0	0	0	0	0	0	0		["综合"]	["省属", "现代学徒制试点学院"]
10195	10353	NULL	浙江工商大学	浙江	杭州市	本科	区域特色研究型	财经	公办	省政府	2	2	2	0	0	0	0	0	0			101		108		151	117			151	0.00	49	23	0	0	0	0	0	0	0	0		["财经"]	["研究生院", "保研", "省重点", "省属", "省部共建", "硕博点"]
11245	13290	NULL	浙江工商大学杭州商学院	浙江	杭州市	本科		财经	民办	省教育厅	2	2	2	0	0	0	0	0	0							783				783	0.00	0	0	0	0	0	0	0	0	0	0		["财经"]	
11501	12789	NULL	浙江工商职业技术学院	浙江	宁波市	专科		财经	公办	省政府	2	2	2	0	0	0	0	0	0													0	0	0	0	0	0	0	0	0	0			
11933	12791	NULL	浙江工贸职业技术学院	浙江	温州市	专科		理工	公办	省政府	2	2	2	0	0	0	0	0	0													0	0	0	0	0	0	0	0	0	0		["理工"]	["省属", "双高计划", "高水平专业群建设单位", "现代学徒制试点学院"]
10117	10345	NULL	浙江师范大学	浙江	金华市	本科	区域特色研究型	综合	公办	省政府	2	2	2	0	0	0	0	0	0			91		50		174	73			174	0.00	55	15	0	0	1	0	0	0	0	0		["综合", "师范"]	["研究生院", "保研", "省重点", "省属", "硕博点"]
11005	13276	NULL	浙江师范大学行知学院	浙江	金华市	本科		综合	民办	省教育厅	2	2	2	0	0	0	0	0	0							865				865	0.00	3	0	0	0	0	0	0	0	0	0		["综合"]	["硕博点"]
11309	13029	NULL	浙江广厦建设职业技术大学	浙江	金华市	本科		理工	民办	省教育厅	2	2	2	0	0	0	0	0	0							1169				1169	0.00	0	0	0	0	0	0	0	0	0	0		["理工"]	
11783	12862	NULL	浙江建设职业技术学院	浙江	杭州市	专科		理工	公办	省政府	2	2	2	0	0	0	0	0	0													0	0	0	0	0	0	0	0	0	0		["理工"]	["双高计划", "高水平专业群建设单位", "国家级骨干", "现代学徒制试点学院"]
11485	12867	NULL	浙江旅游职业学院	浙江	杭州市	专科		其它	公办	省政府	2	2	2	0	0	0	0	0	0													0	0	0	0	0	0	0	0	0	0			
11562	12861	NULL	浙江机电职业技术大学	浙江	杭州市	本科		理工	公办	省政府	2	2	2	0	0	0	0	0	0							605				605	0.00	0	0	0	0	0	0	0	0	0	0		["理工"]	["双高计划", "高水平学校建设单位", "国家级示范", "现代学徒制试点学院"]
11078	11842	NULL	浙江树人学院	浙江	杭州市	本科		综合	民办	省教育厅	2	2	2	0	0	0	0	0	0							1056				1056	0.00	7	0	0	0	2	0	0	0	0	0		["综合"]	
12702	14090	NULL	浙江横店影视职业学院	浙江	金华市	专科		艺术	民办	省教育厅	2	2	2	0	0	0	0	0	0													0	0	0	0	0	0	0	0	0	0		["艺术"]	
10615	11481	NULL	浙江水利水电学院	浙江	杭州市	本科		理工	公办	省政府	2	2	2	0	0	0	0	0	0			394				528	416			528	0.00	0	0	0	0	0	0	0	0	0	0		["理工"]	["省属", "省部共建"]
12741	14089	NULL	浙江汽车职业技术学院	浙江	台州市	专科		理工	民办	省教育厅	2	2	2	0	0	0	0	0	0													0	0	0	0	0	0	0	0	0	0		["理工"]	
10389	10340	NULL	浙江海洋大学	浙江	舟山市	本科	应用型	农林	公办	省政府	2	2	2	0	0	0	0	0	0			236		156		322	328			322	0.00	10	3	0	0	0	0	0	0	0	0		["农林"]	["研究生院", "省重点", "省属", "省部共建", "硕博点"]
12406	14431	NULL	浙江特殊教育职业学院	浙江	杭州市	专科		综合	公办	省政府	2	2	2	0	0	0	0	0	0													0	0	0	0	0	0	0	0	0	0		["综合"]	
10200	10338	NULL	浙江理工大学	浙江	杭州市	本科	区域特色研究型	理工	公办	省政府	2	2	2	0	0	0	0	0	0			112		174		168	103			168	0.00	25	7	0	0	1	0	0	0	0	0		["理工"]	["研究生院", "保研", "省重点", "省属", "硕博点"]
11025	13280	NULL	浙江理工大学科技与艺术学院	浙江	绍兴市	本科		理工	民办	省教育厅	2	2	2	0	0	0	0	0	0							936				936	0.00	0	0	0	0	0	0	0	0	0	0		["理工"]	
10423	11057	NULL	浙江科技大学	浙江	杭州市	本科	应用型	理工	公办	省政府	2	2	2	0	0	0	0	0	0			232		252		303	313			303	0.00	36	0	0	0	0	0	0	0	0	0		["理工"]	["研究生院", "省属", "硕博点"]
11598	13025	NULL	浙江纺织服装职业技术学院	浙江	宁波市	专科		理工	公办	省政府	2	2	2	0	0	0	0	0	0													0	0	0	0	0	0	0	0	0	0		["理工"]	
11946	12866	NULL	浙江经济职业技术学院	浙江	杭州市	专科		财经	公办	省政府	2	2	2	0	0	0	0	0	0													0	0	0	0	1	0	0	0	0	0		["财经"]	["双高计划", "高水平专业群建设单位", "国家级骨干"]
12136	12864	NULL	浙江经贸职业技术学院	浙江	杭州市	专科		财经	公办	省政府	2	2	2	0	0	0	0	0	0													0	0	0	0	0	0	0	0	0	0		["财经"]	["省属", "省部共建", "双高计划", "高水平专业群建设单位"]
12529	12868	NULL	浙江育英职业技术学院	浙江	杭州市	专科		财经	民办	省教育厅	2	2	2	0	0	0	0	0	0													0	0	0	0	0	0	0	0	0	0		["财经"]	
12843	16408	NULL	浙江舟山群岛新区旅游与健康职业学院	浙江	舟山市	专科		综合	公办	省政府	2	2	2	0	0	0	0	0	0													0	0	0	0	0	0	0	0	0	0		["综合"]	
12297	12863	NULL	浙江艺术职业学院	浙江	杭州市	专科		艺术	公办	省政府	2	2	2	0	0	0	0	0	0													0	0	0	0	0	0	0	0	0	0		["艺术"]	["省属", "高水平专业群建设单位", "现代学徒制试点学院"]
70060	16207	NULL	浙江药科职业大学	浙江	宁波市	本科		医药	公办	省政府	2	2	2	0	0	0	0	0	0							788				788	0.00	0	0	0	0	0	0	0	0	0	0		["医药"]	["省部共建"]
11456	12869	NULL	浙江警官职业学院	浙江	杭州市	专科		政法	公办	省政府	2	2	2	0	0	0	0	0	0													0	0	0	0	0	0	0	0	0	0		["政法"]	["省属", "省部共建", "高水平专业群建设单位", "国家级示范"]
10780	11483	NULL	浙江警察学院	浙江	杭州市	本科		政法	公办	省政府	2	2	2	0	0	0	0	0	0			293				470	500			470	0.00	2	0	0	0	1	0	0	0	0	0		["政法"]	["省属"]
10307	11482	NULL	浙江财经大学	浙江	杭州市	本科	应用型	财经	公办	省政府	2	2	2	0	0	0	0	0	0			130		222		159	177			159	0.00	47	19	0	0	0	0	0	0	0	0		["财经"]	["研究生院", "保研", "省重点", "硕博点"]
11071	13294	NULL	浙江财经大学东方学院	浙江	嘉兴市	本科		财经	民办	省教育厅	2	2	2	0	0	0	0	0	0							855				855	0.00	0	0	0	0	7	0	0	0	0	0		["财经"]	
10982	12792	NULL	浙江越秀外国语学院	浙江	绍兴市	本科		语言	民办	省教育厅	2	2	2	0	0	0	0	0	0							1004				1004	0.00	3	0	0	0	0	0	0	0	0	0		["语言"]	
12405	13688	NULL	浙江邮电职业技术学院	浙江	绍兴市	专科		理工	公办	省政府	2	2	2	0	0	0	0	0	0													0	0	0	0	0	0	0	0	0	0		["理工"]	["省属"]
12842	14746	NULL	浙江金华科贸职业技术学院	浙江	金华市	专科		其它	民办	省教育厅	2	2	2	0	0	0	0	0	0													0	0	0	0	0	0	0	0	0	0		["其它"]	
11905	12870	NULL	浙江金融职业学院	浙江	杭州市	专科		财经	公办	省政府	2	2	2	0	0	0	0	0	0													0	0	0	0	0	0	0	0	0	0		["财经"]	["双高计划", "高水平学校建设单位", "国家级示范"]
11674	13027	NULL	浙江长征职业技术学院	浙江	杭州市	专科		综合	民办	省教育厅	2	2	2	0	0	0	0	0	0													0	0	0	0	0	0	0	0	0	0		["综合"]	
10841	14535	NULL	浙江音乐学院	浙江	杭州市	本科		艺术	公办	省政府	2	2	2	0	0	0	0	0	0							671	455					3	0	0	0	0	0	0	0	0	0		["艺术"]	["省部共建", "硕博点"]
10145	91020	NULL	海军军医大学	上海	杨浦区	本科		医药	公办	人民解放军海军	2	1	1	0	1	1	0	0	0					197		87	47			87	0.00	58	52	0	0	7	0	0	0	0	0		["医药", "军事"]	["211", "双一流", "研究生院(部)", "保研", "国重点", "硕博点"]
10971	91017	NULL	海军大连舰艇学院	辽宁	大连市	本科		军事	公办	人民解放军海军	2	2	2	0	0	0	0	0	0							379						13	2	0	0	0	0	0	0	0	0		["军事"]	["国重点", "部委院校", "硕博点"]
10238	91016	NULL	海军工程大学	湖北	武汉市	本科		军事	公办	人民解放军海军	2	2	2	0	0	0	0	0	0					446		230	67					12	7	0	0	1	0	0	0	0	0		["军事"]	["国重点", "部委院校", "硕博点"]
10382	91018	NULL	海军潜艇学院	山东	青岛市	本科	其他	军事	公办	人民解放军海军	2	2	2	0	0	0	0	0	0							311						4	4	0	0	2	0	0	0	0	0		["军事", "理工"]	["部委院校", "硕博点"]
10932	91019	NULL	海军航空大学	山东	烟台市	本科		军事	公办	中央军委	2	2	2	0	0	0	0	0	0							348						26	17	0	0	0	0	0	0	0	0		["军事"]	["国重点", "部委院校", "硕博点"]
70569	14846	NULL	海南东方新丝路职业学院	海南	海口市	专科		综合	民办	海南省教育厅	2	2	2	0	0	0	0	0	0													0	0	0	0	0	0	0	0	0	0		["综合"]	
11397	14575	NULL	海南体育职业技术学院	海南	海口市	专科		体育	公办	省政府	2	2	2	0	0	0	0	0	0													0	0	0	0	1	0	0	0	0	0		["体育"]	
12281	14639	NULL	海南健康管理职业技术学院	海南	海口市	专科		医药	民办	省教育厅	2	2	2	0	0	0	0	0	0													0	0	0	0	0	0	0	0	0	0		["医药"]	
10498	11810	NULL	海南医科大学	海南	海口市	本科	应用型	医药	公办	省政府	2	2	2	0	0	0	0	0	0			233		349		409	211			409	0.00	48	15	0	0	1	0	0	0	0	0		["医药"]	["研究生院", "保研", "硕博点"]
11828	14724	NULL	海南卫生健康职业学院	海南	海口市	专科		医药	公办	省政府	2	2	2	0	0	0	0	0	0													0	0	0	0	0	0	0	0	0	0		["医药"]	["省属"]
12269	13577	NULL	海南外国语职业学院	海南	省直辖	专科		语言	公办	省政府	2	2	2	0	0	0	0	0	0													0	0	0	0	0	0	0	0	0	0		["语言"]	
10211	10589	NULL	海南大学	海南	海口市	本科	区域研究型	综合	公办	省政府	2	1	1	0	1	1	0	0	0			87		93		139	144			139	0.00	41	16	0	0	0	0	0	0	0	0		["综合"]	["211", "双一流", "研究生院", "保研", "国重点", "省属", "省部共建"]
11889	13876	NULL	海南工商职业学院	海南	海口市	专科		财经	民办	省教育厅	2	2	2	0	0	0	0	0	0													0	0	0	0	0	0	0	0	0	0			
10317	11658	NULL	海南师范大学	海南	海口市	本科	区域特色研究型	师范	公办	省政府	2	2	2	0	0	0	0	0	0			227		384		441	184			441	0.00	19	6	0	0	0	0	0	0	0	0		["师范"]	["研究生院", "保研", "省重点", "省属", "省部共建", "硕博点"]
12344	13576	NULL	海南政法职业学院	海南	海口市	专科		政法	公办	省政府	2	2	2	0	0	0	0	0	0													0	0	0	0	0	0	0	0	0	0		["政法"]	
70360	14829	NULL	海南比勒费尔德应用科学大学	海南	儋州市	本科		理工		省教育厅	2	2	2	0	0	0	0	0	0							1126	148			1126	0.00	0	0	0	0	0	0	0	0	0	0		["理工"]	["省重点"]
70675	14948	NULL	海南洛桑旅游大学	海南	三亚市	本科		其它		海南省教育厅	2	2	2	0	0	0	0	0	0							1298	158			1298	0.00	0	0	0	0	0	0	0	0	0	0		["其它"]	
10511	11100	NULL	海南热带海洋学院	海南	三亚市	本科	应用型	综合	公办	省政府	2	2	2	0	0	0	0	0	0			463				767	416			767	0.00	3	0	0	0	0	0	0	0	0	0		["综合"]	["省属", "省部共建", "硕博点"]
11200	14172	NULL	海南科技职业大学	海南	海口市	本科		理工	民办	省教育厅	2	2	2	0	0	0	0	0	0							1272				1272	0.00	0	0	0	0	0	0	0	0	0	0		["理工"]	["双高计划"]
11917	13875	NULL	海南经贸职业技术学院	海南	海口市	专科		财经	公办	省政府	2	2	2	0	0	0	0	0	0													0	0	0	0	0	0	0	0	0	0		["财经"]	["双高计划", "高水平学校建设单位", "国家级骨干", "现代学徒制试点学院"]
12014	11999	NULL	海南职业技术学院	海南	海口市	专科		综合	公办	省政府	2	2	2	0	0	0	0	0	0													0	0	0	0	0	0	0	0	0	0			
70618	14891	NULL	海南艺术职业学院	海南	海口市	专科		艺术	公办	省政府	2	2	2	0	0	0	0	0	0													0	0	0	0	0	0	0	0	0	0		["艺术"]	
70673	14944	NULL	海南警察学院	海南	海口市	本科		政法	公办	海南省公安厅	2	2	2	0	0	0	0	0	0							431	500			431	0.00	0	0	0	0	0	0	0	0	0	0		["政法"]	
12003	13575	NULL	海南软件职业技术学院	海南	省直辖	专科		理工	公办	省政府	2	2	2	0	0	0	0	0	0													0	0	0	0	0	0	0	0	0	0		["理工"]	["现代学徒制试点学院"]
70617	14890	NULL	海口旅游职业学院	海南	海口市	专科		财经	公办	省政府	2	2	2	0	0	0	0	0	0													0	0	0	0	0	0	0	0	0	0		["财经", "其它"]	
11253	12308	NULL	海口经济学院	海南	海口市	本科		综合	民办	省教育厅	2	2	2	0	0	0	0	0	0							1263				1263	0.00	0	0	0	0	1	0	0	0	0	0		["综合"]	
11574	13777	NULL	淄博师范高等专科学校	山东	淄博市	专科		师范	公办	省政府	2	2	2	0	0	0	0	0	0													0	0	0	0	0	0	0	0	0	0		["师范"]	
11449	13009	NULL	淄博职业技术大学	山东	淄博市	本科		综合	公办	省政府	2	2	2	0	0	0	0	0	0							929				929	0.00	0	0	0	0	0	0	0	0	0	0		["综合"]	["双高计划", "高水平学校建设单位", "国家级示范", "现代学徒制试点学院"]
10504	10373	NULL	淮北师范大学	安徽	淮北市	本科	应用型	综合	公办	省政府	2	2	2	0	0	0	0	0	0			330		303		540	276			540	0.00	62	0	0	0	0	0	0	0	0	0		["综合"]	["研究生院", "省重点", "省属", "硕博点"]
11148	13620	NULL	淮北理工学院	安徽	淮北市	本科		理工	民办	省教育厅	2	2	2	0	0	0	0	0	0							1248				1248	0.00	0	0	0	0	0	0	0	0	0	0		["理工"]	
11556	10963	NULL	淮北职业技术学院	安徽	淮北市	专科		综合	公办	省政府	2	2	2	0	0	0	0	0	0													0	0	0	0	0	0	0	0	0	0		["综合"]	["省属", "双高计划"]
10794	10381	NULL	淮南师范学院	安徽	淮南市	本科		师范	公办	省政府	2	2	2	0	0	0	0	0	0			496				764	328			764	0.00	0	0	0	0	0	0	0	0	0	0		["师范"]	["省属"]
11762	12220	NULL	淮南职业技术学院	安徽	淮南市	专科		理工	公办	省政府	2	2	2	0	0	0	0	0	0													0	0	0	0	0	0	0	0	0	0			
12162	11308	NULL	淮南联合大学	安徽	淮南市	专科		综合	公办	省政府	2	2	2	0	0	0	0	0	0													0	0	0	0	0	0	0	0	0	0		["综合"]	
10680	11049	NULL	淮安大学	江苏	淮安市	本科		理工	公办	省政府	2	2	2	0	0	0	0	0	0			317		255		789	313			789	0.00	14	0	0	0	0	0	0	0	0	0		["理工"]	["研究生院", "省属", "硕博点"]
10650	10323	NULL	淮阴师范学院	江苏	淮安市	本科		师范	公办	省政府	2	2	2	0	0	0	0	0	0			331		296		796	286			796	0.00	15	0	0	0	1	0	0	0	0	0		["师范"]	["省属", "硕博点"]
11429	12957	NULL	深圳信息职业技术大学	广东	深圳市	本科		理工	公办	省政府	2	2	2	0	0	0	0	0	0					440		184				184	0.00	0	0	0	0	0	0	0	0	0	0		["理工"]	["双高计划", "高水平学校建设单位", "国家级骨干", "现代学徒制试点学院"]
10487	16409	NULL	深圳北理莫斯科大学	广东	深圳市	本科	区域特色研究型	综合		省教育厅	2	2	2	0	0	0	0	0	0			108				196	92			196	0.00	0	0	0	0	1	0	0	0	0	0		["综合"]	
70568	14845	NULL	深圳城市职业学院	广东	深圳市	专科		综合	公办	省政府	2	2	2	0	0	0	0	0	0													0	0	0	0	0	0	0	0	0	0		["综合"]	
10152	10590	NULL	深圳大学	广东	深圳市	本科	区域研究型	综合	公办	省政府	2	2	2	0	0	0	1	0	1			66	27	20		69	86			69	0.00	162	38	0	0	9	0	0	0	0	0		["综合"]	["101计划", "研究生院", "保研", "省重点", "省属", "硕博点"]
10505	14655	NULL	深圳技术大学	广东	深圳市	本科	其他	理工	公办	省政府	2	2	2	0	0	0	0	0	0			283		264		118	148			118	0.00	0	0	0	0	2	0	0	0	0	0		["理工"]	["研究生院"]
70561	14880	NULL	深圳理工大学	广东	深圳市	本科		理工	公办	省政府	2	2	2	0	0	0	0	0	0							31	29			31	0.00	0	0	0	0	0	0	0	0	0	0		["理工"]	
11420	11113	NULL	深圳职业技术大学	广东	深圳市	本科		综合	公办	省政府	2	2	2	0	0	0	0	0	0					291		158				158	0.00	0	0	0	0	0	0	0	0	0	0		["综合"]	["省属", "双高计划", "高水平学校建设单位", "国家级示范"]
10003	10003	NULL	清华大学	北京	海淀区	本科	中国研究型	综合	公办	教育部	1	1	1	1	1	1	1	0	1			1	2	1		1	2			1	0.00	67	73	0	0	98	0	0	0	0	0		["综合"]	["985", "211", "双一流", "101计划", "研究生院(部)", "保研", "国重点", "部委院校", "省部共建", "C9", "硕博点"]
11665	12958	NULL	清远职业技术学院	广东	清远市	专科		综合	公办	省政府	2	2	2	0	0	0	0	0	0													0	0	0	0	0	0	0	0	0	0		["综合"]	["现代学徒制试点学院"]
10468	10167	NULL	渤海大学	辽宁	锦州市	本科	应用型	综合	公办	省政府	2	2	2	0	0	0	0	0	0			285		133		403	260			403	0.00	23	0	0	0	0	0	0	0	0	0		["综合"]	["研究生院", "保研", "硕博点"]
12588	14472	NULL	渤海理工职业学院	河北	沧州市	专科		综合	民办	省教育厅	2	2	2	0	0	0	0	0	0													0	0	0	0	0	0	0	0	0	0		["综合"]	["现代学徒制试点学院"]
11502	13394	NULL	渤海石油职业学院	河北	沧州市	专科		理工	公办	省政府	2	2	2	0	0	0	0	0	0													0	0	0	0	0	0	0	0	0	0		["理工"]	
11686	12931	NULL	渤海船舶职业学院	辽宁	葫芦岛	专科		理工	公办	省政府	2	2	2	0	0	0	0	0	0													0	0	0	0	0	0	0	0	0	0		["理工"]	["高水平专业群建设单位", "国家级骨干"]
10246	10343	NULL	温州医科大学	浙江	温州市	本科	区域特色研究型	医药	公办	省政府	2	2	2	0	0	0	0	0	0			91		143		272	163			272	0.00	34	26	0	0	1	0	0	0	0	0		["医药"]	["研究生院", "保研", "省重点", "省属", "省部共建", "硕博点"]
11081	13284	NULL	温州医科大学仁济学院	浙江	温州市	本科		医药	民办	省教育厅	2	2	2	0	0	0	0	0	0							945				945	0.00	0	0	0	0	0	0	0	0	0	0		["医药"]	["省属"]
11208	13637	NULL	温州商学院	浙江	温州市	本科		财经	民办	省教育厅	2	2	2	0	0	0	0	0	0							1032				1032	0.00	0	0	0	0	0	0	0	0	0	0		["财经"]	
10286	10351	NULL	温州大学	浙江	温州市	本科	区域特色研究型	综合	公办	省政府	2	2	2	0	0	0	0	0	0			129		87		253	158			253	0.00	34	2	0	0	1	0	0	0	0	0		["综合"]	["研究生院", "省重点"]
11075	13289	NULL	温州理工学院	浙江	温州市	本科		理工	公办	省政府	2	2	2	0	0	0	0	0	0			360				473	481			473	0.00	0	0	0	0	0	0	0	0	0	0		["理工"]	["省属"]
11711	14088	NULL	温州科技职业学院	浙江	温州市	专科		理工	公办	省政府	2	2	2	0	0	0	0	0	0													0	0	0	0	0	0	0	0	0	0			
11611	10864	NULL	温州职业技术学院	浙江	温州市	专科		综合	公办	省政府	2	2	2	0	0	0	0	0	0													0	0	0	0	0	0	0	0	0	0		["综合"]	["省重点", "双高计划", "高水平学校建设单位", "国家级示范", "现代学徒制试点学院"]
10172	16405	NULL	温州肯恩大学	浙江	温州市	本科	应用型	综合		省教育厅	2	2	2	0	0	0	0	0	0			151				417	134			417	0.00	7	1	0	0	0	0	0	0	0	0		["综合"]	["硕博点"]
10862	10723	NULL	渭南师范学院	陕西	渭南市	本科		师范	公办	省政府	2	2	2	0	0	0	0	0	0			460				672	356			672	0.00	0	0	0	0	0	0	0	0	0	0		["师范"]	["省属"]
11529	13951	NULL	渭南职业技术学院	陕西	渭南市	专科		综合	公办	省政府	2	2	2	0	0	0	0	0	0													0	0	0	0	0	0	0	0	0	0		["综合"]	["现代学徒制试点学院"]
12066	13772	NULL	湄洲湾职业技术学院	福建	莆田市	专科		理工	公办	省政府	2	2	2	0	0	0	0	0	0													0	0	0	0	0	0	0	0	0	0		["理工"]	["现代学徒制试点学院"]
11539	12979	NULL	湖北三峡职业技术学院	湖北	宜昌市	专科		综合	公办	省政府	2	2	2	0	0	0	0	0	0													0	0	0	0	0	0	0	0	0	0			
70624	14899	NULL	湖北三峡航空学院	湖北	宜昌市	本科		理工	民办	湖北省教育厅	2	2	2	0	0	0	0	0	0							1253				1253	0.00	0	0	0	0	0	0	0	0	0	0		["理工"]	
10445	10507	NULL	湖北中医药大学	湖北	武汉市	本科	应用型	医药	公办	省政府	2	2	2	0	0	0	0	0	0			205		387		397	297			397	0.00	31	21	0	0	0	0	0	0	0	0		["医药"]	["研究生院", "保研", "省重点", "省部共建", "硕博点"]
11945	12951	NULL	湖北中医药高等专科学校	湖北	荆州市	专科		医药	公办	省政府	2	2	2	0	0	0	0	0	0													0	0	0	0	0	0	0	0	0	0		["医药"]	["省部共建"]
12191	12752	NULL	湖北交通职业技术学院	湖北	武汉市	专科		理工	公办	省政府	2	2	2	0	0	0	0	0	0													0	0	0	0	0	0	0	0	0	0		["理工"]	["高水平专业群建设单位", "现代学徒制试点学院"]
12232	14356	NULL	湖北体育职业学院	湖北	武汉市	专科		体育	公办	省政府	2	2	2	0	0	0	0	0	0													0	0	0	0	0	0	0	0	0	0		["体育"]	["省属"]
11964	14721	NULL	湖北健康职业学院	湖北	咸宁市	专科		医药	民办	省教育厅	2	2	2	0	0	0	0	0	0													0	0	0	0	0	0	0	0	0	0		["医药"]	
10704	10929	NULL	湖北医药学院	湖北	十堰市	本科		医药	公办	省政府	2	2	2	0	0	0	0	0	0			267		333		531	175			531	0.00	13	0	0	0	0	0	0	0	0	0		["医药"]	["研究生院", "省属"]
11321	13249	NULL	湖北医药学院药护学院	湖北	十堰市	本科		医药	民办	省教育厅	2	2	2	0	0	0	0	0	0							1058				1058	0.00	0	0	0	0	0	0	0	0	0	0		["医药"]	
11322	13247	NULL	湖北商贸学院	湖北	武汉市	本科		财经	民办	省教育厅	2	2	2	0	0	0	0	0	0							1221				1221	0.00	0	0	0	0	0	0	0	0	0	0		["财经"]	
11806	13800	NULL	湖北国土资源职业学院	湖北	武汉市	专科		理工	公办	省政府	2	2	2	0	0	0	0	0	0													0	0	0	0	0	0	0	0	0	0		["理工"]	["省属", "现代学徒制试点学院"]
11877	12983	NULL	湖北城市建设职业技术学院	湖北	武汉市	专科		理工	公办	省政府	2	2	2	0	0	0	0	0	0													0	0	0	0	0	0	0	0	0	0		["理工"]	["现代学徒制试点学院"]
10215	10512	NULL	湖北大学	湖北	武汉市	本科	区域研究型	综合	公办	省政府	2	2	2	0	0	0	0	0	0			121		177		173	79			173	0.00	37	12	0	0	1	0	0	0	0	0		["综合"]	["研究生院", "保研", "省重点", "省属", "省部共建", "硕博点"]
11177	13234	NULL	湖北大学知行学院	湖北	武汉市	本科		理工	民办	省教育厅	2	2	2	0	0	0	0	0	0							967				967	0.00	0	0	0	0	0	0	0	0	0	0		["理工"]	
70068	14755	NULL	湖北孝感美珈职业学院	湖北	孝感市	专科		综合	民办	省教育厅	2	2	2	0	0	0	0	0	0													0	0	0	0	0	0	0	0	0	0		["综合"]	
10292	10500	NULL	湖北工业大学	湖北	武汉市	本科	应用型	理工	公办	省政府	2	2	2	0	0	0	0	0	0			162		177		206	113			206	0.00	31	5	0	0	0	0	0	0	0	0		["理工"]	["研究生院", "保研", "省属", "硕博点"]
11366	13238	NULL	湖北工业大学工程技术学院	湖北	武汉市	本科		理工	民办	省教育厅	2	2	2	0	0	0	0	0	0							1009				1009	0.00	0	0	0	0	0	0	0	0	0	0		["理工"]	
11808	11334	NULL	湖北工业职业技术学院	湖北	十堰市	专科		理工	公办	省政府	2	2	2	0	0	0	0	0	0													0	0	0	0	0	0	0	0	0	0		["理工"]	["国家级骨干", "现代学徒制试点学院"]
10672	10528	NULL	湖北工程学院	湖北	孝感市	本科		理工	公办	省政府	2	2	2	0	0	0	0	0	0			419				706	372			706	0.00	2	0	0	0	0	0	0	0	0	0		["理工"]	
11225	13258	NULL	湖北工程学院新技术学院	湖北	孝感市	本科		综合	民办	省教育厅	2	2	2	0	0	0	0	0	0							1022				1022	0.00	0	0	0	0	0	0	0	0	0	0		["综合"]	
11887	14197	NULL	湖北工程职业学院	湖北	黄石市	专科		理工	公办	省政府	2	2	2	0	0	0	0	0	0													0	0	0	0	0	0	0	0	0	0		["理工"]	
10611	10513	NULL	湖北师范大学	湖北	黄石市	本科		师范	公办	省政府	2	2	2	0	0	0	0	0	0			312		323		395	286			395	0.00	25	0	0	0	0	0	0	0	0	0		["师范"]	["研究生院", "省重点", "省属", "硕博点"]
11327	13256	NULL	湖北师范大学文理学院	湖北	黄石市	本科		综合	民办	省教育厅	2	2	2	0	0	0	0	0	0							1071				1071	0.00	0	0	0	0	0	0	0	0	0	0		["综合"]	
12463	14467	NULL	湖北幼儿师范高等专科学校	湖北	武汉市	专科		师范	公办	省政府	2	2	2	0	0	0	0	0	0													0	0	0	0	0	0	0	0	0	0		["师范"]	["省属"]
12633	12986	NULL	湖北开放职业学院	湖北	武汉市	专科		综合	民办	省教育厅	2	2	2	0	0	0	0	0	0													0	0	0	0	0	0	0	0	0	0		["综合"]	
11217	13250	NULL	湖北恩施学院	湖北	恩施土家族苗族自治州	本科		综合	民办	省教育厅	2	2	2	0	0	0	0	0	0							1116				1116	0.00	0	0	0	0	0	0	0	0	0	0		["综合"]	
10370	10519	NULL	湖北文理学院	湖北	襄阳市	本科	应用型	综合	公办	省政府	2	2	2	0	0	0	0	0	0			372		273		667	328			667	0.00	8	0	0	0	0	0	0	0	0	0		["综合"]	["研究生院", "省属", "硕博点"]
11365	13257	NULL	湖北文理学院理工学院	湖北	襄阳市	本科		理工	民办	省教育厅	2	2	2	0	0	0	0	0	0							1045				1045	0.00	0	0	0	0	0	0	0	0	0	0		["理工"]	
10681	10517	NULL	湖北民族大学	湖北	恩施土家族苗族自治州	本科		民族	公办	省政府	2	2	2	0	0	0	0	0	0			345				616	297			616	0.00	23	0	0	0	0	0	0	0	0	0		["民族", "综合"]	["省重点", "省属", "省部共建"]
12120	12982	NULL	湖北水利水电职业技术学院	湖北	武汉市	专科		理工	公办	省政府	2	2	2	0	0	0	0	0	0													0	0	0	0	1	0	0	0	0	0		["理工"]	
10614	10525	NULL	湖北汽车工业学院	湖北	十堰市	本科		理工	公办	省政府	2	2	2	0	0	0	0	0	0			341				599	302			599	0.00	15	0	0	0	1	0	0	0	0	0		["理工"]	["研究生院", "省属", "硕博点"]
11155	13248	NULL	湖北汽车工业学院科技学院	湖北	十堰市	本科		理工	民办	省教育厅	2	2	2	0	0	0	0	0	0							993						0	0	0	0	0	0	0	0	0	0		["理工"]	
10755	10920	NULL	湖北理工学院	湖北	黄石市	本科		理工	公办	省政府	2	2	2	0	0	0	0	0	0			414				652	382			652	0.00	3	0	0	0	0	0	0	0	0	0		["理工"]	["省属"]
11932	13801	NULL	湖北生态工程职业技术学院	湖北	武汉市	专科		综合	公办	省政府	2	2	2	0	0	0	0	0	0													0	0	0	0	0	0	0	0	0	0		["综合"]	
11818	12985	NULL	湖北生物科技职业学院	湖北	武汉市	专科		理工	公办	省政府	2	2	2	0	0	0	0	0	0													0	0	0	0	0	0	0	0	0	0			
10720	10927	NULL	湖北科技学院	湖北	咸宁市	本科		综合	公办	省政府	2	2	2	0	0	0	0	0	0			372		349		649	372			649	0.00	6	0	0	0	0	0	0	0	0	0		["综合"]	["省属", "硕博点"]
12491	14119	NULL	湖北科技职业学院	湖北	武汉市	专科		综合	公办	省政府	2	2	2	0	0	0	0	0	0													0	0	0	0	0	0	0	0	0	0		["综合"]	["省属", "现代学徒制试点学院"]
10759	14099	NULL	湖北第二师范学院	湖北	武汉市	本科		师范	公办	省政府	2	2	2	0	0	0	0	0	0			364				461	433			461	0.00	0	0	0	0	0	0	0	0	0	0		["师范"]	["省属"]
10506	11600	NULL	湖北经济学院	湖北	武汉市	本科	应用型	财经	公办	省政府	2	2	2	0	0	0	0	0	0			263				415	181			415	0.00	1	0	0	0	0	0	0	0	0	0		["财经"]	["省属", "硕博点"]
11080	13251	NULL	湖北经济学院法商学院	湖北	武汉市	本科		财经	民办	省教育厅	2	2	2	0	0	0	0	0	0							1046				1046	0.00	0	0	0	0	0	0	0	0	0	0		["财经"]	
10660	10523	NULL	湖北美术学院	湖北	武汉市	本科		艺术	公办	省政府	2	2	2	0	0	0	0	0	0							660	416			660	0.00	7	0	0	0	0	0	0	0	0	0		["艺术"]	["八大美院", "硕博点"]
11454	12051	NULL	湖北职业技术学院	湖北	孝感市	专科		综合	公办	省政府	2	2	2	0	0	0	0	0	0													0	0	0	0	0	0	0	0	0	0		["综合"]	["高水平专业群建设单位", "国家级示范", "现代学徒制试点学院"]
12362	13263	NULL	湖北艺术职业学院	湖北	武汉市	专科		艺术	公办	省政府	2	2	2	0	0	0	0	0	0													0	0	0	0	0	0	0	0	0	0		["艺术"]	["省属"]
10750	11332	NULL	湖北警官学院	湖北	武汉市	本科		政法	公办	省政府	2	2	2	0	0	0	0	0	0			433				349	455			349	0.00	0	0	0	0	0	0	0	0	0	0		["政法"]	["省属"]
12416	13798	NULL	湖北财税职业学院	湖北	武汉市	专科		财经	公办	省政府	2	2	2	0	0	0	0	0	0													0	0	0	0	0	0	0	0	0	0		["财经"]	
12213	12744	NULL	湖北轻工职业技术学院	湖北	武汉市	专科		理工	公办	省政府	2	2	2	0	0	0	0	0	0													0	0	0	0	0	0	0	0	0	0		["理工"]	["省属", "现代学徒制试点学院"]
12888	14553	NULL	湖北铁道运输职业学院	湖北	武汉市	专科		理工	公办	省政府	2	2	2	0	0	0	0	0	0													0	0	0	0	0	0	0	0	0	0		["理工"]	
12760	14120	NULL	湖北青年职业学院	湖北	武汉市	专科		综合	公办	省政府	2	2	2	0	0	0	0	0	0													0	0	0	0	0	0	0	0	0	0		["综合"]	
12648	13797	NULL	湖北黄冈应急管理职业技术学院	湖北	黄冈市	专科		综合	公办	省政府	2	2	2	0	0	0	0	0	0													0	0	0	0	0	0	0	0	0	0		["综合"]	
12342	14322	NULL	湖南三一工业职业技术学院	湖南	长沙市	专科		理工	民办	省教育厅	2	2	2	0	0	0	0	0	0													0	0	0	0	0	0	0	0	0	0		["理工"]	["现代学徒制试点学院"]
10322	10541	NULL	湖南中医药大学	湖南	长沙市	本科	区域特色研究型	医药	公办	省政府	2	2	2	0	0	0	0	0	0			169		375		294	272			294	0.00	79	27	0	0	0	0	0	0	0	0		["医药"]	["研究生院", "保研", "省重点", "硕博点"]
11320	12661	NULL	湖南中医药大学湘杏学院	湖南	长沙市	本科		医药	民办	省教育厅	2	2	2	0	0	0	0	0	0							979				979	0.00	0	0	0	0	0	0	0	0	0	0		["医药"]	
11710	13802	NULL	湖南中医药高等专科学校	湖南	株洲市	专科		医药	公办	省政府	2	2	2	0	0	0	0	0	0													0	0	0	0	0	0	0	0	0	0		["医药"]	
12368	13922	NULL	湖南九嶷职业技术学院	湖南	永州市	专科		综合	公办	省政府	2	2	2	0	0	0	0	0	0													0	0	0	0	0	0	0	0	0	0		["综合"]	
11339	13924	NULL	湖南交通工程学院	湖南	衡阳市	本科		理工	民办	省教育厅	2	2	2	0	0	0	0	0	0							1243				1243	0.00	0	0	0	0	0	0	0	0	0	0		["理工"]	["省属"]
11589	12397	NULL	湖南交通职业技术学院	湖南	长沙市	专科		理工	公办	省政府	2	2	2	0	0	0	0	0	0													0	0	0	0	0	0	0	0	0	0		["理工"]	["省属", "双高计划", "高水平专业群建设单位", "国家级示范"]
10616	10553	NULL	湖南人文科技学院	湖南	娄底市	本科		综合	公办	省政府	2	2	2	0	0	0	0	0	0			490				862	382			862	0.00	1	0	0	0	0	0	0	0	0	0		["综合"]	["省属", "硕博点"]
11654	12423	NULL	湖南体育职业学院	湖南	长沙市	专科		体育	公办	省政府	2	2	2	0	0	0	0	0	0													0	0	0	0	0	0	0	0	0	0		["体育"]	
11305	13836	NULL	湖南信息学院	湖南	长沙市	本科		理工	民办	省教育厅	2	2	2	0	0	0	0	0	0							1199				1199	0.00	0	0	0	0	0	0	0	0	0	0		["理工"]	["省属"]
11596	10865	NULL	湖南信息职业技术学院	湖南	长沙市	专科		理工	公办	省政府	2	2	2	0	0	0	0	0	0													0	0	0	0	0	0	0	0	0	0		["理工"]	
10176	10537	NULL	湖南农业大学	湖南	长沙市	本科	区域特色研究型	农林	公办	省政府	2	2	2	0	0	0	0	0	0			166		188		328	99			328	0.00	24	12	0	0	3	0	0	0	0	0		["农林"]	["研究生院", "保研", "省属", "省部共建", "硕博点"]
11273	12653	NULL	湖南农业大学东方科技学院	湖南	长沙市	本科		综合	民办	省教育厅	2	2	2	0	0	0	0	0	0							927				927	0.00	0	0	0	0	0	0	0	0	0	0		["综合"]	
12809	14508	NULL	湖南劳动人事职业学院	湖南	长沙市	专科		理工	公办	省政府	2	2	2	0	0	0	0	0	0													0	0	0	0	0	0	0	0	0	0		["理工"]	["省属"]
11496	13043	NULL	湖南化工职业技术学院	湖南	株洲市	专科		理工	公办	省政府	2	2	2	0	0	0	0	0	0													0	0	0	0	0	0	0	0	0	0		["理工"]	["省属", "双高计划", "高水平专业群建设单位", "现代学徒制试点学院"]
10866	12214	NULL	湖南医药学院	湖南	怀化市	本科		医药	公办	省政府	2	2	2	0	0	0	0	0	0			500				835	399			835	0.00	0	0	0	0	0	0	0	0	0	0		["医药"]	["省属"]
12477	12601	NULL	湖南司法警官职业学院	湖南	长沙市	专科		政法	公办	省政府	2	2	2	0	0	0	0	0	0													0	0	0	0	0	0	0	0	0	0		["政法"]	
12798	14406	NULL	湖南吉利汽车职业技术学院	湖南	湘潭市	专科		理工	民办	省教育厅	2	2	2	0	0	0	0	0	0													0	0	0	0	0	0	0	0	0	0		["理工"]	
12091	12401	NULL	湖南商务职业技术学院	湖南	长沙市	专科		财经	公办	省政府	2	2	2	0	0	0	0	0	0													0	0	0	0	0	0	0	0	0	0		["财经"]	["省属"]
12537	14182	NULL	湖南国防工业职业技术学院	湖南	湘潭市	专科		理工	公办	省政府	2	2	2	0	0	0	0	0	0													0	0	0	0	0	0	0	0	0	0		["理工"]	["省属"]
10581	11527	NULL	湖南城市学院	湖南	益阳市	本科		综合	公办	省政府	2	2	2	0	0	0	0	0	0			463				820	341			820	0.00	12	0	0	0	1	0	0	0	0	0		["综合"]	["省属"]
11998	13044	NULL	湖南城建职业技术学院	湖南	湘潭市	专科		理工	公办	省政府	2	2	2	0	0	0	0	0	0													0	0	0	0	0	0	0	0	0	0		["理工"]	
12566	14072	NULL	湖南外国语职业学院	湖南	长沙市	专科		语言	民办	省教育厅	2	2	2	0	0	0	0	0	0													0	0	0	0	0	0	0	0	0	0		["语言"]	
12113	12597	NULL	湖南外贸职业学院	湖南	长沙市	专科		财经	公办	省政府	2	2	2	0	0	0	0	0	0													0	0	0	0	0	0	0	0	0	0		["财经"]	
11930	12300	NULL	湖南大众传媒职业技术学院	湖南	长沙市	专科		艺术	公办	省政府	2	2	2	0	0	0	0	0	0													0	0	0	0	0	0	0	0	0	0		["艺术"]	["双高计划", "国家级骨干"]
10045	10532	NULL	湖南大学	湖南	长沙市	本科	研究型	综合	公办	教育部	1	1	1	1	1	1	1	0	1			31	34	12		33	32			33	0.00	47	37	0	0	12	0	0	0	0	0		["综合"]	["985", "211", "双一流", "101计划", "研究生院(部)", "保研", "国重点", "部委院校", "省部共建", "硕博点"]
10724	11538	NULL	湖南女子学院	湖南	长沙市	本科		语言	公办	省政府	2	2	2	0	0	0	0	0	0			500				743	416			743	0.00	0	0	0	0	0	0	0	0	0	0		["语言"]	
12187	14025	NULL	湖南安全技术职业学院	湖南	长沙市	专科		综合	公办	省政府	2	2	2	0	0	0	0	0	0													0	0	0	0	0	0	0	0	0	0		["综合"]	["省部共建"]
10439	11535	NULL	湖南工业大学	湖南	株洲市	本科	应用型	理工	公办	省政府	2	2	2	0	0	0	0	0	0			293		184		416	234			416	0.00	73	3	0	0	0	0	0	0	0	0		["理工"]	["研究生院", "省部共建", "硕博点"]
11326	12604	NULL	湖南工业大学科技学院	湖南	株洲市	本科		综合	民办	省教育厅	2	2	2	0	0	0	0	0	0							916						0	0	0	0	0	0	0	0	0	0		["综合"]	
11445	10830	NULL	湖南工业职业技术学院	湖南	长沙市	专科		理工	公办	省政府	2	2	2	0	0	0	0	0	0													0	0	0	0	0	0	0	0	0	0		["理工"]	["双高计划", "高水平专业群建设单位", "国家级示范"]
10289	10554	NULL	湖南工商大学	湖南	长沙市	本科	应用型	财经	公办	省政府	2	2	2	0	0	0	0	0	0			267				279	234			279	0.00	44	1	0	0	2	0	0	0	0	0		["财经"]	["研究生院", "保研", "省属", "硕博点"]
11471	14310	NULL	湖南工商职业学院	湖南	衡阳市	专科		理工	民办	省教育厅	2	2	2	0	0	0	0	0	0													0	0	0	0	0	0	0	0	0	0		["理工"]	
10617	11528	NULL	湖南工学院	湖南	衡阳市	本科		理工	公办	省政府	2	2	2	0	0	0	0	0	0			471				709	399			709	0.00	0	0	0	0	0	0	0	0	0	0		["理工"]	["省属"]
10583	11342	NULL	湖南工程学院	湖南	湘潭市	本科		理工	公办	省政府	2	2	2	0	0	0	0	0	0			406		416		573	300			573	0.00	2	0	0	0	0	0	0	0	0	0		["理工"]	["研究生院", "省属", "硕博点"]
11332	12660	NULL	湖南工程学院应用技术学院	湖南	湘潭市	本科		理工	民办	省教育厅	2	2	2	0	0	0	0	0	0							963				963	0.00	0	0	0	0	0	0	0	0	0	0		["理工"]	
12582	12425	NULL	湖南工程职业技术学院	湖南	长沙市	专科		理工	公办	省政府	2	2	2	0	0	0	0	0	0													0	0	0	0	0	0	0	0	0	0		["理工"]	
12505	13921	NULL	湖南工艺美术职业学院	湖南	益阳市	专科		艺术	公办	省政府	2	2	2	0	0	0	0	0	0													0	0	0	0	0	0	0	0	0	0		["艺术"]	["省属", "双高计划", "高水平专业群建设单位", "国家级骨干", "现代学徒制试点学院"]
10092	10542	NULL	湖南师范大学	湖南	长沙市	本科	区域特色研究型	师范	公办	省政府	2	1	1	0	1	1	0	0	0			92		212		95	51			95	0.00	90	60	0	0	3	0	0	0	0	0		["师范"]	["211", "双一流", "研究生院", "保研", "国重点", "省属", "省部共建", "硕博点"]
11916	14468	NULL	湖南幼儿师范高等专科学校	湖南	常德市	专科		师范	公办	省政府	2	2	2	0	0	0	0	0	0													0	0	0	0	0	0	0	0	0	0		["师范"]	
11306	13809	NULL	湖南应用技术学院	湖南	常德市	本科		综合	民办	省教育厅	2	2	2	0	0	0	0	0	0							1176				1176	0.00	0	0	0	0	0	0	0	0	0	0		["综合"]	
10561	10549	NULL	湖南文理学院	湖南	常德市	本科		综合	公办	省政府	2	2	2	0	0	0	0	0	0			455				583	281			583	0.00	6	0	0	0	1	0	0	0	0	0		["综合"]	["研究生院", "省属", "硕博点"]
12771	14360	NULL	湖南有色金属职业技术学院	湖南	株洲市	专科		理工	公办	省政府	2	2	2	0	0	0	0	0	0													0	0	0	0	0	0	0	0	0	0		["理工"]	["省部共建"]
11683	13033	NULL	湖南机电职业技术学院	湖南	长沙市	专科		理工	公办	省政府	2	2	2	0	0	0	0	0	0													0	0	0	0	0	0	0	0	0	0		["理工"]	
11722	13804	NULL	湖南民族职业学院	湖南	岳阳市	专科		民族	公办	省政府	2	2	2	0	0	0	0	0	0													0	0	0	0	0	0	0	0	0	0			
12050	13939	NULL	湖南水利水电职业技术学院	湖南	长沙市	专科		理工	公办	省政府	2	2	2	0	0	0	0	0	0													0	0	0	0	0	0	0	0	0	0		["理工"]	["省属"]
11735	13937	NULL	湖南汽车工程职业大学	湖南	株洲市	本科		理工	公办	省政府	2	2	2	0	0	0	0	0	0							757				757	0.00	0	0	0	0	0	0	0	0	0	0		["理工"]	["双高计划", "高水平专业群建设单位", "现代学徒制试点学院"]
11235	12303	NULL	湖南涉外经济学院	湖南	长沙市	本科		财经	民办	省教育厅	2	2	2	0	0	0	0	0	0							1197				1197	0.00	0	0	0	0	0	0	0	0	0	0		["财经"]	
11475	12739	NULL	湖南环境生物职业技术学院	湖南	衡阳市	专科		综合	公办	省政府	2	2	2	0	0	0	0	0	0													0	0	0	0	0	0	0	0	0	0		["综合"]	["省属", "现代学徒制试点学院"]
12157	13940	NULL	湖南现代物流职业技术学院	湖南	长沙市	专科		理工	公办	省政府	2	2	2	0	0	0	0	0	0													0	0	0	0	0	0	0	0	0	0		["理工"]	["省重点", "现代学徒制试点学院"]
10459	10543	NULL	湖南理工大学	湖南	岳阳市	本科	应用型	理工	公办	省政府	2	2	2	0	0	0	0	0	0			310		417		544	281			544	0.00	11	0	0	0	0	0	0	0	0	0		["理工"]	["省属", "硕博点"]
12586	13923	NULL	湖南理工职业技术学院	湖南	湘潭市	专科		综合	公办	省政府	2	2	2	0	0	0	0	0	0													0	0	0	0	0	0	0	0	0	0		["综合"]	["现代学徒制试点学院"]
11666	12343	NULL	湖南生物机电职业技术学院	湖南	长沙市	专科		理工	公办	省政府	2	2	2	0	0	0	0	0	0													0	0	0	0	0	0	0	0	0	0		["理工"]	["双高计划", "高水平专业群建设单位", "现代学徒制试点学院"]
12590	14122	NULL	湖南电子科技职业学院	湖南	长沙市	专科		综合	民办	省教育厅	2	2	2	0	0	0	0	0	0													0	0	0	0	0	0	0	0	0	0		["综合"]	
12513	14071	NULL	湖南电气职业技术学院	湖南	湘潭市	专科		理工	公办	省政府	2	2	2	0	0	0	0	0	0													0	0	0	0	0	0	0	0	0	0		["理工"]	
12495	13045	NULL	湖南石油化工职业技术学院	湖南	岳阳市	专科		理工	公办	省政府	2	2	2	0	0	0	0	0	0													0	0	0	0	0	0	0	0	0	0		["理工"]	["省属", "现代学徒制试点学院"]
10234	10534	NULL	湖南科技大学	湖南	湘潭市	本科	区域研究型	综合	公办	省政府	2	2	2	0	0	0	0	0	0			189		202		256	243			256	0.00	31	9	0	0	0	0	0	0	0	0		["综合"]	["研究生院", "保研", "省部共建", "硕博点"]
11193	12649	NULL	湖南科技大学潇湘学院	湖南	湘潭市	本科		综合	民办	省教育厅	2	2	2	0	0	0	0	0	0							873				873	0.00	0	0	0	0	0	0	0	0	0	0		["综合"]	
10584	10551	NULL	湖南科技学院	湖南	永州市	本科		综合	公办	省政府	2	2	2	0	0	0	0	0	0			462				865	341			865	0.00	8	0	0	0	1	0	0	0	0	0		["综合"]	["研究生院"]
11677	12304	NULL	湖南科技职业学院	湖南	长沙市	专科		综合	公办	省政府	2	2	2	0	0	0	0	0	0													0	0	0	0	0	0	0	0	0	0		["综合"]	["省属", "国家级骨干"]
10588	12034	NULL	湖南第一师范学院	湖南	长沙市	本科		师范	公办	省政府	2	2	2	0	0	0	0	0	0			346				515	297			515	0.00	3	0	0	0	0	0	0	0	0	0		["师范"]	["研究生院", "省属", "硕博点"]
11922	12598	NULL	湖南网络工程职业学院	湖南	长沙市	专科		综合	公办	省政府	2	2	2	0	0	0	0	0	0													0	0	0	0	0	0	0	0	0	0		["综合"]	["省属"]
12137	13032	NULL	湖南艺术职业学院	湖南	长沙市	专科		艺术	公办	省政府	2	2	2	0	0	0	0	0	0													0	0	0	0	0	0	0	0	0	0		["艺术"]	
10723	11534	NULL	湖南警察学院	湖南	长沙市	本科		政法	公办	省政府	2	2	2	0	0	0	0	0	0			440				371	447			371	0.00	0	0	0	0	0	0	0	0	0	0		["政法"]	
10606	11532	NULL	湖南财政经济学院	湖南	长沙市	本科		财经	公办	省政府	2	2	2	0	0	0	0	0	0			403				554	382			554	0.00	3	0	0	0	0	0	0	0	0	0		["财经"]	["硕博点"]
11936	13807	NULL	湖南财经工业职业技术学院	湖南	衡阳市	专科		综合	公办	省政府	2	2	2	0	0	0	0	0	0													0	0	0	0	0	0	0	0	0	0		["综合"]	
11380	13925	NULL	湖南软件职业技术大学	湖南	湘潭市	本科		理工	民办	省教育厅	2	2	2	0	0	0	0	0	0							1114				1114	0.00	0	0	0	0	0	0	0	0	0	0		["理工"]	
12300	12845	NULL	湖南邮电职业技术学院	湖南	长沙市	专科		理工	公办	省政府	2	2	2	0	0	0	0	0	0													0	0	0	0	0	0	0	0	0	0		["理工"]	["现代学徒制试点学院"]
12111	14121	NULL	湖南都市职业学院	湖南	长沙市	专科		综合	民办	省教育厅	2	2	2	0	0	0	0	0	0													0	0	0	0	0	0	0	0	0	0		["综合"]	
12550	13942	NULL	湖南铁路科技职业技术学院	湖南	株洲市	专科		理工	公办	省政府	2	2	2	0	0	0	0	0	0													0	0	0	0	1	0	0	0	0	0		["理工"]	
11799	12302	NULL	湖南铁道职业技术学院	湖南	株洲市	专科		综合	公办	省政府	2	2	2	0	0	0	0	0	0													0	0	0	0	0	0	0	0	0	0		["综合"]	["双高计划", "高水平学校建设单位", "国家级示范", "现代学徒制试点学院"]
12382	14359	NULL	湖南食品药品职业学院	湖南	长沙市	专科		医药	公办	省政府	2	2	2	0	0	0	0	0	0													0	0	0	0	0	0	0	0	0	0		["医药"]	
12587	14309	NULL	湖南高尔夫旅游职业学院	湖南	常德市	专科		综合	民办	省教育厅	2	2	2	0	0	0	0	0	0													0	0	0	0	0	0	0	0	0	0		["综合"]	
12221	13941	NULL	湖南高速铁路职业技术学院	湖南	衡阳市	专科		理工	公办	省政府	2	2	2	0	0	0	0	0	0													0	0	0	0	0	0	0	0	0	0		["理工"]	
70647	14916	NULL	湖州健康职业学院	浙江	湖州市	专科		医药	民办		2	2	2	0	0	0	0	0	0													0	0	0	0	0	0	0	0	0	0		["医药"]	
11018	13287	NULL	湖州学院	浙江	湖州市	本科		综合	公办	省政府	2	2	2	0	0	0	0	0	0			370				464	500			464	0.00	0	0	0	0	0	0	0	0	0	0		["综合"]	["省属"]
10580	10347	NULL	湖州师范大学	浙江	湖州市	本科		师范	公办	省政府	2	2	2	0	0	0	0	0	0			234		126		442	187			442	0.00	23	0	0	0	0	0	0	0	0	0		["师范"]	["研究生院", "省属", "硕博点"]
11526	12875	NULL	湖州职业技术学院	浙江	湖州市	专科		综合	公办	省政府	2	2	2	0	0	0	0	0	0													0	0	0	0	0	0	0	0	0	0		["综合"]	
11409	15496	NULL	湘中幼儿师范高等专科学校	湖南	邵阳市	专科		师范	公办	省政府	2	2	2	0	0	0	0	0	0													0	0	0	0	0	0	0	0	0	0		["师范"]	
10635	10545	NULL	湘南学院	湖南	郴州市	本科		综合	公办	省政府	2	2	2	0	0	0	0	0	0			405				703	416			703	0.00	0	0	0	0	0	0	0	0	0	0		["综合"]	["省属"]
12318	14495	NULL	湘南幼儿师范高等专科学校	湖南	郴州市	专科		师范	公办	省政府	2	2	2	0	0	0	0	0	0													0	0	0	0	0	0	0	0	0	0		["师范"]	
11609	12846	NULL	湘潭医卫职业技术学院	湖南	湘潭市	专科		医药	公办	省政府	2	2	2	0	0	0	0	0	0													0	0	0	0	0	0	0	0	0	0		["医药"]	
10169	10530	NULL	湘潭大学	湖南	湘潭市	本科	区域研究型	综合	公办	省政府	2	2	1	0	0	1	1	0	1			117		195		134	97			134	0.00	33	18	0	0	1	0	0	0	0	0		["综合"]	["双一流", "101计划", "研究生院", "保研", "国重点", "省属", "省部共建", "硕博点"]
11168	12599	NULL	湘潭大学兴湘学院	湖南	湘潭市	本科		综合	民办	省教育厅	2	2	2	0	0	0	0	0	0							973						0	0	0	0	0	0	0	0	0	0		["综合"]	
11206	12651	NULL	湘潭理工学院	湖南	湘潭市	本科		理工	民办	省教育厅	2	2	2	0	0	0	0	0	0							1135				1135	0.00	0	0	0	0	0	0	0	0	0	0		["理工"]	
12715	50812	NULL	湘潭科技职业学院	湖南	湘潭市	专科		综合	公办	中国教育部	2	2	2	0	0	0	0	0	0													0	0	0	0	1	0	0	0	0	0		["综合"]	
11802	13805	NULL	湘西民族职业技术学院	湖南	湘西土家族苗族自治州	专科		民族	公办	省政府	2	2	2	0	0	0	0	0	0													0	0	0	0	0	0	0	0	0	0		["民族"]	["省属"]
12864	50853	NULL	湛江幼儿师范专科学校	广东	湛江市	专科		师范	公办	省政府	2	2	2	0	0	0	0	0	0													0	0	0	0	0	0	0	0	0	0		["师范"]	
11212	12622	NULL	湛江科技学院	广东	湛江市	本科		综合	民办	省教育厅	2	2	2	0	0	0	0	0	0							1297				1297	0.00	0	0	0	0	0	0	0	0	0	0		["综合"]	
12255	14297	NULL	滁州城市职业学院	安徽	滁州市	专科		综合	公办	省政府	2	2	2	0	0	0	0	0	0													0	0	0	0	0	0	0	0	0	0		["综合"]	
10608	10377	NULL	滁州学院	安徽	滁州市	本科		综合	公办	省政府	2	2	2	0	0	0	0	0	0			435				797	341			797	0.00	3	0	0	0	0	0	0	0	0	0		["综合"]	["省属"]
11729	13059	NULL	滁州职业技术学院	安徽	滁州市	专科		综合	公办	省政府	2	2	2	0	0	0	0	0	0													0	0	0	0	0	0	0	0	0	0		["综合"]	["省属", "现代学徒制试点学院"]
11085	13326	NULL	滇池学院	云南	昆明市	本科		综合	民办	省教育厅	2	2	2	0	0	0	0	0	0							1084				1084	0.00	0	0	0	0	0	0	0	0	0	0		["综合"]	
10885	14623	NULL	滇西应用技术大学	云南	大理白族自治州	本科		综合	公办	省政府	2	2	2	0	0	0	0	0	0			500				686	500			686	0.00	0	0	0	0	0	0	0	0	0	0		["综合"]	["省属", "省部共建"]
10893	14092	NULL	滇西科技师范学院	云南	临沧市	本科		师范	公办	省政府	2	2	2	0	0	0	0	0	0			500				699	500			699	0.00	0	0	0	0	0	0	0	0	0	0		["师范"]	["省属"]
12338	14285	NULL	满洲里俄语职业学院	内蒙古	呼伦贝尔市	专科		语言	公办	自治区政府	2	2	2	0	0	0	0	0	0													0	0	0	0	0	0	0	0	0	0		["语言"]	
70089	14749	NULL	滨州科技职业学院	山东	滨州市	专科		理工	民办	省教育厅	2	2	2	0	0	0	0	0	0													0	0	0	0	0	0	0	0	0	0		["理工"]	
11446	12818	NULL	滨州职业技术大学	山东	滨州市	本科		综合	公办	省政府	2	2	2	0	0	0	0	0	0													0	0	0	0	0	0	0	0	0	0		["综合"]	["双高计划", "高水平学校建设单位", "国家级骨干", "现代学徒制试点学院"]
11438	13780	NULL	漯河医学高等专科学校	河南	漯河市	专科		医药	公办	省政府	2	2	2	0	0	0	0	0	0													0	0	0	0	0	0	0	0	0	0		["医药"]	["省属"]
11547	10835	NULL	漯河职业技术学院	河南	漯河市	专科		综合	公办	省政府	2	2	2	0	0	0	0	0	0													0	0	0	0	0	0	0	0	0	0		["综合"]	["现代学徒制试点学院"]
12458	14233	NULL	漯河食品工程职业大学	河南	漯河市	本科		综合	民办	省教育厅	2	2	2	0	0	0	0	0	0							1005				1005	0.00	0	0	0	0	0	0	0	0	0	0		["综合"]	
11875	14117	NULL	漳州卫生职业学院	福建	漳州市	专科		医药	公办	省政府	2	2	2	0	0	0	0	0	0													0	0	0	0	0	0	0	0	0	0			
12131	14110	NULL	漳州城市职业学院	福建	漳州市	专科		综合	公办	省政府	2	2	2	0	0	0	0	0	0													0	0	0	0	0	0	0	0	0	0		["综合"]	
11915	14115	NULL	漳州理工职业学院	福建	漳州市	专科		理工	民办	省教育厅	2	2	2	0	0	0	0	0	0													0	0	0	0	0	0	0	0	0	0		["理工"]	
12769	14113	NULL	漳州科技职业学院	福建	漳州市	专科		综合	民办	省教育厅	2	2	2	0	0	0	0	0	0													0	0	0	0	0	0	0	0	0	0		["综合"]	
11484	11314	NULL	漳州职业技术学院	福建	漳州市	专科		理工	公办	省政府	2	2	2	0	0	0	0	0	0													0	0	0	0	0	0	0	0	0	0			
12607	13042	NULL	潇湘职业学院	湖南	娄底市	专科		综合	民办	省教育厅	2	2	2	0	0	0	0	0	0													0	0	0	0	0	0	0	0	0	0		["综合"]	
10747	11067	NULL	潍坊学院	山东	潍坊市	本科		综合	公办	省政府	2	2	2	0	0	0	0	0	0			403				680	363			680	0.00	3	0	0	0	1	0	0	0	0	0		["综合"]	["省属"]
11927	13388	NULL	潍坊工商职业学院	山东	潍坊市	专科		综合	民办	省教育厅	2	2	2	0	0	0	0	0	0													0	0	0	0	0	0	0	0	0	0		["综合"]	
11770	14379	NULL	潍坊工程职业学院	山东	潍坊市	专科		理工	公办	省政府	2	2	2	0	0	0	0	0	0													0	0	0	0	0	0	0	0	0	0		["理工"]	["双高计划"]
11977	14347	NULL	潍坊护理职业学院	山东	潍坊市	专科		医药	公办	省政府	2	2	2	0	0	0	0	0	0													0	0	0	0	0	0	0	0	0	0		["医药"]	
12079	14710	NULL	潍坊环境工程职业学院	山东	潍坊市	专科		理工	民办	省教育厅	2	2	2	0	0	0	0	0	0													0	0	0	0	0	0	0	0	0	0		["理工"]	
11325	13379	NULL	潍坊理工学院	山东	潍坊市	本科		理工	民办	省教育厅	2	2	2	0	0	0	0	0	0							1078				1078	0.00	0	0	0	0	0	0	0	0	0	0		["理工"]	
11070	12843	NULL	潍坊科技学院	山东	潍坊市	本科		综合	民办	省教育厅	2	2	2	0	0	0	0	0	0							1000				1000	0.00	0	0	0	0	0	0	0	0	0	0		["综合"]	
11480	12391	NULL	潍坊职业学院	山东	潍坊市	专科		综合	公办	省政府	2	2	2	0	0	0	0	0	0													0	0	0	0	0	0	0	0	0	0		["综合"]	["双高计划", "高水平专业群建设单位", "现代学徒制试点学院"]
70364	14810	NULL	潍坊食品科技职业学院	山东	潍坊市	专科		理工	民办	省教育厅	2	2	2	0	0	0	0	0	0													0	0	0	0	0	0	0	0	0	0		["理工"]	
12046	13695	NULL	潞安职业技术学院	山西	长治市	专科		理工	公办	省政府	2	2	2	0	0	0	0	0	0													0	0	0	0	0	0	0	0	0	0		["理工"]	
12689	10965	NULL	潮汕职业技术学院	广东	揭阳市	专科		综合	民办	省教育厅	2	2	2	0	0	0	0	0	0													0	0	0	0	0	0	0	0	0	0		["综合"]	
70399		NULL	澳门保安部队高等学校	澳门	澳门	本科				澳门特区保安司	2	2	2	0	0	0	0	0	0							412						0	0	0	0	0	0	0	0	0	0			
10225		NULL	澳门城市大学	澳门	澳门	本科	应用型	综合	民办	澳门特区政府	2	2	2	0	0	0	0	0	0							146						19	13	0	0	0	0	0	0	0	0		["综合"]	["硕博点"]
10070	5	NULL	澳门大学	澳门	澳门	本科	研究型	综合	公办	澳门特区政府	2	2	2	0	0	0	0	0	0							57						39	33	0	0	0	0	0	0	0	0		["综合"]	["研究生院", "国重点"]
11009		NULL	澳门旅游大学	澳门	澳门	本科		综合	公办	澳门特区社会文化司	2	2	2	0	0	0	0	0	0							332						0	0	0	0	0	0	0	0	0	0		["综合"]	
10657		NULL	澳门理工大学	澳门	澳门	本科		理工	公办	澳门特区政府	2	2	2	0	0	0	0	0	0							118						10	7	0	0	0	0	0	0	0	0		["理工"]	["硕博点"]
10156		NULL	澳门科技大学	澳门	澳门	本科	应用型	综合	民办	澳门特区政府	2	2	2	0	0	0	0	0	0							132						32	29	0	0	0	0	0	0	0	0		["综合"]	["研究生院", "硕博点"]
70397		NULL	澳门管理学院	澳门	澳门	本科			民办	澳门管理专业协会	2	2	2	0	0	0	0	0	0							995						0	0	0	0	0	0	0	0	0	0			
11195	14	NULL	澳门镜湖护理学院	澳门	澳门	本科		医药	民办	澳门特别行政区	2	2	2	0	0	0	0	0	0							496						2	1	0	0	0	0	0	0	0	0		["医药"]	["硕博点"]
11413	14597	NULL	濮阳医学高等专科学校	河南	濮阳市	专科		医药	公办	省政府	2	2	2	0	0	0	0	0	0													0	0	0	0	0	0	0	0	0	0		["医药"]	
11865	14713	NULL	濮阳石油化工职业技术学院	河南	濮阳市	专科		理工	公办	省政府	2	2	2	0	0	0	0	0	0													0	0	0	0	0	0	0	0	0	0			
70341	14790	NULL	濮阳科技职业学院	河南	濮阳市	专科		理工	公办	省政府	2	2	2	0	0	0	0	0	0													0	0	0	0	0	0	0	0	0	0		["理工"]	
11507	11787	NULL	濮阳职业技术学院	河南	濮阳市	专科		理工	公办	省政府	2	2	2	0	0	0	0	0	0													0	0	0	0	0	0	0	0	0	0		["理工"]	
10189	91034	NULL	火箭军工程大学	陕西	西安市	本科	特色研究型	军事	公办	人民解放军火箭军	2	2	2	0	0	0	0	0	0					432		374						7	5	0	0	0	0	0	0	0	0		["军事"]	["国重点", "硕博点"]
12534	12919	NULL	炎黄职业技术学院	江苏	淮安市	专科		理工	民办	省教育厅	2	2	2	0	0	0	0	0	0													0	0	0	0	0	0	0	0	0	0		["理工"]	
11170	12332	NULL	烟台南山学院	山东	烟台市	本科		综合	民办	省教育厅	2	2	2	0	0	0	0	0	0							1101				1101	0.00	4	0	0	0	0	0	0	0	0	0		["综合"]	
70612	14859	NULL	烟台卫生健康职业学院	山东	烟台市	专科		医药	公办	省政府	2	2	2	0	0	0	0	0	0													0	0	0	0	0	0	0	0	0	0		["医药"]	
70366	14811	NULL	烟台城市科技职业学院	山东	烟台市	专科		综合	民办	省教育厅	2	2	2	0	0	0	0	0	0													0	0	0	0	0	0	0	0	0	0		["综合"]	
10364	11066	NULL	烟台大学	山东	烟台市	本科	区域特色研究型	综合	公办	省政府	2	2	2	0	0	0	0	0	0			224		241		379	211			379	0.00	25	3	0	0	1	0	0	0	0	0		["综合"]	["省重点", "省属", "硕博点"]
11495	13355	NULL	烟台工程职业技术学院	山东	烟台市	专科		理工	公办	省政府	2	2	2	0	0	0	0	0	0													0	0	0	0	0	0	0	0	0	0			
11868	14689	NULL	烟台幼儿师范高等专科学校	山东	烟台市	专科		师范	公办	省政府	2	2	2	0	0	0	0	0	0													0	0	0	0	0	0	0	0	0	0		["师范"]	
11869	14707	NULL	烟台文化旅游职业学院	山东	烟台市	专科		综合	公办	省政府	2	2	2	0	0	0	0	0	0													0	0	0	0	0	0	0	0	0	0		["综合"]	
12372	14081	NULL	烟台汽车工程职业学院	山东	烟台市	专科		理工	公办	省政府	2	2	2	0	0	0	0	0	0													0	0	0	0	0	0	0	0	0	0		["理工"]	
11310	13359	NULL	烟台理工学院	山东	烟台市	本科		综合	民办	省教育厅	2	2	2	0	0	0	0	0	0							1069				1069	0.00	0	0	0	0	0	0	0	0	0	0		["综合"]	
11053	14002	NULL	烟台科技学院	山东	烟台市	本科		综合	民办	省教育厅	2	2	2	0	0	0	0	0	0							1107				1107	0.00	0	0	0	0	0	0	0	0	0	0		["综合"]	
11440	12396	NULL	烟台职业学院	山东	烟台市	专科		综合	公办	省政府	2	2	2	0	0	0	0	0	0													0	0	0	0	0	0	0	0	0	0		["综合"]	["双高计划", "高水平专业群建设单位", "国家级骨干", "现代学徒制试点学院"]
12869	14570	NULL	烟台黄金职业学院	山东	烟台市	专科		综合	民办	省教育厅	2	2	2	0	0	0	0	0	0													0	0	0	0	0	0	0	0	0	0		["综合"]	
11520	11522	NULL	焦作大学	河南	焦作市	专科		综合	公办	省政府	2	2	2	0	0	0	0	0	0													0	0	0	0	0	0	0	0	0	0		["综合"]	
12625	14300	NULL	焦作工贸职业学院	河南	焦作市	专科		理工	民办	省教育厅	2	2	2	0	0	0	0	0	0													0	0	0	0	0	0	0	0	0	0		["理工"]	
11563	12950	NULL	焦作师范高等专科学校	河南	焦作市	专科		师范	公办	省政府	2	2	2	0	0	0	0	0	0													0	0	0	0	0	0	0	0	0	0		["师范"]	
70344	14793	NULL	焦作新材料职业学院	河南	焦作市	专科		理工	民办	省教育厅	2	2	2	0	0	0	0	0	0													0	0	0	0	0	0	0	0	0	0		["理工"]	
11087	13895	NULL	燕京理工学院	河北	廊坊市	本科		理工	民办	省教育厅	2	2	2	0	0	0	0	0	0							1081				1081	0.00	0	0	0	0	0	0	0	0	0	0		["理工"]	
10105	10216	NULL	燕山大学	河北	秦皇岛	本科	区域研究型	综合	公办	省政府	2	2	2	0	0	0	0	0	0			109		192		133	58			133	0.00	56	26	0	0	5	0	0	0	0	0		["综合"]	["研究生院", "保研", "国重点", "省属", "省部共建", "硕博点"]
11052	13592	NULL	燕山大学里仁学院	河北	秦皇岛	本科		理工	民办	省教育厅	2	2	2	0	0	0	0	0	0							679						0	0	0	0	0	0	0	0	0	0		["理工"]	
10813	10229	NULL	牡丹江医科大学	黑龙江	牡丹江市	本科		医药	公办	省政府	2	2	2	0	0	0	0	0	0			381				490	341			490	0.00	42	0	0	0	0	0	0	0	0	0		["医药"]	["省属", "硕博点"]
11393	11046	NULL	牡丹江大学	黑龙江	牡丹江市	专科		综合	公办	省政府	2	2	2	0	0	0	0	0	0													0	0	0	0	0	0	0	0	0	0		["综合"]	
10574	10233	NULL	牡丹江师范学院	黑龙江	牡丹江市	本科		师范	公办	省政府	2	2	2	0	0	0	0	0	0			468				775	356			775	0.00	56	0	0	0	0	0	0	0	0	0		["师范"]	["研究生院", "省属", "硕博点"]
10613	10606	NULL	玉林师范学院	广西	玉林市	本科		师范	公办	自治区政府	2	2	2	0	0	0	0	0	0			436				620	399			620	0.00	3	0	0	0	0	0	0	0	0	0		["师范"]	["省属", "硕博点"]
70609	14868	NULL	玉林职业技术学院	广西	玉林市	专科		综合	公办	自治区政府	2	2	2	0	0	0	0	0	0													0	0	0	0	0	0	0	0	0	0		["综合"]	
12886	14573	NULL	玉柴职业技术学院	广西	玉林市	专科		理工	民办	自治区教育厅	2	2	2	0	0	0	0	0	0													0	0	0	0	0	0	0	0	0	0		["理工"]	
12210	12971	NULL	玉溪农业职业技术学院	云南	玉溪市	专科		农林	公办	省政府	2	2	2	0	0	0	0	0	0													0	0	0	0	0	0	0	0	0	0		["农林"]	
10597	11390	NULL	玉溪师范学院	云南	玉溪市	本科		师范	公办	省政府	2	2	2	0	0	0	0	0	0			467				693	447			693	0.00	3	0	0	0	0	0	0	0	0	0		["师范"]	["省属"]
70333	14782	NULL	玉溪职业技术学院	云南	玉溪市	专科		综合	公办	省政府	2	2	2	0	0	0	0	0	0													0	0	0	0	0	0	0	0	0	0		["综合"]	
12178	13713	NULL	珠海城市职业技术学院	广东	珠海市	专科		综合	公办	省政府	2	2	2	0	0	0	0	0	0													0	0	0	0	0	0	0	0	0	0		["综合"]	["现代学徒制试点学院"]
70349	14798	NULL	珠海格力职业学院	广东	珠海市	专科		理工	民办	省教育厅	2	2	2	0	0	0	0	0	0													0	0	0	0	0	0	0	0	0	0		["理工"]	
11158	13684	NULL	珠海科技学院	广东	珠海市	本科		综合	民办	省教育厅	2	2	2	0	0	0	0	0	0							735				735	0.00	0	0	0	0	0	0	0	0	0	0		["综合"]	
12729	12576	NULL	珠海艺术职业学院	广东	珠海市	专科		艺术	民办	省教育厅	2	2	2	0	0	0	0	0	0													0	0	0	0	0	0	0	0	0	0		["艺术"]	
10902	13811	NULL	琼台师范学院	海南	海口市	本科		师范	公办	省政府	2	2	2	0	0	0	0	0	0			500				635	500			635	0.00	0	0	0	0	0	0	0	0	0	0		["师范"]	["省属"]
70086	14767	NULL	甘孜职业学院	四川	甘孜藏族自治州	专科		综合	公办	省政府	2	2	2	0	0	0	0	0	0													0	0	0	0	0	0	0	0	0	0		["综合"]	
10628	10735	NULL	甘肃中医药大学	甘肃	兰州市	本科		医药	公办	省政府	2	2	2	0	0	0	0	0	0			301				422	272			422	0.00	13	3	0	0	0	0	0	0	0	0		["医药"]	["研究生院", "保研", "省属", "省部共建", "硕博点"]
12624	13519	NULL	甘肃交通职业技术学院	甘肃	兰州市	专科		理工	公办	省政府	2	2	2	0	0	0	0	0	0													0	0	0	0	0	0	0	0	0	0		["理工"]	["省属", "现代学徒制试点学院"]
10320	10733	NULL	甘肃农业大学	甘肃	兰州市	本科	区域特色研究型	农林	公办	省政府	2	2	2	0	0	0	0	0	0			235		338		602	151			602	0.00	46	36	0	0	6	0	0	0	0	0		["农林"]	["研究生院", "保研", "省重点", "省属", "省部共建", "硕博点"]
12299	13954	NULL	甘肃农业职业技术学院	甘肃	兰州市	专科		农林	公办	省政府	2	2	2	0	0	0	0	0	0													0	0	0	0	0	0	0	0	0	0		["农林"]	["省属"]
10863	11805	NULL	甘肃医学院	甘肃	平凉市	本科		医药	公办	省政府	2	2	2	0	0	0	0	0	0			500				657	500			657	0.00	0	0	0	0	0	0	0	0	0	0		["医药"]	["省属"]
12476	14517	NULL	甘肃卫生职业学院	甘肃	兰州市	专科		医药	公办	省政府	2	2	2	0	0	0	0	0	0													0	0	0	0	0	0	0	0	0	0		["医药"]	
12314	12836	NULL	甘肃工业职业技术大学	甘肃	天水市	本科		理工	公办	省政府	2	2	2	0	0	0	0	0	0							993				993	0.00	0	0	0	0	0	0	0	0	0	0		["理工"]	["现代学徒制试点学院"]
12455	12511	NULL	甘肃建筑职业技术学院	甘肃	兰州市	专科		理工	公办	省政府	2	2	2	0	0	0	0	0	0													0	0	0	0	0	0	0	0	0	0		["理工"]	["现代学徒制试点学院"]
10483	11406	NULL	甘肃政法大学	甘肃	兰州市	本科	应用型	政法	公办	省政府	2	2	2	0	0	0	0	0	0			312				364	308			364	0.00	22	6	0	0	0	0	0	0	0	0		["政法"]	["研究生院", "省属", "硕博点"]
11604	14375	NULL	甘肃有色冶金职业技术学院	甘肃	金昌市	专科		理工	公办	省政府	2	2	2	0	0	0	0	0	0													0	0	0	0	0	0	0	0	0	0		["理工"]	["省属"]
12424	14319	NULL	甘肃机电职业技术学院	甘肃	天水市	专科		理工	公办	省政府	2	2	2	0	0	0	0	0	0													0	0	0	0	0	0	0	0	0	0		["理工"]	["省属"]
12140	12835	NULL	甘肃林业职业技术大学	甘肃	天水市	本科		农林	公办	省政府	2	2	2	0	0	0	0	0	0							981				981	0.00	0	0	0	0	0	0	0	0	0	0		["农林"]	["国家级示范"]
10772	11561	NULL	甘肃民族师范学院	甘肃	甘南藏族自治州	本科		师范	公办	省政府	2	2	2	0	0	0	0	0	0			500				830	399			830	0.00	0	0	0	0	0	0	0	0	0	0		["师范"]	["省属", "省部共建"]
11752	13955	NULL	甘肃畜牧工程职业技术学院	甘肃	武威市	专科		农林	公办	省政府	2	2	2	0	0	0	0	0	0													0	0	0	0	0	0	0	0	0	0		["农林"]	
12061	12834	NULL	甘肃警察学院	甘肃	兰州市	本科		政法	公办	省政府	2	2	2	0	0	0	0	0	0							576	500			576	0.00	0	0	0	0	0	0	0	0	0	0		["政法"]	
12885	51378	NULL	甘肃财贸职业学院	甘肃	兰州市	专科		财经	公办	省政府	2	2	2	0	0	0	0	0	0													0	0	0	0	0	0	0	0	0	0		["财经"]	["省属"]
12459	14131	NULL	甘肃钢铁职业技术学院	甘肃	嘉峪关	专科		理工	公办	省政府	2	2	2	0	0	0	0	0	0													0	0	0	0	0	0	0	0	0	0		["理工"]	
10053	10614	NULL	电子科技大学	四川	成都市	本科	特色研究型	理工	公办	教育部	1	1	1	1	1	1	1	0	1			33	35	16		18	30			18	0.00	33	24	0	0	4	0	0	0	0	0		["理工"]	["985", "211", "双一流", "101计划", "研究生院(部)", "保研", "国重点", "部委院校", "省部共建", "两电一邮", "硕博点"]
10054	10614	NULL	电子科技大学(沙河校区)	四川	成都市	本科	区域特色研究型	理工	公办	教育部	1	1	1	1	1	1	1	0	1							26				26	0.00	0	0	0	0	0	0	0	0	0	0		["理工"]	["985", "211", "双一流", "101计划", "保研", "国重点", "部委院校", "省部共建"]
11002	11545	NULL	电子科技大学中山学院	广东	中山市	本科		理工	民办	省教育厅	2	2	2	0	0	0	0	0	0							856				856	0.00	0	0	0	0	0	0	0	0	0	0		["理工"]	
11112	13665	NULL	电子科技大学成都学院	四川	成都市	本科		理工	民办	省教育厅	2	2	2	0	0	0	0	0	0							853				853	0.00	0	0	0	0	0	0	0	0	0	0		["理工"]	
12057	13743	NULL	白城医学高等专科学校	吉林	白城市	专科		医药	公办	省政府	2	2	2	0	0	0	0	0	0													0	0	0	0	0	0	0	0	0	0			
10618	10206	NULL	白城师范学院	吉林	白城市	本科		师范	公办	省政府	2	2	2	0	0	0	0	0	0			500				815	433			815	0.00	0	0	0	0	0	0	0	0	0	0		["师范"]	["省属"]
12109	14107	NULL	白城职业技术学院	吉林	白城市	专科		理工	公办	省政府	2	2	2	0	0	0	0	0	0													0	0	0	0	0	0	0	0	0	0		["理工"]	
70064	14772	NULL	白银希望职业技术学院	甘肃	白银市	专科		理工	民办	省教育厅	2	2	2	0	0	0	0	0	0													0	0	0	0	0	0	0	0	0	0		["理工"]	
11791	14376	NULL	白银矿冶职业技术学院	甘肃	白银市	专科		综合	公办	省政府	2	2	2	0	0	0	0	0	0													0	0	0	0	0	0	0	0	0	0			
10622	10609	NULL	百色学院	广西	百色市	本科		综合	公办	自治区政府	2	2	2	0	0	0	0	0	0			500				720	399			720	0.00	0	0	0	0	0	0	0	0	0	0		["综合"]	
12622	14068	NULL	百色职业学院	广西	百色市	专科		理工	公办	自治区政府	2	2	2	0	0	0	0	0	0													0	0	0	0	0	0	0	0	0	0		["理工"]	
12807	14502	NULL	皖北卫生职业学院	安徽	宿州市	专科		医药	公办	省政府	2	2	2	0	0	0	0	0	0													0	0	0	0	0	0	0	0	0	0		["医药"]	
10702	10368	NULL	皖南医科大学	安徽	芜湖市	本科		医药	公办	省政府	2	2	2	0	0	0	0	0	0			303		394		589	281			589	0.00	15	0	0	0	0	0	0	0	0	0		["医药"]	["研究生院", "保研", "省属", "硕博点"]
10956	14203	NULL	皖江工学院	安徽	马鞍山市	本科		理工	民办	省教育厅	2	2	2	0	0	0	0	0	0							1271				1271	0.00	0	0	0	0	0	0	0	0	0	0		["理工"]	
12129	14299	NULL	皖西卫生职业学院	安徽	六安市	专科		医药	公办	省政府	2	2	2	0	0	0	0	0	0													0	0	0	0	0	0	0	0	0	0		["医药"]	
10624	10376	NULL	皖西学院	安徽	六安市	本科		综合	公办	省政府	2	2	2	0	0	0	0	0	0			417				804	341			804	0.00	2	0	0	0	0	0	0	0	0	0		["综合"]	["省属", "硕博点"]
12009	14097	NULL	益阳医学高等专科学校	湖南	益阳市	专科		医药	公办	省政府	2	2	2	0	0	0	0	0	0													0	0	0	0	1	0	0	0	0	0		["医药"]	
70093	14774	NULL	益阳师范高等专科学校	湖南	益阳市	专科		师范	公办	省政府	2	2	2	0	0	0	0	0	0													0	0	0	0	0	0	0	0	0	0		["师范"]	
12197	13808	NULL	益阳职业技术学院	湖南	益阳市	专科		综合	公办	省政府	2	2	2	0	0	0	0	0	0													0	0	0	0	0	0	0	0	0	0		["综合"]	
70615	14853	NULL	盐城农业科技职业学院	江苏	盐城市	专科		综合	公办	省政府	2	2	2	0	0	0	0	0	0													0	0	0	0	0	0	0	0	0	0		["综合"]	
12650	13752	NULL	盐城工业职业技术学院	江苏	盐城市	专科		理工	公办	省政府	2	2	2	0	0	0	0	0	0													0	0	0	0	0	0	0	0	0	0		["理工"]	["省属"]
10682	10305	NULL	盐城工学院	江苏	盐城市	本科		理工	公办	省政府	2	2	2	0	0	0	0	0	0			334		298		805	308			805	0.00	20	0	0	0	0	0	0	0	0	0		["理工"]	["研究生院", "省属"]
10649	10324	NULL	盐城师范学院	江苏	盐城市	本科		师范	公办	省政府	2	2	2	0	0	0	0	0	0			350		389		747	297			747	0.00	3	0	0	0	0	0	0	0	0	0		["师范"]	["省属"]
12881	15466	NULL	盐城幼儿师范高等专科学校	江苏	盐城市	专科		师范	公办	省政府	2	2	2	0	0	0	0	0	0													0	0	0	0	0	0	0	0	0	0		["师范"]	
11947	12063	NULL	盘锦职业技术学院	辽宁	盘锦市	专科		综合	公办	省政府	2	2	2	0	0	0	0	0	0													0	0	0	0	0	0	0	0	0	0		["综合"]	
12343	12968	NULL	眉山职业技术学院	四川	眉山市	专科		综合	公办	省政府	2	2	2	0	0	0	0	0	0													0	0	0	0	0	0	0	0	0	0		["综合"]	["现代学徒制试点学院"]
12794	14640	NULL	眉山药科职业学院	四川	眉山市	专科		医药	民办	省教育厅	2	2	2	0	0	0	0	0	0													0	0	0	0	0	0	0	0	0	0		["医药"]	
11855	14739	NULL	石嘴山工贸职业技术学院	宁夏	石嘴山市	专科		理工	公办	自治区政府	2	2	2	0	0	0	0	0	0													0	0	0	0	0	0	0	0	0	0		["理工"]	
12166	14158	NULL	石家庄人民医学高等专科学校	河北	石家庄	专科		医药	民办	省教育厅	2	2	2	0	0	0	0	0	0													0	0	0	0	0	0	0	0	0	0		["医药"]	
11891	13073	NULL	石家庄信息工程职业学院	河北	石家庄	专科		理工	公办	省政府	2	2	2	0	0	0	0	0	0													0	0	0	0	0	0	0	0	0	0		["理工"]	["双高计划"]
70640	14909	NULL	石家庄农林职业学院	河北	石家庄	专科		农林	民办	河北省教育厅	2	2	2	0	0	0	0	0	0													0	0	0	0	0	0	0	0	0	0		["农林"]	
11647	14018	NULL	石家庄医学高等专科学校	河北	石家庄	专科		医药	民办	省教育厅	2	2	2	0	0	0	0	0	0													0	0	0	0	0	0	0	0	0	0		["医药"]	
12527	12783	NULL	石家庄城市经济职业学院	河北	石家庄	专科		综合	民办	省教育厅	2	2	2	0	0	0	0	0	0													0	0	0	0	0	0	0	0	0	0		["综合"]	
10817	10102	NULL	石家庄学院	河北	石家庄	本科		师范	公办	省政府	2	2	2	0	0	0	0	0	0			429				473	455			473	0.00	0	0	0	0	0	0	0	0	0	0		["师范"]	
12133	13399	NULL	石家庄工商职业学院	河北	石家庄	专科		财经	民办	省教育厅	2	2	2	0	0	0	0	0	0													0	0	0	0	0	0	0	0	0	0		["财经"]	
11980	12782	NULL	石家庄工程职业学院	河北	石家庄	专科		理工	民办	省教育厅	2	2	2	0	0	0	0	0	0													0	0	0	0	0	0	0	0	0	0		["理工"]	
11548	14328	NULL	石家庄幼儿师范高等专科学校	河北	石家庄	专科		师范	公办	省政府	2	2	2	0	0	0	0	0	0													0	0	0	0	0	0	0	0	0	0		["师范"]	["省属"]
11817	13400	NULL	石家庄理工职业学院	河北	石家庄	专科		理工	民办	省教育厅	2	2	2	0	0	0	0	0	0													0	0	0	0	0	0	0	0	0	0			
11790	13403	NULL	石家庄科技信息职业学院	河北	石家庄	专科		理工	民办	省教育厅	2	2	2	0	0	0	0	0	0													0	0	0	0	0	0	0	0	0	0		["理工"]	
12462	14213	NULL	石家庄科技职业学院	河北	石家庄	专科		理工	民办	省教育厅	2	2	2	0	0	0	0	0	0													0	0	0	0	0	0	0	0	0	0		["理工"]	
11433	14047	NULL	石家庄经济职业学院	河北	石家庄	专科		财经	民办	省教育厅	2	2	2	0	0	0	0	0	0													0	0	0	0	0	0	0	0	0	0		["财经"]	
11514	11238	NULL	石家庄职业技术学院	河北	石家庄	专科		综合	公办	省政府	2	2	2	0	0	0	0	0	0													0	0	0	0	0	0	0	0	0	0		["综合"]	["双高计划", "高水平专业群建设单位", "现代学徒制试点学院"]
11744	13070	NULL	石家庄财经职业学院	河北	石家庄	专科		财经	民办	省教育厅	2	2	2	0	0	0	0	0	0													0	0	0	0	0	0	0	0	0	0		["财经"]	["省属", "现代学徒制试点学院"]
11702	13397	NULL	石家庄邮电职业技术学院	河北	石家庄	专科		理工	公办	省政府	2	2	2	0	0	0	0	0	0													0	0	0	0	0	0	0	0	0	0		["理工"]	["双高计划", "高水平专业群建设单位", "现代学徒制试点学院"]
70639	14908	NULL	石家庄金融职业学院	河北	石家庄	专科		财经	民办		2	2	2	0	0	0	0	0	0													0	0	0	0	0	0	0	0	0	0		["财经"]	
11755	12424	NULL	石家庄铁路职业技术学院	河北	石家庄	专科		理工	公办	省政府	2	2	2	0	0	0	0	0	0													0	0	0	0	0	0	0	0	0	0			
10251	10107	NULL	石家庄铁道大学	河北	石家庄	本科	应用型	理工	公办	省政府	2	2	2	0	0	0	0	0	0			231		441		203	155			203	0.00	19	5	0	0	1	0	0	0	0	0		["理工"]	["研究生院", "保研", "国重点", "省重点", "省属", "省部共建", "硕博点"]
11110	13593	NULL	石家庄铁道大学四方学院	河北	石家庄	本科		理工	民办	省教育厅	2	2	2	0	0	0	0	0	0							840				840	0.00	0	0	0	0	0	0	0	0	0	0		["理工"]	
10305	10759	NULL	石河子大学	新疆	石河子市	本科	区域研究型	综合	公办	新疆生产建设兵团	2	1	1	0	1	1	0	0	0			135		325		336	238			336	0.00	32	14	0	0	1	0	0	0	0	0		["综合"]	["211", "双一流", "研究生院", "保研", "国重点", "省部共建", "硕博点"]
12735	14661	NULL	石河子工程职业技术学院	新疆	石河子市	专科		理工	公办	新疆生产建设兵团	2	2	2	0	0	0	0	0	0													0	0	0	0	0	0	0	0	0	0		["理工"]	
12399	12078	NULL	硅湖职业技术学院	江苏	苏州市	专科		理工	民办	省教育厅	2	2	2	0	0	0	0	0	0													0	0	0	0	0	0	0	0	0	0		["理工"]	
12790	14650	NULL	神木职业技术学院	陕西	榆林市	专科		理工	公办	省政府	2	2	2	0	0	0	0	0	0													0	0	0	0	0	0	0	0	0	0		["理工"]	
11408	16411	NULL	福州墨尔本理工职业学院	福建	福州市	专科		综合		省教育厅	2	2	2	0	0	0	0	0	0													0	0	0	0	0	0	0	0	0	0			
11291	13762	NULL	福州外语外贸学院	福建	福州市	本科		财经	民办	省教育厅	2	2	2	0	0	0	0	0	0							1268				1268	0.00	0	0	0	0	0	0	0	0	0	0		["财经"]	
10097	10386	NULL	福州大学	福建	福州市	本科	区域研究型	理工	公办	省政府	2	1	1	0	1	1	1	0	1			77		54		84	76			84	0.00	112	67	0	0	0	0	0	0	0	0		["理工"]	["211", "双一流", "101计划", "研究生院", "保研", "国重点", "省属", "省部共建", "硕博点"]
11115	13470	NULL	福州大学至诚学院	福建	福州市	本科		综合	民办	省教育厅	2	2	2	0	0	0	0	0	0							978				978	0.00	0	0	0	0	1	0	0	0	0	0		["综合"]	
11298	12993	NULL	福州工商学院	福建	福州市	本科		财经	民办	省教育厅	2	2	2	0	0	0	0	0	0							1294				1294	0.00	0	0	0	0	0	0	0	0	0	0		["财经"]	
11197	13773	NULL	福州理工学院	福建	福州市	本科		综合	民办	省教育厅	2	2	2	0	0	0	0	0	0							1285				1285	0.00	0	0	0	0	0	0	0	0	0	0		["综合"]	
12107	13769	NULL	福州科技职业技术学院	福建	福州市	专科		理工	民办	省教育厅	2	2	2	0	0	0	0	0	0													0	0	0	0	0	0	0	0	0	0		["理工"]	
11768	11502	NULL	福州职业技术学院	福建	福州市	专科		综合	公办	省政府	2	2	2	0	0	0	0	0	0													0	0	0	0	0	0	0	0	0	0		["综合"]	["双高计划", "高水平专业群建设单位", "现代学徒制试点学院"]
12010	12708	NULL	福州英华职业学院	福建	福州市	专科		综合	民办	省教育厅	2	2	2	0	0	0	0	0	0													0	0	0	0	0	0	0	0	0	0		["综合"]	
12522	13978	NULL	福州软件职业技术学院	福建	福州市	专科		综合	民办	省教育厅	2	2	2	0	0	0	0	0	0													0	0	0	0	0	0	0	0	0	0		["综合"]	
12523	13765	NULL	福州黎明职业技术学院	福建	福州市	专科		理工	民办	省教育厅	2	2	2	0	0	0	0	0	0													0	0	0	0	0	0	0	0	0	0		["理工"]	
10359	10393	NULL	福建中医药大学	福建	福州市	本科	应用型	医药	公办	省政府	2	2	2	0	0	0	0	0	0			176				373	260			373	0.00	30	12	0	0	1	0	0	0	0	0		["医药"]	["研究生院", "保研", "省重点", "省属", "省部共建", "硕博点"]
12019	14060	NULL	福建体育职业技术学院	福建	福州市	专科		体育	公办	省政府	2	2	2	0	0	0	0	0	0													0	0	0	0	0	0	0	0	0	0			
11619	12626	NULL	福建信息职业技术学院	福建	福州市	专科		理工	公办	省政府	2	2	2	0	0	0	0	0	0													0	0	0	0	0	0	0	0	0	0		["理工"]	["省属", "双高计划", "高水平专业群建设单位", "国家级骨干"]
12339	12630	NULL	福建农业职业技术学院	福建	福州市	专科		农林	公办	省政府	2	2	2	0	0	0	0	0	0													0	0	0	0	0	0	0	0	0	0		["农林"]	["省属"]
10144	10389	NULL	福建农林大学	福建	福州市	本科	区域特色研究型	农林	公办	省政府	2	2	2	0	0	0	0	0	0			122		94		355	94			355	0.00	72	30	0	0	0	0	0	0	0	0		["农林"]	["研究生院", "保研", "省重点", "省属", "省部共建", "硕博点"]
11236	14046	NULL	福建农林大学金山学院	福建	福州市	本科		综合	民办	省教育厅	2	2	2	0	0	0	0	0	0							1014				1014	0.00	0	0	0	0	0	0	0	0	0	0		["综合"]	
10353	10392	NULL	福建医科大学	福建	福州市	本科	区域特色研究型	医药	公办	省政府	2	2	2	0	0	0	0	0	0			126		271		244	180			244	0.00	55	34	0	0	1	0	0	0	0	0		["医药"]	["保研", "省重点", "省部共建", "硕博点"]
12776	11499	NULL	福建华南女子职业学院	福建	福州市	专科		综合	民办	省教育厅	2	2	2	0	0	0	0	0	0													0	0	0	0	0	0	0	0	0	0		["综合"]	
12020	12633	NULL	福建卫生职业技术学院	福建	福州市	专科		医药	公办	省政府	2	2	2	0	0	0	0	0	0													0	0	0	0	0	0	0	0	0	0			
10906	11313	NULL	福建商学院	福建	福州市	本科		财经	公办	省政府	2	2	2	0	0	0	0	0	0			500				736	481			736	0.00	0	0	0	0	0	0	0	0	0	0		["财经"]	["省属"]
10151	10394	NULL	福建师范大学	福建	福州市	本科	区域特色研究型	师范	公办	省政府	2	2	2	0	0	0	0	0	0			90		112		194	67			194	0.00	68	47	0	0	1	0	0	0	0	0		["师范"]	["研究生院", "保研", "省重点", "省属", "省部共建", "硕博点"]
11336	13472	NULL	福建师范大学协和学院	福建	福州市	本科		综合	民办	省教育厅	2	2	2	0	0	0	0	0	0							975				975	0.00	0	0	0	0	0	0	0	0	0	0		["综合"]	
12160	13972	NULL	福建幼儿师范高等专科学校	福建	福州市	专科		师范	公办	省政府	2	2	2	0	0	0	0	0	0													0	0	0	0	0	0	0	0	0	0		["师范"]	["省属"]
10909	14683	NULL	福建技术师范学院	福建	福州市	本科		师范	公办	省政府	2	2	2	0	0	0	0	0	0			477				682	500			682	0.00	0	0	0	0	0	0	0	0	0	0		["师范"]	["省属"]
12354	12625	NULL	福建林业职业技术学院	福建	南平市	专科		农林	公办	省政府	2	2	2	0	0	0	0	0	0													0	0	0	0	0	0	0	0	0	0		["农林"]	["省属", "国家级骨干", "现代学徒制试点学院"]
12219	12627	NULL	福建水利电力职业技术学院	福建	三明市	专科		理工	公办	省政府	2	2	2	0	0	0	0	0	0													0	0	0	0	0	0	0	0	0	0		["理工"]	
10748	13763	NULL	福建江夏学院	福建	福州市	本科		财经	公办	省政府	2	2	2	0	0	0	0	0	0			391				522	399			522	0.00	10	0	0	0	0	0	0	0	0	0		["财经"]	["省属", "硕博点"]
10469	10388	NULL	福建理工大学	福建	福州市	本科	应用型	理工	公办	省政府	2	2	2	0	0	0	0	0	0			275		289		354	265			354	0.00	8	1	0	0	6	0	0	0	0	0		["理工"]	["省重点", "省属", "硕博点"]
12546	13969	NULL	福建生物工程职业技术学院	福建	福州市	专科		医药	公办	省政府	2	2	2	0	0	0	0	0	0													0	0	0	0	0	0	0	0	0	0		["医药"]	["省属", "现代学徒制试点学院"]
12763	12628	NULL	福建电力职业技术学院	福建	泉州市	专科		理工	公办	省政府	2	2	2	0	0	0	0	0	0													0	0	0	0	0	0	0	0	0	0		["理工"]	
70573	14896	NULL	福建福耀科技大学	福建	福州市	本科		理工	民办	省教育厅	2	2	2	0	0	0	0	0	0							30	45			30	0.00	0	0	0	0	0	0	0	0	0	0		["理工"]	
12890	10866	NULL	福建船政交通职业学院	福建	福州市	专科		理工	公办	省政府	2	2	2	0	0	0	0	0	0													0	0	0	0	0	0	0	0	0	0		["理工"]	["省属", "双高计划", "高水平学校建设单位", "国家级示范", "现代学徒制试点学院"]
12544	13970	NULL	福建艺术职业学院	福建	福州市	专科		艺术	公办	省政府	2	2	2	0	0	0	0	0	0													0	0	0	0	0	0	0	0	0	0		["艺术", "综合"]	["省属"]
10727	11495	NULL	福建警察学院	福建	福州市	本科		政法	公办	省政府	2	2	2	0	0	0	0	0	0			389				451	455			451	0.00	0	0	0	0	0	0	0	0	0	0		["政法"]	
12526	11121	NULL	私立华联学院	广东	广州市	专科		综合	民办	省教育厅	2	2	2	0	0	0	0	0	0													0	0	0	0	0	0	0	0	0	0		["综合"]	
11724	13741	NULL	科尔沁艺术职业学院	内蒙古	通辽市	专科		艺术	公办	自治区政府	2	2	2	0	0	0	0	0	0													0	0	0	0	0	0	0	0	0	0		["艺术"]	
70339	14788	NULL	秦皇岛工业职业技术学院	河北	秦皇岛	专科		理工	公办	省政府	2	2	2	0	0	0	0	0	0													0	0	0	0	0	0	0	0	0	0		["理工"]	
11597	12773	NULL	秦皇岛职业技术学院	河北	秦皇岛	专科		理工	公办	省政府	2	2	2	0	0	0	0	0	0													0	0	0	0	0	0	0	0	0	0		["理工"]	["高水平专业群建设单位", "国家级骨干", "现代学徒制试点学院"]
10137	91030	NULL	空军军医大学	陕西	西安市	本科		军事	公办	人民解放军空军	2	1	1	0	1	1	0	0	0					152		57	62			57	0.00	13	89	0	0	0	0	0	0	0	0		["军事", "医药"]	["211", "双一流", "研究生院(部)", "保研", "国重点", "省部共建", "硕博点"]
10243	91024	NULL	空军工程大学	陕西	西安市	本科		军事	公办	人民解放军空军	2	2	2	0	0	0	0	0	0					364		308	62					64	37	0	0	0	0	0	0	0	0		["军事"]	["国重点", "硕博点"]
10277	91025	NULL	空军航空大学	吉林	长春市	本科	区域特色研究型	军事	公办	人民解放军空军	2	2	2	0	0	0	0	0	0							206						2	0	0	0	0	0	0	0	0	0		["军事"]	["国重点", "部委院校", "硕博点"]
10930	91026	NULL	空军预警学院	湖北	武汉市	本科		军事	公办	人民解放军空军	2	2	2	0	0	0	0	0	0							196						6	3	0	0	0	0	0	0	0	0		["军事"]	["部委院校", "硕博点"]
12292	14413	NULL	红河卫生职业学院	云南	红河哈尼族彝族自治州	专科		医药	公办	省政府	2	2	2	0	0	0	0	0	0													0	0	0	0	0	0	0	0	0	0		["医药"]	
10630	10687	NULL	红河学院	云南	红河哈尼族彝族自治州	本科		综合	公办	省政府	2	2	2	0	0	0	0	0	0			500				795	447			795	0.00	3	0	0	0	0	0	0	0	0	0		["综合"]	["省属", "硕博点"]
11842	14736	NULL	红河职业技术学院	云南	红河哈尼族彝族自治州	专科		综合	公办	省政府	2	2	2	0	0	0	0	0	0													0	0	0	0	0	0	0	0	0	0		["综合"]	
10475	10349	NULL	绍兴大学	浙江	绍兴市	本科	应用型	综合	公办	省政府	2	2	2	0	0	0	0	0	0			264		247		445	313			445	0.00	13	0	0	0	0	0	0	0	0	0		["综合"]	["研究生院", "省属"]
11061	13288	NULL	绍兴理工学院	浙江	绍兴市	本科		综合	公办	省教育厅	2	2	2	0	0	0	0	0	0			500				570	500			570	0.00	0	0	0	0	0	0	0	0	0	0		["综合"]	
12367	12876	NULL	绍兴职业技术学院	浙江	绍兴市	专科		理工	民办	省教育厅	2	2	2	0	0	0	0	0	0													0	0	0	0	0	0	0	0	0	0		["理工"]	
10729	10236	NULL	绥化学院	黑龙江	绥化市	本科		综合	公办	省政府	2	2	2	0	0	0	0	0	0			500				814	455			814	0.00	0	0	0	0	0	0	0	0	0	0		["综合"]	["省属"]
11264	14045	NULL	绵阳城市学院	四川	绵阳市	本科		理工	民办	省教育厅	2	2	2	0	0	0	0	0	0							1018				1018	0.00	0	0	0	0	0	0	0	0	0	0		["理工"]	
10807	10639	NULL	绵阳师范学院	四川	绵阳市	本科		师范	公办	省政府	2	2	2	0	0	0	0	0	0			386				552	363			552	0.00	3	0	0	0	0	0	0	0	0	0		["师范"]	["省属", "硕博点"]
11688	12753	NULL	绵阳职业技术学院	四川	绵阳市	专科		综合	公办	省政府	2	2	2	0	0	0	0	0	0													0	0	0	0	0	0	0	0	0	0		["综合"]	["国家级示范"]
11824	14730	NULL	绵阳飞行职业学院	四川	绵阳市	专科		其它	民办	省教育厅	2	2	2	0	0	0	0	0	0													0	0	0	0	0	0	0	0	0	0		["其它"]	
70682	1495L	NULL	网络空间安全学院	湖北	武汉市	本科			公办	武汉市人民政府	2	2	2	0	0	0	0	0	0								500					0	0	0	0	0	0	0	0	0	0			
10437	91037	NULL	网络空间部队信息工程大学	河南	郑州市	本科	其他	军事	公办	人民解放军战略支援部	2	2	2	0	0	0	0	0	0					430		75	52					19	14	0	0	0	0	0	0	0	0		["军事", "综合"]	["国重点", "部委院校", "硕博点"]
12490	12770	NULL	罗定职业技术学院	广东	云浮市	专科		综合	公办	省政府	2	2	2	0	0	0	0	0	0													0	0	0	0	0	0	0	0	0	0		["综合"]	
70400		NULL	耀中幼教学院	香港	九龙城区	本科		师范		香港特区教育局	2	2	2	0	0	0	0	0	0							803						0	0	0	0	0	0	0	0	0	0		["师范"]	
10393	10447	NULL	聊城大学	山东	聊城市	本科	应用型	综合	公办	省政府	2	2	2	0	0	0	0	0	0			268		195		485	246			485	0.00	29	0	0	0	0	0	0	0	0	0		["综合"]	["保研", "硕博点"]
11166	13373	NULL	聊城大学东昌学院	山东	聊城市	本科		综合	民办	省教育厅	2	2	2	0	0	0	0	0	0							1010				1010	0.00	0	0	0	0	0	0	0	0	0	0		["综合"]	
70650	14923	NULL	聊城科技职业学院	山东	聊城市	专科		理工	公办	山东省	2	2	2	0	0	0	0	0	0													0	0	0	0	0	0	0	0	0	0		["理工"]	
11693	12441	NULL	聊城职业技术学院	山东	聊城市	专科		综合	公办	省政府	2	2	2	0	0	0	0	0	0													0	0	0	0	0	0	0	0	0	0		["综合"]	["现代学徒制试点学院"]
10333	91014	NULL	联勤保障部队工程大学	重庆	沙坪坝区	本科	其他	军事	公办	人民解放军陆军	2	2	2	0	0	0	0	0	0							373						8	5	0	0	0	0	0	0	0	0		["军事"]	
12240	13810	NULL	肇庆医学院	广东	肇庆市	本科		医药	公办	省政府	2	2	2	0	0	0	0	0	0							662	500			662	0.00	0	0	0	0	0	0	0	0	0	0		["医药"]	
10490	10580	NULL	肇庆学院	广东	肇庆市	本科	应用型	综合	公办	省政府	2	2	2	0	0	0	0	0	0			440				564	433			564	0.00	1	0	0	0	1	0	0	0	0	0		["综合"]	["研究生院", "省属", "硕博点"]
70087	14768	NULL	自贡职业技术学院	四川	自贡市	专科		综合	民办	省教育厅	2	2	2	0	0	0	0	0	0													0	0	0	0	0	0	0	0	0	0		["综合"]	
70565	14842	NULL	芜湖医药健康职业学院	安徽	芜湖市	专科		医药	民办	安徽省教育厅	2	2	2	0	0	0	0	0	0													0	0	0	0	0	0	0	0	0	0		["医药"]	
11132	13617	NULL	芜湖学院	安徽	芜湖市	本科		综合	民办	省教育厅	2	2	2	0	0	0	0	0	0							1043				1043	0.00	0	0	0	0	0	0	0	0	0	0		["综合"]	
11509	11061	NULL	芜湖职业技术大学	安徽	芜湖市	本科		理工	公办	省政府	2	2	2	0	0	0	0	0	0							1002				1002	0.00	0	0	0	0	0	0	0	0	0	0		["理工"]	["双高计划", "高水平学校建设单位", "国家级示范", "现代学徒制试点学院"]
70566	14843	NULL	芜湖航空职业学院	安徽	芜湖市	专科		其它	民办	安徽省教育厅	2	2	2	0	0	0	0	0	0													0	0	0	0	0	0	0	0	0	0		["其它"]	
12393	14256	NULL	苏州信息职业技术学院	江苏	苏州市	专科		综合	公办	省政府	2	2	2	0	0	0	0	0	0													0	0	0	0	0	0	0	0	0	0		["综合"]	
12605	13751	NULL	苏州健雄职业技术学院	江苏	苏州市	专科		理工	公办	省政府	2	2	2	0	0	0	0	0	0													0	0	0	0	0	0	0	0	0	0		["理工"]	
11691	12808	NULL	苏州农业职业技术学院	江苏	苏州市	专科		农林	公办	省政府	2	2	2	0	0	0	0	0	0													0	0	0	0	0	0	0	0	0	0		["农林"]	["省属", "双高计划", "高水平专业群建设单位"]
12442	12688	NULL	苏州卫生职业技术学院	江苏	苏州市	专科		医药	公办	省政府	2	2	2	0	0	0	0	0	0													0	0	0	0	0	0	0	0	0	0		["医药"]	["省属"]
10967	13983	NULL	苏州城市学院	江苏	苏州市	本科		综合	公办	省政府	2	2	2	0	0	0	0	0	0			419				484	500			484	0.00	0	0	0	0	0	0	0	0	0	0		["综合"]	
10086	10285	NULL	苏州大学	江苏	苏州市	本科	区域研究型	综合	公办	省政府	2	1	1	0	1	1	0	0	0			46	50	40		60	42			60	0.00	110	124	0	0	6	0	0	0	0	0		["综合"]	["211", "双一流", "研究生院", "保研", "国重点", "省重点", "省属", "省部共建", "硕博点"]
10943	13984	NULL	苏州大学应用技术学院	江苏	苏州市	本科		综合	民办	省教育厅	2	2	2	0	0	0	0	0	0							1030				1030	0.00	0	0	0	0	0	0	0	0	0	0		["综合"]	
12612	14295	NULL	苏州工业园区服务外包职业学院	江苏	苏州市	专科		理工	公办	省政府	2	2	2	0	0	0	0	0	0													0	0	0	0	0	0	0	0	0	0		["理工"]	
12285	12809	NULL	苏州工业园区职业技术学院	江苏	苏州市	专科		理工	民办	省政府	2	2	2	0	0	0	0	0	0													0	0	0	0	0	0	0	0	0	0		["理工"]	["国家级示范", "现代学徒制试点学院"]
12409	12686	NULL	苏州工业职业技术学院	江苏	苏州市	专科		理工	公办	省政府	2	2	2	0	0	0	0	0	0													0	0	0	0	0	0	0	0	0	0		["理工"]	["双高计划", "高水平专业群建设单位", "现代学徒制试点学院"]
10715	10333	NULL	苏州工学院	江苏	苏州市	本科		理工	公办	省政府	2	2	2	0	0	0	0	0	0			287		351		537	313			537	0.00	3	0	0	0	0	0	0	0	0	0		["理工"]	["省属"]
12296	10960	NULL	苏州工艺美术职业技术学院	江苏	苏州市	专科		艺术	公办	省政府	2	2	2	0	0	0	0	0	0													0	0	0	0	0	0	0	0	0	0		["艺术"]	["省属", "双高计划", "高水平专业群建设单位", "国家级骨干", "现代学徒制试点学院"]
12880	15583	NULL	苏州幼儿师范高等专科学校	江苏	苏州市	专科		师范	公办	省政府	2	2	2	0	0	0	0	0	0													0	0	0	0	0	0	0	0	0	0		["师范"]	
11899	12687	NULL	苏州托普信息职业技术学院	江苏	苏州市	专科		理工	民办	省教育厅	2	2	2	0	0	0	0	0	0													0	0	0	0	0	0	0	0	0	0		["理工"]	
70645	14914	NULL	苏州旅游职业学院	江苏	苏州市	专科		其它	公办	苏州市人民政府	2	2	2	0	0	0	0	0	0													0	0	0	0	0	0	0	0	0	0		["其它"]	
12652	13962	NULL	苏州百年职业学院	江苏	苏州市	专科		综合		省教育厅	2	2	2	0	0	0	0	0	0													0	0	0	0	0	0	0	0	0	0		["综合"]	
10482	10332	NULL	苏州科技大学	江苏	苏州市	本科	应用型	理工	公办	省政府	2	2	2	0	0	0	0	0	0			217		160		345	246			345	0.00	25	3	0	0	1	0	0	0	0	0		["理工"]	["研究生院", "保研", "省部共建", "硕博点"]
11004	13985	NULL	苏州科技大学天平学院	江苏	南京市	本科		综合	民办	省教育厅	2	2	2	0	0	0	0	0	0							1077				1077	0.00	0	0	0	0	0	0	0	0	0	0		["综合"]	
11472	12685	NULL	苏州经贸职业技术学院	江苏	苏州市	专科		财经	公办	省政府	2	2	2	0	0	0	0	0	0													0	0	0	0	0	0	0	0	0	0		["财经"]	["省属"]
12889	11054	NULL	苏州职业技术大学	江苏	苏州市	本科		综合	公办	省政府	2	2	2	0	0	0	0	0	0							729				729	0.00	0	0	0	0	0	0	0	0	0	0		["综合"]	["双高计划"]
12773	14163	NULL	苏州高博职业学院	江苏	苏州市	专科		综合	民办	省教育厅	2	2	2	0	0	0	0	0	0													0	0	0	0	0	0	0	0	0	0		["综合"]	
12328	13712	NULL	茂名职业技术学院	广东	茂名市	专科		理工	公办	省政府	2	2	2	0	0	0	0	0	0													0	0	0	0	0	0	0	0	0	0		["理工"]	
10843	14625	NULL	茅台学院	贵州	遵义市	本科		理工	民办	省教育厅	2	2	2	0	0	0	0	0	0							801				801	0.00	0	0	0	0	0	0	0	0	0	0		["理工"]	
11220	13245	NULL	荆州学院	湖北	荆州市	本科		理工	民办	省教育厅	2	2	2	0	0	0	0	0	0							1273				1273	0.00	0	0	0	0	0	0	0	0	0	0		["理工"]	
11860	11074	NULL	荆州理工职业学院	湖北	荆州市	专科		理工	公办	省政府	2	2	2	0	0	0	0	0	0													0	0	0	0	0	0	0	0	0	0		["理工"]	
11582	12737	NULL	荆州职业技术学院	湖北	荆州市	专科		综合	公办	省政府	2	2	2	0	0	0	0	0	0													0	0	0	0	0	0	0	0	0	0		["综合"]	
10830	11336	NULL	荆楚理工学院	湖北	荆门市	本科		理工	公办	省政府	2	2	2	0	0	0	0	0	0			500				769	433			769	0.00	0	0	0	0	0	0	0	0	0	0		["理工"]	["省属"]
12852	14571	NULL	荆门职业学院	湖北	荆门市	专科		综合	公办	省政府	2	2	2	0	0	0	0	0	0													0	0	0	0	0	0	0	0	0	0		["综合"]	
70606	14866	NULL	荆门通用航空职业技术学院	湖北	荆门市	专科		其它	公办	省政府	2	2	2	0	0	0	0	0	0													0	0	0	0	0	0	0	0	0	0		["其它"]	
10730	11498	NULL	莆田学院	福建	莆田市	本科		综合	公办	省政府	2	2	2	0	0	0	0	0	0			391				574	363			574	0.00	13	0	0	0	1	0	0	0	0	0		["综合"]	["省属", "硕博点"]
11534	12330	NULL	莱芜职业技术学院	山东	济南市	专科		综合	公办	省政府	2	2	2	0	0	0	0	0	0													0	0	0	0	0	0	0	0	0	0			
11682	10444	NULL	菏泽医学专科学校	山东	菏泽市	专科		医药	公办	省政府	2	2	2	0	0	0	0	0	0													0	0	0	0	0	0	0	0	0	0		["医药"]	["省属"]
10855	10455	NULL	菏泽学院	山东	菏泽市	本科		综合	公办	省政府	2	2	2	0	0	0	0	0	0			500				802	416			802	0.00	0	0	0	0	0	0	0	0	0	0		["综合"]	["省属"]
12259	14118	NULL	菏泽家政职业学院	山东	菏泽市	专科		综合	公办	省政府	2	2	2	0	0	0	0	0	0													0	0	0	0	0	0	0	0	0	0		["综合"]	
70655	14928	NULL	菏泽生物医药职业学院	山东	菏泽市	专科		医药	民办		2	2	2	0	0	0	0	0	0													0	0	0	0	0	0	0	0	0	0		["医药"]	
12096	14477	NULL	菏泽职业学院	山东	菏泽市	专科		综合	公办	省政府	2	2	2	0	0	0	0	0	0													0	0	0	0	0	0	0	0	0	0		["综合"]	
12580	14656	NULL	萍乡卫生职业学院	江西	萍乡市	专科		医药	公办	省政府	2	2	2	0	0	0	0	0	0													0	0	0	0	0	0	0	0	0	0		["医药"]	
10832	10895	NULL	萍乡学院	江西	萍乡市	本科		综合	公办	省政府	2	2	2	0	0	0	0	0	0			500				821	467			821	0.00	0	0	0	0	0	0	0	0	0	0		["综合"]	["省属"]
10831	14435	NULL	营口理工学院	辽宁	营口市	本科		理工	公办	省政府	2	2	2	0	0	0	0	0	0			500				668	467			668	0.00	0	0	0	0	0	0	0	0	0	0		["理工"]	
11921	10181	NULL	营口职业技术学院	辽宁	营口市	专科		综合	公办	省政府	2	2	2	0	0	0	0	0	0													0	0	0	0	0	0	0	0	0	0		["综合"]	
10627	10367	NULL	蚌埠医科大学	安徽	蚌埠市	本科		医药	公办	省政府	2	2	2	0	0	0	0	0	0			283		401		487	276			487	0.00	15	0	0	0	0	0	0	0	0	0		["医药"]	["研究生院", "保研", "省属", "硕博点"]
70567	14844	NULL	蚌埠城市轨道交通职业学院	安徽	蚌埠市	专科		理工	民办	安徽省教育厅	2	2	2	0	0	0	0	0	0													0	0	0	0	0	0	0	0	0	0		["理工"]	
10868	11305	NULL	蚌埠学院	安徽	蚌埠市	本科		理工	公办	省政府	2	2	2	0	0	0	0	0	0			500				938	455			938	0.00	0	0	0	0	0	0	0	0	0	0		["理工"]	["省属"]
11032	13611	NULL	蚌埠工商学院	安徽	蚌埠市	本科		综合	民办	省教育厅	2	2	2	0	0	0	0	0	0							1117				1117	0.00	0	0	0	0	0	0	0	0	0	0		["综合"]	
12711	14137	NULL	蚌埠经济技术职业学院	安徽	蚌埠市	专科		综合	民办	省教育厅	2	2	2	0	0	0	0	0	0													0	0	0	0	0	0	0	0	0	0		["综合"]	
70336	14785	NULL	衡水健康科技职业学院	河北	衡水市	专科		其它	公办	省政府	2	2	2	0	0	0	0	0	0													0	0	0	0	0	0	0	0	0	0		["其它"]	
10827	10101	NULL	衡水学院	河北	衡水市	本科		综合	公办	省政府	2	2	2	0	0	0	0	0	0			500				725	467			725	0.00	0	0	0	0	0	0	0	0	0	0		["综合"]	
12351	12786	NULL	衡水职业技术学院	河北	衡水市	专科		综合	公办	省政府	2	2	2	0	0	0	0	0	0													0	0	0	0	0	0	0	0	0	0		["综合"]	
10554	10546	NULL	衡阳师范学院	湖南	衡阳市	本科		师范	公办	省政府	2	2	2	0	0	0	0	0	0			406				584	302			584	0.00	19	0	0	0	0	0	0	0	0	0		["师范"]	["研究生院", "省属", "硕博点"]
11319	12659	NULL	衡阳师范学院南岳学院	湖南	衡阳市	本科		师范	民办	省教育厅	2	2	2	0	0	0	0	0	0							934				934	0.00	0	0	0	0	0	0	0	0	0	0		["师范"]	
11968	14691	NULL	衡阳幼儿师范高等专科学校	湖南	衡阳市	专科		师范	公办	省政府	2	2	2	0	0	0	0	0	0													0	0	0	0	0	0	0	0	0	0			
70621	14904	NULL	衡阳理工职业学院	湖南	衡阳市	专科		理工	民办	省教育厅	2	2	2	0	0	0	0	0	0													0	0	0	0	0	0	0	0	0	0		["理工"]	
70382	14820	NULL	衡阳科技职业学院	湖南	衡阳市	专科		综合	民办	省教育厅	2	2	2	0	0	0	0	0	0													0	0	0	0	0	0	0	0	0	0		["综合"]	
10664	11488	NULL	衢州学院	浙江	衢州市	本科		综合	公办	省政府	2	2	2	0	0	0	0	0	0			379				629	447			629	0.00	4	0	0	0	0	0	0	0	0	0		["综合"]	["省属"]
12028	12877	NULL	衢州职业技术学院	浙江	衢州市	专科		综合	公办	省政府	2	2	2	0	0	0	0	0	0													0	0	0	0	0	0	0	0	0	0		["综合"]	
11873	14357	NULL	襄阳汽车职业技术学院	湖北	襄阳市	专科		理工	公办	省政府	2	2	2	0	0	0	0	0	0													0	0	0	0	0	0	0	0	0	0		["理工"]	
70383	14832	NULL	襄阳科技职业学院	湖北	襄阳市	专科		综合	公办	省政府	2	2	2	0	0	0	0	0	0													0	0	0	0	0	0	0	0	0	0		["综合"]	
11443	12354	NULL	襄阳职业技术大学	湖北	襄阳市	本科		综合	公办	省政府	2	2	2	0	0	0	0	0	0													0	0	0	0	0	0	0	0	0	0		["综合"]	["省属", "双高计划", "高水平专业群建设单位", "国家级骨干", "现代学徒制试点学院"]
10141	16403	NULL	西交利物浦大学	江苏	苏州市	本科	应用型	综合		省教育厅	2	2	2	0	0	0	0	0	0			102	63	103		268	46			268	0.00	31	13	0	0	1	0	0	0	0	0		["综合"]	["研究生院", "硕博点"]
11334	12715	NULL	西京学院	陕西	西安市	本科		理工	民办	省教育厅	2	2	2	0	0	0	0	0	0					384		1055				1055	0.00	11	0	0	0	0	0	0	0	0	0		["理工"]	["省属", "硕博点"]
10082	10712	NULL	西北农林科技大学	陕西	咸阳市	本科	特色研究型	农林	公办	教育部	1	1	1	1	1	1	1	0	1			69	48	39		81	50			81	0.00	72	54	0	0	3	0	0	0	0	0		["农林"]	["985", "211", "双一流", "101计划", "研究生院(部)", "保研", "国重点", "部委院校", "省部共建", "硕博点"]
10084	10697	NULL	西北大学	陕西	西安市	本科	区域研究型	综合	公办	省政府	2	1	1	0	1	1	1	0	1			70	61	104		91	71			91	0.00	41	29	0	0	4	0	0	0	0	0		["综合"]	["211", "双一流", "101计划", "研究生院", "保研", "国重点", "部委院校", "省属", "省部共建", "硕博点"]
11350	13678	NULL	西北大学现代学院	陕西	西安市	本科		综合	民办	省教育厅	2	2	2	0	0	0	0	0	0							1150				1150	0.00	0	0	0	0	0	0	0	0	0	0		["综合"]	
10040	10699	NULL	西北工业大学	陕西	西安市	本科	研究型	理工	公办	工信部	1	1	1	1	1	1	1	0	1			23	33	30		19	24			19	0.00	153	95	0	0	23	0	0	0	0	0		["理工"]	["985", "211", "双一流", "101计划", "研究生院(部)", "保研", "国重点", "部委院校", "省部共建", "E9", "国防七子", "硕博点"]
10199	10736	NULL	西北师范大学	甘肃	兰州市	本科	区域特色研究型	师范	公办	省政府	2	2	2	0	0	0	0	0	0			154		300		330	103			330	0.00	107	59	0	0	2	0	0	0	0	0		["师范"]	["研究生院", "保研", "省重点", "省属", "省部共建", "硕博点"]
10387	10726	NULL	西北政法大学	陕西	西安市	本科	区域特色研究型	政法	公办	省政府	2	2	2	0	0	0	0	0	0			185				96	196			96	0.00	54	8	0	0	0	0	0	0	0	0		["政法"]	["研究生院", "保研", "省重点", "省部共建", "五院四系", "硕博点"]
10342	10742	NULL	西北民族大学	甘肃	兰州市	本科	区域特色研究型	综合	公办	国民委	2	2	2	0	0	0	0	0	0			290				594	196			594	0.00	39	2	0	0	0	0	0	0	0	0		["综合"]	["研究生院", "保研", "部委院校", "省部共建", "硕博点"]
10425	10623	NULL	西华大学	四川	成都市	本科	应用型	综合	公办	省政府	2	2	2	0	0	0	0	0	0			262		265		260	228			260	0.00	23	0	0	0	0	0	0	0	0	0		["综合"]	["研究生院", "保研", "省重点", "省属", "硕博点"]
10429	10638	NULL	西华师范大学	四川	南充市	本科	应用型	综合	公办	省政府	2	2	2	0	0	0	0	0	0			271		321		481	231			481	0.00	21	2	0	0	0	0	0	0	0	0		["综合", "师范"]	["研究生院", "保研", "省重点", "省属", "硕博点"]
10077	10613	NULL	西南交通大学	四川	成都市	本科	特色研究型	理工	公办	教育部	2	1	1	0	1	1	0	0	0			49		74		75	52			75	0.00	59	43	0	0	3	0	0	0	0	0		["理工"]	["211", "双一流", "研究生院(部)", "保研", "国重点", "部委院校", "省部共建", "硕博点"]
11105	14262	NULL	西南交通大学希望学院	四川	成都市	本科		理工	民办	省教育厅	2	2	2	0	0	0	0	0	0							987				987	0.00	0	0	0	0	0	0	0	0	0	0		["理工"]	
10568	10632	NULL	西南医科大学	四川	泸州市	本科		医药	公办	省政府	2	2	2	0	0	0	0	0	0			207		306		223	313			223	0.00	19	1	0	0	0	0	0	0	0	0		["医药"]	["研究生院", "保研", "省属", "硕博点"]
10080	10635	NULL	西南大学	重庆	北碚区	本科	研究型	综合	公办	教育部	2	1	1	0	1	1	0	0	0			61	62	67		97	40			97	0.00	144	93	0	0	6	0	0	0	0	0		["综合", "师范"]	["211", "双一流", "研究生院", "保研", "国重点", "部委院校", "省部共建", "硕博点"]
10081	19635	NULL	西南大学(荣昌校区)	重庆	荣昌区	本科	中国研究型	综合	公办	教育部	2	1	1	0	1	1	0	0	0							154				154	0.00	6	6	0	0	0	0	0	0	0	0		["综合", "师范"]	["211", "双一流", "保研", "国重点", "部委院校", "省部共建"]
10163	10652	NULL	西南政法大学	重庆	渝北区	本科	特色研究型	政法	公办	市政府	2	2	2	0	0	0	0	0	0			123				94	134			94	0.00	61	26	0	0	0	0	0	0	0	0		["政法"]	["研究生院", "保研", "国重点", "省部共建", "五院四系", "硕博点"]
10428	10677	NULL	西南林业大学	云南	昆明市	本科	区域特色研究型	农林	公办	省政府	2	2	2	0	0	0	0	0	0			303		335		520	313			520	0.00	41	12	0	0	1	0	0	0	0	0		["农林"]	["研究生院", "保研", "省重点", "省属", "省部共建", "硕博点"]
10299	10656	NULL	西南民族大学	四川	成都市	本科	区域特色研究型	民族	公办	国民委	2	2	2	0	0	0	0	0	0			207		280		285	151			285	0.00	38	4	0	0	0	0	0	0	0	0		["民族", "综合"]	["研究生院", "保研", "部委院校", "省部共建", "硕博点"]
10247	10615	NULL	西南石油大学	四川	成都市	本科	区域特色研究型	综合	公办	省政府	2	2	1	0	0	1	0	0	0			119		207		141	110			141	0.00	116	38	0	0	1	0	0	0	0	0		["综合"]	["双一流", "研究生院", "保研", "国重点", "省属", "省部共建", "硕博点"]
10337	10619	NULL	西南科技大学	四川	绵阳市	本科	区域特色研究型	理工	公办	省政府	2	2	2	0	0	0	0	0	0			205		118		313	192			313	0.00	120	28	0	0	0	0	0	0	0	0		["理工"]	["研究生院", "保研", "省属", "省部共建", "硕博点"]
10146	10651	NULL	西南财经大学	四川	成都市	本科	特色研究型	财经	公办	教育部	2	1	1	0	1	1	1	0	1			66		65		63	69			63	0.00	76	60	0	0	0	0	0	0	0	0		["财经"]	["211", "双一流", "101计划", "研究生院", "保研", "国重点", "部委院校", "省部共建", "硕博点"]
11119	14037	NULL	西南财经大学天府学院	四川	绵阳市	本科		财经	民办	省教育厅	2	2	2	0	0	0	0	0	0							939				939	0.00	0	0	0	0	0	0	0	0	0	0		["财经"]	
12381	12826	NULL	西双版纳职业技术学院	云南	西双版纳傣族自治州	专科		综合	公办	省政府	2	2	2	0	0	0	0	0	0													0	0	0	0	0	0	0	0	0	0		["综合"]	["省重点"]
11406	14519	NULL	西宁城市职业技术学院	青海	西宁市	专科		综合	公办	省政府	2	2	2	0	0	0	0	0	0													0	0	0	0	0	0	0	0	0	0		["综合"]	
10025	10698	NULL	西安交通大学	陕西	西安市	本科	研究型	综合	公办	教育部	1	1	1	1	1	1	1	0	1			10	15	17		15	13			15	0.00	89	94	0	0	51	0	0	0	0	0		["综合"]	["985", "211", "双一流", "101计划", "研究生院(部)", "保研", "国重点", "部委院校", "省部共建", "C9", "硕博点"]
11016	13677	NULL	西安交通大学城市学院	陕西	西安市	本科		综合	民办	省教育厅	2	2	2	0	0	0	0	0	0							980				980	0.00	0	0	0	0	0	0	0	0	0	0		["综合"]	
11313	13569	NULL	西安交通工程学院	陕西	西安市	本科		理工	民办	省教育厅	2	2	2	0	0	0	0	0	0							1128				1128	0.00	0	0	0	0	0	0	0	0	0	0		["理工"]	
10669	10727	NULL	西安体育学院	陕西	西安市	本科		体育	公办	省政府	2	2	2	0	0	0	0	0	0			418				617	399			617	0.00	13	2	0	0	0	0	0	0	0	0		["体育"]	["省部共建", "硕博点"]
11015	14030	NULL	西安信息职业大学	陕西	西安市	本科		综合	民办	省教育厅	2	2	2	0	0	0	0	0	0							1187				1187	0.00	0	0	0	0	0	0	0	0	0	0		["综合"]	
12891	13739	NULL	西安健康工程职业学院	陕西	西安市	专科		综合	民办	省教育厅	2	2	2	0	0	0	0	0	0													0	0	0	0	0	0	0	0	0	0		["综合"]	
10722	11840	NULL	西安医学院	陕西	西安市	本科		医药	公办	省政府	2	2	2	0	0	0	0	0	0			360		391		479	313			479	0.00	2	0	0	0	0	0	0	0	0	0		["医药"]	["硕博点"]
11993	14222	NULL	西安医学高等专科学校	陕西	西安市	专科		医药	民办	省教育厅	2	2	2	0	0	0	0	0	0													0	0	0	0	0	0	0	0	0	0			
12536	13124	NULL	西安城市建设职业学院	陕西	西安市	专科		理工	民办	省教育厅	2	2	2	0	0	0	0	0	0													0	0	0	0	0	0	0	0	0	0		["理工"]	
11129	11400	NULL	西安培华学院	陕西	西安市	本科		综合	民办	省教育厅	2	2	2	0	0	0	0	0	0							1073				1073	0.00	0	0	0	0	0	0	0	0	0	0		["综合"]	["省属"]
11097	12713	NULL	西安外事学院	陕西	西安市	本科		综合	民办	省教育厅	2	2	2	0	0	0	0	0	0							1133				1133	0.00	0	0	0	0	0	0	0	0	0	0		["综合"]	
10458	10724	NULL	西安外国语大学	陕西	西安市	本科	区域特色研究型	语言	公办	省政府	2	2	2	0	0	0	0	0	0			241				239	211			239	0.00	28	12	0	0	0	0	0	0	0	0		["语言"]	["研究生院", "保研", "省属", "硕博点"]
10408	10702	NULL	西安工业大学	陕西	西安市	本科	应用型	理工	公办	省政府	2	2	2	0	0	0	0	0	0			206		282		169	258			169	0.00	44	13	0	0	1	0	0	0	0	0		["理工"]	["研究生院", "保研", "省重点", "省属", "省部共建", "硕博点"]
11030	13682	NULL	西安工商学院	陕西	西安市	本科		综合	民办	省教育厅	2	2	2	0	0	0	0	0	0							1131				1131	0.00	0	0	0	0	0	0	0	0	0	0		["综合"]	
10365	10709	NULL	西安工程大学	陕西	西安市	本科	应用型	理工	公办	省政府	2	2	2	0	0	0	0	0	0			253		354		363	231			363	0.00	19	1	0	0	1	0	0	0	0	0		["理工"]	["研究生院", "保研", "省属", "硕博点"]
10226	10703	NULL	西安建筑科技大学	陕西	西安市	本科	区域特色研究型	理工	公办	省政府	2	2	2	0	0	0	0	0	0			118		137		348	126			348	0.00	37	22	0	0	2	0	0	0	0	0		["理工"]	["研究生院", "保研", "省属", "省部共建", "硕博点"]
11031	13679	NULL	西安建筑科技大学华清学院	陕西	西安市	本科		理工	民办	省教育厅	2	2	2	0	0	0	0	0	0							1109				1109	0.00	0	0	0	0	0	0	0	0	0	0		["理工"]	
11335	13121	NULL	西安思源学院	陕西	西安市	本科		理工	民办	省教育厅	2	2	2	0	0	0	0	0	0							1158				1158	0.00	0	0	0	0	0	0	0	0	0	0		["理工"]	["省属"]
70674	14945	NULL	西安戏剧学院	陕西	西安市	本科		艺术	公办	陕西省教育厅	2	2	2	0	0	0	0	0	0							526	500			526	0.00	0	0	0	0	0	0	0	0	0	0		["艺术"]	
10744	11080	NULL	西安文理学院	陕西	西安市	本科		综合	公办	省政府	2	2	2	0	0	0	0	0	0			422				559	416			559	0.00	3	0	0	0	0	0	0	0	0	0		["综合"]	
11194	13894	NULL	西安明德理工学院	陕西	西安市	本科		综合	民办	省教育厅	2	2	2	0	0	0	0	0	0							1126				1126	0.00	0	0	0	0	0	0	0	0	0	0		["综合"]	["省属"]
11109	12712	NULL	西安欧亚学院	陕西	西安市	本科		财经	民办	省教育厅	2	2	2	0	0	0	0	0	0							1228				1228	0.00	0	0	0	0	0	0	0	0	0	0		["财经"]	
10970	13738	NULL	西安汽车职业大学	陕西	西安市	本科		理工	民办	省教育厅	2	2	2	0	0	0	0	0	0							1194				1194	0.00	0	0	0	0	0	0	0	0	0	0		["理工"]	["现代学徒制试点学院"]
12037	13737	NULL	西安海棠职业学院	陕西	西安市	专科		综合	民办	省教育厅	2	2	2	0	0	0	0	0	0													0	0	0	0	0	0	0	0	0	0		["综合"]	
10212	10700	NULL	西安理工大学	陕西	西安市	本科	区域特色研究型	理工	公办	省政府	2	2	2	0	0	0	0	0	0			111		165		155	105			155	0.00	109	54	0	0	2	0	0	0	0	0		["理工"]	["研究生院", "保研", "省重点", "省属", "省部共建", "硕博点"]
11257	14041	NULL	西安理工大学高科学院	陕西	西安市	本科		理工	民办	省教育厅	2	2	2	0	0	0	0	0	0							1047				1047	0.00	0	0	0	0	0	0	0	0	0	0		["理工"]	
12653	81360	NULL	西安电力机械制造公司机电学院	陕西	西安市	专科		理工	公办	省教育厅	2	2	2	0	0	0	0	0	0													0	0	0	0	0	0	0	0	0	0		["理工"]	
11750	11826	NULL	西安电力高等专科学校	陕西	西安市	专科		其它	公办	省政府	2	2	2	0	0	0	0	0	0													0	0	0	0	0	0	0	0	0	0		["其它"]	
10062	10701	NULL	西安电子科技大学	陕西	西安市	本科	特色研究型	理工	公办	教育部	2	1	1	0	1	1	1	0	1			39		58		29	43			29	0.00	35	23	0	0	0	0	0	0	0	0		["理工"]	["211", "双一流", "101计划", "研究生院(部)", "保研", "国重点", "部委院校", "省部共建", "两电一邮", "硕博点"]
10400	10705	NULL	西安石油大学	陕西	西安市	本科	应用型	理工	公办	省政府	2	2	2	0	0	0	0	0	0			230		373		254	243			254	0.00	27	3	0	0	2	0	0	0	0	0		["理工"]	["研究生院", "保研", "省属", "省部共建", "硕博点"]
10309	10704	NULL	西安科技大学	陕西	西安市	本科	区域特色研究型	理工	公办	省政府	2	2	2	0	0	0	0	0	0			186		202		360	161			360	0.00	46	21	0	0	1	0	0	0	0	0		["理工"]	["研究生院", "保研", "省部共建", "硕博点"]
11140	14042	NULL	西安科技大学高新学院	陕西	西安市	本科		综合	民办	省教育厅	2	2	2	0	0	0	0	0	0							1167				1167	0.00	0	0	0	0	0	0	0	0	0	0		["综合"]	
10547	10729	NULL	西安美术学院	陕西	西安市	本科		艺术	公办	省政府	2	2	2	0	0	0	0	0	0							496	276			496	0.00	5	5	0	0	0	0	0	0	0	0		["艺术"]	["保研", "省属", "八大美院"]
11060	12714	NULL	西安翻译学院	陕西	西安市	本科		语言	民办	省教育厅	2	2	2	0	0	0	0	0	0							1164				1164	0.00	0	0	0	0	0	0	0	0	0	0		["语言"]	["省属"]
11953	13947	NULL	西安职业技术学院	陕西	西安市	专科		综合	公办	省政府	2	2	2	0	0	0	0	0	0													0	0	0	0	0	0	0	0	0	0		["综合"]	["现代学徒制试点学院"]
10757	11736	NULL	西安航空学院	陕西	西安市	本科		理工	公办	省政府	2	2	2	0	0	0	0	0	0			444				454	416			454	0.00	0	0	0	0	1	0	0	0	0	0		["理工"]	
11551	12828	NULL	西安航空职业技术学院	陕西	西安市	专科		理工	公办	省政府	2	2	2	0	0	0	0	0	0													0	0	0	0	0	0	0	0	0	0		["理工"]	["省属", "双高计划", "高水平学校建设单位", "国家级示范", "现代学徒制试点学院"]
10539	11560	NULL	西安财经大学	陕西	西安市	本科		财经	公办	省政府	2	2	2	0	0	0	0	0	0			293				270	291			270	0.00	22	0	0	0	0	0	0	0	0	0		["财经"]	["研究生院", "省部共建", "硕博点"]
11095	13680	NULL	西安财经大学行知学院	陕西	西安市	本科		财经	民办	省教育厅	2	2	2	0	0	0	0	0	0							1031				1031	0.00	0	0	0	0	0	0	0	0	0	0		["财经"]	
10479	11664	NULL	西安邮电大学	陕西	西安市	本科	应用型	理工	公办	省政府	2	2	2	0	0	0	0	0	0			196		317		126	279			126	0.00	19	4	0	0	1	0	0	0	0	0		["理工"]	["研究生院", "保研", "省部共建", "硕博点"]
11541	13945	NULL	西安铁路职业技术学院	陕西	西安市	专科		理工	公办	省政府	2	2	2	0	0	0	0	0	0													0	0	0	0	0	0	0	0	0	0			
10802	10728	NULL	西安音乐学院	陕西	西安市	本科		艺术	公办	省政府	2	2	2	0	0	0	0	0	0							505	433			505	0.00	3	0	0	0	0	0	0	0	0	0		["艺术"]	["省属", "硕博点"]
12627	13122	NULL	西安高新科技职业学院	陕西	西安市	专科		理工	民办	省教育厅	2	2	2	0	0	0	0	0	0													0	0	0	0	0	0	0	0	0	0		["理工"]	
70599	14871	NULL	西昌医学高等专科学校	四川	凉山彝族自治州	专科		医药	公办	省政府	2	2	2	0	0	0	0	0	0													0	0	0	0	0	0	0	0	0	0		["医药"]	
10835	10628	NULL	西昌学院	四川	凉山彝族自治州	本科		综合	公办	省政府	2	2	2	0	0	0	0	0	0			450				751	341			751	0.00	3	0	0	0	0	0	0	0	0	0		["综合"]	["省属", "省部共建", "硕博点"]
12892	14629	NULL	西昌民族幼儿师范高等专科学校	四川	凉山彝族自治州	专科		师范	公办	省政府	2	2	2	0	0	0	0	0	0													0	0	0	0	0	0	0	0	0	0		["师范"]	["省属"]
10191	14626	NULL	西湖大学	浙江	杭州市	本科		理工	民办	省教育厅	2	2	2	0	0	0	1	0	1					44		10	12			10	0.00	0	7	0	0	1	0	0	0	0	0		["理工"]	["101计划", "保研", "硕博点"]
10883	10693	NULL	西藏农牧大学	西藏	林芝市	本科		农林	公办	自治区政府	2	2	2	0	0	0	0	0	0			398				896	325			896	0.00	15	1	0	0	0	0	0	0	0	0		["农林"]	["保研", "省属", "硕博点"]
10453	10694	NULL	西藏大学	西藏	拉萨市	本科	区域研究型	综合	公办	自治区政府	2	1	1	0	1	1	0	0	0			201		263		246	220			246	0.00	75	12	0	0	0	0	0	0	0	0		["综合"]	["211", "双一流", "研究生院", "保研", "国重点", "省部共建", "硕博点"]
10537	10695	NULL	西藏民族大学	陕西	咸阳市	本科		民族	公办	自治区政府	2	2	2	0	0	0	0	0	0			279				381	231			381	0.00	33	1	0	0	0	0	0	0	0	0		["民族"]	["研究生院", "保研", "省部共建", "硕博点"]
12212	14085	NULL	西藏职业技术学院	西藏	拉萨市	专科		综合	公办	自治区政府	2	2	2	0	0	0	0	0	0													0	0	0	0	0	0	0	0	0	0		["综合"]	["双高计划", "国家级示范"]
10765	10696	NULL	西藏藏医药大学	西藏	拉萨市	本科		医药	公办	自治区政府	2	2	2	0	0	0	0	0	0			294				877	341			877	0.00	3	1	0	0	0	0	0	0	0	0		["医药"]	["省属", "省部共建", "硕博点"]
12667	10692	NULL	西藏警官高等专科学校	西藏	拉萨市	专科		政法	公办	自治区政府	2	2	2	0	0	0	0	0	0													0	0	0	0	0	0	0	0	0	0		["政法"]	
10749	10480	NULL	许昌学院	河南	许昌市	本科		理工	公办	省政府	2	2	2	0	0	0	0	0	0			409				698	382			698	0.00	0	0	0	0	0	0	0	0	0	0		["理工"]	["省属"]
11892	14350	NULL	许昌电气职业学院	河南	许昌市	专科		理工	公办	省政府	2	2	2	0	0	0	0	0	0													0	0	0	0	0	0	0	0	0	0		["理工"]	
11571	12067	NULL	许昌职业技术学院	河南	许昌市	专科		综合	公办	省政府	2	2	2	0	0	0	0	0	0													0	0	0	0	0	0	0	0	0	0		["综合"]	["双高计划", "高水平专业群建设单位", "现代学徒制试点学院"]
12532	14301	NULL	许昌陶瓷职业学院	河南	许昌市	专科		综合	民办	省教育厅	2	2	2	0	0	0	0	0	0													0	0	0	0	0	0	0	0	0	0		["综合"]	
11238	13505	NULL	豫北医学院	河南	新乡市	本科		医药	民办	省教育厅	2	2	2	0	0	0	0	0	0							722				722	0.00	0	0	0	0	0	0	0	0	0	0		["医药"]	
10898	13774	NULL	豫章师范学院	江西	南昌市	本科		师范	公办	省政府	2	2	2	0	0	0	0	0	0			500				773	500			773	0.00	0	0	0	0	0	0	0	0	0	0		["师范"]	
10500	10662	NULL	贵州中医药大学	贵州	贵阳市	本科	应用型	医药	公办	省政府	2	2	2	0	0	0	0	0	0			271		411		406	270			406	0.00	21	5	0	0	0	0	0	0	0	0		["医药"]	["研究生院", "保研", "省重点", "省部共建", "硕博点"]
11342	13647	NULL	贵州中医药大学时珍学院	贵州	贵阳市	本科		医药	民办	省教育厅	2	2	2	0	0	0	0	0	0							1011				1011	0.00	0	0	0	0	0	0	0	0	0	0		["医药"]	
11959	12222	NULL	贵州交通职业大学	贵州	贵阳市	本科		理工	公办	省政府	2	2	2	0	0	0	0	0	0							785				785	0.00	0	0	0	0	0	0	0	0	0	0		["理工"]	["双高计划", "高水平学校建设单位", "国家级示范", "现代学徒制试点学院"]
70571	14848	NULL	贵州传媒职业学院	贵州	贵阳市	专科		艺术	公办	省广播电视局	2	2	2	0	0	0	0	0	0													0	0	0	0	0	0	0	0	0	0		["艺术"]	
70350	14799	NULL	贵州体育职业学院	贵州	贵阳市	专科		体育	公办	省政府	2	2	2	0	0	0	0	0	0													0	0	0	0	0	0	0	0	0	0		["体育"]	
11402	14614	NULL	贵州健康职业学院	贵州	铜仁市	专科		医药	公办	省政府	2	2	2	0	0	0	0	0	0													0	0	0	0	0	0	0	0	0	0		["医药"]	["省属"]
12835	14549	NULL	贵州农业职业学院	贵州	贵阳市	专科		农林	公办	省政府	2	2	2	0	0	0	0	0	0													0	0	0	0	0	0	0	0	0	0		["农林"]	
10485	10660	NULL	贵州医科大学	贵州	贵阳市	本科	应用型	医药	公办	省政府	2	2	2	0	0	0	0	0	0			220		312		341	196			341	0.00	49	26	0	0	0	0	0	0	0	0		["医药"]	["研究生院", "保研", "省重点", "省属", "硕博点"]
11167	13676	NULL	贵州医科大学神奇民族医药学院	贵州	贵阳市	本科		医药	民办	省教育厅	2	2	2	0	0	0	0	0	0							1035				1035	0.00	0	0	0	0	0	0	0	0	0	0		["医药"]	
10891	11731	NULL	贵州商学院	贵州	贵阳市	本科		财经	公办	省政府	2	2	2	0	0	0	0	0	0			500					481			701	0.00	0	0	0	0	0	0	0	0	0	0			
12606	12850	NULL	贵州城市职业学院	贵州	贵阳市	专科		综合	民办	省教育厅	2	2	2	0	0	0	0	0	0													0	0	0	0	0	0	0	0	0	0		["综合"]	
10205	10657	NULL	贵州大学	贵州	贵阳市	本科	区域研究型	综合	公办	省政府	2	1	1	0	1	1	0	0	0			85		130		130	78			130	0.00	85	28	0	0	2	0	0	0	0	0		["综合"]	["211", "双一流", "研究生院", "保研", "国重点", "省属", "省部共建", "硕博点"]
12327	13052	NULL	贵州工业职业技术学院	贵州	贵阳市	专科		理工	公办	省政府	2	2	2	0	0	0	0	0	0													0	0	0	0	0	0	0	0	0	0		["理工"]	["双高计划"]
12796	14412	NULL	贵州工商职业大学	贵州	贵阳市	本科		财经	民办	省教育厅	2	2	2	0	0	0	0	0	0													0	0	0	0	0	0	0	0	0	0		["财经"]	
10746	10668	NULL	贵州工程应用技术学院	贵州	毕节市	本科		师范	公办	省政府	2	2	2	0	0	0	0	0	0			500				770	372			770	0.00	0	0	0	0	0	0	0	0	0	0		["师范"]	
12836	14558	NULL	贵州工程职业学院	贵州	铜仁市	专科		综合	民办	省教育厅	2	2	2	0	0	0	0	0	0													0	0	0	0	0	0	0	0	0	0		["综合"]	
12837	14559	NULL	贵州工贸职业学院	贵州	毕节市	专科		综合	民办	省教育厅	2	2	2	0	0	0	0	0	0													0	0	0	0	0	0	0	0	0	0		["综合"]	
10306	10663	NULL	贵州师范大学	贵州	贵阳市	本科	区域特色研究型	师范	公办	省政府	2	2	2	0	0	0	0	0	0			220		333		264	208			264	0.00	83	39	0	0	0	0	0	0	0	0		["师范"]	["研究生院", "保研", "省重点", "省属", "省部共建", "硕博点"]
10598	14223	NULL	贵州师范学院	贵州	贵阳市	本科		师范	公办	省政府	2	2	2	0	0	0	0	0	0			335				504	302			504	0.00	3	0	0	0	1	0	0	0	0	0		["师范"]	["研究生院", "省属", "硕博点"]
12878	14579	NULL	贵州应用技术职业学院	贵州	黔南布依族苗族自治州	专科		理工	民办	省教育厅	2	2	2	0	0	0	0	0	0													0	0	0	0	0	0	0	0	0	0		["理工"]	
12430	14516	NULL	贵州建设职业技术学院	贵州	贵阳市	专科		理工	公办	省政府	2	2	2	0	0	0	0	0	0													0	0	0	0	0	0	0	0	0	0		["理工"]	["省属", "现代学徒制试点学院"]
11407	14617	NULL	贵州护理职业技术学院	贵州	黔南布依族苗族自治州	专科		医药	公办	省政府	2	2	2	0	0	0	0	0	0													0	0	0	0	0	0	0	0	0	0		["医药"]	["现代学徒制试点学院"]
70072	14769	NULL	贵州文化旅游职业学院	贵州	贵阳市	专科		其它	公办	省政府	2	2	2	0	0	0	0	0	0													0	0	0	0	0	0	0	0	0	0		["其它"]	
11969	14733	NULL	贵州机电职业技术学院	贵州	黔南布依族苗族自治州	专科		综合	公办	省政府	2	2	2	0	0	0	0	0	0													0	0	0	0	0	0	0	0	0	0			
10451	10672	NULL	贵州民族大学	贵州	贵阳市	本科	应用型	民族	公办	省政府	2	2	2	0	0	0	0	0	0			279				497	302			497	0.00	11	2	0	0	0	0	0	0	0	0		["民族"]	["研究生院", "保研", "省重点", "省属", "省部共建"]
11966	14735	NULL	贵州民用航空职业学院	贵州	安顺市	专科		综合	民办	省教育厅	2	2	2	0	0	0	0	0	0													0	0	0	0	0	0	0	0	0	0		["综合"]	
12877	14577	NULL	贵州水利水电职业技术学院	贵州	贵阳市	专科		理工	公办	省政府	2	2	2	0	0	0	0	0	0													0	0	0	0	0	0	0	0	0	0		["理工"]	
10786	14440	NULL	贵州理工学院	贵州	贵阳市	本科		理工	公办	省政府	2	2	2	0	0	0	0	0	0			411				509	328			509	0.00	0	0	0	0	0	0	0	0	0	0		["理工"]	["省重点", "省属"]
70572	14849	NULL	贵州生态能源职业学院	贵州	贵阳市	专科		其它	公办	省林业局、省能源局共管	2	2	2	0	0	0	0	0	0													0	0	0	0	0	0	0	0	0	0		["其它"]	
11738	13053	NULL	贵州电力职业技术学院	贵州	贵阳市	专科		理工	公办	省政府	2	2	2	0	0	0	0	0	0													0	0	0	0	0	0	0	0	0	0		["理工"]	
12026	12336	NULL	贵州电子信息职业技术学院	贵州	黔东南苗族侗族自治州	专科		理工	公办	省政府	2	2	2	0	0	0	0	0	0													0	0	0	0	0	0	0	0	0	0		["理工"]	["省属", "现代学徒制试点学院"]
12875	14578	NULL	贵州电子商务职业技术学院	贵州	贵阳市	专科		综合	公办	省政府	2	2	2	0	0	0	0	0	0													0	0	0	0	0	0	0	0	0	0		["综合"]	["省属"]
12874	14580	NULL	贵州电子科技职业学院	贵州	贵阳市	专科		理工	公办	省政府	2	2	2	0	0	0	0	0	0													0	0	0	0	0	0	0	0	0	0		["理工"]	
12777	14371	NULL	贵州盛华职业学院	贵州	黔南布依族苗族自治州	专科		综合	民办	省教育厅	2	2	2	0	0	0	0	0	0													0	0	0	0	0	0	0	0	0	0		["综合"]	["现代学徒制试点学院"]
11403	14616	NULL	贵州经贸职业技术学院	贵州	黔南布依族苗族自治州	专科		财经	公办	省政府	2	2	2	0	0	0	0	0	0													0	0	0	0	0	0	0	0	0	0		["财经"]	
12421	14252	NULL	贵州职业技术学院	贵州	贵阳市	专科		综合	公办	省政府	2	2	2	0	0	0	0	0	0													0	0	0	0	0	0	0	0	0	0		["综合"]	["省属"]
12271	12223	NULL	贵州航天职业技术学院	贵州	遵义市	专科		理工	公办	省政府	2	2	2	0	0	0	0	0	0													0	0	0	0	0	0	0	0	0	0		["理工"]	
12876	50963	NULL	贵州航空职业技术学院	贵州	贵阳市	专科		理工	公办	省政府	2	2	2	0	0	0	0	0	0													0	0	0	0	0	0	0	0	0	0		["理工"]	
11405	14613	NULL	贵州装备制造职业学院	贵州	贵阳市	专科		理工	公办	省政府	2	2	2	0	0	0	0	0	0													0	0	0	0	0	0	0	0	0	0		["理工"]	["省属"]
10798	12107	NULL	贵州警察学院	贵州	贵阳市	本科		政法	公办	省政府	2	2	2	0	0	0	0	0	0			450				332	500			332	0.00	0	0	0	0	0	0	0	0	0	0		["政法"]	
10463	10671	NULL	贵州财经大学	贵州	贵阳市	本科	应用型	财经	公办	省政府	2	2	2	0	0	0	0	0	0			273		410		317	221			317	0.00	66	15	0	0	0	0	0	0	0	0		["财经"]	["研究生院", "省属", "硕博点"]
11830	14734	NULL	贵州财经职业学院	贵州	贵阳市	专科		财经	公办	省政府	2	2	2	0	0	0	0	0	0													0	0	0	0	0	0	0	0	0	0		["财经"]	
11732	13818	NULL	贵州轻工职业大学	贵州	贵阳市	本科		理工	公办	省政府	2	2	2	0	0	0	0	0	0							830				830	0.00	0	0	0	0	0	0	0	0	0	0		["理工"]	["双高计划", "高水平专业群建设单位", "现代学徒制试点学院"]
70351	14800	NULL	贵州铜仁数据职业学院	贵州	铜仁市	专科		其它	民办	省教育厅	2	2	2	0	0	0	0	0	0													0	0	0	0	0	0	0	0	0	0		["其它"]	
11404	14615	NULL	贵州食品工程职业学院	贵州	贵阳市	专科		综合	公办	省政府	2	2	2	0	0	0	0	0	0													0	0	0	0	0	0	0	0	0	0			
11233	13649	NULL	贵州黔南科技学院	贵州	黔南布依族苗族自治州	本科		综合	民办	省教育厅	2	2	2	0	0	0	0	0	0							1122				1122	0.00	0	0	0	0	0	0	0	0	0	0		["综合"]	
11367	13648	NULL	贵州黔南经济学院	贵州	黔南布依族苗族自治州	本科		财经	民办	省教育厅	2	2	2	0	0	0	0	0	0							1121				1121	0.00	0	0	0	0	0	0	0	0	0	0		["财经"]	
11172	13651	NULL	贵阳人文科技学院	贵州	贵阳市	本科		民族	民办	省教育厅	2	2	2	0	0	0	0	0	0							1080				1080	0.00	0	0	0	0	0	0	0	0	0	0		["民族"]	
11101	13650	NULL	贵阳信息科技学院	贵州	贵阳市	本科		综合	民办	省教育厅	2	2	2	0	0	0	0	0	0							1118				1118	0.00	0	0	0	0	0	0	0	0	0	0		["综合"]	
10639	10976	NULL	贵阳学院	贵州	贵阳市	本科		综合	公办	省政府	2	2	2	0	0	0	0	0	0			369				541	363			541	0.00	11	0	0	0	0	0	0	0	0	0		["综合"]	["省属", "硕博点"]
12441	14469	NULL	贵阳幼儿师范高等专科学校	贵州	贵阳市	专科		师范	公办	省政府	2	2	2	0	0	0	0	0	0													0	0	0	0	0	0	0	0	0	0		["师范"]	
70071	16206	NULL	贵阳康养职业大学	贵州	贵阳市	本科		医药	公办	省政府	2	2	2	0	0	0	0	0	0							734				734	0.00	0	0	0	0	0	0	0	0	0	0		["医药"]	
11924	14129	NULL	贵阳职业技术学院	贵州	贵阳市	专科		综合	公办	省政府	2	2	2	0	0	0	0	0	0													0	0	0	0	0	0	0	0	0	0		["综合"]	["现代学徒制试点学院"]
10662	11838	NULL	贺州学院	广西	贺州市	本科		综合	公办	自治区政府	2	2	2	0	0	0	0	0	0			497				566	382			566	0.00	3	0	0	0	0	0	0	0	0	0		["综合"]	["研究生院", "硕博点"]
12182	14673	NULL	资阳口腔职业学院	四川	资阳市	专科		医药	民办	省教育厅	2	2	2	0	0	0	0	0	0													0	0	0	0	0	0	0	0	0	0		["医药"]	
12282	14674	NULL	资阳环境科技职业学院	四川	资阳市	专科		理工	民办	省教育厅	2	2	2	0	0	0	0	0	0													0	0	0	0	0	0	0	0	0	0		["理工"]	
11011	13432	NULL	赣东学院	江西	抚州市	本科		综合	公办	省政府	2	2	2	0	0	0	0	0	0			500				730	500			730	0.00	0	0	0	0	0	0	0	0	0	0		["综合"]	
70586	14856	NULL	赣东职业技术学院	江西	抚州市	专科		综合	民办	省教育厅	2	2	2	0	0	0	0	0	0													0	0	0	0	0	0	0	0	0	0		["综合"]	
10783	10413	NULL	赣南医科大学	江西	赣州市	本科		医药	公办	省政府	2	2	2	0	0	0	0	0	0			300		408		613	238			613	0.00	11	0	0	0	0	0	0	0	0	0		["医药"]	["硕博点"]
12879	14569	NULL	赣南卫生健康职业学院	江西	赣州市	专科		医药	公办	省政府	2	2	2	0	0	0	0	0	0													0	0	0	0	0	0	0	0	0	0		["医药"]	
10420	10418	NULL	赣南师范大学	江西	赣州市	本科	应用型	师范	公办	省政府	2	2	2	0	0	0	0	0	0			252		353		534	234			534	0.00	20	1	0	0	0	0	0	0	0	0		["师范"]	["研究生院", "省属"]
11007	13439	NULL	赣南师范大学科技学院	江西	赣州市	本科		师范	民办	省教育厅	2	2	2	0	0	0	0	0	0							947				947	0.00	0	0	0	0	0	0	0	0	0	0		["师范"]	
11077	13434	NULL	赣南科技学院	江西	赣州市	本科		理工	公办	省政府	2	2	2	0	0	0	0	0	0			500				741	500			741	0.00	0	0	0	0	0	0	0	0	0	0		["理工"]	
12045	14465	NULL	赣州师范高等专科学校	江西	赣州市	专科		师范	公办	省政府	2	2	2	0	0	0	0	0	0													0	0	0	0	0	0	0	0	0	0		["师范"]	
12093	14665	NULL	赣州职业技术学院	江西	赣州市	专科		综合	公办	省政府	2	2	2	0	0	0	0	0	0													0	0	0	0	0	0	0	0	0	0		["综合"]	
70633	14921	NULL	赣州起元职业学院	江西	赣州市	专科			民办	省教育厅	2	2	2	0	0	0	0	0	0													0	0	0	0	0	0	0	0	0	0			
70636	14922	NULL	赣州远恒佳职业学院	江西	赣州市	专科			民办	省教育厅	2	2	2	0	0	0	0	0	0													0	0	0	0	0	0	0	0	0	0			
11987	13873	NULL	赣西科技职业学院	江西	新余市	专科		综合	民办	省教育厅	2	2	2	0	0	0	0	0	0													0	0	0	0	0	0	0	0	0	0		["综合"]	
10766	10138	NULL	赤峰大学	内蒙古	赤峰市	本科		综合	公办	自治区政府	2	2	2	0	0	0	0	0	0			500				768	341			768	0.00	13	0	0	0	0	0	0	0	0	0		["综合"]	["研究生院"]
11477	14338	NULL	赤峰工业职业技术学院	内蒙古	赤峰市	专科		理工	公办	自治区政府	2	2	2	0	0	0	0	0	0													0	0	0	0	0	0	0	0	0	0		["理工"]	
11851	14699	NULL	赤峰应用技术职业学院	内蒙古	赤峰市	专科		综合	公办	自治区政府	2	2	2	0	0	0	0	0	0													0	0	0	0	0	0	0	0	0	0		["综合"]	
10791	11779	NULL	辽东学院	辽宁	丹东市	本科		综合	公办	省政府	2	2	2	0	0	0	0	0	0			500				661	399			661	0.00	0	0	0	0	0	0	0	0	0	0		["综合"]	["省属"]
10377	10162	NULL	辽宁中医药大学	辽宁	沈阳市	本科	区域特色研究型	医药	公办	省政府	2	2	2	0	0	0	0	0	0			189				337	211			337	0.00	23	13	0	0	1	0	0	0	0	0		["医药"]	["研究生院", "保研", "省重点", "省部共建", "硕博点"]
11280	13609	NULL	辽宁中医药大学杏林学院	辽宁	沈阳市	本科		医药	民办	省教育厅	2	2	2	0	0	0	0	0	0							955				955	0.00	0	0	0	0	0	0	0	0	0	0		["医药"]	["省属"]
10912	13957	NULL	辽宁传媒学院	辽宁	沈阳市	本科		艺术	民办	省教育厅	2	2	2	0	0	0	0	0	0							1234				1234	0.00	0	0	0	0	0	0	0	0	0	0		["艺术"]	
12710	12591	NULL	辽宁体育运动职业技术学院	辽宁	沈阳市	专科		体育	公办	省政府	2	2	2	0	0	0	0	0	0													0	0	0	0	0	0	0	0	0	0		["体育"]	
11346	13610	NULL	辽宁何氏医学院	辽宁	沈阳市	本科		医药	民办	省教育厅	2	2	2	0	0	0	0	0	0							1034				1034	0.00	0	0	0	0	0	0	0	0	0	0		["医药"]	
11974	10957	NULL	辽宁农业职业技术学院	辽宁	营口市	专科		农林	公办	省政府	2	2	2	0	0	0	0	0	0													0	0	0	0	0	0	0	0	0	0			
11543	14286	NULL	辽宁冶金职业技术学院	辽宁	本溪市	专科		理工	公办	省政府	2	2	2	0	0	0	0	0	0													0	0	0	0	0	0	0	0	0	0		["理工"]	["省属", "现代学徒制试点学院"]
12417	14289	NULL	辽宁医药职业学院	辽宁	沈阳市	专科		医药	公办	省政府	2	2	2	0	0	0	0	0	0													0	0	0	0	0	0	0	0	0	0		["医药"]	["现代学徒制试点学院"]
12241	13960	NULL	辽宁商贸职业学院	辽宁	沈阳市	专科		财经	公办	省政府	2	2	2	0	0	0	0	0	0													0	0	0	0	0	0	0	0	0	0		["财经"]	["省属"]
12306	14106	NULL	辽宁地质工程职业学院	辽宁	丹东市	专科		理工	公办	省政府	2	2	2	0	0	0	0	0	0													0	0	0	0	0	0	0	0	0	0		["理工"]	["省属"]
12468	14288	NULL	辽宁城市建设职业技术学院	辽宁	沈阳市	专科		理工	公办	省政府	2	2	2	0	0	0	0	0	0													0	0	0	0	0	0	0	0	0	0		["理工"]	["省属", "现代学徒制试点学院"]
10125	10140	NULL	辽宁大学	辽宁	沈阳市	本科	区域研究型	综合	公办	省政府	2	1	1	0	1	1	1	0	1			125		220		104	93			104	0.00	155	78	0	0	1	0	0	0	0	0		["综合"]	["211", "双一流", "101计划", "研究生院", "保研", "国重点", "省属", "硕博点"]
11022	10841	NULL	辽宁对外经贸学院	辽宁	大连市	本科		财经	民办	省教育厅	2	2	2	0	0	0	0	0	0							1250				1250	0.00	0	0	0	0	0	0	0	0	0	0		["财经"]	["省属"]
10535	10154	NULL	辽宁工业大学	辽宁	锦州市	本科		理工	公办	省政府	2	2	2	0	0	0	0	0	0			279		426		480	265			480	0.00	22	0	0	0	0	0	0	0	0	0		["理工"]	["省重点", "省属", "硕博点"]
10250	10147	NULL	辽宁工程技术大学	辽宁	阜新市	本科	区域特色研究型	理工	公办	省政府	2	2	2	0	0	0	0	0	0			271		425		404	148			404	0.00	30	14	0	0	1	0	0	0	0	0		["理工"]	["研究生院", "保研", "国重点", "省部共建", "硕博点"]
11797	14287	NULL	辽宁工程职业学院	辽宁	铁岭市	专科		理工	公办	省政府	2	2	2	0	0	0	0	0	0													0	0	0	0	0	0	0	0	0	0		["理工"]	
10264	10165	NULL	辽宁师范大学	辽宁	大连市	本科	区域特色研究型	师范	公办	省政府	2	2	2	0	0	0	0	0	0			162		331		190	172			190	0.00	71	30	0	0	1	0	0	0	0	0		["师范"]	["研究生院", "保研", "省重点", "省属", "硕博点"]
11287	13215	NULL	辽宁师范大学海华学院	辽宁	大连市	本科		师范	民办	省教育厅	2	2	2	0	0	0	0	0	0							1100				1100	0.00	0	0	0	0	0	0	0	0	0	0		["师范"]	
11847	14662	NULL	辽宁师范高等专科学校	辽宁	沈阳市	专科		师范	公办	省政府	2	2	2	0	0	0	0	0	0													0	0	0	0	0	0	0	0	0	0		["师范"]	
12436	12897	NULL	辽宁广告职业学院	辽宁	沈阳市	专科		艺术	民办	省教育厅	2	2	2	0	0	0	0	0	0													0	0	0	0	0	0	0	0	0	0		["艺术"]	["省属"]
11613	14189	NULL	辽宁建筑职业学院	辽宁	辽阳市	专科		理工	公办	省政府	2	2	2	0	0	0	0	0	0													0	0	0	0	0	0	0	0	0	0		["理工"]	["省属", "现代学徒制试点学院"]
12553	14398	NULL	辽宁政法职业学院	辽宁	沈阳市	专科		政法	公办	省政府	2	2	2	0	0	0	0	0	0													0	0	0	0	0	0	0	0	0	0		["政法"]	["省属"]
11908	12898	NULL	辽宁机电职业技术学院	辽宁	丹东市	专科		理工	公办	省政府	2	2	2	0	0	0	0	0	0													0	0	0	0	0	0	0	0	0	0		["理工"]	["双高计划", "高水平专业群建设单位", "现代学徒制试点学院"]
12018	14464	NULL	辽宁民族师范高等专科学校	辽宁	沈阳市	专科		师范	公办	省政府	2	2	2	0	0	0	0	0	0													0	0	0	0	0	0	0	0	0	0		["师范"]	["省属"]
12185	14526	NULL	辽宁特殊教育师范高等专科学校	辽宁	沈阳市	专科		师范	公办	省政府	2	2	2	0	0	0	0	0	0													0	0	0	0	0	0	0	0	0	0		["师范"]	["省属"]
12542	14240	NULL	辽宁现代服务职业技术学院	辽宁	沈阳市	专科		财经	公办	省政府	2	2	2	0	0	0	0	0	0													0	0	0	0	0	0	0	0	0	0		["财经"]	["省属", "现代学徒制试点学院"]
11213	13217	NULL	辽宁理工学院	辽宁	锦州市	本科		理工	民办	省教育厅	2	2	2	0	0	0	0	0	0							1204				1204	0.00	0	0	0	0	0	0	0	0	0	0		["理工"]	
11246	12595	NULL	辽宁理工职业大学	辽宁	锦州市	本科		理工	民办	省教育厅	2	2	2	0	0	0	0	0	0							1275				1275	0.00	0	0	0	0	0	0	0	0	0	0		["理工"]	
12278	12593	NULL	辽宁生态工程职业学院	辽宁	沈阳市	专科		理工	公办	省政府	2	2	2	0	0	0	0	0	0													0	0	0	0	0	0	0	0	0	0		["理工"]	["省属", "现代学徒制试点学院"]
11652	11500	NULL	辽宁省交通高等专科学校	辽宁	沈阳市	专科		理工	公办	省政府	2	2	2	0	0	0	0	0	0													0	0	0	0	0	0	0	0	0	0		["理工"]	["省属", "高水平学校建设单位", "国家级示范", "现代学徒制试点学院"]
11988	12900	NULL	辽宁石化职业技术学院	辽宁	锦州市	专科		理工	公办	省政府	2	2	2	0	0	0	0	0	0													0	0	0	0	0	0	0	0	0	0			
10465	10148	NULL	辽宁石油化工大学	辽宁	抚顺市	本科	应用型	理工	公办	省政府	2	2	2	0	0	0	0	0	0			263		395		408	281			408	0.00	30	2	0	0	0	0	0	0	0	0		["理工"]	["研究生院", "保研", "省重点", "省属", "省部共建", "硕博点"]
10343	10146	NULL	辽宁科技大学	辽宁	鞍山市	本科	应用型	理工	公办	省政府	2	2	2	0	0	0	0	0	0			304		300		475	231			475	0.00	17	5	0	0	0	0	0	0	0	0		["理工"]	["研究生院", "保研", "省重点", "省属", "硕博点"]
10771	11430	NULL	辽宁科技学院	辽宁	本溪市	本科		理工	公办	省政府	2	2	2	0	0	0	0	0	0			500				639	433			639	0.00	0	0	0	0	0	0	0	0	0	0		["理工"]	["省属"]
12060	12899	NULL	辽宁经济职业技术学院	辽宁	沈阳市	专科		财经	公办	省政府	2	2	2	0	0	0	0	0	0													0	0	0	0	0	0	0	0	0	0		["财经"]	["高水平专业群建设单位", "现代学徒制试点学院"]
12141	12592	NULL	辽宁职业学院	辽宁	铁岭市	专科		综合	公办	省政府	2	2	2	0	0	0	0	0	0													0	0	0	0	0	0	0	0	0	0		["综合"]	["省属", "国家级骨干", "现代学徒制试点学院"]
12173	14076	NULL	辽宁装备制造职业技术学院	辽宁	沈阳市	专科		理工	公办	省政府	2	2	2	0	0	0	0	0	0													0	0	0	0	0	0	0	0	0	0		["理工"]	
10797	11432	NULL	辽宁警察学院	辽宁	大连市	本科		政法	公办	省政府	2	2	2	0	0	0	0	0	0			343				526	500			526	0.00	0	0	0	0	0	0	0	0	0	0		["政法"]	["省属"]
11277	13900	NULL	辽宁财贸学院	辽宁	葫芦岛	本科		财经	民办	省教育厅	2	2	2	0	0	0	0	0	0							1207				1207	0.00	0	0	0	0	0	0	0	0	0	0		["财经"]	
12301	12896	NULL	辽宁轨道交通职业学院	辽宁	沈阳市	专科		理工	公办	省政府	2	2	2	0	0	0	0	0	0													0	0	0	0	0	0	0	0	0	0		["理工"]	["双高计划", "现代学徒制试点学院"]
12434	14473	NULL	辽宁轻工职业学院	辽宁	大连市	专科		综合	公办	省政府	2	2	2	0	0	0	0	0	0													0	0	0	0	0	0	0	0	0	0		["综合"]	["省属", "现代学徒制试点学院"]
12356	12895	NULL	辽宁金融职业学院	辽宁	沈阳市	专科		财经	公办	省政府	2	2	2	0	0	0	0	0	0													0	0	0	0	0	0	0	0	0	0		["财经"]	["省属", "现代学徒制试点学院"]
12420	14188	NULL	辽宁铁道职业技术学院	辽宁	锦州市	专科		理工	公办	省政府	2	2	2	0	0	0	0	0	0													0	0	0	0	0	0	0	0	0	0		["理工"]	
11554	14077	NULL	辽河石油职业技术学院	辽宁	盘锦市	专科		理工	公办	省政府	2	2	2	0	0	0	0	0	0													0	0	0	0	0	0	0	0	0	0		["理工"]	
12551	10847	NULL	辽源职业技术学院	吉林	辽源市	专科		理工	公办	省政府	2	2	2	0	0	0	0	0	0													0	0	0	0	0	0	0	0	0	0		["理工"]	
11907	11249	NULL	辽阳职业技术学院	辽宁	辽阳市	专科		综合	公办	省政府	2	2	2	0	0	0	0	0	0													0	0	0	0	0	0	0	0	0	0		["综合"]	
12071	14669	NULL	达州中医药职业学院	四川	达州市	专科		医药	公办	省政府	2	2	2	0	0	0	0	0	0													0	0	0	0	0	0	0	0	0	0			
11911	12767	NULL	达州职业技术学院	四川	达州市	专科		综合	公办	省政府	2	2	2	0	0	0	0	0	0													0	0	0	0	0	0	0	0	0	0		["综合"]	
10634	10123	NULL	运城学院	山西	运城市	本科		综合	公办	省政府	2	2	2	0	0	0	0	0	0			500				973	416			973	0.00	3	0	0	0	0	0	0	0	0	0		["综合"]	["省属"]
11461	14461	NULL	运城师范高等专科学校	山西	运城市	专科		综合	公办	省政府	2	2	2	0	0	0	0	0	0													0	0	0	0	0	0	0	0	0	0		["综合"]	
11671	14093	NULL	运城幼儿师范高等专科学校	山西	运城市	专科		师范	公办	省政府	2	2	2	0	0	0	0	0	0													0	0	0	0	0	0	0	0	0	0		["师范"]	
12225	14397	NULL	运城护理职业学院	山西	运城市	专科		医药	公办	省政府	2	2	2	0	0	0	0	0	0													0	0	0	0	0	0	0	0	0	0		["医药"]	
11276	14226	NULL	运城职业技术大学	山西	运城市	本科		综合	民办	省教育厅	2	2	2	0	0	0	0	0	0							1058				1058	0.00	0	0	0	0	0	0	0	0	0	0		["综合"]	["现代学徒制试点学院"]
11482	11585	NULL	连云港师范学院	江苏	连云港市	本科		师范	公办	省政府	2	2	2	0	0	0	0	0	0							799	500			799	0.00	0	0	0	0	0	0	0	0	0	0		["师范"]	
11561	11050	NULL	连云港职业技术学院	江苏	连云港市	专科		综合	公办	省政府	2	2	2	0	0	0	0	0	0													0	0	0	0	0	0	0	0	0	0		["综合"]	
70070	14744	NULL	通化医药健康职业学院	吉林	通化市	专科		医药	公办	省政府	2	2	2	0	0	0	0	0	0													0	0	0	0	0	0	0	0	0	0		["医药"]	
10638	10202	NULL	通化师范学院	吉林	通化市	本科		师范	公办	省政府	2	2	2	0	0	0	0	0	0			459				777	382			777	0.00	0	0	0	0	0	0	0	0	0	0		["师范"]	["省属"]
11929	13740	NULL	通辽职业学院	内蒙古	通辽市	专科		综合	公办	自治区政府	2	2	2	0	0	0	0	0	0													0	0	0	0	0	0	0	0	0	0			
70374	14835	NULL	遂宁工程职业学院	四川	遂宁市	专科		综合	民办	省教育厅	2	2	2	0	0	0	0	0	0													0	0	0	0	0	0	0	0	0	0		["综合"]	
70372	14836	NULL	遂宁职业学院	四川	遂宁市	专科		综合	民办	省教育厅	2	2	2	0	0	0	0	0	0													0	0	0	0	0	0	0	0	0	0		["综合"]	
70373	14834	NULL	遂宁能源职业学院	四川	遂宁市	专科		理工	民办	省教育厅	2	2	2	0	0	0	0	0	0													0	0	0	0	0	0	0	0	0	0		["理工"]	
10515	10661	NULL	遵义医科大学	贵州	遵义市	本科	应用型	医药	公办	省政府	2	2	2	0	0	0	0	0	0			216		375		283	198			283	0.00	54	1	0	0	4	0	0	0	0	0		["医药"]	["研究生院", "保研", "省属", "省部共建", "硕博点"]
11086	13653	NULL	遵义医科大学医学与科技学院	贵州	遵义市	本科		医药	民办	省教育厅	2	2	2	0	0	0	0	0	0							904				904	0.00	0	0	0	0	0	0	0	0	0	0		["医药"]	
11695	14011	NULL	遵义医药高等专科学校	贵州	遵义市	专科		医药	公办	省政府	2	2	2	0	0	0	0	0	0													0	0	0	0	0	0	0	0	0	0		["医药"]	
10595	10664	NULL	遵义师范学院	贵州	遵义市	本科		师范	公办	省政府	2	2	2	0	0	0	0	0	0			378				588	363			588	0.00	2	0	0	0	0	0	0	0	0	0		["师范"]	["省属"]
12253	12824	NULL	遵义职业技术学院	贵州	遵义市	专科		综合	公办	省政府	2	2	2	0	0	0	0	0	0													0	0	0	0	0	0	0	0	0	0		["综合"]	
11614	12884	NULL	邢台医学院	河北	邢台市	本科		医药	公办	省政府	2	2	2	0	0	0	0	0	0							793	500			793	0.00	82	3	0	0	0	0	0	0	0	0		["医药"]	
10858	10104	NULL	邢台学院	河北	邢台市	本科		综合	公办	省政府	2	2	2	0	0	0	0	0	0			500				666	455			666	0.00	0	0	0	0	0	0	0	0	0	0		["综合"]	
70062	14742	NULL	邢台应用技术职业学院	河北	邢台市	专科		理工	民办	省教育厅	2	2	2	0	0	0	0	0	0													0	0	0	0	0	0	0	0	0	0		["理工"]	
70591	14852	NULL	邢台新能源职业学院	河北	邢台市	专科		其它	民办	省教育厅	2	2	2	0	0	0	0	0	0													0	0	0	0	0	0	0	0	0	0		["其它"]	
10808	10103	NULL	邯郸学院	河北	邯郸市	本科		师范	公办	省政府	2	2	2	0	0	0	0	0	0			500				631	447			631	0.00	0	0	0	0	0	0	0	0	0	0		["师范"]	
11831	14686	NULL	邯郸幼儿师范高等专科学校	河北	邯郸市	专科		师范	公办	省政府	2	2	2	0	0	0	0	0	0													0	0	0	0	0	0	0	0	0	0		["师范"]	
70338	14787	NULL	邯郸应用技术职业学院	河北	邯郸市	专科		医药	民办	省教育厅	2	2	2	0	0	0	0	0	0													0	0	0	0	0	0	0	0	0	0		["医药"]	
11886	14695	NULL	邯郸科技职业学院	河北	邯郸市	专科		理工	公办	省政府	2	2	2	0	0	0	0	0	0													0	0	0	0	0	0	0	0	0	0		["理工"]	
11627	11034	NULL	邯郸职业技术学院	河北	邯郸市	专科		理工	公办	省政府	2	2	2	0	0	0	0	0	0													0	0	0	0	0	0	0	0	0	0		["理工"]	["国家级骨干", "现代学徒制试点学院"]
10591	10547	NULL	邵阳学院	湖南	邵阳市	本科		综合	公办	省政府	2	2	2	0	0	0	0	0	0			438				808	313			808	0.00	2	0	0	0	0	0	0	0	0	0		["综合"]	["省属"]
70378	14815	NULL	邵阳工业职业技术学院	湖南	邵阳市	专科		理工	公办	省政府	2	2	2	0	0	0	0	0	0													0	0	0	0	0	0	0	0	0	0		["理工"]	
12218	12600	NULL	邵阳职业技术学院	湖南	邵阳市	专科		综合	公办	省政府	2	2	2	0	0	0	0	0	0													0	0	0	0	0	0	0	0	0	0		["综合"]	
70662	14934	NULL	邵阳通航职业技术学院	湖南	邵阳市	专科		理工	民办		2	2	2	0	0	0	0	0	0													0	0	0	0	0	0	0	0	0	0		["理工"]	
11821	14685	NULL	郑州亚欧交通职业学院	河南	郑州市	专科		理工		省教育厅	2	2	2	0	0	0	0	0	0													0	0	0	0	0	0	0	0	0	0		["理工"]	
12078	14720	NULL	郑州体育职业学院	河南	郑州市	专科		体育	民办	省教育厅	2	2	2	0	0	0	0	0	0													0	0	0	0	0	0	0	0	0	0		["体育"]	
11731	14303	NULL	郑州信息工程职业学院	河南	郑州市	专科		综合	民办	省教育厅	2	2	2	0	0	0	0	0	0													0	0	0	0	0	0	0	0	0	0		["综合"]	
12575	13565	NULL	郑州信息科技职业学院	河南	郑州市	专科		理工	公办	省政府	2	2	2	0	0	0	0	0	0													0	0	0	0	0	0	0	0	0	0		["理工"]	["现代学徒制试点学院"]
11878	12948	NULL	郑州健康学院	河南	郑州市	本科		医药	民办	省教育厅	2	2	2	0	0	0	0	0	0							1033				1033	0.00	0	0	0	0	0	0	0	0	0	0		["医药"]	
70058	14754	NULL	郑州医药健康职业学院	河南	郑州市	专科		医药	民办	省教育厅	2	2	2	0	0	0	0	0	0													0	0	0	0	0	0	0	0	0	0		["医药"]	
11239	14333	NULL	郑州升达经贸管理学院	河南	郑州市	本科		财经	民办	省教育厅	2	2	2	0	0	0	0	0	0							995				995	0.00	0	0	0	0	0	0	0	0	0	0		["财经"]	
12737	14635	NULL	郑州卫生健康职业学院	河南	郑州市	专科		医药	公办	省政府	2	2	2	0	0	0	0	0	0													0	0	0	0	0	0	0	0	0	0		["医药"]	
11362	14040	NULL	郑州商学院	河南	郑州市	本科		财经	民办	省教育厅	2	2	2	0	0	0	0	0	0							952				952	0.00	0	0	0	0	0	0	0	0	0	0		["财经"]	
12469	14380	NULL	郑州商贸旅游职业学院	河南	郑州市	专科		综合	民办	省教育厅	2	2	2	0	0	0	0	0	0													0	0	0	0	0	0	0	0	0	0		["综合"]	
12602	14235	NULL	郑州城市职业学院	河南	郑州市	专科		理工	民办	省教育厅	2	2	2	0	0	0	0	0	0													0	0	0	0	0	0	0	0	0	0		["理工"]	
70057	14753	NULL	郑州城建职业学院	河南	郑州市	专科		理工	民办	省教育厅	2	2	2	0	0	0	0	0	0													0	0	0	0	0	0	0	0	0	0		["理工"]	
10060	10459	NULL	郑州大学	河南	郑州市	本科	区域研究型	综合	公办	省政府	2	1	1	0	1	1	1	0	1			44	38	29		120	64			120	0.00	204	109	0	0	9	0	0	0	0	0		["综合"]	["211", "双一流", "101计划", "研究生院", "保研", "国重点", "省属", "省部共建", "硕博点"]
12450	13786	NULL	郑州工业安全职业学院	河南	郑州市	专科		理工	公办	省政府	2	2	2	0	0	0	0	0	0													0	0	0	0	0	0	0	0	0	0		["理工"]	["省属"]
11189	12747	NULL	郑州工业应用技术学院	河南	郑州市	本科		理工	民办	省教育厅	2	2	2	0	0	0	0	0	0							1037				1037	0.00	0	0	0	0	0	0	0	0	0	0		["理工"]	
11069	13507	NULL	郑州工商学院	河南	郑州市	本科		财经	民办	省教育厅	2	2	2	0	0	0	0	0	0							924				924	0.00	0	0	0	0	0	0	0	0	0	0		["财经"]	
10892	11068	NULL	郑州工程技术学院	河南	郑州市	本科		理工	公办	省政府	2	2	2	0	0	0	0	0	0			500				794	481			794	0.00	0	0	0	0	0	0	0	0	0	0		["理工"]	["省属"]
10778	12949	NULL	郑州师范学院	河南	郑州市	本科		师范	公办	省政府	2	2	2	0	0	0	0	0	0			500				433	328			433	0.00	0	0	0	0	0	0	0	0	0	0		["师范"]	
12340	14391	NULL	郑州幼儿师范高等专科学校	河南	郑州市	专科		师范	公办	省政府	2	2	2	0	0	0	0	0	0													0	0	0	0	0	0	0	0	0	0		["师范"]	
12364	13791	NULL	郑州旅游职业学院	河南	郑州市	专科		其它	公办	省政府	2	2	2	0	0	0	0	0	0													0	0	0	0	0	0	0	0	0	0		["其它"]	
70348	14797	NULL	郑州智能科技职业学院	河南	郑州市	专科		其它	民办	省教育厅	2	2	2	0	0	0	0	0	0													0	0	0	0	0	0	0	0	0	0		["其它"]	
70370	14813	NULL	郑州汽车工程职业学院	河南	郑州市	专科		理工	民办	省教育厅	2	2	2	0	0	0	0	0	0													0	0	0	0	0	0	0	0	0	0		["理工"]	
12752	14302	NULL	郑州理工职业学院	河南	郑州市	专科		理工	民办	省教育厅	2	2	2	0	0	0	0	0	0													0	0	0	0	0	0	0	0	0	0		["理工"]	
11943	14062	NULL	郑州电力职业技术学院	河南	郑州市	专科		理工	民办	省教育厅	2	2	2	0	0	0	0	0	0													0	0	0	0	0	0	0	0	0	0		["理工"]	
11870	11828	NULL	郑州电力高等专科学校	河南	郑州市	专科		理工	公办	省政府	2	2	2	0	0	0	0	0	0													0	0	0	0	0	0	0	0	0	0		["理工"]	
12236	13783	NULL	郑州电子信息职业技术学院	河南	郑州市	专科		综合	民办	省教育厅	2	2	2	0	0	0	0	0	0													0	0	0	0	0	0	0	0	0	0		["综合"]	
12076	14718	NULL	郑州电子商务职业学院	河南	郑州市	专科		综合	民办	省教育厅	2	2	2	0	0	0	0	0	0													0	0	0	0	0	0	0	0	0	0		["综合"]	
11314	12746	NULL	郑州科技学院	河南	郑州市	本科		理工	民办	省教育厅	2	2	2	0	0	0	0	0	0							957				957	0.00	0	0	0	0	0	0	0	0	0	0		["理工"]	
11219	13508	NULL	郑州经贸学院	河南	郑州市	本科		财经	民办	省教育厅	2	2	2	0	0	0	0	0	0							920				920	0.00	0	0	0	0	0	0	0	0	0	0		["财经"]	
11034	14831	NULL	郑州美术学院	河南	郑州市	本科		艺术	民办	省教育厅	2	2	2	0	0	0	0	0	0							901	500					0	0	0	0	0	0	0	0	0	0		["艺术"]	
11741	13792	NULL	郑州职业技术学院	河南	郑州市	专科		理工	公办	省政府	2	2	2	0	0	0	0	0	0													0	0	0	0	0	0	0	0	0	0		["理工"]	
10541	10485	NULL	郑州航空工业管理学院	河南	郑州市	本科		理工	公办	省政府	2	2	2	0	0	0	0	0	0			275		449		498	279			498	0.00	28	0	0	0	1	0	0	0	0	0		["理工"]	["省属", "省部共建", "硕博点"]
11382	14654	NULL	郑州西亚斯学院	河南	郑州市	本科		综合	民办	省教育厅	2	2	2	0	0	0	0	0	0							959				959	0.00	0	0	0	0	0	0	0	0	0	0		["综合"]	
10800	12735	NULL	郑州警察学院	河南	郑州市	本科		政法	公办	公安部	2	2	2	0	0	0	0	0	0			372				463	500			463	0.00	0	0	0	0	0	0	0	0	0	0		["政法"]	["部委院校"]
12460	14478	NULL	郑州财税金融职业学院	河南	郑州市	专科		财经	公办	省政府	2	2	2	0	0	0	0	0	0													0	0	0	0	0	0	0	0	0	0		["财经"]	
11294	13497	NULL	郑州财经学院	河南	郑州市	本科		财经	民办	省教育厅	2	2	2	0	0	0	0	0	0							985				985	0.00	0	0	0	0	0	0	0	0	0	0		["财经"]	
12077	14719	NULL	郑州轨道工程职业学院	河南	郑州市	专科		理工	民办	省教育厅	2	2	2	0	0	0	0	0	0													0	0	0	0	0	0	0	0	0	0		["理工"]	
70347	14796	NULL	郑州软件职业技术学院	河南	郑州市	专科		理工	民办	省教育厅	2	2	2	0	0	0	0	0	0													0	0	0	0	0	0	0	0	0	0		["理工"]	
10441	10462	NULL	郑州轻工业大学	河南	郑州市	本科	应用型	理工	公办	省政府	2	2	2	0	0	0	0	0	0			258		278		301	225			301	0.00	32	9	0	0	2	0	0	0	0	0		["理工"]	["研究生院", "保研", "省部共建", "硕博点"]
11568	10843	NULL	郑州铁路职业技术学院	河南	郑州市	专科		综合	公办	省政府	2	2	2	0	0	0	0	0	0													0	0	0	0	0	0	0	0	0	0			
70369	14812	NULL	郑州食品工程职业学院	河南	郑州市	专科		综合	民办	省教育厅	2	2	2	0	0	0	0	0	0													0	0	0	0	0	0	0	0	0	0		["综合"]	
12805	14405	NULL	郑州黄河护理职业学院	河南	郑州市	专科		医药	民办	省教育厅	2	2	2	0	0	0	0	0	0													0	0	0	0	0	0	0	0	0	0		["医药"]	
70381	14819	NULL	郴州思科职业学院	湖南	郴州市	专科		综合	民办	省教育厅	2	2	2	0	0	0	0	0	0													0	0	0	0	0	0	0	0	0	0		["综合"]	
70627	14905	NULL	郴州智能科技职业学院	湖南	郴州市	专科			民办	湖南省教育厅	2	2	2	0	0	0	0	0	0													0	0	0	0	0	0	0	0	0	0			
12047	12847	NULL	郴州职业技术学院	湖南	郴州市	专科		综合	公办	省政府	2	2	2	0	0	0	0	0	0													0	0	0	0	0	0	0	0	0	0			
10908	14532	NULL	鄂尔多斯应用技术学院	内蒙古	鄂尔多斯市	本科		综合	公办	自治区政府	2	2	2	0	0	0	0	0	0			500				913	481			913	0.00	0	0	0	0	1	0	0	0	0	0		["综合"]	
11815	14501	NULL	鄂尔多斯生态环境职业学院	内蒙古	鄂尔多斯市	专科		理工	公办	自治区政府	2	2	2	0	0	0	0	0	0													0	0	0	0	0	0	0	0	0	0		["理工"]	
12235	14248	NULL	鄂尔多斯职业学院	内蒙古	鄂尔多斯市	专科		综合	公办	自治区政府	2	2	2	0	0	0	0	0	0													0	0	0	0	0	0	0	0	0	0		["综合"]	["现代学徒制试点学院"]
11523	11335	NULL	鄂州职业大学	湖北	鄂州市	专科		综合	公办	省政府	2	2	2	0	0	0	0	0	0													0	0	0	0	0	0	0	0	0	0		["综合"]	["国家级骨干"]
12355	12539	NULL	酒泉职业技术大学	甘肃	酒泉市	本科		理工	公办	省政府	2	2	2	0	0	0	0	0	0							964				964	0.00	0	0	0	0	0	0	0	0	0	0		["理工"]	["双高计划", "高水平专业群建设单位", "国家级骨干", "现代学徒制试点学院"]
11658	14008	NULL	重庆三峡医药高等专科学校	重庆	万州区	专科		医药	公办	市政府	2	2	2	0	0	0	0	0	0													0	0	0	0	0	0	0	0	0	0		["医药"]	["高水平专业群建设单位", "现代学徒制试点学院"]
10699	10643	NULL	重庆三峡科技大学	重庆	万州区	本科		综合	公办	市政府	2	2	2	0	0	0	0	0	0			380				587	341			587	0.00	15	0	0	0	0	0	0	0	0	0		["综合"]	
11781	12605	NULL	重庆三峡职业学院	重庆	万州区	专科		综合	公办	市政府	2	2	2	0	0	0	0	0	0													0	0	0	0	0	0	0	0	0	0		["综合"]	["双高计划", "高水平专业群建设单位", "现代学徒制试点学院"]
70385	14830	NULL	重庆中医药学院	重庆	璧山区	本科		医药	公办	市政府	2	2	2	0	0	0	0	0	0							278	399			278	0.00	4	2	0	0	0	0	0	0	0	0		["医药"]	["硕博点"]
70092	14776	NULL	重庆五一职业技术学院	重庆	重庆市	专科		综合	公办	市政府	2	2	2	0	0	0	0	0	0													0	0	0	0	0	0	0	0	0	0		["综合"]	
10291	10618	NULL	重庆交通大学	重庆	南岸区	本科	区域特色研究型	理工	公办	市政府	2	2	2	0	0	0	0	0	0			191		245		269	208			269	0.00	28	5	0	0	1	0	0	0	0	0		["理工"]	["研究生院", "保研", "省部共建"]
12309	14267	NULL	重庆交通职业学院	重庆	江津区	专科		理工	民办	市教委	2	2	2	0	0	0	0	0	0													0	0	0	0	0	0	0	0	0	0		["理工"]	
11308	13548	NULL	重庆人文科技学院	重庆	合川区	本科		综合	民办	市教委	2	2	2	0	0	0	0	0	0							941				941	0.00	0	0	0	0	0	0	0	0	0	0		["综合"]	
12509	12756	NULL	重庆传媒职业学院	重庆	铜梁区	专科		艺术	民办	市教委	2	2	2	0	0	0	0	0	0													0	0	0	0	0	0	0	0	0	0		["艺术"]	
11687	12755	NULL	重庆信息技术职业学院	重庆	万州区	专科		理工	民办	市教委	2	2	2	0	0	0	0	0	0													0	0	0	0	0	0	0	0	0	0		["理工"]	
11862	14727	NULL	重庆健康职业学院	重庆	大足区	专科		医药	民办	市教委	2	2	2	0	0	0	0	0	0													0	0	0	0	0	0	0	0	0	0		["医药"]	
12307	14366	NULL	重庆公共运输职业学院	重庆	江津区	专科		理工	民办	市教委	2	2	2	0	0	0	0	0	0													0	0	0	0	0	0	0	0	0	0		["理工"]	
70663	14935	NULL	重庆农业职业学院	重庆	永川区	专科		农林	公办		2	2	2	0	0	0	0	0	0													0	0	0	0	0	0	0	0	0	0		["农林"]	
12595	14315	NULL	重庆化工职业学院	重庆	江北区	专科		理工	公办	市政府	2	2	2	0	0	0	0	0	0													0	0	0	0	0	0	0	0	0	0		["理工"]	
10232	10631	NULL	重庆医科大学	重庆	渝中区	本科	区域特色研究型	医药	公办	市政府	2	2	2	0	0	0	0	0	0			81		172		147	103			147	0.00	96	65	0	0	1	0	0	0	0	0		["医药"]	["研究生院", "保研", "国重点", "省重点", "省属", "省部共建", "硕博点"]
11641	14009	NULL	重庆医药高等专科学校	重庆	沙坪坝区	专科		医药	公办	市政府	2	2	2	0	0	0	0	0	0													0	0	0	0	0	0	0	0	0	0		["医药"]	["高水平专业群建设单位", "现代学徒制试点学院"]
12486	14246	NULL	重庆商务职业学院	重庆	沙坪坝区	专科		财经	公办	市政府	2	2	2	0	0	0	0	0	0													0	0	0	0	0	0	0	0	0	0		["财经"]	
11390	12616	NULL	重庆城市科技学院	重庆	永川区	本科		综合	民办	市教委	2	2	2	0	0	0	0	0	0							1106				1106	0.00	0	0	0	0	0	0	0	0	0	0		["综合"]	
11579	12758	NULL	重庆城市管理职业学院	重庆	沙坪坝区	专科		综合	公办	市政府	2	2	2	0	0	0	0	0	0													0	0	0	0	0	0	0	0	0	0			
12489	13734	NULL	重庆城市职业学院	重庆	永川区	专科		综合	公办	市政府	2	2	2	0	0	0	0	0	0													0	0	0	0	0	0	0	0	0	0		["综合"]	["现代学徒制试点学院"]
11186	13588	NULL	重庆外语外事学院	重庆	渝北区	本科		语言	民办	市教委	2	2	2	0	0	0	0	0	0							1148				1148	0.00	0	0	0	0	0	0	0	0	0	0		["语言"]	
10055	10611	NULL	重庆大学	重庆	沙坪坝区	本科	研究型	综合	公办	教育部	1	1	1	1	1	1	1	0	1			34	34	33		43	34			43	0.00	51	38	0	0	9	0	0	0	0	0		["综合"]	["985", "211", "双一流", "101计划", "研究生院(部)", "保研", "国重点", "部委院校", "省部共建", "E9", "硕博点"]
12647	14365	NULL	重庆安全技术职业学院	重庆	万州区	专科		理工	公办	市政府	2	2	2	0	0	0	0	0	0													0	0	0	0	0	0	0	0	0	0		["理工"]	["省部共建"]
70664	14936	NULL	重庆安防职业学院	重庆	綦江区	专科		综合	民办	重庆市教育委员会	2	2	2	0	0	0	0	0	0													0	0	0	0	0	0	0	0	0	0		["综合"]	
11145	13589	NULL	重庆对外经贸学院	重庆	合川区	本科		财经	民办	市教委	2	2	2	0	0	0	0	0	0							1040				1040	0.00	0	0	0	0	0	0	0	0	0	0		["财经"]	
11476	12215	NULL	重庆工业职业技术大学	重庆	渝北区	本科		理工	公办	市政府	2	2	2	0	0	0	0	0	0							907						0	0	0	0	0	0	0	0	0	0		["理工"]	["省属", "双高计划", "高水平学校建设单位", "国家级示范", "现代学徒制试点学院"]
70073	14766	NULL	重庆工信职业学院	重庆	重庆市	专科		综合	公办	市政府	2	2	2	0	0	0	0	0	0													0	0	0	0	0	0	0	0	0	0		["综合"]	
10319	11799	NULL	重庆工商大学	重庆	南岸区	本科	区域特色研究型	财经	公办	市政府	2	2	2	0	0	0	0	0	0			232		228		321	187			321	0.00	41	11	0	0	0	0	0	0	0	0		["财经"]	["研究生院", "省重点", "省属", "硕博点"]
11214	13591	NULL	重庆工商大学派斯学院	重庆	合川区	本科		财经	民办	市教委	2	2	2	0	0	0	0	0	0							1049				1049	0.00	0	0	0	0	0	0	0	0	0	0		["财经"]	
11581	13967	NULL	重庆工商职业学院	重庆	合川区	专科		综合	公办	市政府	2	2	2	0	0	0	0	0	0													0	0	0	0	0	0	0	0	0	0		["综合"]	["双高计划", "高水平专业群建设单位", "国家级骨干", "现代学徒制试点学院"]
11324	12608	NULL	重庆工程学院	重庆	巴南区	本科		理工	民办	市教委	2	2	2	0	0	0	0	0	0							1232				1232	0.00	0	0	0	0	0	0	0	0	0	0		["理工"]	
11492	12759	NULL	重庆工程职业技术学院	重庆	江津区	专科		理工	公办	市政府	2	2	2	0	0	0	0	0	0													0	0	0	0	1	0	0	0	0	0		["理工"]	["省属", "双高计划", "高水平专业群建设单位", "国家级示范"]
11751	12606	NULL	重庆工贸职业技术学院	重庆	涪陵区	专科		理工	公办	市政府	2	2	2	0	0	0	0	0	0													0	0	0	0	0	0	0	0	0	0		["理工"]	
10283	10637	NULL	重庆师范大学	重庆	沙坪坝区	本科	区域特色研究型	综合	公办	市政府	2	2	2	0	0	0	0	0	0			215		258		259	171			259	0.00	75	4	0	0	0	0	0	0	0	0		["综合"]	["研究生院", "保研", "省属", "硕博点"]
12017	14428	NULL	重庆幼儿师范高等专科学校	重庆	万州区	专科		师范	公办	市政府	2	2	2	0	0	0	0	0	0													0	0	0	0	0	0	0	0	0	0		["师范"]	
12461	13968	NULL	重庆应用技术职业学院	重庆	合川区	专科		综合	民办	市教委	2	2	2	0	0	0	0	0	0													0	0	0	0	0	0	0	0	0	0		["综合"]	
11984	14183	NULL	重庆建筑工程职业学院	重庆	南岸区	专科		理工	公办	市政府	2	2	2	0	0	0	0	0	0													0	0	0	0	0	0	0	0	0	0			
12535	12820	NULL	重庆建筑科技职业学院	重庆	沙坪坝区	专科		综合	民办	市教委	2	2	2	0	0	0	0	0	0													0	0	0	0	0	0	0	0	0	0		["综合"]	
12858	14576	NULL	重庆护理职业学院	重庆	璧山区	专科		医药	民办	市教委	2	2	2	0	0	0	0	0	0													0	0	0	0	0	0	0	0	0	0		["医药"]	
70585	14838	NULL	重庆数字产业职业技术学院	重庆	忠县	专科		综合	民办	市教委	2	2	2	0	0	0	0	0	0													0	0	0	0	0	0	0	0	0	0		["综合"]	
12804	14482	NULL	重庆文化艺术职业学院	重庆	巴南区	专科		艺术	公办	市政府	2	2	2	0	0	0	0	0	0													0	0	0	0	0	0	0	0	0	0		["艺术"]	
10637	10642	NULL	重庆文理学院	重庆	永川区	本科		综合	公办	市政府	2	2	2	0	0	0	0	0	0			307		338		560	270			560	0.00	10	0	0	0	1	0	0	0	0	0		["综合"]	["硕博点"]
12438	14316	NULL	重庆旅游职业学院	重庆	黔江区	专科		其他	公办	市政府	2	2	2	0	0	0	0	0	0													0	0	0	0	0	0	0	0	0	0		["其他"]	
11826	14726	NULL	重庆智能工程职业学院	重庆	永川区	专科		理工	民办	市教委	2	2	2	0	0	0	0	0	0													0	0	0	0	0	0	0	0	0	0		["理工"]	
10988	12607	NULL	重庆机电职业技术大学	重庆	璧山区	本科		理工	民办	市教委	2	2	2	0	0	0	0	0	0							1190				1190	0.00	0	0	0	0	0	0	0	0	0	0		["理工"]	
12254	13735	NULL	重庆水利电力职业技术学院	重庆	永川区	专科		理工	公办	市政府	2	2	2	0	0	0	0	0	0													0	0	0	0	0	0	0	0	0	0		["理工"]	["省属", "双高计划", "现代学徒制试点学院"]
12250	12754	NULL	重庆海联职业技术学院	重庆	渝北区	专科		综合	民办	市教委	2	2	2	0	0	0	0	0	0													0	0	0	0	0	0	0	0	0	0		["综合"]	
70589	14870	NULL	重庆现代制造职业学院	重庆	永川区	专科		其它	民办	市教委	2	2	2	0	0	0	0	0	0													0	0	0	0	0	0	0	0	0	0		["其它"]	
10304	11660	NULL	重庆理工大学	重庆	巴南区	本科	应用型	理工	公办	市政府	2	2	2	0	0	0	0	0	0			243		261		249	204			249	0.00	27	2	0	0	0	0	0	0	0	0		["理工"]	["研究生院", "省重点", "硕博点"]
11965	14725	NULL	重庆理工职业学院	重庆	巴南区	专科		理工	民办	市教委	2	2	2	0	0	0	0	0	0													0	0	0	0	0	0	0	0	0	0		["理工"]	
12592	14369	NULL	重庆电信职业学院	重庆	大足区	专科		综合	民办	市教委	2	2	2	0	0	0	0	0	0													0	0	0	0	0	0	0	0	0	0		["综合"]	
12260	11848	NULL	重庆电力高等专科学校	重庆	九龙坡区	专科		理工	公办	市政府	2	2	2	0	0	0	0	0	0													0	0	0	0	0	0	0	0	0	0		["理工"]	["双高计划", "高水平专业群建设单位", "国家级骨干", "现代学徒制试点学院"]
11437	12609	NULL	重庆电子科技职业大学	重庆	沙坪坝区	本科		理工	公办	市政府	2	2	2	0	0	0	0	0	0							762				762	0.00	0	0	0	0	0	0	0	0	0	0		["理工"]	["双高计划", "高水平学校建设单位", "国家级示范", "现代学徒制试点学院"]
12229	14237	NULL	重庆电讯职业学院	重庆	江津区	专科		理工	民办	市教委	2	2	2	0	0	0	0	0	0													0	0	0	0	0	0	0	0	0	0		["理工"]	["现代学徒制试点学院"]
12485	14173	NULL	重庆科创职业学院	重庆	永川区	专科		理工	民办	市教委	2	2	2	0	0	0	0	0	0													0	0	0	0	0	0	0	0	0	0		["理工"]	["现代学徒制试点学院"]
10579	11551	NULL	重庆科技大学	重庆	沙坪坝区	本科		理工	公办	市政府	2	2	2	0	0	0	0	0	0			279		287		423	253			423	0.00	15	0	0	0	1	0	0	0	0	0		["理工"]	["研究生院", "省部共建", "硕博点"]
12610	14491	NULL	重庆科技职业学院	重庆	万州区	专科		理工	民办	市教委	2	2	2	0	0	0	0	0	0													0	0	0	0	0	0	0	0	0	0		["理工"]	
11006	13627	NULL	重庆移通学院	重庆	合川区	本科		综合	民办	市教委	2	2	2	0	0	0	0	0	0							1086				1086	0.00	0	0	0	0	0	0	0	0	0	0		["综合"]	
10851	14388	NULL	重庆第二师范学院	重庆	南岸区	本科		师范	公办	市政府	2	2	2	0	0	0	0	0	0			433				545	416			545	0.00	0	0	0	0	0	0	0	0	0	0		["师范"]	
12641	14370	NULL	重庆经贸职业学院	重庆	黔江区	专科		综合	民办	市教委	2	2	2	0	0	0	0	0	0													0	0	0	0	0	0	0	0	0	0		["综合"]	
12369	14238	NULL	重庆能源职业学院	重庆	江津区	专科		理工	民办	市教委	2	2	2	0	0	0	0	0	0													0	0	0	0	0	0	0	0	0	0		["理工"]	["现代学徒制试点学院"]
12176	10870	NULL	重庆航天职业技术学院	重庆	江北区	专科		理工	公办	市政府	2	2	2	0	0	0	0	0	0													0	0	0	0	0	0	0	0	0	0		["理工"]	["双高计划", "高水平专业群建设单位", "现代学徒制试点学院"]
12608	14367	NULL	重庆艺术工程职业学院	重庆	铜梁区	专科		艺术	民办	市教委	2	2	2	0	0	0	0	0	0													0	0	0	0	0	0	0	0	0	0		["艺术"]	
10804	12757	NULL	重庆警察学院	重庆	沙坪坝区	本科		政法	公办	市政府	2	2	2	0	0	0	0	0	0			340				669	500			669	0.00	0	0	0	0	0	0	0	0	0	0		["政法"]	
11020	13590	NULL	重庆财经学院	重庆	巴南区	本科		财经	民办	市教委	2	2	2	0	0	0	0	0	0							900				900	0.00	0	0	0	0	0	0	0	0	0	0		["财经"]	
12374	14128	NULL	重庆财经职业学院	重庆	永川区	专科		财经	公办	市政府	2	2	2	0	0	0	0	0	0													0	0	0	0	0	0	0	0	0	0		["财经"]	["现代学徒制试点学院"]
12859	14557	NULL	重庆资源与环境保护职业学院	重庆	大足区	专科		综合	民办	市教委	2	2	2	0	0	0	0	0	0													0	0	0	0	0	0	0	0	0	0		["综合"]	
12454	14368	NULL	重庆轻工职业学院	重庆	九龙坡区	专科		理工	民办	市教委	2	2	2	0	0	0	0	0	0													0	0	0	0	0	0	0	0	0	0		["理工"]	["省属"]
10237	10617	NULL	重庆邮电大学	重庆	南岸区	本科	区域特色研究型	理工	公办	市政府	2	2	2	0	0	0	0	0	0			147		135		127	137			127	0.00	21	4	0	0	1	0	0	0	0	0		["理工"]	["研究生院", "保研", "省属", "省部共建", "硕博点"]
12122	14069	NULL	重庆青年职业技术学院	重庆	北碚区	专科		综合	公办	市政府	2	2	2	0	0	0	0	0	0													0	0	0	0	0	0	0	0	0	0		["综合"]	
11427	12061	NULL	金华职业技术大学	浙江	金华市	本科		综合	公办	省政府	2	2	2	0	0	0	0	0	0							724				724	0.00	0	0	0	0	0	0	0	0	0	0		["综合"]	["双高计划", "高水平学校建设单位", "国家级示范", "现代学徒制试点学院"]
12747	13750	NULL	金山职业技术学院	江苏	镇江市	专科		综合	民办	省教育厅	2	2	2	0	0	0	0	0	0													0	0	0	0	0	0	0	0	0	0		["综合"]	
12207	13100	NULL	金肯职业技术学院	江苏	南京市	专科		理工	民办	省教育厅	2	2	2	0	0	0	0	0	0													0	0	0	0	0	0	0	0	0	0		["理工"]	
10707	13573	NULL	金陵科技学院	江苏	南京市	本科		综合	公办	省政府	2	2	2	0	0	0	0	0	0			351				550	308			550	0.00	11	0	0	0	1	0	0	0	0	0		["综合"]	["硕博点"]
11952	12922	NULL	钟山职业技术学院	江苏	南京市	专科		综合	民办	省教育厅	2	2	2	0	0	0	0	0	0													0	0	0	0	0	0	0	0	0	0		["综合"]	
11843	14693	NULL	钦州幼儿师范高等专科学校	广西	钦州市	专科		师范	公办	自治区政府	2	2	2	0	0	0	0	0	0													0	0	0	0	0	0	0	0	0	0		["师范"]	
12001	14290	NULL	铁岭卫生职业学院	辽宁	铁岭市	专科		医药	公办	省政府	2	2	2	0	0	0	0	0	0													0	0	0	0	0	0	0	0	0	0		["医药"]	
11615	10182	NULL	铁岭师范高等专科学校	辽宁	铁岭市	专科		师范	公办	省政府	2	2	2	0	0	0	0	0	0													0	0	0	0	0	0	0	0	0	0		["师范"]	
12786	14660	NULL	铁门关职业技术学院	新疆	直辖县级市	专科		理工	公办	新疆生产建设兵团	2	2	2	0	0	0	0	0	0													0	0	0	0	0	0	0	0	0	0		["理工"]	
10671	10665	NULL	铜仁学院	贵州	铜仁市	本科		综合	公办	省政府	2	2	2	0	0	0	0	0	0			355				621	356			621	0.00	6	0	0	0	1	0	0	0	0	0		["综合"]	["研究生院", "硕博点"]
12511	14470	NULL	铜仁幼儿师范高等专科学校	贵州	铜仁市	专科		师范	公办	省政府	2	2	2	0	0	0	0	0	0													0	0	0	0	0	0	0	0	0	0		["师范"]	
11661	13055	NULL	铜仁职业技术大学	贵州	铜仁市	本科		综合	公办	省政府	2	2	2	0	0	0	0	0	0							875				875	0.00	0	0	0	0	0	0	0	0	0	0		["综合"]	["省部共建", "双高计划", "高水平专业群建设单位", "国家级骨干", "现代学徒制试点学院"]
12452	13953	NULL	铜川职业技术学院	陕西	铜川市	专科		综合	公办	省政府	2	2	2	0	0	0	0	0	0													0	0	0	0	0	0	0	0	0	0		["综合"]	
10793	10383	NULL	铜陵学院	安徽	铜陵市	本科		财经	公办	省政府	2	2	2	0	0	0	0	0	0			500				838	328			838	0.00	0	0	0	0	0	0	0	0	0	0		["财经"]	["省属"]
11962	12217	NULL	铜陵职业技术学院	安徽	铜陵市	专科		理工	公办	省政府	2	2	2	0	0	0	0	0	0													0	0	0	0	0	0	0	0	0	0		["理工"]	
11171	14200	NULL	银川科技学院	宁夏	银川市	本科		综合	民办	自治区教育厅	2	2	2	0	0	0	0	0	0											1284	0.00	0	0	0	0	0	0	0	0	0	0			
11218	13820	NULL	银川能源学院	宁夏	银川市	本科		理工	民办	自治区教育厅	2	2	2	0	0	0	0	0	0							1292				1292	0.00	0	0	0	0	0	0	0	0	0	0		["理工"]	
11488	12677	NULL	锡林郭勒职业学院	内蒙古	锡林郭勒盟	专科		综合	公办	自治区政府	2	2	2	0	0	0	0	0	0													0	0	0	0	0	0	0	0	0	0		["综合"]	
10544	10160	NULL	锦州医科大学	辽宁	锦州市	本科		医药	公办	省政府	2	2	2	0	0	0	0	0	0			246				322	240			322	0.00	76	1	0	0	0	0	0	0	0	0		["医药"]	["研究生院", "省属", "硕博点"]
11133	13213	NULL	锦州医科大学医疗学院	辽宁	锦州市	本科		医药	民办	省教育厅	2	2	2	0	0	0	0	0	0							968				968	0.00	0	0	0	0	0	0	0	0	0	0		["医药"]	
11888	10180	NULL	锦州师范高等专科学校	辽宁	锦州市	专科		师范	公办	省政府	2	2	2	0	0	0	0	0	0													0	0	0	0	0	0	0	0	0	0		["师范"]	
11511	11051	NULL	镇江市高等专科学校	江苏	镇江市	专科		理工	公办	省政府	2	2	2	0	0	0	0	0	0													0	0	0	0	0	0	0	0	0	0		["理工"]	
12754	14305	NULL	长垣烹饪职业技术学院	河南	新乡市	专科		综合	民办	省教育厅	2	2	2	0	0	0	0	0	0													0	0	0	0	0	0	0	0	0	0		["综合"]	
10161	10710	NULL	长安大学	陕西	西安市	本科	特色研究型	理工	公办	教育部	2	1	1	0	1	1	0	0	0			89		104		113	98			113	0.00	45	28	0	0	8	0	0	0	0	0		["理工"]	["211", "双一流", "研究生院", "保研", "国重点", "部委院校", "省部共建", "硕博点"]
11379	14034	NULL	长安大学兴华学院	陕西	西安市	本科		理工	民办	省教育厅	2	2	2	0	0	0	0	0	0							1126						0	0	0	0	0	0	0	0	0	0		["理工"]	
11819	12306	NULL	长春东方职业学院	吉林	长春市	专科		医药	民办	省教育厅	2	2	2	0	0	0	0	0	0													0	0	0	0	0	0	0	0	0	0		["医药"]	
10473	10199	NULL	长春中医药大学	吉林	长春市	本科	区域特色研究型	医药	公办	省政府	2	2	2	0	0	0	0	0	0			207		402		380	325			380	0.00	40	14	0	0	0	0	0	0	0	0		["医药"]	["研究生院", "保研", "省重点", "省属", "省部共建", "硕博点"]
11036	13662	NULL	长春人文学院	吉林	长春市	本科		综合	民办	省教育厅	2	2	2	0	0	0	0	0	0							1140				1140	0.00	0	0	0	0	0	0	0	0	0	0		["综合"]	
12444	13916	NULL	长春信息技术职业学院	吉林	长春市	专科		理工	民办	省教育厅	2	2	2	0	0	0	0	0	0													0	0	0	0	0	0	0	0	0	0		["理工"]	
11398	14603	NULL	长春健康职业学院	吉林	长春市	专科		综合	民办	省教育厅	2	2	2	0	0	0	0	0	0													0	0	0	0	0	0	0	0	0	0		["综合"]	
10998	13600	NULL	长春光华学院	吉林	长春市	本科		综合	民办	省教育厅	2	2	2	0	0	0	0	0	0							1145				1145	0.00	0	0	0	0	0	0	0	0	0	0		["综合"]	
12447	11823	NULL	长春医学高等专科学校	吉林	长春市	专科		医药	公办	省政府	2	2	2	0	0	0	0	0	0													0	0	0	0	0	0	0	0	0	0		["医药"]	
10492	11726	NULL	长春大学	吉林	长春市	本科	应用型	综合	公办	省政府	2	2	2	0	0	0	0	0	0			368				432	372			432	0.00	14	0	0	0	0	0	0	0	0	0		["综合"]	["研究生院", "省属", "硕博点"]
11151	13623	NULL	长春大学旅游学院	吉林	长春市	本科		综合	民办	省教育厅	2	2	2	0	0	0	0	0	0							1216				1216	0.00	0	0	0	0	0	0	0	0	0	0		["综合"]	
10381	10190	NULL	长春工业大学	吉林	长春市	本科	应用型	综合	公办	省政府	2	2	2	0	0	0	0	0	0			245		364		459	325			459	0.00	42	10	0	0	1	0	0	0	0	0		["综合"]	["研究生院", "保研", "省重点", "省属", "硕博点"]
10993	13601	NULL	长春工业大学人文信息学院	吉林	长春市	本科		综合	民办	省教育厅	2	2	2	0	0	0	0	0	0							1165				1165	0.00	0	0	0	0	0	0	0	0	0	0		["综合"]	["省属"]
10596	11437	NULL	长春工程学院	吉林	长春市	本科		理工	公办	省政府	2	2	2	0	0	0	0	0	0			349				745	382			745	0.00	2	0	0	0	0	0	0	0	0	0		["理工"]	["省属", "省部共建", "硕博点"]
10523	10205	NULL	长春师范大学	吉林	长春市	本科		师范	公办	省政府	2	2	2	0	0	0	0	0	0			337				606	356			606	0.00	30	1	0	0	0	0	0	0	0	0		["师范"]	["研究生院", "保研", "省属", "硕博点"]
12853	15335	NULL	长春师范高等专科学校	吉林	长春市	专科		师范	公办	省政府	2	2	2	0	0	0	0	0	0													0	0	0	0	0	0	0	0	0	0		["师范"]	
11337	13605	NULL	长春建筑学院	吉林	长春市	本科		理工	民办	省教育厅	2	2	2	0	0	0	0	0	0							1223				1223	0.00	0	0	0	0	0	0	0	0	0	0		["理工"]	
70562	14894	NULL	长春数字科技职业学院	吉林	长春市	专科		综合	民办	吉林省教育厅	2	2	2	0	0	0	0	0	0													0	0	0	0	0	0	0	0	0	0		["综合"]	
11856	14701	NULL	长春早期教育职业学院	吉林	长春市	专科		综合	民办	省教育厅	2	2	2	0	0	0	0	0	0													0	0	0	0	0	0	0	0	0	0			
12514	11436	NULL	长春汽车职业技术大学	吉林	长春市	本科		理工	公办	省政府	2	2	2	0	0	0	0	0	0							818				818	0.00	0	0	0	0	0	0	0	0	0	0		["理工"]	["双高计划", "高水平学校建设单位", "国家级示范", "现代学徒制试点学院"]
10216	10186	NULL	长春理工大学	吉林	长春市	本科	区域特色研究型	理工	公办	省政府	2	2	2	0	0	0	0	0	0			138		303		227	201			227	0.00	123	48	0	0	1	0	0	0	0	0		["理工"]	["研究生院", "保研", "省重点", "省属", "省部共建"]
11045	13602	NULL	长春电子科技学院	吉林	长春市	本科		理工	民办	省教育厅	2	2	2	0	0	0	0	0	0							1198				1198	0.00	0	0	0	0	0	0	0	0	0	0		["理工"]	
11038	13606	NULL	长春科技学院	吉林	长春市	本科		综合	民办	省教育厅	2	2	2	0	0	0	0	0	0							1153				1153	0.00	0	0	0	0	0	0	0	0	0	0		["综合"]	
11457	13161	NULL	长春职业技术大学	吉林	长春市	本科		综合	公办	省政府	2	2	2	0	0	0	0	0	0							878				878	0.00	0	0	0	0	0	0	0	0	0	0		["综合"]	["双高计划", "高水平专业群建设单位", "国家级示范", "现代学徒制试点学院"]
11047	13603	NULL	长春财经学院	吉林	长春市	本科		财经	民办	省教育厅	2	2	2	0	0	0	0	0	0							1147				1147	0.00	0	0	0	0	0	0	0	0	0	0		["财经"]	["省属"]
11919	11440	NULL	长春金融高等专科学校	吉林	长春市	专科		财经	公办	省政府	2	2	2	0	0	0	0	0	0													0	0	0	0	0	0	0	0	0	0		["财经"]	["现代学徒制试点学院"]
10252	10489	NULL	长江大学	湖北	荆州市	本科	区域研究型	综合	公办	省政府	2	2	2	0	0	0	0	0	0			184		248		337	113			337	0.00	46	25	0	0	3	0	0	0	0	0		["综合"]	["研究生院", "保研", "省重点", "省属", "省部共建", "硕博点"]
11221	13246	NULL	长江大学文理学院	湖北	荆州市	本科		综合	民办	省教育厅	2	2	2	0	0	0	0	0	0							951				951	0.00	0	0	0	0	0	0	0	0	0	0		["综合"]	
11990	13266	NULL	长江工程职业技术学院	湖北	武汉市	专科		理工	公办	省政府	2	2	2	0	0	0	0	0	0													0	0	0	0	0	0	0	0	0	0		["理工"]	["省属"]
10674	10647	NULL	长江师范学院	重庆	涪陵区	本科		师范	公办	市政府	2	2	2	0	0	0	0	0	0			345		382		618	306			618	0.00	3	0	0	0	2	0	0	0	0	0		["师范"]	["硕博点"]
11460	10956	NULL	长江职业学院	湖北	武汉市	专科		综合	公办	省政府	2	2	2	0	0	0	0	0	0													0	0	0	0	0	0	0	0	0	0		["综合"]	["省属", "现代学徒制试点学院"]
11395	14555	NULL	长江艺术工程职业学院	湖北	荆州市	专科		综合	民办	省教育厅	2	2	2	0	0	0	0	0	0													0	0	0	0	0	0	0	0	0	0		["综合"]	
11079	10823	NULL	长沙医学院	湖南	长沙市	本科		医药	民办	省教育厅	2	2	2	0	0	0	0	0	0							1008				1008	0.00	0	0	0	0	0	0	0	0	0	0		["医药"]	
70619	14892	NULL	长沙医药健康职业学院	湖南	长沙市	专科		医药	民办	省政府	2	2	2	0	0	0	0	0	0													0	0	0	0	0	0	0	0	0	0		["医药"]	
12053	13041	NULL	长沙南方职业学院	湖南	长沙市	专科		综合	民办	省教育厅	2	2	2	0	0	0	0	0	0													0	0	0	0	0	0	0	0	0	0		["综合"]	
12781	14358	NULL	长沙卫生职业学院	湖南	长沙市	专科		医药	公办	省政府	2	2	2	0	0	0	0	0	0													0	0	0	0	0	0	0	0	0	0		["医药"]	
12139	12603	NULL	长沙商贸旅游职业技术学院	湖南	长沙市	专科		综合	公办	省政府	2	2	2	0	0	0	0	0	0													0	0	0	0	0	0	0	0	0	0		["综合"]	["双高计划", "高水平专业群建设单位", "现代学徒制试点学院"]
10587	11077	NULL	长沙学院	湖南	长沙市	本科		综合	公办	省政府	2	2	2	0	0	0	0	0	0			328		403		492	281			492	0.00	3	0	0	0	0	0	0	0	0	0		["综合"]	["研究生院", "省属", "硕博点"]
11191	12652	NULL	长沙工业学院	湖南	长沙市	本科		理工	公办	省教育厅	2	2	2	0	0	0	0	0	0			500				716	500			716	0.00	0	0	0	0	0	0	0	0	0	0		["理工"]	
10663	13806	NULL	长沙师范学院	湖南	长沙市	本科		师范	公办	省政府	2	2	2	0	0	0	0	0	0			500				681	433			681	0.00	0	0	0	0	0	0	0	0	0	0		["师范"]	
11840	14692	NULL	长沙幼儿师范高等专科学校	湖南	长沙市	专科		师范	公办	省政府	2	2	2	0	0	0	0	0	0													0	0	0	0	0	0	0	0	0	0		["师范"]	
70376	14817	NULL	长沙文创艺术职业学院	湖南	长沙市	专科		综合	民办	省教育厅	2	2	2	0	0	0	0	0	0													0	0	0	0	0	0	0	0	0	0		["综合"]	
11441	10827	NULL	长沙民政职业技术学院	湖南	长沙市	专科		综合	公办	省政府	2	2	2	0	0	0	0	0	0													0	0	0	0	0	0	0	0	0	0		["综合"]	["省属", "省部共建", "双高计划", "高水平学校建设单位", "国家级示范", "现代学徒制试点学院"]
11763	13031	NULL	长沙环境保护职业技术学院	湖南	长沙市	专科		理工	公办	省政府	2	2	2	0	0	0	0	0	0													0	0	0	0	0	0	0	0	0	0		["理工"]	["省部共建", "现代学徒制试点学院"]
10208	10536	NULL	长沙理工大学	湖南	长沙市	本科	区域特色研究型	理工	公办	省政府	2	2	2	0	0	0	0	0	0			135		74		161	122			161	0.00	33	78	0	0	1	0	0	0	0	0		["理工"]	["研究生院", "保研", "省属", "省部共建", "硕博点"]
11113	13635	NULL	长沙理工大学城南学院	湖南	长沙市	本科		理工	民办	省教育厅	2	2	2	0	0	0	0	0	0							829						0	0	0	0	0	0	0	0	0	0		["理工"]	
12121	13938	NULL	长沙电力职业技术学院	湖南	长沙市	专科		理工	公办	省政府	2	2	2	0	0	0	0	0	0													0	0	0	0	0	0	0	0	0	0		["理工"]	
70623	14900	NULL	长沙科技学院	湖南	长沙市	本科		理工	民办	湖南省教育厅	2	2	2	0	0	0	0	0	0							1234				1234	0.00	0	0	0	0	0	0	0	0	0	0		["理工"]	
70622	14902	NULL	长沙科技职业学院	湖南	长沙市	专科		理工	民办	省政府	2	2	2	0	0	0	0	0	0													0	0	0	0	0	0	0	0	0	0		["理工"]	
12275	13036	NULL	长沙职业技术学院	湖南	长沙市	专科		综合	公办	省政府	2	2	2	0	0	0	0	0	0													0	0	0	0	0	0	0	0	0	0		["综合"]	
11622	12055	NULL	长沙航空职业技术学院	湖南	长沙市	专科		理工	公办	人民解放军总空军装备部	2	2	2	0	0	0	0	0	0													0	0	0	0	0	0	0	0	0	0		["理工"]	["部委院校", "双高计划", "高水平专业群建设单位", "现代学徒制试点学院"]
70379	14816	NULL	长沙轨道交通职业学院	湖南	长沙市	专科		理工	民办	省教育厅	2	2	2	0	0	0	0	0	0													0	0	0	0	1	0	0	0	0	0		["理工"]	
10764	10117	NULL	长治医学院	山西	长治市	本科		医药	公办	省政府	2	2	2	0	0	0	0	0	0			422				623	325			623	0.00	5	0	0	0	0	0	0	0	0	0		["医药"]	["研究生院", "省重点", "省属", "硕博点"]
10665	10122	NULL	长治学院	山西	长治市	本科		综合	公办	省政府	2	2	2	0	0	0	0	0	0			494				935	399			935	0.00	0	0	0	0	0	0	0	0	0	0		["综合"]	["省属"]
11833	14687	NULL	长治幼儿师范高等专科学校	山西	长治市	专科		师范	公办	省政府	2	2	2	0	0	0	0	0	0													0	0	0	0	0	0	0	0	0	0			
12084	12388	NULL	长治职业技术学院	山西	长治市	专科		理工	公办	省政府	2	2	2	0	0	0	0	0	0													0	0	0	0	0	0	0	0	0	0		["理工"]	
12268	14190	NULL	长白山职业技术学院	吉林	白山市	专科		综合	公办	省政府	2	2	2	0	0	0	0	0	0													0	0	0	0	0	0	0	0	0	0		["综合"]	
12488	13764	NULL	闽北职业技术学院	福建	南平市	专科		综合	公办	省政府	2	2	2	0	0	0	0	0	0													0	0	0	0	0	0	0	0	0	0		["综合"]	
10526	10402	NULL	闽南师范大学	福建	漳州市	本科		师范	公办	省政府	2	2	2	0	0	0	0	0	0			309		428		469	300			469	0.00	28	1	0	0	0	0	0	0	0	0		["师范"]	["保研", "省重点", "省属"]
11370	12710	NULL	闽南理工学院	福建	泉州市	本科		理工	民办	省教育厅	2	2	2	0	0	0	0	0	0							1254				1254	0.00	0	0	0	0	0	0	0	0	0	0		["理工"]	
11146	12992	NULL	闽南科技学院	福建	泉州市	本科		理工	民办	省教育厅	2	2	2	0	0	0	0	0	0							1191				1191	0.00	0	0	0	0	0	0	0	0	0	0		["理工"]	
10531	10395	NULL	闽江大学	福建	福州市	本科		理工	公办	省政府	2	2	2	0	0	0	0	0	0			297		188		410	260			410	0.00	3	0	0	0	0	0	0	0	0	0		["理工"]	["省重点", "省属", "硕博点"]
12561	14490	NULL	闽江师范高等专科学校	福建	福州市	专科		师范	公办	省政府	2	2	2	0	0	0	0	0	0													0	0	0	0	0	0	0	0	0	0		["师范"]	
11940	11315	NULL	闽西职业技术学院	福建	龙岩市	专科		综合	公办	省政府	2	2	2	0	0	0	0	0	0													0	0	0	0	0	0	0	0	0	0		["综合"]	["国家级骨干"]
70669	14941	NULL	阜康职业技术学院	新疆	昌吉回族自治州	专科		理工	公办	昌吉州人民政府	2	2	2	0	0	0	0	0	0													0	0	0	0	0	0	0	0	0	0		["理工"]	
11942	11250	NULL	阜新高等专科学校	辽宁	阜新市	专科		综合	公办	省政府	2	2	2	0	0	0	0	0	0													0	0	0	0	0	0	0	0	0	0		["综合"]	
10697	10371	NULL	阜阳师范大学	安徽	阜阳市	本科		师范	公办	省政府	2	2	2	0	0	0	0	0	0			384				604	297			604	0.00	23	0	0	0	0	0	0	0	0	0		["师范"]	["省属"]
12868	14536	NULL	阜阳幼儿师范高等专科学校	安徽	阜阳市	专科		师范	公办	省政府	2	2	2	0	0	0	0	0	0													0	0	0	0	0	0	0	0	0	0		["师范"]	
11103	13619	NULL	阜阳理工学院	安徽	阜阳市	本科		理工	民办	省教育厅	2	2	2	0	0	0	0	0	0							1104				1104	0.00	0	0	0	0	0	0	0	0	0	0		["理工"]	
12030	13342	NULL	阜阳科技职业学院	安徽	阜阳市	专科		综合	民办	省教育厅	2	2	2	0	0	0	0	0	0													0	0	0	0	0	0	0	0	0	0		["综合"]	
11595	12074	NULL	阜阳职业技术学院	安徽	阜阳市	专科		理工	公办	省政府	2	2	2	0	0	0	0	0	0													0	0	0	0	0	0	0	0	0	0			
70082	14762	NULL	防城港职业技术学院	广西	防城港	专科		综合	公办	自治区政府	2	2	2	0	0	0	0	0	0													0	0	0	0	0	0	0	0	0	0		["综合"]	
11190	13468	NULL	阳光学院	福建	福州市	本科		综合	民办	省教育厅	2	2	2	0	0	0	0	0	0							1282				1282	0.00	0	0	0	0	0	0	0	0	0	0		["综合"]	
12080	12771	NULL	阳江职业技术学院	广东	阳江市	专科		综合	公办	省政府	2	2	2	0	0	0	0	0	0													0	0	0	0	0	0	0	0	0	0		["综合"]	
12277	14271	NULL	阳泉师范高等专科学校	山西	阳泉市	专科		师范	公办	省政府	2	2	2	0	0	0	0	0	0													0	0	0	0	0	0	0	0	0	0		["师范"]	
12258	12893	NULL	阳泉职业技术学院	山西	阳泉市	专科		综合	公办	省政府	2	2	2	0	0	0	0	0	0													0	0	0	0	0	0	0	0	0	0		["综合"]	
70357	14806	NULL	阿克苏工业职业技术学院	新疆	阿克苏地区	专科		综合	公办	自治区政府	2	2	2	0	0	0	0	0	0													0	0	0	0	0	0	0	0	0	0		["综合"]	
12205	13093	NULL	阿克苏职业技术学院	新疆	阿克苏地区	专科		综合	公办	自治区政府	2	2	2	0	0	0	0	0	0													0	0	0	0	0	0	0	0	0	0		["综合"]	["现代学徒制试点学院"]
12283	14680	NULL	阿勒泰职业技术学院	新疆	阿勒泰地区	专科		理工	公办	自治区政府	2	2	2	0	0	0	0	0	0													0	0	0	0	0	0	0	0	0	0		["理工"]	
10895	10646	NULL	阿坝师范学院	四川	阿坝藏族羌族自治州	本科		师范	公办	省政府	2	2	2	0	0	0	0	0	0			500				536	500			536	0.00	0	0	0	0	0	0	0	0	0	0		["师范"]	["省属"]
12676	14647	NULL	阿坝职业学院	四川	阿坝藏族羌族自治州	专科		综合	公办	省政府	2	2	2	0	0	0	0	0	0													0	0	0	0	0	0	0	0	0	0		["综合"]	
11733	14339	NULL	阿拉善职业技术学院	内蒙古	阿拉善盟	专科		综合	公办	自治区政府	2	2	2	0	0	0	0	0	0													0	0	0	0	0	0	0	0	0	0		["综合"]	
10974	91007	NULL	陆军兵种大学	安徽	合肥市	本科		军事	公办	人民解放军陆军	2	2	2	0	0	0	0	0	0							341						12	6	0	0	0	0	0	0	0	0		["军事"]	["硕博点"]
10150	91012	NULL	陆军军医大学	重庆	沙坪坝区	本科	特色研究型	医药	公办	人民解放军陆军	2	2	2	0	0	0	0	0	0					161		109	79			109	0.00	60	50	0	0	0	0	0	0	0	0		["医药", "军事"]	["保研", "国重点", "部委院校", "硕博点"]
10248	91004	NULL	陆军工程大学	江苏	南京市	本科	其它	军事	公办	人民解放军陆军	2	2	2	0	0	0	0	0	0					398		150	66			150	0.00	18	11	0	0	6	0	0	0	0	0		["军事"]	["部委院校", "硕博点"]
10919	91005	NULL	陆军步兵学院	江西	南昌市	本科		军事	公办	人民解放军陆军	2	2	2	0	0	0	0	0	0							246						2	0	0	0	0	0	0	0	0	0		["军事"]	["国重点", "部委院校", "硕博点"]
10460	91009	NULL	陆军特种作战学院	广西	桂林市	本科	其他	军事	公办	人民解放军陆军	2	2	2	0	0	0	0	0	0							437						3	0	0	0	0	0	0	0	0	0		["军事"]	["硕博点"]
10935	90076	NULL	陆军边海防学院	陕西	西安市	本科		军事	公办	人民解放军陆军	2	2	2	0	0	0	0	0	0							253						0	0	0	0	0	0	0	0	0	0		["军事"]	["国重点"]
10978	91011	NULL	陆军防化学院	北京	昌平区	本科		军事	公办	人民解放军总参谋部	2	2	2	0	0	0	0	0	0							439						7	1	0	0	0	0	0	0	0	0		["军事"]	["部委院校", "硕博点"]
10785	10738	NULL	陇东学院	甘肃	庆阳市	本科		综合	公办	省政府	2	2	2	0	0	0	0	0	0			476				905	372			905	0.00	3	0	0	0	0	0	0	0	0	0		["综合"]	["省属"]
11580	11806	NULL	陇南师范学院	甘肃	陇南市	本科		师范	公办	省政府	2	2	2	0	0	0	0	0	0							843	500			843	0.00	0	0	0	0	0	0	0	0	0	0		["师范"]	["省属"]
10499	10716	NULL	陕西中医药大学	陕西	咸阳市	本科	应用型	医药	公办	省政府	2	2	2	0	0	0	0	0	0			239				440	341			440	0.00	30	1	0	0	0	0	0	0	0	0		["医药"]	["研究生院", "保研", "省部共建", "硕博点"]
11811	12830	NULL	陕西交通职业技术学院	陕西	西安市	专科		理工	公办	省政府	2	2	2	0	0	0	0	0	0													0	0	0	0	0	0	0	0	0	0		["理工"]	["省属", "现代学徒制试点学院"]
11431	10966	NULL	陕西农林职业技术大学	陕西	咸阳市	本科		综合	公办	省政府	2	2	2	0	0	0	0	0	0							886				886	0.00	0	0	0	0	0	0	0	0	0	0		["综合", "农林"]	["省属", "双高计划", "高水平学校建设单位", "国家级示范", "现代学徒制试点学院"]
11505	12827	NULL	陕西国防工业职业技术学院	陕西	西安市	专科		理工	公办	省政府	2	2	2	0	0	0	0	0	0													0	0	0	0	0	0	0	0	0	0			
11066	13123	NULL	陕西国际商贸学院	陕西	西安市	本科		财经	民办	省教育厅	2	2	2	0	0	0	0	0	0							1174				1174	0.00	0	0	0	0	1	0	0	0	0	0		["财经"]	
10882	14390	NULL	陕西学前师范学院	陕西	西安市	本科		师范	公办	省政府	2	2	2	0	0	0	0	0	0			500				784	481			784	0.00	0	0	0	0	0	0	0	0	0	0		["师范"]	["省属"]
11422	10828	NULL	陕西工业职业技术大学	陕西	咸阳市	本科		综合	公办	省政府	2	2	2	0	0	0	0	0	0							863						0	0	0	0	0	0	0	0	0	0		["综合"]	["省属", "双高计划", "高水平学校建设单位", "国家级示范", "现代学徒制试点学院"]
12036	14029	NULL	陕西工商职业学院	陕西	西安市	专科		理工	公办	省政府	2	2	2	0	0	0	0	0	0													0	0	0	0	0	0	0	0	0	0		["理工"]	
10111	10718	NULL	陕西师范大学	陕西	西安市	本科	特色研究型	师范	公办	教育部	2	1	1	0	1	1	0	0	0			63		114		82	91			82	0.00	87	98	0	0	0	0	0	0	0	0		["师范"]	["211", "双一流", "研究生院", "保研", "国重点", "部委院校", "省部共建", "硕博点"]
12704	14031	NULL	陕西旅游烹饪职业学院	陕西	西安市	专科		综合	民办	省教育厅	2	2	2	0	0	0	0	0	0													0	0	0	0	0	0	0	0	0	0		["综合"]	
11311	13125	NULL	陕西服装工程学院	陕西	西安市	本科		综合	民办	省教育厅	2	2	2	0	0	0	0	0	0							1237				1237	0.00	0	0	0	0	0	0	0	0	0	0		["综合"]	
12867	50084	NULL	陕西机电职业技术学院	陕西	宝鸡市	专科		理工	公办	省政府	2	2	2	0	0	0	0	0	0													0	0	0	0	0	0	0	0	0	0		["理工"]	["省属"]
10512	10720	NULL	陕西理工大学	陕西	汉中市	本科	应用型	综合	公办	省政府	2	2	2	0	0	0	0	0	0			342		390		463	313			463	0.00	21	0	0	0	1	0	0	0	0	0		["综合"]	["研究生院", "省属", "硕博点"]
12620	13570	NULL	陕西电子信息职业技术学院	陕西	西安市	专科		理工	民办	省教育厅	2	2	2	0	0	0	0	0	0													0	0	0	0	0	0	0	0	0	0		["理工"]	
12694	51010	NULL	陕西省建筑职工大学	陕西	西安市	专科		其它	公办	陕西省人民政府	2	2	2	0	0	0	0	0	0													0	0	0	0	0	0	0	0	0	0		["其它"]	["省属"]
10257	10708	NULL	陕西科技大学	陕西	西安市	本科	区域特色研究型	理工	公办	省政府	2	2	2	0	0	0	0	0	0			132		162		213	129			213	0.00	23	13	0	0	1	0	0	0	0	0		["理工"]	["研究生院", "保研", "省重点", "省属", "省部共建", "硕博点"]
11301	13681	NULL	陕西科技大学镐京学院	陕西	西安市	本科		理工	民办	省教育厅	2	2	2	0	0	0	0	0	0							1175				1175	0.00	0	0	0	0	0	0	0	0	0	0		["理工"]	
11859	13932	NULL	陕西经济管理职业技术学院	陕西	西安市	专科		财经	公办	省政府	2	2	2	0	0	0	0	0	0													0	0	0	0	0	0	0	0	0	0		["财经"]	["省属"]
11465	12831	NULL	陕西职业技术学院	陕西	西安市	专科		综合	公办	省政府	2	2	2	0	0	0	0	0	0													0	0	0	0	0	0	0	0	0	0		["综合"]	["省属", "双高计划", "高水平专业群建设单位", "国家级骨干", "现代学徒制试点学院"]
11794	12510	NULL	陕西能源职业技术学院	陕西	咸阳市	专科		理工	公办	省政府	2	2	2	0	0	0	0	0	0													0	0	0	0	0	0	0	0	0	0		["理工"]	["省属", "双高计划", "高水平专业群建设单位", "现代学徒制试点学院"]
12746	50083	NULL	陕西航天职工大学	陕西	西安市	专科		理工	公办	省政府	2	2	2	0	0	0	0	0	0													0	0	0	0	0	0	0	0	0	0		["理工"]	
12293	13568	NULL	陕西航空职业技术学院	陕西	汉中市	专科		理工	公办	省政府	2	2	2	0	0	0	0	0	0													0	0	0	0	0	0	0	0	0	0		["理工"]	["省属", "现代学徒制试点学院"]
12341	14488	NULL	陕西艺术职业学院	陕西	西安市	专科		艺术	公办	省政府	2	2	2	0	0	0	0	0	0													0	0	0	0	0	0	0	0	0	0		["艺术"]	["省属"]
12290	13819	NULL	陕西警察学院	陕西	西安市	本科		政法	公办	省政府	2	2	2	0	0	0	0	0	0							517	500			517	0.00	0	0	0	0	0	0	0	0	0	0		["政法"]	
12170	12829	NULL	陕西财经职业技术学院	陕西	咸阳市	专科		财经	公办	省政府	2	2	2	0	0	0	0	0	0													0	0	0	0	0	0	0	0	0	0		["财经"]	["省属"]
12574	13736	NULL	陕西邮电职业技术学院	陕西	咸阳市	专科		其它	公办	省政府	2	2	2	0	0	0	0	0	0													0	0	0	0	0	0	0	0	0	0		["其它"]	["现代学徒制试点学院"]
11769	13566	NULL	陕西铁路工程职业技术学院	陕西	渭南市	专科		理工	公办	省政府	2	2	2	0	0	0	0	0	0													0	0	0	0	0	0	0	0	0	0		["理工"]	["省属", "双高计划", "高水平学校建设单位", "国家级骨干", "现代学徒制试点学院"]
11902	14028	NULL	陕西青年职业学院	陕西	西安市	专科		综合	公办	省政府	2	2	2	0	0	0	0	0	0													0	0	0	0	0	0	0	0	0	0			
11914	12980	NULL	随州职业技术学院	湖北	随州市	专科		综合	公办	省政府	2	2	2	0	0	0	0	0	0													0	0	0	0	0	0	0	0	0	0		["综合"]	
12100	13049	NULL	雅安职业技术学院	四川	雅安市	专科		综合	公办	省政府	2	2	2	0	0	0	0	0	0													0	0	0	0	0	0	0	0	0	0		["综合"]	
10777	11427	NULL	集宁师范学院	内蒙古	乌兰察布市	本科		师范	公办	自治区政府	2	2	2	0	0	0	0	0	0			500				871	447			871	0.00	0	0	0	0	0	0	0	0	0	0		["师范"]	
10298	10390	NULL	集美大学	福建	厦门市	本科	区域特色研究型	综合	公办	省政府	2	2	2	0	0	0	0	0	0			156		286		231	253			231	0.00	19	8	0	0	0	0	0	0	0	0		["综合"]	["研究生院", "保研", "省部共建", "硕博点"]
11003	13471	NULL	集美大学诚毅学院	福建	厦门市	本科		综合	民办	省教育厅	2	2	2	0	0	0	0	0	0							930				930	0.00	0	0	0	0	0	0	0	0	0	0		["综合"]	
70649	14918	NULL	集美工业职业学院	福建	厦门市	专科			公办	厦门市人民政府	2	2	2	0	0	0	0	0	0													0	0	0	0	0	0	0	0	0	0			
10406	10435	NULL	青岛农业大学	山东	青岛市	本科	应用型	农林	公办	省政府	2	2	2	0	0	0	0	0	0			228		199		548	184			548	0.00	15	4	0	0	0	0	0	0	0	0		["农林"]	["保研", "省属"]
11028	13997	NULL	青岛农业大学海都学院	山东	烟台市	本科		综合	民办	省教育厅	2	2	2	0	0	0	0	0	0							1089				1089	0.00	0	0	0	0	0	0	0	0	0	0		["综合"]	
11017	13378	NULL	青岛城市学院	山东	青岛市	本科		综合	民办	省教育厅	2	2	2	0	0	0	0	0	0							1111				1111	0.00	0	0	0	0	0	0	0	0	0	0		["综合"]	
10241	11065	NULL	青岛大学	山东	青岛市	本科	区域研究型	综合	公办	省政府	2	2	2	0	0	0	0	0	0			108		51		148	144			148	0.00	230	106	0	0	0	0	0	0	0	0		["综合"]	["研究生院", "保研", "省重点", "省属"]
11204	13995	NULL	青岛工学院	山东	青岛市	本科		综合	民办	省教育厅	2	2	2	0	0	0	0	0	0							1102				1102	0.00	0	0	0	0	0	0	0	0	0	0		["综合"]	
12075	14666	NULL	青岛工程职业学院	山东	青岛市	专科		理工	公办	省政府	2	2	2	0	0	0	0	0	0													0	0	0	0	0	0	0	0	0	0		["理工"]	
11848	14688	NULL	青岛幼儿师范高等专科学校	山东	青岛市	专科		师范	公办	省政府	2	2	2	0	0	0	0	0	0													0	0	0	0	0	0	0	0	0	0		["师范"]	
11269	13015	NULL	青岛恒星科技学院	山东	青岛市	本科		综合	民办	省教育厅	2	2	2	0	0	0	0	0	0							1166				1166	0.00	0	0	0	0	1	0	0	0	0	0		["综合"]	
11538	13321	NULL	青岛求实职业技术学院	山东	青岛市	专科		综合	民办	省教育厅	2	2	2	0	0	0	0	0	0													0	0	0	0	0	0	0	0	0	0		["综合"]	
12373	13014	NULL	青岛港湾职业技术学院	山东	青岛市	专科		理工	公办	省政府	2	2	2	0	0	0	0	0	0													0	0	0	0	0	0	0	0	0	0		["理工"]	["省属", "双高计划", "国家级骨干", "现代学徒制试点学院"]
11107	10868	NULL	青岛滨海学院	山东	青岛市	本科		综合	民办	省教育厅	2	2	2	0	0	0	0	0	0							1143				1143	0.00	0	0	0	0	0	0	0	0	0	0		["综合"]	
10327	10429	NULL	青岛理工大学	山东	青岛市	本科	区域特色研究型	理工	公办	省政府	2	2	2	0	0	0	0	0	0			187		155		240	224			240	0.00	25	4	0	0	0	0	0	0	0	0		["理工"]	["研究生院", "保研", "硕博点"]
11297	14327	NULL	青岛电影学院	山东	青岛市	本科		艺术	民办	省教育厅	2	2	2	0	0	0	0	0	0							1083				1083	0.00	0	0	0	0	0	0	0	0	0	0		["艺术"]	
10269	10426	NULL	青岛科技大学	山东	青岛市	本科	区域特色研究型	理工	公办	省政府	2	2	2	0	0	0	0	0	0			167		106		224	161			224	0.00	31	10	0	0	11	0	0	0	0	0		["理工"]	["研究生院", "保研", "省属", "硕博点"]
12431	12324	NULL	青岛职业技术学院	山东	青岛市	专科		综合	公办	省政府	2	2	2	0	0	0	0	0	0													0	0	0	0	0	0	0	0	0	0		["综合"]	["省属", "高水平专业群建设单位", "国家级示范", "现代学徒制试点学院"]
11850	14709	NULL	青岛航空科技职业学院	山东	青岛市	专科		其它	民办	省教育厅	2	2	2	0	0	0	0	0	0													0	0	0	0	0	0	0	0	0	0		["其它"]	
11857	14320	NULL	青岛远洋船员职业学院	山东	青岛市	专科		理工	公办	省政府	2	2	2	0	0	0	0	0	0													0	0	0	0	0	0	0	0	0	0		["理工"]	
12239	13011	NULL	青岛酒店管理职业技术学院	山东	青岛市	专科		财经	公办	省政府	2	2	2	0	0	0	0	0	0													0	0	0	0	0	0	0	0	0	0		["财经"]	["省属", "高水平专业群建设单位", "现代学徒制试点学院"]
12690	13005	NULL	青岛飞洋职业技术学院	山东	青岛市	专科		综合	民办	省教育厅	2	2	2	0	0	0	0	0	0													0	0	0	0	0	0	0	0	0	0		["综合"]	
11224	13320	NULL	青岛黄海学院	山东	青岛市	本科		综合	民办	省教育厅	2	2	2	0	0	0	0	0	0							1119				1119	0.00	0	0	0	0	0	0	0	0	0	0		["综合"]	
12021	12972	NULL	青海农牧科技职业学院	青海	西宁市	专科		农林	公办	省政府	2	2	2	0	0	0	0	0	0													0	0	0	0	0	0	0	0	0	0			
12291	12562	NULL	青海卫生职业技术学院	青海	西宁市	专科		医药	公办	省政府	2	2	2	0	0	0	0	0	0													0	0	0	0	0	0	0	0	0	0		["医药"]	["省重点", "现代学徒制试点学院"]
10386	10743	NULL	青海大学	青海	西宁市	本科	区域研究型	综合	公办	省政府	2	1	1	0	1	1	0	0	0			203		344		204	198			204	0.00	89	31	0	0	0	0	0	0	0	0		["综合"]	["211", "双一流", "研究生院", "保研", "国重点", "省部共建", "硕博点"]
10448	10746	NULL	青海师范大学	青海	西宁市	本科	应用型	师范	公办	省政府	2	2	2	0	0	0	0	0	0			256				514	224			514	0.00	22	18	0	0	0	0	0	0	0	0		["师范"]	["研究生院", "保研", "省重点", "省属", "硕博点"]
12519	12974	NULL	青海建筑职业技术学院	青海	西宁市	专科		理工	公办	省政府	2	2	2	0	0	0	0	0	0													0	0	0	0	0	0	0	0	0	0		["理工"]	["省重点", "现代学徒制试点学院"]
12634	14521	NULL	青海柴达木职业技术学院	青海	海西蒙古族藏族自治州	专科		综合	公办	省政府	2	2	2	0	0	0	0	0	0													0	0	0	0	0	0	0	0	0	0		["综合"]	["现代学徒制试点学院"]
10447	10748	NULL	青海民族大学	青海	西宁市	本科	应用型	民族	公办	省政府	2	2	2	0	0	0	0	0	0			312				619	204			619	0.00	115	15	0	0	0	0	0	0	0	0		["民族"]	["研究生院", "保研", "省属", "省部共建", "硕博点"]
11127	14881	NULL	青海理工学院	青海	西宁市	本科		理工	公办	省政府	2	2	2	0	0	0	0	0	0							868	500			868	0.00	4	0	0	0	0	0	0	0	0	0		["理工"]	["省属", "硕博点"]
12352	12973	NULL	青海职业技术大学	青海	西宁市	本科		理工	公办	省政府	2	2	2	0	0	0	0	0	0							879				879	0.00	0	0	0	0	0	0	0	0	0	0		["理工"]	["双高计划", "国家级骨干", "现代学徒制试点学院"]
12573	12852	NULL	青海警官职业学院	青海	西宁市	专科		政法	公办	省政府	2	2	2	0	0	0	0	0	0													0	0	0	0	0	0	0	0	0	0		["政法"]	
12866	14520	NULL	青海高等职业技术学院	青海	海东市	专科		综合	公办	省政府	2	2	2	0	0	0	0	0	0													0	0	0	0	0	0	0	0	0	0		["综合"]	
10760	10169	NULL	鞍山师范学院	辽宁	鞍山市	本科		师范	公办	省政府	2	2	2	0	0	0	0	0	0			478				611	416			611	0.00	4	0	0	0	0	0	0	0	0	0		["师范"]	["研究生院", "硕博点"]
11825	14700	NULL	鞍山职业技术学院	辽宁	鞍山市	专科		理工	公办	省政府	2	2	2	0	0	0	0	0	0													0	0	0	0	0	0	0	0	0	0		["理工"]	
10486	10578	NULL	韩山师范学院	广东	潮州市	本科	应用型	师范	公办	省政府	2	2	2	0	0	0	0	0	0			472				630	416			630	0.00	3	0	0	0	0	0	0	0	0	0		["师范"]	["省属"]
10470	10576	NULL	韶关学院	广东	韶关市	本科	应用型	综合	公办	省政府	2	2	2	0	0	0	0	0	0			425				614	341			614	0.00	2	0	0	0	0	0	0	0	0	0		["综合"]	["省属"]
11424	10831	NULL	顺德职业技术大学	广东	佛山市	本科		综合	公办	省政府	2	2	2	0	0	0	0	0	0							372				372	0.00	0	0	0	0	0	0	0	0	0	0		["综合"]	["双高计划", "高水平学校建设单位", "国家级骨干", "现代学徒制试点学院"]
10577	10029	NULL	首都体育学院	北京	海淀区	本科		体育	公办	市政府	2	2	2	0	0	0	0	0	0			262				386	291			386	0.00	8	1	0	0	0	0	0	0	0	0		["体育"]	["省属"]
10148	10025	NULL	首都医科大学	北京	丰台区	本科	区域特色研究型	医药	公办	市政府	2	2	2	0	0	0	0	0	0			37		88		137	40			137	0.00	82	65	0	0	16	0	0	0	0	0		["医药"]	["研究生院", "保研", "国重点", "省重点", "省属", "省部共建", "硕博点"]
10112	10028	NULL	首都师范大学	北京	海淀区	本科	区域特色研究型	师范	公办	市政府	2	2	1	0	0	1	1	0	1			100		182		165	67			165	0.00	100	73	0	0	3	0	0	0	0	0		["师范"]	["双一流", "101计划", "研究生院", "保研", "国重点", "省重点", "省属", "省部共建", "硕博点"]
11091	13629	NULL	首都师范大学科德学院	北京	大兴区	本科		艺术	民办	市教委	2	2	2	0	0	0	0	0	0							1232				1232	0.00	0	0	0	0	0	0	0	0	0	0		["艺术"]	
10231	10038	NULL	首都经济贸易大学	北京	丰台区	本科	特色研究型	财经	公办	市政府	2	2	2	0	0	0	0	0	0			113		233		124	117			124	0.00	36	27	0	0	0	0	0	0	0	0		["财经"]	["研究生院", "保研", "省重点", "省属", "硕博点"]
11419		NULL	首都经济贸易大学密云分校	北京	密云区	专科		财经	公办	市政府	2	2	2	0	0	0	0	0	0													0	0	0	0	0	0	0	0	0	0		["财经"]	
10897	11831	NULL	首钢工学院	北京	石景山区	本科		理工	公办	市政府	2	2	2	0	0	0	0	0	0							1215	500			1215	0.00	0	0	0	0	0	0	0	0	0	0		["理工"]	
70354	14803	NULL	香格里拉职业学院	云南	迪庆藏族自治州	专科		其它	公办	省政府	2	2	2	0	0	0	0	0	0													0	0	0	0	0	0	0	0	0	0		["其它"]	
70401		NULL	香港专业进修学校	香港	中西区	专科		综合	民办		2	2	2	0	0	0	0	0	0													0	0	0	0	0	0	0	0	0	0		["综合"]	
10042	81002	NULL	香港中文大学	香港	香港	本科	研究型	综合	公办	香港特区教育局	2	2	2	0	0	0	1	0	1							12				12	0.00	76	8	0	0	0	0	0	0	0	0		["综合"]	["101计划"]
10290	16407	NULL	香港中文大学(深圳)	广东	深圳市	本科		综合		省教育厅	2	2	2	0	0	0	0	0	0			39				15	51			15	0.00	27	20	0	0	5	0	0	0	0	0		["综合"]	["研究生院", "保研"]
70403		NULL	香港伍伦贡学院	香港	沙田区	本科			民办	香港特区教育局、伍伦贡大学	2	2	2	0	0	0	0	0	0							615						0	0	0	0	0	0	0	0	0	0			
10187	81006	NULL	香港城市大学	香港	香港	本科	应用型	综合	公办	香港特区教育局	2	2	2	0	0	0	0	0	0							29				29	0.00	32	2	0	0	0	0	0	0	0	0		["综合"]	
70574	16602	NULL	香港城市大学(东莞)	广东	东莞市	本科		综合		广东省教育厅	2	2	2	0	0	0	0	0	0							49	134			49	0.00	10	0	0	0	0	0	0	0	0	0		["综合"]	
10028		NULL	香港大学	香港	香港	本科	研究型	综合	公办	香港特区教育局	2	2	2	0	0	0	0	0	0							11						69	6	0	0	0	0	0	0	0	0		["综合"]	
10950		NULL	香港岭南大学	香港	香港	本科		综合	公办	香港特区教育局	2	2	2	0	0	0	0	0	0							95						1	1	0	0	0	0	0	0	0	0		["综合"]	
70396		NULL	香港恒生大学	香港	沙田区	本科		综合	民办	香港特区教育局	2	2	2	0	0	0	0	0	0							300						22	1	0	0	0	0	0	0	0	0		["综合"]	["硕博点"]
10294	50246	NULL	香港教育大学	香港	香港	本科	应用型	师范	公办	香港特区政府	2	2	2	0	0	0	0	0	0							88						17	1	0	0	0	0	0	0	0	0		["师范"]	["研究生院", "硕博点"]
10221		NULL	香港树仁大学	香港	香港	本科	区域研究型	综合	民办	香港特区教育局	2	2	2	0	0	0	0	0	0							544						3	1	0	0	0	0	0	0	0	0		["综合"]	["硕博点"]
10233		NULL	香港浸会大学	香港	香港	本科	应用型	综合	公办	香港特区教育局	2	2	2	0	0	0	0	0	0							38						1	1	0	0	0	0	0	0	0	0		["综合"]	
10222		NULL	香港演艺学院	香港	香港	本科	应用型	艺术	公办	香港特区政府	2	2	2	0	0	0	0	0	0							980						5	0	0	0	0	0	0	0	0	0		["艺术"]	["硕博点"]
70358	81012	NULL	香港珠海学院	香港	屯门区	本科		综合	民办	香港特区教育局	2	2	2	0	0	0	0	0	0							1057				1057	0.00	12	0	0	0	0	0	0	0	0	0		["综合"]	["硕博点"]
10201		NULL	香港理工大学	香港	香港	本科	特色研究型	综合	公办	香港特区教育局	2	2	2	0	0	0	0	0	0							27						42	7	0	0	0	0	0	0	0	0		["综合"]	
10149		NULL	香港科技大学	香港	香港	本科	应用型	综合	公办	香港特区教育局	2	2	2	0	0	0	0	0	0							25						35	25	0	0	0	0	0	0	0	0		["综合"]	
70327	16412	NULL	香港科技大学(广州)	广东	广州市	本科		理工		省教育厅	2	2	2	0	0	0	0	0	0							26	84			26	0.00	15	15	0	0	0	0	0	0	0	0		["理工"]	["硕博点"]
70402		NULL	香港能仁专上学院	香港	深水埗区	本科			民办		2	2	2	0	0	0	0	0	0							703						0	0	0	0	0	0	0	0	0	0			
10432		NULL	香港都会大学	香港	香港	本科	区域研究型	综合	公办	香港特区教育局	2	2	2	0	0	0	0	0	0							577						1	2	0	0	0	0	0	0	0	0		["综合"]	["硕博点"]
70394		NULL	香港高等教育科技学院	香港	南区	本科		综合		香港特区教育局	2	2	2	0	0	0	0	0	0							497						0	0	0	0	0	0	0	0	0	0		["综合"]	
11184	13614	NULL	马鞍山学院	安徽	马鞍山市	本科		理工	民办	省教育厅	2	2	2	0	0	0	0	0	0							1244				1244	0.00	0	0	0	0	0	0	0	0	0	0		["理工"]	
12387	13760	NULL	马鞍山师范高等专科学校	安徽	马鞍山市	专科		师范	公办	省政府	2	2	2	0	0	0	0	0	0													0	0	0	0	0	0	0	0	0	0		["师范"]	
11699	14192	NULL	马鞍山职业技术学院	安徽	马鞍山市	专科		理工	公办	省政府	2	2	2	0	0	0	0	0	0													0	0	0	0	0	0	0	0	0	0		["理工"]	
70601	14861	NULL	驻马店农业工程职业学院	河南	驻马店市	专科		农林	公办	省政府	2	2	2	0	0	0	0	0	0													0	0	0	0	0	0	0	0	0	0		["农林"]	
12775	14598	NULL	驻马店幼儿师范高等专科学校	河南	驻马店市	专科		师范	公办	省政府	2	2	2	0	0	0	0	0	0													0	0	0	0	0	0	0	0	0	0		["师范"]	
12095	14251	NULL	驻马店职业技术学院	河南	驻马店市	专科		理工	公办	省政府	2	2	2	0	0	0	0	0	0													0	0	0	0	0	0	0	0	0	0		["理工"]	
10424	10451	NULL	鲁东大学	山东	烟台市	本科	应用型	综合	公办	省政府	2	2	2	0	0	0	0	0	0			240		335		453	291			453	0.00	23	1	0	0	0	0	0	0	0	0		["综合"]	["研究生院", "省属"]
10516	10178	NULL	鲁迅美术学院	辽宁	沈阳市	本科		艺术	公办	省政府	2	2	2	0	0	0	0	0	0							647	308			647	0.00	4	0	0	0	0	0	0	0	0	0		["艺术"]	["保研", "八大美院", "硕博点"]
12699	14352	NULL	鹤壁汽车工程职业学院	河南	鹤壁市	专科		理工	民办	省教育厅	2	2	2	0	0	0	0	0	0													0	0	0	0	0	0	0	0	0	0		["理工"]	
11500	12793	NULL	鹤壁职业技术学院	河南	鹤壁市	专科		理工	公办	省政府	2	2	2	0	0	0	0	0	0													0	0	0	0	0	0	0	0	0	0		["理工"]	
12682	14529	NULL	鹤壁能源化工职业学院	河南	鹤壁市	专科		理工	公办	省教育厅	2	2	2	0	0	0	0	0	0													0	0	0	0	0	0	0	0	0	0		["理工"]	
11740	12905	NULL	鹤岗师范高等专科学校	黑龙江	鹤岗市	专科		师范	公办	省政府	2	2	2	0	0	0	0	0	0													0	0	0	0	0	0	0	0	0	0		["师范"]	
70632	14907	NULL	鹰潭卫生职业学院	江西	鹰潭市	专科		医药	民办	省教育厅	2	2	2	0	0	0	0	0	0													0	0	0	0	0	0	0	0	0	0		["医药"]	
12238	12937	NULL	鹰潭职业技术学院	江西	鹰潭市	专科		综合	公办	省政府	2	2	2	0	0	0	0	0	0													0	0	0	0	0	0	0	0	0	0		["综合"]	
10556	10514	NULL	黄冈师范学院	湖北	黄冈市	本科		师范	公办	省政府	2	2	2	0	0	0	0	0	0			357		415		595	196			595	0.00	3	0	0	0	0	0	0	0	0	0		["师范"]	["硕博点"]
12531	13799	NULL	黄冈科技职业学院	湖北	黄冈市	专科		理工	民办	省教育厅	2	2	2	0	0	0	0	0	0													0	0	0	0	0	0	0	0	0	0		["理工"]	
11531	10955	NULL	黄冈职业技术大学	湖北	黄冈市	本科		理工	公办	省政府	2	2	2	0	0	0	0	0	0													0	0	0	0	0	0	0	0	0	0			
11841	14704	NULL	黄山健康职业学院	安徽	黄山市	专科		医药	民办	省教育厅	2	2	2	0	0	0	0	0	0													0	0	0	0	0	0	0	0	0	0			
10701	10375	NULL	黄山学院	安徽	黄山市	本科		综合	公办	省政府	2	2	2	0	0	0	0	0	0			481				909	328			909	0.00	0	0	0	0	0	0	0	0	0	0		["综合"]	["省属"]
12675	14296	NULL	黄山职业技术学院	安徽	黄山市	专科		理工	公办	省政府	2	2	2	0	0	0	0	0	0													0	0	0	0	0	0	0	0	0	0		["理工"]	["省属"]
11289	13498	NULL	黄河交通学院	河南	焦作市	本科		理工	民办	省教育厅	2	2	2	0	0	0	0	0	0							1119				1119	0.00	0	0	0	0	0	0	0	0	0	0		["理工"]	
11692	12058	NULL	黄河水利职业技术大学	河南	开封市	本科		理工	公办	省政府	2	2	2	0	0	0	0	0	0							787				787	0.00	0	0	0	0	0	0	0	0	0	0		["理工"]	["省部共建", "双高计划", "高水平学校建设单位", "国家级示范", "现代学徒制试点学院"]
11065	11834	NULL	黄河科技学院	河南	郑州市	本科		理工	民办	省教育厅	2	2	2	0	0	0	0	0	0							1007				1007	0.00	0	0	0	0	0	0	0	0	0	0		["理工"]	
10776	10918	NULL	黄淮学院	河南	驻马店市	本科		综合	公办	省政府	2	2	2	0	0	0	0	0	0			434				824	382			824	0.00	0	0	0	0	0	0	0	0	0	0		["综合"]	["省属"]
11537	11317	NULL	黎明职业大学	福建	泉州市	本科		综合	公办	省政府	2	2	2	0	0	0	0	0	0													0	0	0	0	0	0	0	0	0	0		["综合"]	["双高计划", "高水平专业群建设单位", "现代学徒制试点学院"]
10734	13744	NULL	黑河学院	黑龙江	黑河市	本科		综合	公办	省政府	2	2	2	0	0	0	0	0	0			500				872	399			872	0.00	0	0	0	0	0	0	0	0	0	0		["综合"]	["省属"]
12190	13730	NULL	黑龙江三江美术职业学院	黑龙江	佳木斯市	专科		艺术	民办	省教育厅	2	2	2	0	0	0	0	0	0													0	0	0	0	0	0	0	0	0	0		["艺术"]	
11251	11446	NULL	黑龙江东方学院	黑龙江	哈尔滨市	本科		综合	民办	省教育厅	2	2	2	0	0	0	0	0	0							1178				1178	0.00	2	0	0	0	0	0	0	0	0	0		["综合"]	
10276	10228	NULL	黑龙江中医药大学	黑龙江	哈尔滨市	本科	区域特色研究型	医药	公办	省政府	2	2	2	0	0	0	1	0	1			211				436	163			436	0.00	31	24	0	0	0	0	0	0	0	0		["医药"]	["101计划", "研究生院", "保研", "省重点", "省属", "省部共建", "硕博点"]
12227	14053	NULL	黑龙江交通职业技术学院	黑龙江	哈尔滨市	专科		理工	公办	省政府	2	2	2	0	0	0	0	0	0													0	0	0	0	0	0	0	0	0	0		["理工"]	["省属", "现代学徒制试点学院"]
10507	10223	NULL	黑龙江八一农垦大学	黑龙江	大庆市	本科	区域特色研究型	农林	公办	省政府	2	2	2	0	0	0	0	0	0			301		413		711	234			711	0.00	17	4	0	0	1	0	0	0	0	0		["农林"]	["保研", "省属"]
12722	13449	NULL	黑龙江公安警官职业学院	黑龙江	哈尔滨市	专科		政法	公办	省政府	2	2	2	0	0	0	0	0	0													0	0	0	0	0	0	0	0	0	0		["政法"]	
11760	12726	NULL	黑龙江农业工程职业技术大学	黑龙江	哈尔滨市	本科		农林	公办	省政府	2	2	2	0	0	0	0	0	0													0	0	0	0	0	0	0	0	0	0		["农林"]	["双高计划", "高水平专业群建设单位", "国家级示范", "现代学徒制试点学院"]
11645	12910	NULL	黑龙江农业经济职业学院	黑龙江	牡丹江市	专科		农林	公办	省政府	2	2	2	0	0	0	0	0	0													0	0	0	0	0	0	0	0	0	0		["农林"]	["省属", "双高计划", "高水平专业群建设单位", "国家级示范", "现代学徒制试点学院"]
11976	12725	NULL	黑龙江农业职业技术学院	黑龙江	佳木斯市	专科		农林	公办	省政府	2	2	2	0	0	0	0	0	0													0	0	0	0	0	0	0	0	0	0		["农林"]	
11644	12727	NULL	黑龙江农垦职业学院	黑龙江	哈尔滨市	专科		综合	公办	省政府	2	2	2	0	0	0	0	0	0													0	0	0	0	0	0	0	0	0	0		["综合"]	
12846	14540	NULL	黑龙江冰雪体育职业学院	黑龙江	哈尔滨市	专科		体育	公办	省政府	2	2	2	0	0	0	0	0	0													0	0	0	0	0	0	0	0	0	0		["体育"]	
12214	12728	NULL	黑龙江司法警官职业学院	黑龙江	哈尔滨市	专科		政法	公办	省政府	2	2	2	0	0	0	0	0	0													0	0	0	0	0	0	0	0	0	0		["政法"]	
12208	13448	NULL	黑龙江商业职业学院	黑龙江	大庆市	专科		财经	公办	省政府	2	2	2	0	0	0	0	0	0													0	0	0	0	0	0	0	0	0	0		["财经"]	
10865	13296	NULL	黑龙江外国语学院	黑龙江	哈尔滨市	本科		语言	民办	省教育厅	2	2	2	0	0	0	0	0	0							1181				1181	0.00	0	0	0	0	0	0	0	0	0	0		["语言"]	
10168	10212	NULL	黑龙江大学	黑龙江	哈尔滨市	本科	区域研究型	综合	公办	省政府	2	2	2	0	0	0	0	0	0			155		188		302	95			302	0.00	98	49	0	0	0	0	0	0	0	0		["综合"]	["研究生院", "保研", "省重点", "省属", "省部共建"]
10833	11445	NULL	黑龙江工业学院	黑龙江	鸡西市	本科		综合	公办	省政府	2	2	2	0	0	0	0	0	0			500				867	467			867	0.00	0	0	0	0	0	0	0	0	0	0		["综合"]	
11288	13300	NULL	黑龙江工商学院	黑龙江	哈尔滨市	本科		综合	民办	省教育厅	2	2	2	0	0	0	0	0	0							1202				1202	0.00	0	0	0	0	0	0	0	0	0	0		["综合"]	
10684	11802	NULL	黑龙江工程学院	黑龙江	哈尔滨市	本科		理工	公办	省政府	2	2	2	0	0	0	0	0	0			455				744	313			744	0.00	5	0	0	0	1	0	0	0	0	0		["理工"]	["省属", "省部共建", "硕博点"]
11282	13304	NULL	黑龙江工程学院昆仑旅游学院	黑龙江	哈尔滨市	本科		综合	民办	省教育厅	2	2	2	0	0	0	0	0	0							1200				1200	0.00	0	0	0	0	0	0	0	0	0	0		["综合"]	
11928	14095	NULL	黑龙江幼儿师范高等专科学校	黑龙江	牡丹江市	专科		师范	公办	省政府	2	2	2	0	0	0	0	0	0													0	0	0	0	0	0	0	0	0	0		["师范"]	
11997	14272	NULL	黑龙江护理高等专科学校	黑龙江	哈尔滨市	专科		医药	公办	省政府	2	2	2	0	0	0	0	0	0													0	0	0	0	0	0	0	0	0	0		["医药"]	
12106	13729	NULL	黑龙江旅游职业技术学院	黑龙江	哈尔滨市	专科		财经	公办	省政府	2	2	2	0	0	0	0	0	0													0	0	0	0	0	0	0	0	0	0		["财经"]	
12326	12724	NULL	黑龙江林业职业技术学院	黑龙江	牡丹江市	专科		农林	公办	省政府	2	2	2	0	0	0	0	0	0													0	0	0	0	0	0	0	0	0	0		["农林"]	["现代学徒制试点学院"]
12203	13935	NULL	黑龙江民族职业学院	黑龙江	哈尔滨市	专科		民族	公办	省政府	2	2	2	0	0	0	0	0	0													0	0	0	0	0	0	0	0	0	0		["民族"]	["省属", "省部共建", "现代学徒制试点学院"]
11956	13731	NULL	黑龙江生态工程职业学院	黑龙江	哈尔滨市	专科		农林	公办	省政府	2	2	2	0	0	0	0	0	0													0	0	0	0	0	0	0	0	0	0		["农林"]	["现代学徒制试点学院"]
10480	10219	NULL	黑龙江科技大学	黑龙江	哈尔滨市	本科	应用型	理工	公办	省政府	2	2	2	0	0	0	0	0	0			394				518	276			518	0.00	12	1	0	0	0	0	0	0	0	0		["理工"]	["研究生院", "保研", "省重点", "省部共建", "硕博点"]
11649	11449	NULL	黑龙江职业学院	黑龙江	哈尔滨市	专科		综合	公办	省政府	2	2	2	0	0	0	0	0	0													0	0	0	0	0	0	0	0	0	0		["综合"]	["省属", "双高计划", "高水平专业群建设单位", "国家级骨干", "现代学徒制试点学院"]
12058	13732	NULL	黑龙江能源职业学院	黑龙江	双鸭山市	专科		理工	公办	省政府	2	2	2	0	0	0	0	0	0													0	0	0	0	0	0	0	0	0	0		["理工"]	
12088	12490	NULL	黑龙江艺术职业学院	黑龙江	哈尔滨市	专科		艺术	公办	省政府	2	2	2	0	0	0	0	0	0													0	0	0	0	0	0	0	0	0	0		["艺术", "综合"]	["省属"]
11100	13298	NULL	黑龙江财经学院	黑龙江	哈尔滨市	本科		财经	民办	省教育厅	2	2	2	0	0	0	0	0	0							1156				1156	0.00	0	0	0	0	0	0	0	0	0	0		["财经"]	
11854	12822	NULL	黔东南民族职业技术学院	贵州	黔东南苗族侗族自治州	专科		综合	公办	省政府	2	2	2	0	0	0	0	0	0													0	0	0	0	0	0	0	0	0	0		["综合"]	["现代学徒制试点学院"]
70560	14850	NULL	黔东南理工职业学院	贵州	黔东南苗族侗族自治州	专科		理工	公办	省政府	2	2	2	0	0	0	0	0	0													0	0	0	0	0	0	0	0	0	0		["理工"]	
11716	11663	NULL	黔南民族医学高等专科学校	贵州	黔南布依族苗族自治州	专科		医药	公办	省政府	2	2	2	0	0	0	0	0	0													0	0	0	0	0	0	0	0	0	0		["医药"]	
10653	10670	NULL	黔南民族师范学院	贵州	黔南布依族苗族自治州	本科		师范	公办	省政府	2	2	2	0	0	0	0	0	0			372				639	399			639	0.00	1	0	0	0	0	0	0	0	0	0		["师范"]	["硕博点"]
12508	14497	NULL	黔南民族幼儿师范高等专科学校	贵州	黔南布依族苗族自治州	专科		师范	公办	省政府	2	2	2	0	0	0	0	0	0													0	0	0	0	0	0	0	0	0	0		["师范"]	["省重点"]
12371	12823	NULL	黔南民族职业技术学院	贵州	黔南布依族苗族自治州	专科		理工	公办	省政府	2	2	2	0	0	0	0	0	0													0	0	0	0	0	0	0	0	0	0		["理工"]	["现代学徒制试点学院"]
11982	13817	NULL	黔西南民族职业技术学院	贵州	黔西南布依族苗族自治州	专科		综合	公办	省政府	2	2	2	0	0	0	0	0	0													0	0	0	0	0	0	0	0	0	0		["综合"]	
11333	10825	NULL	齐鲁医药学院	山东	淄博市	本科		医药	民办	省教育厅	2	2	2	0	0	0	0	0	0							928				928	0.00	0	0	0	0	0	0	0	0	0	0		["医药"]	
10131	10431	NULL	齐鲁工业大学	山东	济南市	本科	区域特色研究型	理工	公办	省政府	2	2	2	0	0	0	0	0	0			151		139		320	87			320	0.00	18	5	0	0	1	0	0	0	0	0		["理工"]	["保研", "省属", "硕博点"]
10869	14276	NULL	齐鲁师范学院	山东	济南市	本科		师范	公办	省政府	2	2	2	0	0	0	0	0	0			465				691	447			691	0.00	0	0	0	0	0	0	0	0	0	0		["师范"]	
11108	13998	NULL	齐鲁理工学院	山东	济南市	本科		综合	民办	省教育厅	2	2	2	0	0	0	0	0	0							1134				1134	0.00	0	0	0	0	0	0	0	0	0	0		["综合"]	
10711	11230	NULL	齐齐哈尔医学院	黑龙江	齐齐哈尔市	本科		医药	公办	省政府	2	2	2	0	0	0	0	0	0			381				568	372			568	0.00	9	0	0	0	0	0	0	0	0	0		["医药"]	["硕博点"]
10455	10232	NULL	齐齐哈尔大学	黑龙江	齐齐哈尔市	本科	应用型	综合	公办	省政府	2	2	2	0	0	0	0	0	0			381		431		673	246			673	0.00	35	0	0	0	0	0	0	0	0	0		["综合"]	["保研", "省重点", "省属", "硕博点"]
10959	12729	NULL	齐齐哈尔工程学院	黑龙江	齐齐哈尔市	本科		理工	民办	省教育厅	2	2	2	0	0	0	0	0	0							1218				1218	0.00	0	0	0	0	0	0	0	0	0	0		["理工"]	
12803	14400	NULL	齐齐哈尔理工职业学院	黑龙江	齐齐哈尔市	专科		理工	民办	省教育厅	2	2	2	0	0	0	0	0	0													0	0	0	0	0	0	0	0	0	0		["理工"]	
70643	14912	NULL	齐齐哈尔立德健康职业学院	黑龙江	齐齐哈尔市	专科		医药	民办		2	2	2	0	0	0	0	0	0													0	0	0	0	0	0	0	0	0	0		["医药"]	
11550	10238	NULL	齐齐哈尔高等师范专科学校	黑龙江	齐齐哈尔市	专科		师范	公办	省政府	2	2	2	0	0	0	0	0	0													0	0	0	0	0	0	0	0	0	0		["师范"]	
10761	11312	NULL	龙岩学院	福建	龙岩市	本科		综合	公办	省政府	2	2	2	0	0	0	0	0	0			398				742	416			742	0.00	3	0	0	0	0	0	0	0	0	0		["综合"]	["省属", "硕博点"]
