major_code,major_name,major_level,degree,limit_year,level2_name,level3_name,core_courses_estimated,course_basis,data_note,tier1_school_examples,tier1_course_focus,tier2_school_examples,tier2_course_focus,tier3_school_examples,tier3_course_focus
010101,哲学,本科(普通),哲学学士,四年,哲学,哲学类,哲学导论、史学通论、中国哲学史、西方哲学史、欧洲哲学史、德国古典哲学、初等逻辑、现代逻辑、一阶逻辑、中外逻辑史,rysxai_major_course,,清华大学、北京大学、浙江大学、复旦大学、南京大学,头部/强研究型：核心课不一定换名称，但会加深数学/理论和研究训练，重点看理论深度、科研训练、交叉前沿、学术写作；样例：清华大学、北京大学、浙江大学、复旦大学、南京大学,浙江工商大学、山东师范大学、青岛大学、湖北大学、上海师范大学,区域重点/特色优势：核心课保持完整，通常叠加地方产业、行业场景、实验项目和专业方向模块；样例：浙江工商大学、山东师范大学、青岛大学、湖北大学、上海师范大学,梧州学院、北海艺术设计学院,普通应用/职业供给：更强调岗位技能、项目实训、证书衔接、综合实践，课程呈现更实训化、工具化；样例：梧州学院、北海艺术设计学院
010102,逻辑学,本科(普通),哲学学士,四年,哲学,哲学类,普通逻辑学、哲学导论、逻辑学、马克思主义哲学、中国哲学史、西方哲学史、伦理学、宗教学、哲学原著选读,rysxai_major_course+category_template,,中山大学、南开大学,头部/强研究型：核心课不一定换名称，但会加深数学/理论和研究训练，重点看理论深度、科研训练、交叉前沿、学术写作；样例：中山大学、南开大学,库内未命中,区域重点/特色优势：核心课保持完整，通常叠加地方产业、行业场景、实验项目和专业方向模块；样例：库内未命中该层次开设样例,库内未命中,普通应用/职业供给：更强调岗位技能、项目实训、证书衔接、综合实践，课程呈现更实训化、工具化；样例：库内未命中该层次开设样例
010103K,宗教学,本科(普通),哲学学士,四年,哲学,哲学类,宗教学、马克思主义宗教学、印度佛教经典选读、道教原典、圣经神学、基督教原典、宗教哲学专题、儒学哲学专题、中国伊斯兰教史、基督教专题,rysxai_major_course,,北京大学、复旦大学、武汉大学、中国人民大学、山东大学,头部/强研究型：核心课不一定换名称，但会加深数学/理论和研究训练，重点看理论深度、科研训练、交叉前沿、学术写作；样例：北京大学、复旦大学、武汉大学、中国人民大学、山东大学,新疆师范大学、圣若瑟大学,区域重点/特色优势：核心课保持完整，通常叠加地方产业、行业场景、实验项目和专业方向模块；样例：新疆师范大学、圣若瑟大学,库内未命中,普通应用/职业供给：更强调岗位技能、项目实训、证书衔接、综合实践，课程呈现更实训化、工具化；样例：库内未命中该层次开设样例
010104T,伦理学,本科(普通),哲学学士,四年,哲学,哲学类,哲学概论、逻辑学、中国哲学史、西方哲学史、伦理学原理、中国伦理学史、西方伦理学史、应用伦理学、伦理案例分析实训、社会伦理调查,rysxai_major_course,,中国人民大学、山西大学,头部/强研究型：核心课不一定换名称，但会加深数学/理论和研究训练，重点看理论深度、科研训练、交叉前沿、学术写作；样例：中国人民大学、山西大学,库内未命中,区域重点/特色优势：核心课保持完整，通常叠加地方产业、行业场景、实验项目和专业方向模块；样例：库内未命中该层次开设样例,库内未命中,普通应用/职业供给：更强调岗位技能、项目实训、证书衔接、综合实践，课程呈现更实训化、工具化；样例：库内未命中该层次开设样例
020101,经济学,本科(普通),经济学学士,四年,经济学,经济学类,初级经济学、微观经济学、宏观经济学、西方经济学、政治经济学、资本论、经济思想史、经济学史、中国经济学史、外国近现代经济史,rysxai_major_course,,清华大学、北京大学、浙江大学、上海交通大学、复旦大学,头部/强研究型：核心课不一定换名称，但会加深数学/理论和研究训练，重点看高级微宏观、计量建模、政策评估、数据实证；样例：清华大学、北京大学、浙江大学、上海交通大学、复旦大学,江西财经大学、浙江工商大学、西交利物浦大学、山东师范大学、广州大学,区域重点/特色优势：核心课保持完整，通常叠加地方产业、行业场景、实验项目和专业方向模块；样例：江西财经大学、浙江工商大学、西交利物浦大学、山东师范大学、广州大学,许昌学院、商丘师范学院、河南工程学院、济宁学院、渭南师范学院,普通应用/职业供给：更强调Excel/统计软件、业务流程、案例实训、岗位证书，课程呈现更实训化、工具化；样例：许昌学院、商丘师范学院、河南工程学院、济宁学院、渭南师范学院
020102,经济统计学,本科(普通),经济学学士,四年,经济学,经济学类,数学分析、概率论与数理统计、西方经济学、宏观经济学、统计学导论、统计学原理、统计学、经济统计学、计量经济学、统计建模,rysxai_major_course,,华中科技大学、西安交通大学、北京航空航天大学、中国人民大学、厦门大学,头部/强研究型：核心课不一定换名称，但会加深数学/理论和研究训练，重点看高级微宏观、计量建模、政策评估、数据实证；样例：华中科技大学、西安交通大学、北京航空航天大学、中国人民大学、厦门大学,江西财经大学、浙江工商大学、首都经济贸易大学、北京工商大学、南京财经大学,区域重点/特色优势：核心课保持完整，通常叠加地方产业、行业场景、实验项目和专业方向模块；样例：江西财经大学、浙江工商大学、首都经济贸易大学、北京工商大学、南京财经大学,六盘水师范学院、武汉商学院、黄山学院、安顺学院、新余学院,普通应用/职业供给：更强调Excel/统计软件、业务流程、案例实训、岗位证书，课程呈现更实训化、工具化；样例：六盘水师范学院、武汉商学院、黄山学院、安顺学院、新余学院
020103T,国民经济管理,本科(普通),经济学学士,四年,经济学,经济学类,国民经济核算概论、国际经济、国际金融理论与制度、宏观理论、产业政策、政府管制等、国民经济管理学、产业经济管理、管制经济学、税收的微观经济分析,rysxai_major_course,,四川大学、中国人民大学、中国人民大学(苏州校区)、中央财经大学、辽宁大学,头部/强研究型：核心课不一定换名称，但会加深数学/理论和研究训练，重点看高级微宏观、计量建模、政策评估、数据实证；样例：四川大学、中国人民大学、中国人民大学(苏州校区)、中央财经大学、辽宁大学,江西财经大学、安徽财经大学、山西财经大学,区域重点/特色优势：核心课保持完整，通常叠加地方产业、行业场景、实验项目和专业方向模块；样例：江西财经大学、安徽财经大学、山西财经大学,库内未命中,普通应用/职业供给：更强调Excel/统计软件、业务流程、案例实训、岗位证书，课程呈现更实训化、工具化；样例：库内未命中该层次开设样例
020104T,资源与环境经济学,本科(普通),经济学学士,四年,经济学,经济学类,资源与环境经济学、资源与经济、微观经济学、宏观经济学、政治经济学、计量经济学、统计学、财政学、金融学、发展经济学,rysxai_major_course+category_template,,中国人民大学,头部/强研究型：核心课不一定换名称，但会加深数学/理论和研究训练，重点看高级微宏观、计量建模、政策评估、数据实证；样例：中国人民大学,江西财经大学、山东财经大学、山西财经大学、内蒙古工业大学、湖北经济学院,区域重点/特色优势：核心课保持完整，通常叠加地方产业、行业场景、实验项目和专业方向模块；样例：江西财经大学、山东财经大学、山西财经大学、内蒙古工业大学、湖北经济学院,山西工程技术学院、山西工商学院、合肥经济学院,普通应用/职业供给：更强调Excel/统计软件、业务流程、案例实训、岗位证书，课程呈现更实训化、工具化；样例：山西工程技术学院、山西工商学院、合肥经济学院
020105T,商务经济学,本科(普通),经济学学士,四年,经济学,经济学类,微观经济学、宏观经济学、商务经济学、政治经济学、计量经济学、统计学、财政学、金融学、发展经济学,rysxai_major_course+category_template,,南开大学、海南大学,头部/强研究型：核心课不一定换名称，但会加深数学/理论和研究训练，重点看高级微宏观、计量建模、政策评估、数据实证；样例：南开大学、海南大学,福建农林大学、湖北经济学院、兰州财经大学、上海商学院、广西财经学院,区域重点/特色优势：核心课保持完整，通常叠加地方产业、行业场景、实验项目和专业方向模块；样例：福建农林大学、湖北经济学院、兰州财经大学、上海商学院、广西财经学院,重庆第二师范学院、黄淮学院、武汉商学院、新乡学院、忻州师范学院,普通应用/职业供给：更强调Excel/统计软件、业务流程、案例实训、岗位证书，课程呈现更实训化、工具化；样例：重庆第二师范学院、黄淮学院、武汉商学院、新乡学院、忻州师范学院
020106T,能源经济,本科(普通),经济学学士,四年,经济学,经济学类,微积分、政治经济学、宏观经济学、微观经济学、能源经济学概论、自然资源与环境经济学、计量经济学、能源市场与价格、气候变化经济学、能源项目投资管理,rysxai_major_course,,北京航空航天大学、中国人民大学、重庆大学、中国石油大学(北京)、江苏大学,头部/强研究型：核心课不一定换名称，但会加深数学/理论和研究训练，重点看高级微宏观、计量建模、政策评估、数据实证；样例：北京航空航天大学、中国人民大学、重庆大学、中国石油大学(北京)、江苏大学,湖北工业大学、山西财经大学、河南财经政法大学、内蒙古财经大学、山东工商学院,区域重点/特色优势：核心课保持完整，通常叠加地方产业、行业场景、实验项目和专业方向模块；样例：湖北工业大学、山西财经大学、河南财经政法大学、内蒙古财经大学、山东工商学院,江苏大学京江学院、西安明德理工学院、银川能源学院,普通应用/职业供给：更强调Excel/统计软件、业务流程、案例实训、岗位证书，课程呈现更实训化、工具化；样例：江苏大学京江学院、西安明德理工学院、银川能源学院
020107T,劳动经济学,本科(普通),经济学学士,四年,经济学,经济学类,高等数学、西方经济学、劳动经济学原理、统计学、人力资源管理、劳动政策分析、薪酬理论与设计、劳动调查方法实训、薪酬方案设计实践、劳动政策模拟分析,rysxai_major_course,,中国人民大学,头部/强研究型：核心课不一定换名称，但会加深数学/理论和研究训练，重点看高级微宏观、计量建模、政策评估、数据实证；样例：中国人民大学,首都经济贸易大学、中国劳动关系学院,区域重点/特色优势：核心课保持完整，通常叠加地方产业、行业场景、实验项目和专业方向模块；样例：首都经济贸易大学、中国劳动关系学院,库内未命中,普通应用/职业供给：更强调Excel/统计软件、业务流程、案例实训、岗位证书，课程呈现更实训化、工具化；样例：库内未命中该层次开设样例
020108T,经济工程,本科(普通),经济学学士,四年,经济学,经济学类,高等数学、微观经济学、宏观经济学、工程经济学、管理学原理、运筹学、项目经济评价、技术创新管理、产业经济分析、系统工程,rysxai_major_course,,库内未命中,头部/强研究型：核心课不一定换名称，但会加深数学/理论和研究训练，重点看高级微宏观、计量建模、政策评估、数据实证；样例：库内未命中该层次开设样例,合肥大学,区域重点/特色优势：核心课保持完整，通常叠加地方产业、行业场景、实验项目和专业方向模块；样例：合肥大学,重庆工商大学派斯学院、同济大学浙江学院,普通应用/职业供给：更强调Excel/统计软件、业务流程、案例实训、岗位证书，课程呈现更实训化、工具化；样例：重庆工商大学派斯学院、同济大学浙江学院
020109T,数字经济,本科(普通),经济学学士,四年,经济学,经济学类,大学英语、高等数学、计算机应用基础、数字经济导论、微观经济学、宏观经济学、统计学、计量经济学、Python程序设计、数字平台经济,rysxai_major_course,,南京大学、华中科技大学、哈尔滨工业大学、中国人民大学、南开大学,头部/强研究型：核心课不一定换名称，但会加深数学/理论和研究训练，重点看高级微宏观、计量建模、政策评估、数据实证；样例：南京大学、华中科技大学、哈尔滨工业大学、中国人民大学、南开大学,江西财经大学、浙江工商大学、广州大学、昆明理工大学、首都经济贸易大学,区域重点/特色优势：核心课保持完整，通常叠加地方产业、行业场景、实验项目和专业方向模块；样例：江西财经大学、浙江工商大学、广州大学、昆明理工大学、首都经济贸易大学,洛阳理工学院、周口师范学院、江苏第二师范学院、宿迁学院、福建技术师范学院,普通应用/职业供给：更强调Excel/统计软件、业务流程、案例实训、岗位证书，课程呈现更实训化、工具化；样例：洛阳理工学院、周口师范学院、江苏第二师范学院、宿迁学院、福建技术师范学院
020201K,财政学,本科(普通),经济学学士,四年,经济学,财政学类,宏观经济学、微观经济学、经济学、财政学说史、中国财税史、比较财政学、外国财政制度与管理、政府预算管理、国家预算、公共支出分析,rysxai_major_course,,北京大学、浙江大学、复旦大学、南京大学、武汉大学,头部/强研究型：核心课不一定换名称，但会加深数学/理论和研究训练，重点看高级微宏观、计量建模、政策评估、数据实证；样例：北京大学、浙江大学、复旦大学、南京大学、武汉大学,江西财经大学、青岛大学、首都经济贸易大学、北京工商大学、南京财经大学,区域重点/特色优势：核心课保持完整，通常叠加地方产业、行业场景、实验项目和专业方向模块；样例：江西财经大学、青岛大学、首都经济贸易大学、北京工商大学、南京财经大学,吉林工商学院、河南财政金融学院、河北经贸大学经济管理学院、厦门大学嘉庚学院、山东财经大学东方学院,普通应用/职业供给：更强调Excel/统计软件、业务流程、案例实训、岗位证书，课程呈现更实训化、工具化；样例：吉林工商学院、河南财政金融学院、河北经贸大学经济管理学院、厦门大学嘉庚学院、山东财经大学东方学院
020202,税收学,本科(普通),经济学学士,四年,经济学,财政学类,税收学基础、财政学、会计、税收学、中国税制、国际税收、税收筹划、税务代理实务、税务会计、政府预算,rysxai_major_course,,中国人民大学、厦门大学、上海财经大学、中央财经大学、中南财经政法大学,头部/强研究型：核心课不一定换名称，但会加深数学/理论和研究训练，重点看高级微宏观、计量建模、政策评估、数据实证；样例：中国人民大学、厦门大学、上海财经大学、中央财经大学、中南财经政法大学,江西财经大学、上海理工大学、首都经济贸易大学、南京财经大学、广东外语外贸大学,区域重点/特色优势：核心课保持完整，通常叠加地方产业、行业场景、实验项目和专业方向模块；样例：江西财经大学、上海理工大学、首都经济贸易大学、南京财经大学、广东外语外贸大学,重庆第二师范学院、武汉商学院、吉林工商学院、哈尔滨金融学院、新疆科技学院,普通应用/职业供给：更强调Excel/统计软件、业务流程、案例实训、岗位证书，课程呈现更实训化、工具化；样例：重庆第二师范学院、武汉商学院、吉林工商学院、哈尔滨金融学院、新疆科技学院
020203TK,国际税收,本科(普通),经济学学士,四年,经济学,财政学类,经济学原理、财政学、税法、会计学基础、国际税收学、跨国公司税收管理、国际税收协定、国际避税与反避税、国际税收模拟实训、税务稽查实训,rysxai_major_course,,库内未命中,头部/强研究型：核心课不一定换名称，但会加深数学/理论和研究训练，重点看高级微宏观、计量建模、政策评估、数据实证；样例：库内未命中该层次开设样例,浙江财经大学、吉林财经大学,区域重点/特色优势：核心课保持完整，通常叠加地方产业、行业场景、实验项目和专业方向模块；样例：浙江财经大学、吉林财经大学,库内未命中,普通应用/职业供给：更强调Excel/统计软件、业务流程、案例实训、岗位证书，课程呈现更实训化、工具化；样例：库内未命中该层次开设样例
020301K,金融学,本科(普通),经济学学士,四年,经济学,金融学类,西方经济学、管理学、概率论与数理统计、计量经济学、政治经济学、现代经济学原理、货币银行学、国际金融学、中级经济学、公司金融学,rysxai_major_course,,北京大学、浙江大学、上海交通大学、复旦大学、南京大学,头部/强研究型：核心课不一定换名称，但会加深数学/理论和研究训练，重点看高级微宏观、计量建模、政策评估、数据实证；样例：北京大学、浙江大学、上海交通大学、复旦大学、南京大学,江西财经大学、浙江工商大学、山东师范大学、广州大学、上海理工大学,区域重点/特色优势：核心课保持完整，通常叠加地方产业、行业场景、实验项目和专业方向模块；样例：江西财经大学、浙江工商大学、山东师范大学、广州大学、上海理工大学,广州航海学院、山东女子学院、吉林工商学院、哈尔滨金融学院、新疆理工学院,普通应用/职业供给：更强调Excel/统计软件、业务流程、案例实训、岗位证书，课程呈现更实训化、工具化；样例：广州航海学院、山东女子学院、吉林工商学院、哈尔滨金融学院、新疆理工学院
020302,金融工程,本科(普通),经济学学士,四年,经济学,金融学类,微观经济学、货币银行学、财政金融学、会计学原理、政治经济学、金融工程学、金融衍生工具定价、金融资产定价、金融风险管理、证券投资学,rysxai_major_course,,南京大学、武汉大学、华中科技大学、西安交通大学、北京理工大学,头部/强研究型：核心课不一定换名称，但会加深数学/理论和研究训练，重点看高级微宏观、计量建模、政策评估、数据实证；样例：南京大学、武汉大学、华中科技大学、西安交通大学、北京理工大学,江西财经大学、浙江工商大学、首都经济贸易大学、杭州师范大学、上海师范大学,区域重点/特色优势：核心课保持完整，通常叠加地方产业、行业场景、实验项目和专业方向模块；样例：江西财经大学、浙江工商大学、首都经济贸易大学、杭州师范大学、上海师范大学,浙江水利水电学院、湘南学院、黄淮学院、河南工程学院、济宁学院,普通应用/职业供给：更强调Excel/统计软件、业务流程、案例实训、岗位证书，课程呈现更实训化、工具化；样例：浙江水利水电学院、湘南学院、黄淮学院、河南工程学院、济宁学院
020303,保险学,本科(普通),经济学学士,四年,经济学,金融学类,保险学、金融学、政治经济学、管理学、利息理论、寿险精算、非寿险精算、保险经营与管理、海上保险、公司金融,rysxai_major_course,,北京大学、复旦大学、南京大学、武汉大学、中国人民大学,头部/强研究型：核心课不一定换名称，但会加深数学/理论和研究训练，重点看高级微宏观、计量建模、政策评估、数据实证；样例：北京大学、复旦大学、南京大学、武汉大学、中国人民大学,江西财经大学、浙江工商大学、首都经济贸易大学、北京工商大学、南京财经大学,区域重点/特色优势：核心课保持完整，通常叠加地方产业、行业场景、实验项目和专业方向模块；样例：江西财经大学、浙江工商大学、首都经济贸易大学、北京工商大学、南京财经大学,廊坊师范学院、吉林工商学院、哈尔滨金融学院、河南财政金融学院、福建商学院,普通应用/职业供给：更强调Excel/统计软件、业务流程、案例实训、岗位证书，课程呈现更实训化、工具化；样例：廊坊师范学院、吉林工商学院、哈尔滨金融学院、河南财政金融学院、福建商学院
020304,投资学,本科(普通),经济学学士,四年,经济学,金融学类,西方经济学、投资学、统计学、投资经济学、公司金融学、金融风险管理、融资学、固定收益证券分析、衍生品投资、风险投资学,rysxai_major_course,,上海财经大学、中央财经大学、南京农业大学、中南财经政法大学、对外经济贸易大学,头部/强研究型：核心课不一定换名称，但会加深数学/理论和研究训练，重点看高级微宏观、计量建模、政策评估、数据实证；样例：上海财经大学、中央财经大学、南京农业大学、中南财经政法大学、对外经济贸易大学,浙江工商大学、首都经济贸易大学、武汉科技大学、南京财经大学、浙江财经大学,区域重点/特色优势：核心课保持完整，通常叠加地方产业、行业场景、实验项目和专业方向模块；样例：浙江工商大学、首都经济贸易大学、武汉科技大学、南京财经大学、浙江财经大学,贵州理工学院、怀化学院、山东女子学院、山东管理学院、保定学院,普通应用/职业供给：更强调Excel/统计软件、业务流程、案例实训、岗位证书，课程呈现更实训化、工具化；样例：贵州理工学院、怀化学院、山东女子学院、山东管理学院、保定学院
020305T,金融数学,本科(普通),经济学学士,四年,经济学,金融学类,高等代数与解析几何、数学分析、金融数学、C++程序设计、金融学、公司金融、投资学、金融市场学、商业银行经营管理、金融工程,rysxai_major_course+category_template,,天津大学、重庆大学、郑州大学、苏州大学、中南财经政法大学,头部/强研究型：核心课不一定换名称，但会加深数学/理论和研究训练，重点看高级微宏观、计量建模、政策评估、数据实证；样例：天津大学、重庆大学、郑州大学、苏州大学、中南财经政法大学,西交利物浦大学、南京财经大学、浙江财经大学、山东财经大学、北师香港浸会大学,区域重点/特色优势：核心课保持完整，通常叠加地方产业、行业场景、实验项目和专业方向模块；样例：西交利物浦大学、南京财经大学、浙江财经大学、山东财经大学、北师香港浸会大学,商丘师范学院、淮南师范学院、四川文理学院、河南工学院、河南财政金融学院,普通应用/职业供给：更强调Excel/统计软件、业务流程、案例实训、岗位证书，课程呈现更实训化、工具化；样例：商丘师范学院、淮南师范学院、四川文理学院、河南工学院、河南财政金融学院
020306T,信用管理,本科(普通),"经济学学士,管理学学士",四年,经济学,金融学类,信用管理概论、金融学、资信评级、征信技术基础、金融机构信用风险管理、信用信息与客户关系管理、金融计量学、资产组合管理、利息实务分析、证券分析,rysxai_major_course,,北京理工大学、中国人民大学、西南财经大学,头部/强研究型：核心课不一定换名称，但会加深数学/理论和研究训练，重点看高级微宏观、计量建模、政策评估、数据实证；样例：北京理工大学、中国人民大学、西南财经大学,上海师范大学、浙江财经大学、南京审计大学、天津财经大学、河南财经政法大学,区域重点/特色优势：核心课保持完整，通常叠加地方产业、行业场景、实验项目和专业方向模块；样例：上海师范大学、浙江财经大学、南京审计大学、天津财经大学、河南财经政法大学,哈尔滨金融学院、重庆财经学院、郑州经贸学院、重庆工商大学派斯学院、兰州工商学院,普通应用/职业供给：更强调Excel/统计软件、业务流程、案例实训、岗位证书，课程呈现更实训化、工具化；样例：哈尔滨金融学院、重庆财经学院、郑州经贸学院、重庆工商大学派斯学院、兰州工商学院
020307T,经济与金融,本科(普通),经济学学士,四年,经济学,金融学类,微观经济学、宏观经济学、政治经济学、统计学、金融学、公司金融、金融市场、商业银行学、证券投资学、金融经济学,rysxai_major_course,,清华大学、中南财经政法大学、对外经济贸易大学,头部/强研究型：核心课不一定换名称，但会加深数学/理论和研究训练，重点看高级微宏观、计量建模、政策评估、数据实证；样例：清华大学、中南财经政法大学、对外经济贸易大学,西交利物浦大学、燕山大学、河南农业大学、南通大学、南京审计大学,区域重点/特色优势：核心课保持完整，通常叠加地方产业、行业场景、实验项目和专业方向模块；样例：西交利物浦大学、燕山大学、河南农业大学、南通大学、南京审计大学,江苏第二师范学院、六盘水师范学院、重庆第二师范学院、武汉商学院、齐鲁师范学院,普通应用/职业供给：更强调Excel/统计软件、业务流程、案例实训、岗位证书，课程呈现更实训化、工具化；样例：江苏第二师范学院、六盘水师范学院、重庆第二师范学院、武汉商学院、齐鲁师范学院
020308T,精算学,本科(普通),"经济学学士,理学学士",四年,经济学,金融学类,利息理论、人身保险学、财产保险学、寿险精算学、风险管理、保险法、寿险精算实验、风险模型与试验、金融学、公司金融,rysxai_major_course,,南开大学、湖南大学、中央财经大学、中南财经政法大学、对外经济贸易大学,头部/强研究型：核心课不一定换名称，但会加深数学/理论和研究训练，重点看高级微宏观、计量建模、政策评估、数据实证；样例：南开大学、湖南大学、中央财经大学、中南财经政法大学、对外经济贸易大学,江西财经大学、西交利物浦大学、山东财经大学、上海立信会计金融学院、云南财经大学,区域重点/特色优势：核心课保持完整，通常叠加地方产业、行业场景、实验项目和专业方向模块；样例：江西财经大学、西交利物浦大学、山东财经大学、上海立信会计金融学院、云南财经大学,河南开封科技传媒学院、河北外国语学院,普通应用/职业供给：更强调Excel/统计软件、业务流程、案例实训、岗位证书，课程呈现更实训化、工具化；样例：河南开封科技传媒学院、河北外国语学院
020309T,互联网金融,本科(普通),经济学学士,四年,经济学,金融学类,大学英语、计算机应用基础、高等数学、经济学原理、金融学、统计学、会计学、计算机网络基础、数据库原理、互联网金融概论,rysxai_major_course,,安徽大学,头部/强研究型：核心课不一定换名称，但会加深数学/理论和研究训练，重点看高级微宏观、计量建模、政策评估、数据实证；样例：安徽大学,中国计量大学、安徽工业大学、沈阳工业大学、安徽工程大学、福建理工大学,区域重点/特色优势：核心课保持完整，通常叠加地方产业、行业场景、实验项目和专业方向模块；样例：中国计量大学、安徽工业大学、沈阳工业大学、安徽工程大学、福建理工大学,通化师范学院、济宁学院、巢湖学院、泰州学院、滇西科技师范学院,普通应用/职业供给：更强调Excel/统计软件、业务流程、案例实训、岗位证书，课程呈现更实训化、工具化；样例：通化师范学院、济宁学院、巢湖学院、泰州学院、滇西科技师范学院
020310T,金融科技,本科(普通),经济学学士,四年,经济学,金融学类,高等数学、微观经济学、宏观经济学、统计学、Python程序设计、金融科技概论、区块链金融、金融大数据分析、量化投资策略、金融建模实训,rysxai_major_course,,复旦大学、北京理工大学、北京师范大学、南开大学、吉林大学,头部/强研究型：核心课不一定换名称，但会加深数学/理论和研究训练，重点看高级微宏观、计量建模、政策评估、数据实证；样例：复旦大学、北京理工大学、北京师范大学、南开大学、吉林大学,江西财经大学、深圳北理莫斯科大学、首都经济贸易大学、上海师范大学、武汉科技大学,区域重点/特色优势：核心课保持完整，通常叠加地方产业、行业场景、实验项目和专业方向模块；样例：江西财经大学、深圳北理莫斯科大学、首都经济贸易大学、上海师范大学、武汉科技大学,宿迁学院、山东管理学院、吉林工商学院、哈尔滨金融学院、广西职业师范学院,普通应用/职业供给：更强调Excel/统计软件、业务流程、案例实训、岗位证书，课程呈现更实训化、工具化；样例：宿迁学院、山东管理学院、吉林工商学院、哈尔滨金融学院、广西职业师范学院
020311TK,金融审计,本科(普通),经济学学士,四年,经济学,金融学类,大学英语、计算机应用基础、高等数学、会计学原理、微观经济学、宏观经济学、审计学原理、金融学基础、金融审计实务、金融企业会计,rysxai_major_course,,库内未命中,头部/强研究型：核心课不一定换名称，但会加深数学/理论和研究训练，重点看高级微宏观、计量建模、政策评估、数据实证；样例：库内未命中该层次开设样例,南京审计大学,区域重点/特色优势：核心课保持完整，通常叠加地方产业、行业场景、实验项目和专业方向模块；样例：南京审计大学,库内未命中,普通应用/职业供给：更强调Excel/统计软件、业务流程、案例实训、岗位证书，课程呈现更实训化、工具化；样例：库内未命中该层次开设样例
020401,国际经济与贸易,本科(普通),经济学学士,四年,经济学,经济与贸易类,西方经济学、马克思主义政治经济学、经济数学、统计学、计量经济学、中级微观经济学、中级宏观经济学、财政学、金融学、国际贸易学,rysxai_major_course,,北京大学、浙江大学、复旦大学、南京大学、武汉大学,头部/强研究型：核心课不一定换名称，但会加深数学/理论和研究训练，重点看高级微宏观、计量建模、政策评估、数据实证；样例：北京大学、浙江大学、复旦大学、南京大学、武汉大学,江西财经大学、浙江工商大学、山东师范大学、广州大学、上海理工大学,区域重点/特色优势：核心课保持完整，通常叠加地方产业、行业场景、实验项目和专业方向模块；样例：江西财经大学、浙江工商大学、山东师范大学、广州大学、上海理工大学,洛阳理工学院、周口师范学院、湘南学院、商丘师范学院、怀化学院,普通应用/职业供给：更强调Excel/统计软件、业务流程、案例实训、岗位证书，课程呈现更实训化、工具化；样例：洛阳理工学院、周口师范学院、湘南学院、商丘师范学院、怀化学院
020402,贸易经济,本科(普通),经济学学士,四年,经济学,经济与贸易类,宏观经济学概论、贸易经济学、中外贸易史、国际经济、服务贸易概论、期货市场运作、消费经济、市场分析与研究、电子商务与网络贸易、价格理论与企业定价,rysxai_major_course,,西安交通大学、中国人民大学、中央财经大学、中南财经政法大学,头部/强研究型：核心课不一定换名称，但会加深数学/理论和研究训练，重点看高级微宏观、计量建模、政策评估、数据实证；样例：西安交通大学、中国人民大学、中央财经大学、中南财经政法大学,首都经济贸易大学、北京工商大学、南京财经大学、山东财经大学、南京审计大学,区域重点/特色优势：核心课保持完整，通常叠加地方产业、行业场景、实验项目和专业方向模块；样例：首都经济贸易大学、北京工商大学、南京财经大学、山东财经大学、南京审计大学,江苏第二师范学院、四川旅游学院、楚雄师范学院、河池学院、福建商学院,普通应用/职业供给：更强调Excel/统计软件、业务流程、案例实训、岗位证书，课程呈现更实训化、工具化；样例：江苏第二师范学院、四川旅游学院、楚雄师范学院、河池学院、福建商学院
020403T,国际经济发展合作,本科(普通),经济学学士,四年,经济学,经济与贸易类,大学英语、高等数学、经济学原理、国际经济学、发展经济学、国际关系概论、国际发展合作概论、国际援助管理、跨境项目管理、国际项目模拟实训,rysxai_major_course,,对外经济贸易大学,头部/强研究型：核心课不一定换名称，但会加深数学/理论和研究训练，重点看高级微宏观、计量建模、政策评估、数据实证；样例：对外经济贸易大学,江西财经大学、上海对外经贸大学、山东财经大学、黑龙江东方学院,区域重点/特色优势：核心课保持完整，通常叠加地方产业、行业场景、实验项目和专业方向模块；样例：江西财经大学、上海对外经贸大学、山东财经大学、黑龙江东方学院,库内未命中,普通应用/职业供给：更强调Excel/统计软件、业务流程、案例实训、岗位证书，课程呈现更实训化、工具化；样例：库内未命中该层次开设样例
030101K,法学,本科(普通),法学学士,四年,法学,法学类,习近平法治思想、法理学、法理学导论、宪法学、法律逻辑学、法学方法论、民法学、民法总论、物权法、债权法,rysxai_major_course,,清华大学、北京大学、浙江大学、上海交通大学、复旦大学,头部/强研究型：核心课不一定换名称，但会加深数学/理论和研究训练，重点看法学方法论、部门法专题、案例研判、比较法；样例：清华大学、北京大学、浙江大学、上海交通大学、复旦大学,江西财经大学、浙江工商大学、山东师范大学、广州大学、青岛大学,区域重点/特色优势：核心课保持完整，通常叠加地方产业、行业场景、实验项目和专业方向模块；样例：江西财经大学、浙江工商大学、山东师范大学、广州大学、青岛大学,周口师范学院、湘南学院、许昌学院、吉林警察学院、商丘师范学院,普通应用/职业供给：更强调法律文书、模拟法庭、基层治理案例、实务流程，课程呈现更实训化、工具化；样例：周口师范学院、湘南学院、许昌学院、吉林警察学院、商丘师范学院
030102T,知识产权,本科(普通),法学学士,四年,法学,法学类,宪法学、著作权法、法理学、民法、刑法、行政法与行政诉讼法、商法、经济法、民事诉讼法,rysxai_major_course+category_template,,大连理工大学、华南理工大学、重庆大学、南京理工大学、苏州大学,头部/强研究型：核心课不一定换名称，但会加深数学/理论和研究训练，重点看法学方法论、部门法专题、案例研判、比较法；样例：大连理工大学、华南理工大学、重庆大学、南京理工大学、苏州大学,江西财经大学、浙江工商大学、安徽医科大学、重庆邮电大学、中国计量大学,区域重点/特色优势：核心课保持完整，通常叠加地方产业、行业场景、实验项目和专业方向模块；样例：江西财经大学、浙江工商大学、安徽医科大学、重庆邮电大学、中国计量大学,许昌学院、河南工程学院、山东女子学院、安阳工学院、保定学院,普通应用/职业供给：更强调法律文书、模拟法庭、基层治理案例、实务流程，课程呈现更实训化、工具化；样例：许昌学院、河南工程学院、山东女子学院、安阳工学院、保定学院
030103T,监狱学,本科(普通),法学学士,四年,法学,法学类,法理学、宪法学、民法、刑法、行政法与行政诉讼法、商法、经济法、民事诉讼法,rysxai_major_course+category_template,,库内未命中,头部/强研究型：核心课不一定换名称，但会加深数学/理论和研究训练，重点看法学方法论、部门法专题、案例研判、比较法；样例：库内未命中该层次开设样例,上海政法学院、甘肃政法大学、中央司法警官学院、山东政法学院、贵州警察学院,区域重点/特色优势：核心课保持完整，通常叠加地方产业、行业场景、实验项目和专业方向模块；样例：上海政法学院、甘肃政法大学、中央司法警官学院、山东政法学院、贵州警察学院,广西警察学院、新疆政法学院、新疆警察学院、昆明理工大学津桥学院,普通应用/职业供给：更强调法律文书、模拟法庭、基层治理案例、实务流程，课程呈现更实训化、工具化；样例：广西警察学院、新疆政法学院、新疆警察学院、昆明理工大学津桥学院
030104T,信用风险管理与法律防控,本科(普通),法学学士,四年,法学,法学类,经济学原理、管理学原理、法学基础、信用管理学、信用风险评估、金融法、信用评级实训、法律实务模拟、法理学、宪法学,rysxai_major_course,,湘潭大学,头部/强研究型：核心课不一定换名称，但会加深数学/理论和研究训练，重点看法学方法论、部门法专题、案例研判、比较法；样例：湘潭大学,山东工商学院、盐城师范学院、广东金融学院、吉林外国语大学,区域重点/特色优势：核心课保持完整，通常叠加地方产业、行业场景、实验项目和专业方向模块；样例：山东工商学院、盐城师范学院、广东金融学院、吉林外国语大学,宿迁学院、福建技术师范学院、安顺学院、哈尔滨金融学院、新疆政法学院,普通应用/职业供给：更强调法律文书、模拟法庭、基层治理案例、实务流程，课程呈现更实训化、工具化；样例：宿迁学院、福建技术师范学院、安顺学院、哈尔滨金融学院、新疆政法学院
030105T,国际经贸规则,本科(普通),法学学士,四年,法学,法学类,经济学原理、国际贸易学、国际法、国际货物贸易规则、世界贸易组织法、国际投资规则、国际商事仲裁模拟、国际贸易合规实训、跨境电商规则实践、法理学,rysxai_major_course,,西安交通大学、中南财经政法大学,头部/强研究型：核心课不一定换名称，但会加深数学/理论和研究训练，重点看法学方法论、部门法专题、案例研判、比较法；样例：西安交通大学、中南财经政法大学,温州大学、上海对外经贸大学、桂林电子科技大学、浙江外国语学院、云南财经大学,区域重点/特色优势：核心课保持完整，通常叠加地方产业、行业场景、实验项目和专业方向模块；样例：温州大学、上海对外经贸大学、桂林电子科技大学、浙江外国语学院、云南财经大学,齐鲁师范学院、广西警察学院、梧州学院、黑龙江工业学院、广州商学院,普通应用/职业供给：更强调法律文书、模拟法庭、基层治理案例、实务流程，课程呈现更实训化、工具化；样例：齐鲁师范学院、广西警察学院、梧州学院、黑龙江工业学院、广州商学院
030106TK,司法警察学,本科(普通),法学学士,四年,法学,法学类,思想道德与法治、大学英语、计算机应用基础、形势与政策、法学基础、宪法学、刑法学、刑事诉讼法学、司法警务学、法院司法警察实务,rysxai_major_course,,库内未命中,头部/强研究型：核心课不一定换名称，但会加深数学/理论和研究训练，重点看法学方法论、部门法专题、案例研判、比较法；样例：库内未命中该层次开设样例,中央司法警官学院、山东政法学院,区域重点/特色优势：核心课保持完整，通常叠加地方产业、行业场景、实验项目和专业方向模块；样例：中央司法警官学院、山东政法学院,广西警察学院、新疆政法学院,普通应用/职业供给：更强调法律文书、模拟法庭、基层治理案例、实务流程，课程呈现更实训化、工具化；样例：广西警察学院、新疆政法学院
030107TK,社区矫正,本科(普通),法学学士,四年,法学,法学类,法学基础、社会学概论、心理学基础、犯罪学、社区矫正理论与实务、社区矫正教育学、社区矫正心理学、社区矫正执法程序、社区矫正案例模拟实训、社区矫正对象访谈技巧训练,rysxai_major_course,,库内未命中,头部/强研究型：核心课不一定换名称，但会加深数学/理论和研究训练，重点看法学方法论、部门法专题、案例研判、比较法；样例：库内未命中该层次开设样例,上海政法学院、云南民族大学、中央司法警官学院、山东政法学院,区域重点/特色优势：核心课保持完整，通常叠加地方产业、行业场景、实验项目和专业方向模块；样例：上海政法学院、云南民族大学、中央司法警官学院、山东政法学院,新疆政法学院、甘肃警察学院、吉林司法警官职业学院、安徽警官职业学院、山东司法警官职业学院,普通应用/职业供给：更强调法律文书、模拟法庭、基层治理案例、实务流程，课程呈现更实训化、工具化；样例：新疆政法学院、甘肃警察学院、吉林司法警官职业学院、安徽警官职业学院、山东司法警官职业学院
030108TK,纪检监察,本科(普通),法学学士,四年,法学,法学类,形势与政策、法学基础、政治学原理、行政学原理、中国共产党历史、纪检监察概论、纪律审查理论与实务、监察调查理论与实务、党风廉政建设、党内法规学,rysxai_major_course,,中南财经政法大学、内蒙古大学、辽宁大学、山西大学、福建师范大学,头部/强研究型：核心课不一定换名称，但会加深数学/理论和研究训练，重点看法学方法论、部门法专题、案例研判、比较法；样例：中南财经政法大学、内蒙古大学、辽宁大学、山西大学、福建师范大学,南京审计大学、云南师范大学、四川师范大学、河南财经政法大学、新疆师范大学,区域重点/特色优势：核心课保持完整，通常叠加地方产业、行业场景、实验项目和专业方向模块；样例：南京审计大学、云南师范大学、四川师范大学、河南财经政法大学、新疆师范大学,库内未命中,普通应用/职业供给：更强调法律文书、模拟法庭、基层治理案例、实务流程，课程呈现更实训化、工具化；样例：库内未命中该层次开设样例
030109TK,国际法,本科(普通),法学学士,四年,法学,法学类,大学英语、法理学、宪法学、民法学、刑法学、国际公法、国际私法、国际经济法、国际法案例研习、模拟国际仲裁,rysxai_major_course,,武汉大学、中南财经政法大学、海南大学,头部/强研究型：核心课不一定换名称，但会加深数学/理论和研究训练，重点看法学方法论、部门法专题、案例研判、比较法；样例：武汉大学、中南财经政法大学、海南大学,广州大学,区域重点/特色优势：核心课保持完整，通常叠加地方产业、行业场景、实验项目和专业方向模块；样例：广州大学,新疆政法学院,普通应用/职业供给：更强调法律文书、模拟法庭、基层治理案例、实务流程，课程呈现更实训化、工具化；样例：新疆政法学院
030110TK,司法鉴定学,本科(普通),法学学士,四年,法学,法学类,法学基础理论、证据法学、刑事侦查学、司法鉴定总论、痕迹司法鉴定、文书司法鉴定、法医物证司法鉴定、司法鉴定实务实训、痕迹检验实验、文书检验实验,rysxai_major_course,,西南政法大学,头部/强研究型：核心课不一定换名称，但会加深数学/理论和研究训练，重点看法学方法论、部门法专题、案例研判、比较法；样例：西南政法大学,皖南医科大学、甘肃政法大学、山东政法学院,区域重点/特色优势：核心课保持完整，通常叠加地方产业、行业场景、实验项目和专业方向模块；样例：皖南医科大学、甘肃政法大学、山东政法学院,广西警察学院、新疆政法学院、甘肃警察学院,普通应用/职业供给：更强调法律文书、模拟法庭、基层治理案例、实务流程，课程呈现更实训化、工具化；样例：广西警察学院、新疆政法学院、甘肃警察学院
030111TK,国家安全学,本科(普通),法学学士,四年,法学,法学类,大学英语、高等数学、计算机应用基础、国家安全学原理、政治学原理、国际政治学、法学基础、国家安全战略、国家安全法治、非传统安全研究,rysxai_major_course,,库内未命中,头部/强研究型：核心课不一定换名称，但会加深数学/理论和研究训练，重点看法学方法论、部门法专题、案例研判、比较法；样例：库内未命中该层次开设样例,国际关系学院、甘肃政法大学,区域重点/特色优势：核心课保持完整，通常叠加地方产业、行业场景、实验项目和专业方向模块；样例：国际关系学院、甘肃政法大学,新疆政法学院,普通应用/职业供给：更强调法律文书、模拟法庭、基层治理案例、实务流程，课程呈现更实训化、工具化；样例：新疆政法学院
030112TK,海外利益安全,本科(普通),法学学士,四年,法学,法学类,大学英语、计算机应用基础、国家安全学原理、国际法、国际关系史、国际政治经济学、海外利益安全理论与实践、海外投资与人员安全保护、国际安全法、跨国危机管理,rysxai_major_course,,西南政法大学,头部/强研究型：核心课不一定换名称，但会加深数学/理论和研究训练，重点看法学方法论、部门法专题、案例研判、比较法；样例：西南政法大学,国际关系学院,区域重点/特色优势：核心课保持完整，通常叠加地方产业、行业场景、实验项目和专业方向模块；样例：国际关系学院,库内未命中,普通应用/职业供给：更强调法律文书、模拟法庭、基层治理案例、实务流程，课程呈现更实训化、工具化；样例：库内未命中该层次开设样例
030201,政治学与行政学,本科(普通),法学学士,四年,法学,政治学类,政治学导论、政治学原理、政治与公共生活、当代西方政治理论、民主与民主化、当代西方政治思潮、西方政治思想史、中国政治思想史、比较政治学、中国政府与政治概论,rysxai_major_course,,清华大学、北京大学、浙江大学、复旦大学、南京大学,头部/强研究型：核心课不一定换名称，但会加深数学/理论和研究训练，重点看法学方法论、部门法专题、案例研判、比较法；样例：清华大学、北京大学、浙江大学、复旦大学、南京大学,江苏科技大学、广西师范大学、黑龙江大学、中南民族大学、天津师范大学,区域重点/特色优势：核心课保持完整，通常叠加地方产业、行业场景、实验项目和专业方向模块；样例：江苏科技大学、广西师范大学、黑龙江大学、中南民族大学、天津师范大学,周口师范学院、山东青年政治学院、保山学院、兴义民族师范学院、新疆政法学院,普通应用/职业供给：更强调法律文书、模拟法庭、基层治理案例、实务流程，课程呈现更实训化、工具化；样例：周口师范学院、山东青年政治学院、保山学院、兴义民族师范学院、新疆政法学院
030202,国际政治,本科(普通),法学学士,四年,法学,政治学类,政治学原理、中国政治概论、比较政治学、现代国际关系理论、当代西方国际关系理论、外交学、近代国际关系史、二战后国际关系、当代西方国家政治制度、当代美国外交,rysxai_major_course,,清华大学、北京大学、复旦大学、南京大学、中山大学,头部/强研究型：核心课不一定换名称，但会加深数学/理论和研究训练，重点看法学方法论、部门法专题、案例研判、比较法；样例：清华大学、北京大学、复旦大学、南京大学、中山大学,青岛大学、北京语言大学、广东外语外贸大学、上海对外经贸大学、河南师范大学,区域重点/特色优势：核心课保持完整，通常叠加地方产业、行业场景、实验项目和专业方向模块；样例：青岛大学、北京语言大学、广东外语外贸大学、上海对外经贸大学、河南师范大学,库内未命中,普通应用/职业供给：更强调法律文书、模拟法庭、基层治理案例、实务流程，课程呈现更实训化、工具化；样例：库内未命中该层次开设样例
030203,外交学,本科(普通),法学学士,四年,法学,政治学类,现代政治学导论、政治经济学概论、国际关系理论概论、当代国际政治经济学概论、比较政治与经济、外交理论、决策、战略、实践规范、实用外交学,rysxai_major_course,,北京大学、武汉大学、国防科技大学、中国人民大学、厦门大学,头部/强研究型：核心课不一定换名称，但会加深数学/理论和研究训练，重点看法学方法论、部门法专题、案例研判、比较法；样例：北京大学、武汉大学、国防科技大学、中国人民大学、厦门大学,广东外语外贸大学、北京第二外国语学院、四川外国语大学、西安外国语大学、天津外国语大学,区域重点/特色优势：核心课保持完整，通常叠加地方产业、行业场景、实验项目和专业方向模块；样例：广东外语外贸大学、北京第二外国语学院、四川外国语大学、西安外国语大学、天津外国语大学,库内未命中,普通应用/职业供给：更强调法律文书、模拟法庭、基层治理案例、实务流程，课程呈现更实训化、工具化；样例：库内未命中该层次开设样例
030204T,国际事务与国际关系,本科(普通),法学学士,四年,法学,政治学类,国际关系史、政治学原理、比较政治制度、国际政治学、公共政策分析、行政学、政治思想史、社会调查方法、当代中国政治制度,rysxai_major_course+category_template,,国防科技大学、暨南大学、外交学院、中国社会科学院大学、宁波诺丁汉大学,头部/强研究型：核心课不一定换名称，但会加深数学/理论和研究训练，重点看法学方法论、部门法专题、案例研判、比较法；样例：国防科技大学、暨南大学、外交学院、中国社会科学院大学、宁波诺丁汉大学,西交利物浦大学、北京语言大学、湖北大学、华侨大学、北京第二外国语学院,区域重点/特色优势：核心课保持完整，通常叠加地方产业、行业场景、实验项目和专业方向模块；样例：西交利物浦大学、北京语言大学、湖北大学、华侨大学、北京第二外国语学院,天津外国语大学滨海外事学院,普通应用/职业供给：更强调法律文书、模拟法庭、基层治理案例、实务流程，课程呈现更实训化、工具化；样例：天津外国语大学滨海外事学院
030205T,政治学、经济学与哲学,本科(普通),法学学士,四年,法学,政治学类,政治学原理、经济学原理、哲学导论、政治哲学、经济哲学、比较政治学、西方政治思想史、社会调查方法实训、政治经济专题调研、比较政治制度,rysxai_major_course,,清华大学、北京大学、上海交通大学、中山大学、中国人民大学,头部/强研究型：核心课不一定换名称，但会加深数学/理论和研究训练，重点看法学方法论、部门法专题、案例研判、比较法；样例：清华大学、北京大学、上海交通大学、中山大学、中国人民大学,南京审计大学、国际关系学院、聊城大学、香港恒生大学,区域重点/特色优势：核心课保持完整，通常叠加地方产业、行业场景、实验项目和专业方向模块；样例：南京审计大学、国际关系学院、聊城大学、香港恒生大学,库内未命中,普通应用/职业供给：更强调法律文书、模拟法庭、基层治理案例、实务流程，课程呈现更实训化、工具化；样例：库内未命中该层次开设样例
030206TK,国际组织与全球治理,本科(普通),法学学士,四年,法学,政治学类,国际政治学、国际关系史、国际法、全球治理概论、国际组织学、全球公共政策、国际谈判与外交实务、国际组织实习、全球治理模拟仿真、外交谈判实训,rysxai_major_course,,哈尔滨工业大学、北京外国语大学、外交学院、香港中文大学(深圳),头部/强研究型：核心课不一定换名称，但会加深数学/理论和研究训练，重点看法学方法论、部门法专题、案例研判、比较法；样例：哈尔滨工业大学、北京外国语大学、外交学院、香港中文大学(深圳),北京语言大学、广东外语外贸大学、西安外国语大学、天津外国语大学,区域重点/特色优势：核心课保持完整，通常叠加地方产业、行业场景、实验项目和专业方向模块；样例：北京语言大学、广东外语外贸大学、西安外国语大学、天津外国语大学,库内未命中,普通应用/职业供给：更强调法律文书、模拟法庭、基层治理案例、实务流程，课程呈现更实训化、工具化；样例：库内未命中该层次开设样例
030301,社会学,本科(普通),法学学士,四年,法学,社会学类,社会学概论、社会调查研究方法、社会研究方法、社会心理学、文化人类学、西方社会学理论、当代社会学理论、社会学史、中国社会学史、中国社会思想史,rysxai_major_course,,清华大学、北京大学、浙江大学、复旦大学、南京大学,头部/强研究型：核心课不一定换名称，但会加深数学/理论和研究训练，重点看法学方法论、部门法专题、案例研判、比较法；样例：清华大学、北京大学、浙江大学、复旦大学、南京大学,广州大学、杭州师范大学、华侨大学、安徽师范大学、西北师范大学,区域重点/特色优势：核心课保持完整，通常叠加地方产业、行业场景、实验项目和专业方向模块；样例：广州大学、杭州师范大学、华侨大学、安徽师范大学、西北师范大学,库内未命中,普通应用/职业供给：更强调法律文书、模拟法庭、基层治理案例、实务流程，课程呈现更实训化、工具化；样例：库内未命中该层次开设样例
030302,社会工作,本科(普通),法学学士,四年,法学,社会学类,社会人类学、社会转型与公共治理、社会学、社区概论、西方社会学、国外社会学理论、社会工作、社会学概论、社会工作导论、社会工作概论,rysxai_major_course,,北京大学、复旦大学、南京大学、华中科技大学、北京理工大学,头部/强研究型：核心课不一定换名称，但会加深数学/理论和研究训练，重点看法学方法论、部门法专题、案例研判、比较法；样例：北京大学、复旦大学、南京大学、华中科技大学、北京理工大学,江西财经大学、浙江工商大学、浙江理工大学、首都经济贸易大学、杭州师范大学,区域重点/特色优势：核心课保持完整，通常叠加地方产业、行业场景、实验项目和专业方向模块；样例：江西财经大学、浙江工商大学、浙江理工大学、首都经济贸易大学、杭州师范大学,湘南学院、商丘师范学院、怀化学院、齐鲁师范学院、廊坊师范学院,普通应用/职业供给：更强调法律文书、模拟法庭、基层治理案例、实务流程，课程呈现更实训化、工具化；样例：湘南学院、商丘师范学院、怀化学院、齐鲁师范学院、廊坊师范学院
030303T,人类学,本科(普通),法学学士,四年,法学,社会学类,政治法律人类学、社会学概论、社会调查研究方法、社会统计学、社会心理学、社会工作概论、社区治理、社会政策、质性研究方法,rysxai_major_course+category_template,,北京大学、中山大学、山东大学、厦门大学、香港中文大学,头部/强研究型：核心课不一定换名称，但会加深数学/理论和研究训练，重点看法学方法论、部门法专题、案例研判、比较法；样例：北京大学、中山大学、山东大学、厦门大学、香港中文大学,云南民族大学,区域重点/特色优势：核心课保持完整，通常叠加地方产业、行业场景、实验项目和专业方向模块；样例：云南民族大学,库内未命中,普通应用/职业供给：更强调法律文书、模拟法庭、基层治理案例、实务流程，课程呈现更实训化、工具化；样例：库内未命中该层次开设样例
030304T,女性学,本科(普通),法学学士,四年,法学,社会学类,社会学概论、心理学概论、女性学导论、性别研究方法、女性史、性别与文化、女性与社会政策、女性问题田野调查、性别项目实践、社区女性服务实训,rysxai_major_course,,库内未命中,头部/强研究型：核心课不一定换名称，但会加深数学/理论和研究训练，重点看法学方法论、部门法专题、案例研判、比较法；样例：库内未命中该层次开设样例,中华女子学院,区域重点/特色优势：核心课保持完整，通常叠加地方产业、行业场景、实验项目和专业方向模块；样例：中华女子学院,山东女子学院、湖南女子学院,普通应用/职业供给：更强调法律文书、模拟法庭、基层治理案例、实务流程，课程呈现更实训化、工具化；样例：山东女子学院、湖南女子学院
030305T,家政学,本科(普通),法学学士,四年,法学,社会学类,思想道德与法治、大学英语、计算机应用基础、家政学原理、家庭社会学、人体解剖生理学、营养学基础、家庭管理、家庭教育、家庭保健,rysxai_major_course,,库内未命中,头部/强研究型：核心课不一定换名称，但会加深数学/理论和研究训练，重点看法学方法论、部门法专题、案例研判、比较法；样例：库内未命中该层次开设样例,吉林农业大学、河北师范大学、中华女子学院、哈尔滨商业大学、太原师范学院,区域重点/特色优势：核心课保持完整，通常叠加地方产业、行业场景、实验项目和专业方向模块；样例：吉林农业大学、河北师范大学、中华女子学院、哈尔滨商业大学、太原师范学院,福建技术师范学院、河南牧业经济学院、湖南女子学院、聊城大学东昌学院、山西工商学院,普通应用/职业供给：更强调法律文书、模拟法庭、基层治理案例、实务流程，课程呈现更实训化、工具化；样例：福建技术师范学院、河南牧业经济学院、湖南女子学院、聊城大学东昌学院、山西工商学院
030306T,老年学,本科(普通),法学学士,四年,法学,社会学类,思想道德与法治、大学英语、计算机应用基础、形势与政策、老年学概论、社会学概论、心理学概论、人口学、社会调查方法、老年社会保障,rysxai_major_course,,香港中文大学,头部/强研究型：核心课不一定换名称，但会加深数学/理论和研究训练，重点看法学方法论、部门法专题、案例研判、比较法；样例：香港中文大学,天津理工大学、玉溪师范学院,区域重点/特色优势：核心课保持完整，通常叠加地方产业、行业场景、实验项目和专业方向模块；样例：天津理工大学、玉溪师范学院,湖南女子学院、东华学院,普通应用/职业供给：更强调法律文书、模拟法庭、基层治理案例、实务流程，课程呈现更实训化、工具化；样例：湖南女子学院、东华学院
030307T,社会政策,本科(普通),法学学士,四年,法学,社会学类,社会学概论、经济学原理、政治学原理、社会研究方法、社会政策概论、社会保障学、社会福利思想、社会政策分析方法、社会政策调研实训、社区政策实践,rysxai_major_course,,中国农业大学、华东政法大学,头部/强研究型：核心课不一定换名称，但会加深数学/理论和研究训练，重点看法学方法论、部门法专题、案例研判、比较法；样例：中国农业大学、华东政法大学,大连海洋大学,区域重点/特色优势：核心课保持完整，通常叠加地方产业、行业场景、实验项目和专业方向模块；样例：大连海洋大学,库内未命中,普通应用/职业供给：更强调法律文书、模拟法庭、基层治理案例、实务流程，课程呈现更实训化、工具化；样例：库内未命中该层次开设样例
030401,民族学,本科(普通),法学学士,四年,法学,民族学类,民族学通论、法理学、宪法学、民法、刑法、行政法与行政诉讼法、商法、经济法、民事诉讼法,rysxai_major_course+category_template,,东北大学、兰州大学、东北大学秦皇岛分校、中央民族大学、西南大学,头部/强研究型：核心课不一定换名称，但会加深数学/理论和研究训练，重点看法学方法论、部门法专题、案例研判、比较法；样例：东北大学、兰州大学、东北大学秦皇岛分校、中央民族大学、西南大学,中南民族大学、西南民族大学、内蒙古师范大学、广西民族大学、西藏民族大学,区域重点/特色优势：核心课保持完整，通常叠加地方产业、行业场景、实验项目和专业方向模块；样例：中南民族大学、西南民族大学、内蒙古师范大学、广西民族大学、西藏民族大学,河北民族师范学院、凯里学院、兴义民族师范学院、普洱学院、百色学院,普通应用/职业供给：更强调法律文书、模拟法庭、基层治理案例、实务流程，课程呈现更实训化、工具化；样例：河北民族师范学院、凯里学院、兴义民族师范学院、普洱学院、百色学院
030501,科学社会主义,本科(普通),法学学士,四年,法学,马克思主义理论类,马克思主义哲学原理、马克思主义政治经济学原理、科学社会主义经典著作选读、中国共产党历史、中国特色社会主义理论体系概论、世界社会主义运动史、当代资本主义新变化研究、社会主义民主与法治建设、中国特色社会主义政治经济学、科学社会主义前沿问题研究,rysxai_major_course,,库内未命中,头部/强研究型：核心课不一定换名称，但会加深数学/理论和研究训练，重点看法学方法论、部门法专题、案例研判、比较法；样例：库内未命中该层次开设样例,库内未命中,区域重点/特色优势：核心课保持完整，通常叠加地方产业、行业场景、实验项目和专业方向模块；样例：库内未命中该层次开设样例,库内未命中,普通应用/职业供给：更强调法律文书、模拟法庭、基层治理案例、实务流程，课程呈现更实训化、工具化；样例：库内未命中该层次开设样例
030502,中国共产党历史,本科(普通),法学学士,四年,法学,马克思主义理论类,中国通史、马克思主义基本原理、政治学原理、中国近现代史纲要、中国共产党历史、中华人民共和国史、党史党建专题研究、中共党史文献学、党史实地调研、红色文化遗产保护实践,rysxai_major_course,,武汉大学、中国人民大学、湘潭大学,头部/强研究型：核心课不一定换名称，但会加深数学/理论和研究训练，重点看法学方法论、部门法专题、案例研判、比较法；样例：武汉大学、中国人民大学、湘潭大学,山东师范大学、河南师范大学、延安大学、赣南师范大学、广西民族大学,区域重点/特色优势：核心课保持完整，通常叠加地方产业、行业场景、实验项目和专业方向模块；样例：山东师范大学、河南师范大学、延安大学、赣南师范大学、广西民族大学,渭南师范学院、安顺学院、黑龙江工业学院,普通应用/职业供给：更强调法律文书、模拟法庭、基层治理案例、实务流程，课程呈现更实训化、工具化；样例：渭南师范学院、安顺学院、黑龙江工业学院
030503,思想政治教育,本科(普通),法学学士,四年,法学,马克思主义理论类,马克思主义基本原理、毛泽东思想概论、马克思主义发展史、马克思主义中国化、马克思主义经典著作选读、中国特色社会主义概论、科学社会主义概论、政治学概论、中国政治、现代政治原理,rysxai_major_course,,武汉大学、哈尔滨工业大学、北京师范大学、南开大学、吉林大学,头部/强研究型：核心课不一定换名称，但会加深数学/理论和研究训练，重点看法学方法论、部门法专题、案例研判、比较法；样例：武汉大学、哈尔滨工业大学、北京师范大学、南开大学、吉林大学,山东师范大学、广州大学、青岛大学、杭州师范大学、湖北大学,区域重点/特色优势：核心课保持完整，通常叠加地方产业、行业场景、实验项目和专业方向模块；样例：山东师范大学、广州大学、青岛大学、杭州师范大学、湖北大学,周口师范学院、湘南学院、许昌学院、江苏第二师范学院、六盘水师范学院,普通应用/职业供给：更强调法律文书、模拟法庭、基层治理案例、实务流程，课程呈现更实训化、工具化；样例：周口师范学院、湘南学院、许昌学院、江苏第二师范学院、六盘水师范学院
030504T,马克思主义理论,本科(普通),法学学士,四年,法学,马克思主义理论类,法理学、宪法学、民法、刑法、行政法与行政诉讼法、商法、经济法、民事诉讼法,category_template,rysxai课程文本未抽出课程名,清华大学、北京大学、浙江大学、复旦大学、南京大学,头部/强研究型：核心课不一定换名称，但会加深数学/理论和研究训练，重点看法学方法论、部门法专题、案例研判、比较法；样例：清华大学、北京大学、浙江大学、复旦大学、南京大学,山东师范大学、燕山大学、武汉科技大学、江西师范大学、山东农业大学,区域重点/特色优势：核心课保持完整，通常叠加地方产业、行业场景、实验项目和专业方向模块；样例：山东师范大学、燕山大学、武汉科技大学、江西师范大学、山东农业大学,齐鲁师范学院、新疆政法学院、昆明城市学院,普通应用/职业供给：更强调法律文书、模拟法庭、基层治理案例、实务流程，课程呈现更实训化、工具化；样例：齐鲁师范学院、新疆政法学院、昆明城市学院
030505TK,工会学,本科(普通),法学学士,四年,法学,马克思主义理论类,社会学概论、政治学原理、劳动经济学、工会学原理、劳动关系学、工会组织与管理、工会实务实训、劳动关系调解模拟、社会调查方法实践、法理学,rysxai_major_course,,库内未命中,头部/强研究型：核心课不一定换名称，但会加深数学/理论和研究训练，重点看法学方法论、部门法专题、案例研判、比较法；样例：库内未命中该层次开设样例,中国劳动关系学院,区域重点/特色优势：核心课保持完整，通常叠加地方产业、行业场景、实验项目和专业方向模块；样例：中国劳动关系学院,库内未命中,普通应用/职业供给：更强调法律文书、模拟法庭、基层治理案例、实务流程，课程呈现更实训化、工具化；样例：库内未命中该层次开设样例
030601K,治安学,本科(普通),法学学士,四年,法学,公安学类,治安学、侦查方法概论、侦查学、国家安全学、公共危机管理、民法、刑法、刑事诉讼法、法理学、行政法与行政诉讼法,rysxai_major_course,,中南财经政法大学、华东政法大学、西北政法大学,头部/强研究型：核心课不一定换名称，但会加深数学/理论和研究训练，重点看法学方法论、部门法专题、案例研判、比较法；样例：中南财经政法大学、华东政法大学、西北政法大学,中国刑事警察学院、四川警察学院、江苏警官学院、南京警察学院、甘肃政法大学,区域重点/特色优势：核心课保持完整，通常叠加地方产业、行业场景、实验项目和专业方向模块；样例：中国刑事警察学院、四川警察学院、江苏警官学院、南京警察学院、甘肃政法大学,上海公安学院、吉林警察学院、广西警察学院、新疆警察学院、陕西警察学院,普通应用/职业供给：更强调法律文书、模拟法庭、基层治理案例、实务流程，课程呈现更实训化、工具化；样例：上海公安学院、吉林警察学院、广西警察学院、新疆警察学院、陕西警察学院
030602K,侦查学,本科(普通),法学学士,四年,法学,公安学类,侦查方法概论、警察科学总论、物证技术学概论、证据调查、现场勘查、痕迹检验、刑事图像技术、讯问学、侦查措施与策略、查缉战术,rysxai_major_course,,中国政法大学、中南财经政法大学、华东政法大学、西南政法大学、西北政法大学,头部/强研究型：核心课不一定换名称，但会加深数学/理论和研究训练，重点看法学方法论、部门法专题、案例研判、比较法；样例：中国政法大学、中南财经政法大学、华东政法大学、西南政法大学、西北政法大学,中国刑事警察学院、四川警察学院、江苏警官学院、南京警察学院、甘肃政法大学,区域重点/特色优势：核心课保持完整，通常叠加地方产业、行业场景、实验项目和专业方向模块；样例：中国刑事警察学院、四川警察学院、江苏警官学院、南京警察学院、甘肃政法大学,上海公安学院、吉林警察学院、广西警察学院、新疆警察学院、陕西警察学院,普通应用/职业供给：更强调法律文书、模拟法庭、基层治理案例、实务流程，课程呈现更实训化、工具化；样例：上海公安学院、吉林警察学院、广西警察学院、新疆警察学院、陕西警察学院
030603K,边防管理,本科(普通),法学学士,四年,法学,公安学类,法理学、宪法学、民法、刑法、行政法与行政诉讼法、商法、经济法、民事诉讼法,category_template,rysxai课程文本未抽出课程名,华东政法大学,头部/强研究型：核心课不一定换名称，但会加深数学/理论和研究训练，重点看法学方法论、部门法专题、案例研判、比较法；样例：华东政法大学,甘肃政法大学,区域重点/特色优势：核心课保持完整，通常叠加地方产业、行业场景、实验项目和专业方向模块；样例：甘肃政法大学,库内未命中,普通应用/职业供给：更强调法律文书、模拟法庭、基层治理案例、实务流程，课程呈现更实训化、工具化；样例：库内未命中该层次开设样例
030604TK,禁毒学,本科(普通),法学学士,四年,法学,公安学类,犯罪学、刑法学、禁毒学概论、毒品化学、毒品预防教育、戒毒理论与实践、禁毒执法实训、毒品检测实验、社区禁毒实践、法理学,rysxai_major_course,,库内未命中,头部/强研究型：核心课不一定换名称，但会加深数学/理论和研究训练，重点看法学方法论、部门法专题、案例研判、比较法；样例：库内未命中该层次开设样例,中国刑事警察学院、四川警察学院、甘肃政法大学、中央司法警官学院、广东警官学院,区域重点/特色优势：核心课保持完整，通常叠加地方产业、行业场景、实验项目和专业方向模块；样例：中国刑事警察学院、四川警察学院、甘肃政法大学、中央司法警官学院、广东警官学院,吉林警察学院、广西警察学院、新疆警察学院,普通应用/职业供给：更强调法律文书、模拟法庭、基层治理案例、实务流程，课程呈现更实训化、工具化；样例：吉林警察学院、广西警察学院、新疆警察学院
030605TK,警犬技术,本科(普通),法学学士,四年,法学,公安学类,动物学基础、动物解剖生理学、犬行为学、警犬训练学、警犬使用学、警犬繁育学、警犬基础训练实训、警犬专项使用实训、警犬疾病诊疗实训、法理学,rysxai_major_course,,库内未命中,头部/强研究型：核心课不一定换名称，但会加深数学/理论和研究训练，重点看法学方法论、部门法专题、案例研判、比较法；样例：库内未命中该层次开设样例,中国刑事警察学院、四川警察学院、南京警察学院、北京警察学院、广东警官学院,区域重点/特色优势：核心课保持完整，通常叠加地方产业、行业场景、实验项目和专业方向模块；样例：中国刑事警察学院、四川警察学院、南京警察学院、北京警察学院、广东警官学院,新疆警察学院、甘肃警察学院,普通应用/职业供给：更强调法律文书、模拟法庭、基层治理案例、实务流程，课程呈现更实训化、工具化；样例：新疆警察学院、甘肃警察学院
030606TK,经济犯罪侦查,本科(普通),法学学士,四年,法学,公安学类,法学基础、刑法学、刑事诉讼法学、犯罪学、经济犯罪侦查学、金融犯罪侦查、涉税犯罪侦查、商业犯罪侦查、经济犯罪侦查实训、司法会计实训,rysxai_major_course,,西南政法大学,头部/强研究型：核心课不一定换名称，但会加深数学/理论和研究训练，重点看法学方法论、部门法专题、案例研判、比较法；样例：西南政法大学,中国刑事警察学院、江苏警官学院、广东警官学院、河南警察学院、云南警官学院,区域重点/特色优势：核心课保持完整，通常叠加地方产业、行业场景、实验项目和专业方向模块；样例：中国刑事警察学院、江苏警官学院、广东警官学院、河南警察学院、云南警官学院,吉林警察学院、广西警察学院、安徽公安学院、甘肃警察学院、河北公安警察职业学院,普通应用/职业供给：更强调法律文书、模拟法庭、基层治理案例、实务流程，课程呈现更实训化、工具化；样例：吉林警察学院、广西警察学院、安徽公安学院、甘肃警察学院、河北公安警察职业学院
030607TK,边防指挥,本科(普通),法学学士,四年,法学,公安学类,边防管理学、军事地形学、边防指挥学、边防勤务学、边境突发事件处置、边防战术演练、军事体能训练、法理学、宪法学、民法,rysxai_major_course,,库内未命中,头部/强研究型：核心课不一定换名称，但会加深数学/理论和研究训练，重点看法学方法论、部门法专题、案例研判、比较法；样例：库内未命中该层次开设样例,库内未命中,区域重点/特色优势：核心课保持完整，通常叠加地方产业、行业场景、实验项目和专业方向模块；样例：库内未命中该层次开设样例,库内未命中,普通应用/职业供给：更强调法律文书、模拟法庭、基层治理案例、实务流程，课程呈现更实训化、工具化；样例：库内未命中该层次开设样例
030608TK,消防指挥,本科(普通),法学学士,四年,法学,公安学类,消防工程学、火灾学、消防技术装备、消防法律法规、消防指挥学、灭火战术、抢险救援指挥、灭火救援实训、消防指挥模拟演练、火场勘查实习,rysxai_major_course,,库内未命中,头部/强研究型：核心课不一定换名称，但会加深数学/理论和研究训练，重点看法学方法论、部门法专题、案例研判、比较法；样例：库内未命中该层次开设样例,库内未命中,区域重点/特色优势：核心课保持完整，通常叠加地方产业、行业场景、实验项目和专业方向模块；样例：库内未命中该层次开设样例,中国消防救援学院,普通应用/职业供给：更强调法律文书、模拟法庭、基层治理案例、实务流程，课程呈现更实训化、工具化；样例：中国消防救援学院
030609TK,警卫学,本科(普通),法学学士,四年,法学,公安学类,公安学基础理论、警务实战基础、警卫勤务学、警卫战术学、警卫专项实训、应急处置演练、法理学、宪法学、民法、刑法,rysxai_major_course,,库内未命中,头部/强研究型：核心课不一定换名称，但会加深数学/理论和研究训练，重点看法学方法论、部门法专题、案例研判、比较法；样例：库内未命中该层次开设样例,库内未命中,区域重点/特色优势：核心课保持完整，通常叠加地方产业、行业场景、实验项目和专业方向模块；样例：库内未命中该层次开设样例,库内未命中,普通应用/职业供给：更强调法律文书、模拟法庭、基层治理案例、实务流程，课程呈现更实训化、工具化；样例：库内未命中该层次开设样例
030610TK,公安情报学,本科(普通),法学学士,四年,法学,公安学类,公安学基础理论、情报学概论、刑法学、公安情报学、公安情报收集与分析、公安情报检索与利用、公安情报实战实训、情报分析软件应用、公安情报数据库建设实践、法理学,rysxai_major_course,,库内未命中,头部/强研究型：核心课不一定换名称，但会加深数学/理论和研究训练，重点看法学方法论、部门法专题、案例研判、比较法；样例：库内未命中该层次开设样例,中国刑事警察学院、江苏警官学院、南京警察学院,区域重点/特色优势：核心课保持完整，通常叠加地方产业、行业场景、实验项目和专业方向模块；样例：中国刑事警察学院、江苏警官学院、南京警察学院,吉林警察学院,普通应用/职业供给：更强调法律文书、模拟法庭、基层治理案例、实务流程，课程呈现更实训化、工具化；样例：吉林警察学院
030611TK,犯罪学,本科(普通),法学学士,四年,法学,公安学类,思想道德与法治、大学英语、法学基础理论、刑法学、刑事诉讼法学、社会学概论、心理学基础、犯罪学原理、犯罪心理学、刑事侦查学,rysxai_major_course,,香港大学,头部/强研究型：核心课不一定换名称，但会加深数学/理论和研究训练，重点看法学方法论、部门法专题、案例研判、比较法；样例：香港大学,库内未命中,区域重点/特色优势：核心课保持完整，通常叠加地方产业、行业场景、实验项目和专业方向模块；样例：库内未命中该层次开设样例,广西警察学院,普通应用/职业供给：更强调法律文书、模拟法庭、基层治理案例、实务流程，课程呈现更实训化、工具化；样例：广西警察学院
030612TK,公安管理学,本科(普通),法学学士,四年,法学,公安学类,公安学基础、管理学原理、法学概论、犯罪学、公安行政管理、公安人力资源管理、公安决策学、公安指挥与战术、公安行政实务实训、警务文书写作实践,rysxai_major_course,,库内未命中,头部/强研究型：核心课不一定换名称，但会加深数学/理论和研究训练，重点看法学方法论、部门法专题、案例研判、比较法；样例：库内未命中该层次开设样例,四川警察学院、江苏警官学院、南京警察学院、北京警察学院、河南警察学院,区域重点/特色优势：核心课保持完整，通常叠加地方产业、行业场景、实验项目和专业方向模块；样例：四川警察学院、江苏警官学院、南京警察学院、北京警察学院、河南警察学院,广西警察学院,普通应用/职业供给：更强调法律文书、模拟法庭、基层治理案例、实务流程，课程呈现更实训化、工具化；样例：广西警察学院
030613TK,涉外警务,本科(普通),法学学士,四年,法学,公安学类,大学英语、法学基础、公安学基础理论、宪法学、刑法学、行政法与行政诉讼法、涉外警务概论、涉外案件办理、国际警务合作、出入境管理,rysxai_major_course,,库内未命中,头部/强研究型：核心课不一定换名称，但会加深数学/理论和研究训练，重点看法学方法论、部门法专题、案例研判、比较法；样例：库内未命中该层次开设样例,中国刑事警察学院、江苏警官学院、北京警察学院、河南警察学院、湖北警官学院,区域重点/特色优势：核心课保持完整，通常叠加地方产业、行业场景、实验项目和专业方向模块；样例：中国刑事警察学院、江苏警官学院、北京警察学院、河南警察学院、湖北警官学院,吉林警察学院、广西警察学院、新疆警察学院,普通应用/职业供给：更强调法律文书、模拟法庭、基层治理案例、实务流程，课程呈现更实训化、工具化；样例：吉林警察学院、广西警察学院、新疆警察学院
030614TK,国内安全保卫,本科(普通),法学学士,四年,法学,公安学类,国家安全学、公安学基础理论、宪法学、国内安全保卫学、反恐怖主义学、情报学、国内安全保卫实训、情报收集与分析实习、应急处置演练、法理学,rysxai_major_course,,库内未命中,头部/强研究型：核心课不一定换名称，但会加深数学/理论和研究训练，重点看法学方法论、部门法专题、案例研判、比较法；样例：库内未命中该层次开设样例,云南警官学院,区域重点/特色优势：核心课保持完整，通常叠加地方产业、行业场景、实验项目和专业方向模块；样例：云南警官学院,库内未命中,普通应用/职业供给：更强调法律文书、模拟法庭、基层治理案例、实务流程，课程呈现更实训化、工具化；样例：库内未命中该层次开设样例
030615TK,警务指挥与战术,本科(普通),法学学士,四年,法学,公安学类,警察法学、公安学基础理论、犯罪学、警务指挥学、战术学、应急处置指挥、警务沟通与谈判、警务指挥实训、战术演练、应急处置模拟实训,rysxai_major_course,,库内未命中,头部/强研究型：核心课不一定换名称，但会加深数学/理论和研究训练，重点看法学方法论、部门法专题、案例研判、比较法；样例：库内未命中该层次开设样例,江苏警官学院、南京警察学院、广东警官学院、河南警察学院、郑州警察学院,区域重点/特色优势：核心课保持完整，通常叠加地方产业、行业场景、实验项目和专业方向模块；样例：江苏警官学院、南京警察学院、广东警官学院、河南警察学院、郑州警察学院,上海公安学院、广西警察学院、新疆警察学院、陕西警察学院、安徽公安学院,普通应用/职业供给：更强调法律文书、模拟法庭、基层治理案例、实务流程，课程呈现更实训化、工具化；样例：上海公安学院、广西警察学院、新疆警察学院、陕西警察学院、安徽公安学院
030616TK,技术侦查学,本科(普通),法学学士,四年,法学,公安学类,大学英语、计算机应用基础、高等数学、刑事诉讼法、刑法学、侦查学原理、技术侦查学、电子数据侦查、网络犯罪侦查、视频侦查技术,rysxai_major_course,,库内未命中,头部/强研究型：核心课不一定换名称，但会加深数学/理论和研究训练，重点看法学方法论、部门法专题、案例研判、比较法；样例：库内未命中该层次开设样例,中国刑事警察学院,区域重点/特色优势：核心课保持完整，通常叠加地方产业、行业场景、实验项目和专业方向模块；样例：中国刑事警察学院,库内未命中,普通应用/职业供给：更强调法律文书、模拟法庭、基层治理案例、实务流程，课程呈现更实训化、工具化；样例：库内未命中该层次开设样例
030617TK,海警执法,本科(普通),法学学士,四年,法学,公安学类,思想道德与法治、大学英语、计算机应用基础、法学基础、宪法学、行政法与行政诉讼法、海洋法基础、海警执法实务、海上治安管理、海洋行政执法,rysxai_major_course,,库内未命中,头部/强研究型：核心课不一定换名称，但会加深数学/理论和研究训练，重点看法学方法论、部门法专题、案例研判、比较法；样例：库内未命中该层次开设样例,库内未命中,区域重点/特色优势：核心课保持完整，通常叠加地方产业、行业场景、实验项目和专业方向模块；样例：库内未命中该层次开设样例,库内未命中,普通应用/职业供给：更强调法律文书、模拟法庭、基层治理案例、实务流程，课程呈现更实训化、工具化；样例：库内未命中该层次开设样例
030618TK,公安政治工作,本科(普通),法学学士,四年,法学,公安学类,思想道德与法治、公安学基础理论、政治学原理、法学概论、公安政治工作原理、公安组织行为学、公安人力资源管理、公安政治工作实训、基层公安单位实习、公安思想政治教育案例分析,rysxai_major_course,,库内未命中,头部/强研究型：核心课不一定换名称，但会加深数学/理论和研究训练，重点看法学方法论、部门法专题、案例研判、比较法；样例：库内未命中该层次开设样例,江西警察学院,区域重点/特色优势：核心课保持完整，通常叠加地方产业、行业场景、实验项目和专业方向模块；样例：江西警察学院,库内未命中,普通应用/职业供给：更强调法律文书、模拟法庭、基层治理案例、实务流程，课程呈现更实训化、工具化；样例：库内未命中该层次开设样例
030619TK,移民管理,本科(普通),法学学士,四年,法学,公安学类,管理学原理、社会学概论、法学基础、行政学原理、移民管理学、出入境管理、边防检查实务、国际移民法、出入境管理实训、边防检查模拟演练,rysxai_major_course,,库内未命中,头部/强研究型：核心课不一定换名称，但会加深数学/理论和研究训练，重点看法学方法论、部门法专题、案例研判、比较法；样例：库内未命中该层次开设样例,库内未命中,区域重点/特色优势：核心课保持完整，通常叠加地方产业、行业场景、实验项目和专业方向模块；样例：库内未命中该层次开设样例,库内未命中,普通应用/职业供给：更强调法律文书、模拟法庭、基层治理案例、实务流程，课程呈现更实训化、工具化；样例：库内未命中该层次开设样例
030620TK,出入境管理,本科(普通),法学学士,四年,法学,公安学类,大学英语、计算机应用基础、公安学基础理论、宪法学、行政法与行政诉讼法、刑法学、出入境管理学、涉外警务、边防管理学、国籍法与移民法,rysxai_major_course,,库内未命中,头部/强研究型：核心课不一定换名称，但会加深数学/理论和研究训练，重点看法学方法论、部门法专题、案例研判、比较法；样例：库内未命中该层次开设样例,库内未命中,区域重点/特色优势：核心课保持完整，通常叠加地方产业、行业场景、实验项目和专业方向模块；样例：库内未命中该层次开设样例,库内未命中,普通应用/职业供给：更强调法律文书、模拟法庭、基层治理案例、实务流程，课程呈现更实训化、工具化；样例：库内未命中该层次开设样例
030621TK,反恐警务,本科(普通),法学学士,四年,法学,公安学类,思想道德与法治、大学英语、计算机应用基础、警务法学、犯罪学、公安学基础理论、警察管理学、反恐情报学、恐怖主义概论、反恐处置战术,rysxai_major_course,,库内未命中,头部/强研究型：核心课不一定换名称，但会加深数学/理论和研究训练，重点看法学方法论、部门法专题、案例研判、比较法；样例：库内未命中该层次开设样例,中国刑事警察学院、河南警察学院、云南警官学院,区域重点/特色优势：核心课保持完整，通常叠加地方产业、行业场景、实验项目和专业方向模块；样例：中国刑事警察学院、河南警察学院、云南警官学院,新疆政法学院、新疆警察学院,普通应用/职业供给：更强调法律文书、模拟法庭、基层治理案例、实务流程，课程呈现更实训化、工具化；样例：新疆政法学院、新疆警察学院
030622TK,消防政治工作,本科(普通),法学学士,四年,法学,公安学类,消防基础理论、政治学原理、公安政治工作概论、消防队伍思想政治教育、消防组织人事管理、消防宣传与群众工作、消防政治工作实训、消防基层单位实习、思想政治教育案例演练、法理学,rysxai_major_course,,库内未命中,头部/强研究型：核心课不一定换名称，但会加深数学/理论和研究训练，重点看法学方法论、部门法专题、案例研判、比较法；样例：库内未命中该层次开设样例,库内未命中,区域重点/特色优势：核心课保持完整，通常叠加地方产业、行业场景、实验项目和专业方向模块；样例：库内未命中该层次开设样例,中国消防救援学院,普通应用/职业供给：更强调法律文书、模拟法庭、基层治理案例、实务流程，课程呈现更实训化、工具化；样例：中国消防救援学院
030623TK,铁路警务,本科(普通),法学学士,四年,法学,公安学类,铁路运输基础、公安学基础理论、法学基础、铁路治安管理、铁路刑事侦查、铁路应急处置、铁路警务实训、铁路现场勘查实习、警务实战技能训练、法理学,rysxai_major_course,,库内未命中,头部/强研究型：核心课不一定换名称，但会加深数学/理论和研究训练，重点看法学方法论、部门法专题、案例研判、比较法；样例：库内未命中该层次开设样例,郑州警察学院,区域重点/特色优势：核心课保持完整，通常叠加地方产业、行业场景、实验项目和专业方向模块；样例：郑州警察学院,库内未命中,普通应用/职业供给：更强调法律文书、模拟法庭、基层治理案例、实务流程，课程呈现更实训化、工具化；样例：库内未命中该层次开设样例
040101,教育学,本科(普通),教育学学士,四年,教育学,教育学类,教育学概论、教育学原理、心理学、教育心理学、中国教育史、外国教育史、西方教育思潮、教育哲学、比较教育学、与教学论,rysxai_major_course,,浙江大学、北京师范大学、天津大学、兰州大学、中央民族大学,头部/强研究型：核心课不一定换名称，但会加深数学/理论和研究训练，重点看理论深度、科研训练、交叉前沿、学术写作；样例：浙江大学、北京师范大学、天津大学、兰州大学、中央民族大学,山东师范大学、湖北大学、上海师范大学、广东外语外贸大学、河北大学,区域重点/特色优势：核心课保持完整，通常叠加地方产业、行业场景、实验项目和专业方向模块；样例：山东师范大学、湖北大学、上海师范大学、广东外语外贸大学、河北大学,商丘师范学院、通化师范学院、渭南师范学院、廊坊师范学院、忻州师范学院,普通应用/职业供给：更强调岗位技能、项目实训、证书衔接、综合实践，课程呈现更实训化、工具化；样例：商丘师范学院、通化师范学院、渭南师范学院、廊坊师范学院、忻州师范学院
040102,科学教育,本科(普通),教育学学士,四年,教育学,教育学类,大学数学、大学化学、物理学、普通生物学、自然地理学、科学教育、教育学原理、普通心理学、教育心理学、课程与教学论,rysxai_major_course,,华中师范大学、陕西师范大学、华南师范大学、浙江师范大学,头部/强研究型：核心课不一定换名称，但会加深数学/理论和研究训练，重点看理论深度、科研训练、交叉前沿、学术写作；样例：华中师范大学、陕西师范大学、华南师范大学、浙江师范大学,杭州师范大学、上海师范大学、广西师范大学、西北师范大学、河北师范大学,区域重点/特色优势：核心课保持完整，通常叠加地方产业、行业场景、实验项目和专业方向模块；样例：杭州师范大学、上海师范大学、广西师范大学、西北师范大学、河北师范大学,江苏第二师范学院、重庆第二师范学院、南昌师范学院、渭南师范学院、齐鲁师范学院,普通应用/职业供给：更强调岗位技能、项目实训、证书衔接、综合实践，课程呈现更实训化、工具化；样例：江苏第二师范学院、重庆第二师范学院、南昌师范学院、渭南师范学院、齐鲁师范学院
040103,人文教育,本科(普通),教育学学士,四年,教育学,教育学类,教育学原理、普通心理学、中国通史、人文课程设计与实施、中学人文教材分析、中学人文课程实习、人文活动策划实训、教育心理学、课程与教学论、教育研究方法,rysxai_major_course,,库内未命中,头部/强研究型：核心课不一定换名称，但会加深数学/理论和研究训练，重点看理论深度、科研训练、交叉前沿、学术写作；样例：库内未命中该层次开设样例,长春师范大学、太原师范学院,区域重点/特色优势：核心课保持完整，通常叠加地方产业、行业场景、实验项目和专业方向模块；样例：长春师范大学、太原师范学院,廊坊师范学院、楚雄师范学院、白城师范学院、百色学院、西安科技大学高新学院,普通应用/职业供给：更强调岗位技能、项目实训、证书衔接、综合实践，课程呈现更实训化、工具化；样例：廊坊师范学院、楚雄师范学院、白城师范学院、百色学院、西安科技大学高新学院
040104,教育技术学,本科(普通),"教育学学士,理学学士,工学学士",四年,教育学,教育学类,教育技术学导论、教育学原理、认知心理学、与信息素质教育、教学设计、教学系统设计、教育信息处理、计算机教育基础、C语言程序设计、数据结构,rysxai_major_course,,北京师范大学、华东师范大学、中国海洋大学、苏州大学、东北师范大学,头部/强研究型：核心课不一定换名称，但会加深数学/理论和研究训练，重点看理论深度、科研训练、交叉前沿、学术写作；样例：北京师范大学、华东师范大学、中国海洋大学、苏州大学、东北师范大学,山东师范大学、广州大学、青岛大学、杭州师范大学、湖北大学,区域重点/特色优势：核心课保持完整，通常叠加地方产业、行业场景、实验项目和专业方向模块；样例：山东师范大学、广州大学、青岛大学、杭州师范大学、湖北大学,江苏第二师范学院、重庆第二师范学院、南京特殊教育师范学院、通化师范学院、渭南师范学院,普通应用/职业供给：更强调岗位技能、项目实训、证书衔接、综合实践，课程呈现更实训化、工具化；样例：江苏第二师范学院、重庆第二师范学院、南京特殊教育师范学院、通化师范学院、渭南师范学院
040105,艺术教育,本科(普通),"教育学学士,艺术学学士",四年,教育学,教育学类,艺术教育学概论、教育学原理、教育心理学、艺术概论、艺术鉴赏导论、独幕剧写作、应用戏剧的理论与实践、戏剧教育心理学、东西方跨文化剧场、编剧理论与技巧,rysxai_major_course,,华东师范大学、中央美术学院,头部/强研究型：核心课不一定换名称，但会加深数学/理论和研究训练，重点看理论深度、科研训练、交叉前沿、学术写作；样例：华东师范大学、中央美术学院,重庆师范大学、西藏民族大学、临沂大学、景德镇陶瓷大学、贵州师范学院,区域重点/特色优势：核心课保持完整，通常叠加地方产业、行业场景、实验项目和专业方向模块；样例：重庆师范大学、西藏民族大学、临沂大学、景德镇陶瓷大学、贵州师范学院,重庆第二师范学院、保山学院、张家口学院、景德镇学院、汉江师范学院,普通应用/职业供给：更强调岗位技能、项目实训、证书衔接、综合实践，课程呈现更实训化、工具化；样例：重庆第二师范学院、保山学院、张家口学院、景德镇学院、汉江师范学院
040106,学前教育,本科(普通),教育学学士,四年,教育学,教育学类,与教育论、儿童发展理论、教育与心理统计学、儿童行为观察与分析、幼儿教师基本技能训练、声乐与幼儿歌曲、钢琴与幼儿钢琴伴奏、幼儿舞蹈与创编、简笔画教学与运用、工艺美术设计,rysxai_major_course,,北京师范大学、华东师范大学、东北师范大学、华中师范大学、南京师范大学,头部/强研究型：核心课不一定换名称，但会加深数学/理论和研究训练，重点看理论深度、科研训练、交叉前沿、学术写作；样例：北京师范大学、华东师范大学、东北师范大学、华中师范大学、南京师范大学,山东师范大学、广州大学、青岛大学、杭州师范大学、上海师范大学,区域重点/特色优势：核心课保持完整，通常叠加地方产业、行业场景、实验项目和专业方向模块；样例：山东师范大学、广州大学、青岛大学、杭州师范大学、上海师范大学,洛阳理工学院、周口师范学院、湘南学院、许昌学院、江苏第二师范学院,普通应用/职业供给：更强调岗位技能、项目实训、证书衔接、综合实践，课程呈现更实训化、工具化；样例：洛阳理工学院、周口师范学院、湘南学院、许昌学院、江苏第二师范学院
040107,小学教育,本科(普通),教育学学士,四年,教育学,教育学类,教育学基础、与教学论、中外教育史、师德、儿童发展心理学、小学教育心理学、普通心理学、儿童心理卫生健康、小学语文课程与教学、小学数学课程与教学,rysxai_major_course,,东北师范大学、江南大学、南京师范大学、华南师范大学、湖南师范大学,头部/强研究型：核心课不一定换名称，但会加深数学/理论和研究训练，重点看理论深度、科研训练、交叉前沿、学术写作；样例：东北师范大学、江南大学、南京师范大学、华南师范大学、湖南师范大学,广州大学、青岛大学、杭州师范大学、湖北大学、上海师范大学,区域重点/特色优势：核心课保持完整，通常叠加地方产业、行业场景、实验项目和专业方向模块；样例：广州大学、青岛大学、杭州师范大学、湖北大学、上海师范大学,周口师范学院、许昌学院、江苏第二师范学院、六盘水师范学院、商丘师范学院,普通应用/职业供给：更强调岗位技能、项目实训、证书衔接、综合实践，课程呈现更实训化、工具化；样例：周口师范学院、许昌学院、江苏第二师范学院、六盘水师范学院、商丘师范学院
040108,特殊教育,本科(普通),教育学学士,四年,教育学,教育学类,现代教育原理、特殊教育基础医学、特殊教育学、教育学原理、普通心理学、教育心理学、课程与教学论、教育研究方法、教育测量与评价、班级管理,rysxai_major_course+category_template,,北京师范大学、华东师范大学、华中师范大学、西南大学、陕西师范大学,头部/强研究型：核心课不一定换名称，但会加深数学/理论和研究训练，重点看理论深度、科研训练、交叉前沿、学术写作；样例：北京师范大学、华东师范大学、华中师范大学、西南大学、陕西师范大学,广州大学、杭州师范大学、江西师范大学、广西师范大学、西北师范大学,区域重点/特色优势：核心课保持完整，通常叠加地方产业、行业场景、实验项目和专业方向模块；样例：广州大学、杭州师范大学、江西师范大学、广西师范大学、西北师范大学,南京特殊教育师范学院、安顺学院、保定学院、四川文理学院、普洱学院,普通应用/职业供给：更强调岗位技能、项目实训、证书衔接、综合实践，课程呈现更实训化、工具化；样例：南京特殊教育师范学院、安顺学院、保定学院、四川文理学院、普洱学院
040109T,华文教育,本科(普通),教育学学士,四年,教育学,教育学类,思想道德与法治、大学英语、计算机应用基础、大学语文、现代汉语、古代汉语、教育学原理、普通心理学、华文教育学、海外华文教材编写,rysxai_major_course,,暨南大学,头部/强研究型：核心课不一定换名称，但会加深数学/理论和研究训练，重点看理论深度、科研训练、交叉前沿、学术写作；样例：暨南大学,华侨大学、云南师范大学,区域重点/特色优势：核心课保持完整，通常叠加地方产业、行业场景、实验项目和专业方向模块；样例：华侨大学、云南师范大学,库内未命中,普通应用/职业供给：更强调岗位技能、项目实训、证书衔接、综合实践，课程呈现更实训化、工具化；样例：库内未命中该层次开设样例
040110TK,教育康复学,本科(普通),教育学学士,四年,教育学,教育学类,教育学原理、心理学基础、特殊教育概论、人体解剖生理学、教育康复评估、言语语言康复、认知康复、教育康复实训、特殊儿童个案干预实践、康复机构见习,rysxai_major_course,,华东师范大学,头部/强研究型：核心课不一定换名称，但会加深数学/理论和研究训练，重点看理论深度、科研训练、交叉前沿、学术写作；样例：华东师范大学,重庆师范大学、北京联合大学、乐山师范学院,区域重点/特色优势：核心课保持完整，通常叠加地方产业、行业场景、实验项目和专业方向模块；样例：重庆师范大学、北京联合大学、乐山师范学院,南京特殊教育师范学院、绥化学院、豫章师范学院、邯郸学院,普通应用/职业供给：更强调岗位技能、项目实训、证书衔接、综合实践，课程呈现更实训化、工具化；样例：南京特殊教育师范学院、绥化学院、豫章师范学院、邯郸学院
040111T,卫生教育,本科(普通),教育学学士,四年,教育学,教育学类,卫生学基础、教育学原理、预防医学概论、卫生教育学、健康促进理论与实践、社区健康教育项目实训、健康咨询与干预实训、普通心理学、教育心理学、课程与教学论,rysxai_major_course,,库内未命中,头部/强研究型：核心课不一定换名称，但会加深数学/理论和研究训练，重点看理论深度、科研训练、交叉前沿、学术写作；样例：库内未命中该层次开设样例,上海杉达学院,区域重点/特色优势：核心课保持完整，通常叠加地方产业、行业场景、实验项目和专业方向模块；样例：上海杉达学院,库内未命中,普通应用/职业供给：更强调岗位技能、项目实训、证书衔接、综合实践，课程呈现更实训化、工具化；样例：库内未命中该层次开设样例
040112T,认知科学与技术,本科(普通),教育学学士,四年,教育学,教育学类,大学英语、计算机应用基础、高等数学、认知科学导论、普通心理学、神经科学基础、认知心理学、认知神经科学、机器学习与认知建模、自然语言理解,rysxai_major_course,,库内未命中,头部/强研究型：核心课不一定换名称，但会加深数学/理论和研究训练，重点看理论深度、科研训练、交叉前沿、学术写作；样例：库内未命中该层次开设样例,贵州民族大学,区域重点/特色优势：核心课保持完整，通常叠加地方产业、行业场景、实验项目和专业方向模块；样例：贵州民族大学,库内未命中,普通应用/职业供给：更强调岗位技能、项目实训、证书衔接、综合实践，课程呈现更实训化、工具化；样例：库内未命中该层次开设样例
040113T,融合教育,本科(普通),教育学学士,四年,教育学,教育学类,特殊教育概论、普通教育学、儿童发展心理学、教育心理学、融合教育课程设计、特殊儿童评估与干预、融合教育环境创设、特殊儿童沟通与行为支持、融合教育见习、特殊儿童个案干预实训,rysxai_major_course,,华中师范大学,头部/强研究型：核心课不一定换名称，但会加深数学/理论和研究训练，重点看理论深度、科研训练、交叉前沿、学术写作；样例：华中师范大学,库内未命中,区域重点/特色优势：核心课保持完整，通常叠加地方产业、行业场景、实验项目和专业方向模块；样例：库内未命中该层次开设样例,重庆第二师范学院、长春人文学院、青岛滨海学院,普通应用/职业供给：更强调岗位技能、项目实训、证书衔接、综合实践，课程呈现更实训化、工具化；样例：重庆第二师范学院、长春人文学院、青岛滨海学院
040114TK,劳动教育,本科(普通),教育学学士,四年,教育学,教育学类,教育学原理、劳动科学概论、教育心理学、劳动教育课程设计、劳动实践指导、劳动教育评价、劳动技能实训、劳动教育教学设计实践、社区劳动服务实践、普通心理学,rysxai_major_course,,库内未命中,头部/强研究型：核心课不一定换名称，但会加深数学/理论和研究训练，重点看理论深度、科研训练、交叉前沿、学术写作；样例：库内未命中该层次开设样例,中国劳动关系学院、天津职业技术师范大学,区域重点/特色优势：核心课保持完整，通常叠加地方产业、行业场景、实验项目和专业方向模块；样例：中国劳动关系学院、天津职业技术师范大学,库内未命中,普通应用/职业供给：更强调岗位技能、项目实训、证书衔接、综合实践，课程呈现更实训化、工具化；样例：库内未命中该层次开设样例
040115T,家庭教育,本科(普通),教育学学士,四年,教育学,教育学类,教育学原理、普通心理学、家庭教育学概论、家庭教育指导、儿童发展与家庭养育、家庭沟通与咨询、家庭教育案例实训、家庭指导方案设计、社区家庭教育服务实践、教育心理学,rysxai_major_course,,库内未命中,头部/强研究型：核心课不一定换名称，但会加深数学/理论和研究训练，重点看理论深度、科研训练、交叉前沿、学术写作；样例：库内未命中该层次开设样例,中华女子学院、临沂大学,区域重点/特色优势：核心课保持完整，通常叠加地方产业、行业场景、实验项目和专业方向模块；样例：中华女子学院、临沂大学,重庆第二师范学院,普通应用/职业供给：更强调岗位技能、项目实训、证书衔接、综合实践，课程呈现更实训化、工具化；样例：重庆第二师范学院
040116TK,孤独症儿童教育,本科(普通),教育学学士,四年,教育学,教育学类,教育学原理、普通心理学、特殊教育概论、孤独症儿童心理学、孤独症儿童教育干预、孤独症儿童行为分析、孤独症儿童教育见习、孤独症儿童干预实训、特殊教育机构实习、教育心理学,rysxai_major_course,,库内未命中,头部/强研究型：核心课不一定换名称，但会加深数学/理论和研究训练，重点看理论深度、科研训练、交叉前沿、学术写作；样例：库内未命中该层次开设样例,库内未命中,区域重点/特色优势：核心课保持完整，通常叠加地方产业、行业场景、实验项目和专业方向模块；样例：库内未命中该层次开设样例,南京特殊教育师范学院,普通应用/职业供给：更强调岗位技能、项目实训、证书衔接、综合实践，课程呈现更实训化、工具化；样例：南京特殊教育师范学院
040117TK,人工智能教育,本科(普通),教育学学士,四年,教育学,教育学类,大学英语、高等数学、计算机应用基础、教育心理学、教育学原理、人工智能导论、Python程序设计基础、机器学习与教育场景、教育数据挖掘、智能教育系统开发,rysxai_major_course,,北京师范大学,头部/强研究型：核心课不一定换名称，但会加深数学/理论和研究训练，重点看理论深度、科研训练、交叉前沿、学术写作；样例：北京师范大学,库内未命中,区域重点/特色优势：核心课保持完整，通常叠加地方产业、行业场景、实验项目和专业方向模块；样例：库内未命中该层次开设样例,库内未命中,普通应用/职业供给：更强调岗位技能、项目实训、证书衔接、综合实践，课程呈现更实训化、工具化；样例：库内未命中该层次开设样例
040118T,婴幼儿发展与健康管理,本科(普通),"教育学学士,管理学学士",四年,教育学,教育学类,儿童发展心理学、婴幼儿保育与健康管理、婴幼儿早期教育指导、婴幼儿心理测评与干预、婴幼儿营养配餐与喂养指导、婴幼儿护理实训、早期教育活动设计与实施、婴幼儿健康评估实训、亲子活动组织与指导实践、教育学原理,rysxai_major_course,,库内未命中,头部/强研究型：核心课不一定换名称，但会加深数学/理论和研究训练，重点看理论深度、科研训练、交叉前沿、学术写作；样例：库内未命中该层次开设样例,成都师范学院,区域重点/特色优势：核心课保持完整，通常叠加地方产业、行业场景、实验项目和专业方向模块；样例：成都师范学院,齐鲁师范学院、山东女子学院、陕西学前师范学院、金华职业技术大学、贵阳康养职业大学,普通应用/职业供给：更强调岗位技能、项目实训、证书衔接、综合实践，课程呈现更实训化、工具化；样例：齐鲁师范学院、山东女子学院、陕西学前师范学院、金华职业技术大学、贵阳康养职业大学
040201,体育教育,本科(普通),教育学学士,四年,教育学,体育学类,体育概论、体育教学论、与教学概论、社会体育概论、体育训练学、运动解剖学、运动生理学、体育统计学、体育康复学、运动创伤学,rysxai_major_course,,清华大学、北京大学、浙江大学、北京理工大学、北京师范大学,头部/强研究型：核心课不一定换名称，但会加深数学/理论和研究训练，重点看理论深度、科研训练、交叉前沿、学术写作；样例：清华大学、北京大学、浙江大学、北京理工大学、北京师范大学,山东师范大学、广州大学、青岛大学、杭州师范大学、湖北大学,区域重点/特色优势：核心课保持完整，通常叠加地方产业、行业场景、实验项目和专业方向模块；样例：山东师范大学、广州大学、青岛大学、杭州师范大学、湖北大学,周口师范学院、湘南学院、许昌学院、江苏第二师范学院、六盘水师范学院,普通应用/职业供给：更强调岗位技能、项目实训、证书衔接、综合实践，课程呈现更实训化、工具化；样例：周口师范学院、湘南学院、许昌学院、江苏第二师范学院、六盘水师范学院
040202K,运动训练,本科(普通),教育学学士,四年,教育学,体育学类,运动解剖、运动生理学、体育统计学、体育保健康复学、运动技能学、运动负荷调控、体能训练学、运动训练管理学、运动竞赛学、运动选材学,rysxai_major_course,,浙江大学、复旦大学、华中科技大学、西安交通大学、哈尔滨工业大学,头部/强研究型：核心课不一定换名称，但会加深数学/理论和研究训练，重点看理论深度、科研训练、交叉前沿、学术写作；样例：浙江大学、复旦大学、华中科技大学、西安交通大学、哈尔滨工业大学,江西财经大学、昆明理工大学、湖北大学、上海师范大学、江西师范大学,区域重点/特色优势：核心课保持完整，通常叠加地方产业、行业场景、实验项目和专业方向模块；样例：江西财经大学、昆明理工大学、湖北大学、上海师范大学、江西师范大学,湘南学院、武汉商学院、廊坊师范学院、巢湖学院、长治学院,普通应用/职业供给：更强调岗位技能、项目实训、证书衔接、综合实践，课程呈现更实训化、工具化；样例：湘南学院、武汉商学院、廊坊师范学院、巢湖学院、长治学院
040203,社会体育指导与管理,本科(普通),教育学学士,四年,教育学,体育学类,社会体育概论、运动解剖学、运动生理学、运动心理学、体育统计学、运动训练学、运动按摩、武术专选、体操、体育概论,rysxai_major_course,,山东大学、吉林大学、华东师范大学、东北大学、郑州大学,头部/强研究型：核心课不一定换名称，但会加深数学/理论和研究训练，重点看理论深度、科研训练、交叉前沿、学术写作；样例：山东大学、吉林大学、华东师范大学、东北大学、郑州大学,江西财经大学、山东师范大学、广州大学、燕山大学、西安建筑科技大学,区域重点/特色优势：核心课保持完整，通常叠加地方产业、行业场景、实验项目和专业方向模块；样例：江西财经大学、山东师范大学、广州大学、燕山大学、西安建筑科技大学,周口师范学院、湘南学院、商丘师范学院、黄淮学院、南昌师范学院,普通应用/职业供给：更强调岗位技能、项目实训、证书衔接、综合实践，课程呈现更实训化、工具化；样例：周口师范学院、湘南学院、商丘师范学院、黄淮学院、南昌师范学院
040204K,武术与民族传统体育,本科(普通),教育学学士,四年,教育学,体育学类,社会体育概论、运动训练学概论、中国武术史、教育方法论、运动生理、民族传统体育学、武术理论基础、孙式太极拳、太极推手、武功整复,rysxai_major_course,,浙江大学、苏州大学、东北师范大学、湖南师范大学、宁夏大学,头部/强研究型：核心课不一定换名称，但会加深数学/理论和研究训练，重点看理论深度、科研训练、交叉前沿、学术写作；样例：浙江大学、苏州大学、东北师范大学、湖南师范大学、宁夏大学,山东师范大学、杭州师范大学、江西师范大学、广西师范大学、西北师范大学,区域重点/特色优势：核心课保持完整，通常叠加地方产业、行业场景、实验项目和专业方向模块；样例：山东师范大学、杭州师范大学、江西师范大学、广西师范大学、西北师范大学,商丘师范学院、长治学院、晋中学院、沧州师范学院、河北体育学院,普通应用/职业供给：更强调岗位技能、项目实训、证书衔接、综合实践，课程呈现更实训化、工具化；样例：商丘师范学院、长治学院、晋中学院、沧州师范学院、河北体育学院
040205,运动人体科学,本科(普通),教育学学士,四年,教育学,体育学类,运动解剖学、运动创伤学、健身技术与实践、运动生理学、体育概论、体育心理学、运动训练学、体育统计学、专项运动训练,rysxai_major_course+category_template,,湖南师范大学、北京体育大学、上海体育大学,头部/强研究型：核心课不一定换名称，但会加深数学/理论和研究训练，重点看理论深度、科研训练、交叉前沿、学术写作；样例：湖南师范大学、北京体育大学、上海体育大学,湖北大学、山东第一医科大学、河南师范大学、山东中医药大学、首都体育学院,区域重点/特色优势：核心课保持完整，通常叠加地方产业、行业场景、实验项目和专业方向模块；样例：湖北大学、山东第一医科大学、河南师范大学、山东中医药大学、首都体育学院,河北体育学院,普通应用/职业供给：更强调岗位技能、项目实训、证书衔接、综合实践，课程呈现更实训化、工具化；样例：河北体育学院
040206T,运动康复,本科(普通),"教育学学士,理学学士",四年,教育学,体育学类,运动解剖学、运动生理学、运动生物化学、运动生物力学、中医基础理论、中医诊断学、康复医学概论、运动疗法、康复功能评定、肌肉骨骼康复学,rysxai_major_course,,北京航空航天大学、大连理工大学、大连理工大学(盘锦校区)、苏州大学、北京体育大学,头部/强研究型：核心课不一定换名称，但会加深数学/理论和研究训练，重点看理论深度、科研训练、交叉前沿、学术写作；样例：北京航空航天大学、大连理工大学、大连理工大学(盘锦校区)、苏州大学、北京体育大学,燕山大学、安徽医科大学、福建医科大学、山西医科大学、山东第一医科大学,区域重点/特色优势：核心课保持完整，通常叠加地方产业、行业场景、实验项目和专业方向模块；样例：燕山大学、安徽医科大学、福建医科大学、山西医科大学、山东第一医科大学,重庆第二师范学院、济宁学院、武汉商学院、福建技术师范学院、亳州学院,普通应用/职业供给：更强调岗位技能、项目实训、证书衔接、综合实践，课程呈现更实训化、工具化；样例：重庆第二师范学院、济宁学院、武汉商学院、福建技术师范学院、亳州学院
040207T,休闲体育,本科(普通),教育学学士,四年,教育学,体育学类,体育概论、体育社会学、教育学、运动解剖学、休闲体育、休闲体育产业概论、时尚团操、定向运动、篮球、搏击操,rysxai_major_course,,海南大学、北京体育大学、成都理工大学、上海体育大学、深圳大学,头部/强研究型：核心课不一定换名称，但会加深数学/理论和研究训练，重点看理论深度、科研训练、交叉前沿、学术写作；样例：海南大学、北京体育大学、成都理工大学、上海体育大学、深圳大学,杭州师范大学、湖北大学、温州大学、江苏科技大学、安徽师范大学,区域重点/特色优势：核心课保持完整，通常叠加地方产业、行业场景、实验项目和专业方向模块；样例：杭州师范大学、湖北大学、温州大学、江苏科技大学、安徽师范大学,贵州理工学院、武汉商学院、齐鲁师范学院、太原工业学院、山东青年政治学院,普通应用/职业供给：更强调岗位技能、项目实训、证书衔接、综合实践，课程呈现更实训化、工具化；样例：贵州理工学院、武汉商学院、齐鲁师范学院、太原工业学院、山东青年政治学院
040208T,体能训练,本科(普通),教育学学士,四年,教育学,体育学类,运动解剖学、运动生理学、运动生物化学、体能训练理论与方法、运动负荷监控、力量训练专项技术、体能训练实践、运动机能评定实验、专项体能训练实训、体育概论,rysxai_major_course,,北京体育大学、上海体育大学,头部/强研究型：核心课不一定换名称，但会加深数学/理论和研究训练，重点看理论深度、科研训练、交叉前沿、学术写作；样例：北京体育大学、上海体育大学,广东财经大学、首都体育学院、武汉体育学院、沈阳体育学院、南京体育学院,区域重点/特色优势：核心课保持完整，通常叠加地方产业、行业场景、实验项目和专业方向模块；样例：广东财经大学、首都体育学院、武汉体育学院、沈阳体育学院、南京体育学院,长治学院、广西民族师范学院、河北体育学院、郑州商学院、运城职业技术大学,普通应用/职业供给：更强调岗位技能、项目实训、证书衔接、综合实践，课程呈现更实训化、工具化；样例：长治学院、广西民族师范学院、河北体育学院、郑州商学院、运城职业技术大学
040209T,冰雪运动,本科(普通),教育学学士,四年,教育学,体育学类,运动解剖学、运动生理学、运动训练学、体育概论、冰雪运动专项训练、冰雪运动教学理论与方法、冰雪赛事组织与管理、冰雪运动技能实训、冰雪赛事策划实践、冰雪运动损伤防护实践,rysxai_major_course,,东北师范大学、北京体育大学,头部/强研究型：核心课不一定换名称，但会加深数学/理论和研究训练，重点看理论深度、科研训练、交叉前沿、学术写作；样例：东北师范大学、北京体育大学,首都体育学院、新疆师范大学、沈阳体育学院、北华大学、河北北方学院,区域重点/特色优势：核心课保持完整，通常叠加地方产业、行业场景、实验项目和专业方向模块；样例：首都体育学院、新疆师范大学、沈阳体育学院、北华大学、河北北方学院,张家口学院、河北体育学院、黑河学院,普通应用/职业供给：更强调岗位技能、项目实训、证书衔接、综合实践，课程呈现更实训化、工具化；样例：张家口学院、河北体育学院、黑河学院
040210TK,电子竞技运动与管理,本科(普通),教育学学士,四年,教育学,体育学类,电子竞技概论、体育社会学、管理学原理、运动解剖学、体育市场营销、电子竞技赛事策划与管理、电子竞技俱乐部运营、电子竞技运动心理学、电子竞技解说理论与实践、电子竞技赛事执行实训,rysxai_major_course,,库内未命中,头部/强研究型：核心课不一定换名称，但会加深数学/理论和研究训练，重点看理论深度、科研训练、交叉前沿、学术写作；样例：库内未命中该层次开设样例,齐鲁工业大学、首都体育学院、上海第二工业大学、山东体育学院、广州体育学院,区域重点/特色优势：核心课保持完整，通常叠加地方产业、行业场景、实验项目和专业方向模块；样例：齐鲁工业大学、首都体育学院、上海第二工业大学、山东体育学院、广州体育学院,贵州轻工职业大学、电子科技大学成都学院、杭州职业技术大学、四川电影电视学院、青岛黄海学院,普通应用/职业供给：更强调岗位技能、项目实训、证书衔接、综合实践，课程呈现更实训化、工具化；样例：贵州轻工职业大学、电子科技大学成都学院、杭州职业技术大学、四川电影电视学院、青岛黄海学院
040211TK,智能体育工程,本科(普通),"教育学学士,工学学士",四年,教育学,体育学类,高等数学、计算机应用基础、运动科学基础、电子技术基础、数据结构与算法、人工智能基础、智能体育设备设计、运动数据采集与分析、智能体育系统开发、智能体育设备实训,rysxai_major_course,,浙江大学、哈尔滨工业大学、北京体育大学,头部/强研究型：核心课不一定换名称，但会加深数学/理论和研究训练，重点看理论深度、科研训练、交叉前沿、学术写作；样例：浙江大学、哈尔滨工业大学、北京体育大学,武汉体育学院、山东体育学院,区域重点/特色优势：核心课保持完整，通常叠加地方产业、行业场景、实验项目和专业方向模块；样例：武汉体育学院、山东体育学院,库内未命中,普通应用/职业供给：更强调岗位技能、项目实训、证书衔接、综合实践，课程呈现更实训化、工具化；样例：库内未命中该层次开设样例
040212TK,体育旅游,本科(普通),教育学学士,四年,教育学,体育学类,大学英语、计算机应用基础、旅游学概论、体育学概论、管理学原理、体育旅游策划与管理、体育赛事与旅游、体育休闲产业概论、体育旅游景区调研、体育赛事志愿服务,rysxai_major_course,,北京体育大学、上海体育大学,头部/强研究型：核心课不一定换名称，但会加深数学/理论和研究训练，重点看理论深度、科研训练、交叉前沿、学术写作；样例：北京体育大学、上海体育大学,首都体育学院、山西师范大学、西安体育学院、上饶师范学院、吉林体育学院,区域重点/特色优势：核心课保持完整，通常叠加地方产业、行业场景、实验项目和专业方向模块；样例：首都体育学院、山西师范大学、西安体育学院、上饶师范学院、吉林体育学院,太原工业学院、山东青年政治学院、四川旅游学院、张家口学院、桂林旅游学院,普通应用/职业供给：更强调岗位技能、项目实训、证书衔接、综合实践，课程呈现更实训化、工具化；样例：太原工业学院、山东青年政治学院、四川旅游学院、张家口学院、桂林旅游学院
040213T,运动能力开发,本科(普通),"教育学学士,理学学士",四年,教育学,体育学类,运动解剖学、运动生理学、体育心理学、运动能力测评与诊断、运动训练理论与方法、运动处方制定、体能训练原理、运动能力测评实训、体能训练实践、运动干预项目实战,rysxai_major_course,,上海体育大学,头部/强研究型：核心课不一定换名称，但会加深数学/理论和研究训练，重点看理论深度、科研训练、交叉前沿、学术写作；样例：上海体育大学,山东体育学院、长春大学,区域重点/特色优势：核心课保持完整，通常叠加地方产业、行业场景、实验项目和专业方向模块；样例：山东体育学院、长春大学,库内未命中,普通应用/职业供给：更强调岗位技能、项目实训、证书衔接、综合实践，课程呈现更实训化、工具化；样例：库内未命中该层次开设样例
040214TK,足球运动,本科(普通),教育学学士,四年,教育学,体育学类,运动解剖学、运动生理学、运动训练学、足球技术与战术、足球训练理论与方法、足球竞赛组织与管理、足球专项训练、足球教学实践、足球竞赛裁判实践、体育概论,rysxai_major_course,,河海大学、北京体育大学、河南大学、上海体育大学、福建师范大学,头部/强研究型：核心课不一定换名称，但会加深数学/理论和研究训练，重点看理论深度、科研训练、交叉前沿、学术写作；样例：河海大学、北京体育大学、河南大学、上海体育大学、福建师范大学,温州大学、安徽师范大学、吉林农业大学、辽宁师范大学、曲阜师范大学,区域重点/特色优势：核心课保持完整，通常叠加地方产业、行业场景、实验项目和专业方向模块；样例：温州大学、安徽师范大学、吉林农业大学、辽宁师范大学、曲阜师范大学,河北体育学院、菏泽学院,普通应用/职业供给：更强调岗位技能、项目实训、证书衔接、综合实践，课程呈现更实训化、工具化；样例：河北体育学院、菏泽学院
040215TK,马术运动与管理,本科(普通),教育学学士,四年,教育学,体育学类,运动解剖学、运动生理学、管理学原理、马术概论、马术训练学、马术俱乐部管理、马术赛事策划与执行、马术骑乘实训、马术俱乐部运营实习、马术赛事组织实践,rysxai_major_course,,库内未命中,头部/强研究型：核心课不一定换名称，但会加深数学/理论和研究训练，重点看理论深度、科研训练、交叉前沿、学术写作；样例：库内未命中该层次开设样例,库内未命中,区域重点/特色优势：核心课保持完整，通常叠加地方产业、行业场景、实验项目和专业方向模块；样例：库内未命中该层次开设样例,武汉商学院,普通应用/职业供给：更强调岗位技能、项目实训、证书衔接、综合实践，课程呈现更实训化、工具化；样例：武汉商学院
040216T,体育康养,本科(普通),教育学学士,四年,教育学,体育学类,运动解剖学、运动生理学、康复医学基础、运动康复技术、体育康养方案设计、慢性疾病运动干预、运动康复实训、体育康养项目实践、社区康养服务实习、体育概论,rysxai_major_course,,库内未命中,头部/强研究型：核心课不一定换名称，但会加深数学/理论和研究训练，重点看理论深度、科研训练、交叉前沿、学术写作；样例：库内未命中该层次开设样例,河南医药大学、广州体育学院,区域重点/特色优势：核心课保持完整，通常叠加地方产业、行业场景、实验项目和专业方向模块；样例：河南医药大学、广州体育学院,河南财政金融学院、吉林师范大学博达学院,普通应用/职业供给：更强调岗位技能、项目实训、证书衔接、综合实践，课程呈现更实训化、工具化；样例：河南财政金融学院、吉林师范大学博达学院
040217TK,航空运动,本科(普通),教育学学士,四年,教育学,体育学类,大学英语、高等数学、大学物理、航空概论、运动解剖学、空气动力学、航空运动训练学、轻型飞行器驾驶技术、航空运动竞赛组织与裁判、滑翔伞飞行实训,rysxai_major_course,,库内未命中,头部/强研究型：核心课不一定换名称，但会加深数学/理论和研究训练，重点看理论深度、科研训练、交叉前沿、学术写作；样例：库内未命中该层次开设样例,吉林体育学院,区域重点/特色优势：核心课保持完整，通常叠加地方产业、行业场景、实验项目和专业方向模块；样例：吉林体育学院,库内未命中,普通应用/职业供给：更强调岗位技能、项目实训、证书衔接、综合实践，课程呈现更实训化、工具化；样例：库内未命中该层次开设样例
050101,汉语言文学,本科(普通),文学学士,四年,文学,中国语言文学类,古代汉语、现代汉语、语言学概论、古代文论、中国古代文学史、中国现当代文学史、中国近代文学、外国文学史、西方文论、20世纪西方文学理论,rysxai_major_course,,清华大学、北京大学、浙江大学、上海交通大学、复旦大学,头部/强研究型：核心课不一定换名称，但会加深数学/理论和研究训练，重点看原典研读、语言/文本分析、学术写作、跨文化专题；样例：清华大学、北京大学、浙江大学、上海交通大学、复旦大学,浙江工商大学、山东师范大学、广州大学、青岛大学、燕山大学,区域重点/特色优势：核心课保持完整，通常叠加地方产业、行业场景、实验项目和专业方向模块；样例：浙江工商大学、山东师范大学、广州大学、青岛大学、燕山大学,洛阳理工学院、周口师范学院、湘南学院、许昌学院、江苏第二师范学院,普通应用/职业供给：更强调写作、编辑、新媒体工具、教育/传播实训，课程呈现更实训化、工具化；样例：洛阳理工学院、周口师范学院、湘南学院、许昌学院、江苏第二师范学院
050102,汉语言,本科(普通),文学学士,四年,文学,中国语言文学类,现代汉语概论、实用现代汉语词汇、现代汉语语音研究、现代汉语语法、现代汉语方言调查与研究、现代汉语修辞学、现代汉语虚词、汉语音韵学基础、汉语概论、语言逻辑,rysxai_major_course,,北京大学、浙江大学、上海交通大学、复旦大学、西安交通大学,头部/强研究型：核心课不一定换名称，但会加深数学/理论和研究训练，重点看原典研读、语言/文本分析、学术写作、跨文化专题；样例：北京大学、浙江大学、上海交通大学、复旦大学、西安交通大学,山东师范大学、深圳北理莫斯科大学、北京语言大学、广东外语外贸大学、华侨大学,区域重点/特色优势：核心课保持完整，通常叠加地方产业、行业场景、实验项目和专业方向模块；样例：山东师范大学、深圳北理莫斯科大学、北京语言大学、广东外语外贸大学、华侨大学,大连财经学院、江西农业大学南昌商学院、香港能仁专上学院,普通应用/职业供给：更强调写作、编辑、新媒体工具、教育/传播实训，课程呈现更实训化、工具化；样例：大连财经学院、江西农业大学南昌商学院、香港能仁专上学院
050103,汉语国际教育,本科(普通),文学学士,四年,文学,中国语言文学类,现代汉语、古代汉语、语言学概论、实用现代汉语语法、实用现代汉语词汇、现代汉语虚词、中国文化概论、中国传统文化概论、外国文化通论、汉语熟语与文化,rysxai_major_course,,南京大学、武汉大学、华中科技大学、北京理工大学、四川大学,头部/强研究型：核心课不一定换名称，但会加深数学/理论和研究训练，重点看原典研读、语言/文本分析、学术写作、跨文化专题；样例：南京大学、武汉大学、华中科技大学、北京理工大学、四川大学,江西财经大学、西交利物浦大学、山东师范大学、燕山大学、昆明理工大学,区域重点/特色优势：核心课保持完整，通常叠加地方产业、行业场景、实验项目和专业方向模块；样例：江西财经大学、西交利物浦大学、山东师范大学、燕山大学、昆明理工大学,江苏第二师范学院、河南工程学院、通化师范学院、渭南师范学院、黄山学院,普通应用/职业供给：更强调写作、编辑、新媒体工具、教育/传播实训，课程呈现更实训化、工具化；样例：江苏第二师范学院、河南工程学院、通化师范学院、渭南师范学院、黄山学院
050104,中国少数民族语言文学,本科(普通),文学学士,四年,文学,中国语言文学类,古代汉语、现代汉语、古代文学、现当代文学、中国多民族文学、西方文论、现代壮语、维吾尔语言、现代彝语概论、彝文写作,rysxai_major_course,,中央民族大学、内蒙古大学、新疆大学、石河子大学、延边大学,头部/强研究型：核心课不一定换名称，但会加深数学/理论和研究训练，重点看原典研读、语言/文本分析、学术写作、跨文化专题；样例：中央民族大学、内蒙古大学、新疆大学、石河子大学、延边大学,黑龙江大学、西南民族大学、内蒙古师范大学、青海师范大学、广西民族大学,区域重点/特色优势：核心课保持完整，通常叠加地方产业、行业场景、实验项目和专业方向模块；样例：黑龙江大学、西南民族大学、内蒙古师范大学、青海师范大学、广西民族大学,新疆理工学院、新疆警察学院、楚雄师范学院、河套学院、甘肃民族师范学院,普通应用/职业供给：更强调写作、编辑、新媒体工具、教育/传播实训，课程呈现更实训化、工具化；样例：新疆理工学院、新疆警察学院、楚雄师范学院、河套学院、甘肃民族师范学院
050105,古典文献学,本科(普通),文学学士,四年,文学,中国语言文学类,文献学概论、古代汉语、中国文学史、目录学、版本学、校勘学、训诂学、古籍数字化实训、古籍普查与编目实践、出土文献研读实践,rysxai_major_course,,北京大学、浙江大学、南京师范大学、陕西师范大学、内蒙古大学,头部/强研究型：核心课不一定换名称，但会加深数学/理论和研究训练，重点看原典研读、语言/文本分析、学术写作、跨文化专题；样例：北京大学、浙江大学、南京师范大学、陕西师范大学、内蒙古大学,北京语言大学、上海师范大学、河北大学、黑龙江中医药大学、金陵科技学院,区域重点/特色优势：核心课保持完整，通常叠加地方产业、行业场景、实验项目和专业方向模块；样例：北京语言大学、上海师范大学、河北大学、黑龙江中医药大学、金陵科技学院,库内未命中,普通应用/职业供给：更强调写作、编辑、新媒体工具、教育/传播实训，课程呈现更实训化、工具化；样例：库内未命中该层次开设样例
050106T,应用语言学,本科(普通),文学学士,四年,文学,中国语言文学类,语言学概论、现代汉语、古代汉语、普通心理学、应用语言学概论、语言教学理论与方法、语料库语言学、社会语言学、语言测试与评估、语言教学实习,rysxai_major_course,,北京大学,头部/强研究型：核心课不一定换名称，但会加深数学/理论和研究训练，重点看原典研读、语言/文本分析、学术写作、跨文化专题；样例：北京大学,赤峰大学、澳门城市大学,区域重点/特色优势：核心课保持完整，通常叠加地方产业、行业场景、实验项目和专业方向模块；样例：赤峰大学、澳门城市大学,新疆政法学院、甘肃民族师范学院,普通应用/职业供给：更强调写作、编辑、新媒体工具、教育/传播实训，课程呈现更实训化、工具化；样例：新疆政法学院、甘肃民族师范学院
050107T,秘书学,本科(普通),文学学士,四年,文学,中国语言文学类,秘书学概论、中国秘书史、秘书职业概论、秘书实务、秘书文档管理、秘书写作、应用写作、写作、现代汉语、逻辑学,rysxai_major_course,,苏州大学、南京师范大学、陕西师范大学、首都师范大学、扬州大学,头部/强研究型：核心课不一定换名称，但会加深数学/理论和研究训练，重点看原典研读、语言/文本分析、学术写作、跨文化专题；样例：苏州大学、南京师范大学、陕西师范大学、首都师范大学、扬州大学,山东师范大学、山东科技大学、安徽师范大学、南通大学、广西师范大学,区域重点/特色优势：核心课保持完整，通常叠加地方产业、行业场景、实验项目和专业方向模块；样例：山东师范大学、山东科技大学、安徽师范大学、南通大学、广西师范大学,江苏第二师范学院、六盘水师范学院、南昌师范学院、济宁学院、山东管理学院,普通应用/职业供给：更强调写作、编辑、新媒体工具、教育/传播实训，课程呈现更实训化、工具化；样例：江苏第二师范学院、六盘水师范学院、南昌师范学院、济宁学院、山东管理学院
050108T,中国语言与文化,本科(普通),文学学士,四年,文学,中国语言文学类,大学语文、中国语言文学概论、语言学概论、古代汉语、现代汉语、文化学概论、中国古代文化史、中国现当代文化研究、中国文化通论、汉语教学实践,rysxai_major_course,,北京师范大学,头部/强研究型：核心课不一定换名称，但会加深数学/理论和研究训练，重点看原典研读、语言/文本分析、学术写作、跨文化专题；样例：北京师范大学,青岛恒星科技学院,区域重点/特色优势：核心课保持完整，通常叠加地方产业、行业场景、实验项目和专业方向模块；样例：青岛恒星科技学院,重庆城市科技学院、齐鲁理工学院,普通应用/职业供给：更强调写作、编辑、新媒体工具、教育/传播实训，课程呈现更实训化、工具化；样例：重庆城市科技学院、齐鲁理工学院
050109T,手语翻译,本科(普通),文学学士,四年,文学,中国语言文学类,手语语言学、普通语言学、聋人文化、手语翻译理论与实践、手语口译、手语笔译、手语翻译实训、聋人社区服务实践、特殊教育机构实习、现代汉语,rysxai_major_course,,库内未命中,头部/强研究型：核心课不一定换名称，但会加深数学/理论和研究训练，重点看原典研读、语言/文本分析、学术写作、跨文化专题；样例：库内未命中该层次开设样例,库内未命中,区域重点/特色优势：核心课保持完整，通常叠加地方产业、行业场景、实验项目和专业方向模块；样例：库内未命中该层次开设样例,南京特殊教育师范学院,普通应用/职业供给：更强调写作、编辑、新媒体工具、教育/传播实训，课程呈现更实训化、工具化；样例：南京特殊教育师范学院
050110T,数字人文,本科(普通),文学学士,四年,文学,中国语言文学类,计算机应用基础、数字人文导论、历史学基础、文学概论、Python编程基础、数字文献学、数字考古与遗产保护、人文数据可视化、文本挖掘与分析、数字人文项目实训,rysxai_major_course,,库内未命中,头部/强研究型：核心课不一定换名称，但会加深数学/理论和研究训练，重点看原典研读、语言/文本分析、学术写作、跨文化专题；样例：库内未命中该层次开设样例,内蒙古师范大学、贵州师范大学、烟台大学、浙江传媒学院、赣南师范大学,区域重点/特色优势：核心课保持完整，通常叠加地方产业、行业场景、实验项目和专业方向模块；样例：内蒙古师范大学、贵州师范大学、烟台大学、浙江传媒学院、赣南师范大学,景德镇学院、南通大学杏林学院、江西科技学院,普通应用/职业供给：更强调写作、编辑、新媒体工具、教育/传播实训，课程呈现更实训化、工具化；样例：景德镇学院、南通大学杏林学院、江西科技学院
050111T,中国古典学,本科(普通),文学学士,四年,文学,中国语言文学类,大学语文、大学英语、计算机应用基础、古代汉语、中国古代文献学、汉字学、音韵学、中国古典哲学、中国古典文学专题、中国古典史学专题,rysxai_major_course,,四川大学、中国人民大学,头部/强研究型：核心课不一定换名称，但会加深数学/理论和研究训练，重点看原典研读、语言/文本分析、学术写作、跨文化专题；样例：四川大学、中国人民大学,库内未命中,区域重点/特色优势：核心课保持完整，通常叠加地方产业、行业场景、实验项目和专业方向模块；样例：库内未命中该层次开设样例,库内未命中,普通应用/职业供给：更强调写作、编辑、新媒体工具、教育/传播实训，课程呈现更实训化、工具化；样例：库内未命中该层次开设样例
050112T,汉学与中国学,本科(普通),文学学士,四年,文学,中国语言文学类,中国古代文学史、中国文化通论、汉学概论、中外文化交流史、田野调查与文化考察、现代汉语、古代汉语、中国古代文学、中国现当代文学、外国文学,rysxai_major_course,,库内未命中,头部/强研究型：核心课不一定换名称，但会加深数学/理论和研究训练，重点看原典研读、语言/文本分析、学术写作、跨文化专题；样例：库内未命中该层次开设样例,北京语言大学,区域重点/特色优势：核心课保持完整，通常叠加地方产业、行业场景、实验项目和专业方向模块；样例：北京语言大学,库内未命中,普通应用/职业供给：更强调写作、编辑、新媒体工具、教育/传播实训，课程呈现更实训化、工具化；样例：库内未命中该层次开设样例
050113T,应用中文,本科(普通),文学学士,四年,文学,中国语言文学类,现代汉语、古代汉语、文学概论、应用写作、文秘实务、汉语国际教育概论、应用文写作实训、文秘综合实践、语言服务项目实践、中国古代文学,rysxai_major_course,,浙江师范大学,头部/强研究型：核心课不一定换名称，但会加深数学/理论和研究训练，重点看原典研读、语言/文本分析、学术写作、跨文化专题；样例：浙江师范大学,西安建筑科技大学、北京语言大学、香港岭南大学,区域重点/特色优势：核心课保持完整，通常叠加地方产业、行业场景、实验项目和专业方向模块；样例：西安建筑科技大学、北京语言大学、香港岭南大学,长沙师范学院、辽宁传媒学院、兰州工商学院,普通应用/职业供给：更强调写作、编辑、新媒体工具、教育/传播实训，课程呈现更实训化、工具化；样例：长沙师范学院、辽宁传媒学院、兰州工商学院
050200T,桑戈语,本科(普通),文学学士,四年,文学,外国语言文学类,大学英语、计算机应用基础、大学语文、语言学概论、桑戈语国家文化概论、桑戈语、桑戈语听力、高级桑戈语、桑戈语口语实训、桑戈语翻译理论与实践,rysxai_major_course,,库内未命中,头部/强研究型：核心课不一定换名称，但会加深数学/理论和研究训练，重点看原典研读、语言/文本分析、学术写作、跨文化专题；样例：库内未命中该层次开设样例,库内未命中,区域重点/特色优势：核心课保持完整，通常叠加地方产业、行业场景、实验项目和专业方向模块；样例：库内未命中该层次开设样例,库内未命中,普通应用/职业供给：更强调写作、编辑、新媒体工具、教育/传播实训，课程呈现更实训化、工具化；样例：库内未命中该层次开设样例
050202,俄语,本科(普通),文学学士,四年,文学,外国语言文学类,俄语、俄语语音、俄语语法、俄语听力、俄语口语、俄语阅读、俄语实践语法、高级俄语、俄语写作、俄语听说实践,rysxai_major_course,,北京大学、浙江大学、复旦大学、南京大学、武汉大学,头部/强研究型：核心课不一定换名称，但会加深数学/理论和研究训练，重点看原典研读、语言/文本分析、学术写作、跨文化专题；样例：北京大学、浙江大学、复旦大学、南京大学、武汉大学,山东师范大学、深圳北理莫斯科大学、燕山大学、北京语言大学、江西师范大学,区域重点/特色优势：核心课保持完整，通常叠加地方产业、行业场景、实验项目和专业方向模块；样例：山东师范大学、深圳北理莫斯科大学、燕山大学、北京语言大学、江西师范大学,洛阳理工学院、江苏第二师范学院、渭南师范学院、山东女子学院、新乡学院,普通应用/职业供给：更强调写作、编辑、新媒体工具、教育/传播实训，课程呈现更实训化、工具化；样例：洛阳理工学院、江苏第二师范学院、渭南师范学院、山东女子学院、新乡学院
050203,德语,本科(普通),文学学士,四年,文学,外国语言文学类,德语、中级德语、综合德语、德语阅读、高级德语、德语写作、德语视听说、当代德国社会与文化、跨文化交际、经济德语,rysxai_major_course,,北京大学、浙江大学、上海交通大学、复旦大学、南京大学,头部/强研究型：核心课不一定换名称，但会加深数学/理论和研究训练，重点看原典研读、语言/文本分析、学术写作、跨文化专题；样例：北京大学、浙江大学、上海交通大学、复旦大学、南京大学,上海理工大学、青岛大学、燕山大学、北京语言大学、武汉科技大学,区域重点/特色优势：核心课保持完整，通常叠加地方产业、行业场景、实验项目和专业方向模块；样例：上海理工大学、青岛大学、燕山大学、北京语言大学、武汉科技大学,山东青年政治学院、中原科技学院、四川大学锦江学院、天津外国语大学滨海外事学院、郑州商学院,普通应用/职业供给：更强调写作、编辑、新媒体工具、教育/传播实训，课程呈现更实训化、工具化；样例：山东青年政治学院、中原科技学院、四川大学锦江学院、天津外国语大学滨海外事学院、郑州商学院
050204,法语,本科(普通),文学学士,四年,文学,外国语言文学类,法语、初级法语精读、语音语法训练、法语语音和音韵、法语语法及词汇、法语快速阅读、中级法语精读、高级法语精读、初级法语口语、中级法语口语,rysxai_major_course,,北京大学、浙江大学、上海交通大学、复旦大学、南京大学,头部/强研究型：核心课不一定换名称，但会加深数学/理论和研究训练，重点看原典研读、语言/文本分析、学术写作、跨文化专题；样例：北京大学、浙江大学、上海交通大学、复旦大学、南京大学,浙江工商大学、广州大学、青岛大学、燕山大学、首都经济贸易大学,区域重点/特色优势：核心课保持完整，通常叠加地方产业、行业场景、实验项目和专业方向模块；样例：浙江工商大学、广州大学、青岛大学、燕山大学、首都经济贸易大学,山东青年政治学院、四川旅游学院、桂林旅游学院、池州学院、河北师范大学汇华学院,普通应用/职业供给：更强调写作、编辑、新媒体工具、教育/传播实训，课程呈现更实训化、工具化；样例：山东青年政治学院、四川旅游学院、桂林旅游学院、池州学院、河北师范大学汇华学院
050205,西班牙语,本科(普通),文学学士,四年,文学,外国语言文学类,西班牙语、西班牙语语音、西班牙语语法、西班牙语词汇、西班牙语专业导论、高级西班牙语、西班牙语综合阅读、西班牙语写作、西班牙语口语、西班牙语综合训练,rysxai_major_course,,北京大学、浙江大学、复旦大学、南京大学、武汉大学,头部/强研究型：核心课不一定换名称，但会加深数学/理论和研究训练，重点看原典研读、语言/文本分析、学术写作、跨文化专题；样例：北京大学、浙江大学、复旦大学、南京大学、武汉大学,青岛大学、北京语言大学、北京工商大学、广东外语外贸大学、黑龙江大学,区域重点/特色优势：核心课保持完整，通常叠加地方产业、行业场景、实验项目和专业方向模块；样例：青岛大学、北京语言大学、北京工商大学、广东外语外贸大学、黑龙江大学,山东青年政治学院、中原科技学院、西南财经大学天府学院、广州新华学院、天津外国语大学滨海外事学院,普通应用/职业供给：更强调写作、编辑、新媒体工具、教育/传播实训，课程呈现更实训化、工具化；样例：山东青年政治学院、中原科技学院、西南财经大学天府学院、广州新华学院、天津外国语大学滨海外事学院
050206,阿拉伯语,本科(普通),文学学士,四年,文学,外国语言文学类,阿拉伯语、综合外语、高级外语、外语听说、外语写作、语言学概论、翻译理论与实践、外国文学、跨文化交际,rysxai_major_course+category_template,,北京大学、中山大学、对外经济贸易大学、北京外国语大学、上海外国语大学,头部/强研究型：核心课不一定换名称，但会加深数学/理论和研究训练，重点看原典研读、语言/文本分析、学术写作、跨文化专题；样例：北京大学、中山大学、对外经济贸易大学、北京外国语大学、上海外国语大学,浙江工商大学、山东师范大学、北京语言大学、广东外语外贸大学、西北师范大学,区域重点/特色优势：核心课保持完整，通常叠加地方产业、行业场景、实验项目和专业方向模块；样例：浙江工商大学、山东师范大学、北京语言大学、广东外语外贸大学、西北师范大学,山东青年政治学院、广东外语外贸大学南国商学院、成都外国语学院、重庆外语外事学院、河北外国语学院,普通应用/职业供给：更强调写作、编辑、新媒体工具、教育/传播实训，课程呈现更实训化、工具化；样例：山东青年政治学院、广东外语外贸大学南国商学院、成都外国语学院、重庆外语外事学院、河北外国语学院
050207,日语,本科(普通),文学学士,四年,文学,外国语言文学类,日语、初级综合日语、中级综合日语、高级综合日语、日语音声、日语语法、现代日语语法、初级日语口语、中级日语口语、高级日语口语,rysxai_major_course,,清华大学、北京大学、浙江大学、上海交通大学、复旦大学,头部/强研究型：核心课不一定换名称，但会加深数学/理论和研究训练，重点看原典研读、语言/文本分析、学术写作、跨文化专题；样例：清华大学、北京大学、浙江大学、上海交通大学、复旦大学,江西财经大学、浙江工商大学、山东师范大学、广州大学、上海理工大学,区域重点/特色优势：核心课保持完整，通常叠加地方产业、行业场景、实验项目和专业方向模块；样例：江西财经大学、浙江工商大学、山东师范大学、广州大学、上海理工大学,周口师范学院、商丘师范学院、南阳理工学院、通化师范学院、渭南师范学院,普通应用/职业供给：更强调写作、编辑、新媒体工具、教育/传播实训，课程呈现更实训化、工具化；样例：周口师范学院、商丘师范学院、南阳理工学院、通化师范学院、渭南师范学院
050208,波斯语,本科(普通),文学学士,四年,文学,外国语言文学类,大学英语、波斯语、波斯语语音、波斯语语法、波斯语听力、高级波斯语、波斯语文学选读、波斯语翻译理论与实践、伊朗文化概论、波斯语口语实训,rysxai_major_course,,北京大学、对外经济贸易大学、上海外国语大学、石河子大学,头部/强研究型：核心课不一定换名称，但会加深数学/理论和研究训练，重点看原典研读、语言/文本分析、学术写作、跨文化专题；样例：北京大学、对外经济贸易大学、上海外国语大学、石河子大学,广东外语外贸大学、北京第二外国语学院、四川外国语大学、西安外国语大学、天津外国语大学,区域重点/特色优势：核心课保持完整，通常叠加地方产业、行业场景、实验项目和专业方向模块；样例：广东外语外贸大学、北京第二外国语学院、四川外国语大学、西安外国语大学、天津外国语大学,安徽外国语学院,普通应用/职业供给：更强调写作、编辑、新媒体工具、教育/传播实训，课程呈现更实训化、工具化；样例：安徽外国语学院
050209,朝鲜语,本科(普通),文学学士,四年,文学,外国语言文学类,朝鲜语语音、初级朝鲜语、综合朝鲜语、初级韩国语会话、中级韩国语会话、高级韩国语会话、初级韩国语视听、中级韩国语视听、高级韩国语视听、朝鲜语泛读,rysxai_major_course,,北京大学、复旦大学、南京大学、中山大学、山东大学,头部/强研究型：核心课不一定换名称，但会加深数学/理论和研究训练，重点看原典研读、语言/文本分析、学术写作、跨文化专题；样例：北京大学、复旦大学、南京大学、中山大学、山东大学,山东师范大学、青岛大学、杭州师范大学、江西师范大学、广东外语外贸大学,区域重点/特色优势：核心课保持完整，通常叠加地方产业、行业场景、实验项目和专业方向模块；样例：山东师范大学、青岛大学、杭州师范大学、江西师范大学、广东外语外贸大学,吉林警察学院、通化师范学院、渭南师范学院、山东青年政治学院、吉林农业科技学院,普通应用/职业供给：更强调写作、编辑、新媒体工具、教育/传播实训，课程呈现更实训化、工具化；样例：吉林警察学院、通化师范学院、渭南师范学院、山东青年政治学院、吉林农业科技学院
050210,菲律宾语,本科(普通),文学学士,四年,文学,外国语言文学类,菲律宾语语音、菲律宾语语法、菲律宾国情概况、菲律宾语精读、菲律宾语听力与口语、菲律宾文学作品选读、菲律宾语口译实训、菲律宾语笔译实践、菲律宾文化调研实习、综合外语,rysxai_major_course,,北京大学、北京外国语大学,头部/强研究型：核心课不一定换名称，但会加深数学/理论和研究训练，重点看原典研读、语言/文本分析、学术写作、跨文化专题；样例：北京大学、北京外国语大学,广东外语外贸大学、西安外国语大学、云南民族大学,区域重点/特色优势：核心课保持完整，通常叠加地方产业、行业场景、实验项目和专业方向模块；样例：广东外语外贸大学、西安外国语大学、云南民族大学,库内未命中,普通应用/职业供给：更强调写作、编辑、新媒体工具、教育/传播实训，课程呈现更实训化、工具化；样例：库内未命中该层次开设样例
0502100T,语言学,本科(普通),文学学士,四年,文学,外国语言文学类,语言学概论、现代汉语、古代汉语、语义学、语用学、句法学、语言调查与分析、语料库建设与应用、语言教学实践、综合外语,rysxai_major_course,,南京理工大学、上海外国语大学、香港中文大学、江苏大学,头部/强研究型：核心课不一定换名称，但会加深数学/理论和研究训练，重点看原典研读、语言/文本分析、学术写作、跨文化专题；样例：南京理工大学、上海外国语大学、香港中文大学、江苏大学,北京语言大学、江苏师范大学、西安外国语大学、临沂大学、三亚学院,区域重点/特色优势：核心课保持完整，通常叠加地方产业、行业场景、实验项目和专业方向模块；样例：北京语言大学、江苏师范大学、西安外国语大学、临沂大学、三亚学院,库内未命中,普通应用/职业供给：更强调写作、编辑、新媒体工具、教育/传播实训，课程呈现更实训化、工具化；样例：库内未命中该层次开设样例
0502101T,塔玛齐格特语,本科(普通),文学学士,四年,文学,外国语言文学类,柏柏尔语族概论、闪含语系语言学基础、塔玛齐格特语语音与语法、塔玛齐格特语精读、塔玛齐格特语听力与口语、塔玛齐格特语写作与翻译、北非地区文化导论、塔玛齐格特语口语实训、翻译实践、北非文化调研实习,rysxai_major_course,,库内未命中,头部/强研究型：核心课不一定换名称，但会加深数学/理论和研究训练，重点看原典研读、语言/文本分析、学术写作、跨文化专题；样例：库内未命中该层次开设样例,库内未命中,区域重点/特色优势：核心课保持完整，通常叠加地方产业、行业场景、实验项目和专业方向模块；样例：库内未命中该层次开设样例,库内未命中,普通应用/职业供给：更强调写作、编辑、新媒体工具、教育/传播实训，课程呈现更实训化、工具化；样例：库内未命中该层次开设样例
0502102T,爪哇语,本科(普通),文学学士,四年,文学,外国语言文学类,爪哇语、语言学概论、印尼语基础、高级爪哇语、爪哇语翻译、爪哇语口语与听力、爪哇语综合实践、翻译实训、综合外语、高级外语,rysxai_major_course,,库内未命中,头部/强研究型：核心课不一定换名称，但会加深数学/理论和研究训练，重点看原典研读、语言/文本分析、学术写作、跨文化专题；样例：库内未命中该层次开设样例,库内未命中,区域重点/特色优势：核心课保持完整，通常叠加地方产业、行业场景、实验项目和专业方向模块；样例：库内未命中该层次开设样例,库内未命中,普通应用/职业供给：更强调写作、编辑、新媒体工具、教育/传播实训，课程呈现更实训化、工具化；样例：库内未命中该层次开设样例
0502103T,旁遮普语,本科(普通),文学学士,四年,文学,外国语言文学类,大学英语、旁遮普语语音学、印地语基础、印度文化概论、旁遮普语精读、旁遮普语文学作品选读、旁遮普语翻译理论与实践、旁遮普语口语实训、翻译实践、文化调研实习,rysxai_major_course,,库内未命中,头部/强研究型：核心课不一定换名称，但会加深数学/理论和研究训练，重点看原典研读、语言/文本分析、学术写作、跨文化专题；样例：库内未命中该层次开设样例,库内未命中,区域重点/特色优势：核心课保持完整，通常叠加地方产业、行业场景、实验项目和专业方向模块；样例：库内未命中该层次开设样例,库内未命中,普通应用/职业供给：更强调写作、编辑、新媒体工具、教育/传播实训，课程呈现更实训化、工具化；样例：库内未命中该层次开设样例
0502104TK,区域国别学,本科(普通),文学学士,四年,文学,外国语言文学类,大学英语、形势与政策、政治学原理、世界历史、国际关系理论、区域国别概论、区域研究方法论、东亚区域研究、国别与全球治理、区域经济与社会发展,rysxai_major_course,,北京外国语大学,头部/强研究型：核心课不一定换名称，但会加深数学/理论和研究训练，重点看原典研读、语言/文本分析、学术写作、跨文化专题；样例：北京外国语大学,库内未命中,区域重点/特色优势：核心课保持完整，通常叠加地方产业、行业场景、实验项目和专业方向模块；样例：库内未命中该层次开设样例,库内未命中,普通应用/职业供给：更强调写作、编辑、新媒体工具、教育/传播实训，课程呈现更实训化、工具化；样例：库内未命中该层次开设样例
050211,梵语巴利语,本科(普通),文学学士,四年,文学,外国语言文学类,大学英语、印度文学史、语言学概论、中印文化交流史、梵语语法、巴利语语法、梵语文学作品选读、梵语口语实训、佛教文献校勘实践、田野调查方法,rysxai_major_course,,北京大学、北京外国语大学,头部/强研究型：核心课不一定换名称，但会加深数学/理论和研究训练，重点看原典研读、语言/文本分析、学术写作、跨文化专题；样例：北京大学、北京外国语大学,库内未命中,区域重点/特色优势：核心课保持完整，通常叠加地方产业、行业场景、实验项目和专业方向模块；样例：库内未命中该层次开设样例,库内未命中,普通应用/职业供给：更强调写作、编辑、新媒体工具、教育/传播实训，课程呈现更实训化、工具化；样例：库内未命中该层次开设样例
050212,印度尼西亚语,本科(普通),文学学士,四年,文学,外国语言文学类,大学英语、印尼语语音、印尼语语法、印尼语基础阅读、印尼语高级视听说、印尼文学选读、印尼社会与文化、印尼语口语实训、印尼语翻译实践、东南亚文化调研,rysxai_major_course,,北京大学、合肥工业大学、上海外国语大学,头部/强研究型：核心课不一定换名称，但会加深数学/理论和研究训练，重点看原典研读、语言/文本分析、学术写作、跨文化专题；样例：北京大学、合肥工业大学、上海外国语大学,广东外语外贸大学、北京第二外国语学院、西安外国语大学、天津外国语大学、大连外国语大学,区域重点/特色优势：核心课保持完整，通常叠加地方产业、行业场景、实验项目和专业方向模块；样例：广东外语外贸大学、北京第二外国语学院、西安外国语大学、天津外国语大学、大连外国语大学,福建技术师范学院、广西民族大学相思湖学院、广西外国语学院,普通应用/职业供给：更强调写作、编辑、新媒体工具、教育/传播实训，课程呈现更实训化、工具化；样例：福建技术师范学院、广西民族大学相思湖学院、广西外国语学院
050213,印地语,本科(普通),文学学士,四年,文学,外国语言文学类,印地语、高级印地语、印地语写作、印地语阅读、印地语翻译、印地语视听说、印地语听力、印地语时文选读、印度文学、南亚文化,rysxai_major_course,,北京大学、云南大学、上海外国语大学、中国传媒大学,头部/强研究型：核心课不一定换名称，但会加深数学/理论和研究训练，重点看原典研读、语言/文本分析、学术写作、跨文化专题；样例：北京大学、云南大学、上海外国语大学、中国传媒大学,广东外语外贸大学、北京第二外国语学院、四川外国语大学、西安外国语大学、天津外国语大学,区域重点/特色优势：核心课保持完整，通常叠加地方产业、行业场景、实验项目和专业方向模块；样例：广东外语外贸大学、北京第二外国语学院、四川外国语大学、西安外国语大学、天津外国语大学,库内未命中,普通应用/职业供给：更强调写作、编辑、新媒体工具、教育/传播实训，课程呈现更实训化、工具化；样例：库内未命中该层次开设样例
050214,柬埔寨语,本科(普通),文学学士,四年,文学,外国语言文学类,大学英语、柬埔寨语基础、柬埔寨语语法、柬埔寨语听力、柬埔寨语精读、柬埔寨语写作、柬埔寨国情与文化、柬埔寨语口语实训、柬埔寨语翻译实践、柬埔寨语综合实习,rysxai_major_course,,云南大学、上海外国语大学,头部/强研究型：核心课不一定换名称，但会加深数学/理论和研究训练，重点看原典研读、语言/文本分析、学术写作、跨文化专题；样例：云南大学、上海外国语大学,广东外语外贸大学、云南师范大学、天津外国语大学、广西民族大学、云南民族大学,区域重点/特色优势：核心课保持完整，通常叠加地方产业、行业场景、实验项目和专业方向模块；样例：广东外语外贸大学、云南师范大学、天津外国语大学、广西民族大学、云南民族大学,广西外国语学院,普通应用/职业供给：更强调写作、编辑、新媒体工具、教育/传播实训，课程呈现更实训化、工具化；样例：广西外国语学院
050215,老挝语,本科(普通),文学学士,四年,文学,外国语言文学类,老挝语语音、老挝语基础语法、老挝语基础听力、老挝语高级口语、老挝语翻译理论与实践、老挝语口语实训、老挝语文化调研实习、综合外语、高级外语、外语听说,rysxai_major_course,,云南大学、北京外国语大学,头部/强研究型：核心课不一定换名称，但会加深数学/理论和研究训练，重点看原典研读、语言/文本分析、学术写作、跨文化专题；样例：云南大学、北京外国语大学,广东外语外贸大学、云南师范大学、广西民族大学、贵州民族大学、云南民族大学,区域重点/特色优势：核心课保持完整，通常叠加地方产业、行业场景、实验项目和专业方向模块；样例：广东外语外贸大学、云南师范大学、广西民族大学、贵州民族大学、云南民族大学,普洱学院,普通应用/职业供给：更强调写作、编辑、新媒体工具、教育/传播实训，课程呈现更实训化、工具化；样例：普洱学院
050216,缅甸语,本科(普通),文学学士,四年,文学,外国语言文学类,缅甸语、缅甸语语法、缅甸语会话、缅甸语视听说、缅甸语写作、缅甸语翻译、缅甸报刊选读、缅甸概况、缅甸历史、缅甸文化,rysxai_major_course,,北京大学、北京外国语大学、贵州大学,头部/强研究型：核心课不一定换名称，但会加深数学/理论和研究训练，重点看原典研读、语言/文本分析、学术写作、跨文化专题；样例：北京大学、北京外国语大学、贵州大学,广东外语外贸大学、云南师范大学、四川外国语大学、天津外国语大学、广西民族大学,区域重点/特色优势：核心课保持完整，通常叠加地方产业、行业场景、实验项目和专业方向模块；样例：广东外语外贸大学、云南师范大学、四川外国语大学、天津外国语大学、广西民族大学,保山学院、普洱学院、滇西科技师范学院、广西外国语学院,普通应用/职业供给：更强调写作、编辑、新媒体工具、教育/传播实训，课程呈现更实训化、工具化；样例：保山学院、普洱学院、滇西科技师范学院、广西外国语学院
050217,马来语,本科(普通),文学学士,四年,文学,外国语言文学类,大学英语、计算机应用基础、马来语语音、马来语语法、马来语、马来文化概论、高级马来语、马来语翻译理论与实践、马来语文学作品选读、马来语口译实训,rysxai_major_course,,中国传媒大学,头部/强研究型：核心课不一定换名称，但会加深数学/理论和研究训练，重点看原典研读、语言/文本分析、学术写作、跨文化专题；样例：中国传媒大学,广东外语外贸大学、四川外国语大学、西安外国语大学、天津外国语大学、广西民族大学,区域重点/特色优势：核心课保持完整，通常叠加地方产业、行业场景、实验项目和专业方向模块；样例：广东外语外贸大学、四川外国语大学、西安外国语大学、天津外国语大学、广西民族大学,成都外国语学院,普通应用/职业供给：更强调写作、编辑、新媒体工具、教育/传播实训，课程呈现更实训化、工具化；样例：成都外国语学院
050218,蒙古语,本科(普通),文学学士,四年,文学,外国语言文学类,蒙古语、蒙古语语言学概论、蒙古语语法学、蒙古文文献学、蒙古民间文学、蒙古现代文学、蒙古语口语实训、蒙古文写作实践、蒙古文化调研、综合外语,rysxai_major_course,,北京大学,头部/强研究型：核心课不一定换名称，但会加深数学/理论和研究训练，重点看原典研读、语言/文本分析、学术写作、跨文化专题；样例：北京大学,天津外国语大学、吉林外国语大学,区域重点/特色优势：核心课保持完整，通常叠加地方产业、行业场景、实验项目和专业方向模块；样例：天津外国语大学、吉林外国语大学,黑龙江外国语学院,普通应用/职业供给：更强调写作、编辑、新媒体工具、教育/传播实训，课程呈现更实训化、工具化；样例：黑龙江外国语学院
050219,僧伽罗语,本科(普通),文学学士,四年,文学,外国语言文学类,僧伽罗语语音、僧伽罗语语法、僧伽罗语精读、僧伽罗语口语实训、翻译实践、综合外语、高级外语、外语听说、外语写作、语言学概论,rysxai_major_course,,北京外国语大学,头部/强研究型：核心课不一定换名称，但会加深数学/理论和研究训练，重点看原典研读、语言/文本分析、学术写作、跨文化专题；样例：北京外国语大学,重庆师范大学、云南民族大学,区域重点/特色优势：核心课保持完整，通常叠加地方产业、行业场景、实验项目和专业方向模块；样例：重庆师范大学、云南民族大学,库内未命中,普通应用/职业供给：更强调写作、编辑、新媒体工具、教育/传播实训，课程呈现更实训化、工具化；样例：库内未命中该层次开设样例
050220,泰语,本科(普通),文学学士,四年,文学,外国语言文学类,泰语、泰语视听说、泰语语法、中级泰语阅读、泰语写作、高级泰语、高级泰语视听说、泰国文化、泰国文学史及作品选读、旅游泰语,rysxai_major_course,,北京大学、云南大学、北京外国语大学、上海外国语大学、广西大学,头部/强研究型：核心课不一定换名称，但会加深数学/理论和研究训练，重点看原典研读、语言/文本分析、学术写作、跨文化专题；样例：北京大学、云南大学、北京外国语大学、上海外国语大学、广西大学,昆明理工大学、广东外语外贸大学、汕头大学、云南师范大学、北京第二外国语学院,区域重点/特色优势：核心课保持完整，通常叠加地方产业、行业场景、实验项目和专业方向模块；样例：昆明理工大学、广东外语外贸大学、汕头大学、云南师范大学、北京第二外国语学院,广西民族师范学院、普洱学院、楚雄师范学院、河池学院、百色学院,普通应用/职业供给：更强调写作、编辑、新媒体工具、教育/传播实训，课程呈现更实训化、工具化；样例：广西民族师范学院、普洱学院、楚雄师范学院、河池学院、百色学院
050221,乌尔都语,本科(普通),文学学士,四年,文学,外国语言文学类,乌尔都语、乌尔都语语法、高级乌尔都语、乌尔都语文学作品选读、乌尔都语翻译理论与实践、乌尔都语口语实训、翻译实践、国别区域研究实习、综合外语、高级外语,rysxai_major_course,,北京大学、中国传媒大学,头部/强研究型：核心课不一定换名称，但会加深数学/理论和研究训练，重点看原典研读、语言/文本分析、学术写作、跨文化专题；样例：北京大学、中国传媒大学,广东外语外贸大学、西安外国语大学、云南民族大学、新疆师范大学、塔里木大学,区域重点/特色优势：核心课保持完整，通常叠加地方产业、行业场景、实验项目和专业方向模块；样例：广东外语外贸大学、西安外国语大学、云南民族大学、新疆师范大学、塔里木大学,库内未命中,普通应用/职业供给：更强调写作、编辑、新媒体工具、教育/传播实训，课程呈现更实训化、工具化；样例：库内未命中该层次开设样例
050222,希伯来语,本科(普通),文学学士,四年,文学,外国语言文学类,希伯来语、希伯来语语法、希伯来语听力、高级希伯来语、希伯来文学选读、以色列国情研究、希伯来语文化调研、希伯来语口译实训、希伯来语笔译实践、综合外语,rysxai_major_course,,北京大学、上海外国语大学,头部/强研究型：核心课不一定换名称，但会加深数学/理论和研究训练，重点看原典研读、语言/文本分析、学术写作、跨文化专题；样例：北京大学、上海外国语大学,广东外语外贸大学、北京第二外国语学院、四川外国语大学,区域重点/特色优势：核心课保持完整，通常叠加地方产业、行业场景、实验项目和专业方向模块；样例：广东外语外贸大学、北京第二外国语学院、四川外国语大学,库内未命中,普通应用/职业供给：更强调写作、编辑、新媒体工具、教育/传播实训，课程呈现更实训化、工具化；样例：库内未命中该层次开设样例
050223,越南语,本科(普通),文学学士,四年,文学,外国语言文学类,越南语、越南语语法、越南语阅读、越南语口语、越南语视听说、高级越南语、越南概况、越南历史、越南文化、越南政治,rysxai_major_course,,北京大学、对外经济贸易大学、上海外国语大学、广西大学,头部/强研究型：核心课不一定换名称，但会加深数学/理论和研究训练，重点看原典研读、语言/文本分析、学术写作、跨文化专题；样例：北京大学、对外经济贸易大学、上海外国语大学、广西大学,广东外语外贸大学、云南师范大学、北京第二外国语学院、四川外国语大学、浙江外国语学院,区域重点/特色优势：核心课保持完整，通常叠加地方产业、行业场景、实验项目和专业方向模块；样例：广东外语外贸大学、云南师范大学、北京第二外国语学院、四川外国语大学、浙江外国语学院,广西民族师范学院、文山学院、百色学院、成都外国语学院、广西民族大学相思湖学院,普通应用/职业供给：更强调写作、编辑、新媒体工具、教育/传播实训，课程呈现更实训化、工具化；样例：广西民族师范学院、文山学院、百色学院、成都外国语学院、广西民族大学相思湖学院
050224,豪萨语,本科(普通),文学学士,四年,文学,外国语言文学类,豪萨语、豪萨语语法、高级豪萨语、豪萨语翻译理论与实践、豪萨语口语实训、非洲历史与文化、豪萨语文学作品选读、非洲地区国别研究实习、综合外语、高级外语,rysxai_major_course,,北京外国语大学,头部/强研究型：核心课不一定换名称，但会加深数学/理论和研究训练，重点看原典研读、语言/文本分析、学术写作、跨文化专题；样例：北京外国语大学,广东外语外贸大学、天津外国语大学,区域重点/特色优势：核心课保持完整，通常叠加地方产业、行业场景、实验项目和专业方向模块；样例：广东外语外贸大学、天津外国语大学,库内未命中,普通应用/职业供给：更强调写作、编辑、新媒体工具、教育/传播实训，课程呈现更实训化、工具化；样例：库内未命中该层次开设样例
050225,斯瓦希里语,本科(普通),文学学士,四年,文学,外国语言文学类,大学英语、斯瓦希里语、斯瓦希里语语法、非洲文化概论、高级斯瓦希里语、斯瓦希里语翻译理论与实践、斯瓦希里语文学选读、斯瓦希里语口语实训、翻译实践、非洲国别研究实习,rysxai_major_course,,北京外国语大学、上海外国语大学、中国传媒大学,头部/强研究型：核心课不一定换名称，但会加深数学/理论和研究训练，重点看原典研读、语言/文本分析、学术写作、跨文化专题；样例：北京外国语大学、上海外国语大学、中国传媒大学,广东外语外贸大学、西安外国语大学、天津外国语大学,区域重点/特色优势：核心课保持完整，通常叠加地方产业、行业场景、实验项目和专业方向模块；样例：广东外语外贸大学、西安外国语大学、天津外国语大学,库内未命中,普通应用/职业供给：更强调写作、编辑、新媒体工具、教育/传播实训，课程呈现更实训化、工具化；样例：库内未命中该层次开设样例
050226,阿尔巴尼亚语,本科(普通),文学学士,四年,文学,外国语言文学类,大学英语、阿尔巴尼亚语、阿尔巴尼亚语语法、阿尔巴尼亚国情概论、高级阿尔巴尼亚语、阿尔巴尼亚文学作品选读、阿尔巴尼亚语笔译、阿尔巴尼亚语口语实训、翻译实践、涉外实习,rysxai_major_course,,库内未命中,头部/强研究型：核心课不一定换名称，但会加深数学/理论和研究训练，重点看原典研读、语言/文本分析、学术写作、跨文化专题；样例：库内未命中该层次开设样例,北京第二外国语学院,区域重点/特色优势：核心课保持完整，通常叠加地方产业、行业场景、实验项目和专业方向模块；样例：北京第二外国语学院,库内未命中,普通应用/职业供给：更强调写作、编辑、新媒体工具、教育/传播实训，课程呈现更实训化、工具化；样例：库内未命中该层次开设样例
050227,保加利亚语,本科(普通),文学学士,四年,文学,外国语言文学类,大学英语、保加利亚语、保加利亚语语法、保加利亚国情概况、高级保加利亚语、保加利亚语翻译理论与实践、保加利亚文学、保加利亚语口语实训、翻译实习、保加利亚文化实践,rysxai_major_course,,北京外国语大学,头部/强研究型：核心课不一定换名称，但会加深数学/理论和研究训练，重点看原典研读、语言/文本分析、学术写作、跨文化专题；样例：北京外国语大学,广东外语外贸大学、北京第二外国语学院、天津外国语大学,区域重点/特色优势：核心课保持完整，通常叠加地方产业、行业场景、实验项目和专业方向模块；样例：广东外语外贸大学、北京第二外国语学院、天津外国语大学,库内未命中,普通应用/职业供给：更强调写作、编辑、新媒体工具、教育/传播实训，课程呈现更实训化、工具化；样例：库内未命中该层次开设样例
050228,波兰语,本科(普通),文学学士,四年,文学,外国语言文学类,波兰语语音、波兰语语法、波兰语基础听力、波兰语高级阅读、波兰语写作、波兰语口语实训、波兰语翻译理论与实践、翻译实习、综合外语、高级外语,rysxai_major_course,,四川大学、上海外国语大学,头部/强研究型：核心课不一定换名称，但会加深数学/理论和研究训练，重点看原典研读、语言/文本分析、学术写作、跨文化专题；样例：四川大学、上海外国语大学,广东外语外贸大学、北京第二外国语学院、哈尔滨师范大学、四川外国语大学、西安外国语大学,区域重点/特色优势：核心课保持完整，通常叠加地方产业、行业场景、实验项目和专业方向模块；样例：广东外语外贸大学、北京第二外国语学院、哈尔滨师范大学、四川外国语大学、西安外国语大学,成都外国语学院,普通应用/职业供给：更强调写作、编辑、新媒体工具、教育/传播实训，课程呈现更实训化、工具化；样例：成都外国语学院
050229,捷克语,本科(普通),文学学士,四年,文学,外国语言文学类,大学英语、计算机应用基础、大学语文、捷克语、捷克语语法、捷克语听力、高级捷克语、捷克文学选读、捷克国家与文化、捷克语口语实训,rysxai_major_course,,北京外国语大学、上海外国语大学,头部/强研究型：核心课不一定换名称，但会加深数学/理论和研究训练，重点看原典研读、语言/文本分析、学术写作、跨文化专题；样例：北京外国语大学、上海外国语大学,广东外语外贸大学、北京第二外国语学院、四川外国语大学、西安外国语大学、天津外国语大学,区域重点/特色优势：核心课保持完整，通常叠加地方产业、行业场景、实验项目和专业方向模块；样例：广东外语外贸大学、北京第二外国语学院、四川外国语大学、西安外国语大学、天津外国语大学,成都外国语学院,普通应用/职业供给：更强调写作、编辑、新媒体工具、教育/传播实训，课程呈现更实训化、工具化；样例：成都外国语学院
050230,斯洛伐克语,本科(普通),文学学士,四年,文学,外国语言文学类,大学英语、计算机应用基础、斯洛伐克语语音、斯洛伐克语语法、斯洛伐克国家概况、斯洛伐克语精读、斯洛伐克语写作、斯洛伐克文学选读、斯洛伐克语口语实训、翻译实践,rysxai_major_course,,库内未命中,头部/强研究型：核心课不一定换名称，但会加深数学/理论和研究训练，重点看原典研读、语言/文本分析、学术写作、跨文化专题；样例：库内未命中该层次开设样例,北京第二外国语学院,区域重点/特色优势：核心课保持完整，通常叠加地方产业、行业场景、实验项目和专业方向模块；样例：北京第二外国语学院,库内未命中,普通应用/职业供给：更强调写作、编辑、新媒体工具、教育/传播实训，课程呈现更实训化、工具化；样例：库内未命中该层次开设样例
050231,罗马尼亚语,本科(普通),文学学士,四年,文学,外国语言文学类,罗马尼亚语基础、语言学概论、罗马尼亚概况、罗马尼亚语精读、罗马尼亚文学选读、高级翻译、罗马尼亚语口语实训、翻译实践、海外文化调研、综合外语,rysxai_major_course,,上海外国语大学,头部/强研究型：核心课不一定换名称，但会加深数学/理论和研究训练，重点看原典研读、语言/文本分析、学术写作、跨文化专题；样例：上海外国语大学,北京第二外国语学院、四川外国语大学、西安外国语大学、天津外国语大学,区域重点/特色优势：核心课保持完整，通常叠加地方产业、行业场景、实验项目和专业方向模块；样例：北京第二外国语学院、四川外国语大学、西安外国语大学、天津外国语大学,库内未命中,普通应用/职业供给：更强调写作、编辑、新媒体工具、教育/传播实训，课程呈现更实训化、工具化；样例：库内未命中该层次开设样例
050232,葡萄牙语,本科(普通),文学学士,四年,文学,外国语言文学类,葡萄牙语、葡萄牙语精读、葡萄牙语系统语法、葡萄牙语听力、葡萄牙语视听、葡萄牙语泛读、葡萄牙语阅读、高级葡萄牙语、葡萄牙语B2级、葡萄牙语B2+级,rysxai_major_course,,北京大学、对外经济贸易大学、北京外国语大学、上海外国语大学、中国传媒大学,头部/强研究型：核心课不一定换名称，但会加深数学/理论和研究训练，重点看原典研读、语言/文本分析、学术写作、跨文化专题；样例：北京大学、对外经济贸易大学、北京外国语大学、上海外国语大学、中国传媒大学,北京语言大学、湖北大学、广东外语外贸大学、河北大学、安徽师范大学,区域重点/特色优势：核心课保持完整，通常叠加地方产业、行业场景、实验项目和专业方向模块；样例：北京语言大学、湖北大学、广东外语外贸大学、河北大学、安徽师范大学,赣南科技学院、中原科技学院、广州新华学院、广东外语外贸大学南国商学院、成都外国语学院,普通应用/职业供给：更强调写作、编辑、新媒体工具、教育/传播实训，课程呈现更实训化、工具化；样例：赣南科技学院、中原科技学院、广州新华学院、广东外语外贸大学南国商学院、成都外国语学院
050233,瑞典语,本科(普通),文学学士,四年,文学,外国语言文学类,瑞典语语音、瑞典语语法、瑞典语基础听力、瑞典语高级写作、瑞典语翻译理论与实践、瑞典语文学选读、瑞典语口语实训、瑞典语翻译实践、瑞典语商务实习、综合外语,rysxai_major_course,,北京外国语大学、上海外国语大学,头部/强研究型：核心课不一定换名称，但会加深数学/理论和研究训练，重点看原典研读、语言/文本分析、学术写作、跨文化专题；样例：北京外国语大学、上海外国语大学,库内未命中,区域重点/特色优势：核心课保持完整，通常叠加地方产业、行业场景、实验项目和专业方向模块；样例：库内未命中该层次开设样例,库内未命中,普通应用/职业供给：更强调写作、编辑、新媒体工具、教育/传播实训，课程呈现更实训化、工具化；样例：库内未命中该层次开设样例
050234,塞尔维亚语,本科(普通),文学学士,四年,文学,外国语言文学类,综合外语、高级外语、外语听说、外语写作、语言学概论、翻译理论与实践、外国文学、跨文化交际,category_template,rysxai课程文本未抽出课程名,北京外国语大学、上海外国语大学,头部/强研究型：核心课不一定换名称，但会加深数学/理论和研究训练，重点看原典研读、语言/文本分析、学术写作、跨文化专题；样例：北京外国语大学、上海外国语大学,广东外语外贸大学、北京第二外国语学院、四川外国语大学、天津外国语大学、吉林外国语大学,区域重点/特色优势：核心课保持完整，通常叠加地方产业、行业场景、实验项目和专业方向模块；样例：广东外语外贸大学、北京第二外国语学院、四川外国语大学、天津外国语大学、吉林外国语大学,库内未命中,普通应用/职业供给：更强调写作、编辑、新媒体工具、教育/传播实训，课程呈现更实训化、工具化；样例：库内未命中该层次开设样例
050235,土耳其语,本科(普通),文学学士,四年,文学,外国语言文学类,土耳其语语音、土耳其语语法、土耳其语基础阅读、高级土耳其语、土耳其文学选读、土耳其社会与文化、土耳其语口语实训、翻译实习、土耳其文化调研实践、综合外语,rysxai_major_course,,上海外国语大学、中国传媒大学,头部/强研究型：核心课不一定换名称，但会加深数学/理论和研究训练，重点看原典研读、语言/文本分析、学术写作、跨文化专题；样例：上海外国语大学、中国传媒大学,广东外语外贸大学、北京第二外国语学院、四川外国语大学、西安外国语大学、天津外国语大学,区域重点/特色优势：核心课保持完整，通常叠加地方产业、行业场景、实验项目和专业方向模块；样例：广东外语外贸大学、北京第二外国语学院、四川外国语大学、西安外国语大学、天津外国语大学,库内未命中,普通应用/职业供给：更强调写作、编辑、新媒体工具、教育/传播实训，课程呈现更实训化、工具化；样例：库内未命中该层次开设样例
050236,希腊语,本科(普通),文学学士,四年,文学,外国语言文学类,大学英语、希腊语基础、希腊语语法、希腊语听力、希腊语精读、希腊语写作、希腊语口语实训、希腊语翻译实践、希腊文学选读、希腊文化考察,rysxai_major_course,,对外经济贸易大学、上海外国语大学,头部/强研究型：核心课不一定换名称，但会加深数学/理论和研究训练，重点看原典研读、语言/文本分析、学术写作、跨文化专题；样例：对外经济贸易大学、上海外国语大学,广东外语外贸大学、西安外国语大学、天津外国语大学、吉林外国语大学,区域重点/特色优势：核心课保持完整，通常叠加地方产业、行业场景、实验项目和专业方向模块；样例：广东外语外贸大学、西安外国语大学、天津外国语大学、吉林外国语大学,库内未命中,普通应用/职业供给：更强调写作、编辑、新媒体工具、教育/传播实训，课程呈现更实训化、工具化；样例：库内未命中该层次开设样例
050237,匈牙利语,本科(普通),文学学士,四年,文学,外国语言文学类,匈牙利语、匈牙利语语法、匈牙利国情概况、高级匈牙利语、匈牙利文学选读、匈牙利语听力实训、匈牙利语口语实践、匈牙利语口译、翻译项目实战、综合外语,rysxai_major_course,,北京外国语大学、上海外国语大学、中国传媒大学,头部/强研究型：核心课不一定换名称，但会加深数学/理论和研究训练，重点看原典研读、语言/文本分析、学术写作、跨文化专题；样例：北京外国语大学、上海外国语大学、中国传媒大学,广东外语外贸大学、北京第二外国语学院、四川外国语大学、西安外国语大学、天津外国语大学,区域重点/特色优势：核心课保持完整，通常叠加地方产业、行业场景、实验项目和专业方向模块；样例：广东外语外贸大学、北京第二外国语学院、四川外国语大学、西安外国语大学、天津外国语大学,成都外国语学院,普通应用/职业供给：更强调写作、编辑、新媒体工具、教育/传播实训，课程呈现更实训化、工具化；样例：成都外国语学院
050238,意大利语,本科(普通),文学学士,四年,文学,外国语言文学类,意大利语会话、意大利语句法、意大利语视听说、意大利语阅读、意大利语写作、意大利语应用文写作、高级意大利语、意大利文学史、意大利文学作品选读、意大利历史,rysxai_major_course,,北京大学、南开大学、对外经济贸易大学、南京师范大学、北京外国语大学,头部/强研究型：核心课不一定换名称，但会加深数学/理论和研究训练，重点看原典研读、语言/文本分析、学术写作、跨文化专题；样例：北京大学、南开大学、对外经济贸易大学、南京师范大学、北京外国语大学,广东外语外贸大学、北京第二外国语学院、四川外国语大学、西安外国语大学、天津外国语大学,区域重点/特色优势：核心课保持完整，通常叠加地方产业、行业场景、实验项目和专业方向模块；样例：广东外语外贸大学、北京第二外国语学院、四川外国语大学、西安外国语大学、天津外国语大学,广州航海学院、成都外国语学院、重庆外语外事学院、河北外国语学院、黑龙江外国语学院,普通应用/职业供给：更强调写作、编辑、新媒体工具、教育/传播实训，课程呈现更实训化、工具化；样例：广州航海学院、成都外国语学院、重庆外语外事学院、河北外国语学院、黑龙江外国语学院
050239,泰米尔语,本科(普通),文学学士,四年,文学,外国语言文学类,大学英语、语言学概论、印地语基础、印度文化概论、泰米尔语精读、泰米尔语泛读、泰米尔语口语、泰米尔语听说实训、泰米尔语翻译实践、涉外事务处理实训,rysxai_major_course,,中国传媒大学,头部/强研究型：核心课不一定换名称，但会加深数学/理论和研究训练，重点看原典研读、语言/文本分析、学术写作、跨文化专题；样例：中国传媒大学,云南民族大学,区域重点/特色优势：核心课保持完整，通常叠加地方产业、行业场景、实验项目和专业方向模块；样例：云南民族大学,库内未命中,普通应用/职业供给：更强调写作、编辑、新媒体工具、教育/传播实训，课程呈现更实训化、工具化；样例：库内未命中该层次开设样例
050240,普什图语,本科(普通),文学学士,四年,文学,外国语言文学类,大学英语、普什图语、普什图语语法、普什图语听力、高级普什图语、普什图语写作、普什图语翻译理论与实践、普什图语国家概况、普什图语口语实训、普什图语翻译实践,rysxai_major_course,,中国传媒大学,头部/强研究型：核心课不一定换名称，但会加深数学/理论和研究训练，重点看原典研读、语言/文本分析、学术写作、跨文化专题；样例：中国传媒大学,云南民族大学,区域重点/特色优势：核心课保持完整，通常叠加地方产业、行业场景、实验项目和专业方向模块；样例：云南民族大学,库内未命中,普通应用/职业供给：更强调写作、编辑、新媒体工具、教育/传播实训，课程呈现更实训化、工具化；样例：库内未命中该层次开设样例
050241,世界语,本科(普通),文学学士,四年,文学,外国语言文学类,大学英语、大学语文、语言学概论、比较语言学、世界语基础语法、世界语精读、世界语翻译理论与实践、世界语文学作品选读、世界语口语实训、世界语翻译实践,rysxai_major_course,,库内未命中,头部/强研究型：核心课不一定换名称，但会加深数学/理论和研究训练，重点看原典研读、语言/文本分析、学术写作、跨文化专题；样例：库内未命中该层次开设样例,枣庄学院,区域重点/特色优势：核心课保持完整，通常叠加地方产业、行业场景、实验项目和专业方向模块；样例：枣庄学院,库内未命中,普通应用/职业供给：更强调写作、编辑、新媒体工具、教育/传播实训，课程呈现更实训化、工具化；样例：库内未命中该层次开设样例
050242,孟加拉语,本科(普通),文学学士,四年,文学,外国语言文学类,孟加拉语语音、孟加拉语语法、孟加拉语基础阅读、孟加拉语高级阅读、孟加拉语写作、孟加拉语翻译理论与实践、孟加拉国文学选读、孟加拉语口语实训、翻译实践、涉外事务处理实训,rysxai_major_course,,中国传媒大学,头部/强研究型：核心课不一定换名称，但会加深数学/理论和研究训练，重点看原典研读、语言/文本分析、学术写作、跨文化专题；样例：中国传媒大学,广东外语外贸大学、云南民族大学,区域重点/特色优势：核心课保持完整，通常叠加地方产业、行业场景、实验项目和专业方向模块；样例：广东外语外贸大学、云南民族大学,库内未命中,普通应用/职业供给：更强调写作、编辑、新媒体工具、教育/传播实训，课程呈现更实训化、工具化；样例：库内未命中该层次开设样例
050243,尼泊尔语,本科(普通),文学学士,四年,文学,外国语言文学类,尼泊尔语、尼泊尔语语法、尼泊尔历史与文化、高级尼泊尔语、尼泊尔文学选读、尼泊尔语翻译理论与实践、尼泊尔语口语实训、尼泊尔语写作实践、尼泊尔文化调研实习、综合外语,rysxai_major_course,,云南大学、中国传媒大学,头部/强研究型：核心课不一定换名称，但会加深数学/理论和研究训练，重点看原典研读、语言/文本分析、学术写作、跨文化专题；样例：云南大学、中国传媒大学,西藏民族大学、云南民族大学,区域重点/特色优势：核心课保持完整，通常叠加地方产业、行业场景、实验项目和专业方向模块；样例：西藏民族大学、云南民族大学,库内未命中,普通应用/职业供给：更强调写作、编辑、新媒体工具、教育/传播实训，课程呈现更实训化、工具化；样例：库内未命中该层次开设样例
050244,克罗地亚语,本科(普通),文学学士,四年,文学,外国语言文学类,克罗地亚语、克罗地亚语语音、克罗地亚语语法、克罗地亚语听力、高级克罗地亚语、克罗地亚语写作、克罗地亚语口译、克罗地亚语笔译、克罗地亚国家与文化、克罗地亚语口语实训,rysxai_major_course,,库内未命中,头部/强研究型：核心课不一定换名称，但会加深数学/理论和研究训练，重点看原典研读、语言/文本分析、学术写作、跨文化专题；样例：库内未命中该层次开设样例,广东外语外贸大学,区域重点/特色优势：核心课保持完整，通常叠加地方产业、行业场景、实验项目和专业方向模块；样例：广东外语外贸大学,库内未命中,普通应用/职业供给：更强调写作、编辑、新媒体工具、教育/传播实训，课程呈现更实训化、工具化；样例：库内未命中该层次开设样例
050245,荷兰语,本科(普通),文学学士,四年,文学,外国语言文学类,荷兰语语音、荷兰语语法、荷兰国家概况、荷兰语、高级荷兰语、荷兰语笔译、荷兰语口译、荷兰文学选读、荷兰语口语实训、翻译实践,rysxai_major_course,,北京外国语大学、上海外国语大学、中国传媒大学,头部/强研究型：核心课不一定换名称，但会加深数学/理论和研究训练，重点看原典研读、语言/文本分析、学术写作、跨文化专题；样例：北京外国语大学、上海外国语大学、中国传媒大学,库内未命中,区域重点/特色优势：核心课保持完整，通常叠加地方产业、行业场景、实验项目和专业方向模块；样例：库内未命中该层次开设样例,库内未命中,普通应用/职业供给：更强调写作、编辑、新媒体工具、教育/传播实训，课程呈现更实训化、工具化；样例：库内未命中该层次开设样例
050246,芬兰语,本科(普通),文学学士,四年,文学,外国语言文学类,芬兰语语音、芬兰语语法、普通语言学、芬兰语高级视听说、芬兰语文学选读、芬兰语翻译理论与实践、芬兰语口语实训、芬兰语写作实践、芬兰文化考察实习、综合外语,rysxai_major_course,,库内未命中,头部/强研究型：核心课不一定换名称，但会加深数学/理论和研究训练，重点看原典研读、语言/文本分析、学术写作、跨文化专题；样例：库内未命中该层次开设样例,天津外国语大学,区域重点/特色优势：核心课保持完整，通常叠加地方产业、行业场景、实验项目和专业方向模块；样例：天津外国语大学,库内未命中,普通应用/职业供给：更强调写作、编辑、新媒体工具、教育/传播实训，课程呈现更实训化、工具化；样例：库内未命中该层次开设样例
050247,乌克兰语,本科(普通),文学学士,四年,文学,外国语言文学类,乌克兰语、乌克兰语语法、高级乌克兰语、乌克兰文学、翻译实践、乌克兰语口语实训、综合外语、高级外语、外语听说、外语写作,rysxai_major_course,,上海外国语大学,头部/强研究型：核心课不一定换名称，但会加深数学/理论和研究训练，重点看原典研读、语言/文本分析、学术写作、跨文化专题；样例：上海外国语大学,四川外国语大学、西安外国语大学、天津外国语大学、大连外国语大学、长春大学,区域重点/特色优势：核心课保持完整，通常叠加地方产业、行业场景、实验项目和专业方向模块；样例：四川外国语大学、西安外国语大学、天津外国语大学、大连外国语大学、长春大学,库内未命中,普通应用/职业供给：更强调写作、编辑、新媒体工具、教育/传播实训，课程呈现更实训化、工具化；样例：库内未命中该层次开设样例
050248,挪威语,本科(普通),文学学士,四年,文学,外国语言文学类,挪威语、挪威语语法、高级挪威语、挪威语口语实训、挪威语翻译理论与实践、翻译实践、挪威国家概况、挪威文学选读、综合外语、高级外语,rysxai_major_course,,库内未命中,头部/强研究型：核心课不一定换名称，但会加深数学/理论和研究训练，重点看原典研读、语言/文本分析、学术写作、跨文化专题；样例：库内未命中该层次开设样例,库内未命中,区域重点/特色优势：核心课保持完整，通常叠加地方产业、行业场景、实验项目和专业方向模块；样例：库内未命中该层次开设样例,库内未命中,普通应用/职业供给：更强调写作、编辑、新媒体工具、教育/传播实训，课程呈现更实训化、工具化；样例：库内未命中该层次开设样例
050249,丹麦语,本科(普通),文学学士,四年,文学,外国语言文学类,丹麦语语音、丹麦语语法、丹麦语听力、丹麦语口语、丹麦语写作、丹麦文学选读、丹麦社会与文化、丹麦语口译实训、丹麦语笔译实践、丹麦文化调研实习,rysxai_major_course,,库内未命中,头部/强研究型：核心课不一定换名称，但会加深数学/理论和研究训练，重点看原典研读、语言/文本分析、学术写作、跨文化专题；样例：库内未命中该层次开设样例,库内未命中,区域重点/特色优势：核心课保持完整，通常叠加地方产业、行业场景、实验项目和专业方向模块；样例：库内未命中该层次开设样例,库内未命中,普通应用/职业供给：更强调写作、编辑、新媒体工具、教育/传播实训，课程呈现更实训化、工具化；样例：库内未命中该层次开设样例
050250,冰岛语,本科(普通),文学学士,四年,文学,外国语言文学类,大学英语、计算机应用基础、大学语文、冰岛语、冰岛语语法、冰岛语听力与会话、高级冰岛语、冰岛文学选读、冰岛社会与文化、冰岛语口语实训,rysxai_major_course,,库内未命中,头部/强研究型：核心课不一定换名称，但会加深数学/理论和研究训练，重点看原典研读、语言/文本分析、学术写作、跨文化专题；样例：库内未命中该层次开设样例,库内未命中,区域重点/特色优势：核心课保持完整，通常叠加地方产业、行业场景、实验项目和专业方向模块；样例：库内未命中该层次开设样例,库内未命中,普通应用/职业供给：更强调写作、编辑、新媒体工具、教育/传播实训，课程呈现更实训化、工具化；样例：库内未命中该层次开设样例
050251,爱尔兰语,本科(普通),文学学士,四年,文学,外国语言文学类,大学英语、大学语文、爱尔兰语、爱尔兰语语音、爱尔兰文化概论、高级爱尔兰语、爱尔兰文学选读、爱尔兰语翻译理论与实践、爱尔兰语口语实训、爱尔兰语写作实践,rysxai_major_course,,库内未命中,头部/强研究型：核心课不一定换名称，但会加深数学/理论和研究训练，重点看原典研读、语言/文本分析、学术写作、跨文化专题；样例：库内未命中该层次开设样例,库内未命中,区域重点/特色优势：核心课保持完整，通常叠加地方产业、行业场景、实验项目和专业方向模块；样例：库内未命中该层次开设样例,库内未命中,普通应用/职业供给：更强调写作、编辑、新媒体工具、教育/传播实训，课程呈现更实训化、工具化；样例：库内未命中该层次开设样例
050252,拉脱维亚语,本科(普通),文学学士,四年,文学,外国语言文学类,语言学概论、拉脱维亚语语音学、拉脱维亚语语法基础、拉脱维亚语精读、拉脱维亚语听力与口语、拉脱维亚文化概论、拉脱维亚语文学作品赏析、拉脱维亚语口译实训、拉脱维亚语笔译实践、综合外语,rysxai_major_course,,库内未命中,头部/强研究型：核心课不一定换名称，但会加深数学/理论和研究训练，重点看原典研读、语言/文本分析、学术写作、跨文化专题；样例：库内未命中该层次开设样例,北京第二外国语学院,区域重点/特色优势：核心课保持完整，通常叠加地方产业、行业场景、实验项目和专业方向模块；样例：北京第二外国语学院,库内未命中,普通应用/职业供给：更强调写作、编辑、新媒体工具、教育/传播实训，课程呈现更实训化、工具化；样例：库内未命中该层次开设样例
050253,立陶宛语,本科(普通),文学学士,四年,文学,外国语言文学类,立陶宛语、立陶宛语语法、立陶宛语听力、高级立陶宛语、汉立互译实践、立陶宛语口语实训、立陶宛语写作实训、立陶宛文学选读、立陶宛文化概论、综合外语,rysxai_major_course,,北京外国语大学,头部/强研究型：核心课不一定换名称，但会加深数学/理论和研究训练，重点看原典研读、语言/文本分析、学术写作、跨文化专题；样例：北京外国语大学,北京第二外国语学院,区域重点/特色优势：核心课保持完整，通常叠加地方产业、行业场景、实验项目和专业方向模块；样例：北京第二外国语学院,库内未命中,普通应用/职业供给：更强调写作、编辑、新媒体工具、教育/传播实训，课程呈现更实训化、工具化；样例：库内未命中该层次开设样例
050254,斯洛文尼亚语,本科(普通),文学学士,四年,文学,外国语言文学类,普通语言学、斯洛文尼亚语语音与语调、斯洛文尼亚语基础语法、斯洛文尼亚语精读、斯洛文尼亚语听力与口语、斯洛文尼亚语翻译实训、斯洛文尼亚语写作实践、斯洛文尼亚文学选读、斯洛文尼亚语文化调研、综合外语,rysxai_major_course,,库内未命中,头部/强研究型：核心课不一定换名称，但会加深数学/理论和研究训练，重点看原典研读、语言/文本分析、学术写作、跨文化专题；样例：库内未命中该层次开设样例,北京第二外国语学院,区域重点/特色优势：核心课保持完整，通常叠加地方产业、行业场景、实验项目和专业方向模块；样例：北京第二外国语学院,库内未命中,普通应用/职业供给：更强调写作、编辑、新媒体工具、教育/传播实训，课程呈现更实训化、工具化；样例：库内未命中该层次开设样例
050255,爱沙尼亚语,本科(普通),文学学士,四年,文学,外国语言文学类,爱沙尼亚语、爱沙尼亚语语法、爱沙尼亚国家概况、高级爱沙尼亚语、爱沙尼亚文学选读、爱沙尼亚语翻译理论与实践、爱沙尼亚语口语实训、翻译实践、爱沙尼亚语文化实践、综合外语,rysxai_major_course,,库内未命中,头部/强研究型：核心课不一定换名称，但会加深数学/理论和研究训练，重点看原典研读、语言/文本分析、学术写作、跨文化专题；样例：库内未命中该层次开设样例,北京第二外国语学院,区域重点/特色优势：核心课保持完整，通常叠加地方产业、行业场景、实验项目和专业方向模块；样例：北京第二外国语学院,库内未命中,普通应用/职业供给：更强调写作、编辑、新媒体工具、教育/传播实训，课程呈现更实训化、工具化；样例：库内未命中该层次开设样例
050256,马耳他语,本科(普通),文学学士,四年,文学,外国语言文学类,马耳他语、马耳他语语法、马耳他历史与文化、高级马耳他语、马耳他语口笔译、马耳他社会与文化专题、马耳他语翻译实践、马耳他语口语实训、马耳他文化调研实习、综合外语,rysxai_major_course,,库内未命中,头部/强研究型：核心课不一定换名称，但会加深数学/理论和研究训练，重点看原典研读、语言/文本分析、学术写作、跨文化专题；样例：库内未命中该层次开设样例,库内未命中,区域重点/特色优势：核心课保持完整，通常叠加地方产业、行业场景、实验项目和专业方向模块；样例：库内未命中该层次开设样例,库内未命中,普通应用/职业供给：更强调写作、编辑、新媒体工具、教育/传播实训，课程呈现更实训化、工具化；样例：库内未命中该层次开设样例
050257,哈萨克语,本科(普通),文学学士,四年,文学,外国语言文学类,哈萨克语语音、哈萨克语语法、哈萨克族文学史、哈萨克语精读、哈萨克语听力与口语、哈萨克语写作、哈萨克语翻译实训、哈萨克语文学作品赏析实践、哈萨克语社会调查实习、综合外语,rysxai_major_course,,上海外国语大学、石河子大学,头部/强研究型：核心课不一定换名称，但会加深数学/理论和研究训练，重点看原典研读、语言/文本分析、学术写作、跨文化专题；样例：上海外国语大学、石河子大学,西安外国语大学、大连外国语大学,区域重点/特色优势：核心课保持完整，通常叠加地方产业、行业场景、实验项目和专业方向模块；样例：西安外国语大学、大连外国语大学,库内未命中,普通应用/职业供给：更强调写作、编辑、新媒体工具、教育/传播实训，课程呈现更实训化、工具化；样例：库内未命中该层次开设样例
050258,乌兹别克语,本科(普通),文学学士,四年,文学,外国语言文学类,大学语文、计算机应用基础、语言学概论、乌兹别克语语音、乌兹别克语语法、乌兹别克语、乌兹别克语精读、乌兹别克语听力、乌兹别克语口语、乌兹别克语写作,rysxai_major_course,,上海外国语大学,头部/强研究型：核心课不一定换名称，但会加深数学/理论和研究训练，重点看原典研读、语言/文本分析、学术写作、跨文化专题；样例：上海外国语大学,库内未命中,区域重点/特色优势：核心课保持完整，通常叠加地方产业、行业场景、实验项目和专业方向模块；样例：库内未命中该层次开设样例,库内未命中,普通应用/职业供给：更强调写作、编辑、新媒体工具、教育/传播实训，课程呈现更实训化、工具化；样例：库内未命中该层次开设样例
050259,祖鲁语,本科(普通),文学学士,四年,文学,外国语言文学类,语言学概论、祖鲁语语音、祖鲁语语法、祖鲁语精读、祖鲁语听力、祖鲁语写作、祖鲁语口语实训、非洲文化概论、翻译实践、口译实践,rysxai_major_course,,库内未命中,头部/强研究型：核心课不一定换名称，但会加深数学/理论和研究训练，重点看原典研读、语言/文本分析、学术写作、跨文化专题；样例：库内未命中该层次开设样例,库内未命中,区域重点/特色优势：核心课保持完整，通常叠加地方产业、行业场景、实验项目和专业方向模块；样例：库内未命中该层次开设样例,库内未命中,普通应用/职业供给：更强调写作、编辑、新媒体工具、教育/传播实训，课程呈现更实训化、工具化；样例：库内未命中该层次开设样例
050260,拉丁语,本科(普通),文学学士,四年,文学,外国语言文学类,拉丁语语法、西方文化史、古典文献学、拉丁语精读、拉丁语文学选读、古典哲学文献选读、拉丁语翻译实训、古典文献校勘实践、拉丁语口语会话、综合外语,rysxai_major_course,,库内未命中,头部/强研究型：核心课不一定换名称，但会加深数学/理论和研究训练，重点看原典研读、语言/文本分析、学术写作、跨文化专题；样例：库内未命中该层次开设样例,库内未命中,区域重点/特色优势：核心课保持完整，通常叠加地方产业、行业场景、实验项目和专业方向模块；样例：库内未命中该层次开设样例,库内未命中,普通应用/职业供给：更强调写作、编辑、新媒体工具、教育/传播实训，课程呈现更实训化、工具化；样例：库内未命中该层次开设样例
050261,翻译,本科(普通),文学学士,四年,文学,外国语言文学类,综合英语、英语口语、英语听说与译述、英语读译、实用英语读写与翻译、古汉语选读、形式逻辑、语言与翻译、中西翻译简史、翻译理论与策略,rysxai_major_course,,浙江大学、复旦大学、武汉大学、华中科技大学、北京航空航天大学,头部/强研究型：核心课不一定换名称，但会加深数学/理论和研究训练，重点看原典研读、语言/文本分析、学术写作、跨文化专题；样例：浙江大学、复旦大学、武汉大学、华中科技大学、北京航空航天大学,江西财经大学、西交利物浦大学、燕山大学、杭州师范大学、北京语言大学,区域重点/特色优势：核心课保持完整，通常叠加地方产业、行业场景、实验项目和专业方向模块；样例：江西财经大学、西交利物浦大学、燕山大学、杭州师范大学、北京语言大学,洛阳理工学院、周口师范学院、浙江水利水电学院、湘南学院、许昌学院,普通应用/职业供给：更强调写作、编辑、新媒体工具、教育/传播实训，课程呈现更实训化、工具化；样例：洛阳理工学院、周口师范学院、浙江水利水电学院、湘南学院、许昌学院
050262,商务英语,本科(普通),文学学士,四年,文学,外国语言文学类,商务英语、高级商务英语、商务英语综合教程、综合英语、英语语音与会话、英语口语、高级商务英语会话、商务听力、英语语法、商务英语阅读,rysxai_major_course,,北京理工大学、大连理工大学、华南理工大学、大连理工大学(盘锦校区)、上海财经大学,头部/强研究型：核心课不一定换名称，但会加深数学/理论和研究训练，重点看原典研读、语言/文本分析、学术写作、跨文化专题；样例：北京理工大学、大连理工大学、华南理工大学、大连理工大学(盘锦校区)、上海财经大学,江西财经大学、浙江工商大学、首都经济贸易大学、北京语言大学、江西师范大学,区域重点/特色优势：核心课保持完整，通常叠加地方产业、行业场景、实验项目和专业方向模块；样例：江西财经大学、浙江工商大学、首都经济贸易大学、北京语言大学、江西师范大学,洛阳理工学院、浙江水利水电学院、湘南学院、许昌学院、江苏第二师范学院,普通应用/职业供给：更强调写作、编辑、新媒体工具、教育/传播实训，课程呈现更实训化、工具化；样例：洛阳理工学院、浙江水利水电学院、湘南学院、许昌学院、江苏第二师范学院
050263T,阿姆哈拉语,本科(普通),文学学士,四年,文学,外国语言文学类,阿姆哈拉语、阿姆哈拉语语法、埃塞俄比亚文化概论、对象国国情调研、高级阿姆哈拉语、阿姆哈拉语翻译、阿姆哈拉语文学作品选读、阿姆哈拉语口语实训、翻译实践、综合外语,rysxai_major_course,,北京外国语大学,头部/强研究型：核心课不一定换名称，但会加深数学/理论和研究训练，重点看原典研读、语言/文本分析、学术写作、跨文化专题；样例：北京外国语大学,库内未命中,区域重点/特色优势：核心课保持完整，通常叠加地方产业、行业场景、实验项目和专业方向模块；样例：库内未命中该层次开设样例,库内未命中,普通应用/职业供给：更强调写作、编辑、新媒体工具、教育/传播实训，课程呈现更实训化、工具化；样例：库内未命中该层次开设样例
050264T,吉尔吉斯语,本科(普通),文学学士,四年,文学,外国语言文学类,吉尔吉斯语、吉尔吉斯语语法、吉尔吉斯族文化概论、高级吉尔吉斯语、吉尔吉斯语翻译理论与实践、吉尔吉斯语文学作品选读、吉尔吉斯语口语实训、翻译实践、吉尔吉斯语社会调查、综合外语,rysxai_major_course,,库内未命中,头部/强研究型：核心课不一定换名称，但会加深数学/理论和研究训练，重点看原典研读、语言/文本分析、学术写作、跨文化专题；样例：库内未命中该层次开设样例,库内未命中,区域重点/特色优势：核心课保持完整，通常叠加地方产业、行业场景、实验项目和专业方向模块；样例：库内未命中该层次开设样例,库内未命中,普通应用/职业供给：更强调写作、编辑、新媒体工具、教育/传播实训，课程呈现更实训化、工具化；样例：库内未命中该层次开设样例
050265T,索马里语,本科(普通),文学学士,四年,文学,外国语言文学类,大学英语、索马里语语音、索马里语语法、索马里语、普通语言学、非洲文化概论、高级索马里语、索马里语翻译、索马里语文学作品选读、索马里社会与文化,rysxai_major_course,,北京外国语大学,头部/强研究型：核心课不一定换名称，但会加深数学/理论和研究训练，重点看原典研读、语言/文本分析、学术写作、跨文化专题；样例：北京外国语大学,库内未命中,区域重点/特色优势：核心课保持完整，通常叠加地方产业、行业场景、实验项目和专业方向模块；样例：库内未命中该层次开设样例,库内未命中,普通应用/职业供给：更强调写作、编辑、新媒体工具、教育/传播实训，课程呈现更实训化、工具化；样例：库内未命中该层次开设样例
050266T,土库曼语,本科(普通),文学学士,四年,文学,外国语言文学类,大学英语、语言学概论、土库曼语、土库曼斯坦文化概论、高级土库曼语、土库曼语翻译理论与实践、土库曼语文学选读、土库曼语口语实训、翻译实践、土库曼语语言田野调查,rysxai_major_course,,库内未命中,头部/强研究型：核心课不一定换名称，但会加深数学/理论和研究训练，重点看原典研读、语言/文本分析、学术写作、跨文化专题；样例：库内未命中该层次开设样例,库内未命中,区域重点/特色优势：核心课保持完整，通常叠加地方产业、行业场景、实验项目和专业方向模块；样例：库内未命中该层次开设样例,库内未命中,普通应用/职业供给：更强调写作、编辑、新媒体工具、教育/传播实训，课程呈现更实训化、工具化；样例：库内未命中该层次开设样例
050267T,加泰罗尼亚语,本科(普通),文学学士,四年,文学,外国语言文学类,加泰罗尼亚语、加泰罗尼亚语语法、西班牙语基础、高级加泰罗尼亚语、加泰罗尼亚文学、加泰罗尼亚文化导论、加泰罗尼亚语口语实训、文学文本分析实训、综合外语、高级外语,rysxai_major_course,,库内未命中,头部/强研究型：核心课不一定换名称，但会加深数学/理论和研究训练，重点看原典研读、语言/文本分析、学术写作、跨文化专题；样例：库内未命中该层次开设样例,库内未命中,区域重点/特色优势：核心课保持完整，通常叠加地方产业、行业场景、实验项目和专业方向模块；样例：库内未命中该层次开设样例,库内未命中,普通应用/职业供给：更强调写作、编辑、新媒体工具、教育/传播实训，课程呈现更实训化、工具化；样例：库内未命中该层次开设样例
050268T,约鲁巴语,本科(普通),文学学士,四年,文学,外国语言文学类,普通语言学、约鲁巴语精读、约鲁巴语听力、约鲁巴语口语、约鲁巴语翻译实践、约鲁巴语文化调研、综合外语、高级外语、外语听说、外语写作,rysxai_major_course,,库内未命中,头部/强研究型：核心课不一定换名称，但会加深数学/理论和研究训练，重点看原典研读、语言/文本分析、学术写作、跨文化专题；样例：库内未命中该层次开设样例,库内未命中,区域重点/特色优势：核心课保持完整，通常叠加地方产业、行业场景、实验项目和专业方向模块；样例：库内未命中该层次开设样例,库内未命中,普通应用/职业供给：更强调写作、编辑、新媒体工具、教育/传播实训，课程呈现更实训化、工具化；样例：库内未命中该层次开设样例
050269T,亚美尼亚语,本科(普通),文学学士,四年,文学,外国语言文学类,普通语言学、亚美尼亚历史与文化、亚美尼亚语、高级亚美尼亚语、亚美尼亚语翻译、亚美尼亚文学选读、亚美尼亚语口语实训、翻译实践、区域研究专题实践、综合外语,rysxai_major_course,,库内未命中,头部/强研究型：核心课不一定换名称，但会加深数学/理论和研究训练，重点看原典研读、语言/文本分析、学术写作、跨文化专题；样例：库内未命中该层次开设样例,库内未命中,区域重点/特色优势：核心课保持完整，通常叠加地方产业、行业场景、实验项目和专业方向模块；样例：库内未命中该层次开设样例,库内未命中,普通应用/职业供给：更强调写作、编辑、新媒体工具、教育/传播实训，课程呈现更实训化、工具化；样例：库内未命中该层次开设样例
050270T,马达加斯加语,本科(普通),文学学士,四年,文学,外国语言文学类,马达加斯加语、马达加斯加语语法、语言学概论、高级马达加斯加语、马达加斯加文学选读、马达加斯加社会文化、马达加斯加语口语实训、翻译实践、文化调研实习、综合外语,rysxai_major_course,,北京外国语大学,头部/强研究型：核心课不一定换名称，但会加深数学/理论和研究训练，重点看原典研读、语言/文本分析、学术写作、跨文化专题；样例：北京外国语大学,库内未命中,区域重点/特色优势：核心课保持完整，通常叠加地方产业、行业场景、实验项目和专业方向模块；样例：库内未命中该层次开设样例,库内未命中,普通应用/职业供给：更强调写作、编辑、新媒体工具、教育/传播实训，课程呈现更实训化、工具化；样例：库内未命中该层次开设样例
050271T,格鲁吉亚语,本科(普通),文学学士,四年,文学,外国语言文学类,格鲁吉亚语、格鲁吉亚语语法、高级格鲁吉亚语、格鲁吉亚文学、格鲁吉亚国情与文化、格鲁吉亚语口语实训、格汉翻译实践、综合外语、高级外语、外语听说,rysxai_major_course,,北京外国语大学,头部/强研究型：核心课不一定换名称，但会加深数学/理论和研究训练，重点看原典研读、语言/文本分析、学术写作、跨文化专题；样例：北京外国语大学,库内未命中,区域重点/特色优势：核心课保持完整，通常叠加地方产业、行业场景、实验项目和专业方向模块；样例：库内未命中该层次开设样例,库内未命中,普通应用/职业供给：更强调写作、编辑、新媒体工具、教育/传播实训，课程呈现更实训化、工具化；样例：库内未命中该层次开设样例
050272T,阿塞拜疆语,本科(普通),文学学士,四年,文学,外国语言文学类,大学英语、阿塞拜疆语基础、语言学概论、区域国别学导论、阿塞拜疆语高级阅读、阿塞拜疆语翻译理论与实践、阿塞拜疆文学选读、阿塞拜疆语口语实训、翻译实践、对象国文化调研,rysxai_major_course,,库内未命中,头部/强研究型：核心课不一定换名称，但会加深数学/理论和研究训练，重点看原典研读、语言/文本分析、学术写作、跨文化专题；样例：库内未命中该层次开设样例,库内未命中,区域重点/特色优势：核心课保持完整，通常叠加地方产业、行业场景、实验项目和专业方向模块；样例：库内未命中该层次开设样例,库内未命中,普通应用/职业供给：更强调写作、编辑、新媒体工具、教育/传播实训，课程呈现更实训化、工具化；样例：库内未命中该层次开设样例
050273T,阿非利卡语,本科(普通),文学学士,四年,文学,外国语言文学类,普通语言学、阿非利卡语语音与语调、阿非利卡语语法基础、阿非利卡语精读、阿非利卡语听力、阿非利卡语口语、阿非利卡语写作、阿非利卡语口译实训、阿非利卡语笔译实践、南非文学选读,rysxai_major_course,,库内未命中,头部/强研究型：核心课不一定换名称，但会加深数学/理论和研究训练，重点看原典研读、语言/文本分析、学术写作、跨文化专题；样例：库内未命中该层次开设样例,库内未命中,区域重点/特色优势：核心课保持完整，通常叠加地方产业、行业场景、实验项目和专业方向模块；样例：库内未命中该层次开设样例,库内未命中,普通应用/职业供给：更强调写作、编辑、新媒体工具、教育/传播实训，课程呈现更实训化、工具化；样例：库内未命中该层次开设样例
050274T,马其顿语,本科(普通),文学学士,四年,文学,外国语言文学类,语言学概论、马其顿语精读、马其顿语听力、马其顿语口语、马其顿语写作、马其顿文学选读、马其顿语口译实训、马其顿语笔译实训、综合外语、高级外语,rysxai_major_course,,库内未命中,头部/强研究型：核心课不一定换名称，但会加深数学/理论和研究训练，重点看原典研读、语言/文本分析、学术写作、跨文化专题；样例：库内未命中该层次开设样例,库内未命中,区域重点/特色优势：核心课保持完整，通常叠加地方产业、行业场景、实验项目和专业方向模块；样例：库内未命中该层次开设样例,库内未命中,普通应用/职业供给：更强调写作、编辑、新媒体工具、教育/传播实训，课程呈现更实训化、工具化；样例：库内未命中该层次开设样例
050275T,塔吉克语,本科(普通),文学学士,四年,文学,外国语言文学类,塔吉克语语音、塔吉克语语法、塔吉克语、语言学概论、高级塔吉克语、塔吉克语写作、塔吉克语翻译理论与实践、塔吉克斯坦国情概况、塔吉克语口语实训、翻译实习,rysxai_major_course,,库内未命中,头部/强研究型：核心课不一定换名称，但会加深数学/理论和研究训练，重点看原典研读、语言/文本分析、学术写作、跨文化专题；样例：库内未命中该层次开设样例,库内未命中,区域重点/特色优势：核心课保持完整，通常叠加地方产业、行业场景、实验项目和专业方向模块；样例：库内未命中该层次开设样例,库内未命中,普通应用/职业供给：更强调写作、编辑、新媒体工具、教育/传播实训，课程呈现更实训化、工具化；样例：库内未命中该层次开设样例
050276T,茨瓦纳语,本科(普通),文学学士,四年,文学,外国语言文学类,计算机应用基础、大学英语、语言学概论、非洲文化概论、茨瓦纳语语音语调、茨瓦纳语、高级茨瓦纳语、茨瓦纳语语法、茨瓦纳语视听说、茨瓦纳语文学作品选读,rysxai_major_course,,北京外国语大学,头部/强研究型：核心课不一定换名称，但会加深数学/理论和研究训练，重点看原典研读、语言/文本分析、学术写作、跨文化专题；样例：北京外国语大学,库内未命中,区域重点/特色优势：核心课保持完整，通常叠加地方产业、行业场景、实验项目和专业方向模块；样例：库内未命中该层次开设样例,库内未命中,普通应用/职业供给：更强调写作、编辑、新媒体工具、教育/传播实训，课程呈现更实训化、工具化；样例：库内未命中该层次开设样例
050277T,恩德贝莱语,本科(普通),文学学士,四年,文学,外国语言文学类,大学英语、语言学概论、外国文化概论、高级恩德贝莱语、恩德贝莱语听说、恩德贝莱语口语实训、恩德贝莱语翻译实践、翻译项目实战、综合外语、高级外语,rysxai_major_course,,库内未命中,头部/强研究型：核心课不一定换名称，但会加深数学/理论和研究训练，重点看原典研读、语言/文本分析、学术写作、跨文化专题；样例：库内未命中该层次开设样例,库内未命中,区域重点/特色优势：核心课保持完整，通常叠加地方产业、行业场景、实验项目和专业方向模块；样例：库内未命中该层次开设样例,库内未命中,普通应用/职业供给：更强调写作、编辑、新媒体工具、教育/传播实训，课程呈现更实训化、工具化；样例：库内未命中该层次开设样例
050278T,科摩罗语,本科(普通),文学学士,四年,文学,外国语言文学类,语言学概论、外国文学、科摩罗语语音导论、科摩罗语精读、科摩罗语听力与口语、科摩罗语写作、科摩罗语国家文化研究、科摩罗语口语实训、科摩罗语翻译实践、科摩罗语国家社会调研实习,rysxai_major_course,,库内未命中,头部/强研究型：核心课不一定换名称，但会加深数学/理论和研究训练，重点看原典研读、语言/文本分析、学术写作、跨文化专题；样例：库内未命中该层次开设样例,库内未命中,区域重点/特色优势：核心课保持完整，通常叠加地方产业、行业场景、实验项目和专业方向模块；样例：库内未命中该层次开设样例,库内未命中,普通应用/职业供给：更强调写作、编辑、新媒体工具、教育/传播实训，课程呈现更实训化、工具化；样例：库内未命中该层次开设样例
050279T,克里奥尔语,本科(普通),文学学士,四年,文学,外国语言文学类,大学英语、普通语言学、外国文学概论、语言学名著选读、克里奥尔语语音与基础语法、克里奥尔语阅读与写作、克里奥尔语视听说、克里奥尔语文学作品选读、克里奥尔语口语实训、克里奥尔语-汉语翻译实践,rysxai_major_course,,库内未命中,头部/强研究型：核心课不一定换名称，但会加深数学/理论和研究训练，重点看原典研读、语言/文本分析、学术写作、跨文化专题；样例：库内未命中该层次开设样例,库内未命中,区域重点/特色优势：核心课保持完整，通常叠加地方产业、行业场景、实验项目和专业方向模块；样例：库内未命中该层次开设样例,库内未命中,普通应用/职业供给：更强调写作、编辑、新媒体工具、教育/传播实训，课程呈现更实训化、工具化；样例：库内未命中该层次开设样例
050280T,绍纳语,本科(普通),文学学士,四年,文学,外国语言文学类,外国语言文学导论、普通语言学、绍纳语语音与基础语法、绍纳语高级阅读、绍纳语口语实训、绍纳语写作实践、绍纳文化概论、绍纳语翻译理论与实践、非洲区域研究实习、综合外语,rysxai_major_course,,北京外国语大学,头部/强研究型：核心课不一定换名称，但会加深数学/理论和研究训练，重点看原典研读、语言/文本分析、学术写作、跨文化专题；样例：北京外国语大学,库内未命中,区域重点/特色优势：核心课保持完整，通常叠加地方产业、行业场景、实验项目和专业方向模块；样例：库内未命中该层次开设样例,库内未命中,普通应用/职业供给：更强调写作、编辑、新媒体工具、教育/传播实训，课程呈现更实训化、工具化；样例：库内未命中该层次开设样例
050281T,提格雷尼亚语,本科(普通),文学学士,四年,文学,外国语言文学类,综合外语、高级外语、外语听说、外语写作、语言学概论、翻译理论与实践、外国文学、跨文化交际,category_template,rysxai课程文本未抽出课程名,库内未命中,头部/强研究型：核心课不一定换名称，但会加深数学/理论和研究训练，重点看原典研读、语言/文本分析、学术写作、跨文化专题；样例：库内未命中该层次开设样例,库内未命中,区域重点/特色优势：核心课保持完整，通常叠加地方产业、行业场景、实验项目和专业方向模块；样例：库内未命中该层次开设样例,库内未命中,普通应用/职业供给：更强调写作、编辑、新媒体工具、教育/传播实训，课程呈现更实训化、工具化；样例：库内未命中该层次开设样例
050282T,白俄罗斯语,本科(普通),文学学士,四年,文学,外国语言文学类,思想道德与法治、大学英语、计算机应用基础、白俄罗斯语语音、白俄罗斯语语法、白俄罗斯国情概况、白俄罗斯语、高级白俄罗斯语、白俄罗斯文学选读、白俄罗斯语翻译理论与实践,rysxai_major_course,,库内未命中,头部/强研究型：核心课不一定换名称，但会加深数学/理论和研究训练，重点看原典研读、语言/文本分析、学术写作、跨文化专题；样例：库内未命中该层次开设样例,西安外国语大学、天津外国语大学,区域重点/特色优势：核心课保持完整，通常叠加地方产业、行业场景、实验项目和专业方向模块；样例：西安外国语大学、天津外国语大学,库内未命中,普通应用/职业供给：更强调写作、编辑、新媒体工具、教育/传播实训，课程呈现更实训化、工具化；样例：库内未命中该层次开设样例
050283T,毛利语,本科(普通),文学学士,四年,文学,外国语言文学类,毛利语、毛利语语音与语调、毛利文化概论、高级毛利语、毛利语翻译、毛利语文学选读、毛利语口语实训、毛利文化实践项目、翻译实践、综合外语,rysxai_major_course,,库内未命中,头部/强研究型：核心课不一定换名称，但会加深数学/理论和研究训练，重点看原典研读、语言/文本分析、学术写作、跨文化专题；样例：库内未命中该层次开设样例,库内未命中,区域重点/特色优势：核心课保持完整，通常叠加地方产业、行业场景、实验项目和专业方向模块；样例：库内未命中该层次开设样例,库内未命中,普通应用/职业供给：更强调写作、编辑、新媒体工具、教育/传播实训，课程呈现更实训化、工具化；样例：库内未命中该层次开设样例
050284T,汤加语,本科(普通),文学学士,四年,文学,外国语言文学类,语言学概论、汤加语概论、汤加语精读、汤加语口语实训、翻译实践、综合外语、高级外语、外语听说、外语写作、翻译理论与实践,rysxai_major_course,,库内未命中,头部/强研究型：核心课不一定换名称，但会加深数学/理论和研究训练，重点看原典研读、语言/文本分析、学术写作、跨文化专题；样例：库内未命中该层次开设样例,库内未命中,区域重点/特色优势：核心课保持完整，通常叠加地方产业、行业场景、实验项目和专业方向模块；样例：库内未命中该层次开设样例,库内未命中,普通应用/职业供给：更强调写作、编辑、新媒体工具、教育/传播实训，课程呈现更实训化、工具化；样例：库内未命中该层次开设样例
050285T,萨摩亚语,本科(普通),文学学士,四年,文学,外国语言文学类,萨摩亚语基础、波利尼西亚语言学概论、萨摩亚历史与文化、萨摩亚语精读、萨摩亚语口语与听力、萨摩亚语翻译理论与实践、萨摩亚语口译实训、对象国文化调研实践、跨境交流项目实践、综合外语,rysxai_major_course,,库内未命中,头部/强研究型：核心课不一定换名称，但会加深数学/理论和研究训练，重点看原典研读、语言/文本分析、学术写作、跨文化专题；样例：库内未命中该层次开设样例,库内未命中,区域重点/特色优势：核心课保持完整，通常叠加地方产业、行业场景、实验项目和专业方向模块；样例：库内未命中该层次开设样例,库内未命中,普通应用/职业供给：更强调写作、编辑、新媒体工具、教育/传播实训，课程呈现更实训化、工具化；样例：库内未命中该层次开设样例
050286T,库尔德语,本科(普通),文学学士,四年,文学,外国语言文学类,语言学概论、普通心理学、库尔德语概论、库尔德文化概论、库尔德语精读、库尔德语听力、库尔德语口语、库尔德语写作、库尔德语翻译实训、库尔德语口语实践,rysxai_major_course,,库内未命中,头部/强研究型：核心课不一定换名称，但会加深数学/理论和研究训练，重点看原典研读、语言/文本分析、学术写作、跨文化专题；样例：库内未命中该层次开设样例,库内未命中,区域重点/特色优势：核心课保持完整，通常叠加地方产业、行业场景、实验项目和专业方向模块；样例：库内未命中该层次开设样例,库内未命中,普通应用/职业供给：更强调写作、编辑、新媒体工具、教育/传播实训，课程呈现更实训化、工具化；样例：库内未命中该层次开设样例
050287T,比斯拉马语,本科(普通),文学学士,四年,文学,外国语言文学类,语言学概论、南岛语系语言导论、比斯拉马语基础语法、比斯拉马语高级阅读、比斯拉马语口语与写作、瓦努阿图文化研究、比斯拉马语翻译实训、瓦努阿图社会调研、语言教学实践、综合外语,rysxai_major_course,,库内未命中,头部/强研究型：核心课不一定换名称，但会加深数学/理论和研究训练，重点看原典研读、语言/文本分析、学术写作、跨文化专题；样例：库内未命中该层次开设样例,库内未命中,区域重点/特色优势：核心课保持完整，通常叠加地方产业、行业场景、实验项目和专业方向模块；样例：库内未命中该层次开设样例,库内未命中,普通应用/职业供给：更强调写作、编辑、新媒体工具、教育/传播实训，课程呈现更实训化、工具化；样例：库内未命中该层次开设样例
050288T,达里语,本科(普通),文学学士,四年,文学,外国语言文学类,大学英语、达里语、达里语语法、阿富汗及中亚地区概况、高级达里语、达里语口笔译、达里语文学作品选读、达里语翻译实训、海外实习、达里语文化项目实践,rysxai_major_course,,库内未命中,头部/强研究型：核心课不一定换名称，但会加深数学/理论和研究训练，重点看原典研读、语言/文本分析、学术写作、跨文化专题；样例：库内未命中该层次开设样例,库内未命中,区域重点/特色优势：核心课保持完整，通常叠加地方产业、行业场景、实验项目和专业方向模块；样例：库内未命中该层次开设样例,库内未命中,普通应用/职业供给：更强调写作、编辑、新媒体工具、教育/传播实训，课程呈现更实训化、工具化；样例：库内未命中该层次开设样例
050289T,德顿语,本科(普通),文学学士,四年,文学,外国语言文学类,德顿语、德顿语语音、高级德顿语、德顿语视听说、德顿语口译实训、德顿语笔译实践、东帝汶社会与文化、综合外语、高级外语、外语听说,rysxai_major_course,,库内未命中,头部/强研究型：核心课不一定换名称，但会加深数学/理论和研究训练，重点看原典研读、语言/文本分析、学术写作、跨文化专题；样例：库内未命中该层次开设样例,库内未命中,区域重点/特色优势：核心课保持完整，通常叠加地方产业、行业场景、实验项目和专业方向模块；样例：库内未命中该层次开设样例,库内未命中,普通应用/职业供给：更强调写作、编辑、新媒体工具、教育/传播实训，课程呈现更实训化、工具化；样例：库内未命中该层次开设样例
050290T,迪维希语,本科(普通),文学学士,四年,文学,外国语言文学类,语言学概论、印地语基础、马尔代夫历史与文化、迪维希语精读、迪维希语口语与听力、迪维希语翻译理论与实践、迪维希语综合实训、马尔代夫文化调研、翻译实习、综合外语,rysxai_major_course,,库内未命中,头部/强研究型：核心课不一定换名称，但会加深数学/理论和研究训练，重点看原典研读、语言/文本分析、学术写作、跨文化专题；样例：库内未命中该层次开设样例,库内未命中,区域重点/特色优势：核心课保持完整，通常叠加地方产业、行业场景、实验项目和专业方向模块；样例：库内未命中该层次开设样例,库内未命中,普通应用/职业供给：更强调写作、编辑、新媒体工具、教育/传播实训，课程呈现更实训化、工具化；样例：库内未命中该层次开设样例
050291T,斐济语,本科(普通),文学学士,四年,文学,外国语言文学类,斐济语语音、斐济语语法、斐济语、高级斐济语、斐济文学选读、斐济文化概论、斐济语口语实训、斐济语翻译实践、斐济语写作训练、综合外语,rysxai_major_course,,库内未命中,头部/强研究型：核心课不一定换名称，但会加深数学/理论和研究训练，重点看原典研读、语言/文本分析、学术写作、跨文化专题；样例：库内未命中该层次开设样例,库内未命中,区域重点/特色优势：核心课保持完整，通常叠加地方产业、行业场景、实验项目和专业方向模块；样例：库内未命中该层次开设样例,库内未命中,普通应用/职业供给：更强调写作、编辑、新媒体工具、教育/传播实训，课程呈现更实训化、工具化；样例：库内未命中该层次开设样例
050292T,库克群岛毛利语,本科(普通),文学学士,四年,文学,外国语言文学类,语言学概论、普通语音学、库克群岛历史与文化、库克群岛毛利语精读、库克群岛毛利语听说、毛利语文学作品选读、毛利语口语实训、文化调研实践、翻译实务、综合外语,rysxai_major_course,,库内未命中,头部/强研究型：核心课不一定换名称，但会加深数学/理论和研究训练，重点看原典研读、语言/文本分析、学术写作、跨文化专题；样例：库内未命中该层次开设样例,库内未命中,区域重点/特色优势：核心课保持完整，通常叠加地方产业、行业场景、实验项目和专业方向模块；样例：库内未命中该层次开设样例,库内未命中,普通应用/职业供给：更强调写作、编辑、新媒体工具、教育/传播实训，课程呈现更实训化、工具化；样例：库内未命中该层次开设样例
050293T,隆迪语,本科(普通),文学学士,四年,文学,外国语言文学类,大学英语、外国语言文学概论、语言学概论、隆迪语、高级隆迪语、隆迪语语法、隆迪语视听、隆迪语文学作品选读、非洲文化概论、隆迪语口语实训,rysxai_major_course,,库内未命中,头部/强研究型：核心课不一定换名称，但会加深数学/理论和研究训练，重点看原典研读、语言/文本分析、学术写作、跨文化专题；样例：库内未命中该层次开设样例,库内未命中,区域重点/特色优势：核心课保持完整，通常叠加地方产业、行业场景、实验项目和专业方向模块；样例：库内未命中该层次开设样例,库内未命中,普通应用/职业供给：更强调写作、编辑、新媒体工具、教育/传播实训，课程呈现更实训化、工具化；样例：库内未命中该层次开设样例
050294T,卢森堡语,本科(普通),文学学士,四年,文学,外国语言文学类,大学英语、外国语言文学概论、语言学概论、卢森堡语语音基础、卢森堡语精读、卢森堡语听力与口语、卢森堡文化研究、卢森堡语口译实训、卢森堡语笔译实践、卢森堡文化项目实践,rysxai_major_course,,库内未命中,头部/强研究型：核心课不一定换名称，但会加深数学/理论和研究训练，重点看原典研读、语言/文本分析、学术写作、跨文化专题；样例：库内未命中该层次开设样例,库内未命中,区域重点/特色优势：核心课保持完整，通常叠加地方产业、行业场景、实验项目和专业方向模块；样例：库内未命中该层次开设样例,库内未命中,普通应用/职业供给：更强调写作、编辑、新媒体工具、教育/传播实训，课程呈现更实训化、工具化；样例：库内未命中该层次开设样例
050295T,卢旺达语,本科(普通),文学学士,四年,文学,外国语言文学类,普通语言学、非洲语言文化概论、卢旺达语、高级卢旺达语、卢旺达语语法、卢旺达文学选读、卢旺达语口语实训、汉卢翻译实践、非洲区域研究实习、综合外语,rysxai_major_course,,北京外国语大学,头部/强研究型：核心课不一定换名称，但会加深数学/理论和研究训练，重点看原典研读、语言/文本分析、学术写作、跨文化专题；样例：北京外国语大学,库内未命中,区域重点/特色优势：核心课保持完整，通常叠加地方产业、行业场景、实验项目和专业方向模块；样例：库内未命中该层次开设样例,库内未命中,普通应用/职业供给：更强调写作、编辑、新媒体工具、教育/传播实训，课程呈现更实训化、工具化；样例：库内未命中该层次开设样例
050296T,纽埃语,本科(普通),文学学士,四年,文学,外国语言文学类,语言学概论、波利尼西亚语族概论、纽埃语精读、纽埃语听力、纽埃语翻译实践、纽埃历史与文化、纽埃文化调研实习、综合外语、高级外语、外语听说,rysxai_major_course,,库内未命中,头部/强研究型：核心课不一定换名称，但会加深数学/理论和研究训练，重点看原典研读、语言/文本分析、学术写作、跨文化专题；样例：库内未命中该层次开设样例,库内未命中,区域重点/特色优势：核心课保持完整，通常叠加地方产业、行业场景、实验项目和专业方向模块；样例：库内未命中该层次开设样例,库内未命中,普通应用/职业供给：更强调写作、编辑、新媒体工具、教育/传播实训，课程呈现更实训化、工具化；样例：库内未命中该层次开设样例
050297T,皮金语,本科(普通),文学学士,四年,文学,外国语言文学类,大学英语、计算机应用基础、语言学概论、普通语音学、社会语言学、皮金语与克里奥尔语研究、语言接触与混合语言理论、皮金语田野调查实训、语言数据采集与分析、综合外语,rysxai_major_course,,库内未命中,头部/强研究型：核心课不一定换名称，但会加深数学/理论和研究训练，重点看原典研读、语言/文本分析、学术写作、跨文化专题；样例：库内未命中该层次开设样例,库内未命中,区域重点/特色优势：核心课保持完整，通常叠加地方产业、行业场景、实验项目和专业方向模块；样例：库内未命中该层次开设样例,库内未命中,普通应用/职业供给：更强调写作、编辑、新媒体工具、教育/传播实训，课程呈现更实训化、工具化；样例：库内未命中该层次开设样例
050298T,切瓦语,本科(普通),文学学士,四年,文学,外国语言文学类,切瓦语语音、切瓦语语法、普通语言学、切瓦族文化概论、切瓦语听说、切瓦语翻译理论与实践、切瓦语口语实训、切瓦语翻译实习、切瓦族文化调研、综合外语,rysxai_major_course,,库内未命中,头部/强研究型：核心课不一定换名称，但会加深数学/理论和研究训练，重点看原典研读、语言/文本分析、学术写作、跨文化专题；样例：库内未命中该层次开设样例,库内未命中,区域重点/特色优势：核心课保持完整，通常叠加地方产业、行业场景、实验项目和专业方向模块；样例：库内未命中该层次开设样例,库内未命中,普通应用/职业供给：更强调写作、编辑、新媒体工具、教育/传播实训，课程呈现更实训化、工具化；样例：库内未命中该层次开设样例
050299T,塞苏陀语,本科(普通),文学学士,四年,文学,外国语言文学类,塞苏陀语、塞苏陀语语音、塞苏陀语语法、高级塞苏陀语、塞苏陀语视听说、塞苏陀语国家文化、塞苏陀语口语实训、塞苏陀语翻译实践、塞苏陀语文学作品选读实践、综合外语,rysxai_major_course,,库内未命中,头部/强研究型：核心课不一定换名称，但会加深数学/理论和研究训练，重点看原典研读、语言/文本分析、学术写作、跨文化专题；样例：库内未命中该层次开设样例,库内未命中,区域重点/特色优势：核心课保持完整，通常叠加地方产业、行业场景、实验项目和专业方向模块；样例：库内未命中该层次开设样例,库内未命中,普通应用/职业供给：更强调写作、编辑、新媒体工具、教育/传播实训，课程呈现更实训化、工具化；样例：库内未命中该层次开设样例
050302,广播电视学,本科(普通),文学学士,四年,文学,新闻传播学类,传播学概论、新闻学概论、广播电视学概论、视听语言、新闻评论、影视编导、新闻采访与写作、新闻编辑、媒体经营管理、新媒体传播,rysxai_major_course,,北京大学、复旦大学、南京大学、武汉大学、华中科技大学,头部/强研究型：核心课不一定换名称，但会加深数学/理论和研究训练，重点看原典研读、语言/文本分析、学术写作、跨文化专题；样例：北京大学、复旦大学、南京大学、武汉大学、华中科技大学,西交利物浦大学、广州大学、上海师范大学、江西师范大学、河北大学,区域重点/特色优势：核心课保持完整，通常叠加地方产业、行业场景、实验项目和专业方向模块；样例：西交利物浦大学、广州大学、上海师范大学、江西师范大学、河北大学,商丘师范学院、渭南师范学院、巢湖学院、山东青年政治学院、山东女子学院,普通应用/职业供给：更强调写作、编辑、新媒体工具、教育/传播实训，课程呈现更实训化、工具化；样例：商丘师范学院、渭南师范学院、巢湖学院、山东青年政治学院、山东女子学院
050303,广告学,本科(普通),文学学士,四年,文学,新闻传播学类,广告学、传播学概论、大众传播学概论、传媒发展史、心理学原理、市场营销学、广告史、广告文化学、广告策划、广告文案,rysxai_major_course,,北京大学、复旦大学、南京大学、武汉大学、华中科技大学,头部/强研究型：核心课不一定换名称，但会加深数学/理论和研究训练，重点看原典研读、语言/文本分析、学术写作、跨文化专题；样例：北京大学、复旦大学、南京大学、武汉大学、华中科技大学,浙江工商大学、上海理工大学、首都经济贸易大学、湖北大学、上海师范大学,区域重点/特色优势：核心课保持完整，通常叠加地方产业、行业场景、实验项目和专业方向模块；样例：浙江工商大学、上海理工大学、首都经济贸易大学、湖北大学、上海师范大学,重庆第二师范学院、宿迁学院、福建技术师范学院、巢湖学院、淮南师范学院,普通应用/职业供给：更强调写作、编辑、新媒体工具、教育/传播实训，课程呈现更实训化、工具化；样例：重庆第二师范学院、宿迁学院、福建技术师范学院、巢湖学院、淮南师范学院
050304,传播学,本科(普通),文学学士,四年,文学,新闻传播学类,传播学理论、新闻学概论、中外传播史、西方新闻传播史、大众传播史、传播学经典导读、西方传播学名著选读、舆论学、政治传播、影视传播学,rysxai_major_course,,浙江大学、上海交通大学、复旦大学、武汉大学、华中科技大学,头部/强研究型：核心课不一定换名称，但会加深数学/理论和研究训练，重点看原典研读、语言/文本分析、学术写作、跨文化专题；样例：浙江大学、上海交通大学、复旦大学、武汉大学、华中科技大学,西交利物浦大学、上海理工大学、昆明理工大学、浙江理工大学、首都经济贸易大学,区域重点/特色优势：核心课保持完整，通常叠加地方产业、行业场景、实验项目和专业方向模块；样例：西交利物浦大学、上海理工大学、昆明理工大学、浙江理工大学、首都经济贸易大学,广西职业师范学院、桂林旅游学院、绍兴理工学院、山西传媒学院、西南财经大学天府学院,普通应用/职业供给：更强调写作、编辑、新媒体工具、教育/传播实训，课程呈现更实训化、工具化；样例：广西职业师范学院、桂林旅游学院、绍兴理工学院、山西传媒学院、西南财经大学天府学院
050305,编辑出版学,本科(普通),文学学士,四年,文学,新闻传播学类,图书与文献学、中外编辑出版史、新闻学基础、图书策划、选题设计与宣传策划、图书编辑出版实务、报刊编辑出版实务、期刊编辑学、书报校勘学、多媒体素材与制作,rysxai_major_course,,南京大学、武汉大学、四川大学、南开大学、华东师范大学,头部/强研究型：核心课不一定换名称，但会加深数学/理论和研究训练，重点看原典研读、语言/文本分析、学术写作、跨文化专题；样例：南京大学、武汉大学、四川大学、南开大学、华东师范大学,上海理工大学、湖北大学、上海师范大学、河北大学、青岛科技大学,区域重点/特色优势：核心课保持完整，通常叠加地方产业、行业场景、实验项目和专业方向模块；样例：上海理工大学、湖北大学、上海师范大学、河北大学、青岛科技大学,辽宁传媒学院,普通应用/职业供给：更强调写作、编辑、新媒体工具、教育/传播实训，课程呈现更实训化、工具化；样例：辽宁传媒学院
050306T,网络与新媒体,本科(普通),文学学士,四年,文学,新闻传播学类,传播学概论、新闻学概论、新闻传播概论、中国新闻史、马克思主义新闻思想、新闻传播伦理与法规、新媒体概论、网络与新媒体概论、广播电视概论、摄像与音视频编辑,rysxai_major_course,,中国科学技术大学、西安交通大学、四川大学、南开大学、兰州大学,头部/强研究型：核心课不一定换名称，但会加深数学/理论和研究训练，重点看原典研读、语言/文本分析、学术写作、跨文化专题；样例：中国科学技术大学、西安交通大学、四川大学、南开大学、兰州大学,浙江工商大学、山东师范大学、广州大学、北京电影学院、北京语言大学,区域重点/特色优势：核心课保持完整，通常叠加地方产业、行业场景、实验项目和专业方向模块；样例：浙江工商大学、山东师范大学、广州大学、北京电影学院、北京语言大学,周口师范学院、湘南学院、商丘师范学院、重庆第二师范学院、黄淮学院,普通应用/职业供给：更强调写作、编辑、新媒体工具、教育/传播实训，课程呈现更实训化、工具化；样例：周口师范学院、湘南学院、商丘师范学院、重庆第二师范学院、黄淮学院
050307T,数字出版,本科(普通),文学学士,四年,文学,新闻传播学类,出版学基础、传播学原理、数字媒体技术基础、数字内容编辑、数字出版技术、网络与新媒体运营、数字出版项目实训、电子出版物制作、数字内容可视化实践、新闻学概论,rysxai_major_course,,中南大学、中国传媒大学,头部/强研究型：核心课不一定换名称，但会加深数学/理论和研究训练，重点看原典研读、语言/文本分析、学术写作、跨文化专题；样例：中南大学、中国传媒大学,华侨大学、西北师范大学、深圳职业技术大学、北京印刷学院、闽南师范大学,区域重点/特色优势：核心课保持完整，通常叠加地方产业、行业场景、实验项目和专业方向模块；样例：华侨大学、西北师范大学、深圳职业技术大学、北京印刷学院、闽南师范大学,兰州文理学院、绥化学院、山西传媒学院、桂林学院、西安外事学院,普通应用/职业供给：更强调写作、编辑、新媒体工具、教育/传播实训，课程呈现更实训化、工具化；样例：兰州文理学院、绥化学院、山西传媒学院、桂林学院、西安外事学院
050308T,时尚传播,本科(普通),文学学士,四年,文学,新闻传播学类,传播学原理、时尚概论、时尚品牌传播、时尚编辑与策划、时尚活动策划实训、数字时尚内容创作实践、新闻学概论、传播学概论、新闻采访与写作、新闻编辑,rysxai_major_course,,上海大学,头部/强研究型：核心课不一定换名称，但会加深数学/理论和研究训练，重点看原典研读、语言/文本分析、学术写作、跨文化专题；样例：上海大学,郑州师范学院、浙江越秀外国语学院、上海杉达学院、三亚学院,区域重点/特色优势：核心课保持完整，通常叠加地方产业、行业场景、实验项目和专业方向模块；样例：郑州师范学院、浙江越秀外国语学院、上海杉达学院、三亚学院,重庆第二师范学院、湖南女子学院、中原科技学院、郑州西亚斯学院、温州商学院,普通应用/职业供给：更强调写作、编辑、新媒体工具、教育/传播实训，课程呈现更实训化、工具化；样例：重庆第二师范学院、湖南女子学院、中原科技学院、郑州西亚斯学院、温州商学院
050309T,国际新闻与传播,本科(普通),文学学士,四年,文学,新闻传播学类,大学英语、传播学概论、新闻学概论、国际传播理论、国际新闻采写、跨文化传播、国际传播实务、国际新闻实务实训、跨文化传播项目实践、国际舆情分析实验,rysxai_major_course,,中国人民大学、山东大学、厦门大学、北京交通大学、暨南大学,头部/强研究型：核心课不一定换名称，但会加深数学/理论和研究训练，重点看原典研读、语言/文本分析、学术写作、跨文化专题；样例：中国人民大学、山东大学、厦门大学、北京交通大学、暨南大学,汕头大学、海南师范大学、浙江传媒学院、四川外国语大学、西安外国语大学,区域重点/特色优势：核心课保持完整，通常叠加地方产业、行业场景、实验项目和专业方向模块；样例：汕头大学、海南师范大学、浙江传媒学院、四川外国语大学、西安外国语大学,山东管理学院、广东外语外贸大学南国商学院、成都外国语学院、重庆外语外事学院、武汉传媒学院,普通应用/职业供给：更强调写作、编辑、新媒体工具、教育/传播实训，课程呈现更实训化、工具化；样例：山东管理学院、广东外语外贸大学南国商学院、成都外国语学院、重庆外语外事学院、武汉传媒学院
050310T,会展,本科(普通),"文学学士,管理学学士",四年,文学,新闻传播学类,会展概论、管理学原理、传播学概论、市场营销学、会展策划与管理、会展设计与布置、会展项目管理、会展策划实训、会展现场管理实践、会展项目综合实训,rysxai_major_course,,上海大学,头部/强研究型：核心课不一定换名称，但会加深数学/理论和研究训练，重点看原典研读、语言/文本分析、学术写作、跨文化专题；样例：上海大学,北京石油化工学院,区域重点/特色优势：核心课保持完整，通常叠加地方产业、行业场景、实验项目和专业方向模块；样例：北京石油化工学院,福建商学院,普通应用/职业供给：更强调写作、编辑、新媒体工具、教育/传播实训，课程呈现更实训化、工具化；样例：福建商学院
060101,历史学,本科(普通),历史学学士,四年,历史学,历史学类,中国通史、世界通史、中国古代史、中国近现代史、世界古代史、世界近现代史、史学概论、史学理论与方法、史料学、历史文献学,rysxai_major_course,,清华大学、北京大学、浙江大学、复旦大学、南京大学,头部/强研究型：核心课不一定换名称，但会加深数学/理论和研究训练，重点看理论深度、科研训练、交叉前沿、学术写作；样例：清华大学、北京大学、浙江大学、复旦大学、南京大学,浙江工商大学、山东师范大学、广州大学、青岛大学、杭州师范大学,区域重点/特色优势：核心课保持完整，通常叠加地方产业、行业场景、实验项目和专业方向模块；样例：浙江工商大学、山东师范大学、广州大学、青岛大学、杭州师范大学,周口师范学院、许昌学院、江苏第二师范学院、六盘水师范学院、商丘师范学院,普通应用/职业供给：更强调岗位技能、项目实训、证书衔接、综合实践，课程呈现更实训化、工具化；样例：周口师范学院、许昌学院、江苏第二师范学院、六盘水师范学院、商丘师范学院
060102,世界史,本科(普通),历史学学士,四年,历史学,历史学类,世界古代史、世界近代史、世界现代史、世界当代史、中国通史、中国古代史、中国近现代史、世界近现代史、史学概论、史料学,rysxai_major_course,,北京大学、武汉大学、中国人民大学、南开大学、兰州大学,头部/强研究型：核心课不一定换名称，但会加深数学/理论和研究训练，重点看理论深度、科研训练、交叉前沿、学术写作；样例：北京大学、武汉大学、中国人民大学、南开大学、兰州大学,山东师范大学、上海师范大学、河北大学、安徽师范大学、天津师范大学,区域重点/特色优势：核心课保持完整，通常叠加地方产业、行业场景、实验项目和专业方向模块；样例：山东师范大学、上海师范大学、河北大学、安徽师范大学、天津师范大学,库内未命中,普通应用/职业供给：更强调岗位技能、项目实训、证书衔接、综合实践，课程呈现更实训化、工具化；样例：库内未命中该层次开设样例
060103,考古学,本科(普通),历史学学士,四年,历史学,历史学类,考古学史、考古学概论、田野考古概论、中国考古学、外国考古学史、记录、分析、解读文物、遗址的技术、考古测量与GIS,rysxai_major_course,,北京大学、浙江大学、南京大学、武汉大学、中山大学,头部/强研究型：核心课不一定换名称，但会加深数学/理论和研究训练，重点看理论深度、科研训练、交叉前沿、学术写作；样例：北京大学、浙江大学、南京大学、武汉大学、中山大学,湖北大学、黑龙江大学、河南师范大学、河南科技大学、河北师范大学,区域重点/特色优势：核心课保持完整，通常叠加地方产业、行业场景、实验项目和专业方向模块；样例：湖北大学、黑龙江大学、河南师范大学、河南科技大学、河北师范大学,库内未命中,普通应用/职业供给：更强调岗位技能、项目实训、证书衔接、综合实践，课程呈现更实训化、工具化；样例：库内未命中该层次开设样例
060104,文物与博物馆学,本科(普通),历史学学士,四年,历史学,历史学类,中国古代史、中国近现代史、世界古代史、世界近现代史、史学概论、史料学、历史文献学、考古学概论,category_template,rysxai课程文本未抽出课程名,北京大学、浙江大学、复旦大学、四川大学、吉林大学,头部/强研究型：核心课不一定换名称，但会加深数学/理论和研究训练，重点看理论深度、科研训练、交叉前沿、学术写作；样例：北京大学、浙江大学、复旦大学、四川大学、吉林大学,湖北大学、江西师范大学、中南民族大学、天津师范大学、辽宁师范大学,区域重点/特色优势：核心课保持完整，通常叠加地方产业、行业场景、实验项目和专业方向模块；样例：湖北大学、江西师范大学、中南民族大学、天津师范大学、辽宁师范大学,通化师范学院、保定学院、景德镇学院、沧州师范学院、菏泽学院,普通应用/职业供给：更强调岗位技能、项目实训、证书衔接、综合实践，课程呈现更实训化、工具化；样例：通化师范学院、保定学院、景德镇学院、沧州师范学院、菏泽学院
060105T,文物保护技术,本科(普通),历史学学士,四年,历史学,历史学类,文物学概论、考古学通论、材料科学基础、无机化学、有机化学、文物修复技术、文物检测技术、文物保存环境学、壁画保护与修复、文物修复实训,rysxai_major_course,,北京大学、西北大学,头部/强研究型：核心课不一定换名称，但会加深数学/理论和研究训练，重点看理论深度、科研训练、交叉前沿、学术写作；样例：北京大学、西北大学,哈尔滨师范大学、西北民族大学、景德镇陶瓷大学、天水师范大学、山西大同大学,区域重点/特色优势：核心课保持完整，通常叠加地方产业、行业场景、实验项目和专业方向模块；样例：哈尔滨师范大学、西北民族大学、景德镇陶瓷大学、天水师范大学、山西大同大学,山西电子科技学院,普通应用/职业供给：更强调岗位技能、项目实训、证书衔接、综合实践，课程呈现更实训化、工具化；样例：山西电子科技学院
060106T,外国语言与外国历史,本科(普通),"文学学士,历史学学士",四年,历史学,历史学类,外国历史概论、语言学概论、世界文明史、英美历史与文化、德语国家历史与语言、跨文化交际、外语口语实训、历史文献翻译实践、国外文化调研、中国古代史,rysxai_major_course,,北京大学、北京外国语大学、上海科技大学,头部/强研究型：核心课不一定换名称，但会加深数学/理论和研究训练，重点看理论深度、科研训练、交叉前沿、学术写作；样例：北京大学、北京外国语大学、上海科技大学,河北师范大学,区域重点/特色优势：核心课保持完整，通常叠加地方产业、行业场景、实验项目和专业方向模块；样例：河北师范大学,库内未命中,普通应用/职业供给：更强调岗位技能、项目实训、证书衔接、综合实践，课程呈现更实训化、工具化；样例：库内未命中该层次开设样例
060107T,文化遗产,本科(普通),历史学学士,四年,历史学,历史学类,文化遗产概论、考古学通论、文化遗产保护技术、文化遗产管理、文化遗产田野调查、博物馆陈列设计实训、中国古代史、中国近现代史、世界古代史、世界近现代史,rysxai_major_course,,南京农业大学、首都师范大学,头部/强研究型：核心课不一定换名称，但会加深数学/理论和研究训练，重点看理论深度、科研训练、交叉前沿、学术写作；样例：南京农业大学、首都师范大学,湖北大学、重庆文理学院、景德镇陶瓷大学、淮北师范大学、嘉应学院,区域重点/特色优势：核心课保持完整，通常叠加地方产业、行业场景、实验项目和专业方向模块；样例：湖北大学、重庆文理学院、景德镇陶瓷大学、淮北师范大学、嘉应学院,洛阳理工学院、齐鲁师范学院、安顺学院、长治学院、忻州师范学院,普通应用/职业供给：更强调岗位技能、项目实训、证书衔接、综合实践，课程呈现更实训化、工具化；样例：洛阳理工学院、齐鲁师范学院、安顺学院、长治学院、忻州师范学院
060108T,古文字学,本科(普通),历史学学士,四年,历史学,历史学类,文字学概论、古代汉语、中国通史、考古学通论、甲骨文研究、金文研究、战国文字研究、简帛文字研究、古文字临摹与拓片制作、出土文献释读实践,rysxai_major_course,,吉林大学,头部/强研究型：核心课不一定换名称，但会加深数学/理论和研究训练，重点看理论深度、科研训练、交叉前沿、学术写作；样例：吉林大学,库内未命中,区域重点/特色优势：核心课保持完整，通常叠加地方产业、行业场景、实验项目和专业方向模块；样例：库内未命中该层次开设样例,库内未命中,普通应用/职业供给：更强调岗位技能、项目实训、证书衔接、综合实践，课程呈现更实训化、工具化；样例：库内未命中该层次开设样例
060109T,科学史,本科(普通),历史学学士,四年,历史学,历史学类,科学通史、中国科技史、近代科学革命史、科学哲学、科学史文献研读、科普实践、中国古代史、中国近现代史、世界古代史、世界近现代史,rysxai_major_course,,库内未命中,头部/强研究型：核心课不一定换名称，但会加深数学/理论和研究训练，重点看理论深度、科研训练、交叉前沿、学术写作；样例：库内未命中该层次开设样例,库内未命中,区域重点/特色优势：核心课保持完整，通常叠加地方产业、行业场景、实验项目和专业方向模块；样例：库内未命中该层次开设样例,库内未命中,普通应用/职业供给：更强调岗位技能、项目实训、证书衔接、综合实践，课程呈现更实训化、工具化；样例：库内未命中该层次开设样例
070102,信息与计算科学,本科(普通),理学学士,四年,理学,数学类,数学分析、高等代数、空间解析几何、常微分方程、复变函数论、概率论与数理统计、离散数学、数值分析、微分方程数值解、数值代数,rysxai_major_course,,清华大学、北京大学、浙江大学、复旦大学、南京大学,头部/强研究型：核心课不一定换名称，但会加深数学/理论和研究训练，重点看数学建模、科研方法、前沿专题、文献研读；样例：清华大学、北京大学、浙江大学、复旦大学、南京大学,江西财经大学、西交利物浦大学、广州大学、深圳北理莫斯科大学、燕山大学,区域重点/特色优势：核心课保持完整，通常叠加地方产业、行业场景、实验项目和专业方向模块；样例：江西财经大学、西交利物浦大学、广州大学、深圳北理莫斯科大学、燕山大学,周口师范学院、湘南学院、重庆第二师范学院、黄淮学院、怀化学院,普通应用/职业供给：更强调实验操作、数据处理、应用软件、毕业实训，课程呈现更实训化、工具化；样例：周口师范学院、湘南学院、重庆第二师范学院、黄淮学院、怀化学院
070103T,数理基础科学,本科(普通),理学学士,四年,理学,数学类,数学分析、高等代数、解析几何、概率论、数理统计、常微分方程、复变函数、数学建模,category_template,rysxai课程文本未抽出课程名,清华大学、大连理工大学、电子科技大学、大连理工大学(盘锦校区)、云南大学,头部/强研究型：核心课不一定换名称，但会加深数学/理论和研究训练，重点看数学建模、科研方法、前沿专题、文献研读；样例：清华大学、大连理工大学、电子科技大学、大连理工大学(盘锦校区)、云南大学,深圳北理莫斯科大学、广西民族大学,区域重点/特色优势：核心课保持完整，通常叠加地方产业、行业场景、实验项目和专业方向模块；样例：深圳北理莫斯科大学、广西民族大学,库内未命中,普通应用/职业供给：更强调实验操作、数据处理、应用软件、毕业实训，课程呈现更实训化、工具化；样例：库内未命中该层次开设样例
070104T,数据计算及应用,本科(普通),理学学士,四年,理学,数学类,高等数学、数学分析、线性代数、概率论与数理统计、Python程序设计、数值计算方法、数据结构与算法、机器学习与数据挖掘、大数据计算框架、数值计算实验,rysxai_major_course,,中国人民大学、中国地质大学(北京)、广西大学、江苏大学,头部/强研究型：核心课不一定换名称，但会加深数学/理论和研究训练，重点看数学建模、科研方法、前沿专题、文献研读；样例：中国人民大学、中国地质大学(北京)、广西大学、江苏大学,重庆邮电大学、齐鲁工业大学、武汉纺织大学、天津师范大学、河北师范大学,区域重点/特色优势：核心课保持完整，通常叠加地方产业、行业场景、实验项目和专业方向模块；样例：重庆邮电大学、齐鲁工业大学、武汉纺织大学、天津师范大学、河北师范大学,齐鲁师范学院、福建技术师范学院、山东女子学院、哈尔滨金融学院、太原学院,普通应用/职业供给：更强调实验操作、数据处理、应用软件、毕业实训，课程呈现更实训化、工具化；样例：齐鲁师范学院、福建技术师范学院、山东女子学院、哈尔滨金融学院、太原学院
070202,应用物理学,本科(普通),理学学士,四年,理学,物理学类,应用物理学专业导论、高等数学实验、C语言、Matlab及其在物理学中的应用、数字信号处理技术、理论力学、电动力学、量子力学、热力学与统计物理、数学物理方法,rysxai_major_course,,北京大学、南京大学、中国科学技术大学、华中科技大学、西安交通大学,头部/强研究型：核心课不一定换名称，但会加深数学/理论和研究训练，重点看数学建模、科研方法、前沿专题、文献研读；样例：北京大学、南京大学、中国科学技术大学、华中科技大学、西安交通大学,上海理工大学、青岛大学、燕山大学、西安理工大学、浙江理工大学,区域重点/特色优势：核心课保持完整，通常叠加地方产业、行业场景、实验项目和专业方向模块；样例：上海理工大学、青岛大学、燕山大学、西安理工大学、浙江理工大学,贵州理工学院、六盘水师范学院、河南工程学院、湖南工学院、安阳工学院,普通应用/职业供给：更强调实验操作、数据处理、应用软件、毕业实训，课程呈现更实训化、工具化；样例：贵州理工学院、六盘水师范学院、河南工程学院、湖南工学院、安阳工学院
070203,核物理,本科(普通),理学学士,四年,理学,物理学类,高等数学、大学物理、理论力学、电动力学、量子力学、核物理导论、原子核结构、核反应理论、辐射探测与测量、核物理实验,rysxai_major_course,,北京大学、北京航空航天大学、四川大学,头部/强研究型：核心课不一定换名称，但会加深数学/理论和研究训练，重点看数学建模、科研方法、前沿专题、文献研读；样例：北京大学、北京航空航天大学、四川大学,南华大学,区域重点/特色优势：核心课保持完整，通常叠加地方产业、行业场景、实验项目和专业方向模块；样例：南华大学,库内未命中,普通应用/职业供给：更强调实验操作、数据处理、应用软件、毕业实训，课程呈现更实训化、工具化；样例：库内未命中该层次开设样例
070204T,声学,本科(普通),理学学士,四年,理学,物理学类,力学、热学、电磁学、光学、原子物理、理论力学、量子力学、普通物理实验,category_template,rysxai课程文本未抽出课程名,南京大学、中国海洋大学,头部/强研究型：核心课不一定换名称，但会加深数学/理论和研究训练，重点看数学建模、科研方法、前沿专题、文献研读；样例：南京大学、中国海洋大学,中国计量大学、安徽建筑大学,区域重点/特色优势：核心课保持完整，通常叠加地方产业、行业场景、实验项目和专业方向模块；样例：中国计量大学、安徽建筑大学,库内未命中,普通应用/职业供给：更强调实验操作、数据处理、应用软件、毕业实训，课程呈现更实训化、工具化；样例：库内未命中该层次开设样例
070205T,系统科学与工程,本科(普通),理学学士,四年,理学,物理学类,高等数学、大学物理、概率论与数理统计、线性代数、系统科学导论、控制论基础、系统建模与仿真、系统分析与评价、复杂系统理论、系统工程案例实训,rysxai_major_course,,北京师范大学、北京师范大学(珠海校区)、北京交通大学,头部/强研究型：核心课不一定换名称，但会加深数学/理论和研究训练，重点看数学建模、科研方法、前沿专题、文献研读；样例：北京师范大学、北京师范大学(珠海校区)、北京交通大学,上海理工大学、玉林师范学院,区域重点/特色优势：核心课保持完整，通常叠加地方产业、行业场景、实验项目和专业方向模块；样例：上海理工大学、玉林师范学院,库内未命中,普通应用/职业供给：更强调实验操作、数据处理、应用软件、毕业实训，课程呈现更实训化、工具化；样例：库内未命中该层次开设样例
070206T,量子信息科学,本科(普通),理学学士,四年,理学,物理学类,高等数学、大学物理、线性代数、概率论与数理统计、量子力学、经典信息论、量子信息论、量子计算导论、量子通信原理、量子实验技术,rysxai_major_course,,中国科学技术大学、国防科技大学、北京理工大学、湖南大学、西安电子科技大学,头部/强研究型：核心课不一定换名称，但会加深数学/理论和研究训练，重点看数学建模、科研方法、前沿专题、文献研读；样例：中国科学技术大学、国防科技大学、北京理工大学、湖南大学、西安电子科技大学,湖北大学、陕西科技大学、长江大学、郑州轻工业大学、湖南工商大学,区域重点/特色优势：核心课保持完整，通常叠加地方产业、行业场景、实验项目和专业方向模块；样例：湖北大学、陕西科技大学、长江大学、郑州轻工业大学、湖南工商大学,库内未命中,普通应用/职业供给：更强调实验操作、数据处理、应用软件、毕业实训，课程呈现更实训化、工具化；样例：库内未命中该层次开设样例
070302,应用化学,本科(普通),"理学学士,工学学士",四年,理学,化学类,无机化学、有机化学、有机化学反应机理、物理化学、中级物理化学、分析化学、高等分析化学、结构化学基础/结构化学、仪器分析化学/仪器分析、当代化学,rysxai_major_course,,北京大学、复旦大学、南京大学、武汉大学、华中科技大学,头部/强研究型：核心课不一定换名称，但会加深数学/理论和研究训练，重点看数学建模、科研方法、前沿专题、文献研读；样例：北京大学、复旦大学、南京大学、武汉大学、华中科技大学,西交利物浦大学、上海理工大学、青岛大学、燕山大学、昆明理工大学,区域重点/特色优势：核心课保持完整，通常叠加地方产业、行业场景、实验项目和专业方向模块；样例：西交利物浦大学、上海理工大学、青岛大学、燕山大学、昆明理工大学,洛阳理工学院、周口师范学院、湘南学院、许昌学院、江苏第二师范学院,普通应用/职业供给：更强调实验操作、数据处理、应用软件、毕业实训，课程呈现更实训化、工具化；样例：洛阳理工学院、周口师范学院、湘南学院、许昌学院、江苏第二师范学院
070303T,化学生物学,本科(普通),理学学士,四年,理学,化学类,生物大分子结构、药物作用原理、病毒与蛋白质结构、药物药理学导论、生物化学基础实验、化学生物学实验、无机化学、有机化学、分析化学、物理化学,rysxai_major_course,,清华大学、北京大学、上海交通大学、南开大学、厦门大学,头部/强研究型：核心课不一定换名称，但会加深数学/理论和研究训练，重点看数学建模、科研方法、前沿专题、文献研读；样例：清华大学、北京大学、上海交通大学、南开大学、厦门大学,湖北大学、安徽医科大学、河北大学、长沙理工大学、河南农业大学,区域重点/特色优势：核心课保持完整，通常叠加地方产业、行业场景、实验项目和专业方向模块；样例：湖北大学、安徽医科大学、河北大学、长沙理工大学、河南农业大学,长治学院,普通应用/职业供给：更强调实验操作、数据处理、应用软件、毕业实训，课程呈现更实训化、工具化；样例：长治学院
070304T,分子科学与工程,本科(普通),理学学士,四年,理学,化学类,合成化学导论、分子结构与性质、材料物理与化学、化工热力学、胶体与表面化学、高分子化学、分子设计与产品工程、分子识别与组装、功能配合物化学、功能材料物理性能,rysxai_major_course,,北京航空航天大学、天津大学、南开大学、西北工业大学、南京邮电大学,头部/强研究型：核心课不一定换名称，但会加深数学/理论和研究训练，重点看数学建模、科研方法、前沿专题、文献研读；样例：北京航空航天大学、天津大学、南开大学、西北工业大学、南京邮电大学,库内未命中,区域重点/特色优势：核心课保持完整，通常叠加地方产业、行业场景、实验项目和专业方向模块；样例：库内未命中该层次开设样例,库内未命中,普通应用/职业供给：更强调实验操作、数据处理、应用软件、毕业实训，课程呈现更实训化、工具化；样例：库内未命中该层次开设样例
070305T,能源化学,本科(普通),理学学士,四年,理学,化学类,高等数学、大学物理、无机化学、有机化学、物理化学、能源化学、能源材料、煤化学、能源化学实验、化工原理实验,rysxai_major_course,,复旦大学、厦门大学、北京化工大学、河南大学、湘潭大学,头部/强研究型：核心课不一定换名称，但会加深数学/理论和研究训练，重点看数学建模、科研方法、前沿专题、文献研读；样例：复旦大学、厦门大学、北京化工大学、河南大学、湘潭大学,温州大学、青岛科技大学、河南科技大学、山西师范大学、聊城大学,区域重点/特色优势：核心课保持完整，通常叠加地方产业、行业场景、实验项目和专业方向模块；样例：温州大学、青岛科技大学、河南科技大学、山西师范大学、聊城大学,山西电子科技学院,普通应用/职业供给：更强调实验操作、数据处理、应用软件、毕业实训，课程呈现更实训化、工具化；样例：山西电子科技学院
070306T,化学测量学与技术,本科(普通),理学学士,四年,理学,化学类,分析化学、仪器分析、物理化学、化学测量技术、现代分析仪器原理与维护、化学计量学、分析仪器操作实训、化学测量综合实验、工业产品检测实训、无机化学,rysxai_major_course,,厦门大学,头部/强研究型：核心课不一定换名称，但会加深数学/理论和研究训练，重点看数学建模、科研方法、前沿专题、文献研读；样例：厦门大学,临沂大学、吉林化工大学,区域重点/特色优势：核心课保持完整，通常叠加地方产业、行业场景、实验项目和专业方向模块；样例：临沂大学、吉林化工大学,香港高等教育科技学院,普通应用/职业供给：更强调实验操作、数据处理、应用软件、毕业实训，课程呈现更实训化、工具化；样例：香港高等教育科技学院
070307T,资源化学,本科(普通),理学学士,四年,理学,化学类,无机化学、有机化学、分析化学、物理化学、资源化学、资源加工工艺学、资源循环利用技术、矿产资源化学、资源分析实验、资源加工工艺实训,rysxai_major_course,,北京化工大学,头部/强研究型：核心课不一定换名称，但会加深数学/理论和研究训练，重点看数学建模、科研方法、前沿专题、文献研读；样例：北京化工大学,库内未命中,区域重点/特色优势：核心课保持完整，通常叠加地方产业、行业场景、实验项目和专业方向模块；样例：库内未命中该层次开设样例,库内未命中,普通应用/职业供给：更强调实验操作、数据处理、应用软件、毕业实训，课程呈现更实训化、工具化；样例：库内未命中该层次开设样例
070401,天文学,本科(普通),理学学士,四年,理学,天文学类,天文学、平衡态统计物理、广义相对论、量子场论、理论天体物理、天体物理、天文技术与方法、高等数学、线性代数、概率论与数理统计,rysxai_major_course,,清华大学、北京大学、上海交通大学、南京大学、中国科学技术大学,头部/强研究型：核心课不一定换名称，但会加深数学/理论和研究训练，重点看数学建模、科研方法、前沿专题、文献研读；样例：清华大学、北京大学、上海交通大学、南京大学、中国科学技术大学,广州大学、贵州师范大学、西华师范大学、黔南民族师范学院,区域重点/特色优势：核心课保持完整，通常叠加地方产业、行业场景、实验项目和专业方向模块；样例：广州大学、贵州师范大学、西华师范大学、黔南民族师范学院,齐鲁师范学院,普通应用/职业供给：更强调实验操作、数据处理、应用软件、毕业实训，课程呈现更实训化、工具化；样例：齐鲁师范学院
070501,地理科学,本科(普通),理学学士,四年,理学,地理科学类,地球概论、自然地理学、土壤地理学、生态学、地图学、空间统计与运筹、普通地理野外实习、地貌学野外实习、土壤地理学野外实习、生物地理学野外实习,rysxai_major_course,,南京大学、武汉大学、北京师范大学、天津大学、华东师范大学,头部/强研究型：核心课不一定换名称，但会加深数学/理论和研究训练，重点看数学建模、科研方法、前沿专题、文献研读；样例：南京大学、武汉大学、北京师范大学、天津大学、华东师范大学,山东师范大学、广州大学、青岛大学、湖北大学、上海师范大学,区域重点/特色优势：核心课保持完整，通常叠加地方产业、行业场景、实验项目和专业方向模块；样例：山东师范大学、广州大学、青岛大学、湖北大学、上海师范大学,许昌学院、江苏第二师范学院、六盘水师范学院、商丘师范学院、南昌师范学院,普通应用/职业供给：更强调实验操作、数据处理、应用软件、毕业实训，课程呈现更实训化、工具化；样例：许昌学院、江苏第二师范学院、六盘水师范学院、商丘师范学院、南昌师范学院
070502,自然地理与资源环境,本科(普通),"理学学士,管理学学士",四年,理学,地理科学类,自然地理学导论、地质学、水文学、自然资源学、GIS概论、遥感导论、计量地理学、环境影响评价、土地评价与土地管理、高等数学,rysxai_major_course,,北京大学、南京大学、中山大学、北京师范大学、兰州大学,头部/强研究型：核心课不一定换名称，但会加深数学/理论和研究训练，重点看数学建模、科研方法、前沿专题、文献研读；样例：北京大学、南京大学、中山大学、北京师范大学、兰州大学,深圳北理莫斯科大学、福建农林大学、天津理工大学、西安科技大学、河南理工大学,区域重点/特色优势：核心课保持完整，通常叠加地方产业、行业场景、实验项目和专业方向模块；样例：深圳北理莫斯科大学、福建农林大学、天津理工大学、西安科技大学、河南理工大学,楚雄师范学院、邢台学院、河北师范大学汇华学院、衡阳师范学院南岳学院、广州新华学院,普通应用/职业供给：更强调实验操作、数据处理、应用软件、毕业实训，课程呈现更实训化、工具化；样例：楚雄师范学院、邢台学院、河北师范大学汇华学院、衡阳师范学院南岳学院、广州新华学院
070503,人文地理与城乡规划,本科(普通),"理学学士,管理学学士",四年,理学,地理科学类,高等数学、线性代数、概率论与数理统计、专业导论、专业核心理论、实验方法、数据分析、科研训练,category_template,rysxai课程文本未抽出课程名,北京大学、南京大学、武汉大学、中山大学、北京师范大学,头部/强研究型：核心课不一定换名称，但会加深数学/理论和研究训练，重点看数学建模、科研方法、前沿专题、文献研读；样例：北京大学、南京大学、武汉大学、中山大学、北京师范大学,广州大学、湖北大学、上海师范大学、河南农业大学、南通大学,区域重点/特色优势：核心课保持完整，通常叠加地方产业、行业场景、实验项目和专业方向模块；样例：广州大学、湖北大学、上海师范大学、河南农业大学、南通大学,贵州理工学院、江苏第二师范学院、保定学院、兴义民族师范学院、忻州师范学院,普通应用/职业供给：更强调实验操作、数据处理、应用软件、毕业实训，课程呈现更实训化、工具化；样例：贵州理工学院、江苏第二师范学院、保定学院、兴义民族师范学院、忻州师范学院
070504,地理信息科学,本科(普通),理学学士,四年,理学,地理科学类,地理信息系统概论、地图学、遥感导论、自然地理学、计量地理学、地图投影、GIS空间分析、GIS设计与开发、空间数据库、地理信息工程,rysxai_major_course,,北京大学、浙江大学、南京大学、武汉大学、中山大学,头部/强研究型：核心课不一定换名称，但会加深数学/理论和研究训练，重点看数学建模、科研方法、前沿专题、文献研读；样例：北京大学、浙江大学、南京大学、武汉大学、中山大学,山东师范大学、广州大学、昆明理工大学、杭州师范大学、湖北大学,区域重点/特色优势：核心课保持完整，通常叠加地方产业、行业场景、实验项目和专业方向模块；样例：山东师范大学、广州大学、昆明理工大学、杭州师范大学、湖北大学,浙江水利水电学院、许昌学院、江苏第二师范学院、六盘水师范学院、商丘师范学院,普通应用/职业供给：更强调实验操作、数据处理、应用软件、毕业实训，课程呈现更实训化、工具化；样例：浙江水利水电学院、许昌学院、江苏第二师范学院、六盘水师范学院、商丘师范学院
070601,大气科学,本科(普通),理学学士,四年,理学,大气科学类,大气科学概论、大气物理学、大气化学、动力气象学、气象统计原理、大气科学专业英语、天气学、大气探测学、大气辐射、大气辐射与遥感,rysxai_major_course,,北京大学、浙江大学、复旦大学、南京大学、中国科学技术大学,头部/强研究型：核心课不一定换名称，但会加深数学/理论和研究训练，重点看数学建模、科研方法、前沿专题、文献研读；样例：北京大学、浙江大学、复旦大学、南京大学、中国科学技术大学,沈阳农业大学、成都信息工程大学、山西师范大学、南宁师范大学、广东海洋大学,区域重点/特色优势：核心课保持完整，通常叠加地方产业、行业场景、实验项目和专业方向模块；样例：沈阳农业大学、成都信息工程大学、山西师范大学、南宁师范大学、广东海洋大学,库内未命中,普通应用/职业供给：更强调实验操作、数据处理、应用软件、毕业实训，课程呈现更实训化、工具化；样例：库内未命中该层次开设样例
070602,应用气象学,本科(普通),理学学士,四年,理学,大气科学类,大气科学基础、动力气象学、天气学原理、边界层气象学、热带天气学、数值天气预报、天气分析与预报、统计分析与预报、大气探测学、大气探测综合实习,rysxai_major_course,,南京大学、中山大学、中国农业大学、兰州大学、东北农业大学,头部/强研究型：核心课不一定换名称，但会加深数学/理论和研究训练，重点看数学建模、科研方法、前沿专题、文献研读；样例：南京大学、中山大学、中国农业大学、兰州大学、东北农业大学,沈阳农业大学、中国民航大学、成都信息工程大学、广东海洋大学、新疆农业大学,区域重点/特色优势：核心课保持完整，通常叠加地方产业、行业场景、实验项目和专业方向模块；样例：沈阳农业大学、中国民航大学、成都信息工程大学、广东海洋大学、新疆农业大学,库内未命中,普通应用/职业供给：更强调实验操作、数据处理、应用软件、毕业实训，课程呈现更实训化、工具化；样例：库内未命中该层次开设样例
070603T,气象技术与工程,本科(普通),"理学学士,工学学士",四年,理学,大气科学类,高等数学、大学物理、计算机应用基础、大气探测学、气象学基础、流体力学、气象仪器原理、气象数据处理与分析、气象预报技术、气象灾害监测与预警,rysxai_major_course,,国防科技大学、南京信息工程大学,头部/强研究型：核心课不一定换名称，但会加深数学/理论和研究训练，重点看数学建模、科研方法、前沿专题、文献研读；样例：国防科技大学、南京信息工程大学,成都信息工程大学,区域重点/特色优势：核心课保持完整，通常叠加地方产业、行业场景、实验项目和专业方向模块；样例：成都信息工程大学,库内未命中,普通应用/职业供给：更强调实验操作、数据处理、应用软件、毕业实训，课程呈现更实训化、工具化；样例：库内未命中该层次开设样例
070604T,地球系统科学,本科(普通),理学学士,四年,理学,大气科学类,地球系统概论、普通地质学、大气科学导论、地球系统建模、全球变化科学、地球系统观测技术、野外地质实习、遥感与GIS应用实训、地球系统模拟实验、高等数学,rysxai_major_course,,清华大学、香港大学,头部/强研究型：核心课不一定换名称，但会加深数学/理论和研究训练，重点看数学建模、科研方法、前沿专题、文献研读；样例：清华大学、香港大学,库内未命中,区域重点/特色优势：核心课保持完整，通常叠加地方产业、行业场景、实验项目和专业方向模块；样例：库内未命中该层次开设样例,库内未命中,普通应用/职业供给：更强调实验操作、数据处理、应用软件、毕业实训，课程呈现更实训化、工具化；样例：库内未命中该层次开设样例
070701,海洋科学,本科(普通),理学学士,四年,理学,海洋科学类,海洋生物学基础、海洋地质学、物理海洋学、流体力学、海洋生物多样性概论、海洋底栖无脊椎动物学、海洋浮游生物学、鱼类学、海洋微生物学、卫星海洋学,rysxai_major_course,,浙江大学、上海交通大学、南京大学、中山大学、同济大学,头部/强研究型：核心课不一定换名称，但会加深数学/理论和研究训练，重点看数学建模、科研方法、前沿专题、文献研读；样例：浙江大学、上海交通大学、南京大学、中山大学、同济大学,福建农林大学、天津科技大学、青岛科技大学、汕头大学、河北农业大学,区域重点/特色优势：核心课保持完整，通常叠加地方产业、行业场景、实验项目和专业方向模块；样例：福建农林大学、天津科技大学、青岛科技大学、汕头大学、河北农业大学,库内未命中,普通应用/职业供给：更强调实验操作、数据处理、应用软件、毕业实训，课程呈现更实训化、工具化；样例：库内未命中该层次开设样例
070702,海洋技术,本科(普通),"理学学士,工学学士",四年,理学,海洋科学类,海洋科学导论、力学、海洋化学、海洋地质学、海洋生物学基础、海洋调查方法、数值计算方法与试验设计、海洋要素计算及预报、卫星海洋学、空间测量与制图,rysxai_major_course,,国防科技大学、同济大学、天津大学、厦门大学、哈尔滨工业大学(威海),头部/强研究型：核心课不一定换名称，但会加深数学/理论和研究训练，重点看数学建模、科研方法、前沿专题、文献研读；样例：国防科技大学、同济大学、天津大学、厦门大学、哈尔滨工业大学(威海),南通大学、齐鲁工业大学、天津科技大学、河北农业大学、浙江海洋大学,区域重点/特色优势：核心课保持完整，通常叠加地方产业、行业场景、实验项目和专业方向模块；样例：南通大学、齐鲁工业大学、天津科技大学、河北农业大学、浙江海洋大学,福建技术师范学院、南通大学杏林学院,普通应用/职业供给：更强调实验操作、数据处理、应用软件、毕业实训，课程呈现更实训化、工具化；样例：福建技术师范学院、南通大学杏林学院
070703T,海洋资源与环境,本科(普通),理学学士,四年,理学,海洋科学类,海洋科学导论、普通生态学、环境科学概论、海洋资源评价与管理、海洋环境监测与评价、海洋生态修复技术、海洋调查实习、海洋环境监测实训、海洋生态修复实验、高等数学,rysxai_major_course,,中国海洋大学、南京师范大学、中国地质大学(北京)、大连海事大学、南京信息工程大学,头部/强研究型：核心课不一定换名称，但会加深数学/理论和研究训练，重点看数学建模、科研方法、前沿专题、文献研读；样例：中国海洋大学、南京师范大学、中国地质大学(北京)、大连海事大学、南京信息工程大学,福建农林大学、江苏科技大学、青岛农业大学、浙江海洋大学、河北地质大学,区域重点/特色优势：核心课保持完整，通常叠加地方产业、行业场景、实验项目和专业方向模块；样例：福建农林大学、江苏科技大学、青岛农业大学、浙江海洋大学、河北地质大学,福建技术师范学院、河北环境工程学院,普通应用/职业供给：更强调实验操作、数据处理、应用软件、毕业实训，课程呈现更实训化、工具化；样例：福建技术师范学院、河北环境工程学院
070704T,军事海洋学,本科(普通),理学学士,四年,理学,海洋科学类,大学英语、高等数学、大学物理、海洋科学导论、军事学概论、流体力学、海洋地质学、军事海洋环境保障、海战海洋环境效应、军事海洋调查技术,rysxai_major_course,,国防科技大学,头部/强研究型：核心课不一定换名称，但会加深数学/理论和研究训练，重点看数学建模、科研方法、前沿专题、文献研读；样例：国防科技大学,库内未命中,区域重点/特色优势：核心课保持完整，通常叠加地方产业、行业场景、实验项目和专业方向模块；样例：库内未命中该层次开设样例,库内未命中,普通应用/职业供给：更强调实验操作、数据处理、应用软件、毕业实训，课程呈现更实训化、工具化；样例：库内未命中该层次开设样例
070705T,海洋科学与技术,本科(普通),理学学士,四年,理学,海洋科学类,思想道德与法治、大学英语、高等数学、大学物理、计算机应用基础、海洋科学导论、海洋地质学、海洋生物学、海洋化学、流体力学,rysxai_major_course,,同济大学,头部/强研究型：核心课不一定换名称，但会加深数学/理论和研究训练，重点看数学建模、科研方法、前沿专题、文献研读；样例：同济大学,香港科技大学,区域重点/特色优势：核心课保持完整，通常叠加地方产业、行业场景、实验项目和专业方向模块；样例：香港科技大学,库内未命中,普通应用/职业供给：更强调实验操作、数据处理、应用软件、毕业实训，课程呈现更实训化、工具化；样例：库内未命中该层次开设样例
070801,地球物理学,本科(普通),理学学士,四年,理学,地球物理学类,地球物理学、地球物理与地球信息科学导论、矿物岩石学、地质学原理、线性代数与矢量分析、连续介质力学基础、弹性波理论基础、岩石物理学、中国区域大地构造学、地球重力学,rysxai_major_course,,北京大学、南京大学、中国科学技术大学、武汉大学、中山大学,头部/强研究型：核心课不一定换名称，但会加深数学/理论和研究训练，重点看数学建模、科研方法、前沿专题、文献研读；样例：北京大学、南京大学、中国科学技术大学、武汉大学、中山大学,长江大学、东华理工大学、重庆科技大学、河北地质大学、应急管理大学,区域重点/特色优势：核心课保持完整，通常叠加地方产业、行业场景、实验项目和专业方向模块；样例：长江大学、东华理工大学、重庆科技大学、河北地质大学、应急管理大学,库内未命中,普通应用/职业供给：更强调实验操作、数据处理、应用软件、毕业实训，课程呈现更实训化、工具化；样例：库内未命中该层次开设样例
070802,空间科学与技术,本科(普通),"理学学士,工学学士",四年,理学,地球物理学类,空间科学与技术导论、电路分析原理、电磁场与电磁波技术、光学Optics、空间物理基础、太阳大气层与日球层物理学、地磁学与地电学、空间等离子体物理基础、空间探测技术、宇航技术基础,rysxai_major_course,,北京大学、中国科学技术大学、北京航空航天大学、哈尔滨工业大学、哈尔滨工业大学(深圳),头部/强研究型：核心课不一定换名称，但会加深数学/理论和研究训练，重点看数学建模、科研方法、前沿专题、文献研读；样例：北京大学、中国科学技术大学、北京航空航天大学、哈尔滨工业大学、哈尔滨工业大学(深圳),河北师范大学,区域重点/特色优势：核心课保持完整，通常叠加地方产业、行业场景、实验项目和专业方向模块；样例：河北师范大学,库内未命中,普通应用/职业供给：更强调实验操作、数据处理、应用软件、毕业实训，课程呈现更实训化、工具化；样例：库内未命中该层次开设样例
070803T,防灾减灾科学与工程,本科(普通),工学学士,四年,理学,地球物理学类,高等数学、大学物理、地球科学概论、工程力学、灾害学概论、防灾减灾工程设计、灾害风险评估与管理、应急技术与管理、工程抗震实训、灾害应急演练,rysxai_major_course,,南京信息工程大学、南京工业大学,头部/强研究型：核心课不一定换名称，但会加深数学/理论和研究训练，重点看数学建模、科研方法、前沿专题、文献研读；样例：南京信息工程大学、南京工业大学,山东科技大学、东华理工大学、河北地质大学、应急管理大学,区域重点/特色优势：核心课保持完整，通常叠加地方产业、行业场景、实验项目和专业方向模块；样例：山东科技大学、东华理工大学、河北地质大学、应急管理大学,阿坝师范学院,普通应用/职业供给：更强调实验操作、数据处理、应用软件、毕业实训，课程呈现更实训化、工具化；样例：阿坝师范学院
070804TK,行星科学,本科(普通),理学学士,四年,理学,地球物理学类,高等数学、大学物理、行星科学导论、地球科学概论、天体力学、行星地质学、行星大气层与空间环境、行星探测技术、行星数据处理实训、天文观测实践,rysxai_major_course,,北京大学、南京大学、中国科学技术大学、中山大学、中国地质大学(北京),头部/强研究型：核心课不一定换名称，但会加深数学/理论和研究训练，重点看数学建模、科研方法、前沿专题、文献研读；样例：北京大学、南京大学、中国科学技术大学、中山大学、中国地质大学(北京),库内未命中,区域重点/特色优势：核心课保持完整，通常叠加地方产业、行业场景、实验项目和专业方向模块；样例：库内未命中该层次开设样例,库内未命中,普通应用/职业供给：更强调实验操作、数据处理、应用软件、毕业实训，课程呈现更实训化、工具化；样例：库内未命中该层次开设样例
070901,地质学,本科(普通),理学学士,四年,理学,地质学类,普通地质学、结晶学与矿物学、晶体光学与光性矿物学、地球科学概论、古生物学与地史学、固体力学基础、地貌与自然地理学、普通岩石学、沉积学概论、大地构造学,rysxai_major_course,,北京大学、浙江大学、南京大学、中山大学、吉林大学,头部/强研究型：核心课不一定换名称，但会加深数学/理论和研究训练，重点看数学建模、科研方法、前沿专题、文献研读；样例：北京大学、浙江大学、南京大学、中山大学、吉林大学,长江大学、东北石油大学、西安石油大学、重庆科技大学、河北地质大学,区域重点/特色优势：核心课保持完整，通常叠加地方产业、行业场景、实验项目和专业方向模块；样例：长江大学、东北石油大学、西安石油大学、重庆科技大学、河北地质大学,成都理工大学工程技术学院、新疆工业学院、保定理工学院,普通应用/职业供给：更强调实验操作、数据处理、应用软件、毕业实训，课程呈现更实训化、工具化；样例：成都理工大学工程技术学院、新疆工业学院、保定理工学院
070902,地球化学,本科(普通),理学学士,四年,理学,地质学类,地学导论、结晶学与矿物学、现代矿物学理论与应用、岩石学、古生物与地史学、地球化学、生物地球化学、实验岩石学、应用地球化学、Python编程,rysxai_major_course,,北京大学、南京大学、中国科学技术大学、兰州大学、中国地质大学(武汉),头部/强研究型：核心课不一定换名称，但会加深数学/理论和研究训练，重点看数学建模、科研方法、前沿专题、文献研读；样例：北京大学、南京大学、中国科学技术大学、兰州大学、中国地质大学(武汉),长江大学、东北石油大学、东华理工大学、桂林理工大学,区域重点/特色优势：核心课保持完整，通常叠加地方产业、行业场景、实验项目和专业方向模块；样例：长江大学、东北石油大学、东华理工大学、桂林理工大学,库内未命中,普通应用/职业供给：更强调实验操作、数据处理、应用软件、毕业实训，课程呈现更实训化、工具化；样例：库内未命中该层次开设样例
070903T,地球信息科学与技术,本科(普通),"理学学士,工学学士",四年,理学,地质学类,地球信息科学与技术导论、普通地质学、地质学、地球物质基础、构造分析基础、板块构造学、地球物理学、地球化学、大学物理、遥感与图像处理基础,rysxai_major_course,,电子科技大学、中国海洋大学、中国地质大学(武汉)、中国矿业大学、西北大学,头部/强研究型：核心课不一定换名称，但会加深数学/理论和研究训练，重点看数学建模、科研方法、前沿专题、文献研读；样例：电子科技大学、中国海洋大学、中国地质大学(武汉)、中国矿业大学、西北大学,长江大学、东北石油大学、东华理工大学、西安石油大学、桂林理工大学,区域重点/特色优势：核心课保持完整，通常叠加地方产业、行业场景、实验项目和专业方向模块；样例：长江大学、东北石油大学、东华理工大学、西安石油大学、桂林理工大学,库内未命中,普通应用/职业供给：更强调实验操作、数据处理、应用软件、毕业实训，课程呈现更实训化、工具化；样例：库内未命中该层次开设样例
070904T,古生物学,本科(普通),理学学士,四年,理学,地质学类,普通地质学、古生物学基础、地史学、古无脊椎动物学、古脊椎动物学、古植物学、野外地质实习、化石鉴定实训、地层测量实习、高等数学,rysxai_major_course,,北京大学、南京大学,头部/强研究型：核心课不一定换名称，但会加深数学/理论和研究训练，重点看数学建模、科研方法、前沿专题、文献研读；样例：北京大学、南京大学,沈阳师范大学、河北地质大学,区域重点/特色优势：核心课保持完整，通常叠加地方产业、行业场景、实验项目和专业方向模块；样例：沈阳师范大学、河北地质大学,库内未命中,普通应用/职业供给：更强调实验操作、数据处理、应用软件、毕业实训，课程呈现更实训化、工具化；样例：库内未命中该层次开设样例
071002,生物技术,本科(普通),"理学学士,工学学士",四年,理学,生物科学类,无机及分析化学、有机化学、仪器分析、生物统计学原理、普通生物学、生物化学、细胞生物学、遗传学、分子生物学、普通微生物学,rysxai_major_course,,北京大学、上海交通大学、复旦大学、南京大学、中国科学技术大学,头部/强研究型：核心课不一定换名称，但会加深数学/理论和研究训练，重点看数学建模、科研方法、前沿专题、文献研读；样例：北京大学、上海交通大学、复旦大学、南京大学、中国科学技术大学,山东师范大学、上海理工大学、青岛大学、大连医科大学、浙江理工大学,区域重点/特色优势：核心课保持完整，通常叠加地方产业、行业场景、实验项目和专业方向模块；样例：山东师范大学、上海理工大学、青岛大学、大连医科大学、浙江理工大学,洛阳理工学院、周口师范学院、湘南学院、通化师范学院、廊坊师范学院,普通应用/职业供给：更强调实验操作、数据处理、应用软件、毕业实训，课程呈现更实训化、工具化；样例：洛阳理工学院、周口师范学院、湘南学院、通化师范学院、廊坊师范学院
071003,生物信息学,本科(普通),"理学学士,工学学士",四年,理学,生物科学类,微生物学基础、Perl/Python语言编程、生物统计与实验设计、基因工程、分子克隆技术、生物信息学原理、生物信息学的计算技术、生物数据库管理系统、数据挖掘原理及应用、系统进化生物学原理,rysxai_major_course,,北京大学、浙江大学、华中科技大学、哈尔滨工业大学、东南大学,头部/强研究型：核心课不一定换名称，但会加深数学/理论和研究训练，重点看数学建模、科研方法、前沿专题、文献研读；样例：北京大学、浙江大学、华中科技大学、哈尔滨工业大学、东南大学,西交利物浦大学、河北医科大学、湖北大学、福建农林大学、安徽医科大学,区域重点/特色优势：核心课保持完整，通常叠加地方产业、行业场景、实验项目和专业方向模块；样例：西交利物浦大学、河北医科大学、湖北大学、福建农林大学、安徽医科大学,齐鲁师范学院、黄河科技学院、沈阳城市学院、福州理工学院,普通应用/职业供给：更强调实验操作、数据处理、应用软件、毕业实训，课程呈现更实训化、工具化；样例：齐鲁师范学院、黄河科技学院、沈阳城市学院、福州理工学院
071004,生态学,本科(普通),理学学士,四年,理学,生物科学类,生态系统生态学、植物生态学、动物生态学、进化生态学、化学生态学、分子生态学、恢复生态学原理与应用、生态热力学、物质循环、普通生态学实验,rysxai_major_course,,北京大学、浙江大学、复旦大学、南京大学、武汉大学,头部/强研究型：核心课不一定换名称，但会加深数学/理论和研究训练，重点看数学建模、科研方法、前沿专题、文献研读；样例：北京大学、浙江大学、复旦大学、南京大学、武汉大学,杭州师范大学、湖北大学、福建农林大学、山东农业大学、温州大学,区域重点/特色优势：核心课保持完整，通常叠加地方产业、行业场景、实验项目和专业方向模块；样例：杭州师范大学、湖北大学、福建农林大学、山东农业大学、温州大学,张家口学院、忻州师范学院、普洱学院、豫章师范学院,普通应用/职业供给：更强调实验操作、数据处理、应用软件、毕业实训，课程呈现更实训化、工具化；样例：张家口学院、忻州师范学院、普洱学院、豫章师范学院
071005T,整合科学,本科(普通),理学学士,四年,理学,生物科学类,高等数学、普通生物学、普通化学、普通物理学、整合科学导论、跨学科研究方法、系统生物学、整合科学实验、跨学科项目实践、科研训练,rysxai_major_course,,北京大学、哈尔滨工业大学、中山大学,头部/强研究型：核心课不一定换名称，但会加深数学/理论和研究训练，重点看数学建模、科研方法、前沿专题、文献研读；样例：北京大学、哈尔滨工业大学、中山大学,库内未命中,区域重点/特色优势：核心课保持完整，通常叠加地方产业、行业场景、实验项目和专业方向模块；样例：库内未命中该层次开设样例,库内未命中,普通应用/职业供给：更强调实验操作、数据处理、应用软件、毕业实训，课程呈现更实训化、工具化；样例：库内未命中该层次开设样例
071006T,神经科学,本科(普通),理学学士,四年,理学,生物科学类,大学英语、高等数学、计算机应用基础、大学物理、普通生物学、生物化学、人体解剖学、生理学、神经科学导论、神经解剖学,rysxai_major_course,,深圳理工大学、上海纽约大学、香港大学,头部/强研究型：核心课不一定换名称，但会加深数学/理论和研究训练，重点看数学建模、科研方法、前沿专题、文献研读；样例：深圳理工大学、上海纽约大学、香港大学,康复大学,区域重点/特色优势：核心课保持完整，通常叠加地方产业、行业场景、实验项目和专业方向模块；样例：康复大学,库内未命中,普通应用/职业供给：更强调实验操作、数据处理、应用软件、毕业实训，课程呈现更实训化、工具化；样例：库内未命中该层次开设样例
071101,心理学,本科(普通),"教育学学士,理学学士",四年,理学,心理学类,普通心理学、发展心理学、心理学史、生理心理学、教育心理学、人格心理学、社会心理学、认知心理学、变态心理学、管理心理学,rysxai_major_course,,清华大学、北京大学、浙江大学、复旦大学、中山大学,头部/强研究型：核心课不一定换名称，但会加深数学/理论和研究训练，重点看数学建模、科研方法、前沿专题、文献研读；样例：清华大学、北京大学、浙江大学、复旦大学、中山大学,山东师范大学、北京语言大学、湖北大学、江西师范大学、安徽师范大学,区域重点/特色优势：核心课保持完整，通常叠加地方产业、行业场景、实验项目和专业方向模块；样例：山东师范大学、北京语言大学、湖北大学、江西师范大学、安徽师范大学,周口师范学院、通化师范学院、济宁学院、渭南师范学院、齐鲁师范学院,普通应用/职业供给：更强调实验操作、数据处理、应用软件、毕业实训，课程呈现更实训化、工具化；样例：周口师范学院、通化师范学院、济宁学院、渭南师范学院、齐鲁师范学院
071102,应用心理学,本科(普通),"教育学学士,理学学士",四年,理学,心理学类,普通心理学、发展心理学、人格心理学、社会心理学、变态心理学、生理心理学、心理学史、教育心理学、积极心理学、心理统计学,rysxai_major_course,,北京大学、南京大学、中国人民大学、南开大学、华东师范大学,头部/强研究型：核心课不一定换名称，但会加深数学/理论和研究训练，重点看数学建模、科研方法、前沿专题、文献研读；样例：北京大学、南京大学、中国人民大学、南开大学、华东师范大学,山东师范大学、广州大学、青岛大学、大连医科大学、浙江理工大学,区域重点/特色优势：核心课保持完整，通常叠加地方产业、行业场景、实验项目和专业方向模块；样例：山东师范大学、广州大学、青岛大学、大连医科大学、浙江理工大学,许昌学院、江苏第二师范学院、南京特殊教育师范学院、福建技术师范学院、巢湖学院,普通应用/职业供给：更强调实验操作、数据处理、应用软件、毕业实训，课程呈现更实训化、工具化；样例：许昌学院、江苏第二师范学院、南京特殊教育师范学院、福建技术师范学院、巢湖学院
071201,统计学,本科(普通),理学学士,四年,理学,统计学类,数学分析、高等代数、高等代数与解析几何、概率论与数理统计、统计学概论、统计导论、描述性统计、高等数理统计、回归分析、方差分析,rysxai_major_course,,清华大学、北京大学、浙江大学、上海交通大学、复旦大学,头部/强研究型：核心课不一定换名称，但会加深数学/理论和研究训练，重点看数学建模、科研方法、前沿专题、文献研读；样例：清华大学、北京大学、浙江大学、上海交通大学、复旦大学,山东师范大学、广州大学、燕山大学、首都经济贸易大学、杭州师范大学,区域重点/特色优势：核心课保持完整，通常叠加地方产业、行业场景、实验项目和专业方向模块；样例：山东师范大学、广州大学、燕山大学、首都经济贸易大学、杭州师范大学,许昌学院、商丘师范学院、黄淮学院、南昌师范学院、通化师范学院,普通应用/职业供给：更强调实验操作、数据处理、应用软件、毕业实训，课程呈现更实训化、工具化；样例：许昌学院、商丘师范学院、黄淮学院、南昌师范学院、通化师范学院
071202,应用统计学,本科(普通),理学学士,四年,理学,统计学类,数学分析、高等代数、多元统计分析、时间序列分析、实用回归分析、机器学习、Python基础语法、经济学基础、概率论、数理统计,rysxai_major_course,,北京大学、国防科技大学、北京理工大学、中国人民大学、北京师范大学,头部/强研究型：核心课不一定换名称，但会加深数学/理论和研究训练，重点看数学建模、科研方法、前沿专题、文献研读；样例：北京大学、国防科技大学、北京理工大学、中国人民大学、北京师范大学,江西财经大学、浙江工商大学、西交利物浦大学、青岛大学、西安理工大学,区域重点/特色优势：核心课保持完整，通常叠加地方产业、行业场景、实验项目和专业方向模块；样例：江西财经大学、浙江工商大学、西交利物浦大学、青岛大学、西安理工大学,周口师范学院、贵州理工学院、江苏第二师范学院、南阳理工学院、济宁学院,普通应用/职业供给：更强调实验操作、数据处理、应用软件、毕业实训，课程呈现更实训化、工具化；样例：周口师范学院、贵州理工学院、江苏第二师范学院、南阳理工学院、济宁学院
071203T,数据科学,本科(普通),理学学士,四年,理学,统计学类,高等数学、线性代数、概率论与数理统计、统计学、Python程序设计、数据库原理、数据挖掘、机器学习、大数据分析、数据可视化,rysxai_major_course,,华东师范大学、上海财经大学、北京交通大学、对外经济贸易大学、西南财经大学,头部/强研究型：核心课不一定换名称，但会加深数学/理论和研究训练，重点看数学建模、科研方法、前沿专题、文献研读；样例：华东师范大学、上海财经大学、北京交通大学、对外经济贸易大学、西南财经大学,江西财经大学、中南民族大学、南京审计大学、曲阜师范大学、山西财经大学,区域重点/特色优势：核心课保持完整，通常叠加地方产业、行业场景、实验项目和专业方向模块；样例：江西财经大学、中南民族大学、南京审计大学、曲阜师范大学、山西财经大学,黄淮学院、齐鲁师范学院、郑州工程技术学院、江西财经大学现代经济管理学院、中南林业科技大学涉外学院,普通应用/职业供给：更强调实验操作、数据处理、应用软件、毕业实训，课程呈现更实训化、工具化；样例：黄淮学院、齐鲁师范学院、郑州工程技术学院、江西财经大学现代经济管理学院、中南林业科技大学涉外学院
071204T,生物统计学,本科(普通),理学学士,四年,理学,统计学类,高等数学、概率论与数理统计、普通生物学、生物信息学基础、生物统计学、统计建模与软件应用、临床试验设计、生存分析、生物数据处理实践、临床试验数据分析实习,rysxai_major_course,,北京大学、中国药科大学、南京医科大学、南方医科大学,头部/强研究型：核心课不一定换名称，但会加深数学/理论和研究训练，重点看数学建模、科研方法、前沿专题、文献研读；样例：北京大学、中国药科大学、南京医科大学、南方医科大学,山东第二医科大学、海南医科大学、广东医科大学,区域重点/特色优势：核心课保持完整，通常叠加地方产业、行业场景、实验项目和专业方向模块；样例：山东第二医科大学、海南医科大学、广东医科大学,库内未命中,普通应用/职业供给：更强调实验操作、数据处理、应用软件、毕业实训，课程呈现更实训化、工具化；样例：库内未命中该层次开设样例
080101,理论与应用力学,本科(普通),"理学学士,工学学士",四年,工学,力学类,固体力学基础、结构与弹性力学、连续介质力学基础、张量分析与微分几何基础、流形上的微积分、应用实变函数与泛函分析基础、线性代数与解析几何回顾、空气动力学、多相流体力学、粘性流体力学,rysxai_major_course,,清华大学、北京大学、复旦大学、中国科学技术大学、中山大学,头部/强研究型：核心课不一定换名称，但会加深数学/理论和研究训练，重点看高阶数学/物理、系统设计、科研训练、交叉前沿专题；样例：清华大学、北京大学、复旦大学、中国科学技术大学、中山大学,辽宁工程技术大学、重庆科技大学、河北建筑工程学院,区域重点/特色优势：核心课保持完整，通常叠加地方产业、行业场景、实验项目和专业方向模块；样例：辽宁工程技术大学、重庆科技大学、河北建筑工程学院,库内未命中,普通应用/职业供给：更强调工具链、工艺流程、项目实训、岗位规范，课程呈现更实训化、工具化；样例：库内未命中该层次开设样例
080102,工程力学,本科(普通),工学学士,四年,工学,力学类,理论力学、材料力学、结构力学、流体力学、高等代数与几何、弹性力学、塑性力学、振动力学、工程力学、断裂与损伤力学,rysxai_major_course,,清华大学、北京大学、浙江大学、上海交通大学、武汉大学,头部/强研究型：核心课不一定换名称，但会加深数学/理论和研究训练，重点看高阶数学/物理、系统设计、科研训练、交叉前沿专题；样例：清华大学、北京大学、浙江大学、上海交通大学、武汉大学,燕山大学、昆明理工大学、西安理工大学、西安建筑科技大学、武汉科技大学,区域重点/特色优势：核心课保持完整，通常叠加地方产业、行业场景、实验项目和专业方向模块；样例：燕山大学、昆明理工大学、西安理工大学、西安建筑科技大学、武汉科技大学,库内未命中,普通应用/职业供给：更强调工具链、工艺流程、项目实训、岗位规范，课程呈现更实训化、工具化；样例：库内未命中该层次开设样例
080202,机械设计制造及其自动化,本科(普通),工学学士,四年,工学,机械类,大学物理、C/C++程序设计、Python编程、理论力学、材料力学、工程力学、机械制图、画法几何与机械制图、机械原理、机械设计,rysxai_major_course,,浙江大学、武汉大学、华中科技大学、哈尔滨工业大学、哈尔滨工业大学(深圳),头部/强研究型：核心课不一定换名称，但会加深数学/理论和研究训练，重点看高阶数学/物理、系统设计、科研训练、交叉前沿专题；样例：浙江大学、武汉大学、华中科技大学、哈尔滨工业大学、哈尔滨工业大学(深圳),广州大学、上海理工大学、燕山大学、西安理工大学、浙江理工大学,区域重点/特色优势：核心课保持完整，通常叠加地方产业、行业场景、实验项目和专业方向模块；样例：广州大学、上海理工大学、燕山大学、西安理工大学、浙江理工大学,洛阳理工学院、周口师范学院、浙江水利水电学院、许昌学院、贵州理工学院,普通应用/职业供给：更强调工具链、工艺流程、项目实训、岗位规范，课程呈现更实训化、工具化；样例：洛阳理工学院、周口师范学院、浙江水利水电学院、许昌学院、贵州理工学院
080203,材料成型及控制工程,本科(普通),工学学士,四年,工学,机械类,大学物理、化学、理论力学、材料力学、机械原理、工程制图/机械制图、金属学及热处理、材料科学基础、材料成型原理、冶金传输原理,rysxai_major_course,,华中科技大学、哈尔滨工业大学、北京理工大学、四川大学、天津大学,头部/强研究型：核心课不一定换名称，但会加深数学/理论和研究训练，重点看高阶数学/物理、系统设计、科研训练、交叉前沿专题；样例：华中科技大学、哈尔滨工业大学、北京理工大学、四川大学、天津大学,上海理工大学、燕山大学、昆明理工大学、西安理工大学、西安建筑科技大学,区域重点/特色优势：核心课保持完整，通常叠加地方产业、行业场景、实验项目和专业方向模块；样例：上海理工大学、燕山大学、昆明理工大学、西安理工大学、西安建筑科技大学,洛阳理工学院、浙江水利水电学院、河南工程学院、南阳理工学院、湖南工学院,普通应用/职业供给：更强调工具链、工艺流程、项目实训、岗位规范，课程呈现更实训化、工具化；样例：洛阳理工学院、浙江水利水电学院、河南工程学院、南阳理工学院、湖南工学院
080204,机械电子工程,本科(普通),工学学士,四年,工学,机械类,空间解析几何及线性代数、大学物理、机电工程技术概论、现代工程制图、C语言、理论力学、机械原理、机械设计、电工电子学、工程材料与热处理,rysxai_major_course,,浙江大学、哈尔滨工业大学、北京理工大学、同济大学、西北工业大学,头部/强研究型：核心课不一定换名称，但会加深数学/理论和研究训练，重点看高阶数学/物理、系统设计、科研训练、交叉前沿专题；样例：浙江大学、哈尔滨工业大学、北京理工大学、同济大学、西北工业大学,西交利物浦大学、浙江理工大学、西安建筑科技大学、武汉科技大学、山东农业大学,区域重点/特色优势：核心课保持完整，通常叠加地方产业、行业场景、实验项目和专业方向模块；样例：西交利物浦大学、浙江理工大学、西安建筑科技大学、武汉科技大学、山东农业大学,洛阳理工学院、周口师范学院、许昌学院、贵州理工学院、六盘水师范学院,普通应用/职业供给：更强调工具链、工艺流程、项目实训、岗位规范，课程呈现更实训化、工具化；样例：洛阳理工学院、周口师范学院、许昌学院、贵州理工学院、六盘水师范学院
080205,工业设计,本科(普通),工学学士,四年,工学,机械类,造型训练、理论学习、制图能力、工业设计素描、工业设计速写、工业色彩、工业构成基础、中西方美术史、工艺美术史、工业设计简史,rysxai_major_course,,浙江大学、上海交通大学、西安交通大学、北京航空航天大学、哈尔滨工业大学,头部/强研究型：核心课不一定换名称，但会加深数学/理论和研究训练，重点看高阶数学/物理、系统设计、科研训练、交叉前沿专题；样例：浙江大学、上海交通大学、西安交通大学、北京航空航天大学、哈尔滨工业大学,江西财经大学、西交利物浦大学、上海理工大学、青岛大学、燕山大学,区域重点/特色优势：核心课保持完整，通常叠加地方产业、行业场景、实验项目和专业方向模块；样例：江西财经大学、西交利物浦大学、上海理工大学、青岛大学、燕山大学,湖南工学院、四川旅游学院、安阳工学院、山西工学院、山西工程技术学院,普通应用/职业供给：更强调工具链、工艺流程、项目实训、岗位规范，课程呈现更实训化、工具化；样例：湖南工学院、四川旅游学院、安阳工学院、山西工学院、山西工程技术学院
080206,过程装备与控制工程,本科(普通),工学学士,四年,工学,机械类,理论力学、材料力学、机械制图、机械设计、工程材料、公差配合与技术测量、流体及粉体力学基础、化工原理、化工热力学基础、过程装备与控制工程概论,rysxai_major_course,,浙江大学、西安交通大学、四川大学、天津大学、大连理工大学,头部/强研究型：核心课不一定换名称，但会加深数学/理论和研究训练，重点看高阶数学/物理、系统设计、科研训练、交叉前沿专题；样例：浙江大学、西安交通大学、四川大学、天津大学、大连理工大学,上海理工大学、燕山大学、昆明理工大学、江西师范大学、陕西科技大学,区域重点/特色优势：核心课保持完整，通常叠加地方产业、行业场景、实验项目和专业方向模块；样例：上海理工大学、燕山大学、昆明理工大学、江西师范大学、陕西科技大学,贵州理工学院、山西科技学院、新疆理工学院、荆楚理工学院、黑龙江工业学院,普通应用/职业供给：更强调工具链、工艺流程、项目实训、岗位规范，课程呈现更实训化、工具化；样例：贵州理工学院、山西科技学院、新疆理工学院、荆楚理工学院、黑龙江工业学院
080208,汽车服务工程,本科(普通),工学学士,四年,工学,机械类,汽车服务工程专业导论、汽车构造、汽车理论、液压与液力传动、现代汽车电子技术、汽车电器与电子控制系统、汽车传感器与测试技术、汽车诊断与维修工程、基础综合实验、汽车发动机、底盘维修实训,rysxai_major_course,,同济大学、武汉理工大学、长安大学,头部/强研究型：核心课不一定换名称，但会加深数学/理论和研究训练，重点看高阶数学/物理、系统设计、科研训练、交叉前沿专题；样例：同济大学、武汉理工大学、长安大学,昆明理工大学、上海师范大学、河南农业大学、重庆工商大学、重庆理工大学,区域重点/特色优势：核心课保持完整，通常叠加地方产业、行业场景、实验项目和专业方向模块；样例：昆明理工大学、上海师范大学、河南农业大学、重庆工商大学、重庆理工大学,洛阳理工学院、商丘师范学院、武汉商学院、太原工业学院、安阳工学院,普通应用/职业供给：更强调工具链、工艺流程、项目实训、岗位规范，课程呈现更实训化、工具化；样例：洛阳理工学院、商丘师范学院、武汉商学院、太原工业学院、安阳工学院
080209T,机械工艺技术,本科(普通),工学学士,四年,工学,机械类,高等数学、大学物理、机械制图、理论力学、材料力学、机械原理、机械制造工艺学、金属切削原理与刀具、机床夹具设计、机械加工精度,rysxai_major_course,,湖南师范大学,头部/强研究型：核心课不一定换名称，但会加深数学/理论和研究训练，重点看高阶数学/物理、系统设计、科研训练、交叉前沿专题；样例：湖南师范大学,天津职业技术师范大学、黑龙江科技大学,区域重点/特色优势：核心课保持完整，通常叠加地方产业、行业场景、实验项目和专业方向模块；样例：天津职业技术师范大学、黑龙江科技大学,晋中学院、景德镇学院、营口理工学院,普通应用/职业供给：更强调工具链、工艺流程、项目实训、岗位规范，课程呈现更实训化、工具化；样例：晋中学院、景德镇学院、营口理工学院
080210T,微机电系统工程,本科(普通),工学学士,四年,工学,机械类,高等数学、大学英语、大学物理、工程力学、电路分析基础、机械设计基础、微机电系统设计、MEMS制造技术、微传感器技术、MEMS封装与测试,rysxai_major_course,,北京航空航天大学、西北工业大学,头部/强研究型：核心课不一定换名称，但会加深数学/理论和研究训练，重点看高阶数学/物理、系统设计、科研训练、交叉前沿专题；样例：北京航空航天大学、西北工业大学,东莞理工学院,区域重点/特色优势：核心课保持完整，通常叠加地方产业、行业场景、实验项目和专业方向模块；样例：东莞理工学院,库内未命中,普通应用/职业供给：更强调工具链、工艺流程、项目实训、岗位规范，课程呈现更实训化、工具化；样例：库内未命中该层次开设样例
080211T,机电技术教育,本科(普通),工学学士,四年,工学,机械类,高等数学、大学物理、机械制图、电路分析、工程力学、单片机原理及应用、机电传动控制、机电一体化系统设计、教育心理学、数控技术及编程,rysxai_major_course,,库内未命中,头部/强研究型：核心课不一定换名称，但会加深数学/理论和研究训练，重点看高阶数学/物理、系统设计、科研训练、交叉前沿专题；样例：库内未命中该层次开设样例,天津职业技术师范大学、江苏理工学院、河南科技学院、岭南师范学院,区域重点/特色优势：核心课保持完整，通常叠加地方产业、行业场景、实验项目和专业方向模块；样例：天津职业技术师范大学、江苏理工学院、河南科技学院、岭南师范学院,库内未命中,普通应用/职业供给：更强调工具链、工艺流程、项目实训、岗位规范，课程呈现更实训化、工具化；样例：库内未命中该层次开设样例
080212T,汽车维修工程教育,本科(普通),工学学士,四年,工学,机械类,高等数学、大学物理、工程力学、汽车构造、汽车理论、教育学基础、教育心理学、汽车维修工程、汽车检测技术、汽车服务工程,rysxai_major_course,,库内未命中,头部/强研究型：核心课不一定换名称，但会加深数学/理论和研究训练，重点看高阶数学/物理、系统设计、科研训练、交叉前沿专题；样例：库内未命中该层次开设样例,天津职业技术师范大学、武汉交通职业学院,区域重点/特色优势：核心课保持完整，通常叠加地方产业、行业场景、实验项目和专业方向模块；样例：天津职业技术师范大学、武汉交通职业学院,河北师范大学汇华学院、黄河交通学院、哈尔滨剑桥学院,普通应用/职业供给：更强调工具链、工艺流程、项目实训、岗位规范，课程呈现更实训化、工具化；样例：河北师范大学汇华学院、黄河交通学院、哈尔滨剑桥学院
080213T,智能制造工程,本科(普通),工学学士,四年,工学,机械类,高等数学、大学物理、计算机应用基础、机械工程基础、控制工程基础、电工电子技术、工业物联网基础、智能制造系统建模与仿真、工业机器人技术与应用、智能工厂规划与设计,rysxai_major_course,,武汉大学、西安交通大学、北京航空航天大学、哈尔滨工业大学、北京理工大学,头部/强研究型：核心课不一定换名称，但会加深数学/理论和研究训练，重点看高阶数学/物理、系统设计、科研训练、交叉前沿专题；样例：武汉大学、西安交通大学、北京航空航天大学、哈尔滨工业大学、北京理工大学,西交利物浦大学、广州大学、青岛大学、燕山大学、昆明理工大学,区域重点/特色优势：核心课保持完整，通常叠加地方产业、行业场景、实验项目和专业方向模块；样例：西交利物浦大学、广州大学、青岛大学、燕山大学、昆明理工大学,洛阳理工学院、浙江水利水电学院、湘南学院、贵州理工学院、黄淮学院,普通应用/职业供给：更强调工具链、工艺流程、项目实训、岗位规范，课程呈现更实训化、工具化；样例：洛阳理工学院、浙江水利水电学院、湘南学院、贵州理工学院、黄淮学院
080214T,智能车辆工程,本科(普通),工学学士,四年,工学,机械类,高等数学、大学物理、汽车理论、自动控制原理、传感器与检测技术、智能车辆环境感知、智能驾驶决策与控制、车联网技术、智能车辆仿真实验、自动驾驶算法实训,rysxai_major_course,,东南大学、哈尔滨工业大学(威海)、大连理工大学、湖南大学、华南理工大学,头部/强研究型：核心课不一定换名称，但会加深数学/理论和研究训练，重点看高阶数学/物理、系统设计、科研训练、交叉前沿专题；样例：东南大学、哈尔滨工业大学(威海)、大连理工大学、湖南大学、华南理工大学,武汉科技大学、安徽农业大学、重庆邮电大学、河南科技大学、北京信息科技大学,区域重点/特色优势：核心课保持完整，通常叠加地方产业、行业场景、实验项目和专业方向模块；样例：武汉科技大学、安徽农业大学、重庆邮电大学、河南科技大学、北京信息科技大学,湖南工学院、太原工业学院、广西科技师范学院、河南工学院、蚌埠学院,普通应用/职业供给：更强调工具链、工艺流程、项目实训、岗位规范，课程呈现更实训化、工具化；样例：湖南工学院、太原工业学院、广西科技师范学院、河南工学院、蚌埠学院
080215T,仿生科学与工程,本科(普通),工学学士,四年,工学,机械类,大学英语、计算机应用基础、高等数学、大学物理、普通生物学、理论力学、材料力学、机械设计基础、生物力学、控制理论基础,rysxai_major_course,,哈尔滨工业大学、哈尔滨工业大学(威海)、吉林大学,头部/强研究型：核心课不一定换名称，但会加深数学/理论和研究训练，重点看高阶数学/物理、系统设计、科研训练、交叉前沿专题；样例：哈尔滨工业大学、哈尔滨工业大学(威海)、吉林大学,库内未命中,区域重点/特色优势：核心课保持完整，通常叠加地方产业、行业场景、实验项目和专业方向模块；样例：库内未命中该层次开设样例,库内未命中,普通应用/职业供给：更强调工具链、工艺流程、项目实训、岗位规范，课程呈现更实训化、工具化；样例：库内未命中该层次开设样例
080216T,新能源汽车工程,本科(普通),工学学士,四年,工学,机械类,高等数学、大学物理、工程力学、机械设计基础、电工电子技术、自动控制原理、新能源汽车动力系统、新能源汽车电池技术、新能源汽车电机与控制、新能源汽车整车设计,rysxai_major_course,,安徽大学、江苏大学、南京工业大学、广东工业大学,头部/强研究型：核心课不一定换名称，但会加深数学/理论和研究训练，重点看高阶数学/物理、系统设计、科研训练、交叉前沿专题；样例：安徽大学、江苏大学、南京工业大学、广东工业大学,江苏科技大学、中北大学、广西师范大学、安徽理工大学、青岛理工大学,区域重点/特色优势：核心课保持完整，通常叠加地方产业、行业场景、实验项目和专业方向模块；样例：江苏科技大学、中北大学、广西师范大学、安徽理工大学、青岛理工大学,洛阳理工学院、黄淮学院、武汉商学院、宿迁学院、安阳工学院,普通应用/职业供给：更强调工具链、工艺流程、项目实训、岗位规范，课程呈现更实训化、工具化；样例：洛阳理工学院、黄淮学院、武汉商学院、宿迁学院、安阳工学院
080217T,增材制造工程,本科(普通),工学学士,四年,工学,机械类,高等数学、大学物理、机械制图、材料科学基础、机械原理、控制工程基础、增材制造原理、增材制造工艺与设备、增材制造材料设计、逆向工程技术,rysxai_major_course,,哈尔滨工业大学、西北工业大学、南京航空航天大学、南京工业大学,头部/强研究型：核心课不一定换名称，但会加深数学/理论和研究训练，重点看高阶数学/物理、系统设计、科研训练、交叉前沿专题；样例：哈尔滨工业大学、西北工业大学、南京航空航天大学、南京工业大学,江苏科技大学、中北大学、南昌航空大学、山东建筑大学、河北科技大学,区域重点/特色优势：核心课保持完整，通常叠加地方产业、行业场景、实验项目和专业方向模块；样例：江苏科技大学、中北大学、南昌航空大学、山东建筑大学、河北科技大学,济宁学院、新乡学院、兰州工业学院、蚌埠学院、铜陵学院,普通应用/职业供给：更强调工具链、工艺流程、项目实训、岗位规范，课程呈现更实训化、工具化；样例：济宁学院、新乡学院、兰州工业学院、蚌埠学院、铜陵学院
080218T,智能交互设计,本科(普通),工学学士,四年,工学,机械类,交互设计原理、设计心理学、用户研究方法、用户界面设计、用户体验设计、交互原型开发、交互原型制作实训、用户测试与迭代实验、智能交互产品综合设计、工程制图,rysxai_major_course,,西北工业大学、北京邮电大学、江南大学,头部/强研究型：核心课不一定换名称，但会加深数学/理论和研究训练，重点看高阶数学/物理、系统设计、科研训练、交叉前沿专题；样例：西北工业大学、北京邮电大学、江南大学,江苏师范大学、北京信息科技大学、哈尔滨理工大学、浙大宁波理工学院、宁波工程学院,区域重点/特色优势：核心课保持完整，通常叠加地方产业、行业场景、实验项目和专业方向模块；样例：江苏师范大学、北京信息科技大学、哈尔滨理工大学、浙大宁波理工学院、宁波工程学院,郑州科技学院、郑州升达经贸管理学院、湖北文理学院理工学院、青岛黄海学院、桂林信息科技学院,普通应用/职业供给：更强调工具链、工艺流程、项目实训、岗位规范，课程呈现更实训化、工具化；样例：郑州科技学院、郑州升达经贸管理学院、湖北文理学院理工学院、青岛黄海学院、桂林信息科技学院
080219T,应急装备技术与工程,本科(普通),工学学士,四年,工学,机械类,高等数学、大学物理、计算机应用基础、工程力学、机械设计基础、应急管理概论、电工电子技术、应急装备设计、应急装备检测与维护、智能应急装备技术,rysxai_major_course,,南京工业大学,头部/强研究型：核心课不一定换名称，但会加深数学/理论和研究训练，重点看高阶数学/物理、系统设计、科研训练、交叉前沿专题；样例：南京工业大学,山东科技大学、石家庄铁道大学、太原科技大学、辽宁工业大学、应急管理大学,区域重点/特色优势：核心课保持完整，通常叠加地方产业、行业场景、实验项目和专业方向模块；样例：山东科技大学、石家庄铁道大学、太原科技大学、辽宁工业大学、应急管理大学,中国消防救援学院,普通应用/职业供给：更强调工具链、工艺流程、项目实训、岗位规范，课程呈现更实训化、工具化；样例：中国消防救援学院
080220T,农林智能装备工程,本科(普通),工学学士,四年,工学,机械类,高等数学、大学英语、计算机应用基础、机械制图、农业工程基础、自动控制原理、农林智能装备设计、农业机器人技术、精准农业技术、农林装备虚拟仿真实训,rysxai_major_course,,东北林业大学,头部/强研究型：核心课不一定换名称，但会加深数学/理论和研究训练，重点看高阶数学/物理、系统设计、科研训练、交叉前沿专题；样例：东北林业大学,库内未命中,区域重点/特色优势：核心课保持完整，通常叠加地方产业、行业场景、实验项目和专业方向模块；样例：库内未命中该层次开设样例,信阳农林学院,普通应用/职业供给：更强调工具链、工艺流程、项目实训、岗位规范，课程呈现更实训化、工具化；样例：信阳农林学院
080302T,精密仪器,本科(普通),工学学士,四年,工学,仪器类,高等数学、大学物理、机械设计基础、电路分析基础、光学原理、自动控制原理、制造、设计、传感器应用、光电仪器,rysxai_major_course,,哈尔滨工业大学、哈尔滨工业大学(威海),头部/强研究型：核心课不一定换名称，但会加深数学/理论和研究训练，重点看高阶数学/物理、系统设计、科研训练、交叉前沿专题；样例：哈尔滨工业大学、哈尔滨工业大学(威海),库内未命中,区域重点/特色优势：核心课保持完整，通常叠加地方产业、行业场景、实验项目和专业方向模块；样例：库内未命中该层次开设样例,库内未命中,普通应用/职业供给：更强调工具链、工艺流程、项目实训、岗位规范，课程呈现更实训化、工具化；样例：库内未命中该层次开设样例
080303T,智能感知工程,本科(普通),工学学士,四年,工学,仪器类,大学英语、高等数学、大学物理、电路原理、信号与系统、自动控制原理、传感器原理、智能感知技术、机器视觉、多源信息融合,rysxai_major_course,,上海交通大学、北京航空航天大学、哈尔滨工业大学、北京理工大学、东南大学,头部/强研究型：核心课不一定换名称，但会加深数学/理论和研究训练，重点看高阶数学/物理、系统设计、科研训练、交叉前沿专题；样例：上海交通大学、北京航空航天大学、哈尔滨工业大学、北京理工大学、东南大学,深圳北理莫斯科大学、燕山大学、湖北大学、长春理工大学、江苏科技大学,区域重点/特色优势：核心课保持完整，通常叠加地方产业、行业场景、实验项目和专业方向模块；样例：深圳北理莫斯科大学、燕山大学、湖北大学、长春理工大学、江苏科技大学,浙江水利水电学院、南阳理工学院、山东女子学院、山西工学院、河南工学院,普通应用/职业供给：更强调工具链、工艺流程、项目实训、岗位规范，课程呈现更实训化、工具化；样例：浙江水利水电学院、南阳理工学院、山东女子学院、山西工学院、河南工学院
080402,材料物理,本科(普通),"理学学士,工学学士",四年,工学,材料类,材料物理专业导论、材料物理、原子物理及量子力学、理论物理、物理化学、结构化学、材料科学基础、化学概论、材料物理化学、电磁场论,rysxai_major_course,,复旦大学、南京大学、中国科学技术大学、武汉大学、西安交通大学,头部/强研究型：核心课不一定换名称，但会加深数学/理论和研究训练，重点看高阶数学/物理、系统设计、科研训练、交叉前沿专题；样例：复旦大学、南京大学、中国科学技术大学、武汉大学、西安交通大学,燕山大学、西安理工大学、武汉科技大学、陕西科技大学、长春理工大学,区域重点/特色优势：核心课保持完整，通常叠加地方产业、行业场景、实验项目和专业方向模块；样例：燕山大学、西安理工大学、武汉科技大学、陕西科技大学、长春理工大学,洛阳理工学院、安顺学院、合肥理工学院、蚌埠学院、邢台学院,普通应用/职业供给：更强调工具链、工艺流程、项目实训、岗位规范，课程呈现更实训化、工具化；样例：洛阳理工学院、安顺学院、合肥理工学院、蚌埠学院、邢台学院
080403,材料化学,本科(普通),"理学学士,工学学士",四年,工学,材料类,大学物理、化学、无机化学、有机化学、物理化学、化工原理、无机与分析化学、高分子科学基础、中级无机化学、中级有机化学,rysxai_major_course,,北京大学、复旦大学、南京大学、中国科学技术大学、哈尔滨工业大学,头部/强研究型：核心课不一定换名称，但会加深数学/理论和研究训练，重点看高阶数学/物理、系统设计、科研训练、交叉前沿专题；样例：北京大学、复旦大学、南京大学、中国科学技术大学、哈尔滨工业大学,湖北大学、武汉科技大学、江西师范大学、山东农业大学、河北大学,区域重点/特色优势：核心课保持完整，通常叠加地方产业、行业场景、实验项目和专业方向模块；样例：湖北大学、武汉科技大学、江西师范大学、山东农业大学、河北大学,周口师范学院、怀化学院、渭南师范学院、廊坊师范学院、淮南师范学院,普通应用/职业供给：更强调工具链、工艺流程、项目实训、岗位规范，课程呈现更实训化、工具化；样例：周口师范学院、怀化学院、渭南师范学院、廊坊师范学院、淮南师范学院
080404,冶金工程,本科(普通),工学学士,四年,工学,材料类,冶金传输原理、冶金物理化学、钢铁冶金、材料科学基础、材料物理化学、材料力学性能、材料现代分析方法、金属材料学、高分子材料、材料成型原理,rysxai_major_course+category_template,,中南大学、重庆大学、东北大学、东北大学秦皇岛分校、北京科技大学,头部/强研究型：核心课不一定换名称，但会加深数学/理论和研究训练，重点看高阶数学/物理、系统设计、科研训练、交叉前沿专题；样例：中南大学、重庆大学、东北大学、东北大学秦皇岛分校、北京科技大学,昆明理工大学、西安建筑科技大学、武汉科技大学、江苏科技大学、河南科技大学,区域重点/特色优势：核心课保持完整，通常叠加地方产业、行业场景、实验项目和专业方向模块；样例：昆明理工大学、西安建筑科技大学、武汉科技大学、江苏科技大学、河南科技大学,六盘水师范学院、吕梁学院、文山学院、赣南科技学院、辽宁科技学院,普通应用/职业供给：更强调工具链、工艺流程、项目实训、岗位规范，课程呈现更实训化、工具化；样例：六盘水师范学院、吕梁学院、文山学院、赣南科技学院、辽宁科技学院
080405,金属材料工程,本科(普通),工学学士,四年,工学,材料类,大学化学、计算机在材料学中的应用、实验数据处理与模型化、材料科学基础、材料热力学、材料物理性能、材料力学性能、金属材料学、热处理工艺及设备、材料成型原理,rysxai_major_course,,山东大学、大连理工大学、苏州大学、上海大学、西南大学,头部/强研究型：核心课不一定换名称，但会加深数学/理论和研究训练，重点看高阶数学/物理、系统设计、科研训练、交叉前沿专题；样例：山东大学、大连理工大学、苏州大学、上海大学、西南大学,燕山大学、西安建筑科技大学、武汉科技大学、山东科技大学、江苏科技大学,区域重点/特色优势：核心课保持完整，通常叠加地方产业、行业场景、实验项目和专业方向模块；样例：燕山大学、西安建筑科技大学、武汉科技大学、山东科技大学、江苏科技大学,洛阳理工学院、池州学院、百色学院、辽宁科技学院、铜陵学院,普通应用/职业供给：更强调工具链、工艺流程、项目实训、岗位规范，课程呈现更实训化、工具化；样例：洛阳理工学院、池州学院、百色学院、辽宁科技学院、铜陵学院
080406,无机非金属材料工程,本科(普通),工学学士,四年,工学,材料类,材料学概论、无机化学、画几与工程制图、无机材料科学基础、无机材料结晶学基础、材料性能、胶凝材料学、玻陶工艺与性能、耐火材料、功能陶瓷材料及应用,rysxai_major_course,,山东大学、吉林大学、中南大学、大连理工大学、华东理工大学,头部/强研究型：核心课不一定换名称，但会加深数学/理论和研究训练，重点看高阶数学/物理、系统设计、科研训练、交叉前沿专题；样例：山东大学、吉林大学、中南大学、大连理工大学、华东理工大学,燕山大学、武汉科技大学、陕西科技大学、长沙理工大学、长春理工大学,区域重点/特色优势：核心课保持完整，通常叠加地方产业、行业场景、实验项目和专业方向模块；样例：燕山大学、武汉科技大学、陕西科技大学、长沙理工大学、长春理工大学,洛阳理工学院、湖南工学院、太原工业学院、巢湖学院、山西工学院,普通应用/职业供给：更强调工具链、工艺流程、项目实训、岗位规范，课程呈现更实训化、工具化；样例：洛阳理工学院、湖南工学院、太原工业学院、巢湖学院、山西工学院
080407,高分子材料与工程,本科(普通),工学学士,四年,工学,材料类,化学、材料的入门知识、理解材料、高分子的基本概念、无机化学、物理化学、化学原理、中级有机化学、材料科学概论、高分子材料导论,rysxai_major_course,,清华大学、浙江大学、复旦大学、中国科学技术大学、哈尔滨工业大学,头部/强研究型：核心课不一定换名称，但会加深数学/理论和研究训练，重点看高阶数学/物理、系统设计、科研训练、交叉前沿专题；样例：清华大学、浙江大学、复旦大学、中国科学技术大学、哈尔滨工业大学,青岛大学、燕山大学、浙江理工大学、杭州师范大学、湖北大学,区域重点/特色优势：核心课保持完整，通常叠加地方产业、行业场景、实验项目和专业方向模块；样例：青岛大学、燕山大学、浙江理工大学、杭州师范大学、湖北大学,洛阳理工学院、河南工程学院、济宁学院、渭南师范学院、湖南工学院,普通应用/职业供给：更强调工具链、工艺流程、项目实训、岗位规范，课程呈现更实训化、工具化；样例：洛阳理工学院、河南工程学院、济宁学院、渭南师范学院、湖南工学院
080408,复合材料与工程,本科(普通),工学学士,四年,工学,材料类,材料科学基础、材料力学性能分析、材料物理性能分析、变形体力学、高分子化学、结构力学分析、常用基体的复合材料、复合材料及其结构力学、树脂基复合材料、陶瓷基复合材料,rysxai_major_course,,哈尔滨工业大学、西北工业大学、华东理工大学、武汉理工大学、东华大学,头部/强研究型：核心课不一定换名称，但会加深数学/理论和研究训练，重点看高阶数学/物理、系统设计、科研训练、交叉前沿专题；样例：哈尔滨工业大学、西北工业大学、华东理工大学、武汉理工大学、东华大学,青岛大学、中北大学、武汉纺织大学、青岛科技大学、济南大学,区域重点/特色优势：核心课保持完整，通常叠加地方产业、行业场景、实验项目和专业方向模块；样例：青岛大学、中北大学、武汉纺织大学、青岛科技大学、济南大学,兰州工业学院、晋中学院、荆楚理工学院、萍乡学院、营口理工学院,普通应用/职业供给：更强调工具链、工艺流程、项目实训、岗位规范，课程呈现更实训化、工具化；样例：兰州工业学院、晋中学院、荆楚理工学院、萍乡学院、营口理工学院
080409T,粉体材料科学与工程,本科(普通),工学学士,四年,工学,材料类,粉体工程专业导论、粉体制备与测试、粉体加工技术、粉末冶金材料、粉末成形模具设计、粉末冶金原理综合实验、粉体工程综合实验、纳米材料、新型能源材料、硬质合金,rysxai_major_course,,中南大学、合肥工业大学,头部/强研究型：核心课不一定换名称，但会加深数学/理论和研究训练，重点看高阶数学/物理、系统设计、科研训练、交叉前沿专题；样例：中南大学、合肥工业大学,沈阳理工大学、湖南工业大学、合肥大学、景德镇陶瓷大学、贺州学院,区域重点/特色优势：核心课保持完整，通常叠加地方产业、行业场景、实验项目和专业方向模块；样例：沈阳理工大学、湖南工业大学、合肥大学、景德镇陶瓷大学、贺州学院,山西工学院、辽宁科技学院,普通应用/职业供给：更强调工具链、工艺流程、项目实训、岗位规范，课程呈现更实训化、工具化；样例：山西工学院、辽宁科技学院
080410T,宝石及材料工艺学,本科(普通),工学学士,四年,工学,材料类,地质学、结晶学与矿物学、晶体光学与光性矿物学、宝石学概论、系统宝石学、有机宝石学、玉石学、有色宝石学、钻石学、宝石矿床学,rysxai_major_course,,中国地质大学(武汉)、中国地质大学(北京),头部/强研究型：核心课不一定换名称，但会加深数学/理论和研究训练，重点看高阶数学/物理、系统设计、科研训练、交叉前沿专题；样例：中国地质大学(武汉)、中国地质大学(北京),昆明理工大学、桂林理工大学、天津商业大学、河北地质大学、长春工程学院,区域重点/特色优势：核心课保持完整，通常叠加地方产业、行业场景、实验项目和专业方向模块；样例：昆明理工大学、桂林理工大学、天津商业大学、河北地质大学、长春工程学院,滇西应用技术大学、广州城市理工学院、郑州工商学院、四川文化艺术学院、上海建桥学院,普通应用/职业供给：更强调工具链、工艺流程、项目实训、岗位规范，课程呈现更实训化、工具化；样例：滇西应用技术大学、广州城市理工学院、郑州工商学院、四川文化艺术学院、上海建桥学院
080411T,焊接技术与工程,本科(普通),工学学士,四年，五年,工学,材料类,焊接技术与工程专业导论、工程材料化学、材料热力学与动力学、热加工测量与控制技术、材料分析测试技术、焊接新技术、焊接、工程实习、焊接创新设计与制作、材料科学基础,rysxai_major_course,,哈尔滨工业大学、哈尔滨工业大学(威海)、北京工业大学、西南石油大学,头部/强研究型：核心课不一定换名称，但会加深数学/理论和研究训练，重点看高阶数学/物理、系统设计、科研训练、交叉前沿专题；样例：哈尔滨工业大学、哈尔滨工业大学(威海)、北京工业大学、西南石油大学,昆明理工大学、江苏科技大学、沈阳航空航天大学、南昌航空大学、安徽工业大学,区域重点/特色优势：核心课保持完整，通常叠加地方产业、行业场景、实验项目和专业方向模块；样例：昆明理工大学、江苏科技大学、沈阳航空航天大学、南昌航空大学、安徽工业大学,洛阳理工学院、贵州理工学院、兰州工业学院、山西科技学院、河南工学院,普通应用/职业供给：更强调工具链、工艺流程、项目实训、岗位规范，课程呈现更实训化、工具化；样例：洛阳理工学院、贵州理工学院、兰州工业学院、山西科技学院、河南工学院
080412T,功能材料,本科(普通),工学学士,四年,工学,材料类,高等数学、概率论与数理统计、功能材料导论、材料热力学、陶瓷物理化学、无机非金属材料学、高分子科学概论、材料的力学性能、红外物理、磁性物理,rysxai_major_course,,天津大学、大连理工大学、华南理工大学、兰州大学、东北大学秦皇岛分校,头部/强研究型：核心课不一定换名称，但会加深数学/理论和研究训练，重点看高阶数学/物理、系统设计、科研训练、交叉前沿专题；样例：天津大学、大连理工大学、华南理工大学、兰州大学、东北大学秦皇岛分校,昆明理工大学、西安建筑科技大学、北京工商大学、长春理工大学、华侨大学,区域重点/特色优势：核心课保持完整，通常叠加地方产业、行业场景、实验项目和专业方向模块；样例：昆明理工大学、西安建筑科技大学、北京工商大学、长春理工大学、华侨大学,河南工程学院、太原工业学院、黄山学院、四川文理学院、晋中学院,普通应用/职业供给：更强调工具链、工艺流程、项目实训、岗位规范，课程呈现更实训化、工具化；样例：河南工程学院、太原工业学院、黄山学院、四川文理学院、晋中学院
080413T,纳米材料与技术,本科(普通),工学学士,四年,工学,材料类,材料化学、材料工程学、固体物理、半导体物理、纳米材料与技术、纳米材料专业实验、材料科学基础、材料物理化学、材料力学性能、材料现代分析方法,rysxai_major_course,,北京航空航天大学、国防科技大学、大连理工大学、中央民族大学、北京科技大学,头部/强研究型：核心课不一定换名称，但会加深数学/理论和研究训练，重点看高阶数学/物理、系统设计、科研训练、交叉前沿专题；样例：北京航空航天大学、国防科技大学、大连理工大学、中央民族大学、北京科技大学,西安建筑科技大学、陕西科技大学、西华大学、淮阴师范学院,区域重点/特色优势：核心课保持完整，通常叠加地方产业、行业场景、实验项目和专业方向模块；样例：西安建筑科技大学、陕西科技大学、西华大学、淮阴师范学院,许昌学院、黄河科技学院,普通应用/职业供给：更强调工具链、工艺流程、项目实训、岗位规范，课程呈现更实训化、工具化；样例：许昌学院、黄河科技学院
080414T,新能源材料与器件,本科(普通),工学学士,四年,工学,材料类,无机化学、材料科学基础、固体物理、半导体物理、材料化学与物理、电化学原理与基础、能源电化学、能量转换与应用、纳米材料、储能材料与制备技术,rysxai_major_course,,哈尔滨工业大学、北京理工大学、四川大学、同济大学、中南大学,头部/强研究型：核心课不一定换名称，但会加深数学/理论和研究训练，重点看高阶数学/物理、系统设计、科研训练、交叉前沿专题；样例：哈尔滨工业大学、北京理工大学、四川大学、同济大学、中南大学,昆明理工大学、西安理工大学、浙江理工大学、西安建筑科技大学、湖北大学,区域重点/特色优势：核心课保持完整，通常叠加地方产业、行业场景、实验项目和专业方向模块；样例：昆明理工大学、西安理工大学、浙江理工大学、西安建筑科技大学、湖北大学,许昌学院、贵州理工学院、河南工程学院、南阳理工学院、湖南工学院,普通应用/职业供给：更强调工具链、工艺流程、项目实训、岗位规范，课程呈现更实训化、工具化；样例：许昌学院、贵州理工学院、河南工程学院、南阳理工学院、湖南工学院
080415T,材料设计科学与工程,本科(普通),工学学士,四年,工学,材料类,高等数学、大学物理、材料科学基础、物理化学、材料物理性能、材料设计原理、计算材料学、先进功能材料设计、材料合成与制备实验、材料结构表征实训,rysxai_major_course,,上海大学,头部/强研究型：核心课不一定换名称，但会加深数学/理论和研究训练，重点看高阶数学/物理、系统设计、科研训练、交叉前沿专题；样例：上海大学,库内未命中,区域重点/特色优势：核心课保持完整，通常叠加地方产业、行业场景、实验项目和专业方向模块；样例：库内未命中该层次开设样例,库内未命中,普通应用/职业供给：更强调工具链、工艺流程、项目实训、岗位规范，课程呈现更实训化、工具化；样例：库内未命中该层次开设样例
080416T,复合材料成型工程,本科(普通),工学学士,四年,工学,材料类,高等数学、大学物理、计算机应用基础、材料科学基础、复合材料概论、高分子化学与物理、工程力学、复合材料成型工艺、复合材料结构设计、复合材料性能测试,rysxai_major_course,,库内未命中,头部/强研究型：核心课不一定换名称，但会加深数学/理论和研究训练，重点看高阶数学/物理、系统设计、科研训练、交叉前沿专题；样例：库内未命中该层次开设样例,赣南师范大学、上海第二工业大学,区域重点/特色优势：核心课保持完整，通常叠加地方产业、行业场景、实验项目和专业方向模块；样例：赣南师范大学、上海第二工业大学,库内未命中,普通应用/职业供给：更强调工具链、工艺流程、项目实训、岗位规范，课程呈现更实训化、工具化；样例：库内未命中该层次开设样例
080417T,智能材料与结构,本科(普通),工学学士,四年,工学,材料类,高等数学、大学物理、材料科学基础、固体力学、智能材料基础、电工电子技术、控制理论基础、智能结构设计、智能材料表征与测试、智能系统集成,rysxai_major_course,,哈尔滨工业大学、哈尔滨工业大学(威海)、西安电子科技大学,头部/强研究型：核心课不一定换名称，但会加深数学/理论和研究训练，重点看高阶数学/物理、系统设计、科研训练、交叉前沿专题；样例：哈尔滨工业大学、哈尔滨工业大学(威海)、西安电子科技大学,青岛大学、西安理工大学、河南师范大学、安徽理工大学、湖南科技大学,区域重点/特色优势：核心课保持完整，通常叠加地方产业、行业场景、实验项目和专业方向模块；样例：青岛大学、西安理工大学、河南师范大学、安徽理工大学、湖南科技大学,太原工业学院,普通应用/职业供给：更强调工具链、工艺流程、项目实训、岗位规范，课程呈现更实训化、工具化；样例：太原工业学院
080418T,光电信息材料与器件,本科(普通),工学学士,四年,工学,材料类,固体物理、半导体物理、光电材料基础、量子力学、材料科学基础、激光原理与技术、光电信息材料制备技术、光电器件原理与设计、光电材料表征技术、光电材料合成实验,rysxai_major_course,,哈尔滨工业大学、哈尔滨工业大学(威海)、南京航空航天大学、南方科技大学,头部/强研究型：核心课不一定换名称，但会加深数学/理论和研究训练，重点看高阶数学/物理、系统设计、科研训练、交叉前沿专题；样例：哈尔滨工业大学、哈尔滨工业大学(威海)、南京航空航天大学、南方科技大学,陕西科技大学、齐鲁工业大学、天津理工大学、桂林电子科技大学、西安工业大学,区域重点/特色优势：核心课保持完整，通常叠加地方产业、行业场景、实验项目和专业方向模块；样例：陕西科技大学、齐鲁工业大学、天津理工大学、桂林电子科技大学、西安工业大学,济宁学院、豫章师范学院、南昌航空大学科技学院、芜湖学院,普通应用/职业供给：更强调工具链、工艺流程、项目实训、岗位规范，课程呈现更实训化、工具化；样例：济宁学院、豫章师范学院、南昌航空大学科技学院、芜湖学院
080419T,生物材料,本科(普通),工学学士,四年,工学,材料类,大学英语、高等数学、大学物理、材料科学基础、生物化学、细胞生物学、生物材料学、生物医用材料制备与表征、生物材料相容性、生物材料制备实验,rysxai_major_course,,华南理工大学,头部/强研究型：核心课不一定换名称，但会加深数学/理论和研究训练，重点看高阶数学/物理、系统设计、科研训练、交叉前沿专题；样例：华南理工大学,井冈山大学,区域重点/特色优势：核心课保持完整，通常叠加地方产业、行业场景、实验项目和专业方向模块；样例：井冈山大学,齐鲁理工学院,普通应用/职业供给：更强调工具链、工艺流程、项目实训、岗位规范，课程呈现更实训化、工具化；样例：齐鲁理工学院
080420T,材料智能技术,本科(普通),工学学士,四年,工学,材料类,材料科学基础、大学物理、高等数学、Python程序设计、智能传感技术、材料智能设计、智能材料制备技术、材料性能智能检测、材料智能仿真实验、智能传感系统实训,rysxai_major_course,,北京科技大学,头部/强研究型：核心课不一定换名称，但会加深数学/理论和研究训练，重点看高阶数学/物理、系统设计、科研训练、交叉前沿专题；样例：北京科技大学,西安工业大学,区域重点/特色优势：核心课保持完整，通常叠加地方产业、行业场景、实验项目和专业方向模块；样例：西安工业大学,库内未命中,普通应用/职业供给：更强调工具链、工艺流程、项目实训、岗位规范，课程呈现更实训化、工具化；样例：库内未命中该层次开设样例
080421T,电子信息材料,本科(普通),工学学士,四年,工学,材料类,高等数学、大学物理、固体物理、材料科学基础、电子技术基础、物理化学、电子信息材料导论、半导体材料、薄膜材料与技术、磁性材料与器件,rysxai_major_course,,西安电子科技大学、华东理工大学、合肥工业大学、安徽大学、河北工业大学,头部/强研究型：核心课不一定换名称，但会加深数学/理论和研究训练，重点看高阶数学/物理、系统设计、科研训练、交叉前沿专题；样例：西安电子科技大学、华东理工大学、合肥工业大学、安徽大学、河北工业大学,大连民族大学、广西科技大学、潍坊学院,区域重点/特色优势：核心课保持完整，通常叠加地方产业、行业场景、实验项目和专业方向模块；样例：大连民族大学、广西科技大学、潍坊学院,库内未命中,普通应用/职业供给：更强调工具链、工艺流程、项目实训、岗位规范，课程呈现更实训化、工具化；样例：库内未命中该层次开设样例
080422T,软物质科学与工程,本科(普通),工学学士,四年,工学,材料类,高等数学、大学物理、软物质物理、高分子化学、胶体与界面科学、软物质材料设计、软物质表征技术、生物软物质、软物质制备实验、流变学测试实训,rysxai_major_course,,华南理工大学,头部/强研究型：核心课不一定换名称，但会加深数学/理论和研究训练，重点看高阶数学/物理、系统设计、科研训练、交叉前沿专题；样例：华南理工大学,库内未命中,区域重点/特色优势：核心课保持完整，通常叠加地方产业、行业场景、实验项目和专业方向模块；样例：库内未命中该层次开设样例,库内未命中,普通应用/职业供给：更强调工具链、工艺流程、项目实训、岗位规范，课程呈现更实训化、工具化；样例：库内未命中该层次开设样例
080423T,稀土材料科学与工程,本科(普通),工学学士,四年,工学,材料类,高等数学、大学物理、材料科学基础、无机化学、物理化学、稀土元素化学、稀土材料制备技术、稀土功能材料、稀土分离与提纯、稀土材料合成实验,rysxai_major_course,,库内未命中,头部/强研究型：核心课不一定换名称，但会加深数学/理论和研究训练，重点看高阶数学/物理、系统设计、科研训练、交叉前沿专题；样例：库内未命中该层次开设样例,内蒙古科技大学,区域重点/特色优势：核心课保持完整，通常叠加地方产业、行业场景、实验项目和专业方向模块；样例：内蒙古科技大学,库内未命中,普通应用/职业供给：更强调工具链、工艺流程、项目实训、岗位规范，课程呈现更实训化、工具化；样例：库内未命中该层次开设样例
080501,能源与动力工程,本科(普通),工学学士,四年,工学,能源动力类,工程热力学、传热学、工程流体力学、工程力学、燃烧学、机械制图与设计、能源科学与技术导论、能源概论、金属工艺学、内燃机原理,rysxai_major_course,,清华大学、上海交通大学、中国科学技术大学、武汉大学、华中科技大学,头部/强研究型：核心课不一定换名称，但会加深数学/理论和研究训练，重点看高阶数学/物理、系统设计、科研训练、交叉前沿专题；样例：清华大学、上海交通大学、中国科学技术大学、武汉大学、华中科技大学,上海理工大学、青岛大学、燕山大学、昆明理工大学、西安理工大学,区域重点/特色优势：核心课保持完整，通常叠加地方产业、行业场景、实验项目和专业方向模块；样例：上海理工大学、青岛大学、燕山大学、昆明理工大学、西安理工大学,六盘水师范学院、广州航海学院、山西工学院、河南牧业经济学院、滇西科技师范学院,普通应用/职业供给：更强调工具链、工艺流程、项目实训、岗位规范，课程呈现更实训化、工具化；样例：六盘水师范学院、广州航海学院、山西工学院、河南牧业经济学院、滇西科技师范学院
080502T,能源与环境系统工程,本科(普通),工学学士,四年,工学,能源动力类,能源与环境系统工程概论、工程材料及机械制造基础、热工控制及自动化、流体输送及控制、燃烧学基础、锅炉原理、热力发电厂、燃料电池基础、生物能源概论、压力容器,rysxai_major_course,,北京大学、浙江大学、山东大学、大连理工大学、南京师范大学,头部/强研究型：核心课不一定换名称，但会加深数学/理论和研究训练，重点看高阶数学/物理、系统设计、科研训练、交叉前沿专题；样例：北京大学、浙江大学、山东大学、大连理工大学、南京师范大学,沈阳航空航天大学、浙江科技大学、赣南师范大学、浙大宁波理工学院、湖北理工学院,区域重点/特色优势：核心课保持完整，通常叠加地方产业、行业场景、实验项目和专业方向模块；样例：沈阳航空航天大学、浙江科技大学、赣南师范大学、浙大宁波理工学院、湖北理工学院,新疆理工学院、营口理工学院、绵阳城市学院,普通应用/职业供给：更强调工具链、工艺流程、项目实训、岗位规范，课程呈现更实训化、工具化；样例：新疆理工学院、营口理工学院、绵阳城市学院
080503T,新能源科学与工程,本科(普通),工学学士,四年,工学,能源动力类,力学、热学、流体力学、工程制图、化学原理、固体与半导体物理、能源清洁利用理论与技术、能源动力装置基础、工程材料基础、材料科学基础与新能源材料,rysxai_major_course,,浙江大学、南京大学、华中科技大学、西安交通大学、中山大学,头部/强研究型：核心课不一定换名称，但会加深数学/理论和研究训练，重点看高阶数学/物理、系统设计、科研训练、交叉前沿专题；样例：浙江大学、南京大学、华中科技大学、西安交通大学、中山大学,上海理工大学、青岛大学、昆明理工大学、西安理工大学、福建农林大学,区域重点/特色优势：核心课保持完整，通常叠加地方产业、行业场景、实验项目和专业方向模块；样例：上海理工大学、青岛大学、昆明理工大学、西安理工大学、福建农林大学,洛阳理工学院、浙江水利水电学院、贵州理工学院、六盘水师范学院、商丘师范学院,普通应用/职业供给：更强调工具链、工艺流程、项目实训、岗位规范，课程呈现更实训化、工具化；样例：洛阳理工学院、浙江水利水电学院、贵州理工学院、六盘水师范学院、商丘师范学院
080504T,储能科学与工程,本科(普通),工学学士,四年,工学,能源动力类,工程热力学、传热学、流体力学、燃烧学、热工测试技术、动力机械、能源系统分析、制冷与热泵,category_template,rysxai课程文本未抽出课程名,上海交通大学、武汉大学、华中科技大学、西安交通大学、哈尔滨工业大学,头部/强研究型：核心课不一定换名称，但会加深数学/理论和研究训练，重点看高阶数学/物理、系统设计、科研训练、交叉前沿专题；样例：上海交通大学、武汉大学、华中科技大学、西安交通大学、哈尔滨工业大学,上海理工大学、昆明理工大学、西安理工大学、西安建筑科技大学、武汉科技大学,区域重点/特色优势：核心课保持完整，通常叠加地方产业、行业场景、实验项目和专业方向模块；样例：上海理工大学、昆明理工大学、西安理工大学、西安建筑科技大学、武汉科技大学,黄淮学院、济宁学院、河北民族师范学院、合肥理工学院、新余学院,普通应用/职业供给：更强调工具链、工艺流程、项目实训、岗位规范，课程呈现更实训化、工具化；样例：黄淮学院、济宁学院、河北民族师范学院、合肥理工学院、新余学院
080505T,能源服务工程,本科(普通),工学学士,四年,工学,能源动力类,工程热力学、传热学、流体力学、能源概论、电工电子技术、能源服务管理、能源系统分析、能源审计与评估、合同能源管理、能源信息化技术,rysxai_major_course,,南京师范大学,头部/强研究型：核心课不一定换名称，但会加深数学/理论和研究训练，重点看高阶数学/物理、系统设计、科研训练、交叉前沿专题；样例：南京师范大学,上海电力大学、南京工程学院,区域重点/特色优势：核心课保持完整，通常叠加地方产业、行业场景、实验项目和专业方向模块；样例：上海电力大学、南京工程学院,新疆理工学院,普通应用/职业供给：更强调工具链、工艺流程、项目实训、岗位规范，课程呈现更实训化、工具化；样例：新疆理工学院
080506TK,氢能科学与工程,本科(普通),工学学士,四年,工学,能源动力类,高等数学、大学物理、计算机应用基础、工程热力学、流体力学、传热学、材料科学基础、氢能制备技术、氢能储存与运输、燃料电池原理与应用,rysxai_major_course,,北京化工大学、华北电力大学(保定)、华北电力大学(北京)、江苏大学,头部/强研究型：核心课不一定换名称，但会加深数学/理论和研究训练，重点看高阶数学/物理、系统设计、科研训练、交叉前沿专题；样例：北京化工大学、华北电力大学(保定)、华北电力大学(北京)、江苏大学,安徽工业大学、郑州轻工业大学、临沂大学、盐城师范学院,区域重点/特色优势：核心课保持完整，通常叠加地方产业、行业场景、实验项目和专业方向模块；样例：安徽工业大学、郑州轻工业大学、临沂大学、盐城师范学院,库内未命中,普通应用/职业供给：更强调工具链、工艺流程、项目实训、岗位规范，课程呈现更实训化、工具化；样例：库内未命中该层次开设样例
080507TK,可持续能源,本科(普通),工学学士,四年,工学,能源动力类,能源概论、工程热力学、流体力学、传热学、太阳能利用技术、风能发电原理、生物质能转化技术、氢能与燃料电池、太阳能光伏系统设计实训、风力发电机组仿真实验,rysxai_major_course,,上海交通大学、福州大学,头部/强研究型：核心课不一定换名称，但会加深数学/理论和研究训练，重点看高阶数学/物理、系统设计、科研训练、交叉前沿专题；样例：上海交通大学、福州大学,河南师范大学,区域重点/特色优势：核心课保持完整，通常叠加地方产业、行业场景、实验项目和专业方向模块；样例：河南师范大学,香港高等教育科技学院,普通应用/职业供给：更强调工具链、工艺流程、项目实训、岗位规范，课程呈现更实训化、工具化；样例：香港高等教育科技学院
080602T,智能电网信息工程,本科(普通),工学学士,四年,工学,电气类,数字电路、模拟电子技术、电机学、电力系统分析、电力电子技术、电力系统继电保护、电力系统自动化、电路、数字电子技术、自动控制原理,rysxai_major_course,,天津大学、电子科技大学、南京理工大学、福州大学、合肥工业大学,头部/强研究型：核心课不一定换名称，但会加深数学/理论和研究训练，重点看高阶数学/物理、系统设计、科研训练、交叉前沿专题；样例：天津大学、电子科技大学、南京理工大学、福州大学、合肥工业大学,西安理工大学、陕西科技大学、长沙理工大学、重庆邮电大学、青岛科技大学,区域重点/特色优势：核心课保持完整，通常叠加地方产业、行业场景、实验项目和专业方向模块；样例：西安理工大学、陕西科技大学、长沙理工大学、重庆邮电大学、青岛科技大学,浙江水利水电学院、许昌学院、河南工程学院、新余学院、河北水利电力学院,普通应用/职业供给：更强调工具链、工艺流程、项目实训、岗位规范，课程呈现更实训化、工具化；样例：浙江水利水电学院、许昌学院、河南工程学院、新余学院、河北水利电力学院
080603T,光源与照明,本科(普通),工学学士,四年,工学,电气类,高等数学、大学物理、光学原理、电子技术基础、半导体物理、光源技术、照明设计、LED器件与应用、照明控制技术、光源性能测试实验,rysxai_major_course,,库内未命中,头部/强研究型：核心课不一定换名称，但会加深数学/理论和研究训练，重点看高阶数学/物理、系统设计、科研训练、交叉前沿专题；样例：库内未命中该层次开设样例,安徽工业大学、大连工业大学、佛山大学、深圳技术大学,区域重点/特色优势：核心课保持完整，通常叠加地方产业、行业场景、实验项目和专业方向模块；样例：安徽工业大学、大连工业大学、佛山大学、深圳技术大学,库内未命中,普通应用/职业供给：更强调工具链、工艺流程、项目实训、岗位规范，课程呈现更实训化、工具化；样例：库内未命中该层次开设样例
080604T,电气工程与智能控制,本科(普通),工学学士,四年,工学,电气类,电气工程概论、自动控制原理、电路、模拟电子技术、数字电子技术、电机学、电力电子技术、电力系统分析、继电保护,rysxai_major_course+category_template,,苏州大学、合肥工业大学、合肥工业大学(宣城校区)、西南石油大学,头部/强研究型：核心课不一定换名称，但会加深数学/理论和研究训练，重点看高阶数学/物理、系统设计、科研训练、交叉前沿专题；样例：苏州大学、合肥工业大学、合肥工业大学(宣城校区)、西南石油大学,西安理工大学、山东科技大学、中北大学、上海海事大学、青岛理工大学,区域重点/特色优势：核心课保持完整，通常叠加地方产业、行业场景、实验项目和专业方向模块；样例：西安理工大学、山东科技大学、中北大学、上海海事大学、青岛理工大学,周口师范学院、渭南师范学院、湖南工学院、太原工业学院、亳州学院,普通应用/职业供给：更强调工具链、工艺流程、项目实训、岗位规范，课程呈现更实训化、工具化；样例：周口师范学院、渭南师范学院、湖南工学院、太原工业学院、亳州学院
080605T,电机电器智能化,本科(普通),工学学士,四年,工学,电气类,高等数学、大学物理、电路原理、电子技术基础、电机学、自动控制原理、电机电器智能化设计、电力电子技术、智能控制技术、电机拖动与控制,rysxai_major_course,,库内未命中,头部/强研究型：核心课不一定换名称，但会加深数学/理论和研究训练，重点看高阶数学/物理、系统设计、科研训练、交叉前沿专题；样例：库内未命中该层次开设样例,临沂大学、上海电机学院、塔里木大学,区域重点/特色优势：核心课保持完整，通常叠加地方产业、行业场景、实验项目和专业方向模块；样例：临沂大学、上海电机学院、塔里木大学,辽宁理工学院,普通应用/职业供给：更强调工具链、工艺流程、项目实训、岗位规范，课程呈现更实训化、工具化；样例：辽宁理工学院
080606T,电缆工程,本科(普通),工学学士,四年,工学,电气类,高等数学、大学物理、电工学、电路原理、电磁场与电磁波、材料科学基础、信号与系统、电缆设计原理、电缆制造工艺、电缆测试技术,rysxai_major_course,,库内未命中,头部/强研究型：核心课不一定换名称，但会加深数学/理论和研究训练，重点看高阶数学/物理、系统设计、科研训练、交叉前沿专题；样例：库内未命中该层次开设样例,库内未命中,区域重点/特色优势：核心课保持完整，通常叠加地方产业、行业场景、实验项目和专业方向模块；样例：库内未命中该层次开设样例,河南工学院,普通应用/职业供给：更强调工具链、工艺流程、项目实训、岗位规范，课程呈现更实训化、工具化；样例：河南工学院
080607T,能源互联网工程,本科(普通),工学学士,四年,工学,电气类,高等数学、大学物理、电路原理、自动控制原理、电力系统分析、能源互联网技术、分布式发电与微电网、电力市场与交易、电力系统仿真实验、微电网设计实训,rysxai_major_course,,西安交通大学、哈尔滨工业大学、太原理工大学,头部/强研究型：核心课不一定换名称，但会加深数学/理论和研究训练，重点看高阶数学/物理、系统设计、科研训练、交叉前沿专题；样例：西安交通大学、哈尔滨工业大学、太原理工大学,陕西科技大学、上海电力大学、平顶山学院,区域重点/特色优势：核心课保持完整，通常叠加地方产业、行业场景、实验项目和专业方向模块；样例：陕西科技大学、上海电力大学、平顶山学院,山西工学院、广西民族大学相思湖学院,普通应用/职业供给：更强调工具链、工艺流程、项目实训、岗位规范，课程呈现更实训化、工具化；样例：山西工学院、广西民族大学相思湖学院
080608TK,智慧能源工程,本科(普通),工学学士,四年,工学,电气类,工程热力学、流体力学、传热学、能源概论、电工电子技术、智慧能源系统建模与仿真、可再生能源发电技术、能源互联网技术、智能电网与储能技术、智慧能源系统实训,rysxai_major_course,,上海交通大学、武汉大学、北京交通大学,头部/强研究型：核心课不一定换名称，但会加深数学/理论和研究训练，重点看高阶数学/物理、系统设计、科研训练、交叉前沿专题；样例：上海交通大学、武汉大学、北京交通大学,长江大学、华北水利水电大学,区域重点/特色优势：核心课保持完整，通常叠加地方产业、行业场景、实验项目和专业方向模块；样例：长江大学、华北水利水电大学,黄淮学院,普通应用/职业供给：更强调工具链、工艺流程、项目实训、岗位规范，课程呈现更实训化、工具化；样例：黄淮学院
080609T,电动载运工程,本科(普通),工学学士,四年,工学,电气类,高等数学、工程力学、机械原理、电机与拖动基础、电动载运工具设计、动力电池与能量管理、智能网联技术、电动车辆底盘实训、动力电池系统实验、智能驾驶仿真实验,rysxai_major_course,,东南大学,头部/强研究型：核心课不一定换名称，但会加深数学/理论和研究训练，重点看高阶数学/物理、系统设计、科研训练、交叉前沿专题；样例：东南大学,库内未命中,区域重点/特色优势：核心课保持完整，通常叠加地方产业、行业场景、实验项目和专业方向模块；样例：库内未命中该层次开设样例,库内未命中,普通应用/职业供给：更强调工具链、工艺流程、项目实训、岗位规范，课程呈现更实训化、工具化；样例：库内未命中该层次开设样例
080610TK,大功率半导体科学与工程,本科(普通),工学学士,四年,工学,电气类,高等数学、大学物理、半导体物理、固体物理、电路分析基础、电子技术基础、大功率半导体器件物理、大功率半导体材料制备、大功率半导体封装与测试、半导体器件工艺实训,rysxai_major_course,,西南交通大学,头部/强研究型：核心课不一定换名称，但会加深数学/理论和研究训练，重点看高阶数学/物理、系统设计、科研训练、交叉前沿专题；样例：西南交通大学,库内未命中,区域重点/特色优势：核心课保持完整，通常叠加地方产业、行业场景、实验项目和专业方向模块；样例：库内未命中该层次开设样例,库内未命中,普通应用/职业供给：更强调工具链、工艺流程、项目实训、岗位规范，课程呈现更实训化、工具化；样例：库内未命中该层次开设样例
080702,电子科学与技术,本科(普通),"理学学士,工学学士",四年,工学,电子信息类,半导体物理学、固体物理学、量子力学与统计物理、电子材料导论、磁性物理、材料物理化学、固态电子论、电子科学与技术概论、集成电路、ASIC设计与应用,rysxai_major_course,,浙江大学、上海交通大学、复旦大学、中国科学技术大学、武汉大学,头部/强研究型：核心课不一定换名称，但会加深数学/理论和研究训练，重点看高阶数学/物理、系统设计、科研训练、交叉前沿专题；样例：浙江大学、上海交通大学、复旦大学、中国科学技术大学、武汉大学,西交利物浦大学、山东师范大学、上海理工大学、燕山大学、西安理工大学,区域重点/特色优势：核心课保持完整，通常叠加地方产业、行业场景、实验项目和专业方向模块；样例：西交利物浦大学、山东师范大学、上海理工大学、燕山大学、西安理工大学,洛阳理工学院、江苏第二师范学院、黄淮学院、河南工程学院、巢湖学院,普通应用/职业供给：更强调工具链、工艺流程、项目实训、岗位规范，课程呈现更实训化、工具化；样例：洛阳理工学院、江苏第二师范学院、黄淮学院、河南工程学院、巢湖学院
080703,通信工程,本科(普通),工学学士,四年,工学,电子信息类,高等数学、大学物理、线性代数、概率论与数理统计、C/C++程序设计、大学计算机、电路理论基础、模拟电路基础、数字电路、信号与系统,rysxai_major_course,,复旦大学、南京大学、武汉大学、华中科技大学、北京航空航天大学,头部/强研究型：核心课不一定换名称，但会加深数学/理论和研究训练，重点看高阶数学/物理、系统设计、科研训练、交叉前沿专题；样例：复旦大学、南京大学、武汉大学、华中科技大学、北京航空航天大学,浙江工商大学、西交利物浦大学、山东师范大学、广州大学、上海理工大学,区域重点/特色优势：核心课保持完整，通常叠加地方产业、行业场景、实验项目和专业方向模块；样例：浙江工商大学、西交利物浦大学、山东师范大学、广州大学、上海理工大学,洛阳理工学院、周口师范学院、商丘师范学院、黄淮学院、怀化学院,普通应用/职业供给：更强调工具链、工艺流程、项目实训、岗位规范，课程呈现更实训化、工具化；样例：洛阳理工学院、周口师范学院、商丘师范学院、黄淮学院、怀化学院
080705,光电信息科学与工程,本科(普通),"理学学士,工学学士",四年,工学,电子信息类,C语言、工程制图、电路与模拟电子技术、信号与系统、数字逻辑电路、工程电磁场理论、半导体物理、固态电子学、工程光学、物理光学,rysxai_major_course,,浙江大学、复旦大学、南京大学、中国科学技术大学、华中科技大学,头部/强研究型：核心课不一定换名称，但会加深数学/理论和研究训练，重点看高阶数学/物理、系统设计、科研训练、交叉前沿专题；样例：浙江大学、复旦大学、南京大学、中国科学技术大学、华中科技大学,山东师范大学、广州大学、上海理工大学、青岛大学、昆明理工大学,区域重点/特色优势：核心课保持完整，通常叠加地方产业、行业场景、实验项目和专业方向模块；样例：山东师范大学、广州大学、上海理工大学、青岛大学、昆明理工大学,周口师范学院、湘南学院、怀化学院、南阳理工学院、渭南师范学院,普通应用/职业供给：更强调工具链、工艺流程、项目实训、岗位规范，课程呈现更实训化、工具化；样例：周口师范学院、湘南学院、怀化学院、南阳理工学院、渭南师范学院
080706,信息工程,本科(普通),工学学士,四年,工学,电子信息类,数学、编程、工具、实用技能、微积分进阶、概率统计和随机过程、数值方法、算法与编程、JAVA编程技术、Matlab与信号处理,rysxai_major_course,,浙江大学、上海交通大学、西安交通大学、中山大学、国防科技大学,头部/强研究型：核心课不一定换名称，但会加深数学/理论和研究训练，重点看高阶数学/物理、系统设计、科研训练、交叉前沿专题；样例：浙江大学、上海交通大学、西安交通大学、中山大学、国防科技大学,北京工商大学、山东科技大学、青岛科技大学、武汉工程大学、天津财经大学,区域重点/特色优势：核心课保持完整，通常叠加地方产业、行业场景、实验项目和专业方向模块；样例：北京工商大学、山东科技大学、青岛科技大学、武汉工程大学、天津财经大学,廊坊师范学院、凯里学院、汉江师范学院、沧州师范学院、成都东软学院,普通应用/职业供给：更强调工具链、工艺流程、项目实训、岗位规范，课程呈现更实训化、工具化；样例：廊坊师范学院、凯里学院、汉江师范学院、沧州师范学院、成都东软学院
080707T,广播电视工程,本科(普通),工学学士,四年,工学,电子信息类,数字电子技术、电路分析、模拟电子技术、信号与系统、通信原理、电磁场与电磁波、嵌入式系统、数字信号处理,rysxai_major_course+category_template,,中国传媒大学、南京邮电大学,头部/强研究型：核心课不一定换名称，但会加深数学/理论和研究训练，重点看高阶数学/物理、系统设计、科研训练、交叉前沿专题；样例：中国传媒大学、南京邮电大学,西安邮电大学、浙江传媒学院、四川传媒学院,区域重点/特色优势：核心课保持完整，通常叠加地方产业、行业场景、实验项目和专业方向模块；样例：西安邮电大学、浙江传媒学院、四川传媒学院,兰州文理学院、四川文化艺术学院、武汉传媒学院、南京传媒学院,普通应用/职业供给：更强调工具链、工艺流程、项目实训、岗位规范，课程呈现更实训化、工具化；样例：兰州文理学院、四川文化艺术学院、武汉传媒学院、南京传媒学院
080708T,水声工程,本科(普通),工学学士,四年,工学,电子信息类,高等数学、大学物理、信号与系统、水声学基础、振动与波动理论、水声换能器原理与设计、水声信号处理、水下声呐技术、水声测量实验、换能器制作实训,rysxai_major_course,,西北工业大学、哈尔滨工程大学,头部/强研究型：核心课不一定换名称，但会加深数学/理论和研究训练，重点看高阶数学/物理、系统设计、科研训练、交叉前沿专题；样例：西北工业大学、哈尔滨工程大学,江苏科技大学、网络空间部队信息工程大学,区域重点/特色优势：核心课保持完整，通常叠加地方产业、行业场景、实验项目和专业方向模块；样例：江苏科技大学、网络空间部队信息工程大学,库内未命中,普通应用/职业供给：更强调工具链、工艺流程、项目实训、岗位规范，课程呈现更实训化、工具化；样例：库内未命中该层次开设样例
080709T,电子封装技术,本科(普通),工学学士,四年,工学,电子信息类,半导体工艺技术基础、薄膜材料与工艺、微电子制造科学原理与工程概论、电子制造技术基础、微连接原理与方法、表面组装技术、微纳加工工艺、电子器件与组件结构设计、混合微电路技术、电子封装可靠性,rysxai_major_course,,华中科技大学、哈尔滨工业大学、哈尔滨工业大学(深圳)、北京理工大学、哈尔滨工业大学(威海),头部/强研究型：核心课不一定换名称，但会加深数学/理论和研究训练，重点看高阶数学/物理、系统设计、科研训练、交叉前沿专题；样例：华中科技大学、哈尔滨工业大学、哈尔滨工业大学(深圳)、北京理工大学、哈尔滨工业大学(威海),江苏科技大学、南昌航空大学、桂林电子科技大学、上海工程技术大学、河北科技大学,区域重点/特色优势：核心课保持完整，通常叠加地方产业、行业场景、实验项目和专业方向模块；样例：江苏科技大学、南昌航空大学、桂林电子科技大学、上海工程技术大学、河北科技大学,山西电子科技学院、芜湖学院,普通应用/职业供给：更强调工具链、工艺流程、项目实训、岗位规范，课程呈现更实训化、工具化；样例：山西电子科技学院、芜湖学院
080710T,集成电路设计与集成系统,本科(普通),工学学士,四年,工学,电子信息类,工程数学理论与实践、C/C++语言程序设计、计算机原理与系统设计、电路分析、模拟电路技术与基础、电磁场与电磁波技术、微电子学基础理论、半导体物理学、半导体材料与测试技术、半导体表面与界面,rysxai_major_course,,北京大学、南京大学、中国科学技术大学、华中科技大学、哈尔滨工业大学,头部/强研究型：核心课不一定换名称，但会加深数学/理论和研究训练，重点看高阶数学/物理、系统设计、科研训练、交叉前沿专题；样例：北京大学、南京大学、中国科学技术大学、华中科技大学、哈尔滨工业大学,广州大学、青岛大学、西安理工大学、湖北大学、温州大学,区域重点/特色优势：核心课保持完整，通常叠加地方产业、行业场景、实验项目和专业方向模块；样例：广州大学、青岛大学、西安理工大学、湖北大学、温州大学,河南工程学院、齐鲁师范学院、福建技术师范学院、黄山学院、兰州工业学院,普通应用/职业供给：更强调工具链、工艺流程、项目实训、岗位规范，课程呈现更实训化、工具化；样例：河南工程学院、齐鲁师范学院、福建技术师范学院、黄山学院、兰州工业学院
080711T,医学信息工程,本科(普通),工学学士,四年,工学,电子信息类,大学计算机基础、大学物理、程序设计基础、人体解剖与生理学、人体解剖与生理学实验、生物医学信息学导论、线性电子电路、单片机技术及应用、数据结构、算法分析与设计,rysxai_major_course,,四川大学、南京医科大学、南京中医药大学、南京信息工程大学、广州中医药大学,头部/强研究型：核心课不一定换名称，但会加深数学/理论和研究训练，重点看高阶数学/物理、系统设计、科研训练、交叉前沿专题；样例：四川大学、南京医科大学、南京中医药大学、南京信息工程大学、广州中医药大学,上海理工大学、安徽医科大学、浙江中医药大学、山东第一医科大学、重庆邮电大学,区域重点/特色优势：核心课保持完整，通常叠加地方产业、行业场景、实验项目和专业方向模块；样例：上海理工大学、安徽医科大学、浙江中医药大学、山东第一医科大学、重庆邮电大学,新疆理工学院、新疆科技学院、河南工学院、遵义医科大学医学与科技学院、大连医科大学中山学院,普通应用/职业供给：更强调工具链、工艺流程、项目实训、岗位规范，课程呈现更实训化、工具化；样例：新疆理工学院、新疆科技学院、河南工学院、遵义医科大学医学与科技学院、大连医科大学中山学院
080712T,电磁场与无线技术,本科(普通),工学学士,四年,工学,电子信息类,电路分析、模拟电子技术、数字电子技术、信号与系统、通信原理、电磁场与电磁波、嵌入式系统、数字信号处理,category_template,rysxai课程文本未抽出课程名,华中科技大学、北京航空航天大学、哈尔滨工业大学、厦门大学、电子科技大学,头部/强研究型：核心课不一定换名称，但会加深数学/理论和研究训练，重点看高阶数学/物理、系统设计、科研训练、交叉前沿专题；样例：华中科技大学、北京航空航天大学、哈尔滨工业大学、厦门大学、电子科技大学,重庆邮电大学、西安邮电大学、咸阳师范学院,区域重点/特色优势：核心课保持完整，通常叠加地方产业、行业场景、实验项目和专业方向模块；样例：重庆邮电大学、西安邮电大学、咸阳师范学院,库内未命中,普通应用/职业供给：更强调工具链、工艺流程、项目实训、岗位规范，课程呈现更实训化、工具化；样例：库内未命中该层次开设样例
080713T,电波传播与天线,本科(普通),工学学士,四年,工学,电子信息类,电磁学、电磁波理论基础、电路分析、模拟电子技术、数字电子技术、信号与系统、通信原理、电磁场与电磁波、嵌入式系统、数字信号处理,rysxai_major_course+category_template,,武汉大学、西安电子科技大学,头部/强研究型：核心课不一定换名称，但会加深数学/理论和研究训练，重点看高阶数学/物理、系统设计、科研训练、交叉前沿专题；样例：武汉大学、西安电子科技大学,库内未命中,区域重点/特色优势：核心课保持完整，通常叠加地方产业、行业场景、实验项目和专业方向模块；样例：库内未命中该层次开设样例,库内未命中,普通应用/职业供给：更强调工具链、工艺流程、项目实训、岗位规范，课程呈现更实训化、工具化；样例：库内未命中该层次开设样例
080714T,电子信息科学与技术,本科(普通),"理学学士,工学学士",四年,工学,电子信息类,线性代数、复变函数/积分变换/场论、电路分析原理、模拟电路基础、低频电子线路、高频电子线路、数字逻辑与处理器基础、信号与系统、电磁场与电磁波技术、半导体物理学,rysxai_major_course,,清华大学、北京大学、复旦大学、南京大学、中山大学,头部/强研究型：核心课不一定换名称，但会加深数学/理论和研究训练，重点看高阶数学/物理、系统设计、科研训练、交叉前沿专题；样例：清华大学、北京大学、复旦大学、南京大学、中山大学,上海理工大学、西安建筑科技大学、山东农业大学、温州大学、河北大学,区域重点/特色优势：核心课保持完整，通常叠加地方产业、行业场景、实验项目和专业方向模块；样例：上海理工大学、西安建筑科技大学、山东农业大学、温州大学、河北大学,湘南学院、怀化学院、渭南师范学院、廊坊师范学院、吉林农业科技学院,普通应用/职业供给：更强调工具链、工艺流程、项目实训、岗位规范，课程呈现更实训化、工具化；样例：湘南学院、怀化学院、渭南师范学院、廊坊师范学院、吉林农业科技学院
080715T,电信工程及管理,本科(普通),工学学士,四年,工学,电子信息类,电磁场与电磁波技术、数字电路设计、数据结构与应用、互联网协议、电信系统、图形与视频处理、数字广播、电路分析、模拟电子技术、数字电子技术,rysxai_major_course,,北京邮电大学,头部/强研究型：核心课不一定换名称，但会加深数学/理论和研究训练，重点看高阶数学/物理、系统设计、科研训练、交叉前沿专题；样例：北京邮电大学,桂林电子科技大学、西安邮电大学,区域重点/特色优势：核心课保持完整，通常叠加地方产业、行业场景、实验项目和专业方向模块；样例：桂林电子科技大学、西安邮电大学,保定学院、重庆移通学院、山西应用科技学院、泰山科技学院,普通应用/职业供给：更强调工具链、工艺流程、项目实训、岗位规范，课程呈现更实训化、工具化；样例：保定学院、重庆移通学院、山西应用科技学院、泰山科技学院
080716T,应用电子技术教育,本科(普通),工学学士,四年,工学,电子信息类,大学英语、高等数学、大学物理、计算机应用基础、电路分析基础、模拟电子技术、数字电子技术、教育心理学、教育技术学、职业教育课程开发,rysxai_major_course,,湖南师范大学,头部/强研究型：核心课不一定换名称，但会加深数学/理论和研究训练，重点看高阶数学/物理、系统设计、科研训练、交叉前沿专题；样例：湖南师范大学,西华师范大学、南宁师范大学、广东技术师范大学、安庆师范大学、天津职业技术师范大学,区域重点/特色优势：核心课保持完整，通常叠加地方产业、行业场景、实验项目和专业方向模块；样例：西华师范大学、南宁师范大学、广东技术师范大学、安庆师范大学、天津职业技术师范大学,兴义民族师范学院、广西职业师范学院,普通应用/职业供给：更强调工具链、工艺流程、项目实训、岗位规范，课程呈现更实训化、工具化；样例：兴义民族师范学院、广西职业师范学院
080717T,人工智能,本科(普通),工学学士,四年,工学,电子信息类,数学工具、计算机基础、高等数学、线性代数、概率论与数理统计、Python程序设计、数据结构与算法、计算机组成原理、人工智能导论、机器学习,rysxai_major_course,,清华大学、北京大学、浙江大学、上海交通大学、复旦大学,头部/强研究型：核心课不一定换名称，但会加深数学/理论和研究训练，重点看高阶数学/物理、系统设计、科研训练、交叉前沿专题；样例：清华大学、北京大学、浙江大学、上海交通大学、复旦大学,江西财经大学、浙江工商大学、西交利物浦大学、山东师范大学、广州大学,区域重点/特色优势：核心课保持完整，通常叠加地方产业、行业场景、实验项目和专业方向模块；样例：江西财经大学、浙江工商大学、西交利物浦大学、山东师范大学、广州大学,洛阳理工学院、浙江水利水电学院、湘南学院、商丘师范学院、重庆第二师范学院,普通应用/职业供给：更强调工具链、工艺流程、项目实训、岗位规范，课程呈现更实训化、工具化；样例：洛阳理工学院、浙江水利水电学院、湘南学院、商丘师范学院、重庆第二师范学院
080718T,海洋信息工程,本科(普通),工学学士,四年,工学,电子信息类,高等数学、大学物理、计算机应用基础、海洋科学导论、信号与系统、数字信号处理、地理信息系统原理、海洋遥感技术、海洋信息处理、海洋传感器技术,rysxai_major_course,,国防科技大学、东南大学、哈尔滨工业大学(威海)、哈尔滨工程大学,头部/强研究型：核心课不一定换名称，但会加深数学/理论和研究训练，重点看高阶数学/物理、系统设计、科研训练、交叉前沿专题；样例：国防科技大学、东南大学、哈尔滨工业大学(威海)、哈尔滨工程大学,山东科技大学、江苏科技大学、齐鲁工业大学、江苏海洋大学,区域重点/特色优势：核心课保持完整，通常叠加地方产业、行业场景、实验项目和专业方向模块；样例：山东科技大学、江苏科技大学、齐鲁工业大学、江苏海洋大学,烟台科技学院,普通应用/职业供给：更强调工具链、工艺流程、项目实训、岗位规范，课程呈现更实训化、工具化；样例：烟台科技学院
080719T,柔性电子学,本科(普通),工学学士,四年,工学,电子信息类,大学英语、高等数学、大学物理、固体物理、电路分析基础、材料科学基础、柔性电子材料、柔性器件设计与制备、柔性电路与系统集成、柔性材料制备实验,rysxai_major_course,,中山大学、西北工业大学、南京邮电大学、河南大学、南京工业大学,头部/强研究型：核心课不一定换名称，但会加深数学/理论和研究训练，重点看高阶数学/物理、系统设计、科研训练、交叉前沿专题；样例：中山大学、西北工业大学、南京邮电大学、河南大学、南京工业大学,陕西科技大学、江汉大学、北京印刷学院、湖南第一师范学院,区域重点/特色优势：核心课保持完整，通常叠加地方产业、行业场景、实验项目和专业方向模块；样例：陕西科技大学、江汉大学、北京印刷学院、湖南第一师范学院,库内未命中,普通应用/职业供给：更强调工具链、工艺流程、项目实训、岗位规范，课程呈现更实训化、工具化；样例：库内未命中该层次开设样例
080720T,智能测控工程,本科(普通),工学学士,四年,工学,电子信息类,高等数学、大学物理、电路原理、模拟电子技术、数字电子技术、自动控制原理、传感器原理与应用、智能检测技术、智能控制技术、虚拟仪器技术,rysxai_major_course,,哈尔滨工业大学、苏州大学、太原理工大学,头部/强研究型：核心课不一定换名称，但会加深数学/理论和研究训练，重点看高阶数学/物理、系统设计、科研训练、交叉前沿专题；样例：哈尔滨工业大学、苏州大学、太原理工大学,中北大学、南京工程学院、湖北汽车工业学院、苏州城市学院、牡丹江师范学院,区域重点/特色优势：核心课保持完整，通常叠加地方产业、行业场景、实验项目和专业方向模块；样例：中北大学、南京工程学院、湖北汽车工业学院、苏州城市学院、牡丹江师范学院,山东管理学院、太原学院、郑州工程技术学院、赣南师范大学科技学院、中南林业科技大学涉外学院,普通应用/职业供给：更强调工具链、工艺流程、项目实训、岗位规范，课程呈现更实训化、工具化；样例：山东管理学院、太原学院、郑州工程技术学院、赣南师范大学科技学院、中南林业科技大学涉外学院
080721T,智能视觉工程,本科(普通),工学学士,四年,工学,电子信息类,高等数学、计算机应用基础、大学物理、数字图像处理、计算机视觉基础、机器学习基础、Python程序设计、深度学习与视觉、智能视觉算法设计、目标检测与跟踪,rysxai_major_course,,哈尔滨工业大学,头部/强研究型：核心课不一定换名称，但会加深数学/理论和研究训练，重点看高阶数学/物理、系统设计、科研训练、交叉前沿专题；样例：哈尔滨工业大学,桂林电子科技大学、泉州师范学院、河南科技学院,区域重点/特色优势：核心课保持完整，通常叠加地方产业、行业场景、实验项目和专业方向模块；样例：桂林电子科技大学、泉州师范学院、河南科技学院,河南工程学院、武汉学院、哈尔滨剑桥学院,普通应用/职业供给：更强调工具链、工艺流程、项目实训、岗位规范，课程呈现更实训化、工具化；样例：河南工程学院、武汉学院、哈尔滨剑桥学院
080722T,智能视听工程,本科(普通),工学学士,四年,工学,电子信息类,高等数学、数字信号处理、视听技术基础、计算机视觉、智能音频处理、智能视频分析、沉浸式视听技术、智能视听系统设计实训、沉浸式内容制作实践、视听信号处理实验,rysxai_major_course,,中国传媒大学,头部/强研究型：核心课不一定换名称，但会加深数学/理论和研究训练，重点看高阶数学/物理、系统设计、科研训练、交叉前沿专题；样例：中国传媒大学,西安邮电大学,区域重点/特色优势：核心课保持完整，通常叠加地方产业、行业场景、实验项目和专业方向模块；样例：西安邮电大学,山西传媒学院、南京传媒学院,普通应用/职业供给：更强调工具链、工艺流程、项目实训、岗位规范，课程呈现更实训化、工具化；样例：山西传媒学院、南京传媒学院
080802T,轨道交通信号与控制,本科(普通),工学学士,四年,工学,自动化类,数据通信、电路、模拟电子技术、数字电子技术、自动控制原理、现代控制理论、过程控制、运动控制、PLC与工业控制,rysxai_major_course+category_template,,中南大学、南京理工大学、北京交通大学、郑州大学、苏州大学,头部/强研究型：核心课不一定换名称，但会加深数学/理论和研究训练，重点看高阶数学/物理、系统设计、科研训练、交叉前沿专题；样例：中南大学、南京理工大学、北京交通大学、郑州大学、苏州大学,长沙理工大学、中北大学、中南民族大学、常州大学、江苏师范大学,区域重点/特色优势：核心课保持完整，通常叠加地方产业、行业场景、实验项目和专业方向模块；样例：长沙理工大学、中北大学、中南民族大学、常州大学、江苏师范大学,淮南师范学院、新乡学院、兰州工业学院、唐山学院、山西工学院,普通应用/职业供给：更强调工具链、工艺流程、项目实训、岗位规范，课程呈现更实训化、工具化；样例：淮南师范学院、新乡学院、兰州工业学院、唐山学院、山西工学院
080803T,机器人工程,本科(普通),工学学士,四年,工学,自动化类,数学工具、物理原理、外语能力、高等数学、大学物理、大学英语、机械、控制、编程三大方向、机械设计基础,rysxai_major_course,,北京大学、浙江大学、中国科学技术大学、武汉大学、华中科技大学,头部/强研究型：核心课不一定换名称，但会加深数学/理论和研究训练，重点看高阶数学/物理、系统设计、科研训练、交叉前沿专题；样例：北京大学、浙江大学、中国科学技术大学、武汉大学、华中科技大学,西交利物浦大学、广州大学、上海理工大学、青岛大学、燕山大学,区域重点/特色优势：核心课保持完整，通常叠加地方产业、行业场景、实验项目和专业方向模块；样例：西交利物浦大学、广州大学、上海理工大学、青岛大学、燕山大学,洛阳理工学院、周口师范学院、浙江水利水电学院、黄淮学院、怀化学院,普通应用/职业供给：更强调工具链、工艺流程、项目实训、岗位规范，课程呈现更实训化、工具化；样例：洛阳理工学院、周口师范学院、浙江水利水电学院、黄淮学院、怀化学院
080804T,邮政工程,本科(普通),工学学士,四年,工学,自动化类,高等数学、通信原理、运筹学、邮政网络规划与设计、邮政信息化技术、快递物流系统工程、邮政业务流程实训、快递分拣系统操作、邮政信息系统开发实践、电路,rysxai_major_course,,北京邮电大学、南京邮电大学,头部/强研究型：核心课不一定换名称，但会加深数学/理论和研究训练，重点看高阶数学/物理、系统设计、科研训练、交叉前沿专题；样例：北京邮电大学、南京邮电大学,重庆邮电大学、西安邮电大学,区域重点/特色优势：核心课保持完整，通常叠加地方产业、行业场景、实验项目和专业方向模块；样例：重庆邮电大学、西安邮电大学,库内未命中,普通应用/职业供给：更强调工具链、工艺流程、项目实训、岗位规范，课程呈现更实训化、工具化；样例：库内未命中该层次开设样例
080805T,核电技术与控制工程,本科(普通),工学学士,四年,工学,自动化类,工程力学、热工学、电工与电子技术、自动控制原理、核反应堆原理、核电控制技术、核电厂系统与设备、辐射防护与核安全、核电厂模拟仿真实训、控制装置调试实验,rysxai_major_course,,库内未命中,头部/强研究型：核心课不一定换名称，但会加深数学/理论和研究训练，重点看高阶数学/物理、系统设计、科研训练、交叉前沿专题；样例：库内未命中该层次开设样例,上海电力大学,区域重点/特色优势：核心课保持完整，通常叠加地方产业、行业场景、实验项目和专业方向模块；样例：上海电力大学,库内未命中,普通应用/职业供给：更强调工具链、工艺流程、项目实训、岗位规范，课程呈现更实训化、工具化；样例：库内未命中该层次开设样例
080806T,智能装备与系统,本科(普通),工学学士,四年,工学,自动化类,高等数学、大学物理、计算机应用基础、机械原理、电路原理、控制工程基础、传感器与检测技术、智能装备设计、工业机器人技术、智能系统集成,rysxai_major_course,,哈尔滨工业大学、北京交通大学、南京师范大学、中国传媒大学,头部/强研究型：核心课不一定换名称，但会加深数学/理论和研究训练，重点看高阶数学/物理、系统设计、科研训练、交叉前沿专题；样例：哈尔滨工业大学、北京交通大学、南京师范大学、中国传媒大学,江苏科技大学、浙江农林大学、桂林电子科技大学、太原科技大学、渤海大学,区域重点/特色优势：核心课保持完整，通常叠加地方产业、行业场景、实验项目和专业方向模块；样例：江苏科技大学、浙江农林大学、桂林电子科技大学、太原科技大学、渤海大学,巢湖学院、黄山学院、四川旅游学院、南京理工大学紫金学院、潍坊科技学院,普通应用/职业供给：更强调工具链、工艺流程、项目实训、岗位规范，课程呈现更实训化、工具化；样例：巢湖学院、黄山学院、四川旅游学院、南京理工大学紫金学院、潍坊科技学院
080807T,工业智能,本科(普通),工学学士,四年,工学,自动化类,高等数学、大学英语、机械工程基础、控制工程基础、Python程序设计、工业物联网、工业智能感知与检测、工业大数据分析、工业机器人智能控制、工业数字孪生,rysxai_major_course,,东北大学,头部/强研究型：核心课不一定换名称，但会加深数学/理论和研究训练，重点看高阶数学/物理、系统设计、科研训练、交叉前沿专题；样例：东北大学,重庆邮电大学、安徽工业大学、沈阳工业大学、湖南工商大学、宁波工程学院,区域重点/特色优势：核心课保持完整，通常叠加地方产业、行业场景、实验项目和专业方向模块；样例：重庆邮电大学、安徽工业大学、沈阳工业大学、湖南工商大学、宁波工程学院,洛阳理工学院、山东管理学院、武汉文理学院、青岛黄海学院、齐鲁理工学院,普通应用/职业供给：更强调工具链、工艺流程、项目实训、岗位规范，课程呈现更实训化、工具化；样例：洛阳理工学院、山东管理学院、武汉文理学院、青岛黄海学院、齐鲁理工学院
080808T,智能工程与创意设计,本科(普通),工学学士,四年,工学,自动化类,大学英语、高等数学、计算机应用基础、工程力学、智能控制原理、创意设计基础、数字媒体技术、智能产品设计、人机交互设计、创意编程与算法,rysxai_major_course,,清华大学、中国传媒大学,头部/强研究型：核心课不一定换名称，但会加深数学/理论和研究训练，重点看高阶数学/物理、系统设计、科研训练、交叉前沿专题；样例：清华大学、中国传媒大学,广州美术学院、山东工艺美术学院、北京服装学院、河北传媒学院,区域重点/特色优势：核心课保持完整，通常叠加地方产业、行业场景、实验项目和专业方向模块；样例：广州美术学院、山东工艺美术学院、北京服装学院、河北传媒学院,成都锦城学院、郑州财经学院、广西民族大学相思湖学院、绵阳城市学院、山东协和学院,普通应用/职业供给：更强调工具链、工艺流程、项目实训、岗位规范，课程呈现更实训化、工具化；样例：成都锦城学院、郑州财经学院、广西民族大学相思湖学院、绵阳城市学院、山东协和学院
080902,软件工程,本科(普通),工学学士,四年,工学,计算机类,程序设计基础、数据结构、算法与数据结构、操作系统、计算机组成原理、编译原理、离散结构、概率统计与随机过程、软件工程导论、软件需求分析,rysxai_major_course,,清华大学、北京大学、浙江大学、上海交通大学、复旦大学,头部/强研究型：核心课不一定换名称，但会加深数学/理论和研究训练，重点看高阶数学/物理、系统设计、科研训练、交叉前沿专题；样例：清华大学、北京大学、浙江大学、上海交通大学、复旦大学,江西财经大学、浙江工商大学、广州大学、青岛大学、燕山大学,区域重点/特色优势：核心课保持完整，通常叠加地方产业、行业场景、实验项目和专业方向模块；样例：江西财经大学、浙江工商大学、广州大学、青岛大学、燕山大学,洛阳理工学院、周口师范学院、浙江水利水电学院、六盘水师范学院、商丘师范学院,普通应用/职业供给：更强调工具链、工艺流程、项目实训、岗位规范，课程呈现更实训化、工具化；样例：洛阳理工学院、周口师范学院、浙江水利水电学院、六盘水师范学院、商丘师范学院
080903,网络工程,本科(普通),工学学士,四年,工学,计算机类,计算机网络、操作系统、数据结构、C语言、Java程序设计、UNIX操作系统及应用、Linux系统开发、面向对象程序设计与实践、高级C语言及网络编程技术、计算机网络程序设计,rysxai_major_course,,国防科技大学、北京理工大学、大连理工大学、华南理工大学、电子科技大学,头部/强研究型：核心课不一定换名称，但会加深数学/理论和研究训练，重点看高阶数学/物理、系统设计、科研训练、交叉前沿专题；样例：国防科技大学、北京理工大学、大连理工大学、华南理工大学、电子科技大学,广州大学、西安理工大学、福建农林大学、武汉科技大学、温州大学,区域重点/特色优势：核心课保持完整，通常叠加地方产业、行业场景、实验项目和专业方向模块；样例：广州大学、西安理工大学、福建农林大学、武汉科技大学、温州大学,周口师范学院、湘南学院、贵州理工学院、怀化学院、巢湖学院,普通应用/职业供给：更强调工具链、工艺流程、项目实训、岗位规范，课程呈现更实训化、工具化；样例：周口师范学院、湘南学院、贵州理工学院、怀化学院、巢湖学院
080904K,信息安全,本科(普通),"理学学士,工学学士,管理学学士",四年,工学,计算机类,C语言程序设计、Java程序设计、Python程序设计与应用实战、面向对象大型程序设计实践、计算机导论与C语言程序设计、计算机原理及体系结构、数据结构与算法分析、操作系统原理及安全、计算机网络原理、信息安全导论,rysxai_major_course,,浙江大学、上海交通大学、复旦大学、中国科学技术大学、武汉大学,头部/强研究型：核心课不一定换名称，但会加深数学/理论和研究训练，重点看高阶数学/物理、系统设计、科研训练、交叉前沿专题；样例：浙江大学、上海交通大学、复旦大学、中国科学技术大学、武汉大学,浙江工商大学、广州大学、青岛大学、湖北大学、武汉科技大学,区域重点/特色优势：核心课保持完整，通常叠加地方产业、行业场景、实验项目和专业方向模块；样例：浙江工商大学、广州大学、青岛大学、湖北大学、武汉科技大学,许昌学院、渭南师范学院、长治学院、山东农业工程学院、广西警察学院,普通应用/职业供给：更强调工具链、工艺流程、项目实训、岗位规范，课程呈现更实训化、工具化；样例：许昌学院、渭南师范学院、长治学院、山东农业工程学院、广西警察学院
080905,物联网工程,本科(普通),工学学士,四年,工学,计算机类,C语言、Python程序设计、Java程序设计、数据结构与算法、数据库原理与应用、计算机组成原理、计算机网络、汇编语言与微机原理、嵌入式操作系统、物联网导论,rysxai_major_course,,西安交通大学、哈尔滨工业大学、国防科技大学、天津大学、南开大学,头部/强研究型：核心课不一定换名称，但会加深数学/理论和研究训练，重点看高阶数学/物理、系统设计、科研训练、交叉前沿专题；样例：西安交通大学、哈尔滨工业大学、国防科技大学、天津大学、南开大学,江西财经大学、浙江工商大学、西交利物浦大学、山东师范大学、广州大学,区域重点/特色优势：核心课保持完整，通常叠加地方产业、行业场景、实验项目和专业方向模块；样例：江西财经大学、浙江工商大学、西交利物浦大学、山东师范大学、广州大学,洛阳理工学院、周口师范学院、浙江水利水电学院、湘南学院、许昌学院,普通应用/职业供给：更强调工具链、工艺流程、项目实训、岗位规范，课程呈现更实训化、工具化；样例：洛阳理工学院、周口师范学院、浙江水利水电学院、湘南学院、许昌学院
080906,数字媒体技术,本科(普通),工学学士,四年,工学,计算机类,程序设计基础、C语言程序设计、数据结构与算法、操作系统、软件工程、计算机网络协议基础、JAVA技术实验、美学基础、素描实习、色彩实习,rysxai_major_course,,北京理工大学、中国人民大学、山东大学、大连理工大学、湖南大学,头部/强研究型：核心课不一定换名称，但会加深数学/理论和研究训练，重点看高阶数学/物理、系统设计、科研训练、交叉前沿专题；样例：北京理工大学、中国人民大学、山东大学、大连理工大学、湖南大学,西交利物浦大学、北京电影学院、西安理工大学、北京语言大学、华侨大学,区域重点/特色优势：核心课保持完整，通常叠加地方产业、行业场景、实验项目和专业方向模块；样例：西交利物浦大学、北京电影学院、西安理工大学、北京语言大学、华侨大学,浙江水利水电学院、许昌学院、河南工程学院、南阳理工学院、渭南师范学院,普通应用/职业供给：更强调工具链、工艺流程、项目实训、岗位规范，课程呈现更实训化、工具化；样例：浙江水利水电学院、许昌学院、河南工程学院、南阳理工学院、渭南师范学院
080907T,智能科学与技术,本科(普通),"理学学士,工学学士",四年,工学,计算机类,代数结构与组合数学、程序设计基础、高级程序语言、C语言、MATLAB编程、数学综合训练、智能科学技术导论、脑与认知科学、操作系统、软件工程,rysxai_major_course,,北京大学、复旦大学、南京大学、华中科技大学、哈尔滨工业大学,头部/强研究型：核心课不一定换名称，但会加深数学/理论和研究训练，重点看高阶数学/物理、系统设计、科研训练、交叉前沿专题；样例：北京大学、复旦大学、南京大学、华中科技大学、哈尔滨工业大学,上海理工大学、青岛大学、燕山大学、浙江理工大学、武汉科技大学,区域重点/特色优势：核心课保持完整，通常叠加地方产业、行业场景、实验项目和专业方向模块；样例：上海理工大学、青岛大学、燕山大学、浙江理工大学、武汉科技大学,洛阳理工学院、周口师范学院、贵州理工学院、兰州工业学院、唐山学院,普通应用/职业供给：更强调工具链、工艺流程、项目实训、岗位规范，课程呈现更实训化、工具化；样例：洛阳理工学院、周口师范学院、贵州理工学院、兰州工业学院、唐山学院
080908T,空间信息与数字技术,本科(普通),工学学士,四年,工学,计算机类,空间信息导论、地理信息系统技术、空间数据库原理与设计、C&C++语言程序设计、网络及分布式计算、数据仓库与应用、空间分析与建模、空间信息共享服务、空间信息移动服务、空间信息与传感器网,rysxai_major_course,,武汉大学、吉林大学、西安电子科技大学、北京邮电大学、中国地质大学(武汉),头部/强研究型：核心课不一定换名称，但会加深数学/理论和研究训练，重点看高阶数学/物理、系统设计、科研训练、交叉前沿专题；样例：武汉大学、吉林大学、西安电子科技大学、北京邮电大学、中国地质大学(武汉),福建农林大学、云南师范大学、河南工业大学、成都信息工程大学、北华航天工业学院,区域重点/特色优势：核心课保持完整，通常叠加地方产业、行业场景、实验项目和专业方向模块；样例：福建农林大学、云南师范大学、河南工业大学、成都信息工程大学、北华航天工业学院,重庆财经学院、河北工程技术学院,普通应用/职业供给：更强调工具链、工艺流程、项目实训、岗位规范，课程呈现更实训化、工具化；样例：重庆财经学院、河北工程技术学院
080909T,电子与计算机工程,本科(普通),工学学士,四年,工学,计算机类,核心数学工具、深入物理原理、计算机课程的知识地基、线性代数和微分方程、工程概率方法、工程优化、强化物理、固体物理学、半导体器件导论、电路设计导论,rysxai_major_course,,浙江大学、上海交通大学、北京航空航天大学、西南石油大学、香港中文大学(深圳),头部/强研究型：核心课不一定换名称，但会加深数学/理论和研究训练，重点看高阶数学/物理、系统设计、科研训练、交叉前沿专题；样例：浙江大学、上海交通大学、北京航空航天大学、西南石油大学、香港中文大学(深圳),深圳北理莫斯科大学、汕头大学、沈阳工业大学、北方工业大学,区域重点/特色优势：核心课保持完整，通常叠加地方产业、行业场景、实验项目和专业方向模块；样例：深圳北理莫斯科大学、汕头大学、沈阳工业大学、北方工业大学,重庆第二师范学院、陕西学前师范学院、电子科技大学成都学院、赣南师范大学科技学院、山西晋中理工学院,普通应用/职业供给：更强调工具链、工艺流程、项目实训、岗位规范，课程呈现更实训化、工具化；样例：重庆第二师范学院、陕西学前师范学院、电子科技大学成都学院、赣南师范大学科技学院、山西晋中理工学院
080910T,数据科学与大数据技术,本科(普通),"理学学士,工学学士",四年,工学,计算机类,高等数学、计算机应用基础、数据库原理与应用、操作系统、统计学、大数据存储与管理、数据挖掘与机器学习、大数据分析与可视化、Hadoop集群搭建实训、数据可视化项目实战,rysxai_major_course,,北京大学、复旦大学、中国科学技术大学、武汉大学、华中科技大学,头部/强研究型：核心课不一定换名称，但会加深数学/理论和研究训练，重点看高阶数学/物理、系统设计、科研训练、交叉前沿专题；样例：北京大学、复旦大学、中国科学技术大学、武汉大学、华中科技大学,江西财经大学、浙江工商大学、西交利物浦大学、山东师范大学、广州大学,区域重点/特色优势：核心课保持完整，通常叠加地方产业、行业场景、实验项目和专业方向模块；样例：江西财经大学、浙江工商大学、西交利物浦大学、山东师范大学、广州大学,洛阳理工学院、周口师范学院、许昌学院、贵州理工学院、江苏第二师范学院,普通应用/职业供给：更强调工具链、工艺流程、项目实训、岗位规范，课程呈现更实训化、工具化；样例：洛阳理工学院、周口师范学院、许昌学院、贵州理工学院、江苏第二师范学院
080911TK,网络空间安全,本科(普通),工学学士,四年,工学,计算机类,计算机网络、操作系统、数据结构、密码学基础、网络安全技术、信息安全管理、网络攻防技术、网络安全实训、渗透测试实验、密码学应用实践,rysxai_major_course,,中国科学技术大学、武汉大学、华中科技大学、西安交通大学、北京航空航天大学,头部/强研究型：核心课不一定换名称，但会加深数学/理论和研究训练，重点看高阶数学/物理、系统设计、科研训练、交叉前沿专题；样例：中国科学技术大学、武汉大学、华中科技大学、西安交通大学、北京航空航天大学,江西财经大学、山东师范大学、广州大学、西安理工大学、福建农林大学,区域重点/特色优势：核心课保持完整，通常叠加地方产业、行业场景、实验项目和专业方向模块；样例：江西财经大学、山东师范大学、广州大学、西安理工大学、福建农林大学,周口师范学院、浙江水利水电学院、贵州理工学院、黄淮学院、怀化学院,普通应用/职业供给：更强调工具链、工艺流程、项目实训、岗位规范，课程呈现更实训化、工具化；样例：周口师范学院、浙江水利水电学院、贵州理工学院、黄淮学院、怀化学院
080912T,新媒体技术,本科(普通),工学学士,四年,工学,计算机类,计算机应用基础、高等数学、大学英语、新媒体概论、传播学原理、数字媒体技术基础、摄影与摄像基础、新媒体内容创作与编辑、新媒体运营与管理、新媒体数据分析,rysxai_major_course,,库内未命中,头部/强研究型：核心课不一定换名称，但会加深数学/理论和研究训练，重点看高阶数学/物理、系统设计、科研训练、交叉前沿专题；样例：库内未命中该层次开设样例,上海理工大学、陕西科技大学、齐鲁工业大学,区域重点/特色优势：核心课保持完整，通常叠加地方产业、行业场景、实验项目和专业方向模块；样例：上海理工大学、陕西科技大学、齐鲁工业大学,山西传媒学院、成都锦城学院、遵义医科大学医学与科技学院、大连医科大学中山学院、潍坊科技学院,普通应用/职业供给：更强调工具链、工艺流程、项目实训、岗位规范，课程呈现更实训化、工具化；样例：山西传媒学院、成都锦城学院、遵义医科大学医学与科技学院、大连医科大学中山学院、潍坊科技学院
080913T,电影制作,本科(普通),工学学士,四年,工学,计算机类,中外电影史、电影美学、视听语言、电影摄影技术、电影剪辑与后期制作、电影声音设计、短片创作实训、电影摄影实训、后期制作综合实践、程序设计,rysxai_major_course,,上海大学,头部/强研究型：核心课不一定换名称，但会加深数学/理论和研究训练，重点看高阶数学/物理、系统设计、科研训练、交叉前沿专题；样例：上海大学,北京电影学院、浙江传媒学院、四川传媒学院,区域重点/特色优势：核心课保持完整，通常叠加地方产业、行业场景、实验项目和专业方向模块；样例：北京电影学院、浙江传媒学院、四川传媒学院,晋中信息学院、山西工商学院、重庆移通学院、沈阳城市学院、重庆工程学院,普通应用/职业供给：更强调工具链、工艺流程、项目实训、岗位规范，课程呈现更实训化、工具化；样例：晋中信息学院、山西工商学院、重庆移通学院、沈阳城市学院、重庆工程学院
080914TK,保密技术,本科(普通),工学学士,四年,工学,计算机类,信息安全概论、密码学基础、计算机网络原理、保密技术原理、涉密信息系统安全、保密管理、保密技术实验、涉密系统攻防实训、密码算法实现、程序设计,rysxai_major_course,,复旦大学、西北工业大学、湖南大学、中国海洋大学、贵州大学,头部/强研究型：核心课不一定换名称，但会加深数学/理论和研究训练，重点看高阶数学/物理、系统设计、科研训练、交叉前沿专题；样例：复旦大学、西北工业大学、湖南大学、中国海洋大学、贵州大学,齐鲁工业大学、塔里木大学,区域重点/特色优势：核心课保持完整，通常叠加地方产业、行业场景、实验项目和专业方向模块；样例：齐鲁工业大学、塔里木大学,库内未命中,普通应用/职业供给：更强调工具链、工艺流程、项目实训、岗位规范，课程呈现更实训化、工具化；样例：库内未命中该层次开设样例
080915T,服务科学与工程,本科(普通),工学学士,四年,工学,计算机类,高等数学、计算机应用基础、服务科学导论、管理学原理、统计学、运筹学、服务设计与创新、服务运营管理、服务数据分析、服务流程建模实训,rysxai_major_course,,哈尔滨工业大学(威海),头部/强研究型：核心课不一定换名称，但会加深数学/理论和研究训练，重点看高阶数学/物理、系统设计、科研训练、交叉前沿专题；样例：哈尔滨工业大学(威海),库内未命中,区域重点/特色优势：核心课保持完整，通常叠加地方产业、行业场景、实验项目和专业方向模块；样例：库内未命中该层次开设样例,贵阳信息科技学院,普通应用/职业供给：更强调工具链、工艺流程、项目实训、岗位规范，课程呈现更实训化、工具化；样例：贵阳信息科技学院
080916T,虚拟现实技术,本科(普通),工学学士,四年,工学,计算机类,大学英语、高等数学、计算机应用基础、虚拟现实导论、计算机图形学、数字图像处理、三维建模与动画制作、虚拟场景构建、交互设计与实现、虚拟现实引擎开发,rysxai_major_course,,北京航空航天大学、南京信息工程大学,头部/强研究型：核心课不一定换名称，但会加深数学/理论和研究训练，重点看高阶数学/物理、系统设计、科研训练、交叉前沿专题；样例：北京航空航天大学、南京信息工程大学,江西财经大学、华东交通大学、江西理工大学、浙江传媒学院、沈阳理工大学,区域重点/特色优势：核心课保持完整，通常叠加地方产业、行业场景、实验项目和专业方向模块；样例：江西财经大学、华东交通大学、江西理工大学、浙江传媒学院、沈阳理工大学,南阳理工学院、济宁学院、山东管理学院、河南工学院、郑州工程技术学院,普通应用/职业供给：更强调工具链、工艺流程、项目实训、岗位规范，课程呈现更实训化、工具化；样例：南阳理工学院、济宁学院、山东管理学院、河南工学院、郑州工程技术学院
080917T,区块链工程,本科(普通),工学学士,四年,工学,计算机类,大学英语、高等数学、计算机应用基础、区块链原理、计算机网络、数据结构、密码学基础、智能合约开发、区块链系统设计、分布式账本技术,rysxai_major_course,,库内未命中,头部/强研究型：核心课不一定换名称，但会加深数学/理论和研究训练，重点看高阶数学/物理、系统设计、科研训练、交叉前沿专题；样例：库内未命中该层次开设样例,安徽理工大学、苏州科技大学、赣南师范大学、成都信息工程大学、安徽工程大学,区域重点/特色优势：核心课保持完整，通常叠加地方产业、行业场景、实验项目和专业方向模块；样例：安徽理工大学、苏州科技大学、赣南师范大学、成都信息工程大学、安徽工程大学,重庆财经学院、郑州西亚斯学院、广西民族大学相思湖学院、晋中信息学院、山西晋中理工学院,普通应用/职业供给：更强调工具链、工艺流程、项目实训、岗位规范，课程呈现更实训化、工具化；样例：重庆财经学院、郑州西亚斯学院、广西民族大学相思湖学院、晋中信息学院、山西晋中理工学院
080918TK,密码科学与技术,本科(普通),工学学士,四年,工学,计算机类,高等数学、计算机应用基础、信息论基础、数论、计算机网络安全、密码学原理、对称密码算法、非对称密码算法、密码协议分析、量子密码学,rysxai_major_course,,武汉大学、华中科技大学、北京理工大学、东南大学、南开大学,头部/强研究型：核心课不一定换名称，但会加深数学/理论和研究训练，重点看高阶数学/物理、系统设计、科研训练、交叉前沿专题；样例：武汉大学、华中科技大学、北京理工大学、东南大学、南开大学,湖北大学、河南师范大学、桂林电子科技大学、西安邮电大学、成都信息工程大学,区域重点/特色优势：核心课保持完整，通常叠加地方产业、行业场景、实验项目和专业方向模块；样例：湖北大学、河南师范大学、桂林电子科技大学、西安邮电大学、成都信息工程大学,库内未命中,普通应用/职业供给：更强调工具链、工艺流程、项目实训、岗位规范，课程呈现更实训化、工具化；样例：库内未命中该层次开设样例
080919T,工业软件,本科(普通),工学学士,四年,工学,计算机类,高等数学、计算机应用基础、C++程序设计、数据结构、操作系统、数据库原理、工业工程基础、工业软件架构设计、工业CAD/CAM原理、工业物联网与边缘计算,rysxai_major_course,,广东工业大学,头部/强研究型：核心课不一定换名称，但会加深数学/理论和研究训练，重点看高阶数学/物理、系统设计、科研训练、交叉前沿专题；样例：广东工业大学,东莞理工学院,区域重点/特色优势：核心课保持完整，通常叠加地方产业、行业场景、实验项目和专业方向模块；样例：东莞理工学院,库内未命中,普通应用/职业供给：更强调工具链、工艺流程、项目实训、岗位规范，课程呈现更实训化、工具化；样例：库内未命中该层次开设样例
081001,土木工程,本科(普通),工学学士,四年,工学,土木类,理论力学、材料力学、结构力学、水力学、流体力学、工程地质学、土木工程材料、房屋建筑学、土木工程制图、混凝土结构基本原理,rysxai_major_course,,清华大学、浙江大学、上海交通大学、武汉大学、华中科技大学,头部/强研究型：核心课不一定换名称，但会加深数学/理论和研究训练，重点看高阶数学/物理、系统设计、科研训练、交叉前沿专题；样例：清华大学、浙江大学、上海交通大学、武汉大学、华中科技大学,西交利物浦大学、广州大学、上海理工大学、燕山大学、昆明理工大学,区域重点/特色优势：核心课保持完整，通常叠加地方产业、行业场景、实验项目和专业方向模块；样例：西交利物浦大学、广州大学、上海理工大学、燕山大学、昆明理工大学,洛阳理工学院、浙江水利水电学院、许昌学院、贵州理工学院、六盘水师范学院,普通应用/职业供给：更强调工具链、工艺流程、项目实训、岗位规范，课程呈现更实训化、工具化；样例：洛阳理工学院、浙江水利水电学院、许昌学院、贵州理工学院、六盘水师范学院
081003,给排水科学与工程,本科(普通),工学学士,四年,工学,土木类,水力学、水文及水文地质学、测量学、工程制图、水分析化学、水处理微生物学、泵与泵站、给水工程、排水工程、水质工程学,rysxai_major_course,,清华大学、武汉大学、华中科技大学、哈尔滨工业大学、东南大学,头部/强研究型：核心课不一定换名称，但会加深数学/理论和研究训练，重点看高阶数学/物理、系统设计、科研训练、交叉前沿专题；样例：清华大学、武汉大学、华中科技大学、哈尔滨工业大学、东南大学,浙江工商大学、广州大学、昆明理工大学、西安理工大学、西安建筑科技大学,区域重点/特色优势：核心课保持完整，通常叠加地方产业、行业场景、实验项目和专业方向模块；样例：浙江工商大学、广州大学、昆明理工大学、西安理工大学、西安建筑科技大学,洛阳理工学院、浙江水利水电学院、南阳理工学院、安阳工学院、兰州工业学院,普通应用/职业供给：更强调工具链、工艺流程、项目实训、岗位规范，课程呈现更实训化、工具化；样例：洛阳理工学院、浙江水利水电学院、南阳理工学院、安阳工学院、兰州工业学院
081004,建筑电气与智能化,本科(普通),工学学士,四年,工学,土木类,房屋建筑学、建筑智能环境学、微型计算机技术基础、自动控制原理、电力电子技术、建筑电气、建筑供配电与照明、建筑设备自动化系统、建筑物信息设施系统、公共安全技术,rysxai_major_course,,哈尔滨工业大学、同济大学、福州大学、南京工业大学、扬州大学,头部/强研究型：核心课不一定换名称，但会加深数学/理论和研究训练，重点看高阶数学/物理、系统设计、科研训练、交叉前沿专题；样例：哈尔滨工业大学、同济大学、福州大学、南京工业大学、扬州大学,西安建筑科技大学、北京建筑大学、桂林电子科技大学、青岛理工大学、兰州交通大学,区域重点/特色优势：核心课保持完整，通常叠加地方产业、行业场景、实验项目和专业方向模块；样例：西安建筑科技大学、北京建筑大学、桂林电子科技大学、青岛理工大学、兰州交通大学,商丘师范学院、四川旅游学院、唐山学院、河北水利电力学院、衡水学院,普通应用/职业供给：更强调工具链、工艺流程、项目实训、岗位规范，课程呈现更实训化、工具化；样例：商丘师范学院、四川旅游学院、唐山学院、河北水利电力学院、衡水学院
081005T,城市地下空间工程,本科(普通),工学学士,四年,工学,土木类,理论力学、材料力学、结构力学、工程流体力学、弹性力学与有限元、岩土力学与工程、盾构法地下空间工程、明挖法地下空间工程、城市地下空间工程概论、土木工程制图,rysxai_major_course,,哈尔滨工业大学、东南大学、四川大学、山东大学、中南大学,头部/强研究型：核心课不一定换名称，但会加深数学/理论和研究训练，重点看高阶数学/物理、系统设计、科研训练、交叉前沿专题；样例：哈尔滨工业大学、东南大学、四川大学、山东大学、中南大学,西安理工大学、西安建筑科技大学、温州大学、长沙理工大学、华侨大学,区域重点/特色优势：核心课保持完整，通常叠加地方产业、行业场景、实验项目和专业方向模块；样例：西安理工大学、西安建筑科技大学、温州大学、长沙理工大学、华侨大学,河南工程学院、湖南工学院、山西工程技术学院、河北水利电力学院、郑州工程技术学院,普通应用/职业供给：更强调工具链、工艺流程、项目实训、岗位规范，课程呈现更实训化、工具化；样例：河南工程学院、湖南工学院、山西工程技术学院、河北水利电力学院、郑州工程技术学院
081006T,道路桥梁与渡河工程,本科(普通),工学学士,四年,工学,土木类,材料力学、结构力学、土力学、工程地质、工程材料基础、道路工程材料、道路桥梁与渡河工程、结构设计原理、路基路面工程、桥梁工程,rysxai_major_course,,哈尔滨工业大学、东南大学、吉林大学、郑州大学、西南交通大学,头部/强研究型：核心课不一定换名称，但会加深数学/理论和研究训练，重点看高阶数学/物理、系统设计、科研训练、交叉前沿专题；样例：哈尔滨工业大学、东南大学、吉林大学、郑州大学、西南交通大学,山东农业大学、长沙理工大学、青岛理工大学、兰州交通大学、南华大学,区域重点/特色优势：核心课保持完整，通常叠加地方产业、行业场景、实验项目和专业方向模块；样例：山东农业大学、长沙理工大学、青岛理工大学、兰州交通大学、南华大学,浙江水利水电学院、许昌学院、贵州理工学院、广州航海学院、南阳理工学院,普通应用/职业供给：更强调工具链、工艺流程、项目实训、岗位规范，课程呈现更实训化、工具化；样例：浙江水利水电学院、许昌学院、贵州理工学院、广州航海学院、南阳理工学院
081007T,铁道工程,本科(普通),工学学士,四年,工学,土木类,理论力学、材料力学、结构力学、工程地质、土力学与地基基础、工程测量、铁道选线设计、铁路轨道工程、铁路桥梁工程、铁路隧道工程,rysxai_major_course,,中南大学、北京交通大学、西南交通大学、南京工业大学,头部/强研究型：核心课不一定换名称，但会加深数学/理论和研究训练，重点看高阶数学/物理、系统设计、科研训练、交叉前沿专题；样例：中南大学、北京交通大学、西南交通大学、南京工业大学,兰州交通大学、华东交通大学、石家庄铁道大学、上海工程技术大学、上海应用技术大学,区域重点/特色优势：核心课保持完整，通常叠加地方产业、行业场景、实验项目和专业方向模块；样例：兰州交通大学、华东交通大学、石家庄铁道大学、上海工程技术大学、上海应用技术大学,西南交通大学希望学院、西安交通工程学院、南昌交通学院、湖南交通工程学院,普通应用/职业供给：更强调工具链、工艺流程、项目实训、岗位规范，课程呈现更实训化、工具化；样例：西南交通大学希望学院、西安交通工程学院、南昌交通学院、湖南交通工程学院
081008T,智能建造,本科(普通),工学学士,四年,工学,土木类,高等数学、工程力学、建筑材料、BIM技术基础、智能施工技术、建筑信息模型应用、智能建造管理、BIM建模实训、智能施工仿真实验、装配式建筑构件生产实训,rysxai_major_course,,武汉大学、华中科技大学、哈尔滨工业大学、东南大学、同济大学,头部/强研究型：核心课不一定换名称，但会加深数学/理论和研究训练，重点看高阶数学/物理、系统设计、科研训练、交叉前沿专题；样例：武汉大学、华中科技大学、哈尔滨工业大学、东南大学、同济大学,广州大学、昆明理工大学、西安理工大学、西安建筑科技大学、福建农林大学,区域重点/特色优势：核心课保持完整，通常叠加地方产业、行业场景、实验项目和专业方向模块；样例：广州大学、昆明理工大学、西安理工大学、西安建筑科技大学、福建农林大学,洛阳理工学院、浙江水利水电学院、许昌学院、黄淮学院、宿迁学院,普通应用/职业供给：更强调工具链、工艺流程、项目实训、岗位规范，课程呈现更实训化、工具化；样例：洛阳理工学院、浙江水利水电学院、许昌学院、黄淮学院、宿迁学院
081009T,土木、水利与海洋工程,本科(普通),工学学士,四年,工学,土木类,高等数学、理论力学、材料力学、结构力学、流体力学、混凝土结构设计、水利水电工程、海洋工程结构、工程测量实训、结构模型试验,rysxai_major_course,,清华大学、中山大学、山东大学、河海大学,头部/强研究型：核心课不一定换名称，但会加深数学/理论和研究训练，重点看高阶数学/物理、系统设计、科研训练、交叉前沿专题；样例：清华大学、中山大学、山东大学、河海大学,天津理工大学,区域重点/特色优势：核心课保持完整，通常叠加地方产业、行业场景、实验项目和专业方向模块；样例：天津理工大学,南通理工学院,普通应用/职业供给：更强调工具链、工艺流程、项目实训、岗位规范，课程呈现更实训化、工具化；样例：南通理工学院
081010T,土木、水利与交通工程,本科(普通),工学学士,四年,工学,土木类,高等数学、大学物理、理论力学、材料力学、结构力学、流体力学、工程制图、土力学与基础工程、混凝土结构设计、钢结构设计,rysxai_major_course,,浙江大学,头部/强研究型：核心课不一定换名称，但会加深数学/理论和研究训练，重点看高阶数学/物理、系统设计、科研训练、交叉前沿专题；样例：浙江大学,青岛理工大学、桂林理工大学、内江师范学院、青海理工学院,区域重点/特色优势：核心课保持完整，通常叠加地方产业、行业场景、实验项目和专业方向模块；样例：青岛理工大学、桂林理工大学、内江师范学院、青海理工学院,黄河交通学院、南昌工学院,普通应用/职业供给：更强调工具链、工艺流程、项目实训、岗位规范，课程呈现更实训化、工具化；样例：黄河交通学院、南昌工学院
081011T,城市水系统工程,本科(普通),工学学士,四年,工学,土木类,高等数学、大学物理、流体力学、水分析化学、水处理生物学、城市给水排水工程、城市水资源规划与管理、城市水系统建模与仿真、给水排水工程实训、水质监测实验,rysxai_major_course,,哈尔滨工业大学,头部/强研究型：核心课不一定换名称，但会加深数学/理论和研究训练，重点看高阶数学/物理、系统设计、科研训练、交叉前沿专题；样例：哈尔滨工业大学,库内未命中,区域重点/特色优势：核心课保持完整，通常叠加地方产业、行业场景、实验项目和专业方向模块；样例：库内未命中该层次开设样例,库内未命中,普通应用/职业供给：更强调工具链、工艺流程、项目实训、岗位规范，课程呈现更实训化、工具化；样例：库内未命中该层次开设样例
081012T,智能建造与智慧交通,本科(普通),工学学士,四年,工学,土木类,高等数学、计算机应用基础、工程力学、交通工程概论、智能建造技术、智慧交通系统设计、装配式建筑智能化、BIM建模实训、智慧交通仿真实验、智能建造施工模拟,rysxai_major_course,,山东大学、郑州大学、东北林业大学、河南大学,头部/强研究型：核心课不一定换名称，但会加深数学/理论和研究训练，重点看高阶数学/物理、系统设计、科研训练、交叉前沿专题；样例：山东大学、郑州大学、东北林业大学、河南大学,南华大学、大连交通大学、山东交通学院、三明学院,区域重点/特色优势：核心课保持完整，通常叠加地方产业、行业场景、实验项目和专业方向模块；样例：南华大学、大连交通大学、山东交通学院、三明学院,安阳工学院、四川工商学院、黄河交通学院、三江学院,普通应用/职业供给：更强调工具链、工艺流程、项目实训、岗位规范，课程呈现更实训化、工具化；样例：安阳工学院、四川工商学院、黄河交通学院、三江学院
081013T,工程软件,本科(普通),工学学士,四年,工学,土木类,大学英语、高等数学、计算机应用基础、工程图学、程序设计基础、数据结构、数值分析、软件工程、工程软件设计原理、CAD/CAM技术,rysxai_major_course,,山东大学,头部/强研究型：核心课不一定换名称，但会加深数学/理论和研究训练，重点看高阶数学/物理、系统设计、科研训练、交叉前沿专题；样例：山东大学,库内未命中,区域重点/特色优势：核心课保持完整，通常叠加地方产业、行业场景、实验项目和专业方向模块；样例：库内未命中该层次开设样例,河南工程学院,普通应用/职业供给：更强调工具链、工艺流程、项目实训、岗位规范，课程呈现更实训化、工具化；样例：河南工程学院
081102,水文与水资源工程,本科(普通),工学学士,四年,工学,水利类,研究内容、发展前景、就业方向、水利学科导论、画法几何及水工制图、地质与地貌学、气候学、水文地质基础、水利法规、工程测量学,rysxai_major_course,,南京大学、武汉大学、四川大学、吉林大学、兰州大学,头部/强研究型：核心课不一定换名称，但会加深数学/理论和研究训练，重点看高阶数学/物理、系统设计、科研训练、交叉前沿专题；样例：南京大学、武汉大学、四川大学、吉林大学、兰州大学,昆明理工大学、西安理工大学、山东农业大学、长沙理工大学、山东科技大学,区域重点/特色优势：核心课保持完整，通常叠加地方产业、行业场景、实验项目和专业方向模块；样例：昆明理工大学、西安理工大学、山东农业大学、长沙理工大学、山东科技大学,浙江水利水电学院、河北水利电力学院、河北地质大学华信学院、皖江工学院,普通应用/职业供给：更强调工具链、工艺流程、项目实训、岗位规范，课程呈现更实训化、工具化；样例：浙江水利水电学院、河北水利电力学院、河北地质大学华信学院、皖江工学院
081103,港口航道与海岸工程,本科(普通),工学学士,四年,工学,水利类,土木水利工程专业导论、理论力学、材料力学、结构力学、水力学、工程水文学、画法几何、港口工程概论、港口工程规划、港口规划与平面布置,rysxai_major_course,,武汉大学、同济大学、天津大学、大连理工大学、中国海洋大学,头部/强研究型：核心课不一定换名称，但会加深数学/理论和研究训练，重点看高阶数学/物理、系统设计、科研训练、交叉前沿专题；样例：武汉大学、同济大学、天津大学、大连理工大学、中国海洋大学,长沙理工大学、江苏科技大学、集美大学、上海海事大学、三峡大学,区域重点/特色优势：核心课保持完整，通常叠加地方产业、行业场景、实验项目和专业方向模块；样例：长沙理工大学、江苏科技大学、集美大学、上海海事大学、三峡大学,浙江水利水电学院、广州航海学院、天津仁爱学院、皖江工学院,普通应用/职业供给：更强调工具链、工艺流程、项目实训、岗位规范，课程呈现更实训化、工具化；样例：浙江水利水电学院、广州航海学院、天津仁爱学院、皖江工学院
081104T,水务工程,本科(普通),工学学士,四年,工学,水利类,水力学、水文学、工程力学、工程造价、工程水文学、水工建筑物、水资源规划、河流动力学、水利工程施工、工程测量,rysxai_major_course+category_template,,华南理工大学、河海大学,头部/强研究型：核心课不一定换名称，但会加深数学/理论和研究训练，重点看高阶数学/物理、系统设计、科研训练、交叉前沿专题；样例：华南理工大学、河海大学,湖北工业大学、华北水利水电大学、云南农业大学、湖南工业大学,区域重点/特色优势：核心课保持完整，通常叠加地方产业、行业场景、实验项目和专业方向模块；样例：湖北工业大学、华北水利水电大学、云南农业大学、湖南工业大学,贵州工程应用技术学院、三峡大学科技学院、昆明理工大学津桥学院、皖江工学院,普通应用/职业供给：更强调工具链、工艺流程、项目实训、岗位规范，课程呈现更实训化、工具化；样例：贵州工程应用技术学院、三峡大学科技学院、昆明理工大学津桥学院、皖江工学院
081105T,水利科学与工程,本科(普通),工学学士,四年,工学,水利类,高等数学、大学物理、水利工程制图、水力学、工程地质、水利规划学、水工结构学、水利水电工程施工、水利工程测量实训、水力学实验,rysxai_major_course,,清华大学、四川大学、南京信息工程大学,头部/强研究型：核心课不一定换名称，但会加深数学/理论和研究训练，重点看高阶数学/物理、系统设计、科研训练、交叉前沿专题；样例：清华大学、四川大学、南京信息工程大学,库内未命中,区域重点/特色优势：核心课保持完整，通常叠加地方产业、行业场景、实验项目和专业方向模块；样例：库内未命中该层次开设样例,库内未命中,普通应用/职业供给：更强调工具链、工艺流程、项目实训、岗位规范，课程呈现更实训化、工具化；样例：库内未命中该层次开设样例
081106T,智慧水利,本科(普通),工学学士,四年,工学,水利类,大学英语、高等数学、计算机应用基础、水力学、工程水文及水资源、水利工程概论、Python程序设计、数据库原理、智慧水利系统设计、水利大数据分析与应用,rysxai_major_course,,武汉大学、西北农林科技大学、河海大学、石河子大学、宁夏大学,头部/强研究型：核心课不一定换名称，但会加深数学/理论和研究训练，重点看高阶数学/物理、系统设计、科研训练、交叉前沿专题；样例：武汉大学、西北农林科技大学、河海大学、石河子大学、宁夏大学,三峡大学、重庆交通大学、内蒙古农业大学、华北水利水电大学、重庆科技大学,区域重点/特色优势：核心课保持完整，通常叠加地方产业、行业场景、实验项目和专业方向模块；样例：三峡大学、重庆交通大学、内蒙古农业大学、华北水利水电大学、重庆科技大学,浙江水利水电学院、新疆理工学院、菏泽学院,普通应用/职业供给：更强调工具链、工艺流程、项目实训、岗位规范，课程呈现更实训化、工具化；样例：浙江水利水电学院、新疆理工学院、菏泽学院
081201,测绘工程,本科(普通),工学学士,四年,工学,测绘类,测绘学概论、测量学、误差理论与测量平差原理、控制测量、大地测量学基础、地图学基础、测量仪器、GPS测量原理与应用、空间定位技术与应用、GIS原理与应用,rysxai_major_course,,武汉大学、同济大学、吉林大学、中南大学、重庆大学,头部/强研究型：核心课不一定换名称，但会加深数学/理论和研究训练，重点看高阶数学/物理、系统设计、科研训练、交叉前沿专题；样例：武汉大学、同济大学、吉林大学、中南大学、重庆大学,昆明理工大学、山东农业大学、长沙理工大学、山东科技大学、安徽农业大学,区域重点/特色优势：核心课保持完整，通常叠加地方产业、行业场景、实验项目和专业方向模块；样例：昆明理工大学、山东农业大学、长沙理工大学、山东科技大学、安徽农业大学,浙江水利水电学院、许昌学院、商丘师范学院、河南工程学院、济宁学院,普通应用/职业供给：更强调工具链、工艺流程、项目实训、岗位规范，课程呈现更实训化、工具化；样例：浙江水利水电学院、许昌学院、商丘师范学院、河南工程学院、济宁学院
081202,遥感科学与技术,本科(普通),工学学士,四年,工学,测绘类,遥感物理基础、传感器技术与应用、地理信息系统原理、摄影测量基础、地图学基础、地理学概论、测绘学概论、遥感原理与方法、遥感图像处理与解译、微波遥感,rysxai_major_course,,北京大学、武汉大学、北京航空航天大学、哈尔滨工业大学、中山大学,头部/强研究型：核心课不一定换名称，但会加深数学/理论和研究训练，重点看高阶数学/物理、系统设计、科研训练、交叉前沿专题；样例：北京大学、武汉大学、北京航空航天大学、哈尔滨工业大学、中山大学,广州大学、山东农业大学、长沙理工大学、山东科技大学、江苏师范大学,区域重点/特色优势：核心课保持完整，通常叠加地方产业、行业场景、实验项目和专业方向模块；样例：广州大学、山东农业大学、长沙理工大学、山东科技大学、江苏师范大学,浙江水利水电学院、河南工程学院、山东农业工程学院、山西工程技术学院、池州学院,普通应用/职业供给：更强调工具链、工艺流程、项目实训、岗位规范，课程呈现更实训化、工具化；样例：浙江水利水电学院、河南工程学院、山东农业工程学院、山西工程技术学院、池州学院
081203T,导航工程,本科(普通),工学学士,四年,工学,测绘类,高等数学、大学物理、导航学基础、电路与电子技术、信号与系统、控制理论基础、卫星导航原理与应用、惯性导航原理与应用、组合导航技术、导航数据处理,rysxai_major_course,,武汉大学、国防科技大学、武汉理工大学,头部/强研究型：核心课不一定换名称，但会加深数学/理论和研究训练，重点看高阶数学/物理、系统设计、科研训练、交叉前沿专题；样例：武汉大学、国防科技大学、武汉理工大学,北京建筑大学、安徽理工大学、桂林电子科技大学、湖南工业大学、闽江大学,区域重点/特色优势：核心课保持完整，通常叠加地方产业、行业场景、实验项目和专业方向模块；样例：北京建筑大学、安徽理工大学、桂林电子科技大学、湖南工业大学、闽江大学,库内未命中,普通应用/职业供给：更强调工具链、工艺流程、项目实训、岗位规范，课程呈现更实训化、工具化；样例：库内未命中该层次开设样例
081204T,地理国情监测,本科(普通),工学学士,四年,工学,测绘类,高等数学、计算机应用基础、自然地理学、人文地理学、地理信息系统原理、遥感概论、地理国情监测技术、地理国情数据处理与分析、地理国情综合评估、遥感图像处理实训,rysxai_major_course,,武汉大学,头部/强研究型：核心课不一定换名称，但会加深数学/理论和研究训练，重点看高阶数学/物理、系统设计、科研训练、交叉前沿专题；样例：武汉大学,库内未命中,区域重点/特色优势：核心课保持完整，通常叠加地方产业、行业场景、实验项目和专业方向模块；样例：库内未命中该层次开设样例,库内未命中,普通应用/职业供给：更强调工具链、工艺流程、项目实训、岗位规范，课程呈现更实训化、工具化；样例：库内未命中该层次开设样例
081205T,地理空间信息工程,本科(普通),工学学士,四年,工学,测绘类,高等数学、计算机应用基础、地理信息系统原理、测绘学基础、空间数据库、遥感概论、地理空间数据处理、地理空间建模与分析、地理信息系统开发、卫星导航定位技术应用,rysxai_major_course,,中国地质大学(武汉)、长安大学、南京信息工程大学、深圳大学、南京工业大学,头部/强研究型：核心课不一定换名称，但会加深数学/理论和研究训练，重点看高阶数学/物理、系统设计、科研训练、交叉前沿专题；样例：中国地质大学(武汉)、长安大学、南京信息工程大学、深圳大学、南京工业大学,安徽农业大学、北京建筑大学、安徽理工大学、重庆交通大学、山东理工大学,区域重点/特色优势：核心课保持完整，通常叠加地方产业、行业场景、实验项目和专业方向模块；样例：安徽农业大学、北京建筑大学、安徽理工大学、重庆交通大学、山东理工大学,滇西应用技术大学、赣东学院、大连理工大学城市学院、黄河交通学院、皖江工学院,普通应用/职业供给：更强调工具链、工艺流程、项目实训、岗位规范，课程呈现更实训化、工具化；样例：滇西应用技术大学、赣东学院、大连理工大学城市学院、黄河交通学院、皖江工学院
081206TK,时空信息工程,本科(普通),工学学士,四年,工学,测绘类,大学英语、高等数学、计算机应用基础、大学物理、地理信息系统原理、全球导航卫星系统原理、遥感概论、数字地形测量学、时空数据库、时空数据挖掘,rysxai_major_course,,武汉大学,头部/强研究型：核心课不一定换名称，但会加深数学/理论和研究训练，重点看高阶数学/物理、系统设计、科研训练、交叉前沿专题；样例：武汉大学,库内未命中,区域重点/特色优势：核心课保持完整，通常叠加地方产业、行业场景、实验项目和专业方向模块；样例：库内未命中该层次开设样例,库内未命中,普通应用/职业供给：更强调工具链、工艺流程、项目实训、岗位规范，课程呈现更实训化、工具化；样例：库内未命中该层次开设样例
081301,化学工程与工艺,本科(普通),工学学士,四年,工学,化工与制药类,大学物理、无机化学、有机化学、物理化学、分析化学、化工原理、化工热力学、化学反应工程、化工设备机械基础、机械制图与自动CAD,rysxai_major_course,,浙江大学、上海交通大学、西安交通大学、哈尔滨工业大学、中山大学,头部/强研究型：核心课不一定换名称，但会加深数学/理论和研究训练，重点看高阶数学/物理、系统设计、科研训练、交叉前沿专题；样例：浙江大学、上海交通大学、西安交通大学、哈尔滨工业大学、中山大学,山东师范大学、广州大学、青岛大学、燕山大学、昆明理工大学,区域重点/特色优势：核心课保持完整，通常叠加地方产业、行业场景、实验项目和专业方向模块；样例：山东师范大学、广州大学、青岛大学、燕山大学、昆明理工大学,周口师范学院、许昌学院、贵州理工学院、六盘水师范学院、黄淮学院,普通应用/职业供给：更强调工具链、工艺流程、项目实训、岗位规范，课程呈现更实训化、工具化；样例：周口师范学院、许昌学院、贵州理工学院、六盘水师范学院、黄淮学院
081302,制药工程,本科(普通),工学学士,四年,工学,化工与制药类,无机化学、有机化学、分析化学、物理、药用植物学与生药学、中药学、免疫学与微生物学、生物技术制药、药物化学、药剂学,rysxai_major_course,,西安交通大学、北京理工大学、东南大学、四川大学、天津大学,头部/强研究型：核心课不一定换名称，但会加深数学/理论和研究训练，重点看高阶数学/物理、系统设计、科研训练、交叉前沿专题；样例：西安交通大学、北京理工大学、东南大学、四川大学、天津大学,上海理工大学、昆明理工大学、西安理工大学、杭州师范大学、湖北大学,区域重点/特色优势：核心课保持完整，通常叠加地方产业、行业场景、实验项目和专业方向模块；样例：上海理工大学、昆明理工大学、西安理工大学、杭州师范大学、湖北大学,许昌学院、贵州理工学院、商丘师范学院、黄淮学院、怀化学院,普通应用/职业供给：更强调工具链、工艺流程、项目实训、岗位规范，课程呈现更实训化、工具化；样例：许昌学院、贵州理工学院、商丘师范学院、黄淮学院、怀化学院
081303T,资源循环科学与工程,本科(普通),工学学士,四年,工学,化工与制药类,资源循环科学与工程专业概论、制图工程、化工热力学、化学反应工程、化工安全概论、矿床学、结晶与矿物学、微生物与生物化学基础、无机化学、有机化学,rysxai_major_course,,南开大学、大连理工大学、东北大学、大连理工大学(盘锦校区)、华东理工大学,头部/强研究型：核心课不一定换名称，但会加深数学/理论和研究训练，重点看高阶数学/物理、系统设计、科研训练、交叉前沿专题；样例：南开大学、大连理工大学、东北大学、大连理工大学(盘锦校区)、华东理工大学,西安建筑科技大学、中北大学、中南民族大学、武汉纺织大学、常州大学,区域重点/特色优势：核心课保持完整，通常叠加地方产业、行业场景、实验项目和专业方向模块；样例：西安建筑科技大学、中北大学、中南民族大学、武汉纺织大学、常州大学,洛阳理工学院、兰州工业学院、山东农业工程学院、山西工学院、山西科技学院,普通应用/职业供给：更强调工具链、工艺流程、项目实训、岗位规范，课程呈现更实训化、工具化；样例：洛阳理工学院、兰州工业学院、山东农业工程学院、山西工学院、山西科技学院
081304T,能源化学工程,本科(普通),工学学士,四年,工学,化工与制药类,无机化学与分析化学、质量与能量平衡、化工原理、工程制图、化工热力学、能源工程概论、能源转化催化原理、化学反应工程、可再生能源工程、石油炼制工程概论,rysxai_major_course,,武汉大学、北京理工大学、大连理工大学、华南理工大学、兰州大学,头部/强研究型：核心课不一定换名称，但会加深数学/理论和研究训练，重点看高阶数学/物理、系统设计、科研训练、交叉前沿专题；样例：武汉大学、北京理工大学、大连理工大学、华南理工大学、兰州大学,燕山大学、浙江理工大学、陕西科技大学、江苏科技大学、中北大学,区域重点/特色优势：核心课保持完整，通常叠加地方产业、行业场景、实验项目和专业方向模块；样例：燕山大学、浙江理工大学、陕西科技大学、江苏科技大学、中北大学,黄淮学院、渭南师范学院、太原工业学院、长治学院、山西工程技术学院,普通应用/职业供给：更强调工具链、工艺流程、项目实训、岗位规范，课程呈现更实训化、工具化；样例：黄淮学院、渭南师范学院、太原工业学院、长治学院、山西工程技术学院
081306T,化工安全工程,本科(普通),工学学士,四年,工学,化工与制药类,化工原理、物理化学、安全系统工程、化工过程安全、化工设备安全、危险化学品安全管理、化工安全仿真实训、危险化学品应急演练、化工安全检测实验、无机化学,rysxai_major_course,,中国石油大学(华东)、南京工业大学,头部/强研究型：核心课不一定换名称，但会加深数学/理论和研究训练，重点看高阶数学/物理、系统设计、科研训练、交叉前沿专题；样例：中国石油大学(华东)、南京工业大学,辽宁石油化工大学、辽宁工业大学、重庆科技大学、盐城工学院、应急管理大学,区域重点/特色优势：核心课保持完整，通常叠加地方产业、行业场景、实验项目和专业方向模块；样例：辽宁石油化工大学、辽宁工业大学、重庆科技大学、盐城工学院、应急管理大学,太原工业学院、南通理工学院,普通应用/职业供给：更强调工具链、工艺流程、项目实训、岗位规范，课程呈现更实训化、工具化；样例：太原工业学院、南通理工学院
081307T,涂料工程,本科(普通),工学学士,四年,工学,化工与制药类,材料科学基础、无机化学、有机化学、物理化学、高分子化学与物理、涂料化学、涂料工艺学、涂料配方设计、涂料性能检测、涂料制备实验,rysxai_major_course,,库内未命中,头部/强研究型：核心课不一定换名称，但会加深数学/理论和研究训练，重点看高阶数学/物理、系统设计、科研训练、交叉前沿专题；样例：库内未命中该层次开设样例,上海工程技术大学、长春工业大学、江西科技师范大学,区域重点/特色优势：核心课保持完整，通常叠加地方产业、行业场景、实验项目和专业方向模块；样例：上海工程技术大学、长春工业大学、江西科技师范大学,库内未命中,普通应用/职业供给：更强调工具链、工艺流程、项目实训、岗位规范，课程呈现更实训化、工具化；样例：库内未命中该层次开设样例
081308T,精细化工,本科(普通),工学学士,四年,工学,化工与制药类,高等数学、大学物理、无机化学、有机化学、物理化学、分析化学、化工原理、精细有机合成化学、精细化学品化学、表面活性剂化学,rysxai_major_course,,天津大学、大连理工大学、华东理工大学、太原理工大学,头部/强研究型：核心课不一定换名称，但会加深数学/理论和研究训练，重点看高阶数学/物理、系统设计、科研训练、交叉前沿专题；样例：天津大学、大连理工大学、华东理工大学、太原理工大学,辽宁石油化工大学、临沂大学、广东石油化工学院、成都师范学院、肇庆学院,区域重点/特色优势：核心课保持完整，通常叠加地方产业、行业场景、实验项目和专业方向模块；样例：辽宁石油化工大学、临沂大学、广东石油化工学院、成都师范学院、肇庆学院,齐鲁师范学院、新疆科技学院、齐鲁理工学院,普通应用/职业供给：更强调工具链、工艺流程、项目实训、岗位规范，课程呈现更实训化、工具化；样例：齐鲁师范学院、新疆科技学院、齐鲁理工学院
081309T,智能分子工程,本科(普通),工学学士,四年,工学,化工与制药类,高等数学、大学物理、无机化学、有机化学、物理化学、高分子化学、Python程序设计、智能分子设计、分子模拟与计算、机器学习在分子工程中的应用,rysxai_major_course,,大连理工大学,头部/强研究型：核心课不一定换名称，但会加深数学/理论和研究训练，重点看高阶数学/物理、系统设计、科研训练、交叉前沿专题；样例：大连理工大学,库内未命中,区域重点/特色优势：核心课保持完整，通常叠加地方产业、行业场景、实验项目和专业方向模块；样例：库内未命中该层次开设样例,库内未命中,普通应用/职业供给：更强调工具链、工艺流程、项目实训、岗位规范，课程呈现更实训化、工具化；样例：库内未命中该层次开设样例
081401,地质工程,本科(普通),工学学士,四年,工学,地质类,普通地质学、地学导论、结晶矿物学、造岩矿物学、岩石学、岩浆岩及变质岩石学、大地构造学、岩相古地理、理论力学与材料力学、工程地质学,rysxai_major_course,,南京大学、中山大学、同济大学、吉林大学、中南大学,头部/强研究型：核心课不一定换名称，但会加深数学/理论和研究训练，重点看高阶数学/物理、系统设计、科研训练、交叉前沿专题；样例：南京大学、中山大学、同济大学、吉林大学、中南大学,昆明理工大学、山东科技大学、三峡大学、安徽理工大学、西安科技大学,区域重点/特色优势：核心课保持完整，通常叠加地方产业、行业场景、实验项目和专业方向模块；样例：昆明理工大学、山东科技大学、三峡大学、安徽理工大学、西安科技大学,贵州理工学院、六盘水师范学院、山西工程技术学院、贵州工程应用技术学院、新疆工业学院,普通应用/职业供给：更强调工具链、工艺流程、项目实训、岗位规范，课程呈现更实训化、工具化；样例：贵州理工学院、六盘水师范学院、山西工程技术学院、贵州工程应用技术学院、新疆工业学院
081402,勘查技术与工程,本科(普通),工学学士,四年,工学,地质类,普通地质与构造地质、矿物学岩石学基础、沉积岩与沉积相、岩石物理学、构造地质学、矿床学基础、地球科学基础、工程地质学、工程岩土学、岩体力学,rysxai_major_course,,吉林大学、中国海洋大学、中国地质大学(武汉)、中国石油大学(北京)、中国石油大学(华东),头部/强研究型：核心课不一定换名称，但会加深数学/理论和研究训练，重点看高阶数学/物理、系统设计、科研训练、交叉前沿专题；样例：吉林大学、中国海洋大学、中国地质大学(武汉)、中国石油大学(北京)、中国石油大学(华东),山东科技大学、安徽理工大学、长江大学、湖南科技大学、东北石油大学,区域重点/特色优势：核心课保持完整，通常叠加地方产业、行业场景、实验项目和专业方向模块；样例：山东科技大学、安徽理工大学、长江大学、湖南科技大学、东北石油大学,河南工程学院、山西工程技术学院、河北水利电力学院、河北工程大学科信学院、新疆工业学院,普通应用/职业供给：更强调工具链、工艺流程、项目实训、岗位规范，课程呈现更实训化、工具化；样例：河南工程学院、山西工程技术学院、河北水利电力学院、河北工程大学科信学院、新疆工业学院
081403K,资源勘查工程,本科(普通),工学学士,四年,工学,地质类,普通地质学、矿物岩石学、沉积岩石学及岩相古地理、地层及古生物学、构造地质学、石油地质学、含油气盆地分析、储层地质学、油气勘查与评价、油气地球化学,rysxai_major_course,,吉林大学、中南大学、东北大学、兰州大学、东北大学秦皇岛分校,头部/强研究型：核心课不一定换名称，但会加深数学/理论和研究训练，重点看高阶数学/物理、系统设计、科研训练、交叉前沿专题；样例：吉林大学、中南大学、东北大学、兰州大学、东北大学秦皇岛分校,昆明理工大学、山东科技大学、安徽理工大学、长江大学、西安科技大学,区域重点/特色优势：核心课保持完整，通常叠加地方产业、行业场景、实验项目和专业方向模块；样例：昆明理工大学、山东科技大学、安徽理工大学、长江大学、西安科技大学,贵州理工学院、河南工程学院、山西工学院、河北地质大学华信学院、广州华立学院,普通应用/职业供给：更强调工具链、工艺流程、项目实训、岗位规范，课程呈现更实训化、工具化；样例：贵州理工学院、河南工程学院、山西工学院、河北地质大学华信学院、广州华立学院
081404T,地下水科学与工程,本科(普通),工学学士,四年,工学,地质类,地质学、水文地质学基础、高等数学、大学物理、工程制图、电工电子技术、工程力学、专业核心原理、工程实验、课程设计,rysxai_major_course+category_template,,南京大学、吉林大学、中国地质大学(武汉)、中国地质大学(北京)、中国矿业大学(北京),头部/强研究型：核心课不一定换名称，但会加深数学/理论和研究训练，重点看高阶数学/物理、系统设计、科研训练、交叉前沿专题；样例：南京大学、吉林大学、中国地质大学(武汉)、中国地质大学(北京)、中国矿业大学(北京),西安科技大学、东华理工大学、桂林理工大学、河北地质大学、应急管理大学,区域重点/特色优势：核心课保持完整，通常叠加地方产业、行业场景、实验项目和专业方向模块；样例：西安科技大学、东华理工大学、桂林理工大学、河北地质大学、应急管理大学,库内未命中,普通应用/职业供给：更强调工具链、工艺流程、项目实训、岗位规范，课程呈现更实训化、工具化；样例：库内未命中该层次开设样例
081405T,旅游地学与规划工程,本科(普通),工学学士,四年,工学,地质类,大学英语、计算机应用基础、高等数学、旅游地学导论、自然地理学、人文地理学、地质学基础、地理信息系统原理、旅游规划原理、旅游地学调查与评价,rysxai_major_course,,库内未命中,头部/强研究型：核心课不一定换名称，但会加深数学/理论和研究训练，重点看高阶数学/物理、系统设计、科研训练、交叉前沿专题；样例：库内未命中该层次开设样例,西北师范大学、东华理工大学、河北地质大学、吉林建筑大学、青海民族大学,区域重点/特色优势：核心课保持完整，通常叠加地方产业、行业场景、实验项目和专业方向模块；样例：西北师范大学、东华理工大学、河北地质大学、吉林建筑大学、青海民族大学,齐鲁师范学院、山东女子学院、河南财政金融学院、滇西应用技术大学、江西应用科技学院,普通应用/职业供给：更强调工具链、工艺流程、项目实训、岗位规范，课程呈现更实训化、工具化；样例：齐鲁师范学院、山东女子学院、河南财政金融学院、滇西应用技术大学、江西应用科技学院
081406T,智能地球探测,本科(普通),工学学士,四年,工学,地质类,高等数学、大学物理、地球物理学基础、地质学基础、信号与系统、Python程序设计、智能地球探测技术、地球物理数据处理与解释、机器学习在地球探测中的应用、三维地质建模,rysxai_major_course,,西南交通大学、中国地质大学(北京),头部/强研究型：核心课不一定换名称，但会加深数学/理论和研究训练，重点看高阶数学/物理、系统设计、科研训练、交叉前沿专题；样例：西南交通大学、中国地质大学(北京),东华理工大学、华北水利水电大学、山东石油化工学院,区域重点/特色优势：核心课保持完整，通常叠加地方产业、行业场景、实验项目和专业方向模块；样例：东华理工大学、华北水利水电大学、山东石油化工学院,库内未命中,普通应用/职业供给：更强调工具链、工艺流程、项目实训、岗位规范，课程呈现更实训化、工具化；样例：库内未命中该层次开设样例
081407T,资源环境大数据工程,本科(普通),工学学士,四年,工学,地质类,资源环境科学导论、概率论与数理统计、地理信息系统原理、数据库原理与应用、资源环境大数据采集与处理、资源环境数据挖掘与分析、资源环境大数据可视化、遥感影像处理实训、资源环境大数据平台实训、生态环境模型模拟实验,rysxai_major_course,,中国地质大学(武汉),头部/强研究型：核心课不一定换名称，但会加深数学/理论和研究训练，重点看高阶数学/物理、系统设计、科研训练、交叉前沿专题；样例：中国地质大学(武汉),西安建筑科技大学、长江大学、河南理工大学、河北地质大学、安庆师范大学,区域重点/特色优势：核心课保持完整，通常叠加地方产业、行业场景、实验项目和专业方向模块；样例：西安建筑科技大学、长江大学、河南理工大学、河北地质大学、安庆师范大学,齐鲁师范学院、河南财政金融学院,普通应用/职业供给：更强调工具链、工艺流程、项目实训、岗位规范，课程呈现更实训化、工具化；样例：齐鲁师范学院、河南财政金融学院
081501,采矿工程,本科(普通),工学学士,四年,工学,矿业类,大学物理、煤矿地质学、煤矿地质、矿山岩体力学、岩石力学、采矿学、采矿工程、井巷工程、煤矿安全、工程实训,rysxai_major_course,,中南大学、重庆大学、东北大学、北京科技大学、武汉理工大学,头部/强研究型：核心课不一定换名称，但会加深数学/理论和研究训练，重点看高阶数学/物理、系统设计、科研训练、交叉前沿专题；样例：中南大学、重庆大学、东北大学、北京科技大学、武汉理工大学,昆明理工大学、西安建筑科技大学、武汉科技大学、山东科技大学、武汉工程大学,区域重点/特色优势：核心课保持完整，通常叠加地方产业、行业场景、实验项目和专业方向模块；样例：昆明理工大学、西安建筑科技大学、武汉科技大学、山东科技大学、武汉工程大学,贵州理工学院、六盘水师范学院、吕梁学院、山西工学院、山西工程技术学院,普通应用/职业供给：更强调工具链、工艺流程、项目实训、岗位规范，课程呈现更实训化、工具化；样例：贵州理工学院、六盘水师范学院、吕梁学院、山西工学院、山西工程技术学院
081502,石油工程,本科(普通),工学学士,四年,工学,矿业类,入门介绍、基础数学、地质、绘图、电知识、专业英语、石油工程导论、工程制图、线性代数与计算方法、综合地质学,rysxai_major_course,,中国地质大学(武汉)、中国石油大学(北京)、中国石油大学(华东)、中国地质大学(北京)、中国石油大学(北京)克拉玛依校区,头部/强研究型：核心课不一定换名称，但会加深数学/理论和研究训练，重点看高阶数学/物理、系统设计、科研训练、交叉前沿专题；样例：中国地质大学(武汉)、中国石油大学(北京)、中国石油大学(华东)、中国地质大学(北京)、中国石油大学(北京)克拉玛依校区,燕山大学、陕西科技大学、常州大学、长江大学、东北石油大学,区域重点/特色优势：核心课保持完整，通常叠加地方产业、行业场景、实验项目和专业方向模块；样例：燕山大学、陕西科技大学、常州大学、长江大学、东北石油大学,哈尔滨石油学院、荆州学院,普通应用/职业供给：更强调工具链、工艺流程、项目实训、岗位规范，课程呈现更实训化、工具化；样例：哈尔滨石油学院、荆州学院
081503,矿物加工工程,本科(普通),工学学士,四年,工学,矿业类,采选概论、矿物加工工程导论、有机化学、高等数学、大学物理、工程制图、电工电子技术、工程力学、专业核心原理、工程实验,rysxai_major_course+category_template,,中南大学、东北大学、北京科技大学、武汉理工大学、中国矿业大学,头部/强研究型：核心课不一定换名称，但会加深数学/理论和研究训练，重点看高阶数学/物理、系统设计、科研训练、交叉前沿专题；样例：中南大学、东北大学、北京科技大学、武汉理工大学、中国矿业大学,昆明理工大学、西安建筑科技大学、武汉科技大学、山东科技大学、武汉工程大学,区域重点/特色优势：核心课保持完整，通常叠加地方产业、行业场景、实验项目和专业方向模块；样例：昆明理工大学、西安建筑科技大学、武汉科技大学、山东科技大学、武汉工程大学,六盘水师范学院、山西工学院、山西工程技术学院、河池学院、赣南科技学院,普通应用/职业供给：更强调工具链、工艺流程、项目实训、岗位规范，课程呈现更实训化、工具化；样例：六盘水师范学院、山西工学院、山西工程技术学院、河池学院、赣南科技学院
081504,油气储运工程,本科(普通),工学学士,四年,工学,矿业类,大学物理、储运油料学、油料学、工程热力学与传热学、仪表与检测技术、油气储运工程、储运工程、油罐及管道强度设计、管罐结构设计、泵与压缩机,rysxai_major_course,,华东理工大学、武汉理工大学、中国石油大学(北京)、中国石油大学(华东)、福州大学,头部/强研究型：核心课不一定换名称，但会加深数学/理论和研究训练，重点看高阶数学/物理、系统设计、科研训练、交叉前沿专题；样例：华东理工大学、武汉理工大学、中国石油大学(北京)、中国石油大学(华东)、福州大学,昆明理工大学、常州大学、长江大学、沈阳工业大学、兰州理工大学,区域重点/特色优势：核心课保持完整，通常叠加地方产业、行业场景、实验项目和专业方向模块；样例：昆明理工大学、常州大学、长江大学、沈阳工业大学、兰州理工大学,大庆师范学院、河北石油职业技术大学、兰州石化职业技术大学、哈尔滨石油学院、泉州职业技术大学,普通应用/职业供给：更强调工具链、工艺流程、项目实训、岗位规范，课程呈现更实训化、工具化；样例：大庆师范学院、河北石油职业技术大学、兰州石化职业技术大学、哈尔滨石油学院、泉州职业技术大学
081505T,矿物资源工程,本科(普通),工学学士,四年,工学,矿业类,材料力学、高等数学、大学物理、工程制图、电工电子技术、工程力学、专业核心原理、工程实验、课程设计,rysxai_major_course+category_template,,广西大学,头部/强研究型：核心课不一定换名称，但会加深数学/理论和研究训练，重点看高阶数学/物理、系统设计、科研训练、交叉前沿专题；样例：广西大学,南华大学、鄂尔多斯应用技术学院,区域重点/特色优势：核心课保持完整，通常叠加地方产业、行业场景、实验项目和专业方向模块；样例：南华大学、鄂尔多斯应用技术学院,库内未命中,普通应用/职业供给：更强调工具链、工艺流程、项目实训、岗位规范，课程呈现更实训化、工具化；样例：库内未命中该层次开设样例
081506T,海洋油气工程,本科(普通),工学学士,四年,工学,矿业类,海洋油气工程概论、海洋地质学、油气层渗流力学、石油工程岩石力学、传热学与传质学、海洋钻井工程、海洋完井工程、海洋采油工程、海洋油气钻采设备、海洋油气集输工程,rysxai_major_course,,中国石油大学(北京)、中国石油大学(华东)、西南石油大学,头部/强研究型：核心课不一定换名称，但会加深数学/理论和研究训练，重点看高阶数学/物理、系统设计、科研训练、交叉前沿专题；样例：中国石油大学(北京)、中国石油大学(华东)、西南石油大学,长江大学、东北石油大学、西安石油大学、浙江海洋大学、辽宁石油化工大学,区域重点/特色优势：核心课保持完整，通常叠加地方产业、行业场景、实验项目和专业方向模块；样例：长江大学、东北石油大学、西安石油大学、浙江海洋大学、辽宁石油化工大学,库内未命中,普通应用/职业供给：更强调工具链、工艺流程、项目实训、岗位规范，课程呈现更实训化、工具化；样例：库内未命中该层次开设样例
081507T,智能采矿工程,本科(普通),工学学士,四年,工学,矿业类,高等数学、大学英语、大学物理、计算机应用基础、采矿学、工程力学、矿山地质学、岩石力学、测量学、智能采矿系统设计,rysxai_major_course,,重庆大学、东北大学、北京科技大学、中国矿业大学、中国矿业大学(北京),头部/强研究型：核心课不一定换名称，但会加深数学/理论和研究训练，重点看高阶数学/物理、系统设计、科研训练、交叉前沿专题；样例：重庆大学、东北大学、北京科技大学、中国矿业大学、中国矿业大学(北京),武汉科技大学、山东科技大学、安徽理工大学、西安科技大学、河南理工大学,区域重点/特色优势：核心课保持完整，通常叠加地方产业、行业场景、实验项目和专业方向模块；样例：武汉科技大学、山东科技大学、安徽理工大学、西安科技大学、河南理工大学,贵州理工学院、六盘水师范学院、河南工程学院、吕梁学院、山西工程技术学院,普通应用/职业供给：更强调工具链、工艺流程、项目实训、岗位规范，课程呈现更实训化、工具化；样例：贵州理工学院、六盘水师范学院、河南工程学院、吕梁学院、山西工程技术学院
081508TK,碳储科学与工程,本科(普通),工学学士,四年,工学,矿业类,高等数学、大学物理、碳循环原理、工程热力学、地质工程基础、碳捕集与分离技术、碳储存工程设计、碳监测与评估、碳储工程模拟实训、地质储碳场地勘察实习,rysxai_major_course,,重庆大学、中国石油大学(北京)、中国石油大学(华东)、中国地质大学(北京)、中国矿业大学(北京),头部/强研究型：核心课不一定换名称，但会加深数学/理论和研究训练，重点看高阶数学/物理、系统设计、科研训练、交叉前沿专题；样例：重庆大学、中国石油大学(北京)、中国石油大学(华东)、中国地质大学(北京)、中国矿业大学(北京),东北石油大学、石家庄铁道大学、华北理工大学、山东石油化工学院,区域重点/特色优势：核心课保持完整，通常叠加地方产业、行业场景、实验项目和专业方向模块；样例：东北石油大学、石家庄铁道大学、华北理工大学、山东石油化工学院,库内未命中,普通应用/职业供给：更强调工具链、工艺流程、项目实训、岗位规范，课程呈现更实训化、工具化；样例：库内未命中该层次开设样例
081601,纺织工程,本科(普通),工学学士,四年,工学,纺织类,纺织专业导论、纺织化学、纺织材料学、纺材实验、毛纺学、毛织学、织物结构与设计、织物服用性能、新型纺纱、新型织机,rysxai_major_course,,苏州大学、江南大学、西南大学、东华大学、太原理工大学,头部/强研究型：核心课不一定换名称，但会加深数学/理论和研究训练，重点看高阶数学/物理、系统设计、科研训练、交叉前沿专题；样例：苏州大学、江南大学、西南大学、东华大学、太原理工大学,青岛大学、浙江理工大学、安徽农业大学、南通大学、武汉纺织大学,区域重点/特色优势：核心课保持完整，通常叠加地方产业、行业场景、实验项目和专业方向模块；样例：青岛大学、浙江理工大学、安徽农业大学、南通大学、武汉纺织大学,河南工程学院、新疆科技学院、绍兴理工学院、辽东学院、浙江理工大学科技与艺术学院,普通应用/职业供给：更强调工具链、工艺流程、项目实训、岗位规范，课程呈现更实训化、工具化；样例：河南工程学院、新疆科技学院、绍兴理工学院、辽东学院、浙江理工大学科技与艺术学院
081602,服装设计与工程,本科(普通),"工学学士,艺术学学士",四年,工学,纺织类,服装学导论、服装设计概论、色彩构成基础、构成基础、服装材料学、纺织化学基础、服装人体工效学、服装色彩与图案、中外服饰图案赏析、服装与面辅料评价,rysxai_major_course,,苏州大学、东华大学、太原理工大学、新疆大学、天津工业大学,头部/强研究型：核心课不一定换名称，但会加深数学/理论和研究训练，重点看高阶数学/物理、系统设计、科研训练、交叉前沿专题；样例：苏州大学、东华大学、太原理工大学、新疆大学、天津工业大学,青岛大学、浙江理工大学、温州大学、陕西科技大学、安徽农业大学,区域重点/特色优势：核心课保持完整，通常叠加地方产业、行业场景、实验项目和专业方向模块；样例：青岛大学、浙江理工大学、温州大学、陕西科技大学、安徽农业大学,河南工程学院、绍兴理工学院、辽东学院、郑州经贸学院、浙江理工大学科技与艺术学院,普通应用/职业供给：更强调工具链、工艺流程、项目实训、岗位规范，课程呈现更实训化、工具化；样例：河南工程学院、绍兴理工学院、辽东学院、郑州经贸学院、浙江理工大学科技与艺术学院
081603T,非织造材料与工程,本科(普通),工学学士,四年,工学,纺织类,专业内涵、研究方向、就业领域、帮建立对专业的基础认知、非织造材料与工程专业概论、非织造纤维基础、纺织材料学、工程制图、机械设计基础、高等数学,rysxai_major_course,,苏州大学、东华大学、天津工业大学,头部/强研究型：核心课不一定换名称，但会加深数学/理论和研究训练，重点看高阶数学/物理、系统设计、科研训练、交叉前沿专题；样例：苏州大学、东华大学、天津工业大学,青岛大学、浙江理工大学、陕西科技大学、南通大学、武汉纺织大学,区域重点/特色优势：核心课保持完整，通常叠加地方产业、行业场景、实验项目和专业方向模块；样例：青岛大学、浙江理工大学、陕西科技大学、南通大学、武汉纺织大学,河南工程学院、新疆科技学院,普通应用/职业供给：更强调工具链、工艺流程、项目实训、岗位规范，课程呈现更实训化、工具化；样例：河南工程学院、新疆科技学院
081604T,服装设计与工艺教育,本科(普通),工学学士,四年,工学,纺织类,大学英语、计算机应用基础、服装史、服装材料学、服装结构设计基础、服装设计原理、教育学基础、服装工艺设计、服装CAD应用、服装教育方法论,rysxai_major_course,,库内未命中,头部/强研究型：核心课不一定换名称，但会加深数学/理论和研究训练，重点看高阶数学/物理、系统设计、科研训练、交叉前沿专题；样例：库内未命中该层次开设样例,河南科技学院,区域重点/特色优势：核心课保持完整，通常叠加地方产业、行业场景、实验项目和专业方向模块；样例：河南科技学院,江西服装学院,普通应用/职业供给：更强调工具链、工艺流程、项目实训、岗位规范，课程呈现更实训化、工具化；样例：江西服装学院
081605T,丝绸设计与工程,本科(普通),工学学士,四年,工学,纺织类,纺织材料学、丝绸化学、染整工艺原理、丝绸织造工艺、丝绸纹样设计、丝绸产品开发、丝绸机台操作实训、丝绸纹样手绘实践、丝绸产品设计实战、高等数学,rysxai_major_course,,库内未命中,头部/强研究型：核心课不一定换名称，但会加深数学/理论和研究训练，重点看高阶数学/物理、系统设计、科研训练、交叉前沿专题；样例：库内未命中该层次开设样例,浙江理工大学,区域重点/特色优势：核心课保持完整，通常叠加地方产业、行业场景、实验项目和专业方向模块；样例：浙江理工大学,库内未命中,普通应用/职业供给：更强调工具链、工艺流程、项目实训、岗位规范，课程呈现更实训化、工具化；样例：库内未命中该层次开设样例
081701,轻化工程,本科(普通),工学学士,四年,工学,轻工类,植物纤维化学、植物纤维化学实验、有机化学、制浆原理与工程、造纸原理与工程、制浆造纸机械与设备、造纸化学品、轻化工工厂设计、制浆造纸综合训练、制浆造纸工艺试验,rysxai_major_course,,四川大学、华南理工大学、华东理工大学、苏州大学、江南大学,头部/强研究型：核心课不一定换名称，但会加深数学/理论和研究训练，重点看高阶数学/物理、系统设计、科研训练、交叉前沿专题；样例：四川大学、华南理工大学、华东理工大学、苏州大学、江南大学,青岛大学、昆明理工大学、浙江理工大学、福建农林大学、陕西科技大学,区域重点/特色优势：核心课保持完整，通常叠加地方产业、行业场景、实验项目和专业方向模块；样例：青岛大学、昆明理工大学、浙江理工大学、福建农林大学、陕西科技大学,河南工程学院、新疆科技学院、辽东学院,普通应用/职业供给：更强调工具链、工艺流程、项目实训、岗位规范，课程呈现更实训化、工具化；样例：河南工程学院、新疆科技学院、辽东学院
081702,包装工程,本科(普通),工学学士,四年,工学,轻工类,包装工程导论、工程制图与计算机绘图基础、包装应用力学、包装应用化学、高分子物理化学、包装材料学、包装结构设计、包装技术、运输包装、包装测试技术,rysxai_major_course,,山东大学、江南大学、暨南大学、西南大学、广西大学,头部/强研究型：核心课不一定换名称，但会加深数学/理论和研究训练，重点看高阶数学/物理、系统设计、科研训练、交叉前沿专题；样例：山东大学、江南大学、暨南大学、西南大学、广西大学,西安理工大学、陕西科技大学、安徽农业大学、中北大学、齐鲁工业大学,区域重点/特色优势：核心课保持完整，通常叠加地方产业、行业场景、实验项目和专业方向模块；样例：西安理工大学、陕西科技大学、安徽农业大学、中北大学、齐鲁工业大学,福建技术师范学院、吉林农业科技学院、山西工程技术学院、河南牧业经济学院、长沙师范学院,普通应用/职业供给：更强调工具链、工艺流程、项目实训、岗位规范，课程呈现更实训化、工具化；样例：福建技术师范学院、吉林农业科技学院、山西工程技术学院、河南牧业经济学院、长沙师范学院
081703,印刷工程,本科(普通),工学学士,四年,工学,轻工类,工程制图、高等数学、大学物理、电工电子技术、工程力学、专业核心原理、工程实验、课程设计,rysxai_major_course+category_template,,库内未命中,头部/强研究型：核心课不一定换名称，但会加深数学/理论和研究训练，重点看高阶数学/物理、系统设计、科研训练、交叉前沿专题；样例：库内未命中该层次开设样例,西安理工大学、陕西科技大学、齐鲁工业大学、天津科技大学、北京印刷学院,区域重点/特色优势：核心课保持完整，通常叠加地方产业、行业场景、实验项目和专业方向模块；样例：西安理工大学、陕西科技大学、齐鲁工业大学、天津科技大学、北京印刷学院,河南工程学院、荆楚理工学院,普通应用/职业供给：更强调工具链、工艺流程、项目实训、岗位规范，课程呈现更实训化、工具化；样例：河南工程学院、荆楚理工学院
081704T,香料香精技术与工程,本科(普通),工学学士,四年,工学,轻工类,有机化学、物理化学、香料化学基础、香料工艺学、香精调配技术、香料香精检测技术、香料提取实训、香精调配实验、高等数学、大学物理,rysxai_major_course,,库内未命中,头部/强研究型：核心课不一定换名称，但会加深数学/理论和研究训练，重点看高阶数学/物理、系统设计、科研训练、交叉前沿专题；样例：库内未命中该层次开设样例,北京工商大学、河南农业大学、上海应用技术大学、郑州轻工业大学、云南农业大学,区域重点/特色优势：核心课保持完整，通常叠加地方产业、行业场景、实验项目和专业方向模块；样例：北京工商大学、河南农业大学、上海应用技术大学、郑州轻工业大学、云南农业大学,云南经济管理学院,普通应用/职业供给：更强调工具链、工艺流程、项目实训、岗位规范，课程呈现更实训化、工具化；样例：云南经济管理学院
081705T,化妆品技术与工程,本科(普通),工学学士,四年,工学,轻工类,有机化学、生物化学、皮肤科学基础、化妆品原料学、化妆品配方设计、化妆品工艺学、化妆品安全与评价、化妆品配方实训、化妆品生产工艺实验、化妆品功效评价实验,rysxai_major_course,,库内未命中,头部/强研究型：核心课不一定换名称，但会加深数学/理论和研究训练，重点看高阶数学/物理、系统设计、科研训练、交叉前沿专题；样例：库内未命中该层次开设样例,北京工商大学、武汉纺织大学、大连工业大学、上海应用技术大学、长春工业大学,区域重点/特色优势：核心课保持完整，通常叠加地方产业、行业场景、实验项目和专业方向模块；样例：北京工商大学、武汉纺织大学、大连工业大学、上海应用技术大学、长春工业大学,齐鲁师范学院、柳州工学院,普通应用/职业供给：更强调工具链、工艺流程、项目实训、岗位规范，课程呈现更实训化、工具化；样例：齐鲁师范学院、柳州工学院
081706TK,生物质能源与材料,本科(普通),工学学士,四年,工学,轻工类,高等数学、大学物理、有机化学、生物化学、材料科学基础、生物质资源学、能源化学、生物质能源转化技术、生物质材料制备工艺、生物质能工程,rysxai_major_course,,华南农业大学,头部/强研究型：核心课不一定换名称，但会加深数学/理论和研究训练，重点看高阶数学/物理、系统设计、科研训练、交叉前沿专题；样例：华南农业大学,陕西科技大学、大连工业大学、中南林业科技大学、临沂大学,区域重点/特色优势：核心课保持完整，通常叠加地方产业、行业场景、实验项目和专业方向模块；样例：陕西科技大学、大连工业大学、中南林业科技大学、临沂大学,库内未命中,普通应用/职业供给：更强调工具链、工艺流程、项目实训、岗位规范，课程呈现更实训化、工具化；样例：库内未命中该层次开设样例
081707T,生物质技术与工程,本科(普通),工学学士,四年,工学,轻工类,大学英语、高等数学、大学物理、计算机应用基础、生物质化学、工程制图、生物化学、生物质能源技术、生物质材料制备、生物质能设备实训,rysxai_major_course,,四川大学,头部/强研究型：核心课不一定换名称，但会加深数学/理论和研究训练，重点看高阶数学/物理、系统设计、科研训练、交叉前沿专题；样例：四川大学,库内未命中,区域重点/特色优势：核心课保持完整，通常叠加地方产业、行业场景、实验项目和专业方向模块；样例：库内未命中该层次开设样例,库内未命中,普通应用/职业供给：更强调工具链、工艺流程、项目实训、岗位规范，课程呈现更实训化、工具化；样例：库内未命中该层次开设样例
081801,交通运输,本科(普通),工学学士,四年,工学,交通运输类,作用、交通运输工程导论、运筹学、交通规划、交通控制与管理、运输组织学、物流系统工程、交通安全、智能交通系统,rysxai_major_course+category_template,,上海交通大学、北京航空航天大学、北京理工大学、东南大学、同济大学,头部/强研究型：核心课不一定换名称，但会加深数学/理论和研究训练，重点看高阶数学/物理、系统设计、科研训练、交叉前沿专题；样例：上海交通大学、北京航空航天大学、北京理工大学、东南大学、同济大学,昆明理工大学、西安建筑科技大学、长沙理工大学、山东科技大学、河南农业大学,区域重点/特色优势：核心课保持完整，通常叠加地方产业、行业场景、实验项目和专业方向模块；样例：昆明理工大学、西安建筑科技大学、长沙理工大学、山东科技大学、河南农业大学,贵州理工学院、广州航海学院、安阳工学院、广西警察学院、河北水利电力学院,普通应用/职业供给：更强调工具链、工艺流程、项目实训、岗位规范，课程呈现更实训化、工具化；样例：贵州理工学院、广州航海学院、安阳工学院、广西警察学院、河北水利电力学院
081802,交通工程,本科(普通),工学学士,四年,工学,交通运输类,交通工程导论、工程力学、运筹学、交通运输经济学、道路工程材料、交通运输设备、交通规划、交通工程系统分析、道路交通设计、道路交通管理与控制,rysxai_major_course,,清华大学、华中科技大学、哈尔滨工业大学、东南大学、同济大学,头部/强研究型：核心课不一定换名称，但会加深数学/理论和研究训练，重点看高阶数学/物理、系统设计、科研训练、交叉前沿专题；样例：清华大学、华中科技大学、哈尔滨工业大学、东南大学、同济大学,上海理工大学、昆明理工大学、西安建筑科技大学、福建农林大学、武汉科技大学,区域重点/特色优势：核心课保持完整，通常叠加地方产业、行业场景、实验项目和专业方向模块；样例：上海理工大学、昆明理工大学、西安建筑科技大学、福建农林大学、武汉科技大学,许昌学院、贵州理工学院、新乡学院、河北水利电力学院、江西飞行学院,普通应用/职业供给：更强调工具链、工艺流程、项目实训、岗位规范，课程呈现更实训化、工具化；样例：许昌学院、贵州理工学院、新乡学院、河北水利电力学院、江西飞行学院
081803K,航海技术,本科(普通),工学学士,四年,工学,交通运输类,航海学、航海气象学、船舶原理、航海力学、船舶驾驶、船舶操纵与避碰、航海雷达与ARPA、航海仪器、GMDSS通信业务、GMDSS通信设备,rysxai_major_course,,武汉理工大学、大连海事大学、宁波大学,头部/强研究型：核心课不一定换名称，但会加深数学/理论和研究训练，重点看高阶数学/物理、系统设计、科研训练、交叉前沿专题；样例：武汉理工大学、大连海事大学、宁波大学,集美大学、天津理工大学、上海海事大学、重庆交通大学、烟台大学,区域重点/特色优势：核心课保持完整，通常叠加地方产业、行业场景、实验项目和专业方向模块；样例：集美大学、天津理工大学、上海海事大学、重庆交通大学、烟台大学,广州航海学院、湖南汽车工程职业大学、江西职业技术大学、集美大学诚毅学院、海南科技职业大学,普通应用/职业供给：更强调工具链、工艺流程、项目实训、岗位规范，课程呈现更实训化、工具化；样例：广州航海学院、湖南汽车工程职业大学、江西职业技术大学、集美大学诚毅学院、海南科技职业大学
081804K,轮机工程,本科(普通),工学学士,四年,工学,交通运输类,船舶与海洋工程导论、轮机工程导论、机械制图、工程力学、工程热力学、工程流体力学、电工学、工程材料及工艺学、轮机工程材料、轮机热工基础,rysxai_major_course,,华中科技大学、中国海洋大学、哈尔滨工程大学、武汉理工大学、大连海事大学,头部/强研究型：核心课不一定换名称，但会加深数学/理论和研究训练，重点看高阶数学/物理、系统设计、科研训练、交叉前沿专题；样例：华中科技大学、中国海洋大学、哈尔滨工程大学、武汉理工大学、大连海事大学,江苏科技大学、集美大学、天津理工大学、上海海事大学、重庆交通大学,区域重点/特色优势：核心课保持完整，通常叠加地方产业、行业场景、实验项目和专业方向模块；样例：江苏科技大学、集美大学、天津理工大学、上海海事大学、重庆交通大学,广州航海学院、集美大学诚毅学院、南通理工学院,普通应用/职业供给：更强调工具链、工艺流程、项目实训、岗位规范，课程呈现更实训化、工具化；样例：广州航海学院、集美大学诚毅学院、南通理工学院
081805K,飞行技术,本科(普通),工学学士,四年,工学,交通运输类,大学英语、高等数学、计算机应用基础、大学物理、空气动力学、飞行力学、航空发动机原理、航空气象学、航空器系统与结构、飞行驾驶技术,rysxai_major_course,,北京航空航天大学、中山大学、北京理工大学、南京航空航天大学、太原理工大学,头部/强研究型：核心课不一定换名称，但会加深数学/理论和研究训练，重点看高阶数学/物理、系统设计、科研训练、交叉前沿专题；样例：北京航空航天大学、中山大学、北京理工大学、南京航空航天大学、太原理工大学,昆明理工大学、沈阳航空航天大学、南昌航空大学、中国民航大学、上海工程技术大学,区域重点/特色优势：核心课保持完整，通常叠加地方产业、行业场景、实验项目和专业方向模块；样例：昆明理工大学、沈阳航空航天大学、南昌航空大学、中国民航大学、上海工程技术大学,安阳工学院、江西飞行学院、南京航空航天大学金城学院、南昌理工学院,普通应用/职业供给：更强调工具链、工艺流程、项目实训、岗位规范，课程呈现更实训化、工具化；样例：安阳工学院、江西飞行学院、南京航空航天大学金城学院、南昌理工学院
081806T,交通设备与控制工程,本科(普通),工学学士,四年,工学,交通运输类,电工技术、模拟电子技术、数字电子技术、电机及电力拖动、电力电子技术基础、机械设计基础、控制工程基础、现代控制理论、单片机原理及应用、PLC原理及应用,rysxai_major_course,,哈尔滨工业大学、中南大学、武汉理工大学、北京工业大学、合肥工业大学,头部/强研究型：核心课不一定换名称，但会加深数学/理论和研究训练，重点看高阶数学/物理、系统设计、科研训练、交叉前沿专题；样例：哈尔滨工业大学、中南大学、武汉理工大学、北京工业大学、合肥工业大学,南通大学、重庆交通大学、北方工业大学、大连交通大学、南京工程学院,区域重点/特色优势：核心课保持完整，通常叠加地方产业、行业场景、实验项目和专业方向模块；样例：南通大学、重庆交通大学、北方工业大学、大连交通大学、南京工程学院,南通大学杏林学院、兰州博文科技学院,普通应用/职业供给：更强调工具链、工艺流程、项目实训、岗位规范，课程呈现更实训化、工具化；样例：南通大学杏林学院、兰州博文科技学院
081807T,救助与打捞工程,本科(普通),工学学士,四年,工学,交通运输类,大学英语、计算机应用基础、高等数学、大学物理、工程力学、流体力学、船舶原理、海洋工程材料、工程制图、机械设计基础,rysxai_major_course,,大连海事大学,头部/强研究型：核心课不一定换名称，但会加深数学/理论和研究训练，重点看高阶数学/物理、系统设计、科研训练、交叉前沿专题；样例：大连海事大学,库内未命中,区域重点/特色优势：核心课保持完整，通常叠加地方产业、行业场景、实验项目和专业方向模块；样例：库内未命中该层次开设样例,库内未命中,普通应用/职业供给：更强调工具链、工艺流程、项目实训、岗位规范，课程呈现更实训化、工具化；样例：库内未命中该层次开设样例
081808TK,船舶电子电气工程,本科(普通),工学学士,四年,工学,交通运输类,船舶概论、交通运输工程导论、运筹学、交通规划、交通控制与管理、运输组织学、物流系统工程、交通安全、智能交通系统,rysxai_major_course+category_template,,大连海事大学,头部/强研究型：核心课不一定换名称，但会加深数学/理论和研究训练，重点看高阶数学/物理、系统设计、科研训练、交叉前沿专题；样例：大连海事大学,集美大学、天津理工大学、上海海事大学、桂林电子科技大学、重庆交通大学,区域重点/特色优势：核心课保持完整，通常叠加地方产业、行业场景、实验项目和专业方向模块；样例：集美大学、天津理工大学、上海海事大学、桂林电子科技大学、重庆交通大学,广州航海学院、南通理工学院,普通应用/职业供给：更强调工具链、工艺流程、项目实训、岗位规范，课程呈现更实训化、工具化；样例：广州航海学院、南通理工学院
081809T,轨道交通电气与控制,本科(普通),工学学士,四年,工学,交通运输类,高等数学、大学物理、电路原理、模拟电子技术、自动控制原理、轨道交通电力牵引、轨道交通信号与系统、轨道交通供电技术、电气控制实训、轨道交通牵引系统仿真,rysxai_major_course,,库内未命中,头部/强研究型：核心课不一定换名称，但会加深数学/理论和研究训练，重点看高阶数学/物理、系统设计、科研训练、交叉前沿专题；样例：库内未命中该层次开设样例,山东交通学院,区域重点/特色优势：核心课保持完整，通常叠加地方产业、行业场景、实验项目和专业方向模块；样例：山东交通学院,西安交通工程学院,普通应用/职业供给：更强调工具链、工艺流程、项目实训、岗位规范，课程呈现更实训化、工具化；样例：西安交通工程学院
081810T,邮轮工程与管理,本科(普通),工学学士,四年,工学,交通运输类,邮轮概论、船舶原理、管理学原理、交通运输经济学、邮轮运营管理、邮轮宾客服务管理、邮轮安全与应急管理、邮轮模拟舱实训、邮轮运营流程实习、港口与邮轮对接实务,rysxai_major_course,,库内未命中,头部/强研究型：核心课不一定换名称，但会加深数学/理论和研究训练，重点看高阶数学/物理、系统设计、科研训练、交叉前沿专题；样例：库内未命中该层次开设样例,库内未命中,区域重点/特色优势：核心课保持完整，通常叠加地方产业、行业场景、实验项目和专业方向模块；样例：库内未命中该层次开设样例,广州航海学院,普通应用/职业供给：更强调工具链、工艺流程、项目实训、岗位规范，课程呈现更实训化、工具化；样例：广州航海学院
081811T,智慧交通,本科(普通),工学学士,四年,工学,交通运输类,高等数学、计算机应用基础、大学物理、交通工程导论、运筹学、数据库原理与应用、电路与电子技术、智能交通系统原理、交通大数据分析、车路协同技术,rysxai_major_course,,北京航空航天大学、哈尔滨工业大学、中山大学、东南大学、西南交通大学,头部/强研究型：核心课不一定换名称，但会加深数学/理论和研究训练，重点看高阶数学/物理、系统设计、科研训练、交叉前沿专题；样例：北京航空航天大学、哈尔滨工业大学、中山大学、东南大学、西南交通大学,广州大学、西安建筑科技大学、山东科技大学、集美大学、桂林电子科技大学,区域重点/特色优势：核心课保持完整，通常叠加地方产业、行业场景、实验项目和专业方向模块；样例：广州大学、西安建筑科技大学、山东科技大学、集美大学、桂林电子科技大学,广州航海学院、安阳工学院、淮南师范学院、广西警察学院、大连科技学院,普通应用/职业供给：更强调工具链、工艺流程、项目实训、岗位规范，课程呈现更实训化、工具化；样例：广州航海学院、安阳工学院、淮南师范学院、广西警察学院、大连科技学院
081812T,智能运输工程,本科(普通),工学学士,四年,工学,交通运输类,高等数学、计算机应用基础、大学物理、交通工程导论、工程力学、交通规划原理、自动控制原理、导航、ETC等智能交通组件、理解“智能运输”的整体架构,rysxai_major_course,,西北工业大学、北京交通大学,头部/强研究型：核心课不一定换名称，但会加深数学/理论和研究训练，重点看高阶数学/物理、系统设计、科研训练、交叉前沿专题；样例：西北工业大学、北京交通大学,河南科技大学、内蒙古农业大学、长春工程学院,区域重点/特色优势：核心课保持完整，通常叠加地方产业、行业场景、实验项目和专业方向模块；样例：河南科技大学、内蒙古农业大学、长春工程学院,库内未命中,普通应用/职业供给：更强调工具链、工艺流程、项目实训、岗位规范，课程呈现更实训化、工具化；样例：库内未命中该层次开设样例
081901,船舶与海洋工程,本科(普通),工学学士,四年,工学,海洋工程类,船舶与海洋工程导论、船舶与海洋工程应用数学基础、船舶流体力学数学基础、船舶流体力学、船舶静力学、金属学与造船材料、钢结构设计原理、船舶阻力与推进、船舶推进器设计、船舶结构设计,rysxai_major_course,,上海交通大学、华中科技大学、天津大学、西北工业大学、哈尔滨工业大学(威海),头部/强研究型：核心课不一定换名称，但会加深数学/理论和研究训练，重点看高阶数学/物理、系统设计、科研训练、交叉前沿专题；样例：上海交通大学、华中科技大学、天津大学、西北工业大学、哈尔滨工业大学(威海),长沙理工大学、山东科技大学、江苏科技大学、中北大学、集美大学,区域重点/特色优势：核心课保持完整，通常叠加地方产业、行业场景、实验项目和专业方向模块；样例：长沙理工大学、山东科技大学、江苏科技大学、中北大学、集美大学,广州航海学院、江苏科技大学苏州理工学院、青岛黄海学院、南通理工学院,普通应用/职业供给：更强调工具链、工艺流程、项目实训、岗位规范，课程呈现更实训化、工具化；样例：广州航海学院、江苏科技大学苏州理工学院、青岛黄海学院、南通理工学院
081902T,海洋工程与技术,本科(普通),工学学士,四年,工学,海洋工程类,高等数学、大学物理、海洋科学导论、理论力学、材料力学、海洋工程结构设计、海洋能源开发技术、海岸与近海工程、海洋工程模型实验、海上平台操作实训,rysxai_major_course,,浙江大学、中山大学、西北工业大学、中国地质大学(武汉)、中国地质大学(北京),头部/强研究型：核心课不一定换名称，但会加深数学/理论和研究训练，重点看高阶数学/物理、系统设计、科研训练、交叉前沿专题；样例：浙江大学、中山大学、西北工业大学、中国地质大学(武汉)、中国地质大学(北京),江苏科技大学、浙江海洋大学、北部湾大学,区域重点/特色优势：核心课保持完整，通常叠加地方产业、行业场景、实验项目和专业方向模块；样例：江苏科技大学、浙江海洋大学、北部湾大学,库内未命中,普通应用/职业供给：更强调工具链、工艺流程、项目实训、岗位规范，课程呈现更实训化、工具化；样例：库内未命中该层次开设样例
081903T,海洋资源开发技术,本科(普通),工学学士,四年,工学,海洋工程类,海洋科学与工程概论、海洋资源学、海洋资源开发技术专业导论、流体力学、生物资源评估、海洋环境工程、海洋生物资源产品质量控制、水产食品化学、食品工程原理、食品包装工程,rysxai_major_course,,山东大学、大连理工大学、中国海洋大学、山东大学威海分校、南京师范大学,头部/强研究型：核心课不一定换名称，但会加深数学/理论和研究训练，重点看高阶数学/物理、系统设计、科研训练、交叉前沿专题；样例：山东大学、大连理工大学、中国海洋大学、山东大学威海分校、南京师范大学,浙江理工大学、天津科技大学、江苏海洋大学、盐城师范学院、岭南师范学院,区域重点/特色优势：核心课保持完整，通常叠加地方产业、行业场景、实验项目和专业方向模块；样例：浙江理工大学、天津科技大学、江苏海洋大学、盐城师范学院、岭南师范学院,库内未命中,普通应用/职业供给：更强调工具链、工艺流程、项目实训、岗位规范，课程呈现更实训化、工具化；样例：库内未命中该层次开设样例
081904T,海洋机器人,本科(普通),工学学士,四年,工学,海洋工程类,高等数学、大学物理、机械设计基础、自动控制原理、海洋工程环境学、海洋机器人设计、水下机器人控制技术、海洋机器人感知与导航、海洋机器人仿真实验、水下机器人装配与调试实训,rysxai_major_course,,哈尔滨工程大学,头部/强研究型：核心课不一定换名称，但会加深数学/理论和研究训练，重点看高阶数学/物理、系统设计、科研训练、交叉前沿专题；样例：哈尔滨工程大学,湖南科技大学、福建理工大学、山东交通学院,区域重点/特色优势：核心课保持完整，通常叠加地方产业、行业场景、实验项目和专业方向模块；样例：湖南科技大学、福建理工大学、山东交通学院,库内未命中,普通应用/职业供给：更强调工具链、工艺流程、项目实训、岗位规范，课程呈现更实训化、工具化；样例：库内未命中该层次开设样例
081905T,智慧海洋技术,本科(普通),工学学士,四年,工学,海洋工程类,高等数学、大学物理、计算机应用基础、海洋科学导论、电路与电子技术、传感器原理与应用、信号处理技术、Python程序设计、智慧海洋感知技术、海洋大数据处理,rysxai_major_course,,哈尔滨工程大学,头部/强研究型：核心课不一定换名称，但会加深数学/理论和研究训练，重点看高阶数学/物理、系统设计、科研训练、交叉前沿专题；样例：哈尔滨工程大学,浙江海洋大学、福建理工大学、山东交通学院,区域重点/特色优势：核心课保持完整，通常叠加地方产业、行业场景、实验项目和专业方向模块；样例：浙江海洋大学、福建理工大学、山东交通学院,库内未命中,普通应用/职业供给：更强调工具链、工艺流程、项目实训、岗位规范，课程呈现更实训化、工具化；样例：库内未命中该层次开设样例
081906T,智能海洋装备,本科(普通),工学学士,四年,工学,海洋工程类,大学英语、高等数学、大学物理、海洋工程基础、机械设计基础、自动控制原理、智能海洋装备设计、海洋机器人技术、海洋传感器与检测技术、海洋装备CAD/CAM实训,rysxai_major_course,,华南理工大学,头部/强研究型：核心课不一定换名称，但会加深数学/理论和研究训练，重点看高阶数学/物理、系统设计、科研训练、交叉前沿专题；样例：华南理工大学,库内未命中,区域重点/特色优势：核心课保持完整，通常叠加地方产业、行业场景、实验项目和专业方向模块；样例：库内未命中该层次开设样例,广州航海学院、青岛黄海学院,普通应用/职业供给：更强调工具链、工艺流程、项目实训、岗位规范，课程呈现更实训化、工具化；样例：广州航海学院、青岛黄海学院
082001,航空航天工程,本科(普通),工学学士,四年,工学,航空航天类,航空航天导论、空气动力学、空气热力学、飞行力学、飞行器结构力学、发动机设计、飞行控制、飞行器设计、推进原理、复合材料与结构,rysxai_major_course,,清华大学、北京大学、上海交通大学、北京航空航天大学、中山大学,头部/强研究型：核心课不一定换名称，但会加深数学/理论和研究训练，重点看高阶数学/物理、系统设计、科研训练、交叉前沿专题；样例：清华大学、北京大学、上海交通大学、北京航空航天大学、中山大学,沈阳航空航天大学、郑州航空工业管理学院、中国民用航空飞行学院、山东航空学院,区域重点/特色优势：核心课保持完整，通常叠加地方产业、行业场景、实验项目和专业方向模块；样例：沈阳航空航天大学、郑州航空工业管理学院、中国民用航空飞行学院、山东航空学院,南昌理工学院、中国消防救援学院,普通应用/职业供给：更强调工具链、工艺流程、项目实训、岗位规范，课程呈现更实训化、工具化；样例：南昌理工学院、中国消防救援学院
082002,飞行器设计与工程,本科(普通),工学学士,四年,工学,航空航天类,空气动力学基础、材料力学、机械振动基础、工程材料及热加工工艺基础、C语言程序、CAD/CAE软件应用、飞机CAD技术、空气动力学、飞行器空气动力学、飞机部件空气动力学,rysxai_major_course,,浙江大学、复旦大学、华中科技大学、西安交通大学、北京航空航天大学,头部/强研究型：核心课不一定换名称，但会加深数学/理论和研究训练，重点看高阶数学/物理、系统设计、科研训练、交叉前沿专题；样例：浙江大学、复旦大学、华中科技大学、西安交通大学、北京航空航天大学,中北大学、沈阳航空航天大学、南昌航空大学、重庆交通大学、中国民航大学,区域重点/特色优势：核心课保持完整，通常叠加地方产业、行业场景、实验项目和专业方向模块；样例：中北大学、沈阳航空航天大学、南昌航空大学、重庆交通大学、中国民航大学,珠海科技学院、安阳学院,普通应用/职业供给：更强调工具链、工艺流程、项目实训、岗位规范，课程呈现更实训化、工具化；样例：珠海科技学院、安阳学院
082003,飞行器制造工程,本科(普通),工学学士,四年,工学,航空航天类,大学物理、C语言、航空材料、塑性成形原理、飞行器结构力学、数字控制原理与应用、冲压工艺与钣金、飞行器结构设计、微小飞行器设计、计算机辅助飞机制造,rysxai_major_course,,北京航空航天大学、哈尔滨工业大学、北京理工大学、同济大学、西北工业大学,头部/强研究型：核心课不一定换名称，但会加深数学/理论和研究训练，重点看高阶数学/物理、系统设计、科研训练、交叉前沿专题；样例：北京航空航天大学、哈尔滨工业大学、北京理工大学、同济大学、西北工业大学,中北大学、沈阳航空航天大学、南昌航空大学、重庆交通大学、中国民航大学,区域重点/特色优势：核心课保持完整，通常叠加地方产业、行业场景、实验项目和专业方向模块；样例：中北大学、沈阳航空航天大学、南昌航空大学、重庆交通大学、中国民航大学,贵州理工学院、安阳工学院、安顺学院、荆楚理工学院、江西飞行学院,普通应用/职业供给：更强调工具链、工艺流程、项目实训、岗位规范，课程呈现更实训化、工具化；样例：贵州理工学院、安阳工学院、安顺学院、荆楚理工学院、江西飞行学院
082004,飞行器动力工程,本科(普通),工学学士,四年,工学,航空航天类,飞行器动力工程专业导论、现代航天工程导论、工程热力学、空气动力学、气体动力学、燃烧学、流体力学与热力学、粘性流体力学、火箭发动机原理、火箭发动机设计,rysxai_major_course,,西安交通大学、北京航空航天大学、哈尔滨工业大学、国防科技大学、北京理工大学,头部/强研究型：核心课不一定换名称，但会加深数学/理论和研究训练，重点看高阶数学/物理、系统设计、科研训练、交叉前沿专题；样例：西安交通大学、北京航空航天大学、哈尔滨工业大学、国防科技大学、北京理工大学,沈阳航空航天大学、南昌航空大学、重庆交通大学、中国民航大学、西华大学,区域重点/特色优势：核心课保持完整，通常叠加地方产业、行业场景、实验项目和专业方向模块；样例：沈阳航空航天大学、南昌航空大学、重庆交通大学、中国民航大学、西华大学,贵州理工学院、电子科技大学成都学院、吉林动画学院,普通应用/职业供给：更强调工具链、工艺流程、项目实训、岗位规范，课程呈现更实训化、工具化；样例：贵州理工学院、电子科技大学成都学院、吉林动画学院
082005,飞行器环境与生命保障工程,本科(普通),工学学士,四年,工学,航空航天类,工程热力学、传热学、飞行器环境控制、飞机座舱参数控制、飞机防冰系统、制冷原理与设备、制冷装置自动化、空气调节、现代制冷空调技术、热工测量与仪表,rysxai_major_course,,北京航空航天大学、哈尔滨工业大学、南京航空航天大学,头部/强研究型：核心课不一定换名称，但会加深数学/理论和研究训练，重点看高阶数学/物理、系统设计、科研训练、交叉前沿专题；样例：北京航空航天大学、哈尔滨工业大学、南京航空航天大学,库内未命中,区域重点/特色优势：核心课保持完整，通常叠加地方产业、行业场景、实验项目和专业方向模块；样例：库内未命中该层次开设样例,库内未命中,普通应用/职业供给：更强调工具链、工艺流程、项目实训、岗位规范，课程呈现更实训化、工具化；样例：库内未命中该层次开设样例
082006T,飞行器质量与可靠性,本科(普通),工学学士,四年,工学,航空航天类,工程力学、机械设计基础、可靠性工程基础、飞行器概论、工程热力学与传热学、飞行器质量控制、飞行器可靠性设计、航空航天产品失效分析、飞行器维修性与测试性、飞行器系统安全性工程,rysxai_major_course,,北京航空航天大学,头部/强研究型：核心课不一定换名称，但会加深数学/理论和研究训练，重点看高阶数学/物理、系统设计、科研训练、交叉前沿专题；样例：北京航空航天大学,沈阳航空航天大学、中国民航大学、郑州航空工业管理学院、西安航空学院、桂林航天工业学院,区域重点/特色优势：核心课保持完整，通常叠加地方产业、行业场景、实验项目和专业方向模块；样例：沈阳航空航天大学、中国民航大学、郑州航空工业管理学院、西安航空学院、桂林航天工业学院,安阳工学院、电子科技大学成都学院,普通应用/职业供给：更强调工具链、工艺流程、项目实训、岗位规范，课程呈现更实训化、工具化；样例：安阳工学院、电子科技大学成都学院
082007T,飞行器适航技术,本科(普通),工学学士,四年,工学,航空航天类,高等数学、大学物理、工程力学、航空航天概论、机械设计基础、飞行器适航法规、飞行器系统适航性、适航验证技术、适航工程实训、飞行器系统测试实验,rysxai_major_course,,北京航空航天大学、南京航空航天大学,头部/强研究型：核心课不一定换名称，但会加深数学/理论和研究训练，重点看高阶数学/物理、系统设计、科研训练、交叉前沿专题；样例：北京航空航天大学、南京航空航天大学,沈阳航空航天大学、南昌航空大学、中国民航大学、郑州航空工业管理学院、中国民用航空飞行学院,区域重点/特色优势：核心课保持完整，通常叠加地方产业、行业场景、实验项目和专业方向模块；样例：沈阳航空航天大学、南昌航空大学、中国民航大学、郑州航空工业管理学院、中国民用航空飞行学院,安阳工学院、江西飞行学院,普通应用/职业供给：更强调工具链、工艺流程、项目实训、岗位规范，课程呈现更实训化、工具化；样例：安阳工学院、江西飞行学院
082008T,飞行器控制与信息工程,本科(普通),工学学士,四年,工学,航空航天类,高等数学、大学物理、计算机应用基础、理论力学、自动控制原理、信号与系统、航空航天概论、飞行器控制原理、飞行器导航技术、航空航天信息系统,rysxai_major_course,,北京航空航天大学、四川大学、西北工业大学、电子科技大学、南京航空航天大学,头部/强研究型：核心课不一定换名称，但会加深数学/理论和研究训练，重点看高阶数学/物理、系统设计、科研训练、交叉前沿专题；样例：北京航空航天大学、四川大学、西北工业大学、电子科技大学、南京航空航天大学,昆明理工大学、南昌航空大学、西华师范大学、中原工学院、山东航空学院,区域重点/特色优势：核心课保持完整，通常叠加地方产业、行业场景、实验项目和专业方向模块；样例：昆明理工大学、南昌航空大学、西华师范大学、中原工学院、山东航空学院,南京航空航天大学金城学院、新乡工程学院、吉林动画学院、吉利学院、中国消防救援学院,普通应用/职业供给：更强调工具链、工艺流程、项目实训、岗位规范，课程呈现更实训化、工具化；样例：南京航空航天大学金城学院、新乡工程学院、吉林动画学院、吉利学院、中国消防救援学院
082009T,无人驾驶航空器系统工程,本科(普通),工学学士,四年,工学,航空航天类,航空航天概论、自动控制原理、传感器与检测技术、无人机系统导论、无人驾驶航空器飞控技术、无人机导航与定位、无人机任务载荷技术、无人机系统集成与测试、无人机装配与调试实训、飞控系统开发实践,rysxai_major_course,,北京航空航天大学、北京理工大学、电子科技大学、南京航空航天大学、石河子大学,头部/强研究型：核心课不一定换名称，但会加深数学/理论和研究训练，重点看高阶数学/物理、系统设计、科研训练、交叉前沿专题；样例：北京航空航天大学、北京理工大学、电子科技大学、南京航空航天大学、石河子大学,中北大学、南昌航空大学、中国民航大学、北方工业大学、西华大学,区域重点/特色优势：核心课保持完整，通常叠加地方产业、行业场景、实验项目和专业方向模块；样例：中北大学、南昌航空大学、中国民航大学、北方工业大学、西华大学,广州航海学院、四川文理学院、滇西科技师范学院、江西飞行学院、珠海科技学院,普通应用/职业供给：更强调工具链、工艺流程、项目实训、岗位规范，课程呈现更实训化、工具化；样例：广州航海学院、四川文理学院、滇西科技师范学院、江西飞行学院、珠海科技学院
082010T,智能飞行器技术,本科(普通),工学学士,四年,工学,航空航天类,高等数学、大学物理、计算机应用基础、理论力学、材料力学、空气动力学、自动控制原理、飞行器结构设计、智能飞行控制技术、无人机系统设计,rysxai_major_course,,北京航空航天大学、国防科技大学、南京航空航天大学,头部/强研究型：核心课不一定换名称，但会加深数学/理论和研究训练，重点看高阶数学/物理、系统设计、科研训练、交叉前沿专题；样例：北京航空航天大学、国防科技大学、南京航空航天大学,库内未命中,区域重点/特色优势：核心课保持完整，通常叠加地方产业、行业场景、实验项目和专业方向模块；样例：库内未命中该层次开设样例,文华学院,普通应用/职业供给：更强调工具链、工艺流程、项目实训、岗位规范，课程呈现更实训化、工具化；样例：文华学院
082011T,空天智能电推进技术,本科(普通),工学学士,四年,工学,航空航天类,高等数学、大学物理、工程力学、电磁学、航空航天概论、电力电子技术、空天电推进原理、智能控制技术、等离子体物理与应用、高功率密度电源技术,rysxai_major_course,,北京航空航天大学,头部/强研究型：核心课不一定换名称，但会加深数学/理论和研究训练，重点看高阶数学/物理、系统设计、科研训练、交叉前沿专题；样例：北京航空航天大学,库内未命中,区域重点/特色优势：核心课保持完整，通常叠加地方产业、行业场景、实验项目和专业方向模块；样例：库内未命中该层次开设样例,库内未命中,普通应用/职业供给：更强调工具链、工艺流程、项目实训、岗位规范，课程呈现更实训化、工具化；样例：库内未命中该层次开设样例
082012T,飞行器运维工程,本科(普通),工学学士,四年,工学,航空航天类,工程力学、航空航天概论、机械制图与CAD、电子电工技术、航空材料学、飞行器结构与系统、飞行器维护理论与技术、飞行器故障诊断、航空发动机原理与维护、航空电子设备维护,rysxai_major_course,,库内未命中,头部/强研究型：核心课不一定换名称，但会加深数学/理论和研究训练，重点看高阶数学/物理、系统设计、科研训练、交叉前沿专题；样例：库内未命中该层次开设样例,中国民航大学、郑州航空工业管理学院、上海电机学院、新疆工程学院、昌吉学院,区域重点/特色优势：核心课保持完整，通常叠加地方产业、行业场景、实验项目和专业方向模块；样例：中国民航大学、郑州航空工业管理学院、上海电机学院、新疆工程学院、昌吉学院,江西飞行学院、南京航空航天大学金城学院、香港高等教育科技学院,普通应用/职业供给：更强调工具链、工艺流程、项目实训、岗位规范，课程呈现更实训化、工具化；样例：江西飞行学院、南京航空航天大学金城学院、香港高等教育科技学院
082101,武器系统与工程,本科(普通),工学学士,四年,工学,兵器类,思想道德与法治、大学英语、高等数学、大学物理、理论力学、材料力学、工程制图、机械原理、武器系统设计、武器动力学,rysxai_major_course,,国防科技大学、北京理工大学、南京理工大学,头部/强研究型：核心课不一定换名称，但会加深数学/理论和研究训练，重点看高阶数学/物理、系统设计、科研训练、交叉前沿专题；样例：国防科技大学、北京理工大学、南京理工大学,中北大学、西安工业大学、空军工程大学,区域重点/特色优势：核心课保持完整，通常叠加地方产业、行业场景、实验项目和专业方向模块；样例：中北大学、西安工业大学、空军工程大学,库内未命中,普通应用/职业供给：更强调工具链、工艺流程、项目实训、岗位规范，课程呈现更实训化、工具化；样例：库内未命中该层次开设样例
082102,武器发射工程,本科(普通),工学学士,四年,工学,兵器类,工程力学、机械设计基础、电工电子技术、流体力学、自动控制原理、弹道学、武器发射系统设计、火箭发动机原理、发射动力学、武器系统仿真,rysxai_major_course,,北京理工大学、南京理工大学,头部/强研究型：核心课不一定换名称，但会加深数学/理论和研究训练，重点看高阶数学/物理、系统设计、科研训练、交叉前沿专题；样例：北京理工大学、南京理工大学,中北大学、沈阳理工大学、空军工程大学,区域重点/特色优势：核心课保持完整，通常叠加地方产业、行业场景、实验项目和专业方向模块；样例：中北大学、沈阳理工大学、空军工程大学,库内未命中,普通应用/职业供给：更强调工具链、工艺流程、项目实训、岗位规范，课程呈现更实训化、工具化；样例：库内未命中该层次开设样例
082103,探测制导与控制技术,本科(普通),工学学士,四年,工学,兵器类,自动控制原理、现代控制理论基础、控制元件、计算机控制原理、飞行力学、制导原理、探测原理、导引系统原理、惯性导航、飞行器制导与控制,rysxai_major_course,,北京航空航天大学、哈尔滨工业大学、北京理工大学、西北工业大学、南京理工大学,头部/强研究型：核心课不一定换名称，但会加深数学/理论和研究训练，重点看高阶数学/物理、系统设计、科研训练、交叉前沿专题；样例：北京航空航天大学、哈尔滨工业大学、北京理工大学、西北工业大学、南京理工大学,长春理工大学、中北大学、沈阳航空航天大学、西安工业大学、沈阳理工大学,区域重点/特色优势：核心课保持完整，通常叠加地方产业、行业场景、实验项目和专业方向模块；样例：长春理工大学、中北大学、沈阳航空航天大学、西安工业大学、沈阳理工大学,库内未命中,普通应用/职业供给：更强调工具链、工艺流程、项目实训、岗位规范，课程呈现更实训化、工具化；样例：库内未命中该层次开设样例
082104,弹药工程与爆炸技术,本科(普通),工学学士,四年,工学,兵器类,高等数学、大学物理、工程力学、材料科学基础、爆炸力学、弹药设计原理、火药学、爆炸技术及应用、弹药装配与测试实训、爆炸效应实验,rysxai_major_course,,北京理工大学、南京理工大学,头部/强研究型：核心课不一定换名称，但会加深数学/理论和研究训练，重点看高阶数学/物理、系统设计、科研训练、交叉前沿专题；样例：北京理工大学、南京理工大学,中北大学、安徽理工大学、沈阳理工大学,区域重点/特色优势：核心课保持完整，通常叠加地方产业、行业场景、实验项目和专业方向模块；样例：中北大学、安徽理工大学、沈阳理工大学,沈阳工学院,普通应用/职业供给：更强调工具链、工艺流程、项目实训、岗位规范，课程呈现更实训化、工具化；样例：沈阳工学院
082105,特种能源技术与工程,本科(普通),工学学士,四年,工学,兵器类,高等数学、大学物理、工程力学、材料科学基础、化学热力学与动力学、特种能源材料、火工品设计与制造、含能材料合成与应用、火工品装配实训、含能材料性能测试实验,rysxai_major_course,,北京理工大学、南京理工大学,头部/强研究型：核心课不一定换名称，但会加深数学/理论和研究训练，重点看高阶数学/物理、系统设计、科研训练、交叉前沿专题；样例：北京理工大学、南京理工大学,中北大学、安徽理工大学、西南科技大学、沈阳理工大学,区域重点/特色优势：核心课保持完整，通常叠加地方产业、行业场景、实验项目和专业方向模块；样例：中北大学、安徽理工大学、西南科技大学、沈阳理工大学,沈阳工学院,普通应用/职业供给：更强调工具链、工艺流程、项目实训、岗位规范，课程呈现更实训化、工具化；样例：沈阳工学院
082106,装甲车辆工程,本科(普通),工学学士,四年,工学,兵器类,高等数学、大学物理、工程力学、机械原理、机械设计、电工电子技术、装甲车辆总体设计、装甲车辆动力系统、装甲车辆防护技术、装甲车辆结构拆装实训,rysxai_major_course,,北京理工大学,头部/强研究型：核心课不一定换名称，但会加深数学/理论和研究训练，重点看高阶数学/物理、系统设计、科研训练、交叉前沿专题；样例：北京理工大学,中北大学、重庆理工大学、沈阳理工大学,区域重点/特色优势：核心课保持完整，通常叠加地方产业、行业场景、实验项目和专业方向模块；样例：中北大学、重庆理工大学、沈阳理工大学,库内未命中,普通应用/职业供给：更强调工具链、工艺流程、项目实训、岗位规范，课程呈现更实训化、工具化；样例：库内未命中该层次开设样例
082107,信息对抗技术,本科(普通),工学学士,四年,工学,兵器类,C语程序设计、模拟电路基础、数字信号处理原理及应用、软件工程设计与实践、随机信号分析、微波技术与天线、模拟集成电路应用、高性能嵌入式系统设计、信息系统安全与对抗技术、电子信息对抗原理,rysxai_major_course,,北京航空航天大学、哈尔滨工业大学、国防科技大学、北京理工大学、电子科技大学,头部/强研究型：核心课不一定换名称，但会加深数学/理论和研究训练，重点看高阶数学/物理、系统设计、科研训练、交叉前沿专题；样例：北京航空航天大学、哈尔滨工业大学、国防科技大学、北京理工大学、电子科技大学,长春理工大学、中北大学、西安邮电大学、西安工业大学、沈阳理工大学,区域重点/特色优势：核心课保持完整，通常叠加地方产业、行业场景、实验项目和专业方向模块；样例：长春理工大学、中北大学、西安邮电大学、西安工业大学、沈阳理工大学,南昌航空大学科技学院,普通应用/职业供给：更强调工具链、工艺流程、项目实训、岗位规范，课程呈现更实训化、工具化；样例：南昌航空大学科技学院
082108T,智能无人系统技术,本科(普通),工学学士,四年,工学,兵器类,大学英语、高等数学、大学物理、自动控制原理、传感器与检测技术、嵌入式系统设计、无人系统导航与定位、无人系统感知与决策、无人系统控制技术、无人车路径规划实训,rysxai_major_course,,北京理工大学、大连理工大学,头部/强研究型：核心课不一定换名称，但会加深数学/理论和研究训练，重点看高阶数学/物理、系统设计、科研训练、交叉前沿专题；样例：北京理工大学、大连理工大学,中北大学、西安邮电大学、沈阳理工大学、四川轻化工大学、湖北汽车工业学院,区域重点/特色优势：核心课保持完整，通常叠加地方产业、行业场景、实验项目和专业方向模块；样例：中北大学、西安邮电大学、沈阳理工大学、四川轻化工大学、湖北汽车工业学院,太原工业学院,普通应用/职业供给：更强调工具链、工艺流程、项目实训、岗位规范，课程呈现更实训化、工具化；样例：太原工业学院
082202,辐射防护与核安全,本科(普通),工学学士,四年,工学,核工程类,高等数学、大学物理、核物理基础、辐射探测学、核电子学、辐射防护原理、核安全法规与管理、核应急技术、辐射剂量测量实验、核设施辐射防护实训,rysxai_major_course,,兰州大学、南京理工大学、南京航空航天大学、华北电力大学(北京)、成都理工大学,头部/强研究型：核心课不一定换名称，但会加深数学/理论和研究训练，重点看高阶数学/物理、系统设计、科研训练、交叉前沿专题；样例：兰州大学、南京理工大学、南京航空航天大学、华北电力大学(北京)、成都理工大学,南华大学、西南科技大学、东华理工大学、陆军防化学院,区域重点/特色优势：核心课保持完整，通常叠加地方产业、行业场景、实验项目和专业方向模块；样例：南华大学、西南科技大学、东华理工大学、陆军防化学院,库内未命中,普通应用/职业供给：更强调工具链、工艺流程、项目实训、岗位规范，课程呈现更实训化、工具化；样例：库内未命中该层次开设样例
082203,工程物理,本科(普通),工学学士,四年,工学,核工程类,高等数学、大学物理、理论力学、材料力学、热力学与统计物理、工程热物理、核技术基础、传感器与检测技术、工程物理实验、数值模拟与计算,rysxai_major_course,,清华大学、中国科学技术大学,头部/强研究型：核心课不一定换名称，但会加深数学/理论和研究训练，重点看高阶数学/物理、系统设计、科研训练、交叉前沿专题；样例：清华大学、中国科学技术大学,库内未命中,区域重点/特色优势：核心课保持完整，通常叠加地方产业、行业场景、实验项目和专业方向模块；样例：库内未命中该层次开设样例,库内未命中,普通应用/职业供给：更强调工具链、工艺流程、项目实训、岗位规范，课程呈现更实训化、工具化；样例：库内未命中该层次开设样例
082204,核化工与核燃料工程,本科(普通),工学学士,四年,工学,核工程类,原子核物理、核化学与放射化学、核化工原理、核燃料循环化学工艺学、高等数学、大学物理、工程制图、电工电子技术、工程力学、专业核心原理,rysxai_major_course+category_template,,兰州大学、哈尔滨工程大学、成都理工大学,头部/强研究型：核心课不一定换名称，但会加深数学/理论和研究训练，重点看高阶数学/物理、系统设计、科研训练、交叉前沿专题；样例：兰州大学、哈尔滨工程大学、成都理工大学,南华大学、西南科技大学、东华理工大学,区域重点/特色优势：核心课保持完整，通常叠加地方产业、行业场景、实验项目和专业方向模块；样例：南华大学、西南科技大学、东华理工大学,库内未命中,普通应用/职业供给：更强调工具链、工艺流程、项目实训、岗位规范，课程呈现更实训化、工具化；样例：库内未命中该层次开设样例
082301,农业工程,本科(普通),工学学士,四年,工学,农业工程类,高等数学、大学物理、工程力学、画法几何与机械制图、电工与电子技术、农业机械学基础、农业系统工程、农业机械化工程、农业水土工程、农业生物环境与能源工程,rysxai_major_course,,浙江大学、中国农业大学、四川农业大学,头部/强研究型：核心课不一定换名称，但会加深数学/理论和研究训练，重点看高阶数学/物理、系统设计、科研训练、交叉前沿专题；样例：浙江大学、中国农业大学、四川农业大学,仲恺农业工程学院,区域重点/特色优势：核心课保持完整，通常叠加地方产业、行业场景、实验项目和专业方向模块；样例：仲恺农业工程学院,黄河科技学院,普通应用/职业供给：更强调工具链、工艺流程、项目实训、岗位规范，课程呈现更实训化、工具化；样例：黄河科技学院
082302,农业机械化及其自动化,本科(普通),工学学士,四年,工学,农业工程类,高等数学、大学物理、大学英语、机械制图、理论力学、材料力学、农业机械学基础、农业机械设计、农业机械化管理、农业动力系统,rysxai_major_course,,中国农业大学、吉林大学、西北农林科技大学、华中农业大学、南京农业大学,头部/强研究型：核心课不一定换名称，但会加深数学/理论和研究训练，重点看高阶数学/物理、系统设计、科研训练、交叉前沿专题；样例：中国农业大学、吉林大学、西北农林科技大学、华中农业大学、南京农业大学,昆明理工大学、福建农林大学、山东农业大学、安徽农业大学、河南农业大学,区域重点/特色优势：核心课保持完整，通常叠加地方产业、行业场景、实验项目和专业方向模块；样例：昆明理工大学、福建农林大学、山东农业大学、安徽农业大学、河南农业大学,库内未命中,普通应用/职业供给：更强调工具链、工艺流程、项目实训、岗位规范，课程呈现更实训化、工具化；样例：库内未命中该层次开设样例
082303,农业电气化,本科(普通),工学学士,四年,工学,农业工程类,电路理论、单片机原理、高等数学、大学物理、工程制图、电工电子技术、工程力学、专业核心原理、工程实验、课程设计,rysxai_major_course+category_template,,南京农业大学、东北农业大学、江苏大学,头部/强研究型：核心课不一定换名称，但会加深数学/理论和研究训练，重点看高阶数学/物理、系统设计、科研训练、交叉前沿专题；样例：南京农业大学、东北农业大学、江苏大学,沈阳农业大学、河南科技大学、河北农业大学、内蒙古农业大学、山西农业大学,区域重点/特色优势：核心课保持完整，通常叠加地方产业、行业场景、实验项目和专业方向模块；样例：沈阳农业大学、河南科技大学、河北农业大学、内蒙古农业大学、山西农业大学,库内未命中,普通应用/职业供给：更强调工具链、工艺流程、项目实训、岗位规范，课程呈现更实训化、工具化；样例：库内未命中该层次开设样例
082304,农业建筑环境与能源工程,本科(普通),工学学士,四年,工学,农业工程类,高等数学、大学物理、工程力学、建筑材料、农业环境学、传热学与传质学、农业建筑设计、农业环境控制工程、农村能源工程、农业废弃物处理与利用,rysxai_major_course,,中国农业大学、东北农业大学,头部/强研究型：核心课不一定换名称，但会加深数学/理论和研究训练，重点看高阶数学/物理、系统设计、科研训练、交叉前沿专题；样例：中国农业大学、东北农业大学,河南农业大学、沈阳农业大学、吉林农业大学、云南师范大学、云南农业大学,区域重点/特色优势：核心课保持完整，通常叠加地方产业、行业场景、实验项目和专业方向模块；样例：河南农业大学、沈阳农业大学、吉林农业大学、云南师范大学、云南农业大学,库内未命中,普通应用/职业供给：更强调工具链、工艺流程、项目实训、岗位规范，课程呈现更实训化、工具化；样例：库内未命中该层次开设样例
082305,农业水利工程,本科(普通),工学学士,四年,工学,农业工程类,农业水利工程专业概论、水利工程制图、土壤学与农作学、工程地质与水文地质、水法规及技术规范、农田水利学、灌溉排水工程学、节水灌溉技术、水土保持学、土壤侵蚀原理,rysxai_major_course,,武汉大学、四川大学、中国农业大学、西北农林科技大学、河海大学,头部/强研究型：核心课不一定换名称，但会加深数学/理论和研究训练，重点看高阶数学/物理、系统设计、科研训练、交叉前沿专题；样例：武汉大学、四川大学、中国农业大学、西北农林科技大学、河海大学,昆明理工大学、西安理工大学、安徽农业大学、沈阳农业大学、黑龙江大学,区域重点/特色优势：核心课保持完整，通常叠加地方产业、行业场景、实验项目和专业方向模块；样例：昆明理工大学、西安理工大学、安徽农业大学、沈阳农业大学、黑龙江大学,浙江水利水电学院、河北水利电力学院、河套学院、黄河水利职业技术大学、新疆农业职业技术大学,普通应用/职业供给：更强调工具链、工艺流程、项目实训、岗位规范，课程呈现更实训化、工具化；样例：浙江水利水电学院、河北水利电力学院、河套学院、黄河水利职业技术大学、新疆农业职业技术大学
082306T,土地整治工程,本科(普通),工学学士,四年,工学,农业工程类,地质地貌学、土壤学、测量学、土地资源学、土地整治规划设计、土地复垦与生态修复、土地整治工程施工与管理、工程测量实训、土地整治规划设计实习、GIS在土地整治中的应用实训,rysxai_major_course,,中国地质大学(武汉)、河海大学、中国地质大学(北京)、长安大学、东北农业大学,头部/强研究型：核心课不一定换名称，但会加深数学/理论和研究训练，重点看高阶数学/物理、系统设计、科研训练、交叉前沿专题；样例：中国地质大学(武汉)、河海大学、中国地质大学(北京)、长安大学、东北农业大学,山东农业大学、河南农业大学、沈阳农业大学、河北农业大学、内蒙古农业大学,区域重点/特色优势：核心课保持完整，通常叠加地方产业、行业场景、实验项目和专业方向模块；样例：山东农业大学、河南农业大学、沈阳农业大学、河北农业大学、内蒙古农业大学,山东农业工程学院,普通应用/职业供给：更强调工具链、工艺流程、项目实训、岗位规范，课程呈现更实训化、工具化；样例：山东农业工程学院
082307T,农业智能装备工程,本科(普通),工学学士,四年,工学,农业工程类,高等数学、大学物理、计算机应用基础、大学英语、农业工程概论、机械设计基础、电工电子技术、自动控制原理、农业机器人技术、农业传感器与检测技术,rysxai_major_course,,中国农业大学、西北农林科技大学、南京农业大学、东北农业大学、江苏大学,头部/强研究型：核心课不一定换名称，但会加深数学/理论和研究训练，重点看高阶数学/物理、系统设计、科研训练、交叉前沿专题；样例：中国农业大学、西北农林科技大学、南京农业大学、东北农业大学、江苏大学,福建农林大学、山东农业大学、河南农业大学、吉林农业大学、山东理工大学,区域重点/特色优势：核心课保持完整，通常叠加地方产业、行业场景、实验项目和专业方向模块；样例：福建农林大学、山东农业大学、河南农业大学、吉林农业大学、山东理工大学,山东农业工程学院,普通应用/职业供给：更强调工具链、工艺流程、项目实训、岗位规范，课程呈现更实训化、工具化；样例：山东农业工程学院
082401,森林工程,本科(普通),工学学士,四年,工学,林业工程类,道路建筑材料、土力学与工程地质、水力学与水文学、结构设计原理、路基路面工程、桥梁工程、隧道工程、施工组织设计与管理、城市道路规划、道路勘测设计实习,rysxai_major_course,,东北林业大学、南京林业大学,头部/强研究型：核心课不一定换名称，但会加深数学/理论和研究训练，重点看高阶数学/物理、系统设计、科研训练、交叉前沿专题；样例：东北林业大学、南京林业大学,福建农林大学、内蒙古农业大学、中南林业科技大学、西南林业大学,区域重点/特色优势：核心课保持完整，通常叠加地方产业、行业场景、实验项目和专业方向模块；样例：福建农林大学、内蒙古农业大学、中南林业科技大学、西南林业大学,库内未命中,普通应用/职业供给：更强调工具链、工艺流程、项目实训、岗位规范，课程呈现更实训化、工具化；样例：库内未命中该层次开设样例
082402,木材科学与工程,本科(普通),工学学士,四年,工学,林业工程类,制材学、木材化学与改性、木材干燥学、木材切削原理与刀具、木工机械、人造板生产工艺学、家具制造工艺学、胶粘剂与涂料、家具材料学、表现图技法,rysxai_major_course,,西北农林科技大学、北京林业大学、广西大学、东北林业大学、四川农业大学,头部/强研究型：核心课不一定换名称，但会加深数学/理论和研究训练，重点看高阶数学/物理、系统设计、科研训练、交叉前沿专题；样例：西北农林科技大学、北京林业大学、广西大学、东北林业大学、四川农业大学,福建农林大学、山东农业大学、安徽农业大学、浙江农林大学、河北农业大学,区域重点/特色优势：核心课保持完整，通常叠加地方产业、行业场景、实验项目和专业方向模块；样例：福建农林大学、山东农业大学、安徽农业大学、浙江农林大学、河北农业大学,景德镇艺术职业大学,普通应用/职业供给：更强调工具链、工艺流程、项目实训、岗位规范，课程呈现更实训化、工具化；样例：景德镇艺术职业大学
082403,林产化工,本科(普通),工学学士,四年,工学,林业工程类,有机化学、高等数学、大学物理、工程制图、电工电子技术、工程力学、专业核心原理、工程实验、课程设计,rysxai_major_course+category_template,,西北农林科技大学、北京林业大学、东北林业大学、南京林业大学,头部/强研究型：核心课不一定换名称，但会加深数学/理论和研究训练，重点看高阶数学/物理、系统设计、科研训练、交叉前沿专题；样例：西北农林科技大学、北京林业大学、东北林业大学、南京林业大学,江西农业大学、中南林业科技大学、西南林业大学,区域重点/特色优势：核心课保持完整，通常叠加地方产业、行业场景、实验项目和专业方向模块；样例：江西农业大学、中南林业科技大学、西南林业大学,库内未命中,普通应用/职业供给：更强调工具链、工艺流程、项目实训、岗位规范，课程呈现更实训化、工具化；样例：库内未命中该层次开设样例
082404T,家具设计与工程,本科(普通),工学学士,四年,工学,林业工程类,设计基础、家具材料学、家具力学、家具造型设计、家具结构设计、家具工艺学、家具手绘实训、家具数字建模实践、家具原型制作、高等数学,rysxai_major_course,,北京林业大学、东北林业大学、南京林业大学、华南农业大学,头部/强研究型：核心课不一定换名称，但会加深数学/理论和研究训练，重点看高阶数学/物理、系统设计、科研训练、交叉前沿专题；样例：北京林业大学、东北林业大学、南京林业大学、华南农业大学,浙江农林大学、内蒙古农业大学、中南林业科技大学、沈阳建筑大学、西南林业大学,区域重点/特色优势：核心课保持完整，通常叠加地方产业、行业场景、实验项目和专业方向模块；样例：浙江农林大学、内蒙古农业大学、中南林业科技大学、沈阳建筑大学、西南林业大学,河北美术学院,普通应用/职业供给：更强调工具链、工艺流程、项目实训、岗位规范，课程呈现更实训化、工具化；样例：河北美术学院
082405T,木结构建筑与材料,本科(普通),工学学士,四年,工学,林业工程类,高等数学、大学物理、木材科学基础、结构力学、建筑材料学、木结构设计原理、木结构施工技术、木材改性与加工、木结构构件制作实训、木结构建筑设计实习,rysxai_major_course,,南京林业大学,头部/强研究型：核心课不一定换名称，但会加深数学/理论和研究训练，重点看高阶数学/物理、系统设计、科研训练、交叉前沿专题；样例：南京林业大学,内蒙古农业大学、中南林业科技大学,区域重点/特色优势：核心课保持完整，通常叠加地方产业、行业场景、实验项目和专业方向模块；样例：内蒙古农业大学、中南林业科技大学,库内未命中,普通应用/职业供给：更强调工具链、工艺流程、项目实训、岗位规范，课程呈现更实训化、工具化；样例：库内未命中该层次开设样例
082501,环境科学与工程,本科(普通),工学学士,四年,工学,环境科学与工程类,环境工程原理、环境化学、土壤环境学、水资源与水环境保护、环境毒理学、绿色工程概论、环境工程学、水污染控制工程、水处理工程、大气污染控制工程,rysxai_major_course,,上海交通大学、中国科学技术大学、中国人民大学、华南理工大学、暨南大学,头部/强研究型：核心课不一定换名称，但会加深数学/理论和研究训练，重点看高阶数学/物理、系统设计、科研训练、交叉前沿专题；样例：上海交通大学、中国科学技术大学、中国人民大学、华南理工大学、暨南大学,青岛大学、陕西科技大学、浙江农林大学、重庆交通大学、江西农业大学,区域重点/特色优势：核心课保持完整，通常叠加地方产业、行业场景、实验项目和专业方向模块；样例：青岛大学、陕西科技大学、浙江农林大学、重庆交通大学、江西农业大学,吕梁学院、晋中学院、河北环境工程学院、河套学院、百色学院,普通应用/职业供给：更强调工具链、工艺流程、项目实训、岗位规范，课程呈现更实训化、工具化；样例：吕梁学院、晋中学院、河北环境工程学院、河套学院、百色学院
082503,环境科学,本科(普通),"理学学士,工学学士",五年，四年,工学,环境科学与工程类,环境科学基础、环境学、资源与环境学导论、森林资源与环境导论、环境地理学、无机化学、分析化学、物理化学、环境物理化学、普通及有机化学,rysxai_major_course,,北京大学、浙江大学、复旦大学、南京大学、中国科学技术大学,头部/强研究型：核心课不一定换名称，但会加深数学/理论和研究训练，重点看高阶数学/物理、系统设计、科研训练、交叉前沿专题；样例：北京大学、浙江大学、复旦大学、南京大学、中国科学技术大学,浙江工商大学、西交利物浦大学、山东师范大学、广州大学、昆明理工大学,区域重点/特色优势：核心课保持完整，通常叠加地方产业、行业场景、实验项目和专业方向模块；样例：浙江工商大学、西交利物浦大学、山东师范大学、广州大学、昆明理工大学,黄山学院、景德镇学院、河北环境工程学院、河南财政金融学院、湖北工程学院新技术学院,普通应用/职业供给：更强调工具链、工艺流程、项目实训、岗位规范，课程呈现更实训化、工具化；样例：黄山学院、景德镇学院、河北环境工程学院、河南财政金融学院、湖北工程学院新技术学院
082504,环境生态工程,本科(普通),工学学士,四年,工学,环境科学与工程类,大学英语、高等数学、大学物理、生态学、环境科学导论、工程力学、环境化学、土壤学、生态工程原理、污染生态修复技术,rysxai_major_course,,哈尔滨工业大学、北京师范大学、厦门大学、大连理工大学、华东师范大学,头部/强研究型：核心课不一定换名称，但会加深数学/理论和研究训练，重点看高阶数学/物理、系统设计、科研训练、交叉前沿专题；样例：哈尔滨工业大学、北京师范大学、厦门大学、大连理工大学、华东师范大学,山东农业大学、陕西科技大学、河南农业大学、齐鲁工业大学、北京建筑大学,区域重点/特色优势：核心课保持完整，通常叠加地方产业、行业场景、实验项目和专业方向模块；样例：山东农业大学、陕西科技大学、河南农业大学、齐鲁工业大学、北京建筑大学,浙江水利水电学院、湘南学院、太原工业学院、巢湖学院、河北民族师范学院,普通应用/职业供给：更强调工具链、工艺流程、项目实训、岗位规范，课程呈现更实训化、工具化；样例：浙江水利水电学院、湘南学院、太原工业学院、巢湖学院、河北民族师范学院
082505T,环保设备工程,本科(普通),工学学士,四年,工学,环境科学与工程类,流体力学、环境学导论、环境化学、环境监测、环境工程微生物学、水污染控制工程、大气污染控制工程、固体废物处理、环境影响评价,rysxai_major_course+category_template,,中国石油大学(华东)、湘潭大学、江苏大学,头部/强研究型：核心课不一定换名称，但会加深数学/理论和研究训练，重点看高阶数学/物理、系统设计、科研训练、交叉前沿专题；样例：中国石油大学(华东)、湘潭大学、江苏大学,青岛理工大学、沈阳工业大学、烟台大学、太原科技大学、上海第二工业大学,区域重点/特色优势：核心课保持完整，通常叠加地方产业、行业场景、实验项目和专业方向模块；样例：青岛理工大学、沈阳工业大学、烟台大学、太原科技大学、上海第二工业大学,河北环境工程学院、蚌埠学院,普通应用/职业供给：更强调工具链、工艺流程、项目实训、岗位规范，课程呈现更实训化、工具化；样例：河北环境工程学院、蚌埠学院
082506T,资源环境科学,本科(普通),"理学学士,工学学士",四年,工学,环境科学与工程类,农业生态学、环境土壤学、植物保护学、环境毒理学、环境监测与环境影响评价、环境资源遥感与环境信息学、现代环境分析技术、环境科学综合实验、环境生物技术与环境工程综合实验、环境学导论,rysxai_major_course,,北京师范大学、中国农业大学、华南理工大学、西北农林科技大学、扬州大学,头部/强研究型：核心课不一定换名称，但会加深数学/理论和研究训练，重点看高阶数学/物理、系统设计、科研训练、交叉前沿专题；样例：北京师范大学、中国农业大学、华南理工大学、西北农林科技大学、扬州大学,昆明理工大学、上海师范大学、中南民族大学、河南科技大学、湖南工商大学,区域重点/特色优势：核心课保持完整，通常叠加地方产业、行业场景、实验项目和专业方向模块；样例：昆明理工大学、上海师范大学、中南民族大学、河南科技大学、湖南工商大学,河南工程学院、厦门大学嘉庚学院,普通应用/职业供给：更强调工具链、工艺流程、项目实训、岗位规范，课程呈现更实训化、工具化；样例：河南工程学院、厦门大学嘉庚学院
082507T,水质科学与技术,本科(普通),工学学士,四年,工学,环境科学与工程类,水利工程学、环境学导论、环境化学、环境监测、环境工程微生物学、水污染控制工程、大气污染控制工程、固体废物处理、环境影响评价,rysxai_major_course+category_template,,南京工业大学,头部/强研究型：核心课不一定换名称，但会加深数学/理论和研究训练，重点看高阶数学/物理、系统设计、科研训练、交叉前沿专题；样例：南京工业大学,河南工业大学、沈阳化工大学、南京工程学院、江苏海洋大学、南阳师范学院,区域重点/特色优势：核心课保持完整，通常叠加地方产业、行业场景、实验项目和专业方向模块；样例：河南工业大学、沈阳化工大学、南京工程学院、江苏海洋大学、南阳师范学院,四川文理学院、河北环境工程学院,普通应用/职业供给：更强调工具链、工艺流程、项目实训、岗位规范，课程呈现更实训化、工具化；样例：四川文理学院、河北环境工程学院
082602T,假肢矫形工程,本科(普通),工学学士,四年,工学,生物医学工程类,人体解剖学、生物力学、材料科学基础、假肢学、矫形器学、康复工程学、假肢矫形器制作实训、康复评估实践、高等数学、大学物理,rysxai_major_course,,广州中医药大学、首都医科大学,头部/强研究型：核心课不一定换名称，但会加深数学/理论和研究训练，重点看高阶数学/物理、系统设计、科研训练、交叉前沿专题；样例：广州中医药大学、首都医科大学,徐州医科大学、昆明医科大学、山东医药大学、赣南医科大学,区域重点/特色优势：核心课保持完整，通常叠加地方产业、行业场景、实验项目和专业方向模块；样例：徐州医科大学、昆明医科大学、山东医药大学、赣南医科大学,豫北医学院,普通应用/职业供给：更强调工具链、工艺流程、项目实训、岗位规范，课程呈现更实训化、工具化；样例：豫北医学院
082603T,临床工程技术,本科(普通),工学学士,四年,工学,生物医学工程类,医用物理学、人体解剖学、临床医学概论、电子技术基础、机械基础、医学设备学、临床工程学、医学影像设备、医疗设备维修与管理、生物医学信号处理,rysxai_major_course,,库内未命中,头部/强研究型：核心课不一定换名称，但会加深数学/理论和研究训练，重点看高阶数学/物理、系统设计、科研训练、交叉前沿专题；样例：库内未命中该层次开设样例,上海健康医学院,区域重点/特色优势：核心课保持完整，通常叠加地方产业、行业场景、实验项目和专业方向模块；样例：上海健康医学院,库内未命中,普通应用/职业供给：更强调工具链、工艺流程、项目实训、岗位规范，课程呈现更实训化、工具化；样例：库内未命中该层次开设样例
082604T,康复工程,本科(普通),工学学士,四年,工学,生物医学工程类,高等数学、大学物理、工程制图、电工电子技术、工程力学、专业核心原理、工程实验、课程设计,category_template,rysxai课程文本未抽出课程名,库内未命中,头部/强研究型：核心课不一定换名称，但会加深数学/理论和研究训练，重点看高阶数学/物理、系统设计、科研训练、交叉前沿专题；样例：库内未命中该层次开设样例,上海理工大学、济宁医学院、上海健康医学院、长治医学院,区域重点/特色优势：核心课保持完整，通常叠加地方产业、行业场景、实验项目和专业方向模块；样例：上海理工大学、济宁医学院、上海健康医学院、长治医学院,新乡学院、豫北医学院、湖北商贸学院,普通应用/职业供给：更强调工具链、工艺流程、项目实训、岗位规范，课程呈现更实训化、工具化；样例：新乡学院、豫北医学院、湖北商贸学院
082605T,健康科学与技术,本科(普通),工学学士,四年,工学,生物医学工程类,大学英语、高等数学、人体解剖学、生理学、生物化学、健康管理学基础、计算机程序设计、健康大数据分析、医疗信息技术、健康监测与评估技术,rysxai_major_course,,上海交通大学,头部/强研究型：核心课不一定换名称，但会加深数学/理论和研究训练，重点看高阶数学/物理、系统设计、科研训练、交叉前沿专题；样例：上海交通大学,库内未命中,区域重点/特色优势：核心课保持完整，通常叠加地方产业、行业场景、实验项目和专业方向模块；样例：库内未命中该层次开设样例,库内未命中,普通应用/职业供给：更强调工具链、工艺流程、项目实训、岗位规范，课程呈现更实训化、工具化；样例：库内未命中该层次开设样例
082701,食品科学与工程,本科(普通),"工学学士,农学学士",四年,工学,食品科学与工程类,生物化学、食品化学、食品微生物学、食品物性学、食品酶学、食品保藏原理、食品营养与卫生学、食品标准与法规、食品工程原理、食品工艺学,rysxai_major_course,,浙江大学、上海交通大学、北京理工大学、四川大学、天津大学,头部/强研究型：核心课不一定换名称，但会加深数学/理论和研究训练，重点看高阶数学/物理、系统设计、科研训练、交叉前沿专题；样例：浙江大学、上海交通大学、北京理工大学、四川大学、天津大学,浙江工商大学、山东师范大学、上海理工大学、青岛大学、昆明理工大学,区域重点/特色优势：核心课保持完整，通常叠加地方产业、行业场景、实验项目和专业方向模块；样例：浙江工商大学、山东师范大学、上海理工大学、青岛大学、昆明理工大学,许昌学院、江苏第二师范学院、商丘师范学院、重庆第二师范学院、黄淮学院,普通应用/职业供给：更强调工具链、工艺流程、项目实训、岗位规范，课程呈现更实训化、工具化；样例：许昌学院、江苏第二师范学院、商丘师范学院、重庆第二师范学院、黄淮学院
082702,食品质量与安全,本科(普通),工学学士,四年,工学,食品科学与工程类,化学、有机化学、食品化学、微生物学、食品微生物学、食品营养学、食品物性学、食品工程原理、食品专业英语、食品卫生检验学,rysxai_major_course,,中国农业大学、吉林大学、华南理工大学、西北农林科技大学、华东理工大学,头部/强研究型：核心课不一定换名称，但会加深数学/理论和研究训练，重点看高阶数学/物理、系统设计、科研训练、交叉前沿专题；样例：中国农业大学、吉林大学、华南理工大学、西北农林科技大学、华东理工大学,浙江工商大学、上海理工大学、昆明理工大学、福建农林大学、山东农业大学,区域重点/特色优势：核心课保持完整，通常叠加地方产业、行业场景、实验项目和专业方向模块；样例：浙江工商大学、上海理工大学、昆明理工大学、福建农林大学、山东农业大学,周口师范学院、许昌学院、重庆第二师范学院、黄淮学院、怀化学院,普通应用/职业供给：更强调工具链、工艺流程、项目实训、岗位规范，课程呈现更实训化、工具化；样例：周口师范学院、许昌学院、重庆第二师范学院、黄淮学院、怀化学院
082703,粮食工程,本科(普通),工学学士,四年,工学,食品科学与工程类,有机化学、无机化学、食品生物化学、食品化学、食品微生物学、食品工程原理、食品工艺学、食品营养学、食品安全学、食品分析,rysxai_major_course+category_template,,东北农业大学,头部/强研究型：核心课不一定换名称，但会加深数学/理论和研究训练，重点看高阶数学/物理、系统设计、科研训练、交叉前沿专题；样例：东北农业大学,南京财经大学、江苏科技大学、吉林农业大学、河南工业大学、中南林业科技大学,区域重点/特色优势：核心课保持完整，通常叠加地方产业、行业场景、实验项目和专业方向模块；样例：南京财经大学、江苏科技大学、吉林农业大学、河南工业大学、中南林业科技大学,吉林农业科技学院、吉林工商学院、湖北大学知行学院,普通应用/职业供给：更强调工具链、工艺流程、项目实训、岗位规范，课程呈现更实训化、工具化；样例：吉林农业科技学院、吉林工商学院、湖北大学知行学院
082704,乳品工程,本科(普通),工学学士,四年,工学,食品科学与工程类,食品化学、食品微生物学、食品工程原理、食品工艺学、食品营养学、食品安全学、食品分析、食品机械,category_template,rysxai课程文本未抽出课程名,东北农业大学,头部/强研究型：核心课不一定换名称，但会加深数学/理论和研究训练，重点看高阶数学/物理、系统设计、科研训练、交叉前沿专题；样例：东北农业大学,陕西科技大学、河南科技大学、内蒙古农业大学、黑龙江东方学院,区域重点/特色优势：核心课保持完整，通常叠加地方产业、行业场景、实验项目和专业方向模块；样例：陕西科技大学、河南科技大学、内蒙古农业大学、黑龙江东方学院,库内未命中,普通应用/职业供给：更强调工具链、工艺流程、项目实训、岗位规范，课程呈现更实训化、工具化；样例：库内未命中该层次开设样例
082705,酿酒工程,本科(普通),工学学士,四年,工学,食品科学与工程类,生物化学、微生物学、食品化学、酿酒工艺学、酒类分析与检测、发酵工程、酿酒工艺实训、酒类品评实验、发酵设备操作实训、食品微生物学,rysxai_major_course,,中国农业大学、江南大学、贵州大学,头部/强研究型：核心课不一定换名称，但会加深数学/理论和研究训练，重点看高阶数学/物理、系统设计、科研训练、交叉前沿专题；样例：中国农业大学、江南大学、贵州大学,北京工商大学、陕西科技大学、齐鲁工业大学、吉林农业大学、湖南农业大学,区域重点/特色优势：核心课保持完整，通常叠加地方产业、行业场景、实验项目和专业方向模块；样例：北京工商大学、陕西科技大学、齐鲁工业大学、吉林农业大学、湖南农业大学,贵州理工学院、济宁学院、四川旅游学院、新乡学院、亳州学院,普通应用/职业供给：更强调工具链、工艺流程、项目实训、岗位规范，课程呈现更实训化、工具化；样例：贵州理工学院、济宁学院、四川旅游学院、新乡学院、亳州学院
082706T,葡萄与葡萄酒工程,本科(普通),工学学士,四年,工学,食品科学与工程类,食品工程原理、普通微生物学、食品微生物学、发酵工程原理、发酵工程最优化控制、发酵机械与设备、工业发酵分析技术、生物生理基础、生物生理基础实验、普通微生物学实验,rysxai_major_course,,中国农业大学、西北农林科技大学、石河子大学、宁夏大学,头部/强研究型：核心课不一定换名称，但会加深数学/理论和研究训练，重点看高阶数学/物理、系统设计、科研训练、交叉前沿专题；样例：中国农业大学、西北农林科技大学、石河子大学、宁夏大学,山东农业大学、齐鲁工业大学、沈阳药科大学、大连工业大学、山西农业大学,区域重点/特色优势：核心课保持完整，通常叠加地方产业、行业场景、实验项目和专业方向模块；样例：山东农业大学、齐鲁工业大学、沈阳药科大学、大连工业大学、山西农业大学,楚雄师范学院、茅台学院、烟台科技学院,普通应用/职业供给：更强调工具链、工艺流程、项目实训、岗位规范，课程呈现更实训化、工具化；样例：楚雄师范学院、茅台学院、烟台科技学院
082707T,食品营养与检验教育,本科(普通),工学学士,四年,工学,食品科学与工程类,食品工艺学、食品化学、食品微生物学、食品工程原理、食品营养学、食品安全学、食品分析、食品机械,rysxai_major_course+category_template,,库内未命中,头部/强研究型：核心课不一定换名称，但会加深数学/理论和研究训练，重点看高阶数学/物理、系统设计、科研训练、交叉前沿专题；样例：库内未命中该层次开设样例,河南农业大学、遵义师范学院、鞍山师范学院、吉林工程技术师范学院,区域重点/特色优势：核心课保持完整，通常叠加地方产业、行业场景、实验项目和专业方向模块；样例：河南农业大学、遵义师范学院、鞍山师范学院、吉林工程技术师范学院,新疆理工学院、邢台学院、锦州医科大学医疗学院、青岛工学院、贵阳信息科技学院,普通应用/职业供给：更强调工具链、工艺流程、项目实训、岗位规范，课程呈现更实训化、工具化；样例：新疆理工学院、邢台学院、锦州医科大学医疗学院、青岛工学院、贵阳信息科技学院
082708T,烹饪与营养教育,本科(普通),工学学士,四年,工学,食品科学与工程类,烹饪与营养教育、烹饪英语、食品化学、食品微生物学、食品工程原理、食品工艺学、食品营养学、食品安全学、食品分析、食品机械,rysxai_major_course+category_template,,扬州大学,头部/强研究型：核心课不一定换名称，但会加深数学/理论和研究训练，重点看高阶数学/物理、系统设计、科研训练、交叉前沿专题；样例：扬州大学,济南大学、湖北经济学院、哈尔滨商业大学、内蒙古财经大学、北京联合大学,区域重点/特色优势：核心课保持完整，通常叠加地方产业、行业场景、实验项目和专业方向模块；样例：济南大学、湖北经济学院、哈尔滨商业大学、内蒙古财经大学、北京联合大学,武汉商学院、福建技术师范学院、黄山学院、四川旅游学院、吉林农业科技学院,普通应用/职业供给：更强调工具链、工艺流程、项目实训、岗位规范，课程呈现更实训化、工具化；样例：武汉商学院、福建技术师范学院、黄山学院、四川旅游学院、吉林农业科技学院
082709T,食品安全与检测,本科(普通),工学学士,四年,工学,食品科学与工程类,食品化学、食品微生物学、分析化学、生物化学、食品安全学、食品检测技术、食品质量控制与管理、食品理化检测实训、食品微生物检测实验、食品安全风险评估实践,rysxai_major_course,,库内未命中,头部/强研究型：核心课不一定换名称，但会加深数学/理论和研究训练，重点看高阶数学/物理、系统设计、科研训练、交叉前沿专题；样例：库内未命中该层次开设样例,湖北大学、上海师范大学、汕头大学、重庆工商大学、临沂大学,区域重点/特色优势：核心课保持完整，通常叠加地方产业、行业场景、实验项目和专业方向模块；样例：湖北大学、上海师范大学、汕头大学、重庆工商大学、临沂大学,新乡学院、亳州学院、新疆理工学院、郑州工程技术学院,普通应用/职业供给：更强调工具链、工艺流程、项目实训、岗位规范，课程呈现更实训化、工具化；样例：新乡学院、亳州学院、新疆理工学院、郑州工程技术学院
082710T,食品营养与健康,本科(普通),工学学士,四年,工学,食品科学与工程类,蛋白等化学成分及变化、理解营养成分来源、食品加工中的营养保留、食品微生物学、人体生理学、营养学、临床营养学、功能性食品开发、食品卫生学、食品营养检测实训,rysxai_major_course,,中国农业大学、华南理工大学、中国海洋大学、西北农林科技大学、华中农业大学,头部/强研究型：核心课不一定换名称，但会加深数学/理论和研究训练，重点看高阶数学/物理、系统设计、科研训练、交叉前沿专题；样例：中国农业大学、华南理工大学、中国海洋大学、西北农林科技大学、华中农业大学,福建农林大学、山东农业大学、北京工商大学、长沙理工大学、河南农业大学,区域重点/特色优势：核心课保持完整，通常叠加地方产业、行业场景、实验项目和专业方向模块；样例：福建农林大学、山东农业大学、北京工商大学、长沙理工大学、河南农业大学,南阳理工学院、济宁学院、福建技术师范学院、山东女子学院、吉林农业科技学院,普通应用/职业供给：更强调工具链、工艺流程、项目实训、岗位规范，课程呈现更实训化、工具化；样例：南阳理工学院、济宁学院、福建技术师范学院、山东女子学院、吉林农业科技学院
082711T,食用菌科学与工程,本科(普通),工学学士,四年,工学,食品科学与工程类,微生物学、生物化学、食用菌生物学、食用菌栽培学、食用菌育种学、食用菌加工与贮藏、食用菌病虫害防治、食用菌菌种制备实训、食用菌栽培工艺实验、食用菌加工技术实践,rysxai_major_course,,库内未命中,头部/强研究型：核心课不一定换名称，但会加深数学/理论和研究训练，重点看高阶数学/物理、系统设计、科研训练、交叉前沿专题；样例：库内未命中该层次开设样例,山西农业大学、西南林业大学,区域重点/特色优势：核心课保持完整，通常叠加地方产业、行业场景、实验项目和专业方向模块；样例：山西农业大学、西南林业大学,楚雄师范学院,普通应用/职业供给：更强调工具链、工艺流程、项目实训、岗位规范，课程呈现更实训化、工具化；样例：楚雄师范学院
082712T,白酒酿造工程,本科(普通),工学学士,四年,工学,食品科学与工程类,酿酒微生物学、食品生物化学、发酵工程原理、白酒酿造工艺学、白酒风味化学、白酒质量控制、白酒酿造实训、白酒分析检测实验、白酒勾调与品评实践、食品化学,rysxai_major_course,,库内未命中,头部/强研究型：核心课不一定换名称，但会加深数学/理论和研究训练，重点看高阶数学/物理、系统设计、科研训练、交叉前沿专题；样例：库内未命中该层次开设样例,库内未命中,区域重点/特色优势：核心课保持完整，通常叠加地方产业、行业场景、实验项目和专业方向模块；样例：库内未命中该层次开设样例,茅台学院,普通应用/职业供给：更强调工具链、工艺流程、项目实训、岗位规范，课程呈现更实训化、工具化；样例：茅台学院
082713T,咖啡科学与工程,本科(普通),工学学士,四年,工学,食品科学与工程类,食品化学、食品微生物学、食品工程原理、咖啡工艺学、咖啡品质评价、咖啡产业链管理、咖啡烘焙实训、咖啡感官审评实践、咖啡产品开发实验、食品工艺学,rysxai_major_course,,库内未命中,头部/强研究型：核心课不一定换名称，但会加深数学/理论和研究训练，重点看高阶数学/物理、系统设计、科研训练、交叉前沿专题；样例：库内未命中该层次开设样例,云南农业大学,区域重点/特色优势：核心课保持完整，通常叠加地方产业、行业场景、实验项目和专业方向模块；样例：云南农业大学,保山学院、普洱学院,普通应用/职业供给：更强调工具链、工艺流程、项目实训、岗位规范，课程呈现更实训化、工具化；样例：保山学院、普洱学院
082802,城乡规划,本科(普通),工学学士,五年，四年,工学,建筑类,城市规划原理、中国城市建设史、外国城市建设史、城乡规划管理与法规、城市总体规划、控制性详细规划、城市交通与道路系统规划、城市设计、小城镇规划、乡村规划与设计,rysxai_major_course,,清华大学、北京大学、浙江大学、南京大学、武汉大学,头部/强研究型：核心课不一定换名称，但会加深数学/理论和研究训练，重点看高阶数学/物理、系统设计、科研训练、交叉前沿专题；样例：清华大学、北京大学、浙江大学、南京大学、武汉大学,浙江工商大学、西交利物浦大学、广州大学、昆明理工大学、西安建筑科技大学,区域重点/特色优势：核心课保持完整，通常叠加地方产业、行业场景、实验项目和专业方向模块；样例：浙江工商大学、西交利物浦大学、广州大学、昆明理工大学、西安建筑科技大学,六盘水师范学院、商丘师范学院、黄淮学院、南阳理工学院、宿迁学院,普通应用/职业供给：更强调工具链、工艺流程、项目实训、岗位规范，课程呈现更实训化、工具化；样例：六盘水师范学院、商丘师范学院、黄淮学院、南阳理工学院、宿迁学院
082803,风景园林,本科(普通),"工学学士,艺术学学士",五年，四年,工学,建筑类,中外城市建设史、建筑与园林史、城市规划与设计原理、风景园林制图、画法几何及阴影透视、园林艺术原理、景观规划设计原理、园林植物基础、园林植物栽培养护学、园林树木学,rysxai_major_course,,清华大学、华中科技大学、东南大学、同济大学、天津大学,头部/强研究型：核心课不一定换名称，但会加深数学/理论和研究训练，重点看高阶数学/物理、系统设计、科研训练、交叉前沿专题；样例：清华大学、华中科技大学、东南大学、同济大学、天津大学,广州大学、昆明理工大学、西安建筑科技大学、福建农林大学、山东农业大学,区域重点/特色优势：核心课保持完整，通常叠加地方产业、行业场景、实验项目和专业方向模块；样例：广州大学、昆明理工大学、西安建筑科技大学、福建农林大学、山东农业大学,许昌学院、六盘水师范学院、怀化学院、四川旅游学院、新乡学院,普通应用/职业供给：更强调工具链、工艺流程、项目实训、岗位规范，课程呈现更实训化、工具化；样例：许昌学院、六盘水师范学院、怀化学院、四川旅游学院、新乡学院
082804T,历史建筑保护工程,本科(普通),工学学士,五年，四年,工学,建筑类,中国建筑史、外国建筑史、建筑初步、历史建筑保护基础、历史建筑保护技术、历史建筑修复设计、历史建筑遗产规划、历史建筑测绘实习、历史建筑修复工艺实训、历史建筑保护规划设计实践,rysxai_major_course,,同济大学、苏州大学、南京工业大学,头部/强研究型：核心课不一定换名称，但会加深数学/理论和研究训练，重点看高阶数学/物理、系统设计、科研训练、交叉前沿专题；样例：同济大学、苏州大学、南京工业大学,西安建筑科技大学、北京建筑大学、福建理工大学、湖南理工大学、天津美术学院,区域重点/特色优势：核心课保持完整，通常叠加地方产业、行业场景、实验项目和专业方向模块；样例：西安建筑科技大学、北京建筑大学、福建理工大学、湖南理工大学、天津美术学院,南阳理工学院、廊坊师范学院、四川文化艺术学院,普通应用/职业供给：更强调工具链、工艺流程、项目实训、岗位规范，课程呈现更实训化、工具化；样例：南阳理工学院、廊坊师范学院、四川文化艺术学院
082805T,人居环境科学与技术,本科(普通),工学学士,四年,工学,建筑类,高等数学、大学物理、人居环境学概论、建筑环境学、环境科学原理、城市地理学、人居环境规划与设计、环境质量评价、生态人居技术、建筑节能技术,rysxai_major_course,,西安交通大学,头部/强研究型：核心课不一定换名称，但会加深数学/理论和研究训练，重点看高阶数学/物理、系统设计、科研训练、交叉前沿专题；样例：西安交通大学,库内未命中,区域重点/特色优势：核心课保持完整，通常叠加地方产业、行业场景、实验项目和专业方向模块；样例：库内未命中该层次开设样例,河南财政金融学院、信阳学院、滇池学院,普通应用/职业供给：更强调工具链、工艺流程、项目实训、岗位规范，课程呈现更实训化、工具化；样例：河南财政金融学院、信阳学院、滇池学院
082806T,城市设计,本科(普通),工学学士,四年,工学,建筑类,大学英语、高等数学、计算机应用基础、城市规划原理、建筑设计基础、城市地理学、城市设计理论与方法、城市空间形态设计、历史文化名城保护规划、城市设计手绘实训,rysxai_major_course,,同济大学、西南交通大学、上海大学、中央美术学院,头部/强研究型：核心课不一定换名称，但会加深数学/理论和研究训练，重点看高阶数学/物理、系统设计、科研训练、交叉前沿专题；样例：同济大学、西南交通大学、上海大学、中央美术学院,西安建筑科技大学、内蒙古科技大学、湖南城市学院,区域重点/特色优势：核心课保持完整，通常叠加地方产业、行业场景、实验项目和专业方向模块；样例：西安建筑科技大学、内蒙古科技大学、湖南城市学院,合肥城市学院,普通应用/职业供给：更强调工具链、工艺流程、项目实训、岗位规范，课程呈现更实训化、工具化；样例：合肥城市学院
082807T,智慧建筑与建造,本科(普通),工学学士,四年,工学,建筑类,建筑力学、建筑材料、建筑构造、工程制图、智慧建筑技术、智能建造管理、物联网与建筑智能化、BIM建模实训、智能工地仿真实验、建筑自动化系统调试,rysxai_major_course,,武汉大学、哈尔滨工业大学、天津大学、山西大学,头部/强研究型：核心课不一定换名称，但会加深数学/理论和研究训练，重点看高阶数学/物理、系统设计、科研训练、交叉前沿专题；样例：武汉大学、哈尔滨工业大学、天津大学、山西大学,南昌航空大学、井冈山大学、昆明学院,区域重点/特色优势：核心课保持完整，通常叠加地方产业、行业场景、实验项目和专业方向模块；样例：南昌航空大学、井冈山大学、昆明学院,安阳学院、燕京理工学院,普通应用/职业供给：更强调工具链、工艺流程、项目实训、岗位规范，课程呈现更实训化、工具化；样例：安阳学院、燕京理工学院
082901,安全工程,本科(普通),工学学士,四年,工学,安全科学与工程类,安全工程导论、安全学原理、安全管理学、安全法律法规、工程热力学与传热学、高等工程力学、流体力学、工程制图、工程制图CAD基础实践、电工电子学实验,rysxai_major_course,,中国科学技术大学、北京航空航天大学、北京理工大学、中南大学、大连理工大学,头部/强研究型：核心课不一定换名称，但会加深数学/理论和研究训练，重点看高阶数学/物理、系统设计、科研训练、交叉前沿专题；样例：中国科学技术大学、北京航空航天大学、北京理工大学、中南大学、大连理工大学,昆明理工大学、首都经济贸易大学、西安建筑科技大学、武汉科技大学、河北大学,区域重点/特色优势：核心课保持完整，通常叠加地方产业、行业场景、实验项目和专业方向模块；样例：昆明理工大学、首都经济贸易大学、西安建筑科技大学、武汉科技大学、河北大学,贵州理工学院、六盘水师范学院、河南工程学院、济宁学院、湖南工学院,普通应用/职业供给：更强调工具链、工艺流程、项目实训、岗位规范，课程呈现更实训化、工具化；样例：贵州理工学院、六盘水师范学院、河南工程学院、济宁学院、湖南工学院
082902T,应急技术与管理,本科(普通),工学学士,四年,工学,安全科学与工程类,大学英语、高等数学、计算机应用基础、应急管理概论、安全科学原理、灾害学、风险管理、应急救援技术、应急预案编制与管理、应急指挥与协调,rysxai_major_course,,北京师范大学、北京师范大学(珠海校区)、中国地质大学(武汉)、中国矿业大学、中国地质大学(北京),头部/强研究型：核心课不一定换名称，但会加深数学/理论和研究训练，重点看高阶数学/物理、系统设计、科研训练、交叉前沿专题；样例：北京师范大学、北京师范大学(珠海校区)、中国地质大学(武汉)、中国矿业大学、中国地质大学(北京),中北大学、常州大学、武汉工程大学、天津理工大学、安徽理工大学,区域重点/特色优势：核心课保持完整，通常叠加地方产业、行业场景、实验项目和专业方向模块；样例：中北大学、常州大学、武汉工程大学、天津理工大学、安徽理工大学,济宁学院、湖南工学院、太原工业学院、山东管理学院、山西工学院,普通应用/职业供给：更强调工具链、工艺流程、项目实训、岗位规范，课程呈现更实训化、工具化；样例：济宁学院、湖南工学院、太原工业学院、山东管理学院、山西工学院
082903T,职业卫生工程,本科(普通),工学学士,四年,工学,安全科学与工程类,高等数学、大学英语、大学物理、计算机应用基础、安全科学原理、卫生学基础、人体解剖生理学、工程力学、职业卫生学、职业危害控制工程,rysxai_major_course,,北京科技大学、中国矿业大学、南京工业大学,头部/强研究型：核心课不一定换名称，但会加深数学/理论和研究训练，重点看高阶数学/物理、系统设计、科研训练、交叉前沿专题；样例：北京科技大学、中国矿业大学、南京工业大学,山东科技大学、安徽理工大学、中国劳动关系学院、应急管理大学,区域重点/特色优势：核心课保持完整，通常叠加地方产业、行业场景、实验项目和专业方向模块；样例：山东科技大学、安徽理工大学、中国劳动关系学院、应急管理大学,库内未命中,普通应用/职业供给：更强调工具链、工艺流程、项目实训、岗位规范，课程呈现更实训化、工具化；样例：库内未命中该层次开设样例
082904T,安全生产监管,本科(普通),工学学士,四年,工学,安全科学与工程类,安全科学原理、安全系统工程、工程力学、职业卫生学、安全生产法律法规、安全生产监管实务、危险化学品安全管理、特种设备安全监察、安全生产应急演练、安全评价实训,rysxai_major_course,,库内未命中,头部/强研究型：核心课不一定换名称，但会加深数学/理论和研究训练，重点看高阶数学/物理、系统设计、科研训练、交叉前沿专题；样例：库内未命中该层次开设样例,北京石油化工学院、应急管理大学,区域重点/特色优势：核心课保持完整，通常叠加地方产业、行业场景、实验项目和专业方向模块；样例：北京石油化工学院、应急管理大学,库内未命中,普通应用/职业供给：更强调工具链、工艺流程、项目实训、岗位规范，课程呈现更实训化、工具化；样例：库内未命中该层次开设样例
082905TK,智慧应急,本科(普通),工学学士,四年,工学,安全科学与工程类,高等数学、大学英语、计算机应用基础、应急管理基础、信息系统原理、统计学、智慧应急平台技术、应急大数据分析、智能监测与预警、应急演练仿真实验,rysxai_major_course,,库内未命中,头部/强研究型：核心课不一定换名称，但会加深数学/理论和研究训练，重点看高阶数学/物理、系统设计、科研训练、交叉前沿专题；样例：库内未命中该层次开设样例,应急管理大学,区域重点/特色优势：核心课保持完整，通常叠加地方产业、行业场景、实验项目和专业方向模块；样例：应急管理大学,库内未命中,普通应用/职业供给：更强调工具链、工艺流程、项目实训、岗位规范，课程呈现更实训化、工具化；样例：库内未命中该层次开设样例
083001,生物工程,本科(普通),工学学士,四年,工学,生物工程类,普通生物学、生物化学、微生物学、分子生物学、细胞生物学、无机化学及分析、化工原理、实验设计与生物统计、基因工程、酶工程,rysxai_major_course,,浙江大学、上海交通大学、哈尔滨工业大学、北京理工大学、东南大学,头部/强研究型：核心课不一定换名称，但会加深数学/理论和研究训练，重点看高阶数学/物理、系统设计、科研训练、交叉前沿专题；样例：浙江大学、上海交通大学、哈尔滨工业大学、北京理工大学、东南大学,浙江工商大学、燕山大学、昆明理工大学、湖北大学、福建农林大学,区域重点/特色优势：核心课保持完整，通常叠加地方产业、行业场景、实验项目和专业方向模块；样例：浙江工商大学、燕山大学、昆明理工大学、湖北大学、福建农林大学,周口师范学院、商丘师范学院、黄淮学院、怀化学院、南阳理工学院,普通应用/职业供给：更强调工具链、工艺流程、项目实训、岗位规范，课程呈现更实训化、工具化；样例：周口师范学院、商丘师范学院、黄淮学院、怀化学院、南阳理工学院
083002T,生物制药,本科(普通),工学学士,四年,工学,生物工程类,解剖生理学、生物化学、生物化学与分子生物学、物理化学、药物的来源、合成、作用、直接对应“研发、生产生物药物”的专业培养目标、生物药物分析,rysxai_major_course,,武汉大学、华中科技大学、吉林大学、华南理工大学、东北大学,头部/强研究型：核心课不一定换名称，但会加深数学/理论和研究训练，重点看高阶数学/物理、系统设计、科研训练、交叉前沿专题；样例：武汉大学、华中科技大学、吉林大学、华南理工大学、东北大学,西交利物浦大学、广州大学、河北医科大学、大连医科大学、浙江理工大学,区域重点/特色优势：核心课保持完整，通常叠加地方产业、行业场景、实验项目和专业方向模块；样例：西交利物浦大学、广州大学、河北医科大学、大连医科大学、浙江理工大学,厦门医学院、周口师范学院、许昌学院、贵州理工学院、江苏第二师范学院,普通应用/职业供给：更强调工具链、工艺流程、项目实训、岗位规范，课程呈现更实训化、工具化；样例：厦门医学院、周口师范学院、许昌学院、贵州理工学院、江苏第二师范学院
083003T,合成生物学,本科(普通),工学学士,四年,工学,生物工程类,生物化学、分子生物学、遗传学、微生物学、合成生物学原理、基因工程、代谢工程、合成基因组学、基因克隆实验、代谢途径构建实训,rysxai_major_course,,天津大学、江南大学、南京师范大学、山西大学、深圳理工大学,头部/强研究型：核心课不一定换名称，但会加深数学/理论和研究训练，重点看高阶数学/物理、系统设计、科研训练、交叉前沿专题；样例：天津大学、江南大学、南京师范大学、山西大学、深圳理工大学,湖北大学、青岛科技大学、武汉轻工大学、淮阴师范学院、湖南文理学院,区域重点/特色优势：核心课保持完整，通常叠加地方产业、行业场景、实验项目和专业方向模块；样例：湖北大学、青岛科技大学、武汉轻工大学、淮阴师范学院、湖南文理学院,库内未命中,普通应用/职业供给：更强调工具链、工艺流程、项目实训、岗位规范，课程呈现更实训化、工具化；样例：库内未命中该层次开设样例
083101K,刑事科学技术,本科(普通),工学学士,四年,工学,公安技术类,刑诉法与证据学、中外物证鉴定制度及实践、痕迹检验总论、手印学、工具痕迹学、足迹学、枪弹痕迹学、法医物证学、法医毒理学、法医病理学,rysxai_major_course,,西南政法大学、西北政法大学,头部/强研究型：核心课不一定换名称，但会加深数学/理论和研究训练，重点看高阶数学/物理、系统设计、科研训练、交叉前沿专题；样例：西南政法大学、西北政法大学,中国刑事警察学院、四川警察学院、江苏警官学院、南京警察学院、甘肃政法大学,区域重点/特色优势：核心课保持完整，通常叠加地方产业、行业场景、实验项目和专业方向模块；样例：中国刑事警察学院、四川警察学院、江苏警官学院、南京警察学院、甘肃政法大学,上海公安学院、吉林警察学院、广西警察学院、新疆警察学院、陕西警察学院,普通应用/职业供给：更强调工具链、工艺流程、项目实训、岗位规范，课程呈现更实训化、工具化；样例：上海公安学院、吉林警察学院、广西警察学院、新疆警察学院、陕西警察学院
083102K,消防工程,本科(普通),工学学士,四年,工学,公安技术类,消防工程导论、燃烧学、工程制图与CAD、高等数学、大学物理、工程制图、电工电子技术、工程力学、专业核心原理、工程实验,rysxai_major_course+category_template,,中南大学、西南交通大学、中国矿业大学、中国矿业大学(北京)、南京工业大学,头部/强研究型：核心课不一定换名称，但会加深数学/理论和研究训练，重点看高阶数学/物理、系统设计、科研训练、交叉前沿专题；样例：中南大学、西南交通大学、中国矿业大学、中国矿业大学(北京)、南京工业大学,常州大学、沈阳航空航天大学、安徽理工大学、西安科技大学、河南理工大学,区域重点/特色优势：核心课保持完整，通常叠加地方产业、行业场景、实验项目和专业方向模块；样例：常州大学、沈阳航空航天大学、安徽理工大学、西安科技大学、河南理工大学,中国消防救援学院,普通应用/职业供给：更强调工具链、工艺流程、项目实训、岗位规范，课程呈现更实训化、工具化；样例：中国消防救援学院
083103TK,交通管理工程,本科(普通),工学学士,四年,工学,公安技术类,作用、内容、高等数学、大学物理、工程制图、电工电子技术、工程力学、专业核心原理、工程实验、课程设计,rysxai_major_course+category_template,,库内未命中,头部/强研究型：核心课不一定换名称，但会加深数学/理论和研究训练，重点看高阶数学/物理、系统设计、科研训练、交叉前沿专题；样例：库内未命中该层次开设样例,四川警察学院、江苏警官学院、北京警察学院、广东警官学院、河南警察学院,区域重点/特色优势：核心课保持完整，通常叠加地方产业、行业场景、实验项目和专业方向模块；样例：四川警察学院、江苏警官学院、北京警察学院、广东警官学院、河南警察学院,吉林警察学院、广西警察学院、陕西警察学院,普通应用/职业供给：更强调工具链、工艺流程、项目实训、岗位规范，课程呈现更实训化、工具化；样例：吉林警察学院、广西警察学院、陕西警察学院
083104TK,安全防范工程,本科(普通),工学学士,四年,工学,公安技术类,高等数学、计算机应用基础、安全防范原理、电子技术基础、计算机网络技术、视频监控技术、入侵报警系统、安全防范系统集成、安全防范系统设计实训、视频监控设备调试实验,rysxai_major_course,,库内未命中,头部/强研究型：核心课不一定换名称，但会加深数学/理论和研究训练，重点看高阶数学/物理、系统设计、科研训练、交叉前沿专题；样例：库内未命中该层次开设样例,四川警察学院、江苏警官学院、甘肃政法大学、贵州警察学院、江西警察学院,区域重点/特色优势：核心课保持完整，通常叠加地方产业、行业场景、实验项目和专业方向模块；样例：四川警察学院、江苏警官学院、甘肃政法大学、贵州警察学院、江西警察学院,库内未命中,普通应用/职业供给：更强调工具链、工艺流程、项目实训、岗位规范，课程呈现更实训化、工具化；样例：库内未命中该层次开设样例
083105TK,公安视听技术,本科(普通),工学学士,四年,工学,公安技术类,大学英语、计算机应用基础、高等数学、电子技术基础、信号与系统、数字图像处理基础、公安视听资料检验、视频侦查技术、音频处理与鉴定、图像增强与复原,rysxai_major_course,,库内未命中,头部/强研究型：核心课不一定换名称，但会加深数学/理论和研究训练，重点看高阶数学/物理、系统设计、科研训练、交叉前沿专题；样例：库内未命中该层次开设样例,中国刑事警察学院、江苏警官学院,区域重点/特色优势：核心课保持完整，通常叠加地方产业、行业场景、实验项目和专业方向模块；样例：中国刑事警察学院、江苏警官学院,吉林警察学院,普通应用/职业供给：更强调工具链、工艺流程、项目实训、岗位规范，课程呈现更实训化、工具化；样例：吉林警察学院
083106TK,抢险救援指挥与技术,本科(普通),工学学士,四年,工学,公安技术类,灾害学概论、应急管理基础、救援装备原理、抢险救援指挥理论、应急处置技术、灾害风险评估、救援装备操作实训、应急演练设计与实施、灾害现场模拟救援、高等数学,rysxai_major_course,,库内未命中,头部/强研究型：核心课不一定换名称，但会加深数学/理论和研究训练，重点看高阶数学/物理、系统设计、科研训练、交叉前沿专题；样例：库内未命中该层次开设样例,库内未命中,区域重点/特色优势：核心课保持完整，通常叠加地方产业、行业场景、实验项目和专业方向模块；样例：库内未命中该层次开设样例,中国消防救援学院,普通应用/职业供给：更强调工具链、工艺流程、项目实训、岗位规范，课程呈现更实训化、工具化；样例：中国消防救援学院
083107TK,火灾勘查,本科(普通),工学学士,四年,工学,公安技术类,火灾学、燃烧学、建筑消防工程、痕迹学基础、火灾现场勘查、火灾原因认定、火灾物证鉴定、火灾事故调查、火灾现场模拟勘查实训、火灾物证分析实验,rysxai_major_course,,库内未命中,头部/强研究型：核心课不一定换名称，但会加深数学/理论和研究训练，重点看高阶数学/物理、系统设计、科研训练、交叉前沿专题；样例：库内未命中该层次开设样例,库内未命中,区域重点/特色优势：核心课保持完整，通常叠加地方产业、行业场景、实验项目和专业方向模块；样例：库内未命中该层次开设样例,中国消防救援学院,普通应用/职业供给：更强调工具链、工艺流程、项目实训、岗位规范，课程呈现更实训化、工具化；样例：中国消防救援学院
083108TK,网络安全与执法,本科(普通),工学学士,四年,工学,公安技术类,大学英语、高等数学、计算机应用基础、计算机网络、操作系统、数据库原理、程序设计基础、网络安全原理、电子数据取证、网络犯罪侦查,rysxai_major_course,,库内未命中,头部/强研究型：核心课不一定换名称，但会加深数学/理论和研究训练，重点看高阶数学/物理、系统设计、科研训练、交叉前沿专题；样例：库内未命中该层次开设样例,中国刑事警察学院、四川警察学院、江苏警官学院、南京警察学院、北京警察学院,区域重点/特色优势：核心课保持完整，通常叠加地方产业、行业场景、实验项目和专业方向模块；样例：中国刑事警察学院、四川警察学院、江苏警官学院、南京警察学院、北京警察学院,上海公安学院、吉林警察学院、广西警察学院、新疆警察学院、陕西警察学院,普通应用/职业供给：更强调工具链、工艺流程、项目实训、岗位规范，课程呈现更实训化、工具化；样例：上海公安学院、吉林警察学院、广西警察学院、新疆警察学院、陕西警察学院
083109TK,核生化消防,本科(普通),工学学士,四年,工学,公安技术类,高等数学、大学物理、计算机应用基础、大学英语、消防工程概论、化工原理、核物理基础、毒理学基础、核应急救援技术、生化灾害处置技术,rysxai_major_course,,库内未命中,头部/强研究型：核心课不一定换名称，但会加深数学/理论和研究训练，重点看高阶数学/物理、系统设计、科研训练、交叉前沿专题；样例：库内未命中该层次开设样例,库内未命中,区域重点/特色优势：核心课保持完整，通常叠加地方产业、行业场景、实验项目和专业方向模块；样例：库内未命中该层次开设样例,库内未命中,普通应用/职业供给：更强调工具链、工艺流程、项目实训、岗位规范，课程呈现更实训化、工具化；样例：库内未命中该层次开设样例
083110TK,海警舰艇指挥与技术,本科(普通),工学学士,四年,工学,公安技术类,舰艇构造与原理、航海学、海洋气象学、舰艇指挥学、海警执法程序、舰艇战术、舰艇操纵实训、海上执法模拟演练、航海仪器使用实训、高等数学,rysxai_major_course,,库内未命中,头部/强研究型：核心课不一定换名称，但会加深数学/理论和研究训练，重点看高阶数学/物理、系统设计、科研训练、交叉前沿专题；样例：库内未命中该层次开设样例,库内未命中,区域重点/特色优势：核心课保持完整，通常叠加地方产业、行业场景、实验项目和专业方向模块；样例：库内未命中该层次开设样例,库内未命中,普通应用/职业供给：更强调工具链、工艺流程、项目实训、岗位规范，课程呈现更实训化、工具化；样例：库内未命中该层次开设样例
083111TK,数据警务技术,本科(普通),工学学士,四年,工学,公安技术类,警务信息学、数据结构、数据库原理、统计学、公安情报学、数据警务分析、警务大数据管理、警务数据采集实训、大数据警务系统开发、公安数据分析实战,rysxai_major_course,,库内未命中,头部/强研究型：核心课不一定换名称，但会加深数学/理论和研究训练，重点看高阶数学/物理、系统设计、科研训练、交叉前沿专题；样例：库内未命中该层次开设样例,中国刑事警察学院、江苏警官学院、南京警察学院、中央司法警官学院、河南警察学院,区域重点/特色优势：核心课保持完整，通常叠加地方产业、行业场景、实验项目和专业方向模块；样例：中国刑事警察学院、江苏警官学院、南京警察学院、中央司法警官学院、河南警察学院,吉林警察学院、广西警察学院、安徽公安学院,普通应用/职业供给：更强调工具链、工艺流程、项目实训、岗位规范，课程呈现更实训化、工具化；样例：吉林警察学院、广西警察学院、安徽公安学院
083112TK,食品药品环境犯罪侦查技术,本科(普通),工学学士,四年,工学,公安技术类,刑事侦查学、食品药品安全法、食品犯罪侦查技术、药品犯罪侦查技术、环境犯罪侦查技术、食品药品检验实训、高等数学、大学物理、工程制图、电工电子技术,rysxai_major_course,,库内未命中,头部/强研究型：核心课不一定换名称，但会加深数学/理论和研究训练，重点看高阶数学/物理、系统设计、科研训练、交叉前沿专题；样例：库内未命中该层次开设样例,四川警察学院、江苏警官学院、南京警察学院、河南警察学院、江西警察学院,区域重点/特色优势：核心课保持完整，通常叠加地方产业、行业场景、实验项目和专业方向模块；样例：四川警察学院、江苏警官学院、南京警察学院、河南警察学院、江西警察学院,吉林警察学院、安徽公安学院、甘肃警察学院,普通应用/职业供给：更强调工具链、工艺流程、项目实训、岗位规范，课程呈现更实训化、工具化；样例：吉林警察学院、安徽公安学院、甘肃警察学院
090101,农学,本科(普通),农学学士,四年,农学,植物生产类,植物学、植物生理学实验、土壤学实验、农业气象学、农业微生物学、有机化学、农业生态学、作物栽培学、作物育种学、植物保护学,rysxai_major_course,,浙江大学、中国农业大学、吉林大学、西北农林科技大学、华中农业大学,头部/强研究型：核心课不一定换名称，但会加深数学/理论和研究训练，重点看实验设计、育种/生态前沿、田间试验、数据分析；样例：浙江大学、中国农业大学、吉林大学、西北农林科技大学、华中农业大学,福建农林大学、山东农业大学、安徽农业大学、河南农业大学、浙江农林大学,区域重点/特色优势：核心课保持完整，通常叠加地方产业、行业场景、实验项目和专业方向模块；样例：福建农林大学、山东农业大学、安徽农业大学、河南农业大学、浙江农林大学,吉林农业科技学院、安顺学院、保山学院、信阳农林学院、普洱学院,普通应用/职业供给：更强调生产实训、田间/养殖操作、病虫害识别、经营管理，课程呈现更实训化、工具化；样例：吉林农业科技学院、安顺学院、保山学院、信阳农林学院、普洱学院
090102,园艺,本科(普通),农学学士,四年,农学,植物生产类,植物学、植物生理学、生物化学、土壤肥料学、农业气象学、无机化学、有机化学、园艺学总论、园艺学各论、园艺植物育种学,rysxai_major_course,,浙江大学、中国农业大学、吉林大学、西北农林科技大学、华中农业大学,头部/强研究型：核心课不一定换名称，但会加深数学/理论和研究训练，重点看实验设计、育种/生态前沿、田间试验、数据分析；样例：浙江大学、中国农业大学、吉林大学、西北农林科技大学、华中农业大学,福建农林大学、上海师范大学、山东农业大学、安徽农业大学、河南农业大学,区域重点/特色优势：核心课保持完整，通常叠加地方产业、行业场景、实验项目和专业方向模块；样例：福建农林大学、上海师范大学、山东农业大学、安徽农业大学、河南农业大学,吉林农业科技学院、凯里学院、信阳农林学院、山东农业工程学院、昭通学院,普通应用/职业供给：更强调生产实训、田间/养殖操作、病虫害识别、经营管理，课程呈现更实训化、工具化；样例：吉林农业科技学院、凯里学院、信阳农林学院、山东农业工程学院、昭通学院
090103,植物保护,本科(普通),农学学士,四年,农学,植物生产类,无机化学、植物学、农业微生物学、植物保护、普通昆虫学、植物病理学、热带农业昆虫学、热带农业植物病理学、昆虫生态与预测预报、植物病害流行与预测,rysxai_major_course,,浙江大学、中国农业大学、吉林大学、西北农林科技大学、华中农业大学,头部/强研究型：核心课不一定换名称，但会加深数学/理论和研究训练，重点看实验设计、育种/生态前沿、田间试验、数据分析；样例：浙江大学、中国农业大学、吉林大学、西北农林科技大学、华中农业大学,福建农林大学、山东农业大学、安徽农业大学、河南农业大学、浙江农林大学,区域重点/特色优势：核心课保持完整，通常叠加地方产业、行业场景、实验项目和专业方向模块；样例：福建农林大学、山东农业大学、安徽农业大学、河南农业大学、浙江农林大学,吉林农业科技学院、安顺学院、信阳农林学院、山东农业工程学院、昭通学院,普通应用/职业供给：更强调生产实训、田间/养殖操作、病虫害识别、经营管理，课程呈现更实训化、工具化；样例：吉林农业科技学院、安顺学院、信阳农林学院、山东农业工程学院、昭通学院
090104,植物科学与技术,本科(普通),农学学士,四年,农学,植物生产类,植物学、分子生物学、生物统计与田间实验、植物生理学、遗传学、土壤肥料学、作物栽培学、植物保护学、种子学、农业生态学,rysxai_major_course+category_template,,上海交通大学、西北农林科技大学、郑州大学、华中农业大学、南京农业大学,头部/强研究型：核心课不一定换名称，但会加深数学/理论和研究训练，重点看实验设计、育种/生态前沿、田间试验、数据分析；样例：上海交通大学、西北农林科技大学、郑州大学、华中农业大学、南京农业大学,福建农林大学、山东农业大学、河南农业大学、河北农业大学、内蒙古农业大学,区域重点/特色优势：核心课保持完整，通常叠加地方产业、行业场景、实验项目和专业方向模块；样例：福建农林大学、山东农业大学、河南农业大学、河北农业大学、内蒙古农业大学,周口师范学院、六盘水师范学院、文山学院、昭通学院、滇西应用技术大学,普通应用/职业供给：更强调生产实训、田间/养殖操作、病虫害识别、经营管理，课程呈现更实训化、工具化；样例：周口师范学院、六盘水师范学院、文山学院、昭通学院、滇西应用技术大学
090105,种子科学与工程,本科(普通),农学学士,四年,农学,植物生产类,植物学、生物化学、微生物学、生态学、植物生态学、土壤与植物营养、植物保护学、基因工程、细胞工程、生物信息学,rysxai_major_course,,中国农业大学、西北农林科技大学、华中农业大学、南京农业大学、海南大学,头部/强研究型：核心课不一定换名称，但会加深数学/理论和研究训练，重点看实验设计、育种/生态前沿、田间试验、数据分析；样例：中国农业大学、西北农林科技大学、华中农业大学、南京农业大学、海南大学,福建农林大学、山东农业大学、安徽农业大学、河南农业大学、沈阳农业大学,区域重点/特色优势：核心课保持完整，通常叠加地方产业、行业场景、实验项目和专业方向模块；样例：福建农林大学、山东农业大学、安徽农业大学、河南农业大学、沈阳农业大学,吉林农业科技学院、信阳农林学院、广西民族师范学院、萍乡学院、辽东学院,普通应用/职业供给：更强调生产实训、田间/养殖操作、病虫害识别、经营管理，课程呈现更实训化、工具化；样例：吉林农业科技学院、信阳农林学院、广西民族师范学院、萍乡学院、辽东学院
090106,设施农业科学与工程,本科(普通),"工学学士,农学学士",四年,农学,植物生产类,植物学、植物生理学、农业气象学、土壤肥料学、农业工程制图、设施园艺学、设施作物栽培学、设施环境工程学、无土栽培学、农业园区规划与管理,rysxai_major_course,,中国农业大学、西北农林科技大学、华中农业大学、南京农业大学、海南大学,头部/强研究型：核心课不一定换名称，但会加深数学/理论和研究训练，重点看实验设计、育种/生态前沿、田间试验、数据分析；样例：中国农业大学、西北农林科技大学、华中农业大学、南京农业大学、海南大学,福建农林大学、山东农业大学、河南农业大学、浙江农林大学、沈阳农业大学,区域重点/特色优势：核心课保持完整，通常叠加地方产业、行业场景、实验项目和专业方向模块；样例：福建农林大学、山东农业大学、河南农业大学、浙江农林大学、沈阳农业大学,安顺学院、信阳农林学院、山东农业工程学院、文山学院、百色学院,普通应用/职业供给：更强调生产实训、田间/养殖操作、病虫害识别、经营管理，课程呈现更实训化、工具化；样例：安顺学院、信阳农林学院、山东农业工程学院、文山学院、百色学院
090107T,茶学,本科(普通),农学学士,四年,农学,植物生产类,有机化学、中国茶艺学、植物学、植物生理学、遗传学、土壤肥料学、作物栽培学、植物保护学、种子学、农业生态学,rysxai_major_course+category_template,,浙江大学、西北农林科技大学、华中农业大学、南京农业大学、西南大学,头部/强研究型：核心课不一定换名称，但会加深数学/理论和研究训练，重点看实验设计、育种/生态前沿、田间试验、数据分析；样例：浙江大学、西北农林科技大学、华中农业大学、南京农业大学、西南大学,福建农林大学、山东农业大学、安徽农业大学、河南农业大学、浙江农林大学,区域重点/特色优势：核心课保持完整，通常叠加地方产业、行业场景、实验项目和专业方向模块；样例：福建农林大学、山东农业大学、安徽农业大学、河南农业大学、浙江农林大学,信阳农林学院、普洱学院、景德镇学院、梧州学院、滇西应用技术大学,普通应用/职业供给：更强调生产实训、田间/养殖操作、病虫害识别、经营管理，课程呈现更实训化、工具化；样例：信阳农林学院、普洱学院、景德镇学院、梧州学院、滇西应用技术大学
090108T,烟草,本科(普通),农学学士,四年,农学,植物生产类,植物学、植物生理学、遗传学、土壤肥料学、作物栽培学、植物保护学、种子学、农业生态学,category_template,rysxai课程文本未抽出课程名,贵州大学,头部/强研究型：核心课不一定换名称，但会加深数学/理论和研究训练，重点看实验设计、育种/生态前沿、田间试验、数据分析；样例：贵州大学,山东农业大学、河南农业大学、湖南农业大学、青岛农业大学、郑州轻工业大学,区域重点/特色优势：核心课保持完整，通常叠加地方产业、行业场景、实验项目和专业方向模块；样例：山东农业大学、河南农业大学、湖南农业大学、青岛农业大学、郑州轻工业大学,库内未命中,普通应用/职业供给：更强调生产实训、田间/养殖操作、病虫害识别、经营管理，课程呈现更实训化、工具化；样例：库内未命中该层次开设样例
090109T,应用生物科学,本科(普通),"理学学士,农学学士",四年,农学,植物生产类,高等数学、普通生物学、生物化学、微生物学、应用微生物技术、生物制品学、植物生物技术、微生物发酵实训、植物组织培养实验、生物制品制备实践,rysxai_major_course,,浙江大学、华中农业大学、东北农业大学,头部/强研究型：核心课不一定换名称，但会加深数学/理论和研究训练，重点看实验设计、育种/生态前沿、田间试验、数据分析；样例：浙江大学、华中农业大学、东北农业大学,山东农业大学、武汉轻工大学、西南林业大学、承德医学院、贵州师范学院,区域重点/特色优势：核心课保持完整，通常叠加地方产业、行业场景、实验项目和专业方向模块；样例：山东农业大学、武汉轻工大学、西南林业大学、承德医学院、贵州师范学院,兴义民族师范学院、滇西应用技术大学、滇西科技师范学院,普通应用/职业供给：更强调生产实训、田间/养殖操作、病虫害识别、经营管理，课程呈现更实训化、工具化；样例：兴义民族师范学院、滇西应用技术大学、滇西科技师范学院
090110T,农艺教育,本科(普通),农学学士,四年,农学,植物生产类,大学英语、高等数学、计算机应用基础、植物学、植物生理学、土壤肥料学、作物栽培学、作物育种学、农艺学、农业教育概论,rysxai_major_course,,海南大学,头部/强研究型：核心课不一定换名称，但会加深数学/理论和研究训练，重点看实验设计、育种/生态前沿、田间试验、数据分析；样例：海南大学,吉林农业大学、江西农业大学,区域重点/特色优势：核心课保持完整，通常叠加地方产业、行业场景、实验项目和专业方向模块；样例：吉林农业大学、江西农业大学,兴义民族师范学院、贵阳人文科技学院,普通应用/职业供给：更强调生产实训、田间/养殖操作、病虫害识别、经营管理，课程呈现更实训化、工具化；样例：兴义民族师范学院、贵阳人文科技学院
090111T,园艺教育,本科(普通),农学学士,四年,农学,植物生产类,植物学、植物生理学、教育心理学、园艺教育课程与教学论、园艺植物栽培学、园艺植物育种学、园艺植物栽培实训、教育实习、园艺育种实践、遗传学,rysxai_major_course,,库内未命中,头部/强研究型：核心课不一定换名称，但会加深数学/理论和研究训练，重点看实验设计、育种/生态前沿、田间试验、数据分析；样例：库内未命中该层次开设样例,吉林农业大学、成都师范学院,区域重点/特色优势：核心课保持完整，通常叠加地方产业、行业场景、实验项目和专业方向模块；样例：吉林农业大学、成都师范学院,库内未命中,普通应用/职业供给：更强调生产实训、田间/养殖操作、病虫害识别、经营管理，课程呈现更实训化、工具化；样例：库内未命中该层次开设样例
090112T,智慧农业,本科(普通),农学学士,四年,农学,植物生产类,计算机应用基础、农业工程基础、农业信息技术、植物生理学、智慧农业系统设计、精准农业技术、农业物联网应用、农业传感器实训、智慧农场运营模拟、农业无人机操作实践,rysxai_major_course,,上海交通大学、中山大学、西北农林科技大学、华中农业大学、南京农业大学,头部/强研究型：核心课不一定换名称，但会加深数学/理论和研究训练，重点看实验设计、育种/生态前沿、田间试验、数据分析；样例：上海交通大学、中山大学、西北农林科技大学、华中农业大学、南京农业大学,昆明理工大学、福建农林大学、山东农业大学、安徽农业大学、河南农业大学,区域重点/特色优势：核心课保持完整，通常叠加地方产业、行业场景、实验项目和专业方向模块；样例：昆明理工大学、福建农林大学、山东农业大学、安徽农业大学、河南农业大学,吉林农业科技学院、信阳农林学院、山东农业工程学院、广西科技师范学院、文山学院,普通应用/职业供给：更强调生产实训、田间/养殖操作、病虫害识别、经营管理，课程呈现更实训化、工具化；样例：吉林农业科技学院、信阳农林学院、山东农业工程学院、广西科技师范学院、文山学院
090113T,菌物科学与工程,本科(普通),农学学士,四年,农学,植物生产类,菌物学基础、微生物学、生物化学、菌物遗传育种、菌物发酵工程、菌物活性成分提取与利用、菌物栽培实训、发酵工程实验、菌物产品加工实践、植物学,rysxai_major_course,,库内未命中,头部/强研究型：核心课不一定换名称，但会加深数学/理论和研究训练，重点看实验设计、育种/生态前沿、田间试验、数据分析；样例：库内未命中该层次开设样例,吉林农业大学、鲁东大学、天津农学院、河西学院,区域重点/特色优势：核心课保持完整，通常叠加地方产业、行业场景、实验项目和专业方向模块；样例：吉林农业大学、鲁东大学、天津农学院、河西学院,库内未命中,普通应用/职业供给：更强调生产实训、田间/养殖操作、病虫害识别、经营管理，课程呈现更实训化、工具化；样例：库内未命中该层次开设样例
090114T,农药化肥,本科(普通),农学学士,四年,农学,植物生产类,植物生理学、土壤学、农业化学、农药学、肥料学、植物营养与肥料、农药残留分析、农药剂型加工实验、肥料肥效试验、植物病虫害防治实习,rysxai_major_course,,库内未命中,头部/强研究型：核心课不一定换名称，但会加深数学/理论和研究训练，重点看实验设计、育种/生态前沿、田间试验、数据分析；样例：库内未命中该层次开设样例,吉林农业大学、塔里木大学,区域重点/特色优势：核心课保持完整，通常叠加地方产业、行业场景、实验项目和专业方向模块；样例：吉林农业大学、塔里木大学,库内未命中,普通应用/职业供给：更强调生产实训、田间/养殖操作、病虫害识别、经营管理，课程呈现更实训化、工具化；样例：库内未命中该层次开设样例
090115T,生物农药科学与工程,本科(普通),农学学士,四年,农学,植物生产类,高等数学、计算机应用基础、普通生物学、有机化学、农药学基础、微生物学、生物农药创制原理、生物农药发酵工程、生物农药制剂加工、生物农药发酵实训,rysxai_major_course,,库内未命中,头部/强研究型：核心课不一定换名称，但会加深数学/理论和研究训练，重点看实验设计、育种/生态前沿、田间试验、数据分析；样例：库内未命中该层次开设样例,内蒙古农业大学、山西农业大学、青岛农业大学,区域重点/特色优势：核心课保持完整，通常叠加地方产业、行业场景、实验项目和专业方向模块；样例：内蒙古农业大学、山西农业大学、青岛农业大学,库内未命中,普通应用/职业供给：更强调生产实训、田间/养殖操作、病虫害识别、经营管理，课程呈现更实训化、工具化；样例：库内未命中该层次开设样例
090116TK,生物育种科学,本科(普通),理学学士,四年,农学,植物生产类,大学英语、高等数学、计算机应用基础、遗传学、生物化学、分子生物学、作物育种学、动物育种学、分子育种技术、种质资源学,rysxai_major_course,,中国农业大学、西北农林科技大学、南京农业大学、西南大学、云南大学,头部/强研究型：核心课不一定换名称，但会加深数学/理论和研究训练，重点看实验设计、育种/生态前沿、田间试验、数据分析；样例：中国农业大学、西北农林科技大学、南京农业大学、西南大学、云南大学,福建农林大学、山东农业大学、安徽农业大学、河南农业大学、浙江农林大学,区域重点/特色优势：核心课保持完整，通常叠加地方产业、行业场景、实验项目和专业方向模块；样例：福建农林大学、山东农业大学、安徽农业大学、河南农业大学、浙江农林大学,库内未命中,普通应用/职业供给：更强调生产实训、田间/养殖操作、病虫害识别、经营管理，课程呈现更实训化、工具化；样例：库内未命中该层次开设样例
090117TK,生物育种技术,本科(普通),农学学士,四年,农学,植物生产类,大学英语、高等数学、计算机应用基础、遗传学、植物生理学、生物化学、分子生物学、作物育种学、动物育种学、分子育种技术,rysxai_major_course,,东北农业大学,头部/强研究型：核心课不一定换名称，但会加深数学/理论和研究训练，重点看实验设计、育种/生态前沿、田间试验、数据分析；样例：东北农业大学,江汉大学、北京农学院、大连海洋大学、新疆农业大学、浙江万里学院,区域重点/特色优势：核心课保持完整，通常叠加地方产业、行业场景、实验项目和专业方向模块；样例：江汉大学、北京农学院、大连海洋大学、新疆农业大学、浙江万里学院,吉林农业科技学院、信阳农林学院,普通应用/职业供给：更强调生产实训、田间/养殖操作、病虫害识别、经营管理，课程呈现更实训化、工具化；样例：吉林农业科技学院、信阳农林学院
090201,农业资源与环境,本科(普通),农学学士,四年,农学,自然保护与环境生态类,大学化学、普通生物学、计算机与数据处理、微生物学基础、地质与地貌学、农业气象学、土壤与农化分析、植物营养学、资源调查与评价、作物营养诊断与施肥,rysxai_major_course,,浙江大学、上海交通大学、吉林大学、华中农业大学、南京农业大学,头部/强研究型：核心课不一定换名称，但会加深数学/理论和研究训练，重点看实验设计、育种/生态前沿、田间试验、数据分析；样例：浙江大学、上海交通大学、吉林大学、华中农业大学、南京农业大学,福建农林大学、山东农业大学、安徽农业大学、河南农业大学、浙江农林大学,区域重点/特色优势：核心课保持完整，通常叠加地方产业、行业场景、实验项目和专业方向模块；样例：福建农林大学、山东农业大学、安徽农业大学、河南农业大学、浙江农林大学,渭南师范学院、吉林农业科技学院、四川文理学院、河套学院、滇西应用技术大学,普通应用/职业供给：更强调生产实训、田间/养殖操作、病虫害识别、经营管理，课程呈现更实训化、工具化；样例：渭南师范学院、吉林农业科技学院、四川文理学院、河套学院、滇西应用技术大学
090202,野生动物与自然保护区管理,本科(普通),农学学士,四年,农学,自然保护与环境生态类,普通动物学、解剖与组织胚胎学、野生动物生态学、生物统计附试验设计、野生动物管理学、动物遗传育种学、动物繁殖学、动物微生物学、动物普通病学、预防兽医学,rysxai_major_course,,北京林业大学、东北林业大学、南京林业大学、华南农业大学,头部/强研究型：核心课不一定换名称，但会加深数学/理论和研究训练，重点看实验设计、育种/生态前沿、田间试验、数据分析；样例：北京林业大学、东北林业大学、南京林业大学、华南农业大学,江西农业大学、西华师范大学、西南林业大学、贵州师范学院、盐城师范学院,区域重点/特色优势：核心课保持完整，通常叠加地方产业、行业场景、实验项目和专业方向模块；样例：江西农业大学、西华师范大学、西南林业大学、贵州师范学院、盐城师范学院,吉林农业科技学院,普通应用/职业供给：更强调生产实训、田间/养殖操作、病虫害识别、经营管理，课程呈现更实训化、工具化；样例：吉林农业科技学院
090203,水土保持与荒漠化防治,本科(普通),农学学士,四年,农学,自然保护与环境生态类,气象学、工程力学、水力学、水土流失与荒漠化监测、林业生态工程学、荒漠化防治工程学、水土保持工程学、植物学、植物生理学、遗传学,rysxai_major_course,,西北农林科技大学、西南大学、北京林业大学、贵州大学、四川农业大学,头部/强研究型：核心课不一定换名称，但会加深数学/理论和研究训练，重点看实验设计、育种/生态前沿、田间试验、数据分析；样例：西北农林科技大学、西南大学、北京林业大学、贵州大学、四川农业大学,福建农林大学、山东农业大学、沈阳农业大学、吉林农业大学、内蒙古农业大学,区域重点/特色优势：核心课保持完整，通常叠加地方产业、行业场景、实验项目和专业方向模块；样例：福建农林大学、山东农业大学、沈阳农业大学、吉林农业大学、内蒙古农业大学,安顺学院,普通应用/职业供给：更强调生产实训、田间/养殖操作、病虫害识别、经营管理，课程呈现更实训化、工具化；样例：安顺学院
090204T,生物质科学与工程,本科(普通),农学学士,四年,农学,自然保护与环境生态类,大学英语、高等数学、大学物理、计算机应用基础、生物质化学、植物生理学、微生物学、工程制图、生物质能源转化技术、生物质材料制备,rysxai_major_course,,中国农业大学、西南大学,头部/强研究型：核心课不一定换名称，但会加深数学/理论和研究训练，重点看实验设计、育种/生态前沿、田间试验、数据分析；样例：中国农业大学、西南大学,库内未命中,区域重点/特色优势：核心课保持完整，通常叠加地方产业、行业场景、实验项目和专业方向模块；样例：库内未命中该层次开设样例,山东农业工程学院,普通应用/职业供给：更强调生产实训、田间/养殖操作、病虫害识别、经营管理，课程呈现更实训化、工具化；样例：山东农业工程学院
090205T,土地科学与技术,本科(普通),农学学士,四年,农学,自然保护与环境生态类,大学英语、高等数学、计算机应用基础、土地资源学、土壤学、测量学、地理信息系统原理、土地规划学、土地整治工程、土地评价与估价,rysxai_major_course,,中国农业大学、西北农林科技大学、西南大学、四川农业大学,头部/强研究型：核心课不一定换名称，但会加深数学/理论和研究训练，重点看实验设计、育种/生态前沿、田间试验、数据分析；样例：中国农业大学、西北农林科技大学、西南大学、四川农业大学,湖南农业大学、内蒙古农业大学、青岛农业大学、新疆农业大学、仲恺农业工程学院,区域重点/特色优势：核心课保持完整，通常叠加地方产业、行业场景、实验项目和专业方向模块；样例：湖南农业大学、内蒙古农业大学、青岛农业大学、新疆农业大学、仲恺农业工程学院,库内未命中,普通应用/职业供给：更强调生产实训、田间/养殖操作、病虫害识别、经营管理，课程呈现更实训化、工具化；样例：库内未命中该层次开设样例
090206T,湿地保护与恢复,本科(普通),农学学士,四年,农学,自然保护与环境生态类,植物学、生态学、土壤学、湿地生态系统学、湿地保护技术、湿地恢复工程、湿地调查与监测实训、湿地恢复工程设计实践、湿地生态修复实习、植物生理学,rysxai_major_course,,库内未命中,头部/强研究型：核心课不一定换名称，但会加深数学/理论和研究训练，重点看实验设计、育种/生态前沿、田间试验、数据分析；样例：库内未命中该层次开设样例,西南林业大学、盐城师范学院,区域重点/特色优势：核心课保持完整，通常叠加地方产业、行业场景、实验项目和专业方向模块；样例：西南林业大学、盐城师范学院,库内未命中,普通应用/职业供给：更强调生产实训、田间/养殖操作、病虫害识别、经营管理，课程呈现更实训化、工具化；样例：库内未命中该层次开设样例
090207TK,国家公园建设与管理,本科(普通),"农学学士,管理学学士",四年,农学,自然保护与环境生态类,大学英语、计算机应用基础、高等数学、生态学基础、自然地理学、管理学原理、环境科学概论、土地资源管理学、国家公园规划设计、国家公园资源保护与管理,rysxai_major_course,,北京林业大学、东北林业大学、华南农业大学,头部/强研究型：核心课不一定换名称，但会加深数学/理论和研究训练，重点看实验设计、育种/生态前沿、田间试验、数据分析；样例：北京林业大学、东北林业大学、华南农业大学,中南林业科技大学,区域重点/特色优势：核心课保持完整，通常叠加地方产业、行业场景、实验项目和专业方向模块；样例：中南林业科技大学,库内未命中,普通应用/职业供给：更强调生产实训、田间/养殖操作、病虫害识别、经营管理，课程呈现更实训化、工具化；样例：库内未命中该层次开设样例
090208TK,生态修复学,本科(普通),农学学士,四年,农学,自然保护与环境生态类,大学英语、计算机应用基础、高等数学、大学物理、生态学、植物学、动物学、土壤学、水文地质学、环境科学概论,rysxai_major_course,,西北农林科技大学、南京林业大学,头部/强研究型：核心课不一定换名称，但会加深数学/理论和研究训练，重点看实验设计、育种/生态前沿、田间试验、数据分析；样例：西北农林科技大学、南京林业大学,福建农林大学,区域重点/特色优势：核心课保持完整，通常叠加地方产业、行业场景、实验项目和专业方向模块；样例：福建农林大学,库内未命中,普通应用/职业供给：更强调生产实训、田间/养殖操作、病虫害识别、经营管理，课程呈现更实训化、工具化；样例：库内未命中该层次开设样例
090301,动物科学,本科(普通),农学学士,四年,农学,动物生产类,动物学基础、动物解剖及组织胚胎学、生物化学、畜牧生物统计与试验设计、分析化学及实验、动物遗传学、动物育种学、动物繁殖学、饲料学、饲料分析学,rysxai_major_course,,浙江大学、上海交通大学、中国农业大学、吉林大学、兰州大学,头部/强研究型：核心课不一定换名称，但会加深数学/理论和研究训练，重点看实验设计、育种/生态前沿、田间试验、数据分析；样例：浙江大学、上海交通大学、中国农业大学、吉林大学、兰州大学,福建农林大学、山东农业大学、安徽农业大学、河南农业大学、浙江农林大学,区域重点/特色优势：核心课保持完整，通常叠加地方产业、行业场景、实验项目和专业方向模块；样例：福建农林大学、山东农业大学、安徽农业大学、河南农业大学、浙江农林大学,六盘水师范学院、商丘师范学院、吉林农业科技学院、信阳农林学院、河南牧业经济学院,普通应用/职业供给：更强调生产实训、田间/养殖操作、病虫害识别、经营管理，课程呈现更实训化、工具化；样例：六盘水师范学院、商丘师范学院、吉林农业科技学院、信阳农林学院、河南牧业经济学院
090302T,蚕学,本科(普通),农学学士,四年,农学,动物生产类,蚕体解剖生理学、桑树栽培学、昆虫学、蚕种学、养蚕学、蚕病学、蚕桑生产实习、蚕种繁育实训、蚕病防治实验、动物解剖生理学,rysxai_major_course,,西南大学、华南农业大学,头部/强研究型：核心课不一定换名称，但会加深数学/理论和研究训练，重点看实验设计、育种/生态前沿、田间试验、数据分析；样例：西南大学、华南农业大学,山东农业大学、江苏科技大学,区域重点/特色优势：核心课保持完整，通常叠加地方产业、行业场景、实验项目和专业方向模块；样例：山东农业大学、江苏科技大学,库内未命中,普通应用/职业供给：更强调生产实训、田间/养殖操作、病虫害识别、经营管理，课程呈现更实训化、工具化；样例：库内未命中该层次开设样例
090303T,蜂学,本科(普通),农学学士,四年,农学,动物生产类,动物学、昆虫学、生物化学、蜜蜂生物学、蜂群饲养管理、蜂产品学、养蜂场实习、蜂产品加工实训、动物解剖生理学、动物营养学,rysxai_major_course,,库内未命中,头部/强研究型：核心课不一定换名称，但会加深数学/理论和研究训练，重点看实验设计、育种/生态前沿、田间试验、数据分析；样例：库内未命中该层次开设样例,福建农林大学、云南农业大学,区域重点/特色优势：核心课保持完整，通常叠加地方产业、行业场景、实验项目和专业方向模块；样例：福建农林大学、云南农业大学,库内未命中,普通应用/职业供给：更强调生产实训、田间/养殖操作、病虫害识别、经营管理，课程呈现更实训化、工具化；样例：库内未命中该层次开设样例
090304T,经济动物学,本科(普通),农学学士,四年,农学,动物生产类,大学英语、高等数学、计算机应用基础、动物学、动物生理学、动物生物化学、经济动物养殖学、经济动物繁育学、经济动物疾病防治、经济动物产品加工,rysxai_major_course,,库内未命中,头部/强研究型：核心课不一定换名称，但会加深数学/理论和研究训练，重点看实验设计、育种/生态前沿、田间试验、数据分析；样例：库内未命中该层次开设样例,吉林农业大学、山西农业大学,区域重点/特色优势：核心课保持完整，通常叠加地方产业、行业场景、实验项目和专业方向模块；样例：吉林农业大学、山西农业大学,库内未命中,普通应用/职业供给：更强调生产实训、田间/养殖操作、病虫害识别、经营管理，课程呈现更实训化、工具化；样例：库内未命中该层次开设样例
090305T,马业科学,本科(普通),农学学士,四年,农学,动物生产类,动物解剖学、动物生理学、马遗传育种学基础、马饲养与营养、马病防治、马行为学、马体调教实训、马病临床诊疗实习、马场经营管理实践、动物解剖生理学,rysxai_major_course,,库内未命中,头部/强研究型：核心课不一定换名称，但会加深数学/理论和研究训练，重点看实验设计、育种/生态前沿、田间试验、数据分析；样例：库内未命中该层次开设样例,内蒙古农业大学、青岛农业大学、新疆农业大学,区域重点/特色优势：核心课保持完整，通常叠加地方产业、行业场景、实验项目和专业方向模块；样例：内蒙古农业大学、青岛农业大学、新疆农业大学,武汉商学院,普通应用/职业供给：更强调生产实训、田间/养殖操作、病虫害识别、经营管理，课程呈现更实训化、工具化；样例：武汉商学院
090306T,饲料工程,本科(普通),"工学学士,农学学士",四年,农学,动物生产类,大学英语、高等数学、计算机应用基础、动物营养学、饲料原料学、生物化学、机械基础、化工原理、饲料配方设计、饲料加工工艺与设备,rysxai_major_course,,库内未命中,头部/强研究型：核心课不一定换名称，但会加深数学/理论和研究训练，重点看实验设计、育种/生态前沿、田间试验、数据分析；样例：库内未命中该层次开设样例,河南农业大学、河南工业大学、甘肃农业大学、武汉轻工大学,区域重点/特色优势：核心课保持完整，通常叠加地方产业、行业场景、实验项目和专业方向模块；样例：河南农业大学、河南工业大学、甘肃农业大学、武汉轻工大学,吉林工商学院,普通应用/职业供给：更强调生产实训、田间/养殖操作、病虫害识别、经营管理，课程呈现更实训化、工具化；样例：吉林工商学院
090307T,智慧牧业科学与工程,本科(普通),农学学士,四年,农学,动物生产类,数据结构与算法、动物生理学、畜牧学概论、农业物联网技术、智慧牧场设计与管理、动物精准养殖技术、牧业大数据分析与应用、智慧牧场虚拟仿真实验、物联网设备安装与调试实训、牧业大数据项目实战,rysxai_major_course,,西北农林科技大学、华南农业大学,头部/强研究型：核心课不一定换名称，但会加深数学/理论和研究训练，重点看实验设计、育种/生态前沿、田间试验、数据分析；样例：西北农林科技大学、华南农业大学,山东农业大学、河南农业大学、内蒙古农业大学、甘肃农业大学、聊城大学,区域重点/特色优势：核心课保持完整，通常叠加地方产业、行业场景、实验项目和专业方向模块；样例：山东农业大学、河南农业大学、内蒙古农业大学、甘肃农业大学、聊城大学,信阳农林学院、山东农业工程学院、河南牧业经济学院,普通应用/职业供给：更强调生产实训、田间/养殖操作、病虫害识别、经营管理，课程呈现更实训化、工具化；样例：信阳农林学院、山东农业工程学院、河南牧业经济学院
090401,动物医学,本科(普通),农学学士,五年，四年,农学,动物医学类,动物医学专业导论、动物学基础、动物解剖学、动物组织学与胚胎学、动物生理学、动物生物化学、动物遗传学、生物统计与实验设计、兽医病理学、兽医病理生理学,rysxai_major_course,,浙江大学、中国农业大学、吉林大学、西北农林科技大学、华中农业大学,头部/强研究型：核心课不一定换名称，但会加深数学/理论和研究训练，重点看实验设计、育种/生态前沿、田间试验、数据分析；样例：浙江大学、中国农业大学、吉林大学、西北农林科技大学、华中农业大学,福建农林大学、山东农业大学、安徽农业大学、河南农业大学、浙江农林大学,区域重点/特色优势：核心课保持完整，通常叠加地方产业、行业场景、实验项目和专业方向模块；样例：福建农林大学、山东农业大学、安徽农业大学、河南农业大学、浙江农林大学,吉林农业科技学院、安阳工学院、信阳农林学院、山东农业工程学院、河南牧业经济学院,普通应用/职业供给：更强调生产实训、田间/养殖操作、病虫害识别、经营管理，课程呈现更实训化、工具化；样例：吉林农业科技学院、安阳工学院、信阳农林学院、山东农业工程学院、河南牧业经济学院
090402,动物药学,本科(普通),农学学士,五年，四年,农学,动物医学类,动物生理学、兽医病理学、兽医微生物学、兽医药理学、兽药制剂学、药物分析、药物化学、动物解剖学、兽医临床诊断学、内科学,rysxai_major_course,,西北农林科技大学、南京农业大学、西南大学、东北农业大学、西南大学(荣昌校区),头部/强研究型：核心课不一定换名称，但会加深数学/理论和研究训练，重点看实验设计、育种/生态前沿、田间试验、数据分析；样例：西北农林科技大学、南京农业大学、西南大学、东北农业大学、西南大学(荣昌校区),山东农业大学、河南农业大学、沈阳农业大学、吉林农业大学、湖南农业大学,区域重点/特色优势：核心课保持完整，通常叠加地方产业、行业场景、实验项目和专业方向模块；样例：山东农业大学、河南农业大学、沈阳农业大学、吉林农业大学、湖南农业大学,河南牧业经济学院、菏泽学院、威海海洋职业学院、怀化职业技术学院、湖南环境生物职业技术学院,普通应用/职业供给：更强调生产实训、田间/养殖操作、病虫害识别、经营管理，课程呈现更实训化、工具化；样例：河南牧业经济学院、菏泽学院、威海海洋职业学院、怀化职业技术学院、湖南环境生物职业技术学院
090403T,动植物检疫,本科(普通),"理学学士,农学学士",四年,农学,动物医学类,生物化学、植物检疫学、动植物检疫、动物解剖学、动物生理学、兽医病理学、兽医药理学、兽医微生物学、兽医临床诊断学、内科学,rysxai_major_course+category_template,,四川农业大学、扬州大学,头部/强研究型：核心课不一定换名称，但会加深数学/理论和研究训练，重点看实验设计、育种/生态前沿、田间试验、数据分析；样例：四川农业大学、扬州大学,河南农业大学、中国计量大学、湖南农业大学、河南科技大学、河北农业大学,区域重点/特色优势：核心课保持完整，通常叠加地方产业、行业场景、实验项目和专业方向模块；样例：河南农业大学、中国计量大学、湖南农业大学、河南科技大学、河北农业大学,吉林农业科技学院、河南牧业经济学院、甘肃民族师范学院、沈阳工学院,普通应用/职业供给：更强调生产实训、田间/养殖操作、病虫害识别、经营管理，课程呈现更实训化、工具化；样例：吉林农业科技学院、河南牧业经济学院、甘肃民族师范学院、沈阳工学院
090404T,实验动物学,本科(普通),农学学士,四年,农学,动物医学类,大学英语、高等数学、计算机应用基础、动物解剖学、动物生理学、实验动物遗传学、实验动物饲养与管理、实验动物模型制备、实验动物质量控制、实验动物饲养实训,rysxai_major_course,,扬州大学,头部/强研究型：核心课不一定换名称，但会加深数学/理论和研究训练，重点看实验设计、育种/生态前沿、田间试验、数据分析；样例：扬州大学,辽宁中医药大学、贵州中医药大学,区域重点/特色优势：核心课保持完整，通常叠加地方产业、行业场景、实验项目和专业方向模块；样例：辽宁中医药大学、贵州中医药大学,库内未命中,普通应用/职业供给：更强调生产实训、田间/养殖操作、病虫害识别、经营管理，课程呈现更实训化、工具化；样例：库内未命中该层次开设样例
090405T,中兽医学,本科(普通),农学学士,四年,农学,动物医学类,中兽医基础理论、动物中药学、兽医药理学、中兽医内科学、中兽医外科学、中兽医针灸学、中兽医临床实训、中兽药制剂制备实训、针灸实操训练、动物解剖学,rysxai_major_course,,中国农业大学,头部/强研究型：核心课不一定换名称，但会加深数学/理论和研究训练，重点看实验设计、育种/生态前沿、田间试验、数据分析；样例：中国农业大学,河南农业大学、河北农业大学、辽宁中医药大学,区域重点/特色优势：核心课保持完整，通常叠加地方产业、行业场景、实验项目和专业方向模块；样例：河南农业大学、河北农业大学、辽宁中医药大学,河南牧业经济学院,普通应用/职业供给：更强调生产实训、田间/养殖操作、病虫害识别、经营管理，课程呈现更实训化、工具化；样例：河南牧业经济学院
090406TK,兽医公共卫生,本科(普通),农学学士,五年,农学,动物医学类,兽医学基础、动物解剖学与组织胚胎学、动物生理学、兽医公共卫生学、动物流行病学、人畜共患病学、兽医公共卫生检测实训、动物流行病学调查实习、动物食品卫生检验实践、动物解剖学,rysxai_major_course,,中国农业大学、南京农业大学、西南大学、西南大学(荣昌校区)、扬州大学,头部/强研究型：核心课不一定换名称，但会加深数学/理论和研究训练，重点看实验设计、育种/生态前沿、田间试验、数据分析；样例：中国农业大学、南京农业大学、西南大学、西南大学(荣昌校区)、扬州大学,山东农业大学、河南农业大学、浙江农林大学、吉林农业大学、山西农业大学,区域重点/特色优势：核心课保持完整，通常叠加地方产业、行业场景、实验项目和专业方向模块；样例：山东农业大学、河南农业大学、浙江农林大学、吉林农业大学、山西农业大学,库内未命中,普通应用/职业供给：更强调生产实训、田间/养殖操作、病虫害识别、经营管理，课程呈现更实训化、工具化；样例：库内未命中该层次开设样例
090501,林学,本科(普通),农学学士,四年,农学,林学类,林学、森林生态学、植物学、土壤理化分析、统计学、林学专业英语、林木种苗学、林木育种学、森林经理学、经济林学,rysxai_major_course,,西北农林科技大学、华中农业大学、西南大学、北京林业大学、贵州大学,头部/强研究型：核心课不一定换名称，但会加深数学/理论和研究训练，重点看实验设计、育种/生态前沿、田间试验、数据分析；样例：西北农林科技大学、华中农业大学、西南大学、北京林业大学、贵州大学,福建农林大学、山东农业大学、安徽农业大学、河南农业大学、浙江农林大学,区域重点/特色优势：核心课保持完整，通常叠加地方产业、行业场景、实验项目和专业方向模块；样例：福建农林大学、山东农业大学、安徽农业大学、河南农业大学、浙江农林大学,六盘水师范学院、黄山学院、信阳农林学院、福建农林大学金山学院、湖南应用技术学院,普通应用/职业供给：更强调生产实训、田间/养殖操作、病虫害识别、经营管理，课程呈现更实训化、工具化；样例：六盘水师范学院、黄山学院、信阳农林学院、福建农林大学金山学院、湖南应用技术学院
090502,园林,本科(普通),农学学士,四年,农学,林学类,园林植物基础、植物生理学、土壤肥料学、农业气象学、园林生态学、景观地理学、风景园林导论、中外园林史、园林艺术原理、园林植物遗传育种学,rysxai_major_course,,浙江大学、中国农业大学、西北农林科技大学、华中农业大学、南京农业大学,头部/强研究型：核心课不一定换名称，但会加深数学/理论和研究训练，重点看实验设计、育种/生态前沿、田间试验、数据分析；样例：浙江大学、中国农业大学、西北农林科技大学、华中农业大学、南京农业大学,昆明理工大学、福建农林大学、山东农业大学、安徽农业大学、河南农业大学,区域重点/特色优势：核心课保持完整，通常叠加地方产业、行业场景、实验项目和专业方向模块；样例：昆明理工大学、福建农林大学、山东农业大学、安徽农业大学、河南农业大学,商丘师范学院、黄淮学院、怀化学院、齐鲁师范学院、宿迁学院,普通应用/职业供给：更强调生产实训、田间/养殖操作、病虫害识别、经营管理，课程呈现更实训化、工具化；样例：商丘师范学院、黄淮学院、怀化学院、齐鲁师范学院、宿迁学院
090503,森林保护,本科(普通),农学学士,四年,农学,林学类,思想道德与法治、大学英语、计算机应用基础、高等数学、植物学、动物学、森林生态学、土壤学、气象学、森林病理学,rysxai_major_course,,西北农林科技大学、北京林业大学、贵州大学、东北林业大学、四川农业大学,头部/强研究型：核心课不一定换名称，但会加深数学/理论和研究训练，重点看实验设计、育种/生态前沿、田间试验、数据分析；样例：西北农林科技大学、北京林业大学、贵州大学、东北林业大学、四川农业大学,福建农林大学、山东农业大学、河北农业大学、内蒙古农业大学、重庆师范大学,区域重点/特色优势：核心课保持完整，通常叠加地方产业、行业场景、实验项目和专业方向模块；样例：福建农林大学、山东农业大学、河北农业大学、内蒙古农业大学、重庆师范大学,山东农业工程学院,普通应用/职业供给：更强调生产实训、田间/养殖操作、病虫害识别、经营管理，课程呈现更实训化、工具化；样例：山东农业工程学院
090504T,经济林,本科(普通),农学学士,四年,农学,林学类,大学英语、计算机应用基础、高等数学、植物学、树木学、植物生理学、土壤学、经济林栽培学、经济林育种学、经济林病虫害防治,rysxai_major_course,,北京林业大学、南京林业大学,头部/强研究型：核心课不一定换名称，但会加深数学/理论和研究训练，重点看实验设计、育种/生态前沿、田间试验、数据分析；样例：北京林业大学、南京林业大学,河南农业大学、中南林业科技大学、大连民族大学、西南林业大学,区域重点/特色优势：核心课保持完整，通常叠加地方产业、行业场景、实验项目和专业方向模块；样例：河南农业大学、中南林业科技大学、大连民族大学、西南林业大学,库内未命中,普通应用/职业供给：更强调生产实训、田间/养殖操作、病虫害识别、经营管理，课程呈现更实训化、工具化；样例：库内未命中该层次开设样例
090505T,智慧林业,本科(普通),农学学士,四年,农学,林学类,森林生态学、树木学、智慧林业导论、遥感概论、地理信息系统原理、林业大数据分析、森林物联网技术、林业遥感应用、林业资源监测信息系统、林业遥感图像处理实训,rysxai_major_course,,西北农林科技大学、东北林业大学、南京林业大学,头部/强研究型：核心课不一定换名称，但会加深数学/理论和研究训练，重点看实验设计、育种/生态前沿、田间试验、数据分析；样例：西北农林科技大学、东北林业大学、南京林业大学,福建农林大学、河南农业大学、吉林农业大学、江西农业大学、内蒙古农业大学,区域重点/特色优势：核心课保持完整，通常叠加地方产业、行业场景、实验项目和专业方向模块；样例：福建农林大学、河南农业大学、吉林农业大学、江西农业大学、内蒙古农业大学,信阳农林学院、山东农业工程学院,普通应用/职业供给：更强调生产实训、田间/养殖操作、病虫害识别、经营管理，课程呈现更实训化、工具化；样例：信阳农林学院、山东农业工程学院
090601,水产养殖学,本科(普通),农学学士,四年,农学,水产类,水产养殖概论、鱼类学、水生生物学实验、养殖水化学实验、水产微生物学、水产动物环境生理学、生物饵料培养、水产动物育种学、鱼类增养殖学、池塘养殖学,rysxai_major_course,,中国农业大学、中国海洋大学、西北农林科技大学、华中农业大学、南京农业大学,头部/强研究型：核心课不一定换名称，但会加深数学/理论和研究训练，重点看实验设计、育种/生态前沿、田间试验、数据分析；样例：中国农业大学、中国海洋大学、西北农林科技大学、华中农业大学、南京农业大学,福建农林大学、安徽农业大学、河南农业大学、沈阳农业大学、集美大学,区域重点/特色优势：核心课保持完整，通常叠加地方产业、行业场景、实验项目和专业方向模块；样例：福建农林大学、安徽农业大学、河南农业大学、沈阳农业大学、集美大学,淮南师范学院、信阳农林学院、河南牧业经济学院、湖南应用技术学院,普通应用/职业供给：更强调生产实训、田间/养殖操作、病虫害识别、经营管理，课程呈现更实训化、工具化；样例：淮南师范学院、信阳农林学院、河南牧业经济学院、湖南应用技术学院
090602,海洋渔业科学与技术,本科(普通),农学学士,四年,农学,水产类,大学英语、高等数学、计算机应用基础、鱼类学、海洋生物学、渔业资源学、渔业捕捞学、渔业资源评估、海洋牧场工程、海洋渔业调查实习,rysxai_major_course,,中国海洋大学、海南大学、上海海洋大学,头部/强研究型：核心课不一定换名称，但会加深数学/理论和研究训练，重点看实验设计、育种/生态前沿、田间试验、数据分析；样例：中国海洋大学、海南大学、上海海洋大学,集美大学、浙江海洋大学、大连海洋大学、广东海洋大学、天津农学院,区域重点/特色优势：核心课保持完整，通常叠加地方产业、行业场景、实验项目和专业方向模块；样例：集美大学、浙江海洋大学、大连海洋大学、广东海洋大学、天津农学院,库内未命中,普通应用/职业供给：更强调生产实训、田间/养殖操作、病虫害识别、经营管理，课程呈现更实训化、工具化；样例：库内未命中该层次开设样例
090603T,水族科学与技术,本科(普通),农学学士,四年,农学,水产类,鱼类学、植物学、植物生理学、遗传学、土壤肥料学、作物栽培学、植物保护学、种子学、农业生态学,rysxai_major_course+category_template,,华中农业大学、西南大学、西南大学(荣昌校区)、上海海洋大学,头部/强研究型：核心课不一定换名称，但会加深数学/理论和研究训练，重点看实验设计、育种/生态前沿、田间试验、数据分析；样例：华中农业大学、西南大学、西南大学(荣昌校区)、上海海洋大学,湖南农业大学、河南科技大学、青岛农业大学、浙江海洋大学、大连海洋大学,区域重点/特色优势：核心课保持完整，通常叠加地方产业、行业场景、实验项目和专业方向模块；样例：湖南农业大学、河南科技大学、青岛农业大学、浙江海洋大学、大连海洋大学,信阳农林学院、厦门海洋职业技术学院、唐山海运职业学院,普通应用/职业供给：更强调生产实训、田间/养殖操作、病虫害识别、经营管理，课程呈现更实训化、工具化；样例：信阳农林学院、厦门海洋职业技术学院、唐山海运职业学院
090604TK,水生动物医学,本科(普通),农学学士,四年,农学,水产类,水生动物解剖学、水生动物组织胚胎学、水产微生物学、水生动物病理学、水生动物药理学、水生动物传染病学、水生动物疾病诊断实训、水产药物制剂实验、水生动物疫苗制备实践、植物学,rysxai_major_course,,上海海洋大学,头部/强研究型：核心课不一定换名称，但会加深数学/理论和研究训练，重点看实验设计、育种/生态前沿、田间试验、数据分析；样例：上海海洋大学,集美大学、湖南农业大学、青岛农业大学、大连海洋大学、广东海洋大学,区域重点/特色优势：核心课保持完整，通常叠加地方产业、行业场景、实验项目和专业方向模块；样例：集美大学、湖南农业大学、青岛农业大学、大连海洋大学、广东海洋大学,威海海洋职业学院、广东生态工程职业学院、唐山海运职业学院,普通应用/职业供给：更强调生产实训、田间/养殖操作、病虫害识别、经营管理，课程呈现更实训化、工具化；样例：威海海洋职业学院、广东生态工程职业学院、唐山海运职业学院
090701,草业科学,本科(普通),农学学士,四年,农学,草学类,植物学、植物生理学、遗传学、农业气象学、土壤肥料学通论、微生物学、植物保护通论、动物营养与饲料学、牧草与饲料作物栽培学、牧草种子学,rysxai_major_course,,中国农业大学、兰州大学、西北农林科技大学、南京农业大学、北京林业大学,头部/强研究型：核心课不一定换名称，但会加深数学/理论和研究训练，重点看实验设计、育种/生态前沿、田间试验、数据分析；样例：中国农业大学、兰州大学、西北农林科技大学、南京农业大学、北京林业大学,沈阳农业大学、吉林农业大学、湖南农业大学、河北农业大学、西南民族大学,区域重点/特色优势：核心课保持完整，通常叠加地方产业、行业场景、实验项目和专业方向模块；样例：沈阳农业大学、吉林农业大学、湖南农业大学、河北农业大学、西南民族大学,库内未命中,普通应用/职业供给：更强调生产实训、田间/养殖操作、病虫害识别、经营管理，课程呈现更实训化、工具化；样例：库内未命中该层次开设样例
090702T,草坪科学与工程,本科(普通),农学学士,四年,农学,草学类,植物学、土壤学、草坪生态学、草坪建植与管理、草坪草育种学、草坪病虫害防治、草坪建植实训、草坪养护技术实验、草坪草种质资源调查、植物生理学,rysxai_major_course,,中国农业大学、南京农业大学、北京林业大学、四川农业大学,头部/强研究型：核心课不一定换名称，但会加深数学/理论和研究训练，重点看实验设计、育种/生态前沿、田间试验、数据分析；样例：中国农业大学、南京农业大学、北京林业大学、四川农业大学,青岛农业大学、甘肃农业大学、新疆农业大学,区域重点/特色优势：核心课保持完整，通常叠加地方产业、行业场景、实验项目和专业方向模块；样例：青岛农业大学、甘肃农业大学、新疆农业大学,库内未命中,普通应用/职业供给：更强调生产实训、田间/养殖操作、病虫害识别、经营管理，课程呈现更实训化、工具化；样例：库内未命中该层次开设样例
100101K,基础医学,本科(普通),医学学士,五年,医学,基础医学类,医学导论、神经生理学、神经与行为科学、现代物理及医学、人体形态学实验、医学生物化学实验、机能实验学二、现代仪器分析与应用、人体解剖学、生理学,rysxai_major_course,,北京大学、浙江大学、复旦大学、武汉大学、华中科技大学,头部/强研究型：核心课不一定换名称，但会加深数学/理论和研究训练，重点看循证医学、临床科研、规范化临床技能、病例讨论；样例：北京大学、浙江大学、复旦大学、武汉大学、华中科技大学,河北医科大学、大连医科大学、杭州师范大学、安徽医科大学、福建医科大学,区域重点/特色优势：核心课保持完整，通常叠加地方产业、行业场景、实验项目和专业方向模块；样例：河北医科大学、大连医科大学、杭州师范大学、安徽医科大学、福建医科大学,库内未命中,普通应用/职业供给：更强调基础技能、临床见习、护理/检验/影像操作规范、资格考试衔接，课程呈现更实训化、工具化；样例：库内未命中该层次开设样例
100102TK,生物医学,本科(普通),理学学士,四年,医学,基础医学类,大学英语、高等数学、大学物理、计算机应用基础、生物化学、细胞生物学、分子生物学、人体解剖学、生理学、生物医学工程基础,rysxai_major_course,,浙江大学、浙江大学医学院、香港中文大学、澳门大学、香港大学,头部/强研究型：核心课不一定换名称，但会加深数学/理论和研究训练，重点看循证医学、临床科研、规范化临床技能、病例讨论；样例：浙江大学、浙江大学医学院、香港中文大学、澳门大学、香港大学,澳门科技大学,区域重点/特色优势：核心课保持完整，通常叠加地方产业、行业场景、实验项目和专业方向模块；样例：澳门科技大学,东华学院,普通应用/职业供给：更强调基础技能、临床见习、护理/检验/影像操作规范、资格考试衔接，课程呈现更实训化、工具化；样例：东华学院
100103T,生物医学科学,本科(普通),理学学士,四年,医学,基础医学类,大学英语、计算机应用基础、高等数学、大学物理、生物化学、分子生物学、细胞生物学、人体解剖学、医学遗传学、生物医学工程基础,rysxai_major_course,,上海交通大学、哈尔滨工业大学、山东大学、吉林大学、上海交通大学医学院,头部/强研究型：核心课不一定换名称，但会加深数学/理论和研究训练，重点看循证医学、临床科研、规范化临床技能、病例讨论；样例：上海交通大学、哈尔滨工业大学、山东大学、吉林大学、上海交通大学医学院,西交利物浦大学、山东第一医科大学、汕头大学、河南医药大学、蚌埠医科大学,区域重点/特色优势：核心课保持完整，通常叠加地方产业、行业场景、实验项目和专业方向模块；样例：西交利物浦大学、山东第一医科大学、汕头大学、河南医药大学、蚌埠医科大学,库内未命中,普通应用/职业供给：更强调基础技能、临床见习、护理/检验/影像操作规范、资格考试衔接，课程呈现更实训化、工具化；样例：库内未命中该层次开设样例
100201K,临床医学,本科(普通),医学学士,五年,医学,临床医学类,化学、医用物理学、医学统计学、系统解剖学、局部解剖学、生理学、病理生理学、生物化学、病理学、病原学,rysxai_major_course,,清华大学、北京大学、浙江大学、复旦大学、南京大学,头部/强研究型：核心课不一定换名称，但会加深数学/理论和研究训练，重点看循证医学、临床科研、规范化临床技能、病例讨论；样例：清华大学、北京大学、浙江大学、复旦大学、南京大学,青岛大学、河北医科大学、昆明理工大学、大连医科大学、杭州师范大学,区域重点/特色优势：核心课保持完整，通常叠加地方产业、行业场景、实验项目和专业方向模块；样例：青岛大学、河北医科大学、昆明理工大学、大连医科大学、杭州师范大学,厦门医学院、湘南学院、南昌医学院、张家口学院、新疆第二医学院,普通应用/职业供给：更强调基础技能、临床见习、护理/检验/影像操作规范、资格考试衔接，课程呈现更实训化、工具化；样例：厦门医学院、湘南学院、南昌医学院、张家口学院、新疆第二医学院
100202TK,麻醉学,本科(普通),医学学士,五年,医学,临床医学类,麻醉解剖学、麻醉药理学、麻醉生理学、麻醉设备学、内外科、临床麻醉学、疼痛诊疗学、危重病医学、人体解剖学、生理学,rysxai_major_course,,华中科技大学、中山大学、中南大学、兰州大学、郑州大学,头部/强研究型：核心课不一定换名称，但会加深数学/理论和研究训练，重点看循证医学、临床科研、规范化临床技能、病例讨论；样例：华中科技大学、中山大学、中南大学、兰州大学、郑州大学,河北医科大学、大连医科大学、安徽医科大学、福建医科大学、山西医科大学,区域重点/特色优势：核心课保持完整，通常叠加地方产业、行业场景、实验项目和专业方向模块；样例：河北医科大学、大连医科大学、安徽医科大学、福建医科大学、山西医科大学,厦门医学院、新疆第二医学院、河北医科大学临床学院、遵义医科大学医学与科技学院、温州医科大学仁济学院,普通应用/职业供给：更强调基础技能、临床见习、护理/检验/影像操作规范、资格考试衔接，课程呈现更实训化、工具化；样例：厦门医学院、新疆第二医学院、河北医科大学临床学院、遵义医科大学医学与科技学院、温州医科大学仁济学院
100203TK,医学影像学,本科(普通),医学学士,五年,医学,临床医学类,医用物理学：学习X线、磁场等物理原理、人体解剖学、生理学、病理学、药理学、诊断学、内科学、外科学、妇产科学、儿科学,rysxai_major_course+category_template,,华中科技大学、中山大学、东南大学、华南理工大学、兰州大学,头部/强研究型：核心课不一定换名称，但会加深数学/理论和研究训练，重点看循证医学、临床科研、规范化临床技能、病例讨论；样例：华中科技大学、中山大学、东南大学、华南理工大学、兰州大学,青岛大学、河北医科大学、大连医科大学、安徽医科大学、福建医科大学,区域重点/特色优势：核心课保持完整，通常叠加地方产业、行业场景、实验项目和专业方向模块；样例：青岛大学、河北医科大学、大连医科大学、安徽医科大学、福建医科大学,湘南学院、湖南医药学院、豫北医学院、齐鲁医药学院、长沙医学院,普通应用/职业供给：更强调基础技能、临床见习、护理/检验/影像操作规范、资格考试衔接，课程呈现更实训化、工具化；样例：湘南学院、湖南医药学院、豫北医学院、齐鲁医药学院、长沙医学院
100204TK,眼视光医学,本科(普通),医学学士,五年,医学,临床医学类,大学英语、计算机应用基础、高等数学、人体解剖学、生理学、眼科学基础、眼视光学理论与方法、临床视光学、眼视光检查技术实训、配镜技术实践,rysxai_major_course,,南开大学、天津医科大学、南昌大学、南京医科大学、河南大学,头部/强研究型：核心课不一定换名称，但会加深数学/理论和研究训练，重点看循证医学、临床科研、规范化临床技能、病例讨论；样例：南开大学、天津医科大学、南昌大学、南京医科大学、河南大学,河北医科大学、大连医科大学、安徽医科大学、山东第一医科大学、徐州医科大学,区域重点/特色优势：核心课保持完整，通常叠加地方产业、行业场景、实验项目和专业方向模块；样例：河北医科大学、大连医科大学、安徽医科大学、山东第一医科大学、徐州医科大学,辽宁何氏医学院,普通应用/职业供给：更强调基础技能、临床见习、护理/检验/影像操作规范、资格考试衔接，课程呈现更实训化、工具化；样例：辽宁何氏医学院
100205TK,精神医学,本科(普通),医学学士,五年,医学,临床医学类,精神医学、人体解剖学、生理学、病理学、药理学、诊断学、内科学、外科学、妇产科学、儿科学,rysxai_major_course+category_template,,中南大学、南京医科大学、广州医科大学、首都医科大学、南方医科大学,头部/强研究型：核心课不一定换名称，但会加深数学/理论和研究训练，重点看循证医学、临床科研、规范化临床技能、病例讨论；样例：中南大学、南京医科大学、广州医科大学、首都医科大学、南方医科大学,河北医科大学、大连医科大学、安徽医科大学、山西医科大学、山东第一医科大学,区域重点/特色优势：核心课保持完整，通常叠加地方产业、行业场景、实验项目和专业方向模块；样例：河北医科大学、大连医科大学、安徽医科大学、山西医科大学、山东第一医科大学,厦门医学院,普通应用/职业供给：更强调基础技能、临床见习、护理/检验/影像操作规范、资格考试衔接，课程呈现更实训化、工具化；样例：厦门医学院
100206TK,放射医学,本科(普通),医学学士,五年,医学,临床医学类,核辐射物理学、放射生物学、辐射剂量学、遗传毒理学、放射治疗学、肿瘤学、核药学、核医学仪器、临床核医学、实验核医学,rysxai_major_course,,吉林大学、苏州大学、南京医科大学、温州医科大学,头部/强研究型：核心课不一定换名称，但会加深数学/理论和研究训练，重点看循证医学、临床科研、规范化临床技能、病例讨论；样例：吉林大学、苏州大学、南京医科大学、温州医科大学,安徽医科大学、福建医科大学、山东第一医科大学、河南科技大学、河南医药大学,区域重点/特色优势：核心课保持完整，通常叠加地方产业、行业场景、实验项目和专业方向模块；样例：安徽医科大学、福建医科大学、山东第一医科大学、河南科技大学、河南医药大学,库内未命中,普通应用/职业供给：更强调基础技能、临床见习、护理/检验/影像操作规范、资格考试衔接，课程呈现更实训化、工具化；样例：库内未命中该层次开设样例
100207TK,儿科学,本科(普通),医学学士,五年,医学,临床医学类,人体解剖学、生理学、病理学、儿科学总论、小儿内科学、儿童保健学、儿科临床见习、儿科病历书写实训、药理学、诊断学,rysxai_major_course,,华中科技大学、兰州大学、上海交通大学医学院、郑州大学、苏州大学,头部/强研究型：核心课不一定换名称，但会加深数学/理论和研究训练，重点看循证医学、临床科研、规范化临床技能、病例讨论；样例：华中科技大学、兰州大学、上海交通大学医学院、郑州大学、苏州大学,河北医科大学、安徽医科大学、浙江中医药大学、山西医科大学、南通大学,区域重点/特色优势：核心课保持完整，通常叠加地方产业、行业场景、实验项目和专业方向模块；样例：河北医科大学、安徽医科大学、浙江中医药大学、山西医科大学、南通大学,甘肃医学院,普通应用/职业供给：更强调基础技能、临床见习、护理/检验/影像操作规范、资格考试衔接，课程呈现更实训化、工具化；样例：甘肃医学院
100301K,口腔医学,本科(普通),医学学士,五年,医学,口腔医学类,口腔解剖生理学、口腔组织病理学、口腔生物学、口腔材料学、口腔设备学、口腔临床药物学、口腔微生物学、牙体牙髓病学、牙周病学、口腔颌面外科学,rysxai_major_course,,北京大学、浙江大学、复旦大学、南京大学、武汉大学,头部/强研究型：核心课不一定换名称，但会加深数学/理论和研究训练，重点看循证医学、临床科研、规范化临床技能、病例讨论；样例：北京大学、浙江大学、复旦大学、南京大学、武汉大学,青岛大学、河北医科大学、大连医科大学、杭州师范大学、安徽医科大学,区域重点/特色优势：核心课保持完整，通常叠加地方产业、行业场景、实验项目和专业方向模块；样例：青岛大学、河北医科大学、大连医科大学、杭州师范大学、安徽医科大学,厦门医学院、湘南学院、南昌医学院、张家口学院、新疆第二医学院,普通应用/职业供给：更强调基础技能、临床见习、护理/检验/影像操作规范、资格考试衔接，课程呈现更实训化、工具化；样例：厦门医学院、湘南学院、南昌医学院、张家口学院、新疆第二医学院
100401K,预防医学,本科(普通),医学学士,五年,医学,公共卫生与预防医学类,医学高等数学、医学物理学、化学、分析化学与仪器分析、医学通识英语、系统解剖学、组织学与胚胎学、生理学、生物化学、细胞生物学,rysxai_major_course,,北京大学、浙江大学、复旦大学、武汉大学、华中科技大学,头部/强研究型：核心课不一定换名称，但会加深数学/理论和研究训练，重点看循证医学、临床科研、规范化临床技能、病例讨论；样例：北京大学、浙江大学、复旦大学、武汉大学、华中科技大学,青岛大学、河北医科大学、大连医科大学、杭州师范大学、安徽医科大学,区域重点/特色优势：核心课保持完整，通常叠加地方产业、行业场景、实验项目和专业方向模块；样例：青岛大学、河北医科大学、大连医科大学、杭州师范大学、安徽医科大学,厦门医学院、湘南学院、南昌医学院、新疆第二医学院、湖南医药学院,普通应用/职业供给：更强调基础技能、临床见习、护理/检验/影像操作规范、资格考试衔接，课程呈现更实训化、工具化；样例：厦门医学院、湘南学院、南昌医学院、新疆第二医学院、湖南医药学院
100402,食品卫生与营养学,本科(普通),理学学士,四年,医学,公共卫生与预防医学类,化学、流行病学、卫生统计学、环境卫生学、职业卫生与职业医学、营养与食品卫生学、卫生毒理学、社会医学、公共卫生实践,rysxai_major_course+category_template,,四川大学、上海交通大学医学院、上海中医药大学、广州医科大学、南京中医药大学,头部/强研究型：核心课不一定换名称，但会加深数学/理论和研究训练，重点看循证医学、临床科研、规范化临床技能、病例讨论；样例：四川大学、上海交通大学医学院、上海中医药大学、广州医科大学、南京中医药大学,河北医科大学、福建农林大学、安徽医科大学、浙江中医药大学、安徽农业大学,区域重点/特色优势：核心课保持完整，通常叠加地方产业、行业场景、实验项目和专业方向模块；样例：河北医科大学、福建农林大学、安徽医科大学、浙江中医药大学、安徽农业大学,新疆理工学院、湖南医药学院、蚌埠学院、肇庆医学院、遵义医科大学医学与科技学院,普通应用/职业供给：更强调基础技能、临床见习、护理/检验/影像操作规范、资格考试衔接，课程呈现更实训化、工具化；样例：新疆理工学院、湖南医药学院、蚌埠学院、肇庆医学院、遵义医科大学医学与科技学院
100403TK,妇幼保健医学,本科(普通),医学学士,五年,医学,公共卫生与预防医学类,人体解剖学、生理学、病理学、预防医学、妇女保健学、儿童保健学、妇幼卫生管理学、妇幼营养学、妇幼心理学、妇幼保健机构实习,rysxai_major_course,,库内未命中,头部/强研究型：核心课不一定换名称，但会加深数学/理论和研究训练，重点看循证医学、临床科研、规范化临床技能、病例讨论；样例：库内未命中该层次开设样例,河北医科大学、安徽医科大学、广西医科大学、贵州医科大学,区域重点/特色优势：核心课保持完整，通常叠加地方产业、行业场景、实验项目和专业方向模块；样例：河北医科大学、安徽医科大学、广西医科大学、贵州医科大学,长沙医学院,普通应用/职业供给：更强调基础技能、临床见习、护理/检验/影像操作规范、资格考试衔接，课程呈现更实训化、工具化；样例：长沙医学院
100404TK,卫生监督,本科(普通),医学学士,五年,医学,公共卫生与预防医学类,大学英语、计算机应用基础、高等数学、流行病学、卫生统计学、环境卫生学、职业卫生与职业医学、营养与食品卫生学、卫生毒理学、卫生监督学,rysxai_major_course,,哈尔滨医科大学,头部/强研究型：核心课不一定换名称，但会加深数学/理论和研究训练，重点看循证医学、临床科研、规范化临床技能、病例讨论；样例：哈尔滨医科大学,安徽医科大学,区域重点/特色优势：核心课保持完整，通常叠加地方产业、行业场景、实验项目和专业方向模块；样例：安徽医科大学,库内未命中,普通应用/职业供给：更强调基础技能、临床见习、护理/检验/影像操作规范、资格考试衔接，课程呈现更实训化、工具化；样例：库内未命中该层次开设样例
100405TK,全球健康学,本科(普通),理学学士,四年,医学,公共卫生与预防医学类,全球健康概论、流行病学、卫生统计学、全球卫生政策、全球疾病控制、国际卫生合作、全球健康实地调研、公共卫生应急演练、国际健康项目管理实训、环境卫生学,rysxai_major_course,,武汉大学,头部/强研究型：核心课不一定换名称，但会加深数学/理论和研究训练，重点看循证医学、临床科研、规范化临床技能、病例讨论；样例：武汉大学,库内未命中,区域重点/特色优势：核心课保持完整，通常叠加地方产业、行业场景、实验项目和专业方向模块；样例：库内未命中该层次开设样例,库内未命中,普通应用/职业供给：更强调基础技能、临床见习、护理/检验/影像操作规范、资格考试衔接，课程呈现更实训化、工具化；样例：库内未命中该层次开设样例
100406T,运动与公共健康,本科(普通),理学学士,四年,医学,公共卫生与预防医学类,运动解剖学、运动生理学、公共卫生学、流行病学、运动与健康促进、社区公共健康管理、运动干预与慢性病防控、运动健康测评实训、社区健康促进项目实践、慢性病运动干预方案设计,rysxai_major_course,,上海体育大学,头部/强研究型：核心课不一定换名称，但会加深数学/理论和研究训练，重点看循证医学、临床科研、规范化临床技能、病例讨论；样例：上海体育大学,库内未命中,区域重点/特色优势：核心课保持完整，通常叠加地方产业、行业场景、实验项目和专业方向模块；样例：库内未命中该层次开设样例,昆明医科大学海源学院,普通应用/职业供给：更强调基础技能、临床见习、护理/检验/影像操作规范、资格考试衔接，课程呈现更实训化、工具化；样例：昆明医科大学海源学院
100501K,中医学,本科(普通),医学学士,五年,医学,中医学类,中医基础理论、中医诊断学、中药学、方剂学、医古文、黄帝内经、伤寒论、金匮要略、温病学、难经,rysxai_major_course,,厦门大学、暨南大学、北京中医药大学、石河子大学、延边大学,头部/强研究型：核心课不一定换名称，但会加深数学/理论和研究训练，重点看循证医学、临床科研、规范化临床技能、病例讨论；样例：厦门大学、暨南大学、北京中医药大学、石河子大学、延边大学,浙江中医药大学、河北大学、山东中医药大学、湖南中医药大学、三峡大学,区域重点/特色优势：核心课保持完整，通常叠加地方产业、行业场景、实验项目和专业方向模块；样例：浙江中医药大学、河北大学、山东中医药大学、湖南中医药大学、三峡大学,南昌医学院、南阳理工学院、湖南医药学院、肇庆医学院、广西中医药大学赛恩斯新医药学院,普通应用/职业供给：更强调基础技能、临床见习、护理/检验/影像操作规范、资格考试衔接，课程呈现更实训化、工具化；样例：南昌医学院、南阳理工学院、湖南医药学院、肇庆医学院、广西中医药大学赛恩斯新医药学院
100502K,针灸推拿学,本科(普通),医学学士,五年,医学,中医学类,中医基础理论、经络腧穴学、医古文、中医经典导读、刺法灸法理论与实践、实验针灸学、推拿手法实践、按摩推拿学、推拿治疗学、中医妇科学,rysxai_major_course,,北京中医药大学、青海大学、上海中医药大学、南京中医药大学、广州中医药大学,头部/强研究型：核心课不一定换名称，但会加深数学/理论和研究训练，重点看循证医学、临床科研、规范化临床技能、病例讨论；样例：北京中医药大学、青海大学、上海中医药大学、南京中医药大学、广州中医药大学,大连医科大学、浙江中医药大学、山东中医药大学、湖南中医药大学、福建中医药大学,区域重点/特色优势：核心课保持完整，通常叠加地方产业、行业场景、实验项目和专业方向模块；样例：大连医科大学、浙江中医药大学、山东中医药大学、湖南中医药大学、福建中医药大学,湘南学院、南昌医学院、湖南医药学院、甘肃医学院、广西中医药大学赛恩斯新医药学院,普通应用/职业供给：更强调基础技能、临床见习、护理/检验/影像操作规范、资格考试衔接，课程呈现更实训化、工具化；样例：湘南学院、南昌医学院、湖南医药学院、甘肃医学院、广西中医药大学赛恩斯新医药学院
100503K,藏医学,本科(普通),医学学士,五年,医学,中医学类,藏医基础理论、藏医诊断学、藏医药物学、藏医内科学、藏医外科学、藏医妇科学、藏医临床技能实训、藏药炮制技术实践、藏医针灸推拿实训、中医基础理论,rysxai_major_course,,青海大学、成都中医药大学,头部/强研究型：核心课不一定换名称，但会加深数学/理论和研究训练，重点看循证医学、临床科研、规范化临床技能、病例讨论；样例：青海大学、成都中医药大学,西藏藏医药大学、甘肃中医药大学,区域重点/特色优势：核心课保持完整，通常叠加地方产业、行业场景、实验项目和专业方向模块；样例：西藏藏医药大学、甘肃中医药大学,甘孜职业学院、甘肃卫生职业学院,普通应用/职业供给：更强调基础技能、临床见习、护理/检验/影像操作规范、资格考试衔接，课程呈现更实训化、工具化；样例：甘孜职业学院、甘肃卫生职业学院
100504K,蒙医学,本科(普通),医学学士,五年,医学,中医学类,蒙医基础理论、蒙医诊断学、蒙药学、蒙医内科、蒙医外科、蒙医传统疗法、蒙医临床实训、蒙药炮制实习、蒙医针灸推拿实践、中医基础理论,rysxai_major_course,,库内未命中,头部/强研究型：核心课不一定换名称，但会加深数学/理论和研究训练，重点看循证医学、临床科研、规范化临床技能、病例讨论；样例：库内未命中该层次开设样例,内蒙古医科大学、内蒙古民族大学、赤峰大学,区域重点/特色优势：核心课保持完整，通常叠加地方产业、行业场景、实验项目和专业方向模块；样例：内蒙古医科大学、内蒙古民族大学、赤峰大学,乌兰察布医学高等专科学校、呼伦贝尔职业技术学院、通辽职业学院、锡林郭勒职业学院、阜新高等专科学校,普通应用/职业供给：更强调基础技能、临床见习、护理/检验/影像操作规范、资格考试衔接，课程呈现更实训化、工具化；样例：乌兰察布医学高等专科学校、呼伦贝尔职业技术学院、通辽职业学院、锡林郭勒职业学院、阜新高等专科学校
100505K,维医学,本科(普通),医学学士,五年,医学,中医学类,维医基础理论、维医诊断学、维药学、维医内科、维医外科、维医妇科、维医临床实训、维药炮制技术实践、维医针灸推拿实践、中医基础理论,rysxai_major_course,,库内未命中,头部/强研究型：核心课不一定换名称，但会加深数学/理论和研究训练，重点看循证医学、临床科研、规范化临床技能、病例讨论；样例：库内未命中该层次开设样例,新疆医科大学,区域重点/特色优势：核心课保持完整，通常叠加地方产业、行业场景、实验项目和专业方向模块；样例：新疆医科大学,新疆和田学院,普通应用/职业供给：更强调基础技能、临床见习、护理/检验/影像操作规范、资格考试衔接，课程呈现更实训化、工具化；样例：新疆和田学院
100506K,壮医学,本科(普通),医学学士,五年,医学,中医学类,大学英语、计算机应用基础、高等数学、壮医基础理论、中医基础理论、人体解剖学、壮医诊断学、壮药基础、壮医内科学、壮医外科学,rysxai_major_course,,库内未命中,头部/强研究型：核心课不一定换名称，但会加深数学/理论和研究训练，重点看循证医学、临床科研、规范化临床技能、病例讨论；样例：库内未命中该层次开设样例,广西中医药大学,区域重点/特色优势：核心课保持完整，通常叠加地方产业、行业场景、实验项目和专业方向模块；样例：广西中医药大学,库内未命中,普通应用/职业供给：更强调基础技能、临床见习、护理/检验/影像操作规范、资格考试衔接，课程呈现更实训化、工具化；样例：库内未命中该层次开设样例
100507K,哈医学,本科(普通),医学学士,五年,医学,中医学类,哈医基础理论、人体解剖学、哈医诊断学、哈医治疗学、哈药识别与炮制实践、哈医临床实训、中医基础理论、中医诊断学、中药学、方剂学,rysxai_major_course,,库内未命中,头部/强研究型：核心课不一定换名称，但会加深数学/理论和研究训练，重点看循证医学、临床科研、规范化临床技能、病例讨论；样例：库内未命中该层次开设样例,新疆医科大学,区域重点/特色优势：核心课保持完整，通常叠加地方产业、行业场景、实验项目和专业方向模块；样例：新疆医科大学,库内未命中,普通应用/职业供给：更强调基础技能、临床见习、护理/检验/影像操作规范、资格考试衔接，课程呈现更实训化、工具化；样例：库内未命中该层次开设样例
100508TK,傣医学,本科(普通),医学学士,五年,医学,中医学类,傣医基础理论、人体解剖学、生理学、傣医药物学基础、傣医诊断学、傣医方剂学、傣医内科学、傣医外科学、傣医临床技能实训、傣药识别与炮制实践,rysxai_major_course,,库内未命中,头部/强研究型：核心课不一定换名称，但会加深数学/理论和研究训练，重点看循证医学、临床科研、规范化临床技能、病例讨论；样例：库内未命中该层次开设样例,云南中医药大学,区域重点/特色优势：核心课保持完整，通常叠加地方产业、行业场景、实验项目和专业方向模块；样例：云南中医药大学,滇西应用技术大学、德宏职业学院、西双版纳职业技术学院,普通应用/职业供给：更强调基础技能、临床见习、护理/检验/影像操作规范、资格考试衔接，课程呈现更实训化、工具化；样例：滇西应用技术大学、德宏职业学院、西双版纳职业技术学院
100509TK,回医学,本科(普通),医学学士,五年,医学,中医学类,回医基础理论、中医基础理论、回医经典选读、回医诊断学基础、回医方剂学、回医治疗学、回医临床实训、回药识别与炮制技术实训、回医针灸推拿实践、中医诊断学,rysxai_major_course,,库内未命中,头部/强研究型：核心课不一定换名称，但会加深数学/理论和研究训练，重点看循证医学、临床科研、规范化临床技能、病例讨论；样例：库内未命中该层次开设样例,库内未命中,区域重点/特色优势：核心课保持完整，通常叠加地方产业、行业场景、实验项目和专业方向模块；样例：库内未命中该层次开设样例,库内未命中,普通应用/职业供给：更强调基础技能、临床见习、护理/检验/影像操作规范、资格考试衔接，课程呈现更实训化、工具化；样例：库内未命中该层次开设样例
100510TK,中医康复学,本科(普通),医学学士,五年,医学,中医学类,大学英语、计算机应用基础、高等数学、中医基础理论、人体解剖学、中医诊断学、中医康复治疗学、康复功能评定学、针灸推拿学、运动疗法学,rysxai_major_course,,南京中医药大学、天津中医药大学、成都中医药大学,头部/强研究型：核心课不一定换名称，但会加深数学/理论和研究训练，重点看循证医学、临床科研、规范化临床技能、病例讨论；样例：南京中医药大学、天津中医药大学、成都中医药大学,大连医科大学、浙江中医药大学、山东中医药大学、湖南中医药大学、河南中医药大学,区域重点/特色优势：核心课保持完整，通常叠加地方产业、行业场景、实验项目和专业方向模块；样例：大连医科大学、浙江中医药大学、山东中医药大学、湖南中医药大学、河南中医药大学,库内未命中,普通应用/职业供给：更强调基础技能、临床见习、护理/检验/影像操作规范、资格考试衔接，课程呈现更实训化、工具化；样例：库内未命中该层次开设样例
100511TK,中医养生学,本科(普通),医学学士,五年,医学,中医学类,中医基础理论、中医诊断学、中药学、方剂学、中医养生学、中医食疗学、中医情志养生、中医运动养生、中医养生技术实训、食疗配方设计实践,rysxai_major_course,,南京中医药大学、广州中医药大学、天津中医药大学、成都中医药大学,头部/强研究型：核心课不一定换名称，但会加深数学/理论和研究训练，重点看循证医学、临床科研、规范化临床技能、病例讨论；样例：南京中医药大学、广州中医药大学、天津中医药大学、成都中医药大学,山东中医药大学、湖南中医药大学、河南中医药大学、辽宁中医药大学、江西中医药大学,区域重点/特色优势：核心课保持完整，通常叠加地方产业、行业场景、实验项目和专业方向模块；样例：山东中医药大学、湖南中医药大学、河南中医药大学、辽宁中医药大学、江西中医药大学,库内未命中,普通应用/职业供给：更强调基础技能、临床见习、护理/检验/影像操作规范、资格考试衔接，课程呈现更实训化、工具化；样例：库内未命中该层次开设样例
100512TK,中医儿科学,本科(普通),医学学士,五年,医学,中医学类,中医基础理论、中药学、方剂学、疾病诊疗、推拿技术及儿童保健、中医儿科学、儿科推拿学、儿童保健学、儿科临床见习、儿科推拿实训,rysxai_major_course,,库内未命中,头部/强研究型：核心课不一定换名称，但会加深数学/理论和研究训练，重点看循证医学、临床科研、规范化临床技能、病例讨论；样例：库内未命中该层次开设样例,湖南中医药大学、河南中医药大学、长春中医药大学、陕西中医药大学、河北中医药大学,区域重点/特色优势：核心课保持完整，通常叠加地方产业、行业场景、实验项目和专业方向模块；样例：湖南中医药大学、河南中医药大学、长春中医药大学、陕西中医药大学、河北中医药大学,库内未命中,普通应用/职业供给：更强调基础技能、临床见习、护理/检验/影像操作规范、资格考试衔接，课程呈现更实训化、工具化；样例：库内未命中该层次开设样例
100513TK,中医骨伤科学,本科(普通),医学学士,五年,医学,中医学类,中医基础理论、中医诊断学、人体解剖学、中药学、方剂学、中医骨伤科学基础、中医正骨学、中医筋伤学、中医骨病学、创伤急救学,rysxai_major_course,,北京中医药大学、广州中医药大学、天津中医药大学、成都中医药大学,头部/强研究型：核心课不一定换名称，但会加深数学/理论和研究训练，重点看循证医学、临床科研、规范化临床技能、病例讨论；样例：北京中医药大学、广州中医药大学、天津中医药大学、成都中医药大学,浙江中医药大学、山东中医药大学、湖南中医药大学、福建中医药大学、河南中医药大学,区域重点/特色优势：核心课保持完整，通常叠加地方产业、行业场景、实验项目和专业方向模块；样例：浙江中医药大学、山东中医药大学、湖南中医药大学、福建中医药大学、河南中医药大学,库内未命中,普通应用/职业供给：更强调基础技能、临床见习、护理/检验/影像操作规范、资格考试衔接，课程呈现更实训化、工具化；样例：库内未命中该层次开设样例
100601K,中西医临床医学,本科(普通),医学学士,五年,医学,中西医结合类,中西医结合导论、中医基础理论、正常人体形态学、人体机能学、生理学、生物化学、病理学、免疫学基础与病原微生物、中医诊断学、方剂学,rysxai_major_course,,华中科技大学、北京中医药大学、上海中医药大学、广州医科大学、南京中医药大学,头部/强研究型：核心课不一定换名称，但会加深数学/理论和研究训练，重点看循证医学、临床科研、规范化临床技能、病例讨论；样例：华中科技大学、北京中医药大学、上海中医药大学、广州医科大学、南京中医药大学,河北医科大学、大连医科大学、浙江中医药大学、山东中医药大学、湖南中医药大学,区域重点/特色优势：核心课保持完整，通常叠加地方产业、行业场景、实验项目和专业方向模块；样例：河北医科大学、大连医科大学、浙江中医药大学、山东中医药大学、湖南中医药大学,南昌医学院、新疆第二医学院、河北医科大学临床学院、辽宁中医药大学杏林学院、贵州中医药大学时珍学院,普通应用/职业供给：更强调基础技能、临床见习、护理/检验/影像操作规范、资格考试衔接，课程呈现更实训化、工具化；样例：南昌医学院、新疆第二医学院、河北医科大学临床学院、辽宁中医药大学杏林学院、贵州中医药大学时珍学院
100701,药学,本科(普通),理学学士,四年,医学,药学类,无机化学、有机化学、物理化学、生物化学、解剖生理学、免疫学基础、病原生物学与免疫学实验、病理生理学基础、药用植物学与生药学、流行病学基础,rysxai_major_course,,北京大学、浙江大学、上海交通大学、复旦大学、武汉大学,头部/强研究型：核心课不一定换名称，但会加深数学/理论和研究训练，重点看循证医学、临床科研、规范化临床技能、病例讨论；样例：北京大学、浙江大学、上海交通大学、复旦大学、武汉大学,西交利物浦大学、青岛大学、河北医科大学、大连医科大学、杭州师范大学,区域重点/特色优势：核心课保持完整，通常叠加地方产业、行业场景、实验项目和专业方向模块；样例：西交利物浦大学、青岛大学、河北医科大学、大连医科大学、杭州师范大学,厦门医学院、周口师范学院、湘南学院、许昌学院、南昌医学院,普通应用/职业供给：更强调基础技能、临床见习、护理/检验/影像操作规范、资格考试衔接，课程呈现更实训化、工具化；样例：厦门医学院、周口师范学院、湘南学院、许昌学院、南昌医学院
100702,药物制剂,本科(普通),理学学士,四年,医学,药学类,解剖生理学、无机化学、分析化学、生物化学、药理学、药物化学、药代动力学、药剂学、药物制剂、工业药剂学,rysxai_major_course,,华东理工大学、郑州大学、天津医科大学、中国药科大学、四川农业大学,头部/强研究型：核心课不一定换名称，但会加深数学/理论和研究训练，重点看循证医学、临床科研、规范化临床技能、病例讨论；样例：华东理工大学、郑州大学、天津医科大学、中国药科大学、四川农业大学,河北医科大学、安徽医科大学、河北大学、山西医科大学、陕西科技大学,区域重点/特色优势：核心课保持完整，通常叠加地方产业、行业场景、实验项目和专业方向模块；样例：河北医科大学、安徽医科大学、河北大学、山西医科大学、陕西科技大学,通化师范学院、吉林农业科技学院、亳州学院、广西中医药大学赛恩斯新医药学院、豫北医学院,普通应用/职业供给：更强调基础技能、临床见习、护理/检验/影像操作规范、资格考试衔接，课程呈现更实训化、工具化；样例：通化师范学院、吉林农业科技学院、亳州学院、广西中医药大学赛恩斯新医药学院、豫北医学院
100703TK,临床药学,本科(普通),理学学士,五年，四年,医学,药学类,临床药学导论、系统解剖学、人体解剖学、生理学、病理生理学、外科学、有机化学、无机化学、分析化学、仪器分析,rysxai_major_course,,上海交通大学、华中科技大学、西安交通大学、四川大学、山东大学,头部/强研究型：核心课不一定换名称，但会加深数学/理论和研究训练，重点看循证医学、临床科研、规范化临床技能、病例讨论；样例：上海交通大学、华中科技大学、西安交通大学、四川大学、山东大学,河北医科大学、大连医科大学、安徽医科大学、福建医科大学、浙江中医药大学,区域重点/特色优势：核心课保持完整，通常叠加地方产业、行业场景、实验项目和专业方向模块；样例：河北医科大学、大连医科大学、安徽医科大学、福建医科大学、浙江中医药大学,湘南学院,普通应用/职业供给：更强调基础技能、临床见习、护理/检验/影像操作规范、资格考试衔接，课程呈现更实训化、工具化；样例：湘南学院
100704T,药事管理,本科(普通),理学学士,四年,医学,药学类,药学概论、管理学原理、法学基础、药事管理学、药品注册管理、药品质量管理、药事管理模拟实训、药品注册流程实践、医药企业实习、药物化学,rysxai_major_course,,北京中医药大学、中国药科大学、南京中医药大学,头部/强研究型：核心课不一定换名称，但会加深数学/理论和研究训练，重点看循证医学、临床科研、规范化临床技能、病例讨论；样例：北京中医药大学、中国药科大学、南京中医药大学,沈阳药科大学、湖北中医药大学、长春中医药大学、贵州医科大学、山西中医药大学,区域重点/特色优势：核心课保持完整，通常叠加地方产业、行业场景、实验项目和专业方向模块；样例：沈阳药科大学、湖北中医药大学、长春中医药大学、贵州医科大学、山西中医药大学,东南大学成贤学院、大连医科大学中山学院、辽宁中医药大学杏林学院、辽宁何氏医学院、北京中医药大学东方学院,普通应用/职业供给：更强调基础技能、临床见习、护理/检验/影像操作规范、资格考试衔接，课程呈现更实训化、工具化；样例：东南大学成贤学院、大连医科大学中山学院、辽宁中医药大学杏林学院、辽宁何氏医学院、北京中医药大学东方学院
100705T,药物分析,本科(普通),理学学士,四年,医学,药学类,无机化学、药物化学、药剂学、药理学、药物分析、生药学、药事管理学、临床药学、药品质量控制,rysxai_major_course+category_template,,中国药科大学、哈尔滨医科大学,头部/强研究型：核心课不一定换名称，但会加深数学/理论和研究训练，重点看循证医学、临床科研、规范化临床技能、病例讨论；样例：中国药科大学、哈尔滨医科大学,河北医科大学、中南民族大学、沈阳药科大学、黑龙江中医药大学、广东医科大学,区域重点/特色优势：核心课保持完整，通常叠加地方产业、行业场景、实验项目和专业方向模块；样例：河北医科大学、中南民族大学、沈阳药科大学、黑龙江中医药大学、广东医科大学,重庆第二师范学院、亳州学院、广西民族师范学院、金华职业技术大学、珠海科技学院,普通应用/职业供给：更强调基础技能、临床见习、护理/检验/影像操作规范、资格考试衔接，课程呈现更实训化、工具化；样例：重庆第二师范学院、亳州学院、广西民族师范学院、金华职业技术大学、珠海科技学院
100706T,药物化学,本科(普通),理学学士,四年,医学,药学类,药物化学、药剂学、药理学、药物分析、生药学、药事管理学、临床药学、药品质量控制,category_template,rysxai课程文本未抽出课程名,南开大学、中国药科大学,头部/强研究型：核心课不一定换名称，但会加深数学/理论和研究训练，重点看循证医学、临床科研、规范化临床技能、病例讨论；样例：南开大学、中国药科大学,河北医科大学、辽宁师范大学、沈阳药科大学、上海工程技术大学、广东药科大学,区域重点/特色优势：核心课保持完整，通常叠加地方产业、行业场景、实验项目和专业方向模块；样例：河北医科大学、辽宁师范大学、沈阳药科大学、上海工程技术大学、广东药科大学,长治学院,普通应用/职业供给：更强调基础技能、临床见习、护理/检验/影像操作规范、资格考试衔接，课程呈现更实训化、工具化；样例：长治学院
100707T,海洋药学,本科(普通),理学学士,四年,医学,药学类,海洋生物学、化学、药理学基础、生物化学、微生物学、海洋药物化学、海洋天然药物学、海洋药理学、海洋生物制品学、海洋药物分析,rysxai_major_course,,中国药科大学,头部/强研究型：核心课不一定换名称，但会加深数学/理论和研究训练，重点看循证医学、临床科研、规范化临床技能、病例讨论；样例：中国药科大学,海南医科大学、广东医科大学、广东药科大学、临沂大学,区域重点/特色优势：核心课保持完整，通常叠加地方产业、行业场景、实验项目和专业方向模块；样例：海南医科大学、广东医科大学、广东药科大学、临沂大学,厦门医学院,普通应用/职业供给：更强调基础技能、临床见习、护理/检验/影像操作规范、资格考试衔接，课程呈现更实训化、工具化；样例：厦门医学院
100708T,化妆品科学与技术,本科(普通),理学学士,四年,医学,药学类,大学英语、计算机应用基础、高等数学、无机化学、有机化学、分析化学、生物化学、皮肤生理学、化妆品配方设计、化妆品原料学,rysxai_major_course,,中国药科大学,头部/强研究型：核心课不一定换名称，但会加深数学/理论和研究训练，重点看循证医学、临床科研、规范化临床技能、病例讨论；样例：中国药科大学,广东医科大学、广东药科大学、临沂大学、湖北科技学院,区域重点/特色优势：核心课保持完整，通常叠加地方产业、行业场景、实验项目和专业方向模块；样例：广东医科大学、广东药科大学、临沂大学、湖北科技学院,厦门医学院、齐鲁医药学院、广州华商学院,普通应用/职业供给：更强调基础技能、临床见习、护理/检验/影像操作规范、资格考试衔接，课程呈现更实训化、工具化；样例：厦门医学院、齐鲁医药学院、广州华商学院
100709TK,药物经济与管理,本科(普通),管理学学士,四年,医学,药学类,药理学、经济学基础、管理学原理、药物经济学、药事管理学、药品市场营销学、药物经济学案例分析实训、医药市场调研实践、药事管理法规实务、药物化学,rysxai_major_course,,中国药科大学、温州医科大学,头部/强研究型：核心课不一定换名称，但会加深数学/理论和研究训练，重点看循证医学、临床科研、规范化临床技能、病例讨论；样例：中国药科大学、温州医科大学,山东中医药大学,区域重点/特色优势：核心课保持完整，通常叠加地方产业、行业场景、实验项目和专业方向模块；样例：山东中医药大学,库内未命中,普通应用/职业供给：更强调基础技能、临床见习、护理/检验/影像操作规范、资格考试衔接，课程呈现更实训化、工具化；样例：库内未命中该层次开设样例
100801,中药学,本科(普通),理学学士,四年,医学,中药学类,中医学基础、医学概论、解剖生理学、无机化学、有机化学、物理化学、分析化学、生物化学、中药学、药用植物学,rysxai_major_course,,南京农业大学、空军军医大学、暨南大学、北京中医药大学、西北大学,头部/强研究型：核心课不一定换名称，但会加深数学/理论和研究训练，重点看循证医学、临床科研、规范化临床技能、病例讨论；样例：南京农业大学、空军军医大学、暨南大学、北京中医药大学、西北大学,河北医科大学、安徽医科大学、浙江中医药大学、河北大学、山西医科大学,区域重点/特色优势：核心课保持完整，通常叠加地方产业、行业场景、实验项目和专业方向模块；样例：河北医科大学、安徽医科大学、浙江中医药大学、河北大学、山西医科大学,厦门医学院、南昌医学院、南阳理工学院、通化师范学院、吉林农业科技学院,普通应用/职业供给：更强调基础技能、临床见习、护理/检验/影像操作规范、资格考试衔接，课程呈现更实训化、工具化；样例：厦门医学院、南昌医学院、南阳理工学院、通化师范学院、吉林农业科技学院
100802,中药资源与开发,本科(普通),理学学士,四年,医学,中药学类,中医基础理论、药用植物学、中药学、中药资源与开发、药用植物栽培学、中药药理学、药物化学、药剂学、药理学、药物分析,rysxai_major_course,,中国药科大学、南京中医药大学、华南农业大学、天津中医药大学、成都中医药大学,头部/强研究型：核心课不一定换名称，但会加深数学/理论和研究训练，重点看循证医学、临床科研、规范化临床技能、病例讨论；样例：中国药科大学、南京中医药大学、华南农业大学、天津中医药大学、成都中医药大学,福建农林大学、山东农业大学、吉林农业大学、湖南农业大学、沈阳药科大学,区域重点/特色优势：核心课保持完整，通常叠加地方产业、行业场景、实验项目和专业方向模块；样例：福建农林大学、山东农业大学、吉林农业大学、湖南农业大学、沈阳药科大学,吉林农业科技学院、信阳农林学院、山东农业工程学院、新疆科技学院、普洱学院,普通应用/职业供给：更强调基础技能、临床见习、护理/检验/影像操作规范、资格考试衔接，课程呈现更实训化、工具化；样例：吉林农业科技学院、信阳农林学院、山东农业工程学院、新疆科技学院、普洱学院
100803T,藏药学,本科(普通),理学学士,五年，四年,医学,中药学类,说明、药物化学、药剂学、药理学、药物分析、生药学、药事管理学、临床药学、药品质量控制,rysxai_major_course+category_template,,青海大学、成都中医药大学,头部/强研究型：核心课不一定换名称，但会加深数学/理论和研究训练，重点看循证医学、临床科研、规范化临床技能、病例讨论；样例：青海大学、成都中医药大学,西南民族大学、西藏藏医药大学、甘肃中医药大学、青海民族大学,区域重点/特色优势：核心课保持完整，通常叠加地方产业、行业场景、实验项目和专业方向模块；样例：西南民族大学、西藏藏医药大学、甘肃中医药大学、青海民族大学,甘孜职业学院,普通应用/职业供给：更强调基础技能、临床见习、护理/检验/影像操作规范、资格考试衔接，课程呈现更实训化、工具化；样例：甘孜职业学院
100804T,蒙药学,本科(普通),理学学士,四年,医学,中药学类,蒙医基础理论、中药学、药用植物学、有机化学、蒙药鉴定学、蒙药炮制学、蒙药制剂学、蒙药采集加工实训、蒙药制剂工艺实验、蒙医临床用药实践,rysxai_major_course,,库内未命中,头部/强研究型：核心课不一定换名称，但会加深数学/理论和研究训练，重点看循证医学、临床科研、规范化临床技能、病例讨论；样例：库内未命中该层次开设样例,内蒙古医科大学、内蒙古民族大学,区域重点/特色优势：核心课保持完整，通常叠加地方产业、行业场景、实验项目和专业方向模块；样例：内蒙古医科大学、内蒙古民族大学,呼伦贝尔职业技术学院、通辽职业学院、阜新高等专科学校,普通应用/职业供给：更强调基础技能、临床见习、护理/检验/影像操作规范、资格考试衔接，课程呈现更实训化、工具化；样例：呼伦贝尔职业技术学院、通辽职业学院、阜新高等专科学校
100805T,中药制药,本科(普通),"理学学士,工学学士",四年,医学,中药学类,解剖生理学、中医学基础、无机化学、中药化学、药物化学、药剂学、药理学、药物分析、生药学、药事管理学,rysxai_major_course+category_template,,北京中医药大学、中国药科大学、南京中医药大学、天津中医药大学、重庆医科大学,头部/强研究型：核心课不一定换名称，但会加深数学/理论和研究训练，重点看循证医学、临床科研、规范化临床技能、病例讨论；样例：北京中医药大学、中国药科大学、南京中医药大学、天津中医药大学、重庆医科大学,沈阳药科大学、河南中医药大学、辽宁中医药大学、江西中医药大学、湖北中医药大学,区域重点/特色优势：核心课保持完整，通常叠加地方产业、行业场景、实验项目和专业方向模块；样例：沈阳药科大学、河南中医药大学、辽宁中医药大学、江西中医药大学、湖北中医药大学,南昌医学院、信阳农林学院、贵阳康养职业大学、广西农业职业技术大学、浙江药科职业大学,普通应用/职业供给：更强调基础技能、临床见习、护理/检验/影像操作规范、资格考试衔接，课程呈现更实训化、工具化；样例：南昌医学院、信阳农林学院、贵阳康养职业大学、广西农业职业技术大学、浙江药科职业大学
100806T,中草药栽培与鉴定,本科(普通),理学学士,四年,医学,中药学类,药用植物学、生物化学、分析化学、中药鉴定学、中药化学、仪器分析、药物化学、药剂学、药理学、药物分析,rysxai_major_course,,四川农业大学,头部/强研究型：核心课不一定换名称，但会加深数学/理论和研究训练，重点看循证医学、临床科研、规范化临床技能、病例讨论；样例：四川农业大学,浙江中医药大学、沈阳农业大学、吉林农业大学、山东中医药大学、辽宁中医药大学,区域重点/特色优势：核心课保持完整，通常叠加地方产业、行业场景、实验项目和专业方向模块；样例：浙江中医药大学、沈阳农业大学、吉林农业大学、山东中医药大学、辽宁中医药大学,南昌医学院、吉林农业科技学院、信阳农林学院、衡水学院、北京中医药大学东方学院,普通应用/职业供给：更强调基础技能、临床见习、护理/检验/影像操作规范、资格考试衔接，课程呈现更实训化、工具化；样例：南昌医学院、吉林农业科技学院、信阳农林学院、衡水学院、北京中医药大学东方学院
100901K,法医学,本科(普通),医学学士,五年,医学,法医学类,人体解剖学、病理学、生理学、法医学概论、法医病理学、法医物证学、法医毒理学、法医临床学、法医病理学尸体解剖实训、法医物证DNA检验实验,rysxai_major_course,,复旦大学、华中科技大学、西安交通大学、中山大学、四川大学,头部/强研究型：核心课不一定换名称，但会加深数学/理论和研究训练，重点看循证医学、临床科研、规范化临床技能、病例讨论；样例：复旦大学、华中科技大学、西安交通大学、中山大学、四川大学,河北医科大学、安徽医科大学、山西医科大学、山东第一医科大学、广西医科大学,区域重点/特色优势：核心课保持完整，通常叠加地方产业、行业场景、实验项目和专业方向模块；样例：河北医科大学、安徽医科大学、山西医科大学、山东第一医科大学、广西医科大学,温州医科大学仁济学院、东华学院,普通应用/职业供给：更强调基础技能、临床见习、护理/检验/影像操作规范、资格考试衔接，课程呈现更实训化、工具化；样例：温州医科大学仁济学院、东华学院
101001,医学检验技术,本科(普通),理学学士,四年,医学,医学技术类,系统解剖学、生理学、生物化学、医学基础化学、分析化学、组织学与胚胎学、病理学、细胞生物学、临床基础检验学技术、临床血液学检验技术,rysxai_major_course,,北京大学、华中科技大学、中山大学、东南大学、四川大学,头部/强研究型：核心课不一定换名称，但会加深数学/理论和研究训练，重点看循证医学、临床科研、规范化临床技能、病例讨论；样例：北京大学、华中科技大学、中山大学、东南大学、四川大学,青岛大学、河北医科大学、大连医科大学、安徽医科大学、福建医科大学,区域重点/特色优势：核心课保持完整，通常叠加地方产业、行业场景、实验项目和专业方向模块；样例：青岛大学、河北医科大学、大连医科大学、安徽医科大学、福建医科大学,厦门医学院、湘南学院、许昌学院、南昌医学院、亳州学院,普通应用/职业供给：更强调基础技能、临床见习、护理/检验/影像操作规范、资格考试衔接，课程呈现更实训化、工具化；样例：厦门医学院、湘南学院、许昌学院、南昌医学院、亳州学院
101002,医学实验技术,本科(普通),理学学士,四年,医学,医学技术类,大学英语、计算机应用基础、高等数学、大学物理、人体解剖学、生理学、生物化学、医学微生物学、病理学、医学实验动物学,rysxai_major_course,,天津中医药大学、首都医科大学、哈尔滨医科大学、重庆医科大学,头部/强研究型：核心课不一定换名称，但会加深数学/理论和研究训练，重点看循证医学、临床科研、规范化临床技能、病例讨论；样例：天津中医药大学、首都医科大学、哈尔滨医科大学、重庆医科大学,浙江中医药大学、山西医科大学、山东第一医科大学、广西医科大学、徐州医科大学,区域重点/特色优势：核心课保持完整，通常叠加地方产业、行业场景、实验项目和专业方向模块；样例：浙江中医药大学、山西医科大学、山东第一医科大学、广西医科大学、徐州医科大学,豫北医学院、大连医科大学中山学院、齐鲁医药学院、南通大学杏林学院、南通理工学院,普通应用/职业供给：更强调基础技能、临床见习、护理/检验/影像操作规范、资格考试衔接，课程呈现更实训化、工具化；样例：豫北医学院、大连医科大学中山学院、齐鲁医药学院、南通大学杏林学院、南通理工学院
101003,医学影像技术,本科(普通),理学学士,四年,医学,医学技术类,影像解剖学、医学影像物理学、放射物理与防护、医学影像诊断学、医学影像技术、医学影像检查技术学、人体解剖生理学、临床医学概论、医学检验技术、病理检验技术,rysxai_major_course,,北京大学、四川大学、上海交通大学医学院、北京大学医学部、郑州大学,头部/强研究型：核心课不一定换名称，但会加深数学/理论和研究训练，重点看循证医学、临床科研、规范化临床技能、病例讨论；样例：北京大学、四川大学、上海交通大学医学院、北京大学医学部、郑州大学,上海理工大学、河北医科大学、大连医科大学、安徽医科大学、福建医科大学,区域重点/特色优势：核心课保持完整，通常叠加地方产业、行业场景、实验项目和专业方向模块；样例：上海理工大学、河北医科大学、大连医科大学、安徽医科大学、福建医科大学,湘南学院、南昌医学院、黄淮学院、张家口学院、新疆第二医学院,普通应用/职业供给：更强调基础技能、临床见习、护理/检验/影像操作规范、资格考试衔接，课程呈现更实训化、工具化；样例：湘南学院、南昌医学院、黄淮学院、张家口学院、新疆第二医学院
101004,眼视光学,本科(普通),理学学士,四年,医学,医学技术类,几何光学、应用光学、物理光学实验、光学材料、头面部解剖学、视觉神经生理学、眼科学基础、眼病学、视光学、视光学理论和方法,rysxai_major_course,,四川大学、天津医科大学、南京医科大学、南京中医药大学、广州中医药大学,头部/强研究型：核心课不一定换名称，但会加深数学/理论和研究训练，重点看循证医学、临床科研、规范化临床技能、病例讨论；样例：四川大学、天津医科大学、南京医科大学、南京中医药大学、广州中医药大学,大连医科大学、福建医科大学、山西医科大学、山东第一医科大学、山东中医药大学,区域重点/特色优势：核心课保持完整，通常叠加地方产业、行业场景、实验项目和专业方向模块；样例：大连医科大学、福建医科大学、山西医科大学、山东第一医科大学、山东中医药大学,厦门医学院、张家口学院、豫北医学院、天津医科大学临床医学院、齐鲁医药学院,普通应用/职业供给：更强调基础技能、临床见习、护理/检验/影像操作规范、资格考试衔接，课程呈现更实训化、工具化；样例：厦门医学院、张家口学院、豫北医学院、天津医科大学临床医学院、齐鲁医药学院
101005,康复治疗学,本科(普通),理学学士,四年,医学,医学技术类,康复治疗学、系统解剖学、功能解剖学、人体发育学、康复评定学、物理治疗学、作业治疗学、神经康复学、肌肉骨骼康复学、人体解剖生理学,rysxai_major_course,,中山大学、四川大学、同济大学、吉林大学、郑州大学,头部/强研究型：核心课不一定换名称，但会加深数学/理论和研究训练，重点看循证医学、临床科研、规范化临床技能、病例讨论；样例：中山大学、四川大学、同济大学、吉林大学、郑州大学,河北医科大学、大连医科大学、安徽医科大学、福建医科大学、浙江中医药大学,区域重点/特色优势：核心课保持完整，通常叠加地方产业、行业场景、实验项目和专业方向模块；样例：河北医科大学、大连医科大学、安徽医科大学、福建医科大学、浙江中医药大学,厦门医学院、湘南学院、南昌医学院、黄淮学院、南京特殊教育师范学院,普通应用/职业供给：更强调基础技能、临床见习、护理/检验/影像操作规范、资格考试衔接，课程呈现更实训化、工具化；样例：厦门医学院、湘南学院、南昌医学院、黄淮学院、南京特殊教育师范学院
101006,口腔医学技术,本科(普通),理学学士,四年,医学,医学技术类,大学英语、计算机应用基础、高等数学、口腔解剖生理学、口腔组织病理学、口腔材料学、口腔修复工艺学、口腔正畸工艺学、口腔种植工艺学、口腔修复工艺实训,rysxai_major_course,,四川大学、重庆医科大学,头部/强研究型：核心课不一定换名称，但会加深数学/理论和研究训练，重点看循证医学、临床科研、规范化临床技能、病例讨论；样例：四川大学、重庆医科大学,山东第一医科大学、深圳职业技术大学、山东医药大学、遵义医科大学、成都大学,区域重点/特色优势：核心课保持完整，通常叠加地方产业、行业场景、实验项目和专业方向模块；样例：山东第一医科大学、深圳职业技术大学、山东医药大学、遵义医科大学、成都大学,厦门医学院、南昌医学院、张家口学院、肇庆医学院、广西中医药大学赛恩斯新医药学院,普通应用/职业供给：更强调基础技能、临床见习、护理/检验/影像操作规范、资格考试衔接，课程呈现更实训化、工具化；样例：厦门医学院、南昌医学院、张家口学院、肇庆医学院、广西中医药大学赛恩斯新医药学院
101007,卫生检验与检疫,本科(普通),理学学士,四年,医学,医学技术类,理化检验、微生物检验、人体解剖生理学、临床医学概论、医学检验技术、医学影像技术、病理检验技术、仪器分析、质量控制、临床实训,rysxai_major_course+category_template,,四川大学、南京医科大学、成都中医药大学、首都医科大学、重庆医科大学,头部/强研究型：核心课不一定换名称，但会加深数学/理论和研究训练，重点看循证医学、临床科研、规范化临床技能、病例讨论；样例：四川大学、南京医科大学、成都中医药大学、首都医科大学、重庆医科大学,河北医科大学、大连医科大学、安徽医科大学、武汉科技大学、福建医科大学,区域重点/特色优势：核心课保持完整，通常叠加地方产业、行业场景、实验项目和专业方向模块；样例：河北医科大学、大连医科大学、安徽医科大学、武汉科技大学、福建医科大学,湘南学院、南昌医学院、新乡学院、新疆第二医学院、湖南医药学院,普通应用/职业供给：更强调基础技能、临床见习、护理/检验/影像操作规范、资格考试衔接，课程呈现更实训化、工具化；样例：湘南学院、南昌医学院、新乡学院、新疆第二医学院、湖南医药学院
101008T,听力与言语康复学,本科(普通),理学学士,五年，四年,医学,医学技术类,人体解剖学、听觉生理学、普通心理学、现代汉语、听力康复技术、言语康复技术、临床听力学、儿童言语语言障碍康复、听力检测实训、言语康复实训,rysxai_major_course,,华东师范大学、上海交通大学医学院、上海中医药大学、首都医科大学、重庆医科大学,头部/强研究型：核心课不一定换名称，但会加深数学/理论和研究训练，重点看循证医学、临床科研、规范化临床技能、病例讨论；样例：华东师范大学、上海交通大学医学院、上海中医药大学、首都医科大学、重庆医科大学,北京语言大学、浙江中医药大学、徐州医科大学、山东中医药大学、福建中医药大学,区域重点/特色优势：核心课保持完整，通常叠加地方产业、行业场景、实验项目和专业方向模块；样例：北京语言大学、浙江中医药大学、徐州医科大学、山东中医药大学、福建中医药大学,南京特殊教育师范学院、广州新华学院,普通应用/职业供给：更强调基础技能、临床见习、护理/检验/影像操作规范、资格考试衔接，课程呈现更实训化、工具化；样例：南京特殊教育师范学院、广州新华学院
101009T,康复物理治疗,本科(普通),理学学士,四年,医学,医学技术类,人体解剖学、运动生理学、康复医学导论、运动疗法技术学、物理因子治疗学、康复评定学、康复治疗技术实训、临床康复实习、人体解剖生理学、临床医学概论,rysxai_major_course,,同济大学、北京体育大学、上海中医药大学、天津中医药大学、首都医科大学,头部/强研究型：核心课不一定换名称，但会加深数学/理论和研究训练，重点看循证医学、临床科研、规范化临床技能、病例讨论；样例：同济大学、北京体育大学、上海中医药大学、天津中医药大学、首都医科大学,山东第一医科大学、山东中医药大学、福建中医药大学、河南中医药大学、昆明医科大学,区域重点/特色优势：核心课保持完整，通常叠加地方产业、行业场景、实验项目和专业方向模块；样例：山东第一医科大学、山东中医药大学、福建中医药大学、河南中医药大学、昆明医科大学,大连医科大学中山学院、东华学院、圣方济各大学,普通应用/职业供给：更强调基础技能、临床见习、护理/检验/影像操作规范、资格考试衔接，课程呈现更实训化、工具化；样例：大连医科大学中山学院、东华学院、圣方济各大学
101010T,康复作业治疗,本科(普通),理学学士,四年,医学,医学技术类,人体解剖学、生理学、康复医学导论、作业治疗评定学、作业治疗技术、儿童作业治疗、辅助技术应用实训、作业治疗临床见习、康复机构实习、人体解剖生理学,rysxai_major_course,,上海中医药大学、广州医科大学、首都医科大学,头部/强研究型：核心课不一定换名称，但会加深数学/理论和研究训练，重点看循证医学、临床科研、规范化临床技能、病例讨论；样例：上海中医药大学、广州医科大学、首都医科大学,山东中医药大学、福建中医药大学、昆明医科大学、康复大学、山东医药大学,区域重点/特色优势：核心课保持完整，通常叠加地方产业、行业场景、实验项目和专业方向模块；样例：山东中医药大学、福建中医药大学、昆明医科大学、康复大学、山东医药大学,库内未命中,普通应用/职业供给：更强调基础技能、临床见习、护理/检验/影像操作规范、资格考试衔接，课程呈现更实训化、工具化；样例：库内未命中该层次开设样例
101016TK,健康与医疗保障,本科(普通),管理学学士,四年,医学,医学技术类,公共管理学、卫生事业管理学、社会保障学、健康经济学、医疗保障政策与法规、健康保险学、医疗服务管理、医保基金监管、医保政策模拟实训、健康保险产品设计实践,rysxai_major_course,,重庆医科大学,头部/强研究型：核心课不一定换名称，但会加深数学/理论和研究训练，重点看循证医学、临床科研、规范化临床技能、病例讨论；样例：重庆医科大学,黑龙江中医药大学、陕西中医药大学,区域重点/特色优势：核心课保持完整，通常叠加地方产业、行业场景、实验项目和专业方向模块；样例：黑龙江中医药大学、陕西中医药大学,库内未命中,普通应用/职业供给：更强调基础技能、临床见习、护理/检验/影像操作规范、资格考试衔接，课程呈现更实训化、工具化；样例：库内未命中该层次开设样例
101017TK,老年医学与健康,本科(普通),管理学学士,四年,医学,医学技术类,大学英语、计算机应用基础、高等数学、人体解剖学、生理学、病理学、药理学、老年医学概论、老年护理学、老年康复学,rysxai_major_course,,南昌大学,头部/强研究型：核心课不一定换名称，但会加深数学/理论和研究训练，重点看循证医学、临床科研、规范化临床技能、病例讨论；样例：南昌大学,宁夏医科大学、昆明医科大学,区域重点/特色优势：核心课保持完整，通常叠加地方产业、行业场景、实验项目和专业方向模块；样例：宁夏医科大学、昆明医科大学,库内未命中,普通应用/职业供给：更强调基础技能、临床见习、护理/检验/影像操作规范、资格考试衔接，课程呈现更实训化、工具化；样例：库内未命中该层次开设样例
101101K,护理学,本科(普通),理学学士,四年,医学,护理学类,护理学导论、护士人文修养、医用化学、人体解剖学、组织胚胎学、生理学、病原生物学、病理学、病理生理学、药理学,rysxai_major_course,,北京大学、复旦大学、武汉大学、华中科技大学、西安交通大学,头部/强研究型：核心课不一定换名称，但会加深数学/理论和研究训练，重点看循证医学、临床科研、规范化临床技能、病例讨论；样例：北京大学、复旦大学、武汉大学、华中科技大学、西安交通大学,青岛大学、河北医科大学、昆明理工大学、大连医科大学、杭州师范大学,区域重点/特色优势：核心课保持完整，通常叠加地方产业、行业场景、实验项目和专业方向模块；样例：青岛大学、河北医科大学、昆明理工大学、大连医科大学、杭州师范大学,厦门医学院、湘南学院、许昌学院、南昌医学院、黄淮学院,普通应用/职业供给：更强调基础技能、临床见习、护理/检验/影像操作规范、资格考试衔接，课程呈现更实训化、工具化；样例：厦门医学院、湘南学院、许昌学院、南昌医学院、黄淮学院
101102TK,助产学,本科(普通),理学学士,四年,医学,护理学类,人体解剖学、生理学、病理学、助产学、妇产科护理学、妇幼保健学、助产技能实训、妇产科护理实训、新生儿护理操作实训、基础护理学,rysxai_major_course,,南京中医药大学、广州中医药大学、成都中医药大学、首都医科大学、南方医科大学,头部/强研究型：核心课不一定换名称，但会加深数学/理论和研究训练，重点看循证医学、临床科研、规范化临床技能、病例讨论；样例：南京中医药大学、广州中医药大学、成都中医药大学、首都医科大学、南方医科大学,河北医科大学、安徽医科大学、福建医科大学、浙江中医药大学、山西医科大学,区域重点/特色优势：核心课保持完整，通常叠加地方产业、行业场景、实验项目和专业方向模块；样例：河北医科大学、安徽医科大学、福建医科大学、浙江中医药大学、山西医科大学,厦门医学院、南昌医学院、黄淮学院、张家口学院、河套学院,普通应用/职业供给：更强调基础技能、临床见习、护理/检验/影像操作规范、资格考试衔接，课程呈现更实训化、工具化；样例：厦门医学院、南昌医学院、黄淮学院、张家口学院、河套学院
120101,管理科学,本科(普通),"理学学士,管理学学士",五年，四年,管理学,管理科学与工程类,系统科学概论、财务管理概论、管理运筹学、优化方法与应用、优化与建模、管理决策方法与模型、商业统计、商业预测、计算机建模与模拟、ERP软件应用,rysxai_major_course,,复旦大学、中国科学技术大学、武汉大学、国防科技大学、四川大学,头部/强研究型：核心课不一定换名称，但会加深数学/理论和研究训练，重点看战略分析、商业数据分析、案例研究、组织/运营实证；样例：复旦大学、中国科学技术大学、武汉大学、国防科技大学、四川大学,上海理工大学、深圳北理莫斯科大学、福建农林大学、南京财经大学、河南农业大学,区域重点/特色优势：核心课保持完整，通常叠加地方产业、行业场景、实验项目和专业方向模块；样例：上海理工大学、深圳北理莫斯科大学、福建农林大学、南京财经大学、河南农业大学,贵州商学院、吉利学院,普通应用/职业供给：更强调业务系统、流程操作、项目案例、职业证书，课程呈现更实训化、工具化；样例：贵州商学院、吉利学院
120102,信息管理与信息系统,本科(普通),"工学学士,管理学学士",四年,管理学,管理科学与工程类,微宏观经济学、管理学原理、经济学原理、会计学基础与电算化、统计学概论、管理统计学、组织行为学、数据库原理与应用、SQLServer数据库应用、Oracle数据库基础,rysxai_major_course,,清华大学、北京大学、浙江大学、复旦大学、南京大学,头部/强研究型：核心课不一定换名称，但会加深数学/理论和研究训练，重点看战略分析、商业数据分析、案例研究、组织/运营实证；样例：清华大学、北京大学、浙江大学、复旦大学、南京大学,江西财经大学、浙江工商大学、西交利物浦大学、山东师范大学、上海理工大学,区域重点/特色优势：核心课保持完整，通常叠加地方产业、行业场景、实验项目和专业方向模块；样例：江西财经大学、浙江工商大学、西交利物浦大学、山东师范大学、上海理工大学,厦门医学院、通化师范学院、山东青年政治学院、山东管理学院、安阳工学院,普通应用/职业供给：更强调业务系统、流程操作、项目案例、职业证书，课程呈现更实训化、工具化；样例：厦门医学院、通化师范学院、山东青年政治学院、山东管理学院、安阳工学院
120104,房地产开发与管理,本科(普通),管理学学士,四年,管理学,管理科学与工程类,房地产估价、管理学、经济学、会计学、财务管理、市场营销、组织行为学、运营管理、战略管理,rysxai_major_course+category_template,,重庆大学、上海财经大学、华中师范大学、中南财经政法大学、华南农业大学,头部/强研究型：核心课不一定换名称，但会加深数学/理论和研究训练，重点看战略分析、商业数据分析、案例研究、组织/运营实证；样例：重庆大学、上海财经大学、华中师范大学、中南财经政法大学、华南农业大学,青岛理工大学、山西财经大学、沈阳建筑大学、广东财经大学、山东建筑大学,区域重点/特色优势：核心课保持完整，通常叠加地方产业、行业场景、实验项目和专业方向模块；样例：青岛理工大学、山西财经大学、沈阳建筑大学、广东财经大学、山东建筑大学,重庆第二师范学院、河北水利电力学院、河南财政金融学院、铜陵学院、柳州工学院,普通应用/职业供给：更强调业务系统、流程操作、项目案例、职业证书，课程呈现更实训化、工具化；样例：重庆第二师范学院、河北水利电力学院、河南财政金融学院、铜陵学院、柳州工学院
120105,工程造价,本科(普通),"工学学士,管理学学士",四年,管理学,管理科学与工程类,工程造价概论、房屋建筑学、土木材料、建筑制图与识图、工程制图、工程制图与CAD、CAD技术基础、建筑工程计量与计价、工程计量与计价、建筑与装饰工程估价,rysxai_major_course,,重庆大学、西南交通大学、中南财经政法大学、华北电力大学(保定)、四川农业大学,头部/强研究型：核心课不一定换名称，但会加深数学/理论和研究训练，重点看战略分析、商业数据分析、案例研究、组织/运营实证；样例：重庆大学、西南交通大学、中南财经政法大学、华北电力大学(保定)、四川农业大学,江西财经大学、昆明理工大学、深圳职业技术大学、南京审计大学、武汉纺织大学,区域重点/特色优势：核心课保持完整，通常叠加地方产业、行业场景、实验项目和专业方向模块；样例：江西财经大学、昆明理工大学、深圳职业技术大学、南京审计大学、武汉纺织大学,洛阳理工学院、浙江水利水电学院、许昌学院、贵州理工学院、河南工程学院,普通应用/职业供给：更强调业务系统、流程操作、项目案例、职业证书，课程呈现更实训化、工具化；样例：洛阳理工学院、浙江水利水电学院、许昌学院、贵州理工学院、河南工程学院
120106TK,保密管理,本科(普通),管理学学士,四年,管理学,管理科学与工程类,信息安全概论、密码学基础、管理学原理、保密管理学、保密技术、保密法规与政策、保密检查实训、涉密信息系统安全运维实践、保密案例模拟演练、管理学,rysxai_major_course,,中山大学、天津大学、杭州电子科技大学、北京电子科技学院,头部/强研究型：核心课不一定换名称，但会加深数学/理论和研究训练，重点看战略分析、商业数据分析、案例研究、组织/运营实证；样例：中山大学、天津大学、杭州电子科技大学、北京电子科技学院,齐鲁工业大学、塔里木大学、网络空间部队信息工程大学,区域重点/特色优势：核心课保持完整，通常叠加地方产业、行业场景、实验项目和专业方向模块；样例：齐鲁工业大学、塔里木大学、网络空间部队信息工程大学,库内未命中,普通应用/职业供给：更强调业务系统、流程操作、项目案例、职业证书，课程呈现更实训化、工具化；样例：库内未命中该层次开设样例
120107T,邮政管理,本科(普通),管理学学士,四年,管理学,管理科学与工程类,邮政学概论、管理学原理、物流管理基础、邮政业务管理、邮政网络规划、邮政企业运营管理、邮政业务实训、快递运营模拟、邮政数据分析实践、管理学,rysxai_major_course,,南京邮电大学,头部/强研究型：核心课不一定换名称，但会加深数学/理论和研究训练，重点看战略分析、商业数据分析、案例研究、组织/运营实证；样例：南京邮电大学,西安邮电大学,区域重点/特色优势：核心课保持完整，通常叠加地方产业、行业场景、实验项目和专业方向模块；样例：西安邮电大学,库内未命中,普通应用/职业供给：更强调业务系统、流程操作、项目案例、职业证书，课程呈现更实训化、工具化；样例：库内未命中该层次开设样例
120108T,大数据管理与应用,本科(普通),管理学学士,四年,管理学,管理科学与工程类,高等数学、计算机应用基础、统计学、数据库原理与应用、管理学原理、Python程序设计、大数据管理、数据挖掘与商务分析、大数据可视化、企业级大数据应用,rysxai_major_course,,北京大学、上海交通大学、中国科学技术大学、武汉大学、华中科技大学,头部/强研究型：核心课不一定换名称，但会加深数学/理论和研究训练，重点看战略分析、商业数据分析、案例研究、组织/运营实证；样例：北京大学、上海交通大学、中国科学技术大学、武汉大学、华中科技大学,江西财经大学、西安理工大学、浙江理工大学、杭州师范大学、西安建筑科技大学,区域重点/特色优势：核心课保持完整，通常叠加地方产业、行业场景、实验项目和专业方向模块；样例：江西财经大学、西安理工大学、浙江理工大学、杭州师范大学、西安建筑科技大学,南阳理工学院、武汉商学院、湖南工学院、巢湖学院、四川旅游学院,普通应用/职业供给：更强调业务系统、流程操作、项目案例、职业证书，课程呈现更实训化、工具化；样例：南阳理工学院、武汉商学院、湖南工学院、巢湖学院、四川旅游学院
120109T,工程审计,本科(普通),管理学学士,四年,管理学,管理科学与工程类,大学英语、高等数学、计算机应用基础、工程力学、工程制图、工程经济学、管理学原理、审计学原理、工程审计学、建设项目审计,rysxai_major_course,,库内未命中,头部/强研究型：核心课不一定换名称，但会加深数学/理论和研究训练，重点看战略分析、商业数据分析、案例研究、组织/运营实证；样例：库内未命中该层次开设样例,江西财经大学、南京审计大学、青岛理工大学、重庆文理学院、河南城建学院,区域重点/特色优势：核心课保持完整，通常叠加地方产业、行业场景、实验项目和专业方向模块；样例：江西财经大学、南京审计大学、青岛理工大学、重庆文理学院、河南城建学院,重庆第二师范学院、新疆科技学院、郑州经贸学院、西南财经大学天府学院、郑州商学院,普通应用/职业供给：更强调业务系统、流程操作、项目案例、职业证书，课程呈现更实训化、工具化；样例：重庆第二师范学院、新疆科技学院、郑州经贸学院、西南财经大学天府学院、郑州商学院
120110T,计算金融,本科(普通),管理学学士,四年,管理学,管理科学与工程类,高等数学、概率论与数理统计、微观经济学、宏观经济学、金融工程、数值计算方法、金融计量学、算法交易、金融建模实训、量化交易策略开发,rysxai_major_course,,华中科技大学、哈尔滨工业大学、西南财经大学,头部/强研究型：核心课不一定换名称，但会加深数学/理论和研究训练，重点看战略分析、商业数据分析、案例研究、组织/运营实证；样例：华中科技大学、哈尔滨工业大学、西南财经大学,北京工商大学、烟台南山学院,区域重点/特色优势：核心课保持完整，通常叠加地方产业、行业场景、实验项目和专业方向模块；样例：北京工商大学、烟台南山学院,商丘师范学院、山东女子学院、安阳学院,普通应用/职业供给：更强调业务系统、流程操作、项目案例、职业证书，课程呈现更实训化、工具化；样例：商丘师范学院、山东女子学院、安阳学院
120111T,应急管理,本科(普通),管理学学士,四年,管理学,管理科学与工程类,应急管理概论、公共管理学、灾害学概论、风险管理、应急预案编制与管理、应急救援技术、应急决策与指挥、应急沟通与舆情管理、应急演练设计与实施、灾害现场模拟实训,rysxai_major_course,,武汉理工大学、中国地质大学(武汉)、南京师范大学、暨南大学、河海大学,头部/强研究型：核心课不一定换名称，但会加深数学/理论和研究训练，重点看战略分析、商业数据分析、案例研究、组织/运营实证；样例：武汉理工大学、中国地质大学(武汉)、南京师范大学、暨南大学、河海大学,集美大学、济南大学、南华大学、江西理工大学、山西财经大学,区域重点/特色优势：核心课保持完整，通常叠加地方产业、行业场景、实验项目和专业方向模块；样例：集美大学、济南大学、南华大学、江西理工大学、山西财经大学,渭南师范学院、齐鲁师范学院、宿迁学院、广西警察学院、忻州师范学院,普通应用/职业供给：更强调业务系统、流程操作、项目案例、职业证书，课程呈现更实训化、工具化；样例：渭南师范学院、齐鲁师范学院、宿迁学院、广西警察学院、忻州师范学院
120201K,工商管理,本科(普通),管理学学士,四年,管理学,工商管理类,大学计算机基础及实验、概率论与数理统计、经济学原理、运筹学、高级办公软件、管理学、会计学原理、财务管理、管理统计学、管理信息系统,rysxai_major_course,,北京大学、浙江大学、上海交通大学、复旦大学、南京大学,头部/强研究型：核心课不一定换名称，但会加深数学/理论和研究训练，重点看战略分析、商业数据分析、案例研究、组织/运营实证；样例：北京大学、浙江大学、上海交通大学、复旦大学、南京大学,江西财经大学、浙江工商大学、西交利物浦大学、山东师范大学、广州大学,区域重点/特色优势：核心课保持完整，通常叠加地方产业、行业场景、实验项目和专业方向模块；样例：江西财经大学、浙江工商大学、西交利物浦大学、山东师范大学、广州大学,洛阳理工学院、许昌学院、南阳理工学院、湖南工学院、太原工业学院,普通应用/职业供给：更强调业务系统、流程操作、项目案例、职业证书，课程呈现更实训化、工具化；样例：洛阳理工学院、许昌学院、南阳理工学院、湖南工学院、太原工业学院
120202,市场营销,本科(普通),管理学学士,四年,管理学,工商管理类,管理学/管理学原理、会计学、财务管理与分析、经济法/经济法教程、市场营销导论/市场营销、消费者行为学、商品学概论、贸易经济学/流通概论、企业战略管理、商业伦理学,rysxai_major_course,,北京大学、复旦大学、南京大学、武汉大学、华中科技大学,头部/强研究型：核心课不一定换名称，但会加深数学/理论和研究训练，重点看战略分析、商业数据分析、案例研究、组织/运营实证；样例：北京大学、复旦大学、南京大学、武汉大学、华中科技大学,江西财经大学、浙江工商大学、西交利物浦大学、广州大学、昆明理工大学,区域重点/特色优势：核心课保持完整，通常叠加地方产业、行业场景、实验项目和专业方向模块；样例：江西财经大学、浙江工商大学、西交利物浦大学、广州大学、昆明理工大学,洛阳理工学院、许昌学院、黄淮学院、河南工程学院、南阳理工学院,普通应用/职业供给：更强调业务系统、流程操作、项目案例、职业证书，课程呈现更实训化、工具化；样例：洛阳理工学院、许昌学院、黄淮学院、河南工程学院、南阳理工学院
120203K,会计学,本科(普通),管理学学士,四年,管理学,工商管理类,微观经济学、宏观经济学、政治经济学、管理学原理、经济数学、会计学原理、初级会计学、税法、经济法、财经法规与职业道德,rysxai_major_course,,北京大学、浙江大学、上海交通大学、复旦大学、南京大学,头部/强研究型：核心课不一定换名称，但会加深数学/理论和研究训练，重点看战略分析、商业数据分析、案例研究、组织/运营实证；样例：北京大学、浙江大学、上海交通大学、复旦大学、南京大学,江西财经大学、浙江工商大学、西交利物浦大学、山东师范大学、广州大学,区域重点/特色优势：核心课保持完整，通常叠加地方产业、行业场景、实验项目和专业方向模块；样例：江西财经大学、浙江工商大学、西交利物浦大学、山东师范大学、广州大学,洛阳理工学院、许昌学院、黄淮学院、河南工程学院、武汉商学院,普通应用/职业供给：更强调业务系统、流程操作、项目案例、职业证书，课程呈现更实训化、工具化；样例：洛阳理工学院、许昌学院、黄淮学院、河南工程学院、武汉商学院
120204,财务管理,本科(普通),管理学学士,四年,管理学,工商管理类,西方经济学、管理学原理、概率论与数理统计、会计学原理、初级财务会计、中级财务会计、成本会计、财务管理、高级财务管理、管理会计,rysxai_major_course,,复旦大学、南京大学、武汉大学、北京理工大学、四川大学,头部/强研究型：核心课不一定换名称，但会加深数学/理论和研究训练，重点看战略分析、商业数据分析、案例研究、组织/运营实证；样例：复旦大学、南京大学、武汉大学、北京理工大学、四川大学,江西财经大学、浙江工商大学、山东师范大学、昆明理工大学、首都经济贸易大学,区域重点/特色优势：核心课保持完整，通常叠加地方产业、行业场景、实验项目和专业方向模块；样例：江西财经大学、浙江工商大学、山东师范大学、昆明理工大学、首都经济贸易大学,洛阳理工学院、周口师范学院、湘南学院、江苏第二师范学院、吉林警察学院,普通应用/职业供给：更强调业务系统、流程操作、项目案例、职业证书，课程呈现更实训化、工具化；样例：洛阳理工学院、周口师范学院、湘南学院、江苏第二师范学院、吉林警察学院
120205,国际商务,本科(普通),管理学学士,四年,管理学,工商管理类,宏观经济学、中级国际经济学、数学思维与智慧开发、商务伦理学、知识产权法与合同法、财务管理、国际商务、国际商务管理学、国际商务战略、国际贸易规则与惯例,rysxai_major_course,,华中科技大学、南开大学、中央财经大学、中国政法大学、中南财经政法大学,头部/强研究型：核心课不一定换名称，但会加深数学/理论和研究训练，重点看战略分析、商业数据分析、案例研究、组织/运营实证；样例：华中科技大学、南开大学、中央财经大学、中国政法大学、中南财经政法大学,江西财经大学、浙江工商大学、西交利物浦大学、杭州师范大学、浙江中医药大学,区域重点/特色优势：核心课保持完整，通常叠加地方产业、行业场景、实验项目和专业方向模块；样例：江西财经大学、浙江工商大学、西交利物浦大学、杭州师范大学、浙江中医药大学,浙江水利水电学院、广州航海学院、南阳理工学院、武汉商学院、山东青年政治学院,普通应用/职业供给：更强调业务系统、流程操作、项目案例、职业证书，课程呈现更实训化、工具化；样例：浙江水利水电学院、广州航海学院、南阳理工学院、武汉商学院、山东青年政治学院
120206,人力资源管理,本科(普通),管理学学士,四年,管理学,工商管理类,管理学原理、微观经济学、宏观经济学、统计学、管理学、组织行为学、管理沟通、劳动经济学、现代企业制度、公司组织与管理,rysxai_major_course,,上海交通大学、武汉大学、四川大学、中国人民大学、北京师范大学,头部/强研究型：核心课不一定换名称，但会加深数学/理论和研究训练，重点看战略分析、商业数据分析、案例研究、组织/运营实证；样例：上海交通大学、武汉大学、四川大学、中国人民大学、北京师范大学,江西财经大学、浙江工商大学、西交利物浦大学、西安理工大学、浙江理工大学,区域重点/特色优势：核心课保持完整，通常叠加地方产业、行业场景、实验项目和专业方向模块；样例：江西财经大学、浙江工商大学、西交利物浦大学、西安理工大学、浙江理工大学,周口师范学院、浙江水利水电学院、湘南学院、许昌学院、河南工程学院,普通应用/职业供给：更强调业务系统、流程操作、项目案例、职业证书，课程呈现更实训化、工具化；样例：周口师范学院、浙江水利水电学院、湘南学院、许昌学院、河南工程学院
120207,审计学,本科(普通),管理学学士,四年,管理学,工商管理类,微观经济学、会计学原理、会计学、中级财务会计、高级财务会计、财务管理、商业财务与分析、经济法、银行概论、政府预算,rysxai_major_course,,北京理工大学、厦门大学、上海财经大学、西南财经大学、四川农业大学,头部/强研究型：核心课不一定换名称，但会加深数学/理论和研究训练，重点看战略分析、商业数据分析、案例研究、组织/运营实证；样例：北京理工大学、厦门大学、上海财经大学、西南财经大学、四川农业大学,浙江工商大学、南京财经大学、广东外语外贸大学、浙江财经大学、陕西科技大学,区域重点/特色优势：核心课保持完整，通常叠加地方产业、行业场景、实验项目和专业方向模块；样例：浙江工商大学、南京财经大学、广东外语外贸大学、浙江财经大学、陕西科技大学,洛阳理工学院、河南工程学院、武汉商学院、巢湖学院、山东青年政治学院,普通应用/职业供给：更强调业务系统、流程操作、项目案例、职业证书，课程呈现更实训化、工具化；样例：洛阳理工学院、河南工程学院、武汉商学院、巢湖学院、山东青年政治学院
120208,资产评估,本科(普通),管理学学士,四年,管理学,工商管理类,资产评估基础、资产评估原理、中级财务会计、建筑工程评估基础、机电设备评估基础、房地产评估、无形资产评估、金融资产评估、资产评估案例、投资估价,rysxai_major_course,,中央财经大学、东北财经大学,头部/强研究型：核心课不一定换名称，但会加深数学/理论和研究训练，重点看战略分析、商业数据分析、案例研究、组织/运营实证；样例：中央财经大学、东北财经大学,江西财经大学、首都经济贸易大学、南京财经大学、浙江财经大学、上海对外经贸大学,区域重点/特色优势：核心课保持完整，通常叠加地方产业、行业场景、实验项目和专业方向模块；样例：江西财经大学、首都经济贸易大学、南京财经大学、浙江财经大学、上海对外经贸大学,山东青年政治学院、山东管理学院、兰州文理学院、吉林工商学院、哈尔滨金融学院,普通应用/职业供给：更强调业务系统、流程操作、项目案例、职业证书，课程呈现更实训化、工具化；样例：山东青年政治学院、山东管理学院、兰州文理学院、吉林工商学院、哈尔滨金融学院
120209,物业管理,本科(普通),管理学学士,四年,管理学,工商管理类,城市管理学、物业管理经济学、物业管理社会学、房地产产权与产籍管理、物业管理实务、物业管理法规制度与政策、现代物业管理、物业管理发展战略、物业环境管理、社区物业管理与服务,rysxai_major_course,,北京林业大学,头部/强研究型：核心课不一定换名称，但会加深数学/理论和研究训练，重点看战略分析、商业数据分析、案例研究、组织/运营实证；样例：北京林业大学,长沙学院、沈阳工程学院、佳木斯大学、福建江夏学院、石家庄学院,区域重点/特色优势：核心课保持完整，通常叠加地方产业、行业场景、实验项目和专业方向模块；样例：长沙学院、沈阳工程学院、佳木斯大学、福建江夏学院、石家庄学院,通化师范学院、山东青年政治学院、新乡学院、吕梁学院、四川文理学院,普通应用/职业供给：更强调业务系统、流程操作、项目案例、职业证书，课程呈现更实训化、工具化；样例：通化师范学院、山东青年政治学院、新乡学院、吕梁学院、四川文理学院
120210,文化产业管理,本科(普通),"管理学学士,艺术学学士",四年,管理学,工商管理类,文化产业管理概论、文化学概论、管理学原理、经济学概论、传播学教程、文化资源学、中外文化史、艺术学基础、文化市场营销学、文化产业政策与法规,rysxai_major_course,,北京大学、上海交通大学、同济大学、中国海洋大学、中央财经大学,头部/强研究型：核心课不一定换名称，但会加深数学/理论和研究训练，重点看战略分析、商业数据分析、案例研究、组织/运营实证；样例：北京大学、上海交通大学、同济大学、中国海洋大学、中央财经大学,浙江工商大学、北京电影学院、西安建筑科技大学、福建农林大学、江西师范大学,区域重点/特色优势：核心课保持完整，通常叠加地方产业、行业场景、实验项目和专业方向模块；样例：浙江工商大学、北京电影学院、西安建筑科技大学、福建农林大学、江西师范大学,商丘师范学院、济宁学院、黄山学院、四川旅游学院、河北民族师范学院,普通应用/职业供给：更强调业务系统、流程操作、项目案例、职业证书，课程呈现更实训化、工具化；样例：商丘师范学院、济宁学院、黄山学院、四川旅游学院、河北民族师范学院
120211T,劳动关系,本科(普通),管理学学士,四年,管理学,工商管理类,劳动关系导论、工会组织与管理、劳动合同制度与管理、劳动争议处理、劳动关系管理、集体合同与集体谈判、国际劳工标准、劳工政策、劳动关系协调实验、就业理论与实务,rysxai_major_course,,中国人民大学、中南财经政法大学、西南政法大学,头部/强研究型：核心课不一定换名称，但会加深数学/理论和研究训练，重点看战略分析、商业数据分析、案例研究、组织/运营实证；样例：中国人民大学、中南财经政法大学、西南政法大学,首都经济贸易大学、中国劳动关系学院,区域重点/特色优势：核心课保持完整，通常叠加地方产业、行业场景、实验项目和专业方向模块；样例：首都经济贸易大学、中国劳动关系学院,山东管理学院、蚌埠工商学院,普通应用/职业供给：更强调业务系统、流程操作、项目案例、职业证书，课程呈现更实训化、工具化；样例：山东管理学院、蚌埠工商学院
120212T,体育经济与管理,本科(普通),管理学学士,四年,管理学,工商管理类,大学英语、高等数学、计算机应用基础、体育经济学、管理学原理、微观经济学、体育赛事管理、体育市场营销、体育产业经济学、体育赛事策划实训,rysxai_major_course,,中央财经大学、北京体育大学、上海体育大学,头部/强研究型：核心课不一定换名称，但会加深数学/理论和研究训练，重点看战略分析、商业数据分析、案例研究、组织/运营实证；样例：中央财经大学、北京体育大学、上海体育大学,山东财经大学、山西财经大学、河南财经政法大学、首都体育学院、湖北经济学院,区域重点/特色优势：核心课保持完整，通常叠加地方产业、行业场景、实验项目和专业方向模块；样例：山东财经大学、山西财经大学、河南财经政法大学、首都体育学院、湖北经济学院,武汉商学院、保定学院、哈尔滨金融学院、河北体育学院、滇西应用技术大学,普通应用/职业供给：更强调业务系统、流程操作、项目案例、职业证书，课程呈现更实训化、工具化；样例：武汉商学院、保定学院、哈尔滨金融学院、河北体育学院、滇西应用技术大学
120213T,财务会计教育,本科(普通),管理学学士,四年,管理学,工商管理类,高等数学、经济数学、会计学原理、会计学、实用会计学、社会经济统计、中级财务会计实务、管理会计实务、企业财务管理实务、税收会计,rysxai_major_course,,华中师范大学,头部/强研究型：核心课不一定换名称，但会加深数学/理论和研究训练，重点看战略分析、商业数据分析、案例研究、组织/运营实证；样例：华中师范大学,广东技术师范大学、天津职业技术师范大学、岭南师范学院、河北科技师范学院、宁德师范学院,区域重点/特色优势：核心课保持完整，通常叠加地方产业、行业场景、实验项目和专业方向模块；样例：广东技术师范大学、天津职业技术师范大学、岭南师范学院、河北科技师范学院、宁德师范学院,重庆第二师范学院、广西职业师范学院、阿坝师范学院、中原科技学院、南昌应用技术师范学院,普通应用/职业供给：更强调业务系统、流程操作、项目案例、职业证书，课程呈现更实训化、工具化；样例：重庆第二师范学院、广西职业师范学院、阿坝师范学院、中原科技学院、南昌应用技术师范学院
120214T,市场营销教育,本科(普通),管理学学士,四年,管理学,工商管理类,会计学基础、管理学、经济学、会计学、财务管理、市场营销、组织行为学、运营管理、战略管理,rysxai_major_course+category_template,,库内未命中,头部/强研究型：核心课不一定换名称，但会加深数学/理论和研究训练，重点看战略分析、商业数据分析、案例研究、组织/运营实证；样例：库内未命中该层次开设样例,库内未命中,区域重点/特色优势：核心课保持完整，通常叠加地方产业、行业场景、实验项目和专业方向模块；样例：库内未命中该层次开设样例,广西职业师范学院,普通应用/职业供给：更强调业务系统、流程操作、项目案例、职业证书，课程呈现更实训化、工具化；样例：广西职业师范学院
120215T,零售业管理,本科(普通),管理学学士,四年,管理学,工商管理类,大学英语、计算机应用基础、高等数学、管理学原理、市场营销学、微观经济学、宏观经济学、统计学、零售学、零售运营管理,rysxai_major_course,,库内未命中,头部/强研究型：核心课不一定换名称，但会加深数学/理论和研究训练，重点看战略分析、商业数据分析、案例研究、组织/运营实证；样例：库内未命中该层次开设样例,上海商学院,区域重点/特色优势：核心课保持完整，通常叠加地方产业、行业场景、实验项目和专业方向模块；样例：上海商学院,武汉商学院、福建商学院、武汉东湖学院、哈尔滨剑桥学院,普通应用/职业供给：更强调业务系统、流程操作、项目案例、职业证书，课程呈现更实训化、工具化；样例：武汉商学院、福建商学院、武汉东湖学院、哈尔滨剑桥学院
120216T,创业管理,本科(普通),管理学学士,四年,管理学,工商管理类,管理学原理、经济学原理、统计学、组织行为学、创业学、创业融资、新企业管理、商业模式设计、创业模拟实训、创业项目策划,rysxai_major_course,,武汉理工大学、对外经济贸易大学,头部/强研究型：核心课不一定换名称，但会加深数学/理论和研究训练，重点看战略分析、商业数据分析、案例研究、组织/运营实证；样例：武汉理工大学、对外经济贸易大学,广东财经大学、浙江万里学院、湖北汽车工业学院、广东金融学院、温州理工学院,区域重点/特色优势：核心课保持完整，通常叠加地方产业、行业场景、实验项目和专业方向模块；样例：广东财经大学、浙江万里学院、湖北汽车工业学院、广东金融学院、温州理工学院,上海财经大学浙江学院、宁波财经学院、贵州中医药大学时珍学院、温州商学院、滇池学院,普通应用/职业供给：更强调业务系统、流程操作、项目案例、职业证书，课程呈现更实训化、工具化；样例：上海财经大学浙江学院、宁波财经学院、贵州中医药大学时珍学院、温州商学院、滇池学院
120217TK,海关稽查,本科(普通),管理学学士,四年,管理学,工商管理类,海关概论、国际贸易实务、经济学原理、法学基础、海关稽查实务、关税理论与政策、海关统计、海关数据核查实务、海关稽查模拟实训、进出口货物报关实训,rysxai_major_course,,库内未命中,头部/强研究型：核心课不一定换名称，但会加深数学/理论和研究训练，重点看战略分析、商业数据分析、案例研究、组织/运营实证；样例：库内未命中该层次开设样例,上海海关学院,区域重点/特色优势：核心课保持完整，通常叠加地方产业、行业场景、实验项目和专业方向模块；样例：上海海关学院,库内未命中,普通应用/职业供给：更强调业务系统、流程操作、项目案例、职业证书，课程呈现更实训化、工具化；样例：库内未命中该层次开设样例
120218T,内部审计,本科(普通),管理学学士,四年,管理学,工商管理类,管理学原理、会计学基础、经济学、统计学、经济法、内部审计学、审计理论与实务、内部控制与风险管理、财务审计、管理审计,rysxai_major_course,,库内未命中,头部/强研究型：核心课不一定换名称，但会加深数学/理论和研究训练，重点看战略分析、商业数据分析、案例研究、组织/运营实证；样例：库内未命中该层次开设样例,南京审计大学,区域重点/特色优势：核心课保持完整，通常叠加地方产业、行业场景、实验项目和专业方向模块；样例：南京审计大学,南京审计大学金审学院,普通应用/职业供给：更强调业务系统、流程操作、项目案例、职业证书，课程呈现更实训化、工具化；样例：南京审计大学金审学院
120301,农林经济管理,本科(普通),管理学学士,四年,管理学,农业经济管理类,经济学原理、西方经济学、管理学原理、会计、会计学、农业经济学、林业经济学、农村发展概论、农林经济管理、农业经济研究导论,rysxai_major_course,,浙江大学、中国人民大学、中国农业大学、吉林大学、兰州大学,头部/强研究型：核心课不一定换名称，但会加深数学/理论和研究训练，重点看战略分析、商业数据分析、案例研究、组织/运营实证；样例：浙江大学、中国人民大学、中国农业大学、吉林大学、兰州大学,福建农林大学、山东农业大学、安徽农业大学、河南农业大学、浙江农林大学,区域重点/特色优势：核心课保持完整，通常叠加地方产业、行业场景、实验项目和专业方向模块；样例：福建农林大学、山东农业大学、安徽农业大学、河南农业大学、浙江农林大学,浙江水利水电学院、山东农业工程学院、河南牧业经济学院、河套学院、百色学院,普通应用/职业供给：更强调业务系统、流程操作、项目案例、职业证书，课程呈现更实训化、工具化；样例：浙江水利水电学院、山东农业工程学院、河南牧业经济学院、河套学院、百色学院
120302,农村区域发展,本科(普通),"农学学士,管理学学士",四年,管理学,农业经济管理类,普通发展学、农业政策学、农业资源与环境学概论、农业经济管理学、区域分析导论、发展问题概述、参与式发展规划、推广学、发展研究方法、发展项目管理,rysxai_major_course,,中国人民大学、中国农业大学、华中农业大学、南京农业大学、西南大学,头部/强研究型：核心课不一定换名称，但会加深数学/理论和研究训练，重点看战略分析、商业数据分析、案例研究、组织/运营实证；样例：中国人民大学、中国农业大学、华中农业大学、南京农业大学、西南大学,福建农林大学、湖南农业大学、河北农业大学、山西农业大学、贵州财经大学,区域重点/特色优势：核心课保持完整，通常叠加地方产业、行业场景、实验项目和专业方向模块；样例：福建农林大学、湖南农业大学、河北农业大学、山西农业大学、贵州财经大学,安顺学院、西南财经大学天府学院、福建农林大学金山学院、贵阳人文科技学院,普通应用/职业供给：更强调业务系统、流程操作、项目案例、职业证书，课程呈现更实训化、工具化；样例：安顺学院、西南财经大学天府学院、福建农林大学金山学院、贵阳人文科技学院
120303TK,乡村治理,本科(普通),管理学学士,四年,管理学,农业经济管理类,政治学原理、社会学概论、管理学原理、经济学基础、法学基础、乡村治理理论与实践、乡村政策分析、农村公共服务管理、乡村法治建设、乡村调研方法实训,rysxai_major_course,,西南大学、海南大学、西南大学(荣昌校区),头部/强研究型：核心课不一定换名称，但会加深数学/理论和研究训练，重点看战略分析、商业数据分析、案例研究、组织/运营实证；样例：西南大学、海南大学、西南大学(荣昌校区),福建农林大学、安徽农业大学、河南农业大学、山西农业大学、甘肃农业大学,区域重点/特色优势：核心课保持完整，通常叠加地方产业、行业场景、实验项目和专业方向模块；样例：福建农林大学、安徽农业大学、河南农业大学、山西农业大学、甘肃农业大学,库内未命中,普通应用/职业供给：更强调业务系统、流程操作、项目案例、职业证书，课程呈现更实训化、工具化；样例：库内未命中该层次开设样例
120401,公共事业管理,本科(普通),管理学学士,四年,管理学,公共管理类,政治学基础、政治经济学、西方经济学、管理学原理、公共管理学、公共行政管理、公共事业管理学、城市公共事业管理概论、公共组织行为学、组织文化概论,rysxai_major_course,,复旦大学、武汉大学、华中科技大学、北京理工大学、北京师范大学,头部/强研究型：核心课不一定换名称，但会加深数学/理论和研究训练，重点看战略分析、商业数据分析、案例研究、组织/运营实证；样例：复旦大学、武汉大学、华中科技大学、北京理工大学、北京师范大学,上海理工大学、燕山大学、大连医科大学、杭州师范大学、西安建筑科技大学,区域重点/特色优势：核心课保持完整，通常叠加地方产业、行业场景、实验项目和专业方向模块；样例：上海理工大学、燕山大学、大连医科大学、杭州师范大学、西安建筑科技大学,黄淮学院、怀化学院、南京特殊教育师范学院、山东青年政治学院、黄山学院,普通应用/职业供给：更强调业务系统、流程操作、项目案例、职业证书，课程呈现更实训化、工具化；样例：黄淮学院、怀化学院、南京特殊教育师范学院、山东青年政治学院、黄山学院
120402,行政管理,本科(普通),管理学学士,四年,管理学,公共管理类,管理学原理、政治学原理、法学概论、社会学导论、宏观经济学、微观经济学、财政金融学、公共行政学、当代中国公共行政、现代政府理论,rysxai_major_course,,清华大学、北京大学、浙江大学、上海交通大学、复旦大学,头部/强研究型：核心课不一定换名称，但会加深数学/理论和研究训练，重点看战略分析、商业数据分析、案例研究、组织/运营实证；样例：清华大学、北京大学、浙江大学、上海交通大学、复旦大学,江西财经大学、浙江工商大学、山东师范大学、广州大学、青岛大学,区域重点/特色优势：核心课保持完整，通常叠加地方产业、行业场景、实验项目和专业方向模块；样例：江西财经大学、浙江工商大学、山东师范大学、广州大学、青岛大学,河南工程学院、济宁学院、宿迁学院、保山学院、四川文理学院,普通应用/职业供给：更强调业务系统、流程操作、项目案例、职业证书，课程呈现更实训化、工具化；样例：河南工程学院、济宁学院、宿迁学院、保山学院、四川文理学院
120403,劳动与社会保障,本科(普通),管理学学士,四年,管理学,公共管理类,管理学、社会保障学、人口经济学、社会政策理论与实务、劳动关系管理、社会保障基金管理、医疗保险与护理保险、社会福利与社会救济、公共财政与税务、劳动法与劳动争议处理,rysxai_major_course,,浙江大学、南京大学、武汉大学、西安交通大学、东南大学,头部/强研究型：核心课不一定换名称，但会加深数学/理论和研究训练，重点看战略分析、商业数据分析、案例研究、组织/运营实证；样例：浙江大学、南京大学、武汉大学、西安交通大学、东南大学,江西财经大学、山东师范大学、首都经济贸易大学、福建农林大学、安徽医科大学,区域重点/特色优势：核心课保持完整，通常叠加地方产业、行业场景、实验项目和专业方向模块；样例：江西财经大学、山东师范大学、首都经济贸易大学、福建农林大学、安徽医科大学,南京特殊教育师范学院、宿迁学院、山东管理学院、哈尔滨金融学院、菏泽学院,普通应用/职业供给：更强调业务系统、流程操作、项目案例、职业证书，课程呈现更实训化、工具化；样例：南京特殊教育师范学院、宿迁学院、山东管理学院、哈尔滨金融学院、菏泽学院
120404,土地资源管理,本科(普通),"工学学士,管理学学士",四年,管理学,公共管理类,土地科学导论、房地产概论、管理学原理、统计学原理及应用、自然地理学、土壤学、地图学、测量学、土地资源学、土地法学,rysxai_major_course,,浙江大学、武汉大学、四川大学、中国人民大学、中国农业大学,头部/强研究型：核心课不一定换名称，但会加深数学/理论和研究训练，重点看战略分析、商业数据分析、案例研究、组织/运营实证；样例：浙江大学、武汉大学、四川大学、中国人民大学、中国农业大学,江西财经大学、浙江工商大学、昆明理工大学、福建农林大学、山东农业大学,区域重点/特色优势：核心课保持完整，通常叠加地方产业、行业场景、实验项目和专业方向模块；样例：江西财经大学、浙江工商大学、昆明理工大学、福建农林大学、山东农业大学,怀化学院、安顺学院、山东农业工程学院、昭通学院、池州学院,普通应用/职业供给：更强调业务系统、流程操作、项目案例、职业证书，课程呈现更实训化、工具化；样例：怀化学院、安顺学院、山东农业工程学院、昭通学院、池州学院
120405,城市管理,本科(普通),管理学学士,四年,管理学,公共管理类,管理学、公共管理学原理、公共经济学原理、宏观经济政策、宪法与行政法学、城市管理、公共财政与税收、城市财政学、财政预算与行政财务管理、土地规划,rysxai_major_course,,北京大学、中国人民大学、南开大学、湖南大学、电子科技大学,头部/强研究型：核心课不一定换名称，但会加深数学/理论和研究训练，重点看战略分析、商业数据分析、案例研究、组织/运营实证；样例：北京大学、中国人民大学、南开大学、湖南大学、电子科技大学,首都经济贸易大学、西安建筑科技大学、山东财经大学、浙江农林大学、河南师范大学,区域重点/特色优势：核心课保持完整，通常叠加地方产业、行业场景、实验项目和专业方向模块；样例：首都经济贸易大学、西安建筑科技大学、山东财经大学、浙江农林大学、河南师范大学,六盘水师范学院、太原学院、广西民族师范学院、广西警察学院、百色学院,普通应用/职业供给：更强调业务系统、流程操作、项目案例、职业证书，课程呈现更实训化、工具化；样例：六盘水师范学院、太原学院、广西民族师范学院、广西警察学院、百色学院
120406TK,海关管理,本科(普通),管理学学士,四年,管理学,公共管理类,海关商品归类、管理学、公共管理学、公共政策分析、行政法、公共经济学、社会调查方法、电子政务、绩效管理,rysxai_major_course+category_template,,对外经济贸易大学,头部/强研究型：核心课不一定换名称，但会加深数学/理论和研究训练，重点看战略分析、商业数据分析、案例研究、组织/运营实证；样例：对外经济贸易大学,上海海关学院,区域重点/特色优势：核心课保持完整，通常叠加地方产业、行业场景、实验项目和专业方向模块；样例：上海海关学院,库内未命中,普通应用/职业供给：更强调业务系统、流程操作、项目案例、职业证书，课程呈现更实训化、工具化；样例：库内未命中该层次开设样例
120407T,交通管理,本科(普通),"工学学士,管理学学士",四年,管理学,公共管理类,交通工程学、交通经济学、管理学原理、运筹学、交通管理与控制、交通规划、道路交通安全、智能交通系统、交通调查与分析实训、交通信号配时设计实践,rysxai_major_course,,大连海事大学,头部/强研究型：核心课不一定换名称，但会加深数学/理论和研究训练，重点看战略分析、商业数据分析、案例研究、组织/运营实证；样例：大连海事大学,上海海事大学、重庆交通大学、内蒙古师范大学、中国民航大学、浙江海洋大学,区域重点/特色优势：核心课保持完整，通常叠加地方产业、行业场景、实验项目和专业方向模块；样例：上海海事大学、重庆交通大学、内蒙古师范大学、中国民航大学、浙江海洋大学,广州航海学院、黄河交通学院、陕西服装工程学院,普通应用/职业供给：更强调业务系统、流程操作、项目案例、职业证书，课程呈现更实训化、工具化；样例：广州航海学院、黄河交通学院、陕西服装工程学院
120408T,海事管理,本科(普通),管理学学士,四年,管理学,公共管理类,航运管理、船舶与海洋工程概论、海事法规、海事安全管理、船舶交通管理、海事调查与处理、VTS模拟实训、海事管理综合实习、港口现场实习、管理学,rysxai_major_course,,武汉理工大学、大连海事大学,头部/强研究型：核心课不一定换名称，但会加深数学/理论和研究训练，重点看战略分析、商业数据分析、案例研究、组织/运营实证；样例：武汉理工大学、大连海事大学,海南热带海洋学院,区域重点/特色优势：核心课保持完整，通常叠加地方产业、行业场景、实验项目和专业方向模块；样例：海南热带海洋学院,广州航海学院,普通应用/职业供给：更强调业务系统、流程操作、项目案例、职业证书，课程呈现更实训化、工具化；样例：广州航海学院
120409T,公共关系学,本科(普通),管理学学士,四年,管理学,公共管理类,公共关系学原理、人际关系理论与方法、网络公关实务、政府公共关系、企业传播、商务谈判策略、广告运作策略、广告策划与策略、公关实习、公共关系礼仪与训练,rysxai_major_course,,东华大学、南昌大学、上海外国语大学、中国传媒大学,头部/强研究型：核心课不一定换名称，但会加深数学/理论和研究训练，重点看战略分析、商业数据分析、案例研究、组织/运营实证；样例：东华大学、南昌大学、上海外国语大学、中国传媒大学,浙江传媒学院、大理大学、内蒙古财经大学、上海第二工业大学、贵州师范学院,区域重点/特色优势：核心课保持完整，通常叠加地方产业、行业场景、实验项目和专业方向模块；样例：浙江传媒学院、大理大学、内蒙古财经大学、上海第二工业大学、贵州师范学院,山东管理学院、广州新华学院、广州南方学院,普通应用/职业供给：更强调业务系统、流程操作、项目案例、职业证书，课程呈现更实训化、工具化；样例：山东管理学院、广州新华学院、广州南方学院
120410T,健康服务与管理,本科(普通),管理学学士,四年,管理学,公共管理类,医学概论、管理学原理、公共卫生学、健康管理学、健康服务营销、健康大数据管理、健康评估实训、社区健康服务实习、健康管理项目策划、管理学,rysxai_major_course,,东北大学、东北大学秦皇岛分校、天津医科大学、中国药科大学、石河子大学,头部/强研究型：核心课不一定换名称，但会加深数学/理论和研究训练，重点看战略分析、商业数据分析、案例研究、组织/运营实证；样例：东北大学、东北大学秦皇岛分校、天津医科大学、中国药科大学、石河子大学,河北医科大学、杭州师范大学、北京语言大学、安徽医科大学、浙江中医药大学,区域重点/特色优势：核心课保持完整，通常叠加地方产业、行业场景、实验项目和专业方向模块；样例：河北医科大学、杭州师范大学、北京语言大学、安徽医科大学、浙江中医药大学,山东青年政治学院、四川旅游学院、山东女子学院、新乡学院、保山学院,普通应用/职业供给：更强调业务系统、流程操作、项目案例、职业证书，课程呈现更实训化、工具化；样例：山东青年政治学院、四川旅游学院、山东女子学院、新乡学院、保山学院
120411TK,海警后勤管理,本科(普通),管理学学士,四年,管理学,公共管理类,管理学原理、海警概论、会计学基础、海警后勤保障学、海警财务管理、海警物资管理、海警后勤实训、财务软件操作实训、物资仓储管理实践、管理学,rysxai_major_course,,库内未命中,头部/强研究型：核心课不一定换名称，但会加深数学/理论和研究训练，重点看战略分析、商业数据分析、案例研究、组织/运营实证；样例：库内未命中该层次开设样例,库内未命中,区域重点/特色优势：核心课保持完整，通常叠加地方产业、行业场景、实验项目和专业方向模块；样例：库内未命中该层次开设样例,库内未命中,普通应用/职业供给：更强调业务系统、流程操作、项目案例、职业证书，课程呈现更实训化、工具化；样例：库内未命中该层次开设样例
120412T,医疗产品管理,本科(普通),管理学学士,四年,管理学,公共管理类,医学基础、管理学原理、医疗统计学、经济学基础、医疗产品法规与合规、医疗产品营销管理、医疗产品研发管理、医疗产品质量管理、医疗产品市场调研实训、医疗产品合规案例分析,rysxai_major_course,,中国药科大学、南京医科大学,头部/强研究型：核心课不一定换名称，但会加深数学/理论和研究训练，重点看战略分析、商业数据分析、案例研究、组织/运营实证；样例：中国药科大学、南京医科大学,沈阳药科大学、上海健康医学院,区域重点/特色优势：核心课保持完整，通常叠加地方产业、行业场景、实验项目和专业方向模块；样例：沈阳药科大学、上海健康医学院,豫北医学院、南京医科大学康达学院、大连东软信息学院、山东协和学院、东华学院,普通应用/职业供给：更强调业务系统、流程操作、项目案例、职业证书，课程呈现更实训化、工具化；样例：豫北医学院、南京医科大学康达学院、大连东软信息学院、山东协和学院、东华学院
120413T,医疗保险,本科(普通),管理学学士,四年,管理学,公共管理类,管理学原理、保险学原理、社会保障学、医疗保险学、健康保险核保与理赔、医疗费用管理、医疗保险理赔实训、健康保险产品设计实践、医疗费用审核模拟实验、管理学,rysxai_major_course,,南京医科大学、南京信息工程大学,头部/强研究型：核心课不一定换名称，但会加深数学/理论和研究训练，重点看战略分析、商业数据分析、案例研究、组织/运营实证；样例：南京医科大学、南京信息工程大学,安徽医科大学、福建医科大学、山东第一医科大学、广西医科大学、湖南中医药大学,区域重点/特色优势：核心课保持完整，通常叠加地方产业、行业场景、实验项目和专业方向模块；样例：安徽医科大学、福建医科大学、山东第一医科大学、广西医科大学、湖南中医药大学,新疆科技学院、齐鲁医药学院、南京医科大学康达学院、锦州医科大学医疗学院、昆明医科大学海源学院,普通应用/职业供给：更强调业务系统、流程操作、项目案例、职业证书，课程呈现更实训化、工具化；样例：新疆科技学院、齐鲁医药学院、南京医科大学康达学院、锦州医科大学医疗学院、昆明医科大学海源学院
120414T,养老服务管理,本科(普通),管理学学士,四年,管理学,公共管理类,管理学原理、社会学概论、老年学概论、老年心理学、养老机构管理、老年服务评估、养老服务策划实务、养老机构实习、老年护理技术实训、管理学,rysxai_major_course,,南京中医药大学,头部/强研究型：核心课不一定换名称，但会加深数学/理论和研究训练，重点看战略分析、商业数据分析、案例研究、组织/运营实证；样例：南京中医药大学,安徽医科大学、广西医科大学、湖南中医药大学、安徽中医药大学、吉林财经大学,区域重点/特色优势：核心课保持完整，通常叠加地方产业、行业场景、实验项目和专业方向模块；样例：安徽医科大学、广西医科大学、湖南中医药大学、安徽中医药大学、吉林财经大学,南昌医学院、山东女子学院、新乡学院、四川文理学院、新疆科技学院,普通应用/职业供给：更强调业务系统、流程操作、项目案例、职业证书，课程呈现更实训化、工具化；样例：南昌医学院、山东女子学院、新乡学院、四川文理学院、新疆科技学院
120415TK,海关检验检疫安全,本科(普通),管理学学士,四年,管理学,公共管理类,微生物学、分析化学、免疫学、安全科学原理、海关检验检疫技术、动植物检疫学、国境卫生检疫学、食品安全检验技术、检验检疫实验技术实训、海关监管模拟实训,rysxai_major_course,,库内未命中,头部/强研究型：核心课不一定换名称，但会加深数学/理论和研究训练，重点看战略分析、商业数据分析、案例研究、组织/运营实证；样例：库内未命中该层次开设样例,上海海关学院,区域重点/特色优势：核心课保持完整，通常叠加地方产业、行业场景、实验项目和专业方向模块；样例：上海海关学院,库内未命中,普通应用/职业供给：更强调业务系统、流程操作、项目案例、职业证书，课程呈现更实训化、工具化；样例：库内未命中该层次开设样例
120416TK,海外安全管理,本科(普通),管理学学士,四年,管理学,公共管理类,大学英语、计算机应用基础、高等数学、国际政治学、国际法、安全科学原理、国际关系史、海外安全风险评估、海外应急管理、跨国企业安全管理,rysxai_major_course,,库内未命中,头部/强研究型：核心课不一定换名称，但会加深数学/理论和研究训练，重点看战略分析、商业数据分析、案例研究、组织/运营实证；样例：库内未命中该层次开设样例,库内未命中,区域重点/特色优势：核心课保持完整，通常叠加地方产业、行业场景、实验项目和专业方向模块；样例：库内未命中该层次开设样例,陕西警察学院,普通应用/职业供给：更强调业务系统、流程操作、项目案例、职业证书，课程呈现更实训化、工具化；样例：陕西警察学院
120417T,自然资源登记与管理,本科(普通),管理学学士,四年,管理学,公共管理类,自然资源学、土地资源管理、地理信息系统原理、自然资源登记实务、自然资源权属调查、自然资源资产评估、自然资源登记模拟实训、GIS软件应用实践、不动产确权案例实习、管理学,rysxai_major_course,,中国地质大学(北京),头部/强研究型：核心课不一定换名称，但会加深数学/理论和研究训练，重点看战略分析、商业数据分析、案例研究、组织/运营实证；样例：中国地质大学(北京),内蒙古财经大学,区域重点/特色优势：核心课保持完整，通常叠加地方产业、行业场景、实验项目和专业方向模块；样例：内蒙古财经大学,库内未命中,普通应用/职业供给：更强调业务系统、流程操作、项目案例、职业证书，课程呈现更实训化、工具化；样例：库内未命中该层次开设样例
120418T,慈善管理,本科(普通),管理学学士,四年,管理学,公共管理类,思想道德与法治、慈善学概论、社会学概论、公共管理学、慈善项目管理、慈善筹款与营销、慈善政策与法规、慈善组织管理、慈善项目策划实训、慈善筹款模拟实践,rysxai_major_course,,南京工业大学,头部/强研究型：核心课不一定换名称，但会加深数学/理论和研究训练，重点看战略分析、商业数据分析、案例研究、组织/运营实证；样例：南京工业大学,浙江工商大学、山东工商学院,区域重点/特色优势：核心课保持完整，通常叠加地方产业、行业场景、实验项目和专业方向模块；样例：浙江工商大学、山东工商学院,南京工业大学浦江学院,普通应用/职业供给：更强调业务系统、流程操作、项目案例、职业证书，课程呈现更实训化、工具化；样例：南京工业大学浦江学院
120419TK,航空安防管理,本科(普通),管理学学士,四年,管理学,公共管理类,航空概论、安全管理学、航空法、公共安全管理学、应急管理基础、航空安全检查技术、航空安防系统设计、航空恐怖主义应对、机场安全管理、航空货运安防管理,rysxai_major_course,,库内未命中,头部/强研究型：核心课不一定换名称，但会加深数学/理论和研究训练，重点看战略分析、商业数据分析、案例研究、组织/运营实证；样例：库内未命中该层次开设样例,中国民航大学,区域重点/特色优势：核心课保持完整，通常叠加地方产业、行业场景、实验项目和专业方向模块；样例：中国民航大学,库内未命中,普通应用/职业供给：更强调业务系统、流程操作、项目案例、职业证书，课程呈现更实训化、工具化；样例：库内未命中该层次开设样例
120420TK,无障碍管理,本科(普通),管理学学士,四年,管理学,公共管理类,无障碍概论、公共管理学、社会学概论、无障碍环境设计、无障碍政策与法规、无障碍服务管理、无障碍设施评估实训、无障碍项目策划实践、社区无障碍服务实习、管理学,rysxai_major_course,,库内未命中,头部/强研究型：核心课不一定换名称，但会加深数学/理论和研究训练，重点看战略分析、商业数据分析、案例研究、组织/运营实证；样例：库内未命中该层次开设样例,库内未命中,区域重点/特色优势：核心课保持完整，通常叠加地方产业、行业场景、实验项目和专业方向模块；样例：库内未命中该层次开设样例,南京特殊教育师范学院,普通应用/职业供给：更强调业务系统、流程操作、项目案例、职业证书，课程呈现更实训化、工具化；样例：南京特殊教育师范学院
120421TK,人才发展与管理,本科(普通),管理学学士,四年,管理学,公共管理类,管理学原理、组织行为学、人力资源管理概论、普通心理学、人才测评与选拔、人才开发与培养、职业生涯规划与管理、组织发展与变革、人才测评实训、人力资源管理模拟实验,rysxai_major_course,,库内未命中,头部/强研究型：核心课不一定换名称，但会加深数学/理论和研究训练，重点看战略分析、商业数据分析、案例研究、组织/运营实证；样例：库内未命中该层次开设样例,广东财经大学,区域重点/特色优势：核心课保持完整，通常叠加地方产业、行业场景、实验项目和专业方向模块；样例：广东财经大学,库内未命中,普通应用/职业供给：更强调业务系统、流程操作、项目案例、职业证书，课程呈现更实训化、工具化；样例：库内未命中该层次开设样例
120501,图书馆学,本科(普通),管理学学士,四年,管理学,图书情报与档案管理类,图书馆学基础、信息管理基础、信息描述、信息组织、信息检索与利用、数据库系统概论、管理学、经济学、会计学、财务管理,rysxai_major_course,,北京大学、南京大学、武汉大学、中山大学、南开大学,头部/强研究型：核心课不一定换名称，但会加深数学/理论和研究训练，重点看战略分析、商业数据分析、案例研究、组织/运营实证；样例：北京大学、南京大学、武汉大学、中山大学、南开大学,河北大学、黑龙江大学、辽宁师范大学、贵州师范大学、郑州航空工业管理学院,区域重点/特色优势：核心课保持完整，通常叠加地方产业、行业场景、实验项目和专业方向模块；样例：河北大学、黑龙江大学、辽宁师范大学、贵州师范大学、郑州航空工业管理学院,库内未命中,普通应用/职业供给：更强调业务系统、流程操作、项目案例、职业证书，课程呈现更实训化、工具化；样例：库内未命中该层次开设样例
120502,档案学,本科(普通),管理学学士,四年,管理学,图书情报与档案管理类,档案学原理、档案学概论、文书学、档案管理学、科技档案管理学、外国档案管理、档案文献编纂学、档案鉴辨学、档案信息化概论、文档管理系统设计,rysxai_major_course,,南京大学、武汉大学、中山大学、四川大学、中国人民大学,头部/强研究型：核心课不一定换名称，但会加深数学/理论和研究训练，重点看战略分析、商业数据分析、案例研究、组织/运营实证；样例：南京大学、武汉大学、中山大学、四川大学、中国人民大学,湖北大学、上海师范大学、河北大学、黑龙江大学、天津师范大学,区域重点/特色优势：核心课保持完整，通常叠加地方产业、行业场景、实验项目和专业方向模块；样例：湖北大学、上海师范大学、河北大学、黑龙江大学、天津师范大学,辽宁科技学院、长沙科技学院,普通应用/职业供给：更强调业务系统、流程操作、项目案例、职业证书，课程呈现更实训化、工具化；样例：辽宁科技学院、长沙科技学院
120503,信息资源管理,本科(普通),管理学学士,四年,管理学,图书情报与档案管理类,信息管理导论、信息化概论、情报学、管理心理学、信息描述、信息组织与描述、信息标引、信息政策与信息法规、信息咨询、信息用户研究,rysxai_major_course,,四川大学、中国人民大学、苏州大学、华中师范大学、南京农业大学,头部/强研究型：核心课不一定换名称，但会加深数学/理论和研究训练，重点看战略分析、商业数据分析、案例研究、组织/运营实证；样例：四川大学、中国人民大学、苏州大学、华中师范大学、南京农业大学,徐州医科大学、天津财经大学、山东医药大学、广东医科大学、湖北医药学院,区域重点/特色优势：核心课保持完整，通常叠加地方产业、行业场景、实验项目和专业方向模块；样例：徐州医科大学、天津财经大学、山东医药大学、广东医科大学、湖北医药学院,广州新华学院、辽宁传媒学院,普通应用/职业供给：更强调业务系统、流程操作、项目案例、职业证书，课程呈现更实训化、工具化；样例：广州新华学院、辽宁传媒学院
120601,物流管理,本科(普通),管理学学士,四年,管理学,物流管理与工程类,管理学、管理学原理、宏观经济学、数理统计学、管理统计学、运筹学、管理统筹学、现代物流学、商品学概论、现代流通学,rysxai_major_course,,武汉大学、东南大学、同济大学、南开大学、吉林大学,头部/强研究型：核心课不一定换名称，但会加深数学/理论和研究训练，重点看战略分析、商业数据分析、案例研究、组织/运营实证；样例：武汉大学、东南大学、同济大学、南开大学、吉林大学,江西财经大学、浙江工商大学、山东师范大学、广州大学、首都经济贸易大学,区域重点/特色优势：核心课保持完整，通常叠加地方产业、行业场景、实验项目和专业方向模块；样例：江西财经大学、浙江工商大学、山东师范大学、广州大学、首都经济贸易大学,周口师范学院、湘南学院、商丘师范学院、重庆第二师范学院、怀化学院,普通应用/职业供给：更强调业务系统、流程操作、项目案例、职业证书，课程呈现更实训化、工具化；样例：周口师范学院、湘南学院、商丘师范学院、重庆第二师范学院、怀化学院
120602,物流工程,本科(普通),"工学学士,管理学学士",四年,管理学,物流管理与工程类,物流工程专业导论、商品学概论、物流法概论、供应链管理、物流系统规划与设计、物流与供应链管理案例分析、物流服务运作管理、采购与供应管理、运输与配送管理、物流成本分析与控制,rysxai_major_course,,大连理工大学、北京科技大学、北京交通大学、西南交通大学、武汉理工大学,头部/强研究型：核心课不一定换名称，但会加深数学/理论和研究训练，重点看战略分析、商业数据分析、案例研究、组织/运营实证；样例：大连理工大学、北京科技大学、北京交通大学、西南交通大学、武汉理工大学,昆明理工大学、福建农林大学、武汉科技大学、陕西科技大学、长沙理工大学,区域重点/特色优势：核心课保持完整，通常叠加地方产业、行业场景、实验项目和专业方向模块；样例：昆明理工大学、福建农林大学、武汉科技大学、陕西科技大学、长沙理工大学,浙江水利水电学院、广州航海学院、湖南工学院、四川旅游学院、安顺学院,普通应用/职业供给：更强调业务系统、流程操作、项目案例、职业证书，课程呈现更实训化、工具化；样例：浙江水利水电学院、广州航海学院、湖南工学院、四川旅游学院、安顺学院
120603T,采购管理,本科(普通),管理学学士,四年,管理学,物流管理与工程类,大学英语、高等数学、计算机应用基础、管理学原理、经济学原理、供应链管理基础、采购战略管理、采购谈判与合同管理、供应商管理、采购模拟实训,rysxai_major_course,,库内未命中,头部/强研究型：核心课不一定换名称，但会加深数学/理论和研究训练，重点看战略分析、商业数据分析、案例研究、组织/运营实证；样例：库内未命中该层次开设样例,北京物资学院、河北地质大学,区域重点/特色优势：核心课保持完整，通常叠加地方产业、行业场景、实验项目和专业方向模块；样例：北京物资学院、河北地质大学,库内未命中,普通应用/职业供给：更强调业务系统、流程操作、项目案例、职业证书，课程呈现更实训化、工具化；样例：库内未命中该层次开设样例
120604T,供应链管理,本科(普通),管理学学士,四年,管理学,物流管理与工程类,管理学原理、微观经济学、运筹学、物流学基础、供应链战略管理、供应链计划与控制、供应链采购管理、供应链物流管理、供应链建模与仿真实验、供应链案例分析实训,rysxai_major_course,,华中科技大学、天津大学、山东大学、山东大学威海分校、中央财经大学,头部/强研究型：核心课不一定换名称，但会加深数学/理论和研究训练，重点看战略分析、商业数据分析、案例研究、组织/运营实证；样例：华中科技大学、天津大学、山东大学、山东大学威海分校、中央财经大学,西交利物浦大学、青岛大学、首都经济贸易大学、北京工商大学、广东外语外贸大学,区域重点/特色优势：核心课保持完整，通常叠加地方产业、行业场景、实验项目和专业方向模块；样例：西交利物浦大学、青岛大学、首都经济贸易大学、北京工商大学、广东外语外贸大学,湘南学院、重庆第二师范学院、保定学院、信阳农林学院、广西职业师范学院,普通应用/职业供给：更强调业务系统、流程操作、项目案例、职业证书，课程呈现更实训化、工具化；样例：湘南学院、重庆第二师范学院、保定学院、信阳农林学院、广西职业师范学院
120702T,标准化工程,本科(普通),管理学学士,四年,管理学,工业工程类,微观经济学、标准编写、管理学、经济学、会计学、财务管理、市场营销、组织行为学、运营管理、战略管理,rysxai_major_course+category_template,,库内未命中,头部/强研究型：核心课不一定换名称，但会加深数学/理论和研究训练，重点看战略分析、商业数据分析、案例研究、组织/运营实证；样例：库内未命中该层次开设样例,青岛大学、中北大学、中国计量大学、济南大学、聊城大学,区域重点/特色优势：核心课保持完整，通常叠加地方产业、行业场景、实验项目和专业方向模块；样例：青岛大学、中北大学、中国计量大学、济南大学、聊城大学,中国计量大学现代科技学院、柳州工学院、南通理工学院、广东理工学院,普通应用/职业供给：更强调业务系统、流程操作、项目案例、职业证书，课程呈现更实训化、工具化；样例：中国计量大学现代科技学院、柳州工学院、南通理工学院、广东理工学院
120703T,质量管理工程,本科(普通),管理学学士,四年,管理学,工业工程类,管理学、经济学、会计学、财务管理、市场营销、组织行为学、运营管理、战略管理,category_template,rysxai课程文本未抽出课程名,库内未命中,头部/强研究型：核心课不一定换名称，但会加深数学/理论和研究训练，重点看战略分析、商业数据分析、案例研究、组织/运营实证；样例：库内未命中该层次开设样例,昆明理工大学、南京财经大学、河北大学、中国计量大学、北京信息科技大学,区域重点/特色优势：核心课保持完整，通常叠加地方产业、行业场景、实验项目和专业方向模块；样例：昆明理工大学、南京财经大学、河北大学、中国计量大学、北京信息科技大学,河南工程学院、太原工业学院、铜陵学院、中国计量大学现代科技学院、黄河科技学院,普通应用/职业供给：更强调业务系统、流程操作、项目案例、职业证书，课程呈现更实训化、工具化；样例：河南工程学院、太原工业学院、铜陵学院、中国计量大学现代科技学院、黄河科技学院
120801,电子商务,本科(普通),"经济学学士,工学学士,管理学学士",四年,管理学,电子商务类,管理学、经济学、西方经济学、政治经济学、会计学原理、统计学、电子商务概论、电子商务导论、计算机原理与应用基础、数据库技术与应用,rysxai_major_course,,南京大学、武汉大学、西安交通大学、哈尔滨工业大学、天津大学,头部/强研究型：核心课不一定换名称，但会加深数学/理论和研究训练，重点看战略分析、商业数据分析、案例研究、组织/运营实证；样例：南京大学、武汉大学、西安交通大学、哈尔滨工业大学、天津大学,江西财经大学、浙江工商大学、山东师范大学、广州大学、燕山大学,区域重点/特色优势：核心课保持完整，通常叠加地方产业、行业场景、实验项目和专业方向模块；样例：江西财经大学、浙江工商大学、山东师范大学、广州大学、燕山大学,洛阳理工学院、许昌学院、商丘师范学院、重庆第二师范学院、黄淮学院,普通应用/职业供给：更强调业务系统、流程操作、项目案例、职业证书，课程呈现更实训化、工具化；样例：洛阳理工学院、许昌学院、商丘师范学院、重庆第二师范学院、黄淮学院
120802T,电子商务及法律,本科(普通),管理学学士,四年,管理学,电子商务类,安全与认证、高级网络程序设计、互联网数据库、互联网协议、计算机犯罪、信息及隐私保护法、知识产权基础、电子商务概论、网络营销、电子商务运营,rysxai_major_course,,西南政法大学、西北政法大学,头部/强研究型：核心课不一定换名称，但会加深数学/理论和研究训练，重点看战略分析、商业数据分析、案例研究、组织/运营实证；样例：西南政法大学、西北政法大学,上海政法学院、重庆理工大学、河南财经政法大学、安徽工程大学、浙江万里学院,区域重点/特色优势：核心课保持完整，通常叠加地方产业、行业场景、实验项目和专业方向模块；样例：上海政法学院、重庆理工大学、河南财经政法大学、安徽工程大学、浙江万里学院,济宁学院、江苏师范大学科文学院、三江学院、辽宁传媒学院、保定理工学院,普通应用/职业供给：更强调业务系统、流程操作、项目案例、职业证书，课程呈现更实训化、工具化；样例：济宁学院、江苏师范大学科文学院、三江学院、辽宁传媒学院、保定理工学院
120803T,跨境电子商务,本科(普通),管理学学士,四年,管理学,电子商务类,电子商务基础、国际贸易理论、管理学原理、经济学基础、市场营销学、跨境电子商务运营、跨境网络营销、跨境支付与结算、国际物流与供应链管理、跨境电商平台实务,rysxai_major_course,,华南师范大学、中国传媒大学、内蒙古大学、西北政法大学,头部/强研究型：核心课不一定换名称，但会加深数学/理论和研究训练，重点看战略分析、商业数据分析、案例研究、组织/运营实证；样例：华南师范大学、中国传媒大学、内蒙古大学、西北政法大学,西安理工大学、山东财经大学、深圳职业技术大学、哈尔滨理工大学、嘉兴大学,区域重点/特色优势：核心课保持完整，通常叠加地方产业、行业场景、实验项目和专业方向模块；样例：西安理工大学、山东财经大学、深圳职业技术大学、哈尔滨理工大学、嘉兴大学,怀化学院、南昌师范学院、广州航海学院、齐鲁师范学院、太原工业学院,普通应用/职业供给：更强调业务系统、流程操作、项目案例、职业证书，课程呈现更实训化、工具化；样例：怀化学院、南昌师范学院、广州航海学院、齐鲁师范学院、太原工业学院
120901K,旅游管理,本科(普通),管理学学士,四年,管理学,旅游管理类,管理学原理、西方经济学、计算机基础与应用、沟通学、形体与礼仪、管理心理学、旅游学概论、旅游经济学、旅游地理学、旅游消费者行为,rysxai_major_course,,复旦大学、中山大学、四川大学、南开大学、厦门大学,头部/强研究型：核心课不一定换名称，但会加深数学/理论和研究训练，重点看战略分析、商业数据分析、案例研究、组织/运营实证；样例：复旦大学、中山大学、四川大学、南开大学、厦门大学,江西财经大学、浙江工商大学、山东师范大学、广州大学、青岛大学,区域重点/特色优势：核心课保持完整，通常叠加地方产业、行业场景、实验项目和专业方向模块；样例：江西财经大学、浙江工商大学、山东师范大学、广州大学、青岛大学,湘南学院、许昌学院、重庆第二师范学院、黄淮学院、怀化学院,普通应用/职业供给：更强调业务系统、流程操作、项目案例、职业证书，课程呈现更实训化、工具化；样例：湘南学院、许昌学院、重庆第二师范学院、黄淮学院、怀化学院
120902,酒店管理,本科(普通),管理学学士,四年,管理学,旅游管理类,酒店管理概论、旅游学概论、住宿餐饮业、酒店法律法规、旅游法规、中西饮食文化、酒店人力资源管理、酒店前台与客房管理、食品营养与卫生控制、餐饮经营管理,rysxai_major_course,,中山大学、暨南大学、华南师范大学、海南大学、湖南师范大学,头部/强研究型：核心课不一定换名称，但会加深数学/理论和研究训练，重点看战略分析、商业数据分析、案例研究、组织/运营实证；样例：中山大学、暨南大学、华南师范大学、海南大学、湖南师范大学,浙江工商大学、昆明理工大学、上海师范大学、华侨大学、广西师范大学,区域重点/特色优势：核心课保持完整，通常叠加地方产业、行业场景、实验项目和专业方向模块；样例：浙江工商大学、昆明理工大学、上海师范大学、华侨大学、广西师范大学,洛阳理工学院、江苏第二师范学院、六盘水师范学院、重庆第二师范学院、怀化学院,普通应用/职业供给：更强调业务系统、流程操作、项目案例、职业证书，课程呈现更实训化、工具化；样例：洛阳理工学院、江苏第二师范学院、六盘水师范学院、重庆第二师范学院、怀化学院
120903,会展经济与管理,本科(普通),管理学学士,四年,管理学,旅游管理类,会展管理导论、会展概论、会展市场概论、会展经济、会展传播学、会计学原理、公关关系学、会展策划与管理、会展策划与组织、大型活动组织与管理,rysxai_major_course,,中山大学、四川大学、南开大学、华南理工大学、南昌大学,头部/强研究型：核心课不一定换名称，但会加深数学/理论和研究训练，重点看战略分析、商业数据分析、案例研究、组织/运营实证；样例：中山大学、四川大学、南开大学、华南理工大学、南昌大学,上海理工大学、上海师范大学、华侨大学、上海对外经贸大学、天津财经大学,区域重点/特色优势：核心课保持完整，通常叠加地方产业、行业场景、实验项目和专业方向模块；样例：上海理工大学、上海师范大学、华侨大学、上海对外经贸大学、天津财经大学,重庆第二师范学院、南昌师范学院、武汉商学院、巢湖学院、黄山学院,普通应用/职业供给：更强调业务系统、流程操作、项目案例、职业证书，课程呈现更实训化、工具化；样例：重庆第二师范学院、南昌师范学院、武汉商学院、巢湖学院、黄山学院
120904T,旅游管理与服务教育,本科(普通),管理学学士,四年,管理学,旅游管理类,旅游学概论、旅游学导论、旅游学、旅游资源学、酒店管理与经营、前厅客房服务与管理、餐饮经济学导论、宴会设计与管理、会展旅游概论、酒店政策与法规,rysxai_major_course,,库内未命中,头部/强研究型：核心课不一定换名称，但会加深数学/理论和研究训练，重点看战略分析、商业数据分析、案例研究、组织/运营实证；样例：库内未命中该层次开设样例,河北师范大学、内蒙古农业大学、重庆文理学院、湖北师范大学、广东技术师范大学,区域重点/特色优势：核心课保持完整，通常叠加地方产业、行业场景、实验项目和专业方向模块；样例：河北师范大学、内蒙古农业大学、重庆文理学院、湖北师范大学、广东技术师范大学,六盘水师范学院、济宁学院、武汉商学院、齐鲁师范学院、福建技术师范学院,普通应用/职业供给：更强调业务系统、流程操作、项目案例、职业证书，课程呈现更实训化、工具化；样例：六盘水师范学院、济宁学院、武汉商学院、齐鲁师范学院、福建技术师范学院
120905TK,国际邮轮管理,本科(普通),管理学学士,四年,管理学,旅游管理类,旅游学概论、管理学原理、邮轮概论、邮轮运营管理、邮轮宾客服务管理、邮轮市场营销、邮轮模拟实训、邮轮服务礼仪实践、邮轮航线设计实习、旅游经济学,rysxai_major_course,,库内未命中,头部/强研究型：核心课不一定换名称，但会加深数学/理论和研究训练，重点看战略分析、商业数据分析、案例研究、组织/运营实证；样例：库内未命中该层次开设样例,上海海事大学,区域重点/特色优势：核心课保持完整，通常叠加地方产业、行业场景、实验项目和专业方向模块；样例：上海海事大学,库内未命中,普通应用/职业供给：更强调业务系统、流程操作、项目案例、职业证书，课程呈现更实训化、工具化；样例：库内未命中该层次开设样例
130101,艺术史论,本科(普通),艺术学学士,四年,艺术学,艺术学理论类,大学英语、计算机应用基础、大学语文、艺术概论、中外美术史、美学原理、艺术史研究方法、美术理论专题、艺术评论与写作、艺术史田野调查,rysxai_major_course,,清华大学、北京大学、东南大学、中央美术学院、中国美术学院,头部/强研究型：核心课不一定换名称，但会加深数学/理论和研究训练，重点看创作研究、设计方法论、作品集/展演、批评理论；样例：清华大学、北京大学、东南大学、中央美术学院、中国美术学院,四川美术学院、四川音乐学院、西安美术学院、西安音乐学院、南京艺术学院,区域重点/特色优势：核心课保持完整，通常叠加地方产业、行业场景、实验项目和专业方向模块；样例：四川美术学院、四川音乐学院、西安美术学院、西安音乐学院、南京艺术学院,河北美术学院,普通应用/职业供给：更强调软件工具、项目制作、作品集、岗位实训，课程呈现更实训化、工具化；样例：河北美术学院
130102T,艺术管理,本科(普通),艺术学学士,四年,艺术学,艺术学理论类,艺术学概论、管理学原理、文化产业概论、艺术项目策划与管理、艺术市场营销、文化政策与法规、艺术展览策划实训、艺术活动执行实践、文化产业调研、设计素描,rysxai_major_course,,上海大学、中央音乐学院、中央美术学院、中央戏剧学院、中国美术学院,头部/强研究型：核心课不一定换名称，但会加深数学/理论和研究训练，重点看创作研究、设计方法论、作品集/展演、批评理论；样例：上海大学、中央音乐学院、中央美术学院、中央戏剧学院、中国美术学院,上海师范大学、长沙理工大学、上海戏剧学院、贵州财经大学、北京舞蹈学院,区域重点/特色优势：核心课保持完整，通常叠加地方产业、行业场景、实验项目和专业方向模块；样例：上海师范大学、长沙理工大学、上海戏剧学院、贵州财经大学、北京舞蹈学院,山东管理学院、保定学院、贵州商学院、四川电影电视学院、河北美术学院,普通应用/职业供给：更强调软件工具、项目制作、作品集、岗位实训，课程呈现更实训化、工具化；样例：山东管理学院、保定学院、贵州商学院、四川电影电视学院、河北美术学院
130103T,非物质文化遗产保护,本科(普通),艺术学学士,四年,艺术学,艺术学理论类,民俗学：学民间习俗、信仰等内容、中国文化史：学中国文化发展脉络、设计素描、设计色彩、设计构成、设计史、图形创意、计算机辅助设计、用户研究、专题设计,rysxai_major_course+category_template,,中央美术学院、浙江师范大学,头部/强研究型：核心课不一定换名称，但会加深数学/理论和研究训练，重点看创作研究、设计方法论、作品集/展演、批评理论；样例：中央美术学院、浙江师范大学,大连工业大学、山西师范大学、广西民族大学、北京联合大学、西安美术学院,区域重点/特色优势：核心课保持完整，通常叠加地方产业、行业场景、实验项目和专业方向模块；样例：大连工业大学、山西师范大学、广西民族大学、北京联合大学、西安美术学院,凯里学院、兰州文理学院、晋中学院、郑州工程技术学院、阿坝师范学院,普通应用/职业供给：更强调软件工具、项目制作、作品集、岗位实训，课程呈现更实训化、工具化；样例：凯里学院、兰州文理学院、晋中学院、郑州工程技术学院、阿坝师范学院
130201,音乐表演,本科(普通),艺术学学士,四年,艺术学,音乐与舞蹈学类,乐理、和声、复调写作基础/对位法、西方流行音乐史、二十世纪西方音乐概论、音乐表演导论、歌曲分析与写作、器乐演奏、钢琴演奏与教学/钢琴课、数码钢琴集体课,rysxai_major_course,,华中科技大学、中山大学、四川大学、中国人民大学、同济大学,头部/强研究型：核心课不一定换名称，但会加深数学/理论和研究训练，重点看创作研究、设计方法论、作品集/展演、批评理论；样例：华中科技大学、中山大学、四川大学、中国人民大学、同济大学,山东师范大学、青岛大学、燕山大学、上海师范大学、江西师范大学,区域重点/特色优势：核心课保持完整，通常叠加地方产业、行业场景、实验项目和专业方向模块；样例：山东师范大学、青岛大学、燕山大学、上海师范大学、江西师范大学,洛阳理工学院、周口师范学院、商丘师范学院、黄淮学院、渭南师范学院,普通应用/职业供给：更强调软件工具、项目制作、作品集、岗位实训，课程呈现更实训化、工具化；样例：洛阳理工学院、周口师范学院、商丘师范学院、黄淮学院、渭南师范学院
130202,音乐学,本科(普通),艺术学学士,四年，五年,艺术学,音乐与舞蹈学类,乐理基础、视唱练耳、和声学、曲式分析、复调音乐基础、音乐理论与分析基础、音乐发展历史、美学原理、创作方法、中国音乐通史,rysxai_major_course,,北京师范大学、山东大学、厦门大学、吉林大学、华东师范大学,头部/强研究型：核心课不一定换名称，但会加深数学/理论和研究训练，重点看创作研究、设计方法论、作品集/展演、批评理论；样例：北京师范大学、山东大学、厦门大学、吉林大学、华东师范大学,江西财经大学、山东师范大学、广州大学、青岛大学、杭州师范大学,区域重点/特色优势：核心课保持完整，通常叠加地方产业、行业场景、实验项目和专业方向模块；样例：江西财经大学、山东师范大学、广州大学、青岛大学、杭州师范大学,周口师范学院、湘南学院、许昌学院、江苏第二师范学院、六盘水师范学院,普通应用/职业供给：更强调软件工具、项目制作、作品集、岗位实训，课程呈现更实训化、工具化；样例：周口师范学院、湘南学院、许昌学院、江苏第二师范学院、六盘水师范学院
130203,作曲与作曲技术理论,本科(普通),艺术学学士,四年，五年,艺术学,音乐与舞蹈学类,和声、复调与赋格、曲式、现代乐理、乐器法、中国音乐通史、中国传统音乐理论、中国民族民间音乐、管弦乐配器、总谱读法,rysxai_major_course,,中央民族大学、郑州大学、中国传媒大学、延边大学、西藏大学,头部/强研究型：核心课不一定换名称，但会加深数学/理论和研究训练，重点看创作研究、设计方法论、作品集/展演、批评理论；样例：中央民族大学、郑州大学、中国传媒大学、延边大学、西藏大学,青岛大学、北京电影学院、上海戏剧学院、安徽师范大学、内蒙古师范大学,区域重点/特色优势：核心课保持完整，通常叠加地方产业、行业场景、实验项目和专业方向模块；样例：青岛大学、北京电影学院、上海戏剧学院、安徽师范大学、内蒙古师范大学,安徽艺术学院、北京科技大学天津学院,普通应用/职业供给：更强调软件工具、项目制作、作品集、岗位实训，课程呈现更实训化、工具化；样例：安徽艺术学院、北京科技大学天津学院
130204,舞蹈表演,本科(普通),艺术学学士,四年,艺术学,音乐与舞蹈学类,芭蕾基训、中国古典舞基训、现代舞基训、现代舞技术、舞蹈解剖学、古典舞、现代舞、民族民间舞、双人舞、双人舞技巧,rysxai_major_course,,华中科技大学、四川大学、中南大学、华南理工大学、重庆大学,头部/强研究型：核心课不一定换名称，但会加深数学/理论和研究训练，重点看创作研究、设计方法论、作品集/展演、批评理论；样例：华中科技大学、四川大学、中南大学、华南理工大学、重庆大学,江西财经大学、燕山大学、广东外语外贸大学、上海戏剧学院、安徽师范大学,区域重点/特色优势：核心课保持完整，通常叠加地方产业、行业场景、实验项目和专业方向模块；样例：江西财经大学、燕山大学、广东外语外贸大学、上海戏剧学院、安徽师范大学,六盘水师范学院、山东青年政治学院、兰州文理学院、大庆师范学院、广西民族师范学院,普通应用/职业供给：更强调软件工具、项目制作、作品集、岗位实训，课程呈现更实训化、工具化；样例：六盘水师范学院、山东青年政治学院、兰州文理学院、大庆师范学院、广西民族师范学院
130205,舞蹈学,本科(普通),艺术学学士,四年,艺术学,音乐与舞蹈学类,舞蹈学导论、舞蹈概论、舞蹈艺术基础理论与作品赏析、舞蹈基础训练、基本功、技术技巧综合课、舞蹈人体解剖与动态素描、解剖学、中国区域性民族民俗舞蹈、汉族民间舞,rysxai_major_course,,北京师范大学、华南理工大学、中央民族大学、郑州大学、华中师范大学,头部/强研究型：核心课不一定换名称，但会加深数学/理论和研究训练，重点看创作研究、设计方法论、作品集/展演、批评理论；样例：北京师范大学、华南理工大学、中央民族大学、郑州大学、华中师范大学,山东师范大学、青岛大学、杭州师范大学、上海师范大学、江西师范大学,区域重点/特色优势：核心课保持完整，通常叠加地方产业、行业场景、实验项目和专业方向模块；样例：山东师范大学、青岛大学、杭州师范大学、上海师范大学、江西师范大学,湘南学院、许昌学院、怀化学院、南昌师范学院、南京特殊教育师范学院,普通应用/职业供给：更强调软件工具、项目制作、作品集、岗位实训，课程呈现更实训化、工具化；样例：湘南学院、许昌学院、怀化学院、南昌师范学院、南京特殊教育师范学院
130206,舞蹈编导,本科(普通),艺术学学士,四年,艺术学,音乐与舞蹈学类,舞蹈解剖学、中国舞蹈史、古典舞基本功训练、舞蹈编导技法、编舞创作实践、舞蹈作品分析、舞蹈创作实训、舞台实践与演出、编导采风实习、设计素描,rysxai_major_course,,山东大学、山东大学威海分校、中央民族大学、东北师范大学、江南大学,头部/强研究型：核心课不一定换名称，但会加深数学/理论和研究训练，重点看创作研究、设计方法论、作品集/展演、批评理论；样例：山东大学、山东大学威海分校、中央民族大学、东北师范大学、江南大学,广州大学、上海戏剧学院、河南师范大学、江苏师范大学、河南理工大学,区域重点/特色优势：核心课保持完整，通常叠加地方产业、行业场景、实验项目和专业方向模块；样例：广州大学、上海戏剧学院、河南师范大学、江苏师范大学、河南理工大学,周口师范学院、商丘师范学院、山东青年政治学院、太原学院、忻州师范学院,普通应用/职业供给：更强调软件工具、项目制作、作品集、岗位实训，课程呈现更实训化、工具化；样例：周口师范学院、商丘师范学院、山东青年政治学院、太原学院、忻州师范学院
130207T,舞蹈教育,本科(普通),艺术学学士,四年,艺术学,音乐与舞蹈学类,舞蹈解剖学、舞蹈概论、音乐基础、教育学基础、中国舞蹈史、舞蹈教学法、儿童舞蹈教育、舞蹈创编、舞蹈基本功实训、舞蹈教学实习,rysxai_major_course,,石河子大学,头部/强研究型：核心课不一定换名称，但会加深数学/理论和研究训练，重点看创作研究、设计方法论、作品集/展演、批评理论；样例：石河子大学,深圳北理莫斯科大学、温州大学、西北师范大学、北京舞蹈学院、南宁师范大学,区域重点/特色优势：核心课保持完整，通常叠加地方产业、行业场景、实验项目和专业方向模块；样例：深圳北理莫斯科大学、温州大学、西北师范大学、北京舞蹈学院、南宁师范大学,山东青年政治学院、山东女子学院、广西科技师范学院、张家口学院、汉江师范学院,普通应用/职业供给：更强调软件工具、项目制作、作品集、岗位实训，课程呈现更实训化、工具化；样例：山东青年政治学院、山东女子学院、广西科技师范学院、张家口学院、汉江师范学院
130208TK,航空服务艺术与管理,本科(普通),艺术学学士,四年,艺术学,音乐与舞蹈学类,航空概论、艺术概论、管理学基础、传播学基础、礼仪学基础、航空服务管理、航空客运服务实务、艺术表达与沟通、航空形象设计、航空安全与应急处理,rysxai_major_course,,库内未命中,头部/强研究型：核心课不一定换名称，但会加深数学/理论和研究训练，重点看创作研究、设计方法论、作品集/展演、批评理论；样例：库内未命中该层次开设样例,山东师范大学、安徽师范大学、西北师范大学、中南民族大学、曲阜师范大学,区域重点/特色优势：核心课保持完整，通常叠加地方产业、行业场景、实验项目和专业方向模块；样例：山东师范大学、安徽师范大学、西北师范大学、中南民族大学、曲阜师范大学,渭南师范学院、武汉商学院、河北民族师范学院、安顺学院、长治学院,普通应用/职业供给：更强调软件工具、项目制作、作品集、岗位实训，课程呈现更实训化、工具化；样例：渭南师范学院、武汉商学院、河北民族师范学院、安顺学院、长治学院
130209T,流行音乐,本科(普通),艺术学学士,四年,艺术学,音乐与舞蹈学类,基本乐理、视唱练耳、计算机应用基础、和声学、中国流行音乐史、流行声乐演唱、流行歌曲创作、流行音乐制作、舞台表演与编排、流行音乐演出实践,rysxai_major_course,,库内未命中,头部/强研究型：核心课不一定换名称，但会加深数学/理论和研究训练，重点看创作研究、设计方法论、作品集/展演、批评理论；样例：库内未命中该层次开设样例,苏州科技大学、四川音乐学院、南京艺术学院、山东艺术学院、广西艺术学院,区域重点/特色优势：核心课保持完整，通常叠加地方产业、行业场景、实验项目和专业方向模块；样例：苏州科技大学、四川音乐学院、南京艺术学院、山东艺术学院、广西艺术学院,上海视觉艺术学院、南京传媒学院、大连艺术学院,普通应用/职业供给：更强调软件工具、项目制作、作品集、岗位实训，课程呈现更实训化、工具化；样例：上海视觉艺术学院、南京传媒学院、大连艺术学院
130210T,音乐治疗,本科(普通),艺术学学士,四年,艺术学,音乐与舞蹈学类,音乐理论基础、心理学导论、人体解剖生理学、音乐治疗学基础、临床音乐治疗技术、儿童音乐治疗、音乐治疗临床实训、个案辅导实践、设计素描、设计色彩,rysxai_major_course,,库内未命中,头部/强研究型：核心课不一定换名称，但会加深数学/理论和研究训练，重点看创作研究、设计方法论、作品集/展演、批评理论；样例：库内未命中该层次开设样例,江西中医药大学、湖南工商大学、长治医学院、四川音乐学院、武汉音乐学院,区域重点/特色优势：核心课保持完整，通常叠加地方产业、行业场景、实验项目和专业方向模块；样例：江西中医药大学、湖南工商大学、长治医学院、四川音乐学院、武汉音乐学院,南京特殊教育师范学院,普通应用/职业供给：更强调软件工具、项目制作、作品集、岗位实训，课程呈现更实训化、工具化；样例：南京特殊教育师范学院
130211T,流行舞蹈,本科(普通),艺术学学士,四年,艺术学,音乐与舞蹈学类,舞蹈基本功训练、舞蹈解剖学、舞蹈概论、流行舞风格技法、流行舞蹈编创、流行舞蹈文化研究、流行舞剧目排练、商业演出实践、流行舞蹈教学实训、设计素描,rysxai_major_course,,库内未命中,头部/强研究型：核心课不一定换名称，但会加深数学/理论和研究训练，重点看创作研究、设计方法论、作品集/展演、批评理论；样例：库内未命中该层次开设样例,西华大学、武汉体育学院、天津体育学院、吉林体育学院、四川传媒学院,区域重点/特色优势：核心课保持完整，通常叠加地方产业、行业场景、实验项目和专业方向模块；样例：西华大学、武汉体育学院、天津体育学院、吉林体育学院、四川传媒学院,上海视觉艺术学院、沈阳城市学院,普通应用/职业供给：更强调软件工具、项目制作、作品集、岗位实训，课程呈现更实训化、工具化；样例：上海视觉艺术学院、沈阳城市学院
130212T,音乐教育,本科(普通),艺术学学士,四年,艺术学,音乐与舞蹈学类,乐理与视唱练耳、声乐基础、钢琴基础、中国音乐史、西方音乐史、音乐教学论、儿童音乐教育、合唱与指挥、教育实习、音乐教学设计实训,rysxai_major_course,,中央民族大学、中央音乐学院、上海音乐学院、中国音乐学院,头部/强研究型：核心课不一定换名称，但会加深数学/理论和研究训练，重点看创作研究、设计方法论、作品集/展演、批评理论；样例：中央民族大学、中央音乐学院、上海音乐学院、中国音乐学院,成都大学、星海音乐学院、南宁师范大学、临沂大学、北华大学,区域重点/特色优势：核心课保持完整，通常叠加地方产业、行业场景、实验项目和专业方向模块；样例：成都大学、星海音乐学院、南宁师范大学、临沂大学、北华大学,许昌学院、济宁学院、齐鲁师范学院、山东女子学院、山东管理学院,普通应用/职业供给：更强调软件工具、项目制作、作品集、岗位实训，课程呈现更实训化、工具化；样例：许昌学院、济宁学院、齐鲁师范学院、山东女子学院、山东管理学院
130213TK,冰雪舞蹈表演,本科(普通),艺术学学士,四年,艺术学,音乐与舞蹈学类,舞蹈解剖学、舞蹈基本功训练、音乐基础理论、舞蹈表演理论、冰雪舞蹈编排、冰上舞蹈技巧、冰上实训、剧目创作实践、舞台表演实践、设计素描,rysxai_major_course,,库内未命中,头部/强研究型：核心课不一定换名称，但会加深数学/理论和研究训练，重点看创作研究、设计方法论、作品集/展演、批评理论；样例：库内未命中该层次开设样例,哈尔滨体育学院、吉林体育学院,区域重点/特色优势：核心课保持完整，通常叠加地方产业、行业场景、实验项目和专业方向模块；样例：哈尔滨体育学院、吉林体育学院,库内未命中,普通应用/职业供给：更强调软件工具、项目制作、作品集、岗位实训，课程呈现更实训化、工具化；样例：库内未命中该层次开设样例
130214TK,舞蹈治疗,本科(普通),艺术学学士,四年,艺术学,音乐与舞蹈学类,舞蹈学基础、心理学导论、人体解剖生理学、舞蹈治疗理论与技术、表达性艺术治疗、临床个案工作、舞蹈治疗实训、个案督导、社区舞蹈治疗实践、设计素描,rysxai_major_course,,库内未命中,头部/强研究型：核心课不一定换名称，但会加深数学/理论和研究训练，重点看创作研究、设计方法论、作品集/展演、批评理论；样例：库内未命中该层次开设样例,库内未命中,区域重点/特色优势：核心课保持完整，通常叠加地方产业、行业场景、实验项目和专业方向模块；样例：库内未命中该层次开设样例,南京特殊教育师范学院,普通应用/职业供给：更强调软件工具、项目制作、作品集、岗位实训，课程呈现更实训化、工具化；样例：南京特殊教育师范学院
130215T,音乐科技,本科(普通),艺术学学士,四年,艺术学,音乐与舞蹈学类,大学英语、计算机应用基础、高等数学、音乐理论基础、音乐声学、数字音频技术基础、计算机音乐基础、音乐编程、音乐制作技术、互动音乐设计,rysxai_major_course,,库内未命中,头部/强研究型：核心课不一定换名称，但会加深数学/理论和研究训练，重点看创作研究、设计方法论、作品集/展演、批评理论；样例：库内未命中该层次开设样例,库内未命中,区域重点/特色优势：核心课保持完整，通常叠加地方产业、行业场景、实验项目和专业方向模块；样例：库内未命中该层次开设样例,香港高等教育科技学院,普通应用/职业供给：更强调软件工具、项目制作、作品集、岗位实训，课程呈现更实训化、工具化；样例：香港高等教育科技学院
130301,表演,本科(普通),艺术学学士,四年,艺术学,戏剧与影视学类,表演概论、表演风格流派、中外剧本分析、影视文学创作与欣赏、影视剧作分析、音乐风格与流派、舞台美术基础、文化产业政策与法律法规、形体、声音,rysxai_major_course,,武汉大学、同济大学、重庆大学、南京农业大学、上海大学,头部/强研究型：核心课不一定换名称，但会加深数学/理论和研究训练，重点看创作研究、设计方法论、作品集/展演、批评理论；样例：武汉大学、同济大学、重庆大学、南京农业大学、上海大学,青岛大学、北京电影学院、浙江理工大学、上海师范大学、江西师范大学,区域重点/特色优势：核心课保持完整，通常叠加地方产业、行业场景、实验项目和专业方向模块；样例：青岛大学、北京电影学院、浙江理工大学、上海师范大学、江西师范大学,河南工程学院、兰州文理学院、邢台学院、山西传媒学院、四川电影电视学院,普通应用/职业供给：更强调软件工具、项目制作、作品集、岗位实训，课程呈现更实训化、工具化；样例：河南工程学院、兰州文理学院、邢台学院、山西传媒学院、四川电影电视学院
130302,戏剧学,本科(普通),艺术学学士,四年,艺术学,戏剧与影视学类,戏剧概论、设计素描、设计色彩、设计构成、设计史、图形创意、计算机辅助设计、用户研究、专题设计,rysxai_major_course+category_template,,中央戏剧学院,头部/强研究型：核心课不一定换名称，但会加深数学/理论和研究训练，重点看创作研究、设计方法论、作品集/展演、批评理论；样例：中央戏剧学院,上海戏剧学院、安庆师范大学、山东艺术学院、云南艺术学院,区域重点/特色优势：核心课保持完整，通常叠加地方产业、行业场景、实验项目和专业方向模块；样例：上海戏剧学院、安庆师范大学、山东艺术学院、云南艺术学院,四川文化艺术学院,普通应用/职业供给：更强调软件工具、项目制作、作品集、岗位实训，课程呈现更实训化、工具化；样例：四川文化艺术学院
130303,电影学,本科(普通),艺术学学士,四年,艺术学,戏剧与影视学类,艺术概论、电影史、影视语言、美学原理、戏剧概论、电影导演基础、电影剧本创作、电影摄影基础、电影剪辑、电影评论,rysxai_major_course,,中南财经政法大学,头部/强研究型：核心课不一定换名称，但会加深数学/理论和研究训练，重点看创作研究、设计方法论、作品集/展演、批评理论；样例：中南财经政法大学,北京电影学院、山东艺术学院、四川传媒学院,区域重点/特色优势：核心课保持完整，通常叠加地方产业、行业场景、实验项目和专业方向模块；样例：北京电影学院、山东艺术学院、四川传媒学院,山西传媒学院、青岛电影学院、西北大学现代学院、南京传媒学院、华南农业大学珠江学院,普通应用/职业供给：更强调软件工具、项目制作、作品集、岗位实训，课程呈现更实训化、工具化；样例：山西传媒学院、青岛电影学院、西北大学现代学院、南京传媒学院、华南农业大学珠江学院
130304,戏剧影视文学,本科(普通),艺术学学士,四年,艺术学,戏剧与影视学类,外国文学史概要、中国现代文学、文学理论、汉语语言与文化、中外美学比较、西方文论选读、文学写作基础、写作、电影剧作理论与技巧、影视编剧导论,rysxai_major_course,,北京大学、南京大学、武汉大学、北京师范大学、厦门大学,头部/强研究型：核心课不一定换名称，但会加深数学/理论和研究训练，重点看创作研究、设计方法论、作品集/展演、批评理论；样例：北京大学、南京大学、武汉大学、北京师范大学、厦门大学,山东师范大学、北京电影学院、西安建筑科技大学、上海师范大学、河北大学,区域重点/特色优势：核心课保持完整，通常叠加地方产业、行业场景、实验项目和专业方向模块；样例：山东师范大学、北京电影学院、西安建筑科技大学、上海师范大学、河北大学,周口师范学院、许昌学院、渭南师范学院、廊坊师范学院、黄山学院,普通应用/职业供给：更强调软件工具、项目制作、作品集、岗位实训，课程呈现更实训化、工具化；样例：周口师范学院、许昌学院、渭南师范学院、廊坊师范学院、黄山学院
130305,广播电视编导,本科(普通),艺术学学士,四年,艺术学,戏剧与影视学类,视听语言、广播电视编导概论、导演艺术基础、艺术概论、摄影摄像、剪辑技术与艺术、非线性编辑技术与应用、AE影像特效制作、影视照明、电视节目策划书写作,rysxai_major_course,,上海交通大学、四川大学、同济大学、吉林大学、华东师范大学,头部/强研究型：核心课不一定换名称，但会加深数学/理论和研究训练，重点看创作研究、设计方法论、作品集/展演、批评理论；样例：上海交通大学、四川大学、同济大学、吉林大学、华东师范大学,山东师范大学、广州大学、青岛大学、北京电影学院、杭州师范大学,区域重点/特色优势：核心课保持完整，通常叠加地方产业、行业场景、实验项目和专业方向模块；样例：山东师范大学、广州大学、青岛大学、北京电影学院、杭州师范大学,周口师范学院、商丘师范学院、黄淮学院、南阳理工学院、通化师范学院,普通应用/职业供给：更强调软件工具、项目制作、作品集、岗位实训，课程呈现更实训化、工具化；样例：周口师范学院、商丘师范学院、黄淮学院、南阳理工学院、通化师范学院
130306,戏剧影视导演,本科(普通),艺术学学士,四年,艺术学,戏剧与影视学类,传播学、中国电视剧史、中外戏剧史、中国电影史、戏剧理论、导演基础、导演片段练习、摄影、纪录片工作坊、微电影工作坊,rysxai_major_course,,重庆大学、暨南大学、上海大学、中国传媒大学、贵州大学,头部/强研究型：核心课不一定换名称，但会加深数学/理论和研究训练，重点看创作研究、设计方法论、作品集/展演、批评理论；样例：重庆大学、暨南大学、上海大学、中国传媒大学、贵州大学,北京电影学院、上海戏剧学院、四川师范大学、浙江传媒学院、河北科技大学,区域重点/特色优势：核心课保持完整，通常叠加地方产业、行业场景、实验项目和专业方向模块；样例：北京电影学院、上海戏剧学院、四川师范大学、浙江传媒学院、河北科技大学,山西传媒学院、四川电影电视学院、四川大学锦江学院、燕京理工学院、青岛电影学院,普通应用/职业供给：更强调软件工具、项目制作、作品集、岗位实训，课程呈现更实训化、工具化；样例：山西传媒学院、四川电影电视学院、四川大学锦江学院、燕京理工学院、青岛电影学院
130307,戏剧影视美术设计,本科(普通),艺术学学士,四年,艺术学,戏剧与影视学类,人物造型设计、舞台化妆、影视服装设计、立体剪裁、演艺设计、设计素描、设计色彩、设计构成、设计史、图形创意,rysxai_major_course,,重庆大学、南京航空航天大学、上海大学、中国传媒大学、中央戏剧学院,头部/强研究型：核心课不一定换名称，但会加深数学/理论和研究训练，重点看创作研究、设计方法论、作品集/展演、批评理论；样例：重庆大学、南京航空航天大学、上海大学、中国传媒大学、中央戏剧学院,北京电影学院、上海戏剧学院、四川师范大学、浙江传媒学院、西安工程大学,区域重点/特色优势：核心课保持完整，通常叠加地方产业、行业场景、实验项目和专业方向模块；样例：北京电影学院、上海戏剧学院、四川师范大学、浙江传媒学院、西安工程大学,渭南师范学院、兰州文理学院、山西传媒学院、四川电影电视学院、安徽艺术学院,普通应用/职业供给：更强调软件工具、项目制作、作品集、岗位实训，课程呈现更实训化、工具化；样例：渭南师范学院、兰州文理学院、山西传媒学院、四川电影电视学院、安徽艺术学院
130308,录音艺术,本科(普通),艺术学学士,四年,艺术学,戏剧与影视学类,作曲技术理论与应用、民间音乐概论、西方音乐、中国当代音乐、数理基础、播音室声学及电声学、数字音频技术、电脑音乐系统、影视音乐创编、录音节目制作,rysxai_major_course,,西安电子科技大学、暨南大学、中国传媒大学、中央戏剧学院、中国美术学院,头部/强研究型：核心课不一定换名称，但会加深数学/理论和研究训练，重点看创作研究、设计方法论、作品集/展演、批评理论；样例：西安电子科技大学、暨南大学、中国传媒大学、中央戏剧学院、中国美术学院,北京电影学院、上海师范大学、山东农业大学、哈尔滨师范大学、浙江传媒学院,区域重点/特色优势：核心课保持完整，通常叠加地方产业、行业场景、实验项目和专业方向模块；样例：北京电影学院、上海师范大学、山东农业大学、哈尔滨师范大学、浙江传媒学院,桂林旅游学院、山西传媒学院、四川文化艺术学院、青岛电影学院、烟台科技学院,普通应用/职业供给：更强调软件工具、项目制作、作品集、岗位实训，课程呈现更实训化、工具化；样例：桂林旅游学院、山西传媒学院、四川文化艺术学院、青岛电影学院、烟台科技学院
130309,播音与主持艺术,本科(普通),艺术学学士,四年,艺术学,戏剧与影视学类,普通话语音及播音发声、语音与发声、播音发声学、播音学概论、主持艺术概论、播音与主持艺术导论、播音与主持概论、播音主持创作基础、播音创作基础、新闻播音,rysxai_major_course,,武汉大学、华中科技大学、吉林大学、华东师范大学、湖南大学,头部/强研究型：核心课不一定换名称，但会加深数学/理论和研究训练，重点看创作研究、设计方法论、作品集/展演、批评理论；样例：武汉大学、华中科技大学、吉林大学、华东师范大学、湖南大学,广州大学、北京电影学院、昆明理工大学、北京语言大学、湖北大学,区域重点/特色优势：核心课保持完整，通常叠加地方产业、行业场景、实验项目和专业方向模块；样例：广州大学、北京电影学院、昆明理工大学、北京语言大学、湖北大学,周口师范学院、湘南学院、许昌学院、商丘师范学院、黄淮学院,普通应用/职业供给：更强调软件工具、项目制作、作品集、岗位实训，课程呈现更实训化、工具化；样例：周口师范学院、湘南学院、许昌学院、商丘师范学院、黄淮学院
130310,动画,本科(普通),艺术学学士,四年,艺术学,戏剧与影视学类,绘画基础、动画素描、透视学、解剖透视学、速写与构图、角色设定、动画场景设计、动作设计、动画运动规律及表演、动画分镜设计,rysxai_major_course,,清华大学、东南大学、同济大学、武汉理工大学、中南财经政法大学,头部/强研究型：核心课不一定换名称，但会加深数学/理论和研究训练，重点看创作研究、设计方法论、作品集/展演、批评理论；样例：清华大学、东南大学、同济大学、武汉理工大学、中南财经政法大学,上海理工大学、北京电影学院、西安理工大学、杭州师范大学、福建农林大学,区域重点/特色优势：核心课保持完整，通常叠加地方产业、行业场景、实验项目和专业方向模块；样例：上海理工大学、北京电影学院、西安理工大学、杭州师范大学、福建农林大学,周口师范学院、商丘师范学院、黄淮学院、南阳理工学院、通化师范学院,普通应用/职业供给：更强调软件工具、项目制作、作品集、岗位实训，课程呈现更实训化、工具化；样例：周口师范学院、商丘师范学院、黄淮学院、南阳理工学院、通化师范学院
130311T,影视摄影与制作,本科(普通),艺术学学士,四年,艺术学,戏剧与影视学类,影视导演基础、造型基础、视觉思维、视觉原理、相机操作、静态拍摄、画面构图、摄影基础、静态摄影、摄影构图,rysxai_major_course,,重庆大学、上海大学、中国传媒大学、中央美术学院、中央戏剧学院,头部/强研究型：核心课不一定换名称，但会加深数学/理论和研究训练，重点看创作研究、设计方法论、作品集/展演、批评理论；样例：重庆大学、上海大学、中国传媒大学、中央美术学院、中央戏剧学院,西交利物浦大学、北京电影学院、长沙理工大学、上海戏剧学院、安徽师范大学,区域重点/特色优势：核心课保持完整，通常叠加地方产业、行业场景、实验项目和专业方向模块；样例：西交利物浦大学、北京电影学院、长沙理工大学、上海戏剧学院、安徽师范大学,山东女子学院、山西工学院、滇西科技师范学院、山西传媒学院、四川电影电视学院,普通应用/职业供给：更强调软件工具、项目制作、作品集、岗位实训，课程呈现更实训化、工具化；样例：山东女子学院、山西工学院、滇西科技师范学院、山西传媒学院、四川电影电视学院
130312T,影视技术,本科(普通),艺术学学士,四年,艺术学,戏剧与影视学类,影视技术概论、影视视听语言、摄影技术基础、数字图像处理、影视特效制作、影视剪辑与调色、影视灯光设计、影视声音技术、影视拍摄实训、特效合成项目实战,rysxai_major_course,,库内未命中,头部/强研究型：核心课不一定换名称，但会加深数学/理论和研究训练，重点看创作研究、设计方法论、作品集/展演、批评理论；样例：库内未命中该层次开设样例,北京电影学院、四川传媒学院、河北传媒学院、海口经济学院,区域重点/特色优势：核心课保持完整，通常叠加地方产业、行业场景、实验项目和专业方向模块；样例：北京电影学院、四川传媒学院、河北传媒学院、海口经济学院,四川电影电视学院、河南开封科技传媒学院、燕京理工学院、青岛电影学院、南京传媒学院,普通应用/职业供给：更强调软件工具、项目制作、作品集、岗位实训，课程呈现更实训化、工具化；样例：四川电影电视学院、河南开封科技传媒学院、燕京理工学院、青岛电影学院、南京传媒学院
130313T,戏剧教育,本科(普通),艺术学学士,四年,艺术学,戏剧与影视学类,戏剧概论、教育学基础、心理学基础、戏剧教育课程设计、儿童戏剧创作、戏剧教育实训、儿童戏剧排演实践、设计素描、设计色彩、设计构成,rysxai_major_course,,中央戏剧学院,头部/强研究型：核心课不一定换名称，但会加深数学/理论和研究训练，重点看创作研究、设计方法论、作品集/展演、批评理论；样例：中央戏剧学院,上海戏剧学院,区域重点/特色优势：核心课保持完整，通常叠加地方产业、行业场景、实验项目和专业方向模块；样例：上海戏剧学院,重庆第二师范学院、武汉传媒学院,普通应用/职业供给：更强调软件工具、项目制作、作品集、岗位实训，课程呈现更实训化、工具化；样例：重庆第二师范学院、武汉传媒学院
130314TK,曲艺,本科(普通),艺术学学士,四年,艺术学,戏剧与影视学类,设计素描、设计色彩、设计构成、设计史、图形创意、计算机辅助设计、用户研究、专题设计,category_template,rysxai课程文本未抽出课程名,中央戏剧学院,头部/强研究型：核心课不一定换名称，但会加深数学/理论和研究训练，重点看创作研究、设计方法论、作品集/展演、批评理论；样例：中央戏剧学院,辽宁科技大学、山东艺术学院,区域重点/特色优势：核心课保持完整，通常叠加地方产业、行业场景、实验项目和专业方向模块；样例：辽宁科技大学、山东艺术学院,库内未命中,普通应用/职业供给：更强调软件工具、项目制作、作品集、岗位实训，课程呈现更实训化、工具化；样例：库内未命中该层次开设样例
130315TK,音乐剧,本科(普通),艺术学学士,四年,艺术学,戏剧与影视学类,大学英语、大学语文、音乐理论基础、戏剧概论、舞蹈基本功训练、视唱练耳、台词基础、音乐剧表演、音乐剧声乐、音乐剧舞蹈,rysxai_major_course,,中国传媒大学、中央戏剧学院、上海音乐学院,头部/强研究型：核心课不一定换名称，但会加深数学/理论和研究训练，重点看创作研究、设计方法论、作品集/展演、批评理论；样例：中国传媒大学、中央戏剧学院、上海音乐学院,上海戏剧学院、浙江传媒学院、北京舞蹈学院、南京艺术学院、山东艺术学院,区域重点/特色优势：核心课保持完整，通常叠加地方产业、行业场景、实验项目和专业方向模块；样例：上海戏剧学院、浙江传媒学院、北京舞蹈学院、南京艺术学院、山东艺术学院,库内未命中,普通应用/职业供给：更强调软件工具、项目制作、作品集、岗位实训，课程呈现更实训化、工具化；样例：库内未命中该层次开设样例
130316T,数字戏剧,本科(普通),艺术学学士,五年,艺术学,戏剧与影视学类,设计素描、设计色彩、设计构成、设计史、图形创意、计算机辅助设计、用户研究、专题设计,category_template,rysxai课程文本未抽出课程名,中央戏剧学院,头部/强研究型：核心课不一定换名称，但会加深数学/理论和研究训练，重点看创作研究、设计方法论、作品集/展演、批评理论；样例：中央戏剧学院,库内未命中,区域重点/特色优势：核心课保持完整，通常叠加地方产业、行业场景、实验项目和专业方向模块；样例：库内未命中该层次开设样例,库内未命中,普通应用/职业供给：更强调软件工具、项目制作、作品集、岗位实训，课程呈现更实训化、工具化；样例：库内未命中该层次开设样例
130317T,数字演艺设计,本科(普通),艺术学学士,四年,艺术学,戏剧与影视学类,大学英语、计算机应用基础、高等数学、艺术概论、数字媒体技术基础、演艺策划与管理、舞台美术基础、数字演艺项目策划、数字舞台设计、互动演艺技术,rysxai_major_course,,库内未命中,头部/强研究型：核心课不一定换名称，但会加深数学/理论和研究训练，重点看创作研究、设计方法论、作品集/展演、批评理论；样例：库内未命中该层次开设样例,上海戏剧学院,区域重点/特色优势：核心课保持完整，通常叠加地方产业、行业场景、实验项目和专业方向模块；样例：上海戏剧学院,库内未命中,普通应用/职业供给：更强调软件工具、项目制作、作品集、岗位实训，课程呈现更实训化、工具化；样例：库内未命中该层次开设样例
130318T,智能影像艺术,本科(普通),艺术学学士,四年,艺术学,戏剧与影视学类,大学英语、计算机应用基础、高等数学、数字图像处理、艺术概论、设计基础、影视美学、智能影像创作、机器学习与影像生成、互动影像设计,rysxai_major_course,,中国传媒大学,头部/强研究型：核心课不一定换名称，但会加深数学/理论和研究训练，重点看创作研究、设计方法论、作品集/展演、批评理论；样例：中国传媒大学,库内未命中,区域重点/特色优势：核心课保持完整，通常叠加地方产业、行业场景、实验项目和专业方向模块；样例：库内未命中该层次开设样例,库内未命中,普通应用/职业供给：更强调软件工具、项目制作、作品集、岗位实训，课程呈现更实训化、工具化；样例：库内未命中该层次开设样例
130401,美术学,本科(普通),艺术学学士,四年,艺术学,美术学类,素描、色彩、解剖学、透视学、美术技法理论、中国美术史、外国美术史、中国古代画论、美术鉴赏与批评、国画基础,rysxai_major_course,,浙江大学、东南大学、四川大学、中国人民大学、北京师范大学,头部/强研究型：核心课不一定换名称，但会加深数学/理论和研究训练，重点看创作研究、设计方法论、作品集/展演、批评理论；样例：浙江大学、东南大学、四川大学、中国人民大学、北京师范大学,山东师范大学、广州大学、浙江理工大学、杭州师范大学、湖北大学,区域重点/特色优势：核心课保持完整，通常叠加地方产业、行业场景、实验项目和专业方向模块；样例：山东师范大学、广州大学、浙江理工大学、杭州师范大学、湖北大学,洛阳理工学院、周口师范学院、湘南学院、许昌学院、江苏第二师范学院,普通应用/职业供给：更强调软件工具、项目制作、作品集、岗位实训，课程呈现更实训化、工具化；样例：洛阳理工学院、周口师范学院、湘南学院、许昌学院、江苏第二师范学院
130402,绘画,本科(普通),艺术学学士,四年,艺术学,美术学类,构成基础、透视学、解剖学、人体结构、石膏像素描、素描半身像、人体素描、人体速写、线描艺术基础、线描人物临摹/写生,rysxai_major_course,,清华大学、北京航空航天大学、四川大学、中国人民大学、南开大学,头部/强研究型：核心课不一定换名称，但会加深数学/理论和研究训练，重点看创作研究、设计方法论、作品集/展演、批评理论；样例：清华大学、北京航空航天大学、四川大学、中国人民大学、南开大学,青岛大学、深圳北理莫斯科大学、杭州师范大学、西安建筑科技大学、北京语言大学,区域重点/特色优势：核心课保持完整，通常叠加地方产业、行业场景、实验项目和专业方向模块；样例：青岛大学、深圳北理莫斯科大学、杭州师范大学、西安建筑科技大学、北京语言大学,周口师范学院、商丘师范学院、通化师范学院、安阳工学院、保定学院,普通应用/职业供给：更强调软件工具、项目制作、作品集、岗位实训，课程呈现更实训化、工具化；样例：周口师范学院、商丘师范学院、通化师范学院、安阳工学院、保定学院
130403,雕塑,本科(普通),艺术学学士,五年，四年,艺术学,美术学类,造型学院基础部素描、造型学院基础部色彩、造型学院基础部线描、造型学院基础部结构造型、素描、人体速写、泥塑、泥塑头像速塑、泥塑人体速塑、木雕技法普修/木雕技法练习,rysxai_major_course,,清华大学、大连理工大学、华东师范大学、郑州大学、东北师范大学,头部/强研究型：核心课不一定换名称，但会加深数学/理论和研究训练，重点看创作研究、设计方法论、作品集/展演、批评理论；样例：清华大学、大连理工大学、华东师范大学、郑州大学、东北师范大学,西安理工大学、西安建筑科技大学、安徽师范大学、湖南科技大学、西南民族大学,区域重点/特色优势：核心课保持完整，通常叠加地方产业、行业场景、实验项目和专业方向模块；样例：西安理工大学、西安建筑科技大学、安徽师范大学、湖南科技大学、西南民族大学,商丘师范学院、通化师范学院、廊坊师范学院、景德镇学院、上海视觉艺术学院,普通应用/职业供给：更强调软件工具、项目制作、作品集、岗位实训，课程呈现更实训化、工具化；样例：商丘师范学院、通化师范学院、廊坊师范学院、景德镇学院、上海视觉艺术学院
130404,摄影,本科(普通),艺术学学士,四年,艺术学,美术学类,摄影技术概论、摄影器材与应用、摄影曝光控制与影调调节、摄影光线造型与处理、摄影构图与用光、现代照相机原理与使用、摄影史、世界摄影史、中外摄影史、视觉文化概论,rysxai_major_course,,清华大学、中国传媒大学、河南大学、中央美术学院、中国美术学院,头部/强研究型：核心课不一定换名称，但会加深数学/理论和研究训练，重点看创作研究、设计方法论、作品集/展演、批评理论；样例：清华大学、中国传媒大学、河南大学、中央美术学院、中国美术学院,北京电影学院、西安理工大学、大连医科大学、上海师范大学、浙江财经大学,区域重点/特色优势：核心课保持完整，通常叠加地方产业、行业场景、实验项目和专业方向模块；样例：北京电影学院、西安理工大学、大连医科大学、上海师范大学、浙江财经大学,商丘师范学院、南昌师范学院、山西传媒学院、成都文理学院、郑州西亚斯学院,普通应用/职业供给：更强调软件工具、项目制作、作品集、岗位实训，课程呈现更实训化、工具化；样例：商丘师范学院、南昌师范学院、山西传媒学院、成都文理学院、郑州西亚斯学院
130405T,书法学,本科(普通),艺术学学士,四年,艺术学,美术学类,书法美学、中国书法史、中国书学史、古代书论选读、书法理论、中国书法赏析、中国画论概述、艺术概论、碑帖鉴赏与金石学、正书,rysxai_major_course,,西安交通大学、四川大学、北京师范大学、中央财经大学、郑州大学,头部/强研究型：核心课不一定换名称，但会加深数学/理论和研究训练，重点看创作研究、设计方法论、作品集/展演、批评理论；样例：西安交通大学、四川大学、北京师范大学、中央财经大学、郑州大学,山东师范大学、杭州师范大学、北京语言大学、上海师范大学、温州大学,区域重点/特色优势：核心课保持完整，通常叠加地方产业、行业场景、实验项目和专业方向模块；样例：山东师范大学、杭州师范大学、北京语言大学、上海师范大学、温州大学,周口师范学院、商丘师范学院、渭南师范学院、齐鲁师范学院、廊坊师范学院,普通应用/职业供给：更强调软件工具、项目制作、作品集、岗位实训，课程呈现更实训化、工具化；样例：周口师范学院、商丘师范学院、渭南师范学院、齐鲁师范学院、廊坊师范学院
130406T,中国画,本科(普通),艺术学学士,四年,艺术学,美术学类,中国美术史、艺术概论、画论、白描花鸟、设计素描、设计色彩、设计构成、设计史、图形创意、计算机辅助设计,rysxai_major_course+category_template,,四川大学、中央民族大学、南京师范大学、上海大学、中央美术学院,头部/强研究型：核心课不一定换名称，但会加深数学/理论和研究训练，重点看创作研究、设计方法论、作品集/展演、批评理论；样例：四川大学、中央民族大学、南京师范大学、上海大学、中央美术学院,上海师范大学、天津师范大学、哈尔滨师范大学、西华师范大学、北方民族大学,区域重点/特色优势：核心课保持完整，通常叠加地方产业、行业场景、实验项目和专业方向模块；样例：上海师范大学、天津师范大学、哈尔滨师范大学、西华师范大学、北方民族大学,沧州师范学院、安徽艺术学院、西安交通大学城市学院、齐鲁理工学院、大连艺术学院,普通应用/职业供给：更强调软件工具、项目制作、作品集、岗位实训，课程呈现更实训化、工具化；样例：沧州师范学院、安徽艺术学院、西安交通大学城市学院、齐鲁理工学院、大连艺术学院
130407TK,实验艺术,本科(普通),艺术学学士,四年,艺术学,美术学类,大学英语、大学语文、艺术史论、造型基础、实验艺术概论、媒介与材料研究、实验性绘画、跨媒介艺术创作、现场艺术与行为、数字艺术实验,rysxai_major_course,,上海大学、中央美术学院,头部/强研究型：核心课不一定换名称，但会加深数学/理论和研究训练，重点看创作研究、设计方法论、作品集/展演、批评理论；样例：上海大学、中央美术学院,景德镇陶瓷大学、四川美术学院、广州美术学院、天津美术学院、西安美术学院,区域重点/特色优势：核心课保持完整，通常叠加地方产业、行业场景、实验项目和专业方向模块；样例：景德镇陶瓷大学、四川美术学院、广州美术学院、天津美术学院、西安美术学院,库内未命中,普通应用/职业供给：更强调软件工具、项目制作、作品集、岗位实训，课程呈现更实训化、工具化；样例：库内未命中该层次开设样例
130408TK,跨媒体艺术,本科(普通),艺术学学士,四年,艺术学,美术学类,艺术概论、新媒体艺术史、数字图像处理、跨媒体叙事、互动媒体设计、数字影视制作、跨媒体项目实训、数字绘画与动态图形实践、互动装置设计实验、设计素描,rysxai_major_course,,南京师范大学、中国美术学院,头部/强研究型：核心课不一定换名称，但会加深数学/理论和研究训练，重点看创作研究、设计方法论、作品集/展演、批评理论；样例：南京师范大学、中国美术学院,北京电影学院、天津美术学院、湖北美术学院、四川传媒学院、澳门理工大学,区域重点/特色优势：核心课保持完整，通常叠加地方产业、行业场景、实验项目和专业方向模块；样例：北京电影学院、天津美术学院、湖北美术学院、四川传媒学院、澳门理工大学,库内未命中,普通应用/职业供给：更强调软件工具、项目制作、作品集、岗位实训，课程呈现更实训化、工具化；样例：库内未命中该层次开设样例
130409T,文物保护与修复,本科(普通),艺术学学士,四年,艺术学,美术学类,文物学概论、博物馆学基础、材料科学基础、文物修复技术、文物保护材料、古代壁画保护与修复、文物修复实训、田野考古实习、博物馆文物修复实践、设计素描,rysxai_major_course,,太原理工大学、中央美术学院、中国美术学院,头部/强研究型：核心课不一定换名称，但会加深数学/理论和研究训练，重点看创作研究、设计方法论、作品集/展演、批评理论；样例：太原理工大学、中央美术学院、中国美术学院,广州美术学院、天津美术学院、西安美术学院、南京艺术学院、鲁迅美术学院,区域重点/特色优势：核心课保持完整，通常叠加地方产业、行业场景、实验项目和专业方向模块；样例：广州美术学院、天津美术学院、西安美术学院、南京艺术学院、鲁迅美术学院,安阳学院、上海视觉艺术学院、青岛电影学院、大连艺术学院、河北东方学院,普通应用/职业供给：更强调软件工具、项目制作、作品集、岗位实训，课程呈现更实训化、工具化；样例：安阳学院、上海视觉艺术学院、青岛电影学院、大连艺术学院、河北东方学院
130410T,漫画,本科(普通),艺术学学士,四年,艺术学,美术学类,美术基础、艺术概论、漫画史、漫画脚本创作、漫画绘画技法、分镜设计、角色与场景设计实践、数字漫画制作、漫画创作实训、漫画项目孵化,rysxai_major_course,,中国传媒大学,头部/强研究型：核心课不一定换名称，但会加深数学/理论和研究训练，重点看创作研究、设计方法论、作品集/展演、批评理论；样例：中国传媒大学,北京电影学院、内蒙古艺术学院、四川传媒学院、河北传媒学院,区域重点/特色优势：核心课保持完整，通常叠加地方产业、行业场景、实验项目和专业方向模块；样例：北京电影学院、内蒙古艺术学院、四川传媒学院、河北传媒学院,山西传媒学院、四川电影电视学院、四川大学锦江学院、吉林动画学院、南京传媒学院,普通应用/职业供给：更强调软件工具、项目制作、作品集、岗位实训，课程呈现更实训化、工具化；样例：山西传媒学院、四川电影电视学院、四川大学锦江学院、吉林动画学院、南京传媒学院
130411T,纤维艺术,本科(普通),艺术学学士,四年,艺术学,美术学类,艺术概论、素描与色彩基础、中外工艺美术史、纤维材料学、纤维艺术创作、编织工艺、染织设计、软雕塑设计、纤维材料实验、主题创作实训,rysxai_major_course,,中国美术学院,头部/强研究型：核心课不一定换名称，但会加深数学/理论和研究训练，重点看创作研究、设计方法论、作品集/展演、批评理论；样例：中国美术学院,广州美术学院、湖北美术学院,区域重点/特色优势：核心课保持完整，通常叠加地方产业、行业场景、实验项目和专业方向模块；样例：广州美术学院、湖北美术学院,河北美术学院,普通应用/职业供给：更强调软件工具、项目制作、作品集、岗位实训，课程呈现更实训化、工具化；样例：河北美术学院
130412TK,科技艺术,本科(普通),艺术学学士,四年,艺术学,美术学类,设计素描、设计色彩、设计构成、设计史、图形创意、计算机辅助设计、用户研究、专题设计,category_template,rysxai课程文本未抽出课程名,中央美术学院,头部/强研究型：核心课不一定换名称，但会加深数学/理论和研究训练，重点看创作研究、设计方法论、作品集/展演、批评理论；样例：中央美术学院,广州美术学院、天津美术学院,区域重点/特色优势：核心课保持完整，通常叠加地方产业、行业场景、实验项目和专业方向模块；样例：广州美术学院、天津美术学院,库内未命中,普通应用/职业供给：更强调软件工具、项目制作、作品集、岗位实训，课程呈现更实训化、工具化；样例：库内未命中该层次开设样例
130413TK,美术教育,本科(普通),艺术学学士,四年,艺术学,美术学类,美术概论、艺术美学、中外美术史、素描基础、色彩基础、教育心理学、美术教学论、中小学美术教材分析、儿童美术教育、美术技能实训,rysxai_major_course,,库内未命中,头部/强研究型：核心课不一定换名称，但会加深数学/理论和研究训练，重点看创作研究、设计方法论、作品集/展演、批评理论；样例：库内未命中该层次开设样例,天津师范大学、临沂大学、北华大学、吉林师范大学、四川美术学院,区域重点/特色优势：核心课保持完整，通常叠加地方产业、行业场景、实验项目和专业方向模块；样例：天津师范大学、临沂大学、北华大学、吉林师范大学、四川美术学院,济宁学院、齐鲁师范学院、凯里学院、四川文理学院、德宏师范学院,普通应用/职业供给：更强调软件工具、项目制作、作品集、岗位实训，课程呈现更实训化、工具化；样例：济宁学院、齐鲁师范学院、凯里学院、四川文理学院、德宏师范学院
130414T,虚拟空间艺术,本科(普通),艺术学学士,四年,艺术学,美术学类,艺术概论、数字媒体技术基础、三维建模基础、素描与色彩基础、虚拟空间设计、交互设计、VR应用设计、虚拟沉浸体验设计、虚拟场景制作实训、交互原型开发实践,rysxai_major_course,,库内未命中,头部/强研究型：核心课不一定换名称，但会加深数学/理论和研究训练，重点看创作研究、设计方法论、作品集/展演、批评理论；样例：库内未命中该层次开设样例,库内未命中,区域重点/特色优势：核心课保持完整，通常叠加地方产业、行业场景、实验项目和专业方向模块；样例：库内未命中该层次开设样例,库内未命中,普通应用/职业供给：更强调软件工具、项目制作、作品集、岗位实训，课程呈现更实训化、工具化；样例：库内未命中该层次开设样例
130501,艺术设计学,本科(普通),艺术学学士,四年,艺术学,设计学类,设计素描、设计色彩、软件设计基础、中国工艺美学史、西方现代设计史、西方古代美术史、西方近现代美术史、中国古代绘画、中国现当代艺术、中国现代美术理论与思潮,rysxai_major_course,,同济大学、北京师范大学、南开大学、吉林大学、北京师范大学(珠海校区),头部/强研究型：核心课不一定换名称，但会加深数学/理论和研究训练，重点看创作研究、设计方法论、作品集/展演、批评理论；样例：同济大学、北京师范大学、南开大学、吉林大学、北京师范大学(珠海校区),汕头大学、湖南工业大学、景德镇陶瓷大学、成都师范学院、福建江夏学院,区域重点/特色优势：核心课保持完整，通常叠加地方产业、行业场景、实验项目和专业方向模块；样例：汕头大学、湖南工业大学、景德镇陶瓷大学、成都师范学院、福建江夏学院,吉林警察学院、南昌师范学院、安顺学院、广西科技师范学院、沧州师范学院,普通应用/职业供给：更强调软件工具、项目制作、作品集、岗位实训，课程呈现更实训化、工具化；样例：吉林警察学院、南昌师范学院、安顺学院、广西科技师范学院、沧州师范学院
130502,视觉传达设计,本科(普通),艺术学学士,四年,艺术学,设计学类,造型基础、设计素描、线描基础、国画基础、色彩构成、平面构成、立体构成、表现、美术史考察、设计概论,rysxai_major_course,,清华大学、上海交通大学、北京航空航天大学、北京理工大学、四川大学,头部/强研究型：核心课不一定换名称，但会加深数学/理论和研究训练，重点看创作研究、设计方法论、作品集/展演、批评理论；样例：清华大学、上海交通大学、北京航空航天大学、北京理工大学、四川大学,浙江工商大学、上海理工大学、青岛大学、燕山大学、昆明理工大学,区域重点/特色优势：核心课保持完整，通常叠加地方产业、行业场景、实验项目和专业方向模块；样例：浙江工商大学、上海理工大学、青岛大学、燕山大学、昆明理工大学,洛阳理工学院、周口师范学院、湘南学院、许昌学院、江苏第二师范学院,普通应用/职业供给：更强调软件工具、项目制作、作品集、岗位实训，课程呈现更实训化、工具化；样例：洛阳理工学院、周口师范学院、湘南学院、许昌学院、江苏第二师范学院
130503,环境设计,本科(普通),艺术学学士,四年,艺术学,设计学类,设计基础、素描、设计色彩、设计构成、平面构成、空间概念、设计图学、工程制图、人体工程学、中外建筑史,rysxai_major_course,,清华大学、武汉大学、华中科技大学、西安交通大学、北京理工大学,头部/强研究型：核心课不一定换名称，但会加深数学/理论和研究训练，重点看创作研究、设计方法论、作品集/展演、批评理论；样例：清华大学、武汉大学、华中科技大学、西安交通大学、北京理工大学,江西财经大学、浙江工商大学、山东师范大学、广州大学、上海理工大学,区域重点/特色优势：核心课保持完整，通常叠加地方产业、行业场景、实验项目和专业方向模块；样例：江西财经大学、浙江工商大学、山东师范大学、广州大学、上海理工大学,洛阳理工学院、周口师范学院、湘南学院、许昌学院、贵州理工学院,普通应用/职业供给：更强调软件工具、项目制作、作品集、岗位实训，课程呈现更实训化、工具化；样例：洛阳理工学院、周口师范学院、湘南学院、许昌学院、贵州理工学院
130504,产品设计,本科(普通),艺术学学士,四年,艺术学,设计学类,素描、色彩传达、设计素描、工业设计概论、人机工程学、设计心理学、设计管理、设计手绘、制图、建模与渲染,rysxai_major_course,,清华大学、武汉大学、华中科技大学、哈尔滨工业大学、北京理工大学,头部/强研究型：核心课不一定换名称，但会加深数学/理论和研究训练，重点看创作研究、设计方法论、作品集/展演、批评理论；样例：清华大学、武汉大学、华中科技大学、哈尔滨工业大学、北京理工大学,江西财经大学、浙江工商大学、广州大学、上海理工大学、燕山大学,区域重点/特色优势：核心课保持完整，通常叠加地方产业、行业场景、实验项目和专业方向模块；样例：江西财经大学、浙江工商大学、广州大学、上海理工大学、燕山大学,洛阳理工学院、湘南学院、许昌学院、怀化学院、河南工程学院,普通应用/职业供给：更强调软件工具、项目制作、作品集、岗位实训，课程呈现更实训化、工具化；样例：洛阳理工学院、湘南学院、许昌学院、怀化学院、河南工程学院
130505,服装与服饰设计,本科(普通),艺术学学士,四年,艺术学,设计学类,纺织与服装概论、设计基础、构成基础、中外服装史、图案与设计构成、设计元素、服装画技法、平面设计、面料设计、传统印染织绣工艺,rysxai_major_course,,清华大学、四川大学、华南理工大学、中央民族大学、苏州大学,头部/强研究型：核心课不一定换名称，但会加深数学/理论和研究训练，重点看创作研究、设计方法论、作品集/展演、批评理论；样例：清华大学、四川大学、华南理工大学、中央民族大学、苏州大学,青岛大学、昆明理工大学、大连医科大学、浙江理工大学、江西师范大学,区域重点/特色优势：核心课保持完整，通常叠加地方产业、行业场景、实验项目和专业方向模块；样例：青岛大学、昆明理工大学、大连医科大学、浙江理工大学、江西师范大学,周口师范学院、重庆第二师范学院、河南工程学院、南京特殊教育师范学院、武汉商学院,普通应用/职业供给：更强调软件工具、项目制作、作品集、岗位实训，课程呈现更实训化、工具化；样例：周口师范学院、重庆第二师范学院、河南工程学院、南京特殊教育师范学院、武汉商学院
130506,公共艺术,本科(普通),艺术学学士,四年,艺术学,设计学类,中国工艺美术史、设计概论、视觉设计基础、创意素描、雕塑、纤维艺术、公共艺术、当代艺术、观念造型、设计素描,rysxai_major_course,,华东师范大学、江南大学、南京林业大学、中央美术学院、中国美术学院,头部/强研究型：核心课不一定换名称，但会加深数学/理论和研究训练，重点看创作研究、设计方法论、作品集/展演、批评理论；样例：华东师范大学、江南大学、南京林业大学、中央美术学院、中国美术学院,杭州师范大学、武汉科技大学、天津科技大学、湖北工业大学、辽宁师范大学,区域重点/特色优势：核心课保持完整，通常叠加地方产业、行业场景、实验项目和专业方向模块；样例：杭州师范大学、武汉科技大学、天津科技大学、湖北工业大学、辽宁师范大学,重庆第二师范学院、河南财政金融学院、铜陵学院、阿坝师范学院、四川电影电视学院,普通应用/职业供给：更强调软件工具、项目制作、作品集、岗位实训，课程呈现更实训化、工具化；样例：重庆第二师范学院、河南财政金融学院、铜陵学院、阿坝师范学院、四川电影电视学院
130507,工艺美术,本科(普通),艺术学学士,四年,艺术学,设计学类,设计素描、设计色彩、线描艺术、透视学、图案、立体构成、色彩构成、平勾与色构、工艺美术概论、中外美术史,rysxai_major_course,,清华大学、上海大学、北京工业大学、福州大学、湖南师范大学,头部/强研究型：核心课不一定换名称，但会加深数学/理论和研究训练，重点看创作研究、设计方法论、作品集/展演、批评理论；样例：清华大学、上海大学、北京工业大学、福州大学、湖南师范大学,长沙理工大学、安徽师范大学、广西师范大学、南昌航空大学、桂林电子科技大学,区域重点/特色优势：核心课保持完整，通常叠加地方产业、行业场景、实验项目和专业方向模块；样例：长沙理工大学、安徽师范大学、广西师范大学、南昌航空大学、桂林电子科技大学,齐鲁师范学院、福建技术师范学院、黄山学院、四川旅游学院、保定学院,普通应用/职业供给：更强调软件工具、项目制作、作品集、岗位实训，课程呈现更实训化、工具化；样例：齐鲁师范学院、福建技术师范学院、黄山学院、四川旅游学院、保定学院
130508,数字媒体艺术,本科(普通),艺术学学士,四年,艺术学,设计学类,设计素描、色彩基础、绘画基础、设计基础、造型基础、设计色彩、新媒体艺术概论、数字媒体艺术概论、设计美学、视听语言,rysxai_major_course,,华中科技大学、哈尔滨工业大学、哈尔滨工业大学(深圳)、北京师范大学、厦门大学,头部/强研究型：核心课不一定换名称，但会加深数学/理论和研究训练，重点看创作研究、设计方法论、作品集/展演、批评理论；样例：华中科技大学、哈尔滨工业大学、哈尔滨工业大学(深圳)、北京师范大学、厦门大学,江西财经大学、浙江工商大学、西交利物浦大学、广州大学、北京电影学院,区域重点/特色优势：核心课保持完整，通常叠加地方产业、行业场景、实验项目和专业方向模块；样例：江西财经大学、浙江工商大学、西交利物浦大学、广州大学、北京电影学院,洛阳理工学院、湘南学院、江苏第二师范学院、六盘水师范学院、黄淮学院,普通应用/职业供给：更强调软件工具、项目制作、作品集、岗位实训，课程呈现更实训化、工具化；样例：洛阳理工学院、湘南学院、江苏第二师范学院、六盘水师范学院、黄淮学院
130509T,艺术与科技,本科(普通),艺术学学士,五年，四年,艺术学,设计学类,设计素描、设计色彩、设计构成、设计史、图形创意、计算机辅助设计、用户研究、专题设计,category_template,rysxai课程文本未抽出课程名,清华大学、浙江大学、华中科技大学、中南大学、上海大学,头部/强研究型：核心课不一定换名称，但会加深数学/理论和研究训练，重点看创作研究、设计方法论、作品集/展演、批评理论；样例：清华大学、浙江大学、华中科技大学、中南大学、上海大学,西交利物浦大学、北京电影学院、昆明理工大学、西安理工大学、浙江理工大学,区域重点/特色优势：核心课保持完整，通常叠加地方产业、行业场景、实验项目和专业方向模块；样例：西交利物浦大学、北京电影学院、昆明理工大学、西安理工大学、浙江理工大学,太原工业学院、山东管理学院、吕梁学院、山西工程技术学院、忻州师范学院,普通应用/职业供给：更强调软件工具、项目制作、作品集、岗位实训，课程呈现更实训化、工具化；样例：太原工业学院、山东管理学院、吕梁学院、山西工程技术学院、忻州师范学院
130510TK,陶瓷艺术设计,本科(普通),艺术学学士,四年,艺术学,设计学类,艺术概论、设计素描、陶瓷材料学、陶瓷造型设计、陶瓷装饰设计、陶瓷工艺学、陶瓷拉坯实训、陶瓷釉料配制实验、陶瓷烧成工艺实践、设计色彩,rysxai_major_course,,清华大学、中国美术学院,头部/强研究型：核心课不一定换名称，但会加深数学/理论和研究训练，重点看创作研究、设计方法论、作品集/展演、批评理论；样例：清华大学、中国美术学院,湖南工业大学、景德镇陶瓷大学、丽水学院、广州美术学院、平顶山学院,区域重点/特色优势：核心课保持完整，通常叠加地方产业、行业场景、实验项目和专业方向模块；样例：湖南工业大学、景德镇陶瓷大学、丽水学院、广州美术学院、平顶山学院,山西工学院、景德镇艺术职业大学、河北美术学院,普通应用/职业供给：更强调软件工具、项目制作、作品集、岗位实训，课程呈现更实训化、工具化；样例：山西工学院、景德镇艺术职业大学、河北美术学院
130511T,新媒体艺术,本科(普通),艺术学学士,四年,艺术学,设计学类,大学英语、计算机应用基础、艺术概论、新媒体概论、数字媒体技术基础、新媒体艺术创作、交互设计、数字影像制作、新媒体作品实训、交互装置设计实践,rysxai_major_course,,中国传媒大学,头部/强研究型：核心课不一定换名称，但会加深数学/理论和研究训练，重点看创作研究、设计方法论、作品集/展演、批评理论；样例：中国传媒大学,北京电影学院、桂林理工大学、辽宁工程技术大学、北京印刷学院、深圳技术大学,区域重点/特色优势：核心课保持完整，通常叠加地方产业、行业场景、实验项目和专业方向模块；样例：北京电影学院、桂林理工大学、辽宁工程技术大学、北京印刷学院、深圳技术大学,滇西科技师范学院、陕西学前师范学院、绵阳城市学院、南宁学院、青岛电影学院,普通应用/职业供给：更强调软件工具、项目制作、作品集、岗位实训，课程呈现更实训化、工具化；样例：滇西科技师范学院、陕西学前师范学院、绵阳城市学院、南宁学院、青岛电影学院
130512T,包装设计,本科(普通),艺术学学士,四年,艺术学,设计学类,设计素描、平面构成、设计概论、包装结构设计、包装装潢设计、包装材料与工艺、包装手绘表现实训、数字包装设计实践、包装原型制作实训、设计色彩,rysxai_major_course,,库内未命中,头部/强研究型：核心课不一定换名称，但会加深数学/理论和研究训练，重点看创作研究、设计方法论、作品集/展演、批评理论；样例：库内未命中该层次开设样例,上海理工大学、湖南工业大学、景德镇陶瓷大学、金陵科技学院、山东工艺美术学院,区域重点/特色优势：核心课保持完整，通常叠加地方产业、行业场景、实验项目和专业方向模块；样例：上海理工大学、湖南工业大学、景德镇陶瓷大学、金陵科技学院、山东工艺美术学院,齐鲁师范学院、山西工程技术学院、郑州工程技术学院、吉林动画学院、南通理工学院,普通应用/职业供给：更强调软件工具、项目制作、作品集、岗位实训，课程呈现更实训化、工具化；样例：齐鲁师范学院、山西工程技术学院、郑州工程技术学院、吉林动画学院、南通理工学院
130513TK,珠宝首饰设计与工艺,本科(普通),艺术学学士,四年,艺术学,设计学类,大学英语、计算机应用基础、珠宝首饰概论、设计素描、色彩基础、首饰材料与工艺基础、宝石学基础、珠宝首饰设计、电脑首饰设计、首饰手绘实训,rysxai_major_course,,库内未命中,头部/强研究型：核心课不一定换名称，但会加深数学/理论和研究训练，重点看创作研究、设计方法论、作品集/展演、批评理论；样例：库内未命中该层次开设样例,桂林理工大学、河北地质大学、南阳师范学院,区域重点/特色优势：核心课保持完整，通常叠加地方产业、行业场景、实验项目和专业方向模块；样例：桂林理工大学、河北地质大学、南阳师范学院,滇西应用技术大学、河北美术学院、广州华商学院、同济大学浙江学院,普通应用/职业供给：更强调软件工具、项目制作、作品集、岗位实训，课程呈现更实训化、工具化；样例：滇西应用技术大学、河北美术学院、广州华商学院、同济大学浙江学院
130514T,人居设计,本科(普通),艺术学学士,四年,艺术学,设计学类,建筑概论、人体工程学、环境心理学、人居环境规划与设计、住宅空间设计、生态建筑设计、手绘表现实训、人居设计项目实战、设计素描、设计色彩,rysxai_major_course,,上海交通大学,头部/强研究型：核心课不一定换名称，但会加深数学/理论和研究训练，重点看创作研究、设计方法论、作品集/展演、批评理论；样例：上海交通大学,库内未命中,区域重点/特色优势：核心课保持完整，通常叠加地方产业、行业场景、实验项目和专业方向模块；样例：库内未命中该层次开设样例,库内未命中,普通应用/职业供给：更强调软件工具、项目制作、作品集、岗位实训，课程呈现更实训化、工具化；样例：库内未命中该层次开设样例
130515TK,游戏艺术设计,本科(普通),艺术学学士,四年,艺术学,设计学类,素描与色彩、设计概论、数字绘画基础、游戏美术史、游戏角色设计、游戏场景设计、游戏动画制作、游戏原画实训、3D游戏建模实践、游戏原型设计实践,rysxai_major_course,,库内未命中,头部/强研究型：核心课不一定换名称，但会加深数学/理论和研究训练，重点看创作研究、设计方法论、作品集/展演、批评理论；样例：库内未命中该层次开设样例,北京电影学院、深圳职业技术大学、广东轻工职业技术大学、山东工艺美术学院、上海工艺美术职业学院,区域重点/特色优势：核心课保持完整，通常叠加地方产业、行业场景、实验项目和专业方向模块；样例：北京电影学院、深圳职业技术大学、广东轻工职业技术大学、山东工艺美术学院、上海工艺美术职业学院,北京科技职业大学、电子科技大学成都学院、成都艺术职业大学、四川文化艺术学院、河北外国语学院,普通应用/职业供给：更强调软件工具、项目制作、作品集、岗位实训，课程呈现更实训化、工具化；样例：北京科技职业大学、电子科技大学成都学院、成都艺术职业大学、四川文化艺术学院、河北外国语学院
410101,种子生产与经营,专科(高职),,三年,农林牧渔大类,农业类,专业导论、岗位基础技能、专业核心技术、设备/软件操作、项目实训、职业规范、综合实训、顶岗实习,category_template,rysxai课程文本未抽出课程名,库内未命中,头部/强研究型：核心课不一定换名称，但会加深数学/理论和研究训练，重点看理论深度、科研训练、交叉前沿、学术写作；样例：库内未命中该层次开设样例,内蒙古农业大学、湖南生物机电职业技术学院、重庆三峡职业学院、黑龙江农业经济职业学院,区域重点/特色优势：核心课保持完整，通常叠加地方产业、行业场景、实验项目和专业方向模块；样例：内蒙古农业大学、湖南生物机电职业技术学院、重庆三峡职业学院、黑龙江农业经济职业学院,吉林农业科技学院、信阳农林学院、菏泽学院、新疆农业职业技术大学、酒泉职业技术大学,普通应用/职业供给：更强调岗位技能、项目实训、证书衔接、综合实践，课程呈现更实训化、工具化；样例：吉林农业科技学院、信阳农林学院、菏泽学院、新疆农业职业技术大学、酒泉职业技术大学
410102,作物生产与经营管理,专科(高职),,三年,农林牧渔大类,农业类,专业导论、岗位基础技能、专业核心技术、设备/软件操作、项目实训、职业规范、综合实训、顶岗实习,category_template,rysxai课程文本未抽出课程名,库内未命中,头部/强研究型：核心课不一定换名称，但会加深数学/理论和研究训练，重点看理论深度、科研训练、交叉前沿、学术写作；样例：库内未命中该层次开设样例,江苏农林职业技术学院、西藏职业技术学院、黑龙江农业经济职业学院,区域重点/特色优势：核心课保持完整，通常叠加地方产业、行业场景、实验项目和专业方向模块；样例：江苏农林职业技术学院、西藏职业技术学院、黑龙江农业经济职业学院,广西农业职业技术大学、酒泉职业技术大学、上海农林职业技术学院、云南农业职业技术学院、保定职业技术学院,普通应用/职业供给：更强调岗位技能、项目实训、证书衔接、综合实践，课程呈现更实训化、工具化；样例：广西农业职业技术大学、酒泉职业技术大学、上海农林职业技术学院、云南农业职业技术学院、保定职业技术学院
410103,现代农业技术,专科(高职),,三年,农林牧渔大类,农业类,专业导论、岗位基础技能、专业核心技术、设备/软件操作、项目实训、职业规范、综合实训、顶岗实习,category_template,rysxai课程文本未抽出课程名,库内未命中,头部/强研究型：核心课不一定换名称，但会加深数学/理论和研究训练，重点看理论深度、科研训练、交叉前沿、学术写作；样例：库内未命中该层次开设样例,四川民族学院、东营职业学院、新疆生产建设兵团兴新职业技术学院、江苏农林职业技术学院、江苏农牧科技职业学院,区域重点/特色优势：核心课保持完整，通常叠加地方产业、行业场景、实验项目和专业方向模块；样例：四川民族学院、东营职业学院、新疆生产建设兵团兴新职业技术学院、江苏农林职业技术学院、江苏农牧科技职业学院,吉林农业科技学院、广西农业职业技术大学、扬州职业技术大学、长春职业技术大学、酒泉职业技术大学,普通应用/职业供给：更强调岗位技能、项目实训、证书衔接、综合实践，课程呈现更实训化、工具化；样例：吉林农业科技学院、广西农业职业技术大学、扬州职业技术大学、长春职业技术大学、酒泉职业技术大学
410104,生态农业技术,专科(高职),,三年,农林牧渔大类,农业类,专业导论、岗位基础技能、专业核心技术、设备/软件操作、项目实训、职业规范、综合实训、顶岗实习,category_template,rysxai课程文本未抽出课程名,库内未命中,头部/强研究型：核心课不一定换名称，但会加深数学/理论和研究训练，重点看理论深度、科研训练、交叉前沿、学术写作；样例：库内未命中该层次开设样例,苏州农业职业技术学院,区域重点/特色优势：核心课保持完整，通常叠加地方产业、行业场景、实验项目和专业方向模块；样例：苏州农业职业技术学院,铜仁职业技术大学、云南锡业职业技术学院、江西农业工程职业学院、湘西民族职业技术学院、红河职业技术学院,普通应用/职业供给：更强调岗位技能、项目实训、证书衔接、综合实践，课程呈现更实训化、工具化；样例：铜仁职业技术大学、云南锡业职业技术学院、江西农业工程职业学院、湘西民族职业技术学院、红河职业技术学院
410105,园艺技术,专科(高职),,三年,农林牧渔大类,农业类,专业导论、岗位基础技能、专业核心技术、设备/软件操作、项目实训、职业规范、综合实训、顶岗实习,category_template,rysxai课程文本未抽出课程名,库内未命中,头部/强研究型：核心课不一定换名称，但会加深数学/理论和研究训练，重点看理论深度、科研训练、交叉前沿、学术写作；样例：库内未命中该层次开设样例,内蒙古农业大学、武汉生物工程学院、广西职业技术学院、江苏农林职业技术学院、江苏农牧科技职业学院,区域重点/特色优势：核心课保持完整，通常叠加地方产业、行业场景、实验项目和专业方向模块；样例：内蒙古农业大学、武汉生物工程学院、广西职业技术学院、江苏农林职业技术学院、江苏农牧科技职业学院,信阳农林学院、山东农业工程学院、菏泽学院、德宏师范学院、丽江师范学院,普通应用/职业供给：更强调岗位技能、项目实训、证书衔接、综合实践，课程呈现更实训化、工具化；样例：信阳农林学院、山东农业工程学院、菏泽学院、德宏师范学院、丽江师范学院
410106,植物保护与检疫技术,专科(高职),,三年,农林牧渔大类,农业类,专业导论、岗位基础技能、专业核心技术、设备/软件操作、项目实训、职业规范、综合实训、顶岗实习,category_template,rysxai课程文本未抽出课程名,库内未命中,头部/强研究型：核心课不一定换名称，但会加深数学/理论和研究训练，重点看理论深度、科研训练、交叉前沿、学术写作；样例：库内未命中该层次开设样例,湖南生物机电职业技术学院、苏州农业职业技术学院、重庆三峡职业学院,区域重点/特色优势：核心课保持完整，通常叠加地方产业、行业场景、实验项目和专业方向模块；样例：湖南生物机电职业技术学院、苏州农业职业技术学院、重庆三峡职业学院,信阳农林学院、广西农业职业技术大学、陕西农林职业技术大学、新疆农业职业技术大学、伊犁职业技术学院,普通应用/职业供给：更强调岗位技能、项目实训、证书衔接、综合实践，课程呈现更实训化、工具化；样例：信阳农林学院、广西农业职业技术大学、陕西农林职业技术大学、新疆农业职业技术大学、伊犁职业技术学院
410107,茶叶生产与加工技术,专科(高职),,三年,农林牧渔大类,农业类,专业导论、岗位基础技能、专业核心技术、设备/软件操作、项目实训、职业规范、综合实训、顶岗实习,category_template,rysxai课程文本未抽出课程名,库内未命中,头部/强研究型：核心课不一定换名称，但会加深数学/理论和研究训练，重点看理论深度、科研训练、交叉前沿、学术写作；样例：库内未命中该层次开设样例,武汉生物工程学院、广西职业技术学院、江苏农林职业技术学院、苏州农业职业技术学院,区域重点/特色优势：核心课保持完整，通常叠加地方产业、行业场景、实验项目和专业方向模块；样例：武汉生物工程学院、广西职业技术学院、江苏农林职业技术学院、苏州农业职业技术学院,铜仁职业技术大学、景德镇艺术职业大学、三峡旅游职业技术学院、九江职业大学、宜宾职业技术学院,普通应用/职业供给：更强调岗位技能、项目实训、证书衔接、综合实践，课程呈现更实训化、工具化；样例：铜仁职业技术大学、景德镇艺术职业大学、三峡旅游职业技术学院、九江职业大学、宜宾职业技术学院
410108,中草药栽培与加工技术,专科(高职),,三年,农林牧渔大类,农业类,专业导论、岗位基础技能、专业核心技术、设备/软件操作、项目实训、职业规范、综合实训、顶岗实习,category_template,rysxai课程文本未抽出课程名,库内未命中,头部/强研究型：核心课不一定换名称，但会加深数学/理论和研究训练，重点看理论深度、科研训练、交叉前沿、学术写作；样例：库内未命中该层次开设样例,江苏农牧科技职业学院、江西环境工程职业学院,区域重点/特色优势：核心课保持完整，通常叠加地方产业、行业场景、实验项目和专业方向模块；样例：江苏农牧科技职业学院、江西环境工程职业学院,广西农业职业技术大学、抚州医药学院、甘肃林业职业技术大学、河北外国语学院、云南农业职业技术学院,普通应用/职业供给：更强调岗位技能、项目实训、证书衔接、综合实践，课程呈现更实训化、工具化；样例：广西农业职业技术大学、抚州医药学院、甘肃林业职业技术大学、河北外国语学院、云南农业职业技术学院
410109,烟草栽培与加工技术,专科(高职),,三年,农林牧渔大类,农业类,专业导论、岗位基础技能、专业核心技术、设备/软件操作、项目实训、职业规范、综合实训、顶岗实习,category_template,rysxai课程文本未抽出课程名,库内未命中,头部/强研究型：核心课不一定换名称，但会加深数学/理论和研究训练，重点看理论深度、科研训练、交叉前沿、学术写作；样例：库内未命中该层次开设样例,库内未命中,区域重点/特色优势：核心课保持完整，通常叠加地方产业、行业场景、实验项目和专业方向模块；样例：库内未命中该层次开设样例,三门峡社会管理职业学院、云南农业职业技术学院、玉溪农业职业技术学院、黑龙江农业职业技术学院、德阳城市轨道交通职业学院,普通应用/职业供给：更强调岗位技能、项目实训、证书衔接、综合实践，课程呈现更实训化、工具化；样例：三门峡社会管理职业学院、云南农业职业技术学院、玉溪农业职业技术学院、黑龙江农业职业技术学院、德阳城市轨道交通职业学院
410110,饲草生产技术,专科(高职),,三年,农林牧渔大类,农业类,专业导论、岗位基础技能、专业核心技术、设备/软件操作、项目实训、职业规范、综合实训、顶岗实习,category_template,rysxai课程文本未抽出课程名,库内未命中,头部/强研究型：核心课不一定换名称，但会加深数学/理论和研究训练，重点看理论深度、科研训练、交叉前沿、学术写作；样例：库内未命中该层次开设样例,库内未命中,区域重点/特色优势：核心课保持完整，通常叠加地方产业、行业场景、实验项目和专业方向模块；样例：库内未命中该层次开设样例,甘孜职业学院,普通应用/职业供给：更强调岗位技能、项目实训、证书衔接、综合实践，课程呈现更实训化、工具化；样例：甘孜职业学院
410111,食用菌生产与加工技术,专科(高职),,三年,农林牧渔大类,农业类,专业导论、岗位基础技能、专业核心技术、设备/软件操作、项目实训、职业规范、综合实训、顶岗实习,category_template,rysxai课程文本未抽出课程名,库内未命中,头部/强研究型：核心课不一定换名称，但会加深数学/理论和研究训练，重点看理论深度、科研训练、交叉前沿、学术写作；样例：库内未命中该层次开设样例,江苏农林职业技术学院、黑龙江农业经济职业学院,区域重点/特色优势：核心课保持完整，通常叠加地方产业、行业场景、实验项目和专业方向模块；样例：江苏农林职业技术学院、黑龙江农业经济职业学院,吉林工程职业学院、成都农业科技职业学院、湖南商务职业技术学院、玉溪农业职业技术学院、贵州农业职业学院,普通应用/职业供给：更强调岗位技能、项目实训、证书衔接、综合实践，课程呈现更实训化、工具化；样例：吉林工程职业学院、成都农业科技职业学院、湖南商务职业技术学院、玉溪农业职业技术学院、贵州农业职业学院
410112,设施农业与装备,专科(高职),,三年,农林牧渔大类,农业类,专业导论、岗位基础技能、专业核心技术、设备/软件操作、项目实训、职业规范、综合实训、顶岗实习,category_template,rysxai课程文本未抽出课程名,库内未命中,头部/强研究型：核心课不一定换名称，但会加深数学/理论和研究训练，重点看理论深度、科研训练、交叉前沿、学术写作；样例：库内未命中该层次开设样例,苏州农业职业技术学院,区域重点/特色优势：核心课保持完整，通常叠加地方产业、行业场景、实验项目和专业方向模块；样例：苏州农业职业技术学院,菏泽学院、铜仁职业技术大学、武威职业技术大学、上海农林职业技术学院、云南农业职业技术学院,普通应用/职业供给：更强调岗位技能、项目实训、证书衔接、综合实践，课程呈现更实训化、工具化；样例：菏泽学院、铜仁职业技术大学、武威职业技术大学、上海农林职业技术学院、云南农业职业技术学院
410113,现代农业装备应用技术,专科(高职),,三年,农林牧渔大类,农业类,专业导论、岗位基础技能、专业核心技术、设备/软件操作、项目实训、职业规范、综合实训、顶岗实习,category_template,rysxai课程文本未抽出课程名,库内未命中,头部/强研究型：核心课不一定换名称，但会加深数学/理论和研究训练，重点看理论深度、科研训练、交叉前沿、学术写作；样例：库内未命中该层次开设样例,内蒙古农业大学、东营职业学院、常州机电职业技术学院、江苏农林职业技术学院、江苏农牧科技职业学院,区域重点/特色优势：核心课保持完整，通常叠加地方产业、行业场景、实验项目和专业方向模块；样例：内蒙古农业大学、东营职业学院、常州机电职业技术学院、江苏农林职业技术学院、江苏农牧科技职业学院,新疆农业职业技术大学、芜湖职业技术大学、北京农业职业学院、南阳农业职业学院、吉林工程职业学院,普通应用/职业供给：更强调岗位技能、项目实训、证书衔接、综合实践，课程呈现更实训化、工具化；样例：新疆农业职业技术大学、芜湖职业技术大学、北京农业职业学院、南阳农业职业学院、吉林工程职业学院
410114,农产品加工与质量检测,专科(高职),,三年,农林牧渔大类,农业类,专业导论、岗位基础技能、专业核心技术、设备/软件操作、项目实训、职业规范、综合实训、顶岗实习,category_template,rysxai课程文本未抽出课程名,库内未命中,头部/强研究型：核心课不一定换名称，但会加深数学/理论和研究训练，重点看理论深度、科研训练、交叉前沿、学术写作；样例：库内未命中该层次开设样例,江苏农林职业技术学院、浙江经贸职业技术学院、苏州农业职业技术学院,区域重点/特色优势：核心课保持完整，通常叠加地方产业、行业场景、实验项目和专业方向模块；样例：江苏农林职业技术学院、浙江经贸职业技术学院、苏州农业职业技术学院,滇西应用技术大学、菏泽学院、铜仁职业技术大学、陕西农林职业技术大学、新疆和田学院,普通应用/职业供给：更强调岗位技能、项目实训、证书衔接、综合实践，课程呈现更实训化、工具化；样例：滇西应用技术大学、菏泽学院、铜仁职业技术大学、陕西农林职业技术大学、新疆和田学院
410115,绿色食品生产技术,专科(高职),,三年,农林牧渔大类,农业类,专业导论、岗位基础技能、专业核心技术、设备/软件操作、项目实训、职业规范、综合实训、顶岗实习,category_template,rysxai课程文本未抽出课程名,库内未命中,头部/强研究型：核心课不一定换名称，但会加深数学/理论和研究训练，重点看理论深度、科研训练、交叉前沿、学术写作；样例：库内未命中该层次开设样例,江西环境工程职业学院、湖南生物机电职业技术学院、黑龙江农业经济职业学院,区域重点/特色优势：核心课保持完整，通常叠加地方产业、行业场景、实验项目和专业方向模块；样例：江西环境工程职业学院、湖南生物机电职业技术学院、黑龙江农业经济职业学院,柳州职业技术大学、金华职业技术大学、陕西农林职业技术大学、武威职业技术大学、漯河食品工程职业大学,普通应用/职业供给：更强调岗位技能、项目实训、证书衔接、综合实践，课程呈现更实训化、工具化；样例：柳州职业技术大学、金华职业技术大学、陕西农林职业技术大学、武威职业技术大学、漯河食品工程职业大学
410116,农产品流通与管理,专科(高职),,三年,农林牧渔大类,农业类,专业导论、岗位基础技能、专业核心技术、设备/软件操作、项目实训、职业规范、综合实训、顶岗实习,category_template,rysxai课程文本未抽出课程名,库内未命中,头部/强研究型：核心课不一定换名称，但会加深数学/理论和研究训练，重点看理论深度、科研训练、交叉前沿、学术写作；样例：库内未命中该层次开设样例,库内未命中,区域重点/特色优势：核心课保持完整，通常叠加地方产业、行业场景、实验项目和专业方向模块；样例：库内未命中该层次开设样例,漯河食品工程职业大学、临沂科技职业学院、宜春职业技术学院、广东茂名农林科技职业学院、江苏商贸职业学院,普通应用/职业供给：更强调岗位技能、项目实训、证书衔接、综合实践，课程呈现更实训化、工具化；样例：漯河食品工程职业大学、临沂科技职业学院、宜春职业技术学院、广东茂名农林科技职业学院、江苏商贸职业学院
410117,棉花加工与经营管理,专科(高职),,三年,农林牧渔大类,农业类,专业导论、岗位基础技能、专业核心技术、设备/软件操作、项目实训、职业规范、综合实训、顶岗实习,category_template,rysxai课程文本未抽出课程名,库内未命中,头部/强研究型：核心课不一定换名称，但会加深数学/理论和研究训练，重点看理论深度、科研训练、交叉前沿、学术写作；样例：库内未命中该层次开设样例,库内未命中,区域重点/特色优势：核心课保持完整，通常叠加地方产业、行业场景、实验项目和专业方向模块；样例：库内未命中该层次开设样例,新疆农业职业技术大学、铁门关职业技术学院、阿克苏职业技术学院,普通应用/职业供给：更强调岗位技能、项目实训、证书衔接、综合实践，课程呈现更实训化、工具化；样例：新疆农业职业技术大学、铁门关职业技术学院、阿克苏职业技术学院
410118,休闲农业经营与管理,专科(高职),,三年,农林牧渔大类,农业类,专业导论、岗位基础技能、专业核心技术、设备/软件操作、项目实训、职业规范、综合实训、顶岗实习,category_template,rysxai课程文本未抽出课程名,库内未命中,头部/强研究型：核心课不一定换名称，但会加深数学/理论和研究训练，重点看理论深度、科研训练、交叉前沿、学术写作；样例：库内未命中该层次开设样例,山东商业职业技术学院、江苏农林职业技术学院、江苏农牧科技职业学院、湖南生物机电职业技术学院、苏州农业职业技术学院,区域重点/特色优势：核心课保持完整，通常叠加地方产业、行业场景、实验项目和专业方向模块；样例：山东商业职业技术学院、江苏农林职业技术学院、江苏农牧科技职业学院、湖南生物机电职业技术学院、苏州农业职业技术学院,扬州职业技术大学、新疆农业职业技术大学、临沂科技职业学院、云南农业职业技术学院、北京农业职业学院,普通应用/职业供给：更强调岗位技能、项目实训、证书衔接、综合实践，课程呈现更实训化、工具化；样例：扬州职业技术大学、新疆农业职业技术大学、临沂科技职业学院、云南农业职业技术学院、北京农业职业学院
410119,现代农业经济管理,专科(高职),,三年,农林牧渔大类,农业类,专业导论、岗位基础技能、专业核心技术、设备/软件操作、项目实训、职业规范、综合实训、顶岗实习,category_template,rysxai课程文本未抽出课程名,库内未命中,头部/强研究型：核心课不一定换名称，但会加深数学/理论和研究训练，重点看理论深度、科研训练、交叉前沿、学术写作；样例：库内未命中该层次开设样例,山东畜牧兽医职业学院、西藏职业技术学院、黑龙江农业经济职业学院,区域重点/特色优势：核心课保持完整，通常叠加地方产业、行业场景、实验项目和专业方向模块；样例：山东畜牧兽医职业学院、西藏职业技术学院、黑龙江农业经济职业学院,铜仁职业技术大学、陕西农林职业技术大学、三门峡社会管理职业学院、上海农林职业技术学院、九江职业大学,普通应用/职业供给：更强调岗位技能、项目实训、证书衔接、综合实践，课程呈现更实训化、工具化；样例：铜仁职业技术大学、陕西农林职业技术大学、三门峡社会管理职业学院、上海农林职业技术学院、九江职业大学
410120,农村新型经济组织管理,专科(高职),,三年,农林牧渔大类,农业类,专业导论、岗位基础技能、专业核心技术、设备/软件操作、项目实训、职业规范、综合实训、顶岗实习,category_template,rysxai课程文本未抽出课程名,库内未命中,头部/强研究型：核心课不一定换名称，但会加深数学/理论和研究训练，重点看理论深度、科研训练、交叉前沿、学术写作；样例：库内未命中该层次开设样例,浙江经贸职业技术学院、湖南生物机电职业技术学院、苏州农业职业技术学院,区域重点/特色优势：核心课保持完整，通常叠加地方产业、行业场景、实验项目和专业方向模块；样例：浙江经贸职业技术学院、湖南生物机电职业技术学院、苏州农业职业技术学院,北京农业职业学院、娄底职业技术学院、山东经贸职业学院、浙江农业商贸职业学院、郑州信息科技职业学院,普通应用/职业供给：更强调岗位技能、项目实训、证书衔接、综合实践，课程呈现更实训化、工具化；样例：北京农业职业学院、娄底职业技术学院、山东经贸职业学院、浙江农业商贸职业学院、郑州信息科技职业学院
410121,高标准农田建设与应用技术,专科(高职),,三年,农林牧渔大类,农业类,专业导论、岗位基础技能、专业核心技术、设备/软件操作、项目实训、职业规范、综合实训、顶岗实习,category_template,rysxai课程文本未抽出课程名,库内未命中,头部/强研究型：核心课不一定换名称，但会加深数学/理论和研究训练，重点看理论深度、科研训练、交叉前沿、学术写作；样例：库内未命中该层次开设样例,库内未命中,区域重点/特色优势：核心课保持完整，通常叠加地方产业、行业场景、实验项目和专业方向模块；样例：库内未命中该层次开设样例,库内未命中,普通应用/职业供给：更强调岗位技能、项目实训、证书衔接、综合实践，课程呈现更实训化、工具化；样例：库内未命中该层次开设样例
410122,乡村治理技术,专科(高职),,三年,农林牧渔大类,农业类,专业导论、岗位基础技能、专业核心技术、设备/软件操作、项目实训、职业规范、综合实训、顶岗实习,category_template,rysxai课程文本未抽出课程名,库内未命中,头部/强研究型：核心课不一定换名称，但会加深数学/理论和研究训练，重点看理论深度、科研训练、交叉前沿、学术写作；样例：库内未命中该层次开设样例,库内未命中,区域重点/特色优势：核心课保持完整，通常叠加地方产业、行业场景、实验项目和专业方向模块；样例：库内未命中该层次开设样例,库内未命中,普通应用/职业供给：更强调岗位技能、项目实训、证书衔接、综合实践，课程呈现更实训化、工具化；样例：库内未命中该层次开设样例
410123,热带作物生产与加工技术,专科(高职),,三年,农林牧渔大类,农业类,专业导论、岗位基础技能、专业核心技术、设备/软件操作、项目实训、职业规范、综合实训、顶岗实习,category_template,未匹配rysxai课程文本,库内未命中,头部/强研究型：核心课不一定换名称，但会加深数学/理论和研究训练，重点看理论深度、科研训练、交叉前沿、学术写作；样例：库内未命中该层次开设样例,库内未命中,区域重点/特色优势：核心课保持完整，通常叠加地方产业、行业场景、实验项目和专业方向模块；样例：库内未命中该层次开设样例,库内未命中,普通应用/职业供给：更强调岗位技能、项目实训、证书衔接、综合实践，课程呈现更实训化、工具化；样例：库内未命中该层次开设样例
410124,智慧农业技术与装备,专科(高职),,三年,农林牧渔大类,农业类,专业导论、岗位基础技能、专业核心技术、设备/软件操作、项目实训、职业规范、综合实训、顶岗实习,category_template,未匹配rysxai课程文本,库内未命中,头部/强研究型：核心课不一定换名称，但会加深数学/理论和研究训练，重点看理论深度、科研训练、交叉前沿、学术写作；样例：库内未命中该层次开设样例,库内未命中,区域重点/特色优势：核心课保持完整，通常叠加地方产业、行业场景、实验项目和专业方向模块；样例：库内未命中该层次开设样例,黑龙江农业职业技术学院,普通应用/职业供给：更强调岗位技能、项目实训、证书衔接、综合实践，课程呈现更实训化、工具化；样例：黑龙江农业职业技术学院
410201,林业技术,专科(高职),,三年,农林牧渔大类,林业类,专业导论、岗位基础技能、专业核心技术、设备/软件操作、项目实训、职业规范、综合实训、顶岗实习,category_template,rysxai课程文本未抽出课程名,库内未命中,头部/强研究型：核心课不一定换名称，但会加深数学/理论和研究训练，重点看理论深度、科研训练、交叉前沿、学术写作；样例：库内未命中该层次开设样例,江苏农林职业技术学院、江西环境工程职业学院、西藏职业技术学院,区域重点/特色优势：核心课保持完整，通常叠加地方产业、行业场景、实验项目和专业方向模块；样例：江苏农林职业技术学院、江西环境工程职业学院、西藏职业技术学院,陕西农林职业技术大学、甘肃林业职业技术大学、丽水职业技术学院、云南农业职业技术学院、云南林业职业技术学院,普通应用/职业供给：更强调岗位技能、项目实训、证书衔接、综合实践，课程呈现更实训化、工具化；样例：陕西农林职业技术大学、甘肃林业职业技术大学、丽水职业技术学院、云南农业职业技术学院、云南林业职业技术学院
410202,园林技术,专科(高职),,三年,农林牧渔大类,林业类,专业导论、岗位基础技能、专业核心技术、设备/软件操作、项目实训、职业规范、综合实训、顶岗实习,category_template,rysxai课程文本未抽出课程名,库内未命中,头部/强研究型：核心课不一定换名称，但会加深数学/理论和研究训练，重点看理论深度、科研训练、交叉前沿、学术写作；样例：库内未命中该层次开设样例,内蒙古农业大学、河南科技学院、顺德职业技术大学、海南热带海洋学院、武汉生物工程学院,区域重点/特色优势：核心课保持完整，通常叠加地方产业、行业场景、实验项目和专业方向模块；样例：内蒙古农业大学、河南科技学院、顺德职业技术大学、海南热带海洋学院、武汉生物工程学院,信阳农林学院、山东农业工程学院、景德镇学院、金华职业技术大学、广西农业职业技术大学,普通应用/职业供给：更强调岗位技能、项目实训、证书衔接、综合实践，课程呈现更实训化、工具化；样例：信阳农林学院、山东农业工程学院、景德镇学院、金华职业技术大学、广西农业职业技术大学
410203,草业技术,专科(高职),,三年,农林牧渔大类,林业类,专业导论、岗位基础技能、专业核心技术、设备/软件操作、项目实训、职业规范、综合实训、顶岗实习,category_template,rysxai课程文本未抽出课程名,库内未命中,头部/强研究型：核心课不一定换名称，但会加深数学/理论和研究训练，重点看理论深度、科研训练、交叉前沿、学术写作；样例：库内未命中该层次开设样例,西藏职业技术学院,区域重点/特色优势：核心课保持完整，通常叠加地方产业、行业场景、实验项目和专业方向模块；样例：西藏职业技术学院,甘肃林业职业技术大学、伊犁职业技术学院,普通应用/职业供给：更强调岗位技能、项目实训、证书衔接、综合实践，课程呈现更实训化、工具化；样例：甘肃林业职业技术大学、伊犁职业技术学院
410204,花卉生产与花艺,专科(高职),,三年,农林牧渔大类,林业类,专业导论、岗位基础技能、专业核心技术、设备/软件操作、项目实训、职业规范、综合实训、顶岗实习,category_template,rysxai课程文本未抽出课程名,库内未命中,头部/强研究型：核心课不一定换名称，但会加深数学/理论和研究训练，重点看理论深度、科研训练、交叉前沿、学术写作；样例：库内未命中该层次开设样例,苏州农业职业技术学院,区域重点/特色优势：核心课保持完整，通常叠加地方产业、行业场景、实验项目和专业方向模块；样例：苏州农业职业技术学院,上海农林职业技术学院、上海建设管理职业技术学院、临汾职业技术学院、云南农业职业技术学院、云南林业职业技术学院,普通应用/职业供给：更强调岗位技能、项目实训、证书衔接、综合实践，课程呈现更实训化、工具化；样例：上海农林职业技术学院、上海建设管理职业技术学院、临汾职业技术学院、云南农业职业技术学院、云南林业职业技术学院
410205,经济林培育与利用,专科(高职),,三年,农林牧渔大类,林业类,专业导论、岗位基础技能、专业核心技术、设备/软件操作、项目实训、职业规范、综合实训、顶岗实习,category_template,rysxai课程文本未抽出课程名,库内未命中,头部/强研究型：核心课不一定换名称，但会加深数学/理论和研究训练，重点看理论深度、科研训练、交叉前沿、学术写作；样例：库内未命中该层次开设样例,库内未命中,区域重点/特色优势：核心课保持完整，通常叠加地方产业、行业场景、实验项目和专业方向模块；样例：库内未命中该层次开设样例,云南林业职业技术学院、安徽林业职业技术学院、湖南环境生物职业技术学院、衡阳科技职业学院,普通应用/职业供给：更强调岗位技能、项目实训、证书衔接、综合实践，课程呈现更实训化、工具化；样例：云南林业职业技术学院、安徽林业职业技术学院、湖南环境生物职业技术学院、衡阳科技职业学院
410206,森林和草原资源保护,专科(高职),,三年,农林牧渔大类,林业类,专业导论、岗位基础技能、专业核心技术、设备/软件操作、项目实训、职业规范、综合实训、顶岗实习,category_template,rysxai课程文本未抽出课程名,库内未命中,头部/强研究型：核心课不一定换名称，但会加深数学/理论和研究训练，重点看理论深度、科研训练、交叉前沿、学术写作；样例：库内未命中该层次开设样例,库内未命中,区域重点/特色优势：核心课保持完整，通常叠加地方产业、行业场景、实验项目和专业方向模块；样例：库内未命中该层次开设样例,甘肃林业职业技术大学、云南林业职业技术学院、安徽林业职业技术学院、山西林业职业技术学院、广东生态工程职业学院,普通应用/职业供给：更强调岗位技能、项目实训、证书衔接、综合实践，课程呈现更实训化、工具化；样例：甘肃林业职业技术大学、云南林业职业技术学院、安徽林业职业技术学院、山西林业职业技术学院、广东生态工程职业学院
410207,林草生态保护与修复,专科(高职),,三年,农林牧渔大类,林业类,专业导论、岗位基础技能、专业核心技术、设备/软件操作、项目实训、职业规范、综合实训、顶岗实习,category_template,rysxai课程文本未抽出课程名,库内未命中,头部/强研究型：核心课不一定换名称，但会加深数学/理论和研究训练，重点看理论深度、科研训练、交叉前沿、学术写作；样例：库内未命中该层次开设样例,内蒙古农业大学、江西环境工程职业学院、苏州农业职业技术学院,区域重点/特色优势：核心课保持完整，通常叠加地方产业、行业场景、实验项目和专业方向模块；样例：内蒙古农业大学、江西环境工程职业学院、苏州农业职业技术学院,兴安职业技术大学、湖北生态工程职业技术学院、锡林郭勒职业学院,普通应用/职业供给：更强调岗位技能、项目实训、证书衔接、综合实践，课程呈现更实训化、工具化；样例：兴安职业技术大学、湖北生态工程职业技术学院、锡林郭勒职业学院
410208,野生动植物资源保护与利用,专科(高职),,三年,农林牧渔大类,林业类,专业导论、岗位基础技能、专业核心技术、设备/软件操作、项目实训、职业规范、综合实训、顶岗实习,category_template,rysxai课程文本未抽出课程名,库内未命中,头部/强研究型：核心课不一定换名称，但会加深数学/理论和研究训练，重点看理论深度、科研训练、交叉前沿、学术写作；样例：库内未命中该层次开设样例,山东畜牧兽医职业学院,区域重点/特色优势：核心课保持完整，通常叠加地方产业、行业场景、实验项目和专业方向模块；样例：山东畜牧兽医职业学院,云南林业职业技术学院、大理农林职业技术学院、湖南环境生物职业技术学院,普通应用/职业供给：更强调岗位技能、项目实训、证书衔接、综合实践，课程呈现更实训化、工具化；样例：云南林业职业技术学院、大理农林职业技术学院、湖南环境生物职业技术学院
410209,自然保护地建设与管理,专科(高职),,三年,农林牧渔大类,林业类,专业导论、岗位基础技能、专业核心技术、设备/软件操作、项目实训、职业规范、综合实训、顶岗实习,category_template,rysxai课程文本未抽出课程名,库内未命中,头部/强研究型：核心课不一定换名称，但会加深数学/理论和研究训练，重点看理论深度、科研训练、交叉前沿、学术写作；样例：库内未命中该层次开设样例,库内未命中,区域重点/特色优势：核心课保持完整，通常叠加地方产业、行业场景、实验项目和专业方向模块；样例：库内未命中该层次开设样例,云南林业职业技术学院、广东生态工程职业学院、广西生态工程职业技术学院、河南林业职业学院,普通应用/职业供给：更强调岗位技能、项目实训、证书衔接、综合实践，课程呈现更实训化、工具化；样例：云南林业职业技术学院、广东生态工程职业学院、广西生态工程职业技术学院、河南林业职业学院
410210,森林生态旅游与康养,专科(高职),,三年,农林牧渔大类,林业类,专业导论、岗位基础技能、专业核心技术、设备/软件操作、项目实训、职业规范、综合实训、顶岗实习,category_template,rysxai课程文本未抽出课程名,库内未命中,头部/强研究型：核心课不一定换名称，但会加深数学/理论和研究训练，重点看理论深度、科研训练、交叉前沿、学术写作；样例：库内未命中该层次开设样例,江西环境工程职业学院,区域重点/特色优势：核心课保持完整，通常叠加地方产业、行业场景、实验项目和专业方向模块；样例：江西环境工程职业学院,甘肃林业职业技术大学、四川文化艺术学院、云南林业职业技术学院、伊春职业学院、安徽林业职业技术学院,普通应用/职业供给：更强调岗位技能、项目实训、证书衔接、综合实践，课程呈现更实训化、工具化；样例：甘肃林业职业技术大学、四川文化艺术学院、云南林业职业技术学院、伊春职业学院、安徽林业职业技术学院
410211,林业信息技术应用,专科(高职),,三年,农林牧渔大类,林业类,专业导论、岗位基础技能、专业核心技术、设备/软件操作、项目实训、职业规范、综合实训、顶岗实习,category_template,rysxai课程文本未抽出课程名,库内未命中,头部/强研究型：核心课不一定换名称，但会加深数学/理论和研究训练，重点看理论深度、科研训练、交叉前沿、学术写作；样例：库内未命中该层次开设样例,库内未命中,区域重点/特色优势：核心课保持完整，通常叠加地方产业、行业场景、实验项目和专业方向模块；样例：库内未命中该层次开设样例,甘肃林业职业技术大学、云南林业职业技术学院、安徽林业职业技术学院、山西林业职业技术学院、广东生态工程职业学院,普通应用/职业供给：更强调岗位技能、项目实训、证书衔接、综合实践，课程呈现更实训化、工具化；样例：甘肃林业职业技术大学、云南林业职业技术学院、安徽林业职业技术学院、山西林业职业技术学院、广东生态工程职业学院
410212,木业智能装备应用技术,专科(高职),,三年,农林牧渔大类,林业类,专业导论、岗位基础技能、专业核心技术、设备/软件操作、项目实训、职业规范、综合实训、顶岗实习,category_template,rysxai课程文本未抽出课程名,库内未命中,头部/强研究型：核心课不一定换名称，但会加深数学/理论和研究训练，重点看理论深度、科研训练、交叉前沿、学术写作；样例：库内未命中该层次开设样例,库内未命中,区域重点/特色优势：核心课保持完整，通常叠加地方产业、行业场景、实验项目和专业方向模块；样例：库内未命中该层次开设样例,湖北生态工程职业技术学院,普通应用/职业供给：更强调岗位技能、项目实训、证书衔接、综合实践，课程呈现更实训化、工具化；样例：湖北生态工程职业技术学院
410213,木业产品设计与制造,专科(高职),,三年,农林牧渔大类,林业类,专业导论、岗位基础技能、专业核心技术、设备/软件操作、项目实训、职业规范、综合实训、顶岗实习,category_template,rysxai课程文本未抽出课程名,库内未命中,头部/强研究型：核心课不一定换名称，但会加深数学/理论和研究训练，重点看理论深度、科研训练、交叉前沿、学术写作；样例：库内未命中该层次开设样例,江苏农林职业技术学院、江西环境工程职业学院,区域重点/特色优势：核心课保持完整，通常叠加地方产业、行业场景、实验项目和专业方向模块；样例：江苏农林职业技术学院、江西环境工程职业学院,九江职业大学、云南林业职业技术学院、广西生态工程职业技术学院、辽宁生态工程职业学院,普通应用/职业供给：更强调岗位技能、项目实训、证书衔接、综合实践，课程呈现更实训化、工具化；样例：九江职业大学、云南林业职业技术学院、广西生态工程职业技术学院、辽宁生态工程职业学院
410214,现代竹木产品设计与制造,专科(高职),,三年,农林牧渔大类,林业类,设计基础、材料学、制造工艺、CAD技术、产品创新设计等‌‌、专业导论、岗位基础技能、专业核心技术、设备/软件操作、项目实训,local_edu_major_course_or_learn_what,rysxai课程文本未抽出课程名,库内未命中,头部/强研究型：核心课不一定换名称，但会加深数学/理论和研究训练，重点看理论深度、科研训练、交叉前沿、学术写作；样例：库内未命中该层次开设样例,库内未命中,区域重点/特色优势：核心课保持完整，通常叠加地方产业、行业场景、实验项目和专业方向模块；样例：库内未命中该层次开设样例,安徽林业职业技术学院,普通应用/职业供给：更强调岗位技能、项目实训、证书衔接、综合实践，课程呈现更实训化、工具化；样例：安徽林业职业技术学院
410215,林草碳汇技术,专科(高职),,三年,农林牧渔大类,林业类,专业导论、岗位基础技能、专业核心技术、设备/软件操作、项目实训、职业规范、综合实训、顶岗实习,category_template,未匹配rysxai课程文本,库内未命中,头部/强研究型：核心课不一定换名称，但会加深数学/理论和研究训练，重点看理论深度、科研训练、交叉前沿、学术写作；样例：库内未命中该层次开设样例,库内未命中,区域重点/特色优势：核心课保持完整，通常叠加地方产业、行业场景、实验项目和专业方向模块；样例：库内未命中该层次开设样例,库内未命中,普通应用/职业供给：更强调岗位技能、项目实训、证书衔接、综合实践，课程呈现更实训化、工具化；样例：库内未命中该层次开设样例
410301,动物医学,专科(高职),,三年,农林牧渔大类,畜牧业类,专业导论、岗位基础技能、专业核心技术、设备/软件操作、项目实训、职业规范、综合实训、顶岗实习,category_template,rysxai课程文本未抽出课程名,浙江大学、中国农业大学、吉林大学、西北农林科技大学、华中农业大学,头部/强研究型：核心课不一定换名称，但会加深数学/理论和研究训练，重点看理论深度、科研训练、交叉前沿、学术写作；样例：浙江大学、中国农业大学、吉林大学、西北农林科技大学、华中农业大学,福建农林大学、山东农业大学、安徽农业大学、河南农业大学、浙江农林大学,区域重点/特色优势：核心课保持完整，通常叠加地方产业、行业场景、实验项目和专业方向模块；样例：福建农林大学、山东农业大学、安徽农业大学、河南农业大学、浙江农林大学,吉林农业科技学院、安阳工学院、信阳农林学院、山东农业工程学院、河南牧业经济学院,普通应用/职业供给：更强调岗位技能、项目实训、证书衔接、综合实践，课程呈现更实训化、工具化；样例：吉林农业科技学院、安阳工学院、信阳农林学院、山东农业工程学院、河南牧业经济学院
410302,动物药学,专科(高职),,三年,农林牧渔大类,畜牧业类,专业导论、岗位基础技能、专业核心技术、设备/软件操作、项目实训、职业规范、综合实训、顶岗实习,category_template,rysxai课程文本未抽出课程名,西北农林科技大学、南京农业大学、西南大学、东北农业大学、西南大学(荣昌校区),头部/强研究型：核心课不一定换名称，但会加深数学/理论和研究训练，重点看理论深度、科研训练、交叉前沿、学术写作；样例：西北农林科技大学、南京农业大学、西南大学、东北农业大学、西南大学(荣昌校区),山东农业大学、河南农业大学、沈阳农业大学、吉林农业大学、湖南农业大学,区域重点/特色优势：核心课保持完整，通常叠加地方产业、行业场景、实验项目和专业方向模块；样例：山东农业大学、河南农业大学、沈阳农业大学、吉林农业大学、湖南农业大学,河南牧业经济学院、菏泽学院、威海海洋职业学院、怀化职业技术学院、湖南环境生物职业技术学院,普通应用/职业供给：更强调岗位技能、项目实训、证书衔接、综合实践，课程呈现更实训化、工具化；样例：河南牧业经济学院、菏泽学院、威海海洋职业学院、怀化职业技术学院、湖南环境生物职业技术学院
410303,畜牧兽医,专科(高职),,三年,农林牧渔大类,畜牧业类,专业导论、岗位基础技能、专业核心技术、设备/软件操作、项目实训、职业规范、综合实训、顶岗实习,category_template,rysxai课程文本未抽出课程名,库内未命中,头部/强研究型：核心课不一定换名称，但会加深数学/理论和研究训练，重点看理论深度、科研训练、交叉前沿、学术写作；样例：库内未命中该层次开设样例,内蒙古农业大学、河南科技学院、四川民族学院、山东畜牧兽医职业学院、广西职业技术学院,区域重点/特色优势：核心课保持完整，通常叠加地方产业、行业场景、实验项目和专业方向模块；样例：内蒙古农业大学、河南科技学院、四川民族学院、山东畜牧兽医职业学院、广西职业技术学院,吉林农业科技学院、安阳工学院、信阳农林学院、菏泽学院、金华职业技术大学,普通应用/职业供给：更强调岗位技能、项目实训、证书衔接、综合实践，课程呈现更实训化、工具化；样例：吉林农业科技学院、安阳工学院、信阳农林学院、菏泽学院、金华职业技术大学
410304,中兽医,专科(高职),,三年,农林牧渔大类,畜牧业类,专业导论、岗位基础技能、专业核心技术、设备/软件操作、项目实训、职业规范、综合实训、顶岗实习,category_template,rysxai课程文本未抽出课程名,库内未命中,头部/强研究型：核心课不一定换名称，但会加深数学/理论和研究训练，重点看理论深度、科研训练、交叉前沿、学术写作；样例：库内未命中该层次开设样例,山东畜牧兽医职业学院,区域重点/特色优势：核心课保持完整，通常叠加地方产业、行业场景、实验项目和专业方向模块；样例：山东畜牧兽医职业学院,库内未命中,普通应用/职业供给：更强调岗位技能、项目实训、证书衔接、综合实践，课程呈现更实训化、工具化；样例：库内未命中该层次开设样例
410305,宠物医疗技术,专科(高职),,三年,农林牧渔大类,畜牧业类,专业导论、岗位基础技能、专业核心技术、设备/软件操作、项目实训、职业规范、综合实训、顶岗实习,category_template,rysxai课程文本未抽出课程名,库内未命中,头部/强研究型：核心课不一定换名称，但会加深数学/理论和研究训练，重点看理论深度、科研训练、交叉前沿、学术写作；样例：库内未命中该层次开设样例,内蒙古农业大学、山东畜牧兽医职业学院、江苏农林职业技术学院、江苏农牧科技职业学院、石家庄信息工程职业学院,区域重点/特色优势：核心课保持完整，通常叠加地方产业、行业场景、实验项目和专业方向模块；样例：内蒙古农业大学、山东畜牧兽医职业学院、江苏农林职业技术学院、江苏农牧科技职业学院、石家庄信息工程职业学院,长春职业技术大学、陕西农林职业技术大学、芜湖职业技术大学、湖北恩施学院、上海农林职业技术学院,普通应用/职业供给：更强调岗位技能、项目实训、证书衔接、综合实践，课程呈现更实训化、工具化；样例：长春职业技术大学、陕西农林职业技术大学、芜湖职业技术大学、湖北恩施学院、上海农林职业技术学院
410306,动物防疫与检疫,专科(高职),,三年,农林牧渔大类,畜牧业类,专业导论、岗位基础技能、专业核心技术、设备/软件操作、项目实训、职业规范、综合实训、顶岗实习,category_template,rysxai课程文本未抽出课程名,库内未命中,头部/强研究型：核心课不一定换名称，但会加深数学/理论和研究训练，重点看理论深度、科研训练、交叉前沿、学术写作；样例：库内未命中该层次开设样例,山东畜牧兽医职业学院、江苏农牧科技职业学院、湖南生物机电职业技术学院、西藏职业技术学院、重庆三峡职业学院,区域重点/特色优势：核心课保持完整，通常叠加地方产业、行业场景、实验项目和专业方向模块；样例：山东畜牧兽医职业学院、江苏农牧科技职业学院、湖南生物机电职业技术学院、西藏职业技术学院、重庆三峡职业学院,新疆农业职业技术大学、芜湖职业技术大学、伊犁职业技术学院、南阳农业职业学院、四川水利职业技术学院,普通应用/职业供给：更强调岗位技能、项目实训、证书衔接、综合实践，课程呈现更实训化、工具化；样例：新疆农业职业技术大学、芜湖职业技术大学、伊犁职业技术学院、南阳农业职业学院、四川水利职业技术学院
410307,畜禽智能化养殖,专科(高职),,三年,农林牧渔大类,畜牧业类,专业导论、岗位基础技能、专业核心技术、设备/软件操作、项目实训、职业规范、综合实训、顶岗实习,category_template,rysxai课程文本未抽出课程名,库内未命中,头部/强研究型：核心课不一定换名称，但会加深数学/理论和研究训练，重点看理论深度、科研训练、交叉前沿、学术写作；样例：库内未命中该层次开设样例,东营职业学院、山东畜牧兽医职业学院、黑龙江农业经济职业学院,区域重点/特色优势：核心课保持完整，通常叠加地方产业、行业场景、实验项目和专业方向模块；样例：东营职业学院、山东畜牧兽医职业学院、黑龙江农业经济职业学院,陕西农林职业技术大学、新疆农业职业技术大学、甘肃林业职业技术大学、云南农业职业技术学院、南充职业技术学院,普通应用/职业供给：更强调岗位技能、项目实训、证书衔接、综合实践，课程呈现更实训化、工具化；样例：陕西农林职业技术大学、新疆农业职业技术大学、甘肃林业职业技术大学、云南农业职业技术学院、南充职业技术学院
410308,特种动物养殖技术,专科(高职),,三年,农林牧渔大类,畜牧业类,专业导论、岗位基础技能、专业核心技术、设备/软件操作、项目实训、职业规范、综合实训、顶岗实习,category_template,rysxai课程文本未抽出课程名,库内未命中,头部/强研究型：核心课不一定换名称，但会加深数学/理论和研究训练，重点看理论深度、科研训练、交叉前沿、学术写作；样例：库内未命中该层次开设样例,库内未命中,区域重点/特色优势：核心课保持完整，通常叠加地方产业、行业场景、实验项目和专业方向模块；样例：库内未命中该层次开设样例,甘肃畜牧工程职业技术学院、辽源职业技术学院,普通应用/职业供给：更强调岗位技能、项目实训、证书衔接、综合实践，课程呈现更实训化、工具化；样例：甘肃畜牧工程职业技术学院、辽源职业技术学院
410309,宠物养护与驯导,专科(高职),,三年,农林牧渔大类,畜牧业类,专业导论、岗位基础技能、专业核心技术、设备/软件操作、项目实训、职业规范、综合实训、顶岗实习,category_template,rysxai课程文本未抽出课程名,库内未命中,头部/强研究型：核心课不一定换名称，但会加深数学/理论和研究训练，重点看理论深度、科研训练、交叉前沿、学术写作；样例：库内未命中该层次开设样例,山东畜牧兽医职业学院、江苏农林职业技术学院、江苏农牧科技职业学院、湖南生物机电职业技术学院、重庆三峡职业学院,区域重点/特色优势：核心课保持完整，通常叠加地方产业、行业场景、实验项目和专业方向模块；样例：山东畜牧兽医职业学院、江苏农林职业技术学院、江苏农牧科技职业学院、湖南生物机电职业技术学院、重庆三峡职业学院,吉林农业科技学院、陕西农林职业技术大学、新疆农业职业技术大学、上海农林职业技术学院、临汾职业技术学院,普通应用/职业供给：更强调岗位技能、项目实训、证书衔接、综合实践，课程呈现更实训化、工具化；样例：吉林农业科技学院、陕西农林职业技术大学、新疆农业职业技术大学、上海农林职业技术学院、临汾职业技术学院
410310,动物营养与饲料,专科(高职),,三年,农林牧渔大类,畜牧业类,专业导论、岗位基础技能、专业核心技术、设备/软件操作、项目实训、职业规范、综合实训、顶岗实习,category_template,rysxai课程文本未抽出课程名,库内未命中,头部/强研究型：核心课不一定换名称，但会加深数学/理论和研究训练，重点看理论深度、科研训练、交叉前沿、学术写作；样例：库内未命中该层次开设样例,内蒙古农业大学、山东畜牧兽医职业学院、江苏农牧科技职业学院,区域重点/特色优势：核心课保持完整，通常叠加地方产业、行业场景、实验项目和专业方向模块；样例：内蒙古农业大学、山东畜牧兽医职业学院、江苏农牧科技职业学院,甘肃林业职业技术大学、临汾职业技术学院、四川水利职业技术学院、宁夏民族职业技术学院、安徽林业职业技术学院,普通应用/职业供给：更强调岗位技能、项目实训、证书衔接、综合实践，课程呈现更实训化、工具化；样例：甘肃林业职业技术大学、临汾职业技术学院、四川水利职业技术学院、宁夏民族职业技术学院、安徽林业职业技术学院
410311,蚕桑技术,专科(高职),,三年,农林牧渔大类,畜牧业类,专业导论、岗位基础技能、专业核心技术、设备/软件操作、项目实训、职业规范、综合实训、顶岗实习,category_template,rysxai课程文本未抽出课程名,库内未命中,头部/强研究型：核心课不一定换名称，但会加深数学/理论和研究训练，重点看理论深度、科研训练、交叉前沿、学术写作；样例：库内未命中该层次开设样例,库内未命中,区域重点/特色优势：核心课保持完整，通常叠加地方产业、行业场景、实验项目和专业方向模块；样例：库内未命中该层次开设样例,库内未命中,普通应用/职业供给：更强调岗位技能、项目实训、证书衔接、综合实践，课程呈现更实训化、工具化；样例：库内未命中该层次开设样例
410401,水产养殖技术,专科(高职),,三年,农林牧渔大类,渔业类,专业导论、岗位基础技能、专业核心技术、设备/软件操作、项目实训、职业规范、综合实训、顶岗实习,category_template,rysxai课程文本未抽出课程名,库内未命中,头部/强研究型：核心课不一定换名称，但会加深数学/理论和研究训练，重点看理论深度、科研训练、交叉前沿、学术写作；样例：库内未命中该层次开设样例,山东畜牧兽医职业学院、江苏农林职业技术学院、江苏农牧科技职业学院、湖南生物机电职业技术学院、重庆三峡职业学院,区域重点/特色优势：核心课保持完整，通常叠加地方产业、行业场景、实验项目和专业方向模块；样例：山东畜牧兽医职业学院、江苏农林职业技术学院、江苏农牧科技职业学院、湖南生物机电职业技术学院、重庆三峡职业学院,广西农业职业技术大学、新疆农业职业技术大学、云南农业职业技术学院、厦门海洋职业技术学院、四川水利职业技术学院,普通应用/职业供给：更强调岗位技能、项目实训、证书衔接、综合实践，课程呈现更实训化、工具化；样例：广西农业职业技术大学、新疆农业职业技术大学、云南农业职业技术学院、厦门海洋职业技术学院、四川水利职业技术学院
410402,海洋渔业技术,专科(高职),,三年,农林牧渔大类,渔业类,专业导论、岗位基础技能、专业核心技术、设备/软件操作、项目实训、职业规范、综合实训、顶岗实习,category_template,rysxai课程文本未抽出课程名,库内未命中,头部/强研究型：核心课不一定换名称，但会加深数学/理论和研究训练，重点看理论深度、科研训练、交叉前沿、学术写作；样例：库内未命中该层次开设样例,库内未命中,区域重点/特色优势：核心课保持完整，通常叠加地方产业、行业场景、实验项目和专业方向模块；样例：库内未命中该层次开设样例,库内未命中,普通应用/职业供给：更强调岗位技能、项目实训、证书衔接、综合实践，课程呈现更实训化、工具化；样例：库内未命中该层次开设样例
410403,水族科学与技术,专科(高职),,三年,农林牧渔大类,渔业类,专业导论、岗位基础技能、专业核心技术、设备/软件操作、项目实训、职业规范、综合实训、顶岗实习,category_template,rysxai课程文本未抽出课程名,华中农业大学、西南大学、西南大学(荣昌校区)、上海海洋大学,头部/强研究型：核心课不一定换名称，但会加深数学/理论和研究训练，重点看理论深度、科研训练、交叉前沿、学术写作；样例：华中农业大学、西南大学、西南大学(荣昌校区)、上海海洋大学,湖南农业大学、河南科技大学、青岛农业大学、浙江海洋大学、大连海洋大学,区域重点/特色优势：核心课保持完整，通常叠加地方产业、行业场景、实验项目和专业方向模块；样例：湖南农业大学、河南科技大学、青岛农业大学、浙江海洋大学、大连海洋大学,信阳农林学院、厦门海洋职业技术学院、唐山海运职业学院,普通应用/职业供给：更强调岗位技能、项目实训、证书衔接、综合实践，课程呈现更实训化、工具化；样例：信阳农林学院、厦门海洋职业技术学院、唐山海运职业学院
410404,水生动物医学,专科(高职),,三年,农林牧渔大类,渔业类,专业导论、岗位基础技能、专业核心技术、设备/软件操作、项目实训、职业规范、综合实训、顶岗实习,category_template,rysxai课程文本未抽出课程名,上海海洋大学,头部/强研究型：核心课不一定换名称，但会加深数学/理论和研究训练，重点看理论深度、科研训练、交叉前沿、学术写作；样例：上海海洋大学,集美大学、湖南农业大学、青岛农业大学、大连海洋大学、广东海洋大学,区域重点/特色优势：核心课保持完整，通常叠加地方产业、行业场景、实验项目和专业方向模块；样例：集美大学、湖南农业大学、青岛农业大学、大连海洋大学、广东海洋大学,威海海洋职业学院、广东生态工程职业学院、唐山海运职业学院,普通应用/职业供给：更强调岗位技能、项目实训、证书衔接、综合实践，课程呈现更实训化、工具化；样例：威海海洋职业学院、广东生态工程职业学院、唐山海运职业学院
410405,休闲渔业经营与管理,专科(高职),,三年,农林牧渔大类,渔业类,专业导论、岗位基础技能、专业核心技术、设备/软件操作、项目实训、职业规范、综合实训、顶岗实习,category_template,rysxai课程文本未抽出课程名,库内未命中,头部/强研究型：核心课不一定换名称，但会加深数学/理论和研究训练，重点看理论深度、科研训练、交叉前沿、学术写作；样例：库内未命中该层次开设样例,库内未命中,区域重点/特色优势：核心课保持完整，通常叠加地方产业、行业场景、实验项目和专业方向模块；样例：库内未命中该层次开设样例,库内未命中,普通应用/职业供给：更强调岗位技能、项目实训、证书衔接、综合实践，课程呈现更实训化、工具化；样例：库内未命中该层次开设样例
420101,国土资源调查与管理,专科(高职),,三年,资源环境与安全大类,资源勘查类,专业导论、岗位基础技能、专业核心技术、设备/软件操作、项目实训、职业规范、综合实训、顶岗实习,category_template,rysxai课程文本未抽出课程名,库内未命中,头部/强研究型：核心课不一定换名称，但会加深数学/理论和研究训练，重点看理论深度、科研训练、交叉前沿、学术写作；样例：库内未命中该层次开设样例,江西应用技术职业学院、重庆工程职业技术学院,区域重点/特色优势：核心课保持完整，通常叠加地方产业、行业场景、实验项目和专业方向模块；样例：江西应用技术职业学院、重庆工程职业技术学院,山东农业工程学院、保定理工学院、云南国土资源职业学院、天津国土资源和房屋职业学院、宁夏葡萄酒与防沙治沙职业技术学院,普通应用/职业供给：更强调岗位技能、项目实训、证书衔接、综合实践，课程呈现更实训化、工具化；样例：山东农业工程学院、保定理工学院、云南国土资源职业学院、天津国土资源和房屋职业学院、宁夏葡萄酒与防沙治沙职业技术学院
420102,地质调查与矿产普查,专科(高职),,三年,资源环境与安全大类,资源勘查类,专业导论、岗位基础技能、专业核心技术、设备/软件操作、项目实训、职业规范、综合实训、顶岗实习,category_template,rysxai课程文本未抽出课程名,库内未命中,头部/强研究型：核心课不一定换名称，但会加深数学/理论和研究训练，重点看理论深度、科研训练、交叉前沿、学术写作；样例：库内未命中该层次开设样例,库内未命中,区域重点/特色优势：核心课保持完整，通常叠加地方产业、行业场景、实验项目和专业方向模块；样例：库内未命中该层次开设样例,甘肃工业职业技术大学、云南国土资源职业学院、河北资源环境职业技术学院、河南地矿职业学院、湖北国土资源职业学院,普通应用/职业供给：更强调岗位技能、项目实训、证书衔接、综合实践，课程呈现更实训化、工具化；样例：甘肃工业职业技术大学、云南国土资源职业学院、河北资源环境职业技术学院、河南地矿职业学院、湖北国土资源职业学院
420103,生态地质调查,专科(高职),,三年,资源环境与安全大类,资源勘查类,专业导论、岗位基础技能、专业核心技术、设备/软件操作、项目实训、职业规范、综合实训、顶岗实习,category_template,rysxai课程文本未抽出课程名,库内未命中,头部/强研究型：核心课不一定换名称，但会加深数学/理论和研究训练，重点看理论深度、科研训练、交叉前沿、学术写作；样例：库内未命中该层次开设样例,江西应用技术职业学院,区域重点/特色优势：核心课保持完整，通常叠加地方产业、行业场景、实验项目和专业方向模块；样例：江西应用技术职业学院,库内未命中,普通应用/职业供给：更强调岗位技能、项目实训、证书衔接、综合实践，课程呈现更实训化、工具化；样例：库内未命中该层次开设样例
420104,矿产地质勘查,专科(高职),,三年,资源环境与安全大类,资源勘查类,专业导论、岗位基础技能、专业核心技术、设备/软件操作、项目实训、职业规范、综合实训、顶岗实习,category_template,rysxai课程文本未抽出课程名,库内未命中,头部/强研究型：核心课不一定换名称，但会加深数学/理论和研究训练，重点看理论深度、科研训练、交叉前沿、学术写作；样例：库内未命中该层次开设样例,库内未命中,区域重点/特色优势：核心课保持完整，通常叠加地方产业、行业场景、实验项目和专业方向模块；样例：库内未命中该层次开设样例,云南国土资源职业学院、云南锡业职业技术学院、辽宁地质工程职业学院、烟台黄金职业学院,普通应用/职业供给：更强调岗位技能、项目实训、证书衔接、综合实践，课程呈现更实训化、工具化；样例：云南国土资源职业学院、云南锡业职业技术学院、辽宁地质工程职业学院、烟台黄金职业学院
420105,煤田地质勘查,专科(高职),,三年,资源环境与安全大类,资源勘查类,专业导论、岗位基础技能、专业核心技术、设备/软件操作、项目实训、职业规范、综合实训、顶岗实习,category_template,rysxai课程文本未抽出课程名,库内未命中,头部/强研究型：核心课不一定换名称，但会加深数学/理论和研究训练，重点看理论深度、科研训练、交叉前沿、学术写作；样例：库内未命中该层次开设样例,库内未命中,区域重点/特色优势：核心课保持完整，通常叠加地方产业、行业场景、实验项目和专业方向模块；样例：库内未命中该层次开设样例,兰州资源环境职业技术大学,普通应用/职业供给：更强调岗位技能、项目实训、证书衔接、综合实践，课程呈现更实训化、工具化；样例：兰州资源环境职业技术大学
420106,岩矿分析与鉴定,专科(高职),,三年,资源环境与安全大类,资源勘查类,专业导论、岗位基础技能、专业核心技术、设备/软件操作、项目实训、职业规范、综合实训、顶岗实习,category_template,rysxai课程文本未抽出课程名,库内未命中,头部/强研究型：核心课不一定换名称，但会加深数学/理论和研究训练，重点看理论深度、科研训练、交叉前沿、学术写作；样例：库内未命中该层次开设样例,库内未命中,区域重点/特色优势：核心课保持完整，通常叠加地方产业、行业场景、实验项目和专业方向模块；样例：库内未命中该层次开设样例,库内未命中,普通应用/职业供给：更强调岗位技能、项目实训、证书衔接、综合实践，课程呈现更实训化、工具化；样例：库内未命中该层次开设样例
420107,宝玉石鉴定与加工,专科(高职),,三年,资源环境与安全大类,资源勘查类,专业导论、岗位基础技能、专业核心技术、设备/软件操作、项目实训、职业规范、综合实训、顶岗实习,category_template,rysxai课程文本未抽出课程名,库内未命中,头部/强研究型：核心课不一定换名称，但会加深数学/理论和研究训练，重点看理论深度、科研训练、交叉前沿、学术写作；样例：库内未命中该层次开设样例,广州职业技术大学、陕西国际商贸学院、上海工艺美术职业学院、北京经济管理职业学院、江西应用技术职业学院,区域重点/特色优势：核心课保持完整，通常叠加地方产业、行业场景、实验项目和专业方向模块；样例：广州职业技术大学、陕西国际商贸学院、上海工艺美术职业学院、北京经济管理职业学院、江西应用技术职业学院,德宏师范学院、青海职业技术大学、兰州资源环境职业技术大学、甘肃工业职业技术大学、四川文化艺术学院,普通应用/职业供给：更强调岗位技能、项目实训、证书衔接、综合实践，课程呈现更实训化、工具化；样例：德宏师范学院、青海职业技术大学、兰州资源环境职业技术大学、甘肃工业职业技术大学、四川文化艺术学院
420201,工程地质勘查,专科(高职),,三年,资源环境与安全大类,地质类,专业导论、岗位基础技能、专业核心技术、设备/软件操作、项目实训、职业规范、综合实训、顶岗实习,category_template,rysxai课程文本未抽出课程名,库内未命中,头部/强研究型：核心课不一定换名称，但会加深数学/理论和研究训练，重点看理论深度、科研训练、交叉前沿、学术写作；样例：库内未命中该层次开设样例,库内未命中,区域重点/特色优势：核心课保持完整，通常叠加地方产业、行业场景、实验项目和专业方向模块；样例：库内未命中该层次开设样例,兰州石化职业技术大学、兰州资源环境职业技术大学、云南国土资源职业学院、昆明冶金职业大学、河北资源环境职业技术学院,普通应用/职业供给：更强调岗位技能、项目实训、证书衔接、综合实践，课程呈现更实训化、工具化；样例：兰州石化职业技术大学、兰州资源环境职业技术大学、云南国土资源职业学院、昆明冶金职业大学、河北资源环境职业技术学院
420202,水文与工程地质,专科(高职),,三年,资源环境与安全大类,地质类,专业导论、岗位基础技能、专业核心技术、设备/软件操作、项目实训、职业规范、综合实训、顶岗实习,category_template,rysxai课程文本未抽出课程名,库内未命中,头部/强研究型：核心课不一定换名称，但会加深数学/理论和研究训练，重点看理论深度、科研训练、交叉前沿、学术写作；样例：库内未命中该层次开设样例,江西应用技术职业学院、重庆工程职业技术学院,区域重点/特色优势：核心课保持完整，通常叠加地方产业、行业场景、实验项目和专业方向模块；样例：江西应用技术职业学院、重庆工程职业技术学院,黄河水利职业技术大学、兰州资源环境职业技术大学、甘肃工业职业技术大学、云南国土资源职业学院、四川水利职业技术学院,普通应用/职业供给：更强调岗位技能、项目实训、证书衔接、综合实践，课程呈现更实训化、工具化；样例：黄河水利职业技术大学、兰州资源环境职业技术大学、甘肃工业职业技术大学、云南国土资源职业学院、四川水利职业技术学院
420203,矿山地质,专科(高职),,三年,资源环境与安全大类,地质类,专业导论、岗位基础技能、专业核心技术、设备/软件操作、项目实训、职业规范、综合实训、顶岗实习,category_template,rysxai课程文本未抽出课程名,库内未命中,头部/强研究型：核心课不一定换名称，但会加深数学/理论和研究训练，重点看理论深度、科研训练、交叉前沿、学术写作；样例：库内未命中该层次开设样例,山西工程职业学院,区域重点/特色优势：核心课保持完整，通常叠加地方产业、行业场景、实验项目和专业方向模块；样例：山西工程职业学院,兰州资源环境职业技术大学、六盘水职业技术学院、大同煤炭职业技术学院、潞安职业技术学院,普通应用/职业供给：更强调岗位技能、项目实训、证书衔接、综合实践，课程呈现更实训化、工具化；样例：兰州资源环境职业技术大学、六盘水职业技术学院、大同煤炭职业技术学院、潞安职业技术学院
420204,钻探工程技术,专科(高职),,三年,资源环境与安全大类,地质类,专业导论、岗位基础技能、专业核心技术、设备/软件操作、项目实训、职业规范、综合实训、顶岗实习,category_template,rysxai课程文本未抽出课程名,库内未命中,头部/强研究型：核心课不一定换名称，但会加深数学/理论和研究训练，重点看理论深度、科研训练、交叉前沿、学术写作；样例：库内未命中该层次开设样例,库内未命中,区域重点/特色优势：核心课保持完整，通常叠加地方产业、行业场景、实验项目和专业方向模块；样例：库内未命中该层次开设样例,甘肃工业职业技术大学、云南国土资源职业学院、河南地矿职业学院、湖南工程职业技术学院,普通应用/职业供给：更强调岗位技能、项目实训、证书衔接、综合实践，课程呈现更实训化、工具化；样例：甘肃工业职业技术大学、云南国土资源职业学院、河南地矿职业学院、湖南工程职业技术学院
420205,岩土工程技术,专科(高职),,三年,资源环境与安全大类,地质类,专业导论、岗位基础技能、专业核心技术、设备/软件操作、项目实训、职业规范、综合实训、顶岗实习,category_template,rysxai课程文本未抽出课程名,库内未命中,头部/强研究型：核心课不一定换名称，但会加深数学/理论和研究训练，重点看理论深度、科研训练、交叉前沿、学术写作；样例：库内未命中该层次开设样例,桂林理工大学,区域重点/特色优势：核心课保持完整，通常叠加地方产业、行业场景、实验项目和专业方向模块；样例：桂林理工大学,甘肃工业职业技术大学、山西工程科技职业大学、云南水利水电职业学院、四川建筑职业技术大学、新疆建设职业技术学院,普通应用/职业供给：更强调岗位技能、项目实训、证书衔接、综合实践，课程呈现更实训化、工具化；样例：甘肃工业职业技术大学、山西工程科技职业大学、云南水利水电职业学院、四川建筑职业技术大学、新疆建设职业技术学院
420206,地球物理勘探技术,专科(高职),,三年,资源环境与安全大类,地质类,专业导论、岗位基础技能、专业核心技术、设备/软件操作、项目实训、职业规范、综合实训、顶岗实习,category_template,rysxai课程文本未抽出课程名,库内未命中,头部/强研究型：核心课不一定换名称，但会加深数学/理论和研究训练，重点看理论深度、科研训练、交叉前沿、学术写作；样例：库内未命中该层次开设样例,库内未命中,区域重点/特色优势：核心课保持完整，通常叠加地方产业、行业场景、实验项目和专业方向模块；样例：库内未命中该层次开设样例,甘肃工业职业技术大学、云南国土资源职业学院,普通应用/职业供给：更强调岗位技能、项目实训、证书衔接、综合实践，课程呈现更实训化、工具化；样例：甘肃工业职业技术大学、云南国土资源职业学院
420207,地质灾害调查与防治,专科(高职),,三年,资源环境与安全大类,地质类,专业导论、岗位基础技能、专业核心技术、设备/软件操作、项目实训、职业规范、综合实训、顶岗实习,category_template,rysxai课程文本未抽出课程名,库内未命中,头部/强研究型：核心课不一定换名称，但会加深数学/理论和研究训练，重点看理论深度、科研训练、交叉前沿、学术写作；样例：库内未命中该层次开设样例,库内未命中,区域重点/特色优势：核心课保持完整，通常叠加地方产业、行业场景、实验项目和专业方向模块；样例：库内未命中该层次开设样例,甘肃工业职业技术大学、云南国土资源职业学院、安徽工业经济职业技术学院、湖北国土资源职业学院,普通应用/职业供给：更强调岗位技能、项目实训、证书衔接、综合实践，课程呈现更实训化、工具化；样例：甘肃工业职业技术大学、云南国土资源职业学院、安徽工业经济职业技术学院、湖北国土资源职业学院
420208,环境地质工程,专科(高职),,三年,资源环境与安全大类,地质类,专业导论、岗位基础技能、专业核心技术、设备/软件操作、项目实训、职业规范、综合实训、顶岗实习,category_template,rysxai课程文本未抽出课程名,库内未命中,头部/强研究型：核心课不一定换名称，但会加深数学/理论和研究训练，重点看理论深度、科研训练、交叉前沿、学术写作；样例：库内未命中该层次开设样例,云南能源职业技术学院、广东水利电力职业技术学院,区域重点/特色优势：核心课保持完整，通常叠加地方产业、行业场景、实验项目和专业方向模块；样例：云南能源职业技术学院、广东水利电力职业技术学院,兰州资源环境职业技术大学、云南国土资源职业学院、湖南工程职业技术学院、辽宁地质工程职业学院,普通应用/职业供给：更强调岗位技能、项目实训、证书衔接、综合实践，课程呈现更实训化、工具化；样例：兰州资源环境职业技术大学、云南国土资源职业学院、湖南工程职业技术学院、辽宁地质工程职业学院
420209,城市地质勘查,专科(高职),,三年,资源环境与安全大类,地质类,专业导论、岗位基础技能、专业核心技术、设备/软件操作、项目实训、职业规范、综合实训、顶岗实习,category_template,rysxai课程文本未抽出课程名,库内未命中,头部/强研究型：核心课不一定换名称，但会加深数学/理论和研究训练，重点看理论深度、科研训练、交叉前沿、学术写作；样例：库内未命中该层次开设样例,库内未命中,区域重点/特色优势：核心课保持完整，通常叠加地方产业、行业场景、实验项目和专业方向模块；样例：库内未命中该层次开设样例,四川水利职业技术学院,普通应用/职业供给：更强调岗位技能、项目实训、证书衔接、综合实践，课程呈现更实训化、工具化；样例：四川水利职业技术学院
420301,工程测量技术,专科(高职),,三年,资源环境与安全大类,测绘地理信息类,专业导论、岗位基础技能、专业核心技术、设备/软件操作、项目实训、职业规范、综合实训、顶岗实习,category_template,rysxai课程文本未抽出课程名,库内未命中,头部/强研究型：核心课不一定换名称，但会加深数学/理论和研究训练，重点看理论深度、科研训练、交叉前沿、学术写作；样例：库内未命中该层次开设样例,桂林理工大学、华北理工大学、长春师范大学、新疆工程学院、云南交通职业技术学院,区域重点/特色优势：核心课保持完整，通常叠加地方产业、行业场景、实验项目和专业方向模块；样例：桂林理工大学、华北理工大学、长春师范大学、新疆工程学院、云南交通职业技术学院,滇西应用技术大学、黑龙江工业学院、黄河水利职业技术大学、青海职业技术大学、兰州石化职业技术大学,普通应用/职业供给：更强调岗位技能、项目实训、证书衔接、综合实践，课程呈现更实训化、工具化；样例：滇西应用技术大学、黑龙江工业学院、黄河水利职业技术大学、青海职业技术大学、兰州石化职业技术大学
420302,测绘工程技术,专科(高职),,三年,资源环境与安全大类,测绘地理信息类,专业导论、岗位基础技能、专业核心技术、设备/软件操作、项目实训、职业规范、综合实训、顶岗实习,category_template,rysxai课程文本未抽出课程名,库内未命中,头部/强研究型：核心课不一定换名称，但会加深数学/理论和研究训练，重点看理论深度、科研训练、交叉前沿、学术写作；样例：库内未命中该层次开设样例,云南交通职业技术学院、武汉铁路职业技术学院,区域重点/特色优势：核心课保持完整，通常叠加地方产业、行业场景、实验项目和专业方向模块；样例：云南交通职业技术学院、武汉铁路职业技术学院,黄河水利职业技术大学、扬州职业技术大学、青海职业技术大学、兰州石化职业技术大学、兰州资源环境职业技术大学,普通应用/职业供给：更强调岗位技能、项目实训、证书衔接、综合实践，课程呈现更实训化、工具化；样例：黄河水利职业技术大学、扬州职业技术大学、青海职业技术大学、兰州石化职业技术大学、兰州资源环境职业技术大学
420303,测绘地理信息技术,专科(高职),,三年,资源环境与安全大类,测绘地理信息类,专业导论、岗位基础技能、专业核心技术、设备/软件操作、项目实训、职业规范、综合实训、顶岗实习,category_template,rysxai课程文本未抽出课程名,库内未命中,头部/强研究型：核心课不一定换名称，但会加深数学/理论和研究训练，重点看理论深度、科研训练、交叉前沿、学术写作；样例：库内未命中该层次开设样例,桂林理工大学、海口经济学院、云南能源职业技术学院、山东科技职业学院、山西水利职业技术学院,区域重点/特色优势：核心课保持完整，通常叠加地方产业、行业场景、实验项目和专业方向模块；样例：桂林理工大学、海口经济学院、云南能源职业技术学院、山东科技职业学院、山西水利职业技术学院,黄河水利职业技术大学、扬州职业技术大学、兰州石化职业技术大学、兰州资源环境职业技术大学、甘肃林业职业技术大学,普通应用/职业供给：更强调岗位技能、项目实训、证书衔接、综合实践，课程呈现更实训化、工具化；样例：黄河水利职业技术大学、扬州职业技术大学、兰州石化职业技术大学、兰州资源环境职业技术大学、甘肃林业职业技术大学
420304,摄影测量与遥感技术,专科(高职),,三年,资源环境与安全大类,测绘地理信息类,专业导论、岗位基础技能、专业核心技术、设备/软件操作、项目实训、职业规范、综合实训、顶岗实习,category_template,rysxai课程文本未抽出课程名,库内未命中,头部/强研究型：核心课不一定换名称，但会加深数学/理论和研究训练，重点看理论深度、科研训练、交叉前沿、学术写作；样例：库内未命中该层次开设样例,山西水利职业技术学院、广东工贸职业技术学院、江西应用技术职业学院、福建信息职业技术学院、西安航空职业技术学院,区域重点/特色优势：核心课保持完整，通常叠加地方产业、行业场景、实验项目和专业方向模块；样例：山西水利职业技术学院、广东工贸职业技术学院、江西应用技术职业学院、福建信息职业技术学院、西安航空职业技术学院,黄河水利职业技术大学、兰州石化职业技术大学、陕西农林职业技术大学、酒泉职业技术大学、甘肃工业职业技术大学,普通应用/职业供给：更强调岗位技能、项目实训、证书衔接、综合实践，课程呈现更实训化、工具化；样例：黄河水利职业技术大学、兰州石化职业技术大学、陕西农林职业技术大学、酒泉职业技术大学、甘肃工业职业技术大学
420305,地籍测绘与土地管理,专科(高职),,三年,资源环境与安全大类,测绘地理信息类,专业导论、岗位基础技能、专业核心技术、设备/软件操作、项目实训、职业规范、综合实训、顶岗实习,category_template,rysxai课程文本未抽出课程名,库内未命中,头部/强研究型：核心课不一定换名称，但会加深数学/理论和研究训练，重点看理论深度、科研训练、交叉前沿、学术写作；样例：库内未命中该层次开设样例,广东工贸职业技术学院、江西应用技术职业学院、重庆工程职业技术学院,区域重点/特色优势：核心课保持完整，通常叠加地方产业、行业场景、实验项目和专业方向模块；样例：广东工贸职业技术学院、江西应用技术职业学院、重庆工程职业技术学院,黄河水利职业技术大学、云南国土资源职业学院、天津国土资源和房屋职业学院、河北资源环境职业技术学院、河南测绘职业学院,普通应用/职业供给：更强调岗位技能、项目实训、证书衔接、综合实践，课程呈现更实训化、工具化；样例：黄河水利职业技术大学、云南国土资源职业学院、天津国土资源和房屋职业学院、河北资源环境职业技术学院、河南测绘职业学院
420306,国土空间规划与测绘,专科(高职),,三年,资源环境与安全大类,测绘地理信息类,专业导论、岗位基础技能、专业核心技术、设备/软件操作、项目实训、职业规范、综合实训、顶岗实习,category_template,rysxai课程文本未抽出课程名,库内未命中,头部/强研究型：核心课不一定换名称，但会加深数学/理论和研究训练，重点看理论深度、科研训练、交叉前沿、学术写作；样例：库内未命中该层次开设样例,云南能源职业技术学院、广东工贸职业技术学院、江西应用技术职业学院,区域重点/特色优势：核心课保持完整，通常叠加地方产业、行业场景、实验项目和专业方向模块；样例：云南能源职业技术学院、广东工贸职业技术学院、江西应用技术职业学院,扬州职业技术大学、云南国土资源职业学院、云南锡业职业技术学院、广西自然资源职业技术学院、河南建筑职业技术学院,普通应用/职业供给：更强调岗位技能、项目实训、证书衔接、综合实践，课程呈现更实训化、工具化；样例：扬州职业技术大学、云南国土资源职业学院、云南锡业职业技术学院、广西自然资源职业技术学院、河南建筑职业技术学院
420307,无人机测绘技术,专科(高职),,三年,资源环境与安全大类,测绘地理信息类,专业导论、岗位基础技能、专业核心技术、设备/软件操作、项目实训、职业规范、综合实训、顶岗实习,category_template,rysxai课程文本未抽出课程名,库内未命中,头部/强研究型：核心课不一定换名称，但会加深数学/理论和研究训练，重点看理论深度、科研训练、交叉前沿、学术写作；样例：库内未命中该层次开设样例,桂林理工大学、云南能源职业技术学院、内蒙古机电职业技术学院、广东工贸职业技术学院、广西交通职业技术学院,区域重点/特色优势：核心课保持完整，通常叠加地方产业、行业场景、实验项目和专业方向模块；样例：桂林理工大学、云南能源职业技术学院、内蒙古机电职业技术学院、广东工贸职业技术学院、广西交通职业技术学院,黄河水利职业技术大学、扬州职业技术大学、陕西农林职业技术大学、四川大学锦江学院、兰州资源环境职业技术大学,普通应用/职业供给：更强调岗位技能、项目实训、证书衔接、综合实践，课程呈现更实训化、工具化；样例：黄河水利职业技术大学、扬州职业技术大学、陕西农林职业技术大学、四川大学锦江学院、兰州资源环境职业技术大学
420308,矿山测量,专科(高职),,三年,资源环境与安全大类,测绘地理信息类,专业导论、岗位基础技能、专业核心技术、设备/软件操作、项目实训、职业规范、综合实训、顶岗实习,category_template,rysxai课程文本未抽出课程名,库内未命中,头部/强研究型：核心课不一定换名称，但会加深数学/理论和研究训练，重点看理论深度、科研训练、交叉前沿、学术写作；样例：库内未命中该层次开设样例,库内未命中,区域重点/特色优势：核心课保持完整，通常叠加地方产业、行业场景、实验项目和专业方向模块；样例：库内未命中该层次开设样例,大同煤炭职业技术学院、辽源职业技术学院,普通应用/职业供给：更强调岗位技能、项目实训、证书衔接、综合实践，课程呈现更实训化、工具化；样例：大同煤炭职业技术学院、辽源职业技术学院
420309,导航与位置服务,专科(高职),,三年,资源环境与安全大类,测绘地理信息类,专业导论、岗位基础技能、专业核心技术、设备/软件操作、项目实训、职业规范、综合实训、顶岗实习,category_template,rysxai课程文本未抽出课程名,库内未命中,头部/强研究型：核心课不一定换名称，但会加深数学/理论和研究训练，重点看理论深度、科研训练、交叉前沿、学术写作；样例：库内未命中该层次开设样例,库内未命中,区域重点/特色优势：核心课保持完整，通常叠加地方产业、行业场景、实验项目和专业方向模块；样例：库内未命中该层次开设样例,西安汽车职业大学、武汉工程科技学院、云南国土资源职业学院、四川水利职业技术学院、河南工业职业技术大学,普通应用/职业供给：更强调岗位技能、项目实训、证书衔接、综合实践，课程呈现更实训化、工具化；样例：西安汽车职业大学、武汉工程科技学院、云南国土资源职业学院、四川水利职业技术学院、河南工业职业技术大学
420310,空间数字建模与应用技术,专科(高职),,三年,资源环境与安全大类,测绘地理信息类,专业导论、岗位基础技能、专业核心技术、设备/软件操作、项目实训、职业规范、综合实训、顶岗实习,category_template,rysxai课程文本未抽出课程名,库内未命中,头部/强研究型：核心课不一定换名称，但会加深数学/理论和研究训练，重点看理论深度、科研训练、交叉前沿、学术写作；样例：库内未命中该层次开设样例,福建信息职业技术学院,区域重点/特色优势：核心课保持完整，通常叠加地方产业、行业场景、实验项目和专业方向模块；样例：福建信息职业技术学院,上海城建职业学院、吉林水利电力职业学院、广西自然资源职业技术学院、河南测绘职业学院、甘肃建筑职业技术学院,普通应用/职业供给：更强调岗位技能、项目实训、证书衔接、综合实践，课程呈现更实训化、工具化；样例：上海城建职业学院、吉林水利电力职业学院、广西自然资源职业技术学院、河南测绘职业学院、甘肃建筑职业技术学院
420401,油气储运技术,专科(高职),,三年,资源环境与安全大类,石油与天然气类,专业导论、岗位基础技能、专业核心技术、设备/软件操作、项目实训、职业规范、综合实训、顶岗实习,category_template,rysxai课程文本未抽出课程名,库内未命中,头部/强研究型：核心课不一定换名称，但会加深数学/理论和研究训练，重点看理论深度、科研训练、交叉前沿、学术写作；样例：库内未命中该层次开设样例,东营职业学院、青岛港湾职业技术学院,区域重点/特色优势：核心课保持完整，通常叠加地方产业、行业场景、实验项目和专业方向模块；样例：东营职业学院、青岛港湾职业技术学院,河北石油职业技术大学、兰州石化职业技术大学、山东外国语职业技术大学、大庆职业学院、天津石油职业技术学院,普通应用/职业供给：更强调岗位技能、项目实训、证书衔接、综合实践，课程呈现更实训化、工具化；样例：河北石油职业技术大学、兰州石化职业技术大学、山东外国语职业技术大学、大庆职业学院、天津石油职业技术学院
420402,油气地质勘探技术,专科(高职),,三年,资源环境与安全大类,石油与天然气类,专业导论、岗位基础技能、专业核心技术、设备/软件操作、项目实训、职业规范、综合实训、顶岗实习,category_template,rysxai课程文本未抽出课程名,库内未命中,头部/强研究型：核心课不一定换名称，但会加深数学/理论和研究训练，重点看理论深度、科研训练、交叉前沿、学术写作；样例：库内未命中该层次开设样例,库内未命中,区域重点/特色优势：核心课保持完整，通常叠加地方产业、行业场景、实验项目和专业方向模块；样例：库内未命中该层次开设样例,天津石油职业技术学院、巴音郭楞职业技术学院、延安职业技术学院、濮阳石油化工职业技术学院、辽河石油职业技术学院,普通应用/职业供给：更强调岗位技能、项目实训、证书衔接、综合实践，课程呈现更实训化、工具化；样例：天津石油职业技术学院、巴音郭楞职业技术学院、延安职业技术学院、濮阳石油化工职业技术学院、辽河石油职业技术学院
420403,钻井技术,专科(高职),,三年,资源环境与安全大类,石油与天然气类,专业导论、岗位基础技能、专业核心技术、设备/软件操作、项目实训、职业规范、综合实训、顶岗实习,category_template,rysxai课程文本未抽出课程名,库内未命中,头部/强研究型：核心课不一定换名称，但会加深数学/理论和研究训练，重点看理论深度、科研训练、交叉前沿、学术写作；样例：库内未命中该层次开设样例,库内未命中,区域重点/特色优势：核心课保持完整，通常叠加地方产业、行业场景、实验项目和专业方向模块；样例：库内未命中该层次开设样例,库内未命中,普通应用/职业供给：更强调岗位技能、项目实训、证书衔接、综合实践，课程呈现更实训化、工具化；样例：库内未命中该层次开设样例
420404,油气智能开采技术,专科(高职),,三年,资源环境与安全大类,石油与天然气类,专业导论、岗位基础技能、专业核心技术、设备/软件操作、项目实训、职业规范、综合实训、顶岗实习,category_template,rysxai课程文本未抽出课程名,库内未命中,头部/强研究型：核心课不一定换名称，但会加深数学/理论和研究训练，重点看理论深度、科研训练、交叉前沿、学术写作；样例：库内未命中该层次开设样例,库内未命中,区域重点/特色优势：核心课保持完整，通常叠加地方产业、行业场景、实验项目和专业方向模块；样例：库内未命中该层次开设样例,荆州学院、大庆职业学院、山东胜利职业学院、巴音郭楞职业技术学院、延安职业技术学院,普通应用/职业供给：更强调岗位技能、项目实训、证书衔接、综合实践，课程呈现更实训化、工具化；样例：荆州学院、大庆职业学院、山东胜利职业学院、巴音郭楞职业技术学院、延安职业技术学院
420405,油田化学应用技术,专科(高职),,三年,资源环境与安全大类,石油与天然气类,专业导论、岗位基础技能、专业核心技术、设备/软件操作、项目实训、职业规范、综合实训、顶岗实习,category_template,rysxai课程文本未抽出课程名,库内未命中,头部/强研究型：核心课不一定换名称，但会加深数学/理论和研究训练，重点看理论深度、科研训练、交叉前沿、学术写作；样例：库内未命中该层次开设样例,库内未命中,区域重点/特色优势：核心课保持完整，通常叠加地方产业、行业场景、实验项目和专业方向模块；样例：库内未命中该层次开设样例,河北石油职业技术大学、巴音郭楞职业技术学院、延安职业技术学院,普通应用/职业供给：更强调岗位技能、项目实训、证书衔接、综合实践，课程呈现更实训化、工具化；样例：河北石油职业技术大学、巴音郭楞职业技术学院、延安职业技术学院
420406,石油工程技术,专科(高职),,三年,资源环境与安全大类,石油与天然气类,专业导论、岗位基础技能、专业核心技术、设备/软件操作、项目实训、职业规范、综合实训、顶岗实习,category_template,rysxai课程文本未抽出课程名,库内未命中,头部/强研究型：核心课不一定换名称，但会加深数学/理论和研究训练，重点看理论深度、科研训练、交叉前沿、学术写作；样例：库内未命中该层次开设样例,库内未命中,区域重点/特色优势：核心课保持完整，通常叠加地方产业、行业场景、实验项目和专业方向模块；样例：库内未命中该层次开设样例,河北石油职业技术大学、大庆职业学院、天津石油职业技术学院、山东胜利职业学院、庆阳职业技术学院,普通应用/职业供给：更强调岗位技能、项目实训、证书衔接、综合实践，课程呈现更实训化、工具化；样例：河北石油职业技术大学、大庆职业学院、天津石油职业技术学院、山东胜利职业学院、庆阳职业技术学院
420501,煤矿智能开采技术,专科(高职),,三年,资源环境与安全大类,煤炭类,专业导论、岗位基础技能、专业核心技术、设备/软件操作、项目实训、职业规范、综合实训、顶岗实习,category_template,rysxai课程文本未抽出课程名,库内未命中,头部/强研究型：核心课不一定换名称，但会加深数学/理论和研究训练，重点看理论深度、科研训练、交叉前沿、学术写作；样例：库内未命中该层次开设样例,新疆工程学院、云南能源职业技术学院、山西工程职业学院,区域重点/特色优势：核心课保持完整，通常叠加地方产业、行业场景、实验项目和专业方向模块；样例：新疆工程学院、云南能源职业技术学院、山西工程职业学院,兰州石化职业技术大学、兰州资源环境职业技术大学、运城职业技术大学、七台河职业学院、乌海职业技术学院,普通应用/职业供给：更强调岗位技能、项目实训、证书衔接、综合实践，课程呈现更实训化、工具化；样例：兰州石化职业技术大学、兰州资源环境职业技术大学、运城职业技术大学、七台河职业学院、乌海职业技术学院
420502,矿井建设工程技术,专科(高职),,三年,资源环境与安全大类,煤炭类,专业导论、岗位基础技能、专业核心技术、设备/软件操作、项目实训、职业规范、综合实训、顶岗实习,category_template,rysxai课程文本未抽出课程名,库内未命中,头部/强研究型：核心课不一定换名称，但会加深数学/理论和研究训练，重点看理论深度、科研训练、交叉前沿、学术写作；样例：库内未命中该层次开设样例,库内未命中,区域重点/特色优势：核心课保持完整，通常叠加地方产业、行业场景、实验项目和专业方向模块；样例：库内未命中该层次开设样例,潞安职业技术学院,普通应用/职业供给：更强调岗位技能、项目实训、证书衔接、综合实践，课程呈现更实训化、工具化；样例：潞安职业技术学院
420503,通风技术与安全管理,专科(高职),,三年,资源环境与安全大类,煤炭类,专业导论、岗位基础技能、专业核心技术、设备/软件操作、项目实训、职业规范、综合实训、顶岗实习,category_template,rysxai课程文本未抽出课程名,库内未命中,头部/强研究型：核心课不一定换名称，但会加深数学/理论和研究训练，重点看理论深度、科研训练、交叉前沿、学术写作；样例：库内未命中该层次开设样例,云南能源职业技术学院、山西工程职业学院,区域重点/特色优势：核心课保持完整，通常叠加地方产业、行业场景、实验项目和专业方向模块；样例：云南能源职业技术学院、山西工程职业学院,大同煤炭职业技术学院、平顶山工业职业技术学院、晋城职业技术学院、朔州职业技术学院、河北能源职业技术学院,普通应用/职业供给：更强调岗位技能、项目实训、证书衔接、综合实践，课程呈现更实训化、工具化；样例：大同煤炭职业技术学院、平顶山工业职业技术学院、晋城职业技术学院、朔州职业技术学院、河北能源职业技术学院
420504,矿山机电与智能装备,专科(高职),,三年,资源环境与安全大类,煤炭类,专业导论、岗位基础技能、专业核心技术、设备/软件操作、项目实训、职业规范、综合实训、顶岗实习,category_template,rysxai课程文本未抽出课程名,库内未命中,头部/强研究型：核心课不一定换名称，但会加深数学/理论和研究训练，重点看理论深度、科研训练、交叉前沿、学术写作；样例：库内未命中该层次开设样例,山西工程职业学院、山西机电职业技术学院,区域重点/特色优势：核心课保持完整，通常叠加地方产业、行业场景、实验项目和专业方向模块；样例：山西工程职业学院、山西机电职业技术学院,兰州石化职业技术大学、兰州资源环境职业技术大学、吕梁职业技术学院、昆玉职业技术学院、晋中职业技术学院,普通应用/职业供给：更强调岗位技能、项目实训、证书衔接、综合实践，课程呈现更实训化、工具化；样例：兰州石化职业技术大学、兰州资源环境职业技术大学、吕梁职业技术学院、昆玉职业技术学院、晋中职业技术学院
420505,煤炭清洁利用技术,专科(高职),,三年,资源环境与安全大类,煤炭类,专业导论、岗位基础技能、专业核心技术、设备/软件操作、项目实训、职业规范、综合实训、顶岗实习,category_template,rysxai课程文本未抽出课程名,库内未命中,头部/强研究型：核心课不一定换名称，但会加深数学/理论和研究训练，重点看理论深度、科研训练、交叉前沿、学术写作；样例：库内未命中该层次开设样例,内蒙古化工职业学院、山西工程职业学院,区域重点/特色优势：核心课保持完整，通常叠加地方产业、行业场景、实验项目和专业方向模块；样例：内蒙古化工职业学院、山西工程职业学院,七台河职业学院、吕梁职业技术学院、大同煤炭职业技术学院、延安职业技术学院、晋中职业技术学院,普通应用/职业供给：更强调岗位技能、项目实训、证书衔接、综合实践，课程呈现更实训化、工具化；样例：七台河职业学院、吕梁职业技术学院、大同煤炭职业技术学院、延安职业技术学院、晋中职业技术学院
420506,煤层气采输技术,专科(高职),,三年,资源环境与安全大类,煤炭类,专业导论、岗位基础技能、专业核心技术、设备/软件操作、项目实训、职业规范、综合实训、顶岗实习,category_template,rysxai课程文本未抽出课程名,库内未命中,头部/强研究型：核心课不一定换名称，但会加深数学/理论和研究训练，重点看理论深度、科研训练、交叉前沿、学术写作；样例：库内未命中该层次开设样例,库内未命中,区域重点/特色优势：核心课保持完整，通常叠加地方产业、行业场景、实验项目和专业方向模块；样例：库内未命中该层次开设样例,晋城职业技术学院,普通应用/职业供给：更强调岗位技能、项目实训、证书衔接、综合实践，课程呈现更实训化、工具化；样例：晋城职业技术学院
420601,矿山智能开采技术,专科(高职),,三年,资源环境与安全大类,金属与非金属矿类,专业导论、岗位基础技能、专业核心技术、设备/软件操作、项目实训、职业规范、综合实训、顶岗实习,category_template,rysxai课程文本未抽出课程名,库内未命中,头部/强研究型：核心课不一定换名称，但会加深数学/理论和研究训练，重点看理论深度、科研训练、交叉前沿、学术写作；样例：库内未命中该层次开设样例,库内未命中,区域重点/特色优势：核心课保持完整，通常叠加地方产业、行业场景、实验项目和专业方向模块；样例：库内未命中该层次开设样例,云南锡业职业技术学院、吉林电子信息职业技术学院、安徽工业职业技术学院、昆明冶金职业大学、昆明工业职业技术学院,普通应用/职业供给：更强调岗位技能、项目实训、证书衔接、综合实践，课程呈现更实训化、工具化；样例：云南锡业职业技术学院、吉林电子信息职业技术学院、安徽工业职业技术学院、昆明冶金职业大学、昆明工业职业技术学院
420602,矿物加工技术,专科(高职),,三年,资源环境与安全大类,金属与非金属矿类,专业导论、岗位基础技能、专业核心技术、设备/软件操作、项目实训、职业规范、综合实训、顶岗实习,category_template,rysxai课程文本未抽出课程名,库内未命中,头部/强研究型：核心课不一定换名称，但会加深数学/理论和研究训练，重点看理论深度、科研训练、交叉前沿、学术写作；样例：库内未命中该层次开设样例,江西应用技术职业学院,区域重点/特色优势：核心课保持完整，通常叠加地方产业、行业场景、实验项目和专业方向模块；样例：江西应用技术职业学院,云南锡业职业技术学院、吉林电子信息职业技术学院、安徽工业职业技术学院、昆明冶金职业大学、湖南有色金属职业技术学院,普通应用/职业供给：更强调岗位技能、项目实训、证书衔接、综合实践，课程呈现更实训化、工具化；样例：云南锡业职业技术学院、吉林电子信息职业技术学院、安徽工业职业技术学院、昆明冶金职业大学、湖南有色金属职业技术学院
420701,大气科学技术,专科(高职),,三年,资源环境与安全大类,气象类,专业导论、岗位基础技能、专业核心技术、设备/软件操作、项目实训、职业规范、综合实训、顶岗实习,category_template,rysxai课程文本未抽出课程名,库内未命中,头部/强研究型：核心课不一定换名称，但会加深数学/理论和研究训练，重点看理论深度、科研训练、交叉前沿、学术写作；样例：库内未命中该层次开设样例,库内未命中,区域重点/特色优势：核心课保持完整，通常叠加地方产业、行业场景、实验项目和专业方向模块；样例：库内未命中该层次开设样例,兰州资源环境职业技术大学、江西信息应用职业技术学院,普通应用/职业供给：更强调岗位技能、项目实训、证书衔接、综合实践，课程呈现更实训化、工具化；样例：兰州资源环境职业技术大学、江西信息应用职业技术学院
420702,大气探测技术,专科(高职),,三年,资源环境与安全大类,气象类,专业导论、岗位基础技能、专业核心技术、设备/软件操作、项目实训、职业规范、综合实训、顶岗实习,category_template,rysxai课程文本未抽出课程名,库内未命中,头部/强研究型：核心课不一定换名称，但会加深数学/理论和研究训练，重点看理论深度、科研训练、交叉前沿、学术写作；样例：库内未命中该层次开设样例,库内未命中,区域重点/特色优势：核心课保持完整，通常叠加地方产业、行业场景、实验项目和专业方向模块；样例：库内未命中该层次开设样例,兰州资源环境职业技术大学、江西信息应用职业技术学院,普通应用/职业供给：更强调岗位技能、项目实训、证书衔接、综合实践，课程呈现更实训化、工具化；样例：兰州资源环境职业技术大学、江西信息应用职业技术学院
420703,应用气象技术,专科(高职),,三年,资源环境与安全大类,气象类,专业导论、岗位基础技能、专业核心技术、设备/软件操作、项目实训、职业规范、综合实训、顶岗实习,category_template,rysxai课程文本未抽出课程名,库内未命中,头部/强研究型：核心课不一定换名称，但会加深数学/理论和研究训练，重点看理论深度、科研训练、交叉前沿、学术写作；样例：库内未命中该层次开设样例,库内未命中,区域重点/特色优势：核心课保持完整，通常叠加地方产业、行业场景、实验项目和专业方向模块；样例：库内未命中该层次开设样例,兰州资源环境职业技术大学、江西信息应用职业技术学院,普通应用/职业供给：更强调岗位技能、项目实训、证书衔接、综合实践，课程呈现更实训化、工具化；样例：兰州资源环境职业技术大学、江西信息应用职业技术学院
420704,雷电防护技术,专科(高职),,三年,资源环境与安全大类,气象类,专业导论、岗位基础技能、专业核心技术、设备/软件操作、项目实训、职业规范、综合实训、顶岗实习,category_template,rysxai课程文本未抽出课程名,库内未命中,头部/强研究型：核心课不一定换名称，但会加深数学/理论和研究训练，重点看理论深度、科研训练、交叉前沿、学术写作；样例：库内未命中该层次开设样例,库内未命中,区域重点/特色优势：核心课保持完整，通常叠加地方产业、行业场景、实验项目和专业方向模块；样例：库内未命中该层次开设样例,兰州资源环境职业技术大学、江西信息应用职业技术学院,普通应用/职业供给：更强调岗位技能、项目实训、证书衔接、综合实践，课程呈现更实训化、工具化；样例：兰州资源环境职业技术大学、江西信息应用职业技术学院
420801,环境监测技术,专科(高职),,三年,资源环境与安全大类,环境保护类,专业导论、岗位基础技能、专业核心技术、设备/软件操作、项目实训、职业规范、综合实训、顶岗实习,category_template,rysxai课程文本未抽出课程名,库内未命中,头部/强研究型：核心课不一定换名称，但会加深数学/理论和研究训练，重点看理论深度、科研训练、交叉前沿、学术写作；样例：库内未命中该层次开设样例,深圳信息职业技术大学、华北理工大学、广东轻工职业技术大学、顺德职业技术大学、海口经济学院,区域重点/特色优势：核心课保持完整，通常叠加地方产业、行业场景、实验项目和专业方向模块；样例：深圳信息职业技术大学、华北理工大学、广东轻工职业技术大学、顺德职业技术大学、海口经济学院,柳州职业技术大学、金华职业技术大学、河北工业职业技术大学、黄河水利职业技术大学、宁波职业技术大学,普通应用/职业供给：更强调岗位技能、项目实训、证书衔接、综合实践，课程呈现更实训化、工具化；样例：柳州职业技术大学、金华职业技术大学、河北工业职业技术大学、黄河水利职业技术大学、宁波职业技术大学
420802,环境工程技术,专科(高职),,三年,资源环境与安全大类,环境保护类,专业导论、岗位基础技能、专业核心技术、设备/软件操作、项目实训、职业规范、综合实训、顶岗实习,category_template,rysxai课程文本未抽出课程名,库内未命中,头部/强研究型：核心课不一定换名称，但会加深数学/理论和研究训练，重点看理论深度、科研训练、交叉前沿、学术写作；样例：库内未命中该层次开设样例,深圳职业技术大学、深圳信息职业技术大学、桂林理工大学、广东轻工职业技术大学、武汉生物工程学院,区域重点/特色优势：核心课保持完整，通常叠加地方产业、行业场景、实验项目和专业方向模块；样例：深圳职业技术大学、深圳信息职业技术大学、桂林理工大学、广东轻工职业技术大学、武汉生物工程学院,河南工程学院、河北环境工程学院、北京科技职业大学、河北工业职业技术大学、黄河水利职业技术大学,普通应用/职业供给：更强调岗位技能、项目实训、证书衔接、综合实践，课程呈现更实训化、工具化；样例：河南工程学院、河北环境工程学院、北京科技职业大学、河北工业职业技术大学、黄河水利职业技术大学
420803,生态保护技术,专科(高职),,三年,资源环境与安全大类,环境保护类,专业导论、岗位基础技能、专业核心技术、设备/软件操作、项目实训、职业规范、综合实训、顶岗实习,category_template,rysxai课程文本未抽出课程名,库内未命中,头部/强研究型：核心课不一定换名称，但会加深数学/理论和研究训练，重点看理论深度、科研训练、交叉前沿、学术写作；样例：库内未命中该层次开设样例,库内未命中,区域重点/特色优势：核心课保持完整，通常叠加地方产业、行业场景、实验项目和专业方向模块；样例：库内未命中该层次开设样例,柳州职业技术大学、青海职业技术大学、信阳职业技术学院、安徽林业职业技术学院、江苏城乡建设职业学院,普通应用/职业供给：更强调岗位技能、项目实训、证书衔接、综合实践，课程呈现更实训化、工具化；样例：柳州职业技术大学、青海职业技术大学、信阳职业技术学院、安徽林业职业技术学院、江苏城乡建设职业学院
420804,生态环境大数据技术,专科(高职),,三年,资源环境与安全大类,环境保护类,程序设计、数据结构、数据库系统、概率论与数理统计、机器学习、数据挖掘、大数据平台技术、数据可视化,category_template,rysxai课程文本未抽出课程名,库内未命中,头部/强研究型：核心课不一定换名称，但会加深数学/理论和研究训练，重点看理论深度、科研训练、交叉前沿、学术写作；样例：库内未命中该层次开设样例,山西水利职业技术学院、江西环境工程职业学院,区域重点/特色优势：核心课保持完整，通常叠加地方产业、行业场景、实验项目和专业方向模块；样例：山西水利职业技术学院、江西环境工程职业学院,广东环境保护工程职业学院、长沙环境保护职业技术学院、资阳环境科技职业学院,普通应用/职业供给：更强调岗位技能、项目实训、证书衔接、综合实践，课程呈现更实训化、工具化；样例：广东环境保护工程职业学院、长沙环境保护职业技术学院、资阳环境科技职业学院
420805,环境管理与评价,专科(高职),,三年,资源环境与安全大类,环境保护类,专业导论、岗位基础技能、专业核心技术、设备/软件操作、项目实训、职业规范、综合实训、顶岗实习,category_template,rysxai课程文本未抽出课程名,库内未命中,头部/强研究型：核心课不一定换名称，但会加深数学/理论和研究训练，重点看理论深度、科研训练、交叉前沿、学术写作；样例：库内未命中该层次开设样例,天津渤海职业技术学院、天津现代职业技术学院、江西环境工程职业学院、贵州工业职业技术学院,区域重点/特色优势：核心课保持完整，通常叠加地方产业、行业场景、实验项目和专业方向模块；样例：天津渤海职业技术学院、天津现代职业技术学院、江西环境工程职业学院、贵州工业职业技术学院,河北科技工程职业技术大学、南昌理工学院、云南国土资源职业学院、云南林业职业技术学院、厦门海洋职业技术学院,普通应用/职业供给：更强调岗位技能、项目实训、证书衔接、综合实践，课程呈现更实训化、工具化；样例：河北科技工程职业技术大学、南昌理工学院、云南国土资源职业学院、云南林业职业技术学院、厦门海洋职业技术学院
420806,生态环境修复技术,专科(高职),,三年,资源环境与安全大类,环境保护类,专业导论、岗位基础技能、专业核心技术、设备/软件操作、项目实训、职业规范、综合实训、顶岗实习,category_template,rysxai课程文本未抽出课程名,库内未命中,头部/强研究型：核心课不一定换名称，但会加深数学/理论和研究训练，重点看理论深度、科研训练、交叉前沿、学术写作；样例：库内未命中该层次开设样例,广东轻工职业技术大学、山西水利职业技术学院、江西环境工程职业学院、苏州农业职业技术学院,区域重点/特色优势：核心课保持完整，通常叠加地方产业、行业场景、实验项目和专业方向模块；样例：广东轻工职业技术大学、山西水利职业技术学院、江西环境工程职业学院、苏州农业职业技术学院,黄河水利职业技术大学、酒泉职业技术大学、云南国土资源职业学院、云南林业职业技术学院、山东城市建设职业学院,普通应用/职业供给：更强调岗位技能、项目实训、证书衔接、综合实践，课程呈现更实训化、工具化；样例：黄河水利职业技术大学、酒泉职业技术大学、云南国土资源职业学院、云南林业职业技术学院、山东城市建设职业学院
420807,绿色低碳技术,专科(高职),,三年,资源环境与安全大类,环境保护类,专业导论、岗位基础技能、专业核心技术、设备/软件操作、项目实训、职业规范、综合实训、顶岗实习,category_template,rysxai课程文本未抽出课程名,库内未命中,头部/强研究型：核心课不一定换名称，但会加深数学/理论和研究训练，重点看理论深度、科研训练、交叉前沿、学术写作；样例：库内未命中该层次开设样例,江西环境工程职业学院,区域重点/特色优势：核心课保持完整，通常叠加地方产业、行业场景、实验项目和专业方向模块；样例：江西环境工程职业学院,柳州职业技术大学、安阳学院、郑州工商学院、酒泉职业技术大学、四川工商职业技术学院,普通应用/职业供给：更强调岗位技能、项目实训、证书衔接、综合实践，课程呈现更实训化、工具化；样例：柳州职业技术大学、安阳学院、郑州工商学院、酒泉职业技术大学、四川工商职业技术学院
420808,资源综合利用技术,专科(高职),,三年,资源环境与安全大类,环境保护类,专业导论、岗位基础技能、专业核心技术、设备/软件操作、项目实训、职业规范、综合实训、顶岗实习,category_template,rysxai课程文本未抽出课程名,库内未命中,头部/强研究型：核心课不一定换名称，但会加深数学/理论和研究训练，重点看理论深度、科研训练、交叉前沿、学术写作；样例：库内未命中该层次开设样例,库内未命中,区域重点/特色优势：核心课保持完整，通常叠加地方产业、行业场景、实验项目和专业方向模块；样例：库内未命中该层次开设样例,山东工程职业技术大学、广东环境保护工程职业学院、昆明工业职业技术学院、河北建材职业技术学院、荆门职业学院,普通应用/职业供给：更强调岗位技能、项目实训、证书衔接、综合实践，课程呈现更实训化、工具化；样例：山东工程职业技术大学、广东环境保护工程职业学院、昆明工业职业技术学院、河北建材职业技术学院、荆门职业学院
420809,水净化与安全技术,专科(高职),,三年,资源环境与安全大类,环境保护类,专业导论、岗位基础技能、专业核心技术、设备/软件操作、项目实训、职业规范、综合实训、顶岗实习,category_template,rysxai课程文本未抽出课程名,库内未命中,头部/强研究型：核心课不一定换名称，但会加深数学/理论和研究训练，重点看理论深度、科研训练、交叉前沿、学术写作；样例：库内未命中该层次开设样例,库内未命中,区域重点/特色优势：核心课保持完整，通常叠加地方产业、行业场景、实验项目和专业方向模块；样例：库内未命中该层次开设样例,兴安职业技术大学、三门峡职业技术学院、荆州理工职业学院、长沙环境保护职业技术学院、潍坊环境工程职业学院,普通应用/职业供给：更强调岗位技能、项目实训、证书衔接、综合实践，课程呈现更实训化、工具化；样例：兴安职业技术大学、三门峡职业技术学院、荆州理工职业学院、长沙环境保护职业技术学院、潍坊环境工程职业学院
420810,核与辐射检测防护技术,专科(高职),,三年,资源环境与安全大类,环境保护类,专业导论、岗位基础技能、专业核心技术、设备/软件操作、项目实训、职业规范、综合实训、顶岗实习,category_template,rysxai课程文本未抽出课程名,库内未命中,头部/强研究型：核心课不一定换名称，但会加深数学/理论和研究训练，重点看理论深度、科研训练、交叉前沿、学术写作；样例：库内未命中该层次开设样例,库内未命中,区域重点/特色优势：核心课保持完整，通常叠加地方产业、行业场景、实验项目和专业方向模块；样例：库内未命中该层次开设样例,酒泉职业技术大学、甘肃工业职业技术大学、武威职业技术大学、江西航空职业技术学院,普通应用/职业供给：更强调岗位技能、项目实训、证书衔接、综合实践，课程呈现更实训化、工具化；样例：酒泉职业技术大学、甘肃工业职业技术大学、武威职业技术大学、江西航空职业技术学院
420811,智能环保装备技术,专科(高职),,三年,资源环境与安全大类,环境保护类,专业导论、岗位基础技能、专业核心技术、设备/软件操作、项目实训、职业规范、综合实训、顶岗实习,category_template,rysxai课程文本未抽出课程名,库内未命中,头部/强研究型：核心课不一定换名称，但会加深数学/理论和研究训练，重点看理论深度、科研训练、交叉前沿、学术写作；样例：库内未命中该层次开设样例,库内未命中,区域重点/特色优势：核心课保持完整，通常叠加地方产业、行业场景、实验项目和专业方向模块；样例：库内未命中该层次开设样例,广东环境保护工程职业学院、广西生态工程职业技术学院、河南水利与环境职业学院、湖北工业职业技术学院、重庆资源与环境保护职业学院,普通应用/职业供给：更强调岗位技能、项目实训、证书衔接、综合实践，课程呈现更实训化、工具化；样例：广东环境保护工程职业学院、广西生态工程职业技术学院、河南水利与环境职业学院、湖北工业职业技术学院、重庆资源与环境保护职业学院
420901,安全技术与管理,专科(高职),,三年,资源环境与安全大类,安全类,专业导论、岗位基础技能、专业核心技术、设备/软件操作、项目实训、职业规范、综合实训、顶岗实习,category_template,rysxai课程文本未抽出课程名,库内未命中,头部/强研究型：核心课不一定换名称，但会加深数学/理论和研究训练，重点看理论深度、科研训练、交叉前沿、学术写作；样例：库内未命中该层次开设样例,云南交通职业技术学院、云南能源职业技术学院、内蒙古化工职业学院、北京劳动保障职业学院、北京工业职业技术学院,区域重点/特色优势：核心课保持完整，通常叠加地方产业、行业场景、实验项目和专业方向模块；样例：云南交通职业技术学院、云南能源职业技术学院、内蒙古化工职业学院、北京劳动保障职业学院、北京工业职业技术学院,广西警察学院、贵州交通职业大学、黄河水利职业技术大学、兰州石化职业技术大学、陕西农林职业技术大学,普通应用/职业供给：更强调岗位技能、项目实训、证书衔接、综合实践，课程呈现更实训化、工具化；样例：广西警察学院、贵州交通职业大学、黄河水利职业技术大学、兰州石化职业技术大学、陕西农林职业技术大学
420902,化工安全技术,专科(高职),,三年,资源环境与安全大类,安全类,专业导论、岗位基础技能、专业核心技术、设备/软件操作、项目实训、职业规范、综合实训、顶岗实习,category_template,rysxai课程文本未抽出课程名,库内未命中,头部/强研究型：核心课不一定换名称，但会加深数学/理论和研究训练，重点看理论深度、科研训练、交叉前沿、学术写作；样例：库内未命中该层次开设样例,枣庄学院、东营职业学院、吉林工业职业技术学院、新疆生产建设兵团兴新职业技术学院、河北化工医药职业技术学院,区域重点/特色优势：核心课保持完整，通常叠加地方产业、行业场景、实验项目和专业方向模块；样例：枣庄学院、东营职业学院、吉林工业职业技术学院、新疆生产建设兵团兴新职业技术学院、河北化工医药职业技术学院,兰州石化职业技术大学、上海现代化工职业学院、乌海职业技术学院、山东化工职业学院、新疆石河子职业技术学院,普通应用/职业供给：更强调岗位技能、项目实训、证书衔接、综合实践，课程呈现更实训化、工具化；样例：兰州石化职业技术大学、上海现代化工职业学院、乌海职业技术学院、山东化工职业学院、新疆石河子职业技术学院
420903,工程安全评价与监理,专科(高职),,三年,资源环境与安全大类,安全类,专业导论、岗位基础技能、专业核心技术、设备/软件操作、项目实训、职业规范、综合实训、顶岗实习,category_template,rysxai课程文本未抽出课程名,库内未命中,头部/强研究型：核心课不一定换名称，但会加深数学/理论和研究训练，重点看理论深度、科研训练、交叉前沿、学术写作；样例：库内未命中该层次开设样例,徐州工业职业技术学院,区域重点/特色优势：核心课保持完整，通常叠加地方产业、行业场景、实验项目和专业方向模块；样例：徐州工业职业技术学院,江苏安全技术职业学院、浙江安防职业技术学院、湖北国土资源职业学院、湖北黄冈应急管理职业技术学院、湖南安全技术职业学院,普通应用/职业供给：更强调岗位技能、项目实训、证书衔接、综合实践，课程呈现更实训化、工具化；样例：江苏安全技术职业学院、浙江安防职业技术学院、湖北国土资源职业学院、湖北黄冈应急管理职业技术学院、湖南安全技术职业学院
420904,安全智能监测技术,专科(高职),,三年,资源环境与安全大类,安全类,专业导论、岗位基础技能、专业核心技术、设备/软件操作、项目实训、职业规范、综合实训、顶岗实习,category_template,rysxai课程文本未抽出课程名,库内未命中,头部/强研究型：核心课不一定换名称，但会加深数学/理论和研究训练，重点看理论深度、科研训练、交叉前沿、学术写作；样例：库内未命中该层次开设样例,北京工业职业技术学院,区域重点/特色优势：核心课保持完整，通常叠加地方产业、行业场景、实验项目和专业方向模块；样例：北京工业职业技术学院,淄博职业技术大学、北京京北职业技术学院、安徽工贸职业技术学院、广西安全工程职业技术学院、江苏安全技术职业学院,普通应用/职业供给：更强调岗位技能、项目实训、证书衔接、综合实践，课程呈现更实训化、工具化；样例：淄博职业技术大学、北京京北职业技术学院、安徽工贸职业技术学院、广西安全工程职业技术学院、江苏安全技术职业学院
420905,应急救援技术,专科(高职),,三年,资源环境与安全大类,安全类,专业导论、岗位基础技能、专业核心技术、设备/软件操作、项目实训、职业规范、综合实训、顶岗实习,category_template,rysxai课程文本未抽出课程名,库内未命中,头部/强研究型：核心课不一定换名称，但会加深数学/理论和研究训练，重点看理论深度、科研训练、交叉前沿、学术写作；样例：库内未命中该层次开设样例,江西应用技术职业学院、福建船政交通职业学院、青岛港湾职业技术学院,区域重点/特色优势：核心课保持完整，通常叠加地方产业、行业场景、实验项目和专业方向模块；样例：江西应用技术职业学院、福建船政交通职业学院、青岛港湾职业技术学院,哈尔滨职业技术大学、安徽职业技术大学、七台河职业学院、三明医学科技职业学院、三门峡社会管理职业学院,普通应用/职业供给：更强调岗位技能、项目实训、证书衔接、综合实践，课程呈现更实训化、工具化；样例：哈尔滨职业技术大学、安徽职业技术大学、七台河职业学院、三明医学科技职业学院、三门峡社会管理职业学院
420906,消防救援技术,专科(高职),,三年,资源环境与安全大类,安全类,专业导论、岗位基础技能、专业核心技术、设备/软件操作、项目实训、职业规范、综合实训、顶岗实习,category_template,rysxai课程文本未抽出课程名,库内未命中,头部/强研究型：核心课不一定换名称，但会加深数学/理论和研究训练，重点看理论深度、科研训练、交叉前沿、学术写作；样例：库内未命中该层次开设样例,上海电子信息职业技术学院、新疆生产建设兵团兴新职业技术学院,区域重点/特色优势：核心课保持完整，通常叠加地方产业、行业场景、实验项目和专业方向模块；样例：上海电子信息职业技术学院、新疆生产建设兵团兴新职业技术学院,西南财经大学天府学院、酒泉职业技术大学、山西工程科技职业大学、兴安职业技术大学、三门峡社会管理职业学院,普通应用/职业供给：更强调岗位技能、项目实训、证书衔接、综合实践，课程呈现更实训化、工具化；样例：西南财经大学天府学院、酒泉职业技术大学、山西工程科技职业大学、兴安职业技术大学、三门峡社会管理职业学院
420907,森林草原防火技术,专科(高职),,三年,资源环境与安全大类,安全类,专业导论、岗位基础技能、专业核心技术、设备/软件操作、项目实训、职业规范、综合实训、顶岗实习,category_template,rysxai课程文本未抽出课程名,库内未命中,头部/强研究型：核心课不一定换名称，但会加深数学/理论和研究训练，重点看理论深度、科研训练、交叉前沿、学术写作；样例：库内未命中该层次开设样例,库内未命中,区域重点/特色优势：核心课保持完整，通常叠加地方产业、行业场景、实验项目和专业方向模块；样例：库内未命中该层次开设样例,兴安职业技术大学、云南林业职业技术学院、伊春职业学院、大兴安岭职业学院、安徽林业职业技术学院,普通应用/职业供给：更强调岗位技能、项目实训、证书衔接、综合实践，课程呈现更实训化、工具化；样例：兴安职业技术大学、云南林业职业技术学院、伊春职业学院、大兴安岭职业学院、安徽林业职业技术学院
420908,职业健康安全技术,专科(高职),,三年,资源环境与安全大类,安全类,专业导论、岗位基础技能、专业核心技术、设备/软件操作、项目实训、职业规范、综合实训、顶岗实习,category_template,rysxai课程文本未抽出课程名,库内未命中,头部/强研究型：核心课不一定换名称，但会加深数学/理论和研究训练，重点看理论深度、科研训练、交叉前沿、学术写作；样例：库内未命中该层次开设样例,江苏食品药品职业技术学院、重庆工程职业技术学院,区域重点/特色优势：核心课保持完整，通常叠加地方产业、行业场景、实验项目和专业方向模块；样例：江苏食品药品职业技术学院、重庆工程职业技术学院,金华职业技术大学、安徽卫生健康职业学院、山东医学高等专科学校、广东环境保护工程职业学院、江苏安全技术职业学院,普通应用/职业供给：更强调岗位技能、项目实训、证书衔接、综合实践，课程呈现更实训化、工具化；样例：金华职业技术大学、安徽卫生健康职业学院、山东医学高等专科学校、广东环境保护工程职业学院、江苏安全技术职业学院
420909,防灾减灾救灾技术,专科(高职),,三年,资源环境与安全大类,安全类,专业导论、岗位基础技能、专业核心技术、设备/软件操作、项目实训、职业规范、综合实训、顶岗实习,category_template,rysxai课程文本未抽出课程名,库内未命中,头部/强研究型：核心课不一定换名称，但会加深数学/理论和研究训练，重点看理论深度、科研训练、交叉前沿、学术写作；样例：库内未命中该层次开设样例,库内未命中,区域重点/特色优势：核心课保持完整，通常叠加地方产业、行业场景、实验项目和专业方向模块；样例：库内未命中该层次开设样例,湖北黄冈应急管理职业技术学院,普通应用/职业供给：更强调岗位技能、项目实训、证书衔接、综合实践，课程呈现更实训化、工具化；样例：湖北黄冈应急管理职业技术学院
430101,发电厂及电力系统,专科(高职),,三年,能源动力与材料大类,电力技术类,专业导论、岗位基础技能、专业核心技术、设备/软件操作、项目实训、职业规范、综合实训、顶岗实习,category_template,rysxai课程文本未抽出课程名,库内未命中,头部/强研究型：核心课不一定换名称，但会加深数学/理论和研究训练，重点看理论深度、科研训练、交叉前沿、学术写作；样例：库内未命中该层次开设样例,沈阳工程学院、云南能源职业技术学院、广东水利电力职业技术学院、广西水利电力职业技术学院、西藏职业技术学院,区域重点/特色优势：核心课保持完整，通常叠加地方产业、行业场景、实验项目和专业方向模块；样例：沈阳工程学院、云南能源职业技术学院、广东水利电力职业技术学院、广西水利电力职业技术学院、西藏职业技术学院,黄河水利职业技术大学、兰州石化职业技术大学、三峡大学科技学院、三峡电力职业学院、乌海职业技术学院,普通应用/职业供给：更强调岗位技能、项目实训、证书衔接、综合实践，课程呈现更实训化、工具化；样例：黄河水利职业技术大学、兰州石化职业技术大学、三峡大学科技学院、三峡电力职业学院、乌海职业技术学院
430102,水电站机电设备与自动化,专科(高职),,三年,能源动力与材料大类,电力技术类,专业导论、岗位基础技能、专业核心技术、设备/软件操作、项目实训、职业规范、综合实训、顶岗实习,category_template,rysxai课程文本未抽出课程名,库内未命中,头部/强研究型：核心课不一定换名称，但会加深数学/理论和研究训练，重点看理论深度、科研训练、交叉前沿、学术写作；样例：库内未命中该层次开设样例,库内未命中,区域重点/特色优势：核心课保持完整，通常叠加地方产业、行业场景、实验项目和专业方向模块；样例：库内未命中该层次开设样例,四川水利职业技术学院、四川电力职业技术学院、广西电力职业技术学院、新疆职业大学、武汉电力职业技术学院,普通应用/职业供给：更强调岗位技能、项目实训、证书衔接、综合实践，课程呈现更实训化、工具化；样例：四川水利职业技术学院、四川电力职业技术学院、广西电力职业技术学院、新疆职业大学、武汉电力职业技术学院
430103,水电站与电力网技术,专科(高职),,三年,能源动力与材料大类,电力技术类,专业导论、岗位基础技能、专业核心技术、设备/软件操作、项目实训、职业规范、综合实训、顶岗实习,category_template,rysxai课程文本未抽出课程名,库内未命中,头部/强研究型：核心课不一定换名称，但会加深数学/理论和研究训练，重点看理论深度、科研训练、交叉前沿、学术写作；样例：库内未命中该层次开设样例,广东水利电力职业技术学院,区域重点/特色优势：核心课保持完整，通常叠加地方产业、行业场景、实验项目和专业方向模块；样例：广东水利电力职业技术学院,库内未命中,普通应用/职业供给：更强调岗位技能、项目实训、证书衔接、综合实践，课程呈现更实训化、工具化；样例：库内未命中该层次开设样例
430104,分布式发电与智能微电网技术,专科(高职),,三年,能源动力与材料大类,电力技术类,专业导论、岗位基础技能、专业核心技术、设备/软件操作、项目实训、职业规范、综合实训、顶岗实习,category_template,rysxai课程文本未抽出课程名,库内未命中,头部/强研究型：核心课不一定换名称，但会加深数学/理论和研究训练，重点看理论深度、科研训练、交叉前沿、学术写作；样例：库内未命中该层次开设样例,云南机电职业技术学院、广东水利电力职业技术学院、重庆电力高等专科学校,区域重点/特色优势：核心课保持完整，通常叠加地方产业、行业场景、实验项目和专业方向模块；样例：云南机电职业技术学院、广东水利电力职业技术学院、重庆电力高等专科学校,南京工业职业技术大学、银川科技学院、云南水利水电职业学院、天津城市职业学院、山东理工职业学院,普通应用/职业供给：更强调岗位技能、项目实训、证书衔接、综合实践，课程呈现更实训化、工具化；样例：南京工业职业技术大学、银川科技学院、云南水利水电职业学院、天津城市职业学院、山东理工职业学院
430105,电力系统自动化技术,专科(高职),,三年,能源动力与材料大类,电力技术类,专业导论、岗位基础技能、专业核心技术、设备/软件操作、项目实训、职业规范、综合实训、顶岗实习,category_template,rysxai课程文本未抽出课程名,库内未命中,头部/强研究型：核心课不一定换名称，但会加深数学/理论和研究训练，重点看理论深度、科研训练、交叉前沿、学术写作；样例：库内未命中该层次开设样例,云南能源职业技术学院、内蒙古化工职业学院、内蒙古机电职业技术学院、吉林工业职业技术学院、天津渤海职业技术学院,区域重点/特色优势：核心课保持完整，通常叠加地方产业、行业场景、实验项目和专业方向模块；样例：云南能源职业技术学院、内蒙古化工职业学院、内蒙古机电职业技术学院、吉林工业职业技术学院、天津渤海职业技术学院,德宏师范学院、南京工业职业技术大学、陕西农林职业技术大学、淄博职业技术大学、甘肃工业职业技术大学,普通应用/职业供给：更强调岗位技能、项目实训、证书衔接、综合实践，课程呈现更实训化、工具化；样例：德宏师范学院、南京工业职业技术大学、陕西农林职业技术大学、淄博职业技术大学、甘肃工业职业技术大学
430106,电力系统继电保护技术,专科(高职),,三年,能源动力与材料大类,电力技术类,专业导论、岗位基础技能、专业核心技术、设备/软件操作、项目实训、职业规范、综合实训、顶岗实习,category_template,rysxai课程文本未抽出课程名,库内未命中,头部/强研究型：核心课不一定换名称，但会加深数学/理论和研究训练，重点看理论深度、科研训练、交叉前沿、学术写作；样例：库内未命中该层次开设样例,沈阳工程学院、云南机电职业技术学院、广东水利电力职业技术学院、广西水利电力职业技术学院、重庆水利电力职业技术学院,区域重点/特色优势：核心课保持完整，通常叠加地方产业、行业场景、实验项目和专业方向模块；样例：沈阳工程学院、云南机电职业技术学院、广东水利电力职业技术学院、广西水利电力职业技术学院、重庆水利电力职业技术学院,兰州资源环境职业技术大学、酒泉职业技术大学、三峡电力职业学院、哈尔滨电力职业技术学院、四川电力职业技术学院,普通应用/职业供给：更强调岗位技能、项目实训、证书衔接、综合实践，课程呈现更实训化、工具化；样例：兰州资源环境职业技术大学、酒泉职业技术大学、三峡电力职业学院、哈尔滨电力职业技术学院、四川电力职业技术学院
430107,输配电工程技术,专科(高职),,三年,能源动力与材料大类,电力技术类,专业导论、岗位基础技能、专业核心技术、设备/软件操作、项目实训、职业规范、综合实训、顶岗实习,category_template,rysxai课程文本未抽出课程名,库内未命中,头部/强研究型：核心课不一定换名称，但会加深数学/理论和研究训练，重点看理论深度、科研训练、交叉前沿、学术写作；样例：库内未命中该层次开设样例,内蒙古机电职业技术学院、广西水利电力职业技术学院、重庆电力高等专科学校,区域重点/特色优势：核心课保持完整，通常叠加地方产业、行业场景、实验项目和专业方向模块；样例：内蒙古机电职业技术学院、广西水利电力职业技术学院、重庆电力高等专科学校,三峡大学科技学院、甘肃工业职业技术大学、三峡电力职业学院、云南水利水电职业学院、四川水利职业技术学院,普通应用/职业供给：更强调岗位技能、项目实训、证书衔接、综合实践，课程呈现更实训化、工具化；样例：三峡大学科技学院、甘肃工业职业技术大学、三峡电力职业学院、云南水利水电职业学院、四川水利职业技术学院
430108,供用电技术,专科(高职),,三年,能源动力与材料大类,电力技术类,专业导论、岗位基础技能、专业核心技术、设备/软件操作、项目实训、职业规范、综合实训、顶岗实习,category_template,rysxai课程文本未抽出课程名,库内未命中,头部/强研究型：核心课不一定换名称，但会加深数学/理论和研究训练，重点看理论深度、科研训练、交叉前沿、学术写作；样例：库内未命中该层次开设样例,吉林铁道职业技术大学、云南交通职业技术学院、云南机电职业技术学院、云南能源职业技术学院、内蒙古机电职业技术学院,区域重点/特色优势：核心课保持完整，通常叠加地方产业、行业场景、实验项目和专业方向模块；样例：吉林铁道职业技术大学、云南交通职业技术学院、云南机电职业技术学院、云南能源职业技术学院、内蒙古机电职业技术学院,德宏师范学院、丽江师范学院、陇南师范学院、宁夏工商职业技术大学、酒泉职业技术大学,普通应用/职业供给：更强调岗位技能、项目实训、证书衔接、综合实践，课程呈现更实训化、工具化；样例：德宏师范学院、丽江师范学院、陇南师范学院、宁夏工商职业技术大学、酒泉职业技术大学
430109,农业电气化技术,专科(高职),,三年,能源动力与材料大类,电力技术类,专业导论、岗位基础技能、专业核心技术、设备/软件操作、项目实训、职业规范、综合实训、顶岗实习,category_template,rysxai课程文本未抽出课程名,库内未命中,头部/强研究型：核心课不一定换名称，但会加深数学/理论和研究训练，重点看理论深度、科研训练、交叉前沿、学术写作；样例：库内未命中该层次开设样例,库内未命中,区域重点/特色优势：核心课保持完整，通常叠加地方产业、行业场景、实验项目和专业方向模块；样例：库内未命中该层次开设样例,玉溪农业职业技术学院、驻马店农业工程职业学院、邢台应用技术职业学院,普通应用/职业供给：更强调岗位技能、项目实训、证书衔接、综合实践，课程呈现更实训化、工具化；样例：玉溪农业职业技术学院、驻马店农业工程职业学院、邢台应用技术职业学院
430110,机场电工技术,专科(高职),,三年,能源动力与材料大类,电力技术类,专业导论、岗位基础技能、专业核心技术、设备/软件操作、项目实训、职业规范、综合实训、顶岗实习,category_template,rysxai课程文本未抽出课程名,库内未命中,头部/强研究型：核心课不一定换名称，但会加深数学/理论和研究训练，重点看理论深度、科研训练、交叉前沿、学术写作；样例：库内未命中该层次开设样例,广州民航职业技术学院,区域重点/特色优势：核心课保持完整，通常叠加地方产业、行业场景、实验项目和专业方向模块；样例：广州民航职业技术学院,安阳学院,普通应用/职业供给：更强调岗位技能、项目实训、证书衔接、综合实践，课程呈现更实训化、工具化；样例：安阳学院
430111,电力客户服务与管理,专科(高职),,三年,能源动力与材料大类,电力技术类,专业导论、岗位基础技能、专业核心技术、设备/软件操作、项目实训、职业规范、综合实训、顶岗实习,category_template,rysxai课程文本未抽出课程名,库内未命中,头部/强研究型：核心课不一定换名称，但会加深数学/理论和研究训练，重点看理论深度、科研训练、交叉前沿、学术写作；样例：库内未命中该层次开设样例,库内未命中,区域重点/特色优势：核心课保持完整，通常叠加地方产业、行业场景、实验项目和专业方向模块；样例：库内未命中该层次开设样例,郑州电力高等专科学校、郑州电力职业技术学院,普通应用/职业供给：更强调岗位技能、项目实训、证书衔接、综合实践，课程呈现更实训化、工具化；样例：郑州电力高等专科学校、郑州电力职业技术学院
430112,电力储能应用技术,专科(高职),,三年,能源动力与材料大类,电力技术类,专业导论、岗位基础技能、专业核心技术、设备/软件操作、项目实训、职业规范、综合实训、顶岗实习,category_template,rysxai课程文本未抽出课程名,库内未命中,头部/强研究型：核心课不一定换名称，但会加深数学/理论和研究训练，重点看理论深度、科研训练、交叉前沿、学术写作；样例：库内未命中该层次开设样例,库内未命中,区域重点/特色优势：核心课保持完整，通常叠加地方产业、行业场景、实验项目和专业方向模块；样例：库内未命中该层次开设样例,酒泉职业技术大学、枣庄科技职业学院,普通应用/职业供给：更强调岗位技能、项目实训、证书衔接、综合实践，课程呈现更实训化、工具化；样例：酒泉职业技术大学、枣庄科技职业学院
430201,热能动力工程技术,专科(高职),,三年,能源动力与材料大类,热能与发电工程类,专业导论、岗位基础技能、专业核心技术、设备/软件操作、项目实训、职业规范、综合实训、顶岗实习,category_template,rysxai课程文本未抽出课程名,库内未命中,头部/强研究型：核心课不一定换名称，但会加深数学/理论和研究训练，重点看理论深度、科研训练、交叉前沿、学术写作；样例：库内未命中该层次开设样例,沈阳工程学院、内蒙古化工职业学院、内蒙古机电职业技术学院、新疆生产建设兵团兴新职业技术学院、重庆水利电力职业技术学院,区域重点/特色优势：核心课保持完整，通常叠加地方产业、行业场景、实验项目和专业方向模块；样例：沈阳工程学院、内蒙古化工职业学院、内蒙古机电职业技术学院、新疆生产建设兵团兴新职业技术学院、重庆水利电力职业技术学院,兰州石化职业技术大学、宁夏职业技术大学、酒泉职业技术大学、三峡电力职业学院、临沂职业学院,普通应用/职业供给：更强调岗位技能、项目实训、证书衔接、综合实践，课程呈现更实训化、工具化；样例：兰州石化职业技术大学、宁夏职业技术大学、酒泉职业技术大学、三峡电力职业学院、临沂职业学院
430202,城市热能应用技术,专科(高职),,三年,能源动力与材料大类,热能与发电工程类,专业导论、岗位基础技能、专业核心技术、设备/软件操作、项目实训、职业规范、综合实训、顶岗实习,category_template,rysxai课程文本未抽出课程名,库内未命中,头部/强研究型：核心课不一定换名称，但会加深数学/理论和研究训练，重点看理论深度、科研训练、交叉前沿、学术写作；样例：库内未命中该层次开设样例,华北理工大学、黑龙江职业学院,区域重点/特色优势：核心课保持完整，通常叠加地方产业、行业场景、实验项目和专业方向模块；样例：华北理工大学、黑龙江职业学院,潍坊理工学院、哈尔滨电力职业技术学院、天津城市建设管理职业技术学院,普通应用/职业供给：更强调岗位技能、项目实训、证书衔接、综合实践，课程呈现更实训化、工具化；样例：潍坊理工学院、哈尔滨电力职业技术学院、天津城市建设管理职业技术学院
430203,地热开发技术,专科(高职),,三年,能源动力与材料大类,热能与发电工程类,专业导论、岗位基础技能、专业核心技术、设备/软件操作、项目实训、职业规范、综合实训、顶岗实习,category_template,rysxai课程文本未抽出课程名,库内未命中,头部/强研究型：核心课不一定换名称，但会加深数学/理论和研究训练，重点看理论深度、科研训练、交叉前沿、学术写作；样例：库内未命中该层次开设样例,库内未命中,区域重点/特色优势：核心课保持完整，通常叠加地方产业、行业场景、实验项目和专业方向模块；样例：库内未命中该层次开设样例,库内未命中,普通应用/职业供给：更强调岗位技能、项目实训、证书衔接、综合实践，课程呈现更实训化、工具化；样例：库内未命中该层次开设样例
430204,太阳能光热技术与应用,专科(高职),,三年,能源动力与材料大类,热能与发电工程类,专业导论、岗位基础技能、专业核心技术、设备/软件操作、项目实训、职业规范、综合实训、顶岗实习,category_template,rysxai课程文本未抽出课程名,库内未命中,头部/强研究型：核心课不一定换名称，但会加深数学/理论和研究训练，重点看理论深度、科研训练、交叉前沿、学术写作；样例：库内未命中该层次开设样例,西安航空职业技术学院,区域重点/特色优势：核心课保持完整，通常叠加地方产业、行业场景、实验项目和专业方向模块；样例：西安航空职业技术学院,河北石油职业技术大学、酒泉职业技术大学、广东茂名幼儿师范专科学校、湖南理工职业技术学院、青海建筑职业技术学院,普通应用/职业供给：更强调岗位技能、项目实训、证书衔接、综合实践，课程呈现更实训化、工具化；样例：河北石油职业技术大学、酒泉职业技术大学、广东茂名幼儿师范专科学校、湖南理工职业技术学院、青海建筑职业技术学院
430205,发电运行技术,专科(高职),,三年,能源动力与材料大类,热能与发电工程类,专业导论、岗位基础技能、专业核心技术、设备/软件操作、项目实训、职业规范、综合实训、顶岗实习,category_template,rysxai课程文本未抽出课程名,库内未命中,头部/强研究型：核心课不一定换名称，但会加深数学/理论和研究训练，重点看理论深度、科研训练、交叉前沿、学术写作；样例：库内未命中该层次开设样例,东北电力大学、新疆生产建设兵团兴新职业技术学院、重庆电力高等专科学校,区域重点/特色优势：核心课保持完整，通常叠加地方产业、行业场景、实验项目和专业方向模块；样例：东北电力大学、新疆生产建设兵团兴新职业技术学院、重庆电力高等专科学校,哈尔滨电力职业技术学院、安徽电气工程职业技术学院、广西电力职业技术学院、武汉电力职业技术学院、江西电力职业技术学院,普通应用/职业供给：更强调岗位技能、项目实训、证书衔接、综合实践，课程呈现更实训化、工具化；样例：哈尔滨电力职业技术学院、安徽电气工程职业技术学院、广西电力职业技术学院、武汉电力职业技术学院、江西电力职业技术学院
430206,热工自动化技术,专科(高职),,三年,能源动力与材料大类,热能与发电工程类,专业导论、岗位基础技能、专业核心技术、设备/软件操作、项目实训、职业规范、综合实训、顶岗实习,category_template,rysxai课程文本未抽出课程名,库内未命中,头部/强研究型：核心课不一定换名称，但会加深数学/理论和研究训练，重点看理论深度、科研训练、交叉前沿、学术写作；样例：库内未命中该层次开设样例,重庆电力高等专科学校,区域重点/特色优势：核心课保持完整，通常叠加地方产业、行业场景、实验项目和专业方向模块；样例：重庆电力高等专科学校,哈尔滨电力职业技术学院、安徽电气工程职业技术学院、武汉电力职业技术学院、江西电力职业技术学院、上海欧华职业技术学院,普通应用/职业供给：更强调岗位技能、项目实训、证书衔接、综合实践，课程呈现更实训化、工具化；样例：哈尔滨电力职业技术学院、安徽电气工程职业技术学院、武汉电力职业技术学院、江西电力职业技术学院、上海欧华职业技术学院
430207,核电站动力设备运行与维护,专科(高职),,三年,能源动力与材料大类,热能与发电工程类,专业导论、岗位基础技能、专业核心技术、设备/软件操作、项目实训、职业规范、综合实训、顶岗实习,category_template,rysxai课程文本未抽出课程名,库内未命中,头部/强研究型：核心课不一定换名称，但会加深数学/理论和研究训练，重点看理论深度、科研训练、交叉前沿、学术写作；样例：库内未命中该层次开设样例,重庆电力高等专科学校,区域重点/特色优势：核心课保持完整，通常叠加地方产业、行业场景、实验项目和专业方向模块；样例：重庆电力高等专科学校,甘肃工业职业技术大学、广元中核职业技术学院,普通应用/职业供给：更强调岗位技能、项目实训、证书衔接、综合实践，课程呈现更实训化、工具化；样例：甘肃工业职业技术大学、广元中核职业技术学院
430208,电厂化学与环保技术,专科(高职),,三年,能源动力与材料大类,热能与发电工程类,专业导论、岗位基础技能、专业核心技术、设备/软件操作、项目实训、职业规范、综合实训、顶岗实习,category_template,rysxai课程文本未抽出课程名,库内未命中,头部/强研究型：核心课不一定换名称，但会加深数学/理论和研究训练，重点看理论深度、科研训练、交叉前沿、学术写作；样例：库内未命中该层次开设样例,重庆电力高等专科学校,区域重点/特色优势：核心课保持完整，通常叠加地方产业、行业场景、实验项目和专业方向模块；样例：重庆电力高等专科学校,广西电力职业技术学院、江西电力职业技术学院、滨州职业技术大学,普通应用/职业供给：更强调岗位技能、项目实训、证书衔接、综合实践，课程呈现更实训化、工具化；样例：广西电力职业技术学院、江西电力职业技术学院、滨州职业技术大学
430301,光伏工程技术,专科(高职),,三年,能源动力与材料大类,新能源发电工程类,专业导论、岗位基础技能、专业核心技术、设备/软件操作、项目实训、职业规范、综合实训、顶岗实习,category_template,rysxai课程文本未抽出课程名,库内未命中,头部/强研究型：核心课不一定换名称，但会加深数学/理论和研究训练，重点看理论深度、科研训练、交叉前沿、学术写作；样例：库内未命中该层次开设样例,天津中德应用技术大学、云南能源职业技术学院、内蒙古机电职业技术学院、南京信息职业技术学院、天津现代职业技术学院,区域重点/特色优势：核心课保持完整，通常叠加地方产业、行业场景、实验项目和专业方向模块；样例：天津中德应用技术大学、云南能源职业技术学院、内蒙古机电职业技术学院、南京信息职业技术学院、天津现代职业技术学院,兰州石化职业技术大学、酒泉职业技术大学、乌鲁木齐职业大学、呼和浩特职业技术大学、甘肃工业职业技术大学,普通应用/职业供给：更强调岗位技能、项目实训、证书衔接、综合实践，课程呈现更实训化、工具化；样例：兰州石化职业技术大学、酒泉职业技术大学、乌鲁木齐职业大学、呼和浩特职业技术大学、甘肃工业职业技术大学
430302,风力发电工程技术,专科(高职),,三年,能源动力与材料大类,新能源发电工程类,专业导论、岗位基础技能、专业核心技术、设备/软件操作、项目实训、职业规范、综合实训、顶岗实习,category_template,rysxai课程文本未抽出课程名,库内未命中,头部/强研究型：核心课不一定换名称，但会加深数学/理论和研究训练，重点看理论深度、科研训练、交叉前沿、学术写作；样例：库内未命中该层次开设样例,云南能源职业技术学院、内蒙古机电职业技术学院、天津轻工职业技术学院、重庆电力高等专科学校,区域重点/特色优势：核心课保持完整，通常叠加地方产业、行业场景、实验项目和专业方向模块；样例：云南能源职业技术学院、内蒙古机电职业技术学院、天津轻工职业技术学院、重庆电力高等专科学校,湖南汽车工程职业大学、酒泉职业技术大学、甘肃工业职业技术大学、兴安职业技术大学、三门峡职业技术学院,普通应用/职业供给：更强调岗位技能、项目实训、证书衔接、综合实践，课程呈现更实训化、工具化；样例：湖南汽车工程职业大学、酒泉职业技术大学、甘肃工业职业技术大学、兴安职业技术大学、三门峡职业技术学院
430303,生物质能应用技术,专科(高职),,三年,能源动力与材料大类,新能源发电工程类,专业导论、岗位基础技能、专业核心技术、设备/软件操作、项目实训、职业规范、综合实训、顶岗实习,category_template,rysxai课程文本未抽出课程名,库内未命中,头部/强研究型：核心课不一定换名称，但会加深数学/理论和研究训练，重点看理论深度、科研训练、交叉前沿、学术写作；样例：库内未命中该层次开设样例,库内未命中,区域重点/特色优势：核心课保持完整，通常叠加地方产业、行业场景、实验项目和专业方向模块；样例：库内未命中该层次开设样例,哈尔滨电力职业技术学院,普通应用/职业供给：更强调岗位技能、项目实训、证书衔接、综合实践，课程呈现更实训化、工具化；样例：哈尔滨电力职业技术学院
430304,氢能技术应用,专科(高职),,三年,能源动力与材料大类,新能源发电工程类,专业导论、岗位基础技能、专业核心技术、设备/软件操作、项目实训、职业规范、综合实训、顶岗实习,category_template,rysxai课程文本未抽出课程名,库内未命中,头部/强研究型：核心课不一定换名称，但会加深数学/理论和研究训练，重点看理论深度、科研训练、交叉前沿、学术写作；样例：库内未命中该层次开设样例,内蒙古机电职业技术学院、四川交通职业技术学院、山西工程职业学院,区域重点/特色优势：核心课保持完整，通常叠加地方产业、行业场景、实验项目和专业方向模块；样例：内蒙古机电职业技术学院、四川交通职业技术学院、山西工程职业学院,白城师范学院、长春汽车职业技术大学、酒泉职业技术大学、武威职业技术大学、西安汽车职业大学,普通应用/职业供给：更强调岗位技能、项目实训、证书衔接、综合实践，课程呈现更实训化、工具化；样例：白城师范学院、长春汽车职业技术大学、酒泉职业技术大学、武威职业技术大学、西安汽车职业大学
430305,工业节能技术,专科(高职),,三年,能源动力与材料大类,新能源发电工程类,专业导论、岗位基础技能、专业核心技术、设备/软件操作、项目实训、职业规范、综合实训、顶岗实习,category_template,rysxai课程文本未抽出课程名,库内未命中,头部/强研究型：核心课不一定换名称，但会加深数学/理论和研究训练，重点看理论深度、科研训练、交叉前沿、学术写作；样例：库内未命中该层次开设样例,库内未命中,区域重点/特色优势：核心课保持完整，通常叠加地方产业、行业场景、实验项目和专业方向模块；样例：库内未命中该层次开设样例,潍坊理工学院、山东城市建设职业学院、巴音郭楞职业技术学院、广东环境保护工程职业学院、江西电力职业技术学院,普通应用/职业供给：更强调岗位技能、项目实训、证书衔接、综合实践，课程呈现更实训化、工具化；样例：潍坊理工学院、山东城市建设职业学院、巴音郭楞职业技术学院、广东环境保护工程职业学院、江西电力职业技术学院
430306,节电技术与管理,专科(高职),,三年,能源动力与材料大类,新能源发电工程类,专业导论、岗位基础技能、专业核心技术、设备/软件操作、项目实训、职业规范、综合实训、顶岗实习,category_template,rysxai课程文本未抽出课程名,库内未命中,头部/强研究型：核心课不一定换名称，但会加深数学/理论和研究训练，重点看理论深度、科研训练、交叉前沿、学术写作；样例：库内未命中该层次开设样例,库内未命中,区域重点/特色优势：核心课保持完整，通常叠加地方产业、行业场景、实验项目和专业方向模块；样例：库内未命中该层次开设样例,武汉职业技术大学、广东环境保护工程职业学院、遂宁能源职业学院、郑州电力职业技术学院,普通应用/职业供给：更强调岗位技能、项目实训、证书衔接、综合实践，课程呈现更实训化、工具化；样例：武汉职业技术大学、广东环境保护工程职业学院、遂宁能源职业学院、郑州电力职业技术学院
430307,新能源材料应用技术,专科(高职),,三年,能源动力与材料大类,新能源发电工程类,专业导论、岗位基础技能、专业核心技术、设备/软件操作、项目实训、职业规范、综合实训、顶岗实习,category_template,rysxai课程文本未抽出课程名,库内未命中,头部/强研究型：核心课不一定换名称，但会加深数学/理论和研究训练，重点看理论深度、科研训练、交叉前沿、学术写作；样例：库内未命中该层次开设样例,广州职业技术大学、东营职业学院、山西工程职业学院、湖南铁道职业技术学院,区域重点/特色优势：核心课保持完整，通常叠加地方产业、行业场景、实验项目和专业方向模块；样例：广州职业技术大学、东营职业学院、山西工程职业学院、湖南铁道职业技术学院,铜仁职业技术大学、乌鲁木齐职业大学、安徽职业技术大学、浙江广厦建设职业技术大学、三门峡社会管理职业学院,普通应用/职业供给：更强调岗位技能、项目实训、证书衔接、综合实践，课程呈现更实训化、工具化；样例：铜仁职业技术大学、乌鲁木齐职业大学、安徽职业技术大学、浙江广厦建设职业技术大学、三门峡社会管理职业学院
430401,钢铁智能冶金技术,专科(高职),,三年,能源动力与材料大类,黑色金属材料类,材料科学基础、材料物理化学、材料力学性能、材料现代分析方法、金属材料学、高分子材料、材料成型原理、材料工艺实验,category_template,rysxai课程文本未抽出课程名,库内未命中,头部/强研究型：核心课不一定换名称，但会加深数学/理论和研究训练，重点看理论深度、科研训练、交叉前沿、学术写作；样例：库内未命中该层次开设样例,华北理工大学、山西工程职业学院,区域重点/特色优势：核心课保持完整，通常叠加地方产业、行业场景、实验项目和专业方向模块；样例：华北理工大学、山西工程职业学院,河北工业职业技术大学、河北科技工程职业技术大学、兰州资源环境职业技术大学、伊春职业学院、吉林电子信息职业技术学院,普通应用/职业供给：更强调岗位技能、项目实训、证书衔接、综合实践，课程呈现更实训化、工具化；样例：河北工业职业技术大学、河北科技工程职业技术大学、兰州资源环境职业技术大学、伊春职业学院、吉林电子信息职业技术学院
430402,智能轧钢技术,专科(高职),,三年,能源动力与材料大类,黑色金属材料类,材料科学基础、材料物理化学、材料力学性能、材料现代分析方法、金属材料学、高分子材料、材料成型原理、材料工艺实验,category_template,rysxai课程文本未抽出课程名,库内未命中,头部/强研究型：核心课不一定换名称，但会加深数学/理论和研究训练，重点看理论深度、科研训练、交叉前沿、学术写作；样例：库内未命中该层次开设样例,山西工程职业学院,区域重点/特色优势：核心课保持完整，通常叠加地方产业、行业场景、实验项目和专业方向模块；样例：山西工程职业学院,河北工业职业技术大学、伊春职业学院、吉林电子信息职业技术学院、唐山科技职业技术学院、安徽冶金科技职业学院,普通应用/职业供给：更强调岗位技能、项目实训、证书衔接、综合实践，课程呈现更实训化、工具化；样例：河北工业职业技术大学、伊春职业学院、吉林电子信息职业技术学院、唐山科技职业技术学院、安徽冶金科技职业学院
430403,钢铁冶金设备维护,专科(高职),,三年,能源动力与材料大类,黑色金属材料类,材料科学基础、材料物理化学、材料力学性能、材料现代分析方法、金属材料学、高分子材料、材料成型原理、材料工艺实验,category_template,rysxai课程文本未抽出课程名,库内未命中,头部/强研究型：核心课不一定换名称，但会加深数学/理论和研究训练，重点看理论深度、科研训练、交叉前沿、学术写作；样例：库内未命中该层次开设样例,库内未命中,区域重点/特色优势：核心课保持完整，通常叠加地方产业、行业场景、实验项目和专业方向模块；样例：库内未命中该层次开设样例,唐山工业职业技术大学、安徽冶金科技职业学院、日照职业技术大学,普通应用/职业供给：更强调岗位技能、项目实训、证书衔接、综合实践，课程呈现更实训化、工具化；样例：唐山工业职业技术大学、安徽冶金科技职业学院、日照职业技术大学
430404,金属材料检测技术,专科(高职),,三年,能源动力与材料大类,黑色金属材料类,材料科学基础、材料物理化学、材料力学性能、材料现代分析方法、金属材料学、高分子材料、材料成型原理、材料工艺实验,category_template,rysxai课程文本未抽出课程名,库内未命中,头部/强研究型：核心课不一定换名称，但会加深数学/理论和研究训练，重点看理论深度、科研训练、交叉前沿、学术写作；样例：库内未命中该层次开设样例,安徽机电职业技术学院,区域重点/特色优势：核心课保持完整，通常叠加地方产业、行业场景、实验项目和专业方向模块；样例：安徽机电职业技术学院,河北工业职业技术大学、兰州资源环境职业技术大学、临沂科技职业学院、新疆轻工职业技术学院、日照职业技术大学,普通应用/职业供给：更强调岗位技能、项目实训、证书衔接、综合实践，课程呈现更实训化、工具化；样例：河北工业职业技术大学、兰州资源环境职业技术大学、临沂科技职业学院、新疆轻工职业技术学院、日照职业技术大学
430501,有色金属智能冶金技术,专科(高职),,三年,能源动力与材料大类,有色金属材料类,材料科学基础、材料物理化学、材料力学性能、材料现代分析方法、金属材料学、高分子材料、材料成型原理、材料工艺实验,category_template,rysxai课程文本未抽出课程名,库内未命中,头部/强研究型：核心课不一定换名称，但会加深数学/理论和研究训练，重点看理论深度、科研训练、交叉前沿、学术写作；样例：库内未命中该层次开设样例,桂林理工大学、江西应用技术职业学院,区域重点/特色优势：核心课保持完整，通常叠加地方产业、行业场景、实验项目和专业方向模块；样例：桂林理工大学、江西应用技术职业学院,兰州资源环境职业技术大学、三门峡职业技术学院、云南锡业职业技术学院、山东铝业职业学院、广西现代职业技术学院,普通应用/职业供给：更强调岗位技能、项目实训、证书衔接、综合实践，课程呈现更实训化、工具化；样例：兰州资源环境职业技术大学、三门峡职业技术学院、云南锡业职业技术学院、山东铝业职业学院、广西现代职业技术学院
430502,金属智能加工技术,专科(高职),,三年,能源动力与材料大类,有色金属材料类,材料科学基础、材料物理化学、材料力学性能、材料现代分析方法、金属材料学、高分子材料、材料成型原理、材料工艺实验,category_template,rysxai课程文本未抽出课程名,库内未命中,头部/强研究型：核心课不一定换名称，但会加深数学/理论和研究训练，重点看理论深度、科研训练、交叉前沿、学术写作；样例：库内未命中该层次开设样例,烟台南山学院,区域重点/特色优势：核心课保持完整，通常叠加地方产业、行业场景、实验项目和专业方向模块；样例：烟台南山学院,兰州资源环境职业技术大学、四川机电职业技术学院、昆明冶金职业大学、昆明工业职业技术学院、池州职业技术学院,普通应用/职业供给：更强调岗位技能、项目实训、证书衔接、综合实践，课程呈现更实训化、工具化；样例：兰州资源环境职业技术大学、四川机电职业技术学院、昆明冶金职业大学、昆明工业职业技术学院、池州职业技术学院
430503,金属精密成型技术,专科(高职),,三年,能源动力与材料大类,有色金属材料类,材料科学基础、材料物理化学、材料力学性能、材料现代分析方法、金属材料学、高分子材料、材料成型原理、材料工艺实验,category_template,rysxai课程文本未抽出课程名,库内未命中,头部/强研究型：核心课不一定换名称，但会加深数学/理论和研究训练，重点看理论深度、科研训练、交叉前沿、学术写作；样例：库内未命中该层次开设样例,库内未命中,区域重点/特色优势：核心课保持完整，通常叠加地方产业、行业场景、实验项目和专业方向模块；样例：库内未命中该层次开设样例,兰州资源环境职业技术大学、滨州职业技术大学、莱芜职业技术学院,普通应用/职业供给：更强调岗位技能、项目实训、证书衔接、综合实践，课程呈现更实训化、工具化；样例：兰州资源环境职业技术大学、滨州职业技术大学、莱芜职业技术学院
430504,储能材料技术,专科(高职),,三年,能源动力与材料大类,有色金属材料类,材料科学基础、材料物理化学、材料力学性能、材料现代分析方法、金属材料学、高分子材料、材料成型原理、材料工艺实验,category_template,rysxai课程文本未抽出课程名,库内未命中,头部/强研究型：核心课不一定换名称，但会加深数学/理论和研究训练，重点看理论深度、科研训练、交叉前沿、学术写作；样例：库内未命中该层次开设样例,桂林理工大学、云南交通职业技术学院、云南能源职业技术学院、内蒙古机电职业技术学院、合肥职业技术学院,区域重点/特色优势：核心课保持完整，通常叠加地方产业、行业场景、实验项目和专业方向模块；样例：桂林理工大学、云南交通职业技术学院、云南能源职业技术学院、内蒙古机电职业技术学院、合肥职业技术学院,贵州轻工职业大学、青海职业技术大学、兰州资源环境职业技术大学、成都航空职业技术大学、芜湖职业技术大学,普通应用/职业供给：更强调岗位技能、项目实训、证书衔接、综合实践，课程呈现更实训化、工具化；样例：贵州轻工职业大学、青海职业技术大学、兰州资源环境职业技术大学、成都航空职业技术大学、芜湖职业技术大学
430505,稀土材料技术,专科(高职),,三年,能源动力与材料大类,有色金属材料类,材料科学基础、材料物理化学、材料力学性能、材料现代分析方法、金属材料学、高分子材料、材料成型原理、材料工艺实验,category_template,rysxai课程文本未抽出课程名,库内未命中,头部/强研究型：核心课不一定换名称，但会加深数学/理论和研究训练，重点看理论深度、科研训练、交叉前沿、学术写作；样例：库内未命中该层次开设样例,江西应用技术职业学院,区域重点/特色优势：核心课保持完整，通常叠加地方产业、行业场景、实验项目和专业方向模块；样例：江西应用技术职业学院,包头职业技术学院、包头轻工职业技术学院、赣州职业技术学院、和君职业学院,普通应用/职业供给：更强调岗位技能、项目实训、证书衔接、综合实践，课程呈现更实训化、工具化；样例：包头职业技术学院、包头轻工职业技术学院、赣州职业技术学院、和君职业学院
430506,材料循环应用技术,专科(高职),,三年,能源动力与材料大类,有色金属材料类,材料科学基础、材料物理化学、材料力学性能、材料现代分析方法、金属材料学、高分子材料、材料成型原理、材料工艺实验,category_template,未匹配rysxai课程文本,库内未命中,头部/强研究型：核心课不一定换名称，但会加深数学/理论和研究训练，重点看理论深度、科研训练、交叉前沿、学术写作；样例：库内未命中该层次开设样例,库内未命中,区域重点/特色优势：核心课保持完整，通常叠加地方产业、行业场景、实验项目和专业方向模块；样例：库内未命中该层次开设样例,库内未命中,普通应用/职业供给：更强调岗位技能、项目实训、证书衔接、综合实践，课程呈现更实训化、工具化；样例：库内未命中该层次开设样例
430601,材料工程技术,专科(高职),,三年,能源动力与材料大类,非金属材料类,材料科学基础、材料物理化学、材料力学性能、材料现代分析方法、金属材料学、高分子材料、材料成型原理、材料工艺实验,category_template,rysxai课程文本未抽出课程名,库内未命中,头部/强研究型：核心课不一定换名称，但会加深数学/理论和研究训练，重点看理论深度、科研训练、交叉前沿、学术写作；样例：库内未命中该层次开设样例,深圳职业技术大学、广东轻工职业技术大学、广州职业技术大学、吉林工业职业技术学院、江西现代职业技术学院,区域重点/特色优势：核心课保持完整，通常叠加地方产业、行业场景、实验项目和专业方向模块；样例：深圳职业技术大学、广东轻工职业技术大学、广州职业技术大学、吉林工业职业技术学院、江西现代职业技术学院,兰州石化职业技术大学、安徽职业技术大学、景德镇艺术职业大学、南京科技职业学院、四川工商职业技术学院,普通应用/职业供给：更强调岗位技能、项目实训、证书衔接、综合实践，课程呈现更实训化、工具化；样例：兰州石化职业技术大学、安徽职业技术大学、景德镇艺术职业大学、南京科技职业学院、四川工商职业技术学院
430602,高分子材料智能制造技术,专科(高职),,三年,能源动力与材料大类,非金属材料类,材料科学基础、材料物理化学、材料力学性能、材料现代分析方法、金属材料学、高分子材料、材料成型原理、材料工艺实验,category_template,rysxai课程文本未抽出课程名,库内未命中,头部/强研究型：核心课不一定换名称，但会加深数学/理论和研究训练，重点看理论深度、科研训练、交叉前沿、学术写作；样例：库内未命中该层次开设样例,广东轻工职业技术大学、烟台南山学院、广东职业技术学院、徐州工业职业技术学院、湖南化工职业技术学院,区域重点/特色优势：核心课保持完整，通常叠加地方产业、行业场景、实验项目和专业方向模块；样例：广东轻工职业技术大学、烟台南山学院、广东职业技术学院、徐州工业职业技术学院、湖南化工职业技术学院,安徽职业技术大学、芜湖职业技术大学、上海现代化工职业学院、东营科技职业学院、南京科技职业学院,普通应用/职业供给：更强调岗位技能、项目实训、证书衔接、综合实践，课程呈现更实训化、工具化；样例：安徽职业技术大学、芜湖职业技术大学、上海现代化工职业学院、东营科技职业学院、南京科技职业学院
430603,复合材料智能制造技术,专科(高职),,三年,能源动力与材料大类,非金属材料类,材料科学基础、材料物理化学、材料力学性能、材料现代分析方法、金属材料学、高分子材料、材料成型原理、材料工艺实验,category_template,rysxai课程文本未抽出课程名,库内未命中,头部/强研究型：核心课不一定换名称，但会加深数学/理论和研究训练，重点看理论深度、科研训练、交叉前沿、学术写作；样例：库内未命中该层次开设样例,扬州工业职业技术学院、长沙航空职业技术学院,区域重点/特色优势：核心课保持完整，通常叠加地方产业、行业场景、实验项目和专业方向模块；样例：扬州工业职业技术学院、长沙航空职业技术学院,芜湖职业技术大学、吉林通用航空职业技术学院、新疆建设职业技术学院、绵阳职业技术学院、达州职业技术学院,普通应用/职业供给：更强调岗位技能、项目实训、证书衔接、综合实践，课程呈现更实训化、工具化；样例：芜湖职业技术大学、吉林通用航空职业技术学院、新疆建设职业技术学院、绵阳职业技术学院、达州职业技术学院
430604,航空复合材料成型与加工技术,专科(高职),,三年,能源动力与材料大类,非金属材料类,材料科学基础、材料物理化学、材料力学性能、材料现代分析方法、金属材料学、高分子材料、材料成型原理、材料工艺实验,category_template,rysxai课程文本未抽出课程名,库内未命中,头部/强研究型：核心课不一定换名称，但会加深数学/理论和研究训练，重点看理论深度、科研训练、交叉前沿、学术写作；样例：库内未命中该层次开设样例,重庆航天职业技术学院,区域重点/特色优势：核心课保持完整，通常叠加地方产业、行业场景、实验项目和专业方向模块；样例：重庆航天职业技术学院,成都航空职业技术大学、江苏航空职业技术学院、德州科技职业学院、沧州航空职业学院,普通应用/职业供给：更强调岗位技能、项目实训、证书衔接、综合实践，课程呈现更实训化、工具化；样例：成都航空职业技术大学、江苏航空职业技术学院、德州科技职业学院、沧州航空职业学院
430605,非金属矿物材料技术,专科(高职),,三年,能源动力与材料大类,非金属材料类,材料科学基础、材料物理化学、材料力学性能、材料现代分析方法、金属材料学、高分子材料、材料成型原理、材料工艺实验,category_template,rysxai课程文本未抽出课程名,库内未命中,头部/强研究型：核心课不一定换名称，但会加深数学/理论和研究训练，重点看理论深度、科研训练、交叉前沿、学术写作；样例：库内未命中该层次开设样例,库内未命中,区域重点/特色优势：核心课保持完整，通常叠加地方产业、行业场景、实验项目和专业方向模块；样例：库内未命中该层次开设样例,四川建筑职业技术大学、朔州陶瓷职业技术学院、郑州城市职业学院,普通应用/职业供给：更强调岗位技能、项目实训、证书衔接、综合实践，课程呈现更实训化、工具化；样例：四川建筑职业技术大学、朔州陶瓷职业技术学院、郑州城市职业学院
430606,光伏材料制备技术,专科(高职),,三年,能源动力与材料大类,非金属材料类,材料科学基础、材料物理化学、材料力学性能、材料现代分析方法、金属材料学、高分子材料、材料成型原理、材料工艺实验,category_template,rysxai课程文本未抽出课程名,库内未命中,头部/强研究型：核心课不一定换名称，但会加深数学/理论和研究训练，重点看理论深度、科研训练、交叉前沿、学术写作；样例：库内未命中该层次开设样例,内蒙古化工职业学院、内蒙古机电职业技术学院、山西机电职业技术学院、江西现代职业技术学院、河北化工医药职业技术学院,区域重点/特色优势：核心课保持完整，通常叠加地方产业、行业场景、实验项目和专业方向模块；样例：内蒙古化工职业学院、内蒙古机电职业技术学院、山西机电职业技术学院、江西现代职业技术学院、河北化工医药职业技术学院,景德镇艺术职业大学、包头职业技术学院、包头轻工职业技术学院、宜宾职业技术学院、山东理工职业学院,普通应用/职业供给：更强调岗位技能、项目实训、证书衔接、综合实践，课程呈现更实训化、工具化；样例：景德镇艺术职业大学、包头职业技术学院、包头轻工职业技术学院、宜宾职业技术学院、山东理工职业学院
430607,硅材料制备技术,专科(高职),,三年,能源动力与材料大类,非金属材料类,材料科学基础、材料物理化学、材料力学性能、材料现代分析方法、金属材料学、高分子材料、材料成型原理、材料工艺实验,category_template,rysxai课程文本未抽出课程名,库内未命中,头部/强研究型：核心课不一定换名称，但会加深数学/理论和研究训练，重点看理论深度、科研训练、交叉前沿、学术写作；样例：库内未命中该层次开设样例,内蒙古化工职业学院,区域重点/特色优势：核心课保持完整，通常叠加地方产业、行业场景、实验项目和专业方向模块；样例：内蒙古化工职业学院,包头轻工职业技术学院、新疆石河子职业技术学院、昆明冶金职业大学、昌吉职业技术学院、朔州陶瓷职业技术学院,普通应用/职业供给：更强调岗位技能、项目实训、证书衔接、综合实践，课程呈现更实训化、工具化；样例：包头轻工职业技术学院、新疆石河子职业技术学院、昆明冶金职业大学、昌吉职业技术学院、朔州陶瓷职业技术学院
430608,炭材料工程技术,专科(高职),,三年,能源动力与材料大类,非金属材料类,材料科学基础、材料物理化学、材料力学性能、材料现代分析方法、金属材料学、高分子材料、材料成型原理、材料工艺实验,category_template,rysxai课程文本未抽出课程名,库内未命中,头部/强研究型：核心课不一定换名称，但会加深数学/理论和研究训练，重点看理论深度、科研训练、交叉前沿、学术写作；样例：库内未命中该层次开设样例,库内未命中,区域重点/特色优势：核心课保持完整，通常叠加地方产业、行业场景、实验项目和专业方向模块；样例：库内未命中该层次开设样例,昆明冶金职业大学,普通应用/职业供给：更强调岗位技能、项目实训、证书衔接、综合实践，课程呈现更实训化、工具化；样例：昆明冶金职业大学
430609,橡胶智能制造技术,专科(高职),,三年,能源动力与材料大类,非金属材料类,材料科学基础、材料物理化学、材料力学性能、材料现代分析方法、金属材料学、高分子材料、材料成型原理、材料工艺实验,category_template,rysxai课程文本未抽出课程名,库内未命中,头部/强研究型：核心课不一定换名称，但会加深数学/理论和研究训练，重点看理论深度、科研训练、交叉前沿、学术写作；样例：库内未命中该层次开设样例,徐州工业职业技术学院,区域重点/特色优势：核心课保持完整，通常叠加地方产业、行业场景、实验项目和专业方向模块；样例：徐州工业职业技术学院,库内未命中,普通应用/职业供给：更强调岗位技能、项目实训、证书衔接、综合实践，课程呈现更实训化、工具化；样例：库内未命中该层次开设样例
430610,电子信息材料应用技术,专科(高职),,三年,能源动力与材料大类,非金属材料类,材料科学基础、材料物理化学、材料力学性能、材料现代分析方法、金属材料学、高分子材料、材料成型原理、材料工艺实验,category_template,rysxai课程文本未抽出课程名,库内未命中,头部/强研究型：核心课不一定换名称，但会加深数学/理论和研究训练，重点看理论深度、科研训练、交叉前沿、学术写作；样例：库内未命中该层次开设样例,广东轻工职业技术大学、徐州工业职业技术学院,区域重点/特色优势：核心课保持完整，通常叠加地方产业、行业场景、实验项目和专业方向模块；样例：广东轻工职业技术大学、徐州工业职业技术学院,库内未命中,普通应用/职业供给：更强调岗位技能、项目实训、证书衔接、综合实践，课程呈现更实训化、工具化；样例：库内未命中该层次开设样例
430701,建筑材料工程技术,专科(高职),,三年,能源动力与材料大类,建筑材料类,材料科学基础、材料物理化学、材料力学性能、材料现代分析方法、金属材料学、高分子材料、材料成型原理、材料工艺实验,category_template,rysxai课程文本未抽出课程名,库内未命中,头部/强研究型：核心课不一定换名称，但会加深数学/理论和研究训练，重点看理论深度、科研训练、交叉前沿、学术写作；样例：库内未命中该层次开设样例,云南交通职业技术学院,区域重点/特色优势：核心课保持完整，通常叠加地方产业、行业场景、实验项目和专业方向模块；样例：云南交通职业技术学院,南昌工学院、云南国土资源职业学院、哈尔滨建筑科技职业大学、四川建筑职业技术大学、宁夏建设职业技术学院,普通应用/职业供给：更强调岗位技能、项目实训、证书衔接、综合实践，课程呈现更实训化、工具化；样例：南昌工学院、云南国土资源职业学院、哈尔滨建筑科技职业大学、四川建筑职业技术大学、宁夏建设职业技术学院
430702,新型建筑材料技术,专科(高职),,三年,能源动力与材料大类,建筑材料类,水泥复合分析》、《粉磨工艺及设备》、《仪器分析》、《新型建材工艺》、《建筑材料》、《水泥检验》、材料科学基础、材料物理化学、材料力学性能、材料现代分析方法,local_edu_major_course_or_learn_what,rysxai课程文本未抽出课程名,库内未命中,头部/强研究型：核心课不一定换名称，但会加深数学/理论和研究训练，重点看理论深度、科研训练、交叉前沿、学术写作；样例：库内未命中该层次开设样例,江西现代职业技术学院,区域重点/特色优势：核心课保持完整，通常叠加地方产业、行业场景、实验项目和专业方向模块；样例：江西现代职业技术学院,信阳职业技术学院、江西工业工程职业技术学院、河北建材职业技术学院、河南建筑职业技术学院、贵州建设职业技术学院,普通应用/职业供给：更强调岗位技能、项目实训、证书衔接、综合实践，课程呈现更实训化、工具化；样例：信阳职业技术学院、江西工业工程职业技术学院、河北建材职业技术学院、河南建筑职业技术学院、贵州建设职业技术学院
430703,建筑装饰材料技术,专科(高职),,三年,能源动力与材料大类,建筑材料类,材料科学基础、材料物理化学、材料力学性能、材料现代分析方法、金属材料学、高分子材料、材料成型原理、材料工艺实验,category_template,rysxai课程文本未抽出课程名,库内未命中,头部/强研究型：核心课不一定换名称，但会加深数学/理论和研究训练，重点看理论深度、科研训练、交叉前沿、学术写作；样例：库内未命中该层次开设样例,库内未命中,区域重点/特色优势：核心课保持完整，通常叠加地方产业、行业场景、实验项目和专业方向模块；样例：库内未命中该层次开设样例,河北建材职业技术学院、河南建筑职业技术学院,普通应用/职业供给：更强调岗位技能、项目实训、证书衔接、综合实践，课程呈现更实训化、工具化；样例：河北建材职业技术学院、河南建筑职业技术学院
430704,建筑材料检测技术,专科(高职),,三年,能源动力与材料大类,建筑材料类,材料科学基础、材料物理化学、材料力学性能、材料现代分析方法、金属材料学、高分子材料、材料成型原理、材料工艺实验,category_template,rysxai课程文本未抽出课程名,库内未命中,头部/强研究型：核心课不一定换名称，但会加深数学/理论和研究训练，重点看理论深度、科研训练、交叉前沿、学术写作；样例：库内未命中该层次开设样例,江西现代职业技术学院,区域重点/特色优势：核心课保持完整，通常叠加地方产业、行业场景、实验项目和专业方向模块；样例：江西现代职业技术学院,兰州石化职业技术大学、四川建筑职业技术大学、山西职业技术学院、新疆建设职业技术学院、昆明冶金职业大学,普通应用/职业供给：更强调岗位技能、项目实训、证书衔接、综合实践，课程呈现更实训化、工具化；样例：兰州石化职业技术大学、四川建筑职业技术大学、山西职业技术学院、新疆建设职业技术学院、昆明冶金职业大学
430705,装配式建筑构件智能制造技术,专科(高职),,三年,能源动力与材料大类,建筑材料类,材料科学基础、材料物理化学、材料力学性能、材料现代分析方法、金属材料学、高分子材料、材料成型原理、材料工艺实验,category_template,rysxai课程文本未抽出课程名,库内未命中,头部/强研究型：核心课不一定换名称，但会加深数学/理论和研究训练，重点看理论深度、科研训练、交叉前沿、学术写作；样例：库内未命中该层次开设样例,河南交通职业技术学院、许昌职业技术学院,区域重点/特色优势：核心课保持完整，通常叠加地方产业、行业场景、实验项目和专业方向模块；样例：河南交通职业技术学院、许昌职业技术学院,商丘学院、四川建筑职业技术大学、广西机电职业技术学院、枣庄科技职业学院、江西交通职业技术学院,普通应用/职业供给：更强调岗位技能、项目实训、证书衔接、综合实践，课程呈现更实训化、工具化；样例：商丘学院、四川建筑职业技术大学、广西机电职业技术学院、枣庄科技职业学院、江西交通职业技术学院
440101,建筑设计,专科(高职),,三年,土木建筑大类,建筑设计类,专业导论、岗位基础技能、专业核心技术、设备/软件操作、项目实训、职业规范、综合实训、顶岗实习,category_template,rysxai课程文本未抽出课程名,库内未命中,头部/强研究型：核心课不一定换名称，但会加深数学/理论和研究训练，重点看理论深度、科研训练、交叉前沿、学术写作；样例：库内未命中该层次开设样例,深圳职业技术大学、广州职业技术大学、海口经济学院、天津电子信息职业技术学院、广东水利电力职业技术学院,区域重点/特色优势：核心课保持完整，通常叠加地方产业、行业场景、实验项目和专业方向模块；样例：深圳职业技术大学、广州职业技术大学、海口经济学院、天津电子信息职业技术学院、广东水利电力职业技术学院,南宁职业技术大学、河北工业职业技术大学、哈尔滨职业技术大学、西南财经大学天府学院、郑州升达经贸管理学院,普通应用/职业供给：更强调岗位技能、项目实训、证书衔接、综合实践，课程呈现更实训化、工具化；样例：南宁职业技术大学、河北工业职业技术大学、哈尔滨职业技术大学、西南财经大学天府学院、郑州升达经贸管理学院
440102,建筑装饰工程技术,专科(高职),,三年,土木建筑大类,建筑设计类,专业导论、岗位基础技能、专业核心技术、设备/软件操作、项目实训、职业规范、综合实训、顶岗实习,category_template,rysxai课程文本未抽出课程名,库内未命中,头部/强研究型：核心课不一定换名称，但会加深数学/理论和研究训练，重点看理论深度、科研训练、交叉前沿、学术写作；样例：库内未命中该层次开设样例,宿州学院、东营职业学院、义乌工商职业技术学院、内蒙古化工职业学院、北京工业职业技术学院,区域重点/特色优势：核心课保持完整，通常叠加地方产业、行业场景、实验项目和专业方向模块；样例：宿州学院、东营职业学院、义乌工商职业技术学院、内蒙古化工职业学院、北京工业职业技术学院,浙江水利水电学院、武汉职业技术大学、柳州职业技术大学、朝阳师范学院、金华职业技术大学,普通应用/职业供给：更强调岗位技能、项目实训、证书衔接、综合实践，课程呈现更实训化、工具化；样例：浙江水利水电学院、武汉职业技术大学、柳州职业技术大学、朝阳师范学院、金华职业技术大学
440103,古建筑工程技术,专科(高职),,三年,土木建筑大类,建筑设计类,专业导论、岗位基础技能、专业核心技术、设备/软件操作、项目实训、职业规范、综合实训、顶岗实习,category_template,rysxai课程文本未抽出课程名,库内未命中,头部/强研究型：核心课不一定换名称，但会加深数学/理论和研究训练，重点看理论深度、科研训练、交叉前沿、学术写作；样例：库内未命中该层次开设样例,苏州农业职业技术学院、西藏职业技术学院,区域重点/特色优势：核心课保持完整，通常叠加地方产业、行业场景、实验项目和专业方向模块；样例：苏州农业职业技术学院、西藏职业技术学院,山西工程科技职业大学、四川文化艺术学院、河北外国语学院、内蒙古建筑职业技术大学、上海城建职业学院,普通应用/职业供给：更强调岗位技能、项目实训、证书衔接、综合实践，课程呈现更实训化、工具化；样例：山西工程科技职业大学、四川文化艺术学院、河北外国语学院、内蒙古建筑职业技术大学、上海城建职业学院
440104,园林工程技术,专科(高职),,三年,土木建筑大类,建筑设计类,专业导论、岗位基础技能、专业核心技术、设备/软件操作、项目实训、职业规范、综合实训、顶岗实习,category_template,rysxai课程文本未抽出课程名,库内未命中,头部/强研究型：核心课不一定换名称，但会加深数学/理论和研究训练，重点看理论深度、科研训练、交叉前沿、学术写作；样例：库内未命中该层次开设样例,深圳信息职业技术大学、武汉生物工程学院、海口经济学院、山西水利职业技术学院、广西交通职业技术学院,区域重点/特色优势：核心课保持完整，通常叠加地方产业、行业场景、实验项目和专业方向模块；样例：深圳信息职业技术大学、武汉生物工程学院、海口经济学院、山西水利职业技术学院、广西交通职业技术学院,河北环境工程学院、广西农业职业技术大学、四川工程职业技术大学、陕西农林职业技术大学、新疆农业职业技术大学,普通应用/职业供给：更强调岗位技能、项目实训、证书衔接、综合实践，课程呈现更实训化、工具化；样例：河北环境工程学院、广西农业职业技术大学、四川工程职业技术大学、陕西农林职业技术大学、新疆农业职业技术大学
440105,风景园林设计,专科(高职),,三年,土木建筑大类,建筑设计类,专业导论、岗位基础技能、专业核心技术、设备/软件操作、项目实训、职业规范、综合实训、顶岗实习,category_template,rysxai课程文本未抽出课程名,库内未命中,头部/强研究型：核心课不一定换名称，但会加深数学/理论和研究训练，重点看理论深度、科研训练、交叉前沿、学术写作；样例：库内未命中该层次开设样例,深圳职业技术大学、上海工艺美术职业学院、南京铁道职业技术学院、威海职业学院、安徽商贸职业技术学院,区域重点/特色优势：核心课保持完整，通常叠加地方产业、行业场景、实验项目和专业方向模块；样例：深圳职业技术大学、上海工艺美术职业学院、南京铁道职业技术学院、威海职业学院、安徽商贸职业技术学院,扬州职业技术大学、陕西农林职业技术大学、商丘学院、新疆农业职业技术大学、芜湖职业技术大学,普通应用/职业供给：更强调岗位技能、项目实训、证书衔接、综合实践，课程呈现更实训化、工具化；样例：扬州职业技术大学、陕西农林职业技术大学、商丘学院、新疆农业职业技术大学、芜湖职业技术大学
440106,建筑室内设计,专科(高职),,三年,土木建筑大类,建筑设计类,专业导论、岗位基础技能、专业核心技术、设备/软件操作、项目实训、职业规范、综合实训、顶岗实习,category_template,rysxai课程文本未抽出课程名,库内未命中,头部/强研究型：核心课不一定换名称，但会加深数学/理论和研究训练，重点看理论深度、科研训练、交叉前沿、学术写作；样例：库内未命中该层次开设样例,桂林航天工业学院、青岛恒星科技学院、海口经济学院、云南能源职业技术学院、北京财贸职业学院,区域重点/特色优势：核心课保持完整，通常叠加地方产业、行业场景、实验项目和专业方向模块；样例：桂林航天工业学院、青岛恒星科技学院、海口经济学院、云南能源职业技术学院、北京财贸职业学院,黑龙江工业学院、广西农业职业技术大学、唐山工业职业技术大学、南宁职业技术大学、江西职业技术大学,普通应用/职业供给：更强调岗位技能、项目实训、证书衔接、综合实践，课程呈现更实训化、工具化；样例：黑龙江工业学院、广西农业职业技术大学、唐山工业职业技术大学、南宁职业技术大学、江西职业技术大学
440107,建筑动画技术,专科(高职),,三年,土木建筑大类,建筑设计类,专业导论、岗位基础技能、专业核心技术、设备/软件操作、项目实训、职业规范、综合实训、顶岗实习,category_template,rysxai课程文本未抽出课程名,库内未命中,头部/强研究型：核心课不一定换名称，但会加深数学/理论和研究训练，重点看理论深度、科研训练、交叉前沿、学术写作；样例：库内未命中该层次开设样例,云南机电职业技术学院、重庆工商职业学院,区域重点/特色优势：核心课保持完整，通常叠加地方产业、行业场景、实验项目和专业方向模块；样例：云南机电职业技术学院、重庆工商职业学院,河北外国语学院、四川建筑职业技术大学、四川文化产业职业学院、太原城市职业技术学院、山东城市建设职业学院,普通应用/职业供给：更强调岗位技能、项目实训、证书衔接、综合实践，课程呈现更实训化、工具化；样例：河北外国语学院、四川建筑职业技术大学、四川文化产业职业学院、太原城市职业技术学院、山东城市建设职业学院
440108,装配化装修技术,专科(高职),,三年,土木建筑大类,建筑设计类,专业导论、岗位基础技能、专业核心技术、设备/软件操作、项目实训、职业规范、综合实训、顶岗实习,category_template,rysxai课程文本未抽出课程名,库内未命中,头部/强研究型：核心课不一定换名称，但会加深数学/理论和研究训练，重点看理论深度、科研训练、交叉前沿、学术写作；样例：库内未命中该层次开设样例,库内未命中,区域重点/特色优势：核心课保持完整，通常叠加地方产业、行业场景、实验项目和专业方向模块；样例：库内未命中该层次开设样例,武昌理工学院、江苏建筑职业技术大学,普通应用/职业供给：更强调岗位技能、项目实训、证书衔接、综合实践，课程呈现更实训化、工具化；样例：武昌理工学院、江苏建筑职业技术大学
440201,城乡规划,专科(高职),,三年,土木建筑大类,城乡规划与管理类,专业导论、岗位基础技能、专业核心技术、设备/软件操作、项目实训、职业规范、综合实训、顶岗实习,category_template,rysxai课程文本未抽出课程名,清华大学、北京大学、浙江大学、南京大学、武汉大学,头部/强研究型：核心课不一定换名称，但会加深数学/理论和研究训练，重点看理论深度、科研训练、交叉前沿、学术写作；样例：清华大学、北京大学、浙江大学、南京大学、武汉大学,浙江工商大学、西交利物浦大学、广州大学、昆明理工大学、西安建筑科技大学,区域重点/特色优势：核心课保持完整，通常叠加地方产业、行业场景、实验项目和专业方向模块；样例：浙江工商大学、西交利物浦大学、广州大学、昆明理工大学、西安建筑科技大学,六盘水师范学院、商丘师范学院、黄淮学院、南阳理工学院、宿迁学院,普通应用/职业供给：更强调岗位技能、项目实训、证书衔接、综合实践，课程呈现更实训化、工具化；样例：六盘水师范学院、商丘师范学院、黄淮学院、南阳理工学院、宿迁学院
440202,智慧城市管理技术,专科(高职),,三年,土木建筑大类,城乡规划与管理类,专业导论、岗位基础技能、专业核心技术、设备/软件操作、项目实训、职业规范、综合实训、顶岗实习,category_template,rysxai课程文本未抽出课程名,库内未命中,头部/强研究型：核心课不一定换名称，但会加深数学/理论和研究训练，重点看理论深度、科研训练、交叉前沿、学术写作；样例：库内未命中该层次开设样例,深圳职业技术大学、云南交通职业技术学院、北京经济管理职业学院、广东水利电力职业技术学院、石家庄职业技术学院,区域重点/特色优势：核心课保持完整，通常叠加地方产业、行业场景、实验项目和专业方向模块；样例：深圳职业技术大学、云南交通职业技术学院、北京经济管理职业学院、广东水利电力职业技术学院、石家庄职业技术学院,武汉职业技术大学、安徽职业技术大学、武昌理工学院、山东外事职业大学、辽宁传媒学院,普通应用/职业供给：更强调岗位技能、项目实训、证书衔接、综合实践，课程呈现更实训化、工具化；样例：武汉职业技术大学、安徽职业技术大学、武昌理工学院、山东外事职业大学、辽宁传媒学院
440203,村镇建设与管理,专科(高职),,三年,土木建筑大类,城乡规划与管理类,专业导论、岗位基础技能、专业核心技术、设备/软件操作、项目实训、职业规范、综合实训、顶岗实习,category_template,rysxai课程文本未抽出课程名,库内未命中,头部/强研究型：核心课不一定换名称，但会加深数学/理论和研究训练，重点看理论深度、科研训练、交叉前沿、学术写作；样例：库内未命中该层次开设样例,库内未命中,区域重点/特色优势：核心课保持完整，通常叠加地方产业、行业场景、实验项目和专业方向模块；样例：库内未命中该层次开设样例,定西职业技术学院、恩施职业技术学院、新疆建设职业技术学院、江西财经职业学院、湖北三峡职业技术学院,普通应用/职业供给：更强调岗位技能、项目实训、证书衔接、综合实践，课程呈现更实训化、工具化；样例：定西职业技术学院、恩施职业技术学院、新疆建设职业技术学院、江西财经职业学院、湖北三峡职业技术学院
440301,建筑工程技术,专科(高职),,三年,土木建筑大类,土建施工类,建筑识图、建筑材料、工程测量、建筑力学、建筑施工技术、施工组织、质量与安全管理、建筑工程计量,category_template,rysxai课程文本未抽出课程名,库内未命中,头部/强研究型：核心课不一定换名称，但会加深数学/理论和研究训练，重点看理论深度、科研训练、交叉前沿、学术写作；样例：库内未命中该层次开设样例,内蒙古农业大学、沈阳建筑大学、桂林理工大学、华北理工大学、信阳师范大学,区域重点/特色优势：核心课保持完整，通常叠加地方产业、行业场景、实验项目和专业方向模块；样例：内蒙古农业大学、沈阳建筑大学、桂林理工大学、华北理工大学、信阳师范大学,广西职业师范学院、滇西应用技术大学、菏泽学院、萍乡学院、武汉职业技术大学,普通应用/职业供给：更强调岗位技能、项目实训、证书衔接、综合实践，课程呈现更实训化、工具化；样例：广西职业师范学院、滇西应用技术大学、菏泽学院、萍乡学院、武汉职业技术大学
440302,装配式建筑工程技术,专科(高职),,三年,土木建筑大类,土建施工类,建筑识图、建筑材料、工程测量、建筑力学、建筑施工技术、施工组织、质量与安全管理、建筑工程计量,category_template,rysxai课程文本未抽出课程名,库内未命中,头部/强研究型：核心课不一定换名称，但会加深数学/理论和研究训练，重点看理论深度、科研训练、交叉前沿、学术写作；样例：库内未命中该层次开设样例,威海职业学院、烟台职业学院,区域重点/特色优势：核心课保持完整，通常叠加地方产业、行业场景、实验项目和专业方向模块；样例：威海职业学院、烟台职业学院,宁波职业技术大学、安阳学院、三门峡职业技术学院、上海城建职业学院、上海建设管理职业技术学院,普通应用/职业供给：更强调岗位技能、项目实训、证书衔接、综合实践，课程呈现更实训化、工具化；样例：宁波职业技术大学、安阳学院、三门峡职业技术学院、上海城建职业学院、上海建设管理职业技术学院
440303,建筑钢结构工程技术,专科(高职),,三年,土木建筑大类,土建施工类,建筑识图、建筑材料、工程测量、建筑力学、建筑施工技术、施工组织、质量与安全管理、建筑工程计量,category_template,rysxai课程文本未抽出课程名,库内未命中,头部/强研究型：核心课不一定换名称，但会加深数学/理论和研究训练，重点看理论深度、科研训练、交叉前沿、学术写作；样例：库内未命中该层次开设样例,山西水利职业技术学院、徐州工业职业技术学院、武汉船舶职业技术学院,区域重点/特色优势：核心课保持完整，通常叠加地方产业、行业场景、实验项目和专业方向模块；样例：山西水利职业技术学院、徐州工业职业技术学院、武汉船舶职业技术学院,河北科技工程职业技术大学、山西工程科技职业大学、云南水利水电职业学院、喀什理工职业技术学院、四川建筑职业技术大学,普通应用/职业供给：更强调岗位技能、项目实训、证书衔接、综合实践，课程呈现更实训化、工具化；样例：河北科技工程职业技术大学、山西工程科技职业大学、云南水利水电职业学院、喀什理工职业技术学院、四川建筑职业技术大学
440304,智能建造技术,专科(高职),,三年,土木建筑大类,土建施工类,建筑识图、建筑材料、工程测量、建筑力学、建筑施工技术、施工组织、质量与安全管理、建筑工程计量,category_template,rysxai课程文本未抽出课程名,库内未命中,头部/强研究型：核心课不一定换名称，但会加深数学/理论和研究训练，重点看理论深度、科研训练、交叉前沿、学术写作；样例：库内未命中该层次开设样例,深圳职业技术大学、深圳信息职业技术大学、泰山学院、广州职业技术大学、枣庄学院,区域重点/特色优势：核心课保持完整，通常叠加地方产业、行业场景、实验项目和专业方向模块；样例：深圳职业技术大学、深圳信息职业技术大学、泰山学院、广州职业技术大学、枣庄学院,重庆电子科技职业大学、扬州职业技术大学、陕西农林职业技术大学、四川大学锦江学院、武昌首义学院,普通应用/职业供给：更强调岗位技能、项目实训、证书衔接、综合实践，课程呈现更实训化、工具化；样例：重庆电子科技职业大学、扬州职业技术大学、陕西农林职业技术大学、四川大学锦江学院、武昌首义学院
440305,地下与隧道工程技术,专科(高职),,三年,土木建筑大类,土建施工类,D-课程介绍、建筑识图、建筑材料、工程测量、建筑力学、建筑施工技术、施工组织、质量与安全管理、建筑工程计量,rysxai_major_course+category_template,,库内未命中,头部/强研究型：核心课不一定换名称，但会加深数学/理论和研究训练，重点看理论深度、科研训练、交叉前沿、学术写作；样例：库内未命中该层次开设样例,云南交通职业技术学院、哈尔滨铁道职业技术学院、四川交通职业技术学院、广东水利电力职业技术学院、河北交通职业技术学院,区域重点/特色优势：核心课保持完整，通常叠加地方产业、行业场景、实验项目和专业方向模块；样例：云南交通职业技术学院、哈尔滨铁道职业技术学院、四川交通职业技术学院、广东水利电力职业技术学院、河北交通职业技术学院,贵州交通职业大学、黄河水利职业技术大学、兰州资源环境职业技术大学、山西工程科技职业大学、内蒙古建筑职业技术大学,普通应用/职业供给：更强调岗位技能、项目实训、证书衔接、综合实践，课程呈现更实训化、工具化；样例：贵州交通职业大学、黄河水利职业技术大学、兰州资源环境职业技术大学、山西工程科技职业大学、内蒙古建筑职业技术大学
440306,土木工程检测技术,专科(高职),,三年,土木建筑大类,土建施工类,建筑识图、建筑材料、工程测量、建筑力学、建筑施工技术、施工组织、质量与安全管理、建筑工程计量,category_template,rysxai课程文本未抽出课程名,库内未命中,头部/强研究型：核心课不一定换名称，但会加深数学/理论和研究训练，重点看理论深度、科研训练、交叉前沿、学术写作；样例：库内未命中该层次开设样例,云南交通职业技术学院、哈尔滨铁道职业技术学院、四川交通职业技术学院、山西水利职业技术学院、广西交通职业技术学院,区域重点/特色优势：核心课保持完整，通常叠加地方产业、行业场景、实验项目和专业方向模块；样例：云南交通职业技术学院、哈尔滨铁道职业技术学院、四川交通职业技术学院、山西水利职业技术学院、广西交通职业技术学院,南宁职业技术大学、贵州交通职业大学、黄河水利职业技术大学、新疆交通职业技术大学、山西工程科技职业大学,普通应用/职业供给：更强调岗位技能、项目实训、证书衔接、综合实践，课程呈现更实训化、工具化；样例：南宁职业技术大学、贵州交通职业大学、黄河水利职业技术大学、新疆交通职业技术大学、山西工程科技职业大学
440307,建筑加固与修复技术,专科(高职),,三年,土木建筑大类,土建施工类,建筑识图、建筑材料、工程测量、建筑力学、建筑施工技术、施工组织、质量与安全管理、建筑工程计量,category_template,rysxai课程文本未抽出课程名,库内未命中,头部/强研究型：核心课不一定换名称，但会加深数学/理论和研究训练，重点看理论深度、科研训练、交叉前沿、学术写作；样例：库内未命中该层次开设样例,江西现代职业技术学院、温州职业技术学院,区域重点/特色优势：核心课保持完整，通常叠加地方产业、行业场景、实验项目和专业方向模块；样例：江西现代职业技术学院、温州职业技术学院,枣庄科技职业学院、湄洲湾职业技术学院,普通应用/职业供给：更强调岗位技能、项目实训、证书衔接、综合实践，课程呈现更实训化、工具化；样例：枣庄科技职业学院、湄洲湾职业技术学院
440401,建筑设备工程技术,专科(高职),,三年,土木建筑大类,建筑设备类,专业导论、岗位基础技能、专业核心技术、设备/软件操作、项目实训、职业规范、综合实训、顶岗实习,category_template,rysxai课程文本未抽出课程名,库内未命中,头部/强研究型：核心课不一定换名称，但会加深数学/理论和研究训练，重点看理论深度、科研训练、交叉前沿、学术写作；样例：库内未命中该层次开设样例,山西水利职业技术学院、广东水利电力职业技术学院、广西水利电力职业技术学院、新疆生产建设兵团兴新职业技术学院,区域重点/特色优势：核心课保持完整，通常叠加地方产业、行业场景、实验项目和专业方向模块；样例：山西水利职业技术学院、广东水利电力职业技术学院、广西水利电力职业技术学院、新疆生产建设兵团兴新职业技术学院,陕西农林职业技术大学、内蒙古建筑职业技术大学、包头铁道职业技术学院、哈尔滨建筑科技职业大学、四川建筑职业技术大学,普通应用/职业供给：更强调岗位技能、项目实训、证书衔接、综合实践，课程呈现更实训化、工具化；样例：陕西农林职业技术大学、内蒙古建筑职业技术大学、包头铁道职业技术学院、哈尔滨建筑科技职业大学、四川建筑职业技术大学
440402,建筑电气工程技术,专科(高职),,三年,土木建筑大类,建筑设备类,专业导论、岗位基础技能、专业核心技术、设备/软件操作、项目实训、职业规范、综合实训、顶岗实习,category_template,rysxai课程文本未抽出课程名,库内未命中,头部/强研究型：核心课不一定换名称，但会加深数学/理论和研究训练，重点看理论深度、科研训练、交叉前沿、学术写作；样例：库内未命中该层次开设样例,内蒙古农业大学、云南机电职业技术学院、威海职业学院、广西水利电力职业技术学院、石家庄职业技术学院,区域重点/特色优势：核心课保持完整，通常叠加地方产业、行业场景、实验项目和专业方向模块；样例：内蒙古农业大学、云南机电职业技术学院、威海职业学院、广西水利电力职业技术学院、石家庄职业技术学院,黄河水利职业技术大学、西南财经大学天府学院、山西工程科技职业大学、西安信息职业大学、重庆机电职业技术大学,普通应用/职业供给：更强调岗位技能、项目实训、证书衔接、综合实践，课程呈现更实训化、工具化；样例：黄河水利职业技术大学、西南财经大学天府学院、山西工程科技职业大学、西安信息职业大学、重庆机电职业技术大学
440403,供热通风与空调工程技术,专科(高职),,三年,土木建筑大类,建筑设备类,专业导论、岗位基础技能、专业核心技术、设备/软件操作、项目实训、职业规范、综合实训、顶岗实习,category_template,rysxai课程文本未抽出课程名,库内未命中,头部/强研究型：核心课不一定换名称，但会加深数学/理论和研究训练，重点看理论深度、科研训练、交叉前沿、学术写作；样例：库内未命中该层次开设样例,哈尔滨铁道职业技术学院、武汉船舶职业技术学院、浙江商业职业技术学院、石家庄职业技术学院,区域重点/特色优势：核心课保持完整，通常叠加地方产业、行业场景、实验项目和专业方向模块；样例：哈尔滨铁道职业技术学院、武汉船舶职业技术学院、浙江商业职业技术学院、石家庄职业技术学院,北京科技职业大学、无锡职业技术大学、江西职业技术大学、郑州经贸学院、成都航空职业技术大学,普通应用/职业供给：更强调岗位技能、项目实训、证书衔接、综合实践，课程呈现更实训化、工具化；样例：北京科技职业大学、无锡职业技术大学、江西职业技术大学、郑州经贸学院、成都航空职业技术大学
440404,建筑智能化工程技术,专科(高职),,三年,土木建筑大类,建筑设备类,专业导论、岗位基础技能、专业核心技术、设备/软件操作、项目实训、职业规范、综合实训、顶岗实习,category_template,rysxai课程文本未抽出课程名,库内未命中,头部/强研究型：核心课不一定换名称，但会加深数学/理论和研究训练，重点看理论深度、科研训练、交叉前沿、学术写作；样例：库内未命中该层次开设样例,深圳职业技术大学、桂林理工大学、天津中德应用技术大学、上海电子信息职业技术学院、天津渤海职业技术学院,区域重点/特色优势：核心课保持完整，通常叠加地方产业、行业场景、实验项目和专业方向模块；样例：深圳职业技术大学、桂林理工大学、天津中德应用技术大学、上海电子信息职业技术学院、天津渤海职业技术学院,北京科技职业大学、南京工业职业技术大学、重庆电子科技职业大学、商丘学院、乌鲁木齐职业大学,普通应用/职业供给：更强调岗位技能、项目实训、证书衔接、综合实践，课程呈现更实训化、工具化；样例：北京科技职业大学、南京工业职业技术大学、重庆电子科技职业大学、商丘学院、乌鲁木齐职业大学
440405,工业设备安装工程技术,专科(高职),,三年,土木建筑大类,建筑设备类,专业导论、岗位基础技能、专业核心技术、设备/软件操作、项目实训、职业规范、综合实训、顶岗实习,category_template,rysxai课程文本未抽出课程名,库内未命中,头部/强研究型：核心课不一定换名称，但会加深数学/理论和研究训练，重点看理论深度、科研训练、交叉前沿、学术写作；样例：库内未命中该层次开设样例,库内未命中,区域重点/特色优势：核心课保持完整，通常叠加地方产业、行业场景、实验项目和专业方向模块；样例：库内未命中该层次开设样例,山西工程科技职业大学、新疆能源职业技术学院,普通应用/职业供给：更强调岗位技能、项目实训、证书衔接、综合实践，课程呈现更实训化、工具化；样例：山西工程科技职业大学、新疆能源职业技术学院
440406,建筑消防技术,专科(高职),,三年,土木建筑大类,建筑设备类,专业导论、岗位基础技能、专业核心技术、设备/软件操作、项目实训、职业规范、综合实训、顶岗实习,category_template,rysxai课程文本未抽出课程名,库内未命中,头部/强研究型：核心课不一定换名称，但会加深数学/理论和研究训练，重点看理论深度、科研训练、交叉前沿、学术写作；样例：库内未命中该层次开设样例,深圳职业技术大学、青岛恒星科技学院、内蒙古机电职业技术学院、吉林工业职业技术学院、扬州工业职业技术学院,区域重点/特色优势：核心课保持完整，通常叠加地方产业、行业场景、实验项目和专业方向模块；样例：深圳职业技术大学、青岛恒星科技学院、内蒙古机电职业技术学院、吉林工业职业技术学院、扬州工业职业技术学院,甘肃警察学院、武汉职业技术大学、哈尔滨职业技术大学、兰州资源环境职业技术大学、甘肃工业职业技术大学,普通应用/职业供给：更强调岗位技能、项目实训、证书衔接、综合实践，课程呈现更实训化、工具化；样例：甘肃警察学院、武汉职业技术大学、哈尔滨职业技术大学、兰州资源环境职业技术大学、甘肃工业职业技术大学
440501,工程造价,专科(高职),,三年,土木建筑大类,建设工程管理类,建筑识图、建筑材料、工程测量、建筑施工技术、工程计量与计价、安装工程计量、工程招投标、BIM造价应用,category_template,rysxai课程文本未抽出课程名,重庆大学、西南交通大学、中南财经政法大学、华北电力大学(保定)、四川农业大学,头部/强研究型：核心课不一定换名称，但会加深数学/理论和研究训练，重点看理论深度、科研训练、交叉前沿、学术写作；样例：重庆大学、西南交通大学、中南财经政法大学、华北电力大学(保定)、四川农业大学,江西财经大学、昆明理工大学、深圳职业技术大学、南京审计大学、武汉纺织大学,区域重点/特色优势：核心课保持完整，通常叠加地方产业、行业场景、实验项目和专业方向模块；样例：江西财经大学、昆明理工大学、深圳职业技术大学、南京审计大学、武汉纺织大学,洛阳理工学院、浙江水利水电学院、许昌学院、贵州理工学院、河南工程学院,普通应用/职业供给：更强调岗位技能、项目实训、证书衔接、综合实践，课程呈现更实训化、工具化；样例：洛阳理工学院、浙江水利水电学院、许昌学院、贵州理工学院、河南工程学院
440502,建设工程管理,专科(高职),,三年,土木建筑大类,建设工程管理类,建筑识图、建筑材料、工程测量、建筑施工技术、工程计量与计价、工程项目管理、工程招投标、BIM应用,category_template,rysxai课程文本未抽出课程名,库内未命中,头部/强研究型：核心课不一定换名称，但会加深数学/理论和研究训练，重点看理论深度、科研训练、交叉前沿、学术写作；样例：库内未命中该层次开设样例,内蒙古农业大学、华北理工大学、义乌工商职业技术学院、云南交通职业技术学院、云南机电职业技术学院,区域重点/特色优势：核心课保持完整，通常叠加地方产业、行业场景、实验项目和专业方向模块；样例：内蒙古农业大学、华北理工大学、义乌工商职业技术学院、云南交通职业技术学院、云南机电职业技术学院,河南财政金融学院、百色学院、德宏师范学院、南京工业职业技术大学、唐山工业职业技术大学,普通应用/职业供给：更强调岗位技能、项目实训、证书衔接、综合实践，课程呈现更实训化、工具化；样例：河南财政金融学院、百色学院、德宏师范学院、南京工业职业技术大学、唐山工业职业技术大学
440503,建筑经济信息化管理,专科(高职),,三年,土木建筑大类,建设工程管理类,建筑识图、建筑材料、工程测量、建筑施工技术、工程计量与计价、工程项目管理、工程招投标、BIM应用,category_template,rysxai课程文本未抽出课程名,库内未命中,头部/强研究型：核心课不一定换名称，但会加深数学/理论和研究训练，重点看理论深度、科研训练、交叉前沿、学术写作；样例：库内未命中该层次开设样例,上海第二工业大学,区域重点/特色优势：核心课保持完整，通常叠加地方产业、行业场景、实验项目和专业方向模块；样例：上海第二工业大学,成都锦城学院、浙江广厦建设职业技术大学、西安信息职业大学、内蒙古建筑职业技术大学、云南国土资源职业学院,普通应用/职业供给：更强调岗位技能、项目实训、证书衔接、综合实践，课程呈现更实训化、工具化；样例：成都锦城学院、浙江广厦建设职业技术大学、西安信息职业大学、内蒙古建筑职业技术大学、云南国土资源职业学院
440504,建设工程监理,专科(高职),,三年,土木建筑大类,建设工程管理类,建筑识图、建筑材料、工程测量、建筑施工技术、工程计量与计价、工程项目管理、工程招投标、BIM应用,category_template,rysxai课程文本未抽出课程名,库内未命中,头部/强研究型：核心课不一定换名称，但会加深数学/理论和研究训练，重点看理论深度、科研训练、交叉前沿、学术写作；样例：库内未命中该层次开设样例,天津交通职业学院、天津渤海职业技术学院、山西水利职业技术学院、广东工贸职业技术学院、广西水利电力职业技术学院,区域重点/特色优势：核心课保持完整，通常叠加地方产业、行业场景、实验项目和专业方向模块；样例：天津交通职业学院、天津渤海职业技术学院、山西水利职业技术学院、广东工贸职业技术学院、广西水利电力职业技术学院,广西职业师范学院、青海职业技术大学、陕西农林职业技术大学、山西工程科技职业大学、河北外国语学院,普通应用/职业供给：更强调岗位技能、项目实训、证书衔接、综合实践，课程呈现更实训化、工具化；样例：广西职业师范学院、青海职业技术大学、陕西农林职业技术大学、山西工程科技职业大学、河北外国语学院
440505,智慧建筑运维管理,专科(高职),,三年,土木建筑大类,建设工程管理类,建筑识图、建筑材料、工程测量、建筑施工技术、工程计量与计价、工程项目管理、工程招投标、BIM应用,category_template,未匹配rysxai课程文本,库内未命中,头部/强研究型：核心课不一定换名称，但会加深数学/理论和研究训练，重点看理论深度、科研训练、交叉前沿、学术写作；样例：库内未命中该层次开设样例,库内未命中,区域重点/特色优势：核心课保持完整，通常叠加地方产业、行业场景、实验项目和专业方向模块；样例：库内未命中该层次开设样例,库内未命中,普通应用/职业供给：更强调岗位技能、项目实训、证书衔接、综合实践，课程呈现更实训化、工具化；样例：库内未命中该层次开设样例
440601,市政工程技术,专科(高职),,三年,土木建筑大类,市政工程类,专业导论、岗位基础技能、专业核心技术、设备/软件操作、项目实训、职业规范、综合实训、顶岗实习,category_template,rysxai课程文本未抽出课程名,库内未命中,头部/强研究型：核心课不一定换名称，但会加深数学/理论和研究训练，重点看理论深度、科研训练、交叉前沿、学术写作；样例：库内未命中该层次开设样例,桂林理工大学、广州职业技术大学、义乌工商职业技术学院、云南交通职业技术学院、四川交通职业技术学院,区域重点/特色优势：核心课保持完整，通常叠加地方产业、行业场景、实验项目和专业方向模块；样例：桂林理工大学、广州职业技术大学、义乌工商职业技术学院、云南交通职业技术学院、四川交通职业技术学院,浙江水利水电学院、金华职业技术大学、唐山工业职业技术大学、南宁职业技术大学、贵州交通职业大学,普通应用/职业供给：更强调岗位技能、项目实训、证书衔接、综合实践，课程呈现更实训化、工具化；样例：浙江水利水电学院、金华职业技术大学、唐山工业职业技术大学、南宁职业技术大学、贵州交通职业大学
440602,给排水工程技术,专科(高职),,三年,土木建筑大类,市政工程类,1l、1l2、l课程14、专业导论、岗位基础技能、专业核心技术、设备/软件操作、项目实训、职业规范、综合实训,rysxai_major_course+category_template,,库内未命中,头部/强研究型：核心课不一定换名称，但会加深数学/理论和研究训练，重点看理论深度、科研训练、交叉前沿、学术写作；样例：库内未命中该层次开设样例,深圳职业技术大学、山西水利职业技术学院、广东水利电力职业技术学院、广西水利电力职业技术学院、陕西铁路工程职业技术学院,区域重点/特色优势：核心课保持完整，通常叠加地方产业、行业场景、实验项目和专业方向模块；样例：深圳职业技术大学、山西水利职业技术学院、广东水利电力职业技术学院、广西水利电力职业技术学院、陕西铁路工程职业技术学院,黄河水利职业技术大学、陕西农林职业技术大学、成都锦城学院、山西工程科技职业大学、内蒙古建筑职业技术大学,普通应用/职业供给：更强调岗位技能、项目实训、证书衔接、综合实践，课程呈现更实训化、工具化；样例：黄河水利职业技术大学、陕西农林职业技术大学、成都锦城学院、山西工程科技职业大学、内蒙古建筑职业技术大学
440603,城市燃气工程技术,专科(高职),,三年,土木建筑大类,市政工程类,专业导论、岗位基础技能、专业核心技术、设备/软件操作、项目实训、职业规范、综合实训、顶岗实习,category_template,rysxai课程文本未抽出课程名,库内未命中,头部/强研究型：核心课不一定换名称，但会加深数学/理论和研究训练，重点看理论深度、科研训练、交叉前沿、学术写作；样例：库内未命中该层次开设样例,库内未命中,区域重点/特色优势：核心课保持完整，通常叠加地方产业、行业场景、实验项目和专业方向模块；样例：库内未命中该层次开设样例,潍坊理工学院、沈阳城市建设学院、上海交通职业技术学院、天津城市建设管理职业技术学院、天津石油职业技术学院,普通应用/职业供给：更强调岗位技能、项目实训、证书衔接、综合实践，课程呈现更实训化、工具化；样例：潍坊理工学院、沈阳城市建设学院、上海交通职业技术学院、天津城市建设管理职业技术学院、天津石油职业技术学院
440604,市政管网智能检测与维护,专科(高职),,三年,土木建筑大类,市政工程类,专业导论、岗位基础技能、专业核心技术、设备/软件操作、项目实训、职业规范、综合实训、顶岗实习,category_template,rysxai课程文本未抽出课程名,库内未命中,头部/强研究型：核心课不一定换名称，但会加深数学/理论和研究训练，重点看理论深度、科研训练、交叉前沿、学术写作；样例：库内未命中该层次开设样例,广州职业技术大学、成都职业技术学院,区域重点/特色优势：核心课保持完整，通常叠加地方产业、行业场景、实验项目和专业方向模块；样例：广州职业技术大学、成都职业技术学院,武昌首义学院、上海建设管理职业技术学院、山东城市建设职业学院、广东工程职业技术学院、广西工业职业技术学院,普通应用/职业供给：更强调岗位技能、项目实训、证书衔接、综合实践，课程呈现更实训化、工具化；样例：武昌首义学院、上海建设管理职业技术学院、山东城市建设职业学院、广东工程职业技术学院、广西工业职业技术学院
440605,城市环境工程技术,专科(高职),,三年,土木建筑大类,市政工程类,专业导论、岗位基础技能、专业核心技术、设备/软件操作、项目实训、职业规范、综合实训、顶岗实习,category_template,rysxai课程文本未抽出课程名,库内未命中,头部/强研究型：核心课不一定换名称，但会加深数学/理论和研究训练，重点看理论深度、科研训练、交叉前沿、学术写作；样例：库内未命中该层次开设样例,库内未命中,区域重点/特色优势：核心课保持完整，通常叠加地方产业、行业场景、实验项目和专业方向模块；样例：库内未命中该层次开设样例,许昌陶瓷职业学院,普通应用/职业供给：更强调岗位技能、项目实训、证书衔接、综合实践，课程呈现更实训化、工具化；样例：许昌陶瓷职业学院
440701,房地产经营与管理,专科(高职),,三年,土木建筑大类,房地产类,专业导论、岗位基础技能、专业核心技术、设备/软件操作、项目实训、职业规范、综合实训、顶岗实习,category_template,rysxai课程文本未抽出课程名,库内未命中,头部/强研究型：核心课不一定换名称，但会加深数学/理论和研究训练，重点看理论深度、科研训练、交叉前沿、学术写作；样例：库内未命中该层次开设样例,南昌航空大学、枣庄学院、安徽商贸职业技术学院、广东水利电力职业技术学院、浙江金融职业学院,区域重点/特色优势：核心课保持完整，通常叠加地方产业、行业场景、实验项目和专业方向模块；样例：南昌航空大学、枣庄学院、安徽商贸职业技术学院、广东水利电力职业技术学院、浙江金融职业学院,南京工业职业技术大学、南宁职业技术大学、山东工程职业技术大学、上海城建职业学院、上海建设管理职业技术学院,普通应用/职业供给：更强调岗位技能、项目实训、证书衔接、综合实践，课程呈现更实训化、工具化；样例：南京工业职业技术大学、南宁职业技术大学、山东工程职业技术大学、上海城建职业学院、上海建设管理职业技术学院
440702,房地产智能检测与估价,专科(高职),,三年,土木建筑大类,房地产类,专业导论、岗位基础技能、专业核心技术、设备/软件操作、项目实训、职业规范、综合实训、顶岗实习,category_template,rysxai课程文本未抽出课程名,库内未命中,头部/强研究型：核心课不一定换名称，但会加深数学/理论和研究训练，重点看理论深度、科研训练、交叉前沿、学术写作；样例：库内未命中该层次开设样例,广东工贸职业技术学院,区域重点/特色优势：核心课保持完整，通常叠加地方产业、行业场景、实验项目和专业方向模块；样例：广东工贸职业技术学院,内蒙古建筑职业技术大学、天津国土资源和房屋职业学院、山东城市建设职业学院、广东建设职业技术学院、广西建设职业技术学院,普通应用/职业供给：更强调岗位技能、项目实训、证书衔接、综合实践，课程呈现更实训化、工具化；样例：内蒙古建筑职业技术大学、天津国土资源和房屋职业学院、山东城市建设职业学院、广东建设职业技术学院、广西建设职业技术学院
440703,现代物业管理,专科(高职),,三年,土木建筑大类,房地产类,专业导论、岗位基础技能、专业核心技术、设备/软件操作、项目实训、职业规范、综合实训、顶岗实习,category_template,rysxai课程文本未抽出课程名,库内未命中,头部/强研究型：核心课不一定换名称，但会加深数学/理论和研究训练，重点看理论深度、科研训练、交叉前沿、学术写作；样例：库内未命中该层次开设样例,东营职业学院、云南机电职业技术学院、四川邮电职业技术学院、山西水利职业技术学院、武汉城市职业学院,区域重点/特色优势：核心课保持完整，通常叠加地方产业、行业场景、实验项目和专业方向模块；样例：东营职业学院、云南机电职业技术学院、四川邮电职业技术学院、山西水利职业技术学院、武汉城市职业学院,山东青年政治学院、武汉职业技术大学、南宁职业技术大学、杭州职业技术大学、陕西农林职业技术大学,普通应用/职业供给：更强调岗位技能、项目实训、证书衔接、综合实践，课程呈现更实训化、工具化；样例：山东青年政治学院、武汉职业技术大学、南宁职业技术大学、杭州职业技术大学、陕西农林职业技术大学
450101,水文与水资源技术,专科(高职),,三年,水利大类,水文水资源类,专业导论、岗位基础技能、专业核心技术、设备/软件操作、项目实训、职业规范、综合实训、顶岗实习,category_template,rysxai课程文本未抽出课程名,库内未命中,头部/强研究型：核心课不一定换名称，但会加深数学/理论和研究训练，重点看理论深度、科研训练、交叉前沿、学术写作；样例：库内未命中该层次开设样例,山西水利职业技术学院、广西水利电力职业技术学院,区域重点/特色优势：核心课保持完整，通常叠加地方产业、行业场景、实验项目和专业方向模块；样例：山西水利职业技术学院、广西水利电力职业技术学院,黄河水利职业技术大学、云南水利水电职业学院、四川水利职业技术学院、安徽水利水电职业技术学院、山东水利职业学院,普通应用/职业供给：更强调岗位技能、项目实训、证书衔接、综合实践，课程呈现更实训化、工具化；样例：黄河水利职业技术大学、云南水利水电职业学院、四川水利职业技术学院、安徽水利水电职业技术学院、山东水利职业学院
450102,水政水资源管理,专科(高职),,三年,水利大类,水文水资源类,专业导论、岗位基础技能、专业核心技术、设备/软件操作、项目实训、职业规范、综合实训、顶岗实习,category_template,rysxai课程文本未抽出课程名,库内未命中,头部/强研究型：核心课不一定换名称，但会加深数学/理论和研究训练，重点看理论深度、科研训练、交叉前沿、学术写作；样例：库内未命中该层次开设样例,广东水利电力职业技术学院,区域重点/特色优势：核心课保持完整，通常叠加地方产业、行业场景、实验项目和专业方向模块；样例：广东水利电力职业技术学院,库内未命中,普通应用/职业供给：更强调岗位技能、项目实训、证书衔接、综合实践，课程呈现更实训化、工具化；样例：库内未命中该层次开设样例
450201,水利工程,专科(高职),,三年,水利大类,水利工程与管理类,专业导论、岗位基础技能、专业核心技术、设备/软件操作、项目实训、职业规范、综合实训、顶岗实习,category_template,rysxai课程文本未抽出课程名,库内未命中,头部/强研究型：核心课不一定换名称，但会加深数学/理论和研究训练，重点看理论深度、科研训练、交叉前沿、学术写作；样例：库内未命中该层次开设样例,山西水利职业技术学院、广东水利电力职业技术学院、广西水利电力职业技术学院、重庆水利电力职业技术学院、黑龙江农业经济职业学院,区域重点/特色优势：核心课保持完整，通常叠加地方产业、行业场景、实验项目和专业方向模块；样例：山西水利职业技术学院、广东水利电力职业技术学院、广西水利电力职业技术学院、重庆水利电力职业技术学院、黑龙江农业经济职业学院,黄河水利职业技术大学、陕西农林职业技术大学、新疆农业职业技术大学、兰州资源环境职业技术大学、酒泉职业技术大学,普通应用/职业供给：更强调岗位技能、项目实训、证书衔接、综合实践，课程呈现更实训化、工具化；样例：黄河水利职业技术大学、陕西农林职业技术大学、新疆农业职业技术大学、兰州资源环境职业技术大学、酒泉职业技术大学
450202,智慧水利技术,专科(高职),,三年,水利大类,水利工程与管理类,专业导论、岗位基础技能、专业核心技术、设备/软件操作、项目实训、职业规范、综合实训、顶岗实习,category_template,rysxai课程文本未抽出课程名,库内未命中,头部/强研究型：核心课不一定换名称，但会加深数学/理论和研究训练，重点看理论深度、科研训练、交叉前沿、学术写作；样例：库内未命中该层次开设样例,新疆生产建设兵团兴新职业技术学院、重庆水利电力职业技术学院,区域重点/特色优势：核心课保持完整，通常叠加地方产业、行业场景、实验项目和专业方向模块；样例：新疆生产建设兵团兴新职业技术学院、重庆水利电力职业技术学院,黄河水利职业技术大学、云南水利水电职业学院、吉林水利电力职业学院、四川水利职业技术学院、安徽水利水电职业技术学院,普通应用/职业供给：更强调岗位技能、项目实训、证书衔接、综合实践，课程呈现更实训化、工具化；样例：黄河水利职业技术大学、云南水利水电职业学院、吉林水利电力职业学院、四川水利职业技术学院、安徽水利水电职业技术学院
450203,水利水电工程技术,专科(高职),,三年,水利大类,水利工程与管理类,专业导论、岗位基础技能、专业核心技术、设备/软件操作、项目实训、职业规范、综合实训、顶岗实习,category_template,rysxai课程文本未抽出课程名,库内未命中,头部/强研究型：核心课不一定换名称，但会加深数学/理论和研究训练，重点看理论深度、科研训练、交叉前沿、学术写作；样例：库内未命中该层次开设样例,内蒙古机电职业技术学院、山西水利职业技术学院、重庆水利电力职业技术学院,区域重点/特色优势：核心课保持完整，通常叠加地方产业、行业场景、实验项目和专业方向模块；样例：内蒙古机电职业技术学院、山西水利职业技术学院、重庆水利电力职业技术学院,黄河水利职业技术大学、兰州石化职业技术大学、陕西农林职业技术大学、云南水利水电职业学院、北京农业职业学院,普通应用/职业供给：更强调岗位技能、项目实训、证书衔接、综合实践，课程呈现更实训化、工具化；样例：黄河水利职业技术大学、兰州石化职业技术大学、陕西农林职业技术大学、云南水利水电职业学院、北京农业职业学院
450204,水利水电工程智能管理,专科(高职),,三年,水利大类,水利工程与管理类,专业导论、岗位基础技能、专业核心技术、设备/软件操作、项目实训、职业规范、综合实训、顶岗实习,category_template,rysxai课程文本未抽出课程名,库内未命中,头部/强研究型：核心课不一定换名称，但会加深数学/理论和研究训练，重点看理论深度、科研训练、交叉前沿、学术写作；样例：库内未命中该层次开设样例,山西水利职业技术学院、广西水利电力职业技术学院、重庆水利电力职业技术学院、九江科技职业大学,区域重点/特色优势：核心课保持完整，通常叠加地方产业、行业场景、实验项目和专业方向模块；样例：山西水利职业技术学院、广西水利电力职业技术学院、重庆水利电力职业技术学院、九江科技职业大学,德宏师范学院、酒泉职业技术大学、云南水利水电职业学院、吉林水利电力职业学院、四川水利职业技术学院,普通应用/职业供给：更强调岗位技能、项目实训、证书衔接、综合实践，课程呈现更实训化、工具化；样例：德宏师范学院、酒泉职业技术大学、云南水利水电职业学院、吉林水利电力职业学院、四川水利职业技术学院
450205,水利水电建筑工程,专科(高职),,三年,水利大类,水利工程与管理类,专业导论、岗位基础技能、专业核心技术、设备/软件操作、项目实训、职业规范、综合实训、顶岗实习,category_template,rysxai课程文本未抽出课程名,库内未命中,头部/强研究型：核心课不一定换名称，但会加深数学/理论和研究训练，重点看理论深度、科研训练、交叉前沿、学术写作；样例：库内未命中该层次开设样例,内蒙古机电职业技术学院、山西水利职业技术学院、广东水利电力职业技术学院、广西水利电力职业技术学院、重庆水利电力职业技术学院,区域重点/特色优势：核心课保持完整，通常叠加地方产业、行业场景、实验项目和专业方向模块；样例：内蒙古机电职业技术学院、山西水利职业技术学院、广东水利电力职业技术学院、广西水利电力职业技术学院、重庆水利电力职业技术学院,黄河水利职业技术大学、陕西农林职业技术大学、三峡大学科技学院、酒泉职业技术大学、南昌工学院,普通应用/职业供给：更强调岗位技能、项目实训、证书衔接、综合实践，课程呈现更实训化、工具化；样例：黄河水利职业技术大学、陕西农林职业技术大学、三峡大学科技学院、酒泉职业技术大学、南昌工学院
450206,机电排灌工程技术,专科(高职),,三年,水利大类,水利工程与管理类,专业导论、岗位基础技能、专业核心技术、设备/软件操作、项目实训、职业规范、综合实训、顶岗实习,category_template,rysxai课程文本未抽出课程名,库内未命中,头部/强研究型：核心课不一定换名称，但会加深数学/理论和研究训练，重点看理论深度、科研训练、交叉前沿、学术写作；样例：库内未命中该层次开设样例,库内未命中,区域重点/特色优势：核心课保持完整，通常叠加地方产业、行业场景、实验项目和专业方向模块；样例：库内未命中该层次开设样例,云南水利水电职业学院、新疆石河子职业技术学院,普通应用/职业供给：更强调岗位技能、项目实训、证书衔接、综合实践，课程呈现更实训化、工具化；样例：云南水利水电职业学院、新疆石河子职业技术学院
450207,治河与航道工程技术,专科(高职),,三年,水利大类,水利工程与管理类,专业导论、岗位基础技能、专业核心技术、设备/软件操作、项目实训、职业规范、综合实训、顶岗实习,category_template,rysxai课程文本未抽出课程名,库内未命中,头部/强研究型：核心课不一定换名称，但会加深数学/理论和研究训练，重点看理论深度、科研训练、交叉前沿、学术写作；样例：库内未命中该层次开设样例,广东水利电力职业技术学院、九江科技职业大学,区域重点/特色优势：核心课保持完整，通常叠加地方产业、行业场景、实验项目和专业方向模块；样例：广东水利电力职业技术学院、九江科技职业大学,黄河水利职业技术大学、山东水利职业学院,普通应用/职业供给：更强调岗位技能、项目实训、证书衔接、综合实践，课程呈现更实训化、工具化；样例：黄河水利职业技术大学、山东水利职业学院
450208,智能水务管理,专科(高职),,三年,水利大类,水利工程与管理类,专业导论、岗位基础技能、专业核心技术、设备/软件操作、项目实训、职业规范、综合实训、顶岗实习,category_template,rysxai课程文本未抽出课程名,库内未命中,头部/强研究型：核心课不一定换名称，但会加深数学/理论和研究训练，重点看理论深度、科研训练、交叉前沿、学术写作；样例：库内未命中该层次开设样例,重庆水利电力职业技术学院,区域重点/特色优势：核心课保持完整，通常叠加地方产业、行业场景、实验项目和专业方向模块；样例：重庆水利电力职业技术学院,云南水利水电职业学院、安徽水利水电职业技术学院、山东水利职业学院、福建水利电力职业技术学院、贵州水利水电职业技术学院,普通应用/职业供给：更强调岗位技能、项目实训、证书衔接、综合实践，课程呈现更实训化、工具化；样例：云南水利水电职业学院、安徽水利水电职业技术学院、山东水利职业学院、福建水利电力职业技术学院、贵州水利水电职业技术学院
450301,水电站设备安装与管理,专科(高职),,三年,水利大类,水利水电设备类,专业导论、岗位基础技能、专业核心技术、设备/软件操作、项目实训、职业规范、综合实训、顶岗实习,category_template,rysxai课程文本未抽出课程名,库内未命中,头部/强研究型：核心课不一定换名称，但会加深数学/理论和研究训练，重点看理论深度、科研训练、交叉前沿、学术写作；样例：库内未命中该层次开设样例,库内未命中,区域重点/特色优势：核心课保持完整，通常叠加地方产业、行业场景、实验项目和专业方向模块；样例：库内未命中该层次开设样例,黄河水利职业技术大学、江西电力职业技术学院、福建水利电力职业技术学院、辽宁生态工程职业学院,普通应用/职业供给：更强调岗位技能、项目实训、证书衔接、综合实践，课程呈现更实训化、工具化；样例：黄河水利职业技术大学、江西电力职业技术学院、福建水利电力职业技术学院、辽宁生态工程职业学院
450302,水电站运行与智能管理,专科(高职),,三年,水利大类,水利水电设备类,专业导论、岗位基础技能、专业核心技术、设备/软件操作、项目实训、职业规范、综合实训、顶岗实习,category_template,rysxai课程文本未抽出课程名,库内未命中,头部/强研究型：核心课不一定换名称，但会加深数学/理论和研究训练，重点看理论深度、科研训练、交叉前沿、学术写作；样例：库内未命中该层次开设样例,云南能源职业技术学院,区域重点/特色优势：核心课保持完整，通常叠加地方产业、行业场景、实验项目和专业方向模块；样例：云南能源职业技术学院,云南水利水电职业学院、湖北水利水电职业技术学院,普通应用/职业供给：更强调岗位技能、项目实训、证书衔接、综合实践，课程呈现更实训化、工具化；样例：云南水利水电职业学院、湖北水利水电职业技术学院
450303,水利机电设备智能管理,专科(高职),,三年,水利大类,水利水电设备类,专业导论、岗位基础技能、专业核心技术、设备/软件操作、项目实训、职业规范、综合实训、顶岗实习,category_template,rysxai课程文本未抽出课程名,库内未命中,头部/强研究型：核心课不一定换名称，但会加深数学/理论和研究训练，重点看理论深度、科研训练、交叉前沿、学术写作；样例：库内未命中该层次开设样例,山西水利职业技术学院、广西水利电力职业技术学院、九江科技职业大学,区域重点/特色优势：核心课保持完整，通常叠加地方产业、行业场景、实验项目和专业方向模块；样例：山西水利职业技术学院、广西水利电力职业技术学院、九江科技职业大学,陕西农林职业技术大学,普通应用/职业供给：更强调岗位技能、项目实训、证书衔接、综合实践，课程呈现更实训化、工具化；样例：陕西农林职业技术大学
450401,水土保持技术,专科(高职),,三年,水利大类,水土保持与水环境类,专业导论、岗位基础技能、专业核心技术、设备/软件操作、项目实训、职业规范、综合实训、顶岗实习,category_template,rysxai课程文本未抽出课程名,库内未命中,头部/强研究型：核心课不一定换名称，但会加深数学/理论和研究训练，重点看理论深度、科研训练、交叉前沿、学术写作；样例：库内未命中该层次开设样例,广西水利电力职业技术学院,区域重点/特色优势：核心课保持完整，通常叠加地方产业、行业场景、实验项目和专业方向模块；样例：广西水利电力职业技术学院,黄河水利职业技术大学、甘肃林业职业技术大学、四川水利职业技术学院、宁夏葡萄酒与防沙治沙职业技术学院、安徽水利水电职业技术学院,普通应用/职业供给：更强调岗位技能、项目实训、证书衔接、综合实践，课程呈现更实训化、工具化；样例：黄河水利职业技术大学、甘肃林业职业技术大学、四川水利职业技术学院、宁夏葡萄酒与防沙治沙职业技术学院、安徽水利水电职业技术学院
450402,水环境智能监测与治理,专科(高职),,三年,水利大类,水土保持与水环境类,专业导论、岗位基础技能、专业核心技术、设备/软件操作、项目实训、职业规范、综合实训、顶岗实习,category_template,rysxai课程文本未抽出课程名,库内未命中,头部/强研究型：核心课不一定换名称，但会加深数学/理论和研究训练，重点看理论深度、科研训练、交叉前沿、学术写作；样例：库内未命中该层次开设样例,重庆水利电力职业技术学院,区域重点/特色优势：核心课保持完整，通常叠加地方产业、行业场景、实验项目和专业方向模块；样例：重庆水利电力职业技术学院,兰州石化职业技术大学、陕西农林职业技术大学、云南工贸职业技术学院、云南林业职业技术学院、云南水利水电职业学院,普通应用/职业供给：更强调岗位技能、项目实训、证书衔接、综合实践，课程呈现更实训化、工具化；样例：兰州石化职业技术大学、陕西农林职业技术大学、云南工贸职业技术学院、云南林业职业技术学院、云南水利水电职业学院
450403,水生态修复技术,专科(高职),,三年,水利大类,水土保持与水环境类,专业导论、岗位基础技能、专业核心技术、设备/软件操作、项目实训、职业规范、综合实训、顶岗实习,category_template,rysxai课程文本未抽出课程名,库内未命中,头部/强研究型：核心课不一定换名称，但会加深数学/理论和研究训练，重点看理论深度、科研训练、交叉前沿、学术写作；样例：库内未命中该层次开设样例,广东水利电力职业技术学院、广西水利电力职业技术学院,区域重点/特色优势：核心课保持完整，通常叠加地方产业、行业场景、实验项目和专业方向模块；样例：广东水利电力职业技术学院、广西水利电力职业技术学院,黄河水利职业技术大学、云南水利水电职业学院、安徽水利水电职业技术学院、山东水利职业学院、浙江同济科技职业学院,普通应用/职业供给：更强调岗位技能、项目实训、证书衔接、综合实践，课程呈现更实训化、工具化；样例：黄河水利职业技术大学、云南水利水电职业学院、安徽水利水电职业技术学院、山东水利职业学院、浙江同济科技职业学院
460101,机械设计与制造,专科(高职),,三年,装备制造大类,机械设计制造类,专业导论、岗位基础技能、专业核心技术、设备/软件操作、项目实训、职业规范、综合实训、顶岗实习,category_template,rysxai课程文本未抽出课程名,库内未命中,头部/强研究型：核心课不一定换名称，但会加深数学/理论和研究训练，重点看理论深度、科研训练、交叉前沿、学术写作；样例：库内未命中该层次开设样例,深圳职业技术大学、深圳信息职业技术大学、桂林理工大学、广东轻工职业技术大学、云南机电职业技术学院,区域重点/特色优势：核心课保持完整，通常叠加地方产业、行业场景、实验项目和专业方向模块；样例：深圳职业技术大学、深圳信息职业技术大学、桂林理工大学、广东轻工职业技术大学、云南机电职业技术学院,柳州职业技术大学、南宁职业技术大学、重庆电子科技职业大学、黄河水利职业技术大学、河北科技工程职业技术大学,普通应用/职业供给：更强调岗位技能、项目实训、证书衔接、综合实践，课程呈现更实训化、工具化；样例：柳州职业技术大学、南宁职业技术大学、重庆电子科技职业大学、黄河水利职业技术大学、河北科技工程职业技术大学
460102,数字化设计与制造技术,专科(高职),,三年,装备制造大类,机械设计制造类,专业导论、岗位基础技能、专业核心技术、设备/软件操作、项目实训、职业规范、综合实训、顶岗实习,category_template,rysxai课程文本未抽出课程名,库内未命中,头部/强研究型：核心课不一定换名称，但会加深数学/理论和研究训练，重点看理论深度、科研训练、交叉前沿、学术写作；样例：库内未命中该层次开设样例,顺德职业技术大学、上海电子信息职业技术学院、内蒙古机电职业技术学院、山东科技职业学院、山西工程职业学院,区域重点/特色优势：核心课保持完整，通常叠加地方产业、行业场景、实验项目和专业方向模块；样例：顺德职业技术大学、上海电子信息职业技术学院、内蒙古机电职业技术学院、山东科技职业学院、山西工程职业学院,武汉职业技术大学、金华职业技术大学、苏州职业技术大学、四川工程职业技术大学、无锡职业技术大学,普通应用/职业供给：更强调岗位技能、项目实训、证书衔接、综合实践，课程呈现更实训化、工具化；样例：武汉职业技术大学、金华职业技术大学、苏州职业技术大学、四川工程职业技术大学、无锡职业技术大学
460103,数控技术,专科(高职),,三年,装备制造大类,机械设计制造类,专业导论、岗位基础技能、专业核心技术、设备/软件操作、项目实训、职业规范、综合实训、顶岗实习,category_template,rysxai课程文本未抽出课程名,库内未命中,头部/强研究型：核心课不一定换名称，但会加深数学/理论和研究训练，重点看理论深度、科研训练、交叉前沿、学术写作；样例：库内未命中该层次开设样例,上海工程技术大学、桂林理工大学、上海第二工业大学、上海电机学院、天津职业技术师范大学,区域重点/特色优势：核心课保持完整，通常叠加地方产业、行业场景、实验项目和专业方向模块；样例：上海工程技术大学、桂林理工大学、上海第二工业大学、上海电机学院、天津职业技术师范大学,吉林农业科技学院、浙江机电职业技术大学、武汉职业技术大学、柳州职业技术大学、苏州职业技术大学,普通应用/职业供给：更强调岗位技能、项目实训、证书衔接、综合实践，课程呈现更实训化、工具化；样例：吉林农业科技学院、浙江机电职业技术大学、武汉职业技术大学、柳州职业技术大学、苏州职业技术大学
460104,机械制造及自动化,专科(高职),,三年,装备制造大类,机械设计制造类,专业导论、岗位基础技能、专业核心技术、设备/软件操作、项目实训、职业规范、综合实训、顶岗实习,category_template,rysxai课程文本未抽出课程名,库内未命中,头部/强研究型：核心课不一定换名称，但会加深数学/理论和研究训练，重点看理论深度、科研训练、交叉前沿、学术写作；样例：库内未命中该层次开设样例,河南理工大学、上海工程技术大学、桂林理工大学、华北理工大学、河南科技学院,区域重点/特色优势：核心课保持完整，通常叠加地方产业、行业场景、实验项目和专业方向模块；样例：河南理工大学、上海工程技术大学、桂林理工大学、华北理工大学、河南科技学院,河南工学院、北京科技职业大学、浙江机电职业技术大学、武汉职业技术大学、金华职业技术大学,普通应用/职业供给：更强调岗位技能、项目实训、证书衔接、综合实践，课程呈现更实训化、工具化；样例：河南工学院、北京科技职业大学、浙江机电职业技术大学、武汉职业技术大学、金华职业技术大学
460105,工业设计,专科(高职),,三年,装备制造大类,机械设计制造类,专业导论、岗位基础技能、专业核心技术、设备/软件操作、项目实训、职业规范、综合实训、顶岗实习,category_template,rysxai课程文本未抽出课程名,浙江大学、上海交通大学、西安交通大学、北京航空航天大学、哈尔滨工业大学,头部/强研究型：核心课不一定换名称，但会加深数学/理论和研究训练，重点看理论深度、科研训练、交叉前沿、学术写作；样例：浙江大学、上海交通大学、西安交通大学、北京航空航天大学、哈尔滨工业大学,江西财经大学、西交利物浦大学、上海理工大学、青岛大学、燕山大学,区域重点/特色优势：核心课保持完整，通常叠加地方产业、行业场景、实验项目和专业方向模块；样例：江西财经大学、西交利物浦大学、上海理工大学、青岛大学、燕山大学,湖南工学院、四川旅游学院、安阳工学院、山西工学院、山西工程技术学院,普通应用/职业供给：更强调岗位技能、项目实训、证书衔接、综合实践，课程呈现更实训化、工具化；样例：湖南工学院、四川旅游学院、安阳工学院、山西工学院、山西工程技术学院
460106,工业工程技术,专科(高职),,三年,装备制造大类,机械设计制造类,专业导论、岗位基础技能、专业核心技术、设备/软件操作、项目实训、职业规范、综合实训、顶岗实习,category_template,rysxai课程文本未抽出课程名,库内未命中,头部/强研究型：核心课不一定换名称，但会加深数学/理论和研究训练，重点看理论深度、科研训练、交叉前沿、学术写作；样例：库内未命中该层次开设样例,安徽机电职业技术学院、新疆生产建设兵团兴新职业技术学院、湖南工业职业技术学院、苏州工业职业技术学院,区域重点/特色优势：核心课保持完整，通常叠加地方产业、行业场景、实验项目和专业方向模块；样例：安徽机电职业技术学院、新疆生产建设兵团兴新职业技术学院、湖南工业职业技术学院、苏州工业职业技术学院,重庆电子科技职业大学、景德镇艺术职业大学、天津工业职业学院、湖南机电职业技术学院,普通应用/职业供给：更强调岗位技能、项目实训、证书衔接、综合实践，课程呈现更实训化、工具化；样例：重庆电子科技职业大学、景德镇艺术职业大学、天津工业职业学院、湖南机电职业技术学院
460107,材料成型及控制技术,专科(高职),,三年,装备制造大类,机械设计制造类,专业导论、岗位基础技能、专业核心技术、设备/软件操作、项目实训、职业规范、综合实训、顶岗实习,category_template,rysxai课程文本未抽出课程名,库内未命中,头部/强研究型：核心课不一定换名称，但会加深数学/理论和研究训练，重点看理论深度、科研训练、交叉前沿、学术写作；样例：库内未命中该层次开设样例,华北理工大学、烟台南山学院、云南机电职业技术学院、安徽机电职业技术学院、山西工程职业学院,区域重点/特色优势：核心课保持完整，通常叠加地方产业、行业场景、实验项目和专业方向模块；样例：华北理工大学、烟台南山学院、云南机电职业技术学院、安徽机电职业技术学院、山西工程职业学院,浙江机电职业技术大学、四川工程职业技术大学、无锡职业技术大学、宁波职业技术大学、甘肃工业职业技术大学,普通应用/职业供给：更强调岗位技能、项目实训、证书衔接、综合实践，课程呈现更实训化、工具化；样例：浙江机电职业技术大学、四川工程职业技术大学、无锡职业技术大学、宁波职业技术大学、甘肃工业职业技术大学
460108,现代铸造技术,专科(高职),,三年,装备制造大类,机械设计制造类,专业导论、岗位基础技能、专业核心技术、设备/软件操作、项目实训、职业规范、综合实训、顶岗实习,category_template,rysxai课程文本未抽出课程名,库内未命中,头部/强研究型：核心课不一定换名称，但会加深数学/理论和研究训练，重点看理论深度、科研训练、交叉前沿、学术写作；样例：库内未命中该层次开设样例,山西机电职业技术学院,区域重点/特色优势：核心课保持完整，通常叠加地方产业、行业场景、实验项目和专业方向模块；样例：山西机电职业技术学院,四川工程职业技术大学、长治职业技术学院,普通应用/职业供给：更强调岗位技能、项目实训、证书衔接、综合实践，课程呈现更实训化、工具化；样例：四川工程职业技术大学、长治职业技术学院
460109,现代锻压技术,专科(高职),,三年,装备制造大类,机械设计制造类,专业导论、岗位基础技能、专业核心技术、设备/软件操作、项目实训、职业规范、综合实训、顶岗实习,category_template,rysxai课程文本未抽出课程名,库内未命中,头部/强研究型：核心课不一定换名称，但会加深数学/理论和研究训练，重点看理论深度、科研训练、交叉前沿、学术写作；样例：库内未命中该层次开设样例,库内未命中,区域重点/特色优势：核心课保持完整，通常叠加地方产业、行业场景、实验项目和专业方向模块；样例：库内未命中该层次开设样例,四川工程职业技术大学,普通应用/职业供给：更强调岗位技能、项目实训、证书衔接、综合实践，课程呈现更实训化、工具化；样例：四川工程职业技术大学
460110,智能焊接技术,专科(高职),,三年,装备制造大类,机械设计制造类,专业导论、岗位基础技能、专业核心技术、设备/软件操作、项目实训、职业规范、综合实训、顶岗实习,category_template,rysxai课程文本未抽出课程名,库内未命中,头部/强研究型：核心课不一定换名称，但会加深数学/理论和研究训练，重点看理论深度、科研训练、交叉前沿、学术写作；样例：库内未命中该层次开设样例,吉林铁道职业技术大学、云南机电职业技术学院、内蒙古机电职业技术学院、合肥职业技术学院、吉林工业职业技术学院,区域重点/特色优势：核心课保持完整，通常叠加地方产业、行业场景、实验项目和专业方向模块；样例：吉林铁道职业技术大学、云南机电职业技术学院、内蒙古机电职业技术学院、合肥职业技术学院、吉林工业职业技术学院,四川工程职业技术大学、唐山工业职业技术大学、河北石油职业技术大学、江西职业技术大学、长春汽车职业技术大学,普通应用/职业供给：更强调岗位技能、项目实训、证书衔接、综合实践，课程呈现更实训化、工具化；样例：四川工程职业技术大学、唐山工业职业技术大学、河北石油职业技术大学、江西职业技术大学、长春汽车职业技术大学
460111,工业材料表面处理技术,专科(高职),,三年,装备制造大类,机械设计制造类,专业导论、岗位基础技能、专业核心技术、设备/软件操作、项目实训、职业规范、综合实训、顶岗实习,category_template,rysxai课程文本未抽出课程名,库内未命中,头部/强研究型：核心课不一定换名称，但会加深数学/理论和研究训练，重点看理论深度、科研训练、交叉前沿、学术写作；样例：库内未命中该层次开设样例,库内未命中,区域重点/特色优势：核心课保持完整，通常叠加地方产业、行业场景、实验项目和专业方向模块；样例：库内未命中该层次开设样例,库内未命中,普通应用/职业供给：更强调岗位技能、项目实训、证书衔接、综合实践，课程呈现更实训化、工具化；样例：库内未命中该层次开设样例
460112,增材制造技术,专科(高职),,三年,装备制造大类,机械设计制造类,专业导论、岗位基础技能、专业核心技术、设备/软件操作、项目实训、职业规范、综合实训、顶岗实习,category_template,rysxai课程文本未抽出课程名,库内未命中,头部/强研究型：核心课不一定换名称，但会加深数学/理论和研究训练，重点看理论深度、科研训练、交叉前沿、学术写作；样例：库内未命中该层次开设样例,内蒙古机电职业技术学院、安徽机电职业技术学院、山东职业学院、湖南工业职业技术学院、湖南铁道职业技术学院,区域重点/特色优势：核心课保持完整，通常叠加地方产业、行业场景、实验项目和专业方向模块；样例：内蒙古机电职业技术学院、安徽机电职业技术学院、山东职业学院、湖南工业职业技术学院、湖南铁道职业技术学院,武汉职业技术大学、四川工程职业技术大学、成都航空职业技术大学、佛山职业技术学院、六安职业技术学院,普通应用/职业供给：更强调岗位技能、项目实训、证书衔接、综合实践，课程呈现更实训化、工具化；样例：武汉职业技术大学、四川工程职业技术大学、成都航空职业技术大学、佛山职业技术学院、六安职业技术学院
460113,模具设计与制造,专科(高职),,三年,装备制造大类,机械设计制造类,专业导论、岗位基础技能、专业核心技术、设备/软件操作、项目实训、职业规范、综合实训、顶岗实习,category_template,rysxai课程文本未抽出课程名,库内未命中,头部/强研究型：核心课不一定换名称，但会加深数学/理论和研究训练，重点看理论深度、科研训练、交叉前沿、学术写作；样例：库内未命中该层次开设样例,上海工程技术大学、上海第二工业大学、顺德职业技术大学、广州职业技术大学、天津中德应用技术大学,区域重点/特色优势：核心课保持完整，通常叠加地方产业、行业场景、实验项目和专业方向模块；样例：上海工程技术大学、上海第二工业大学、顺德职业技术大学、广州职业技术大学、天津中德应用技术大学,浙江机电职业技术大学、柳州职业技术大学、四川工程职业技术大学、湖南汽车工程职业大学、南宁职业技术大学,普通应用/职业供给：更强调岗位技能、项目实训、证书衔接、综合实践，课程呈现更实训化、工具化；样例：浙江机电职业技术大学、柳州职业技术大学、四川工程职业技术大学、湖南汽车工程职业大学、南宁职业技术大学
460114,特种加工技术,专科(高职),,三年,装备制造大类,机械设计制造类,专业导论、岗位基础技能、专业核心技术、设备/软件操作、项目实训、职业规范、综合实训、顶岗实习,category_template,rysxai课程文本未抽出课程名,库内未命中,头部/强研究型：核心课不一定换名称，但会加深数学/理论和研究训练，重点看理论深度、科研训练、交叉前沿、学术写作；样例：库内未命中该层次开设样例,库内未命中,区域重点/特色优势：核心课保持完整，通常叠加地方产业、行业场景、实验项目和专业方向模块；样例：库内未命中该层次开设样例,河南质量工程职业学院、郑州职业技术学院,普通应用/职业供给：更强调岗位技能、项目实训、证书衔接、综合实践，课程呈现更实训化、工具化；样例：河南质量工程职业学院、郑州职业技术学院
460115,智能光电制造技术,专科(高职),,三年,装备制造大类,机械设计制造类,专业导论、岗位基础技能、专业核心技术、设备/软件操作、项目实训、职业规范、综合实训、顶岗实习,category_template,rysxai课程文本未抽出课程名,库内未命中,头部/强研究型：核心课不一定换名称，但会加深数学/理论和研究训练，重点看理论深度、科研训练、交叉前沿、学术写作；样例：库内未命中该层次开设样例,深圳信息职业技术大学、武汉船舶职业技术学院、湖南铁道职业技术学院,区域重点/特色优势：核心课保持完整，通常叠加地方产业、行业场景、实验项目和专业方向模块；样例：深圳信息职业技术大学、武汉船舶职业技术学院、湖南铁道职业技术学院,武汉职业技术大学、晋城职业技术学院、河南工业职业技术大学、大连装备制造职业技术学院、宝鸡中北职业学院,普通应用/职业供给：更强调岗位技能、项目实训、证书衔接、综合实践，课程呈现更实训化、工具化；样例：武汉职业技术大学、晋城职业技术学院、河南工业职业技术大学、大连装备制造职业技术学院、宝鸡中北职业学院
460116,电线电缆制造技术,专科(高职),,三年,装备制造大类,机械设计制造类,专业导论、岗位基础技能、专业核心技术、设备/软件操作、项目实训、职业规范、综合实训、顶岗实习,category_template,rysxai课程文本未抽出课程名,库内未命中,头部/强研究型：核心课不一定换名称，但会加深数学/理论和研究训练，重点看理论深度、科研训练、交叉前沿、学术写作；样例：库内未命中该层次开设样例,库内未命中,区域重点/特色优势：核心课保持完整，通常叠加地方产业、行业场景、实验项目和专业方向模块；样例：库内未命中该层次开设样例,无锡工艺职业技术学院、河南工业和信息化职业学院,普通应用/职业供给：更强调岗位技能、项目实训、证书衔接、综合实践，课程呈现更实训化、工具化；样例：无锡工艺职业技术学院、河南工业和信息化职业学院
460117,内燃机制造与应用技术,专科(高职),,三年,装备制造大类,机械设计制造类,专业导论、岗位基础技能、专业核心技术、设备/软件操作、项目实训、职业规范、综合实训、顶岗实习,category_template,rysxai课程文本未抽出课程名,库内未命中,头部/强研究型：核心课不一定换名称，但会加深数学/理论和研究训练，重点看理论深度、科研训练、交叉前沿、学术写作；样例：库内未命中该层次开设样例,库内未命中,区域重点/特色优势：核心课保持完整，通常叠加地方产业、行业场景、实验项目和专业方向模块；样例：库内未命中该层次开设样例,河北石油职业技术大学,普通应用/职业供给：更强调岗位技能、项目实训、证书衔接、综合实践，课程呈现更实训化、工具化；样例：河北石油职业技术大学
460118,机械装备制造技术,专科(高职),,三年,装备制造大类,机械设计制造类,专业导论、岗位基础技能、专业核心技术、设备/软件操作、项目实训、职业规范、综合实训、顶岗实习,category_template,rysxai课程文本未抽出课程名,库内未命中,头部/强研究型：核心课不一定换名称，但会加深数学/理论和研究训练，重点看理论深度、科研训练、交叉前沿、学术写作；样例：库内未命中该层次开设样例,湖南工业职业技术学院,区域重点/特色优势：核心课保持完整，通常叠加地方产业、行业场景、实验项目和专业方向模块；样例：湖南工业职业技术学院,漯河食品工程职业大学、青岛农业大学海都学院、广西工业职业技术学院、湘潭科技职业学院、甘肃畜牧工程职业技术学院,普通应用/职业供给：更强调岗位技能、项目实训、证书衔接、综合实践，课程呈现更实训化、工具化；样例：漯河食品工程职业大学、青岛农业大学海都学院、广西工业职业技术学院、湘潭科技职业学院、甘肃畜牧工程职业技术学院
460119,工业产品质量检测技术,专科(高职),,三年,装备制造大类,机械设计制造类,专业导论、岗位基础技能、专业核心技术、设备/软件操作、项目实训、职业规范、综合实训、顶岗实习,category_template,rysxai课程文本未抽出课程名,库内未命中,头部/强研究型：核心课不一定换名称，但会加深数学/理论和研究训练，重点看理论深度、科研训练、交叉前沿、学术写作；样例：库内未命中该层次开设样例,云南机电职业技术学院、天津轻工职业技术学院、安徽机电职业技术学院、常州机电职业技术学院、湖南工业职业技术学院,区域重点/特色优势：核心课保持完整，通常叠加地方产业、行业场景、实验项目和专业方向模块；样例：云南机电职业技术学院、天津轻工职业技术学院、安徽机电职业技术学院、常州机电职业技术学院、湖南工业职业技术学院,江西职业技术大学、长春汽车职业技术大学、南充职业技术学院、合肥通用职业技术学院、四川化工职业技术学院,普通应用/职业供给：更强调岗位技能、项目实训、证书衔接、综合实践，课程呈现更实训化、工具化；样例：江西职业技术大学、长春汽车职业技术大学、南充职业技术学院、合肥通用职业技术学院、四川化工职业技术学院
460120,理化测试与质检技术,专科(高职),,三年,装备制造大类,机械设计制造类,专业导论、岗位基础技能、专业核心技术、设备/软件操作、项目实训、职业规范、综合实训、顶岗实习,category_template,rysxai课程文本未抽出课程名,库内未命中,头部/强研究型：核心课不一定换名称，但会加深数学/理论和研究训练，重点看理论深度、科研训练、交叉前沿、学术写作；样例：库内未命中该层次开设样例,天津海运职业学院、西安航空职业技术学院、辽宁机电职业技术学院、辽宁轨道交通职业学院、长沙航空职业技术学院,区域重点/特色优势：核心课保持完整，通常叠加地方产业、行业场景、实验项目和专业方向模块；样例：天津海运职业学院、西安航空职业技术学院、辽宁机电职业技术学院、辽宁轨道交通职业学院、长沙航空职业技术学院,浙江机电职业技术大学、四川工程职业技术大学、兰州石化职业技术大学、武汉文理学院、中山职业技术学院,普通应用/职业供给：更强调岗位技能、项目实训、证书衔接、综合实践，课程呈现更实训化、工具化；样例：浙江机电职业技术大学、四川工程职业技术大学、兰州石化职业技术大学、武汉文理学院、中山职业技术学院
460121,电力装备智造与维护技术,专科(高职),,三年,装备制造大类,机械设计制造类,专业导论、岗位基础技能、专业核心技术、设备/软件操作、项目实训、职业规范、综合实训、顶岗实习,category_template,未匹配rysxai课程文本,库内未命中,头部/强研究型：核心课不一定换名称，但会加深数学/理论和研究训练，重点看理论深度、科研训练、交叉前沿、学术写作；样例：库内未命中该层次开设样例,库内未命中,区域重点/特色优势：核心课保持完整，通常叠加地方产业、行业场景、实验项目和专业方向模块；样例：库内未命中该层次开设样例,库内未命中,普通应用/职业供给：更强调岗位技能、项目实训、证书衔接、综合实践，课程呈现更实训化、工具化；样例：库内未命中该层次开设样例
460122,轴承设计与制造技术,专科(高职),,三年,装备制造大类,机械设计制造类,专业导论、岗位基础技能、专业核心技术、设备/软件操作、项目实训、职业规范、综合实训、顶岗实习,category_template,未匹配rysxai课程文本,库内未命中,头部/强研究型：核心课不一定换名称，但会加深数学/理论和研究训练，重点看理论深度、科研训练、交叉前沿、学术写作；样例：库内未命中该层次开设样例,库内未命中,区域重点/特色优势：核心课保持完整，通常叠加地方产业、行业场景、实验项目和专业方向模块；样例：库内未命中该层次开设样例,库内未命中,普通应用/职业供给：更强调岗位技能、项目实训、证书衔接、综合实践，课程呈现更实训化、工具化；样例：库内未命中该层次开设样例
460201,智能制造装备技术,专科(高职),,三年,装备制造大类,机电设备类,机械制图、机械基础、电工电子技术、液压与气动、PLC应用、设备安装与维护、数控技术、综合实训,category_template,rysxai课程文本未抽出课程名,库内未命中,头部/强研究型：核心课不一定换名称，但会加深数学/理论和研究训练，重点看理论深度、科研训练、交叉前沿、学术写作；样例：库内未命中该层次开设样例,河南理工大学、桂林理工大学、天津中德应用技术大学、云南交通职业技术学院、云南机电职业技术学院,区域重点/特色优势：核心课保持完整，通常叠加地方产业、行业场景、实验项目和专业方向模块；样例：河南理工大学、桂林理工大学、天津中德应用技术大学、云南交通职业技术学院、云南机电职业技术学院,浙江机电职业技术大学、柳州职业技术大学、朝阳师范学院、四川工程职业技术大学、无锡职业技术大学,普通应用/职业供给：更强调岗位技能、项目实训、证书衔接、综合实践，课程呈现更实训化、工具化；样例：浙江机电职业技术大学、柳州职业技术大学、朝阳师范学院、四川工程职业技术大学、无锡职业技术大学
460202,机电设备技术,专科(高职),,三年,装备制造大类,机电设备类,机械制图、机械基础、电工电子技术、液压与气动、PLC应用、设备安装与维护、数控技术、综合实训,category_template,rysxai课程文本未抽出课程名,库内未命中,头部/强研究型：核心课不一定换名称，但会加深数学/理论和研究训练，重点看理论深度、科研训练、交叉前沿、学术写作；样例：库内未命中该层次开设样例,武汉生物工程学院、云南机电职业技术学院、内蒙古机电职业技术学院、吉林工业职业技术学院、天津渤海职业技术学院,区域重点/特色优势：核心课保持完整，通常叠加地方产业、行业场景、实验项目和专业方向模块；样例：武汉生物工程学院、云南机电职业技术学院、内蒙古机电职业技术学院、吉林工业职业技术学院、天津渤海职业技术学院,蚌埠学院、柳州职业技术大学、广西农业职业技术大学、唐山工业职业技术大学、重庆电子科技职业大学,普通应用/职业供给：更强调岗位技能、项目实训、证书衔接、综合实践，课程呈现更实训化、工具化；样例：蚌埠学院、柳州职业技术大学、广西农业职业技术大学、唐山工业职业技术大学、重庆电子科技职业大学
460203,电机与电器技术,专科(高职),,三年,装备制造大类,机电设备类,机械制图、机械基础、电工电子技术、液压与气动、PLC应用、设备安装与维护、数控技术、综合实训,category_template,rysxai课程文本未抽出课程名,库内未命中,头部/强研究型：核心课不一定换名称，但会加深数学/理论和研究训练，重点看理论深度、科研训练、交叉前沿、学术写作；样例：库内未命中该层次开设样例,温州职业技术学院、湖南铁道职业技术学院,区域重点/特色优势：核心课保持完整，通常叠加地方产业、行业场景、实验项目和专业方向模块；样例：温州职业技术学院、湖南铁道职业技术学院,湖南电气职业技术学院、大连装备制造职业技术学院,普通应用/职业供给：更强调岗位技能、项目实训、证书衔接、综合实践，课程呈现更实训化、工具化；样例：湖南电气职业技术学院、大连装备制造职业技术学院
460204,新能源装备技术,专科(高职),,三年,装备制造大类,机电设备类,机械制图、机械基础、电工电子技术、液压与气动、PLC应用、设备安装与维护、数控技术、综合实训,category_template,rysxai课程文本未抽出课程名,库内未命中,头部/强研究型：核心课不一定换名称，但会加深数学/理论和研究训练，重点看理论深度、科研训练、交叉前沿、学术写作；样例：库内未命中该层次开设样例,顺德职业技术大学、东营职业学院、云南能源职业技术学院、吉林工业职业技术学院、常州机电职业技术学院,区域重点/特色优势：核心课保持完整，通常叠加地方产业、行业场景、实验项目和专业方向模块；样例：顺德职业技术大学、东营职业学院、云南能源职业技术学院、吉林工业职业技术学院、常州机电职业技术学院,白城师范学院、宁夏工商职业技术大学、酒泉职业技术大学、呼和浩特职业技术大学、安徽职业技术大学,普通应用/职业供给：更强调岗位技能、项目实训、证书衔接、综合实践，课程呈现更实训化、工具化；样例：白城师范学院、宁夏工商职业技术大学、酒泉职业技术大学、呼和浩特职业技术大学、安徽职业技术大学
460205,制冷与空调技术,专科(高职),,三年,装备制造大类,机电设备类,机械制图、机械基础、电工电子技术、液压与气动、PLC应用、设备安装与维护、数控技术、综合实训,category_template,rysxai课程文本未抽出课程名,库内未命中,头部/强研究型：核心课不一定换名称，但会加深数学/理论和研究训练，重点看理论深度、科研训练、交叉前沿、学术写作；样例：库内未命中该层次开设样例,广东轻工职业技术大学、顺德职业技术大学、天津海运职业学院、山东商业职业技术学院、江苏经贸职业技术学院,区域重点/特色优势：核心课保持完整，通常叠加地方产业、行业场景、实验项目和专业方向模块；样例：广东轻工职业技术大学、顺德职业技术大学、天津海运职业学院、山东商业职业技术学院、江苏经贸职业技术学院,郑州经贸学院、漯河食品工程职业大学、山东华宇工学院、北海职业学院、厦门海洋职业技术学院,普通应用/职业供给：更强调岗位技能、项目实训、证书衔接、综合实践，课程呈现更实训化、工具化；样例：郑州经贸学院、漯河食品工程职业大学、山东华宇工学院、北海职业学院、厦门海洋职业技术学院
460206,电梯工程技术,专科(高职),,三年,装备制造大类,机电设备类,机械制图、机械基础、电工电子技术、液压与气动、PLC应用、设备安装与维护、数控技术、综合实训,category_template,rysxai课程文本未抽出课程名,内蒙古大学,头部/强研究型：核心课不一定换名称，但会加深数学/理论和研究训练，重点看理论深度、科研训练、交叉前沿、学术写作；样例：内蒙古大学,天津海运职业学院、山西机电职业技术学院、江西外语外贸职业学院、济南职业学院、潍坊职业学院,区域重点/特色优势：核心课保持完整，通常叠加地方产业、行业场景、实验项目和专业方向模块；样例：天津海运职业学院、山西机电职业技术学院、江西外语外贸职业学院、济南职业学院、潍坊职业学院,苏州职业技术大学、杭州职业技术大学、新疆交通职业技术大学、甘肃工业职业技术大学、山西工程科技职业大学,普通应用/职业供给：更强调岗位技能、项目实训、证书衔接、综合实践，课程呈现更实训化、工具化；样例：苏州职业技术大学、杭州职业技术大学、新疆交通职业技术大学、甘肃工业职业技术大学、山西工程科技职业大学
460207,低空飞行器装备技术,专科(高职),,三年,装备制造大类,机电设备类,机械制图、机械基础、电工电子技术、液压与气动、PLC应用、设备安装与维护、数控技术、综合实训,category_template,未匹配rysxai课程文本,库内未命中,头部/强研究型：核心课不一定换名称，但会加深数学/理论和研究训练，重点看理论深度、科研训练、交叉前沿、学术写作；样例：库内未命中该层次开设样例,库内未命中,区域重点/特色优势：核心课保持完整，通常叠加地方产业、行业场景、实验项目和专业方向模块；样例：库内未命中该层次开设样例,长沙南方职业学院,普通应用/职业供给：更强调岗位技能、项目实训、证书衔接、综合实践，课程呈现更实训化、工具化；样例：长沙南方职业学院
460208,机床智能化应用技术,专科(高职),,三年,装备制造大类,机电设备类,机械制图、机械基础、电工电子技术、液压与气动、PLC应用、设备安装与维护、数控技术、综合实训,category_template,未匹配rysxai课程文本,库内未命中,头部/强研究型：核心课不一定换名称，但会加深数学/理论和研究训练，重点看理论深度、科研训练、交叉前沿、学术写作；样例：库内未命中该层次开设样例,库内未命中,区域重点/特色优势：核心课保持完整，通常叠加地方产业、行业场景、实验项目和专业方向模块；样例：库内未命中该层次开设样例,库内未命中,普通应用/职业供给：更强调岗位技能、项目实训、证书衔接、综合实践，课程呈现更实训化、工具化；样例：库内未命中该层次开设样例
460301,机电一体化技术,专科(高职),,三年,装备制造大类,自动化类,机械制图、机械基础、电工电子技术、液压与气动、PLC控制技术、传感器技术、工业机器人应用、综合实训,category_template,rysxai课程文本未抽出课程名,内蒙古大学,头部/强研究型：核心课不一定换名称，但会加深数学/理论和研究训练，重点看理论深度、科研训练、交叉前沿、学术写作；样例：内蒙古大学,深圳职业技术大学、河南理工大学、上海工程技术大学、桂林理工大学、上海第二工业大学,区域重点/特色优势：核心课保持完整，通常叠加地方产业、行业场景、实验项目和专业方向模块；样例：深圳职业技术大学、河南理工大学、上海工程技术大学、桂林理工大学、上海第二工业大学,浙江水利水电学院、吉林农业科技学院、河南工学院、菏泽学院、北京科技职业大学,普通应用/职业供给：更强调岗位技能、项目实训、证书衔接、综合实践，课程呈现更实训化、工具化；样例：浙江水利水电学院、吉林农业科技学院、河南工学院、菏泽学院、北京科技职业大学
460302,智能机电技术,专科(高职),,三年,装备制造大类,自动化类,电路、模拟电子技术、数字电子技术、自动控制原理、现代控制理论、过程控制、运动控制、PLC与工业控制,category_template,rysxai课程文本未抽出课程名,库内未命中,头部/强研究型：核心课不一定换名称，但会加深数学/理论和研究训练，重点看理论深度、科研训练、交叉前沿、学术写作；样例：库内未命中该层次开设样例,北京经济管理职业学院、南京铁道职业技术学院、山东科技职业学院、山西工程职业学院、广西交通职业技术学院,区域重点/特色优势：核心课保持完整，通常叠加地方产业、行业场景、实验项目和专业方向模块；样例：北京经济管理职业学院、南京铁道职业技术学院、山东科技职业学院、山西工程职业学院、广西交通职业技术学院,杭州职业技术大学、青海职业技术大学、三峡大学科技学院、甘肃工业职业技术大学、山东外事职业大学,普通应用/职业供给：更强调岗位技能、项目实训、证书衔接、综合实践，课程呈现更实训化、工具化；样例：杭州职业技术大学、青海职业技术大学、三峡大学科技学院、甘肃工业职业技术大学、山东外事职业大学
460303,智能控制技术,专科(高职),,三年,装备制造大类,自动化类,电路、模拟电子技术、数字电子技术、自动控制原理、现代控制理论、过程控制、运动控制、PLC与工业控制,category_template,rysxai课程文本未抽出课程名,库内未命中,头部/强研究型：核心课不一定换名称，但会加深数学/理论和研究训练，重点看理论深度、科研训练、交叉前沿、学术写作；样例：库内未命中该层次开设样例,深圳职业技术大学、深圳信息职业技术大学、上海工程技术大学、上海杉达学院、江西软件职业技术大学,区域重点/特色优势：核心课保持完整，通常叠加地方产业、行业场景、实验项目和专业方向模块；样例：深圳职业技术大学、深圳信息职业技术大学、上海工程技术大学、上海杉达学院、江西软件职业技术大学,浙江机电职业技术大学、苏州职业技术大学、广西农业职业技术大学、湖南汽车工程职业大学、重庆电子科技职业大学,普通应用/职业供给：更强调岗位技能、项目实训、证书衔接、综合实践，课程呈现更实训化、工具化；样例：浙江机电职业技术大学、苏州职业技术大学、广西农业职业技术大学、湖南汽车工程职业大学、重庆电子科技职业大学
460304,智能机器人技术,专科(高职),,三年,装备制造大类,自动化类,电路、模拟电子技术、数字电子技术、自动控制原理、现代控制理论、过程控制、运动控制、PLC与工业控制,category_template,rysxai课程文本未抽出课程名,库内未命中,头部/强研究型：核心课不一定换名称，但会加深数学/理论和研究训练，重点看理论深度、科研训练、交叉前沿、学术写作；样例：库内未命中该层次开设样例,深圳信息职业技术大学、上海电子信息职业技术学院、山东商业职业技术学院、山西机电职业技术学院、常州机电职业技术学院,区域重点/特色优势：核心课保持完整，通常叠加地方产业、行业场景、实验项目和专业方向模块；样例：深圳信息职业技术大学、上海电子信息职业技术学院、山东商业职业技术学院、山西机电职业技术学院、常州机电职业技术学院,苏州职业技术大学、重庆电子科技职业大学、长春汽车职业技术大学、潍坊理工学院、西安工商学院,普通应用/职业供给：更强调岗位技能、项目实训、证书衔接、综合实践，课程呈现更实训化、工具化；样例：苏州职业技术大学、重庆电子科技职业大学、长春汽车职业技术大学、潍坊理工学院、西安工商学院
460305,工业机器人技术,专科(高职),,三年,装备制造大类,自动化类,电路、模拟电子技术、数字电子技术、自动控制原理、现代控制理论、过程控制、运动控制、PLC与工业控制,category_template,rysxai课程文本未抽出课程名,库内未命中,头部/强研究型：核心课不一定换名称，但会加深数学/理论和研究训练，重点看理论深度、科研训练、交叉前沿、学术写作；样例：库内未命中该层次开设样例,深圳职业技术大学、深圳信息职业技术大学、桂林理工大学、上海电机学院、广东轻工职业技术大学,区域重点/特色优势：核心课保持完整，通常叠加地方产业、行业场景、实验项目和专业方向模块；样例：深圳职业技术大学、深圳信息职业技术大学、桂林理工大学、上海电机学院、广东轻工职业技术大学,浙江机电职业技术大学、武汉职业技术大学、柳州职业技术大学、金华职业技术大学、苏州职业技术大学,普通应用/职业供给：更强调岗位技能、项目实训、证书衔接、综合实践，课程呈现更实训化、工具化；样例：浙江机电职业技术大学、武汉职业技术大学、柳州职业技术大学、金华职业技术大学、苏州职业技术大学
460306,电气自动化技术,专科(高职),,三年,装备制造大类,自动化类,电路、模拟电子技术、数字电子技术、自动控制原理、现代控制理论、过程控制、运动控制、PLC与工业控制,category_template,rysxai课程文本未抽出课程名,库内未命中,头部/强研究型：核心课不一定换名称，但会加深数学/理论和研究训练，重点看理论深度、科研训练、交叉前沿、学术写作；样例：库内未命中该层次开设样例,深圳职业技术大学、东华理工大学、上海工程技术大学、桂林理工大学、华北理工大学,区域重点/特色优势：核心课保持完整，通常叠加地方产业、行业场景、实验项目和专业方向模块；样例：深圳职业技术大学、东华理工大学、上海工程技术大学、桂林理工大学、华北理工大学,洛阳理工学院、山东管理学院、山东农业工程学院、荆楚理工学院、菏泽学院,普通应用/职业供给：更强调岗位技能、项目实训、证书衔接、综合实践，课程呈现更实训化、工具化；样例：洛阳理工学院、山东管理学院、山东农业工程学院、荆楚理工学院、菏泽学院
460307,工业过程自动化技术,专科(高职),,三年,装备制造大类,自动化类,电路、模拟电子技术、数字电子技术、自动控制原理、现代控制理论、过程控制、运动控制、PLC与工业控制,category_template,rysxai课程文本未抽出课程名,库内未命中,头部/强研究型：核心课不一定换名称，但会加深数学/理论和研究训练，重点看理论深度、科研训练、交叉前沿、学术写作；样例：库内未命中该层次开设样例,沈阳工程学院、河北化工医药职业技术学院、济南职业学院、湖南化工职业技术学院、西安航空职业技术学院,区域重点/特色优势：核心课保持完整，通常叠加地方产业、行业场景、实验项目和专业方向模块；样例：沈阳工程学院、河北化工医药职业技术学院、济南职业学院、湖南化工职业技术学院、西安航空职业技术学院,无锡职业技术大学、兰州石化职业技术大学、兰州资源环境职业技术大学、南京科技职业学院、四川化工职业技术学院,普通应用/职业供给：更强调岗位技能、项目实训、证书衔接、综合实践，课程呈现更实训化、工具化；样例：无锡职业技术大学、兰州石化职业技术大学、兰州资源环境职业技术大学、南京科技职业学院、四川化工职业技术学院
460308,工业自动化仪表技术,专科(高职),,三年,装备制造大类,自动化类,电路、模拟电子技术、数字电子技术、自动控制原理、现代控制理论、过程控制、运动控制、PLC与工业控制,category_template,rysxai课程文本未抽出课程名,库内未命中,头部/强研究型：核心课不一定换名称，但会加深数学/理论和研究训练，重点看理论深度、科研训练、交叉前沿、学术写作；样例：库内未命中该层次开设样例,辽宁机电职业技术学院,区域重点/特色优势：核心课保持完整，通常叠加地方产业、行业场景、实验项目和专业方向模块；样例：辽宁机电职业技术学院,兰州石化职业技术大学、山东化工职业学院、昌吉职业技术学院、潞安职业技术学院、神木职业技术学院,普通应用/职业供给：更强调岗位技能、项目实训、证书衔接、综合实践，课程呈现更实训化、工具化；样例：兰州石化职业技术大学、山东化工职业学院、昌吉职业技术学院、潞安职业技术学院、神木职业技术学院
460309,液压与气动技术,专科(高职),,三年,装备制造大类,自动化类,电路、模拟电子技术、数字电子技术、自动控制原理、现代控制理论、过程控制、运动控制、PLC与工业控制,category_template,rysxai课程文本未抽出课程名,库内未命中,头部/强研究型：核心课不一定换名称，但会加深数学/理论和研究训练，重点看理论深度、科研训练、交叉前沿、学术写作；样例：库内未命中该层次开设样例,西安航空学院、西安航空职业技术学院,区域重点/特色优势：核心课保持完整，通常叠加地方产业、行业场景、实验项目和专业方向模块；样例：西安航空学院、西安航空职业技术学院,辽宁冶金职业技术学院、唐山海运职业学院,普通应用/职业供给：更强调岗位技能、项目实训、证书衔接、综合实践，课程呈现更实训化、工具化；样例：辽宁冶金职业技术学院、唐山海运职业学院
460310,工业互联网应用,专科(高职),,三年,装备制造大类,自动化类,电路、模拟电子技术、数字电子技术、自动控制原理、现代控制理论、过程控制、运动控制、PLC与工业控制,category_template,rysxai课程文本未抽出课程名,库内未命中,头部/强研究型：核心课不一定换名称，但会加深数学/理论和研究训练，重点看理论深度、科研训练、交叉前沿、学术写作；样例：库内未命中该层次开设样例,云南交通职业技术学院、云南机电职业技术学院、内蒙古机电职业技术学院、北京工业职业技术学院、南京信息职业技术学院,区域重点/特色优势：核心课保持完整，通常叠加地方产业、行业场景、实验项目和专业方向模块；样例：云南交通职业技术学院、云南机电职业技术学院、内蒙古机电职业技术学院、北京工业职业技术学院、南京信息职业技术学院,北京科技职业大学、柳州职业技术大学、宁波职业技术大学、三门峡社会管理职业学院、上海现代化工职业学院,普通应用/职业供给：更强调岗位技能、项目实训、证书衔接、综合实践，课程呈现更实训化、工具化；样例：北京科技职业大学、柳州职业技术大学、宁波职业技术大学、三门峡社会管理职业学院、上海现代化工职业学院
460311,计量测试与应用技术,专科(高职),,三年,装备制造大类,自动化类,电路、模拟电子技术、数字电子技术、自动控制原理、现代控制理论、过程控制、运动控制、PLC与工业控制,category_template,rysxai课程文本未抽出课程名,库内未命中,头部/强研究型：核心课不一定换名称，但会加深数学/理论和研究训练，重点看理论深度、科研训练、交叉前沿、学术写作；样例：库内未命中该层次开设样例,库内未命中,区域重点/特色优势：核心课保持完整，通常叠加地方产业、行业场景、实验项目和专业方向模块；样例：库内未命中该层次开设样例,杭州职业技术大学,普通应用/职业供给：更强调岗位技能、项目实训、证书衔接、综合实践，课程呈现更实训化、工具化；样例：杭州职业技术大学
460312,具身智能机器人技术,专科(高职),,三年,装备制造大类,自动化类,电路、模拟电子技术、数字电子技术、自动控制原理、现代控制理论、过程控制、运动控制、PLC与工业控制,category_template,未匹配rysxai课程文本,库内未命中,头部/强研究型：核心课不一定换名称，但会加深数学/理论和研究训练，重点看理论深度、科研训练、交叉前沿、学术写作；样例：库内未命中该层次开设样例,库内未命中,区域重点/特色优势：核心课保持完整，通常叠加地方产业、行业场景、实验项目和专业方向模块；样例：库内未命中该层次开设样例,常州工业职业技术学院、湖南都市职业学院,普通应用/职业供给：更强调岗位技能、项目实训、证书衔接、综合实践，课程呈现更实训化、工具化；样例：常州工业职业技术学院、湖南都市职业学院
460401,铁道机车车辆制造与维护,专科(高职),,三年,装备制造大类,轨道装备类,专业导论、岗位基础技能、专业核心技术、设备/软件操作、项目实训、职业规范、综合实训、顶岗实习,category_template,rysxai课程文本未抽出课程名,库内未命中,头部/强研究型：核心课不一定换名称，但会加深数学/理论和研究训练，重点看理论深度、科研训练、交叉前沿、学术写作；样例：库内未命中该层次开设样例,吉林铁道职业技术大学、武汉铁路职业技术学院、湖南铁道职业技术学院、辽宁轨道交通职业学院,区域重点/特色优势：核心课保持完整，通常叠加地方产业、行业场景、实验项目和专业方向模块；样例：吉林铁道职业技术大学、武汉铁路职业技术学院、湖南铁道职业技术学院、辽宁轨道交通职业学院,陕西服装工程学院、四川铁道职业学院、昆明铁道职业技术学院、柳州铁道职业技术学院、河北轨道运输职业技术学院,普通应用/职业供给：更强调岗位技能、项目实训、证书衔接、综合实践，课程呈现更实训化、工具化；样例：陕西服装工程学院、四川铁道职业学院、昆明铁道职业技术学院、柳州铁道职业技术学院、河北轨道运输职业技术学院
460402,高速铁路动车组制造与维护,专科(高职),,三年,装备制造大类,轨道装备类,专业导论、岗位基础技能、专业核心技术、设备/软件操作、项目实训、职业规范、综合实训、顶岗实习,category_template,rysxai课程文本未抽出课程名,库内未命中,头部/强研究型：核心课不一定换名称，但会加深数学/理论和研究训练，重点看理论深度、科研训练、交叉前沿、学术写作；样例：库内未命中该层次开设样例,吉林铁道职业技术大学、辽宁轨道交通职业学院,区域重点/特色优势：核心课保持完整，通常叠加地方产业、行业场景、实验项目和专业方向模块；样例：吉林铁道职业技术大学、辽宁轨道交通职业学院,天津铁道职业技术学院、河北轨道运输职业技术学院、山东文化产业职业学院,普通应用/职业供给：更强调岗位技能、项目实训、证书衔接、综合实践，课程呈现更实训化、工具化；样例：天津铁道职业技术学院、河北轨道运输职业技术学院、山东文化产业职业学院
460403,城市轨道交通车辆制造与维护,专科(高职),,三年,装备制造大类,轨道装备类,专业导论、岗位基础技能、专业核心技术、设备/软件操作、项目实训、职业规范、综合实训、顶岗实习,category_template,rysxai课程文本未抽出课程名,库内未命中,头部/强研究型：核心课不一定换名称，但会加深数学/理论和研究训练，重点看理论深度、科研训练、交叉前沿、学术写作；样例：库内未命中该层次开设样例,吉林铁道职业技术大学、南京铁道职业技术学院、河南交通职业技术学院、辽宁轨道交通职业学院,区域重点/特色优势：核心课保持完整，通常叠加地方产业、行业场景、实验项目和专业方向模块；样例：吉林铁道职业技术大学、南京铁道职业技术学院、河南交通职业技术学院、辽宁轨道交通职业学院,西安汽车职业大学、四川铁道职业学院、天津铁道职业技术学院、湖北铁道运输职业学院、辽宁铁道职业技术学院,普通应用/职业供给：更强调岗位技能、项目实训、证书衔接、综合实践，课程呈现更实训化、工具化；样例：西安汽车职业大学、四川铁道职业学院、天津铁道职业技术学院、湖北铁道运输职业学院、辽宁铁道职业技术学院
460404,轨道交通通信信号设备制造与维护,专科(高职),,三年,装备制造大类,轨道装备类,专业导论、岗位基础技能、专业核心技术、设备/软件操作、项目实训、职业规范、综合实训、顶岗实习,category_template,rysxai课程文本未抽出课程名,库内未命中,头部/强研究型：核心课不一定换名称，但会加深数学/理论和研究训练，重点看理论深度、科研训练、交叉前沿、学术写作；样例：库内未命中该层次开设样例,吉林铁道职业技术大学、南京铁道职业技术学院、武汉铁路职业技术学院、辽宁轨道交通职业学院,区域重点/特色优势：核心课保持完整，通常叠加地方产业、行业场景、实验项目和专业方向模块；样例：吉林铁道职业技术大学、南京铁道职业技术学院、武汉铁路职业技术学院、辽宁轨道交通职业学院,西安铁路职业技术学院,普通应用/职业供给：更强调岗位技能、项目实训、证书衔接、综合实践，课程呈现更实训化、工具化；样例：西安铁路职业技术学院
460405,轨道交通工程机械制造与维护,专科(高职),,三年,装备制造大类,轨道装备类,专业导论、岗位基础技能、专业核心技术、设备/软件操作、项目实训、职业规范、综合实训、顶岗实习,category_template,rysxai课程文本未抽出课程名,库内未命中,头部/强研究型：核心课不一定换名称，但会加深数学/理论和研究训练，重点看理论深度、科研训练、交叉前沿、学术写作；样例：库内未命中该层次开设样例,辽宁轨道交通职业学院,区域重点/特色优势：核心课保持完整，通常叠加地方产业、行业场景、实验项目和专业方向模块；样例：辽宁轨道交通职业学院,广东交通职业技术学院、西安铁路职业技术学院、德阳城市轨道交通职业学院,普通应用/职业供给：更强调岗位技能、项目实训、证书衔接、综合实践，课程呈现更实训化、工具化；样例：广东交通职业技术学院、西安铁路职业技术学院、德阳城市轨道交通职业学院
460501,船舶工程技术,专科(高职),,三年,装备制造大类,船舶与海洋工程装备类,专业导论、岗位基础技能、专业核心技术、设备/软件操作、项目实训、职业规范、综合实训、顶岗实习,category_template,rysxai课程文本未抽出课程名,库内未命中,头部/强研究型：核心课不一定换名称，但会加深数学/理论和研究训练，重点看理论深度、科研训练、交叉前沿、学术写作；样例：库内未命中该层次开设样例,上海杉达学院、威海职业学院、广西交通职业技术学院、武汉交通职业学院、武汉船舶职业技术学院,区域重点/特色优势：核心课保持完整，通常叠加地方产业、行业场景、实验项目和专业方向模块；样例：上海杉达学院、威海职业学院、广西交通职业技术学院、武汉交通职业学院、武汉船舶职业技术学院,湖南汽车工程职业大学、江西职业技术大学、威海海洋职业学院、武汉航海职业技术学院、江苏联合职业技术学院,普通应用/职业供给：更强调岗位技能、项目实训、证书衔接、综合实践，课程呈现更实训化、工具化；样例：湖南汽车工程职业大学、江西职业技术大学、威海海洋职业学院、武汉航海职业技术学院、江苏联合职业技术学院
460502,船舶动力工程技术,专科(高职),,三年,装备制造大类,船舶与海洋工程装备类,专业导论、岗位基础技能、专业核心技术、设备/软件操作、项目实训、职业规范、综合实训、顶岗实习,category_template,rysxai课程文本未抽出课程名,库内未命中,头部/强研究型：核心课不一定换名称，但会加深数学/理论和研究训练，重点看理论深度、科研训练、交叉前沿、学术写作；样例：库内未命中该层次开设样例,天津海运职业学院、威海职业学院、武汉交通职业学院、武汉船舶职业技术学院、江苏海事职业技术学院,区域重点/特色优势：核心课保持完整，通常叠加地方产业、行业场景、实验项目和专业方向模块；样例：天津海运职业学院、威海职业学院、武汉交通职业学院、武汉船舶职业技术学院、江苏海事职业技术学院,江西职业技术大学、渤海船舶职业学院、珠海城市职业技术学院、大连航运职业技术学院,普通应用/职业供给：更强调岗位技能、项目实训、证书衔接、综合实践，课程呈现更实训化、工具化；样例：江西职业技术大学、渤海船舶职业学院、珠海城市职业技术学院、大连航运职业技术学院
460503,船舶电气工程技术,专科(高职),,三年,装备制造大类,船舶与海洋工程装备类,专业导论、岗位基础技能、专业核心技术、设备/软件操作、项目实训、职业规范、综合实训、顶岗实习,category_template,rysxai课程文本未抽出课程名,库内未命中,头部/强研究型：核心课不一定换名称，但会加深数学/理论和研究训练，重点看理论深度、科研训练、交叉前沿、学术写作；样例：库内未命中该层次开设样例,武汉交通职业学院、武汉船舶职业技术学院、青岛港湾职业技术学院,区域重点/特色优势：核心课保持完整，通常叠加地方产业、行业场景、实验项目和专业方向模块；样例：武汉交通职业学院、武汉船舶职业技术学院、青岛港湾职业技术学院,江西职业技术大学、安徽国防科技职业学院、广东交通职业技术学院、浙江国际海运职业技术学院、渤海船舶职业学院,普通应用/职业供给：更强调岗位技能、项目实训、证书衔接、综合实践，课程呈现更实训化、工具化；样例：江西职业技术大学、安徽国防科技职业学院、广东交通职业技术学院、浙江国际海运职业技术学院、渤海船舶职业学院
460504,船舶智能焊接技术,专科(高职),,三年,装备制造大类,船舶与海洋工程装备类,专业导论、岗位基础技能、专业核心技术、设备/软件操作、项目实训、职业规范、综合实训、顶岗实习,category_template,rysxai课程文本未抽出课程名,库内未命中,头部/强研究型：核心课不一定换名称，但会加深数学/理论和研究训练，重点看理论深度、科研训练、交叉前沿、学术写作；样例：库内未命中该层次开设样例,武汉船舶职业技术学院,区域重点/特色优势：核心课保持完整，通常叠加地方产业、行业场景、实验项目和专业方向模块；样例：武汉船舶职业技术学院,渤海船舶职业学院,普通应用/职业供给：更强调岗位技能、项目实训、证书衔接、综合实践，课程呈现更实训化、工具化；样例：渤海船舶职业学院
460505,船舶舾装工程技术,专科(高职),,三年,装备制造大类,船舶与海洋工程装备类,专业导论、岗位基础技能、专业核心技术、设备/软件操作、项目实训、职业规范、综合实训、顶岗实习,category_template,rysxai课程文本未抽出课程名,库内未命中,头部/强研究型：核心课不一定换名称，但会加深数学/理论和研究训练，重点看理论深度、科研训练、交叉前沿、学术写作；样例：库内未命中该层次开设样例,武汉船舶职业技术学院,区域重点/特色优势：核心课保持完整，通常叠加地方产业、行业场景、实验项目和专业方向模块；样例：武汉船舶职业技术学院,渤海船舶职业学院,普通应用/职业供给：更强调岗位技能、项目实训、证书衔接、综合实践，课程呈现更实训化、工具化；样例：渤海船舶职业学院
460506,船舶涂装工程技术,专科(高职),,三年,装备制造大类,船舶与海洋工程装备类,专业导论、岗位基础技能、专业核心技术、设备/软件操作、项目实训、职业规范、综合实训、顶岗实习,category_template,rysxai课程文本未抽出课程名,库内未命中,头部/强研究型：核心课不一定换名称，但会加深数学/理论和研究训练，重点看理论深度、科研训练、交叉前沿、学术写作；样例：库内未命中该层次开设样例,库内未命中,区域重点/特色优势：核心课保持完整，通常叠加地方产业、行业场景、实验项目和专业方向模块；样例：库内未命中该层次开设样例,渤海船舶职业学院,普通应用/职业供给：更强调岗位技能、项目实训、证书衔接、综合实践，课程呈现更实训化、工具化；样例：渤海船舶职业学院
460507,船舶通信装备技术,专科(高职),,三年,装备制造大类,船舶与海洋工程装备类,专业导论、岗位基础技能、专业核心技术、设备/软件操作、项目实训、职业规范、综合实训、顶岗实习,category_template,rysxai课程文本未抽出课程名,库内未命中,头部/强研究型：核心课不一定换名称，但会加深数学/理论和研究训练，重点看理论深度、科研训练、交叉前沿、学术写作；样例：库内未命中该层次开设样例,天津海运职业学院,区域重点/特色优势：核心课保持完整，通常叠加地方产业、行业场景、实验项目和专业方向模块；样例：天津海运职业学院,渤海船舶职业学院,普通应用/职业供给：更强调岗位技能、项目实训、证书衔接、综合实践，课程呈现更实训化、工具化；样例：渤海船舶职业学院
460508,游艇设计与制造,专科(高职),,三年,装备制造大类,船舶与海洋工程装备类,专业导论、岗位基础技能、专业核心技术、设备/软件操作、项目实训、职业规范、综合实训、顶岗实习,category_template,rysxai课程文本未抽出课程名,库内未命中,头部/强研究型：核心课不一定换名称，但会加深数学/理论和研究训练，重点看理论深度、科研训练、交叉前沿、学术写作；样例：库内未命中该层次开设样例,天津海运职业学院、武汉船舶职业技术学院,区域重点/特色优势：核心课保持完整，通常叠加地方产业、行业场景、实验项目和专业方向模块；样例：天津海运职业学院、武汉船舶职业技术学院,渤海船舶职业学院、珠海城市职业技术学院、益阳职业技术学院、泉州海洋职业学院,普通应用/职业供给：更强调岗位技能、项目实训、证书衔接、综合实践，课程呈现更实训化、工具化；样例：渤海船舶职业学院、珠海城市职业技术学院、益阳职业技术学院、泉州海洋职业学院
460509,邮轮内装技术,专科(高职),,三年,装备制造大类,船舶与海洋工程装备类,专业导论、岗位基础技能、专业核心技术、设备/软件操作、项目实训、职业规范、综合实训、顶岗实习,category_template,rysxai课程文本未抽出课程名,库内未命中,头部/强研究型：核心课不一定换名称，但会加深数学/理论和研究训练，重点看理论深度、科研训练、交叉前沿、学术写作；样例：库内未命中该层次开设样例,江苏海事职业技术学院,区域重点/特色优势：核心课保持完整，通常叠加地方产业、行业场景、实验项目和专业方向模块；样例：江苏海事职业技术学院,渤海船舶职业学院,普通应用/职业供给：更强调岗位技能、项目实训、证书衔接、综合实践，课程呈现更实训化、工具化；样例：渤海船舶职业学院
460510,海洋工程装备技术,专科(高职),,三年,装备制造大类,船舶与海洋工程装备类,专业导论、岗位基础技能、专业核心技术、设备/软件操作、项目实训、职业规范、综合实训、顶岗实习,category_template,rysxai课程文本未抽出课程名,库内未命中,头部/强研究型：核心课不一定换名称，但会加深数学/理论和研究训练，重点看理论深度、科研训练、交叉前沿、学术写作；样例：库内未命中该层次开设样例,天津海运职业学院、武汉船舶职业技术学院、江苏海事职业技术学院、江苏航运职业技术学院、烟台职业学院,区域重点/特色优势：核心课保持完整，通常叠加地方产业、行业场景、实验项目和专业方向模块；样例：天津海运职业学院、武汉船舶职业技术学院、江苏海事职业技术学院、江苏航运职业技术学院、烟台职业学院,烟台科技学院、厦门海洋职业技术学院、日照职业技术大学、渤海船舶职业学院、滨州职业技术大学,普通应用/职业供给：更强调岗位技能、项目实训、证书衔接、综合实践，课程呈现更实训化、工具化；样例：烟台科技学院、厦门海洋职业技术学院、日照职业技术大学、渤海船舶职业学院、滨州职业技术大学
460511,海洋电力工程技术,专科(高职),,三年,装备制造大类,船舶与海洋工程装备类,专业导论、岗位基础技能、专业核心技术、设备/软件操作、项目实训、职业规范、综合实训、顶岗实习,category_template,未匹配rysxai课程文本,库内未命中,头部/强研究型：核心课不一定换名称，但会加深数学/理论和研究训练，重点看理论深度、科研训练、交叉前沿、学术写作；样例：库内未命中该层次开设样例,库内未命中,区域重点/特色优势：核心课保持完整，通常叠加地方产业、行业场景、实验项目和专业方向模块；样例：库内未命中该层次开设样例,库内未命中,普通应用/职业供给：更强调岗位技能、项目实训、证书衔接、综合实践，课程呈现更实训化、工具化；样例：库内未命中该层次开设样例
460512,无人艇应用技术,专科(高职),,,装备制造大类,船舶与海洋工程装备类,专业导论、岗位基础技能、专业核心技术、设备/软件操作、项目实训、职业规范、综合实训、顶岗实习,category_template,未匹配rysxai课程文本,库内未命中,头部/强研究型：核心课不一定换名称，但会加深数学/理论和研究训练，重点看理论深度、科研训练、交叉前沿、学术写作；样例：库内未命中该层次开设样例,库内未命中,区域重点/特色优势：核心课保持完整，通常叠加地方产业、行业场景、实验项目和专业方向模块；样例：库内未命中该层次开设样例,库内未命中,普通应用/职业供给：更强调岗位技能、项目实训、证书衔接、综合实践，课程呈现更实训化、工具化；样例：库内未命中该层次开设样例
460513,新能源船舶技术,专科(高职),,,装备制造大类,船舶与海洋工程装备类,专业导论、岗位基础技能、专业核心技术、设备/软件操作、项目实训、职业规范、综合实训、顶岗实习,category_template,未匹配rysxai课程文本,库内未命中,头部/强研究型：核心课不一定换名称，但会加深数学/理论和研究训练，重点看理论深度、科研训练、交叉前沿、学术写作；样例：库内未命中该层次开设样例,库内未命中,区域重点/特色优势：核心课保持完整，通常叠加地方产业、行业场景、实验项目和专业方向模块；样例：库内未命中该层次开设样例,库内未命中,普通应用/职业供给：更强调岗位技能、项目实训、证书衔接、综合实践，课程呈现更实训化、工具化；样例：库内未命中该层次开设样例
460601,飞行器数字化制造技术,专科(高职),,三年,装备制造大类,航空装备类,专业导论、岗位基础技能、专业核心技术、设备/软件操作、项目实训、职业规范、综合实训、顶岗实习,category_template,rysxai课程文本未抽出课程名,库内未命中,头部/强研究型：核心课不一定换名称，但会加深数学/理论和研究训练，重点看理论深度、科研训练、交叉前沿、学术写作；样例：库内未命中该层次开设样例,安徽机电职业技术学院、扬州工业职业技术学院、潍坊职业学院、西安航空职业技术学院、辽宁机电职业技术学院,区域重点/特色优势：核心课保持完整，通常叠加地方产业、行业场景、实验项目和专业方向模块；样例：安徽机电职业技术学院、扬州工业职业技术学院、潍坊职业学院、西安航空职业技术学院、辽宁机电职业技术学院,南京工业职业技术大学、江西飞行学院、四川工程职业技术大学、湖南汽车工程职业大学、江西职业技术大学,普通应用/职业供给：更强调岗位技能、项目实训、证书衔接、综合实践，课程呈现更实训化、工具化；样例：南京工业职业技术大学、江西飞行学院、四川工程职业技术大学、湖南汽车工程职业大学、江西职业技术大学
460602,飞行器数字化装配技术,专科(高职),,三年,装备制造大类,航空装备类,专业导论、岗位基础技能、专业核心技术、设备/软件操作、项目实训、职业规范、综合实训、顶岗实习,category_template,rysxai课程文本未抽出课程名,库内未命中,头部/强研究型：核心课不一定换名称，但会加深数学/理论和研究训练，重点看理论深度、科研训练、交叉前沿、学术写作；样例：库内未命中该层次开设样例,库内未命中,区域重点/特色优势：核心课保持完整，通常叠加地方产业、行业场景、实验项目和专业方向模块；样例：库内未命中该层次开设样例,成都航空职业技术大学、张家界航空工业职业技术学院、江苏航空职业技术学院、陕西航空职业技术学院,普通应用/职业供给：更强调岗位技能、项目实训、证书衔接、综合实践，课程呈现更实训化、工具化；样例：成都航空职业技术大学、张家界航空工业职业技术学院、江苏航空职业技术学院、陕西航空职业技术学院
460603,航空发动机制造技术,专科(高职),,三年,装备制造大类,航空装备类,专业导论、岗位基础技能、专业核心技术、设备/软件操作、项目实训、职业规范、综合实训、顶岗实习,category_template,rysxai课程文本未抽出课程名,库内未命中,头部/强研究型：核心课不一定换名称，但会加深数学/理论和研究训练，重点看理论深度、科研训练、交叉前沿、学术写作；样例：库内未命中该层次开设样例,西安航空职业技术学院、长沙航空职业技术学院,区域重点/特色优势：核心课保持完整，通常叠加地方产业、行业场景、实验项目和专业方向模块；样例：西安航空职业技术学院、长沙航空职业技术学院,湖南汽车工程职业大学、扬州职业技术大学、天津机电职业技术学院、张家界航空工业职业技术学院、陕西航空职业技术学院,普通应用/职业供给：更强调岗位技能、项目实训、证书衔接、综合实践，课程呈现更实训化、工具化；样例：湖南汽车工程职业大学、扬州职业技术大学、天津机电职业技术学院、张家界航空工业职业技术学院、陕西航空职业技术学院
460604,航空发动机装配调试技术,专科(高职),,三年,装备制造大类,航空装备类,专业导论、岗位基础技能、专业核心技术、设备/软件操作、项目实训、职业规范、综合实训、顶岗实习,category_template,rysxai课程文本未抽出课程名,库内未命中,头部/强研究型：核心课不一定换名称，但会加深数学/理论和研究训练，重点看理论深度、科研训练、交叉前沿、学术写作；样例：库内未命中该层次开设样例,西安航空职业技术学院,区域重点/特色优势：核心课保持完整，通常叠加地方产业、行业场景、实验项目和专业方向模块；样例：西安航空职业技术学院,湖南汽车工程职业大学、成都航空职业技术大学、张家界航空工业职业技术学院,普通应用/职业供给：更强调岗位技能、项目实训、证书衔接、综合实践，课程呈现更实训化、工具化；样例：湖南汽车工程职业大学、成都航空职业技术大学、张家界航空工业职业技术学院
460605,飞机机载设备装配调试技术,专科(高职),,三年,装备制造大类,航空装备类,专业导论、岗位基础技能、专业核心技术、设备/软件操作、项目实训、职业规范、综合实训、顶岗实习,category_template,rysxai课程文本未抽出课程名,库内未命中,头部/强研究型：核心课不一定换名称，但会加深数学/理论和研究训练，重点看理论深度、科研训练、交叉前沿、学术写作；样例：库内未命中该层次开设样例,山东航空学院、云南机电职业技术学院,区域重点/特色优势：核心课保持完整，通常叠加地方产业、行业场景、实验项目和专业方向模块；样例：山东航空学院、云南机电职业技术学院,江西职业技术大学、天津机电职业技术学院、江苏航空职业技术学院、贵州航空职业技术学院、陕西航空职业技术学院,普通应用/职业供给：更强调岗位技能、项目实训、证书衔接、综合实践，课程呈现更实训化、工具化；样例：江西职业技术大学、天津机电职业技术学院、江苏航空职业技术学院、贵州航空职业技术学院、陕西航空职业技术学院
460606,航空装备表面处理技术,专科(高职),,三年,装备制造大类,航空装备类,专业导论、岗位基础技能、专业核心技术、设备/软件操作、项目实训、职业规范、综合实训、顶岗实习,category_template,rysxai课程文本未抽出课程名,库内未命中,头部/强研究型：核心课不一定换名称，但会加深数学/理论和研究训练，重点看理论深度、科研训练、交叉前沿、学术写作；样例：库内未命中该层次开设样例,库内未命中,区域重点/特色优势：核心课保持完整，通常叠加地方产业、行业场景、实验项目和专业方向模块；样例：库内未命中该层次开设样例,成都航空职业技术大学、沧州航空职业学院,普通应用/职业供给：更强调岗位技能、项目实训、证书衔接、综合实践，课程呈现更实训化、工具化；样例：成都航空职业技术大学、沧州航空职业学院
460607,飞行器维修技术,专科(高职),,三年,装备制造大类,航空装备类,专业导论、岗位基础技能、专业核心技术、设备/软件操作、项目实训、职业规范、综合实训、顶岗实习,category_template,rysxai课程文本未抽出课程名,库内未命中,头部/强研究型：核心课不一定换名称，但会加深数学/理论和研究训练，重点看理论深度、科研训练、交叉前沿、学术写作；样例：库内未命中该层次开设样例,昌吉学院、云南交通职业技术学院、西安航空职业技术学院、长沙航空职业技术学院,区域重点/特色优势：核心课保持完整，通常叠加地方产业、行业场景、实验项目和专业方向模块；样例：昌吉学院、云南交通职业技术学院、西安航空职业技术学院、长沙航空职业技术学院,江西飞行学院、湖南汽车工程职业大学、重庆电子科技职业大学、新疆天山职业技术大学、湖北三峡航空学院,普通应用/职业供给：更强调岗位技能、项目实训、证书衔接、综合实践，课程呈现更实训化、工具化；样例：江西飞行学院、湖南汽车工程职业大学、重庆电子科技职业大学、新疆天山职业技术大学、湖北三峡航空学院
460608,航空发动机维修技术,专科(高职),,三年,装备制造大类,航空装备类,专业导论、岗位基础技能、专业核心技术、设备/软件操作、项目实训、职业规范、综合实训、顶岗实习,category_template,rysxai课程文本未抽出课程名,库内未命中,头部/强研究型：核心课不一定换名称，但会加深数学/理论和研究训练，重点看理论深度、科研训练、交叉前沿、学术写作；样例：库内未命中该层次开设样例,广州民航职业技术学院、西安航空职业技术学院、长沙航空职业技术学院,区域重点/特色优势：核心课保持完整，通常叠加地方产业、行业场景、实验项目和专业方向模块；样例：广州民航职业技术学院、西安航空职业技术学院、长沙航空职业技术学院,成都航空职业技术大学、江苏航空职业技术学院、三亚航空旅游职业学院、四川西南航空职业学院、曹妃甸职业技术学院,普通应用/职业供给：更强调岗位技能、项目实训、证书衔接、综合实践，课程呈现更实训化、工具化；样例：成都航空职业技术大学、江苏航空职业技术学院、三亚航空旅游职业学院、四川西南航空职业学院、曹妃甸职业技术学院
460609,无人机应用技术,专科(高职),,三年,装备制造大类,航空装备类,专业导论、岗位基础技能、专业核心技术、设备/软件操作、项目实训、职业规范、综合实训、顶岗实习,category_template,rysxai课程文本未抽出课程名,内蒙古大学,头部/强研究型：核心课不一定换名称，但会加深数学/理论和研究训练，重点看理论深度、科研训练、交叉前沿、学术写作；样例：内蒙古大学,深圳职业技术大学、深圳信息职业技术大学、河南科技学院、广东轻工职业技术大学、山东航空学院,区域重点/特色优势：核心课保持完整，通常叠加地方产业、行业场景、实验项目和专业方向模块；样例：深圳职业技术大学、深圳信息职业技术大学、河南科技学院、广东轻工职业技术大学、山东航空学院,汉江师范学院、黑龙江工业学院、北京科技职业大学、金华职业技术大学、苏州职业技术大学,普通应用/职业供给：更强调岗位技能、项目实训、证书衔接、综合实践，课程呈现更实训化、工具化；样例：汉江师范学院、黑龙江工业学院、北京科技职业大学、金华职业技术大学、苏州职业技术大学
460610,航空材料精密成型技术,专科(高职),,三年,装备制造大类,航空装备类,专业导论、岗位基础技能、专业核心技术、设备/软件操作、项目实训、职业规范、综合实训、顶岗实习,category_template,rysxai课程文本未抽出课程名,库内未命中,头部/强研究型：核心课不一定换名称，但会加深数学/理论和研究训练，重点看理论深度、科研训练、交叉前沿、学术写作；样例：库内未命中该层次开设样例,常州机电职业技术学院、西安航空职业技术学院,区域重点/特色优势：核心课保持完整，通常叠加地方产业、行业场景、实验项目和专业方向模块；样例：常州机电职业技术学院、西安航空职业技术学院,四川工程职业技术大学、湖南汽车工程职业大学、成都航空职业技术大学、江苏航空职业技术学院、贵州航空职业技术学院,普通应用/职业供给：更强调岗位技能、项目实训、证书衔接、综合实践，课程呈现更实训化、工具化；样例：四川工程职业技术大学、湖南汽车工程职业大学、成都航空职业技术大学、江苏航空职业技术学院、贵州航空职业技术学院
460611,导弹维修技术,专科(高职),,三年,装备制造大类,航空装备类,专业导论、岗位基础技能、专业核心技术、设备/软件操作、项目实训、职业规范、综合实训、顶岗实习,category_template,rysxai课程文本未抽出课程名,库内未命中,头部/强研究型：核心课不一定换名称，但会加深数学/理论和研究训练，重点看理论深度、科研训练、交叉前沿、学术写作；样例：库内未命中该层次开设样例,长沙航空职业技术学院,区域重点/特色优势：核心课保持完整，通常叠加地方产业、行业场景、实验项目和专业方向模块；样例：长沙航空职业技术学院,江西航空职业技术学院,普通应用/职业供给：更强调岗位技能、项目实训、证书衔接、综合实践，课程呈现更实训化、工具化；样例：江西航空职业技术学院
460612,航天装备精密制造技术,专科(高职),,三年,装备制造大类,航空装备类,课程设置包含三大模块、专业导论、岗位基础技能、专业核心技术、设备/软件操作、项目实训、职业规范、综合实训、顶岗实习,local_edu_major_course_or_learn_what+category_template,rysxai课程文本未抽出课程名,库内未命中,头部/强研究型：核心课不一定换名称，但会加深数学/理论和研究训练，重点看理论深度、科研训练、交叉前沿、学术写作；样例：库内未命中该层次开设样例,武汉交通职业学院、重庆航天职业技术学院,区域重点/特色优势：核心课保持完整，通常叠加地方产业、行业场景、实验项目和专业方向模块；样例：武汉交通职业学院、重庆航天职业技术学院,库内未命中,普通应用/职业供给：更强调岗位技能、项目实训、证书衔接、综合实践，课程呈现更实训化、工具化；样例：库内未命中该层次开设样例
460613,航天装备智能装配技术,专科(高职),,,装备制造大类,航空装备类,专业导论、岗位基础技能、专业核心技术、设备/软件操作、项目实训、职业规范、综合实训、顶岗实习,category_template,未匹配rysxai课程文本,库内未命中,头部/强研究型：核心课不一定换名称，但会加深数学/理论和研究训练，重点看理论深度、科研训练、交叉前沿、学术写作；样例：库内未命中该层次开设样例,库内未命中,区域重点/特色优势：核心课保持完整，通常叠加地方产业、行业场景、实验项目和专业方向模块；样例：库内未命中该层次开设样例,库内未命中,普通应用/职业供给：更强调岗位技能、项目实训、证书衔接、综合实践，课程呈现更实训化、工具化；样例：库内未命中该层次开设样例
460701,汽车制造与试验技术,专科(高职),,三年,装备制造大类,汽车制造类,专业导论、岗位基础技能、专业核心技术、设备/软件操作、项目实训、职业规范、综合实训、顶岗实习,category_template,rysxai课程文本未抽出课程名,库内未命中,头部/强研究型：核心课不一定换名称，但会加深数学/理论和研究训练，重点看理论深度、科研训练、交叉前沿、学术写作；样例：库内未命中该层次开设样例,长春师范大学、顺德职业技术大学、德州学院、广州职业技术大学、吉林工程技术师范学院,区域重点/特色优势：核心课保持完整，通常叠加地方产业、行业场景、实验项目和专业方向模块；样例：长春师范大学、顺德职业技术大学、德州学院、广州职业技术大学、吉林工程技术师范学院,河南工学院、蚌埠学院、德宏师范学院、北京科技职业大学、柳州职业技术大学,普通应用/职业供给：更强调岗位技能、项目实训、证书衔接、综合实践，课程呈现更实训化、工具化；样例：河南工学院、蚌埠学院、德宏师范学院、北京科技职业大学、柳州职业技术大学
460702,新能源汽车技术,专科(高职),,三年,装备制造大类,汽车制造类,专业导论、岗位基础技能、专业核心技术、设备/软件操作、项目实训、职业规范、综合实训、顶岗实习,category_template,rysxai课程文本未抽出课程名,内蒙古大学,头部/强研究型：核心课不一定换名称，但会加深数学/理论和研究训练，重点看理论深度、科研训练、交叉前沿、学术写作；样例：内蒙古大学,深圳职业技术大学、内蒙古农业大学、广东轻工职业技术大学、顺德职业技术大学、广州职业技术大学,区域重点/特色优势：核心课保持完整，通常叠加地方产业、行业场景、实验项目和专业方向模块；样例：深圳职业技术大学、内蒙古农业大学、广东轻工职业技术大学、顺德职业技术大学、广州职业技术大学,淮南师范学院、北京科技职业大学、柳州职业技术大学、朝阳师范学院、金华职业技术大学,普通应用/职业供给：更强调岗位技能、项目实训、证书衔接、综合实践，课程呈现更实训化、工具化；样例：淮南师范学院、北京科技职业大学、柳州职业技术大学、朝阳师范学院、金华职业技术大学
460703,汽车电子技术,专科(高职),,三年,装备制造大类,汽车制造类,专业导论、岗位基础技能、专业核心技术、设备/软件操作、项目实训、职业规范、综合实训、顶岗实习,category_template,rysxai课程文本未抽出课程名,库内未命中,头部/强研究型：核心课不一定换名称，但会加深数学/理论和研究训练，重点看理论深度、科研训练、交叉前沿、学术写作；样例：库内未命中该层次开设样例,深圳职业技术大学、内蒙古农业大学、云南机电职业技术学院、内蒙古机电职业技术学院、吉林工业职业技术学院,区域重点/特色优势：核心课保持完整，通常叠加地方产业、行业场景、实验项目和专业方向模块；样例：深圳职业技术大学、内蒙古农业大学、云南机电职业技术学院、内蒙古机电职业技术学院、吉林工业职业技术学院,湖南汽车工程职业大学、南宁职业技术大学、无锡职业技术大学、河北科技工程职业技术大学、长春汽车职业技术大学,普通应用/职业供给：更强调岗位技能、项目实训、证书衔接、综合实践，课程呈现更实训化、工具化；样例：湖南汽车工程职业大学、南宁职业技术大学、无锡职业技术大学、河北科技工程职业技术大学、长春汽车职业技术大学
460704,智能网联汽车技术,专科(高职),,三年,装备制造大类,汽车制造类,专业导论、岗位基础技能、专业核心技术、设备/软件操作、项目实训、职业规范、综合实训、顶岗实习,category_template,rysxai课程文本未抽出课程名,库内未命中,头部/强研究型：核心课不一定换名称，但会加深数学/理论和研究训练，重点看理论深度、科研训练、交叉前沿、学术写作；样例：库内未命中该层次开设样例,深圳职业技术大学、广州职业技术大学、吉林铁道职业技术大学、云南交通职业技术学院、云南机电职业技术学院,区域重点/特色优势：核心课保持完整，通常叠加地方产业、行业场景、实验项目和专业方向模块；样例：深圳职业技术大学、广州职业技术大学、吉林铁道职业技术大学、云南交通职业技术学院、云南机电职业技术学院,北京科技职业大学、武汉职业技术大学、柳州职业技术大学、苏州职业技术大学、四川工程职业技术大学,普通应用/职业供给：更强调岗位技能、项目实训、证书衔接、综合实践，课程呈现更实训化、工具化；样例：北京科技职业大学、武汉职业技术大学、柳州职业技术大学、苏州职业技术大学、四川工程职业技术大学
460705,汽车造型与改装技术,专科(高职),,三年,装备制造大类,汽车制造类,专业导论、岗位基础技能、专业核心技术、设备/软件操作、项目实训、职业规范、综合实训、顶岗实习,category_template,rysxai课程文本未抽出课程名,库内未命中,头部/强研究型：核心课不一定换名称，但会加深数学/理论和研究训练，重点看理论深度、科研训练、交叉前沿、学术写作；样例：库内未命中该层次开设样例,武汉交通职业学院,区域重点/特色优势：核心课保持完整，通常叠加地方产业、行业场景、实验项目和专业方向模块；样例：武汉交通职业学院,湖南汽车工程职业大学、长春汽车职业技术大学、新疆交通职业技术大学、西安汽车职业大学、云南交通运输职业学院,普通应用/职业供给：更强调岗位技能、项目实训、证书衔接、综合实践，课程呈现更实训化、工具化；样例：湖南汽车工程职业大学、长春汽车职业技术大学、新疆交通职业技术大学、西安汽车职业大学、云南交通运输职业学院
470101,食品生物技术,专科(高职),,三年,生物与化工大类,生物技术类,专业导论、岗位基础技能、专业核心技术、设备/软件操作、项目实训、职业规范、综合实训、顶岗实习,category_template,rysxai课程文本未抽出课程名,库内未命中,头部/强研究型：核心课不一定换名称，但会加深数学/理论和研究训练，重点看理论深度、科研训练、交叉前沿、学术写作；样例：库内未命中该层次开设样例,内蒙古农业大学、烟台南山学院、天津现代职业技术学院、山东商业职业技术学院、湖南化工职业技术学院,区域重点/特色优势：核心课保持完整，通常叠加地方产业、行业场景、实验项目和专业方向模块；样例：内蒙古农业大学、烟台南山学院、天津现代职业技术学院、山东商业职业技术学院、湖南化工职业技术学院,济宁学院、武汉职业技术大学、贵州轻工职业大学、长春职业技术大学、淄博职业技术大学,普通应用/职业供给：更强调岗位技能、项目实训、证书衔接、综合实践，课程呈现更实训化、工具化；样例：济宁学院、武汉职业技术大学、贵州轻工职业大学、长春职业技术大学、淄博职业技术大学
470102,药品生物技术,专科(高职),,三年,生物与化工大类,生物技术类,专业导论、岗位基础技能、专业核心技术、设备/软件操作、项目实训、职业规范、综合实训、顶岗实习,category_template,rysxai课程文本未抽出课程名,库内未命中,头部/强研究型：核心课不一定换名称，但会加深数学/理论和研究训练，重点看理论深度、科研训练、交叉前沿、学术写作；样例：库内未命中该层次开设样例,深圳职业技术大学、武汉生物工程学院、天津现代职业技术学院、威海职业学院、山东科技职业学院,区域重点/特色优势：核心课保持完整，通常叠加地方产业、行业场景、实验项目和专业方向模块；样例：深圳职业技术大学、武汉生物工程学院、天津现代职业技术学院、威海职业学院、山东科技职业学院,济宁学院、菏泽学院、北京科技职业大学、连云港师范学院、宁波职业技术大学,普通应用/职业供给：更强调岗位技能、项目实训、证书衔接、综合实践，课程呈现更实训化、工具化；样例：济宁学院、菏泽学院、北京科技职业大学、连云港师范学院、宁波职业技术大学
470103,农业生物技术,专科(高职),,三年,生物与化工大类,生物技术类,专业导论、岗位基础技能、专业核心技术、设备/软件操作、项目实训、职业规范、综合实训、顶岗实习,category_template,rysxai课程文本未抽出课程名,库内未命中,头部/强研究型：核心课不一定换名称，但会加深数学/理论和研究训练，重点看理论深度、科研训练、交叉前沿、学术写作；样例：库内未命中该层次开设样例,江苏农林职业技术学院,区域重点/特色优势：核心课保持完整，通常叠加地方产业、行业场景、实验项目和专业方向模块；样例：江苏农林职业技术学院,安阳工学院、陇南师范学院、陕西农林职业技术大学、上海农林职业技术学院、吉林工程职业学院,普通应用/职业供给：更强调岗位技能、项目实训、证书衔接、综合实践，课程呈现更实训化、工具化；样例：安阳工学院、陇南师范学院、陕西农林职业技术大学、上海农林职业技术学院、吉林工程职业学院
470104,化工生物技术,专科(高职),,三年,生物与化工大类,生物技术类,专业导论、岗位基础技能、专业核心技术、设备/软件操作、项目实训、职业规范、综合实训、顶岗实习,category_template,rysxai课程文本未抽出课程名,库内未命中,头部/强研究型：核心课不一定换名称，但会加深数学/理论和研究训练，重点看理论深度、科研训练、交叉前沿、学术写作；样例：库内未命中该层次开设样例,广东轻工职业技术大学、东营职业学院,区域重点/特色优势：核心课保持完整，通常叠加地方产业、行业场景、实验项目和专业方向模块；样例：广东轻工职业技术大学、东营职业学院,朝阳师范学院、伊犁职业技术学院、新疆应用职业技术学院、昆明冶金职业大学、滨州职业技术大学,普通应用/职业供给：更强调岗位技能、项目实训、证书衔接、综合实践，课程呈现更实训化、工具化；样例：朝阳师范学院、伊犁职业技术学院、新疆应用职业技术学院、昆明冶金职业大学、滨州职业技术大学
470105,生物产品检验检疫,专科(高职),,三年,生物与化工大类,生物技术类,专业导论、岗位基础技能、专业核心技术、设备/软件操作、项目实训、职业规范、综合实训、顶岗实习,category_template,rysxai课程文本未抽出课程名,库内未命中,头部/强研究型：核心课不一定换名称，但会加深数学/理论和研究训练，重点看理论深度、科研训练、交叉前沿、学术写作；样例：库内未命中该层次开设样例,天津渤海职业技术学院,区域重点/特色优势：核心课保持完整，通常叠加地方产业、行业场景、实验项目和专业方向模块；样例：天津渤海职业技术学院,北京科技职业大学、酒泉职业技术大学、上海农林职业技术学院、天津生物工程职业技术学院、山东药品食品职业学院,普通应用/职业供给：更强调岗位技能、项目实训、证书衔接、综合实践，课程呈现更实训化、工具化；样例：北京科技职业大学、酒泉职业技术大学、上海农林职业技术学院、天津生物工程职业技术学院、山东药品食品职业学院
470106,绿色生物制造技术,专科(高职),,三年,生物与化工大类,生物技术类,专业导论、岗位基础技能、专业核心技术、设备/软件操作、项目实训、职业规范、综合实训、顶岗实习,category_template,rysxai课程文本未抽出课程名,库内未命中,头部/强研究型：核心课不一定换名称，但会加深数学/理论和研究训练，重点看理论深度、科研训练、交叉前沿、学术写作；样例：库内未命中该层次开设样例,库内未命中,区域重点/特色优势：核心课保持完整，通常叠加地方产业、行业场景、实验项目和专业方向模块；样例：库内未命中该层次开设样例,南京科技职业学院、湖北轻工职业技术学院、郑州职业技术学院,普通应用/职业供给：更强调岗位技能、项目实训、证书衔接、综合实践，课程呈现更实训化、工具化；样例：南京科技职业学院、湖北轻工职业技术学院、郑州职业技术学院
470107,生物信息技术,专科(高职),,三年,生物与化工大类,生物技术类,专业导论、岗位基础技能、专业核心技术、设备/软件操作、项目实训、职业规范、综合实训、顶岗实习,category_template,rysxai课程文本未抽出课程名,库内未命中,头部/强研究型：核心课不一定换名称，但会加深数学/理论和研究训练，重点看理论深度、科研训练、交叉前沿、学术写作；样例：库内未命中该层次开设样例,库内未命中,区域重点/特色优势：核心课保持完整，通常叠加地方产业、行业场景、实验项目和专业方向模块；样例：库内未命中该层次开设样例,苏州健雄职业技术学院、长春健康职业学院,普通应用/职业供给：更强调岗位技能、项目实训、证书衔接、综合实践，课程呈现更实训化、工具化；样例：苏州健雄职业技术学院、长春健康职业学院
470201,应用化工技术,专科(高职),,三年,生物与化工大类,化工技术类,专业导论、岗位基础技能、专业核心技术、设备/软件操作、项目实训、职业规范、综合实训、顶岗实习,category_template,rysxai课程文本未抽出课程名,库内未命中,头部/强研究型：核心课不一定换名称，但会加深数学/理论和研究训练，重点看理论深度、科研训练、交叉前沿、学术写作；样例：库内未命中该层次开设样例,桂林理工大学、华北理工大学、内蒙古科技大学、顺德职业技术大学、泰山学院,区域重点/特色优势：核心课保持完整，通常叠加地方产业、行业场景、实验项目和专业方向模块；样例：桂林理工大学、华北理工大学、内蒙古科技大学、顺德职业技术大学、泰山学院,济宁学院、齐鲁师范学院、昭通学院、河南工学院、荆楚理工学院,普通应用/职业供给：更强调岗位技能、项目实训、证书衔接、综合实践，课程呈现更实训化、工具化；样例：济宁学院、齐鲁师范学院、昭通学院、河南工学院、荆楚理工学院
470202,石油炼制技术,专科(高职),,三年,生物与化工大类,化工技术类,专业导论、岗位基础技能、专业核心技术、设备/软件操作、项目实训、职业规范、综合实训、顶岗实习,category_template,rysxai课程文本未抽出课程名,库内未命中,头部/强研究型：核心课不一定换名称，但会加深数学/理论和研究训练，重点看理论深度、科研训练、交叉前沿、学术写作；样例：库内未命中该层次开设样例,库内未命中,区域重点/特色优势：核心课保持完整，通常叠加地方产业、行业场景、实验项目和专业方向模块；样例：库内未命中该层次开设样例,兰州石化职业技术大学、浙江国际海运职业技术学院、湖南石油化工职业技术学院、辽宁石化职业技术学院,普通应用/职业供给：更强调岗位技能、项目实训、证书衔接、综合实践，课程呈现更实训化、工具化；样例：兰州石化职业技术大学、浙江国际海运职业技术学院、湖南石油化工职业技术学院、辽宁石化职业技术学院
470203,精细化工技术,专科(高职),,三年,生物与化工大类,化工技术类,专业导论、岗位基础技能、专业核心技术、设备/软件操作、项目实训、职业规范、综合实训、顶岗实习,category_template,rysxai课程文本未抽出课程名,库内未命中,头部/强研究型：核心课不一定换名称，但会加深数学/理论和研究训练，重点看理论深度、科研训练、交叉前沿、学术写作；样例：库内未命中该层次开设样例,深圳职业技术大学、广东轻工职业技术大学、内蒙古化工职业学院、吉林工业职业技术学院、天津渤海职业技术学院,区域重点/特色优势：核心课保持完整，通常叠加地方产业、行业场景、实验项目和专业方向模块；样例：深圳职业技术大学、广东轻工职业技术大学、内蒙古化工职业学院、吉林工业职业技术学院、天津渤海职业技术学院,河北工业职业技术大学、兰州石化职业技术大学、宁夏工商职业技术大学、酒泉职业技术大学、齐鲁理工学院,普通应用/职业供给：更强调岗位技能、项目实训、证书衔接、综合实践，课程呈现更实训化、工具化；样例：河北工业职业技术大学、兰州石化职业技术大学、宁夏工商职业技术大学、酒泉职业技术大学、齐鲁理工学院
470204,石油化工技术,专科(高职),,三年,生物与化工大类,化工技术类,专业导论、岗位基础技能、专业核心技术、设备/软件操作、项目实训、职业规范、综合实训、顶岗实习,category_template,rysxai课程文本未抽出课程名,库内未命中,头部/强研究型：核心课不一定换名称，但会加深数学/理论和研究训练，重点看理论深度、科研训练、交叉前沿、学术写作；样例：库内未命中该层次开设样例,烟台南山学院、东营职业学院、内蒙古化工职业学院、吉林工业职业技术学院、天津渤海职业技术学院,区域重点/特色优势：核心课保持完整，通常叠加地方产业、行业场景、实验项目和专业方向模块；样例：烟台南山学院、东营职业学院、内蒙古化工职业学院、吉林工业职业技术学院、天津渤海职业技术学院,河北石油职业技术大学、兰州石化职业技术大学、陕西农林职业技术大学、淄博职业技术大学、酒泉职业技术大学,普通应用/职业供给：更强调岗位技能、项目实训、证书衔接、综合实践，课程呈现更实训化、工具化；样例：河北石油职业技术大学、兰州石化职业技术大学、陕西农林职业技术大学、淄博职业技术大学、酒泉职业技术大学
470205,煤化工技术,专科(高职),,三年,生物与化工大类,化工技术类,专业导论、岗位基础技能、专业核心技术、设备/软件操作、项目实训、职业规范、综合实训、顶岗实习,category_template,rysxai课程文本未抽出课程名,库内未命中,头部/强研究型：核心课不一定换名称，但会加深数学/理论和研究训练，重点看理论深度、科研训练、交叉前沿、学术写作；样例：库内未命中该层次开设样例,新疆工程学院、内蒙古化工职业学院、新疆生产建设兵团兴新职业技术学院,区域重点/特色优势：核心课保持完整，通常叠加地方产业、行业场景、实验项目和专业方向模块；样例：新疆工程学院、内蒙古化工职业学院、新疆生产建设兵团兴新职业技术学院,兰州石化职业技术大学、宁夏职业技术大学、宁夏工商职业技术大学、兰州资源环境职业技术大学、包头轻工职业技术学院,普通应用/职业供给：更强调岗位技能、项目实训、证书衔接、综合实践，课程呈现更实训化、工具化；样例：兰州石化职业技术大学、宁夏职业技术大学、宁夏工商职业技术大学、兰州资源环境职业技术大学、包头轻工职业技术学院
470206,高分子合成技术,专科(高职),,三年,生物与化工大类,化工技术类,专业导论、岗位基础技能、专业核心技术、设备/软件操作、项目实训、职业规范、综合实训、顶岗实习,category_template,rysxai课程文本未抽出课程名,库内未命中,头部/强研究型：核心课不一定换名称，但会加深数学/理论和研究训练，重点看理论深度、科研训练、交叉前沿、学术写作；样例：库内未命中该层次开设样例,烟台南山学院、吉林工业职业技术学院、烟台职业学院,区域重点/特色优势：核心课保持完整，通常叠加地方产业、行业场景、实验项目和专业方向模块；样例：烟台南山学院、吉林工业职业技术学院、烟台职业学院,兰州石化职业技术大学、辽宁石化职业技术学院,普通应用/职业供给：更强调岗位技能、项目实训、证书衔接、综合实践，课程呈现更实训化、工具化；样例：兰州石化职业技术大学、辽宁石化职业技术学院
470207,海洋化工技术,专科(高职),,三年,生物与化工大类,化工技术类,专业导论、岗位基础技能、专业核心技术、设备/软件操作、项目实训、职业规范、综合实训、顶岗实习,category_template,rysxai课程文本未抽出课程名,库内未命中,头部/强研究型：核心课不一定换名称，但会加深数学/理论和研究训练，重点看理论深度、科研训练、交叉前沿、学术写作；样例：库内未命中该层次开设样例,潍坊职业学院,区域重点/特色优势：核心课保持完整，通常叠加地方产业、行业场景、实验项目和专业方向模块；样例：潍坊职业学院,山东化工职业学院、青岛职业技术学院,普通应用/职业供给：更强调岗位技能、项目实训、证书衔接、综合实践，课程呈现更实训化、工具化；样例：山东化工职业学院、青岛职业技术学院
470208,分析检验技术,专科(高职),,三年,生物与化工大类,化工技术类,专业导论、岗位基础技能、专业核心技术、设备/软件操作、项目实训、职业规范、综合实训、顶岗实习,category_template,rysxai课程文本未抽出课程名,库内未命中,头部/强研究型：核心课不一定换名称，但会加深数学/理论和研究训练，重点看理论深度、科研训练、交叉前沿、学术写作；样例：库内未命中该层次开设样例,深圳职业技术大学、桂林理工大学、顺德职业技术大学、云南交通职业技术学院、内蒙古化工职业学院,区域重点/特色优势：核心课保持完整，通常叠加地方产业、行业场景、实验项目和专业方向模块；样例：深圳职业技术大学、桂林理工大学、顺德职业技术大学、云南交通职业技术学院、内蒙古化工职业学院,德宏师范学院、桂林师范学院、四川工程职业技术大学、唐山工业职业技术大学、河北石油职业技术大学,普通应用/职业供给：更强调岗位技能、项目实训、证书衔接、综合实践，课程呈现更实训化、工具化；样例：德宏师范学院、桂林师范学院、四川工程职业技术大学、唐山工业职业技术大学、河北石油职业技术大学
470209,化工智能制造技术,专科(高职),,三年,生物与化工大类,化工技术类,专业导论、岗位基础技能、专业核心技术、设备/软件操作、项目实训、职业规范、综合实训、顶岗实习,category_template,rysxai课程文本未抽出课程名,库内未命中,头部/强研究型：核心课不一定换名称，但会加深数学/理论和研究训练，重点看理论深度、科研训练、交叉前沿、学术写作；样例：库内未命中该层次开设样例,东营职业学院、内蒙古化工职业学院、吉林工业职业技术学院、河北化工医药职业技术学院、湖南化工职业技术学院,区域重点/特色优势：核心课保持完整，通常叠加地方产业、行业场景、实验项目和专业方向模块；样例：东营职业学院、内蒙古化工职业学院、吉林工业职业技术学院、河北化工医药职业技术学院、湖南化工职业技术学院,宁波职业技术大学、兰州石化职业技术大学、宁夏工商职业技术大学、乌海职业技术学院、九江职业大学,普通应用/职业供给：更强调岗位技能、项目实训、证书衔接、综合实践，课程呈现更实训化、工具化；样例：宁波职业技术大学、兰州石化职业技术大学、宁夏工商职业技术大学、乌海职业技术学院、九江职业大学
470210,化工装备技术,专科(高职),,三年,生物与化工大类,化工技术类,专业导论、岗位基础技能、专业核心技术、设备/软件操作、项目实训、职业规范、综合实训、顶岗实习,category_template,rysxai课程文本未抽出课程名,库内未命中,头部/强研究型：核心课不一定换名称，但会加深数学/理论和研究训练，重点看理论深度、科研训练、交叉前沿、学术写作；样例：库内未命中该层次开设样例,东营职业学院、内蒙古化工职业学院、吉林工业职业技术学院、河北化工医药职业技术学院、湖南化工职业技术学院,区域重点/特色优势：核心课保持完整，通常叠加地方产业、行业场景、实验项目和专业方向模块；样例：东营职业学院、内蒙古化工职业学院、吉林工业职业技术学院、河北化工医药职业技术学院、湖南化工职业技术学院,河北石油职业技术大学、兰州石化职业技术大学、南京科技职业学院、四川化工职业技术学院、大庆职业学院,普通应用/职业供给：更强调岗位技能、项目实训、证书衔接、综合实践，课程呈现更实训化、工具化；样例：河北石油职业技术大学、兰州石化职业技术大学、南京科技职业学院、四川化工职业技术学院、大庆职业学院
470211,化工自动化技术,专科(高职),,三年,生物与化工大类,化工技术类,专业导论、岗位基础技能、专业核心技术、设备/软件操作、项目实训、职业规范、综合实训、顶岗实习,category_template,rysxai课程文本未抽出课程名,库内未命中,头部/强研究型：核心课不一定换名称，但会加深数学/理论和研究训练，重点看理论深度、科研训练、交叉前沿、学术写作；样例：库内未命中该层次开设样例,东营职业学院、内蒙古化工职业学院、吉林工业职业技术学院、河北化工医药职业技术学院、淮北职业技术学院,区域重点/特色优势：核心课保持完整，通常叠加地方产业、行业场景、实验项目和专业方向模块；样例：东营职业学院、内蒙古化工职业学院、吉林工业职业技术学院、河北化工医药职业技术学院、淮北职业技术学院,兰州石化职业技术大学、大庆职业学院、天门职业学院、广州工程技术职业学院、榆林职业技术学院,普通应用/职业供给：更强调岗位技能、项目实训、证书衔接、综合实践，课程呈现更实训化、工具化；样例：兰州石化职业技术大学、大庆职业学院、天门职业学院、广州工程技术职业学院、榆林职业技术学院
470212,涂装防护技术,专科(高职),,三年,生物与化工大类,化工技术类,专业导论、岗位基础技能、专业核心技术、设备/软件操作、项目实训、职业规范、综合实训、顶岗实习,category_template,rysxai课程文本未抽出课程名,库内未命中,头部/强研究型：核心课不一定换名称，但会加深数学/理论和研究训练，重点看理论深度、科研训练、交叉前沿、学术写作；样例：库内未命中该层次开设样例,库内未命中,区域重点/特色优势：核心课保持完整，通常叠加地方产业、行业场景、实验项目和专业方向模块；样例：库内未命中该层次开设样例,濮阳石油化工职业技术学院、辽宁地质工程职业学院,普通应用/职业供给：更强调岗位技能、项目实训、证书衔接、综合实践，课程呈现更实训化、工具化；样例：濮阳石油化工职业技术学院、辽宁地质工程职业学院
470213,烟花爆竹技术与管理,专科(高职),,三年,生物与化工大类,化工技术类,专业导论、岗位基础技能、专业核心技术、设备/软件操作、项目实训、职业规范、综合实训、顶岗实习,category_template,rysxai课程文本未抽出课程名,库内未命中,头部/强研究型：核心课不一定换名称，但会加深数学/理论和研究训练，重点看理论深度、科研训练、交叉前沿、学术写作；样例：库内未命中该层次开设样例,库内未命中,区域重点/特色优势：核心课保持完整，通常叠加地方产业、行业场景、实验项目和专业方向模块；样例：库内未命中该层次开设样例,湖南安全技术职业学院,普通应用/职业供给：更强调岗位技能、项目实训、证书衔接、综合实践，课程呈现更实训化、工具化；样例：湖南安全技术职业学院
470214,现代工业清洗技术,专科(高职),,三年,生物与化工大类,化工技术类,专业导论、岗位基础技能、专业核心技术、设备/软件操作、项目实训、职业规范、综合实训、顶岗实习,category_template,rysxai课程文本未抽出课程名,库内未命中,头部/强研究型：核心课不一定换名称，但会加深数学/理论和研究训练，重点看理论深度、科研训练、交叉前沿、学术写作；样例：库内未命中该层次开设样例,库内未命中,区域重点/特色优势：核心课保持完整，通常叠加地方产业、行业场景、实验项目和专业方向模块；样例：库内未命中该层次开设样例,淮南联合大学,普通应用/职业供给：更强调岗位技能、项目实训、证书衔接、综合实践，课程呈现更实训化、工具化；样例：淮南联合大学
480101,化妆品技术,专科(高职),,三年,轻工纺织大类,轻化工类,专业导论、岗位基础技能、专业核心技术、设备/软件操作、项目实训、职业规范、综合实训、顶岗实习,category_template,rysxai课程文本未抽出课程名,库内未命中,头部/强研究型：核心课不一定换名称，但会加深数学/理论和研究训练，重点看理论深度、科研训练、交叉前沿、学术写作；样例：库内未命中该层次开设样例,广东轻工职业技术大学、广东职业技术学院、广东食品药品职业学院、河北化工医药职业技术学院、湖南化工职业技术学院,区域重点/特色优势：核心课保持完整，通常叠加地方产业、行业场景、实验项目和专业方向模块；样例：广东轻工职业技术大学、广东职业技术学院、广东食品药品职业学院、河北化工医药职业技术学院、湖南化工职业技术学院,浙江药科职业大学、中山职业技术学院、南京科技职业学院、咸阳职业技术学院、山东药品食品职业学院,普通应用/职业供给：更强调岗位技能、项目实训、证书衔接、综合实践，课程呈现更实训化、工具化；样例：浙江药科职业大学、中山职业技术学院、南京科技职业学院、咸阳职业技术学院、山东药品食品职业学院
480102,现代造纸技术,专科(高职),,三年,轻工纺织大类,轻化工类,专业导论、岗位基础技能、专业核心技术、设备/软件操作、项目实训、职业规范、综合实训、顶岗实习,category_template,rysxai课程文本未抽出课程名,库内未命中,头部/强研究型：核心课不一定换名称，但会加深数学/理论和研究训练，重点看理论深度、科研训练、交叉前沿、学术写作；样例：库内未命中该层次开设样例,库内未命中,区域重点/特色优势：核心课保持完整，通常叠加地方产业、行业场景、实验项目和专业方向模块；样例：库内未命中该层次开设样例,四川工商职业技术学院、湖北轻工职业技术学院,普通应用/职业供给：更强调岗位技能、项目实训、证书衔接、综合实践，课程呈现更实训化、工具化；样例：四川工商职业技术学院、湖北轻工职业技术学院
480103,家具设计与制造,专科(高职),,三年,轻工纺织大类,轻化工类,专业导论、岗位基础技能、专业核心技术、设备/软件操作、项目实训、职业规范、综合实训、顶岗实习,category_template,rysxai课程文本未抽出课程名,库内未命中,头部/强研究型：核心课不一定换名称，但会加深数学/理论和研究训练，重点看理论深度、科研训练、交叉前沿、学术写作；样例：库内未命中该层次开设样例,广东轻工职业技术大学、顺德职业技术大学、江苏农林职业技术学院、江西环境工程职业学院、苏州工艺美术职业技术学院,区域重点/特色优势：核心课保持完整，通常叠加地方产业、行业场景、实验项目和专业方向模块；样例：广东轻工职业技术大学、顺德职业技术大学、江苏农林职业技术学院、江西环境工程职业学院、苏州工艺美术职业技术学院,广西城市职业大学、云南林业职业技术学院、信阳艺术职业学院、哈尔滨建筑科技职业大学、山东劳动职业技术学院,普通应用/职业供给：更强调岗位技能、项目实训、证书衔接、综合实践，课程呈现更实训化、工具化；样例：广西城市职业大学、云南林业职业技术学院、信阳艺术职业学院、哈尔滨建筑科技职业大学、山东劳动职业技术学院
480104,鞋类设计与工艺,专科(高职),,三年,轻工纺织大类,轻化工类,专业导论、岗位基础技能、专业核心技术、设备/软件操作、项目实训、职业规范、综合实训、顶岗实习,category_template,rysxai课程文本未抽出课程名,库内未命中,头部/强研究型：核心课不一定换名称，但会加深数学/理论和研究训练，重点看理论深度、科研训练、交叉前沿、学术写作；样例：库内未命中该层次开设样例,温州职业技术学院,区域重点/特色优势：核心课保持完整，通常叠加地方产业、行业场景、实验项目和专业方向模块；样例：温州职业技术学院,湄洲湾职业技术学院、重庆工贸职业技术学院、黎明职业大学、泉州华光职业学院、泉州纺织服装职业学院,普通应用/职业供给：更强调岗位技能、项目实训、证书衔接、综合实践，课程呈现更实训化、工具化；样例：湄洲湾职业技术学院、重庆工贸职业技术学院、黎明职业大学、泉州华光职业学院、泉州纺织服装职业学院
480105,陶瓷制造技术与工艺,专科(高职),,三年,轻工纺织大类,轻化工类,专业导论、岗位基础技能、专业核心技术、设备/软件操作、项目实训、职业规范、综合实训、顶岗实习,category_template,rysxai课程文本未抽出课程名,库内未命中,头部/强研究型：核心课不一定换名称，但会加深数学/理论和研究训练，重点看理论深度、科研训练、交叉前沿、学术写作；样例：库内未命中该层次开设样例,库内未命中,区域重点/特色优势：核心课保持完整，通常叠加地方产业、行业场景、实验项目和专业方向模块；样例：库内未命中该层次开设样例,景德镇艺术职业大学、平顶山职业技术学院、无锡工艺职业技术学院、朔州职业技术学院、朔州陶瓷职业技术学院,普通应用/职业供给：更强调岗位技能、项目实训、证书衔接、综合实践，课程呈现更实训化、工具化；样例：景德镇艺术职业大学、平顶山职业技术学院、无锡工艺职业技术学院、朔州职业技术学院、朔州陶瓷职业技术学院
480106,珠宝首饰技术与管理,专科(高职),,三年,轻工纺织大类,轻化工类,专业导论、岗位基础技能、专业核心技术、设备/软件操作、项目实训、职业规范、综合实训、顶岗实习,category_template,rysxai课程文本未抽出课程名,库内未命中,头部/强研究型：核心课不一定换名称，但会加深数学/理论和研究训练，重点看理论深度、科研训练、交叉前沿、学术写作；样例：库内未命中该层次开设样例,广州职业技术大学,区域重点/特色优势：核心课保持完整，通常叠加地方产业、行业场景、实验项目和专业方向模块；样例：广州职业技术大学,山西铁道职业技术学院、深圳城市职业学院、青岛幼儿师范高等专科学校、郑州城建职业学院,普通应用/职业供给：更强调岗位技能、项目实训、证书衔接、综合实践，课程呈现更实训化、工具化；样例：山西铁道职业技术学院、深圳城市职业学院、青岛幼儿师范高等专科学校、郑州城建职业学院
480107,皮革加工技术,专科(高职),,三年,轻工纺织大类,轻化工类,专业导论、岗位基础技能、专业核心技术、设备/软件操作、项目实训、职业规范、综合实训、顶岗实习,category_template,rysxai课程文本未抽出课程名,库内未命中,头部/强研究型：核心课不一定换名称，但会加深数学/理论和研究训练，重点看理论深度、科研训练、交叉前沿、学术写作；样例：库内未命中该层次开设样例,库内未命中,区域重点/特色优势：核心课保持完整，通常叠加地方产业、行业场景、实验项目和专业方向模块；样例：库内未命中该层次开设样例,库内未命中,普通应用/职业供给：更强调岗位技能、项目实训、证书衔接、综合实践，课程呈现更实训化、工具化；样例：库内未命中该层次开设样例
480108,皮具制作与工艺,专科(高职),,三年,轻工纺织大类,轻化工类,专业导论、岗位基础技能、专业核心技术、设备/软件操作、项目实训、职业规范、综合实训、顶岗实习,category_template,rysxai课程文本未抽出课程名,库内未命中,头部/强研究型：核心课不一定换名称，但会加深数学/理论和研究训练，重点看理论深度、科研训练、交叉前沿、学术写作；样例：库内未命中该层次开设样例,库内未命中,区域重点/特色优势：核心课保持完整，通常叠加地方产业、行业场景、实验项目和专业方向模块；样例：库内未命中该层次开设样例,成都轻工职业技术大学、河南轻工职业学院,普通应用/职业供给：更强调岗位技能、项目实训、证书衔接、综合实践，课程呈现更实训化、工具化；样例：成都轻工职业技术大学、河南轻工职业学院
480109,乐器制造与维护,专科(高职),,三年,轻工纺织大类,轻化工类,专业导论、岗位基础技能、专业核心技术、设备/软件操作、项目实训、职业规范、综合实训、顶岗实习,category_template,rysxai课程文本未抽出课程名,库内未命中,头部/强研究型：核心课不一定换名称，但会加深数学/理论和研究训练，重点看理论深度、科研训练、交叉前沿、学术写作；样例：库内未命中该层次开设样例,库内未命中,区域重点/特色优势：核心课保持完整，通常叠加地方产业、行业场景、实验项目和专业方向模块；样例：库内未命中该层次开设样例,沧州职业技术学院、河南艺术职业学院、黑龙江艺术职业学院、上海欧华职业技术学院,普通应用/职业供给：更强调岗位技能、项目实训、证书衔接、综合实践，课程呈现更实训化、工具化；样例：沧州职业技术学院、河南艺术职业学院、黑龙江艺术职业学院、上海欧华职业技术学院
480110,香料香精技术与工艺,专科(高职),,三年,轻工纺织大类,轻化工类,专业导论、岗位基础技能、专业核心技术、设备/软件操作、项目实训、职业规范、综合实训、顶岗实习,category_template,rysxai课程文本未抽出课程名,库内未命中,头部/强研究型：核心课不一定换名称，但会加深数学/理论和研究训练，重点看理论深度、科研训练、交叉前沿、学术写作；样例：库内未命中该层次开设样例,广东食品药品职业学院,区域重点/特色优势：核心课保持完整，通常叠加地方产业、行业场景、实验项目和专业方向模块；样例：广东食品药品职业学院,库内未命中,普通应用/职业供给：更强调岗位技能、项目实训、证书衔接、综合实践，课程呈现更实训化、工具化；样例：库内未命中该层次开设样例
480111,表面精饰工艺,专科(高职),,三年,轻工纺织大类,轻化工类,专业导论、岗位基础技能、专业核心技术、设备/软件操作、项目实训、职业规范、综合实训、顶岗实习,category_template,rysxai课程文本未抽出课程名,库内未命中,头部/强研究型：核心课不一定换名称，但会加深数学/理论和研究训练，重点看理论深度、科研训练、交叉前沿、学术写作；样例：库内未命中该层次开设样例,库内未命中,区域重点/特色优势：核心课保持完整，通常叠加地方产业、行业场景、实验项目和专业方向模块；样例：库内未命中该层次开设样例,库内未命中,普通应用/职业供给：更强调岗位技能、项目实训、证书衔接、综合实践，课程呈现更实训化、工具化；样例：库内未命中该层次开设样例
480201,包装工程技术,专科(高职),,三年,轻工纺织大类,包装类,专业导论、岗位基础技能、专业核心技术、设备/软件操作、项目实训、职业规范、综合实训、顶岗实习,category_template,rysxai课程文本未抽出课程名,库内未命中,头部/强研究型：核心课不一定换名称，但会加深数学/理论和研究训练，重点看理论深度、科研训练、交叉前沿、学术写作；样例：库内未命中该层次开设样例,湖南工艺美术职业学院,区域重点/特色优势：核心课保持完整，通常叠加地方产业、行业场景、实验项目和专业方向模块；样例：湖南工艺美术职业学院,漯河食品工程职业大学、运城职业技术大学、临沂科技职业学院、天津职业大学、汝州职业技术学院,普通应用/职业供给：更强调岗位技能、项目实训、证书衔接、综合实践，课程呈现更实训化、工具化；样例：漯河食品工程职业大学、运城职业技术大学、临沂科技职业学院、天津职业大学、汝州职业技术学院
480202,包装策划与设计,专科(高职),,三年,轻工纺织大类,包装类,专业导论、岗位基础技能、专业核心技术、设备/软件操作、项目实训、职业规范、综合实训、顶岗实习,category_template,rysxai课程文本未抽出课程名,库内未命中,头部/强研究型：核心课不一定换名称，但会加深数学/理论和研究训练，重点看理论深度、科研训练、交叉前沿、学术写作；样例：库内未命中该层次开设样例,深圳职业技术大学、青岛恒星科技学院、天津现代职业技术学院,区域重点/特色优势：核心课保持完整，通常叠加地方产业、行业场景、实验项目和专业方向模块；样例：深圳职业技术大学、青岛恒星科技学院、天津现代职业技术学院,东莞职业技术学院、云南农业职业技术学院、四川工商职业技术学院、天津职业大学、安徽新闻出版职业技术学院,普通应用/职业供给：更强调岗位技能、项目实训、证书衔接、综合实践，课程呈现更实训化、工具化；样例：东莞职业技术学院、云南农业职业技术学院、四川工商职业技术学院、天津职业大学、安徽新闻出版职业技术学院
480301,数字印刷技术,专科(高职),,三年,轻工纺织大类,印刷类,专业导论、岗位基础技能、专业核心技术、设备/软件操作、项目实训、职业规范、综合实训、顶岗实习,category_template,rysxai课程文本未抽出课程名,库内未命中,头部/强研究型：核心课不一定换名称，但会加深数学/理论和研究训练，重点看理论深度、科研训练、交叉前沿、学术写作；样例：库内未命中该层次开设样例,库内未命中,区域重点/特色优势：核心课保持完整，通常叠加地方产业、行业场景、实验项目和专业方向模块；样例：库内未命中该层次开设样例,武汉信息传播职业技术学院、济宁汽车工程职业学院、湖南都市职业学院,普通应用/职业供给：更强调岗位技能、项目实训、证书衔接、综合实践，课程呈现更实训化、工具化；样例：武汉信息传播职业技术学院、济宁汽车工程职业学院、湖南都市职业学院
480302,印刷媒体技术,专科(高职),,三年,轻工纺织大类,印刷类,专业导论、岗位基础技能、专业核心技术、设备/软件操作、项目实训、职业规范、综合实训、顶岗实习,category_template,rysxai课程文本未抽出课程名,库内未命中,头部/强研究型：核心课不一定换名称，但会加深数学/理论和研究训练，重点看理论深度、科研训练、交叉前沿、学术写作；样例：库内未命中该层次开设样例,库内未命中,区域重点/特色优势：核心课保持完整，通常叠加地方产业、行业场景、实验项目和专业方向模块；样例：库内未命中该层次开设样例,河南牧业经济学院、兰州石化职业技术大学、乌鲁木齐职业大学、东莞职业技术学院、云南轻纺职业学院,普通应用/职业供给：更强调岗位技能、项目实训、证书衔接、综合实践，课程呈现更实训化、工具化；样例：河南牧业经济学院、兰州石化职业技术大学、乌鲁木齐职业大学、东莞职业技术学院、云南轻纺职业学院
480303,印刷数字图文技术,专科(高职),,三年,轻工纺织大类,印刷类,专业导论、岗位基础技能、专业核心技术、设备/软件操作、项目实训、职业规范、综合实训、顶岗实习,category_template,rysxai课程文本未抽出课程名,库内未命中,头部/强研究型：核心课不一定换名称，但会加深数学/理论和研究训练，重点看理论深度、科研训练、交叉前沿、学术写作；样例：库内未命中该层次开设样例,义乌工商职业技术学院,区域重点/特色优势：核心课保持完整，通常叠加地方产业、行业场景、实验项目和专业方向模块；样例：义乌工商职业技术学院,兰州石化职业技术大学、兰州资源环境职业技术大学、四川工商职业技术学院、天津职业大学、山西铁道职业技术学院,普通应用/职业供给：更强调岗位技能、项目实训、证书衔接、综合实践，课程呈现更实训化、工具化；样例：兰州石化职业技术大学、兰州资源环境职业技术大学、四川工商职业技术学院、天津职业大学、山西铁道职业技术学院
480304,印刷设备应用技术,专科(高职),,三年,轻工纺织大类,印刷类,专业导论、岗位基础技能、专业核心技术、设备/软件操作、项目实训、职业规范、综合实训、顶岗实习,category_template,rysxai课程文本未抽出课程名,库内未命中,头部/强研究型：核心课不一定换名称，但会加深数学/理论和研究训练，重点看理论深度、科研训练、交叉前沿、学术写作；样例：库内未命中该层次开设样例,库内未命中,区域重点/特色优势：核心课保持完整，通常叠加地方产业、行业场景、实验项目和专业方向模块；样例：库内未命中该层次开设样例,兰州石化职业技术大学,普通应用/职业供给：更强调岗位技能、项目实训、证书衔接、综合实践，课程呈现更实训化、工具化；样例：兰州石化职业技术大学
480401,现代纺织技术,专科(高职),,三年,轻工纺织大类,纺织服装类,专业导论、岗位基础技能、专业核心技术、设备/软件操作、项目实训、职业规范、综合实训、顶岗实习,category_template,rysxai课程文本未抽出课程名,库内未命中,头部/强研究型：核心课不一定换名称，但会加深数学/理论和研究训练，重点看理论深度、科研训练、交叉前沿、学术写作；样例：库内未命中该层次开设样例,山东科技职业学院、广东职业技术学院,区域重点/特色优势：核心课保持完整，通常叠加地方产业、行业场景、实验项目和专业方向模块；样例：山东科技职业学院、广东职业技术学院,安徽职业技术大学、三明医学科技职业学院、周口职业技术学院、嘉兴职业技术学院、图木舒克职业技术学院,普通应用/职业供给：更强调岗位技能、项目实训、证书衔接、综合实践，课程呈现更实训化、工具化；样例：安徽职业技术大学、三明医学科技职业学院、周口职业技术学院、嘉兴职业技术学院、图木舒克职业技术学院
480402,服装设计与工艺,专科(高职),,三年,轻工纺织大类,纺织服装类,专业导论、岗位基础技能、专业核心技术、设备/软件操作、项目实训、职业规范、综合实训、顶岗实习,category_template,rysxai课程文本未抽出课程名,库内未命中,头部/强研究型：核心课不一定换名称，但会加深数学/理论和研究训练，重点看理论深度、科研训练、交叉前沿、学术写作；样例：库内未命中该层次开设样例,天津轻工职业技术学院、山东科技职业学院、广东职业技术学院、新疆生产建设兵团兴新职业技术学院、江西环境工程职业学院,区域重点/特色优势：核心课保持完整，通常叠加地方产业、行业场景、实验项目和专业方向模块；样例：天津轻工职业技术学院、山东科技职业学院、广东职业技术学院、新疆生产建设兵团兴新职业技术学院、江西环境工程职业学院,北京科技职业大学、武汉职业技术大学、苏州职业技术大学、扬州职业技术大学、杭州职业技术大学,普通应用/职业供给：更强调岗位技能、项目实训、证书衔接、综合实践，课程呈现更实训化、工具化；样例：北京科技职业大学、武汉职业技术大学、苏州职业技术大学、扬州职业技术大学、杭州职业技术大学
480403,丝绸技术,专科(高职),,三年,轻工纺织大类,纺织服装类,专业导论、岗位基础技能、专业核心技术、设备/软件操作、项目实训、职业规范、综合实训、顶岗实习,category_template,rysxai课程文本未抽出课程名,库内未命中,头部/强研究型：核心课不一定换名称，但会加深数学/理论和研究训练，重点看理论深度、科研训练、交叉前沿、学术写作；样例：库内未命中该层次开设样例,库内未命中,区域重点/特色优势：核心课保持完整，通常叠加地方产业、行业场景、实验项目和专业方向模块；样例：库内未命中该层次开设样例,库内未命中,普通应用/职业供给：更强调岗位技能、项目实训、证书衔接、综合实践，课程呈现更实训化、工具化；样例：库内未命中该层次开设样例
480404,针织技术与针织服装,专科(高职),,三年,轻工纺织大类,纺织服装类,专业导论、岗位基础技能、专业核心技术、设备/软件操作、项目实训、职业规范、综合实训、顶岗实习,category_template,rysxai课程文本未抽出课程名,库内未命中,头部/强研究型：核心课不一定换名称，但会加深数学/理论和研究训练，重点看理论深度、科研训练、交叉前沿、学术写作；样例：库内未命中该层次开设样例,广东职业技术学院,区域重点/特色优势：核心课保持完整，通常叠加地方产业、行业场景、实验项目和专业方向模块；样例：广东职业技术学院,杭州职业技术大学、成都轻工职业技术大学、江西工业职业技术学院、浙江纺织服装职业技术学院、泉州纺织服装职业学院,普通应用/职业供给：更强调岗位技能、项目实训、证书衔接、综合实践，课程呈现更实训化、工具化；样例：杭州职业技术大学、成都轻工职业技术大学、江西工业职业技术学院、浙江纺织服装职业技术学院、泉州纺织服装职业学院
480405,数字化染整技术,专科(高职),,三年,轻工纺织大类,纺织服装类,专业导论、岗位基础技能、专业核心技术、设备/软件操作、项目实训、职业规范、综合实训、顶岗实习,category_template,rysxai课程文本未抽出课程名,库内未命中,头部/强研究型：核心课不一定换名称，但会加深数学/理论和研究训练，重点看理论深度、科研训练、交叉前沿、学术写作；样例：库内未命中该层次开设样例,广东职业技术学院,区域重点/特色优势：核心课保持完整，通常叠加地方产业、行业场景、实验项目和专业方向模块；样例：广东职业技术学院,安徽职业技术大学、三明医学科技职业学院、山东轻工职业学院、广西工业职业技术学院、成都轻工职业技术大学,普通应用/职业供给：更强调岗位技能、项目实训、证书衔接、综合实践，课程呈现更实训化、工具化；样例：安徽职业技术大学、三明医学科技职业学院、山东轻工职业学院、广西工业职业技术学院、成都轻工职业技术大学
480406,纺织品设计,专科(高职),,三年,轻工纺织大类,纺织服装类,专业导论、岗位基础技能、专业核心技术、设备/软件操作、项目实训、职业规范、综合实训、顶岗实习,category_template,rysxai课程文本未抽出课程名,库内未命中,头部/强研究型：核心课不一定换名称，但会加深数学/理论和研究训练，重点看理论深度、科研训练、交叉前沿、学术写作；样例：库内未命中该层次开设样例,广东职业技术学院,区域重点/特色优势：核心课保持完整，通常叠加地方产业、行业场景、实验项目和专业方向模块；样例：广东职业技术学院,杭州职业技术大学、安徽职业技术大学、嘉兴职业技术学院、山东轻工职业学院、成都轻工职业技术大学,普通应用/职业供给：更强调岗位技能、项目实训、证书衔接、综合实践，课程呈现更实训化、工具化；样例：杭州职业技术大学、安徽职业技术大学、嘉兴职业技术学院、山东轻工职业学院、成都轻工职业技术大学
480407,现代家用纺织品设计,专科(高职),,三年,轻工纺织大类,纺织服装类,专业导论、岗位基础技能、专业核心技术、设备/软件操作、项目实训、职业规范、综合实训、顶岗实习,category_template,rysxai课程文本未抽出课程名,库内未命中,头部/强研究型：核心课不一定换名称，但会加深数学/理论和研究训练，重点看理论深度、科研训练、交叉前沿、学术写作；样例：库内未命中该层次开设样例,烟台南山学院,区域重点/特色优势：核心课保持完整，通常叠加地方产业、行业场景、实验项目和专业方向模块；样例：烟台南山学院,山东服装职业学院、山东特殊教育职业学院,普通应用/职业供给：更强调岗位技能、项目实训、证书衔接、综合实践，课程呈现更实训化、工具化；样例：山东服装职业学院、山东特殊教育职业学院
480408,纺织材料与应用,专科(高职),,三年,轻工纺织大类,纺织服装类,专业导论、岗位基础技能、专业核心技术、设备/软件操作、项目实训、职业规范、综合实训、顶岗实习,category_template,rysxai课程文本未抽出课程名,库内未命中,头部/强研究型：核心课不一定换名称，但会加深数学/理论和研究训练，重点看理论深度、科研训练、交叉前沿、学术写作；样例：库内未命中该层次开设样例,库内未命中,区域重点/特色优势：核心课保持完整，通常叠加地方产业、行业场景、实验项目和专业方向模块；样例：库内未命中该层次开设样例,周口职业技术学院、江西工业职业技术学院、黎明职业大学,普通应用/职业供给：更强调岗位技能、项目实训、证书衔接、综合实践，课程呈现更实训化、工具化；样例：周口职业技术学院、江西工业职业技术学院、黎明职业大学
480409,现代非织造技术,专科(高职),,三年,轻工纺织大类,纺织服装类,专业导论、岗位基础技能、专业核心技术、设备/软件操作、项目实训、职业规范、综合实训、顶岗实习,category_template,rysxai课程文本未抽出课程名,库内未命中,头部/强研究型：核心课不一定换名称，但会加深数学/理论和研究训练，重点看理论深度、科研训练、交叉前沿、学术写作；样例：库内未命中该层次开设样例,山东科技职业学院,区域重点/特色优势：核心课保持完整，通常叠加地方产业、行业场景、实验项目和专业方向模块；样例：山东科技职业学院,仙桃职业学院,普通应用/职业供给：更强调岗位技能、项目实训、证书衔接、综合实践，课程呈现更实训化、工具化；样例：仙桃职业学院
480410,纺织机电技术,专科(高职),,三年,轻工纺织大类,纺织服装类,专业导论、岗位基础技能、专业核心技术、设备/软件操作、项目实训、职业规范、综合实训、顶岗实习,category_template,rysxai课程文本未抽出课程名,库内未命中,头部/强研究型：核心课不一定换名称，但会加深数学/理论和研究训练，重点看理论深度、科研训练、交叉前沿、学术写作；样例：库内未命中该层次开设样例,库内未命中,区域重点/特色优势：核心课保持完整，通常叠加地方产业、行业场景、实验项目和专业方向模块；样例：库内未命中该层次开设样例,江西工业职业技术学院、辽源职业技术学院、信阳工程职业学院,普通应用/职业供给：更强调岗位技能、项目实训、证书衔接、综合实践，课程呈现更实训化、工具化；样例：江西工业职业技术学院、辽源职业技术学院、信阳工程职业学院
480411,纺织品检验与贸易,专科(高职),,三年,轻工纺织大类,纺织服装类,专业导论、岗位基础技能、专业核心技术、设备/软件操作、项目实训、职业规范、综合实训、顶岗实习,category_template,rysxai课程文本未抽出课程名,库内未命中,头部/强研究型：核心课不一定换名称，但会加深数学/理论和研究训练，重点看理论深度、科研训练、交叉前沿、学术写作；样例：库内未命中该层次开设样例,广东职业技术学院、江西环境工程职业学院,区域重点/特色优势：核心课保持完整，通常叠加地方产业、行业场景、实验项目和专业方向模块；样例：广东职业技术学院、江西环境工程职业学院,宁夏职业技术大学、安徽职业技术大学、三明医学科技职业学院、山东轻工职业学院、常州纺织服装职业技术学院,普通应用/职业供给：更强调岗位技能、项目实训、证书衔接、综合实践，课程呈现更实训化、工具化；样例：宁夏职业技术大学、安徽职业技术大学、三明医学科技职业学院、山东轻工职业学院、常州纺织服装职业技术学院
480412,皮革服装制作与工艺,专科(高职),,三年,轻工纺织大类,纺织服装类,专业导论、岗位基础技能、专业核心技术、设备/软件操作、项目实训、职业规范、综合实训、顶岗实习,category_template,rysxai课程文本未抽出课程名,库内未命中,头部/强研究型：核心课不一定换名称，但会加深数学/理论和研究训练，重点看理论深度、科研训练、交叉前沿、学术写作；样例：库内未命中该层次开设样例,库内未命中,区域重点/特色优势：核心课保持完整，通常叠加地方产业、行业场景、实验项目和专业方向模块；样例：库内未命中该层次开设样例,库内未命中,普通应用/职业供给：更强调岗位技能、项目实训、证书衔接、综合实践，课程呈现更实训化、工具化；样例：库内未命中该层次开设样例
490101,食品智能加工技术,专科(高职),,三年,食品药品与粮食大类,食品类,专业导论、岗位基础技能、专业核心技术、设备/软件操作、项目实训、职业规范、综合实训、顶岗实习,category_template,rysxai课程文本未抽出课程名,库内未命中,头部/强研究型：核心课不一定换名称，但会加深数学/理论和研究训练，重点看理论深度、科研训练、交叉前沿、学术写作；样例：库内未命中该层次开设样例,内蒙古农业大学、广东轻工职业技术大学、云南能源职业技术学院、天津现代职业技术学院、山东畜牧兽医职业学院,区域重点/特色优势：核心课保持完整，通常叠加地方产业、行业场景、实验项目和专业方向模块；样例：内蒙古农业大学、广东轻工职业技术大学、云南能源职业技术学院、天津现代职业技术学院、山东畜牧兽医职业学院,信阳农林学院、朝阳师范学院、广西农业职业技术大学、浙江药科职业大学、长春职业技术大学,普通应用/职业供给：更强调岗位技能、项目实训、证书衔接、综合实践，课程呈现更实训化、工具化；样例：信阳农林学院、朝阳师范学院、广西农业职业技术大学、浙江药科职业大学、长春职业技术大学
490102,食品质量与安全,专科(高职),,三年,食品药品与粮食大类,食品类,专业导论、岗位基础技能、专业核心技术、设备/软件操作、项目实训、职业规范、综合实训、顶岗实习,category_template,rysxai课程文本未抽出课程名,中国农业大学、吉林大学、华南理工大学、西北农林科技大学、华东理工大学,头部/强研究型：核心课不一定换名称，但会加深数学/理论和研究训练，重点看理论深度、科研训练、交叉前沿、学术写作；样例：中国农业大学、吉林大学、华南理工大学、西北农林科技大学、华东理工大学,浙江工商大学、上海理工大学、昆明理工大学、福建农林大学、山东农业大学,区域重点/特色优势：核心课保持完整，通常叠加地方产业、行业场景、实验项目和专业方向模块；样例：浙江工商大学、上海理工大学、昆明理工大学、福建农林大学、山东农业大学,周口师范学院、许昌学院、重庆第二师范学院、黄淮学院、怀化学院,普通应用/职业供给：更强调岗位技能、项目实训、证书衔接、综合实践，课程呈现更实训化、工具化；样例：周口师范学院、许昌学院、重庆第二师范学院、黄淮学院、怀化学院
490103,食品营养与健康,专科(高职),,三年,食品药品与粮食大类,食品类,专业导论、岗位基础技能、专业核心技术、设备/软件操作、项目实训、职业规范、综合实训、顶岗实习,category_template,rysxai课程文本未抽出课程名,中国农业大学、华南理工大学、中国海洋大学、西北农林科技大学、华中农业大学,头部/强研究型：核心课不一定换名称，但会加深数学/理论和研究训练，重点看理论深度、科研训练、交叉前沿、学术写作；样例：中国农业大学、华南理工大学、中国海洋大学、西北农林科技大学、华中农业大学,福建农林大学、山东农业大学、北京工商大学、长沙理工大学、河南农业大学,区域重点/特色优势：核心课保持完整，通常叠加地方产业、行业场景、实验项目和专业方向模块；样例：福建农林大学、山东农业大学、北京工商大学、长沙理工大学、河南农业大学,南阳理工学院、济宁学院、福建技术师范学院、山东女子学院、吉林农业科技学院,普通应用/职业供给：更强调岗位技能、项目实训、证书衔接、综合实践，课程呈现更实训化、工具化；样例：南阳理工学院、济宁学院、福建技术师范学院、山东女子学院、吉林农业科技学院
490104,食品检验检测技术,专科(高职),,三年,食品药品与粮食大类,食品类,专业导论、岗位基础技能、专业核心技术、设备/软件操作、项目实训、职业规范、综合实训、顶岗实习,category_template,rysxai课程文本未抽出课程名,库内未命中,头部/强研究型：核心课不一定换名称，但会加深数学/理论和研究训练，重点看理论深度、科研训练、交叉前沿、学术写作；样例：库内未命中该层次开设样例,内蒙古农业大学、广东轻工职业技术大学、武汉生物工程学院、东营职业学院、云南机电职业技术学院,区域重点/特色优势：核心课保持完整，通常叠加地方产业、行业场景、实验项目和专业方向模块；样例：内蒙古农业大学、广东轻工职业技术大学、武汉生物工程学院、东营职业学院、云南机电职业技术学院,齐鲁师范学院、信阳农林学院、北京科技职业大学、丽江师范学院、柳州职业技术大学,普通应用/职业供给：更强调岗位技能、项目实训、证书衔接、综合实践，课程呈现更实训化、工具化；样例：齐鲁师范学院、信阳农林学院、北京科技职业大学、丽江师范学院、柳州职业技术大学
490105,酿酒技术,专科(高职),,三年,食品药品与粮食大类,食品类,专业导论、岗位基础技能、专业核心技术、设备/软件操作、项目实训、职业规范、综合实训、顶岗实习,category_template,rysxai课程文本未抽出课程名,库内未命中,头部/强研究型：核心课不一定换名称，但会加深数学/理论和研究训练，重点看理论深度、科研训练、交叉前沿、学术写作；样例：库内未命中该层次开设样例,库内未命中,区域重点/特色优势：核心课保持完整，通常叠加地方产业、行业场景、实验项目和专业方向模块；样例：库内未命中该层次开设样例,贵州轻工职业大学、可克达拉职业技术学院、吐鲁番职业技术学院、吕梁职业技术学院、四川化工职业技术学院,普通应用/职业供给：更强调岗位技能、项目实训、证书衔接、综合实践，课程呈现更实训化、工具化；样例：贵州轻工职业大学、可克达拉职业技术学院、吐鲁番职业技术学院、吕梁职业技术学院、四川化工职业技术学院
490106,食品贮运与营销,专科(高职),,三年,食品药品与粮食大类,食品类,专业导论、岗位基础技能、专业核心技术、设备/软件操作、项目实训、职业规范、综合实训、顶岗实习,category_template,rysxai课程文本未抽出课程名,库内未命中,头部/强研究型：核心课不一定换名称，但会加深数学/理论和研究训练，重点看理论深度、科研训练、交叉前沿、学术写作；样例：库内未命中该层次开设样例,云南机电职业技术学院、河南经贸职业学院,区域重点/特色优势：核心课保持完整，通常叠加地方产业、行业场景、实验项目和专业方向模块；样例：云南机电职业技术学院、河南经贸职业学院,漯河食品工程职业大学、安徽粮食工程职业学院、广西工商职业技术学院、成都农业科技职业学院、河南林业职业学院,普通应用/职业供给：更强调岗位技能、项目实训、证书衔接、综合实践，课程呈现更实训化、工具化；样例：漯河食品工程职业大学、安徽粮食工程职业学院、广西工商职业技术学院、成都农业科技职业学院、河南林业职业学院
490107,咖啡加工与应用技术,专科(高职),,,食品药品与粮食大类,食品类,专业导论、岗位基础技能、专业核心技术、设备/软件操作、项目实训、职业规范、综合实训、顶岗实习,category_template,未匹配rysxai课程文本,库内未命中,头部/强研究型：核心课不一定换名称，但会加深数学/理论和研究训练，重点看理论深度、科研训练、交叉前沿、学术写作；样例：库内未命中该层次开设样例,库内未命中,区域重点/特色优势：核心课保持完整，通常叠加地方产业、行业场景、实验项目和专业方向模块；样例：库内未命中该层次开设样例,库内未命中,普通应用/职业供给：更强调岗位技能、项目实训、证书衔接、综合实践，课程呈现更实训化、工具化；样例：库内未命中该层次开设样例
490201,药品生产技术,专科(高职),,三年,食品药品与粮食大类,药品与医疗器械类,专业导论、岗位基础技能、专业核心技术、设备/软件操作、项目实训、职业规范、综合实训、顶岗实习,category_template,rysxai课程文本未抽出课程名,库内未命中,头部/强研究型：核心课不一定换名称，但会加深数学/理论和研究训练，重点看理论深度、科研训练、交叉前沿、学术写作；样例：库内未命中该层次开设样例,内蒙古医科大学、广西中医药大学、广东轻工职业技术大学、曲靖健康医学院、武汉生物工程学院,区域重点/特色优势：核心课保持完整，通常叠加地方产业、行业场景、实验项目和专业方向模块；样例：内蒙古医科大学、广西中医药大学、广东轻工职业技术大学、曲靖健康医学院、武汉生物工程学院,景德镇学院、菏泽学院、桂林师范学院、金华职业技术大学、河北工业职业技术大学,普通应用/职业供给：更强调岗位技能、项目实训、证书衔接、综合实践，课程呈现更实训化、工具化；样例：景德镇学院、菏泽学院、桂林师范学院、金华职业技术大学、河北工业职业技术大学
490202,生物制药技术,专科(高职),,三年,食品药品与粮食大类,药品与医疗器械类,专业导论、岗位基础技能、专业核心技术、设备/软件操作、项目实训、职业规范、综合实训、顶岗实习,category_template,rysxai课程文本未抽出课程名,库内未命中,头部/强研究型：核心课不一定换名称，但会加深数学/理论和研究训练，重点看理论深度、科研训练、交叉前沿、学术写作；样例：库内未命中该层次开设样例,广东轻工职业技术大学、吉林工业职业技术学院、山东商业职业技术学院、广东食品药品职业学院、徐州工业职业技术学院,区域重点/特色优势：核心课保持完整，通常叠加地方产业、行业场景、实验项目和专业方向模块；样例：广东轻工职业技术大学、吉林工业职业技术学院、山东商业职业技术学院、广东食品药品职业学院、徐州工业职业技术学院,信阳农林学院、武汉职业技术大学、金华职业技术大学、苏州职业技术大学、连云港师范学院,普通应用/职业供给：更强调岗位技能、项目实训、证书衔接、综合实践，课程呈现更实训化、工具化；样例：信阳农林学院、武汉职业技术大学、金华职业技术大学、苏州职业技术大学、连云港师范学院
490203,药物制剂技术,专科(高职),,三年,食品药品与粮食大类,药品与医疗器械类,专业导论、岗位基础技能、专业核心技术、设备/软件操作、项目实训、职业规范、综合实训、顶岗实习,category_template,rysxai课程文本未抽出课程名,库内未命中,头部/强研究型：核心课不一定换名称，但会加深数学/理论和研究训练，重点看理论深度、科研训练、交叉前沿、学术写作；样例：库内未命中该层次开设样例,长春中医药大学、吉林工业职业技术学院、广东食品药品职业学院、江苏农牧科技职业学院、江苏食品药品职业技术学院,区域重点/特色优势：核心课保持完整，通常叠加地方产业、行业场景、实验项目和专业方向模块；样例：长春中医药大学、吉林工业职业技术学院、广东食品药品职业学院、江苏农牧科技职业学院、江苏食品药品职业技术学院,浙江药科职业大学、抚州医药学院、淄博职业技术大学、安徽职业技术大学、荆州学院,普通应用/职业供给：更强调岗位技能、项目实训、证书衔接、综合实践，课程呈现更实训化、工具化；样例：浙江药科职业大学、抚州医药学院、淄博职业技术大学、安徽职业技术大学、荆州学院
490204,化学制药技术,专科(高职),,三年,食品药品与粮食大类,药品与医疗器械类,专业导论、岗位基础技能、专业核心技术、设备/软件操作、项目实训、职业规范、综合实训、顶岗实习,category_template,rysxai课程文本未抽出课程名,库内未命中,头部/强研究型：核心课不一定换名称，但会加深数学/理论和研究训练，重点看理论深度、科研训练、交叉前沿、学术写作；样例：库内未命中该层次开设样例,内江师范学院、吉林工业职业技术学院、广东食品药品职业学院、河北化工医药职业技术学院,区域重点/特色优势：核心课保持完整，通常叠加地方产业、行业场景、实验项目和专业方向模块；样例：内江师范学院、吉林工业职业技术学院、广东食品药品职业学院、河北化工医药职业技术学院,台州职业技术学院、天津生物工程职业技术学院、山东化工职业学院、山东药品食品职业学院、广西现代职业技术学院,普通应用/职业供给：更强调岗位技能、项目实训、证书衔接、综合实践，课程呈现更实训化、工具化；样例：台州职业技术学院、天津生物工程职业技术学院、山东化工职业学院、山东药品食品职业学院、广西现代职业技术学院
490205,兽药制药技术,专科(高职),,三年,食品药品与粮食大类,药品与医疗器械类,专业导论、岗位基础技能、专业核心技术、设备/软件操作、项目实训、职业规范、综合实训、顶岗实习,category_template,rysxai课程文本未抽出课程名,库内未命中,头部/强研究型：核心课不一定换名称，但会加深数学/理论和研究训练，重点看理论深度、科研训练、交叉前沿、学术写作；样例：库内未命中该层次开设样例,库内未命中,区域重点/特色优势：核心课保持完整，通常叠加地方产业、行业场景、实验项目和专业方向模块；样例：库内未命中该层次开设样例,山西药科职业学院,普通应用/职业供给：更强调岗位技能、项目实训、证书衔接、综合实践，课程呈现更实训化、工具化；样例：山西药科职业学院
490206,药品质量与安全,专科(高职),,三年,食品药品与粮食大类,药品与医疗器械类,专业导论、岗位基础技能、专业核心技术、设备/软件操作、项目实训、职业规范、综合实训、顶岗实习,category_template,rysxai课程文本未抽出课程名,库内未命中,头部/强研究型：核心课不一定换名称，但会加深数学/理论和研究训练，重点看理论深度、科研训练、交叉前沿、学术写作；样例：库内未命中该层次开设样例,曲靖健康医学院、合肥职业技术学院、威海职业学院、山东畜牧兽医职业学院、山东职业学院,区域重点/特色优势：核心课保持完整，通常叠加地方产业、行业场景、实验项目和专业方向模块；样例：曲靖健康医学院、合肥职业技术学院、威海职业学院、山东畜牧兽医职业学院、山东职业学院,菏泽学院、浙江药科职业大学、连云港师范学院、陕西农林职业技术大学、抚州医药学院,普通应用/职业供给：更强调岗位技能、项目实训、证书衔接、综合实践，课程呈现更实训化、工具化；样例：菏泽学院、浙江药科职业大学、连云港师范学院、陕西农林职业技术大学、抚州医药学院
490207,制药设备应用技术,专科(高职),,三年,食品药品与粮食大类,药品与医疗器械类,专业导论、岗位基础技能、专业核心技术、设备/软件操作、项目实训、职业规范、综合实训、顶岗实习,category_template,rysxai课程文本未抽出课程名,库内未命中,头部/强研究型：核心课不一定换名称，但会加深数学/理论和研究训练，重点看理论深度、科研训练、交叉前沿、学术写作；样例：库内未命中该层次开设样例,广东食品药品职业学院、江苏食品药品职业技术学院,区域重点/特色优势：核心课保持完整，通常叠加地方产业、行业场景、实验项目和专业方向模块；样例：广东食品药品职业学院、江苏食品药品职业技术学院,浙江药科职业大学、天津生物工程职业技术学院、山东药品食品职业学院、山西药科职业学院、重庆三峡医药高等专科学校,普通应用/职业供给：更强调岗位技能、项目实训、证书衔接、综合实践，课程呈现更实训化、工具化；样例：浙江药科职业大学、天津生物工程职业技术学院、山东药品食品职业学院、山西药科职业学院、重庆三峡医药高等专科学校
490208,药品经营与管理,专科(高职),,三年,食品药品与粮食大类,药品与医疗器械类,专业导论、岗位基础技能、专业核心技术、设备/软件操作、项目实训、职业规范、综合实训、顶岗实习,category_template,rysxai课程文本未抽出课程名,库内未命中,头部/强研究型：核心课不一定换名称，但会加深数学/理论和研究训练，重点看理论深度、科研训练、交叉前沿、学术写作；样例：库内未命中该层次开设样例,广西中医药大学、桂林医科大学、曲靖健康医学院、邢台医学院、武汉生物工程学院,区域重点/特色优势：核心课保持完整，通常叠加地方产业、行业场景、实验项目和专业方向模块；样例：广西中医药大学、桂林医科大学、曲靖健康医学院、邢台医学院、武汉生物工程学院,桂林师范学院、肇庆医学院、武汉职业技术大学、河北工业职业技术大学、浙江药科职业大学,普通应用/职业供给：更强调岗位技能、项目实训、证书衔接、综合实践，课程呈现更实训化、工具化；样例：桂林师范学院、肇庆医学院、武汉职业技术大学、河北工业职业技术大学、浙江药科职业大学
490209,食品药品监督管理,专科(高职),,三年,食品药品与粮食大类,药品与医疗器械类,专业导论、岗位基础技能、专业核心技术、设备/软件操作、项目实训、职业规范、综合实训、顶岗实习,category_template,rysxai课程文本未抽出课程名,库内未命中,头部/强研究型：核心课不一定换名称，但会加深数学/理论和研究训练，重点看理论深度、科研训练、交叉前沿、学术写作；样例：库内未命中该层次开设样例,山东商业职业技术学院、山东畜牧兽医职业学院、江苏农牧科技职业学院、江苏经贸职业技术学院、江苏食品药品职业技术学院,区域重点/特色优势：核心课保持完整，通常叠加地方产业、行业场景、实验项目和专业方向模块；样例：山东商业职业技术学院、山东畜牧兽医职业学院、江苏农牧科技职业学院、江苏经贸职业技术学院、江苏食品药品职业技术学院,武汉职业技术大学、浙江药科职业大学、贵州轻工职业大学、武威职业技术大学、漯河食品工程职业大学,普通应用/职业供给：更强调岗位技能、项目实训、证书衔接、综合实践，课程呈现更实训化、工具化；样例：武汉职业技术大学、浙江药科职业大学、贵州轻工职业大学、武威职业技术大学、漯河食品工程职业大学
490210,智能医疗装备技术,专科(高职),,三年,食品药品与粮食大类,药品与医疗器械类,专业导论、岗位基础技能、专业核心技术、设备/软件操作、项目实训、职业规范、综合实训、顶岗实习,category_template,rysxai课程文本未抽出课程名,库内未命中,头部/强研究型：核心课不一定换名称，但会加深数学/理论和研究训练，重点看理论深度、科研训练、交叉前沿、学术写作；样例：库内未命中该层次开设样例,上海健康医学院、邢台医学院、内蒙古化工职业学院、广东食品药品职业学院、河北化工医药职业技术学院,区域重点/特色优势：核心课保持完整，通常叠加地方产业、行业场景、实验项目和专业方向模块；样例：上海健康医学院、邢台医学院、内蒙古化工职业学院、广东食品药品职业学院、河北化工医药职业技术学院,豫北医学院、重庆电子科技职业大学、齐鲁医药学院、安徽第二医学院、西安外事学院,普通应用/职业供给：更强调岗位技能、项目实训、证书衔接、综合实践，课程呈现更实训化、工具化；样例：豫北医学院、重庆电子科技职业大学、齐鲁医药学院、安徽第二医学院、西安外事学院
490211,医用电子仪器技术,专科(高职),,三年,食品药品与粮食大类,药品与医疗器械类,专业导论、岗位基础技能、专业核心技术、设备/软件操作、项目实训、职业规范、综合实训、顶岗实习,category_template,rysxai课程文本未抽出课程名,库内未命中,头部/强研究型：核心课不一定换名称，但会加深数学/理论和研究训练，重点看理论深度、科研训练、交叉前沿、学术写作；样例：库内未命中该层次开设样例,广东食品药品职业学院,区域重点/特色优势：核心课保持完整，通常叠加地方产业、行业场景、实验项目和专业方向模块；样例：广东食品药品职业学院,重庆电子科技职业大学、上海中侨职业技术大学、天津生物工程职业技术学院、威海海洋职业学院、山东药品食品职业学院,普通应用/职业供给：更强调岗位技能、项目实训、证书衔接、综合实践，课程呈现更实训化、工具化；样例：重庆电子科技职业大学、上海中侨职业技术大学、天津生物工程职业技术学院、威海海洋职业学院、山东药品食品职业学院
490212,医用材料与应用,专科(高职),,三年,食品药品与粮食大类,药品与医疗器械类,专业导论、岗位基础技能、专业核心技术、设备/软件操作、项目实训、职业规范、综合实训、顶岗实习,category_template,rysxai课程文本未抽出课程名,库内未命中,头部/强研究型：核心课不一定换名称，但会加深数学/理论和研究训练，重点看理论深度、科研训练、交叉前沿、学术写作；样例：库内未命中该层次开设样例,广东轻工职业技术大学、广东食品药品职业学院,区域重点/特色优势：核心课保持完整，通常叠加地方产业、行业场景、实验项目和专业方向模块；样例：广东轻工职业技术大学、广东食品药品职业学院,库内未命中,普通应用/职业供给：更强调岗位技能、项目实训、证书衔接、综合实践，课程呈现更实训化、工具化；样例：库内未命中该层次开设样例
490213,医疗器械维护与管理,专科(高职),,三年,食品药品与粮食大类,药品与医疗器械类,专业导论、岗位基础技能、专业核心技术、设备/软件操作、项目实训、职业规范、综合实训、顶岗实习,category_template,rysxai课程文本未抽出课程名,库内未命中,头部/强研究型：核心课不一定换名称，但会加深数学/理论和研究训练，重点看理论深度、科研训练、交叉前沿、学术写作；样例：库内未命中该层次开设样例,上海健康医学院、山西机电职业技术学院、广东食品药品职业学院、江苏食品药品职业技术学院、河北化工医药职业技术学院,区域重点/特色优势：核心课保持完整，通常叠加地方产业、行业场景、实验项目和专业方向模块；样例：上海健康医学院、山西机电职业技术学院、广东食品药品职业学院、江苏食品药品职业技术学院、河北化工医药职业技术学院,豫北医学院、长春职业技术大学、郑州健康学院、亳州职业技术学院、信阳职业技术学院,普通应用/职业供给：更强调岗位技能、项目实训、证书衔接、综合实践，课程呈现更实训化、工具化；样例：豫北医学院、长春职业技术大学、郑州健康学院、亳州职业技术学院、信阳职业技术学院
490214,医疗器械经营与服务,专科(高职),,三年,食品药品与粮食大类,药品与医疗器械类,专业导论、岗位基础技能、专业核心技术、设备/软件操作、项目实训、职业规范、综合实训、顶岗实习,category_template,rysxai课程文本未抽出课程名,库内未命中,头部/强研究型：核心课不一定换名称，但会加深数学/理论和研究训练，重点看理论深度、科研训练、交叉前沿、学术写作；样例：库内未命中该层次开设样例,威海职业学院、广东食品药品职业学院,区域重点/特色优势：核心课保持完整，通常叠加地方产业、行业场景、实验项目和专业方向模块；样例：威海职业学院、广东食品药品职业学院,豫北医学院、浙江药科职业大学、威海海洋职业学院、山东药品食品职业学院、楚雄医药高等专科学校,普通应用/职业供给：更强调岗位技能、项目实训、证书衔接、综合实践，课程呈现更实训化、工具化；样例：豫北医学院、浙江药科职业大学、威海海洋职业学院、山东药品食品职业学院、楚雄医药高等专科学校
490215,康复工程技术,专科(高职),,三年,食品药品与粮食大类,药品与医疗器械类,专业导论、岗位基础技能、专业核心技术、设备/软件操作、项目实训、职业规范、综合实训、顶岗实习,category_template,rysxai课程文本未抽出课程名,库内未命中,头部/强研究型：核心课不一定换名称，但会加深数学/理论和研究训练，重点看理论深度、科研训练、交叉前沿、学术写作；样例：库内未命中该层次开设样例,上海健康医学院,区域重点/特色优势：核心课保持完整，通常叠加地方产业、行业场景、实验项目和专业方向模块；样例：上海健康医学院,浙江药科职业大学、河南质量工程职业学院、辽宁医药职业学院、重庆城市管理职业学院、杭州万向职业技术学院,普通应用/职业供给：更强调岗位技能、项目实训、证书衔接、综合实践，课程呈现更实训化、工具化；样例：浙江药科职业大学、河南质量工程职业学院、辽宁医药职业学院、重庆城市管理职业学院、杭州万向职业技术学院
490216,保健食品质量与管理,专科(高职),,三年,食品药品与粮食大类,药品与医疗器械类,专业导论、岗位基础技能、专业核心技术、设备/软件操作、项目实训、职业规范、综合实训、顶岗实习,category_template,rysxai课程文本未抽出课程名,库内未命中,头部/强研究型：核心课不一定换名称，但会加深数学/理论和研究训练，重点看理论深度、科研训练、交叉前沿、学术写作；样例：库内未命中该层次开设样例,广东食品药品职业学院,区域重点/特色优势：核心课保持完整，通常叠加地方产业、行业场景、实验项目和专业方向模块；样例：广东食品药品职业学院,安徽中医药高等专科学校、楚雄医药高等专科学校,普通应用/职业供给：更强调岗位技能、项目实训、证书衔接、综合实践，课程呈现更实训化、工具化；样例：安徽中医药高等专科学校、楚雄医药高等专科学校
490217,化妆品经营与管理,专科(高职),,三年,食品药品与粮食大类,药品与医疗器械类,专业导论、岗位基础技能、专业核心技术、设备/软件操作、项目实训、职业规范、综合实训、顶岗实习,category_template,rysxai课程文本未抽出课程名,库内未命中,头部/强研究型：核心课不一定换名称，但会加深数学/理论和研究训练，重点看理论深度、科研训练、交叉前沿、学术写作；样例：库内未命中该层次开设样例,广东职业技术学院、广东食品药品职业学院、河北化工医药职业技术学院、湖南化工职业技术学院,区域重点/特色优势：核心课保持完整，通常叠加地方产业、行业场景、实验项目和专业方向模块；样例：广东职业技术学院、广东食品药品职业学院、河北化工医药职业技术学院、湖南化工职业技术学院,浙江药科职业大学、北京交通职业技术学院、咸阳职业技术学院、安徽国际商务职业学院、山东药品食品职业学院,普通应用/职业供给：更强调岗位技能、项目实训、证书衔接、综合实践，课程呈现更实训化、工具化；样例：浙江药科职业大学、北京交通职业技术学院、咸阳职业技术学院、安徽国际商务职业学院、山东药品食品职业学院
490218,化妆品质量与安全,专科(高职),,三年,食品药品与粮食大类,药品与医疗器械类,专业导论、岗位基础技能、专业核心技术、设备/软件操作、项目实训、职业规范、综合实训、顶岗实习,category_template,rysxai课程文本未抽出课程名,库内未命中,头部/强研究型：核心课不一定换名称，但会加深数学/理论和研究训练，重点看理论深度、科研训练、交叉前沿、学术写作；样例：库内未命中该层次开设样例,广东食品药品职业学院,区域重点/特色优势：核心课保持完整，通常叠加地方产业、行业场景、实验项目和专业方向模块；样例：广东食品药品职业学院,浙江药科职业大学、潍坊理工学院、中山职业技术学院、山西药科职业学院,普通应用/职业供给：更强调岗位技能、项目实训、证书衔接、综合实践，课程呈现更实训化、工具化；样例：浙江药科职业大学、潍坊理工学院、中山职业技术学院、山西药科职业学院
490301,粮食工程技术与管理,专科(高职),,三年,食品药品与粮食大类,粮食类,专业导论、岗位基础技能、专业核心技术、设备/软件操作、项目实训、职业规范、综合实训、顶岗实习,category_template,rysxai课程文本未抽出课程名,库内未命中,头部/强研究型：核心课不一定换名称，但会加深数学/理论和研究训练，重点看理论深度、科研训练、交叉前沿、学术写作；样例：库内未命中该层次开设样例,云南机电职业技术学院、江西工业贸易职业技术学院,区域重点/特色优势：核心课保持完整，通常叠加地方产业、行业场景、实验项目和专业方向模块；样例：云南机电职业技术学院、江西工业贸易职业技术学院,漯河食品工程职业大学、吉林工程职业学院、安徽粮食工程职业学院、山东商务职业学院、广西工商职业技术学院,普通应用/职业供给：更强调岗位技能、项目实训、证书衔接、综合实践，课程呈现更实训化、工具化；样例：漯河食品工程职业大学、吉林工程职业学院、安徽粮食工程职业学院、山东商务职业学院、广西工商职业技术学院
490302,粮食储运与质量安全,专科(高职),,三年,食品药品与粮食大类,粮食类,专业导论、岗位基础技能、专业核心技术、设备/软件操作、项目实训、职业规范、综合实训、顶岗实习,category_template,rysxai课程文本未抽出课程名,库内未命中,头部/强研究型：核心课不一定换名称，但会加深数学/理论和研究训练，重点看理论深度、科研训练、交叉前沿、学术写作；样例：库内未命中该层次开设样例,江西工业贸易职业技术学院,区域重点/特色优势：核心课保持完整，通常叠加地方产业、行业场景、实验项目和专业方向模块；样例：江西工业贸易职业技术学院,新疆农业职业技术大学、安徽粮食工程职业学院、山东商务职业学院、广西工商职业技术学院、河南工业贸易职业学院,普通应用/职业供给：更强调岗位技能、项目实训、证书衔接、综合实践，课程呈现更实训化、工具化；样例：新疆农业职业技术大学、安徽粮食工程职业学院、山东商务职业学院、广西工商职业技术学院、河南工业贸易职业学院
230101,电力工程及自动化,本科(职业),工学学士,四年,能源动力与材料大类,电力技术类,专业导论、专业核心理论、专业方法与工具、实验/实践课程、方向模块课程、课程设计、毕业论文/设计,category_template,未匹配rysxai课程文本,库内未命中,头部/强研究型：核心课不一定换名称，但会加深数学/理论和研究训练，重点看理论深度、科研训练、交叉前沿、学术写作；样例：库内未命中该层次开设样例,岭南师范学院,区域重点/特色优势：核心课保持完整，通常叠加地方产业、行业场景、实验项目和专业方向模块；样例：岭南师范学院,库内未命中,普通应用/职业供给：更强调岗位技能、项目实训、证书衔接、综合实践，课程呈现更实训化、工具化；样例：库内未命中该层次开设样例
230102,智能电网工程技术,本科(职业),工学学士,四年,能源动力与材料大类,电力技术类,专业导论、专业核心理论、专业方法与工具、实验/实践课程、方向模块课程、课程设计、毕业论文/设计,category_template,未匹配rysxai课程文本,库内未命中,头部/强研究型：核心课不一定换名称，但会加深数学/理论和研究训练，重点看理论深度、科研训练、交叉前沿、学术写作；样例：库内未命中该层次开设样例,库内未命中,区域重点/特色优势：核心课保持完整，通常叠加地方产业、行业场景、实验项目和专业方向模块；样例：库内未命中该层次开设样例,南京工业职业技术大学、兰州资源环境职业技术大学,普通应用/职业供给：更强调岗位技能、项目实训、证书衔接、综合实践，课程呈现更实训化、工具化；样例：南京工业职业技术大学、兰州资源环境职业技术大学
230103,智慧综合能源工程,本科(职业),工学学士,四年,能源动力与材料大类,电力技术类,专业导论、专业核心理论、专业方法与工具、实验/实践课程、方向模块课程、课程设计、毕业论文/设计,category_template,未匹配rysxai课程文本,库内未命中,头部/强研究型：核心课不一定换名称，但会加深数学/理论和研究训练，重点看理论深度、科研训练、交叉前沿、学术写作；样例：库内未命中该层次开设样例,库内未命中,区域重点/特色优势：核心课保持完整，通常叠加地方产业、行业场景、实验项目和专业方向模块；样例：库内未命中该层次开设样例,库内未命中,普通应用/职业供给：更强调岗位技能、项目实训、证书衔接、综合实践，课程呈现更实训化、工具化；样例：库内未命中该层次开设样例
230201,热能动力工程,本科(职业),工学学士,四年,能源动力与材料大类,热能与发电工程类,专业导论、专业核心理论、专业方法与工具、实验/实践课程、方向模块课程、课程设计、毕业论文/设计,category_template,未匹配rysxai课程文本,库内未命中,头部/强研究型：核心课不一定换名称，但会加深数学/理论和研究训练，重点看理论深度、科研训练、交叉前沿、学术写作；样例：库内未命中该层次开设样例,库内未命中,区域重点/特色优势：核心课保持完整，通常叠加地方产业、行业场景、实验项目和专业方向模块；样例：库内未命中该层次开设样例,河北石油职业技术大学,普通应用/职业供给：更强调岗位技能、项目实训、证书衔接、综合实践，课程呈现更实训化、工具化；样例：河北石油职业技术大学
230202,核工程与核技术应用,本科(职业),工学学士,四年,能源动力与材料大类,热能与发电工程类,专业导论、专业核心理论、专业方法与工具、实验/实践课程、方向模块课程、课程设计、毕业论文/设计,category_template,未匹配rysxai课程文本,库内未命中,头部/强研究型：核心课不一定换名称，但会加深数学/理论和研究训练，重点看理论深度、科研训练、交叉前沿、学术写作；样例：库内未命中该层次开设样例,库内未命中,区域重点/特色优势：核心课保持完整，通常叠加地方产业、行业场景、实验项目和专业方向模块；样例：库内未命中该层次开设样例,库内未命中,普通应用/职业供给：更强调岗位技能、项目实训、证书衔接、综合实践，课程呈现更实训化、工具化；样例：库内未命中该层次开设样例
230301,新能源发电工程技术,本科(职业),工学学士,四年,能源动力与材料大类,新能源发电工程类,专业导论、专业核心理论、专业方法与工具、实验/实践课程、方向模块课程、课程设计、毕业论文/设计,category_template,未匹配rysxai课程文本,库内未命中,头部/强研究型：核心课不一定换名称，但会加深数学/理论和研究训练，重点看理论深度、科研训练、交叉前沿、学术写作；样例：库内未命中该层次开设样例,库内未命中,区域重点/特色优势：核心课保持完整，通常叠加地方产业、行业场景、实验项目和专业方向模块；样例：库内未命中该层次开设样例,南京工业职业技术大学、河北石油职业技术大学、酒泉职业技术大学、武威职业技术大学,普通应用/职业供给：更强调岗位技能、项目实训、证书衔接、综合实践，课程呈现更实训化、工具化；样例：南京工业职业技术大学、河北石油职业技术大学、酒泉职业技术大学、武威职业技术大学
230401,钢铁智能冶金技术,本科(职业),工学学士,四年,能源动力与材料大类,黑色金属材料类,材料科学基础、材料物理化学、材料力学性能、材料现代分析方法、金属材料学、高分子材料、材料成型原理、材料工艺实验,category_template,rysxai课程文本未抽出课程名,库内未命中,头部/强研究型：核心课不一定换名称，但会加深数学/理论和研究训练，重点看理论深度、科研训练、交叉前沿、学术写作；样例：库内未命中该层次开设样例,华北理工大学、山西工程职业学院,区域重点/特色优势：核心课保持完整，通常叠加地方产业、行业场景、实验项目和专业方向模块；样例：华北理工大学、山西工程职业学院,河北工业职业技术大学、河北科技工程职业技术大学、兰州资源环境职业技术大学、伊春职业学院、吉林电子信息职业技术学院,普通应用/职业供给：更强调岗位技能、项目实训、证书衔接、综合实践，课程呈现更实训化、工具化；样例：河北工业职业技术大学、河北科技工程职业技术大学、兰州资源环境职业技术大学、伊春职业学院、吉林电子信息职业技术学院
230402,钢铁智能轧制技术,本科(职业),工学学士,四年,能源动力与材料大类,黑色金属材料类,材料科学基础、材料物理化学、材料力学性能、材料现代分析方法、金属材料学、高分子材料、材料成型原理、材料工艺实验,category_template,未匹配rysxai课程文本,库内未命中,头部/强研究型：核心课不一定换名称，但会加深数学/理论和研究训练，重点看理论深度、科研训练、交叉前沿、学术写作；样例：库内未命中该层次开设样例,库内未命中,区域重点/特色优势：核心课保持完整，通常叠加地方产业、行业场景、实验项目和专业方向模块；样例：库内未命中该层次开设样例,河北工业职业技术大学,普通应用/职业供给：更强调岗位技能、项目实训、证书衔接、综合实践，课程呈现更实训化、工具化；样例：河北工业职业技术大学
230501,材料化冶金应用技术,本科(职业),工学学士,四年,能源动力与材料大类,有色金属材料类,材料科学基础、材料物理化学、材料力学性能、材料现代分析方法、金属材料学、高分子材料、材料成型原理、材料工艺实验,category_template,未匹配rysxai课程文本,库内未命中,头部/强研究型：核心课不一定换名称，但会加深数学/理论和研究训练，重点看理论深度、科研训练、交叉前沿、学术写作；样例：库内未命中该层次开设样例,库内未命中,区域重点/特色优势：核心课保持完整，通常叠加地方产业、行业场景、实验项目和专业方向模块；样例：库内未命中该层次开设样例,河北工业职业技术大学、兰州资源环境职业技术大学,普通应用/职业供给：更强调岗位技能、项目实训、证书衔接、综合实践，课程呈现更实训化、工具化；样例：河北工业职业技术大学、兰州资源环境职业技术大学
230502,金属智能成型技术,本科(职业),工学学士,四年,能源动力与材料大类,有色金属材料类,材料科学基础、材料物理化学、材料力学性能、材料现代分析方法、金属材料学、高分子材料、材料成型原理、材料工艺实验,category_template,未匹配rysxai课程文本,库内未命中,头部/强研究型：核心课不一定换名称，但会加深数学/理论和研究训练，重点看理论深度、科研训练、交叉前沿、学术写作；样例：库内未命中该层次开设样例,库内未命中,区域重点/特色优势：核心课保持完整，通常叠加地方产业、行业场景、实验项目和专业方向模块；样例：库内未命中该层次开设样例,库内未命中,普通应用/职业供给：更强调岗位技能、项目实训、证书衔接、综合实践，课程呈现更实训化、工具化；样例：库内未命中该层次开设样例
230503,储能材料工程技术,本科(职业),工学学士,四年,能源动力与材料大类,有色金属材料类,材料科学基础、材料物理化学、材料力学性能、材料现代分析方法、金属材料学、高分子材料、材料成型原理、材料工艺实验,category_template,未匹配rysxai课程文本,库内未命中,头部/强研究型：核心课不一定换名称，但会加深数学/理论和研究训练，重点看理论深度、科研训练、交叉前沿、学术写作；样例：库内未命中该层次开设样例,库内未命中,区域重点/特色优势：核心课保持完整，通常叠加地方产业、行业场景、实验项目和专业方向模块；样例：库内未命中该层次开设样例,湖南汽车工程职业大学、兰州资源环境职业技术大学,普通应用/职业供给：更强调岗位技能、项目实训、证书衔接、综合实践，课程呈现更实训化、工具化；样例：湖南汽车工程职业大学、兰州资源环境职业技术大学
230601,高分子材料工程技术,本科(职业),工学学士,四年,能源动力与材料大类,非金属材料类,材料科学基础、材料物理化学、材料力学性能、材料现代分析方法、金属材料学、高分子材料、材料成型原理、材料工艺实验,category_template,未匹配rysxai课程文本,库内未命中,头部/强研究型：核心课不一定换名称，但会加深数学/理论和研究训练，重点看理论深度、科研训练、交叉前沿、学术写作；样例：库内未命中该层次开设样例,广东轻工职业技术大学,区域重点/特色优势：核心课保持完整，通常叠加地方产业、行业场景、实验项目和专业方向模块；样例：广东轻工职业技术大学,兰州石化职业技术大学,普通应用/职业供给：更强调岗位技能、项目实训、证书衔接、综合实践，课程呈现更实训化、工具化；样例：兰州石化职业技术大学
230602,新材料与应用技术,本科(职业),工学学士,四年,能源动力与材料大类,非金属材料类,材料科学基础、材料物理化学、材料力学性能、材料现代分析方法、金属材料学、高分子材料、材料成型原理、材料工艺实验,category_template,未匹配rysxai课程文本,库内未命中,头部/强研究型：核心课不一定换名称，但会加深数学/理论和研究训练，重点看理论深度、科研训练、交叉前沿、学术写作；样例：库内未命中该层次开设样例,深圳职业技术大学、顺德职业技术大学,区域重点/特色优势：核心课保持完整，通常叠加地方产业、行业场景、实验项目和专业方向模块；样例：深圳职业技术大学、顺德职业技术大学,浙江药科职业大学、景德镇艺术职业大学、黎明职业大学,普通应用/职业供给：更强调岗位技能、项目实训、证书衔接、综合实践，课程呈现更实训化、工具化；样例：浙江药科职业大学、景德镇艺术职业大学、黎明职业大学
230701,建筑材料智能制造,本科(职业),工学学士,四年,能源动力与材料大类,建筑材料类,材料科学基础、材料物理化学、材料力学性能、材料现代分析方法、金属材料学、高分子材料、材料成型原理、材料工艺实验,category_template,未匹配rysxai课程文本,库内未命中,头部/强研究型：核心课不一定换名称，但会加深数学/理论和研究训练，重点看理论深度、科研训练、交叉前沿、学术写作；样例：库内未命中该层次开设样例,库内未命中,区域重点/特色优势：核心课保持完整，通常叠加地方产业、行业场景、实验项目和专业方向模块；样例：库内未命中该层次开设样例,库内未命中,普通应用/职业供给：更强调岗位技能、项目实训、证书衔接、综合实践，课程呈现更实训化、工具化；样例：库内未命中该层次开设样例
350101,工艺美术,本科(职业),艺术学学士,四年,文化艺术大类,艺术设计类,设计素描、设计色彩、线描艺术、透视学、图案、立体构成、色彩构成、平勾与色构、工艺美术概论、中外美术史,rysxai_major_course,,清华大学、上海大学、北京工业大学、福州大学、湖南师范大学,头部/强研究型：核心课不一定换名称，但会加深数学/理论和研究训练，重点看理论深度、科研训练、交叉前沿、学术写作；样例：清华大学、上海大学、北京工业大学、福州大学、湖南师范大学,长沙理工大学、安徽师范大学、广西师范大学、南昌航空大学、桂林电子科技大学,区域重点/特色优势：核心课保持完整，通常叠加地方产业、行业场景、实验项目和专业方向模块；样例：长沙理工大学、安徽师范大学、广西师范大学、南昌航空大学、桂林电子科技大学,齐鲁师范学院、福建技术师范学院、黄山学院、四川旅游学院、保定学院,普通应用/职业供给：更强调岗位技能、项目实训、证书衔接、综合实践，课程呈现更实训化、工具化；样例：齐鲁师范学院、福建技术师范学院、黄山学院、四川旅游学院、保定学院
350102,视觉传达设计,本科(职业),艺术学学士,四年,文化艺术大类,艺术设计类,造型基础、设计素描、线描基础、国画基础、色彩构成、平面构成、立体构成、表现、美术史考察、设计概论,rysxai_major_course,,清华大学、上海交通大学、北京航空航天大学、北京理工大学、四川大学,头部/强研究型：核心课不一定换名称，但会加深数学/理论和研究训练，重点看理论深度、科研训练、交叉前沿、学术写作；样例：清华大学、上海交通大学、北京航空航天大学、北京理工大学、四川大学,浙江工商大学、上海理工大学、青岛大学、燕山大学、昆明理工大学,区域重点/特色优势：核心课保持完整，通常叠加地方产业、行业场景、实验项目和专业方向模块；样例：浙江工商大学、上海理工大学、青岛大学、燕山大学、昆明理工大学,洛阳理工学院、周口师范学院、湘南学院、许昌学院、江苏第二师范学院,普通应用/职业供给：更强调岗位技能、项目实训、证书衔接、综合实践，课程呈现更实训化、工具化；样例：洛阳理工学院、周口师范学院、湘南学院、许昌学院、江苏第二师范学院
350103,数字媒体艺术,本科(职业),艺术学学士,四年,文化艺术大类,艺术设计类,设计素描、色彩基础、绘画基础、设计基础、造型基础、设计色彩、新媒体艺术概论、数字媒体艺术概论、设计美学、视听语言,rysxai_major_course,,华中科技大学、哈尔滨工业大学、哈尔滨工业大学(深圳)、北京师范大学、厦门大学,头部/强研究型：核心课不一定换名称，但会加深数学/理论和研究训练，重点看理论深度、科研训练、交叉前沿、学术写作；样例：华中科技大学、哈尔滨工业大学、哈尔滨工业大学(深圳)、北京师范大学、厦门大学,江西财经大学、浙江工商大学、西交利物浦大学、广州大学、北京电影学院,区域重点/特色优势：核心课保持完整，通常叠加地方产业、行业场景、实验项目和专业方向模块；样例：江西财经大学、浙江工商大学、西交利物浦大学、广州大学、北京电影学院,洛阳理工学院、湘南学院、江苏第二师范学院、六盘水师范学院、黄淮学院,普通应用/职业供给：更强调岗位技能、项目实训、证书衔接、综合实践，课程呈现更实训化、工具化；样例：洛阳理工学院、湘南学院、江苏第二师范学院、六盘水师范学院、黄淮学院
350104,产品设计,本科(职业),艺术学学士,四年,文化艺术大类,艺术设计类,素描、色彩传达、设计素描、工业设计概论、人机工程学、设计心理学、设计管理、设计手绘、制图、建模与渲染,rysxai_major_course,,清华大学、武汉大学、华中科技大学、哈尔滨工业大学、北京理工大学,头部/强研究型：核心课不一定换名称，但会加深数学/理论和研究训练，重点看理论深度、科研训练、交叉前沿、学术写作；样例：清华大学、武汉大学、华中科技大学、哈尔滨工业大学、北京理工大学,江西财经大学、浙江工商大学、广州大学、上海理工大学、燕山大学,区域重点/特色优势：核心课保持完整，通常叠加地方产业、行业场景、实验项目和专业方向模块；样例：江西财经大学、浙江工商大学、广州大学、上海理工大学、燕山大学,洛阳理工学院、湘南学院、许昌学院、怀化学院、河南工程学院,普通应用/职业供给：更强调岗位技能、项目实训、证书衔接、综合实践，课程呈现更实训化、工具化；样例：洛阳理工学院、湘南学院、许昌学院、怀化学院、河南工程学院
350105,服装与服饰设计,本科(职业),艺术学学士,四年,文化艺术大类,艺术设计类,纺织与服装概论、设计基础、构成基础、中外服装史、图案与设计构成、设计元素、服装画技法、平面设计、面料设计、传统印染织绣工艺,rysxai_major_course,,清华大学、四川大学、华南理工大学、中央民族大学、苏州大学,头部/强研究型：核心课不一定换名称，但会加深数学/理论和研究训练，重点看理论深度、科研训练、交叉前沿、学术写作；样例：清华大学、四川大学、华南理工大学、中央民族大学、苏州大学,青岛大学、昆明理工大学、大连医科大学、浙江理工大学、江西师范大学,区域重点/特色优势：核心课保持完整，通常叠加地方产业、行业场景、实验项目和专业方向模块；样例：青岛大学、昆明理工大学、大连医科大学、浙江理工大学、江西师范大学,周口师范学院、重庆第二师范学院、河南工程学院、南京特殊教育师范学院、武汉商学院,普通应用/职业供给：更强调岗位技能、项目实训、证书衔接、综合实践，课程呈现更实训化、工具化；样例：周口师范学院、重庆第二师范学院、河南工程学院、南京特殊教育师范学院、武汉商学院
350106,环境艺术设计,本科(职业),艺术学学士,四年,文化艺术大类,艺术设计类,专业导论、专业核心理论、专业方法与工具、实验/实践课程、方向模块课程、课程设计、毕业论文/设计,category_template,rysxai课程文本未抽出课程名,内蒙古大学,头部/强研究型：核心课不一定换名称，但会加深数学/理论和研究训练，重点看理论深度、科研训练、交叉前沿、学术写作；样例：内蒙古大学,深圳职业技术大学、深圳信息职业技术大学、内蒙古农业大学、桂林理工大学、广东轻工职业技术大学,区域重点/特色优势：核心课保持完整，通常叠加地方产业、行业场景、实验项目和专业方向模块；样例：深圳职业技术大学、深圳信息职业技术大学、内蒙古农业大学、桂林理工大学、广东轻工职业技术大学,河南工程学院、济宁学院、安阳工学院、山东农业工程学院、河南工学院,普通应用/职业供给：更强调岗位技能、项目实训、证书衔接、综合实践，课程呈现更实训化、工具化；样例：河南工程学院、济宁学院、安阳工学院、山东农业工程学院、河南工学院
350107,美术,本科(职业),艺术学学士,四年,文化艺术大类,艺术设计类,专业导论、专业核心理论、专业方法与工具、实验/实践课程、方向模块课程、课程设计、毕业论文/设计,category_template,未匹配rysxai课程文本,库内未命中,头部/强研究型：核心课不一定换名称，但会加深数学/理论和研究训练，重点看理论深度、科研训练、交叉前沿、学术写作；样例：库内未命中该层次开设样例,库内未命中,区域重点/特色优势：核心课保持完整，通常叠加地方产业、行业场景、实验项目和专业方向模块；样例：库内未命中该层次开设样例,广西农业职业技术大学、成都艺术职业大学,普通应用/职业供给：更强调岗位技能、项目实训、证书衔接、综合实践，课程呈现更实训化、工具化；样例：广西农业职业技术大学、成都艺术职业大学
350108,公共艺术设计,本科(职业),艺术学学士,四年,文化艺术大类,艺术设计类,专业导论、专业核心理论、专业方法与工具、实验/实践课程、方向模块课程、课程设计、毕业论文/设计,category_template,rysxai课程文本未抽出课程名,库内未命中,头部/强研究型：核心课不一定换名称，但会加深数学/理论和研究训练，重点看理论深度、科研训练、交叉前沿、学术写作；样例：库内未命中该层次开设样例,上海工艺美术职业学院、苏州工艺美术职业技术学院,区域重点/特色优势：核心课保持完整，通常叠加地方产业、行业场景、实验项目和专业方向模块；样例：上海工艺美术职业学院、苏州工艺美术职业技术学院,山东外国语职业技术大学、景德镇艺术职业大学、河北美术学院、四川艺术职业学院、河北工艺美术职业学院,普通应用/职业供给：更强调岗位技能、项目实训、证书衔接、综合实践，课程呈现更实训化、工具化；样例：山东外国语职业技术大学、景德镇艺术职业大学、河北美术学院、四川艺术职业学院、河北工艺美术职业学院
350109,游戏创意设计,本科(职业),艺术学学士,四年,文化艺术大类,艺术设计类,专业导论、专业核心理论、专业方法与工具、实验/实践课程、方向模块课程、课程设计、毕业论文/设计,category_template,未匹配rysxai课程文本,库内未命中,头部/强研究型：核心课不一定换名称，但会加深数学/理论和研究训练，重点看理论深度、科研训练、交叉前沿、学术写作；样例：库内未命中该层次开设样例,库内未命中,区域重点/特色优势：核心课保持完整，通常叠加地方产业、行业场景、实验项目和专业方向模块；样例：库内未命中该层次开设样例,库内未命中,普通应用/职业供给：更强调岗位技能、项目实训、证书衔接、综合实践，课程呈现更实训化、工具化；样例：库内未命中该层次开设样例
350110,展示艺术设计,本科(职业),艺术学学士,四年,文化艺术大类,艺术设计类,专业导论、专业核心理论、专业方法与工具、实验/实践课程、方向模块课程、课程设计、毕业论文/设计,category_template,rysxai课程文本未抽出课程名,内蒙古大学,头部/强研究型：核心课不一定换名称，但会加深数学/理论和研究训练，重点看理论深度、科研训练、交叉前沿、学术写作；样例：内蒙古大学,广东轻工职业技术大学、顺德职业技术大学、上海工艺美术职业学院、广东职业技术学院、江西外语外贸职业学院,区域重点/特色优势：核心课保持完整，通常叠加地方产业、行业场景、实验项目和专业方向模块；样例：广东轻工职业技术大学、顺德职业技术大学、上海工艺美术职业学院、广东职业技术学院、江西外语外贸职业学院,北京科技职业大学、河北工业职业技术大学、中原科技学院、安徽职业技术大学、内蒙古建筑职业技术大学,普通应用/职业供给：更强调岗位技能、项目实训、证书衔接、综合实践，课程呈现更实训化、工具化；样例：北京科技职业大学、河北工业职业技术大学、中原科技学院、安徽职业技术大学、内蒙古建筑职业技术大学
350111,数字影像设计,本科(职业),艺术学学士,四年,文化艺术大类,艺术设计类,专业导论、专业核心理论、专业方法与工具、实验/实践课程、方向模块课程、课程设计、毕业论文/设计,category_template,未匹配rysxai课程文本,库内未命中,头部/强研究型：核心课不一定换名称，但会加深数学/理论和研究训练，重点看理论深度、科研训练、交叉前沿、学术写作；样例：库内未命中该层次开设样例,库内未命中,区域重点/特色优势：核心课保持完整，通常叠加地方产业、行业场景、实验项目和专业方向模块；样例：库内未命中该层次开设样例,湖南软件职业技术大学、浙江广厦建设职业技术大学,普通应用/职业供给：更强调岗位技能、项目实训、证书衔接、综合实践，课程呈现更实训化、工具化；样例：湖南软件职业技术大学、浙江广厦建设职业技术大学
350112,时尚品设计,本科(职业),艺术学学士,四年,文化艺术大类,艺术设计类,专业导论、专业核心理论、专业方法与工具、实验/实践课程、方向模块课程、课程设计、毕业论文/设计,category_template,未匹配rysxai课程文本,库内未命中,头部/强研究型：核心课不一定换名称，但会加深数学/理论和研究训练，重点看理论深度、科研训练、交叉前沿、学术写作；样例：库内未命中该层次开设样例,深圳职业技术大学、广州职业技术大学,区域重点/特色优势：核心课保持完整，通常叠加地方产业、行业场景、实验项目和专业方向模块；样例：深圳职业技术大学、广州职业技术大学,河北科技工程职业技术大学、山东外国语职业技术大学,普通应用/职业供给：更强调岗位技能、项目实训、证书衔接、综合实践，课程呈现更实训化、工具化；样例：河北科技工程职业技术大学、山东外国语职业技术大学
350113,陶瓷艺术设计,本科(职业),艺术学学士,四年,文化艺术大类,艺术设计类,艺术概论、设计素描、陶瓷材料学、陶瓷造型设计、陶瓷装饰设计、陶瓷工艺学、陶瓷拉坯实训、陶瓷釉料配制实验、陶瓷烧成工艺实践、专业导论,rysxai_major_course,,清华大学、中国美术学院,头部/强研究型：核心课不一定换名称，但会加深数学/理论和研究训练，重点看理论深度、科研训练、交叉前沿、学术写作；样例：清华大学、中国美术学院,湖南工业大学、景德镇陶瓷大学、丽水学院、广州美术学院、平顶山学院,区域重点/特色优势：核心课保持完整，通常叠加地方产业、行业场景、实验项目和专业方向模块；样例：湖南工业大学、景德镇陶瓷大学、丽水学院、广州美术学院、平顶山学院,山西工学院、景德镇艺术职业大学、河北美术学院,普通应用/职业供给：更强调岗位技能、项目实训、证书衔接、综合实践，课程呈现更实训化、工具化；样例：山西工学院、景德镇艺术职业大学、河北美术学院
350114,刺绣设计与工艺,本科(职业),艺术学学士,,文化艺术大类,艺术设计类,专业导论、专业核心理论、专业方法与工具、实验/实践课程、方向模块课程、课程设计、毕业论文/设计,category_template,rysxai课程文本未抽出课程名,库内未命中,头部/强研究型：核心课不一定换名称，但会加深数学/理论和研究训练，重点看理论深度、科研训练、交叉前沿、学术写作；样例：库内未命中该层次开设样例,湖南工艺美术职业学院、苏州工艺美术职业技术学院,区域重点/特色优势：核心课保持完整，通常叠加地方产业、行业场景、实验项目和专业方向模块；样例：湖南工艺美术职业学院、苏州工艺美术职业技术学院,成都轻工职业技术大学、四川华新现代职业学院、长江艺术工程职业学院,普通应用/职业供给：更强调岗位技能、项目实训、证书衔接、综合实践，课程呈现更实训化、工具化；样例：成都轻工职业技术大学、四川华新现代职业学院、长江艺术工程职业学院
350115,智能人居设计,本科(职业),艺术学学士,,文化艺术大类,艺术设计类,专业导论、专业核心理论、专业方法与工具、实验/实践课程、方向模块课程、课程设计、毕业论文/设计,category_template,未匹配rysxai课程文本,库内未命中,头部/强研究型：核心课不一定换名称，但会加深数学/理论和研究训练，重点看理论深度、科研训练、交叉前沿、学术写作；样例：库内未命中该层次开设样例,库内未命中,区域重点/特色优势：核心课保持完整，通常叠加地方产业、行业场景、实验项目和专业方向模块；样例：库内未命中该层次开设样例,库内未命中,普通应用/职业供给：更强调岗位技能、项目实训、证书衔接、综合实践，课程呈现更实训化、工具化；样例：库内未命中该层次开设样例
350201,音乐表演,本科(职业),艺术学学士,四年,文化艺术大类,表演艺术类,乐理、和声、复调写作基础/对位法、西方流行音乐史、二十世纪西方音乐概论、音乐表演导论、歌曲分析与写作、器乐演奏、钢琴演奏与教学/钢琴课、数码钢琴集体课,rysxai_major_course,,华中科技大学、中山大学、四川大学、中国人民大学、同济大学,头部/强研究型：核心课不一定换名称，但会加深数学/理论和研究训练，重点看理论深度、科研训练、交叉前沿、学术写作；样例：华中科技大学、中山大学、四川大学、中国人民大学、同济大学,山东师范大学、青岛大学、燕山大学、上海师范大学、江西师范大学,区域重点/特色优势：核心课保持完整，通常叠加地方产业、行业场景、实验项目和专业方向模块；样例：山东师范大学、青岛大学、燕山大学、上海师范大学、江西师范大学,洛阳理工学院、周口师范学院、商丘师范学院、黄淮学院、渭南师范学院,普通应用/职业供给：更强调岗位技能、项目实训、证书衔接、综合实践，课程呈现更实训化、工具化；样例：洛阳理工学院、周口师范学院、商丘师范学院、黄淮学院、渭南师范学院
350202,舞蹈表演与编导,本科(职业),艺术学学士,四年,文化艺术大类,表演艺术类,专业导论、专业核心理论、专业方法与工具、实验/实践课程、方向模块课程、课程设计、毕业论文/设计,category_template,未匹配rysxai课程文本,库内未命中,头部/强研究型：核心课不一定换名称，但会加深数学/理论和研究训练，重点看理论深度、科研训练、交叉前沿、学术写作；样例：库内未命中该层次开设样例,库内未命中,区域重点/特色优势：核心课保持完整，通常叠加地方产业、行业场景、实验项目和专业方向模块；样例：库内未命中该层次开设样例,成都艺术职业大学、山西工程科技职业大学、山东外事职业大学、景德镇艺术职业大学、重庆机电职业技术大学,普通应用/职业供给：更强调岗位技能、项目实训、证书衔接、综合实践，课程呈现更实训化、工具化；样例：成都艺术职业大学、山西工程科技职业大学、山东外事职业大学、景德镇艺术职业大学、重庆机电职业技术大学
350203,戏曲表演,本科(职业),艺术学学士,四年,文化艺术大类,表演艺术类,专业导论、专业核心理论、专业方法与工具、实验/实践课程、方向模块课程、课程设计、毕业论文/设计,category_template,rysxai课程文本未抽出课程名,库内未命中,头部/强研究型：核心课不一定换名称，但会加深数学/理论和研究训练，重点看理论深度、科研训练、交叉前沿、学术写作；样例：库内未命中该层次开设样例,浙江越秀外国语学院,区域重点/特色优势：核心课保持完整，通常叠加地方产业、行业场景、实验项目和专业方向模块；样例：浙江越秀外国语学院,菏泽学院、成都艺术职业大学、北京戏曲艺术职业学院、吕梁师范高等专科学校、周口职业技术学院,普通应用/职业供给：更强调岗位技能、项目实训、证书衔接、综合实践，课程呈现更实训化、工具化；样例：菏泽学院、成都艺术职业大学、北京戏曲艺术职业学院、吕梁师范高等专科学校、周口职业技术学院
350204,舞台艺术设计,本科(职业),艺术学学士,四年,文化艺术大类,表演艺术类,专业导论、专业核心理论、专业方法与工具、实验/实践课程、方向模块课程、课程设计、毕业论文/设计,category_template,未匹配rysxai课程文本,库内未命中,头部/强研究型：核心课不一定换名称，但会加深数学/理论和研究训练，重点看理论深度、科研训练、交叉前沿、学术写作；样例：库内未命中该层次开设样例,库内未命中,区域重点/特色优势：核心课保持完整，通常叠加地方产业、行业场景、实验项目和专业方向模块；样例：库内未命中该层次开设样例,景德镇艺术职业大学,普通应用/职业供给：更强调岗位技能、项目实训、证书衔接、综合实践，课程呈现更实训化、工具化；样例：景德镇艺术职业大学
350205,戏剧影视表演,本科(职业),艺术学学士,四年,文化艺术大类,表演艺术类,专业导论、专业核心理论、专业方法与工具、实验/实践课程、方向模块课程、课程设计、毕业论文/设计,category_template,rysxai课程文本未抽出课程名,库内未命中,头部/强研究型：核心课不一定换名称，但会加深数学/理论和研究训练，重点看理论深度、科研训练、交叉前沿、学术写作；样例：库内未命中该层次开设样例,北京电影学院、湖南大众传媒职业技术学院,区域重点/特色优势：核心课保持完整，通常叠加地方产业、行业场景、实验项目和专业方向模块；样例：北京电影学院、湖南大众传媒职业技术学院,宁波财经学院、成都艺术职业大学、四川文化艺术学院、青岛黄海学院、武汉传媒学院,普通应用/职业供给：更强调岗位技能、项目实训、证书衔接、综合实践，课程呈现更实训化、工具化；样例：宁波财经学院、成都艺术职业大学、四川文化艺术学院、青岛黄海学院、武汉传媒学院
350401,文物修复与保护,本科(职业),"历史学学士,艺术学学士,工学学士",四年,文化艺术大类,文化服务类,专业导论、专业核心理论、专业方法与工具、实验/实践课程、方向模块课程、课程设计、毕业论文/设计,category_template,rysxai课程文本未抽出课程名,库内未命中,头部/强研究型：核心课不一定换名称，但会加深数学/理论和研究训练，重点看理论深度、科研训练、交叉前沿、学术写作；样例：库内未命中该层次开设样例,上海工艺美术职业学院、天津轻工职业技术学院、陕西职业技术学院,区域重点/特色优势：核心课保持完整，通常叠加地方产业、行业场景、实验项目和专业方向模块；样例：上海工艺美术职业学院、天津轻工职业技术学院、陕西职业技术学院,齐鲁师范学院、安阳学院、山西工程科技职业大学、西安思源学院、上海城建职业学院,普通应用/职业供给：更强调岗位技能、项目实训、证书衔接、综合实践，课程呈现更实训化、工具化；样例：齐鲁师范学院、安阳学院、山西工程科技职业大学、西安思源学院、上海城建职业学院
350402,公共文化管理,本科(职业),"管理学学士,艺术学学士",四年,文化艺术大类,文化服务类,专业导论、专业核心理论、专业方法与工具、实验/实践课程、方向模块课程、课程设计、毕业论文/设计,category_template,未匹配rysxai课程文本,库内未命中,头部/强研究型：核心课不一定换名称，但会加深数学/理论和研究训练，重点看理论深度、科研训练、交叉前沿、学术写作；样例：库内未命中该层次开设样例,库内未命中,区域重点/特色优势：核心课保持完整，通常叠加地方产业、行业场景、实验项目和专业方向模块；样例：库内未命中该层次开设样例,库内未命中,普通应用/职业供给：更强调岗位技能、项目实训、证书衔接、综合实践，课程呈现更实训化、工具化；样例：库内未命中该层次开设样例
350403,文化创意产业管理,本科(职业),"管理学学士,艺术学学士",四年,文化艺术大类,文化服务类,专业导论、专业核心理论、专业方法与工具、实验/实践课程、方向模块课程、课程设计、毕业论文/设计,category_template,未匹配rysxai课程文本,库内未命中,头部/强研究型：核心课不一定换名称，但会加深数学/理论和研究训练，重点看理论深度、科研训练、交叉前沿、学术写作；样例：库内未命中该层次开设样例,库内未命中,区域重点/特色优势：核心课保持完整，通常叠加地方产业、行业场景、实验项目和专业方向模块；样例：库内未命中该层次开设样例,库内未命中,普通应用/职业供给：更强调岗位技能、项目实训、证书衔接、综合实践，课程呈现更实训化、工具化；样例：库内未命中该层次开设样例
240101,建筑设计,本科(职业),工学学士,四年,土木建筑大类,建筑设计类,专业导论、专业核心理论、专业方法与工具、实验/实践课程、方向模块课程、课程设计、毕业论文/设计,category_template,rysxai课程文本未抽出课程名,库内未命中,头部/强研究型：核心课不一定换名称，但会加深数学/理论和研究训练，重点看理论深度、科研训练、交叉前沿、学术写作；样例：库内未命中该层次开设样例,深圳职业技术大学、广州职业技术大学、海口经济学院、天津电子信息职业技术学院、广东水利电力职业技术学院,区域重点/特色优势：核心课保持完整，通常叠加地方产业、行业场景、实验项目和专业方向模块；样例：深圳职业技术大学、广州职业技术大学、海口经济学院、天津电子信息职业技术学院、广东水利电力职业技术学院,南宁职业技术大学、河北工业职业技术大学、哈尔滨职业技术大学、西南财经大学天府学院、郑州升达经贸管理学院,普通应用/职业供给：更强调岗位技能、项目实训、证书衔接、综合实践，课程呈现更实训化、工具化；样例：南宁职业技术大学、河北工业职业技术大学、哈尔滨职业技术大学、西南财经大学天府学院、郑州升达经贸管理学院
240102,建筑装饰工程,本科(职业),工学学士,四年,土木建筑大类,建筑设计类,专业导论、专业核心理论、专业方法与工具、实验/实践课程、方向模块课程、课程设计、毕业论文/设计,category_template,未匹配rysxai课程文本,库内未命中,头部/强研究型：核心课不一定换名称，但会加深数学/理论和研究训练，重点看理论深度、科研训练、交叉前沿、学术写作；样例：库内未命中该层次开设样例,库内未命中,区域重点/特色优势：核心课保持完整，通常叠加地方产业、行业场景、实验项目和专业方向模块；样例：库内未命中该层次开设样例,南宁职业技术大学、山西工程科技职业大学、运城职业技术大学、新疆天山职业技术大学、山东外事职业大学,普通应用/职业供给：更强调岗位技能、项目实训、证书衔接、综合实践，课程呈现更实训化、工具化；样例：南宁职业技术大学、山西工程科技职业大学、运城职业技术大学、新疆天山职业技术大学、山东外事职业大学
240103,古建筑工程,本科(职业),工学学士,四年,土木建筑大类,建筑设计类,专业导论、专业核心理论、专业方法与工具、实验/实践课程、方向模块课程、课程设计、毕业论文/设计,category_template,未匹配rysxai课程文本,库内未命中,头部/强研究型：核心课不一定换名称，但会加深数学/理论和研究训练，重点看理论深度、科研训练、交叉前沿、学术写作；样例：库内未命中该层次开设样例,库内未命中,区域重点/特色优势：核心课保持完整，通常叠加地方产业、行业场景、实验项目和专业方向模块；样例：库内未命中该层次开设样例,山西工程科技职业大学,普通应用/职业供给：更强调岗位技能、项目实训、证书衔接、综合实践，课程呈现更实训化、工具化；样例：山西工程科技职业大学
240104,园林景观工程,本科(职业),工学学士,四年,土木建筑大类,建筑设计类,专业导论、专业核心理论、专业方法与工具、实验/实践课程、方向模块课程、课程设计、毕业论文/设计,category_template,未匹配rysxai课程文本,库内未命中,头部/强研究型：核心课不一定换名称，但会加深数学/理论和研究训练，重点看理论深度、科研训练、交叉前沿、学术写作；样例：库内未命中该层次开设样例,库内未命中,区域重点/特色优势：核心课保持完整，通常叠加地方产业、行业场景、实验项目和专业方向模块；样例：库内未命中该层次开设样例,广西农业职业技术大学、甘肃林业职业技术大学、成都艺术职业大学、浙江广厦建设职业技术大学,普通应用/职业供给：更强调岗位技能、项目实训、证书衔接、综合实践，课程呈现更实训化、工具化；样例：广西农业职业技术大学、甘肃林业职业技术大学、成都艺术职业大学、浙江广厦建设职业技术大学
240105,城市设计数字技术,本科(职业),工学学士,四年,土木建筑大类,建筑设计类,专业导论、专业核心理论、专业方法与工具、实验/实践课程、方向模块课程、课程设计、毕业论文/设计,category_template,未匹配rysxai课程文本,库内未命中,头部/强研究型：核心课不一定换名称，但会加深数学/理论和研究训练，重点看理论深度、科研训练、交叉前沿、学术写作；样例：库内未命中该层次开设样例,库内未命中,区域重点/特色优势：核心课保持完整，通常叠加地方产业、行业场景、实验项目和专业方向模块；样例：库内未命中该层次开设样例,河北科技工程职业技术大学,普通应用/职业供给：更强调岗位技能、项目实训、证书衔接、综合实践，课程呈现更实训化、工具化；样例：河北科技工程职业技术大学
240201,城乡规划,本科(职业),工学学士,四年,土木建筑大类,城乡规划与管理类,城市规划原理、中国城市建设史、外国城市建设史、城乡规划管理与法规、城市总体规划、控制性详细规划、城市交通与道路系统规划、城市设计、小城镇规划、乡村规划与设计,rysxai_major_course,,清华大学、北京大学、浙江大学、南京大学、武汉大学,头部/强研究型：核心课不一定换名称，但会加深数学/理论和研究训练，重点看理论深度、科研训练、交叉前沿、学术写作；样例：清华大学、北京大学、浙江大学、南京大学、武汉大学,浙江工商大学、西交利物浦大学、广州大学、昆明理工大学、西安建筑科技大学,区域重点/特色优势：核心课保持完整，通常叠加地方产业、行业场景、实验项目和专业方向模块；样例：浙江工商大学、西交利物浦大学、广州大学、昆明理工大学、西安建筑科技大学,六盘水师范学院、商丘师范学院、黄淮学院、南阳理工学院、宿迁学院,普通应用/职业供给：更强调岗位技能、项目实训、证书衔接、综合实践，课程呈现更实训化、工具化；样例：六盘水师范学院、商丘师范学院、黄淮学院、南阳理工学院、宿迁学院
240301,建筑工程,本科(职业),工学学士,四年,土木建筑大类,土建施工类,建筑识图、建筑材料、工程测量、建筑力学、建筑施工技术、施工组织、质量与安全管理、建筑工程计量,category_template,未匹配rysxai课程文本,库内未命中,头部/强研究型：核心课不一定换名称，但会加深数学/理论和研究训练，重点看理论深度、科研训练、交叉前沿、学术写作；样例：库内未命中该层次开设样例,库内未命中,区域重点/特色优势：核心课保持完整，通常叠加地方产业、行业场景、实验项目和专业方向模块；样例：库内未命中该层次开设样例,广西农业职业技术大学、南宁职业技术大学、河北科技工程职业技术大学、兰州石化职业技术大学、陕西农林职业技术大学,普通应用/职业供给：更强调岗位技能、项目实训、证书衔接、综合实践，课程呈现更实训化、工具化；样例：广西农业职业技术大学、南宁职业技术大学、河北科技工程职业技术大学、兰州石化职业技术大学、陕西农林职业技术大学
240302,智能建造工程,本科(职业),工学学士,四年,土木建筑大类,土建施工类,建筑识图、建筑材料、工程测量、建筑力学、建筑施工技术、施工组织、质量与安全管理、建筑工程计量,category_template,未匹配rysxai课程文本,库内未命中,头部/强研究型：核心课不一定换名称，但会加深数学/理论和研究训练，重点看理论深度、科研训练、交叉前沿、学术写作；样例：库内未命中该层次开设样例,广州职业技术大学、鄂尔多斯应用技术学院,区域重点/特色优势：核心课保持完整，通常叠加地方产业、行业场景、实验项目和专业方向模块；样例：广州职业技术大学、鄂尔多斯应用技术学院,河南工程学院、四川工程职业技术大学、唐山工业职业技术大学、河北工业职业技术大学、河北石油职业技术大学,普通应用/职业供给：更强调岗位技能、项目实训、证书衔接、综合实践，课程呈现更实训化、工具化；样例：河南工程学院、四川工程职业技术大学、唐山工业职业技术大学、河北工业职业技术大学、河北石油职业技术大学
240303,城市地下工程,本科(职业),工学学士,四年,土木建筑大类,土建施工类,建筑识图、建筑材料、工程测量、建筑力学、建筑施工技术、施工组织、质量与安全管理、建筑工程计量,category_template,未匹配rysxai课程文本,库内未命中,头部/强研究型：核心课不一定换名称，但会加深数学/理论和研究训练，重点看理论深度、科研训练、交叉前沿、学术写作；样例：库内未命中该层次开设样例,库内未命中,区域重点/特色优势：核心课保持完整，通常叠加地方产业、行业场景、实验项目和专业方向模块；样例：库内未命中该层次开设样例,山西工程科技职业大学,普通应用/职业供给：更强调岗位技能、项目实训、证书衔接、综合实践，课程呈现更实训化、工具化；样例：山西工程科技职业大学
240304,建筑智能检测与修复,本科(职业),工学学士,四年,土木建筑大类,土建施工类,建筑识图、建筑材料、工程测量、建筑力学、建筑施工技术、施工组织、质量与安全管理、建筑工程计量,category_template,未匹配rysxai课程文本,库内未命中,头部/强研究型：核心课不一定换名称，但会加深数学/理论和研究训练，重点看理论深度、科研训练、交叉前沿、学术写作；样例：库内未命中该层次开设样例,库内未命中,区域重点/特色优势：核心课保持完整，通常叠加地方产业、行业场景、实验项目和专业方向模块；样例：库内未命中该层次开设样例,贵州交通职业大学、云南经济管理学院,普通应用/职业供给：更强调岗位技能、项目实训、证书衔接、综合实践，课程呈现更实训化、工具化；样例：贵州交通职业大学、云南经济管理学院
240401,建筑环境与能源工程,本科(职业),工学学士,四年,土木建筑大类,建筑设备类,专业导论、专业核心理论、专业方法与工具、实验/实践课程、方向模块课程、课程设计、毕业论文/设计,category_template,未匹配rysxai课程文本,库内未命中,头部/强研究型：核心课不一定换名称，但会加深数学/理论和研究训练，重点看理论深度、科研训练、交叉前沿、学术写作；样例：库内未命中该层次开设样例,库内未命中,区域重点/特色优势：核心课保持完整，通常叠加地方产业、行业场景、实验项目和专业方向模块；样例：库内未命中该层次开设样例,河北石油职业技术大学、山西工程科技职业大学、浙江广厦建设职业技术大学、内蒙古建筑职业技术大学,普通应用/职业供给：更强调岗位技能、项目实训、证书衔接、综合实践，课程呈现更实训化、工具化；样例：河北石油职业技术大学、山西工程科技职业大学、浙江广厦建设职业技术大学、内蒙古建筑职业技术大学
240402,建筑电气与智能化工程,本科(职业),工学学士,四年,土木建筑大类,建筑设备类,专业导论、专业核心理论、专业方法与工具、实验/实践课程、方向模块课程、课程设计、毕业论文/设计,category_template,未匹配rysxai课程文本,库内未命中,头部/强研究型：核心课不一定换名称，但会加深数学/理论和研究训练，重点看理论深度、科研训练、交叉前沿、学术写作；样例：库内未命中该层次开设样例,库内未命中,区域重点/特色优势：核心课保持完整，通常叠加地方产业、行业场景、实验项目和专业方向模块；样例：库内未命中该层次开设样例,山西工程科技职业大学、浙江广厦建设职业技术大学、黎明职业大学,普通应用/职业供给：更强调岗位技能、项目实训、证书衔接、综合实践，课程呈现更实训化、工具化；样例：山西工程科技职业大学、浙江广厦建设职业技术大学、黎明职业大学
240501,工程造价,本科(职业),"工学学士,管理学学士",四年,土木建筑大类,建设工程管理类,工程造价概论、房屋建筑学、土木材料、建筑制图与识图、工程制图、工程制图与CAD、CAD技术基础、建筑工程计量与计价、工程计量与计价、建筑与装饰工程估价,rysxai_major_course,,重庆大学、西南交通大学、中南财经政法大学、华北电力大学(保定)、四川农业大学,头部/强研究型：核心课不一定换名称，但会加深数学/理论和研究训练，重点看理论深度、科研训练、交叉前沿、学术写作；样例：重庆大学、西南交通大学、中南财经政法大学、华北电力大学(保定)、四川农业大学,江西财经大学、昆明理工大学、深圳职业技术大学、南京审计大学、武汉纺织大学,区域重点/特色优势：核心课保持完整，通常叠加地方产业、行业场景、实验项目和专业方向模块；样例：江西财经大学、昆明理工大学、深圳职业技术大学、南京审计大学、武汉纺织大学,洛阳理工学院、浙江水利水电学院、许昌学院、贵州理工学院、河南工程学院,普通应用/职业供给：更强调岗位技能、项目实训、证书衔接、综合实践，课程呈现更实训化、工具化；样例：洛阳理工学院、浙江水利水电学院、许昌学院、贵州理工学院、河南工程学院
240502,建设工程管理,本科(职业),"工学学士,管理学学士",四年,土木建筑大类,建设工程管理类,建筑识图、建筑材料、工程测量、建筑施工技术、工程计量与计价、工程项目管理、工程招投标、BIM应用,category_template,rysxai课程文本未抽出课程名,库内未命中,头部/强研究型：核心课不一定换名称，但会加深数学/理论和研究训练，重点看理论深度、科研训练、交叉前沿、学术写作；样例：库内未命中该层次开设样例,内蒙古农业大学、华北理工大学、义乌工商职业技术学院、云南交通职业技术学院、云南机电职业技术学院,区域重点/特色优势：核心课保持完整，通常叠加地方产业、行业场景、实验项目和专业方向模块；样例：内蒙古农业大学、华北理工大学、义乌工商职业技术学院、云南交通职业技术学院、云南机电职业技术学院,河南财政金融学院、百色学院、德宏师范学院、南京工业职业技术大学、唐山工业职业技术大学,普通应用/职业供给：更强调岗位技能、项目实训、证书衔接、综合实践，课程呈现更实训化、工具化；样例：河南财政金融学院、百色学院、德宏师范学院、南京工业职业技术大学、唐山工业职业技术大学
240601,市政工程,本科(职业),工学学士,四年,土木建筑大类,市政工程类,专业导论、专业核心理论、专业方法与工具、实验/实践课程、方向模块课程、课程设计、毕业论文/设计,category_template,未匹配rysxai课程文本,库内未命中,头部/强研究型：核心课不一定换名称，但会加深数学/理论和研究训练，重点看理论深度、科研训练、交叉前沿、学术写作；样例：库内未命中该层次开设样例,内蒙古农业大学,区域重点/特色优势：核心课保持完整，通常叠加地方产业、行业场景、实验项目和专业方向模块；样例：内蒙古农业大学,贵州交通职业大学、山西工程科技职业大学,普通应用/职业供给：更强调岗位技能、项目实训、证书衔接、综合实践，课程呈现更实训化、工具化；样例：贵州交通职业大学、山西工程科技职业大学
240602,城市设施智慧管理,本科(职业),"工学学士,管理学学士",四年,土木建筑大类,市政工程类,专业导论、专业核心理论、专业方法与工具、实验/实践课程、方向模块课程、课程设计、毕业论文/设计,category_template,未匹配rysxai课程文本,库内未命中,头部/强研究型：核心课不一定换名称，但会加深数学/理论和研究训练，重点看理论深度、科研训练、交叉前沿、学术写作；样例：库内未命中该层次开设样例,库内未命中,区域重点/特色优势：核心课保持完整，通常叠加地方产业、行业场景、实验项目和专业方向模块；样例：库内未命中该层次开设样例,河北石油职业技术大学,普通应用/职业供给：更强调岗位技能、项目实训、证书衔接、综合实践，课程呈现更实训化、工具化；样例：河北石油职业技术大学
240603,给排水工程,本科(职业),工学学士,四年,土木建筑大类,市政工程类,专业导论、专业核心理论、专业方法与工具、实验/实践课程、方向模块课程、课程设计、毕业论文/设计,category_template,未匹配rysxai课程文本,库内未命中,头部/强研究型：核心课不一定换名称，但会加深数学/理论和研究训练，重点看理论深度、科研训练、交叉前沿、学术写作；样例：库内未命中该层次开设样例,库内未命中,区域重点/特色优势：核心课保持完整，通常叠加地方产业、行业场景、实验项目和专业方向模块；样例：库内未命中该层次开设样例,浙江广厦建设职业技术大学,普通应用/职业供给：更强调岗位技能、项目实训、证书衔接、综合实践，课程呈现更实训化、工具化；样例：浙江广厦建设职业技术大学
240701,房地产投资与策划,本科(职业),"管理学学士,经济学学士",四年,土木建筑大类,房地产类,专业导论、专业核心理论、专业方法与工具、实验/实践课程、方向模块课程、课程设计、毕业论文/设计,category_template,未匹配rysxai课程文本,库内未命中,头部/强研究型：核心课不一定换名称，但会加深数学/理论和研究训练，重点看理论深度、科研训练、交叉前沿、学术写作；样例：库内未命中该层次开设样例,库内未命中,区域重点/特色优势：核心课保持完整，通常叠加地方产业、行业场景、实验项目和专业方向模块；样例：库内未命中该层次开设样例,库内未命中,普通应用/职业供给：更强调岗位技能、项目实训、证书衔接、综合实践，课程呈现更实训化、工具化；样例：库内未命中该层次开设样例
240702,现代物业管理,本科(职业),管理学学士,四年,土木建筑大类,房地产类,专业导论、专业核心理论、专业方法与工具、实验/实践课程、方向模块课程、课程设计、毕业论文/设计,category_template,rysxai课程文本未抽出课程名,库内未命中,头部/强研究型：核心课不一定换名称，但会加深数学/理论和研究训练，重点看理论深度、科研训练、交叉前沿、学术写作；样例：库内未命中该层次开设样例,东营职业学院、云南机电职业技术学院、四川邮电职业技术学院、山西水利职业技术学院、武汉城市职业学院,区域重点/特色优势：核心课保持完整，通常叠加地方产业、行业场景、实验项目和专业方向模块；样例：东营职业学院、云南机电职业技术学院、四川邮电职业技术学院、山西水利职业技术学院、武汉城市职业学院,山东青年政治学院、武汉职业技术大学、南宁职业技术大学、杭州职业技术大学、陕西农林职业技术大学,普通应用/职业供给：更强调岗位技能、项目实训、证书衔接、综合实践，课程呈现更实训化、工具化；样例：山东青年政治学院、武汉职业技术大学、南宁职业技术大学、杭州职业技术大学、陕西农林职业技术大学
500101,铁道工程技术,专科(高职),,三年,交通运输大类,铁道运输类,铁道概论、铁路行车组织、铁路客运组织、列车运行控制、铁路信号基础、铁路安全管理、车站作业、岗位实训,category_template,rysxai课程文本未抽出课程名,库内未命中,头部/强研究型：核心课不一定换名称，但会加深数学/理论和研究训练，重点看理论深度、科研训练、交叉前沿、学术写作；样例：库内未命中该层次开设样例,兰州交通大学、吉林铁道职业技术大学、南京铁道职业技术学院、哈尔滨铁道职业技术学院、四川交通职业技术学院,区域重点/特色优势：核心课保持完整，通常叠加地方产业、行业场景、实验项目和专业方向模块；样例：兰州交通大学、吉林铁道职业技术大学、南京铁道职业技术学院、哈尔滨铁道职业技术学院、四川交通职业技术学院,青海职业技术大学、陕西农林职业技术大学、新疆交通职业技术大学、呼和浩特职业技术大学、安徽职业技术大学,普通应用/职业供给：更强调岗位技能、项目实训、证书衔接、综合实践，课程呈现更实训化、工具化；样例：青海职业技术大学、陕西农林职业技术大学、新疆交通职业技术大学、呼和浩特职业技术大学、安徽职业技术大学
500102,高速铁路施工与维护,专科(高职),,三年,交通运输大类,铁道运输类,铁道概论、铁路行车组织、铁路客运组织、列车运行控制、铁路信号基础、铁路安全管理、车站作业、岗位实训,category_template,rysxai课程文本未抽出课程名,库内未命中,头部/强研究型：核心课不一定换名称，但会加深数学/理论和研究训练，重点看理论深度、科研训练、交叉前沿、学术写作；样例：库内未命中该层次开设样例,吉林铁道职业技术大学、南京铁道职业技术学院、哈尔滨铁道职业技术学院、武汉铁路职业技术学院、河北交通职业技术学院,区域重点/特色优势：核心课保持完整，通常叠加地方产业、行业场景、实验项目和专业方向模块；样例：吉林铁道职业技术大学、南京铁道职业技术学院、哈尔滨铁道职业技术学院、武汉铁路职业技术学院、河北交通职业技术学院,安徽职业技术大学、湖南交通工程学院、内蒙古交通职业技术学院、包头铁道职业技术学院、四川建筑职业技术大学,普通应用/职业供给：更强调岗位技能、项目实训、证书衔接、综合实践，课程呈现更实训化、工具化；样例：安徽职业技术大学、湖南交通工程学院、内蒙古交通职业技术学院、包头铁道职业技术学院、四川建筑职业技术大学
500103,铁道桥梁隧道工程技术,专科(高职),,三年,交通运输大类,铁道运输类,铁道概论、铁路行车组织、铁路客运组织、列车运行控制、铁路信号基础、铁路安全管理、车站作业、岗位实训,category_template,rysxai课程文本未抽出课程名,库内未命中,头部/强研究型：核心课不一定换名称，但会加深数学/理论和研究训练，重点看理论深度、科研训练、交叉前沿、学术写作；样例：库内未命中该层次开设样例,吉林铁道职业技术大学,区域重点/特色优势：核心课保持完整，通常叠加地方产业、行业场景、实验项目和专业方向模块；样例：吉林铁道职业技术大学,山西工程科技职业大学、西安交通工程学院、乌海职业技术学院、内蒙古交通职业技术学院、包头铁道职业技术学院,普通应用/职业供给：更强调岗位技能、项目实训、证书衔接、综合实践，课程呈现更实训化、工具化；样例：山西工程科技职业大学、西安交通工程学院、乌海职业技术学院、内蒙古交通职业技术学院、包头铁道职业技术学院
500104,铁道养路机械应用技术,专科(高职),,三年,交通运输大类,铁道运输类,铁道概论、铁路行车组织、铁路客运组织、列车运行控制、铁路信号基础、铁路安全管理、车站作业、岗位实训,category_template,rysxai课程文本未抽出课程名,库内未命中,头部/强研究型：核心课不一定换名称，但会加深数学/理论和研究训练，重点看理论深度、科研训练、交叉前沿、学术写作；样例：库内未命中该层次开设样例,吉林铁道职业技术大学、哈尔滨铁道职业技术学院、辽宁轨道交通职业学院、陕西铁路工程职业技术学院,区域重点/特色优势：核心课保持完整，通常叠加地方产业、行业场景、实验项目和专业方向模块；样例：吉林铁道职业技术大学、哈尔滨铁道职业技术学院、辽宁轨道交通职业学院、陕西铁路工程职业技术学院,包头铁道职业技术学院、天津铁道职业技术学院、昆明铁道职业技术学院、河北轨道运输职业技术学院、湖南高速铁路职业技术学院,普通应用/职业供给：更强调岗位技能、项目实训、证书衔接、综合实践，课程呈现更实训化、工具化；样例：包头铁道职业技术学院、天津铁道职业技术学院、昆明铁道职业技术学院、河北轨道运输职业技术学院、湖南高速铁路职业技术学院
500105,铁道机车运用与维护,专科(高职),,三年,交通运输大类,铁道运输类,铁道概论、铁路行车组织、铁路客运组织、列车运行控制、铁路信号基础、铁路安全管理、车站作业、岗位实训,category_template,rysxai课程文本未抽出课程名,库内未命中,头部/强研究型：核心课不一定换名称，但会加深数学/理论和研究训练，重点看理论深度、科研训练、交叉前沿、学术写作；样例：库内未命中该层次开设样例,兰州交通大学、吉林铁道职业技术大学、南京铁道职业技术学院、哈尔滨铁道职业技术学院、山东职业学院,区域重点/特色优势：核心课保持完整，通常叠加地方产业、行业场景、实验项目和专业方向模块；样例：兰州交通大学、吉林铁道职业技术大学、南京铁道职业技术学院、哈尔滨铁道职业技术学院、山东职业学院,呼和浩特职业技术大学、西南交通大学希望学院、西安汽车职业大学、包头铁道职业技术学院、唐山科技职业技术学院,普通应用/职业供给：更强调岗位技能、项目实训、证书衔接、综合实践，课程呈现更实训化、工具化；样例：呼和浩特职业技术大学、西南交通大学希望学院、西安汽车职业大学、包头铁道职业技术学院、唐山科技职业技术学院
500106,铁道车辆技术,专科(高职),,三年,交通运输大类,铁道运输类,铁道概论、铁路行车组织、铁路客运组织、列车运行控制、铁路信号基础、铁路安全管理、车站作业、岗位实训,category_template,rysxai课程文本未抽出课程名,库内未命中,头部/强研究型：核心课不一定换名称，但会加深数学/理论和研究训练，重点看理论深度、科研训练、交叉前沿、学术写作；样例：库内未命中该层次开设样例,兰州交通大学、吉林铁道职业技术大学、南京铁道职业技术学院、哈尔滨铁道职业技术学院、山东职业学院,区域重点/特色优势：核心课保持完整，通常叠加地方产业、行业场景、实验项目和专业方向模块；样例：兰州交通大学、吉林铁道职业技术大学、南京铁道职业技术学院、哈尔滨铁道职业技术学院、山东职业学院,青海职业技术大学、呼和浩特职业技术大学、西安交通工程学院、云南交通运输职业学院、包头铁道职业技术学院,普通应用/职业供给：更强调岗位技能、项目实训、证书衔接、综合实践，课程呈现更实训化、工具化；样例：青海职业技术大学、呼和浩特职业技术大学、西安交通工程学院、云南交通运输职业学院、包头铁道职业技术学院
500107,铁道供电技术,专科(高职),,三年,交通运输大类,铁道运输类,铁道概论、铁路行车组织、铁路客运组织、列车运行控制、铁路信号基础、铁路安全管理、车站作业、岗位实训,category_template,rysxai课程文本未抽出课程名,库内未命中,头部/强研究型：核心课不一定换名称，但会加深数学/理论和研究训练，重点看理论深度、科研训练、交叉前沿、学术写作；样例：库内未命中该层次开设样例,兰州交通大学、吉林铁道职业技术大学、南京铁道职业技术学院、哈尔滨铁道职业技术学院、山东职业学院,区域重点/特色优势：核心课保持完整，通常叠加地方产业、行业场景、实验项目和专业方向模块；样例：兰州交通大学、吉林铁道职业技术大学、南京铁道职业技术学院、哈尔滨铁道职业技术学院、山东职业学院,青海职业技术大学、新疆交通职业技术大学、呼和浩特职业技术大学、西安交通工程学院、陕西服装工程学院,普通应用/职业供给：更强调岗位技能、项目实训、证书衔接、综合实践，课程呈现更实训化、工具化；样例：青海职业技术大学、新疆交通职业技术大学、呼和浩特职业技术大学、西安交通工程学院、陕西服装工程学院
500108,动车组检修技术,专科(高职),,三年,交通运输大类,铁道运输类,铁道概论、铁路行车组织、铁路客运组织、列车运行控制、铁路信号基础、铁路安全管理、车站作业、岗位实训,category_template,rysxai课程文本未抽出课程名,库内未命中,头部/强研究型：核心课不一定换名称，但会加深数学/理论和研究训练，重点看理论深度、科研训练、交叉前沿、学术写作；样例：库内未命中该层次开设样例,吉林铁道职业技术大学、云南机电职业技术学院、南京铁道职业技术学院、哈尔滨铁道职业技术学院、山东职业学院,区域重点/特色优势：核心课保持完整，通常叠加地方产业、行业场景、实验项目和专业方向模块；样例：吉林铁道职业技术大学、云南机电职业技术学院、南京铁道职业技术学院、哈尔滨铁道职业技术学院、山东职业学院,唐山工业职业技术大学、呼和浩特职业技术大学、西安交通工程学院、包头铁道职业技术学院、唐山职业技术学院,普通应用/职业供给：更强调岗位技能、项目实训、证书衔接、综合实践，课程呈现更实训化、工具化；样例：唐山工业职业技术大学、呼和浩特职业技术大学、西安交通工程学院、包头铁道职业技术学院、唐山职业技术学院
500109,高速铁路综合维修技术,专科(高职),,三年,交通运输大类,铁道运输类,铁道概论、铁路行车组织、铁路客运组织、列车运行控制、铁路信号基础、铁路安全管理、车站作业、岗位实训,category_template,rysxai课程文本未抽出课程名,库内未命中,头部/强研究型：核心课不一定换名称，但会加深数学/理论和研究训练，重点看理论深度、科研训练、交叉前沿、学术写作；样例：库内未命中该层次开设样例,兰州交通大学、吉林铁道职业技术大学、南京铁道职业技术学院、哈尔滨铁道职业技术学院、山东职业学院,区域重点/特色优势：核心课保持完整，通常叠加地方产业、行业场景、实验项目和专业方向模块；样例：兰州交通大学、吉林铁道职业技术大学、南京铁道职业技术学院、哈尔滨铁道职业技术学院、山东职业学院,呼和浩特职业技术大学、包头铁道职业技术学院、四川铁道职业学院、天津铁道职业技术学院、成都工贸职业技术学院,普通应用/职业供给：更强调岗位技能、项目实训、证书衔接、综合实践，课程呈现更实训化、工具化；样例：呼和浩特职业技术大学、包头铁道职业技术学院、四川铁道职业学院、天津铁道职业技术学院、成都工贸职业技术学院
500110,铁道信号自动控制,专科(高职),,三年,交通运输大类,铁道运输类,铁道概论、铁路行车组织、铁路客运组织、列车运行控制、铁路信号基础、铁路安全管理、车站作业、岗位实训,category_template,rysxai课程文本未抽出课程名,库内未命中,头部/强研究型：核心课不一定换名称，但会加深数学/理论和研究训练，重点看理论深度、科研训练、交叉前沿、学术写作；样例：库内未命中该层次开设样例,兰州交通大学、吉林铁道职业技术大学、南京铁道职业技术学院、哈尔滨铁道职业技术学院、山东职业学院,区域重点/特色优势：核心课保持完整，通常叠加地方产业、行业场景、实验项目和专业方向模块；样例：兰州交通大学、吉林铁道职业技术大学、南京铁道职业技术学院、哈尔滨铁道职业技术学院、山东职业学院,呼和浩特职业技术大学、西安交通工程学院、乌兰察布职业学院、包头铁道职业技术学院、唐山科技职业技术学院,普通应用/职业供给：更强调岗位技能、项目实训、证书衔接、综合实践，课程呈现更实训化、工具化；样例：呼和浩特职业技术大学、西安交通工程学院、乌兰察布职业学院、包头铁道职业技术学院、唐山科技职业技术学院
500111,铁道通信与信息化技术,专科(高职),,三年,交通运输大类,铁道运输类,铁道概论、铁路行车组织、铁路客运组织、列车运行控制、铁路信号基础、铁路安全管理、车站作业、岗位实训,category_template,rysxai课程文本未抽出课程名,库内未命中,头部/强研究型：核心课不一定换名称，但会加深数学/理论和研究训练，重点看理论深度、科研训练、交叉前沿、学术写作；样例：库内未命中该层次开设样例,吉林铁道职业技术大学、南京铁道职业技术学院、山西机电职业技术学院、武汉铁路职业技术学院、湖南铁道职业技术学院,区域重点/特色优势：核心课保持完整，通常叠加地方产业、行业场景、实验项目和专业方向模块；样例：吉林铁道职业技术大学、南京铁道职业技术学院、山西机电职业技术学院、武汉铁路职业技术学院、湖南铁道职业技术学院,呼和浩特职业技术大学、云南交通运输职业学院、包头铁道职业技术学院、四川铁道职业学院、天津铁道职业技术学院,普通应用/职业供给：更强调岗位技能、项目实训、证书衔接、综合实践，课程呈现更实训化、工具化；样例：呼和浩特职业技术大学、云南交通运输职业学院、包头铁道职业技术学院、四川铁道职业学院、天津铁道职业技术学院
500112,铁道交通运营管理,专科(高职),,三年,交通运输大类,铁道运输类,铁道概论、铁路行车组织、铁路客运组织、列车运行控制、铁路信号基础、铁路安全管理、车站作业、岗位实训,category_template,rysxai课程文本未抽出课程名,库内未命中,头部/强研究型：核心课不一定换名称，但会加深数学/理论和研究训练，重点看理论深度、科研训练、交叉前沿、学术写作；样例：库内未命中该层次开设样例,兰州交通大学、吉林铁道职业技术大学、南京铁道职业技术学院、哈尔滨铁道职业技术学院、山东职业学院,区域重点/特色优势：核心课保持完整，通常叠加地方产业、行业场景、实验项目和专业方向模块；样例：兰州交通大学、吉林铁道职业技术大学、南京铁道职业技术学院、哈尔滨铁道职业技术学院、山东职业学院,呼和浩特职业技术大学、西南交通大学希望学院、河北外国语学院、陕西服装工程学院、上饶职业技术学院,普通应用/职业供给：更强调岗位技能、项目实训、证书衔接、综合实践，课程呈现更实训化、工具化；样例：呼和浩特职业技术大学、西南交通大学希望学院、河北外国语学院、陕西服装工程学院、上饶职业技术学院
500113,高速铁路客运服务,专科(高职),,三年,交通运输大类,铁道运输类,铁道概论、铁路行车组织、铁路客运组织、列车运行控制、铁路信号基础、铁路安全管理、车站作业、岗位实训,category_template,rysxai课程文本未抽出课程名,库内未命中,头部/强研究型：核心课不一定换名称，但会加深数学/理论和研究训练，重点看理论深度、科研训练、交叉前沿、学术写作；样例：库内未命中该层次开设样例,山东交通学院、山西水利职业技术学院、武汉交通职业学院、武汉铁路职业技术学院、江苏航运职业技术学院,区域重点/特色优势：核心课保持完整，通常叠加地方产业、行业场景、实验项目和专业方向模块；样例：山东交通学院、山西水利职业技术学院、武汉交通职业学院、武汉铁路职业技术学院、江苏航运职业技术学院,德宏师范学院、甘肃林业职业技术大学、甘肃工业职业技术大学、云南经济管理学院、西安交通工程学院,普通应用/职业供给：更强调岗位技能、项目实训、证书衔接、综合实践，课程呈现更实训化、工具化；样例：德宏师范学院、甘肃林业职业技术大学、甘肃工业职业技术大学、云南经济管理学院、西安交通工程学院
500114,轨道车辆智能运维技术,专科(高职),,,交通运输大类,铁道运输类,铁道概论、铁路行车组织、铁路客运组织、列车运行控制、铁路信号基础、铁路安全管理、车站作业、岗位实训,category_template,未匹配rysxai课程文本,库内未命中,头部/强研究型：核心课不一定换名称，但会加深数学/理论和研究训练，重点看理论深度、科研训练、交叉前沿、学术写作；样例：库内未命中该层次开设样例,库内未命中,区域重点/特色优势：核心课保持完整，通常叠加地方产业、行业场景、实验项目和专业方向模块；样例：库内未命中该层次开设样例,库内未命中,普通应用/职业供给：更强调岗位技能、项目实训、证书衔接、综合实践，课程呈现更实训化、工具化；样例：库内未命中该层次开设样例
500201,道路与桥梁工程技术,专科(高职),,三年,交通运输大类,道路运输类,汽车构造、汽车电气设备、汽车检测与诊断、道路运输组织、交通安全、汽车维修技术、物流运输管理、岗位实训,category_template,rysxai课程文本未抽出课程名,库内未命中,头部/强研究型：核心课不一定换名称，但会加深数学/理论和研究训练，重点看理论深度、科研训练、交叉前沿、学术写作；样例：库内未命中该层次开设样例,吉林铁道职业技术大学、云南交通职业技术学院、内蒙古机电职业技术学院、哈尔滨铁道职业技术学院、四川交通职业技术学院,区域重点/特色优势：核心课保持完整，通常叠加地方产业、行业场景、实验项目和专业方向模块；样例：吉林铁道职业技术大学、云南交通职业技术学院、内蒙古机电职业技术学院、哈尔滨铁道职业技术学院、四川交通职业技术学院,广西职业师范学院、滇西应用技术大学、贵州交通职业大学、黄河水利职业技术大学、扬州职业技术大学,普通应用/职业供给：更强调岗位技能、项目实训、证书衔接、综合实践，课程呈现更实训化、工具化；样例：广西职业师范学院、滇西应用技术大学、贵州交通职业大学、黄河水利职业技术大学、扬州职业技术大学
500202,道路机械化施工技术,专科(高职),,三年,交通运输大类,道路运输类,汽车构造、汽车电气设备、汽车检测与诊断、道路运输组织、交通安全、汽车维修技术、物流运输管理、岗位实训,category_template,rysxai课程文本未抽出课程名,库内未命中,头部/强研究型：核心课不一定换名称，但会加深数学/理论和研究训练，重点看理论深度、科研训练、交叉前沿、学术写作；样例：库内未命中该层次开设样例,云南交通职业技术学院,区域重点/特色优势：核心课保持完整，通常叠加地方产业、行业场景、实验项目和专业方向模块；样例：云南交通职业技术学院,云南交通运输职业学院、四川建筑职业技术大学,普通应用/职业供给：更强调岗位技能、项目实训、证书衔接、综合实践，课程呈现更实训化、工具化；样例：云南交通运输职业学院、四川建筑职业技术大学
500203,智能工程机械运用技术,专科(高职),,三年,交通运输大类,道路运输类,汽车构造、汽车电气设备、汽车检测与诊断、道路运输组织、交通安全、汽车维修技术、物流运输管理、岗位实训,category_template,rysxai课程文本未抽出课程名,库内未命中,头部/强研究型：核心课不一定换名称，但会加深数学/理论和研究训练，重点看理论深度、科研训练、交叉前沿、学术写作；样例：库内未命中该层次开设样例,江西水利电力大学、吉林铁道职业技术大学、云南交通职业技术学院、云南机电职业技术学院、哈尔滨铁道职业技术学院,区域重点/特色优势：核心课保持完整，通常叠加地方产业、行业场景、实验项目和专业方向模块；样例：江西水利电力大学、吉林铁道职业技术大学、云南交通职业技术学院、云南机电职业技术学院、哈尔滨铁道职业技术学院,柳州职业技术大学、黄河水利职业技术大学、新疆交通职业技术大学、山西工程科技职业大学、南京交通职业技术学院,普通应用/职业供给：更强调岗位技能、项目实训、证书衔接、综合实践，课程呈现更实训化、工具化；样例：柳州职业技术大学、黄河水利职业技术大学、新疆交通职业技术大学、山西工程科技职业大学、南京交通职业技术学院
500204,道路工程检测技术,专科(高职),,三年,交通运输大类,道路运输类,汽车构造、汽车电气设备、汽车检测与诊断、道路运输组织、交通安全、汽车维修技术、物流运输管理、岗位实训,category_template,rysxai课程文本未抽出课程名,库内未命中,头部/强研究型：核心课不一定换名称，但会加深数学/理论和研究训练，重点看理论深度、科研训练、交叉前沿、学术写作；样例：库内未命中该层次开设样例,广西交通职业技术学院、河北交通职业技术学院、河南交通职业技术学院,区域重点/特色优势：核心课保持完整，通常叠加地方产业、行业场景、实验项目和专业方向模块；样例：广西交通职业技术学院、河北交通职业技术学院、河南交通职业技术学院,青海职业技术大学、新疆交通职业技术大学、内蒙古建筑职业技术大学、上海交通职业技术学院、内蒙古交通职业技术学院,普通应用/职业供给：更强调岗位技能、项目实训、证书衔接、综合实践，课程呈现更实训化、工具化；样例：青海职业技术大学、新疆交通职业技术大学、内蒙古建筑职业技术大学、上海交通职业技术学院、内蒙古交通职业技术学院
500205,道路工程造价,专科(高职),,三年,交通运输大类,道路运输类,建筑识图、建筑材料、工程测量、建筑施工技术、工程计量与计价、安装工程计量、工程招投标、BIM造价应用,category_template,rysxai课程文本未抽出课程名,库内未命中,头部/强研究型：核心课不一定换名称，但会加深数学/理论和研究训练，重点看理论深度、科研训练、交叉前沿、学术写作；样例：库内未命中该层次开设样例,云南交通职业技术学院、广西交通职业技术学院、河北交通职业技术学院、河南交通职业技术学院,区域重点/特色优势：核心课保持完整，通常叠加地方产业、行业场景、实验项目和专业方向模块；样例：云南交通职业技术学院、广西交通职业技术学院、河北交通职业技术学院、河南交通职业技术学院,青海职业技术大学、甘肃工业职业技术大学、上海交通职业技术学院、保定职业技术学院、南京交通职业技术学院,普通应用/职业供给：更强调岗位技能、项目实训、证书衔接、综合实践，课程呈现更实训化、工具化；样例：青海职业技术大学、甘肃工业职业技术大学、上海交通职业技术学院、保定职业技术学院、南京交通职业技术学院
500206,道路养护与管理,专科(高职),,三年,交通运输大类,道路运输类,汽车构造、汽车电气设备、汽车检测与诊断、道路运输组织、交通安全、汽车维修技术、物流运输管理、岗位实训,category_template,rysxai课程文本未抽出课程名,库内未命中,头部/强研究型：核心课不一定换名称，但会加深数学/理论和研究训练，重点看理论深度、科研训练、交叉前沿、学术写作；样例：库内未命中该层次开设样例,云南交通职业技术学院、河北交通职业技术学院、河南交通职业技术学院,区域重点/特色优势：核心课保持完整，通常叠加地方产业、行业场景、实验项目和专业方向模块；样例：云南交通职业技术学院、河北交通职业技术学院、河南交通职业技术学院,贵州交通职业大学、新疆交通职业技术大学、山西工程科技职业大学、云南交通运输职业学院、吉林交通职业技术学院,普通应用/职业供给：更强调岗位技能、项目实训、证书衔接、综合实践，课程呈现更实训化、工具化；样例：贵州交通职业大学、新疆交通职业技术大学、山西工程科技职业大学、云南交通运输职业学院、吉林交通职业技术学院
500207,智能交通技术,专科(高职),,三年,交通运输大类,道路运输类,汽车构造、汽车电气设备、汽车检测与诊断、道路运输组织、交通安全、汽车维修技术、物流运输管理、岗位实训,category_template,rysxai课程文本未抽出课程名,库内未命中,头部/强研究型：核心课不一定换名称，但会加深数学/理论和研究训练，重点看理论深度、科研训练、交叉前沿、学术写作；样例：库内未命中该层次开设样例,吉林铁道职业技术大学、云南交通职业技术学院、南京信息职业技术学院、四川交通职业技术学院、天津交通职业学院,区域重点/特色优势：核心课保持完整，通常叠加地方产业、行业场景、实验项目和专业方向模块；样例：吉林铁道职业技术大学、云南交通职业技术学院、南京信息职业技术学院、四川交通职业技术学院、天津交通职业学院,湖南汽车工程职业大学、江西职业技术大学、新疆交通职业技术大学、上海交通职业技术学院、云南交通运输职业学院,普通应用/职业供给：更强调岗位技能、项目实训、证书衔接、综合实践，课程呈现更实训化、工具化；样例：湖南汽车工程职业大学、江西职业技术大学、新疆交通职业技术大学、上海交通职业技术学院、云南交通运输职业学院
500208,道路运输管理,专科(高职),,三年,交通运输大类,道路运输类,汽车构造、汽车电气设备、汽车检测与诊断、道路运输组织、交通安全、汽车维修技术、物流运输管理、岗位实训,category_template,rysxai课程文本未抽出课程名,库内未命中,头部/强研究型：核心课不一定换名称，但会加深数学/理论和研究训练，重点看理论深度、科研训练、交叉前沿、学术写作；样例：库内未命中该层次开设样例,云南交通职业技术学院、天津交通职业学院、广西交通职业技术学院、河北交通职业技术学院,区域重点/特色优势：核心课保持完整，通常叠加地方产业、行业场景、实验项目和专业方向模块；样例：云南交通职业技术学院、天津交通职业学院、广西交通职业技术学院、河北交通职业技术学院,西安汽车职业大学、上海交通职业技术学院、北京交通运输职业学院、山东交通职业学院,普通应用/职业供给：更强调岗位技能、项目实训、证书衔接、综合实践，课程呈现更实训化、工具化；样例：西安汽车职业大学、上海交通职业技术学院、北京交通运输职业学院、山东交通职业学院
500209,交通运营管理,专科(高职),,三年,交通运输大类,道路运输类,汽车构造、汽车电气设备、汽车检测与诊断、道路运输组织、交通安全、汽车维修技术、物流运输管理、岗位实训,category_template,rysxai课程文本未抽出课程名,库内未命中,头部/强研究型：核心课不一定换名称，但会加深数学/理论和研究训练，重点看理论深度、科研训练、交叉前沿、学术写作；样例：库内未命中该层次开设样例,云南交通职业技术学院、四川交通职业技术学院、新疆生产建设兵团兴新职业技术学院、江苏航运职业技术学院、重庆三峡职业学院,区域重点/特色优势：核心课保持完整，通常叠加地方产业、行业场景、实验项目和专业方向模块；样例：云南交通职业技术学院、四川交通职业技术学院、新疆生产建设兵团兴新职业技术学院、江苏航运职业技术学院、重庆三峡职业学院,西安思源学院、上海交通职业技术学院、广东交通职业技术学院、江苏城乡建设职业学院、沧州职业技术学院,普通应用/职业供给：更强调岗位技能、项目实训、证书衔接、综合实践，课程呈现更实训化、工具化；样例：西安思源学院、上海交通职业技术学院、广东交通职业技术学院、江苏城乡建设职业学院、沧州职业技术学院
500210,汽车技术服务与营销,专科(高职),,三年,交通运输大类,道路运输类,汽车构造、汽车电气设备、汽车检测与诊断、道路运输组织、交通安全、汽车维修技术、物流运输管理、岗位实训,category_template,rysxai课程文本未抽出课程名,库内未命中,头部/强研究型：核心课不一定换名称，但会加深数学/理论和研究训练，重点看理论深度、科研训练、交叉前沿、学术写作；样例：库内未命中该层次开设样例,广东轻工职业技术大学、潍坊学院、广州职业技术大学、青岛恒星科技学院、云南交通职业技术学院,区域重点/特色优势：核心课保持完整，通常叠加地方产业、行业场景、实验项目和专业方向模块；样例：广东轻工职业技术大学、潍坊学院、广州职业技术大学、青岛恒星科技学院、云南交通职业技术学院,浙江机电职业技术大学、柳州职业技术大学、湖南汽车工程职业大学、南宁职业技术大学、河北石油职业技术大学,普通应用/职业供给：更强调岗位技能、项目实训、证书衔接、综合实践，课程呈现更实训化、工具化；样例：浙江机电职业技术大学、柳州职业技术大学、湖南汽车工程职业大学、南宁职业技术大学、河北石油职业技术大学
500211,汽车检测与维修技术,专科(高职),,三年,交通运输大类,道路运输类,汽车构造、汽车电气设备、汽车检测与诊断、道路运输组织、交通安全、汽车维修技术、物流运输管理、岗位实训,category_template,rysxai课程文本未抽出课程名,内蒙古大学,头部/强研究型：核心课不一定换名称，但会加深数学/理论和研究训练，重点看理论深度、科研训练、交叉前沿、学术写作；样例：内蒙古大学,内蒙古农业大学、江西水利电力大学、广东轻工职业技术大学、桂林航天工业学院、青岛恒星科技学院,区域重点/特色优势：核心课保持完整，通常叠加地方产业、行业场景、实验项目和专业方向模块；样例：内蒙古农业大学、江西水利电力大学、广东轻工职业技术大学、桂林航天工业学院、青岛恒星科技学院,德宏师范学院、北京科技职业大学、柳州职业技术大学、广西农业职业技术大学、唐山工业职业技术大学,普通应用/职业供给：更强调岗位技能、项目实训、证书衔接、综合实践，课程呈现更实训化、工具化；样例：德宏师范学院、北京科技职业大学、柳州职业技术大学、广西农业职业技术大学、唐山工业职业技术大学
500212,新能源汽车检测与维修技术,专科(高职),,三年,交通运输大类,道路运输类,汽车构造、汽车电气设备、汽车检测与诊断、道路运输组织、交通安全、汽车维修技术、物流运输管理、岗位实训,category_template,rysxai课程文本未抽出课程名,库内未命中,头部/强研究型：核心课不一定换名称，但会加深数学/理论和研究训练，重点看理论深度、科研训练、交叉前沿、学术写作；样例：库内未命中该层次开设样例,合肥职业技术学院、四川交通职业技术学院、威海职业学院、山西水利职业技术学院、武汉软件工程职业学院,区域重点/特色优势：核心课保持完整，通常叠加地方产业、行业场景、实验项目和专业方向模块；样例：合肥职业技术学院、四川交通职业技术学院、威海职业学院、山西水利职业技术学院、武汉软件工程职业学院,河北工业职业技术大学、长春汽车职业技术大学、扬州职业技术大学、青海职业技术大学、兰州石化职业技术大学,普通应用/职业供给：更强调岗位技能、项目实训、证书衔接、综合实践，课程呈现更实训化、工具化；样例：河北工业职业技术大学、长春汽车职业技术大学、扬州职业技术大学、青海职业技术大学、兰州石化职业技术大学
500301,航海技术,专科(高职),,三年,交通运输大类,水上运输类,专业导论、岗位基础技能、专业核心技术、设备/软件操作、项目实训、职业规范、综合实训、顶岗实习,category_template,rysxai课程文本未抽出课程名,武汉理工大学、大连海事大学、宁波大学,头部/强研究型：核心课不一定换名称，但会加深数学/理论和研究训练，重点看理论深度、科研训练、交叉前沿、学术写作；样例：武汉理工大学、大连海事大学、宁波大学,集美大学、天津理工大学、上海海事大学、重庆交通大学、烟台大学,区域重点/特色优势：核心课保持完整，通常叠加地方产业、行业场景、实验项目和专业方向模块；样例：集美大学、天津理工大学、上海海事大学、重庆交通大学、烟台大学,广州航海学院、湖南汽车工程职业大学、江西职业技术大学、集美大学诚毅学院、海南科技职业大学,普通应用/职业供给：更强调岗位技能、项目实训、证书衔接、综合实践，课程呈现更实训化、工具化；样例：广州航海学院、湖南汽车工程职业大学、江西职业技术大学、集美大学诚毅学院、海南科技职业大学
500302,港口与航道工程技术,专科(高职),,三年,交通运输大类,水上运输类,专业导论、岗位基础技能、专业核心技术、设备/软件操作、项目实训、职业规范、综合实训、顶岗实习,category_template,rysxai课程文本未抽出课程名,库内未命中,头部/强研究型：核心课不一定换名称，但会加深数学/理论和研究训练，重点看理论深度、科研训练、交叉前沿、学术写作；样例：库内未命中该层次开设样例,广西交通职业技术学院、江苏航运职业技术学院、青岛港湾职业技术学院、九江科技职业大学,区域重点/特色优势：核心课保持完整，通常叠加地方产业、行业场景、实验项目和专业方向模块；样例：广西交通职业技术学院、江苏航运职业技术学院、青岛港湾职业技术学院、九江科技职业大学,南京交通职业技术学院、周口职业技术学院、威海海洋职业学院、安徽交通职业技术学院、安徽水利水电职业技术学院,普通应用/职业供给：更强调岗位技能、项目实训、证书衔接、综合实践，课程呈现更实训化、工具化；样例：南京交通职业技术学院、周口职业技术学院、威海海洋职业学院、安徽交通职业技术学院、安徽水利水电职业技术学院
500303,轮机工程技术,专科(高职),,三年,交通运输大类,水上运输类,专业导论、岗位基础技能、专业核心技术、设备/软件操作、项目实训、职业规范、综合实训、顶岗实习,category_template,rysxai课程文本未抽出课程名,库内未命中,头部/强研究型：核心课不一定换名称，但会加深数学/理论和研究训练，重点看理论深度、科研训练、交叉前沿、学术写作；样例：库内未命中该层次开设样例,四川交通职业技术学院、天津海运职业学院、威海职业学院、广西交通职业技术学院、武汉交通职业学院,区域重点/特色优势：核心课保持完整，通常叠加地方产业、行业场景、实验项目和专业方向模块；样例：四川交通职业技术学院、天津海运职业学院、威海职业学院、广西交通职业技术学院、武汉交通职业学院,湖南汽车工程职业大学、贵州交通职业大学、江西职业技术大学、海南科技职业大学、上海交通职业技术学院,普通应用/职业供给：更强调岗位技能、项目实训、证书衔接、综合实践，课程呈现更实训化、工具化；样例：湖南汽车工程职业大学、贵州交通职业大学、江西职业技术大学、海南科技职业大学、上海交通职业技术学院
500304,国际邮轮乘务管理,专科(高职),,三年,交通运输大类,水上运输类,专业导论、岗位基础技能、专业核心技术、设备/软件操作、项目实训、职业规范、综合实训、顶岗实习,category_template,rysxai课程文本未抽出课程名,库内未命中,头部/强研究型：核心课不一定换名称，但会加深数学/理论和研究训练，重点看理论深度、科研训练、交叉前沿、学术写作；样例：库内未命中该层次开设样例,四川交通职业技术学院、天津交通职业学院、天津海运职业学院、威海职业学院、广西交通职业技术学院,区域重点/特色优势：核心课保持完整，通常叠加地方产业、行业场景、实验项目和专业方向模块；样例：四川交通职业技术学院、天津交通职业学院、天津海运职业学院、威海职业学院、广西交通职业技术学院,桂林旅游学院、哈尔滨职业技术大学、海南科技职业大学、三峡旅游职业技术学院、上海南湖职业技术学院,普通应用/职业供给：更强调岗位技能、项目实训、证书衔接、综合实践，课程呈现更实训化、工具化；样例：桂林旅游学院、哈尔滨职业技术大学、海南科技职业大学、三峡旅游职业技术学院、上海南湖职业技术学院
500305,水路运输安全管理,专科(高职),,三年,交通运输大类,水上运输类,专业导论、岗位基础技能、专业核心技术、设备/软件操作、项目实训、职业规范、综合实训、顶岗实习,category_template,rysxai课程文本未抽出课程名,库内未命中,头部/强研究型：核心课不一定换名称，但会加深数学/理论和研究训练，重点看理论深度、科研训练、交叉前沿、学术写作；样例：库内未命中该层次开设样例,广西交通职业技术学院、江苏海事职业技术学院、江苏航运职业技术学院、青岛港湾职业技术学院、九江科技职业大学,区域重点/特色优势：核心课保持完整，通常叠加地方产业、行业场景、实验项目和专业方向模块；样例：广西交通职业技术学院、江苏海事职业技术学院、江苏航运职业技术学院、青岛港湾职业技术学院、九江科技职业大学,新疆交通职业技术大学、海南科技职业大学、厦门海洋职业技术学院、日照航海工程职业学院,普通应用/职业供给：更强调岗位技能、项目实训、证书衔接、综合实践，课程呈现更实训化、工具化；样例：新疆交通职业技术大学、海南科技职业大学、厦门海洋职业技术学院、日照航海工程职业学院
500306,港口机械与智能控制,专科(高职),,三年,交通运输大类,水上运输类,专业导论、岗位基础技能、专业核心技术、设备/软件操作、项目实训、职业规范、综合实训、顶岗实习,category_template,rysxai课程文本未抽出课程名,库内未命中,头部/强研究型：核心课不一定换名称，但会加深数学/理论和研究训练，重点看理论深度、科研训练、交叉前沿、学术写作；样例：库内未命中该层次开设样例,天津海运职业学院、山东职业学院、江苏海事职业技术学院、江苏航运职业技术学院、青岛港湾职业技术学院,区域重点/特色优势：核心课保持完整，通常叠加地方产业、行业场景、实验项目和专业方向模块；样例：天津海运职业学院、山东职业学院、江苏海事职业技术学院、江苏航运职业技术学院、青岛港湾职业技术学院,唐山工业职业技术大学、上海交通职业技术学院、北海职业学院、厦门海洋职业技术学院、安徽交通职业技术学院,普通应用/职业供给：更强调岗位技能、项目实训、证书衔接、综合实践，课程呈现更实训化、工具化；样例：唐山工业职业技术大学、上海交通职业技术学院、北海职业学院、厦门海洋职业技术学院、安徽交通职业技术学院
500307,港口与航运管理,专科(高职),,三年,交通运输大类,水上运输类,专业导论、岗位基础技能、专业核心技术、设备/软件操作、项目实训、职业规范、综合实训、顶岗实习,category_template,rysxai课程文本未抽出课程名,库内未命中,头部/强研究型：核心课不一定换名称，但会加深数学/理论和研究训练，重点看理论深度、科研训练、交叉前沿、学术写作；样例：库内未命中该层次开设样例,深圳职业技术大学、海口经济学院、天津交通职业学院、天津海运职业学院、威海职业学院,区域重点/特色优势：核心课保持完整，通常叠加地方产业、行业场景、实验项目和专业方向模块；样例：深圳职业技术大学、海口经济学院、天津交通职业学院、天津海运职业学院、威海职业学院,云南交通运输职业学院、厦门海洋职业技术学院、周口职业技术学院、天津商务职业学院、安徽交通职业技术学院,普通应用/职业供给：更强调岗位技能、项目实训、证书衔接、综合实践，课程呈现更实训化、工具化；样例：云南交通运输职业学院、厦门海洋职业技术学院、周口职业技术学院、天津商务职业学院、安徽交通职业技术学院
500308,船舶电子电气技术,专科(高职),,三年,交通运输大类,水上运输类,专业导论、岗位基础技能、专业核心技术、设备/软件操作、项目实训、职业规范、综合实训、顶岗实习,category_template,rysxai课程文本未抽出课程名,库内未命中,头部/强研究型：核心课不一定换名称，但会加深数学/理论和研究训练，重点看理论深度、科研训练、交叉前沿、学术写作；样例：库内未命中该层次开设样例,天津海运职业学院、威海职业学院、武汉交通职业学院、武汉船舶职业技术学院、江苏海事职业技术学院,区域重点/特色优势：核心课保持完整，通常叠加地方产业、行业场景、实验项目和专业方向模块；样例：天津海运职业学院、威海职业学院、武汉交通职业学院、武汉船舶职业技术学院、江苏海事职业技术学院,湖南汽车工程职业大学、威海海洋职业学院、山东交通职业学院、广东交通职业技术学院、武汉海事职业学院,普通应用/职业供给：更强调岗位技能、项目实训、证书衔接、综合实践，课程呈现更实训化、工具化；样例：湖南汽车工程职业大学、威海海洋职业学院、山东交通职业学院、广东交通职业技术学院、武汉海事职业学院
500309,船舶检验,专科(高职),,三年,交通运输大类,水上运输类,专业导论、岗位基础技能、专业核心技术、设备/软件操作、项目实训、职业规范、综合实训、顶岗实习,category_template,rysxai课程文本未抽出课程名,库内未命中,头部/强研究型：核心课不一定换名称，但会加深数学/理论和研究训练，重点看理论深度、科研训练、交叉前沿、学术写作；样例：库内未命中该层次开设样例,天津海运职业学院、江苏海事职业技术学院,区域重点/特色优势：核心课保持完整，通常叠加地方产业、行业场景、实验项目和专业方向模块；样例：天津海运职业学院、江苏海事职业技术学院,厦门海洋职业技术学院、威海海洋职业学院、渤海船舶职业学院、大连航运职业技术学院,普通应用/职业供给：更强调岗位技能、项目实训、证书衔接、综合实践，课程呈现更实训化、工具化；样例：厦门海洋职业技术学院、威海海洋职业学院、渤海船舶职业学院、大连航运职业技术学院
500310,集装箱运输管理,专科(高职),,三年,交通运输大类,水上运输类,专业导论、岗位基础技能、专业核心技术、设备/软件操作、项目实训、职业规范、综合实训、顶岗实习,category_template,rysxai课程文本未抽出课程名,库内未命中,头部/强研究型：核心课不一定换名称，但会加深数学/理论和研究训练，重点看理论深度、科研训练、交叉前沿、学术写作；样例：库内未命中该层次开设样例,武汉铁路职业技术学院、江苏海事职业技术学院、青岛港湾职业技术学院、九江科技职业大学,区域重点/特色优势：核心课保持完整，通常叠加地方产业、行业场景、实验项目和专业方向模块；样例：武汉铁路职业技术学院、江苏海事职业技术学院、青岛港湾职业技术学院、九江科技职业大学,上海交通职业技术学院、厦门海洋职业技术学院、上海民远职业技术学院、唐山海运职业学院、山东海事职业学院,普通应用/职业供给：更强调岗位技能、项目实训、证书衔接、综合实践，课程呈现更实训化、工具化；样例：上海交通职业技术学院、厦门海洋职业技术学院、上海民远职业技术学院、唐山海运职业学院、山东海事职业学院
500401,民航运输服务,专科(高职),,三年,交通运输大类,航空运输类,民航概论、航空服务礼仪、民航安全管理、客舱服务、航空运输地理、民航法规、应急处置、岗位实训,category_template,rysxai课程文本未抽出课程名,库内未命中,头部/强研究型：核心课不一定换名称，但会加深数学/理论和研究训练，重点看理论深度、科研训练、交叉前沿、学术写作；样例：库内未命中该层次开设样例,中国民航大学、北京城市学院、海口经济学院、云南机电职业技术学院、吉林工业职业技术学院,区域重点/特色优势：核心课保持完整，通常叠加地方产业、行业场景、实验项目和专业方向模块；样例：中国民航大学、北京城市学院、海口经济学院、云南机电职业技术学院、吉林工业职业技术学院,德宏师范学院、哈尔滨职业技术大学、新疆天山职业技术大学、湖北师范大学文理学院、山东工程职业技术大学,普通应用/职业供给：更强调岗位技能、项目实训、证书衔接、综合实践，课程呈现更实训化、工具化；样例：德宏师范学院、哈尔滨职业技术大学、新疆天山职业技术大学、湖北师范大学文理学院、山东工程职业技术大学
500402,民航通信技术,专科(高职),,三年,交通运输大类,航空运输类,民航概论、航空服务礼仪、民航安全管理、客舱服务、航空运输地理、民航法规、应急处置、岗位实训,category_template,rysxai课程文本未抽出课程名,库内未命中,头部/强研究型：核心课不一定换名称，但会加深数学/理论和研究训练，重点看理论深度、科研训练、交叉前沿、学术写作；样例：库内未命中该层次开设样例,西安航空学院、广州民航职业技术学院、长沙航空职业技术学院,区域重点/特色优势：核心课保持完整，通常叠加地方产业、行业场景、实验项目和专业方向模块；样例：西安航空学院、广州民航职业技术学院、长沙航空职业技术学院,吉林通用航空职业技术学院、江苏航空职业技术学院、广西蓝天航空职业学院,普通应用/职业供给：更强调岗位技能、项目实训、证书衔接、综合实践，课程呈现更实训化、工具化；样例：吉林通用航空职业技术学院、江苏航空职业技术学院、广西蓝天航空职业学院
500403,定翼机驾驶技术,专科(高职),,三年,交通运输大类,航空运输类,民航概论、航空服务礼仪、民航安全管理、客舱服务、航空运输地理、民航法规、应急处置、岗位实训,category_template,rysxai课程文本未抽出课程名,库内未命中,头部/强研究型：核心课不一定换名称，但会加深数学/理论和研究训练，重点看理论深度、科研训练、交叉前沿、学术写作；样例：库内未命中该层次开设样例,库内未命中,区域重点/特色优势：核心课保持完整，通常叠加地方产业、行业场景、实验项目和专业方向模块；样例：库内未命中该层次开设样例,山东工程职业技术大学、湖北三峡航空学院、吉林通用航空职业技术学院、山东理工职业学院、锡林郭勒职业学院,普通应用/职业供给：更强调岗位技能、项目实训、证书衔接、综合实践，课程呈现更实训化、工具化；样例：山东工程职业技术大学、湖北三峡航空学院、吉林通用航空职业技术学院、山东理工职业学院、锡林郭勒职业学院
500404,直升机驾驶技术,专科(高职),,三年,交通运输大类,航空运输类,民航概论、航空服务礼仪、民航安全管理、客舱服务、航空运输地理、民航法规、应急处置、岗位实训,category_template,rysxai课程文本未抽出课程名,库内未命中,头部/强研究型：核心课不一定换名称，但会加深数学/理论和研究训练，重点看理论深度、科研训练、交叉前沿、学术写作；样例：库内未命中该层次开设样例,库内未命中,区域重点/特色优势：核心课保持完整，通常叠加地方产业、行业场景、实验项目和专业方向模块；样例：库内未命中该层次开设样例,安阳工学院、安阳学院、云南交通运输职业学院、山西通用航空职业技术学院、信阳航空职业学院,普通应用/职业供给：更强调岗位技能、项目实训、证书衔接、综合实践，课程呈现更实训化、工具化；样例：安阳工学院、安阳学院、云南交通运输职业学院、山西通用航空职业技术学院、信阳航空职业学院
500405,空中乘务,专科(高职),,三年,交通运输大类,航空运输类,民航概论、航空服务礼仪、民航安全管理、客舱服务、航空运输地理、民航法规、应急处置、岗位实训,category_template,rysxai课程文本未抽出课程名,库内未命中,头部/强研究型：核心课不一定换名称，但会加深数学/理论和研究训练，重点看理论深度、科研训练、交叉前沿、学术写作；样例：库内未命中该层次开设样例,上海工程技术大学、上海应用技术大学、郑州航空工业管理学院、山东交通学院、中国民用航空飞行学院,区域重点/特色优势：核心课保持完整，通常叠加地方产业、行业场景、实验项目和专业方向模块；样例：上海工程技术大学、上海应用技术大学、郑州航空工业管理学院、山东交通学院、中国民用航空飞行学院,武汉商学院、信阳农林学院、桂林旅游学院、湖南女子学院、百色学院,普通应用/职业供给：更强调岗位技能、项目实训、证书衔接、综合实践，课程呈现更实训化、工具化；样例：武汉商学院、信阳农林学院、桂林旅游学院、湖南女子学院、百色学院
500406,民航安全技术管理,专科(高职),,三年,交通运输大类,航空运输类,民航概论、航空服务礼仪、民航安全管理、客舱服务、航空运输地理、民航法规、应急处置、岗位实训,category_template,rysxai课程文本未抽出课程名,库内未命中,头部/强研究型：核心课不一定换名称，但会加深数学/理论和研究训练，重点看理论深度、科研训练、交叉前沿、学术写作；样例：库内未命中该层次开设样例,中国民航大学、山东航空学院、昌吉学院、东营职业学院、云南交通职业技术学院,区域重点/特色优势：核心课保持完整，通常叠加地方产业、行业场景、实验项目和专业方向模块；样例：中国民航大学、山东航空学院、昌吉学院、东营职业学院、云南交通职业技术学院,广西警察学院、德宏师范学院、新疆交通职业技术大学、武汉东湖学院、山西工程科技职业大学,普通应用/职业供给：更强调岗位技能、项目实训、证书衔接、综合实践，课程呈现更实训化、工具化；样例：广西警察学院、德宏师范学院、新疆交通职业技术大学、武汉东湖学院、山西工程科技职业大学
500407,民航空中安全保卫,专科(高职),,三年,交通运输大类,航空运输类,民航概论、航空服务礼仪、民航安全管理、客舱服务、航空运输地理、民航法规、应急处置、岗位实训,category_template,rysxai课程文本未抽出课程名,库内未命中,头部/强研究型：核心课不一定换名称，但会加深数学/理论和研究训练，重点看理论深度、科研训练、交叉前沿、学术写作；样例：库内未命中该层次开设样例,四川传媒学院、广州民航职业技术学院,区域重点/特色优势：核心课保持完整，通常叠加地方产业、行业场景、实验项目和专业方向模块；样例：四川传媒学院、广州民航职业技术学院,安阳工学院、甘肃警察学院、四川电影电视学院、成都外国语学院、成都航空职业技术大学,普通应用/职业供给：更强调岗位技能、项目实训、证书衔接、综合实践，课程呈现更实训化、工具化；样例：安阳工学院、甘肃警察学院、四川电影电视学院、成都外国语学院、成都航空职业技术大学
500408,机场运行服务与管理,专科(高职),,三年,交通运输大类,航空运输类,民航概论、航空服务礼仪、民航安全管理、客舱服务、航空运输地理、民航法规、应急处置、岗位实训,category_template,rysxai课程文本未抽出课程名,库内未命中,头部/强研究型：核心课不一定换名称，但会加深数学/理论和研究训练，重点看理论深度、科研训练、交叉前沿、学术写作；样例：库内未命中该层次开设样例,广州民航职业技术学院、武汉交通职业学院、江苏航运职业技术学院、西安航空职业技术学院、重庆航天职业技术学院,区域重点/特色优势：核心课保持完整，通常叠加地方产业、行业场景、实验项目和专业方向模块；样例：广州民航职业技术学院、武汉交通职业学院、江苏航运职业技术学院、西安航空职业技术学院、重庆航天职业技术学院,武汉职业技术大学、江西飞行学院、成都航空职业技术大学、重庆机电职业技术大学、上海民航职业技术学院,普通应用/职业供给：更强调岗位技能、项目实训、证书衔接、综合实践，课程呈现更实训化、工具化；样例：武汉职业技术大学、江西飞行学院、成都航空职业技术大学、重庆机电职业技术大学、上海民航职业技术学院
500409,飞机机电设备维修,专科(高职),,三年,交通运输大类,航空运输类,民航概论、航空服务礼仪、民航安全管理、客舱服务、航空运输地理、民航法规、应急处置、岗位实训,category_template,rysxai课程文本未抽出课程名,库内未命中,头部/强研究型：核心课不一定换名称，但会加深数学/理论和研究训练，重点看理论深度、科研训练、交叉前沿、学术写作；样例：库内未命中该层次开设样例,中国民航大学、中国民用航空飞行学院、海口经济学院、上海电子信息职业技术学院、东营职业学院,区域重点/特色优势：核心课保持完整，通常叠加地方产业、行业场景、实验项目和专业方向模块；样例：中国民航大学、中国民用航空飞行学院、海口经济学院、上海电子信息职业技术学院、东营职业学院,北京科技职业大学、金华职业技术大学、唐山工业职业技术大学、无锡职业技术大学、安阳学院,普通应用/职业供给：更强调岗位技能、项目实训、证书衔接、综合实践，课程呈现更实训化、工具化；样例：北京科技职业大学、金华职业技术大学、唐山工业职业技术大学、无锡职业技术大学、安阳学院
500410,飞机电子设备维修,专科(高职),,三年,交通运输大类,航空运输类,民航概论、航空服务礼仪、民航安全管理、客舱服务、航空运输地理、民航法规、应急处置、岗位实训,category_template,rysxai课程文本未抽出课程名,库内未命中,头部/强研究型：核心课不一定换名称，但会加深数学/理论和研究训练，重点看理论深度、科研训练、交叉前沿、学术写作；样例：库内未命中该层次开设样例,中国民航大学、西安航空学院、上海电子信息职业技术学院、广州民航职业技术学院、西安航空职业技术学院,区域重点/特色优势：核心课保持完整，通常叠加地方产业、行业场景、实验项目和专业方向模块；样例：中国民航大学、西安航空学院、上海电子信息职业技术学院、广州民航职业技术学院、西安航空职业技术学院,北京科技职业大学、江西飞行学院、安阳学院、成都航空职业技术大学、上海民航职业技术学院,普通应用/职业供给：更强调岗位技能、项目实训、证书衔接、综合实践，课程呈现更实训化、工具化；样例：北京科技职业大学、江西飞行学院、安阳学院、成都航空职业技术大学、上海民航职业技术学院
500411,飞机部件修理,专科(高职),,三年,交通运输大类,航空运输类,民航概论、航空服务礼仪、民航安全管理、客舱服务、航空运输地理、民航法规、应急处置、岗位实训,category_template,rysxai课程文本未抽出课程名,库内未命中,头部/强研究型：核心课不一定换名称，但会加深数学/理论和研究训练，重点看理论深度、科研训练、交叉前沿、学术写作；样例：库内未命中该层次开设样例,云南机电职业技术学院、广州民航职业技术学院,区域重点/特色优势：核心课保持完整，通常叠加地方产业、行业场景、实验项目和专业方向模块；样例：云南机电职业技术学院、广州民航职业技术学院,信阳航空职业学院、广西蓝天航空职业学院、江海职业技术学院、石家庄工程职业学院,普通应用/职业供给：更强调岗位技能、项目实训、证书衔接、综合实践，课程呈现更实训化、工具化；样例：信阳航空职业学院、广西蓝天航空职业学院、江海职业技术学院、石家庄工程职业学院
500412,通用航空器维修,专科(高职),,三年,交通运输大类,航空运输类,民航概论、航空服务礼仪、民航安全管理、客舱服务、航空运输地理、民航法规、应急处置、岗位实训,category_template,rysxai课程文本未抽出课程名,库内未命中,头部/强研究型：核心课不一定换名称，但会加深数学/理论和研究训练，重点看理论深度、科研训练、交叉前沿、学术写作；样例：库内未命中该层次开设样例,山西机电职业技术学院、广州民航职业技术学院、济南职业学院、浙江交通职业技术学院、福建船政交通职业学院,区域重点/特色优势：核心课保持完整，通常叠加地方产业、行业场景、实验项目和专业方向模块；样例：山西机电职业技术学院、广州民航职业技术学院、济南职业学院、浙江交通职业技术学院、福建船政交通职业学院,成都航空职业技术大学、上海民航职业技术学院、云南交通运输职业学院、吉林通用航空职业技术学院、安徽交通职业技术学院,普通应用/职业供给：更强调岗位技能、项目实训、证书衔接、综合实践，课程呈现更实训化、工具化；样例：成都航空职业技术大学、上海民航职业技术学院、云南交通运输职业学院、吉林通用航空职业技术学院、安徽交通职业技术学院
500413,飞机结构修理,专科(高职),,三年,交通运输大类,航空运输类,民航概论、航空服务礼仪、民航安全管理、客舱服务、航空运输地理、民航法规、应急处置、岗位实训,category_template,rysxai课程文本未抽出课程名,库内未命中,头部/强研究型：核心课不一定换名称，但会加深数学/理论和研究训练，重点看理论深度、科研训练、交叉前沿、学术写作；样例：库内未命中该层次开设样例,广州民航职业技术学院,区域重点/特色优势：核心课保持完整，通常叠加地方产业、行业场景、实验项目和专业方向模块；样例：广州民航职业技术学院,成都航空职业技术大学、上海民航职业技术学院、江苏航空职业技术学院、信阳航空职业学院、广东肇庆航空职业学院,普通应用/职业供给：更强调岗位技能、项目实训、证书衔接、综合实践，课程呈现更实训化、工具化；样例：成都航空职业技术大学、上海民航职业技术学院、江苏航空职业技术学院、信阳航空职业学院、广东肇庆航空职业学院
500414,航空地面设备维修,专科(高职),,三年,交通运输大类,航空运输类,民航概论、航空服务礼仪、民航安全管理、客舱服务、航空运输地理、民航法规、应急处置、岗位实训,category_template,rysxai课程文本未抽出课程名,库内未命中,头部/强研究型：核心课不一定换名称，但会加深数学/理论和研究训练，重点看理论深度、科研训练、交叉前沿、学术写作；样例：库内未命中该层次开设样例,西安航空学院、西安航空职业技术学院,区域重点/特色优势：核心课保持完整，通常叠加地方产业、行业场景、实验项目和专业方向模块；样例：西安航空学院、西安航空职业技术学院,北京科技职业大学、上海民航职业技术学院、吉林通用航空职业技术学院、山西通用航空职业技术学院、河北轨道运输职业技术学院,普通应用/职业供给：更强调岗位技能、项目实训、证书衔接、综合实践，课程呈现更实训化、工具化；样例：北京科技职业大学、上海民航职业技术学院、吉林通用航空职业技术学院、山西通用航空职业技术学院、河北轨道运输职业技术学院
500415,机场场务技术与管理,专科(高职),,三年,交通运输大类,航空运输类,民航概论、航空服务礼仪、民航安全管理、客舱服务、航空运输地理、民航法规、应急处置、岗位实训,category_template,rysxai课程文本未抽出课程名,库内未命中,头部/强研究型：核心课不一定换名称，但会加深数学/理论和研究训练，重点看理论深度、科研训练、交叉前沿、学术写作；样例：库内未命中该层次开设样例,广州民航职业技术学院,区域重点/特色优势：核心课保持完整，通常叠加地方产业、行业场景、实验项目和专业方向模块；样例：广州民航职业技术学院,天府新区通用航空职业学院、广东肇庆航空职业学院,普通应用/职业供给：更强调岗位技能、项目实训、证书衔接、综合实践，课程呈现更实训化、工具化；样例：天府新区通用航空职业学院、广东肇庆航空职业学院
500416,通用航空航务技术,专科(高职),,三年,交通运输大类,航空运输类,民航概论、航空服务礼仪、民航安全管理、客舱服务、航空运输地理、民航法规、应急处置、岗位实训,category_template,rysxai课程文本未抽出课程名,库内未命中,头部/强研究型：核心课不一定换名称，但会加深数学/理论和研究训练，重点看理论深度、科研训练、交叉前沿、学术写作；样例：库内未命中该层次开设样例,广州民航职业技术学院、长沙航空职业技术学院,区域重点/特色优势：核心课保持完整，通常叠加地方产业、行业场景、实验项目和专业方向模块；样例：广州民航职业技术学院、长沙航空职业技术学院,南京工业职业技术大学、山西通用航空职业技术学院、日照职业技术大学、荆门职业学院、四川西南航空职业学院,普通应用/职业供给：更强调岗位技能、项目实训、证书衔接、综合实践，课程呈现更实训化、工具化；样例：南京工业职业技术大学、山西通用航空职业技术学院、日照职业技术大学、荆门职业学院、四川西南航空职业学院
500417,航空油料,专科(高职),,三年,交通运输大类,航空运输类,民航概论、航空服务礼仪、民航安全管理、客舱服务、航空运输地理、民航法规、应急处置、岗位实训,category_template,rysxai课程文本未抽出课程名,库内未命中,头部/强研究型：核心课不一定换名称，但会加深数学/理论和研究训练，重点看理论深度、科研训练、交叉前沿、学术写作；样例：库内未命中该层次开设样例,库内未命中,区域重点/特色优势：核心课保持完整，通常叠加地方产业、行业场景、实验项目和专业方向模块；样例：库内未命中该层次开设样例,重庆城市职业学院、四川西南航空职业学院,普通应用/职业供给：更强调岗位技能、项目实训、证书衔接、综合实践，课程呈现更实训化、工具化；样例：重庆城市职业学院、四川西南航空职业学院
500418,航空复合材料结构修理技术,专科(高职),,,交通运输大类,航空运输类,民航概论、航空服务礼仪、民航安全管理、客舱服务、航空运输地理、民航法规、应急处置、岗位实训,category_template,未匹配rysxai课程文本,库内未命中,头部/强研究型：核心课不一定换名称，但会加深数学/理论和研究训练，重点看理论深度、科研训练、交叉前沿、学术写作；样例：库内未命中该层次开设样例,库内未命中,区域重点/特色优势：核心课保持完整，通常叠加地方产业、行业场景、实验项目和专业方向模块；样例：库内未命中该层次开设样例,库内未命中,普通应用/职业供给：更强调岗位技能、项目实训、证书衔接、综合实践，课程呈现更实训化、工具化；样例：库内未命中该层次开设样例
500501,管道工程技术,专科(高职),,三年,交通运输大类,管道运输类,专业导论、岗位基础技能、专业核心技术、设备/软件操作、项目实训、职业规范、综合实训、顶岗实习,category_template,rysxai课程文本未抽出课程名,库内未命中,头部/强研究型：核心课不一定换名称，但会加深数学/理论和研究训练，重点看理论深度、科研训练、交叉前沿、学术写作；样例：库内未命中该层次开设样例,库内未命中,区域重点/特色优势：核心课保持完整，通常叠加地方产业、行业场景、实验项目和专业方向模块；样例：库内未命中该层次开设样例,内蒙古建筑职业技术大学,普通应用/职业供给：更强调岗位技能、项目实训、证书衔接、综合实践，课程呈现更实训化、工具化；样例：内蒙古建筑职业技术大学
500502,管道运输管理,专科(高职),,三年,交通运输大类,管道运输类,专业导论、岗位基础技能、专业核心技术、设备/软件操作、项目实训、职业规范、综合实训、顶岗实习,category_template,rysxai课程文本未抽出课程名,库内未命中,头部/强研究型：核心课不一定换名称，但会加深数学/理论和研究训练，重点看理论深度、科研训练、交叉前沿、学术写作；样例：库内未命中该层次开设样例,库内未命中,区域重点/特色优势：核心课保持完整，通常叠加地方产业、行业场景、实验项目和专业方向模块；样例：库内未命中该层次开设样例,濮阳石油化工职业技术学院,普通应用/职业供给：更强调岗位技能、项目实训、证书衔接、综合实践，课程呈现更实训化、工具化；样例：濮阳石油化工职业技术学院
500601,城市轨道交通工程技术,专科(高职),,三年,交通运输大类,城市轨道交通类,专业导论、岗位基础技能、专业核心技术、设备/软件操作、项目实训、职业规范、综合实训、顶岗实习,category_template,rysxai课程文本未抽出课程名,库内未命中,头部/强研究型：核心课不一定换名称，但会加深数学/理论和研究训练，重点看理论深度、科研训练、交叉前沿、学术写作；样例：库内未命中该层次开设样例,吉林铁道职业技术大学、南京铁道职业技术学院、哈尔滨铁道职业技术学院、广西交通职业技术学院、扬州工业职业技术学院,区域重点/特色优势：核心课保持完整，通常叠加地方产业、行业场景、实验项目和专业方向模块；样例：吉林铁道职业技术大学、南京铁道职业技术学院、哈尔滨铁道职业技术学院、广西交通职业技术学院、扬州工业职业技术学院,黄河水利职业技术大学、陕西农林职业技术大学、甘肃林业职业技术大学、西南交通大学希望学院、山西工程科技职业大学,普通应用/职业供给：更强调岗位技能、项目实训、证书衔接、综合实践，课程呈现更实训化、工具化；样例：黄河水利职业技术大学、陕西农林职业技术大学、甘肃林业职业技术大学、西南交通大学希望学院、山西工程科技职业大学
500602,城市轨道车辆应用技术,专科(高职),,三年,交通运输大类,城市轨道交通类,专业导论、岗位基础技能、专业核心技术、设备/软件操作、项目实训、职业规范、综合实训、顶岗实习,category_template,rysxai课程文本未抽出课程名,库内未命中,头部/强研究型：核心课不一定换名称，但会加深数学/理论和研究训练，重点看理论深度、科研训练、交叉前沿、学术写作；样例：库内未命中该层次开设样例,吉林铁道职业技术大学、天津中德应用技术大学、云南交通职业技术学院、云南机电职业技术学院、南京铁道职业技术学院,区域重点/特色优势：核心课保持完整，通常叠加地方产业、行业场景、实验项目和专业方向模块；样例：吉林铁道职业技术大学、天津中德应用技术大学、云南交通职业技术学院、云南机电职业技术学院、南京铁道职业技术学院,长春职业技术大学、西南交通大学希望学院、安徽职业技术大学、大连科技学院、西安交通工程学院,普通应用/职业供给：更强调岗位技能、项目实训、证书衔接、综合实践，课程呈现更实训化、工具化；样例：长春职业技术大学、西南交通大学希望学院、安徽职业技术大学、大连科技学院、西安交通工程学院
500603,城市轨道交通机电技术,专科(高职),,三年,交通运输大类,城市轨道交通类,专业导论、岗位基础技能、专业核心技术、设备/软件操作、项目实训、职业规范、综合实训、顶岗实习,category_template,rysxai课程文本未抽出课程名,库内未命中,头部/强研究型：核心课不一定换名称，但会加深数学/理论和研究训练，重点看理论深度、科研训练、交叉前沿、学术写作；样例：库内未命中该层次开设样例,吉林铁道职业技术大学、云南交通职业技术学院、内蒙古化工职业学院、北京劳动保障职业学院、南京铁道职业技术学院,区域重点/特色优势：核心课保持完整，通常叠加地方产业、行业场景、实验项目和专业方向模块；样例：吉林铁道职业技术大学、云南交通职业技术学院、内蒙古化工职业学院、北京劳动保障职业学院、南京铁道职业技术学院,北京科技职业大学、浙江机电职业技术大学、四川工程职业技术大学、贵州交通职业大学、杭州职业技术大学,普通应用/职业供给：更强调岗位技能、项目实训、证书衔接、综合实践，课程呈现更实训化、工具化；样例：北京科技职业大学、浙江机电职业技术大学、四川工程职业技术大学、贵州交通职业大学、杭州职业技术大学
500604,城市轨道交通通信信号技术,专科(高职),,三年,交通运输大类,城市轨道交通类,专业导论、岗位基础技能、专业核心技术、设备/软件操作、项目实训、职业规范、综合实训、顶岗实习,category_template,rysxai课程文本未抽出课程名,库内未命中,头部/强研究型：核心课不一定换名称，但会加深数学/理论和研究训练，重点看理论深度、科研训练、交叉前沿、学术写作；样例：库内未命中该层次开设样例,吉林铁道职业技术大学、北京信息职业技术学院、南京信息职业技术学院、南京铁道职业技术学院、合肥职业技术学院,区域重点/特色优势：核心课保持完整，通常叠加地方产业、行业场景、实验项目和专业方向模块；样例：吉林铁道职业技术大学、北京信息职业技术学院、南京信息职业技术学院、南京铁道职业技术学院、合肥职业技术学院,贵州交通职业大学、黄河水利职业技术大学、安徽职业技术大学、西安交通工程学院、西安信息职业大学,普通应用/职业供给：更强调岗位技能、项目实训、证书衔接、综合实践，课程呈现更实训化、工具化；样例：贵州交通职业大学、黄河水利职业技术大学、安徽职业技术大学、西安交通工程学院、西安信息职业大学
500605,城市轨道交通供配电技术,专科(高职),,三年,交通运输大类,城市轨道交通类,专业导论、岗位基础技能、专业核心技术、设备/软件操作、项目实训、职业规范、综合实训、顶岗实习,category_template,rysxai课程文本未抽出课程名,库内未命中,头部/强研究型：核心课不一定换名称，但会加深数学/理论和研究训练，重点看理论深度、科研训练、交叉前沿、学术写作；样例：库内未命中该层次开设样例,吉林铁道职业技术大学、南京铁道职业技术学院、山东职业学院、山西工程职业学院、武汉铁路职业技术学院,区域重点/特色优势：核心课保持完整，通常叠加地方产业、行业场景、实验项目和专业方向模块；样例：吉林铁道职业技术大学、南京铁道职业技术学院、山东职业学院、山西工程职业学院、武汉铁路职业技术学院,上海交通职业技术学院、内蒙古交通职业技术学院、包头铁道职业技术学院、北京交通运输职业学院、四川铁道职业学院,普通应用/职业供给：更强调岗位技能、项目实训、证书衔接、综合实践，课程呈现更实训化、工具化；样例：上海交通职业技术学院、内蒙古交通职业技术学院、包头铁道职业技术学院、北京交通运输职业学院、四川铁道职业学院
500606,城市轨道交通运营管理,专科(高职),,三年,交通运输大类,城市轨道交通类,专业导论、岗位基础技能、专业核心技术、设备/软件操作、项目实训、职业规范、综合实训、顶岗实习,category_template,rysxai课程文本未抽出课程名,库内未命中,头部/强研究型：核心课不一定换名称，但会加深数学/理论和研究训练，重点看理论深度、科研训练、交叉前沿、学术写作；样例：库内未命中该层次开设样例,深圳职业技术大学、深圳信息职业技术大学、吉林铁道职业技术大学、云南交通职业技术学院、南京铁道职业技术学院,区域重点/特色优势：核心课保持完整，通常叠加地方产业、行业场景、实验项目和专业方向模块；样例：深圳职业技术大学、深圳信息职业技术大学、吉林铁道职业技术大学、云南交通职业技术学院、南京铁道职业技术学院,百色学院、德宏师范学院、江西飞行学院、贵州交通职业大学、江西职业技术大学,普通应用/职业供给：更强调岗位技能、项目实训、证书衔接、综合实践，课程呈现更实训化、工具化；样例：百色学院、德宏师范学院、江西飞行学院、贵州交通职业大学、江西职业技术大学
500701,邮政快递运营管理,专科(高职),,三年,交通运输大类,邮政类,专业导论、岗位基础技能、专业核心技术、设备/软件操作、项目实训、职业规范、综合实训、顶岗实习,category_template,rysxai课程文本未抽出课程名,库内未命中,头部/强研究型：核心课不一定换名称，但会加深数学/理论和研究训练，重点看理论深度、科研训练、交叉前沿、学术写作；样例：库内未命中该层次开设样例,天津交通职业学院、广西交通职业技术学院,区域重点/特色优势：核心课保持完整，通常叠加地方产业、行业场景、实验项目和专业方向模块；样例：天津交通职业学院、广西交通职业技术学院,淄博职业技术大学、甘肃工业职业技术大学、山西工程科技职业大学、安徽交通职业技术学院、无锡城市职业技术学院,普通应用/职业供给：更强调岗位技能、项目实训、证书衔接、综合实践，课程呈现更实训化、工具化；样例：淄博职业技术大学、甘肃工业职业技术大学、山西工程科技职业大学、安徽交通职业技术学院、无锡城市职业技术学院
500702,邮政快递智能技术,专科(高职),,三年,交通运输大类,邮政类,专业导论、岗位基础技能、专业核心技术、设备/软件操作、项目实训、职业规范、综合实训、顶岗实习,category_template,rysxai课程文本未抽出课程名,库内未命中,头部/强研究型：核心课不一定换名称，但会加深数学/理论和研究训练，重点看理论深度、科研训练、交叉前沿、学术写作；样例：库内未命中该层次开设样例,库内未命中,区域重点/特色优势：核心课保持完整，通常叠加地方产业、行业场景、实验项目和专业方向模块；样例：库内未命中该层次开设样例,内蒙古交通职业技术学院、无锡城市职业技术学院、江西交通职业技术学院、浙江邮电职业技术学院、长江职业学院,普通应用/职业供给：更强调岗位技能、项目实训、证书衔接、综合实践，课程呈现更实训化、工具化；样例：内蒙古交通职业技术学院、无锡城市职业技术学院、江西交通职业技术学院、浙江邮电职业技术学院、长江职业学院
500703,邮政通信管理,专科(高职),,三年,交通运输大类,邮政类,专业导论、岗位基础技能、专业核心技术、设备/软件操作、项目实训、职业规范、综合实训、顶岗实习,category_template,rysxai课程文本未抽出课程名,库内未命中,头部/强研究型：核心课不一定换名称，但会加深数学/理论和研究训练，重点看理论深度、科研训练、交叉前沿、学术写作；样例：库内未命中该层次开设样例,浙江交通职业技术学院,区域重点/特色优势：核心课保持完整，通常叠加地方产业、行业场景、实验项目和专业方向模块；样例：浙江交通职业技术学院,库内未命中,普通应用/职业供给：更强调岗位技能、项目实训、证书衔接、综合实践，课程呈现更实训化、工具化；样例：库内未命中该层次开设样例
260101,机械设计制造及自动化,本科(职业),工学学士,四年,装备制造大类,机械设计制造类,专业导论、专业核心理论、专业方法与工具、实验/实践课程、方向模块课程、课程设计、毕业论文/设计,category_template,未匹配rysxai课程文本,库内未命中,头部/强研究型：核心课不一定换名称，但会加深数学/理论和研究训练，重点看理论深度、科研训练、交叉前沿、学术写作；样例：库内未命中该层次开设样例,库内未命中,区域重点/特色优势：核心课保持完整，通常叠加地方产业、行业场景、实验项目和专业方向模块；样例：库内未命中该层次开设样例,南京工业职业技术大学、浙江机电职业技术大学、武汉职业技术大学、柳州职业技术大学、金华职业技术大学,普通应用/职业供给：更强调岗位技能、项目实训、证书衔接、综合实践，课程呈现更实训化、工具化；样例：南京工业职业技术大学、浙江机电职业技术大学、武汉职业技术大学、柳州职业技术大学、金华职业技术大学
260102,智能制造工程技术,本科(职业),工学学士,四年,装备制造大类,机械设计制造类,专业导论、专业核心理论、专业方法与工具、实验/实践课程、方向模块课程、课程设计、毕业论文/设计,category_template,未匹配rysxai课程文本,库内未命中,头部/强研究型：核心课不一定换名称，但会加深数学/理论和研究训练，重点看理论深度、科研训练、交叉前沿、学术写作；样例：库内未命中该层次开设样例,深圳职业技术大学、深圳信息职业技术大学、上海第二工业大学、井冈山大学、顺德职业技术大学,区域重点/特色优势：核心课保持完整，通常叠加地方产业、行业场景、实验项目和专业方向模块；样例：深圳职业技术大学、深圳信息职业技术大学、上海第二工业大学、井冈山大学、顺德职业技术大学,齐鲁师范学院、南京工业职业技术大学、浙江机电职业技术大学、金华职业技术大学、苏州职业技术大学,普通应用/职业供给：更强调岗位技能、项目实训、证书衔接、综合实践，课程呈现更实训化、工具化；样例：齐鲁师范学院、南京工业职业技术大学、浙江机电职业技术大学、金华职业技术大学、苏州职业技术大学
260103,数控技术,本科(职业),工学学士,四年,装备制造大类,机械设计制造类,专业导论、专业核心理论、专业方法与工具、实验/实践课程、方向模块课程、课程设计、毕业论文/设计,category_template,rysxai课程文本未抽出课程名,库内未命中,头部/强研究型：核心课不一定换名称，但会加深数学/理论和研究训练，重点看理论深度、科研训练、交叉前沿、学术写作；样例：库内未命中该层次开设样例,上海工程技术大学、桂林理工大学、上海第二工业大学、上海电机学院、天津职业技术师范大学,区域重点/特色优势：核心课保持完整，通常叠加地方产业、行业场景、实验项目和专业方向模块；样例：上海工程技术大学、桂林理工大学、上海第二工业大学、上海电机学院、天津职业技术师范大学,吉林农业科技学院、浙江机电职业技术大学、武汉职业技术大学、柳州职业技术大学、苏州职业技术大学,普通应用/职业供给：更强调岗位技能、项目实训、证书衔接、综合实践，课程呈现更实训化、工具化；样例：吉林农业科技学院、浙江机电职业技术大学、武汉职业技术大学、柳州职业技术大学、苏州职业技术大学
260104,工业设计,本科(职业),工学学士,四年,装备制造大类,机械设计制造类,造型训练、理论学习、制图能力、工业设计素描、工业设计速写、工业色彩、工业构成基础、中西方美术史、工艺美术史、工业设计简史,rysxai_major_course,,浙江大学、上海交通大学、西安交通大学、北京航空航天大学、哈尔滨工业大学,头部/强研究型：核心课不一定换名称，但会加深数学/理论和研究训练，重点看理论深度、科研训练、交叉前沿、学术写作；样例：浙江大学、上海交通大学、西安交通大学、北京航空航天大学、哈尔滨工业大学,江西财经大学、西交利物浦大学、上海理工大学、青岛大学、燕山大学,区域重点/特色优势：核心课保持完整，通常叠加地方产业、行业场景、实验项目和专业方向模块；样例：江西财经大学、西交利物浦大学、上海理工大学、青岛大学、燕山大学,湖南工学院、四川旅游学院、安阳工学院、山西工学院、山西工程技术学院,普通应用/职业供给：更强调岗位技能、项目实训、证书衔接、综合实践，课程呈现更实训化、工具化；样例：湖南工学院、四川旅游学院、安阳工学院、山西工学院、山西工程技术学院
260105,工业工程技术,本科(职业),工学学士,四年,装备制造大类,机械设计制造类,专业导论、专业核心理论、专业方法与工具、实验/实践课程、方向模块课程、课程设计、毕业论文/设计,category_template,rysxai课程文本未抽出课程名,库内未命中,头部/强研究型：核心课不一定换名称，但会加深数学/理论和研究训练，重点看理论深度、科研训练、交叉前沿、学术写作；样例：库内未命中该层次开设样例,安徽机电职业技术学院、新疆生产建设兵团兴新职业技术学院、湖南工业职业技术学院、苏州工业职业技术学院,区域重点/特色优势：核心课保持完整，通常叠加地方产业、行业场景、实验项目和专业方向模块；样例：安徽机电职业技术学院、新疆生产建设兵团兴新职业技术学院、湖南工业职业技术学院、苏州工业职业技术学院,重庆电子科技职业大学、景德镇艺术职业大学、天津工业职业学院、湖南机电职业技术学院,普通应用/职业供给：更强调岗位技能、项目实训、证书衔接、综合实践，课程呈现更实训化、工具化；样例：重庆电子科技职业大学、景德镇艺术职业大学、天津工业职业学院、湖南机电职业技术学院
260106,材料成型及控制工程,本科(职业),工学学士,四年,装备制造大类,机械设计制造类,大学物理、化学、理论力学、材料力学、机械原理、工程制图/机械制图、金属学及热处理、材料科学基础、材料成型原理、冶金传输原理,rysxai_major_course,,华中科技大学、哈尔滨工业大学、北京理工大学、四川大学、天津大学,头部/强研究型：核心课不一定换名称，但会加深数学/理论和研究训练，重点看理论深度、科研训练、交叉前沿、学术写作；样例：华中科技大学、哈尔滨工业大学、北京理工大学、四川大学、天津大学,上海理工大学、燕山大学、昆明理工大学、西安理工大学、西安建筑科技大学,区域重点/特色优势：核心课保持完整，通常叠加地方产业、行业场景、实验项目和专业方向模块；样例：上海理工大学、燕山大学、昆明理工大学、西安理工大学、西安建筑科技大学,洛阳理工学院、浙江水利水电学院、河南工程学院、南阳理工学院、湖南工学院,普通应用/职业供给：更强调岗位技能、项目实训、证书衔接、综合实践，课程呈现更实训化、工具化；样例：洛阳理工学院、浙江水利水电学院、河南工程学院、南阳理工学院、湖南工学院
260107,增材制造工程技术,本科(职业),工学学士,,装备制造大类,机械设计制造类,专业导论、专业核心理论、专业方法与工具、实验/实践课程、方向模块课程、课程设计、毕业论文/设计,category_template,未匹配rysxai课程文本,库内未命中,头部/强研究型：核心课不一定换名称，但会加深数学/理论和研究训练，重点看理论深度、科研训练、交叉前沿、学术写作；样例：库内未命中该层次开设样例,库内未命中,区域重点/特色优势：核心课保持完整，通常叠加地方产业、行业场景、实验项目和专业方向模块；样例：库内未命中该层次开设样例,库内未命中,普通应用/职业供给：更强调岗位技能、项目实训、证书衔接、综合实践，课程呈现更实训化、工具化；样例：库内未命中该层次开设样例
260108,智能光电制造工程,本科(职业),工学学士,,装备制造大类,机械设计制造类,专业导论、专业核心理论、专业方法与工具、实验/实践课程、方向模块课程、课程设计、毕业论文/设计,category_template,未匹配rysxai课程文本,库内未命中,头部/强研究型：核心课不一定换名称，但会加深数学/理论和研究训练，重点看理论深度、科研训练、交叉前沿、学术写作；样例：库内未命中该层次开设样例,库内未命中,区域重点/特色优势：核心课保持完整，通常叠加地方产业、行业场景、实验项目和专业方向模块；样例：库内未命中该层次开设样例,库内未命中,普通应用/职业供给：更强调岗位技能、项目实训、证书衔接、综合实践，课程呈现更实训化、工具化；样例：库内未命中该层次开设样例
260201,装备智能化技术,本科(职业),工学学士,四年,装备制造大类,机电设备类,机械制图、机械基础、电工电子技术、液压与气动、PLC应用、设备安装与维护、数控技术、综合实训,category_template,未匹配rysxai课程文本,库内未命中,头部/强研究型：核心课不一定换名称，但会加深数学/理论和研究训练，重点看理论深度、科研训练、交叉前沿、学术写作；样例：库内未命中该层次开设样例,库内未命中,区域重点/特色优势：核心课保持完整，通常叠加地方产业、行业场景、实验项目和专业方向模块；样例：库内未命中该层次开设样例,南京工业职业技术大学、浙江机电职业技术大学、柳州职业技术大学、河北科技工程职业技术大学、山西工程科技职业大学,普通应用/职业供给：更强调岗位技能、项目实训、证书衔接、综合实践，课程呈现更实训化、工具化；样例：南京工业职业技术大学、浙江机电职业技术大学、柳州职业技术大学、河北科技工程职业技术大学、山西工程科技职业大学
260202,制冷与空调工程,本科(职业),工学学士,四年,装备制造大类,机电设备类,机械制图、机械基础、电工电子技术、液压与气动、PLC应用、设备安装与维护、数控技术、综合实训,category_template,未匹配rysxai课程文本,库内未命中,头部/强研究型：核心课不一定换名称，但会加深数学/理论和研究训练，重点看理论深度、科研训练、交叉前沿、学术写作；样例：库内未命中该层次开设样例,顺德职业技术大学,区域重点/特色优势：核心课保持完整，通常叠加地方产业、行业场景、实验项目和专业方向模块；样例：顺德职业技术大学,库内未命中,普通应用/职业供给：更强调岗位技能、项目实训、证书衔接、综合实践，课程呈现更实训化、工具化；样例：库内未命中该层次开设样例
260203,电梯工程技术,本科(职业),工学学士,四年,装备制造大类,机电设备类,机械制图、机械基础、电工电子技术、液压与气动、PLC应用、设备安装与维护、数控技术、综合实训,category_template,rysxai课程文本未抽出课程名,内蒙古大学,头部/强研究型：核心课不一定换名称，但会加深数学/理论和研究训练，重点看理论深度、科研训练、交叉前沿、学术写作；样例：内蒙古大学,天津海运职业学院、山西机电职业技术学院、江西外语外贸职业学院、济南职业学院、潍坊职业学院,区域重点/特色优势：核心课保持完整，通常叠加地方产业、行业场景、实验项目和专业方向模块；样例：天津海运职业学院、山西机电职业技术学院、江西外语外贸职业学院、济南职业学院、潍坊职业学院,苏州职业技术大学、杭州职业技术大学、新疆交通职业技术大学、甘肃工业职业技术大学、山西工程科技职业大学,普通应用/职业供给：更强调岗位技能、项目实训、证书衔接、综合实践，课程呈现更实训化、工具化；样例：苏州职业技术大学、杭州职业技术大学、新疆交通职业技术大学、甘肃工业职业技术大学、山西工程科技职业大学
260204,低空飞行器工程技术,本科(职业),工学学士,,装备制造大类,机电设备类,机械制图、机械基础、电工电子技术、液压与气动、PLC应用、设备安装与维护、数控技术、综合实训,category_template,未匹配rysxai课程文本,库内未命中,头部/强研究型：核心课不一定换名称，但会加深数学/理论和研究训练，重点看理论深度、科研训练、交叉前沿、学术写作；样例：库内未命中该层次开设样例,库内未命中,区域重点/特色优势：核心课保持完整，通常叠加地方产业、行业场景、实验项目和专业方向模块；样例：库内未命中该层次开设样例,库内未命中,普通应用/职业供给：更强调岗位技能、项目实训、证书衔接、综合实践，课程呈现更实训化、工具化；样例：库内未命中该层次开设样例
260301,机械电子工程技术,本科(职业),工学学士,四年,装备制造大类,自动化类,电路、模拟电子技术、数字电子技术、自动控制原理、现代控制理论、过程控制、运动控制、PLC与工业控制,category_template,未匹配rysxai课程文本,库内未命中,头部/强研究型：核心课不一定换名称，但会加深数学/理论和研究训练，重点看理论深度、科研训练、交叉前沿、学术写作；样例：库内未命中该层次开设样例,深圳职业技术大学、广东轻工职业技术大学、岭南师范学院,区域重点/特色优势：核心课保持完整，通常叠加地方产业、行业场景、实验项目和专业方向模块；样例：深圳职业技术大学、广东轻工职业技术大学、岭南师范学院,北京科技职业大学、南京工业职业技术大学、浙江机电职业技术大学、柳州职业技术大学、唐山工业职业技术大学,普通应用/职业供给：更强调岗位技能、项目实训、证书衔接、综合实践，课程呈现更实训化、工具化；样例：北京科技职业大学、南京工业职业技术大学、浙江机电职业技术大学、柳州职业技术大学、唐山工业职业技术大学
260302,电气工程及自动化,本科(职业),工学学士,四年,装备制造大类,自动化类,电路、模拟电子技术、数字电子技术、自动控制原理、现代控制理论、过程控制、运动控制、PLC与工业控制,category_template,未匹配rysxai课程文本,库内未命中,头部/强研究型：核心课不一定换名称，但会加深数学/理论和研究训练，重点看理论深度、科研训练、交叉前沿、学术写作；样例：库内未命中该层次开设样例,上海电机学院、吉林铁道职业技术大学,区域重点/特色优势：核心课保持完整，通常叠加地方产业、行业场景、实验项目和专业方向模块；样例：上海电机学院、吉林铁道职业技术大学,南京工业职业技术大学、苏州职业技术大学、广西农业职业技术大学、四川工程职业技术大学、无锡职业技术大学,普通应用/职业供给：更强调岗位技能、项目实训、证书衔接、综合实践，课程呈现更实训化、工具化；样例：南京工业职业技术大学、苏州职业技术大学、广西农业职业技术大学、四川工程职业技术大学、无锡职业技术大学
260303,智能控制技术,本科(职业),工学学士,四年,装备制造大类,自动化类,电路、模拟电子技术、数字电子技术、自动控制原理、现代控制理论、过程控制、运动控制、PLC与工业控制,category_template,rysxai课程文本未抽出课程名,库内未命中,头部/强研究型：核心课不一定换名称，但会加深数学/理论和研究训练，重点看理论深度、科研训练、交叉前沿、学术写作；样例：库内未命中该层次开设样例,深圳职业技术大学、深圳信息职业技术大学、上海工程技术大学、上海杉达学院、江西软件职业技术大学,区域重点/特色优势：核心课保持完整，通常叠加地方产业、行业场景、实验项目和专业方向模块；样例：深圳职业技术大学、深圳信息职业技术大学、上海工程技术大学、上海杉达学院、江西软件职业技术大学,浙江机电职业技术大学、苏州职业技术大学、广西农业职业技术大学、湖南汽车工程职业大学、重庆电子科技职业大学,普通应用/职业供给：更强调岗位技能、项目实训、证书衔接、综合实践，课程呈现更实训化、工具化；样例：浙江机电职业技术大学、苏州职业技术大学、广西农业职业技术大学、湖南汽车工程职业大学、重庆电子科技职业大学
260304,机器人技术,本科(职业),工学学士,四年,装备制造大类,自动化类,电路、模拟电子技术、数字电子技术、自动控制原理、现代控制理论、过程控制、运动控制、PLC与工业控制,category_template,未匹配rysxai课程文本,库内未命中,头部/强研究型：核心课不一定换名称，但会加深数学/理论和研究训练，重点看理论深度、科研训练、交叉前沿、学术写作；样例：库内未命中该层次开设样例,顺德职业技术大学,区域重点/特色优势：核心课保持完整，通常叠加地方产业、行业场景、实验项目和专业方向模块；样例：顺德职业技术大学,苏州职业技术大学、唐山工业职业技术大学、无锡职业技术大学、河北科技工程职业技术大学、长春汽车职业技术大学,普通应用/职业供给：更强调岗位技能、项目实训、证书衔接、综合实践，课程呈现更实训化、工具化；样例：苏州职业技术大学、唐山工业职业技术大学、无锡职业技术大学、河北科技工程职业技术大学、长春汽车职业技术大学
260305,自动化技术与应用,本科(职业),工学学士,四年,装备制造大类,自动化类,电路、模拟电子技术、数字电子技术、自动控制原理、现代控制理论、过程控制、运动控制、PLC与工业控制,category_template,未匹配rysxai课程文本,库内未命中,头部/强研究型：核心课不一定换名称，但会加深数学/理论和研究训练，重点看理论深度、科研训练、交叉前沿、学术写作；样例：库内未命中该层次开设样例,深圳职业技术大学,区域重点/特色优势：核心课保持完整，通常叠加地方产业、行业场景、实验项目和专业方向模块；样例：深圳职业技术大学,北京科技职业大学、南京工业职业技术大学、柳州职业技术大学、湖南汽车工程职业大学、南宁职业技术大学,普通应用/职业供给：更强调岗位技能、项目实训、证书衔接、综合实践，课程呈现更实训化、工具化；样例：北京科技职业大学、南京工业职业技术大学、柳州职业技术大学、湖南汽车工程职业大学、南宁职业技术大学
260306,现代测控工程技术,本科(职业),工学学士,四年,装备制造大类,自动化类,电路、模拟电子技术、数字电子技术、自动控制原理、现代控制理论、过程控制、运动控制、PLC与工业控制,category_template,未匹配rysxai课程文本,库内未命中,头部/强研究型：核心课不一定换名称，但会加深数学/理论和研究训练，重点看理论深度、科研训练、交叉前沿、学术写作；样例：库内未命中该层次开设样例,库内未命中,区域重点/特色优势：核心课保持完整，通常叠加地方产业、行业场景、实验项目和专业方向模块；样例：库内未命中该层次开设样例,江西职业技术大学、兰州石化职业技术大学,普通应用/职业供给：更强调岗位技能、项目实训、证书衔接、综合实践，课程呈现更实训化、工具化；样例：江西职业技术大学、兰州石化职业技术大学
260307,工业互联网工程,本科(职业),工学学士,四年,装备制造大类,自动化类,电路、模拟电子技术、数字电子技术、自动控制原理、现代控制理论、过程控制、运动控制、PLC与工业控制,category_template,未匹配rysxai课程文本,库内未命中,头部/强研究型：核心课不一定换名称，但会加深数学/理论和研究训练，重点看理论深度、科研训练、交叉前沿、学术写作；样例：库内未命中该层次开设样例,库内未命中,区域重点/特色优势：核心课保持完整，通常叠加地方产业、行业场景、实验项目和专业方向模块；样例：库内未命中该层次开设样例,泉州职业技术大学,普通应用/职业供给：更强调岗位技能、项目实训、证书衔接、综合实践，课程呈现更实训化、工具化；样例：泉州职业技术大学
260308,具身智能工程技术,本科(职业),工学学士,,装备制造大类,自动化类,电路、模拟电子技术、数字电子技术、自动控制原理、现代控制理论、过程控制、运动控制、PLC与工业控制,category_template,未匹配rysxai课程文本,库内未命中,头部/强研究型：核心课不一定换名称，但会加深数学/理论和研究训练，重点看理论深度、科研训练、交叉前沿、学术写作；样例：库内未命中该层次开设样例,库内未命中,区域重点/特色优势：核心课保持完整，通常叠加地方产业、行业场景、实验项目和专业方向模块；样例：库内未命中该层次开设样例,库内未命中,普通应用/职业供给：更强调岗位技能、项目实训、证书衔接、综合实践，课程呈现更实训化、工具化；样例：库内未命中该层次开设样例
260401,轨道交通车辆工程技术,本科(职业),工学学士,四年,装备制造大类,轨道装备类,专业导论、专业核心理论、专业方法与工具、实验/实践课程、方向模块课程、课程设计、毕业论文/设计,category_template,未匹配rysxai课程文本,库内未命中,头部/强研究型：核心课不一定换名称，但会加深数学/理论和研究训练，重点看理论深度、科研训练、交叉前沿、学术写作；样例：库内未命中该层次开设样例,吉林铁道职业技术大学,区域重点/特色优势：核心课保持完整，通常叠加地方产业、行业场景、实验项目和专业方向模块；样例：吉林铁道职业技术大学,库内未命中,普通应用/职业供给：更强调岗位技能、项目实训、证书衔接、综合实践，课程呈现更实训化、工具化；样例：库内未命中该层次开设样例
260402,轨道交通智能控制装备技术,本科(职业),工学学士,四年,装备制造大类,轨道装备类,专业导论、专业核心理论、专业方法与工具、实验/实践课程、方向模块课程、课程设计、毕业论文/设计,category_template,未匹配rysxai课程文本,库内未命中,头部/强研究型：核心课不一定换名称，但会加深数学/理论和研究训练，重点看理论深度、科研训练、交叉前沿、学术写作；样例：库内未命中该层次开设样例,库内未命中,区域重点/特色优势：核心课保持完整，通常叠加地方产业、行业场景、实验项目和专业方向模块；样例：库内未命中该层次开设样例,贵州交通职业大学,普通应用/职业供给：更强调岗位技能、项目实训、证书衔接、综合实践，课程呈现更实训化、工具化；样例：贵州交通职业大学
260501,船舶智能制造技术,本科(职业),工学学士,四年,装备制造大类,船舶与海洋工程装备类,专业导论、专业核心理论、专业方法与工具、实验/实践课程、方向模块课程、课程设计、毕业论文/设计,category_template,未匹配rysxai课程文本,库内未命中,头部/强研究型：核心课不一定换名称，但会加深数学/理论和研究训练，重点看理论深度、科研训练、交叉前沿、学术写作；样例：库内未命中该层次开设样例,库内未命中,区域重点/特色优势：核心课保持完整，通常叠加地方产业、行业场景、实验项目和专业方向模块；样例：库内未命中该层次开设样例,江西职业技术大学,普通应用/职业供给：更强调岗位技能、项目实训、证书衔接、综合实践，课程呈现更实训化、工具化；样例：江西职业技术大学
260502,船舶动力工程技术,本科(职业),工学学士,四年,装备制造大类,船舶与海洋工程装备类,专业导论、专业核心理论、专业方法与工具、实验/实践课程、方向模块课程、课程设计、毕业论文/设计,category_template,rysxai课程文本未抽出课程名,库内未命中,头部/强研究型：核心课不一定换名称，但会加深数学/理论和研究训练，重点看理论深度、科研训练、交叉前沿、学术写作；样例：库内未命中该层次开设样例,天津海运职业学院、威海职业学院、武汉交通职业学院、武汉船舶职业技术学院、江苏海事职业技术学院,区域重点/特色优势：核心课保持完整，通常叠加地方产业、行业场景、实验项目和专业方向模块；样例：天津海运职业学院、威海职业学院、武汉交通职业学院、武汉船舶职业技术学院、江苏海事职业技术学院,江西职业技术大学、渤海船舶职业学院、珠海城市职业技术学院、大连航运职业技术学院,普通应用/职业供给：更强调岗位技能、项目实训、证书衔接、综合实践，课程呈现更实训化、工具化；样例：江西职业技术大学、渤海船舶职业学院、珠海城市职业技术学院、大连航运职业技术学院
260503,船舶电气工程技术,本科(职业),工学学士,四年,装备制造大类,船舶与海洋工程装备类,专业导论、专业核心理论、专业方法与工具、实验/实践课程、方向模块课程、课程设计、毕业论文/设计,category_template,rysxai课程文本未抽出课程名,库内未命中,头部/强研究型：核心课不一定换名称，但会加深数学/理论和研究训练，重点看理论深度、科研训练、交叉前沿、学术写作；样例：库内未命中该层次开设样例,武汉交通职业学院、武汉船舶职业技术学院、青岛港湾职业技术学院,区域重点/特色优势：核心课保持完整，通常叠加地方产业、行业场景、实验项目和专业方向模块；样例：武汉交通职业学院、武汉船舶职业技术学院、青岛港湾职业技术学院,江西职业技术大学、安徽国防科技职业学院、广东交通职业技术学院、浙江国际海运职业技术学院、渤海船舶职业学院,普通应用/职业供给：更强调岗位技能、项目实训、证书衔接、综合实践，课程呈现更实训化、工具化；样例：江西职业技术大学、安徽国防科技职业学院、广东交通职业技术学院、浙江国际海运职业技术学院、渤海船舶职业学院
260601,航空智能制造技术,本科(职业),工学学士,四年,装备制造大类,航空装备类,专业导论、专业核心理论、专业方法与工具、实验/实践课程、方向模块课程、课程设计、毕业论文/设计,category_template,未匹配rysxai课程文本,库内未命中,头部/强研究型：核心课不一定换名称，但会加深数学/理论和研究训练，重点看理论深度、科研训练、交叉前沿、学术写作；样例：库内未命中该层次开设样例,沈阳航空航天大学,区域重点/特色优势：核心课保持完整，通常叠加地方产业、行业场景、实验项目和专业方向模块；样例：沈阳航空航天大学,南京工业职业技术大学、重庆电子科技职业大学、成都航空职业技术大学,普通应用/职业供给：更强调岗位技能、项目实训、证书衔接、综合实践，课程呈现更实训化、工具化；样例：南京工业职业技术大学、重庆电子科技职业大学、成都航空职业技术大学
260602,飞行器维修工程技术,本科(职业),工学学士,四年,装备制造大类,航空装备类,专业导论、专业核心理论、专业方法与工具、实验/实践课程、方向模块课程、课程设计、毕业论文/设计,category_template,未匹配rysxai课程文本,库内未命中,头部/强研究型：核心课不一定换名称，但会加深数学/理论和研究训练，重点看理论深度、科研训练、交叉前沿、学术写作；样例：库内未命中该层次开设样例,库内未命中,区域重点/特色优势：核心课保持完整，通常叠加地方产业、行业场景、实验项目和专业方向模块；样例：库内未命中该层次开设样例,南京工业职业技术大学、成都航空职业技术大学,普通应用/职业供给：更强调岗位技能、项目实训、证书衔接、综合实践，课程呈现更实训化、工具化；样例：南京工业职业技术大学、成都航空职业技术大学
260603,航空动力装置维修技术,本科(职业),工学学士,四年,装备制造大类,航空装备类,专业导论、专业核心理论、专业方法与工具、实验/实践课程、方向模块课程、课程设计、毕业论文/设计,category_template,未匹配rysxai课程文本,库内未命中,头部/强研究型：核心课不一定换名称，但会加深数学/理论和研究训练，重点看理论深度、科研训练、交叉前沿、学术写作；样例：库内未命中该层次开设样例,库内未命中,区域重点/特色优势：核心课保持完整，通常叠加地方产业、行业场景、实验项目和专业方向模块；样例：库内未命中该层次开设样例,南京工业职业技术大学、成都航空职业技术大学,普通应用/职业供给：更强调岗位技能、项目实训、证书衔接、综合实践，课程呈现更实训化、工具化；样例：南京工业职业技术大学、成都航空职业技术大学
260604,无人机系统应用技术,本科(职业),工学学士,四年,装备制造大类,航空装备类,专业导论、专业核心理论、专业方法与工具、实验/实践课程、方向模块课程、课程设计、毕业论文/设计,category_template,未匹配rysxai课程文本,库内未命中,头部/强研究型：核心课不一定换名称，但会加深数学/理论和研究训练，重点看理论深度、科研训练、交叉前沿、学术写作；样例：库内未命中该层次开设样例,深圳职业技术大学,区域重点/特色优势：核心课保持完整，通常叠加地方产业、行业场景、实验项目和专业方向模块；样例：深圳职业技术大学,齐鲁师范学院、山东青年政治学院、南京工业职业技术大学、湖南汽车工程职业大学、成都航空职业技术大学,普通应用/职业供给：更强调岗位技能、项目实训、证书衔接、综合实践，课程呈现更实训化、工具化；样例：齐鲁师范学院、山东青年政治学院、南京工业职业技术大学、湖南汽车工程职业大学、成都航空职业技术大学
260605,航空复合材料智造工程技术,本科(职业),工学学士,四年,装备制造大类,航空装备类,专业导论、专业核心理论、专业方法与工具、实验/实践课程、方向模块课程、课程设计、毕业论文/设计,category_template,未匹配rysxai课程文本,库内未命中,头部/强研究型：核心课不一定换名称，但会加深数学/理论和研究训练，重点看理论深度、科研训练、交叉前沿、学术写作；样例：库内未命中该层次开设样例,库内未命中,区域重点/特色优势：核心课保持完整，通常叠加地方产业、行业场景、实验项目和专业方向模块；样例：库内未命中该层次开设样例,库内未命中,普通应用/职业供给：更强调岗位技能、项目实训、证书衔接、综合实践，课程呈现更实训化、工具化；样例：库内未命中该层次开设样例
260606,电动飞行器应用技术,本科(职业),工学学士,四年,装备制造大类,航空装备类,专业导论、专业核心理论、专业方法与工具、实验/实践课程、方向模块课程、课程设计、毕业论文/设计,category_template,未匹配rysxai课程文本,库内未命中,头部/强研究型：核心课不一定换名称，但会加深数学/理论和研究训练，重点看理论深度、科研训练、交叉前沿、学术写作；样例：库内未命中该层次开设样例,乐山师范学院,区域重点/特色优势：核心课保持完整，通常叠加地方产业、行业场景、实验项目和专业方向模块；样例：乐山师范学院,库内未命中,普通应用/职业供给：更强调岗位技能、项目实训、证书衔接、综合实践，课程呈现更实训化、工具化；样例：库内未命中该层次开设样例
260607,航空复合材料修理工程技术,本科(职业),工学学士,,装备制造大类,航空装备类,专业导论、专业核心理论、专业方法与工具、实验/实践课程、方向模块课程、课程设计、毕业论文/设计,category_template,未匹配rysxai课程文本,库内未命中,头部/强研究型：核心课不一定换名称，但会加深数学/理论和研究训练，重点看理论深度、科研训练、交叉前沿、学术写作；样例：库内未命中该层次开设样例,库内未命中,区域重点/特色优势：核心课保持完整，通常叠加地方产业、行业场景、实验项目和专业方向模块；样例：库内未命中该层次开设样例,库内未命中,普通应用/职业供给：更强调岗位技能、项目实训、证书衔接、综合实践，课程呈现更实训化、工具化；样例：库内未命中该层次开设样例
260701,汽车工程技术,本科(职业),工学学士,四年,装备制造大类,汽车制造类,专业导论、专业核心理论、专业方法与工具、实验/实践课程、方向模块课程、课程设计、毕业论文/设计,category_template,未匹配rysxai课程文本,库内未命中,头部/强研究型：核心课不一定换名称，但会加深数学/理论和研究训练，重点看理论深度、科研训练、交叉前沿、学术写作；样例：库内未命中该层次开设样例,库内未命中,区域重点/特色优势：核心课保持完整，通常叠加地方产业、行业场景、实验项目和专业方向模块；样例：库内未命中该层次开设样例,北京科技职业大学、柳州职业技术大学、湖南汽车工程职业大学、河北工业职业技术大学、河北石油职业技术大学,普通应用/职业供给：更强调岗位技能、项目实训、证书衔接、综合实践，课程呈现更实训化、工具化；样例：北京科技职业大学、柳州职业技术大学、湖南汽车工程职业大学、河北工业职业技术大学、河北石油职业技术大学
260702,新能源汽车工程技术,本科(职业),工学学士,四年,装备制造大类,汽车制造类,专业导论、专业核心理论、专业方法与工具、实验/实践课程、方向模块课程、课程设计、毕业论文/设计,category_template,未匹配rysxai课程文本,库内未命中,头部/强研究型：核心课不一定换名称，但会加深数学/理论和研究训练，重点看理论深度、科研训练、交叉前沿、学术写作；样例：库内未命中该层次开设样例,深圳职业技术大学、长春工程学院、岭南师范学院、广州职业技术大学、吉林工程技术师范学院,区域重点/特色优势：核心课保持完整，通常叠加地方产业、行业场景、实验项目和专业方向模块；样例：深圳职业技术大学、长春工程学院、岭南师范学院、广州职业技术大学、吉林工程技术师范学院,南京工业职业技术大学、四川工程职业技术大学、湖南汽车工程职业大学、河北工业职业技术大学、贵州交通职业大学,普通应用/职业供给：更强调岗位技能、项目实训、证书衔接、综合实践，课程呈现更实训化、工具化；样例：南京工业职业技术大学、四川工程职业技术大学、湖南汽车工程职业大学、河北工业职业技术大学、贵州交通职业大学
260703,智能网联汽车工程技术,本科(职业),工学学士,四年,装备制造大类,汽车制造类,专业导论、专业核心理论、专业方法与工具、实验/实践课程、方向模块课程、课程设计、毕业论文/设计,category_template,未匹配rysxai课程文本,库内未命中,头部/强研究型：核心课不一定换名称，但会加深数学/理论和研究训练，重点看理论深度、科研训练、交叉前沿、学术写作；样例：库内未命中该层次开设样例,深圳职业技术大学,区域重点/特色优势：核心课保持完整，通常叠加地方产业、行业场景、实验项目和专业方向模块；样例：深圳职业技术大学,湖南汽车工程职业大学、重庆电子科技职业大学、河北科技工程职业技术大学、江西职业技术大学、长春汽车职业技术大学,普通应用/职业供给：更强调岗位技能、项目实训、证书衔接、综合实践，课程呈现更实训化、工具化；样例：湖南汽车工程职业大学、重庆电子科技职业大学、河北科技工程职业技术大学、江西职业技术大学、长春汽车职业技术大学
260704,汽车芯片与软件工程技术,本科(职业),工学学士,,装备制造大类,汽车制造类,程序设计、离散数学、数据结构、操作系统、数据库系统、软件工程、软件测试、项目管理,category_template,未匹配rysxai课程文本,库内未命中,头部/强研究型：核心课不一定换名称，但会加深数学/理论和研究训练，重点看理论深度、科研训练、交叉前沿、学术写作；样例：库内未命中该层次开设样例,库内未命中,区域重点/特色优势：核心课保持完整，通常叠加地方产业、行业场景、实验项目和专业方向模块；样例：库内未命中该层次开设样例,库内未命中,普通应用/职业供给：更强调岗位技能、项目实训、证书衔接、综合实践，课程呈现更实训化、工具化；样例：库内未命中该层次开设样例
510101,电子信息工程技术,专科(高职),,三年,电子与信息大类,电子信息类,电路分析、模拟电子技术、数字电子技术、信号与系统、通信原理、电磁场与电磁波、嵌入式系统、数字信号处理,category_template,rysxai课程文本未抽出课程名,库内未命中,头部/强研究型：核心课不一定换名称，但会加深数学/理论和研究训练，重点看理论深度、科研训练、交叉前沿、学术写作；样例：库内未命中该层次开设样例,深圳职业技术大学、桂林理工大学、顺德职业技术大学、昌吉学院、郑州师范学院,区域重点/特色优势：核心课保持完整，通常叠加地方产业、行业场景、实验项目和专业方向模块；样例：深圳职业技术大学、桂林理工大学、顺德职业技术大学、昌吉学院、郑州师范学院,浙江水利水电学院、济宁学院、山东青年政治学院、菏泽学院、北京科技职业大学,普通应用/职业供给：更强调岗位技能、项目实训、证书衔接、综合实践，课程呈现更实训化、工具化；样例：浙江水利水电学院、济宁学院、山东青年政治学院、菏泽学院、北京科技职业大学
510102,物联网应用技术,专科(高职),,三年,电子与信息大类,电子信息类,电路分析、模拟电子技术、数字电子技术、信号与系统、通信原理、电磁场与电磁波、嵌入式系统、数字信号处理,category_template,rysxai课程文本未抽出课程名,库内未命中,头部/强研究型：核心课不一定换名称，但会加深数学/理论和研究训练，重点看理论深度、科研训练、交叉前沿、学术写作；样例：库内未命中该层次开设样例,深圳职业技术大学、深圳信息职业技术大学、顺德职业技术大学、广州职业技术大学、天津中德应用技术大学,区域重点/特色优势：核心课保持完整，通常叠加地方产业、行业场景、实验项目和专业方向模块；样例：深圳职业技术大学、深圳信息职业技术大学、顺德职业技术大学、广州职业技术大学、天津中德应用技术大学,广西职业师范学院、德宏师范学院、北京科技职业大学、浙江机电职业技术大学、丽江师范学院,普通应用/职业供给：更强调岗位技能、项目实训、证书衔接、综合实践，课程呈现更实训化、工具化；样例：广西职业师范学院、德宏师范学院、北京科技职业大学、浙江机电职业技术大学、丽江师范学院
510103,应用电子技术,专科(高职),,三年,电子与信息大类,电子信息类,电路分析、模拟电子技术、数字电子技术、信号与系统、通信原理、电磁场与电磁波、嵌入式系统、数字信号处理,category_template,rysxai课程文本未抽出课程名,库内未命中,头部/强研究型：核心课不一定换名称，但会加深数学/理论和研究训练，重点看理论深度、科研训练、交叉前沿、学术写作；样例：库内未命中该层次开设样例,上海工程技术大学、桂林理工大学、江西水利电力大学、遵义师范学院、山东航空学院,区域重点/特色优势：核心课保持完整，通常叠加地方产业、行业场景、实验项目和专业方向模块；样例：上海工程技术大学、桂林理工大学、江西水利电力大学、遵义师范学院、山东航空学院,河南工程学院、齐鲁师范学院、菏泽学院、浙江机电职业技术大学、朝阳师范学院,普通应用/职业供给：更强调岗位技能、项目实训、证书衔接、综合实践，课程呈现更实训化、工具化；样例：河南工程学院、齐鲁师范学院、菏泽学院、浙江机电职业技术大学、朝阳师范学院
510104,电子产品制造技术,专科(高职),,三年,电子与信息大类,电子信息类,电路分析、模拟电子技术、数字电子技术、信号与系统、通信原理、电磁场与电磁波、嵌入式系统、数字信号处理,category_template,rysxai课程文本未抽出课程名,库内未命中,头部/强研究型：核心课不一定换名称，但会加深数学/理论和研究训练，重点看理论深度、科研训练、交叉前沿、学术写作；样例：库内未命中该层次开设样例,山西机电职业技术学院,区域重点/特色优势：核心课保持完整，通常叠加地方产业、行业场景、实验项目和专业方向模块；样例：山西机电职业技术学院,四川工业科技学院、克孜勒苏职业技术学院、四川航天职业技术学院、山东经贸职业学院、廊坊燕京职业技术学院,普通应用/职业供给：更强调岗位技能、项目实训、证书衔接、综合实践，课程呈现更实训化、工具化；样例：四川工业科技学院、克孜勒苏职业技术学院、四川航天职业技术学院、山东经贸职业学院、廊坊燕京职业技术学院
510105,电子产品检测技术,专科(高职),,三年,电子与信息大类,电子信息类,电路分析、模拟电子技术、数字电子技术、信号与系统、通信原理、电磁场与电磁波、嵌入式系统、数字信号处理,category_template,rysxai课程文本未抽出课程名,库内未命中,头部/强研究型：核心课不一定换名称，但会加深数学/理论和研究训练，重点看理论深度、科研训练、交叉前沿、学术写作；样例：库内未命中该层次开设样例,青岛恒星科技学院、南京信息职业技术学院、哈尔滨铁道职业技术学院,区域重点/特色优势：核心课保持完整，通常叠加地方产业、行业场景、实验项目和专业方向模块；样例：青岛恒星科技学院、南京信息职业技术学院、哈尔滨铁道职业技术学院,广东松山职业技术学院、新疆师范高等专科学校、苏州工业园区服务外包职业学院、山西同文职业技术学院、福州科技职业技术学院,普通应用/职业供给：更强调岗位技能、项目实训、证书衔接、综合实践，课程呈现更实训化、工具化；样例：广东松山职业技术学院、新疆师范高等专科学校、苏州工业园区服务外包职业学院、山西同文职业技术学院、福州科技职业技术学院
510106,移动互联应用技术,专科(高职),,三年,电子与信息大类,电子信息类,电路分析、模拟电子技术、数字电子技术、信号与系统、通信原理、电磁场与电磁波、嵌入式系统、数字信号处理,category_template,rysxai课程文本未抽出课程名,内蒙古大学,头部/强研究型：核心课不一定换名称，但会加深数学/理论和研究训练，重点看理论深度、科研训练、交叉前沿、学术写作；样例：内蒙古大学,深圳职业技术大学、深圳信息职业技术大学、烟台南山学院、吉林工业职业技术学院、安徽商贸职业技术学院,区域重点/特色优势：核心课保持完整，通常叠加地方产业、行业场景、实验项目和专业方向模块；样例：深圳职业技术大学、深圳信息职业技术大学、烟台南山学院、吉林工业职业技术学院、安徽商贸职业技术学院,湖南汽车工程职业大学、重庆电子科技职业大学、河北科技工程职业技术大学、江西职业技术大学、长春汽车职业技术大学,普通应用/职业供给：更强调岗位技能、项目实训、证书衔接、综合实践，课程呈现更实训化、工具化；样例：湖南汽车工程职业大学、重庆电子科技职业大学、河北科技工程职业技术大学、江西职业技术大学、长春汽车职业技术大学
510107,汽车智能技术,专科(高职),,三年,电子与信息大类,电子信息类,电路分析、模拟电子技术、数字电子技术、信号与系统、通信原理、电磁场与电磁波、嵌入式系统、数字信号处理,category_template,rysxai课程文本未抽出课程名,库内未命中,头部/强研究型：核心课不一定换名称，但会加深数学/理论和研究训练，重点看理论深度、科研训练、交叉前沿、学术写作；样例：库内未命中该层次开设样例,深圳信息职业技术大学、广东轻工职业技术大学、海口经济学院、上海电子信息职业技术学院、云南交通职业技术学院,区域重点/特色优势：核心课保持完整，通常叠加地方产业、行业场景、实验项目和专业方向模块；样例：深圳信息职业技术大学、广东轻工职业技术大学、海口经济学院、上海电子信息职业技术学院、云南交通职业技术学院,浙江机电职业技术大学、柳州职业技术大学、湖南汽车工程职业大学、贵州交通职业大学、长春汽车职业技术大学,普通应用/职业供给：更强调岗位技能、项目实训、证书衔接、综合实践，课程呈现更实训化、工具化；样例：浙江机电职业技术大学、柳州职业技术大学、湖南汽车工程职业大学、贵州交通职业大学、长春汽车职业技术大学
510108,智能产品开发与应用,专科(高职),,三年,电子与信息大类,电子信息类,电路分析、模拟电子技术、数字电子技术、信号与系统、通信原理、电磁场与电磁波、嵌入式系统、数字信号处理,category_template,rysxai课程文本未抽出课程名,库内未命中,头部/强研究型：核心课不一定换名称，但会加深数学/理论和研究训练，重点看理论深度、科研训练、交叉前沿、学术写作；样例：库内未命中该层次开设样例,深圳信息职业技术大学、广东轻工职业技术大学、广州职业技术大学、海口经济学院、山东商业职业技术学院,区域重点/特色优势：核心课保持完整，通常叠加地方产业、行业场景、实验项目和专业方向模块；样例：深圳信息职业技术大学、广东轻工职业技术大学、广州职业技术大学、海口经济学院、山东商业职业技术学院,武汉职业技术大学、苏州职业技术大学、南宁职业技术大学、重庆电子科技职业大学、电子科技大学成都学院,普通应用/职业供给：更强调岗位技能、项目实训、证书衔接、综合实践，课程呈现更实训化、工具化；样例：武汉职业技术大学、苏州职业技术大学、南宁职业技术大学、重庆电子科技职业大学、电子科技大学成都学院
510109,智能光电技术应用,专科(高职),,三年,电子与信息大类,电子信息类,电路分析、模拟电子技术、数字电子技术、信号与系统、通信原理、电磁场与电磁波、嵌入式系统、数字信号处理,category_template,rysxai课程文本未抽出课程名,库内未命中,头部/强研究型：核心课不一定换名称，但会加深数学/理论和研究训练，重点看理论深度、科研训练、交叉前沿、学术写作；样例：库内未命中该层次开设样例,深圳信息职业技术大学、南京信息职业技术学院、成都职业技术学院、武汉软件工程职业学院、江西现代职业技术学院,区域重点/特色优势：核心课保持完整，通常叠加地方产业、行业场景、实验项目和专业方向模块；样例：深圳信息职业技术大学、南京信息职业技术学院、成都职业技术学院、武汉软件工程职业学院、江西现代职业技术学院,武汉职业技术大学、扬州职业技术大学、厦门海洋职业技术学院、吉安职业技术学院、山东城市服务职业学院,普通应用/职业供给：更强调岗位技能、项目实训、证书衔接、综合实践，课程呈现更实训化、工具化；样例：武汉职业技术大学、扬州职业技术大学、厦门海洋职业技术学院、吉安职业技术学院、山东城市服务职业学院
510110,光电显示技术,专科(高职),,三年,电子与信息大类,电子信息类,电路分析、模拟电子技术、数字电子技术、信号与系统、通信原理、电磁场与电磁波、嵌入式系统、数字信号处理,category_template,rysxai课程文本未抽出课程名,库内未命中,头部/强研究型：核心课不一定换名称，但会加深数学/理论和研究训练，重点看理论深度、科研训练、交叉前沿、学术写作；样例：库内未命中该层次开设样例,库内未命中,区域重点/特色优势：核心课保持完整，通常叠加地方产业、行业场景、实验项目和专业方向模块；样例：库内未命中该层次开设样例,武汉职业技术大学、漳州职业技术学院、和君职业学院、广东创新科技职业学院、武汉光谷职业学院,普通应用/职业供给：更强调岗位技能、项目实训、证书衔接、综合实践，课程呈现更实训化、工具化；样例：武汉职业技术大学、漳州职业技术学院、和君职业学院、广东创新科技职业学院、武汉光谷职业学院
510111,低空安全与技术,专科(高职),,,电子与信息大类,电子信息类,电路分析、模拟电子技术、数字电子技术、信号与系统、通信原理、电磁场与电磁波、嵌入式系统、数字信号处理,category_template,未匹配rysxai课程文本,库内未命中,头部/强研究型：核心课不一定换名称，但会加深数学/理论和研究训练，重点看理论深度、科研训练、交叉前沿、学术写作；样例：库内未命中该层次开设样例,库内未命中,区域重点/特色优势：核心课保持完整，通常叠加地方产业、行业场景、实验项目和专业方向模块；样例：库内未命中该层次开设样例,长沙南方职业学院,普通应用/职业供给：更强调岗位技能、项目实训、证书衔接、综合实践，课程呈现更实训化、工具化；样例：长沙南方职业学院
510201,计算机应用技术,专科(高职),,三年,电子与信息大类,计算机类,程序设计、离散数学、数据结构、计算机组成原理、操作系统、计算机网络、数据库系统、软件工程、算法设计与分析,category_template,rysxai课程文本未抽出课程名,内蒙古大学,头部/强研究型：核心课不一定换名称，但会加深数学/理论和研究训练，重点看理论深度、科研训练、交叉前沿、学术写作；样例：内蒙古大学,深圳职业技术大学、深圳信息职业技术大学、河南理工大学、桂林理工大学、华北理工大学,区域重点/特色优势：核心课保持完整，通常叠加地方产业、行业场景、实验项目和专业方向模块；样例：深圳职业技术大学、深圳信息职业技术大学、河南理工大学、桂林理工大学、华北理工大学,浙江水利水电学院、吉林警察学院、黄淮学院、河南工程学院、济宁学院,普通应用/职业供给：更强调岗位技能、项目实训、证书衔接、综合实践，课程呈现更实训化、工具化；样例：浙江水利水电学院、吉林警察学院、黄淮学院、河南工程学院、济宁学院
510202,计算机网络技术,专科(高职),,三年,电子与信息大类,计算机类,程序设计、离散数学、数据结构、计算机组成原理、操作系统、计算机网络、数据库系统、软件工程、算法设计与分析,category_template,rysxai课程文本未抽出课程名,内蒙古大学,头部/强研究型：核心课不一定换名称，但会加深数学/理论和研究训练，重点看理论深度、科研训练、交叉前沿、学术写作；样例：内蒙古大学,深圳职业技术大学、深圳信息职业技术大学、河南理工大学、内蒙古农业大学、河南财经政法大学,区域重点/特色优势：核心课保持完整，通常叠加地方产业、行业场景、实验项目和专业方向模块；样例：深圳职业技术大学、深圳信息职业技术大学、河南理工大学、内蒙古农业大学、河南财经政法大学,河南工程学院、济宁学院、齐鲁师范学院、山东管理学院、山东农业工程学院,普通应用/职业供给：更强调岗位技能、项目实训、证书衔接、综合实践，课程呈现更实训化、工具化；样例：河南工程学院、济宁学院、齐鲁师范学院、山东管理学院、山东农业工程学院
510203,软件技术,专科(高职),,三年,电子与信息大类,计算机类,程序设计、离散数学、数据结构、计算机组成原理、操作系统、计算机网络、数据库系统、软件工程、算法设计与分析,category_template,rysxai课程文本未抽出课程名,库内未命中,头部/强研究型：核心课不一定换名称，但会加深数学/理论和研究训练，重点看理论深度、科研训练、交叉前沿、学术写作；样例：库内未命中该层次开设样例,深圳职业技术大学、深圳信息职业技术大学、河南理工大学、内蒙古农业大学、临沂大学,区域重点/特色优势：核心课保持完整，通常叠加地方产业、行业场景、实验项目和专业方向模块；样例：深圳职业技术大学、深圳信息职业技术大学、河南理工大学、内蒙古农业大学、临沂大学,河南工程学院、信阳农林学院、山东农业工程学院、广西职业师范学院、河南牧业经济学院,普通应用/职业供给：更强调岗位技能、项目实训、证书衔接、综合实践，课程呈现更实训化、工具化；样例：河南工程学院、信阳农林学院、山东农业工程学院、广西职业师范学院、河南牧业经济学院
510204,数字媒体技术,专科(高职),,三年,电子与信息大类,计算机类,程序设计、离散数学、数据结构、计算机组成原理、操作系统、计算机网络、数据库系统、软件工程、算法设计与分析,category_template,rysxai课程文本未抽出课程名,北京理工大学、中国人民大学、山东大学、大连理工大学、湖南大学,头部/强研究型：核心课不一定换名称，但会加深数学/理论和研究训练，重点看理论深度、科研训练、交叉前沿、学术写作；样例：北京理工大学、中国人民大学、山东大学、大连理工大学、湖南大学,西交利物浦大学、北京电影学院、西安理工大学、北京语言大学、华侨大学,区域重点/特色优势：核心课保持完整，通常叠加地方产业、行业场景、实验项目和专业方向模块；样例：西交利物浦大学、北京电影学院、西安理工大学、北京语言大学、华侨大学,浙江水利水电学院、许昌学院、河南工程学院、南阳理工学院、渭南师范学院,普通应用/职业供给：更强调岗位技能、项目实训、证书衔接、综合实践，课程呈现更实训化、工具化；样例：浙江水利水电学院、许昌学院、河南工程学院、南阳理工学院、渭南师范学院
510205,大数据技术,专科(高职),,三年,电子与信息大类,计算机类,程序设计、数据结构、数据库系统、概率论与数理统计、机器学习、数据挖掘、大数据平台技术、数据可视化,category_template,rysxai课程文本未抽出课程名,库内未命中,头部/强研究型：核心课不一定换名称，但会加深数学/理论和研究训练，重点看理论深度、科研训练、交叉前沿、学术写作；样例：库内未命中该层次开设样例,深圳职业技术大学、深圳信息职业技术大学、内蒙古农业大学、河南财经政法大学、桂林理工大学,区域重点/特色优势：核心课保持完整，通常叠加地方产业、行业场景、实验项目和专业方向模块；样例：深圳职业技术大学、深圳信息职业技术大学、内蒙古农业大学、河南财经政法大学、桂林理工大学,洛阳理工学院、河南工程学院、汉江师范学院、河南牧业经济学院、河南财政金融学院,普通应用/职业供给：更强调岗位技能、项目实训、证书衔接、综合实践，课程呈现更实训化、工具化；样例：洛阳理工学院、河南工程学院、汉江师范学院、河南牧业经济学院、河南财政金融学院
510206,云计算技术应用,专科(高职),,三年,电子与信息大类,计算机类,程序设计、离散数学、数据结构、计算机组成原理、操作系统、计算机网络、数据库系统、软件工程、算法设计与分析,category_template,rysxai课程文本未抽出课程名,库内未命中,头部/强研究型：核心课不一定换名称，但会加深数学/理论和研究训练，重点看理论深度、科研训练、交叉前沿、学术写作；样例：库内未命中该层次开设样例,深圳职业技术大学、深圳信息职业技术大学、江西软件职业技术大学、内蒙古化工职业学院、内蒙古机电职业技术学院,区域重点/特色优势：核心课保持完整，通常叠加地方产业、行业场景、实验项目和专业方向模块；样例：深圳职业技术大学、深圳信息职业技术大学、江西软件职业技术大学、内蒙古化工职业学院、内蒙古机电职业技术学院,唐山工业职业技术大学、重庆电子科技职业大学、无锡职业技术大学、河北工业职业技术大学、河北石油职业技术大学,普通应用/职业供给：更强调岗位技能、项目实训、证书衔接、综合实践，课程呈现更实训化、工具化；样例：唐山工业职业技术大学、重庆电子科技职业大学、无锡职业技术大学、河北工业职业技术大学、河北石油职业技术大学
510207,信息安全技术应用,专科(高职),,三年,电子与信息大类,计算机类,程序设计、数据结构、计算机网络、操作系统、密码学、网络安全、系统安全、安全攻防实践,category_template,rysxai课程文本未抽出课程名,库内未命中,头部/强研究型：核心课不一定换名称，但会加深数学/理论和研究训练，重点看理论深度、科研训练、交叉前沿、学术写作；样例：库内未命中该层次开设样例,深圳职业技术大学、深圳信息职业技术大学、广东轻工职业技术大学、江西警察学院、江西软件职业技术大学,区域重点/特色优势：核心课保持完整，通常叠加地方产业、行业场景、实验项目和专业方向模块；样例：深圳职业技术大学、深圳信息职业技术大学、广东轻工职业技术大学、江西警察学院、江西软件职业技术大学,山东女子学院、广西警察学院、白城师范学院、甘肃警察学院、武汉职业技术大学,普通应用/职业供给：更强调岗位技能、项目实训、证书衔接、综合实践，课程呈现更实训化、工具化；样例：山东女子学院、广西警察学院、白城师范学院、甘肃警察学院、武汉职业技术大学
510208,虚拟现实技术应用,专科(高职),,三年,电子与信息大类,计算机类,程序设计、离散数学、数据结构、计算机组成原理、操作系统、计算机网络、数据库系统、软件工程、算法设计与分析,category_template,rysxai课程文本未抽出课程名,库内未命中,头部/强研究型：核心课不一定换名称，但会加深数学/理论和研究训练，重点看理论深度、科研训练、交叉前沿、学术写作；样例：库内未命中该层次开设样例,深圳职业技术大学、深圳信息职业技术大学、江西软件职业技术大学、上海工艺美术职业学院、北京信息职业技术学院,区域重点/特色优势：核心课保持完整，通常叠加地方产业、行业场景、实验项目和专业方向模块；样例：深圳职业技术大学、深圳信息职业技术大学、江西软件职业技术大学、上海工艺美术职业学院、北京信息职业技术学院,豫章师范学院、江西飞行学院、柳州职业技术大学、豫北医学院、苏州职业技术大学,普通应用/职业供给：更强调岗位技能、项目实训、证书衔接、综合实践，课程呈现更实训化、工具化；样例：豫章师范学院、江西飞行学院、柳州职业技术大学、豫北医学院、苏州职业技术大学
510209,人工智能技术应用,专科(高职),,三年,电子与信息大类,计算机类,程序设计、离散数学、数据结构、机器学习、深度学习、计算机视觉、自然语言处理、智能系统实践,category_template,rysxai课程文本未抽出课程名,内蒙古大学,头部/强研究型：核心课不一定换名称，但会加深数学/理论和研究训练，重点看理论深度、科研训练、交叉前沿、学术写作；样例：内蒙古大学,深圳职业技术大学、深圳信息职业技术大学、河南科技学院、广东轻工职业技术大学、广州职业技术大学,区域重点/特色优势：核心课保持完整，通常叠加地方产业、行业场景、实验项目和专业方向模块；样例：深圳职业技术大学、深圳信息职业技术大学、河南科技学院、广东轻工职业技术大学、广州职业技术大学,河南工程学院、北京科技职业大学、武汉职业技术大学、柳州职业技术大学、金华职业技术大学,普通应用/职业供给：更强调岗位技能、项目实训、证书衔接、综合实践，课程呈现更实训化、工具化；样例：河南工程学院、北京科技职业大学、武汉职业技术大学、柳州职业技术大学、金华职业技术大学
510210,嵌入式技术应用,专科(高职),,三年,电子与信息大类,计算机类,程序设计、离散数学、数据结构、计算机组成原理、操作系统、计算机网络、数据库系统、软件工程、算法设计与分析,category_template,rysxai课程文本未抽出课程名,库内未命中,头部/强研究型：核心课不一定换名称，但会加深数学/理论和研究训练，重点看理论深度、科研训练、交叉前沿、学术写作；样例：库内未命中该层次开设样例,深圳信息职业技术大学、云南交通职业技术学院、南京信息职业技术学院、重庆航天职业技术学院,区域重点/特色优势：核心课保持完整，通常叠加地方产业、行业场景、实验项目和专业方向模块；样例：深圳信息职业技术大学、云南交通职业技术学院、南京信息职业技术学院、重庆航天职业技术学院,重庆电子科技职业大学、山东财经大学燕山学院、安徽职业技术大学、云南水利水电职业学院、新疆师范高等专科学校,普通应用/职业供给：更强调岗位技能、项目实训、证书衔接、综合实践，课程呈现更实训化、工具化；样例：重庆电子科技职业大学、山东财经大学燕山学院、安徽职业技术大学、云南水利水电职业学院、新疆师范高等专科学校
510211,工业互联网技术,专科(高职),,三年,电子与信息大类,计算机类,程序设计、离散数学、数据结构、计算机组成原理、操作系统、计算机网络、数据库系统、软件工程、算法设计与分析,category_template,rysxai课程文本未抽出课程名,库内未命中,头部/强研究型：核心课不一定换名称，但会加深数学/理论和研究训练，重点看理论深度、科研训练、交叉前沿、学术写作；样例：库内未命中该层次开设样例,深圳职业技术大学、深圳信息职业技术大学、广东轻工职业技术大学、顺德职业技术大学、北京信息职业技术学院,区域重点/特色优势：核心课保持完整，通常叠加地方产业、行业场景、实验项目和专业方向模块；样例：深圳职业技术大学、深圳信息职业技术大学、广东轻工职业技术大学、顺德职业技术大学、北京信息职业技术学院,南京工业职业技术大学、柳州职业技术大学、苏州职业技术大学、重庆电子科技职业大学、无锡职业技术大学,普通应用/职业供给：更强调岗位技能、项目实训、证书衔接、综合实践，课程呈现更实训化、工具化；样例：南京工业职业技术大学、柳州职业技术大学、苏州职业技术大学、重庆电子科技职业大学、无锡职业技术大学
510212,区块链技术应用,专科(高职),,三年,电子与信息大类,计算机类,程序设计、离散数学、数据结构、计算机组成原理、操作系统、计算机网络、数据库系统、软件工程、算法设计与分析,category_template,rysxai课程文本未抽出课程名,库内未命中,头部/强研究型：核心课不一定换名称，但会加深数学/理论和研究训练，重点看理论深度、科研训练、交叉前沿、学术写作；样例：库内未命中该层次开设样例,深圳职业技术大学、深圳信息职业技术大学、广州职业技术大学、江西软件职业技术大学、山东商业职业技术学院,区域重点/特色优势：核心课保持完整，通常叠加地方产业、行业场景、实验项目和专业方向模块；样例：深圳职业技术大学、深圳信息职业技术大学、广州职业技术大学、江西软件职业技术大学、山东商业职业技术学院,重庆电子科技职业大学、哈尔滨职业技术大学、西安信息职业大学、上海城建职业学院、东莞职业技术学院,普通应用/职业供给：更强调岗位技能、项目实训、证书衔接、综合实践，课程呈现更实训化、工具化；样例：重庆电子科技职业大学、哈尔滨职业技术大学、西安信息职业大学、上海城建职业学院、东莞职业技术学院
510213,移动应用开发,专科(高职),,三年,电子与信息大类,计算机类,程序设计、离散数学、数据结构、计算机组成原理、操作系统、计算机网络、数据库系统、软件工程、算法设计与分析,category_template,rysxai课程文本未抽出课程名,库内未命中,头部/强研究型：核心课不一定换名称，但会加深数学/理论和研究训练，重点看理论深度、科研训练、交叉前沿、学术写作；样例：库内未命中该层次开设样例,云南能源职业技术学院、南京信息职业技术学院、南京铁道职业技术学院、天津电子信息职业技术学院、安徽商贸职业技术学院,区域重点/特色优势：核心课保持完整，通常叠加地方产业、行业场景、实验项目和专业方向模块；样例：云南能源职业技术学院、南京信息职业技术学院、南京铁道职业技术学院、天津电子信息职业技术学院、安徽商贸职业技术学院,河南工程学院、南京工业职业技术大学、朝阳师范学院、重庆电子科技职业大学、河北工业职业技术大学,普通应用/职业供给：更强调岗位技能、项目实训、证书衔接、综合实践，课程呈现更实训化、工具化；样例：河南工程学院、南京工业职业技术大学、朝阳师范学院、重庆电子科技职业大学、河北工业职业技术大学
510214,工业软件开发技术,专科(高职),,三年,电子与信息大类,计算机类,程序设计、离散数学、数据结构、计算机组成原理、操作系统、计算机网络、数据库系统、软件工程、算法设计与分析,category_template,rysxai课程文本未抽出课程名,库内未命中,头部/强研究型：核心课不一定换名称，但会加深数学/理论和研究训练，重点看理论深度、科研训练、交叉前沿、学术写作；样例：库内未命中该层次开设样例,深圳信息职业技术大学、广东轻工职业技术大学、江西软件职业技术大学、河北软件职业技术学院,区域重点/特色优势：核心课保持完整，通常叠加地方产业、行业场景、实验项目和专业方向模块；样例：深圳信息职业技术大学、广东轻工职业技术大学、江西软件职业技术大学、河北软件职业技术学院,武汉职业技术大学、重庆电子科技职业大学、宁波职业技术大学、中山职业技术学院、唐山职业技术学院,普通应用/职业供给：更强调岗位技能、项目实训、证书衔接、综合实践，课程呈现更实训化、工具化；样例：武汉职业技术大学、重庆电子科技职业大学、宁波职业技术大学、中山职业技术学院、唐山职业技术学院
510215,动漫制作技术,专科(高职),,三年,电子与信息大类,计算机类,程序设计、离散数学、数据结构、计算机组成原理、操作系统、计算机网络、数据库系统、软件工程、算法设计与分析,category_template,rysxai课程文本未抽出课程名,库内未命中,头部/强研究型：核心课不一定换名称，但会加深数学/理论和研究训练，重点看理论深度、科研训练、交叉前沿、学术写作；样例：库内未命中该层次开设样例,深圳职业技术大学、桂林航天工业学院、烟台南山学院、陕西国际商贸学院、海口经济学院,区域重点/特色优势：核心课保持完整，通常叠加地方产业、行业场景、实验项目和专业方向模块；样例：深圳职业技术大学、桂林航天工业学院、烟台南山学院、陕西国际商贸学院、海口经济学院,郑州工程技术学院、朝阳师范学院、苏州职业技术大学、唐山工业职业技术大学、南宁职业技术大学,普通应用/职业供给：更强调岗位技能、项目实训、证书衔接、综合实践，课程呈现更实训化、工具化；样例：郑州工程技术学院、朝阳师范学院、苏州职业技术大学、唐山工业职业技术大学、南宁职业技术大学
510216,密码技术应用,专科(高职),,三年,电子与信息大类,计算机类,程序设计、离散数学、数据结构、计算机组成原理、操作系统、计算机网络、数据库系统、软件工程、算法设计与分析,category_template,rysxai课程文本未抽出课程名,库内未命中,头部/强研究型：核心课不一定换名称，但会加深数学/理论和研究训练，重点看理论深度、科研训练、交叉前沿、学术写作；样例：库内未命中该层次开设样例,上海电子信息职业技术学院、山东商业职业技术学院、河北软件职业技术学院,区域重点/特色优势：核心课保持完整，通常叠加地方产业、行业场景、实验项目和专业方向模块；样例：上海电子信息职业技术学院、山东商业职业技术学院、河北软件职业技术学院,重庆电子科技职业大学、河北外国语学院、聊城职业技术学院、黑龙江商业职业学院、重庆能源职业学院,普通应用/职业供给：更强调岗位技能、项目实训、证书衔接、综合实践，课程呈现更实训化、工具化；样例：重庆电子科技职业大学、河北外国语学院、聊城职业技术学院、黑龙江商业职业学院、重庆能源职业学院
510217,人工智能数据工程技术,专科(高职),,三年,电子与信息大类,计算机类,程序设计、离散数学、数据结构、机器学习、深度学习、计算机视觉、自然语言处理、智能系统实践,category_template,rysxai课程文本未抽出课程名,库内未命中,头部/强研究型：核心课不一定换名称，但会加深数学/理论和研究训练，重点看理论深度、科研训练、交叉前沿、学术写作；样例：库内未命中该层次开设样例,南京信息职业技术学院,区域重点/特色优势：核心课保持完整，通常叠加地方产业、行业场景、实验项目和专业方向模块；样例：南京信息职业技术学院,成都文理学院、山东电子职业技术学院、长江职业学院、山东文化产业职业学院、泉州华光职业学院,普通应用/职业供给：更强调岗位技能、项目实训、证书衔接、综合实践，课程呈现更实训化、工具化；样例：成都文理学院、山东电子职业技术学院、长江职业学院、山东文化产业职业学院、泉州华光职业学院
510218,数字孪生应用技术,专科(高职),,,电子与信息大类,计算机类,程序设计、离散数学、数据结构、计算机组成原理、操作系统、计算机网络、数据库系统、软件工程、算法设计与分析,category_template,未匹配rysxai课程文本,库内未命中,头部/强研究型：核心课不一定换名称，但会加深数学/理论和研究训练，重点看理论深度、科研训练、交叉前沿、学术写作；样例：库内未命中该层次开设样例,库内未命中,区域重点/特色优势：核心课保持完整，通常叠加地方产业、行业场景、实验项目和专业方向模块；样例：库内未命中该层次开设样例,库内未命中,普通应用/职业供给：更强调岗位技能、项目实训、证书衔接、综合实践，课程呈现更实训化、工具化；样例：库内未命中该层次开设样例
510219,智能体技术应用,专科(高职),,,电子与信息大类,计算机类,程序设计、离散数学、数据结构、计算机组成原理、操作系统、计算机网络、数据库系统、软件工程、算法设计与分析,category_template,未匹配rysxai课程文本,库内未命中,头部/强研究型：核心课不一定换名称，但会加深数学/理论和研究训练，重点看理论深度、科研训练、交叉前沿、学术写作；样例：库内未命中该层次开设样例,库内未命中,区域重点/特色优势：核心课保持完整，通常叠加地方产业、行业场景、实验项目和专业方向模块；样例：库内未命中该层次开设样例,石家庄工商职业学院,普通应用/职业供给：更强调岗位技能、项目实训、证书衔接、综合实践，课程呈现更实训化、工具化；样例：石家庄工商职业学院
510220,开源技术应用,专科(高职),,,电子与信息大类,计算机类,程序设计、离散数学、数据结构、计算机组成原理、操作系统、计算机网络、数据库系统、软件工程、算法设计与分析,category_template,未匹配rysxai课程文本,库内未命中,头部/强研究型：核心课不一定换名称，但会加深数学/理论和研究训练，重点看理论深度、科研训练、交叉前沿、学术写作；样例：库内未命中该层次开设样例,库内未命中,区域重点/特色优势：核心课保持完整，通常叠加地方产业、行业场景、实验项目和专业方向模块；样例：库内未命中该层次开设样例,库内未命中,普通应用/职业供给：更强调岗位技能、项目实训、证书衔接、综合实践，课程呈现更实训化、工具化；样例：库内未命中该层次开设样例
510221,信创系统技术应用,专科(高职),,,电子与信息大类,计算机类,程序设计、离散数学、数据结构、计算机组成原理、操作系统、计算机网络、数据库系统、软件工程、算法设计与分析,category_template,未匹配rysxai课程文本,库内未命中,头部/强研究型：核心课不一定换名称，但会加深数学/理论和研究训练，重点看理论深度、科研训练、交叉前沿、学术写作；样例：库内未命中该层次开设样例,库内未命中,区域重点/特色优势：核心课保持完整，通常叠加地方产业、行业场景、实验项目和专业方向模块；样例：库内未命中该层次开设样例,库内未命中,普通应用/职业供给：更强调岗位技能、项目实训、证书衔接、综合实践，课程呈现更实训化、工具化；样例：库内未命中该层次开设样例
510301,现代通信技术,专科(高职),,三年,电子与信息大类,通信类,专业导论、岗位基础技能、专业核心技术、设备/软件操作、项目实训、职业规范、综合实训、顶岗实习,category_template,rysxai课程文本未抽出课程名,库内未命中,头部/强研究型：核心课不一定换名称，但会加深数学/理论和研究训练，重点看理论深度、科研训练、交叉前沿、学术写作；样例：库内未命中该层次开设样例,深圳职业技术大学、桂林理工大学、上海第二工业大学、江西水利电力大学、广东轻工职业技术大学,区域重点/特色优势：核心课保持完整，通常叠加地方产业、行业场景、实验项目和专业方向模块；样例：深圳职业技术大学、桂林理工大学、上海第二工业大学、江西水利电力大学、广东轻工职业技术大学,武汉职业技术大学、柳州职业技术大学、苏州职业技术大学、重庆电子科技职业大学、江西职业技术大学,普通应用/职业供给：更强调岗位技能、项目实训、证书衔接、综合实践，课程呈现更实训化、工具化；样例：武汉职业技术大学、柳州职业技术大学、苏州职业技术大学、重庆电子科技职业大学、江西职业技术大学
510302,现代移动通信技术,专科(高职),,三年,电子与信息大类,通信类,专业导论、岗位基础技能、专业核心技术、设备/软件操作、项目实训、职业规范、综合实训、顶岗实习,category_template,rysxai课程文本未抽出课程名,库内未命中,头部/强研究型：核心课不一定换名称，但会加深数学/理论和研究训练，重点看理论深度、科研训练、交叉前沿、学术写作；样例：库内未命中该层次开设样例,深圳信息职业技术大学、海口经济学院、四川交通职业技术学院、四川邮电职业技术学院、江苏信息职业技术学院,区域重点/特色优势：核心课保持完整，通常叠加地方产业、行业场景、实验项目和专业方向模块；样例：深圳信息职业技术大学、海口经济学院、四川交通职业技术学院、四川邮电职业技术学院、江苏信息职业技术学院,吉林农业科技学院、桂林师范学院、南宁职业技术大学、重庆电子科技职业大学、长春职业技术大学,普通应用/职业供给：更强调岗位技能、项目实训、证书衔接、综合实践，课程呈现更实训化、工具化；样例：吉林农业科技学院、桂林师范学院、南宁职业技术大学、重庆电子科技职业大学、长春职业技术大学
510303,通信软件技术,专科(高职),,三年,电子与信息大类,通信类,专业导论、岗位基础技能、专业核心技术、设备/软件操作、项目实训、职业规范、综合实训、顶岗实习,category_template,rysxai课程文本未抽出课程名,库内未命中,头部/强研究型：核心课不一定换名称，但会加深数学/理论和研究训练，重点看理论深度、科研训练、交叉前沿、学术写作；样例：库内未命中该层次开设样例,库内未命中,区域重点/特色优势：核心课保持完整，通常叠加地方产业、行业场景、实验项目和专业方向模块；样例：库内未命中该层次开设样例,重庆电子科技职业大学、西安信息职业大学、运城师范高等专科学校、吉林科技职业技术学院、大连枫叶职业技术学院,普通应用/职业供给：更强调岗位技能、项目实训、证书衔接、综合实践，课程呈现更实训化、工具化；样例：重庆电子科技职业大学、西安信息职业大学、运城师范高等专科学校、吉林科技职业技术学院、大连枫叶职业技术学院
510304,卫星通信与导航技术,专科(高职),,三年,电子与信息大类,通信类,专业导论、岗位基础技能、专业核心技术、设备/软件操作、项目实训、职业规范、综合实训、顶岗实习,category_template,rysxai课程文本未抽出课程名,库内未命中,头部/强研究型：核心课不一定换名称，但会加深数学/理论和研究训练，重点看理论深度、科研训练、交叉前沿、学术写作；样例：库内未命中该层次开设样例,广东轻工职业技术大学、天津现代职业技术学院、济宁职业技术学院、重庆航天职业技术学院,区域重点/特色优势：核心课保持完整，通常叠加地方产业、行业场景、实验项目和专业方向模块；样例：广东轻工职业技术大学、天津现代职业技术学院、济宁职业技术学院、重庆航天职业技术学院,重庆电子科技职业大学、南京机电职业技术学院、大理农林职业技术学院、广西电力职业技术学院、张家界航空工业职业技术学院,普通应用/职业供给：更强调岗位技能、项目实训、证书衔接、综合实践，课程呈现更实训化、工具化；样例：重庆电子科技职业大学、南京机电职业技术学院、大理农林职业技术学院、广西电力职业技术学院、张家界航空工业职业技术学院
510305,通信工程设计与监理,专科(高职),,三年,电子与信息大类,通信类,专业导论、岗位基础技能、专业核心技术、设备/软件操作、项目实训、职业规范、综合实训、顶岗实习,category_template,rysxai课程文本未抽出课程名,库内未命中,头部/强研究型：核心课不一定换名称，但会加深数学/理论和研究训练，重点看理论深度、科研训练、交叉前沿、学术写作；样例：库内未命中该层次开设样例,石家庄邮电职业技术学院,区域重点/特色优势：核心课保持完整，通常叠加地方产业、行业场景、实验项目和专业方向模块；样例：石家庄邮电职业技术学院,西安信息职业大学、四平职业大学、山东工业职业学院、山东电子职业技术学院、广东邮电职业技术学院,普通应用/职业供给：更强调岗位技能、项目实训、证书衔接、综合实践，课程呈现更实训化、工具化；样例：西安信息职业大学、四平职业大学、山东工业职业学院、山东电子职业技术学院、广东邮电职业技术学院
510306,通信系统运行管理,专科(高职),,三年,电子与信息大类,通信类,专业导论、岗位基础技能、专业核心技术、设备/软件操作、项目实训、职业规范、综合实训、顶岗实习,category_template,rysxai课程文本未抽出课程名,库内未命中,头部/强研究型：核心课不一定换名称，但会加深数学/理论和研究训练，重点看理论深度、科研训练、交叉前沿、学术写作；样例：库内未命中该层次开设样例,库内未命中,区域重点/特色优势：核心课保持完整，通常叠加地方产业、行业场景、实验项目和专业方向模块；样例：库内未命中该层次开设样例,重庆电子科技职业大学、西安信息职业大学、四平职业大学、大理农林职业技术学院、山东工业职业学院,普通应用/职业供给：更强调岗位技能、项目实训、证书衔接、综合实践，课程呈现更实训化、工具化；样例：重庆电子科技职业大学、西安信息职业大学、四平职业大学、大理农林职业技术学院、山东工业职业学院
510307,智能互联网络技术,专科(高职),,三年,电子与信息大类,通信类,专业导论、岗位基础技能、专业核心技术、设备/软件操作、项目实训、职业规范、综合实训、顶岗实习,category_template,rysxai课程文本未抽出课程名,库内未命中,头部/强研究型：核心课不一定换名称，但会加深数学/理论和研究训练，重点看理论深度、科研训练、交叉前沿、学术写作；样例：库内未命中该层次开设样例,深圳信息职业技术大学、上海电子信息职业技术学院、江西现代职业技术学院、石家庄信息工程职业学院、福州职业技术学院,区域重点/特色优势：核心课保持完整，通常叠加地方产业、行业场景、实验项目和专业方向模块；样例：深圳信息职业技术大学、上海电子信息职业技术学院、江西现代职业技术学院、石家庄信息工程职业学院、福州职业技术学院,重庆电子科技职业大学、黄河水利职业技术大学、酒泉职业技术大学、泰山科技学院、西安信息职业大学,普通应用/职业供给：更强调岗位技能、项目实训、证书衔接、综合实践，课程呈现更实训化、工具化；样例：重庆电子科技职业大学、黄河水利职业技术大学、酒泉职业技术大学、泰山科技学院、西安信息职业大学
510308,网络规划与优化技术,专科(高职),,三年,电子与信息大类,通信类,专业导论、岗位基础技能、专业核心技术、设备/软件操作、项目实训、职业规范、综合实训、顶岗实习,category_template,rysxai课程文本未抽出课程名,库内未命中,头部/强研究型：核心课不一定换名称，但会加深数学/理论和研究训练，重点看理论深度、科研训练、交叉前沿、学术写作；样例：库内未命中该层次开设样例,库内未命中,区域重点/特色优势：核心课保持完整，通常叠加地方产业、行业场景、实验项目和专业方向模块；样例：库内未命中该层次开设样例,江西财经职业学院、湖南邮电职业技术学院、潞安职业技术学院、唐山海运职业学院、石家庄科技信息职业学院,普通应用/职业供给：更强调岗位技能、项目实训、证书衔接、综合实践，课程呈现更实训化、工具化；样例：江西财经职业学院、湖南邮电职业技术学院、潞安职业技术学院、唐山海运职业学院、石家庄科技信息职业学院
510309,电信服务与管理,专科(高职),,三年,电子与信息大类,通信类,专业导论、岗位基础技能、专业核心技术、设备/软件操作、项目实训、职业规范、综合实训、顶岗实习,category_template,rysxai课程文本未抽出课程名,库内未命中,头部/强研究型：核心课不一定换名称，但会加深数学/理论和研究训练，重点看理论深度、科研训练、交叉前沿、学术写作；样例：库内未命中该层次开设样例,南京信息职业技术学院、四川邮电职业技术学院、石家庄邮电职业技术学院,区域重点/特色优势：核心课保持完整，通常叠加地方产业、行业场景、实验项目和专业方向模块；样例：南京信息职业技术学院、四川邮电职业技术学院、石家庄邮电职业技术学院,泰山科技学院、南通师范高等专科学校、安徽邮电职业技术学院、昆明铁道职业技术学院、河北轨道运输职业技术学院,普通应用/职业供给：更强调岗位技能、项目实训、证书衔接、综合实践，课程呈现更实训化、工具化；样例：泰山科技学院、南通师范高等专科学校、安徽邮电职业技术学院、昆明铁道职业技术学院、河北轨道运输职业技术学院
510310,数据中心运行与管理,专科(高职),,,电子与信息大类,通信类,专业导论、岗位基础技能、专业核心技术、设备/软件操作、项目实训、职业规范、综合实训、顶岗实习,category_template,rysxai课程文本未抽出课程名,库内未命中,头部/强研究型：核心课不一定换名称，但会加深数学/理论和研究训练，重点看理论深度、科研训练、交叉前沿、学术写作；样例：库内未命中该层次开设样例,库内未命中,区域重点/特色优势：核心课保持完整，通常叠加地方产业、行业场景、实验项目和专业方向模块；样例：库内未命中该层次开设样例,广东交通职业技术学院、广东松山职业技术学院、江西泰豪动漫职业学院,普通应用/职业供给：更强调岗位技能、项目实训、证书衔接、综合实践，课程呈现更实训化、工具化；样例：广东交通职业技术学院、广东松山职业技术学院、江西泰豪动漫职业学院
510311,低空智联网技术,专科(高职),,三年,电子与信息大类,通信类,专业导论、岗位基础技能、专业核心技术、设备/软件操作、项目实训、职业规范、综合实训、顶岗实习,category_template,未匹配rysxai课程文本,库内未命中,头部/强研究型：核心课不一定换名称，但会加深数学/理论和研究训练，重点看理论深度、科研训练、交叉前沿、学术写作；样例：库内未命中该层次开设样例,库内未命中,区域重点/特色优势：核心课保持完整，通常叠加地方产业、行业场景、实验项目和专业方向模块；样例：库内未命中该层次开设样例,长沙南方职业学院,普通应用/职业供给：更强调岗位技能、项目实训、证书衔接、综合实践，课程呈现更实训化、工具化；样例：长沙南方职业学院
510312,量子通信技术应用,专科(高职),,三年,电子与信息大类,通信类,专业导论、岗位基础技能、专业核心技术、设备/软件操作、项目实训、职业规范、综合实训、顶岗实习,category_template,未匹配rysxai课程文本,库内未命中,头部/强研究型：核心课不一定换名称，但会加深数学/理论和研究训练，重点看理论深度、科研训练、交叉前沿、学术写作；样例：库内未命中该层次开设样例,库内未命中,区域重点/特色优势：核心课保持完整，通常叠加地方产业、行业场景、实验项目和专业方向模块；样例：库内未命中该层次开设样例,库内未命中,普通应用/职业供给：更强调岗位技能、项目实训、证书衔接、综合实践，课程呈现更实训化、工具化；样例：库内未命中该层次开设样例
510401,集成电路技术,专科(高职),,三年,电子与信息大类,集成电路类,专业导论、岗位基础技能、专业核心技术、设备/软件操作、项目实训、职业规范、综合实训、顶岗实习,category_template,rysxai课程文本未抽出课程名,库内未命中,头部/强研究型：核心课不一定换名称，但会加深数学/理论和研究训练，重点看理论深度、科研训练、交叉前沿、学术写作；样例：库内未命中该层次开设样例,深圳职业技术大学、深圳信息职业技术大学、广州职业技术大学、上海电子信息职业技术学院、南京信息职业技术学院,区域重点/特色优势：核心课保持完整，通常叠加地方产业、行业场景、实验项目和专业方向模块；样例：深圳职业技术大学、深圳信息职业技术大学、广州职业技术大学、上海电子信息职业技术学院、南京信息职业技术学院,武汉职业技术大学、苏州职业技术大学、湖南汽车工程职业大学、重庆电子科技职业大学、无锡职业技术大学,普通应用/职业供给：更强调岗位技能、项目实训、证书衔接、综合实践，课程呈现更实训化、工具化；样例：武汉职业技术大学、苏州职业技术大学、湖南汽车工程职业大学、重庆电子科技职业大学、无锡职业技术大学
510402,微电子技术,专科(高职),,三年,电子与信息大类,集成电路类,专业导论、岗位基础技能、专业核心技术、设备/软件操作、项目实训、职业规范、综合实训、顶岗实习,category_template,rysxai课程文本未抽出课程名,库内未命中,头部/强研究型：核心课不一定换名称，但会加深数学/理论和研究训练，重点看理论深度、科研训练、交叉前沿、学术写作；样例：库内未命中该层次开设样例,上海电子信息职业技术学院、北京信息职业技术学院、武汉城市职业学院、江苏信息职业技术学院,区域重点/特色优势：核心课保持完整，通常叠加地方产业、行业场景、实验项目和专业方向模块；样例：上海电子信息职业技术学院、北京信息职业技术学院、武汉城市职业学院、江苏信息职业技术学院,重庆电子科技职业大学、无锡职业技术大学、西安信息职业大学、丽水职业技术学院、山东电子职业技术学院,普通应用/职业供给：更强调岗位技能、项目实训、证书衔接、综合实践，课程呈现更实训化、工具化；样例：重庆电子科技职业大学、无锡职业技术大学、西安信息职业大学、丽水职业技术学院、山东电子职业技术学院
330101,财税大数据应用,本科(职业),"经济学学士,管理学学士",四年,财经商贸大类,财政税务类,程序设计、数据结构、数据库系统、概率论与数理统计、机器学习、数据挖掘、大数据平台技术、数据可视化,category_template,rysxai课程文本未抽出课程名,库内未命中,头部/强研究型：核心课不一定换名称，但会加深数学/理论和研究训练，重点看理论深度、科研训练、交叉前沿、学术写作；样例：库内未命中该层次开设样例,深圳信息职业技术大学、内蒙古机电职业技术学院、北京经济管理职业学院、南京铁道职业技术学院、四川财经职业学院,区域重点/特色优势：核心课保持完整，通常叠加地方产业、行业场景、实验项目和专业方向模块；样例：深圳信息职业技术大学、内蒙古机电职业技术学院、北京经济管理职业学院、南京铁道职业技术学院、四川财经职业学院,广西农业职业技术大学、黄河水利职业技术大学、安阳学院、新疆农业职业技术大学、西南财经大学天府学院,普通应用/职业供给：更强调岗位技能、项目实训、证书衔接、综合实践，课程呈现更实训化、工具化；样例：广西农业职业技术大学、黄河水利职业技术大学、安阳学院、新疆农业职业技术大学、西南财经大学天府学院
330102,政府采购管理,本科(职业),管理学学士,四年,财经商贸大类,财政税务类,专业导论、专业核心理论、专业方法与工具、实验/实践课程、方向模块课程、课程设计、毕业论文/设计,category_template,rysxai课程文本未抽出课程名,库内未命中,头部/强研究型：核心课不一定换名称，但会加深数学/理论和研究训练，重点看理论深度、科研训练、交叉前沿、学术写作；样例：库内未命中该层次开设样例,四川财经职业学院、山西省财政税务专科学校,区域重点/特色优势：核心课保持完整，通常叠加地方产业、行业场景、实验项目和专业方向模块；样例：四川财经职业学院、山西省财政税务专科学校,东莞职业技术学院、云南财经职业学院、贵州财经职业学院、陕西财经职业技术学院、钟山职业技术学院,普通应用/职业供给：更强调岗位技能、项目实训、证书衔接、综合实践，课程呈现更实训化、工具化；样例：东莞职业技术学院、云南财经职业学院、贵州财经职业学院、陕西财经职业技术学院、钟山职业技术学院
330103,资产评估与管理,本科(职业),管理学学士,四年,财经商贸大类,财政税务类,专业导论、专业核心理论、专业方法与工具、实验/实践课程、方向模块课程、课程设计、毕业论文/设计,category_template,rysxai课程文本未抽出课程名,库内未命中,头部/强研究型：核心课不一定换名称，但会加深数学/理论和研究训练，重点看理论深度、科研训练、交叉前沿、学术写作；样例：库内未命中该层次开设样例,安徽商贸职业技术学院、山西省财政税务专科学校、江西环境工程职业学院、河南经贸职业学院、黑龙江职业学院,区域重点/特色优势：核心课保持完整，通常叠加地方产业、行业场景、实验项目和专业方向模块；样例：安徽商贸职业技术学院、山西省财政税务专科学校、江西环境工程职业学院、河南经贸职业学院、黑龙江职业学院,吉林工商学院、西南财经大学天府学院、内蒙古建筑职业技术大学、云南财经职业学院、佛山职业技术学院,普通应用/职业供给：更强调岗位技能、项目实训、证书衔接、综合实践，课程呈现更实训化、工具化；样例：吉林工商学院、西南财经大学天府学院、内蒙古建筑职业技术大学、云南财经职业学院、佛山职业技术学院
330201,金融管理,本科(职业),"经济学学士,管理学学士",四年,财经商贸大类,金融类,专业导论、专业核心理论、专业方法与工具、实验/实践课程、方向模块课程、课程设计、毕业论文/设计,category_template,未匹配rysxai课程文本,库内未命中,头部/强研究型：核心课不一定换名称，但会加深数学/理论和研究训练，重点看理论深度、科研训练、交叉前沿、学术写作；样例：库内未命中该层次开设样例,库内未命中,区域重点/特色优势：核心课保持完整，通常叠加地方产业、行业场景、实验项目和专业方向模块；样例：库内未命中该层次开设样例,山东外国语职业技术大学、山东外事职业大学、海南科技职业大学、广东工商职业技术大学,普通应用/职业供给：更强调岗位技能、项目实训、证书衔接、综合实践，课程呈现更实训化、工具化；样例：山东外国语职业技术大学、山东外事职业大学、海南科技职业大学、广东工商职业技术大学
330202,金融科技应用,本科(职业),经济学学士,四年,财经商贸大类,金融类,专业导论、专业核心理论、专业方法与工具、实验/实践课程、方向模块课程、课程设计、毕业论文/设计,category_template,rysxai课程文本未抽出课程名,库内未命中,头部/强研究型：核心课不一定换名称，但会加深数学/理论和研究训练，重点看理论深度、科研训练、交叉前沿、学术写作；样例：库内未命中该层次开设样例,深圳职业技术大学、广州职业技术大学、海口经济学院、江西软件职业技术大学、北京信息职业技术学院,区域重点/特色优势：核心课保持完整，通常叠加地方产业、行业场景、实验项目和专业方向模块；样例：深圳职业技术大学、广州职业技术大学、海口经济学院、江西软件职业技术大学、北京信息职业技术学院,济宁学院、山东青年政治学院、苏州职业技术大学、广西农业职业技术大学、南宁职业技术大学,普通应用/职业供给：更强调岗位技能、项目实训、证书衔接、综合实践，课程呈现更实训化、工具化；样例：济宁学院、山东青年政治学院、苏州职业技术大学、广西农业职业技术大学、南宁职业技术大学
330203,保险,本科(职业),经济学学士,四年,财经商贸大类,金融类,专业导论、专业核心理论、专业方法与工具、实验/实践课程、方向模块课程、课程设计、毕业论文/设计,category_template,未匹配rysxai课程文本,库内未命中,头部/强研究型：核心课不一定换名称，但会加深数学/理论和研究训练，重点看理论深度、科研训练、交叉前沿、学术写作；样例：库内未命中该层次开设样例,库内未命中,区域重点/特色优势：核心课保持完整，通常叠加地方产业、行业场景、实验项目和专业方向模块；样例：库内未命中该层次开设样例,库内未命中,普通应用/职业供给：更强调岗位技能、项目实训、证书衔接、综合实践，课程呈现更实训化、工具化；样例：库内未命中该层次开设样例
330204,信用管理,本科(职业),"经济学学士,管理学学士",四年,财经商贸大类,金融类,信用管理概论、金融学、资信评级、征信技术基础、金融机构信用风险管理、信用信息与客户关系管理、金融计量学、资产组合管理、利息实务分析、证券分析,rysxai_major_course,,北京理工大学、中国人民大学、西南财经大学,头部/强研究型：核心课不一定换名称，但会加深数学/理论和研究训练，重点看理论深度、科研训练、交叉前沿、学术写作；样例：北京理工大学、中国人民大学、西南财经大学,上海师范大学、浙江财经大学、南京审计大学、天津财经大学、河南财经政法大学,区域重点/特色优势：核心课保持完整，通常叠加地方产业、行业场景、实验项目和专业方向模块；样例：上海师范大学、浙江财经大学、南京审计大学、天津财经大学、河南财经政法大学,哈尔滨金融学院、重庆财经学院、郑州经贸学院、重庆工商大学派斯学院、兰州工商学院,普通应用/职业供给：更强调岗位技能、项目实训、证书衔接、综合实践，课程呈现更实训化、工具化；样例：哈尔滨金融学院、重庆财经学院、郑州经贸学院、重庆工商大学派斯学院、兰州工商学院
330205,财富管理,本科(职业),管理学学士,,财经商贸大类,金融类,专业导论、专业核心理论、专业方法与工具、实验/实践课程、方向模块课程、课程设计、毕业论文/设计,category_template,rysxai课程文本未抽出课程名,库内未命中,头部/强研究型：核心课不一定换名称，但会加深数学/理论和研究训练，重点看理论深度、科研训练、交叉前沿、学术写作；样例：库内未命中该层次开设样例,深圳信息职业技术大学、广州职业技术大学、武汉工商学院、海口经济学院、北京经济管理职业学院,区域重点/特色优势：核心课保持完整，通常叠加地方产业、行业场景、实验项目和专业方向模块；样例：深圳信息职业技术大学、广州职业技术大学、武汉工商学院、海口经济学院、北京经济管理职业学院,南宁职业技术大学、黄河水利职业技术大学、河北科技工程职业技术大学、安阳学院、淄博职业技术大学,普通应用/职业供给：更强调岗位技能、项目实训、证书衔接、综合实践，课程呈现更实训化、工具化；样例：南宁职业技术大学、黄河水利职业技术大学、河北科技工程职业技术大学、安阳学院、淄博职业技术大学
330301,大数据与财务管理,本科(职业),管理学学士,四年,财经商贸大类,财务会计类,基础会计、财务管理、管理会计、税法、财务报表分析、预算管理、商务数据分析、Python基础、财务共享实训,category_template,rysxai课程文本未抽出课程名,库内未命中,头部/强研究型：核心课不一定换名称，但会加深数学/理论和研究训练，重点看理论深度、科研训练、交叉前沿、学术写作；样例：库内未命中该层次开设样例,桂林理工大学、广东轻工职业技术大学、齐齐哈尔大学、山东政法学院、吉林铁道职业技术大学,区域重点/特色优势：核心课保持完整，通常叠加地方产业、行业场景、实验项目和专业方向模块；样例：桂林理工大学、广东轻工职业技术大学、齐齐哈尔大学、山东政法学院、吉林铁道职业技术大学,吉林警察学院、商丘师范学院、山东青年政治学院、广西职业师范学院、梧州学院,普通应用/职业供给：更强调岗位技能、项目实训、证书衔接、综合实践，课程呈现更实训化、工具化；样例：吉林警察学院、商丘师范学院、山东青年政治学院、广西职业师范学院、梧州学院
330302,大数据与会计,本科(职业),管理学学士,四年,财经商贸大类,财务会计类,基础会计、财务会计、成本会计、管理会计、税法、财务管理、会计信息系统、商务数据分析、Python基础、财务共享实训,category_template,rysxai课程文本未抽出课程名,内蒙古大学,头部/强研究型：核心课不一定换名称，但会加深数学/理论和研究训练，重点看理论深度、科研训练、交叉前沿、学术写作；样例：内蒙古大学,深圳职业技术大学、深圳信息职业技术大学、内蒙古农业大学、河南财经政法大学、桂林理工大学,区域重点/特色优势：核心课保持完整，通常叠加地方产业、行业场景、实验项目和专业方向模块；样例：深圳职业技术大学、深圳信息职业技术大学、内蒙古农业大学、河南财经政法大学、桂林理工大学,黄淮学院、河南工程学院、山东青年政治学院、山东女子学院、山东管理学院,普通应用/职业供给：更强调岗位技能、项目实训、证书衔接、综合实践，课程呈现更实训化、工具化；样例：黄淮学院、河南工程学院、山东青年政治学院、山东女子学院、山东管理学院
330303,大数据与审计,本科(职业),管理学学士,四年,财经商贸大类,财务会计类,程序设计、数据结构、数据库系统、概率论与数理统计、机器学习、数据挖掘、大数据平台技术、数据可视化,category_template,rysxai课程文本未抽出课程名,库内未命中,头部/强研究型：核心课不一定换名称，但会加深数学/理论和研究训练，重点看理论深度、科研训练、交叉前沿、学术写作；样例：库内未命中该层次开设样例,广东轻工职业技术大学、广州职业技术大学、江西软件职业技术大学、云南机电职业技术学院、内蒙古化工职业学院,区域重点/特色优势：核心课保持完整，通常叠加地方产业、行业场景、实验项目和专业方向模块；样例：广东轻工职业技术大学、广州职业技术大学、江西软件职业技术大学、云南机电职业技术学院、内蒙古化工职业学院,广西职业师范学院、苏州职业技术大学、广西农业职业技术大学、电子科技大学成都学院、山东财经大学东方学院,普通应用/职业供给：更强调岗位技能、项目实训、证书衔接、综合实践，课程呈现更实训化、工具化；样例：广西职业师范学院、苏州职业技术大学、广西农业职业技术大学、电子科技大学成都学院、山东财经大学东方学院
330304,业财融合管理,本科(职业),管理学学士,,财经商贸大类,财务会计类,基础会计、财务会计、成本会计、管理会计、税法、财务管理、审计基础、会计信息系统,category_template,未匹配rysxai课程文本,库内未命中,头部/强研究型：核心课不一定换名称，但会加深数学/理论和研究训练，重点看理论深度、科研训练、交叉前沿、学术写作；样例：库内未命中该层次开设样例,库内未命中,区域重点/特色优势：核心课保持完整，通常叠加地方产业、行业场景、实验项目和专业方向模块；样例：库内未命中该层次开设样例,库内未命中,普通应用/职业供给：更强调岗位技能、项目实训、证书衔接、综合实践，课程呈现更实训化、工具化；样例：库内未命中该层次开设样例
330401,统计与大数据分析,本科(职业),经济学学士,四年,财经商贸大类,统计类,程序设计、数据结构、数据库系统、概率论与数理统计、机器学习、数据挖掘、大数据平台技术、数据可视化,category_template,rysxai课程文本未抽出课程名,库内未命中,头部/强研究型：核心课不一定换名称，但会加深数学/理论和研究训练，重点看理论深度、科研训练、交叉前沿、学术写作；样例：库内未命中该层次开设样例,河南经贸职业学院,区域重点/特色优势：核心课保持完整，通常叠加地方产业、行业场景、实验项目和专业方向模块；样例：河南经贸职业学院,普洱学院、北京科技职业大学、扬州职业技术大学、新疆和田学院、四川工商职业技术学院,普通应用/职业供给：更强调岗位技能、项目实训、证书衔接、综合实践，课程呈现更实训化、工具化；样例：普洱学院、北京科技职业大学、扬州职业技术大学、新疆和田学院、四川工商职业技术学院
330501,国际经济与贸易,本科(职业),经济学学士,四年,财经商贸大类,经济贸易类,西方经济学、马克思主义政治经济学、经济数学、统计学、计量经济学、中级微观经济学、中级宏观经济学、财政学、金融学、国际贸易学,rysxai_major_course,,北京大学、浙江大学、复旦大学、南京大学、武汉大学,头部/强研究型：核心课不一定换名称，但会加深数学/理论和研究训练，重点看理论深度、科研训练、交叉前沿、学术写作；样例：北京大学、浙江大学、复旦大学、南京大学、武汉大学,江西财经大学、浙江工商大学、山东师范大学、广州大学、上海理工大学,区域重点/特色优势：核心课保持完整，通常叠加地方产业、行业场景、实验项目和专业方向模块；样例：江西财经大学、浙江工商大学、山东师范大学、广州大学、上海理工大学,洛阳理工学院、周口师范学院、湘南学院、商丘师范学院、怀化学院,普通应用/职业供给：更强调岗位技能、项目实训、证书衔接、综合实践，课程呈现更实训化、工具化；样例：洛阳理工学院、周口师范学院、湘南学院、商丘师范学院、怀化学院
330502,国际商务,本科(职业),经济学学士,四年,财经商贸大类,经济贸易类,专业导论、专业核心理论、专业方法与工具、实验/实践课程、方向模块课程、课程设计、毕业论文/设计,category_template,rysxai课程文本未抽出课程名,华中科技大学、南开大学、中央财经大学、中国政法大学、中南财经政法大学,头部/强研究型：核心课不一定换名称，但会加深数学/理论和研究训练，重点看理论深度、科研训练、交叉前沿、学术写作；样例：华中科技大学、南开大学、中央财经大学、中国政法大学、中南财经政法大学,江西财经大学、浙江工商大学、西交利物浦大学、杭州师范大学、浙江中医药大学,区域重点/特色优势：核心课保持完整，通常叠加地方产业、行业场景、实验项目和专业方向模块；样例：江西财经大学、浙江工商大学、西交利物浦大学、杭州师范大学、浙江中医药大学,浙江水利水电学院、广州航海学院、南阳理工学院、武汉商学院、山东青年政治学院,普通应用/职业供给：更强调岗位技能、项目实训、证书衔接、综合实践，课程呈现更实训化、工具化；样例：浙江水利水电学院、广州航海学院、南阳理工学院、武汉商学院、山东青年政治学院
330601,企业数字化管理,本科(职业),管理学学士,四年,财经商贸大类,工商管理类,管理学、经济学、会计学、财务管理、市场营销、组织行为学、运营管理、战略管理,category_template,未匹配rysxai课程文本,库内未命中,头部/强研究型：核心课不一定换名称，但会加深数学/理论和研究训练，重点看理论深度、科研训练、交叉前沿、学术写作；样例：库内未命中该层次开设样例,内蒙古农业大学,区域重点/特色优势：核心课保持完整，通常叠加地方产业、行业场景、实验项目和专业方向模块；样例：内蒙古农业大学,南京工业职业技术大学、广西农业职业技术大学、浙江药科职业大学、山东外国语职业技术大学、山西工程科技职业大学,普通应用/职业供给：更强调岗位技能、项目实训、证书衔接、综合实践，课程呈现更实训化、工具化；样例：南京工业职业技术大学、广西农业职业技术大学、浙江药科职业大学、山东外国语职业技术大学、山西工程科技职业大学
330602,市场营销,本科(职业),管理学学士,四年,财经商贸大类,工商管理类,管理学/管理学原理、会计学、财务管理与分析、经济法/经济法教程、市场营销导论/市场营销、消费者行为学、商品学概论、贸易经济学/流通概论、企业战略管理、商业伦理学,rysxai_major_course,,北京大学、复旦大学、南京大学、武汉大学、华中科技大学,头部/强研究型：核心课不一定换名称，但会加深数学/理论和研究训练，重点看理论深度、科研训练、交叉前沿、学术写作；样例：北京大学、复旦大学、南京大学、武汉大学、华中科技大学,江西财经大学、浙江工商大学、西交利物浦大学、广州大学、昆明理工大学,区域重点/特色优势：核心课保持完整，通常叠加地方产业、行业场景、实验项目和专业方向模块；样例：江西财经大学、浙江工商大学、西交利物浦大学、广州大学、昆明理工大学,洛阳理工学院、许昌学院、黄淮学院、河南工程学院、南阳理工学院,普通应用/职业供给：更强调岗位技能、项目实训、证书衔接、综合实践，课程呈现更实训化、工具化；样例：洛阳理工学院、许昌学院、黄淮学院、河南工程学院、南阳理工学院
330603,品牌策划与运营,本科(职业),管理学学士,四年,财经商贸大类,工商管理类,管理学、经济学、会计学、财务管理、市场营销、组织行为学、运营管理、战略管理,category_template,未匹配rysxai课程文本,库内未命中,头部/强研究型：核心课不一定换名称，但会加深数学/理论和研究训练，重点看理论深度、科研训练、交叉前沿、学术写作；样例：库内未命中该层次开设样例,库内未命中,区域重点/特色优势：核心课保持完整，通常叠加地方产业、行业场景、实验项目和专业方向模块；样例：库内未命中该层次开设样例,库内未命中,普通应用/职业供给：更强调岗位技能、项目实训、证书衔接、综合实践，课程呈现更实训化、工具化；样例：库内未命中该层次开设样例
330701,电子商务,本科(职业),"管理学学士,工学学士,经济学学士",四年,财经商贸大类,电子商务类,管理学、经济学、西方经济学、政治经济学、会计学原理、统计学、电子商务概论、电子商务导论、计算机原理与应用基础、数据库技术与应用,rysxai_major_course,,南京大学、武汉大学、西安交通大学、哈尔滨工业大学、天津大学,头部/强研究型：核心课不一定换名称，但会加深数学/理论和研究训练，重点看理论深度、科研训练、交叉前沿、学术写作；样例：南京大学、武汉大学、西安交通大学、哈尔滨工业大学、天津大学,江西财经大学、浙江工商大学、山东师范大学、广州大学、燕山大学,区域重点/特色优势：核心课保持完整，通常叠加地方产业、行业场景、实验项目和专业方向模块；样例：江西财经大学、浙江工商大学、山东师范大学、广州大学、燕山大学,洛阳理工学院、许昌学院、商丘师范学院、重庆第二师范学院、黄淮学院,普通应用/职业供给：更强调岗位技能、项目实训、证书衔接、综合实践，课程呈现更实训化、工具化；样例：洛阳理工学院、许昌学院、商丘师范学院、重庆第二师范学院、黄淮学院
330702,跨境电子商务,本科(职业),"管理学学士,工学学士,经济学学士",四年,财经商贸大类,电子商务类,电子商务基础、国际贸易理论、管理学原理、经济学基础、市场营销学、跨境电子商务运营、跨境网络营销、跨境支付与结算、国际物流与供应链管理、跨境电商平台实务,rysxai_major_course,,华南师范大学、中国传媒大学、内蒙古大学、西北政法大学,头部/强研究型：核心课不一定换名称，但会加深数学/理论和研究训练，重点看理论深度、科研训练、交叉前沿、学术写作；样例：华南师范大学、中国传媒大学、内蒙古大学、西北政法大学,西安理工大学、山东财经大学、深圳职业技术大学、哈尔滨理工大学、嘉兴大学,区域重点/特色优势：核心课保持完整，通常叠加地方产业、行业场景、实验项目和专业方向模块；样例：西安理工大学、山东财经大学、深圳职业技术大学、哈尔滨理工大学、嘉兴大学,怀化学院、南昌师范学院、广州航海学院、齐鲁师范学院、太原工业学院,普通应用/职业供给：更强调岗位技能、项目实训、证书衔接、综合实践，课程呈现更实训化、工具化；样例：怀化学院、南昌师范学院、广州航海学院、齐鲁师范学院、太原工业学院
330703,全媒体电商运营,本科(职业),"管理学学士,经济学学士",四年,财经商贸大类,电子商务类,电子商务概论、网络营销、电子商务运营、数据库基础、网页设计、商务数据分析、供应链管理、跨境电商,category_template,未匹配rysxai课程文本,库内未命中,头部/强研究型：核心课不一定换名称，但会加深数学/理论和研究训练，重点看理论深度、科研训练、交叉前沿、学术写作；样例：库内未命中该层次开设样例,库内未命中,区域重点/特色优势：核心课保持完整，通常叠加地方产业、行业场景、实验项目和专业方向模块；样例：库内未命中该层次开设样例,山东青年政治学院、滇西应用技术大学、湖南汽车工程职业大学、河北科技工程职业技术大学、四川工商学院,普通应用/职业供给：更强调岗位技能、项目实训、证书衔接、综合实践，课程呈现更实训化、工具化；样例：山东青年政治学院、滇西应用技术大学、湖南汽车工程职业大学、河北科技工程职业技术大学、四川工商学院
330704,商务数据分析与管理,本科(职业),管理学学士,四年,财经商贸大类,电子商务类,电子商务概论、网络营销、电子商务运营、数据库基础、网页设计、商务数据分析、供应链管理、跨境电商,category_template,未匹配rysxai课程文本,库内未命中,头部/强研究型：核心课不一定换名称，但会加深数学/理论和研究训练，重点看理论深度、科研训练、交叉前沿、学术写作；样例：库内未命中该层次开设样例,库内未命中,区域重点/特色优势：核心课保持完整，通常叠加地方产业、行业场景、实验项目和专业方向模块；样例：库内未命中该层次开设样例,库内未命中,普通应用/职业供给：更强调岗位技能、项目实训、证书衔接、综合实践，课程呈现更实训化、工具化；样例：库内未命中该层次开设样例
330801,物流工程技术,本科(职业),工学学士,四年,财经商贸大类,物流类,专业导论、专业核心理论、专业方法与工具、实验/实践课程、方向模块课程、课程设计、毕业论文/设计,category_template,rysxai课程文本未抽出课程名,库内未命中,头部/强研究型：核心课不一定换名称，但会加深数学/理论和研究训练，重点看理论深度、科研训练、交叉前沿、学术写作；样例：库内未命中该层次开设样例,云南交通职业技术学院、云南机电职业技术学院、广西职业技术学院、河北交通职业技术学院、潍坊职业学院,区域重点/特色优势：核心课保持完整，通常叠加地方产业、行业场景、实验项目和专业方向模块；样例：云南交通职业技术学院、云南机电职业技术学院、广西职业技术学院、河北交通职业技术学院、潍坊职业学院,重庆电子科技职业大学、长春汽车职业技术大学、山东外国语职业技术大学、山西工程科技职业大学、景德镇艺术职业大学,普通应用/职业供给：更强调岗位技能、项目实训、证书衔接、综合实践，课程呈现更实训化、工具化；样例：重庆电子科技职业大学、长春汽车职业技术大学、山东外国语职业技术大学、山西工程科技职业大学、景德镇艺术职业大学
330802,现代物流管理,本科(职业),管理学学士,四年,财经商贸大类,物流类,专业导论、专业核心理论、专业方法与工具、实验/实践课程、方向模块课程、课程设计、毕业论文/设计,category_template,rysxai课程文本未抽出课程名,库内未命中,头部/强研究型：核心课不一定换名称，但会加深数学/理论和研究训练，重点看理论深度、科研训练、交叉前沿、学术写作；样例：库内未命中该层次开设样例,深圳职业技术大学、深圳信息职业技术大学、内蒙古农业大学、桂林理工大学、临沂大学,区域重点/特色优势：核心课保持完整，通常叠加地方产业、行业场景、实验项目和专业方向模块；样例：深圳职业技术大学、深圳信息职业技术大学、内蒙古农业大学、桂林理工大学、临沂大学,山东农业工程学院、广西职业师范学院、河南牧业经济学院、河南财政金融学院、德宏师范学院,普通应用/职业供给：更强调岗位技能、项目实训、证书衔接、综合实践，课程呈现更实训化、工具化；样例：山东农业工程学院、广西职业师范学院、河南牧业经济学院、河南财政金融学院、德宏师范学院
330803,供应链管理,本科(职业),管理学学士,四年,财经商贸大类,物流类,管理学原理、微观经济学、运筹学、物流学基础、供应链战略管理、供应链计划与控制、供应链采购管理、供应链物流管理、供应链建模与仿真实验、供应链案例分析实训,rysxai_major_course,,华中科技大学、天津大学、山东大学、山东大学威海分校、中央财经大学,头部/强研究型：核心课不一定换名称，但会加深数学/理论和研究训练，重点看理论深度、科研训练、交叉前沿、学术写作；样例：华中科技大学、天津大学、山东大学、山东大学威海分校、中央财经大学,西交利物浦大学、青岛大学、首都经济贸易大学、北京工商大学、广东外语外贸大学,区域重点/特色优势：核心课保持完整，通常叠加地方产业、行业场景、实验项目和专业方向模块；样例：西交利物浦大学、青岛大学、首都经济贸易大学、北京工商大学、广东外语外贸大学,湘南学院、重庆第二师范学院、保定学院、信阳农林学院、广西职业师范学院,普通应用/职业供给：更强调岗位技能、项目实训、证书衔接、综合实践，课程呈现更实训化、工具化；样例：湘南学院、重庆第二师范学院、保定学院、信阳农林学院、广西职业师范学院
310101,电子信息工程技术,本科(职业),工学学士,四年,电子与信息大类,电子信息类,电路分析、模拟电子技术、数字电子技术、信号与系统、通信原理、电磁场与电磁波、嵌入式系统、数字信号处理,category_template,rysxai课程文本未抽出课程名,库内未命中,头部/强研究型：核心课不一定换名称，但会加深数学/理论和研究训练，重点看理论深度、科研训练、交叉前沿、学术写作；样例：库内未命中该层次开设样例,深圳职业技术大学、桂林理工大学、顺德职业技术大学、昌吉学院、郑州师范学院,区域重点/特色优势：核心课保持完整，通常叠加地方产业、行业场景、实验项目和专业方向模块；样例：深圳职业技术大学、桂林理工大学、顺德职业技术大学、昌吉学院、郑州师范学院,浙江水利水电学院、济宁学院、山东青年政治学院、菏泽学院、北京科技职业大学,普通应用/职业供给：更强调岗位技能、项目实训、证书衔接、综合实践，课程呈现更实训化、工具化；样例：浙江水利水电学院、济宁学院、山东青年政治学院、菏泽学院、北京科技职业大学
310102,物联网工程技术,本科(职业),工学学士,四年,电子与信息大类,电子信息类,电路分析、模拟电子技术、数字电子技术、信号与系统、通信原理、电磁场与电磁波、嵌入式系统、数字信号处理,category_template,未匹配rysxai课程文本,库内未命中,头部/强研究型：核心课不一定换名称，但会加深数学/理论和研究训练，重点看理论深度、科研训练、交叉前沿、学术写作；样例：库内未命中该层次开设样例,江西软件职业技术大学,区域重点/特色优势：核心课保持完整，通常叠加地方产业、行业场景、实验项目和专业方向模块；样例：江西软件职业技术大学,南京工业职业技术大学、唐山工业职业技术大学、重庆电子科技职业大学、无锡职业技术大学、河北工业职业技术大学,普通应用/职业供给：更强调岗位技能、项目实训、证书衔接、综合实践，课程呈现更实训化、工具化；样例：南京工业职业技术大学、唐山工业职业技术大学、重庆电子科技职业大学、无锡职业技术大学、河北工业职业技术大学
310103,柔性电子技术,本科(职业),工学学士,四年,电子与信息大类,电子信息类,电路分析、模拟电子技术、数字电子技术、信号与系统、通信原理、电磁场与电磁波、嵌入式系统、数字信号处理,category_template,未匹配rysxai课程文本,库内未命中,头部/强研究型：核心课不一定换名称，但会加深数学/理论和研究训练，重点看理论深度、科研训练、交叉前沿、学术写作；样例：库内未命中该层次开设样例,库内未命中,区域重点/特色优势：核心课保持完整，通常叠加地方产业、行业场景、实验项目和专业方向模块；样例：库内未命中该层次开设样例,库内未命中,普通应用/职业供给：更强调岗位技能、项目实训、证书衔接、综合实践，课程呈现更实训化、工具化；样例：库内未命中该层次开设样例
310104,光电信息工程技术,本科(职业),工学学士,四年,电子与信息大类,电子信息类,电路分析、模拟电子技术、数字电子技术、信号与系统、通信原理、电磁场与电磁波、嵌入式系统、数字信号处理,category_template,未匹配rysxai课程文本,库内未命中,头部/强研究型：核心课不一定换名称，但会加深数学/理论和研究训练，重点看理论深度、科研训练、交叉前沿、学术写作；样例：库内未命中该层次开设样例,库内未命中,区域重点/特色优势：核心课保持完整，通常叠加地方产业、行业场景、实验项目和专业方向模块；样例：库内未命中该层次开设样例,南京工业职业技术大学、武汉职业技术大学、重庆电子科技职业大学、长春汽车职业技术大学、西安信息职业大学,普通应用/职业供给：更强调岗位技能、项目实训、证书衔接、综合实践，课程呈现更实训化、工具化；样例：南京工业职业技术大学、武汉职业技术大学、重庆电子科技职业大学、长春汽车职业技术大学、西安信息职业大学
310105,智能体工程技术,本科(职业),工学学士,四年,电子与信息大类,电子信息类,电路分析、模拟电子技术、数字电子技术、信号与系统、通信原理、电磁场与电磁波、嵌入式系统、数字信号处理,category_template,未匹配rysxai课程文本,库内未命中,头部/强研究型：核心课不一定换名称，但会加深数学/理论和研究训练，重点看理论深度、科研训练、交叉前沿、学术写作；样例：库内未命中该层次开设样例,库内未命中,区域重点/特色优势：核心课保持完整，通常叠加地方产业、行业场景、实验项目和专业方向模块；样例：库内未命中该层次开设样例,库内未命中,普通应用/职业供给：更强调岗位技能、项目实训、证书衔接、综合实践，课程呈现更实训化、工具化；样例：库内未命中该层次开设样例
310201,计算机应用工程,本科(职业),工学学士,四年,电子与信息大类,计算机类,程序设计、离散数学、数据结构、计算机组成原理、操作系统、计算机网络、数据库系统、软件工程、算法设计与分析,category_template,未匹配rysxai课程文本,库内未命中,头部/强研究型：核心课不一定换名称，但会加深数学/理论和研究训练，重点看理论深度、科研训练、交叉前沿、学术写作；样例：库内未命中该层次开设样例,深圳职业技术大学、内蒙古农业大学,区域重点/特色优势：核心课保持完整，通常叠加地方产业、行业场景、实验项目和专业方向模块；样例：深圳职业技术大学、内蒙古农业大学,广西农业职业技术大学、青海职业技术大学、武威职业技术大学、漯河食品工程职业大学、山西工程科技职业大学,普通应用/职业供给：更强调岗位技能、项目实训、证书衔接、综合实践，课程呈现更实训化、工具化；样例：广西农业职业技术大学、青海职业技术大学、武威职业技术大学、漯河食品工程职业大学、山西工程科技职业大学
310202,网络工程技术,本科(职业),工学学士,四年,电子与信息大类,计算机类,程序设计、离散数学、数据结构、计算机组成原理、操作系统、计算机网络、数据库系统、软件工程、算法设计与分析,category_template,未匹配rysxai课程文本,库内未命中,头部/强研究型：核心课不一定换名称，但会加深数学/理论和研究训练，重点看理论深度、科研训练、交叉前沿、学术写作；样例：库内未命中该层次开设样例,内蒙古农业大学、江西软件职业技术大学,区域重点/特色优势：核心课保持完整，通常叠加地方产业、行业场景、实验项目和专业方向模块；样例：内蒙古农业大学、江西软件职业技术大学,南京工业职业技术大学、广西农业职业技术大学、唐山工业职业技术大学、河北工业职业技术大学、贵州交通职业大学,普通应用/职业供给：更强调岗位技能、项目实训、证书衔接、综合实践，课程呈现更实训化、工具化；样例：南京工业职业技术大学、广西农业职业技术大学、唐山工业职业技术大学、河北工业职业技术大学、贵州交通职业大学
310203,软件工程技术,本科(职业),工学学士,四年,电子与信息大类,计算机类,程序设计、离散数学、数据结构、操作系统、数据库系统、软件工程、软件测试、项目管理,category_template,未匹配rysxai课程文本,库内未命中,头部/强研究型：核心课不一定换名称，但会加深数学/理论和研究训练，重点看理论深度、科研训练、交叉前沿、学术写作；样例：库内未命中该层次开设样例,深圳职业技术大学、深圳信息职业技术大学、广东轻工职业技术大学、广州职业技术大学、武汉生物工程学院,区域重点/特色优势：核心课保持完整，通常叠加地方产业、行业场景、实验项目和专业方向模块；样例：深圳职业技术大学、深圳信息职业技术大学、广东轻工职业技术大学、广州职业技术大学、武汉生物工程学院,南京工业职业技术大学、南宁职业技术大学、无锡职业技术大学、河北工业职业技术大学、河北石油职业技术大学,普通应用/职业供给：更强调岗位技能、项目实训、证书衔接、综合实践，课程呈现更实训化、工具化；样例：南京工业职业技术大学、南宁职业技术大学、无锡职业技术大学、河北工业职业技术大学、河北石油职业技术大学
310204,数字媒体技术,本科(职业),工学学士,四年,电子与信息大类,计算机类,程序设计基础、C语言程序设计、数据结构与算法、操作系统、软件工程、计算机网络协议基础、JAVA技术实验、美学基础、素描实习、色彩实习,rysxai_major_course,,北京理工大学、中国人民大学、山东大学、大连理工大学、湖南大学,头部/强研究型：核心课不一定换名称，但会加深数学/理论和研究训练，重点看理论深度、科研训练、交叉前沿、学术写作；样例：北京理工大学、中国人民大学、山东大学、大连理工大学、湖南大学,西交利物浦大学、北京电影学院、西安理工大学、北京语言大学、华侨大学,区域重点/特色优势：核心课保持完整，通常叠加地方产业、行业场景、实验项目和专业方向模块；样例：西交利物浦大学、北京电影学院、西安理工大学、北京语言大学、华侨大学,浙江水利水电学院、许昌学院、河南工程学院、南阳理工学院、渭南师范学院,普通应用/职业供给：更强调岗位技能、项目实训、证书衔接、综合实践，课程呈现更实训化、工具化；样例：浙江水利水电学院、许昌学院、河南工程学院、南阳理工学院、渭南师范学院
310205,大数据工程技术,本科(职业),工学学士,四年,电子与信息大类,计算机类,程序设计、数据结构、数据库系统、概率论与数理统计、机器学习、数据挖掘、大数据平台技术、数据可视化,category_template,未匹配rysxai课程文本,库内未命中,头部/强研究型：核心课不一定换名称，但会加深数学/理论和研究训练，重点看理论深度、科研训练、交叉前沿、学术写作；样例：库内未命中该层次开设样例,深圳职业技术大学、江西软件职业技术大学,区域重点/特色优势：核心课保持完整，通常叠加地方产业、行业场景、实验项目和专业方向模块；样例：深圳职业技术大学、江西软件职业技术大学,山东青年政治学院、重庆电子科技职业大学、河北工业职业技术大学、河北石油职业技术大学、河北科技工程职业技术大学,普通应用/职业供给：更强调岗位技能、项目实训、证书衔接、综合实践，课程呈现更实训化、工具化；样例：山东青年政治学院、重庆电子科技职业大学、河北工业职业技术大学、河北石油职业技术大学、河北科技工程职业技术大学
310206,云计算技术,本科(职业),工学学士,四年,电子与信息大类,计算机类,程序设计、离散数学、数据结构、计算机组成原理、操作系统、计算机网络、数据库系统、软件工程、算法设计与分析,category_template,未匹配rysxai课程文本,库内未命中,头部/强研究型：核心课不一定换名称，但会加深数学/理论和研究训练，重点看理论深度、科研训练、交叉前沿、学术写作；样例：库内未命中该层次开设样例,江西软件职业技术大学,区域重点/特色优势：核心课保持完整，通常叠加地方产业、行业场景、实验项目和专业方向模块；样例：江西软件职业技术大学,新疆天山职业技术大学、湖南软件职业技术大学、山东工程职业技术大学、西安信息职业大学,普通应用/职业供给：更强调岗位技能、项目实训、证书衔接、综合实践，课程呈现更实训化、工具化；样例：新疆天山职业技术大学、湖南软件职业技术大学、山东工程职业技术大学、西安信息职业大学
310207,信息安全与管理,本科(职业),"工学学士,管理学学士",四年,电子与信息大类,计算机类,程序设计、数据结构、计算机网络、操作系统、密码学、网络安全、系统安全、安全攻防实践,category_template,未匹配rysxai课程文本,库内未命中,头部/强研究型：核心课不一定换名称，但会加深数学/理论和研究训练，重点看理论深度、科研训练、交叉前沿、学术写作；样例：库内未命中该层次开设样例,深圳职业技术大学、江西软件职业技术大学,区域重点/特色优势：核心课保持完整，通常叠加地方产业、行业场景、实验项目和专业方向模块；样例：深圳职业技术大学、江西软件职业技术大学,武汉职业技术大学、湖南汽车工程职业大学、重庆电子科技职业大学、河北石油职业技术大学、河北科技工程职业技术大学,普通应用/职业供给：更强调岗位技能、项目实训、证书衔接、综合实践，课程呈现更实训化、工具化；样例：武汉职业技术大学、湖南汽车工程职业大学、重庆电子科技职业大学、河北石油职业技术大学、河北科技工程职业技术大学
310208,虚拟现实技术,本科(职业),工学学士,四年,电子与信息大类,计算机类,大学英语、高等数学、计算机应用基础、虚拟现实导论、计算机图形学、数字图像处理、三维建模与动画制作、虚拟场景构建、交互设计与实现、虚拟现实引擎开发,rysxai_major_course,,北京航空航天大学、南京信息工程大学,头部/强研究型：核心课不一定换名称，但会加深数学/理论和研究训练，重点看理论深度、科研训练、交叉前沿、学术写作；样例：北京航空航天大学、南京信息工程大学,江西财经大学、华东交通大学、江西理工大学、浙江传媒学院、沈阳理工大学,区域重点/特色优势：核心课保持完整，通常叠加地方产业、行业场景、实验项目和专业方向模块；样例：江西财经大学、华东交通大学、江西理工大学、浙江传媒学院、沈阳理工大学,南阳理工学院、济宁学院、山东管理学院、河南工学院、郑州工程技术学院,普通应用/职业供给：更强调岗位技能、项目实训、证书衔接、综合实践，课程呈现更实训化、工具化；样例：南阳理工学院、济宁学院、山东管理学院、河南工学院、郑州工程技术学院
310209,人工智能工程技术,本科(职业),工学学士,四年,电子与信息大类,计算机类,程序设计、离散数学、数据结构、机器学习、深度学习、计算机视觉、自然语言处理、智能系统实践,category_template,未匹配rysxai课程文本,库内未命中,头部/强研究型：核心课不一定换名称，但会加深数学/理论和研究训练，重点看理论深度、科研训练、交叉前沿、学术写作；样例：库内未命中该层次开设样例,深圳职业技术大学、江西软件职业技术大学,区域重点/特色优势：核心课保持完整，通常叠加地方产业、行业场景、实验项目和专业方向模块；样例：深圳职业技术大学、江西软件职业技术大学,山东青年政治学院、南京工业职业技术大学、浙江机电职业技术大学、柳州职业技术大学、金华职业技术大学,普通应用/职业供给：更强调岗位技能、项目实训、证书衔接、综合实践，课程呈现更实训化、工具化；样例：山东青年政治学院、南京工业职业技术大学、浙江机电职业技术大学、柳州职业技术大学、金华职业技术大学
310210,嵌入式技术,本科(职业),工学学士,四年,电子与信息大类,计算机类,程序设计、离散数学、数据结构、计算机组成原理、操作系统、计算机网络、数据库系统、软件工程、算法设计与分析,category_template,未匹配rysxai课程文本,库内未命中,头部/强研究型：核心课不一定换名称，但会加深数学/理论和研究训练，重点看理论深度、科研训练、交叉前沿、学术写作；样例：库内未命中该层次开设样例,深圳信息职业技术大学,区域重点/特色优势：核心课保持完整，通常叠加地方产业、行业场景、实验项目和专业方向模块；样例：深圳信息职业技术大学,库内未命中,普通应用/职业供给：更强调岗位技能、项目实训、证书衔接、综合实践，课程呈现更实训化、工具化；样例：库内未命中该层次开设样例
310211,工业互联网技术,本科(职业),工学学士,四年,电子与信息大类,计算机类,程序设计、离散数学、数据结构、计算机组成原理、操作系统、计算机网络、数据库系统、软件工程、算法设计与分析,category_template,rysxai课程文本未抽出课程名,库内未命中,头部/强研究型：核心课不一定换名称，但会加深数学/理论和研究训练，重点看理论深度、科研训练、交叉前沿、学术写作；样例：库内未命中该层次开设样例,深圳职业技术大学、深圳信息职业技术大学、广东轻工职业技术大学、顺德职业技术大学、北京信息职业技术学院,区域重点/特色优势：核心课保持完整，通常叠加地方产业、行业场景、实验项目和专业方向模块；样例：深圳职业技术大学、深圳信息职业技术大学、广东轻工职业技术大学、顺德职业技术大学、北京信息职业技术学院,南京工业职业技术大学、柳州职业技术大学、苏州职业技术大学、重庆电子科技职业大学、无锡职业技术大学,普通应用/职业供给：更强调岗位技能、项目实训、证书衔接、综合实践，课程呈现更实训化、工具化；样例：南京工业职业技术大学、柳州职业技术大学、苏州职业技术大学、重庆电子科技职业大学、无锡职业技术大学
310212,区块链技术,本科(职业),工学学士,四年,电子与信息大类,计算机类,程序设计、离散数学、数据结构、计算机组成原理、操作系统、计算机网络、数据库系统、软件工程、算法设计与分析,category_template,未匹配rysxai课程文本,库内未命中,头部/强研究型：核心课不一定换名称，但会加深数学/理论和研究训练，重点看理论深度、科研训练、交叉前沿、学术写作；样例：库内未命中该层次开设样例,江西软件职业技术大学,区域重点/特色优势：核心课保持完整，通常叠加地方产业、行业场景、实验项目和专业方向模块；样例：江西软件职业技术大学,河南科技职业大学、西安信息职业大学,普通应用/职业供给：更强调岗位技能、项目实训、证书衔接、综合实践，课程呈现更实训化、工具化；样例：河南科技职业大学、西安信息职业大学
310213,数据安全技术与管理,本科(职业),工学学士,四年,电子与信息大类,计算机类,程序设计、离散数学、数据结构、计算机组成原理、操作系统、计算机网络、数据库系统、软件工程、算法设计与分析,category_template,未匹配rysxai课程文本,库内未命中,头部/强研究型：核心课不一定换名称，但会加深数学/理论和研究训练，重点看理论深度、科研训练、交叉前沿、学术写作；样例：库内未命中该层次开设样例,库内未命中,区域重点/特色优势：核心课保持完整，通常叠加地方产业、行业场景、实验项目和专业方向模块；样例：库内未命中该层次开设样例,库内未命中,普通应用/职业供给：更强调岗位技能、项目实训、证书衔接、综合实践，课程呈现更实训化、工具化；样例：库内未命中该层次开设样例
310214,密码工程技术,本科(职业),工学学士,四年,电子与信息大类,计算机类,程序设计、离散数学、数据结构、计算机组成原理、操作系统、计算机网络、数据库系统、软件工程、算法设计与分析,category_template,未匹配rysxai课程文本,库内未命中,头部/强研究型：核心课不一定换名称，但会加深数学/理论和研究训练，重点看理论深度、科研训练、交叉前沿、学术写作；样例：库内未命中该层次开设样例,库内未命中,区域重点/特色优势：核心课保持完整，通常叠加地方产业、行业场景、实验项目和专业方向模块；样例：库内未命中该层次开设样例,库内未命中,普通应用/职业供给：更强调岗位技能、项目实训、证书衔接、综合实践，课程呈现更实训化、工具化；样例：库内未命中该层次开设样例
310215,工业智能工程技术,本科(职业),工学学士,,电子与信息大类,计算机类,程序设计、离散数学、数据结构、计算机组成原理、操作系统、计算机网络、数据库系统、软件工程、算法设计与分析,category_template,未匹配rysxai课程文本,库内未命中,头部/强研究型：核心课不一定换名称，但会加深数学/理论和研究训练，重点看理论深度、科研训练、交叉前沿、学术写作；样例：库内未命中该层次开设样例,库内未命中,区域重点/特色优势：核心课保持完整，通常叠加地方产业、行业场景、实验项目和专业方向模块；样例：库内未命中该层次开设样例,库内未命中,普通应用/职业供给：更强调岗位技能、项目实训、证书衔接、综合实践，课程呈现更实训化、工具化；样例：库内未命中该层次开设样例
310216,开源技术开发与应用,本科(职业),工学学士,,电子与信息大类,计算机类,程序设计、离散数学、数据结构、计算机组成原理、操作系统、计算机网络、数据库系统、软件工程、算法设计与分析,category_template,未匹配rysxai课程文本,库内未命中,头部/强研究型：核心课不一定换名称，但会加深数学/理论和研究训练，重点看理论深度、科研训练、交叉前沿、学术写作；样例：库内未命中该层次开设样例,库内未命中,区域重点/特色优势：核心课保持完整，通常叠加地方产业、行业场景、实验项目和专业方向模块；样例：库内未命中该层次开设样例,库内未命中,普通应用/职业供给：更强调岗位技能、项目实训、证书衔接、综合实践，课程呈现更实训化、工具化；样例：库内未命中该层次开设样例
310301,现代通信工程,本科(职业),工学学士,四年,电子与信息大类,通信类,专业导论、专业核心理论、专业方法与工具、实验/实践课程、方向模块课程、课程设计、毕业论文/设计,category_template,未匹配rysxai课程文本,库内未命中,头部/强研究型：核心课不一定换名称，但会加深数学/理论和研究训练，重点看理论深度、科研训练、交叉前沿、学术写作；样例：库内未命中该层次开设样例,深圳职业技术大学、深圳信息职业技术大学、江西软件职业技术大学、四川邮电职业技术学院,区域重点/特色优势：核心课保持完整，通常叠加地方产业、行业场景、实验项目和专业方向模块；样例：深圳职业技术大学、深圳信息职业技术大学、江西软件职业技术大学、四川邮电职业技术学院,山东青年政治学院、南京工业职业技术大学、广西农业职业技术大学、重庆电子科技职业大学、河北科技工程职业技术大学,普通应用/职业供给：更强调岗位技能、项目实训、证书衔接、综合实践，课程呈现更实训化、工具化；样例：山东青年政治学院、南京工业职业技术大学、广西农业职业技术大学、重庆电子科技职业大学、河北科技工程职业技术大学
310302,通信软件工程,本科(职业),工学学士,四年,电子与信息大类,通信类,程序设计、离散数学、数据结构、操作系统、数据库系统、软件工程、软件测试、项目管理,category_template,未匹配rysxai课程文本,库内未命中,头部/强研究型：核心课不一定换名称，但会加深数学/理论和研究训练，重点看理论深度、科研训练、交叉前沿、学术写作；样例：库内未命中该层次开设样例,库内未命中,区域重点/特色优势：核心课保持完整，通常叠加地方产业、行业场景、实验项目和专业方向模块；样例：库内未命中该层次开设样例,重庆电子科技职业大学、西安信息职业大学,普通应用/职业供给：更强调岗位技能、项目实训、证书衔接、综合实践，课程呈现更实训化、工具化；样例：重庆电子科技职业大学、西安信息职业大学
310303,卫星通信工程,本科(职业),工学学士,四年,电子与信息大类,通信类,专业导论、专业核心理论、专业方法与工具、实验/实践课程、方向模块课程、课程设计、毕业论文/设计,category_template,未匹配rysxai课程文本,库内未命中,头部/强研究型：核心课不一定换名称，但会加深数学/理论和研究训练，重点看理论深度、科研训练、交叉前沿、学术写作；样例：库内未命中该层次开设样例,库内未命中,区域重点/特色优势：核心课保持完整，通常叠加地方产业、行业场景、实验项目和专业方向模块；样例：库内未命中该层次开设样例,四川工程职业技术大学、西安信息职业大学,普通应用/职业供给：更强调岗位技能、项目实训、证书衔接、综合实践，课程呈现更实训化、工具化；样例：四川工程职业技术大学、西安信息职业大学
310304,车联网通信工程,本科(职业),工学学士,,电子与信息大类,通信类,专业导论、专业核心理论、专业方法与工具、实验/实践课程、方向模块课程、课程设计、毕业论文/设计,category_template,未匹配rysxai课程文本,库内未命中,头部/强研究型：核心课不一定换名称，但会加深数学/理论和研究训练，重点看理论深度、科研训练、交叉前沿、学术写作；样例：库内未命中该层次开设样例,库内未命中,区域重点/特色优势：核心课保持完整，通常叠加地方产业、行业场景、实验项目和专业方向模块；样例：库内未命中该层次开设样例,库内未命中,普通应用/职业供给：更强调岗位技能、项目实训、证书衔接、综合实践，课程呈现更实训化、工具化；样例：库内未命中该层次开设样例
310305,低空智联网工程,本科(职业),工学学士,,电子与信息大类,通信类,专业导论、专业核心理论、专业方法与工具、实验/实践课程、方向模块课程、课程设计、毕业论文/设计,category_template,未匹配rysxai课程文本,库内未命中,头部/强研究型：核心课不一定换名称，但会加深数学/理论和研究训练，重点看理论深度、科研训练、交叉前沿、学术写作；样例：库内未命中该层次开设样例,库内未命中,区域重点/特色优势：核心课保持完整，通常叠加地方产业、行业场景、实验项目和专业方向模块；样例：库内未命中该层次开设样例,库内未命中,普通应用/职业供给：更强调岗位技能、项目实训、证书衔接、综合实践，课程呈现更实训化、工具化；样例：库内未命中该层次开设样例
310306,数据中心工程技术,本科(职业),工学学士,,电子与信息大类,通信类,专业导论、专业核心理论、专业方法与工具、实验/实践课程、方向模块课程、课程设计、毕业论文/设计,category_template,未匹配rysxai课程文本,库内未命中,头部/强研究型：核心课不一定换名称，但会加深数学/理论和研究训练，重点看理论深度、科研训练、交叉前沿、学术写作；样例：库内未命中该层次开设样例,库内未命中,区域重点/特色优势：核心课保持完整，通常叠加地方产业、行业场景、实验项目和专业方向模块；样例：库内未命中该层次开设样例,库内未命中,普通应用/职业供给：更强调岗位技能、项目实训、证书衔接、综合实践，课程呈现更实训化、工具化；样例：库内未命中该层次开设样例
310401,集成电路工程技术,本科(职业),工学学士,四年,电子与信息大类,集成电路类,专业导论、专业核心理论、专业方法与工具、实验/实践课程、方向模块课程、课程设计、毕业论文/设计,category_template,未匹配rysxai课程文本,库内未命中,头部/强研究型：核心课不一定换名称，但会加深数学/理论和研究训练，重点看理论深度、科研训练、交叉前沿、学术写作；样例：库内未命中该层次开设样例,深圳职业技术大学、深圳信息职业技术大学,区域重点/特色优势：核心课保持完整，通常叠加地方产业、行业场景、实验项目和专业方向模块；样例：深圳职业技术大学、深圳信息职业技术大学,北京科技职业大学、南京工业职业技术大学、武汉职业技术大学、苏州职业技术大学、重庆电子科技职业大学,普通应用/职业供给：更强调岗位技能、项目实训、证书衔接、综合实践，课程呈现更实训化、工具化；样例：北京科技职业大学、南京工业职业技术大学、武汉职业技术大学、苏州职业技术大学、重庆电子科技职业大学
310402,半导体装备工程技术,本科(职业),工学学士,,电子与信息大类,集成电路类,专业导论、专业核心理论、专业方法与工具、实验/实践课程、方向模块课程、课程设计、毕业论文/设计,category_template,未匹配rysxai课程文本,库内未命中,头部/强研究型：核心课不一定换名称，但会加深数学/理论和研究训练，重点看理论深度、科研训练、交叉前沿、学术写作；样例：库内未命中该层次开设样例,库内未命中,区域重点/特色优势：核心课保持完整，通常叠加地方产业、行业场景、实验项目和专业方向模块；样例：库内未命中该层次开设样例,库内未命中,普通应用/职业供给：更强调岗位技能、项目实训、证书衔接、综合实践，课程呈现更实训化、工具化；样例：库内未命中该层次开设样例
520101K,临床医学,专科(高职),,三年,医药卫生大类,临床医学类,人体解剖学、生理学、病理学、药理学、诊断学、内科学、外科学、妇产科学、儿科学,category_template,rysxai课程文本未抽出课程名,清华大学、北京大学、浙江大学、复旦大学、南京大学,头部/强研究型：核心课不一定换名称，但会加深数学/理论和研究训练，重点看理论深度、科研训练、交叉前沿、学术写作；样例：清华大学、北京大学、浙江大学、复旦大学、南京大学,青岛大学、河北医科大学、昆明理工大学、大连医科大学、杭州师范大学,区域重点/特色优势：核心课保持完整，通常叠加地方产业、行业场景、实验项目和专业方向模块；样例：青岛大学、河北医科大学、昆明理工大学、大连医科大学、杭州师范大学,厦门医学院、湘南学院、南昌医学院、张家口学院、新疆第二医学院,普通应用/职业供给：更强调岗位技能、项目实训、证书衔接、综合实践，课程呈现更实训化、工具化；样例：厦门医学院、湘南学院、南昌医学院、张家口学院、新疆第二医学院
520102K,口腔医学,专科(高职),,三年,医药卫生大类,临床医学类,口腔解剖生理学、口腔组织病理学、口腔材料学、口腔内科学、口腔颌面外科学、口腔修复学、口腔正畸学、口腔预防医学,category_template,rysxai课程文本未抽出课程名,北京大学、浙江大学、复旦大学、南京大学、武汉大学,头部/强研究型：核心课不一定换名称，但会加深数学/理论和研究训练，重点看理论深度、科研训练、交叉前沿、学术写作；样例：北京大学、浙江大学、复旦大学、南京大学、武汉大学,青岛大学、河北医科大学、大连医科大学、杭州师范大学、安徽医科大学,区域重点/特色优势：核心课保持完整，通常叠加地方产业、行业场景、实验项目和专业方向模块；样例：青岛大学、河北医科大学、大连医科大学、杭州师范大学、安徽医科大学,厦门医学院、湘南学院、南昌医学院、张家口学院、新疆第二医学院,普通应用/职业供给：更强调岗位技能、项目实训、证书衔接、综合实践，课程呈现更实训化、工具化；样例：厦门医学院、湘南学院、南昌医学院、张家口学院、新疆第二医学院
520201,护理,专科(高职),,三年,医药卫生大类,护理类,基础护理技术、健康评估、内科护理、外科护理、妇产科护理、儿科护理、急救护理、护理综合实训,category_template,rysxai课程文本未抽出课程名,内蒙古大学、石河子大学、延边大学、重庆医科大学,头部/强研究型：核心课不一定换名称，但会加深数学/理论和研究训练，重点看理论深度、科研训练、交叉前沿、学术写作；样例：内蒙古大学、石河子大学、延边大学、重庆医科大学,广西医科大学、深圳职业技术大学、宁夏医科大学、广西中医药大学、沈阳医学院,区域重点/特色优势：核心课保持完整，通常叠加地方产业、行业场景、实验项目和专业方向模块；样例：广西医科大学、深圳职业技术大学、宁夏医科大学、广西中医药大学、沈阳医学院,许昌学院、新乡学院、河套学院、甘肃医学院、荆楚理工学院,普通应用/职业供给：更强调岗位技能、项目实训、证书衔接、综合实践，课程呈现更实训化、工具化；样例：许昌学院、新乡学院、河套学院、甘肃医学院、荆楚理工学院
520202,助产,专科(高职),,三年,医药卫生大类,护理类,基础护理技术、健康评估、内科护理、外科护理、妇产科护理、儿科护理、急救护理、护理综合实训,category_template,rysxai课程文本未抽出课程名,库内未命中,头部/强研究型：核心课不一定换名称，但会加深数学/理论和研究训练，重点看理论深度、科研训练、交叉前沿、学术写作；样例：库内未命中该层次开设样例,深圳职业技术大学、攀枝花学院、河西学院、曲靖健康医学院、邢台医学院,区域重点/特色优势：核心课保持完整，通常叠加地方产业、行业场景、实验项目和专业方向模块；样例：深圳职业技术大学、攀枝花学院、河西学院、曲靖健康医学院、邢台医学院,河套学院、甘肃医学院、肇庆医学院、金华职业技术大学、贵阳康养职业大学,普通应用/职业供给：更强调岗位技能、项目实训、证书衔接、综合实践，课程呈现更实训化、工具化；样例：河套学院、甘肃医学院、肇庆医学院、金华职业技术大学、贵阳康养职业大学
520301,药学,专科(高职),,三年,医药卫生大类,药学类,药物化学、药剂学、药理学、药物分析、生药学、药事管理学、临床药学、药品质量控制,category_template,rysxai课程文本未抽出课程名,北京大学、浙江大学、上海交通大学、复旦大学、武汉大学,头部/强研究型：核心课不一定换名称，但会加深数学/理论和研究训练，重点看理论深度、科研训练、交叉前沿、学术写作；样例：北京大学、浙江大学、上海交通大学、复旦大学、武汉大学,西交利物浦大学、青岛大学、河北医科大学、大连医科大学、杭州师范大学,区域重点/特色优势：核心课保持完整，通常叠加地方产业、行业场景、实验项目和专业方向模块；样例：西交利物浦大学、青岛大学、河北医科大学、大连医科大学、杭州师范大学,厦门医学院、周口师范学院、湘南学院、许昌学院、南昌医学院,普通应用/职业供给：更强调岗位技能、项目实训、证书衔接、综合实践，课程呈现更实训化、工具化；样例：厦门医学院、周口师范学院、湘南学院、许昌学院、南昌医学院
520401K,中医学,专科(高职),,三年,医药卫生大类,中医药类,专业导论、岗位基础技能、专业核心技术、设备/软件操作、项目实训、职业规范、综合实训、顶岗实习,category_template,rysxai课程文本未抽出课程名,厦门大学、暨南大学、北京中医药大学、石河子大学、延边大学,头部/强研究型：核心课不一定换名称，但会加深数学/理论和研究训练，重点看理论深度、科研训练、交叉前沿、学术写作；样例：厦门大学、暨南大学、北京中医药大学、石河子大学、延边大学,浙江中医药大学、河北大学、山东中医药大学、湖南中医药大学、三峡大学,区域重点/特色优势：核心课保持完整，通常叠加地方产业、行业场景、实验项目和专业方向模块；样例：浙江中医药大学、河北大学、山东中医药大学、湖南中医药大学、三峡大学,南昌医学院、南阳理工学院、湖南医药学院、肇庆医学院、广西中医药大学赛恩斯新医药学院,普通应用/职业供给：更强调岗位技能、项目实训、证书衔接、综合实践，课程呈现更实训化、工具化；样例：南昌医学院、南阳理工学院、湖南医药学院、肇庆医学院、广西中医药大学赛恩斯新医药学院
520402K,中医骨伤,专科(高职),,三年,医药卫生大类,中医药类,专业导论、岗位基础技能、专业核心技术、设备/软件操作、项目实训、职业规范、综合实训、顶岗实习,category_template,rysxai课程文本未抽出课程名,库内未命中,头部/强研究型：核心课不一定换名称，但会加深数学/理论和研究训练，重点看理论深度、科研训练、交叉前沿、学术写作；样例：库内未命中该层次开设样例,广西中医药大学,区域重点/特色优势：核心课保持完整，通常叠加地方产业、行业场景、实验项目和专业方向模块；样例：广西中医药大学,肇庆医学院、抚州医药学院、保山中医药高等专科学校、南阳医学高等专科学校、四川中医药高等专科学校,普通应用/职业供给：更强调岗位技能、项目实训、证书衔接、综合实践，课程呈现更实训化、工具化；样例：肇庆医学院、抚州医药学院、保山中医药高等专科学校、南阳医学高等专科学校、四川中医药高等专科学校
520403K,针灸推拿,专科(高职),,三年,医药卫生大类,中医药类,专业导论、岗位基础技能、专业核心技术、设备/软件操作、项目实训、职业规范、综合实训、顶岗实习,category_template,rysxai课程文本未抽出课程名,库内未命中,头部/强研究型：核心课不一定换名称，但会加深数学/理论和研究训练，重点看理论深度、科研训练、交叉前沿、学术写作；样例：库内未命中该层次开设样例,新疆医科大学、广西中医药大学、曲靖健康医学院、邢台医学院、广东食品药品职业学院,区域重点/特色优势：核心课保持完整，通常叠加地方产业、行业场景、实验项目和专业方向模块；样例：新疆医科大学、广西中医药大学、曲靖健康医学院、邢台医学院、广东食品药品职业学院,甘肃医学院、肇庆医学院、抚州医药学院、齐鲁医药学院、酒泉职业技术大学,普通应用/职业供给：更强调岗位技能、项目实训、证书衔接、综合实践，课程呈现更实训化、工具化；样例：甘肃医学院、肇庆医学院、抚州医药学院、齐鲁医药学院、酒泉职业技术大学
520404K,蒙医学,专科(高职),,三年,医药卫生大类,中医药类,专业导论、岗位基础技能、专业核心技术、设备/软件操作、项目实训、职业规范、综合实训、顶岗实习,category_template,rysxai课程文本未抽出课程名,库内未命中,头部/强研究型：核心课不一定换名称，但会加深数学/理论和研究训练，重点看理论深度、科研训练、交叉前沿、学术写作；样例：库内未命中该层次开设样例,内蒙古医科大学、内蒙古民族大学、赤峰大学,区域重点/特色优势：核心课保持完整，通常叠加地方产业、行业场景、实验项目和专业方向模块；样例：内蒙古医科大学、内蒙古民族大学、赤峰大学,乌兰察布医学高等专科学校、呼伦贝尔职业技术学院、通辽职业学院、锡林郭勒职业学院、阜新高等专科学校,普通应用/职业供给：更强调岗位技能、项目实训、证书衔接、综合实践，课程呈现更实训化、工具化；样例：乌兰察布医学高等专科学校、呼伦贝尔职业技术学院、通辽职业学院、锡林郭勒职业学院、阜新高等专科学校
520405K,藏医学,专科(高职),,三年,医药卫生大类,中医药类,专业导论、岗位基础技能、专业核心技术、设备/软件操作、项目实训、职业规范、综合实训、顶岗实习,category_template,rysxai课程文本未抽出课程名,青海大学、成都中医药大学,头部/强研究型：核心课不一定换名称，但会加深数学/理论和研究训练，重点看理论深度、科研训练、交叉前沿、学术写作；样例：青海大学、成都中医药大学,西藏藏医药大学、甘肃中医药大学,区域重点/特色优势：核心课保持完整，通常叠加地方产业、行业场景、实验项目和专业方向模块；样例：西藏藏医药大学、甘肃中医药大学,甘孜职业学院、甘肃卫生职业学院,普通应用/职业供给：更强调岗位技能、项目实训、证书衔接、综合实践，课程呈现更实训化、工具化；样例：甘孜职业学院、甘肃卫生职业学院
520406K,维医学,专科(高职),,三年,医药卫生大类,中医药类,专业导论、岗位基础技能、专业核心技术、设备/软件操作、项目实训、职业规范、综合实训、顶岗实习,category_template,rysxai课程文本未抽出课程名,库内未命中,头部/强研究型：核心课不一定换名称，但会加深数学/理论和研究训练，重点看理论深度、科研训练、交叉前沿、学术写作；样例：库内未命中该层次开设样例,新疆医科大学,区域重点/特色优势：核心课保持完整，通常叠加地方产业、行业场景、实验项目和专业方向模块；样例：新疆医科大学,新疆和田学院,普通应用/职业供给：更强调岗位技能、项目实训、证书衔接、综合实践，课程呈现更实训化、工具化；样例：新疆和田学院
520407K,傣医学,专科(高职),,三年,医药卫生大类,中医药类,专业导论、岗位基础技能、专业核心技术、设备/软件操作、项目实训、职业规范、综合实训、顶岗实习,category_template,rysxai课程文本未抽出课程名,库内未命中,头部/强研究型：核心课不一定换名称，但会加深数学/理论和研究训练，重点看理论深度、科研训练、交叉前沿、学术写作；样例：库内未命中该层次开设样例,云南中医药大学,区域重点/特色优势：核心课保持完整，通常叠加地方产业、行业场景、实验项目和专业方向模块；样例：云南中医药大学,滇西应用技术大学、德宏职业学院、西双版纳职业技术学院,普通应用/职业供给：更强调岗位技能、项目实训、证书衔接、综合实践，课程呈现更实训化、工具化；样例：滇西应用技术大学、德宏职业学院、西双版纳职业技术学院
520408K,哈医学,专科(高职),,三年,医药卫生大类,中医药类,专业导论、岗位基础技能、专业核心技术、设备/软件操作、项目实训、职业规范、综合实训、顶岗实习,category_template,rysxai课程文本未抽出课程名,库内未命中,头部/强研究型：核心课不一定换名称，但会加深数学/理论和研究训练，重点看理论深度、科研训练、交叉前沿、学术写作；样例：库内未命中该层次开设样例,新疆医科大学,区域重点/特色优势：核心课保持完整，通常叠加地方产业、行业场景、实验项目和专业方向模块；样例：新疆医科大学,库内未命中,普通应用/职业供给：更强调岗位技能、项目实训、证书衔接、综合实践，课程呈现更实训化、工具化；样例：库内未命中该层次开设样例
520409K,朝医学,专科(高职),,三年,医药卫生大类,中医药类,专业导论、岗位基础技能、专业核心技术、设备/软件操作、项目实训、职业规范、综合实训、顶岗实习,category_template,rysxai课程文本未抽出课程名,库内未命中,头部/强研究型：核心课不一定换名称，但会加深数学/理论和研究训练，重点看理论深度、科研训练、交叉前沿、学术写作；样例：库内未命中该层次开设样例,库内未命中,区域重点/特色优势：核心课保持完整，通常叠加地方产业、行业场景、实验项目和专业方向模块；样例：库内未命中该层次开设样例,吉林职业技术学院,普通应用/职业供给：更强调岗位技能、项目实训、证书衔接、综合实践，课程呈现更实训化、工具化；样例：吉林职业技术学院
520410,中药学,专科(高职),,三年,医药卫生大类,中医药类,专业导论、岗位基础技能、专业核心技术、设备/软件操作、项目实训、职业规范、综合实训、顶岗实习,category_template,rysxai课程文本未抽出课程名,南京农业大学、空军军医大学、暨南大学、北京中医药大学、西北大学,头部/强研究型：核心课不一定换名称，但会加深数学/理论和研究训练，重点看理论深度、科研训练、交叉前沿、学术写作；样例：南京农业大学、空军军医大学、暨南大学、北京中医药大学、西北大学,河北医科大学、安徽医科大学、浙江中医药大学、河北大学、山西医科大学,区域重点/特色优势：核心课保持完整，通常叠加地方产业、行业场景、实验项目和专业方向模块；样例：河北医科大学、安徽医科大学、浙江中医药大学、河北大学、山西医科大学,厦门医学院、南昌医学院、南阳理工学院、通化师范学院、吉林农业科技学院,普通应用/职业供给：更强调岗位技能、项目实训、证书衔接、综合实践，课程呈现更实训化、工具化；样例：厦门医学院、南昌医学院、南阳理工学院、通化师范学院、吉林农业科技学院
520411,蒙药学,专科(高职),,三年,医药卫生大类,中医药类,专业导论、岗位基础技能、专业核心技术、设备/软件操作、项目实训、职业规范、综合实训、顶岗实习,category_template,rysxai课程文本未抽出课程名,库内未命中,头部/强研究型：核心课不一定换名称，但会加深数学/理论和研究训练，重点看理论深度、科研训练、交叉前沿、学术写作；样例：库内未命中该层次开设样例,内蒙古医科大学、内蒙古民族大学,区域重点/特色优势：核心课保持完整，通常叠加地方产业、行业场景、实验项目和专业方向模块；样例：内蒙古医科大学、内蒙古民族大学,呼伦贝尔职业技术学院、通辽职业学院、阜新高等专科学校,普通应用/职业供给：更强调岗位技能、项目实训、证书衔接、综合实践，课程呈现更实训化、工具化；样例：呼伦贝尔职业技术学院、通辽职业学院、阜新高等专科学校
520412,维药学,专科(高职),,三年,医药卫生大类,中医药类,专业导论、岗位基础技能、专业核心技术、设备/软件操作、项目实训、职业规范、综合实训、顶岗实习,category_template,rysxai课程文本未抽出课程名,库内未命中,头部/强研究型：核心课不一定换名称，但会加深数学/理论和研究训练，重点看理论深度、科研训练、交叉前沿、学术写作；样例：库内未命中该层次开设样例,库内未命中,区域重点/特色优势：核心课保持完整，通常叠加地方产业、行业场景、实验项目和专业方向模块；样例：库内未命中该层次开设样例,新疆和田学院,普通应用/职业供给：更强调岗位技能、项目实训、证书衔接、综合实践，课程呈现更实训化、工具化；样例：新疆和田学院
520413,藏药学,专科(高职),,三年,医药卫生大类,中医药类,专业导论、岗位基础技能、专业核心技术、设备/软件操作、项目实训、职业规范、综合实训、顶岗实习,category_template,rysxai课程文本未抽出课程名,青海大学、成都中医药大学,头部/强研究型：核心课不一定换名称，但会加深数学/理论和研究训练，重点看理论深度、科研训练、交叉前沿、学术写作；样例：青海大学、成都中医药大学,西南民族大学、西藏藏医药大学、甘肃中医药大学、青海民族大学,区域重点/特色优势：核心课保持完整，通常叠加地方产业、行业场景、实验项目和专业方向模块；样例：西南民族大学、西藏藏医药大学、甘肃中医药大学、青海民族大学,甘孜职业学院,普通应用/职业供给：更强调岗位技能、项目实训、证书衔接、综合实践，课程呈现更实训化、工具化；样例：甘孜职业学院
520414,中药材生产与加工,专科(高职),,三年,医药卫生大类,中医药类,专业导论、岗位基础技能、专业核心技术、设备/软件操作、项目实训、职业规范、综合实训、顶岗实习,category_template,rysxai课程文本未抽出课程名,库内未命中,头部/强研究型：核心课不一定换名称，但会加深数学/理论和研究训练，重点看理论深度、科研训练、交叉前沿、学术写作；样例：库内未命中该层次开设样例,广东食品药品职业学院、河北化工医药职业技术学院,区域重点/特色优势：核心课保持完整，通常叠加地方产业、行业场景、实验项目和专业方向模块；样例：广东食品药品职业学院、河北化工医药职业技术学院,信阳农林学院、浙江药科职业大学、丽江职业技术学院、云南农业职业技术学院、云南工贸职业技术学院,普通应用/职业供给：更强调岗位技能、项目实训、证书衔接、综合实践，课程呈现更实训化、工具化；样例：信阳农林学院、浙江药科职业大学、丽江职业技术学院、云南农业职业技术学院、云南工贸职业技术学院
520415,中药制药,专科(高职),,三年,医药卫生大类,中医药类,专业导论、岗位基础技能、专业核心技术、设备/软件操作、项目实训、职业规范、综合实训、顶岗实习,category_template,rysxai课程文本未抽出课程名,北京中医药大学、中国药科大学、南京中医药大学、天津中医药大学、重庆医科大学,头部/强研究型：核心课不一定换名称，但会加深数学/理论和研究训练，重点看理论深度、科研训练、交叉前沿、学术写作；样例：北京中医药大学、中国药科大学、南京中医药大学、天津中医药大学、重庆医科大学,沈阳药科大学、河南中医药大学、辽宁中医药大学、江西中医药大学、湖北中医药大学,区域重点/特色优势：核心课保持完整，通常叠加地方产业、行业场景、实验项目和专业方向模块；样例：沈阳药科大学、河南中医药大学、辽宁中医药大学、江西中医药大学、湖北中医药大学,南昌医学院、信阳农林学院、贵阳康养职业大学、广西农业职业技术大学、浙江药科职业大学,普通应用/职业供给：更强调岗位技能、项目实训、证书衔接、综合实践，课程呈现更实训化、工具化；样例：南昌医学院、信阳农林学院、贵阳康养职业大学、广西农业职业技术大学、浙江药科职业大学
520416,中医康复技术,专科(高职),,三年,医药卫生大类,中医药类,专业导论、岗位基础技能、专业核心技术、设备/软件操作、项目实训、职业规范、综合实训、顶岗实习,category_template,rysxai课程文本未抽出课程名,石河子大学,头部/强研究型：核心课不一定换名称，但会加深数学/理论和研究训练，重点看理论深度、科研训练、交叉前沿、学术写作；样例：石河子大学,曲靖健康医学院、青岛恒星科技学院、山东商业职业技术学院、广西职业技术学院、江苏食品药品职业技术学院,区域重点/特色优势：核心课保持完整，通常叠加地方产业、行业场景、实验项目和专业方向模块；样例：曲靖健康医学院、青岛恒星科技学院、山东商业职业技术学院、广西职业技术学院、江苏食品药品职业技术学院,贵阳康养职业大学、浙江药科职业大学、商丘学院、宁夏职业技术大学、郑州健康学院,普通应用/职业供给：更强调岗位技能、项目实训、证书衔接、综合实践，课程呈现更实训化、工具化；样例：贵阳康养职业大学、浙江药科职业大学、商丘学院、宁夏职业技术大学、郑州健康学院
520417,中医养生保健,专科(高职),,三年,医药卫生大类,中医药类,专业导论、岗位基础技能、专业核心技术、设备/软件操作、项目实训、职业规范、综合实训、顶岗实习,category_template,rysxai课程文本未抽出课程名,库内未命中,头部/强研究型：核心课不一定换名称，但会加深数学/理论和研究训练，重点看理论深度、科研训练、交叉前沿、学术写作；样例：库内未命中该层次开设样例,天水师范大学、海南热带海洋学院、曲靖健康医学院、邢台医学院、广东食品药品职业学院,区域重点/特色优势：核心课保持完整，通常叠加地方产业、行业场景、实验项目和专业方向模块；样例：天水师范大学、海南热带海洋学院、曲靖健康医学院、邢台医学院、广东食品药品职业学院,抚州医药学院、商丘学院、淄博职业技术大学、广西城市职业大学、三门峡职业技术学院,普通应用/职业供给：更强调岗位技能、项目实训、证书衔接、综合实践，课程呈现更实训化、工具化；样例：抚州医药学院、商丘学院、淄博职业技术大学、广西城市职业大学、三门峡职业技术学院
520418,药膳与食疗,专科(高职),,三年,医药卫生大类,中医药类,专业导论、岗位基础技能、专业核心技术、设备/软件操作、项目实训、职业规范、综合实训、顶岗实习,category_template,rysxai课程文本未抽出课程名,库内未命中,头部/强研究型：核心课不一定换名称，但会加深数学/理论和研究训练，重点看理论深度、科研训练、交叉前沿、学术写作；样例：库内未命中该层次开设样例,顺德职业技术大学、广东食品药品职业学院、淮北职业技术学院,区域重点/特色优势：核心课保持完整，通常叠加地方产业、行业场景、实验项目和专业方向模块；样例：顺德职业技术大学、广东食品药品职业学院、淮北职业技术学院,信阳职业技术学院、四川中医药高等专科学校、山西药科职业学院、贵州健康职业学院、赣南卫生健康职业学院,普通应用/职业供给：更强调岗位技能、项目实训、证书衔接、综合实践，课程呈现更实训化、工具化；样例：信阳职业技术学院、四川中医药高等专科学校、山西药科职业学院、贵州健康职业学院、赣南卫生健康职业学院
520501,医学检验技术,专科(高职),,三年,医药卫生大类,医学技术类,人体解剖生理学、临床医学概论、医学检验技术、医学影像技术、病理检验技术、仪器分析、质量控制、临床实训,category_template,rysxai课程文本未抽出课程名,北京大学、华中科技大学、中山大学、东南大学、四川大学,头部/强研究型：核心课不一定换名称，但会加深数学/理论和研究训练，重点看理论深度、科研训练、交叉前沿、学术写作；样例：北京大学、华中科技大学、中山大学、东南大学、四川大学,青岛大学、河北医科大学、大连医科大学、安徽医科大学、福建医科大学,区域重点/特色优势：核心课保持完整，通常叠加地方产业、行业场景、实验项目和专业方向模块；样例：青岛大学、河北医科大学、大连医科大学、安徽医科大学、福建医科大学,厦门医学院、湘南学院、许昌学院、南昌医学院、亳州学院,普通应用/职业供给：更强调岗位技能、项目实训、证书衔接、综合实践，课程呈现更实训化、工具化；样例：厦门医学院、湘南学院、许昌学院、南昌医学院、亳州学院
520502,医学影像技术,专科(高职),,三年,医药卫生大类,医学技术类,人体解剖生理学、临床医学概论、医学检验技术、医学影像技术、病理检验技术、仪器分析、质量控制、临床实训,category_template,rysxai课程文本未抽出课程名,北京大学、四川大学、上海交通大学医学院、北京大学医学部、郑州大学,头部/强研究型：核心课不一定换名称，但会加深数学/理论和研究训练，重点看理论深度、科研训练、交叉前沿、学术写作；样例：北京大学、四川大学、上海交通大学医学院、北京大学医学部、郑州大学,上海理工大学、河北医科大学、大连医科大学、安徽医科大学、福建医科大学,区域重点/特色优势：核心课保持完整，通常叠加地方产业、行业场景、实验项目和专业方向模块；样例：上海理工大学、河北医科大学、大连医科大学、安徽医科大学、福建医科大学,湘南学院、南昌医学院、黄淮学院、张家口学院、新疆第二医学院,普通应用/职业供给：更强调岗位技能、项目实训、证书衔接、综合实践，课程呈现更实训化、工具化；样例：湘南学院、南昌医学院、黄淮学院、张家口学院、新疆第二医学院
520503,医学生物技术,专科(高职),,三年,医药卫生大类,医学技术类,人体解剖生理学、临床医学概论、医学检验技术、医学影像技术、病理检验技术、仪器分析、质量控制、临床实训,category_template,rysxai课程文本未抽出课程名,库内未命中,头部/强研究型：核心课不一定换名称，但会加深数学/理论和研究训练，重点看理论深度、科研训练、交叉前沿、学术写作；样例：库内未命中该层次开设样例,桂林医科大学、广东食品药品职业学院,区域重点/特色优势：核心课保持完整，通常叠加地方产业、行业场景、实验项目和专业方向模块；样例：桂林医科大学、广东食品药品职业学院,武汉职业技术大学、商丘医学高等专科学校、天津医学高等专科学校、天津生物工程职业技术学院、山东医学高等专科学校,普通应用/职业供给：更强调岗位技能、项目实训、证书衔接、综合实践，课程呈现更实训化、工具化；样例：武汉职业技术大学、商丘医学高等专科学校、天津医学高等专科学校、天津生物工程职业技术学院、山东医学高等专科学校
520504,口腔医学技术,专科(高职),,三年,医药卫生大类,医学技术类,口腔解剖生理学、口腔组织病理学、口腔材料学、口腔内科学、口腔颌面外科学、口腔修复学、口腔正畸学、口腔预防医学,category_template,rysxai课程文本未抽出课程名,四川大学、重庆医科大学,头部/强研究型：核心课不一定换名称，但会加深数学/理论和研究训练，重点看理论深度、科研训练、交叉前沿、学术写作；样例：四川大学、重庆医科大学,山东第一医科大学、深圳职业技术大学、山东医药大学、遵义医科大学、成都大学,区域重点/特色优势：核心课保持完整，通常叠加地方产业、行业场景、实验项目和专业方向模块；样例：山东第一医科大学、深圳职业技术大学、山东医药大学、遵义医科大学、成都大学,厦门医学院、南昌医学院、张家口学院、肇庆医学院、广西中医药大学赛恩斯新医药学院,普通应用/职业供给：更强调岗位技能、项目实训、证书衔接、综合实践，课程呈现更实训化、工具化；样例：厦门医学院、南昌医学院、张家口学院、肇庆医学院、广西中医药大学赛恩斯新医药学院
520505,放射治疗技术,专科(高职),,三年,医药卫生大类,医学技术类,人体解剖生理学、临床医学概论、医学检验技术、医学影像技术、病理检验技术、仪器分析、质量控制、临床实训,category_template,rysxai课程文本未抽出课程名,库内未命中,头部/强研究型：核心课不一定换名称，但会加深数学/理论和研究训练，重点看理论深度、科研训练、交叉前沿、学术写作；样例：库内未命中该层次开设样例,曲靖健康医学院,区域重点/特色优势：核心课保持完整，通常叠加地方产业、行业场景、实验项目和专业方向模块；样例：曲靖健康医学院,武威职业技术大学、山东医学高等专科学校、江苏卫生健康职业学院、江西医学高等专科学校、江西卫生职业学院,普通应用/职业供给：更强调岗位技能、项目实训、证书衔接、综合实践，课程呈现更实训化、工具化；样例：武威职业技术大学、山东医学高等专科学校、江苏卫生健康职业学院、江西医学高等专科学校、江西卫生职业学院
520506,呼吸治疗技术,专科(高职),,三年,医药卫生大类,医学技术类,人体解剖生理学、临床医学概论、医学检验技术、医学影像技术、病理检验技术、仪器分析、质量控制、临床实训,category_template,rysxai课程文本未抽出课程名,库内未命中,头部/强研究型：核心课不一定换名称，但会加深数学/理论和研究训练，重点看理论深度、科研训练、交叉前沿、学术写作；样例：库内未命中该层次开设样例,库内未命中,区域重点/特色优势：核心课保持完整，通常叠加地方产业、行业场景、实验项目和专业方向模块；样例：库内未命中该层次开设样例,广东江门中医药职业学院、郑州铁路职业技术学院、上海震旦职业学院、云南外事外语职业学院、云南新兴职业学院,普通应用/职业供给：更强调岗位技能、项目实训、证书衔接、综合实践，课程呈现更实训化、工具化；样例：广东江门中医药职业学院、郑州铁路职业技术学院、上海震旦职业学院、云南外事外语职业学院、云南新兴职业学院
520507,医学美容技术,专科(高职),,三年,医药卫生大类,医学技术类,人体解剖生理学、临床医学概论、医学检验技术、医学影像技术、病理检验技术、仪器分析、质量控制、临床实训,category_template,rysxai课程文本未抽出课程名,库内未命中,头部/强研究型：核心课不一定换名称，但会加深数学/理论和研究训练，重点看理论深度、科研训练、交叉前沿、学术写作；样例：库内未命中该层次开设样例,广西医科大学、广西中医药大学、平顶山学院、广东食品药品职业学院、济宁职业技术学院,区域重点/特色优势：核心课保持完整，通常叠加地方产业、行业场景、实验项目和专业方向模块；样例：广西医科大学、广西中医药大学、平顶山学院、广东食品药品职业学院、济宁职业技术学院,辽东学院、抚州医药学院、齐鲁医药学院、辽宁何氏医学院、西安外事学院,普通应用/职业供给：更强调岗位技能、项目实训、证书衔接、综合实践，课程呈现更实训化、工具化；样例：辽东学院、抚州医药学院、齐鲁医药学院、辽宁何氏医学院、西安外事学院
520508,卫生检验与检疫技术,专科(高职),,三年,医药卫生大类,医学技术类,人体解剖生理学、临床医学概论、医学检验技术、医学影像技术、病理检验技术、仪器分析、质量控制、临床实训,category_template,rysxai课程文本未抽出课程名,库内未命中,头部/强研究型：核心课不一定换名称，但会加深数学/理论和研究训练，重点看理论深度、科研训练、交叉前沿、学术写作；样例：库内未命中该层次开设样例,曲靖健康医学院、江苏食品药品职业技术学院,区域重点/特色优势：核心课保持完整，通常叠加地方产业、行业场景、实验项目和专业方向模块；样例：曲靖健康医学院、江苏食品药品职业技术学院,南昌医学院、安徽第二医学院、郑州健康学院、保山中医药高等专科学校、信阳职业技术学院,普通应用/职业供给：更强调岗位技能、项目实训、证书衔接、综合实践，课程呈现更实训化、工具化；样例：南昌医学院、安徽第二医学院、郑州健康学院、保山中医药高等专科学校、信阳职业技术学院
520601,康复治疗技术,专科(高职),,三年,医药卫生大类,康复治疗类,专业导论、岗位基础技能、专业核心技术、设备/软件操作、项目实训、职业规范、综合实训、顶岗实习,category_template,rysxai课程文本未抽出课程名,库内未命中,头部/强研究型：核心课不一定换名称，但会加深数学/理论和研究训练，重点看理论深度、科研训练、交叉前沿、学术写作；样例：库内未命中该层次开设样例,广西医科大学、深圳职业技术大学、广西中医药大学、沈阳医学院、顺德职业技术大学,区域重点/特色优势：核心课保持完整，通常叠加地方产业、行业场景、实验项目和专业方向模块；样例：广西医科大学、深圳职业技术大学、广西中医药大学、沈阳医学院、顺德职业技术大学,许昌学院、河套学院、甘肃医学院、民政职业大学、肇庆医学院,普通应用/职业供给：更强调岗位技能、项目实训、证书衔接、综合实践，课程呈现更实训化、工具化；样例：许昌学院、河套学院、甘肃医学院、民政职业大学、肇庆医学院
520602,康复辅助器具技术,专科(高职),,三年,医药卫生大类,康复治疗类,专业导论、岗位基础技能、专业核心技术、设备/软件操作、项目实训、职业规范、综合实训、顶岗实习,category_template,rysxai课程文本未抽出课程名,库内未命中,头部/强研究型：核心课不一定换名称，但会加深数学/理论和研究训练，重点看理论深度、科研训练、交叉前沿、学术写作；样例：库内未命中该层次开设样例,库内未命中,区域重点/特色优势：核心课保持完整，通常叠加地方产业、行业场景、实验项目和专业方向模块；样例：库内未命中该层次开设样例,民政职业大学、豫北医学院、贵阳康养职业大学、重庆电子科技职业大学、东莞职业技术学院,普通应用/职业供给：更强调岗位技能、项目实训、证书衔接、综合实践，课程呈现更实训化、工具化；样例：民政职业大学、豫北医学院、贵阳康养职业大学、重庆电子科技职业大学、东莞职业技术学院
520603,言语听觉康复技术,专科(高职),,三年,医药卫生大类,康复治疗类,专业导论、岗位基础技能、专业核心技术、设备/软件操作、项目实训、职业规范、综合实训、顶岗实习,category_template,rysxai课程文本未抽出课程名,库内未命中,头部/强研究型：核心课不一定换名称，但会加深数学/理论和研究训练，重点看理论深度、科研训练、交叉前沿、学术写作；样例：库内未命中该层次开设样例,长沙民政职业技术学院,区域重点/特色优势：核心课保持完整，通常叠加地方产业、行业场景、实验项目和专业方向模块；样例：长沙民政职业技术学院,民政职业大学、郑州健康学院、四川卫生康复职业学院、宁波卫生职业技术学院、山东特殊教育职业学院,普通应用/职业供给：更强调岗位技能、项目实训、证书衔接、综合实践，课程呈现更实训化、工具化；样例：民政职业大学、郑州健康学院、四川卫生康复职业学院、宁波卫生职业技术学院、山东特殊教育职业学院
520701,公共卫生管理,专科(高职),,三年,医药卫生大类,公共卫生与卫生管理类,专业导论、岗位基础技能、专业核心技术、设备/软件操作、项目实训、职业规范、综合实训、顶岗实习,category_template,rysxai课程文本未抽出课程名,库内未命中,头部/强研究型：核心课不一定换名称，但会加深数学/理论和研究训练，重点看理论深度、科研训练、交叉前沿、学术写作；样例：库内未命中该层次开设样例,邢台医学院,区域重点/特色优势：核心课保持完整，通常叠加地方产业、行业场景、实验项目和专业方向模块；样例：邢台医学院,贵阳康养职业大学、新疆和田学院、安徽第二医学院、保山中医药高等专科学校、唐山职业技术学院,普通应用/职业供给：更强调岗位技能、项目实训、证书衔接、综合实践，课程呈现更实训化、工具化；样例：贵阳康养职业大学、新疆和田学院、安徽第二医学院、保山中医药高等专科学校、唐山职业技术学院
520702,卫生信息管理,专科(高职),,三年,医药卫生大类,公共卫生与卫生管理类,专业导论、岗位基础技能、专业核心技术、设备/软件操作、项目实训、职业规范、综合实训、顶岗实习,category_template,rysxai课程文本未抽出课程名,库内未命中,头部/强研究型：核心课不一定换名称，但会加深数学/理论和研究训练，重点看理论深度、科研训练、交叉前沿、学术写作；样例：库内未命中该层次开设样例,杭州医学院、曲靖健康医学院、北京信息职业技术学院、广东食品药品职业学院,区域重点/特色优势：核心课保持完整，通常叠加地方产业、行业场景、实验项目和专业方向模块；样例：杭州医学院、曲靖健康医学院、北京信息职业技术学院、广东食品药品职业学院,抚州医药学院、安徽第二医学院、郑州健康学院、南阳医学高等专科学校、四川卫生康复职业学院,普通应用/职业供给：更强调岗位技能、项目实训、证书衔接、综合实践，课程呈现更实训化、工具化；样例：抚州医药学院、安徽第二医学院、郑州健康学院、南阳医学高等专科学校、四川卫生康复职业学院
520703K,预防医学,专科(高职),,三年,医药卫生大类,公共卫生与卫生管理类,专业导论、岗位基础技能、专业核心技术、设备/软件操作、项目实训、职业规范、综合实训、顶岗实习,category_template,rysxai课程文本未抽出课程名,北京大学、浙江大学、复旦大学、武汉大学、华中科技大学,头部/强研究型：核心课不一定换名称，但会加深数学/理论和研究训练，重点看理论深度、科研训练、交叉前沿、学术写作；样例：北京大学、浙江大学、复旦大学、武汉大学、华中科技大学,青岛大学、河北医科大学、大连医科大学、杭州师范大学、安徽医科大学,区域重点/特色优势：核心课保持完整，通常叠加地方产业、行业场景、实验项目和专业方向模块；样例：青岛大学、河北医科大学、大连医科大学、杭州师范大学、安徽医科大学,厦门医学院、湘南学院、南昌医学院、新疆第二医学院、湖南医药学院,普通应用/职业供给：更强调岗位技能、项目实训、证书衔接、综合实践，课程呈现更实训化、工具化；样例：厦门医学院、湘南学院、南昌医学院、新疆第二医学院、湖南医药学院
520704,健康大数据管理与服务,专科(高职),,三年,医药卫生大类,公共卫生与卫生管理类,程序设计、数据结构、数据库系统、概率论与数理统计、机器学习、数据挖掘、大数据平台技术、数据可视化,category_template,rysxai课程文本未抽出课程名,库内未命中,头部/强研究型：核心课不一定换名称，但会加深数学/理论和研究训练，重点看理论深度、科研训练、交叉前沿、学术写作；样例：库内未命中该层次开设样例,北京信息职业技术学院、济宁职业技术学院,区域重点/特色优势：核心课保持完整，通常叠加地方产业、行业场景、实验项目和专业方向模块；样例：北京信息职业技术学院、济宁职业技术学院,抚州医药学院、郑州健康学院、山东工程职业技术大学、湖北商贸学院、银川科技学院,普通应用/职业供给：更强调岗位技能、项目实训、证书衔接、综合实践，课程呈现更实训化、工具化；样例：抚州医药学院、郑州健康学院、山东工程职业技术大学、湖北商贸学院、银川科技学院
520801,健康管理,专科(高职),,三年,医药卫生大类,健康管理与促进类,专业导论、岗位基础技能、专业核心技术、设备/软件操作、项目实训、职业规范、综合实训、顶岗实习,category_template,rysxai课程文本未抽出课程名,库内未命中,头部/强研究型：核心课不一定换名称，但会加深数学/理论和研究训练，重点看理论深度、科研训练、交叉前沿、学术写作；样例：库内未命中该层次开设样例,鞍山师范学院、曲靖健康医学院、青岛恒星科技学院、海口经济学院、东营职业学院,区域重点/特色优势：核心课保持完整，通常叠加地方产业、行业场景、实验项目和专业方向模块；样例：鞍山师范学院、曲靖健康医学院、青岛恒星科技学院、海口经济学院、东营职业学院,民政职业大学、肇庆医学院、贵阳康养职业大学、重庆电子科技职业大学、河北工业职业技术大学,普通应用/职业供给：更强调岗位技能、项目实训、证书衔接、综合实践，课程呈现更实训化、工具化；样例：民政职业大学、肇庆医学院、贵阳康养职业大学、重庆电子科技职业大学、河北工业职业技术大学
520802,婴幼儿托育服务与管理,专科(高职),,三年,医药卫生大类,健康管理与促进类,专业导论、岗位基础技能、专业核心技术、设备/软件操作、项目实训、职业规范、综合实训、顶岗实习,category_template,rysxai课程文本未抽出课程名,内蒙古大学,头部/强研究型：核心课不一定换名称，但会加深数学/理论和研究训练，重点看理论深度、科研训练、交叉前沿、学术写作；样例：内蒙古大学,海南热带海洋学院、烟台南山学院、青岛恒星科技学院、云南能源职业技术学院、北京财贸职业学院,区域重点/特色优势：核心课保持完整，通常叠加地方产业、行业场景、实验项目和专业方向模块；样例：海南热带海洋学院、烟台南山学院、青岛恒星科技学院、云南能源职业技术学院、北京财贸职业学院,金华职业技术大学、连云港师范学院、扬州职业技术大学、铜仁职业技术大学、商丘学院,普通应用/职业供给：更强调岗位技能、项目实训、证书衔接、综合实践，课程呈现更实训化、工具化；样例：金华职业技术大学、连云港师范学院、扬州职业技术大学、铜仁职业技术大学、商丘学院
520803,老年保健与管理,专科(高职),,三年,医药卫生大类,健康管理与促进类,专业导论、岗位基础技能、专业核心技术、设备/软件操作、项目实训、职业规范、综合实训、顶岗实习,category_template,rysxai课程文本未抽出课程名,库内未命中,头部/强研究型：核心课不一定换名称，但会加深数学/理论和研究训练，重点看理论深度、科研训练、交叉前沿、学术写作；样例：库内未命中该层次开设样例,攀枝花学院、曲靖健康医学院、广东食品药品职业学院、济宁职业技术学院、长沙民政职业技术学院,区域重点/特色优势：核心课保持完整，通常叠加地方产业、行业场景、实验项目和专业方向模块；样例：攀枝花学院、曲靖健康医学院、广东食品药品职业学院、济宁职业技术学院、长沙民政职业技术学院,豫北医学院、铜仁职业技术大学、抚州医药学院、安徽第二医学院、武威职业技术大学,普通应用/职业供给：更强调岗位技能、项目实训、证书衔接、综合实践，课程呈现更实训化、工具化；样例：豫北医学院、铜仁职业技术大学、抚州医药学院、安徽第二医学院、武威职业技术大学
520804,心理咨询,专科(高职),,三年,医药卫生大类,健康管理与促进类,专业导论、岗位基础技能、专业核心技术、设备/软件操作、项目实训、职业规范、综合实训、顶岗实习,category_template,rysxai课程文本未抽出课程名,库内未命中,头部/强研究型：核心课不一定换名称，但会加深数学/理论和研究训练，重点看理论深度、科研训练、交叉前沿、学术写作；样例：库内未命中该层次开设样例,武汉城市职业学院、长沙民政职业技术学院,区域重点/特色优势：核心课保持完整，通常叠加地方产业、行业场景、实验项目和专业方向模块；样例：武汉城市职业学院、长沙民政职业技术学院,济宁学院、连云港师范学院、河北外国语学院、南昌理工学院、北京青年政治学院,普通应用/职业供给：更强调岗位技能、项目实训、证书衔接、综合实践，课程呈现更实训化、工具化；样例：济宁学院、连云港师范学院、河北外国语学院、南昌理工学院、北京青年政治学院
520805,医学营养,专科(高职),,三年,医药卫生大类,健康管理与促进类,专业导论、岗位基础技能、专业核心技术、设备/软件操作、项目实训、职业规范、综合实训、顶岗实习,category_template,rysxai课程文本未抽出课程名,库内未命中,头部/强研究型：核心课不一定换名称，但会加深数学/理论和研究训练，重点看理论深度、科研训练、交叉前沿、学术写作；样例：库内未命中该层次开设样例,济宁职业技术学院,区域重点/特色优势：核心课保持完整，通常叠加地方产业、行业场景、实验项目和专业方向模块；样例：济宁职业技术学院,郑州健康学院、保山中医药高等专科学校、唐山职业技术学院、商丘医学高等专科学校、四川中医药高等专科学校,普通应用/职业供给：更强调岗位技能、项目实训、证书衔接、综合实践，课程呈现更实训化、工具化；样例：郑州健康学院、保山中医药高等专科学校、唐山职业技术学院、商丘医学高等专科学校、四川中医药高等专科学校
520806,生殖健康管理,专科(高职),,三年,医药卫生大类,健康管理与促进类,专业导论、岗位基础技能、专业核心技术、设备/软件操作、项目实训、职业规范、综合实训、顶岗实习,category_template,rysxai课程文本未抽出课程名,库内未命中,头部/强研究型：核心课不一定换名称，但会加深数学/理论和研究训练，重点看理论深度、科研训练、交叉前沿、学术写作；样例：库内未命中该层次开设样例,库内未命中,区域重点/特色优势：核心课保持完整，通常叠加地方产业、行业场景、实验项目和专业方向模块；样例：库内未命中该层次开设样例,保山中医药高等专科学校、广东江门中医药职业学院、潍坊护理职业学院、德阳科贸职业学院,普通应用/职业供给：更强调岗位技能、项目实训、证书衔接、综合实践，课程呈现更实训化、工具化；样例：保山中医药高等专科学校、广东江门中医药职业学院、潍坊护理职业学院、德阳科贸职业学院
520807,口腔卫生保健,专科(高职),,,医药卫生大类,健康管理与促进类,专业导论、岗位基础技能、专业核心技术、设备/软件操作、项目实训、职业规范、综合实训、顶岗实习,category_template,rysxai课程文本未抽出课程名,库内未命中,头部/强研究型：核心课不一定换名称，但会加深数学/理论和研究训练，重点看理论深度、科研训练、交叉前沿、学术写作；样例：库内未命中该层次开设样例,库内未命中,区域重点/特色优势：核心课保持完整，通常叠加地方产业、行业场景、实验项目和专业方向模块；样例：库内未命中该层次开设样例,郑州健康学院、淮南联合大学、云南新兴职业学院、广东创新科技职业学院、广东岭南职业技术学院,普通应用/职业供给：更强调岗位技能、项目实训、证书衔接、综合实践，课程呈现更实训化、工具化；样例：郑州健康学院、淮南联合大学、云南新兴职业学院、广东创新科技职业学院、广东岭南职业技术学院
520808,医养照护服务,专科(高职),,三年,医药卫生大类,健康管理与促进类,专业导论、岗位基础技能、专业核心技术、设备/软件操作、项目实训、职业规范、综合实训、顶岗实习,category_template,未匹配rysxai课程文本,库内未命中,头部/强研究型：核心课不一定换名称，但会加深数学/理论和研究训练，重点看理论深度、科研训练、交叉前沿、学术写作；样例：库内未命中该层次开设样例,库内未命中,区域重点/特色优势：核心课保持完整，通常叠加地方产业、行业场景、实验项目和专业方向模块；样例：库内未命中该层次开设样例,扬州环境资源职业技术学院、汉中职业技术学院、长沙南方职业学院,普通应用/职业供给：更强调岗位技能、项目实训、证书衔接、综合实践，课程呈现更实训化、工具化；样例：扬州环境资源职业技术学院、汉中职业技术学院、长沙南方职业学院
520901,眼视光技术,专科(高职),,三年,医药卫生大类,眼视光类,专业导论、岗位基础技能、专业核心技术、设备/软件操作、项目实训、职业规范、综合实训、顶岗实习,category_template,rysxai课程文本未抽出课程名,库内未命中,头部/强研究型：核心课不一定换名称，但会加深数学/理论和研究训练，重点看理论深度、科研训练、交叉前沿、学术写作；样例：库内未命中该层次开设样例,深圳职业技术大学、内蒙古医科大学、上海第二工业大学、上海健康医学院、内蒙古科技大学包头医学院,区域重点/特色优势：核心课保持完整，通常叠加地方产业、行业场景、实验项目和专业方向模块；样例：深圳职业技术大学、内蒙古医科大学、上海第二工业大学、上海健康医学院、内蒙古科技大学包头医学院,贵阳康养职业大学、抚州医药学院、安徽第二医学院、酒泉职业技术大学、乌鲁木齐职业大学,普通应用/职业供给：更强调岗位技能、项目实训、证书衔接、综合实践，课程呈现更实训化、工具化；样例：贵阳康养职业大学、抚州医药学院、安徽第二医学院、酒泉职业技术大学、乌鲁木齐职业大学
520902,眼视光仪器技术,专科(高职),,三年,医药卫生大类,眼视光类,专业导论、岗位基础技能、专业核心技术、设备/软件操作、项目实训、职业规范、综合实训、顶岗实习,category_template,rysxai课程文本未抽出课程名,库内未命中,头部/强研究型：核心课不一定换名称，但会加深数学/理论和研究训练，重点看理论深度、科研训练、交叉前沿、学术写作；样例：库内未命中该层次开设样例,济宁职业技术学院,区域重点/特色优势：核心课保持完整，通常叠加地方产业、行业场景、实验项目和专业方向模块；样例：济宁职业技术学院,天津职业大学、四川长江职业学院、德阳科贸职业学院、石家庄工商职业学院,普通应用/职业供给：更强调岗位技能、项目实训、证书衔接、综合实践，课程呈现更实训化、工具化；样例：天津职业大学、四川长江职业学院、德阳科贸职业学院、石家庄工商职业学院
520903,视觉训练与康复,专科(高职),,三年,医药卫生大类,眼视光类,专业导论、岗位基础技能、专业核心技术、设备/软件操作、项目实训、职业规范、综合实训、顶岗实习,category_template,rysxai课程文本未抽出课程名,库内未命中,头部/强研究型：核心课不一定换名称，但会加深数学/理论和研究训练，重点看理论深度、科研训练、交叉前沿、学术写作；样例：库内未命中该层次开设样例,成都职业技术学院、济宁职业技术学院,区域重点/特色优势：核心课保持完整，通常叠加地方产业、行业场景、实验项目和专业方向模块；样例：成都职业技术学院、济宁职业技术学院,商丘医学高等专科学校、大理护理职业学院、天津职业大学、贵州护理职业技术学院、郑州铁路职业技术学院,普通应用/职业供给：更强调岗位技能、项目实训、证书衔接、综合实践，课程呈现更实训化、工具化；样例：商丘医学高等专科学校、大理护理职业学院、天津职业大学、贵州护理职业技术学院、郑州铁路职业技术学院
320201,护理,本科(职业),理学学士,四年,医药卫生大类,护理类,基础护理学、健康评估、内科护理学、外科护理学、妇产科护理学、儿科护理学、急救护理学、护理伦理学,category_template,rysxai课程文本未抽出课程名,内蒙古大学、石河子大学、延边大学、重庆医科大学,头部/强研究型：核心课不一定换名称，但会加深数学/理论和研究训练，重点看理论深度、科研训练、交叉前沿、学术写作；样例：内蒙古大学、石河子大学、延边大学、重庆医科大学,广西医科大学、深圳职业技术大学、宁夏医科大学、广西中医药大学、沈阳医学院,区域重点/特色优势：核心课保持完整，通常叠加地方产业、行业场景、实验项目和专业方向模块；样例：广西医科大学、深圳职业技术大学、宁夏医科大学、广西中医药大学、沈阳医学院,许昌学院、新乡学院、河套学院、甘肃医学院、荆楚理工学院,普通应用/职业供给：更强调岗位技能、项目实训、证书衔接、综合实践，课程呈现更实训化、工具化；样例：许昌学院、新乡学院、河套学院、甘肃医学院、荆楚理工学院
320301,药学,本科(职业),理学学士,四年,医药卫生大类,药学类,无机化学、有机化学、物理化学、生物化学、解剖生理学、免疫学基础、病原生物学与免疫学实验、病理生理学基础、药用植物学与生药学、流行病学基础,rysxai_major_course,,北京大学、浙江大学、上海交通大学、复旦大学、武汉大学,头部/强研究型：核心课不一定换名称，但会加深数学/理论和研究训练，重点看理论深度、科研训练、交叉前沿、学术写作；样例：北京大学、浙江大学、上海交通大学、复旦大学、武汉大学,西交利物浦大学、青岛大学、河北医科大学、大连医科大学、杭州师范大学,区域重点/特色优势：核心课保持完整，通常叠加地方产业、行业场景、实验项目和专业方向模块；样例：西交利物浦大学、青岛大学、河北医科大学、大连医科大学、杭州师范大学,厦门医学院、周口师范学院、湘南学院、许昌学院、南昌医学院,普通应用/职业供给：更强调岗位技能、项目实训、证书衔接、综合实践，课程呈现更实训化、工具化；样例：厦门医学院、周口师范学院、湘南学院、许昌学院、南昌医学院
320401,中药制药,本科(职业),理学学士,四年,医药卫生大类,中医药类,解剖生理学、中医学基础、无机化学、中药化学、专业导论、专业核心理论、专业方法与工具、实验/实践课程、方向模块课程、课程设计,rysxai_major_course+category_template,,北京中医药大学、中国药科大学、南京中医药大学、天津中医药大学、重庆医科大学,头部/强研究型：核心课不一定换名称，但会加深数学/理论和研究训练，重点看理论深度、科研训练、交叉前沿、学术写作；样例：北京中医药大学、中国药科大学、南京中医药大学、天津中医药大学、重庆医科大学,沈阳药科大学、河南中医药大学、辽宁中医药大学、江西中医药大学、湖北中医药大学,区域重点/特色优势：核心课保持完整，通常叠加地方产业、行业场景、实验项目和专业方向模块；样例：沈阳药科大学、河南中医药大学、辽宁中医药大学、江西中医药大学、湖北中医药大学,南昌医学院、信阳农林学院、贵阳康养职业大学、广西农业职业技术大学、浙江药科职业大学,普通应用/职业供给：更强调岗位技能、项目实训、证书衔接、综合实践，课程呈现更实训化、工具化；样例：南昌医学院、信阳农林学院、贵阳康养职业大学、广西农业职业技术大学、浙江药科职业大学
320402,中药学,本科(职业),理学学士,四年,医药卫生大类,中医药类,专业导论、专业核心理论、专业方法与工具、实验/实践课程、方向模块课程、课程设计、毕业论文/设计,category_template,rysxai课程文本未抽出课程名,南京农业大学、空军军医大学、暨南大学、北京中医药大学、西北大学,头部/强研究型：核心课不一定换名称，但会加深数学/理论和研究训练，重点看理论深度、科研训练、交叉前沿、学术写作；样例：南京农业大学、空军军医大学、暨南大学、北京中医药大学、西北大学,河北医科大学、安徽医科大学、浙江中医药大学、河北大学、山西医科大学,区域重点/特色优势：核心课保持完整，通常叠加地方产业、行业场景、实验项目和专业方向模块；样例：河北医科大学、安徽医科大学、浙江中医药大学、河北大学、山西医科大学,厦门医学院、南昌医学院、南阳理工学院、通化师范学院、吉林农业科技学院,普通应用/职业供给：更强调岗位技能、项目实训、证书衔接、综合实践，课程呈现更实训化、工具化；样例：厦门医学院、南昌医学院、南阳理工学院、通化师范学院、吉林农业科技学院
320403,中药材生产与加工,本科(职业),"理学学士,工学学士",四年,医药卫生大类,中医药类,专业导论、专业核心理论、专业方法与工具、实验/实践课程、方向模块课程、课程设计、毕业论文/设计,category_template,rysxai课程文本未抽出课程名,库内未命中,头部/强研究型：核心课不一定换名称，但会加深数学/理论和研究训练，重点看理论深度、科研训练、交叉前沿、学术写作；样例：库内未命中该层次开设样例,广东食品药品职业学院、河北化工医药职业技术学院,区域重点/特色优势：核心课保持完整，通常叠加地方产业、行业场景、实验项目和专业方向模块；样例：广东食品药品职业学院、河北化工医药职业技术学院,信阳农林学院、浙江药科职业大学、丽江职业技术学院、云南农业职业技术学院、云南工贸职业技术学院,普通应用/职业供给：更强调岗位技能、项目实训、证书衔接、综合实践，课程呈现更实训化、工具化；样例：信阳农林学院、浙江药科职业大学、丽江职业技术学院、云南农业职业技术学院、云南工贸职业技术学院
320501,医学检验技术,本科(职业),"理学学士,工学学士",四年,医药卫生大类,医学技术类,系统解剖学、生理学、生物化学、医学基础化学、分析化学、组织学与胚胎学、病理学、细胞生物学、临床基础检验学技术、临床血液学检验技术,rysxai_major_course,,北京大学、华中科技大学、中山大学、东南大学、四川大学,头部/强研究型：核心课不一定换名称，但会加深数学/理论和研究训练，重点看理论深度、科研训练、交叉前沿、学术写作；样例：北京大学、华中科技大学、中山大学、东南大学、四川大学,青岛大学、河北医科大学、大连医科大学、安徽医科大学、福建医科大学,区域重点/特色优势：核心课保持完整，通常叠加地方产业、行业场景、实验项目和专业方向模块；样例：青岛大学、河北医科大学、大连医科大学、安徽医科大学、福建医科大学,厦门医学院、湘南学院、许昌学院、南昌医学院、亳州学院,普通应用/职业供给：更强调岗位技能、项目实训、证书衔接、综合实践，课程呈现更实训化、工具化；样例：厦门医学院、湘南学院、许昌学院、南昌医学院、亳州学院
320502,医学影像技术,本科(职业),"理学学士,工学学士",四年,医药卫生大类,医学技术类,影像解剖学、医学影像物理学、放射物理与防护、医学影像诊断学、医学影像技术、医学影像检查技术学、人体解剖生理学、临床医学概论、医学检验技术、病理检验技术,rysxai_major_course,,北京大学、四川大学、上海交通大学医学院、北京大学医学部、郑州大学,头部/强研究型：核心课不一定换名称，但会加深数学/理论和研究训练，重点看理论深度、科研训练、交叉前沿、学术写作；样例：北京大学、四川大学、上海交通大学医学院、北京大学医学部、郑州大学,上海理工大学、河北医科大学、大连医科大学、安徽医科大学、福建医科大学,区域重点/特色优势：核心课保持完整，通常叠加地方产业、行业场景、实验项目和专业方向模块；样例：上海理工大学、河北医科大学、大连医科大学、安徽医科大学、福建医科大学,湘南学院、南昌医学院、黄淮学院、张家口学院、新疆第二医学院,普通应用/职业供给：更强调岗位技能、项目实训、证书衔接、综合实践，课程呈现更实训化、工具化；样例：湘南学院、南昌医学院、黄淮学院、张家口学院、新疆第二医学院
320503,医学生物技术,本科(职业),"理学学士,工学学士",四年,医药卫生大类,医学技术类,人体解剖生理学、临床医学概论、医学检验技术、医学影像技术、病理检验技术、仪器分析、质量控制、临床实训,category_template,rysxai课程文本未抽出课程名,库内未命中,头部/强研究型：核心课不一定换名称，但会加深数学/理论和研究训练，重点看理论深度、科研训练、交叉前沿、学术写作；样例：库内未命中该层次开设样例,桂林医科大学、广东食品药品职业学院,区域重点/特色优势：核心课保持完整，通常叠加地方产业、行业场景、实验项目和专业方向模块；样例：桂林医科大学、广东食品药品职业学院,武汉职业技术大学、商丘医学高等专科学校、天津医学高等专科学校、天津生物工程职业技术学院、山东医学高等专科学校,普通应用/职业供给：更强调岗位技能、项目实训、证书衔接、综合实践，课程呈现更实训化、工具化；样例：武汉职业技术大学、商丘医学高等专科学校、天津医学高等专科学校、天津生物工程职业技术学院、山东医学高等专科学校
320504,口腔医学技术,本科(职业),"理学学士,工学学士",四年,医药卫生大类,医学技术类,大学英语、计算机应用基础、高等数学、口腔解剖生理学、口腔组织病理学、口腔材料学、口腔修复工艺学、口腔正畸工艺学、口腔种植工艺学、口腔修复工艺实训,rysxai_major_course,,四川大学、重庆医科大学,头部/强研究型：核心课不一定换名称，但会加深数学/理论和研究训练，重点看理论深度、科研训练、交叉前沿、学术写作；样例：四川大学、重庆医科大学,山东第一医科大学、深圳职业技术大学、山东医药大学、遵义医科大学、成都大学,区域重点/特色优势：核心课保持完整，通常叠加地方产业、行业场景、实验项目和专业方向模块；样例：山东第一医科大学、深圳职业技术大学、山东医药大学、遵义医科大学、成都大学,厦门医学院、南昌医学院、张家口学院、肇庆医学院、广西中医药大学赛恩斯新医药学院,普通应用/职业供给：更强调岗位技能、项目实训、证书衔接、综合实践，课程呈现更实训化、工具化；样例：厦门医学院、南昌医学院、张家口学院、肇庆医学院、广西中医药大学赛恩斯新医药学院
320505,放射治疗技术,本科(职业),"理学学士,工学学士",四年,医药卫生大类,医学技术类,人体解剖生理学、临床医学概论、医学检验技术、医学影像技术、病理检验技术、仪器分析、质量控制、临床实训,category_template,rysxai课程文本未抽出课程名,库内未命中,头部/强研究型：核心课不一定换名称，但会加深数学/理论和研究训练，重点看理论深度、科研训练、交叉前沿、学术写作；样例：库内未命中该层次开设样例,曲靖健康医学院,区域重点/特色优势：核心课保持完整，通常叠加地方产业、行业场景、实验项目和专业方向模块；样例：曲靖健康医学院,武威职业技术大学、山东医学高等专科学校、江苏卫生健康职业学院、江西医学高等专科学校、江西卫生职业学院,普通应用/职业供给：更强调岗位技能、项目实训、证书衔接、综合实践，课程呈现更实训化、工具化；样例：武威职业技术大学、山东医学高等专科学校、江苏卫生健康职业学院、江西医学高等专科学校、江西卫生职业学院
320506,呼吸治疗技术,本科(职业),"理学学士,工学学士",四年,医药卫生大类,医学技术类,人体解剖生理学、临床医学概论、医学检验技术、医学影像技术、病理检验技术、仪器分析、质量控制、临床实训,category_template,rysxai课程文本未抽出课程名,库内未命中,头部/强研究型：核心课不一定换名称，但会加深数学/理论和研究训练，重点看理论深度、科研训练、交叉前沿、学术写作；样例：库内未命中该层次开设样例,库内未命中,区域重点/特色优势：核心课保持完整，通常叠加地方产业、行业场景、实验项目和专业方向模块；样例：库内未命中该层次开设样例,广东江门中医药职业学院、郑州铁路职业技术学院、上海震旦职业学院、云南外事外语职业学院、云南新兴职业学院,普通应用/职业供给：更强调岗位技能、项目实训、证书衔接、综合实践，课程呈现更实训化、工具化；样例：广东江门中医药职业学院、郑州铁路职业技术学院、上海震旦职业学院、云南外事外语职业学院、云南新兴职业学院
320601,康复治疗,本科(职业),理学学士,四年,医药卫生大类,康复治疗类,专业导论、专业核心理论、专业方法与工具、实验/实践课程、方向模块课程、课程设计、毕业论文/设计,category_template,未匹配rysxai课程文本,库内未命中,头部/强研究型：核心课不一定换名称，但会加深数学/理论和研究训练，重点看理论深度、科研训练、交叉前沿、学术写作；样例：库内未命中该层次开设样例,井冈山大学、吉林体育学院,区域重点/特色优势：核心课保持完整，通常叠加地方产业、行业场景、实验项目和专业方向模块；样例：井冈山大学、吉林体育学院,民政职业大学、贵阳康养职业大学、辽宁何氏医学院、运城职业技术大学、河南科技职业大学,普通应用/职业供给：更强调岗位技能、项目实训、证书衔接、综合实践，课程呈现更实训化、工具化；样例：民政职业大学、贵阳康养职业大学、辽宁何氏医学院、运城职业技术大学、河南科技职业大学
320602,康复辅助器具技术,本科(职业),工学学士,四年,医药卫生大类,康复治疗类,专业导论、专业核心理论、专业方法与工具、实验/实践课程、方向模块课程、课程设计、毕业论文/设计,category_template,rysxai课程文本未抽出课程名,库内未命中,头部/强研究型：核心课不一定换名称，但会加深数学/理论和研究训练，重点看理论深度、科研训练、交叉前沿、学术写作；样例：库内未命中该层次开设样例,库内未命中,区域重点/特色优势：核心课保持完整，通常叠加地方产业、行业场景、实验项目和专业方向模块；样例：库内未命中该层次开设样例,民政职业大学、豫北医学院、贵阳康养职业大学、重庆电子科技职业大学、东莞职业技术学院,普通应用/职业供给：更强调岗位技能、项目实训、证书衔接、综合实践，课程呈现更实训化、工具化；样例：民政职业大学、豫北医学院、贵阳康养职业大学、重庆电子科技职业大学、东莞职业技术学院
320603,言语听觉治疗技术,本科(职业),理学学士,四年,医药卫生大类,康复治疗类,专业导论、专业核心理论、专业方法与工具、实验/实践课程、方向模块课程、课程设计、毕业论文/设计,category_template,未匹配rysxai课程文本,库内未命中,头部/强研究型：核心课不一定换名称，但会加深数学/理论和研究训练，重点看理论深度、科研训练、交叉前沿、学术写作；样例：库内未命中该层次开设样例,库内未命中,区域重点/特色优势：核心课保持完整，通常叠加地方产业、行业场景、实验项目和专业方向模块；样例：库内未命中该层次开设样例,贵阳康养职业大学,普通应用/职业供给：更强调岗位技能、项目实训、证书衔接、综合实践，课程呈现更实训化、工具化；样例：贵阳康养职业大学
320604,儿童康复治疗,本科(职业),理学学士,四年,医药卫生大类,康复治疗类,专业导论、专业核心理论、专业方法与工具、实验/实践课程、方向模块课程、课程设计、毕业论文/设计,category_template,未匹配rysxai课程文本,库内未命中,头部/强研究型：核心课不一定换名称，但会加深数学/理论和研究训练，重点看理论深度、科研训练、交叉前沿、学术写作；样例：库内未命中该层次开设样例,库内未命中,区域重点/特色优势：核心课保持完整，通常叠加地方产业、行业场景、实验项目和专业方向模块；样例：库内未命中该层次开设样例,豫章师范学院、贵阳康养职业大学,普通应用/职业供给：更强调岗位技能、项目实训、证书衔接、综合实践，课程呈现更实训化、工具化；样例：豫章师范学院、贵阳康养职业大学
320701,公共卫生管理,本科(职业),管理学学士,四年,医药卫生大类,公共卫生与卫生管理类,专业导论、专业核心理论、专业方法与工具、实验/实践课程、方向模块课程、课程设计、毕业论文/设计,category_template,rysxai课程文本未抽出课程名,库内未命中,头部/强研究型：核心课不一定换名称，但会加深数学/理论和研究训练，重点看理论深度、科研训练、交叉前沿、学术写作；样例：库内未命中该层次开设样例,邢台医学院,区域重点/特色优势：核心课保持完整，通常叠加地方产业、行业场景、实验项目和专业方向模块；样例：邢台医学院,贵阳康养职业大学、新疆和田学院、安徽第二医学院、保山中医药高等专科学校、唐山职业技术学院,普通应用/职业供给：更强调岗位技能、项目实训、证书衔接、综合实践，课程呈现更实训化、工具化；样例：贵阳康养职业大学、新疆和田学院、安徽第二医学院、保山中医药高等专科学校、唐山职业技术学院
320702,职业卫生工程技术,本科(职业),工学学士,四年,医药卫生大类,公共卫生与卫生管理类,专业导论、专业核心理论、专业方法与工具、实验/实践课程、方向模块课程、课程设计、毕业论文/设计,category_template,未匹配rysxai课程文本,库内未命中,头部/强研究型：核心课不一定换名称，但会加深数学/理论和研究训练，重点看理论深度、科研训练、交叉前沿、学术写作；样例：库内未命中该层次开设样例,库内未命中,区域重点/特色优势：核心课保持完整，通常叠加地方产业、行业场景、实验项目和专业方向模块；样例：库内未命中该层次开设样例,库内未命中,普通应用/职业供给：更强调岗位技能、项目实训、证书衔接、综合实践，课程呈现更实训化、工具化；样例：库内未命中该层次开设样例
320703,职业病危害检测评价技术,本科(职业),"理学学士,工学学士",四年,医药卫生大类,公共卫生与卫生管理类,专业导论、专业核心理论、专业方法与工具、实验/实践课程、方向模块课程、课程设计、毕业论文/设计,category_template,未匹配rysxai课程文本,库内未命中,头部/强研究型：核心课不一定换名称，但会加深数学/理论和研究训练，重点看理论深度、科研训练、交叉前沿、学术写作；样例：库内未命中该层次开设样例,库内未命中,区域重点/特色优势：核心课保持完整，通常叠加地方产业、行业场景、实验项目和专业方向模块；样例：库内未命中该层次开设样例,贵阳康养职业大学,普通应用/职业供给：更强调岗位技能、项目实训、证书衔接、综合实践，课程呈现更实训化、工具化；样例：贵阳康养职业大学
320801,健康管理,本科(职业),管理学学士,四年,医药卫生大类,健康管理与促进类,专业导论、专业核心理论、专业方法与工具、实验/实践课程、方向模块课程、课程设计、毕业论文/设计,category_template,rysxai课程文本未抽出课程名,库内未命中,头部/强研究型：核心课不一定换名称，但会加深数学/理论和研究训练，重点看理论深度、科研训练、交叉前沿、学术写作；样例：库内未命中该层次开设样例,鞍山师范学院、曲靖健康医学院、青岛恒星科技学院、海口经济学院、东营职业学院,区域重点/特色优势：核心课保持完整，通常叠加地方产业、行业场景、实验项目和专业方向模块；样例：鞍山师范学院、曲靖健康医学院、青岛恒星科技学院、海口经济学院、东营职业学院,民政职业大学、肇庆医学院、贵阳康养职业大学、重庆电子科技职业大学、河北工业职业技术大学,普通应用/职业供给：更强调岗位技能、项目实训、证书衔接、综合实践，课程呈现更实训化、工具化；样例：民政职业大学、肇庆医学院、贵阳康养职业大学、重庆电子科技职业大学、河北工业职业技术大学
320802,婴幼儿发展与健康管理,本科(职业),管理学学士,四年,医药卫生大类,健康管理与促进类,儿童发展心理学、婴幼儿保育与健康管理、婴幼儿早期教育指导、婴幼儿心理测评与干预、婴幼儿营养配餐与喂养指导、婴幼儿护理实训、早期教育活动设计与实施、婴幼儿健康评估实训、亲子活动组织与指导实践、专业导论,rysxai_major_course,,库内未命中,头部/强研究型：核心课不一定换名称，但会加深数学/理论和研究训练，重点看理论深度、科研训练、交叉前沿、学术写作；样例：库内未命中该层次开设样例,成都师范学院,区域重点/特色优势：核心课保持完整，通常叠加地方产业、行业场景、实验项目和专业方向模块；样例：成都师范学院,齐鲁师范学院、山东女子学院、陕西学前师范学院、金华职业技术大学、贵阳康养职业大学,普通应用/职业供给：更强调岗位技能、项目实训、证书衔接、综合实践，课程呈现更实训化、工具化；样例：齐鲁师范学院、山东女子学院、陕西学前师范学院、金华职业技术大学、贵阳康养职业大学
320803,医养照护与管理,本科(职业),管理学学士,四年,医药卫生大类,健康管理与促进类,专业导论、专业核心理论、专业方法与工具、实验/实践课程、方向模块课程、课程设计、毕业论文/设计,category_template,未匹配rysxai课程文本,库内未命中,头部/强研究型：核心课不一定换名称，但会加深数学/理论和研究训练，重点看理论深度、科研训练、交叉前沿、学术写作；样例：库内未命中该层次开设样例,攀枝花学院,区域重点/特色优势：核心课保持完整，通常叠加地方产业、行业场景、实验项目和专业方向模块；样例：攀枝花学院,南昌医学院、滇西应用技术大学、金华职业技术大学、贵阳康养职业大学、唐山工业职业技术大学,普通应用/职业供给：更强调岗位技能、项目实训、证书衔接、综合实践，课程呈现更实训化、工具化；样例：南昌医学院、滇西应用技术大学、金华职业技术大学、贵阳康养职业大学、唐山工业职业技术大学
320901,眼视光技术,本科(职业),"理学学士,工学学士",四年,医药卫生大类,眼视光类,专业导论、专业核心理论、专业方法与工具、实验/实践课程、方向模块课程、课程设计、毕业论文/设计,category_template,rysxai课程文本未抽出课程名,库内未命中,头部/强研究型：核心课不一定换名称，但会加深数学/理论和研究训练，重点看理论深度、科研训练、交叉前沿、学术写作；样例：库内未命中该层次开设样例,深圳职业技术大学、内蒙古医科大学、上海第二工业大学、上海健康医学院、内蒙古科技大学包头医学院,区域重点/特色优势：核心课保持完整，通常叠加地方产业、行业场景、实验项目和专业方向模块；样例：深圳职业技术大学、内蒙古医科大学、上海第二工业大学、上海健康医学院、内蒙古科技大学包头医学院,贵阳康养职业大学、抚州医药学院、安徽第二医学院、酒泉职业技术大学、乌鲁木齐职业大学,普通应用/职业供给：更强调岗位技能、项目实训、证书衔接、综合实践，课程呈现更实训化、工具化；样例：贵阳康养职业大学、抚州医药学院、安徽第二医学院、酒泉职业技术大学、乌鲁木齐职业大学
530101,财税大数据应用,专科(高职),,三年,财经商贸大类,财政税务类,程序设计、数据结构、数据库系统、概率论与数理统计、机器学习、数据挖掘、大数据平台技术、数据可视化,category_template,rysxai课程文本未抽出课程名,库内未命中,头部/强研究型：核心课不一定换名称，但会加深数学/理论和研究训练，重点看理论深度、科研训练、交叉前沿、学术写作；样例：库内未命中该层次开设样例,深圳信息职业技术大学、内蒙古机电职业技术学院、北京经济管理职业学院、南京铁道职业技术学院、四川财经职业学院,区域重点/特色优势：核心课保持完整，通常叠加地方产业、行业场景、实验项目和专业方向模块；样例：深圳信息职业技术大学、内蒙古机电职业技术学院、北京经济管理职业学院、南京铁道职业技术学院、四川财经职业学院,广西农业职业技术大学、黄河水利职业技术大学、安阳学院、新疆农业职业技术大学、西南财经大学天府学院,普通应用/职业供给：更强调岗位技能、项目实训、证书衔接、综合实践，课程呈现更实训化、工具化；样例：广西农业职业技术大学、黄河水利职业技术大学、安阳学院、新疆农业职业技术大学、西南财经大学天府学院
530102,资产评估与管理,专科(高职),,三年,财经商贸大类,财政税务类,专业导论、岗位基础技能、专业核心技术、设备/软件操作、项目实训、职业规范、综合实训、顶岗实习,category_template,rysxai课程文本未抽出课程名,库内未命中,头部/强研究型：核心课不一定换名称，但会加深数学/理论和研究训练，重点看理论深度、科研训练、交叉前沿、学术写作；样例：库内未命中该层次开设样例,安徽商贸职业技术学院、山西省财政税务专科学校、江西环境工程职业学院、河南经贸职业学院、黑龙江职业学院,区域重点/特色优势：核心课保持完整，通常叠加地方产业、行业场景、实验项目和专业方向模块；样例：安徽商贸职业技术学院、山西省财政税务专科学校、江西环境工程职业学院、河南经贸职业学院、黑龙江职业学院,吉林工商学院、西南财经大学天府学院、内蒙古建筑职业技术大学、云南财经职业学院、佛山职业技术学院,普通应用/职业供给：更强调岗位技能、项目实训、证书衔接、综合实践，课程呈现更实训化、工具化；样例：吉林工商学院、西南财经大学天府学院、内蒙古建筑职业技术大学、云南财经职业学院、佛山职业技术学院
530103,政府采购管理,专科(高职),,三年,财经商贸大类,财政税务类,专业导论、岗位基础技能、专业核心技术、设备/软件操作、项目实训、职业规范、综合实训、顶岗实习,category_template,rysxai课程文本未抽出课程名,库内未命中,头部/强研究型：核心课不一定换名称，但会加深数学/理论和研究训练，重点看理论深度、科研训练、交叉前沿、学术写作；样例：库内未命中该层次开设样例,四川财经职业学院、山西省财政税务专科学校,区域重点/特色优势：核心课保持完整，通常叠加地方产业、行业场景、实验项目和专业方向模块；样例：四川财经职业学院、山西省财政税务专科学校,东莞职业技术学院、云南财经职业学院、贵州财经职业学院、陕西财经职业技术学院、钟山职业技术学院,普通应用/职业供给：更强调岗位技能、项目实训、证书衔接、综合实践，课程呈现更实训化、工具化；样例：东莞职业技术学院、云南财经职业学院、贵州财经职业学院、陕西财经职业技术学院、钟山职业技术学院
530104,财政支出绩效管理,专科(高职),,,财经商贸大类,财政税务类,专业导论、岗位基础技能、专业核心技术、设备/软件操作、项目实训、职业规范、综合实训、顶岗实习,category_template,rysxai课程文本未抽出课程名,库内未命中,头部/强研究型：核心课不一定换名称，但会加深数学/理论和研究训练，重点看理论深度、科研训练、交叉前沿、学术写作；样例：库内未命中该层次开设样例,四川财经职业学院,区域重点/特色优势：核心课保持完整，通常叠加地方产业、行业场景、实验项目和专业方向模块；样例：四川财经职业学院,曲阜远东职业技术学院,普通应用/职业供给：更强调岗位技能、项目实训、证书衔接、综合实践，课程呈现更实训化、工具化；样例：曲阜远东职业技术学院
530201,金融服务与管理,专科(高职),,三年,财经商贸大类,金融类,专业导论、岗位基础技能、专业核心技术、设备/软件操作、项目实训、职业规范、综合实训、顶岗实习,category_template,rysxai课程文本未抽出课程名,库内未命中,头部/强研究型：核心课不一定换名称，但会加深数学/理论和研究训练，重点看理论深度、科研训练、交叉前沿、学术写作；样例：库内未命中该层次开设样例,深圳职业技术大学、深圳信息职业技术大学、顺德职业技术大学、广州职业技术大学、烟台南山学院,区域重点/特色优势：核心课保持完整，通常叠加地方产业、行业场景、实验项目和专业方向模块；样例：深圳职业技术大学、深圳信息职业技术大学、顺德职业技术大学、广州职业技术大学、烟台南山学院,山东管理学院、吉林工商学院、广西职业师范学院、河南财政金融学院、武汉职业技术大学,普通应用/职业供给：更强调岗位技能、项目实训、证书衔接、综合实践，课程呈现更实训化、工具化；样例：山东管理学院、吉林工商学院、广西职业师范学院、河南财政金融学院、武汉职业技术大学
530202,金融科技应用,专科(高职),,三年,财经商贸大类,金融类,专业导论、岗位基础技能、专业核心技术、设备/软件操作、项目实训、职业规范、综合实训、顶岗实习,category_template,rysxai课程文本未抽出课程名,库内未命中,头部/强研究型：核心课不一定换名称，但会加深数学/理论和研究训练，重点看理论深度、科研训练、交叉前沿、学术写作；样例：库内未命中该层次开设样例,深圳职业技术大学、广州职业技术大学、海口经济学院、江西软件职业技术大学、北京信息职业技术学院,区域重点/特色优势：核心课保持完整，通常叠加地方产业、行业场景、实验项目和专业方向模块；样例：深圳职业技术大学、广州职业技术大学、海口经济学院、江西软件职业技术大学、北京信息职业技术学院,济宁学院、山东青年政治学院、苏州职业技术大学、广西农业职业技术大学、南宁职业技术大学,普通应用/职业供给：更强调岗位技能、项目实训、证书衔接、综合实践，课程呈现更实训化、工具化；样例：济宁学院、山东青年政治学院、苏州职业技术大学、广西农业职业技术大学、南宁职业技术大学
530203,保险实务,专科(高职),,三年,财经商贸大类,金融类,专业导论、岗位基础技能、专业核心技术、设备/软件操作、项目实训、职业规范、综合实训、顶岗实习,category_template,rysxai课程文本未抽出课程名,库内未命中,头部/强研究型：核心课不一定换名称，但会加深数学/理论和研究训练，重点看理论深度、科研训练、交叉前沿、学术写作；样例：库内未命中该层次开设样例,四川邮电职业技术学院、山西省财政税务专科学校、浙江金融职业学院、石家庄邮电职业技术学院,区域重点/特色优势：核心课保持完整，通常叠加地方产业、行业场景、实验项目和专业方向模块；样例：四川邮电职业技术学院、山西省财政税务专科学校、浙江金融职业学院、石家庄邮电职业技术学院,长春汽车职业技术大学、安徽第二医学院、保险职业学院、台州科技职业学院、四川铁道职业学院,普通应用/职业供给：更强调岗位技能、项目实训、证书衔接、综合实践，课程呈现更实训化、工具化；样例：长春汽车职业技术大学、安徽第二医学院、保险职业学院、台州科技职业学院、四川铁道职业学院
530204,信用管理,专科(高职),,三年,财经商贸大类,金融类,专业导论、岗位基础技能、专业核心技术、设备/软件操作、项目实训、职业规范、综合实训、顶岗实习,category_template,rysxai课程文本未抽出课程名,北京理工大学、中国人民大学、西南财经大学,头部/强研究型：核心课不一定换名称，但会加深数学/理论和研究训练，重点看理论深度、科研训练、交叉前沿、学术写作；样例：北京理工大学、中国人民大学、西南财经大学,上海师范大学、浙江财经大学、南京审计大学、天津财经大学、河南财经政法大学,区域重点/特色优势：核心课保持完整，通常叠加地方产业、行业场景、实验项目和专业方向模块；样例：上海师范大学、浙江财经大学、南京审计大学、天津财经大学、河南财经政法大学,哈尔滨金融学院、重庆财经学院、郑州经贸学院、重庆工商大学派斯学院、兰州工商学院,普通应用/职业供给：更强调岗位技能、项目实训、证书衔接、综合实践，课程呈现更实训化、工具化；样例：哈尔滨金融学院、重庆财经学院、郑州经贸学院、重庆工商大学派斯学院、兰州工商学院
530205,财富管理,专科(高职),,三年,财经商贸大类,金融类,专业导论、岗位基础技能、专业核心技术、设备/软件操作、项目实训、职业规范、综合实训、顶岗实习,category_template,rysxai课程文本未抽出课程名,库内未命中,头部/强研究型：核心课不一定换名称，但会加深数学/理论和研究训练，重点看理论深度、科研训练、交叉前沿、学术写作；样例：库内未命中该层次开设样例,深圳信息职业技术大学、广州职业技术大学、武汉工商学院、海口经济学院、北京经济管理职业学院,区域重点/特色优势：核心课保持完整，通常叠加地方产业、行业场景、实验项目和专业方向模块；样例：深圳信息职业技术大学、广州职业技术大学、武汉工商学院、海口经济学院、北京经济管理职业学院,南宁职业技术大学、黄河水利职业技术大学、河北科技工程职业技术大学、安阳学院、淄博职业技术大学,普通应用/职业供给：更强调岗位技能、项目实训、证书衔接、综合实践，课程呈现更实训化、工具化；样例：南宁职业技术大学、黄河水利职业技术大学、河北科技工程职业技术大学、安阳学院、淄博职业技术大学
530206,证券实务,专科(高职),,三年,财经商贸大类,金融类,专业导论、岗位基础技能、专业核心技术、设备/软件操作、项目实训、职业规范、综合实训、顶岗实习,category_template,rysxai课程文本未抽出课程名,库内未命中,头部/强研究型：核心课不一定换名称，但会加深数学/理论和研究训练，重点看理论深度、科研训练、交叉前沿、学术写作；样例：库内未命中该层次开设样例,北京信息职业技术学院、北京经济管理职业学院、北京财贸职业学院、山西省财政税务专科学校、石家庄邮电职业技术学院,区域重点/特色优势：核心课保持完整，通常叠加地方产业、行业场景、实验项目和专业方向模块；样例：北京信息职业技术学院、北京经济管理职业学院、北京财贸职业学院、山西省财政税务专科学校、石家庄邮电职业技术学院,中原科技学院、郑州经贸学院、郑州升达经贸管理学院、武昌理工学院、重庆工商大学派斯学院,普通应用/职业供给：更强调岗位技能、项目实训、证书衔接、综合实践，课程呈现更实训化、工具化；样例：中原科技学院、郑州经贸学院、郑州升达经贸管理学院、武昌理工学院、重庆工商大学派斯学院
530207,国际金融,专科(高职),,三年,财经商贸大类,金融类,专业导论、岗位基础技能、专业核心技术、设备/软件操作、项目实训、职业规范、综合实训、顶岗实习,category_template,rysxai课程文本未抽出课程名,库内未命中,头部/强研究型：核心课不一定换名称，但会加深数学/理论和研究训练，重点看理论深度、科研训练、交叉前沿、学术写作；样例：库内未命中该层次开设样例,河南财经政法大学、广州职业技术大学、浙江树人学院、北京财贸职业学院、天津渤海职业技术学院,区域重点/特色优势：核心课保持完整，通常叠加地方产业、行业场景、实验项目和专业方向模块；样例：河南财经政法大学、广州职业技术大学、浙江树人学院、北京财贸职业学院、天津渤海职业技术学院,北京科技职业大学、江西职业技术大学、温州商学院、广州商学院、山东外事职业大学,普通应用/职业供给：更强调岗位技能、项目实训、证书衔接、综合实践，课程呈现更实训化、工具化；样例：北京科技职业大学、江西职业技术大学、温州商学院、广州商学院、山东外事职业大学
530208,农村金融,专科(高职),,三年,财经商贸大类,金融类,专业导论、岗位基础技能、专业核心技术、设备/软件操作、项目实训、职业规范、综合实训、顶岗实习,category_template,rysxai课程文本未抽出课程名,库内未命中,头部/强研究型：核心课不一定换名称，但会加深数学/理论和研究训练，重点看理论深度、科研训练、交叉前沿、学术写作；样例：库内未命中该层次开设样例,浙江金融职业学院,区域重点/特色优势：核心课保持完整，通常叠加地方产业、行业场景、实验项目和专业方向模块；样例：浙江金融职业学院,广西金融职业技术学院、贵州农业职业学院、辽宁职业学院,普通应用/职业供给：更强调岗位技能、项目实训、证书衔接、综合实践，课程呈现更实训化、工具化；样例：广西金融职业技术学院、贵州农业职业学院、辽宁职业学院
530301,大数据与财务管理,专科(高职),,三年,财经商贸大类,财务会计类,基础会计、财务管理、管理会计、税法、财务报表分析、预算管理、商务数据分析、Python基础、财务共享实训,category_template,rysxai课程文本未抽出课程名,库内未命中,头部/强研究型：核心课不一定换名称，但会加深数学/理论和研究训练，重点看理论深度、科研训练、交叉前沿、学术写作；样例：库内未命中该层次开设样例,桂林理工大学、广东轻工职业技术大学、齐齐哈尔大学、山东政法学院、吉林铁道职业技术大学,区域重点/特色优势：核心课保持完整，通常叠加地方产业、行业场景、实验项目和专业方向模块；样例：桂林理工大学、广东轻工职业技术大学、齐齐哈尔大学、山东政法学院、吉林铁道职业技术大学,吉林警察学院、商丘师范学院、山东青年政治学院、广西职业师范学院、梧州学院,普通应用/职业供给：更强调岗位技能、项目实训、证书衔接、综合实践，课程呈现更实训化、工具化；样例：吉林警察学院、商丘师范学院、山东青年政治学院、广西职业师范学院、梧州学院
530302,大数据与会计,专科(高职),,三年,财经商贸大类,财务会计类,基础会计、财务会计、成本会计、管理会计、税法、财务管理、会计信息系统、商务数据分析、Python基础、财务共享实训,category_template,rysxai课程文本未抽出课程名,内蒙古大学,头部/强研究型：核心课不一定换名称，但会加深数学/理论和研究训练，重点看理论深度、科研训练、交叉前沿、学术写作；样例：内蒙古大学,深圳职业技术大学、深圳信息职业技术大学、内蒙古农业大学、河南财经政法大学、桂林理工大学,区域重点/特色优势：核心课保持完整，通常叠加地方产业、行业场景、实验项目和专业方向模块；样例：深圳职业技术大学、深圳信息职业技术大学、内蒙古农业大学、河南财经政法大学、桂林理工大学,黄淮学院、河南工程学院、山东青年政治学院、山东女子学院、山东管理学院,普通应用/职业供给：更强调岗位技能、项目实训、证书衔接、综合实践，课程呈现更实训化、工具化；样例：黄淮学院、河南工程学院、山东青年政治学院、山东女子学院、山东管理学院
530303,大数据与审计,专科(高职),,三年,财经商贸大类,财务会计类,程序设计、数据结构、数据库系统、概率论与数理统计、机器学习、数据挖掘、大数据平台技术、数据可视化,category_template,rysxai课程文本未抽出课程名,库内未命中,头部/强研究型：核心课不一定换名称，但会加深数学/理论和研究训练，重点看理论深度、科研训练、交叉前沿、学术写作；样例：库内未命中该层次开设样例,广东轻工职业技术大学、广州职业技术大学、江西软件职业技术大学、云南机电职业技术学院、内蒙古化工职业学院,区域重点/特色优势：核心课保持完整，通常叠加地方产业、行业场景、实验项目和专业方向模块；样例：广东轻工职业技术大学、广州职业技术大学、江西软件职业技术大学、云南机电职业技术学院、内蒙古化工职业学院,广西职业师范学院、苏州职业技术大学、广西农业职业技术大学、电子科技大学成都学院、山东财经大学东方学院,普通应用/职业供给：更强调岗位技能、项目实训、证书衔接、综合实践，课程呈现更实训化、工具化；样例：广西职业师范学院、苏州职业技术大学、广西农业职业技术大学、电子科技大学成都学院、山东财经大学东方学院
530304,会计信息管理,专科(高职),,三年,财经商贸大类,财务会计类,基础会计、财务会计、成本会计、管理会计、税法、财务管理、审计基础、会计信息系统,category_template,rysxai课程文本未抽出课程名,库内未命中,头部/强研究型：核心课不一定换名称，但会加深数学/理论和研究训练，重点看理论深度、科研训练、交叉前沿、学术写作；样例：库内未命中该层次开设样例,广州职业技术大学、北京财贸职业学院、合肥职业技术学院、四川财经职业学院、安徽商贸职业技术学院,区域重点/特色优势：核心课保持完整，通常叠加地方产业、行业场景、实验项目和专业方向模块；样例：广州职业技术大学、北京财贸职业学院、合肥职业技术学院、四川财经职业学院、安徽商贸职业技术学院,黄河水利职业技术大学、安阳学院、哈尔滨职业技术大学、成都艺术职业大学、西安明德理工学院,普通应用/职业供给：更强调岗位技能、项目实训、证书衔接、综合实践，课程呈现更实训化、工具化；样例：黄河水利职业技术大学、安阳学院、哈尔滨职业技术大学、成都艺术职业大学、西安明德理工学院
530305,业财数据应用与管理,专科(高职),,三年,财经商贸大类,财务会计类,基础会计、财务会计、成本会计、管理会计、税法、财务管理、审计基础、会计信息系统,category_template,rysxai课程文本未抽出课程名,库内未命中,头部/强研究型：核心课不一定换名称，但会加深数学/理论和研究训练，重点看理论深度、科研训练、交叉前沿、学术写作；样例：库内未命中该层次开设样例,武汉船舶职业技术学院、河南经贸职业学院,区域重点/特色优势：核心课保持完整，通常叠加地方产业、行业场景、实验项目和专业方向模块；样例：武汉船舶职业技术学院、河南经贸职业学院,四川文化艺术学院、咸宁职业技术学院、河南工业贸易职业学院、辽宁经济职业技术学院、辽宁职业学院,普通应用/职业供给：更强调岗位技能、项目实训、证书衔接、综合实践，课程呈现更实训化、工具化；样例：四川文化艺术学院、咸宁职业技术学院、河南工业贸易职业学院、辽宁经济职业技术学院、辽宁职业学院
530306,智能财务系统应用与运维,专科(高职),,三年,财经商贸大类,财务会计类,基础会计、财务会计、成本会计、管理会计、税法、财务管理、审计基础、会计信息系统,category_template,未匹配rysxai课程文本,库内未命中,头部/强研究型：核心课不一定换名称，但会加深数学/理论和研究训练，重点看理论深度、科研训练、交叉前沿、学术写作；样例：库内未命中该层次开设样例,陕西职业技术学院,区域重点/特色优势：核心课保持完整，通常叠加地方产业、行业场景、实验项目和专业方向模块；样例：陕西职业技术学院,河北旅游职业学院,普通应用/职业供给：更强调岗位技能、项目实训、证书衔接、综合实践，课程呈现更实训化、工具化；样例：河北旅游职业学院
530401,统计与大数据分析,专科(高职),,三年,财经商贸大类,统计类,程序设计、数据结构、数据库系统、概率论与数理统计、机器学习、数据挖掘、大数据平台技术、数据可视化,category_template,rysxai课程文本未抽出课程名,库内未命中,头部/强研究型：核心课不一定换名称，但会加深数学/理论和研究训练，重点看理论深度、科研训练、交叉前沿、学术写作；样例：库内未命中该层次开设样例,河南经贸职业学院,区域重点/特色优势：核心课保持完整，通常叠加地方产业、行业场景、实验项目和专业方向模块；样例：河南经贸职业学院,普洱学院、北京科技职业大学、扬州职业技术大学、新疆和田学院、四川工商职业技术学院,普通应用/职业供给：更强调岗位技能、项目实训、证书衔接、综合实践，课程呈现更实训化、工具化；样例：普洱学院、北京科技职业大学、扬州职业技术大学、新疆和田学院、四川工商职业技术学院
530402,统计与会计核算,专科(高职),,三年,财经商贸大类,统计类,基础会计、财务会计、成本会计、管理会计、税法、财务管理、审计基础、会计信息系统,category_template,rysxai课程文本未抽出课程名,库内未命中,头部/强研究型：核心课不一定换名称，但会加深数学/理论和研究训练，重点看理论深度、科研训练、交叉前沿、学术写作；样例：库内未命中该层次开设样例,库内未命中,区域重点/特色优势：核心课保持完整，通常叠加地方产业、行业场景、实验项目和专业方向模块；样例：库内未命中该层次开设样例,齐鲁师范学院、长春汽车职业技术大学、新疆天山职业技术大学、辽宁理工职业大学、三门峡社会管理职业学院,普通应用/职业供给：更强调岗位技能、项目实训、证书衔接、综合实践，课程呈现更实训化、工具化；样例：齐鲁师范学院、长春汽车职业技术大学、新疆天山职业技术大学、辽宁理工职业大学、三门峡社会管理职业学院
530403,市场调查与统计分析,专科(高职),,三年,财经商贸大类,统计类,专业导论、岗位基础技能、专业核心技术、设备/软件操作、项目实训、职业规范、综合实训、顶岗实习,category_template,rysxai课程文本未抽出课程名,库内未命中,头部/强研究型：核心课不一定换名称，但会加深数学/理论和研究训练，重点看理论深度、科研训练、交叉前沿、学术写作；样例：库内未命中该层次开设样例,四川财经职业学院,区域重点/特色优势：核心课保持完整，通常叠加地方产业、行业场景、实验项目和专业方向模块；样例：四川财经职业学院,广东工程职业技术学院、湛江幼儿师范专科学校、德阳科贸职业学院,普通应用/职业供给：更强调岗位技能、项目实训、证书衔接、综合实践，课程呈现更实训化、工具化；样例：广东工程职业技术学院、湛江幼儿师范专科学校、德阳科贸职业学院
530501,国际经济与贸易,专科(高职),,三年,财经商贸大类,经济贸易类,专业导论、岗位基础技能、专业核心技术、设备/软件操作、项目实训、职业规范、综合实训、顶岗实习,category_template,rysxai课程文本未抽出课程名,北京大学、浙江大学、复旦大学、南京大学、武汉大学,头部/强研究型：核心课不一定换名称，但会加深数学/理论和研究训练，重点看理论深度、科研训练、交叉前沿、学术写作；样例：北京大学、浙江大学、复旦大学、南京大学、武汉大学,江西财经大学、浙江工商大学、山东师范大学、广州大学、上海理工大学,区域重点/特色优势：核心课保持完整，通常叠加地方产业、行业场景、实验项目和专业方向模块；样例：江西财经大学、浙江工商大学、山东师范大学、广州大学、上海理工大学,洛阳理工学院、周口师范学院、湘南学院、商丘师范学院、怀化学院,普通应用/职业供给：更强调岗位技能、项目实训、证书衔接、综合实践，课程呈现更实训化、工具化；样例：洛阳理工学院、周口师范学院、湘南学院、商丘师范学院、怀化学院
530502,国际商务,专科(高职),,三年,财经商贸大类,经济贸易类,专业导论、岗位基础技能、专业核心技术、设备/软件操作、项目实训、职业规范、综合实训、顶岗实习,category_template,rysxai课程文本未抽出课程名,华中科技大学、南开大学、中央财经大学、中国政法大学、中南财经政法大学,头部/强研究型：核心课不一定换名称，但会加深数学/理论和研究训练，重点看理论深度、科研训练、交叉前沿、学术写作；样例：华中科技大学、南开大学、中央财经大学、中国政法大学、中南财经政法大学,江西财经大学、浙江工商大学、西交利物浦大学、杭州师范大学、浙江中医药大学,区域重点/特色优势：核心课保持完整，通常叠加地方产业、行业场景、实验项目和专业方向模块；样例：江西财经大学、浙江工商大学、西交利物浦大学、杭州师范大学、浙江中医药大学,浙江水利水电学院、广州航海学院、南阳理工学院、武汉商学院、山东青年政治学院,普通应用/职业供给：更强调岗位技能、项目实训、证书衔接、综合实践，课程呈现更实训化、工具化；样例：浙江水利水电学院、广州航海学院、南阳理工学院、武汉商学院、山东青年政治学院
530503,关务与外贸服务,专科(高职),,三年,财经商贸大类,经济贸易类,专业导论、岗位基础技能、专业核心技术、设备/软件操作、项目实训、职业规范、综合实训、顶岗实习,category_template,rysxai课程文本未抽出课程名,库内未命中,头部/强研究型：核心课不一定换名称，但会加深数学/理论和研究训练，重点看理论深度、科研训练、交叉前沿、学术写作；样例：库内未命中该层次开设样例,深圳信息职业技术大学、上海商学院、桂林航天工业学院、青岛恒星科技学院、云南交通职业技术学院,区域重点/特色优势：核心课保持完整，通常叠加地方产业、行业场景、实验项目和专业方向模块；样例：深圳信息职业技术大学、上海商学院、桂林航天工业学院、青岛恒星科技学院、云南交通职业技术学院,新疆农业职业技术大学、新疆交通职业技术大学、安徽职业技术大学、芜湖职业技术大学、新疆天山职业技术大学,普通应用/职业供给：更强调岗位技能、项目实训、证书衔接、综合实践，课程呈现更实训化、工具化；样例：新疆农业职业技术大学、新疆交通职业技术大学、安徽职业技术大学、芜湖职业技术大学、新疆天山职业技术大学
530504,服务外包,专科(高职),,三年,财经商贸大类,经济贸易类,专业导论、岗位基础技能、专业核心技术、设备/软件操作、项目实训、职业规范、综合实训、顶岗实习,category_template,rysxai课程文本未抽出课程名,库内未命中,头部/强研究型：核心课不一定换名称，但会加深数学/理论和研究训练，重点看理论深度、科研训练、交叉前沿、学术写作；样例：库内未命中该层次开设样例,库内未命中,区域重点/特色优势：核心课保持完整，通常叠加地方产业、行业场景、实验项目和专业方向模块；样例：库内未命中该层次开设样例,库内未命中,普通应用/职业供给：更强调岗位技能、项目实训、证书衔接、综合实践，课程呈现更实训化、工具化；样例：库内未命中该层次开设样例
530505,国际文化贸易,专科(高职),,三年,财经商贸大类,经济贸易类,专业导论、岗位基础技能、专业核心技术、设备/软件操作、项目实训、职业规范、综合实训、顶岗实习,category_template,rysxai课程文本未抽出课程名,库内未命中,头部/强研究型：核心课不一定换名称，但会加深数学/理论和研究训练，重点看理论深度、科研训练、交叉前沿、学术写作；样例：库内未命中该层次开设样例,库内未命中,区域重点/特色优势：核心课保持完整，通常叠加地方产业、行业场景、实验项目和专业方向模块；样例：库内未命中该层次开设样例,湖南外贸职业学院、辽宁商贸职业学院,普通应用/职业供给：更强调岗位技能、项目实训、证书衔接、综合实践，课程呈现更实训化、工具化；样例：湖南外贸职业学院、辽宁商贸职业学院
530506,国际服务贸易,专科(高职),,三年,财经商贸大类,经济贸易类,专业导论、岗位基础技能、专业核心技术、设备/软件操作、项目实训、职业规范、综合实训、顶岗实习,category_template,rysxai课程文本未抽出课程名,库内未命中,头部/强研究型：核心课不一定换名称，但会加深数学/理论和研究训练，重点看理论深度、科研训练、交叉前沿、学术写作；样例：库内未命中该层次开设样例,库内未命中,区域重点/特色优势：核心课保持完整，通常叠加地方产业、行业场景、实验项目和专业方向模块；样例：库内未命中该层次开设样例,江西财经职业学院,普通应用/职业供给：更强调岗位技能、项目实训、证书衔接、综合实践，课程呈现更实训化、工具化；样例：江西财经职业学院
530601,工商企业管理,专科(高职),,三年,财经商贸大类,工商管理类,建议12、管理学、经济学、会计学、财务管理、市场营销、组织行为学、运营管理、战略管理,rysxai_major_course+category_template,,库内未命中,头部/强研究型：核心课不一定换名称，但会加深数学/理论和研究训练，重点看理论深度、科研训练、交叉前沿、学术写作；样例：库内未命中该层次开设样例,深圳职业技术大学、深圳信息职业技术大学、河南财经政法大学、华北理工大学、临沂大学,区域重点/特色优势：核心课保持完整，通常叠加地方产业、行业场景、实验项目和专业方向模块；样例：深圳职业技术大学、深圳信息职业技术大学、河南财经政法大学、华北理工大学、临沂大学,浙江水利水电学院、山东管理学院、广西职业师范学院、桂林旅游学院、百色学院,普通应用/职业供给：更强调岗位技能、项目实训、证书衔接、综合实践，课程呈现更实训化、工具化；样例：浙江水利水电学院、山东管理学院、广西职业师范学院、桂林旅游学院、百色学院
530602,连锁经营与管理,专科(高职),,三年,财经商贸大类,工商管理类,管理学、经济学、会计学、财务管理、市场营销、组织行为学、运营管理、战略管理,category_template,rysxai课程文本未抽出课程名,库内未命中,头部/强研究型：核心课不一定换名称，但会加深数学/理论和研究训练，重点看理论深度、科研训练、交叉前沿、学术写作；样例：库内未命中该层次开设样例,内蒙古农业大学、上海工程技术大学、天津中德应用技术大学、昌吉学院、青岛恒星科技学院,区域重点/特色优势：核心课保持完整，通常叠加地方产业、行业场景、实验项目和专业方向模块；样例：内蒙古农业大学、上海工程技术大学、天津中德应用技术大学、昌吉学院、青岛恒星科技学院,武汉职业技术大学、柳州职业技术大学、无锡职业技术大学、兰州石化职业技术大学、酒泉职业技术大学,普通应用/职业供给：更强调岗位技能、项目实训、证书衔接、综合实践，课程呈现更实训化、工具化；样例：武汉职业技术大学、柳州职业技术大学、无锡职业技术大学、兰州石化职业技术大学、酒泉职业技术大学
530603,商务管理,专科(高职),,三年,财经商贸大类,工商管理类,管理学、经济学、会计学、财务管理、市场营销、组织行为学、运营管理、战略管理,category_template,rysxai课程文本未抽出课程名,库内未命中,头部/强研究型：核心课不一定换名称，但会加深数学/理论和研究训练，重点看理论深度、科研训练、交叉前沿、学术写作；样例：库内未命中该层次开设样例,上海应用技术大学、浙江越秀外国语学院、海口经济学院、山东商业职业技术学院、广东工贸职业技术学院,区域重点/特色优势：核心课保持完整，通常叠加地方产业、行业场景、实验项目和专业方向模块；样例：上海应用技术大学、浙江越秀外国语学院、海口经济学院、山东商业职业技术学院、广东工贸职业技术学院,山东财经大学东方学院、宁夏工商职业技术大学、新疆农业职业技术大学、郑州工业应用技术学院、泰山科技学院,普通应用/职业供给：更强调岗位技能、项目实训、证书衔接、综合实践，课程呈现更实训化、工具化；样例：山东财经大学东方学院、宁夏工商职业技术大学、新疆农业职业技术大学、郑州工业应用技术学院、泰山科技学院
530604,中小企业创业与经营,专科(高职),,三年,财经商贸大类,工商管理类,管理学、经济学、会计学、财务管理、市场营销、组织行为学、运营管理、战略管理,category_template,rysxai课程文本未抽出课程名,库内未命中,头部/强研究型：核心课不一定换名称，但会加深数学/理论和研究训练，重点看理论深度、科研训练、交叉前沿、学术写作；样例：库内未命中该层次开设样例,内蒙古化工职业学院、山东商业职业技术学院、武汉软件工程职业学院、江苏经贸职业技术学院、河南经贸职业学院,区域重点/特色优势：核心课保持完整，通常叠加地方产业、行业场景、实验项目和专业方向模块；样例：内蒙古化工职业学院、山东商业职业技术学院、武汉软件工程职业学院、江苏经贸职业技术学院、河南经贸职业学院,长春职业技术大学、山东外国语职业技术大学、青岛农业大学海都学院、三明医学科技职业学院、北海职业学院,普通应用/职业供给：更强调岗位技能、项目实训、证书衔接、综合实践，课程呈现更实训化、工具化；样例：长春职业技术大学、山东外国语职业技术大学、青岛农业大学海都学院、三明医学科技职业学院、北海职业学院
530605,市场营销,专科(高职),,三年,财经商贸大类,工商管理类,管理学、经济学、会计学、财务管理、市场营销、组织行为学、运营管理、战略管理,category_template,rysxai课程文本未抽出课程名,北京大学、复旦大学、南京大学、武汉大学、华中科技大学,头部/强研究型：核心课不一定换名称，但会加深数学/理论和研究训练，重点看理论深度、科研训练、交叉前沿、学术写作；样例：北京大学、复旦大学、南京大学、武汉大学、华中科技大学,江西财经大学、浙江工商大学、西交利物浦大学、广州大学、昆明理工大学,区域重点/特色优势：核心课保持完整，通常叠加地方产业、行业场景、实验项目和专业方向模块；样例：江西财经大学、浙江工商大学、西交利物浦大学、广州大学、昆明理工大学,洛阳理工学院、许昌学院、黄淮学院、河南工程学院、南阳理工学院,普通应用/职业供给：更强调岗位技能、项目实训、证书衔接、综合实践，课程呈现更实训化、工具化；样例：洛阳理工学院、许昌学院、黄淮学院、河南工程学院、南阳理工学院
530606,数智营销,专科(高职),,三年,财经商贸大类,工商管理类,管理学、经济学、会计学、财务管理、市场营销、组织行为学、运营管理、战略管理,category_template,未匹配rysxai课程文本,库内未命中,头部/强研究型：核心课不一定换名称，但会加深数学/理论和研究训练，重点看理论深度、科研训练、交叉前沿、学术写作；样例：库内未命中该层次开设样例,徐州工业职业技术学院,区域重点/特色优势：核心课保持完整，通常叠加地方产业、行业场景、实验项目和专业方向模块；样例：徐州工业职业技术学院,河北旅游职业学院,普通应用/职业供给：更强调岗位技能、项目实训、证书衔接、综合实践，课程呈现更实训化、工具化；样例：河北旅游职业学院
530701,电子商务,专科(高职),,三年,财经商贸大类,电子商务类,电子商务概论、网络营销、电子商务运营、数据库基础、网页设计、商务数据分析、供应链管理、跨境电商,category_template,rysxai课程文本未抽出课程名,南京大学、武汉大学、西安交通大学、哈尔滨工业大学、天津大学,头部/强研究型：核心课不一定换名称，但会加深数学/理论和研究训练，重点看理论深度、科研训练、交叉前沿、学术写作；样例：南京大学、武汉大学、西安交通大学、哈尔滨工业大学、天津大学,江西财经大学、浙江工商大学、山东师范大学、广州大学、燕山大学,区域重点/特色优势：核心课保持完整，通常叠加地方产业、行业场景、实验项目和专业方向模块；样例：江西财经大学、浙江工商大学、山东师范大学、广州大学、燕山大学,洛阳理工学院、许昌学院、商丘师范学院、重庆第二师范学院、黄淮学院,普通应用/职业供给：更强调岗位技能、项目实训、证书衔接、综合实践，课程呈现更实训化、工具化；样例：洛阳理工学院、许昌学院、商丘师范学院、重庆第二师范学院、黄淮学院
530702,跨境电子商务,专科(高职),,三年,财经商贸大类,电子商务类,电子商务概论、网络营销、电子商务运营、数据库基础、网页设计、商务数据分析、供应链管理、跨境电商,category_template,rysxai课程文本未抽出课程名,华南师范大学、中国传媒大学、内蒙古大学、西北政法大学,头部/强研究型：核心课不一定换名称，但会加深数学/理论和研究训练，重点看理论深度、科研训练、交叉前沿、学术写作；样例：华南师范大学、中国传媒大学、内蒙古大学、西北政法大学,西安理工大学、山东财经大学、深圳职业技术大学、哈尔滨理工大学、嘉兴大学,区域重点/特色优势：核心课保持完整，通常叠加地方产业、行业场景、实验项目和专业方向模块；样例：西安理工大学、山东财经大学、深圳职业技术大学、哈尔滨理工大学、嘉兴大学,怀化学院、南昌师范学院、广州航海学院、齐鲁师范学院、太原工业学院,普通应用/职业供给：更强调岗位技能、项目实训、证书衔接、综合实践，课程呈现更实训化、工具化；样例：怀化学院、南昌师范学院、广州航海学院、齐鲁师范学院、太原工业学院
530703,移动商务,专科(高职),,三年,财经商贸大类,电子商务类,电子商务概论、网络营销、电子商务运营、数据库基础、网页设计、商务数据分析、供应链管理、跨境电商,category_template,rysxai课程文本未抽出课程名,库内未命中,头部/强研究型：核心课不一定换名称，但会加深数学/理论和研究训练，重点看理论深度、科研训练、交叉前沿、学术写作；样例：库内未命中该层次开设样例,四川财经职业学院、安徽商贸职业技术学院、江苏经贸职业技术学院、江西外语外贸职业学院、浙江商业职业技术学院,区域重点/特色优势：核心课保持完整，通常叠加地方产业、行业场景、实验项目和专业方向模块；样例：四川财经职业学院、安徽商贸职业技术学院、江苏经贸职业技术学院、江西外语外贸职业学院、浙江商业职业技术学院,山东外事职业大学、云南水利水电职业学院、南京机电职业技术学院、四川文化产业职业学院、安徽国际商务职业学院,普通应用/职业供给：更强调岗位技能、项目实训、证书衔接、综合实践，课程呈现更实训化、工具化；样例：山东外事职业大学、云南水利水电职业学院、南京机电职业技术学院、四川文化产业职业学院、安徽国际商务职业学院
530704,网络营销与直播电商,专科(高职),,三年,财经商贸大类,电子商务类,电子商务概论、网络营销、电子商务运营、数据库基础、网页设计、商务数据分析、供应链管理、跨境电商,category_template,rysxai课程文本未抽出课程名,库内未命中,头部/强研究型：核心课不一定换名称，但会加深数学/理论和研究训练，重点看理论深度、科研训练、交叉前沿、学术写作；样例：库内未命中该层次开设样例,桂林理工大学、顺德职业技术大学、义乌工商职业技术学院、云南交通职业技术学院、南京信息职业技术学院,区域重点/特色优势：核心课保持完整，通常叠加地方产业、行业场景、实验项目和专业方向模块；样例：桂林理工大学、顺德职业技术大学、义乌工商职业技术学院、云南交通职业技术学院、南京信息职业技术学院,广西职业师范学院、柳州职业技术大学、黄河水利职业技术大学、安阳学院、山东财经大学东方学院,普通应用/职业供给：更强调岗位技能、项目实训、证书衔接、综合实践，课程呈现更实训化、工具化；样例：广西职业师范学院、柳州职业技术大学、黄河水利职业技术大学、安阳学院、山东财经大学东方学院
530705,农村电子商务,专科(高职),,三年,财经商贸大类,电子商务类,电子商务概论、网络营销、电子商务运营、数据库基础、网页设计、商务数据分析、供应链管理、跨境电商,category_template,rysxai课程文本未抽出课程名,库内未命中,头部/强研究型：核心课不一定换名称，但会加深数学/理论和研究训练，重点看理论深度、科研训练、交叉前沿、学术写作；样例：库内未命中该层次开设样例,四川财经职业学院,区域重点/特色优势：核心课保持完整，通常叠加地方产业、行业场景、实验项目和专业方向模块；样例：四川财经职业学院,临沂职业学院、保山职业学院、山西林业职业技术学院、广东松山职业技术学院、广东理工职业学院,普通应用/职业供给：更强调岗位技能、项目实训、证书衔接、综合实践，课程呈现更实训化、工具化；样例：临沂职业学院、保山职业学院、山西林业职业技术学院、广东松山职业技术学院、广东理工职业学院
530706,商务数据分析与应用,专科(高职),,三年,财经商贸大类,电子商务类,电子商务概论、网络营销、电子商务运营、数据库基础、网页设计、商务数据分析、供应链管理、跨境电商,category_template,rysxai课程文本未抽出课程名,库内未命中,头部/强研究型：核心课不一定换名称，但会加深数学/理论和研究训练，重点看理论深度、科研训练、交叉前沿、学术写作；样例：库内未命中该层次开设样例,广东轻工职业技术大学、浙江树人学院、烟台南山学院、义乌工商职业技术学院、内蒙古机电职业技术学院,区域重点/特色优势：核心课保持完整，通常叠加地方产业、行业场景、实验项目和专业方向模块；样例：广东轻工职业技术大学、浙江树人学院、烟台南山学院、义乌工商职业技术学院、内蒙古机电职业技术学院,德宏师范学院、浙江机电职业技术大学、武汉职业技术大学、金华职业技术大学、河北工业职业技术大学,普通应用/职业供给：更强调岗位技能、项目实训、证书衔接、综合实践，课程呈现更实训化、工具化；样例：德宏师范学院、浙江机电职业技术大学、武汉职业技术大学、金华职业技术大学、河北工业职业技术大学
530801,物流工程技术,专科(高职),,三年,财经商贸大类,物流类,专业导论、岗位基础技能、专业核心技术、设备/软件操作、项目实训、职业规范、综合实训、顶岗实习,category_template,rysxai课程文本未抽出课程名,库内未命中,头部/强研究型：核心课不一定换名称，但会加深数学/理论和研究训练，重点看理论深度、科研训练、交叉前沿、学术写作；样例：库内未命中该层次开设样例,云南交通职业技术学院、云南机电职业技术学院、广西职业技术学院、河北交通职业技术学院、潍坊职业学院,区域重点/特色优势：核心课保持完整，通常叠加地方产业、行业场景、实验项目和专业方向模块；样例：云南交通职业技术学院、云南机电职业技术学院、广西职业技术学院、河北交通职业技术学院、潍坊职业学院,重庆电子科技职业大学、长春汽车职业技术大学、山东外国语职业技术大学、山西工程科技职业大学、景德镇艺术职业大学,普通应用/职业供给：更强调岗位技能、项目实训、证书衔接、综合实践，课程呈现更实训化、工具化；样例：重庆电子科技职业大学、长春汽车职业技术大学、山东外国语职业技术大学、山西工程科技职业大学、景德镇艺术职业大学
530802,现代物流管理,专科(高职),,三年,财经商贸大类,物流类,专业导论、岗位基础技能、专业核心技术、设备/软件操作、项目实训、职业规范、综合实训、顶岗实习,category_template,rysxai课程文本未抽出课程名,库内未命中,头部/强研究型：核心课不一定换名称，但会加深数学/理论和研究训练，重点看理论深度、科研训练、交叉前沿、学术写作；样例：库内未命中该层次开设样例,深圳职业技术大学、深圳信息职业技术大学、内蒙古农业大学、桂林理工大学、临沂大学,区域重点/特色优势：核心课保持完整，通常叠加地方产业、行业场景、实验项目和专业方向模块；样例：深圳职业技术大学、深圳信息职业技术大学、内蒙古农业大学、桂林理工大学、临沂大学,山东农业工程学院、广西职业师范学院、河南牧业经济学院、河南财政金融学院、德宏师范学院,普通应用/职业供给：更强调岗位技能、项目实训、证书衔接、综合实践，课程呈现更实训化、工具化；样例：山东农业工程学院、广西职业师范学院、河南牧业经济学院、河南财政金融学院、德宏师范学院
530803,航空物流管理,专科(高职),,三年,财经商贸大类,物流类,专业导论、岗位基础技能、专业核心技术、设备/软件操作、项目实训、职业规范、综合实训、顶岗实习,category_template,rysxai课程文本未抽出课程名,库内未命中,头部/强研究型：核心课不一定换名称，但会加深数学/理论和研究训练，重点看理论深度、科研训练、交叉前沿、学术写作；样例：库内未命中该层次开设样例,广州民航职业技术学院、河北交通职业技术学院、西安航空职业技术学院、重庆航天职业技术学院,区域重点/特色优势：核心课保持完整，通常叠加地方产业、行业场景、实验项目和专业方向模块；样例：广州民航职业技术学院、河北交通职业技术学院、西安航空职业技术学院、重庆航天职业技术学院,江西飞行学院、安阳学院、成都航空职业技术大学、湖北师范大学文理学院、青岛工学院,普通应用/职业供给：更强调岗位技能、项目实训、证书衔接、综合实践，课程呈现更实训化、工具化；样例：江西飞行学院、安阳学院、成都航空职业技术大学、湖北师范大学文理学院、青岛工学院
530804,铁路物流管理,专科(高职),,三年,财经商贸大类,物流类,专业导论、岗位基础技能、专业核心技术、设备/软件操作、项目实训、职业规范、综合实训、顶岗实习,category_template,rysxai课程文本未抽出课程名,库内未命中,头部/强研究型：核心课不一定换名称，但会加深数学/理论和研究训练，重点看理论深度、科研训练、交叉前沿、学术写作；样例：库内未命中该层次开设样例,吉林铁道职业技术大学、南京铁道职业技术学院、武汉铁路职业技术学院、湖南铁道职业技术学院、辽宁轨道交通职业学院,区域重点/特色优势：核心课保持完整，通常叠加地方产业、行业场景、实验项目和专业方向模块；样例：吉林铁道职业技术大学、南京铁道职业技术学院、武汉铁路职业技术学院、湖南铁道职业技术学院、辽宁轨道交通职业学院,安徽职业技术大学、包头铁道职业技术学院、唐山科技职业技术学院、天津铁道职业技术学院、山西铁道职业技术学院,普通应用/职业供给：更强调岗位技能、项目实训、证书衔接、综合实践，课程呈现更实训化、工具化；样例：安徽职业技术大学、包头铁道职业技术学院、唐山科技职业技术学院、天津铁道职业技术学院、山西铁道职业技术学院
530805,冷链物流技术与管理,专科(高职),,三年,财经商贸大类,物流类,专业导论、岗位基础技能、专业核心技术、设备/软件操作、项目实训、职业规范、综合实训、顶岗实习,category_template,rysxai课程文本未抽出课程名,库内未命中,头部/强研究型：核心课不一定换名称，但会加深数学/理论和研究训练，重点看理论深度、科研训练、交叉前沿、学术写作；样例：库内未命中该层次开设样例,广州职业技术大学、云南能源职业技术学院、山东商业职业技术学院、河南交通职业技术学院、青岛港湾职业技术学院,区域重点/特色优势：核心课保持完整，通常叠加地方产业、行业场景、实验项目和专业方向模块；样例：广州职业技术大学、云南能源职业技术学院、山东商业职业技术学院、河南交通职业技术学院、青岛港湾职业技术学院,云南农业职业技术学院、南京交通职业技术学院、喀什职业技术学院、四川水利职业技术学院、山东经贸职业学院,普通应用/职业供给：更强调岗位技能、项目实训、证书衔接、综合实践，课程呈现更实训化、工具化；样例：云南农业职业技术学院、南京交通职业技术学院、喀什职业技术学院、四川水利职业技术学院、山东经贸职业学院
530806,港口物流管理,专科(高职),,三年,财经商贸大类,物流类,专业导论、岗位基础技能、专业核心技术、设备/软件操作、项目实训、职业规范、综合实训、顶岗实习,category_template,rysxai课程文本未抽出课程名,库内未命中,头部/强研究型：核心课不一定换名称，但会加深数学/理论和研究训练，重点看理论深度、科研训练、交叉前沿、学术写作；样例：库内未命中该层次开设样例,天津海运职业学院、广西交通职业技术学院,区域重点/特色优势：核心课保持完整，通常叠加地方产业、行业场景、实验项目和专业方向模块；样例：天津海运职业学院、广西交通职业技术学院,芜湖职业技术大学、云南交通运输职业学院、厦门海洋职业技术学院、威海海洋职业学院、武汉海事职业学院,普通应用/职业供给：更强调岗位技能、项目实训、证书衔接、综合实践，课程呈现更实训化、工具化；样例：芜湖职业技术大学、云南交通运输职业学院、厦门海洋职业技术学院、威海海洋职业学院、武汉海事职业学院
530807,工程物流管理,专科(高职),,三年,财经商贸大类,物流类,专业导论、岗位基础技能、专业核心技术、设备/软件操作、项目实训、职业规范、综合实训、顶岗实习,category_template,rysxai课程文本未抽出课程名,库内未命中,头部/强研究型：核心课不一定换名称，但会加深数学/理论和研究训练，重点看理论深度、科研训练、交叉前沿、学术写作；样例：库内未命中该层次开设样例,陕西铁路工程职业技术学院,区域重点/特色优势：核心课保持完整，通常叠加地方产业、行业场景、实验项目和专业方向模块；样例：陕西铁路工程职业技术学院,山西工程科技职业大学、武汉铁路桥梁职业学院、湖北城市建设职业技术学院、湖南现代物流职业技术学院,普通应用/职业供给：更强调岗位技能、项目实训、证书衔接、综合实践，课程呈现更实训化、工具化；样例：山西工程科技职业大学、武汉铁路桥梁职业学院、湖北城市建设职业技术学院、湖南现代物流职业技术学院
530808,采购与供应管理,专科(高职),,三年,财经商贸大类,物流类,专业导论、岗位基础技能、专业核心技术、设备/软件操作、项目实训、职业规范、综合实训、顶岗实习,category_template,rysxai课程文本未抽出课程名,库内未命中,头部/强研究型：核心课不一定换名称，但会加深数学/理论和研究训练，重点看理论深度、科研训练、交叉前沿、学术写作；样例：库内未命中该层次开设样例,广州职业技术大学,区域重点/特色优势：核心课保持完整，通常叠加地方产业、行业场景、实验项目和专业方向模块；样例：广州职业技术大学,柳州职业技术大学、广东交通职业技术学院、成都工贸职业技术学院、江苏城市职业学院、湖北交通职业技术学院,普通应用/职业供给：更强调岗位技能、项目实训、证书衔接、综合实践，课程呈现更实训化、工具化；样例：柳州职业技术大学、广东交通职业技术学院、成都工贸职业技术学院、江苏城市职业学院、湖北交通职业技术学院
530809,智能物流技术,专科(高职),,三年,财经商贸大类,物流类,专业导论、岗位基础技能、专业核心技术、设备/软件操作、项目实训、职业规范、综合实训、顶岗实习,category_template,rysxai课程文本未抽出课程名,库内未命中,头部/强研究型：核心课不一定换名称，但会加深数学/理论和研究训练，重点看理论深度、科研训练、交叉前沿、学术写作；样例：库内未命中该层次开设样例,云南交通职业技术学院、南京信息职业技术学院、天津交通职业学院、安徽商贸职业技术学院、河北交通职业技术学院,区域重点/特色优势：核心课保持完整，通常叠加地方产业、行业场景、实验项目和专业方向模块；样例：云南交通职业技术学院、南京信息职业技术学院、天津交通职业学院、安徽商贸职业技术学院、河北交通职业技术学院,重庆电子科技职业大学、芜湖职业技术大学、内蒙古商贸职业学院、内蒙古电子信息职业技术学院、天津滨海职业学院,普通应用/职业供给：更强调岗位技能、项目实训、证书衔接、综合实践，课程呈现更实训化、工具化；样例：重庆电子科技职业大学、芜湖职业技术大学、内蒙古商贸职业学院、内蒙古电子信息职业技术学院、天津滨海职业学院
530810,供应链运营,专科(高职),,三年,财经商贸大类,物流类,专业导论、岗位基础技能、专业核心技术、设备/软件操作、项目实训、职业规范、综合实训、顶岗实习,category_template,rysxai课程文本未抽出课程名,库内未命中,头部/强研究型：核心课不一定换名称，但会加深数学/理论和研究训练，重点看理论深度、科研训练、交叉前沿、学术写作；样例：库内未命中该层次开设样例,顺德职业技术大学、北京财贸职业学院、广西水利电力职业技术学院、广西职业技术学院、成都职业技术学院,区域重点/特色优势：核心课保持完整，通常叠加地方产业、行业场景、实验项目和专业方向模块；样例：顺德职业技术大学、北京财贸职业学院、广西水利电力职业技术学院、广西职业技术学院、成都职业技术学院,信阳农林学院、宁波职业技术大学、成都航空职业技术大学、东莞职业技术学院、临沂科技职业学院,普通应用/职业供给：更强调岗位技能、项目实训、证书衔接、综合实践，课程呈现更实训化、工具化；样例：信阳农林学院、宁波职业技术大学、成都航空职业技术大学、东莞职业技术学院、临沂科技职业学院
530811,低空物流技术与运营,专科(高职),,三年,财经商贸大类,物流类,专业导论、岗位基础技能、专业核心技术、设备/软件操作、项目实训、职业规范、综合实训、顶岗实习,category_template,未匹配rysxai课程文本,库内未命中,头部/强研究型：核心课不一定换名称，但会加深数学/理论和研究训练，重点看理论深度、科研训练、交叉前沿、学术写作；样例：库内未命中该层次开设样例,库内未命中,区域重点/特色优势：核心课保持完整，通常叠加地方产业、行业场景、实验项目和专业方向模块；样例：库内未命中该层次开设样例,惠州经济职业技术学院、漳州科技职业学院、长沙南方职业学院,普通应用/职业供给：更强调岗位技能、项目实训、证书衔接、综合实践，课程呈现更实训化、工具化；样例：惠州经济职业技术学院、漳州科技职业学院、长沙南方职业学院
540101,旅游管理,专科(高职),,三年,旅游大类,旅游类,课程2、专业导论、岗位基础技能、专业核心技术、设备/软件操作、项目实训、职业规范、综合实训、顶岗实习,rysxai_major_course+category_template,,复旦大学、中山大学、四川大学、南开大学、厦门大学,头部/强研究型：核心课不一定换名称，但会加深数学/理论和研究训练，重点看理论深度、科研训练、交叉前沿、学术写作；样例：复旦大学、中山大学、四川大学、南开大学、厦门大学,江西财经大学、浙江工商大学、山东师范大学、广州大学、青岛大学,区域重点/特色优势：核心课保持完整，通常叠加地方产业、行业场景、实验项目和专业方向模块；样例：江西财经大学、浙江工商大学、山东师范大学、广州大学、青岛大学,湘南学院、许昌学院、重庆第二师范学院、黄淮学院、怀化学院,普通应用/职业供给：更强调岗位技能、项目实训、证书衔接、综合实践，课程呈现更实训化、工具化；样例：湘南学院、许昌学院、重庆第二师范学院、黄淮学院、怀化学院
540102,导游,专科(高职),,三年,旅游大类,旅游类,专业导论、岗位基础技能、专业核心技术、设备/软件操作、项目实训、职业规范、综合实训、顶岗实习,category_template,rysxai课程文本未抽出课程名,库内未命中,头部/强研究型：核心课不一定换名称，但会加深数学/理论和研究训练，重点看理论深度、科研训练、交叉前沿、学术写作；样例：库内未命中该层次开设样例,北京财贸职业学院、哈尔滨铁道职业技术学院、成都职业技术学院、浙江商业职业技术学院、西藏职业技术学院,区域重点/特色优势：核心课保持完整，通常叠加地方产业、行业场景、实验项目和专业方向模块；样例：北京财贸职业学院、哈尔滨铁道职业技术学院、成都职业技术学院、浙江商业职业技术学院、西藏职业技术学院,桂林旅游学院、河北石油职业技术大学、山东财经大学燕山学院、甘肃工业职业技术大学、三峡旅游职业技术学院,普通应用/职业供给：更强调岗位技能、项目实训、证书衔接、综合实践，课程呈现更实训化、工具化；样例：桂林旅游学院、河北石油职业技术大学、山东财经大学燕山学院、甘肃工业职业技术大学、三峡旅游职业技术学院
540103,旅行社经营与管理,专科(高职),,三年,旅游大类,旅游类,专业导论、岗位基础技能、专业核心技术、设备/软件操作、项目实训、职业规范、综合实训、顶岗实习,category_template,rysxai课程文本未抽出课程名,库内未命中,头部/强研究型：核心课不一定换名称，但会加深数学/理论和研究训练，重点看理论深度、科研训练、交叉前沿、学术写作；样例：库内未命中该层次开设样例,库内未命中,区域重点/特色优势：核心课保持完整，通常叠加地方产业、行业场景、实验项目和专业方向模块；样例：库内未命中该层次开设样例,南京旅游职业学院、山东旅游职业学院、河北旅游职业学院、郑州旅游职业学院,普通应用/职业供给：更强调岗位技能、项目实训、证书衔接、综合实践，课程呈现更实训化、工具化；样例：南京旅游职业学院、山东旅游职业学院、河北旅游职业学院、郑州旅游职业学院
540104,定制旅行管理与服务,专科(高职),,三年,旅游大类,旅游类,专业导论、岗位基础技能、专业核心技术、设备/软件操作、项目实训、职业规范、综合实训、顶岗实习,category_template,rysxai课程文本未抽出课程名,库内未命中,头部/强研究型：核心课不一定换名称，但会加深数学/理论和研究训练，重点看理论深度、科研训练、交叉前沿、学术写作；样例：库内未命中该层次开设样例,库内未命中,区域重点/特色优势：核心课保持完整，通常叠加地方产业、行业场景、实验项目和专业方向模块；样例：库内未命中该层次开设样例,新疆农业职业技术大学、佛山职业技术学院、宁夏财经职业技术学院、新疆师范高等专科学校、浙江旅游职业学院,普通应用/职业供给：更强调岗位技能、项目实训、证书衔接、综合实践，课程呈现更实训化、工具化；样例：新疆农业职业技术大学、佛山职业技术学院、宁夏财经职业技术学院、新疆师范高等专科学校、浙江旅游职业学院
540105,研学旅行管理与服务,专科(高职),,三年,旅游大类,旅游类,专业导论、岗位基础技能、专业核心技术、设备/软件操作、项目实训、职业规范、综合实训、顶岗实习,category_template,rysxai课程文本未抽出课程名,库内未命中,头部/强研究型：核心课不一定换名称，但会加深数学/理论和研究训练，重点看理论深度、科研训练、交叉前沿、学术写作；样例：库内未命中该层次开设样例,吉林师范大学、天津现代职业技术学院、武汉城市职业学院、武汉软件工程职业学院、江西现代职业技术学院,区域重点/特色优势：核心课保持完整，通常叠加地方产业、行业场景、实验项目和专业方向模块；样例：吉林师范大学、天津现代职业技术学院、武汉城市职业学院、武汉软件工程职业学院、江西现代职业技术学院,武汉职业技术大学、宁波职业技术大学、贵州轻工职业大学、长春职业技术大学、成都文理学院,普通应用/职业供给：更强调岗位技能、项目实训、证书衔接、综合实践，课程呈现更实训化、工具化；样例：武汉职业技术大学、宁波职业技术大学、贵州轻工职业大学、长春职业技术大学、成都文理学院
540106,酒店管理与数字化运营,专科(高职),,三年,旅游大类,旅游类,专业导论、岗位基础技能、专业核心技术、设备/软件操作、项目实训、职业规范、综合实训、顶岗实习,category_template,rysxai课程文本未抽出课程名,库内未命中,头部/强研究型：核心课不一定换名称，但会加深数学/理论和研究训练，重点看理论深度、科研训练、交叉前沿、学术写作；样例：库内未命中该层次开设样例,深圳职业技术大学、内蒙古农业大学、桂林理工大学、绍兴大学、上海第二工业大学,区域重点/特色优势：核心课保持完整，通常叠加地方产业、行业场景、实验项目和专业方向模块；样例：深圳职业技术大学、内蒙古农业大学、桂林理工大学、绍兴大学、上海第二工业大学,武汉商学院、保定学院、信阳农林学院、吉林工商学院、广西职业师范学院,普通应用/职业供给：更强调岗位技能、项目实训、证书衔接、综合实践，课程呈现更实训化、工具化；样例：武汉商学院、保定学院、信阳农林学院、吉林工商学院、广西职业师范学院
540107,民宿管理与运营,专科(高职),,三年,旅游大类,旅游类,专业导论、岗位基础技能、专业核心技术、设备/软件操作、项目实训、职业规范、综合实训、顶岗实习,category_template,rysxai课程文本未抽出课程名,库内未命中,头部/强研究型：核心课不一定换名称，但会加深数学/理论和研究训练，重点看理论深度、科研训练、交叉前沿、学术写作；样例：库内未命中该层次开设样例,桂林理工大学、海口经济学院、安徽商贸职业技术学院,区域重点/特色优势：核心课保持完整，通常叠加地方产业、行业场景、实验项目和专业方向模块；样例：桂林理工大学、海口经济学院、安徽商贸职业技术学院,黄河水利职业技术大学、上海南湖职业技术学院、临汾职业技术学院、丽江职业技术学院、九江职业大学,普通应用/职业供给：更强调岗位技能、项目实训、证书衔接、综合实践，课程呈现更实训化、工具化；样例：黄河水利职业技术大学、上海南湖职业技术学院、临汾职业技术学院、丽江职业技术学院、九江职业大学
540108,葡萄酒文化与营销,专科(高职),,三年,旅游大类,旅游类,专业导论、岗位基础技能、专业核心技术、设备/软件操作、项目实训、职业规范、综合实训、顶岗实习,category_template,rysxai课程文本未抽出课程名,库内未命中,头部/强研究型：核心课不一定换名称，但会加深数学/理论和研究训练，重点看理论深度、科研训练、交叉前沿、学术写作；样例：库内未命中该层次开设样例,库内未命中,区域重点/特色优势：核心课保持完整，通常叠加地方产业、行业场景、实验项目和专业方向模块；样例：库内未命中该层次开设样例,无锡职业技术大学、宁夏职业技术大学、烟台科技学院、南京旅游职业学院、宁夏葡萄酒与防沙治沙职业技术学院,普通应用/职业供给：更强调岗位技能、项目实训、证书衔接、综合实践，课程呈现更实训化、工具化；样例：无锡职业技术大学、宁夏职业技术大学、烟台科技学院、南京旅游职业学院、宁夏葡萄酒与防沙治沙职业技术学院
540109,茶艺与茶文化,专科(高职),,三年,旅游大类,旅游类,专业导论、岗位基础技能、专业核心技术、设备/软件操作、项目实训、职业规范、综合实训、顶岗实习,category_template,rysxai课程文本未抽出课程名,库内未命中,头部/强研究型：核心课不一定换名称，但会加深数学/理论和研究训练，重点看理论深度、科研训练、交叉前沿、学术写作；样例：库内未命中该层次开设样例,广西职业技术学院、江苏农林职业技术学院、江西环境工程职业学院、浙江经贸职业技术学院、湖南生物机电职业技术学院,区域重点/特色优势：核心课保持完整，通常叠加地方产业、行业场景、实验项目和专业方向模块；样例：广西职业技术学院、江苏农林职业技术学院、江西环境工程职业学院、浙江经贸职业技术学院、湖南生物机电职业技术学院,信阳农林学院、滇西应用技术大学、景德镇艺术职业大学、三峡旅游职业技术学院、九江职业大学,普通应用/职业供给：更强调岗位技能、项目实训、证书衔接、综合实践，课程呈现更实训化、工具化；样例：信阳农林学院、滇西应用技术大学、景德镇艺术职业大学、三峡旅游职业技术学院、九江职业大学
540110,智慧景区开发与管理,专科(高职),,三年,旅游大类,旅游类,专业导论、岗位基础技能、专业核心技术、设备/软件操作、项目实训、职业规范、综合实训、顶岗实习,category_template,rysxai课程文本未抽出课程名,库内未命中,头部/强研究型：核心课不一定换名称，但会加深数学/理论和研究训练，重点看理论深度、科研训练、交叉前沿、学术写作；样例：库内未命中该层次开设样例,成都职业技术学院,区域重点/特色优势：核心课保持完整，通常叠加地方产业、行业场景、实验项目和专业方向模块；样例：成都职业技术学院,南宁职业技术大学、乌鲁木齐职业大学、云南旅游职业学院、宁夏财经职业技术学院、山东旅游职业学院,普通应用/职业供给：更强调岗位技能、项目实训、证书衔接、综合实践，课程呈现更实训化、工具化；样例：南宁职业技术大学、乌鲁木齐职业大学、云南旅游职业学院、宁夏财经职业技术学院、山东旅游职业学院
540111,智慧旅游技术应用,专科(高职),,三年,旅游大类,旅游类,专业导论、岗位基础技能、专业核心技术、设备/软件操作、项目实训、职业规范、综合实训、顶岗实习,category_template,rysxai课程文本未抽出课程名,库内未命中,头部/强研究型：核心课不一定换名称，但会加深数学/理论和研究训练，重点看理论深度、科研训练、交叉前沿、学术写作；样例：库内未命中该层次开设样例,山西省财政税务专科学校、常州机电职业技术学院、海南经贸职业技术学院、重庆电力高等专科学校、黑龙江职业学院,区域重点/特色优势：核心课保持完整，通常叠加地方产业、行业场景、实验项目和专业方向模块；样例：山西省财政税务专科学校、常州机电职业技术学院、海南经贸职业技术学院、重庆电力高等专科学校、黑龙江职业学院,无锡职业技术大学、杭州职业技术大学、淄博职业技术大学、甘肃工业职业技术大学、云南旅游职业学院,普通应用/职业供给：更强调岗位技能、项目实训、证书衔接、综合实践，课程呈现更实训化、工具化；样例：无锡职业技术大学、杭州职业技术大学、淄博职业技术大学、甘肃工业职业技术大学、云南旅游职业学院
540112,会展策划与管理,专科(高职),,三年,旅游大类,旅游类,专业导论、岗位基础技能、专业核心技术、设备/软件操作、项目实训、职业规范、综合实训、顶岗实习,category_template,rysxai课程文本未抽出课程名,库内未命中,头部/强研究型：核心课不一定换名称，但会加深数学/理论和研究训练，重点看理论深度、科研训练、交叉前沿、学术写作；样例：库内未命中该层次开设样例,上海第二工业大学、广东轻工职业技术大学、顺德职业技术大学、广州职业技术大学、北京城市学院,区域重点/特色优势：核心课保持完整，通常叠加地方产业、行业场景、实验项目和专业方向模块；样例：上海第二工业大学、广东轻工职业技术大学、顺德职业技术大学、广州职业技术大学、北京城市学院,武汉职业技术大学、苏州职业技术大学、河北石油职业技术大学、陕西农林职业技术大学、宁夏工商职业技术大学,普通应用/职业供给：更强调岗位技能、项目实训、证书衔接、综合实践，课程呈现更实训化、工具化；样例：武汉职业技术大学、苏州职业技术大学、河北石油职业技术大学、陕西农林职业技术大学、宁夏工商职业技术大学
540113,休闲服务与管理,专科(高职),,三年,旅游大类,旅游类,专业导论、岗位基础技能、专业核心技术、设备/软件操作、项目实训、职业规范、综合实训、顶岗实习,category_template,rysxai课程文本未抽出课程名,库内未命中,头部/强研究型：核心课不一定换名称，但会加深数学/理论和研究训练，重点看理论深度、科研训练、交叉前沿、学术写作；样例：库内未命中该层次开设样例,北京经济管理职业学院、湖南大众传媒职业技术学院、福建信息职业技术学院、长沙商贸旅游职业技术学院,区域重点/特色优势：核心课保持完整，通常叠加地方产业、行业场景、实验项目和专业方向模块；样例：北京经济管理职业学院、湖南大众传媒职业技术学院、福建信息职业技术学院、长沙商贸旅游职业技术学院,桂林旅游学院、丽江文化旅游学院、云南交通运输职业学院、云南体育运动职业技术学院、云南国土资源职业学院,普通应用/职业供给：更强调岗位技能、项目实训、证书衔接、综合实践，课程呈现更实训化、工具化；样例：桂林旅游学院、丽江文化旅游学院、云南交通运输职业学院、云南体育运动职业技术学院、云南国土资源职业学院
540201,餐饮智能管理,专科(高职),,三年,旅游大类,餐饮类,专业导论、岗位基础技能、专业核心技术、设备/软件操作、项目实训、职业规范、综合实训、顶岗实习,category_template,rysxai课程文本未抽出课程名,库内未命中,头部/强研究型：核心课不一定换名称，但会加深数学/理论和研究训练，重点看理论深度、科研训练、交叉前沿、学术写作；样例：库内未命中该层次开设样例,顺德职业技术大学、云南能源职业技术学院、广东食品药品职业学院、浙江商业职业技术学院、福州职业技术学院,区域重点/特色优势：核心课保持完整，通常叠加地方产业、行业场景、实验项目和专业方向模块；样例：顺德职业技术大学、云南能源职业技术学院、广东食品药品职业学院、浙江商业职业技术学院、福州职业技术学院,七台河职业学院、三峡旅游职业技术学院、三明医学科技职业学院、临夏现代职业学院、云南旅游职业学院,普通应用/职业供给：更强调岗位技能、项目实训、证书衔接、综合实践，课程呈现更实训化、工具化；样例：七台河职业学院、三峡旅游职业技术学院、三明医学科技职业学院、临夏现代职业学院、云南旅游职业学院
540202,烹饪工艺与营养,专科(高职),,三年,旅游大类,餐饮类,专业导论、岗位基础技能、专业核心技术、设备/软件操作、项目实训、职业规范、综合实训、顶岗实习,category_template,rysxai课程文本未抽出课程名,库内未命中,头部/强研究型：核心课不一定换名称，但会加深数学/理论和研究训练，重点看理论深度、科研训练、交叉前沿、学术写作；样例：库内未命中该层次开设样例,内蒙古财经大学、顺德职业技术大学、青岛恒星科技学院、云南机电职业技术学院、云南能源职业技术学院,区域重点/特色优势：核心课保持完整，通常叠加地方产业、行业场景、实验项目和专业方向模块；样例：内蒙古财经大学、顺德职业技术大学、青岛恒星科技学院、云南机电职业技术学院、云南能源职业技术学院,武汉商学院、四川旅游学院、信阳农林学院、吉林工商学院、桂林旅游学院,普通应用/职业供给：更强调岗位技能、项目实训、证书衔接、综合实践，课程呈现更实训化、工具化；样例：武汉商学院、四川旅游学院、信阳农林学院、吉林工商学院、桂林旅游学院
540203,中西面点工艺,专科(高职),,三年,旅游大类,餐饮类,专业导论、岗位基础技能、专业核心技术、设备/软件操作、项目实训、职业规范、综合实训、顶岗实习,category_template,rysxai课程文本未抽出课程名,库内未命中,头部/强研究型：核心课不一定换名称，但会加深数学/理论和研究训练，重点看理论深度、科研训练、交叉前沿、学术写作；样例：库内未命中该层次开设样例,新疆生产建设兵团兴新职业技术学院、江苏食品药品职业技术学院、江西外语外贸职业学院、河南职业技术学院、海南经贸职业技术学院,区域重点/特色优势：核心课保持完整，通常叠加地方产业、行业场景、实验项目和专业方向模块；样例：新疆生产建设兵团兴新职业技术学院、江苏食品药品职业技术学院、江西外语外贸职业学院、河南职业技术学院、海南经贸职业技术学院,四川旅游学院、成都银杏酒店管理学院、三峡旅游职业技术学院、云南旅游职业学院、内蒙古商贸职业学院,普通应用/职业供给：更强调岗位技能、项目实训、证书衔接、综合实践，课程呈现更实训化、工具化；样例：四川旅游学院、成都银杏酒店管理学院、三峡旅游职业技术学院、云南旅游职业学院、内蒙古商贸职业学院
540204,西式烹饪工艺,专科(高职),,三年,旅游大类,餐饮类,专业导论、岗位基础技能、专业核心技术、设备/软件操作、项目实训、职业规范、综合实训、顶岗实习,category_template,rysxai课程文本未抽出课程名,内蒙古大学,头部/强研究型：核心课不一定换名称，但会加深数学/理论和研究训练，重点看理论深度、科研训练、交叉前沿、学术写作；样例：内蒙古大学,江苏食品药品职业技术学院、江西工业贸易职业技术学院、浙江商业职业技术学院、长沙商贸旅游职业技术学院,区域重点/特色优势：核心课保持完整，通常叠加地方产业、行业场景、实验项目和专业方向模块；样例：江苏食品药品职业技术学院、江西工业贸易职业技术学院、浙江商业职业技术学院、长沙商贸旅游职业技术学院,武汉商学院、四川旅游学院、桂林旅游学院、南宁职业技术大学、三峡旅游职业技术学院,普通应用/职业供给：更强调岗位技能、项目实训、证书衔接、综合实践，课程呈现更实训化、工具化；样例：武汉商学院、四川旅游学院、桂林旅游学院、南宁职业技术大学、三峡旅游职业技术学院
540205,营养配餐,专科(高职),,三年,旅游大类,餐饮类,专业导论、岗位基础技能、专业核心技术、设备/软件操作、项目实训、职业规范、综合实训、顶岗实习,category_template,rysxai课程文本未抽出课程名,库内未命中,头部/强研究型：核心课不一定换名称，但会加深数学/理论和研究训练，重点看理论深度、科研训练、交叉前沿、学术写作；样例：库内未命中该层次开设样例,河南职业技术学院、长沙商贸旅游职业技术学院,区域重点/特色优势：核心课保持完整，通常叠加地方产业、行业场景、实验项目和专业方向模块；样例：河南职业技术学院、长沙商贸旅游职业技术学院,漯河食品工程职业大学、三峡旅游职业技术学院、云南旅游职业学院、南京城市职业学院、山东城市服务职业学院,普通应用/职业供给：更强调岗位技能、项目实训、证书衔接、综合实践，课程呈现更实训化、工具化；样例：漯河食品工程职业大学、三峡旅游职业技术学院、云南旅游职业学院、南京城市职业学院、山东城市服务职业学院
360101,网络与新媒体,本科(职业),文学学士,四年,新闻传播大类,新闻出版类,传播学概论、新闻学概论、新闻传播概论、中国新闻史、马克思主义新闻思想、新闻传播伦理与法规、新媒体概论、网络与新媒体概论、广播电视概论、摄像与音视频编辑,rysxai_major_course,,中国科学技术大学、西安交通大学、四川大学、南开大学、兰州大学,头部/强研究型：核心课不一定换名称，但会加深数学/理论和研究训练，重点看理论深度、科研训练、交叉前沿、学术写作；样例：中国科学技术大学、西安交通大学、四川大学、南开大学、兰州大学,浙江工商大学、山东师范大学、广州大学、北京电影学院、北京语言大学,区域重点/特色优势：核心课保持完整，通常叠加地方产业、行业场景、实验项目和专业方向模块；样例：浙江工商大学、山东师范大学、广州大学、北京电影学院、北京语言大学,周口师范学院、湘南学院、商丘师范学院、重庆第二师范学院、黄淮学院,普通应用/职业供给：更强调岗位技能、项目实训、证书衔接、综合实践，课程呈现更实训化、工具化；样例：周口师范学院、湘南学院、商丘师范学院、重庆第二师范学院、黄淮学院
360201,播音与主持,本科(职业),艺术学学士,四年,新闻传播大类,广播影视类,专业导论、专业核心理论、专业方法与工具、实验/实践课程、方向模块课程、课程设计、毕业论文/设计,category_template,rysxai课程文本未抽出课程名,库内未命中,头部/强研究型：核心课不一定换名称，但会加深数学/理论和研究训练，重点看理论深度、科研训练、交叉前沿、学术写作；样例：库内未命中该层次开设样例,绵阳师范学院、四川传媒学院、河北传媒学院、海口经济学院、广西职业技术学院,区域重点/特色优势：核心课保持完整，通常叠加地方产业、行业场景、实验项目和专业方向模块；样例：绵阳师范学院、四川传媒学院、河北传媒学院、海口经济学院、广西职业技术学院,武汉职业技术大学、连云港师范学院、四川电影电视学院、安阳学院、成都文理学院,普通应用/职业供给：更强调岗位技能、项目实训、证书衔接、综合实践，课程呈现更实训化、工具化；样例：武汉职业技术大学、连云港师范学院、四川电影电视学院、安阳学院、成都文理学院
360202,影视摄影与制作,本科(职业),艺术学学士,四年,新闻传播大类,广播影视类,影视导演基础、造型基础、视觉思维、视觉原理、相机操作、静态拍摄、画面构图、摄影基础、静态摄影、摄影构图,rysxai_major_course,,重庆大学、上海大学、中国传媒大学、中央美术学院、中央戏剧学院,头部/强研究型：核心课不一定换名称，但会加深数学/理论和研究训练，重点看理论深度、科研训练、交叉前沿、学术写作；样例：重庆大学、上海大学、中国传媒大学、中央美术学院、中央戏剧学院,西交利物浦大学、北京电影学院、长沙理工大学、上海戏剧学院、安徽师范大学,区域重点/特色优势：核心课保持完整，通常叠加地方产业、行业场景、实验项目和专业方向模块；样例：西交利物浦大学、北京电影学院、长沙理工大学、上海戏剧学院、安徽师范大学,山东女子学院、山西工学院、滇西科技师范学院、山西传媒学院、四川电影电视学院,普通应用/职业供给：更强调岗位技能、项目实训、证书衔接、综合实践，课程呈现更实训化、工具化；样例：山东女子学院、山西工学院、滇西科技师范学院、山西传媒学院、四川电影电视学院
360203,数字广播电视技术,本科(职业),工学学士,四年,新闻传播大类,广播影视类,专业导论、专业核心理论、专业方法与工具、实验/实践课程、方向模块课程、课程设计、毕业论文/设计,category_template,rysxai课程文本未抽出课程名,库内未命中,头部/强研究型：核心课不一定换名称，但会加深数学/理论和研究训练，重点看理论深度、科研训练、交叉前沿、学术写作；样例：库内未命中该层次开设样例,湖南大众传媒职业技术学院,区域重点/特色优势：核心课保持完整，通常叠加地方产业、行业场景、实验项目和专业方向模块；样例：湖南大众传媒职业技术学院,云南文化艺术职业学院、四川文化产业职业学院、山东传媒职业学院,普通应用/职业供给：更强调岗位技能、项目实训、证书衔接、综合实践，课程呈现更实训化、工具化；样例：云南文化艺术职业学院、四川文化产业职业学院、山东传媒职业学院
360204,影视编导,本科(职业),艺术学学士,四年,新闻传播大类,广播影视类,专业导论、专业核心理论、专业方法与工具、实验/实践课程、方向模块课程、课程设计、毕业论文/设计,category_template,rysxai课程文本未抽出课程名,库内未命中,头部/强研究型：核心课不一定换名称，但会加深数学/理论和研究训练，重点看理论深度、科研训练、交叉前沿、学术写作；样例：库内未命中该层次开设样例,枣庄学院、海口经济学院、江西软件职业技术大学、湖南大众传媒职业技术学院、石家庄信息工程职业学院,区域重点/特色优势：核心课保持完整，通常叠加地方产业、行业场景、实验项目和专业方向模块；样例：枣庄学院、海口经济学院、江西软件职业技术大学、湖南大众传媒职业技术学院、石家庄信息工程职业学院,武汉职业技术大学、电子科技大学成都学院、四川电影电视学院、商丘学院、成都艺术职业大学,普通应用/职业供给：更强调岗位技能、项目实训、证书衔接、综合实践，课程呈现更实训化、工具化；样例：武汉职业技术大学、电子科技大学成都学院、四川电影电视学院、商丘学院、成都艺术职业大学
360205,全媒体新闻采编与制作,本科(职业),文学学士,四年,新闻传播大类,广播影视类,专业导论、专业核心理论、专业方法与工具、实验/实践课程、方向模块课程、课程设计、毕业论文/设计,category_template,未匹配rysxai课程文本,库内未命中,头部/强研究型：核心课不一定换名称，但会加深数学/理论和研究训练，重点看理论深度、科研训练、交叉前沿、学术写作；样例：库内未命中该层次开设样例,库内未命中,区域重点/特色优势：核心课保持完整，通常叠加地方产业、行业场景、实验项目和专业方向模块；样例：库内未命中该层次开设样例,广西农业职业技术大学、成都艺术职业大学、新疆天山职业技术大学、泉州职业技术大学,普通应用/职业供给：更强调岗位技能、项目实训、证书衔接、综合实践，课程呈现更实训化、工具化；样例：广西农业职业技术大学、成都艺术职业大学、新疆天山职业技术大学、泉州职业技术大学
360206,数字动画,本科(职业),艺术学学士,四年,新闻传播大类,广播影视类,专业导论、专业核心理论、专业方法与工具、实验/实践课程、方向模块课程、课程设计、毕业论文/设计,category_template,未匹配rysxai课程文本,库内未命中,头部/强研究型：核心课不一定换名称，但会加深数学/理论和研究训练，重点看理论深度、科研训练、交叉前沿、学术写作；样例：库内未命中该层次开设样例,深圳职业技术大学,区域重点/特色优势：核心课保持完整，通常叠加地方产业、行业场景、实验项目和专业方向模块；样例：深圳职业技术大学,成都东软学院、成都艺术职业大学、山东外事职业大学、湖南软件职业技术大学、景德镇艺术职业大学,普通应用/职业供给：更强调岗位技能、项目实训、证书衔接、综合实践，课程呈现更实训化、工具化；样例：成都东软学院、成都艺术职业大学、山东外事职业大学、湖南软件职业技术大学、景德镇艺术职业大学
210101,现代种业技术,本科(职业),农学学士,四年,农林牧渔大类,农业类,专业导论、专业核心理论、专业方法与工具、实验/实践课程、方向模块课程、课程设计、毕业论文/设计,category_template,未匹配rysxai课程文本,库内未命中,头部/强研究型：核心课不一定换名称，但会加深数学/理论和研究训练，重点看理论深度、科研训练、交叉前沿、学术写作；样例：库内未命中该层次开设样例,库内未命中,区域重点/特色优势：核心课保持完整，通常叠加地方产业、行业场景、实验项目和专业方向模块；样例：库内未命中该层次开设样例,新疆农业职业技术大学、酒泉职业技术大学,普通应用/职业供给：更强调岗位技能、项目实训、证书衔接、综合实践，课程呈现更实训化、工具化；样例：新疆农业职业技术大学、酒泉职业技术大学
210102,作物生产与品质改良,本科(职业),农学学士,四年,农林牧渔大类,农业类,专业导论、专业核心理论、专业方法与工具、实验/实践课程、方向模块课程、课程设计、毕业论文/设计,category_template,未匹配rysxai课程文本,库内未命中,头部/强研究型：核心课不一定换名称，但会加深数学/理论和研究训练，重点看理论深度、科研训练、交叉前沿、学术写作；样例：库内未命中该层次开设样例,库内未命中,区域重点/特色优势：核心课保持完整，通常叠加地方产业、行业场景、实验项目和专业方向模块；样例：库内未命中该层次开设样例,广西农业职业技术大学、新疆农业职业技术大学,普通应用/职业供给：更强调岗位技能、项目实训、证书衔接、综合实践，课程呈现更实训化、工具化；样例：广西农业职业技术大学、新疆农业职业技术大学
210103,智慧农业技术,本科(职业),"农学学士,工学学士",四年,农林牧渔大类,农业类,专业导论、专业核心理论、专业方法与工具、实验/实践课程、方向模块课程、课程设计、毕业论文/设计,category_template,未匹配rysxai课程文本,库内未命中,头部/强研究型：核心课不一定换名称，但会加深数学/理论和研究训练，重点看理论深度、科研训练、交叉前沿、学术写作；样例：库内未命中该层次开设样例,内蒙古农业大学,区域重点/特色优势：核心课保持完整，通常叠加地方产业、行业场景、实验项目和专业方向模块；样例：内蒙古农业大学,广西农业职业技术大学,普通应用/职业供给：更强调岗位技能、项目实训、证书衔接、综合实践，课程呈现更实训化、工具化；样例：广西农业职业技术大学
210104,设施园艺,本科(职业),农学学士,四年,农林牧渔大类,农业类,专业导论、专业核心理论、专业方法与工具、实验/实践课程、方向模块课程、课程设计、毕业论文/设计,category_template,未匹配rysxai课程文本,库内未命中,头部/强研究型：核心课不一定换名称，但会加深数学/理论和研究训练，重点看理论深度、科研训练、交叉前沿、学术写作；样例：库内未命中该层次开设样例,内蒙古农业大学,区域重点/特色优势：核心课保持完整，通常叠加地方产业、行业场景、实验项目和专业方向模块；样例：内蒙古农业大学,金华职业技术大学、广西农业职业技术大学、铜仁职业技术大学、陕西农林职业技术大学、新疆农业职业技术大学,普通应用/职业供给：更强调岗位技能、项目实训、证书衔接、综合实践，课程呈现更实训化、工具化；样例：金华职业技术大学、广西农业职业技术大学、铜仁职业技术大学、陕西农林职业技术大学、新疆农业职业技术大学
210105,现代农业经营与管理,本科(职业),"农学学士,管理学学士",四年,农林牧渔大类,农业类,专业导论、专业核心理论、专业方法与工具、实验/实践课程、方向模块课程、课程设计、毕业论文/设计,category_template,未匹配rysxai课程文本,库内未命中,头部/强研究型：核心课不一定换名称，但会加深数学/理论和研究训练，重点看理论深度、科研训练、交叉前沿、学术写作；样例：库内未命中该层次开设样例,库内未命中,区域重点/特色优势：核心课保持完整，通常叠加地方产业、行业场景、实验项目和专业方向模块；样例：库内未命中该层次开设样例,库内未命中,普通应用/职业供给：更强调岗位技能、项目实训、证书衔接、综合实践，课程呈现更实训化、工具化；样例：库内未命中该层次开设样例
210106,智能化农业装备技术,本科(职业),"农学学士,工学学士",四年,农林牧渔大类,农业类,专业导论、专业核心理论、专业方法与工具、实验/实践课程、方向模块课程、课程设计、毕业论文/设计,category_template,未匹配rysxai课程文本,库内未命中,头部/强研究型：核心课不一定换名称，但会加深数学/理论和研究训练，重点看理论深度、科研训练、交叉前沿、学术写作；样例：库内未命中该层次开设样例,库内未命中,区域重点/特色优势：核心课保持完整，通常叠加地方产业、行业场景、实验项目和专业方向模块；样例：库内未命中该层次开设样例,滇西应用技术大学,普通应用/职业供给：更强调岗位技能、项目实训、证书衔接、综合实践，课程呈现更实训化、工具化；样例：滇西应用技术大学
210107,现代植保技术,本科(职业),农学学士,四年,农林牧渔大类,农业类,专业导论、专业核心理论、专业方法与工具、实验/实践课程、方向模块课程、课程设计、毕业论文/设计,category_template,未匹配rysxai课程文本,库内未命中,头部/强研究型：核心课不一定换名称，但会加深数学/理论和研究训练，重点看理论深度、科研训练、交叉前沿、学术写作；样例：库内未命中该层次开设样例,库内未命中,区域重点/特色优势：核心课保持完整，通常叠加地方产业、行业场景、实验项目和专业方向模块；样例：库内未命中该层次开设样例,库内未命中,普通应用/职业供给：更强调岗位技能、项目实训、证书衔接、综合实践，课程呈现更实训化、工具化；样例：库内未命中该层次开设样例
210108,茶叶生产与应用技术,本科(职业),农学学士,三年,农林牧渔大类,农业类,专业导论、专业核心理论、专业方法与工具、实验/实践课程、方向模块课程、课程设计、毕业论文/设计,category_template,未匹配rysxai课程文本,库内未命中,头部/强研究型：核心课不一定换名称，但会加深数学/理论和研究训练，重点看理论深度、科研训练、交叉前沿、学术写作；样例：库内未命中该层次开设样例,库内未命中,区域重点/特色优势：核心课保持完整，通常叠加地方产业、行业场景、实验项目和专业方向模块；样例：库内未命中该层次开设样例,滇西应用技术大学,普通应用/职业供给：更强调岗位技能、项目实训、证书衔接、综合实践，课程呈现更实训化、工具化；样例：滇西应用技术大学
210201,智慧林业技术,本科(职业),"农学学士,工学学士",四年,农林牧渔大类,林业类,专业导论、专业核心理论、专业方法与工具、实验/实践课程、方向模块课程、课程设计、毕业论文/设计,category_template,未匹配rysxai课程文本,库内未命中,头部/强研究型：核心课不一定换名称，但会加深数学/理论和研究训练，重点看理论深度、科研训练、交叉前沿、学术写作；样例：库内未命中该层次开设样例,库内未命中,区域重点/特色优势：核心课保持完整，通常叠加地方产业、行业场景、实验项目和专业方向模块；样例：库内未命中该层次开设样例,甘肃林业职业技术大学,普通应用/职业供给：更强调岗位技能、项目实训、证书衔接、综合实践，课程呈现更实训化、工具化；样例：甘肃林业职业技术大学
210202,园林工程,本科(职业),"工学学士,农学学士",四年,农林牧渔大类,林业类,专业导论、专业核心理论、专业方法与工具、实验/实践课程、方向模块课程、课程设计、毕业论文/设计,category_template,未匹配rysxai课程文本,库内未命中,头部/强研究型：核心课不一定换名称，但会加深数学/理论和研究训练，重点看理论深度、科研训练、交叉前沿、学术写作；样例：库内未命中该层次开设样例,库内未命中,区域重点/特色优势：核心课保持完整，通常叠加地方产业、行业场景、实验项目和专业方向模块；样例：库内未命中该层次开设样例,陕西农林职业技术大学、甘肃林业职业技术大学,普通应用/职业供给：更强调岗位技能、项目实训、证书衔接、综合实践，课程呈现更实训化、工具化；样例：陕西农林职业技术大学、甘肃林业职业技术大学
210203,木业产品智能制造,本科(职业),工学学士,四年,农林牧渔大类,林业类,专业导论、专业核心理论、专业方法与工具、实验/实践课程、方向模块课程、课程设计、毕业论文/设计,category_template,未匹配rysxai课程文本,库内未命中,头部/强研究型：核心课不一定换名称，但会加深数学/理论和研究训练，重点看理论深度、科研训练、交叉前沿、学术写作；样例：库内未命中该层次开设样例,库内未命中,区域重点/特色优势：核心课保持完整，通常叠加地方产业、行业场景、实验项目和专业方向模块；样例：库内未命中该层次开设样例,库内未命中,普通应用/职业供给：更强调岗位技能、项目实训、证书衔接、综合实践，课程呈现更实训化、工具化；样例：库内未命中该层次开设样例
210204,林草保护工程,本科(职业),农学学士,四年,农林牧渔大类,林业类,专业导论、专业核心理论、专业方法与工具、实验/实践课程、方向模块课程、课程设计、毕业论文/设计,category_template,未匹配rysxai课程文本,库内未命中,头部/强研究型：核心课不一定换名称，但会加深数学/理论和研究训练，重点看理论深度、科研训练、交叉前沿、学术写作；样例：库内未命中该层次开设样例,库内未命中,区域重点/特色优势：核心课保持完整，通常叠加地方产业、行业场景、实验项目和专业方向模块；样例：库内未命中该层次开设样例,库内未命中,普通应用/职业供给：更强调岗位技能、项目实训、证书衔接、综合实践，课程呈现更实训化、工具化；样例：库内未命中该层次开设样例
210205,林业碳汇工程,本科(职业),农学学士,四年,农林牧渔大类,林业类,生态学、遥感技术、碳汇计量等、旨在培养学生的碳汇计量、管理能力、专业导论、专业核心理论、专业方法与工具、实验/实践课程、方向模块课程,local_edu_major_course_or_learn_what,未匹配rysxai课程文本,库内未命中,头部/强研究型：核心课不一定换名称，但会加深数学/理论和研究训练，重点看理论深度、科研训练、交叉前沿、学术写作；样例：库内未命中该层次开设样例,库内未命中,区域重点/特色优势：核心课保持完整，通常叠加地方产业、行业场景、实验项目和专业方向模块；样例：库内未命中该层次开设样例,库内未命中,普通应用/职业供给：更强调岗位技能、项目实训、证书衔接、综合实践，课程呈现更实训化、工具化；样例：库内未命中该层次开设样例
210301,动物医学,本科(职业),农学学士,四年,农林牧渔大类,畜牧业类,动物医学专业导论、动物学基础、动物解剖学、动物组织学与胚胎学、动物生理学、动物生物化学、动物遗传学、生物统计与实验设计、兽医病理学、兽医病理生理学,rysxai_major_course,,浙江大学、中国农业大学、吉林大学、西北农林科技大学、华中农业大学,头部/强研究型：核心课不一定换名称，但会加深数学/理论和研究训练，重点看理论深度、科研训练、交叉前沿、学术写作；样例：浙江大学、中国农业大学、吉林大学、西北农林科技大学、华中农业大学,福建农林大学、山东农业大学、安徽农业大学、河南农业大学、浙江农林大学,区域重点/特色优势：核心课保持完整，通常叠加地方产业、行业场景、实验项目和专业方向模块；样例：福建农林大学、山东农业大学、安徽农业大学、河南农业大学、浙江农林大学,吉林农业科技学院、安阳工学院、信阳农林学院、山东农业工程学院、河南牧业经济学院,普通应用/职业供给：更强调岗位技能、项目实训、证书衔接、综合实践，课程呈现更实训化、工具化；样例：吉林农业科技学院、安阳工学院、信阳农林学院、山东农业工程学院、河南牧业经济学院
210302,动物药学,本科(职业),农学学士,四年,农林牧渔大类,畜牧业类,动物生理学、兽医病理学、兽医微生物学、兽医药理学、兽药制剂学、药物分析、药物化学、专业导论、专业核心理论、专业方法与工具,rysxai_major_course,,西北农林科技大学、南京农业大学、西南大学、东北农业大学、西南大学(荣昌校区),头部/强研究型：核心课不一定换名称，但会加深数学/理论和研究训练，重点看理论深度、科研训练、交叉前沿、学术写作；样例：西北农林科技大学、南京农业大学、西南大学、东北农业大学、西南大学(荣昌校区),山东农业大学、河南农业大学、沈阳农业大学、吉林农业大学、湖南农业大学,区域重点/特色优势：核心课保持完整，通常叠加地方产业、行业场景、实验项目和专业方向模块；样例：山东农业大学、河南农业大学、沈阳农业大学、吉林农业大学、湖南农业大学,河南牧业经济学院、菏泽学院、威海海洋职业学院、怀化职业技术学院、湖南环境生物职业技术学院,普通应用/职业供给：更强调岗位技能、项目实训、证书衔接、综合实践，课程呈现更实训化、工具化；样例：河南牧业经济学院、菏泽学院、威海海洋职业学院、怀化职业技术学院、湖南环境生物职业技术学院
210303,宠物医疗,本科(职业),农学学士,四年,农林牧渔大类,畜牧业类,专业导论、专业核心理论、专业方法与工具、实验/实践课程、方向模块课程、课程设计、毕业论文/设计,category_template,未匹配rysxai课程文本,库内未命中,头部/强研究型：核心课不一定换名称，但会加深数学/理论和研究训练，重点看理论深度、科研训练、交叉前沿、学术写作；样例：库内未命中该层次开设样例,库内未命中,区域重点/特色优势：核心课保持完整，通常叠加地方产业、行业场景、实验项目和专业方向模块；样例：库内未命中该层次开设样例,库内未命中,普通应用/职业供给：更强调岗位技能、项目实训、证书衔接、综合实践，课程呈现更实训化、工具化；样例：库内未命中该层次开设样例
210304,现代畜牧,本科(职业),农学学士,四年,农林牧渔大类,畜牧业类,专业导论、专业核心理论、专业方法与工具、实验/实践课程、方向模块课程、课程设计、毕业论文/设计,category_template,未匹配rysxai课程文本,库内未命中,头部/强研究型：核心课不一定换名称，但会加深数学/理论和研究训练，重点看理论深度、科研训练、交叉前沿、学术写作；样例：库内未命中该层次开设样例,内蒙古农业大学,区域重点/特色优势：核心课保持完整，通常叠加地方产业、行业场景、实验项目和专业方向模块；样例：内蒙古农业大学,广西农业职业技术大学、铜仁职业技术大学、新疆农业职业技术大学,普通应用/职业供给：更强调岗位技能、项目实训、证书衔接、综合实践，课程呈现更实训化、工具化；样例：广西农业职业技术大学、铜仁职业技术大学、新疆农业职业技术大学
210401,现代水产养殖技术,本科(职业),农学学士,四年,农林牧渔大类,渔业类,专业导论、专业核心理论、专业方法与工具、实验/实践课程、方向模块课程、课程设计、毕业论文/设计,category_template,未匹配rysxai课程文本,库内未命中,头部/强研究型：核心课不一定换名称，但会加深数学/理论和研究训练，重点看理论深度、科研训练、交叉前沿、学术写作；样例：库内未命中该层次开设样例,库内未命中,区域重点/特色优势：核心课保持完整，通常叠加地方产业、行业场景、实验项目和专业方向模块；样例：库内未命中该层次开设样例,广西农业职业技术大学,普通应用/职业供给：更强调岗位技能、项目实训、证书衔接、综合实践，课程呈现更实训化、工具化；样例：广西农业职业技术大学
210402,远洋渔业,本科(职业),农学学士,四年,农林牧渔大类,渔业类,专业导论、专业核心理论、专业方法与工具、实验/实践课程、方向模块课程、课程设计、毕业论文/设计,category_template,未匹配rysxai课程文本,库内未命中,头部/强研究型：核心课不一定换名称，但会加深数学/理论和研究训练，重点看理论深度、科研训练、交叉前沿、学术写作；样例：库内未命中该层次开设样例,库内未命中,区域重点/特色优势：核心课保持完整，通常叠加地方产业、行业场景、实验项目和专业方向模块；样例：库内未命中该层次开设样例,库内未命中,普通应用/职业供给：更强调岗位技能、项目实训、证书衔接、综合实践，课程呈现更实训化、工具化；样例：库内未命中该层次开设样例
220101,资源勘查工程技术,本科(职业),工学学士,四年,资源环境与安全大类,资源勘查类,专业导论、专业核心理论、专业方法与工具、实验/实践课程、方向模块课程、课程设计、毕业论文/设计,category_template,未匹配rysxai课程文本,库内未命中,头部/强研究型：核心课不一定换名称，但会加深数学/理论和研究训练，重点看理论深度、科研训练、交叉前沿、学术写作；样例：库内未命中该层次开设样例,库内未命中,区域重点/特色优势：核心课保持完整，通常叠加地方产业、行业场景、实验项目和专业方向模块；样例：库内未命中该层次开设样例,兰州资源环境职业技术大学、甘肃工业职业技术大学,普通应用/职业供给：更强调岗位技能、项目实训、证书衔接、综合实践，课程呈现更实训化、工具化；样例：兰州资源环境职业技术大学、甘肃工业职业技术大学
220201,环境地质工程,本科(职业),工学学士,四年,资源环境与安全大类,地质类,专业导论、专业核心理论、专业方法与工具、实验/实践课程、方向模块课程、课程设计、毕业论文/设计,category_template,rysxai课程文本未抽出课程名,库内未命中,头部/强研究型：核心课不一定换名称，但会加深数学/理论和研究训练，重点看理论深度、科研训练、交叉前沿、学术写作；样例：库内未命中该层次开设样例,云南能源职业技术学院、广东水利电力职业技术学院,区域重点/特色优势：核心课保持完整，通常叠加地方产业、行业场景、实验项目和专业方向模块；样例：云南能源职业技术学院、广东水利电力职业技术学院,兰州资源环境职业技术大学、云南国土资源职业学院、湖南工程职业技术学院、辽宁地质工程职业学院,普通应用/职业供给：更强调岗位技能、项目实训、证书衔接、综合实践，课程呈现更实训化、工具化；样例：兰州资源环境职业技术大学、云南国土资源职业学院、湖南工程职业技术学院、辽宁地质工程职业学院
220202,地球物理勘探技术,本科(职业),工学学士,四年,资源环境与安全大类,地质类,专业导论、专业核心理论、专业方法与工具、实验/实践课程、方向模块课程、课程设计、毕业论文/设计,category_template,rysxai课程文本未抽出课程名,库内未命中,头部/强研究型：核心课不一定换名称，但会加深数学/理论和研究训练，重点看理论深度、科研训练、交叉前沿、学术写作；样例：库内未命中该层次开设样例,库内未命中,区域重点/特色优势：核心课保持完整，通常叠加地方产业、行业场景、实验项目和专业方向模块；样例：库内未命中该层次开设样例,甘肃工业职业技术大学、云南国土资源职业学院,普通应用/职业供给：更强调岗位技能、项目实训、证书衔接、综合实践，课程呈现更实训化、工具化；样例：甘肃工业职业技术大学、云南国土资源职业学院
220301,导航工程技术,本科(职业),工学学士,四年,资源环境与安全大类,测绘地理信息类,专业导论、专业核心理论、专业方法与工具、实验/实践课程、方向模块课程、课程设计、毕业论文/设计,category_template,未匹配rysxai课程文本,库内未命中,头部/强研究型：核心课不一定换名称，但会加深数学/理论和研究训练，重点看理论深度、科研训练、交叉前沿、学术写作；样例：库内未命中该层次开设样例,江西软件职业技术大学,区域重点/特色优势：核心课保持完整，通常叠加地方产业、行业场景、实验项目和专业方向模块；样例：江西软件职业技术大学,西安信息职业大学,普通应用/职业供给：更强调岗位技能、项目实训、证书衔接、综合实践，课程呈现更实训化、工具化；样例：西安信息职业大学
220302,测绘工程技术,本科(职业),工学学士,四年,资源环境与安全大类,测绘地理信息类,专业导论、专业核心理论、专业方法与工具、实验/实践课程、方向模块课程、课程设计、毕业论文/设计,category_template,rysxai课程文本未抽出课程名,库内未命中,头部/强研究型：核心课不一定换名称，但会加深数学/理论和研究训练，重点看理论深度、科研训练、交叉前沿、学术写作；样例：库内未命中该层次开设样例,云南交通职业技术学院、武汉铁路职业技术学院,区域重点/特色优势：核心课保持完整，通常叠加地方产业、行业场景、实验项目和专业方向模块；样例：云南交通职业技术学院、武汉铁路职业技术学院,黄河水利职业技术大学、扬州职业技术大学、青海职业技术大学、兰州石化职业技术大学、兰州资源环境职业技术大学,普通应用/职业供给：更强调岗位技能、项目实训、证书衔接、综合实践，课程呈现更实训化、工具化；样例：黄河水利职业技术大学、扬州职业技术大学、青海职业技术大学、兰州石化职业技术大学、兰州资源环境职业技术大学
220303,地理信息技术,本科(职业),工学学士,四年,资源环境与安全大类,测绘地理信息类,专业导论、专业核心理论、专业方法与工具、实验/实践课程、方向模块课程、课程设计、毕业论文/设计,category_template,未匹配rysxai课程文本,库内未命中,头部/强研究型：核心课不一定换名称，但会加深数学/理论和研究训练，重点看理论深度、科研训练、交叉前沿、学术写作；样例：库内未命中该层次开设样例,库内未命中,区域重点/特色优势：核心课保持完整，通常叠加地方产业、行业场景、实验项目和专业方向模块；样例：库内未命中该层次开设样例,兰州资源环境职业技术大学、甘肃林业职业技术大学,普通应用/职业供给：更强调岗位技能、项目实训、证书衔接、综合实践，课程呈现更实训化、工具化；样例：兰州资源环境职业技术大学、甘肃林业职业技术大学
220304,无人机测绘技术,本科(职业),工学学士,四年,资源环境与安全大类,测绘地理信息类,专业导论、专业核心理论、专业方法与工具、实验/实践课程、方向模块课程、课程设计、毕业论文/设计,category_template,rysxai课程文本未抽出课程名,库内未命中,头部/强研究型：核心课不一定换名称，但会加深数学/理论和研究训练，重点看理论深度、科研训练、交叉前沿、学术写作；样例：库内未命中该层次开设样例,桂林理工大学、云南能源职业技术学院、内蒙古机电职业技术学院、广东工贸职业技术学院、广西交通职业技术学院,区域重点/特色优势：核心课保持完整，通常叠加地方产业、行业场景、实验项目和专业方向模块；样例：桂林理工大学、云南能源职业技术学院、内蒙古机电职业技术学院、广东工贸职业技术学院、广西交通职业技术学院,黄河水利职业技术大学、扬州职业技术大学、陕西农林职业技术大学、四川大学锦江学院、兰州资源环境职业技术大学,普通应用/职业供给：更强调岗位技能、项目实训、证书衔接、综合实践，课程呈现更实训化、工具化；样例：黄河水利职业技术大学、扬州职业技术大学、陕西农林职业技术大学、四川大学锦江学院、兰州资源环境职业技术大学
220305,智能遥感技术,本科(职业),工学学士,,资源环境与安全大类,测绘地理信息类,专业导论、专业核心理论、专业方法与工具、实验/实践课程、方向模块课程、课程设计、毕业论文/设计,category_template,未匹配rysxai课程文本,库内未命中,头部/强研究型：核心课不一定换名称，但会加深数学/理论和研究训练，重点看理论深度、科研训练、交叉前沿、学术写作；样例：库内未命中该层次开设样例,库内未命中,区域重点/特色优势：核心课保持完整，通常叠加地方产业、行业场景、实验项目和专业方向模块；样例：库内未命中该层次开设样例,库内未命中,普通应用/职业供给：更强调岗位技能、项目实训、证书衔接、综合实践，课程呈现更实训化、工具化；样例：库内未命中该层次开设样例
220401,油气储运工程,本科(职业),工学学士,四年,资源环境与安全大类,石油与天然气类,大学物理、储运油料学、油料学、工程热力学与传热学、仪表与检测技术、油气储运工程、储运工程、油罐及管道强度设计、管罐结构设计、泵与压缩机,rysxai_major_course,,华东理工大学、武汉理工大学、中国石油大学(北京)、中国石油大学(华东)、福州大学,头部/强研究型：核心课不一定换名称，但会加深数学/理论和研究训练，重点看理论深度、科研训练、交叉前沿、学术写作；样例：华东理工大学、武汉理工大学、中国石油大学(北京)、中国石油大学(华东)、福州大学,昆明理工大学、常州大学、长江大学、沈阳工业大学、兰州理工大学,区域重点/特色优势：核心课保持完整，通常叠加地方产业、行业场景、实验项目和专业方向模块；样例：昆明理工大学、常州大学、长江大学、沈阳工业大学、兰州理工大学,大庆师范学院、河北石油职业技术大学、兰州石化职业技术大学、哈尔滨石油学院、泉州职业技术大学,普通应用/职业供给：更强调岗位技能、项目实训、证书衔接、综合实践，课程呈现更实训化、工具化；样例：大庆师范学院、河北石油职业技术大学、兰州石化职业技术大学、哈尔滨石油学院、泉州职业技术大学
220402,石油工程技术,本科(职业),工学学士,四年,资源环境与安全大类,石油与天然气类,专业导论、专业核心理论、专业方法与工具、实验/实践课程、方向模块课程、课程设计、毕业论文/设计,category_template,rysxai课程文本未抽出课程名,库内未命中,头部/强研究型：核心课不一定换名称，但会加深数学/理论和研究训练，重点看理论深度、科研训练、交叉前沿、学术写作；样例：库内未命中该层次开设样例,库内未命中,区域重点/特色优势：核心课保持完整，通常叠加地方产业、行业场景、实验项目和专业方向模块；样例：库内未命中该层次开设样例,河北石油职业技术大学、大庆职业学院、天津石油职业技术学院、山东胜利职业学院、庆阳职业技术学院,普通应用/职业供给：更强调岗位技能、项目实训、证书衔接、综合实践，课程呈现更实训化、工具化；样例：河北石油职业技术大学、大庆职业学院、天津石油职业技术学院、山东胜利职业学院、庆阳职业技术学院
220501,智能采矿技术,本科(职业),工学学士,四年,资源环境与安全大类,煤炭类,专业导论、专业核心理论、专业方法与工具、实验/实践课程、方向模块课程、课程设计、毕业论文/设计,category_template,未匹配rysxai课程文本,库内未命中,头部/强研究型：核心课不一定换名称，但会加深数学/理论和研究训练，重点看理论深度、科研训练、交叉前沿、学术写作；样例：库内未命中该层次开设样例,库内未命中,区域重点/特色优势：核心课保持完整，通常叠加地方产业、行业场景、实验项目和专业方向模块；样例：库内未命中该层次开设样例,兰州资源环境职业技术大学、运城职业技术大学,普通应用/职业供给：更强调岗位技能、项目实训、证书衔接、综合实践，课程呈现更实训化、工具化；样例：兰州资源环境职业技术大学、运城职业技术大学
220502,煤炭清洁利用工程,本科(职业),工学学士,四年,资源环境与安全大类,煤炭类,专业导论、专业核心理论、专业方法与工具、实验/实践课程、方向模块课程、课程设计、毕业论文/设计,category_template,未匹配rysxai课程文本,库内未命中,头部/强研究型：核心课不一定换名称，但会加深数学/理论和研究训练，重点看理论深度、科研训练、交叉前沿、学术写作；样例：库内未命中该层次开设样例,库内未命中,区域重点/特色优势：核心课保持完整，通常叠加地方产业、行业场景、实验项目和专业方向模块；样例：库内未命中该层次开设样例,兰州石化职业技术大学,普通应用/职业供给：更强调岗位技能、项目实训、证书衔接、综合实践，课程呈现更实训化、工具化；样例：兰州石化职业技术大学
220701,智慧气象技术,本科(职业),工学学士,四年,资源环境与安全大类,气象类,专业导论、专业核心理论、专业方法与工具、实验/实践课程、方向模块课程、课程设计、毕业论文/设计,category_template,未匹配rysxai课程文本,库内未命中,头部/强研究型：核心课不一定换名称，但会加深数学/理论和研究训练，重点看理论深度、科研训练、交叉前沿、学术写作；样例：库内未命中该层次开设样例,库内未命中,区域重点/特色优势：核心课保持完整，通常叠加地方产业、行业场景、实验项目和专业方向模块；样例：库内未命中该层次开设样例,兰州资源环境职业技术大学,普通应用/职业供给：更强调岗位技能、项目实训、证书衔接、综合实践，课程呈现更实训化、工具化；样例：兰州资源环境职业技术大学
220801,生态环境工程技术,本科(职业),工学学士,四年,资源环境与安全大类,环境保护类,专业导论、专业核心理论、专业方法与工具、实验/实践课程、方向模块课程、课程设计、毕业论文/设计,category_template,未匹配rysxai课程文本,库内未命中,头部/强研究型：核心课不一定换名称，但会加深数学/理论和研究训练，重点看理论深度、科研训练、交叉前沿、学术写作；样例：库内未命中该层次开设样例,深圳职业技术大学,区域重点/特色优势：核心课保持完整，通常叠加地方产业、行业场景、实验项目和专业方向模块；样例：深圳职业技术大学,河北工业职业技术大学、河北石油职业技术大学、黄河水利职业技术大学、河北科技工程职业技术大学、扬州职业技术大学,普通应用/职业供给：更强调岗位技能、项目实训、证书衔接、综合实践，课程呈现更实训化、工具化；样例：河北工业职业技术大学、河北石油职业技术大学、黄河水利职业技术大学、河北科技工程职业技术大学、扬州职业技术大学
220802,生态环境数智化监测技术,本科(职业),工学学士,四年,资源环境与安全大类,环境保护类,专业导论、专业核心理论、专业方法与工具、实验/实践课程、方向模块课程、课程设计、毕业论文/设计,category_template,未匹配rysxai课程文本,库内未命中,头部/强研究型：核心课不一定换名称，但会加深数学/理论和研究训练，重点看理论深度、科研训练、交叉前沿、学术写作；样例：库内未命中该层次开设样例,库内未命中,区域重点/特色优势：核心课保持完整，通常叠加地方产业、行业场景、实验项目和专业方向模块；样例：库内未命中该层次开设样例,河北科技工程职业技术大学,普通应用/职业供给：更强调岗位技能、项目实训、证书衔接、综合实践，课程呈现更实训化、工具化；样例：河北科技工程职业技术大学
220803,资源循环工程,本科(职业),工学学士,四年,资源环境与安全大类,环境保护类,专业导论、专业核心理论、专业方法与工具、实验/实践课程、方向模块课程、课程设计、毕业论文/设计,category_template,未匹配rysxai课程文本,库内未命中,头部/强研究型：核心课不一定换名称，但会加深数学/理论和研究训练，重点看理论深度、科研训练、交叉前沿、学术写作；样例：库内未命中该层次开设样例,库内未命中,区域重点/特色优势：核心课保持完整，通常叠加地方产业、行业场景、实验项目和专业方向模块；样例：库内未命中该层次开设样例,库内未命中,普通应用/职业供给：更强调岗位技能、项目实训、证书衔接、综合实践，课程呈现更实训化、工具化；样例：库内未命中该层次开设样例
220901,安全工程技术,本科(职业),工学学士,四年,资源环境与安全大类,安全类,专业导论、专业核心理论、专业方法与工具、实验/实践课程、方向模块课程、课程设计、毕业论文/设计,category_template,未匹配rysxai课程文本,库内未命中,头部/强研究型：核心课不一定换名称，但会加深数学/理论和研究训练，重点看理论深度、科研训练、交叉前沿、学术写作；样例：库内未命中该层次开设样例,库内未命中,区域重点/特色优势：核心课保持完整，通常叠加地方产业、行业场景、实验项目和专业方向模块；样例：库内未命中该层次开设样例,河北工业职业技术大学、贵州交通职业大学、兰州石化职业技术大学、兰州资源环境职业技术大学、山西工程科技职业大学,普通应用/职业供给：更强调岗位技能、项目实训、证书衔接、综合实践，课程呈现更实训化、工具化；样例：河北工业职业技术大学、贵州交通职业大学、兰州石化职业技术大学、兰州资源环境职业技术大学、山西工程科技职业大学
220902,应急管理,本科(职业),"工学学士,管理学学士",四年,资源环境与安全大类,安全类,应急管理概论、公共管理学、灾害学概论、风险管理、应急预案编制与管理、应急救援技术、应急决策与指挥、应急沟通与舆情管理、应急演练设计与实施、灾害现场模拟实训,rysxai_major_course,,武汉理工大学、中国地质大学(武汉)、南京师范大学、暨南大学、河海大学,头部/强研究型：核心课不一定换名称，但会加深数学/理论和研究训练，重点看理论深度、科研训练、交叉前沿、学术写作；样例：武汉理工大学、中国地质大学(武汉)、南京师范大学、暨南大学、河海大学,集美大学、济南大学、南华大学、江西理工大学、山西财经大学,区域重点/特色优势：核心课保持完整，通常叠加地方产业、行业场景、实验项目和专业方向模块；样例：集美大学、济南大学、南华大学、江西理工大学、山西财经大学,渭南师范学院、齐鲁师范学院、宿迁学院、广西警察学院、忻州师范学院,普通应用/职业供给：更强调岗位技能、项目实训、证书衔接、综合实践，课程呈现更实训化、工具化；样例：渭南师范学院、齐鲁师范学院、宿迁学院、广西警察学院、忻州师范学院
220903,消防工程技术,本科(职业),工学学士,四年,资源环境与安全大类,安全类,专业导论、专业核心理论、专业方法与工具、实验/实践课程、方向模块课程、课程设计、毕业论文/设计,category_template,未匹配rysxai课程文本,库内未命中,头部/强研究型：核心课不一定换名称，但会加深数学/理论和研究训练，重点看理论深度、科研训练、交叉前沿、学术写作；样例：库内未命中该层次开设样例,库内未命中,区域重点/特色优势：核心课保持完整，通常叠加地方产业、行业场景、实验项目和专业方向模块；样例：库内未命中该层次开设样例,河北工业职业技术大学、广东工商职业技术大学,普通应用/职业供给：更强调岗位技能、项目实训、证书衔接、综合实践，课程呈现更实训化、工具化；样例：河北工业职业技术大学、广东工商职业技术大学
550101,艺术设计,专科(高职),,三年,文化艺术大类,艺术设计类,专业导论、岗位基础技能、专业核心技术、设备/软件操作、项目实训、职业规范、综合实训、顶岗实习,category_template,rysxai课程文本未抽出课程名,库内未命中,头部/强研究型：核心课不一定换名称，但会加深数学/理论和研究训练，重点看理论深度、科研训练、交叉前沿、学术写作；样例：库内未命中该层次开设样例,成都大学、绍兴大学、河南科技学院、广东轻工职业技术大学、乐山师范学院,区域重点/特色优势：核心课保持完整，通常叠加地方产业、行业场景、实验项目和专业方向模块；样例：成都大学、绍兴大学、河南科技学院、广东轻工职业技术大学、乐山师范学院,许昌学院、山东青年政治学院、信阳农林学院、德宏师范学院、浙江机电职业技术大学,普通应用/职业供给：更强调岗位技能、项目实训、证书衔接、综合实践，课程呈现更实训化、工具化；样例：许昌学院、山东青年政治学院、信阳农林学院、德宏师范学院、浙江机电职业技术大学
550102,视觉传达设计,专科(高职),,三年,文化艺术大类,艺术设计类,专业导论、岗位基础技能、专业核心技术、设备/软件操作、项目实训、职业规范、综合实训、顶岗实习,category_template,rysxai课程文本未抽出课程名,清华大学、上海交通大学、北京航空航天大学、北京理工大学、四川大学,头部/强研究型：核心课不一定换名称，但会加深数学/理论和研究训练，重点看理论深度、科研训练、交叉前沿、学术写作；样例：清华大学、上海交通大学、北京航空航天大学、北京理工大学、四川大学,浙江工商大学、上海理工大学、青岛大学、燕山大学、昆明理工大学,区域重点/特色优势：核心课保持完整，通常叠加地方产业、行业场景、实验项目和专业方向模块；样例：浙江工商大学、上海理工大学、青岛大学、燕山大学、昆明理工大学,洛阳理工学院、周口师范学院、湘南学院、许昌学院、江苏第二师范学院,普通应用/职业供给：更强调岗位技能、项目实训、证书衔接、综合实践，课程呈现更实训化、工具化；样例：洛阳理工学院、周口师范学院、湘南学院、许昌学院、江苏第二师范学院
550103,数字媒体艺术设计,专科(高职),,三年,文化艺术大类,艺术设计类,专业导论、岗位基础技能、专业核心技术、设备/软件操作、项目实训、职业规范、综合实训、顶岗实习,category_template,rysxai课程文本未抽出课程名,库内未命中,头部/强研究型：核心课不一定换名称，但会加深数学/理论和研究训练，重点看理论深度、科研训练、交叉前沿、学术写作；样例：库内未命中该层次开设样例,深圳职业技术大学、深圳信息职业技术大学、内蒙古农业大学、桂林理工大学、南宁师范大学,区域重点/特色优势：核心课保持完整，通常叠加地方产业、行业场景、实验项目和专业方向模块；样例：深圳职业技术大学、深圳信息职业技术大学、内蒙古农业大学、桂林理工大学、南宁师范大学,南阳理工学院、信阳农林学院、北京科技职业大学、武汉职业技术大学、金华职业技术大学,普通应用/职业供给：更强调岗位技能、项目实训、证书衔接、综合实践，课程呈现更实训化、工具化；样例：南阳理工学院、信阳农林学院、北京科技职业大学、武汉职业技术大学、金华职业技术大学
550104,产品艺术设计,专科(高职),,三年,文化艺术大类,艺术设计类,专业导论、岗位基础技能、专业核心技术、设备/软件操作、项目实训、职业规范、综合实训、顶岗实习,category_template,rysxai课程文本未抽出课程名,库内未命中,头部/强研究型：核心课不一定换名称，但会加深数学/理论和研究训练，重点看理论深度、科研训练、交叉前沿、学术写作；样例：库内未命中该层次开设样例,深圳职业技术大学、广东轻工职业技术大学、广州职业技术大学、海口经济学院、上海工艺美术职业学院,区域重点/特色优势：核心课保持完整，通常叠加地方产业、行业场景、实验项目和专业方向模块；样例：深圳职业技术大学、广东轻工职业技术大学、广州职业技术大学、海口经济学院、上海工艺美术职业学院,河南工学院、浙江机电职业技术大学、武汉职业技术大学、金华职业技术大学、湖南汽车工程职业大学,普通应用/职业供给：更强调岗位技能、项目实训、证书衔接、综合实践，课程呈现更实训化、工具化；样例：河南工学院、浙江机电职业技术大学、武汉职业技术大学、金华职业技术大学、湖南汽车工程职业大学
550105,服装与服饰设计,专科(高职),,三年,文化艺术大类,艺术设计类,专业导论、岗位基础技能、专业核心技术、设备/软件操作、项目实训、职业规范、综合实训、顶岗实习,category_template,rysxai课程文本未抽出课程名,清华大学、四川大学、华南理工大学、中央民族大学、苏州大学,头部/强研究型：核心课不一定换名称，但会加深数学/理论和研究训练，重点看理论深度、科研训练、交叉前沿、学术写作；样例：清华大学、四川大学、华南理工大学、中央民族大学、苏州大学,青岛大学、昆明理工大学、大连医科大学、浙江理工大学、江西师范大学,区域重点/特色优势：核心课保持完整，通常叠加地方产业、行业场景、实验项目和专业方向模块；样例：青岛大学、昆明理工大学、大连医科大学、浙江理工大学、江西师范大学,周口师范学院、重庆第二师范学院、河南工程学院、南京特殊教育师范学院、武汉商学院,普通应用/职业供给：更强调岗位技能、项目实训、证书衔接、综合实践，课程呈现更实训化、工具化；样例：周口师范学院、重庆第二师范学院、河南工程学院、南京特殊教育师范学院、武汉商学院
550106,环境艺术设计,专科(高职),,三年,文化艺术大类,艺术设计类,专业导论、岗位基础技能、专业核心技术、设备/软件操作、项目实训、职业规范、综合实训、顶岗实习,category_template,rysxai课程文本未抽出课程名,内蒙古大学,头部/强研究型：核心课不一定换名称，但会加深数学/理论和研究训练，重点看理论深度、科研训练、交叉前沿、学术写作；样例：内蒙古大学,深圳职业技术大学、深圳信息职业技术大学、内蒙古农业大学、桂林理工大学、广东轻工职业技术大学,区域重点/特色优势：核心课保持完整，通常叠加地方产业、行业场景、实验项目和专业方向模块；样例：深圳职业技术大学、深圳信息职业技术大学、内蒙古农业大学、桂林理工大学、广东轻工职业技术大学,河南工程学院、济宁学院、安阳工学院、山东农业工程学院、河南工学院,普通应用/职业供给：更强调岗位技能、项目实训、证书衔接、综合实践，课程呈现更实训化、工具化；样例：河南工程学院、济宁学院、安阳工学院、山东农业工程学院、河南工学院
550107,书画艺术,专科(高职),,三年,文化艺术大类,艺术设计类,专业导论、岗位基础技能、专业核心技术、设备/软件操作、项目实训、职业规范、综合实训、顶岗实习,category_template,rysxai课程文本未抽出课程名,内蒙古大学,头部/强研究型：核心课不一定换名称，但会加深数学/理论和研究训练，重点看理论深度、科研训练、交叉前沿、学术写作；样例：内蒙古大学,北华大学、海口经济学院、济宁职业技术学院,区域重点/特色优势：核心课保持完整，通常叠加地方产业、行业场景、实验项目和专业方向模块；样例：北华大学、海口经济学院、济宁职业技术学院,商丘师范学院、郑州工程技术学院、连云港师范学院、成都艺术职业大学、山东外事职业大学,普通应用/职业供给：更强调岗位技能、项目实训、证书衔接、综合实践，课程呈现更实训化、工具化；样例：商丘师范学院、郑州工程技术学院、连云港师范学院、成都艺术职业大学、山东外事职业大学
550108,公共艺术设计,专科(高职),,三年,文化艺术大类,艺术设计类,专业导论、岗位基础技能、专业核心技术、设备/软件操作、项目实训、职业规范、综合实训、顶岗实习,category_template,rysxai课程文本未抽出课程名,库内未命中,头部/强研究型：核心课不一定换名称，但会加深数学/理论和研究训练，重点看理论深度、科研训练、交叉前沿、学术写作；样例：库内未命中该层次开设样例,上海工艺美术职业学院、苏州工艺美术职业技术学院,区域重点/特色优势：核心课保持完整，通常叠加地方产业、行业场景、实验项目和专业方向模块；样例：上海工艺美术职业学院、苏州工艺美术职业技术学院,山东外国语职业技术大学、景德镇艺术职业大学、河北美术学院、四川艺术职业学院、河北工艺美术职业学院,普通应用/职业供给：更强调岗位技能、项目实训、证书衔接、综合实践，课程呈现更实训化、工具化；样例：山东外国语职业技术大学、景德镇艺术职业大学、河北美术学院、四川艺术职业学院、河北工艺美术职业学院
550109,游戏艺术设计,专科(高职),,三年,文化艺术大类,艺术设计类,专业导论、岗位基础技能、专业核心技术、设备/软件操作、项目实训、职业规范、综合实训、顶岗实习,category_template,rysxai课程文本未抽出课程名,库内未命中,头部/强研究型：核心课不一定换名称，但会加深数学/理论和研究训练，重点看理论深度、科研训练、交叉前沿、学术写作；样例：库内未命中该层次开设样例,北京电影学院、深圳职业技术大学、广东轻工职业技术大学、山东工艺美术学院、上海工艺美术职业学院,区域重点/特色优势：核心课保持完整，通常叠加地方产业、行业场景、实验项目和专业方向模块；样例：北京电影学院、深圳职业技术大学、广东轻工职业技术大学、山东工艺美术学院、上海工艺美术职业学院,北京科技职业大学、电子科技大学成都学院、成都艺术职业大学、四川文化艺术学院、河北外国语学院,普通应用/职业供给：更强调岗位技能、项目实训、证书衔接、综合实践，课程呈现更实训化、工具化；样例：北京科技职业大学、电子科技大学成都学院、成都艺术职业大学、四川文化艺术学院、河北外国语学院
550110,展示艺术设计,专科(高职),,三年,文化艺术大类,艺术设计类,专业导论、岗位基础技能、专业核心技术、设备/软件操作、项目实训、职业规范、综合实训、顶岗实习,category_template,rysxai课程文本未抽出课程名,内蒙古大学,头部/强研究型：核心课不一定换名称，但会加深数学/理论和研究训练，重点看理论深度、科研训练、交叉前沿、学术写作；样例：内蒙古大学,广东轻工职业技术大学、顺德职业技术大学、上海工艺美术职业学院、广东职业技术学院、江西外语外贸职业学院,区域重点/特色优势：核心课保持完整，通常叠加地方产业、行业场景、实验项目和专业方向模块；样例：广东轻工职业技术大学、顺德职业技术大学、上海工艺美术职业学院、广东职业技术学院、江西外语外贸职业学院,北京科技职业大学、河北工业职业技术大学、中原科技学院、安徽职业技术大学、内蒙古建筑职业技术大学,普通应用/职业供给：更强调岗位技能、项目实训、证书衔接、综合实践，课程呈现更实训化、工具化；样例：北京科技职业大学、河北工业职业技术大学、中原科技学院、安徽职业技术大学、内蒙古建筑职业技术大学
550111,美容美体艺术,专科(高职),,三年,文化艺术大类,艺术设计类,专业导论、岗位基础技能、专业核心技术、设备/软件操作、项目实训、职业规范、综合实训、顶岗实习,category_template,rysxai课程文本未抽出课程名,库内未命中,头部/强研究型：核心课不一定换名称，但会加深数学/理论和研究训练，重点看理论深度、科研训练、交叉前沿、学术写作；样例：库内未命中该层次开设样例,库内未命中,区域重点/特色优势：核心课保持完整，通常叠加地方产业、行业场景、实验项目和专业方向模块；样例：库内未命中该层次开设样例,云南特殊教育职业学院、塔城职业技术学院、天津医学高等专科学校、宁波卫生职业技术学院、汝州职业技术学院,普通应用/职业供给：更强调岗位技能、项目实训、证书衔接、综合实践，课程呈现更实训化、工具化；样例：云南特殊教育职业学院、塔城职业技术学院、天津医学高等专科学校、宁波卫生职业技术学院、汝州职业技术学院
550112,工艺美术品设计,专科(高职),,三年,文化艺术大类,艺术设计类,专业导论、岗位基础技能、专业核心技术、设备/软件操作、项目实训、职业规范、综合实训、顶岗实习,category_template,rysxai课程文本未抽出课程名,库内未命中,头部/强研究型：核心课不一定换名称，但会加深数学/理论和研究训练，重点看理论深度、科研训练、交叉前沿、学术写作；样例：库内未命中该层次开设样例,深圳职业技术大学、内蒙古农业大学、上海工艺美术职业学院、北京经济管理职业学院、湖南工艺美术职业学院,区域重点/特色优势：核心课保持完整，通常叠加地方产业、行业场景、实验项目和专业方向模块；样例：深圳职业技术大学、内蒙古农业大学、上海工艺美术职业学院、北京经济管理职业学院、湖南工艺美术职业学院,德宏师范学院、丽江师范学院、桂林师范学院、宁波职业技术大学、贵州轻工职业大学,普通应用/职业供给：更强调岗位技能、项目实训、证书衔接、综合实践，课程呈现更实训化、工具化；样例：德宏师范学院、丽江师范学院、桂林师范学院、宁波职业技术大学、贵州轻工职业大学
550113,广告艺术设计,专科(高职),,三年,文化艺术大类,艺术设计类,专业导论、岗位基础技能、专业核心技术、设备/软件操作、项目实训、职业规范、综合实训、顶岗实习,category_template,rysxai课程文本未抽出课程名,库内未命中,头部/强研究型：核心课不一定换名称，但会加深数学/理论和研究训练，重点看理论深度、科研训练、交叉前沿、学术写作；样例：库内未命中该层次开设样例,河南科技学院、广东轻工职业技术大学、鞍山师范学院、宿州学院、烟台南山学院,区域重点/特色优势：核心课保持完整，通常叠加地方产业、行业场景、实验项目和专业方向模块；样例：河南科技学院、广东轻工职业技术大学、鞍山师范学院、宿州学院、烟台南山学院,河南工学院、黑龙江工业学院、柳州职业技术大学、朝阳师范学院、广西农业职业技术大学,普通应用/职业供给：更强调岗位技能、项目实训、证书衔接、综合实践，课程呈现更实训化、工具化；样例：河南工学院、黑龙江工业学院、柳州职业技术大学、朝阳师范学院、广西农业职业技术大学
550114,室内艺术设计,专科(高职),,三年,文化艺术大类,艺术设计类,专业导论、岗位基础技能、专业核心技术、设备/软件操作、项目实训、职业规范、综合实训、顶岗实习,category_template,rysxai课程文本未抽出课程名,库内未命中,头部/强研究型：核心课不一定换名称，但会加深数学/理论和研究训练，重点看理论深度、科研训练、交叉前沿、学术写作；样例：库内未命中该层次开设样例,上海工艺美术职业学院、南京铁道职业技术学院、吉林工业职业技术学院、广东水利电力职业技术学院、广东职业技术学院,区域重点/特色优势：核心课保持完整，通常叠加地方产业、行业场景、实验项目和专业方向模块；样例：上海工艺美术职业学院、南京铁道职业技术学院、吉林工业职业技术学院、广东水利电力职业技术学院、广东职业技术学院,柳州职业技术大学、苏州职业技术大学、湖南汽车工程职业大学、南宁职业技术大学、无锡职业技术大学,普通应用/职业供给：更强调岗位技能、项目实训、证书衔接、综合实践，课程呈现更实训化、工具化；样例：柳州职业技术大学、苏州职业技术大学、湖南汽车工程职业大学、南宁职业技术大学、无锡职业技术大学
550115,家具艺术设计,专科(高职),,三年,文化艺术大类,艺术设计类,专业导论、岗位基础技能、专业核心技术、设备/软件操作、项目实训、职业规范、综合实训、顶岗实习,category_template,rysxai课程文本未抽出课程名,库内未命中,头部/强研究型：核心课不一定换名称，但会加深数学/理论和研究训练，重点看理论深度、科研训练、交叉前沿、学术写作；样例：库内未命中该层次开设样例,内蒙古农业大学、顺德职业技术大学,区域重点/特色优势：核心课保持完整，通常叠加地方产业、行业场景、实验项目和专业方向模块；样例：内蒙古农业大学、顺德职业技术大学,南宁职业技术大学、哈尔滨职业技术大学、兰州资源环境职业技术大学、东莞职业技术学院、中山职业技术学院,普通应用/职业供给：更强调岗位技能、项目实训、证书衔接、综合实践，课程呈现更实训化、工具化；样例：南宁职业技术大学、哈尔滨职业技术大学、兰州资源环境职业技术大学、东莞职业技术学院、中山职业技术学院
550116,动漫设计,专科(高职),,三年,文化艺术大类,艺术设计类,专业导论、岗位基础技能、专业核心技术、设备/软件操作、项目实训、职业规范、综合实训、顶岗实习,category_template,rysxai课程文本未抽出课程名,库内未命中,头部/强研究型：核心课不一定换名称，但会加深数学/理论和研究训练，重点看理论深度、科研训练、交叉前沿、学术写作；样例：库内未命中该层次开设样例,深圳职业技术大学、广州职业技术大学、上海工艺美术职业学院、安徽商贸职业技术学院、武汉交通职业学院,区域重点/特色优势：核心课保持完整，通常叠加地方产业、行业场景、实验项目和专业方向模块；样例：深圳职业技术大学、广州职业技术大学、上海工艺美术职业学院、安徽商贸职业技术学院、武汉交通职业学院,南京工业职业技术大学、杭州职业技术大学、四川大学锦江学院、成都理工大学工程技术学院、成都文理学院,普通应用/职业供给：更强调岗位技能、项目实训、证书衔接、综合实践，课程呈现更实训化、工具化；样例：南京工业职业技术大学、杭州职业技术大学、四川大学锦江学院、成都理工大学工程技术学院、成都文理学院
550117,人物形象设计,专科(高职),,三年,文化艺术大类,艺术设计类,专业导论、岗位基础技能、专业核心技术、设备/软件操作、项目实训、职业规范、综合实训、顶岗实习,category_template,rysxai课程文本未抽出课程名,库内未命中,头部/强研究型：核心课不一定换名称，但会加深数学/理论和研究训练，重点看理论深度、科研训练、交叉前沿、学术写作；样例：库内未命中该层次开设样例,北京电影学院、上海第二工业大学、四川传媒学院、北京财贸职业学院、天津轻工职业技术学院,区域重点/特色优势：核心课保持完整，通常叠加地方产业、行业场景、实验项目和专业方向模块；样例：北京电影学院、上海第二工业大学、四川传媒学院、北京财贸职业学院、天津轻工职业技术学院,山东女子学院、四川电影电视学院、宁夏职业技术大学、哈尔滨职业技术大学、郑州工商学院,普通应用/职业供给：更强调岗位技能、项目实训、证书衔接、综合实践，课程呈现更实训化、工具化；样例：山东女子学院、四川电影电视学院、宁夏职业技术大学、哈尔滨职业技术大学、郑州工商学院
550118,摄影与摄像艺术,专科(高职),,三年,文化艺术大类,艺术设计类,专业导论、岗位基础技能、专业核心技术、设备/软件操作、项目实训、职业规范、综合实训、顶岗实习,category_template,rysxai课程文本未抽出课程名,库内未命中,头部/强研究型：核心课不一定换名称，但会加深数学/理论和研究训练，重点看理论深度、科研训练、交叉前沿、学术写作；样例：库内未命中该层次开设样例,上海工艺美术职业学院、湖南工艺美术职业学院、苏州工艺美术职业技术学院,区域重点/特色优势：核心课保持完整，通常叠加地方产业、行业场景、实验项目和专业方向模块；样例：上海工艺美术职业学院、湖南工艺美术职业学院、苏州工艺美术职业技术学院,桂林师范学院、宁波财经学院、景德镇艺术职业大学、浙江广厦建设职业技术大学、河北美术学院,普通应用/职业供给：更强调岗位技能、项目实训、证书衔接、综合实践，课程呈现更实训化、工具化；样例：桂林师范学院、宁波财经学院、景德镇艺术职业大学、浙江广厦建设职业技术大学、河北美术学院
550119,雕刻艺术设计,专科(高职),,三年,文化艺术大类,艺术设计类,专业导论、岗位基础技能、专业核心技术、设备/软件操作、项目实训、职业规范、综合实训、顶岗实习,category_template,rysxai课程文本未抽出课程名,库内未命中,头部/强研究型：核心课不一定换名称，但会加深数学/理论和研究训练，重点看理论深度、科研训练、交叉前沿、学术写作；样例：库内未命中该层次开设样例,山东工艺美术学院、上海工艺美术职业学院、湖南工艺美术职业学院、苏州工艺美术职业技术学院,区域重点/特色优势：核心课保持完整，通常叠加地方产业、行业场景、实验项目和专业方向模块；样例：山东工艺美术学院、上海工艺美术职业学院、湖南工艺美术职业学院、苏州工艺美术职业技术学院,浙江广厦建设职业技术大学、大连艺术学院、云南国土资源职业学院、南阳工艺美术职业学院、大兴安岭职业学院,普通应用/职业供给：更强调岗位技能、项目实训、证书衔接、综合实践，课程呈现更实训化、工具化；样例：浙江广厦建设职业技术大学、大连艺术学院、云南国土资源职业学院、南阳工艺美术职业学院、大兴安岭职业学院
550120,皮具艺术设计,专科(高职),,三年,文化艺术大类,艺术设计类,专业导论、岗位基础技能、专业核心技术、设备/软件操作、项目实训、职业规范、综合实训、顶岗实习,category_template,rysxai课程文本未抽出课程名,库内未命中,头部/强研究型：核心课不一定换名称，但会加深数学/理论和研究训练，重点看理论深度、科研训练、交叉前沿、学术写作；样例：库内未命中该层次开设样例,广州职业技术大学、上海工艺美术职业学院、广东职业技术学院、湖南工艺美术职业学院、苏州工艺美术职业技术学院,区域重点/特色优势：核心课保持完整，通常叠加地方产业、行业场景、实验项目和专业方向模块；样例：广州职业技术大学、上海工艺美术职业学院、广东职业技术学院、湖南工艺美术职业学院、苏州工艺美术职业技术学院,广州科技贸易职业学院、湖南科技职业学院,普通应用/职业供给：更强调岗位技能、项目实训、证书衔接、综合实践，课程呈现更实训化、工具化；样例：广州科技贸易职业学院、湖南科技职业学院
550121,包装艺术设计,专科(高职),,三年,文化艺术大类,艺术设计类,专业导论、岗位基础技能、专业核心技术、设备/软件操作、项目实训、职业规范、综合实训、顶岗实习,category_template,rysxai课程文本未抽出课程名,库内未命中,头部/强研究型：核心课不一定换名称，但会加深数学/理论和研究训练，重点看理论深度、科研训练、交叉前沿、学术写作；样例：库内未命中该层次开设样例,广东轻工职业技术大学、湖南工业职业技术学院、湖南工艺美术职业学院,区域重点/特色优势：核心课保持完整，通常叠加地方产业、行业场景、实验项目和专业方向模块；样例：广东轻工职业技术大学、湖南工业职业技术学院、湖南工艺美术职业学院,武汉职业技术大学、喀什职业技术学院、天津工艺美术职业学院、安徽艺术职业学院、广东工程职业技术学院,普通应用/职业供给：更强调岗位技能、项目实训、证书衔接、综合实践，课程呈现更实训化、工具化；样例：武汉职业技术大学、喀什职业技术学院、天津工艺美术职业学院、安徽艺术职业学院、广东工程职业技术学院
550122,陶瓷设计与工艺,专科(高职),,三年,文化艺术大类,艺术设计类,专业导论、岗位基础技能、专业核心技术、设备/软件操作、项目实训、职业规范、综合实训、顶岗实习,category_template,rysxai课程文本未抽出课程名,库内未命中,头部/强研究型：核心课不一定换名称，但会加深数学/理论和研究训练，重点看理论深度、科研训练、交叉前沿、学术写作；样例：库内未命中该层次开设样例,上海工艺美术职业学院、广东职业技术学院、湖南工艺美术职业学院、苏州工艺美术职业技术学院、许昌职业技术学院,区域重点/特色优势：核心课保持完整，通常叠加地方产业、行业场景、实验项目和专业方向模块；样例：上海工艺美术职业学院、广东职业技术学院、湖南工艺美术职业学院、苏州工艺美术职业技术学院、许昌职业技术学院,唐山工业职业技术大学、淄博职业技术大学、景德镇艺术职业大学、南昌职业大学、河北美术学院,普通应用/职业供给：更强调岗位技能、项目实训、证书衔接、综合实践，课程呈现更实训化、工具化；样例：唐山工业职业技术大学、淄博职业技术大学、景德镇艺术职业大学、南昌职业大学、河北美术学院
550123,首饰设计与工艺,专科(高职),,三年,文化艺术大类,艺术设计类,专业导论、岗位基础技能、专业核心技术、设备/软件操作、项目实训、职业规范、综合实训、顶岗实习,category_template,rysxai课程文本未抽出课程名,库内未命中,头部/强研究型：核心课不一定换名称，但会加深数学/理论和研究训练，重点看理论深度、科研训练、交叉前沿、学术写作；样例：库内未命中该层次开设样例,深圳职业技术大学、广东轻工职业技术大学、顺德职业技术大学、广州职业技术大学、上海工艺美术职业学院,区域重点/特色优势：核心课保持完整，通常叠加地方产业、行业场景、实验项目和专业方向模块；样例：深圳职业技术大学、广东轻工职业技术大学、顺德职业技术大学、广州职业技术大学、上海工艺美术职业学院,兰州资源环境职业技术大学、陕西服装工程学院、武汉工程科技学院、云南国土资源职业学院、兰州职业技术学院,普通应用/职业供给：更强调岗位技能、项目实训、证书衔接、综合实践，课程呈现更实训化、工具化；样例：兰州资源环境职业技术大学、陕西服装工程学院、武汉工程科技学院、云南国土资源职业学院、兰州职业技术学院
550124,玉器设计与工艺,专科(高职),,三年,文化艺术大类,艺术设计类,专业导论、岗位基础技能、专业核心技术、设备/软件操作、项目实训、职业规范、综合实训、顶岗实习,category_template,rysxai课程文本未抽出课程名,库内未命中,头部/强研究型：核心课不一定换名称，但会加深数学/理论和研究训练，重点看理论深度、科研训练、交叉前沿、学术写作；样例：库内未命中该层次开设样例,上海工艺美术职业学院、北京经济管理职业学院,区域重点/特色优势：核心课保持完整，通常叠加地方产业、行业场景、实验项目和专业方向模块；样例：上海工艺美术职业学院、北京经济管理职业学院,酒泉职业技术大学、南阳工艺美术职业学院、郑州职业技术学院、珠海艺术职业学院、蚌埠经济技术职业学院,普通应用/职业供给：更强调岗位技能、项目实训、证书衔接、综合实践，课程呈现更实训化、工具化；样例：酒泉职业技术大学、南阳工艺美术职业学院、郑州职业技术学院、珠海艺术职业学院、蚌埠经济技术职业学院
550125,刺绣设计与工艺,专科(高职),,三年,文化艺术大类,艺术设计类,专业导论、岗位基础技能、专业核心技术、设备/软件操作、项目实训、职业规范、综合实训、顶岗实习,category_template,rysxai课程文本未抽出课程名,库内未命中,头部/强研究型：核心课不一定换名称，但会加深数学/理论和研究训练，重点看理论深度、科研训练、交叉前沿、学术写作；样例：库内未命中该层次开设样例,湖南工艺美术职业学院、苏州工艺美术职业技术学院,区域重点/特色优势：核心课保持完整，通常叠加地方产业、行业场景、实验项目和专业方向模块；样例：湖南工艺美术职业学院、苏州工艺美术职业技术学院,成都轻工职业技术大学、四川华新现代职业学院、长江艺术工程职业学院,普通应用/职业供给：更强调岗位技能、项目实训、证书衔接、综合实践，课程呈现更实训化、工具化；样例：成都轻工职业技术大学、四川华新现代职业学院、长江艺术工程职业学院
550126,雕塑设计,专科(高职),,三年,文化艺术大类,艺术设计类,专业导论、岗位基础技能、专业核心技术、设备/软件操作、项目实训、职业规范、综合实训、顶岗实习,category_template,rysxai课程文本未抽出课程名,库内未命中,头部/强研究型：核心课不一定换名称，但会加深数学/理论和研究训练，重点看理论深度、科研训练、交叉前沿、学术写作；样例：库内未命中该层次开设样例,上海工艺美术职业学院、苏州工艺美术职业技术学院,区域重点/特色优势：核心课保持完整，通常叠加地方产业、行业场景、实验项目和专业方向模块；样例：上海工艺美术职业学院、苏州工艺美术职业技术学院,河北美术学院、无锡工艺职业技术学院、江西陶瓷工艺美术职业技术学院、珠海艺术职业学院,普通应用/职业供给：更强调岗位技能、项目实训、证书衔接、综合实践，课程呈现更实训化、工具化；样例：河北美术学院、无锡工艺职业技术学院、江西陶瓷工艺美术职业技术学院、珠海艺术职业学院
550127,服装陈列与展示设计,专科(高职),,三年,文化艺术大类,艺术设计类,专业导论、岗位基础技能、专业核心技术、设备/软件操作、项目实训、职业规范、综合实训、顶岗实习,category_template,rysxai课程文本未抽出课程名,库内未命中,头部/强研究型：核心课不一定换名称，但会加深数学/理论和研究训练，重点看理论深度、科研训练、交叉前沿、学术写作；样例：库内未命中该层次开设样例,山东科技职业学院、苏州工艺美术职业技术学院,区域重点/特色优势：核心课保持完整，通常叠加地方产业、行业场景、实验项目和专业方向模块；样例：山东科技职业学院、苏州工艺美术职业技术学院,扬州职业技术大学、山东服装职业学院、常州纺织服装职业技术学院、广东女子职业技术学院、广西经贸职业技术学院,普通应用/职业供给：更强调岗位技能、项目实训、证书衔接、综合实践，课程呈现更实训化、工具化；样例：扬州职业技术大学、山东服装职业学院、常州纺织服装职业技术学院、广东女子职业技术学院、广西经贸职业技术学院
550128,数字时尚设计,专科(高职),,三年,文化艺术大类,艺术设计类,专业导论、岗位基础技能、专业核心技术、设备/软件操作、项目实训、职业规范、综合实训、顶岗实习,category_template,rysxai课程文本未抽出课程名,库内未命中,头部/强研究型：核心课不一定换名称，但会加深数学/理论和研究训练，重点看理论深度、科研训练、交叉前沿、学术写作；样例：库内未命中该层次开设样例,库内未命中,区域重点/特色优势：核心课保持完整，通常叠加地方产业、行业场景、实验项目和专业方向模块；样例：库内未命中该层次开设样例,安徽职业技术大学、汕头职业技术学院、山东文化产业职业学院,普通应用/职业供给：更强调岗位技能、项目实训、证书衔接、综合实践，课程呈现更实训化、工具化；样例：安徽职业技术大学、汕头职业技术学院、山东文化产业职业学院
550129,玩具设计与制作,专科(高职),,三年,文化艺术大类,艺术设计类,专业导论、岗位基础技能、专业核心技术、设备/软件操作、项目实训、职业规范、综合实训、顶岗实习,category_template,rysxai课程文本未抽出课程名,库内未命中,头部/强研究型：核心课不一定换名称，但会加深数学/理论和研究训练，重点看理论深度、科研训练、交叉前沿、学术写作；样例：库内未命中该层次开设样例,库内未命中,区域重点/特色优势：核心课保持完整，通常叠加地方产业、行业场景、实验项目和专业方向模块；样例：库内未命中该层次开设样例,三峡旅游职业技术学院,普通应用/职业供给：更强调岗位技能、项目实训、证书衔接、综合实践，课程呈现更实训化、工具化；样例：三峡旅游职业技术学院
550130,眼镜造型设计与工艺,专科(高职),,三年,文化艺术大类,艺术设计类,设计基础、造型设计、材料工艺、加工技术、质量检测等、专业导论、岗位基础技能、专业核心技术、设备/软件操作、项目实训,local_edu_major_course_or_learn_what,rysxai课程文本未抽出课程名,库内未命中,头部/强研究型：核心课不一定换名称，但会加深数学/理论和研究训练，重点看理论深度、科研训练、交叉前沿、学术写作；样例：库内未命中该层次开设样例,库内未命中,区域重点/特色优势：核心课保持完整，通常叠加地方产业、行业场景、实验项目和专业方向模块；样例：库内未命中该层次开设样例,库内未命中,普通应用/职业供给：更强调岗位技能、项目实训、证书衔接、综合实践，课程呈现更实训化、工具化；样例：库内未命中该层次开设样例
550131,数字非遗设计与制作,专科(高职),,三年,文化艺术大类,艺术设计类,专业导论、岗位基础技能、专业核心技术、设备/软件操作、项目实训、职业规范、综合实训、顶岗实习,category_template,未匹配rysxai课程文本,库内未命中,头部/强研究型：核心课不一定换名称，但会加深数学/理论和研究训练，重点看理论深度、科研训练、交叉前沿、学术写作；样例：库内未命中该层次开设样例,库内未命中,区域重点/特色优势：核心课保持完整，通常叠加地方产业、行业场景、实验项目和专业方向模块；样例：库内未命中该层次开设样例,库内未命中,普通应用/职业供给：更强调岗位技能、项目实训、证书衔接、综合实践，课程呈现更实训化、工具化；样例：库内未命中该层次开设样例
550201,音乐表演,专科(高职),,三年,文化艺术大类,表演艺术类,专业导论、岗位基础技能、专业核心技术、设备/软件操作、项目实训、职业规范、综合实训、顶岗实习,category_template,rysxai课程文本未抽出课程名,华中科技大学、中山大学、四川大学、中国人民大学、同济大学,头部/强研究型：核心课不一定换名称，但会加深数学/理论和研究训练，重点看理论深度、科研训练、交叉前沿、学术写作；样例：华中科技大学、中山大学、四川大学、中国人民大学、同济大学,山东师范大学、青岛大学、燕山大学、上海师范大学、江西师范大学,区域重点/特色优势：核心课保持完整，通常叠加地方产业、行业场景、实验项目和专业方向模块；样例：山东师范大学、青岛大学、燕山大学、上海师范大学、江西师范大学,洛阳理工学院、周口师范学院、商丘师范学院、黄淮学院、渭南师范学院,普通应用/职业供给：更强调岗位技能、项目实训、证书衔接、综合实践，课程呈现更实训化、工具化；样例：洛阳理工学院、周口师范学院、商丘师范学院、黄淮学院、渭南师范学院
550202,舞蹈表演,专科(高职),,三年,文化艺术大类,表演艺术类,专业导论、岗位基础技能、专业核心技术、设备/软件操作、项目实训、职业规范、综合实训、顶岗实习,category_template,rysxai课程文本未抽出课程名,华中科技大学、四川大学、中南大学、华南理工大学、重庆大学,头部/强研究型：核心课不一定换名称，但会加深数学/理论和研究训练，重点看理论深度、科研训练、交叉前沿、学术写作；样例：华中科技大学、四川大学、中南大学、华南理工大学、重庆大学,江西财经大学、燕山大学、广东外语外贸大学、上海戏剧学院、安徽师范大学,区域重点/特色优势：核心课保持完整，通常叠加地方产业、行业场景、实验项目和专业方向模块；样例：江西财经大学、燕山大学、广东外语外贸大学、上海戏剧学院、安徽师范大学,六盘水师范学院、山东青年政治学院、兰州文理学院、大庆师范学院、广西民族师范学院,普通应用/职业供给：更强调岗位技能、项目实训、证书衔接、综合实践，课程呈现更实训化、工具化；样例：六盘水师范学院、山东青年政治学院、兰州文理学院、大庆师范学院、广西民族师范学院
550203,戏曲表演,专科(高职),,三年,文化艺术大类,表演艺术类,专业导论、岗位基础技能、专业核心技术、设备/软件操作、项目实训、职业规范、综合实训、顶岗实习,category_template,rysxai课程文本未抽出课程名,库内未命中,头部/强研究型：核心课不一定换名称，但会加深数学/理论和研究训练，重点看理论深度、科研训练、交叉前沿、学术写作；样例：库内未命中该层次开设样例,浙江越秀外国语学院,区域重点/特色优势：核心课保持完整，通常叠加地方产业、行业场景、实验项目和专业方向模块；样例：浙江越秀外国语学院,菏泽学院、成都艺术职业大学、北京戏曲艺术职业学院、吕梁师范高等专科学校、周口职业技术学院,普通应用/职业供给：更强调岗位技能、项目实训、证书衔接、综合实践，课程呈现更实训化、工具化；样例：菏泽学院、成都艺术职业大学、北京戏曲艺术职业学院、吕梁师范高等专科学校、周口职业技术学院
550204,表演艺术,专科(高职),,三年,文化艺术大类,表演艺术类,专业导论、岗位基础技能、专业核心技术、设备/软件操作、项目实训、职业规范、综合实训、顶岗实习,category_template,rysxai课程文本未抽出课程名,库内未命中,头部/强研究型：核心课不一定换名称，但会加深数学/理论和研究训练，重点看理论深度、科研训练、交叉前沿、学术写作；样例：库内未命中该层次开设样例,北京电影学院、四川传媒学院、海口经济学院、河南职业技术学院、青岛港湾职业技术学院,区域重点/特色优势：核心课保持完整，通常叠加地方产业、行业场景、实验项目和专业方向模块；样例：北京电影学院、四川传媒学院、海口经济学院、河南职业技术学院、青岛港湾职业技术学院,四川电影电视学院、郑州科技学院、酒泉职业技术大学、云南经济管理学院、河北外国语学院,普通应用/职业供给：更强调岗位技能、项目实训、证书衔接、综合实践，课程呈现更实训化、工具化；样例：四川电影电视学院、郑州科技学院、酒泉职业技术大学、云南经济管理学院、河北外国语学院
550205,戏剧影视表演,专科(高职),,三年,文化艺术大类,表演艺术类,专业导论、岗位基础技能、专业核心技术、设备/软件操作、项目实训、职业规范、综合实训、顶岗实习,category_template,rysxai课程文本未抽出课程名,库内未命中,头部/强研究型：核心课不一定换名称，但会加深数学/理论和研究训练，重点看理论深度、科研训练、交叉前沿、学术写作；样例：库内未命中该层次开设样例,北京电影学院、湖南大众传媒职业技术学院,区域重点/特色优势：核心课保持完整，通常叠加地方产业、行业场景、实验项目和专业方向模块；样例：北京电影学院、湖南大众传媒职业技术学院,宁波财经学院、成都艺术职业大学、四川文化艺术学院、青岛黄海学院、武汉传媒学院,普通应用/职业供给：更强调岗位技能、项目实训、证书衔接、综合实践，课程呈现更实训化、工具化；样例：宁波财经学院、成都艺术职业大学、四川文化艺术学院、青岛黄海学院、武汉传媒学院
550206,歌舞表演,专科(高职),,三年,文化艺术大类,表演艺术类,专业导论、岗位基础技能、专业核心技术、设备/软件操作、项目实训、职业规范、综合实训、顶岗实习,category_template,rysxai课程文本未抽出课程名,库内未命中,头部/强研究型：核心课不一定换名称，但会加深数学/理论和研究训练，重点看理论深度、科研训练、交叉前沿、学术写作；样例：库内未命中该层次开设样例,库内未命中,区域重点/特色优势：核心课保持完整，通常叠加地方产业、行业场景、实验项目和专业方向模块；样例：库内未命中该层次开设样例,贵州交通职业大学、黄河水利职业技术大学、云南工商学院、河北美术学院、广东工商职业技术大学,普通应用/职业供给：更强调岗位技能、项目实训、证书衔接、综合实践，课程呈现更实训化、工具化；样例：贵州交通职业大学、黄河水利职业技术大学、云南工商学院、河北美术学院、广东工商职业技术大学
550207,曲艺表演,专科(高职),,三年,文化艺术大类,表演艺术类,专业导论、岗位基础技能、专业核心技术、设备/软件操作、项目实训、职业规范、综合实训、顶岗实习,category_template,rysxai课程文本未抽出课程名,库内未命中,头部/强研究型：核心课不一定换名称，但会加深数学/理论和研究训练，重点看理论深度、科研训练、交叉前沿、学术写作；样例：库内未命中该层次开设样例,库内未命中,区域重点/特色优势：核心课保持完整，通常叠加地方产业、行业场景、实验项目和专业方向模块；样例：库内未命中该层次开设样例,北京戏曲艺术职业学院、天津艺术职业学院、河南艺术职业学院、陕西工商职业学院、黑龙江艺术职业学院,普通应用/职业供给：更强调岗位技能、项目实训、证书衔接、综合实践，课程呈现更实训化、工具化；样例：北京戏曲艺术职业学院、天津艺术职业学院、河南艺术职业学院、陕西工商职业学院、黑龙江艺术职业学院
550208,音乐剧表演,专科(高职),,三年,文化艺术大类,表演艺术类,专业导论、岗位基础技能、专业核心技术、设备/软件操作、项目实训、职业规范、综合实训、顶岗实习,category_template,rysxai课程文本未抽出课程名,库内未命中,头部/强研究型：核心课不一定换名称，但会加深数学/理论和研究训练，重点看理论深度、科研训练、交叉前沿、学术写作；样例：库内未命中该层次开设样例,库内未命中,区域重点/特色优势：核心课保持完整，通常叠加地方产业、行业场景、实验项目和专业方向模块；样例：库内未命中该层次开设样例,徐州幼儿师范高等专科学校、湖南艺术职业学院、重庆文化艺术职业学院、上海电影艺术职业学院、南昌影视传播职业学院,普通应用/职业供给：更强调岗位技能、项目实训、证书衔接、综合实践，课程呈现更实训化、工具化；样例：徐州幼儿师范高等专科学校、湖南艺术职业学院、重庆文化艺术职业学院、上海电影艺术职业学院、南昌影视传播职业学院
550209,国际标准舞,专科(高职),,三年,文化艺术大类,表演艺术类,专业导论、岗位基础技能、专业核心技术、设备/软件操作、项目实训、职业规范、综合实训、顶岗实习,category_template,rysxai课程文本未抽出课程名,库内未命中,头部/强研究型：核心课不一定换名称，但会加深数学/理论和研究训练，重点看理论深度、科研训练、交叉前沿、学术写作；样例：库内未命中该层次开设样例,库内未命中,区域重点/特色优势：核心课保持完整，通常叠加地方产业、行业场景、实验项目和专业方向模块；样例：库内未命中该层次开设样例,郑州工程技术学院、四川电影电视学院、郑州升达经贸管理学院、三峡旅游职业技术学院、云南文化艺术职业学院,普通应用/职业供给：更强调岗位技能、项目实训、证书衔接、综合实践，课程呈现更实训化、工具化；样例：郑州工程技术学院、四川电影电视学院、郑州升达经贸管理学院、三峡旅游职业技术学院、云南文化艺术职业学院
550210,现代流行音乐,专科(高职),,三年,文化艺术大类,表演艺术类,专业导论、岗位基础技能、专业核心技术、设备/软件操作、项目实训、职业规范、综合实训、顶岗实习,category_template,rysxai课程文本未抽出课程名,库内未命中,头部/强研究型：核心课不一定换名称，但会加深数学/理论和研究训练，重点看理论深度、科研训练、交叉前沿、学术写作；样例：库内未命中该层次开设样例,海口经济学院、湖南大众传媒职业技术学院,区域重点/特色优势：核心课保持完整，通常叠加地方产业、行业场景、实验项目和专业方向模块；样例：海口经济学院、湖南大众传媒职业技术学院,呼和浩特职业技术大学、河北美术学院、云南文化艺术职业学院、安徽黄梅戏艺术职业学院、广东文艺职业学院,普通应用/职业供给：更强调岗位技能、项目实训、证书衔接、综合实践，课程呈现更实训化、工具化；样例：呼和浩特职业技术大学、河北美术学院、云南文化艺术职业学院、安徽黄梅戏艺术职业学院、广东文艺职业学院
550211,戏曲音乐,专科(高职),,三年,文化艺术大类,表演艺术类,专业导论、岗位基础技能、专业核心技术、设备/软件操作、项目实训、职业规范、综合实训、顶岗实习,category_template,rysxai课程文本未抽出课程名,库内未命中,头部/强研究型：核心课不一定换名称，但会加深数学/理论和研究训练，重点看理论深度、科研训练、交叉前沿、学术写作；样例：库内未命中该层次开设样例,库内未命中,区域重点/特色优势：核心课保持完整，通常叠加地方产业、行业场景、实验项目和专业方向模块；样例：库内未命中该层次开设样例,北京戏曲艺术职业学院、广东艺术职业学院、河南艺术职业学院、浙江艺术职业学院、湖南艺术职业学院,普通应用/职业供给：更强调岗位技能、项目实训、证书衔接、综合实践，课程呈现更实训化、工具化；样例：北京戏曲艺术职业学院、广东艺术职业学院、河南艺术职业学院、浙江艺术职业学院、湖南艺术职业学院
550212,音乐制作,专科(高职),,三年,文化艺术大类,表演艺术类,专业导论、岗位基础技能、专业核心技术、设备/软件操作、项目实训、职业规范、综合实训、顶岗实习,category_template,rysxai课程文本未抽出课程名,库内未命中,头部/强研究型：核心课不一定换名称，但会加深数学/理论和研究训练，重点看理论深度、科研训练、交叉前沿、学术写作；样例：库内未命中该层次开设样例,石家庄职业技术学院,区域重点/特色优势：核心课保持完整，通常叠加地方产业、行业场景、实验项目和专业方向模块；样例：石家庄职业技术学院,乌鲁木齐职业大学、河北美术学院、哈尔滨幼儿师范高等专科学校、广东文艺职业学院、广东艺术职业学院,普通应用/职业供给：更强调岗位技能、项目实训、证书衔接、综合实践，课程呈现更实训化、工具化；样例：乌鲁木齐职业大学、河北美术学院、哈尔滨幼儿师范高等专科学校、广东文艺职业学院、广东艺术职业学院
550213,钢琴伴奏,专科(高职),,三年,文化艺术大类,表演艺术类,专业导论、岗位基础技能、专业核心技术、设备/软件操作、项目实训、职业规范、综合实训、顶岗实习,category_template,rysxai课程文本未抽出课程名,库内未命中,头部/强研究型：核心课不一定换名称，但会加深数学/理论和研究训练，重点看理论深度、科研训练、交叉前沿、学术写作；样例：库内未命中该层次开设样例,库内未命中,区域重点/特色优势：核心课保持完整，通常叠加地方产业、行业场景、实验项目和专业方向模块；样例：库内未命中该层次开设样例,广东艺术职业学院、重庆文化艺术职业学院、珠海艺术职业学院,普通应用/职业供给：更强调岗位技能、项目实训、证书衔接、综合实践，课程呈现更实训化、工具化；样例：广东艺术职业学院、重庆文化艺术职业学院、珠海艺术职业学院
550214,钢琴调律,专科(高职),,三年,文化艺术大类,表演艺术类,专业导论、岗位基础技能、专业核心技术、设备/软件操作、项目实训、职业规范、综合实训、顶岗实习,category_template,rysxai课程文本未抽出课程名,库内未命中,头部/强研究型：核心课不一定换名称，但会加深数学/理论和研究训练，重点看理论深度、科研训练、交叉前沿、学术写作；样例：库内未命中该层次开设样例,库内未命中,区域重点/特色优势：核心课保持完整，通常叠加地方产业、行业场景、实验项目和专业方向模块；样例：库内未命中该层次开设样例,天津艺术职业学院、广东文艺职业学院、广东艺术职业学院、开封文化艺术职业学院、晋中师范高等专科学校,普通应用/职业供给：更强调岗位技能、项目实训、证书衔接、综合实践，课程呈现更实训化、工具化；样例：天津艺术职业学院、广东文艺职业学院、广东艺术职业学院、开封文化艺术职业学院、晋中师范高等专科学校
550215,舞蹈编导,专科(高职),,三年,文化艺术大类,表演艺术类,专业导论、岗位基础技能、专业核心技术、设备/软件操作、项目实训、职业规范、综合实训、顶岗实习,category_template,rysxai课程文本未抽出课程名,山东大学、山东大学威海分校、中央民族大学、东北师范大学、江南大学,头部/强研究型：核心课不一定换名称，但会加深数学/理论和研究训练，重点看理论深度、科研训练、交叉前沿、学术写作；样例：山东大学、山东大学威海分校、中央民族大学、东北师范大学、江南大学,广州大学、上海戏剧学院、河南师范大学、江苏师范大学、河南理工大学,区域重点/特色优势：核心课保持完整，通常叠加地方产业、行业场景、实验项目和专业方向模块；样例：广州大学、上海戏剧学院、河南师范大学、江苏师范大学、河南理工大学,周口师范学院、商丘师范学院、山东青年政治学院、太原学院、忻州师范学院,普通应用/职业供给：更强调岗位技能、项目实训、证书衔接、综合实践，课程呈现更实训化、工具化；样例：周口师范学院、商丘师范学院、山东青年政治学院、太原学院、忻州师范学院
550216,音乐传播,专科(高职),,三年,文化艺术大类,表演艺术类,专业导论、岗位基础技能、专业核心技术、设备/软件操作、项目实训、职业规范、综合实训、顶岗实习,category_template,rysxai课程文本未抽出课程名,库内未命中,头部/强研究型：核心课不一定换名称，但会加深数学/理论和研究训练，重点看理论深度、科研训练、交叉前沿、学术写作；样例：库内未命中该层次开设样例,库内未命中,区域重点/特色优势：核心课保持完整，通常叠加地方产业、行业场景、实验项目和专业方向模块；样例：库内未命中该层次开设样例,昆明传媒学院、广东文艺职业学院、广东艺术职业学院、广州东华职业学院、广州珠江职业技术学院,普通应用/职业供给：更强调岗位技能、项目实训、证书衔接、综合实践，课程呈现更实训化、工具化；样例：昆明传媒学院、广东文艺职业学院、广东艺术职业学院、广州东华职业学院、广州珠江职业技术学院
550217,时尚表演与传播,专科(高职),,三年,文化艺术大类,表演艺术类,专业导论、岗位基础技能、专业核心技术、设备/软件操作、项目实训、职业规范、综合实训、顶岗实习,category_template,rysxai课程文本未抽出课程名,库内未命中,头部/强研究型：核心课不一定换名称，但会加深数学/理论和研究训练，重点看理论深度、科研训练、交叉前沿、学术写作；样例：库内未命中该层次开设样例,四川传媒学院、海口经济学院、义乌工商职业技术学院、苏州工艺美术职业技术学院,区域重点/特色优势：核心课保持完整，通常叠加地方产业、行业场景、实验项目和专业方向模块；样例：四川传媒学院、海口经济学院、义乌工商职业技术学院、苏州工艺美术职业技术学院,武汉职业技术大学、湖南汽车工程职业大学、河北科技工程职业技术大学、四川电影电视学院、安徽职业技术大学,普通应用/职业供给：更强调岗位技能、项目实训、证书衔接、综合实践，课程呈现更实训化、工具化；样例：武汉职业技术大学、湖南汽车工程职业大学、河北科技工程职业技术大学、四川电影电视学院、安徽职业技术大学
550218,舞台艺术设计与制作,专科(高职),,三年,文化艺术大类,表演艺术类,专业导论、岗位基础技能、专业核心技术、设备/软件操作、项目实训、职业规范、综合实训、顶岗实习,category_template,rysxai课程文本未抽出课程名,库内未命中,头部/强研究型：核心课不一定换名称，但会加深数学/理论和研究训练，重点看理论深度、科研训练、交叉前沿、学术写作；样例：库内未命中该层次开设样例,贵州工业职业技术学院,区域重点/特色优势：核心课保持完整，通常叠加地方产业、行业场景、实验项目和专业方向模块；样例：贵州工业职业技术学院,景德镇艺术职业大学、云南文化艺术职业学院、北京戏曲艺术职业学院、四川艺术职业学院、天津艺术职业学院,普通应用/职业供给：更强调岗位技能、项目实训、证书衔接、综合实践，课程呈现更实训化、工具化；样例：景德镇艺术职业大学、云南文化艺术职业学院、北京戏曲艺术职业学院、四川艺术职业学院、天津艺术职业学院
550219,作曲技术,专科(高职),,三年,文化艺术大类,表演艺术类,专业导论、岗位基础技能、专业核心技术、设备/软件操作、项目实训、职业规范、综合实训、顶岗实习,category_template,rysxai课程文本未抽出课程名,库内未命中,头部/强研究型：核心课不一定换名称，但会加深数学/理论和研究训练，重点看理论深度、科研训练、交叉前沿、学术写作；样例：库内未命中该层次开设样例,库内未命中,区域重点/特色优势：核心课保持完整，通常叠加地方产业、行业场景、实验项目和专业方向模块；样例：库内未命中该层次开设样例,库内未命中,普通应用/职业供给：更强调岗位技能、项目实训、证书衔接、综合实践，课程呈现更实训化、工具化；样例：库内未命中该层次开设样例
550220,现代魔术设计与表演,专科(高职),,三年,文化艺术大类,表演艺术类,专业导论、岗位基础技能、专业核心技术、设备/软件操作、项目实训、职业规范、综合实训、顶岗实习,category_template,rysxai课程文本未抽出课程名,库内未命中,头部/强研究型：核心课不一定换名称，但会加深数学/理论和研究训练，重点看理论深度、科研训练、交叉前沿、学术写作；样例：库内未命中该层次开设样例,库内未命中,区域重点/特色优势：核心课保持完整，通常叠加地方产业、行业场景、实验项目和专业方向模块；样例：库内未命中该层次开设样例,北京科技职业大学、沧州职业技术学院、河南艺术职业学院,普通应用/职业供给：更强调岗位技能、项目实训、证书衔接、综合实践，课程呈现更实训化、工具化；样例：北京科技职业大学、沧州职业技术学院、河南艺术职业学院
550221,现代杂技表演艺术,专科(高职),,三年,文化艺术大类,表演艺术类,综合体适能、杂技基本功训练、杂技形体训练、杂技技巧训练、杂技单项节目表演、杂技群体节目表演、传统杂技项目表演、杂技艺术概论等、专业导论、岗位基础技能,local_edu_major_course_or_learn_what,rysxai课程文本未抽出课程名,库内未命中,头部/强研究型：核心课不一定换名称，但会加深数学/理论和研究训练，重点看理论深度、科研训练、交叉前沿、学术写作；样例：库内未命中该层次开设样例,库内未命中,区域重点/特色优势：核心课保持完整，通常叠加地方产业、行业场景、实验项目和专业方向模块；样例：库内未命中该层次开设样例,沧州职业技术学院,普通应用/职业供给：更强调岗位技能、项目实训、证书衔接、综合实践，课程呈现更实训化、工具化；样例：沧州职业技术学院
550301,民族表演艺术,专科(高职),,三年,文化艺术大类,民族文化艺术类,专业导论、岗位基础技能、专业核心技术、设备/软件操作、项目实训、职业规范、综合实训、顶岗实习,category_template,rysxai课程文本未抽出课程名,库内未命中,头部/强研究型：核心课不一定换名称，但会加深数学/理论和研究训练，重点看理论深度、科研训练、交叉前沿、学术写作；样例：库内未命中该层次开设样例,四川民族学院,区域重点/特色优势：核心课保持完整，通常叠加地方产业、行业场景、实验项目和专业方向模块；样例：四川民族学院,云南文化艺术职业学院、云南旅游职业学院、南充职业技术学院、甘孜职业学院、贵州农业职业学院,普通应用/职业供给：更强调岗位技能、项目实训、证书衔接、综合实践，课程呈现更实训化、工具化；样例：云南文化艺术职业学院、云南旅游职业学院、南充职业技术学院、甘孜职业学院、贵州农业职业学院
550302,民族美术,专科(高职),,三年,文化艺术大类,民族文化艺术类,专业导论、岗位基础技能、专业核心技术、设备/软件操作、项目实训、职业规范、综合实训、顶岗实习,category_template,rysxai课程文本未抽出课程名,库内未命中,头部/强研究型：核心课不一定换名称，但会加深数学/理论和研究训练，重点看理论深度、科研训练、交叉前沿、学术写作；样例：库内未命中该层次开设样例,四川民族学院,区域重点/特色优势：核心课保持完整，通常叠加地方产业、行业场景、实验项目和专业方向模块；样例：四川民族学院,广州城市职业学院、河南轻工职业学院、甘孜职业学院、曲阜远东职业技术学院、珠海艺术职业学院,普通应用/职业供给：更强调岗位技能、项目实训、证书衔接、综合实践，课程呈现更实训化、工具化；样例：广州城市职业学院、河南轻工职业学院、甘孜职业学院、曲阜远东职业技术学院、珠海艺术职业学院
550303,民族服装与饰品,专科(高职),,三年,文化艺术大类,民族文化艺术类,专业导论、岗位基础技能、专业核心技术、设备/软件操作、项目实训、职业规范、综合实训、顶岗实习,category_template,rysxai课程文本未抽出课程名,库内未命中,头部/强研究型：核心课不一定换名称，但会加深数学/理论和研究训练，重点看理论深度、科研训练、交叉前沿、学术写作；样例：库内未命中该层次开设样例,库内未命中,区域重点/特色优势：核心课保持完整，通常叠加地方产业、行业场景、实验项目和专业方向模块；样例：库内未命中该层次开设样例,山东服装职业学院、福建艺术职业学院、广西理工职业技术学院,普通应用/职业供给：更强调岗位技能、项目实训、证书衔接、综合实践，课程呈现更实训化、工具化；样例：山东服装职业学院、福建艺术职业学院、广西理工职业技术学院
550304,民族传统技艺,专科(高职),,三年,文化艺术大类,民族文化艺术类,专业导论、岗位基础技能、专业核心技术、设备/软件操作、项目实训、职业规范、综合实训、顶岗实习,category_template,rysxai课程文本未抽出课程名,库内未命中,头部/强研究型：核心课不一定换名称，但会加深数学/理论和研究训练，重点看理论深度、科研训练、交叉前沿、学术写作；样例：库内未命中该层次开设样例,天水师范大学,区域重点/特色优势：核心课保持完整，通常叠加地方产业、行业场景、实验项目和专业方向模块；样例：天水师范大学,云南农业职业技术学院、云南特殊教育职业学院、冀中职业学院、咸阳职业技术学院、廊坊职业技术学院,普通应用/职业供给：更强调岗位技能、项目实训、证书衔接、综合实践，课程呈现更实训化、工具化；样例：云南农业职业技术学院、云南特殊教育职业学院、冀中职业学院、咸阳职业技术学院、廊坊职业技术学院
550305,中国少数民族语言文化,专科(高职),,三年,文化艺术大类,民族文化艺术类,专业导论、岗位基础技能、专业核心技术、设备/软件操作、项目实训、职业规范、综合实训、顶岗实习,category_template,rysxai课程文本未抽出课程名,库内未命中,头部/强研究型：核心课不一定换名称，但会加深数学/理论和研究训练，重点看理论深度、科研训练、交叉前沿、学术写作；样例：库内未命中该层次开设样例,四川民族学院,区域重点/特色优势：核心课保持完整，通常叠加地方产业、行业场景、实验项目和专业方向模块；样例：四川民族学院,西双版纳职业技术学院,普通应用/职业供给：更强调岗位技能、项目实训、证书衔接、综合实践，课程呈现更实训化、工具化；样例：西双版纳职业技术学院
550401,文化创意与策划,专科(高职),,三年,文化艺术大类,文化服务类,专业导论、岗位基础技能、专业核心技术、设备/软件操作、项目实训、职业规范、综合实训、顶岗实习,category_template,rysxai课程文本未抽出课程名,库内未命中,头部/强研究型：核心课不一定换名称，但会加深数学/理论和研究训练，重点看理论深度、科研训练、交叉前沿、学术写作；样例：库内未命中该层次开设样例,深圳职业技术大学、海口经济学院、山西省财政税务专科学校、成都职业技术学院、武汉城市职业学院,区域重点/特色优势：核心课保持完整，通常叠加地方产业、行业场景、实验项目和专业方向模块；样例：深圳职业技术大学、海口经济学院、山西省财政税务专科学校、成都职业技术学院、武汉城市职业学院,成都锦城学院、安徽职业技术大学、成都艺术职业大学、银川科技学院、上海农林职业技术学院,普通应用/职业供给：更强调岗位技能、项目实训、证书衔接、综合实践，课程呈现更实训化、工具化；样例：成都锦城学院、安徽职业技术大学、成都艺术职业大学、银川科技学院、上海农林职业技术学院
550402,文化产业经营与管理,专科(高职),,三年,文化艺术大类,文化服务类,专业导论、岗位基础技能、专业核心技术、设备/软件操作、项目实训、职业规范、综合实训、顶岗实习,category_template,rysxai课程文本未抽出课程名,库内未命中,头部/强研究型：核心课不一定换名称，但会加深数学/理论和研究训练，重点看理论深度、科研训练、交叉前沿、学术写作；样例：库内未命中该层次开设样例,深圳信息职业技术大学、江苏经贸职业技术学院,区域重点/特色优势：核心课保持完整，通常叠加地方产业、行业场景、实验项目和专业方向模块；样例：深圳信息职业技术大学、江苏经贸职业技术学院,云南文化艺术职业学院、四川文化产业职业学院、四川艺术职业学院、宁夏艺术职业学院、广东艺术职业学院,普通应用/职业供给：更强调岗位技能、项目实训、证书衔接、综合实践，课程呈现更实训化、工具化；样例：云南文化艺术职业学院、四川文化产业职业学院、四川艺术职业学院、宁夏艺术职业学院、广东艺术职业学院
550403,公共文化服务与管理,专科(高职),,三年,文化艺术大类,文化服务类,专业导论、岗位基础技能、专业核心技术、设备/软件操作、项目实训、职业规范、综合实训、顶岗实习,category_template,rysxai课程文本未抽出课程名,库内未命中,头部/强研究型：核心课不一定换名称，但会加深数学/理论和研究训练，重点看理论深度、科研训练、交叉前沿、学术写作；样例：库内未命中该层次开设样例,库内未命中,区域重点/特色优势：核心课保持完整，通常叠加地方产业、行业场景、实验项目和专业方向模块；样例：库内未命中该层次开设样例,山东女子学院、成都艺术职业大学、三明医学科技职业学院、南充文化旅游职业学院、咸宁职业技术学院,普通应用/职业供给：更强调岗位技能、项目实训、证书衔接、综合实践，课程呈现更实训化、工具化；样例：山东女子学院、成都艺术职业大学、三明医学科技职业学院、南充文化旅游职业学院、咸宁职业技术学院
550404,文物修复与保护,专科(高职),,三年,文化艺术大类,文化服务类,专业导论、岗位基础技能、专业核心技术、设备/软件操作、项目实训、职业规范、综合实训、顶岗实习,category_template,rysxai课程文本未抽出课程名,库内未命中,头部/强研究型：核心课不一定换名称，但会加深数学/理论和研究训练，重点看理论深度、科研训练、交叉前沿、学术写作；样例：库内未命中该层次开设样例,上海工艺美术职业学院、天津轻工职业技术学院、陕西职业技术学院,区域重点/特色优势：核心课保持完整，通常叠加地方产业、行业场景、实验项目和专业方向模块；样例：上海工艺美术职业学院、天津轻工职业技术学院、陕西职业技术学院,齐鲁师范学院、安阳学院、山西工程科技职业大学、西安思源学院、上海城建职业学院,普通应用/职业供给：更强调岗位技能、项目实训、证书衔接、综合实践，课程呈现更实训化、工具化；样例：齐鲁师范学院、安阳学院、山西工程科技职业大学、西安思源学院、上海城建职业学院
550405,文物考古技术,专科(高职),,三年,文化艺术大类,文化服务类,专业导论、岗位基础技能、专业核心技术、设备/软件操作、项目实训、职业规范、综合实训、顶岗实习,category_template,rysxai课程文本未抽出课程名,库内未命中,头部/强研究型：核心课不一定换名称，但会加深数学/理论和研究训练，重点看理论深度、科研训练、交叉前沿、学术写作；样例：库内未命中该层次开设样例,库内未命中,区域重点/特色优势：核心课保持完整，通常叠加地方产业、行业场景、实验项目和专业方向模块；样例：库内未命中该层次开设样例,景德镇艺术职业大学、四川艺术职业学院、山东旅游职业学院、洛阳职业技术学院、莱芜职业技术学院,普通应用/职业供给：更强调岗位技能、项目实训、证书衔接、综合实践，课程呈现更实训化、工具化；样例：景德镇艺术职业大学、四川艺术职业学院、山东旅游职业学院、洛阳职业技术学院、莱芜职业技术学院
550406,文物展示利用技术,专科(高职),,三年,文化艺术大类,文化服务类,专业导论、岗位基础技能、专业核心技术、设备/软件操作、项目实训、职业规范、综合实训、顶岗实习,category_template,rysxai课程文本未抽出课程名,库内未命中,头部/强研究型：核心课不一定换名称，但会加深数学/理论和研究训练，重点看理论深度、科研训练、交叉前沿、学术写作；样例：库内未命中该层次开设样例,库内未命中,区域重点/特色优势：核心课保持完整，通常叠加地方产业、行业场景、实验项目和专业方向模块；样例：库内未命中该层次开设样例,四川文化产业职业学院、四川艺术职业学院、洛阳职业技术学院、莱芜职业技术学院、大连汽车职业技术学院,普通应用/职业供给：更强调岗位技能、项目实训、证书衔接、综合实践，课程呈现更实训化、工具化；样例：四川文化产业职业学院、四川艺术职业学院、洛阳职业技术学院、莱芜职业技术学院、大连汽车职业技术学院
550407,图书档案管理,专科(高职),,三年,文化艺术大类,文化服务类,专业导论、岗位基础技能、专业核心技术、设备/软件操作、项目实训、职业规范、综合实训、顶岗实习,category_template,rysxai课程文本未抽出课程名,库内未命中,头部/强研究型：核心课不一定换名称，但会加深数学/理论和研究训练，重点看理论深度、科研训练、交叉前沿、学术写作；样例：库内未命中该层次开设样例,库内未命中,区域重点/特色优势：核心课保持完整，通常叠加地方产业、行业场景、实验项目和专业方向模块；样例：库内未命中该层次开设样例,合肥幼儿师范高等专科学校、四川艺术职业学院、晋中师范高等专科学校,普通应用/职业供给：更强调岗位技能、项目实训、证书衔接、综合实践，课程呈现更实训化、工具化；样例：合肥幼儿师范高等专科学校、四川艺术职业学院、晋中师范高等专科学校
550408,石窟寺保护技术,专科(高职),,三年,文化艺术大类,文化服务类,专业导论、岗位基础技能、专业核心技术、设备/软件操作、项目实训、职业规范、综合实训、顶岗实习,category_template,rysxai课程文本未抽出课程名,库内未命中,头部/强研究型：核心课不一定换名称，但会加深数学/理论和研究训练，重点看理论深度、科研训练、交叉前沿、学术写作；样例：库内未命中该层次开设样例,库内未命中,区域重点/特色优势：核心课保持完整，通常叠加地方产业、行业场景、实验项目和专业方向模块；样例：库内未命中该层次开设样例,山西工程科技职业大学、兰州职业技术学院、开封文化艺术职业学院、洛阳职业技术学院,普通应用/职业供给：更强调岗位技能、项目实训、证书衔接、综合实践，课程呈现更实训化、工具化；样例：山西工程科技职业大学、兰州职业技术学院、开封文化艺术职业学院、洛阳职业技术学院
550409,文物数字技术,专科(高职),,三年,文化艺术大类,文化服务类,专业导论、岗位基础技能、专业核心技术、设备/软件操作、项目实训、职业规范、综合实训、顶岗实习,category_template,rysxai课程文本未抽出课程名,库内未命中,头部/强研究型：核心课不一定换名称，但会加深数学/理论和研究训练，重点看理论深度、科研训练、交叉前沿、学术写作；样例：库内未命中该层次开设样例,库内未命中,区域重点/特色优势：核心课保持完整，通常叠加地方产业、行业场景、实验项目和专业方向模块；样例：库内未命中该层次开设样例,枣庄科技职业学院、莱芜职业技术学院、长江艺术工程职业学院,普通应用/职业供给：更强调岗位技能、项目实训、证书衔接、综合实践，课程呈现更实训化、工具化；样例：枣庄科技职业学院、莱芜职业技术学院、长江艺术工程职业学院
280101,化妆品工程技术,本科(职业),工学学士,四年,轻工纺织大类,轻化工类,专业导论、专业核心理论、专业方法与工具、实验/实践课程、方向模块课程、课程设计、毕业论文/设计,category_template,未匹配rysxai课程文本,库内未命中,头部/强研究型：核心课不一定换名称，但会加深数学/理论和研究训练，重点看理论深度、科研训练、交叉前沿、学术写作；样例：库内未命中该层次开设样例,库内未命中,区域重点/特色优势：核心课保持完整，通常叠加地方产业、行业场景、实验项目和专业方向模块；样例：库内未命中该层次开设样例,浙江药科职业大学,普通应用/职业供给：更强调岗位技能、项目实训、证书衔接、综合实践，课程呈现更实训化、工具化；样例：浙江药科职业大学
280102,现代造纸工程技术,本科(职业),工学学士,四年,轻工纺织大类,轻化工类,专业导论、专业核心理论、专业方法与工具、实验/实践课程、方向模块课程、课程设计、毕业论文/设计,category_template,未匹配rysxai课程文本,库内未命中,头部/强研究型：核心课不一定换名称，但会加深数学/理论和研究训练，重点看理论深度、科研训练、交叉前沿、学术写作；样例：库内未命中该层次开设样例,库内未命中,区域重点/特色优势：核心课保持完整，通常叠加地方产业、行业场景、实验项目和专业方向模块；样例：库内未命中该层次开设样例,库内未命中,普通应用/职业供给：更强调岗位技能、项目实训、证书衔接、综合实践，课程呈现更实训化、工具化；样例：库内未命中该层次开设样例
280103,珠宝首饰工程技术,本科(职业),工学学士,四年,轻工纺织大类,轻化工类,专业导论、专业核心理论、专业方法与工具、实验/实践课程、方向模块课程、课程设计、毕业论文/设计,category_template,未匹配rysxai课程文本,库内未命中,头部/强研究型：核心课不一定换名称，但会加深数学/理论和研究训练，重点看理论深度、科研训练、交叉前沿、学术写作；样例：库内未命中该层次开设样例,库内未命中,区域重点/特色优势：核心课保持完整，通常叠加地方产业、行业场景、实验项目和专业方向模块；样例：库内未命中该层次开设样例,滇西应用技术大学,普通应用/职业供给：更强调岗位技能、项目实训、证书衔接、综合实践，课程呈现更实训化、工具化；样例：滇西应用技术大学
280201,包装工程技术,本科(职业),工学学士,四年,轻工纺织大类,包装类,专业导论、专业核心理论、专业方法与工具、实验/实践课程、方向模块课程、课程设计、毕业论文/设计,category_template,rysxai课程文本未抽出课程名,库内未命中,头部/强研究型：核心课不一定换名称，但会加深数学/理论和研究训练，重点看理论深度、科研训练、交叉前沿、学术写作；样例：库内未命中该层次开设样例,湖南工艺美术职业学院,区域重点/特色优势：核心课保持完整，通常叠加地方产业、行业场景、实验项目和专业方向模块；样例：湖南工艺美术职业学院,漯河食品工程职业大学、运城职业技术大学、临沂科技职业学院、天津职业大学、汝州职业技术学院,普通应用/职业供给：更强调岗位技能、项目实训、证书衔接、综合实践，课程呈现更实训化、工具化；样例：漯河食品工程职业大学、运城职业技术大学、临沂科技职业学院、天津职业大学、汝州职业技术学院
280301,数字印刷工程,本科(职业),工学学士,四年,轻工纺织大类,印刷类,专业导论、专业核心理论、专业方法与工具、实验/实践课程、方向模块课程、课程设计、毕业论文/设计,category_template,未匹配rysxai课程文本,库内未命中,头部/强研究型：核心课不一定换名称，但会加深数学/理论和研究训练，重点看理论深度、科研训练、交叉前沿、学术写作；样例：库内未命中该层次开设样例,深圳职业技术大学,区域重点/特色优势：核心课保持完整，通常叠加地方产业、行业场景、实验项目和专业方向模块；样例：深圳职业技术大学,兰州石化职业技术大学、广州科技职业技术大学,普通应用/职业供给：更强调岗位技能、项目实训、证书衔接、综合实践，课程呈现更实训化、工具化；样例：兰州石化职业技术大学、广州科技职业技术大学
280401,现代纺织工程技术,本科(职业),工学学士,四年,轻工纺织大类,纺织服装类,专业导论、专业核心理论、专业方法与工具、实验/实践课程、方向模块课程、课程设计、毕业论文/设计,category_template,未匹配rysxai课程文本,库内未命中,头部/强研究型：核心课不一定换名称，但会加深数学/理论和研究训练，重点看理论深度、科研训练、交叉前沿、学术写作；样例：库内未命中该层次开设样例,库内未命中,区域重点/特色优势：核心课保持完整，通常叠加地方产业、行业场景、实验项目和专业方向模块；样例：库内未命中该层次开设样例,新疆理工职业大学,普通应用/职业供给：更强调岗位技能、项目实训、证书衔接、综合实践，课程呈现更实训化、工具化；样例：新疆理工职业大学
280402,服装工程技术,本科(职业),工学学士,四年,轻工纺织大类,纺织服装类,专业导论、专业核心理论、专业方法与工具、实验/实践课程、方向模块课程、课程设计、毕业论文/设计,category_template,未匹配rysxai课程文本,库内未命中,头部/强研究型：核心课不一定换名称，但会加深数学/理论和研究训练，重点看理论深度、科研训练、交叉前沿、学术写作；样例：库内未命中该层次开设样例,库内未命中,区域重点/特色优势：核心课保持完整，通常叠加地方产业、行业场景、实验项目和专业方向模块；样例：库内未命中该层次开设样例,河北科技工程职业技术大学、扬州职业技术大学、杭州职业技术大学,普通应用/职业供给：更强调岗位技能、项目实训、证书衔接、综合实践，课程呈现更实训化、工具化；样例：河北科技工程职业技术大学、扬州职业技术大学、杭州职业技术大学
280403,数字化染整技术,本科(职业),工学学士,四年,轻工纺织大类,纺织服装类,专业导论、专业核心理论、专业方法与工具、实验/实践课程、方向模块课程、课程设计、毕业论文/设计,category_template,rysxai课程文本未抽出课程名,库内未命中,头部/强研究型：核心课不一定换名称，但会加深数学/理论和研究训练，重点看理论深度、科研训练、交叉前沿、学术写作；样例：库内未命中该层次开设样例,广东职业技术学院,区域重点/特色优势：核心课保持完整，通常叠加地方产业、行业场景、实验项目和专业方向模块；样例：广东职业技术学院,安徽职业技术大学、三明医学科技职业学院、山东轻工职业学院、广西工业职业技术学院、成都轻工职业技术大学,普通应用/职业供给：更强调岗位技能、项目实训、证书衔接、综合实践，课程呈现更实训化、工具化；样例：安徽职业技术大学、三明医学科技职业学院、山东轻工职业学院、广西工业职业技术学院、成都轻工职业技术大学
280404,鞋类工程技术,本科(职业),工学学士,四年,轻工纺织大类,纺织服装类,专业导论、专业核心理论、专业方法与工具、实验/实践课程、方向模块课程、课程设计、毕业论文/设计,category_template,未匹配rysxai课程文本,库内未命中,头部/强研究型：核心课不一定换名称，但会加深数学/理论和研究训练，重点看理论深度、科研训练、交叉前沿、学术写作；样例：库内未命中该层次开设样例,库内未命中,区域重点/特色优势：核心课保持完整，通常叠加地方产业、行业场景、实验项目和专业方向模块；样例：库内未命中该层次开设样例,库内未命中,普通应用/职业供给：更强调岗位技能、项目实训、证书衔接、综合实践，课程呈现更实训化、工具化；样例：库内未命中该层次开设样例
560101,数字图文信息处理技术,专科(高职),,三年,新闻传播大类,新闻出版类,专业导论、岗位基础技能、专业核心技术、设备/软件操作、项目实训、职业规范、综合实训、顶岗实习,category_template,rysxai课程文本未抽出课程名,库内未命中,头部/强研究型：核心课不一定换名称，但会加深数学/理论和研究训练，重点看理论深度、科研训练、交叉前沿、学术写作；样例：库内未命中该层次开设样例,深圳职业技术大学、天津现代职业技术学院,区域重点/特色优势：核心课保持完整，通常叠加地方产业、行业场景、实验项目和专业方向模块；样例：深圳职业技术大学、天津现代职业技术学院,荆楚理工学院、山东传媒职业学院、晋城职业技术学院、江西传媒职业学院、滁州城市职业学院,普通应用/职业供给：更强调岗位技能、项目实训、证书衔接、综合实践，课程呈现更实训化、工具化；样例：荆楚理工学院、山东传媒职业学院、晋城职业技术学院、江西传媒职业学院、滁州城市职业学院
560102,网络新闻与传播,专科(高职),,三年,新闻传播大类,新闻出版类,专业导论、岗位基础技能、专业核心技术、设备/软件操作、项目实训、职业规范、综合实训、顶岗实习,category_template,rysxai课程文本未抽出课程名,库内未命中,头部/强研究型：核心课不一定换名称，但会加深数学/理论和研究训练，重点看理论深度、科研训练、交叉前沿、学术写作；样例：库内未命中该层次开设样例,枣庄学院、昌吉学院、海口经济学院、安徽商贸职业技术学院、湖南大众传媒职业技术学院,区域重点/特色优势：核心课保持完整，通常叠加地方产业、行业场景、实验项目和专业方向模块；样例：枣庄学院、昌吉学院、海口经济学院、安徽商贸职业技术学院、湖南大众传媒职业技术学院,德宏师范学院、武汉职业技术大学、苏州职业技术大学、南宁职业技术大学、成都理工大学工程技术学院,普通应用/职业供给：更强调岗位技能、项目实训、证书衔接、综合实践，课程呈现更实训化、工具化；样例：德宏师范学院、武汉职业技术大学、苏州职业技术大学、南宁职业技术大学、成都理工大学工程技术学院
560103,出版策划与编辑,专科(高职),,三年,新闻传播大类,新闻出版类,专业导论、岗位基础技能、专业核心技术、设备/软件操作、项目实训、职业规范、综合实训、顶岗实习,category_template,rysxai课程文本未抽出课程名,库内未命中,头部/强研究型：核心课不一定换名称，但会加深数学/理论和研究训练，重点看理论深度、科研训练、交叉前沿、学术写作；样例：库内未命中该层次开设样例,库内未命中,区域重点/特色优势：核心课保持完整，通常叠加地方产业、行业场景、实验项目和专业方向模块；样例：库内未命中该层次开设样例,安徽新闻出版职业技术学院、江西传媒职业学院,普通应用/职业供给：更强调岗位技能、项目实训、证书衔接、综合实践，课程呈现更实训化、工具化；样例：安徽新闻出版职业技术学院、江西传媒职业学院
560104,出版商务,专科(高职),,三年,新闻传播大类,新闻出版类,专业导论、岗位基础技能、专业核心技术、设备/软件操作、项目实训、职业规范、综合实训、顶岗实习,category_template,rysxai课程文本未抽出课程名,库内未命中,头部/强研究型：核心课不一定换名称，但会加深数学/理论和研究训练，重点看理论深度、科研训练、交叉前沿、学术写作；样例：库内未命中该层次开设样例,湖北第二师范学院,区域重点/特色优势：核心课保持完整，通常叠加地方产业、行业场景、实验项目和专业方向模块；样例：湖北第二师范学院,南充职业技术学院、安徽新闻出版职业技术学院,普通应用/职业供给：更强调岗位技能、项目实训、证书衔接、综合实践，课程呈现更实训化、工具化；样例：南充职业技术学院、安徽新闻出版职业技术学院
560105,数字出版,专科(高职),,三年,新闻传播大类,新闻出版类,专业导论、岗位基础技能、专业核心技术、设备/软件操作、项目实训、职业规范、综合实训、顶岗实习,category_template,rysxai课程文本未抽出课程名,中南大学、中国传媒大学,头部/强研究型：核心课不一定换名称，但会加深数学/理论和研究训练，重点看理论深度、科研训练、交叉前沿、学术写作；样例：中南大学、中国传媒大学,华侨大学、西北师范大学、深圳职业技术大学、北京印刷学院、闽南师范大学,区域重点/特色优势：核心课保持完整，通常叠加地方产业、行业场景、实验项目和专业方向模块；样例：华侨大学、西北师范大学、深圳职业技术大学、北京印刷学院、闽南师范大学,兰州文理学院、绥化学院、山西传媒学院、桂林学院、西安外事学院,普通应用/职业供给：更强调岗位技能、项目实训、证书衔接、综合实践，课程呈现更实训化、工具化；样例：兰州文理学院、绥化学院、山西传媒学院、桂林学院、西安外事学院
560106,数字媒体设备应用与管理,专科(高职),,三年,新闻传播大类,新闻出版类,专业导论、岗位基础技能、专业核心技术、设备/软件操作、项目实训、职业规范、综合实训、顶岗实习,category_template,rysxai课程文本未抽出课程名,库内未命中,头部/强研究型：核心课不一定换名称，但会加深数学/理论和研究训练，重点看理论深度、科研训练、交叉前沿、学术写作；样例：库内未命中该层次开设样例,库内未命中,区域重点/特色优势：核心课保持完整，通常叠加地方产业、行业场景、实验项目和专业方向模块；样例：库内未命中该层次开设样例,库内未命中,普通应用/职业供给：更强调岗位技能、项目实训、证书衔接、综合实践，课程呈现更实训化、工具化；样例：库内未命中该层次开设样例
560201,播音与主持,专科(高职),,三年,新闻传播大类,广播影视类,专业导论、岗位基础技能、专业核心技术、设备/软件操作、项目实训、职业规范、综合实训、顶岗实习,category_template,rysxai课程文本未抽出课程名,库内未命中,头部/强研究型：核心课不一定换名称，但会加深数学/理论和研究训练，重点看理论深度、科研训练、交叉前沿、学术写作；样例：库内未命中该层次开设样例,绵阳师范学院、四川传媒学院、河北传媒学院、海口经济学院、广西职业技术学院,区域重点/特色优势：核心课保持完整，通常叠加地方产业、行业场景、实验项目和专业方向模块；样例：绵阳师范学院、四川传媒学院、河北传媒学院、海口经济学院、广西职业技术学院,武汉职业技术大学、连云港师范学院、四川电影电视学院、安阳学院、成都文理学院,普通应用/职业供给：更强调岗位技能、项目实训、证书衔接、综合实践，课程呈现更实训化、工具化；样例：武汉职业技术大学、连云港师范学院、四川电影电视学院、安阳学院、成都文理学院
560202,广播影视节目制作,专科(高职),,三年,新闻传播大类,广播影视类,专业导论、岗位基础技能、专业核心技术、设备/软件操作、项目实训、职业规范、综合实训、顶岗实习,category_template,rysxai课程文本未抽出课程名,库内未命中,头部/强研究型：核心课不一定换名称，但会加深数学/理论和研究训练，重点看理论深度、科研训练、交叉前沿、学术写作；样例：库内未命中该层次开设样例,深圳职业技术大学、深圳信息职业技术大学、成都大学、海口经济学院、天津电子信息职业技术学院,区域重点/特色优势：核心课保持完整，通常叠加地方产业、行业场景、实验项目和专业方向模块；样例：深圳职业技术大学、深圳信息职业技术大学、成都大学、海口经济学院、天津电子信息职业技术学院,郑州工程技术学院、北京科技职业大学、重庆电子科技职业大学、长春汽车职业技术大学、四川电影电视学院,普通应用/职业供给：更强调岗位技能、项目实训、证书衔接、综合实践，课程呈现更实训化、工具化；样例：郑州工程技术学院、北京科技职业大学、重庆电子科技职业大学、长春汽车职业技术大学、四川电影电视学院
560203,数字广播电视技术,专科(高职),,三年,新闻传播大类,广播影视类,专业导论、岗位基础技能、专业核心技术、设备/软件操作、项目实训、职业规范、综合实训、顶岗实习,category_template,rysxai课程文本未抽出课程名,库内未命中,头部/强研究型：核心课不一定换名称，但会加深数学/理论和研究训练，重点看理论深度、科研训练、交叉前沿、学术写作；样例：库内未命中该层次开设样例,湖南大众传媒职业技术学院,区域重点/特色优势：核心课保持完整，通常叠加地方产业、行业场景、实验项目和专业方向模块；样例：湖南大众传媒职业技术学院,云南文化艺术职业学院、四川文化产业职业学院、山东传媒职业学院,普通应用/职业供给：更强调岗位技能、项目实训、证书衔接、综合实践，课程呈现更实训化、工具化；样例：云南文化艺术职业学院、四川文化产业职业学院、山东传媒职业学院
560204,影视编导,专科(高职),,三年,新闻传播大类,广播影视类,专业导论、岗位基础技能、专业核心技术、设备/软件操作、项目实训、职业规范、综合实训、顶岗实习,category_template,rysxai课程文本未抽出课程名,库内未命中,头部/强研究型：核心课不一定换名称，但会加深数学/理论和研究训练，重点看理论深度、科研训练、交叉前沿、学术写作；样例：库内未命中该层次开设样例,枣庄学院、海口经济学院、江西软件职业技术大学、湖南大众传媒职业技术学院、石家庄信息工程职业学院,区域重点/特色优势：核心课保持完整，通常叠加地方产业、行业场景、实验项目和专业方向模块；样例：枣庄学院、海口经济学院、江西软件职业技术大学、湖南大众传媒职业技术学院、石家庄信息工程职业学院,武汉职业技术大学、电子科技大学成都学院、四川电影电视学院、商丘学院、成都艺术职业大学,普通应用/职业供给：更强调岗位技能、项目实训、证书衔接、综合实践，课程呈现更实训化、工具化；样例：武汉职业技术大学、电子科技大学成都学院、四川电影电视学院、商丘学院、成都艺术职业大学
560205,新闻采编与制作,专科(高职),,三年,新闻传播大类,广播影视类,专业导论、岗位基础技能、专业核心技术、设备/软件操作、项目实训、职业规范、综合实训、顶岗实习,category_template,rysxai课程文本未抽出课程名,库内未命中,头部/强研究型：核心课不一定换名称，但会加深数学/理论和研究训练，重点看理论深度、科研训练、交叉前沿、学术写作；样例：库内未命中该层次开设样例,湖北第二师范学院、郑州师范学院、河北传媒学院、广西职业技术学院、河南经贸职业学院,区域重点/特色优势：核心课保持完整，通常叠加地方产业、行业场景、实验项目和专业方向模块；样例：湖北第二师范学院、郑州师范学院、河北传媒学院、广西职业技术学院、河南经贸职业学院,山东女子学院、山东管理学院、安阳工学院、百色学院、丽江师范学院,普通应用/职业供给：更强调岗位技能、项目实训、证书衔接、综合实践，课程呈现更实训化、工具化；样例：山东女子学院、山东管理学院、安阳工学院、百色学院、丽江师范学院
560206,影视动画,专科(高职),,三年,新闻传播大类,广播影视类,专业导论、岗位基础技能、专业核心技术、设备/软件操作、项目实训、职业规范、综合实训、顶岗实习,category_template,rysxai课程文本未抽出课程名,库内未命中,头部/强研究型：核心课不一定换名称，但会加深数学/理论和研究训练，重点看理论深度、科研训练、交叉前沿、学术写作；样例：库内未命中该层次开设样例,北京电影学院、四川传媒学院、海口经济学院、上海电子信息职业技术学院、南京信息职业技术学院,区域重点/特色优势：核心课保持完整，通常叠加地方产业、行业场景、实验项目和专业方向模块；样例：北京电影学院、四川传媒学院、海口经济学院、上海电子信息职业技术学院、南京信息职业技术学院,柳州职业技术大学、重庆电子科技职业大学、电子科技大学成都学院、四川电影电视学院、四川大学锦江学院,普通应用/职业供给：更强调岗位技能、项目实训、证书衔接、综合实践，课程呈现更实训化、工具化；样例：柳州职业技术大学、重庆电子科技职业大学、电子科技大学成都学院、四川电影电视学院、四川大学锦江学院
560207,影视制片管理,专科(高职),,三年,新闻传播大类,广播影视类,专业导论、岗位基础技能、专业核心技术、设备/软件操作、项目实训、职业规范、综合实训、顶岗实习,category_template,rysxai课程文本未抽出课程名,库内未命中,头部/强研究型：核心课不一定换名称，但会加深数学/理论和研究训练，重点看理论深度、科研训练、交叉前沿、学术写作；样例：库内未命中该层次开设样例,库内未命中,区域重点/特色优势：核心课保持完整，通常叠加地方产业、行业场景、实验项目和专业方向模块；样例：库内未命中该层次开设样例,青岛电影学院、安徽广播影视职业技术学院、浙江艺术职业学院、北京汇佳职业学院、南充电影工业职业学院,普通应用/职业供给：更强调岗位技能、项目实训、证书衔接、综合实践，课程呈现更实训化、工具化；样例：青岛电影学院、安徽广播影视职业技术学院、浙江艺术职业学院、北京汇佳职业学院、南充电影工业职业学院
560208,影视多媒体技术,专科(高职),,三年,新闻传播大类,广播影视类,专业导论、岗位基础技能、专业核心技术、设备/软件操作、项目实训、职业规范、综合实训、顶岗实习,category_template,rysxai课程文本未抽出课程名,库内未命中,头部/强研究型：核心课不一定换名称，但会加深数学/理论和研究训练，重点看理论深度、科研训练、交叉前沿、学术写作；样例：库内未命中该层次开设样例,山东工艺美术学院、上海工艺美术职业学院、云南交通职业技术学院、北京财贸职业学院、河北软件职业技术学院,区域重点/特色优势：核心课保持完整，通常叠加地方产业、行业场景、实验项目和专业方向模块；样例：山东工艺美术学院、上海工艺美术职业学院、云南交通职业技术学院、北京财贸职业学院、河北软件职业技术学院,民政职业大学、浙江机电职业技术大学、电子科技大学成都学院、哈尔滨职业技术大学、郑州经贸学院,普通应用/职业供给：更强调岗位技能、项目实训、证书衔接、综合实践，课程呈现更实训化、工具化；样例：民政职业大学、浙江机电职业技术大学、电子科技大学成都学院、哈尔滨职业技术大学、郑州经贸学院
560209,影视照明技术与艺术,专科(高职),,三年,新闻传播大类,广播影视类,专业导论、岗位基础技能、专业核心技术、设备/软件操作、项目实训、职业规范、综合实训、顶岗实习,category_template,rysxai课程文本未抽出课程名,库内未命中,头部/强研究型：核心课不一定换名称，但会加深数学/理论和研究训练，重点看理论深度、科研训练、交叉前沿、学术写作；样例：库内未命中该层次开设样例,库内未命中,区域重点/特色优势：核心课保持完整，通常叠加地方产业、行业场景、实验项目和专业方向模块；样例：库内未命中该层次开设样例,安徽广播影视职业技术学院、广东艺术职业学院、江西艺术职业学院、河南艺术职业学院、湖南艺术职业学院,普通应用/职业供给：更强调岗位技能、项目实训、证书衔接、综合实践，课程呈现更实训化、工具化；样例：安徽广播影视职业技术学院、广东艺术职业学院、江西艺术职业学院、河南艺术职业学院、湖南艺术职业学院
560210,音像技术,专科(高职),,三年,新闻传播大类,广播影视类,专业导论、岗位基础技能、专业核心技术、设备/软件操作、项目实训、职业规范、综合实训、顶岗实习,category_template,rysxai课程文本未抽出课程名,库内未命中,头部/强研究型：核心课不一定换名称，但会加深数学/理论和研究训练，重点看理论深度、科研训练、交叉前沿、学术写作；样例：库内未命中该层次开设样例,库内未命中,区域重点/特色优势：核心课保持完整，通常叠加地方产业、行业场景、实验项目和专业方向模块；样例：库内未命中该层次开设样例,四川电影电视学院、广东艺术职业学院、浙江艺术职业学院、江西泰豪动漫职业学院,普通应用/职业供给：更强调岗位技能、项目实训、证书衔接、综合实践，课程呈现更实训化、工具化；样例：四川电影电视学院、广东艺术职业学院、浙江艺术职业学院、江西泰豪动漫职业学院
560211,录音技术与艺术,专科(高职),,三年,新闻传播大类,广播影视类,专业导论、岗位基础技能、专业核心技术、设备/软件操作、项目实训、职业规范、综合实训、顶岗实习,category_template,rysxai课程文本未抽出课程名,库内未命中,头部/强研究型：核心课不一定换名称，但会加深数学/理论和研究训练，重点看理论深度、科研训练、交叉前沿、学术写作；样例：库内未命中该层次开设样例,南京信息职业技术学院,区域重点/特色优势：核心课保持完整，通常叠加地方产业、行业场景、实验项目和专业方向模块；样例：南京信息职业技术学院,云南文化艺术职业学院、内蒙古电子信息职业技术学院、安徽广播影视职业技术学院、山东传媒职业学院、广东艺术职业学院,普通应用/职业供给：更强调岗位技能、项目实训、证书衔接、综合实践，课程呈现更实训化、工具化；样例：云南文化艺术职业学院、内蒙古电子信息职业技术学院、安徽广播影视职业技术学院、山东传媒职业学院、广东艺术职业学院
560212,摄影摄像技术,专科(高职),,三年,新闻传播大类,广播影视类,专业导论、岗位基础技能、专业核心技术、设备/软件操作、项目实训、职业规范、综合实训、顶岗实习,category_template,rysxai课程文本未抽出课程名,库内未命中,头部/强研究型：核心课不一定换名称，但会加深数学/理论和研究训练，重点看理论深度、科研训练、交叉前沿、学术写作；样例：库内未命中该层次开设样例,汉口学院、海口经济学院、湖南大众传媒职业技术学院,区域重点/特色优势：核心课保持完整，通常叠加地方产业、行业场景、实验项目和专业方向模块；样例：汉口学院、海口经济学院、湖南大众传媒职业技术学院,河南财政金融学院、四川电影电视学院、成都外国语学院、燕京理工学院、西安工商学院,普通应用/职业供给：更强调岗位技能、项目实训、证书衔接、综合实践，课程呈现更实训化、工具化；样例：河南财政金融学院、四川电影电视学院、成都外国语学院、燕京理工学院、西安工商学院
560213,融媒体技术与运营,专科(高职),,三年,新闻传播大类,广播影视类,专业导论、岗位基础技能、专业核心技术、设备/软件操作、项目实训、职业规范、综合实训、顶岗实习,category_template,rysxai课程文本未抽出课程名,内蒙古大学,头部/强研究型：核心课不一定换名称，但会加深数学/理论和研究训练，重点看理论深度、科研训练、交叉前沿、学术写作；样例：内蒙古大学,吉林铁道职业技术大学、浙江越秀外国语学院、云南机电职业技术学院、山东商业职业技术学院、山西工程职业学院,区域重点/特色优势：核心课保持完整，通常叠加地方产业、行业场景、实验项目和专业方向模块；样例：吉林铁道职业技术大学、浙江越秀外国语学院、云南机电职业技术学院、山东商业职业技术学院、山西工程职业学院,重庆电子科技职业大学、安阳学院、淄博职业技术大学、西南财经大学天府学院、成都外国语学院,普通应用/职业供给：更强调岗位技能、项目实训、证书衔接、综合实践，课程呈现更实训化、工具化；样例：重庆电子科技职业大学、安阳学院、淄博职业技术大学、西南财经大学天府学院、成都外国语学院
560214,网络直播与运营,专科(高职),,三年,新闻传播大类,广播影视类,专业导论、岗位基础技能、专业核心技术、设备/软件操作、项目实训、职业规范、综合实训、顶岗实习,category_template,rysxai课程文本未抽出课程名,内蒙古大学,头部/强研究型：核心课不一定换名称，但会加深数学/理论和研究训练，重点看理论深度、科研训练、交叉前沿、学术写作；样例：内蒙古大学,安徽商贸职业技术学院、重庆航天职业技术学院、长沙商贸旅游职业技术学院、黑龙江职业学院,区域重点/特色优势：核心课保持完整，通常叠加地方产业、行业场景、实验项目和专业方向模块；样例：安徽商贸职业技术学院、重庆航天职业技术学院、长沙商贸旅游职业技术学院、黑龙江职业学院,信阳农林学院、中原科技学院、成都艺术职业大学、潍坊理工学院、燕京理工学院,普通应用/职业供给：更强调岗位技能、项目实训、证书衔接、综合实践，课程呈现更实训化、工具化；样例：信阳农林学院、中原科技学院、成都艺术职业大学、潍坊理工学院、燕京理工学院
560215,传播与策划,专科(高职),,三年,新闻传播大类,广播影视类,专业导论、岗位基础技能、专业核心技术、设备/软件操作、项目实训、职业规范、综合实训、顶岗实习,category_template,rysxai课程文本未抽出课程名,库内未命中,头部/强研究型：核心课不一定换名称，但会加深数学/理论和研究训练，重点看理论深度、科研训练、交叉前沿、学术写作；样例：库内未命中该层次开设样例,深圳职业技术大学、顺德职业技术大学、上海工艺美术职业学院、天津现代职业技术学院、天津轻工职业技术学院,区域重点/特色优势：核心课保持完整，通常叠加地方产业、行业场景、实验项目和专业方向模块；样例：深圳职业技术大学、顺德职业技术大学、上海工艺美术职业学院、天津现代职业技术学院、天津轻工职业技术学院,桂林师范学院、南宁职业技术大学、扬州职业技术大学、宁波财经学院、西安科技大学高新学院,普通应用/职业供给：更强调岗位技能、项目实训、证书衔接、综合实践，课程呈现更实训化、工具化；样例：桂林师范学院、南宁职业技术大学、扬州职业技术大学、宁波财经学院、西安科技大学高新学院
560216,全媒体广告策划与营销,专科(高职),,三年,新闻传播大类,广播影视类,专业导论、岗位基础技能、专业核心技术、设备/软件操作、项目实训、职业规范、综合实训、顶岗实习,category_template,rysxai课程文本未抽出课程名,库内未命中,头部/强研究型：核心课不一定换名称，但会加深数学/理论和研究训练，重点看理论深度、科研训练、交叉前沿、学术写作；样例：库内未命中该层次开设样例,安徽商贸职业技术学院、山西机电职业技术学院、江西外语外贸职业学院、重庆工商职业学院,区域重点/特色优势：核心课保持完整，通常叠加地方产业、行业场景、实验项目和专业方向模块；样例：安徽商贸职业技术学院、山西机电职业技术学院、江西外语外贸职业学院、重庆工商职业学院,武汉职业技术大学、河北科技工程职业技术大学、成都艺术职业大学、武汉东湖学院、昆明传媒学院,普通应用/职业供给：更强调岗位技能、项目实训、证书衔接、综合实践，课程呈现更实训化、工具化；样例：武汉职业技术大学、河北科技工程职业技术大学、成都艺术职业大学、武汉东湖学院、昆明传媒学院
560217,数字影像档案技术,专科(高职),,三年,新闻传播大类,广播影视类,专业导论、岗位基础技能、专业核心技术、设备/软件操作、项目实训、职业规范、综合实训、顶岗实习,category_template,rysxai课程文本未抽出课程名,库内未命中,头部/强研究型：核心课不一定换名称，但会加深数学/理论和研究训练，重点看理论深度、科研训练、交叉前沿、学术写作；样例：库内未命中该层次开设样例,库内未命中,区域重点/特色优势：核心课保持完整，通常叠加地方产业、行业场景、实验项目和专业方向模块；样例：库内未命中该层次开设样例,河北外国语学院,普通应用/职业供给：更强调岗位技能、项目实训、证书衔接、综合实践，课程呈现更实训化、工具化；样例：河北外国语学院
370101,学前教育,本科(职业),教育学学士,四年,教育与体育大类,教育类,与教育论、儿童发展理论、教育与心理统计学、儿童行为观察与分析、幼儿教师基本技能训练、声乐与幼儿歌曲、钢琴与幼儿钢琴伴奏、幼儿舞蹈与创编、简笔画教学与运用、工艺美术设计,rysxai_major_course,,北京师范大学、华东师范大学、东北师范大学、华中师范大学、南京师范大学,头部/强研究型：核心课不一定换名称，但会加深数学/理论和研究训练，重点看理论深度、科研训练、交叉前沿、学术写作；样例：北京师范大学、华东师范大学、东北师范大学、华中师范大学、南京师范大学,山东师范大学、广州大学、青岛大学、杭州师范大学、上海师范大学,区域重点/特色优势：核心课保持完整，通常叠加地方产业、行业场景、实验项目和专业方向模块；样例：山东师范大学、广州大学、青岛大学、杭州师范大学、上海师范大学,洛阳理工学院、周口师范学院、湘南学院、许昌学院、江苏第二师范学院,普通应用/职业供给：更强调岗位技能、项目实训、证书衔接、综合实践，课程呈现更实训化、工具化；样例：洛阳理工学院、周口师范学院、湘南学院、许昌学院、江苏第二师范学院
370201,应用英语,本科(职业),文学学士,四年,教育与体育大类,语言类,专业导论、专业核心理论、专业方法与工具、实验/实践课程、方向模块课程、课程设计、毕业论文/设计,category_template,rysxai课程文本未抽出课程名,库内未命中,头部/强研究型：核心课不一定换名称，但会加深数学/理论和研究训练，重点看理论深度、科研训练、交叉前沿、学术写作；样例：库内未命中该层次开设样例,广东轻工职业技术大学、顺德职业技术大学、鞍山师范学院、咸阳师范学院、浙江越秀外国语学院,区域重点/特色优势：核心课保持完整，通常叠加地方产业、行业场景、实验项目和专业方向模块；样例：广东轻工职业技术大学、顺德职业技术大学、鞍山师范学院、咸阳师范学院、浙江越秀外国语学院,吉林农业科技学院、信阳农林学院、广西职业师范学院、河南工学院、豫章师范学院,普通应用/职业供给：更强调岗位技能、项目实训、证书衔接、综合实践，课程呈现更实训化、工具化；样例：吉林农业科技学院、信阳农林学院、广西职业师范学院、河南工学院、豫章师范学院
370202,应用日语,本科(职业),文学学士,四年,教育与体育大类,语言类,专业导论、专业核心理论、专业方法与工具、实验/实践课程、方向模块课程、课程设计、毕业论文/设计,category_template,rysxai课程文本未抽出课程名,库内未命中,头部/强研究型：核心课不一定换名称，但会加深数学/理论和研究训练，重点看理论深度、科研训练、交叉前沿、学术写作；样例：库内未命中该层次开设样例,顺德职业技术大学、浙江越秀外国语学院、青岛恒星科技学院、江西外语外贸职业学院、浙江经贸职业技术学院,区域重点/特色优势：核心课保持完整，通常叠加地方产业、行业场景、实验项目和专业方向模块；样例：顺德职业技术大学、浙江越秀外国语学院、青岛恒星科技学院、江西外语外贸职业学院、浙江经贸职业技术学院,武汉职业技术大学、长春职业技术大学、成都外国语学院、山东外国语职业技术大学、山东外事职业大学,普通应用/职业供给：更强调岗位技能、项目实训、证书衔接、综合实践，课程呈现更实训化、工具化；样例：武汉职业技术大学、长春职业技术大学、成都外国语学院、山东外国语职业技术大学、山东外事职业大学
370203,应用韩语,本科(职业),文学学士,四年,教育与体育大类,语言类,专业导论、专业核心理论、专业方法与工具、实验/实践课程、方向模块课程、课程设计、毕业论文/设计,category_template,rysxai课程文本未抽出课程名,库内未命中,头部/强研究型：核心课不一定换名称，但会加深数学/理论和研究训练，重点看理论深度、科研训练、交叉前沿、学术写作；样例：库内未命中该层次开设样例,上海第二工业大学、鞍山师范学院、青岛恒星科技学院、海口经济学院、威海职业学院,区域重点/特色优势：核心课保持完整，通常叠加地方产业、行业场景、实验项目和专业方向模块；样例：上海第二工业大学、鞍山师范学院、青岛恒星科技学院、海口经济学院、威海职业学院,山东农业工程学院、河南财政金融学院、朝阳师范学院、长春职业技术大学、淄博职业技术大学,普通应用/职业供给：更强调岗位技能、项目实训、证书衔接、综合实践，课程呈现更实训化、工具化；样例：山东农业工程学院、河南财政金融学院、朝阳师范学院、长春职业技术大学、淄博职业技术大学
370204,应用俄语,本科(职业),文学学士,四年,教育与体育大类,语言类,专业导论、专业核心理论、专业方法与工具、实验/实践课程、方向模块课程、课程设计、毕业论文/设计,category_template,rysxai课程文本未抽出课程名,内蒙古大学,头部/强研究型：核心课不一定换名称，但会加深数学/理论和研究训练，重点看理论深度、科研训练、交叉前沿、学术写作；样例：内蒙古大学,江西外语外贸职业学院、海南经贸职业技术学院,区域重点/特色优势：核心课保持完整，通常叠加地方产业、行业场景、实验项目和专业方向模块；样例：江西外语外贸职业学院、海南经贸职业技术学院,琼台师范学院、长春职业技术大学、乌鲁木齐职业大学、成都外国语学院、山东外国语职业技术大学,普通应用/职业供给：更强调岗位技能、项目实训、证书衔接、综合实践，课程呈现更实训化、工具化；样例：琼台师范学院、长春职业技术大学、乌鲁木齐职业大学、成都外国语学院、山东外国语职业技术大学
370205,应用泰语,本科(职业),文学学士,四年,教育与体育大类,语言类,专业导论、专业核心理论、专业方法与工具、实验/实践课程、方向模块课程、课程设计、毕业论文/设计,category_template,rysxai课程文本未抽出课程名,库内未命中,头部/强研究型：核心课不一定换名称，但会加深数学/理论和研究训练，重点看理论深度、科研训练、交叉前沿、学术写作；样例：库内未命中该层次开设样例,云南交通职业技术学院,区域重点/特色优势：核心课保持完整，通常叠加地方产业、行业场景、实验项目和专业方向模块；样例：云南交通职业技术学院,桂林旅游学院、德宏师范学院、广西农业职业技术大学、南宁职业技术大学、成都外国语学院,普通应用/职业供给：更强调岗位技能、项目实训、证书衔接、综合实践，课程呈现更实训化、工具化；样例：桂林旅游学院、德宏师范学院、广西农业职业技术大学、南宁职业技术大学、成都外国语学院
370206,应用外语,本科(职业),文学学士,四年,教育与体育大类,语言类,专业导论、专业核心理论、专业方法与工具、实验/实践课程、方向模块课程、课程设计、毕业论文/设计,category_template,rysxai课程文本未抽出课程名,库内未命中,头部/强研究型：核心课不一定换名称，但会加深数学/理论和研究训练，重点看理论深度、科研训练、交叉前沿、学术写作；样例：库内未命中该层次开设样例,深圳职业技术大学,区域重点/特色优势：核心课保持完整，通常叠加地方产业、行业场景、实验项目和专业方向模块；样例：深圳职业技术大学,德宏师范学院、成都外国语学院、山东外事职业大学、河北外国语学院、广西外国语学院,普通应用/职业供给：更强调岗位技能、项目实训、证书衔接、综合实践，课程呈现更实训化、工具化；样例：德宏师范学院、成都外国语学院、山东外事职业大学、河北外国语学院、广西外国语学院
370207,应用西班牙语,本科(职业),文学学士,四年,教育与体育大类,语言类,专业导论、专业核心理论、专业方法与工具、实验/实践课程、方向模块课程、课程设计、毕业论文/设计,category_template,rysxai课程文本未抽出课程名,库内未命中,头部/强研究型：核心课不一定换名称，但会加深数学/理论和研究训练，重点看理论深度、科研训练、交叉前沿、学术写作；样例：库内未命中该层次开设样例,天津中德应用技术大学、浙江越秀外国语学院、义乌工商职业技术学院、江西外语外贸职业学院,区域重点/特色优势：核心课保持完整，通常叠加地方产业、行业场景、实验项目和专业方向模块；样例：天津中德应用技术大学、浙江越秀外国语学院、义乌工商职业技术学院、江西外语外贸职业学院,桂林旅游学院、成都外国语学院、山东外国语职业技术大学、山东外事职业大学、河北外国语学院,普通应用/职业供给：更强调岗位技能、项目实训、证书衔接、综合实践，课程呈现更实训化、工具化；样例：桂林旅游学院、成都外国语学院、山东外国语职业技术大学、山东外事职业大学、河北外国语学院
370208,中文国际教育,本科(职业),"文学学士,教育学学士",四年,教育与体育大类,语言类,专业导论、专业核心理论、专业方法与工具、实验/实践课程、方向模块课程、课程设计、毕业论文/设计,category_template,未匹配rysxai课程文本,库内未命中,头部/强研究型：核心课不一定换名称，但会加深数学/理论和研究训练，重点看理论深度、科研训练、交叉前沿、学术写作；样例：库内未命中该层次开设样例,库内未命中,区域重点/特色优势：核心课保持完整，通常叠加地方产业、行业场景、实验项目和专业方向模块；样例：库内未命中该层次开设样例,广西农业职业技术大学、山东外事职业大学、南昌职业大学,普通应用/职业供给：更强调岗位技能、项目实训、证书衔接、综合实践，课程呈现更实训化、工具化；样例：广西农业职业技术大学、山东外事职业大学、南昌职业大学
370209,应用法语,本科(职业),文学学士,四年,教育与体育大类,语言类,专业导论、专业核心理论、专业方法与工具、实验/实践课程、方向模块课程、课程设计、毕业论文/设计,category_template,rysxai课程文本未抽出课程名,库内未命中,头部/强研究型：核心课不一定换名称，但会加深数学/理论和研究训练，重点看理论深度、科研训练、交叉前沿、学术写作；样例：库内未命中该层次开设样例,深圳职业技术大学、浙江越秀外国语学院、江西外语外贸职业学院,区域重点/特色优势：核心课保持完整，通常叠加地方产业、行业场景、实验项目和专业方向模块；样例：深圳职业技术大学、浙江越秀外国语学院、江西外语外贸职业学院,武汉职业技术大学、成都外国语学院、山东外国语职业技术大学、山东外事职业大学、西安外事学院,普通应用/职业供给：更强调岗位技能、项目实训、证书衔接、综合实践，课程呈现更实训化、工具化；样例：武汉职业技术大学、成都外国语学院、山东外国语职业技术大学、山东外事职业大学、西安外事学院
370301,社会体育指导与管理,本科(职业),"管理学学士,教育学学士",四年,教育与体育大类,体育类,社会体育概论、运动解剖学、运动生理学、运动心理学、体育统计学、运动训练学、运动按摩、武术专选、体操、专业导论,rysxai_major_course,,山东大学、吉林大学、华东师范大学、东北大学、郑州大学,头部/强研究型：核心课不一定换名称，但会加深数学/理论和研究训练，重点看理论深度、科研训练、交叉前沿、学术写作；样例：山东大学、吉林大学、华东师范大学、东北大学、郑州大学,江西财经大学、山东师范大学、广州大学、燕山大学、西安建筑科技大学,区域重点/特色优势：核心课保持完整，通常叠加地方产业、行业场景、实验项目和专业方向模块；样例：江西财经大学、山东师范大学、广州大学、燕山大学、西安建筑科技大学,周口师范学院、湘南学院、商丘师范学院、黄淮学院、南昌师范学院,普通应用/职业供给：更强调岗位技能、项目实训、证书衔接、综合实践，课程呈现更实训化、工具化；样例：周口师范学院、湘南学院、商丘师范学院、黄淮学院、南昌师范学院
370302,休闲体育,本科(职业),教育学学士,四年,教育与体育大类,体育类,体育概论、体育社会学、教育学、运动解剖学、休闲体育、休闲体育产业概论、时尚团操、定向运动、篮球、搏击操,rysxai_major_course,,海南大学、北京体育大学、成都理工大学、上海体育大学、深圳大学,头部/强研究型：核心课不一定换名称，但会加深数学/理论和研究训练，重点看理论深度、科研训练、交叉前沿、学术写作；样例：海南大学、北京体育大学、成都理工大学、上海体育大学、深圳大学,杭州师范大学、湖北大学、温州大学、江苏科技大学、安徽师范大学,区域重点/特色优势：核心课保持完整，通常叠加地方产业、行业场景、实验项目和专业方向模块；样例：杭州师范大学、湖北大学、温州大学、江苏科技大学、安徽师范大学,贵州理工学院、武汉商学院、齐鲁师范学院、太原工业学院、山东青年政治学院,普通应用/职业供给：更强调岗位技能、项目实训、证书衔接、综合实践，课程呈现更实训化、工具化；样例：贵州理工学院、武汉商学院、齐鲁师范学院、太原工业学院、山东青年政治学院
370303,体能训练,本科(职业),教育学学士,四年,教育与体育大类,体育类,运动解剖学、运动生理学、运动生物化学、体能训练理论与方法、运动负荷监控、力量训练专项技术、体能训练实践、运动机能评定实验、专项体能训练实训、专业导论,rysxai_major_course,,北京体育大学、上海体育大学,头部/强研究型：核心课不一定换名称，但会加深数学/理论和研究训练，重点看理论深度、科研训练、交叉前沿、学术写作；样例：北京体育大学、上海体育大学,广东财经大学、首都体育学院、武汉体育学院、沈阳体育学院、南京体育学院,区域重点/特色优势：核心课保持完整，通常叠加地方产业、行业场景、实验项目和专业方向模块；样例：广东财经大学、首都体育学院、武汉体育学院、沈阳体育学院、南京体育学院,长治学院、广西民族师范学院、河北体育学院、郑州商学院、运城职业技术大学,普通应用/职业供给：更强调岗位技能、项目实训、证书衔接、综合实践，课程呈现更实训化、工具化；样例：长治学院、广西民族师范学院、河北体育学院、郑州商学院、运城职业技术大学
370304,电子竞技技术与管理,本科(职业),管理学学士,四年,教育与体育大类,体育类,专业导论、专业核心理论、专业方法与工具、实验/实践课程、方向模块课程、课程设计、毕业论文/设计,category_template,未匹配rysxai课程文本,库内未命中,头部/强研究型：核心课不一定换名称，但会加深数学/理论和研究训练，重点看理论深度、科研训练、交叉前沿、学术写作；样例：库内未命中该层次开设样例,库内未命中,区域重点/特色优势：核心课保持完整，通常叠加地方产业、行业场景、实验项目和专业方向模块；样例：库内未命中该层次开设样例,库内未命中,普通应用/职业供给：更强调岗位技能、项目实训、证书衔接、综合实践，课程呈现更实训化、工具化；样例：库内未命中该层次开设样例
290101,食品工程技术,本科(职业),工学学士,四年,食品药品与粮食大类,食品类,专业导论、专业核心理论、专业方法与工具、实验/实践课程、方向模块课程、课程设计、毕业论文/设计,category_template,未匹配rysxai课程文本,库内未命中,头部/强研究型：核心课不一定换名称，但会加深数学/理论和研究训练，重点看理论深度、科研训练、交叉前沿、学术写作；样例：库内未命中该层次开设样例,内蒙古农业大学、广东轻工职业技术大学,区域重点/特色优势：核心课保持完整，通常叠加地方产业、行业场景、实验项目和专业方向模块；样例：内蒙古农业大学、广东轻工职业技术大学,广西农业职业技术大学、浙江药科职业大学、贵州轻工职业大学、长春职业技术大学、新疆农业职业技术大学,普通应用/职业供给：更强调岗位技能、项目实训、证书衔接、综合实践，课程呈现更实训化、工具化；样例：广西农业职业技术大学、浙江药科职业大学、贵州轻工职业大学、长春职业技术大学、新疆农业职业技术大学
290102,食品质量与安全,本科(职业),工学学士,四年,食品药品与粮食大类,食品类,化学、有机化学、食品化学、微生物学、食品微生物学、食品营养学、食品物性学、食品工程原理、食品专业英语、食品卫生检验学,rysxai_major_course,,中国农业大学、吉林大学、华南理工大学、西北农林科技大学、华东理工大学,头部/强研究型：核心课不一定换名称，但会加深数学/理论和研究训练，重点看理论深度、科研训练、交叉前沿、学术写作；样例：中国农业大学、吉林大学、华南理工大学、西北农林科技大学、华东理工大学,浙江工商大学、上海理工大学、昆明理工大学、福建农林大学、山东农业大学,区域重点/特色优势：核心课保持完整，通常叠加地方产业、行业场景、实验项目和专业方向模块；样例：浙江工商大学、上海理工大学、昆明理工大学、福建农林大学、山东农业大学,周口师范学院、许昌学院、重庆第二师范学院、黄淮学院、怀化学院,普通应用/职业供给：更强调岗位技能、项目实训、证书衔接、综合实践，课程呈现更实训化、工具化；样例：周口师范学院、许昌学院、重庆第二师范学院、黄淮学院、怀化学院
290103,食品营养与健康,本科(职业),工学学士,四年,食品药品与粮食大类,食品类,蛋白等化学成分及变化、理解营养成分来源、食品加工中的营养保留、食品微生物学、人体生理学、营养学、临床营养学、功能性食品开发、食品卫生学、食品营养检测实训,rysxai_major_course,,中国农业大学、华南理工大学、中国海洋大学、西北农林科技大学、华中农业大学,头部/强研究型：核心课不一定换名称，但会加深数学/理论和研究训练，重点看理论深度、科研训练、交叉前沿、学术写作；样例：中国农业大学、华南理工大学、中国海洋大学、西北农林科技大学、华中农业大学,福建农林大学、山东农业大学、北京工商大学、长沙理工大学、河南农业大学,区域重点/特色优势：核心课保持完整，通常叠加地方产业、行业场景、实验项目和专业方向模块；样例：福建农林大学、山东农业大学、北京工商大学、长沙理工大学、河南农业大学,南阳理工学院、济宁学院、福建技术师范学院、山东女子学院、吉林农业科技学院,普通应用/职业供给：更强调岗位技能、项目实训、证书衔接、综合实践，课程呈现更实训化、工具化；样例：南阳理工学院、济宁学院、福建技术师范学院、山东女子学院、吉林农业科技学院
290104,酿酒工程技术,本科(职业),工学学士,,食品药品与粮食大类,食品类,专业导论、专业核心理论、专业方法与工具、实验/实践课程、方向模块课程、课程设计、毕业论文/设计,category_template,未匹配rysxai课程文本,库内未命中,头部/强研究型：核心课不一定换名称，但会加深数学/理论和研究训练，重点看理论深度、科研训练、交叉前沿、学术写作；样例：库内未命中该层次开设样例,库内未命中,区域重点/特色优势：核心课保持完整，通常叠加地方产业、行业场景、实验项目和专业方向模块；样例：库内未命中该层次开设样例,库内未命中,普通应用/职业供给：更强调岗位技能、项目实训、证书衔接、综合实践，课程呈现更实训化、工具化；样例：库内未命中该层次开设样例
290201,制药工程技术,本科(职业),工学学士,四年,食品药品与粮食大类,药品与医疗器械类,专业导论、专业核心理论、专业方法与工具、实验/实践课程、方向模块课程、课程设计、毕业论文/设计,category_template,未匹配rysxai课程文本,库内未命中,头部/强研究型：核心课不一定换名称，但会加深数学/理论和研究训练，重点看理论深度、科研训练、交叉前沿、学术写作；样例：库内未命中该层次开设样例,深圳职业技术大学,区域重点/特色优势：核心课保持完整，通常叠加地方产业、行业场景、实验项目和专业方向模块；样例：深圳职业技术大学,金华职业技术大学、河北工业职业技术大学、浙江药科职业大学、铜仁职业技术大学、哈尔滨职业技术大学,普通应用/职业供给：更强调岗位技能、项目实训、证书衔接、综合实践，课程呈现更实训化、工具化；样例：金华职业技术大学、河北工业职业技术大学、浙江药科职业大学、铜仁职业技术大学、哈尔滨职业技术大学
290202,药品质量管理,本科(职业),"理学学士,管理学学士",四年,食品药品与粮食大类,药品与医疗器械类,专业导论、专业核心理论、专业方法与工具、实验/实践课程、方向模块课程、课程设计、毕业论文/设计,category_template,未匹配rysxai课程文本,库内未命中,头部/强研究型：核心课不一定换名称，但会加深数学/理论和研究训练，重点看理论深度、科研训练、交叉前沿、学术写作；样例：库内未命中该层次开设样例,库内未命中,区域重点/特色优势：核心课保持完整，通常叠加地方产业、行业场景、实验项目和专业方向模块；样例：库内未命中该层次开设样例,贵阳康养职业大学、广西农业职业技术大学、浙江药科职业大学、上海中侨职业技术大学,普通应用/职业供给：更强调岗位技能、项目实训、证书衔接、综合实践，课程呈现更实训化、工具化；样例：贵阳康养职业大学、广西农业职业技术大学、浙江药科职业大学、上海中侨职业技术大学
290203,医疗器械工程技术,本科(职业),工学学士,四年,食品药品与粮食大类,药品与医疗器械类,专业导论、专业核心理论、专业方法与工具、实验/实践课程、方向模块课程、课程设计、毕业论文/设计,category_template,未匹配rysxai课程文本,库内未命中,头部/强研究型：核心课不一定换名称，但会加深数学/理论和研究训练，重点看理论深度、科研训练、交叉前沿、学术写作；样例：库内未命中该层次开设样例,库内未命中,区域重点/特色优势：核心课保持完整，通常叠加地方产业、行业场景、实验项目和专业方向模块；样例：库内未命中该层次开设样例,浙江药科职业大学,普通应用/职业供给：更强调岗位技能、项目实训、证书衔接、综合实践，课程呈现更实训化、工具化；样例：浙江药科职业大学
290204,药事服务与管理,本科(职业),"理学学士,管理学学士",四年,食品药品与粮食大类,药品与医疗器械类,专业导论、专业核心理论、专业方法与工具、实验/实践课程、方向模块课程、课程设计、毕业论文/设计,category_template,未匹配rysxai课程文本,库内未命中,头部/强研究型：核心课不一定换名称，但会加深数学/理论和研究训练，重点看理论深度、科研训练、交叉前沿、学术写作；样例：库内未命中该层次开设样例,库内未命中,区域重点/特色优势：核心课保持完整，通常叠加地方产业、行业场景、实验项目和专业方向模块；样例：库内未命中该层次开设样例,浙江药科职业大学,普通应用/职业供给：更强调岗位技能、项目实训、证书衔接、综合实践，课程呈现更实训化、工具化；样例：浙江药科职业大学
290205,药物分析,本科(职业),工学学士,四年,食品药品与粮食大类,药品与医疗器械类,无机化学、专业导论、专业核心理论、专业方法与工具、实验/实践课程、方向模块课程、课程设计、毕业论文/设计,rysxai_major_course+category_template,,中国药科大学、哈尔滨医科大学,头部/强研究型：核心课不一定换名称，但会加深数学/理论和研究训练，重点看理论深度、科研训练、交叉前沿、学术写作；样例：中国药科大学、哈尔滨医科大学,河北医科大学、中南民族大学、沈阳药科大学、黑龙江中医药大学、广东医科大学,区域重点/特色优势：核心课保持完整，通常叠加地方产业、行业场景、实验项目和专业方向模块；样例：河北医科大学、中南民族大学、沈阳药科大学、黑龙江中医药大学、广东医科大学,重庆第二师范学院、亳州学院、广西民族师范学院、金华职业技术大学、珠海科技学院,普通应用/职业供给：更强调岗位技能、项目实训、证书衔接、综合实践，课程呈现更实训化、工具化；样例：重庆第二师范学院、亳州学院、广西民族师范学院、金华职业技术大学、珠海科技学院
290206,药物制剂,本科(职业),工学学士,四年,食品药品与粮食大类,药品与医疗器械类,解剖生理学、无机化学、分析化学、生物化学、药理学、药物化学、药代动力学、药剂学、药物制剂、工业药剂学,rysxai_major_course,,华东理工大学、郑州大学、天津医科大学、中国药科大学、四川农业大学,头部/强研究型：核心课不一定换名称，但会加深数学/理论和研究训练，重点看理论深度、科研训练、交叉前沿、学术写作；样例：华东理工大学、郑州大学、天津医科大学、中国药科大学、四川农业大学,河北医科大学、安徽医科大学、河北大学、山西医科大学、陕西科技大学,区域重点/特色优势：核心课保持完整，通常叠加地方产业、行业场景、实验项目和专业方向模块；样例：河北医科大学、安徽医科大学、河北大学、山西医科大学、陕西科技大学,通化师范学院、吉林农业科技学院、亳州学院、广西中医药大学赛恩斯新医药学院、豫北医学院,普通应用/职业供给：更强调岗位技能、项目实训、证书衔接、综合实践，课程呈现更实训化、工具化；样例：通化师范学院、吉林农业科技学院、亳州学院、广西中医药大学赛恩斯新医药学院、豫北医学院
290207,康复工程技术,本科(职业),工学学士,四年,食品药品与粮食大类,药品与医疗器械类,专业导论、专业核心理论、专业方法与工具、实验/实践课程、方向模块课程、课程设计、毕业论文/设计,category_template,rysxai课程文本未抽出课程名,库内未命中,头部/强研究型：核心课不一定换名称，但会加深数学/理论和研究训练，重点看理论深度、科研训练、交叉前沿、学术写作；样例：库内未命中该层次开设样例,上海健康医学院,区域重点/特色优势：核心课保持完整，通常叠加地方产业、行业场景、实验项目和专业方向模块；样例：上海健康医学院,浙江药科职业大学、河南质量工程职业学院、辽宁医药职业学院、重庆城市管理职业学院、杭州万向职业技术学院,普通应用/职业供给：更强调岗位技能、项目实训、证书衔接、综合实践，课程呈现更实训化、工具化；样例：浙江药科职业大学、河南质量工程职业学院、辽宁医药职业学院、重庆城市管理职业学院、杭州万向职业技术学院
290208,生物制药技术,本科(职业),工学学士,四年,食品药品与粮食大类,药品与医疗器械类,专业导论、专业核心理论、专业方法与工具、实验/实践课程、方向模块课程、课程设计、毕业论文/设计,category_template,rysxai课程文本未抽出课程名,库内未命中,头部/强研究型：核心课不一定换名称，但会加深数学/理论和研究训练，重点看理论深度、科研训练、交叉前沿、学术写作；样例：库内未命中该层次开设样例,广东轻工职业技术大学、吉林工业职业技术学院、山东商业职业技术学院、广东食品药品职业学院、徐州工业职业技术学院,区域重点/特色优势：核心课保持完整，通常叠加地方产业、行业场景、实验项目和专业方向模块；样例：广东轻工职业技术大学、吉林工业职业技术学院、山东商业职业技术学院、广东食品药品职业学院、徐州工业职业技术学院,信阳农林学院、武汉职业技术大学、金华职业技术大学、苏州职业技术大学、连云港师范学院,普通应用/职业供给：更强调岗位技能、项目实训、证书衔接、综合实践，课程呈现更实训化、工具化；样例：信阳农林学院、武汉职业技术大学、金华职业技术大学、苏州职业技术大学、连云港师范学院
290301,现代粮食工程技术,本科(职业),工学学士,四年,食品药品与粮食大类,粮食类,专业导论、专业核心理论、专业方法与工具、实验/实践课程、方向模块课程、课程设计、毕业论文/设计,category_template,未匹配rysxai课程文本,库内未命中,头部/强研究型：核心课不一定换名称，但会加深数学/理论和研究训练，重点看理论深度、科研训练、交叉前沿、学术写作；样例：库内未命中该层次开设样例,库内未命中,区域重点/特色优势：核心课保持完整，通常叠加地方产业、行业场景、实验项目和专业方向模块；样例：库内未命中该层次开设样例,吉林工商学院、新疆农业职业技术大学、漯河食品工程职业大学,普通应用/职业供给：更强调岗位技能、项目实训、证书衔接、综合实践，课程呈现更实训化、工具化；样例：吉林工商学院、新疆农业职业技术大学、漯河食品工程职业大学
570101K,早期教育,专科(高职),,三年,教育与体育大类,教育类,如果课程介绍、专业导论、岗位基础技能、专业核心技术、设备/软件操作、项目实训、职业规范、综合实训、顶岗实习,rysxai_major_course+category_template,,库内未命中,头部/强研究型：核心课不一定换名称，但会加深数学/理论和研究训练，重点看理论深度、科研训练、交叉前沿、学术写作；样例：库内未命中该层次开设样例,天津师范大学、临沂大学、北华大学、吉林师范大学、青岛恒星科技学院,区域重点/特色优势：核心课保持完整，通常叠加地方产业、行业场景、实验项目和专业方向模块；样例：天津师范大学、临沂大学、北华大学、吉林师范大学、青岛恒星科技学院,山东女子学院、琼台师范学院、豫章师范学院、民政职业大学、桂林师范学院,普通应用/职业供给：更强调岗位技能、项目实训、证书衔接、综合实践，课程呈现更实训化、工具化；样例：山东女子学院、琼台师范学院、豫章师范学院、民政职业大学、桂林师范学院
570102K,学前教育,专科(高职),,三年,教育与体育大类,教育类,专业导论、岗位基础技能、专业核心技术、设备/软件操作、项目实训、职业规范、综合实训、顶岗实习,category_template,rysxai课程文本未抽出课程名,北京师范大学、华东师范大学、东北师范大学、华中师范大学、南京师范大学,头部/强研究型：核心课不一定换名称，但会加深数学/理论和研究训练，重点看理论深度、科研训练、交叉前沿、学术写作；样例：北京师范大学、华东师范大学、东北师范大学、华中师范大学、南京师范大学,山东师范大学、广州大学、青岛大学、杭州师范大学、上海师范大学,区域重点/特色优势：核心课保持完整，通常叠加地方产业、行业场景、实验项目和专业方向模块；样例：山东师范大学、广州大学、青岛大学、杭州师范大学、上海师范大学,洛阳理工学院、周口师范学院、湘南学院、许昌学院、江苏第二师范学院,普通应用/职业供给：更强调岗位技能、项目实训、证书衔接、综合实践，课程呈现更实训化、工具化；样例：洛阳理工学院、周口师范学院、湘南学院、许昌学院、江苏第二师范学院
570103K,小学教育,专科(高职),,三年,教育与体育大类,教育类,专业导论、岗位基础技能、专业核心技术、设备/软件操作、项目实训、职业规范、综合实训、顶岗实习,category_template,rysxai课程文本未抽出课程名,东北师范大学、江南大学、南京师范大学、华南师范大学、湖南师范大学,头部/强研究型：核心课不一定换名称，但会加深数学/理论和研究训练，重点看理论深度、科研训练、交叉前沿、学术写作；样例：东北师范大学、江南大学、南京师范大学、华南师范大学、湖南师范大学,广州大学、青岛大学、杭州师范大学、湖北大学、上海师范大学,区域重点/特色优势：核心课保持完整，通常叠加地方产业、行业场景、实验项目和专业方向模块；样例：广州大学、青岛大学、杭州师范大学、湖北大学、上海师范大学,周口师范学院、许昌学院、江苏第二师范学院、六盘水师范学院、商丘师范学院,普通应用/职业供给：更强调岗位技能、项目实训、证书衔接、综合实践，课程呈现更实训化、工具化；样例：周口师范学院、许昌学院、江苏第二师范学院、六盘水师范学院、商丘师范学院
570104K,小学语文教育,专科(高职),,三年,教育与体育大类,教育类,专业导论、岗位基础技能、专业核心技术、设备/软件操作、项目实训、职业规范、综合实训、顶岗实习,category_template,rysxai课程文本未抽出课程名,库内未命中,头部/强研究型：核心课不一定换名称，但会加深数学/理论和研究训练，重点看理论深度、科研训练、交叉前沿、学术写作；样例：库内未命中该层次开设样例,吉林师范大学、山东航空学院、枣庄学院、西昌学院、呼伦贝尔学院,区域重点/特色优势：核心课保持完整，通常叠加地方产业、行业场景、实验项目和专业方向模块；样例：吉林师范大学、山东航空学院、枣庄学院、西昌学院、呼伦贝尔学院,周口师范学院、济宁学院、汉江师范学院、豫章师范学院、德宏师范学院,普通应用/职业供给：更强调岗位技能、项目实训、证书衔接、综合实践，课程呈现更实训化、工具化；样例：周口师范学院、济宁学院、汉江师范学院、豫章师范学院、德宏师范学院
570105K,小学数学教育,专科(高职),,三年,教育与体育大类,教育类,专业导论、岗位基础技能、专业核心技术、设备/软件操作、项目实训、职业规范、综合实训、顶岗实习,category_template,rysxai课程文本未抽出课程名,库内未命中,头部/强研究型：核心课不一定换名称，但会加深数学/理论和研究训练，重点看理论深度、科研训练、交叉前沿、学术写作；样例：库内未命中该层次开设样例,宜宾学院、咸阳师范学院、喀什大学、昌吉学院、武汉城市职业学院,区域重点/特色优势：核心课保持完整，通常叠加地方产业、行业场景、实验项目和专业方向模块；样例：宜宾学院、咸阳师范学院、喀什大学、昌吉学院、武汉城市职业学院,周口师范学院、济宁学院、普洱学院、汉江师范学院、白城师范学院,普通应用/职业供给：更强调岗位技能、项目实训、证书衔接、综合实践，课程呈现更实训化、工具化；样例：周口师范学院、济宁学院、普洱学院、汉江师范学院、白城师范学院
570106K,小学英语教育,专科(高职),,三年,教育与体育大类,教育类,专业导论、岗位基础技能、专业核心技术、设备/软件操作、项目实训、职业规范、综合实训、顶岗实习,category_template,rysxai课程文本未抽出课程名,库内未命中,头部/强研究型：核心课不一定换名称，但会加深数学/理论和研究训练，重点看理论深度、科研训练、交叉前沿、学术写作；样例：库内未命中该层次开设样例,南宁师范大学、北华大学、吉林师范大学、黄冈师范学院、山东航空学院,区域重点/特色优势：核心课保持完整，通常叠加地方产业、行业场景、实验项目和专业方向模块；样例：南宁师范大学、北华大学、吉林师范大学、黄冈师范学院、山东航空学院,周口师范学院、济宁学院、新乡学院、昭通学院、汉江师范学院,普通应用/职业供给：更强调岗位技能、项目实训、证书衔接、综合实践，课程呈现更实训化、工具化；样例：周口师范学院、济宁学院、新乡学院、昭通学院、汉江师范学院
570107K,小学科学教育,专科(高职),,三年,教育与体育大类,教育类,专业导论、岗位基础技能、专业核心技术、设备/软件操作、项目实训、职业规范、综合实训、顶岗实习,category_template,rysxai课程文本未抽出课程名,库内未命中,头部/强研究型：核心课不一定换名称，但会加深数学/理论和研究训练，重点看理论深度、科研训练、交叉前沿、学术写作；样例：库内未命中该层次开设样例,武汉城市职业学院,区域重点/特色优势：核心课保持完整，通常叠加地方产业、行业场景、实验项目和专业方向模块；样例：武汉城市职业学院,德宏师范学院、丽江师范学院、朝阳师范学院、陇南师范学院、新疆和田学院,普通应用/职业供给：更强调岗位技能、项目实训、证书衔接、综合实践，课程呈现更实训化、工具化；样例：德宏师范学院、丽江师范学院、朝阳师范学院、陇南师范学院、新疆和田学院
570108K,音乐教育,专科(高职),,三年,教育与体育大类,教育类,专业导论、岗位基础技能、专业核心技术、设备/软件操作、项目实训、职业规范、综合实训、顶岗实习,category_template,rysxai课程文本未抽出课程名,中央民族大学、中央音乐学院、上海音乐学院、中国音乐学院,头部/强研究型：核心课不一定换名称，但会加深数学/理论和研究训练，重点看理论深度、科研训练、交叉前沿、学术写作；样例：中央民族大学、中央音乐学院、上海音乐学院、中国音乐学院,成都大学、星海音乐学院、南宁师范大学、临沂大学、北华大学,区域重点/特色优势：核心课保持完整，通常叠加地方产业、行业场景、实验项目和专业方向模块；样例：成都大学、星海音乐学院、南宁师范大学、临沂大学、北华大学,许昌学院、济宁学院、齐鲁师范学院、山东女子学院、山东管理学院,普通应用/职业供给：更强调岗位技能、项目实训、证书衔接、综合实践，课程呈现更实训化、工具化；样例：许昌学院、济宁学院、齐鲁师范学院、山东女子学院、山东管理学院
570109K,美术教育,专科(高职),,三年,教育与体育大类,教育类,专业导论、岗位基础技能、专业核心技术、设备/软件操作、项目实训、职业规范、综合实训、顶岗实习,category_template,rysxai课程文本未抽出课程名,库内未命中,头部/强研究型：核心课不一定换名称，但会加深数学/理论和研究训练，重点看理论深度、科研训练、交叉前沿、学术写作；样例：库内未命中该层次开设样例,天津师范大学、临沂大学、北华大学、吉林师范大学、四川美术学院,区域重点/特色优势：核心课保持完整，通常叠加地方产业、行业场景、实验项目和专业方向模块；样例：天津师范大学、临沂大学、北华大学、吉林师范大学、四川美术学院,济宁学院、齐鲁师范学院、凯里学院、四川文理学院、德宏师范学院,普通应用/职业供给：更强调岗位技能、项目实训、证书衔接、综合实践，课程呈现更实训化、工具化；样例：济宁学院、齐鲁师范学院、凯里学院、四川文理学院、德宏师范学院
570110K,体育教育,专科(高职),,三年,教育与体育大类,教育类,专业导论、岗位基础技能、专业核心技术、设备/软件操作、项目实训、职业规范、综合实训、顶岗实习,category_template,rysxai课程文本未抽出课程名,清华大学、北京大学、浙江大学、北京理工大学、北京师范大学,头部/强研究型：核心课不一定换名称，但会加深数学/理论和研究训练，重点看理论深度、科研训练、交叉前沿、学术写作；样例：清华大学、北京大学、浙江大学、北京理工大学、北京师范大学,山东师范大学、广州大学、青岛大学、杭州师范大学、湖北大学,区域重点/特色优势：核心课保持完整，通常叠加地方产业、行业场景、实验项目和专业方向模块；样例：山东师范大学、广州大学、青岛大学、杭州师范大学、湖北大学,周口师范学院、湘南学院、许昌学院、江苏第二师范学院、六盘水师范学院,普通应用/职业供给：更强调岗位技能、项目实训、证书衔接、综合实践，课程呈现更实训化、工具化；样例：周口师范学院、湘南学院、许昌学院、江苏第二师范学院、六盘水师范学院
570111K,小学道德与法治教育,专科(高职),,三年,教育与体育大类,教育类,专业导论、岗位基础技能、专业核心技术、设备/软件操作、项目实训、职业规范、综合实训、顶岗实习,category_template,rysxai课程文本未抽出课程名,库内未命中,头部/强研究型：核心课不一定换名称，但会加深数学/理论和研究训练，重点看理论深度、科研训练、交叉前沿、学术写作；样例：库内未命中该层次开设样例,库内未命中,区域重点/特色优势：核心课保持完整，通常叠加地方产业、行业场景、实验项目和专业方向模块；样例：库内未命中该层次开设样例,德宏师范学院、丽江师范学院、桂林师范学院、陇南师范学院、新疆和田学院,普通应用/职业供给：更强调岗位技能、项目实训、证书衔接、综合实践，课程呈现更实训化、工具化；样例：德宏师范学院、丽江师范学院、桂林师范学院、陇南师范学院、新疆和田学院
570112K,舞蹈教育,专科(高职),,三年,教育与体育大类,教育类,专业导论、岗位基础技能、专业核心技术、设备/软件操作、项目实训、职业规范、综合实训、顶岗实习,category_template,rysxai课程文本未抽出课程名,石河子大学,头部/强研究型：核心课不一定换名称，但会加深数学/理论和研究训练，重点看理论深度、科研训练、交叉前沿、学术写作；样例：石河子大学,深圳北理莫斯科大学、温州大学、西北师范大学、北京舞蹈学院、南宁师范大学,区域重点/特色优势：核心课保持完整，通常叠加地方产业、行业场景、实验项目和专业方向模块；样例：深圳北理莫斯科大学、温州大学、西北师范大学、北京舞蹈学院、南宁师范大学,山东青年政治学院、山东女子学院、广西科技师范学院、张家口学院、汉江师范学院,普通应用/职业供给：更强调岗位技能、项目实训、证书衔接、综合实践，课程呈现更实训化、工具化；样例：山东青年政治学院、山东女子学院、广西科技师范学院、张家口学院、汉江师范学院
570113K,艺术教育,专科(高职),,三年,教育与体育大类,教育类,专业导论、岗位基础技能、专业核心技术、设备/软件操作、项目实训、职业规范、综合实训、顶岗实习,category_template,rysxai课程文本未抽出课程名,华东师范大学、中央美术学院,头部/强研究型：核心课不一定换名称，但会加深数学/理论和研究训练，重点看理论深度、科研训练、交叉前沿、学术写作；样例：华东师范大学、中央美术学院,重庆师范大学、西藏民族大学、临沂大学、景德镇陶瓷大学、贵州师范学院,区域重点/特色优势：核心课保持完整，通常叠加地方产业、行业场景、实验项目和专业方向模块；样例：重庆师范大学、西藏民族大学、临沂大学、景德镇陶瓷大学、贵州师范学院,重庆第二师范学院、保山学院、张家口学院、景德镇学院、汉江师范学院,普通应用/职业供给：更强调岗位技能、项目实训、证书衔接、综合实践，课程呈现更实训化、工具化；样例：重庆第二师范学院、保山学院、张家口学院、景德镇学院、汉江师范学院
570114K,特殊教育,专科(高职),,三年,教育与体育大类,教育类,专业导论、岗位基础技能、专业核心技术、设备/软件操作、项目实训、职业规范、综合实训、顶岗实习,category_template,rysxai课程文本未抽出课程名,北京师范大学、华东师范大学、华中师范大学、西南大学、陕西师范大学,头部/强研究型：核心课不一定换名称，但会加深数学/理论和研究训练，重点看理论深度、科研训练、交叉前沿、学术写作；样例：北京师范大学、华东师范大学、华中师范大学、西南大学、陕西师范大学,广州大学、杭州师范大学、江西师范大学、广西师范大学、西北师范大学,区域重点/特色优势：核心课保持完整，通常叠加地方产业、行业场景、实验项目和专业方向模块；样例：广州大学、杭州师范大学、江西师范大学、广西师范大学、西北师范大学,南京特殊教育师范学院、安顺学院、保定学院、四川文理学院、普洱学院,普通应用/职业供给：更强调岗位技能、项目实训、证书衔接、综合实践，课程呈现更实训化、工具化；样例：南京特殊教育师范学院、安顺学院、保定学院、四川文理学院、普洱学院
570115K,现代教育技术,专科(高职),,三年,教育与体育大类,教育类,专业导论、岗位基础技能、专业核心技术、设备/软件操作、项目实训、职业规范、综合实训、顶岗实习,category_template,rysxai课程文本未抽出课程名,库内未命中,头部/强研究型：核心课不一定换名称，但会加深数学/理论和研究训练，重点看理论深度、科研训练、交叉前沿、学术写作；样例：库内未命中该层次开设样例,库内未命中,区域重点/特色优势：核心课保持完整，通常叠加地方产业、行业场景、实验项目和专业方向模块；样例：库内未命中该层次开设样例,琼台师范学院、德宏师范学院、丽江师范学院、桂林师范学院、新疆和田学院,普通应用/职业供给：更强调岗位技能、项目实训、证书衔接、综合实践，课程呈现更实训化、工具化；样例：琼台师范学院、德宏师范学院、丽江师范学院、桂林师范学院、新疆和田学院
570116K,心理健康教育,专科(高职),,三年,教育与体育大类,教育类,专业导论、岗位基础技能、专业核心技术、设备/软件操作、项目实训、职业规范、综合实训、顶岗实习,category_template,rysxai课程文本未抽出课程名,库内未命中,头部/强研究型：核心课不一定换名称，但会加深数学/理论和研究训练，重点看理论深度、科研训练、交叉前沿、学术写作；样例：库内未命中该层次开设样例,库内未命中,区域重点/特色优势：核心课保持完整，通常叠加地方产业、行业场景、实验项目和专业方向模块；样例：库内未命中该层次开设样例,桂林师范学院、宜春幼儿师范高等专科学校、川北幼儿师范高等专科学校、广东茂名幼儿师范专科学校、广州幼儿师范高等专科学校,普通应用/职业供给：更强调岗位技能、项目实训、证书衔接、综合实践，课程呈现更实训化、工具化；样例：桂林师范学院、宜春幼儿师范高等专科学校、川北幼儿师范高等专科学校、广东茂名幼儿师范专科学校、广州幼儿师范高等专科学校
570201,商务英语,专科(高职),,三年,教育与体育大类,语言类,专业导论、岗位基础技能、专业核心技术、设备/软件操作、项目实训、职业规范、综合实训、顶岗实习,category_template,rysxai课程文本未抽出课程名,北京理工大学、大连理工大学、华南理工大学、大连理工大学(盘锦校区)、上海财经大学,头部/强研究型：核心课不一定换名称，但会加深数学/理论和研究训练，重点看理论深度、科研训练、交叉前沿、学术写作；样例：北京理工大学、大连理工大学、华南理工大学、大连理工大学(盘锦校区)、上海财经大学,江西财经大学、浙江工商大学、首都经济贸易大学、北京语言大学、江西师范大学,区域重点/特色优势：核心课保持完整，通常叠加地方产业、行业场景、实验项目和专业方向模块；样例：江西财经大学、浙江工商大学、首都经济贸易大学、北京语言大学、江西师范大学,洛阳理工学院、浙江水利水电学院、湘南学院、许昌学院、江苏第二师范学院,普通应用/职业供给：更强调岗位技能、项目实训、证书衔接、综合实践，课程呈现更实训化、工具化；样例：洛阳理工学院、浙江水利水电学院、湘南学院、许昌学院、江苏第二师范学院
570202,应用英语,专科(高职),,三年,教育与体育大类,语言类,专业导论、岗位基础技能、专业核心技术、设备/软件操作、项目实训、职业规范、综合实训、顶岗实习,category_template,rysxai课程文本未抽出课程名,库内未命中,头部/强研究型：核心课不一定换名称，但会加深数学/理论和研究训练，重点看理论深度、科研训练、交叉前沿、学术写作；样例：库内未命中该层次开设样例,广东轻工职业技术大学、顺德职业技术大学、鞍山师范学院、咸阳师范学院、浙江越秀外国语学院,区域重点/特色优势：核心课保持完整，通常叠加地方产业、行业场景、实验项目和专业方向模块；样例：广东轻工职业技术大学、顺德职业技术大学、鞍山师范学院、咸阳师范学院、浙江越秀外国语学院,吉林农业科技学院、信阳农林学院、广西职业师范学院、河南工学院、豫章师范学院,普通应用/职业供给：更强调岗位技能、项目实训、证书衔接、综合实践，课程呈现更实训化、工具化；样例：吉林农业科技学院、信阳农林学院、广西职业师范学院、河南工学院、豫章师范学院
570203,旅游英语,专科(高职),,三年,教育与体育大类,语言类,专业导论、岗位基础技能、专业核心技术、设备/软件操作、项目实训、职业规范、综合实训、顶岗实习,category_template,rysxai课程文本未抽出课程名,库内未命中,头部/强研究型：核心课不一定换名称，但会加深数学/理论和研究训练，重点看理论深度、科研训练、交叉前沿、学术写作；样例：库内未命中该层次开设样例,深圳信息职业技术大学、枣庄学院、喀什大学、昌吉学院、广东工贸职业技术学院,区域重点/特色优势：核心课保持完整，通常叠加地方产业、行业场景、实验项目和专业方向模块；样例：深圳信息职业技术大学、枣庄学院、喀什大学、昌吉学院、广东工贸职业技术学院,四川工程职业技术大学、河北石油职业技术大学、商丘学院、三峡大学科技学院、乌鲁木齐职业大学,普通应用/职业供给：更强调岗位技能、项目实训、证书衔接、综合实践，课程呈现更实训化、工具化；样例：四川工程职业技术大学、河北石油职业技术大学、商丘学院、三峡大学科技学院、乌鲁木齐职业大学
570204,应用韩语,专科(高职),,三年,教育与体育大类,语言类,专业导论、岗位基础技能、专业核心技术、设备/软件操作、项目实训、职业规范、综合实训、顶岗实习,category_template,rysxai课程文本未抽出课程名,库内未命中,头部/强研究型：核心课不一定换名称，但会加深数学/理论和研究训练，重点看理论深度、科研训练、交叉前沿、学术写作；样例：库内未命中该层次开设样例,上海第二工业大学、鞍山师范学院、青岛恒星科技学院、海口经济学院、威海职业学院,区域重点/特色优势：核心课保持完整，通常叠加地方产业、行业场景、实验项目和专业方向模块；样例：上海第二工业大学、鞍山师范学院、青岛恒星科技学院、海口经济学院、威海职业学院,山东农业工程学院、河南财政金融学院、朝阳师范学院、长春职业技术大学、淄博职业技术大学,普通应用/职业供给：更强调岗位技能、项目实训、证书衔接、综合实践，课程呈现更实训化、工具化；样例：山东农业工程学院、河南财政金融学院、朝阳师范学院、长春职业技术大学、淄博职业技术大学
570205,商务日语,专科(高职),,三年,教育与体育大类,语言类,专业导论、岗位基础技能、专业核心技术、设备/软件操作、项目实训、职业规范、综合实训、顶岗实习,category_template,rysxai课程文本未抽出课程名,库内未命中,头部/强研究型：核心课不一定换名称，但会加深数学/理论和研究训练，重点看理论深度、科研训练、交叉前沿、学术写作；样例：库内未命中该层次开设样例,深圳职业技术大学、广东轻工职业技术大学、广州职业技术大学、天津中德应用技术大学、烟台南山学院,区域重点/特色优势：核心课保持完整，通常叠加地方产业、行业场景、实验项目和专业方向模块；样例：深圳职业技术大学、广东轻工职业技术大学、广州职业技术大学、天津中德应用技术大学、烟台南山学院,吉林工商学院、郑州工程技术学院、阿坝师范学院、苏州职业技术大学、无锡职业技术大学,普通应用/职业供给：更强调岗位技能、项目实训、证书衔接、综合实践，课程呈现更实训化、工具化；样例：吉林工商学院、郑州工程技术学院、阿坝师范学院、苏州职业技术大学、无锡职业技术大学
570206,应用日语,专科(高职),,三年,教育与体育大类,语言类,专业导论、岗位基础技能、专业核心技术、设备/软件操作、项目实训、职业规范、综合实训、顶岗实习,category_template,rysxai课程文本未抽出课程名,库内未命中,头部/强研究型：核心课不一定换名称，但会加深数学/理论和研究训练，重点看理论深度、科研训练、交叉前沿、学术写作；样例：库内未命中该层次开设样例,顺德职业技术大学、浙江越秀外国语学院、青岛恒星科技学院、江西外语外贸职业学院、浙江经贸职业技术学院,区域重点/特色优势：核心课保持完整，通常叠加地方产业、行业场景、实验项目和专业方向模块；样例：顺德职业技术大学、浙江越秀外国语学院、青岛恒星科技学院、江西外语外贸职业学院、浙江经贸职业技术学院,武汉职业技术大学、长春职业技术大学、成都外国语学院、山东外国语职业技术大学、山东外事职业大学,普通应用/职业供给：更强调岗位技能、项目实训、证书衔接、综合实践，课程呈现更实训化、工具化；样例：武汉职业技术大学、长春职业技术大学、成都外国语学院、山东外国语职业技术大学、山东外事职业大学
570207,旅游日语,专科(高职),,三年,教育与体育大类,语言类,专业导论、岗位基础技能、专业核心技术、设备/软件操作、项目实训、职业规范、综合实训、顶岗实习,category_template,rysxai课程文本未抽出课程名,库内未命中,头部/强研究型：核心课不一定换名称，但会加深数学/理论和研究训练，重点看理论深度、科研训练、交叉前沿、学术写作；样例：库内未命中该层次开设样例,江西外语外贸职业学院,区域重点/特色优势：核心课保持完整，通常叠加地方产业、行业场景、实验项目和专业方向模块；样例：江西外语外贸职业学院,南京旅游职业学院、山东旅游职业学院、成都轻工职业技术大学、浙江旅游职业学院、郑州旅游职业学院,普通应用/职业供给：更强调岗位技能、项目实训、证书衔接、综合实践，课程呈现更实训化、工具化；样例：南京旅游职业学院、山东旅游职业学院、成都轻工职业技术大学、浙江旅游职业学院、郑州旅游职业学院
570208,应用外语,专科(高职),,三年,教育与体育大类,语言类,专业导论、岗位基础技能、专业核心技术、设备/软件操作、项目实训、职业规范、综合实训、顶岗实习,category_template,rysxai课程文本未抽出课程名,库内未命中,头部/强研究型：核心课不一定换名称，但会加深数学/理论和研究训练，重点看理论深度、科研训练、交叉前沿、学术写作；样例：库内未命中该层次开设样例,深圳职业技术大学,区域重点/特色优势：核心课保持完整，通常叠加地方产业、行业场景、实验项目和专业方向模块；样例：深圳职业技术大学,德宏师范学院、成都外国语学院、山东外事职业大学、河北外国语学院、广西外国语学院,普通应用/职业供给：更强调岗位技能、项目实训、证书衔接、综合实践，课程呈现更实训化、工具化；样例：德宏师范学院、成都外国语学院、山东外事职业大学、河北外国语学院、广西外国语学院
570209,中文,专科(高职),,三年,教育与体育大类,语言类,专业导论、岗位基础技能、专业核心技术、设备/软件操作、项目实训、职业规范、综合实训、顶岗实习,category_template,rysxai课程文本未抽出课程名,库内未命中,头部/强研究型：核心课不一定换名称，但会加深数学/理论和研究训练，重点看理论深度、科研训练、交叉前沿、学术写作；样例：库内未命中该层次开设样例,咸阳师范学院、呼和浩特民族学院、汉口学院,区域重点/特色优势：核心课保持完整，通常叠加地方产业、行业场景、实验项目和专业方向模块；样例：咸阳师范学院、呼和浩特民族学院、汉口学院,百色学院、桂林师范学院、连云港师范学院、中原科技学院、成都文理学院,普通应用/职业供给：更强调岗位技能、项目实训、证书衔接、综合实践，课程呈现更实训化、工具化；样例：百色学院、桂林师范学院、连云港师范学院、中原科技学院、成都文理学院
570210,应用俄语,专科(高职),,三年,教育与体育大类,语言类,专业导论、岗位基础技能、专业核心技术、设备/软件操作、项目实训、职业规范、综合实训、顶岗实习,category_template,rysxai课程文本未抽出课程名,内蒙古大学,头部/强研究型：核心课不一定换名称，但会加深数学/理论和研究训练，重点看理论深度、科研训练、交叉前沿、学术写作；样例：内蒙古大学,江西外语外贸职业学院、海南经贸职业技术学院,区域重点/特色优势：核心课保持完整，通常叠加地方产业、行业场景、实验项目和专业方向模块；样例：江西外语外贸职业学院、海南经贸职业技术学院,琼台师范学院、长春职业技术大学、乌鲁木齐职业大学、成都外国语学院、山东外国语职业技术大学,普通应用/职业供给：更强调岗位技能、项目实训、证书衔接、综合实践，课程呈现更实训化、工具化；样例：琼台师范学院、长春职业技术大学、乌鲁木齐职业大学、成都外国语学院、山东外国语职业技术大学
570211,应用法语,专科(高职),,三年,教育与体育大类,语言类,专业导论、岗位基础技能、专业核心技术、设备/软件操作、项目实训、职业规范、综合实训、顶岗实习,category_template,rysxai课程文本未抽出课程名,库内未命中,头部/强研究型：核心课不一定换名称，但会加深数学/理论和研究训练，重点看理论深度、科研训练、交叉前沿、学术写作；样例：库内未命中该层次开设样例,深圳职业技术大学、浙江越秀外国语学院、江西外语外贸职业学院,区域重点/特色优势：核心课保持完整，通常叠加地方产业、行业场景、实验项目和专业方向模块；样例：深圳职业技术大学、浙江越秀外国语学院、江西外语外贸职业学院,武汉职业技术大学、成都外国语学院、山东外国语职业技术大学、山东外事职业大学、西安外事学院,普通应用/职业供给：更强调岗位技能、项目实训、证书衔接、综合实践，课程呈现更实训化、工具化；样例：武汉职业技术大学、成都外国语学院、山东外国语职业技术大学、山东外事职业大学、西安外事学院
570212,应用西班牙语,专科(高职),,三年,教育与体育大类,语言类,专业导论、岗位基础技能、专业核心技术、设备/软件操作、项目实训、职业规范、综合实训、顶岗实习,category_template,rysxai课程文本未抽出课程名,库内未命中,头部/强研究型：核心课不一定换名称，但会加深数学/理论和研究训练，重点看理论深度、科研训练、交叉前沿、学术写作；样例：库内未命中该层次开设样例,天津中德应用技术大学、浙江越秀外国语学院、义乌工商职业技术学院、江西外语外贸职业学院,区域重点/特色优势：核心课保持完整，通常叠加地方产业、行业场景、实验项目和专业方向模块；样例：天津中德应用技术大学、浙江越秀外国语学院、义乌工商职业技术学院、江西外语外贸职业学院,桂林旅游学院、成都外国语学院、山东外国语职业技术大学、山东外事职业大学、河北外国语学院,普通应用/职业供给：更强调岗位技能、项目实训、证书衔接、综合实践，课程呈现更实训化、工具化；样例：桂林旅游学院、成都外国语学院、山东外国语职业技术大学、山东外事职业大学、河北外国语学院
570213,应用德语,专科(高职),,三年,教育与体育大类,语言类,专业导论、岗位基础技能、专业核心技术、设备/软件操作、项目实训、职业规范、综合实训、顶岗实习,category_template,rysxai课程文本未抽出课程名,库内未命中,头部/强研究型：核心课不一定换名称，但会加深数学/理论和研究训练，重点看理论深度、科研训练、交叉前沿、学术写作；样例：库内未命中该层次开设样例,深圳职业技术大学、广东轻工职业技术大学、上海电子信息职业技术学院、江西外语外贸职业学院,区域重点/特色优势：核心课保持完整，通常叠加地方产业、行业场景、实验项目和专业方向模块；样例：深圳职业技术大学、广东轻工职业技术大学、上海电子信息职业技术学院、江西外语外贸职业学院,苏州职业技术大学、扬州职业技术大学、成都外国语学院、山东外国语职业技术大学、山东外事职业大学,普通应用/职业供给：更强调岗位技能、项目实训、证书衔接、综合实践，课程呈现更实训化、工具化；样例：苏州职业技术大学、扬州职业技术大学、成都外国语学院、山东外国语职业技术大学、山东外事职业大学
570214,应用泰语,专科(高职),,三年,教育与体育大类,语言类,专业导论、岗位基础技能、专业核心技术、设备/软件操作、项目实训、职业规范、综合实训、顶岗实习,category_template,rysxai课程文本未抽出课程名,库内未命中,头部/强研究型：核心课不一定换名称，但会加深数学/理论和研究训练，重点看理论深度、科研训练、交叉前沿、学术写作；样例：库内未命中该层次开设样例,云南交通职业技术学院,区域重点/特色优势：核心课保持完整，通常叠加地方产业、行业场景、实验项目和专业方向模块；样例：云南交通职业技术学院,桂林旅游学院、德宏师范学院、广西农业职业技术大学、南宁职业技术大学、成都外国语学院,普通应用/职业供给：更强调岗位技能、项目实训、证书衔接、综合实践，课程呈现更实训化、工具化；样例：桂林旅游学院、德宏师范学院、广西农业职业技术大学、南宁职业技术大学、成都外国语学院
570215,应用越南语,专科(高职),,三年,教育与体育大类,语言类,专业导论、岗位基础技能、专业核心技术、设备/软件操作、项目实训、职业规范、综合实训、顶岗实习,category_template,rysxai课程文本未抽出课程名,库内未命中,头部/强研究型：核心课不一定换名称，但会加深数学/理论和研究训练，重点看理论深度、科研训练、交叉前沿、学术写作；样例：库内未命中该层次开设样例,云南机电职业技术学院,区域重点/特色优势：核心课保持完整，通常叠加地方产业、行业场景、实验项目和专业方向模块；样例：云南机电职业技术学院,南宁职业技术大学、广西外国语学院、云南旅游职业学院、广西国际商务职业技术学院、昆明冶金职业大学,普通应用/职业供给：更强调岗位技能、项目实训、证书衔接、综合实践，课程呈现更实训化、工具化；样例：南宁职业技术大学、广西外国语学院、云南旅游职业学院、广西国际商务职业技术学院、昆明冶金职业大学
570216,应用阿拉伯语,专科(高职),,三年,教育与体育大类,语言类,专业导论、岗位基础技能、专业核心技术、设备/软件操作、项目实训、职业规范、综合实训、顶岗实习,category_template,rysxai课程文本未抽出课程名,库内未命中,头部/强研究型：核心课不一定换名称，但会加深数学/理论和研究训练，重点看理论深度、科研训练、交叉前沿、学术写作；样例：库内未命中该层次开设样例,江西外语外贸职业学院,区域重点/特色优势：核心课保持完整，通常叠加地方产业、行业场景、实验项目和专业方向模块；样例：江西外语外贸职业学院,金华职业技术大学、山东外国语职业技术大学、山东外事职业大学、河北外国语学院、临夏现代职业学院,普通应用/职业供给：更强调岗位技能、项目实训、证书衔接、综合实践，课程呈现更实训化、工具化；样例：金华职业技术大学、山东外国语职业技术大学、山东外事职业大学、河北外国语学院、临夏现代职业学院
570301,社会体育,专科(高职),,三年,教育与体育大类,体育类,专业导论、岗位基础技能、专业核心技术、设备/软件操作、项目实训、职业规范、综合实训、顶岗实习,category_template,rysxai课程文本未抽出课程名,库内未命中,头部/强研究型：核心课不一定换名称，但会加深数学/理论和研究训练，重点看理论深度、科研训练、交叉前沿、学术写作；样例：库内未命中该层次开设样例,临沂大学、成都职业技术学院、武汉软件工程职业学院、江西工业贸易职业技术学院、江西应用技术职业学院,区域重点/特色优势：核心课保持完整，通常叠加地方产业、行业场景、实验项目和专业方向模块；样例：临沂大学、成都职业技术学院、武汉软件工程职业学院、江西工业贸易职业技术学院、江西应用技术职业学院,郑州工程技术学院、连云港师范学院、四川电影电视学院、成都文理学院、郑州科技学院,普通应用/职业供给：更强调岗位技能、项目实训、证书衔接、综合实践，课程呈现更实训化、工具化；样例：郑州工程技术学院、连云港师范学院、四川电影电视学院、成都文理学院、郑州科技学院
570302,休闲体育,专科(高职),,三年,教育与体育大类,体育类,专业导论、岗位基础技能、专业核心技术、设备/软件操作、项目实训、职业规范、综合实训、顶岗实习,category_template,rysxai课程文本未抽出课程名,海南大学、北京体育大学、成都理工大学、上海体育大学、深圳大学,头部/强研究型：核心课不一定换名称，但会加深数学/理论和研究训练，重点看理论深度、科研训练、交叉前沿、学术写作；样例：海南大学、北京体育大学、成都理工大学、上海体育大学、深圳大学,杭州师范大学、湖北大学、温州大学、江苏科技大学、安徽师范大学,区域重点/特色优势：核心课保持完整，通常叠加地方产业、行业场景、实验项目和专业方向模块；样例：杭州师范大学、湖北大学、温州大学、江苏科技大学、安徽师范大学,贵州理工学院、武汉商学院、齐鲁师范学院、太原工业学院、山东青年政治学院,普通应用/职业供给：更强调岗位技能、项目实训、证书衔接、综合实践，课程呈现更实训化、工具化；样例：贵州理工学院、武汉商学院、齐鲁师范学院、太原工业学院、山东青年政治学院
570303,运动训练,专科(高职),,三年,教育与体育大类,体育类,专业导论、岗位基础技能、专业核心技术、设备/软件操作、项目实训、职业规范、综合实训、顶岗实习,category_template,rysxai课程文本未抽出课程名,浙江大学、复旦大学、华中科技大学、西安交通大学、哈尔滨工业大学,头部/强研究型：核心课不一定换名称，但会加深数学/理论和研究训练，重点看理论深度、科研训练、交叉前沿、学术写作；样例：浙江大学、复旦大学、华中科技大学、西安交通大学、哈尔滨工业大学,江西财经大学、昆明理工大学、湖北大学、上海师范大学、江西师范大学,区域重点/特色优势：核心课保持完整，通常叠加地方产业、行业场景、实验项目和专业方向模块；样例：江西财经大学、昆明理工大学、湖北大学、上海师范大学、江西师范大学,湘南学院、武汉商学院、廊坊师范学院、巢湖学院、长治学院,普通应用/职业供给：更强调岗位技能、项目实训、证书衔接、综合实践，课程呈现更实训化、工具化；样例：湘南学院、武汉商学院、廊坊师范学院、巢湖学院、长治学院
570304,民族传统体育,专科(高职),,三年,教育与体育大类,体育类,专业导论、岗位基础技能、专业核心技术、设备/软件操作、项目实训、职业规范、综合实训、顶岗实习,category_template,rysxai课程文本未抽出课程名,库内未命中,头部/强研究型：核心课不一定换名称，但会加深数学/理论和研究训练，重点看理论深度、科研训练、交叉前沿、学术写作；样例：库内未命中该层次开设样例,海口经济学院,区域重点/特色优势：核心课保持完整，通常叠加地方产业、行业场景、实验项目和专业方向模块；样例：海口经济学院,齐鲁师范学院、德宏师范学院、四川文化艺术学院、三门峡职业技术学院、云南体育运动职业技术学院,普通应用/职业供给：更强调岗位技能、项目实训、证书衔接、综合实践，课程呈现更实训化、工具化；样例：齐鲁师范学院、德宏师范学院、四川文化艺术学院、三门峡职业技术学院、云南体育运动职业技术学院
570305,运动防护,专科(高职),,三年,教育与体育大类,体育类,专业导论、岗位基础技能、专业核心技术、设备/软件操作、项目实训、职业规范、综合实训、顶岗实习,category_template,rysxai课程文本未抽出课程名,库内未命中,头部/强研究型：核心课不一定换名称，但会加深数学/理论和研究训练，重点看理论深度、科研训练、交叉前沿、学术写作；样例：库内未命中该层次开设样例,库内未命中,区域重点/特色优势：核心课保持完整，通常叠加地方产业、行业场景、实验项目和专业方向模块；样例：库内未命中该层次开设样例,崇左幼儿师范高等专科学校、广东体育职业技术学院、广西体育高等专科学校、漳州卫生职业学院、阿勒泰职业技术学院,普通应用/职业供给：更强调岗位技能、项目实训、证书衔接、综合实践，课程呈现更实训化、工具化；样例：崇左幼儿师范高等专科学校、广东体育职业技术学院、广西体育高等专科学校、漳州卫生职业学院、阿勒泰职业技术学院
570306,体育保健与康复,专科(高职),,三年,教育与体育大类,体育类,专业导论、岗位基础技能、专业核心技术、设备/软件操作、项目实训、职业规范、综合实训、顶岗实习,category_template,rysxai课程文本未抽出课程名,库内未命中,头部/强研究型：核心课不一定换名称，但会加深数学/理论和研究训练，重点看理论深度、科研训练、交叉前沿、学术写作；样例：库内未命中该层次开设样例,曲靖健康医学院、昌吉学院、海口经济学院、扬州工业职业技术学院、武汉城市职业学院,区域重点/特色优势：核心课保持完整，通常叠加地方产业、行业场景、实验项目和专业方向模块；样例：曲靖健康医学院、昌吉学院、海口经济学院、扬州工业职业技术学院、武汉城市职业学院,贵阳康养职业大学、四川文化艺术学院、南昌应用技术师范学院、三明医学科技职业学院、临沂职业学院,普通应用/职业供给：更强调岗位技能、项目实训、证书衔接、综合实践，课程呈现更实训化、工具化；样例：贵阳康养职业大学、四川文化艺术学院、南昌应用技术师范学院、三明医学科技职业学院、临沂职业学院
570307,健身指导与管理,专科(高职),,三年,教育与体育大类,体育类,专业导论、岗位基础技能、专业核心技术、设备/软件操作、项目实训、职业规范、综合实训、顶岗实习,category_template,rysxai课程文本未抽出课程名,库内未命中,头部/强研究型：核心课不一定换名称，但会加深数学/理论和研究训练，重点看理论深度、科研训练、交叉前沿、学术写作；样例：库内未命中该层次开设样例,四川传媒学院、海口经济学院、武汉城市职业学院、江西工业贸易职业技术学院,区域重点/特色优势：核心课保持完整，通常叠加地方产业、行业场景、实验项目和专业方向模块；样例：四川传媒学院、海口经济学院、武汉城市职业学院、江西工业贸易职业技术学院,丽江师范学院、四川工程职业技术大学、南宁职业技术大学、成都文理学院、酒泉职业技术大学,普通应用/职业供给：更强调岗位技能、项目实训、证书衔接、综合实践，课程呈现更实训化、工具化；样例：丽江师范学院、四川工程职业技术大学、南宁职业技术大学、成都文理学院、酒泉职业技术大学
570308,运动健康指导,专科(高职),,三年,教育与体育大类,体育类,专业导论、岗位基础技能、专业核心技术、设备/软件操作、项目实训、职业规范、综合实训、顶岗实习,category_template,rysxai课程文本未抽出课程名,库内未命中,头部/强研究型：核心课不一定换名称，但会加深数学/理论和研究训练，重点看理论深度、科研训练、交叉前沿、学术写作；样例：库内未命中该层次开设样例,烟台南山学院,区域重点/特色优势：核心课保持完整，通常叠加地方产业、行业场景、实验项目和专业方向模块；样例：烟台南山学院,安徽职业技术大学、吉林师范大学博达学院、浙江广厦建设职业技术大学、东莞职业技术学院、云南体育运动职业技术学院,普通应用/职业供给：更强调岗位技能、项目实训、证书衔接、综合实践，课程呈现更实训化、工具化；样例：安徽职业技术大学、吉林师范大学博达学院、浙江广厦建设职业技术大学、东莞职业技术学院、云南体育运动职业技术学院
570309,运动数据分析,专科(高职),,三年,教育与体育大类,体育类,专业导论、岗位基础技能、专业核心技术、设备/软件操作、项目实训、职业规范、综合实训、顶岗实习,category_template,rysxai课程文本未抽出课程名,库内未命中,头部/强研究型：核心课不一定换名称，但会加深数学/理论和研究训练，重点看理论深度、科研训练、交叉前沿、学术写作；样例：库内未命中该层次开设样例,库内未命中,区域重点/特色优势：核心课保持完整，通常叠加地方产业、行业场景、实验项目和专业方向模块；样例：库内未命中该层次开设样例,云南体育运动职业技术学院、山西体育职业学院、唐山海运职业学院,普通应用/职业供给：更强调岗位技能、项目实训、证书衔接、综合实践，课程呈现更实训化、工具化；样例：云南体育运动职业技术学院、山西体育职业学院、唐山海运职业学院
570310,体能训练,专科(高职),,三年,教育与体育大类,体育类,专业导论、岗位基础技能、专业核心技术、设备/软件操作、项目实训、职业规范、综合实训、顶岗实习,category_template,rysxai课程文本未抽出课程名,北京体育大学、上海体育大学,头部/强研究型：核心课不一定换名称，但会加深数学/理论和研究训练，重点看理论深度、科研训练、交叉前沿、学术写作；样例：北京体育大学、上海体育大学,广东财经大学、首都体育学院、武汉体育学院、沈阳体育学院、南京体育学院,区域重点/特色优势：核心课保持完整，通常叠加地方产业、行业场景、实验项目和专业方向模块；样例：广东财经大学、首都体育学院、武汉体育学院、沈阳体育学院、南京体育学院,长治学院、广西民族师范学院、河北体育学院、郑州商学院、运城职业技术大学,普通应用/职业供给：更强调岗位技能、项目实训、证书衔接、综合实践，课程呈现更实训化、工具化；样例：长治学院、广西民族师范学院、河北体育学院、郑州商学院、运城职业技术大学
570311,体育运营与管理,专科(高职),,三年,教育与体育大类,体育类,专业导论、岗位基础技能、专业核心技术、设备/软件操作、项目实训、职业规范、综合实训、顶岗实习,category_template,rysxai课程文本未抽出课程名,库内未命中,头部/强研究型：核心课不一定换名称，但会加深数学/理论和研究训练，重点看理论深度、科研训练、交叉前沿、学术写作；样例：库内未命中该层次开设样例,武汉城市职业学院、江苏经贸职业技术学院、海南经贸职业技术学院、潍坊职业学院、贵州工业职业技术学院,区域重点/特色优势：核心课保持完整，通常叠加地方产业、行业场景、实验项目和专业方向模块；样例：武汉城市职业学院、江苏经贸职业技术学院、海南经贸职业技术学院、潍坊职业学院、贵州工业职业技术学院,金华职业技术大学、南宁职业技术大学、连云港师范学院、扬州职业技术大学、成都外国语学院,普通应用/职业供给：更强调岗位技能、项目实训、证书衔接、综合实践，课程呈现更实训化、工具化；样例：金华职业技术大学、南宁职业技术大学、连云港师范学院、扬州职业技术大学、成都外国语学院
570312,电子竞技运动与管理,专科(高职),,三年,教育与体育大类,体育类,专业导论、岗位基础技能、专业核心技术、设备/软件操作、项目实训、职业规范、综合实训、顶岗实习,category_template,rysxai课程文本未抽出课程名,库内未命中,头部/强研究型：核心课不一定换名称，但会加深数学/理论和研究训练，重点看理论深度、科研训练、交叉前沿、学术写作；样例：库内未命中该层次开设样例,齐鲁工业大学、首都体育学院、上海第二工业大学、山东体育学院、广州体育学院,区域重点/特色优势：核心课保持完整，通常叠加地方产业、行业场景、实验项目和专业方向模块；样例：齐鲁工业大学、首都体育学院、上海第二工业大学、山东体育学院、广州体育学院,贵州轻工职业大学、电子科技大学成都学院、杭州职业技术大学、四川电影电视学院、青岛黄海学院,普通应用/职业供给：更强调岗位技能、项目实训、证书衔接、综合实践，课程呈现更实训化、工具化；样例：贵州轻工职业大学、电子科技大学成都学院、杭州职业技术大学、四川电影电视学院、青岛黄海学院
570313,高尔夫球运动与管理,专科(高职),,三年,教育与体育大类,体育类,专业导论、岗位基础技能、专业核心技术、设备/软件操作、项目实训、职业规范、综合实训、顶岗实习,category_template,rysxai课程文本未抽出课程名,库内未命中,头部/强研究型：核心课不一定换名称，但会加深数学/理论和研究训练，重点看理论深度、科研训练、交叉前沿、学术写作；样例：库内未命中该层次开设样例,库内未命中,区域重点/特色优势：核心课保持完整，通常叠加地方产业、行业场景、实验项目和专业方向模块；样例：库内未命中该层次开设样例,四川旅游学院、成都外国语学院、郑州工业应用技术学院、武汉东湖学院、三峡旅游职业技术学院,普通应用/职业供给：更强调岗位技能、项目实训、证书衔接、综合实践，课程呈现更实训化、工具化；样例：四川旅游学院、成都外国语学院、郑州工业应用技术学院、武汉东湖学院、三峡旅游职业技术学院
570314,冰雪运动与管理,专科(高职),,三年,教育与体育大类,体育类,专业导论、岗位基础技能、专业核心技术、设备/软件操作、项目实训、职业规范、综合实训、顶岗实习,category_template,rysxai课程文本未抽出课程名,库内未命中,头部/强研究型：核心课不一定换名称，但会加深数学/理论和研究训练，重点看理论深度、科研训练、交叉前沿、学术写作；样例：库内未命中该层次开设样例,吉林师范大学,区域重点/特色优势：核心课保持完整，通常叠加地方产业、行业场景、实验项目和专业方向模块；样例：吉林师范大学,西安思源学院、北京体育职业学院、博尔塔拉职业技术学院、呼伦贝尔职业技术学院、哈尔滨科学技术职业学院,普通应用/职业供给：更强调岗位技能、项目实训、证书衔接、综合实践，课程呈现更实训化、工具化；样例：西安思源学院、北京体育职业学院、博尔塔拉职业技术学院、呼伦贝尔职业技术学院、哈尔滨科学技术职业学院
570315,冰雪设施运维与管理,专科(高职),,三年,教育与体育大类,体育类,专业导论、岗位基础技能、专业核心技术、设备/软件操作、项目实训、职业规范、综合实训、顶岗实习,category_template,rysxai课程文本未抽出课程名,库内未命中,头部/强研究型：核心课不一定换名称，但会加深数学/理论和研究训练，重点看理论深度、科研训练、交叉前沿、学术写作；样例：库内未命中该层次开设样例,库内未命中,区域重点/特色优势：核心课保持完整，通常叠加地方产业、行业场景、实验项目和专业方向模块；样例：库内未命中该层次开设样例,吉林电子信息职业技术学院、新疆师范高等专科学校、辽宁职业学院、阿勒泰职业技术学院,普通应用/职业供给：更强调岗位技能、项目实训、证书衔接、综合实践，课程呈现更实训化、工具化；样例：吉林电子信息职业技术学院、新疆师范高等专科学校、辽宁职业学院、阿勒泰职业技术学院
570316,体育艺术表演,专科(高职),,三年,教育与体育大类,体育类,专业导论、岗位基础技能、专业核心技术、设备/软件操作、项目实训、职业规范、综合实训、顶岗实习,category_template,rysxai课程文本未抽出课程名,库内未命中,头部/强研究型：核心课不一定换名称，但会加深数学/理论和研究训练，重点看理论深度、科研训练、交叉前沿、学术写作；样例：库内未命中该层次开设样例,深圳信息职业技术大学、威海职业学院,区域重点/特色优势：核心课保持完整，通常叠加地方产业、行业场景、实验项目和专业方向模块；样例：深圳信息职业技术大学、威海职业学院,成都艺术职业大学、潍坊理工学院、山东外事职业大学、河北外国语学院、信阳艺术职业学院,普通应用/职业供给：更强调岗位技能、项目实训、证书衔接、综合实践，课程呈现更实训化、工具化；样例：成都艺术职业大学、潍坊理工学院、山东外事职业大学、河北外国语学院、信阳艺术职业学院
570317,足球运动与管理,专科(高职),,三年,教育与体育大类,体育类,足球专项训练、运动生理学、赛事组织管理、体育市场营销、足球裁判法等‌‌、专业导论、岗位基础技能、专业核心技术、设备/软件操作、项目实训,local_edu_major_course_or_learn_what,rysxai课程文本未抽出课程名,库内未命中,头部/强研究型：核心课不一定换名称，但会加深数学/理论和研究训练，重点看理论深度、科研训练、交叉前沿、学术写作；样例：库内未命中该层次开设样例,河北传媒学院、武汉城市职业学院,区域重点/特色优势：核心课保持完整，通常叠加地方产业、行业场景、实验项目和专业方向模块；样例：河北传媒学院、武汉城市职业学院,湖北商贸学院、四川国际标榜职业学院,普通应用/职业供给：更强调岗位技能、项目实训、证书衔接、综合实践，课程呈现更实训化、工具化；样例：湖北商贸学院、四川国际标榜职业学院
300101,高速铁路工程,本科(职业),工学学士,四年,交通运输大类,铁道运输类,铁道概论、铁路行车组织、铁路客运组织、列车运行控制、铁路信号基础、铁路安全管理、车站作业、岗位实训,category_template,未匹配rysxai课程文本,库内未命中,头部/强研究型：核心课不一定换名称，但会加深数学/理论和研究训练，重点看理论深度、科研训练、交叉前沿、学术写作；样例：库内未命中该层次开设样例,华东交通大学、吉林铁道职业技术大学,区域重点/特色优势：核心课保持完整，通常叠加地方产业、行业场景、实验项目和专业方向模块；样例：华东交通大学、吉林铁道职业技术大学,库内未命中,普通应用/职业供给：更强调岗位技能、项目实训、证书衔接、综合实践，课程呈现更实训化、工具化；样例：库内未命中该层次开设样例
300102,高速铁路动车组技术,本科(职业),工学学士,四年,交通运输大类,铁道运输类,铁道概论、铁路行车组织、铁路客运组织、列车运行控制、铁路信号基础、铁路安全管理、车站作业、岗位实训,category_template,未匹配rysxai课程文本,库内未命中,头部/强研究型：核心课不一定换名称，但会加深数学/理论和研究训练，重点看理论深度、科研训练、交叉前沿、学术写作；样例：库内未命中该层次开设样例,库内未命中,区域重点/特色优势：核心课保持完整，通常叠加地方产业、行业场景、实验项目和专业方向模块；样例：库内未命中该层次开设样例,唐山工业职业技术大学,普通应用/职业供给：更强调岗位技能、项目实训、证书衔接、综合实践，课程呈现更实训化、工具化；样例：唐山工业职业技术大学
300103,高速铁路信号控制技术,本科(职业),工学学士,四年,交通运输大类,铁道运输类,铁道概论、铁路行车组织、铁路客运组织、列车运行控制、铁路信号基础、铁路安全管理、车站作业、岗位实训,category_template,未匹配rysxai课程文本,库内未命中,头部/强研究型：核心课不一定换名称，但会加深数学/理论和研究训练，重点看理论深度、科研训练、交叉前沿、学术写作；样例：库内未命中该层次开设样例,华东交通大学、吉林铁道职业技术大学,区域重点/特色优势：核心课保持完整，通常叠加地方产业、行业场景、实验项目和专业方向模块；样例：华东交通大学、吉林铁道职业技术大学,库内未命中,普通应用/职业供给：更强调岗位技能、项目实训、证书衔接、综合实践，课程呈现更实训化、工具化；样例：库内未命中该层次开设样例
300104,铁道机车智能运用技术,本科(职业),工学学士,四年,交通运输大类,铁道运输类,铁道概论、铁路行车组织、铁路客运组织、列车运行控制、铁路信号基础、铁路安全管理、车站作业、岗位实训,category_template,未匹配rysxai课程文本,库内未命中,头部/强研究型：核心课不一定换名称，但会加深数学/理论和研究训练，重点看理论深度、科研训练、交叉前沿、学术写作；样例：库内未命中该层次开设样例,库内未命中,区域重点/特色优势：核心课保持完整，通常叠加地方产业、行业场景、实验项目和专业方向模块；样例：库内未命中该层次开设样例,青海职业技术大学、呼和浩特职业技术大学,普通应用/职业供给：更强调岗位技能、项目实训、证书衔接、综合实践，课程呈现更实训化、工具化；样例：青海职业技术大学、呼和浩特职业技术大学
300105,高速铁路运营管理,本科(职业),"工学学士,管理学学士",四年,交通运输大类,铁道运输类,铁道概论、铁路行车组织、铁路客运组织、列车运行控制、铁路信号基础、铁路安全管理、车站作业、岗位实训,category_template,未匹配rysxai课程文本,库内未命中,头部/强研究型：核心课不一定换名称，但会加深数学/理论和研究训练，重点看理论深度、科研训练、交叉前沿、学术写作；样例：库内未命中该层次开设样例,吉林铁道职业技术大学,区域重点/特色优势：核心课保持完整，通常叠加地方产业、行业场景、实验项目和专业方向模块；样例：吉林铁道职业技术大学,西安汽车职业大学,普通应用/职业供给：更强调岗位技能、项目实训、证书衔接、综合实践，课程呈现更实训化、工具化；样例：西安汽车职业大学
300106,高速铁路通信技术,本科(职业),工学学士,四年,交通运输大类,铁道运输类,铁道概论、铁路行车组织、铁路客运组织、列车运行控制、铁路信号基础、铁路安全管理、车站作业、岗位实训,category_template,未匹配rysxai课程文本,库内未命中,头部/强研究型：核心课不一定换名称，但会加深数学/理论和研究训练，重点看理论深度、科研训练、交叉前沿、学术写作；样例：库内未命中该层次开设样例,库内未命中,区域重点/特色优势：核心课保持完整，通常叠加地方产业、行业场景、实验项目和专业方向模块；样例：库内未命中该层次开设样例,库内未命中,普通应用/职业供给：更强调岗位技能、项目实训、证书衔接、综合实践，课程呈现更实训化、工具化；样例：库内未命中该层次开设样例
300107,高速铁路智能供电技术,本科(职业),工学学士,四年,交通运输大类,铁道运输类,铁道概论、铁路行车组织、铁路客运组织、列车运行控制、铁路信号基础、铁路安全管理、车站作业、岗位实训,category_template,未匹配rysxai课程文本,库内未命中,头部/强研究型：核心课不一定换名称，但会加深数学/理论和研究训练，重点看理论深度、科研训练、交叉前沿、学术写作；样例：库内未命中该层次开设样例,库内未命中,区域重点/特色优势：核心课保持完整，通常叠加地方产业、行业场景、实验项目和专业方向模块；样例：库内未命中该层次开设样例,库内未命中,普通应用/职业供给：更强调岗位技能、项目实训、证书衔接、综合实践，课程呈现更实训化、工具化；样例：库内未命中该层次开设样例
300201,道路与桥梁工程,本科(职业),工学学士,四年,交通运输大类,道路运输类,汽车构造、汽车电气设备、汽车检测与诊断、道路运输组织、交通安全、汽车维修技术、物流运输管理、岗位实训,category_template,未匹配rysxai课程文本,库内未命中,头部/强研究型：核心课不一定换名称，但会加深数学/理论和研究训练，重点看理论深度、科研训练、交叉前沿、学术写作；样例：库内未命中该层次开设样例,库内未命中,区域重点/特色优势：核心课保持完整，通常叠加地方产业、行业场景、实验项目和专业方向模块；样例：库内未命中该层次开设样例,贵州交通职业大学、青海职业技术大学、新疆交通职业技术大学、山西工程科技职业大学、浙江广厦建设职业技术大学,普通应用/职业供给：更强调岗位技能、项目实训、证书衔接、综合实践，课程呈现更实训化、工具化；样例：贵州交通职业大学、青海职业技术大学、新疆交通职业技术大学、山西工程科技职业大学、浙江广厦建设职业技术大学
300202,智能交通管理,本科(职业),"工学学士,管理学学士",四年,交通运输大类,道路运输类,汽车构造、汽车电气设备、汽车检测与诊断、道路运输组织、交通安全、汽车维修技术、物流运输管理、岗位实训,category_template,未匹配rysxai课程文本,库内未命中,头部/强研究型：核心课不一定换名称，但会加深数学/理论和研究训练，重点看理论深度、科研训练、交叉前沿、学术写作；样例：库内未命中该层次开设样例,库内未命中,区域重点/特色优势：核心课保持完整，通常叠加地方产业、行业场景、实验项目和专业方向模块；样例：库内未命中该层次开设样例,湖南汽车工程职业大学、新疆交通职业技术大学、山西工程科技职业大学,普通应用/职业供给：更强调岗位技能、项目实训、证书衔接、综合实践，课程呈现更实训化、工具化；样例：湖南汽车工程职业大学、新疆交通职业技术大学、山西工程科技职业大学
300203,汽车服务工程技术,本科(职业),工学学士,四年,交通运输大类,道路运输类,汽车构造、汽车电气设备、汽车检测与诊断、道路运输组织、交通安全、汽车维修技术、物流运输管理、岗位实训,category_template,未匹配rysxai课程文本,库内未命中,头部/强研究型：核心课不一定换名称，但会加深数学/理论和研究训练，重点看理论深度、科研训练、交叉前沿、学术写作；样例：库内未命中该层次开设样例,内蒙古农业大学,区域重点/特色优势：核心课保持完整，通常叠加地方产业、行业场景、实验项目和专业方向模块；样例：内蒙古农业大学,南京工业职业技术大学、湖南汽车工程职业大学、河北工业职业技术大学、贵州交通职业大学、河北科技工程职业技术大学,普通应用/职业供给：更强调岗位技能、项目实训、证书衔接、综合实践，课程呈现更实训化、工具化；样例：南京工业职业技术大学、湖南汽车工程职业大学、河北工业职业技术大学、贵州交通职业大学、河北科技工程职业技术大学
300204,道路工程智能检测,本科(职业),工学学士,四年,交通运输大类,道路运输类,汽车构造、汽车电气设备、汽车检测与诊断、道路运输组织、交通安全、汽车维修技术、物流运输管理、岗位实训,category_template,未匹配rysxai课程文本,库内未命中,头部/强研究型：核心课不一定换名称，但会加深数学/理论和研究训练，重点看理论深度、科研训练、交叉前沿、学术写作；样例：库内未命中该层次开设样例,库内未命中,区域重点/特色优势：核心课保持完整，通常叠加地方产业、行业场景、实验项目和专业方向模块；样例：库内未命中该层次开设样例,青海职业技术大学,普通应用/职业供给：更强调岗位技能、项目实训、证书衔接、综合实践，课程呈现更实训化、工具化；样例：青海职业技术大学
300301,航海技术,本科(职业),工学学士,四年,交通运输大类,水上运输类,航海学、航海气象学、船舶原理、航海力学、船舶驾驶、船舶操纵与避碰、航海雷达与ARPA、航海仪器、GMDSS通信业务、GMDSS通信设备,rysxai_major_course,,武汉理工大学、大连海事大学、宁波大学,头部/强研究型：核心课不一定换名称，但会加深数学/理论和研究训练，重点看理论深度、科研训练、交叉前沿、学术写作；样例：武汉理工大学、大连海事大学、宁波大学,集美大学、天津理工大学、上海海事大学、重庆交通大学、烟台大学,区域重点/特色优势：核心课保持完整，通常叠加地方产业、行业场景、实验项目和专业方向模块；样例：集美大学、天津理工大学、上海海事大学、重庆交通大学、烟台大学,广州航海学院、湖南汽车工程职业大学、江西职业技术大学、集美大学诚毅学院、海南科技职业大学,普通应用/职业供给：更强调岗位技能、项目实训、证书衔接、综合实践，课程呈现更实训化、工具化；样例：广州航海学院、湖南汽车工程职业大学、江西职业技术大学、集美大学诚毅学院、海南科技职业大学
300302,港口智能工程技术,本科(职业),工学学士,四年,交通运输大类,水上运输类,专业导论、专业核心理论、专业方法与工具、实验/实践课程、方向模块课程、课程设计、毕业论文/设计,category_template,未匹配rysxai课程文本,库内未命中,头部/强研究型：核心课不一定换名称，但会加深数学/理论和研究训练，重点看理论深度、科研训练、交叉前沿、学术写作；样例：库内未命中该层次开设样例,库内未命中,区域重点/特色优势：核心课保持完整，通常叠加地方产业、行业场景、实验项目和专业方向模块；样例：库内未命中该层次开设样例,库内未命中,普通应用/职业供给：更强调岗位技能、项目实训、证书衔接、综合实践，课程呈现更实训化、工具化；样例：库内未命中该层次开设样例
300303,轮机工程技术,本科(职业),工学学士,四年,交通运输大类,水上运输类,专业导论、专业核心理论、专业方法与工具、实验/实践课程、方向模块课程、课程设计、毕业论文/设计,category_template,rysxai课程文本未抽出课程名,库内未命中,头部/强研究型：核心课不一定换名称，但会加深数学/理论和研究训练，重点看理论深度、科研训练、交叉前沿、学术写作；样例：库内未命中该层次开设样例,四川交通职业技术学院、天津海运职业学院、威海职业学院、广西交通职业技术学院、武汉交通职业学院,区域重点/特色优势：核心课保持完整，通常叠加地方产业、行业场景、实验项目和专业方向模块；样例：四川交通职业技术学院、天津海运职业学院、威海职业学院、广西交通职业技术学院、武汉交通职业学院,湖南汽车工程职业大学、贵州交通职业大学、江西职业技术大学、海南科技职业大学、上海交通职业技术学院,普通应用/职业供给：更强调岗位技能、项目实训、证书衔接、综合实践，课程呈现更实训化、工具化；样例：湖南汽车工程职业大学、贵州交通职业大学、江西职业技术大学、海南科技职业大学、上海交通职业技术学院
300304,国际邮轮运营管理,本科(职业),管理学学士,四年,交通运输大类,水上运输类,专业导论、专业核心理论、专业方法与工具、实验/实践课程、方向模块课程、课程设计、毕业论文/设计,category_template,未匹配rysxai课程文本,库内未命中,头部/强研究型：核心课不一定换名称，但会加深数学/理论和研究训练，重点看理论深度、科研训练、交叉前沿、学术写作；样例：库内未命中该层次开设样例,库内未命中,区域重点/特色优势：核心课保持完整，通常叠加地方产业、行业场景、实验项目和专业方向模块；样例：库内未命中该层次开设样例,库内未命中,普通应用/职业供给：更强调岗位技能、项目实训、证书衔接、综合实践，课程呈现更实训化、工具化；样例：库内未命中该层次开设样例
300305,水路运输与海事管理,本科(职业),"管理学学士,工学学士",四年,交通运输大类,水上运输类,专业导论、专业核心理论、专业方法与工具、实验/实践课程、方向模块课程、课程设计、毕业论文/设计,category_template,未匹配rysxai课程文本,库内未命中,头部/强研究型：核心课不一定换名称，但会加深数学/理论和研究训练，重点看理论深度、科研训练、交叉前沿、学术写作；样例：库内未命中该层次开设样例,库内未命中,区域重点/特色优势：核心课保持完整，通常叠加地方产业、行业场景、实验项目和专业方向模块；样例：库内未命中该层次开设样例,海南科技职业大学,普通应用/职业供给：更强调岗位技能、项目实训、证书衔接、综合实践，课程呈现更实训化、工具化；样例：海南科技职业大学
300401,民航运输服务与管理,本科(职业),管理学学士,四年,交通运输大类,航空运输类,民航概论、航空服务礼仪、民航安全管理、客舱服务、航空运输地理、民航法规、应急处置、岗位实训,category_template,未匹配rysxai课程文本,库内未命中,头部/强研究型：核心课不一定换名称，但会加深数学/理论和研究训练，重点看理论深度、科研训练、交叉前沿、学术写作；样例：库内未命中该层次开设样例,库内未命中,区域重点/特色优势：核心课保持完整，通常叠加地方产业、行业场景、实验项目和专业方向模块；样例：库内未命中该层次开设样例,新疆天山职业技术大学、浙江广厦建设职业技术大学,普通应用/职业供给：更强调岗位技能、项目实训、证书衔接、综合实践，课程呈现更实训化、工具化；样例：新疆天山职业技术大学、浙江广厦建设职业技术大学
300402,航空机电设备维修技术,本科(职业),工学学士,四年,交通运输大类,航空运输类,民航概论、航空服务礼仪、民航安全管理、客舱服务、航空运输地理、民航法规、应急处置、岗位实训,category_template,未匹配rysxai课程文本,库内未命中,头部/强研究型：核心课不一定换名称，但会加深数学/理论和研究训练，重点看理论深度、科研训练、交叉前沿、学术写作；样例：库内未命中该层次开设样例,沈阳航空航天大学、上海工程技术大学,区域重点/特色优势：核心课保持完整，通常叠加地方产业、行业场景、实验项目和专业方向模块；样例：沈阳航空航天大学、上海工程技术大学,库内未命中,普通应用/职业供给：更强调岗位技能、项目实训、证书衔接、综合实践，课程呈现更实训化、工具化；样例：库内未命中该层次开设样例
300403,智慧机场运行与管理,本科(职业),"工学学士,管理学学士",四年,交通运输大类,航空运输类,民航概论、航空服务礼仪、民航安全管理、客舱服务、航空运输地理、民航法规、应急处置、岗位实训,category_template,未匹配rysxai课程文本,库内未命中,头部/强研究型：核心课不一定换名称，但会加深数学/理论和研究训练，重点看理论深度、科研训练、交叉前沿、学术写作；样例：库内未命中该层次开设样例,库内未命中,区域重点/特色优势：核心课保持完整，通常叠加地方产业、行业场景、实验项目和专业方向模块；样例：库内未命中该层次开设样例,湖南软件职业技术大学、浙江广厦建设职业技术大学,普通应用/职业供给：更强调岗位技能、项目实训、证书衔接、综合实践，课程呈现更实训化、工具化；样例：湖南软件职业技术大学、浙江广厦建设职业技术大学
300404,通用航空航务技术,本科(职业),工学学士,四年,交通运输大类,航空运输类,民航概论、航空服务礼仪、民航安全管理、客舱服务、航空运输地理、民航法规、应急处置、岗位实训,category_template,rysxai课程文本未抽出课程名,库内未命中,头部/强研究型：核心课不一定换名称，但会加深数学/理论和研究训练，重点看理论深度、科研训练、交叉前沿、学术写作；样例：库内未命中该层次开设样例,广州民航职业技术学院、长沙航空职业技术学院,区域重点/特色优势：核心课保持完整，通常叠加地方产业、行业场景、实验项目和专业方向模块；样例：广州民航职业技术学院、长沙航空职业技术学院,南京工业职业技术大学、山西通用航空职业技术学院、日照职业技术大学、荆门职业学院、四川西南航空职业学院,普通应用/职业供给：更强调岗位技能、项目实训、证书衔接、综合实践，课程呈现更实训化、工具化；样例：南京工业职业技术大学、山西通用航空职业技术学院、日照职业技术大学、荆门职业学院、四川西南航空职业学院
300601,城市轨道交通信号与控制技术,本科(职业),工学学士,四年,交通运输大类,城市轨道交通类,专业导论、专业核心理论、专业方法与工具、实验/实践课程、方向模块课程、课程设计、毕业论文/设计,category_template,未匹配rysxai课程文本,库内未命中,头部/强研究型：核心课不一定换名称，但会加深数学/理论和研究训练，重点看理论深度、科研训练、交叉前沿、学术写作；样例：库内未命中该层次开设样例,库内未命中,区域重点/特色优势：核心课保持完整，通常叠加地方产业、行业场景、实验项目和专业方向模块；样例：库内未命中该层次开设样例,南京工业职业技术大学、西安信息职业大学、西安汽车职业大学,普通应用/职业供给：更强调岗位技能、项目实训、证书衔接、综合实践，课程呈现更实训化、工具化；样例：南京工业职业技术大学、西安信息职业大学、西安汽车职业大学
300602,城市轨道交通设备与控制技术,本科(职业),工学学士,四年,交通运输大类,城市轨道交通类,专业导论、专业核心理论、专业方法与工具、实验/实践课程、方向模块课程、课程设计、毕业论文/设计,category_template,未匹配rysxai课程文本,库内未命中,头部/强研究型：核心课不一定换名称，但会加深数学/理论和研究训练，重点看理论深度、科研训练、交叉前沿、学术写作；样例：库内未命中该层次开设样例,吉林铁道职业技术大学、南京铁道职业技术学院,区域重点/特色优势：核心课保持完整，通常叠加地方产业、行业场景、实验项目和专业方向模块；样例：吉林铁道职业技术大学、南京铁道职业技术学院,南京工业职业技术大学、浙江机电职业技术大学,普通应用/职业供给：更强调岗位技能、项目实训、证书衔接、综合实践，课程呈现更实训化、工具化；样例：南京工业职业技术大学、浙江机电职业技术大学
300603,城市轨道交通智能运营,本科(职业),工学学士,四年,交通运输大类,城市轨道交通类,专业导论、专业核心理论、专业方法与工具、实验/实践课程、方向模块课程、课程设计、毕业论文/设计,category_template,未匹配rysxai课程文本,库内未命中,头部/强研究型：核心课不一定换名称，但会加深数学/理论和研究训练，重点看理论深度、科研训练、交叉前沿、学术写作；样例：库内未命中该层次开设样例,库内未命中,区域重点/特色优势：核心课保持完整，通常叠加地方产业、行业场景、实验项目和专业方向模块；样例：库内未命中该层次开设样例,西安信息职业大学、西安汽车职业大学,普通应用/职业供给：更强调岗位技能、项目实训、证书衔接、综合实践，课程呈现更实训化、工具化；样例：西安信息职业大学、西安汽车职业大学
300701,邮政快递管理,本科(职业),"工学学士,管理学学士",四年,交通运输大类,邮政类,专业导论、专业核心理论、专业方法与工具、实验/实践课程、方向模块课程、课程设计、毕业论文/设计,category_template,未匹配rysxai课程文本,库内未命中,头部/强研究型：核心课不一定换名称，但会加深数学/理论和研究训练，重点看理论深度、科研训练、交叉前沿、学术写作；样例：库内未命中该层次开设样例,库内未命中,区域重点/特色优势：核心课保持完整，通常叠加地方产业、行业场景、实验项目和专业方向模块；样例：库内未命中该层次开设样例,库内未命中,普通应用/职业供给：更强调岗位技能、项目实训、证书衔接、综合实践，课程呈现更实训化、工具化；样例：库内未命中该层次开设样例
380201,刑事科学技术,本科(职业),工学学士,四年,公安与司法大类,公安技术类,刑诉法与证据学、中外物证鉴定制度及实践、痕迹检验总论、手印学、工具痕迹学、足迹学、枪弹痕迹学、法医物证学、法医毒理学、法医病理学,rysxai_major_course,,西南政法大学、西北政法大学,头部/强研究型：核心课不一定换名称，但会加深数学/理论和研究训练，重点看理论深度、科研训练、交叉前沿、学术写作；样例：西南政法大学、西北政法大学,中国刑事警察学院、四川警察学院、江苏警官学院、南京警察学院、甘肃政法大学,区域重点/特色优势：核心课保持完整，通常叠加地方产业、行业场景、实验项目和专业方向模块；样例：中国刑事警察学院、四川警察学院、江苏警官学院、南京警察学院、甘肃政法大学,上海公安学院、吉林警察学院、广西警察学院、新疆警察学院、陕西警察学院,普通应用/职业供给：更强调岗位技能、项目实训、证书衔接、综合实践，课程呈现更实训化、工具化；样例：上海公安学院、吉林警察学院、广西警察学院、新疆警察学院、陕西警察学院
380202,网络安全与执法,本科(职业),"法学学士,工学学士",四年,公安与司法大类,公安技术类,大学英语、高等数学、计算机应用基础、计算机网络、操作系统、数据库原理、程序设计基础、网络安全原理、电子数据取证、网络犯罪侦查,rysxai_major_course,,库内未命中,头部/强研究型：核心课不一定换名称，但会加深数学/理论和研究训练，重点看理论深度、科研训练、交叉前沿、学术写作；样例：库内未命中该层次开设样例,中国刑事警察学院、四川警察学院、江苏警官学院、南京警察学院、北京警察学院,区域重点/特色优势：核心课保持完整，通常叠加地方产业、行业场景、实验项目和专业方向模块；样例：中国刑事警察学院、四川警察学院、江苏警官学院、南京警察学院、北京警察学院,上海公安学院、吉林警察学院、广西警察学院、新疆警察学院、陕西警察学院,普通应用/职业供给：更强调岗位技能、项目实训、证书衔接、综合实践，课程呈现更实训化、工具化；样例：上海公安学院、吉林警察学院、广西警察学院、新疆警察学院、陕西警察学院
380301,刑事侦查,本科(职业),法学学士,四年,公安与司法大类,侦查类,专业导论、专业核心理论、专业方法与工具、实验/实践课程、方向模块课程、课程设计、毕业论文/设计,category_template,rysxai课程文本未抽出课程名,库内未命中,头部/强研究型：核心课不一定换名称，但会加深数学/理论和研究训练，重点看理论深度、科研训练、交叉前沿、学术写作；样例：库内未命中该层次开设样例,库内未命中,区域重点/特色优势：核心课保持完整，通常叠加地方产业、行业场景、实验项目和专业方向模块；样例：库内未命中该层次开设样例,新疆警察学院、陕西警察学院、宁夏警官职业学院、河北公安警察职业学院、西藏警官高等专科学校,普通应用/职业供给：更强调岗位技能、项目实训、证书衔接、综合实践，课程呈现更实训化、工具化；样例：新疆警察学院、陕西警察学院、宁夏警官职业学院、河北公安警察职业学院、西藏警官高等专科学校
380401,法律,本科(职业),法学学士,四年,公安与司法大类,法律实务类,专业导论、专业核心理论、专业方法与工具、实验/实践课程、方向模块课程、课程设计、毕业论文/设计,category_template,未匹配rysxai课程文本,库内未命中,头部/强研究型：核心课不一定换名称，但会加深数学/理论和研究训练，重点看理论深度、科研训练、交叉前沿、学术写作；样例：库内未命中该层次开设样例,库内未命中,区域重点/特色优势：核心课保持完整，通常叠加地方产业、行业场景、实验项目和专业方向模块；样例：库内未命中该层次开设样例,山东青年政治学院、山西工程科技职业大学、景德镇艺术职业大学、广东工商职业技术大学,普通应用/职业供给：更强调岗位技能、项目实训、证书衔接、综合实践，课程呈现更实训化、工具化；样例：山东青年政治学院、山西工程科技职业大学、景德镇艺术职业大学、广东工商职业技术大学
380402,数字法务,本科(职业),法学学士,,公安与司法大类,法律实务类,专业导论、专业核心理论、专业方法与工具、实验/实践课程、方向模块课程、课程设计、毕业论文/设计,category_template,未匹配rysxai课程文本,库内未命中,头部/强研究型：核心课不一定换名称，但会加深数学/理论和研究训练，重点看理论深度、科研训练、交叉前沿、学术写作；样例：库内未命中该层次开设样例,库内未命中,区域重点/特色优势：核心课保持完整，通常叠加地方产业、行业场景、实验项目和专业方向模块；样例：库内未命中该层次开设样例,库内未命中,普通应用/职业供给：更强调岗位技能、项目实训、证书衔接、综合实践，课程呈现更实训化、工具化；样例：库内未命中该层次开设样例
380501,刑事矫正与管理,本科(职业),"法学学士,管理学学士",四年,公安与司法大类,法律执行类,专业导论、专业核心理论、专业方法与工具、实验/实践课程、方向模块课程、课程设计、毕业论文/设计,category_template,未匹配rysxai课程文本,库内未命中,头部/强研究型：核心课不一定换名称，但会加深数学/理论和研究训练，重点看理论深度、科研训练、交叉前沿、学术写作；样例：库内未命中该层次开设样例,库内未命中,区域重点/特色优势：核心课保持完整，通常叠加地方产业、行业场景、实验项目和专业方向模块；样例：库内未命中该层次开设样例,库内未命中,普通应用/职业供给：更强调岗位技能、项目实训、证书衔接、综合实践，课程呈现更实训化、工具化；样例：库内未命中该层次开设样例
380502,司法警务管理,本科(职业),"法学学士,管理学学士",四年,公安与司法大类,法律执行类,专业导论、专业核心理论、专业方法与工具、实验/实践课程、方向模块课程、课程设计、毕业论文/设计,category_template,未匹配rysxai课程文本,库内未命中,头部/强研究型：核心课不一定换名称，但会加深数学/理论和研究训练，重点看理论深度、科研训练、交叉前沿、学术写作；样例：库内未命中该层次开设样例,库内未命中,区域重点/特色优势：核心课保持完整，通常叠加地方产业、行业场景、实验项目和专业方向模块；样例：库内未命中该层次开设样例,库内未命中,普通应用/职业供给：更强调岗位技能、项目实训、证书衔接、综合实践，课程呈现更实训化、工具化；样例：库内未命中该层次开设样例
380503,综合行政执法,本科(职业),"法学学士,管理学学士",四年,公安与司法大类,法律执行类,专业导论、专业核心理论、专业方法与工具、实验/实践课程、方向模块课程、课程设计、毕业论文/设计,category_template,未匹配rysxai课程文本,库内未命中,头部/强研究型：核心课不一定换名称，但会加深数学/理论和研究训练，重点看理论深度、科研训练、交叉前沿、学术写作；样例：库内未命中该层次开设样例,库内未命中,区域重点/特色优势：核心课保持完整，通常叠加地方产业、行业场景、实验项目和专业方向模块；样例：库内未命中该层次开设样例,库内未命中,普通应用/职业供给：更强调岗位技能、项目实训、证书衔接、综合实践，课程呈现更实训化、工具化；样例：库内未命中该层次开设样例
380601,智慧司法技术与应用,本科(职业),"工学学士,法学学士",四年,公安与司法大类,司法技术类,专业导论、专业核心理论、专业方法与工具、实验/实践课程、方向模块课程、课程设计、毕业论文/设计,category_template,未匹配rysxai课程文本,库内未命中,头部/强研究型：核心课不一定换名称，但会加深数学/理论和研究训练，重点看理论深度、科研训练、交叉前沿、学术写作；样例：库内未命中该层次开设样例,库内未命中,区域重点/特色优势：核心课保持完整，通常叠加地方产业、行业场景、实验项目和专业方向模块；样例：库内未命中该层次开设样例,库内未命中,普通应用/职业供给：更强调岗位技能、项目实训、证书衔接、综合实践，课程呈现更实训化、工具化；样例：库内未命中该层次开设样例
380701,数字安防技术,本科(职业),"工学学士,法学学士",四年,公安与司法大类,安全防范类,专业导论、专业核心理论、专业方法与工具、实验/实践课程、方向模块课程、课程设计、毕业论文/设计,category_template,未匹配rysxai课程文本,库内未命中,头部/强研究型：核心课不一定换名称，但会加深数学/理论和研究训练，重点看理论深度、科研训练、交叉前沿、学术写作；样例：库内未命中该层次开设样例,库内未命中,区域重点/特色优势：核心课保持完整，通常叠加地方产业、行业场景、实验项目和专业方向模块；样例：库内未命中该层次开设样例,库内未命中,普通应用/职业供给：更强调岗位技能、项目实训、证书衔接、综合实践，课程呈现更实训化、工具化；样例：库内未命中该层次开设样例
380702,国际安保服务与管理,本科(职业),"法学学士,管理学学士",四年,公安与司法大类,安全防范类,专业导论、专业核心理论、专业方法与工具、实验/实践课程、方向模块课程、课程设计、毕业论文/设计,category_template,未匹配rysxai课程文本,库内未命中,头部/强研究型：核心课不一定换名称，但会加深数学/理论和研究训练，重点看理论深度、科研训练、交叉前沿、学术写作；样例：库内未命中该层次开设样例,库内未命中,区域重点/特色优势：核心课保持完整，通常叠加地方产业、行业场景、实验项目和专业方向模块；样例：库内未命中该层次开设样例,库内未命中,普通应用/职业供给：更强调岗位技能、项目实训、证书衔接、综合实践，课程呈现更实训化、工具化；样例：库内未命中该层次开设样例
580101K,治安管理,专科(高职),,三年,公安与司法大类,公安管理类,专业导论、岗位基础技能、专业核心技术、设备/软件操作、项目实训、职业规范、综合实训、顶岗实习,category_template,rysxai课程文本未抽出课程名,库内未命中,头部/强研究型：核心课不一定换名称，但会加深数学/理论和研究训练，重点看理论深度、科研训练、交叉前沿、学术写作；样例：库内未命中该层次开设样例,库内未命中,区域重点/特色优势：核心课保持完整，通常叠加地方产业、行业场景、实验项目和专业方向模块；样例：库内未命中该层次开设样例,新疆警察学院、陕西警察学院、甘肃警察学院、宁夏警官职业学院、江西司法警官职业学院,普通应用/职业供给：更强调岗位技能、项目实训、证书衔接、综合实践，课程呈现更实训化、工具化；样例：新疆警察学院、陕西警察学院、甘肃警察学院、宁夏警官职业学院、江西司法警官职业学院
580102K,道路交通管理,专科(高职),,三年,公安与司法大类,公安管理类,专业导论、岗位基础技能、专业核心技术、设备/软件操作、项目实训、职业规范、综合实训、顶岗实习,category_template,rysxai课程文本未抽出课程名,库内未命中,头部/强研究型：核心课不一定换名称，但会加深数学/理论和研究训练，重点看理论深度、科研训练、交叉前沿、学术写作；样例：库内未命中该层次开设样例,库内未命中,区域重点/特色优势：核心课保持完整，通常叠加地方产业、行业场景、实验项目和专业方向模块；样例：库内未命中该层次开设样例,陕西警察学院、甘肃警察学院、宁夏警官职业学院、河北公安警察职业学院、西藏警官高等专科学校,普通应用/职业供给：更强调岗位技能、项目实训、证书衔接、综合实践，课程呈现更实训化、工具化；样例：陕西警察学院、甘肃警察学院、宁夏警官职业学院、河北公安警察职业学院、西藏警官高等专科学校
580103K,特警,专科(高职),,三年,公安与司法大类,公安管理类,专业导论、岗位基础技能、专业核心技术、设备/软件操作、项目实训、职业规范、综合实训、顶岗实习,category_template,rysxai课程文本未抽出课程名,库内未命中,头部/强研究型：核心课不一定换名称，但会加深数学/理论和研究训练，重点看理论深度、科研训练、交叉前沿、学术写作；样例：库内未命中该层次开设样例,库内未命中,区域重点/特色优势：核心课保持完整，通常叠加地方产业、行业场景、实验项目和专业方向模块；样例：库内未命中该层次开设样例,甘肃警察学院、宁夏警官职业学院、河北公安警察职业学院,普通应用/职业供给：更强调岗位技能、项目实训、证书衔接、综合实践，课程呈现更实训化、工具化；样例：甘肃警察学院、宁夏警官职业学院、河北公安警察职业学院
580104K,警务指挥与战术,专科(高职),,三年,公安与司法大类,公安管理类,专业导论、岗位基础技能、专业核心技术、设备/软件操作、项目实训、职业规范、综合实训、顶岗实习,category_template,rysxai课程文本未抽出课程名,库内未命中,头部/强研究型：核心课不一定换名称，但会加深数学/理论和研究训练，重点看理论深度、科研训练、交叉前沿、学术写作；样例：库内未命中该层次开设样例,江苏警官学院、南京警察学院、广东警官学院、河南警察学院、郑州警察学院,区域重点/特色优势：核心课保持完整，通常叠加地方产业、行业场景、实验项目和专业方向模块；样例：江苏警官学院、南京警察学院、广东警官学院、河南警察学院、郑州警察学院,上海公安学院、广西警察学院、新疆警察学院、陕西警察学院、安徽公安学院,普通应用/职业供给：更强调岗位技能、项目实训、证书衔接、综合实践，课程呈现更实训化、工具化；样例：上海公安学院、广西警察学院、新疆警察学院、陕西警察学院、安徽公安学院
580201K,刑事科学技术,专科(高职),,三年,公安与司法大类,公安技术类,专业导论、岗位基础技能、专业核心技术、设备/软件操作、项目实训、职业规范、综合实训、顶岗实习,category_template,rysxai课程文本未抽出课程名,西南政法大学、西北政法大学,头部/强研究型：核心课不一定换名称，但会加深数学/理论和研究训练，重点看理论深度、科研训练、交叉前沿、学术写作；样例：西南政法大学、西北政法大学,中国刑事警察学院、四川警察学院、江苏警官学院、南京警察学院、甘肃政法大学,区域重点/特色优势：核心课保持完整，通常叠加地方产业、行业场景、实验项目和专业方向模块；样例：中国刑事警察学院、四川警察学院、江苏警官学院、南京警察学院、甘肃政法大学,上海公安学院、吉林警察学院、广西警察学院、新疆警察学院、陕西警察学院,普通应用/职业供给：更强调岗位技能、项目实训、证书衔接、综合实践，课程呈现更实训化、工具化；样例：上海公安学院、吉林警察学院、广西警察学院、新疆警察学院、陕西警察学院
580202K,网络安全与执法,专科(高职),,三年,公安与司法大类,公安技术类,专业导论、岗位基础技能、专业核心技术、设备/软件操作、项目实训、职业规范、综合实训、顶岗实习,category_template,rysxai课程文本未抽出课程名,库内未命中,头部/强研究型：核心课不一定换名称，但会加深数学/理论和研究训练，重点看理论深度、科研训练、交叉前沿、学术写作；样例：库内未命中该层次开设样例,中国刑事警察学院、四川警察学院、江苏警官学院、南京警察学院、北京警察学院,区域重点/特色优势：核心课保持完整，通常叠加地方产业、行业场景、实验项目和专业方向模块；样例：中国刑事警察学院、四川警察学院、江苏警官学院、南京警察学院、北京警察学院,上海公安学院、吉林警察学院、广西警察学院、新疆警察学院、陕西警察学院,普通应用/职业供给：更强调岗位技能、项目实训、证书衔接、综合实践，课程呈现更实训化、工具化；样例：上海公安学院、吉林警察学院、广西警察学院、新疆警察学院、陕西警察学院
580203K,警犬技术,专科(高职),,三年,公安与司法大类,公安技术类,专业导论、岗位基础技能、专业核心技术、设备/软件操作、项目实训、职业规范、综合实训、顶岗实习,category_template,rysxai课程文本未抽出课程名,库内未命中,头部/强研究型：核心课不一定换名称，但会加深数学/理论和研究训练，重点看理论深度、科研训练、交叉前沿、学术写作；样例：库内未命中该层次开设样例,中国刑事警察学院、四川警察学院、南京警察学院、北京警察学院、广东警官学院,区域重点/特色优势：核心课保持完整，通常叠加地方产业、行业场景、实验项目和专业方向模块；样例：中国刑事警察学院、四川警察学院、南京警察学院、北京警察学院、广东警官学院,新疆警察学院、甘肃警察学院,普通应用/职业供给：更强调岗位技能、项目实训、证书衔接、综合实践，课程呈现更实训化、工具化；样例：新疆警察学院、甘肃警察学院
580301K,刑事侦查,专科(高职),,三年,公安与司法大类,侦查类,专业导论、岗位基础技能、专业核心技术、设备/软件操作、项目实训、职业规范、综合实训、顶岗实习,category_template,rysxai课程文本未抽出课程名,库内未命中,头部/强研究型：核心课不一定换名称，但会加深数学/理论和研究训练，重点看理论深度、科研训练、交叉前沿、学术写作；样例：库内未命中该层次开设样例,库内未命中,区域重点/特色优势：核心课保持完整，通常叠加地方产业、行业场景、实验项目和专业方向模块；样例：库内未命中该层次开设样例,新疆警察学院、陕西警察学院、宁夏警官职业学院、河北公安警察职业学院、西藏警官高等专科学校,普通应用/职业供给：更强调岗位技能、项目实训、证书衔接、综合实践，课程呈现更实训化、工具化；样例：新疆警察学院、陕西警察学院、宁夏警官职业学院、河北公安警察职业学院、西藏警官高等专科学校
580302K,政治安全保卫,专科(高职),,三年,公安与司法大类,侦查类,专业导论、岗位基础技能、专业核心技术、设备/软件操作、项目实训、职业规范、综合实训、顶岗实习,category_template,rysxai课程文本未抽出课程名,库内未命中,头部/强研究型：核心课不一定换名称，但会加深数学/理论和研究训练，重点看理论深度、科研训练、交叉前沿、学术写作；样例：库内未命中该层次开设样例,库内未命中,区域重点/特色优势：核心课保持完整，通常叠加地方产业、行业场景、实验项目和专业方向模块；样例：库内未命中该层次开设样例,浙江警官职业学院、西藏警官高等专科学校、嵩山少林武术职业学院,普通应用/职业供给：更强调岗位技能、项目实训、证书衔接、综合实践，课程呈现更实训化、工具化；样例：浙江警官职业学院、西藏警官高等专科学校、嵩山少林武术职业学院
580303K,经济犯罪侦查,专科(高职),,三年,公安与司法大类,侦查类,专业导论、岗位基础技能、专业核心技术、设备/软件操作、项目实训、职业规范、综合实训、顶岗实习,category_template,rysxai课程文本未抽出课程名,西南政法大学,头部/强研究型：核心课不一定换名称，但会加深数学/理论和研究训练，重点看理论深度、科研训练、交叉前沿、学术写作；样例：西南政法大学,中国刑事警察学院、江苏警官学院、广东警官学院、河南警察学院、云南警官学院,区域重点/特色优势：核心课保持完整，通常叠加地方产业、行业场景、实验项目和专业方向模块；样例：中国刑事警察学院、江苏警官学院、广东警官学院、河南警察学院、云南警官学院,吉林警察学院、广西警察学院、安徽公安学院、甘肃警察学院、河北公安警察职业学院,普通应用/职业供给：更强调岗位技能、项目实训、证书衔接、综合实践，课程呈现更实训化、工具化；样例：吉林警察学院、广西警察学院、安徽公安学院、甘肃警察学院、河北公安警察职业学院
580304K,禁毒,专科(高职),,三年,公安与司法大类,侦查类,专业导论、岗位基础技能、专业核心技术、设备/软件操作、项目实训、职业规范、综合实训、顶岗实习,category_template,rysxai课程文本未抽出课程名,库内未命中,头部/强研究型：核心课不一定换名称，但会加深数学/理论和研究训练，重点看理论深度、科研训练、交叉前沿、学术写作；样例：库内未命中该层次开设样例,库内未命中,区域重点/特色优势：核心课保持完整，通常叠加地方产业、行业场景、实验项目和专业方向模块；样例：库内未命中该层次开设样例,库内未命中,普通应用/职业供给：更强调岗位技能、项目实训、证书衔接、综合实践，课程呈现更实训化、工具化；样例：库内未命中该层次开设样例
580401,法律事务,专科(高职),,三年,公安与司法大类,法律实务类,专业导论、岗位基础技能、专业核心技术、设备/软件操作、项目实训、职业规范、综合实训、顶岗实习,category_template,rysxai课程文本未抽出课程名,内蒙古大学,头部/强研究型：核心课不一定换名称，但会加深数学/理论和研究训练，重点看理论深度、科研训练、交叉前沿、学术写作；样例：内蒙古大学,深圳职业技术大学、山东政法学院、西昌学院、北京工业职业技术学院、安徽商贸职业技术学院,区域重点/特色优势：核心课保持完整，通常叠加地方产业、行业场景、实验项目和专业方向模块；样例：深圳职业技术大学、山东政法学院、西昌学院、北京工业职业技术学院、安徽商贸职业技术学院,吉林警察学院、山东青年政治学院、广西警察学院、新疆政法学院、菏泽学院,普通应用/职业供给：更强调岗位技能、项目实训、证书衔接、综合实践，课程呈现更实训化、工具化；样例：吉林警察学院、山东青年政治学院、广西警察学院、新疆政法学院、菏泽学院
580402,法律文秘,专科(高职),,三年,公安与司法大类,法律实务类,专业导论、岗位基础技能、专业核心技术、设备/软件操作、项目实训、职业规范、综合实训、顶岗实习,category_template,rysxai课程文本未抽出课程名,库内未命中,头部/强研究型：核心课不一定换名称，但会加深数学/理论和研究训练，重点看理论深度、科研训练、交叉前沿、学术写作；样例：库内未命中该层次开设样例,北京工业职业技术学院、安徽商贸职业技术学院、苏州农业职业技术学院,区域重点/特色优势：核心课保持完整，通常叠加地方产业、行业场景、实验项目和专业方向模块；样例：北京工业职业技术学院、安徽商贸职业技术学院、苏州农业职业技术学院,广西警察学院、新疆政法学院、陕西警察学院、新疆天山职业技术大学、南昌职业大学,普通应用/职业供给：更强调岗位技能、项目实训、证书衔接、综合实践，课程呈现更实训化、工具化；样例：广西警察学院、新疆政法学院、陕西警察学院、新疆天山职业技术大学、南昌职业大学
580403,检察事务,专科(高职),,三年,公安与司法大类,法律实务类,专业导论、岗位基础技能、专业核心技术、设备/软件操作、项目实训、职业规范、综合实训、顶岗实习,category_template,rysxai课程文本未抽出课程名,库内未命中,头部/强研究型：核心课不一定换名称，但会加深数学/理论和研究训练，重点看理论深度、科研训练、交叉前沿、学术写作；样例：库内未命中该层次开设样例,库内未命中,区域重点/特色优势：核心课保持完整，通常叠加地方产业、行业场景、实验项目和专业方向模块；样例：库内未命中该层次开设样例,河北政法职业学院、河南检察职业学院,普通应用/职业供给：更强调岗位技能、项目实训、证书衔接、综合实践，课程呈现更实训化、工具化；样例：河北政法职业学院、河南检察职业学院
580501K,刑事执行,专科(高职),,三年,公安与司法大类,法律执行类,专业导论、岗位基础技能、专业核心技术、设备/软件操作、项目实训、职业规范、综合实训、顶岗实习,category_template,rysxai课程文本未抽出课程名,库内未命中,头部/强研究型：核心课不一定换名称，但会加深数学/理论和研究训练，重点看理论深度、科研训练、交叉前沿、学术写作；样例：库内未命中该层次开设样例,库内未命中,区域重点/特色优势：核心课保持完整，通常叠加地方产业、行业场景、实验项目和专业方向模块；样例：库内未命中该层次开设样例,北京政法职业学院、吉林司法警官职业学院、宁夏警官职业学院、安徽警官职业学院、山东司法警官职业学院,普通应用/职业供给：更强调岗位技能、项目实训、证书衔接、综合实践，课程呈现更实训化、工具化；样例：北京政法职业学院、吉林司法警官职业学院、宁夏警官职业学院、安徽警官职业学院、山东司法警官职业学院
580502,民事执行,专科(高职),,三年,公安与司法大类,法律执行类,专业导论、岗位基础技能、专业核心技术、设备/软件操作、项目实训、职业规范、综合实训、顶岗实习,category_template,rysxai课程文本未抽出课程名,库内未命中,头部/强研究型：核心课不一定换名称，但会加深数学/理论和研究训练，重点看理论深度、科研训练、交叉前沿、学术写作；样例：库内未命中该层次开设样例,库内未命中,区域重点/特色优势：核心课保持完整，通常叠加地方产业、行业场景、实验项目和专业方向模块；样例：库内未命中该层次开设样例,新疆政法学院、山东司法警官职业学院、山西省政法管理干部学院、河北政法职业学院,普通应用/职业供给：更强调岗位技能、项目实训、证书衔接、综合实践，课程呈现更实训化、工具化；样例：新疆政法学院、山东司法警官职业学院、山西省政法管理干部学院、河北政法职业学院
580503K,行政执行,专科(高职),,三年,公安与司法大类,法律执行类,专业导论、岗位基础技能、专业核心技术、设备/软件操作、项目实训、职业规范、综合实训、顶岗实习,category_template,rysxai课程文本未抽出课程名,库内未命中,头部/强研究型：核心课不一定换名称，但会加深数学/理论和研究训练，重点看理论深度、科研训练、交叉前沿、学术写作；样例：库内未命中该层次开设样例,库内未命中,区域重点/特色优势：核心课保持完整，通常叠加地方产业、行业场景、实验项目和专业方向模块；样例：库内未命中该层次开设样例,北京政法职业学院、吉林司法警官职业学院、宁夏警官职业学院、安徽警官职业学院、山东司法警官职业学院,普通应用/职业供给：更强调岗位技能、项目实训、证书衔接、综合实践，课程呈现更实训化、工具化；样例：北京政法职业学院、吉林司法警官职业学院、宁夏警官职业学院、安徽警官职业学院、山东司法警官职业学院
580504K,司法警务,专科(高职),,三年,公安与司法大类,法律执行类,专业导论、岗位基础技能、专业核心技术、设备/软件操作、项目实训、职业规范、综合实训、顶岗实习,category_template,rysxai课程文本未抽出课程名,库内未命中,头部/强研究型：核心课不一定换名称，但会加深数学/理论和研究训练，重点看理论深度、科研训练、交叉前沿、学术写作；样例：库内未命中该层次开设样例,库内未命中,区域重点/特色优势：核心课保持完整，通常叠加地方产业、行业场景、实验项目和专业方向模块；样例：库内未命中该层次开设样例,陕西警察学院、甘肃警察学院、吉林司法警官职业学院、宁夏警官职业学院、安徽警官职业学院,普通应用/职业供给：更强调岗位技能、项目实训、证书衔接、综合实践，课程呈现更实训化、工具化；样例：陕西警察学院、甘肃警察学院、吉林司法警官职业学院、宁夏警官职业学院、安徽警官职业学院
580505,社区矫正,专科(高职),,三年,公安与司法大类,法律执行类,专业导论、岗位基础技能、专业核心技术、设备/软件操作、项目实训、职业规范、综合实训、顶岗实习,category_template,rysxai课程文本未抽出课程名,库内未命中,头部/强研究型：核心课不一定换名称，但会加深数学/理论和研究训练，重点看理论深度、科研训练、交叉前沿、学术写作；样例：库内未命中该层次开设样例,上海政法学院、云南民族大学、中央司法警官学院、山东政法学院,区域重点/特色优势：核心课保持完整，通常叠加地方产业、行业场景、实验项目和专业方向模块；样例：上海政法学院、云南民族大学、中央司法警官学院、山东政法学院,新疆政法学院、甘肃警察学院、吉林司法警官职业学院、安徽警官职业学院、山东司法警官职业学院,普通应用/职业供给：更强调岗位技能、项目实训、证书衔接、综合实践，课程呈现更实训化、工具化；样例：新疆政法学院、甘肃警察学院、吉林司法警官职业学院、安徽警官职业学院、山东司法警官职业学院
580506K,专门矫治教育,专科(高职),,三年,公安与司法大类,法律执行类,专业导论、岗位基础技能、专业核心技术、设备/软件操作、项目实训、职业规范、综合实训、顶岗实习,category_template,未匹配rysxai课程文本,库内未命中,头部/强研究型：核心课不一定换名称，但会加深数学/理论和研究训练，重点看理论深度、科研训练、交叉前沿、学术写作；样例：库内未命中该层次开设样例,库内未命中,区域重点/特色优势：核心课保持完整，通常叠加地方产业、行业场景、实验项目和专业方向模块；样例：库内未命中该层次开设样例,库内未命中,普通应用/职业供给：更强调岗位技能、项目实训、证书衔接、综合实践，课程呈现更实训化、工具化；样例：库内未命中该层次开设样例
580601K,刑事侦查技术,专科(高职),,三年,公安与司法大类,司法技术类,专业导论、岗位基础技能、专业核心技术、设备/软件操作、项目实训、职业规范、综合实训、顶岗实习,category_template,rysxai课程文本未抽出课程名,库内未命中,头部/强研究型：核心课不一定换名称，但会加深数学/理论和研究训练，重点看理论深度、科研训练、交叉前沿、学术写作；样例：库内未命中该层次开设样例,库内未命中,区域重点/特色优势：核心课保持完整，通常叠加地方产业、行业场景、实验项目和专业方向模块；样例：库内未命中该层次开设样例,吉林司法警官职业学院、宁夏警官职业学院、安徽警官职业学院、山东司法警官职业学院、广东司法警官职业学院,普通应用/职业供给：更强调岗位技能、项目实训、证书衔接、综合实践，课程呈现更实训化、工具化；样例：吉林司法警官职业学院、宁夏警官职业学院、安徽警官职业学院、山东司法警官职业学院、广东司法警官职业学院
580602K,司法信息技术,专科(高职),,三年,公安与司法大类,司法技术类,专业导论、岗位基础技能、专业核心技术、设备/软件操作、项目实训、职业规范、综合实训、顶岗实习,category_template,rysxai课程文本未抽出课程名,库内未命中,头部/强研究型：核心课不一定换名称，但会加深数学/理论和研究训练，重点看理论深度、科研训练、交叉前沿、学术写作；样例：库内未命中该层次开设样例,库内未命中,区域重点/特色优势：核心课保持完整，通常叠加地方产业、行业场景、实验项目和专业方向模块；样例：库内未命中该层次开设样例,吉林司法警官职业学院、宁夏警官职业学院、安徽警官职业学院、山东司法警官职业学院、山西省政法管理干部学院,普通应用/职业供给：更强调岗位技能、项目实训、证书衔接、综合实践，课程呈现更实训化、工具化；样例：吉林司法警官职业学院、宁夏警官职业学院、安徽警官职业学院、山东司法警官职业学院、山西省政法管理干部学院
580603,司法鉴定技术,专科(高职),,三年,公安与司法大类,司法技术类,专业导论、岗位基础技能、专业核心技术、设备/软件操作、项目实训、职业规范、综合实训、顶岗实习,category_template,rysxai课程文本未抽出课程名,库内未命中,头部/强研究型：核心课不一定换名称，但会加深数学/理论和研究训练，重点看理论深度、科研训练、交叉前沿、学术写作；样例：库内未命中该层次开设样例,库内未命中,区域重点/特色优势：核心课保持完整，通常叠加地方产业、行业场景、实验项目和专业方向模块；样例：库内未命中该层次开设样例,甘肃警察学院、北京政法职业学院、吉林司法警官职业学院、安徽警官职业学院、广东司法警官职业学院,普通应用/职业供给：更强调岗位技能、项目实训、证书衔接、综合实践，课程呈现更实训化、工具化；样例：甘肃警察学院、北京政法职业学院、吉林司法警官职业学院、安徽警官职业学院、广东司法警官职业学院
580604K,司法信息安全,专科(高职),,三年,公安与司法大类,司法技术类,程序设计、数据结构、计算机网络、操作系统、密码学、网络安全、系统安全、安全攻防实践,category_template,rysxai课程文本未抽出课程名,库内未命中,头部/强研究型：核心课不一定换名称，但会加深数学/理论和研究训练，重点看理论深度、科研训练、交叉前沿、学术写作；样例：库内未命中该层次开设样例,库内未命中,区域重点/特色优势：核心课保持完整，通常叠加地方产业、行业场景、实验项目和专业方向模块；样例：库内未命中该层次开设样例,北京政法职业学院、吉林司法警官职业学院、安徽警官职业学院、山东司法警官职业学院、广东司法警官职业学院,普通应用/职业供给：更强调岗位技能、项目实训、证书衔接、综合实践，课程呈现更实训化、工具化；样例：北京政法职业学院、吉林司法警官职业学院、安徽警官职业学院、山东司法警官职业学院、广东司法警官职业学院
580605K,罪犯心理测量与矫正技术,专科(高职),,三年,公安与司法大类,司法技术类,专业导论、岗位基础技能、专业核心技术、设备/软件操作、项目实训、职业规范、综合实训、顶岗实习,category_template,rysxai课程文本未抽出课程名,库内未命中,头部/强研究型：核心课不一定换名称，但会加深数学/理论和研究训练，重点看理论深度、科研训练、交叉前沿、学术写作；样例：库内未命中该层次开设样例,库内未命中,区域重点/特色优势：核心课保持完整，通常叠加地方产业、行业场景、实验项目和专业方向模块；样例：库内未命中该层次开设样例,吉林司法警官职业学院、宁夏警官职业学院、安徽警官职业学院、广东司法警官职业学院、武汉警官职业学院,普通应用/职业供给：更强调岗位技能、项目实训、证书衔接、综合实践，课程呈现更实训化、工具化；样例：吉林司法警官职业学院、宁夏警官职业学院、安徽警官职业学院、广东司法警官职业学院、武汉警官职业学院
580606K,戒毒矫治技术,专科(高职),,三年,公安与司法大类,司法技术类,专业导论、岗位基础技能、专业核心技术、设备/软件操作、项目实训、职业规范、综合实训、顶岗实习,category_template,rysxai课程文本未抽出课程名,库内未命中,头部/强研究型：核心课不一定换名称，但会加深数学/理论和研究训练，重点看理论深度、科研训练、交叉前沿、学术写作；样例：库内未命中该层次开设样例,库内未命中,区域重点/特色优势：核心课保持完整，通常叠加地方产业、行业场景、实验项目和专业方向模块；样例：库内未命中该层次开设样例,吉林司法警官职业学院、宁夏警官职业学院、江西司法警官职业学院、湖南司法警官职业学院,普通应用/职业供给：更强调岗位技能、项目实训、证书衔接、综合实践，课程呈现更实训化、工具化；样例：吉林司法警官职业学院、宁夏警官职业学院、江西司法警官职业学院、湖南司法警官职业学院
580701,安全防范技术,专科(高职),,三年,公安与司法大类,安全防范类,专业导论、岗位基础技能、专业核心技术、设备/软件操作、项目实训、职业规范、综合实训、顶岗实习,category_template,rysxai课程文本未抽出课程名,库内未命中,头部/强研究型：核心课不一定换名称，但会加深数学/理论和研究训练，重点看理论深度、科研训练、交叉前沿、学术写作；样例：库内未命中该层次开设样例,江西警察学院、新疆生产建设兵团兴新职业技术学院,区域重点/特色优势：核心课保持完整，通常叠加地方产业、行业场景、实验项目和专业方向模块；样例：江西警察学院、新疆生产建设兵团兴新职业技术学院,广西警察学院、新疆警察学院、甘肃警察学院、上海科学技术职业学院、吉林司法警官职业学院,普通应用/职业供给：更强调岗位技能、项目实训、证书衔接、综合实践，课程呈现更实训化、工具化；样例：广西警察学院、新疆警察学院、甘肃警察学院、上海科学技术职业学院、吉林司法警官职业学院
580702,安全保卫管理,专科(高职),,三年,公安与司法大类,安全防范类,专业导论、岗位基础技能、专业核心技术、设备/软件操作、项目实训、职业规范、综合实训、顶岗实习,category_template,rysxai课程文本未抽出课程名,库内未命中,头部/强研究型：核心课不一定换名称，但会加深数学/理论和研究训练，重点看理论深度、科研训练、交叉前沿、学术写作；样例：库内未命中该层次开设样例,库内未命中,区域重点/特色优势：核心课保持完整，通常叠加地方产业、行业场景、实验项目和专业方向模块；样例：库内未命中该层次开设样例,新疆警察学院、陕西警察学院、克孜勒苏职业技术学院、北京政法职业学院、山西省政法管理干部学院,普通应用/职业供给：更强调岗位技能、项目实训、证书衔接、综合实践，课程呈现更实训化、工具化；样例：新疆警察学院、陕西警察学院、克孜勒苏职业技术学院、北京政法职业学院、山西省政法管理干部学院
580703,智能安防运营管理,专科(高职),,三年,公安与司法大类,安全防范类,专业导论、岗位基础技能、专业核心技术、设备/软件操作、项目实训、职业规范、综合实训、顶岗实习,category_template,rysxai课程文本未抽出课程名,库内未命中,头部/强研究型：核心课不一定换名称，但会加深数学/理论和研究训练，重点看理论深度、科研训练、交叉前沿、学术写作；样例：库内未命中该层次开设样例,库内未命中,区域重点/特色优势：核心课保持完整，通常叠加地方产业、行业场景、实验项目和专业方向模块；样例：库内未命中该层次开设样例,北京政法职业学院、武汉警官职业学院、江苏安全技术职业学院、四川现代职业学院、德阳科贸职业学院,普通应用/职业供给：更强调岗位技能、项目实训、证书衔接、综合实践，课程呈现更实训化、工具化；样例：北京政法职业学院、武汉警官职业学院、江苏安全技术职业学院、四川现代职业学院、德阳科贸职业学院
340101,旅游管理,本科(职业),管理学学士,四年,旅游大类,旅游类,管理学原理、西方经济学、计算机基础与应用、沟通学、形体与礼仪、管理心理学、旅游学概论、旅游经济学、旅游地理学、旅游消费者行为,rysxai_major_course,,复旦大学、中山大学、四川大学、南开大学、厦门大学,头部/强研究型：核心课不一定换名称，但会加深数学/理论和研究训练，重点看理论深度、科研训练、交叉前沿、学术写作；样例：复旦大学、中山大学、四川大学、南开大学、厦门大学,江西财经大学、浙江工商大学、山东师范大学、广州大学、青岛大学,区域重点/特色优势：核心课保持完整，通常叠加地方产业、行业场景、实验项目和专业方向模块；样例：江西财经大学、浙江工商大学、山东师范大学、广州大学、青岛大学,湘南学院、许昌学院、重庆第二师范学院、黄淮学院、怀化学院,普通应用/职业供给：更强调岗位技能、项目实训、证书衔接、综合实践，课程呈现更实训化、工具化；样例：湘南学院、许昌学院、重庆第二师范学院、黄淮学院、怀化学院
340102,酒店管理,本科(职业),管理学学士,四年,旅游大类,旅游类,酒店管理概论、旅游学概论、住宿餐饮业、酒店法律法规、旅游法规、中西饮食文化、酒店人力资源管理、酒店前台与客房管理、食品营养与卫生控制、餐饮经营管理,rysxai_major_course,,中山大学、暨南大学、华南师范大学、海南大学、湖南师范大学,头部/强研究型：核心课不一定换名称，但会加深数学/理论和研究训练，重点看理论深度、科研训练、交叉前沿、学术写作；样例：中山大学、暨南大学、华南师范大学、海南大学、湖南师范大学,浙江工商大学、昆明理工大学、上海师范大学、华侨大学、广西师范大学,区域重点/特色优势：核心课保持完整，通常叠加地方产业、行业场景、实验项目和专业方向模块；样例：浙江工商大学、昆明理工大学、上海师范大学、华侨大学、广西师范大学,洛阳理工学院、江苏第二师范学院、六盘水师范学院、重庆第二师范学院、怀化学院,普通应用/职业供给：更强调岗位技能、项目实训、证书衔接、综合实践，课程呈现更实训化、工具化；样例：洛阳理工学院、江苏第二师范学院、六盘水师范学院、重庆第二师范学院、怀化学院
340103,旅游规划与设计,本科(职业),管理学学士,四年,旅游大类,旅游类,专业导论、专业核心理论、专业方法与工具、实验/实践课程、方向模块课程、课程设计、毕业论文/设计,category_template,未匹配rysxai课程文本,库内未命中,头部/强研究型：核心课不一定换名称，但会加深数学/理论和研究训练，重点看理论深度、科研训练、交叉前沿、学术写作；样例：库内未命中该层次开设样例,库内未命中,区域重点/特色优势：核心课保持完整，通常叠加地方产业、行业场景、实验项目和专业方向模块；样例：库内未命中该层次开设样例,山西工程科技职业大学、海南科技职业大学,普通应用/职业供给：更强调岗位技能、项目实训、证书衔接、综合实践，课程呈现更实训化、工具化；样例：山西工程科技职业大学、海南科技职业大学
340104,研学旅行策划与管理,本科(职业),管理学学士,四年,旅游大类,旅游类,专业导论、专业核心理论、专业方法与工具、实验/实践课程、方向模块课程、课程设计、毕业论文/设计,category_template,未匹配rysxai课程文本,库内未命中,头部/强研究型：核心课不一定换名称，但会加深数学/理论和研究训练，重点看理论深度、科研训练、交叉前沿、学术写作；样例：库内未命中该层次开设样例,库内未命中,区域重点/特色优势：核心课保持完整，通常叠加地方产业、行业场景、实验项目和专业方向模块；样例：库内未命中该层次开设样例,库内未命中,普通应用/职业供给：更强调岗位技能、项目实训、证书衔接、综合实践，课程呈现更实训化、工具化；样例：库内未命中该层次开设样例
340105,会展策划与管理,本科(职业),管理学学士,四年,旅游大类,旅游类,专业导论、专业核心理论、专业方法与工具、实验/实践课程、方向模块课程、课程设计、毕业论文/设计,category_template,rysxai课程文本未抽出课程名,库内未命中,头部/强研究型：核心课不一定换名称，但会加深数学/理论和研究训练，重点看理论深度、科研训练、交叉前沿、学术写作；样例：库内未命中该层次开设样例,上海第二工业大学、广东轻工职业技术大学、顺德职业技术大学、广州职业技术大学、北京城市学院,区域重点/特色优势：核心课保持完整，通常叠加地方产业、行业场景、实验项目和专业方向模块；样例：上海第二工业大学、广东轻工职业技术大学、顺德职业技术大学、广州职业技术大学、北京城市学院,武汉职业技术大学、苏州职业技术大学、河北石油职业技术大学、陕西农林职业技术大学、宁夏工商职业技术大学,普通应用/职业供给：更强调岗位技能、项目实训、证书衔接、综合实践，课程呈现更实训化、工具化；样例：武汉职业技术大学、苏州职业技术大学、河北石油职业技术大学、陕西农林职业技术大学、宁夏工商职业技术大学
340201,烹饪与餐饮管理,本科(职业),"管理学学士,工学学士",四年,旅游大类,餐饮类,专业导论、专业核心理论、专业方法与工具、实验/实践课程、方向模块课程、课程设计、毕业论文/设计,category_template,未匹配rysxai课程文本,库内未命中,头部/强研究型：核心课不一定换名称，但会加深数学/理论和研究训练，重点看理论深度、科研训练、交叉前沿、学术写作；样例：库内未命中该层次开设样例,四川轻化工大学、韩山师范学院,区域重点/特色优势：核心课保持完整，通常叠加地方产业、行业场景、实验项目和专业方向模块；样例：四川轻化工大学、韩山师范学院,四川旅游学院、上海中侨职业技术大学,普通应用/职业供给：更强调岗位技能、项目实训、证书衔接、综合实践，课程呈现更实训化、工具化；样例：四川旅游学院、上海中侨职业技术大学
390101,社会工作,本科(职业),法学学士,四年,公共管理与服务大类,公共事业类,社会人类学、社会转型与公共治理、社会学、社区概论、西方社会学、国外社会学理论、社会工作、社会学概论、社会工作导论、社会工作概论,rysxai_major_course,,北京大学、复旦大学、南京大学、华中科技大学、北京理工大学,头部/强研究型：核心课不一定换名称，但会加深数学/理论和研究训练，重点看理论深度、科研训练、交叉前沿、学术写作；样例：北京大学、复旦大学、南京大学、华中科技大学、北京理工大学,江西财经大学、浙江工商大学、浙江理工大学、首都经济贸易大学、杭州师范大学,区域重点/特色优势：核心课保持完整，通常叠加地方产业、行业场景、实验项目和专业方向模块；样例：江西财经大学、浙江工商大学、浙江理工大学、首都经济贸易大学、杭州师范大学,湘南学院、商丘师范学院、怀化学院、齐鲁师范学院、廊坊师范学院,普通应用/职业供给：更强调岗位技能、项目实训、证书衔接、综合实践，课程呈现更实训化、工具化；样例：湘南学院、商丘师范学院、怀化学院、齐鲁师范学院、廊坊师范学院
390102,党务工作,本科(职业),法学学士,四年,公共管理与服务大类,公共事业类,专业导论、专业核心理论、专业方法与工具、实验/实践课程、方向模块课程、课程设计、毕业论文/设计,category_template,rysxai课程文本未抽出课程名,库内未命中,头部/强研究型：核心课不一定换名称，但会加深数学/理论和研究训练，重点看理论深度、科研训练、交叉前沿、学术写作；样例：库内未命中该层次开设样例,贵州工业职业技术学院,区域重点/特色优势：核心课保持完整，通常叠加地方产业、行业场景、实验项目和专业方向模块；样例：贵州工业职业技术学院,山东青年政治学院、甘肃警察学院、安徽职业技术大学、芜湖职业技术大学、潍坊理工学院,普通应用/职业供给：更强调岗位技能、项目实训、证书衔接、综合实践，课程呈现更实训化、工具化；样例：山东青年政治学院、甘肃警察学院、安徽职业技术大学、芜湖职业技术大学、潍坊理工学院
390103,智慧社区管理,本科(职业),管理学学士,四年,公共管理与服务大类,公共事业类,专业导论、专业核心理论、专业方法与工具、实验/实践课程、方向模块课程、课程设计、毕业论文/设计,category_template,未匹配rysxai课程文本,库内未命中,头部/强研究型：核心课不一定换名称，但会加深数学/理论和研究训练，重点看理论深度、科研训练、交叉前沿、学术写作；样例：库内未命中该层次开设样例,库内未命中,区域重点/特色优势：核心课保持完整，通常叠加地方产业、行业场景、实验项目和专业方向模块；样例：库内未命中该层次开设样例,山东青年政治学院,普通应用/职业供给：更强调岗位技能、项目实训、证书衔接、综合实践，课程呈现更实训化、工具化；样例：山东青年政治学院
390104,慈善管理,本科(职业),管理学学士,四年,公共管理与服务大类,公共事业类,思想道德与法治、慈善学概论、社会学概论、公共管理学、慈善项目管理、慈善筹款与营销、慈善政策与法规、慈善组织管理、慈善项目策划实训、慈善筹款模拟实践,rysxai_major_course,,南京工业大学,头部/强研究型：核心课不一定换名称，但会加深数学/理论和研究训练，重点看理论深度、科研训练、交叉前沿、学术写作；样例：南京工业大学,浙江工商大学、山东工商学院,区域重点/特色优势：核心课保持完整，通常叠加地方产业、行业场景、实验项目和专业方向模块；样例：浙江工商大学、山东工商学院,南京工业大学浦江学院,普通应用/职业供给：更强调岗位技能、项目实训、证书衔接、综合实践，课程呈现更实训化、工具化；样例：南京工业大学浦江学院
390201,民政管理,本科(职业),管理学学士,四年,公共管理与服务大类,公共管理类,管理学、公共管理学、公共政策分析、行政法、公共经济学、社会调查方法、电子政务、绩效管理,category_template,未匹配rysxai课程文本,库内未命中,头部/强研究型：核心课不一定换名称，但会加深数学/理论和研究训练，重点看理论深度、科研训练、交叉前沿、学术写作；样例：库内未命中该层次开设样例,库内未命中,区域重点/特色优势：核心课保持完整，通常叠加地方产业、行业场景、实验项目和专业方向模块；样例：库内未命中该层次开设样例,库内未命中,普通应用/职业供给：更强调岗位技能、项目实训、证书衔接、综合实践，课程呈现更实训化、工具化；样例：库内未命中该层次开设样例
390202,人力资源管理,本科(职业),管理学学士,四年,公共管理与服务大类,公共管理类,管理学原理、微观经济学、宏观经济学、统计学、管理学、组织行为学、管理沟通、劳动经济学、现代企业制度、公司组织与管理,rysxai_major_course,,上海交通大学、武汉大学、四川大学、中国人民大学、北京师范大学,头部/强研究型：核心课不一定换名称，但会加深数学/理论和研究训练，重点看理论深度、科研训练、交叉前沿、学术写作；样例：上海交通大学、武汉大学、四川大学、中国人民大学、北京师范大学,江西财经大学、浙江工商大学、西交利物浦大学、西安理工大学、浙江理工大学,区域重点/特色优势：核心课保持完整，通常叠加地方产业、行业场景、实验项目和专业方向模块；样例：江西财经大学、浙江工商大学、西交利物浦大学、西安理工大学、浙江理工大学,周口师范学院、浙江水利水电学院、湘南学院、许昌学院、河南工程学院,普通应用/职业供给：更强调岗位技能、项目实训、证书衔接、综合实践，课程呈现更实训化、工具化；样例：周口师范学院、浙江水利水电学院、湘南学院、许昌学院、河南工程学院
390203,行政管理,本科(职业),管理学学士,四年,公共管理与服务大类,公共管理类,管理学原理、政治学原理、法学概论、社会学导论、宏观经济学、微观经济学、财政金融学、公共行政学、当代中国公共行政、现代政府理论,rysxai_major_course,,清华大学、北京大学、浙江大学、上海交通大学、复旦大学,头部/强研究型：核心课不一定换名称，但会加深数学/理论和研究训练，重点看理论深度、科研训练、交叉前沿、学术写作；样例：清华大学、北京大学、浙江大学、上海交通大学、复旦大学,江西财经大学、浙江工商大学、山东师范大学、广州大学、青岛大学,区域重点/特色优势：核心课保持完整，通常叠加地方产业、行业场景、实验项目和专业方向模块；样例：江西财经大学、浙江工商大学、山东师范大学、广州大学、青岛大学,河南工程学院、济宁学院、宿迁学院、保山学院、四川文理学院,普通应用/职业供给：更强调岗位技能、项目实训、证书衔接、综合实践，课程呈现更实训化、工具化；样例：河南工程学院、济宁学院、宿迁学院、保山学院、四川文理学院
390204,外事实务,本科(职业),管理学学士,四年,公共管理与服务大类,公共管理类,管理学、公共管理学、公共政策分析、行政法、公共经济学、社会调查方法、电子政务、绩效管理,category_template,未匹配rysxai课程文本,库内未命中,头部/强研究型：核心课不一定换名称，但会加深数学/理论和研究训练，重点看理论深度、科研训练、交叉前沿、学术写作；样例：库内未命中该层次开设样例,库内未命中,区域重点/特色优势：核心课保持完整，通常叠加地方产业、行业场景、实验项目和专业方向模块；样例：库内未命中该层次开设样例,山东外事职业大学,普通应用/职业供给：更强调岗位技能、项目实训、证书衔接、综合实践，课程呈现更实训化、工具化；样例：山东外事职业大学
390205,婚姻服务与管理,本科(职业),管理学学士,四年,公共管理与服务大类,公共管理类,管理学、公共管理学、公共政策分析、行政法、公共经济学、社会调查方法、电子政务、绩效管理,category_template,未匹配rysxai课程文本,库内未命中,头部/强研究型：核心课不一定换名称，但会加深数学/理论和研究训练，重点看理论深度、科研训练、交叉前沿、学术写作；样例：库内未命中该层次开设样例,库内未命中,区域重点/特色优势：核心课保持完整，通常叠加地方产业、行业场景、实验项目和专业方向模块；样例：库内未命中该层次开设样例,民政职业大学,普通应用/职业供给：更强调岗位技能、项目实训、证书衔接、综合实践，课程呈现更实训化、工具化；样例：民政职业大学
390206,标准化技术,本科(职业),"管理学学士,法学学士",四年,公共管理与服务大类,公共管理类,管理学、公共管理学、公共政策分析、行政法、公共经济学、社会调查方法、电子政务、绩效管理,category_template,rysxai课程文本未抽出课程名,库内未命中,头部/强研究型：核心课不一定换名称，但会加深数学/理论和研究训练，重点看理论深度、科研训练、交叉前沿、学术写作；样例：库内未命中该层次开设样例,库内未命中,区域重点/特色优势：核心课保持完整，通常叠加地方产业、行业场景、实验项目和专业方向模块；样例：库内未命中该层次开设样例,潍坊理工学院、山东理工职业学院、河南质量工程职业学院、嵩山少林武术职业学院,普通应用/职业供给：更强调岗位技能、项目实训、证书衔接、综合实践，课程呈现更实训化、工具化；样例：潍坊理工学院、山东理工职业学院、河南质量工程职业学院、嵩山少林武术职业学院
390301,现代家政管理,本科(职业),管理学学士,四年,公共管理与服务大类,公共服务类,专业导论、专业核心理论、专业方法与工具、实验/实践课程、方向模块课程、课程设计、毕业论文/设计,category_template,未匹配rysxai课程文本,库内未命中,头部/强研究型：核心课不一定换名称，但会加深数学/理论和研究训练，重点看理论深度、科研训练、交叉前沿、学术写作；样例：库内未命中该层次开设样例,库内未命中,区域重点/特色优势：核心课保持完整，通常叠加地方产业、行业场景、实验项目和专业方向模块；样例：库内未命中该层次开设样例,贵阳康养职业大学、河北工业职业技术大学,普通应用/职业供给：更强调岗位技能、项目实训、证书衔接、综合实践，课程呈现更实训化、工具化；样例：贵阳康养职业大学、河北工业职业技术大学
390302,智慧健康养老管理,本科(职业),管理学学士,四年,公共管理与服务大类,公共服务类,专业导论、专业核心理论、专业方法与工具、实验/实践课程、方向模块课程、课程设计、毕业论文/设计,category_template,未匹配rysxai课程文本,库内未命中,头部/强研究型：核心课不一定换名称，但会加深数学/理论和研究训练，重点看理论深度、科研训练、交叉前沿、学术写作；样例：库内未命中该层次开设样例,吉林体育学院,区域重点/特色优势：核心课保持完整，通常叠加地方产业、行业场景、实验项目和专业方向模块；样例：吉林体育学院,山东青年政治学院、民政职业大学、贵阳康养职业大学、浙江药科职业大学、运城职业技术大学,普通应用/职业供给：更强调岗位技能、项目实训、证书衔接、综合实践，课程呈现更实训化、工具化；样例：山东青年政治学院、民政职业大学、贵阳康养职业大学、浙江药科职业大学、运城职业技术大学
390303,现代殡葬管理,本科(职业),管理学学士,四年,公共管理与服务大类,公共服务类,专业导论、专业核心理论、专业方法与工具、实验/实践课程、方向模块课程、课程设计、毕业论文/设计,category_template,未匹配rysxai课程文本,库内未命中,头部/强研究型：核心课不一定换名称，但会加深数学/理论和研究训练，重点看理论深度、科研训练、交叉前沿、学术写作；样例：库内未命中该层次开设样例,库内未命中,区域重点/特色优势：核心课保持完整，通常叠加地方产业、行业场景、实验项目和专业方向模块；样例：库内未命中该层次开设样例,民政职业大学,普通应用/职业供给：更强调岗位技能、项目实训、证书衔接、综合实践，课程呈现更实训化、工具化；样例：民政职业大学
390304,安宁照护服务与管理,本科(职业),管理学学士,,公共管理与服务大类,公共服务类,专业导论、专业核心理论、专业方法与工具、实验/实践课程、方向模块课程、课程设计、毕业论文/设计,category_template,未匹配rysxai课程文本,库内未命中,头部/强研究型：核心课不一定换名称，但会加深数学/理论和研究训练，重点看理论深度、科研训练、交叉前沿、学术写作；样例：库内未命中该层次开设样例,库内未命中,区域重点/特色优势：核心课保持完整，通常叠加地方产业、行业场景、实验项目和专业方向模块；样例：库内未命中该层次开设样例,库内未命中,普通应用/职业供给：更强调岗位技能、项目实训、证书衔接、综合实践，课程呈现更实训化、工具化；样例：库内未命中该层次开设样例
390401,现代文秘,本科(职业),管理学学士,四年,公共管理与服务大类,文秘类,专业导论、专业核心理论、专业方法与工具、实验/实践课程、方向模块课程、课程设计、毕业论文/设计,category_template,rysxai课程文本未抽出课程名,内蒙古大学,头部/强研究型：核心课不一定换名称，但会加深数学/理论和研究训练，重点看理论深度、科研训练、交叉前沿、学术写作；样例：内蒙古大学,深圳信息职业技术大学、曲靖健康医学院、呼和浩特民族学院、昌吉学院、浙江树人学院,区域重点/特色优势：核心课保持完整，通常叠加地方产业、行业场景、实验项目和专业方向模块；样例：深圳信息职业技术大学、曲靖健康医学院、呼和浩特民族学院、昌吉学院、浙江树人学院,济宁学院、广西职业师范学院、桂林旅游学院、菏泽学院、郑州工程技术学院,普通应用/职业供给：更强调岗位技能、项目实训、证书衔接、综合实践，课程呈现更实训化、工具化；样例：济宁学院、广西职业师范学院、桂林旅游学院、菏泽学院、郑州工程技术学院
590101,社会工作,专科(高职),,三年,公共管理与服务大类,公共事业类,专业导论、岗位基础技能、专业核心技术、设备/软件操作、项目实训、职业规范、综合实训、顶岗实习,category_template,rysxai课程文本未抽出课程名,北京大学、复旦大学、南京大学、华中科技大学、北京理工大学,头部/强研究型：核心课不一定换名称，但会加深数学/理论和研究训练，重点看理论深度、科研训练、交叉前沿、学术写作；样例：北京大学、复旦大学、南京大学、华中科技大学、北京理工大学,江西财经大学、浙江工商大学、浙江理工大学、首都经济贸易大学、杭州师范大学,区域重点/特色优势：核心课保持完整，通常叠加地方产业、行业场景、实验项目和专业方向模块；样例：江西财经大学、浙江工商大学、浙江理工大学、首都经济贸易大学、杭州师范大学,湘南学院、商丘师范学院、怀化学院、齐鲁师范学院、廊坊师范学院,普通应用/职业供给：更强调岗位技能、项目实训、证书衔接、综合实践，课程呈现更实训化、工具化；样例：湘南学院、商丘师范学院、怀化学院、齐鲁师范学院、廊坊师范学院
590102,党务工作,专科(高职),,三年,公共管理与服务大类,公共事业类,专业导论、岗位基础技能、专业核心技术、设备/软件操作、项目实训、职业规范、综合实训、顶岗实习,category_template,rysxai课程文本未抽出课程名,库内未命中,头部/强研究型：核心课不一定换名称，但会加深数学/理论和研究训练，重点看理论深度、科研训练、交叉前沿、学术写作；样例：库内未命中该层次开设样例,贵州工业职业技术学院,区域重点/特色优势：核心课保持完整，通常叠加地方产业、行业场景、实验项目和专业方向模块；样例：贵州工业职业技术学院,山东青年政治学院、甘肃警察学院、安徽职业技术大学、芜湖职业技术大学、潍坊理工学院,普通应用/职业供给：更强调岗位技能、项目实训、证书衔接、综合实践，课程呈现更实训化、工具化；样例：山东青年政治学院、甘肃警察学院、安徽职业技术大学、芜湖职业技术大学、潍坊理工学院
590103,青少年工作与管理,专科(高职),,三年,公共管理与服务大类,公共事业类,专业导论、岗位基础技能、专业核心技术、设备/软件操作、项目实训、职业规范、综合实训、顶岗实习,category_template,rysxai课程文本未抽出课程名,库内未命中,头部/强研究型：核心课不一定换名称，但会加深数学/理论和研究训练，重点看理论深度、科研训练、交叉前沿、学术写作；样例：库内未命中该层次开设样例,武汉铁路职业技术学院,区域重点/特色优势：核心课保持完整，通常叠加地方产业、行业场景、实验项目和专业方向模块；样例：武汉铁路职业技术学院,连云港师范学院、北京青年政治学院、广东行政职业学院、江西青年职业学院、湖北青年职业学院,普通应用/职业供给：更强调岗位技能、项目实训、证书衔接、综合实践，课程呈现更实训化、工具化；样例：连云港师范学院、北京青年政治学院、广东行政职业学院、江西青年职业学院、湖北青年职业学院
590104,社区管理与服务,专科(高职),,三年,公共管理与服务大类,公共事业类,专业导论、岗位基础技能、专业核心技术、设备/软件操作、项目实训、职业规范、综合实训、顶岗实习,category_template,rysxai课程文本未抽出课程名,内蒙古大学,头部/强研究型：核心课不一定换名称，但会加深数学/理论和研究训练，重点看理论深度、科研训练、交叉前沿、学术写作；样例：内蒙古大学,深圳职业技术大学、海南热带海洋学院、云南能源职业技术学院、天津渤海职业技术学院、长沙民政职业技术学院,区域重点/特色优势：核心课保持完整，通常叠加地方产业、行业场景、实验项目和专业方向模块；样例：深圳职业技术大学、海南热带海洋学院、云南能源职业技术学院、天津渤海职业技术学院、长沙民政职业技术学院,民政职业大学、四川工程职业技术大学、长春职业技术大学、乌鲁木齐职业大学、安徽职业技术大学,普通应用/职业供给：更强调岗位技能、项目实训、证书衔接、综合实践，课程呈现更实训化、工具化；样例：民政职业大学、四川工程职业技术大学、长春职业技术大学、乌鲁木齐职业大学、安徽职业技术大学
590105,公共关系,专科(高职),,三年,公共管理与服务大类,公共事业类,专业导论、岗位基础技能、专业核心技术、设备/软件操作、项目实训、职业规范、综合实训、顶岗实习,category_template,rysxai课程文本未抽出课程名,库内未命中,头部/强研究型：核心课不一定换名称，但会加深数学/理论和研究训练，重点看理论深度、科研训练、交叉前沿、学术写作；样例：库内未命中该层次开设样例,库内未命中,区域重点/特色优势：核心课保持完整，通常叠加地方产业、行业场景、实验项目和专业方向模块；样例：库内未命中该层次开设样例,黑龙江民族职业学院,普通应用/职业供给：更强调岗位技能、项目实训、证书衔接、综合实践，课程呈现更实训化、工具化；样例：黑龙江民族职业学院
590106,公益慈善事业管理,专科(高职),,三年,公共管理与服务大类,公共事业类,专业导论、岗位基础技能、专业核心技术、设备/软件操作、项目实训、职业规范、综合实训、顶岗实习,category_template,rysxai课程文本未抽出课程名,库内未命中,头部/强研究型：核心课不一定换名称，但会加深数学/理论和研究训练，重点看理论深度、科研训练、交叉前沿、学术写作；样例：库内未命中该层次开设样例,库内未命中,区域重点/特色优势：核心课保持完整，通常叠加地方产业、行业场景、实验项目和专业方向模块；样例：库内未命中该层次开设样例,民政职业大学、安徽职业技术大学,普通应用/职业供给：更强调岗位技能、项目实训、证书衔接、综合实践，课程呈现更实训化、工具化；样例：民政职业大学、安徽职业技术大学
590107,政务服务,专科(高职),,,公共管理与服务大类,公共事业类,‌政务服务的学习内容主要包括、‌政策法规‌、业务知识、实际操作技能等、专业导论、岗位基础技能、专业核心技术、设备/软件操作、项目实训、职业规范,local_edu_major_course_or_learn_what+category_template,rysxai课程文本未抽出课程名,库内未命中,头部/强研究型：核心课不一定换名称，但会加深数学/理论和研究训练，重点看理论深度、科研训练、交叉前沿、学术写作；样例：库内未命中该层次开设样例,库内未命中,区域重点/特色优势：核心课保持完整，通常叠加地方产业、行业场景、实验项目和专业方向模块；样例：库内未命中该层次开设样例,山东轻工职业学院,普通应用/职业供给：更强调岗位技能、项目实训、证书衔接、综合实践，课程呈现更实训化、工具化；样例：山东轻工职业学院
590201,民政服务与管理,专科(高职),,三年,公共管理与服务大类,公共管理类,管理学、公共管理学、公共政策分析、行政法、公共经济学、社会调查方法、电子政务、绩效管理,category_template,rysxai课程文本未抽出课程名,库内未命中,头部/强研究型：核心课不一定换名称，但会加深数学/理论和研究训练，重点看理论深度、科研训练、交叉前沿、学术写作；样例：库内未命中该层次开设样例,河南理工大学、长沙民政职业技术学院,区域重点/特色优势：核心课保持完整，通常叠加地方产业、行业场景、实验项目和专业方向模块；样例：河南理工大学、长沙民政职业技术学院,民政职业大学、新疆农业职业技术大学、和田职业技术学院、武汉民政职业学院、重庆城市管理职业学院,普通应用/职业供给：更强调岗位技能、项目实训、证书衔接、综合实践，课程呈现更实训化、工具化；样例：民政职业大学、新疆农业职业技术大学、和田职业技术学院、武汉民政职业学院、重庆城市管理职业学院
590202,人力资源管理,专科(高职),,三年,公共管理与服务大类,公共管理类,管理学、公共管理学、公共政策分析、行政法、公共经济学、社会调查方法、电子政务、绩效管理,category_template,rysxai课程文本未抽出课程名,上海交通大学、武汉大学、四川大学、中国人民大学、北京师范大学,头部/强研究型：核心课不一定换名称，但会加深数学/理论和研究训练，重点看理论深度、科研训练、交叉前沿、学术写作；样例：上海交通大学、武汉大学、四川大学、中国人民大学、北京师范大学,江西财经大学、浙江工商大学、西交利物浦大学、西安理工大学、浙江理工大学,区域重点/特色优势：核心课保持完整，通常叠加地方产业、行业场景、实验项目和专业方向模块；样例：江西财经大学、浙江工商大学、西交利物浦大学、西安理工大学、浙江理工大学,周口师范学院、浙江水利水电学院、湘南学院、许昌学院、河南工程学院,普通应用/职业供给：更强调岗位技能、项目实训、证书衔接、综合实践，课程呈现更实训化、工具化；样例：周口师范学院、浙江水利水电学院、湘南学院、许昌学院、河南工程学院
590203,劳动与社会保障,专科(高职),,三年,公共管理与服务大类,公共管理类,管理学、公共管理学、公共政策分析、行政法、公共经济学、社会调查方法、电子政务、绩效管理,category_template,rysxai课程文本未抽出课程名,浙江大学、南京大学、武汉大学、西安交通大学、东南大学,头部/强研究型：核心课不一定换名称，但会加深数学/理论和研究训练，重点看理论深度、科研训练、交叉前沿、学术写作；样例：浙江大学、南京大学、武汉大学、西安交通大学、东南大学,江西财经大学、山东师范大学、首都经济贸易大学、福建农林大学、安徽医科大学,区域重点/特色优势：核心课保持完整，通常叠加地方产业、行业场景、实验项目和专业方向模块；样例：江西财经大学、山东师范大学、首都经济贸易大学、福建农林大学、安徽医科大学,南京特殊教育师范学院、宿迁学院、山东管理学院、哈尔滨金融学院、菏泽学院,普通应用/职业供给：更强调岗位技能、项目实训、证书衔接、综合实践，课程呈现更实训化、工具化；样例：南京特殊教育师范学院、宿迁学院、山东管理学院、哈尔滨金融学院、菏泽学院
590204,网络舆情监测,专科(高职),,三年,公共管理与服务大类,公共管理类,管理学、公共管理学、公共政策分析、行政法、公共经济学、社会调查方法、电子政务、绩效管理,category_template,rysxai课程文本未抽出课程名,库内未命中,头部/强研究型：核心课不一定换名称，但会加深数学/理论和研究训练，重点看理论深度、科研训练、交叉前沿、学术写作；样例：库内未命中该层次开设样例,库内未命中,区域重点/特色优势：核心课保持完整，通常叠加地方产业、行业场景、实验项目和专业方向模块；样例：库内未命中该层次开设样例,甘肃警察学院、银川科技学院、云南特殊教育职业学院、四川文化产业职业学院、广东行政职业学院,普通应用/职业供给：更强调岗位技能、项目实训、证书衔接、综合实践，课程呈现更实训化、工具化；样例：甘肃警察学院、银川科技学院、云南特殊教育职业学院、四川文化产业职业学院、广东行政职业学院
590205,公共事务管理,专科(高职),,三年,公共管理与服务大类,公共管理类,管理学、公共管理学、公共政策分析、行政法、公共经济学、社会调查方法、电子政务、绩效管理,category_template,rysxai课程文本未抽出课程名,库内未命中,头部/强研究型：核心课不一定换名称，但会加深数学/理论和研究训练，重点看理论深度、科研训练、交叉前沿、学术写作；样例：库内未命中该层次开设样例,北京劳动保障职业学院,区域重点/特色优势：核心课保持完整，通常叠加地方产业、行业场景、实验项目和专业方向模块；样例：北京劳动保障职业学院,江西飞行学院、四川电影电视学院、三门峡社会管理职业学院、山东城市建设职业学院、广东理工职业学院,普通应用/职业供给：更强调岗位技能、项目实训、证书衔接、综合实践，课程呈现更实训化、工具化；样例：江西飞行学院、四川电影电视学院、三门峡社会管理职业学院、山东城市建设职业学院、广东理工职业学院
590206,行政管理,专科(高职),,三年,公共管理与服务大类,公共管理类,管理学、公共管理学、公共政策分析、行政法、公共经济学、社会调查方法、电子政务、绩效管理,category_template,rysxai课程文本未抽出课程名,清华大学、北京大学、浙江大学、上海交通大学、复旦大学,头部/强研究型：核心课不一定换名称，但会加深数学/理论和研究训练，重点看理论深度、科研训练、交叉前沿、学术写作；样例：清华大学、北京大学、浙江大学、上海交通大学、复旦大学,江西财经大学、浙江工商大学、山东师范大学、广州大学、青岛大学,区域重点/特色优势：核心课保持完整，通常叠加地方产业、行业场景、实验项目和专业方向模块；样例：江西财经大学、浙江工商大学、山东师范大学、广州大学、青岛大学,河南工程学院、济宁学院、宿迁学院、保山学院、四川文理学院,普通应用/职业供给：更强调岗位技能、项目实训、证书衔接、综合实践，课程呈现更实训化、工具化；样例：河南工程学院、济宁学院、宿迁学院、保山学院、四川文理学院
590207,质量管理与认证,专科(高职),,三年,公共管理与服务大类,公共管理类,管理学、公共管理学、公共政策分析、行政法、公共经济学、社会调查方法、电子政务、绩效管理,category_template,rysxai课程文本未抽出课程名,库内未命中,头部/强研究型：核心课不一定换名称，但会加深数学/理论和研究训练，重点看理论深度、科研训练、交叉前沿、学术写作；样例：库内未命中该层次开设样例,海口经济学院、南京信息职业技术学院、安徽机电职业技术学院,区域重点/特色优势：核心课保持完整，通常叠加地方产业、行业场景、实验项目和专业方向模块；样例：海口经济学院、南京信息职业技术学院、安徽机电职业技术学院,山东理工职业学院、山东药品食品职业学院、常州工程职业技术学院、广西质量工程职业技术学院、河南质量工程职业学院,普通应用/职业供给：更强调岗位技能、项目实训、证书衔接、综合实践，课程呈现更实训化、工具化；样例：山东理工职业学院、山东药品食品职业学院、常州工程职业技术学院、广西质量工程职业技术学院、河南质量工程职业学院
590208,知识产权管理,专科(高职),,三年,公共管理与服务大类,公共管理类,管理学、公共管理学、公共政策分析、行政法、公共经济学、社会调查方法、电子政务、绩效管理,category_template,rysxai课程文本未抽出课程名,库内未命中,头部/强研究型：核心课不一定换名称，但会加深数学/理论和研究训练，重点看理论深度、科研训练、交叉前沿、学术写作；样例：库内未命中该层次开设样例,东营职业学院、山东商业职业技术学院,区域重点/特色优势：核心课保持完整，通常叠加地方产业、行业场景、实验项目和专业方向模块；样例：东营职业学院、山东商业职业技术学院,北京政法职业学院、安徽警官职业学院、山东理工职业学院、广西国际商务职业技术学院、河北政法职业学院,普通应用/职业供给：更强调岗位技能、项目实训、证书衔接、综合实践，课程呈现更实训化、工具化；样例：北京政法职业学院、安徽警官职业学院、山东理工职业学院、广西国际商务职业技术学院、河北政法职业学院
590209,职业指导与服务,专科(高职),,三年,公共管理与服务大类,公共管理类,管理学、公共管理学、公共政策分析、行政法、公共经济学、社会调查方法、电子政务、绩效管理,category_template,rysxai课程文本未抽出课程名,库内未命中,头部/强研究型：核心课不一定换名称，但会加深数学/理论和研究训练，重点看理论深度、科研训练、交叉前沿、学术写作；样例：库内未命中该层次开设样例,北京劳动保障职业学院,区域重点/特色优势：核心课保持完整，通常叠加地方产业、行业场景、实验项目和专业方向模块；样例：北京劳动保障职业学院,山东劳动职业技术学院、广西工商职业技术学院,普通应用/职业供给：更强调岗位技能、项目实训、证书衔接、综合实践，课程呈现更实训化、工具化；样例：山东劳动职业技术学院、广西工商职业技术学院
590210,标准化技术,专科(高职),,三年,公共管理与服务大类,公共管理类,标准化基础》、《标准化方法》、《标准化实务》、《标准应用》、《标准监督》、《产品标准化》、《服务标准化》、《管理体系标准化》等、管理学、公共管理学,local_edu_major_course_or_learn_what,rysxai课程文本未抽出课程名,库内未命中,头部/强研究型：核心课不一定换名称，但会加深数学/理论和研究训练，重点看理论深度、科研训练、交叉前沿、学术写作；样例：库内未命中该层次开设样例,库内未命中,区域重点/特色优势：核心课保持完整，通常叠加地方产业、行业场景、实验项目和专业方向模块；样例：库内未命中该层次开设样例,潍坊理工学院、山东理工职业学院、河南质量工程职业学院、嵩山少林武术职业学院,普通应用/职业供给：更强调岗位技能、项目实训、证书衔接、综合实践，课程呈现更实训化、工具化；样例：潍坊理工学院、山东理工职业学院、河南质量工程职业学院、嵩山少林武术职业学院
590211,检验检测技术与管理,专科(高职),,三年,公共管理与服务大类,公共管理类,管理学、公共管理学、公共政策分析、行政法、公共经济学、社会调查方法、电子政务、绩效管理,category_template,rysxai课程文本未抽出课程名,库内未命中,头部/强研究型：核心课不一定换名称，但会加深数学/理论和研究训练，重点看理论深度、科研训练、交叉前沿、学术写作；样例：库内未命中该层次开设样例,库内未命中,区域重点/特色优势：核心课保持完整，通常叠加地方产业、行业场景、实验项目和专业方向模块；样例：库内未命中该层次开设样例,杭州职业技术大学、重庆能源职业学院,普通应用/职业供给：更强调岗位技能、项目实训、证书衔接、综合实践，课程呈现更实训化、工具化；样例：杭州职业技术大学、重庆能源职业学院
590212,储备物资储藏与管理,专科(高职),,三年,公共管理与服务大类,公共管理类,物资储存技术、仓储管理、物流配送、质量检测、应急管理等、管理学、公共管理学、公共政策分析、行政法、公共经济学,local_edu_major_course_or_learn_what,rysxai课程文本未抽出课程名,库内未命中,头部/强研究型：核心课不一定换名称，但会加深数学/理论和研究训练，重点看理论深度、科研训练、交叉前沿、学术写作；样例：库内未命中该层次开设样例,库内未命中,区域重点/特色优势：核心课保持完整，通常叠加地方产业、行业场景、实验项目和专业方向模块；样例：库内未命中该层次开设样例,山东商务职业学院、广西工商职业技术学院,普通应用/职业供给：更强调岗位技能、项目实训、证书衔接、综合实践，课程呈现更实训化、工具化；样例：山东商务职业学院、广西工商职业技术学院
590213,劳动关系管理与服务,专科(高职),,三年,公共管理与服务大类,公共管理类,管理学、公共管理学、公共政策分析、行政法、公共经济学、社会调查方法、电子政务、绩效管理,category_template,未匹配rysxai课程文本,库内未命中,头部/强研究型：核心课不一定换名称，但会加深数学/理论和研究训练，重点看理论深度、科研训练、交叉前沿、学术写作；样例：库内未命中该层次开设样例,库内未命中,区域重点/特色优势：核心课保持完整，通常叠加地方产业、行业场景、实验项目和专业方向模块；样例：库内未命中该层次开设样例,库内未命中,普通应用/职业供给：更强调岗位技能、项目实训、证书衔接、综合实践，课程呈现更实训化、工具化；样例：库内未命中该层次开设样例
590301,现代家政服务与管理,专科(高职),,三年,公共管理与服务大类,公共服务类,专业导论、岗位基础技能、专业核心技术、设备/软件操作、项目实训、职业规范、综合实训、顶岗实习,category_template,rysxai课程文本未抽出课程名,库内未命中,头部/强研究型：核心课不一定换名称，但会加深数学/理论和研究训练，重点看理论深度、科研训练、交叉前沿、学术写作；样例：库内未命中该层次开设样例,昌吉学院、郑州师范学院、北京劳动保障职业学院、安徽商贸职业技术学院、长沙民政职业技术学院,区域重点/特色优势：核心课保持完整，通常叠加地方产业、行业场景、实验项目和专业方向模块；样例：昌吉学院、郑州师范学院、北京劳动保障职业学院、安徽商贸职业技术学院、长沙民政职业技术学院,民政职业大学、贵阳康养职业大学、河北工业职业技术大学、西南财经大学天府学院、乌鲁木齐职业大学,普通应用/职业供给：更强调岗位技能、项目实训、证书衔接、综合实践，课程呈现更实训化、工具化；样例：民政职业大学、贵阳康养职业大学、河北工业职业技术大学、西南财经大学天府学院、乌鲁木齐职业大学
590302,智慧健康养老服务与管理,专科(高职),,三年,公共管理与服务大类,公共服务类,专业导论、岗位基础技能、专业核心技术、设备/软件操作、项目实训、职业规范、综合实训、顶岗实习,category_template,rysxai课程文本未抽出课程名,库内未命中,头部/强研究型：核心课不一定换名称，但会加深数学/理论和研究训练，重点看理论深度、科研训练、交叉前沿、学术写作；样例：库内未命中该层次开设样例,广西医科大学、深圳职业技术大学、河南理工大学、顺德职业技术大学、枣庄学院,区域重点/特色优势：核心课保持完整，通常叠加地方产业、行业场景、实验项目和专业方向模块；样例：广西医科大学、深圳职业技术大学、河南理工大学、顺德职业技术大学、枣庄学院,山东青年政治学院、民政职业大学、肇庆医学院、贵阳康养职业大学、唐山工业职业技术大学,普通应用/职业供给：更强调岗位技能、项目实训、证书衔接、综合实践，课程呈现更实训化、工具化；样例：山东青年政治学院、民政职业大学、肇庆医学院、贵阳康养职业大学、唐山工业职业技术大学
590303,社区康复,专科(高职),,三年,公共管理与服务大类,公共服务类,专业导论、岗位基础技能、专业核心技术、设备/软件操作、项目实训、职业规范、综合实训、顶岗实习,category_template,rysxai课程文本未抽出课程名,库内未命中,头部/强研究型：核心课不一定换名称，但会加深数学/理论和研究训练，重点看理论深度、科研训练、交叉前沿、学术写作；样例：库内未命中该层次开设样例,烟台南山学院、青岛港湾职业技术学院,区域重点/特色优势：核心课保持完整，通常叠加地方产业、行业场景、实验项目和专业方向模块；样例：烟台南山学院、青岛港湾职业技术学院,豫北医学院、西南财经大学天府学院、昆明城市学院、郑州健康学院、重庆机电职业技术大学,普通应用/职业供给：更强调岗位技能、项目实训、证书衔接、综合实践，课程呈现更实训化、工具化；样例：豫北医学院、西南财经大学天府学院、昆明城市学院、郑州健康学院、重庆机电职业技术大学
590304,婚庆服务与管理,专科(高职),,三年,公共管理与服务大类,公共服务类,专业导论、岗位基础技能、专业核心技术、设备/软件操作、项目实训、职业规范、综合实训、顶岗实习,category_template,rysxai课程文本未抽出课程名,库内未命中,头部/强研究型：核心课不一定换名称，但会加深数学/理论和研究训练，重点看理论深度、科研训练、交叉前沿、学术写作；样例：库内未命中该层次开设样例,长沙民政职业技术学院,区域重点/特色优势：核心课保持完整，通常叠加地方产业、行业场景、实验项目和专业方向模块；样例：长沙民政职业技术学院,民政职业大学、云南旅游职业学院、兰州职业技术学院、南京城市职业学院、四川文化产业职业学院,普通应用/职业供给：更强调岗位技能、项目实训、证书衔接、综合实践，课程呈现更实训化、工具化；样例：民政职业大学、云南旅游职业学院、兰州职业技术学院、南京城市职业学院、四川文化产业职业学院
590305,现代殡葬技术与管理,专科(高职),,三年,公共管理与服务大类,公共服务类,专业导论、岗位基础技能、专业核心技术、设备/软件操作、项目实训、职业规范、综合实训、顶岗实习,category_template,rysxai课程文本未抽出课程名,库内未命中,头部/强研究型：核心课不一定换名称，但会加深数学/理论和研究训练，重点看理论深度、科研训练、交叉前沿、学术写作；样例：库内未命中该层次开设样例,河南理工大学、长沙民政职业技术学院,区域重点/特色优势：核心课保持完整，通常叠加地方产业、行业场景、实验项目和专业方向模块；样例：河南理工大学、长沙民政职业技术学院,民政职业大学、三门峡社会管理职业学院、安徽城市管理职业学院、武汉民政职业学院、重庆城市管理职业学院,普通应用/职业供给：更强调岗位技能、项目实训、证书衔接、综合实践，课程呈现更实训化、工具化；样例：民政职业大学、三门峡社会管理职业学院、安徽城市管理职业学院、武汉民政职业学院、重庆城市管理职业学院
590306,殡葬设备维护技术,专科(高职),,三年,公共管理与服务大类,公共服务类,专业导论、岗位基础技能、专业核心技术、设备/软件操作、项目实训、职业规范、综合实训、顶岗实习,category_template,rysxai课程文本未抽出课程名,库内未命中,头部/强研究型：核心课不一定换名称，但会加深数学/理论和研究训练，重点看理论深度、科研训练、交叉前沿、学术写作；样例：库内未命中该层次开设样例,长沙民政职业技术学院,区域重点/特色优势：核心课保持完整，通常叠加地方产业、行业场景、实验项目和专业方向模块；样例：长沙民政职业技术学院,民政职业大学、硅湖职业技术学院,普通应用/职业供给：更强调岗位技能、项目实训、证书衔接、综合实践，课程呈现更实训化、工具化；样例：民政职业大学、硅湖职业技术学院
590307,陵园服务与管理,专科(高职),,三年,公共管理与服务大类,公共服务类,专业导论、岗位基础技能、专业核心技术、设备/软件操作、项目实训、职业规范、综合实训、顶岗实习,category_template,rysxai课程文本未抽出课程名,库内未命中,头部/强研究型：核心课不一定换名称，但会加深数学/理论和研究训练，重点看理论深度、科研训练、交叉前沿、学术写作；样例：库内未命中该层次开设样例,长沙民政职业技术学院,区域重点/特色优势：核心课保持完整，通常叠加地方产业、行业场景、实验项目和专业方向模块；样例：长沙民政职业技术学院,民政职业大学,普通应用/职业供给：更强调岗位技能、项目实训、证书衔接、综合实践，课程呈现更实训化、工具化；样例：民政职业大学
590401,现代文秘,专科(高职),,三年,公共管理与服务大类,文秘类,专业导论、岗位基础技能、专业核心技术、设备/软件操作、项目实训、职业规范、综合实训、顶岗实习,category_template,rysxai课程文本未抽出课程名,内蒙古大学,头部/强研究型：核心课不一定换名称，但会加深数学/理论和研究训练，重点看理论深度、科研训练、交叉前沿、学术写作；样例：内蒙古大学,深圳信息职业技术大学、曲靖健康医学院、呼和浩特民族学院、昌吉学院、浙江树人学院,区域重点/特色优势：核心课保持完整，通常叠加地方产业、行业场景、实验项目和专业方向模块；样例：深圳信息职业技术大学、曲靖健康医学院、呼和浩特民族学院、昌吉学院、浙江树人学院,济宁学院、广西职业师范学院、桂林旅游学院、菏泽学院、郑州工程技术学院,普通应用/职业供给：更强调岗位技能、项目实训、证书衔接、综合实践，课程呈现更实训化、工具化；样例：济宁学院、广西职业师范学院、桂林旅游学院、菏泽学院、郑州工程技术学院
270101,生物检验检测技术,本科(职业),理学学士,四年,生物与化工大类,生物技术类,专业导论、专业核心理论、专业方法与工具、实验/实践课程、方向模块课程、课程设计、毕业论文/设计,category_template,未匹配rysxai课程文本,库内未命中,头部/强研究型：核心课不一定换名称，但会加深数学/理论和研究训练，重点看理论深度、科研训练、交叉前沿、学术写作；样例：库内未命中该层次开设样例,井冈山大学,区域重点/特色优势：核心课保持完整，通常叠加地方产业、行业场景、实验项目和专业方向模块；样例：井冈山大学,武汉职业技术大学、呼和浩特职业技术大学,普通应用/职业供给：更强调岗位技能、项目实训、证书衔接、综合实践，课程呈现更实训化、工具化；样例：武汉职业技术大学、呼和浩特职业技术大学
270102,合成生物技术,本科(职业),工学学士,四年,生物与化工大类,生物技术类,专业导论、专业核心理论、专业方法与工具、实验/实践课程、方向模块课程、课程设计、毕业论文/设计,category_template,未匹配rysxai课程文本,库内未命中,头部/强研究型：核心课不一定换名称，但会加深数学/理论和研究训练，重点看理论深度、科研训练、交叉前沿、学术写作；样例：库内未命中该层次开设样例,广东轻工职业技术大学,区域重点/特色优势：核心课保持完整，通常叠加地方产业、行业场景、实验项目和专业方向模块；样例：广东轻工职业技术大学,北京科技职业大学、浙江药科职业大学、上海中侨职业技术大学,普通应用/职业供给：更强调岗位技能、项目实训、证书衔接、综合实践，课程呈现更实训化、工具化；样例：北京科技职业大学、浙江药科职业大学、上海中侨职业技术大学
270103,农业生物技术,本科(职业),"农学学士,工学学士",四年,生物与化工大类,生物技术类,专业导论、专业核心理论、专业方法与工具、实验/实践课程、方向模块课程、课程设计、毕业论文/设计,category_template,rysxai课程文本未抽出课程名,库内未命中,头部/强研究型：核心课不一定换名称，但会加深数学/理论和研究训练，重点看理论深度、科研训练、交叉前沿、学术写作；样例：库内未命中该层次开设样例,江苏农林职业技术学院,区域重点/特色优势：核心课保持完整，通常叠加地方产业、行业场景、实验项目和专业方向模块；样例：江苏农林职业技术学院,安阳工学院、陇南师范学院、陕西农林职业技术大学、上海农林职业技术学院、吉林工程职业学院,普通应用/职业供给：更强调岗位技能、项目实训、证书衔接、综合实践，课程呈现更实训化、工具化；样例：安阳工学院、陇南师范学院、陕西农林职业技术大学、上海农林职业技术学院、吉林工程职业学院
270201,应用化工技术,本科(职业),工学学士,四年,生物与化工大类,化工技术类,专业导论、专业核心理论、专业方法与工具、实验/实践课程、方向模块课程、课程设计、毕业论文/设计,category_template,rysxai课程文本未抽出课程名,库内未命中,头部/强研究型：核心课不一定换名称，但会加深数学/理论和研究训练，重点看理论深度、科研训练、交叉前沿、学术写作；样例：库内未命中该层次开设样例,桂林理工大学、华北理工大学、内蒙古科技大学、顺德职业技术大学、泰山学院,区域重点/特色优势：核心课保持完整，通常叠加地方产业、行业场景、实验项目和专业方向模块；样例：桂林理工大学、华北理工大学、内蒙古科技大学、顺德职业技术大学、泰山学院,济宁学院、齐鲁师范学院、昭通学院、河南工学院、荆楚理工学院,普通应用/职业供给：更强调岗位技能、项目实训、证书衔接、综合实践，课程呈现更实训化、工具化；样例：济宁学院、齐鲁师范学院、昭通学院、河南工学院、荆楚理工学院
270202,化工智能制造工程技术,本科(职业),工学学士,四年,生物与化工大类,化工技术类,专业导论、专业核心理论、专业方法与工具、实验/实践课程、方向模块课程、课程设计、毕业论文/设计,category_template,未匹配rysxai课程文本,库内未命中,头部/强研究型：核心课不一定换名称，但会加深数学/理论和研究训练，重点看理论深度、科研训练、交叉前沿、学术写作；样例：库内未命中该层次开设样例,库内未命中,区域重点/特色优势：核心课保持完整，通常叠加地方产业、行业场景、实验项目和专业方向模块；样例：库内未命中该层次开设样例,河北石油职业技术大学、兰州石化职业技术大学,普通应用/职业供给：更强调岗位技能、项目实训、证书衔接、综合实践，课程呈现更实训化、工具化；样例：河北石油职业技术大学、兰州石化职业技术大学
270203,现代精细化工技术,本科(职业),工学学士,四年,生物与化工大类,化工技术类,专业导论、专业核心理论、专业方法与工具、实验/实践课程、方向模块课程、课程设计、毕业论文/设计,category_template,未匹配rysxai课程文本,库内未命中,头部/强研究型：核心课不一定换名称，但会加深数学/理论和研究训练，重点看理论深度、科研训练、交叉前沿、学术写作；样例：库内未命中该层次开设样例,广东轻工职业技术大学,区域重点/特色优势：核心课保持完整，通常叠加地方产业、行业场景、实验项目和专业方向模块；样例：广东轻工职业技术大学,河北工业职业技术大学、河北石油职业技术大学、杭州职业技术大学、兰州石化职业技术大学、兰州资源环境职业技术大学,普通应用/职业供给：更强调岗位技能、项目实训、证书衔接、综合实践，课程呈现更实训化、工具化；样例：河北工业职业技术大学、河北石油职业技术大学、杭州职业技术大学、兰州石化职业技术大学、兰州资源环境职业技术大学
270204,现代分析测试技术,本科(职业),工学学士,四年,生物与化工大类,化工技术类,专业导论、专业核心理论、专业方法与工具、实验/实践课程、方向模块课程、课程设计、毕业论文/设计,category_template,未匹配rysxai课程文本,库内未命中,头部/强研究型：核心课不一定换名称，但会加深数学/理论和研究训练，重点看理论深度、科研训练、交叉前沿、学术写作；样例：库内未命中该层次开设样例,库内未命中,区域重点/特色优势：核心课保持完整，通常叠加地方产业、行业场景、实验项目和专业方向模块；样例：库内未命中该层次开设样例,河北石油职业技术大学、兰州石化职业技术大学、甘肃工业职业技术大学、泉州职业技术大学,普通应用/职业供给：更强调岗位技能、项目实训、证书衔接、综合实践，课程呈现更实训化、工具化；样例：河北石油职业技术大学、兰州石化职业技术大学、甘肃工业职业技术大学、泉州职业技术大学
250101,水文与水资源工程技术,本科(职业),工学学士,四年,水利大类,水文水资源类,专业导论、专业核心理论、专业方法与工具、实验/实践课程、方向模块课程、课程设计、毕业论文/设计,category_template,未匹配rysxai课程文本,库内未命中,头部/强研究型：核心课不一定换名称，但会加深数学/理论和研究训练，重点看理论深度、科研训练、交叉前沿、学术写作；样例：库内未命中该层次开设样例,库内未命中,区域重点/特色优势：核心课保持完整，通常叠加地方产业、行业场景、实验项目和专业方向模块；样例：库内未命中该层次开设样例,库内未命中,普通应用/职业供给：更强调岗位技能、项目实训、证书衔接、综合实践，课程呈现更实训化、工具化；样例：库内未命中该层次开设样例
250201,智慧水利工程,本科(职业),工学学士,四年,水利大类,水利工程与管理类,专业导论、专业核心理论、专业方法与工具、实验/实践课程、方向模块课程、课程设计、毕业论文/设计,category_template,未匹配rysxai课程文本,库内未命中,头部/强研究型：核心课不一定换名称，但会加深数学/理论和研究训练，重点看理论深度、科研训练、交叉前沿、学术写作；样例：库内未命中该层次开设样例,库内未命中,区域重点/特色优势：核心课保持完整，通常叠加地方产业、行业场景、实验项目和专业方向模块；样例：库内未命中该层次开设样例,兰州资源环境职业技术大学,普通应用/职业供给：更强调岗位技能、项目实训、证书衔接、综合实践，课程呈现更实训化、工具化；样例：兰州资源环境职业技术大学
250202,农业水利工程,本科(职业),工学学士,四年,水利大类,水利工程与管理类,农业水利工程专业概论、水利工程制图、土壤学与农作学、工程地质与水文地质、水法规及技术规范、农田水利学、灌溉排水工程学、节水灌溉技术、水土保持学、土壤侵蚀原理,rysxai_major_course,,武汉大学、四川大学、中国农业大学、西北农林科技大学、河海大学,头部/强研究型：核心课不一定换名称，但会加深数学/理论和研究训练，重点看理论深度、科研训练、交叉前沿、学术写作；样例：武汉大学、四川大学、中国农业大学、西北农林科技大学、河海大学,昆明理工大学、西安理工大学、安徽农业大学、沈阳农业大学、黑龙江大学,区域重点/特色优势：核心课保持完整，通常叠加地方产业、行业场景、实验项目和专业方向模块；样例：昆明理工大学、西安理工大学、安徽农业大学、沈阳农业大学、黑龙江大学,浙江水利水电学院、河北水利电力学院、河套学院、黄河水利职业技术大学、新疆农业职业技术大学,普通应用/职业供给：更强调岗位技能、项目实训、证书衔接、综合实践，课程呈现更实训化、工具化；样例：浙江水利水电学院、河北水利电力学院、河套学院、黄河水利职业技术大学、新疆农业职业技术大学
250204,治河与港航工程,本科(职业),工学学士,四年,水利大类,水利工程与管理类,专业导论、专业核心理论、专业方法与工具、实验/实践课程、方向模块课程、课程设计、毕业论文/设计,category_template,未匹配rysxai课程文本,库内未命中,头部/强研究型：核心课不一定换名称，但会加深数学/理论和研究训练，重点看理论深度、科研训练、交叉前沿、学术写作；样例：库内未命中该层次开设样例,库内未命中,区域重点/特色优势：核心课保持完整，通常叠加地方产业、行业场景、实验项目和专业方向模块；样例：库内未命中该层次开设样例,库内未命中,普通应用/职业供给：更强调岗位技能、项目实训、证书衔接、综合实践，课程呈现更实训化、工具化；样例：库内未命中该层次开设样例
250301,水利水电设备及自动化,本科(职业),工学学士,四年,水利大类,水利水电设备类,专业导论、专业核心理论、专业方法与工具、实验/实践课程、方向模块课程、课程设计、毕业论文/设计,category_template,未匹配rysxai课程文本,库内未命中,头部/强研究型：核心课不一定换名称，但会加深数学/理论和研究训练，重点看理论深度、科研训练、交叉前沿、学术写作；样例：库内未命中该层次开设样例,库内未命中,区域重点/特色优势：核心课保持完整，通常叠加地方产业、行业场景、实验项目和专业方向模块；样例：库内未命中该层次开设样例,库内未命中,普通应用/职业供给：更强调岗位技能、项目实训、证书衔接、综合实践，课程呈现更实训化、工具化；样例：库内未命中该层次开设样例
250401,生态水利工程,本科(职业),工学学士,四年,水利大类,水土保持与水环境类,专业导论、专业核心理论、专业方法与工具、实验/实践课程、方向模块课程、课程设计、毕业论文/设计,category_template,未匹配rysxai课程文本,库内未命中,头部/强研究型：核心课不一定换名称，但会加深数学/理论和研究训练，重点看理论深度、科研训练、交叉前沿、学术写作；样例：库内未命中该层次开设样例,库内未命中,区域重点/特色优势：核心课保持完整，通常叠加地方产业、行业场景、实验项目和专业方向模块；样例：库内未命中该层次开设样例,甘肃林业职业技术大学,普通应用/职业供给：更强调岗位技能、项目实训、证书衔接、综合实践，课程呈现更实训化、工具化；样例：甘肃林业职业技术大学
250402,水环境工程,本科(职业),工学学士,四年,水利大类,水土保持与水环境类,专业导论、专业核心理论、专业方法与工具、实验/实践课程、方向模块课程、课程设计、毕业论文/设计,category_template,未匹配rysxai课程文本,库内未命中,头部/强研究型：核心课不一定换名称，但会加深数学/理论和研究训练，重点看理论深度、科研训练、交叉前沿、学术写作；样例：库内未命中该层次开设样例,库内未命中,区域重点/特色优势：核心课保持完整，通常叠加地方产业、行业场景、实验项目和专业方向模块；样例：库内未命中该层次开设样例,库内未命中,普通应用/职业供给：更强调岗位技能、项目实训、证书衔接、综合实践，课程呈现更实训化、工具化；样例：库内未命中该层次开设样例
250403,水土保持与荒漠化防治技术,本科(职业),工学学士,,水利大类,水土保持与水环境类,专业导论、专业核心理论、专业方法与工具、实验/实践课程、方向模块课程、课程设计、毕业论文/设计,category_template,未匹配rysxai课程文本,库内未命中,头部/强研究型：核心课不一定换名称，但会加深数学/理论和研究训练，重点看理论深度、科研训练、交叉前沿、学术写作；样例：库内未命中该层次开设样例,库内未命中,区域重点/特色优势：核心课保持完整，通常叠加地方产业、行业场景、实验项目和专业方向模块；样例：库内未命中该层次开设样例,库内未命中,普通应用/职业供给：更强调岗位技能、项目实训、证书衔接、综合实践，课程呈现更实训化、工具化；样例：库内未命中该层次开设样例
520101,临床医学,2,医学学士,五年,医药卫生大类,临床医学类,人体解剖学、生理学、病理学、药理学、诊断学、内科学、外科学、妇产科学、儿科学,category_template,rysxai课程文本未抽出课程名,清华大学、北京大学、浙江大学、复旦大学、南京大学,头部/强研究型：核心课不一定换名称，但会加深数学/理论和研究训练，重点看理论深度、科研训练、交叉前沿、学术写作；样例：清华大学、北京大学、浙江大学、复旦大学、南京大学,青岛大学、河北医科大学、昆明理工大学、大连医科大学、杭州师范大学,区域重点/特色优势：核心课保持完整，通常叠加地方产业、行业场景、实验项目和专业方向模块；样例：青岛大学、河北医科大学、昆明理工大学、大连医科大学、杭州师范大学,厦门医学院、湘南学院、南昌医学院、张家口学院、新疆第二医学院,普通应用/职业供给：更强调岗位技能、项目实训、证书衔接、综合实践，课程呈现更实训化、工具化；样例：厦门医学院、湘南学院、南昌医学院、张家口学院、新疆第二医学院
520102,口腔医学,2,医学学士,五年,医药卫生大类,临床医学类,口腔解剖生理学、口腔组织病理学、口腔材料学、口腔内科学、口腔颌面外科学、口腔修复学、口腔正畸学、口腔预防医学,category_template,rysxai课程文本未抽出课程名,北京大学、浙江大学、复旦大学、南京大学、武汉大学,头部/强研究型：核心课不一定换名称，但会加深数学/理论和研究训练，重点看理论深度、科研训练、交叉前沿、学术写作；样例：北京大学、浙江大学、复旦大学、南京大学、武汉大学,青岛大学、河北医科大学、大连医科大学、杭州师范大学、安徽医科大学,区域重点/特色优势：核心课保持完整，通常叠加地方产业、行业场景、实验项目和专业方向模块；样例：青岛大学、河北医科大学、大连医科大学、杭州师范大学、安徽医科大学,厦门医学院、湘南学院、南昌医学院、张家口学院、新疆第二医学院,普通应用/职业供给：更强调岗位技能、项目实训、证书衔接、综合实践，课程呈现更实训化、工具化；样例：厦门医学院、湘南学院、南昌医学院、张家口学院、新疆第二医学院
520401,中医学,2,医学学士,五年,医药卫生大类,中医药类,专业导论、岗位基础技能、专业核心技术、设备/软件操作、项目实训、职业规范、综合实训、顶岗实习,category_template,rysxai课程文本未抽出课程名,厦门大学、暨南大学、北京中医药大学、石河子大学、延边大学,头部/强研究型：核心课不一定换名称，但会加深数学/理论和研究训练，重点看理论深度、科研训练、交叉前沿、学术写作；样例：厦门大学、暨南大学、北京中医药大学、石河子大学、延边大学,浙江中医药大学、河北大学、山东中医药大学、湖南中医药大学、三峡大学,区域重点/特色优势：核心课保持完整，通常叠加地方产业、行业场景、实验项目和专业方向模块；样例：浙江中医药大学、河北大学、山东中医药大学、湖南中医药大学、三峡大学,南昌医学院、南阳理工学院、湖南医药学院、肇庆医学院、广西中医药大学赛恩斯新医药学院,普通应用/职业供给：更强调岗位技能、项目实训、证书衔接、综合实践，课程呈现更实训化、工具化；样例：南昌医学院、南阳理工学院、湖南医药学院、肇庆医学院、广西中医药大学赛恩斯新医药学院
520402,中医骨伤,2,,三年,医药卫生大类,中医药类,专业导论、岗位基础技能、专业核心技术、设备/软件操作、项目实训、职业规范、综合实训、顶岗实习,category_template,rysxai课程文本未抽出课程名,库内未命中,头部/强研究型：核心课不一定换名称，但会加深数学/理论和研究训练，重点看理论深度、科研训练、交叉前沿、学术写作；样例：库内未命中该层次开设样例,广西中医药大学,区域重点/特色优势：核心课保持完整，通常叠加地方产业、行业场景、实验项目和专业方向模块；样例：广西中医药大学,肇庆医学院、抚州医药学院、保山中医药高等专科学校、南阳医学高等专科学校、四川中医药高等专科学校,普通应用/职业供给：更强调岗位技能、项目实训、证书衔接、综合实践，课程呈现更实训化、工具化；样例：肇庆医学院、抚州医药学院、保山中医药高等专科学校、南阳医学高等专科学校、四川中医药高等专科学校
520403,针灸推拿,2,,三年,医药卫生大类,中医药类,专业导论、岗位基础技能、专业核心技术、设备/软件操作、项目实训、职业规范、综合实训、顶岗实习,category_template,rysxai课程文本未抽出课程名,库内未命中,头部/强研究型：核心课不一定换名称，但会加深数学/理论和研究训练，重点看理论深度、科研训练、交叉前沿、学术写作；样例：库内未命中该层次开设样例,新疆医科大学、广西中医药大学、曲靖健康医学院、邢台医学院、广东食品药品职业学院,区域重点/特色优势：核心课保持完整，通常叠加地方产业、行业场景、实验项目和专业方向模块；样例：新疆医科大学、广西中医药大学、曲靖健康医学院、邢台医学院、广东食品药品职业学院,甘肃医学院、肇庆医学院、抚州医药学院、齐鲁医药学院、酒泉职业技术大学,普通应用/职业供给：更强调岗位技能、项目实训、证书衔接、综合实践，课程呈现更实训化、工具化；样例：甘肃医学院、肇庆医学院、抚州医药学院、齐鲁医药学院、酒泉职业技术大学
520404,蒙医学,2,医学学士,五年,医药卫生大类,中医药类,专业导论、岗位基础技能、专业核心技术、设备/软件操作、项目实训、职业规范、综合实训、顶岗实习,category_template,rysxai课程文本未抽出课程名,库内未命中,头部/强研究型：核心课不一定换名称，但会加深数学/理论和研究训练，重点看理论深度、科研训练、交叉前沿、学术写作；样例：库内未命中该层次开设样例,内蒙古医科大学、内蒙古民族大学、赤峰大学,区域重点/特色优势：核心课保持完整，通常叠加地方产业、行业场景、实验项目和专业方向模块；样例：内蒙古医科大学、内蒙古民族大学、赤峰大学,乌兰察布医学高等专科学校、呼伦贝尔职业技术学院、通辽职业学院、锡林郭勒职业学院、阜新高等专科学校,普通应用/职业供给：更强调岗位技能、项目实训、证书衔接、综合实践，课程呈现更实训化、工具化；样例：乌兰察布医学高等专科学校、呼伦贝尔职业技术学院、通辽职业学院、锡林郭勒职业学院、阜新高等专科学校
520405,藏医学,2,医学学士,五年,医药卫生大类,中医药类,专业导论、岗位基础技能、专业核心技术、设备/软件操作、项目实训、职业规范、综合实训、顶岗实习,category_template,rysxai课程文本未抽出课程名,青海大学、成都中医药大学,头部/强研究型：核心课不一定换名称，但会加深数学/理论和研究训练，重点看理论深度、科研训练、交叉前沿、学术写作；样例：青海大学、成都中医药大学,西藏藏医药大学、甘肃中医药大学,区域重点/特色优势：核心课保持完整，通常叠加地方产业、行业场景、实验项目和专业方向模块；样例：西藏藏医药大学、甘肃中医药大学,甘孜职业学院、甘肃卫生职业学院,普通应用/职业供给：更强调岗位技能、项目实训、证书衔接、综合实践，课程呈现更实训化、工具化；样例：甘孜职业学院、甘肃卫生职业学院
520406,维医学,2,医学学士,五年,医药卫生大类,中医药类,专业导论、岗位基础技能、专业核心技术、设备/软件操作、项目实训、职业规范、综合实训、顶岗实习,category_template,rysxai课程文本未抽出课程名,库内未命中,头部/强研究型：核心课不一定换名称，但会加深数学/理论和研究训练，重点看理论深度、科研训练、交叉前沿、学术写作；样例：库内未命中该层次开设样例,新疆医科大学,区域重点/特色优势：核心课保持完整，通常叠加地方产业、行业场景、实验项目和专业方向模块；样例：新疆医科大学,新疆和田学院,普通应用/职业供给：更强调岗位技能、项目实训、证书衔接、综合实践，课程呈现更实训化、工具化；样例：新疆和田学院
520407,傣医学,2,医学学士,五年,医药卫生大类,中医药类,专业导论、岗位基础技能、专业核心技术、设备/软件操作、项目实训、职业规范、综合实训、顶岗实习,category_template,rysxai课程文本未抽出课程名,库内未命中,头部/强研究型：核心课不一定换名称，但会加深数学/理论和研究训练，重点看理论深度、科研训练、交叉前沿、学术写作；样例：库内未命中该层次开设样例,云南中医药大学,区域重点/特色优势：核心课保持完整，通常叠加地方产业、行业场景、实验项目和专业方向模块；样例：云南中医药大学,滇西应用技术大学、德宏职业学院、西双版纳职业技术学院,普通应用/职业供给：更强调岗位技能、项目实训、证书衔接、综合实践，课程呈现更实训化、工具化；样例：滇西应用技术大学、德宏职业学院、西双版纳职业技术学院
520408,哈医学,2,医学学士,五年,医药卫生大类,中医药类,专业导论、岗位基础技能、专业核心技术、设备/软件操作、项目实训、职业规范、综合实训、顶岗实习,category_template,rysxai课程文本未抽出课程名,库内未命中,头部/强研究型：核心课不一定换名称，但会加深数学/理论和研究训练，重点看理论深度、科研训练、交叉前沿、学术写作；样例：库内未命中该层次开设样例,新疆医科大学,区域重点/特色优势：核心课保持完整，通常叠加地方产业、行业场景、实验项目和专业方向模块；样例：新疆医科大学,库内未命中,普通应用/职业供给：更强调岗位技能、项目实训、证书衔接、综合实践，课程呈现更实训化、工具化；样例：库内未命中该层次开设样例
520409,朝医学,2,,三年,医药卫生大类,中医药类,专业导论、岗位基础技能、专业核心技术、设备/软件操作、项目实训、职业规范、综合实训、顶岗实习,category_template,rysxai课程文本未抽出课程名,库内未命中,头部/强研究型：核心课不一定换名称，但会加深数学/理论和研究训练，重点看理论深度、科研训练、交叉前沿、学术写作；样例：库内未命中该层次开设样例,库内未命中,区域重点/特色优势：核心课保持完整，通常叠加地方产业、行业场景、实验项目和专业方向模块；样例：库内未命中该层次开设样例,吉林职业技术学院,普通应用/职业供给：更强调岗位技能、项目实训、证书衔接、综合实践，课程呈现更实训化、工具化；样例：吉林职业技术学院
520703,预防医学,2,医学学士,五年,医药卫生大类,公共卫生与卫生管理类,专业导论、岗位基础技能、专业核心技术、设备/软件操作、项目实训、职业规范、综合实训、顶岗实习,category_template,rysxai课程文本未抽出课程名,北京大学、浙江大学、复旦大学、武汉大学、华中科技大学,头部/强研究型：核心课不一定换名称，但会加深数学/理论和研究训练，重点看理论深度、科研训练、交叉前沿、学术写作；样例：北京大学、浙江大学、复旦大学、武汉大学、华中科技大学,青岛大学、河北医科大学、大连医科大学、杭州师范大学、安徽医科大学,区域重点/特色优势：核心课保持完整，通常叠加地方产业、行业场景、实验项目和专业方向模块；样例：青岛大学、河北医科大学、大连医科大学、杭州师范大学、安徽医科大学,厦门医学院、湘南学院、南昌医学院、新疆第二医学院、湖南医药学院,普通应用/职业供给：更强调岗位技能、项目实训、证书衔接、综合实践，课程呈现更实训化、工具化；样例：厦门医学院、湘南学院、南昌医学院、新疆第二医学院、湖南医药学院
570101,早期教育,2,,三年,教育与体育大类,教育类,如果课程介绍、专业导论、岗位基础技能、专业核心技术、设备/软件操作、项目实训、职业规范、综合实训、顶岗实习,rysxai_major_course+category_template,,库内未命中,头部/强研究型：核心课不一定换名称，但会加深数学/理论和研究训练，重点看理论深度、科研训练、交叉前沿、学术写作；样例：库内未命中该层次开设样例,天津师范大学、临沂大学、北华大学、吉林师范大学、青岛恒星科技学院,区域重点/特色优势：核心课保持完整，通常叠加地方产业、行业场景、实验项目和专业方向模块；样例：天津师范大学、临沂大学、北华大学、吉林师范大学、青岛恒星科技学院,山东女子学院、琼台师范学院、豫章师范学院、民政职业大学、桂林师范学院,普通应用/职业供给：更强调岗位技能、项目实训、证书衔接、综合实践，课程呈现更实训化、工具化；样例：山东女子学院、琼台师范学院、豫章师范学院、民政职业大学、桂林师范学院
570102,学前教育,2,教育学学士,四年,教育与体育大类,教育类,专业导论、岗位基础技能、专业核心技术、设备/软件操作、项目实训、职业规范、综合实训、顶岗实习,category_template,rysxai课程文本未抽出课程名,北京师范大学、华东师范大学、东北师范大学、华中师范大学、南京师范大学,头部/强研究型：核心课不一定换名称，但会加深数学/理论和研究训练，重点看理论深度、科研训练、交叉前沿、学术写作；样例：北京师范大学、华东师范大学、东北师范大学、华中师范大学、南京师范大学,山东师范大学、广州大学、青岛大学、杭州师范大学、上海师范大学,区域重点/特色优势：核心课保持完整，通常叠加地方产业、行业场景、实验项目和专业方向模块；样例：山东师范大学、广州大学、青岛大学、杭州师范大学、上海师范大学,洛阳理工学院、周口师范学院、湘南学院、许昌学院、江苏第二师范学院,普通应用/职业供给：更强调岗位技能、项目实训、证书衔接、综合实践，课程呈现更实训化、工具化；样例：洛阳理工学院、周口师范学院、湘南学院、许昌学院、江苏第二师范学院
570103,小学教育,2,教育学学士,四年,教育与体育大类,教育类,专业导论、岗位基础技能、专业核心技术、设备/软件操作、项目实训、职业规范、综合实训、顶岗实习,category_template,rysxai课程文本未抽出课程名,东北师范大学、江南大学、南京师范大学、华南师范大学、湖南师范大学,头部/强研究型：核心课不一定换名称，但会加深数学/理论和研究训练，重点看理论深度、科研训练、交叉前沿、学术写作；样例：东北师范大学、江南大学、南京师范大学、华南师范大学、湖南师范大学,广州大学、青岛大学、杭州师范大学、湖北大学、上海师范大学,区域重点/特色优势：核心课保持完整，通常叠加地方产业、行业场景、实验项目和专业方向模块；样例：广州大学、青岛大学、杭州师范大学、湖北大学、上海师范大学,周口师范学院、许昌学院、江苏第二师范学院、六盘水师范学院、商丘师范学院,普通应用/职业供给：更强调岗位技能、项目实训、证书衔接、综合实践，课程呈现更实训化、工具化；样例：周口师范学院、许昌学院、江苏第二师范学院、六盘水师范学院、商丘师范学院
570104,小学语文教育,2,,三年,教育与体育大类,教育类,专业导论、岗位基础技能、专业核心技术、设备/软件操作、项目实训、职业规范、综合实训、顶岗实习,category_template,rysxai课程文本未抽出课程名,库内未命中,头部/强研究型：核心课不一定换名称，但会加深数学/理论和研究训练，重点看理论深度、科研训练、交叉前沿、学术写作；样例：库内未命中该层次开设样例,吉林师范大学、山东航空学院、枣庄学院、西昌学院、呼伦贝尔学院,区域重点/特色优势：核心课保持完整，通常叠加地方产业、行业场景、实验项目和专业方向模块；样例：吉林师范大学、山东航空学院、枣庄学院、西昌学院、呼伦贝尔学院,周口师范学院、济宁学院、汉江师范学院、豫章师范学院、德宏师范学院,普通应用/职业供给：更强调岗位技能、项目实训、证书衔接、综合实践，课程呈现更实训化、工具化；样例：周口师范学院、济宁学院、汉江师范学院、豫章师范学院、德宏师范学院
570105,小学数学教育,2,,三年,教育与体育大类,教育类,专业导论、岗位基础技能、专业核心技术、设备/软件操作、项目实训、职业规范、综合实训、顶岗实习,category_template,rysxai课程文本未抽出课程名,库内未命中,头部/强研究型：核心课不一定换名称，但会加深数学/理论和研究训练，重点看理论深度、科研训练、交叉前沿、学术写作；样例：库内未命中该层次开设样例,宜宾学院、咸阳师范学院、喀什大学、昌吉学院、武汉城市职业学院,区域重点/特色优势：核心课保持完整，通常叠加地方产业、行业场景、实验项目和专业方向模块；样例：宜宾学院、咸阳师范学院、喀什大学、昌吉学院、武汉城市职业学院,周口师范学院、济宁学院、普洱学院、汉江师范学院、白城师范学院,普通应用/职业供给：更强调岗位技能、项目实训、证书衔接、综合实践，课程呈现更实训化、工具化；样例：周口师范学院、济宁学院、普洱学院、汉江师范学院、白城师范学院
570106,小学英语教育,2,,三年,教育与体育大类,教育类,专业导论、岗位基础技能、专业核心技术、设备/软件操作、项目实训、职业规范、综合实训、顶岗实习,category_template,rysxai课程文本未抽出课程名,库内未命中,头部/强研究型：核心课不一定换名称，但会加深数学/理论和研究训练，重点看理论深度、科研训练、交叉前沿、学术写作；样例：库内未命中该层次开设样例,南宁师范大学、北华大学、吉林师范大学、黄冈师范学院、山东航空学院,区域重点/特色优势：核心课保持完整，通常叠加地方产业、行业场景、实验项目和专业方向模块；样例：南宁师范大学、北华大学、吉林师范大学、黄冈师范学院、山东航空学院,周口师范学院、济宁学院、新乡学院、昭通学院、汉江师范学院,普通应用/职业供给：更强调岗位技能、项目实训、证书衔接、综合实践，课程呈现更实训化、工具化；样例：周口师范学院、济宁学院、新乡学院、昭通学院、汉江师范学院
570107,小学科学教育,2,,三年,教育与体育大类,教育类,专业导论、岗位基础技能、专业核心技术、设备/软件操作、项目实训、职业规范、综合实训、顶岗实习,category_template,rysxai课程文本未抽出课程名,库内未命中,头部/强研究型：核心课不一定换名称，但会加深数学/理论和研究训练，重点看理论深度、科研训练、交叉前沿、学术写作；样例：库内未命中该层次开设样例,武汉城市职业学院,区域重点/特色优势：核心课保持完整，通常叠加地方产业、行业场景、实验项目和专业方向模块；样例：武汉城市职业学院,德宏师范学院、丽江师范学院、朝阳师范学院、陇南师范学院、新疆和田学院,普通应用/职业供给：更强调岗位技能、项目实训、证书衔接、综合实践，课程呈现更实训化、工具化；样例：德宏师范学院、丽江师范学院、朝阳师范学院、陇南师范学院、新疆和田学院
570108,音乐教育,2,艺术学学士,四年,教育与体育大类,教育类,专业导论、岗位基础技能、专业核心技术、设备/软件操作、项目实训、职业规范、综合实训、顶岗实习,category_template,rysxai课程文本未抽出课程名,中央民族大学、中央音乐学院、上海音乐学院、中国音乐学院,头部/强研究型：核心课不一定换名称，但会加深数学/理论和研究训练，重点看理论深度、科研训练、交叉前沿、学术写作；样例：中央民族大学、中央音乐学院、上海音乐学院、中国音乐学院,成都大学、星海音乐学院、南宁师范大学、临沂大学、北华大学,区域重点/特色优势：核心课保持完整，通常叠加地方产业、行业场景、实验项目和专业方向模块；样例：成都大学、星海音乐学院、南宁师范大学、临沂大学、北华大学,许昌学院、济宁学院、齐鲁师范学院、山东女子学院、山东管理学院,普通应用/职业供给：更强调岗位技能、项目实训、证书衔接、综合实践，课程呈现更实训化、工具化；样例：许昌学院、济宁学院、齐鲁师范学院、山东女子学院、山东管理学院
570109,美术教育,2,艺术学学士,四年,教育与体育大类,教育类,专业导论、岗位基础技能、专业核心技术、设备/软件操作、项目实训、职业规范、综合实训、顶岗实习,category_template,rysxai课程文本未抽出课程名,库内未命中,头部/强研究型：核心课不一定换名称，但会加深数学/理论和研究训练，重点看理论深度、科研训练、交叉前沿、学术写作；样例：库内未命中该层次开设样例,天津师范大学、临沂大学、北华大学、吉林师范大学、四川美术学院,区域重点/特色优势：核心课保持完整，通常叠加地方产业、行业场景、实验项目和专业方向模块；样例：天津师范大学、临沂大学、北华大学、吉林师范大学、四川美术学院,济宁学院、齐鲁师范学院、凯里学院、四川文理学院、德宏师范学院,普通应用/职业供给：更强调岗位技能、项目实训、证书衔接、综合实践，课程呈现更实训化、工具化；样例：济宁学院、齐鲁师范学院、凯里学院、四川文理学院、德宏师范学院
570110,体育教育,2,教育学学士,四年,教育与体育大类,教育类,专业导论、岗位基础技能、专业核心技术、设备/软件操作、项目实训、职业规范、综合实训、顶岗实习,category_template,rysxai课程文本未抽出课程名,清华大学、北京大学、浙江大学、北京理工大学、北京师范大学,头部/强研究型：核心课不一定换名称，但会加深数学/理论和研究训练，重点看理论深度、科研训练、交叉前沿、学术写作；样例：清华大学、北京大学、浙江大学、北京理工大学、北京师范大学,山东师范大学、广州大学、青岛大学、杭州师范大学、湖北大学,区域重点/特色优势：核心课保持完整，通常叠加地方产业、行业场景、实验项目和专业方向模块；样例：山东师范大学、广州大学、青岛大学、杭州师范大学、湖北大学,周口师范学院、湘南学院、许昌学院、江苏第二师范学院、六盘水师范学院,普通应用/职业供给：更强调岗位技能、项目实训、证书衔接、综合实践，课程呈现更实训化、工具化；样例：周口师范学院、湘南学院、许昌学院、江苏第二师范学院、六盘水师范学院
570111,小学道德与法治教育,2,,三年,教育与体育大类,教育类,专业导论、岗位基础技能、专业核心技术、设备/软件操作、项目实训、职业规范、综合实训、顶岗实习,category_template,rysxai课程文本未抽出课程名,库内未命中,头部/强研究型：核心课不一定换名称，但会加深数学/理论和研究训练，重点看理论深度、科研训练、交叉前沿、学术写作；样例：库内未命中该层次开设样例,库内未命中,区域重点/特色优势：核心课保持完整，通常叠加地方产业、行业场景、实验项目和专业方向模块；样例：库内未命中该层次开设样例,德宏师范学院、丽江师范学院、桂林师范学院、陇南师范学院、新疆和田学院,普通应用/职业供给：更强调岗位技能、项目实训、证书衔接、综合实践，课程呈现更实训化、工具化；样例：德宏师范学院、丽江师范学院、桂林师范学院、陇南师范学院、新疆和田学院
570112,舞蹈教育,2,艺术学学士,四年,教育与体育大类,教育类,专业导论、岗位基础技能、专业核心技术、设备/软件操作、项目实训、职业规范、综合实训、顶岗实习,category_template,rysxai课程文本未抽出课程名,石河子大学,头部/强研究型：核心课不一定换名称，但会加深数学/理论和研究训练，重点看理论深度、科研训练、交叉前沿、学术写作；样例：石河子大学,深圳北理莫斯科大学、温州大学、西北师范大学、北京舞蹈学院、南宁师范大学,区域重点/特色优势：核心课保持完整，通常叠加地方产业、行业场景、实验项目和专业方向模块；样例：深圳北理莫斯科大学、温州大学、西北师范大学、北京舞蹈学院、南宁师范大学,山东青年政治学院、山东女子学院、广西科技师范学院、张家口学院、汉江师范学院,普通应用/职业供给：更强调岗位技能、项目实训、证书衔接、综合实践，课程呈现更实训化、工具化；样例：山东青年政治学院、山东女子学院、广西科技师范学院、张家口学院、汉江师范学院
570113,艺术教育,2,"教育学学士,艺术学学士",四年,教育与体育大类,教育类,专业导论、岗位基础技能、专业核心技术、设备/软件操作、项目实训、职业规范、综合实训、顶岗实习,category_template,rysxai课程文本未抽出课程名,华东师范大学、中央美术学院,头部/强研究型：核心课不一定换名称，但会加深数学/理论和研究训练，重点看理论深度、科研训练、交叉前沿、学术写作；样例：华东师范大学、中央美术学院,重庆师范大学、西藏民族大学、临沂大学、景德镇陶瓷大学、贵州师范学院,区域重点/特色优势：核心课保持完整，通常叠加地方产业、行业场景、实验项目和专业方向模块；样例：重庆师范大学、西藏民族大学、临沂大学、景德镇陶瓷大学、贵州师范学院,重庆第二师范学院、保山学院、张家口学院、景德镇学院、汉江师范学院,普通应用/职业供给：更强调岗位技能、项目实训、证书衔接、综合实践，课程呈现更实训化、工具化；样例：重庆第二师范学院、保山学院、张家口学院、景德镇学院、汉江师范学院
570114,特殊教育,2,教育学学士,四年,教育与体育大类,教育类,专业导论、岗位基础技能、专业核心技术、设备/软件操作、项目实训、职业规范、综合实训、顶岗实习,category_template,rysxai课程文本未抽出课程名,北京师范大学、华东师范大学、华中师范大学、西南大学、陕西师范大学,头部/强研究型：核心课不一定换名称，但会加深数学/理论和研究训练，重点看理论深度、科研训练、交叉前沿、学术写作；样例：北京师范大学、华东师范大学、华中师范大学、西南大学、陕西师范大学,广州大学、杭州师范大学、江西师范大学、广西师范大学、西北师范大学,区域重点/特色优势：核心课保持完整，通常叠加地方产业、行业场景、实验项目和专业方向模块；样例：广州大学、杭州师范大学、江西师范大学、广西师范大学、西北师范大学,南京特殊教育师范学院、安顺学院、保定学院、四川文理学院、普洱学院,普通应用/职业供给：更强调岗位技能、项目实训、证书衔接、综合实践，课程呈现更实训化、工具化；样例：南京特殊教育师范学院、安顺学院、保定学院、四川文理学院、普洱学院
570115,现代教育技术,2,,三年,教育与体育大类,教育类,专业导论、岗位基础技能、专业核心技术、设备/软件操作、项目实训、职业规范、综合实训、顶岗实习,category_template,rysxai课程文本未抽出课程名,库内未命中,头部/强研究型：核心课不一定换名称，但会加深数学/理论和研究训练，重点看理论深度、科研训练、交叉前沿、学术写作；样例：库内未命中该层次开设样例,库内未命中,区域重点/特色优势：核心课保持完整，通常叠加地方产业、行业场景、实验项目和专业方向模块；样例：库内未命中该层次开设样例,琼台师范学院、德宏师范学院、丽江师范学院、桂林师范学院、新疆和田学院,普通应用/职业供给：更强调岗位技能、项目实训、证书衔接、综合实践，课程呈现更实训化、工具化；样例：琼台师范学院、德宏师范学院、丽江师范学院、桂林师范学院、新疆和田学院
570116,心理健康教育,2,,三年,教育与体育大类,教育类,专业导论、岗位基础技能、专业核心技术、设备/软件操作、项目实训、职业规范、综合实训、顶岗实习,category_template,rysxai课程文本未抽出课程名,库内未命中,头部/强研究型：核心课不一定换名称，但会加深数学/理论和研究训练，重点看理论深度、科研训练、交叉前沿、学术写作；样例：库内未命中该层次开设样例,库内未命中,区域重点/特色优势：核心课保持完整，通常叠加地方产业、行业场景、实验项目和专业方向模块；样例：库内未命中该层次开设样例,桂林师范学院、宜春幼儿师范高等专科学校、川北幼儿师范高等专科学校、广东茂名幼儿师范专科学校、广州幼儿师范高等专科学校,普通应用/职业供给：更强调岗位技能、项目实训、证书衔接、综合实践，课程呈现更实训化、工具化；样例：桂林师范学院、宜春幼儿师范高等专科学校、川北幼儿师范高等专科学校、广东茂名幼儿师范专科学校、广州幼儿师范高等专科学校
580101,治安管理,2,,三年,公安与司法大类,公安管理类,专业导论、岗位基础技能、专业核心技术、设备/软件操作、项目实训、职业规范、综合实训、顶岗实习,category_template,rysxai课程文本未抽出课程名,库内未命中,头部/强研究型：核心课不一定换名称，但会加深数学/理论和研究训练，重点看理论深度、科研训练、交叉前沿、学术写作；样例：库内未命中该层次开设样例,库内未命中,区域重点/特色优势：核心课保持完整，通常叠加地方产业、行业场景、实验项目和专业方向模块；样例：库内未命中该层次开设样例,新疆警察学院、陕西警察学院、甘肃警察学院、宁夏警官职业学院、江西司法警官职业学院,普通应用/职业供给：更强调岗位技能、项目实训、证书衔接、综合实践，课程呈现更实训化、工具化；样例：新疆警察学院、陕西警察学院、甘肃警察学院、宁夏警官职业学院、江西司法警官职业学院
580102,道路交通管理,2,,三年,公安与司法大类,公安管理类,专业导论、岗位基础技能、专业核心技术、设备/软件操作、项目实训、职业规范、综合实训、顶岗实习,category_template,rysxai课程文本未抽出课程名,库内未命中,头部/强研究型：核心课不一定换名称，但会加深数学/理论和研究训练，重点看理论深度、科研训练、交叉前沿、学术写作；样例：库内未命中该层次开设样例,库内未命中,区域重点/特色优势：核心课保持完整，通常叠加地方产业、行业场景、实验项目和专业方向模块；样例：库内未命中该层次开设样例,陕西警察学院、甘肃警察学院、宁夏警官职业学院、河北公安警察职业学院、西藏警官高等专科学校,普通应用/职业供给：更强调岗位技能、项目实训、证书衔接、综合实践，课程呈现更实训化、工具化；样例：陕西警察学院、甘肃警察学院、宁夏警官职业学院、河北公安警察职业学院、西藏警官高等专科学校
580103,特警,2,,三年,公安与司法大类,公安管理类,专业导论、岗位基础技能、专业核心技术、设备/软件操作、项目实训、职业规范、综合实训、顶岗实习,category_template,rysxai课程文本未抽出课程名,库内未命中,头部/强研究型：核心课不一定换名称，但会加深数学/理论和研究训练，重点看理论深度、科研训练、交叉前沿、学术写作；样例：库内未命中该层次开设样例,库内未命中,区域重点/特色优势：核心课保持完整，通常叠加地方产业、行业场景、实验项目和专业方向模块；样例：库内未命中该层次开设样例,甘肃警察学院、宁夏警官职业学院、河北公安警察职业学院,普通应用/职业供给：更强调岗位技能、项目实训、证书衔接、综合实践，课程呈现更实训化、工具化；样例：甘肃警察学院、宁夏警官职业学院、河北公安警察职业学院
580104,警务指挥与战术,2,法学学士,四年,公安与司法大类,公安管理类,专业导论、岗位基础技能、专业核心技术、设备/软件操作、项目实训、职业规范、综合实训、顶岗实习,category_template,rysxai课程文本未抽出课程名,库内未命中,头部/强研究型：核心课不一定换名称，但会加深数学/理论和研究训练，重点看理论深度、科研训练、交叉前沿、学术写作；样例：库内未命中该层次开设样例,江苏警官学院、南京警察学院、广东警官学院、河南警察学院、郑州警察学院,区域重点/特色优势：核心课保持完整，通常叠加地方产业、行业场景、实验项目和专业方向模块；样例：江苏警官学院、南京警察学院、广东警官学院、河南警察学院、郑州警察学院,上海公安学院、广西警察学院、新疆警察学院、陕西警察学院、安徽公安学院,普通应用/职业供给：更强调岗位技能、项目实训、证书衔接、综合实践，课程呈现更实训化、工具化；样例：上海公安学院、广西警察学院、新疆警察学院、陕西警察学院、安徽公安学院
580201,刑事科学技术,2,工学学士,四年,公安与司法大类,公安技术类,专业导论、岗位基础技能、专业核心技术、设备/软件操作、项目实训、职业规范、综合实训、顶岗实习,category_template,rysxai课程文本未抽出课程名,西南政法大学、西北政法大学,头部/强研究型：核心课不一定换名称，但会加深数学/理论和研究训练，重点看理论深度、科研训练、交叉前沿、学术写作；样例：西南政法大学、西北政法大学,中国刑事警察学院、四川警察学院、江苏警官学院、南京警察学院、甘肃政法大学,区域重点/特色优势：核心课保持完整，通常叠加地方产业、行业场景、实验项目和专业方向模块；样例：中国刑事警察学院、四川警察学院、江苏警官学院、南京警察学院、甘肃政法大学,上海公安学院、吉林警察学院、广西警察学院、新疆警察学院、陕西警察学院,普通应用/职业供给：更强调岗位技能、项目实训、证书衔接、综合实践，课程呈现更实训化、工具化；样例：上海公安学院、吉林警察学院、广西警察学院、新疆警察学院、陕西警察学院
580202,网络安全与执法,2,工学学士,四年,公安与司法大类,公安技术类,专业导论、岗位基础技能、专业核心技术、设备/软件操作、项目实训、职业规范、综合实训、顶岗实习,category_template,rysxai课程文本未抽出课程名,库内未命中,头部/强研究型：核心课不一定换名称，但会加深数学/理论和研究训练，重点看理论深度、科研训练、交叉前沿、学术写作；样例：库内未命中该层次开设样例,中国刑事警察学院、四川警察学院、江苏警官学院、南京警察学院、北京警察学院,区域重点/特色优势：核心课保持完整，通常叠加地方产业、行业场景、实验项目和专业方向模块；样例：中国刑事警察学院、四川警察学院、江苏警官学院、南京警察学院、北京警察学院,上海公安学院、吉林警察学院、广西警察学院、新疆警察学院、陕西警察学院,普通应用/职业供给：更强调岗位技能、项目实训、证书衔接、综合实践，课程呈现更实训化、工具化；样例：上海公安学院、吉林警察学院、广西警察学院、新疆警察学院、陕西警察学院
580203,警犬技术,2,法学学士,四年,公安与司法大类,公安技术类,专业导论、岗位基础技能、专业核心技术、设备/软件操作、项目实训、职业规范、综合实训、顶岗实习,category_template,rysxai课程文本未抽出课程名,库内未命中,头部/强研究型：核心课不一定换名称，但会加深数学/理论和研究训练，重点看理论深度、科研训练、交叉前沿、学术写作；样例：库内未命中该层次开设样例,中国刑事警察学院、四川警察学院、南京警察学院、北京警察学院、广东警官学院,区域重点/特色优势：核心课保持完整，通常叠加地方产业、行业场景、实验项目和专业方向模块；样例：中国刑事警察学院、四川警察学院、南京警察学院、北京警察学院、广东警官学院,新疆警察学院、甘肃警察学院,普通应用/职业供给：更强调岗位技能、项目实训、证书衔接、综合实践，课程呈现更实训化、工具化；样例：新疆警察学院、甘肃警察学院
580301,刑事侦查,2,法学学士,四年,公安与司法大类,侦查类,专业导论、岗位基础技能、专业核心技术、设备/软件操作、项目实训、职业规范、综合实训、顶岗实习,category_template,rysxai课程文本未抽出课程名,库内未命中,头部/强研究型：核心课不一定换名称，但会加深数学/理论和研究训练，重点看理论深度、科研训练、交叉前沿、学术写作；样例：库内未命中该层次开设样例,库内未命中,区域重点/特色优势：核心课保持完整，通常叠加地方产业、行业场景、实验项目和专业方向模块；样例：库内未命中该层次开设样例,新疆警察学院、陕西警察学院、宁夏警官职业学院、河北公安警察职业学院、西藏警官高等专科学校,普通应用/职业供给：更强调岗位技能、项目实训、证书衔接、综合实践，课程呈现更实训化、工具化；样例：新疆警察学院、陕西警察学院、宁夏警官职业学院、河北公安警察职业学院、西藏警官高等专科学校
580302,政治安全保卫,2,,三年,公安与司法大类,侦查类,专业导论、岗位基础技能、专业核心技术、设备/软件操作、项目实训、职业规范、综合实训、顶岗实习,category_template,rysxai课程文本未抽出课程名,库内未命中,头部/强研究型：核心课不一定换名称，但会加深数学/理论和研究训练，重点看理论深度、科研训练、交叉前沿、学术写作；样例：库内未命中该层次开设样例,库内未命中,区域重点/特色优势：核心课保持完整，通常叠加地方产业、行业场景、实验项目和专业方向模块；样例：库内未命中该层次开设样例,浙江警官职业学院、西藏警官高等专科学校、嵩山少林武术职业学院,普通应用/职业供给：更强调岗位技能、项目实训、证书衔接、综合实践，课程呈现更实训化、工具化；样例：浙江警官职业学院、西藏警官高等专科学校、嵩山少林武术职业学院
580303,经济犯罪侦查,2,法学学士,四年,公安与司法大类,侦查类,专业导论、岗位基础技能、专业核心技术、设备/软件操作、项目实训、职业规范、综合实训、顶岗实习,category_template,rysxai课程文本未抽出课程名,西南政法大学,头部/强研究型：核心课不一定换名称，但会加深数学/理论和研究训练，重点看理论深度、科研训练、交叉前沿、学术写作；样例：西南政法大学,中国刑事警察学院、江苏警官学院、广东警官学院、河南警察学院、云南警官学院,区域重点/特色优势：核心课保持完整，通常叠加地方产业、行业场景、实验项目和专业方向模块；样例：中国刑事警察学院、江苏警官学院、广东警官学院、河南警察学院、云南警官学院,吉林警察学院、广西警察学院、安徽公安学院、甘肃警察学院、河北公安警察职业学院,普通应用/职业供给：更强调岗位技能、项目实训、证书衔接、综合实践，课程呈现更实训化、工具化；样例：吉林警察学院、广西警察学院、安徽公安学院、甘肃警察学院、河北公安警察职业学院
580304,禁毒,2,,三年,公安与司法大类,侦查类,专业导论、岗位基础技能、专业核心技术、设备/软件操作、项目实训、职业规范、综合实训、顶岗实习,category_template,rysxai课程文本未抽出课程名,库内未命中,头部/强研究型：核心课不一定换名称，但会加深数学/理论和研究训练，重点看理论深度、科研训练、交叉前沿、学术写作；样例：库内未命中该层次开设样例,库内未命中,区域重点/特色优势：核心课保持完整，通常叠加地方产业、行业场景、实验项目和专业方向模块；样例：库内未命中该层次开设样例,库内未命中,普通应用/职业供给：更强调岗位技能、项目实训、证书衔接、综合实践，课程呈现更实训化、工具化；样例：库内未命中该层次开设样例
580501,刑事执行,2,,三年,公安与司法大类,法律执行类,专业导论、岗位基础技能、专业核心技术、设备/软件操作、项目实训、职业规范、综合实训、顶岗实习,category_template,rysxai课程文本未抽出课程名,库内未命中,头部/强研究型：核心课不一定换名称，但会加深数学/理论和研究训练，重点看理论深度、科研训练、交叉前沿、学术写作；样例：库内未命中该层次开设样例,库内未命中,区域重点/特色优势：核心课保持完整，通常叠加地方产业、行业场景、实验项目和专业方向模块；样例：库内未命中该层次开设样例,北京政法职业学院、吉林司法警官职业学院、宁夏警官职业学院、安徽警官职业学院、山东司法警官职业学院,普通应用/职业供给：更强调岗位技能、项目实训、证书衔接、综合实践，课程呈现更实训化、工具化；样例：北京政法职业学院、吉林司法警官职业学院、宁夏警官职业学院、安徽警官职业学院、山东司法警官职业学院
580503,行政执行,2,,三年,公安与司法大类,法律执行类,专业导论、岗位基础技能、专业核心技术、设备/软件操作、项目实训、职业规范、综合实训、顶岗实习,category_template,rysxai课程文本未抽出课程名,库内未命中,头部/强研究型：核心课不一定换名称，但会加深数学/理论和研究训练，重点看理论深度、科研训练、交叉前沿、学术写作；样例：库内未命中该层次开设样例,库内未命中,区域重点/特色优势：核心课保持完整，通常叠加地方产业、行业场景、实验项目和专业方向模块；样例：库内未命中该层次开设样例,北京政法职业学院、吉林司法警官职业学院、宁夏警官职业学院、安徽警官职业学院、山东司法警官职业学院,普通应用/职业供给：更强调岗位技能、项目实训、证书衔接、综合实践，课程呈现更实训化、工具化；样例：北京政法职业学院、吉林司法警官职业学院、宁夏警官职业学院、安徽警官职业学院、山东司法警官职业学院
580504,司法警务,2,,三年,公安与司法大类,法律执行类,专业导论、岗位基础技能、专业核心技术、设备/软件操作、项目实训、职业规范、综合实训、顶岗实习,category_template,rysxai课程文本未抽出课程名,库内未命中,头部/强研究型：核心课不一定换名称，但会加深数学/理论和研究训练，重点看理论深度、科研训练、交叉前沿、学术写作；样例：库内未命中该层次开设样例,库内未命中,区域重点/特色优势：核心课保持完整，通常叠加地方产业、行业场景、实验项目和专业方向模块；样例：库内未命中该层次开设样例,陕西警察学院、甘肃警察学院、吉林司法警官职业学院、宁夏警官职业学院、安徽警官职业学院,普通应用/职业供给：更强调岗位技能、项目实训、证书衔接、综合实践，课程呈现更实训化、工具化；样例：陕西警察学院、甘肃警察学院、吉林司法警官职业学院、宁夏警官职业学院、安徽警官职业学院
580506,专门矫治教育,2,,三年,公安与司法大类,法律执行类,专业导论、岗位基础技能、专业核心技术、设备/软件操作、项目实训、职业规范、综合实训、顶岗实习,category_template,未匹配rysxai课程文本,库内未命中,头部/强研究型：核心课不一定换名称，但会加深数学/理论和研究训练，重点看理论深度、科研训练、交叉前沿、学术写作；样例：库内未命中该层次开设样例,库内未命中,区域重点/特色优势：核心课保持完整，通常叠加地方产业、行业场景、实验项目和专业方向模块；样例：库内未命中该层次开设样例,库内未命中,普通应用/职业供给：更强调岗位技能、项目实训、证书衔接、综合实践，课程呈现更实训化、工具化；样例：库内未命中该层次开设样例
580601,刑事侦查技术,2,,三年,公安与司法大类,司法技术类,专业导论、岗位基础技能、专业核心技术、设备/软件操作、项目实训、职业规范、综合实训、顶岗实习,category_template,rysxai课程文本未抽出课程名,库内未命中,头部/强研究型：核心课不一定换名称，但会加深数学/理论和研究训练，重点看理论深度、科研训练、交叉前沿、学术写作；样例：库内未命中该层次开设样例,库内未命中,区域重点/特色优势：核心课保持完整，通常叠加地方产业、行业场景、实验项目和专业方向模块；样例：库内未命中该层次开设样例,吉林司法警官职业学院、宁夏警官职业学院、安徽警官职业学院、山东司法警官职业学院、广东司法警官职业学院,普通应用/职业供给：更强调岗位技能、项目实训、证书衔接、综合实践，课程呈现更实训化、工具化；样例：吉林司法警官职业学院、宁夏警官职业学院、安徽警官职业学院、山东司法警官职业学院、广东司法警官职业学院
580602,司法信息技术,2,,三年,公安与司法大类,司法技术类,专业导论、岗位基础技能、专业核心技术、设备/软件操作、项目实训、职业规范、综合实训、顶岗实习,category_template,rysxai课程文本未抽出课程名,库内未命中,头部/强研究型：核心课不一定换名称，但会加深数学/理论和研究训练，重点看理论深度、科研训练、交叉前沿、学术写作；样例：库内未命中该层次开设样例,库内未命中,区域重点/特色优势：核心课保持完整，通常叠加地方产业、行业场景、实验项目和专业方向模块；样例：库内未命中该层次开设样例,吉林司法警官职业学院、宁夏警官职业学院、安徽警官职业学院、山东司法警官职业学院、山西省政法管理干部学院,普通应用/职业供给：更强调岗位技能、项目实训、证书衔接、综合实践，课程呈现更实训化、工具化；样例：吉林司法警官职业学院、宁夏警官职业学院、安徽警官职业学院、山东司法警官职业学院、山西省政法管理干部学院
580604,司法信息安全,2,,三年,公安与司法大类,司法技术类,程序设计、数据结构、计算机网络、操作系统、密码学、网络安全、系统安全、安全攻防实践,category_template,rysxai课程文本未抽出课程名,库内未命中,头部/强研究型：核心课不一定换名称，但会加深数学/理论和研究训练，重点看理论深度、科研训练、交叉前沿、学术写作；样例：库内未命中该层次开设样例,库内未命中,区域重点/特色优势：核心课保持完整，通常叠加地方产业、行业场景、实验项目和专业方向模块；样例：库内未命中该层次开设样例,北京政法职业学院、吉林司法警官职业学院、安徽警官职业学院、山东司法警官职业学院、广东司法警官职业学院,普通应用/职业供给：更强调岗位技能、项目实训、证书衔接、综合实践，课程呈现更实训化、工具化；样例：北京政法职业学院、吉林司法警官职业学院、安徽警官职业学院、山东司法警官职业学院、广东司法警官职业学院
580605,罪犯心理测量与矫正技术,2,,三年,公安与司法大类,司法技术类,专业导论、岗位基础技能、专业核心技术、设备/软件操作、项目实训、职业规范、综合实训、顶岗实习,category_template,rysxai课程文本未抽出课程名,库内未命中,头部/强研究型：核心课不一定换名称，但会加深数学/理论和研究训练，重点看理论深度、科研训练、交叉前沿、学术写作；样例：库内未命中该层次开设样例,库内未命中,区域重点/特色优势：核心课保持完整，通常叠加地方产业、行业场景、实验项目和专业方向模块；样例：库内未命中该层次开设样例,吉林司法警官职业学院、宁夏警官职业学院、安徽警官职业学院、广东司法警官职业学院、武汉警官职业学院,普通应用/职业供给：更强调岗位技能、项目实训、证书衔接、综合实践，课程呈现更实训化、工具化；样例：吉林司法警官职业学院、宁夏警官职业学院、安徽警官职业学院、广东司法警官职业学院、武汉警官职业学院
580606,戒毒矫治技术,2,,三年,公安与司法大类,司法技术类,专业导论、岗位基础技能、专业核心技术、设备/软件操作、项目实训、职业规范、综合实训、顶岗实习,category_template,rysxai课程文本未抽出课程名,库内未命中,头部/强研究型：核心课不一定换名称，但会加深数学/理论和研究训练，重点看理论深度、科研训练、交叉前沿、学术写作；样例：库内未命中该层次开设样例,库内未命中,区域重点/特色优势：核心课保持完整，通常叠加地方产业、行业场景、实验项目和专业方向模块；样例：库内未命中该层次开设样例,吉林司法警官职业学院、宁夏警官职业学院、江西司法警官职业学院、湖南司法警官职业学院,普通应用/职业供给：更强调岗位技能、项目实训、证书衔接、综合实践，课程呈现更实训化、工具化；样例：吉林司法警官职业学院、宁夏警官职业学院、江西司法警官职业学院、湖南司法警官职业学院
020110TK,低空经济与管理,本科(普通),,四年,经济学,经济学类,运输经济学、运筹学、统计学、管理学、金融学、低空经济概论、航空经济理论与实践、低空物流管理概论、低空数据分析与应用、低空经济政策与法规,rysxai_major_course,,库内未命中,头部/强研究型：核心课不一定换名称，但会加深数学/理论和研究训练，重点看高级微宏观、计量建模、政策评估、数据实证；样例：库内未命中该层次开设样例,库内未命中,区域重点/特色优势：核心课保持完整，通常叠加地方产业、行业场景、实验项目和专业方向模块；样例：库内未命中该层次开设样例,库内未命中,普通应用/职业供给：更强调Excel/统计软件、业务流程、案例实训、岗位证书，课程呈现更实训化、工具化；样例：库内未命中该层次开设样例
020111T,资源环境审计,本科(普通),,四年,经济学,经济学类,审计学、政府审计、资源环境经济学、环境法规、自然资源资产核算、碳会计、环境绩效评价、数据审计技术、微观经济学、宏观经济学,rysxai_major_course,,库内未命中,头部/强研究型：核心课不一定换名称，但会加深数学/理论和研究训练，重点看高级微宏观、计量建模、政策评估、数据实证；样例：库内未命中该层次开设样例,库内未命中,区域重点/特色优势：核心课保持完整，通常叠加地方产业、行业场景、实验项目和专业方向模块；样例：库内未命中该层次开设样例,库内未命中,普通应用/职业供给：更强调Excel/统计软件、业务流程、案例实训、岗位证书，课程呈现更实训化、工具化；样例：库内未命中该层次开设样例
020312TK,数字金融,本科(普通),,四年,经济学,金融学类,金融学、公司金融、金融工程、Python金融分析、机器学习基础、数字支付、区块链金融、金融监管科技、数据安全、投资学,rysxai_major_course,,库内未命中,头部/强研究型：核心课不一定换名称，但会加深数学/理论和研究训练，重点看高级微宏观、计量建模、政策评估、数据实证；样例：库内未命中该层次开设样例,库内未命中,区域重点/特色优势：核心课保持完整，通常叠加地方产业、行业场景、实验项目和专业方向模块；样例：库内未命中该层次开设样例,库内未命中,普通应用/职业供给：更强调Excel/统计软件、业务流程、案例实训、岗位证书，课程呈现更实训化、工具化；样例：库内未命中该层次开设样例
020404TK,数字贸易,本科(普通),,四年,经济学,经济与贸易类,数字贸易概论、国际贸易实务、跨境电子商务、数字营销、平台经济、数据合规与跨境数据流动、国际结算、供应链管理、国际贸易学、国际金融,rysxai_major_course,,库内未命中,头部/强研究型：核心课不一定换名称，但会加深数学/理论和研究训练，重点看高级微宏观、计量建模、政策评估、数据实证；样例：库内未命中该层次开设样例,库内未命中,区域重点/特色优势：核心课保持完整，通常叠加地方产业、行业场景、实验项目和专业方向模块；样例：库内未命中该层次开设样例,库内未命中,普通应用/职业供给：更强调Excel/统计软件、业务流程、案例实训、岗位证书，课程呈现更实训化、工具化；样例：库内未命中该层次开设样例
030624TK,森林消防,本科(普通),,四年,法学,公安学类,森林消防学、林火原理、应急指挥、消防战术、遥感监测、救援装备、森林生态学、灾害风险评估、法理学、宪法学,rysxai_major_course,,库内未命中,头部/强研究型：核心课不一定换名称，但会加深数学/理论和研究训练，重点看法学方法论、部门法专题、案例研判、比较法；样例：库内未命中该层次开设样例,库内未命中,区域重点/特色优势：核心课保持完整，通常叠加地方产业、行业场景、实验项目和专业方向模块；样例：库内未命中该层次开设样例,库内未命中,普通应用/职业供给：更强调法律文书、模拟法庭、基层治理案例、实务流程，课程呈现更实训化、工具化；样例：库内未命中该层次开设样例
030625TK,政治安全保卫,本科(普通),,四年,法学,公安学类,法学基础、公安学基础、国家安全学概论、政治安全保卫、情报分析、反恐与反邪教、公共危机管理、警务实战、法理学、宪法学,rysxai_major_course,,库内未命中,头部/强研究型：核心课不一定换名称，但会加深数学/理论和研究训练，重点看法学方法论、部门法专题、案例研判、比较法；样例：库内未命中该层次开设样例,库内未命中,区域重点/特色优势：核心课保持完整，通常叠加地方产业、行业场景、实验项目和专业方向模块；样例：库内未命中该层次开设样例,浙江警官职业学院、西藏警官高等专科学校、嵩山少林武术职业学院,普通应用/职业供给：更强调法律文书、模拟法庭、基层治理案例、实务流程，课程呈现更实训化、工具化；样例：浙江警官职业学院、西藏警官高等专科学校、嵩山少林武术职业学院
040218TK,太极拳,本科(普通),,四年,教育学,体育学类,太极拳技术、太极推手、民族传统体育概论、运动解剖学、运动生理学、体育教学论、康养运动指导、武术竞赛组织、体育概论、体育心理学,rysxai_major_course,,库内未命中,头部/强研究型：核心课不一定换名称，但会加深数学/理论和研究训练，重点看理论深度、科研训练、交叉前沿、学术写作；样例：库内未命中该层次开设样例,库内未命中,区域重点/特色优势：核心课保持完整，通常叠加地方产业、行业场景、实验项目和专业方向模块；样例：库内未命中该层次开设样例,库内未命中,普通应用/职业供给：更强调岗位技能、项目实训、证书衔接、综合实践，课程呈现更实训化、工具化；样例：库内未命中该层次开设样例
050114TK,语言科学,本科(普通),,四年,文学,中国语言文学类,语言学概论、语音学、语法学、语义学、语用学、心理语言学、社会语言学、语言调查方法、语言数据处理、现代汉语,rysxai_major_course,,库内未命中,头部/强研究型：核心课不一定换名称，但会加深数学/理论和研究训练，重点看原典研读、语言/文本分析、学术写作、跨文化专题；样例：库内未命中该层次开设样例,库内未命中,区域重点/特色优势：核心课保持完整，通常叠加地方产业、行业场景、实验项目和专业方向模块；样例：库内未命中该层次开设样例,库内未命中,普通应用/职业供给：更强调写作、编辑、新媒体工具、教育/传播实训，课程呈现更实训化、工具化；样例：库内未命中该层次开设样例
050201,英语,本科(普通),文学学士,四年，五年,文学,外国语言文学类,英语、综合英语、英语语音、英语听力、英语阅读、英语口语、英语写作、视听说、高级英语、高级英语语法,rysxai_major_course,,清华大学、北京大学、浙江大学、上海交通大学、复旦大学,头部/强研究型：核心课不一定换名称，但会加深数学/理论和研究训练，重点看原典研读、语言/文本分析、学术写作、跨文化专题；样例：清华大学、北京大学、浙江大学、上海交通大学、复旦大学,浙江工商大学、西交利物浦大学、山东师范大学、广州大学、上海理工大学,区域重点/特色优势：核心课保持完整，通常叠加地方产业、行业场景、实验项目和专业方向模块；样例：浙江工商大学、西交利物浦大学、山东师范大学、广州大学、上海理工大学,洛阳理工学院、周口师范学院、湘南学院、许昌学院、贵州理工学院,普通应用/职业供给：更强调写作、编辑、新媒体工具、教育/传播实训，课程呈现更实训化、工具化；样例：洛阳理工学院、周口师范学院、湘南学院、许昌学院、贵州理工学院
0502105T,法律英语,本科(普通),,四年,文学,外国语言文学类,综合英语、法律英语阅读、英美法律制度、国际商法、合同法基础、法律翻译、法律写作、模拟谈判、综合外语、高级外语,rysxai_major_course,,库内未命中,头部/强研究型：核心课不一定换名称，但会加深数学/理论和研究训练，重点看原典研读、语言/文本分析、学术写作、跨文化专题；样例：库内未命中该层次开设样例,库内未命中,区域重点/特色优势：核心课保持完整，通常叠加地方产业、行业场景、实验项目和专业方向模块；样例：库内未命中该层次开设样例,库内未命中,普通应用/职业供给：更强调写作、编辑、新媒体工具、教育/传播实训，课程呈现更实训化、工具化；样例：库内未命中该层次开设样例
0502106TK,计算语言学,本科(普通),,四年,文学,外国语言文学类,Python程序设计、数据结构、计算语言学、语料库语言学、自然语言处理、语音识别、机器学习、深度学习基础、综合外语、高级外语,rysxai_major_course,,库内未命中,头部/强研究型：核心课不一定换名称，但会加深数学/理论和研究训练，重点看原典研读、语言/文本分析、学术写作、跨文化专题；样例：库内未命中该层次开设样例,库内未命中,区域重点/特色优势：核心课保持完整，通常叠加地方产业、行业场景、实验项目和专业方向模块；样例：库内未命中该层次开设样例,库内未命中,普通应用/职业供给：更强调写作、编辑、新媒体工具、教育/传播实训，课程呈现更实训化、工具化；样例：库内未命中该层次开设样例
0502107TK,语言智能,本科(普通),,四年,文学,外国语言文学类,语言智能导论、自然语言处理、大语言模型应用、语言数据标注、知识图谱、语音交互、人机对话设计、AI伦理、综合外语、高级外语,rysxai_major_course,,库内未命中,头部/强研究型：核心课不一定换名称，但会加深数学/理论和研究训练，重点看原典研读、语言/文本分析、学术写作、跨文化专题；样例：库内未命中该层次开设样例,库内未命中,区域重点/特色优势：核心课保持完整，通常叠加地方产业、行业场景、实验项目和专业方向模块；样例：库内未命中该层次开设样例,库内未命中,普通应用/职业供给：更强调写作、编辑、新媒体工具、教育/传播实训，课程呈现更实训化、工具化；样例：库内未命中该层次开设样例
050301,新闻学,本科(普通),文学学士,四年,文学,新闻传播学类,新闻学概论、中国新闻传播史、外国新闻史、新闻传播法规与伦理、传播学概论、新闻采访与写作、新闻写作、新闻采访、新闻评论实践、新闻编辑,rysxai_major_course,,清华大学、北京大学、浙江大学、复旦大学、南京大学,头部/强研究型：核心课不一定换名称，但会加深数学/理论和研究训练，重点看原典研读、语言/文本分析、学术写作、跨文化专题；样例：清华大学、北京大学、浙江大学、复旦大学、南京大学,江西财经大学、浙江工商大学、山东师范大学、青岛大学、北京语言大学,区域重点/特色优势：核心课保持完整，通常叠加地方产业、行业场景、实验项目和专业方向模块；样例：江西财经大学、浙江工商大学、山东师范大学、青岛大学、北京语言大学,洛阳理工学院、湘南学院、六盘水师范学院、渭南师范学院、廊坊师范学院,普通应用/职业供给：更强调写作、编辑、新媒体工具、教育/传播实训，课程呈现更实训化、工具化；样例：洛阳理工学院、湘南学院、六盘水师范学院、渭南师范学院、廊坊师范学院
070101,数学与应用数学,本科(普通),理学学士,四年,理学,数学类,数学与应用数学专业导论、数学分析、高等代数、解析几何、数学分析实践、高等代数实践、常微分方程、偏微分方程、实变函数、泛函分析,rysxai_major_course,,清华大学、北京大学、浙江大学、上海交通大学、复旦大学,头部/强研究型：核心课不一定换名称，但会加深数学/理论和研究训练，重点看数学建模、科研方法、前沿专题、文献研读；样例：清华大学、北京大学、浙江大学、上海交通大学、复旦大学,浙江工商大学、西交利物浦大学、山东师范大学、广州大学、上海理工大学,区域重点/特色优势：核心课保持完整，通常叠加地方产业、行业场景、实验项目和专业方向模块；样例：浙江工商大学、西交利物浦大学、山东师范大学、广州大学、上海理工大学,周口师范学院、湘南学院、许昌学院、江苏第二师范学院、六盘水师范学院,普通应用/职业供给：更强调实验操作、数据处理、应用软件、毕业实训，课程呈现更实训化、工具化；样例：周口师范学院、湘南学院、许昌学院、江苏第二师范学院、六盘水师范学院
070105TK,智能计算,本科(普通),,四年,理学,数学类,数学分析、高等代数、概率统计、数值分析、数据结构、算法设计、机器学习、并行计算、科学计算、解析几何,rysxai_major_course,,库内未命中,头部/强研究型：核心课不一定换名称，但会加深数学/理论和研究训练，重点看数学建模、科研方法、前沿专题、文献研读；样例：库内未命中该层次开设样例,库内未命中,区域重点/特色优势：核心课保持完整，通常叠加地方产业、行业场景、实验项目和专业方向模块；样例：库内未命中该层次开设样例,库内未命中,普通应用/职业供给：更强调实验操作、数据处理、应用软件、毕业实训，课程呈现更实训化、工具化；样例：库内未命中该层次开设样例
070201,物理学,本科(普通),理学学士,四年,理学,物理学类,*总体介绍、数学物理方法、计算机基础、Python编程技术、Matlab编程及其应用、力学、热学、电磁学、光学、大学物理,rysxai_major_course,,清华大学、北京大学、浙江大学、上海交通大学、复旦大学,头部/强研究型：核心课不一定换名称，但会加深数学/理论和研究训练，重点看数学建模、科研方法、前沿专题、文献研读；样例：清华大学、北京大学、浙江大学、上海交通大学、复旦大学,山东师范大学、广州大学、青岛大学、杭州师范大学、湖北大学,区域重点/特色优势：核心课保持完整，通常叠加地方产业、行业场景、实验项目和专业方向模块；样例：山东师范大学、广州大学、青岛大学、杭州师范大学、湖北大学,周口师范学院、湘南学院、许昌学院、江苏第二师范学院、商丘师范学院,普通应用/职业供给：更强调实验操作、数据处理、应用软件、毕业实训，课程呈现更实训化、工具化；样例：周口师范学院、湘南学院、许昌学院、江苏第二师范学院、商丘师范学院
070301,化学,本科(普通),理学学士,四年,理学,化学类,无机化学、有机化学、分析化学、物理化学、无机化学原理、元素无机化学、化学基础原理、应用化学基础、中级有机化学、中级无机化学,rysxai_major_course,,清华大学、北京大学、浙江大学、上海交通大学、复旦大学,头部/强研究型：核心课不一定换名称，但会加深数学/理论和研究训练，重点看数学建模、科研方法、前沿专题、文献研读；样例：清华大学、北京大学、浙江大学、上海交通大学、复旦大学,山东师范大学、广州大学、青岛大学、深圳北理莫斯科大学、杭州师范大学,区域重点/特色优势：核心课保持完整，通常叠加地方产业、行业场景、实验项目和专业方向模块；样例：山东师范大学、广州大学、青岛大学、深圳北理莫斯科大学、杭州师范大学,周口师范学院、湘南学院、许昌学院、江苏第二师范学院、六盘水师范学院,普通应用/职业供给：更强调实验操作、数据处理、应用软件、毕业实训，课程呈现更实训化、工具化；样例：周口师范学院、湘南学院、许昌学院、江苏第二师范学院、六盘水师范学院
071001,生物科学,本科(普通),理学学士,四年,理学,生物科学类,大学化学、普通生物学、生物伦理学、无机化学、有机化学、生物化学、遗传学、现代遗传学、微生物生物学、植物生物学,rysxai_major_course,,清华大学、北京大学、浙江大学、上海交通大学、复旦大学,头部/强研究型：核心课不一定换名称，但会加深数学/理论和研究训练，重点看数学建模、科研方法、前沿专题、文献研读；样例：清华大学、北京大学、浙江大学、上海交通大学、复旦大学,西交利物浦大学、山东师范大学、广州大学、深圳北理莫斯科大学、杭州师范大学,区域重点/特色优势：核心课保持完整，通常叠加地方产业、行业场景、实验项目和专业方向模块；样例：西交利物浦大学、山东师范大学、广州大学、深圳北理莫斯科大学、杭州师范大学,周口师范学院、江苏第二师范学院、六盘水师范学院、商丘师范学院、怀化学院,普通应用/职业供给：更强调实验操作、数据处理、应用软件、毕业实训，课程呈现更实训化、工具化；样例：周口师范学院、江苏第二师范学院、六盘水师范学院、商丘师范学院、怀化学院
071103TK,心理、脑与认知科学,本科(普通),,四年,理学,心理学类,普通心理学、认知心理学、神经科学基础、实验心理学、心理统计、脑电技术、认知建模、人工智能导论、发展心理学、心理测量,rysxai_major_course,,库内未命中,头部/强研究型：核心课不一定换名称，但会加深数学/理论和研究训练，重点看数学建模、科研方法、前沿专题、文献研读；样例：库内未命中该层次开设样例,库内未命中,区域重点/特色优势：核心课保持完整，通常叠加地方产业、行业场景、实验项目和专业方向模块；样例：库内未命中该层次开设样例,库内未命中,普通应用/职业供给：更强调实验操作、数据处理、应用软件、毕业实训，课程呈现更实训化、工具化；样例：库内未命中该层次开设样例
080201,机械工程,本科(普通),工学学士,四年,工学,机械类,机械导论、工程制图、机械原理、机械设计、材料科学与工程、工程材料与应用、几何量公差与检测、机械制造与装备、现代机械制造技术、液压与气压传动,rysxai_major_course,,清华大学、浙江大学、上海交通大学、西安交通大学、北京航空航天大学,头部/强研究型：核心课不一定换名称，但会加深数学/理论和研究训练，重点看高阶数学/物理、系统设计、科研训练、交叉前沿专题；样例：清华大学、浙江大学、上海交通大学、西安交通大学、北京航空航天大学,青岛大学、昆明理工大学、西安建筑科技大学、武汉科技大学、温州大学,区域重点/特色优势：核心课保持完整，通常叠加地方产业、行业场景、实验项目和专业方向模块；样例：青岛大学、昆明理工大学、西安建筑科技大学、武汉科技大学、温州大学,广州航海学院、四川文理学院、太原学院、山东农业工程学院、山西工程技术学院,普通应用/职业供给：更强调工具链、工艺流程、项目实训、岗位规范，课程呈现更实训化、工具化；样例：广州航海学院、四川文理学院、太原学院、山东农业工程学院、山西工程技术学院
080207,车辆工程,本科(普通),工学学士,四年,工学,机械类,理论力学、材料力学、工程制图/机械制图、工程力学、机械原理、工程材料及材料成型工艺、机械制造工程学、汽车构造、汽车理论、汽车设计,rysxai_major_course,,清华大学、浙江大学、西安交通大学、北京航空航天大学、北京理工大学,头部/强研究型：核心课不一定换名称，但会加深数学/理论和研究训练，重点看高阶数学/物理、系统设计、科研训练、交叉前沿专题；样例：清华大学、浙江大学、西安交通大学、北京航空航天大学、北京理工大学,上海理工大学、燕山大学、昆明理工大学、西安理工大学、西安建筑科技大学,区域重点/特色优势：核心课保持完整，通常叠加地方产业、行业场景、实验项目和专业方向模块；样例：上海理工大学、燕山大学、昆明理工大学、西安理工大学、西安建筑科技大学,洛阳理工学院、浙江水利水电学院、广州航海学院、河南工程学院、武汉商学院,普通应用/职业供给：更强调工具链、工艺流程、项目实训、岗位规范，课程呈现更实训化、工具化；样例：洛阳理工学院、浙江水利水电学院、广州航海学院、河南工程学院、武汉商学院
080221T,真空工程与技术,本科(普通),,四年,工学,机械类,工程热力学、流体力学、真空技术基础、机械设计、自动控制、真空测量与控制、薄膜沉积技术、设备可靠性、工程制图、理论力学,rysxai_major_course,,库内未命中,头部/强研究型：核心课不一定换名称，但会加深数学/理论和研究训练，重点看高阶数学/物理、系统设计、科研训练、交叉前沿专题；样例：库内未命中该层次开设样例,库内未命中,区域重点/特色优势：核心课保持完整，通常叠加地方产业、行业场景、实验项目和专业方向模块；样例：库内未命中该层次开设样例,库内未命中,普通应用/职业供给：更强调工具链、工艺流程、项目实训、岗位规范，课程呈现更实训化、工具化；样例：库内未命中该层次开设样例
080301,测控技术与仪器,本科(普通),工学学士,四年,工学,仪器类,程序设计语言、C语言程序设计、MATLAB基础与应用、误差理论与数据分析处理、电路分析基础与实验、模拟电子技术、数字电子技术、信号与系统、自动控制理论基础、测控技术及仪器专业导论,rysxai_major_course,,清华大学、中国科学技术大学、华中科技大学、西安交通大学、北京航空航天大学,头部/强研究型：核心课不一定换名称，但会加深数学/理论和研究训练，重点看高阶数学/物理、系统设计、科研训练、交叉前沿专题；样例：清华大学、中国科学技术大学、华中科技大学、西安交通大学、北京航空航天大学,上海理工大学、青岛大学、燕山大学、昆明理工大学、西安理工大学,区域重点/特色优势：核心课保持完整，通常叠加地方产业、行业场景、实验项目和专业方向模块；样例：上海理工大学、青岛大学、燕山大学、昆明理工大学、西安理工大学,太原工业学院、兰州工业学院、新疆理工学院、河南工学院、辽东学院,普通应用/职业供给：更强调工具链、工艺流程、项目实训、岗位规范，课程呈现更实训化、工具化；样例：太原工业学院、兰州工业学院、新疆理工学院、河南工学院、辽东学院
080401,材料科学与工程,本科(普通),工学学士,四年,工学,材料类,大学物理、工程力学、工程制图、大学化学、无机化学、有机化学、物理化学、分析化学、电工电子学实验、材料科学基础,rysxai_major_course,,清华大学、北京大学、浙江大学、上海交通大学、华中科技大学,头部/强研究型：核心课不一定换名称，但会加深数学/理论和研究训练，重点看高阶数学/物理、系统设计、科研训练、交叉前沿专题；样例：清华大学、北京大学、浙江大学、上海交通大学、华中科技大学,西交利物浦大学、广州大学、上海理工大学、深圳北理莫斯科大学、昆明理工大学,区域重点/特色优势：核心课保持完整，通常叠加地方产业、行业场景、实验项目和专业方向模块；样例：西交利物浦大学、广州大学、上海理工大学、深圳北理莫斯科大学、昆明理工大学,许昌学院、贵州理工学院、商丘师范学院、济宁学院、渭南师范学院,普通应用/职业供给：更强调工具链、工艺流程、项目实训、岗位规范，课程呈现更实训化、工具化；样例：许昌学院、贵州理工学院、商丘师范学院、济宁学院、渭南师范学院
080508T,能源科学与工程,本科(普通),,四年,工学,能源动力类,工程热力学、传热学、流体力学、燃烧学、热工测试技术、动力机械、能源系统分析、制冷与热泵,category_template,未匹配rysxai课程文本,库内未命中,头部/强研究型：核心课不一定换名称，但会加深数学/理论和研究训练，重点看高阶数学/物理、系统设计、科研训练、交叉前沿专题；样例：库内未命中该层次开设样例,库内未命中,区域重点/特色优势：核心课保持完整，通常叠加地方产业、行业场景、实验项目和专业方向模块；样例：库内未命中该层次开设样例,库内未命中,普通应用/职业供给：更强调工具链、工艺流程、项目实训、岗位规范，课程呈现更实训化、工具化；样例：库内未命中该层次开设样例
080601,电气工程及其自动化,本科(普通),工学学士,四年,工学,电气类,大学物理、复变函数和积分变换、场论与矢量分析、C语言、C++程序设计、Matlab语言及工程应用、现代工程制图、电路原理、模拟电子技术、数字电子技术,rysxai_major_course,,清华大学、浙江大学、上海交通大学、复旦大学、武汉大学,头部/强研究型：核心课不一定换名称，但会加深数学/理论和研究训练，重点看高阶数学/物理、系统设计、科研训练、交叉前沿专题；样例：清华大学、浙江大学、上海交通大学、复旦大学、武汉大学,西交利物浦大学、广州大学、上海理工大学、青岛大学、燕山大学,区域重点/特色优势：核心课保持完整，通常叠加地方产业、行业场景、实验项目和专业方向模块；样例：西交利物浦大学、广州大学、上海理工大学、青岛大学、燕山大学,洛阳理工学院、周口师范学院、浙江水利水电学院、湘南学院、许昌学院,普通应用/职业供给：更强调工具链、工艺流程、项目实训、岗位规范，课程呈现更实训化、工具化；样例：洛阳理工学院、周口师范学院、浙江水利水电学院、湘南学院、许昌学院
080701,电子信息工程,本科(普通),"理学学士,工学学士",四年,工学,电子信息类,大学物理、复变函数、概率论与数理统计、积分变换、数学建模与方法、电路分析基础、模拟电子技术、数字电子技术、信号与系统、数字信号处理,rysxai_major_course,,北京大学、浙江大学、中国科学技术大学、武汉大学、华中科技大学,头部/强研究型：核心课不一定换名称，但会加深数学/理论和研究训练，重点看高阶数学/物理、系统设计、科研训练、交叉前沿专题；样例：北京大学、浙江大学、中国科学技术大学、武汉大学、华中科技大学,浙江工商大学、山东师范大学、广州大学、上海理工大学、青岛大学,区域重点/特色优势：核心课保持完整，通常叠加地方产业、行业场景、实验项目和专业方向模块；样例：浙江工商大学、山东师范大学、广州大学、上海理工大学、青岛大学,周口师范学院、许昌学院、江苏第二师范学院、商丘师范学院、黄淮学院,普通应用/职业供给：更强调工具链、工艺流程、项目实训、岗位规范，课程呈现更实训化、工具化；样例：周口师范学院、许昌学院、江苏第二师范学院、商丘师范学院、黄淮学院
080704,微电子科学与工程,本科(普通),"理学学士,工学学士",四年,工学,电子信息类,量子力学与统计物理、固体物理、半导体物理、微电子器件、模拟电路基础、数字电路基础、信号与系统、集成电路原理、集成电路制造技术、数字CMOS集成电路设计,rysxai_major_course,,清华大学、北京大学、浙江大学、上海交通大学、复旦大学,头部/强研究型：核心课不一定换名称，但会加深数学/理论和研究训练，重点看高阶数学/物理、系统设计、科研训练、交叉前沿专题；样例：清华大学、北京大学、浙江大学、上海交通大学、复旦大学,西交利物浦大学、青岛大学、西安理工大学、湖北大学、长春理工大学,区域重点/特色优势：核心课保持完整，通常叠加地方产业、行业场景、实验项目和专业方向模块；样例：西交利物浦大学、青岛大学、西安理工大学、湖北大学、长春理工大学,太原工业学院、巢湖学院、凯里学院、山西电子科技学院、梧州学院,普通应用/职业供给：更强调工具链、工艺流程、项目实训、岗位规范，课程呈现更实训化、工具化；样例：太原工业学院、巢湖学院、凯里学院、山西电子科技学院、梧州学院
080723TK,半导体工艺与装备,本科(普通),,四年,工学,电子信息类,半导体物理、集成电路工艺、光刻技术、刻蚀与沉积、半导体设备、洁净室工程、封装测试、统计过程控制、电路分析、模拟电子技术,rysxai_major_course,,库内未命中,头部/强研究型：核心课不一定换名称，但会加深数学/理论和研究训练，重点看高阶数学/物理、系统设计、科研训练、交叉前沿专题；样例：库内未命中该层次开设样例,库内未命中,区域重点/特色优势：核心课保持完整，通常叠加地方产业、行业场景、实验项目和专业方向模块；样例：库内未命中该层次开设样例,库内未命中,普通应用/职业供给：更强调工具链、工艺流程、项目实训、岗位规范，课程呈现更实训化、工具化；样例：库内未命中该层次开设样例
080801,自动化,本科(普通),工学学士,四年,工学,自动化类,大学物理、复变函数和积分变换、工程图学和计算机图学、线性电子电路、数学建模与仿真、自动化专业导论、电路分析基础、模拟电子技术、数字电子技术、自动控制原理,rysxai_major_course,,清华大学、浙江大学、上海交通大学、南京大学、中国科学技术大学,头部/强研究型：核心课不一定换名称，但会加深数学/理论和研究训练，重点看高阶数学/物理、系统设计、科研训练、交叉前沿专题；样例：清华大学、浙江大学、上海交通大学、南京大学、中国科学技术大学,上海理工大学、青岛大学、燕山大学、昆明理工大学、西安理工大学,区域重点/特色优势：核心课保持完整，通常叠加地方产业、行业场景、实验项目和专业方向模块；样例：上海理工大学、青岛大学、燕山大学、昆明理工大学、西安理工大学,洛阳理工学院、周口师范学院、浙江水利水电学院、贵州理工学院、六盘水师范学院,普通应用/职业供给：更强调工具链、工艺流程、项目实训、岗位规范，课程呈现更实训化、工具化；样例：洛阳理工学院、周口师范学院、浙江水利水电学院、贵州理工学院、六盘水师范学院
080901,计算机科学与技术,本科(普通),"理学学士,工学学士",四年,工学,计算机类,离散结构、代数结构与数理逻辑、概率论与数理基础、随机数学、计算机应用数学、计算机导论、计算机科学概论、程序设计基础、高级语言程序设计、C&C++程序设计,rysxai_major_course,,清华大学、北京大学、浙江大学、上海交通大学、复旦大学,头部/强研究型：核心课不一定换名称，但会加深数学/理论和研究训练，重点看高阶数学/物理、系统设计、科研训练、交叉前沿专题；样例：清华大学、北京大学、浙江大学、上海交通大学、复旦大学,江西财经大学、浙江工商大学、西交利物浦大学、山东师范大学、广州大学,区域重点/特色优势：核心课保持完整，通常叠加地方产业、行业场景、实验项目和专业方向模块；样例：江西财经大学、浙江工商大学、西交利物浦大学、山东师范大学、广州大学,洛阳理工学院、周口师范学院、湘南学院、许昌学院、江苏第二师范学院,普通应用/职业供给：更强调工具链、工艺流程、项目实训、岗位规范，课程呈现更实训化、工具化；样例：洛阳理工学院、周口师范学院、湘南学院、许昌学院、江苏第二师范学院
081002,建筑环境与能源应用工程,本科(普通),工学学士,四年,工学,土木类,传热学、流体力学、热质交换原理、画法几何及土木水利工程制图、建筑环境学、建筑环境与测试技术、暖通空调、供热工程、空气调节与工业通风、空调工程,rysxai_major_course,,清华大学、华中科技大学、哈尔滨工业大学、同济大学、天津大学,头部/强研究型：核心课不一定换名称，但会加深数学/理论和研究训练，重点看高阶数学/物理、系统设计、科研训练、交叉前沿专题；样例：清华大学、华中科技大学、哈尔滨工业大学、同济大学、天津大学,广州大学、上海理工大学、燕山大学、昆明理工大学、浙江理工大学,区域重点/特色优势：核心课保持完整，通常叠加地方产业、行业场景、实验项目和专业方向模块；样例：广州大学、上海理工大学、燕山大学、昆明理工大学、浙江理工大学,洛阳理工学院、浙江水利水电学院、河南工程学院、武汉商学院、太原工业学院,普通应用/职业供给：更强调工具链、工艺流程、项目实训、岗位规范，课程呈现更实训化、工具化；样例：洛阳理工学院、浙江水利水电学院、河南工程学院、武汉商学院、太原工业学院
081014T,城市更新,本科(普通),,四年,工学,土木类,城市更新导论、城乡规划原理、建筑设计基础、历史建筑保护、城市经济学、社区治理、GIS应用、工程项目管理、理论力学、材料力学,rysxai_major_course,,库内未命中,头部/强研究型：核心课不一定换名称，但会加深数学/理论和研究训练，重点看高阶数学/物理、系统设计、科研训练、交叉前沿专题；样例：库内未命中该层次开设样例,库内未命中,区域重点/特色优势：核心课保持完整，通常叠加地方产业、行业场景、实验项目和专业方向模块；样例：库内未命中该层次开设样例,库内未命中,普通应用/职业供给：更强调工具链、工艺流程、项目实训、岗位规范，课程呈现更实训化、工具化；样例：库内未命中该层次开设样例
081101,水利水电工程,本科(普通),工学学士,四年,工学,水利类,理论力学、材料力学、结构力学、水力学、工程水文及水利计算、工程地质与水文地质、弹性力学与有限元、钢筋混凝土学、水工建筑物、水电站,rysxai_major_course,,武汉大学、华中科技大学、四川大学、天津大学、中国农业大学,头部/强研究型：核心课不一定换名称，但会加深数学/理论和研究训练，重点看高阶数学/物理、系统设计、科研训练、交叉前沿专题；样例：武汉大学、华中科技大学、四川大学、天津大学、中国农业大学,昆明理工大学、西安理工大学、山东农业大学、长沙理工大学、沈阳农业大学,区域重点/特色优势：核心课保持完整，通常叠加地方产业、行业场景、实验项目和专业方向模块；样例：昆明理工大学、西安理工大学、山东农业大学、长沙理工大学、沈阳农业大学,浙江水利水电学院、贵州理工学院、吉林农业科技学院、保山学院、河北水利电力学院,普通应用/职业供给：更强调工具链、工艺流程、项目实训、岗位规范，课程呈现更实训化、工具化；样例：浙江水利水电学院、贵州理工学院、吉林农业科技学院、保山学院、河北水利电力学院
081305T,化学工程与工业生物工程,本科(普通),工学学士,四年,工学,化工与制药类,大学英语、高等数学、大学物理、无机化学、有机化学、物理化学、生物化学、化工原理、工业生物反应工程、化工过程设计,rysxai_major_course,,清华大学、大连理工大学、大连理工大学(盘锦校区),头部/强研究型：核心课不一定换名称，但会加深数学/理论和研究训练，重点看高阶数学/物理、系统设计、科研训练、交叉前沿专题；样例：清华大学、大连理工大学、大连理工大学(盘锦校区),东北电力大学、西安工程大学、塔里木大学、吉林工程技术师范学院,区域重点/特色优势：核心课保持完整，通常叠加地方产业、行业场景、实验项目和专业方向模块；样例：东北电力大学、西安工程大学、塔里木大学、吉林工程技术师范学院,太原工业学院、兴义民族师范学院、太原学院、营口理工学院、青岛工学院,普通应用/职业供给：更强调工具链、工艺流程、项目实训、岗位规范，课程呈现更实训化、工具化；样例：太原工业学院、兴义民族师范学院、太原学院、营口理工学院、青岛工学院
081509TK,稀土科学与工程,本科(普通),,四年,工学,矿业类,数学分析、化学原理、物理化学、分析化学、结构化学、矿物加工学、稀土矿物学、稀土冶金学、稀土分离科学、材料科学基础,rysxai_major_course,,库内未命中,头部/强研究型：核心课不一定换名称，但会加深数学/理论和研究训练，重点看高阶数学/物理、系统设计、科研训练、交叉前沿专题；样例：库内未命中该层次开设样例,库内未命中,区域重点/特色优势：核心课保持完整，通常叠加地方产业、行业场景、实验项目和专业方向模块；样例：库内未命中该层次开设样例,库内未命中,普通应用/职业供给：更强调工具链、工艺流程、项目实训、岗位规范，课程呈现更实训化、工具化；样例：库内未命中该层次开设样例
081606T,纤维科学与智能制造,本科(普通),,四年,工学,纺织类,纤维材料学、非织造材料、纺纱学、织造学、智能纺织品、工业互联网、纺织检测、绿色制造、高等数学、大学物理,rysxai_major_course,,库内未命中,头部/强研究型：核心课不一定换名称，但会加深数学/理论和研究训练，重点看高阶数学/物理、系统设计、科研训练、交叉前沿专题；样例：库内未命中该层次开设样例,库内未命中,区域重点/特色优势：核心课保持完整，通常叠加地方产业、行业场景、实验项目和专业方向模块；样例：库内未命中该层次开设样例,库内未命中,普通应用/职业供给：更强调工具链、工艺流程、项目实训、岗位规范，课程呈现更实训化、工具化；样例：库内未命中该层次开设样例
081813T,交通能源融合工程,本科(普通),,四年,工学,交通运输类,交通工程学、电力系统基础、新能源汽车技术、充换电设施、储能技术、交通能源系统规划、智能调度、系统仿真、交通运输工程导论、运筹学,rysxai_major_course,,库内未命中,头部/强研究型：核心课不一定换名称，但会加深数学/理论和研究训练，重点看高阶数学/物理、系统设计、科研训练、交叉前沿专题；样例：库内未命中该层次开设样例,库内未命中,区域重点/特色优势：核心课保持完整，通常叠加地方产业、行业场景、实验项目和专业方向模块；样例：库内未命中该层次开设样例,库内未命中,普通应用/职业供给：更强调工具链、工艺流程、项目实训、岗位规范，课程呈现更实训化、工具化；样例：库内未命中该层次开设样例
081907T,海洋智能与无人技术,本科(普通),,四年,工学,海洋工程类,海洋工程概论、机器人学、自动控制、海洋传感器、导航定位、海洋通信、无人艇与潜航器、海上试验方法、高等数学、大学物理,rysxai_major_course,,库内未命中,头部/强研究型：核心课不一定换名称，但会加深数学/理论和研究训练，重点看高阶数学/物理、系统设计、科研训练、交叉前沿专题；样例：库内未命中该层次开设样例,库内未命中,区域重点/特色优势：核心课保持完整，通常叠加地方产业、行业场景、实验项目和专业方向模块；样例：库内未命中该层次开设样例,库内未命中,普通应用/职业供给：更强调工具链、工艺流程、项目实训、岗位规范，课程呈现更实训化、工具化；样例：库内未命中该层次开设样例
082201,核工程与核技术,本科(普通),工学学士,四年,工学,核工程类,核工程与核技术概论、核物理基础、原子核物理、工程热力学与传热学、热传学、流体机械、流体控制工程、核反应堆物理、反应堆物理、反应堆物理与数值计算,rysxai_major_course,,清华大学、上海交通大学、复旦大学、中国科学技术大学、武汉大学,头部/强研究型：核心课不一定换名称，但会加深数学/理论和研究训练，重点看高阶数学/物理、系统设计、科研训练、交叉前沿专题；样例：清华大学、上海交通大学、复旦大学、中国科学技术大学、武汉大学,三峡大学、上海电力大学、南华大学、西南科技大学、东北电力大学,区域重点/特色优势：核心课保持完整，通常叠加地方产业、行业场景、实验项目和专业方向模块；样例：三峡大学、上海电力大学、南华大学、西南科技大学、东北电力大学,成都理工大学工程技术学院,普通应用/职业供给：更强调工具链、工艺流程、项目实训、岗位规范，课程呈现更实训化、工具化；样例：成都理工大学工程技术学院
082308T,农业机器人,本科(普通),,四年,工学,农业工程类,农业机器人导论、机械设计、自动控制、机器视觉、导航定位、农业传感器、农机作业技术、田间试验、高等数学、大学物理,rysxai_major_course,,库内未命中,头部/强研究型：核心课不一定换名称，但会加深数学/理论和研究训练，重点看高阶数学/物理、系统设计、科研训练、交叉前沿专题；样例：库内未命中该层次开设样例,库内未命中,区域重点/特色优势：核心课保持完整，通常叠加地方产业、行业场景、实验项目和专业方向模块；样例：库内未命中该层次开设样例,库内未命中,普通应用/职业供给：更强调工具链、工艺流程、项目实训、岗位规范，课程呈现更实训化、工具化；样例：库内未命中该层次开设样例
082502,环境工程,本科(普通),工学学士,四年,工学,环境科学与工程类,大学物理、普通化学、无机化学、无机与分析化学、物理化学、电工电子学基础、电工学与电工实验、环境科学与工程概论、环境工程原理、流体力学及流体机械,rysxai_major_course,,清华大学、北京大学、浙江大学、南京大学、武汉大学,头部/强研究型：核心课不一定换名称，但会加深数学/理论和研究训练，重点看高阶数学/物理、系统设计、科研训练、交叉前沿专题；样例：清华大学、北京大学、浙江大学、南京大学、武汉大学,浙江工商大学、广州大学、上海理工大学、燕山大学、昆明理工大学,区域重点/特色优势：核心课保持完整，通常叠加地方产业、行业场景、实验项目和专业方向模块；样例：浙江工商大学、广州大学、上海理工大学、燕山大学、昆明理工大学,洛阳理工学院、周口师范学院、贵州理工学院、六盘水师范学院、河南工程学院,普通应用/职业供给：更强调工具链、工艺流程、项目实训、岗位规范，课程呈现更实训化、工具化；样例：洛阳理工学院、周口师范学院、贵州理工学院、六盘水师范学院、河南工程学院
082601,生物医学工程,本科(普通),"理学学士,工学学士",五年，四年,工学,生物医学工程类,C语言程序设计、模拟电子技术、数字电子技术、机械制图、数值计算与Matlab、面向对象程序设计、解剖生理学、解剖生理学实验、生物化学与分子生物学、生物化学与分子生物学实验,rysxai_major_course,,清华大学、北京大学、浙江大学、上海交通大学、复旦大学,头部/强研究型：核心课不一定换名称，但会加深数学/理论和研究训练，重点看高阶数学/物理、系统设计、科研训练、交叉前沿专题；样例：清华大学、北京大学、浙江大学、上海交通大学、复旦大学,上海理工大学、昆明理工大学、大连医科大学、湖北大学、安徽医科大学,区域重点/特色优势：核心课保持完整，通常叠加地方产业、行业场景、实验项目和专业方向模块；样例：上海理工大学、昆明理工大学、大连医科大学、湖北大学、安徽医科大学,新乡学院、豫北医学院、齐鲁医药学院、广州新华学院、温州医科大学仁济学院,普通应用/职业供给：更强调工具链、工艺流程、项目实训、岗位规范，课程呈现更实训化、工具化；样例：新乡学院、豫北医学院、齐鲁医药学院、广州新华学院、温州医科大学仁济学院
082801,建筑学,本科(普通),工学学士,五年，四年,工学,建筑类,建筑学导论、建筑初步、建筑设计基础、建筑美术基础、建筑形态构成、公共建筑设计及原理、居住建筑设计原理、居住区规划设计、工业建筑设计原理、高层建筑设计原理,rysxai_major_course,,清华大学、浙江大学、南京大学、武汉大学、华中科技大学,头部/强研究型：核心课不一定换名称，但会加深数学/理论和研究训练，重点看高阶数学/物理、系统设计、科研训练、交叉前沿专题；样例：清华大学、浙江大学、南京大学、武汉大学、华中科技大学,西交利物浦大学、广州大学、燕山大学、昆明理工大学、西安理工大学,区域重点/特色优势：核心课保持完整，通常叠加地方产业、行业场景、实验项目和专业方向模块；样例：西交利物浦大学、广州大学、燕山大学、昆明理工大学、西安理工大学,贵州理工学院、商丘师范学院、黄淮学院、南阳理工学院、湖南工学院,普通应用/职业供给：更强调工具链、工艺流程、项目实训、岗位规范，课程呈现更实训化、工具化；样例：贵州理工学院、商丘师范学院、黄淮学院、南阳理工学院、湖南工学院
082808T,智慧景观营造,本科(普通),,四年,工学,建筑类,风景园林设计、景观照明、智慧景观技术、GIS与BIM、园林植物学、生态修复、景观工程、项目管理、建筑设计基础、建筑设计,rysxai_major_course,,库内未命中,头部/强研究型：核心课不一定换名称，但会加深数学/理论和研究训练，重点看高阶数学/物理、系统设计、科研训练、交叉前沿专题；样例：库内未命中该层次开设样例,库内未命中,区域重点/特色优势：核心课保持完整，通常叠加地方产业、行业场景、实验项目和专业方向模块；样例：库内未命中该层次开设样例,库内未命中,普通应用/职业供给：更强调工具链、工艺流程、项目实训、岗位规范，课程呈现更实训化、工具化；样例：库内未命中该层次开设样例
083004T,生物制造,本科(普通),,四年,工学,生物工程类,生物化学、微生物学、分子生物学、发酵工程、生物反应器、生物分离工程、合成生物学、质量管理、高等数学、大学物理,rysxai_major_course,,库内未命中,头部/强研究型：核心课不一定换名称，但会加深数学/理论和研究训练，重点看高阶数学/物理、系统设计、科研训练、交叉前沿专题；样例：库内未命中该层次开设样例,库内未命中,区域重点/特色优势：核心课保持完整，通常叠加地方产业、行业场景、实验项目和专业方向模块；样例：库内未命中该层次开设样例,库内未命中,普通应用/职业供给：更强调工具链、工艺流程、项目实训、岗位规范，课程呈现更实训化、工具化；样例：库内未命中该层次开设样例
083113TK,低空安全管理,本科(普通),,四年,工学,公安技术类,低空安全管理、航空法规、无人机运行安全、安全系统工程、风险评估、空域运行监测、应急管理、事故调查、高等数学、大学物理,rysxai_major_course,,库内未命中,头部/强研究型：核心课不一定换名称，但会加深数学/理论和研究训练，重点看高阶数学/物理、系统设计、科研训练、交叉前沿专题；样例：库内未命中该层次开设样例,库内未命中,区域重点/特色优势：核心课保持完整，通常叠加地方产业、行业场景、实验项目和专业方向模块；样例：库内未命中该层次开设样例,库内未命中,普通应用/职业供给：更强调工具链、工艺流程、项目实训、岗位规范，课程呈现更实训化、工具化；样例：库内未命中该层次开设样例
090209T,盐碱地科学与工程,本科(普通),,四年,农学,自然保护与环境生态类,土壤学：学习土壤组成、理化性质等知识、植物学、植物生理学、遗传学、土壤肥料学、作物栽培学、植物保护学、种子学、农业生态学,rysxai_major_course+category_template,,库内未命中,头部/强研究型：核心课不一定换名称，但会加深数学/理论和研究训练，重点看实验设计、育种/生态前沿、田间试验、数据分析；样例：库内未命中该层次开设样例,库内未命中,区域重点/特色优势：核心课保持完整，通常叠加地方产业、行业场景、实验项目和专业方向模块；样例：库内未命中该层次开设样例,库内未命中,普通应用/职业供给：更强调生产实训、田间/养殖操作、病虫害识别、经营管理，课程呈现更实训化、工具化；样例：库内未命中该层次开设样例
090605T,智慧渔业,本科(普通),,四年,农学,水产类,水产养殖学、鱼类学、水环境化学、水生动物病害、渔业物联网、自动化装备、养殖数据分析、生态渔业、植物学、植物生理学,rysxai_major_course,,库内未命中,头部/强研究型：核心课不一定换名称，但会加深数学/理论和研究训练，重点看实验设计、育种/生态前沿、田间试验、数据分析；样例：库内未命中该层次开设样例,库内未命中,区域重点/特色优势：核心课保持完整，通常叠加地方产业、行业场景、实验项目和专业方向模块；样例：库内未命中该层次开设样例,库内未命中,普通应用/职业供给：更强调生产实训、田间/养殖操作、病虫害识别、经营管理，课程呈现更实训化、工具化；样例：库内未命中该层次开设样例
101018TK,核医学工程,本科(普通),,四年,医学,医学技术类,核物理基础、核医学概论、放射性药物、辐射防护、剂量学、医学影像设备、医学信号处理、临床工程技术、人体解剖生理学、临床医学概论,rysxai_major_course,,库内未命中,头部/强研究型：核心课不一定换名称，但会加深数学/理论和研究训练，重点看循证医学、临床科研、规范化临床技能、病例讨论；样例：库内未命中该层次开设样例,库内未命中,区域重点/特色优势：核心课保持完整，通常叠加地方产业、行业场景、实验项目和专业方向模块；样例：库内未命中该层次开设样例,库内未命中,普通应用/职业供给：更强调基础技能、临床见习、护理/检验/影像操作规范、资格考试衔接，课程呈现更实训化、工具化；样例：库内未命中该层次开设样例
120103,工程管理,本科(普通),"工学学士,管理学学士",四年,管理学,管理科学与工程类,管理学基础、专业入门、工程制图测量、管理逻辑、管理学原理、管理学、工程管理专业概论、工程管理概论、画法几何及建筑制图、工程测量学,rysxai_major_course,,清华大学、武汉大学、华中科技大学、北京航空航天大学、哈尔滨工业大学,头部/强研究型：核心课不一定换名称，但会加深数学/理论和研究训练，重点看战略分析、商业数据分析、案例研究、组织/运营实证；样例：清华大学、武汉大学、华中科技大学、北京航空航天大学、哈尔滨工业大学,江西财经大学、广州大学、昆明理工大学、西安理工大学、浙江理工大学,区域重点/特色优势：核心课保持完整，通常叠加地方产业、行业场景、实验项目和专业方向模块；样例：江西财经大学、广州大学、昆明理工大学、西安理工大学、浙江理工大学,洛阳理工学院、浙江水利水电学院、贵州理工学院、黄淮学院、广州航海学院,普通应用/职业供给：更强调业务系统、流程操作、项目案例、职业证书，课程呈现更实训化、工具化；样例：洛阳理工学院、浙江水利水电学院、贵州理工学院、黄淮学院、广州航海学院
120219TK,商业人工智能,本科(普通),,四年,管理学,工商管理类,程序设计、离散数学、数据结构、机器学习、深度学习、计算机视觉、自然语言处理、智能系统实践,category_template,rysxai课程文本未抽出课程名,库内未命中,头部/强研究型：核心课不一定换名称，但会加深数学/理论和研究训练，重点看战略分析、商业数据分析、案例研究、组织/运营实证；样例：库内未命中该层次开设样例,库内未命中,区域重点/特色优势：核心课保持完整，通常叠加地方产业、行业场景、实验项目和专业方向模块；样例：库内未命中该层次开设样例,库内未命中,普通应用/职业供给：更强调业务系统、流程操作、项目案例、职业证书，课程呈现更实训化、工具化；样例：库内未命中该层次开设样例
120422TK,数字公共治理,本科(普通),,四年,管理学,公共管理类,公共管理学、公共政策分析、数字政府、政务数据治理、电子政务系统、网络安全与隐私、算法治理、社会调查方法、管理学、行政法,rysxai_major_course,,库内未命中,头部/强研究型：核心课不一定换名称，但会加深数学/理论和研究训练，重点看战略分析、商业数据分析、案例研究、组织/运营实证；样例：库内未命中该层次开设样例,库内未命中,区域重点/特色优势：核心课保持完整，通常叠加地方产业、行业场景、实验项目和专业方向模块；样例：库内未命中该层次开设样例,库内未命中,普通应用/职业供给：更强调业务系统、流程操作、项目案例、职业证书，课程呈现更实训化、工具化；样例：库内未命中该层次开设样例
120504T,数据资源与数据智能,本科(普通),,四年,管理学,图书情报与档案管理类,数据资源管理、数据库原理、数据治理、数据资产评估、数据安全与合规、机器学习、商业智能、数据产品设计、管理学、经济学,rysxai_major_course,,库内未命中,头部/强研究型：核心课不一定换名称，但会加深数学/理论和研究训练，重点看战略分析、商业数据分析、案例研究、组织/运营实证；样例：库内未命中该层次开设样例,库内未命中,区域重点/特色优势：核心课保持完整，通常叠加地方产业、行业场景、实验项目和专业方向模块；样例：库内未命中该层次开设样例,库内未命中,普通应用/职业供给：更强调业务系统、流程操作、项目案例、职业证书，课程呈现更实训化、工具化；样例：库内未命中该层次开设样例
120701,工业工程,本科(普通),"工学学士,管理学学士",四年,管理学,工业工程类,物理、工程图学、计算机辅助绘图基础、AutoCAD工程制图、电工电子学实验、工业工程导论、运筹学、系统工程、应用统计学、工程经济学,rysxai_major_course,,清华大学、浙江大学、上海交通大学、南京大学、华中科技大学,头部/强研究型：核心课不一定换名称，但会加深数学/理论和研究训练，重点看战略分析、商业数据分析、案例研究、组织/运营实证；样例：清华大学、浙江大学、上海交通大学、南京大学、华中科技大学,上海理工大学、燕山大学、昆明理工大学、西安理工大学、首都经济贸易大学,区域重点/特色优势：核心课保持完整，通常叠加地方产业、行业场景、实验项目和专业方向模块；样例：上海理工大学、燕山大学、昆明理工大学、西安理工大学、首都经济贸易大学,河南工程学院、湖南工学院、河南工学院、福建商学院、铜陵学院,普通应用/职业供给：更强调业务系统、流程操作、项目案例、职业证书，课程呈现更实训化、工具化；样例：河南工程学院、湖南工学院、河南工学院、福建商学院、铜陵学院
120906TK,数字文旅,本科(普通),,四年,管理学,旅游管理类,旅游学概论、数字文旅导论、数字媒体技术、VR/AR体验设计、智慧景区运营、文旅营销、数据分析、旅游经济学、旅游市场营销、旅游资源规划,rysxai_major_course,,库内未命中,头部/强研究型：核心课不一定换名称，但会加深数学/理论和研究训练，重点看战略分析、商业数据分析、案例研究、组织/运营实证；样例：库内未命中该层次开设样例,库内未命中,区域重点/特色优势：核心课保持完整，通常叠加地方产业、行业场景、实验项目和专业方向模块；样例：库内未命中该层次开设样例,库内未命中,普通应用/职业供给：更强调业务系统、流程操作、项目案例、职业证书，课程呈现更实训化、工具化；样例：库内未命中该层次开设样例
130216T,乐器智造,本科(普通),,四年,艺术学,音乐与舞蹈学类,乐理与视唱、乐器学、声学基础、木材与金属材料、乐器制造工艺、数字测音、CAD设计、乐器维修、设计素描、设计色彩,rysxai_major_course,,库内未命中,头部/强研究型：核心课不一定换名称，但会加深数学/理论和研究训练，重点看创作研究、设计方法论、作品集/展演、批评理论；样例：库内未命中该层次开设样例,库内未命中,区域重点/特色优势：核心课保持完整，通常叠加地方产业、行业场景、实验项目和专业方向模块；样例：库内未命中该层次开设样例,库内未命中,普通应用/职业供给：更强调软件工具、项目制作、作品集、岗位实训，课程呈现更实训化、工具化；样例：库内未命中该层次开设样例
130415T,艺术治疗,本科(普通),,四年,艺术学,美术学类,艺术治疗导论、心理学基础、咨询伦理、康复概论、音乐/美术/舞动治疗方法、评估方法、团体辅导、特殊人群艺术干预、设计素描、设计色彩,rysxai_major_course,,库内未命中,头部/强研究型：核心课不一定换名称，但会加深数学/理论和研究训练，重点看创作研究、设计方法论、作品集/展演、批评理论；样例：库内未命中该层次开设样例,库内未命中,区域重点/特色优势：核心课保持完整，通常叠加地方产业、行业场景、实验项目和专业方向模块；样例：库内未命中该层次开设样例,库内未命中,普通应用/职业供给：更强调软件工具、项目制作、作品集、岗位实训，课程呈现更实训化、工具化；样例：库内未命中该层次开设样例
140001TK,未来机器人,本科(普通),工学学士,四年,交叉学科,,高等数学、大学物理、机械原理、电子技术基础、控制理论、机器人学、机器人感知与认知、机器人运动控制、智能机器人系统、机器人机构设计实训,rysxai_major_course,,东南大学,头部/强研究型：核心课不一定换名称，但会加深数学/理论和研究训练，重点看理论深度、科研训练、交叉前沿、学术写作；样例：东南大学,库内未命中,区域重点/特色优势：核心课保持完整，通常叠加地方产业、行业场景、实验项目和专业方向模块；样例：库内未命中该层次开设样例,凯里学院,普通应用/职业供给：更强调岗位技能、项目实训、证书衔接、综合实践，课程呈现更实训化、工具化；样例：凯里学院
140002TK,交叉工程,本科(普通),工学学士,四年,交叉学科,,高等数学、计算机应用基础、工程力学、电路理论、生物学、热力学、生物医学信号处理、医疗仪器设计、能源系统分析、智能设备开发,rysxai_major_course,,清华大学,头部/强研究型：核心课不一定换名称，但会加深数学/理论和研究训练，重点看理论深度、科研训练、交叉前沿、学术写作；样例：清华大学,库内未命中,区域重点/特色优势：核心课保持完整，通常叠加地方产业、行业场景、实验项目和专业方向模块；样例：库内未命中该层次开设样例,库内未命中,普通应用/职业供给：更强调岗位技能、项目实训、证书衔接、综合实践，课程呈现更实训化、工具化；样例：库内未命中该层次开设样例
140003TK,低空技术与工程,本科(普通),工学学士,四年,交叉学科,,航空航天概论、空气动力学基础、飞行器结构力学、控制理论基础、低空飞行器设计、低空导航与控制、低空交通管理、低空通信技术、低空飞行器装配实训、低空飞行模拟实验,rysxai_major_course,,北京航空航天大学、北京理工大学、西北工业大学、华南理工大学、南京航空航天大学,头部/强研究型：核心课不一定换名称，但会加深数学/理论和研究训练，重点看理论深度、科研训练、交叉前沿、学术写作；样例：北京航空航天大学、北京理工大学、西北工业大学、华南理工大学、南京航空航天大学,东北石油大学、烟台大学、湖州师范大学、中国民用航空飞行学院,区域重点/特色优势：核心课保持完整，通常叠加地方产业、行业场景、实验项目和专业方向模块；样例：东北石油大学、烟台大学、湖州师范大学、中国民用航空飞行学院,库内未命中,普通应用/职业供给：更强调岗位技能、项目实训、证书衔接、综合实践，课程呈现更实训化、工具化；样例：库内未命中该层次开设样例
140004TK,集成电路科学与工程,本科(普通),工学学士,四年,交叉学科,,高等数学、大学物理、大学英语、计算机应用基础、电路分析基础、模拟电子技术、数字电子技术、半导体物理、信号与系统、集成电路设计原理,rysxai_major_course,,复旦大学、南京邮电大学,头部/强研究型：核心课不一定换名称，但会加深数学/理论和研究训练，重点看理论深度、科研训练、交叉前沿、学术写作；样例：复旦大学、南京邮电大学,重庆邮电大学,区域重点/特色优势：核心课保持完整，通常叠加地方产业、行业场景、实验项目和专业方向模块；样例：重庆邮电大学,库内未命中,普通应用/职业供给：更强调岗位技能、项目实训、证书衔接、综合实践，课程呈现更实训化、工具化；样例：库内未命中该层次开设样例
140005T,碳中和科学与工程,本科(普通),工学学士,四年,交叉学科,,环境科学基础、能源科学导论、碳循环原理、工程热力学、碳中和技术、碳核算与碳审计、可再生能源开发与利用、碳核算实训、CCUS技术实验、可再生能源项目设计,rysxai_major_course,,北京师范大学、北京科技大学,头部/强研究型：核心课不一定换名称，但会加深数学/理论和研究训练，重点看理论深度、科研训练、交叉前沿、学术写作；样例：北京师范大学、北京科技大学,昆明理工大学,区域重点/特色优势：核心课保持完整，通常叠加地方产业、行业场景、实验项目和专业方向模块；样例：昆明理工大学,库内未命中,普通应用/职业供给：更强调岗位技能、项目实训、证书衔接、综合实践，课程呈现更实训化、工具化；样例：库内未命中该层次开设样例
140006T,智慧城市与空间规划,本科(普通),工学学士,四年,交叉学科,,高等数学、计算机应用基础、城市规划原理、空间经济学、智慧城市理论与实践、空间规划编制与管理、城市大数据分析、GIS空间分析实训、城市规划方案设计实践、智慧城市项目仿真,rysxai_major_course,,武汉大学,头部/强研究型：核心课不一定换名称，但会加深数学/理论和研究训练，重点看理论深度、科研训练、交叉前沿、学术写作；样例：武汉大学,库内未命中,区域重点/特色优势：核心课保持完整，通常叠加地方产业、行业场景、实验项目和专业方向模块；样例：库内未命中该层次开设样例,库内未命中,普通应用/职业供给：更强调岗位技能、项目实训、证书衔接、综合实践，课程呈现更实训化、工具化；样例：库内未命中该层次开设样例
140007T,智能医学工程,本科(普通),工学学士,四年,交叉学科,,高等数学、大学英语、计算机应用基础、大学物理、人体解剖学、生理学、Python程序设计、数据结构、电路原理、信号与系统,rysxai_major_course,,华中科技大学、北京航空航天大学、哈尔滨工业大学、北京理工大学、东南大学,头部/强研究型：核心课不一定换名称，但会加深数学/理论和研究训练，重点看理论深度、科研训练、交叉前沿、学术写作；样例：华中科技大学、北京航空航天大学、哈尔滨工业大学、北京理工大学、东南大学,上海理工大学、河北医科大学、燕山大学、安徽医科大学、福建医科大学,区域重点/特色优势：核心课保持完整，通常叠加地方产业、行业场景、实验项目和专业方向模块；样例：上海理工大学、河北医科大学、燕山大学、安徽医科大学、福建医科大学,新疆第二医学院、湖南医药学院、衡水学院、豫北医学院、遵义医科大学医学与科技学院,普通应用/职业供给：更强调岗位技能、项目实训、证书衔接、综合实践，课程呈现更实训化、工具化；样例：新疆第二医学院、湖南医药学院、衡水学院、豫北医学院、遵义医科大学医学与科技学院
140008T,生物医药数据科学,本科(普通),理学学士,四年,交叉学科,,高等数学、计算机应用基础、普通生物学、生物信息学基础、概率论与数理统计、生物医药大数据分析、机器学习在生物医药中的应用、生物统计方法、生物医药数据挖掘实训、临床数据管理实践,rysxai_major_course,,山东大学、中国药科大学、温州医科大学,头部/强研究型：核心课不一定换名称，但会加深数学/理论和研究训练，重点看理论深度、科研训练、交叉前沿、学术写作；样例：山东大学、中国药科大学、温州医科大学,山东第一医科大学、宁夏医科大学、新疆医科大学、江西中医药大学、遵义医科大学,区域重点/特色优势：核心课保持完整，通常叠加地方产业、行业场景、实验项目和专业方向模块；样例：山东第一医科大学、宁夏医科大学、新疆医科大学、江西中医药大学、遵义医科大学,豫北医学院、大连医科大学中山学院、锦州医科大学医疗学院、昆明医科大学海源学院、安徽医科大学临床医学院,普通应用/职业供给：更强调岗位技能、项目实训、证书衔接、综合实践，课程呈现更实训化、工具化；样例：豫北医学院、大连医科大学中山学院、锦州医科大学医疗学院、昆明医科大学海源学院、安徽医科大学临床医学院
140009T,智能影像工程,本科(普通),工学学士,四年,交叉学科,,高等数学、大学物理、计算机应用基础、数字图像处理、信号与系统、医学影像解剖学、计算机视觉基础、智能影像分析、医学影像重建技术、深度学习与影像应用,rysxai_major_course,,库内未命中,头部/强研究型：核心课不一定换名称，但会加深数学/理论和研究训练，重点看理论深度、科研训练、交叉前沿、学术写作；样例：库内未命中该层次开设样例,山东第一医科大学、山东医药大学、河南医药大学、贵州医科大学、湖北医药学院,区域重点/特色优势：核心课保持完整，通常叠加地方产业、行业场景、实验项目和专业方向模块；样例：山东第一医科大学、山东医药大学、河南医药大学、贵州医科大学、湖北医药学院,南昌医学院、山东协和学院、齐鲁理工学院,普通应用/职业供给：更强调岗位技能、项目实训、证书衔接、综合实践，课程呈现更实训化、工具化；样例：南昌医学院、山东协和学院、齐鲁理工学院
140010TK,医工学,本科(普通),工学学士,四年,交叉学科,,高等数学、大学物理、人体解剖学、生理学、工程力学、电工电子技术、医学影像学设备、康复工程学、医疗仪器原理与设计、生物医学信号处理,rysxai_major_course,,西安交通大学,头部/强研究型：核心课不一定换名称，但会加深数学/理论和研究训练，重点看理论深度、科研训练、交叉前沿、学术写作；样例：西安交通大学,库内未命中,区域重点/特色优势：核心课保持完整，通常叠加地方产业、行业场景、实验项目和专业方向模块；样例：库内未命中该层次开设样例,库内未命中,普通应用/职业供给：更强调岗位技能、项目实训、证书衔接、综合实践，课程呈现更实训化、工具化；样例：库内未命中该层次开设样例
140011TK,医疗器械与装备工程,本科(普通),工学学士,四年,交叉学科,,高等数学、大学物理、计算机应用基础、大学英语、工程制图、机械原理、电子技术基础、生物医学工程基础、医疗器械设计与制造、医疗器械检测技术,rysxai_major_course,,库内未命中,头部/强研究型：核心课不一定换名称，但会加深数学/理论和研究训练，重点看理论深度、科研训练、交叉前沿、学术写作；样例：库内未命中该层次开设样例,山东第一医科大学、徐州医科大学,区域重点/特色优势：核心课保持完整，通常叠加地方产业、行业场景、实验项目和专业方向模块；样例：山东第一医科大学、徐州医科大学,库内未命中,普通应用/职业供给：更强调岗位技能、项目实训、证书衔接、综合实践，课程呈现更实训化、工具化；样例：库内未命中该层次开设样例
140012TK,具身智能,本科(普通),,四年,交叉学科,,具身智能导论、机器学习、强化学习、计算机视觉、多模态感知、机器人学、自动控制、机器人操作系统、专业导论、专业核心理论,rysxai_major_course,,库内未命中,头部/强研究型：核心课不一定换名称，但会加深数学/理论和研究训练，重点看理论深度、科研训练、交叉前沿、学术写作；样例：库内未命中该层次开设样例,库内未命中,区域重点/特色优势：核心课保持完整，通常叠加地方产业、行业场景、实验项目和专业方向模块；样例：库内未命中该层次开设样例,库内未命中,普通应用/职业供给：更强调岗位技能、项目实训、证书衔接、综合实践，课程呈现更实训化、工具化；样例：库内未命中该层次开设样例
140013TK,脑机科学与技术,本科(普通),,四年,交叉学科,,神经科学基础、脑机接口导论、生物医学信号处理、脑电技术、机器学习、神经工程、智能康复、医学伦理、专业导论、专业核心理论,rysxai_major_course,,库内未命中,头部/强研究型：核心课不一定换名称，但会加深数学/理论和研究训练，重点看理论深度、科研训练、交叉前沿、学术写作；样例：库内未命中该层次开设样例,库内未命中,区域重点/特色优势：核心课保持完整，通常叠加地方产业、行业场景、实验项目和专业方向模块；样例：库内未命中该层次开设样例,库内未命中,普通应用/职业供给：更强调岗位技能、项目实训、证书衔接、综合实践，课程呈现更实训化、工具化；样例：库内未命中该层次开设样例
140014T,工程互联网,本科(普通),,四年,交叉学科,,工程互联网导论、BIM技术、工程项目管理、物联网技术、数据库、云计算、网络安全、工程软件开发、专业导论、专业核心理论,rysxai_major_course,,库内未命中,头部/强研究型：核心课不一定换名称，但会加深数学/理论和研究训练，重点看理论深度、科研训练、交叉前沿、学术写作；样例：库内未命中该层次开设样例,库内未命中,区域重点/特色优势：核心课保持完整，通常叠加地方产业、行业场景、实验项目和专业方向模块；样例：库内未命中该层次开设样例,库内未命中,普通应用/职业供给：更强调岗位技能、项目实训、证书衔接、综合实践，课程呈现更实训化、工具化；样例：库内未命中该层次开设样例
140015T,深地科学与工程,本科(普通),,四年,交叉学科,,普通地质学、构造地质学、地球物理勘探、深地探测技术、岩石力学、地下工程、矿产资源评价、地质灾害防治、专业导论、专业核心理论,rysxai_major_course,,库内未命中,头部/强研究型：核心课不一定换名称，但会加深数学/理论和研究训练，重点看理论深度、科研训练、交叉前沿、学术写作；样例：库内未命中该层次开设样例,库内未命中,区域重点/特色优势：核心课保持完整，通常叠加地方产业、行业场景、实验项目和专业方向模块；样例：库内未命中该层次开设样例,库内未命中,普通应用/职业供给：更强调岗位技能、项目实训、证书衔接、综合实践，课程呈现更实训化、工具化；样例：库内未命中该层次开设样例
