id,name,province,city,town,type,property,level,department,tags
1,北京大学,北京,北京,海淀区,综合,公办,本科,教育部,"[""985"",""211"",""双一流"",""101计划"",""研究生院"",""保研"",""国重点"",""部委院校"",""省部共建"",""C9""]"
3,清华大学,北京,北京,海淀区,综合,公办,本科,教育部,"[""985"",""211"",""双一流"",""101计划"",""研究生院"",""保研"",""国重点"",""部委院校"",""省部共建"",""C9""]"
2957,北京大学医学部,北京,北京,海淀区,医药,公办,本科,教育部,"[""985"",""211"",""双一流"",""101计划"",""研究生院"",""保研"",""国重点"",""部委院校"",""省部共建"",""C9""]"
673,复旦大学,上海,上海,杨浦区,综合,公办,本科,教育部,"[""985"",""211"",""双一流"",""101计划"",""研究生院"",""保研"",""国重点"",""部委院校"",""省部共建"",""C9"",""华东五校""]"
66,中国科学院大学,北京,北京,石景山区,综合,公办,本科,中国科学院,"[""双一流"",""101计划"",""保研"",""国重点"",""部委院校""]"
675,上海交通大学,上海,上海,闵行区,综合,公办,本科,教育部,"[""985"",""211"",""双一流"",""101计划"",""研究生院"",""保研"",""国重点"",""部委院校"",""省部共建"",""C9"",""华东五校""]"
2749,上海交通大学医学院,上海,上海,黄浦区,医药,公办,本科,教育部,"[""985"",""211"",""双一流"",""101计划"",""研究生院"",""保研"",""国重点"",""部委院校"",""省部共建"",""C9"",""华东五校""]"
1013,中国科学技术大学,安徽,合肥市,包河区,理工,公办,本科,中国科学院,"[""985"",""211"",""双一流"",""101计划"",""研究生院"",""保研"",""国重点"",""部委院校"",""省部共建"",""C9"",""华东五校""]"
736,南京大学,江苏,南京市,鼓楼区,综合,公办,本科,教育部,"[""985"",""211"",""双一流"",""101计划"",""研究生院"",""保研"",""国重点"",""部委院校"",""省部共建"",""C9"",""华东五校""]"
903,浙江大学,浙江,杭州市,西湖区,综合,公办,本科,教育部,"[""985"",""211"",""双一流"",""101计划"",""研究生院"",""保研"",""国重点"",""部委院校"",""省部共建"",""C9"",""华东五校""]"
2980,复旦大学上海医学院,上海,上海,徐汇区,医药,公办,本科,复旦大学,"[""985"",""211"",""双一流"",""101计划"",""研究生院"",""保研"",""国重点"",""部委院校"",""省部共建"",""C9"",""华东五校""]"
2,中国人民大学,北京,北京,海淀区,综合,公办,本科,教育部,"[""985"",""211"",""双一流"",""101计划"",""研究生院"",""保研"",""国重点"",""部委院校"",""省部共建""]"
6,北京航空航天大学,北京,北京,海淀区,理工,公办,本科,工业和信息化部,"[""985"",""211"",""双一流"",""101计划"",""研究生院"",""保研"",""国重点"",""部委院校"",""省部共建"",""国防七子""]"
2984,浙江大学医学院,浙江,杭州市,西湖区,医药,公办,本科,浙江大学,"[""101计划"",""保研"",""国重点"",""部委院校"",""省部共建""]"
2768,哈尔滨工业大学（深圳）,广东,深圳市,南山区,理工,公办,本科,工业和信息化部,"[""985"",""211"",""双一流"",""101计划"",""研究生院"",""保研"",""国重点"",""省重点"",""部委院校"",""省部共建"",""C9"",""国防七子""]"
21,北京协和医学院,北京,北京,东城区,医药,公办,本科,国家卫生健康委员会,"[""双一流"",""研究生院"",""保研"",""国重点"",""部委院校"",""省部共建""]"
7,北京理工大学,北京,北京,海淀区,理工,公办,本科,工业和信息化部,"[""985"",""211"",""双一流"",""101计划"",""研究生院"",""保研"",""国重点"",""部委院校"",""省部共建"",""国防七子""]"
674,同济大学,上海,上海,杨浦区,理工,公办,本科,教育部,"[""985"",""211"",""双一流"",""101计划"",""研究生院"",""保研"",""国重点"",""部委院校"",""省部共建""]"
1630,华中科技大学,湖北,武汉市,洪山区,理工,公办,本科,教育部,"[""985"",""211"",""双一流"",""101计划"",""研究生院"",""保研"",""国重点"",""部委院校"",""省部共建""]"
1629,武汉大学,湖北,武汉市,武昌区,综合,公办,本科,教育部,"[""985"",""211"",""双一流"",""101计划"",""研究生院"",""保研"",""国重点"",""部委院校"",""省部共建""]"
2741,中国人民解放军国防科技大学,湖南,长沙市,开福区,军事,公办,本科,中央军委,"[""985"",""211"",""双一流"",""101计划"",""保研""]"
2508,西安交通大学,陕西,西安市,碑林区,综合,公办,本科,教育部,"[""985"",""211"",""双一流"",""101计划"",""研究生院"",""保研"",""国重点"",""部委院校"",""省部共建"",""C9""]"
594,哈尔滨工业大学,黑龙江,哈尔滨市,南岗区,理工,公办,本科,工业和信息化部,"[""985"",""211"",""双一流"",""101计划"",""研究生院"",""保研"",""国重点"",""省重点"",""部委院校"",""省部共建"",""C9"",""国防七子""]"
93,南开大学,天津,天津,南开区,综合,公办,本科,教育部,"[""985"",""211"",""双一流"",""101计划"",""研究生院"",""保研"",""国重点"",""部委院校"",""省部共建""]"
738,东南大学,江苏,南京市,玄武区,综合,公办,本科,教育部,"[""985"",""211"",""双一流"",""101计划"",""研究生院"",""保研"",""国重点"",""部委院校"",""省部共建""]"
2213,电子科技大学,四川,成都市,成华区,理工,公办,本科,教育部,"[""985"",""211"",""双一流"",""101计划"",""研究生院"",""保研"",""国重点"",""部委院校"",""省部共建"",""四电四邮""]"
2509,西北工业大学,陕西,西安市,碑林区,理工,公办,本科,工业和信息化部,"[""985"",""211"",""双一流"",""101计划"",""研究生院"",""保研"",""国重点"",""部委院校"",""省部共建"",""国防七子""]"
1886,中山大学,广东,广州市,,综合,公办,本科,教育部,"[""985"",""211"",""双一流"",""101计划"",""研究生院"",""保研"",""国重点"",""部委院校"",""省部共建""]"
13,北京邮电大学,北京,北京,海淀区,理工,公办,本科,教育部,"[""211"",""双一流"",""101计划"",""研究生院"",""保研"",""国重点"",""部委院校"",""省部共建"",""四电四邮""]"
94,天津大学,天津,天津,南开区,理工,公办,本科,教育部,"[""985"",""211"",""双一流"",""101计划"",""研究生院"",""保研"",""国重点"",""部委院校"",""省部共建""]"
685,华东师范大学,上海,上海,闵行区,师范,公办,本科,教育部,"[""985"",""211"",""双一流"",""101计划"",""研究生院"",""保研"",""国重点"",""部委院校"",""省部共建""]"
2747,哈尔滨工业大学（威海）,山东,威海市,环翠区,理工,公办,本科,工业和信息化部,"[""985"",""211"",""双一流"",""101计划"",""研究生院"",""保研"",""国重点"",""省重点"",""部委院校"",""省部共建"",""C9"",""国防七子""]"
24,北京师范大学,北京,北京,海淀区,师范,公办,本科,教育部,"[""985"",""211"",""双一流"",""101计划"",""研究生院"",""保研"",""国重点"",""部委院校"",""省部共建""]"
2211,四川大学,四川,成都市,武侯区,综合,公办,本科,教育部,"[""985"",""211"",""双一流"",""101计划"",""研究生院"",""保研"",""国重点"",""部委院校"",""省部共建""]"
2511,西安电子科技大学,陕西,西安市,雁塔区,理工,公办,本科,教育部,"[""211"",""双一流"",""101计划"",""研究生院"",""保研"",""国重点"",""部委院校"",""省部共建"",""四电四邮""]"
1889,华南理工大学,广东,广州市,天河区,理工,公办,本科,教育部,"[""985"",""211"",""双一流"",""101计划"",""研究生院"",""保研"",""国重点"",""部委院校"",""省部共建""]"
414,大连理工大学,辽宁,大连市,甘井子区,理工,公办,本科,教育部,"[""985"",""211"",""双一流"",""101计划"",""研究生院"",""保研"",""国重点"",""部委院校"",""省部共建""]"
1326,山东大学,山东,济南市,历城区,综合,公办,本科,教育部,"[""985"",""211"",""双一流"",""101计划"",""研究生院"",""保研"",""国重点"",""部委院校"",""省部共建""]"
3009,北京师范大学（珠海校区）,广东,珠海市,,师范,公办,本科,教育部,"[""985"",""211"",""双一流"",""101计划"",""研究生院"",""保研"",""国重点"",""部委院校"",""省部共建""]"
1132,厦门大学,福建,厦门市,思明区,综合,公办,本科,教育部,"[""985"",""211"",""双一流"",""101计划"",""研究生院"",""保研"",""国重点"",""部委院校"",""省部共建""]"
688,上海财经大学,上海,上海,杨浦区,财经,公办,本科,教育部,"[""211"",""双一流"",""101计划"",""保研"",""国重点"",""部委院校"",""省部共建""]"
1761,中南大学,湖南,长沙市,,综合,公办,本科,教育部,"[""985"",""211"",""双一流"",""101计划"",""研究生院"",""保研"",""国重点"",""部委院校"",""省部共建""]"
48,中国政法大学,北京,北京,昌平区,政法,公办,本科,教育部,"[""211"",""双一流"",""保研"",""国重点"",""部委院校"",""省部共建""]"
31,中央财经大学,北京,北京,海淀区,财经,公办,本科,教育部,"[""211"",""双一流"",""101计划"",""保研"",""国重点"",""部委院校"",""省部共建""]"
739,南京航空航天大学,江苏,南京市,秦淮区,理工,公办,本科,工业和信息化部,"[""211"",""双一流"",""101计划"",""研究生院"",""保研"",""国重点"",""部委院校"",""省部共建"",""国防七子""]"
4,北京交通大学,北京,北京,海淀区,理工,公办,本科,教育部,"[""211"",""双一流"",""101计划"",""研究生院"",""保研"",""国重点"",""部委院校"",""省部共建""]"
22,首都医科大学,北京,北京,丰台区,医药,公办,本科,北京市,"[""保研"",""国重点"",""省重点"",""省属"",""省部共建""]"
1760,湖南大学,湖南,长沙市,岳麓区,综合,公办,本科,教育部,"[""985"",""211"",""双一流"",""101计划"",""研究生院"",""保研"",""国重点"",""部委院校"",""省部共建""]"
529,吉林大学,吉林,长春市,朝阳区,综合,公办,本科,教育部,"[""985"",""211"",""双一流"",""101计划"",""研究生院"",""保研"",""国重点"",""部委院校"",""省部共建""]"
32,对外经济贸易大学,北京,北京,朝阳区,财经,公办,本科,教育部,"[""211"",""双一流"",""101计划"",""保研"",""国重点"",""部委院校"",""省部共建""]"
740,南京理工大学,江苏,南京市,玄武区,理工,公办,本科,工业和信息化部,"[""211"",""双一流"",""研究生院"",""保研"",""国重点"",""部委院校"",""省部共建"",""国防七子""]"
8,北京科技大学,北京,北京,海淀区,理工,公办,本科,教育部,"[""211"",""双一流"",""研究生院"",""保研"",""国重点"",""部委院校"",""省部共建""]"
418,东北大学,辽宁,沈阳市,和平区,理工,公办,本科,教育部,"[""985"",""211"",""双一流"",""研究生院"",""保研"",""国重点"",""部委院校"",""省部共建""]"
18,中国农业大学,北京,北京,海淀区,农林,公办,本科,教育部,"[""985"",""211"",""双一流"",""101计划"",""研究生院"",""保研"",""国重点"",""部委院校"",""省部共建""]"
2143,重庆大学,重庆,重庆,沙坪坝区,综合,公办,本科,教育部,"[""985"",""211"",""双一流"",""101计划"",""研究生院"",""保研"",""国重点"",""部委院校"",""省部共建""]"
2992,山东大学（威海）,山东,威海市,环翠区,综合,公办,本科,教育部,"[""985"",""211"",""双一流"",""101计划"",""研究生院"",""保研"",""国重点"",""部委院校"",""省部共建""]"
2745,海军军医大学,上海,上海,杨浦区,军事,公办,本科,解放军总后勤部,"[""211"",""双一流"",""保研"",""国重点""]"
100,天津医科大学,天津,天津,和平区,医药,公办,本科,天津市,"[""211"",""双一流"",""保研"",""国重点"",""省属"",""省部共建""]"
67,中国社会科学院大学,北京,北京,房山区,综合,公办,本科,中国社会科学院,"[""保研"",""部委院校""]"
676,华东理工大学,上海,上海,徐汇区,理工,公办,本科,教育部,"[""211"",""双一流"",""101计划"",""研究生院"",""保研"",""国重点"",""部委院校"",""省部共建""]"
737,苏州大学,江苏,苏州市,,综合,公办,本科,江苏省,"[""211"",""双一流"",""保研"",""国重点"",""省重点"",""省属"",""省部共建""]"
754,南京医科大学,江苏,南京市,江宁区,医药,公办,本科,江苏省,"[""双一流"",""101计划"",""保研"",""国重点"",""省属"",""省部共建""]"
596,哈尔滨工程大学,黑龙江,哈尔滨市,南岗区,理工,公办,本科,工业和信息化部,"[""211"",""双一流"",""研究生院"",""保研"",""国重点"",""省重点"",""部委院校"",""省部共建"",""国防七子""]"
2746,中国人民解放军空军军医大学,陕西,西安市,新城区,军事,公办,本科,中央军委训练管理部,"[""211"",""双一流"",""保研""]"
1327,中国海洋大学,山东,青岛市,崂山区,综合,公办,本科,教育部,"[""985"",""211"",""双一流"",""101计划"",""保研"",""国重点"",""部委院校"",""省部共建""]"
2603,兰州大学,甘肃,兰州市,城关区,综合,公办,本科,教育部,"[""985"",""211"",""双一流"",""101计划"",""研究生院"",""保研"",""国重点"",""部委院校"",""省部共建""]"
695,上海大学,上海,上海,宝山区,综合,公办,本科,上海市,"[""211"",""双一流"",""保研"",""国重点"",""省重点"",""省属"",""省部共建""]"
27,北京外国语大学,北京,北京,海淀区,语言,公办,本科,教育部,"[""211"",""双一流"",""保研"",""国重点"",""部委院校"",""省部共建""]"
1637,武汉理工大学,湖北,武汉市,洪山区,理工,公办,本科,教育部,"[""211"",""双一流"",""保研"",""国重点"",""部委院校"",""省部共建""]"
2744,东北大学秦皇岛分校,河北,秦皇岛市,海港区,理工,公办,本科,教育部,"[""985"",""211"",""研究生院"",""保研"",""国重点"",""部委院校"",""省部共建""]"
23,北京中医药大学,北京,北京,朝阳区,医药,公办,本科,教育部,"[""211"",""双一流"",""101计划"",""保研"",""国重点"",""部委院校"",""省部共建""]"
745,南京邮电大学,江苏,南京市,,理工,公办,本科,江苏省,"[""双一流"",""保研"",""国重点"",""省属"",""省部共建"",""四电四邮""]"
30,中国传媒大学,北京,北京,朝阳区,艺术,公办,本科,教育部,"[""211"",""双一流"",""保研"",""国重点"",""部委院校"",""省部共建""]"
37,中国人民公安大学,北京,北京,西城区,政法,公办,本科,公安部,"[""双一流"",""保研"",""国重点"",""部委院校""]"
679,东华大学,上海,上海,松江区,理工,公办,本科,教育部,"[""211"",""双一流"",""保研"",""国重点"",""部委院校"",""省部共建""]"
2973,大连理工大学盘锦校区,辽宁,盘锦市,大洼区,理工,公办,本科,,"[""985"",""211"",""双一流"",""101计划"",""研究生院"",""保研"",""国重点"",""部委院校"",""省部共建""]"
45,北京电影学院,北京,北京,海淀区,艺术,公办,本科,北京市,"[""保研"",""省属"",""省部共建""]"
757,中国药科大学,江苏,南京市,鼓楼区,医药,公办,本科,教育部,"[""211"",""双一流"",""101计划"",""保研"",""国重点"",""部委院校"",""省部共建""]"
47,中央民族大学,北京,北京,海淀区,民族,公办,本科,国家民委,"[""985"",""211"",""双一流"",""保研"",""国重点"",""部委院校"",""省部共建""]"
1907,深圳大学,广东,深圳市,南山区,综合,公办,本科,广东省,"[""101计划"",""保研"",""省重点"",""省属""]"
1014,合肥工业大学,安徽,合肥市,庐阳区,理工,公办,本科,教育部,"[""211"",""双一流"",""保研"",""国重点"",""部委院校"",""省部共建""]"
42,中央美术学院,北京,北京,朝阳区,艺术,公办,本科,教育部,"[""双一流"",""保研"",""国重点"",""部委院校"",""省部共建""]"
10,北京化工大学,北京,北京,朝阳区,理工,公办,本科,教育部,"[""211"",""双一流"",""101计划"",""保研"",""国重点"",""部委院校"",""省部共建""]"
687,上海外国语大学,上海,上海,虹口区,语言,公办,本科,教育部,"[""211"",""双一流"",""保研"",""国重点"",""部委院校"",""省部共建""]"
2234,西南财经大学,四川,成都市,青羊区,财经,公办,本科,教育部,"[""211"",""双一流"",""101计划"",""保研"",""国重点"",""部委院校"",""省部共建""]"
746,河海大学,江苏,南京市,江宁区,理工,公办,本科,教育部,"[""211"",""双一流"",""研究生院"",""保研"",""国重点"",""部委院校"",""省部共建""]"
1923,南方医科大学,广东,广州市,白云区,医药,公办,本科,广东省,"[""101计划"",""保研"",""国重点"",""省重点"",""省属"",""省部共建""]"
747,江南大学,江苏,无锡市,滨湖区,综合,公办,本科,教育部,"[""211"",""双一流"",""保研"",""国重点"",""部委院校"",""省部共建""]"
904,杭州电子科技大学,浙江,杭州市,,理工,公办,本科,浙江省,"[""保研"",""省重点"",""省属"",""省部共建"",""四电四邮""]"
430,中国医科大学,辽宁,沈阳市,沈北新区,医药,公办,本科,辽宁省,"[""保研"",""省重点"",""省属"",""省部共建""]"
1641,华中师范大学,湖北,武汉市,洪山区,师范,公办,本科,教育部,"[""211"",""双一流"",""101计划"",""保研"",""国重点"",""部委院校"",""省部共建""]"
684,上海中医药大学,上海,上海,浦东新区,医药,公办,本科,上海市,"[""双一流"",""101计划"",""保研"",""国重点"",""省重点"",""省属"",""省部共建""]"
5,北京工业大学,北京,北京,朝阳区,理工,公办,本科,北京市,"[""211"",""双一流"",""保研"",""国重点"",""省重点"",""省属""]"
53,中国石油大学（北京）,北京,北京,昌平区,理工,公办,本科,教育部,"[""211"",""双一流"",""研究生院"",""保研""]"
1887,暨南大学,广东,广州市,天河区,综合,公办,本科,中央统战部,"[""211"",""双一流"",""保研"",""国重点"",""部委院校"",""省部共建""]"
1479,郑州大学,河南,郑州市,郑州高新技术产业开发区,综合,公办,本科,河南省,"[""211"",""双一流"",""101计划"",""保研"",""国重点"",""省属"",""省部共建""]"
1648,中南财经政法大学,湖北,武汉市,东西湖区,财经,公办,本科,教育部,"[""211"",""双一流"",""保研"",""国重点"",""部委院校"",""省部共建""]"
758,南京师范大学,江苏,南京市,栖霞区,师范,公办,本科,江苏省,"[""211"",""双一流"",""101计划"",""保研"",""国重点"",""省属"",""省部共建""]"
1012,安徽大学,安徽,合肥市,,综合,公办,本科,安徽省,"[""211"",""双一流"",""保研"",""国重点"",""省重点"",""省属"",""省部共建""]"
2212,西南交通大学,四川,成都市,郫都区,理工,公办,本科,教育部,"[""211"",""双一流"",""研究生院"",""保研"",""国重点"",""部委院校"",""省部共建""]"
1134,福州大学,福建,福州市,鼓楼区,理工,公办,本科,福建省,"[""211"",""双一流"",""101计划"",""保研"",""国重点"",""省属"",""省部共建""]"
1329,中国石油大学（华东）,山东,青岛市,黄岛区,理工,公办,本科,教育部,"[""211"",""双一流"",""研究生院"",""保研""]"
2507,西北大学,陕西,西安市,碑林区,综合,公办,本科,陕西省,"[""211"",""双一流"",""101计划"",""保研"",""国重点"",""部委院校"",""省属"",""省部共建""]"
691,华东政法大学,上海,上海,松江区,政法,公办,本科,上海市,"[""保研"",""省部共建""]"
52,中国矿业大学（北京）,北京,北京,海淀区,理工,公办,本科,教育部,"[""211"",""双一流"",""研究生院"",""保研""]"
742,中国矿业大学,江苏,徐州市,铜山区,综合,公办,本科,教育部,"[""211"",""双一流"",""研究生院"",""保研"",""国重点"",""部委院校"",""省部共建""]"
750,南京信息工程大学,江苏,南京市,,理工,公办,本科,江苏省,"[""双一流"",""保研"",""国重点"",""省属"",""省部共建""]"
1896,华南师范大学,广东,广州市,天河区,综合,公办,本科,广东省,"[""211"",""双一流"",""101计划"",""保研"",""国重点"",""省属"",""省部共建""]"
905,浙江工业大学,浙江,杭州市,,理工,公办,本科,浙江省,"[""保研"",""省重点"",""省属"",""省部共建""]"
54,中国地质大学（北京）,北京,北京,海淀区,理工,公办,本科,教育部,"[""211"",""双一流"",""研究生院"",""保研""]"
2519,西北农林科技大学,陕西,咸阳市,杨陵区,农林,公办,本科,教育部,"[""985"",""211"",""双一流"",""101计划"",""研究生院"",""保研"",""国重点"",""部委院校"",""省部共建""]"
152,河北工业大学,天津,天津,北辰区,理工,公办,本科,河北省,"[""211"",""双一流"",""保研"",""国重点"",""省属"",""省部共建""]"
2518,长安大学,陕西,西安市,,理工,公办,本科,教育部,"[""211"",""双一流"",""保研"",""国重点"",""部委院校"",""省部共建""]"
25,首都师范大学,北京,北京,海淀区,师范,公办,本科,北京市,"[""双一流"",""101计划"",""保研"",""国重点"",""省重点"",""省属"",""省部共建""]"
1634,中国地质大学（武汉）,湖北,武汉市,洪山区,理工,公办,本科,教育部,"[""211"",""双一流"",""研究生院"",""保研""]"
2985,合肥工业大学宣城校区,安徽,宣城市,宣州区,理工,公办,本科,合肥工业大学,"[""211"",""保研""]"
277,太原理工大学,山西,太原市,迎泽区,理工,公办,本科,山西省,"[""211"",""双一流"",""保研"",""国重点"",""省属""]"
20,北京林业大学,北京,北京,海淀区,农林,公办,本科,教育部,"[""211"",""双一流"",""101计划"",""研究生院"",""保研"",""国重点"",""部委院校"",""省部共建""]"
920,中国美术学院,浙江,杭州市,上城区,艺术,公办,本科,浙江省,"[""双一流"",""保研"",""国重点"",""省重点"",""省部共建""]"
929,宁波大学,浙江,宁波市,江北区,综合,公办,本科,浙江省,"[""双一流"",""保研"",""国重点"",""省重点"",""省属"",""省部共建""]"
424,大连海事大学,辽宁,大连市,甘井子区,理工,公办,本科,交通运输部,"[""211"",""双一流"",""保研"",""国重点"",""部委院校"",""省部共建""]"
753,南京农业大学,江苏,南京市,玄武区,农林,公办,本科,教育部,"[""211"",""双一流"",""101计划"",""研究生院"",""保研"",""国重点"",""部委院校"",""省部共建""]"
1639,华中农业大学,湖北,武汉市,洪山区,农林,公办,本科,教育部,"[""211"",""双一流"",""101计划"",""保研"",""国重点"",""部委院校"",""省部共建""]"
680,上海电力大学,上海,上海,杨浦区,理工,公办,本科,上海市,"[""保研""]"
2521,陕西师范大学,陕西,西安市,长安区,师范,公办,本科,教育部,"[""211"",""双一流"",""保研"",""国重点"",""部委院校"",""省部共建""]"
1767,湖南师范大学,湖南,长沙市,,师范,公办,本科,湖南省,"[""211"",""双一流"",""保研"",""国重点"",""省属"",""省部共建""]"
538,东北师范大学,吉林,长春市,南关区,师范,公办,本科,教育部,"[""211"",""双一流"",""101计划"",""研究生院"",""保研"",""国重点"",""部委院校"",""省部共建""]"
1221,南昌大学,江西,南昌市,青山湖区,综合,公办,本科,江西省,"[""211"",""双一流"",""保研"",""国重点"",""省属"",""省部共建""]"
2146,重庆医科大学,重庆,重庆,渝中区,医药,公办,本科,重庆市,"[""保研"",""国重点"",""省重点"",""省属"",""省部共建""]"
2153,西南政法大学,重庆,重庆,渝北区,政法,公办,本科,重庆市,"[""保研"",""国重点"",""省部共建""]"
755,徐州医科大学,江苏,徐州市,鼓楼区,医药,公办,本科,江苏省,"[""保研""]"
1019,安徽医科大学,安徽,合肥市,合肥经济技术开发区,医药,公办,本科,安徽省,"[""保研"",""省重点"",""省属"",""省部共建""]"
2418,云南大学,云南,昆明市,呈贡区,综合,公办,本科,云南省,"[""211"",""双一流"",""101计划"",""保研"",""国重点"",""省属"",""省部共建""]"
39,北京体育大学,北京,北京,海淀区,体育,公办,本科,国家体育总局,"[""211"",""双一流"",""保研"",""国重点"",""部委院校""]"
2753,陆军军医大学,重庆,重庆,沙坪坝区,军事,公办,本科,解放军总后勤部,"[""保研"",""国重点"",""部委院校""]"
677,上海理工大学,上海,上海,杨浦区,理工,公办,本科,上海市,"[""保研"",""省重点"",""省属"",""省部共建""]"
2538,西安邮电大学,陕西,西安市,长安区,理工,公办,本科,陕西省,"[""保研"",""省部共建"",""四电四邮""]"
749,江苏大学,江苏,镇江市,京口区,综合,公办,本科,江苏省,"[""保研"",""国重点"",""省属"",""省部共建""]"
909,温州医科大学,浙江,温州市,瓯海区,医药,公办,本科,浙江省,"[""保研"",""省重点"",""省属"",""省部共建""]"
413,辽宁大学,辽宁,沈阳市,皇姑区,综合,公办,本科,辽宁省,"[""211"",""双一流"",""101计划"",""保研"",""国重点"",""省属""]"
2147,西南大学,重庆,重庆,北碚区,综合,公办,本科,教育部,"[""211"",""双一流"",""保研"",""国重点"",""部委院校"",""省部共建""]"
441,东北财经大学,辽宁,大连市,沙河口区,财经,公办,本科,辽宁省,"[""101计划"",""保研"",""省重点"",""省属"",""省部共建""]"
51,北京信息科技大学,北京,北京,海淀区,理工,公办,本科,北京市,"[""保研""]"
2122,海南大学,海南,海口市,美兰区,综合,公办,本科,海南省,"[""211"",""双一流"",""保研"",""国重点"",""省属"",""省部共建""]"
2528,西北政法大学,陕西,西安市,,政法,公办,本科,陕西省,"[""保研"",""省重点"",""省部共建""]"
1949,北师香港浸会大学,广东,珠海市,香洲区,综合,内地港澳台合作,本科,广东省教育厅,[]
756,南京中医药大学,江苏,南京市,栖霞区,医药,公办,本科,江苏省,"[""双一流"",""101计划"",""保研"",""国重点"",""省重点"",""省属"",""省部共建""]"
96,天津工业大学,天津,天津,西青区,理工,公办,本科,天津市,"[""双一流"",""保研"",""国重点"",""省重点"",""省属"",""省部共建""]"
2343,贵州大学,贵州,贵阳市,花溪区,综合,公办,本科,贵州省,"[""211"",""双一流"",""保研"",""国重点"",""省属"",""省部共建""]"
921,中国计量大学,浙江,杭州市,江干区,理工,公办,本科,浙江省,"[""省重点"",""省属"",""省部共建""]"
602,东北林业大学,黑龙江,哈尔滨市,香坊区,农林,公办,本科,教育部,"[""211"",""双一流"",""保研"",""国重点"",""省重点"",""部委院校"",""省部共建""]"
2040,广西大学,广西,南宁市,西乡塘区,综合,公办,本科,广西壮族自治区,"[""211"",""双一流"",""保研"",""国重点"",""省属"",""省部共建""]"
774,南京审计大学,江苏,南京市,浦口区,财经,公办,本科,江苏省,"[""省属"",""省部共建""]"
2144,重庆邮电大学,重庆,重庆,南岸区,理工,公办,本科,重庆市,"[""保研"",""省属"",""省部共建"",""四电四邮""]"
9,北方工业大学,北京,北京,石景山区,理工,公办,本科,北京市,"[""保研"",""省重点"",""省属"",""省部共建""]"
1894,广州中医药大学,广东,广州市,,医药,公办,本科,广东省,"[""双一流"",""保研"",""国重点"",""省重点"",""省属"",""省部共建""]"
689,上海对外经贸大学,上海,上海,松江区,财经,公办,本科,上海市,"[""保研"",""省属""]"
1758,湘潭大学,湖南,湘潭市,,综合,公办,本科,湖南省,"[""双一流"",""101计划"",""保研"",""国重点"",""省属"",""省部共建""]"
1892,广州医科大学,广东,广州市,,医药,公办,本科,广东省,"[""双一流"",""保研"",""国重点"",""省重点""]"
2510,西安理工大学,陕西,西安市,碑林区,理工,公办,本科,陕西省,"[""保研"",""省重点"",""省属"",""省部共建""]"
743,南京工业大学,江苏,南京市,,理工,公办,本科,江苏省,"[""保研"",""省重点"",""省属"",""省部共建""]"
771,扬州大学,江苏,扬州市,广陵区,综合,公办,本科,江苏省,"[""保研"",""省重点"",""省属"",""省部共建""]"
690,上海海关学院,上海,上海,浦东新区,财经,公办,本科,海关总署,"[""部委院校""]"
911,浙江师范大学,浙江,金华市,,师范,公办,本科,浙江省,"[""保研"",""省重点"",""省属""]"
2214,西南石油大学,四川,成都市,新都区,综合,公办,本科,四川省,"[""双一流"",""保研"",""国重点"",""省属"",""省部共建""]"
1948,深圳技术大学,广东,深圳市,坪山区,理工,公办,本科,广东省,[]
906,浙江理工大学,浙江,杭州市,,理工,公办,本科,浙江省,"[""保研"",""省重点"",""省属""]"
29,北京语言大学,北京,北京,海淀区,语言,公办,本科,教育部,"[""保研"",""国重点"",""部委院校"",""省部共建""]"
2217,成都信息工程大学,四川,成都市,龙泉驿区,理工,公办,本科,四川省,"[""保研"",""省属"",""省部共建""]"
683,上海海洋大学,上海,上海,浦东新区,综合,公办,本科,上海市,"[""双一流"",""保研"",""国重点"",""省部共建""]"
1890,华南农业大学,广东,广州市,天河区,综合,公办,本科,广东省,"[""双一流"",""保研"",""国重点"",""省属"",""省部共建""]"
1919,广东工业大学,广东,广州市,番禺区,理工,公办,本科,广东省,"[""保研"",""省重点"",""省属""]"
1763,长沙理工大学,湖南,长沙市,天心区,理工,公办,本科,湖南省,"[""保研"",""省属"",""省部共建""]"
2042,桂林电子科技大学,广西,桂林市,,理工,公办,本科,广西壮族自治区,"[""保研"",""省部共建"",""四电四邮""]"
101,天津中医药大学,天津,天津,静海区,医药,公办,本科,天津市,"[""双一流"",""101计划"",""保研"",""国重点"",""省属"",""省部共建""]"
172,燕山大学,河北,秦皇岛市,海港区,理工,公办,本科,河北省,"[""保研"",""国重点"",""省属"",""省部共建""]"
748,南京林业大学,江苏,南京市,,农林,公办,本科,江苏省,"[""双一流"",""保研"",""国重点"",""省属"",""省部共建""]"
2221,四川农业大学,四川,成都市,温江区,农林,公办,本科,四川省,"[""211"",""双一流"",""保研"",""国重点"",""省属"",""省部共建""]"
97,中国民航大学,天津,天津,东丽区,理工,公办,本科,交通运输部（中国民用航空局）,"[""保研"",""部委院校"",""省部共建""]"
1490,河南大学,河南,郑州市,金水区,综合,公办,本科,河南省,"[""双一流"",""保研"",""国重点"",""省属"",""省部共建""]"
678,上海海事大学,上海,上海,浦东新区,理工,公办,本科,上海市,"[""保研"",""省部共建""]"
918,浙江工商大学,浙江,杭州市,,财经,公办,本科,浙江省,"[""保研"",""省重点"",""省属"",""省部共建""]"
2795,中国石油大学（北京）克拉玛依校区,新疆,克拉玛依市,克拉玛依区,理工,公办,本科,教育部,"[""211"",""研究生院"",""保研""]"
3146,康复大学,山东,青岛市,青岛高新技术产业开发区,,公办,本科,山东省人民政府,"[""省属""]"
694,上海戏剧学院,上海,上海,静安区,艺术,公办,本科,上海市,"[""国重点""]"
1631,武汉科技大学,湖北,武汉市,,理工,公办,本科,湖北省,"[""保研"",""省属"",""省部共建""]"
601,东北农业大学,黑龙江,哈尔滨市,香坊区,农林,公办,本科,黑龙江省,"[""211"",""双一流"",""保研"",""国重点"",""省重点"",""省属"",""省部共建""]"
274,山西大学,山西,太原市,晋源区,综合,公办,本科,山西省,"[""双一流"",""101计划"",""保研"",""国重点"",""省重点"",""省属"",""省部共建""]"
34,首都经济贸易大学,北京,北京,丰台区,财经,公办,本科,北京市,"[""保研"",""省重点"",""省属""]"
28,北京第二外国语学院,北京,北京,朝阳区,语言,公办,本科,北京市,"[""保研"",""省重点"",""省部共建""]"
3139,河北医科大学,河北,石家庄市,,,公办,本科,河北省,"[""保研"",""省重点"",""省属"",""省部共建""]"
926,浙江财经大学,浙江,杭州市,,财经,公办,本科,浙江省,"[""保研"",""省重点""]"
912,杭州师范大学,浙江,杭州市,余杭区,师范,公办,本科,浙江省,"[""保研"",""省重点"",""省属""]"
2224,成都中医药大学,四川,成都市,温江区,医药,公办,本科,四川省,"[""双一流"",""101计划"",""保研"",""国重点"",""省重点"",""省属"",""省部共建""]"
1642,湖北大学,湖北,武汉市,,综合,公办,本科,湖北省,"[""保研"",""省重点"",""省属"",""省部共建""]"
1360,青岛大学,山东,青岛市,崂山区,综合,公办,本科,山东省,"[""保研"",""省重点"",""省属""]"
530,延边大学,吉林,延边朝鲜族自治州,延吉市,综合,公办,本科,吉林省,"[""211"",""双一流"",""保研"",""国重点"",""省重点"",""省属"",""省部共建""]"
2215,成都理工大学,四川,成都市,成华区,理工,公办,本科,四川省,"[""双一流"",""保研"",""国重点"",""省属"",""省部共建""]"
532,东北电力大学,吉林,吉林市,船营区,理工,公办,本科,吉林省,"[""保研"",""省重点"",""省属""]"
1888,汕头大学,广东,汕头市,金平区,综合,公办,本科,广东省,"[""保研"",""省属"",""省部共建""]"
2685,新疆大学,新疆,乌鲁木齐市,天山区,综合,公办,本科,新疆维吾尔自治区,"[""211"",""双一流"",""保研"",""国重点"",""省属"",""省部共建""]"
741,江苏科技大学,江苏,镇江市,,理工,公办,本科,江苏省,"[""保研"",""省重点"",""省部共建""]"
762,南京财经大学,江苏,南京市,,财经,公办,本科,江苏省,"[""保研"",""省重点"",""省属"",""省部共建""]"
1910,广州大学,广东,广州市,番禺区,综合,公办,本科,广东省,"[""101计划"",""保研"",""省重点"",""省属""]"
359,内蒙古大学,内蒙古,呼和浩特市,赛罕区,综合,公办,本科,内蒙古自治区,"[""211"",""双一流"",""101计划"",""保研"",""国重点"",""省属"",""省部共建""]"
432,大连医科大学,辽宁,大连市,,医药,公办,本科,辽宁省,"[""保研"",""省重点""]"
910,浙江中医药大学,浙江,杭州市,,医药,公办,本科,浙江省,"[""保研"",""省重点"",""省属"",""省部共建""]"
2982,陆军工程大学,江苏,南京市,秦淮区,军事,公办,本科,解放军总参谋部,"[""部委院校""]"
701,上海政法学院,上海,上海,青浦区,政法,公办,本科,上海市,[]
1920,广东外语外贸大学,广东,广州市,白云区,语言,公办,本科,广东省,"[""保研"",""省重点"",""省属""]"
1235,江西财经大学,江西,南昌市,,财经,公办,本科,江西省,"[""101计划"",""保研"",""省属"",""省部共建""]"
1343,山东师范大学,山东,济南市,,师范,公办,本科,山东省,"[""保研"",""省重点"",""省属"",""省部共建""]"
751,南通大学,江苏,南通市,崇川区,综合,公办,本科,江苏省,"[""保研"",""省重点"",""省属"",""省部共建""]"
15,北京建筑大学,北京,北京,西城区,理工,公办,本科,北京市,"[""保研"",""省部共建""]"
1633,武汉工程大学,湖北,武汉市,东西湖区,理工,公办,本科,湖北省,"[""保研"",""省重点""]"
686,上海师范大学,上海,上海,徐汇区,综合,公办,本科,上海市,"[""保研"",""省重点"",""省属""]"
2653,青海大学,青海,西宁市,城西区,综合,公办,本科,青海省,"[""211"",""双一流"",""保研"",""国重点"",""省部共建""]"
1657,江汉大学,湖北,武汉市,汉阳区,综合,公办,本科,湖北省,"[""保研"",""省属""]"
98,天津理工大学,天津,天津,西青区,理工,公办,本科,天津市,"[""保研"",""省属""]"
766,苏州科技大学,江苏,苏州市,虎丘区,综合,公办,本科,江苏省,"[""保研"",""省部共建""]"
2512,西安工业大学,陕西,西安市,未央区,理工,公办,本科,陕西省,"[""保研"",""省重点"",""省属"",""省部共建""]"
603,哈尔滨医科大学,黑龙江,哈尔滨市,南岗区,医药,公办,本科,黑龙江省,"[""保研"",""省重点"",""省属"",""省部共建""]"
2516,陕西科技大学,陕西,西安市,未央区,理工,公办,本科,陕西省,"[""保研"",""国重点"",""省重点"",""省属"",""省部共建""]"
1658,三峡大学,湖北,宜昌市,,综合,公办,本科,湖北省,"[""保研"",""省重点"",""省属"",""省部共建""]"
416,沈阳航空航天大学,辽宁,沈阳市,沈北新区,理工,公办,本科,辽宁省,"[""保研"",""省属"",""省部共建""]"
11,北京工商大学,北京,北京,海淀区,财经,公办,本科,北京市,"[""保研"",""省重点"",""省属""]"
2514,西安科技大学,陕西,西安市,,理工,公办,本科,陕西省,"[""保研"",""省部共建""]"
1140,福建师范大学,福建,福州市,,师范,公办,本科,福建省,"[""保研"",""省重点"",""省属"",""省部共建""]"
1766,湖南中医药大学,湖南,长沙市,岳麓区,医药,公办,本科,湖南省,"[""保研"",""省重点""]"
1021,皖南医学院,安徽,芜湖市,,医药,公办,本科,安徽省,"[""保研"",""省属""]"
2513,西安建筑科技大学,陕西,西安市,碑林区,理工,公办,本科,陕西省,"[""保研"",""省属"",""省部共建""]"
773,南京工程学院,江苏,南京市,,理工,公办,本科,江苏省,"[""省属""]"
2253,成都医学院,四川,成都市,新都区,医药,公办,本科,四川省,"[""省属""]"
1133,华侨大学,福建,泉州市,丰泽区,综合,公办,本科,中央统战部,"[""保研"",""国重点"",""省重点"",""部委院校"",""省部共建""]"
106,天津财经大学,天津,天津,河西区,财经,公办,本科,天津市,"[""保研"",""省重点"",""省属""]"
916,温州大学,浙江,温州市,,综合,公办,本科,浙江省,"[""省重点""]"
531,长春理工大学,吉林,长春市,朝阳区,理工,公办,本科,吉林省,"[""保研"",""省重点"",""省属"",""省部共建""]"
2665,宁夏大学,宁夏,银川市,西夏区,综合,公办,本科,宁夏回族自治区,"[""211"",""双一流"",""保研"",""国重点"",""省部共建""]"
2238,成都大学,四川,成都市,龙泉驿区,综合,公办,本科,四川省,"[""保研"",""省重点""]"
276,中北大学,山西,太原市,,理工,公办,本科,山西省,"[""保研"",""省重点"",""省属"",""省部共建""]"
697,上海工程技术大学,上海,上海,松江区,理工,公办,本科,上海市,"[""保研""]"
1224,南昌航空大学,江西,南昌市,,理工,公办,本科,江西省,"[""保研"",""省属"",""省部共建""]"
279,山西医科大学,山西,太原市,,医药,公办,本科,山西省,"[""保研""]"
923,浙江科技大学,浙江,杭州市,西湖区,理工,公办,本科,浙江省,"[""省属""]"
2688,石河子大学,新疆,自治区直辖县级行政区划,石河子市,综合,公办,本科,新疆生产建设兵团,"[""211"",""双一流"",""保研"",""国重点"",""省部共建""]"
149,河北大学,河北,保定市,,综合,公办,本科,河北省,"[""保研"",""省属"",""省部共建""]"
95,天津科技大学,天津,天津,河西区,理工,公办,本科,天津市,"[""保研"",""省重点"",""省属""]"
934,浙大城市学院,浙江,杭州市,拱墅区,理工,公办,本科,浙江省,[]
102,天津师范大学,天津,天津,西青区,师范,公办,本科,天津市,"[""保研"",""省重点"",""省属"",""省部共建""]"
2515,西安石油大学,陕西,西安市,雁塔区,理工,公办,本科,陕西省,"[""保研"",""省属"",""省部共建""]"
2044,广西医科大学,广西,南宁市,,医药,公办,本科,广西壮族自治区,"[""保研"",""省重点"",""省属"",""省部共建""]"
1137,集美大学,福建,厦门市,集美区,综合,公办,本科,福建省,"[""保研"",""省部共建""]"
1138,福建医科大学,福建,福州市,,医药,公办,本科,福建省,"[""保研"",""省重点"",""省部共建""]"
434,沈阳药科大学,辽宁,沈阳市,沈河区,医药,公办,本科,辽宁省,"[""101计划"",""保研"",""省重点"",""省属""]"
423,大连交通大学,辽宁,大连市,沙河口区,理工,公办,本科,辽宁省,"[""保研"",""省重点"",""省部共建""]"
692,上海体育大学,上海,上海,杨浦区,体育,公办,本科,上海市,"[""双一流"",""保研"",""省部共建""]"
171,石家庄铁道大学,河北,石家庄市,,理工,公办,本科,河北省,"[""保研"",""国重点"",""省重点"",""省属"",""省部共建""]"
2517,西安工程大学,陕西,西安市,新城区,理工,公办,本科,陕西省,"[""保研"",""省属""]"
2345,遵义医科大学,贵州,遵义市,红花岗区,医药,公办,本科,贵州省,"[""保研"",""省属"",""省部共建""]"
1328,山东科技大学,山东,青岛市,,理工,公办,本科,山东省,"[""保研"",""省属"",""省部共建""]"
908,浙江农林大学,浙江,杭州市,,农林,公办,本科,浙江省,"[""保研"",""省重点"",""省属"",""省部共建""]"
1222,华东交通大学,江西,南昌市,,理工,公办,本科,江西省,"[""保研"",""省重点"",""省属"",""省部共建""]"
2223,西南医科大学,四川,泸州市,江阳区,医药,公办,本科,四川省,"[""保研"",""省属""]"
1762,湖南科技大学,湖南,湘潭市,,综合,公办,本科,湖南省,"[""保研"",""省部共建""]"
1230,江西师范大学,江西,南昌市,,师范,公办,本科,江西省,"[""保研"",""省重点"",""省属"",""省部共建""]"
2520,陕西中医药大学,陕西,咸阳市,杨陵区,医药,公办,本科,陕西省,"[""保研"",""省部共建""]"
595,哈尔滨理工大学,黑龙江,哈尔滨市,南岗区,理工,公办,本科,黑龙江省,"[""保研"",""省重点"",""省属"",""省部共建""]"
1638,湖北工业大学,湖北,武汉市,洪山区,理工,公办,本科,湖北省,"[""保研"",""省属""]"
1908,广东财经大学,广东,广州市,海珠区,财经,公办,本科,广东省,"[""保研"",""省部共建""]"
681,上海应用技术大学,上海,上海,奉贤区,理工,公办,本科,上海市,"[""保研"",""省重点""]"
2422,昆明医科大学,云南,昆明市,,医药,公办,本科,云南省,"[""保研"",""省重点"",""省属""]"
1905,星海音乐学院,广东,广州市,花都区,艺术,公办,本科,广东省,"[""省属""]"
935,浙大宁波理工学院,浙江,宁波市,鄞州区,理工,公办,本科,浙江省,[]
1353,山东财经大学,山东,济南市,章丘区,财经,公办,本科,山东省,"[""保研"",""省重点"",""省属"",""省部共建""]"
1777,南华大学,湖南,衡阳市,石鼓区,综合,公办,本科,湖南省,"[""保研"",""省属"",""省部共建""]"
1632,长江大学,湖北,荆州市,荆州区,综合,公办,本科,湖北省,"[""保研"",""省重点"",""省属"",""省部共建""]"
2537,西安财经大学,陕西,西安市,长安区,财经,公办,本科,陕西省,"[""省部共建""]"
1015,安徽工业大学,安徽,马鞍山市,,理工,公办,本科,安徽省,"[""保研""]"
744,常州大学,江苏,常州市,,理工,公办,本科,江苏省,"[""保研"",""省属"",""省部共建""]"
2225,川北医学院,四川,南充市,嘉陵区,医药,公办,本科,四川省,"[""省属""]"
2145,重庆交通大学,重庆,重庆,南岸区,理工,公办,本科,重庆市,"[""保研"",""省部共建""]"
2226,四川师范大学,四川,成都市,锦江区,师范,公办,本科,四川省,"[""保研"",""省重点"",""省属""]"
161,河北师范大学,河北,石家庄市,,师范,公办,本科,河北省,"[""保研"",""省重点"",""省属"",""省部共建""]"
2219,西华大学,四川,成都市,金牛区,综合,公办,本科,四川省,"[""保研"",""省重点"",""省属""]"
2666,宁夏医科大学,宁夏,银川市,兴庆区,医药,公办,本科,宁夏回族自治区,"[""保研"",""省属"",""省部共建""]"
1330,青岛科技大学,山东,青岛市,崂山区,理工,公办,本科,山东省,"[""保研"",""省属""]"
1918,东莞理工学院,广东,东莞市,全市,理工,公办,本科,广东省,[]
2419,昆明理工大学,云南,昆明市,,理工,公办,本科,云南省,"[""保研"",""省重点"",""省属"",""省部共建""]"
176,中国人民警察大学,河北,廊坊市,,政法,公办,本科,公安部,"[""部委院校""]"
1904,广州美术学院,广东,广州市,,艺术,公办,本科,广东省,"[""保研""]"
1225,江西理工大学,江西,赣州市,,理工,公办,本科,江西省,"[""保研"",""省部共建""]"
593,黑龙江大学,黑龙江,哈尔滨市,南岗区,综合,公办,本科,黑龙江省,"[""保研"",""省重点"",""省属"",""省部共建""]"
1023,安徽师范大学,安徽,芜湖市,,师范,公办,本科,安徽省,"[""保研"",""省重点"",""省属"",""省部共建""]"
1636,武汉轻工大学,湖北,武汉市,东西湖区,理工,公办,本科,湖北省,"[""保研"",""省属"",""省部共建""]"
160,承德医学院,河北,承德市,双桥区,医药,公办,本科,河北省,"[""省属""]"
2216,西南科技大学,四川,绵阳市,涪城区,理工,公办,本科,四川省,"[""保研"",""省属"",""省部共建""]"
1635,武汉纺织大学,湖北,武汉市,江夏区,理工,公办,本科,湖北省,"[""保研"",""省属""]"
1893,广东医科大学,广东,湛江市,霞山区,医药,公办,本科,广东省,"[""省重点"",""省属""]"
698,上海立信会计金融学院,上海,上海,黄浦区,财经,公办,本科,上海市,"[""省部共建""]"
1640,湖北中医药大学,湖北,武汉市,洪山区,医药,公办,本科,湖北省,"[""保研"",""省重点"",""省部共建""]"
1651,中南民族大学,湖北,武汉市,洪山区,综合,公办,本科,国家民委,"[""保研"",""部委院校"",""省部共建""]"
2605,兰州交通大学,甘肃,兰州市,,综合,公办,本科,甘肃省,"[""保研"",""省属"",""省部共建""]"
153,华北理工大学,河北,唐山市,,综合,公办,本科,河北省,"[""保研"",""省重点"",""省属"",""省部共建""]"
1489,河南医药大学,河南,新乡市,红旗区,医药,公办,本科,河南省,"[""保研""]"
1785,湖南工业大学,湖南,株洲市,天元区,理工,公办,本科,湖南省,"[""省部共建""]"
1016,安徽理工大学,安徽,淮南市,田家庵区,理工,公办,本科,安徽省,"[""保研"",""省重点"",""省部共建""]"
1482,河南工业大学,河南,郑州市,,理工,公办,本科,河南省,"[""保研"",""省部共建""]"
1331,济南大学,山东,济南市,,综合,公办,本科,山东省,"[""保研"",""省重点"",""省属"",""省部共建""]"
109,天津美术学院,天津,天津,河北区,艺术,公办,本科,天津市,"[""保研"",""省属""]"
2540,西安医学院,陕西,西安市,未央区,医药,公办,本科,陕西省,[]
1339,山东第一医科大学,山东,济南市,槐荫区,医药,公办,本科,山东省,"[""保研""]"
1020,蚌埠医科大学,安徽,蚌埠市,龙子湖区,医药,公办,本科,安徽省,"[""保研"",""省属""]"
702,上海第二工业大学,上海,上海,浦东新区,理工,公办,本科,上海市,"[""省属""]"
1912,广东警官学院,广东,广州市,,政法,公办,本科,广东省,[]
1030,安徽财经大学,安徽,蚌埠市,,财经,公办,本科,安徽省,"[""保研"",""省重点""]"
104,天津外国语大学,天津,天津,河西区,语言,公办,本科,天津市,"[""保研"",""省重点"",""省属""]"
2148,重庆师范大学,重庆,重庆,沙坪坝区,师范,公办,本科,重庆市,"[""保研"",""省属""]"
699,上海电机学院,上海,上海,浦东新区,理工,公办,本科,上海市,[]
598,东北石油大学,黑龙江,大庆市,,理工,公办,本科,黑龙江省,"[""保研"",""国重点"",""省重点"",""省属"",""省部共建""]"
2156,重庆理工大学,重庆,重庆,巴南区,理工,公办,本科,重庆市,"[""省重点""]"
33,北京物资学院,北京,北京,通州区,财经,公办,本科,北京市,"[""保研""]"
2527,西安外国语大学,陕西,西安市,,语言,公办,本科,陕西省,"[""保研"",""省属""]"
1478,华北水利水电大学,河南,郑州市,,理工,公办,本科,河南省,"[""保研"",""省部共建""]"
2125,海南医科大学,海南,海口市,龙华区,医药,公办,本科,海南省,"[""保研""]"
1344,曲阜师范大学,山东,济宁市,,师范,公办,本科,山东省,"[""保研"",""省重点"",""省属""]"
1332,青岛理工大学,山东,青岛市,市北区,理工,公办,本科,山东省,"[""保研""]"
1491,河南师范大学,河南,新乡市,,师范,公办,本科,河南省,"[""保研"",""省重点"",""省属"",""省部共建""]"
55,北京联合大学,北京,北京,朝阳区,综合,公办,本科,北京市,"[""保研"",""省属""]"
537,长春中医药大学,吉林,长春市,,医药,公办,本科,吉林省,"[""保研"",""省重点"",""省属"",""省部共建""]"
919,嘉兴大学,浙江,嘉兴市,南湖区,综合,公办,本科,浙江省,"[""省属""]"
1776,湖南工商大学,湖南,长沙市,岳麓区,财经,公办,本科,湖南省,"[""保研"",""省属""]"
1483,河南科技大学,河南,洛阳市,洛龙区,综合,公办,本科,河南省,"[""保研"",""省重点"",""省部共建""]"
1765,中南林业科技大学,湖南,长沙市,天心区,农林,公办,本科,湖南省,"[""保研"",""省重点"",""省属"",""省部共建""]"
765,南京艺术学院,江苏,南京市,,艺术,公办,本科,江苏省,"[""保研"",""省部共建""]"
417,沈阳理工大学,辽宁,沈阳市,浑南区,理工,公办,本科,辽宁省,"[""省部共建""]"
2220,中国民用航空飞行学院,四川,德阳市,,理工,公办,本科,交通运输部（中国民用航空局）,"[""部委院校"",""省部共建""]"
1139,福建中医药大学,福建,福州市,,医药,公办,本科,福建省,"[""保研"",""省重点"",""省属"",""省部共建""]"
1018,安徽农业大学,安徽,合肥市,,农林,公办,本科,安徽省,"[""保研"",""省重点"",""省属"",""省部共建""]"
1488,河南中医药大学,河南,郑州市,金水区,医药,公办,本科,河南省,"[""保研"",""省重点"",""省属"",""省部共建""]"
154,河北科技大学,河北,石家庄市,,理工,公办,本科,河北省,"[""保研"",""省重点"",""省属"",""省部共建""]"
2046,广西中医药大学,广西,南宁市,,医药,公办,本科,广西壮族自治区,"[""保研"",""省重点"",""省属"",""省部共建""]"
2344,贵州医科大学,贵州,贵阳市,云岩区,医药,公办,本科,贵州省,"[""保研"",""省重点"",""省属""]"
930,浙江传媒学院,浙江,杭州市,下城区,语言,公办,本科,浙江省,"[""省属"",""省部共建""]"
2689,新疆医科大学,新疆,乌鲁木齐市,,医药,公办,本科,新疆维吾尔自治区,"[""保研"",""省属"",""省部共建""]"
1136,福建农林大学,福建,福州市,台江区,农林,公办,本科,福建省,"[""保研"",""省重点"",""省属"",""省部共建""]"
1341,山东中医药大学,山东,济南市,,医药,公办,本科,山东省,"[""保研"",""省重点"",""省属"",""省部共建""]"
415,沈阳工业大学,辽宁,沈阳市,皇姑区,理工,公办,本科,辽宁省,"[""保研"",""省重点"",""省属""]"
1480,河南理工大学,河南,焦作市,,理工,公办,本科,河南省,"[""保研"",""省重点"",""省属"",""省部共建""]"
1768,湖南理工学院,湖南,岳阳市,云溪区,理工,公办,本科,湖南省,"[""省属""]"
14,北京印刷学院,北京,北京,大兴区,理工,公办,本科,北京市,"[""省属"",""省部共建""]"
759,江苏师范大学,江苏,徐州市,,师范,公办,本科,江苏省,"[""保研"",""省属"",""省部共建""]"
1921,佛山大学,广东,佛山市,禅城区,理工,公办,本科,广东省,"[""保研""]"
1764,湖南农业大学,湖南,长沙市,芙蓉区,农林,公办,本科,湖南省,"[""保研"",""省属"",""省部共建""]"
1146,厦门理工学院,福建,厦门市,,理工,公办,本科,福建省,"[""省重点"",""省属""]"
1223,东华理工大学,江西,南昌市,东湖区,理工,公办,本科,江西省,"[""保研"",""省部共建""]"
1481,郑州轻工业大学,河南,郑州市,金水区,理工,公办,本科,河南省,"[""保研"",""省部共建""]"
2501,西藏大学,西藏,拉萨市,城关区,综合,公办,本科,西藏自治区,"[""211"",""双一流"",""保研"",""国重点"",""省部共建""]"
1784,湖南警察学院,湖南,长沙市,,政法,公办,本科,湖南省教育厅,[]
1035,安徽建筑大学,安徽,合肥市,合肥经济技术开发区,理工,公办,本科,安徽省,"[""保研"",""省重点"",""省属"",""省部共建""]"
936,杭州医学院,浙江,杭州市,滨江区,医药,公办,本科,浙江省,"[""省属""]"
907,浙江海洋大学,浙江,舟山市,定海区,农林,公办,本科,浙江省,"[""省重点"",""省属"",""省部共建""]"
2047,桂林医科大学,广西,桂林市,秀峰区,医药,公办,本科,广西壮族自治区,"[""保研"",""省属""]"
797,无锡学院,江苏,无锡市,锡山区,理工,公办,本科,江苏省,"[""省属""]"
777,江苏海洋大学,江苏,连云港市,海州区,理工,公办,本科,江苏省,"[""省属""]"
2608,西北师范大学,甘肃,兰州市,安宁区,师范,公办,本科,甘肃省,"[""保研"",""省重点"",""省属"",""省部共建""]"
158,河北中医药大学,河北,石家庄市,长安区,医药,公办,本科,河北省,"[""保研"",""省重点"",""省属"",""省部共建""]"
1499,河南财经政法大学,河南,郑州市,金水区,财经,公办,本科,河南省,"[""保研"",""省属""]"
2604,兰州理工大学,甘肃,兰州市,,综合,公办,本科,甘肃省,"[""保研"",""省属"",""省部共建""]"
2048,广西师范大学,广西,桂林市,七星区,师范,公办,本科,广西壮族自治区,"[""保研"",""省重点"",""省属"",""省部共建""]"
1335,山东理工大学,山东,淄博市,张店区,理工,公办,本科,山东省,"[""保研"",""省重点"",""省部共建""]"
105,天津商业大学,天津,天津,北辰区,财经,公办,本科,天津市,"[""保研"",""省重点"",""省属""]"
1485,河南农业大学,河南,郑州市,,农林,公办,本科,河南省,"[""保研"",""省重点"",""省属"",""省部共建""]"
1336,山东农业大学,山东,泰安市,,综合,公办,本科,山东省,"[""保研"",""省重点"",""省属"",""省部共建""]"
1895,广东药科大学,广东,广州市,番禺区,医药,公办,本科,广东省,"[""保研""]"
2237,西南民族大学,四川,成都市,武侯区,民族,公办,本科,国家民委,"[""保研"",""部委院校"",""省部共建""]"
2218,四川轻化工大学,四川,自贡市,自流井区,理工,公办,本科,四川省,"[""省属"",""省部共建""]"
1022,安徽中医药大学,安徽,合肥市,,医药,公办,本科,安徽省,"[""保研"",""省重点"",""省属"",""省部共建""]"
914,绍兴文理学院,浙江,绍兴市,,师范,公办,本科,浙江省,"[""省属""]"
545,吉林财经大学,吉林,长春市,,财经,公办,本科,吉林省,"[""保研"",""省重点"",""省部共建""]"
1361,烟台大学,山东,烟台市,莱山区,综合,公办,本科,山东省,"[""省重点"",""省属""]"
1334,齐鲁工业大学,山东,济南市,,理工,公办,本科,山东省,"[""保研"",""省属""]"
1946,广东第二师范学院,广东,广州市,,师范,公办,本科,广东省,"[""省属""]"
1338,山东第二医科大学,山东,潍坊市,青州市,医药,公办,本科,山东省,"[""省属""]"
426,沈阳建筑大学,辽宁,沈阳市,浑南区,理工,公办,本科,辽宁省,"[""保研"",""省重点"",""省属"",""省部共建""]"
950,温州理工学院,浙江,温州市,温州经济技术开发区,师范,公办,本科,浙江省,"[""省属""]"
16,北京石油化工学院,北京,北京,大兴区,综合,公办,本科,北京市,"[""省属""]"
59,中国劳动关系学院,北京,北京,海淀区,政法,公办,本科,中华全国总工会,"[""部委院校""]"
1038,合肥大学,安徽,合肥市,巢湖市,综合,公办,本科,安徽省,[]
1228,江西中医药大学,江西,南昌市,东湖区,医药,公办,本科,江西省,"[""保研"",""省属"",""省部共建""]"
425,大连工业大学,辽宁,大连市,甘井子区,理工,公办,本科,辽宁省,"[""保研"",""省重点""]"
150,河北工程大学,河北,邯郸市,,理工,公办,本科,河北省,"[""保研"",""省重点"",""省部共建""]"
1643,湖北师范大学,湖北,黄石市,,师范,公办,本科,湖北省,"[""省重点"",""省属""]"
3049,重庆中医药学院,重庆,重庆,璧山区,,公办,本科,,[]
1153,厦门医学院,福建,厦门市,,医药,公办,本科,福建省,"[""省属""]"
785,金陵科技学院,江苏,南京市,,理工,公办,本科,江苏省,[]
2425,云南师范大学,云南,昆明市,呈贡区,师范,公办,本科,云南省,"[""保研"",""省重点"",""省属"",""省部共建""]"
288,山西财经大学,山西,太原市,,财经,公办,本科,山西省,"[""保研"",""省属""]"
682,上海健康医学院,上海,上海,浦东新区,医药,公办,本科,上海市,"[""省属""]"
924,宁波工程学院,浙江,宁波市,奉化区,理工,公办,本科,浙江省,"[""省属""]"
2346,贵州中医药大学,贵州,贵阳市,南明区,医药,公办,本科,贵州省,"[""保研"",""省重点"",""省部共建""]"
420,辽宁工程技术大学,辽宁,阜新市,细河区,理工,公办,本科,辽宁省,"[""保研"",""国重点"",""省部共建""]"
2152,四川外国语大学,重庆,重庆,沙坪坝区,语言,公办,本科,重庆市,"[""保研"",""省属""]"
604,黑龙江中医药大学,黑龙江,哈尔滨市,香坊区,医药,公办,本科,黑龙江省,"[""101计划"",""保研"",""省重点"",""省属"",""省部共建""]"
798,苏州城市学院,江苏,苏州市,吴中区,综合,公办,本科,江苏省,[]
925,浙江水利水电学院,浙江,杭州市,,理工,公办,本科,浙江省,"[""省属"",""省部共建""]"
1229,赣南医科大学,江西,赣州市,章贡区,医药,公办,本科,江西省,[]
428,沈阳农业大学,辽宁,沈阳市,沈河区,农林,公办,本科,辽宁省,"[""保研"",""国重点"",""省部共建""]"
1906,广东技术师范大学,广东,广州市,天河区,师范,公办,本科,广东省,"[""省属""]"
1891,广东海洋大学,广东,湛江市,麻章区,农林,公办,本科,广东省,"[""保研"",""省属"",""省部共建""]"
2750,山西医药学院,山西,吕梁市,汾阳市,医药,公办,本科,山西医科大学,[]
421,辽宁石油化工大学,辽宁,抚顺市,望花区,综合,公办,本科,辽宁省,"[""保研"",""省重点"",""省属"",""省部共建""]"
703,上海商学院,上海,上海,徐汇区,财经,公办,本科,上海市,[]
533,长春工业大学,吉林,长春市,,理工,公办,本科,吉林省,"[""保研"",""省重点"",""省属""]"
2157,重庆工商大学,重庆,重庆,南岸区,财经,公办,本科,重庆市,"[""省重点"",""省属""]"
275,太原科技大学,山西,太原市,万柏林区,理工,公办,本科,山西省,"[""保研"",""省重点"",""省属"",""省部共建""]"
159,河北北方学院,河北,张家口市,崇礼区,综合,公办,本科,河北省,"[""保研"",""省属""]"
1915,广东金融学院,广东,广州市,,财经,公办,本科,广东省,"[""省属""]"
2239,成都工业学院,四川,成都市,金牛区,理工,公办,本科,四川省,"[""省属""]"
1141,闽江学院,福建,福州市,,综合,公办,本科,福建省,"[""省重点"",""省属""]"
1787,湖南第一师范学院,湖南,长沙市,岳麓区,师范,公办,本科,湖南省,"[""省属""]"
776,江苏理工学院,江苏,常州市,武进区,理工,公办,本科,江苏省,"[""省属""]"
280,长治医学院,山西,长治市,上党区,医药,公办,本科,山西省,"[""省重点"",""省属""]"
952,嘉兴南湖学院,浙江,嘉兴市,南湖区,财经,公办,本科,浙江省,[]
2124,海南师范大学,海南,海口市,,师范,公办,本科,海南省,"[""保研"",""省重点"",""省属"",""省部共建""]"
767,苏州工学院,江苏,苏州市,姑苏区,理工,公办,本科,江苏省,"[""省属""]"
1500,郑州航空工业管理学院,河南,郑州市,,财经,公办,本科,河南省,"[""省属"",""省部共建""]"
2236,四川音乐学院,四川,成都市,武侯区,艺术,公办,本科,四川省,"[""保研""]"
1484,中原工学院,河南,郑州市,中原区,理工,公办,本科,河南省,"[""省属"",""省部共建""]"
2243,四川警察学院,四川,泸州市,,政法,公办,本科,四川省,"[""省属""]"
2523,陕西理工大学,陕西,汉中市,汉台区,理工,公办,本科,陕西省,"[""省属""]"
436,辽宁师范大学,辽宁,大连市,沙河口区,师范,公办,本科,辽宁省,"[""保研"",""省重点"",""省属""]"
1017,安徽工程大学,安徽,芜湖市,,理工,公办,本科,安徽省,"[""省重点"",""省属""]"
915,台州学院,浙江,台州市,椒江区,综合,公办,本科,浙江省,[]
1652,湖北汽车工业学院,湖北,十堰市,张湾区,理工,公办,本科,湖北省,"[""省属""]"
1333,山东建筑大学,山东,济南市,,理工,公办,本科,山东省,"[""保研"",""省部共建""]"
451,沈阳工程学院,辽宁,沈阳市,,理工,公办,本科,辽宁省,"[""省属""]"
1788,湖南医药学院,湖南,怀化市,鹤城区,医药,公办,本科,湖南省,"[""省属""]"
1659,湖北警官学院,湖北,武汉市,,政法,公办,本科,湖北省,"[""省属""]"
1779,长沙学院,湖南,长沙市,,理工,公办,本科,湖南省,"[""省属""]"
448,大连大学,辽宁,大连市,金州区,综合,公办,本科,辽宁省,"[""保研""]"
440,大连外国语大学,辽宁,大连市,,语言,公办,本科,辽宁省,"[""保研"",""省重点""]"
2227,西华师范大学,四川,南充市,,师范,公办,本科,四川省,"[""保研"",""省重点"",""省属""]"
2502,西藏民族大学,陕西,咸阳市,渭城区,民族,公办,本科,陕西省,"[""保研"",""省部共建""]"
201,华北理工大学冀唐学院,河北,唐山市,,医药,民办,本科,河北省教育厅,[]
1233,赣南师范大学,江西,赣州市,章贡区,师范,公办,本科,江西省,"[""省属""]"
431,锦州医科大学,辽宁,锦州市,,医药,公办,本科,辽宁省,"[""省属""]"
1227,江西农业大学,江西,南昌市,,农林,公办,本科,江西省,"[""保研"",""国重点"",""省部共建""]"
958,浙江外国语学院,浙江,杭州市,上城区,语言,公办,本科,浙江省,"[""省属""]"
289,山西中医药大学,山西,晋中市,榆次区,医药,公办,本科,山西省,"[""保研"",""省重点"",""省部共建""]"
444,沈阳音乐学院,辽宁,沈阳市,和平区,艺术,公办,本科,辽宁省,"[""保研""]"
1348,鲁东大学,山东,烟台市,芝罘区,综合,公办,本科,山东省,"[""省属""]"
2522,延安大学,陕西,延安市,宝塔区,综合,公办,本科,陕西省,"[""保研"",""省重点"",""省属"",""省部共建""]"
1135,福建理工大学,福建,福州市,闽侯县,理工,公办,本科,福建省,"[""省重点"",""省属""]"
1340,滨州医学院,山东,烟台市,莱山区,医药,公办,本科,山东省,"[""省属""]"
764,南京体育学院,江苏,南京市,,体育,公办,本科,江苏省,"[""保研"",""省属""]"
181,河北经贸大学,河北,石家庄市,,财经,公办,本科,河北省,"[""保研"",""省重点""]"
1759,吉首大学,湖南,湘西土家族苗族自治州,,综合,公办,本科,湖南省,"[""保研"",""省部共建""]"
775,南京晓庄学院,江苏,南京市,江宁区,师范,公办,本科,江苏省,[]
1911,广州航海学院,广东,广州市,黄埔区,理工,公办,本科,广东省,[]
1913,仲恺农业工程学院,广东,广州市,,农林,公办,本科,广东省,"[""省属""]"
1663,武汉商学院,湖北,武汉市,,财经,公办,本科,湖北省,[]
1240,江西水利电力大学,江西,南昌市,青山湖区,理工,公办,本科,江西省,"[""国重点"",""省部共建""]"
948,湖州学院,浙江,湖州市,吴兴区,师范,公办,本科,浙江省,"[""省属""]"
913,湖州师范学院,浙江,湖州市,,师范,公办,本科,浙江省,"[""省属""]"
1898,惠州学院,广东,惠州市,惠城区,综合,公办,本科,广东省,"[""省属""]"
917,丽水学院,浙江,丽水市,,师范,公办,本科,浙江省,"[""省属""]"
193,河北医科大学临床学院,河北,石家庄市,,医药,民办,本科,河北省教育厅,[]
12,北京服装学院,北京,北京,朝阳区,艺术,公办,本科,北京市,"[""保研""]"
1226,景德镇陶瓷大学,江西,景德镇市,,理工,公办,本科,江西省,"[""保研""]"
1914,五邑大学,广东,江门市,蓬江区,综合,公办,本科,广东省,"[""保研""]"
811,江苏第二师范学院,江苏,南京市,,师范,公办,本科,江苏省,"[""省属""]"
1258,南昌医学院,江西,南昌市,湾里区,医药,公办,本科,江西省卫生健康委员会,[]
103,天津职业技术师范大学,天津,天津,河西区,师范,公办,本科,天津市,"[""保研"",""省属"",""省部共建""]"
281,山西师范大学,山西,太原市,小店区,师范,公办,本科,山西省,"[""保研"",""省重点"",""省属""]"
2154,四川美术学院,重庆,重庆,沙坪坝区,艺术,公办,本科,重庆市,"[""保研""]"
1239,江西科技师范大学,江西,南昌市,,师范,公办,本科,江西省,"[""省属"",""省部共建""]"
1513,河南警察学院,河南,郑州市,,政法,公办,本科,河南省,"[""省属""]"
50,中华女子学院,北京,北京,朝阳区,语言,公办,本科,中华妇女联合会,"[""部委院校""]"
1029,滁州学院,安徽,滁州市,,综合,公办,本科,安徽省,"[""省属""]"
1903,广州体育学院,广东,广州市,天河区,体育,公办,本科,广东省,[]
1150,福建警察学院,福建,福州市,,政法,公办,本科,福建省,[]
1783,湖南财政经济学院,湖南,长沙市,,财经,公办,本科,湖南省,[]
179,北华航天工业学院,河北,廊坊市,,理工,公办,本科,河北省,"[""省部共建""]"
1654,湖北理工学院,湖北,黄石市,,理工,公办,本科,湖北省,"[""省属""]"
768,南京工业职业技术大学,江苏,南京市,栖霞区,理工,公办,本科,江苏省,"[""省属""]"
1345,聊城大学,山东,聊城市,东昌府区,综合,公办,本科,山东省,"[""保研""]"
422,沈阳化工大学,辽宁,沈阳市,,理工,公办,本科,辽宁省,"[""保研"",""省重点"",""省属"",""省部共建""]"
1145,闽南师范大学,福建,漳州市,芗城区,师范,公办,本科,福建省,"[""保研"",""省重点"",""省属""]"
1645,湖北民族大学,湖北,恩施土家族苗族自治州,恩施市,综合,公办,本科,湖北省,"[""省重点"",""省属"",""省部共建""]"
1769,湘南学院,湖南,郴州市,苏仙区,综合,公办,本科,湖南省,"[""省属""]"
1025,安庆师范大学,安徽,安庆市,迎江区,师范,公办,本科,安徽省,"[""省重点"",""省属""]"
1026,淮北师范大学,安徽,淮北市,,综合,公办,本科,安徽省,"[""省重点"",""省属""]"
447,沈阳大学,辽宁,沈阳市,大东区,综合,公办,本科,辽宁省,[]
433,辽宁中医药大学,辽宁,沈阳市,皇姑区,医药,公办,本科,辽宁省,"[""保研"",""省重点"",""省部共建""]"
2431,云南财经大学,云南,昆明市,,财经,公办,本科,云南省,"[""保研"",""省重点"",""省属""]"
539,北华大学,吉林,吉林市,丰满区,综合,公办,本科,吉林省,"[""保研"",""省重点"",""省属"",""省部共建""]"
1662,湖北经济学院,湖北,武汉市,江夏区,财经,公办,本科,湖北省,"[""省属""]"
1390,山东政法学院,山东,济南市,,政法,公办,本科,山东省,"[""省属""]"
2700,新疆第二医学院,新疆,克拉玛依市,克拉玛依区,医药,公办,本科,新疆维吾尔自治区,"[""省属""]"
1647,湖北文理学院,湖北,襄阳市,,综合,公办,本科,湖北省,"[""省属""]"
2423,大理大学,云南,大理白族自治州,大理市,综合,公办,本科,云南省,"[""省属""]"
419,辽宁科技大学,辽宁,鞍山市,立山区,理工,公办,本科,辽宁省,"[""保研"",""省重点"",""省属""]"
2424,云南中医药大学,云南,昆明市,呈贡区,医药,公办,本科,云南省,"[""保研"",""省重点"",""省属"",""省部共建""]"
1653,湖北工程学院,湖北,孝感市,,综合,公办,本科,湖北省,[]
770,常州工学院,江苏,常州市,,理工,公办,本科,江苏省,[]
2041,广西科技大学,广西,柳州市,城中区,综合,公办,本科,广西壮族自治区,"[""省属""]"
437,沈阳师范大学,辽宁,沈阳市,皇姑区,师范,公办,本科,辽宁省,"[""保研"",""省属""]"
543,长春师范大学,吉林,长春市,,师范,公办,本科,吉林省,"[""保研"",""省属""]"
19,北京农学院,北京,北京,昌平区,农林,公办,本科,北京市,"[""省属""]"
2367,遵义医科大学医学与科技学院,贵州,遵义市,红花岗区,医药,民办,本科,贵州省教育厅,[]
2235,成都体育学院,四川,成都市,,体育,公办,本科,四川省,"[""保研"",""省重点"",""省属"",""省部共建""]"
612,哈尔滨商业大学,黑龙江,哈尔滨市,松北区,财经,公办,本科,黑龙江省,"[""保研"",""省重点""]"
2436,云南警官学院,云南,昆明市,,政法,公办,本科,云南省,"[""省属""]"
928,衢州学院,浙江,衢州市,,综合,公办,本科,浙江省,"[""省属""]"
606,哈尔滨师范大学,黑龙江,哈尔滨市,,师范,公办,本科,黑龙江省,"[""保研"",""省重点"",""省属""]"
2607,甘肃中医药大学,甘肃,兰州市,城关区,医药,公办,本科,甘肃省,"[""保研"",""省属"",""省部共建""]"
1337,青岛农业大学,山东,青岛市,城阳区,农林,公办,本科,山东省,"[""保研"",""省属""]"
1802,湖南中医药大学湘杏学院,湖南,岳阳市,湘阴县,医药,民办,本科,湖南省教育厅,[]
778,徐州工程学院,江苏,徐州市,,综合,公办,本科,江苏省,"[""省属""]"
1504,洛阳理工学院,河南,洛阳市,洛龙区,理工,公办,本科,河南省,"[""省属""]"
597,黑龙江科技大学,黑龙江,哈尔滨市,松北区,理工,公办,本科,黑龙江省,"[""保研"",""省重点"",""省部共建""]"
2347,贵州师范大学,贵州,贵阳市,云岩区,师范,公办,本科,贵州省,"[""保研"",""省重点"",""省属"",""省部共建""]"
2368,贵州医科大学神奇民族医药学院,贵州,贵阳市,南明区,医药,民办,本科,贵州省教育厅,[]
2615,甘肃政法大学,甘肃,兰州市,安宁区,政法,公办,本科,甘肃省,"[""省属""]"
26,首都体育学院,北京,北京,海淀区,体育,公办,本科,北京市,"[""省属""]"
2045,右江民族医学院,广西,百色市,,医药,公办,本科,广西壮族自治区,"[""省属""]"
2261,成都师范学院,四川,成都市,,师范,公办,本科,四川省,"[""省属""]"
1696,湖北第二师范学院,湖北,武汉市,,师范,公办,本科,湖北省,"[""省属""]"
157,河北农业大学,河北,保定市,,农林,公办,本科,河北省,"[""保研"",""省重点"",""省属"",""省部共建""]"
1901,肇庆学院,广东,肇庆市,,师范,公办,本科,广东省,"[""省属""]"
453,大连民族大学,辽宁,大连市,,民族,公办,本科,国家民委,"[""部委院校"",""省部共建""]"
2054,广西民族大学,广西,南宁市,西乡塘区,民族,公办,本科,广西壮族自治区,"[""保研"",""省部共建""]"
1342,济宁医学院,山东,济宁市,,医药,公办,本科,山东省,"[""省属""]"
1655,湖北科技学院,湖北,咸宁市,,综合,公办,本科,湖北省,"[""省属""]"
1897,韶关学院,广东,韶关市,,综合,公办,本科,广东省,"[""省属""]"
1917,广东石油化工学院,广东,茂名市,,综合,公办,本科,广东省,"[""省属"",""省部共建""]"
1052,安徽医科大学临床医学院,安徽,合肥市,,医药,独立学院,本科,安徽省教育厅,[]
1656,湖北医药学院,湖北,十堰市,,医药,公办,本科,湖北省,"[""省属""]"
283,山西大同大学,山西,大同市,平城区,综合,公办,本科,山西省,"[""省属""]"
110,天津城建大学,天津,天津,西青区,综合,公办,本科,天津市,"[""省属""]"
2532,西安文理学院,陕西,西安市,碑林区,师范,公办,本科,陕西省,[]
1900,岭南师范学院,广东,湛江市,,师范,公办,本科,广东省,"[""省属""]"
427,辽宁工业大学,辽宁,锦州市,古塔区,理工,公办,本科,辽宁省,"[""省重点"",""省属""]"
2061,桂林航天工业学院,广西,桂林市,,理工,公办,本科,广西壮族自治区,[]
553,长春大学,吉林,长春市,九台区,综合,公办,本科,吉林省,"[""省属""]"
1349,临沂大学,山东,临沂市,,综合,公办,本科,山东省,"[""省属""]"
2433,云南民族大学,云南,昆明市,,民族,公办,本科,云南省,"[""保研"",""省重点"",""省属"",""省部共建""]"
1770,衡阳师范学院,湖南,衡阳市,,师范,公办,本科,湖南省,"[""省属""]"
1144,泉州师范学院,福建,泉州市,,师范,公办,本科,福建省,"[""省属""]"
180,防灾科技学院,河北,廊坊市,永清县,理工,公办,本科,中国地震局,"[""部委院校""]"
1772,怀化学院,湖南,怀化市,,综合,公办,本科,湖南省,"[""省属""]"
1232,宜春学院,江西,宜春市,奉新县,综合,公办,本科,江西省,"[""省属""]"
2893,香港珠海学院,香港,新界,屯门区,理工,民办,本科,独立,[]
278,山西农业大学,山西,晋中市,,农林,公办,本科,山西省,"[""保研"",""国重点"",""省部共建""]"
1051,芜湖学院,安徽,芜湖市,鸠江区,师范,民办,本科,安徽省教育厅,[]
2539,西安航空学院,陕西,西安市,,理工,公办,本科,陕西省,[]
2355,贵州财经大学,贵州,贵阳市,花溪区,财经,公办,本科,贵州省,"[""省属""]"
1780,湖南工程学院,湖南,湘潭市,岳塘区,理工,公办,本科,湖南省,"[""省属""]"
151,河北地质大学,河北,石家庄市,,财经,公办,本科,河北省,"[""保研"",""省重点"",""省属"",""省部共建""]"
1782,湖南工学院,湖南,衡阳市,珠晖区,理工,公办,本科,湖南省,"[""省属""]"
1234,井冈山大学,江西,吉安市,青原区,综合,公办,本科,江西省,"[""省属"",""省部共建""]"
1265,南昌师范学院,江西,南昌市,东湖区,师范,公办,本科,江西省,"[""省属""]"
1773,湖南文理学院,湖南,常德市,,综合,公办,本科,湖南省,"[""省属""]"
2058,广西财经学院,广西,南宁市,,财经,公办,本科,广西壮族自治区,"[""省属""]"
1166,福建江夏学院,福建,福州市,,财经,公办,本科,福建省,"[""省属""]"
2155,重庆科技大学,重庆,重庆,沙坪坝区,理工,公办,本科,重庆市,"[""省部共建""]"
2230,宜宾学院,四川,宜宾市,叙州区,综合,公办,本科,四川省,"[""省属""]"
1364,山东交通学院,山东,济南市,,理工,公办,本科,山东省,"[""省属"",""省部共建""]"
175,华北科技学院,河北,廊坊市,广阳区,理工,公办,本科,应急管理部,"[""部委院校""]"
1492,信阳师范大学,河南,信阳市,浉河区,师范,公办,本科,河南省,"[""省重点""]"
2049,南宁师范大学,广西,南宁市,西乡塘区,师范,公办,本科,广西壮族自治区,[]
565,吉林医药学院,吉林,吉林市,,医药,公办,本科,吉林省,"[""省属""]"
1055,合肥师范学院,安徽,合肥市,,综合,公办,本科,安徽省,"[""省属""]"
363,内蒙古医科大学,内蒙古,呼和浩特市,,医药,公办,本科,内蒙古自治区,"[""保研"",""省重点"",""省部共建""]"
2060,北部湾大学,广西,钦州市,钦南区,综合,公办,本科,广西壮族自治区,"[""省部共建""]"
1024,阜阳师范大学,安徽,阜阳市,颍州区,师范,公办,本科,安徽省,"[""省属""]"
1771,邵阳学院,湖南,邵阳市,大祥区,综合,公办,本科,湖南省,"[""省属""]"
429,大连海洋大学,辽宁,大连市,,农林,公办,本科,辽宁省,"[""保研"",""省重点"",""省部共建""]"
2360,贵州警察学院,贵州,贵阳市,,政法,公办,本科,贵州省,[]
810,宿迁学院,江苏,宿迁市,,综合,公办,本科,江苏省,"[""省属""]"
1507,河南工学院,河南,新乡市,红旗区,理工,公办,本科,河南省,"[""省属""]"
107,天津体育学院,天津,天津,河西区,体育,公办,本科,天津市,"[""保研"",""省重点"",""省属""]"
1781,湖南城市学院,湖南,益阳市,资阳区,综合,公办,本科,湖南省,"[""省属""]"
607,齐齐哈尔大学,黑龙江,齐齐哈尔市,建华区,综合,公办,本科,黑龙江省,"[""保研"",""省重点"",""省属""]"
2752,内蒙古科技大学包头医学院,内蒙古,包头市,东河区,医药,公办,本科,内蒙古自治区教育厅,[]
299,山西科技学院,山西,晋城市,泽州县,理工,公办,本科,山西省,"[""省属""]"
1937,北京理工大学珠海学院,广东,珠海市,香洲区,综合,民办,本科,工业和信息化部,[]
1036,安徽科技学院,安徽,滁州市,,综合,公办,本科,安徽省,"[""省属""]"
2420,云南农业大学,云南,昆明市,盘龙区,农林,公办,本科,云南省,"[""保研"",""省重点"",""省属"",""省部共建""]"
170,沧州师范学院,河北,沧州市,运河区,师范,公办,本科,河北省,[]
2668,北方民族大学,宁夏,银川市,西夏区,民族,公办,本科,国家民委,"[""保研"",""部委院校"",""省部共建""]"
1649,武汉体育学院,湖北,武汉市,洪山区,体育,公办,本科,湖北省,"[""保研"",""省重点"",""省部共建""]"
760,淮阴师范学院,江苏,淮安市,清江浦区,师范,公办,本科,江苏省,"[""省属""]"
1394,山东管理学院,山东,济南市,,综合,公办,本科,山东省,"[""省属""]"
973,浙江药科职业大学,浙江,宁波市,鄞州区,医药,公办,本科,浙江省,"[""省部共建""]"
1365,山东工商学院,山东,烟台市,莱山区,财经,公办,本科,山东省,"[""省属""]"
536,吉林农业大学,吉林,长春市,,农林,公办,本科,吉林省,"[""保研"",""省重点"",""省属"",""省部共建""]"
541,吉林师范大学,吉林,四平市,铁西区,师范,公办,本科,吉林省,"[""保研"",""省重点""]"
1899,韩山师范学院,广东,潮州市,湘桥区,师范,公办,本科,广东省,"[""省属""]"
945,温州医科大学仁济学院,浙江,温州市,,医药,民办,本科,浙江省教育厅,"[""省属""]"
1497,洛阳师范学院,河南,洛阳市,洛龙区,综合,公办,本科,河南省,"[""省属""]"
1511,南阳理工学院,河南,南阳市,,理工,公办,本科,河南省,[]
534,吉林建筑大学,吉林,长春市,,理工,公办,本科,吉林省,"[""省重点"",""省属"",""省部共建""]"
2437,昆明学院,云南,昆明市,,综合,公办,本科,云南省,[]
1243,九江学院,江西,九江市,武宁县,综合,公办,本科,江西省,[]
605,牡丹江医科大学,黑龙江,牡丹江市,爱民区,医药,公办,本科,黑龙江省,"[""省属""]"
2229,内江师范学院,四川,内江市,,师范,公办,本科,四川省,"[""省属""]"
552,吉林警察学院,吉林,长春市,,政法,公办,本科,吉林省,"[""省属""]"
1795,长沙工业学院,湖南,长沙市,望城区,师范,公办,本科,湖南省教育厅,[]
1791,湖南工业大学科技学院,湖南,株洲市,芦淞区,理工,民办,本科,湖南省教育厅,[]
1902,嘉应学院,广东,梅州市,,综合,公办,本科,广东省,"[""省属""]"
761,盐城师范学院,江苏,盐城市,,师范,公办,本科,江苏省,"[""省属""]"
162,保定学院,河北,保定市,,师范,公办,本科,河北省,[]
795,南京医科大学康达学院,江苏,连云港市,,综合,民办,本科,江苏省教育厅,[]
303,太原工业学院,山西,太原市,晋源区,理工,公办,本科,山西省,"[""省属""]"
1774,湖南科技学院,湖南,永州市,零陵区,理工,公办,本科,湖南省,[]
1255,赣南科技学院,江西,赣州市,章贡区,理工,公办,本科,江西省,[]
1683,湖北医药学院药护学院,湖北,十堰市,,医药,民办,本科,湖北省教育厅,[]
2388,贵阳康养职业大学,贵州,贵阳市,观山湖区,医药,公办,本科,贵州省,[]
1242,新余学院,江西,新余市,,综合,公办,本科,江西省,"[""省属""]"
1392,山东青年政治学院,山东,济南市,,综合,公办,本科,山东省,"[""省属""]"
752,盐城工学院,江苏,盐城市,,理工,公办,本科,江苏省,"[""省属""]"
1495,许昌学院,河南,许昌市,,理工,公办,本科,河南省,"[""省属""]"
99,天津农学院,天津,天津,西青区,农林,公办,本科,天津市,"[""省属""]"
297,山西电子科技学院,山西,临汾市,尧都区,师范,公办,本科,山西省教育厅,"[""省属""]"
1040,池州学院,安徽,池州市,,综合,公办,本科,安徽省,"[""省属""]"
1151,莆田学院,福建,莆田市,荔城区,综合,公办,本科,福建省,"[""省属""]"
1660,荆楚理工学院,湖北,荆门市,,理工,公办,本科,湖北省,"[""省属""]"
438,渤海大学,辽宁,锦州市,,综合,公办,本科,辽宁省,"[""保研""]"
1509,河南工程学院,河南,郑州市,新郑市,理工,公办,本科,河南省,"[""省属""]"
156,河北水利电力学院,河北,沧州市,,理工,公办,本科,河北省,[]
1362,潍坊学院,山东,潍坊市,奎文区,综合,公办,本科,山东省,"[""省属""]"
1346,德州学院,山东,德州市,,综合,公办,本科,山东省,"[""省属""]"
295,山西工学院,山西,朔州市,山西朔州经济开发区,理工,公办,本科,山西省,"[""省属""]"
1347,山东航空学院,山东,滨州市,滨城区,综合,公办,本科,山东省,"[""省属""]"
1380,山东石油化工学院,山东,东营市,东营区,理工,公办,本科,山东省,"[""省属""]"
599,佳木斯大学,黑龙江,佳木斯市,,综合,公办,本科,黑龙江省,"[""保研"",""省重点""]"
769,淮阴工学院,江苏,淮安市,清江浦区,理工,公办,本科,江苏省,"[""省属""]"
2356,贵州民族大学,贵州,贵阳市,花溪区,综合,公办,本科,贵州省,"[""保研"",""省重点"",""省属"",""省部共建""]"
1148,龙岩学院,福建,龙岩市,,综合,公办,本科,福建省,"[""省属""]"
1253,赣东学院,江西,抚州市,临川区,理工,公办,本科,江西省,[]
1143,宁德师范学院,福建,宁德市,,师范,公办,本科,福建省,"[""省属""]"
282,太原师范学院,山西,晋中市,榆次区,师范,公办,本科,山西省,"[""省属""]"
2043,桂林理工大学,广西,桂林市,,理工,公办,本科,广西壮族自治区,"[""保研"",""省属""]"
2614,西北民族大学,甘肃,兰州市,,综合,公办,本科,国家民委,"[""保研"",""部委院校"",""省部共建""]"
1799,岳阳学院,湖南,岳阳市,云溪区,理工,民办,本科,湖南省教育厅,[]
361,内蒙古工业大学,内蒙古,呼和浩特市,新城区,理工,公办,本科,内蒙古自治区,"[""保研"",""省属""]"
600,黑龙江八一农垦大学,黑龙江,大庆市,,农林,公办,本科,黑龙江省,"[""保研"",""省属""]"
1149,福建商学院,福建,福州市,鼓楼区,财经,公办,本科,福建省,"[""省属""]"
782,东南大学成贤学院,江苏,南京市,,综合,民办,本科,江苏省教育厅,[]
1805,长沙师范学院,湖南,长沙市,,师范,公办,本科,湖南省,[]
2421,西南林业大学,云南,昆明市,盘龙区,农林,公办,本科,云南省,"[""保研"",""省重点"",""省属"",""省部共建""]"
2149,重庆文理学院,重庆,重庆,永川区,综合,公办,本科,重庆市,[]
550,长春工程学院,吉林,长春市,朝阳区,理工,公办,本科,吉林省,"[""省属"",""省部共建""]"
1938,珠海科技学院,广东,珠海市,金湾区,综合,民办,本科,广东省教育厅,[]
2242,四川民族学院,四川,甘孜藏族自治州,,民族,公办,本科,四川省,"[""省属""]"
1775,湖南人文科技学院,湖南,娄底市,,综合,公办,本科,湖南省,"[""省属""]"
941,杭州电子科技大学信息工程学院,浙江,杭州市,,理工,民办,本科,浙江省教育厅,[]
1028,皖西学院,安徽,六安市,,综合,公办,本科,安徽省,"[""省属""]"
173,河北科技师范学院,河北,秦皇岛市,,师范,公办,本科,河北省,"[""省属""]"
1350,泰山学院,山东,泰安市,,综合,公办,本科,山东省,"[""省属""]"
1778,长沙医学院,湖南,长沙市,望城区,医药,民办,本科,湖南省教育厅,[]
2524,宝鸡文理学院,陕西,宝鸡市,,师范,公办,本科,陕西省,"[""省属""]"
2056,梧州学院,广西,梧州市,,综合,公办,本科,广西壮族自治区,[]
2057,广西科技师范学院,广西,来宾市,,综合,公办,本科,广西壮族自治区,"[""省属""]"
2606,甘肃农业大学,甘肃,兰州市,安宁区,农林,公办,本科,甘肃省,"[""保研"",""国重点"",""省重点"",""省属"",""省部共建""]"
619,黑龙江工程学院,黑龙江,哈尔滨市,道外区,理工,公办,本科,黑龙江省,"[""省属"",""省部共建""]"
2618,甘肃医学院,甘肃,平凉市,,医药,公办,本科,甘肃省,"[""省属""]"
2613,兰州财经大学,甘肃,兰州市,城关区,财经,公办,本科,甘肃省,"[""保研"",""省重点"",""省属""]"
1147,三明学院,福建,三明市,三元区,综合,公办,本科,福建省,"[""省属""]"
2369,贵州师范学院,贵州,贵阳市,,师范,公办,本科,贵州省,"[""省属""]"
783,泰州学院,江苏,泰州市,海陵区,综合,公办,本科,江苏省,"[""省属""]"
155,河北建筑工程学院,河北,张家口市,,理工,公办,本科,河北省,"[""省属""]"
1512,河南城建学院,河南,平顶山市,,理工,公办,本科,河南省,"[""省属""]"
1231,上饶师范学院,江西,上饶市,信州区,师范,公办,本科,江西省,[]
922,浙江万里学院,浙江,宁波市,,理工,公办,本科,浙江省,"[""省属""]"
2240,攀枝花学院,四川,攀枝花市,东区,综合,公办,本科,四川省,"[""省属""]"
174,唐山学院,河北,唐山市,,理工,公办,本科,河北省,[]
2690,新疆师范大学,新疆,乌鲁木齐市,,师范,公办,本科,新疆维吾尔自治区,"[""保研"",""省重点""]"
364,内蒙古师范大学,内蒙古,呼和浩特市,,师范,公办,本科,内蒙古自治区,"[""保研"",""省重点"",""省属""]"
1486,河南科技学院,河南,新乡市,红旗区,综合,公办,本科,河南省,"[""省属""]"
1359,山东工艺美术学院,山东,济南市,,艺术,公办,本科,山东省,"[""省属""]"
112,天津中德应用技术大学,天津,天津,津南区,理工,公办,本科,天津市,[]
2801,江西飞行学院,江西,南昌市,红谷滩区,综合,公办,本科,江西省政府,[]
2233,乐山师范学院,四川,乐山市,,师范,公办,本科,四川省,"[""省属""]"
1034,铜陵学院,安徽,铜陵市,铜官区,财经,公办,本科,安徽省,"[""省属""]"
789,南京航空航天大学金城学院,江苏,南京市,,理工,民办,本科,江苏省教育厅,[]
116,天津医科大学临床医学院,天津,天津,滨海新区,医药,民办,本科,天津市教委,[]
435,沈阳医学院,辽宁,沈阳市,,医药,公办,本科,辽宁省,"[""省属""]"
1391,齐鲁师范学院,山东,济南市,,师范,公办,本科,山东省,[]
1508,安阳工学院,河南,安阳市,,理工,公办,本科,河南省,"[""省属""]"
1263,豫章师范学院,江西,南昌市,新建区,师范,公办,本科,江西省,[]
1505,新乡学院,河南,新乡市,红旗区,师范,公办,本科,河南省,[]
1237,景德镇学院,江西,景德镇市,,综合,公办,本科,江西省,"[""省属""]"
809,南京审计大学金审学院,江苏,南京市,,财经,民办,本科,江苏省教育厅,[]
1033,淮南师范学院,安徽,淮南市,,师范,公办,本科,安徽省,"[""省属""]"
167,石家庄学院,河北,石家庄市,,综合,公办,本科,河北省,[]
788,南京理工大学紫金学院,江苏,南京市,,理工,民办,本科,江苏省教育厅,[]
2370,贵州理工学院,贵州,贵阳市,观山湖区,理工,公办,本科,贵州省,"[""省重点"",""省属""]"
1031,宿州学院,安徽,宿州市,,综合,公办,本科,安徽省,"[""省属""]"
2052,玉林师范学院,广西,玉林市,,师范,公办,本科,广西壮族自治区,"[""省属""]"
2123,海南热带海洋学院,海南,三亚市,,综合,公办,本科,海南省,"[""省属"",""省部共建""]"
1501,黄淮学院,河南,驻马店市,,综合,公办,本科,河南省,"[""省属""]"
2150,重庆三峡学院,重庆,重庆,万州区,综合,公办,本科,重庆市,[]
779,南京特殊教育师范学院,江苏,南京市,,师范,公办,本科,江苏省,"[""省属""]"
1161,厦门大学嘉庚学院,福建,漳州市,,综合,民办,本科,福建省教育厅,"[""省属""]"
2348,遵义师范学院,贵州,遵义市,,师范,公办,本科,贵州省,"[""省属""]"
1170,福建技术师范学院,福建,福州市,福清市,师范,公办,本科,福建省,"[""省属""]"
1241,江西警察学院,江西,南昌市,新建区,政法,公办,本科,江西省,"[""省部共建""]"
2231,四川文理学院,四川,达州市,通川区,综合,公办,本科,四川省,"[""省属""]"
306,山西工程技术学院,山西,阳泉市,山西阳泉经济开发区,理工,公办,本科,山西省,[]
2350,兴义民族师范学院,贵州,黔西南布依族苗族自治州,,师范,公办,本科,贵州省,[]
2071,广西中医药大学赛恩斯新医药学院,广西,南宁市,,医药,民办,本科,广西壮族自治区教育厅,[]
1366,山东女子学院,山东,济南市,,综合,公办,本科,山东省,"[""省属""]"
2228,绵阳师范学院,四川,绵阳市,,师范,公办,本科,四川省,"[""省属""]"
178,河北金融学院,河北,保定市,,财经,公办,本科,河北省,"[""省属""]"
2687,新疆农业大学,新疆,乌鲁木齐市,,农林,公办,本科,新疆维吾尔自治区,"[""保研"",""省部共建""]"
2151,长江师范学院,重庆,重庆,涪陵区,师范,公办,本科,重庆市,[]
1238,萍乡学院,江西,萍乡市,,综合,公办,本科,江西省,"[""省属""]"
2434,玉溪师范学院,云南,玉溪市,红塔区,师范,公办,本科,云南省,"[""省属""]"
1354,山东体育学院,山东,济南市,,体育,公办,本科,山东省,[]
2168,重庆第二师范学院,重庆,重庆,南岸区,师范,公办,本科,重庆市,[]
1804,长沙理工大学城南学院,湖南,长沙市,,理工,民办,本科,湖南省教育厅,[]
165,廊坊师范学院,河北,廊坊市,,师范,公办,本科,河北省,"[""省属""]"
445,鲁迅美术学院,辽宁,沈阳市,,艺术,公办,本科,辽宁省,"[""保研""]"
166,衡水学院,河北,衡水市,,师范,公办,本科,河北省,[]
1395,山东农业工程学院,山东,济南市,济阳区,综合,公办,本科,山东省,"[""省属""]"
535,吉林化工大学,吉林,吉林市,龙潭区,理工,公办,本科,吉林省,"[""省属""]"
1502,平顶山学院,河南,平顶山市,,综合,公办,本科,河南省,"[""省属""]"
204,北京中医药大学东方学院,河北,廊坊市,广阳区,综合,民办,本科,河北省教育厅,[]
609,哈尔滨学院,黑龙江,哈尔滨市,南岗区,综合,公办,本科,黑龙江省,[]
286,运城学院,山西,运城市,,综合,公办,本科,山西省,"[""省属""]"
191,河北师范大学汇华学院,河北,石家庄市,,师范,民办,本科,河北省教育厅,[]
2359,贵州商学院,贵州,贵阳市,,财经,公办,本科,贵州省,"[""省属""]"
2241,四川旅游学院,四川,成都市,,综合,公办,本科,四川省,[]
2693,新疆财经大学,新疆,乌鲁木齐市,,财经,公办,本科,新疆维吾尔自治区,"[""保研"",""省重点""]"
2563,陕西学前师范学院,陕西,西安市,,师范,公办,本科,陕西省,"[""省属""]"
1496,南阳师范学院,河南,南阳市,,师范,公办,本科,河南省,"[""省属""]"
2534,商洛学院,陕西,商洛市,,师范,公办,本科,陕西省,"[""省属""]"
1503,郑州工程技术学院,河南,郑州市,二七区,理工,公办,本科,河南省,"[""省属""]"
1793,南华大学船山学院,湖南,衡阳市,,理工,民办,本科,湖南省教育厅,[]
1916,电子科技大学中山学院,广东,中山市,,综合,民办,本科,广东省教育厅,[]
1351,济宁学院,山东,济宁市,,综合,公办,本科,山东省,"[""省属""]"
1790,湘潭大学兴湘学院,湖南,湘潭市,,综合,民办,本科,湖南省教育厅,[]
2358,六盘水师范学院,贵州,六盘水市,,师范,公办,本科,贵州省,[]
2232,阿坝师范学院,四川,阿坝藏族羌族自治州,,师范,公办,本科,四川省,"[""省属""]"
2427,曲靖师范学院,云南,曲靖市,,师范,公办,本科,云南省,"[""省属""]"
1260,赣南师范大学科技学院,江西,赣州市,,师范,民办,本科,江西省教育厅,[]
804,南京邮电大学通达学院,江苏,扬州市,,综合,民办,本科,江苏省教育厅,[]
1798,常德学院,湖南,常德市,武陵区,综合,民办,本科,湖南省教育厅,[]
2051,河池学院,广西,河池市,宜州区,综合,公办,本科,广西壮族自治区,[]
168,邯郸学院,河北,邯郸市,,师范,公办,本科,河北省,[]
614,哈尔滨金融学院,黑龙江,哈尔滨市,,财经,公办,本科,黑龙江省,"[""省属""]"
198,石家庄铁道大学四方学院,河北,石家庄市,,理工,民办,本科,河北省教育厅,[]
1039,蚌埠学院,安徽,蚌埠市,龙子湖区,理工,公办,本科,安徽省,"[""省属""]"
1928,广东外语外贸大学南国商学院,广东,广州市,,财经,民办,本科,广东省教育厅,[]
708,上海视觉艺术学院,上海,上海,松江区,艺术,民办,本科,上海市教委,[]
2654,青海师范大学,青海,西宁市,,师范,公办,本科,青海省,"[""保研"",""省重点"",""省属""]"
1644,黄冈师范学院,湖北,黄冈市,,师范,公办,本科,湖北省,[]
360,内蒙古科技大学,内蒙古,包头市,昆都仑区,综合,公办,本科,内蒙古自治区,"[""保研""]"
1032,巢湖学院,安徽,合肥市,巢湖市,综合,公办,本科,安徽省,"[""省属""]"
2533,榆林学院,陕西,榆林市,,师范,公办,本科,陕西省,"[""省属""]"
793,南京工业大学浦江学院,江苏,南京市,,理工,民办,本科,江苏省教育厅,[]
450,辽宁警察学院,辽宁,大连市,,政法,公办,本科,辽宁省,"[""省属""]"
799,苏州大学应用技术学院,江苏,苏州市,,综合,民办,本科,江苏省教育厅,[]
1800,衡阳师范学院南岳学院,湖南,衡阳市,,师范,民办,本科,湖南省教育厅,[]
540,通化师范学院,吉林,通化市,,师范,公办,本科,吉林省,"[""省属""]"
2619,兰州工业学院,甘肃,兰州市,,理工,公办,本科,甘肃省,"[""省属""]"
2535,安康学院,陕西,安康市,汉滨区,综合,公办,本科,陕西省,"[""省属""]"
1379,山东财经大学燕山学院,山东,济南市,,财经,民办,本科,山东省教育厅,[]
2053,广西艺术学院,广西,南宁市,,艺术,公办,本科,广西壮族自治区,"[""保研"",""省属"",""省部共建""]"
1792,湖南科技大学潇湘学院,湖南,湘潭市,,综合,民办,本科,湖南省教育厅,[]
2063,贺州学院,广西,贺州市,,综合,公办,本科,广西壮族自治区,[]
608,牡丹江师范学院,黑龙江,牡丹江市,爱民区,师范,公办,本科,黑龙江省,"[""省属""]"
1927,广州南方学院,广东,广州市,从化区,综合,民办,本科,广东省教育厅,[]
1493,周口师范学院,河南,周口市,川汇区,师范,公办,本科,河南省,"[""省属""]"
1250,南昌大学科学技术学院,江西,九江市,共青城市,综合,民办,本科,江西省教育厅,[]
209,河北环境工程学院,河北,秦皇岛市,,综合,公办,本科,河北省,"[""省部共建""]"
210,河北工业职业技术大学,河北,石家庄市,新华区,理工,公办,本科,河北省,"[""双高计划""]"
630,黑河学院,黑龙江,黑河市,五大连池市,综合,公办,本科,黑龙江省,"[""省属""]"
2127,琼台师范学院,海南,海口市,美兰区,师范,公办,本科,海南省,"[""省属""]"
307,山西能源学院,山西,晋中市,榆次区,理工,公办,本科,山西省,[]
449,辽宁科技学院,辽宁,本溪市,,理工,公办,本科,辽宁省,"[""省属""]"
1262,江西财经大学现代经济管理学院,江西,九江市,共青城市,财经,独立学院,本科,江西省教育厅,[]
2050,广西民族师范学院,广西,崇左市,,民族,公办,本科,广西壮族自治区,[]
2351,安顺学院,贵州,安顺市,,综合,公办,本科,贵州省,"[""省属""]"
192,河北经贸大学经济管理学院,河北,石家庄市,,财经,民办,本科,河北省教育厅,[]
1674,湖北工业大学工程技术学院,湖北,武汉市,,综合,民办,本科,湖北省教育厅,[]
164,唐山师范学院,河北,唐山市,,师范,公办,本科,河北省,"[""省属""]"
1498,商丘师范学院,河南,商丘市,,师范,公办,本科,河南省,"[""省属""]"
2371,茅台学院,贵州,遵义市,仁怀市,理工,民办,本科,贵州省教育厅,[]
169,邢台学院,河北,邢台市,,师范,公办,本科,河北省,[]
2365,贵阳人文科技学院,贵州,贵阳市,花溪区,民族,民办,本科,贵州省教育厅,[]
1801,湖南工程学院应用技术学院,湖南,湘潭市,,理工,民办,本科,湖南省教育厅,[]
2435,楚雄师范学院,云南,楚雄彝族自治州,,师范,公办,本科,云南省,"[""省属""]"
2354,黔南民族师范学院,贵州,黔南布依族苗族自治州,,师范,公办,本科,贵州省,[]
1254,南昌航空大学科技学院,江西,九江市,共青城市,理工,民办,本科,江西省教育厅,[]
2655,青海民族大学,青海,西宁市,城东区,民族,公办,本科,青海省,"[""保研"",""省属"",""省部共建""]"
1163,集美大学诚毅学院,福建,厦门市,,综合,民办,本科,福建省教育厅,[]
1142,武夷学院,福建,南平市,顺昌县,综合,公办,本科,福建省,"[""省属""]"
477,营口理工学院,辽宁,营口市,,理工,公办,本科,辽宁省,[]
549,吉林工商学院,吉林,长春市,,财经,公办,本科,吉林省,"[""省属""]"
1518,郑州师范学院,河南,郑州市,,师范,公办,本科,河南省,[]
2352,贵州工程应用技术学院,贵州,毕节市,,师范,公办,本科,贵州省,[]
957,上海财经大学浙江学院,浙江,金华市,,财经,民办,本科,浙江省教育厅,[]
1358,枣庄学院,山东,枣庄市,,综合,公办,本科,山东省,"[""省属""]"
2667,宁夏师范大学,宁夏,固原市,原州区,师范,公办,本科,宁夏回族自治区,"[""省属""]"
1352,菏泽学院,山东,菏泽市,牡丹区,综合,公办,本科,山东省,"[""省属""]"
367,内蒙古财经大学,内蒙古,呼和浩特市,,财经,公办,本科,内蒙古自治区,[]
1926,广州软件学院,广东,广州市,从化区,理工,民办,本科,广东省教育厅,[]
2526,渭南师范学院,陕西,渭南市,,师范,公办,本科,陕西省,"[""省属""]"
362,内蒙古农业大学,内蒙古,呼和浩特市,,农林,公办,本科,内蒙古自治区,"[""保研"",""省部共建""]"
443,沈阳体育学院,辽宁,沈阳市,苏家屯区,体育,公办,本科,辽宁省,"[""保研"",""省重点"",""省属"",""省部共建""]"
1259,江西师范大学科学技术学院,江西,九江市,共青城市,综合,民办,本科,江西省教育厅,[]
2361,贵州中医药大学时珍学院,贵州,贵阳市,南明区,医药,民办,本科,贵州省教育厅,[]
1945,广州新华学院,广东,广州市,天河区,综合,民办,本科,广东省教育厅,[]
2055,百色学院,广西,百色市,,综合,公办,本科,广西壮族自治区,[]
1958,深圳职业技术大学,广东,深圳市,南山区,综合,公办,本科,广东省,"[""省属""]"
2222,西昌学院,四川,凉山彝族自治州,西昌市,综合,公办,本科,四川省,"[""省属"",""省部共建""]"
3240,青海理工学院,青海,西宁市,城北区,,公办,本科,,"[""省属""]"
1152,仰恩大学,福建,泉州市,洛江区,财经,民办,本科,福建省教育厅,[]
290,吕梁学院,山西,吕梁市,,综合,公办,本科,山西省,"[""省属""]"
365,内蒙古民族大学,内蒙古,通辽市,,综合,公办,本科,内蒙古自治区,"[""保研"",""省重点"",""省部共建""]"
1494,安阳师范学院,河南,安阳市,,师范,公办,本科,河南省,"[""省属""]"
2686,塔里木大学,新疆,自治区直辖县级行政区划,阿拉尔市,综合,公办,本科,新疆生产建设兵团,"[""保研"",""省重点"",""部委院校"",""省属"",""省部共建""]"
2529,西安体育学院,陕西,西安市,,体育,公办,本科,陕西省,"[""省部共建""]"
195,河北工程大学科信学院,河北,邯郸市,,理工,民办,本科,河北省教育厅,[]
939,浙江师范大学行知学院,浙江,金华市,,综合,民办,本科,浙江省教育厅,[]
953,中国计量大学现代科技学院,浙江,金华市,义乌市,理工,民办,本科,浙江省教育厅,[]
551,吉林农业科技学院,吉林,吉林市,,农林,公办,本科,吉林省,"[""省属""]"
2246,电子科技大学成都学院,四川,成都市,,理工,民办,本科,四川省教育厅,[]
610,大庆师范学院,黑龙江,大庆市,,师范,公办,本科,黑龙江省,[]
1257,江西农业大学南昌商学院,江西,九江市,共青城市,综合,民办,本科,江西省教育厅,[]
163,河北民族师范学院,河北,承德市,,师范,公办,本科,河北省,"[""省部共建""]"
2692,伊犁师范大学,新疆,伊犁哈萨克自治州,伊宁市,师范,公办,本科,新疆维吾尔自治区,"[""省属"",""省部共建""]"
611,绥化学院,黑龙江,绥化市,,综合,公办,本科,黑龙江省,"[""省属""]"
938,浙江工业大学之江学院,浙江,绍兴市,柯桥区,理工,民办,本科,浙江省教育厅,[]
3093,海南比勒费尔德应用科学大学,海南,省直辖县级行政区划,陵水黎族自治县,,境外高校独立办学,本科,海南省教育厅,"[""省重点""]"
2691,喀什大学,新疆,喀什地区,,师范,公办,本科,新疆维吾尔自治区,"[""保研""]"
2698,新疆理工学院,新疆,阿克苏地区,阿克苏市,综合,公办,本科,新疆维吾尔自治区,"[""省属""]"
616,黑龙江工业学院,黑龙江,鸡西市,,综合,公办,本科,黑龙江省,[]
1922,广东培正学院,广东,广州市,花都区,财经,民办,本科,广东省教育厅,[]
1646,汉江师范学院,湖北,十堰市,茅箭区,师范,公办,本科,湖北省,"[""省属""]"
2353,凯里学院,贵州,黔东南苗族侗族自治州,凯里市,师范,公办,本科,贵州省,"[""省属"",""省部共建""]"
2430,红河学院,云南,红河哈尼族彝族自治州,红河县,综合,公办,本科,云南省,"[""省属""]"
544,白城师范学院,吉林,白城市,洮北区,师范,公办,本科,吉林省,"[""省属""]"
1047,安徽信息工程学院,安徽,芜湖市,芜湖经济技术开发区,理工,民办,本科,安徽省教育厅,[]
2695,新疆工程学院,新疆,乌鲁木齐市,,理工,公办,本科,新疆维吾尔自治区,[]
806,江苏科技大学苏州理工学院,江苏,苏州市,,综合,民办,本科,江苏省教育厅,[]
56,北京城市学院,北京,北京,海淀区,综合,民办,本科,北京市教委,[]
1797,中南林业科技大学涉外学院,湖南,长沙市,,综合,民办,本科,湖南省教育厅,[]
613,哈尔滨体育学院,黑龙江,哈尔滨市,,体育,公办,本科,黑龙江省,"[""保研"",""省属""]"
215,河北科技工程职业技术大学,河北,邢台市,邢台县,理工,公办,本科,河北省,"[""省属"",""双高计划""]"
1375,烟台理工学院,山东,烟台市,莱山区,综合,民办,本科,山东省教育厅,[]
2255,成都锦城学院,四川,成都市,锦江区,综合,民办,本科,四川省教育厅,[]
439,鞍山师范学院,辽宁,鞍山市,,师范,公办,本科,辽宁省,[]
1808,湖南交通工程学院,湖南,衡阳市,雁峰区,理工,民办,本科,湖南省教育厅,"[""省属""]"
615,齐齐哈尔医学院,黑龙江,齐齐哈尔市,建华区,医药,公办,本科,黑龙江省,[]
542,吉林工程技术师范学院,吉林,长春市,,师范,公办,本科,吉林省,"[""省属""]"
285,长治学院,山西,长治市,,综合,公办,本科,山西省,"[""省属""]"
2549,西安交通大学城市学院,陕西,西安市,碑林区,理工,民办,本科,陕西省教育厅,[]
2701,新疆科技学院,新疆,巴音郭楞蒙古自治州,库尔勒市,财经,公办,本科,新疆维吾尔自治区,"[""省属""]"
2247,成都理工大学工程技术学院,四川,乐山市,,理工,民办,本科,四川省教育厅,[]
284,晋中学院,山西,晋中市,榆次区,综合,公办,本科,山西省,"[""省属""]"
2717,新疆政法学院,新疆,自治区直辖县级行政区划,图木舒克市,政法,公办,本科,新疆生产建设兵团,"[""部委院校""]"
287,忻州师范学院,山西,忻州市,,师范,公办,本科,山西省,"[""省属""]"
940,宁波大学科学技术学院,浙江,宁波市,,综合,民办,本科,浙江省教育厅,[]
1909,广东白云学院,广东,广州市,白云区,综合,民办,本科,广东省教育厅,[]
2611,天水师范大学,甘肃,天水市,秦州区,师范,公办,本科,甘肃省,[]
1368,潍坊科技学院,山东,潍坊市,,理工,民办,本科,山东省教育厅,[]
1043,亳州学院,安徽,亳州市,,综合,公办,本科,安徽省,"[""省属""]"
452,辽东学院,辽宁,丹东市,振安区,综合,公办,本科,辽宁省,"[""省属""]"
2250,成都文理学院,四川,成都市,,综合,民办,本科,四川省教育厅,[]
1164,福建师范大学协和学院,福建,福州市,,综合,民办,本科,福建省教育厅,[]
1794,湘潭理工学院,湖南,湘潭市,雨湖区,财经,民办,本科,湖南省教育厅,[]
1669,武汉晴川学院,湖北,武汉市,,综合,民办,本科,湖北省教育厅,[]
949,绍兴理工学院,浙江,绍兴市,越城区,师范,公办,本科,浙江省教育厅,[]
1162,福州大学至诚学院,福建,福州市,,综合,民办,本科,福建省教育厅,[]
294,山西工程科技职业大学,山西,晋中市,榆次区,综合,公办,本科,山西省,"[""省属""]"
1244,江西工程学院,江西,新余市,,理工,民办,本科,江西省教育厅,[]
1670,湖北大学知行学院,湖北,武汉市,,理工,民办,本科,湖北省教育厅,[]
1057,安徽艺术学院,安徽,合肥市,瑶海区,艺术,公办,本科,安徽省,"[""省属""]"
463,大连医科大学中山学院,辽宁,大连市,,医药,民办,本科,辽宁省教育厅,[]
1693,武汉华夏理工学院,湖北,武汉市,,理工,民办,本科,湖北省教育厅,[]
2357,贵阳学院,贵州,贵阳市,南明区,综合,公办,本科,贵州省,"[""省属""]"
974,浙江机电职业技术大学,浙江,杭州市,滨江区,理工,公办,本科,浙江省,"[""双高计划""]"
1925,广州城市理工学院,广东,广州市,越秀区,综合,民办,本科,广东省教育厅,[]
2445,昆明医科大学海源学院,云南,昆明市,,医药,民办,本科,云南省教育厅,"[""省属""]"
2500,西藏农牧大学,西藏,林芝市,巴宜区,综合,公办,本科,西藏自治区,"[""保研"",""省属""]"
791,南京理工大学泰州科技学院,江苏,泰州市,,理工,民办,本科,江苏省教育厅,[]
2610,陇东学院,甘肃,庆阳市,,综合,公办,本科,甘肃省,"[""省属""]"
214,河北石油职业技术大学,河北,承德市,承德高新技术产业开发区,理工,公办,本科,河北省,"[""省部共建"",""双高计划""]"
2550,西北大学现代学院,陕西,西安市,,理工,民办,本科,陕西省教育厅,[]
1796,湖南农业大学东方科技学院,湖南,长沙市,,农林,民办,本科,湖南省教育厅,[]
802,扬州大学广陵学院,江苏,扬州市,,综合,民办,本科,江苏省教育厅,[]
1383,山东华宇工学院,山东,德州市,,理工,民办,本科,山东省教育厅,[]
1487,河南牧业经济学院,河南,郑州市,惠济区,财经,公办,本科,河南省,"[""省属""]"
786,中国矿业大学徐海学院,江苏,徐州市,,综合,民办,本科,江苏省教育厅,[]
801,江苏大学京江学院,江苏,镇江市,丹徒区,综合,民办,本科,江苏省教育厅,[]
951,浙江工商大学杭州商学院,浙江,杭州市,,财经,民办,本科,浙江省教育厅,[]
2363,贵州黔南科技学院,贵州,黔南布依族苗族自治州,惠水县,综合,民办,本科,贵州省教育厅,[]
2069,桂林学院,广西,桂林市,雁山区,综合,民办,本科,广西壮族自治区教育厅,[]
208,张家口学院,河北,张家口市,崇礼区,师范,公办,本科,河北省,[]
3083,河南体育学院,河南,郑州市,惠济区,,公办,本科,河南省,[]
2525,咸阳师范学院,陕西,咸阳市,,师范,公办,本科,陕西省,"[""省属""]"
794,南京师范大学中北学院,江苏,镇江市,丹阳市,综合,民办,本科,江苏省教育厅,"[""省属""]"
305,山西传媒学院,山西,晋中市,榆次区,综合,公办,本科,山西省,"[""省部共建""]"
1691,武汉学院,湖北,武汉市,,财经,民办,本科,湖北省教育厅,[]
1675,武汉工程大学邮电与信息工程学院,湖北,武汉市,,理工,民办,本科,湖北省教育厅,[]
1048,马鞍山学院,安徽,马鞍山市,雨山区,理工,民办,本科,安徽省教育厅,[]
1510,河南财政金融学院,河南,郑州市,,财经,公办,本科,河南省,"[""省属""]"
1786,湖南女子学院,湖南,长沙市,,语言,公办,本科,湖南省,[]
805,南京财经大学红山学院,江苏,镇江市,,综合,民办,本科,江苏省教育厅,[]
784,无锡太湖学院,江苏,无锡市,,综合,民办,本科,江苏省教育厅,"[""省属""]"
1388,山东财经大学东方学院,山东,泰安市,泰山区,综合,民办,本科,山东省教育厅,[]
1027,黄山学院,安徽,黄山市,,综合,公办,本科,安徽省,"[""省属""]"
471,辽宁中医药大学杏林学院,辽宁,沈阳市,和平区,医药,民办,本科,辽宁省教育厅,"[""省属""]"
2064,广西警察学院,广西,南宁市,,政法,公办,本科,广西壮族自治区,[]
1944,东莞城市学院,广东,东莞市,全市,理工,民办,本科,广东省教育厅,[]
569,长春汽车职业技术大学,吉林,长春市,长春汽车经济技术开发区,理工,公办,本科,吉林省,[]
1393,青岛电影学院,山东,青岛市,黄岛区,艺术,民办,本科,山东省教育厅,[]
1924,广东东软学院,广东,佛山市,,理工,民办,本科,广东省教育厅,[]
119,天津理工大学中环信息学院,天津,天津,西青区,综合,民办,本科,天津市教委,[]
2244,成都东软学院,四川,成都市,成华区,理工,民办,本科,四川省教育厅,[]
2426,昭通学院,云南,昭通市,,师范,公办,本科,云南省,"[""省属""]"
982,浙江警官职业学院,浙江,杭州市,江干区,政法,公办,专科,浙江省,"[""省属"",""省部共建"",""双高计划""]"
1526,豫北医学院,河南,新乡市,原阳县,医药,民办,本科,河南省教育厅,[]
944,浙江农林大学暨阳学院,浙江,绍兴市,,农林,民办,本科,浙江省教育厅,[]
954,浙江财经大学东方学院,浙江,嘉兴市,,财经,民办,本科,浙江省教育厅,[]
2696,昌吉学院,新疆,昌吉回族自治州,,综合,公办,本科,新疆维吾尔自治区,"[""省属""]"
1929,广州华商学院,广东,广州市,增城区,财经,民办,本科,广东省教育厅,[]
2612,河西学院,甘肃,张掖市,甘州区,综合,公办,本科,甘肃省,"[""省属""]"
2068,广西民族大学相思湖学院,广西,南宁市,西乡塘区,民族,民办,本科,广西壮族自治区教育厅,[]
205,沧州交通学院,河北,沧州市,黄骅市,理工,民办,本科,河北省教育厅,[]
58,首钢工学院,北京,北京,石景山区,理工,公办,本科,北京市,[]
865,南京铁道职业技术学院,江苏,南京市,,理工,公办,专科,江苏省,"[""省属"",""双高计划""]"
1053,阜阳理工学院,安徽,阜阳市,颍州区,综合,民办,本科,安徽省教育厅,[]
2062,桂林旅游学院,广西,桂林市,,财经,公办,本科,广西壮族自治区,"[""省部共建""]"
1671,武汉城市学院,湖北,武汉市,洪山区,理工,民办,本科,湖北省教育厅,[]
2349,铜仁学院,贵州,铜仁市,,综合,公办,本科,贵州省,[]
298,山西晋中理工学院,山西,晋中市,榆次区,理工,民办,本科,山西省教育厅,[]
1932,广州理工学院,广东,广州市,白云区,综合,民办,本科,广东省教育厅,[]
2260,西南交通大学希望学院,四川,成都市,金堂县,综合,民办,本科,四川省教育厅,[]
2617,兰州文理学院,甘肃,兰州市,,综合,公办,本科,甘肃省,"[""省属""]"
1935,广州应用科技学院,广东,广州市,增城区,综合,民办,本科,广东省教育厅,[]
1169,福建农林大学金山学院,福建,福州市,,综合,民办,本科,福建省教育厅,[]
1252,南昌交通学院,江西,南昌市,东湖区,理工,民办,本科,江西省教育厅,[]
1373,山东协和学院,山东,济南市,,医药,民办,本科,山东省教育厅,"[""省属""]"
2609,兰州城市学院,甘肃,兰州市,,综合,公办,本科,甘肃省,"[""省属""]"
2001,肇庆医学院,广东,肇庆市,端州区,医药,公办,本科,广东省,[]
1157,闽南科技学院,福建,泉州市,南安市,综合,民办,本科,福建省教育厅,[]
931,浙江树人学院,浙江,杭州市,西湖区,理工,民办,本科,浙江省教育厅,[]
1686,武汉体育学院体育科技学院,湖北,武汉市,江夏区,体育,民办,本科,湖北省教育厅,[]
1954,广东轻工职业技术大学,广东,广州市,海珠区,理工,公办,本科,广东省,"[""省属"",""双高计划""]"
2544,西京学院,陕西,西安市,长安区,理工,民办,本科,陕西省教育厅,"[""省属""]"
2551,西安建筑科技大学华清学院,陕西,西安市,,理工,民办,本科,陕西省教育厅,[]
1677,武昌工学院,湖北,武汉市,,综合,民办,本科,湖北省教育厅,[]
790,南京传媒学院,江苏,南京市,江宁区,艺术,民办,本科,江苏省教育厅,"[""省属""]"
2165,重庆财经学院,重庆,重庆,巴南区,财经,民办,本科,重庆市教委,[]
807,常州大学怀德学院,江苏,泰州市,,理工,民办,本科,江苏省教育厅,[]
184,河北工程技术学院,河北,石家庄市,,综合,民办,本科,河北省教育厅,[]
2428,普洱学院,云南,普洱市,,综合,公办,本科,云南省,"[""省属""]"
966,金华职业技术大学,浙江,金华市,婺城区,综合,公办,本科,浙江省,"[""双高计划""]"
2364,贵阳信息科技学院,贵州,贵阳市,花溪区,理工,民办,本科,贵州省教育厅,[]
2259,绵阳城市学院,四川,绵阳市,涪城区,理工,民办,本科,四川省教育厅,[]
1962,广州职业技术大学,广东,广州市,荔湾区,综合,公办,本科,广东省,"[""双高计划""]"
296,晋中信息学院,山西,晋中市,太谷区,农林,民办,本科,山西省教育厅,[]
2059,南宁学院,广西,南宁市,兴宁区,理工,民办,本科,广西壮族自治区教育厅,[]
2561,西安理工大学高科学院,陕西,西安市,新城区,理工,民办,本科,陕西省教育厅,[]
291,太原学院,山西,太原市,,综合,公办,本科,山西省,"[""省属""]"
2254,四川工业科技学院,四川,德阳市,,综合,民办,本科,四川省教育厅,[]
2429,保山学院,云南,保山市,,综合,公办,本科,云南省,[]
2162,重庆人文科技学院,重庆,重庆,合川区,综合,民办,本科,重庆市教委,[]
87,民政职业大学,北京,北京,大兴区,政法,公办,本科,民政部,"[""部委院校""]"
1156,泉州职业技术大学,福建,泉州市,丰泽区,综合,民办,本科,福建省教育厅,[]
1936,广州商学院,广东,广州市,黄埔区,财经,民办,本科,广东省教育厅,[]
2449,滇西应用技术大学,云南,大理白族自治州,大理市,综合,公办,本科,云南省,"[""省属"",""省部共建""]"
2263,吉利学院,四川,成都市,简阳市,理工,民办,本科,四川省教育厅,[]
942,浙江理工大学科技与艺术学院,浙江,绍兴市,上虞区,理工,民办,本科,浙江省教育厅,[]
2252,成都外国语学院,四川,成都市,都江堰市,语言,民办,本科,四川省教育厅,[]
206,河北东方学院,河北,廊坊市,,综合,民办,本科,河北省教育厅,[]
2448,滇西科技师范学院,云南,临沧市,,师范,公办,本科,云南省,"[""省属""]"
2442,昆明理工大学津桥学院,云南,昆明市,,理工,民办,本科,云南省教育厅,[]
1167,泉州信息工程学院,福建,泉州市,泉港区,理工,民办,本科,福建省教育厅,[]
2362,贵州黔南经济学院,贵州,黔南布依族苗族自治州,惠水县,财经,民办,本科,贵州省教育厅,[]
2432,云南艺术学院,云南,昆明市,呈贡区,艺术,公办,本科,云南省,"[""省属""]"
2262,四川电影电视学院,四川,成都市,,艺术,民办,本科,四川省教育厅,[]
2438,文山学院,云南,文山壮族苗族自治州,文山市,综合,公办,本科,云南省,"[""省属""]"
933,宁波财经学院,浙江,宁波市,海曙区,理工,民办,本科,浙江省教育厅,[]
1985,深圳信息职业技术大学,广东,深圳市,龙岗区,理工,公办,本科,广东省,"[""双高计划""]"
1934,广州华立学院,广东,广州市,增城区,理工,民办,本科,广东省教育厅,[]
2251,四川工商学院,四川,成都市,郫都区,综合,民办,本科,四川省教育厅,[]
1514,黄河科技学院,河南,郑州市,管城回族区,理工,民办,本科,河南省教育厅,[]
2164,重庆对外经贸学院,重庆,重庆,合川区,财经,民办,本科,重庆市教委,[]
1672,三峡大学科技学院,湖北,宜昌市,,理工,民办,本科,湖北省教育厅,[]
304,运城职业技术大学,山西,运城市,盐湖区,综合,民办,本科,山西省教育厅,[]
371,呼和浩特民族学院,内蒙古,呼和浩特市,,综合,公办,本科,内蒙古自治区,"[""省重点"",""省属"",""省部共建""]"
1154,厦门华厦学院,福建,厦门市,,综合,民办,本科,福建省教育厅,[]
1049,合肥城市学院,安徽,合肥市,巢湖市,理工,民办,本科,安徽省教育厅,"[""省属""]"
1941,广东科技学院,广东,东莞市,全市,综合,民办,本科,广东省教育厅,"[""省属""]"
2536,西安培华学院,陕西,西安市,,综合,民办,本科,陕西省教育厅,"[""省属""]"
1685,湖北经济学院法商学院,湖北,武汉市,,财经,民办,本科,湖北省教育厅,[]
120,北京科技大学天津学院,天津,天津,宝坻区,综合,民办,本科,天津市教委,[]
1356,齐鲁医药学院,山东,淄博市,博山区,医药,民办,本科,山东省教育厅,[]
1184,泉州医学高等专科学校,福建,泉州市,,医药,公办,专科,福建省,[]
808,南通大学杏林学院,江苏,南通市,,综合,民办,本科,江苏省教育厅,[]
2076,广西城市职业大学,广西,崇左市,江州区,综合,民办,本科,广西壮族自治区教育厅,[]
202,保定理工学院,河北,保定市,莲池区,综合,民办,本科,河北省教育厅,[]
1079,安徽第二医学院,安徽,淮南市,寿县,医药,公办,本科,安徽省,"[""双高计划""]"
803,江苏师范大学科文学院,江苏,徐州市,,综合,民办,本科,江苏省教育厅,[]
800,苏州科技大学天平学院,江苏,苏州市,,综合,民办,本科,江苏省教育厅,[]
1158,福州工商学院,福建,福州市,鼓楼区,理工,民办,本科,福建省教育厅,[]
1045,蚌埠工商学院,安徽,蚌埠市,龙子湖区,财经,民办,本科,安徽省教育厅,[]
1041,安徽新华学院,安徽,合肥市,,综合,民办,本科,安徽省教育厅,"[""省属""]"
1377,青岛城市学院,山东,青岛市,城阳区,理工,民办,本科,山东省教育厅,[]
293,山西应用科技学院,山西,太原市,晋源区,综合,民办,本科,山西省教育厅,[]
1155,闽南理工学院,福建,泉州市,,理工,民办,本科,福建省教育厅,[]
2077,广西职业师范学院,广西,南宁市,西乡塘区,师范,公办,本科,广西壮族自治区,"[""省属""]"
1168,福州理工学院,福建,福州市,,理工,民办,本科,福建省教育厅,[]
464,锦州医科大学医疗学院,辽宁,锦州市,太和区,医药,民办,本科,辽宁省教育厅,[]
780,南通理工学院,江苏,南通市,通州区,综合,民办,本科,江苏省教育厅,[]
2072,桂林信息科技学院,广西,桂林市,七星区,综合,民办,本科,广西壮族自治区教育厅,[]
1056,皖江工学院,安徽,马鞍山市,雨山区,理工,民办,本科,安徽省教育厅,[]
772,三江学院,江苏,南京市,玄武区,综合,民办,本科,江苏省教育厅,"[""省属""]"
1811,长沙民政职业技术学院,湖南,长沙市,,理工,公办,专科,湖南省,"[""省属"",""省部共建"",""双高计划""]"
2163,重庆外语外事学院,重庆,重庆,渝北区,语言,民办,本科,重庆市教委,[]
2159,重庆工程学院,重庆,重庆,巴南区,理工,民办,本科,重庆市教委,[]
1387,齐鲁理工学院,山东,济南市,,综合,民办,本科,山东省教育厅,[]
1165,福州外语外贸学院,福建,福州市,,财经,民办,本科,福建省教育厅,[]
1506,信阳农林学院,河南,信阳市,平桥区,农林,公办,本科,河南省,[]
1367,烟台南山学院,山东,烟台市,芝罘区,综合,民办,本科,山东省教育厅,[]
2552,西安财经大学行知学院,陕西,西安市,灞桥区,财经,民办,本科,陕西省教育厅,[]
2167,重庆移通学院,重庆,重庆,合川区,理工,民办,本科,重庆市教委,[]
963,宁波职业技术大学,浙江,宁波市,北仑区,综合,公办,本科,浙江省,"[""双高计划""]"
1374,山东工程职业技术大学,山东,济南市,章丘区,理工,民办,本科,山东省教育厅,[]
1058,安徽职业技术大学,安徽,合肥市,瑶海区,综合,公办,本科,安徽省,"[""省属""]"
2067,柳州工学院,广西,柳州市,鱼峰区,理工,民办,本科,广西壮族自治区教育厅,[]
548,吉林外国语大学,吉林,长春市,长春净月高新技术产业开发区,语言,民办,本科,吉林省教育厅,"[""省重点""]"
1931,华南农业大学珠江学院,广东,广州市,,综合,民办,本科,广东省教育厅,[]
1522,河南开封科技传媒学院,河南,开封市,龙亭区,综合,民办,本科,河南省教育厅,[]
122,天津财经大学珠江学院,天津,天津,宝坻区,综合,民办,本科,天津市教委,[]
2440,滇池学院,云南,昆明市,西山区,综合,民办,本科,云南省教育厅,[]
1942,广东理工学院,广东,肇庆市,,理工,民办,本科,广东省教育厅,[]
1357,青岛滨海学院,山东,青岛市,,综合,民办,本科,山东省教育厅,[]
186,河北科技学院,河北,唐山市,曹妃甸区,理工,民办,本科,河北省教育厅,[]
1385,青岛工学院,山东,青岛市,,综合,民办,本科,山东省教育厅,[]
1939,广州工商学院,广东,广州市,,财经,民办,本科,广东省教育厅,[]
1529,郑州经贸学院,河南,郑州市,中原区,财经,民办,本科,河南省教育厅,[]
2257,四川大学锦江学院,四川,眉山市,,综合,民办,本科,四川省教育厅,[]
302,山西工商学院,山西,太原市,,财经,民办,本科,山西省教育厅,[]
1044,安徽外国语学院,安徽,合肥市,,语言,民办,本科,安徽省教育厅,"[""省属""]"
2694,新疆艺术学院,新疆,乌鲁木齐市,沙依巴克区,艺术,公办,本科,新疆维吾尔自治区,"[""省属""]"
824,苏州职业技术大学,江苏,苏州市,吴中区,理工,公办,本科,江苏省,[]
2761,内蒙古科技大学包头师范学院,内蒙古,包头市,青山区,师范,公办,本科,内蒙古自治区教育厅,[]
937,浙江广厦建设职业技术大学,浙江,金华市,东阳市,理工,民办,本科,浙江省教育厅,[]
375,鄂尔多斯应用技术学院,内蒙古,鄂尔多斯市,康巴什区,理工,公办,本科,内蒙古自治区,[]
2166,重庆工商大学派斯学院,重庆,重庆,合川区,财经,民办,本科,重庆市教委,[]
1247,江西服装学院,江西,南昌市,,艺术,民办,本科,江西省教育厅,[]
985,杭州职业技术大学,浙江,杭州市,钱塘区,综合,公办,本科,浙江省,"[""双高计划""]"
1399,山东电力高等专科学校,山东,济南市,,理工,公办,专科,山东省,[]
1160,阳光学院,福建,福州市,,理工,民办,本科,福建省教育厅,[]
1519,郑州财经学院,河南,郑州市,,财经,民办,本科,河南省教育厅,[]
2074,广西外国语学院,广西,南宁市,,综合,民办,本科,广西壮族自治区教育厅,[]
2090,广西农业职业技术大学,广西,南宁市,西乡塘区,农林,公办,本科,广西壮族自治区,"[""省属""]"
183,河北传媒学院,河北,石家庄市,,艺术,民办,本科,河北省教育厅,[]
1875,长沙卫生职业学院,湖南,长沙市,宁乡市,医药,公办,专科,湖南省,[]
199,河北地质大学华信学院,河北,石家庄市,,财经,民办,本科,河北省教育厅,[]
2160,重庆城市科技学院,重庆,重庆,永川区,综合,民办,本科,重庆市教委,[]
115,天津商业大学宝德学院,天津,天津,西青区,财经,民办,本科,天津市教委,[]
189,华北理工大学轻工学院,河北,唐山市,开平区,理工,民办,本科,河北省教育厅,[]
1384,山东外事职业大学,山东,威海市,乳山市,综合,民办,本科,山东省教育厅,[]
555,长春工业大学人文信息学院,吉林,长春市,,理工,民办,本科,吉林省教育厅,"[""省属""]"
1806,湖南应用技术学院,湖南,常德市,鼎城区,综合,民办,本科,湖南省教育厅,[]
2266,成都航空职业技术大学,四川,成都市,龙泉驿区,理工,公办,本科,四川省,"[""双高计划""]"
70,北京科技职业大学,北京,北京,朝阳区,理工,公办,本科,北京市,"[""双高计划""]"
932,浙江越秀外国语学院,浙江,绍兴市,越城区,语言,民办,本科,浙江省教育厅,[]
1531,郑州商学院,河南,郑州市,巩义市,财经,民办,本科,河南省教育厅,[]
1372,山东现代学院,山东,济南市,长清区,综合,民办,本科,山东省教育厅,[]
1251,南昌大学共青学院,江西,九江市,共青城市,综合,民办,本科,江西省教育厅,[]
369,集宁师范学院,内蒙古,乌兰察布市,,师范,公办,本科,内蒙古自治区,[]
792,南京师范大学泰州学院,江苏,泰州市,,师范,民办,本科,江苏省教育厅,"[""省属""]"
1528,郑州工商学院,河南,郑州市,巩义市,理工,民办,本科,河南省教育厅,[]
187,河北外国语学院,河北,石家庄市,桥西区,语言,民办,本科,河北省教育厅,"[""省属""]"
1386,青岛农业大学海都学院,山东,烟台市,莱阳市,综合,民办,本科,山东省教育厅,[]
1860,长沙电力职业技术学院,湖南,长沙市,,理工,公办,专科,湖南省,[]
1810,湘中幼儿师范高等专科学校,湖南,邵阳市,大祥区,师范,公办,专科,湖南省,[]
1930,湛江科技学院,广东,湛江市,麻章区,综合,民办,本科,广东省教育厅,[]
561,吉林动画学院,吉林,长春市,长春高新技术产业开发区,艺术,民办,本科,吉林省教育厅,[]
366,赤峰学院,内蒙古,赤峰市,,综合,公办,本科,内蒙古自治区,[]
817,无锡职业技术大学,江苏,无锡市,惠山区,理工,公办,本科,江苏省,"[""省属"",""双高计划""]"
1940,广州科技职业技术大学,广东,广州市,白云区,综合,民办,本科,广东省教育厅,[]
2558,西安明德理工学院,陕西,西安市,长安区,综合,民办,本科,陕西省教育厅,"[""省属""]"
837,江苏医药职业学院,江苏,盐城市,盐都区,医药,公办,专科,江苏省,"[""省属""]"
964,温州职业技术学院,浙江,温州市,,综合,公办,专科,浙江省,"[""省重点"",""双高计划""]"
1534,郑州西亚斯学院,河南,郑州市,新郑市,综合,民办,本科,河南省教育厅,[]
1054,淮北理工学院,安徽,淮北市,杜集区,师范,民办,本科,安徽省教育厅,[]
2279,四川工程职业技术大学,四川,德阳市,旌阳区,理工,公办,本科,四川省,"[""省属""]"
1271,江西职业技术大学,江西,九江市,濂溪区,理工,公办,本科,江西省,"[""双高计划""]"
888,江苏卫生健康职业学院,江苏,南京市,浦口区,医药,公办,专科,江苏省,"[""省属""]"
1789,湖南涉外经济学院,湖南,长沙市,,综合,民办,本科,湖南省教育厅,[]
1404,山东职业学院,山东,济南市,槐荫区,理工,公办,专科,山东省,"[""双高计划""]"
562,吉林师范大学博达学院,吉林,四平市,,师范,民办,本科,吉林省教育厅,[]
705,上海建桥学院,上海,上海,浦东新区,财经,民办,本科,上海市教委,[]
1246,江西应用科技学院,江西,南昌市,新建区,综合,民办,本科,江西省教育厅,[]
455,大连理工大学城市学院,辽宁,大连市,金州区,理工,民办,本科,辽宁省教育厅,[]
2256,西南财经大学天府学院,四川,绵阳市,,财经,民办,本科,四川省教育厅,[]
1680,长江大学文理学院,湖北,荆州市,,理工,民办,本科,湖北省教育厅,[]
1371,青岛黄海学院,山东,青岛市,,综合,民办,本科,山东省教育厅,[]
869,南京信息职业技术学院,江苏,南京市,,理工,公办,专科,江苏省,"[""省属"",""双高计划""]"
862,江苏农林职业技术学院,江苏,镇江市,,农林,公办,专科,江苏省,"[""省属"",""双高计划""]"
1678,武汉工商学院,湖北,武汉市,,综合,民办,本科,湖北省教育厅,[]
2625,兰州石化职业技术大学,甘肃,兰州市,西固区,理工,公办,本科,甘肃省,"[""省属""]"
121,天津仁爱学院,天津,天津,静海区,综合,民办,本科,天津市教委,[]
2016,东莞职业技术学院,广东,东莞市,全市,理工,公办,专科,广东省,"[""双高计划""]"
1817,长沙航空职业技术学院,湖南,长沙市,,理工,公办,专科,空军装备部,"[""部委院校"",""双高计划""]"
556,长春电子科技学院,吉林,长春市,朝阳区,理工,民办,本科,吉林省教育厅,[]
554,长春光华学院,吉林,长春市,南关区,综合,民办,本科,吉林省教育厅,[]
2008,广州铁路职业技术学院,广东,广州市,,理工,公办,专科,广东省,"[""双高计划""]"
2444,昆明文理学院,云南,昆明市,五华区,师范,民办,本科,云南省教育厅,[]
2616,甘肃民族师范学院,甘肃,甘南藏族自治州,,师范,公办,本科,甘肃省,"[""省属"",""省部共建""]"
1953,顺德职业技术大学,广东,佛山市,顺德区,综合,公办,本科,广东省,"[""双高计划""]"
2669,宁夏理工学院,宁夏,石嘴山市,大武口区,综合,民办,本科,宁夏回族自治区教育厅,[]
1961,广州民航职业技术学院,广东,广州市,越秀区,理工,公办,专科,交通运输部（中国民用航空局）,"[""部委院校"",""省部共建"",""双高计划""]"
1716,武汉铁路职业技术学院,湖北,武汉市,,理工,公办,专科,湖北省,"[""省属"",""双高计划""]"
2128,三亚学院,海南,三亚市,海棠区,综合,民办,本科,海南省教育厅,[]
617,黑龙江东方学院,黑龙江,哈尔滨市,平房区,综合,民办,本科,黑龙江省教育厅,[]
832,常州信息职业技术学院,江苏,常州市,,理工,公办,专科,江苏省,"[""双高计划""]"
243,石家庄邮电职业技术学院,河北,石家庄市,,理工,公办,专科,河北省,"[""双高计划""]"
1966,佛山职业技术学院,广东,佛山市,三水区,综合,公办,专科,广东省,[]
1987,广东工贸职业技术学院,广东,广州市,,理工,公办,专科,广东省教育厅,"[""省属"",""双高计划""]"
2387,遵义医药高等专科学校,贵州,遵义市,,医药,公办,专科,贵州省,[]
955,温州商学院,浙江,温州市,温州经济技术开发区,综合,民办,本科,浙江省教育厅,[]
1159,厦门工学院,福建,厦门市,集美区,理工,民办,本科,福建省教育厅,[]
2566,西安电力高等专科学校,陕西,西安市,,理工,公办,专科,陕西省,[]
2562,西安科技大学高新学院,陕西,西安市,,理工,民办,本科,陕西省教育厅,[]
1042,安徽文达信息工程学院,安徽,合肥市,庐阳区,理工,民办,本科,安徽省教育厅,"[""省属""]"
883,江苏城市职业学院,江苏,南京市,鼓楼区,综合,公办,专科,江苏省,"[""省属""]"
557,长春财经学院,吉林,长春市,,财经,民办,本科,吉林省教育厅,"[""省属""]"
558,吉林建筑科技学院,吉林,长春市,宽城区,理工,民办,本科,吉林省教育厅,"[""省属""]"
2267,四川电力职业技术学院,四川,成都市,温江区,理工,公办,专科,四川省,[]
2025,惠州卫生职业技术学院,广东,惠州市,惠城区,医药,公办,专科,广东省,[]
1851,湖南中医药高等专科学校,湖南,株洲市,,医药,公办,专科,湖南省,[]
986,嘉兴职业技术学院,浙江,嘉兴市,,综合,公办,专科,浙江省,[]
2248,四川传媒学院,四川,成都市,锦江区,艺术,民办,本科,四川省教育厅,[]
1868,益阳医学高等专科学校,湖南,益阳市,,医药,公办,专科,湖南省,[]
624,黑龙江工商学院,黑龙江,哈尔滨市,,理工,民办,本科,黑龙江省教育厅,[]
1967,广东科学技术职业学院,广东,广州市,天河区,综合,公办,专科,广东省,"[""省属"",""双高计划""]"
63,北京工业大学耿丹学院,北京,北京,顺义区,综合,民办,本科,北京市教委,[]
983,浙江金融职业学院,浙江,杭州市,,财经,公办,专科,浙江省,"[""双高计划""]"
2468,曲靖健康医学院,云南,曲靖市,马龙县,医药,公办,本科,云南省,[]
1943,广东工商职业技术大学,广东,肇庆市,端州区,综合,民办,本科,广东省教育厅,[]
1863,湖南高速铁路职业技术学院,湖南,衡阳市,,理工,公办,专科,湖南省,[]
710,上海师范大学天华学院,上海,上海,嘉定区,综合,民办,本科,上海市教委,[]
2548,西安交通工程学院,陕西,西安市,,理工,民办,本科,陕西省教育厅,[]
1269,江西医学高等专科学校,江西,上饶市,信州区,医药,公办,专科,江西省,[]
134,天津医学高等专科学校,天津,天津,河西区,医药,公办,专科,天津市,"[""双高计划""]"
1397,菏泽医学专科学校,山东,菏泽市,成武县,医药,公办,专科,山东省,"[""省属""]"
843,苏州卫生职业技术学院,江苏,苏州市,,医药,公办,专科,江苏省,"[""省属""]"
564,长春人文学院,吉林,长春市,长春净月高新技术产业开发区,综合,民办,本科,吉林省教育厅,[]
2637,兰州资源环境职业技术大学,甘肃,兰州市,城关区,理工,公办,本科,甘肃省,"[""省部共建"",""双高计划""]"
559,长春建筑学院,吉林,长春市,,理工,民办,本科,吉林省教育厅,[]
2073,南宁理工学院,广西,南宁市,武鸣区,理工,民办,本科,广西壮族自治区教育厅,[]
1883,永州师范高等专科学校,湖南,永州市,零陵区,师范,公办,专科,湖南省,[]
1180,福建电力职业技术学院,福建,泉州市,丰泽区,理工,公办,专科,福建省,[]
2033,广州卫生职业技术学院,广东,广州市,,医药,公办,专科,广东省,[]
2543,西安翻译学院,陕西,西安市,,语言,民办,本科,陕西省教育厅,"[""省属""]"
2158,重庆机电职业技术大学,重庆,重庆,璧山区,理工,民办,本科,重庆市教委,[]
3042,广东潮州卫生健康职业学院,广东,潮州市,湘桥区,,公办,专科,广东省,[]
465,辽宁师范大学海华学院,辽宁,大连市,庄河市,综合,民办,本科,辽宁省教育厅,[]
1289,宜春职业技术学院,江西,宜春市,,综合,公办,专科,江西省,[]
1378,潍坊理工学院,山东,潍坊市,青州市,综合,民办,本科,山东省教育厅,[]
1720,武汉电力职业技术学院,湖北,武汉市,,理工,公办,专科,湖北省,"[""双高计划""]"
2541,西安欧亚学院,陕西,西安市,雁塔区,综合,民办,本科,陕西省教育厅,[]
1256,景德镇艺术职业大学,江西,景德镇市,珠山区,理工,民办,本科,江西省教育厅,[]
2299,四川中医药高等专科学校,四川,绵阳市,,医药,公办,专科,四川省,[]
2249,成都银杏酒店管理学院,四川,成都市,郫都区,财经,民办,本科,四川省教育厅,[]
1521,商丘工学院,河南,商丘市,梁园区,理工,民办,本科,河南省教育厅,"[""省属""]"
368,呼伦贝尔学院,内蒙古,呼伦贝尔市,,综合,公办,本科,内蒙古自治区,[]
700,上海杉达学院,上海,上海,浦东新区,财经,民办,本科,上海市教委,[]
1524,信阳学院,河南,信阳市,平桥区,综合,民办,本科,河南省教育厅,[]
1814,湖南信息职业技术学院,湖南,长沙市,,理工,公办,专科,湖南省,[]
1037,安徽三联学院,安徽,合肥市,,理工,民办,本科,安徽省教育厅,"[""省属""]"
620,齐齐哈尔工程学院,黑龙江,齐齐哈尔市,,综合,民办,本科,黑龙江省教育厅,[]
1533,郑州升达经贸管理学院,河南,郑州市,,财经,民办,本科,河南省教育厅,[]
1982,广东邮电职业技术学院,广东,广州市,天河区,理工,公办,专科,广东省,[]
1172,漳州职业技术学院,福建,漳州市,云霄县,理工,公办,专科,福建省,"[""双高计划""]"
1275,江西电力职业技术学院,江西,南昌市,,理工,公办,专科,江西省,[]
2703,新疆天山职业技术大学,新疆,乌鲁木齐市,水磨沟区,综合,民办,本科,新疆维吾尔自治区教育厅,[]
2697,新疆警察学院,新疆,乌鲁木齐市,,政法,公办,本科,新疆维吾尔自治区,[]
828,江苏经贸职业技术学院,江苏,南京市,江宁区,财经,公办,专科,江苏省,"[""双高计划""]"
1676,武汉纺织大学外经贸学院,湖北,武汉市,,综合,民办,本科,湖北省教育厅,[]
547,吉林艺术学院,吉林,长春市,,艺术,公办,本科,吉林省,"[""省属""]"
113,天津外国语大学滨海外事学院,天津,天津,滨海新区,语言,民办,本科,天津市教委,[]
1090,安徽工商职业学院,安徽,合肥市,,财经,公办,专科,安徽省,"[""省属""]"
979,浙江经济职业技术学院,浙江,杭州市,,财经,公办,专科,浙江省,"[""双高计划""]"
998,浙江邮电职业技术学院,浙江,绍兴市,上虞区,理工,公办,专科,浙江省,"[""省属""]"
2450,昆明冶金高等专科学校,云南,昆明市,,理工,公办,专科,云南省,"[""省属"",""双高计划""]"
571,长春医学高等专科学校,吉林,长春市,,医药,公办,专科,吉林省,[]
1667,武昌理工学院,湖北,武汉市,,综合,民办,本科,湖北省教育厅,[]
618,哈尔滨信息工程学院,黑龙江,哈尔滨市,,理工,民办,本科,黑龙江省教育厅,[]
2555,延安大学西安创新学院,陕西,西安市,,综合,民办,本科,陕西省教育厅,[]
622,黑龙江财经学院,黑龙江,哈尔滨市,道里区,财经,民办,本科,黑龙江省教育厅,[]
621,黑龙江外国语学院,黑龙江,哈尔滨市,,语言,民办,本科,黑龙江省教育厅,[]
1181,厦门海洋职业技术学院,福建,厦门市,思明区,综合,公办,专科,福建省,[]
1078,安徽中医药高等专科学校,安徽,芜湖市,,医药,公办,专科,安徽省,[]
988,绍兴职业技术学院,浙江,绍兴市,,理工,民办,专科,浙江省教育厅,[]
625,哈尔滨远东理工学院,黑龙江,哈尔滨市,,理工,民办,本科,黑龙江省教育厅,[]
885,南京机电职业技术学院,江苏,南京市,,理工,公办,专科,江苏省,[]
2553,陕西科技大学镐京学院,陕西,咸阳市,,理工,民办,本科,陕西省教育厅,[]
994,杭州科技职业技术学院,浙江,杭州市,,综合,公办,专科,浙江省,[]
560,长春科技学院,吉林,长春市,,综合,民办,本科,吉林省教育厅,[]
2397,毕节医学高等专科学校,贵州,毕节市,,医药,公办,专科,贵州省,[]
1261,南昌应用技术师范学院,江西,南昌市,新建区,理工,民办,本科,江西省教育厅,[]
1396,山东医学高等专科学校,山东,临沂市,平邑县,医药,公办,专科,山东省,"[""省属""]"
1835,湘潭医卫职业技术学院,湖南,湘潭市,,综合,公办,专科,湖南省,[]
62,北京邮电大学世纪学院,北京,北京,延庆区,综合,民办,本科,北京市教委,"[""部委院校""]"
2030,广东茂名健康职业学院,广东,茂名市,茂南区,综合,公办,专科,广东省,[]
2007,广东工程职业技术学院,广东,广州市,,理工,公办,专科,广东省,"[""省属""]"
1714,湖北中医药高等专科学校,湖北,荆州市,,医药,公办,专科,湖北省,"[""省部共建""]"
1174,黎明职业大学,福建,泉州市,,综合,公办,本科,福建省,"[""双高计划""]"
629,哈尔滨华德学院,黑龙江,哈尔滨市,,理工,民办,本科,黑龙江省教育厅,[]
1179,福建水利电力职业技术学院,福建,三明市,,理工,公办,专科,福建省,[]
579,白城医学高等专科学校,吉林,白城市,,医药,公办,专科,吉林省,"[""省属""]"
230,邢台医学院,河北,邢台市,信都区,医药,公办,本科,河北省,[]
1864,湖南铁路科技职业技术学院,湖南,株洲市,,理工,公办,专科,湖南省,[]
965,浙江交通职业技术学院,浙江,杭州市,,理工,公办,专科,浙江省,"[""双高计划""]"
1532,河南科技职业大学,河南,周口市,川汇区,理工,民办,本科,河南省教育厅,[]
1376,聊城大学东昌学院,山东,聊城市,,综合,民办,本科,山东省教育厅,[]
623,哈尔滨石油学院,黑龙江,哈尔滨市,,理工,民办,本科,黑龙江省教育厅,[]
563,长春大学旅游学院,吉林,长春市,,综合,民办,本科,吉林省教育厅,[]
627,黑龙江工程学院昆仑旅游学院,黑龙江,哈尔滨市,,理工,民办,本科,黑龙江省教育厅,[]
3040,广东云浮中医药职业学院,广东,云浮市,新兴县,,公办,专科,广东省,[]
1177,福建林业职业技术学院,福建,南平市,,农林,公办,专科,福建省,"[""省属""]"
2670,宁夏大学新华学院,宁夏,银川市,兴庆区,综合,民办,本科,宁夏回族自治区教育厅,[]
114,天津传媒学院,天津,天津,蓟州区,体育,民办,本科,天津市教委,[]
1287,江西外语外贸职业学院,江西,南昌市,,财经,公办,专科,江西省,"[""省部共建"",""双高计划""]"
2174,重庆电子科技职业大学,重庆,重庆,沙坪坝区,理工,公办,本科,重庆市,"[""双高计划""]"
871,常州机电职业技术学院,江苏,常州市,,理工,公办,专科,江苏省,"[""省属"",""双高计划""]"
999,宁波卫生职业技术学院,浙江,宁波市,,医药,公办,专科,浙江省,[]
626,哈尔滨剑桥学院,黑龙江,哈尔滨市,,综合,民办,本科,黑龙江省教育厅,[]
819,江苏工程职业技术学院,江苏,南通市,,理工,公办,专科,江苏省,"[""省属"",""双高计划""]"
1389,烟台科技学院,山东,烟台市,蓬莱市,综合,民办,本科,山东省教育厅,[]
2006,广州城市职业学院,广东,广州市,白云区,综合,公办,专科,广东省,[]
709,上海外国语大学贤达经济人文学院,上海,上海,崇明区,财经,民办,本科,上海市教委,[]
707,上海中侨职业技术大学,上海,上海,金山区,财经,民办,本科,上海市教委,[]
467,大连财经学院,辽宁,大连市,金州区,财经,民办,本科,辽宁省教育厅,[]
1971,广东行政职业学院,广东,广州市,,综合,公办,专科,广东省,"[""省属""]"
1820,湖南铁道职业技术学院,湖南,株洲市,,综合,公办,专科,湖南省教育厅,"[""双高计划""]"
1003,温州科技职业学院,浙江,温州市,瓯海区,综合,公办,专科,浙江省,[]
1956,广东水利电力职业技术学院,广东,广州市,从化区,理工,公办,专科,广东省,"[""省属"",""双高计划""]"
1666,武昌首义学院,湖北,武汉市,洪山区,理工,民办,本科,湖北省教育厅,[]
2011,中山职业技术学院,广东,中山市,,综合,公办,专科,广东省,[]
1697,武汉职业技术大学,湖北,武汉市,洪山区,理工,公办,本科,湖北省,"[""双高计划""]"
1664,武汉东湖学院,湖北,武汉市,,综合,民办,本科,湖北省教育厅,[]
468,沈阳城市学院,辽宁,沈阳市,苏家屯区,综合,民办,本科,辽宁省教育厅,[]
1968,广东食品药品职业学院,广东,广州市,,理工,公办,专科,广东省,"[""省属"",""双高计划""]"
2584,西安铁路职业技术学院,陕西,西安市,,理工,公办,专科,陕西省,"[""省属""]"
1689,湖北工程学院新技术学院,湖北,孝感市,,综合,民办,本科,湖北省教育厅,[]
1206,福建体育职业技术学院,福建,福州市,,体育,公办,专科,福建省,"[""省属""]"
1178,福建信息职业技术学院,福建,福州市,,综合,公办,专科,福建省,"[""省属"",""双高计划""]"
1988,广东司法警官职业学院,广东,广州市,天河区,政法,公办,专科,广东省,"[""省属""]"
2035,广东江门中医药职业学院,广东,江门市,蓬江区,医药,公办,专科,广东省,[]
61,北京金融科技学院,北京,北京,通州区,财经,民办,本科,北京市教委,[]
73,北京青年政治学院,北京,北京,朝阳区,语言,公办,专科,北京市,"[""省属""]"
1959,广东南华工商职业学院,广东,广州市,海珠区,财经,公办,专科,广东省,"[""省属""]"
2569,西安航空职业技术学院,陕西,西安市,,理工,公办,专科,陕西省,"[""省属"",""双高计划""]"
1439,山东中医药高等专科学校,山东,烟台市,牟平区,医药,公办,专科,山东省,"[""省属""]"
2297,四川铁道职业学院,四川,成都市,郫都区,财经,公办,专科,四川省,"[""省属""]"
1282,江西应用技术职业学院,江西,赣州市,,理工,公办,专科,江西省,"[""双高计划""]"
227,唐山职业技术学院,河北,唐山市,,医药,公办,专科,河北省,"[""省重点""]"
1196,福建生物工程职业技术学院,福建,福州市,,医药,公办,专科,福建省,"[""省属""]"
840,苏州经贸职业技术学院,江苏,苏州市,,财经,公办,专科,江苏省,"[""省属""]"
1703,武汉城市职业学院,湖北,武汉市,,综合,公办,专科,湖北省,[]
1543,黄河水利职业技术大学,河南,开封市,龙亭区,理工,公办,本科,河南省,"[""省部共建"",""双高计划""]"
1171,福建船政交通职业学院,福建,福州市,,理工,公办,专科,福建省,"[""省属"",""双高计划""]"
848,江苏农牧科技职业学院,江苏,泰州市,,农林,公办,专科,江苏省,"[""省属"",""双高计划""]"
344,山西铁道职业技术学院,山西,太原市,杏花岭区,理工,公办,专科,山西省,[]
1382,泰山科技学院,山东,泰安市,岱岳区,综合,民办,本科,山东省教育厅,[]
1520,黄河交通学院,河南,焦作市,,理工,民办,本科,河南省教育厅,[]
726,上海工艺美术职业学院,上海,上海,嘉定区,艺术,公办,专科,上海市,"[""双高计划""]"
1707,襄阳职业技术学院,湖北,襄阳市,,综合,公办,专科,湖北省,"[""省属"",""双高计划""]"
370,河套学院,内蒙古,巴彦淖尔市,磴口县,综合,公办,本科,内蒙古自治区,[]
1398,山东商业职业技术学院,山东,济南市,,财经,公办,专科,山东省,"[""省属"",""双高计划""]"
222,石家庄铁路职业技术学院,河北,石家庄市,,理工,公办,专科,河北省,"[""省属"",""双高计划""]"
2009,广东科贸职业学院,广东,广州市,,综合,公办,专科,广东省,[]
704,上海立达学院,上海,上海,松江区,财经,民办,本科,上海市教委,[]
2003,广东理工职业学院,广东,广州市,越秀区,理工,公办,专科,广东省,"[""省属""]"
2623,兰州博文科技学院,甘肃,兰州市,榆中县,综合,民办,本科,甘肃省教育厅,[]
971,台州职业技术学院,浙江,台州市,,综合,公办,专科,浙江省,[]
1538,郑州铁路职业技术学院,河南,郑州市,,综合,公办,专科,河南省,"[""省属"",""省部共建"",""双高计划""]"
74,北京农业职业学院,北京,北京,房山区,农林,公办,专科,北京市,"[""双高计划""]"
2170,重庆电力高等专科学校,重庆,重庆,九龙坡区,理工,公办,专科,重庆市,"[""双高计划""]"
2268,成都职业技术学院,四川,成都市,,综合,公办,专科,四川省,"[""双高计划""]"
1818,湖南大众传媒职业技术学院,湖南,长沙市,,综合,公办,专科,湖南省,[]
1963,广东松山职业技术学院,广东,韶关市,曲江区,理工,公办,专科,广东省,"[""省属""]"
566,长春师范高等专科学校,吉林,长春市,,师范,公办,专科,吉林省,[]
1183,福建卫生职业技术学院,福建,福州市,,医药,公办,专科,福建省,[]
1955,广东交通职业技术学院,广东,广州市,花都区,理工,公办,专科,广东省,[]
1270,九江职业大学,江西,九江市,浔阳区,综合,公办,专科,江西省,[]
1687,湖北师范大学文理学院,湖北,黄石市,大冶市,师范,民办,本科,湖北省教育厅,[]
473,沈阳科技学院,辽宁,沈阳市,浑南区,理工,民办,本科,辽宁省教育厅,[]
2452,云南交通职业技术学院,云南,昆明市,,理工,公办,专科,云南省,"[""省属""]"
991,浙江东方职业技术学院,浙江,温州市,,综合,民办,专科,浙江省教育厅,[]
706,上海兴伟学院,上海,上海,浦东新区,综合,民办,本科,上海市教委,[]
1176,福州职业技术学院,福建,福州市,,综合,公办,专科,福建省,"[""双高计划""]"
2575,陕西铁路工程职业技术学院,陕西,渭南市,,理工,公办,专科,陕西省,"[""省属"",""双高计划""]"
2277,四川交通职业技术学院,四川,成都市,温江区,理工,公办,专科,四川省,"[""省属"",""双高计划""]"
2564,陕西工业职业技术大学,陕西,咸阳市,渭城区,综合,公办,本科,陕西省,"[""省属"",""双高计划""]"
2024,广东艺术职业学院,广东,广州市,天河区,艺术,公办,专科,广东省,"[""省属""]"
2178,重庆城市管理职业学院,重庆,重庆,沙坪坝区,综合,公办,专科,重庆市,"[""省属"",""省部共建"",""双高计划""]"
372,内蒙古大学创业学院,内蒙古,呼和浩特市,玉泉区,综合,民办,本科,内蒙古自治区教育厅,[]
970,浙江工商职业技术学院,浙江,宁波市,,财经,公办,专科,浙江省,[]
1419,山东畜牧兽医职业学院,山东,潍坊市,奎文区,农林,公办,专科,山东省,"[""双高计划""]"
1281,江西财经职业学院,江西,九江市,,财经,公办,专科,江西省,"[""省属"",""双高计划""]"
123,天津市职业大学,天津,天津,北辰区,综合,公办,专科,天津市,"[""省属"",""双高计划""]"
446,辽宁对外经贸学院,辽宁,大连市,旅顺口区,财经,民办,本科,辽宁省教育厅,"[""省属""]"
897,江苏护理职业学院,江苏,淮安市,清江浦区,医药,公办,专科,江苏省,"[""省属""]"
978,浙江商业职业技术学院,浙江,杭州市,,财经,公办,专科,浙江省,"[""省属"",""双高计划""]"
511,辽宁铁道职业技术学院,辽宁,锦州市,,理工,公办,专科,辽宁省,[]
1717,武汉软件工程职业学院,湖北,武汉市,,理工,公办,专科,湖北省,[]
3045,广东汕头幼儿师范高等专科学校,广东,汕头市,龙湖区,,公办,专科,广东省,[]
721,上海电子信息职业技术学院,上海,上海,奉贤区,理工,公办,专科,上海市,[]
1471,青岛工程职业学院,山东,青岛市,胶州市,综合,公办,专科,山东省,[]
834,江苏海事职业技术学院,江苏,南京市,江宁区,综合,公办,专科,江苏省,"[""省属"",""双高计划""]"
2316,四川护理职业学院,四川,成都市,龙泉驿区,医药,公办,专科,四川省,[]
1280,江西交通职业技术学院,江西,南昌市,,综合,公办,专科,江西省,"[""双高计划""]"
1542,郑州电力高等专科学校,河南,郑州市,,理工,公办,专科,河南省,[]
2133,海南政法职业学院,海南,海口市,琼山区,政法,公办,专科,海南省,[]
1063,安徽水利水电职业技术学院,安徽,合肥市,,理工,公办,专科,安徽省,"[""双高计划""]"
1198,福建幼儿师范高等专科学校,福建,福州市,,师范,公办,专科,福建省,"[""省属""]"
1182,福建农业职业技术学院,福建,福州市,,农林,公办,专科,福建省,"[""省属""]"
1842,长沙职业技术学院,湖南,长沙市,长沙县,综合,公办,专科,湖南省,[]
2503,西藏藏医药大学,西藏,拉萨市,城关区,医药,公办,本科,西藏自治区,"[""省属"",""省部共建""]"
1320,赣南卫生健康职业学院,江西,赣州市,,医药,公办,专科,江西省,[]
972,浙江工贸职业技术学院,浙江,温州市,,综合,公办,专科,浙江省,"[""省属"",""双高计划""]"
1964,广东农工商职业技术学院,广东,广州市,天河区,综合,公办,专科,广东省,[]
1997,珠海城市职业技术学院,广东,珠海市,金湾区,综合,公办,专科,广东省,[]
1283,江西现代职业技术学院,江西,南昌市,,综合,公办,专科,江西省,"[""省属""]"
249,沧州医学高等专科学校,河北,沧州市,运河区,医药,公办,专科,河北省,"[""双高计划""]"
628,哈尔滨广厦学院,黑龙江,哈尔滨市,,综合,民办,本科,黑龙江省教育厅,[]
841,苏州工业职业技术学院,江苏,苏州市,,理工,公办,专科,江苏省,"[""双高计划""]"
730,上海农林职业技术学院,上海,上海,松江区,农林,公办,专科,上海市,[]
854,南京科技职业学院,江苏,南京市,玄武区,理工,公办,专科,江苏省,[]
1535,河南职业技术学院,河南,郑州市,,理工,公办,专科,河南省,"[""双高计划""]"
69,北京信息职业技术学院,北京,北京,朝阳区,理工,公办,专科,北京市,"[""双高计划""]"
977,浙江经贸职业技术学院,浙江,杭州市,,财经,公办,专科,浙江省,"[""省属"",""省部共建"",""双高计划""]"
2091,柳州铁道职业技术学院,广西,柳州市,,理工,公办,专科,广西壮族自治区,[]
823,南通职业大学,江苏,南通市,,理工,公办,专科,江苏省,"[""省属"",""双高计划""]"
1972,广东体育职业技术学院,广东,广州市,天河区,体育,公办,专科,广东省,[]
1738,湖北财税职业学院,湖北,武汉市,,财经,公办,专科,湖北省,[]
1516,郑州科技学院,河南,郑州市,二七区,理工,民办,本科,河南省教育厅,[]
348,运城护理职业学院,山西,运城市,,医药,公办,专科,山西省,[]
2377,黔东南民族职业技术学院,贵州,黔东南苗族侗族自治州,凯里市,综合,公办,专科,贵州省,[]
475,辽宁财贸学院,辽宁,葫芦岛市,,财经,民办,本科,辽宁省教育厅,[]
2469,楚雄医药高等专科学校,云南,楚雄彝族自治州,楚雄市,医药,公办,专科,云南省,[]
2027,广东生态工程职业学院,广东,广州市,天河区,农林,公办,专科,广东省,[]
975,浙江建设职业技术学院,浙江,杭州市,萧山区,理工,公办,专科,浙江省,"[""双高计划""]"
2185,重庆三峡医药高等专科学校,重庆,重庆,万州区,医药,公办,专科,重庆市,"[""双高计划""]"
1195,湄洲湾职业技术学院,福建,莆田市,,理工,公办,专科,福建省,[]
1833,湖南环境生物职业技术学院,湖南,衡阳市,,农林,公办,专科,湖南省,"[""省属""]"
459,大连工业大学艺术与信息工程学院,辽宁,大连市,,综合,民办,本科,辽宁省教育厅,[]
1245,南昌理工学院,江西,南昌市,,综合,民办,本科,江西省教育厅,[]
1812,湖南工业职业技术学院,湖南,长沙市,,理工,公办,专科,湖南省,"[""双高计划""]"
1313,赣州师范高等专科学校,江西,赣州市,,师范,公办,专科,江西省,[]
2034,惠州工程职业学院,广东,惠州市,惠城区,理工,公办,专科,广东省,[]
2105,梧州职业学院,广西,梧州市,,综合,公办,专科,广西壮族自治区,[]
1213,漳州卫生职业学院,福建,漳州市,芗城区,医药,公办,专科,福建省,[]
850,苏州农业职业技术学院,江苏,苏州市,,农林,公办,专科,江苏省,"[""省属"",""双高计划""]"
90,北京交通运输职业学院,北京,北京,大兴区,综合,公办,专科,北京市,"[""双高计划""]"
1819,永州职业技术学院,湖南,永州市,零陵区,综合,公办,专科,湖南省,[]
2280,四川建筑职业技术学院,四川,德阳市,,理工,公办,专科,四川省,"[""双高计划""]"
1201,三明医学科技职业学院,福建,三明市,梅列区,综合,公办,专科,福建省,[]
2373,贵州交通职业大学,贵州,贵阳市,清镇市,理工,公办,本科,贵州省,"[""双高计划""]"
884,南京城市职业学院,江苏,南京市,溧水区,综合,公办,专科,江苏省,[]
264,河北轨道运输职业技术学院,河北,石家庄市,,理工,公办,专科,河北省,[]
3041,广东梅州职业技术学院,广东,梅州市,梅江区,,公办,专科,广东省,[]
867,江苏信息职业技术学院,江苏,无锡市,,理工,公办,专科,江苏省,[]
1850,湖南石油化工职业技术学院,湖南,岳阳市,岳阳县,理工,公办,专科,湖南省,"[""省属""]"
1823,湖南交通职业技术学院,湖南,长沙市,,理工,公办,专科,湖南省,"[""省属"",""双高计划""]"
582,吉林铁道职业技术大学,吉林,吉林市,永吉县,理工,公办,本科,吉林省,"[""省属"",""双高计划""]"
735,上海民航职业技术学院,上海,上海,徐汇区,综合,公办,专科,交通运输部（中国民用航空局）,"[""部委院校"",""省部共建""]"
1704,湖北职业技术学院,湖北,孝感市,,理工,公办,专科,湖北省,"[""双高计划""]"
1668,武汉生物工程学院,湖北,武汉市,,理工,民办,本科,湖北省教育厅,[]
1127,安徽卫生健康职业学院,安徽,池州市,贵池区,综合,公办,专科,安徽省,"[""省属""]"
2284,成都农业科技职业学院,四川,成都市,温江区,农林,公办,专科,四川省,"[""双高计划""]"
1527,新乡工程学院,河南,新乡市,红旗区,理工,民办,本科,河南省教育厅,[]
2171,重庆工业职业技术大学,重庆,重庆,渝北区,理工,公办,本科,重庆市,"[""省属"",""双高计划""]"
990,丽水职业技术学院,浙江,丽水市,,综合,公办,专科,浙江省,[]
719,上海交通职业技术学院,上海,上海,宝山区,理工,公办,专科,上海市,"[""省属""]"
2568,陕西国防工业职业技术学院,陕西,西安市,,理工,公办,专科,陕西省,"[""省属"",""省部共建"",""双高计划""]"
1199,厦门城市职业学院,福建,厦门市,,综合,公办,专科,福建省,[]
76,北京财贸职业学院,北京,北京,通州区,财经,公办,专科,北京市,"[""省属"",""双高计划""]"
1001,浙江国际海运职业技术学院,浙江,舟山市,,综合,公办,专科,浙江省,[]
141,天津铁道职业技术学院,天津,天津,河北区,理工,公办,专科,天津市,[]
969,浙江同济科技职业学院,浙江,杭州市,上城区,理工,公办,专科,浙江省,"[""省属""]"
2186,重庆医药高等专科学校,重庆,重庆,沙坪坝区,医药,公办,专科,重庆市,"[""双高计划""]"
645,哈尔滨电力职业技术学院,黑龙江,哈尔滨市,香坊区,理工,公办,专科,黑龙江省,[]
2264,成都纺织高等专科学校,四川,成都市,,理工,公办,专科,四川省,"[""省属"",""双高计划""]"
716,上海出版印刷高等专科学校,上海,上海,杨浦区,综合,公办,专科,上海市,"[""省部共建""]"
2376,安顺职业技术学院,贵州,安顺市,西秀区,综合,公办,专科,贵州省,[]
1517,郑州工业应用技术学院,河南,郑州市,,理工,民办,本科,河南省教育厅,[]
1751,湖北铁道运输职业学院,湖北,武汉市,洪山区,理工,公办,专科,湖北省,[]
1294,抚州医药学院,江西,抚州市,临川区,医药,公办,本科,江西省,[]
718,上海城建职业学院,上海,上海,奉贤区,综合,公办,专科,上海市,"[""省属""]"
1705,武汉船舶职业技术学院,湖北,武汉市,,理工,公办,专科,湖北省,"[""双高计划""]"
1845,常德职业技术学院,湖南,常德市,,综合,公办,专科,湖南省,[]
1423,淄博职业技术大学,山东,淄博市,周村区,综合,公办,本科,山东省,"[""双高计划""]"
2624,兰州信息科技学院,甘肃,兰州市,七里河区,理工,民办,本科,甘肃省教育厅,[]
1665,汉口学院,湖北,武汉市,,综合,民办,本科,湖北省教育厅,[]
60,首都师范大学科德学院,北京,北京,大兴区,艺术,民办,本科,北京市教委,[]
1995,江门职业技术学院,广东,江门市,台山市,综合,公办,专科,广东省,[]
1993,广州工程技术职业学院,广东,广州市,,综合,公办,专科,广东省,[]
2258,四川文化艺术学院,四川,绵阳市,涪城区,艺术,民办,本科,四川省教育厅,[]
1173,闽西职业技术学院,福建,龙岩市,,综合,公办,专科,福建省,[]
1973,广东职业技术学院,广东,佛山市,禅城区,理工,公办,专科,广东省,"[""省属""]"
2010,广州科技贸易职业学院,广东,广州市,,综合,公办,专科,广东省,[]
1974,广东建设职业技术学院,广东,广州市,白云区,理工,公办,专科,广东省,"[""省属""]"
1755,武汉铁路桥梁职业学院,湖北,武汉市,江岸区,理工,公办,专科,湖北省,[]
1991,广东文艺职业学院,广东,广州市,番禺区,艺术,公办,专科,广东省,[]
261,承德护理职业学院,河北,承德市,,医药,公办,专科,河北省,[]
2621,兰州工商学院,甘肃,兰州市,榆中县,综合,民办,本科,甘肃省教育厅,"[""省属""]"
844,无锡商业职业技术学院,江苏,无锡市,,财经,公办,专科,江苏省,"[""省属"",""双高计划""]"
131,天津轻工职业技术学院,天津,天津,津南区,综合,公办,专科,天津市,"[""双高计划""]"
1192,福州科技职业技术学院,福建,福州市,,综合,民办,专科,福建省教育厅,[]
2179,重庆工程职业技术学院,重庆,重庆,江津区,理工,公办,专科,重庆市,"[""省属"",""双高计划""]"
729,上海科学技术职业学院,上海,上海,嘉定区,理工,公办,专科,上海市,[]
992,义乌工商职业技术学院,浙江,金华市,,综合,公办,专科,浙江省,[]
1876,湖南食品药品职业学院,湖南,长沙市,,医药,公办,专科,湖南省,[]
1830,邵阳职业技术学院,湖南,邵阳市,,综合,公办,专科,湖南省,[]
861,常州工程职业技术学院,江苏,常州市,,理工,公办,专科,江苏省,"[""省属"",""双高计划""]"
1217,泉州幼儿师范高等专科学校,福建,泉州市,,师范,公办,专科,福建省,[]
1690,文华学院,湖北,武汉市,,理工,民办,本科,湖北省教育厅,"[""省属""]"
127,天津电子信息职业技术学院,天津,天津,津南区,理工,公办,专科,天津市,"[""双高计划""]"
1844,岳阳职业技术学院,湖南,岳阳市,岳阳楼区,综合,公办,专科,湖南省,"[""双高计划""]"
847,江苏电子信息职业学院,江苏,淮安市,清江浦区,理工,公办,专科,江苏省,"[""省属""]"
2582,陕西警察学院,陕西,西安市,未央区,政法,公办,本科,陕西省,[]
891,苏州工业园区服务外包职业学院,江苏,苏州市,,理工,公办,专科,江苏省,[]
2135,海南经贸职业技术学院,海南,海口市,,财经,公办,专科,海南省,"[""双高计划""]"
2384,铜仁职业技术大学,贵州,铜仁市,碧江区,综合,公办,本科,贵州省,"[""省部共建"",""双高计划""]"
2542,西安外事学院,陕西,西安市,雁塔区,综合,民办,本科,陕西省教育厅,[]
2372,黔南民族医学高等专科学校,贵州,黔南布依族苗族自治州,都匀市,医药,公办,专科,贵州省,[]
216,河北软件职业技术学院,河北,保定市,,理工,公办,专科,河北省,"[""省重点""]"
1831,湖南司法警官职业学院,湖南,长沙市,,政法,公办,专科,湖南省,[]
472,辽宁何氏医学院,辽宁,沈阳市,浑南区,医药,民办,本科,辽宁省教育厅,[]
2118,梧州医学高等专科学校,广西,梧州市,龙圩区,医药,民办,专科,广西壮族自治区教育厅,[]
662,大庆医学高等专科学校,黑龙江,大庆市,,医药,公办,专科,黑龙江省,[]
2099,广西电力职业技术学院,广西,南宁市,,理工,公办,专科,广西壮族自治区,[]
2032,广东茂名幼儿师范专科学校,广东,茂名市,茂南区,师范,公办,专科,广东省,[]
1088,安徽城市管理职业学院,安徽,合肥市,合肥新站高新技术产业开发区,综合,公办,专科,安徽省,[]
86,北京劳动保障职业学院,北京,北京,朝阳区,财经,公办,专科,北京市,"[""双高计划""]"
129,天津现代职业技术学院,天津,天津,津南区,综合,公办,专科,天津市,"[""双高计划""]"
2169,重庆航天职业技术学院,重庆,重庆,渝北区,理工,公办,专科,重庆市,"[""双高计划""]"
2463,云南国防工业职业技术学院,云南,昆明市,,理工,公办,专科,云南省,[]
2028,惠州城市职业学院,广东,惠州市,,理工,公办,专科,广东省,[]
2290,雅安职业技术学院,四川,雅安市,雨城区,综合,公办,专科,四川省,[]
900,江苏航空职业技术学院,江苏,镇江市,,理工,公办,专科,江苏省,[]
821,连云港职业技术学院,江苏,连云港市,,理工,公办,专科,江苏省,[]
2330,达州中医药职业学院,四川,达州市,通川区,医药,公办,专科,四川省,[]
1965,广东新安职业技术学院,广东,深圳市,南山区,综合,民办,专科,广东省教育厅,[]
2317,成都工业职业技术学院,四川,成都市,,理工,公办,专科,四川省,[]
1370,青岛恒星科技学院,山东,青岛市,,综合,民办,本科,山东省教育厅,[]
646,哈尔滨铁道职业技术学院,黑龙江,哈尔滨市,平房区,理工,公办,专科,黑龙江省,"[""省部共建"",""双高计划""]"
498,辽宁轨道交通职业学院,辽宁,沈阳市,,理工,公办,专科,辽宁省,[]
1061,淮南联合大学,安徽,淮南市,,综合,公办,专科,安徽省,[]
2183,重庆工商职业学院,重庆,重庆,合川区,综合,公办,专科,重庆市,"[""双高计划""]"
967,宁波城市职业技术学院,浙江,宁波市,,综合,公办,专科,浙江省,[]
3071,上海科创职业技术学院,上海,上海,松江区,,公办,专科,,[]
2036,广东茂名农林科技职业学院,广东,茂名市,茂南区,农林,公办,专科,广东省,[]
1743,湖北科技职业学院,湖北,武汉市,,综合,公办,专科,湖北省,"[""省属""]"
1567,河南经贸职业学院,河南,郑州市,,财经,公办,专科,河南省,"[""省属""]"
2626,陇南师范学院,甘肃,陇南市,成县,师范,公办,本科,甘肃省,"[""省属""]"
846,南京交通职业技术学院,江苏,南京市,,理工,公办,专科,江苏省,"[""省属""]"
2084,广西职业技术学院,广西,南宁市,兴宁区,农林,公办,专科,广西壮族自治区,"[""双高计划""]"
1710,武汉工程职业技术学院,湖北,武汉市,,理工,公办,专科,湖北省,[]
85,北京经济管理职业学院,北京,北京,朝阳区,财经,公办,专科,北京市,[]
1104,安徽邮电职业技术学院,安徽,合肥市,,理工,公办,专科,安徽省,[]
2400,贵州农业职业学院,贵州,贵阳市,清镇市,农林,公办,专科,贵州省,[]
1734,长江工程职业技术学院,湖北,武汉市,江夏区,理工,公办,专科,湖北省,"[""省属""]"
238,保定电力职业技术学院,河北,保定市,,理工,公办,专科,河北省,[]
826,扬州职业技术大学,江苏,扬州市,广陵区,理工,公办,本科,江苏省,[]
649,哈尔滨职业技术大学,黑龙江,哈尔滨市,香坊区,综合,公办,本科,黑龙江省,"[""双高计划""]"
1218,闽江师范高等专科学校,福建,福州市,,师范,公办,专科,福建省,[]
1858,湖南理工职业技术学院,湖南,湘潭市,,综合,公办,专科,湖南省,[]
1544,许昌职业技术学院,河南,许昌市,魏都区,理工,公办,专科,河南省,"[""双高计划""]"
889,苏州信息职业技术学院,江苏,苏州市,虎丘区,理工,公办,专科,江苏省,[]
2571,陕西交通职业技术学院,陕西,西安市,,理工,公办,专科,陕西省,"[""省属""]"
1004,浙江汽车职业技术学院,浙江,台州市,,理工,民办,专科,浙江省教育厅,[]
2487,昆明铁道职业技术学院,云南,昆明市,,理工,公办,专科,云南省,[]
2020,广东环境保护工程职业学院,广东,佛山市,南海区,理工,公办,专科,广东省,"[""省属""]"
68,北京工业职业技术学院,北京,北京,石景山区,理工,公办,专科,北京市,"[""双高计划""]"
212,石家庄职业技术学院,河北,石家庄市,,综合,公办,专科,河北省,"[""双高计划""]"
1236,江西科技学院,江西,南昌市,,综合,民办,本科,江西省教育厅,"[""省属""]"
111,天津天狮学院,天津,天津,武清区,综合,民办,本科,天津市教委,[]
3031,上海南湖职业技术学院,上海,上海,虹口区,,公办,专科,上海市,[]
984,浙江工业职业技术学院,浙江,绍兴市,,综合,公办,专科,浙江省,"[""省属""]"
822,镇江市高等专科学校,江苏,镇江市,,理工,公办,专科,江苏省,[]
1193,泉州经贸职业技术学院,福建,泉州市,,财经,公办,专科,福建省,[]
1291,江西生物科技职业学院,江西,南昌市,南昌县,农林,公办,专科,江西省,[]
2270,四川水利职业技术学院,四川,成都市,崇州市,理工,公办,专科,四川省,[]
65,北京第二外国语学院中瑞酒店管理学院,北京,北京,大兴区,语言,民办,本科,北京市教委,[]
987,湖州职业技术学院,浙江,湖州市,,综合,公办,专科,浙江省,[]
1822,湖南生物机电职业技术学院,湖南,长沙市,,农林,公办,专科,湖南省,"[""双高计划""]"
1852,湖南民族职业学院,湖南,岳阳市,岳阳楼区,民族,公办,专科,湖南省,"[""省属""]"
989,衢州职业技术学院,浙江,衢州市,,理工,公办,专科,浙江省,[]
1713,湖北交通职业技术学院,湖北,武汉市,,理工,公办,专科,湖北省,"[""双高计划""]"
1694,武汉传媒学院,湖北,武汉市,江汉区,艺术,民办,本科,湖北省教育厅,[]
1006,浙江农业商贸职业学院,浙江,绍兴市,柯桥区,农林,公办,专科,浙江省,"[""省属"",""省部共建""]"
1723,武汉警官职业学院,湖北,武汉市,东西湖区,政法,公办,专科,湖北省,[]
2088,广西工业职业技术学院,广西,南宁市,,理工,公办,专科,广西壮族自治区,[]
2188,重庆财经职业学院,重庆,重庆,永川区,财经,公办,专科,重庆市,[]
1000,台州科技职业学院,浙江,台州市,,综合,公办,专科,浙江省,[]
1539,开封大学,河南,开封市,,综合,公办,专科,河南省,[]
1102,安徽审计职业学院,安徽,合肥市,,财经,公办,专科,安徽省,"[""省属""]"
845,江苏航运职业技术学院,江苏,南通市,南通经济技术开发区,理工,公办,专科,江苏省,"[""省属"",""双高计划""]"
860,常州工业职业技术学院,江苏,常州市,天宁区,理工,公办,专科,江苏省,"[""省属""]"
1871,湖南国防工业职业技术学院,湖南,湘潭市,雨湖区,理工,公办,专科,湖南省,"[""省属""]"
1978,汕尾职业技术学院,广东,汕尾市,城区,综合,公办,专科,广东省,[]
2139,海南体育职业技术学院,海南,海口市,琼山区,体育,公办,专科,海南省,[]
866,徐州工业职业技术学院,江苏,徐州市,,理工,公办,专科,江苏省,"[""省属"",""双高计划""]"
2172,重庆三峡职业学院,重庆,重庆,万州区,综合,公办,专科,重庆市,"[""双高计划""]"
2087,广西交通职业技术学院,广西,南宁市,,理工,公办,专科,广西壮族自治区,[]
219,河北政法职业学院,河北,石家庄市,新华区,政法,公办,专科,河北省,"[""省属""]"
1724,湖北生物科技职业学院,湖北,武汉市,,理工,公办,专科,湖北省,[]
2672,银川科技学院,宁夏,银川市,西夏区,综合,民办,本科,宁夏回族自治区教育厅,[]
831,泰州职业技术学院,江苏,泰州市,海陵区,理工,公办,专科,江苏省,[]
268,唐山幼儿师范高等专科学校,河北,唐山市,,师范,公办,专科,河北省,[]
1272,江西司法警官职业学院,江西,南昌市,,政法,公办,专科,江西省,[]
1400,日照职业技术学院,山东,日照市,东港区,综合,公办,专科,山东省,"[""双高计划""]"
520,辽宁医药职业学院,辽宁,沈阳市,,医药,公办,专科,辽宁省,[]
1975,广东女子职业技术学院,广东,广州市,海珠区,综合,公办,专科,广东省,[]
254,石家庄人民医学高等专科学校,河北,石家庄市,桥西区,医药,民办,专科,河北省教育厅,[]
898,江苏财会职业学院,江苏,连云港市,海州区,财经,公办,专科,江苏省,"[""省属""]"
717,上海行健职业学院,上海,上海,静安区,财经,公办,专科,上海市,[]
2275,四川机电职业技术学院,四川,攀枝花市,东区,理工,公办,专科,四川省,"[""国重点""]"
2039,湛江幼儿师范专科学校,广东,湛江市,麻章区,师范,公办,专科,广东省,[]
2182,重庆水利电力职业技术学院,重庆,重庆,永川区,理工,公办,专科,重庆市,"[""省属""]"
2037,广东江门幼儿师范高等专科学校,广东,江门市,江海区,师范,公办,专科,广东省,[]
1732,武汉交通职业学院,湖北,武汉市,,理工,公办,专科,湖北省,"[""省属""]"
72,北京交通职业技术学院,北京,北京,昌平区,理工,公办,专科,北京市,[]
1836,郴州职业技术学院,湖南,郴州市,苏仙区,综合,公办,专科,湖南省,[]
1205,厦门软件职业技术学院,福建,厦门市,,综合,民办,专科,福建省教育厅,[]
234,河北交通职业技术学院,河北,石家庄市,,理工,公办,专科,河北省,"[""省属""]"
458,沈阳工学院,辽宁,抚顺市,望花区,理工,民办,本科,辽宁省教育厅,[]
1458,青岛远洋船员职业学院,山东,青岛市,,综合,公办,专科,山东省,[]
1288,江西工业贸易职业技术学院,江西,南昌市,,综合,公办,专科,江西省,[]
2281,达州职业技术学院,四川,达州市,通川区,综合,公办,专科,四川省,[]
358,山西卫生健康职业学院,山西,晋中市,榆次区,医药,公办,专科,山西省,"[""省属""]"
1684,湖北恩施学院,湖北,恩施土家族苗族自治州,恩施市,综合,民办,本科,湖北省教育厅,[]
1569,河南农业职业学院,河南,郑州市,中牟县,农林,公办,专科,河南省,"[""双高计划""]"
1718,湖北三峡职业技术学院,湖北,宜昌市,西陵区,理工,公办,专科,湖北省,[]
2389,贵阳职业技术学院,贵州,贵阳市,观山湖区,理工,公办,专科,贵州省,[]
2671,银川能源学院,宁夏,银川市,,理工,民办,本科,宁夏回族自治区教育厅,[]
1008,浙江安防职业技术学院,浙江,温州市,,政法,公办,专科,浙江省,"[""省部共建""]"
1553,河南工业职业技术学院,河南,南阳市,宛城区,理工,公办,专科,河南省,"[""双高计划""]"
1698,黄冈职业技术学院,湖北,黄冈市,,理工,公办,专科,湖北省,"[""省属"",""双高计划""]"
893,徐州生物工程职业技术学院,江苏,徐州市,,理工,公办,专科,江苏省,[]
1986,清远职业技术学院,广东,清远市,清城区,综合,公办,专科,广东省,[]
2273,四川航天职业技术学院,四川,成都市,,理工,公办,专科,四川省,"[""省部共建""]"
1861,湖南水利水电职业技术学院,湖南,长沙市,长沙县,理工,公办,专科,湖南省,"[""省属""]"
2470,保山中医药高等专科学校,云南,保山市,,医药,公办,专科,云南省,[]
863,江苏食品药品职业技术学院,江苏,淮安市,,理工,公办,专科,江苏省,"[""省属"",""双高计划""]"
2082,广西水利电力职业技术学院,广西,南宁市,,理工,公办,专科,广西壮族自治区,[]
1197,福建艺术职业学院,福建,福州市,闽侯县,艺术,公办,专科,福建省,"[""省属""]"
1848,湖南化工职业技术学院,湖南,株洲市,,理工,公办,专科,湖南省,"[""省属"",""双高计划""]"
2142,海南卫生健康职业学院,海南,海口市,秀英区,医药,公办,专科,海南省,"[""省属""]"
1879,湖南幼儿师范高等专科学校,湖南,常德市,武陵区,师范,公办,专科,湖南省,[]
128,天津机电职业技术学院,天津,天津,津南区,理工,公办,专科,天津市,[]
2554,西安工商学院,陕西,西安市,高陵区,综合,民办,本科,陕西省教育厅,[]
1996,茂名职业技术学院,广东,茂名市,,理工,公办,专科,广东省教育厅,[]
2302,四川财经职业学院,四川,成都市,,财经,公办,专科,四川省,"[""省属""]"
1318,江西师范高等专科学校,江西,鹰潭市,,师范,公办,专科,江西省,[]
1834,湖南邮电职业技术学院,湖南,长沙市,,理工,公办,专科,湖南省,[]
1825,湖南体育职业学院,湖南,长沙市,,体育,公办,专科,湖南省,[]
1122,皖西卫生职业学院,安徽,六安市,,医药,公办,专科,安徽省,[]
1859,湖南汽车工程职业大学,湖南,株洲市,石峰区,理工,公办,本科,湖南省,"[""双高计划""]"
373,内蒙古鸿德文理学院,内蒙古,呼和浩特市,新城区,师范,民办,本科,内蒙古自治区教育厅,[]
1276,江西环境工程职业学院,江西,赣州市,,农林,公办,专科,江西省,"[""省属"",""双高计划""]"
2725,新疆铁道职业技术学院,新疆,乌鲁木齐市,天山区,理工,公办,专科,新疆维吾尔自治区,[]
2443,昆明城市学院,云南,昆明市,嵩明县,综合,民办,本科,云南省教育厅,[]
2190,重庆建筑工程职业学院,重庆,重庆,南岸区,理工,公办,专科,重庆市,[]
2038,广东财贸职业学院,广东,清远市,清新区,财经,公办,专科,广东省,"[""省属""]"
236,石家庄信息工程职业学院,河北,石家庄市,,综合,公办,专科,河北省,[]
2289,乐山职业技术学院,四川,乐山市,市中区,综合,公办,专科,四川省,[]
546,吉林体育学院,吉林,长春市,南关区,体育,公办,本科,吉林省,[]
1321,萍乡卫生职业学院,江西,萍乡市,安源区,医药,公办,专科,江西省,[]
1960,私立华联学院,广东,广州市,天河区,综合,民办,专科,广东省教育厅,[]
1086,安徽电气工程职业技术学院,安徽,合肥市,,理工,公办,专科,安徽省,"[""省属""]"
1274,江西旅游商贸职业学院,江西,南昌市,,财经,公办,专科,江西省,"[""省部共建""]"
1540,焦作大学,河南,焦作市,解放区,综合,公办,专科,河南省,[]
1980,阳江职业技术学院,广东,阳江市,,综合,公办,专科,广东省,[]
1821,湖南科技职业学院,湖南,长沙市,雨花区,综合,公办,专科,湖南省,"[""省属""]"
1403,威海职业学院,山东,威海市,威海火炬高技术产业开发区,综合,公办,专科,山东省,"[""双高计划""]"
1984,揭阳职业技术学院,广东,揭阳市,榕城区,综合,公办,专科,广东省,[]
1979,罗定职业技术学院,广东,云浮市,,综合,公办,专科,广东省,[]
2441,丽江文化旅游学院,云南,丽江市,古城区,综合,民办,本科,云南省教育厅,[]
713,上海旅游高等专科学校,上海,上海,奉贤区,财经,公办,专科,上海市,[]
997,杭州万向职业技术学院,浙江,杭州市,,综合,民办,专科,浙江省教育厅,[]
1523,中原科技学院,河南,郑州市,中牟县,师范,民办,本科,河南省教育厅,[]
1992,广州体育职业技术学院,广东,广州市,天河区,体育,公办,专科,广东省,[]
1826,湖南工程职业技术学院,湖南,长沙市,,理工,公办,专科,湖南省,[]
1994,中山火炬职业技术学院,广东,中山市,,理工,公办,专科,广东省,"[""双高计划""]"
2115,广西安全工程职业技术学院,广西,南宁市,,理工,公办,专科,广西壮族自治区,"[""省部共建""]"
1752,武汉海事职业学院,湖北,武汉市,,综合,公办,专科,湖北省,[]
895,南通师范高等专科学校,江苏,南通市,南通经济技术开发区,师范,公办,专科,江苏省,"[""省属""]"
1114,马鞍山职业技术学院,安徽,马鞍山市,,理工,公办,专科,安徽省,[]
1129,皖北卫生职业学院,安徽,宿州市,,医药,公办,专科,安徽省,[]
316,山西机电职业技术学院,山西,长治市,,理工,公办,专科,山西省,"[""省属"",""双高计划""]"
2464,云南机电职业技术学院,云南,昆明市,盘龙区,理工,公办,专科,云南省,"[""双高计划""]"
1418,山东水利职业学院,山东,日照市,,理工,公办,专科,山东省,"[""省属""]"
313,山西药科职业学院,山西,太原市,,医药,公办,专科,山西省,"[""省属""]"
2309,四川卫生康复职业学院,四川,自贡市,沿滩区,医药,公办,专科,四川省,[]
1837,娄底职业技术学院,湖南,娄底市,娄星区,综合,公办,专科,湖南省,[]
1829,湖南网络工程职业学院,湖南,长沙市,,综合,公办,专科,湖南省,"[""省属""]"
2109,广西卫生职业技术学院,广西,南宁市,兴宁区,医药,公办,专科,广西壮族自治区,[]
1602,河南医学高等专科学校,河南,郑州市,,医药,公办,专科,河南省,[]
1188,闽北职业技术学院,福建,南平市,,综合,公办,专科,福建省,[]
2173,重庆工贸职业技术学院,重庆,重庆,涪陵区,综合,公办,专科,重庆市,[]
901,江苏安全技术职业学院,江苏,徐州市,,理工,公办,专科,江苏省,"[""省属""]"
976,浙江艺术职业学院,浙江,杭州市,上城区,艺术,公办,专科,浙江省,"[""省属"",""双高计划""]"
873,无锡城市职业技术学院,江苏,无锡市,惠山区,财经,公办,专科,江苏省,[]
251,石家庄医学高等专科学校,河北,石家庄市,灵寿县,医药,民办,专科,河北省教育厅,[]
350,朔州师范高等专科学校,山西,朔州市,,师范,公办,专科,山西省,[]
2417,贵州航空职业技术学院,贵州,贵阳市,花溪区,理工,公办,专科,贵州省,[]
1107,安庆医药高等专科学校,安徽,安庆市,,医药,公办,专科,安徽省,[]
1854,湖南财经工业职业技术学院,湖南,衡阳市,,财经,公办,专科,湖南省,[]
1673,武汉文理学院,湖北,武汉市,黄陂区,综合,民办,本科,湖北省教育厅,[]
825,沙洲职业工学院,江苏,苏州市,,理工,公办,专科,江苏省,[]
2319,成都工贸职业技术学院,四川,成都市,,综合,公办,专科,四川省,[]
1824,湖南商务职业技术学院,湖南,长沙市,,财经,公办,专科,湖南省,"[""省属""]"
827,连云港师范学院,江苏,连云港市,海州区,师范,公办,本科,江苏省,[]
1742,三峡电力职业学院,湖北,宜昌市,,理工,公办,专科,湖北省,[]
130,天津警察学院,天津,天津,西青区,政法,公办,本科,天津市,[]
2193,重庆商务职业学院,重庆,重庆,沙坪坝区,财经,公办,专科,重庆市,[]
2181,重庆城市职业学院,重庆,重庆,永川区,综合,公办,专科,重庆市,[]
2565,陕西农林职业技术大学,陕西,咸阳市,杨陵区,农林,公办,本科,陕西省,"[""省属"",""双高计划""]"
248,河北司法警官职业学院,河北,邯郸市,,政法,公办,专科,河北省,[]
2446,昆明传媒学院,云南,昆明市,呈贡区,艺术,民办,本科,云南省教育厅,[]
663,黑龙江交通职业技术学院,黑龙江,齐齐哈尔市,龙沙区,理工,公办,专科,黑龙江省,"[""省属""]"
1695,武汉设计工程学院,湖北,武汉市,,艺术,民办,本科,湖北省教育厅,[]
3135,上海浦东职业技术学院,上海,上海,浦东新区,,公办,专科,,[]
263,廊坊卫生职业学院,河北,廊坊市,,医药,公办,专科,河北省,[]
1976,广东机电职业技术学院,广东,广州市,,理工,公办,专科,广东省,"[""双高计划""]"
1424,山东外贸职业学院,山东,青岛市,,财经,公办,专科,山东省,"[""省属""]"
356,山西通用航空职业技术学院,山西,大同市,云州区,理工,公办,专科,山西省,[]
1059,淮北职业技术学院,安徽,淮北市,,综合,公办,专科,安徽省,"[""省属""]"
1981,河源职业技术学院,广东,河源市,源城区,综合,公办,专科,广东省,[]
1279,江西信息应用职业技术学院,江西,南昌市,,理工,公办,专科,江西省,[]
2588,汉中职业技术学院,陕西,汉中市,,综合,公办,专科,陕西省,[]
2334,资阳口腔职业学院,四川,资阳市,雁江区,医药,民办,专科,四川省教育厅,[]
2545,西安思源学院,陕西,西安市,,综合,民办,本科,陕西省教育厅,"[""省属""]"
2585,咸阳职业技术学院,陕西,咸阳市,,综合,公办,专科,陕西省,"[""双高计划""]"
1285,江西机电职业技术学院,江西,南昌市,,理工,公办,专科,江西省,"[""省属""]"
887,南京旅游职业学院,江苏,南京市,,财经,公办,专科,江苏省,"[""省属""]"
1067,安徽警官职业学院,安徽,合肥市,,政法,公办,专科,安徽省,"[""省属""]"
1264,江西软件职业技术大学,江西,南昌市,湾里区,理工,民办,本科,江西省教育厅,[]
1827,保险职业学院,湖南,长沙市,,财经,公办,专科,湖南省,[]
2132,海南软件职业技术学院,海南,省直辖县级行政区划,琼海市,理工,公办,专科,海南省,[]
874,无锡工艺职业技术学院,江苏,无锡市,,艺术,公办,专科,江苏省,"[""省属""]"
1715,武汉航海职业技术学院,湖北,武汉市,江汉区,理工,公办,专科,湖北省,[]
474,大连东软信息学院,辽宁,大连市,甘井子区,理工,民办,本科,辽宁省教育厅,[]
1721,湖北水利水电职业技术学院,湖北,武汉市,,理工,公办,专科,湖北省,[]
235,河北化工医药职业技术学院,河北,石家庄市,裕华区,理工,公办,专科,河北省,"[""省属"",""双高计划""]"
1838,张家界航空工业职业技术学院,湖南,张家界市,永定区,理工,公办,专科,湖南省,"[""省属""]"
1712,湖北轻工职业技术学院,湖北,武汉市,,理工,公办,专科,湖北省,"[""省属""]"
1314,江西水利职业学院,江西,南昌市,青山湖区,理工,公办,专科,江西省,"[""省属""]"
1249,南昌工学院,江西,南昌市,,理工,民办,本科,江西省教育厅,[]
876,苏州健雄职业技术学院,江苏,苏州市,,理工,公办,专科,江苏省,[]
2271,南充职业技术学院,四川,南充市,,综合,公办,专科,四川省,[]
878,江苏财经职业技术学院,江苏,淮安市,,财经,公办,专科,江苏省,"[""省属""]"
572,吉林交通职业技术学院,吉林,长春市,,理工,公办,专科,吉林省,"[""双高计划""]"
1185,福州英华职业学院,福建,福州市,鼓楼区,语言,民办,专科,福建省教育厅,[]
2385,黔西南民族职业技术学院,贵州,黔西南布依族苗族自治州,兴义市,综合,公办,专科,贵州省,[]
2293,广安职业技术学院,四川,广安市,广安区,综合,公办,专科,四川省,"[""省部共建""]"
478,朝阳师范学院,辽宁,朝阳市,双塔区,师范,公办,本科,辽宁省,[]
2576,宝鸡职业技术学院,陕西,宝鸡市,金台区,师范,公办,专科,陕西省,[]
839,南通科技职业学院,江苏,南通市,崇川区,农林,公办,专科,江苏省,[]
461,沈阳城市建设学院,辽宁,沈阳市,,理工,民办,本科,辽宁省教育厅,[]
2577,陕西航空职业技术学院,陕西,汉中市,,理工,公办,专科,陕西省,"[""省属""]"
2276,绵阳职业技术学院,四川,绵阳市,游仙区,综合,公办,专科,四川省,[]
488,辽宁省交通高等专科学校,辽宁,沈阳市,,理工,公办,专科,辽宁省,"[""省属"",""双高计划""]"
818,江苏建筑职业技术学院,江苏,徐州市,,理工,公办,专科,江苏省,"[""省属"",""双高计划""]"
2453,昆明工业职业技术学院,云南,昆明市,,理工,公办,专科,云南省,"[""双高计划""]"
2657,青海卫生职业技术学院,青海,西宁市,,医药,公办,专科,青海省,"[""省重点""]"
75,北京政法职业学院,北京,北京,大兴区,政法,公办,专科,北京市,[]
2374,贵州航天职业技术学院,贵州,遵义市,红花岗区,理工,公办,专科,贵州省,[]
2195,重庆化工职业学院,重庆,重庆,江北区,理工,公办,专科,重庆市,[]
2285,宜宾职业技术学院,四川,宜宾市,,综合,公办,专科,四川省,[]
842,苏州托普信息职业技术学院,江苏,苏州市,,理工,民办,专科,江苏省教育厅,[]
323,山西职业技术学院,山西,太原市,,理工,公办,专科,山西省,"[""省属"",""双高计划""]"
1080,合肥职业技术学院,安徽,合肥市,蜀山区,综合,公办,专科,安徽省,[]
2415,贵州财经职业学院,贵州,贵阳市,清镇市,财经,公办,专科,贵州省,[]
635,黑龙江职业学院,黑龙江,哈尔滨市,南岗区,综合,公办,专科,黑龙江省,"[""省属"",""双高计划""]"
1556,河南检察职业学院,河南,郑州市,,政法,公办,专科,河南省,"[""省属""]"
2331,内江卫生与健康职业学院,四川,内江市,东兴区,医药,公办,专科,四川省,[]
2269,四川化工职业技术学院,四川,泸州市,,理工,公办,专科,四川省,"[""省属""]"
2570,陕西财经职业技术学院,陕西,咸阳市,,财经,公办,专科,陕西省,"[""省属""]"
1076,安徽交通职业技术学院,安徽,合肥市,,理工,公办,专科,安徽省,[]
1094,安徽国防科技职业学院,安徽,六安市,,理工,公办,专科,安徽省,[]
2203,重庆幼儿师范高等专科学校,重庆,重庆,万州区,师范,公办,专科,重庆市,[]
1862,湖南现代物流职业技术学院,湖南,长沙市,芙蓉区,综合,公办,专科,湖南省,"[""省重点""]"
1736,武汉民政职业学院,湖北,武汉市,洪山区,政法,公办,专科,湖北省,"[""省属""]"
2204,重庆文化艺术职业学院,重庆,重庆,巴南区,艺术,公办,专科,重庆市,[]
902,江苏旅游职业学院,江苏,扬州市,,综合,公办,专科,江苏省,"[""省属""]"
1433,济南职业学院,山东,济南市,,综合,公办,专科,山东省,"[""双高计划""]"
1849,湖南城建职业技术学院,湖南,湘潭市,,理工,公办,专科,湖南省,[]
2301,四川文化产业职业学院,四川,成都市,,综合,公办,专科,四川省,[]
1750,湖北幼儿师范高等专科学校,湖北,武汉市,江夏区,师范,公办,专科,湖北省,"[""省属""]"
2085,柳州职业技术大学,广西,柳州市,鱼峰区,综合,公办,本科,广西壮族自治区,"[""双高计划""]"
1598,洛阳职业技术学院,河南,洛阳市,洛龙区,综合,公办,专科,河南省,[]
1745,湖北工程职业学院,湖北,黄石市,,理工,公办,专科,湖北省,[]
574,吉林司法警官职业学院,吉林,长春市,,政法,公办,专科,吉林省,[]
2197,重庆安全技术职业学院,重庆,重庆,万州区,理工,公办,专科,重庆市,"[""省部共建""]"
1699,长江职业学院,湖北,武汉市,江汉区,理工,公办,专科,湖北省,"[""省属""]"
3073,上海闵行职业技术学院,上海,上海,闵行区,,公办,专科,上海市闵行区人民政府,[]
1315,宜春幼儿师范高等专科学校,江西,宜春市,,师范,公办,专科,江西省,[]
1446,山东药品食品职业学院,山东,威海市,,医药,公办,专科,山东省,"[""省属""]"
2399,毕节幼儿师范高等专科学校,贵州,毕节市,七星关区,师范,公办,专科,贵州省,[]
2567,陕西能源职业技术学院,陕西,咸阳市,,理工,公办,专科,陕西省,"[""省属"",""双高计划""]"
1268,江西工业职业技术学院,江西,南昌市,青山湖区,综合,公办,专科,江西省,[]
1099,安徽国际商务职业学院,安徽,合肥市,,财经,公办,专科,安徽省,[]
1427,青岛港湾职业技术学院,山东,青岛市,,理工,公办,专科,山东省,"[""省属""]"
1571,郑州职业技术学院,河南,郑州市,,理工,公办,专科,河南省,[]
1296,江西制造职业技术学院,江西,南昌市,,综合,公办,专科,江西省,"[""省属""]"
1207,漳州城市职业学院,福建,漳州市,,综合,公办,专科,福建省,[]
308,山西省财政税务专科学校,山西,太原市,万柏林区,财经,公办,专科,山西省,"[""双高计划""]"
1426,山东信息职业技术学院,山东,潍坊市,,理工,公办,专科,山东省,"[""省属""]"
2590,渭南职业技术学院,陕西,渭南市,,综合,公办,专科,陕西省,[]
2187,重庆青年职业技术学院,重庆,重庆,北碚区,综合,公办,专科,重庆市,[]
1551,河南司法警官职业学院,河南,郑州市,,政法,公办,专科,河南省,"[""省属""]"
255,河北正定师范高等专科学校,河北,石家庄市,正定县,综合,公办,专科,河北省,[]
2272,内江职业技术学院,四川,内江市,东兴区,综合,公办,专科,四川省,[]
1248,南昌职业大学,江西,南昌市,湾里区,综合,民办,本科,江西省教育厅,[]
2547,陕西服装工程学院,陕西,咸阳市,,综合,民办,本科,陕西省教育厅,[]
589,吉林水利电力职业学院,吉林,长春市,,综合,公办,专科,吉林省,"[""省属""]"
668,黑龙江护理高等专科学校,黑龙江,哈尔滨市,,医药,公办,专科,黑龙江省,[]
2134,海南外国语职业学院,海南,省直辖县级行政区划,文昌市,语言,公办,专科,海南省,[]
2278,四川工商职业技术学院,四川,成都市,武侯区,理工,公办,专科,四川省,[]
1568,河南交通职业技术学院,河南,郑州市,,理工,公办,专科,河南省,[]
643,黑龙江司法警官职业学院,黑龙江,哈尔滨市,南岗区,政法,公办,专科,黑龙江省,[]
3039,吉林通用航空职业技术学院,吉林,吉林市,吉林高新技术产业开发区,,公办,专科,吉林省,[]
322,临汾职业技术学院,山西,临汾市,,综合,公办,专科,山西省,[]
1740,湖北国土资源职业学院,湖北,武汉市,武昌区,综合,公办,专科,湖北省,"[""省属""]"
1603,郑州财税金融职业学院,河南,郑州市,郑州航空港经济综合实验区,财经,公办,专科,河南省,[]
2414,贵州机电职业技术学院,贵州,黔南布依族苗族自治州,都匀市,综合,公办,专科,贵州省,[]
1202,宁德职业技术学院,福建,宁德市,,综合,公办,专科,福建省,[]
1064,阜阳职业技术学院,安徽,阜阳市,,理工,公办,专科,安徽省,[]
1865,湖南安全技术职业学院,湖南,长沙市,长沙县,综合,公办,专科,湖南省,"[""省部共建""]"
483,大连职业技术学院,辽宁,大连市,庄河市,综合,公办,专科,辽宁省,[]
2089,广西国际商务职业技术学院,广西,南宁市,,财经,公办,专科,广西壮族自治区,[]
1216,厦门安防科技职业学院,福建,厦门市,,综合,民办,专科,福建省教育厅,[]
1983,汕头职业技术学院,广东,汕头市,龙湖区,综合,公办,专科,广东省,[]
1843,怀化职业技术学院,湖南,怀化市,,综合,公办,专科,湖南省,[]
1175,福建华南女子职业学院,福建,福州市,,综合,民办,专科,福建省教育厅,[]
2439,云南经济管理学院,云南,昆明市,安宁市,财经,民办,本科,云南省教育厅,[]
2708,克拉玛依职业技术学院,新疆,克拉玛依市,克拉玛依区,理工,公办,专科,新疆维吾尔自治区,[]
1209,厦门东海职业技术学院,福建,厦门市,,理工,民办,专科,福建省教育厅,[]
2079,广西机电职业技术学院,广西,南宁市,兴宁区,理工,公办,专科,广西壮族自治区,[]
2675,宁夏职业技术大学,宁夏,银川市,西夏区,综合,公办,本科,宁夏回族自治区,"[""省属"",""双高计划""]"
2579,陕西邮电职业技术学院,陕西,咸阳市,,理工,公办,专科,陕西省,[]
138,天津工业职业学院,天津,天津,北辰区,理工,公办,专科,天津市,[]
2602,陕西机电职业技术学院,陕西,宝鸡市,,理工,公办,专科,陕西省,"[""省属""]"
634,牡丹江大学,黑龙江,牡丹江市,爱民区,综合,公办,专科,黑龙江省,[]
1126,安徽粮食工程职业学院,安徽,合肥市,,理工,公办,专科,安徽省,[]
2315,川南幼儿师范高等专科学校,四川,内江市,隆昌市,师范,公办,专科,四川省,[]
1957,潮汕职业技术学院,广东,揭阳市,,综合,民办,专科,广东省教育厅,[]
3070,上海现代化工职业学院,上海,上海,金山区,,公办,专科,上海市金山区人民政府,[]
1073,六安职业技术学院,安徽,六安市,,理工,公办,专科,安徽省,[]
1211,漳州理工职业学院,福建,漳州市,,理工,民办,专科,福建省教育厅,[]
1711,仙桃职业学院,湖北,省直辖县级行政区划,仙桃市,理工,公办,专科,湖北省,"[""省属""]"
71,北京京北职业技术学院,北京,北京,怀柔区,理工,公办,专科,北京市,[]
2705,新疆农业职业技术大学,新疆,昌吉回族自治州,昌吉市,农林,公办,本科,新疆维吾尔自治区,"[""双高计划""]"
1324,南昌健康职业技术学院,江西,南昌市,南昌县,综合,公办,专科,江西省,[]
503,渤海船舶职业学院,辽宁,葫芦岛市,兴城市,理工,公办,专科,辽宁省,"[""双高计划""]"
1558,郑州信息科技职业学院,河南,郑州市,金水区,理工,公办,专科,河南省,[]
399,包头铁道职业技术学院,内蒙古,包头市,东河区,理工,公办,专科,内蒙古自治区,[]
2586,西安职业技术学院,陕西,西安市,,综合,公办,专科,陕西省,[]
1120,滁州城市职业学院,安徽,滁州市,,财经,公办,专科,安徽省,[]
1060,芜湖职业技术大学,安徽,芜湖市,弋江区,理工,公办,本科,安徽省,"[""双高计划""]"
1402,青岛职业技术学院,山东,青岛市,,综合,公办,专科,山东省,"[""省属"",""双高计划""]"
500,辽宁机电职业技术学院,辽宁,丹东市,,理工,公办,专科,辽宁省,"[""双高计划""]"
229,唐山工业职业技术大学,河北,唐山市,曹妃甸区,理工,公办,本科,河北省,"[""双高计划""]"
636,黑龙江建筑职业技术学院,黑龙江,哈尔滨市,,理工,公办,专科,黑龙江省,"[""双高计划""]"
132,天津商务职业学院,天津,天津,津南区,财经,公办,专科,天津市,"[""省属""]"
124,天津滨海职业学院,天津,天津,滨海新区,综合,公办,专科,天津市,[]
2678,宁夏警官职业学院,宁夏,银川市,西夏区,政法,公办,专科,宁夏回族自治区,[]
1525,安阳学院,河南,安阳市,文峰区,综合,民办,本科,河南省教育厅,[]
3120,新疆司法警官职业学院,新疆,乌鲁木齐市,天山区,,公办,专科,新疆维吾尔自治区,[]
1219,泉州工程职业技术学院,福建,泉州市,,理工,民办,专科,福建省教育厅,[]
2681,宁夏幼儿师范高等专科学校,宁夏,银川市,兴庆区,师范,公办,专科,宁夏回族自治区,[]
2505,拉萨师范学院,西藏,拉萨市,城关区,综合,公办,本科,西藏自治区,"[""省属""]"
1570,郑州旅游职业学院,河南,郑州市,管城回族区,综合,公办,专科,河南省,[]
1460,济南护理职业学院,山东,济南市,历城区,医药,公办,专科,山东省,[]
2632,甘肃警察学院,甘肃,兰州市,城关区,政法,公办,本科,甘肃省公安厅,[]
852,太湖创意职业技术学院,江苏,无锡市,,理工,民办,专科,江苏省教育厅,[]
2644,甘肃卫生职业学院,甘肃,兰州市,兰州新区,医药,公办,专科,甘肃省,[]
575,吉林电子信息职业技术学院,吉林,吉林市,永吉县,理工,公办,专科,吉林省,"[""省属""]"
2196,重庆旅游职业学院,重庆,重庆,黔江区,综合,公办,专科,重庆市,[]
1070,合肥通用职业技术学院,安徽,合肥市,,理工,公办,专科,安徽省,[]
879,扬州工业职业技术学院,江苏,扬州市,,理工,公办,专科,江苏省,"[""省属""]"
1111,蚌埠经济技术职业学院,安徽,蚌埠市,,财经,民办,专科,安徽省教育厅,[]
2286,泸州职业技术学院,四川,泸州市,龙马潭区,综合,公办,专科,四川省,[]
1121,安徽汽车职业技术学院,安徽,合肥市,,理工,公办,专科,安徽省,[]
1412,滨州职业学院,山东,滨州市,滨城区,综合,公办,专科,山东省,"[""双高计划""]"
894,江苏商贸职业学院,江苏,南通市,崇川区,综合,公办,专科,江苏省,"[""省属""]"
145,天津海运职业学院,天津,天津,津南区,综合,公办,专科,天津市,[]
2092,广西建设职业技术学院,广西,南宁市,青秀区,理工,公办,专科,广西壮族自治区,"[""双高计划""]"
2110,广西培贤国际职业学院,广西,百色市,,综合,民办,专科,广西壮族自治区教育厅,[]
1709,荆州职业技术学院,湖北,荆州市,荆州区,理工,公办,专科,湖北省,[]
1081,滁州职业技术学院,安徽,滁州市,,理工,公办,专科,安徽省,"[""省属""]"
3043,重庆工信职业学院,重庆,重庆,长寿区,,公办,专科,重庆市,[]
2308,川北幼儿师范高等专科学校,四川,广元市,,师范,公办,专科,四川省,[]
2396,黔南民族幼儿师范高等专科学校,贵州,黔南布依族苗族自治州,贵定县,师范,公办,专科,贵州省,"[""省重点""]"
1576,河南建筑职业技术学院,河南,郑州市,二七区,理工,公办,专科,河南省,"[""省属""]"
2015,广州城建职业学院,广东,广州市,从化区,理工,民办,专科,广东省教育厅,[]
1597,河南推拿职业学院,河南,洛阳市,洛龙区,医药,公办,专科,河南省,[]
3095,邵阳工业职业技术学院,湖南,邵阳市,大祥区,,公办,专科,邵阳市人民政府,[]
1095,安庆职业技术学院,安徽,安庆市,,理工,公办,专科,安徽省,"[""省属""]"
137,天津交通职业学院,天津,天津,西青区,理工,公办,专科,天津市,"[""双高计划""]"
2103,广西工程职业学院,广西,百色市,右江区,理工,民办,专科,广西壮族自治区教育厅,[]
1546,河南水利与环境职业学院,河南,郑州市,,综合,公办,专科,河南省,"[""省属""]"
1278,鹰潭职业技术学院,江西,鹰潭市,,综合,公办,专科,江西省,[]
1467,威海海洋职业学院,山东,威海市,荣成市,综合,公办,专科,山东省,[]
2375,贵州电子信息职业技术学院,贵州,黔东南苗族侗族自治州,凯里市,理工,公办,专科,贵州省,"[""省属""]"
1381,山东外国语职业技术大学,山东,日照市,东港区,语言,民办,本科,山东省教育厅,[]
877,盐城工业职业技术学院,江苏,盐城市,,理工,公办,专科,江苏省,"[""省属""]"
2454,云南农业职业技术学院,云南,昆明市,,农林,公办,专科,云南省,[]
3072,上海建设管理职业技术学院,上海,上海,青浦区,,公办,专科,上海市住房和城乡建设管理委员会,[]
218,河北建材职业技术学院,河北,秦皇岛市,海港区,理工,公办,专科,河北省,"[""省属""]"
2636,甘肃交通职业技术学院,甘肃,兰州市,,理工,公办,专科,甘肃省,"[""省属""]"
1118,桐城师范高等专科学校,安徽,安庆市,,师范,公办,专科,安徽省,[]
2593,陕西青年职业学院,陕西,西安市,,综合,公办,专科,陕西省,[]
1877,湖南有色金属职业技术学院,湖南,株洲市,,综合,公办,专科,湖南省,"[""省部共建""]"
1588,河南应用技术职业学院,河南,郑州市,,理工,公办,专科,河南省,"[""省属""]"
1074,安徽电子信息职业技术学院,安徽,蚌埠市,,理工,公办,专科,安徽省,[]
1839,长沙环境保护职业技术学院,湖南,长沙市,,理工,公办,专科,湖南省,"[""省部共建""]"
647,大兴安岭职业学院,黑龙江,大兴安岭地区,加格达奇区,综合,公办,专科,黑龙江省,[]
271,邯郸幼儿师范高等专科学校,河北,邯郸市,武安市,师范,公办,专科,河北省,[]
814,盐城幼儿师范高等专科学校,江苏,盐城市,,师范,公办,专科,江苏省,[]
1741,湖北生态工程职业技术学院,湖北,武汉市,,综合,公办,专科,湖北省,[]
1208,厦门南洋职业学院,福建,厦门市,,综合,民办,专科,福建省教育厅,[]
126,天津渤海职业技术学院,天津,天津,北辰区,综合,公办,专科,天津市,"[""双高计划""]"
1832,长沙商贸旅游职业技术学院,湖南,长沙市,,财经,公办,专科,湖南省,"[""双高计划""]"
2706,乌鲁木齐职业大学,新疆,乌鲁木齐市,天山区,理工,公办,本科,新疆维吾尔自治区,[]
570,长春金融高等专科学校,吉林,长春市,,财经,公办,专科,吉林省,[]
1297,江西工程职业学院,江西,南昌市,西湖区,综合,公办,专科,江西省,[]
1200,泉州工艺美术职业学院,福建,泉州市,,艺术,公办,专科,福建省,[]
139,天津石油职业技术学院,天津,天津,滨海新区,理工,公办,专科,天津市,[]
1448,山东轻工职业学院,山东,淄博市,,理工,公办,专科,山东省,[]
3059,重庆五一职业技术学院,重庆,重庆,巴南区,,公办,专科,重庆市人力资源和社会保障局,[]
1737,湖北黄冈应急管理职业技术学院,湖北,黄冈市,黄州区,理工,公办,专科,湖北省,[]
1097,马鞍山师范高等专科学校,安徽,马鞍山市,,师范,公办,专科,安徽省,[]
484,辽宁农业职业技术学院,辽宁,营口市,,农林,公办,专科,辽宁省,"[""省属"",""双高计划""]"
466,辽宁理工学院,辽宁,锦州市,,综合,民办,本科,辽宁省教育厅,[]
633,伊春职业学院,黑龙江,伊春市,伊美区,综合,公办,专科,黑龙江省,[]
1189,福州黎明职业技术学院,福建,福州市,,财经,民办,专科,福建省教育厅,[]
1722,湖北城市建设职业技术学院,湖北,武汉市,,理工,公办,专科,湖北省,[]
1579,安阳职业技术学院,河南,安阳市,文峰区,综合,公办,专科,河南省,[]
1416,山东力明科技职业学院,山东,泰安市,岱岳区,综合,民办,专科,山东省教育厅,[]
2598,陕西艺术职业学院,陕西,西安市,碑林区,艺术,公办,专科,陕西省,"[""省属""]"
1431,山东化工职业学院,山东,潍坊市,潍坊滨海经济技术开发区,综合,公办,专科,山东省,"[""省属""]"
1591,河南护理职业学院,河南,安阳市,文峰区,医药,公办,专科,河南省,[]
1461,泰山护理职业学院,山东,泰安市,,医药,公办,专科,山东省,[]
1447,山东商务职业学院,山东,烟台市,牟平区,综合,公办,专科,山东省,"[""省属""]"
1298,江西青年职业学院,江西,南昌市,,综合,公办,专科,江西省,"[""省属""]"
2292,四川司法警官职业学院,四川,德阳市,,政法,公办,专科,四川省,"[""省属""]"
270,承德应用技术职业学院,河北,承德市,双桥区,综合,公办,专科,河北省,[]
211,邯郸职业技术学院,河北,邯郸市,,理工,公办,专科,河北省,[]
521,铁岭卫生职业学院,辽宁,铁岭市,,医药,公办,专科,辽宁省,[]
1422,山东交通职业学院,山东,潍坊市,奎文区,综合,公办,专科,山东省,"[""双高计划""]"
1574,河南工业贸易职业学院,河南,郑州市,新郑市,财经,公办,专科,河南省,[]
1853,湘西民族职业技术学院,湖南,湘西土家族苗族自治州,吉首市,民族,公办,专科,湖南省,"[""省属""]"
584,长白山职业技术学院,吉林,白山市,浑江区,理工,公办,专科,吉林省,[]
2386,贵州轻工职业大学,贵州,贵阳市,花溪区,理工,公办,本科,贵州省,"[""双高计划""]"
241,廊坊职业技术学院,河北,廊坊市,廊坊经济技术开发区,综合,公办,专科,河北省,[]
1550,济源职业技术学院,河南,省直辖县级行政区划,济源市,理工,公办,专科,河南省,[]
272,邯郸科技职业学院,河北,邯郸市,邯郸冀南新区,综合,公办,专科,河北省,[]
509,辽河石油职业技术学院,辽宁,盘锦市,,理工,公办,专科,辽宁省,[]
2288,四川职业技术学院,四川,遂宁市,,综合,公办,专科,四川省,"[""省属""]"
354,山西工程职业学院,山西,太原市,杏花岭区,理工,公办,专科,山西省,"[""双高计划""]"
671,黑龙江冰雪体育职业学院,黑龙江,哈尔滨市,,体育,公办,专科,黑龙江省,[]
2126,海口经济学院,海南,海口市,琼山区,综合,民办,本科,海南省教育厅,[]
1807,湖南信息学院,湖南,长沙市,,理工,民办,本科,湖南省教育厅,"[""省属""]"
2410,贵州经贸职业技术学院,贵州,黔南布依族苗族自治州,都匀市,财经,公办,专科,贵州省,[]
1284,江西工业工程职业技术学院,江西,萍乡市,,理工,公办,专科,江西省,"[""省属""]"
2086,广西生态工程职业技术学院,广西,柳州市,城中区,农林,公办,专科,广西壮族自治区,[]
140,天津城市职业学院,天津,天津,河东区,综合,公办,专科,天津市,[]
83,北京科技职业学院,北京,北京,昌平区,理工,民办,专科,北京市教委,[]
325,太原城市职业技术学院,山西,太原市,,综合,公办,专科,山西省,[]
1413,山东科技职业学院,山东,潍坊市,潍城区,综合,公办,专科,山东省,"[""省属"",""双高计划""]"
641,黑龙江农业工程职业学院,黑龙江,哈尔滨市,南岗区,农林,公办,专科,黑龙江省,"[""双高计划""]"
2673,宁夏民族职业技术学院,宁夏,吴忠市,利通区,民族,公办,专科,宁夏回族自治区,[]
2546,陕西国际商贸学院,陕西,咸阳市,,财经,民办,本科,陕西省教育厅,[]
2379,遵义职业技术学院,贵州,遵义市,红花岗区,综合,公办,专科,贵州省,[]
144,天津生物工程职业技术学院,天津,天津,河北区,医药,公办,专科,天津市,[]
2401,贵州工程职业学院,贵州,铜仁市,德江县,综合,民办,专科,贵州省教育厅,[]
2572,陕西职业技术学院,陕西,西安市,,综合,公办,专科,陕西省,"[""省属"",""双高计划""]"
1215,泉州轻工职业学院,福建,泉州市,,综合,民办,专科,福建省教育厅,[]
1999,广州南洋理工职业学院,广东,广州市,从化区,理工,民办,专科,广东省教育厅,"[""省属""]"
2451,云南国土资源职业学院,云南,昆明市,,理工,公办,专科,云南省,"[""省重点""]"
3057,兰州航空职业技术学院,甘肃,兰州市,安宁区,,公办,专科,甘肃省,[]
239,河北机电职业技术学院,河北,邢台市,,理工,公办,专科,河北省,"[""省属""]"
2594,陕西工商职业学院,陕西,西安市,,理工,公办,专科,陕西省,[]
1408,潍坊职业学院,山东,潍坊市,潍坊滨海经济技术开发区,综合,公办,专科,山东省,"[""双高计划""]"
2383,六盘水职业技术学院,贵州,六盘水市,钟山区,综合,公办,专科,贵州省,[]
2494,云南交通运输职业学院,云南,昆明市,呈贡区,理工,公办,专科,云南省,[]
526,辽宁特殊教育师范高等专科学校,辽宁,沈阳市,浑南区,师范,公办,专科,辽宁省,"[""省属""]"
1990,广东省外语艺术职业学院,广东,广州市,天河区,综合,公办,专科,广东省,"[""省属""]"
2136,海南工商职业学院,海南,海口市,,综合,民办,专科,海南省教育厅,"[""省属""]"
203,燕京理工学院,河北,廊坊市,三河市,理工,民办,本科,河北省教育厅,[]
1612,河南测绘职业学院,河南,郑州市,,理工,公办,专科,河南省,"[""省属""]"
2018,广州华商职业学院,广东,广州市,,财经,民办,专科,广东省教育厅,[]
525,辽宁轻工职业学院,辽宁,大连市,,理工,公办,专科,辽宁省,"[""省属""]"
1552,鹤壁职业技术学院,河南,鹤壁市,淇滨区,理工,公办,专科,河南省,[]
2026,广东信息工程职业学院,广东,肇庆市,四会市,理工,民办,专科,广东省教育厅,[]
502,辽宁石化职业技术学院,辽宁,锦州市,,理工,公办,专科,辽宁省,[]
2559,西安信息职业大学,陕西,西安市,长安区,理工,民办,本科,陕西省教育厅,[]
2305,四川幼儿师范高等专科学校,四川,绵阳市,涪城区,师范,公办,专科,四川省,"[""省属""]"
1548,平顶山工业职业技术学院,河南,平顶山市,湛河区,理工,公办,专科,河南省,[]
265,保定幼儿师范高等专科学校,河北,保定市,竞秀区,师范,公办,专科,河北省,[]
1191,厦门华天涉外职业技术学院,福建,厦门市,湖里区,综合,民办,专科,福建省教育厅,[]
508,辽宁装备制造职业技术学院,辽宁,沈阳市,,理工,公办,专科,辽宁省,[]
2660,青海职业技术大学,青海,西宁市,城北区,理工,公办,本科,青海省,[]
262,石家庄幼儿师范高等专科学校,河北,石家庄市,,师范,公办,专科,河北省,"[""省属""]"
2674,宁夏工业职业学院,宁夏,银川市,兴庆区,理工,公办,专科,宁夏回族自治区,[]
1290,江西应用工程职业学院,江西,萍乡市,安源区,理工,公办,专科,江西省,"[""省属""]"
2455,云南司法警官职业学院,云南,昆明市,,政法,公办,专科,云南省,[]
2596,西安医学高等专科学校,陕西,西安市,,医药,民办,专科,陕西省教育厅,[]
380,呼和浩特职业技术大学,内蒙古,呼和浩特市,赛罕区,综合,公办,本科,内蒙古自治区,[]
81,北京汇佳职业学院,北京,北京,昌平区,语言,民办,专科,北京市教委,[]
1405,山东劳动职业技术学院,山东,济南市,,理工,公办,专科,山东省,"[""省属""]"
143,天津城市建设管理职业技术学院,天津,天津,北辰区,综合,公办,专科,天津市,[]
528,鞍山职业技术学院,辽宁,鞍山市,铁西区,综合,公办,专科,辽宁省,[]
1293,抚州职业技术学院,江西,抚州市,,理工,公办,专科,江西省,[]
2121,崇左幼儿师范高等专科学校,广西,崇左市,江州区,师范,公办,专科,广西壮族自治区,[]
1425,青岛酒店管理职业技术学院,山东,青岛市,,财经,公办,专科,山东省,"[""省属"",""双高计划""]"
1301,江西农业工程职业学院,江西,宜春市,樟树市,农林,公办,专科,江西省,"[""省属""]"
2390,毕节职业技术学院,贵州,毕节市,大方县,综合,公办,专科,贵州省,[]
2129,海南科技职业大学,海南,海口市,美兰区,理工,民办,本科,海南省教育厅,[]
1220,福州墨尔本理工职业学院,福建,福州市,,综合,中外合作办学,专科,福建省教育厅,[]
213,张家口职业技术学院,河北,张家口市,,理工,公办,专科,河北省,[]
460,大连科技学院,辽宁,大连市,,理工,民办,本科,辽宁省教育厅,"[""省属""]"
1573,河南林业职业学院,河南,洛阳市,,农林,公办,专科,河南省,"[""省属""]"
2002,广州现代信息工程职业技术学院,广东,广州市,,理工,民办,专科,广东省教育厅,[]
592,梅河口康美职业技术学院,吉林,通化市,梅河口市,综合,民办,专科,吉林省教育厅,[]
2130,海南职业技术学院,海南,海口市,,综合,公办,专科,海南省,"[""省属"",""省部共建""]"
1530,商丘学院,河南,商丘市,梁园区,综合,民办,本科,河南省教育厅,[]
352,大同师范高等专科学校,山西,大同市,平城区,师范,公办,专科,山西省,[]
1549,周口职业技术学院,河南,周口市,川汇区,理工,公办,专科,河南省,[]
1087,安徽冶金科技职业学院,安徽,马鞍山市,,理工,公办,专科,安徽省,"[""省属""]"
1611,河南轻工职业学院,河南,郑州市,,理工,公办,专科,河南省,"[""省属""]"
1977,广东岭南职业技术学院,广东,广州市,,综合,民办,专科,广东省教育厅,[]
1430,山东工业职业学院,山东,淄博市,,理工,公办,专科,山东省,"[""省属""]"
2631,兰州职业技术学院,甘肃,兰州市,,综合,公办,专科,甘肃省,[]
1749,襄阳汽车职业技术学院,湖北,襄阳市,,理工,公办,专科,湖北省,[]
1681,湖北商贸学院,湖北,武汉市,洪山区,财经,民办,本科,湖北省教育厅,[]
2482,红河卫生职业学院,云南,红河哈尼族彝族自治州,,医药,公办,专科,云南省,[]
1857,湖南九嶷职业技术学院,湖南,永州市,冷水滩区,综合,公办,专科,湖南省,[]
2189,重庆科创职业学院,重庆,重庆,永川区,综合,民办,专科,重庆市教委,[]
2012,广州珠江职业技术学院,广东,广州市,,综合,民办,专科,广东省教育厅,[]
2679,宁夏建设职业技术学院,宁夏,银川市,,理工,公办,专科,宁夏回族自治区,[]
1299,上饶职业技术学院,江西,上饶市,,理工,公办,专科,江西省,[]
1803,张家界学院,湖南,张家界市,永定区,综合,民办,本科,湖南省教育厅,"[""省属""]"
495,沈阳职业技术学院,辽宁,沈阳市,,综合,公办,专科,辽宁省,"[""双高计划""]"
638,大庆职业学院,黑龙江,大庆市,,综合,公办,专科,黑龙江省,"[""省属""]"
2676,宁夏工商职业技术大学,宁夏,银川市,西夏区,财经,公办,本科,宁夏回族自治区,"[""省属"",""双高计划""]"
2198,重庆公共运输职业学院,重庆,重庆,江津区,理工,民办,专科,重庆市教委,[]
260,廊坊燕京职业技术学院,河北,廊坊市,安次区,综合,公办,专科,河北省,[]
2557,西安汽车职业大学,陕西,西安市,灞桥区,理工,民办,本科,陕西省教育厅,[]
1455,枣庄职业学院,山东,枣庄市,薛城区,综合,公办,专科,山东省,[]
1580,新乡职业技术学院,河南,新乡市,新乡经济技术开发区,综合,公办,专科,河南省,[]
232,河北旅游职业学院,河北,承德市,,综合,公办,专科,河北省,"[""省重点""]"
2005,广州华立科技职业学院,广东,广州市,,综合,民办,专科,广东省教育厅,[]
3096,上饶卫生健康职业学院,江西,上饶市,广丰区,,公办,专科,江西省人民政府,[]
1203,福州软件职业技术学院,福建,福州市,,综合,民办,专科,福建省教育厅,[]
1614,郑州卫生健康职业学院,河南,郑州市,,医药,公办,专科,河南省,[]
1411,聊城职业技术学院,山东,聊城市,,综合,公办,专科,山东省,[]
527,辽宁师范高等专科学校,辽宁,沈阳市,皇姑区,师范,公办,专科,辽宁省,[]
1441,山东电子职业技术学院,山东,济南市,,理工,公办,专科,山东省,[]
1307,江西冶金职业技术学院,江西,新余市,渝水区,理工,公办,专科,江西省,[]
1322,江西婺源茶业职业学院,江西,上饶市,婺源县,综合,公办,专科,江西省,[]
487,阜新高等专科学校,辽宁,阜新市,海州区,综合,公办,专科,辽宁省,[]
1754,荆门职业学院,湖北,荆门市,,综合,公办,专科,湖北省,[]
1463,潍坊护理职业学院,山东,潍坊市,寒亭区,医药,公办,专科,山东省,[]
1970,珠海艺术职业学院,广东,珠海市,金湾区,艺术,民办,专科,广东省教育厅,[]
311,晋城职业技术学院,山西,晋城市,城区,综合,公办,专科,山西省,[]
2591,安康职业技术学院,陕西,安康市,,综合,公办,专科,陕西省,[]
1093,亳州职业技术学院,安徽,亳州市,,理工,公办,专科,安徽省,"[""省属""]"
1407,济宁职业技术学院,山东,济宁市,任城区,综合,公办,专科,山东省,[]
1706,恩施职业技术学院,湖北,恩施土家族苗族自治州,,综合,公办,专科,湖北省,[]
2381,贵州工业职业技术学院,贵州,贵阳市,观山湖区,理工,公办,专科,贵州省,[]
728,上海工商外国语职业学院,上海,上海,浦东新区,语言,民办,专科,上海市教委,[]
2589,延安职业技术学院,陕西,延安市,宝塔区,理工,公办,专科,陕西省,[]
1083,宣城职业技术学院,安徽,宣城市,,理工,公办,专科,安徽省,"[""省属""]"
1091,安徽中澳科技职业学院,安徽,合肥市,,理工,公办,专科,安徽省,"[""省属""]"
1210,漳州科技职业学院,福建,漳州市,,综合,民办,专科,福建省教育厅,[]
2493,云南工贸职业技术学院,云南,昆明市,,综合,公办,专科,云南省,"[""省属""]"
1323,赣州职业技术学院,江西,赣州市,章贡区,综合,公办,专科,江西省,[]
3087,宁夏卫生健康职业技术学院,宁夏,石嘴山市,大武口区,,公办,专科,宁夏回族自治区,[]
224,秦皇岛职业技术学院,河北,秦皇岛市,北戴河区,理工,公办,专科,河北省,"[""双高计划""]"
2635,武威职业技术大学,甘肃,武威市,凉州区,综合,公办,本科,甘肃省,[]
1590,河南机电职业学院,河南,郑州市,新郑市,理工,公办,专科,河南省,"[""省属""]"
400,乌兰察布医学高等专科学校,内蒙古,乌兰察布市,,医药,公办,专科,内蒙古自治区,[]
1266,上饶幼儿师范高等专科学校,江西,上饶市,,师范,公办,专科,江西省,[]
855,正德职业技术学院,江苏,南京市,,理工,民办,专科,江苏省教育厅,[]
2587,商洛职业技术学院,陕西,商洛市,,综合,公办,专科,陕西省,[]
2633,甘肃林业职业技术大学,甘肃,天水市,麦积区,农林,公办,本科,甘肃省,[]
1555,焦作师范高等专科学校,河南,焦作市,,师范,公办,专科,河南省,[]
1621,南阳科技职业学院,河南,南阳市,邓州市,综合,公办,专科,河南省,[]
490,盘锦职业技术学院,辽宁,盘锦市,,综合,公办,专科,辽宁省,[]
2180,重庆建筑科技职业学院,重庆,重庆,沙坪坝区,综合,民办,专科,重庆市教委,[]
632,齐齐哈尔高等师范专科学校,黑龙江,齐齐哈尔市,,师范,公办,专科,黑龙江省,[]
1369,山东英才学院,山东,济南市,,综合,民办,本科,山东省教育厅,[]
133,天津国土资源和房屋职业学院,天津,天津,滨海新区,综合,公办,专科,天津市,[]
2490,云南水利水电职业学院,云南,昆明市,,综合,公办,专科,云南省,[]
494,辽宁生态工程职业学院,辽宁,沈阳市,苏家屯区,综合,公办,专科,辽宁省,"[""省属""]"
2638,甘肃农业职业技术学院,甘肃,兰州市,城关区,农林,公办,专科,甘肃省,"[""省属""]"
1406,莱芜职业技术学院,山东,济南市,莱芜区,综合,公办,专科,山东省,[]
2207,重庆护理职业学院,重庆,重庆,璧山区,医药,民办,专科,重庆市教委,[]
1128,合肥科技职业学院,安徽,合肥市,瑶海区,理工,民办,专科,安徽省教育厅,[]
2629,酒泉职业技术大学,甘肃,酒泉市,肃州区,综合,公办,本科,甘肃省,"[""双高计划""]"
2628,甘肃建筑职业技术学院,甘肃,兰州市,,理工,公办,专科,甘肃省,[]
1701,湖北工业职业技术学院,湖北,十堰市,,综合,公办,专科,湖北省,[]
1428,山东胜利职业学院,山东,东营市,,理工,公办,专科,山东省,[]
470,大连艺术学院,辽宁,大连市,,艺术,民办,本科,辽宁省教育厅,[]
2111,广西金融职业技术学院,广西,南宁市,,财经,公办,专科,广西壮族自治区,"[""省属""]"
1316,吉安职业技术学院,江西,吉安市,,综合,公办,专科,江西省,[]
576,吉林工业职业技术学院,吉林,吉林市,,理工,公办,专科,吉林省,"[""省重点""]"
2391,贵州职业技术学院,贵州,贵阳市,观山湖区,综合,公办,专科,贵州省,"[""省属""]"
2013,广州松田职业学院,广东,广州市,,综合,民办,专科,广东省教育厅,[]
2477,德宏职业学院,云南,德宏傣族景颇族自治州,,综合,公办,专科,云南省,[]
2710,新疆轻工职业技术学院,新疆,乌鲁木齐市,,理工,公办,专科,新疆维吾尔自治区,"[""双高计划""]"
2592,铜川职业技术学院,陕西,铜川市,,综合,公办,专科,陕西省,[]
501,辽宁经济职业技术学院,辽宁,沈阳市,,综合,公办,专科,辽宁省,"[""双高计划""]"
1273,江西陶瓷工艺美术职业技术学院,江西,景德镇市,,艺术,公办,专科,江西省,[]
3064,益阳师范高等专科学校,湖南,益阳市,赫山区,,公办,专科,湖南省教育厅,[]
1700,荆州理工职业学院,湖北,荆州市,,理工,公办,专科,湖北省,[]
1214,泉州海洋职业学院,福建,泉州市,,理工,民办,专科,福建省教育厅,[]
517,辽宁冶金职业技术学院,辽宁,本溪市,明山区,理工,公办,专科,辽宁省,"[""省属""]"
2659,青海农牧科技职业学院,青海,西宁市,湟源县,综合,公办,专科,青海省,"[""省属""]"
2094,北海职业学院,广西,北海市,铁山港区,综合,公办,专科,广西壮族自治区,[]
387,内蒙古警察学院,内蒙古,呼和浩特市,新城区,政法,公办,本科,内蒙古自治区,[]
79,北京经济技术职业学院,北京,北京,,财经,民办,专科,北京市教委,[]
1434,烟台工程职业技术学院,山东,烟台市,,理工,公办,专科,山东省,"[""省属""]"
497,辽宁金融职业学院,辽宁,沈阳市,,财经,公办,专科,辽宁省,"[""省属""]"
2192,重庆能源职业学院,重庆,重庆,江津区,理工,民办,专科,重庆市教委,[]
1204,厦门兴才职业技术学院,福建,厦门市,,综合,民办,专科,福建省教育厅,[]
2506,西藏职业技术学院,西藏,拉萨市,,综合,公办,专科,西藏自治区,[]
2677,宁夏财经职业技术学院,宁夏,银川市,兴庆区,财经,公办,专科,宁夏回族自治区,"[""省属""]"
1454,临沂职业学院,山东,临沂市,,理工,公办,专科,山东省,[]
666,哈尔滨科学技术职业学院,黑龙江,哈尔滨市,,综合,公办,专科,黑龙江省,[]
996,嘉兴南洋职业技术学院,浙江,嘉兴市,秀洲区,综合,民办,专科,浙江省教育厅,[]
2022,广州东华职业学院,广东,广州市,,综合,民办,专科,广东省教育厅,[]
385,内蒙古商贸职业学院,内蒙古,呼和浩特市,,财经,公办,专科,内蒙古自治区,[]
480,锦州师范高等专科学校,辽宁,锦州市,,师范,公办,专科,辽宁省,[]
2116,广西自然资源职业技术学院,广西,崇左市,扶绥县,综合,公办,专科,广西壮族自治区,[]
581,松原职业技术学院,吉林,松原市,,理工,公办,专科,吉林省,[]
1292,江西建设职业技术学院,江西,南昌市,,理工,公办,专科,江西省,[]
1730,武汉商贸职业学院,湖北,武汉市,江汉区,财经,民办,专科,湖北省教育厅,[]
493,辽宁职业学院,辽宁,铁岭市,,综合,公办,专科,辽宁省,"[""省属""]"
2738,塔里木职业技术学院,新疆,自治区直辖县级行政区划,阿拉尔市,综合,公办,专科,新疆生产建设兵团,[]
658,黑龙江生态工程职业学院,黑龙江,哈尔滨市,,农林,公办,专科,黑龙江省,[]
256,河北劳动关系职业学院,河北,石家庄市,新华区,综合,公办,专科,河北省,[]
3036,广西信息职业技术学院,广西,南宁市,兴宁区,,公办,专科,广西壮族自治区,[]
2726,新疆生产建设兵团兴新职业技术学院,新疆,乌鲁木齐市,,理工,公办,专科,新疆生产建设兵团,[]
1103,安徽新闻出版职业技术学院,安徽,合肥市,,理工,公办,专科,安徽省,"[""省属""]"
2392,贵州盛华职业学院,贵州,黔南布依族苗族自治州,惠水县,综合,民办,专科,贵州省教育厅,[]
2000,惠州经济职业技术学院,广东,惠州市,,财经,民办,专科,广东省教育厅,[]
1577,漯河食品工程职业大学,河南,漯河市,源汇区,综合,民办,本科,河南省教育厅,[]
383,内蒙古机电职业技术学院,内蒙古,呼和浩特市,,理工,公办,专科,内蒙古自治区,"[""双高计划""]"
829,九州职业技术学院,江苏,徐州市,,理工,民办,专科,江苏省教育厅,"[""省属""]"
2462,云南能源职业技术学院,云南,曲靖市,,理工,公办,专科,云南省,[]
2491,云南轻纺职业学院,云南,昆明市,,理工,公办,专科,云南省,[]
2194,重庆交通职业学院,重庆,重庆,江津区,理工,民办,专科,重庆市教委,[]
1592,许昌电气职业学院,河南,许昌市,魏都区,理工,公办,专科,河南省,[]
1622,兰考三农职业学院,河南,开封市,兰考县,综合,公办,专科,河南省,[]
2465,云南林业职业技术学院,云南,昆明市,盘龙区,农林,公办,专科,云南省,[]
642,黑龙江农垦职业学院,黑龙江,哈尔滨市,,综合,公办,专科,黑龙江省,[]
1429,山东经贸职业学院,山东,潍坊市,,财经,公办,专科,山东省,"[""省属""]"
1719,随州职业技术学院,湖北,随州市,,理工,公办,专科,湖北省,[]
309,长治职业技术学院,山西,长治市,,理工,公办,专科,山西省,[]
3058,通化医药健康职业学院,吉林,通化市,东昌区,,公办,专科,吉林省,[]
320,山西水利职业技术学院,山西,运城市,盐湖区,理工,公办,专科,山西省,[]
1728,武汉信息传播职业技术学院,湖北,武汉市,,理工,民办,专科,湖北省教育厅,[]
2341,广元中核职业技术学院,四川,广元市,利州区,理工,民办,专科,四川省教育厅,[]
2721,新疆职业大学,新疆,乌鲁木齐市,天山区,综合,公办,专科,新疆维吾尔自治区,"[""省属""]"
2019,广州华夏职业学院,广东,广州市,荔湾区,综合,民办,专科,广东省教育厅,[]
2472,德宏师范学院,云南,德宏傣族景颇族自治州,芒市,师范,公办,本科,云南省,[]
1464,潍坊工程职业学院,山东,潍坊市,,理工,公办,专科,山东省,[]
237,河北对外经贸职业学院,河北,秦皇岛市,,语言,公办,专科,河北省,[]
1618,河南女子职业学院,河南,新乡市,获嘉县,综合,公办,专科,河南省,[]
2481,云南旅游职业学院,云南,昆明市,,财经,公办,专科,云南省,[]
1456,山东理工职业学院,山东,济宁市,,综合,公办,专科,山东省,[]
2176,重庆信息技术职业学院,重庆,重庆,万州区,理工,民办,专科,重庆市教委,[]
485,抚顺职业技术学院,辽宁,抚顺市,抚顺县,综合,公办,专科,辽宁省,[]
2100,广西英华国际职业学院,广西,钦州市,,综合,民办,专科,广西壮族自治区教育厅,[]
1969,广州康大职业技术学院,广东,广州市,,综合,民办,专科,广东省教育厅,[]
1619,河南对外经济贸易职业学院,河南,开封市,鼓楼区,财经,公办,专科,河南省,[]
1068,淮南职业技术学院,安徽,淮南市,,理工,公办,专科,安徽省,[]
1537,三门峡职业技术学院,河南,三门峡市,湖滨区,理工,公办,专科,河南省,[]
2597,榆林职业技术学院,陕西,榆林市,榆阳区,理工,公办,专科,陕西省,"[""省属""]"
1449,山东城市建设职业学院,山东,济南市,,理工,公办,专科,山东省,[]
516,辽宁现代服务职业技术学院,辽宁,沈阳市,,财经,公办,专科,辽宁省,"[""省属""]"
330,潞安职业技术学院,山西,长治市,,理工,公办,专科,山西省,[]
2728,新疆科技职业技术学院,新疆,自治区直辖县级行政区划,五家渠市,理工,民办,专科,新疆维吾尔自治区教育厅,[]
648,黑龙江农业经济职业学院,黑龙江,牡丹江市,西安区,农林,公办,专科,黑龙江省,"[""省属"",""双高计划""]"
2573,西安高新科技职业学院,陕西,西安市,,理工,民办,专科,陕西省教育厅,[]
2471,丽江师范学院,云南,丽江市,古城区,师范,公办,本科,云南省,"[""省属""]"
2652,甘肃财贸职业学院,甘肃,兰州市,兰州新区,财经,公办,专科,甘肃省,"[""省属""]"
1536,漯河职业技术学院,河南,漯河市,源汇区,综合,公办,专科,河南省,[]
1615,河南物流职业学院,河南,新乡市,新乡市平原城乡一体化示范区,综合,公办,专科,河南省,[]
228,衡水职业技术学院,河北,衡水市,桃城区,理工,公办,专科,河北省,[]
1186,泉州纺织服装职业学院,福建,泉州市,,综合,民办,专科,福建省教育厅,[]
1563,信阳职业技术学院,河南,信阳市,平桥区,综合,公办,专科,河南省,[]
851,苏州工业园区职业技术学院,江苏,苏州市,,理工,公办,专科,江苏省,[]
3078,周口理工职业学院,河南,周口市,川汇区,,公办,专科,河南省教育厅,[]
512,辽宁建筑职业学院,辽宁,辽阳市,,理工,公办,专科,辽宁省,"[""省属""]"
1604,南阳农业职业学院,河南,南阳市,卧龙区,农林,公办,专科,河南省,[]
2177,重庆传媒职业学院,重庆,重庆,铜梁区,综合,民办,专科,重庆市教委,[]
324,山西金融职业学院,山西,太原市,,财经,公办,专科,山西省,"[""省属""]"
2489,大理护理职业学院,云南,大理白族自治州,,医药,公办,专科,云南省,[]
2300,四川科技职业学院,四川,眉山市,仁寿县,综合,民办,专科,四川省教育厅,[]
267,渤海理工职业学院,河北,沧州市,,理工,民办,专科,河北省教育厅,[]
1841,湖南机电职业技术学院,湖南,长沙市,,理工,公办,专科,湖南省,[]
2484,大理农林职业技术学院,云南,大理白族自治州,大理市,农林,公办,专科,云南省,[]
486,辽阳职业技术学院,辽宁,辽阳市,,综合,公办,专科,辽宁省,[]
2713,伊犁职业技术学院,新疆,伊犁哈萨克自治州,伊宁市,农林,公办,专科,新疆维吾尔自治区,[]
1123,合肥幼儿师范高等专科学校,安徽,合肥市,,师范,公办,专科,安徽省,[]
2639,甘肃畜牧工程职业技术学院,甘肃,武威市,凉州区,农林,公办,专科,甘肃省,[]
2578,陕西电子信息职业技术学院,陕西,西安市,,理工,民办,专科,陕西省教育厅,[]
2201,重庆电信职业学院,重庆,重庆,大足区,理工,民办,专科,重庆市教委,[]
3075,广西质量工程职业技术学院,广西,南宁市,武鸣区,,公办,专科,广西壮族自治区人民政府,[]
3085,秦皇岛工业职业技术学院,河北,秦皇岛市,海港区,,公办,专科,河北省教育厅,[]
2184,重庆应用技术职业学院,重庆,重庆,合川区,财经,民办,专科,重庆市教委,[]
3092,吉安幼儿师范高等专科学校,江西,吉安市,吉州区,,公办,专科,江西省人民政府,[]
481,营口职业技术学院,辽宁,营口市,西市区,综合,公办,专科,辽宁省,[]
2480,云南现代职业技术学院,云南,楚雄彝族自治州,,理工,公办,专科,云南省,[]
382,内蒙古电子信息职业技术学院,内蒙古,呼和浩特市,,理工,公办,专科,内蒙古自治区,[]
2120,广西物流职业技术学院,广西,贵港市,港北区,综合,公办,专科,广西壮族自治区,[]
1110,合肥共达职业技术学院,安徽,合肥市,,理工,民办,专科,安徽省教育厅,"[""省属""]"
899,江苏城乡建设职业学院,江苏,常州市,钟楼区,理工,公办,专科,江苏省,"[""省属""]"
1600,安阳幼儿师范高等专科学校,河南,安阳市,汤阴县,师范,公办,专科,河南省,[]
1541,濮阳职业技术学院,河南,濮阳市,濮阳经济技术开发区,理工,公办,专科,河南省,[]
1187,泉州华光职业学院,福建,泉州市,永春县,综合,民办,专科,福建省教育厅,[]
3053,周口文理职业学院,河南,周口市,川汇区,,公办,专科,河南省,[]
1880,湘南幼儿师范高等专科学校,湖南,郴州市,北湖区,师范,公办,专科,湖南省,[]
1415,德州科技职业学院,山东,德州市,德城区,综合,民办,专科,山东省教育厅,[]
247,石家庄科技信息职业学院,河北,石家庄市,桥西区,理工,民办,专科,河北省教育厅,[]
1881,湖南劳动人事职业学院,湖南,长沙市,,综合,公办,专科,湖南省,"[""省属""]"
1277,江西艺术职业学院,江西,南昌市,青山湖区,艺术,公办,专科,江西省,[]
2646,庆阳职业技术学院,甘肃,庆阳市,,综合,公办,专科,甘肃省,"[""省属""]"
640,黑龙江农业职业技术学院,黑龙江,佳木斯市,前进区,农林,公办,专科,黑龙江省,[]
1547,商丘职业技术学院,河南,商丘市,睢阳区,综合,公办,专科,河南省,"[""省属""]"
2447,云南工商学院,云南,昆明市,,理工,民办,本科,云南省教育厅,[]
1450,烟台汽车工程职业学院,山东,烟台市,,理工,公办,专科,山东省,[]
2498,曲靖职业技术学院,云南,曲靖市,麒麟区,综合,公办,专科,云南省,[]
2304,四川现代职业学院,四川,成都市,,财经,民办,专科,四川省教育厅,[]
1620,濮阳石油化工职业技术学院,河南,濮阳市,华龙区,综合,公办,专科,河南省,[]
1878,湖南吉利汽车职业技术学院,湖南,湘潭市,雨湖区,理工,民办,专科,湖南省教育厅,[]
2712,昌吉职业技术学院,新疆,昌吉回族自治州,昌吉市,理工,公办,专科,新疆维吾尔自治区,[]
1727,武汉外语外事职业学院,湖北,武汉市,江岸区,理工,民办,专科,湖北省教育厅,[]
84,北京培黎职业学院,北京,北京,海淀区,财经,民办,专科,北京市教委,[]
2719,新疆交通职业技术大学,新疆,乌鲁木齐市,米东区,理工,公办,本科,新疆维吾尔自治区,"[""省属""]"
2634,甘肃工业职业技术大学,甘肃,天水市,麦积区,理工,公办,本科,甘肃省,[]
524,辽宁民族师范高等专科学校,辽宁,沈阳市,,师范,公办,专科,辽宁省,"[""省属""]"
1726,武汉科技职业学院,湖北,武汉市,,理工,民办,专科,湖北省教育厅,[]
221,河北能源职业技术学院,河北,唐山市,,理工,公办,专科,河北省,"[""省属""]"
3054,洛阳文化旅游职业学院,河南,洛阳市,伊川县,,公办,专科,河南省,[]
3068,宿州航空职业学院,安徽,宿州市,宿州马鞍山现代产业园区,,民办,专科,安徽省教育厅,[]
2723,新疆应用职业技术学院,新疆,伊犁哈萨克自治州,,理工,公办,专科,新疆维吾尔自治区,[]
2117,钦州幼儿师范高等专科学校,广西,钦州市,钦南区,师范,公办,专科,广西壮族自治区,[]
482,铁岭师范高等专科学校,辽宁,铁岭市,,师范,公办,专科,辽宁省,[]
2017,广东南方职业学院,广东,江门市,江海区,综合,民办,专科,广东省教育厅,[]
346,阳泉师范高等专科学校,山西,阳泉市,,师范,公办,专科,山西省,[]
1989,广东亚视演艺职业学院,广东,肇庆市,德庆县,艺术,民办,专科,广东省教育厅,[]
1733,咸宁职业技术学院,湖北,咸宁市,,理工,公办,专科,湖北省,[]
2412,六盘水幼儿师范高等专科学校,贵州,六盘水市,水城区,师范,公办,专科,贵州省,[]
2332,南充科技职业学院,四川,南充市,西充县,理工,民办,专科,四川省教育厅,[]
3108,濮阳科技职业学院,河南,濮阳市,濮阳县,,公办,专科,河南省,[]
3123,桂林信息工程职业学院,广西,桂林市,永福县,,民办,专科,广西壮族自治区人民政府,[]
2311,巴中职业技术学院,四川,巴中市,巴州区,综合,民办,专科,四川省教育厅,[]
2601,榆林能源科技职业学院,陕西,榆林市,榆阳区,综合,民办,专科,陕西省教育厅,[]
2720,新疆石河子职业技术学院,新疆,自治区直辖县级行政区划,石河子市,理工,公办,专科,新疆生产建设兵团,[]
341,山西老区职业技术学院,山西,太原市,,综合,民办,专科,山西省教育厅,"[""省属""]"
1606,鹤壁能源化工职业学院,河南,鹤壁市,,理工,公办,专科,河南省教育厅,[]
454,辽宁理工职业大学,辽宁,锦州市,太和区,财经,民办,本科,辽宁省教育厅,[]
1308,江西管理职业学院,江西,南昌市,,综合,公办,专科,江西省,[]
1554,郑州健康学院,河南,郑州市,二七区,医药,民办,本科,河南省教育厅,[]
1692,武汉工程科技学院,湖北,武汉市,,理工,民办,本科,湖北省教育厅,[]
349,运城师范高等专科学校,山西,运城市,盐湖区,师范,公办,专科,山西省,[]
252,石家庄经济职业学院,河北,石家庄市,桥西区,财经,民办,专科,河北省教育厅,[]
2191,重庆电讯职业学院,重庆,重庆,江津区,理工,民办,专科,重庆市教委,[]
3052,信阳艺术职业学院,河南,信阳市,平桥区,,公办,专科,河南省,[]
656,黑龙江旅游职业技术学院,黑龙江,哈尔滨市,南岗区,财经,公办,专科,黑龙江省,[]
2318,四川西南航空职业学院,四川,成都市,锦江区,艺术,民办,专科,四川省教育厅,[]
2023,广东创新科技职业学院,广东,东莞市,全市,理工,民办,专科,广东省教育厅,[]
1998,广州涉外经济职业技术学院,广东,广州市,白云区,财经,民办,专科,广东省教育厅,"[""省属""]"
639,黑龙江林业职业技术学院,黑龙江,牡丹江市,爱民区,农林,公办,专科,黑龙江省,[]
2004,广州华南商贸职业学院,广东,广州市,白云区,综合,民办,专科,广东省教育厅,[]
1438,淄博师范高等专科学校,山东,淄博市,,师范,公办,专科,山东省,[]
253,冀中职业学院,河北,保定市,,理工,公办,专科,河北省,[]
2488,昭通卫生职业学院,云南,昭通市,,医药,公办,专科,云南省,[]
567,辽源职业技术学院,吉林,辽源市,龙山区,综合,公办,专科,吉林省,[]
2199,重庆艺术工程职业学院,重庆,重庆,铜梁区,艺术,民办,专科,重庆市教委,[]
1267,抚州幼儿师范高等专科学校,江西,抚州市,,师范,公办,专科,江西省,[]
259,宣化科技职业学院,河北,张家口市,宣化区,综合,公办,专科,河北省,[]
2474,云南锡业职业技术学院,云南,红河哈尼族彝族自治州,,理工,公办,专科,云南省,[]
381,包头轻工职业技术学院,内蒙古,包头市,,理工,公办,专科,内蒙古自治区,[]
3050,甘孜职业学院,四川,甘孜藏族自治州,泸定县,,公办,专科,四川省,[]
980,浙江旅游职业学院,浙江,杭州市,,财经,公办,专科,浙江省,"[""省部共建"",""双高计划""]"
1616,河南地矿职业学院,河南,郑州市,中原区,综合,公办,专科,河南省,"[""省属""]"
2739,新疆工业职业技术学院,新疆,乌鲁木齐市,头屯河区,理工,公办,专科,新疆维吾尔自治区,[]
1325,九江理工职业学院,江西,九江市,柴桑区,综合,民办,专科,江西省教育厅,[]
340,运城幼儿师范高等专科学校,山西,运城市,,师范,公办,专科,山西省,[]
644,鹤岗师范高等专科学校,黑龙江,鹤岗市,东山区,师范,公办,专科,黑龙江省,[]
1075,民办合肥经济技术职业学院,安徽,合肥市,庐阳区,综合,民办,专科,安徽省教育厅,[]
1190,厦门演艺职业学院,福建,厦门市,,艺术,民办,专科,福建省教育厅,[]
2486,云南财经职业学院,云南,昆明市,盘龙区,财经,公办,专科,云南省,"[""省属""]"
1131,黄山健康职业学院,安徽,黄山市,休宁县,医药,民办,专科,安徽省教育厅,[]
401,鄂尔多斯职业学院,内蒙古,鄂尔多斯市,,理工,公办,专科,内蒙古自治区,[]
3152,驻马店农业工程职业学院,河南,驻马店市,河南驻马店经济开发区,理工,公办,专科,,[]
2684,石嘴山工贸职业技术学院,宁夏,石嘴山市,大武口区,理工,公办,专科,宁夏回族自治区,[]
390,通辽职业学院,内蒙古,通辽市,,综合,公办,专科,内蒙古自治区,[]
378,包头职业技术学院,内蒙古,包头市,,理工,公办,专科,内蒙古自治区,[]
2599,神木职业技术学院,陕西,榆林市,神木市,综合,公办,专科,陕西省,[]
185,河北美术学院,河北,石家庄市,,艺术,民办,本科,河北省教育厅,[]
1623,汝州职业技术学院,河南,平顶山市,汝州市,综合,公办,专科,河南省,[]
2200,重庆轻工职业学院,重庆,重庆,九龙坡区,综合,民办,专科,重庆市教委,"[""省属""]"
2727,哈密职业技术学院,新疆,哈密市,,理工,公办,专科,新疆维吾尔自治区,[]
2649,兰州现代职业学院,甘肃,兰州市,,综合,公办,专科,甘肃省,[]
2095,桂林山水职业学院,广西,桂林市,临桂区,综合,民办,专科,广西壮族自治区教育厅,[]
1735,江汉艺术职业学院,湖北,省直辖县级行政区划,潜江市,艺术,公办,专科,湖北省,[]
479,抚顺师范高等专科学校,辽宁,抚顺市,,师范,公办,专科,辽宁省,[]
1319,南昌影视传播职业学院,江西,南昌市,东湖区,综合,民办,专科,江西省教育厅,[]
2102,百色职业学院,广西,百色市,右江区,理工,公办,专科,广西壮族自治区,[]
1116,安徽矿业职业技术学院,安徽,淮北市,,综合,民办,专科,安徽省教育厅,[]
510,辽宁地质工程职业学院,辽宁,丹东市,,理工,公办,专科,辽宁省,"[""省属""]"
2107,广西幼儿师范高等专科学校,广西,南宁市,青秀区,师范,公办,专科,广西壮族自治区,"[""省属""]"
1756,武汉光谷职业学院,湖北,武汉市,,综合,民办,专科,湖北省教育厅,[]
3107,南阳工艺美术职业学院,河南,南阳市,镇平县,,公办,专科,河南省,[]
1610,三门峡社会管理职业学院,河南,三门峡市,,综合,公办,专科,河南省,[]
1746,三峡旅游职业技术学院,湖北,宜昌市,,师范,公办,专科,湖北省,[]
2461,玉溪农业职业技术学院,云南,玉溪市,,农林,公办,专科,云南省,[]
2456,云南文化艺术职业学院,云南,昆明市,西山区,艺术,公办,专科,云南省,"[""省属""]"
518,辽宁工程职业学院,辽宁,铁岭市,铁岭县,理工,公办,专科,辽宁省,"[""国重点""]"
2662,西宁城市职业技术学院,青海,西宁市,,综合,公办,专科,青海省,[]
1739,黄冈科技职业学院,湖北,黄冈市,红安县,理工,民办,专科,湖北省教育厅,[]
2459,西双版纳职业技术学院,云南,西双版纳傣族自治州,景洪市,综合,公办,专科,云南省,"[""省重点""]"
2336,南充文化旅游职业学院,四川,南充市,顺庆区,综合,公办,专科,四川省,[]
1442,山东旅游职业学院,山东,济南市,,财经,公办,专科,山东省,[]
2208,重庆理工职业学院,重庆,重庆,巴南区,综合,民办,专科,重庆市教委,[]
2740,铁门关职业技术学院,新疆,巴音郭楞蒙古自治州,库尔勒经济技术开发区,理工,公办,专科,新疆生产建设兵团,[]
1679,荆州学院,湖北,荆州市,荆州区,理工,民办,本科,湖北省教育厅,[]
3147,江西樟树中医药职业学院,江西,宜春市,樟树市,,民办,专科,江西省教育厅,[]
1729,武昌职业学院,湖北,武汉市,,综合,民办,专科,湖北省教育厅,[]
386,锡林郭勒职业学院,内蒙古,锡林郭勒盟,,综合,公办,专科,内蒙古自治区,[]
1688,湖北文理学院理工学院,湖北,襄阳市,,理工,民办,本科,湖北省教育厅,[]
725,上海思博职业技术学院,上海,上海,浦东新区,财经,民办,专科,上海市教委,[]
2732,石河子工程职业技术学院,新疆,自治区直辖县级行政区划,石河子市,理工,公办,专科,新疆生产建设兵团,[]
2642,甘肃有色冶金职业技术学院,甘肃,金昌市,,理工,公办,专科,甘肃省,"[""省属""]"
1477,潍坊环境工程职业学院,山东,潍坊市,昌邑市,综合,民办,专科,山东省教育厅,[]
2580,西安海棠职业学院,陕西,西安市,灞桥区,理工,民办,专科,陕西省教育厅,[]
476,辽宁传媒学院,辽宁,沈阳市,,艺术,民办,本科,辽宁省教育厅,[]
2495,昆明幼儿师范高等专科学校,云南,昆明市,嵩明县,师范,公办,专科,云南省,[]
2724,新疆师范高等专科学校,新疆,乌鲁木齐市,天山区,师范,公办,专科,新疆维吾尔自治区,[]
2729,吐鲁番职业技术学院,新疆,吐鲁番市,高昌区,理工,公办,专科,新疆维吾尔自治区,[]
2108,广西科技职业学院,广西,崇左市,江州区,理工,民办,专科,广西壮族自治区教育厅,[]
573,长春东方职业学院,吉林,长春市,,综合,民办,专科,吉林省教育厅,[]
1421,东营科技职业学院,山东,东营市,东营区,综合,公办,专科,山东省教育厅,[]
1445,泰山职业技术学院,山东,泰安市,岱岳区,综合,公办,专科,山东省,[]
2600,宝鸡三和职业学院,陕西,宝鸡市,陈仓区,综合,民办,专科,陕西省教育厅,[]
2716,新疆建设职业技术学院,新疆,乌鲁木齐市,新市区,理工,公办,专科,新疆维吾尔自治区,[]
2395,铜仁幼儿师范高等专科学校,贵州,铜仁市,碧江区,师范,公办,专科,贵州省,[]
2661,青海建筑职业技术学院,青海,西宁市,,理工,公办,专科,青海省,"[""省重点""]"
1561,商丘医学高等专科学校,河南,商丘市,,医药,公办,专科,河南省,"[""省属""]"
1702,鄂州职业大学,湖北,鄂州市,鄂城区,综合,公办,专科,湖北省,[]
1462,山东海事职业学院,山东,潍坊市,潍坊滨海经济技术开发区,理工,民办,专科,山东省教育厅,[]
514,大连装备制造职业技术学院,辽宁,大连市,,理工,民办,专科,辽宁省教育厅,[]
1304,江西新能源科技职业学院,江西,新余市,渝水区,综合,民办,专科,江西省教育厅,[]
2340,泸州医疗器械职业学院,四川,泸州市,纳溪区,医药,民办,专科,四川省教育厅,[]
2329,阿坝职业学院,四川,阿坝藏族羌族自治州,茂县,综合,公办,专科,四川省,[]
2205,重庆科技职业学院,重庆,重庆,大足区,理工,民办,专科,重庆市教委,[]
3131,遂宁职业学院,四川,遂宁市,船山区,,民办,专科,四川省教育厅,[]
3109,商丘幼儿师范高等专科学校,河南,商丘市,睢阳区,,公办,专科,河南省,[]
2097,广西工商职业技术学院,广西,南宁市,兴宁区,财经,公办,专科,广西壮族自治区,[]
1873,湖南工商职业学院,湖南,衡阳市,石鼓区,理工,民办,专科,湖南省教育厅,[]
343,朔州职业技术学院,山西,朔州市,,综合,公办,专科,山西省,[]
336,山西同文职业技术学院,山西,晋中市,介休市,语言,民办,专科,山西省教育厅,[]
1437,枣庄科技职业学院,山东,枣庄市,,理工,公办,专科,山东省,"[""省属""]"
2138,三亚理工职业学院,海南,三亚市,,理工,民办,专科,海南省教育厅,[]
1608,濮阳医学高等专科学校,河南,濮阳市,,医药,公办,专科,河南省,[]
384,内蒙古化工职业学院,内蒙古,呼和浩特市,,理工,公办,专科,内蒙古自治区,"[""双高计划""]"
1212,武夷山职业学院,福建,南平市,,综合,民办,专科,福建省教育厅,[]
513,大连航运职业技术学院,辽宁,大连市,旅顺口区,理工,民办,专科,辽宁省教育厅,[]
376,内蒙古建筑职业技术大学,内蒙古,呼和浩特市,回民区,理工,公办,本科,内蒙古自治区,"[""双高计划""]"
258,沧州幼儿师范高等专科学校,河北,沧州市,泊头市,综合,公办,专科,河北省,[]
1109,安徽绿海商务职业学院,安徽,合肥市,,财经,民办,专科,安徽省教育厅,[]
1302,赣西科技职业学院,江西,新余市,,综合,民办,专科,江西省教育厅,[]
2714,阿克苏职业技术学院,新疆,阿克苏地区,,综合,公办,专科,新疆维吾尔自治区,[]
2404,贵州电子商务职业技术学院,贵州,贵阳市,清镇市,综合,公办,专科,贵州省,"[""省属""]"
92,北京网络职业学院,北京,北京,房山区,理工,民办,专科,北京市教委,[]
1309,江西传媒职业学院,江西,南昌市,,综合,公办,专科,江西省,[]
2101,柳州城市职业学院,广西,柳州市,鱼峰区,综合,公办,专科,广西壮族自治区,[]
2104,广西理工职业技术学院,广西,崇左市,,理工,民办,专科,广西壮族自治区教育厅,[]
2014,广东文理职业学院,广东,湛江市,,综合,民办,专科,广东省教育厅,[]
225,石家庄工程职业学院,河北,石家庄市,新华区,理工,民办,专科,河北省教育厅,[]
333,山西管理职业学院,山西,临汾市,,财经,公办,专科,山西省,[]
3128,襄阳科技职业学院,湖北,襄阳市,襄州区,,公办,专科,湖北省,[]
2328,天府新区通用航空职业学院,四川,眉山市,仁寿县,理工,民办,专科,四川省教育厅,[]
1443,山东铝业职业学院,山东,威海市,文登区,理工,公办,专科,山东省,[]
403,呼伦贝尔职业技术学院,内蒙古,呼伦贝尔市,,综合,公办,专科,内蒙古自治区,[]
82,北京科技经营管理学院,北京,北京,昌平区,财经,民办,专科,北京市教委,[]
1566,永城职业学院,河南,商丘市,永城市,综合,公办,专科,河南省,[]
1572,河南信息统计职业学院,河南,郑州市,,综合,公办,专科,河南省,[]
856,钟山职业技术学院,江苏,南京市,,理工,民办,专科,江苏省教育厅,[]
1300,江西航空职业技术学院,江西,南昌市,南昌县,理工,民办,专科,江西省教育厅,[]
1607,平顶山文化艺术职业学院,河南,平顶山市,,艺术,民办,专科,河南省教育厅,[]
3098,可克达拉职业技术学院,新疆,自治区直辖县级行政区划,可克达拉市,,公办,专科,新疆生产建设兵团,[]
2736,阿勒泰职业技术学院,新疆,阿勒泰地区,阿勒泰市,理工,公办,专科,新疆维吾尔自治区,[]
2413,毕节工业职业技术学院,贵州,毕节市,大方县,理工,公办,专科,贵州省,[]
377,内蒙古丰州职业学院,内蒙古,呼和浩特市,赛罕区,综合,民办,专科,内蒙古自治区教育厅,[]
2869,河北资源环境职业技术学院,河北,石家庄市,桥西区,理工,公办,专科,河北省教育厅,"[""省属""]"
412,赤峰应用技术职业学院,内蒙古,赤峰市,松山区,综合,公办,专科,内蒙古自治区,[]
2333,攀枝花攀西职业学院,四川,攀枝花市,米易县,综合,民办,专科,四川省教育厅,[]
2711,新疆能源职业技术学院,新疆,乌鲁木齐市,达坂城区,理工,民办,专科,新疆维吾尔自治区教育厅,"[""省属""]"
3110,焦作新材料职业学院,河南,焦作市,博爱县,,民办,专科,河南省教育厅,[]
319,山西林业职业技术学院,山西,太原市,,农林,公办,专科,山西省,[]
2715,巴音郭楞职业技术学院,新疆,巴音郭楞蒙古自治州,库尔勒经济技术开发区,理工,公办,专科,新疆维吾尔自治区,[]
583,白城职业技术学院,吉林,白城市,洮北区,理工,公办,专科,吉林省,[]
1725,湖北开放职业学院,湖北,武汉市,,理工,民办,专科,湖北省教育厅,[]
1440,济南工程职业技术学院,山东,济南市,,理工,公办,专科,山东省,[]
722,上海震旦职业学院,上海,上海,宝山区,财经,民办,专科,上海市教委,[]
660,七台河职业学院,黑龙江,七台河市,桃山区,综合,公办,专科,黑龙江省,[]
2731,和田职业技术学院,新疆,和田地区,和田市,理工,公办,专科,新疆维吾尔自治区,[]
1747,天门职业学院,湖北,省直辖县级行政区划,天门市,理工,公办,专科,湖北省,[]
396,内蒙古北方职业技术学院,内蒙古,呼和浩特市,,综合,民办,专科,内蒙古自治区教育厅,[]
411,扎兰屯职业学院,内蒙古,呼伦贝尔市,,综合,公办,专科,内蒙古自治区,[]
2137,三亚航空旅游职业学院,海南,三亚市,,理工,民办,专科,海南省教育厅,[]
1410,东营职业学院,山东,东营市,河口区,理工,公办,专科,山东省,"[""双高计划""]"
868,宿迁职业技术学院,江苏,宿迁市,,理工,公办,专科,江苏省,[]
661,黑龙江民族职业学院,黑龙江,哈尔滨市,香坊区,民族,公办,专科,黑龙江省,"[""省属"",""省部共建""]"
392,内蒙古交通职业技术学院,内蒙古,赤峰市,,理工,公办,专科,内蒙古自治区,[]
409,内蒙古民族幼儿师范高等专科学校,内蒙古,鄂尔多斯市,东胜区,师范,公办,专科,内蒙古自治区,[]
3084,宜昌科技职业学院,湖北,宜昌市,夷陵区,,公办,专科,湖北省,[]
2663,青海高等职业技术学院,青海,海东市,乐都区,综合,公办,专科,青海省,[]
326,山西信息职业技术学院,山西,临汾市,尧都区,理工,民办,专科,山西省教育厅,[]
3048,郑州城建职业学院,河南,郑州市,中原区,,民办,专科,河南省教育厅,[]
1595,南阳职业学院,河南,南阳市,卧龙区,综合,民办,专科,河南省教育厅,[]
2643,白银矿冶职业技术学院,甘肃,白银市,白银区,理工,公办,专科,甘肃省,[]
1581,驻马店职业技术学院,河南,驻马店市,驿城区,理工,公办,专科,河南省,[]
1587,开封文化艺术职业学院,河南,开封市,龙亭区,综合,公办,专科,河南省,[]
1466,山东艺术设计职业学院,山东,济南市,天桥区,艺术,民办,专科,山东省教育厅,[]
3151,贵州传媒职业学院,贵州,贵阳市,清镇市,,公办,专科,贵州省广播电视局,[]
406,赤峰工业职业技术学院,内蒙古,赤峰市,,理工,公办,专科,内蒙古自治区,[]
1432,青岛求实职业技术学院,山东,青岛市,城阳区,综合,民办,专科,山东省教育厅,[]
273,唐山海运职业学院,河北,唐山市,曹妃甸区,综合,民办,专科,河北省教育厅,"[""省属""]"
2303,四川城市职业学院,四川,成都市,,综合,民办,专科,四川省教育厅,"[""省属""]"
1589,河南艺术职业学院,河南,郑州市,中牟县,艺术,公办,专科,河南省,[]
2640,甘肃钢铁职业技术学院,甘肃,嘉峪关市,,理工,公办,专科,甘肃省,[]
1476,青岛航空科技职业学院,山东,青岛市,莱西市,综合,民办,专科,山东省教育厅,[]
2479,昆明卫生职业学院,云南,昆明市,晋宁区,医药,民办,专科,云南省教育厅,[]
2175,重庆海联职业技术学院,重庆,重庆,渝北区,综合,民办,专科,重庆市教委,[]
2664,青海柴达木职业技术学院,青海,海西蒙古族藏族自治州,德令哈市,综合,公办,专科,青海省,[]
1286,江西科技职业学院,江西,南昌市,南昌县,综合,民办,专科,江西省教育厅,[]
2496,云南医药健康职业学院,云南,昆明市,,医药,民办,专科,云南省教育厅,[]
1593,信阳涉外职业技术学院,河南,信阳市,新县,综合,民办,专科,河南省教育厅,[]
148,天津滨海汽车工程职业学院,天津,天津,津南区,理工,民办,专科,天津市教委,[]
3067,宝鸡中北职业学院,陕西,宝鸡市,金台区,,民办,专科,陕西省教育厅,[]
665,黑龙江幼儿师范高等专科学校,黑龙江,牡丹江市,,师范,公办,专科,黑龙江省,[]
1009,浙江宇翔职业技术学院,浙江,湖州市,安吉县,综合,民办,专科,浙江省教育厅,[]
1855,益阳职业技术学院,湖南,益阳市,资阳区,综合,公办,专科,湖南省,[]
2682,宁夏艺术职业学院,宁夏,银川市,西夏区,艺术,公办,专科,宁夏回族自治区,[]
3156,德州工程职业学院,山东,德州市,德城区,,民办,专科,山东省教育厅,[]
3155,重庆现代制造职业学院,重庆,重庆,永川区,,民办,专科,重庆市教育委员会,[]
226,石家庄城市经济职业学院,河北,石家庄市,长安区,综合,民办,专科,河北省教育厅,[]
246,石家庄理工职业学院,河北,石家庄市,长安区,理工,民办,专科,河北省教育厅,"[""省属""]"
405,内蒙古能源职业学院,内蒙古,呼和浩特市,,理工,民办,专科,内蒙古自治区教育厅,[]
727,上海济光职业技术学院,上海,上海,宝山区,理工,民办,专科,上海市教委,[]
3086,潍坊食品科技职业学院,山东,潍坊市,安丘市,,民办,专科,,[]
1582,焦作工贸职业学院,河南,焦作市,解放区,理工,民办,专科,河南省教育厅,[]
2730,博尔塔拉职业技术学院,新疆,博尔塔拉蒙古自治州,博乐市,理工,公办,专科,新疆维吾尔自治区,[]
389,乌兰察布职业学院,内蒙古,乌兰察布市,卓资县,综合,公办,专科,内蒙古自治区,[]
3100,山东城市服务职业学院,山东,烟台市,烟台高新技术产业开发区,,公办,专科,山东省人民政府,"[""省属""]"
2202,重庆经贸职业学院,重庆,重庆,黔江区,财经,民办,专科,重庆市教委,[]
2680,宁夏葡萄酒与防沙治沙职业技术学院,宁夏,银川市,永宁县,理工,公办,专科,宁夏回族自治区,[]
3035,滨州科技职业学院,山东,滨州市,滨城区,,民办,专科,山东省教育厅,[]
587,吉林城市职业技术学院,吉林,长春市,,理工,民办,专科,吉林省教育厅,[]
78,北京经贸职业学院,北京,北京,房山区,财经,民办,专科,北京市教委,[]
731,上海邦德职业技术学院,上海,上海,宝山区,综合,民办,专科,上海市教委,[]
2457,云南体育运动职业技术学院,云南,昆明市,,体育,公办,专科,云南省,[]
2322,眉山药科职业学院,四川,眉山市,,医药,民办,专科,四川省教育厅,[]
1435,潍坊工商职业学院,山东,潍坊市,诸城市,综合,民办,专科,山东省教育厅,[]
1310,江西工商职业技术学院,江西,南昌市,新建区,理工,民办,专科,江西省教育厅,[]
3094,新星职业技术学院,新疆,自治区直辖县级行政区划,新星市,,公办,专科,新疆生产建设兵团,[]
2733,喀什职业技术学院,新疆,喀什地区,疏附县,理工,公办,专科,新疆维吾尔自治区,[]
2647,临夏现代职业学院,甘肃,临夏回族自治州,临夏市,综合,公办,专科,甘肃省,[]
2296,四川华新现代职业学院,四川,成都市,,综合,民办,专科,四川省教育厅,[]
1312,九江科技职业大学,江西,九江市,濂溪区,综合,民办,本科,江西省教育厅,[]
388,内蒙古体育职业学院,内蒙古,呼和浩特市,,体育,公办,专科,内蒙古自治区,[]
2282,四川托普信息技术职业学院,四川,成都市,,理工,民办,专科,四川省教育厅,[]
1560,南阳医学高等专科学校,河南,南阳市,卧龙区,医药,公办,专科,河南省,[]
2083,桂林师范学院,广西,桂林市,秀峰区,师范,公办,本科,广西壮族自治区,[]
577,吉林工程职业学院,吉林,四平市,,农林,公办,专科,吉林省,"[""省属""]"
410,鄂尔多斯生态环境职业学院,内蒙古,鄂尔多斯市,康巴什区,农林,公办,专科,内蒙古自治区,[]
2323,天府新区信息职业学院,四川,眉山市,仁寿县,综合,民办,专科,四川省教育厅,[]
2394,贵阳幼儿师范高等专科学校,贵州,贵阳市,清镇市,师范,公办,专科,贵州省,[]
849,常州纺织服装职业技术学院,江苏,常州市,,理工,公办,专科,江苏省,"[""省属""]"
2265,民办四川天一学院,四川,成都市,,财经,民办,专科,四川省教育厅,[]
2206,重庆资源与环境保护职业学院,重庆,重庆,大足区,理工,民办,专科,重庆市教委,[]
3111,开封职业学院,河南,开封市,祥符区,,民办,专科,河南省教育厅,[]
637,黑龙江艺术职业学院,黑龙江,哈尔滨市,南岗区,艺术,公办,专科,黑龙江省,"[""省属""]"
886,苏州高博职业学院,江苏,苏州市,虎丘区,理工,民办,专科,江苏省教育厅,[]
2313,四川电子机械职业技术学院,四川,绵阳市,,理工,民办,专科,四川省教育厅,[]
654,哈尔滨城市职业学院,黑龙江,哈尔滨市,阿城区,综合,民办,专科,黑龙江省教育厅,[]
2307,四川三河职业学院,四川,泸州市,合江县,综合,民办,专科,四川省教育厅,[]
3051,广东肇庆航空职业学院,广东,肇庆市,端州区,,民办,专科,广东省教育厅,"[""省属""]"
3079,玉溪职业技术学院,云南,玉溪市,红塔区,,公办,专科,,[]
2492,云南特殊教育职业学院,云南,昆明市,呈贡区,师范,公办,专科,云南省,"[""省属""]"
2327,天府新区航空旅游职业学院,四川,眉山市,彭山区,综合,民办,专科,四川省教育厅,[]
1867,湖南外国语职业学院,湖南,长沙市,浏阳市,语言,民办,专科,湖南省教育厅,[]
1475,临沂科技职业学院,山东,临沂市,河东区,综合,公办,专科,山东省,[]
3056,北海康养职业学院,广西,北海市,银海区,,民办,专科,广西壮族自治区教育厅,[]
3145,宁夏交通职业技术学院,宁夏,银川市,贺兰县,,公办,专科,宁夏回族自治区交通运输厅主管,[]
1613,信阳航空职业学院,河南,信阳市,平桥区,综合,民办,专科,河南省教育厅,[]
3114,郑州智能科技职业学院,河南,郑州市,新郑市,,民办,专科,河南省教育厅,[]
3082,保山职业学院,云南,保山市,隆阳区,,公办,专科,,[]
2734,克孜勒苏职业技术学院,新疆,克孜勒苏柯尔克孜自治州,阿图什市,理工,公办,专科,新疆维吾尔自治区,[]
670,哈尔滨幼儿师范高等专科学校,黑龙江,哈尔滨市,,师范,公办,专科,黑龙江省,[]
2312,四川希望汽车职业学院,四川,资阳市,雁江区,理工,民办,专科,四川省教育厅,[]
3118,丽江职业技术学院,云南,丽江市,古城区,,公办,专科,云南省,[]
723,上海民远职业技术学院,上海,上海,浦东新区,财经,民办,专科,上海市教委,[]
2140,三亚中瑞酒店管理职业学院,海南,三亚市,海棠区,综合,民办,专科,海南省教育厅,"[""省属""]"
1575,郑州电力职业技术学院,河南,郑州市,郑州经济技术开发区,理工,民办,专科,河南省教育厅,[]
2141,海南健康管理职业技术学院,海南,海口市,秀英区,医药,民办,专科,海南省教育厅,[]
2497,云南理工职业学院,云南,昆明市,安宁市,综合,民办,专科,云南省教育厅,[]
2475,云南经贸外事职业学院,云南,昆明市,盘龙区,财经,民办,专科,云南省教育厅,[]
2735,新疆科信职业技术学院,新疆,乌鲁木齐市,沙依巴克区,综合,民办,专科,新疆维吾尔自治区教育厅,[]
715,上海工商职业技术学院,上海,上海,嘉定区,综合,民办,专科,上海市教委,[]
2320,四川应用技术职业学院,四川,凉山彝族自治州,,综合,民办,专科,四川省教育厅,[]
2650,平凉职业技术学院,甘肃,平凉市,崆峒区,综合,公办,专科,甘肃省,[]
588,吉林职业技术学院,吉林,延边朝鲜族自治州,,综合,民办,专科,吉林省教育厅,[]
2245,成都艺术职业大学,四川,成都市,新津县,艺术,民办,本科,四川省教育厅,[]
714,上海东海职业技术学院,上海,上海,闵行区,综合,民办,专科,上海市教委,[]
2209,重庆智能工程职业学院,重庆,重庆,永川区,综合,民办,专科,重庆市教委,[]
1626,郑州轨道工程职业学院,河南,郑州市,登封市,理工,民办,专科,河南省教育厅,[]
407,阿拉善职业技术学院,内蒙古,阿拉善盟,阿拉善左旗,综合,公办,专科,内蒙古自治区,[]
245,石家庄工商职业学院,河北,石家庄市,桥西区,财经,民办,专科,河北省教育厅,[]
1545,河南工业和信息化职业学院,河南,焦作市,山阳区,理工,公办,专科,河南省,"[""省属""]"
3133,重庆数字产业职业技术学院,重庆,重庆,忠县,,民办,专科,重庆市教育委员会,[]
1601,郑州黄河护理职业学院,河南,郑州市,新密市,医药,民办,专科,河南省教育厅,[]
2029,广东碧桂园职业学院,广东,清远市,清城区,综合,民办,专科,广东省教育厅,[]
2106,广西经济职业学院,广西,南宁市,武鸣区,财经,民办,专科,广西壮族自治区教育厅,[]
3117,文山职业技术学院,云南,文山壮族苗族自治州,文山市,,公办,专科,云南省,[]
3119,香格里拉职业学院,云南,迪庆藏族自治州,香格里拉市,,公办,专科,云南省,[]
2737,塔城职业技术学院,新疆,塔城地区,塔城市,理工,公办,专科,新疆维吾尔自治区,[]
1753,长江艺术工程职业学院,湖北,荆州市,,综合,民办,专科,湖北省教育厅,[]
3126,图木舒克职业技术学院,新疆,自治区直辖县级行政区划,图木舒克市,,公办,专科,,[]
269,曹妃甸职业技术学院,河北,唐山市,,综合,民办,专科,河北省教育厅,[]
2093,广西现代职业技术学院,广西,河池市,金城江区,综合,公办,专科,广西壮族自治区,[]
404,满洲里俄语职业学院,内蒙古,呼伦贝尔市,满洲里市,语言,公办,专科,内蒙古自治区,[]
379,兴安职业技术大学,内蒙古,兴安盟,乌兰浩特市,综合,公办,本科,内蒙古自治区,[]
2718,新疆现代职业技术学院,新疆,乌鲁木齐市,头屯河区,医药,民办,专科,新疆维吾尔自治区教育厅,[]
2283,四川国际标榜职业学院,四川,成都市,龙泉驿区,艺术,民办,专科,四川省教育厅,[]
2321,西昌民族幼儿师范高等专科学校,四川,凉山彝族自治州,西昌市,师范,公办,专科,四川省,"[""省属""]"
3112,洛阳商业职业学院,河南,洛阳市,洛龙区,,民办,专科,河南省教育厅,[]
1305,江西枫林涉外经贸职业学院,江西,九江市,,综合,民办,专科,江西省教育厅,[]
2338,绵阳飞行职业学院,四川,绵阳市,北川羌族自治县,综合,民办,专科,四川省教育厅,[]
2306,四川长江职业学院,四川,成都市,,理工,民办,专科,四川省教育厅,[]
2473,云南新兴职业学院,云南,昆明市,呈贡区,综合,民办,专科,云南省教育厅,[]
1414,山东服装职业学院,山东,泰安市,,综合,公办,专科,山东省,[]
3162,赣东职业技术学院,江西,抚州市,临川区,,民办,专科,,[]
3113,郑州软件职业技术学院,河南,郑州市,郑州航空港经济综合实验区,,民办,专科,河南省教育厅,[]
394,乌海职业技术学院,内蒙古,乌海市,,理工,公办,专科,内蒙古自治区,[]
2335,资阳环境科技职业学院,四川,资阳市,雁江区,综合,民办,专科,四川省教育厅,[]
395,内蒙古科技职业学院,内蒙古,呼和浩特市,,理工,民办,专科,内蒙古自治区教育厅,[]
2324,德阳城市轨道交通职业学院,四川,德阳市,,综合,民办,专科,四川省教育厅,[]
515,大连汽车职业技术学院,辽宁,大连市,,理工,民办,专科,辽宁省教育厅,"[""省属""]"
3061,郑州医药健康职业学院,河南,郑州市,中原区,,民办,专科,河南省教育厅,[]
2078,桂林生命与健康职业技术学院,广西,桂林市,秀峰区,医药,民办,专科,广西壮族自治区教育厅,[]
2499,红河职业技术学院,云南,红河哈尼族彝族自治州,红河县,综合,公办,专科,云南省,[]
3105,沧州航空职业学院,河北,沧州市,运河区,,民办,专科,河北省教育厅,[]
1470,日照航海工程职业学院,山东,日照市,,综合,民办,专科,山东省教育厅,[]
329,山西国际商务职业学院,山西,太原市,,财经,公办,专科,山西省,[]
1417,山东圣翰财贸职业学院,山东,济南市,,综合,民办,专科,山东省教育厅,"[""省属""]"
3029,湖北孝感美珈职业学院,湖北,孝感市,孝南区,,民办,专科,湖北省教育厅,[]
2031,广东酒店管理职业技术学院,广东,东莞市,全市,综合,民办,专科,广东省教育厅,[]
2651,培黎职业学院,甘肃,张掖市,高台县,理工,公办,专科,甘肃省,[]
2478,云南商务职业学院,云南,昆明市,嵩明县,财经,民办,专科,云南省教育厅,[]
1624,林州建筑职业技术学院,河南,安阳市,林州市,理工,民办,专科,河南省教育厅,[]
393,包头钢铁职业技术学院,内蒙古,包头市,,理工,公办,专科,内蒙古自治区,[]
2131,三亚城市职业学院,海南,三亚市,,综合,民办,专科,海南省教育厅,[]
522,沈阳北软信息职业技术学院,辽宁,沈阳市,,理工,民办,专科,辽宁省教育厅,[]
870,江海职业技术学院,江苏,扬州市,,理工,民办,专科,江苏省教育厅,"[""省属""]"
2210,重庆健康职业学院,重庆,重庆,大足区,医药,民办,专科,重庆市教委,[]
568,四平职业大学,吉林,四平市,,理工,公办,专科,吉林省,[]
859,金肯职业技术学院,江苏,南京市,,理工,民办,专科,江苏省教育厅,[]
1628,平顶山职业技术学院,河南,平顶山市,平顶山市新城区,综合,公办,专科,河南省,"[""省属""]"
667,佳木斯职业学院,黑龙江,佳木斯市,郊区,综合,公办,专科,黑龙江省,[]
659,黑龙江能源职业学院,黑龙江,双鸭山市,尖山区,理工,公办,专科,黑龙江省,[]
2574,西安城市建设职业学院,陕西,西安市,,理工,民办,专科,陕西省教育厅,[]
652,黑龙江商业职业学院,黑龙江,牡丹江市,爱民区,财经,公办,专科,黑龙江省,[]
896,扬州中瑞酒店职业学院,江苏,扬州市,广陵区,财经,民办,专科,江苏省教育厅,[]
1317,江西洪州职业学院,江西,宜春市,丰城市,综合,民办,专科,江西省教育厅,"[""省属""]"
1809,湖南软件职业技术大学,湖南,湘潭市,湘潭九华示范区,理工,民办,本科,湖南省教育厅,[]
1565,郑州工业安全职业学院,河南,郑州市,新郑市,理工,公办,专科,河南省,"[""省属""]"
2402,贵州工贸职业学院,贵州,毕节市,威宁彝族回族苗族自治县,综合,民办,专科,贵州省教育厅,[]
1306,江西泰豪动漫职业学院,江西,南昌市,,综合,民办,专科,江西省教育厅,[]
1457,山东文化产业职业学院,山东,青岛市,莱西市,综合,民办,专科,山东省教育厅,[]
1564,嵩山少林武术职业学院,河南,郑州市,金水区,综合,民办,专科,河南省教育厅,[]
1599,郑州幼儿师范高等专科学校,河南,郑州市,中牟县,师范,公办,专科,河南省,[]
1578,郑州城市职业学院,河南,郑州市,二七区,综合,民办,专科,河南省教育厅,[]
2098,广西演艺职业学院,广西,南宁市,兴宁区,艺术,民办,专科,广西壮族自治区教育厅,[]
2483,云南外事外语职业学院,云南,昆明市,嵩明县,语言,民办,专科,云南省教育厅,[]
2645,兰州科技职业学院,甘肃,兰州市,七里河区,综合,民办,专科,甘肃省教育厅,[]
881,昆山登云科技职业学院,江苏,苏州市,,理工,民办,专科,江苏省教育厅,[]
3143,双河职业技术学院,新疆,自治区直辖县级行政区划,双河市,理工,公办,专科,新疆生产建设兵团,[]
2314,四川文轩职业学院,四川,成都市,,综合,民办,专科,四川省教育厅,[]
580,长春信息技术职业学院,吉林,长春市,,理工,民办,专科,吉林省教育厅,[]
3148,河南新乡工商职业学院,河南,新乡市,新乡市平原城乡一体化示范区,理工,民办,专科,,[]
3144,周口城市职业学院,河南,周口市,川汇区,理工,民办,专科,,[]
3080,昭通职业学院,云南,昭通市,昭阳区,,公办,专科,,[]
672,哈尔滨北方航空职业技术学院,黑龙江,哈尔滨市,阿城区,理工,民办,专科,黑龙江省教育厅,[]
1594,鹤壁汽车工程职业学院,河南,鹤壁市,淇滨区,理工,民办,专科,河南省教育厅,[]
2458,云南科技信息职业学院,云南,昆明市,盘龙区,综合,民办,专科,云南省教育厅,[]
1311,景德镇陶瓷职业技术学院,江西,景德镇市,,理工,民办,专科,江西省教育厅,[]
590,长春健康职业学院,吉林,长春市,,综合,民办,专科,吉林省教育厅,[]
1583,许昌陶瓷职业学院,河南,许昌市,禹州市,理工,民办,专科,河南省教育厅,[]
2378,黔南民族职业技术学院,贵州,黔南布依族苗族自治州,都匀市,综合,公办,专科,贵州省,[]
3089,郑州食品工程职业学院,河南,郑州市,新郑市,,民办,专科,河南省人民政府,[]
2339,德阳农业科技职业学院,四川,德阳市,罗江区,综合,民办,专科,四川省教育厅,[]
2466,云南城市建设职业学院,云南,昆明市,富民县,综合,民办,专科,云南省教育厅,[]
3076,郑州汽车工程职业学院,河南,郑州市,中原区,,民办,专科,河南省人民政府,[]
1559,漯河医学高等专科学校,河南,漯河市,,医药,公办,专科,河南省,"[""省属""]"
3161,临沧职业学院,云南,临沧市,临翔区,,公办,专科,,[]
391,科尔沁艺术职业学院,内蒙古,通辽市,,艺术,公办,专科,内蒙古自治区,[]
1584,郑州理工职业学院,河南,郑州市,新郑市,理工,民办,专科,河南省教育厅,[]
1557,河南质量工程职业学院,河南,平顶山市,湛河区,理工,公办,专科,河南省,[]
3125,喀什理工职业技术学院,新疆,喀什地区,莎车县,,公办,专科,新疆维吾尔自治区人民政府,[]
875,金山职业技术学院,江苏,镇江市,扬中市,理工,民办,专科,江苏省教育厅,[]
1586,长垣烹饪职业技术学院,河南,新乡市,长垣县,理工,民办,专科,河南省教育厅,[]
2476,云南三鑫职业技术学院,云南,文山壮族苗族自治州,文山市,理工,民办,专科,云南省教育厅,[]
1585,郑州信息工程职业学院,河南,郑州市,荥阳市,理工,民办,专科,河南省教育厅,[]
257,石家庄科技职业学院,河北,石家庄市,长安区,理工,民办,专科,河北省教育厅,[]
3121,阿克苏工业职业技术学院,新疆,阿克苏地区,阿克苏市,,公办,专科,新疆维吾尔自治区,[]
507,大连枫叶职业技术学院,辽宁,大连市,,理工,民办,专科,辽宁省教育厅,[]
1874,湖南三一工业职业技术学院,湖南,长沙市,长沙县,理工,民办,专科,湖南省教育厅,[]
2310,四川汽车职业技术学院,四川,绵阳市,涪城区,理工,民办,专科,四川省教育厅,[]
2295,四川文化传媒职业学院,四川,成都市,,综合,民办,专科,四川省教育厅,[]
2467,云南工程职业学院,云南,昆明市,东川区,综合,民办,专科,云南省教育厅,[]
3063,自贡职业技术学院,四川,自贡市,大安区,,民办,专科,四川省教育厅,[]
2380,贵州城市职业学院,贵州,贵阳市,花溪区,综合,民办,专科,贵州省教育厅,[]
857,无锡南洋职业技术学院,江苏,无锡市,,理工,民办,专科,江苏省教育厅,[]
2393,贵州工商职业学院,贵州,贵阳市,清镇市,综合,民办,专科,贵州省教育厅,[]
1605,洛阳科技职业学院,河南,洛阳市,新安县,综合,民办,专科,河南省教育厅,[]
3159,怒江职业技术学院,云南,怒江傈僳族自治州,泸水市,,公办,专科,,[]
830,硅湖职业技术学院,江苏,苏州市,,理工,民办,专科,江苏省教育厅,[]
3141,信阳工程职业学院,河南,信阳市,固始县,理工,民办,专科,,[]
499,辽宁广告职业学院,辽宁,沈阳市,大东区,艺术,民办,专科,辽宁省教育厅,"[""省属""]"
2630,兰州外语职业学院,甘肃,兰州市,城关区,综合,民办,专科,甘肃省教育厅,[]
3062,和君职业学院,江西,赣州市,会昌县,,民办,专科,江西省教育厅,[]
2337,南充电影工业职业学院,四川,南充市,顺庆区,艺术,民办,专科,四川省教育厅,[]
1625,郑州电子商务职业学院,河南,郑州市,中牟县,综合,民办,专科,河南省教育厅,[]
1596,郑州商贸旅游职业学院,河南,郑州市,中原区,财经,民办,专科,河南省教育厅,[]
3160,云南工业信息职业学院,云南,曲靖市,沾益区,,公办,专科,,[]
585,吉林科技职业技术学院,吉林,长春市,,理工,民办,专科,吉林省教育厅,[]
3090,昆玉职业技术学院,新疆,自治区直辖县级行政区划,昆玉市,,公办,专科,新疆生产建设兵团,[]
2595,陕西旅游烹饪职业学院,陕西,西安市,,综合,民办,专科,陕西省教育厅,[]
2326,江阳城建职业学院,四川,泸州市,龙马潭区,理工,民办,专科,四川省教育厅,[]
3130,遂宁工程职业学院,四川,遂宁市,安居区,,民办,专科,四川省教育厅,[]
1469,烟台黄金职业学院,山东,烟台市,,综合,民办,专科,山东省教育厅,[]
3124,定西职业技术学院,甘肃,定西市,临洮县,,公办,专科,甘肃省人民政府,[]
591,长春早期教育职业学院,吉林,长春市,绿园区,综合,民办,专科,吉林省教育厅,[]
1609,驻马店幼儿师范高等专科学校,河南,驻马店市,驿城区,师范,公办,专科,河南省,[]
853,炎黄职业技术学院,江苏,淮安市,,理工,民办,专科,江苏省教育厅,[]
2405,贵州应用技术职业学院,贵州,黔南布依族苗族自治州,福泉市,理工,民办,专科,贵州省教育厅,[]
3046,邢台应用技术职业学院,河北,邢台市,威县,,民办,专科,河北省教育厅,[]
3066,白银希望职业技术学院,甘肃,白银市,白银区,,民办,专科,甘肃省教育厅,[]
2325,德阳科贸职业学院,四川,德阳市,广汉市,综合,民办,专科,四川省教育厅,[]
816,明达职业技术学院,江苏,盐城市,射阳县,理工,民办,专科,江苏省教育厅,[]
3142,信阳科技职业学院,河南,信阳市,平桥区,理工,民办,专科,河南省教育厅,[]
3102,烟台城市科技职业学院,山东,烟台市,福山区,,民办,专科,山东省人民政府,[]
1757,湖北健康职业学院,湖北,咸宁市,咸安区,医药,民办,专科,湖北省教育厅,[]
1627,郑州体育职业学院,河南,郑州市,新郑市,体育,民办,专科,河南省教育厅,[]
1562,郑州电子信息职业技术学院,河南,郑州市,中牟县,综合,民办,专科,河南省教育厅,[]
327,山西体育职业学院,山西,太原市,小店区,体育,公办,专科,山西省,[]
3149,海南东方新丝路职业学院,海南,省直辖县级行政区划,东方市,,民办,专科,,[]
890,宿迁泽达职业技术学院,江苏,宿迁市,,理工,民办,专科,江苏省教育厅,[]
3134,长春数字科技职业学院,吉林,长春市,九台区,,民办,专科,吉林省教育厅,[]
1401,曲阜远东职业技术学院,山东,济宁市,曲阜市,综合,民办,专科,山东省教育厅,[]
3088,贵州铜仁数据职业学院,贵州,铜仁市,万山区,,民办,专科,贵州省教育厅,[]
650,哈尔滨传媒职业学院,黑龙江,哈尔滨市,,综合,民办,专科,黑龙江省教育厅,[]
2080,广西体育高等专科学校,广西,南宁市,西乡塘区,体育,公办,专科,广西壮族自治区,[]
864,建东职业技术学院,江苏,常州市,,理工,民办,专科,江苏省教育厅,[]
657,黑龙江三江美术职业学院,黑龙江,哈尔滨市,松北区,艺术,民办,专科,黑龙江省教育厅,[]
664,哈尔滨应用职业技术学院,黑龙江,哈尔滨市,,综合,民办,专科,黑龙江省教育厅,[]
2416,贵州民用航空职业学院,贵州,安顺市,平坝区,综合,民办,专科,贵州省教育厅,[]
1870,湖南电子科技职业学院,湖南,长沙市,望城区,综合,民办,专科,湖南省教育厅,[]
3249,宁波东方理工大学,浙江,宁波市,镇海区,,民办,本科,浙江省教育厅,[]
3248,西安戏剧学院,陕西,咸阳市,渭城区,,公办,本科,陕西省,[]
3247,海南警察学院,海南,海口市,琼山区,,公办,本科,海南省,[]
3246,新疆理工职业大学,新疆,喀什地区,疏勒县,,公办,本科,新疆生产建设兵团,[]
3245,海南洛桑旅游大学,海南,三亚市,海棠区,,境外高校独立办学,本科,海南省,[]
3243,塔里木理工学院,新疆,自治区直辖县级行政区划,阿拉尔市,,民办,本科,新疆生产建设兵团教育局,[]
3242,大湾区大学,广东,东莞市,全市,,公办,本科,广东省,[]
3239,赣州远恒佳职业学院,江西,赣州市,安远县,,民办,专科,,[]
3238,周口智慧能源职业学院,河南,周口市,淮阳县,,民办,专科,,[]
3237,重庆安防职业学院,重庆,重庆,綦江区,,民办,专科,重庆市教育委员会,[]
3236,日喀则职业技术学院,西藏,日喀则市,桑珠孜区,,公办,专科,,[]
3235,赣州起元职业学院,江西,赣州市,于都县,,民办,专科,,[]
3234,阜康职业技术学院,新疆,昌吉回族自治州,阜康市,,公办,专科,,[]
3233,菏泽生物医药职业学院,山东,菏泽市,鄄城县,,民办,专科,,[]
3232,哈尔滨商贸职业学院,黑龙江,哈尔滨市,呼兰区,,民办,专科,,[]
3231,枣庄应用技术职业学院,山东,枣庄市,市中区,,民办,专科,,[]
3230,开封工程职业学院,河南,开封市,祥符区,,民办,专科,,[]
3229,济宁汽车工程职业学院,山东,济宁市,梁山县,,民办,专科,,[]
3228,齐齐哈尔立德健康职业学院,黑龙江,齐齐哈尔市,龙沙区,,民办,专科,,[]
3227,平顶山科技职业学院,河南,平顶山市,新华区,,民办,专科,,[]
3226,日照科技职业学院,山东,日照市,五莲县,,民办,专科,,[]
3225,邵阳通航职业技术学院,湖南,邵阳市,新邵县,,民办,专科,,[]
3224,临沂城市职业学院,山东,临沂市,罗庄区,,民办,专科,山东省教育厅,[]
3223,昆明航空职业学院,云南,昆明市,官渡区,,民办,专科,,[]
3222,湖州健康职业学院,浙江,湖州市,吴兴区,,民办,专科,,[]
3221,九江卫生健康职业学院,江西,九江市,柴桑区,,公办,专科,,[]
3220,聊城科技职业学院,山东,聊城市,临清市,,公办,专科,,[]
3219,石家庄金融职业学院,河北,石家庄市,井陉县,,民办,专科,,[]
3218,岳阳科技职业学院,湖南,岳阳市,岳阳县,,民办,专科,,[]
3217,六安应用科技职业学院,安徽,六安市,金寨县,,公办,专科,,[]
3216,石家庄农林职业学院,河北,石家庄市,平山县,,民办,专科,,[]
3215,新余职业技术学院,江西,新余市,渝水区,,公办,专科,,[]
3214,重庆农业职业学院,重庆,重庆,九龙坡区,,公办,专科,,[]
3213,苏州旅游职业学院,江苏,扬州市,扬州经济技术开发区,,公办,专科,,[]
3212,常州铁道职业技术学院,江苏,常州市,武进区,,公办,专科,,[]
3211,四平现代职业学院,吉林,四平市,铁西区,,公办,专科,,[]
3210,南通卫生健康职业学院,江苏,南通市,南通经济技术开发区,,公办,专科,,[]
3209,开封智慧健康职业学院,河南,开封市,祥符区,,民办,专科,,[]
3208,宜宾工业职业技术学院,四川,宜宾市,南溪区,,公办,专科,四川省教育厅,[]
3206,中国人民解放军信息支援部队工程大学,重庆,重庆,硚口区,,公办,本科,,[]
3205,郴州智能科技职业学院,湖南,郴州市,北湖区,,民办,专科,,[]
3204,长沙科技职业学院,湖南,长沙市,长沙县,,民办,专科,,[]
3203,集美工业职业学院,福建,厦门市,集美区,,公办,专科,,[]
3202,株洲科技职业学院,湖南,株洲市,渌口区,,民办,专科,,[]
3201,衡阳理工职业学院,湖南,衡阳市,耒阳市,,民办,专科,,[]
3200,江西电子信息职业技术学院,江西,南昌市,青山湖区,,公办,专科,,[]
3199,大同数据科技职业学院,山西,大同市,云州区,,民办,专科,,[]
3198,长沙科技学院,湖南,长沙市,长沙县,,民办,本科,,[]
3197,鹰潭卫生职业学院,江西,鹰潭市,月湖区,,民办,专科,江西省教育厅,[]
3196,新疆工业学院,新疆,和田地区,和田县,,公办,本科,,[]
3195,宜宾医药健康职业学院,四川,宜宾市,南溪区,,公办,专科,四川省教育厅,[]
3194,湖北三峡航空学院,湖北,宜昌市,点军区,,民办,本科,湖北省教育厅,[]
3192,芜湖航空职业学院,安徽,芜湖市,湾沚区,,民办,专科,,[]
3190,乌鲁木齐职业技术学院,新疆,乌鲁木齐市,头屯河区,,公办,专科,,[]
3189,福建福耀科技大学,福建,福州市,闽侯县,,民办,本科,福建省教育厅,[]
3188,山东文化艺术职业学院,山东,德州市,齐河县,,公办,专科,"山东省文化和旅游厅,山东省教育厅",[]
3187,海口旅游职业学院,海南,海口市,秀英区,,公办,专科,,[]
3186,黔东南理工职业学院,贵州,黔东南苗族侗族自治州,凯里市,,公办,专科,黔东南州人民政府,[]
3185,海南艺术职业学院,海南,海口市,龙华区,,公办,专科,,[]
3184,芜湖医药健康职业学院,安徽,芜湖市,湾沚区,,民办,专科,,[]
3183,烟台卫生健康职业学院,山东,烟台市,福山区,,公办,专科,,[]
3182,长沙医药健康职业学院,湖南,长沙市,望城区,,民办,专科,湖南省教育厅,[]
3181,蚌埠城市轨道交通职业学院,安徽,蚌埠市,淮上区,,民办,专科,,[]
3180,三亚护理职业学院,海南,三亚市,天涯区,,民办,专科,海南省教育厅,[]
3179,贵州生态能源职业学院,贵州,贵阳市,云岩区,,公办,专科,"贵州省林业局,贵州省能源局",[]
3178,日照康养职业学院,山东,日照市,东港区,,民办,专科,山东省教育厅,[]
3177,新疆和田学院,新疆,和田地区,和田市,,公办,本科,,[]
3176,西安电力机械制造公司机电学院,陕西,西安市,未央区,,公办,专科,陕西省教育厅,[]
3174,盐城农业科技职业学院,江苏,盐城市,亭湖区,理工,公办,专科,,[]
3173,江苏司法警官职业学院,江苏,南京市,浦口区,政法,公办,专科,江苏省司法厅,[]
3172,无锡师范高等专科学校,江苏,无锡市,梁溪区,师范,公办,专科,,[]
3170,宿迁幼儿师范高等专科学校,江苏,宿迁市,宿豫区,综合,公办,专科,,[]
3169,荆门通用航空职业技术学院,湖北,荆门市,东宝区,综合,公办,专科,,[]
3168,玉林职业技术学院,广西,玉林市,玉州区,理工,公办,专科,广西壮族自治区,[]
3167,广西智能制造职业技术学院,广西,柳州市,鱼峰区,理工,公办,专科,,[]
3164,怀化工商职业技术学院,湖南,怀化市,中方县,,公办,专科,,[]
3163,深圳理工大学,广东,深圳市,光明区,,公办,本科,广东省,[]
3158,西昌医学高等专科学校,四川,凉山彝族自治州,西昌市,,公办,专科,,[]
3157,成都轨道交通职业学院,四川,资阳市,雁江区,,民办,专科,,[]
3154,邢台新能源职业学院,河北,邢台市,宁晋县,,民办,专科,河北省教育厅,[]
3138,安徽公安学院,安徽,合肥市,巢湖市,,公办,本科,,[]
3137,香港城市大学（东莞）,广东,东莞市,全市,,内地港澳台合作,本科,广东省教育厅,[]
3136,深圳城市职业学院,广东,深圳市,龙岗区,,公办,专科,广东省教育厅,[]
3132,香港科技大学（广州）,广东,广州市,南沙区,,内地港澳台合作,本科,广东省教育厅,[]
3129,遂宁能源职业学院,四川,遂宁市,船山区,,民办,专科,四川省教育厅,[]
3127,郑州美术学院,河南,郑州市,中原区,,民办,本科,河南省教育厅,[]
3122,长沙轨道交通职业学院,湖南,长沙市,浏阳市,,民办,专科,湖南省教育厅,[]
3116,贵州体育职业学院,贵州,贵阳市,花溪区,,公办,专科,贵州省,[]
3115,珠海格力职业学院,广东,珠海市,香洲区,,民办,专科,广东省教育厅,[]
3106,邯郸应用技术职业学院,河北,邯郸市,广平县,,民办,专科,河北省教育厅,[]
3104,衡水健康科技职业学院,河北,衡水市,衡水滨湖新区,,公办,专科,河北省,[]
3103,衡阳科技职业学院,湖南,衡阳市,珠晖区,,民办,专科,湖南省人民政府,[]
3101,郴州思科职业学院,湖南,郴州市,苏仙区,,民办,专科,湖南省人民政府,[]
3099,岳阳现代服务职业学院,湖南,岳阳市,汨罗市,,民办,专科,湖南省人民政府,[]
3097,长沙文创艺术职业学院,湖南,长沙市,宁乡市,,民办,专科,湖南省教育厅,[]
3091,常德科技职业技术学院,湖南,常德市,武陵区,,公办,专科,湖南省人民政府,[]
3081,华北水利水电大学乌拉尔学院,河南,郑州市,金水区,,中外合作办学,本科,,[]
3077,吕梁师范高等专科学校,山西,吕梁市,方山县,,公办,专科,山西省,[]
3069,常州幼儿师范高等专科学校,江苏,常州市,武进区,,公办,专科,江苏省,[]
3065,娄底幼儿师范高等专科学校,湖南,娄底市,冷水江市,,公办,专科,湖南省,[]
3060,防城港职业技术学院,广西,防城港市,防城区,,公办,专科,广西壮族自治区,[]
3055,贵州文化旅游职业学院,贵州,贵阳市,清镇市,,公办,专科,贵州省,[]
3047,广西农业工程职业技术学院,广西,崇左市,扶绥县,,公办,专科,广西壮族自治区,[]
3044,浙江金华科贸职业技术学院,浙江,金华市,婺城区,,民办,专科,浙江省教育厅,[]
3037,西南大学（荣昌校区）,重庆,重庆,荣昌区,综合,公办,本科,教育部,"[""211"",""双一流"",""保研"",""国重点"",""部委院校"",""省部共建""]"
3033,广州幼儿师范高等专科学校,广东,广州市,天河区,,公办,专科,广东省,[]
3030,陕西航天职工大学,陕西,西安市,长安区,,公办,专科,陕西省教育厅,[]
3028,吉林省经济管理干部学院,吉林,长春市,朝阳区,,公办,专科,吉林省教育厅,"[""省属""]"
3021,中国人民解放军空军工程大学,陕西,西安市,灞桥区,军事,公办,本科,解放军空军,[]
3020,中国人民解放军陆军边海防学院,陕西,西安市,,军事,公办,本科,解放军兰州军区,[]
3018,陕西省建筑工程总公司职工大学,陕西,西安市,雁塔区,理工,公办,专科,陕西省教育厅,[]
3012,联勤保障部队工程大学,重庆,重庆,沙坪坝区,军事,公办,本科,解放军总后勤部,[]
3007,湘潭科技职业学院,湖南,湘潭市,雨湖区,师范,公办,专科,,[]
3002,空军预警学院,湖北,武汉市,江岸区,军事,公办,本科,解放军空军,"[""部委院校""]"
3001,海军工程大学,湖北,武汉市,硚口区,军事,公办,本科,解放军海军,"[""国重点"",""部委院校""]"
2997,网络空间部队信息工程大学,河南,郑州市,中原区,军事,公办,本科,解放军战略支援部队,"[""国重点"",""部委院校""]"
2995,中国人民解放军海军航空大学,山东,烟台市,芝罘区,军事,公办,本科,解放军海军,[]
2994,中国人民解放军海军潜艇学院,山东,青岛市,李沧区,军事,公办,本科,解放军海军,[]
2991,北京交通大学（威海校区）,山东,威海市,,理工,公办,本科,教育部,"[""211"",""101计划"",""研究生院"",""保研""]"
2990,中国人民解放军陆军步兵学院,江西,南昌市,东湖区,军事,公办,本科,解放军南京军区,[]
2986,陆军兵种大学,安徽,合肥市,蜀山区,军事,公办,本科,解放军总参谋部,[]
2976,空军航空大学,吉林,长春市,绿园区,军事,公办,本科,解放军空军,"[""国重点"",""部委院校""]"
2975,中国人民解放军海军大连舰艇学院,辽宁,大连市,,军事,公办,本科,解放军海军,[]
2966,华北电力大学（保定）,河北,保定市,莲池区,理工,公办,本科,教育部,"[""211"",""保研""]"
2961,军事航天部队航天工程大学,北京,北京,怀柔区,军事,公办,本科,解放军总装备部,"[""部委院校""]"
2960,陆军防化学院,北京,北京,昌平区,军事,公办,本科,解放军总参谋部,"[""部委院校""]"
2956,华北电力大学（北京）,北京,北京,昌平区,理工,公办,本科,教育部,"[""211"",""双一流"",""保研""]"
2941,香港恒生大学,香港,新界,沙田区,财经,民办,本科,,[]
2940,香港树仁大学,香港,香港岛,东区,综合,民办,本科,香港特别行政区政府教育局,[]
2939,中国人民武装警察部队特种警察学院,北京,北京,朝阳区,军事,公办,本科,,[]
2933,中国人民解放军陆军特种作战学院,广西,桂林市,象山区,军事,公办,本科,中央军委训练管理部,[]
2912,澳门城市大学,澳门,离岛,嘉模堂区,综合,民办,本科,,[]
2885,香港都会大学,香港,香港岛,九龙城区,综合,公办,本科,,[]
2876,山西省政法管理干部学院,山西,太原市,迎泽区,综合,公办,专科,山西省教育厅,[]
2868,河北青年管理干部学院,河北,石家庄市,裕华区,综合,公办,专科,河北省教育厅,"[""省属""]"
2867,空军指挥学院,北京,北京,海淀区,军事,公办,本科,解放军空军,[]
2862,首都经济贸易大学密云分校,北京,北京,密云区,财经,公办,专科,北京市教委,[]
2854,澳门旅游大学,澳门,离岛,嘉模堂区,综合,公办,本科,,[]
2853,香港岭南大学,香港,新界,屯门区,综合,公办,本科,,[]
2847,解放军空军西安飞行学院,陕西,西安市,鄠邑区,军事,公办,本科,解放军成都军区,[]
2841,香港浸会大学,香港,香港岛,深水埗区,综合,公办,本科,,[]
2837,南昌大学抚州医学院,江西,抚州市,临川区,医药,公办,本科,南昌大学,[]
2829,香港演艺学院,香港,香港岛,湾仔区,艺术,公办,本科,香港特别行政区政府,[]
2815,香港教育大学,香港,新界,大埔区,综合,公办,本科,香港特别行政区,[]
2812,武警指挥学院,天津,天津,津南区,军事,公办,本科,武警总部,[]
2802,香港科技大学,香港,新界,西贡区,理工,公办,本科,香港特别行政区,[]
2797,解放军南京陆军指挥学院,江苏,南京市,浦口区,军事,公办,本科,解放军总参谋部,[]
2789,澳门科技大学,澳门,离岛,嘉模堂区,综合,民办,本科,,[]
2786,中国人民大学（苏州校区）,江苏,苏州市,苏州工业园区,综合,公办,本科,中国人民大学,"[""985"",""211"",""双一流"",""101计划"",""研究生院"",""保研"",""国重点"",""部委院校"",""省部共建""]"
2784,香港理工大学,香港,香港岛,深水埗区,理工,公办,本科,香港特别行政区,[]
2782,解放军陆军航空兵学院,北京,北京,通州区,军事,公办,本科,解放军总参谋部,[]
2780,武警后勤学院,天津,天津,东丽区,军事,公办,本科,武警后勤部,[]
2778,澳门理工大学,澳门,澳门半岛,大堂区,理工,公办,本科,,[]
2777,香港城市大学,香港,香港岛,深水埗区,综合,公办,本科,香港特别行政区,[]
2766,武警工程大学,陕西,西安市,新城区,军事,公办,本科,武警总部,"[""国重点"",""部委院校""]"
2764,香港大学,香港,香港岛,东区,综合,公办,本科,香港特别行政区,[]
2763,澳门大学,澳门,离岛,嘉模堂区,综合,公办,本科,,"[""国重点""]"
2762,武警海警学院,浙江,宁波市,北仑区,政法,公办,本科,公安部,"[""省部共建""]"
2758,火箭军工程大学,陕西,西安市,灞桥区,军事,公办,本科,解放军火箭军,"[""国重点""]"
2755,香港中文大学,香港,新界,沙田区,综合,公办,本科,香港特别行政区,"[""101计划""]"
2754,武警警官学院,四川,成都市,双流区,军事,公办,本科,武警总部,"[""部委院校""]"
2722,新疆体育职业技术学院,新疆,乌鲁木齐市,天山区,体育,公办,专科,新疆维吾尔自治区,[]
2683,宁夏体育职业学院,宁夏,银川市,西夏区,体育,公办,专科,宁夏回族自治区,[]
2658,青海警官职业学院,青海,西宁市,,政法,公办,专科,青海省,[]
2656,青海大学昆仑学院,青海,西宁市,城北区,综合,民办,本科,青海省教育厅,[]
2581,西安健康工程职业学院,陕西,西安市,新城区,综合,民办,专科,陕西省教育厅,[]
2531,西安美术学院,陕西,西安市,,艺术,公办,本科,陕西省,"[""保研"",""省属""]"
2530,西安音乐学院,陕西,西安市,雁塔区,艺术,公办,本科,陕西省,"[""省属""]"
2504,西藏警官高等专科学校,西藏,拉萨市,,师范,公办,专科,西藏自治区,[]
2460,昆明艺术职业学院,云南,昆明市,官渡区,艺术,民办,专科,云南省教育厅,[]
2411,贵州护理职业技术学院,贵州,黔南布依族苗族自治州,贵定县,医药,公办,专科,贵州省,[]
2409,贵州食品工程职业学院,贵州,贵阳市,清镇市,综合,公办,专科,贵州省,[]
2408,贵州健康职业学院,贵州,铜仁市,碧江区,医药,公办,专科,贵州省,"[""省属""]"
2407,贵州装备制造职业学院,贵州,贵阳市,清镇市,理工,公办,专科,贵州省,"[""省属""]"
2406,贵州电子科技职业学院,贵州,贵阳市,花溪区,理工,公办,专科,贵州省,[]
2403,贵州水利水电职业技术学院,贵州,贵阳市,清镇市,理工,公办,专科,贵州省,[]
2398,贵州建设职业技术学院,贵州,贵阳市,清镇市,理工,公办,专科,贵州省,"[""省属""]"
2342,四川体育职业学院,四川,成都市,,体育,公办,专科,四川省,"[""省属""]"
2298,四川艺术职业学院,四川,成都市,温江区,艺术,公办,专科,四川省,[]
2294,四川信息职业技术学院,四川,广元市,利州区,理工,公办,专科,四川省,"[""省属""]"
2291,四川商务职业学院,四川,成都市,,财经,公办,专科,四川省,"[""省属""]"
2287,眉山职业技术学院,四川,眉山市,东坡区,综合,公办,专科,四川省,[]
2274,四川邮电职业技术学院,四川,成都市,锦江区,理工,公办,专科,四川省,"[""双高计划""]"
2161,重庆警察学院,重庆,重庆,沙坪坝区,政法,公办,本科,重庆市,[]
2119,广西制造工程职业技术学院,广西,南宁市,武鸣区,理工,公办,专科,广西壮族自治区,[]
2114,广西蓝天航空职业学院,广西,来宾市,兴宾区,综合,民办,专科,广西壮族自治区教育厅,[]
2113,玉柴职业技术学院,广西,玉林市,,综合,民办,专科,广西壮族自治区教育厅,[]
2096,广西经贸职业技术学院,广西,南宁市,,财经,公办,专科,广西壮族自治区,[]
2081,南宁职业技术大学,广西,南宁市,西乡塘区,综合,公办,本科,广西壮族自治区,"[""双高计划""]"
2070,南宁师范大学师园学院,广西,南宁市,西乡塘区,综合,民办,本科,广西壮族自治区教育厅,[]
2065,北海艺术设计学院,广西,北海市,,艺术,民办,本科,广西壮族自治区教育厅,[]
1952,广东以色列理工学院,广东,汕头市,金平区,理工,中外合作办学,本科,广东省,[]
1951,深圳北理莫斯科大学,广东,深圳市,龙岗区,综合,中外合作办学,本科,广东省,[]
1950,香港中文大学（深圳）,广东,深圳市,龙岗区,综合,内地港澳台合作,本科,广东省教育厅,"[""保研""]"
1947,南方科技大学,广东,深圳市,,理工,公办,本科,广东省,"[""双一流"",""101计划"",""保研"",""国重点""]"
1885,长沙幼儿师范高等专科学校,湖南,长沙市,雨花区,师范,公办,专科,湖南省,[]
1884,衡阳幼儿师范高等专科学校,湖南,衡阳市,雁峰区,师范,公办,专科,湖南省,[]
1882,怀化师范高等专科学校,湖南,怀化市,中方县,师范,公办,专科,湖南省,[]
1872,湖南高尔夫旅游职业学院,湖南,常德市,汉寿县,综合,民办,专科,湖南省教育厅,[]
1869,湖南都市职业学院,湖南,长沙市,长沙县,综合,民办,专科,湖南省教育厅,[]
1866,湖南电气职业技术学院,湖南,湘潭市,岳塘区,理工,公办,专科,湖南省,[]
1856,湖南工艺美术职业学院,湖南,益阳市,赫山区,艺术,公办,专科,湖南省,"[""省属"",""双高计划""]"
1847,潇湘职业学院,湖南,娄底市,娄星区,综合,民办,专科,湖南省教育厅,[]
1846,长沙南方职业学院,湖南,长沙市,岳麓区,综合,民办,专科,湖南省教育厅,[]
1840,湖南艺术职业学院,湖南,长沙市,,艺术,公办,专科,湖南省,[]
1828,湖南外贸职业学院,湖南,长沙市,,财经,公办,专科,湖南省,[]
1813,株洲师范高等专科学校,湖南,株洲市,,师范,公办,专科,湖南省,[]
1748,湖北体育职业学院,湖北,武汉市,,体育,公办,专科,湖北省,"[""省属""]"
1744,湖北青年职业学院,湖北,武汉市,武昌区,政法,公办,专科,湖北省,[]
1731,湖北艺术职业学院,湖北,武汉市,,艺术,公办,专科,湖北省,"[""省属""]"
1708,武汉工贸职业学院,湖北,武汉市,,综合,民办,专科,湖北省教育厅,[]
1682,湖北汽车工业学院科技学院,湖北,十堰市,郧阳区,理工,民办,本科,湖北省教育厅,[]
1661,武汉音乐学院,湖北,武汉市,武昌区,艺术,公办,本科,湖北省,"[""省属""]"
1650,湖北美术学院,湖北,武汉市,江夏区,艺术,公办,本科,湖北省,[]
1617,郑州亚欧交通职业学院,河南,郑州市,中牟县,综合,中外合作办学,专科,河南省教育厅,[]
1515,郑州警察学院,河南,郑州市,金水区,政法,公办,本科,公安部,"[""部委院校""]"
1474,烟台文化旅游职业学院,山东,烟台市,莱山区,综合,公办,专科,山东省,[]
1473,烟台幼儿师范高等专科学校,山东,烟台市,蓬莱市,师范,公办,专科,山东省,[]
1472,青岛幼儿师范高等专科学校,山东,青岛市,胶州市,师范,公办,专科,山东省,[]
1468,山东特殊教育职业学院,山东,济南市,,综合,公办,专科,山东省,"[""省属""]"
1465,菏泽职业学院,山东,菏泽市,,综合,公办,专科,山东省,[]
1459,济南幼儿师范高等专科学校,山东,济南市,,师范,公办,专科,山东省,[]
1453,山东传媒职业学院,山东,济南市,,综合,公办,专科,山东省,"[""省属""]"
1452,菏泽家政职业学院,山东,菏泽市,,综合,公办,专科,山东省,[]
1451,山东司法警官职业学院,山东,济南市,,政法,公办,专科,山东省,"[""省属""]"
1436,德州职业技术学院,山东,德州市,,综合,公办,专科,山东省,[]
1409,烟台职业学院,山东,烟台市,,综合,公办,专科,山东省,"[""双高计划""]"
1363,山东警察学院,山东,济南市,,政法,公办,本科,山东省,[]
1355,山东艺术学院,山东,济南市,,艺术,公办,本科,山东省,"[""保研"",""省部共建""]"
1303,江西卫生职业学院,江西,南昌市,,医药,公办,专科,江西省,[]
1130,阜阳幼儿师范高等专科学校,安徽,阜阳市,,师范,公办,专科,安徽省,[]
1125,安徽黄梅戏艺术职业学院,安徽,安庆市,宜秀区,艺术,公办,专科,安徽省,[]
1124,安徽扬子职业技术学院,安徽,芜湖市,,理工,民办,专科,安徽省教育厅,[]
1119,黄山职业技术学院,安徽,黄山市,,综合,公办,专科,安徽省,"[""省属""]"
1117,合肥信息技术职业学院,安徽,合肥市,,理工,民办,专科,安徽省教育厅,"[""省属""]"
1115,安徽现代信息工程职业学院,安徽,淮南市,寿县,理工,民办,专科,安徽省教育厅,[]
1113,徽商职业学院,安徽,合肥市,,理工,公办,专科,安徽省,"[""省属""]"
1108,安徽涉外经济职业学院,安徽,合肥市,,财经,民办,专科,安徽省教育厅,[]
1106,民办合肥财经职业学院,安徽,合肥市,合肥经济技术开发区,财经,民办,专科,安徽省教育厅,[]
1105,安徽工业职业技术学院,安徽,铜陵市,,理工,公办,专科,安徽省,[]
1101,安徽林业职业技术学院,安徽,合肥市,,农林,公办,专科,安徽省,"[""省属""]"
1100,安徽公安职业学院,安徽,合肥市,合肥高新技术产业开发区,政法,公办,专科,安徽省,"[""省属""]"
1098,安徽财贸职业学院,安徽,合肥市,肥东县,财经,公办,专科,安徽省,"[""省属""]"
1096,安徽艺术职业学院,安徽,合肥市,包河区,艺术,公办,专科,安徽省,"[""省属""]"
1092,阜阳科技职业学院,安徽,阜阳市,,理工,民办,专科,安徽省教育厅,[]
1089,安徽机电职业技术学院,安徽,芜湖市,,理工,公办,专科,安徽省,"[""省属"",""双高计划""]"
1085,民办合肥滨湖职业技术学院,安徽,合肥市,合肥经济技术开发区,理工,民办,专科,安徽省教育厅,[]
1084,安徽广播影视职业技术学院,安徽,合肥市,,艺术,公办,专科,安徽省,[]
1082,池州职业技术学院,安徽,池州市,,理工,公办,专科,安徽省,[]
1077,安徽体育运动职业技术学院,安徽,合肥市,包河区,体育,公办,专科,安徽省,"[""省属""]"
1072,宿州职业技术学院,安徽,宿州市,,理工,公办,专科,安徽省,[]
1071,安徽工贸职业技术学院,安徽,淮南市,谢家集区,理工,公办,专科,安徽省,[]
1069,安徽工业经济职业技术学院,安徽,合肥市,,财经,公办,专科,安徽省,"[""省属""]"
1066,民办万博科技职业学院,安徽,合肥市,合肥高新技术产业开发区,综合,民办,专科,安徽省教育厅,[]
1065,铜陵职业技术学院,安徽,铜陵市,,理工,公办,专科,安徽省,[]
1062,安徽商贸职业技术学院,安徽,芜湖市,,财经,公办,专科,安徽省,"[""省属"",""双高计划""]"
1050,合肥经济学院,安徽,合肥市,庐阳区,综合,民办,本科,安徽省教育厅,[]
1046,合肥理工学院,安徽,合肥市,巢湖市,综合,公办,本科,安徽省教育厅,[]
1011,宁波幼儿师范高等专科学校,浙江,宁波市,江北区,师范,公办,专科,浙江省,[]
1010,浙江舟山群岛新区旅游与健康职业学院,浙江,舟山市,,综合,公办,专科,浙江省,[]
1007,浙江特殊教育职业学院,浙江,杭州市,,师范,公办,专科,浙江省,[]
1005,浙江横店影视职业学院,浙江,金华市,,艺术,民办,专科,浙江省教育厅,[]
1002,浙江体育职业技术学院,浙江,杭州市,,体育,公办,专科,浙江省,"[""省属""]"
995,浙江长征职业技术学院,浙江,杭州市,,综合,民办,专科,浙江省教育厅,[]
993,浙江纺织服装职业技术学院,浙江,宁波市,,理工,公办,专科,浙江省,[]
981,浙江育英职业技术学院,浙江,杭州市,,财经,民办,专科,浙江省教育厅,[]
962,温州肯恩大学,浙江,温州市,龙湾区,综合,中外合作办学,本科,浙江省教育厅,[]
961,宁波诺丁汉大学,浙江,宁波市,,综合,中外合作办学,本科,浙江省教育厅,"[""保研""]"
960,西湖大学,浙江,杭州市,西湖区,理工,民办,本科,浙江省教育厅,"[""101计划"",""保研""]"
959,浙江音乐学院,浙江,杭州市,西湖区,艺术,公办,本科,浙江省,"[""省部共建""]"
927,浙江警察学院,浙江,杭州市,,政法,公办,本科,浙江省,"[""省属""]"
892,徐州幼儿师范高等专科学校,江苏,徐州市,,师范,公办,专科,江苏省,[]
882,南京视觉艺术职业学院,江苏,南京市,,艺术,民办,专科,江苏省教育厅,[]
880,苏州百年职业学院,江苏,苏州市,苏州工业园区,综合,中外合作办学,专科,江苏省教育厅,[]
872,江阴职业技术学院,江苏,无锡市,,理工,公办,专科,江苏省,[]
858,江南影视艺术职业学院,江苏,无锡市,惠山区,艺术,民办,专科,江苏省教育厅,[]
836,无锡科技职业学院,江苏,无锡市,,理工,公办,专科,江苏省,[]
835,应天职业技术学院,江苏,南京市,,理工,民办,专科,江苏省教育厅,[]
820,苏州工艺美术职业技术学院,江苏,苏州市,,艺术,公办,专科,江苏省,"[""省属"",""双高计划""]"
815,苏州幼儿师范高等专科学校,江苏,苏州市,,师范,公办,专科,江苏省,[]
813,昆山杜克大学,江苏,苏州市,昆山市,综合,中外合作办学,本科,江苏省教育厅,[]
812,西交利物浦大学,江苏,苏州市,,综合,中外合作办学,本科,江苏省教育厅,[]
781,南京警察学院,江苏,南京市,栖霞区,政法,公办,本科,公安部,"[""部委院校""]"
763,江苏警官学院,江苏,南京市,,政法,公办,本科,江苏省,"[""省属""]"
733,上海中华职业技术学院,上海,上海,黄浦区,理工,民办,专科,上海市教委,[]
732,上海电影艺术职业学院,上海,上海,浦东新区,艺术,民办,专科,上海市教委,[]
720,上海海事职业技术学院,上海,上海,浦东新区,理工,公办,专科,上海市,[]
712,上海纽约大学,上海,上海,浦东新区,综合,中外合作办学,本科,上海市教委,[]
711,上海科技大学,上海,上海,浦东新区,理工,公办,本科,上海市 中国科学院,"[""双一流"",""保研"",""国重点"",""省部共建""]"
696,上海公安学院,上海,上海,浦东新区,政法,公办,本科,上海市,"[""省属""]"
693,上海音乐学院,上海,上海,徐汇区,艺术,公办,本科,上海市,"[""双一流"",""保研"",""国重点"",""省部共建""]"
669,齐齐哈尔理工职业学院,黑龙江,齐齐哈尔市,富拉尔基区,理工,民办,专科,黑龙江省教育厅,[]
653,黑龙江公安警官职业学院,黑龙江,哈尔滨市,,政法,公办,专科,黑龙江省,[]
631,哈尔滨音乐学院,黑龙江,哈尔滨市,松北区,艺术,公办,本科,黑龙江省,[]
586,延边职业技术学院,吉林,延边朝鲜族自治州,,理工,公办,专科,吉林省,[]
578,长春职业技术大学,吉林,长春市,南关区,理工,公办,本科,吉林省,"[""双高计划""]"
519,辽宁城市建设职业技术学院,辽宁,沈阳市,,理工,公办,专科,辽宁省,"[""省属""]"
504,大连软件职业学院,辽宁,大连市,西岗区,理工,民办,专科,辽宁省教育厅,[]
491,沈阳航空职业技术学院,辽宁,沈阳市,,理工,公办,专科,辽宁省,[]
442,中国刑事警察学院,辽宁,沈阳市,,政法,公办,本科,公安部,"[""部委院校""]"
408,内蒙古美术职业学院,内蒙古,巴彦淖尔市,磴口县,艺术,民办,专科,内蒙古自治区教育厅,[]
374,内蒙古艺术学院,内蒙古,呼和浩特市,,艺术,公办,本科,内蒙古自治区,[]
357,朔州陶瓷职业技术学院,山西,朔州市,怀仁县,综合,公办,专科,山西省,[]
355,长治幼儿师范高等专科学校,山西,长治市,沁县,师范,公办,专科,山西省,[]
353,太原幼儿师范高等专科学校,山西,太原市,,师范,公办,专科,山西省,[]
351,吕梁职业技术学院,山西,吕梁市,离石区,综合,公办,专科,山西省,[]
345,晋中师范高等专科学校,山西,晋中市,,师范,公办,专科,山西省,[]
342,山西经贸职业学院,山西,太原市,晋源区,财经,公办,专科,山西省,"[""省属""]"
339,山西运城农业职业技术学院,山西,运城市,,农林,公办,专科,山西省,[]
338,山西华澳商贸职业学院,山西,晋中市,,财经,民办,专科,山西省教育厅,[]
337,晋中职业技术学院,山西,晋中市,,综合,公办,专科,山西省,[]
335,忻州职业技术学院,山西,忻州市,忻府区,综合,公办,专科,山西省,[]
334,山西电力职业技术学院,山西,太原市,,理工,公办,专科,山西省,[]
328,山西警官职业学院,山西,太原市,,政法,公办,专科,山西省,[]
321,阳泉职业技术学院,山西,阳泉市,,综合,公办,专科,山西省,[]
318,山西财贸职业技术学院,山西,太原市,,财经,公办,专科,山西省,"[""省属""]"
315,大同煤炭职业技术学院,山西,大同市,云冈区,理工,公办,专科,山西省,[]
310,山西文化旅游职业大学,山西,太原市,迎泽区,艺术,公办,本科,山西省,"[""省属""]"
300,晋中健康学院,山西,太原市,晋源区,医药,民办,本科,山西省教育厅,[]
292,山西警察学院,山西,太原市,,政法,公办,本科,山西省,"[""省属""]"
266,河北工艺美术职业学院,河北,保定市,,艺术,公办,专科,河北省,[]
250,河北女子职业技术学院,河北,石家庄市,,语言,公办,专科,河北省,[]
244,河北公安警察职业学院,河北,石家庄市,桥西区,政法,公办,专科,河北省,[]
242,唐山科技职业技术学院,河北,唐山市,路南区,理工,公办,专科,河北省,"[""省属""]"
233,石家庄财经职业学院,河北,石家庄市,鹿泉区,财经,民办,专科,河北省教育厅,"[""省属""]"
231,河北艺术职业学院,河北,石家庄市,长安区,艺术,公办,专科,河北省,[]
223,保定职业技术学院,河北,保定市,,综合,公办,专科,河北省,[]
220,沧州职业技术学院,河北,沧州市,运河区,综合,公办,专科,河北省,[]
200,河北农业大学现代科技学院,河北,保定市,,农林,民办,本科,河北省教育厅,[]
182,中央司法警官学院,河北,保定市,,政法,公办,本科,司法部,"[""部委院校""]"
177,河北体育学院,河北,石家庄市,,体育,公办,本科,河北省,[]
147,天津体育职业学院,天津,天津,静海区,体育,公办,专科,天津市,[]
146,天津广播影视职业学院,天津,天津,西青区,艺术,公办,专科,天津市,[]
142,天津工艺美术职业学院,天津,天津,河北区,艺术,公办,专科,天津市,[]
136,天津艺术职业学院,天津,天津,南开区,艺术,公办,专科,天津市,[]
108,天津音乐学院,天津,天津,河东区,艺术,公办,本科,天津市,[]
91,北京卫生职业学院,北京,北京,通州区,医药,公办,专科,北京市,[]
89,北京体育职业学院,北京,北京,丰台区,体育,公办,专科,北京市,"[""省属""]"
88,北京艺术传媒职业学院,北京,北京,海淀区,财经,民办,专科,北京市教委,[]
80,北京戏曲艺术职业学院,北京,北京,丰台区,艺术,公办,专科,北京市,[]
77,北京北大方正软件职业技术学院,北京,北京,通州区,理工,民办,专科,北京市教委,[]
64,北京警察学院,北京,北京,昌平区,政法,公办,本科,北京市,[]
57,中国青年政治学院,北京,北京,海淀区,政法,公办,本科,共青团中央,"[""部委院校"",""省部共建""]"
46,北京舞蹈学院,北京,北京,海淀区,艺术,公办,本科,北京市,[]
44,中国戏曲学院,北京,北京,丰台区,艺术,公办,本科,北京市,"[""省部共建""]"
43,中央戏剧学院,北京,北京,东城区,艺术,公办,本科,教育部,"[""双一流"",""保研"",""国重点"",""部委院校"",""省部共建""]"
41,中国音乐学院,北京,北京,朝阳区,艺术,公办,本科,北京市,"[""双一流"",""保研"",""国重点"",""省部共建""]"
40,中央音乐学院,北京,北京,西城区,艺术,公办,本科,教育部,"[""211"",""双一流"",""保研"",""国重点"",""部委院校"",""省部共建""]"
38,国际关系学院,北京,北京,海淀区,政法,公办,本科,教育部,"[""保研"",""国重点"",""部委院校"",""省部共建""]"
36,外交学院,北京,北京,西城区,语言,公办,本科,外交部,"[""双一流"",""保研"",""国重点"",""部委院校""]"
35,中国消防救援学院,北京,北京,昌平区,综合,公办,本科,应急管理部,"[""部委院校""]"
17,北京电子科技学院,北京,北京,丰台区,理工,公办,本科,中央办公厅,"[""保研"",""部委院校""]"
