major_code,special_name,special_type,type_name,catalog_level,level2_name,level3_name,civil_service_fit_score,civil_service_fit_level,exam_scope,direct_role_count,direct_exact_role_count,direct_broad_role_count,direct_no_major_limit_role_count,direct_quasi_three_unlimited_role_count,direct_exact_role_pct,direct_broad_role_pct,direct_no_major_limit_role_pct,direct_quasi_three_unlimited_role_pct,position_match_profile,suitable_role_types,direct_plan_num_sum,direct_weighted_competition_ratio,direct_low_restriction_role_count,direct_central_role_count,direct_central_role_pct,direct_central_avg_competition_ratio,direct_provincial_role_count,direct_provincial_role_pct,direct_provincial_avg_competition_ratio,direct_city_role_count,direct_city_role_pct,direct_city_avg_competition_ratio,direct_county_or_below_role_count,direct_county_or_below_role_pct,direct_county_or_below_avg_competition_ratio,graduate_path_role_count,textual_all_role_count,textual_exact_role_match_count,textual_broad_role_match_count,textual_opportunity_level,upgrade_or_graduate_potential_level,fit_basis,tier1_head_research_reading,tier2_regional_reading,tier3_applied_vocational_reading,sample_departments,sample_job_names
010101,哲学,本科(普通),,本科,哲学,哲学类,66.0,较强适配,2026国考职位表/中央机关及直属机构口径（第三方镜像）,439.0,89.0,350.0,0.0,0.0,20.3,79.7,0.0,0.0,主要靠专业大类/门类岗位,税务系统(340)；海关/边检(79)；公安/移民/基层执法(73)；党政综合/办公厅(2)；财政审计金融监管(1)；市场监管/知识产权(1),790.0,119.78,226.0,5.0,1.1,549.8,21.0,4.8,111.17,64.0,14.6,180.76,349.0,79.5,141.45,61.0,500.0,144.0,356.0,medium,升学后中等潜力,存在专业代码或专业名称精确匹配，并有直接学历兼容岗位。,头部院校优势主要体现在保研/读研后进入更高层级岗位。,区域重点/特色院校可重点面向省市县税务、执法、市场监管和事业单位路径。,应用本科可走县区基层、行政执法和地方单位，学校层级不宜夸大。,上海出入境边防检查总站|上海市公安局特勤局|上海海关|中国侨联|中国延安干部学院|中国残联|中国证券监督管理委员会大连监管局|中国证券监督管理委员会广东监管局,一级主任科员及以下|一级主任科员及以下（英语五）|一级主办及以下（一）|一级主办及以下（七）|一级主办及以下（三）|一级主办及以下（九）|一级主办及以下（二十二）|一级主办及以下（二十五）
010102,逻辑学,本科(普通),,本科,哲学,哲学类,49.5,中等适配,2026国考职位表/中央机关及直属机构口径（第三方镜像）,375.0,3.0,372.0,0.0,0.0,0.8,99.2,0.0,0.0,主要靠专业大类/门类岗位,税务系统(340)；公安/移民/基层执法(25)；海关/边检(16)；财政审计金融监管(1)；市场监管/知识产权(1)；网信/通信/信息化(1),662.0,115.86,224.0,4.0,1.1,532.0,21.0,5.6,111.17,16.0,4.3,114.47,334.0,89.1,140.04,20.0,395.0,3.0,392.0,medium,升学后中等潜力,存在专业代码或专业名称精确匹配，并有直接学历兼容岗位。,可以考，但院校层级优势有限，更依赖岗位地区和限制条件。,可作为备选路径，适合叠加党员、基层项目、应届身份等条件。,可作为基层备选，但要靠地域、应届和限制条件放大机会。,上海出入境边防检查总站|上海市公安局特勤局|中国残联|中国证券监督管理委员会大连监管局|中央直属机关事务管理局|中央组织部|人力资源和社会保障部|全国妇联,一级主任科员及以下|一级主办及以下（一）|一级主办及以下（七）|一级主办及以下（三）|一级主办及以下（九）|一级主办及以下（二十二）|一级主办及以下（二十五）|一级主办及以下（二）
010103K,宗教学,本科(普通),,本科,哲学,哲学类,42.9,中等适配,2026国考职位表/中央机关及直属机构口径（第三方镜像）,372.0,0.0,372.0,0.0,0.0,0.0,100.0,0.0,0.0,主要靠专业大类/门类岗位,税务系统(340)；公安/移民/基层执法(25)；海关/边检(13)；财政审计金融监管(1)；市场监管/知识产权(1)；网信/通信/信息化(1),659.0,115.15,221.0,4.0,1.1,532.0,21.0,5.6,111.17,15.0,4.0,87.77,332.0,89.2,139.98,21.0,393.0,1.0,392.0,medium,升学后中等潜力,主要来自专业类/学科门类宽口径匹配，报考前必须核官方专业目录。,可以考，但院校层级优势有限，更依赖岗位地区和限制条件。,可作为备选路径，适合叠加党员、基层项目、应届身份等条件。,可作为基层备选，但要靠地域、应届和限制条件放大机会。,上海出入境边防检查总站|上海市公安局特勤局|中国残联|中国证券监督管理委员会大连监管局|中央直属机关事务管理局|中央组织部|人力资源和社会保障部|全国妇联,一级主任科员及以下|一级主办及以下（一）|一级主办及以下（七）|一级主办及以下（三）|一级主办及以下（九）|一级主办及以下（二十二）|一级主办及以下（二十五）|一级主办及以下（二）
010104T,伦理学,本科(普通),,本科,哲学,哲学类,42.8,中等适配,2026国考职位表/中央机关及直属机构口径（第三方镜像）,372.0,0.0,372.0,0.0,0.0,0.0,100.0,0.0,0.0,主要靠专业大类/门类岗位,税务系统(340)；公安/移民/基层执法(25)；海关/边检(13)；财政审计金融监管(1)；市场监管/知识产权(1)；网信/通信/信息化(1),659.0,115.15,221.0,4.0,1.1,532.0,21.0,5.6,111.17,15.0,4.0,87.77,332.0,89.2,139.98,20.0,392.0,0.0,392.0,medium,升学后中等潜力,主要来自专业类/学科门类宽口径匹配，报考前必须核官方专业目录。,可以考，但院校层级优势有限，更依赖岗位地区和限制条件。,可作为备选路径，适合叠加党员、基层项目、应届身份等条件。,可作为基层备选，但要靠地域、应届和限制条件放大机会。,上海出入境边防检查总站|上海市公安局特勤局|中国残联|中国证券监督管理委员会大连监管局|中央直属机关事务管理局|中央组织部|人力资源和社会保障部|全国妇联,一级主任科员及以下|一级主办及以下（一）|一级主办及以下（七）|一级主办及以下（三）|一级主办及以下（九）|一级主办及以下（二十二）|一级主办及以下（二十五）|一级主办及以下（二）
020101,经济学,本科(普通),,本科,经济学,经济学类,92.4,强适配,2026国考职位表/中央机关及直属机构口径（第三方镜像）,5717.0,310.0,5407.0,0.0,0.0,5.4,94.6,0.0,0.0,以对口岗位为主,税务系统(4544)；财政审计金融监管(860)；统计调查(171)；海关/边检(83)；公安/移民/基层执法(83)；交通海事民航铁路(16),11563.0,78.09,4441.0,17.0,0.3,285.19,68.0,1.2,127.75,610.0,10.7,111.38,5022.0,87.8,84.18,609.0,6326.0,561.0,5765.0,very_high,升学后较强潜力,存在专业代码或专业名称精确匹配，并有直接学历兼容岗位。,头部院校可把该专业作为中央/省级机关、选调和研究生岗位的主赛道之一。,区域重点/特色院校可重点面向省市县税务、执法、市场监管和事业单位路径。,应用本科可走县区基层、行政执法和地方单位，学校层级不宜夸大。,上海出入境边防检查总站|上海市公安局特勤局|中华全国供销合作总社|中国井冈山干部学院|中国人民银行|中国人民银行上海总部|中国人民银行云南省分行|中国人民银行内蒙古自治区分行,一处一级主任科员及以下|一处一级警长及以下|一级主任科员及以下|一级主任科员及以下一|一级主任科员及以下（一）|一级主任科员及以下（二）|一级主任科员及以下（英语一）|一级主办及以下
020102,经济统计学,本科(普通),,本科,经济学,经济学类,83.9,强适配,2026国考职位表/中央机关及直属机构口径（第三方镜像）,5607.0,59.0,5548.0,0.0,0.0,1.1,98.9,0.0,0.0,主要靠专业大类/门类岗位,税务系统(4544)；财政审计金融监管(831)；统计调查(164)；海关/边检(39)；公安/移民/基层执法(36)；交通海事民航铁路(5),11351.0,77.09,4414.0,6.0,0.1,352.83,64.0,1.1,137.67,536.0,9.6,100.71,5001.0,89.2,83.85,393.0,6000.0,60.0,5940.0,very_high,升学后较强潜力,存在专业代码或专业名称精确匹配，并有直接学历兼容岗位。,头部院校可把该专业作为中央/省级机关、选调和研究生岗位的主赛道之一。,区域重点/特色院校可重点面向省市县税务、执法、市场监管和事业单位路径。,应用本科可走县区基层、行政执法和地方单位，学校层级不宜夸大。,上海出入境边防检查总站|上海市公安局特勤局|中国井冈山干部学院|中国人民银行|中国人民银行云南省分行|中国人民银行内蒙古自治区分行|中国人民银行北京市分行|中国人民银行吉林省分行,一处一级主任科员及以下|一级主任科员及以下|一级主任科员及以下一|一级主任科员及以下（一）|一级主任科员及以下（二）|一级主办及以下|一级主办及以下(一)|一级主办及以下(二)
020103T,国民经济管理,本科(普通),,本科,经济学,经济学类,76.2,强适配,2026国考职位表/中央机关及直属机构口径（第三方镜像）,5560.0,11.0,5549.0,0.0,0.0,0.2,99.8,0.0,0.0,主要靠专业大类/门类岗位,税务系统(4544)；财政审计金融监管(802)；统计调查(160)；公安/移民/基层执法(35)；海关/边检(27)；交通海事民航铁路(5),11293.0,77.12,4373.0,6.0,0.1,352.83,62.0,1.1,130.94,524.0,9.4,101.04,4968.0,89.4,84.0,392.0,5952.0,11.0,5941.0,very_high,升学后较强潜力,存在专业代码或专业名称精确匹配，并有直接学历兼容岗位。,头部院校可把该专业作为中央/省级机关、选调和研究生岗位的主赛道之一。,区域重点/特色院校可重点面向省市县税务、执法、市场监管和事业单位路径。,应用本科可走县区基层、行政执法和地方单位，学校层级不宜夸大。,上海出入境边防检查总站|上海市公安局特勤局|中国井冈山干部学院|中国人民银行|中国人民银行云南省分行|中国人民银行内蒙古自治区分行|中国人民银行北京市分行|中国人民银行吉林省分行,一处一级主任科员及以下|一级主任科员及以下|一级主任科员及以下一|一级主任科员及以下（一）|一级主任科员及以下（二）|一级主办及以下|一级主办及以下(一)|一级主办及以下(二)
020104T,资源与环境经济学,本科(普通),,本科,经济学,经济学类,67.7,较强适配,2026国考职位表/中央机关及直属机构口径（第三方镜像）,5550.0,1.0,5549.0,0.0,0.0,0.0,100.0,0.0,0.0,主要靠专业大类/门类岗位,税务系统(4544)；财政审计金融监管(799)；统计调查(156)；公安/移民/基层执法(35)；海关/边检(23)；交通海事民航铁路(5),11281.0,77.02,4364.0,7.0,0.1,307.79,61.0,1.1,131.73,524.0,9.4,101.04,4958.0,89.3,83.84,393.0,5943.0,2.0,5941.0,very_high,升学后较强潜力,存在专业代码或专业名称精确匹配，并有直接学历兼容岗位。,头部院校优势主要体现在保研/读研后进入更高层级岗位。,区域重点/特色院校可重点面向省市县税务、执法、市场监管和事业单位路径。,应用本科可走县区基层、行政执法和地方单位，学校层级不宜夸大。,上海出入境边防检查总站|上海市公安局特勤局|中国井冈山干部学院|中国人民银行|中国人民银行云南省分行|中国人民银行内蒙古自治区分行|中国人民银行北京市分行|中国人民银行吉林省分行,一处一级主任科员及以下|一级主任科员及以下|一级主任科员及以下一|一级主任科员及以下（一）|一级主任科员及以下（二）|一级主办及以下|一级主办及以下(一)|一级主办及以下(二)
020105T,商务经济学,本科(普通),,本科,经济学,经济学类,67.6,较强适配,2026国考职位表/中央机关及直属机构口径（第三方镜像）,5550.0,1.0,5549.0,0.0,0.0,0.0,100.0,0.0,0.0,主要靠专业大类/门类岗位,税务系统(4544)；财政审计金融监管(800)；统计调查(156)；公安/移民/基层执法(35)；海关/边检(23)；交通海事民航铁路(5),11280.0,77.04,4365.0,6.0,0.1,352.83,61.0,1.1,131.73,524.0,9.4,101.04,4959.0,89.4,83.88,392.0,5942.0,1.0,5941.0,very_high,升学后较强潜力,存在专业代码或专业名称精确匹配，并有直接学历兼容岗位。,头部院校优势主要体现在保研/读研后进入更高层级岗位。,区域重点/特色院校可重点面向省市县税务、执法、市场监管和事业单位路径。,应用本科可走县区基层、行政执法和地方单位，学校层级不宜夸大。,上海出入境边防检查总站|上海市公安局特勤局|中国井冈山干部学院|中国人民银行|中国人民银行云南省分行|中国人民银行内蒙古自治区分行|中国人民银行北京市分行|中国人民银行吉林省分行,一处一级主任科员及以下|一级主任科员及以下|一级主任科员及以下一|一级主任科员及以下（一）|一级主任科员及以下（二）|一级主办及以下|一级主办及以下(一)|一级主办及以下(二)
020106T,能源经济,本科(普通),,本科,经济学,经济学类,67.7,较强适配,2026国考职位表/中央机关及直属机构口径（第三方镜像）,5550.0,1.0,5549.0,0.0,0.0,0.0,100.0,0.0,0.0,主要靠专业大类/门类岗位,税务系统(4544)；财政审计金融监管(799)；统计调查(156)；公安/移民/基层执法(35)；海关/边检(23)；交通海事民航铁路(5),11280.0,77.05,4364.0,6.0,0.1,352.83,62.0,1.1,135.7,524.0,9.4,101.04,4958.0,89.3,83.84,392.0,5942.0,1.0,5941.0,very_high,升学后较强潜力,存在专业代码或专业名称精确匹配，并有直接学历兼容岗位。,头部院校优势主要体现在保研/读研后进入更高层级岗位。,区域重点/特色院校可重点面向省市县税务、执法、市场监管和事业单位路径。,应用本科可走县区基层、行政执法和地方单位，学校层级不宜夸大。,上海出入境边防检查总站|上海市公安局特勤局|中国井冈山干部学院|中国人民银行|中国人民银行云南省分行|中国人民银行内蒙古自治区分行|中国人民银行北京市分行|中国人民银行吉林省分行,一处一级主任科员及以下|一级主任科员及以下|一级主任科员及以下一|一级主任科员及以下（一）|一级主任科员及以下（二）|一级主办及以下|一级主办及以下(一)|一级主办及以下(二)
020107T,劳动经济学,本科(普通),,本科,经济学,经济学类,64.4,较强适配,2026国考职位表/中央机关及直属机构口径（第三方镜像）,5549.0,0.0,5549.0,0.0,0.0,0.0,100.0,0.0,0.0,主要靠专业大类/门类岗位,税务系统(4544)；财政审计金融监管(799)；统计调查(156)；公安/移民/基层执法(35)；海关/边检(23)；交通海事民航铁路(5),11279.0,77.03,4364.0,6.0,0.1,352.83,61.0,1.1,131.73,524.0,9.4,101.04,4958.0,89.3,83.84,393.0,5942.0,1.0,5941.0,very_high,升学后较强潜力,主要来自专业类/学科门类宽口径匹配，报考前必须核官方专业目录。,头部院校优势主要体现在保研/读研后进入更高层级岗位。,区域重点/特色院校可重点面向省市县税务、执法、市场监管和事业单位路径。,应用本科可走县区基层、行政执法和地方单位，学校层级不宜夸大。,上海出入境边防检查总站|上海市公安局特勤局|中国井冈山干部学院|中国人民银行|中国人民银行云南省分行|中国人民银行内蒙古自治区分行|中国人民银行北京市分行|中国人民银行吉林省分行,一处一级主任科员及以下|一级主任科员及以下|一级主任科员及以下一|一级主任科员及以下（一）|一级主任科员及以下（二）|一级主办及以下|一级主办及以下(一)|一级主办及以下(二)
020108T,经济工程,本科(普通),,本科,经济学,经济学类,69.6,较强适配,2026国考职位表/中央机关及直属机构口径（第三方镜像）,5551.0,2.0,5549.0,0.0,0.0,0.0,100.0,0.0,0.0,主要靠专业大类/门类岗位,税务系统(4544)；财政审计金融监管(800)；统计调查(156)；公安/移民/基层执法(35)；海关/边检(23)；交通海事民航铁路(5),11281.0,77.11,4365.0,7.0,0.1,432.43,61.0,1.1,131.73,524.0,9.4,101.04,4959.0,89.3,83.88,392.0,5943.0,2.0,5941.0,very_high,升学后较强潜力,存在专业代码或专业名称精确匹配，并有直接学历兼容岗位。,头部院校优势主要体现在保研/读研后进入更高层级岗位。,区域重点/特色院校可重点面向省市县税务、执法、市场监管和事业单位路径。,应用本科可走县区基层、行政执法和地方单位，学校层级不宜夸大。,上海出入境边防检查总站|上海市公安局特勤局|中国井冈山干部学院|中国人民银行|中国人民银行云南省分行|中国人民银行内蒙古自治区分行|中国人民银行北京市分行|中国人民银行吉林省分行,一处一级主任科员及以下|一级主任科员及以下|一级主任科员及以下一|一级主任科员及以下（一）|一级主任科员及以下（二）|一级主办及以下|一级主办及以下(一)|一级主办及以下(二)
020109T,数字经济,本科(普通),,本科,经济学,经济学类,84.1,强适配,2026国考职位表/中央机关及直属机构口径（第三方镜像）,5556.0,62.0,5494.0,0.0,0.0,1.1,98.9,0.0,0.0,主要靠专业大类/门类岗位,税务系统(4544)；财政审计金融监管(804)；统计调查(156)；公安/移民/基层执法(37)；海关/边检(25)；交通海事民航铁路(5),11290.0,77.05,4367.0,6.0,0.1,352.83,62.0,1.1,140.41,528.0,9.5,100.49,4960.0,89.3,83.87,416.0,5972.0,87.0,5885.0,very_high,升学后较强潜力,存在专业代码或专业名称精确匹配，并有直接学历兼容岗位。,头部院校可把该专业作为中央/省级机关、选调和研究生岗位的主赛道之一。,区域重点/特色院校可重点面向省市县税务、执法、市场监管和事业单位路径。,应用本科可走县区基层、行政执法和地方单位，学校层级不宜夸大。,上海出入境边防检查总站|上海市公安局特勤局|中国井冈山干部学院|中国人民银行|中国人民银行云南省分行|中国人民银行内蒙古自治区分行|中国人民银行北京市分行|中国人民银行吉林省分行,一处一级主任科员及以下|一级主任科员及以下|一级主任科员及以下一|一级主任科员及以下（一）|一级主任科员及以下（二）|一级主办及以下|一级主办及以下(一)|一级主办及以下(二)
020201K,财政学,本科(普通),,本科,经济学,财政学类,87.0,强适配,2026国考职位表/中央机关及直属机构口径（第三方镜像）,6300.0,88.0,6212.0,0.0,0.0,1.4,98.6,0.0,0.0,主要靠专业大类/门类岗位,税务系统(5525)；财政审计金融监管(633)；海关/边检(94)；公安/移民/基层执法(40)；统计调查(19)；交通海事民航铁路(4),13408.0,76.67,5138.0,9.0,0.1,248.63,92.0,1.5,78.4,657.0,10.4,97.28,5542.0,88.0,86.59,430.0,6730.0,119.0,6611.0,very_high,升学后较强潜力,存在专业代码或专业名称精确匹配，并有直接学历兼容岗位。,头部院校可把该专业作为中央/省级机关、选调和研究生岗位的主赛道之一。,区域重点/特色院校可重点面向省市县税务、执法、市场监管和事业单位路径。,应用本科可走县区基层、行政执法和地方单位，学校层级不宜夸大。,上海出入境边防检查总站|上海市公安局特勤局|上海海关|东北虎豹国家公园管理局|中华全国供销合作总社|中国井冈山干部学院|中国人民银行|中国人民银行云南省分行,一处一级主任科员及以下|一处一级警长及以下|一级主任科员及以下|一级主任科员及以下一|一级主任科员及以下（一）|一级主任科员及以下（三）|一级主任科员及以下（二）|一级主办及以下
020202,税收学,本科(普通),,本科,经济学,财政学类,84.8,强适配,2026国考职位表/中央机关及直属机构口径（第三方镜像）,6274.0,56.0,6218.0,0.0,0.0,0.9,99.1,0.0,0.0,主要靠专业大类/门类岗位,税务系统(5525)；财政审计金融监管(628)；海关/边检(84)；公安/移民/基层执法(38)；统计调查(19)；交通海事民航铁路(4),13364.0,76.44,5127.0,6.0,0.1,296.17,87.0,1.4,75.81,649.0,10.3,96.91,5532.0,88.2,86.02,411.0,6685.0,63.0,6622.0,very_high,升学后较强潜力,存在专业代码或专业名称精确匹配，并有直接学历兼容岗位。,头部院校可把该专业作为中央/省级机关、选调和研究生岗位的主赛道之一。,区域重点/特色院校可重点面向省市县税务、执法、市场监管和事业单位路径。,应用本科可走县区基层、行政执法和地方单位，学校层级不宜夸大。,上海出入境边防检查总站|上海市公安局特勤局|上海海关|中国井冈山干部学院|中国人民银行|中国人民银行云南省分行|中国人民银行内蒙古自治区分行|中国人民银行北京市分行,一处一级主任科员及以下|一处一级警长及以下|一级主任科员及以下|一级主任科员及以下一|一级主任科员及以下（一）|一级主任科员及以下（三）|一级主任科员及以下（二）|一级主办及以下
020203TK,国际税收,本科(普通),,本科,经济学,财政学类,78.7,强适配,2026国考职位表/中央机关及直属机构口径（第三方镜像）,6228.0,15.0,6213.0,0.0,0.0,0.2,99.8,0.0,0.0,主要靠专业大类/门类岗位,税务系统(5525)；财政审计金融监管(618)；公安/移民/基层执法(37)；海关/边检(34)；统计调查(19)；交通海事民航铁路(4),13303.0,76.37,5090.0,8.0,0.1,279.38,88.0,1.4,79.24,642.0,10.3,97.47,5490.0,88.2,85.73,411.0,6639.0,21.0,6618.0,very_high,升学后较强潜力,存在专业代码或专业名称精确匹配，并有直接学历兼容岗位。,头部院校可把该专业作为中央/省级机关、选调和研究生岗位的主赛道之一。,区域重点/特色院校可重点面向省市县税务、执法、市场监管和事业单位路径。,应用本科可走县区基层、行政执法和地方单位，学校层级不宜夸大。,上海出入境边防检查总站|上海市公安局特勤局|东北虎豹国家公园管理局|中国井冈山干部学院|中国人民银行|中国人民银行云南省分行|中国人民银行内蒙古自治区分行|中国人民银行北京市分行,一处一级主任科员及以下|一处一级警长及以下|一级主任科员及以下|一级主任科员及以下一|一级主任科员及以下（一）|一级主任科员及以下（三）|一级主任科员及以下（二）|一级主办及以下
020301K,金融学,本科(普通),,本科,经济学,金融学类,84.9,强适配,2026国考职位表/中央机关及直属机构口径（第三方镜像）,4798.0,88.0,4710.0,0.0,0.0,1.8,98.2,0.0,0.0,主要靠专业大类/门类岗位,税务系统(3842)；财政审计金融监管(845)；海关/边检(64)；公安/移民/基层执法(40)；统计调查(16)；交通海事民航铁路(6),9882.0,74.56,3651.0,5.0,0.1,91.03,73.0,1.5,85.64,507.0,10.6,88.7,4213.0,87.8,84.77,344.0,5142.0,110.0,5032.0,very_high,升学后较强潜力,存在专业代码或专业名称精确匹配，并有直接学历兼容岗位。,头部院校可把该专业作为中央/省级机关、选调和研究生岗位的主赛道之一。,区域重点/特色院校可重点面向省市县税务、执法、市场监管和事业单位路径。,应用本科可走县区基层、行政执法和地方单位，学校层级不宜夸大。,上海出入境边防检查总站|上海市公安局特勤局|上海市邮政管理局|中国人民银行|中国人民银行云南省分行|中国人民银行内蒙古自治区分行|中国人民银行北京市分行|中国人民银行吉林省分行,一级主任科员及以下|一级主任科员及以下一|一级主任科员及以下（一）|一级主任科员及以下（三）|一级主任科员及以下（二）|一级主办及以下|一级主办及以下(一)|一级主办及以下(二)
020302,金融工程,本科(普通),,本科,经济学,金融学类,80.6,强适配,2026国考职位表/中央机关及直属机构口径（第三方镜像）,4755.0,34.0,4721.0,0.0,0.0,0.7,99.3,0.0,0.0,主要靠专业大类/门类岗位,税务系统(3842)；财政审计金融监管(849)；公安/移民/基层执法(36)；海关/边检(25)；统计调查(15)；交通海事民航铁路(4),9820.0,74.43,3625.0,3.0,0.1,59.5,81.0,1.7,92.9,495.0,10.4,89.07,4176.0,87.8,84.09,410.0,5165.0,121.0,5044.0,very_high,升学后较强潜力,存在专业代码或专业名称精确匹配，并有直接学历兼容岗位。,头部院校可把该专业作为中央/省级机关、选调和研究生岗位的主赛道之一。,区域重点/特色院校可重点面向省市县税务、执法、市场监管和事业单位路径。,应用本科可走县区基层、行政执法和地方单位，学校层级不宜夸大。,上海出入境边防检查总站|上海市公安局特勤局|上海市邮政管理局|中国人民银行|中国人民银行上海总部|中国人民银行云南省分行|中国人民银行内蒙古自治区分行|中国人民银行北京市分行,一级主任科员及以下|一级主任科员及以下一|一级主任科员及以下（一）|一级主任科员及以下（三）|一级主任科员及以下（二）|一级主办及以下|一级主办及以下(一)|一级主办及以下(二)
020303,保险学,本科(普通),,本科,经济学,金融学类,78.1,强适配,2026国考职位表/中央机关及直属机构口径（第三方镜像）,4742.0,21.0,4721.0,0.0,0.0,0.4,99.6,0.0,0.0,主要靠专业大类/门类岗位,税务系统(3842)；财政审计金融监管(842)；公安/移民/基层执法(35)；海关/边检(18)；统计调查(15)；交通海事民航铁路(4),9802.0,74.29,3617.0,3.0,0.1,59.5,74.0,1.6,87.25,490.0,10.3,88.92,4175.0,88.0,83.95,326.0,5068.0,23.0,5045.0,very_high,升学后较强潜力,存在专业代码或专业名称精确匹配，并有直接学历兼容岗位。,头部院校可把该专业作为中央/省级机关、选调和研究生岗位的主赛道之一。,区域重点/特色院校可重点面向省市县税务、执法、市场监管和事业单位路径。,应用本科可走县区基层、行政执法和地方单位，学校层级不宜夸大。,上海出入境边防检查总站|上海市公安局特勤局|上海市邮政管理局|中国人民银行|中国人民银行云南省分行|中国人民银行内蒙古自治区分行|中国人民银行北京市分行|中国人民银行吉林省分行,一级主任科员及以下|一级主任科员及以下一|一级主任科员及以下（一）|一级主任科员及以下（三）|一级主任科员及以下（二）|一级主办及以下|一级主办及以下(一)|一级主办及以下(二)
020304,投资学,本科(普通),,本科,经济学,金融学类,74.4,较强适配,2026国考职位表/中央机关及直属机构口径（第三方镜像）,4730.0,9.0,4721.0,0.0,0.0,0.2,99.8,0.0,0.0,主要靠专业大类/门类岗位,税务系统(3842)；财政审计金融监管(830)；公安/移民/基层执法(35)；海关/边检(18)；统计调查(15)；交通海事民航铁路(4),9801.0,74.29,3606.0,4.0,0.1,45.29,77.0,1.6,87.41,484.0,10.2,89.71,4165.0,88.1,84.04,338.0,5068.0,23.0,5045.0,very_high,升学后较强潜力,存在专业代码或专业名称精确匹配，并有直接学历兼容岗位。,头部院校优势主要体现在保研/读研后进入更高层级岗位。,区域重点/特色院校可重点面向省市县税务、执法、市场监管和事业单位路径。,应用本科可走县区基层、行政执法和地方单位，学校层级不宜夸大。,上海出入境边防检查总站|上海市公安局特勤局|上海市邮政管理局|中国人民银行|中国人民银行云南省分行|中国人民银行内蒙古自治区分行|中国人民银行北京市分行|中国人民银行吉林省分行,一级主任科员及以下|一级主任科员及以下一|一级主任科员及以下（一）|一级主任科员及以下（三）|一级主任科员及以下（二）|一级主办及以下|一级主办及以下(一)|一级主办及以下(二)
020305T,金融数学,本科(普通),,本科,经济学,金融学类,72.1,较强适配,2026国考职位表/中央机关及直属机构口径（第三方镜像）,4726.0,5.0,4721.0,0.0,0.0,0.1,99.9,0.0,0.0,主要靠专业大类/门类岗位,税务系统(3842)；财政审计金融监管(826)；公安/移民/基层执法(35)；海关/边检(19)；统计调查(15)；交通海事民航铁路(4),9785.0,74.42,3604.0,3.0,0.1,59.5,75.0,1.6,92.82,485.0,10.3,89.7,4163.0,88.1,84.08,395.0,5121.0,77.0,5044.0,very_high,升学后较强潜力,存在专业代码或专业名称精确匹配，并有直接学历兼容岗位。,头部院校优势主要体现在保研/读研后进入更高层级岗位。,区域重点/特色院校可重点面向省市县税务、执法、市场监管和事业单位路径。,应用本科可走县区基层、行政执法和地方单位，学校层级不宜夸大。,上海出入境边防检查总站|上海市公安局特勤局|上海市邮政管理局|中国人民银行|中国人民银行上海总部|中国人民银行云南省分行|中国人民银行内蒙古自治区分行|中国人民银行北京市分行,一级主任科员及以下|一级主任科员及以下一|一级主任科员及以下（一）|一级主任科员及以下（三）|一级主任科员及以下（二）|一级主办及以下|一级主办及以下(一)|一级主办及以下(二)
020306T,信用管理,本科(普通),,本科,经济学,金融学类,63.4,较强适配,2026国考职位表/中央机关及直属机构口径（第三方镜像）,4721.0,0.0,4721.0,0.0,0.0,0.0,100.0,0.0,0.0,主要靠专业大类/门类岗位,税务系统(3842)；财政审计金融监管(822)；公安/移民/基层执法(35)；海关/边检(18)；统计调查(15)；交通海事民航铁路(4),9779.0,74.38,3601.0,3.0,0.1,59.5,73.0,1.5,85.64,483.0,10.2,89.88,4162.0,88.2,84.09,324.0,5045.0,0.0,5045.0,very_high,升学后较强潜力,主要来自专业类/学科门类宽口径匹配，报考前必须核官方专业目录。,头部院校优势主要体现在保研/读研后进入更高层级岗位。,区域重点/特色院校可重点面向省市县税务、执法、市场监管和事业单位路径。,应用本科可走县区基层、行政执法和地方单位，学校层级不宜夸大。,上海出入境边防检查总站|上海市公安局特勤局|上海市邮政管理局|中国人民银行|中国人民银行云南省分行|中国人民银行内蒙古自治区分行|中国人民银行北京市分行|中国人民银行吉林省分行,一级主任科员及以下|一级主任科员及以下一|一级主任科员及以下（一）|一级主任科员及以下（三）|一级主任科员及以下（二）|一级主办及以下|一级主办及以下(一)|一级主办及以下(二)
020307T,经济与金融,本科(普通),,本科,经济学,金融学类,75.2,强适配,2026国考职位表/中央机关及直属机构口径（第三方镜像）,4732.0,11.0,4721.0,0.0,0.0,0.2,99.8,0.0,0.0,主要靠专业大类/门类岗位,税务系统(3842)；财政审计金融监管(833)；公安/移民/基层执法(35)；海关/边检(18)；统计调查(15)；交通海事民航铁路(4),9791.0,74.33,3609.0,3.0,0.1,59.5,73.0,1.5,85.64,489.0,10.3,89.13,4167.0,88.1,84.05,324.0,5056.0,11.0,5045.0,very_high,升学后较强潜力,存在专业代码或专业名称精确匹配，并有直接学历兼容岗位。,头部院校可把该专业作为中央/省级机关、选调和研究生岗位的主赛道之一。,区域重点/特色院校可重点面向省市县税务、执法、市场监管和事业单位路径。,应用本科可走县区基层、行政执法和地方单位，学校层级不宜夸大。,上海出入境边防检查总站|上海市公安局特勤局|上海市邮政管理局|中国人民银行|中国人民银行云南省分行|中国人民银行内蒙古自治区分行|中国人民银行北京市分行|中国人民银行吉林省分行,一级主任科员及以下|一级主任科员及以下一|一级主任科员及以下（一）|一级主任科员及以下（三）|一级主任科员及以下（二）|一级主办及以下|一级主办及以下(一)|一级主办及以下(二)
020308T,精算学,本科(普通),,本科,经济学,金融学类,77.7,强适配,2026国考职位表/中央机关及直属机构口径（第三方镜像）,4740.0,19.0,4721.0,0.0,0.0,0.4,99.6,0.0,0.0,主要靠专业大类/门类岗位,税务系统(3842)；财政审计金融监管(826)；公安/移民/基层执法(36)；海关/边检(33)；统计调查(15)；交通海事民航铁路(4),9800.0,74.49,3615.0,3.0,0.1,59.5,73.0,1.5,85.64,491.0,10.4,89.15,4173.0,88.0,84.4,325.0,5065.0,20.0,5045.0,very_high,升学后较强潜力,存在专业代码或专业名称精确匹配，并有直接学历兼容岗位。,头部院校可把该专业作为中央/省级机关、选调和研究生岗位的主赛道之一。,区域重点/特色院校可重点面向省市县税务、执法、市场监管和事业单位路径。,应用本科可走县区基层、行政执法和地方单位，学校层级不宜夸大。,上海出入境边防检查总站|上海市公安局特勤局|上海市邮政管理局|中国人民银行|中国人民银行云南省分行|中国人民银行内蒙古自治区分行|中国人民银行北京市分行|中国人民银行吉林省分行,一级主任科员及以下|一级主任科员及以下一|一级主任科员及以下（一）|一级主任科员及以下（三）|一级主任科员及以下（二）|一级主办及以下|一级主办及以下(一)|一级主办及以下(二)
020309T,互联网金融,本科(普通),,本科,经济学,金融学类,68.6,较强适配,2026国考职位表/中央机关及直属机构口径（第三方镜像）,4723.0,2.0,4721.0,0.0,0.0,0.0,100.0,0.0,0.0,主要靠专业大类/门类岗位,税务系统(3842)；财政审计金融监管(824)；公安/移民/基层执法(35)；海关/边检(18)；统计调查(15)；交通海事民航铁路(4),9781.0,74.37,3602.0,3.0,0.1,59.5,73.0,1.5,85.64,485.0,10.3,89.7,4162.0,88.1,84.09,324.0,5047.0,2.0,5045.0,very_high,升学后较强潜力,存在专业代码或专业名称精确匹配，并有直接学历兼容岗位。,头部院校优势主要体现在保研/读研后进入更高层级岗位。,区域重点/特色院校可重点面向省市县税务、执法、市场监管和事业单位路径。,应用本科可走县区基层、行政执法和地方单位，学校层级不宜夸大。,上海出入境边防检查总站|上海市公安局特勤局|上海市邮政管理局|中国人民银行|中国人民银行云南省分行|中国人民银行内蒙古自治区分行|中国人民银行北京市分行|中国人民银行吉林省分行,一级主任科员及以下|一级主任科员及以下一|一级主任科员及以下（一）|一级主任科员及以下（三）|一级主任科员及以下（二）|一级主办及以下|一级主办及以下(一)|一级主办及以下(二)
020310T,金融科技,本科(普通),,本科,经济学,金融学类,75.9,强适配,2026国考职位表/中央机关及直属机构口径（第三方镜像）,4733.0,12.0,4721.0,0.0,0.0,0.3,99.7,0.0,0.0,主要靠专业大类/门类岗位,税务系统(3842)；财政审计金融监管(834)；公安/移民/基层执法(35)；海关/边检(18)；统计调查(15)；交通海事民航铁路(4),9796.0,74.37,3610.0,3.0,0.1,59.5,80.0,1.7,85.69,487.0,10.3,89.42,4163.0,88.0,84.09,407.0,5141.0,97.0,5044.0,very_high,升学后较强潜力,存在专业代码或专业名称精确匹配，并有直接学历兼容岗位。,头部院校可把该专业作为中央/省级机关、选调和研究生岗位的主赛道之一。,区域重点/特色院校可重点面向省市县税务、执法、市场监管和事业单位路径。,应用本科可走县区基层、行政执法和地方单位，学校层级不宜夸大。,上海出入境边防检查总站|上海市公安局特勤局|上海市邮政管理局|中国人民银行|中国人民银行上海总部|中国人民银行云南省分行|中国人民银行内蒙古自治区分行|中国人民银行北京市分行,一级主任科员及以下|一级主任科员及以下一|一级主任科员及以下（一）|一级主任科员及以下（三）|一级主任科员及以下（二）|一级主办及以下|一级主办及以下(一)|一级主办及以下(二)
020311TK,金融审计,本科(普通),,本科,经济学,金融学类,77.9,强适配,2026国考职位表/中央机关及直属机构口径（第三方镜像）,4740.0,19.0,4721.0,0.0,0.0,0.4,99.6,0.0,0.0,主要靠专业大类/门类岗位,税务系统(3842)；财政审计金融监管(838)；公安/移民/基层执法(36)；海关/边检(28)；统计调查(15)；交通海事民航铁路(4),9808.0,74.42,3615.0,3.0,0.1,59.5,79.0,1.7,84.54,491.0,10.4,89.08,4167.0,87.9,84.32,403.0,5143.0,99.0,5044.0,very_high,升学后较强潜力,存在专业代码或专业名称精确匹配，并有直接学历兼容岗位。,头部院校可把该专业作为中央/省级机关、选调和研究生岗位的主赛道之一。,区域重点/特色院校可重点面向省市县税务、执法、市场监管和事业单位路径。,应用本科可走县区基层、行政执法和地方单位，学校层级不宜夸大。,上海出入境边防检查总站|上海市公安局特勤局|上海市邮政管理局|中国人民银行|中国人民银行上海总部|中国人民银行云南省分行|中国人民银行内蒙古自治区分行|中国人民银行北京市分行,一级主任科员及以下|一级主任科员及以下一|一级主任科员及以下（一）|一级主任科员及以下（三）|一级主任科员及以下（二）|一级主办及以下|一级主办及以下(一)|一级主办及以下(二)
020401,国际经济与贸易,本科(普通),,本科,经济学,经济与贸易类,75.3,强适配,2026国考职位表/中央机关及直属机构口径（第三方镜像）,2993.0,24.0,2969.0,0.0,0.0,0.8,99.2,0.0,0.0,主要靠专业大类/门类岗位,税务系统(2333)；财政审计金融监管(588)；海关/边检(43)；公安/移民/基层执法(26)；统计调查(15),6085.0,79.06,2188.0,1.0,0.0,297.0,41.0,1.4,169.54,334.0,11.2,94.55,2617.0,87.4,89.13,292.0,3285.0,30.0,3255.0,very_high,升学后较强潜力,存在专业代码或专业名称精确匹配，并有直接学历兼容岗位。,头部院校可把该专业作为中央/省级机关、选调和研究生岗位的主赛道之一。,区域重点/特色院校可重点面向省市县税务、执法、市场监管和事业单位路径。,应用本科可走县区基层、行政执法和地方单位，学校层级不宜夸大。,上海出入境边防检查总站|上海市公安局特勤局|中国人民银行|中国人民银行云南省分行|中国人民银行内蒙古自治区分行|中国人民银行北京市分行|中国人民银行吉林省分行|中国人民银行四川省分行,一级主任科员及以下|一级主任科员及以下（二）|一级主办及以下|一级主办及以下（一）|一级主办及以下（三）|一级主办及以下（二十一）|一级主办及以下（二十四）|一级主办及以下（二）
020402,贸易经济,本科(普通),,本科,经济学,经济与贸易类,71.8,较强适配,2026国考职位表/中央机关及直属机构口径（第三方镜像）,2980.0,11.0,2969.0,0.0,0.0,0.4,99.6,0.0,0.0,主要靠专业大类/门类岗位,税务系统(2333)；财政审计金融监管(588)；海关/边检(30)；公安/移民/基层执法(24)；统计调查(15),6070.0,79.02,2178.0,1.0,0.0,297.0,40.0,1.3,172.96,332.0,11.1,94.94,2607.0,87.5,88.98,288.0,3268.0,13.0,3255.0,very_high,升学后较强潜力,存在专业代码或专业名称精确匹配，并有直接学历兼容岗位。,头部院校优势主要体现在保研/读研后进入更高层级岗位。,区域重点/特色院校可重点面向省市县税务、执法、市场监管和事业单位路径。,应用本科可走县区基层、行政执法和地方单位，学校层级不宜夸大。,上海出入境边防检查总站|上海市公安局特勤局|中国人民银行|中国人民银行云南省分行|中国人民银行内蒙古自治区分行|中国人民银行北京市分行|中国人民银行吉林省分行|中国人民银行四川省分行,一级主任科员及以下|一级主任科员及以下（二）|一级主办及以下|一级主办及以下（一）|一级主办及以下（三）|一级主办及以下（二十一）|一级主办及以下（二十四）|一级主办及以下（二）
020403T,国际经济发展合作,本科(普通),,本科,经济学,经济与贸易类,69.2,较强适配,2026国考职位表/中央机关及直属机构口径（第三方镜像）,2975.0,6.0,2969.0,0.0,0.0,0.2,99.8,0.0,0.0,主要靠专业大类/门类岗位,税务系统(2333)；财政审计金融监管(588)；海关/边检(26)；公安/移民/基层执法(24)；统计调查(15),6062.0,78.86,2174.0,0.0,0.0,,40.0,1.3,172.96,331.0,11.1,95.12,2604.0,87.5,88.88,288.0,3263.0,8.0,3255.0,very_high,升学后较强潜力,存在专业代码或专业名称精确匹配，并有直接学历兼容岗位。,头部院校优势主要体现在保研/读研后进入更高层级岗位。,区域重点/特色院校可重点面向省市县税务、执法、市场监管和事业单位路径。,应用本科可走县区基层、行政执法和地方单位，学校层级不宜夸大。,上海出入境边防检查总站|上海市公安局特勤局|中国人民银行|中国人民银行云南省分行|中国人民银行内蒙古自治区分行|中国人民银行北京市分行|中国人民银行吉林省分行|中国人民银行四川省分行,一级主任科员及以下|一级主任科员及以下（二）|一级主办及以下|一级主办及以下（一）|一级主办及以下（三）|一级主办及以下（二十一）|一级主办及以下（二十四）|一级主办及以下（二）
030101K,法学,本科(普通),,本科,法学,法学类,91.1,强适配,2026国考职位表/中央机关及直属机构口径（第三方镜像）,3377.0,804.0,2573.0,0.0,0.0,23.8,76.2,0.0,0.0,以对口岗位为主,税务系统(2293)；财政审计金融监管(584)；海关/边检(306)；公安/移民/基层执法(192)；交通海事民航铁路(59)；统计调查(13),5908.0,105.77,2026.0,17.0,0.5,361.93,75.0,2.2,144.44,537.0,15.9,130.38,2748.0,81.4,117.39,447.0,3825.0,1159.0,2666.0,very_high,升学后较强潜力,存在专业代码或专业名称精确匹配，并有直接学历兼容岗位。,头部院校可把该专业作为中央/省级机关、选调和研究生岗位的主赛道之一。,区域重点/特色院校可重点面向省市县税务、执法、市场监管和事业单位路径。,应用本科可走县区基层、行政执法和地方单位，学校层级不宜夸大。,上海出入境边防检查总站|上海市公安局特勤局|上海海事局|上海海关|上海海关缉私局|上海铁路公安局|东北虎豹国家公园管理局|中国井冈山干部学院,一处一级主任科员及以下|一处一级警长及以下|一级主任科员及以下|一级主任科员及以下二|一级主任科员及以下（一）|一级主任科员及以下（三）|一级主任科员及以下（二）|一级主任科员及以下（四）
030102T,知识产权,本科(普通),,本科,法学,法学类,81.9,强适配,2026国考职位表/中央机关及直属机构口径（第三方镜像）,3056.0,141.0,2915.0,0.0,0.0,4.6,95.4,0.0,0.0,以对口岗位为主,税务系统(2293)；财政审计金融监管(455)；海关/边检(192)；公安/移民/基层执法(96)；交通海事民航铁路(52)；统计调查(13),5419.0,102.64,1898.0,11.0,0.4,510.95,65.0,2.1,139.45,358.0,11.7,104.4,2622.0,85.8,117.07,334.0,3390.0,166.0,3224.0,very_high,升学后较强潜力,存在专业代码或专业名称精确匹配，并有直接学历兼容岗位。,头部院校可把该专业作为中央/省级机关、选调和研究生岗位的主赛道之一。,区域重点/特色院校可重点面向省市县税务、执法、市场监管和事业单位路径。,应用本科可走县区基层、行政执法和地方单位，学校层级不宜夸大。,上海出入境边防检查总站|上海市公安局特勤局|上海海关|上海海关缉私局|上海铁路公安局|东北虎豹国家公园管理局|中国井冈山干部学院|中国人民银行上海总部,一处一级主任科员及以下|一处一级警长及以下|一级主任科员及以下|一级主任科员及以下二|一级主任科员及以下（一）|一级主任科员及以下（三）|一级主任科员及以下（二）|一级主任科员及以下（四）
030103T,监狱学,本科(普通),,本科,法学,法学类,70.3,较强适配,2026国考职位表/中央机关及直属机构口径（第三方镜像）,2930.0,12.0,2918.0,0.0,0.0,0.4,99.6,0.0,0.0,主要靠专业大类/门类岗位,税务系统(2293)；财政审计金融监管(436)；公安/移民/基层执法(108)；海关/边检(81)；交通海事民航铁路(52)；统计调查(13),5279.0,101.98,1792.0,11.0,0.4,510.95,64.0,2.2,141.07,353.0,12.0,112.31,2502.0,85.4,113.71,319.0,3249.0,19.0,3230.0,very_high,升学后较强潜力,存在专业代码或专业名称精确匹配，并有直接学历兼容岗位。,头部院校优势主要体现在保研/读研后进入更高层级岗位。,区域重点/特色院校可重点面向省市县税务、执法、市场监管和事业单位路径。,应用本科可走县区基层、行政执法和地方单位，学校层级不宜夸大。,上海出入境边防检查总站|上海市公安局特勤局|上海海关缉私局|上海铁路公安局|东北虎豹国家公园管理局|中国井冈山干部学院|中国人民银行上海总部|中国人民银行云南省分行,一处一级主任科员及以下|一处一级警长及以下|一级主任科员及以下|一级主任科员及以下二|一级主任科员及以下（一）|一级主任科员及以下（三）|一级主任科员及以下（二）|一级主任科员及以下（四）
030104T,信用风险管理与法律防控,本科(普通),,本科,法学,法学类,76.5,强适配,2026国考职位表/中央机关及直属机构口径（第三方镜像）,2959.0,47.0,2912.0,0.0,0.0,1.6,98.4,0.0,0.0,主要靠专业大类/门类岗位,税务系统(2293)；财政审计金融监管(454)；公安/移民/基层执法(104)；海关/边检(94)；交通海事民航铁路(52)；统计调查(13),5309.0,102.33,1815.0,11.0,0.4,510.95,64.0,2.2,141.07,355.0,12.0,113.56,2529.0,85.5,113.89,316.0,3275.0,51.0,3224.0,very_high,升学后较强潜力,存在专业代码或专业名称精确匹配，并有直接学历兼容岗位。,头部院校可把该专业作为中央/省级机关、选调和研究生岗位的主赛道之一。,区域重点/特色院校可重点面向省市县税务、执法、市场监管和事业单位路径。,应用本科可走县区基层、行政执法和地方单位，学校层级不宜夸大。,上海出入境边防检查总站|上海市公安局特勤局|上海海关缉私局|上海铁路公安局|东北虎豹国家公园管理局|中国井冈山干部学院|中国人民银行上海总部|中国人民银行云南省分行,一处一级主任科员及以下|一处一级警长及以下|一级主任科员及以下|一级主任科员及以下二|一级主任科员及以下（一）|一级主任科员及以下（三）|一级主任科员及以下（二）|一级主任科员及以下（四）
030105T,国际经贸规则,本科(普通),,本科,法学,法学类,79.2,强适配,2026国考职位表/中央机关及直属机构口径（第三方镜像）,2997.0,82.0,2915.0,0.0,0.0,2.7,97.3,0.0,0.0,主要靠专业大类/门类岗位,税务系统(2293)；财政审计金融监管(436)；海关/边检(152)；公安/移民/基层执法(96)；交通海事民航铁路(52)；统计调查(13),5355.0,102.13,1866.0,11.0,0.4,510.95,65.0,2.2,154.59,348.0,11.6,107.08,2573.0,85.9,115.54,323.0,3320.0,93.0,3227.0,very_high,升学后较强潜力,存在专业代码或专业名称精确匹配，并有直接学历兼容岗位。,头部院校可把该专业作为中央/省级机关、选调和研究生岗位的主赛道之一。,区域重点/特色院校可重点面向省市县税务、执法、市场监管和事业单位路径。,应用本科可走县区基层、行政执法和地方单位，学校层级不宜夸大。,上海出入境边防检查总站|上海市公安局特勤局|上海海关|上海海关缉私局|上海铁路公安局|东北虎豹国家公园管理局|中华全国供销合作总社|中国井冈山干部学院,一处一级主任科员及以下|一处一级警长及以下|一级主任科员及以下|一级主任科员及以下二|一级主任科员及以下（一）|一级主任科员及以下（三）|一级主任科员及以下（二）|一级主任科员及以下（四）
030106TK,司法警察学,本科(普通),,本科,法学,法学类,66.6,较强适配,2026国考职位表/中央机关及直属机构口径（第三方镜像）,2923.0,5.0,2918.0,0.0,0.0,0.2,99.8,0.0,0.0,主要靠专业大类/门类岗位,税务系统(2293)；财政审计金融监管(436)；公安/移民/基层执法(98)；海关/边检(73)；交通海事民航铁路(52)；统计调查(13),5265.0,100.62,1792.0,11.0,0.4,510.95,64.0,2.2,141.07,346.0,11.8,103.5,2502.0,85.6,113.71,316.0,3241.0,11.0,3230.0,very_high,升学后较强潜力,存在专业代码或专业名称精确匹配，并有直接学历兼容岗位。,头部院校优势主要体现在保研/读研后进入更高层级岗位。,区域重点/特色院校可重点面向省市县税务、执法、市场监管和事业单位路径。,应用本科可走县区基层、行政执法和地方单位，学校层级不宜夸大。,上海出入境边防检查总站|上海市公安局特勤局|上海海关缉私局|上海铁路公安局|东北虎豹国家公园管理局|中国井冈山干部学院|中国人民银行上海总部|中国人民银行云南省分行,一处一级主任科员及以下|一处一级警长及以下|一级主任科员及以下|一级主任科员及以下二|一级主任科员及以下（一）|一级主任科员及以下（三）|一级主任科员及以下（二）|一级主任科员及以下（四）
030107TK,社区矫正,本科(普通),,本科,法学,法学类,61.4,较强适配,2026国考职位表/中央机关及直属机构口径（第三方镜像）,2919.0,1.0,2918.0,0.0,0.0,0.0,100.0,0.0,0.0,主要靠专业大类/门类岗位,税务系统(2293)；财政审计金融监管(436)；公安/移民/基层执法(97)；海关/边检(73)；交通海事民航铁路(52)；统计调查(13),5261.0,100.54,1792.0,11.0,0.4,510.95,64.0,2.2,141.07,342.0,11.7,102.25,2502.0,85.7,113.71,315.0,3234.0,4.0,3230.0,very_high,升学后较强潜力,存在专业代码或专业名称精确匹配，并有直接学历兼容岗位。,头部院校优势主要体现在保研/读研后进入更高层级岗位。,区域重点/特色院校可重点面向省市县税务、执法、市场监管和事业单位路径。,应用本科可走县区基层、行政执法和地方单位，学校层级不宜夸大。,上海出入境边防检查总站|上海市公安局特勤局|上海海关缉私局|上海铁路公安局|东北虎豹国家公园管理局|中国井冈山干部学院|中国人民银行上海总部|中国人民银行云南省分行,一处一级主任科员及以下|一处一级警长及以下|一级主任科员及以下|一级主任科员及以下二|一级主任科员及以下（一）|一级主任科员及以下（三）|一级主任科员及以下（二）|一级主任科员及以下（四）
030108TK,纪检监察,本科(普通),,本科,法学,法学类,68.0,较强适配,2026国考职位表/中央机关及直属机构口径（第三方镜像）,2919.0,7.0,2912.0,0.0,0.0,0.2,99.8,0.0,0.0,主要靠专业大类/门类岗位,税务系统(2293)；财政审计金融监管(436)；公安/移民/基层执法(97)；海关/边检(74)；交通海事民航铁路(52)；统计调查(13),5261.0,100.53,1792.0,11.0,0.4,510.95,64.0,2.2,141.07,342.0,11.7,102.15,2502.0,85.7,113.71,328.0,3248.0,30.0,3218.0,very_high,升学后较强潜力,存在专业代码或专业名称精确匹配，并有直接学历兼容岗位。,头部院校优势主要体现在保研/读研后进入更高层级岗位。,区域重点/特色院校可重点面向省市县税务、执法、市场监管和事业单位路径。,应用本科可走县区基层、行政执法和地方单位，学校层级不宜夸大。,上海出入境边防检查总站|上海市公安局特勤局|上海海关缉私局|上海铁路公安局|东北虎豹国家公园管理局|中国井冈山干部学院|中国人民银行上海总部|中国人民银行云南省分行,一处一级主任科员及以下|一处一级警长及以下|一级主任科员及以下|一级主任科员及以下二|一级主任科员及以下（一）|一级主任科员及以下（三）|一级主任科员及以下（二）|一级主任科员及以下（四）
030109TK,国际法,本科(普通),,本科,法学,法学类,81.4,强适配,2026国考职位表/中央机关及直属机构口径（第三方镜像）,3045.0,127.0,2918.0,0.0,0.0,4.2,95.8,0.0,0.0,以对口岗位为主,税务系统(2293)；财政审计金融监管(481)；海关/边检(151)；公安/移民/基层执法(105)；交通海事民航铁路(52)；统计调查(13),5408.0,102.93,1886.0,12.0,0.4,483.79,64.0,2.1,141.07,375.0,12.3,114.98,2594.0,85.2,114.5,345.0,3390.0,160.0,3230.0,very_high,升学后较强潜力,存在专业代码或专业名称精确匹配，并有直接学历兼容岗位。,头部院校可把该专业作为中央/省级机关、选调和研究生岗位的主赛道之一。,区域重点/特色院校可重点面向省市县税务、执法、市场监管和事业单位路径。,应用本科可走县区基层、行政执法和地方单位，学校层级不宜夸大。,上海出入境边防检查总站|上海市公安局特勤局|上海海事局|上海海关缉私局|上海铁路公安局|东北虎豹国家公园管理局|中国井冈山干部学院|中国人民银行上海总部,一处一级主任科员及以下|一处一级警长及以下|一级主任科员及以下|一级主任科员及以下二|一级主任科员及以下（一）|一级主任科员及以下（三）|一级主任科员及以下（二）|一级主任科员及以下（四）
030110TK,司法鉴定学,本科(普通),,本科,法学,法学类,67.3,较强适配,2026国考职位表/中央机关及直属机构口径（第三方镜像）,2920.0,6.0,2914.0,0.0,0.0,0.2,99.8,0.0,0.0,主要靠专业大类/门类岗位,税务系统(2293)；财政审计金融监管(436)；公安/移民/基层执法(98)；海关/边检(75)；交通海事民航铁路(52)；统计调查(13),5268.0,100.41,1792.0,11.0,0.4,510.95,64.0,2.2,141.07,343.0,11.7,101.88,2502.0,85.7,113.71,312.0,3233.0,7.0,3226.0,very_high,升学后较强潜力,存在专业代码或专业名称精确匹配，并有直接学历兼容岗位。,头部院校优势主要体现在保研/读研后进入更高层级岗位。,区域重点/特色院校可重点面向省市县税务、执法、市场监管和事业单位路径。,应用本科可走县区基层、行政执法和地方单位，学校层级不宜夸大。,上海出入境边防检查总站|上海市公安局特勤局|上海海关缉私局|上海铁路公安局|东北虎豹国家公园管理局|中国井冈山干部学院|中国人民银行上海总部|中国人民银行云南省分行,一处一级主任科员及以下|一处一级警长及以下|一级主任科员及以下|一级主任科员及以下二|一级主任科员及以下（一）|一级主任科员及以下（三）|一级主任科员及以下（二）|一级主任科员及以下（四）
030111TK,国家安全学,本科(普通),,本科,法学,法学类,71.8,较强适配,2026国考职位表/中央机关及直属机构口径（第三方镜像）,2930.0,17.0,2913.0,0.0,0.0,0.6,99.4,0.0,0.0,主要靠专业大类/门类岗位,税务系统(2293)；财政审计金融监管(437)；公安/移民/基层执法(103)；海关/边检(80)；交通海事民航铁路(53)；统计调查(13),5277.0,100.77,1794.0,12.0,0.4,478.88,65.0,2.2,139.49,349.0,11.9,103.45,2504.0,85.5,113.91,315.0,3246.0,24.0,3222.0,very_high,升学后较强潜力,存在专业代码或专业名称精确匹配，并有直接学历兼容岗位。,头部院校优势主要体现在保研/读研后进入更高层级岗位。,区域重点/特色院校可重点面向省市县税务、执法、市场监管和事业单位路径。,应用本科可走县区基层、行政执法和地方单位，学校层级不宜夸大。,上海出入境边防检查总站|上海市公安局特勤局|上海海关缉私局|上海铁路公安局|东北虎豹国家公园管理局|中国井冈山干部学院|中国人民银行上海总部|中国人民银行云南省分行,一处一级主任科员及以下|一处一级警长及以下|一级主任科员及以下|一级主任科员及以下二|一级主任科员及以下（一）|一级主任科员及以下（三）|一级主任科员及以下（二）|一级主任科员及以下（四）
030112TK,海外利益安全,本科(普通),,本科,法学,法学类,64.7,较强适配,2026国考职位表/中央机关及直属机构口径（第三方镜像）,2921.0,3.0,2918.0,0.0,0.0,0.1,99.9,0.0,0.0,主要靠专业大类/门类岗位,税务系统(2293)；财政审计金融监管(436)；公安/移民/基层执法(97)；海关/边检(76)；交通海事民航铁路(52)；统计调查(13),5265.0,100.73,1794.0,11.0,0.4,510.95,64.0,2.2,141.07,342.0,11.7,102.13,2504.0,85.7,113.91,312.0,3233.0,3.0,3230.0,very_high,升学后较强潜力,存在专业代码或专业名称精确匹配，并有直接学历兼容岗位。,头部院校优势主要体现在保研/读研后进入更高层级岗位。,区域重点/特色院校可重点面向省市县税务、执法、市场监管和事业单位路径。,应用本科可走县区基层、行政执法和地方单位，学校层级不宜夸大。,上海出入境边防检查总站|上海市公安局特勤局|上海海关缉私局|上海铁路公安局|东北虎豹国家公园管理局|中国井冈山干部学院|中国人民银行上海总部|中国人民银行云南省分行,一处一级主任科员及以下|一处一级警长及以下|一级主任科员及以下|一级主任科员及以下二|一级主任科员及以下（一）|一级主任科员及以下（三）|一级主任科员及以下（二）|一级主任科员及以下（四）
030201,政治学与行政学,本科(普通),,本科,法学,政治学类,61.6,较强适配,2026国考职位表/中央机关及直属机构口径（第三方镜像）,733.0,17.0,716.0,0.0,0.0,2.3,97.7,0.0,0.0,主要靠专业大类/门类岗位,税务系统(624)；公安/移民/基层执法(48)；财政审计金融监管(38)；海关/边检(36)；交通海事民航铁路(13)；党政综合/办公厅(2),1328.0,102.24,475.0,5.0,0.7,493.1,20.0,2.7,132.9,60.0,8.2,63.01,648.0,88.4,122.98,71.0,804.0,17.0,787.0,high,升学后中等潜力,存在专业代码或专业名称精确匹配，并有直接学历兼容岗位。,头部院校优势主要体现在保研/读研后进入更高层级岗位。,区域重点/特色院校可重点面向省市县税务、执法、市场监管和事业单位路径。,应用本科可走县区基层、行政执法和地方单位，学校层级不宜夸大。,上海出入境边防检查总站|上海市公安局特勤局|中国井冈山干部学院|中国侨联|中国地方志工作办公室|中国残联|中国民用航空华北地区管理局公安局|中国浦东干部学院,一处一级主任科员及以下|一处一级警长及以下|一级主任科员及以下|一级主办及以下|一级主办及以下（一）|一级主办及以下（七）|一级主办及以下（三）|一级主办及以下（九）
030202,国际政治,本科(普通),,本科,法学,政治学类,59.9,较强适配,2026国考职位表/中央机关及直属机构口径（第三方镜像）,728.0,11.0,717.0,0.0,0.0,1.5,98.5,0.0,0.0,主要靠专业大类/门类岗位,税务系统(624)；公安/移民/基层执法(51)；财政审计金融监管(37)；海关/边检(30)；交通海事民航铁路(13)；党政综合/办公厅(2),1335.0,101.05,477.0,7.0,1.0,379.66,20.0,2.7,132.9,64.0,8.8,80.62,637.0,87.5,121.17,82.0,810.0,22.0,788.0,high,升学后中等潜力,存在专业代码或专业名称精确匹配，并有直接学历兼容岗位。,头部院校优势主要体现在保研/读研后进入更高层级岗位。,区域重点/特色院校可重点面向省市县税务、执法、市场监管和事业单位路径。,应用本科可走县区基层、行政执法和地方单位，学校层级不宜夸大。,上海出入境边防检查总站|上海市公安局特勤局|中国井冈山干部学院|中国侨联|中国地方志工作办公室|中国工程院|中国残联|中国民用航空华北地区管理局公安局,一处一级主任科员及以下|一处一级警长及以下|一级主任科员及以下|一级主办及以下|一级主办及以下（一）|一级主办及以下（七）|一级主办及以下（三）|一级主办及以下（九）
030203,外交学,本科(普通),,本科,法学,政治学类,59.5,较强适配,2026国考职位表/中央机关及直属机构口径（第三方镜像）,727.0,10.0,717.0,0.0,0.0,1.4,98.6,0.0,0.0,主要靠专业大类/门类岗位,税务系统(624)；公安/移民/基层执法(51)；财政审计金融监管(37)；海关/边检(27)；交通海事民航铁路(13)；党政综合/办公厅(2),1335.0,101.29,476.0,9.0,1.2,387.74,20.0,2.8,132.9,63.0,8.7,73.72,635.0,87.3,121.07,78.0,805.0,17.0,788.0,high,升学后中等潜力,存在专业代码或专业名称精确匹配，并有直接学历兼容岗位。,头部院校优势主要体现在保研/读研后进入更高层级岗位。,区域重点/特色院校可重点面向省市县税务、执法、市场监管和事业单位路径。,应用本科可走县区基层、行政执法和地方单位，学校层级不宜夸大。,上海出入境边防检查总站|上海市公安局特勤局|中国井冈山干部学院|中国侨联|中国地方志工作办公室|中国残联|中国民用航空华北地区管理局公安局|中国浦东干部学院,一处一级主任科员及以下|一处一级警长及以下|一级主任科员及以下|一级主办及以下|一级主办及以下（一）|一级主办及以下（七）|一级主办及以下（三）|一级主办及以下（九）
030204T,国际事务与国际关系,本科(普通),,本科,法学,政治学类,65.1,较强适配,2026国考职位表/中央机关及直属机构口径（第三方镜像）,751.0,34.0,717.0,0.0,0.0,4.5,95.5,0.0,0.0,主要靠专业大类/门类岗位,税务系统(624)；公安/移民/基层执法(75)；海关/边检(51)；财政审计金融监管(37)；交通海事民航铁路(13)；党政综合/办公厅(2),1374.0,103.89,476.0,8.0,1.1,422.44,21.0,2.8,128.14,87.0,11.6,97.19,635.0,84.6,121.07,76.0,827.0,39.0,788.0,high,升学后中等潜力,存在专业代码或专业名称精确匹配，并有直接学历兼容岗位。,头部院校优势主要体现在保研/读研后进入更高层级岗位。,区域重点/特色院校可重点面向省市县税务、执法、市场监管和事业单位路径。,应用本科可走县区基层、行政执法和地方单位，学校层级不宜夸大。,上海出入境边防检查总站|上海市公安局特勤局|中国井冈山干部学院|中国侨联|中国地方志工作办公室|中国残联|中国民用航空华北地区管理局公安局|中国浦东干部学院,一处一级主任科员及以下|一处一级警长及以下|一级主任科员及以下|一级主办及以下|一级主办及以下（一）|一级主办及以下（七）|一级主办及以下（三）|一级主办及以下（九）
030205T,政治学、经济学与哲学,本科(普通),,本科,法学,政治学类,51.1,中等适配,2026国考职位表/中央机关及直属机构口径（第三方镜像）,718.0,1.0,717.0,0.0,0.0,0.1,99.9,0.0,0.0,主要靠专业大类/门类岗位,税务系统(624)；公安/移民/基层执法(45)；财政审计金融监管(38)；海关/边检(21)；交通海事民航铁路(13)；党政综合/办公厅(2),1310.0,101.51,475.0,5.0,0.7,493.1,20.0,2.8,132.9,57.0,7.9,63.46,636.0,88.6,121.27,71.0,789.0,1.0,788.0,high,升学后中等潜力,存在专业代码或专业名称精确匹配，并有直接学历兼容岗位。,头部院校优势主要体现在保研/读研后进入更高层级岗位。,可作为备选路径，适合叠加党员、基层项目、应届身份等条件。,可作为基层备选，但要靠地域、应届和限制条件放大机会。,上海出入境边防检查总站|上海市公安局特勤局|中国井冈山干部学院|中国侨联|中国地方志工作办公室|中国残联|中国民用航空华北地区管理局公安局|中国浦东干部学院,一处一级主任科员及以下|一处一级警长及以下|一级主任科员及以下|一级主办及以下|一级主办及以下（一）|一级主办及以下（七）|一级主办及以下（三）|一级主办及以下（九）
030206TK,国际组织与全球治理,本科(普通),,本科,法学,政治学类,56.4,较强适配,2026国考职位表/中央机关及直属机构口径（第三方镜像）,722.0,5.0,717.0,0.0,0.0,0.7,99.3,0.0,0.0,主要靠专业大类/门类岗位,税务系统(624)；公安/移民/基层执法(50)；财政审计金融监管(37)；海关/边检(26)；交通海事民航铁路(13)；党政综合/办公厅(2),1315.0,101.75,474.0,5.0,0.7,493.1,20.0,2.8,132.9,62.0,8.6,74.9,635.0,88.0,121.07,75.0,797.0,9.0,788.0,high,升学后中等潜力,存在专业代码或专业名称精确匹配，并有直接学历兼容岗位。,头部院校优势主要体现在保研/读研后进入更高层级岗位。,区域重点/特色院校可重点面向省市县税务、执法、市场监管和事业单位路径。,应用本科可走县区基层、行政执法和地方单位，学校层级不宜夸大。,上海出入境边防检查总站|上海市公安局特勤局|中国井冈山干部学院|中国侨联|中国地方志工作办公室|中国残联|中国民用航空华北地区管理局公安局|中国浦东干部学院,一处一级主任科员及以下|一处一级警长及以下|一级主任科员及以下|一级主办及以下|一级主办及以下（一）|一级主办及以下（七）|一级主办及以下（三）|一级主办及以下（九）
030301,社会学,本科(普通),,本科,法学,社会学类,60.2,较强适配,2026国考职位表/中央机关及直属机构口径（第三方镜像）,521.0,20.0,501.0,0.0,0.0,3.8,96.2,0.0,0.0,主要靠专业大类/门类岗位,税务系统(420)；公安/移民/基层执法(37)；财政审计金融监管(28)；海关/边检(21)；统计调查(21)；交通海事民航铁路(11),927.0,112.97,363.0,7.0,1.3,227.5,19.0,3.6,119.21,42.0,8.1,94.7,453.0,86.9,133.1,51.0,572.0,53.0,519.0,medium,升学后中等潜力,存在专业代码或专业名称精确匹配，并有直接学历兼容岗位。,头部院校优势主要体现在保研/读研后进入更高层级岗位。,区域重点/特色院校可重点面向省市县税务、执法、市场监管和事业单位路径。,应用本科可走县区基层、行政执法和地方单位，学校层级不宜夸大。,上海出入境边防检查总站|上海市公安局特勤局|中国井冈山干部学院|中国地方志工作办公室|中国残联|中国民用航空局东北地区管理局|中国浦东干部学院|中国老龄协会,一处一级主任科员及以下|一处一级警长及以下|一级主任科员及以下|一级主办及以下|一级主办及以下（一）|一级主办及以下（七）|一级主办及以下（三）|一级主办及以下（九）
030302,社会工作,本科(普通),,本科,法学,社会学类,57.3,较强适配,2026国考职位表/中央机关及直属机构口径（第三方镜像）,516.0,11.0,505.0,0.0,0.0,2.1,97.9,0.0,0.0,主要靠专业大类/门类岗位,税务系统(420)；公安/移民/基层执法(39)；财政审计金融监管(28)；统计调查(21)；海关/边检(17)；交通海事民航铁路(11),927.0,112.7,359.0,6.0,1.2,247.58,19.0,3.7,119.21,43.0,8.3,88.66,448.0,86.8,133.03,46.0,562.0,22.0,540.0,medium,升学后中等潜力,存在专业代码或专业名称精确匹配，并有直接学历兼容岗位。,可以考，但院校层级优势有限，更依赖岗位地区和限制条件。,区域重点/特色院校可重点面向省市县税务、执法、市场监管和事业单位路径。,应用本科可走县区基层、行政执法和地方单位，学校层级不宜夸大。,上海出入境边防检查总站|上海市公安局特勤局|中国井冈山干部学院|中国地方志工作办公室|中国残联|中国浦东干部学院|中国老龄协会|中央办公厅,一处一级主任科员及以下|一处一级警长及以下|一级主任科员及以下|一级主办及以下|一级主办及以下（一）|一级主办及以下（七）|一级主办及以下（三）|一级主办及以下（九）
030303T,人类学,本科(普通),,本科,法学,社会学类,45.3,中等适配,2026国考职位表/中央机关及直属机构口径（第三方镜像）,509.0,0.0,509.0,0.0,0.0,0.0,100.0,0.0,0.0,主要靠专业大类/门类岗位,税务系统(420)；公安/移民/基层执法(36)；财政审计金融监管(28)；统计调查(20)；海关/边检(12)；交通海事民航铁路(11),911.0,111.15,357.0,5.0,1.0,245.8,19.0,3.7,119.21,40.0,7.9,85.78,445.0,87.4,131.55,39.0,548.0,0.0,548.0,medium,升学后中等潜力,主要来自专业类/学科门类宽口径匹配，报考前必须核官方专业目录。,可以考，但院校层级优势有限，更依赖岗位地区和限制条件。,可作为备选路径，适合叠加党员、基层项目、应届身份等条件。,可作为基层备选，但要靠地域、应届和限制条件放大机会。,上海出入境边防检查总站|上海市公安局特勤局|中国井冈山干部学院|中国地方志工作办公室|中国残联|中国浦东干部学院|中国老龄协会|乌鲁木齐铁路公安局,一处一级主任科员及以下|一处一级警长及以下|一级主任科员及以下|一级主办及以下|一级主办及以下（一）|一级主办及以下（七）|一级主办及以下（三）|一级主办及以下（九）
030304T,女性学,本科(普通),,本科,法学,社会学类,45.3,中等适配,2026国考职位表/中央机关及直属机构口径（第三方镜像）,509.0,0.0,509.0,0.0,0.0,0.0,100.0,0.0,0.0,主要靠专业大类/门类岗位,税务系统(420)；公安/移民/基层执法(36)；财政审计金融监管(28)；统计调查(20)；海关/边检(12)；交通海事民航铁路(11),911.0,111.15,357.0,5.0,1.0,245.8,19.0,3.7,119.21,40.0,7.9,85.78,445.0,87.4,131.55,39.0,548.0,0.0,548.0,medium,升学后中等潜力,主要来自专业类/学科门类宽口径匹配，报考前必须核官方专业目录。,可以考，但院校层级优势有限，更依赖岗位地区和限制条件。,可作为备选路径，适合叠加党员、基层项目、应届身份等条件。,可作为基层备选，但要靠地域、应届和限制条件放大机会。,上海出入境边防检查总站|上海市公安局特勤局|中国井冈山干部学院|中国地方志工作办公室|中国残联|中国浦东干部学院|中国老龄协会|乌鲁木齐铁路公安局,一处一级主任科员及以下|一处一级警长及以下|一级主任科员及以下|一级主办及以下|一级主办及以下（一）|一级主办及以下（七）|一级主办及以下（三）|一级主办及以下（九）
030305T,家政学,本科(普通),,本科,法学,社会学类,45.3,中等适配,2026国考职位表/中央机关及直属机构口径（第三方镜像）,509.0,0.0,509.0,0.0,0.0,0.0,100.0,0.0,0.0,主要靠专业大类/门类岗位,税务系统(420)；公安/移民/基层执法(36)；财政审计金融监管(28)；统计调查(20)；海关/边检(12)；交通海事民航铁路(11),911.0,111.15,357.0,5.0,1.0,245.8,19.0,3.7,119.21,40.0,7.9,85.78,445.0,87.4,131.55,39.0,548.0,0.0,548.0,medium,升学后中等潜力,主要来自专业类/学科门类宽口径匹配，报考前必须核官方专业目录。,可以考，但院校层级优势有限，更依赖岗位地区和限制条件。,可作为备选路径，适合叠加党员、基层项目、应届身份等条件。,可作为基层备选，但要靠地域、应届和限制条件放大机会。,上海出入境边防检查总站|上海市公安局特勤局|中国井冈山干部学院|中国地方志工作办公室|中国残联|中国浦东干部学院|中国老龄协会|乌鲁木齐铁路公安局,一处一级主任科员及以下|一处一级警长及以下|一级主任科员及以下|一级主办及以下|一级主办及以下（一）|一级主办及以下（七）|一级主办及以下（三）|一级主办及以下（九）
030306T,老年学,本科(普通),,本科,法学,社会学类,48.6,中等适配,2026国考职位表/中央机关及直属机构口径（第三方镜像）,510.0,1.0,509.0,0.0,0.0,0.2,99.8,0.0,0.0,主要靠专业大类/门类岗位,税务系统(420)；公安/移民/基层执法(36)；财政审计金融监管(28)；统计调查(20)；海关/边检(12)；交通海事民航铁路(11),915.0,111.79,357.0,6.0,1.2,247.58,19.0,3.7,119.21,40.0,7.8,85.78,445.0,87.3,131.55,39.0,549.0,1.0,548.0,medium,升学后中等潜力,存在专业代码或专业名称精确匹配，并有直接学历兼容岗位。,可以考，但院校层级优势有限，更依赖岗位地区和限制条件。,可作为备选路径，适合叠加党员、基层项目、应届身份等条件。,可作为基层备选，但要靠地域、应届和限制条件放大机会。,上海出入境边防检查总站|上海市公安局特勤局|中国井冈山干部学院|中国地方志工作办公室|中国残联|中国浦东干部学院|中国老龄协会|中央办公厅,一处一级主任科员及以下|一处一级警长及以下|一级主任科员及以下|一级主办及以下|一级主办及以下（一）|一级主办及以下（七）|一级主办及以下（三）|一级主办及以下（九）
030307T,社会政策,本科(普通),,本科,法学,社会学类,52.0,中等适配,2026国考职位表/中央机关及直属机构口径（第三方镜像）,512.0,3.0,509.0,0.0,0.0,0.6,99.4,0.0,0.0,主要靠专业大类/门类岗位,税务系统(420)；公安/移民/基层执法(37)；财政审计金融监管(28)；统计调查(20)；海关/边检(14)；交通海事民航铁路(11),918.0,111.68,358.0,6.0,1.2,247.58,19.0,3.7,119.21,41.0,8.0,84.45,446.0,87.1,131.64,39.0,551.0,3.0,548.0,medium,升学后中等潜力,存在专业代码或专业名称精确匹配，并有直接学历兼容岗位。,可以考，但院校层级优势有限，更依赖岗位地区和限制条件。,可作为备选路径，适合叠加党员、基层项目、应届身份等条件。,可作为基层备选，但要靠地域、应届和限制条件放大机会。,上海出入境边防检查总站|上海市公安局特勤局|中国井冈山干部学院|中国地方志工作办公室|中国残联|中国浦东干部学院|中国老龄协会|中央办公厅,一处一级主任科员及以下|一处一级警长及以下|一级主任科员及以下|一级主办及以下|一级主办及以下（一）|一级主办及以下（七）|一级主办及以下（三）|一级主办及以下（九）
030401,民族学,本科(普通),,本科,法学,民族学类,38.2,中等适配,2026国考职位表/中央机关及直属机构口径（第三方镜像）,60.0,2.0,58.0,0.0,0.0,3.3,96.7,0.0,0.0,主要靠专业大类/门类岗位,公安/移民/基层执法(30)；财政审计金融监管(28)；海关/边检(11)；交通海事民航铁路(6),81.0,43.1,28.0,2.0,3.3,183.5,13.0,21.7,14.54,22.0,36.7,60.36,23.0,38.3,45.89,19.0,79.0,7.0,72.0,limited,升学后中等潜力,存在专业代码或专业名称精确匹配，并有直接学历兼容岗位。,可以考，但院校层级优势有限，更依赖岗位地区和限制条件。,可作为备选路径，适合叠加党员、基层项目、应届身份等条件。,可作为基层备选，但要靠地域、应届和限制条件放大机会。,上海出入境边防检查总站|上海市公安局特勤局|中国井冈山干部学院|中国藏学研究中心|中央党史和文献研究院|乌鲁木齐铁路公安局|云南出入境边防检查总站|公安部,一处一级警长及以下|一级警长及以下（一）|一级警长及以下（七）|一级警长及以下（五）|一级警长及以下（八）|一级警长及以下（六）|业务处一级主任科员及以下|业务处室一级主任科员及以下
030501,科学社会主义,本科(普通),,本科,法学,马克思主义理论类,55.8,较强适配,2026国考职位表/中央机关及直属机构口径（第三方镜像）,888.0,3.0,885.0,0.0,0.0,0.3,99.7,0.0,0.0,主要靠专业大类/门类岗位,税务系统(762)；公安/移民/基层执法(54)；财政审计金融监管(38)；海关/边检(37)；交通海事民航铁路(22)；统计调查(4),1579.0,104.8,576.0,5.0,0.6,317.33,30.0,3.4,113.68,73.0,8.2,143.14,780.0,87.8,125.13,69.0,957.0,7.0,950.0,high,升学后中等潜力,存在专业代码或专业名称精确匹配，并有直接学历兼容岗位。,头部院校优势主要体现在保研/读研后进入更高层级岗位。,区域重点/特色院校可重点面向省市县税务、执法、市场监管和事业单位路径。,应用本科可走县区基层、行政执法和地方单位，学校层级不宜夸大。,上海出入境边防检查总站|上海市公安局特勤局|上海市邮政管理局|上海海关|上海铁路公安局|中国井冈山干部学院|中国侨联|中国残联,一处一级警长及以下|一级主任科员及以下|一级主办及以下|一级主办及以下（一）|一级主办及以下（七）|一级主办及以下（三）|一级主办及以下（九）|一级主办及以下（二十二）
030502,中国共产党历史,本科(普通),,本科,法学,马克思主义理论类,61.1,较强适配,2026国考职位表/中央机关及直属机构口径（第三方镜像）,896.0,11.0,885.0,0.0,0.0,1.2,98.8,0.0,0.0,主要靠专业大类/门类岗位,税务系统(762)；公安/移民/基层执法(54)；财政审计金融监管(44)；海关/边检(38)；交通海事民航铁路(22)；统计调查(4),1587.0,104.76,582.0,5.0,0.6,317.33,31.0,3.5,118.63,73.0,8.1,143.14,787.0,87.8,124.65,65.0,961.0,11.0,950.0,high,升学后中等潜力,存在专业代码或专业名称精确匹配，并有直接学历兼容岗位。,头部院校优势主要体现在保研/读研后进入更高层级岗位。,区域重点/特色院校可重点面向省市县税务、执法、市场监管和事业单位路径。,应用本科可走县区基层、行政执法和地方单位，学校层级不宜夸大。,上海出入境边防检查总站|上海市公安局特勤局|上海市邮政管理局|上海海关|上海铁路公安局|中国井冈山干部学院|中国侨联|中国残联,一处一级警长及以下|一级主任科员及以下|一级主办及以下|一级主办及以下（一）|一级主办及以下（七）|一级主办及以下（三）|一级主办及以下（九）|一级主办及以下（二十二）
030503,思想政治教育,本科(普通),,本科,法学,马克思主义理论类,64.7,较强适配,2026国考职位表/中央机关及直属机构口径（第三方镜像）,909.0,24.0,885.0,0.0,0.0,2.6,97.4,0.0,0.0,主要靠专业大类/门类岗位,税务系统(762)；公安/移民/基层执法(60)；海关/边检(47)；财政审计金融监管(39)；交通海事民航铁路(22)；统计调查(4),1607.0,104.96,580.0,5.0,0.6,317.33,30.0,3.3,113.68,87.0,9.6,136.8,787.0,86.6,125.23,71.0,980.0,30.0,950.0,high,升学后中等潜力,存在专业代码或专业名称精确匹配，并有直接学历兼容岗位。,头部院校优势主要体现在保研/读研后进入更高层级岗位。,区域重点/特色院校可重点面向省市县税务、执法、市场监管和事业单位路径。,应用本科可走县区基层、行政执法和地方单位，学校层级不宜夸大。,上海出入境边防检查总站|上海市公安局特勤局|上海市邮政管理局|上海海关|上海铁路公安局|中国井冈山干部学院|中国侨联|中国残联,一处一级警长及以下|一级主任科员及以下|一级主办及以下|一级主办及以下（一）|一级主办及以下（七）|一级主办及以下（三）|一级主办及以下（九）|一级主办及以下（二十二）
030504T,马克思主义理论,本科(普通),,本科,法学,马克思主义理论类,68.7,较强适配,2026国考职位表/中央机关及直属机构口径（第三方镜像）,910.0,55.0,855.0,0.0,0.0,6.0,94.0,0.0,0.0,主要靠专业大类/门类岗位,税务系统(762)；公安/移民/基层执法(64)；海关/边检(48)；财政审计金融监管(45)；交通海事民航铁路(22)；统计调查(4),1605.0,105.15,584.0,6.0,0.7,320.44,31.0,3.4,118.63,83.0,9.1,138.06,790.0,86.8,124.93,85.0,995.0,104.0,891.0,high,升学后中等潜力,存在专业代码或专业名称精确匹配，并有直接学历兼容岗位。,头部院校优势主要体现在保研/读研后进入更高层级岗位。,区域重点/特色院校可重点面向省市县税务、执法、市场监管和事业单位路径。,应用本科可走县区基层、行政执法和地方单位，学校层级不宜夸大。,上海出入境边防检查总站|上海市公安局特勤局|上海市邮政管理局|上海海关|上海铁路公安局|中国井冈山干部学院|中国侨联|中国残联,一处一级警长及以下|一级主任科员及以下|一级主办及以下|一级主办及以下（一）|一级主办及以下（七）|一级主办及以下（三）|一级主办及以下（九）|一级主办及以下（二十二）
030505TK,工会学,本科(普通),,本科,法学,马克思主义理论类,55.8,较强适配,2026国考职位表/中央机关及直属机构口径（第三方镜像）,888.0,3.0,885.0,0.0,0.0,0.3,99.7,0.0,0.0,主要靠专业大类/门类岗位,税务系统(762)；公安/移民/基层执法(55)；财政审计金融监管(38)；海关/边检(36)；交通海事民航铁路(22)；统计调查(4),1580.0,104.21,576.0,5.0,0.6,317.33,30.0,3.4,113.68,73.0,8.2,131.15,780.0,87.8,125.17,65.0,953.0,3.0,950.0,high,升学后中等潜力,存在专业代码或专业名称精确匹配，并有直接学历兼容岗位。,头部院校优势主要体现在保研/读研后进入更高层级岗位。,区域重点/特色院校可重点面向省市县税务、执法、市场监管和事业单位路径。,应用本科可走县区基层、行政执法和地方单位，学校层级不宜夸大。,上海出入境边防检查总站|上海市公安局特勤局|上海市邮政管理局|上海铁路公安局|中国井冈山干部学院|中国侨联|中国残联|中国民用航空华北地区管理局公安局,一处一级警长及以下|一级主任科员及以下|一级主办及以下|一级主办及以下（一）|一级主办及以下（七）|一级主办及以下（三）|一级主办及以下（九）|一级主办及以下（二十二）
030601K,治安学,本科(普通),,本科,法学,公安学类,50.6,中等适配,2026国考职位表/中央机关及直属机构口径（第三方镜像）,243.0,7.0,236.0,0.0,0.0,2.9,97.1,0.0,0.0,主要靠专业大类/门类岗位,税务系统(149)；财政审计金融监管(52)；公安/移民/基层执法(40)；海关/边检(20)；交通海事民航铁路(6)；法院/检察/司法(1),468.0,86.82,160.0,1.0,0.4,231.33,22.0,9.1,107.51,58.0,23.9,80.97,162.0,66.7,101.53,24.0,270.0,7.0,263.0,medium,升学后中等潜力,存在专业代码或专业名称精确匹配，并有直接学历兼容岗位。,可以考，但院校层级优势有限，更依赖岗位地区和限制条件。,可作为备选路径，适合叠加党员、基层项目、应届身份等条件。,可作为基层备选，但要靠地域、应届和限制条件放大机会。,上海出入境边防检查总站|上海市公安局特勤局|中国井冈山干部学院|中国人民银行四川省分行|中国人民银行宁夏回族自治区分行|中国人民银行广东省分行|中国人民银行广西壮族自治区分行|中国人民银行新疆维吾尔自治区分行,一级主办及以下（一）|一级主办及以下（二）|一级科员（五）|一级科员（四）|一级行政执法员|一级行政执法员（一）|一级行政执法员（七）|一级行政执法员（三）
030602K,侦查学,本科(普通),,本科,法学,公安学类,57.6,较强适配,2026国考职位表/中央机关及直属机构口径（第三方镜像）,266.0,30.0,236.0,0.0,0.0,11.3,88.7,0.0,0.0,主要靠专业大类/门类岗位,税务系统(149)；财政审计金融监管(52)；海关/边检(43)；公安/移民/基层执法(43)；交通海事民航铁路(6)；法院/检察/司法(1),512.0,86.56,179.0,1.0,0.4,231.33,23.0,8.6,107.7,66.0,24.8,81.75,176.0,66.2,105.06,25.0,294.0,31.0,263.0,medium,升学后中等潜力,存在专业代码或专业名称精确匹配，并有直接学历兼容岗位。,可以考，但院校层级优势有限，更依赖岗位地区和限制条件。,区域重点/特色院校可重点面向省市县税务、执法、市场监管和事业单位路径。,应用本科可走县区基层、行政执法和地方单位，学校层级不宜夸大。,上海出入境边防检查总站|上海市公安局特勤局|中国井冈山干部学院|中国人民银行四川省分行|中国人民银行宁夏回族自治区分行|中国人民银行广东省分行|中国人民银行广西壮族自治区分行|中国人民银行新疆维吾尔自治区分行,一级主办及以下（一）|一级主办及以下（二）|一级科员（五）|一级科员（四）|一级行政执法员|一级行政执法员（一）|一级行政执法员（七）|一级行政执法员（三）
030603K,边防管理,本科(普通),,本科,法学,公安学类,49.1,中等适配,2026国考职位表/中央机关及直属机构口径（第三方镜像）,241.0,5.0,236.0,0.0,0.0,2.1,97.9,0.0,0.0,主要靠专业大类/门类岗位,税务系统(149)；财政审计金融监管(52)；公安/移民/基层执法(39)；海关/边检(19)；交通海事民航铁路(6)；法院/检察/司法(1),463.0,86.07,160.0,0.0,0.0,,22.0,9.1,107.51,57.0,23.7,81.63,162.0,67.2,101.53,24.0,268.0,5.0,263.0,medium,升学后中等潜力,存在专业代码或专业名称精确匹配，并有直接学历兼容岗位。,可以考，但院校层级优势有限，更依赖岗位地区和限制条件。,可作为备选路径，适合叠加党员、基层项目、应届身份等条件。,可作为基层备选，但要靠地域、应届和限制条件放大机会。,上海出入境边防检查总站|上海市公安局特勤局|中国井冈山干部学院|中国人民银行四川省分行|中国人民银行宁夏回族自治区分行|中国人民银行广东省分行|中国人民银行广西壮族自治区分行|中国人民银行新疆维吾尔自治区分行,一级主办及以下（一）|一级主办及以下（二）|一级科员（五）|一级科员（四）|一级行政执法员|一级行政执法员（一）|一级行政执法员（七）|一级行政执法员（三）
030604TK,禁毒学,本科(普通),,本科,法学,公安学类,40.4,中等适配,2026国考职位表/中央机关及直属机构口径（第三方镜像）,237.0,0.0,237.0,0.0,0.0,0.0,100.0,0.0,0.0,主要靠专业大类/门类岗位,税务系统(149)；财政审计金融监管(52)；公安/移民/基层执法(35)；海关/边检(15)；交通海事民航铁路(6)；法院/检察/司法(1),435.0,90.92,160.0,0.0,0.0,,22.0,9.3,107.51,53.0,22.4,86.9,162.0,68.4,101.53,24.0,264.0,2.0,262.0,medium,升学后中等潜力,主要来自专业类/学科门类宽口径匹配，报考前必须核官方专业目录。,可以考，但院校层级优势有限，更依赖岗位地区和限制条件。,可作为备选路径，适合叠加党员、基层项目、应届身份等条件。,可作为基层备选，但要靠地域、应届和限制条件放大机会。,上海出入境边防检查总站|上海市公安局特勤局|中国井冈山干部学院|中国人民银行四川省分行|中国人民银行宁夏回族自治区分行|中国人民银行广东省分行|中国人民银行广西壮族自治区分行|中国人民银行新疆维吾尔自治区分行,一级主办及以下（一）|一级主办及以下（二）|一级科员（五）|一级科员（四）|一级行政执法员|一级行政执法员（一）|一级行政执法员（七）|一级行政执法员（三）
030605TK,警犬技术,本科(普通),,本科,法学,公安学类,49.1,中等适配,2026国考职位表/中央机关及直属机构口径（第三方镜像）,241.0,5.0,236.0,0.0,0.0,2.1,97.9,0.0,0.0,主要靠专业大类/门类岗位,税务系统(149)；财政审计金融监管(52)；公安/移民/基层执法(39)；海关/边检(19)；交通海事民航铁路(6)；法院/检察/司法(1),463.0,86.07,160.0,0.0,0.0,,22.0,9.1,107.51,57.0,23.7,81.63,162.0,67.2,101.53,24.0,268.0,7.0,261.0,medium,升学后中等潜力,存在专业代码或专业名称精确匹配，并有直接学历兼容岗位。,可以考，但院校层级优势有限，更依赖岗位地区和限制条件。,可作为备选路径，适合叠加党员、基层项目、应届身份等条件。,可作为基层备选，但要靠地域、应届和限制条件放大机会。,上海出入境边防检查总站|上海市公安局特勤局|中国井冈山干部学院|中国人民银行四川省分行|中国人民银行宁夏回族自治区分行|中国人民银行广东省分行|中国人民银行广西壮族自治区分行|中国人民银行新疆维吾尔自治区分行,一级主办及以下（一）|一级主办及以下（二）|一级科员（五）|一级科员（四）|一级行政执法员|一级行政执法员（一）|一级行政执法员（七）|一级行政执法员（三）
030606TK,经济犯罪侦查,本科(普通),,本科,法学,公安学类,55.2,较强适配,2026国考职位表/中央机关及直属机构口径（第三方镜像）,256.0,19.0,237.0,0.0,0.0,7.4,92.6,0.0,0.0,主要靠专业大类/门类岗位,税务系统(149)；财政审计金融监管(52)；公安/移民/基层执法(40)；海关/边检(34)；交通海事民航铁路(6)；法院/检察/司法(1),490.0,85.29,173.0,0.0,0.0,,23.0,9.0,107.7,61.0,23.8,86.05,172.0,67.2,98.69,24.0,283.0,19.0,264.0,medium,升学后中等潜力,存在专业代码或专业名称精确匹配，并有直接学历兼容岗位。,可以考，但院校层级优势有限，更依赖岗位地区和限制条件。,区域重点/特色院校可重点面向省市县税务、执法、市场监管和事业单位路径。,应用本科可走县区基层、行政执法和地方单位，学校层级不宜夸大。,上海出入境边防检查总站|上海市公安局特勤局|中国井冈山干部学院|中国人民银行四川省分行|中国人民银行宁夏回族自治区分行|中国人民银行广东省分行|中国人民银行广西壮族自治区分行|中国人民银行新疆维吾尔自治区分行,一级主办及以下（一）|一级主办及以下（二）|一级科员（五）|一级科员（四）|一级行政执法员|一级行政执法员（一）|一级行政执法员（七）|一级行政执法员（三）
030607TK,边防指挥,本科(普通),,本科,法学,公安学类,40.4,中等适配,2026国考职位表/中央机关及直属机构口径（第三方镜像）,237.0,0.0,237.0,0.0,0.0,0.0,100.0,0.0,0.0,主要靠专业大类/门类岗位,税务系统(149)；财政审计金融监管(52)；公安/移民/基层执法(35)；海关/边检(15)；交通海事民航铁路(6)；法院/检察/司法(1),435.0,90.92,160.0,0.0,0.0,,22.0,9.3,107.51,53.0,22.4,86.9,162.0,68.4,101.53,24.0,264.0,0.0,264.0,medium,升学后中等潜力,主要来自专业类/学科门类宽口径匹配，报考前必须核官方专业目录。,可以考，但院校层级优势有限，更依赖岗位地区和限制条件。,可作为备选路径，适合叠加党员、基层项目、应届身份等条件。,可作为基层备选，但要靠地域、应届和限制条件放大机会。,上海出入境边防检查总站|上海市公安局特勤局|中国井冈山干部学院|中国人民银行四川省分行|中国人民银行宁夏回族自治区分行|中国人民银行广东省分行|中国人民银行广西壮族自治区分行|中国人民银行新疆维吾尔自治区分行,一级主办及以下（一）|一级主办及以下（二）|一级科员（五）|一级科员（四）|一级行政执法员|一级行政执法员（一）|一级行政执法员（七）|一级行政执法员（三）
030608TK,消防指挥,本科(普通),,本科,法学,公安学类,40.4,中等适配,2026国考职位表/中央机关及直属机构口径（第三方镜像）,237.0,0.0,237.0,0.0,0.0,0.0,100.0,0.0,0.0,主要靠专业大类/门类岗位,税务系统(149)；财政审计金融监管(52)；公安/移民/基层执法(35)；海关/边检(15)；交通海事民航铁路(6)；法院/检察/司法(1),435.0,90.92,160.0,0.0,0.0,,22.0,9.3,107.51,53.0,22.4,86.9,162.0,68.4,101.53,24.0,264.0,0.0,264.0,medium,升学后中等潜力,主要来自专业类/学科门类宽口径匹配，报考前必须核官方专业目录。,可以考，但院校层级优势有限，更依赖岗位地区和限制条件。,可作为备选路径，适合叠加党员、基层项目、应届身份等条件。,可作为基层备选，但要靠地域、应届和限制条件放大机会。,上海出入境边防检查总站|上海市公安局特勤局|中国井冈山干部学院|中国人民银行四川省分行|中国人民银行宁夏回族自治区分行|中国人民银行广东省分行|中国人民银行广西壮族自治区分行|中国人民银行新疆维吾尔自治区分行,一级主办及以下（一）|一级主办及以下（二）|一级科员（五）|一级科员（四）|一级行政执法员|一级行政执法员（一）|一级行政执法员（七）|一级行政执法员（三）
030609TK,警卫学,本科(普通),,本科,法学,公安学类,40.4,中等适配,2026国考职位表/中央机关及直属机构口径（第三方镜像）,237.0,0.0,237.0,0.0,0.0,0.0,100.0,0.0,0.0,主要靠专业大类/门类岗位,税务系统(149)；财政审计金融监管(52)；公安/移民/基层执法(35)；海关/边检(15)；交通海事民航铁路(6)；法院/检察/司法(1),435.0,90.92,160.0,0.0,0.0,,22.0,9.3,107.51,53.0,22.4,86.9,162.0,68.4,101.53,24.0,264.0,0.0,264.0,medium,升学后中等潜力,主要来自专业类/学科门类宽口径匹配，报考前必须核官方专业目录。,可以考，但院校层级优势有限，更依赖岗位地区和限制条件。,可作为备选路径，适合叠加党员、基层项目、应届身份等条件。,可作为基层备选，但要靠地域、应届和限制条件放大机会。,上海出入境边防检查总站|上海市公安局特勤局|中国井冈山干部学院|中国人民银行四川省分行|中国人民银行宁夏回族自治区分行|中国人民银行广东省分行|中国人民银行广西壮族自治区分行|中国人民银行新疆维吾尔自治区分行,一级主办及以下（一）|一级主办及以下（二）|一级科员（五）|一级科员（四）|一级行政执法员|一级行政执法员（一）|一级行政执法员（七）|一级行政执法员（三）
030610TK,公安情报学,本科(普通),,本科,法学,公安学类,54.6,中等适配,2026国考职位表/中央机关及直属机构口径（第三方镜像）,253.0,17.0,236.0,0.0,0.0,6.7,93.3,0.0,0.0,主要靠专业大类/门类岗位,税务系统(149)；财政审计金融监管(52)；公安/移民/基层执法(37)；海关/边检(30)；交通海事民航铁路(6)；法院/检察/司法(1),468.0,89.76,172.0,1.0,0.4,231.33,23.0,9.1,107.7,58.0,22.9,89.9,171.0,67.6,97.93,24.0,280.0,17.0,263.0,medium,升学后中等潜力,存在专业代码或专业名称精确匹配，并有直接学历兼容岗位。,可以考，但院校层级优势有限，更依赖岗位地区和限制条件。,可作为备选路径，适合叠加党员、基层项目、应届身份等条件。,可作为基层备选，但要靠地域、应届和限制条件放大机会。,上海出入境边防检查总站|上海市公安局特勤局|中国井冈山干部学院|中国人民银行四川省分行|中国人民银行宁夏回族自治区分行|中国人民银行广东省分行|中国人民银行广西壮族自治区分行|中国人民银行新疆维吾尔自治区分行,一级主办及以下（一）|一级主办及以下（二）|一级科员（五）|一级科员（四）|一级行政执法员|一级行政执法员（一）|一级行政执法员（七）|一级行政执法员（三）
030611TK,犯罪学,本科(普通),,本科,法学,公安学类,40.4,中等适配,2026国考职位表/中央机关及直属机构口径（第三方镜像）,237.0,0.0,237.0,0.0,0.0,0.0,100.0,0.0,0.0,主要靠专业大类/门类岗位,税务系统(149)；财政审计金融监管(52)；公安/移民/基层执法(35)；海关/边检(15)；交通海事民航铁路(6)；法院/检察/司法(1),435.0,90.92,160.0,0.0,0.0,,22.0,9.3,107.51,53.0,22.4,86.9,162.0,68.4,101.53,24.0,264.0,2.0,262.0,medium,升学后中等潜力,主要来自专业类/学科门类宽口径匹配，报考前必须核官方专业目录。,可以考，但院校层级优势有限，更依赖岗位地区和限制条件。,可作为备选路径，适合叠加党员、基层项目、应届身份等条件。,可作为基层备选，但要靠地域、应届和限制条件放大机会。,上海出入境边防检查总站|上海市公安局特勤局|中国井冈山干部学院|中国人民银行四川省分行|中国人民银行宁夏回族自治区分行|中国人民银行广东省分行|中国人民银行广西壮族自治区分行|中国人民银行新疆维吾尔自治区分行,一级主办及以下（一）|一级主办及以下（二）|一级科员（五）|一级科员（四）|一级行政执法员|一级行政执法员（一）|一级行政执法员（七）|一级行政执法员（三）
030612TK,公安管理学,本科(普通),,本科,法学,公安学类,43.7,中等适配,2026国考职位表/中央机关及直属机构口径（第三方镜像）,237.0,1.0,236.0,0.0,0.0,0.4,99.6,0.0,0.0,主要靠专业大类/门类岗位,税务系统(149)；财政审计金融监管(52)；公安/移民/基层执法(35)；海关/边检(15)；交通海事民航铁路(6)；法院/检察/司法(1),435.0,90.92,160.0,0.0,0.0,,22.0,9.3,107.51,53.0,22.4,86.9,162.0,68.4,101.53,24.0,264.0,1.0,263.0,medium,升学后中等潜力,存在专业代码或专业名称精确匹配，并有直接学历兼容岗位。,可以考，但院校层级优势有限，更依赖岗位地区和限制条件。,可作为备选路径，适合叠加党员、基层项目、应届身份等条件。,可作为基层备选，但要靠地域、应届和限制条件放大机会。,上海出入境边防检查总站|上海市公安局特勤局|中国井冈山干部学院|中国人民银行四川省分行|中国人民银行宁夏回族自治区分行|中国人民银行广东省分行|中国人民银行广西壮族自治区分行|中国人民银行新疆维吾尔自治区分行,一级主办及以下（一）|一级主办及以下（二）|一级科员（五）|一级科员（四）|一级行政执法员|一级行政执法员（一）|一级行政执法员（七）|一级行政执法员（三）
030613TK,涉外警务,本科(普通),,本科,法学,公安学类,49.9,中等适配,2026国考职位表/中央机关及直属机构口径（第三方镜像）,243.0,6.0,237.0,0.0,0.0,2.5,97.5,0.0,0.0,主要靠专业大类/门类岗位,税务系统(149)；财政审计金融监管(52)；公安/移民/基层执法(41)；海关/边检(21)；交通海事民航铁路(6)；法院/检察/司法(1),469.0,85.05,160.0,0.0,0.0,,22.0,9.1,107.51,59.0,24.3,79.46,162.0,66.7,101.53,24.0,270.0,6.0,264.0,medium,升学后中等潜力,存在专业代码或专业名称精确匹配，并有直接学历兼容岗位。,可以考，但院校层级优势有限，更依赖岗位地区和限制条件。,可作为备选路径，适合叠加党员、基层项目、应届身份等条件。,可作为基层备选，但要靠地域、应届和限制条件放大机会。,上海出入境边防检查总站|上海市公安局特勤局|中国井冈山干部学院|中国人民银行四川省分行|中国人民银行宁夏回族自治区分行|中国人民银行广东省分行|中国人民银行广西壮族自治区分行|中国人民银行新疆维吾尔自治区分行,一级主办及以下（一）|一级主办及以下（二）|一级科员（五）|一级科员（四）|一级行政执法员|一级行政执法员（一）|一级行政执法员（七）|一级行政执法员（三）
030614TK,国内安全保卫,本科(普通),,本科,法学,公安学类,45.7,中等适配,2026国考职位表/中央机关及直属机构口径（第三方镜像）,238.0,2.0,236.0,0.0,0.0,0.8,99.2,0.0,0.0,主要靠专业大类/门类岗位,税务系统(149)；财政审计金融监管(52)；公安/移民/基层执法(35)；海关/边检(15)；交通海事民航铁路(6)；法院/检察/司法(1),438.0,91.89,160.0,1.0,0.4,231.33,22.0,9.2,107.51,53.0,22.3,86.9,162.0,68.1,101.53,24.0,265.0,2.0,263.0,medium,升学后中等潜力,存在专业代码或专业名称精确匹配，并有直接学历兼容岗位。,可以考，但院校层级优势有限，更依赖岗位地区和限制条件。,可作为备选路径，适合叠加党员、基层项目、应届身份等条件。,可作为基层备选，但要靠地域、应届和限制条件放大机会。,上海出入境边防检查总站|上海市公安局特勤局|中国井冈山干部学院|中国人民银行四川省分行|中国人民银行宁夏回族自治区分行|中国人民银行广东省分行|中国人民银行广西壮族自治区分行|中国人民银行新疆维吾尔自治区分行,一级主办及以下（一）|一级主办及以下（二）|一级科员（五）|一级科员（四）|一级行政执法员|一级行政执法员（一）|一级行政执法员（七）|一级行政执法员（三）
030615TK,警务指挥与战术,本科(普通),,本科,法学,公安学类,40.4,中等适配,2026国考职位表/中央机关及直属机构口径（第三方镜像）,237.0,0.0,237.0,0.0,0.0,0.0,100.0,0.0,0.0,主要靠专业大类/门类岗位,税务系统(149)；财政审计金融监管(52)；公安/移民/基层执法(35)；海关/边检(15)；交通海事民航铁路(6)；法院/检察/司法(1),435.0,90.92,160.0,0.0,0.0,,22.0,9.3,107.51,53.0,22.4,86.9,162.0,68.4,101.53,24.0,264.0,2.0,262.0,medium,升学后中等潜力,主要来自专业类/学科门类宽口径匹配，报考前必须核官方专业目录。,可以考，但院校层级优势有限，更依赖岗位地区和限制条件。,可作为备选路径，适合叠加党员、基层项目、应届身份等条件。,可作为基层备选，但要靠地域、应届和限制条件放大机会。,上海出入境边防检查总站|上海市公安局特勤局|中国井冈山干部学院|中国人民银行四川省分行|中国人民银行宁夏回族自治区分行|中国人民银行广东省分行|中国人民银行广西壮族自治区分行|中国人民银行新疆维吾尔自治区分行,一级主办及以下（一）|一级主办及以下（二）|一级科员（五）|一级科员（四）|一级行政执法员|一级行政执法员（一）|一级行政执法员（七）|一级行政执法员（三）
030616TK,技术侦查学,本科(普通),,本科,法学,公安学类,51.1,中等适配,2026国考职位表/中央机关及直属机构口径（第三方镜像）,245.0,8.0,237.0,0.0,0.0,3.3,96.7,0.0,0.0,主要靠专业大类/门类岗位,税务系统(149)；财政审计金融监管(52)；公安/移民/基层执法(36)；海关/边检(23)；交通海事民航铁路(6)；法院/检察/司法(1),452.0,88.35,167.0,0.0,0.0,,22.0,9.0,107.51,55.0,22.4,84.54,168.0,68.6,99.15,25.0,273.0,9.0,264.0,medium,升学后中等潜力,存在专业代码或专业名称精确匹配，并有直接学历兼容岗位。,可以考，但院校层级优势有限，更依赖岗位地区和限制条件。,可作为备选路径，适合叠加党员、基层项目、应届身份等条件。,可作为基层备选，但要靠地域、应届和限制条件放大机会。,上海出入境边防检查总站|上海市公安局特勤局|中国井冈山干部学院|中国人民银行四川省分行|中国人民银行宁夏回族自治区分行|中国人民银行广东省分行|中国人民银行广西壮族自治区分行|中国人民银行新疆维吾尔自治区分行,一级主办及以下（一）|一级主办及以下（二）|一级科员（五）|一级科员（四）|一级行政执法员|一级行政执法员（一）|一级行政执法员（七）|一级行政执法员（三）
030617TK,海警执法,本科(普通),,本科,法学,公安学类,40.4,中等适配,2026国考职位表/中央机关及直属机构口径（第三方镜像）,237.0,0.0,237.0,0.0,0.0,0.0,100.0,0.0,0.0,主要靠专业大类/门类岗位,税务系统(149)；财政审计金融监管(52)；公安/移民/基层执法(35)；海关/边检(15)；交通海事民航铁路(6)；法院/检察/司法(1),435.0,90.92,160.0,0.0,0.0,,22.0,9.3,107.51,53.0,22.4,86.9,162.0,68.4,101.53,24.0,264.0,0.0,264.0,medium,升学后中等潜力,主要来自专业类/学科门类宽口径匹配，报考前必须核官方专业目录。,可以考，但院校层级优势有限，更依赖岗位地区和限制条件。,可作为备选路径，适合叠加党员、基层项目、应届身份等条件。,可作为基层备选，但要靠地域、应届和限制条件放大机会。,上海出入境边防检查总站|上海市公安局特勤局|中国井冈山干部学院|中国人民银行四川省分行|中国人民银行宁夏回族自治区分行|中国人民银行广东省分行|中国人民银行广西壮族自治区分行|中国人民银行新疆维吾尔自治区分行,一级主办及以下（一）|一级主办及以下（二）|一级科员（五）|一级科员（四）|一级行政执法员|一级行政执法员（一）|一级行政执法员（七）|一级行政执法员（三）
030618TK,公安政治工作,本科(普通),,本科,法学,公安学类,43.7,中等适配,2026国考职位表/中央机关及直属机构口径（第三方镜像）,237.0,1.0,236.0,0.0,0.0,0.4,99.6,0.0,0.0,主要靠专业大类/门类岗位,税务系统(149)；财政审计金融监管(52)；公安/移民/基层执法(35)；海关/边检(15)；交通海事民航铁路(6)；法院/检察/司法(1),435.0,90.92,160.0,0.0,0.0,,22.0,9.3,107.51,53.0,22.4,86.9,162.0,68.4,101.53,24.0,264.0,1.0,263.0,medium,升学后中等潜力,存在专业代码或专业名称精确匹配，并有直接学历兼容岗位。,可以考，但院校层级优势有限，更依赖岗位地区和限制条件。,可作为备选路径，适合叠加党员、基层项目、应届身份等条件。,可作为基层备选，但要靠地域、应届和限制条件放大机会。,上海出入境边防检查总站|上海市公安局特勤局|中国井冈山干部学院|中国人民银行四川省分行|中国人民银行宁夏回族自治区分行|中国人民银行广东省分行|中国人民银行广西壮族自治区分行|中国人民银行新疆维吾尔自治区分行,一级主办及以下（一）|一级主办及以下（二）|一级科员（五）|一级科员（四）|一级行政执法员|一级行政执法员（一）|一级行政执法员（七）|一级行政执法员（三）
030619TK,移民管理,本科(普通),,本科,法学,公安学类,49.9,中等适配,2026国考职位表/中央机关及直属机构口径（第三方镜像）,242.0,6.0,236.0,0.0,0.0,2.5,97.5,0.0,0.0,主要靠专业大类/门类岗位,税务系统(149)；财政审计金融监管(52)；公安/移民/基层执法(40)；海关/边检(20)；交通海事民航铁路(6)；法院/检察/司法(1),467.0,85.35,160.0,0.0,0.0,,22.0,9.1,107.51,58.0,24.0,80.26,162.0,66.9,101.53,24.0,269.0,6.0,263.0,medium,升学后中等潜力,存在专业代码或专业名称精确匹配，并有直接学历兼容岗位。,可以考，但院校层级优势有限，更依赖岗位地区和限制条件。,可作为备选路径，适合叠加党员、基层项目、应届身份等条件。,可作为基层备选，但要靠地域、应届和限制条件放大机会。,上海出入境边防检查总站|上海市公安局特勤局|中国井冈山干部学院|中国人民银行四川省分行|中国人民银行宁夏回族自治区分行|中国人民银行广东省分行|中国人民银行广西壮族自治区分行|中国人民银行新疆维吾尔自治区分行,一级主办及以下（一）|一级主办及以下（二）|一级科员（五）|一级科员（四）|一级行政执法员|一级行政执法员（一）|一级行政执法员（七）|一级行政执法员（三）
030620TK,出入境管理,本科(普通),,本科,法学,公安学类,40.4,中等适配,2026国考职位表/中央机关及直属机构口径（第三方镜像）,237.0,0.0,237.0,0.0,0.0,0.0,100.0,0.0,0.0,主要靠专业大类/门类岗位,税务系统(149)；财政审计金融监管(52)；公安/移民/基层执法(35)；海关/边检(15)；交通海事民航铁路(6)；法院/检察/司法(1),435.0,90.92,160.0,0.0,0.0,,22.0,9.3,107.51,53.0,22.4,86.9,162.0,68.4,101.53,24.0,264.0,0.0,264.0,medium,升学后中等潜力,主要来自专业类/学科门类宽口径匹配，报考前必须核官方专业目录。,可以考，但院校层级优势有限，更依赖岗位地区和限制条件。,可作为备选路径，适合叠加党员、基层项目、应届身份等条件。,可作为基层备选，但要靠地域、应届和限制条件放大机会。,上海出入境边防检查总站|上海市公安局特勤局|中国井冈山干部学院|中国人民银行四川省分行|中国人民银行宁夏回族自治区分行|中国人民银行广东省分行|中国人民银行广西壮族自治区分行|中国人民银行新疆维吾尔自治区分行,一级主办及以下（一）|一级主办及以下（二）|一级科员（五）|一级科员（四）|一级行政执法员|一级行政执法员（一）|一级行政执法员（七）|一级行政执法员（三）
030621TK,反恐警务,本科(普通),,本科,法学,公安学类,40.4,中等适配,2026国考职位表/中央机关及直属机构口径（第三方镜像）,237.0,0.0,237.0,0.0,0.0,0.0,100.0,0.0,0.0,主要靠专业大类/门类岗位,税务系统(149)；财政审计金融监管(52)；公安/移民/基层执法(35)；海关/边检(15)；交通海事民航铁路(6)；法院/检察/司法(1),435.0,90.92,160.0,0.0,0.0,,22.0,9.3,107.51,53.0,22.4,86.9,162.0,68.4,101.53,24.0,264.0,2.0,262.0,medium,升学后中等潜力,主要来自专业类/学科门类宽口径匹配，报考前必须核官方专业目录。,可以考，但院校层级优势有限，更依赖岗位地区和限制条件。,可作为备选路径，适合叠加党员、基层项目、应届身份等条件。,可作为基层备选，但要靠地域、应届和限制条件放大机会。,上海出入境边防检查总站|上海市公安局特勤局|中国井冈山干部学院|中国人民银行四川省分行|中国人民银行宁夏回族自治区分行|中国人民银行广东省分行|中国人民银行广西壮族自治区分行|中国人民银行新疆维吾尔自治区分行,一级主办及以下（一）|一级主办及以下（二）|一级科员（五）|一级科员（四）|一级行政执法员|一级行政执法员（一）|一级行政执法员（七）|一级行政执法员（三）
030622TK,消防政治工作,本科(普通),,本科,法学,公安学类,40.4,中等适配,2026国考职位表/中央机关及直属机构口径（第三方镜像）,237.0,0.0,237.0,0.0,0.0,0.0,100.0,0.0,0.0,主要靠专业大类/门类岗位,税务系统(149)；财政审计金融监管(52)；公安/移民/基层执法(35)；海关/边检(15)；交通海事民航铁路(6)；法院/检察/司法(1),435.0,90.92,160.0,0.0,0.0,,22.0,9.3,107.51,53.0,22.4,86.9,162.0,68.4,101.53,24.0,264.0,0.0,264.0,medium,升学后中等潜力,主要来自专业类/学科门类宽口径匹配，报考前必须核官方专业目录。,可以考，但院校层级优势有限，更依赖岗位地区和限制条件。,可作为备选路径，适合叠加党员、基层项目、应届身份等条件。,可作为基层备选，但要靠地域、应届和限制条件放大机会。,上海出入境边防检查总站|上海市公安局特勤局|中国井冈山干部学院|中国人民银行四川省分行|中国人民银行宁夏回族自治区分行|中国人民银行广东省分行|中国人民银行广西壮族自治区分行|中国人民银行新疆维吾尔自治区分行,一级主办及以下（一）|一级主办及以下（二）|一级科员（五）|一级科员（四）|一级行政执法员|一级行政执法员（一）|一级行政执法员（七）|一级行政执法员（三）
030623TK,铁路警务,本科(普通),,本科,法学,公安学类,40.4,中等适配,2026国考职位表/中央机关及直属机构口径（第三方镜像）,237.0,0.0,237.0,0.0,0.0,0.0,100.0,0.0,0.0,主要靠专业大类/门类岗位,税务系统(149)；财政审计金融监管(52)；公安/移民/基层执法(35)；海关/边检(15)；交通海事民航铁路(6)；法院/检察/司法(1),435.0,90.92,160.0,0.0,0.0,,22.0,9.3,107.51,53.0,22.4,86.9,162.0,68.4,101.53,24.0,264.0,0.0,264.0,medium,升学后中等潜力,主要来自专业类/学科门类宽口径匹配，报考前必须核官方专业目录。,可以考，但院校层级优势有限，更依赖岗位地区和限制条件。,可作为备选路径，适合叠加党员、基层项目、应届身份等条件。,可作为基层备选，但要靠地域、应届和限制条件放大机会。,上海出入境边防检查总站|上海市公安局特勤局|中国井冈山干部学院|中国人民银行四川省分行|中国人民银行宁夏回族自治区分行|中国人民银行广东省分行|中国人民银行广西壮族自治区分行|中国人民银行新疆维吾尔自治区分行,一级主办及以下（一）|一级主办及以下（二）|一级科员（五）|一级科员（四）|一级行政执法员|一级行政执法员（一）|一级行政执法员（七）|一级行政执法员（三）
040101,教育学,本科(普通),,本科,教育学,教育学类,61.6,较强适配,2026国考职位表/中央机关及直属机构口径（第三方镜像）,285.0,68.0,217.0,0.0,0.0,23.9,76.1,0.0,0.0,主要靠专业大类/门类岗位,税务系统(216)；公安/移民/基层执法(62)；海关/边检(46)；交通海事民航铁路(5)；法院/检察/司法(1),615.0,112.88,112.0,3.0,1.1,755.0,14.0,4.9,31.21,53.0,18.6,342.98,215.0,75.4,93.65,42.0,327.0,107.0,220.0,medium,升学后中等潜力,存在专业代码或专业名称精确匹配，并有直接学历兼容岗位。,可以考，但院校层级优势有限，更依赖岗位地区和限制条件。,区域重点/特色院校可重点面向省市县税务、执法、市场监管和事业单位路径。,应用本科可走县区基层、行政执法和地方单位，学校层级不宜夸大。,上海出入境边防检查总站|上海市公安局特勤局|中国延安干部学院|中国残联|人力资源和社会保障部|全国妇联|公安部|北京出入境边防检查总站,一处一级主任科员及以下|一级主任科员及以下|一级主办及以下（一）|一级主办及以下（二）|一级行政执法员|一级行政执法员（一）|一级行政执法员（七）|一级行政执法员（三）
040102,科学教育,本科(普通),,本科,教育学,教育学类,39.7,中等适配,2026国考职位表/中央机关及直属机构口径（第三方镜像）,242.0,0.0,242.0,0.0,0.0,0.0,100.0,0.0,0.0,主要靠专业大类/门类岗位,税务系统(216)；公安/移民/基层执法(22)；交通海事民航铁路(5)；海关/边检(3)；法院/检察/司法(1),513.0,104.59,109.0,3.0,1.2,755.0,14.0,5.8,31.21,12.0,5.0,696.19,213.0,88.0,93.11,12.0,254.0,0.0,254.0,medium,升学后弱潜力,主要来自专业类/学科门类宽口径匹配，报考前必须核官方专业目录。,可以考，但院校层级优势有限，更依赖岗位地区和限制条件。,可作为备选路径，适合叠加党员、基层项目、应届身份等条件。,可作为基层备选，但要靠地域、应届和限制条件放大机会。,上海出入境边防检查总站|上海市公安局特勤局|中国残联|人力资源和社会保障部|全国妇联|公安部|北京出入境边防检查总站|北京市公安局特勤局,一处一级主任科员及以下|一级主任科员及以下|一级主办及以下（一）|一级主办及以下（二）|一级行政执法员|一级行政执法员（一）|一级行政执法员（七）|一级行政执法员（三）
040103,人文教育,本科(普通),,本科,教育学,教育学类,39.7,中等适配,2026国考职位表/中央机关及直属机构口径（第三方镜像）,242.0,0.0,242.0,0.0,0.0,0.0,100.0,0.0,0.0,主要靠专业大类/门类岗位,税务系统(216)；公安/移民/基层执法(22)；交通海事民航铁路(5)；海关/边检(3)；法院/检察/司法(1),513.0,104.59,109.0,3.0,1.2,755.0,14.0,5.8,31.21,12.0,5.0,696.19,213.0,88.0,93.11,12.0,254.0,0.0,254.0,medium,升学后弱潜力,主要来自专业类/学科门类宽口径匹配，报考前必须核官方专业目录。,可以考，但院校层级优势有限，更依赖岗位地区和限制条件。,可作为备选路径，适合叠加党员、基层项目、应届身份等条件。,可作为基层备选，但要靠地域、应届和限制条件放大机会。,上海出入境边防检查总站|上海市公安局特勤局|中国残联|人力资源和社会保障部|全国妇联|公安部|北京出入境边防检查总站|北京市公安局特勤局,一处一级主任科员及以下|一级主任科员及以下|一级主办及以下（一）|一级主办及以下（二）|一级行政执法员|一级行政执法员（一）|一级行政执法员（七）|一级行政执法员（三）
040104,教育技术学,本科(普通),,本科,教育学,教育学类,39.7,中等适配,2026国考职位表/中央机关及直属机构口径（第三方镜像）,242.0,0.0,242.0,0.0,0.0,0.0,100.0,0.0,0.0,主要靠专业大类/门类岗位,税务系统(216)；公安/移民/基层执法(22)；交通海事民航铁路(5)；海关/边检(3)；法院/检察/司法(1),513.0,104.59,109.0,3.0,1.2,755.0,14.0,5.8,31.21,12.0,5.0,696.19,213.0,88.0,93.11,12.0,254.0,0.0,254.0,medium,升学后弱潜力,主要来自专业类/学科门类宽口径匹配，报考前必须核官方专业目录。,可以考，但院校层级优势有限，更依赖岗位地区和限制条件。,可作为备选路径，适合叠加党员、基层项目、应届身份等条件。,可作为基层备选，但要靠地域、应届和限制条件放大机会。,上海出入境边防检查总站|上海市公安局特勤局|中国残联|人力资源和社会保障部|全国妇联|公安部|北京出入境边防检查总站|北京市公安局特勤局,一处一级主任科员及以下|一级主任科员及以下|一级主办及以下（一）|一级主办及以下（二）|一级行政执法员|一级行政执法员（一）|一级行政执法员（七）|一级行政执法员（三）
040105,艺术教育,本科(普通),,本科,教育学,教育学类,39.7,中等适配,2026国考职位表/中央机关及直属机构口径（第三方镜像）,242.0,0.0,242.0,0.0,0.0,0.0,100.0,0.0,0.0,主要靠专业大类/门类岗位,税务系统(216)；公安/移民/基层执法(22)；交通海事民航铁路(5)；海关/边检(3)；法院/检察/司法(1),513.0,104.59,109.0,3.0,1.2,755.0,14.0,5.8,31.21,12.0,5.0,696.19,213.0,88.0,93.11,12.0,254.0,0.0,254.0,medium,升学后弱潜力,主要来自专业类/学科门类宽口径匹配，报考前必须核官方专业目录。,可以考，但院校层级优势有限，更依赖岗位地区和限制条件。,可作为备选路径，适合叠加党员、基层项目、应届身份等条件。,可作为基层备选，但要靠地域、应届和限制条件放大机会。,上海出入境边防检查总站|上海市公安局特勤局|中国残联|人力资源和社会保障部|全国妇联|公安部|北京出入境边防检查总站|北京市公安局特勤局,一处一级主任科员及以下|一级主任科员及以下|一级主办及以下（一）|一级主办及以下（二）|一级行政执法员|一级行政执法员（一）|一级行政执法员（七）|一级行政执法员（三）
040106,学前教育,本科(普通),,本科,教育学,教育学类,39.7,中等适配,2026国考职位表/中央机关及直属机构口径（第三方镜像）,242.0,0.0,242.0,0.0,0.0,0.0,100.0,0.0,0.0,主要靠专业大类/门类岗位,税务系统(216)；公安/移民/基层执法(22)；交通海事民航铁路(5)；海关/边检(3)；法院/检察/司法(1),513.0,104.59,109.0,3.0,1.2,755.0,14.0,5.8,31.21,12.0,5.0,696.19,213.0,88.0,93.11,12.0,255.0,1.0,254.0,medium,升学后弱潜力,主要来自专业类/学科门类宽口径匹配，报考前必须核官方专业目录。,可以考，但院校层级优势有限，更依赖岗位地区和限制条件。,可作为备选路径，适合叠加党员、基层项目、应届身份等条件。,可作为基层备选，但要靠地域、应届和限制条件放大机会。,上海出入境边防检查总站|上海市公安局特勤局|中国残联|人力资源和社会保障部|全国妇联|公安部|北京出入境边防检查总站|北京市公安局特勤局,一处一级主任科员及以下|一级主任科员及以下|一级主办及以下（一）|一级主办及以下（二）|一级行政执法员|一级行政执法员（一）|一级行政执法员（七）|一级行政执法员（三）
040107,小学教育,本科(普通),,本科,教育学,教育学类,43.0,中等适配,2026国考职位表/中央机关及直属机构口径（第三方镜像）,243.0,1.0,242.0,0.0,0.0,0.4,99.6,0.0,0.0,主要靠专业大类/门类岗位,税务系统(216)；公安/移民/基层执法(23)；交通海事民航铁路(5)；海关/边检(4)；法院/检察/司法(1),515.0,104.26,109.0,3.0,1.2,755.0,14.0,5.8,31.21,13.0,5.3,644.06,213.0,87.7,93.11,12.0,255.0,1.0,254.0,medium,升学后弱潜力,存在专业代码或专业名称精确匹配，并有直接学历兼容岗位。,可以考，但院校层级优势有限，更依赖岗位地区和限制条件。,可作为备选路径，适合叠加党员、基层项目、应届身份等条件。,可作为基层备选，但要靠地域、应届和限制条件放大机会。,上海出入境边防检查总站|上海市公安局特勤局|中国残联|人力资源和社会保障部|全国妇联|公安部|北京出入境边防检查总站|北京市公安局特勤局,一处一级主任科员及以下|一级主任科员及以下|一级主办及以下（一）|一级主办及以下（二）|一级行政执法员|一级行政执法员（一）|一级行政执法员（七）|一级行政执法员（三）
040108,特殊教育,本科(普通),,本科,教育学,教育学类,39.7,中等适配,2026国考职位表/中央机关及直属机构口径（第三方镜像）,242.0,0.0,242.0,0.0,0.0,0.0,100.0,0.0,0.0,主要靠专业大类/门类岗位,税务系统(216)；公安/移民/基层执法(22)；交通海事民航铁路(5)；海关/边检(3)；法院/检察/司法(1),513.0,104.59,109.0,3.0,1.2,755.0,14.0,5.8,31.21,12.0,5.0,696.19,213.0,88.0,93.11,12.0,254.0,0.0,254.0,medium,升学后弱潜力,主要来自专业类/学科门类宽口径匹配，报考前必须核官方专业目录。,可以考，但院校层级优势有限，更依赖岗位地区和限制条件。,可作为备选路径，适合叠加党员、基层项目、应届身份等条件。,可作为基层备选，但要靠地域、应届和限制条件放大机会。,上海出入境边防检查总站|上海市公安局特勤局|中国残联|人力资源和社会保障部|全国妇联|公安部|北京出入境边防检查总站|北京市公安局特勤局,一处一级主任科员及以下|一级主任科员及以下|一级主办及以下（一）|一级主办及以下（二）|一级行政执法员|一级行政执法员（一）|一级行政执法员（七）|一级行政执法员（三）
040109T,华文教育,本科(普通),,本科,教育学,教育学类,39.7,中等适配,2026国考职位表/中央机关及直属机构口径（第三方镜像）,242.0,0.0,242.0,0.0,0.0,0.0,100.0,0.0,0.0,主要靠专业大类/门类岗位,税务系统(216)；公安/移民/基层执法(22)；交通海事民航铁路(5)；海关/边检(3)；法院/检察/司法(1),513.0,104.59,109.0,3.0,1.2,755.0,14.0,5.8,31.21,12.0,5.0,696.19,213.0,88.0,93.11,12.0,254.0,0.0,254.0,medium,升学后弱潜力,主要来自专业类/学科门类宽口径匹配，报考前必须核官方专业目录。,可以考，但院校层级优势有限，更依赖岗位地区和限制条件。,可作为备选路径，适合叠加党员、基层项目、应届身份等条件。,可作为基层备选，但要靠地域、应届和限制条件放大机会。,上海出入境边防检查总站|上海市公安局特勤局|中国残联|人力资源和社会保障部|全国妇联|公安部|北京出入境边防检查总站|北京市公安局特勤局,一处一级主任科员及以下|一级主任科员及以下|一级主办及以下（一）|一级主办及以下（二）|一级行政执法员|一级行政执法员（一）|一级行政执法员（七）|一级行政执法员（三）
040110TK,教育康复学,本科(普通),,本科,教育学,教育学类,39.7,中等适配,2026国考职位表/中央机关及直属机构口径（第三方镜像）,242.0,0.0,242.0,0.0,0.0,0.0,100.0,0.0,0.0,主要靠专业大类/门类岗位,税务系统(216)；公安/移民/基层执法(22)；交通海事民航铁路(5)；海关/边检(3)；法院/检察/司法(1),513.0,104.59,109.0,3.0,1.2,755.0,14.0,5.8,31.21,12.0,5.0,696.19,213.0,88.0,93.11,12.0,254.0,0.0,254.0,medium,升学后弱潜力,主要来自专业类/学科门类宽口径匹配，报考前必须核官方专业目录。,可以考，但院校层级优势有限，更依赖岗位地区和限制条件。,可作为备选路径，适合叠加党员、基层项目、应届身份等条件。,可作为基层备选，但要靠地域、应届和限制条件放大机会。,上海出入境边防检查总站|上海市公安局特勤局|中国残联|人力资源和社会保障部|全国妇联|公安部|北京出入境边防检查总站|北京市公安局特勤局,一处一级主任科员及以下|一级主任科员及以下|一级主办及以下（一）|一级主办及以下（二）|一级行政执法员|一级行政执法员（一）|一级行政执法员（七）|一级行政执法员（三）
040111T,卫生教育,本科(普通),,本科,教育学,教育学类,39.7,中等适配,2026国考职位表/中央机关及直属机构口径（第三方镜像）,242.0,0.0,242.0,0.0,0.0,0.0,100.0,0.0,0.0,主要靠专业大类/门类岗位,税务系统(216)；公安/移民/基层执法(22)；交通海事民航铁路(5)；海关/边检(3)；法院/检察/司法(1),513.0,104.59,109.0,3.0,1.2,755.0,14.0,5.8,31.21,12.0,5.0,696.19,213.0,88.0,93.11,12.0,254.0,0.0,254.0,medium,升学后弱潜力,主要来自专业类/学科门类宽口径匹配，报考前必须核官方专业目录。,可以考，但院校层级优势有限，更依赖岗位地区和限制条件。,可作为备选路径，适合叠加党员、基层项目、应届身份等条件。,可作为基层备选，但要靠地域、应届和限制条件放大机会。,上海出入境边防检查总站|上海市公安局特勤局|中国残联|人力资源和社会保障部|全国妇联|公安部|北京出入境边防检查总站|北京市公安局特勤局,一处一级主任科员及以下|一级主任科员及以下|一级主办及以下（一）|一级主办及以下（二）|一级行政执法员|一级行政执法员（一）|一级行政执法员（七）|一级行政执法员（三）
040112T,认知科学与技术,本科(普通),,本科,教育学,教育学类,39.7,中等适配,2026国考职位表/中央机关及直属机构口径（第三方镜像）,242.0,0.0,242.0,0.0,0.0,0.0,100.0,0.0,0.0,主要靠专业大类/门类岗位,税务系统(216)；公安/移民/基层执法(22)；交通海事民航铁路(5)；海关/边检(3)；法院/检察/司法(1),513.0,104.59,109.0,3.0,1.2,755.0,14.0,5.8,31.21,12.0,5.0,696.19,213.0,88.0,93.11,12.0,254.0,0.0,254.0,medium,升学后弱潜力,主要来自专业类/学科门类宽口径匹配，报考前必须核官方专业目录。,可以考，但院校层级优势有限，更依赖岗位地区和限制条件。,可作为备选路径，适合叠加党员、基层项目、应届身份等条件。,可作为基层备选，但要靠地域、应届和限制条件放大机会。,上海出入境边防检查总站|上海市公安局特勤局|中国残联|人力资源和社会保障部|全国妇联|公安部|北京出入境边防检查总站|北京市公安局特勤局,一处一级主任科员及以下|一级主任科员及以下|一级主办及以下（一）|一级主办及以下（二）|一级行政执法员|一级行政执法员（一）|一级行政执法员（七）|一级行政执法员（三）
040113T,融合教育,本科(普通),,本科,教育学,教育学类,39.7,中等适配,2026国考职位表/中央机关及直属机构口径（第三方镜像）,242.0,0.0,242.0,0.0,0.0,0.0,100.0,0.0,0.0,主要靠专业大类/门类岗位,税务系统(216)；公安/移民/基层执法(22)；交通海事民航铁路(5)；海关/边检(3)；法院/检察/司法(1),513.0,104.59,109.0,3.0,1.2,755.0,14.0,5.8,31.21,12.0,5.0,696.19,213.0,88.0,93.11,12.0,254.0,0.0,254.0,medium,升学后弱潜力,主要来自专业类/学科门类宽口径匹配，报考前必须核官方专业目录。,可以考，但院校层级优势有限，更依赖岗位地区和限制条件。,可作为备选路径，适合叠加党员、基层项目、应届身份等条件。,可作为基层备选，但要靠地域、应届和限制条件放大机会。,上海出入境边防检查总站|上海市公安局特勤局|中国残联|人力资源和社会保障部|全国妇联|公安部|北京出入境边防检查总站|北京市公安局特勤局,一处一级主任科员及以下|一级主任科员及以下|一级主办及以下（一）|一级主办及以下（二）|一级行政执法员|一级行政执法员（一）|一级行政执法员（七）|一级行政执法员（三）
040114TK,劳动教育,本科(普通),,本科,教育学,教育学类,39.7,中等适配,2026国考职位表/中央机关及直属机构口径（第三方镜像）,242.0,0.0,242.0,0.0,0.0,0.0,100.0,0.0,0.0,主要靠专业大类/门类岗位,税务系统(216)；公安/移民/基层执法(22)；交通海事民航铁路(5)；海关/边检(3)；法院/检察/司法(1),513.0,104.59,109.0,3.0,1.2,755.0,14.0,5.8,31.21,12.0,5.0,696.19,213.0,88.0,93.11,12.0,254.0,0.0,254.0,medium,升学后弱潜力,主要来自专业类/学科门类宽口径匹配，报考前必须核官方专业目录。,可以考，但院校层级优势有限，更依赖岗位地区和限制条件。,可作为备选路径，适合叠加党员、基层项目、应届身份等条件。,可作为基层备选，但要靠地域、应届和限制条件放大机会。,上海出入境边防检查总站|上海市公安局特勤局|中国残联|人力资源和社会保障部|全国妇联|公安部|北京出入境边防检查总站|北京市公安局特勤局,一处一级主任科员及以下|一级主任科员及以下|一级主办及以下（一）|一级主办及以下（二）|一级行政执法员|一级行政执法员（一）|一级行政执法员（七）|一级行政执法员（三）
040115T,家庭教育,本科(普通),,本科,教育学,教育学类,39.7,中等适配,2026国考职位表/中央机关及直属机构口径（第三方镜像）,242.0,0.0,242.0,0.0,0.0,0.0,100.0,0.0,0.0,主要靠专业大类/门类岗位,税务系统(216)；公安/移民/基层执法(22)；交通海事民航铁路(5)；海关/边检(3)；法院/检察/司法(1),513.0,104.59,109.0,3.0,1.2,755.0,14.0,5.8,31.21,12.0,5.0,696.19,213.0,88.0,93.11,12.0,254.0,0.0,254.0,medium,升学后弱潜力,主要来自专业类/学科门类宽口径匹配，报考前必须核官方专业目录。,可以考，但院校层级优势有限，更依赖岗位地区和限制条件。,可作为备选路径，适合叠加党员、基层项目、应届身份等条件。,可作为基层备选，但要靠地域、应届和限制条件放大机会。,上海出入境边防检查总站|上海市公安局特勤局|中国残联|人力资源和社会保障部|全国妇联|公安部|北京出入境边防检查总站|北京市公安局特勤局,一处一级主任科员及以下|一级主任科员及以下|一级主办及以下（一）|一级主办及以下（二）|一级行政执法员|一级行政执法员（一）|一级行政执法员（七）|一级行政执法员（三）
040116TK,孤独症儿童教育,本科(普通),,本科,教育学,教育学类,39.7,中等适配,2026国考职位表/中央机关及直属机构口径（第三方镜像）,242.0,0.0,242.0,0.0,0.0,0.0,100.0,0.0,0.0,主要靠专业大类/门类岗位,税务系统(216)；公安/移民/基层执法(22)；交通海事民航铁路(5)；海关/边检(3)；法院/检察/司法(1),513.0,104.59,109.0,3.0,1.2,755.0,14.0,5.8,31.21,12.0,5.0,696.19,213.0,88.0,93.11,12.0,254.0,0.0,254.0,medium,升学后弱潜力,主要来自专业类/学科门类宽口径匹配，报考前必须核官方专业目录。,可以考，但院校层级优势有限，更依赖岗位地区和限制条件。,可作为备选路径，适合叠加党员、基层项目、应届身份等条件。,可作为基层备选，但要靠地域、应届和限制条件放大机会。,上海出入境边防检查总站|上海市公安局特勤局|中国残联|人力资源和社会保障部|全国妇联|公安部|北京出入境边防检查总站|北京市公安局特勤局,一处一级主任科员及以下|一级主任科员及以下|一级主办及以下（一）|一级主办及以下（二）|一级行政执法员|一级行政执法员（一）|一级行政执法员（七）|一级行政执法员（三）
040117TK,人工智能教育,本科(普通),,本科,教育学,教育学类,39.7,中等适配,2026国考职位表/中央机关及直属机构口径（第三方镜像）,242.0,0.0,242.0,0.0,0.0,0.0,100.0,0.0,0.0,主要靠专业大类/门类岗位,税务系统(216)；公安/移民/基层执法(22)；交通海事民航铁路(5)；海关/边检(3)；法院/检察/司法(1),513.0,104.59,109.0,3.0,1.2,755.0,14.0,5.8,31.21,12.0,5.0,696.19,213.0,88.0,93.11,12.0,254.0,0.0,254.0,medium,升学后弱潜力,主要来自专业类/学科门类宽口径匹配，报考前必须核官方专业目录。,可以考，但院校层级优势有限，更依赖岗位地区和限制条件。,可作为备选路径，适合叠加党员、基层项目、应届身份等条件。,可作为基层备选，但要靠地域、应届和限制条件放大机会。,上海出入境边防检查总站|上海市公安局特勤局|中国残联|人力资源和社会保障部|全国妇联|公安部|北京出入境边防检查总站|北京市公安局特勤局,一处一级主任科员及以下|一级主任科员及以下|一级主办及以下（一）|一级主办及以下（二）|一级行政执法员|一级行政执法员（一）|一级行政执法员（七）|一级行政执法员（三）
040118T,婴幼儿发展与健康管理,本科(普通),,本科,教育学,教育学类,39.7,中等适配,2026国考职位表/中央机关及直属机构口径（第三方镜像）,242.0,0.0,242.0,0.0,0.0,0.0,100.0,0.0,0.0,主要靠专业大类/门类岗位,税务系统(216)；公安/移民/基层执法(22)；交通海事民航铁路(5)；海关/边检(3)；法院/检察/司法(1),513.0,104.59,109.0,3.0,1.2,755.0,14.0,5.8,31.21,12.0,5.0,696.19,213.0,88.0,93.11,12.0,254.0,0.0,254.0,medium,升学后弱潜力,主要来自专业类/学科门类宽口径匹配，报考前必须核官方专业目录。,可以考，但院校层级优势有限，更依赖岗位地区和限制条件。,可作为备选路径，适合叠加党员、基层项目、应届身份等条件。,可作为基层备选，但要靠地域、应届和限制条件放大机会。,上海出入境边防检查总站|上海市公安局特勤局|中国残联|人力资源和社会保障部|全国妇联|公安部|北京出入境边防检查总站|北京市公安局特勤局,一处一级主任科员及以下|一级主任科员及以下|一级主办及以下（一）|一级主办及以下（二）|一级行政执法员|一级行政执法员（一）|一级行政执法员（七）|一级行政执法员（三）
040201,体育教育,本科(普通),,本科,教育学,体育学类,38.3,中等适配,2026国考职位表/中央机关及直属机构口径（第三方镜像）,59.0,8.0,51.0,0.0,0.0,13.6,86.4,0.0,0.0,主要靠专业大类/门类岗位,公安/移民/基层执法(58)；交通海事民航铁路(28)；海关/边检(16),99.0,116.7,0.0,1.0,1.7,184.0,13.0,22.0,14.54,45.0,76.3,160.99,0.0,0.0,,13.0,74.0,10.0,64.0,limited,升学后弱潜力,存在专业代码或专业名称精确匹配，并有直接学历兼容岗位。,可以考，但院校层级优势有限，更依赖岗位地区和限制条件。,可作为备选路径，适合叠加党员、基层项目、应届身份等条件。,可作为基层备选，但要靠地域、应届和限制条件放大机会。,上海出入境边防检查总站|上海市公安局特勤局|中国残联|乌鲁木齐铁路公安局|云南出入境边防检查总站|公安部|兰州铁路公安局|内蒙古出入境边防检查总站,一级警长及以下（一）|一级警长及以下（七）|一级警长及以下（五）|一级警长及以下（八）|一级警长及以下（六）|三处一级主任科员及以下|丹东港出入境边防检查站一级警长及以下|二连出入境边防检查站一级警长及以下（七）
040202K,运动训练,本科(普通),,本科,教育学,体育学类,45.6,中等适配,2026国考职位表/中央机关及直属机构口径（第三方镜像）,90.0,39.0,51.0,0.0,0.0,43.3,56.7,0.0,0.0,以对口岗位为主,公安/移民/基层执法(89)；海关/边检(46)；交通海事民航铁路(28),163.0,132.05,0.0,1.0,1.1,184.0,13.0,14.4,14.54,76.0,84.4,173.0,0.0,0.0,,13.0,106.0,42.0,64.0,limited,升学后弱潜力,存在专业代码或专业名称精确匹配，并有直接学历兼容岗位。,可以考，但院校层级优势有限，更依赖岗位地区和限制条件。,可作为备选路径，适合叠加党员、基层项目、应届身份等条件。,可作为基层备选，但要靠地域、应届和限制条件放大机会。,上海出入境边防检查总站|上海市公安局特勤局|中国残联|乌鲁木齐铁路公安局|云南出入境边防检查总站|公安部|兰州铁路公安局|内蒙古出入境边防检查总站,一级警长及以下（一）|一级警长及以下（七）|一级警长及以下（五）|一级警长及以下（八）|一级警长及以下（六）|三处一级主任科员及以下|丹东港出入境边防检查站一级警长及以下|二连出入境边防检查站一级警长及以下（七）
040203,社会体育指导与管理,本科(普通),,本科,教育学,体育学类,28.5,弱适配,2026国考职位表/中央机关及直属机构口径（第三方镜像）,52.0,1.0,51.0,0.0,0.0,1.9,98.1,0.0,0.0,主要靠专业大类/门类岗位,公安/移民/基层执法(51)；交通海事民航铁路(28)；海关/边检(10),88.0,122.49,0.0,1.0,1.9,184.0,13.0,25.0,14.54,38.0,73.1,174.72,0.0,0.0,,12.0,66.0,2.0,64.0,limited,升学后弱潜力,存在专业代码或专业名称精确匹配，并有直接学历兼容岗位。,可以考，但院校层级优势有限，更依赖岗位地区和限制条件。,岗位窗口较窄，建议只作为就业备选项。,不适合作为普通应用院校的考公主卖点。,上海出入境边防检查总站|上海市公安局特勤局|中国残联|乌鲁木齐铁路公安局|云南出入境边防检查总站|公安部|兰州铁路公安局|内蒙古出入境边防检查总站,一级警长及以下（一）|一级警长及以下（七）|一级警长及以下（五）|一级警长及以下（八）|一级警长及以下（六）|三处一级主任科员及以下|丹东港出入境边防检查站一级警长及以下|二连出入境边防检查站一级警长及以下（七）
040204K,武术与民族传统体育,本科(普通),,本科,教育学,体育学类,30.6,弱适配,2026国考职位表/中央机关及直属机构口径（第三方镜像）,52.0,1.0,51.0,0.0,0.0,1.9,98.1,0.0,0.0,主要靠专业大类/门类岗位,公安/移民/基层执法(51)；交通海事民航铁路(28)；海关/边检(10),92.0,117.16,0.0,1.0,1.9,184.0,13.0,25.0,14.54,38.0,73.1,174.5,0.0,0.0,,11.0,65.0,1.0,64.0,limited,升学后弱潜力,存在专业代码或专业名称精确匹配，并有直接学历兼容岗位。,可以考，但院校层级优势有限，更依赖岗位地区和限制条件。,岗位窗口较窄，建议只作为就业备选项。,不适合作为普通应用院校的考公主卖点。,上海出入境边防检查总站|上海市公安局特勤局|中国残联|乌鲁木齐铁路公安局|云南出入境边防检查总站|公安部|兰州铁路公安局|内蒙古出入境边防检查总站,一级警长及以下（一）|一级警长及以下（七）|一级警长及以下（五）|一级警长及以下（八）|一级警长及以下（六）|三处一级主任科员及以下|丹东港出入境边防检查站一级警长及以下|二连出入境边防检查站一级警长及以下（七）
040205,运动人体科学,本科(普通),,本科,教育学,体育学类,28.5,弱适配,2026国考职位表/中央机关及直属机构口径（第三方镜像）,52.0,1.0,51.0,0.0,0.0,1.9,98.1,0.0,0.0,主要靠专业大类/门类岗位,公安/移民/基层执法(51)；交通海事民航铁路(28)；海关/边检(9),89.0,121.56,0.0,1.0,1.9,184.0,13.0,25.0,14.54,38.0,73.1,175.12,0.0,0.0,,12.0,66.0,2.0,64.0,limited,升学后弱潜力,存在专业代码或专业名称精确匹配，并有直接学历兼容岗位。,可以考，但院校层级优势有限，更依赖岗位地区和限制条件。,岗位窗口较窄，建议只作为就业备选项。,不适合作为普通应用院校的考公主卖点。,上海出入境边防检查总站|上海市公安局特勤局|中国残联|乌鲁木齐铁路公安局|云南出入境边防检查总站|公安部|兰州铁路公安局|内蒙古出入境边防检查总站,一级警长及以下（一）|一级警长及以下（七）|一级警长及以下（五）|一级警长及以下（八）|一级警长及以下（六）|三处一级主任科员及以下|丹东港出入境边防检查站一级警长及以下|二连出入境边防检查站一级警长及以下（七）
040206T,运动康复,本科(普通),,本科,教育学,体育学类,31.9,弱适配,2026国考职位表/中央机关及直属机构口径（第三方镜像）,53.0,3.0,50.0,0.0,0.0,5.7,94.3,0.0,0.0,主要靠专业大类/门类岗位,公安/移民/基层执法(52)；交通海事民航铁路(28)；海关/边检(9),90.0,121.29,0.0,1.0,1.9,184.0,13.0,24.5,14.54,39.0,73.6,173.07,0.0,0.0,,11.0,69.0,6.0,63.0,limited,升学后弱潜力,存在专业代码或专业名称精确匹配，并有直接学历兼容岗位。,可以考，但院校层级优势有限，更依赖岗位地区和限制条件。,岗位窗口较窄，建议只作为就业备选项。,不适合作为普通应用院校的考公主卖点。,上海出入境边防检查总站|上海市公安局特勤局|中国残联|乌鲁木齐铁路公安局|云南出入境边防检查总站|公安部|兰州铁路公安局|内蒙古出入境边防检查总站,一级警长及以下（一）|一级警长及以下（七）|一级警长及以下（五）|一级警长及以下（八）|一级警长及以下（六）|三处一级主任科员及以下|丹东港出入境边防检查站一级警长及以下|二连出入境边防检查站一级警长及以下（七）
040207T,休闲体育,本科(普通),,本科,教育学,体育学类,25.1,弱适配,2026国考职位表/中央机关及直属机构口径（第三方镜像）,51.0,0.0,51.0,0.0,0.0,0.0,100.0,0.0,0.0,主要靠专业大类/门类岗位,公安/移民/基层执法(50)；交通海事民航铁路(28)；海关/边检(9),87.0,123.78,0.0,1.0,2.0,184.0,13.0,25.5,14.54,37.0,72.5,179.29,0.0,0.0,,11.0,64.0,0.0,64.0,limited,升学后弱潜力,主要来自专业类/学科门类宽口径匹配，报考前必须核官方专业目录。,可以考，但院校层级优势有限，更依赖岗位地区和限制条件。,岗位窗口较窄，建议只作为就业备选项。,不适合作为普通应用院校的考公主卖点。,上海出入境边防检查总站|上海市公安局特勤局|中国残联|乌鲁木齐铁路公安局|云南出入境边防检查总站|公安部|兰州铁路公安局|内蒙古出入境边防检查总站,一级警长及以下（一）|一级警长及以下（七）|一级警长及以下（五）|一级警长及以下（八）|一级警长及以下（六）|三处一级主任科员及以下|丹东港出入境边防检查站一级警长及以下|二连出入境边防检查站一级警长及以下（七）
040208T,体能训练,本科(普通),,本科,教育学,体育学类,36.1,中等适配,2026国考职位表/中央机关及直属机构口径（第三方镜像）,56.0,5.0,51.0,0.0,0.0,8.9,91.1,0.0,0.0,主要靠专业大类/门类岗位,公安/移民/基层执法(55)；交通海事民航铁路(28)；海关/边检(12),98.0,112.81,0.0,1.0,1.8,184.0,13.0,23.2,14.54,42.0,75.0,162.15,0.0,0.0,,11.0,70.0,6.0,64.0,limited,升学后弱潜力,存在专业代码或专业名称精确匹配，并有直接学历兼容岗位。,可以考，但院校层级优势有限，更依赖岗位地区和限制条件。,可作为备选路径，适合叠加党员、基层项目、应届身份等条件。,可作为基层备选，但要靠地域、应届和限制条件放大机会。,上海出入境边防检查总站|上海市公安局特勤局|中国残联|乌鲁木齐铁路公安局|云南出入境边防检查总站|公安部|兰州铁路公安局|内蒙古出入境边防检查总站,一级警长及以下（一）|一级警长及以下（七）|一级警长及以下（五）|一级警长及以下（八）|一级警长及以下（六）|三处一级主任科员及以下|丹东港出入境边防检查站一级警长及以下|二连出入境边防检查站一级警长及以下（七）
040209T,冰雪运动,本科(普通),,本科,教育学,体育学类,30.6,弱适配,2026国考职位表/中央机关及直属机构口径（第三方镜像）,52.0,1.0,51.0,0.0,0.0,1.9,98.1,0.0,0.0,主要靠专业大类/门类岗位,公安/移民/基层执法(51)；交通海事民航铁路(28)；海关/边检(10),92.0,117.16,0.0,1.0,1.9,184.0,13.0,25.0,14.54,38.0,73.1,174.5,0.0,0.0,,11.0,65.0,1.0,64.0,limited,升学后弱潜力,存在专业代码或专业名称精确匹配，并有直接学历兼容岗位。,可以考，但院校层级优势有限，更依赖岗位地区和限制条件。,岗位窗口较窄，建议只作为就业备选项。,不适合作为普通应用院校的考公主卖点。,上海出入境边防检查总站|上海市公安局特勤局|中国残联|乌鲁木齐铁路公安局|云南出入境边防检查总站|公安部|兰州铁路公安局|内蒙古出入境边防检查总站,一级警长及以下（一）|一级警长及以下（七）|一级警长及以下（五）|一级警长及以下（八）|一级警长及以下（六）|三处一级主任科员及以下|丹东港出入境边防检查站一级警长及以下|二连出入境边防检查站一级警长及以下（七）
040210TK,电子竞技运动与管理,本科(普通),,本科,教育学,体育学类,25.1,弱适配,2026国考职位表/中央机关及直属机构口径（第三方镜像）,51.0,0.0,51.0,0.0,0.0,0.0,100.0,0.0,0.0,主要靠专业大类/门类岗位,公安/移民/基层执法(50)；交通海事民航铁路(28)；海关/边检(9),87.0,123.78,0.0,1.0,2.0,184.0,13.0,25.5,14.54,37.0,72.5,179.29,0.0,0.0,,11.0,64.0,0.0,64.0,limited,升学后弱潜力,主要来自专业类/学科门类宽口径匹配，报考前必须核官方专业目录。,可以考，但院校层级优势有限，更依赖岗位地区和限制条件。,岗位窗口较窄，建议只作为就业备选项。,不适合作为普通应用院校的考公主卖点。,上海出入境边防检查总站|上海市公安局特勤局|中国残联|乌鲁木齐铁路公安局|云南出入境边防检查总站|公安部|兰州铁路公安局|内蒙古出入境边防检查总站,一级警长及以下（一）|一级警长及以下（七）|一级警长及以下（五）|一级警长及以下（八）|一级警长及以下（六）|三处一级主任科员及以下|丹东港出入境边防检查站一级警长及以下|二连出入境边防检查站一级警长及以下（七）
040211TK,智能体育工程,本科(普通),,本科,教育学,体育学类,25.1,弱适配,2026国考职位表/中央机关及直属机构口径（第三方镜像）,51.0,0.0,51.0,0.0,0.0,0.0,100.0,0.0,0.0,主要靠专业大类/门类岗位,公安/移民/基层执法(50)；交通海事民航铁路(28)；海关/边检(9),87.0,123.78,0.0,1.0,2.0,184.0,13.0,25.5,14.54,37.0,72.5,179.29,0.0,0.0,,11.0,64.0,0.0,64.0,limited,升学后弱潜力,主要来自专业类/学科门类宽口径匹配，报考前必须核官方专业目录。,可以考，但院校层级优势有限，更依赖岗位地区和限制条件。,岗位窗口较窄，建议只作为就业备选项。,不适合作为普通应用院校的考公主卖点。,上海出入境边防检查总站|上海市公安局特勤局|中国残联|乌鲁木齐铁路公安局|云南出入境边防检查总站|公安部|兰州铁路公安局|内蒙古出入境边防检查总站,一级警长及以下（一）|一级警长及以下（七）|一级警长及以下（五）|一级警长及以下（八）|一级警长及以下（六）|三处一级主任科员及以下|丹东港出入境边防检查站一级警长及以下|二连出入境边防检查站一级警长及以下（七）
040212TK,体育旅游,本科(普通),,本科,教育学,体育学类,25.1,弱适配,2026国考职位表/中央机关及直属机构口径（第三方镜像）,51.0,0.0,51.0,0.0,0.0,0.0,100.0,0.0,0.0,主要靠专业大类/门类岗位,公安/移民/基层执法(50)；交通海事民航铁路(28)；海关/边检(9),87.0,123.78,0.0,1.0,2.0,184.0,13.0,25.5,14.54,37.0,72.5,179.29,0.0,0.0,,11.0,64.0,0.0,64.0,limited,升学后弱潜力,主要来自专业类/学科门类宽口径匹配，报考前必须核官方专业目录。,可以考，但院校层级优势有限，更依赖岗位地区和限制条件。,岗位窗口较窄，建议只作为就业备选项。,不适合作为普通应用院校的考公主卖点。,上海出入境边防检查总站|上海市公安局特勤局|中国残联|乌鲁木齐铁路公安局|云南出入境边防检查总站|公安部|兰州铁路公安局|内蒙古出入境边防检查总站,一级警长及以下（一）|一级警长及以下（七）|一级警长及以下（五）|一级警长及以下（八）|一级警长及以下（六）|三处一级主任科员及以下|丹东港出入境边防检查站一级警长及以下|二连出入境边防检查站一级警长及以下（七）
040213T,运动能力开发,本科(普通),,本科,教育学,体育学类,32.6,弱适配,2026国考职位表/中央机关及直属机构口径（第三方镜像）,53.0,2.0,51.0,0.0,0.0,3.8,96.2,0.0,0.0,主要靠专业大类/门类岗位,公安/移民/基层执法(52)；交通海事民航铁路(28)；海关/边检(10),93.0,116.77,0.0,1.0,1.9,184.0,13.0,24.5,14.54,39.0,73.6,170.78,0.0,0.0,,11.0,66.0,2.0,64.0,limited,升学后弱潜力,存在专业代码或专业名称精确匹配，并有直接学历兼容岗位。,可以考，但院校层级优势有限，更依赖岗位地区和限制条件。,岗位窗口较窄，建议只作为就业备选项。,不适合作为普通应用院校的考公主卖点。,上海出入境边防检查总站|上海市公安局特勤局|中国残联|乌鲁木齐铁路公安局|云南出入境边防检查总站|公安部|兰州铁路公安局|内蒙古出入境边防检查总站,一级警长及以下（一）|一级警长及以下（七）|一级警长及以下（五）|一级警长及以下（八）|一级警长及以下（六）|三处一级主任科员及以下|丹东港出入境边防检查站一级警长及以下|二连出入境边防检查站一级警长及以下（七）
040214TK,足球运动,本科(普通),,本科,教育学,体育学类,25.1,弱适配,2026国考职位表/中央机关及直属机构口径（第三方镜像）,51.0,0.0,51.0,0.0,0.0,0.0,100.0,0.0,0.0,主要靠专业大类/门类岗位,公安/移民/基层执法(50)；交通海事民航铁路(28)；海关/边检(9),87.0,123.78,0.0,1.0,2.0,184.0,13.0,25.5,14.54,37.0,72.5,179.29,0.0,0.0,,11.0,64.0,0.0,64.0,limited,升学后弱潜力,主要来自专业类/学科门类宽口径匹配，报考前必须核官方专业目录。,可以考，但院校层级优势有限，更依赖岗位地区和限制条件。,岗位窗口较窄，建议只作为就业备选项。,不适合作为普通应用院校的考公主卖点。,上海出入境边防检查总站|上海市公安局特勤局|中国残联|乌鲁木齐铁路公安局|云南出入境边防检查总站|公安部|兰州铁路公安局|内蒙古出入境边防检查总站,一级警长及以下（一）|一级警长及以下（七）|一级警长及以下（五）|一级警长及以下（八）|一级警长及以下（六）|三处一级主任科员及以下|丹东港出入境边防检查站一级警长及以下|二连出入境边防检查站一级警长及以下（七）
040215TK,马术运动与管理,本科(普通),,本科,教育学,体育学类,25.1,弱适配,2026国考职位表/中央机关及直属机构口径（第三方镜像）,51.0,0.0,51.0,0.0,0.0,0.0,100.0,0.0,0.0,主要靠专业大类/门类岗位,公安/移民/基层执法(50)；交通海事民航铁路(28)；海关/边检(9),87.0,123.78,0.0,1.0,2.0,184.0,13.0,25.5,14.54,37.0,72.5,179.29,0.0,0.0,,11.0,64.0,0.0,64.0,limited,升学后弱潜力,主要来自专业类/学科门类宽口径匹配，报考前必须核官方专业目录。,可以考，但院校层级优势有限，更依赖岗位地区和限制条件。,岗位窗口较窄，建议只作为就业备选项。,不适合作为普通应用院校的考公主卖点。,上海出入境边防检查总站|上海市公安局特勤局|中国残联|乌鲁木齐铁路公安局|云南出入境边防检查总站|公安部|兰州铁路公安局|内蒙古出入境边防检查总站,一级警长及以下（一）|一级警长及以下（七）|一级警长及以下（五）|一级警长及以下（八）|一级警长及以下（六）|三处一级主任科员及以下|丹东港出入境边防检查站一级警长及以下|二连出入境边防检查站一级警长及以下（七）
040216T,体育康养,本科(普通),,本科,教育学,体育学类,25.1,弱适配,2026国考职位表/中央机关及直属机构口径（第三方镜像）,51.0,0.0,51.0,0.0,0.0,0.0,100.0,0.0,0.0,主要靠专业大类/门类岗位,公安/移民/基层执法(50)；交通海事民航铁路(28)；海关/边检(9),87.0,123.78,0.0,1.0,2.0,184.0,13.0,25.5,14.54,37.0,72.5,179.29,0.0,0.0,,11.0,64.0,0.0,64.0,limited,升学后弱潜力,主要来自专业类/学科门类宽口径匹配，报考前必须核官方专业目录。,可以考，但院校层级优势有限，更依赖岗位地区和限制条件。,岗位窗口较窄，建议只作为就业备选项。,不适合作为普通应用院校的考公主卖点。,上海出入境边防检查总站|上海市公安局特勤局|中国残联|乌鲁木齐铁路公安局|云南出入境边防检查总站|公安部|兰州铁路公安局|内蒙古出入境边防检查总站,一级警长及以下（一）|一级警长及以下（七）|一级警长及以下（五）|一级警长及以下（八）|一级警长及以下（六）|三处一级主任科员及以下|丹东港出入境边防检查站一级警长及以下|二连出入境边防检查站一级警长及以下（七）
040217TK,航空运动,本科(普通),,本科,教育学,体育学类,25.1,弱适配,2026国考职位表/中央机关及直属机构口径（第三方镜像）,51.0,0.0,51.0,0.0,0.0,0.0,100.0,0.0,0.0,主要靠专业大类/门类岗位,公安/移民/基层执法(50)；交通海事民航铁路(28)；海关/边检(9),87.0,123.78,0.0,1.0,2.0,184.0,13.0,25.5,14.54,37.0,72.5,179.29,0.0,0.0,,11.0,64.0,0.0,64.0,limited,升学后弱潜力,主要来自专业类/学科门类宽口径匹配，报考前必须核官方专业目录。,可以考，但院校层级优势有限，更依赖岗位地区和限制条件。,岗位窗口较窄，建议只作为就业备选项。,不适合作为普通应用院校的考公主卖点。,上海出入境边防检查总站|上海市公安局特勤局|中国残联|乌鲁木齐铁路公安局|云南出入境边防检查总站|公安部|兰州铁路公安局|内蒙古出入境边防检查总站,一级警长及以下（一）|一级警长及以下（七）|一级警长及以下（五）|一级警长及以下（八）|一级警长及以下（六）|三处一级主任科员及以下|丹东港出入境边防检查站一级警长及以下|二连出入境边防检查站一级警长及以下（七）
050101,汉语言文学,本科(普通),,本科,文学,中国语言文学类,80.7,强适配,2026国考职位表/中央机关及直属机构口径（第三方镜像）,2622.0,182.0,2440.0,0.0,0.0,6.9,93.1,0.0,0.0,以对口岗位为主,税务系统(2206)；公安/移民/基层执法(137)；海关/边检(113)；财政审计金融监管(105)；交通海事民航铁路(60)；统计调查(47),4781.0,111.41,1472.0,9.0,0.3,608.41,30.0,1.1,186.55,285.0,10.9,142.66,2298.0,87.6,126.15,117.0,2739.0,186.0,2553.0,high,升学后中等潜力,存在专业代码或专业名称精确匹配，并有直接学历兼容岗位。,头部院校可把该专业作为中央/省级机关、选调和研究生岗位的主赛道之一。,区域重点/特色院校可重点面向省市县税务、执法、市场监管和事业单位路径。,应用本科可走县区基层、行政执法和地方单位，学校层级不宜夸大。,上海出入境边防检查总站|上海市公安局特勤局|上海市邮政管理局|上海海关|上海铁路公安局|中国井冈山干部学院|中国人民银行吉林省分行|中国人民银行四川省分行,一处一级主任科员及以下|一处一级警长及以下|一级主任科员及以下|一级主任科员及以下一|一级主任科员及以下（二）|一级主办及以下|一级主办及以下（一）|一级主办及以下（七）
050102,汉语言,本科(普通),,本科,文学,中国语言文学类,80.8,强适配,2026国考职位表/中央机关及直属机构口径（第三方镜像）,2622.0,182.0,2440.0,0.0,0.0,6.9,93.1,0.0,0.0,以对口岗位为主,税务系统(2206)；公安/移民/基层执法(137)；海关/边检(113)；财政审计金融监管(105)；交通海事民航铁路(60)；统计调查(47),4781.0,111.41,1472.0,9.0,0.3,608.41,30.0,1.1,186.55,285.0,10.9,142.66,2298.0,87.6,126.15,125.0,2747.0,194.0,2553.0,high,升学后中等潜力,存在专业代码或专业名称精确匹配，并有直接学历兼容岗位。,头部院校可把该专业作为中央/省级机关、选调和研究生岗位的主赛道之一。,区域重点/特色院校可重点面向省市县税务、执法、市场监管和事业单位路径。,应用本科可走县区基层、行政执法和地方单位，学校层级不宜夸大。,上海出入境边防检查总站|上海市公安局特勤局|上海市邮政管理局|上海海关|上海铁路公安局|中国井冈山干部学院|中国人民银行吉林省分行|中国人民银行四川省分行,一处一级主任科员及以下|一处一级警长及以下|一级主任科员及以下|一级主任科员及以下一|一级主任科员及以下（二）|一级主办及以下|一级主办及以下（一）|一级主办及以下（七）
050103,汉语国际教育,本科(普通),,本科,文学,中国语言文学类,66.5,较强适配,2026国考职位表/中央机关及直属机构口径（第三方镜像）,2455.0,9.0,2446.0,0.0,0.0,0.4,99.6,0.0,0.0,主要靠专业大类/门类岗位,税务系统(2206)；公安/移民/基层执法(98)；财政审计金融监管(84)；交通海事民航铁路(55)；海关/边检(37)；统计调查(37),4592.0,109.01,1421.0,8.0,0.3,502.46,25.0,1.0,143.92,186.0,7.6,139.2,2236.0,91.1,124.06,118.0,2573.0,14.0,2559.0,high,升学后中等潜力,存在专业代码或专业名称精确匹配，并有直接学历兼容岗位。,头部院校优势主要体现在保研/读研后进入更高层级岗位。,区域重点/特色院校可重点面向省市县税务、执法、市场监管和事业单位路径。,应用本科可走县区基层、行政执法和地方单位，学校层级不宜夸大。,上海出入境边防检查总站|上海市公安局特勤局|上海市邮政管理局|上海铁路公安局|中国井冈山干部学院|中国人民银行吉林省分行|中国人民银行四川省分行|中国人民银行宁夏回族自治区分行,一处一级主任科员及以下|一处一级警长及以下|一级主任科员及以下|一级主任科员及以下一|一级主任科员及以下（二）|一级主办及以下|一级主办及以下（一）|一级主办及以下（七）
050104,中国少数民族语言文学,本科(普通),,本科,文学,中国语言文学类,66.4,较强适配,2026国考职位表/中央机关及直属机构口径（第三方镜像）,2455.0,9.0,2446.0,0.0,0.0,0.4,99.6,0.0,0.0,主要靠专业大类/门类岗位,税务系统(2206)；公安/移民/基层执法(101)；财政审计金融监管(84)；交通海事民航铁路(55)；海关/边检(37)；统计调查(37),4593.0,108.85,1419.0,8.0,0.3,502.46,25.0,1.0,143.92,189.0,7.7,138.97,2233.0,91.0,124.1,115.0,2570.0,11.0,2559.0,high,升学后中等潜力,存在专业代码或专业名称精确匹配，并有直接学历兼容岗位。,头部院校优势主要体现在保研/读研后进入更高层级岗位。,区域重点/特色院校可重点面向省市县税务、执法、市场监管和事业单位路径。,应用本科可走县区基层、行政执法和地方单位，学校层级不宜夸大。,上海出入境边防检查总站|上海市公安局特勤局|上海市邮政管理局|上海铁路公安局|中国井冈山干部学院|中国人民银行吉林省分行|中国人民银行四川省分行|中国人民银行宁夏回族自治区分行,一处一级主任科员及以下|一处一级警长及以下|一级主任科员及以下|一级主任科员及以下一|一级主任科员及以下（二）|一级主办及以下|一级主办及以下（一）|一级主办及以下（七）
050105,古典文献学,本科(普通),,本科,文学,中国语言文学类,55.5,较强适配,2026国考职位表/中央机关及直属机构口径（第三方镜像）,2446.0,0.0,2446.0,0.0,0.0,0.0,100.0,0.0,0.0,主要靠专业大类/门类岗位,税务系统(2206)；公安/移民/基层执法(92)；财政审计金融监管(84)；交通海事民航铁路(55)；统计调查(37)；海关/边检(28),4576.0,109.23,1419.0,8.0,0.3,502.46,25.0,1.0,143.92,180.0,7.4,142.67,2233.0,91.3,124.1,115.0,2561.0,2.0,2559.0,high,升学后中等潜力,主要来自专业类/学科门类宽口径匹配，报考前必须核官方专业目录。,头部院校优势主要体现在保研/读研后进入更高层级岗位。,区域重点/特色院校可重点面向省市县税务、执法、市场监管和事业单位路径。,应用本科可走县区基层、行政执法和地方单位，学校层级不宜夸大。,上海出入境边防检查总站|上海市公安局特勤局|上海市邮政管理局|上海铁路公安局|中国井冈山干部学院|中国人民银行吉林省分行|中国人民银行四川省分行|中国人民银行宁夏回族自治区分行,一处一级主任科员及以下|一处一级警长及以下|一级主任科员及以下|一级主任科员及以下一|一级主任科员及以下（二）|一级主办及以下|一级主办及以下（一）|一级主办及以下（七）
050106T,应用语言学,本科(普通),,本科,文学,中国语言文学类,74.2,较强适配,2026国考职位表/中央机关及直属机构口径（第三方镜像）,2492.0,48.0,2444.0,0.0,0.0,1.9,98.1,0.0,0.0,主要靠专业大类/门类岗位,税务系统(2206)；公安/移民/基层执法(108)；财政审计金融监管(86)；海关/边检(65)；交通海事民航铁路(56)；统计调查(38),4646.0,108.96,1430.0,8.0,0.3,502.46,25.0,1.0,143.92,204.0,8.2,137.99,2255.0,90.5,124.26,129.0,2621.0,64.0,2557.0,high,升学后中等潜力,存在专业代码或专业名称精确匹配，并有直接学历兼容岗位。,头部院校优势主要体现在保研/读研后进入更高层级岗位。,区域重点/特色院校可重点面向省市县税务、执法、市场监管和事业单位路径。,应用本科可走县区基层、行政执法和地方单位，学校层级不宜夸大。,上海出入境边防检查总站|上海市公安局特勤局|上海市邮政管理局|上海铁路公安局|中国井冈山干部学院|中国人民银行吉林省分行|中国人民银行四川省分行|中国人民银行宁夏回族自治区分行,一处一级主任科员及以下|一处一级警长及以下|一级主任科员及以下|一级主任科员及以下一|一级主任科员及以下（二）|一级主办及以下|一级主办及以下（一）|一级主办及以下（七）
050107T,秘书学,本科(普通),,本科,文学,中国语言文学类,75.8,强适配,2026国考职位表/中央机关及直属机构口径（第三方镜像）,2513.0,68.0,2445.0,0.0,0.0,2.7,97.3,0.0,0.0,主要靠专业大类/门类岗位,税务系统(2206)；公安/移民/基层执法(120)；财政审计金融监管(89)；海关/边检(72)；交通海事民航铁路(56)；统计调查(37),4667.0,109.15,1438.0,8.0,0.3,502.46,25.0,1.0,143.92,227.0,9.0,139.22,2253.0,89.7,124.32,119.0,2632.0,74.0,2558.0,high,升学后中等潜力,存在专业代码或专业名称精确匹配，并有直接学历兼容岗位。,头部院校可把该专业作为中央/省级机关、选调和研究生岗位的主赛道之一。,区域重点/特色院校可重点面向省市县税务、执法、市场监管和事业单位路径。,应用本科可走县区基层、行政执法和地方单位，学校层级不宜夸大。,上海出入境边防检查总站|上海市公安局特勤局|上海市邮政管理局|上海铁路公安局|中国井冈山干部学院|中国人民银行吉林省分行|中国人民银行四川省分行|中国人民银行宁夏回族自治区分行,一处一级主任科员及以下|一处一级警长及以下|一级主任科员及以下|一级主任科员及以下一|一级主任科员及以下（二）|一级主办及以下|一级主办及以下（一）|一级主办及以下（七）
050108T,中国语言与文化,本科(普通),,本科,文学,中国语言文学类,66.9,较强适配,2026国考职位表/中央机关及直属机构口径（第三方镜像）,2456.0,10.0,2446.0,0.0,0.0,0.4,99.6,0.0,0.0,主要靠专业大类/门类岗位,税务系统(2206)；公安/移民/基层执法(92)；财政审计金融监管(85)；交通海事民航铁路(55)；统计调查(37)；海关/边检(34),4588.0,109.42,1423.0,8.0,0.3,502.46,26.0,1.1,154.31,183.0,7.5,145.42,2239.0,91.2,124.06,113.0,2569.0,10.0,2559.0,high,升学后中等潜力,存在专业代码或专业名称精确匹配，并有直接学历兼容岗位。,头部院校优势主要体现在保研/读研后进入更高层级岗位。,区域重点/特色院校可重点面向省市县税务、执法、市场监管和事业单位路径。,应用本科可走县区基层、行政执法和地方单位，学校层级不宜夸大。,上海出入境边防检查总站|上海市公安局特勤局|上海市邮政管理局|上海铁路公安局|中国井冈山干部学院|中国人民银行吉林省分行|中国人民银行四川省分行|中国人民银行宁夏回族自治区分行,一处一级主任科员及以下|一处一级警长及以下|一级主任科员及以下|一级主任科员及以下一|一级主任科员及以下（二）|一级主办及以下|一级主办及以下（一）|一级主办及以下（七）
050109T,手语翻译,本科(普通),,本科,文学,中国语言文学类,55.5,较强适配,2026国考职位表/中央机关及直属机构口径（第三方镜像）,2446.0,0.0,2446.0,0.0,0.0,0.0,100.0,0.0,0.0,主要靠专业大类/门类岗位,税务系统(2206)；公安/移民/基层执法(92)；财政审计金融监管(84)；交通海事民航铁路(55)；统计调查(37)；海关/边检(28),4576.0,109.23,1419.0,8.0,0.3,502.46,25.0,1.0,143.92,180.0,7.4,142.67,2233.0,91.3,124.1,113.0,2559.0,0.0,2559.0,high,升学后中等潜力,主要来自专业类/学科门类宽口径匹配，报考前必须核官方专业目录。,头部院校优势主要体现在保研/读研后进入更高层级岗位。,区域重点/特色院校可重点面向省市县税务、执法、市场监管和事业单位路径。,应用本科可走县区基层、行政执法和地方单位，学校层级不宜夸大。,上海出入境边防检查总站|上海市公安局特勤局|上海市邮政管理局|上海铁路公安局|中国井冈山干部学院|中国人民银行吉林省分行|中国人民银行四川省分行|中国人民银行宁夏回族自治区分行,一处一级主任科员及以下|一处一级警长及以下|一级主任科员及以下|一级主任科员及以下一|一级主任科员及以下（二）|一级主办及以下|一级主办及以下（一）|一级主办及以下（七）
050110T,数字人文,本科(普通),,本科,文学,中国语言文学类,55.5,较强适配,2026国考职位表/中央机关及直属机构口径（第三方镜像）,2446.0,0.0,2446.0,0.0,0.0,0.0,100.0,0.0,0.0,主要靠专业大类/门类岗位,税务系统(2206)；公安/移民/基层执法(92)；财政审计金融监管(84)；交通海事民航铁路(55)；统计调查(37)；海关/边检(28),4576.0,109.23,1419.0,8.0,0.3,502.46,25.0,1.0,143.92,180.0,7.4,142.67,2233.0,91.3,124.1,113.0,2559.0,0.0,2559.0,high,升学后中等潜力,主要来自专业类/学科门类宽口径匹配，报考前必须核官方专业目录。,头部院校优势主要体现在保研/读研后进入更高层级岗位。,区域重点/特色院校可重点面向省市县税务、执法、市场监管和事业单位路径。,应用本科可走县区基层、行政执法和地方单位，学校层级不宜夸大。,上海出入境边防检查总站|上海市公安局特勤局|上海市邮政管理局|上海铁路公安局|中国井冈山干部学院|中国人民银行吉林省分行|中国人民银行四川省分行|中国人民银行宁夏回族自治区分行,一处一级主任科员及以下|一处一级警长及以下|一级主任科员及以下|一级主任科员及以下一|一级主任科员及以下（二）|一级主办及以下|一级主办及以下（一）|一级主办及以下（七）
050111T,中国古典学,本科(普通),,本科,文学,中国语言文学类,55.5,较强适配,2026国考职位表/中央机关及直属机构口径（第三方镜像）,2446.0,0.0,2446.0,0.0,0.0,0.0,100.0,0.0,0.0,主要靠专业大类/门类岗位,税务系统(2206)；公安/移民/基层执法(92)；财政审计金融监管(84)；交通海事民航铁路(55)；统计调查(37)；海关/边检(28),4576.0,109.23,1419.0,8.0,0.3,502.46,25.0,1.0,143.92,180.0,7.4,142.67,2233.0,91.3,124.1,113.0,2559.0,0.0,2559.0,high,升学后中等潜力,主要来自专业类/学科门类宽口径匹配，报考前必须核官方专业目录。,头部院校优势主要体现在保研/读研后进入更高层级岗位。,区域重点/特色院校可重点面向省市县税务、执法、市场监管和事业单位路径。,应用本科可走县区基层、行政执法和地方单位，学校层级不宜夸大。,上海出入境边防检查总站|上海市公安局特勤局|上海市邮政管理局|上海铁路公安局|中国井冈山干部学院|中国人民银行吉林省分行|中国人民银行四川省分行|中国人民银行宁夏回族自治区分行,一处一级主任科员及以下|一处一级警长及以下|一级主任科员及以下|一级主任科员及以下一|一级主任科员及以下（二）|一级主办及以下|一级主办及以下（一）|一级主办及以下（七）
050112T,汉学与中国学,本科(普通),,本科,文学,中国语言文学类,55.5,较强适配,2026国考职位表/中央机关及直属机构口径（第三方镜像）,2446.0,0.0,2446.0,0.0,0.0,0.0,100.0,0.0,0.0,主要靠专业大类/门类岗位,税务系统(2206)；公安/移民/基层执法(92)；财政审计金融监管(84)；交通海事民航铁路(55)；统计调查(37)；海关/边检(28),4576.0,109.23,1419.0,8.0,0.3,502.46,25.0,1.0,143.92,180.0,7.4,142.67,2233.0,91.3,124.1,113.0,2559.0,0.0,2559.0,high,升学后中等潜力,主要来自专业类/学科门类宽口径匹配，报考前必须核官方专业目录。,头部院校优势主要体现在保研/读研后进入更高层级岗位。,区域重点/特色院校可重点面向省市县税务、执法、市场监管和事业单位路径。,应用本科可走县区基层、行政执法和地方单位，学校层级不宜夸大。,上海出入境边防检查总站|上海市公安局特勤局|上海市邮政管理局|上海铁路公安局|中国井冈山干部学院|中国人民银行吉林省分行|中国人民银行四川省分行|中国人民银行宁夏回族自治区分行,一处一级主任科员及以下|一处一级警长及以下|一级主任科员及以下|一级主任科员及以下一|一级主任科员及以下（二）|一级主办及以下|一级主办及以下（一）|一级主办及以下（七）
050113T,应用中文,本科(普通),,本科,文学,中国语言文学类,64.7,较强适配,2026国考职位表/中央机关及直属机构口径（第三方镜像）,2452.0,6.0,2446.0,0.0,0.0,0.2,99.8,0.0,0.0,主要靠专业大类/门类岗位,税务系统(2206)；公安/移民/基层执法(96)；财政审计金融监管(85)；交通海事民航铁路(55)；统计调查(37)；海关/边检(32),4582.0,109.18,1419.0,8.0,0.3,502.46,25.0,1.0,143.92,185.0,7.5,140.94,2234.0,91.1,124.06,113.0,2565.0,6.0,2559.0,high,升学后中等潜力,存在专业代码或专业名称精确匹配，并有直接学历兼容岗位。,头部院校优势主要体现在保研/读研后进入更高层级岗位。,区域重点/特色院校可重点面向省市县税务、执法、市场监管和事业单位路径。,应用本科可走县区基层、行政执法和地方单位，学校层级不宜夸大。,上海出入境边防检查总站|上海市公安局特勤局|上海市邮政管理局|上海铁路公安局|中国井冈山干部学院|中国人民银行吉林省分行|中国人民银行四川省分行|中国人民银行宁夏回族自治区分行,一处一级主任科员及以下|一处一级警长及以下|一级主任科员及以下|一级主任科员及以下一|一级主任科员及以下（二）|一级主办及以下|一级主办及以下（一）|一级主办及以下（七）
050200T,桑戈语,本科(普通),,本科,文学,外国语言文学类,38.1,中等适配,2026国考职位表/中央机关及直属机构口径（第三方镜像）,56.0,5.0,51.0,0.0,0.0,8.9,91.1,0.0,0.0,主要靠专业大类/门类岗位,公安/移民/基层执法(50)；海关/边检(29)；交通海事民航铁路(10),78.0,53.22,0.0,3.0,5.4,234.67,13.0,23.2,14.54,37.0,66.1,81.48,3.0,5.4,21.0,18.0,74.0,6.0,68.0,limited,升学后中等潜力,存在专业代码或专业名称精确匹配，并有直接学历兼容岗位。,可以考，但院校层级优势有限，更依赖岗位地区和限制条件。,可作为备选路径，适合叠加党员、基层项目、应届身份等条件。,可作为基层备选，但要靠地域、应届和限制条件放大机会。,上海出入境边防检查总站|上海市公安局特勤局|云南出入境边防检查总站|人力资源和社会保障部|公安部|内蒙古出入境边防检查总站|北京市公安局特勤局|北京铁路公安局,一级主任科员及以下|一级行政执法员（五）|一级警长及以下（一）|一级警长及以下（七）|一级警长及以下（五）|一级警长及以下（八）|一级警长及以下（六）|三亚海关缉私分局一级警长及以下
050202,俄语,本科(普通),,本科,文学,外国语言文学类,46.9,中等适配,2026国考职位表/中央机关及直属机构口径（第三方镜像）,81.0,31.0,50.0,0.0,0.0,38.3,61.7,0.0,0.0,以对口岗位为主,公安/移民/基层执法(58)；海关/边检(47)；交通海事民航铁路(10)；税务系统(2),122.0,135.46,14.0,8.0,9.9,141.47,13.0,16.0,14.54,45.0,55.6,217.06,15.0,18.5,261.1,21.0,102.0,35.0,67.0,limited,升学后中等潜力,存在专业代码或专业名称精确匹配，并有直接学历兼容岗位。,可以考，但院校层级优势有限，更依赖岗位地区和限制条件。,可作为备选路径，适合叠加党员、基层项目、应届身份等条件。,可作为基层备选，但要靠地域、应届和限制条件放大机会。,上海出入境边防检查总站|上海市公安局特勤局|中国贸促会|云南出入境边防检查总站|人力资源和社会保障部|全国友协|公安部|内蒙古出入境边防检查总站,一级主任科员及以下|一级主任科员及以下（俄语）|一级行政执法员（五）|一级行政执法员（十三）|一级行政执法员（十二）|一级警长及以下（一）|一级警长及以下（七）|一级警长及以下（五）
050203,德语,本科(普通),,本科,文学,外国语言文学类,40.5,中等适配,2026国考职位表/中央机关及直属机构口径（第三方镜像）,60.0,9.0,51.0,0.0,0.0,15.0,85.0,0.0,0.0,主要靠专业大类/门类岗位,公安/移民/基层执法(48)；海关/边检(30)；交通海事民航铁路(10)；税务系统(1),85.0,85.24,4.0,5.0,8.3,199.95,13.0,21.7,14.54,35.0,58.3,85.48,7.0,11.7,295.0,18.0,78.0,10.0,68.0,limited,升学后中等潜力,存在专业代码或专业名称精确匹配，并有直接学历兼容岗位。,可以考，但院校层级优势有限，更依赖岗位地区和限制条件。,可作为备选路径，适合叠加党员、基层项目、应届身份等条件。,可作为基层备选，但要靠地域、应届和限制条件放大机会。,上海出入境边防检查总站|上海市公安局特勤局|中央党史和文献研究院|云南出入境边防检查总站|人力资源和社会保障部|公安部|内蒙古出入境边防检查总站|北京市公安局特勤局,一级主任科员及以下|一级主任科员及以下（德语）|一级行政执法员（五）|一级行政执法员（十一）|一级警长及以下（一）|一级警长及以下（七）|一级警长及以下（五）|一级警长及以下（八）
050204,法语,本科(普通),,本科,文学,外国语言文学类,45.1,中等适配,2026国考职位表/中央机关及直属机构口径（第三方镜像）,68.0,18.0,50.0,0.0,0.0,26.5,73.5,0.0,0.0,主要靠专业大类/门类岗位,公安/移民/基层执法(50)；海关/边检(35)；交通海事民航铁路(10)；税务系统(1),99.0,86.27,9.0,6.0,8.8,140.79,15.0,22.1,14.2,35.0,51.5,94.72,12.0,17.6,252.75,20.0,88.0,21.0,67.0,limited,升学后中等潜力,存在专业代码或专业名称精确匹配，并有直接学历兼容岗位。,可以考，但院校层级优势有限，更依赖岗位地区和限制条件。,可作为备选路径，适合叠加党员、基层项目、应届身份等条件。,可作为基层备选，但要靠地域、应届和限制条件放大机会。,上海出入境边防检查总站|上海市公安局特勤局|中央对外联络部|云南出入境边防检查总站|人力资源和社会保障部|公安部|内蒙古出入境边防检查总站|北京市公安局特勤局,一级主任科员及以下|一级行政执法员（五）|一级行政执法员（十一）|一级警长及以下（一）|一级警长及以下（七）|一级警长及以下（二）|一级警长及以下（五）|一级警长及以下（八）
050205,西班牙语,本科(普通),,本科,文学,外国语言文学类,44.7,中等适配,2026国考职位表/中央机关及直属机构口径（第三方镜像）,73.0,23.0,50.0,0.0,0.0,31.5,68.5,0.0,0.0,以对口岗位为主,公安/移民/基层执法(53)；海关/边检(39)；交通海事民航铁路(10)；税务系统(1),103.0,146.54,9.0,8.0,11.0,123.51,14.0,19.2,13.71,39.0,53.4,252.28,12.0,16.4,252.75,25.0,98.0,31.0,67.0,limited,升学后中等潜力,存在专业代码或专业名称精确匹配，并有直接学历兼容岗位。,可以考，但院校层级优势有限，更依赖岗位地区和限制条件。,可作为备选路径，适合叠加党员、基层项目、应届身份等条件。,可作为基层备选，但要靠地域、应届和限制条件放大机会。,上海出入境边防检查总站|上海市公安局特勤局|中国作协|中央党史和文献研究院|中央对外联络部|云南出入境边防检查总站|人力资源和社会保障部|公安部,一级主任科员及以下|一级主任科员及以下（西班牙语）|一级行政执法员（五）|一级行政执法员（十一）|一级警长及以下（一）|一级警长及以下（七）|一级警长及以下（三）|一级警长及以下（五）
050206,阿拉伯语,本科(普通),,本科,文学,外国语言文学类,43.6,中等适配,2026国考职位表/中央机关及直属机构口径（第三方镜像）,71.0,20.0,51.0,0.0,0.0,28.2,71.8,0.0,0.0,主要靠专业大类/门类岗位,公安/移民/基层执法(54)；海关/边检(39)；交通海事民航铁路(10),98.0,140.69,8.0,8.0,11.3,101.14,13.0,18.3,14.54,41.0,57.7,241.85,9.0,12.7,204.0,21.0,92.0,24.0,68.0,limited,升学后中等潜力,存在专业代码或专业名称精确匹配，并有直接学历兼容岗位。,可以考，但院校层级优势有限，更依赖岗位地区和限制条件。,可作为备选路径，适合叠加党员、基层项目、应届身份等条件。,可作为基层备选，但要靠地域、应届和限制条件放大机会。,上海出入境边防检查总站|上海市公安局特勤局|中国贸促会|中央对外联络部|云南出入境边防检查总站|人力资源和社会保障部|全国友协|公安部,一级主任科员及以下|一级行政执法员（五）|一级警长及以下（一）|一级警长及以下（七）|一级警长及以下（五）|一级警长及以下（八）|一级警长及以下（六）|七处一级警长及以下
050207,日语,本科(普通),,本科,文学,外国语言文学类,42.7,中等适配,2026国考职位表/中央机关及直属机构口径（第三方镜像）,63.0,13.0,50.0,0.0,0.0,20.6,79.4,0.0,0.0,主要靠专业大类/门类岗位,公安/移民/基层执法(49)；海关/边检(33)；交通海事民航铁路(10)；税务系统(1),91.0,110.66,6.0,5.0,7.9,299.7,13.0,20.6,14.54,36.0,57.1,90.04,9.0,14.3,328.33,17.0,80.0,13.0,67.0,limited,升学后中等潜力,存在专业代码或专业名称精确匹配，并有直接学历兼容岗位。,可以考，但院校层级优势有限，更依赖岗位地区和限制条件。,可作为备选路径，适合叠加党员、基层项目、应届身份等条件。,可作为基层备选，但要靠地域、应届和限制条件放大机会。,上海出入境边防检查总站|上海市公安局特勤局|中国作协|云南出入境边防检查总站|人力资源和社会保障部|公安部|内蒙古出入境边防检查总站|北京市公安局特勤局,一级主任科员及以下|一级主任科员及以下（日语）|一级行政执法员（五）|一级行政执法员（十二）|一级警长及以下（一）|一级警长及以下（七）|一级警长及以下（五）|一级警长及以下（八）
050208,波斯语,本科(普通),,本科,文学,外国语言文学类,32.5,弱适配,2026国考职位表/中央机关及直属机构口径（第三方镜像）,52.0,1.0,51.0,0.0,0.0,1.9,98.1,0.0,0.0,主要靠专业大类/门类岗位,公安/移民/基层执法(46)；海关/边检(25)；交通海事民航铁路(10),73.0,62.51,0.0,3.0,5.8,234.67,13.0,25.0,14.54,33.0,63.5,87.72,3.0,5.8,21.0,17.0,69.0,1.0,68.0,limited,升学后中等潜力,存在专业代码或专业名称精确匹配，并有直接学历兼容岗位。,可以考，但院校层级优势有限，更依赖岗位地区和限制条件。,岗位窗口较窄，建议只作为就业备选项。,不适合作为普通应用院校的考公主卖点。,上海出入境边防检查总站|上海市公安局特勤局|云南出入境边防检查总站|人力资源和社会保障部|公安部|内蒙古出入境边防检查总站|北京市公安局特勤局|北京铁路公安局,一级主任科员及以下|一级行政执法员（五）|一级警长及以下（一）|一级警长及以下（七）|一级警长及以下（五）|一级警长及以下（八）|一级警长及以下（六）|三亚海关缉私分局一级警长及以下
050209,朝鲜语,本科(普通),,本科,文学,外国语言文学类,44.3,中等适配,2026国考职位表/中央机关及直属机构口径（第三方镜像）,72.0,25.0,47.0,0.0,0.0,34.7,65.3,0.0,0.0,以对口岗位为主,公安/移民/基层执法(57)；海关/边检(42)；交通海事民航铁路(10)；税务系统(1),99.0,139.72,6.0,5.0,6.9,232.3,13.0,18.1,14.54,44.0,61.1,235.81,10.0,13.9,194.3,20.0,92.0,28.0,64.0,limited,升学后中等潜力,存在专业代码或专业名称精确匹配，并有直接学历兼容岗位。,可以考，但院校层级优势有限，更依赖岗位地区和限制条件。,可作为备选路径，适合叠加党员、基层项目、应届身份等条件。,可作为基层备选，但要靠地域、应届和限制条件放大机会。,上海出入境边防检查总站|上海市公安局特勤局|中央对外联络部|云南出入境边防检查总站|人力资源和社会保障部|公安部|内蒙古出入境边防检查总站|北京市公安局特勤局,一级主任科员及以下|一级主任科员及以下（朝语、韩语）|一级行政执法员（五）|一级行政执法员（十二）|一级警长及以下（一）|一级警长及以下（七）|一级警长及以下（五）|一级警长及以下（八）
050210,菲律宾语,本科(普通),,本科,文学,外国语言文学类,38.1,中等适配,2026国考职位表/中央机关及直属机构口径（第三方镜像）,56.0,5.0,51.0,0.0,0.0,8.9,91.1,0.0,0.0,主要靠专业大类/门类岗位,公安/移民/基层执法(50)；海关/边检(26)；交通海事民航铁路(10),78.0,62.05,0.0,3.0,5.4,234.67,13.0,23.2,14.54,37.0,66.1,85.13,3.0,5.4,21.0,17.0,73.0,5.0,68.0,limited,升学后中等潜力,存在专业代码或专业名称精确匹配，并有直接学历兼容岗位。,可以考，但院校层级优势有限，更依赖岗位地区和限制条件。,可作为备选路径，适合叠加党员、基层项目、应届身份等条件。,可作为基层备选，但要靠地域、应届和限制条件放大机会。,上海出入境边防检查总站|上海市公安局特勤局|云南出入境边防检查总站|人力资源和社会保障部|公安部|内蒙古出入境边防检查总站|北京市公安局特勤局|北京铁路公安局,一级主任科员及以下|一级行政执法员（五）|一级警长及以下（一）|一级警长及以下（七）|一级警长及以下（五）|一级警长及以下（八）|一级警长及以下（六）|三亚海关缉私分局一级警长及以下
0502100T,语言学,本科(普通),,本科,文学,外国语言文学类,51.4,中等适配,2026国考职位表/中央机关及直属机构口径（第三方镜像）,95.0,48.0,47.0,0.0,0.0,50.5,49.5,0.0,0.0,以对口岗位为主,海关/边检(57)；公安/移民/基层执法(57)；交通海事民航铁路(11)；财政审计金融监管(4)；统计调查(1),134.0,82.17,12.0,3.0,3.2,234.67,13.0,13.7,14.54,53.0,55.8,97.97,26.0,27.4,130.42,30.0,125.0,61.0,64.0,medium,升学后中等潜力,存在专业代码或专业名称精确匹配，并有直接学历兼容岗位。,可以考，但院校层级优势有限，更依赖岗位地区和限制条件。,可作为备选路径，适合叠加党员、基层项目、应届身份等条件。,可作为基层备选，但要靠地域、应届和限制条件放大机会。,上海出入境边防检查总站|上海市公安局特勤局|中国侨联|云南出入境边防检查总站|人力资源和社会保障部|公安部|内蒙古出入境边防检查总站|北京市公安局特勤局,一级主任科员及以下|一级行政执法员（二十八）|一级行政执法员（五）|一级警长及以下（一）|一级警长及以下（七）|一级警长及以下（五）|一级警长及以下（八）|一级警长及以下（六）
0502101T,塔玛齐格特语,本科(普通),,本科,文学,外国语言文学类,29.1,弱适配,2026国考职位表/中央机关及直属机构口径（第三方镜像）,51.0,0.0,51.0,0.0,0.0,0.0,100.0,0.0,0.0,主要靠专业大类/门类岗位,公安/移民/基层执法(45)；海关/边检(24)；交通海事民航铁路(10),71.0,58.42,0.0,3.0,5.9,234.67,13.0,25.5,14.54,32.0,62.7,83.98,3.0,5.9,21.0,17.0,68.0,0.0,68.0,limited,升学后中等潜力,主要来自专业类/学科门类宽口径匹配，报考前必须核官方专业目录。,可以考，但院校层级优势有限，更依赖岗位地区和限制条件。,岗位窗口较窄，建议只作为就业备选项。,不适合作为普通应用院校的考公主卖点。,上海出入境边防检查总站|上海市公安局特勤局|云南出入境边防检查总站|人力资源和社会保障部|公安部|内蒙古出入境边防检查总站|北京市公安局特勤局|北京铁路公安局,一级主任科员及以下|一级行政执法员（五）|一级警长及以下（一）|一级警长及以下（七）|一级警长及以下（五）|一级警长及以下（八）|一级警长及以下（六）|三亚海关缉私分局一级警长及以下
0502102T,爪哇语,本科(普通),,本科,文学,外国语言文学类,29.1,弱适配,2026国考职位表/中央机关及直属机构口径（第三方镜像）,51.0,0.0,51.0,0.0,0.0,0.0,100.0,0.0,0.0,主要靠专业大类/门类岗位,公安/移民/基层执法(45)；海关/边检(24)；交通海事民航铁路(10),71.0,58.42,0.0,3.0,5.9,234.67,13.0,25.5,14.54,32.0,62.7,83.98,3.0,5.9,21.0,17.0,68.0,0.0,68.0,limited,升学后中等潜力,主要来自专业类/学科门类宽口径匹配，报考前必须核官方专业目录。,可以考，但院校层级优势有限，更依赖岗位地区和限制条件。,岗位窗口较窄，建议只作为就业备选项。,不适合作为普通应用院校的考公主卖点。,上海出入境边防检查总站|上海市公安局特勤局|云南出入境边防检查总站|人力资源和社会保障部|公安部|内蒙古出入境边防检查总站|北京市公安局特勤局|北京铁路公安局,一级主任科员及以下|一级行政执法员（五）|一级警长及以下（一）|一级警长及以下（七）|一级警长及以下（五）|一级警长及以下（八）|一级警长及以下（六）|三亚海关缉私分局一级警长及以下
0502103T,旁遮普语,本科(普通),,本科,文学,外国语言文学类,29.1,弱适配,2026国考职位表/中央机关及直属机构口径（第三方镜像）,51.0,0.0,51.0,0.0,0.0,0.0,100.0,0.0,0.0,主要靠专业大类/门类岗位,公安/移民/基层执法(45)；海关/边检(24)；交通海事民航铁路(10),71.0,58.42,0.0,3.0,5.9,234.67,13.0,25.5,14.54,32.0,62.7,83.98,3.0,5.9,21.0,17.0,68.0,0.0,68.0,limited,升学后中等潜力,主要来自专业类/学科门类宽口径匹配，报考前必须核官方专业目录。,可以考，但院校层级优势有限，更依赖岗位地区和限制条件。,岗位窗口较窄，建议只作为就业备选项。,不适合作为普通应用院校的考公主卖点。,上海出入境边防检查总站|上海市公安局特勤局|云南出入境边防检查总站|人力资源和社会保障部|公安部|内蒙古出入境边防检查总站|北京市公安局特勤局|北京铁路公安局,一级主任科员及以下|一级行政执法员（五）|一级警长及以下（一）|一级警长及以下（七）|一级警长及以下（五）|一级警长及以下（八）|一级警长及以下（六）|三亚海关缉私分局一级警长及以下
0502104TK,区域国别学,本科(普通),,本科,文学,外国语言文学类,34.9,弱适配,2026国考职位表/中央机关及直属机构口径（第三方镜像）,53.0,2.0,51.0,0.0,0.0,3.8,96.2,0.0,0.0,主要靠专业大类/门类岗位,公安/移民/基层执法(46)；海关/边检(24)；交通海事民航铁路(10),76.0,58.32,0.0,4.0,7.5,192.69,13.0,24.5,14.54,33.0,62.3,81.95,3.0,5.7,21.0,23.0,76.0,8.0,68.0,limited,升学后中等潜力,存在专业代码或专业名称精确匹配，并有直接学历兼容岗位。,可以考，但院校层级优势有限，更依赖岗位地区和限制条件。,岗位窗口较窄，建议只作为就业备选项。,不适合作为普通应用院校的考公主卖点。,上海出入境边防检查总站|上海市公安局特勤局|中国贸促会|中央对外联络部|云南出入境边防检查总站|人力资源和社会保障部|公安部|内蒙古出入境边防检查总站,一级主任科员及以下|一级行政执法员（五）|一级警长及以下（一）|一级警长及以下（七）|一级警长及以下（五）|一级警长及以下（八）|一级警长及以下（六）|三亚海关缉私分局一级警长及以下
050211,梵语巴利语,本科(普通),,本科,文学,外国语言文学类,29.1,弱适配,2026国考职位表/中央机关及直属机构口径（第三方镜像）,51.0,0.0,51.0,0.0,0.0,0.0,100.0,0.0,0.0,主要靠专业大类/门类岗位,公安/移民/基层执法(45)；海关/边检(24)；交通海事民航铁路(10),71.0,58.42,0.0,3.0,5.9,234.67,13.0,25.5,14.54,32.0,62.7,83.98,3.0,5.9,21.0,17.0,68.0,0.0,68.0,limited,升学后中等潜力,主要来自专业类/学科门类宽口径匹配，报考前必须核官方专业目录。,可以考，但院校层级优势有限，更依赖岗位地区和限制条件。,岗位窗口较窄，建议只作为就业备选项。,不适合作为普通应用院校的考公主卖点。,上海出入境边防检查总站|上海市公安局特勤局|云南出入境边防检查总站|人力资源和社会保障部|公安部|内蒙古出入境边防检查总站|北京市公安局特勤局|北京铁路公安局,一级主任科员及以下|一级行政执法员（五）|一级警长及以下（一）|一级警长及以下（七）|一级警长及以下（五）|一级警长及以下（八）|一级警长及以下（六）|三亚海关缉私分局一级警长及以下
050212,印度尼西亚语,本科(普通),,本科,文学,外国语言文学类,36.0,中等适配,2026国考职位表/中央机关及直属机构口径（第三方镜像）,54.0,3.0,51.0,0.0,0.0,5.6,94.4,0.0,0.0,主要靠专业大类/门类岗位,公安/移民/基层执法(48)；海关/边检(27)；交通海事民航铁路(10),76.0,61.21,0.0,3.0,5.6,234.67,13.0,24.1,14.54,35.0,64.8,84.63,3.0,5.6,21.0,17.0,71.0,3.0,68.0,limited,升学后中等潜力,存在专业代码或专业名称精确匹配，并有直接学历兼容岗位。,可以考，但院校层级优势有限，更依赖岗位地区和限制条件。,可作为备选路径，适合叠加党员、基层项目、应届身份等条件。,可作为基层备选，但要靠地域、应届和限制条件放大机会。,上海出入境边防检查总站|上海市公安局特勤局|云南出入境边防检查总站|人力资源和社会保障部|公安部|内蒙古出入境边防检查总站|北京市公安局特勤局|北京铁路公安局,一级主任科员及以下|一级行政执法员（五）|一级警长及以下（一）|一级警长及以下（七）|一级警长及以下（五）|一级警长及以下（八）|一级警长及以下（六）|三亚海关缉私分局一级警长及以下
050213,印地语,本科(普通),,本科,文学,外国语言文学类,29.1,弱适配,2026国考职位表/中央机关及直属机构口径（第三方镜像）,51.0,0.0,51.0,0.0,0.0,0.0,100.0,0.0,0.0,主要靠专业大类/门类岗位,公安/移民/基层执法(45)；海关/边检(24)；交通海事民航铁路(10),71.0,58.42,0.0,3.0,5.9,234.67,13.0,25.5,14.54,32.0,62.7,83.98,3.0,5.9,21.0,17.0,68.0,0.0,68.0,limited,升学后中等潜力,主要来自专业类/学科门类宽口径匹配，报考前必须核官方专业目录。,可以考，但院校层级优势有限，更依赖岗位地区和限制条件。,岗位窗口较窄，建议只作为就业备选项。,不适合作为普通应用院校的考公主卖点。,上海出入境边防检查总站|上海市公安局特勤局|云南出入境边防检查总站|人力资源和社会保障部|公安部|内蒙古出入境边防检查总站|北京市公安局特勤局|北京铁路公安局,一级主任科员及以下|一级行政执法员（五）|一级警长及以下（一）|一级警长及以下（七）|一级警长及以下（五）|一级警长及以下（八）|一级警长及以下（六）|三亚海关缉私分局一级警长及以下
050214,柬埔寨语,本科(普通),,本科,文学,外国语言文学类,34.9,弱适配,2026国考职位表/中央机关及直属机构口径（第三方镜像）,57.0,6.0,51.0,0.0,0.0,10.5,89.5,0.0,0.0,主要靠专业大类/门类岗位,公安/移民/基层执法(51)；海关/边检(30)；交通海事民航铁路(10),78.0,147.24,0.0,3.0,5.3,234.67,13.0,22.8,14.54,38.0,66.7,258.34,3.0,5.3,21.0,17.0,74.0,6.0,68.0,limited,升学后中等潜力,存在专业代码或专业名称精确匹配，并有直接学历兼容岗位。,可以考，但院校层级优势有限，更依赖岗位地区和限制条件。,岗位窗口较窄，建议只作为就业备选项。,不适合作为普通应用院校的考公主卖点。,上海出入境边防检查总站|上海市公安局特勤局|云南出入境边防检查总站|人力资源和社会保障部|公安部|内蒙古出入境边防检查总站|北京市公安局特勤局|北京铁路公安局,一级主任科员及以下|一级行政执法员（五）|一级警长及以下（一）|一级警长及以下（七）|一级警长及以下（五）|一级警长及以下（八）|一级警长及以下（六）|三亚海关缉私分局一级警长及以下
050215,老挝语,本科(普通),,本科,文学,外国语言文学类,41.6,中等适配,2026国考职位表/中央机关及直属机构口径（第三方镜像）,59.0,8.0,51.0,0.0,0.0,13.6,86.4,0.0,0.0,主要靠专业大类/门类岗位,公安/移民/基层执法(50)；海关/边检(29)；交通海事民航铁路(10)；税务系统(1),83.0,61.9,3.0,3.0,5.1,234.67,13.0,22.0,14.54,37.0,62.7,76.07,6.0,10.2,79.25,17.0,76.0,8.0,68.0,limited,升学后中等潜力,存在专业代码或专业名称精确匹配，并有直接学历兼容岗位。,可以考，但院校层级优势有限，更依赖岗位地区和限制条件。,可作为备选路径，适合叠加党员、基层项目、应届身份等条件。,可作为基层备选，但要靠地域、应届和限制条件放大机会。,上海出入境边防检查总站|上海市公安局特勤局|云南出入境边防检查总站|人力资源和社会保障部|公安部|内蒙古出入境边防检查总站|北京市公安局特勤局|北京铁路公安局,一级主任科员及以下|一级行政执法员|一级行政执法员（五）|一级警长及以下（一）|一级警长及以下（七）|一级警长及以下（五）|一级警长及以下（八）|一级警长及以下（六）
050216,缅甸语,本科(普通),,本科,文学,外国语言文学类,42.1,中等适配,2026国考职位表/中央机关及直属机构口径（第三方镜像）,61.0,10.0,51.0,0.0,0.0,16.4,83.6,0.0,0.0,主要靠专业大类/门类岗位,公安/移民/基层执法(54)；海关/边检(31)；交通海事民航铁路(10)；税务系统(1),89.0,53.07,1.0,3.0,4.9,234.67,13.0,21.3,14.54,41.0,67.2,71.23,4.0,6.6,34.88,17.0,78.0,10.0,68.0,limited,升学后中等潜力,存在专业代码或专业名称精确匹配，并有直接学历兼容岗位。,可以考，但院校层级优势有限，更依赖岗位地区和限制条件。,可作为备选路径，适合叠加党员、基层项目、应届身份等条件。,可作为基层备选，但要靠地域、应届和限制条件放大机会。,上海出入境边防检查总站|上海市公安局特勤局|云南出入境边防检查总站|人力资源和社会保障部|公安部|内蒙古出入境边防检查总站|北京市公安局特勤局|北京铁路公安局,一级主任科员及以下|一级行政执法员|一级行政执法员（五）|一级警长及以下（一）|一级警长及以下（七）|一级警长及以下（五）|一级警长及以下（八）|一级警长及以下（六）
050217,马来语,本科(普通),,本科,文学,外国语言文学类,37.9,中等适配,2026国考职位表/中央机关及直属机构口径（第三方镜像）,55.0,4.0,51.0,0.0,0.0,7.3,92.7,0.0,0.0,主要靠专业大类/门类岗位,公安/移民/基层执法(48)；海关/边检(28)；交通海事民航铁路(10),80.0,65.28,1.0,3.0,5.5,234.67,13.0,23.6,14.54,35.0,63.6,84.05,4.0,7.3,91.5,17.0,72.0,4.0,68.0,limited,升学后中等潜力,存在专业代码或专业名称精确匹配，并有直接学历兼容岗位。,可以考，但院校层级优势有限，更依赖岗位地区和限制条件。,可作为备选路径，适合叠加党员、基层项目、应届身份等条件。,可作为基层备选，但要靠地域、应届和限制条件放大机会。,上海出入境边防检查总站|上海市公安局特勤局|云南出入境边防检查总站|人力资源和社会保障部|公安部|内蒙古出入境边防检查总站|北京市公安局特勤局|北京铁路公安局,一级主任科员及以下|一级行政执法员（五）|一级警长及以下（一）|一级警长及以下（七）|一级警长及以下（五）|一级警长及以下（八）|一级警长及以下（六）|三亚海关缉私分局一级警长及以下
050218,蒙古语,本科(普通),,本科,文学,外国语言文学类,39.2,中等适配,2026国考职位表/中央机关及直属机构口径（第三方镜像）,60.0,12.0,48.0,0.0,0.0,20.0,80.0,0.0,0.0,主要靠专业大类/门类岗位,公安/移民/基层执法(52)；海关/边检(33)；交通海事民航铁路(10),87.0,131.62,2.0,3.0,5.0,234.67,13.0,21.7,14.54,39.0,65.0,239.8,5.0,8.3,167.25,17.0,77.0,12.0,65.0,limited,升学后中等潜力,存在专业代码或专业名称精确匹配，并有直接学历兼容岗位。,可以考，但院校层级优势有限，更依赖岗位地区和限制条件。,可作为备选路径，适合叠加党员、基层项目、应届身份等条件。,可作为基层备选，但要靠地域、应届和限制条件放大机会。,上海出入境边防检查总站|上海市公安局特勤局|乌鲁木齐海关|云南出入境边防检查总站|人力资源和社会保障部|公安部|内蒙古出入境边防检查总站|北京出入境边防检查总站,一级主任科员及以下|一级行政执法员（五）|一级警长及以下（一）|一级警长及以下（七）|一级警长及以下（五）|一级警长及以下（八）|一级警长及以下（六）|三亚海关缉私分局一级警长及以下
050219,僧伽罗语,本科(普通),,本科,文学,外国语言文学类,29.1,弱适配,2026国考职位表/中央机关及直属机构口径（第三方镜像）,51.0,0.0,51.0,0.0,0.0,0.0,100.0,0.0,0.0,主要靠专业大类/门类岗位,公安/移民/基层执法(45)；海关/边检(24)；交通海事民航铁路(10),71.0,58.42,0.0,3.0,5.9,234.67,13.0,25.5,14.54,32.0,62.7,83.98,3.0,5.9,21.0,17.0,68.0,0.0,68.0,limited,升学后中等潜力,主要来自专业类/学科门类宽口径匹配，报考前必须核官方专业目录。,可以考，但院校层级优势有限，更依赖岗位地区和限制条件。,岗位窗口较窄，建议只作为就业备选项。,不适合作为普通应用院校的考公主卖点。,上海出入境边防检查总站|上海市公安局特勤局|云南出入境边防检查总站|人力资源和社会保障部|公安部|内蒙古出入境边防检查总站|北京市公安局特勤局|北京铁路公安局,一级主任科员及以下|一级行政执法员（五）|一级警长及以下（一）|一级警长及以下（七）|一级警长及以下（五）|一级警长及以下（八）|一级警长及以下（六）|三亚海关缉私分局一级警长及以下
050220,泰语,本科(普通),,本科,文学,外国语言文学类,40.6,中等适配,2026国考职位表/中央机关及直属机构口径（第三方镜像）,65.0,14.0,51.0,0.0,0.0,21.5,78.5,0.0,0.0,主要靠专业大类/门类岗位,公安/移民/基层执法(56)；海关/边检(34)；交通海事民航铁路(10)；税务系统(1),91.0,133.08,3.0,5.0,7.7,150.4,13.0,20.0,14.54,42.0,64.6,233.32,5.0,7.7,88.5,17.0,82.0,14.0,68.0,limited,升学后中等潜力,存在专业代码或专业名称精确匹配，并有直接学历兼容岗位。,可以考，但院校层级优势有限，更依赖岗位地区和限制条件。,可作为备选路径，适合叠加党员、基层项目、应届身份等条件。,可作为基层备选，但要靠地域、应届和限制条件放大机会。,上海出入境边防检查总站|上海市公安局特勤局|云南出入境边防检查总站|人力资源和社会保障部|全国友协|公安部|内蒙古出入境边防检查总站|北京市公安局特勤局,一级主任科员及以下|一级行政执法员|一级行政执法员（五）|一级警长及以下（一）|一级警长及以下（七）|一级警长及以下（五）|一级警长及以下（八）|一级警长及以下（六）
050221,乌尔都语,本科(普通),,本科,文学,外国语言文学类,34.6,弱适配,2026国考职位表/中央机关及直属机构口径（第三方镜像）,53.0,2.0,51.0,0.0,0.0,3.8,96.2,0.0,0.0,主要靠专业大类/门类岗位,公安/移民/基层执法(47)；海关/边检(26)；交通海事民航铁路(10),78.0,54.79,0.0,3.0,5.7,234.67,13.0,24.5,14.54,34.0,64.2,80.39,3.0,5.7,21.0,17.0,70.0,2.0,68.0,limited,升学后中等潜力,存在专业代码或专业名称精确匹配，并有直接学历兼容岗位。,可以考，但院校层级优势有限，更依赖岗位地区和限制条件。,岗位窗口较窄，建议只作为就业备选项。,不适合作为普通应用院校的考公主卖点。,上海出入境边防检查总站|上海市公安局特勤局|云南出入境边防检查总站|人力资源和社会保障部|公安部|内蒙古出入境边防检查总站|北京市公安局特勤局|北京铁路公安局,一级主任科员及以下|一级行政执法员（五）|一级警长及以下（一）|一级警长及以下（七）|一级警长及以下（五）|一级警长及以下（八）|一级警长及以下（六）|三亚海关缉私分局一级警长及以下
050222,希伯来语,本科(普通),,本科,文学,外国语言文学类,29.1,弱适配,2026国考职位表/中央机关及直属机构口径（第三方镜像）,51.0,0.0,51.0,0.0,0.0,0.0,100.0,0.0,0.0,主要靠专业大类/门类岗位,公安/移民/基层执法(45)；海关/边检(24)；交通海事民航铁路(10),71.0,58.42,0.0,3.0,5.9,234.67,13.0,25.5,14.54,32.0,62.7,83.98,3.0,5.9,21.0,17.0,68.0,0.0,68.0,limited,升学后中等潜力,主要来自专业类/学科门类宽口径匹配，报考前必须核官方专业目录。,可以考，但院校层级优势有限，更依赖岗位地区和限制条件。,岗位窗口较窄，建议只作为就业备选项。,不适合作为普通应用院校的考公主卖点。,上海出入境边防检查总站|上海市公安局特勤局|云南出入境边防检查总站|人力资源和社会保障部|公安部|内蒙古出入境边防检查总站|北京市公安局特勤局|北京铁路公安局,一级主任科员及以下|一级行政执法员（五）|一级警长及以下（一）|一级警长及以下（七）|一级警长及以下（五）|一级警长及以下（八）|一级警长及以下（六）|三亚海关缉私分局一级警长及以下
050223,越南语,本科(普通),,本科,文学,外国语言文学类,35.0,中等适配,2026国考职位表/中央机关及直属机构口径（第三方镜像）,63.0,12.0,51.0,0.0,0.0,19.0,81.0,0.0,0.0,主要靠专业大类/门类岗位,公安/移民/基层执法(56)；海关/边检(32)；交通海事民航铁路(10)；税务系统(1),86.0,212.55,1.0,3.0,4.8,234.67,13.0,20.6,14.54,43.0,68.3,381.95,4.0,6.3,34.88,18.0,81.0,13.0,68.0,limited,升学后中等潜力,存在专业代码或专业名称精确匹配，并有直接学历兼容岗位。,可以考，但院校层级优势有限，更依赖岗位地区和限制条件。,可作为备选路径，适合叠加党员、基层项目、应届身份等条件。,可作为基层备选，但要靠地域、应届和限制条件放大机会。,上海出入境边防检查总站|上海市公安局特勤局|云南出入境边防检查总站|人力资源和社会保障部|公安部|内蒙古出入境边防检查总站|北京出入境边防检查总站|北京市公安局特勤局,一级主任科员及以下|一级行政执法员|一级行政执法员（五）|一级警长及以下（一）|一级警长及以下（七）|一级警长及以下（五）|一级警长及以下（八）|一级警长及以下（六）
050224,豪萨语,本科(普通),,本科,文学,外国语言文学类,29.1,弱适配,2026国考职位表/中央机关及直属机构口径（第三方镜像）,51.0,0.0,51.0,0.0,0.0,0.0,100.0,0.0,0.0,主要靠专业大类/门类岗位,公安/移民/基层执法(45)；海关/边检(24)；交通海事民航铁路(10),71.0,58.42,0.0,3.0,5.9,234.67,13.0,25.5,14.54,32.0,62.7,83.98,3.0,5.9,21.0,17.0,68.0,0.0,68.0,limited,升学后中等潜力,主要来自专业类/学科门类宽口径匹配，报考前必须核官方专业目录。,可以考，但院校层级优势有限，更依赖岗位地区和限制条件。,岗位窗口较窄，建议只作为就业备选项。,不适合作为普通应用院校的考公主卖点。,上海出入境边防检查总站|上海市公安局特勤局|云南出入境边防检查总站|人力资源和社会保障部|公安部|内蒙古出入境边防检查总站|北京市公安局特勤局|北京铁路公安局,一级主任科员及以下|一级行政执法员（五）|一级警长及以下（一）|一级警长及以下（七）|一级警长及以下（五）|一级警长及以下（八）|一级警长及以下（六）|三亚海关缉私分局一级警长及以下
050225,斯瓦希里语,本科(普通),,本科,文学,外国语言文学类,29.1,弱适配,2026国考职位表/中央机关及直属机构口径（第三方镜像）,51.0,0.0,51.0,0.0,0.0,0.0,100.0,0.0,0.0,主要靠专业大类/门类岗位,公安/移民/基层执法(45)；海关/边检(24)；交通海事民航铁路(10),71.0,58.42,0.0,3.0,5.9,234.67,13.0,25.5,14.54,32.0,62.7,83.98,3.0,5.9,21.0,17.0,68.0,0.0,68.0,limited,升学后中等潜力,主要来自专业类/学科门类宽口径匹配，报考前必须核官方专业目录。,可以考，但院校层级优势有限，更依赖岗位地区和限制条件。,岗位窗口较窄，建议只作为就业备选项。,不适合作为普通应用院校的考公主卖点。,上海出入境边防检查总站|上海市公安局特勤局|云南出入境边防检查总站|人力资源和社会保障部|公安部|内蒙古出入境边防检查总站|北京市公安局特勤局|北京铁路公安局,一级主任科员及以下|一级行政执法员（五）|一级警长及以下（一）|一级警长及以下（七）|一级警长及以下（五）|一级警长及以下（八）|一级警长及以下（六）|三亚海关缉私分局一级警长及以下
050226,阿尔巴尼亚语,本科(普通),,本科,文学,外国语言文学类,29.1,弱适配,2026国考职位表/中央机关及直属机构口径（第三方镜像）,51.0,0.0,51.0,0.0,0.0,0.0,100.0,0.0,0.0,主要靠专业大类/门类岗位,公安/移民/基层执法(45)；海关/边检(24)；交通海事民航铁路(10),71.0,58.42,0.0,3.0,5.9,234.67,13.0,25.5,14.54,32.0,62.7,83.98,3.0,5.9,21.0,17.0,68.0,0.0,68.0,limited,升学后中等潜力,主要来自专业类/学科门类宽口径匹配，报考前必须核官方专业目录。,可以考，但院校层级优势有限，更依赖岗位地区和限制条件。,岗位窗口较窄，建议只作为就业备选项。,不适合作为普通应用院校的考公主卖点。,上海出入境边防检查总站|上海市公安局特勤局|云南出入境边防检查总站|人力资源和社会保障部|公安部|内蒙古出入境边防检查总站|北京市公安局特勤局|北京铁路公安局,一级主任科员及以下|一级行政执法员（五）|一级警长及以下（一）|一级警长及以下（七）|一级警长及以下（五）|一级警长及以下（八）|一级警长及以下（六）|三亚海关缉私分局一级警长及以下
050227,保加利亚语,本科(普通),,本科,文学,外国语言文学类,29.1,弱适配,2026国考职位表/中央机关及直属机构口径（第三方镜像）,51.0,0.0,51.0,0.0,0.0,0.0,100.0,0.0,0.0,主要靠专业大类/门类岗位,公安/移民/基层执法(45)；海关/边检(24)；交通海事民航铁路(10),71.0,58.42,0.0,3.0,5.9,234.67,13.0,25.5,14.54,32.0,62.7,83.98,3.0,5.9,21.0,17.0,68.0,0.0,68.0,limited,升学后中等潜力,主要来自专业类/学科门类宽口径匹配，报考前必须核官方专业目录。,可以考，但院校层级优势有限，更依赖岗位地区和限制条件。,岗位窗口较窄，建议只作为就业备选项。,不适合作为普通应用院校的考公主卖点。,上海出入境边防检查总站|上海市公安局特勤局|云南出入境边防检查总站|人力资源和社会保障部|公安部|内蒙古出入境边防检查总站|北京市公安局特勤局|北京铁路公安局,一级主任科员及以下|一级行政执法员（五）|一级警长及以下（一）|一级警长及以下（七）|一级警长及以下（五）|一级警长及以下（八）|一级警长及以下（六）|三亚海关缉私分局一级警长及以下
050228,波兰语,本科(普通),,本科,文学,外国语言文学类,32.5,弱适配,2026国考职位表/中央机关及直属机构口径（第三方镜像）,52.0,1.0,51.0,0.0,0.0,1.9,98.1,0.0,0.0,主要靠专业大类/门类岗位,公安/移民/基层执法(46)；海关/边检(24)；交通海事民航铁路(10),72.0,58.31,0.0,3.0,5.8,234.67,13.0,25.0,14.54,33.0,63.5,82.95,3.0,5.8,21.0,17.0,69.0,1.0,68.0,limited,升学后中等潜力,存在专业代码或专业名称精确匹配，并有直接学历兼容岗位。,可以考，但院校层级优势有限，更依赖岗位地区和限制条件。,岗位窗口较窄，建议只作为就业备选项。,不适合作为普通应用院校的考公主卖点。,上海出入境边防检查总站|上海市公安局特勤局|云南出入境边防检查总站|人力资源和社会保障部|公安部|内蒙古出入境边防检查总站|北京市公安局特勤局|北京铁路公安局,一级主任科员及以下|一级行政执法员（五）|一级警长及以下（一）|一级警长及以下（七）|一级警长及以下（五）|一级警长及以下（八）|一级警长及以下（六）|三亚海关缉私分局一级警长及以下
050229,捷克语,本科(普通),,本科,文学,外国语言文学类,29.1,弱适配,2026国考职位表/中央机关及直属机构口径（第三方镜像）,51.0,0.0,51.0,0.0,0.0,0.0,100.0,0.0,0.0,主要靠专业大类/门类岗位,公安/移民/基层执法(45)；海关/边检(24)；交通海事民航铁路(10),71.0,58.42,0.0,3.0,5.9,234.67,13.0,25.5,14.54,32.0,62.7,83.98,3.0,5.9,21.0,17.0,68.0,0.0,68.0,limited,升学后中等潜力,主要来自专业类/学科门类宽口径匹配，报考前必须核官方专业目录。,可以考，但院校层级优势有限，更依赖岗位地区和限制条件。,岗位窗口较窄，建议只作为就业备选项。,不适合作为普通应用院校的考公主卖点。,上海出入境边防检查总站|上海市公安局特勤局|云南出入境边防检查总站|人力资源和社会保障部|公安部|内蒙古出入境边防检查总站|北京市公安局特勤局|北京铁路公安局,一级主任科员及以下|一级行政执法员（五）|一级警长及以下（一）|一级警长及以下（七）|一级警长及以下（五）|一级警长及以下（八）|一级警长及以下（六）|三亚海关缉私分局一级警长及以下
050230,斯洛伐克语,本科(普通),,本科,文学,外国语言文学类,29.1,弱适配,2026国考职位表/中央机关及直属机构口径（第三方镜像）,51.0,0.0,51.0,0.0,0.0,0.0,100.0,0.0,0.0,主要靠专业大类/门类岗位,公安/移民/基层执法(45)；海关/边检(24)；交通海事民航铁路(10),71.0,58.42,0.0,3.0,5.9,234.67,13.0,25.5,14.54,32.0,62.7,83.98,3.0,5.9,21.0,17.0,68.0,0.0,68.0,limited,升学后中等潜力,主要来自专业类/学科门类宽口径匹配，报考前必须核官方专业目录。,可以考，但院校层级优势有限，更依赖岗位地区和限制条件。,岗位窗口较窄，建议只作为就业备选项。,不适合作为普通应用院校的考公主卖点。,上海出入境边防检查总站|上海市公安局特勤局|云南出入境边防检查总站|人力资源和社会保障部|公安部|内蒙古出入境边防检查总站|北京市公安局特勤局|北京铁路公安局,一级主任科员及以下|一级行政执法员（五）|一级警长及以下（一）|一级警长及以下（七）|一级警长及以下（五）|一级警长及以下（八）|一级警长及以下（六）|三亚海关缉私分局一级警长及以下
050231,罗马尼亚语,本科(普通),,本科,文学,外国语言文学类,29.1,弱适配,2026国考职位表/中央机关及直属机构口径（第三方镜像）,51.0,0.0,51.0,0.0,0.0,0.0,100.0,0.0,0.0,主要靠专业大类/门类岗位,公安/移民/基层执法(45)；海关/边检(24)；交通海事民航铁路(10),71.0,58.42,0.0,3.0,5.9,234.67,13.0,25.5,14.54,32.0,62.7,83.98,3.0,5.9,21.0,17.0,68.0,0.0,68.0,limited,升学后中等潜力,主要来自专业类/学科门类宽口径匹配，报考前必须核官方专业目录。,可以考，但院校层级优势有限，更依赖岗位地区和限制条件。,岗位窗口较窄，建议只作为就业备选项。,不适合作为普通应用院校的考公主卖点。,上海出入境边防检查总站|上海市公安局特勤局|云南出入境边防检查总站|人力资源和社会保障部|公安部|内蒙古出入境边防检查总站|北京市公安局特勤局|北京铁路公安局,一级主任科员及以下|一级行政执法员（五）|一级警长及以下（一）|一级警长及以下（七）|一级警长及以下（五）|一级警长及以下（八）|一级警长及以下（六）|三亚海关缉私分局一级警长及以下
050232,葡萄牙语,本科(普通),,本科,文学,外国语言文学类,41.6,中等适配,2026国考职位表/中央机关及直属机构口径（第三方镜像）,59.0,8.0,51.0,0.0,0.0,13.6,86.4,0.0,0.0,主要靠专业大类/门类岗位,公安/移民/基层执法(48)；海关/边检(28)；交通海事民航铁路(10),88.0,59.36,2.0,7.0,11.9,123.75,13.0,22.0,14.54,35.0,59.3,91.01,4.0,6.8,29.5,17.0,76.0,8.0,68.0,limited,升学后中等潜力,存在专业代码或专业名称精确匹配，并有直接学历兼容岗位。,可以考，但院校层级优势有限，更依赖岗位地区和限制条件。,可作为备选路径，适合叠加党员、基层项目、应届身份等条件。,可作为基层备选，但要靠地域、应届和限制条件放大机会。,上海出入境边防检查总站|上海市公安局特勤局|云南出入境边防检查总站|人力资源和社会保障部|全国友协|公安部|内蒙古出入境边防检查总站|北京市公安局特勤局,一级主任科员及以下|一级主任科员及以下（葡萄牙语）|一级行政执法员（五）|一级警长及以下（一）|一级警长及以下（七）|一级警长及以下（五）|一级警长及以下（八）|一级警长及以下（六）
050233,瑞典语,本科(普通),,本科,文学,外国语言文学类,29.1,弱适配,2026国考职位表/中央机关及直属机构口径（第三方镜像）,51.0,0.0,51.0,0.0,0.0,0.0,100.0,0.0,0.0,主要靠专业大类/门类岗位,公安/移民/基层执法(45)；海关/边检(24)；交通海事民航铁路(10),71.0,58.42,0.0,3.0,5.9,234.67,13.0,25.5,14.54,32.0,62.7,83.98,3.0,5.9,21.0,17.0,68.0,0.0,68.0,limited,升学后中等潜力,主要来自专业类/学科门类宽口径匹配，报考前必须核官方专业目录。,可以考，但院校层级优势有限，更依赖岗位地区和限制条件。,岗位窗口较窄，建议只作为就业备选项。,不适合作为普通应用院校的考公主卖点。,上海出入境边防检查总站|上海市公安局特勤局|云南出入境边防检查总站|人力资源和社会保障部|公安部|内蒙古出入境边防检查总站|北京市公安局特勤局|北京铁路公安局,一级主任科员及以下|一级行政执法员（五）|一级警长及以下（一）|一级警长及以下（七）|一级警长及以下（五）|一级警长及以下（八）|一级警长及以下（六）|三亚海关缉私分局一级警长及以下
050234,塞尔维亚语,本科(普通),,本科,文学,外国语言文学类,29.1,弱适配,2026国考职位表/中央机关及直属机构口径（第三方镜像）,51.0,0.0,51.0,0.0,0.0,0.0,100.0,0.0,0.0,主要靠专业大类/门类岗位,公安/移民/基层执法(45)；海关/边检(24)；交通海事民航铁路(10),71.0,58.42,0.0,3.0,5.9,234.67,13.0,25.5,14.54,32.0,62.7,83.98,3.0,5.9,21.0,17.0,68.0,0.0,68.0,limited,升学后中等潜力,主要来自专业类/学科门类宽口径匹配，报考前必须核官方专业目录。,可以考，但院校层级优势有限，更依赖岗位地区和限制条件。,岗位窗口较窄，建议只作为就业备选项。,不适合作为普通应用院校的考公主卖点。,上海出入境边防检查总站|上海市公安局特勤局|云南出入境边防检查总站|人力资源和社会保障部|公安部|内蒙古出入境边防检查总站|北京市公安局特勤局|北京铁路公安局,一级主任科员及以下|一级行政执法员（五）|一级警长及以下（一）|一级警长及以下（七）|一级警长及以下（五）|一级警长及以下（八）|一级警长及以下（六）|三亚海关缉私分局一级警长及以下
050235,土耳其语,本科(普通),,本科,文学,外国语言文学类,34.4,弱适配,2026国考职位表/中央机关及直属机构口径（第三方镜像）,52.0,2.0,50.0,0.0,0.0,3.8,96.2,0.0,0.0,主要靠专业大类/门类岗位,公安/移民/基层执法(46)；海关/边检(25)；交通海事民航铁路(10),72.0,58.46,0.0,3.0,5.8,234.67,13.0,25.0,14.54,33.0,63.5,83.29,3.0,5.8,21.0,17.0,69.0,2.0,67.0,limited,升学后中等潜力,存在专业代码或专业名称精确匹配，并有直接学历兼容岗位。,可以考，但院校层级优势有限，更依赖岗位地区和限制条件。,岗位窗口较窄，建议只作为就业备选项。,不适合作为普通应用院校的考公主卖点。,上海出入境边防检查总站|上海市公安局特勤局|云南出入境边防检查总站|人力资源和社会保障部|公安部|内蒙古出入境边防检查总站|北京出入境边防检查总站|北京市公安局特勤局,一级主任科员及以下|一级行政执法员（五）|一级警长及以下（一）|一级警长及以下（七）|一级警长及以下（五）|一级警长及以下（八）|一级警长及以下（六）|三亚海关缉私分局一级警长及以下
050236,希腊语,本科(普通),,本科,文学,外国语言文学类,29.1,弱适配,2026国考职位表/中央机关及直属机构口径（第三方镜像）,51.0,0.0,51.0,0.0,0.0,0.0,100.0,0.0,0.0,主要靠专业大类/门类岗位,公安/移民/基层执法(45)；海关/边检(24)；交通海事民航铁路(10),71.0,58.42,0.0,3.0,5.9,234.67,13.0,25.5,14.54,32.0,62.7,83.98,3.0,5.9,21.0,17.0,68.0,0.0,68.0,limited,升学后中等潜力,主要来自专业类/学科门类宽口径匹配，报考前必须核官方专业目录。,可以考，但院校层级优势有限，更依赖岗位地区和限制条件。,岗位窗口较窄，建议只作为就业备选项。,不适合作为普通应用院校的考公主卖点。,上海出入境边防检查总站|上海市公安局特勤局|云南出入境边防检查总站|人力资源和社会保障部|公安部|内蒙古出入境边防检查总站|北京市公安局特勤局|北京铁路公安局,一级主任科员及以下|一级行政执法员（五）|一级警长及以下（一）|一级警长及以下（七）|一级警长及以下（五）|一级警长及以下（八）|一级警长及以下（六）|三亚海关缉私分局一级警长及以下
050237,匈牙利语,本科(普通),,本科,文学,外国语言文学类,32.5,弱适配,2026国考职位表/中央机关及直属机构口径（第三方镜像）,52.0,1.0,51.0,0.0,0.0,1.9,98.1,0.0,0.0,主要靠专业大类/门类岗位,公安/移民/基层执法(45)；海关/边检(24)；交通海事民航铁路(10),72.0,57.74,0.0,4.0,7.7,178.25,13.0,25.0,14.54,32.0,61.5,83.98,3.0,5.8,21.0,17.0,69.0,1.0,68.0,limited,升学后中等潜力,存在专业代码或专业名称精确匹配，并有直接学历兼容岗位。,可以考，但院校层级优势有限，更依赖岗位地区和限制条件。,岗位窗口较窄，建议只作为就业备选项。,不适合作为普通应用院校的考公主卖点。,上海出入境边防检查总站|上海市公安局特勤局|中央对外联络部|云南出入境边防检查总站|人力资源和社会保障部|公安部|内蒙古出入境边防检查总站|北京市公安局特勤局,一级主任科员及以下|一级行政执法员（五）|一级警长及以下（一）|一级警长及以下（七）|一级警长及以下（五）|一级警长及以下（八）|一级警长及以下（六）|三亚海关缉私分局一级警长及以下
050238,意大利语,本科(普通),,本科,文学,外国语言文学类,36.7,中等适配,2026国考职位表/中央机关及直属机构口径（第三方镜像）,54.0,3.0,51.0,0.0,0.0,5.6,94.4,0.0,0.0,主要靠专业大类/门类岗位,公安/移民/基层执法(46)；海关/边检(24)；交通海事民航铁路(10),74.0,57.57,1.0,6.0,11.1,136.0,13.0,24.1,14.54,32.0,59.3,83.98,3.0,5.6,21.0,17.0,71.0,3.0,68.0,limited,升学后中等潜力,存在专业代码或专业名称精确匹配，并有直接学历兼容岗位。,可以考，但院校层级优势有限，更依赖岗位地区和限制条件。,可作为备选路径，适合叠加党员、基层项目、应届身份等条件。,可作为基层备选，但要靠地域、应届和限制条件放大机会。,上海出入境边防检查总站|上海市公安局特勤局|云南出入境边防检查总站|人力资源和社会保障部|全国友协|公安部|内蒙古出入境边防检查总站|北京市公安局特勤局,一级主任科员及以下|一级主任科员及以下（意大利语）|一级行政执法员（五）|一级警长及以下（一）|一级警长及以下（七）|一级警长及以下（五）|一级警长及以下（八）|一级警长及以下（六）
050239,泰米尔语,本科(普通),,本科,文学,外国语言文学类,29.1,弱适配,2026国考职位表/中央机关及直属机构口径（第三方镜像）,51.0,0.0,51.0,0.0,0.0,0.0,100.0,0.0,0.0,主要靠专业大类/门类岗位,公安/移民/基层执法(45)；海关/边检(24)；交通海事民航铁路(10),71.0,58.42,0.0,3.0,5.9,234.67,13.0,25.5,14.54,32.0,62.7,83.98,3.0,5.9,21.0,17.0,68.0,0.0,68.0,limited,升学后中等潜力,主要来自专业类/学科门类宽口径匹配，报考前必须核官方专业目录。,可以考，但院校层级优势有限，更依赖岗位地区和限制条件。,岗位窗口较窄，建议只作为就业备选项。,不适合作为普通应用院校的考公主卖点。,上海出入境边防检查总站|上海市公安局特勤局|云南出入境边防检查总站|人力资源和社会保障部|公安部|内蒙古出入境边防检查总站|北京市公安局特勤局|北京铁路公安局,一级主任科员及以下|一级行政执法员（五）|一级警长及以下（一）|一级警长及以下（七）|一级警长及以下（五）|一级警长及以下（八）|一级警长及以下（六）|三亚海关缉私分局一级警长及以下
050240,普什图语,本科(普通),,本科,文学,外国语言文学类,32.6,弱适配,2026国考职位表/中央机关及直属机构口径（第三方镜像）,52.0,1.0,51.0,0.0,0.0,1.9,98.1,0.0,0.0,主要靠专业大类/门类岗位,公安/移民/基层执法(46)；海关/边检(25)；交通海事民航铁路(10),76.0,55.33,0.0,3.0,5.8,234.67,13.0,25.0,14.54,33.0,63.5,81.78,3.0,5.8,21.0,17.0,69.0,1.0,68.0,limited,升学后中等潜力,存在专业代码或专业名称精确匹配，并有直接学历兼容岗位。,可以考，但院校层级优势有限，更依赖岗位地区和限制条件。,岗位窗口较窄，建议只作为就业备选项。,不适合作为普通应用院校的考公主卖点。,上海出入境边防检查总站|上海市公安局特勤局|云南出入境边防检查总站|人力资源和社会保障部|公安部|内蒙古出入境边防检查总站|北京市公安局特勤局|北京铁路公安局,一级主任科员及以下|一级行政执法员（五）|一级警长及以下（一）|一级警长及以下（七）|一级警长及以下（五）|一级警长及以下（八）|一级警长及以下（六）|三亚海关缉私分局一级警长及以下
050241,世界语,本科(普通),,本科,文学,外国语言文学类,29.1,弱适配,2026国考职位表/中央机关及直属机构口径（第三方镜像）,51.0,0.0,51.0,0.0,0.0,0.0,100.0,0.0,0.0,主要靠专业大类/门类岗位,公安/移民/基层执法(45)；海关/边检(24)；交通海事民航铁路(10),71.0,58.42,0.0,3.0,5.9,234.67,13.0,25.5,14.54,32.0,62.7,83.98,3.0,5.9,21.0,17.0,68.0,0.0,68.0,limited,升学后中等潜力,主要来自专业类/学科门类宽口径匹配，报考前必须核官方专业目录。,可以考，但院校层级优势有限，更依赖岗位地区和限制条件。,岗位窗口较窄，建议只作为就业备选项。,不适合作为普通应用院校的考公主卖点。,上海出入境边防检查总站|上海市公安局特勤局|云南出入境边防检查总站|人力资源和社会保障部|公安部|内蒙古出入境边防检查总站|北京市公安局特勤局|北京铁路公安局,一级主任科员及以下|一级行政执法员（五）|一级警长及以下（一）|一级警长及以下（七）|一级警长及以下（五）|一级警长及以下（八）|一级警长及以下（六）|三亚海关缉私分局一级警长及以下
050242,孟加拉语,本科(普通),,本科,文学,外国语言文学类,29.1,弱适配,2026国考职位表/中央机关及直属机构口径（第三方镜像）,51.0,0.0,51.0,0.0,0.0,0.0,100.0,0.0,0.0,主要靠专业大类/门类岗位,公安/移民/基层执法(45)；海关/边检(24)；交通海事民航铁路(10),71.0,58.42,0.0,3.0,5.9,234.67,13.0,25.5,14.54,32.0,62.7,83.98,3.0,5.9,21.0,17.0,68.0,0.0,68.0,limited,升学后中等潜力,主要来自专业类/学科门类宽口径匹配，报考前必须核官方专业目录。,可以考，但院校层级优势有限，更依赖岗位地区和限制条件。,岗位窗口较窄，建议只作为就业备选项。,不适合作为普通应用院校的考公主卖点。,上海出入境边防检查总站|上海市公安局特勤局|云南出入境边防检查总站|人力资源和社会保障部|公安部|内蒙古出入境边防检查总站|北京市公安局特勤局|北京铁路公安局,一级主任科员及以下|一级行政执法员（五）|一级警长及以下（一）|一级警长及以下（七）|一级警长及以下（五）|一级警长及以下（八）|一级警长及以下（六）|三亚海关缉私分局一级警长及以下
050243,尼泊尔语,本科(普通),,本科,文学,外国语言文学类,40.3,中等适配,2026国考职位表/中央机关及直属机构口径（第三方镜像）,59.0,8.0,51.0,0.0,0.0,13.6,86.4,0.0,0.0,主要靠专业大类/门类岗位,公安/移民/基层执法(52)；海关/边检(31)；交通海事民航铁路(10),82.0,55.01,0.0,4.0,6.8,177.5,13.0,22.0,14.54,39.0,66.1,75.32,3.0,5.1,21.0,17.0,76.0,8.0,68.0,limited,升学后中等潜力,存在专业代码或专业名称精确匹配，并有直接学历兼容岗位。,可以考，但院校层级优势有限，更依赖岗位地区和限制条件。,可作为备选路径，适合叠加党员、基层项目、应届身份等条件。,可作为基层备选，但要靠地域、应届和限制条件放大机会。,上海出入境边防检查总站|上海市公安局特勤局|中央对外联络部|云南出入境边防检查总站|人力资源和社会保障部|公安部|内蒙古出入境边防检查总站|北京市公安局特勤局,一级主任科员及以下|一级行政执法员（五）|一级警长及以下（一）|一级警长及以下（七）|一级警长及以下（五）|一级警长及以下（八）|一级警长及以下（六）|三亚海关缉私分局一级警长及以下
050244,克罗地亚语,本科(普通),,本科,文学,外国语言文学类,29.1,弱适配,2026国考职位表/中央机关及直属机构口径（第三方镜像）,51.0,0.0,51.0,0.0,0.0,0.0,100.0,0.0,0.0,主要靠专业大类/门类岗位,公安/移民/基层执法(45)；海关/边检(24)；交通海事民航铁路(10),71.0,58.42,0.0,3.0,5.9,234.67,13.0,25.5,14.54,32.0,62.7,83.98,3.0,5.9,21.0,17.0,68.0,0.0,68.0,limited,升学后中等潜力,主要来自专业类/学科门类宽口径匹配，报考前必须核官方专业目录。,可以考，但院校层级优势有限，更依赖岗位地区和限制条件。,岗位窗口较窄，建议只作为就业备选项。,不适合作为普通应用院校的考公主卖点。,上海出入境边防检查总站|上海市公安局特勤局|云南出入境边防检查总站|人力资源和社会保障部|公安部|内蒙古出入境边防检查总站|北京市公安局特勤局|北京铁路公安局,一级主任科员及以下|一级行政执法员（五）|一级警长及以下（一）|一级警长及以下（七）|一级警长及以下（五）|一级警长及以下（八）|一级警长及以下（六）|三亚海关缉私分局一级警长及以下
050245,荷兰语,本科(普通),,本科,文学,外国语言文学类,29.1,弱适配,2026国考职位表/中央机关及直属机构口径（第三方镜像）,51.0,0.0,51.0,0.0,0.0,0.0,100.0,0.0,0.0,主要靠专业大类/门类岗位,公安/移民/基层执法(45)；海关/边检(24)；交通海事民航铁路(10),71.0,58.42,0.0,3.0,5.9,234.67,13.0,25.5,14.54,32.0,62.7,83.98,3.0,5.9,21.0,17.0,68.0,0.0,68.0,limited,升学后中等潜力,主要来自专业类/学科门类宽口径匹配，报考前必须核官方专业目录。,可以考，但院校层级优势有限，更依赖岗位地区和限制条件。,岗位窗口较窄，建议只作为就业备选项。,不适合作为普通应用院校的考公主卖点。,上海出入境边防检查总站|上海市公安局特勤局|云南出入境边防检查总站|人力资源和社会保障部|公安部|内蒙古出入境边防检查总站|北京市公安局特勤局|北京铁路公安局,一级主任科员及以下|一级行政执法员（五）|一级警长及以下（一）|一级警长及以下（七）|一级警长及以下（五）|一级警长及以下（八）|一级警长及以下（六）|三亚海关缉私分局一级警长及以下
050246,芬兰语,本科(普通),,本科,文学,外国语言文学类,29.1,弱适配,2026国考职位表/中央机关及直属机构口径（第三方镜像）,51.0,0.0,51.0,0.0,0.0,0.0,100.0,0.0,0.0,主要靠专业大类/门类岗位,公安/移民/基层执法(45)；海关/边检(24)；交通海事民航铁路(10),71.0,58.42,0.0,3.0,5.9,234.67,13.0,25.5,14.54,32.0,62.7,83.98,3.0,5.9,21.0,17.0,68.0,0.0,68.0,limited,升学后中等潜力,主要来自专业类/学科门类宽口径匹配，报考前必须核官方专业目录。,可以考，但院校层级优势有限，更依赖岗位地区和限制条件。,岗位窗口较窄，建议只作为就业备选项。,不适合作为普通应用院校的考公主卖点。,上海出入境边防检查总站|上海市公安局特勤局|云南出入境边防检查总站|人力资源和社会保障部|公安部|内蒙古出入境边防检查总站|北京市公安局特勤局|北京铁路公安局,一级主任科员及以下|一级行政执法员（五）|一级警长及以下（一）|一级警长及以下（七）|一级警长及以下（五）|一级警长及以下（八）|一级警长及以下（六）|三亚海关缉私分局一级警长及以下
050247,乌克兰语,本科(普通),,本科,文学,外国语言文学类,29.1,弱适配,2026国考职位表/中央机关及直属机构口径（第三方镜像）,51.0,0.0,51.0,0.0,0.0,0.0,100.0,0.0,0.0,主要靠专业大类/门类岗位,公安/移民/基层执法(45)；海关/边检(24)；交通海事民航铁路(10),71.0,58.42,0.0,3.0,5.9,234.67,13.0,25.5,14.54,32.0,62.7,83.98,3.0,5.9,21.0,17.0,68.0,0.0,68.0,limited,升学后中等潜力,主要来自专业类/学科门类宽口径匹配，报考前必须核官方专业目录。,可以考，但院校层级优势有限，更依赖岗位地区和限制条件。,岗位窗口较窄，建议只作为就业备选项。,不适合作为普通应用院校的考公主卖点。,上海出入境边防检查总站|上海市公安局特勤局|云南出入境边防检查总站|人力资源和社会保障部|公安部|内蒙古出入境边防检查总站|北京市公安局特勤局|北京铁路公安局,一级主任科员及以下|一级行政执法员（五）|一级警长及以下（一）|一级警长及以下（七）|一级警长及以下（五）|一级警长及以下（八）|一级警长及以下（六）|三亚海关缉私分局一级警长及以下
050248,挪威语,本科(普通),,本科,文学,外国语言文学类,29.1,弱适配,2026国考职位表/中央机关及直属机构口径（第三方镜像）,51.0,0.0,51.0,0.0,0.0,0.0,100.0,0.0,0.0,主要靠专业大类/门类岗位,公安/移民/基层执法(45)；海关/边检(24)；交通海事民航铁路(10),71.0,58.42,0.0,3.0,5.9,234.67,13.0,25.5,14.54,32.0,62.7,83.98,3.0,5.9,21.0,17.0,68.0,0.0,68.0,limited,升学后中等潜力,主要来自专业类/学科门类宽口径匹配，报考前必须核官方专业目录。,可以考，但院校层级优势有限，更依赖岗位地区和限制条件。,岗位窗口较窄，建议只作为就业备选项。,不适合作为普通应用院校的考公主卖点。,上海出入境边防检查总站|上海市公安局特勤局|云南出入境边防检查总站|人力资源和社会保障部|公安部|内蒙古出入境边防检查总站|北京市公安局特勤局|北京铁路公安局,一级主任科员及以下|一级行政执法员（五）|一级警长及以下（一）|一级警长及以下（七）|一级警长及以下（五）|一级警长及以下（八）|一级警长及以下（六）|三亚海关缉私分局一级警长及以下
050249,丹麦语,本科(普通),,本科,文学,外国语言文学类,29.1,弱适配,2026国考职位表/中央机关及直属机构口径（第三方镜像）,51.0,0.0,51.0,0.0,0.0,0.0,100.0,0.0,0.0,主要靠专业大类/门类岗位,公安/移民/基层执法(45)；海关/边检(24)；交通海事民航铁路(10),71.0,58.42,0.0,3.0,5.9,234.67,13.0,25.5,14.54,32.0,62.7,83.98,3.0,5.9,21.0,17.0,68.0,0.0,68.0,limited,升学后中等潜力,主要来自专业类/学科门类宽口径匹配，报考前必须核官方专业目录。,可以考，但院校层级优势有限，更依赖岗位地区和限制条件。,岗位窗口较窄，建议只作为就业备选项。,不适合作为普通应用院校的考公主卖点。,上海出入境边防检查总站|上海市公安局特勤局|云南出入境边防检查总站|人力资源和社会保障部|公安部|内蒙古出入境边防检查总站|北京市公安局特勤局|北京铁路公安局,一级主任科员及以下|一级行政执法员（五）|一级警长及以下（一）|一级警长及以下（七）|一级警长及以下（五）|一级警长及以下（八）|一级警长及以下（六）|三亚海关缉私分局一级警长及以下
050250,冰岛语,本科(普通),,本科,文学,外国语言文学类,29.1,弱适配,2026国考职位表/中央机关及直属机构口径（第三方镜像）,51.0,0.0,51.0,0.0,0.0,0.0,100.0,0.0,0.0,主要靠专业大类/门类岗位,公安/移民/基层执法(45)；海关/边检(24)；交通海事民航铁路(10),71.0,58.42,0.0,3.0,5.9,234.67,13.0,25.5,14.54,32.0,62.7,83.98,3.0,5.9,21.0,17.0,68.0,0.0,68.0,limited,升学后中等潜力,主要来自专业类/学科门类宽口径匹配，报考前必须核官方专业目录。,可以考，但院校层级优势有限，更依赖岗位地区和限制条件。,岗位窗口较窄，建议只作为就业备选项。,不适合作为普通应用院校的考公主卖点。,上海出入境边防检查总站|上海市公安局特勤局|云南出入境边防检查总站|人力资源和社会保障部|公安部|内蒙古出入境边防检查总站|北京市公安局特勤局|北京铁路公安局,一级主任科员及以下|一级行政执法员（五）|一级警长及以下（一）|一级警长及以下（七）|一级警长及以下（五）|一级警长及以下（八）|一级警长及以下（六）|三亚海关缉私分局一级警长及以下
050251,爱尔兰语,本科(普通),,本科,文学,外国语言文学类,29.1,弱适配,2026国考职位表/中央机关及直属机构口径（第三方镜像）,51.0,0.0,51.0,0.0,0.0,0.0,100.0,0.0,0.0,主要靠专业大类/门类岗位,公安/移民/基层执法(45)；海关/边检(24)；交通海事民航铁路(10),71.0,58.42,0.0,3.0,5.9,234.67,13.0,25.5,14.54,32.0,62.7,83.98,3.0,5.9,21.0,17.0,68.0,0.0,68.0,limited,升学后中等潜力,主要来自专业类/学科门类宽口径匹配，报考前必须核官方专业目录。,可以考，但院校层级优势有限，更依赖岗位地区和限制条件。,岗位窗口较窄，建议只作为就业备选项。,不适合作为普通应用院校的考公主卖点。,上海出入境边防检查总站|上海市公安局特勤局|云南出入境边防检查总站|人力资源和社会保障部|公安部|内蒙古出入境边防检查总站|北京市公安局特勤局|北京铁路公安局,一级主任科员及以下|一级行政执法员（五）|一级警长及以下（一）|一级警长及以下（七）|一级警长及以下（五）|一级警长及以下（八）|一级警长及以下（六）|三亚海关缉私分局一级警长及以下
050252,拉脱维亚语,本科(普通),,本科,文学,外国语言文学类,29.1,弱适配,2026国考职位表/中央机关及直属机构口径（第三方镜像）,51.0,0.0,51.0,0.0,0.0,0.0,100.0,0.0,0.0,主要靠专业大类/门类岗位,公安/移民/基层执法(45)；海关/边检(24)；交通海事民航铁路(10),71.0,58.42,0.0,3.0,5.9,234.67,13.0,25.5,14.54,32.0,62.7,83.98,3.0,5.9,21.0,17.0,68.0,0.0,68.0,limited,升学后中等潜力,主要来自专业类/学科门类宽口径匹配，报考前必须核官方专业目录。,可以考，但院校层级优势有限，更依赖岗位地区和限制条件。,岗位窗口较窄，建议只作为就业备选项。,不适合作为普通应用院校的考公主卖点。,上海出入境边防检查总站|上海市公安局特勤局|云南出入境边防检查总站|人力资源和社会保障部|公安部|内蒙古出入境边防检查总站|北京市公安局特勤局|北京铁路公安局,一级主任科员及以下|一级行政执法员（五）|一级警长及以下（一）|一级警长及以下（七）|一级警长及以下（五）|一级警长及以下（八）|一级警长及以下（六）|三亚海关缉私分局一级警长及以下
050253,立陶宛语,本科(普通),,本科,文学,外国语言文学类,29.1,弱适配,2026国考职位表/中央机关及直属机构口径（第三方镜像）,51.0,0.0,51.0,0.0,0.0,0.0,100.0,0.0,0.0,主要靠专业大类/门类岗位,公安/移民/基层执法(45)；海关/边检(24)；交通海事民航铁路(10),71.0,58.42,0.0,3.0,5.9,234.67,13.0,25.5,14.54,32.0,62.7,83.98,3.0,5.9,21.0,17.0,68.0,0.0,68.0,limited,升学后中等潜力,主要来自专业类/学科门类宽口径匹配，报考前必须核官方专业目录。,可以考，但院校层级优势有限，更依赖岗位地区和限制条件。,岗位窗口较窄，建议只作为就业备选项。,不适合作为普通应用院校的考公主卖点。,上海出入境边防检查总站|上海市公安局特勤局|云南出入境边防检查总站|人力资源和社会保障部|公安部|内蒙古出入境边防检查总站|北京市公安局特勤局|北京铁路公安局,一级主任科员及以下|一级行政执法员（五）|一级警长及以下（一）|一级警长及以下（七）|一级警长及以下（五）|一级警长及以下（八）|一级警长及以下（六）|三亚海关缉私分局一级警长及以下
050254,斯洛文尼亚语,本科(普通),,本科,文学,外国语言文学类,29.1,弱适配,2026国考职位表/中央机关及直属机构口径（第三方镜像）,51.0,0.0,51.0,0.0,0.0,0.0,100.0,0.0,0.0,主要靠专业大类/门类岗位,公安/移民/基层执法(45)；海关/边检(24)；交通海事民航铁路(10),71.0,58.42,0.0,3.0,5.9,234.67,13.0,25.5,14.54,32.0,62.7,83.98,3.0,5.9,21.0,17.0,68.0,0.0,68.0,limited,升学后中等潜力,主要来自专业类/学科门类宽口径匹配，报考前必须核官方专业目录。,可以考，但院校层级优势有限，更依赖岗位地区和限制条件。,岗位窗口较窄，建议只作为就业备选项。,不适合作为普通应用院校的考公主卖点。,上海出入境边防检查总站|上海市公安局特勤局|云南出入境边防检查总站|人力资源和社会保障部|公安部|内蒙古出入境边防检查总站|北京市公安局特勤局|北京铁路公安局,一级主任科员及以下|一级行政执法员（五）|一级警长及以下（一）|一级警长及以下（七）|一级警长及以下（五）|一级警长及以下（八）|一级警长及以下（六）|三亚海关缉私分局一级警长及以下
050255,爱沙尼亚语,本科(普通),,本科,文学,外国语言文学类,29.1,弱适配,2026国考职位表/中央机关及直属机构口径（第三方镜像）,51.0,0.0,51.0,0.0,0.0,0.0,100.0,0.0,0.0,主要靠专业大类/门类岗位,公安/移民/基层执法(45)；海关/边检(24)；交通海事民航铁路(10),71.0,58.42,0.0,3.0,5.9,234.67,13.0,25.5,14.54,32.0,62.7,83.98,3.0,5.9,21.0,17.0,68.0,0.0,68.0,limited,升学后中等潜力,主要来自专业类/学科门类宽口径匹配，报考前必须核官方专业目录。,可以考，但院校层级优势有限，更依赖岗位地区和限制条件。,岗位窗口较窄，建议只作为就业备选项。,不适合作为普通应用院校的考公主卖点。,上海出入境边防检查总站|上海市公安局特勤局|云南出入境边防检查总站|人力资源和社会保障部|公安部|内蒙古出入境边防检查总站|北京市公安局特勤局|北京铁路公安局,一级主任科员及以下|一级行政执法员（五）|一级警长及以下（一）|一级警长及以下（七）|一级警长及以下（五）|一级警长及以下（八）|一级警长及以下（六）|三亚海关缉私分局一级警长及以下
050256,马耳他语,本科(普通),,本科,文学,外国语言文学类,29.1,弱适配,2026国考职位表/中央机关及直属机构口径（第三方镜像）,51.0,0.0,51.0,0.0,0.0,0.0,100.0,0.0,0.0,主要靠专业大类/门类岗位,公安/移民/基层执法(45)；海关/边检(24)；交通海事民航铁路(10),71.0,58.42,0.0,3.0,5.9,234.67,13.0,25.5,14.54,32.0,62.7,83.98,3.0,5.9,21.0,17.0,68.0,0.0,68.0,limited,升学后中等潜力,主要来自专业类/学科门类宽口径匹配，报考前必须核官方专业目录。,可以考，但院校层级优势有限，更依赖岗位地区和限制条件。,岗位窗口较窄，建议只作为就业备选项。,不适合作为普通应用院校的考公主卖点。,上海出入境边防检查总站|上海市公安局特勤局|云南出入境边防检查总站|人力资源和社会保障部|公安部|内蒙古出入境边防检查总站|北京市公安局特勤局|北京铁路公安局,一级主任科员及以下|一级行政执法员（五）|一级警长及以下（一）|一级警长及以下（七）|一级警长及以下（五）|一级警长及以下（八）|一级警长及以下（六）|三亚海关缉私分局一级警长及以下
050257,哈萨克语,本科(普通),,本科,文学,外国语言文学类,32.5,弱适配,2026国考职位表/中央机关及直属机构口径（第三方镜像）,52.0,1.0,51.0,0.0,0.0,1.9,98.1,0.0,0.0,主要靠专业大类/门类岗位,公安/移民/基层执法(46)；海关/边检(25)；交通海事民航铁路(10),73.0,57.33,0.0,3.0,5.8,234.67,13.0,25.0,14.54,33.0,63.5,82.0,3.0,5.8,21.0,17.0,69.0,1.0,68.0,limited,升学后中等潜力,存在专业代码或专业名称精确匹配，并有直接学历兼容岗位。,可以考，但院校层级优势有限，更依赖岗位地区和限制条件。,岗位窗口较窄，建议只作为就业备选项。,不适合作为普通应用院校的考公主卖点。,上海出入境边防检查总站|上海市公安局特勤局|云南出入境边防检查总站|人力资源和社会保障部|公安部|内蒙古出入境边防检查总站|北京市公安局特勤局|北京铁路公安局,一级主任科员及以下|一级行政执法员（五）|一级警长及以下（一）|一级警长及以下（七）|一级警长及以下（五）|一级警长及以下（八）|一级警长及以下（六）|三亚海关缉私分局一级警长及以下
050258,乌兹别克语,本科(普通),,本科,文学,外国语言文学类,29.1,弱适配,2026国考职位表/中央机关及直属机构口径（第三方镜像）,51.0,0.0,51.0,0.0,0.0,0.0,100.0,0.0,0.0,主要靠专业大类/门类岗位,公安/移民/基层执法(45)；海关/边检(24)；交通海事民航铁路(10),71.0,58.42,0.0,3.0,5.9,234.67,13.0,25.5,14.54,32.0,62.7,83.98,3.0,5.9,21.0,17.0,68.0,0.0,68.0,limited,升学后中等潜力,主要来自专业类/学科门类宽口径匹配，报考前必须核官方专业目录。,可以考，但院校层级优势有限，更依赖岗位地区和限制条件。,岗位窗口较窄，建议只作为就业备选项。,不适合作为普通应用院校的考公主卖点。,上海出入境边防检查总站|上海市公安局特勤局|云南出入境边防检查总站|人力资源和社会保障部|公安部|内蒙古出入境边防检查总站|北京市公安局特勤局|北京铁路公安局,一级主任科员及以下|一级行政执法员（五）|一级警长及以下（一）|一级警长及以下（七）|一级警长及以下（五）|一级警长及以下（八）|一级警长及以下（六）|三亚海关缉私分局一级警长及以下
050259,祖鲁语,本科(普通),,本科,文学,外国语言文学类,29.1,弱适配,2026国考职位表/中央机关及直属机构口径（第三方镜像）,51.0,0.0,51.0,0.0,0.0,0.0,100.0,0.0,0.0,主要靠专业大类/门类岗位,公安/移民/基层执法(45)；海关/边检(24)；交通海事民航铁路(10),71.0,58.42,0.0,3.0,5.9,234.67,13.0,25.5,14.54,32.0,62.7,83.98,3.0,5.9,21.0,17.0,68.0,0.0,68.0,limited,升学后中等潜力,主要来自专业类/学科门类宽口径匹配，报考前必须核官方专业目录。,可以考，但院校层级优势有限，更依赖岗位地区和限制条件。,岗位窗口较窄，建议只作为就业备选项。,不适合作为普通应用院校的考公主卖点。,上海出入境边防检查总站|上海市公安局特勤局|云南出入境边防检查总站|人力资源和社会保障部|公安部|内蒙古出入境边防检查总站|北京市公安局特勤局|北京铁路公安局,一级主任科员及以下|一级行政执法员（五）|一级警长及以下（一）|一级警长及以下（七）|一级警长及以下（五）|一级警长及以下（八）|一级警长及以下（六）|三亚海关缉私分局一级警长及以下
050260,拉丁语,本科(普通),,本科,文学,外国语言文学类,29.1,弱适配,2026国考职位表/中央机关及直属机构口径（第三方镜像）,51.0,0.0,51.0,0.0,0.0,0.0,100.0,0.0,0.0,主要靠专业大类/门类岗位,公安/移民/基层执法(45)；海关/边检(24)；交通海事民航铁路(10),71.0,58.42,0.0,3.0,5.9,234.67,13.0,25.5,14.54,32.0,62.7,83.98,3.0,5.9,21.0,17.0,68.0,0.0,68.0,limited,升学后中等潜力,主要来自专业类/学科门类宽口径匹配，报考前必须核官方专业目录。,可以考，但院校层级优势有限，更依赖岗位地区和限制条件。,岗位窗口较窄，建议只作为就业备选项。,不适合作为普通应用院校的考公主卖点。,上海出入境边防检查总站|上海市公安局特勤局|云南出入境边防检查总站|人力资源和社会保障部|公安部|内蒙古出入境边防检查总站|北京市公安局特勤局|北京铁路公安局,一级主任科员及以下|一级行政执法员（五）|一级警长及以下（一）|一级警长及以下（七）|一级警长及以下（五）|一级警长及以下（八）|一级警长及以下（六）|三亚海关缉私分局一级警长及以下
050261,翻译,本科(普通),,本科,文学,外国语言文学类,47.8,中等适配,2026国考职位表/中央机关及直属机构口径（第三方镜像）,68.0,25.0,43.0,0.0,0.0,36.8,63.2,0.0,0.0,以对口岗位为主,公安/移民/基层执法(49)；海关/边检(39)；交通海事民航铁路(10),96.0,70.74,3.0,5.0,7.4,222.53,14.0,20.6,15.86,36.0,52.9,77.16,13.0,19.1,117.69,28.0,96.0,45.0,51.0,limited,升学后中等潜力,存在专业代码或专业名称精确匹配，并有直接学历兼容岗位。,可以考，但院校层级优势有限，更依赖岗位地区和限制条件。,可作为备选路径，适合叠加党员、基层项目、应届身份等条件。,可作为基层备选，但要靠地域、应届和限制条件放大机会。,上海出入境边防检查总站|上海市公安局特勤局|中国工程院|中国藏学研究中心|中国贸促会|云南出入境边防检查总站|人力资源和社会保障部|全国政协,一级主任科员及以下|一级主任科员及以下（英语七）|一级行政执法员（五）|一级警长及以下（一）|一级警长及以下（七）|一级警长及以下（五）|一级警长及以下（八）|一级警长及以下（六）
050262,商务英语,本科(普通),,本科,文学,外国语言文学类,61.7,较强适配,2026国考职位表/中央机关及直属机构口径（第三方镜像）,734.0,20.0,714.0,0.0,0.0,2.7,97.3,0.0,0.0,主要靠专业大类/门类岗位,税务系统(660)；公安/移民/基层执法(50)；海关/边检(47)；交通海事民航铁路(10),1455.0,101.62,384.0,3.0,0.4,234.67,27.0,3.7,120.93,50.0,6.8,94.84,654.0,89.1,127.07,24.0,758.0,23.0,735.0,medium,升学后中等潜力,存在专业代码或专业名称精确匹配，并有直接学历兼容岗位。,可以考，但院校层级优势有限，更依赖岗位地区和限制条件。,区域重点/特色院校可重点面向省市县税务、执法、市场监管和事业单位路径。,应用本科可走县区基层、行政执法和地方单位，学校层级不宜夸大。,上海出入境边防检查总站|上海市公安局特勤局|云南出入境边防检查总站|人力资源和社会保障部|公安部|内蒙古出入境边防检查总站|北京市公安局特勤局|北京铁路公安局,一级主任科员及以下|一级主任科员及以下（二）|一级主办及以下|一级主办及以下（一）|一级主办及以下（七）|一级主办及以下（三）|一级主办及以下（九）|一级主办及以下（二十二）
050263T,阿姆哈拉语,本科(普通),,本科,文学,外国语言文学类,29.1,弱适配,2026国考职位表/中央机关及直属机构口径（第三方镜像）,51.0,0.0,51.0,0.0,0.0,0.0,100.0,0.0,0.0,主要靠专业大类/门类岗位,公安/移民/基层执法(45)；海关/边检(24)；交通海事民航铁路(10),71.0,58.42,0.0,3.0,5.9,234.67,13.0,25.5,14.54,32.0,62.7,83.98,3.0,5.9,21.0,17.0,68.0,0.0,68.0,limited,升学后中等潜力,主要来自专业类/学科门类宽口径匹配，报考前必须核官方专业目录。,可以考，但院校层级优势有限，更依赖岗位地区和限制条件。,岗位窗口较窄，建议只作为就业备选项。,不适合作为普通应用院校的考公主卖点。,上海出入境边防检查总站|上海市公安局特勤局|云南出入境边防检查总站|人力资源和社会保障部|公安部|内蒙古出入境边防检查总站|北京市公安局特勤局|北京铁路公安局,一级主任科员及以下|一级行政执法员（五）|一级警长及以下（一）|一级警长及以下（七）|一级警长及以下（五）|一级警长及以下（八）|一级警长及以下（六）|三亚海关缉私分局一级警长及以下
050264T,吉尔吉斯语,本科(普通),,本科,文学,外国语言文学类,29.1,弱适配,2026国考职位表/中央机关及直属机构口径（第三方镜像）,51.0,0.0,51.0,0.0,0.0,0.0,100.0,0.0,0.0,主要靠专业大类/门类岗位,公安/移民/基层执法(45)；海关/边检(24)；交通海事民航铁路(10),71.0,58.42,0.0,3.0,5.9,234.67,13.0,25.5,14.54,32.0,62.7,83.98,3.0,5.9,21.0,17.0,68.0,0.0,68.0,limited,升学后中等潜力,主要来自专业类/学科门类宽口径匹配，报考前必须核官方专业目录。,可以考，但院校层级优势有限，更依赖岗位地区和限制条件。,岗位窗口较窄，建议只作为就业备选项。,不适合作为普通应用院校的考公主卖点。,上海出入境边防检查总站|上海市公安局特勤局|云南出入境边防检查总站|人力资源和社会保障部|公安部|内蒙古出入境边防检查总站|北京市公安局特勤局|北京铁路公安局,一级主任科员及以下|一级行政执法员（五）|一级警长及以下（一）|一级警长及以下（七）|一级警长及以下（五）|一级警长及以下（八）|一级警长及以下（六）|三亚海关缉私分局一级警长及以下
050265T,索马里语,本科(普通),,本科,文学,外国语言文学类,29.1,弱适配,2026国考职位表/中央机关及直属机构口径（第三方镜像）,51.0,0.0,51.0,0.0,0.0,0.0,100.0,0.0,0.0,主要靠专业大类/门类岗位,公安/移民/基层执法(45)；海关/边检(24)；交通海事民航铁路(10),71.0,58.42,0.0,3.0,5.9,234.67,13.0,25.5,14.54,32.0,62.7,83.98,3.0,5.9,21.0,17.0,68.0,0.0,68.0,limited,升学后中等潜力,主要来自专业类/学科门类宽口径匹配，报考前必须核官方专业目录。,可以考，但院校层级优势有限，更依赖岗位地区和限制条件。,岗位窗口较窄，建议只作为就业备选项。,不适合作为普通应用院校的考公主卖点。,上海出入境边防检查总站|上海市公安局特勤局|云南出入境边防检查总站|人力资源和社会保障部|公安部|内蒙古出入境边防检查总站|北京市公安局特勤局|北京铁路公安局,一级主任科员及以下|一级行政执法员（五）|一级警长及以下（一）|一级警长及以下（七）|一级警长及以下（五）|一级警长及以下（八）|一级警长及以下（六）|三亚海关缉私分局一级警长及以下
050266T,土库曼语,本科(普通),,本科,文学,外国语言文学类,29.1,弱适配,2026国考职位表/中央机关及直属机构口径（第三方镜像）,51.0,0.0,51.0,0.0,0.0,0.0,100.0,0.0,0.0,主要靠专业大类/门类岗位,公安/移民/基层执法(45)；海关/边检(24)；交通海事民航铁路(10),71.0,58.42,0.0,3.0,5.9,234.67,13.0,25.5,14.54,32.0,62.7,83.98,3.0,5.9,21.0,17.0,68.0,0.0,68.0,limited,升学后中等潜力,主要来自专业类/学科门类宽口径匹配，报考前必须核官方专业目录。,可以考，但院校层级优势有限，更依赖岗位地区和限制条件。,岗位窗口较窄，建议只作为就业备选项。,不适合作为普通应用院校的考公主卖点。,上海出入境边防检查总站|上海市公安局特勤局|云南出入境边防检查总站|人力资源和社会保障部|公安部|内蒙古出入境边防检查总站|北京市公安局特勤局|北京铁路公安局,一级主任科员及以下|一级行政执法员（五）|一级警长及以下（一）|一级警长及以下（七）|一级警长及以下（五）|一级警长及以下（八）|一级警长及以下（六）|三亚海关缉私分局一级警长及以下
050267T,加泰罗尼亚语,本科(普通),,本科,文学,外国语言文学类,29.1,弱适配,2026国考职位表/中央机关及直属机构口径（第三方镜像）,51.0,0.0,51.0,0.0,0.0,0.0,100.0,0.0,0.0,主要靠专业大类/门类岗位,公安/移民/基层执法(45)；海关/边检(24)；交通海事民航铁路(10),71.0,58.42,0.0,3.0,5.9,234.67,13.0,25.5,14.54,32.0,62.7,83.98,3.0,5.9,21.0,17.0,68.0,0.0,68.0,limited,升学后中等潜力,主要来自专业类/学科门类宽口径匹配，报考前必须核官方专业目录。,可以考，但院校层级优势有限，更依赖岗位地区和限制条件。,岗位窗口较窄，建议只作为就业备选项。,不适合作为普通应用院校的考公主卖点。,上海出入境边防检查总站|上海市公安局特勤局|云南出入境边防检查总站|人力资源和社会保障部|公安部|内蒙古出入境边防检查总站|北京市公安局特勤局|北京铁路公安局,一级主任科员及以下|一级行政执法员（五）|一级警长及以下（一）|一级警长及以下（七）|一级警长及以下（五）|一级警长及以下（八）|一级警长及以下（六）|三亚海关缉私分局一级警长及以下
050268T,约鲁巴语,本科(普通),,本科,文学,外国语言文学类,29.1,弱适配,2026国考职位表/中央机关及直属机构口径（第三方镜像）,51.0,0.0,51.0,0.0,0.0,0.0,100.0,0.0,0.0,主要靠专业大类/门类岗位,公安/移民/基层执法(45)；海关/边检(24)；交通海事民航铁路(10),71.0,58.42,0.0,3.0,5.9,234.67,13.0,25.5,14.54,32.0,62.7,83.98,3.0,5.9,21.0,17.0,68.0,0.0,68.0,limited,升学后中等潜力,主要来自专业类/学科门类宽口径匹配，报考前必须核官方专业目录。,可以考，但院校层级优势有限，更依赖岗位地区和限制条件。,岗位窗口较窄，建议只作为就业备选项。,不适合作为普通应用院校的考公主卖点。,上海出入境边防检查总站|上海市公安局特勤局|云南出入境边防检查总站|人力资源和社会保障部|公安部|内蒙古出入境边防检查总站|北京市公安局特勤局|北京铁路公安局,一级主任科员及以下|一级行政执法员（五）|一级警长及以下（一）|一级警长及以下（七）|一级警长及以下（五）|一级警长及以下（八）|一级警长及以下（六）|三亚海关缉私分局一级警长及以下
050269T,亚美尼亚语,本科(普通),,本科,文学,外国语言文学类,29.1,弱适配,2026国考职位表/中央机关及直属机构口径（第三方镜像）,51.0,0.0,51.0,0.0,0.0,0.0,100.0,0.0,0.0,主要靠专业大类/门类岗位,公安/移民/基层执法(45)；海关/边检(24)；交通海事民航铁路(10),71.0,58.42,0.0,3.0,5.9,234.67,13.0,25.5,14.54,32.0,62.7,83.98,3.0,5.9,21.0,17.0,68.0,0.0,68.0,limited,升学后中等潜力,主要来自专业类/学科门类宽口径匹配，报考前必须核官方专业目录。,可以考，但院校层级优势有限，更依赖岗位地区和限制条件。,岗位窗口较窄，建议只作为就业备选项。,不适合作为普通应用院校的考公主卖点。,上海出入境边防检查总站|上海市公安局特勤局|云南出入境边防检查总站|人力资源和社会保障部|公安部|内蒙古出入境边防检查总站|北京市公安局特勤局|北京铁路公安局,一级主任科员及以下|一级行政执法员（五）|一级警长及以下（一）|一级警长及以下（七）|一级警长及以下（五）|一级警长及以下（八）|一级警长及以下（六）|三亚海关缉私分局一级警长及以下
050270T,马达加斯加语,本科(普通),,本科,文学,外国语言文学类,29.1,弱适配,2026国考职位表/中央机关及直属机构口径（第三方镜像）,51.0,0.0,51.0,0.0,0.0,0.0,100.0,0.0,0.0,主要靠专业大类/门类岗位,公安/移民/基层执法(45)；海关/边检(24)；交通海事民航铁路(10),71.0,58.42,0.0,3.0,5.9,234.67,13.0,25.5,14.54,32.0,62.7,83.98,3.0,5.9,21.0,17.0,68.0,0.0,68.0,limited,升学后中等潜力,主要来自专业类/学科门类宽口径匹配，报考前必须核官方专业目录。,可以考，但院校层级优势有限，更依赖岗位地区和限制条件。,岗位窗口较窄，建议只作为就业备选项。,不适合作为普通应用院校的考公主卖点。,上海出入境边防检查总站|上海市公安局特勤局|云南出入境边防检查总站|人力资源和社会保障部|公安部|内蒙古出入境边防检查总站|北京市公安局特勤局|北京铁路公安局,一级主任科员及以下|一级行政执法员（五）|一级警长及以下（一）|一级警长及以下（七）|一级警长及以下（五）|一级警长及以下（八）|一级警长及以下（六）|三亚海关缉私分局一级警长及以下
050271T,格鲁吉亚语,本科(普通),,本科,文学,外国语言文学类,29.1,弱适配,2026国考职位表/中央机关及直属机构口径（第三方镜像）,51.0,0.0,51.0,0.0,0.0,0.0,100.0,0.0,0.0,主要靠专业大类/门类岗位,公安/移民/基层执法(45)；海关/边检(24)；交通海事民航铁路(10),71.0,58.42,0.0,3.0,5.9,234.67,13.0,25.5,14.54,32.0,62.7,83.98,3.0,5.9,21.0,17.0,68.0,0.0,68.0,limited,升学后中等潜力,主要来自专业类/学科门类宽口径匹配，报考前必须核官方专业目录。,可以考，但院校层级优势有限，更依赖岗位地区和限制条件。,岗位窗口较窄，建议只作为就业备选项。,不适合作为普通应用院校的考公主卖点。,上海出入境边防检查总站|上海市公安局特勤局|云南出入境边防检查总站|人力资源和社会保障部|公安部|内蒙古出入境边防检查总站|北京市公安局特勤局|北京铁路公安局,一级主任科员及以下|一级行政执法员（五）|一级警长及以下（一）|一级警长及以下（七）|一级警长及以下（五）|一级警长及以下（八）|一级警长及以下（六）|三亚海关缉私分局一级警长及以下
050272T,阿塞拜疆语,本科(普通),,本科,文学,外国语言文学类,29.1,弱适配,2026国考职位表/中央机关及直属机构口径（第三方镜像）,51.0,0.0,51.0,0.0,0.0,0.0,100.0,0.0,0.0,主要靠专业大类/门类岗位,公安/移民/基层执法(45)；海关/边检(24)；交通海事民航铁路(10),71.0,58.42,0.0,3.0,5.9,234.67,13.0,25.5,14.54,32.0,62.7,83.98,3.0,5.9,21.0,17.0,68.0,0.0,68.0,limited,升学后中等潜力,主要来自专业类/学科门类宽口径匹配，报考前必须核官方专业目录。,可以考，但院校层级优势有限，更依赖岗位地区和限制条件。,岗位窗口较窄，建议只作为就业备选项。,不适合作为普通应用院校的考公主卖点。,上海出入境边防检查总站|上海市公安局特勤局|云南出入境边防检查总站|人力资源和社会保障部|公安部|内蒙古出入境边防检查总站|北京市公安局特勤局|北京铁路公安局,一级主任科员及以下|一级行政执法员（五）|一级警长及以下（一）|一级警长及以下（七）|一级警长及以下（五）|一级警长及以下（八）|一级警长及以下（六）|三亚海关缉私分局一级警长及以下
050273T,阿非利卡语,本科(普通),,本科,文学,外国语言文学类,29.1,弱适配,2026国考职位表/中央机关及直属机构口径（第三方镜像）,51.0,0.0,51.0,0.0,0.0,0.0,100.0,0.0,0.0,主要靠专业大类/门类岗位,公安/移民/基层执法(45)；海关/边检(24)；交通海事民航铁路(10),71.0,58.42,0.0,3.0,5.9,234.67,13.0,25.5,14.54,32.0,62.7,83.98,3.0,5.9,21.0,17.0,68.0,0.0,68.0,limited,升学后中等潜力,主要来自专业类/学科门类宽口径匹配，报考前必须核官方专业目录。,可以考，但院校层级优势有限，更依赖岗位地区和限制条件。,岗位窗口较窄，建议只作为就业备选项。,不适合作为普通应用院校的考公主卖点。,上海出入境边防检查总站|上海市公安局特勤局|云南出入境边防检查总站|人力资源和社会保障部|公安部|内蒙古出入境边防检查总站|北京市公安局特勤局|北京铁路公安局,一级主任科员及以下|一级行政执法员（五）|一级警长及以下（一）|一级警长及以下（七）|一级警长及以下（五）|一级警长及以下（八）|一级警长及以下（六）|三亚海关缉私分局一级警长及以下
050274T,马其顿语,本科(普通),,本科,文学,外国语言文学类,29.1,弱适配,2026国考职位表/中央机关及直属机构口径（第三方镜像）,51.0,0.0,51.0,0.0,0.0,0.0,100.0,0.0,0.0,主要靠专业大类/门类岗位,公安/移民/基层执法(45)；海关/边检(24)；交通海事民航铁路(10),71.0,58.42,0.0,3.0,5.9,234.67,13.0,25.5,14.54,32.0,62.7,83.98,3.0,5.9,21.0,17.0,68.0,0.0,68.0,limited,升学后中等潜力,主要来自专业类/学科门类宽口径匹配，报考前必须核官方专业目录。,可以考，但院校层级优势有限，更依赖岗位地区和限制条件。,岗位窗口较窄，建议只作为就业备选项。,不适合作为普通应用院校的考公主卖点。,上海出入境边防检查总站|上海市公安局特勤局|云南出入境边防检查总站|人力资源和社会保障部|公安部|内蒙古出入境边防检查总站|北京市公安局特勤局|北京铁路公安局,一级主任科员及以下|一级行政执法员（五）|一级警长及以下（一）|一级警长及以下（七）|一级警长及以下（五）|一级警长及以下（八）|一级警长及以下（六）|三亚海关缉私分局一级警长及以下
050275T,塔吉克语,本科(普通),,本科,文学,外国语言文学类,29.1,弱适配,2026国考职位表/中央机关及直属机构口径（第三方镜像）,51.0,0.0,51.0,0.0,0.0,0.0,100.0,0.0,0.0,主要靠专业大类/门类岗位,公安/移民/基层执法(45)；海关/边检(24)；交通海事民航铁路(10),71.0,58.42,0.0,3.0,5.9,234.67,13.0,25.5,14.54,32.0,62.7,83.98,3.0,5.9,21.0,17.0,68.0,0.0,68.0,limited,升学后中等潜力,主要来自专业类/学科门类宽口径匹配，报考前必须核官方专业目录。,可以考，但院校层级优势有限，更依赖岗位地区和限制条件。,岗位窗口较窄，建议只作为就业备选项。,不适合作为普通应用院校的考公主卖点。,上海出入境边防检查总站|上海市公安局特勤局|云南出入境边防检查总站|人力资源和社会保障部|公安部|内蒙古出入境边防检查总站|北京市公安局特勤局|北京铁路公安局,一级主任科员及以下|一级行政执法员（五）|一级警长及以下（一）|一级警长及以下（七）|一级警长及以下（五）|一级警长及以下（八）|一级警长及以下（六）|三亚海关缉私分局一级警长及以下
050276T,茨瓦纳语,本科(普通),,本科,文学,外国语言文学类,29.1,弱适配,2026国考职位表/中央机关及直属机构口径（第三方镜像）,51.0,0.0,51.0,0.0,0.0,0.0,100.0,0.0,0.0,主要靠专业大类/门类岗位,公安/移民/基层执法(45)；海关/边检(24)；交通海事民航铁路(10),71.0,58.42,0.0,3.0,5.9,234.67,13.0,25.5,14.54,32.0,62.7,83.98,3.0,5.9,21.0,17.0,68.0,0.0,68.0,limited,升学后中等潜力,主要来自专业类/学科门类宽口径匹配，报考前必须核官方专业目录。,可以考，但院校层级优势有限，更依赖岗位地区和限制条件。,岗位窗口较窄，建议只作为就业备选项。,不适合作为普通应用院校的考公主卖点。,上海出入境边防检查总站|上海市公安局特勤局|云南出入境边防检查总站|人力资源和社会保障部|公安部|内蒙古出入境边防检查总站|北京市公安局特勤局|北京铁路公安局,一级主任科员及以下|一级行政执法员（五）|一级警长及以下（一）|一级警长及以下（七）|一级警长及以下（五）|一级警长及以下（八）|一级警长及以下（六）|三亚海关缉私分局一级警长及以下
050277T,恩德贝莱语,本科(普通),,本科,文学,外国语言文学类,29.1,弱适配,2026国考职位表/中央机关及直属机构口径（第三方镜像）,51.0,0.0,51.0,0.0,0.0,0.0,100.0,0.0,0.0,主要靠专业大类/门类岗位,公安/移民/基层执法(45)；海关/边检(24)；交通海事民航铁路(10),71.0,58.42,0.0,3.0,5.9,234.67,13.0,25.5,14.54,32.0,62.7,83.98,3.0,5.9,21.0,17.0,68.0,0.0,68.0,limited,升学后中等潜力,主要来自专业类/学科门类宽口径匹配，报考前必须核官方专业目录。,可以考，但院校层级优势有限，更依赖岗位地区和限制条件。,岗位窗口较窄，建议只作为就业备选项。,不适合作为普通应用院校的考公主卖点。,上海出入境边防检查总站|上海市公安局特勤局|云南出入境边防检查总站|人力资源和社会保障部|公安部|内蒙古出入境边防检查总站|北京市公安局特勤局|北京铁路公安局,一级主任科员及以下|一级行政执法员（五）|一级警长及以下（一）|一级警长及以下（七）|一级警长及以下（五）|一级警长及以下（八）|一级警长及以下（六）|三亚海关缉私分局一级警长及以下
050278T,科摩罗语,本科(普通),,本科,文学,外国语言文学类,29.1,弱适配,2026国考职位表/中央机关及直属机构口径（第三方镜像）,51.0,0.0,51.0,0.0,0.0,0.0,100.0,0.0,0.0,主要靠专业大类/门类岗位,公安/移民/基层执法(45)；海关/边检(24)；交通海事民航铁路(10),71.0,58.42,0.0,3.0,5.9,234.67,13.0,25.5,14.54,32.0,62.7,83.98,3.0,5.9,21.0,17.0,68.0,0.0,68.0,limited,升学后中等潜力,主要来自专业类/学科门类宽口径匹配，报考前必须核官方专业目录。,可以考，但院校层级优势有限，更依赖岗位地区和限制条件。,岗位窗口较窄，建议只作为就业备选项。,不适合作为普通应用院校的考公主卖点。,上海出入境边防检查总站|上海市公安局特勤局|云南出入境边防检查总站|人力资源和社会保障部|公安部|内蒙古出入境边防检查总站|北京市公安局特勤局|北京铁路公安局,一级主任科员及以下|一级行政执法员（五）|一级警长及以下（一）|一级警长及以下（七）|一级警长及以下（五）|一级警长及以下（八）|一级警长及以下（六）|三亚海关缉私分局一级警长及以下
050279T,克里奥尔语,本科(普通),,本科,文学,外国语言文学类,29.1,弱适配,2026国考职位表/中央机关及直属机构口径（第三方镜像）,51.0,0.0,51.0,0.0,0.0,0.0,100.0,0.0,0.0,主要靠专业大类/门类岗位,公安/移民/基层执法(45)；海关/边检(24)；交通海事民航铁路(10),71.0,58.42,0.0,3.0,5.9,234.67,13.0,25.5,14.54,32.0,62.7,83.98,3.0,5.9,21.0,17.0,68.0,0.0,68.0,limited,升学后中等潜力,主要来自专业类/学科门类宽口径匹配，报考前必须核官方专业目录。,可以考，但院校层级优势有限，更依赖岗位地区和限制条件。,岗位窗口较窄，建议只作为就业备选项。,不适合作为普通应用院校的考公主卖点。,上海出入境边防检查总站|上海市公安局特勤局|云南出入境边防检查总站|人力资源和社会保障部|公安部|内蒙古出入境边防检查总站|北京市公安局特勤局|北京铁路公安局,一级主任科员及以下|一级行政执法员（五）|一级警长及以下（一）|一级警长及以下（七）|一级警长及以下（五）|一级警长及以下（八）|一级警长及以下（六）|三亚海关缉私分局一级警长及以下
050280T,绍纳语,本科(普通),,本科,文学,外国语言文学类,29.1,弱适配,2026国考职位表/中央机关及直属机构口径（第三方镜像）,51.0,0.0,51.0,0.0,0.0,0.0,100.0,0.0,0.0,主要靠专业大类/门类岗位,公安/移民/基层执法(45)；海关/边检(24)；交通海事民航铁路(10),71.0,58.42,0.0,3.0,5.9,234.67,13.0,25.5,14.54,32.0,62.7,83.98,3.0,5.9,21.0,17.0,68.0,0.0,68.0,limited,升学后中等潜力,主要来自专业类/学科门类宽口径匹配，报考前必须核官方专业目录。,可以考，但院校层级优势有限，更依赖岗位地区和限制条件。,岗位窗口较窄，建议只作为就业备选项。,不适合作为普通应用院校的考公主卖点。,上海出入境边防检查总站|上海市公安局特勤局|云南出入境边防检查总站|人力资源和社会保障部|公安部|内蒙古出入境边防检查总站|北京市公安局特勤局|北京铁路公安局,一级主任科员及以下|一级行政执法员（五）|一级警长及以下（一）|一级警长及以下（七）|一级警长及以下（五）|一级警长及以下（八）|一级警长及以下（六）|三亚海关缉私分局一级警长及以下
050281T,提格雷尼亚语,本科(普通),,本科,文学,外国语言文学类,29.1,弱适配,2026国考职位表/中央机关及直属机构口径（第三方镜像）,51.0,0.0,51.0,0.0,0.0,0.0,100.0,0.0,0.0,主要靠专业大类/门类岗位,公安/移民/基层执法(45)；海关/边检(24)；交通海事民航铁路(10),71.0,58.42,0.0,3.0,5.9,234.67,13.0,25.5,14.54,32.0,62.7,83.98,3.0,5.9,21.0,17.0,68.0,0.0,68.0,limited,升学后中等潜力,主要来自专业类/学科门类宽口径匹配，报考前必须核官方专业目录。,可以考，但院校层级优势有限，更依赖岗位地区和限制条件。,岗位窗口较窄，建议只作为就业备选项。,不适合作为普通应用院校的考公主卖点。,上海出入境边防检查总站|上海市公安局特勤局|云南出入境边防检查总站|人力资源和社会保障部|公安部|内蒙古出入境边防检查总站|北京市公安局特勤局|北京铁路公安局,一级主任科员及以下|一级行政执法员（五）|一级警长及以下（一）|一级警长及以下（七）|一级警长及以下（五）|一级警长及以下（八）|一级警长及以下（六）|三亚海关缉私分局一级警长及以下
050282T,白俄罗斯语,本科(普通),,本科,文学,外国语言文学类,29.1,弱适配,2026国考职位表/中央机关及直属机构口径（第三方镜像）,51.0,0.0,51.0,0.0,0.0,0.0,100.0,0.0,0.0,主要靠专业大类/门类岗位,公安/移民/基层执法(45)；海关/边检(24)；交通海事民航铁路(10),71.0,58.42,0.0,3.0,5.9,234.67,13.0,25.5,14.54,32.0,62.7,83.98,3.0,5.9,21.0,17.0,68.0,0.0,68.0,limited,升学后中等潜力,主要来自专业类/学科门类宽口径匹配，报考前必须核官方专业目录。,可以考，但院校层级优势有限，更依赖岗位地区和限制条件。,岗位窗口较窄，建议只作为就业备选项。,不适合作为普通应用院校的考公主卖点。,上海出入境边防检查总站|上海市公安局特勤局|云南出入境边防检查总站|人力资源和社会保障部|公安部|内蒙古出入境边防检查总站|北京市公安局特勤局|北京铁路公安局,一级主任科员及以下|一级行政执法员（五）|一级警长及以下（一）|一级警长及以下（七）|一级警长及以下（五）|一级警长及以下（八）|一级警长及以下（六）|三亚海关缉私分局一级警长及以下
050283T,毛利语,本科(普通),,本科,文学,外国语言文学类,29.1,弱适配,2026国考职位表/中央机关及直属机构口径（第三方镜像）,51.0,0.0,51.0,0.0,0.0,0.0,100.0,0.0,0.0,主要靠专业大类/门类岗位,公安/移民/基层执法(45)；海关/边检(24)；交通海事民航铁路(10),71.0,58.42,0.0,3.0,5.9,234.67,13.0,25.5,14.54,32.0,62.7,83.98,3.0,5.9,21.0,17.0,68.0,0.0,68.0,limited,升学后中等潜力,主要来自专业类/学科门类宽口径匹配，报考前必须核官方专业目录。,可以考，但院校层级优势有限，更依赖岗位地区和限制条件。,岗位窗口较窄，建议只作为就业备选项。,不适合作为普通应用院校的考公主卖点。,上海出入境边防检查总站|上海市公安局特勤局|云南出入境边防检查总站|人力资源和社会保障部|公安部|内蒙古出入境边防检查总站|北京市公安局特勤局|北京铁路公安局,一级主任科员及以下|一级行政执法员（五）|一级警长及以下（一）|一级警长及以下（七）|一级警长及以下（五）|一级警长及以下（八）|一级警长及以下（六）|三亚海关缉私分局一级警长及以下
050284T,汤加语,本科(普通),,本科,文学,外国语言文学类,29.1,弱适配,2026国考职位表/中央机关及直属机构口径（第三方镜像）,51.0,0.0,51.0,0.0,0.0,0.0,100.0,0.0,0.0,主要靠专业大类/门类岗位,公安/移民/基层执法(45)；海关/边检(24)；交通海事民航铁路(10),71.0,58.42,0.0,3.0,5.9,234.67,13.0,25.5,14.54,32.0,62.7,83.98,3.0,5.9,21.0,17.0,68.0,0.0,68.0,limited,升学后中等潜力,主要来自专业类/学科门类宽口径匹配，报考前必须核官方专业目录。,可以考，但院校层级优势有限，更依赖岗位地区和限制条件。,岗位窗口较窄，建议只作为就业备选项。,不适合作为普通应用院校的考公主卖点。,上海出入境边防检查总站|上海市公安局特勤局|云南出入境边防检查总站|人力资源和社会保障部|公安部|内蒙古出入境边防检查总站|北京市公安局特勤局|北京铁路公安局,一级主任科员及以下|一级行政执法员（五）|一级警长及以下（一）|一级警长及以下（七）|一级警长及以下（五）|一级警长及以下（八）|一级警长及以下（六）|三亚海关缉私分局一级警长及以下
050285T,萨摩亚语,本科(普通),,本科,文学,外国语言文学类,29.1,弱适配,2026国考职位表/中央机关及直属机构口径（第三方镜像）,51.0,0.0,51.0,0.0,0.0,0.0,100.0,0.0,0.0,主要靠专业大类/门类岗位,公安/移民/基层执法(45)；海关/边检(24)；交通海事民航铁路(10),71.0,58.42,0.0,3.0,5.9,234.67,13.0,25.5,14.54,32.0,62.7,83.98,3.0,5.9,21.0,17.0,68.0,0.0,68.0,limited,升学后中等潜力,主要来自专业类/学科门类宽口径匹配，报考前必须核官方专业目录。,可以考，但院校层级优势有限，更依赖岗位地区和限制条件。,岗位窗口较窄，建议只作为就业备选项。,不适合作为普通应用院校的考公主卖点。,上海出入境边防检查总站|上海市公安局特勤局|云南出入境边防检查总站|人力资源和社会保障部|公安部|内蒙古出入境边防检查总站|北京市公安局特勤局|北京铁路公安局,一级主任科员及以下|一级行政执法员（五）|一级警长及以下（一）|一级警长及以下（七）|一级警长及以下（五）|一级警长及以下（八）|一级警长及以下（六）|三亚海关缉私分局一级警长及以下
050286T,库尔德语,本科(普通),,本科,文学,外国语言文学类,29.1,弱适配,2026国考职位表/中央机关及直属机构口径（第三方镜像）,51.0,0.0,51.0,0.0,0.0,0.0,100.0,0.0,0.0,主要靠专业大类/门类岗位,公安/移民/基层执法(45)；海关/边检(24)；交通海事民航铁路(10),71.0,58.42,0.0,3.0,5.9,234.67,13.0,25.5,14.54,32.0,62.7,83.98,3.0,5.9,21.0,17.0,68.0,0.0,68.0,limited,升学后中等潜力,主要来自专业类/学科门类宽口径匹配，报考前必须核官方专业目录。,可以考，但院校层级优势有限，更依赖岗位地区和限制条件。,岗位窗口较窄，建议只作为就业备选项。,不适合作为普通应用院校的考公主卖点。,上海出入境边防检查总站|上海市公安局特勤局|云南出入境边防检查总站|人力资源和社会保障部|公安部|内蒙古出入境边防检查总站|北京市公安局特勤局|北京铁路公安局,一级主任科员及以下|一级行政执法员（五）|一级警长及以下（一）|一级警长及以下（七）|一级警长及以下（五）|一级警长及以下（八）|一级警长及以下（六）|三亚海关缉私分局一级警长及以下
050287T,比斯拉马语,本科(普通),,本科,文学,外国语言文学类,29.1,弱适配,2026国考职位表/中央机关及直属机构口径（第三方镜像）,51.0,0.0,51.0,0.0,0.0,0.0,100.0,0.0,0.0,主要靠专业大类/门类岗位,公安/移民/基层执法(45)；海关/边检(24)；交通海事民航铁路(10),71.0,58.42,0.0,3.0,5.9,234.67,13.0,25.5,14.54,32.0,62.7,83.98,3.0,5.9,21.0,17.0,68.0,0.0,68.0,limited,升学后中等潜力,主要来自专业类/学科门类宽口径匹配，报考前必须核官方专业目录。,可以考，但院校层级优势有限，更依赖岗位地区和限制条件。,岗位窗口较窄，建议只作为就业备选项。,不适合作为普通应用院校的考公主卖点。,上海出入境边防检查总站|上海市公安局特勤局|云南出入境边防检查总站|人力资源和社会保障部|公安部|内蒙古出入境边防检查总站|北京市公安局特勤局|北京铁路公安局,一级主任科员及以下|一级行政执法员（五）|一级警长及以下（一）|一级警长及以下（七）|一级警长及以下（五）|一级警长及以下（八）|一级警长及以下（六）|三亚海关缉私分局一级警长及以下
050288T,达里语,本科(普通),,本科,文学,外国语言文学类,29.1,弱适配,2026国考职位表/中央机关及直属机构口径（第三方镜像）,51.0,0.0,51.0,0.0,0.0,0.0,100.0,0.0,0.0,主要靠专业大类/门类岗位,公安/移民/基层执法(45)；海关/边检(24)；交通海事民航铁路(10),71.0,58.42,0.0,3.0,5.9,234.67,13.0,25.5,14.54,32.0,62.7,83.98,3.0,5.9,21.0,17.0,68.0,0.0,68.0,limited,升学后中等潜力,主要来自专业类/学科门类宽口径匹配，报考前必须核官方专业目录。,可以考，但院校层级优势有限，更依赖岗位地区和限制条件。,岗位窗口较窄，建议只作为就业备选项。,不适合作为普通应用院校的考公主卖点。,上海出入境边防检查总站|上海市公安局特勤局|云南出入境边防检查总站|人力资源和社会保障部|公安部|内蒙古出入境边防检查总站|北京市公安局特勤局|北京铁路公安局,一级主任科员及以下|一级行政执法员（五）|一级警长及以下（一）|一级警长及以下（七）|一级警长及以下（五）|一级警长及以下（八）|一级警长及以下（六）|三亚海关缉私分局一级警长及以下
050289T,德顿语,本科(普通),,本科,文学,外国语言文学类,29.1,弱适配,2026国考职位表/中央机关及直属机构口径（第三方镜像）,51.0,0.0,51.0,0.0,0.0,0.0,100.0,0.0,0.0,主要靠专业大类/门类岗位,公安/移民/基层执法(45)；海关/边检(24)；交通海事民航铁路(10),71.0,58.42,0.0,3.0,5.9,234.67,13.0,25.5,14.54,32.0,62.7,83.98,3.0,5.9,21.0,17.0,68.0,0.0,68.0,limited,升学后中等潜力,主要来自专业类/学科门类宽口径匹配，报考前必须核官方专业目录。,可以考，但院校层级优势有限，更依赖岗位地区和限制条件。,岗位窗口较窄，建议只作为就业备选项。,不适合作为普通应用院校的考公主卖点。,上海出入境边防检查总站|上海市公安局特勤局|云南出入境边防检查总站|人力资源和社会保障部|公安部|内蒙古出入境边防检查总站|北京市公安局特勤局|北京铁路公安局,一级主任科员及以下|一级行政执法员（五）|一级警长及以下（一）|一级警长及以下（七）|一级警长及以下（五）|一级警长及以下（八）|一级警长及以下（六）|三亚海关缉私分局一级警长及以下
050290T,迪维希语,本科(普通),,本科,文学,外国语言文学类,29.1,弱适配,2026国考职位表/中央机关及直属机构口径（第三方镜像）,51.0,0.0,51.0,0.0,0.0,0.0,100.0,0.0,0.0,主要靠专业大类/门类岗位,公安/移民/基层执法(45)；海关/边检(24)；交通海事民航铁路(10),71.0,58.42,0.0,3.0,5.9,234.67,13.0,25.5,14.54,32.0,62.7,83.98,3.0,5.9,21.0,17.0,68.0,0.0,68.0,limited,升学后中等潜力,主要来自专业类/学科门类宽口径匹配，报考前必须核官方专业目录。,可以考，但院校层级优势有限，更依赖岗位地区和限制条件。,岗位窗口较窄，建议只作为就业备选项。,不适合作为普通应用院校的考公主卖点。,上海出入境边防检查总站|上海市公安局特勤局|云南出入境边防检查总站|人力资源和社会保障部|公安部|内蒙古出入境边防检查总站|北京市公安局特勤局|北京铁路公安局,一级主任科员及以下|一级行政执法员（五）|一级警长及以下（一）|一级警长及以下（七）|一级警长及以下（五）|一级警长及以下（八）|一级警长及以下（六）|三亚海关缉私分局一级警长及以下
050291T,斐济语,本科(普通),,本科,文学,外国语言文学类,29.1,弱适配,2026国考职位表/中央机关及直属机构口径（第三方镜像）,51.0,0.0,51.0,0.0,0.0,0.0,100.0,0.0,0.0,主要靠专业大类/门类岗位,公安/移民/基层执法(45)；海关/边检(24)；交通海事民航铁路(10),71.0,58.42,0.0,3.0,5.9,234.67,13.0,25.5,14.54,32.0,62.7,83.98,3.0,5.9,21.0,17.0,68.0,0.0,68.0,limited,升学后中等潜力,主要来自专业类/学科门类宽口径匹配，报考前必须核官方专业目录。,可以考，但院校层级优势有限，更依赖岗位地区和限制条件。,岗位窗口较窄，建议只作为就业备选项。,不适合作为普通应用院校的考公主卖点。,上海出入境边防检查总站|上海市公安局特勤局|云南出入境边防检查总站|人力资源和社会保障部|公安部|内蒙古出入境边防检查总站|北京市公安局特勤局|北京铁路公安局,一级主任科员及以下|一级行政执法员（五）|一级警长及以下（一）|一级警长及以下（七）|一级警长及以下（五）|一级警长及以下（八）|一级警长及以下（六）|三亚海关缉私分局一级警长及以下
050292T,库克群岛毛利语,本科(普通),,本科,文学,外国语言文学类,29.1,弱适配,2026国考职位表/中央机关及直属机构口径（第三方镜像）,51.0,0.0,51.0,0.0,0.0,0.0,100.0,0.0,0.0,主要靠专业大类/门类岗位,公安/移民/基层执法(45)；海关/边检(24)；交通海事民航铁路(10),71.0,58.42,0.0,3.0,5.9,234.67,13.0,25.5,14.54,32.0,62.7,83.98,3.0,5.9,21.0,17.0,68.0,0.0,68.0,limited,升学后中等潜力,主要来自专业类/学科门类宽口径匹配，报考前必须核官方专业目录。,可以考，但院校层级优势有限，更依赖岗位地区和限制条件。,岗位窗口较窄，建议只作为就业备选项。,不适合作为普通应用院校的考公主卖点。,上海出入境边防检查总站|上海市公安局特勤局|云南出入境边防检查总站|人力资源和社会保障部|公安部|内蒙古出入境边防检查总站|北京市公安局特勤局|北京铁路公安局,一级主任科员及以下|一级行政执法员（五）|一级警长及以下（一）|一级警长及以下（七）|一级警长及以下（五）|一级警长及以下（八）|一级警长及以下（六）|三亚海关缉私分局一级警长及以下
050293T,隆迪语,本科(普通),,本科,文学,外国语言文学类,29.1,弱适配,2026国考职位表/中央机关及直属机构口径（第三方镜像）,51.0,0.0,51.0,0.0,0.0,0.0,100.0,0.0,0.0,主要靠专业大类/门类岗位,公安/移民/基层执法(45)；海关/边检(24)；交通海事民航铁路(10),71.0,58.42,0.0,3.0,5.9,234.67,13.0,25.5,14.54,32.0,62.7,83.98,3.0,5.9,21.0,17.0,68.0,0.0,68.0,limited,升学后中等潜力,主要来自专业类/学科门类宽口径匹配，报考前必须核官方专业目录。,可以考，但院校层级优势有限，更依赖岗位地区和限制条件。,岗位窗口较窄，建议只作为就业备选项。,不适合作为普通应用院校的考公主卖点。,上海出入境边防检查总站|上海市公安局特勤局|云南出入境边防检查总站|人力资源和社会保障部|公安部|内蒙古出入境边防检查总站|北京市公安局特勤局|北京铁路公安局,一级主任科员及以下|一级行政执法员（五）|一级警长及以下（一）|一级警长及以下（七）|一级警长及以下（五）|一级警长及以下（八）|一级警长及以下（六）|三亚海关缉私分局一级警长及以下
050294T,卢森堡语,本科(普通),,本科,文学,外国语言文学类,29.1,弱适配,2026国考职位表/中央机关及直属机构口径（第三方镜像）,51.0,0.0,51.0,0.0,0.0,0.0,100.0,0.0,0.0,主要靠专业大类/门类岗位,公安/移民/基层执法(45)；海关/边检(24)；交通海事民航铁路(10),71.0,58.42,0.0,3.0,5.9,234.67,13.0,25.5,14.54,32.0,62.7,83.98,3.0,5.9,21.0,17.0,68.0,0.0,68.0,limited,升学后中等潜力,主要来自专业类/学科门类宽口径匹配，报考前必须核官方专业目录。,可以考，但院校层级优势有限，更依赖岗位地区和限制条件。,岗位窗口较窄，建议只作为就业备选项。,不适合作为普通应用院校的考公主卖点。,上海出入境边防检查总站|上海市公安局特勤局|云南出入境边防检查总站|人力资源和社会保障部|公安部|内蒙古出入境边防检查总站|北京市公安局特勤局|北京铁路公安局,一级主任科员及以下|一级行政执法员（五）|一级警长及以下（一）|一级警长及以下（七）|一级警长及以下（五）|一级警长及以下（八）|一级警长及以下（六）|三亚海关缉私分局一级警长及以下
050295T,卢旺达语,本科(普通),,本科,文学,外国语言文学类,29.1,弱适配,2026国考职位表/中央机关及直属机构口径（第三方镜像）,51.0,0.0,51.0,0.0,0.0,0.0,100.0,0.0,0.0,主要靠专业大类/门类岗位,公安/移民/基层执法(45)；海关/边检(24)；交通海事民航铁路(10),71.0,58.42,0.0,3.0,5.9,234.67,13.0,25.5,14.54,32.0,62.7,83.98,3.0,5.9,21.0,17.0,68.0,0.0,68.0,limited,升学后中等潜力,主要来自专业类/学科门类宽口径匹配，报考前必须核官方专业目录。,可以考，但院校层级优势有限，更依赖岗位地区和限制条件。,岗位窗口较窄，建议只作为就业备选项。,不适合作为普通应用院校的考公主卖点。,上海出入境边防检查总站|上海市公安局特勤局|云南出入境边防检查总站|人力资源和社会保障部|公安部|内蒙古出入境边防检查总站|北京市公安局特勤局|北京铁路公安局,一级主任科员及以下|一级行政执法员（五）|一级警长及以下（一）|一级警长及以下（七）|一级警长及以下（五）|一级警长及以下（八）|一级警长及以下（六）|三亚海关缉私分局一级警长及以下
050296T,纽埃语,本科(普通),,本科,文学,外国语言文学类,29.1,弱适配,2026国考职位表/中央机关及直属机构口径（第三方镜像）,51.0,0.0,51.0,0.0,0.0,0.0,100.0,0.0,0.0,主要靠专业大类/门类岗位,公安/移民/基层执法(45)；海关/边检(24)；交通海事民航铁路(10),71.0,58.42,0.0,3.0,5.9,234.67,13.0,25.5,14.54,32.0,62.7,83.98,3.0,5.9,21.0,17.0,68.0,0.0,68.0,limited,升学后中等潜力,主要来自专业类/学科门类宽口径匹配，报考前必须核官方专业目录。,可以考，但院校层级优势有限，更依赖岗位地区和限制条件。,岗位窗口较窄，建议只作为就业备选项。,不适合作为普通应用院校的考公主卖点。,上海出入境边防检查总站|上海市公安局特勤局|云南出入境边防检查总站|人力资源和社会保障部|公安部|内蒙古出入境边防检查总站|北京市公安局特勤局|北京铁路公安局,一级主任科员及以下|一级行政执法员（五）|一级警长及以下（一）|一级警长及以下（七）|一级警长及以下（五）|一级警长及以下（八）|一级警长及以下（六）|三亚海关缉私分局一级警长及以下
050297T,皮金语,本科(普通),,本科,文学,外国语言文学类,29.1,弱适配,2026国考职位表/中央机关及直属机构口径（第三方镜像）,51.0,0.0,51.0,0.0,0.0,0.0,100.0,0.0,0.0,主要靠专业大类/门类岗位,公安/移民/基层执法(45)；海关/边检(24)；交通海事民航铁路(10),71.0,58.42,0.0,3.0,5.9,234.67,13.0,25.5,14.54,32.0,62.7,83.98,3.0,5.9,21.0,17.0,68.0,0.0,68.0,limited,升学后中等潜力,主要来自专业类/学科门类宽口径匹配，报考前必须核官方专业目录。,可以考，但院校层级优势有限，更依赖岗位地区和限制条件。,岗位窗口较窄，建议只作为就业备选项。,不适合作为普通应用院校的考公主卖点。,上海出入境边防检查总站|上海市公安局特勤局|云南出入境边防检查总站|人力资源和社会保障部|公安部|内蒙古出入境边防检查总站|北京市公安局特勤局|北京铁路公安局,一级主任科员及以下|一级行政执法员（五）|一级警长及以下（一）|一级警长及以下（七）|一级警长及以下（五）|一级警长及以下（八）|一级警长及以下（六）|三亚海关缉私分局一级警长及以下
050298T,切瓦语,本科(普通),,本科,文学,外国语言文学类,29.1,弱适配,2026国考职位表/中央机关及直属机构口径（第三方镜像）,51.0,0.0,51.0,0.0,0.0,0.0,100.0,0.0,0.0,主要靠专业大类/门类岗位,公安/移民/基层执法(45)；海关/边检(24)；交通海事民航铁路(10),71.0,58.42,0.0,3.0,5.9,234.67,13.0,25.5,14.54,32.0,62.7,83.98,3.0,5.9,21.0,17.0,68.0,0.0,68.0,limited,升学后中等潜力,主要来自专业类/学科门类宽口径匹配，报考前必须核官方专业目录。,可以考，但院校层级优势有限，更依赖岗位地区和限制条件。,岗位窗口较窄，建议只作为就业备选项。,不适合作为普通应用院校的考公主卖点。,上海出入境边防检查总站|上海市公安局特勤局|云南出入境边防检查总站|人力资源和社会保障部|公安部|内蒙古出入境边防检查总站|北京市公安局特勤局|北京铁路公安局,一级主任科员及以下|一级行政执法员（五）|一级警长及以下（一）|一级警长及以下（七）|一级警长及以下（五）|一级警长及以下（八）|一级警长及以下（六）|三亚海关缉私分局一级警长及以下
050299T,塞苏陀语,本科(普通),,本科,文学,外国语言文学类,29.1,弱适配,2026国考职位表/中央机关及直属机构口径（第三方镜像）,51.0,0.0,51.0,0.0,0.0,0.0,100.0,0.0,0.0,主要靠专业大类/门类岗位,公安/移民/基层执法(45)；海关/边检(24)；交通海事民航铁路(10),71.0,58.42,0.0,3.0,5.9,234.67,13.0,25.5,14.54,32.0,62.7,83.98,3.0,5.9,21.0,17.0,68.0,0.0,68.0,limited,升学后中等潜力,主要来自专业类/学科门类宽口径匹配，报考前必须核官方专业目录。,可以考，但院校层级优势有限，更依赖岗位地区和限制条件。,岗位窗口较窄，建议只作为就业备选项。,不适合作为普通应用院校的考公主卖点。,上海出入境边防检查总站|上海市公安局特勤局|云南出入境边防检查总站|人力资源和社会保障部|公安部|内蒙古出入境边防检查总站|北京市公安局特勤局|北京铁路公安局,一级主任科员及以下|一级行政执法员（五）|一级警长及以下（一）|一级警长及以下（七）|一级警长及以下（五）|一级警长及以下（八）|一级警长及以下（六）|三亚海关缉私分局一级警长及以下
050302,广播电视学,本科(普通),,本科,文学,新闻传播学类,64.0,较强适配,2026国考职位表/中央机关及直属机构口径（第三方镜像）,2195.0,6.0,2189.0,0.0,0.0,0.3,99.7,0.0,0.0,主要靠专业大类/门类岗位,税务系统(2019)；财政审计金融监管(70)；公安/移民/基层执法(69)；海关/边检(40)；交通海事民航铁路(26)；统计调查(10),4160.0,104.71,1301.0,7.0,0.3,436.19,29.0,1.3,121.07,138.0,6.3,115.5,2021.0,92.1,121.05,82.0,2277.0,6.0,2271.0,high,升学后中等潜力,存在专业代码或专业名称精确匹配，并有直接学历兼容岗位。,头部院校优势主要体现在保研/读研后进入更高层级岗位。,区域重点/特色院校可重点面向省市县税务、执法、市场监管和事业单位路径。,应用本科可走县区基层、行政执法和地方单位，学校层级不宜夸大。,上海出入境边防检查总站|上海市公安局特勤局|东北虎豹国家公园管理局|中国井冈山干部学院|中国人民银行吉林省分行|中国人民银行四川省分行|中国人民银行宁夏回族自治区分行|中国人民银行安徽省分行,一处一级主任科员及以下|一级主任科员及以下|一级主任科员及以下（二）|一级主办及以下|一级主办及以下（一）|一级主办及以下（七）|一级主办及以下（三）|一级主办及以下（九）
050303,广告学,本科(普通),,本科,文学,新闻传播学类,59.9,较强适配,2026国考职位表/中央机关及直属机构口径（第三方镜像）,2191.0,2.0,2189.0,0.0,0.0,0.1,99.9,0.0,0.0,主要靠专业大类/门类岗位,税务系统(2019)；公安/移民/基层执法(70)；财政审计金融监管(70)；海关/边检(38)；交通海事民航铁路(26)；统计调查(10),4161.0,104.41,1300.0,6.0,0.3,446.72,29.0,1.3,121.07,138.0,6.3,111.79,2018.0,92.1,121.11,82.0,2273.0,2.0,2271.0,high,升学后中等潜力,存在专业代码或专业名称精确匹配，并有直接学历兼容岗位。,头部院校优势主要体现在保研/读研后进入更高层级岗位。,区域重点/特色院校可重点面向省市县税务、执法、市场监管和事业单位路径。,应用本科可走县区基层、行政执法和地方单位，学校层级不宜夸大。,上海出入境边防检查总站|上海市公安局特勤局|东北虎豹国家公园管理局|中国井冈山干部学院|中国人民银行吉林省分行|中国人民银行四川省分行|中国人民银行宁夏回族自治区分行|中国人民银行安徽省分行,一处一级主任科员及以下|一级主任科员及以下|一级主任科员及以下（二）|一级主办及以下|一级主办及以下（一）|一级主办及以下（七）|一级主办及以下（三）|一级主办及以下（九）
050304,传播学,本科(普通),,本科,文学,新闻传播学类,76.7,强适配,2026国考职位表/中央机关及直属机构口径（第三方镜像）,2244.0,95.0,2149.0,0.0,0.0,4.2,95.8,0.0,0.0,主要靠专业大类/门类岗位,税务系统(2019)；海关/边检(74)；公安/移民/基层执法(72)；财政审计金融监管(71)；交通海事民航铁路(28)；统计调查(16),4217.0,105.86,1318.0,8.0,0.4,395.04,30.0,1.3,119.72,150.0,6.7,112.14,2056.0,91.6,123.6,99.0,2343.0,141.0,2202.0,high,升学后中等潜力,存在专业代码或专业名称精确匹配，并有直接学历兼容岗位。,头部院校可把该专业作为中央/省级机关、选调和研究生岗位的主赛道之一。,区域重点/特色院校可重点面向省市县税务、执法、市场监管和事业单位路径。,应用本科可走县区基层、行政执法和地方单位，学校层级不宜夸大。,上海出入境边防检查总站|上海市公安局特勤局|上海海关|东北虎豹国家公园管理局|中国井冈山干部学院|中国人民银行吉林省分行|中国人民银行四川省分行|中国人民银行宁夏回族自治区分行,一处一级主任科员及以下|一级主任科员及以下|一级主任科员及以下（二）|一级主办及以下|一级主办及以下（一）|一级主办及以下（七）|一级主办及以下（三）|一级主办及以下（九）
050305,编辑出版学,本科(普通),,本科,文学,新闻传播学类,54.7,中等适配,2026国考职位表/中央机关及直属机构口径（第三方镜像）,2189.0,0.0,2189.0,0.0,0.0,0.0,100.0,0.0,0.0,主要靠专业大类/门类岗位,税务系统(2019)；财政审计金融监管(70)；公安/移民/基层执法(68)；海关/边检(36)；交通海事民航铁路(26)；统计调查(10),4152.0,104.61,1300.0,6.0,0.3,446.72,29.0,1.3,121.07,136.0,6.2,113.28,2018.0,92.2,121.11,82.0,2271.0,0.0,2271.0,high,升学后中等潜力,主要来自专业类/学科门类宽口径匹配，报考前必须核官方专业目录。,头部院校优势主要体现在保研/读研后进入更高层级岗位。,可作为备选路径，适合叠加党员、基层项目、应届身份等条件。,可作为基层备选，但要靠地域、应届和限制条件放大机会。,上海出入境边防检查总站|上海市公安局特勤局|东北虎豹国家公园管理局|中国井冈山干部学院|中国人民银行吉林省分行|中国人民银行四川省分行|中国人民银行宁夏回族自治区分行|中国人民银行安徽省分行,一处一级主任科员及以下|一级主任科员及以下|一级主任科员及以下（二）|一级主办及以下|一级主办及以下（一）|一级主办及以下（七）|一级主办及以下（三）|一级主办及以下（九）
050306T,网络与新媒体,本科(普通),,本科,文学,新闻传播学类,74.4,较强适配,2026国考职位表/中央机关及直属机构口径（第三方镜像）,2246.0,61.0,2185.0,0.0,0.0,2.7,97.3,0.0,0.0,主要靠专业大类/门类岗位,税务系统(2019)；海关/边检(88)；公安/移民/基层执法(86)；财政审计金融监管(70)；交通海事民航铁路(28)；统计调查(10),4224.0,104.97,1315.0,6.0,0.3,446.72,29.0,1.3,121.07,159.0,7.1,108.26,2052.0,91.4,122.42,82.0,2328.0,62.0,2266.0,high,升学后中等潜力,存在专业代码或专业名称精确匹配，并有直接学历兼容岗位。,头部院校优势主要体现在保研/读研后进入更高层级岗位。,区域重点/特色院校可重点面向省市县税务、执法、市场监管和事业单位路径。,应用本科可走县区基层、行政执法和地方单位，学校层级不宜夸大。,上海出入境边防检查总站|上海市公安局特勤局|上海海关|东北虎豹国家公园管理局|中国井冈山干部学院|中国人民银行吉林省分行|中国人民银行四川省分行|中国人民银行宁夏回族自治区分行,一处一级主任科员及以下|一级主任科员及以下|一级主任科员及以下一|一级主任科员及以下（二）|一级主办及以下|一级主办及以下（一）|一级主办及以下（七）|一级主办及以下（三）
050307T,数字出版,本科(普通),,本科,文学,新闻传播学类,54.7,中等适配,2026国考职位表/中央机关及直属机构口径（第三方镜像）,2189.0,0.0,2189.0,0.0,0.0,0.0,100.0,0.0,0.0,主要靠专业大类/门类岗位,税务系统(2019)；财政审计金融监管(70)；公安/移民/基层执法(68)；海关/边检(36)；交通海事民航铁路(26)；统计调查(10),4152.0,104.61,1300.0,6.0,0.3,446.72,29.0,1.3,121.07,136.0,6.2,113.28,2018.0,92.2,121.11,82.0,2271.0,0.0,2271.0,high,升学后中等潜力,主要来自专业类/学科门类宽口径匹配，报考前必须核官方专业目录。,头部院校优势主要体现在保研/读研后进入更高层级岗位。,可作为备选路径，适合叠加党员、基层项目、应届身份等条件。,可作为基层备选，但要靠地域、应届和限制条件放大机会。,上海出入境边防检查总站|上海市公安局特勤局|东北虎豹国家公园管理局|中国井冈山干部学院|中国人民银行吉林省分行|中国人民银行四川省分行|中国人民银行宁夏回族自治区分行|中国人民银行安徽省分行,一处一级主任科员及以下|一级主任科员及以下|一级主任科员及以下（二）|一级主办及以下|一级主办及以下（一）|一级主办及以下（七）|一级主办及以下（三）|一级主办及以下（九）
050308T,时尚传播,本科(普通),,本科,文学,新闻传播学类,54.7,中等适配,2026国考职位表/中央机关及直属机构口径（第三方镜像）,2189.0,0.0,2189.0,0.0,0.0,0.0,100.0,0.0,0.0,主要靠专业大类/门类岗位,税务系统(2019)；财政审计金融监管(70)；公安/移民/基层执法(68)；海关/边检(36)；交通海事民航铁路(26)；统计调查(10),4152.0,104.61,1300.0,6.0,0.3,446.72,29.0,1.3,121.07,136.0,6.2,113.28,2018.0,92.2,121.11,82.0,2271.0,0.0,2271.0,high,升学后中等潜力,主要来自专业类/学科门类宽口径匹配，报考前必须核官方专业目录。,头部院校优势主要体现在保研/读研后进入更高层级岗位。,可作为备选路径，适合叠加党员、基层项目、应届身份等条件。,可作为基层备选，但要靠地域、应届和限制条件放大机会。,上海出入境边防检查总站|上海市公安局特勤局|东北虎豹国家公园管理局|中国井冈山干部学院|中国人民银行吉林省分行|中国人民银行四川省分行|中国人民银行宁夏回族自治区分行|中国人民银行安徽省分行,一处一级主任科员及以下|一级主任科员及以下|一级主任科员及以下（二）|一级主办及以下|一级主办及以下（一）|一级主办及以下（七）|一级主办及以下（三）|一级主办及以下（九）
050309T,国际新闻与传播,本科(普通),,本科,文学,新闻传播学类,71.8,较强适配,2026国考职位表/中央机关及直属机构口径（第三方镜像）,2222.0,35.0,2187.0,0.0,0.0,1.6,98.4,0.0,0.0,主要靠专业大类/门类岗位,税务系统(2019)；公安/移民/基层执法(70)；财政审计金融监管(70)；海关/边检(68)；交通海事民航铁路(26)；统计调查(10),4191.0,105.18,1313.0,7.0,0.3,409.19,30.0,1.4,118.14,138.0,6.2,114.46,2047.0,92.1,122.08,82.0,2304.0,35.0,2269.0,high,升学后中等潜力,存在专业代码或专业名称精确匹配，并有直接学历兼容岗位。,头部院校优势主要体现在保研/读研后进入更高层级岗位。,区域重点/特色院校可重点面向省市县税务、执法、市场监管和事业单位路径。,应用本科可走县区基层、行政执法和地方单位，学校层级不宜夸大。,上海出入境边防检查总站|上海市公安局特勤局|东北虎豹国家公园管理局|中国井冈山干部学院|中国人民银行吉林省分行|中国人民银行四川省分行|中国人民银行宁夏回族自治区分行|中国人民银行安徽省分行,一处一级主任科员及以下|一级主任科员及以下|一级主任科员及以下（二）|一级主办及以下|一级主办及以下（一）|一级主办及以下（七）|一级主办及以下（三）|一级主办及以下（九）
050310T,会展,本科(普通),,本科,文学,新闻传播学类,54.7,中等适配,2026国考职位表/中央机关及直属机构口径（第三方镜像）,2189.0,0.0,2189.0,0.0,0.0,0.0,100.0,0.0,0.0,主要靠专业大类/门类岗位,税务系统(2019)；财政审计金融监管(70)；公安/移民/基层执法(68)；海关/边检(36)；交通海事民航铁路(26)；统计调查(10),4152.0,104.61,1300.0,6.0,0.3,446.72,29.0,1.3,121.07,136.0,6.2,113.28,2018.0,92.2,121.11,82.0,2271.0,0.0,2271.0,high,升学后中等潜力,主要来自专业类/学科门类宽口径匹配，报考前必须核官方专业目录。,头部院校优势主要体现在保研/读研后进入更高层级岗位。,可作为备选路径，适合叠加党员、基层项目、应届身份等条件。,可作为基层备选，但要靠地域、应届和限制条件放大机会。,上海出入境边防检查总站|上海市公安局特勤局|东北虎豹国家公园管理局|中国井冈山干部学院|中国人民银行吉林省分行|中国人民银行四川省分行|中国人民银行宁夏回族自治区分行|中国人民银行安徽省分行,一处一级主任科员及以下|一级主任科员及以下|一级主任科员及以下（二）|一级主办及以下|一级主办及以下（一）|一级主办及以下（七）|一级主办及以下（三）|一级主办及以下（九）
060101,历史学,本科(普通),,本科,历史学,历史学类,47.8,中等适配,2026国考职位表/中央机关及直属机构口径（第三方镜像）,64.0,60.0,4.0,0.0,0.0,93.8,6.2,0.0,0.0,以对口岗位为主,公安/移民/基层执法(59)；海关/边检(46)；财政审计金融监管(1)；交通海事民航铁路(1)；党政综合/办公厅(1),129.0,140.02,1.0,3.0,4.7,313.89,14.0,21.9,14.61,46.0,71.9,223.4,1.0,1.6,109.0,37.0,101.0,97.0,4.0,limited,升学后中等潜力,存在专业代码或专业名称精确匹配，并有直接学历兼容岗位。,可以考，但院校层级优势有限，更依赖岗位地区和限制条件。,可作为备选路径，适合叠加党员、基层项目、应届身份等条件。,可作为基层备选，但要靠地域、应届和限制条件放大机会。,上海市公安局特勤局|中国延安干部学院|中国证券监督管理委员会大连监管局|中国证券监督管理委员会广东监管局|中央直属机关事务管理局|全国政协|公安部|北京市公安局特勤局,一级主任科员及以下（英语五）|一级警长及以下（一）|一级警长及以下（七）|一级警长及以下（五）|一级警长及以下（八）|一级警长及以下（六）|业务处室一级主任科员及以下|业务处室一级主任科员及以下（一）
060102,世界史,本科(普通),,本科,历史学,历史学类,22.1,弱适配,2026国考职位表/中央机关及直属机构口径（第三方镜像）,21.0,0.0,21.0,0.0,0.0,0.0,100.0,0.0,0.0,主要靠专业大类/门类岗位,公安/移民/基层执法(19)；海关/边检(5)；财政审计金融监管(1)；交通海事民航铁路(1),25.0,81.32,0.0,1.0,4.8,260.0,14.0,66.7,14.61,6.0,28.6,151.94,0.0,0.0,,10.0,31.0,5.0,26.0,limited,升学后弱潜力,主要来自专业类/学科门类宽口径匹配，报考前必须核官方专业目录。,可以考，但院校层级优势有限，更依赖岗位地区和限制条件。,岗位窗口较窄，建议只作为就业备选项。,不适合作为普通应用院校的考公主卖点。,上海市公安局特勤局|中国证券监督管理委员会大连监管局|中央党史和文献研究院|中央对外联络部|公安部|北京出入境边防检查总站|北京市公安局特勤局|国务院参事室,一处一级主任科员及以下|一级警长及以下（一）|一级警长及以下（七）|一级警长及以下（五）|一级警长及以下（八）|一级警长及以下（六）|唐山边检站一级警长及以下（二）|外事处一级主任科员及以下
060103,考古学,本科(普通),,本科,历史学,历史学类,21.7,弱适配,2026国考职位表/中央机关及直属机构口径（第三方镜像）,21.0,0.0,21.0,0.0,0.0,0.0,100.0,0.0,0.0,主要靠专业大类/门类岗位,公安/移民/基层执法(19)；海关/边检(5)；财政审计金融监管(1)；交通海事民航铁路(1),25.0,81.32,0.0,1.0,4.8,260.0,14.0,66.7,14.61,6.0,28.6,151.94,0.0,0.0,,5.0,26.0,0.0,26.0,limited,升学后弱潜力,主要来自专业类/学科门类宽口径匹配，报考前必须核官方专业目录。,可以考，但院校层级优势有限，更依赖岗位地区和限制条件。,岗位窗口较窄，建议只作为就业备选项。,不适合作为普通应用院校的考公主卖点。,上海市公安局特勤局|中国证券监督管理委员会大连监管局|公安部|北京市公安局特勤局|国务院参事室|国家文物局|国家移民管理局常备力量第一总队|山东省公安厅特勤局,一级警长及以下（一）|一级警长及以下（七）|一级警长及以下（五）|一级警长及以下（八）|一级警长及以下（六）|唐山边检站一级警长及以下（二）|外事处一级主任科员及以下|平孟出入境边防检查站一级警长及以下
060104,文物与博物馆学,本科(普通),,本科,历史学,历史学类,21.7,弱适配,2026国考职位表/中央机关及直属机构口径（第三方镜像）,21.0,0.0,21.0,0.0,0.0,0.0,100.0,0.0,0.0,主要靠专业大类/门类岗位,公安/移民/基层执法(19)；海关/边检(5)；财政审计金融监管(1)；交通海事民航铁路(1),25.0,81.32,0.0,1.0,4.8,260.0,14.0,66.7,14.61,6.0,28.6,151.94,0.0,0.0,,5.0,26.0,0.0,26.0,limited,升学后弱潜力,主要来自专业类/学科门类宽口径匹配，报考前必须核官方专业目录。,可以考，但院校层级优势有限，更依赖岗位地区和限制条件。,岗位窗口较窄，建议只作为就业备选项。,不适合作为普通应用院校的考公主卖点。,上海市公安局特勤局|中国证券监督管理委员会大连监管局|公安部|北京市公安局特勤局|国务院参事室|国家文物局|国家移民管理局常备力量第一总队|山东省公安厅特勤局,一级警长及以下（一）|一级警长及以下（七）|一级警长及以下（五）|一级警长及以下（八）|一级警长及以下（六）|唐山边检站一级警长及以下（二）|外事处一级主任科员及以下|平孟出入境边防检查站一级警长及以下
060105T,文物保护技术,本科(普通),,本科,历史学,历史学类,21.7,弱适配,2026国考职位表/中央机关及直属机构口径（第三方镜像）,21.0,0.0,21.0,0.0,0.0,0.0,100.0,0.0,0.0,主要靠专业大类/门类岗位,公安/移民/基层执法(19)；海关/边检(5)；财政审计金融监管(1)；交通海事民航铁路(1),25.0,81.32,0.0,1.0,4.8,260.0,14.0,66.7,14.61,6.0,28.6,151.94,0.0,0.0,,5.0,26.0,0.0,26.0,limited,升学后弱潜力,主要来自专业类/学科门类宽口径匹配，报考前必须核官方专业目录。,可以考，但院校层级优势有限，更依赖岗位地区和限制条件。,岗位窗口较窄，建议只作为就业备选项。,不适合作为普通应用院校的考公主卖点。,上海市公安局特勤局|中国证券监督管理委员会大连监管局|公安部|北京市公安局特勤局|国务院参事室|国家文物局|国家移民管理局常备力量第一总队|山东省公安厅特勤局,一级警长及以下（一）|一级警长及以下（七）|一级警长及以下（五）|一级警长及以下（八）|一级警长及以下（六）|唐山边检站一级警长及以下（二）|外事处一级主任科员及以下|平孟出入境边防检查站一级警长及以下
060106T,外国语言与外国历史,本科(普通),,本科,历史学,历史学类,21.7,弱适配,2026国考职位表/中央机关及直属机构口径（第三方镜像）,21.0,0.0,21.0,0.0,0.0,0.0,100.0,0.0,0.0,主要靠专业大类/门类岗位,公安/移民/基层执法(19)；海关/边检(5)；财政审计金融监管(1)；交通海事民航铁路(1),25.0,81.32,0.0,1.0,4.8,260.0,14.0,66.7,14.61,6.0,28.6,151.94,0.0,0.0,,5.0,26.0,0.0,26.0,limited,升学后弱潜力,主要来自专业类/学科门类宽口径匹配，报考前必须核官方专业目录。,可以考，但院校层级优势有限，更依赖岗位地区和限制条件。,岗位窗口较窄，建议只作为就业备选项。,不适合作为普通应用院校的考公主卖点。,上海市公安局特勤局|中国证券监督管理委员会大连监管局|公安部|北京市公安局特勤局|国务院参事室|国家文物局|国家移民管理局常备力量第一总队|山东省公安厅特勤局,一级警长及以下（一）|一级警长及以下（七）|一级警长及以下（五）|一级警长及以下（八）|一级警长及以下（六）|唐山边检站一级警长及以下（二）|外事处一级主任科员及以下|平孟出入境边防检查站一级警长及以下
060107T,文化遗产,本科(普通),,本科,历史学,历史学类,21.7,弱适配,2026国考职位表/中央机关及直属机构口径（第三方镜像）,21.0,0.0,21.0,0.0,0.0,0.0,100.0,0.0,0.0,主要靠专业大类/门类岗位,公安/移民/基层执法(19)；海关/边检(5)；财政审计金融监管(1)；交通海事民航铁路(1),25.0,81.32,0.0,1.0,4.8,260.0,14.0,66.7,14.61,6.0,28.6,151.94,0.0,0.0,,5.0,26.0,0.0,26.0,limited,升学后弱潜力,主要来自专业类/学科门类宽口径匹配，报考前必须核官方专业目录。,可以考，但院校层级优势有限，更依赖岗位地区和限制条件。,岗位窗口较窄，建议只作为就业备选项。,不适合作为普通应用院校的考公主卖点。,上海市公安局特勤局|中国证券监督管理委员会大连监管局|公安部|北京市公安局特勤局|国务院参事室|国家文物局|国家移民管理局常备力量第一总队|山东省公安厅特勤局,一级警长及以下（一）|一级警长及以下（七）|一级警长及以下（五）|一级警长及以下（八）|一级警长及以下（六）|唐山边检站一级警长及以下（二）|外事处一级主任科员及以下|平孟出入境边防检查站一级警长及以下
060108T,古文字学,本科(普通),,本科,历史学,历史学类,21.7,弱适配,2026国考职位表/中央机关及直属机构口径（第三方镜像）,21.0,0.0,21.0,0.0,0.0,0.0,100.0,0.0,0.0,主要靠专业大类/门类岗位,公安/移民/基层执法(19)；海关/边检(5)；财政审计金融监管(1)；交通海事民航铁路(1),25.0,81.32,0.0,1.0,4.8,260.0,14.0,66.7,14.61,6.0,28.6,151.94,0.0,0.0,,5.0,26.0,0.0,26.0,limited,升学后弱潜力,主要来自专业类/学科门类宽口径匹配，报考前必须核官方专业目录。,可以考，但院校层级优势有限，更依赖岗位地区和限制条件。,岗位窗口较窄，建议只作为就业备选项。,不适合作为普通应用院校的考公主卖点。,上海市公安局特勤局|中国证券监督管理委员会大连监管局|公安部|北京市公安局特勤局|国务院参事室|国家文物局|国家移民管理局常备力量第一总队|山东省公安厅特勤局,一级警长及以下（一）|一级警长及以下（七）|一级警长及以下（五）|一级警长及以下（八）|一级警长及以下（六）|唐山边检站一级警长及以下（二）|外事处一级主任科员及以下|平孟出入境边防检查站一级警长及以下
060109T,科学史,本科(普通),,本科,历史学,历史学类,21.7,弱适配,2026国考职位表/中央机关及直属机构口径（第三方镜像）,21.0,0.0,21.0,0.0,0.0,0.0,100.0,0.0,0.0,主要靠专业大类/门类岗位,公安/移民/基层执法(19)；海关/边检(5)；财政审计金融监管(1)；交通海事民航铁路(1),25.0,81.32,0.0,1.0,4.8,260.0,14.0,66.7,14.61,6.0,28.6,151.94,0.0,0.0,,5.0,26.0,0.0,26.0,limited,升学后弱潜力,主要来自专业类/学科门类宽口径匹配，报考前必须核官方专业目录。,可以考，但院校层级优势有限，更依赖岗位地区和限制条件。,岗位窗口较窄，建议只作为就业备选项。,不适合作为普通应用院校的考公主卖点。,上海市公安局特勤局|中国证券监督管理委员会大连监管局|公安部|北京市公安局特勤局|国务院参事室|国家文物局|国家移民管理局常备力量第一总队|山东省公安厅特勤局,一级警长及以下（一）|一级警长及以下（七）|一级警长及以下（五）|一级警长及以下（八）|一级警长及以下（六）|唐山边检站一级警长及以下（二）|外事处一级主任科员及以下|平孟出入境边防检查站一级警长及以下
070102,信息与计算科学,本科(普通),,本科,理学,数学类,77.3,强适配,2026国考职位表/中央机关及直属机构口径（第三方镜像）,2772.0,65.0,2707.0,0.0,0.0,2.3,97.7,0.0,0.0,主要靠专业大类/门类岗位,税务系统(2329)；统计调查(202)；财政审计金融监管(111)；海关/边检(99)；公安/移民/基层执法(26)；网信/通信/信息化(11),5248.0,96.42,1874.0,4.0,0.1,309.52,60.0,2.2,137.83,240.0,8.7,115.43,2468.0,89.0,107.16,197.0,2969.0,66.0,2903.0,very_high,升学后较强潜力,存在专业代码或专业名称精确匹配，并有直接学历兼容岗位。,头部院校可把该专业作为中央/省级机关、选调和研究生岗位的主赛道之一。,区域重点/特色院校可重点面向省市县税务、执法、市场监管和事业单位路径。,应用本科可走县区基层、行政执法和地方单位，学校层级不宜夸大。,上海出入境边防检查总站|上海市公安局特勤局|上海海关|中国人民银行云南省分行|中国人民银行内蒙古自治区分行|中国人民银行北京市分行|中国人民银行吉林省分行|中国人民银行四川省分行,一级主任科员及以下|一级主任科员及以下（二）|一级主任科员及以下（四）|一级主任科员及以下（英语三）|一级主办及以下|一级主办及以下(四)|一级主办及以下（一）|一级主办及以下（七）
070103T,数理基础科学,本科(普通),,本科,理学,数学类,74.7,较强适配,2026国考职位表/中央机关及直属机构口径（第三方镜像）,2745.0,38.0,2707.0,0.0,0.0,1.4,98.6,0.0,0.0,主要靠专业大类/门类岗位,税务系统(2329)；统计调查(202)；财政审计金融监管(111)；海关/边检(74)；公安/移民/基层执法(26)；交通海事民航铁路(6),5207.0,96.62,1852.0,4.0,0.1,309.52,57.0,2.1,142.08,238.0,8.7,116.14,2446.0,89.1,107.21,196.0,2941.0,38.0,2903.0,very_high,升学后较强潜力,存在专业代码或专业名称精确匹配，并有直接学历兼容岗位。,头部院校优势主要体现在保研/读研后进入更高层级岗位。,区域重点/特色院校可重点面向省市县税务、执法、市场监管和事业单位路径。,应用本科可走县区基层、行政执法和地方单位，学校层级不宜夸大。,上海出入境边防检查总站|上海市公安局特勤局|中国人民银行云南省分行|中国人民银行内蒙古自治区分行|中国人民银行北京市分行|中国人民银行吉林省分行|中国人民银行四川省分行|中国人民银行大连市分行,一级主任科员及以下|一级主任科员及以下（二）|一级主任科员及以下（四）|一级主任科员及以下（英语三）|一级主办及以下|一级主办及以下(四)|一级主办及以下（一）|一级主办及以下（七）
070104T,数据计算及应用,本科(普通),,本科,理学,数学类,77.3,强适配,2026国考职位表/中央机关及直属机构口径（第三方镜像）,2768.0,65.0,2703.0,0.0,0.0,2.3,97.7,0.0,0.0,主要靠专业大类/门类岗位,税务系统(2329)；统计调查(202)；财政审计金融监管(111)；海关/边检(97)；公安/移民/基层执法(27)；网信/通信/信息化(11),5246.0,96.48,1872.0,4.0,0.1,309.52,59.0,2.1,138.52,239.0,8.6,115.89,2466.0,89.1,107.32,198.0,2966.0,67.0,2899.0,very_high,升学后较强潜力,存在专业代码或专业名称精确匹配，并有直接学历兼容岗位。,头部院校可把该专业作为中央/省级机关、选调和研究生岗位的主赛道之一。,区域重点/特色院校可重点面向省市县税务、执法、市场监管和事业单位路径。,应用本科可走县区基层、行政执法和地方单位，学校层级不宜夸大。,上海出入境边防检查总站|上海市公安局特勤局|中国人民银行云南省分行|中国人民银行内蒙古自治区分行|中国人民银行北京市分行|中国人民银行吉林省分行|中国人民银行四川省分行|中国人民银行大连市分行,一级主任科员及以下|一级主任科员及以下（二）|一级主任科员及以下（四）|一级主任科员及以下（英语三）|一级主办及以下|一级主办及以下(四)|一级主办及以下（一）|一级主办及以下（七）
070202,应用物理学,本科(普通),,本科,理学,物理学类,42.5,中等适配,2026国考职位表/中央机关及直属机构口径（第三方镜像）,361.0,0.0,361.0,0.0,0.0,0.0,100.0,0.0,0.0,主要靠专业大类/门类岗位,税务系统(329)；公安/移民/基层执法(23)；海关/边检(6)；交通海事民航铁路(4)；统计调查(3),665.0,97.14,152.0,1.0,0.3,1144.0,14.0,3.9,22.89,17.0,4.7,120.41,329.0,91.1,103.11,40.0,401.0,0.0,401.0,medium,升学后中等潜力,主要来自专业类/学科门类宽口径匹配，报考前必须核官方专业目录。,可以考，但院校层级优势有限，更依赖岗位地区和限制条件。,可作为备选路径，适合叠加党员、基层项目、应届身份等条件。,可作为基层备选，但要靠地域、应届和限制条件放大机会。,上海出入境边防检查总站|上海市公安局特勤局|中国法学会|云南省气象局|全国妇联|公安部|北京出入境边防检查总站|北京市公安局特勤局,一级主任科员及以下|一级科员（一）|一级行政执法员|一级行政执法员（一）|一级行政执法员（七）|一级行政执法员（三）|一级行政执法员（九）|一级行政执法员（二）
070203,核物理,本科(普通),,本科,理学,物理学类,51.3,中等适配,2026国考职位表/中央机关及直属机构口径（第三方镜像）,366.0,5.0,361.0,0.0,0.0,1.4,98.6,0.0,0.0,主要靠专业大类/门类岗位,税务系统(329)；公安/移民/基层执法(23)；海关/边检(6)；生态环境/自然资源/农业水利(4)；交通海事民航铁路(4)；统计调查(3),670.0,97.22,155.0,2.0,0.5,631.5,18.0,4.9,41.25,17.0,4.6,120.41,329.0,89.9,103.11,40.0,406.0,5.0,401.0,medium,升学后中等潜力,存在专业代码或专业名称精确匹配，并有直接学历兼容岗位。,可以考，但院校层级优势有限，更依赖岗位地区和限制条件。,可作为备选路径，适合叠加党员、基层项目、应届身份等条件。,可作为基层备选，但要靠地域、应届和限制条件放大机会。,上海出入境边防检查总站|上海市公安局特勤局|中国法学会|云南省气象局|全国妇联|公安部|北京出入境边防检查总站|北京市公安局特勤局,一级主任科员及以下|一级科员（一）|一级行政执法员|一级行政执法员（一）|一级行政执法员（七）|一级行政执法员（三）|一级行政执法员（九）|一级行政执法员（二）
070204T,声学,本科(普通),,本科,理学,物理学类,42.5,中等适配,2026国考职位表/中央机关及直属机构口径（第三方镜像）,361.0,0.0,361.0,0.0,0.0,0.0,100.0,0.0,0.0,主要靠专业大类/门类岗位,税务系统(329)；公安/移民/基层执法(23)；海关/边检(6)；交通海事民航铁路(4)；统计调查(3),665.0,97.14,152.0,1.0,0.3,1144.0,14.0,3.9,22.89,17.0,4.7,120.41,329.0,91.1,103.11,40.0,401.0,0.0,401.0,medium,升学后中等潜力,主要来自专业类/学科门类宽口径匹配，报考前必须核官方专业目录。,可以考，但院校层级优势有限，更依赖岗位地区和限制条件。,可作为备选路径，适合叠加党员、基层项目、应届身份等条件。,可作为基层备选，但要靠地域、应届和限制条件放大机会。,上海出入境边防检查总站|上海市公安局特勤局|中国法学会|云南省气象局|全国妇联|公安部|北京出入境边防检查总站|北京市公安局特勤局,一级主任科员及以下|一级科员（一）|一级行政执法员|一级行政执法员（一）|一级行政执法员（七）|一级行政执法员（三）|一级行政执法员（九）|一级行政执法员（二）
070205T,系统科学与工程,本科(普通),,本科,理学,物理学类,42.5,中等适配,2026国考职位表/中央机关及直属机构口径（第三方镜像）,361.0,0.0,361.0,0.0,0.0,0.0,100.0,0.0,0.0,主要靠专业大类/门类岗位,税务系统(329)；公安/移民/基层执法(23)；海关/边检(6)；交通海事民航铁路(4)；统计调查(3),665.0,97.14,152.0,1.0,0.3,1144.0,14.0,3.9,22.89,17.0,4.7,120.41,329.0,91.1,103.11,41.0,402.0,1.0,401.0,medium,升学后中等潜力,主要来自专业类/学科门类宽口径匹配，报考前必须核官方专业目录。,可以考，但院校层级优势有限，更依赖岗位地区和限制条件。,可作为备选路径，适合叠加党员、基层项目、应届身份等条件。,可作为基层备选，但要靠地域、应届和限制条件放大机会。,上海出入境边防检查总站|上海市公安局特勤局|中国法学会|云南省气象局|全国妇联|公安部|北京出入境边防检查总站|北京市公安局特勤局,一级主任科员及以下|一级科员（一）|一级行政执法员|一级行政执法员（一）|一级行政执法员（七）|一级行政执法员（三）|一级行政执法员（九）|一级行政执法员（二）
070206T,量子信息科学,本科(普通),,本科,理学,物理学类,42.5,中等适配,2026国考职位表/中央机关及直属机构口径（第三方镜像）,361.0,0.0,361.0,0.0,0.0,0.0,100.0,0.0,0.0,主要靠专业大类/门类岗位,税务系统(329)；公安/移民/基层执法(23)；海关/边检(6)；交通海事民航铁路(4)；统计调查(3),665.0,97.14,152.0,1.0,0.3,1144.0,14.0,3.9,22.89,17.0,4.7,120.41,329.0,91.1,103.11,40.0,401.0,0.0,401.0,medium,升学后中等潜力,主要来自专业类/学科门类宽口径匹配，报考前必须核官方专业目录。,可以考，但院校层级优势有限，更依赖岗位地区和限制条件。,可作为备选路径，适合叠加党员、基层项目、应届身份等条件。,可作为基层备选，但要靠地域、应届和限制条件放大机会。,上海出入境边防检查总站|上海市公安局特勤局|中国法学会|云南省气象局|全国妇联|公安部|北京出入境边防检查总站|北京市公安局特勤局,一级主任科员及以下|一级科员（一）|一级行政执法员|一级行政执法员（一）|一级行政执法员（七）|一级行政执法员（三）|一级行政执法员（九）|一级行政执法员（二）
070302,应用化学,本科(普通),,本科,理学,化学类,60.9,较强适配,2026国考职位表/中央机关及直属机构口径（第三方镜像）,388.0,67.0,321.0,0.0,0.0,17.3,82.7,0.0,0.0,主要靠专业大类/门类岗位,税务系统(244)；海关/边检(120)；公安/移民/基层执法(25)；交通海事民航铁路(6)；统计调查(3)；生态环境/自然资源/农业水利(1),654.0,122.81,169.0,1.0,0.3,1144.0,16.0,4.1,32.16,28.0,7.2,199.53,343.0,88.4,142.28,39.0,427.0,70.0,357.0,medium,升学后中等潜力,存在专业代码或专业名称精确匹配，并有直接学历兼容岗位。,可以考，但院校层级优势有限，更依赖岗位地区和限制条件。,区域重点/特色院校可重点面向省市县税务、执法、市场监管和事业单位路径。,应用本科可走县区基层、行政执法和地方单位，学校层级不宜夸大。,上海出入境边防检查总站|上海市公安局特勤局|上海海事局|上海海关|中国法学会|乌鲁木齐海关|云南出入境边防检查总站|全国妇联,一级主任科员及以下|一级科员（一）|一级行政执法员（一）|一级行政执法员（七）|一级行政执法员（三）|一级行政执法员（九）|一级行政执法员（二）|一级行政执法员（五）
070303T,化学生物学,本科(普通),,本科,理学,化学类,56.2,较强适配,2026国考职位表/中央机关及直属机构口径（第三方镜像）,344.0,19.0,325.0,0.0,0.0,5.5,94.5,0.0,0.0,主要靠专业大类/门类岗位,税务系统(244)；海关/边检(78)；公安/移民/基层执法(25)；交通海事民航铁路(5)；统计调查(3),596.0,109.86,134.0,1.0,0.3,1144.0,15.0,4.4,25.83,24.0,7.0,164.8,304.0,88.4,121.96,36.0,380.0,19.0,361.0,medium,升学后中等潜力,存在专业代码或专业名称精确匹配，并有直接学历兼容岗位。,可以考，但院校层级优势有限，更依赖岗位地区和限制条件。,区域重点/特色院校可重点面向省市县税务、执法、市场监管和事业单位路径。,应用本科可走县区基层、行政执法和地方单位，学校层级不宜夸大。,上海出入境边防检查总站|上海市公安局特勤局|上海海事局|中国法学会|云南出入境边防检查总站|全国妇联|公安部|北京出入境边防检查总站,一级主任科员及以下|一级科员（一）|一级行政执法员（一）|一级行政执法员（七）|一级行政执法员（三）|一级行政执法员（九）|一级行政执法员（二）|一级行政执法员（五）
070304T,分子科学与工程,本科(普通),,本科,理学,化学类,50.2,中等适配,2026国考职位表/中央机关及直属机构口径（第三方镜像）,331.0,5.0,326.0,0.0,0.0,1.5,98.5,0.0,0.0,主要靠专业大类/门类岗位,税务系统(244)；海关/边检(65)；公安/移民/基层执法(25)；交通海事民航铁路(5)；统计调查(3),582.0,106.14,124.0,1.0,0.3,1144.0,15.0,4.5,25.83,22.0,6.6,95.55,293.0,88.5,120.29,36.0,367.0,5.0,362.0,medium,升学后中等潜力,存在专业代码或专业名称精确匹配，并有直接学历兼容岗位。,可以考，但院校层级优势有限，更依赖岗位地区和限制条件。,可作为备选路径，适合叠加党员、基层项目、应届身份等条件。,可作为基层备选，但要靠地域、应届和限制条件放大机会。,上海出入境边防检查总站|上海市公安局特勤局|上海海事局|中国法学会|云南出入境边防检查总站|全国妇联|公安部|北京出入境边防检查总站,一级主任科员及以下|一级科员（一）|一级行政执法员（一）|一级行政执法员（七）|一级行政执法员（三）|一级行政执法员（九）|一级行政执法员（二）|一级行政执法员（五）
070305T,能源化学,本科(普通),,本科,理学,化学类,58.0,较强适配,2026国考职位表/中央机关及直属机构口径（第三方镜像）,353.0,27.0,326.0,0.0,0.0,7.6,92.4,0.0,0.0,主要靠专业大类/门类岗位,税务系统(244)；海关/边检(87)；公安/移民/基层执法(25)；交通海事民航铁路(5)；统计调查(3),611.0,111.27,142.0,1.0,0.3,1144.0,15.0,4.2,25.83,24.0,6.8,164.8,313.0,88.7,123.28,36.0,389.0,27.0,362.0,medium,升学后中等潜力,存在专业代码或专业名称精确匹配，并有直接学历兼容岗位。,可以考，但院校层级优势有限，更依赖岗位地区和限制条件。,区域重点/特色院校可重点面向省市县税务、执法、市场监管和事业单位路径。,应用本科可走县区基层、行政执法和地方单位，学校层级不宜夸大。,上海出入境边防检查总站|上海市公安局特勤局|上海海事局|中国法学会|云南出入境边防检查总站|全国妇联|公安部|北京出入境边防检查总站,一级主任科员及以下|一级科员（一）|一级行政执法员（一）|一级行政执法员（七）|一级行政执法员（三）|一级行政执法员（九）|一级行政执法员（二）|一级行政执法员（五）
070306T,化学测量学与技术,本科(普通),,本科,理学,化学类,41.6,中等适配,2026国考职位表/中央机关及直属机构口径（第三方镜像）,326.0,0.0,326.0,0.0,0.0,0.0,100.0,0.0,0.0,主要靠专业大类/门类岗位,税务系统(244)；海关/边检(60)；公安/移民/基层执法(25)；交通海事民航铁路(5)；统计调查(3),577.0,105.09,119.0,1.0,0.3,1144.0,15.0,4.6,25.83,22.0,6.7,95.55,288.0,88.3,118.43,36.0,362.0,0.0,362.0,medium,升学后中等潜力,主要来自专业类/学科门类宽口径匹配，报考前必须核官方专业目录。,可以考，但院校层级优势有限，更依赖岗位地区和限制条件。,可作为备选路径，适合叠加党员、基层项目、应届身份等条件。,可作为基层备选，但要靠地域、应届和限制条件放大机会。,上海出入境边防检查总站|上海市公安局特勤局|上海海事局|中国法学会|云南出入境边防检查总站|全国妇联|公安部|北京出入境边防检查总站,一级主任科员及以下|一级科员（一）|一级行政执法员（一）|一级行政执法员（七）|一级行政执法员（三）|一级行政执法员（九）|一级行政执法员（二）|一级行政执法员（五）
070307T,资源化学,本科(普通),,本科,理学,化学类,48.3,中等适配,2026国考职位表/中央机关及直属机构口径（第三方镜像）,329.0,3.0,326.0,0.0,0.0,0.9,99.1,0.0,0.0,主要靠专业大类/门类岗位,税务系统(244)；海关/边检(63)；公安/移民/基层执法(25)；交通海事民航铁路(5)；统计调查(3),581.0,105.4,122.0,1.0,0.3,1144.0,15.0,4.6,25.83,22.0,6.7,95.55,291.0,88.4,118.7,36.0,365.0,3.0,362.0,medium,升学后中等潜力,存在专业代码或专业名称精确匹配，并有直接学历兼容岗位。,可以考，但院校层级优势有限，更依赖岗位地区和限制条件。,可作为备选路径，适合叠加党员、基层项目、应届身份等条件。,可作为基层备选，但要靠地域、应届和限制条件放大机会。,上海出入境边防检查总站|上海市公安局特勤局|上海海事局|中国法学会|云南出入境边防检查总站|全国妇联|公安部|北京出入境边防检查总站,一级主任科员及以下|一级科员（一）|一级行政执法员（一）|一级行政执法员（七）|一级行政执法员（三）|一级行政执法员（九）|一级行政执法员（二）|一级行政执法员（五）
070401,天文学,本科(普通),,本科,理学,天文学类,24.8,弱适配,2026国考职位表/中央机关及直属机构口径（第三方镜像）,23.0,0.0,23.0,0.0,0.0,0.0,100.0,0.0,0.0,主要靠专业大类/门类岗位,公安/移民/基层执法(20)；海关/边检(4)；统计调查(3)；交通海事民航铁路(3),29.0,48.41,0.0,0.0,0.0,,13.0,56.5,14.54,9.0,39.1,100.06,1.0,4.3,168.0,14.0,37.0,0.0,37.0,limited,升学后中等潜力,主要来自专业类/学科门类宽口径匹配，报考前必须核官方专业目录。,可以考，但院校层级优势有限，更依赖岗位地区和限制条件。,岗位窗口较窄，建议只作为就业备选项。,不适合作为普通应用院校的考公主卖点。,上海出入境边防检查总站|上海市公安局特勤局|中国法学会|公安部|北京市公安局特勤局|北京铁路公安局|国务院发展研究中心|国务院国有资产监督管理委员会,一级主任科员及以下|一级警长及以下（一）|一级警长及以下（七）|一级警长及以下（五）|一级警长及以下（八）|一级警长及以下（六）|业务处室一级主任科员及以下|业务处室一级主任科员及以下1
070501,地理科学,本科(普通),,本科,理学,地理科学类,42.2,中等适配,2026国考职位表/中央机关及直属机构口径（第三方镜像）,142.0,2.0,140.0,0.0,0.0,1.4,98.6,0.0,0.0,主要靠专业大类/门类岗位,税务系统(101)；公安/移民/基层执法(24)；海关/边检(7)；统计调查(6)；交通海事民航铁路(4),288.0,114.45,82.0,0.0,0.0,,13.0,9.2,14.54,20.0,14.1,170.53,109.0,76.8,126.14,24.0,166.0,8.0,158.0,medium,升学后中等潜力,存在专业代码或专业名称精确匹配，并有直接学历兼容岗位。,可以考，但院校层级优势有限，更依赖岗位地区和限制条件。,可作为备选路径，适合叠加党员、基层项目、应届身份等条件。,可作为基层备选，但要靠地域、应届和限制条件放大机会。,上海出入境边防检查总站|上海市公安局特勤局|中国法学会|云南出入境边防检查总站|云南省气象局|公安部|北京出入境边防检查总站|北京市公安局特勤局,一级主任科员及以下|一级主办及以下(四)|一级行政执法员|一级行政执法员(一)|一级行政执法员(三)|一级行政执法员(二)|一级行政执法员(五)|一级行政执法员(六)
070502,自然地理与资源环境,本科(普通),,本科,理学,地理科学类,45.6,中等适配,2026国考职位表/中央机关及直属机构口径（第三方镜像）,145.0,5.0,140.0,0.0,0.0,3.4,96.6,0.0,0.0,主要靠专业大类/门类岗位,税务系统(101)；公安/移民/基层执法(24)；海关/边检(7)；统计调查(6)；交通海事民航铁路(4)；生态环境/自然资源/农业水利(2),291.0,116.97,82.0,0.0,0.0,,16.0,11.0,79.06,20.0,13.8,170.53,109.0,75.2,126.14,18.0,163.0,5.0,158.0,medium,升学后中等潜力,存在专业代码或专业名称精确匹配，并有直接学历兼容岗位。,可以考，但院校层级优势有限，更依赖岗位地区和限制条件。,可作为备选路径，适合叠加党员、基层项目、应届身份等条件。,可作为基层备选，但要靠地域、应届和限制条件放大机会。,上海出入境边防检查总站|上海市公安局特勤局|中国法学会|云南出入境边防检查总站|云南省气象局|公安部|北京出入境边防检查总站|北京市公安局特勤局,一级主任科员及以下|一级主办及以下(四)|一级行政执法员|一级行政执法员(一)|一级行政执法员(三)|一级行政执法员(二)|一级行政执法员(五)|一级行政执法员(六)
070503,人文地理与城乡规划,本科(普通),,本科,理学,地理科学类,47.2,中等适配,2026国考职位表/中央机关及直属机构口径（第三方镜像）,147.0,7.0,140.0,0.0,0.0,4.8,95.2,0.0,0.0,主要靠专业大类/门类岗位,税务系统(101)；公安/移民/基层执法(24)；海关/边检(7)；统计调查(6)；生态环境/自然资源/农业水利(4)；交通海事民航铁路(4),293.0,118.39,83.0,0.0,0.0,,18.0,12.2,106.28,20.0,13.6,170.53,109.0,74.1,126.14,21.0,168.0,10.0,158.0,medium,升学后中等潜力,存在专业代码或专业名称精确匹配，并有直接学历兼容岗位。,可以考，但院校层级优势有限，更依赖岗位地区和限制条件。,可作为备选路径，适合叠加党员、基层项目、应届身份等条件。,可作为基层备选，但要靠地域、应届和限制条件放大机会。,上海出入境边防检查总站|上海市公安局特勤局|中国法学会|云南出入境边防检查总站|云南省气象局|公安部|北京出入境边防检查总站|北京市公安局特勤局,一级主任科员及以下|一级主办及以下(四)|一级行政执法员|一级行政执法员(一)|一级行政执法员(三)|一级行政执法员(二)|一级行政执法员(五)|一级行政执法员(六)
070504,地理信息科学,本科(普通),,本科,理学,地理科学类,47.1,中等适配,2026国考职位表/中央机关及直属机构口径（第三方镜像）,147.0,7.0,140.0,0.0,0.0,4.8,95.2,0.0,0.0,主要靠专业大类/门类岗位,税务系统(101)；公安/移民/基层执法(24)；海关/边检(7)；统计调查(6)；交通海事民航铁路(4)；生态环境/自然资源/农业水利(3),295.0,117.26,84.0,1.0,0.7,21.67,16.0,10.9,107.44,20.0,13.6,170.53,110.0,74.8,125.28,19.0,166.0,8.0,158.0,medium,升学后中等潜力,存在专业代码或专业名称精确匹配，并有直接学历兼容岗位。,可以考，但院校层级优势有限，更依赖岗位地区和限制条件。,可作为备选路径，适合叠加党员、基层项目、应届身份等条件。,可作为基层备选，但要靠地域、应届和限制条件放大机会。,上海出入境边防检查总站|上海市公安局特勤局|中国法学会|云南出入境边防检查总站|云南省气象局|公安部|北京出入境边防检查总站|北京市公安局特勤局,一级主任科员及以下|一级主办及以下(四)|一级行政执法员|一级行政执法员(一)|一级行政执法员(三)|一级行政执法员(二)|一级行政执法员(五)|一级行政执法员(六)
070601,大气科学,本科(普通),,本科,理学,大气科学类,57.1,较强适配,2026国考职位表/中央机关及直属机构口径（第三方镜像）,190.0,31.0,159.0,0.0,0.0,16.3,83.7,0.0,0.0,主要靠专业大类/门类岗位,公安/移民/基层执法(20)；海关/边检(4)；统计调查(3)；交通海事民航铁路(3),196.0,77.08,132.0,0.0,0.0,,15.0,7.9,41.07,23.0,12.1,159.11,152.0,80.0,71.24,90.0,280.0,68.0,212.0,medium,升学后中等潜力,存在专业代码或专业名称精确匹配，并有直接学历兼容岗位。,头部院校优势主要体现在保研/读研后进入更高层级岗位。,区域重点/特色院校可重点面向省市县税务、执法、市场监管和事业单位路径。,应用本科可走县区基层、行政执法和地方单位，学校层级不宜夸大。,上海出入境边防检查总站|上海市公安局特勤局|中国气象局|中国法学会|云南省气象局|公安部|内蒙古自治区气象局|北京市公安局特勤局,一级主任科员及以下|一级警长及以下（一）|一级警长及以下（七）|一级警长及以下（五）|一级警长及以下（八）|一级警长及以下（六）|业务处室一级主任科员及以下|业务处室一级主任科员及以下1
070602,应用气象学,本科(普通),,本科,理学,大气科学类,56.7,较强适配,2026国考职位表/中央机关及直属机构口径（第三方镜像）,189.0,30.0,159.0,0.0,0.0,15.9,84.1,0.0,0.0,主要靠专业大类/门类岗位,公安/移民/基层执法(20)；海关/边检(4)；统计调查(3)；交通海事民航铁路(3),195.0,76.1,132.0,0.0,0.0,,14.0,7.4,24.86,23.0,12.2,159.11,152.0,80.4,71.24,79.0,268.0,55.0,213.0,medium,升学后中等潜力,存在专业代码或专业名称精确匹配，并有直接学历兼容岗位。,头部院校优势主要体现在保研/读研后进入更高层级岗位。,区域重点/特色院校可重点面向省市县税务、执法、市场监管和事业单位路径。,应用本科可走县区基层、行政执法和地方单位，学校层级不宜夸大。,上海出入境边防检查总站|上海市公安局特勤局|中国气象局|中国法学会|云南省气象局|公安部|内蒙古自治区气象局|北京市公安局特勤局,一级主任科员及以下|一级警长及以下（一）|一级警长及以下（七）|一级警长及以下（五）|一级警长及以下（八）|一级警长及以下（六）|业务处室一级主任科员及以下|业务处室一级主任科员及以下1
070603T,气象技术与工程,本科(普通),,本科,理学,大气科学类,50.8,中等适配,2026国考职位表/中央机关及直属机构口径（第三方镜像）,169.0,10.0,159.0,0.0,0.0,5.9,94.1,0.0,0.0,主要靠专业大类/门类岗位,公安/移民/基层执法(20)；海关/边检(4)；统计调查(3)；交通海事民航铁路(3),175.0,77.09,113.0,0.0,0.0,,14.0,8.3,24.86,18.0,10.7,188.42,137.0,81.1,71.14,54.0,223.0,10.0,213.0,medium,升学后中等潜力,存在专业代码或专业名称精确匹配，并有直接学历兼容岗位。,头部院校优势主要体现在保研/读研后进入更高层级岗位。,可作为备选路径，适合叠加党员、基层项目、应届身份等条件。,可作为基层备选，但要靠地域、应届和限制条件放大机会。,上海出入境边防检查总站|上海市公安局特勤局|中国法学会|云南省气象局|公安部|内蒙古自治区气象局|北京市公安局特勤局|北京铁路公安局,一级主任科员及以下|一级警长及以下（一）|一级警长及以下（七）|一级警长及以下（五）|一级警长及以下（八）|一级警长及以下（六）|业务处室一级主任科员及以下|业务处室一级主任科员及以下1
070604T,地球系统科学,本科(普通),,本科,理学,大气科学类,48.6,中等适配,2026国考职位表/中央机关及直属机构口径（第三方镜像）,165.0,6.0,159.0,0.0,0.0,3.6,96.4,0.0,0.0,主要靠专业大类/门类岗位,公安/移民/基层执法(20)；海关/边检(4)；统计调查(3)；交通海事民航铁路(3),171.0,75.01,110.0,0.0,0.0,,14.0,8.5,24.86,19.0,11.5,179.24,132.0,80.0,68.66,54.0,219.0,6.0,213.0,medium,升学后中等潜力,存在专业代码或专业名称精确匹配，并有直接学历兼容岗位。,头部院校优势主要体现在保研/读研后进入更高层级岗位。,可作为备选路径，适合叠加党员、基层项目、应届身份等条件。,可作为基层备选，但要靠地域、应届和限制条件放大机会。,上海出入境边防检查总站|上海市公安局特勤局|中国法学会|云南省气象局|公安部|内蒙古自治区气象局|北京市公安局特勤局|北京铁路公安局,一级主任科员及以下|一级警长及以下（一）|一级警长及以下（七）|一级警长及以下（五）|一级警长及以下（八）|一级警长及以下（六）|业务处室一级主任科员及以下|业务处室一级主任科员及以下1
070701,海洋科学,本科(普通),,本科,理学,海洋科学类,31.2,弱适配,2026国考职位表/中央机关及直属机构口径（第三方镜像）,33.0,2.0,31.0,0.0,0.0,6.1,93.9,0.0,0.0,主要靠专业大类/门类岗位,公安/移民/基层执法(20)；税务系统(6)；海关/边检(5)；交通海事民航铁路(4)；统计调查(3)；生态环境/自然资源/农业水利(1),40.0,83.25,3.0,0.0,0.0,,14.0,42.4,77.07,10.0,30.3,100.95,9.0,27.3,107.06,20.0,53.0,8.0,45.0,limited,升学后中等潜力,存在专业代码或专业名称精确匹配，并有直接学历兼容岗位。,可以考，但院校层级优势有限，更依赖岗位地区和限制条件。,岗位窗口较窄，建议只作为就业备选项。,不适合作为普通应用院校的考公主卖点。,上海出入境边防检查总站|上海市公安局特勤局|上海海事局|中国法学会|公安部|北京市公安局特勤局|北京铁路公安局|国务院发展研究中心,一级主任科员及以下|一级行政执法员（二）|一级行政执法员（五）|一级行政执法员（八）|一级行政执法员（十）|一级行政执法员（四）|一级警长及以下（一）|一级警长及以下（七）
070702,海洋技术,本科(普通),,本科,理学,海洋科学类,30.9,弱适配,2026国考职位表/中央机关及直属机构口径（第三方镜像）,32.0,1.0,31.0,0.0,0.0,3.1,96.9,0.0,0.0,主要靠专业大类/门类岗位,公安/移民/基层执法(20)；税务系统(6)；海关/边检(5)；交通海事民航铁路(4)；统计调查(3),39.0,62.56,3.0,0.0,0.0,,13.0,40.6,14.54,10.0,31.2,100.95,9.0,28.1,107.06,16.0,48.0,2.0,46.0,limited,升学后中等潜力,存在专业代码或专业名称精确匹配，并有直接学历兼容岗位。,可以考，但院校层级优势有限，更依赖岗位地区和限制条件。,岗位窗口较窄，建议只作为就业备选项。,不适合作为普通应用院校的考公主卖点。,上海出入境边防检查总站|上海市公安局特勤局|中国法学会|公安部|北京市公安局特勤局|北京铁路公安局|国务院发展研究中心|国务院国有资产监督管理委员会,一级主任科员及以下|一级行政执法员（二）|一级行政执法员（十）|一级行政执法员（四）|一级警长及以下（一）|一级警长及以下（七）|一级警长及以下（五）|一级警长及以下（八）
070703T,海洋资源与环境,本科(普通),,本科,理学,海洋科学类,28.7,弱适配,2026国考职位表/中央机关及直属机构口径（第三方镜像）,32.0,1.0,31.0,0.0,0.0,3.1,96.9,0.0,0.0,主要靠专业大类/门类岗位,公安/移民/基层执法(20)；税务系统(6)；海关/边检(4)；交通海事民航铁路(4)；统计调查(3)；生态环境/自然资源/农业水利(1),38.0,80.71,2.0,0.0,0.0,,14.0,43.8,77.07,10.0,31.2,100.95,8.0,25.0,104.0,17.0,49.0,3.0,46.0,limited,升学后中等潜力,存在专业代码或专业名称精确匹配，并有直接学历兼容岗位。,可以考，但院校层级优势有限，更依赖岗位地区和限制条件。,岗位窗口较窄，建议只作为就业备选项。,不适合作为普通应用院校的考公主卖点。,上海出入境边防检查总站|上海市公安局特勤局|中国法学会|公安部|北京市公安局特勤局|北京铁路公安局|国务院发展研究中心|国务院国有资产监督管理委员会,一级主任科员及以下|一级行政执法员（二）|一级行政执法员（十）|一级行政执法员（四）|一级警长及以下（一）|一级警长及以下（七）|一级警长及以下（五）|一级警长及以下（八）
070704T,军事海洋学,本科(普通),,本科,理学,海洋科学类,27.1,弱适配,2026国考职位表/中央机关及直属机构口径（第三方镜像）,31.0,0.0,31.0,0.0,0.0,0.0,100.0,0.0,0.0,主要靠专业大类/门类岗位,公安/移民/基层执法(20)；税务系统(6)；海关/边检(4)；交通海事民航铁路(4)；统计调查(3),37.0,58.84,2.0,0.0,0.0,,13.0,41.9,14.54,10.0,32.3,100.95,8.0,25.8,104.0,15.0,46.0,0.0,46.0,limited,升学后中等潜力,主要来自专业类/学科门类宽口径匹配，报考前必须核官方专业目录。,可以考，但院校层级优势有限，更依赖岗位地区和限制条件。,岗位窗口较窄，建议只作为就业备选项。,不适合作为普通应用院校的考公主卖点。,上海出入境边防检查总站|上海市公安局特勤局|中国法学会|公安部|北京市公安局特勤局|北京铁路公安局|国务院发展研究中心|国务院国有资产监督管理委员会,一级主任科员及以下|一级行政执法员（二）|一级行政执法员（十）|一级行政执法员（四）|一级警长及以下（一）|一级警长及以下（七）|一级警长及以下（五）|一级警长及以下（八）
070705T,海洋科学与技术,本科(普通),,本科,理学,海洋科学类,30.9,弱适配,2026国考职位表/中央机关及直属机构口径（第三方镜像）,32.0,1.0,31.0,0.0,0.0,3.1,96.9,0.0,0.0,主要靠专业大类/门类岗位,公安/移民/基层执法(20)；税务系统(6)；海关/边检(5)；交通海事民航铁路(4)；统计调查(3),39.0,62.56,3.0,0.0,0.0,,13.0,40.6,14.54,10.0,31.2,100.95,9.0,28.1,107.06,15.0,47.0,1.0,46.0,limited,升学后中等潜力,存在专业代码或专业名称精确匹配，并有直接学历兼容岗位。,可以考，但院校层级优势有限，更依赖岗位地区和限制条件。,岗位窗口较窄，建议只作为就业备选项。,不适合作为普通应用院校的考公主卖点。,上海出入境边防检查总站|上海市公安局特勤局|中国法学会|公安部|北京市公安局特勤局|北京铁路公安局|国务院发展研究中心|国务院国有资产监督管理委员会,一级主任科员及以下|一级行政执法员（二）|一级行政执法员（十）|一级行政执法员（四）|一级警长及以下（一）|一级警长及以下（七）|一级警长及以下（五）|一级警长及以下（八）
070801,地球物理学,本科(普通),,本科,理学,地球物理学类,27.3,弱适配,2026国考职位表/中央机关及直属机构口径（第三方镜像）,26.0,0.0,26.0,0.0,0.0,0.0,100.0,0.0,0.0,主要靠专业大类/门类岗位,公安/移民/基层执法(20)；海关/边检(4)；税务系统(3)；统计调查(3)；交通海事民航铁路(3),37.0,60.24,2.0,0.0,0.0,,13.0,50.0,14.54,9.0,34.6,100.06,4.0,15.4,118.0,37.0,63.0,8.0,55.0,limited,升学后中等潜力,主要来自专业类/学科门类宽口径匹配，报考前必须核官方专业目录。,可以考，但院校层级优势有限，更依赖岗位地区和限制条件。,岗位窗口较窄，建议只作为就业备选项。,不适合作为普通应用院校的考公主卖点。,上海出入境边防检查总站|上海市公安局特勤局|中国法学会|云南省气象局|公安部|内蒙古自治区地震局|北京市公安局特勤局|北京市地震局,一级主任科员及以下|一级行政执法员（一）|一级行政执法员（三）|一级警长及以下（一）|一级警长及以下（七）|一级警长及以下（五）|一级警长及以下（八）|一级警长及以下（六）
070802,空间科学与技术,本科(普通),,本科,理学,地球物理学类,31.0,弱适配,2026国考职位表/中央机关及直属机构口径（第三方镜像）,27.0,1.0,26.0,0.0,0.0,3.7,96.3,0.0,0.0,主要靠专业大类/门类岗位,公安/移民/基层执法(20)；海关/边检(5)；税务系统(3)；统计调查(3)；交通海事民航铁路(3),39.0,63.9,3.0,0.0,0.0,,13.0,48.1,14.54,9.0,33.3,100.06,5.0,18.5,120.7,30.0,57.0,2.0,55.0,limited,升学后中等潜力,存在专业代码或专业名称精确匹配，并有直接学历兼容岗位。,可以考，但院校层级优势有限，更依赖岗位地区和限制条件。,岗位窗口较窄，建议只作为就业备选项。,不适合作为普通应用院校的考公主卖点。,上海出入境边防检查总站|上海市公安局特勤局|中国法学会|云南省气象局|公安部|北京市公安局特勤局|北京市地震局|北京铁路公安局,一级主任科员及以下|一级行政执法员（一）|一级行政执法员（三）|一级警长及以下（一）|一级警长及以下（七）|一级警长及以下（五）|一级警长及以下（八）|一级警长及以下（六）
070803T,防灾减灾科学与工程,本科(普通),,本科,理学,地球物理学类,32.8,弱适配,2026国考职位表/中央机关及直属机构口径（第三方镜像）,29.0,3.0,26.0,0.0,0.0,10.3,89.7,0.0,0.0,主要靠专业大类/门类岗位,公安/移民/基层执法(20)；海关/边检(4)；税务系统(3)；统计调查(3)；交通海事民航铁路(3),40.0,82.62,5.0,0.0,0.0,,13.0,44.8,14.54,9.0,31.0,100.06,7.0,24.1,221.14,29.0,58.0,3.0,55.0,limited,升学后中等潜力,存在专业代码或专业名称精确匹配，并有直接学历兼容岗位。,可以考，但院校层级优势有限，更依赖岗位地区和限制条件。,岗位窗口较窄，建议只作为就业备选项。,不适合作为普通应用院校的考公主卖点。,上海出入境边防检查总站|上海市公安局特勤局|中国法学会|云南省气象局|公安部|北京市公安局特勤局|北京市地震局|北京铁路公安局,一级主任科员及以下|一级行政执法员（一）|一级行政执法员（三）|一级警长及以下（一）|一级警长及以下（七）|一级警长及以下（五）|一级警长及以下（八）|一级警长及以下（六）
070804TK,行星科学,本科(普通),,本科,理学,地球物理学类,27.2,弱适配,2026国考职位表/中央机关及直属机构口径（第三方镜像）,26.0,0.0,26.0,0.0,0.0,0.0,100.0,0.0,0.0,主要靠专业大类/门类岗位,公安/移民/基层执法(20)；海关/边检(4)；税务系统(3)；统计调查(3)；交通海事民航铁路(3),37.0,60.24,2.0,0.0,0.0,,13.0,50.0,14.54,9.0,34.6,100.06,4.0,15.4,118.0,29.0,55.0,0.0,55.0,limited,升学后中等潜力,主要来自专业类/学科门类宽口径匹配，报考前必须核官方专业目录。,可以考，但院校层级优势有限，更依赖岗位地区和限制条件。,岗位窗口较窄，建议只作为就业备选项。,不适合作为普通应用院校的考公主卖点。,上海出入境边防检查总站|上海市公安局特勤局|中国法学会|云南省气象局|公安部|北京市公安局特勤局|北京市地震局|北京铁路公安局,一级主任科员及以下|一级行政执法员（一）|一级行政执法员（三）|一级警长及以下（一）|一级警长及以下（七）|一级警长及以下（五）|一级警长及以下（八）|一级警长及以下（六）
070901,地质学,本科(普通),,本科,理学,地质学类,26.0,弱适配,2026国考职位表/中央机关及直属机构口径（第三方镜像）,25.0,0.0,25.0,0.0,0.0,0.0,100.0,0.0,0.0,主要靠专业大类/门类岗位,公安/移民/基层执法(20)；海关/边检(4)；统计调查(3)；交通海事民航铁路(3)；税务系统(1)；生态环境/自然资源/农业水利(1),33.0,52.21,0.0,0.0,0.0,,14.0,56.0,19.5,9.0,36.0,100.06,2.0,8.0,121.75,35.0,60.0,11.0,49.0,limited,升学后中等潜力,主要来自专业类/学科门类宽口径匹配，报考前必须核官方专业目录。,可以考，但院校层级优势有限，更依赖岗位地区和限制条件。,岗位窗口较窄，建议只作为就业备选项。,不适合作为普通应用院校的考公主卖点。,上海出入境边防检查总站|上海市公安局特勤局|中国法学会|公安部|内蒙古自治区地震局|北京市公安局特勤局|北京市地震局|北京铁路公安局,一级主任科员及以下|一级警长及以下（一）|一级警长及以下（七）|一级警长及以下（五）|一级警长及以下（八）|一级警长及以下（六）|业务处室一级主任科员及以下|业务处室一级主任科员及以下1
070902,地球化学,本科(普通),,本科,理学,地质学类,25.9,弱适配,2026国考职位表/中央机关及直属机构口径（第三方镜像）,25.0,0.0,25.0,0.0,0.0,0.0,100.0,0.0,0.0,主要靠专业大类/门类岗位,公安/移民/基层执法(20)；海关/边检(4)；统计调查(3)；交通海事民航铁路(3)；税务系统(1)；生态环境/自然资源/农业水利(1),33.0,52.21,0.0,0.0,0.0,,14.0,56.0,19.5,9.0,36.0,100.06,2.0,8.0,121.75,29.0,54.0,4.0,50.0,limited,升学后中等潜力,主要来自专业类/学科门类宽口径匹配，报考前必须核官方专业目录。,可以考，但院校层级优势有限，更依赖岗位地区和限制条件。,岗位窗口较窄，建议只作为就业备选项。,不适合作为普通应用院校的考公主卖点。,上海出入境边防检查总站|上海市公安局特勤局|中国法学会|公安部|北京市公安局特勤局|北京市地震局|北京铁路公安局|四川省地震局,一级主任科员及以下|一级警长及以下（一）|一级警长及以下（七）|一级警长及以下（五）|一级警长及以下（八）|一级警长及以下（六）|业务处室一级主任科员及以下|业务处室一级主任科员及以下1
070903T,地球信息科学与技术,本科(普通),,本科,理学,地质学类,25.8,弱适配,2026国考职位表/中央机关及直属机构口径（第三方镜像）,25.0,0.0,25.0,0.0,0.0,0.0,100.0,0.0,0.0,主要靠专业大类/门类岗位,公安/移民/基层执法(20)；海关/边检(4)；统计调查(3)；交通海事民航铁路(3)；税务系统(1)；生态环境/自然资源/农业水利(1),33.0,52.21,0.0,0.0,0.0,,14.0,56.0,19.5,9.0,36.0,100.06,2.0,8.0,121.75,27.0,52.0,1.0,51.0,limited,升学后中等潜力,主要来自专业类/学科门类宽口径匹配，报考前必须核官方专业目录。,可以考，但院校层级优势有限，更依赖岗位地区和限制条件。,岗位窗口较窄，建议只作为就业备选项。,不适合作为普通应用院校的考公主卖点。,上海出入境边防检查总站|上海市公安局特勤局|中国法学会|公安部|北京市公安局特勤局|北京市地震局|北京铁路公安局|四川省地震局,一级主任科员及以下|一级警长及以下（一）|一级警长及以下（七）|一级警长及以下（五）|一级警长及以下（八）|一级警长及以下（六）|业务处室一级主任科员及以下|业务处室一级主任科员及以下1
070904T,古生物学,本科(普通),,本科,理学,地质学类,25.9,弱适配,2026国考职位表/中央机关及直属机构口径（第三方镜像）,25.0,0.0,25.0,0.0,0.0,0.0,100.0,0.0,0.0,主要靠专业大类/门类岗位,公安/移民/基层执法(20)；海关/边检(4)；统计调查(3)；交通海事民航铁路(3)；税务系统(1)；生态环境/自然资源/农业水利(1),33.0,52.21,0.0,0.0,0.0,,14.0,56.0,19.5,9.0,36.0,100.06,2.0,8.0,121.75,30.0,55.0,5.0,50.0,limited,升学后中等潜力,主要来自专业类/学科门类宽口径匹配，报考前必须核官方专业目录。,可以考，但院校层级优势有限，更依赖岗位地区和限制条件。,岗位窗口较窄，建议只作为就业备选项。,不适合作为普通应用院校的考公主卖点。,上海出入境边防检查总站|上海市公安局特勤局|中国法学会|公安部|内蒙古自治区地震局|北京市公安局特勤局|北京市地震局|北京铁路公安局,一级主任科员及以下|一级警长及以下（一）|一级警长及以下（七）|一级警长及以下（五）|一级警长及以下（八）|一级警长及以下（六）|业务处室一级主任科员及以下|业务处室一级主任科员及以下1
071002,生物技术,本科(普通),,本科,理学,生物科学类,49.6,中等适配,2026国考职位表/中央机关及直属机构口径（第三方镜像）,99.0,37.0,62.0,0.0,0.0,37.4,62.6,0.0,0.0,以对口岗位为主,海关/边检(71)；公安/移民/基层执法(25)；税务系统(8)；交通海事民航铁路(4)；统计调查(3),149.0,150.64,61.0,0.0,0.0,,13.0,13.1,14.54,18.0,18.2,103.0,68.0,68.7,239.58,21.0,120.0,38.0,82.0,medium,升学后中等潜力,存在专业代码或专业名称精确匹配，并有直接学历兼容岗位。,可以考，但院校层级优势有限，更依赖岗位地区和限制条件。,可作为备选路径，适合叠加党员、基层项目、应届身份等条件。,可作为基层备选，但要靠地域、应届和限制条件放大机会。,上海出入境边防检查总站|上海市公安局特勤局|中国法学会|公安部|北京出入境边防检查总站|北京市公安局特勤局|北京铁路公安局|南宁海关,一级主任科员及以下|一级行政执法员|一级行政执法员（三）|一级行政执法员（五）|一级行政执法员（六）|一级行政执法员（四）|一级警长及以下（一）|一级警长及以下（七）
071003,生物信息学,本科(普通),,本科,理学,生物科学类,41.9,中等适配,2026国考职位表/中央机关及直属机构口径（第三方镜像）,72.0,10.0,62.0,0.0,0.0,13.9,86.1,0.0,0.0,主要靠专业大类/门类岗位,海关/边检(44)；公安/移民/基层执法(24)；税务系统(8)；交通海事民航铁路(4)；统计调查(3),119.0,154.48,37.0,0.0,0.0,,13.0,18.1,14.54,13.0,18.1,112.6,46.0,63.9,275.31,21.0,93.0,11.0,82.0,limited,升学后中等潜力,存在专业代码或专业名称精确匹配，并有直接学历兼容岗位。,可以考，但院校层级优势有限，更依赖岗位地区和限制条件。,可作为备选路径，适合叠加党员、基层项目、应届身份等条件。,可作为基层备选，但要靠地域、应届和限制条件放大机会。,上海出入境边防检查总站|上海市公安局特勤局|中国法学会|公安部|北京出入境边防检查总站|北京市公安局特勤局|北京铁路公安局|呼和浩特海关,一级主任科员及以下|一级行政执法员|一级行政执法员（三）|一级行政执法员（五）|一级行政执法员（六）|一级行政执法员（四）|一级警长及以下（一）|一级警长及以下（七）
071004,生态学,本科(普通),,本科,理学,生物科学类,47.7,中等适配,2026国考职位表/中央机关及直属机构口径（第三方镜像）,81.0,29.0,52.0,0.0,0.0,35.8,64.2,0.0,0.0,以对口岗位为主,海关/边检(42)；公安/移民/基层执法(24)；生态环境/自然资源/农业水利(11)；税务系统(8)；交通海事民航铁路(4)；统计调查(3),129.0,148.35,36.0,0.0,0.0,,17.0,21.0,74.65,13.0,16.0,112.6,51.0,63.0,255.3,32.0,113.0,41.0,72.0,medium,升学后中等潜力,存在专业代码或专业名称精确匹配，并有直接学历兼容岗位。,可以考，但院校层级优势有限，更依赖岗位地区和限制条件。,可作为备选路径，适合叠加党员、基层项目、应届身份等条件。,可作为基层备选，但要靠地域、应届和限制条件放大机会。,上海出入境边防检查总站|上海市公安局特勤局|中国法学会|公安部|农业农村部|北京出入境边防检查总站|北京市公安局特勤局|北京铁路公安局,一级主任科员及以下|一级行政执法员|一级行政执法员（三）|一级行政执法员（五）|一级行政执法员（六）|一级行政执法员（四）|一级警长及以下（一）|一级警长及以下（七）
071005T,整合科学,本科(普通),,本科,理学,生物科学类,29.6,弱适配,2026国考职位表/中央机关及直属机构口径（第三方镜像）,62.0,0.0,62.0,0.0,0.0,0.0,100.0,0.0,0.0,主要靠专业大类/门类岗位,海关/边检(34)；公安/移民/基层执法(24)；税务系统(8)；交通海事民航铁路(4)；统计调查(3),109.0,155.59,30.0,0.0,0.0,,13.0,21.0,14.54,13.0,21.0,112.6,36.0,58.1,312.23,20.0,82.0,0.0,82.0,limited,升学后中等潜力,主要来自专业类/学科门类宽口径匹配，报考前必须核官方专业目录。,可以考，但院校层级优势有限，更依赖岗位地区和限制条件。,岗位窗口较窄，建议只作为就业备选项。,不适合作为普通应用院校的考公主卖点。,上海出入境边防检查总站|上海市公安局特勤局|中国法学会|公安部|北京出入境边防检查总站|北京市公安局特勤局|北京铁路公安局|国务院发展研究中心,一级主任科员及以下|一级行政执法员|一级行政执法员（三）|一级行政执法员（五）|一级行政执法员（六）|一级行政执法员（四）|一级警长及以下（一）|一级警长及以下（七）
071006T,神经科学,本科(普通),,本科,理学,生物科学类,29.6,弱适配,2026国考职位表/中央机关及直属机构口径（第三方镜像）,62.0,0.0,62.0,0.0,0.0,0.0,100.0,0.0,0.0,主要靠专业大类/门类岗位,海关/边检(34)；公安/移民/基层执法(24)；税务系统(8)；交通海事民航铁路(4)；统计调查(3),109.0,155.59,30.0,0.0,0.0,,13.0,21.0,14.54,13.0,21.0,112.6,36.0,58.1,312.23,20.0,82.0,0.0,82.0,limited,升学后中等潜力,主要来自专业类/学科门类宽口径匹配，报考前必须核官方专业目录。,可以考，但院校层级优势有限，更依赖岗位地区和限制条件。,岗位窗口较窄，建议只作为就业备选项。,不适合作为普通应用院校的考公主卖点。,上海出入境边防检查总站|上海市公安局特勤局|中国法学会|公安部|北京出入境边防检查总站|北京市公安局特勤局|北京铁路公安局|国务院发展研究中心,一级主任科员及以下|一级行政执法员|一级行政执法员（三）|一级行政执法员（五）|一级行政执法员（六）|一级行政执法员（四）|一级警长及以下（一）|一级警长及以下（七）
071101,心理学,本科(普通),,本科,理学,心理学类,54.6,中等适配,2026国考职位表/中央机关及直属机构口径（第三方镜像）,214.0,22.0,192.0,0.0,0.0,10.3,89.7,0.0,0.0,主要靠专业大类/门类岗位,税务系统(160)；公安/移民/基层执法(41)；海关/边检(23)；交通海事民航铁路(13)；统计调查(3)；法院/检察/司法(1),426.0,111.54,125.0,1.0,0.5,184.0,14.0,6.5,31.21,32.0,15.0,74.24,167.0,78.0,138.16,33.0,250.0,34.0,216.0,medium,升学后中等潜力,存在专业代码或专业名称精确匹配，并有直接学历兼容岗位。,可以考，但院校层级优势有限，更依赖岗位地区和限制条件。,可作为备选路径，适合叠加党员、基层项目、应届身份等条件。,可作为基层备选，但要靠地域、应届和限制条件放大机会。,上海出入境边防检查总站|上海市公安局特勤局|中国残联|中国法学会|中国证券监督管理委员会广东监管局|云南出入境边防检查总站|全国总工会|公安部,一级主任科员及以下|一级主办及以下|一级主办及以下（二）|一级行政执法员|一级行政执法员（一）|一级行政执法员（七）|一级行政执法员（三）|一级行政执法员（九）
071102,应用心理学,本科(普通),,本科,理学,心理学类,47.9,中等适配,2026国考职位表/中央机关及直属机构口径（第三方镜像）,211.0,5.0,206.0,0.0,0.0,2.4,97.6,0.0,0.0,主要靠专业大类/门类岗位,税务系统(160)；公安/移民/基层执法(38)；海关/边检(21)；交通海事民航铁路(12)；统计调查(3)；法院/检察/司法(1),417.0,113.53,125.0,1.0,0.5,184.0,14.0,6.6,31.21,29.0,13.7,78.54,167.0,79.1,138.16,22.0,236.0,6.0,230.0,medium,升学后中等潜力,存在专业代码或专业名称精确匹配，并有直接学历兼容岗位。,可以考，但院校层级优势有限，更依赖岗位地区和限制条件。,可作为备选路径，适合叠加党员、基层项目、应届身份等条件。,可作为基层备选，但要靠地域、应届和限制条件放大机会。,上海出入境边防检查总站|上海市公安局特勤局|中国残联|中国法学会|中国证券监督管理委员会广东监管局|云南出入境边防检查总站|全国总工会|公安部,一级主任科员及以下|一级主办及以下|一级主办及以下（二）|一级行政执法员|一级行政执法员（一）|一级行政执法员（七）|一级行政执法员（三）|一级行政执法员（九）
071201,统计学,本科(普通),,本科,理学,统计学类,84.6,强适配,2026国考职位表/中央机关及直属机构口径（第三方镜像）,3182.0,247.0,2935.0,0.0,0.0,7.8,92.2,0.0,0.0,以对口岗位为主,税务系统(2441)；统计调查(332)；财政审计金融监管(251)；海关/边检(126)；公安/移民/基层执法(30)；交通海事民航铁路(7),5847.0,97.07,2185.0,5.0,0.2,249.81,62.0,1.9,146.24,302.0,9.5,118.94,2813.0,88.4,106.61,234.0,3416.0,339.0,3077.0,very_high,升学后较强潜力,存在专业代码或专业名称精确匹配，并有直接学历兼容岗位。,头部院校可把该专业作为中央/省级机关、选调和研究生岗位的主赛道之一。,区域重点/特色院校可重点面向省市县税务、执法、市场监管和事业单位路径。,应用本科可走县区基层、行政执法和地方单位，学校层级不宜夸大。,上海出入境边防检查总站|上海市公安局特勤局|上海海关|上海铁路公安局|中华全国供销合作总社|中国人民银行云南省分行|中国人民银行内蒙古自治区分行|中国人民银行北京市分行,一级主任科员及以下|一级主任科员及以下（二）|一级主任科员及以下（四）|一级主任科员及以下（英语三）|一级主办及以下|一级主办及以下(四)|一级主办及以下（一）|一级主办及以下（七）
071202,应用统计学,本科(普通),,本科,理学,统计学类,79.8,强适配,2026国考职位表/中央机关及直属机构口径（第三方镜像）,3123.0,100.0,3023.0,0.0,0.0,3.2,96.8,0.0,0.0,以对口岗位为主,税务系统(2441)；统计调查(331)；财政审计金融监管(230)；海关/边检(97)；公安/移民/基层执法(27)；交通海事民航铁路(6),5758.0,97.23,2146.0,3.0,0.1,405.17,59.0,1.9,146.15,287.0,9.2,121.46,2774.0,88.8,106.34,145.0,3268.0,103.0,3165.0,very_high,升学后较强潜力,存在专业代码或专业名称精确匹配，并有直接学历兼容岗位。,头部院校可把该专业作为中央/省级机关、选调和研究生岗位的主赛道之一。,区域重点/特色院校可重点面向省市县税务、执法、市场监管和事业单位路径。,应用本科可走县区基层、行政执法和地方单位，学校层级不宜夸大。,上海出入境边防检查总站|上海市公安局特勤局|上海海关|上海铁路公安局|中国人民银行云南省分行|中国人民银行内蒙古自治区分行|中国人民银行北京市分行|中国人民银行吉林省分行,一级主任科员及以下|一级主任科员及以下（二）|一级主任科员及以下（四）|一级主办及以下|一级主办及以下(四)|一级主办及以下（一）|一级主办及以下（七）|一级主办及以下（三）
071203T,数据科学,本科(普通),,本科,理学,统计学类,86.5,强适配,2026国考职位表/中央机关及直属机构口径（第三方镜像）,3384.0,368.0,3016.0,0.0,0.0,10.9,89.1,0.0,0.0,以对口岗位为主,税务系统(2441)；统计调查(331)；财政审计金融监管(331)；海关/边检(247)；公安/移民/基层执法(85)；网信/通信/信息化(11),6141.0,97.64,2308.0,3.0,0.1,405.17,66.0,2.0,139.04,384.0,11.3,118.98,2931.0,86.6,107.84,158.0,3542.0,384.0,3158.0,very_high,升学后较强潜力,存在专业代码或专业名称精确匹配，并有直接学历兼容岗位。,头部院校可把该专业作为中央/省级机关、选调和研究生岗位的主赛道之一。,区域重点/特色院校可重点面向省市县税务、执法、市场监管和事业单位路径。,应用本科可走县区基层、行政执法和地方单位，学校层级不宜夸大。,上海出入境边防检查总站|上海市公安局特勤局|上海海关|上海铁路公安局|中国人民银行云南省分行|中国人民银行内蒙古自治区分行|中国人民银行北京市分行|中国人民银行吉林省分行,一级主任科员及以下|一级主任科员及以下（二）|一级主任科员及以下（四）|一级主办及以下|一级主办及以下(四)|一级主办及以下（一）|一级主办及以下（七）|一级主办及以下（三）
071204T,生物统计学,本科(普通),,本科,理学,统计学类,57.5,较强适配,2026国考职位表/中央机关及直属机构口径（第三方镜像）,3027.0,0.0,3027.0,0.0,0.0,0.0,100.0,0.0,0.0,主要靠专业大类/门类岗位,税务系统(2441)；统计调查(324)；财政审计金融监管(217)；公安/移民/基层执法(27)；海关/边检(22)；交通海事民航铁路(6),5631.0,96.69,2064.0,3.0,0.1,405.17,52.0,1.7,147.26,274.0,9.1,122.57,2698.0,89.1,105.55,142.0,3169.0,0.0,3169.0,very_high,升学后较强潜力,主要来自专业类/学科门类宽口径匹配，报考前必须核官方专业目录。,头部院校优势主要体现在保研/读研后进入更高层级岗位。,区域重点/特色院校可重点面向省市县税务、执法、市场监管和事业单位路径。,应用本科可走县区基层、行政执法和地方单位，学校层级不宜夸大。,上海出入境边防检查总站|上海市公安局特勤局|上海铁路公安局|中国人民银行云南省分行|中国人民银行内蒙古自治区分行|中国人民银行北京市分行|中国人民银行吉林省分行|中国人民银行四川省分行,一级主任科员及以下|一级主任科员及以下（二）|一级主任科员及以下（四）|一级主办及以下|一级主办及以下(四)|一级主办及以下（一）|一级主办及以下（七）|一级主办及以下（三）
080101,理论与应用力学,本科(普通),,本科,工学,力学类,32.9,弱适配,2026国考职位表/中央机关及直属机构口径（第三方镜像）,39.0,1.0,38.0,0.0,0.0,2.6,97.4,0.0,0.0,主要靠专业大类/门类岗位,公安/移民/基层执法(27)；海关/边检(10)；税务系统(8)；交通海事民航铁路(4)；统计调查(3)；生态环境/自然资源/农业水利(1),62.0,53.73,4.0,0.0,0.0,,14.0,35.9,40.5,16.0,41.0,75.89,9.0,23.1,56.19,20.0,59.0,1.0,58.0,limited,升学后中等潜力,存在专业代码或专业名称精确匹配，并有直接学历兼容岗位。,可以考，但院校层级优势有限，更依赖岗位地区和限制条件。,岗位窗口较窄，建议只作为就业备选项。,不适合作为普通应用院校的考公主卖点。,上海出入境边防检查总站|上海市公安局特勤局|中国民用航空局华东地区管理局|中国法学会|公安部|内蒙古出入境边防检查总站|北京市公安局特勤局|北京铁路公安局,一级主任科员及以下|一级行政执法员（三）|一级行政执法员（五）|一级行政执法员（八）|一级行政执法员（六）|一级行政执法员（四）|一级警长及以下（一）|一级警长及以下（七）
080102,工程力学,本科(普通),,本科,工学,力学类,29.4,弱适配,2026国考职位表/中央机关及直属机构口径（第三方镜像）,38.0,0.0,38.0,0.0,0.0,0.0,100.0,0.0,0.0,主要靠专业大类/门类岗位,公安/移民/基层执法(27)；海关/边检(10)；税务系统(8)；交通海事民航铁路(4)；统计调查(3),61.0,48.41,4.0,0.0,0.0,,13.0,34.2,14.54,16.0,42.1,75.89,9.0,23.7,56.19,20.0,58.0,0.0,58.0,limited,升学后中等潜力,主要来自专业类/学科门类宽口径匹配，报考前必须核官方专业目录。,可以考，但院校层级优势有限，更依赖岗位地区和限制条件。,岗位窗口较窄，建议只作为就业备选项。,不适合作为普通应用院校的考公主卖点。,上海出入境边防检查总站|上海市公安局特勤局|中国民用航空局华东地区管理局|中国法学会|公安部|内蒙古出入境边防检查总站|北京市公安局特勤局|北京铁路公安局,一级主任科员及以下|一级行政执法员（三）|一级行政执法员（五）|一级行政执法员（八）|一级行政执法员（六）|一级行政执法员（四）|一级警长及以下（一）|一级警长及以下（七）
080202,机械设计制造及其自动化,本科(普通),,本科,工学,机械类,65.4,较强适配,2026国考职位表/中央机关及直属机构口径（第三方镜像）,698.0,74.0,624.0,0.0,0.0,10.6,89.4,0.0,0.0,主要靠专业大类/门类岗位,税务系统(558)；海关/边检(105)；公安/移民/基层执法(32)；交通海事民航铁路(11)；统计调查(3)；生态环境/自然资源/农业水利(1),1415.0,123.66,348.0,0.0,0.0,,23.0,3.3,70.13,37.0,5.3,139.07,638.0,91.4,138.8,34.0,732.0,76.0,656.0,medium,升学后中等潜力,存在专业代码或专业名称精确匹配，并有直接学历兼容岗位。,可以考，但院校层级优势有限，更依赖岗位地区和限制条件。,区域重点/特色院校可重点面向省市县税务、执法、市场监管和事业单位路径。,应用本科可走县区基层、行政执法和地方单位，学校层级不宜夸大。,上海出入境边防检查总站|上海市公安局特勤局|上海海关|上海铁路公安局|上海铁路监督管理局|中国民用航空局华东地区管理局|中国法学会|乌鲁木齐海关,一级主任科员及以下|一级主办及以下|一级主办及以下（一）|一级主办及以下（三）|一级主办及以下（二）|一级行政执法员|一级行政执法员(一)|一级行政执法员(三)
080203,材料成型及控制工程,本科(普通),,本科,工学,机械类,56.9,较强适配,2026国考职位表/中央机关及直属机构口径（第三方镜像）,645.0,14.0,631.0,0.0,0.0,2.2,97.8,0.0,0.0,主要靠专业大类/门类岗位,税务系统(558)；海关/边检(61)；公安/移民/基层执法(32)；交通海事民航铁路(9)；统计调查(3)；生态环境/自然资源/农业水利(1),1342.0,123.01,310.0,0.0,0.0,,15.0,2.3,84.27,31.0,4.8,85.9,599.0,92.9,138.11,33.0,678.0,15.0,663.0,medium,升学后中等潜力,存在专业代码或专业名称精确匹配，并有直接学历兼容岗位。,可以考，但院校层级优势有限，更依赖岗位地区和限制条件。,区域重点/特色院校可重点面向省市县税务、执法、市场监管和事业单位路径。,应用本科可走县区基层、行政执法和地方单位，学校层级不宜夸大。,上海出入境边防检查总站|上海市公安局特勤局|上海铁路公安局|上海铁路监督管理局|中国民用航空局华东地区管理局|中国法学会|云南出入境边防检查总站|人力资源和社会保障部,一级主任科员及以下|一级主办及以下|一级主办及以下（一）|一级主办及以下（三）|一级主办及以下（二）|一级行政执法员|一级行政执法员(一)|一级行政执法员(三)
080204,机械电子工程,本科(普通),,本科,工学,机械类,64.6,较强适配,2026国考职位表/中央机关及直属机构口径（第三方镜像）,688.0,64.0,624.0,0.0,0.0,9.3,90.7,0.0,0.0,主要靠专业大类/门类岗位,税务系统(558)；海关/边检(98)；公安/移民/基层执法(31)；交通海事民航铁路(9)；统计调查(3),1400.0,123.17,342.0,0.0,0.0,,20.0,2.9,26.62,35.0,5.1,119.28,633.0,92.0,139.49,36.0,724.0,68.0,656.0,medium,升学后中等潜力,存在专业代码或专业名称精确匹配，并有直接学历兼容岗位。,可以考，但院校层级优势有限，更依赖岗位地区和限制条件。,区域重点/特色院校可重点面向省市县税务、执法、市场监管和事业单位路径。,应用本科可走县区基层、行政执法和地方单位，学校层级不宜夸大。,上海出入境边防检查总站|上海市公安局特勤局|上海海关|上海铁路公安局|上海铁路监督管理局|中国民用航空局中南地区管理局|中国民用航空局华东地区管理局|中国法学会,一级主任科员及以下|一级主办及以下|一级主办及以下（一）|一级主办及以下（三）|一级主办及以下（二）|一级科员|一级行政执法员|一级行政执法员(一)
080205,工业设计,本科(普通),,本科,工学,机械类,52.4,中等适配,2026国考职位表/中央机关及直属机构口径（第三方镜像）,636.0,5.0,631.0,0.0,0.0,0.8,99.2,0.0,0.0,主要靠专业大类/门类岗位,税务系统(558)；海关/边检(53)；公安/移民/基层执法(31)；交通海事民航铁路(9)；统计调查(3),1326.0,122.65,304.0,0.0,0.0,,14.0,2.2,21.71,30.0,4.7,88.23,592.0,93.1,137.69,32.0,668.0,5.0,663.0,medium,升学后中等潜力,存在专业代码或专业名称精确匹配，并有直接学历兼容岗位。,可以考，但院校层级优势有限，更依赖岗位地区和限制条件。,可作为备选路径，适合叠加党员、基层项目、应届身份等条件。,可作为基层备选，但要靠地域、应届和限制条件放大机会。,上海出入境边防检查总站|上海市公安局特勤局|上海铁路公安局|上海铁路监督管理局|中国民用航空局华东地区管理局|中国法学会|云南出入境边防检查总站|人力资源和社会保障部,一级主任科员及以下|一级主办及以下|一级主办及以下（一）|一级主办及以下（三）|一级主办及以下（二）|一级行政执法员|一级行政执法员(一)|一级行政执法员(三)
080206,过程装备与控制工程,本科(普通),,本科,工学,机械类,55.8,较强适配,2026国考职位表/中央机关及直属机构口径（第三方镜像）,642.0,11.0,631.0,0.0,0.0,1.7,98.3,0.0,0.0,主要靠专业大类/门类岗位,税务系统(558)；海关/边检(58)；公安/移民/基层执法(31)；交通海事民航铁路(9)；统计调查(3)；生态环境/自然资源/农业水利(1),1335.0,123.12,308.0,0.0,0.0,,15.0,2.3,84.27,30.0,4.7,88.23,597.0,93.0,137.5,32.0,674.0,11.0,663.0,medium,升学后中等潜力,存在专业代码或专业名称精确匹配，并有直接学历兼容岗位。,可以考，但院校层级优势有限，更依赖岗位地区和限制条件。,区域重点/特色院校可重点面向省市县税务、执法、市场监管和事业单位路径。,应用本科可走县区基层、行政执法和地方单位，学校层级不宜夸大。,上海出入境边防检查总站|上海市公安局特勤局|上海铁路公安局|上海铁路监督管理局|中国民用航空局华东地区管理局|中国法学会|云南出入境边防检查总站|人力资源和社会保障部,一级主任科员及以下|一级主办及以下|一级主办及以下（一）|一级主办及以下（三）|一级主办及以下（二）|一级行政执法员|一级行政执法员(一)|一级行政执法员(三)
080208,汽车服务工程,本科(普通),,本科,工学,机械类,51.5,中等适配,2026国考职位表/中央机关及直属机构口径（第三方镜像）,635.0,4.0,631.0,0.0,0.0,0.6,99.4,0.0,0.0,主要靠专业大类/门类岗位,税务系统(558)；海关/边检(52)；公安/移民/基层执法(31)；交通海事民航铁路(9)；统计调查(3),1324.0,122.79,303.0,0.0,0.0,,14.0,2.2,21.71,30.0,4.7,88.23,591.0,93.1,138.03,32.0,667.0,4.0,663.0,medium,升学后中等潜力,存在专业代码或专业名称精确匹配，并有直接学历兼容岗位。,可以考，但院校层级优势有限，更依赖岗位地区和限制条件。,可作为备选路径，适合叠加党员、基层项目、应届身份等条件。,可作为基层备选，但要靠地域、应届和限制条件放大机会。,上海出入境边防检查总站|上海市公安局特勤局|上海铁路公安局|上海铁路监督管理局|中国民用航空局华东地区管理局|中国法学会|云南出入境边防检查总站|人力资源和社会保障部,一级主任科员及以下|一级主办及以下|一级主办及以下（一）|一级主办及以下（三）|一级主办及以下（二）|一级行政执法员|一级行政执法员(一)|一级行政执法员(三)
080209T,机械工艺技术,本科(普通),,本科,工学,机械类,53.8,中等适配,2026国考职位表/中央机关及直属机构口径（第三方镜像）,638.0,7.0,631.0,0.0,0.0,1.1,98.9,0.0,0.0,主要靠专业大类/门类岗位,税务系统(558)；海关/边检(55)；公安/移民/基层执法(31)；交通海事民航铁路(9)；统计调查(3),1327.0,122.7,306.0,0.0,0.0,,14.0,2.2,21.71,30.0,4.7,88.23,594.0,93.1,137.75,33.0,671.0,8.0,663.0,medium,升学后中等潜力,存在专业代码或专业名称精确匹配，并有直接学历兼容岗位。,可以考，但院校层级优势有限，更依赖岗位地区和限制条件。,可作为备选路径，适合叠加党员、基层项目、应届身份等条件。,可作为基层备选，但要靠地域、应届和限制条件放大机会。,上海出入境边防检查总站|上海市公安局特勤局|上海铁路公安局|上海铁路监督管理局|中国民用航空局华东地区管理局|中国法学会|云南出入境边防检查总站|人力资源和社会保障部,一级主任科员及以下|一级主办及以下|一级主办及以下（一）|一级主办及以下（三）|一级主办及以下（二）|一级行政执法员|一级行政执法员(一)|一级行政执法员(三)
080210T,微机电系统工程,本科(普通),,本科,工学,机械类,50.5,中等适配,2026国考职位表/中央机关及直属机构口径（第三方镜像）,634.0,3.0,631.0,0.0,0.0,0.5,99.5,0.0,0.0,主要靠专业大类/门类岗位,税务系统(558)；海关/边检(51)；公安/移民/基层执法(31)；交通海事民航铁路(9)；统计调查(3),1323.0,122.69,302.0,0.0,0.0,,14.0,2.2,21.71,30.0,4.7,88.23,590.0,93.1,137.84,33.0,667.0,4.0,663.0,medium,升学后中等潜力,存在专业代码或专业名称精确匹配，并有直接学历兼容岗位。,可以考，但院校层级优势有限，更依赖岗位地区和限制条件。,可作为备选路径，适合叠加党员、基层项目、应届身份等条件。,可作为基层备选，但要靠地域、应届和限制条件放大机会。,上海出入境边防检查总站|上海市公安局特勤局|上海铁路公安局|上海铁路监督管理局|中国民用航空局华东地区管理局|中国法学会|云南出入境边防检查总站|人力资源和社会保障部,一级主任科员及以下|一级主办及以下|一级主办及以下（一）|一级主办及以下（三）|一级主办及以下（二）|一级行政执法员|一级行政执法员(一)|一级行政执法员(三)
080211T,机电技术教育,本科(普通),,本科,工学,机械类,43.8,中等适配,2026国考职位表/中央机关及直属机构口径（第三方镜像）,631.0,0.0,631.0,0.0,0.0,0.0,100.0,0.0,0.0,主要靠专业大类/门类岗位,税务系统(558)；海关/边检(48)；公安/移民/基层执法(31)；交通海事民航铁路(9)；统计调查(3),1320.0,122.54,299.0,0.0,0.0,,14.0,2.2,21.71,30.0,4.8,88.23,587.0,93.0,137.58,32.0,663.0,0.0,663.0,medium,升学后中等潜力,主要来自专业类/学科门类宽口径匹配，报考前必须核官方专业目录。,可以考，但院校层级优势有限，更依赖岗位地区和限制条件。,可作为备选路径，适合叠加党员、基层项目、应届身份等条件。,可作为基层备选，但要靠地域、应届和限制条件放大机会。,上海出入境边防检查总站|上海市公安局特勤局|上海铁路公安局|上海铁路监督管理局|中国民用航空局华东地区管理局|中国法学会|云南出入境边防检查总站|人力资源和社会保障部,一级主任科员及以下|一级主办及以下|一级主办及以下（一）|一级主办及以下（三）|一级主办及以下（二）|一级行政执法员|一级行政执法员(一)|一级行政执法员(三)
080212T,汽车维修工程教育,本科(普通),,本科,工学,机械类,47.1,中等适配,2026国考职位表/中央机关及直属机构口径（第三方镜像）,632.0,1.0,631.0,0.0,0.0,0.2,99.8,0.0,0.0,主要靠专业大类/门类岗位,税务系统(558)；海关/边检(49)；公安/移民/基层执法(31)；交通海事民航铁路(9)；统计调查(3),1321.0,122.82,300.0,0.0,0.0,,14.0,2.2,21.71,30.0,4.7,88.23,588.0,93.0,138.18,32.0,664.0,1.0,663.0,medium,升学后中等潜力,存在专业代码或专业名称精确匹配，并有直接学历兼容岗位。,可以考，但院校层级优势有限，更依赖岗位地区和限制条件。,可作为备选路径，适合叠加党员、基层项目、应届身份等条件。,可作为基层备选，但要靠地域、应届和限制条件放大机会。,上海出入境边防检查总站|上海市公安局特勤局|上海铁路公安局|上海铁路监督管理局|中国民用航空局华东地区管理局|中国法学会|云南出入境边防检查总站|人力资源和社会保障部,一级主任科员及以下|一级主办及以下|一级主办及以下（一）|一级主办及以下（三）|一级主办及以下（二）|一级行政执法员|一级行政执法员(一)|一级行政执法员(三)
080213T,智能制造工程,本科(普通),,本科,工学,机械类,53.1,中等适配,2026国考职位表/中央机关及直属机构口径（第三方镜像）,637.0,6.0,631.0,0.0,0.0,0.9,99.1,0.0,0.0,主要靠专业大类/门类岗位,税务系统(558)；海关/边检(54)；公安/移民/基层执法(31)；交通海事民航铁路(9)；统计调查(3),1326.0,123.08,305.0,0.0,0.0,,14.0,2.2,21.71,30.0,4.7,88.23,593.0,93.1,138.64,32.0,669.0,6.0,663.0,medium,升学后中等潜力,存在专业代码或专业名称精确匹配，并有直接学历兼容岗位。,可以考，但院校层级优势有限，更依赖岗位地区和限制条件。,可作为备选路径，适合叠加党员、基层项目、应届身份等条件。,可作为基层备选，但要靠地域、应届和限制条件放大机会。,上海出入境边防检查总站|上海市公安局特勤局|上海铁路公安局|上海铁路监督管理局|中国民用航空局华东地区管理局|中国法学会|云南出入境边防检查总站|人力资源和社会保障部,一级主任科员及以下|一级主办及以下|一级主办及以下（一）|一级主办及以下（三）|一级主办及以下（二）|一级行政执法员|一级行政执法员(一)|一级行政执法员(三)
080214T,智能车辆工程,本科(普通),,本科,工学,机械类,54.9,中等适配,2026国考职位表/中央机关及直属机构口径（第三方镜像）,640.0,9.0,631.0,0.0,0.0,1.4,98.6,0.0,0.0,主要靠专业大类/门类岗位,税务系统(558)；海关/边检(57)；公安/移民/基层执法(31)；交通海事民航铁路(9)；统计调查(3),1329.0,122.92,308.0,0.0,0.0,,14.0,2.2,21.71,30.0,4.7,88.23,596.0,93.1,138.19,33.0,673.0,10.0,663.0,medium,升学后中等潜力,存在专业代码或专业名称精确匹配，并有直接学历兼容岗位。,可以考，但院校层级优势有限，更依赖岗位地区和限制条件。,可作为备选路径，适合叠加党员、基层项目、应届身份等条件。,可作为基层备选，但要靠地域、应届和限制条件放大机会。,上海出入境边防检查总站|上海市公安局特勤局|上海铁路公安局|上海铁路监督管理局|中国民用航空局华东地区管理局|中国法学会|云南出入境边防检查总站|人力资源和社会保障部,一级主任科员及以下|一级主办及以下|一级主办及以下（一）|一级主办及以下（三）|一级主办及以下（二）|一级行政执法员|一级行政执法员(一)|一级行政执法员(三)
080215T,仿生科学与工程,本科(普通),,本科,工学,机械类,50.5,中等适配,2026国考职位表/中央机关及直属机构口径（第三方镜像）,634.0,3.0,631.0,0.0,0.0,0.5,99.5,0.0,0.0,主要靠专业大类/门类岗位,税务系统(558)；海关/边检(51)；公安/移民/基层执法(31)；交通海事民航铁路(9)；统计调查(3),1323.0,122.69,302.0,0.0,0.0,,14.0,2.2,21.71,30.0,4.7,88.23,590.0,93.1,137.84,32.0,666.0,3.0,663.0,medium,升学后中等潜力,存在专业代码或专业名称精确匹配，并有直接学历兼容岗位。,可以考，但院校层级优势有限，更依赖岗位地区和限制条件。,可作为备选路径，适合叠加党员、基层项目、应届身份等条件。,可作为基层备选，但要靠地域、应届和限制条件放大机会。,上海出入境边防检查总站|上海市公安局特勤局|上海铁路公安局|上海铁路监督管理局|中国民用航空局华东地区管理局|中国法学会|云南出入境边防检查总站|人力资源和社会保障部,一级主任科员及以下|一级主办及以下|一级主办及以下（一）|一级主办及以下（三）|一级主办及以下（二）|一级行政执法员|一级行政执法员(一)|一级行政执法员(三)
080216T,新能源汽车工程,本科(普通),,本科,工学,机械类,56.2,较强适配,2026国考职位表/中央机关及直属机构口径（第三方镜像）,643.0,12.0,631.0,0.0,0.0,1.9,98.1,0.0,0.0,主要靠专业大类/门类岗位,税务系统(558)；海关/边检(60)；公安/移民/基层执法(31)；交通海事民航铁路(9)；统计调查(3),1333.0,123.91,311.0,0.0,0.0,,14.0,2.2,21.71,30.0,4.7,88.23,599.0,93.2,140.34,34.0,677.0,14.0,663.0,medium,升学后中等潜力,存在专业代码或专业名称精确匹配，并有直接学历兼容岗位。,可以考，但院校层级优势有限，更依赖岗位地区和限制条件。,区域重点/特色院校可重点面向省市县税务、执法、市场监管和事业单位路径。,应用本科可走县区基层、行政执法和地方单位，学校层级不宜夸大。,上海出入境边防检查总站|上海市公安局特勤局|上海铁路公安局|上海铁路监督管理局|中国民用航空局华东地区管理局|中国法学会|中国贸促会|云南出入境边防检查总站,一级主任科员及以下|一级主办及以下|一级主办及以下（一）|一级主办及以下（三）|一级主办及以下（二）|一级行政执法员|一级行政执法员(一)|一级行政执法员(三)
080217T,增材制造工程,本科(普通),,本科,工学,机械类,43.8,中等适配,2026国考职位表/中央机关及直属机构口径（第三方镜像）,631.0,0.0,631.0,0.0,0.0,0.0,100.0,0.0,0.0,主要靠专业大类/门类岗位,税务系统(558)；海关/边检(48)；公安/移民/基层执法(31)；交通海事民航铁路(9)；统计调查(3),1320.0,122.54,299.0,0.0,0.0,,14.0,2.2,21.71,30.0,4.8,88.23,587.0,93.0,137.58,32.0,663.0,0.0,663.0,medium,升学后中等潜力,主要来自专业类/学科门类宽口径匹配，报考前必须核官方专业目录。,可以考，但院校层级优势有限，更依赖岗位地区和限制条件。,可作为备选路径，适合叠加党员、基层项目、应届身份等条件。,可作为基层备选，但要靠地域、应届和限制条件放大机会。,上海出入境边防检查总站|上海市公安局特勤局|上海铁路公安局|上海铁路监督管理局|中国民用航空局华东地区管理局|中国法学会|云南出入境边防检查总站|人力资源和社会保障部,一级主任科员及以下|一级主办及以下|一级主办及以下（一）|一级主办及以下（三）|一级主办及以下（二）|一级行政执法员|一级行政执法员(一)|一级行政执法员(三)
080218T,智能交互设计,本科(普通),,本科,工学,机械类,47.1,中等适配,2026国考职位表/中央机关及直属机构口径（第三方镜像）,632.0,1.0,631.0,0.0,0.0,0.2,99.8,0.0,0.0,主要靠专业大类/门类岗位,税务系统(558)；海关/边检(49)；公安/移民/基层执法(31)；交通海事民航铁路(9)；统计调查(3),1321.0,122.55,300.0,0.0,0.0,,14.0,2.2,21.71,30.0,4.7,88.23,588.0,93.0,137.57,32.0,664.0,1.0,663.0,medium,升学后中等潜力,存在专业代码或专业名称精确匹配，并有直接学历兼容岗位。,可以考，但院校层级优势有限，更依赖岗位地区和限制条件。,可作为备选路径，适合叠加党员、基层项目、应届身份等条件。,可作为基层备选，但要靠地域、应届和限制条件放大机会。,上海出入境边防检查总站|上海市公安局特勤局|上海铁路公安局|上海铁路监督管理局|中国民用航空局华东地区管理局|中国法学会|云南出入境边防检查总站|人力资源和社会保障部,一级主任科员及以下|一级主办及以下|一级主办及以下（一）|一级主办及以下（三）|一级主办及以下（二）|一级行政执法员|一级行政执法员(一)|一级行政执法员(三)
080219T,应急装备技术与工程,本科(普通),,本科,工学,机械类,43.8,中等适配,2026国考职位表/中央机关及直属机构口径（第三方镜像）,631.0,0.0,631.0,0.0,0.0,0.0,100.0,0.0,0.0,主要靠专业大类/门类岗位,税务系统(558)；海关/边检(48)；公安/移民/基层执法(31)；交通海事民航铁路(9)；统计调查(3),1320.0,122.54,299.0,0.0,0.0,,14.0,2.2,21.71,30.0,4.8,88.23,587.0,93.0,137.58,32.0,663.0,0.0,663.0,medium,升学后中等潜力,主要来自专业类/学科门类宽口径匹配，报考前必须核官方专业目录。,可以考，但院校层级优势有限，更依赖岗位地区和限制条件。,可作为备选路径，适合叠加党员、基层项目、应届身份等条件。,可作为基层备选，但要靠地域、应届和限制条件放大机会。,上海出入境边防检查总站|上海市公安局特勤局|上海铁路公安局|上海铁路监督管理局|中国民用航空局华东地区管理局|中国法学会|云南出入境边防检查总站|人力资源和社会保障部,一级主任科员及以下|一级主办及以下|一级主办及以下（一）|一级主办及以下（三）|一级主办及以下（二）|一级行政执法员|一级行政执法员(一)|一级行政执法员(三)
080220T,农林智能装备工程,本科(普通),,本科,工学,机械类,43.8,中等适配,2026国考职位表/中央机关及直属机构口径（第三方镜像）,631.0,0.0,631.0,0.0,0.0,0.0,100.0,0.0,0.0,主要靠专业大类/门类岗位,税务系统(558)；海关/边检(48)；公安/移民/基层执法(31)；交通海事民航铁路(9)；统计调查(3),1320.0,122.54,299.0,0.0,0.0,,14.0,2.2,21.71,30.0,4.8,88.23,587.0,93.0,137.58,32.0,663.0,0.0,663.0,medium,升学后中等潜力,主要来自专业类/学科门类宽口径匹配，报考前必须核官方专业目录。,可以考，但院校层级优势有限，更依赖岗位地区和限制条件。,可作为备选路径，适合叠加党员、基层项目、应届身份等条件。,可作为基层备选，但要靠地域、应届和限制条件放大机会。,上海出入境边防检查总站|上海市公安局特勤局|上海铁路公安局|上海铁路监督管理局|中国民用航空局华东地区管理局|中国法学会|云南出入境边防检查总站|人力资源和社会保障部,一级主任科员及以下|一级主办及以下|一级主办及以下（一）|一级主办及以下（三）|一级主办及以下（二）|一级行政执法员|一级行政执法员(一)|一级行政执法员(三)
080302T,精密仪器,本科(普通),,本科,工学,仪器类,38.6,中等适配,2026国考职位表/中央机关及直属机构口径（第三方镜像）,183.0,0.0,183.0,0.0,0.0,0.0,100.0,0.0,0.0,主要靠专业大类/门类岗位,税务系统(136)；海关/边检(27)；公安/移民/基层执法(26)；交通海事民航铁路(4)；统计调查(3),412.0,104.51,100.0,0.0,0.0,,13.0,7.1,14.54,18.0,9.8,56.76,152.0,83.1,122.09,23.0,206.0,3.0,203.0,medium,升学后中等潜力,主要来自专业类/学科门类宽口径匹配，报考前必须核官方专业目录。,可以考，但院校层级优势有限，更依赖岗位地区和限制条件。,可作为备选路径，适合叠加党员、基层项目、应届身份等条件。,可作为基层备选，但要靠地域、应届和限制条件放大机会。,上海出入境边防检查总站|上海市公安局特勤局|中国民用航空局华东地区管理局|中国法学会|中国贸促会|公安部|内蒙古出入境边防检查总站|北京市公安局特勤局,一级主任科员及以下|一级行政执法员|一级行政执法员（一）|一级行政执法员（七）|一级行政执法员（三）|一级行政执法员（九）|一级行政执法员（二）|一级行政执法员（五）
080303T,智能感知工程,本科(普通),,本科,工学,仪器类,38.6,中等适配,2026国考职位表/中央机关及直属机构口径（第三方镜像）,183.0,0.0,183.0,0.0,0.0,0.0,100.0,0.0,0.0,主要靠专业大类/门类岗位,税务系统(136)；海关/边检(27)；公安/移民/基层执法(26)；交通海事民航铁路(4)；统计调查(3),412.0,104.51,100.0,0.0,0.0,,13.0,7.1,14.54,18.0,9.8,56.76,152.0,83.1,122.09,21.0,204.0,1.0,203.0,medium,升学后中等潜力,主要来自专业类/学科门类宽口径匹配，报考前必须核官方专业目录。,可以考，但院校层级优势有限，更依赖岗位地区和限制条件。,可作为备选路径，适合叠加党员、基层项目、应届身份等条件。,可作为基层备选，但要靠地域、应届和限制条件放大机会。,上海出入境边防检查总站|上海市公安局特勤局|中国民用航空局华东地区管理局|中国法学会|公安部|内蒙古出入境边防检查总站|北京市公安局特勤局|北京海关,一级主任科员及以下|一级行政执法员|一级行政执法员（一）|一级行政执法员（七）|一级行政执法员（三）|一级行政执法员（九）|一级行政执法员（二）|一级行政执法员（五）
080402,材料物理,本科(普通),,本科,工学,材料类,51.5,中等适配,2026国考职位表/中央机关及直属机构口径（第三方镜像）,342.0,7.0,335.0,0.0,0.0,2.0,98.0,0.0,0.0,主要靠专业大类/门类岗位,税务系统(267)；海关/边检(44)；公安/移民/基层执法(36)；交通海事民航铁路(12)；统计调查(3),668.0,105.21,108.0,0.0,0.0,,16.0,4.7,23.12,40.0,11.7,101.17,286.0,83.6,129.26,21.0,363.0,8.0,355.0,medium,升学后中等潜力,存在专业代码或专业名称精确匹配，并有直接学历兼容岗位。,可以考，但院校层级优势有限，更依赖岗位地区和限制条件。,可作为备选路径，适合叠加党员、基层项目、应届身份等条件。,可作为基层备选，但要靠地域、应届和限制条件放大机会。,上海出入境边防检查总站|上海市公安局特勤局|中国民用航空局中南地区管理局|中国民用航空局华东地区管理局|中国法学会|乌鲁木齐铁路公安局|公安部|内蒙古出入境边防检查总站,一级主任科员及以下|一级行政执法员|一级行政执法员(一)|一级行政执法员(三)|一级行政执法员(二)|一级行政执法员(五)|一级行政执法员(四)|一级行政执法员（一）
080403,材料化学,本科(普通),,本科,工学,材料类,57.9,较强适配,2026国考职位表/中央机关及直属机构口径（第三方镜像）,363.0,28.0,335.0,0.0,0.0,7.7,92.3,0.0,0.0,主要靠专业大类/门类岗位,税务系统(267)；海关/边检(66)；公安/移民/基层执法(36)；交通海事民航铁路(12)；统计调查(3),690.0,109.44,125.0,0.0,0.0,,16.0,4.4,23.12,42.0,11.6,140.47,305.0,84.0,132.24,21.0,384.0,29.0,355.0,medium,升学后中等潜力,存在专业代码或专业名称精确匹配，并有直接学历兼容岗位。,可以考，但院校层级优势有限，更依赖岗位地区和限制条件。,区域重点/特色院校可重点面向省市县税务、执法、市场监管和事业单位路径。,应用本科可走县区基层、行政执法和地方单位，学校层级不宜夸大。,上海出入境边防检查总站|上海市公安局特勤局|中国民用航空局华东地区管理局|中国法学会|乌鲁木齐铁路公安局|公安部|内蒙古出入境边防检查总站|北京出入境边防检查总站,一级主任科员及以下|一级行政执法员|一级行政执法员(一)|一级行政执法员(三)|一级行政执法员(二)|一级行政执法员(五)|一级行政执法员(四)|一级行政执法员（一）
080404,冶金工程,本科(普通),,本科,工学,材料类,54.1,中等适配,2026国考职位表/中央机关及直属机构口径（第三方镜像）,341.0,13.0,328.0,0.0,0.0,3.8,96.2,0.0,0.0,主要靠专业大类/门类岗位,税务系统(267)；海关/边检(44)；公安/移民/基层执法(36)；交通海事民航铁路(12)；统计调查(3),667.0,104.49,109.0,0.0,0.0,,16.0,4.7,23.12,40.0,11.7,92.72,285.0,83.6,129.0,22.0,363.0,15.0,348.0,medium,升学后中等潜力,存在专业代码或专业名称精确匹配，并有直接学历兼容岗位。,可以考，但院校层级优势有限，更依赖岗位地区和限制条件。,可作为备选路径，适合叠加党员、基层项目、应届身份等条件。,可作为基层备选，但要靠地域、应届和限制条件放大机会。,上海出入境边防检查总站|上海市公安局特勤局|中国民用航空局华东地区管理局|中国法学会|乌鲁木齐铁路公安局|人力资源和社会保障部|公安部|兰州海关,一级主任科员及以下|一级行政执法员|一级行政执法员(一)|一级行政执法员(三)|一级行政执法员(二)|一级行政执法员(五)|一级行政执法员(四)|一级行政执法员（一）
080405,金属材料工程,本科(普通),,本科,工学,材料类,54.9,中等适配,2026国考职位表/中央机关及直属机构口径（第三方镜像）,350.0,15.0,335.0,0.0,0.0,4.3,95.7,0.0,0.0,主要靠专业大类/门类岗位,税务系统(267)；海关/边检(53)；公安/移民/基层执法(36)；交通海事民航铁路(12)；统计调查(3),675.0,107.58,115.0,0.0,0.0,,16.0,4.6,23.12,41.0,11.7,105.99,293.0,83.7,133.53,20.0,370.0,15.0,355.0,medium,升学后中等潜力,存在专业代码或专业名称精确匹配，并有直接学历兼容岗位。,可以考，但院校层级优势有限，更依赖岗位地区和限制条件。,可作为备选路径，适合叠加党员、基层项目、应届身份等条件。,可作为基层备选，但要靠地域、应届和限制条件放大机会。,上海出入境边防检查总站|上海市公安局特勤局|上海海关|中国民用航空局华东地区管理局|中国法学会|乌鲁木齐海关|乌鲁木齐铁路公安局|公安部,一级主任科员及以下|一级行政执法员|一级行政执法员(一)|一级行政执法员(三)|一级行政执法员(二)|一级行政执法员(五)|一级行政执法员(四)|一级行政执法员（一）
080406,无机非金属材料工程,本科(普通),,本科,工学,材料类,49.1,中等适配,2026国考职位表/中央机关及直属机构口径（第三方镜像）,339.0,4.0,335.0,0.0,0.0,1.2,98.8,0.0,0.0,主要靠专业大类/门类岗位,税务系统(267)；海关/边检(42)；公安/移民/基层执法(36)；交通海事民航铁路(12)；统计调查(3),663.0,104.38,107.0,0.0,0.0,,16.0,4.7,23.12,39.0,11.5,93.02,284.0,83.8,128.38,20.0,359.0,4.0,355.0,medium,升学后中等潜力,存在专业代码或专业名称精确匹配，并有直接学历兼容岗位。,可以考，但院校层级优势有限，更依赖岗位地区和限制条件。,可作为备选路径，适合叠加党员、基层项目、应届身份等条件。,可作为基层备选，但要靠地域、应届和限制条件放大机会。,上海出入境边防检查总站|上海市公安局特勤局|中国民用航空局华东地区管理局|中国法学会|乌鲁木齐海关|乌鲁木齐铁路公安局|公安部|内蒙古出入境边防检查总站,一级主任科员及以下|一级行政执法员|一级行政执法员(一)|一级行政执法员(三)|一级行政执法员(二)|一级行政执法员(五)|一级行政执法员(四)|一级行政执法员（一）
080407,高分子材料与工程,本科(普通),,本科,工学,材料类,50.1,中等适配,2026国考职位表/中央机关及直属机构口径（第三方镜像）,340.0,5.0,335.0,0.0,0.0,1.5,98.5,0.0,0.0,主要靠专业大类/门类岗位,税务系统(267)；海关/边检(43)；公安/移民/基层执法(36)；交通海事民航铁路(12)；统计调查(3),666.0,104.53,107.0,0.0,0.0,,16.0,4.7,23.12,40.0,11.8,101.17,284.0,83.5,127.84,21.0,361.0,6.0,355.0,medium,升学后中等潜力,存在专业代码或专业名称精确匹配，并有直接学历兼容岗位。,可以考，但院校层级优势有限，更依赖岗位地区和限制条件。,可作为备选路径，适合叠加党员、基层项目、应届身份等条件。,可作为基层备选，但要靠地域、应届和限制条件放大机会。,上海出入境边防检查总站|上海市公安局特勤局|中国民用航空局华东地区管理局|中国法学会|乌鲁木齐铁路公安局|公安部|内蒙古出入境边防检查总站|北京出入境边防检查总站,一级主任科员及以下|一级行政执法员|一级行政执法员(一)|一级行政执法员(三)|一级行政执法员(二)|一级行政执法员(五)|一级行政执法员(四)|一级行政执法员（一）
080408,复合材料与工程,本科(普通),,本科,工学,材料类,50.0,中等适配,2026国考职位表/中央机关及直属机构口径（第三方镜像）,340.0,5.0,335.0,0.0,0.0,1.5,98.5,0.0,0.0,主要靠专业大类/门类岗位,税务系统(267)；海关/边检(43)；公安/移民/基层执法(36)；交通海事民航铁路(12)；统计调查(3),666.0,104.53,107.0,0.0,0.0,,16.0,4.7,23.12,40.0,11.8,101.17,284.0,83.5,127.84,20.0,360.0,5.0,355.0,medium,升学后中等潜力,存在专业代码或专业名称精确匹配，并有直接学历兼容岗位。,可以考，但院校层级优势有限，更依赖岗位地区和限制条件。,可作为备选路径，适合叠加党员、基层项目、应届身份等条件。,可作为基层备选，但要靠地域、应届和限制条件放大机会。,上海出入境边防检查总站|上海市公安局特勤局|中国民用航空局华东地区管理局|中国法学会|乌鲁木齐铁路公安局|公安部|内蒙古出入境边防检查总站|北京出入境边防检查总站,一级主任科员及以下|一级行政执法员|一级行政执法员(一)|一级行政执法员(三)|一级行政执法员(二)|一级行政执法员(五)|一级行政执法员(四)|一级行政执法员（一）
080409T,粉体材料科学与工程,本科(普通),,本科,工学,材料类,41.4,中等适配,2026国考职位表/中央机关及直属机构口径（第三方镜像）,335.0,0.0,335.0,0.0,0.0,0.0,100.0,0.0,0.0,主要靠专业大类/门类岗位,税务系统(267)；海关/边检(38)；公安/移民/基层执法(36)；交通海事民航铁路(12)；统计调查(3),659.0,103.84,104.0,0.0,0.0,,16.0,4.8,23.12,39.0,11.6,93.02,280.0,83.6,127.44,20.0,355.0,0.0,355.0,medium,升学后中等潜力,主要来自专业类/学科门类宽口径匹配，报考前必须核官方专业目录。,可以考，但院校层级优势有限，更依赖岗位地区和限制条件。,可作为备选路径，适合叠加党员、基层项目、应届身份等条件。,可作为基层备选，但要靠地域、应届和限制条件放大机会。,上海出入境边防检查总站|上海市公安局特勤局|中国民用航空局华东地区管理局|中国法学会|乌鲁木齐铁路公安局|公安部|内蒙古出入境边防检查总站|北京出入境边防检查总站,一级主任科员及以下|一级行政执法员|一级行政执法员(一)|一级行政执法员(三)|一级行政执法员(二)|一级行政执法员(五)|一级行政执法员(四)|一级行政执法员（一）
080410T,宝石及材料工艺学,本科(普通),,本科,工学,材料类,41.4,中等适配,2026国考职位表/中央机关及直属机构口径（第三方镜像）,335.0,0.0,335.0,0.0,0.0,0.0,100.0,0.0,0.0,主要靠专业大类/门类岗位,税务系统(267)；海关/边检(38)；公安/移民/基层执法(36)；交通海事民航铁路(12)；统计调查(3),659.0,103.84,104.0,0.0,0.0,,16.0,4.8,23.12,39.0,11.6,93.02,280.0,83.6,127.44,20.0,355.0,0.0,355.0,medium,升学后中等潜力,主要来自专业类/学科门类宽口径匹配，报考前必须核官方专业目录。,可以考，但院校层级优势有限，更依赖岗位地区和限制条件。,可作为备选路径，适合叠加党员、基层项目、应届身份等条件。,可作为基层备选，但要靠地域、应届和限制条件放大机会。,上海出入境边防检查总站|上海市公安局特勤局|中国民用航空局华东地区管理局|中国法学会|乌鲁木齐铁路公安局|公安部|内蒙古出入境边防检查总站|北京出入境边防检查总站,一级主任科员及以下|一级行政执法员|一级行政执法员(一)|一级行政执法员(三)|一级行政执法员(二)|一级行政执法员(五)|一级行政执法员(四)|一级行政执法员（一）
080411T,焊接技术与工程,本科(普通),,本科,工学,材料类,44.8,中等适配,2026国考职位表/中央机关及直属机构口径（第三方镜像）,336.0,1.0,335.0,0.0,0.0,0.3,99.7,0.0,0.0,主要靠专业大类/门类岗位,税务系统(267)；海关/边检(38)；公安/移民/基层执法(36)；交通海事民航铁路(12)；统计调查(3)；生态环境/自然资源/农业水利(1),660.0,105.14,104.0,0.0,0.0,,17.0,5.1,78.24,39.0,11.6,93.02,280.0,83.3,127.44,20.0,356.0,1.0,355.0,medium,升学后中等潜力,存在专业代码或专业名称精确匹配，并有直接学历兼容岗位。,可以考，但院校层级优势有限，更依赖岗位地区和限制条件。,可作为备选路径，适合叠加党员、基层项目、应届身份等条件。,可作为基层备选，但要靠地域、应届和限制条件放大机会。,上海出入境边防检查总站|上海市公安局特勤局|中国民用航空局华东地区管理局|中国法学会|乌鲁木齐铁路公安局|公安部|内蒙古出入境边防检查总站|北京出入境边防检查总站,一级主任科员及以下|一级行政执法员|一级行政执法员(一)|一级行政执法员(三)|一级行政执法员(二)|一级行政执法员(五)|一级行政执法员(四)|一级行政执法员（一）
080412T,功能材料,本科(普通),,本科,工学,材料类,44.7,中等适配,2026国考职位表/中央机关及直属机构口径（第三方镜像）,336.0,1.0,335.0,0.0,0.0,0.3,99.7,0.0,0.0,主要靠专业大类/门类岗位,税务系统(267)；海关/边检(39)；公安/移民/基层执法(37)；交通海事民航铁路(12)；统计调查(3),663.0,103.29,104.0,0.0,0.0,,16.0,4.8,23.12,40.0,11.9,91.0,280.0,83.3,127.44,20.0,356.0,1.0,355.0,medium,升学后中等潜力,存在专业代码或专业名称精确匹配，并有直接学历兼容岗位。,可以考，但院校层级优势有限，更依赖岗位地区和限制条件。,可作为备选路径，适合叠加党员、基层项目、应届身份等条件。,可作为基层备选，但要靠地域、应届和限制条件放大机会。,上海出入境边防检查总站|上海市公安局特勤局|中国民用航空局华东地区管理局|中国法学会|乌鲁木齐铁路公安局|公安部|内蒙古出入境边防检查总站|北京出入境边防检查总站,一级主任科员及以下|一级行政执法员|一级行政执法员(一)|一级行政执法员(三)|一级行政执法员(二)|一级行政执法员(五)|一级行政执法员(四)|一级行政执法员（一）
080413T,纳米材料与技术,本科(普通),,本科,工学,材料类,41.4,中等适配,2026国考职位表/中央机关及直属机构口径（第三方镜像）,335.0,0.0,335.0,0.0,0.0,0.0,100.0,0.0,0.0,主要靠专业大类/门类岗位,税务系统(267)；海关/边检(38)；公安/移民/基层执法(36)；交通海事民航铁路(12)；统计调查(3),659.0,103.84,104.0,0.0,0.0,,16.0,4.8,23.12,39.0,11.6,93.02,280.0,83.6,127.44,20.0,355.0,0.0,355.0,medium,升学后中等潜力,主要来自专业类/学科门类宽口径匹配，报考前必须核官方专业目录。,可以考，但院校层级优势有限，更依赖岗位地区和限制条件。,可作为备选路径，适合叠加党员、基层项目、应届身份等条件。,可作为基层备选，但要靠地域、应届和限制条件放大机会。,上海出入境边防检查总站|上海市公安局特勤局|中国民用航空局华东地区管理局|中国法学会|乌鲁木齐铁路公安局|公安部|内蒙古出入境边防检查总站|北京出入境边防检查总站,一级主任科员及以下|一级行政执法员|一级行政执法员(一)|一级行政执法员(三)|一级行政执法员(二)|一级行政执法员(五)|一级行政执法员(四)|一级行政执法员（一）
080414T,新能源材料与器件,本科(普通),,本科,工学,材料类,41.4,中等适配,2026国考职位表/中央机关及直属机构口径（第三方镜像）,335.0,0.0,335.0,0.0,0.0,0.0,100.0,0.0,0.0,主要靠专业大类/门类岗位,税务系统(267)；海关/边检(38)；公安/移民/基层执法(36)；交通海事民航铁路(12)；统计调查(3),659.0,103.84,104.0,0.0,0.0,,16.0,4.8,23.12,39.0,11.6,93.02,280.0,83.6,127.44,20.0,355.0,0.0,355.0,medium,升学后中等潜力,主要来自专业类/学科门类宽口径匹配，报考前必须核官方专业目录。,可以考，但院校层级优势有限，更依赖岗位地区和限制条件。,可作为备选路径，适合叠加党员、基层项目、应届身份等条件。,可作为基层备选，但要靠地域、应届和限制条件放大机会。,上海出入境边防检查总站|上海市公安局特勤局|中国民用航空局华东地区管理局|中国法学会|乌鲁木齐铁路公安局|公安部|内蒙古出入境边防检查总站|北京出入境边防检查总站,一级主任科员及以下|一级行政执法员|一级行政执法员(一)|一级行政执法员(三)|一级行政执法员(二)|一级行政执法员(五)|一级行政执法员(四)|一级行政执法员（一）
080415T,材料设计科学与工程,本科(普通),,本科,工学,材料类,41.4,中等适配,2026国考职位表/中央机关及直属机构口径（第三方镜像）,335.0,0.0,335.0,0.0,0.0,0.0,100.0,0.0,0.0,主要靠专业大类/门类岗位,税务系统(267)；海关/边检(38)；公安/移民/基层执法(36)；交通海事民航铁路(12)；统计调查(3),659.0,103.84,104.0,0.0,0.0,,16.0,4.8,23.12,39.0,11.6,93.02,280.0,83.6,127.44,20.0,355.0,0.0,355.0,medium,升学后中等潜力,主要来自专业类/学科门类宽口径匹配，报考前必须核官方专业目录。,可以考，但院校层级优势有限，更依赖岗位地区和限制条件。,可作为备选路径，适合叠加党员、基层项目、应届身份等条件。,可作为基层备选，但要靠地域、应届和限制条件放大机会。,上海出入境边防检查总站|上海市公安局特勤局|中国民用航空局华东地区管理局|中国法学会|乌鲁木齐铁路公安局|公安部|内蒙古出入境边防检查总站|北京出入境边防检查总站,一级主任科员及以下|一级行政执法员|一级行政执法员(一)|一级行政执法员(三)|一级行政执法员(二)|一级行政执法员(五)|一级行政执法员(四)|一级行政执法员（一）
080416T,复合材料成型工程,本科(普通),,本科,工学,材料类,41.4,中等适配,2026国考职位表/中央机关及直属机构口径（第三方镜像）,335.0,0.0,335.0,0.0,0.0,0.0,100.0,0.0,0.0,主要靠专业大类/门类岗位,税务系统(267)；海关/边检(38)；公安/移民/基层执法(36)；交通海事民航铁路(12)；统计调查(3),659.0,103.84,104.0,0.0,0.0,,16.0,4.8,23.12,39.0,11.6,93.02,280.0,83.6,127.44,20.0,355.0,0.0,355.0,medium,升学后中等潜力,主要来自专业类/学科门类宽口径匹配，报考前必须核官方专业目录。,可以考，但院校层级优势有限，更依赖岗位地区和限制条件。,可作为备选路径，适合叠加党员、基层项目、应届身份等条件。,可作为基层备选，但要靠地域、应届和限制条件放大机会。,上海出入境边防检查总站|上海市公安局特勤局|中国民用航空局华东地区管理局|中国法学会|乌鲁木齐铁路公安局|公安部|内蒙古出入境边防检查总站|北京出入境边防检查总站,一级主任科员及以下|一级行政执法员|一级行政执法员(一)|一级行政执法员(三)|一级行政执法员(二)|一级行政执法员(五)|一级行政执法员(四)|一级行政执法员（一）
080417T,智能材料与结构,本科(普通),,本科,工学,材料类,41.4,中等适配,2026国考职位表/中央机关及直属机构口径（第三方镜像）,335.0,0.0,335.0,0.0,0.0,0.0,100.0,0.0,0.0,主要靠专业大类/门类岗位,税务系统(267)；海关/边检(38)；公安/移民/基层执法(36)；交通海事民航铁路(12)；统计调查(3),659.0,103.84,104.0,0.0,0.0,,16.0,4.8,23.12,39.0,11.6,93.02,280.0,83.6,127.44,20.0,355.0,0.0,355.0,medium,升学后中等潜力,主要来自专业类/学科门类宽口径匹配，报考前必须核官方专业目录。,可以考，但院校层级优势有限，更依赖岗位地区和限制条件。,可作为备选路径，适合叠加党员、基层项目、应届身份等条件。,可作为基层备选，但要靠地域、应届和限制条件放大机会。,上海出入境边防检查总站|上海市公安局特勤局|中国民用航空局华东地区管理局|中国法学会|乌鲁木齐铁路公安局|公安部|内蒙古出入境边防检查总站|北京出入境边防检查总站,一级主任科员及以下|一级行政执法员|一级行政执法员(一)|一级行政执法员(三)|一级行政执法员(二)|一级行政执法员(五)|一级行政执法员(四)|一级行政执法员（一）
080418T,光电信息材料与器件,本科(普通),,本科,工学,材料类,48.1,中等适配,2026国考职位表/中央机关及直属机构口径（第三方镜像）,338.0,3.0,335.0,0.0,0.0,0.9,99.1,0.0,0.0,主要靠专业大类/门类岗位,税务系统(267)；海关/边检(41)；公安/移民/基层执法(36)；交通海事民航铁路(12)；统计调查(3),664.0,104.11,106.0,0.0,0.0,,16.0,4.7,23.12,40.0,11.8,101.17,282.0,83.4,127.04,20.0,358.0,3.0,355.0,medium,升学后中等潜力,存在专业代码或专业名称精确匹配，并有直接学历兼容岗位。,可以考，但院校层级优势有限，更依赖岗位地区和限制条件。,可作为备选路径，适合叠加党员、基层项目、应届身份等条件。,可作为基层备选，但要靠地域、应届和限制条件放大机会。,上海出入境边防检查总站|上海市公安局特勤局|中国民用航空局华东地区管理局|中国法学会|乌鲁木齐铁路公安局|公安部|内蒙古出入境边防检查总站|北京出入境边防检查总站,一级主任科员及以下|一级行政执法员|一级行政执法员(一)|一级行政执法员(三)|一级行政执法员(二)|一级行政执法员(五)|一级行政执法员(四)|一级行政执法员（一）
080419T,生物材料,本科(普通),,本科,工学,材料类,41.4,中等适配,2026国考职位表/中央机关及直属机构口径（第三方镜像）,335.0,0.0,335.0,0.0,0.0,0.0,100.0,0.0,0.0,主要靠专业大类/门类岗位,税务系统(267)；海关/边检(38)；公安/移民/基层执法(36)；交通海事民航铁路(12)；统计调查(3),659.0,103.84,104.0,0.0,0.0,,16.0,4.8,23.12,39.0,11.6,93.02,280.0,83.6,127.44,20.0,355.0,0.0,355.0,medium,升学后中等潜力,主要来自专业类/学科门类宽口径匹配，报考前必须核官方专业目录。,可以考，但院校层级优势有限，更依赖岗位地区和限制条件。,可作为备选路径，适合叠加党员、基层项目、应届身份等条件。,可作为基层备选，但要靠地域、应届和限制条件放大机会。,上海出入境边防检查总站|上海市公安局特勤局|中国民用航空局华东地区管理局|中国法学会|乌鲁木齐铁路公安局|公安部|内蒙古出入境边防检查总站|北京出入境边防检查总站,一级主任科员及以下|一级行政执法员|一级行政执法员(一)|一级行政执法员(三)|一级行政执法员(二)|一级行政执法员(五)|一级行政执法员(四)|一级行政执法员（一）
080420T,材料智能技术,本科(普通),,本科,工学,材料类,41.4,中等适配,2026国考职位表/中央机关及直属机构口径（第三方镜像）,335.0,0.0,335.0,0.0,0.0,0.0,100.0,0.0,0.0,主要靠专业大类/门类岗位,税务系统(267)；海关/边检(38)；公安/移民/基层执法(36)；交通海事民航铁路(12)；统计调查(3),659.0,103.84,104.0,0.0,0.0,,16.0,4.8,23.12,39.0,11.6,93.02,280.0,83.6,127.44,20.0,355.0,0.0,355.0,medium,升学后中等潜力,主要来自专业类/学科门类宽口径匹配，报考前必须核官方专业目录。,可以考，但院校层级优势有限，更依赖岗位地区和限制条件。,可作为备选路径，适合叠加党员、基层项目、应届身份等条件。,可作为基层备选，但要靠地域、应届和限制条件放大机会。,上海出入境边防检查总站|上海市公安局特勤局|中国民用航空局华东地区管理局|中国法学会|乌鲁木齐铁路公安局|公安部|内蒙古出入境边防检查总站|北京出入境边防检查总站,一级主任科员及以下|一级行政执法员|一级行政执法员(一)|一级行政执法员(三)|一级行政执法员(二)|一级行政执法员(五)|一级行政执法员(四)|一级行政执法员（一）
080421T,电子信息材料,本科(普通),,本科,工学,材料类,41.4,中等适配,2026国考职位表/中央机关及直属机构口径（第三方镜像）,335.0,0.0,335.0,0.0,0.0,0.0,100.0,0.0,0.0,主要靠专业大类/门类岗位,税务系统(267)；海关/边检(38)；公安/移民/基层执法(36)；交通海事民航铁路(12)；统计调查(3),659.0,103.84,104.0,0.0,0.0,,16.0,4.8,23.12,39.0,11.6,93.02,280.0,83.6,127.44,20.0,355.0,0.0,355.0,medium,升学后中等潜力,主要来自专业类/学科门类宽口径匹配，报考前必须核官方专业目录。,可以考，但院校层级优势有限，更依赖岗位地区和限制条件。,可作为备选路径，适合叠加党员、基层项目、应届身份等条件。,可作为基层备选，但要靠地域、应届和限制条件放大机会。,上海出入境边防检查总站|上海市公安局特勤局|中国民用航空局华东地区管理局|中国法学会|乌鲁木齐铁路公安局|公安部|内蒙古出入境边防检查总站|北京出入境边防检查总站,一级主任科员及以下|一级行政执法员|一级行政执法员(一)|一级行政执法员(三)|一级行政执法员(二)|一级行政执法员(五)|一级行政执法员(四)|一级行政执法员（一）
080422T,软物质科学与工程,本科(普通),,本科,工学,材料类,41.4,中等适配,2026国考职位表/中央机关及直属机构口径（第三方镜像）,335.0,0.0,335.0,0.0,0.0,0.0,100.0,0.0,0.0,主要靠专业大类/门类岗位,税务系统(267)；海关/边检(38)；公安/移民/基层执法(36)；交通海事民航铁路(12)；统计调查(3),659.0,103.84,104.0,0.0,0.0,,16.0,4.8,23.12,39.0,11.6,93.02,280.0,83.6,127.44,20.0,355.0,0.0,355.0,medium,升学后中等潜力,主要来自专业类/学科门类宽口径匹配，报考前必须核官方专业目录。,可以考，但院校层级优势有限，更依赖岗位地区和限制条件。,可作为备选路径，适合叠加党员、基层项目、应届身份等条件。,可作为基层备选，但要靠地域、应届和限制条件放大机会。,上海出入境边防检查总站|上海市公安局特勤局|中国民用航空局华东地区管理局|中国法学会|乌鲁木齐铁路公安局|公安部|内蒙古出入境边防检查总站|北京出入境边防检查总站,一级主任科员及以下|一级行政执法员|一级行政执法员(一)|一级行政执法员(三)|一级行政执法员(二)|一级行政执法员(五)|一级行政执法员(四)|一级行政执法员（一）
080423T,稀土材料科学与工程,本科(普通),,本科,工学,材料类,53.4,中等适配,2026国考职位表/中央机关及直属机构口径（第三方镜像）,346.0,11.0,335.0,0.0,0.0,3.2,96.8,0.0,0.0,主要靠专业大类/门类岗位,税务系统(267)；海关/边检(49)；公安/移民/基层执法(36)；交通海事民航铁路(12)；统计调查(3),670.0,107.08,111.0,0.0,0.0,,16.0,4.6,23.12,41.0,11.8,105.99,289.0,83.5,132.45,20.0,366.0,11.0,355.0,medium,升学后中等潜力,存在专业代码或专业名称精确匹配，并有直接学历兼容岗位。,可以考，但院校层级优势有限，更依赖岗位地区和限制条件。,可作为备选路径，适合叠加党员、基层项目、应届身份等条件。,可作为基层备选，但要靠地域、应届和限制条件放大机会。,上海出入境边防检查总站|上海市公安局特勤局|上海海关|中国民用航空局华东地区管理局|中国法学会|乌鲁木齐铁路公安局|公安部|内蒙古出入境边防检查总站,一级主任科员及以下|一级行政执法员|一级行政执法员(一)|一级行政执法员(三)|一级行政执法员(二)|一级行政执法员(五)|一级行政执法员(四)|一级行政执法员（一）
080501,能源与动力工程,本科(普通),,本科,工学,能源动力类,53.3,中等适配,2026国考职位表/中央机关及直属机构口径（第三方镜像）,616.0,4.0,612.0,0.0,0.0,0.6,99.4,0.0,0.0,主要靠专业大类/门类岗位,税务系统(571)；公安/移民/基层执法(29)；海关/边检(17)；交通海事民航铁路(6)；统计调查(3),1277.0,101.27,233.0,0.0,0.0,,19.0,3.1,47.53,21.0,3.4,109.72,576.0,93.5,106.5,27.0,643.0,6.0,637.0,medium,升学后中等潜力,存在专业代码或专业名称精确匹配，并有直接学历兼容岗位。,可以考，但院校层级优势有限，更依赖岗位地区和限制条件。,可作为备选路径，适合叠加党员、基层项目、应届身份等条件。,可作为基层备选，但要靠地域、应届和限制条件放大机会。,上海出入境边防检查总站|上海市公安局特勤局|中国民用航空局中南地区管理局|中国民用航空局华东地区管理局|中国法学会|中国贸促会|公安部|内蒙古出入境边防检查总站,一级主任科员及以下|一级行政执法员|一级行政执法员(一)|一级行政执法员(三)|一级行政执法员(二)|一级行政执法员(五)|一级行政执法员(四)|一级行政执法员（一）
080502T,能源与环境系统工程,本科(普通),,本科,工学,能源动力类,45.5,中等适配,2026国考职位表/中央机关及直属机构口径（第三方镜像）,614.0,0.0,614.0,0.0,0.0,0.0,100.0,0.0,0.0,主要靠专业大类/门类岗位,税务系统(571)；公安/移民/基层执法(29)；海关/边检(17)；交通海事民航铁路(6)；统计调查(3),1274.0,101.33,233.0,0.0,0.0,,17.0,2.8,43.03,21.0,3.4,109.72,576.0,93.8,106.5,25.0,639.0,0.0,639.0,medium,升学后中等潜力,主要来自专业类/学科门类宽口径匹配，报考前必须核官方专业目录。,可以考，但院校层级优势有限，更依赖岗位地区和限制条件。,可作为备选路径，适合叠加党员、基层项目、应届身份等条件。,可作为基层备选，但要靠地域、应届和限制条件放大机会。,上海出入境边防检查总站|上海市公安局特勤局|中国民用航空局中南地区管理局|中国民用航空局华东地区管理局|中国法学会|公安部|内蒙古出入境边防检查总站|北京市公安局特勤局,一级主任科员及以下|一级行政执法员|一级行政执法员(一)|一级行政执法员(三)|一级行政执法员(二)|一级行政执法员(五)|一级行政执法员(四)|一级行政执法员（一）
080503T,新能源科学与工程,本科(普通),,本科,工学,能源动力类,45.5,中等适配,2026国考职位表/中央机关及直属机构口径（第三方镜像）,614.0,0.0,614.0,0.0,0.0,0.0,100.0,0.0,0.0,主要靠专业大类/门类岗位,税务系统(571)；公安/移民/基层执法(29)；海关/边检(17)；交通海事民航铁路(6)；统计调查(3),1274.0,101.33,233.0,0.0,0.0,,17.0,2.8,43.03,21.0,3.4,109.72,576.0,93.8,106.5,25.0,639.0,0.0,639.0,medium,升学后中等潜力,主要来自专业类/学科门类宽口径匹配，报考前必须核官方专业目录。,可以考，但院校层级优势有限，更依赖岗位地区和限制条件。,可作为备选路径，适合叠加党员、基层项目、应届身份等条件。,可作为基层备选，但要靠地域、应届和限制条件放大机会。,上海出入境边防检查总站|上海市公安局特勤局|中国民用航空局中南地区管理局|中国民用航空局华东地区管理局|中国法学会|公安部|内蒙古出入境边防检查总站|北京市公安局特勤局,一级主任科员及以下|一级行政执法员|一级行政执法员(一)|一级行政执法员(三)|一级行政执法员(二)|一级行政执法员(五)|一级行政执法员(四)|一级行政执法员（一）
080504T,储能科学与工程,本科(普通),,本科,工学,能源动力类,45.5,中等适配,2026国考职位表/中央机关及直属机构口径（第三方镜像）,614.0,0.0,614.0,0.0,0.0,0.0,100.0,0.0,0.0,主要靠专业大类/门类岗位,税务系统(571)；公安/移民/基层执法(29)；海关/边检(17)；交通海事民航铁路(6)；统计调查(3),1274.0,101.33,233.0,0.0,0.0,,17.0,2.8,43.03,21.0,3.4,109.72,576.0,93.8,106.5,25.0,639.0,0.0,639.0,medium,升学后中等潜力,主要来自专业类/学科门类宽口径匹配，报考前必须核官方专业目录。,可以考，但院校层级优势有限，更依赖岗位地区和限制条件。,可作为备选路径，适合叠加党员、基层项目、应届身份等条件。,可作为基层备选，但要靠地域、应届和限制条件放大机会。,上海出入境边防检查总站|上海市公安局特勤局|中国民用航空局中南地区管理局|中国民用航空局华东地区管理局|中国法学会|公安部|内蒙古出入境边防检查总站|北京市公安局特勤局,一级主任科员及以下|一级行政执法员|一级行政执法员(一)|一级行政执法员(三)|一级行政执法员(二)|一级行政执法员(五)|一级行政执法员(四)|一级行政执法员（一）
080505T,能源服务工程,本科(普通),,本科,工学,能源动力类,45.5,中等适配,2026国考职位表/中央机关及直属机构口径（第三方镜像）,614.0,0.0,614.0,0.0,0.0,0.0,100.0,0.0,0.0,主要靠专业大类/门类岗位,税务系统(571)；公安/移民/基层执法(29)；海关/边检(17)；交通海事民航铁路(6)；统计调查(3),1274.0,101.33,233.0,0.0,0.0,,17.0,2.8,43.03,21.0,3.4,109.72,576.0,93.8,106.5,25.0,639.0,0.0,639.0,medium,升学后中等潜力,主要来自专业类/学科门类宽口径匹配，报考前必须核官方专业目录。,可以考，但院校层级优势有限，更依赖岗位地区和限制条件。,可作为备选路径，适合叠加党员、基层项目、应届身份等条件。,可作为基层备选，但要靠地域、应届和限制条件放大机会。,上海出入境边防检查总站|上海市公安局特勤局|中国民用航空局中南地区管理局|中国民用航空局华东地区管理局|中国法学会|公安部|内蒙古出入境边防检查总站|北京市公安局特勤局,一级主任科员及以下|一级行政执法员|一级行政执法员(一)|一级行政执法员(三)|一级行政执法员(二)|一级行政执法员(五)|一级行政执法员(四)|一级行政执法员（一）
080506TK,氢能科学与工程,本科(普通),,本科,工学,能源动力类,45.5,中等适配,2026国考职位表/中央机关及直属机构口径（第三方镜像）,614.0,0.0,614.0,0.0,0.0,0.0,100.0,0.0,0.0,主要靠专业大类/门类岗位,税务系统(571)；公安/移民/基层执法(29)；海关/边检(17)；交通海事民航铁路(6)；统计调查(3),1274.0,101.33,233.0,0.0,0.0,,17.0,2.8,43.03,21.0,3.4,109.72,576.0,93.8,106.5,25.0,639.0,0.0,639.0,medium,升学后中等潜力,主要来自专业类/学科门类宽口径匹配，报考前必须核官方专业目录。,可以考，但院校层级优势有限，更依赖岗位地区和限制条件。,可作为备选路径，适合叠加党员、基层项目、应届身份等条件。,可作为基层备选，但要靠地域、应届和限制条件放大机会。,上海出入境边防检查总站|上海市公安局特勤局|中国民用航空局中南地区管理局|中国民用航空局华东地区管理局|中国法学会|公安部|内蒙古出入境边防检查总站|北京市公安局特勤局,一级主任科员及以下|一级行政执法员|一级行政执法员(一)|一级行政执法员(三)|一级行政执法员(二)|一级行政执法员(五)|一级行政执法员(四)|一级行政执法员（一）
080507TK,可持续能源,本科(普通),,本科,工学,能源动力类,45.5,中等适配,2026国考职位表/中央机关及直属机构口径（第三方镜像）,614.0,0.0,614.0,0.0,0.0,0.0,100.0,0.0,0.0,主要靠专业大类/门类岗位,税务系统(571)；公安/移民/基层执法(29)；海关/边检(17)；交通海事民航铁路(6)；统计调查(3),1274.0,101.33,233.0,0.0,0.0,,17.0,2.8,43.03,21.0,3.4,109.72,576.0,93.8,106.5,25.0,639.0,0.0,639.0,medium,升学后中等潜力,主要来自专业类/学科门类宽口径匹配，报考前必须核官方专业目录。,可以考，但院校层级优势有限，更依赖岗位地区和限制条件。,可作为备选路径，适合叠加党员、基层项目、应届身份等条件。,可作为基层备选，但要靠地域、应届和限制条件放大机会。,上海出入境边防检查总站|上海市公安局特勤局|中国民用航空局中南地区管理局|中国民用航空局华东地区管理局|中国法学会|公安部|内蒙古出入境边防检查总站|北京市公安局特勤局,一级主任科员及以下|一级行政执法员|一级行政执法员(一)|一级行政执法员(三)|一级行政执法员(二)|一级行政执法员(五)|一级行政执法员(四)|一级行政执法员（一）
080602T,智能电网信息工程,本科(普通),,本科,工学,电气类,48.9,中等适配,2026国考职位表/中央机关及直属机构口径（第三方镜像）,574.0,1.0,573.0,0.0,0.0,0.2,99.8,0.0,0.0,主要靠专业大类/门类岗位,税务系统(519)；公安/移民/基层执法(29)；海关/边检(27)；交通海事民航铁路(9)；统计调查(3),1138.0,107.54,273.0,0.0,0.0,,29.0,5.1,93.53,25.0,4.4,66.66,520.0,90.6,123.57,22.0,596.0,2.0,594.0,medium,升学后中等潜力,存在专业代码或专业名称精确匹配，并有直接学历兼容岗位。,可以考，但院校层级优势有限，更依赖岗位地区和限制条件。,可作为备选路径，适合叠加党员、基层项目、应届身份等条件。,可作为基层备选，但要靠地域、应届和限制条件放大机会。,上海出入境边防检查总站|上海市公安局特勤局|上海铁路公安局|中国民用航空局华东地区管理局|中国法学会|人力资源和社会保障部|公安部|内蒙古出入境边防检查总站,一级主任科员及以下|一级主办及以下（七）|一级主办及以下（九）|一级主办及以下（二十三）|一级主办及以下（二十六）|一级主办及以下（二十）|一级主办及以下（五）|一级主办及以下（八）
080603T,光源与照明,本科(普通),,本科,工学,电气类,45.5,中等适配,2026国考职位表/中央机关及直属机构口径（第三方镜像）,573.0,0.0,573.0,0.0,0.0,0.0,100.0,0.0,0.0,主要靠专业大类/门类岗位,税务系统(519)；公安/移民/基层执法(29)；海关/边检(27)；交通海事民航铁路(9)；统计调查(3),1137.0,107.3,273.0,0.0,0.0,,28.0,4.9,83.38,25.0,4.4,66.66,520.0,90.8,123.57,21.0,594.0,0.0,594.0,medium,升学后中等潜力,主要来自专业类/学科门类宽口径匹配，报考前必须核官方专业目录。,可以考，但院校层级优势有限，更依赖岗位地区和限制条件。,可作为备选路径，适合叠加党员、基层项目、应届身份等条件。,可作为基层备选，但要靠地域、应届和限制条件放大机会。,上海出入境边防检查总站|上海市公安局特勤局|上海铁路公安局|中国民用航空局华东地区管理局|中国法学会|人力资源和社会保障部|公安部|内蒙古出入境边防检查总站,一级主任科员及以下|一级主办及以下（七）|一级主办及以下（九）|一级主办及以下（二十三）|一级主办及以下（二十六）|一级主办及以下（二十）|一级主办及以下（五）|一级主办及以下（八）
080604T,电气工程与智能控制,本科(普通),,本科,工学,电气类,55.0,较强适配,2026国考职位表/中央机关及直属机构口径（第三方镜像）,579.0,6.0,573.0,0.0,0.0,1.0,99.0,0.0,0.0,主要靠专业大类/门类岗位,税务系统(519)；海关/边检(29)；公安/移民/基层执法(29)；交通海事民航铁路(9)；统计调查(3),1143.0,107.48,275.0,0.0,0.0,,32.0,5.5,90.05,25.0,4.3,66.66,522.0,90.2,123.66,22.0,601.0,7.0,594.0,medium,升学后中等潜力,存在专业代码或专业名称精确匹配，并有直接学历兼容岗位。,可以考，但院校层级优势有限，更依赖岗位地区和限制条件。,区域重点/特色院校可重点面向省市县税务、执法、市场监管和事业单位路径。,应用本科可走县区基层、行政执法和地方单位，学校层级不宜夸大。,上海出入境边防检查总站|上海市公安局特勤局|上海铁路公安局|中国民用航空局华东地区管理局|中国法学会|人力资源和社会保障部|公安部|内蒙古出入境边防检查总站,一级主任科员及以下|一级主办及以下（七）|一级主办及以下（九）|一级主办及以下（二十三）|一级主办及以下（二十六）|一级主办及以下（二十）|一级主办及以下（五）|一级主办及以下（八）
080605T,电机电器智能化,本科(普通),,本科,工学,电气类,48.9,中等适配,2026国考职位表/中央机关及直属机构口径（第三方镜像）,574.0,1.0,573.0,0.0,0.0,0.2,99.8,0.0,0.0,主要靠专业大类/门类岗位,税务系统(519)；公安/移民/基层执法(29)；海关/边检(28)；交通海事民航铁路(9)；统计调查(3),1138.0,107.42,274.0,0.0,0.0,,28.0,4.9,83.38,25.0,4.4,66.66,521.0,90.8,123.79,22.0,596.0,2.0,594.0,medium,升学后中等潜力,存在专业代码或专业名称精确匹配，并有直接学历兼容岗位。,可以考，但院校层级优势有限，更依赖岗位地区和限制条件。,可作为备选路径，适合叠加党员、基层项目、应届身份等条件。,可作为基层备选，但要靠地域、应届和限制条件放大机会。,上海出入境边防检查总站|上海市公安局特勤局|上海铁路公安局|中国民用航空局华东地区管理局|中国法学会|人力资源和社会保障部|公安部|内蒙古出入境边防检查总站,一级主任科员及以下|一级主办及以下（七）|一级主办及以下（九）|一级主办及以下（二十三）|一级主办及以下（二十六）|一级主办及以下（二十）|一级主办及以下（五）|一级主办及以下（八）
080606T,电缆工程,本科(普通),,本科,工学,电气类,45.5,中等适配,2026国考职位表/中央机关及直属机构口径（第三方镜像）,573.0,0.0,573.0,0.0,0.0,0.0,100.0,0.0,0.0,主要靠专业大类/门类岗位,税务系统(519)；公安/移民/基层执法(29)；海关/边检(27)；交通海事民航铁路(9)；统计调查(3),1137.0,107.3,273.0,0.0,0.0,,28.0,4.9,83.38,25.0,4.4,66.66,520.0,90.8,123.57,21.0,594.0,0.0,594.0,medium,升学后中等潜力,主要来自专业类/学科门类宽口径匹配，报考前必须核官方专业目录。,可以考，但院校层级优势有限，更依赖岗位地区和限制条件。,可作为备选路径，适合叠加党员、基层项目、应届身份等条件。,可作为基层备选，但要靠地域、应届和限制条件放大机会。,上海出入境边防检查总站|上海市公安局特勤局|上海铁路公安局|中国民用航空局华东地区管理局|中国法学会|人力资源和社会保障部|公安部|内蒙古出入境边防检查总站,一级主任科员及以下|一级主办及以下（七）|一级主办及以下（九）|一级主办及以下（二十三）|一级主办及以下（二十六）|一级主办及以下（二十）|一级主办及以下（五）|一级主办及以下（八）
080607T,能源互联网工程,本科(普通),,本科,工学,电气类,45.5,中等适配,2026国考职位表/中央机关及直属机构口径（第三方镜像）,573.0,0.0,573.0,0.0,0.0,0.0,100.0,0.0,0.0,主要靠专业大类/门类岗位,税务系统(519)；公安/移民/基层执法(29)；海关/边检(27)；交通海事民航铁路(9)；统计调查(3),1137.0,107.3,273.0,0.0,0.0,,28.0,4.9,83.38,25.0,4.4,66.66,520.0,90.8,123.57,21.0,594.0,0.0,594.0,medium,升学后中等潜力,主要来自专业类/学科门类宽口径匹配，报考前必须核官方专业目录。,可以考，但院校层级优势有限，更依赖岗位地区和限制条件。,可作为备选路径，适合叠加党员、基层项目、应届身份等条件。,可作为基层备选，但要靠地域、应届和限制条件放大机会。,上海出入境边防检查总站|上海市公安局特勤局|上海铁路公安局|中国民用航空局华东地区管理局|中国法学会|人力资源和社会保障部|公安部|内蒙古出入境边防检查总站,一级主任科员及以下|一级主办及以下（七）|一级主办及以下（九）|一级主办及以下（二十三）|一级主办及以下（二十六）|一级主办及以下（二十）|一级主办及以下（五）|一级主办及以下（八）
080608TK,智慧能源工程,本科(普通),,本科,工学,电气类,45.6,中等适配,2026国考职位表/中央机关及直属机构口径（第三方镜像）,573.0,0.0,573.0,0.0,0.0,0.0,100.0,0.0,0.0,主要靠专业大类/门类岗位,税务系统(519)；公安/移民/基层执法(29)；海关/边检(27)；交通海事民航铁路(9)；统计调查(3),1137.0,107.3,273.0,0.0,0.0,,28.0,4.9,83.38,25.0,4.4,66.66,520.0,90.8,123.57,22.0,595.0,1.0,594.0,medium,升学后中等潜力,主要来自专业类/学科门类宽口径匹配，报考前必须核官方专业目录。,可以考，但院校层级优势有限，更依赖岗位地区和限制条件。,可作为备选路径，适合叠加党员、基层项目、应届身份等条件。,可作为基层备选，但要靠地域、应届和限制条件放大机会。,上海出入境边防检查总站|上海市公安局特勤局|上海铁路公安局|中国民用航空局华东地区管理局|中国法学会|人力资源和社会保障部|公安部|内蒙古出入境边防检查总站,一级主任科员及以下|一级主办及以下（七）|一级主办及以下（九）|一级主办及以下（二十三）|一级主办及以下（二十六）|一级主办及以下（二十）|一级主办及以下（五）|一级主办及以下（八）
080609T,电动载运工程,本科(普通),,本科,工学,电气类,45.5,中等适配,2026国考职位表/中央机关及直属机构口径（第三方镜像）,573.0,0.0,573.0,0.0,0.0,0.0,100.0,0.0,0.0,主要靠专业大类/门类岗位,税务系统(519)；公安/移民/基层执法(29)；海关/边检(27)；交通海事民航铁路(9)；统计调查(3),1137.0,107.3,273.0,0.0,0.0,,28.0,4.9,83.38,25.0,4.4,66.66,520.0,90.8,123.57,21.0,594.0,0.0,594.0,medium,升学后中等潜力,主要来自专业类/学科门类宽口径匹配，报考前必须核官方专业目录。,可以考，但院校层级优势有限，更依赖岗位地区和限制条件。,可作为备选路径，适合叠加党员、基层项目、应届身份等条件。,可作为基层备选，但要靠地域、应届和限制条件放大机会。,上海出入境边防检查总站|上海市公安局特勤局|上海铁路公安局|中国民用航空局华东地区管理局|中国法学会|人力资源和社会保障部|公安部|内蒙古出入境边防检查总站,一级主任科员及以下|一级主办及以下（七）|一级主办及以下（九）|一级主办及以下（二十三）|一级主办及以下（二十六）|一级主办及以下（二十）|一级主办及以下（五）|一级主办及以下（八）
080610TK,大功率半导体科学与工程,本科(普通),,本科,工学,电气类,45.5,中等适配,2026国考职位表/中央机关及直属机构口径（第三方镜像）,573.0,0.0,573.0,0.0,0.0,0.0,100.0,0.0,0.0,主要靠专业大类/门类岗位,税务系统(519)；公安/移民/基层执法(29)；海关/边检(27)；交通海事民航铁路(9)；统计调查(3),1137.0,107.3,273.0,0.0,0.0,,28.0,4.9,83.38,25.0,4.4,66.66,520.0,90.8,123.57,21.0,594.0,0.0,594.0,medium,升学后中等潜力,主要来自专业类/学科门类宽口径匹配，报考前必须核官方专业目录。,可以考，但院校层级优势有限，更依赖岗位地区和限制条件。,可作为备选路径，适合叠加党员、基层项目、应届身份等条件。,可作为基层备选，但要靠地域、应届和限制条件放大机会。,上海出入境边防检查总站|上海市公安局特勤局|上海铁路公安局|中国民用航空局华东地区管理局|中国法学会|人力资源和社会保障部|公安部|内蒙古出入境边防检查总站,一级主任科员及以下|一级主办及以下（七）|一级主办及以下（九）|一级主办及以下（二十三）|一级主办及以下（二十六）|一级主办及以下（二十）|一级主办及以下（五）|一级主办及以下（八）
080702,电子科学与技术,本科(普通),,本科,工学,电子信息类,84.5,强适配,2026国考职位表/中央机关及直属机构口径（第三方镜像）,2850.0,280.0,2570.0,0.0,0.0,9.8,90.2,0.0,0.0,以对口岗位为主,税务系统(2349)；财政审计金融监管(288)；海关/边检(130)；公安/移民/基层执法(70)；交通海事民航铁路(27)；统计调查(6),5459.0,103.46,1899.0,4.0,0.1,512.64,59.0,2.1,92.07,309.0,10.8,121.16,2478.0,86.9,117.56,227.0,3079.0,446.0,2633.0,very_high,升学后较强潜力,存在专业代码或专业名称精确匹配，并有直接学历兼容岗位。,头部院校可把该专业作为中央/省级机关、选调和研究生岗位的主赛道之一。,区域重点/特色院校可重点面向省市县税务、执法、市场监管和事业单位路径。,应用本科可走县区基层、行政执法和地方单位，学校层级不宜夸大。,上海出入境边防检查总站|上海市公安局特勤局|上海海事局|上海海关|中国人民银行|中国人民银行上海总部|中国人民银行云南省分行|中国人民银行内蒙古自治区分行,一级主任科员及以下|一级主任科员及以下（二）|一级主任科员及以下（四）|一级主任科员及以下（英语三）|一级主办及以下|一级主办及以下(三)|一级主办及以下（一）|一级主办及以下（七）
080703,通信工程,本科(普通),,本科,工学,电子信息类,84.7,强适配,2026国考职位表/中央机关及直属机构口径（第三方镜像）,2853.0,289.0,2564.0,0.0,0.0,10.1,89.9,0.0,0.0,以对口岗位为主,税务系统(2349)；财政审计金融监管(293)；海关/边检(126)；公安/移民/基层执法(83)；交通海事民航铁路(26)；统计调查(6),5484.0,102.34,1888.0,4.0,0.1,512.64,57.0,2.0,93.83,319.0,11.2,118.97,2473.0,86.7,116.04,242.0,3097.0,470.0,2627.0,very_high,升学后较强潜力,存在专业代码或专业名称精确匹配，并有直接学历兼容岗位。,头部院校可把该专业作为中央/省级机关、选调和研究生岗位的主赛道之一。,区域重点/特色院校可重点面向省市县税务、执法、市场监管和事业单位路径。,应用本科可走县区基层、行政执法和地方单位，学校层级不宜夸大。,上海出入境边防检查总站|上海市公安局特勤局|上海海事局|上海海关|中国人民银行|中国人民银行上海总部|中国人民银行云南省分行|中国人民银行内蒙古自治区分行,一级主任科员及以下|一级主任科员及以下（二）|一级主任科员及以下（四）|一级主任科员及以下（英语三）|一级主办及以下|一级主办及以下(三)|一级主办及以下（一）|一级主办及以下（七）
080705,光电信息科学与工程,本科(普通),,本科,工学,电子信息类,73.6,较强适配,2026国考职位表/中央机关及直属机构口径（第三方镜像）,2780.0,36.0,2744.0,0.0,0.0,1.3,98.7,0.0,0.0,主要靠专业大类/门类岗位,税务系统(2349)；财政审计金融监管(280)；海关/边检(76)；公安/移民/基层执法(66)；交通海事民航铁路(27)；统计调查(6),5352.0,102.61,1854.0,3.0,0.1,676.0,54.0,1.9,97.06,291.0,10.5,117.63,2432.0,87.5,115.69,62.0,2844.0,37.0,2807.0,very_high,升学后中等潜力,存在专业代码或专业名称精确匹配，并有直接学历兼容岗位。,头部院校优势主要体现在保研/读研后进入更高层级岗位。,区域重点/特色院校可重点面向省市县税务、执法、市场监管和事业单位路径。,应用本科可走县区基层、行政执法和地方单位，学校层级不宜夸大。,上海出入境边防检查总站|上海市公安局特勤局|上海海事局|中国人民银行云南省分行|中国人民银行内蒙古自治区分行|中国人民银行吉林省分行|中国人民银行四川省分行|中国人民银行大连市分行,一级主任科员及以下|一级主任科员及以下（二）|一级主任科员及以下（四）|一级主办及以下|一级主办及以下(三)|一级主办及以下（一）|一级主办及以下（七）|一级主办及以下（三）
080706,信息工程,本科(普通),,本科,工学,电子信息类,81.4,强适配,2026国考职位表/中央机关及直属机构口径（第三方镜像）,2909.0,165.0,2744.0,0.0,0.0,5.7,94.3,0.0,0.0,以对口岗位为主,税务系统(2349)；财政审计金融监管(285)；海关/边检(171)；公安/移民/基层执法(80)；交通海事民航铁路(30)；统计调查(6),5550.0,104.1,1927.0,4.0,0.1,512.42,62.0,2.1,101.0,327.0,11.2,121.29,2516.0,86.5,118.38,89.0,3000.0,193.0,2807.0,very_high,升学后中等潜力,存在专业代码或专业名称精确匹配，并有直接学历兼容岗位。,头部院校可把该专业作为中央/省级机关、选调和研究生岗位的主赛道之一。,区域重点/特色院校可重点面向省市县税务、执法、市场监管和事业单位路径。,应用本科可走县区基层、行政执法和地方单位，学校层级不宜夸大。,上海出入境边防检查总站|上海市公安局特勤局|上海海事局|上海海关|中国人民银行云南省分行|中国人民银行内蒙古自治区分行|中国人民银行吉林省分行|中国人民银行四川省分行,一级主任科员及以下|一级主任科员及以下（二）|一级主任科员及以下（四）|一级主办及以下|一级主办及以下(三)|一级主办及以下（一）|一级主办及以下（七）|一级主办及以下（三）
080707T,广播电视工程,本科(普通),,本科,工学,电子信息类,56.3,较强适配,2026国考职位表/中央机关及直属机构口径（第三方镜像）,2745.0,0.0,2745.0,0.0,0.0,0.0,100.0,0.0,0.0,主要靠专业大类/门类岗位,税务系统(2349)；财政审计金融监管(280)；公安/移民/基层执法(61)；海关/边检(43)；交通海事民航铁路(26)；统计调查(6),5293.0,102.83,1830.0,3.0,0.1,676.0,51.0,1.9,96.27,283.0,10.3,119.26,2408.0,87.7,115.68,61.0,2808.0,0.0,2808.0,high,升学后中等潜力,主要来自专业类/学科门类宽口径匹配，报考前必须核官方专业目录。,头部院校优势主要体现在保研/读研后进入更高层级岗位。,区域重点/特色院校可重点面向省市县税务、执法、市场监管和事业单位路径。,应用本科可走县区基层、行政执法和地方单位，学校层级不宜夸大。,上海出入境边防检查总站|上海市公安局特勤局|上海海事局|中国人民银行云南省分行|中国人民银行内蒙古自治区分行|中国人民银行吉林省分行|中国人民银行四川省分行|中国人民银行大连市分行,一级主任科员及以下|一级主任科员及以下（二）|一级主任科员及以下（四）|一级主办及以下|一级主办及以下(三)|一级主办及以下（一）|一级主办及以下（七）|一级主办及以下（三）
080708T,水声工程,本科(普通),,本科,工学,电子信息类,56.3,较强适配,2026国考职位表/中央机关及直属机构口径（第三方镜像）,2745.0,0.0,2745.0,0.0,0.0,0.0,100.0,0.0,0.0,主要靠专业大类/门类岗位,税务系统(2349)；财政审计金融监管(280)；公安/移民/基层执法(61)；海关/边检(43)；交通海事民航铁路(26)；统计调查(6),5293.0,102.83,1830.0,3.0,0.1,676.0,51.0,1.9,96.27,283.0,10.3,119.26,2408.0,87.7,115.68,61.0,2808.0,0.0,2808.0,high,升学后中等潜力,主要来自专业类/学科门类宽口径匹配，报考前必须核官方专业目录。,头部院校优势主要体现在保研/读研后进入更高层级岗位。,区域重点/特色院校可重点面向省市县税务、执法、市场监管和事业单位路径。,应用本科可走县区基层、行政执法和地方单位，学校层级不宜夸大。,上海出入境边防检查总站|上海市公安局特勤局|上海海事局|中国人民银行云南省分行|中国人民银行内蒙古自治区分行|中国人民银行吉林省分行|中国人民银行四川省分行|中国人民银行大连市分行,一级主任科员及以下|一级主任科员及以下（二）|一级主任科员及以下（四）|一级主办及以下|一级主办及以下(三)|一级主办及以下（一）|一级主办及以下（七）|一级主办及以下（三）
080709T,电子封装技术,本科(普通),,本科,工学,电子信息类,56.3,较强适配,2026国考职位表/中央机关及直属机构口径（第三方镜像）,2745.0,0.0,2745.0,0.0,0.0,0.0,100.0,0.0,0.0,主要靠专业大类/门类岗位,税务系统(2349)；财政审计金融监管(280)；公安/移民/基层执法(61)；海关/边检(43)；交通海事民航铁路(26)；统计调查(6),5293.0,102.83,1830.0,3.0,0.1,676.0,51.0,1.9,96.27,283.0,10.3,119.26,2408.0,87.7,115.68,61.0,2808.0,0.0,2808.0,high,升学后中等潜力,主要来自专业类/学科门类宽口径匹配，报考前必须核官方专业目录。,头部院校优势主要体现在保研/读研后进入更高层级岗位。,区域重点/特色院校可重点面向省市县税务、执法、市场监管和事业单位路径。,应用本科可走县区基层、行政执法和地方单位，学校层级不宜夸大。,上海出入境边防检查总站|上海市公安局特勤局|上海海事局|中国人民银行云南省分行|中国人民银行内蒙古自治区分行|中国人民银行吉林省分行|中国人民银行四川省分行|中国人民银行大连市分行,一级主任科员及以下|一级主任科员及以下（二）|一级主任科员及以下（四）|一级主办及以下|一级主办及以下(三)|一级主办及以下（一）|一级主办及以下（七）|一级主办及以下（三）
080710T,集成电路设计与集成系统,本科(普通),,本科,工学,电子信息类,56.3,较强适配,2026国考职位表/中央机关及直属机构口径（第三方镜像）,2745.0,0.0,2745.0,0.0,0.0,0.0,100.0,0.0,0.0,主要靠专业大类/门类岗位,税务系统(2349)；财政审计金融监管(280)；公安/移民/基层执法(61)；海关/边检(43)；交通海事民航铁路(26)；统计调查(6),5293.0,102.83,1830.0,3.0,0.1,676.0,51.0,1.9,96.27,283.0,10.3,119.26,2408.0,87.7,115.68,61.0,2808.0,0.0,2808.0,high,升学后中等潜力,主要来自专业类/学科门类宽口径匹配，报考前必须核官方专业目录。,头部院校优势主要体现在保研/读研后进入更高层级岗位。,区域重点/特色院校可重点面向省市县税务、执法、市场监管和事业单位路径。,应用本科可走县区基层、行政执法和地方单位，学校层级不宜夸大。,上海出入境边防检查总站|上海市公安局特勤局|上海海事局|中国人民银行云南省分行|中国人民银行内蒙古自治区分行|中国人民银行吉林省分行|中国人民银行四川省分行|中国人民银行大连市分行,一级主任科员及以下|一级主任科员及以下（二）|一级主任科员及以下（四）|一级主办及以下|一级主办及以下(三)|一级主办及以下（一）|一级主办及以下（七）|一级主办及以下（三）
080711T,医学信息工程,本科(普通),,本科,工学,电子信息类,59.6,较强适配,2026国考职位表/中央机关及直属机构口径（第三方镜像）,2746.0,1.0,2745.0,0.0,0.0,0.0,100.0,0.0,0.0,主要靠专业大类/门类岗位,税务系统(2349)；财政审计金融监管(280)；公安/移民/基层执法(62)；海关/边检(44)；交通海事民航铁路(26)；统计调查(6),5297.0,102.76,1830.0,3.0,0.1,676.0,51.0,1.9,96.27,284.0,10.3,118.86,2408.0,87.7,115.68,61.0,2809.0,1.0,2808.0,very_high,升学后中等潜力,存在专业代码或专业名称精确匹配，并有直接学历兼容岗位。,头部院校优势主要体现在保研/读研后进入更高层级岗位。,区域重点/特色院校可重点面向省市县税务、执法、市场监管和事业单位路径。,应用本科可走县区基层、行政执法和地方单位，学校层级不宜夸大。,上海出入境边防检查总站|上海市公安局特勤局|上海海事局|中国人民银行云南省分行|中国人民银行内蒙古自治区分行|中国人民银行吉林省分行|中国人民银行四川省分行|中国人民银行大连市分行,一级主任科员及以下|一级主任科员及以下（二）|一级主任科员及以下（四）|一级主办及以下|一级主办及以下(三)|一级主办及以下（一）|一级主办及以下（七）|一级主办及以下（三）
080712T,电磁场与无线技术,本科(普通),,本科,工学,电子信息类,59.7,较强适配,2026国考职位表/中央机关及直属机构口径（第三方镜像）,2746.0,1.0,2745.0,0.0,0.0,0.0,100.0,0.0,0.0,主要靠专业大类/门类岗位,税务系统(2349)；财政审计金融监管(280)；公安/移民/基层执法(61)；海关/边检(43)；交通海事民航铁路(26)；统计调查(6),5294.0,102.82,1830.0,3.0,0.1,676.0,52.0,1.9,94.55,283.0,10.3,119.26,2408.0,87.7,115.68,61.0,2809.0,1.0,2808.0,very_high,升学后中等潜力,存在专业代码或专业名称精确匹配，并有直接学历兼容岗位。,头部院校优势主要体现在保研/读研后进入更高层级岗位。,区域重点/特色院校可重点面向省市县税务、执法、市场监管和事业单位路径。,应用本科可走县区基层、行政执法和地方单位，学校层级不宜夸大。,上海出入境边防检查总站|上海市公安局特勤局|上海海事局|中国人民银行云南省分行|中国人民银行内蒙古自治区分行|中国人民银行吉林省分行|中国人民银行四川省分行|中国人民银行大连市分行,一级主任科员及以下|一级主任科员及以下（二）|一级主任科员及以下（四）|一级主办及以下|一级主办及以下(三)|一级主办及以下（一）|一级主办及以下（七）|一级主办及以下（三）
080713T,电波传播与天线,本科(普通),,本科,工学,电子信息类,59.7,较强适配,2026国考职位表/中央机关及直属机构口径（第三方镜像）,2746.0,1.0,2745.0,0.0,0.0,0.0,100.0,0.0,0.0,主要靠专业大类/门类岗位,税务系统(2349)；财政审计金融监管(280)；公安/移民/基层执法(61)；海关/边检(43)；交通海事民航铁路(26)；统计调查(6),5294.0,102.82,1830.0,3.0,0.1,676.0,52.0,1.9,94.55,283.0,10.3,119.26,2408.0,87.7,115.68,61.0,2809.0,1.0,2808.0,very_high,升学后中等潜力,存在专业代码或专业名称精确匹配，并有直接学历兼容岗位。,头部院校优势主要体现在保研/读研后进入更高层级岗位。,区域重点/特色院校可重点面向省市县税务、执法、市场监管和事业单位路径。,应用本科可走县区基层、行政执法和地方单位，学校层级不宜夸大。,上海出入境边防检查总站|上海市公安局特勤局|上海海事局|中国人民银行云南省分行|中国人民银行内蒙古自治区分行|中国人民银行吉林省分行|中国人民银行四川省分行|中国人民银行大连市分行,一级主任科员及以下|一级主任科员及以下（二）|一级主任科员及以下（四）|一级主办及以下|一级主办及以下(三)|一级主办及以下（一）|一级主办及以下（七）|一级主办及以下（三）
080714T,电子信息科学与技术,本科(普通),,本科,工学,电子信息类,72.1,较强适配,2026国考职位表/中央机关及直属机构口径（第三方镜像）,2771.0,26.0,2745.0,0.0,0.0,0.9,99.1,0.0,0.0,主要靠专业大类/门类岗位,税务系统(2349)；财政审计金融监管(285)；海关/边检(63)；公安/移民/基层执法(61)；交通海事民航铁路(26)；统计调查(6),5331.0,103.12,1851.0,3.0,0.1,676.0,52.0,1.9,95.51,288.0,10.4,122.77,2428.0,87.6,115.88,61.0,2834.0,26.0,2808.0,very_high,升学后中等潜力,存在专业代码或专业名称精确匹配，并有直接学历兼容岗位。,头部院校优势主要体现在保研/读研后进入更高层级岗位。,区域重点/特色院校可重点面向省市县税务、执法、市场监管和事业单位路径。,应用本科可走县区基层、行政执法和地方单位，学校层级不宜夸大。,上海出入境边防检查总站|上海市公安局特勤局|上海海事局|中国人民银行云南省分行|中国人民银行内蒙古自治区分行|中国人民银行吉林省分行|中国人民银行四川省分行|中国人民银行大连市分行,一级主任科员及以下|一级主任科员及以下（二）|一级主任科员及以下（四）|一级主办及以下|一级主办及以下(三)|一级主办及以下（一）|一级主办及以下（七）|一级主办及以下（三）
080715T,电信工程及管理,本科(普通),,本科,工学,电子信息类,67.3,较强适配,2026国考职位表/中央机关及直属机构口径（第三方镜像）,2751.0,9.0,2742.0,0.0,0.0,0.3,99.7,0.0,0.0,主要靠专业大类/门类岗位,税务系统(2349)；财政审计金融监管(280)；公安/移民/基层执法(61)；海关/边检(49)；交通海事民航铁路(26)；统计调查(6),5299.0,102.85,1836.0,3.0,0.1,676.0,51.0,1.9,96.27,283.0,10.3,119.26,2414.0,87.7,115.69,61.0,2814.0,9.0,2805.0,very_high,升学后中等潜力,存在专业代码或专业名称精确匹配，并有直接学历兼容岗位。,头部院校优势主要体现在保研/读研后进入更高层级岗位。,区域重点/特色院校可重点面向省市县税务、执法、市场监管和事业单位路径。,应用本科可走县区基层、行政执法和地方单位，学校层级不宜夸大。,上海出入境边防检查总站|上海市公安局特勤局|上海海事局|中国人民银行云南省分行|中国人民银行内蒙古自治区分行|中国人民银行吉林省分行|中国人民银行四川省分行|中国人民银行大连市分行,一级主任科员及以下|一级主任科员及以下（二）|一级主任科员及以下（四）|一级主办及以下|一级主办及以下(三)|一级主办及以下（一）|一级主办及以下（七）|一级主办及以下（三）
080716T,应用电子技术教育,本科(普通),,本科,工学,电子信息类,64.0,较强适配,2026国考职位表/中央机关及直属机构口径（第三方镜像）,2749.0,4.0,2745.0,0.0,0.0,0.1,99.9,0.0,0.0,主要靠专业大类/门类岗位,税务系统(2349)；财政审计金融监管(280)；公安/移民/基层执法(61)；海关/边检(47)；交通海事民航铁路(26)；统计调查(6),5297.0,102.86,1834.0,3.0,0.1,676.0,51.0,1.9,96.27,283.0,10.3,119.26,2412.0,87.7,115.72,61.0,2812.0,4.0,2808.0,very_high,升学后中等潜力,存在专业代码或专业名称精确匹配，并有直接学历兼容岗位。,头部院校优势主要体现在保研/读研后进入更高层级岗位。,区域重点/特色院校可重点面向省市县税务、执法、市场监管和事业单位路径。,应用本科可走县区基层、行政执法和地方单位，学校层级不宜夸大。,上海出入境边防检查总站|上海市公安局特勤局|上海海事局|中国人民银行云南省分行|中国人民银行内蒙古自治区分行|中国人民银行吉林省分行|中国人民银行四川省分行|中国人民银行大连市分行,一级主任科员及以下|一级主任科员及以下（二）|一级主任科员及以下（四）|一级主办及以下|一级主办及以下(三)|一级主办及以下（一）|一级主办及以下（七）|一级主办及以下（三）
080717T,人工智能,本科(普通),,本科,工学,电子信息类,80.8,强适配,2026国考职位表/中央机关及直属机构口径（第三方镜像）,2891.0,146.0,2745.0,0.0,0.0,5.1,94.9,0.0,0.0,以对口岗位为主,税务系统(2349)；财政审计金融监管(280)；海关/边检(177)；公安/移民/基层执法(74)；交通海事民航铁路(29)；统计调查(6),5546.0,103.59,1933.0,6.0,0.2,531.41,58.0,2.0,108.92,310.0,10.7,119.43,2517.0,87.1,117.58,93.0,2988.0,180.0,2808.0,very_high,升学后中等潜力,存在专业代码或专业名称精确匹配，并有直接学历兼容岗位。,头部院校可把该专业作为中央/省级机关、选调和研究生岗位的主赛道之一。,区域重点/特色院校可重点面向省市县税务、执法、市场监管和事业单位路径。,应用本科可走县区基层、行政执法和地方单位，学校层级不宜夸大。,上海出入境边防检查总站|上海市公安局特勤局|上海海事局|上海海关|中国人民银行|中国人民银行云南省分行|中国人民银行内蒙古自治区分行|中国人民银行吉林省分行,一级主任科员及以下|一级主任科员及以下（二）|一级主任科员及以下（四）|一级主办及以下|一级主办及以下(三)|一级主办及以下（一）|一级主办及以下（七）|一级主办及以下（三）
080718T,海洋信息工程,本科(普通),,本科,工学,电子信息类,56.3,较强适配,2026国考职位表/中央机关及直属机构口径（第三方镜像）,2745.0,0.0,2745.0,0.0,0.0,0.0,100.0,0.0,0.0,主要靠专业大类/门类岗位,税务系统(2349)；财政审计金融监管(280)；公安/移民/基层执法(61)；海关/边检(43)；交通海事民航铁路(26)；统计调查(6),5293.0,102.83,1830.0,3.0,0.1,676.0,51.0,1.9,96.27,283.0,10.3,119.26,2408.0,87.7,115.68,61.0,2808.0,0.0,2808.0,high,升学后中等潜力,主要来自专业类/学科门类宽口径匹配，报考前必须核官方专业目录。,头部院校优势主要体现在保研/读研后进入更高层级岗位。,区域重点/特色院校可重点面向省市县税务、执法、市场监管和事业单位路径。,应用本科可走县区基层、行政执法和地方单位，学校层级不宜夸大。,上海出入境边防检查总站|上海市公安局特勤局|上海海事局|中国人民银行云南省分行|中国人民银行内蒙古自治区分行|中国人民银行吉林省分行|中国人民银行四川省分行|中国人民银行大连市分行,一级主任科员及以下|一级主任科员及以下（二）|一级主任科员及以下（四）|一级主办及以下|一级主办及以下(三)|一级主办及以下（一）|一级主办及以下（七）|一级主办及以下（三）
080719T,柔性电子学,本科(普通),,本科,工学,电子信息类,56.3,较强适配,2026国考职位表/中央机关及直属机构口径（第三方镜像）,2745.0,0.0,2745.0,0.0,0.0,0.0,100.0,0.0,0.0,主要靠专业大类/门类岗位,税务系统(2349)；财政审计金融监管(280)；公安/移民/基层执法(61)；海关/边检(43)；交通海事民航铁路(26)；统计调查(6),5293.0,102.83,1830.0,3.0,0.1,676.0,51.0,1.9,96.27,283.0,10.3,119.26,2408.0,87.7,115.68,61.0,2808.0,0.0,2808.0,high,升学后中等潜力,主要来自专业类/学科门类宽口径匹配，报考前必须核官方专业目录。,头部院校优势主要体现在保研/读研后进入更高层级岗位。,区域重点/特色院校可重点面向省市县税务、执法、市场监管和事业单位路径。,应用本科可走县区基层、行政执法和地方单位，学校层级不宜夸大。,上海出入境边防检查总站|上海市公安局特勤局|上海海事局|中国人民银行云南省分行|中国人民银行内蒙古自治区分行|中国人民银行吉林省分行|中国人民银行四川省分行|中国人民银行大连市分行,一级主任科员及以下|一级主任科员及以下（二）|一级主任科员及以下（四）|一级主办及以下|一级主办及以下(三)|一级主办及以下（一）|一级主办及以下（七）|一级主办及以下（三）
080720T,智能测控工程,本科(普通),,本科,工学,电子信息类,56.4,较强适配,2026国考职位表/中央机关及直属机构口径（第三方镜像）,2745.0,0.0,2745.0,0.0,0.0,0.0,100.0,0.0,0.0,主要靠专业大类/门类岗位,税务系统(2349)；财政审计金融监管(280)；公安/移民/基层执法(61)；海关/边检(43)；交通海事民航铁路(26)；统计调查(6),5293.0,102.83,1830.0,3.0,0.1,676.0,51.0,1.9,96.27,283.0,10.3,119.26,2408.0,87.7,115.68,62.0,2809.0,1.0,2808.0,very_high,升学后中等潜力,主要来自专业类/学科门类宽口径匹配，报考前必须核官方专业目录。,头部院校优势主要体现在保研/读研后进入更高层级岗位。,区域重点/特色院校可重点面向省市县税务、执法、市场监管和事业单位路径。,应用本科可走县区基层、行政执法和地方单位，学校层级不宜夸大。,上海出入境边防检查总站|上海市公安局特勤局|上海海事局|中国人民银行云南省分行|中国人民银行内蒙古自治区分行|中国人民银行吉林省分行|中国人民银行四川省分行|中国人民银行大连市分行,一级主任科员及以下|一级主任科员及以下（二）|一级主任科员及以下（四）|一级主办及以下|一级主办及以下(三)|一级主办及以下（一）|一级主办及以下（七）|一级主办及以下（三）
080721T,智能视觉工程,本科(普通),,本科,工学,电子信息类,56.4,较强适配,2026国考职位表/中央机关及直属机构口径（第三方镜像）,2745.0,0.0,2745.0,0.0,0.0,0.0,100.0,0.0,0.0,主要靠专业大类/门类岗位,税务系统(2349)；财政审计金融监管(280)；公安/移民/基层执法(61)；海关/边检(43)；交通海事民航铁路(26)；统计调查(6),5293.0,102.83,1830.0,3.0,0.1,676.0,51.0,1.9,96.27,283.0,10.3,119.26,2408.0,87.7,115.68,62.0,2809.0,1.0,2808.0,very_high,升学后中等潜力,主要来自专业类/学科门类宽口径匹配，报考前必须核官方专业目录。,头部院校优势主要体现在保研/读研后进入更高层级岗位。,区域重点/特色院校可重点面向省市县税务、执法、市场监管和事业单位路径。,应用本科可走县区基层、行政执法和地方单位，学校层级不宜夸大。,上海出入境边防检查总站|上海市公安局特勤局|上海海事局|中国人民银行云南省分行|中国人民银行内蒙古自治区分行|中国人民银行吉林省分行|中国人民银行四川省分行|中国人民银行大连市分行,一级主任科员及以下|一级主任科员及以下（二）|一级主任科员及以下（四）|一级主办及以下|一级主办及以下(三)|一级主办及以下（一）|一级主办及以下（七）|一级主办及以下（三）
080722T,智能视听工程,本科(普通),,本科,工学,电子信息类,56.4,较强适配,2026国考职位表/中央机关及直属机构口径（第三方镜像）,2745.0,0.0,2745.0,0.0,0.0,0.0,100.0,0.0,0.0,主要靠专业大类/门类岗位,税务系统(2349)；财政审计金融监管(280)；公安/移民/基层执法(61)；海关/边检(43)；交通海事民航铁路(26)；统计调查(6),5293.0,102.83,1830.0,3.0,0.1,676.0,51.0,1.9,96.27,283.0,10.3,119.26,2408.0,87.7,115.68,62.0,2809.0,1.0,2808.0,very_high,升学后中等潜力,主要来自专业类/学科门类宽口径匹配，报考前必须核官方专业目录。,头部院校优势主要体现在保研/读研后进入更高层级岗位。,区域重点/特色院校可重点面向省市县税务、执法、市场监管和事业单位路径。,应用本科可走县区基层、行政执法和地方单位，学校层级不宜夸大。,上海出入境边防检查总站|上海市公安局特勤局|上海海事局|中国人民银行云南省分行|中国人民银行内蒙古自治区分行|中国人民银行吉林省分行|中国人民银行四川省分行|中国人民银行大连市分行,一级主任科员及以下|一级主任科员及以下（二）|一级主任科员及以下（四）|一级主办及以下|一级主办及以下(三)|一级主办及以下（一）|一级主办及以下（七）|一级主办及以下（三）
080802T,轨道交通信号与控制,本科(普通),,本科,工学,自动化类,56.0,较强适配,2026国考职位表/中央机关及直属机构口径（第三方镜像）,847.0,4.0,843.0,0.0,0.0,0.5,99.5,0.0,0.0,主要靠专业大类/门类岗位,税务系统(786)；公安/移民/基层执法(29)；海关/边检(27)；交通海事民航铁路(7)；生态环境/自然资源/农业水利(4)；统计调查(3),1709.0,106.29,469.0,3.0,0.4,352.33,29.0,3.4,91.71,26.0,3.1,75.71,789.0,93.2,118.32,30.0,879.0,4.0,875.0,high,升学后中等潜力,存在专业代码或专业名称精确匹配，并有直接学历兼容岗位。,可以考，但院校层级优势有限，更依赖岗位地区和限制条件。,区域重点/特色院校可重点面向省市县税务、执法、市场监管和事业单位路径。,应用本科可走县区基层、行政执法和地方单位，学校层级不宜夸大。,上海出入境边防检查总站|上海市公安局特勤局|中国民用航空局华东地区管理局|中国法学会|中国藏学研究中心|中央办公厅|人力资源和社会保障部|全国总工会,一级主任科员及以下|一级主办及以下（七）|一级主办及以下（三）|一级主办及以下（九）|一级主办及以下（二十三）|一级主办及以下（二十六）|一级主办及以下（二十）|一级主办及以下（五）
080803T,机器人工程,本科(普通),,本科,工学,自动化类,53.6,中等适配,2026国考职位表/中央机关及直属机构口径（第三方镜像）,845.0,2.0,843.0,0.0,0.0,0.2,99.8,0.0,0.0,主要靠专业大类/门类岗位,税务系统(786)；公安/移民/基层执法(29)；海关/边检(28)；交通海事民航铁路(7)；统计调查(3)；财政审计金融监管(3),1707.0,106.52,467.0,3.0,0.4,352.33,29.0,3.4,91.71,27.0,3.2,82.65,786.0,93.0,118.67,33.0,880.0,5.0,875.0,high,升学后中等潜力,存在专业代码或专业名称精确匹配，并有直接学历兼容岗位。,可以考，但院校层级优势有限，更依赖岗位地区和限制条件。,可作为备选路径，适合叠加党员、基层项目、应届身份等条件。,可作为基层备选，但要靠地域、应届和限制条件放大机会。,上海出入境边防检查总站|上海市公安局特勤局|中国民用航空局华东地区管理局|中国法学会|中国藏学研究中心|中国贸促会|中央办公厅|人力资源和社会保障部,一级主任科员及以下|一级主办及以下（七）|一级主办及以下（三）|一级主办及以下（九）|一级主办及以下（二十三）|一级主办及以下（二十六）|一级主办及以下（二十）|一级主办及以下（五）
080804T,邮政工程,本科(普通),,本科,工学,自动化类,61.3,较强适配,2026国考职位表/中央机关及直属机构口径（第三方镜像）,857.0,14.0,843.0,0.0,0.0,1.6,98.4,0.0,0.0,主要靠专业大类/门类岗位,税务系统(786)；公安/移民/基层执法(29)；海关/边检(27)；交通海事民航铁路(7)；统计调查(3)；财政审计金融监管(3),1719.0,106.35,466.0,3.0,0.4,352.33,29.0,3.4,91.71,40.0,4.7,92.61,785.0,91.6,118.2,30.0,889.0,14.0,875.0,high,升学后中等潜力,存在专业代码或专业名称精确匹配，并有直接学历兼容岗位。,可以考，但院校层级优势有限，更依赖岗位地区和限制条件。,区域重点/特色院校可重点面向省市县税务、执法、市场监管和事业单位路径。,应用本科可走县区基层、行政执法和地方单位，学校层级不宜夸大。,上海出入境边防检查总站|上海市公安局特勤局|中国民用航空局华东地区管理局|中国法学会|中国藏学研究中心|中央办公厅|人力资源和社会保障部|全国总工会,一级主任科员及以下|一级主任科员及以下一|一级主办及以下（七）|一级主办及以下（三）|一级主办及以下（九）|一级主办及以下（二十三）|一级主办及以下（二十六）|一级主办及以下（二十）
080805T,核电技术与控制工程,本科(普通),,本科,工学,自动化类,51.7,中等适配,2026国考职位表/中央机关及直属机构口径（第三方镜像）,844.0,1.0,843.0,0.0,0.0,0.1,99.9,0.0,0.0,主要靠专业大类/门类岗位,税务系统(786)；公安/移民/基层执法(29)；海关/边检(27)；交通海事民航铁路(7)；统计调查(3)；财政审计金融监管(3),1706.0,106.22,467.0,3.0,0.4,352.33,30.0,3.6,93.05,26.0,3.1,75.71,785.0,93.0,118.2,30.0,876.0,1.0,875.0,high,升学后中等潜力,存在专业代码或专业名称精确匹配，并有直接学历兼容岗位。,可以考，但院校层级优势有限，更依赖岗位地区和限制条件。,可作为备选路径，适合叠加党员、基层项目、应届身份等条件。,可作为基层备选，但要靠地域、应届和限制条件放大机会。,上海出入境边防检查总站|上海市公安局特勤局|中国民用航空局华东地区管理局|中国法学会|中国藏学研究中心|中央办公厅|人力资源和社会保障部|全国总工会,一级主任科员及以下|一级主办及以下（七）|一级主办及以下（三）|一级主办及以下（九）|一级主办及以下（二十三）|一级主办及以下（二十六）|一级主办及以下（二十）|一级主办及以下（五）
080806T,智能装备与系统,本科(普通),,本科,工学,自动化类,62.5,较强适配,2026国考职位表/中央机关及直属机构口径（第三方镜像）,861.0,18.0,843.0,0.0,0.0,2.1,97.9,0.0,0.0,主要靠专业大类/门类岗位,税务系统(786)；海关/边检(45)；公安/移民/基层执法(31)；交通海事民航铁路(7)；统计调查(3)；财政审计金融监管(3),1733.0,106.3,477.0,3.0,0.3,352.33,30.0,3.5,89.65,31.0,3.6,75.66,797.0,92.6,118.92,31.0,894.0,19.0,875.0,high,升学后中等潜力,存在专业代码或专业名称精确匹配，并有直接学历兼容岗位。,可以考，但院校层级优势有限，更依赖岗位地区和限制条件。,区域重点/特色院校可重点面向省市县税务、执法、市场监管和事业单位路径。,应用本科可走县区基层、行政执法和地方单位，学校层级不宜夸大。,上海出入境边防检查总站|上海市公安局特勤局|中国民用航空局华东地区管理局|中国法学会|中国藏学研究中心|中央办公厅|人力资源和社会保障部|全国总工会,一级主任科员及以下|一级主办及以下（七）|一级主办及以下（三）|一级主办及以下（九）|一级主办及以下（二十三）|一级主办及以下（二十六）|一级主办及以下（二十）|一级主办及以下（五）
080807T,工业智能,本科(普通),,本科,工学,自动化类,61.9,较强适配,2026国考职位表/中央机关及直属机构口径（第三方镜像）,859.0,16.0,843.0,0.0,0.0,1.9,98.1,0.0,0.0,主要靠专业大类/门类岗位,税务系统(786)；海关/边检(43)；公安/移民/基层执法(29)；交通海事民航铁路(7)；统计调查(3)；财政审计金融监管(3),1725.0,106.26,479.0,3.0,0.3,352.33,29.0,3.4,91.71,29.0,3.4,75.12,798.0,92.9,118.12,30.0,891.0,16.0,875.0,high,升学后中等潜力,存在专业代码或专业名称精确匹配，并有直接学历兼容岗位。,可以考，但院校层级优势有限，更依赖岗位地区和限制条件。,区域重点/特色院校可重点面向省市县税务、执法、市场监管和事业单位路径。,应用本科可走县区基层、行政执法和地方单位，学校层级不宜夸大。,上海出入境边防检查总站|上海市公安局特勤局|中国民用航空局华东地区管理局|中国法学会|中国藏学研究中心|中央办公厅|人力资源和社会保障部|全国总工会,一级主任科员及以下|一级主办及以下（七）|一级主办及以下（三）|一级主办及以下（九）|一级主办及以下（二十三）|一级主办及以下（二十六）|一级主办及以下（二十）|一级主办及以下（五）
080808T,智能工程与创意设计,本科(普通),,本科,工学,自动化类,51.7,中等适配,2026国考职位表/中央机关及直属机构口径（第三方镜像）,844.0,1.0,843.0,0.0,0.0,0.1,99.9,0.0,0.0,主要靠专业大类/门类岗位,税务系统(786)；公安/移民/基层执法(29)；海关/边检(28)；交通海事民航铁路(7)；统计调查(3)；财政审计金融监管(3),1706.0,106.17,467.0,3.0,0.4,352.33,29.0,3.4,91.71,26.0,3.1,75.71,786.0,93.1,118.1,31.0,877.0,2.0,875.0,high,升学后中等潜力,存在专业代码或专业名称精确匹配，并有直接学历兼容岗位。,可以考，但院校层级优势有限，更依赖岗位地区和限制条件。,可作为备选路径，适合叠加党员、基层项目、应届身份等条件。,可作为基层备选，但要靠地域、应届和限制条件放大机会。,上海出入境边防检查总站|上海市公安局特勤局|中国民用航空局华东地区管理局|中国法学会|中国藏学研究中心|中国贸促会|中央办公厅|人力资源和社会保障部,一级主任科员及以下|一级主办及以下（七）|一级主办及以下（三）|一级主办及以下（九）|一级主办及以下（二十三）|一级主办及以下（二十六）|一级主办及以下（二十）|一级主办及以下（五）
080902,软件工程,本科(普通),,本科,工学,计算机类,91.0,强适配,2026国考职位表/中央机关及直属机构口径（第三方镜像）,4090.0,638.0,3452.0,0.0,0.0,15.6,84.4,0.0,0.0,以对口岗位为主,税务系统(2918)；财政审计金融监管(594)；海关/边检(256)；统计调查(172)；公安/移民/基层执法(140)；交通海事民航铁路(77),7491.0,104.07,2840.0,8.0,0.2,433.07,73.0,1.8,115.47,559.0,13.7,112.24,3450.0,84.4,117.91,349.0,4441.0,892.0,3549.0,very_high,升学后较强潜力,存在专业代码或专业名称精确匹配，并有直接学历兼容岗位。,头部院校可把该专业作为中央/省级机关、选调和研究生岗位的主赛道之一。,区域重点/特色院校可重点面向省市县税务、执法、市场监管和事业单位路径。,应用本科可走县区基层、行政执法和地方单位，学校层级不宜夸大。,上海出入境边防检查总站|上海市公安局特勤局|上海市邮政管理局|上海海事局|上海海关|上海海关缉私局|上海铁路公安局|中国人民银行,一处一级主任科员及以下|一处一级警长及以下|一级主任科员及以下|一级主任科员及以下二|一级主任科员及以下（二）|一级主任科员及以下（四）|一级主办及以下|一级主办及以下(三)
080903,网络工程,本科(普通),,本科,工学,计算机类,87.8,强适配,2026国考职位表/中央机关及直属机构口径（第三方镜像）,4052.0,351.0,3701.0,0.0,0.0,8.7,91.3,0.0,0.0,以对口岗位为主,税务系统(2918)；财政审计金融监管(584)；海关/边检(234)；统计调查(172)；公安/移民/基层执法(133)；交通海事民航铁路(75),7441.0,103.72,2816.0,7.0,0.2,493.86,73.0,1.8,122.32,545.0,13.5,114.57,3427.0,84.6,116.48,233.0,4287.0,354.0,3933.0,very_high,升学后较强潜力,存在专业代码或专业名称精确匹配，并有直接学历兼容岗位。,头部院校可把该专业作为中央/省级机关、选调和研究生岗位的主赛道之一。,区域重点/特色院校可重点面向省市县税务、执法、市场监管和事业单位路径。,应用本科可走县区基层、行政执法和地方单位，学校层级不宜夸大。,上海出入境边防检查总站|上海市公安局特勤局|上海市邮政管理局|上海海事局|上海海关|上海海关缉私局|上海铁路公安局|中国人民银行上海总部,一级主任科员及以下|一级主任科员及以下二|一级主任科员及以下（二）|一级主任科员及以下（四）|一级主办及以下|一级主办及以下(三)|一级主办及以下（一）|一级主办及以下（七）
080904K,信息安全,本科(普通),,本科,工学,计算机类,86.0,强适配,2026国考职位表/中央机关及直属机构口径（第三方镜像）,3942.0,245.0,3697.0,0.0,0.0,6.2,93.8,0.0,0.0,以对口岗位为主,税务系统(2918)；财政审计金融监管(543)；海关/边检(191)；统计调查(157)；公安/移民/基层执法(118)；交通海事民航铁路(74),7305.0,103.41,2747.0,6.0,0.2,543.0,72.0,1.8,123.47,509.0,12.9,115.81,3355.0,85.1,115.6,262.0,4206.0,278.0,3928.0,very_high,升学后较强潜力,存在专业代码或专业名称精确匹配，并有直接学历兼容岗位。,头部院校可把该专业作为中央/省级机关、选调和研究生岗位的主赛道之一。,区域重点/特色院校可重点面向省市县税务、执法、市场监管和事业单位路径。,应用本科可走县区基层、行政执法和地方单位，学校层级不宜夸大。,上海出入境边防检查总站|上海市公安局特勤局|上海市邮政管理局|上海海事局|上海海关|上海海关缉私局|上海铁路公安局|中国人民银行,一级主任科员及以下|一级主任科员及以下一|一级主任科员及以下二|一级主任科员及以下（二）|一级主任科员及以下（四）|一级主办及以下|一级主办及以下(三)|一级主办及以下（一）
080905,物联网工程,本科(普通),,本科,工学,计算机类,81.8,强适配,2026国考职位表/中央机关及直属机构口径（第三方镜像）,3814.0,110.0,3704.0,0.0,0.0,2.9,97.1,0.0,0.0,以对口岗位为主,税务系统(2918)；财政审计金融监管(461)；统计调查(157)；海关/边检(153)；公安/移民/基层执法(111)；交通海事民航铁路(71),7138.0,103.97,2654.0,6.0,0.2,543.0,59.0,1.5,103.24,478.0,12.5,115.34,3271.0,85.8,117.45,230.0,4046.0,110.0,3936.0,very_high,升学后较强潜力,存在专业代码或专业名称精确匹配，并有直接学历兼容岗位。,头部院校可把该专业作为中央/省级机关、选调和研究生岗位的主赛道之一。,区域重点/特色院校可重点面向省市县税务、执法、市场监管和事业单位路径。,应用本科可走县区基层、行政执法和地方单位，学校层级不宜夸大。,上海出入境边防检查总站|上海市公安局特勤局|上海市邮政管理局|上海海事局|上海海关缉私局|上海铁路公安局|中国人民银行上海总部|中国人民银行云南省分行,一级主任科员及以下|一级主任科员及以下二|一级主任科员及以下（二）|一级主任科员及以下（四）|一级主办及以下|一级主办及以下(三)|一级主办及以下（一）|一级主办及以下（七）
080906,数字媒体技术,本科(普通),,本科,工学,计算机类,78.6,强适配,2026国考职位表/中央机关及直属机构口径（第三方镜像）,3762.0,57.0,3705.0,0.0,0.0,1.5,98.5,0.0,0.0,主要靠专业大类/门类岗位,税务系统(2918)；财政审计金融监管(477)；统计调查(157)；公安/移民/基层执法(118)；海关/边检(85)；交通海事民航铁路(71),7059.0,103.23,2606.0,6.0,0.2,543.0,56.0,1.5,106.79,488.0,13.0,113.69,3212.0,85.4,115.8,230.0,3994.0,57.0,3937.0,very_high,升学后较强潜力,存在专业代码或专业名称精确匹配，并有直接学历兼容岗位。,头部院校可把该专业作为中央/省级机关、选调和研究生岗位的主赛道之一。,区域重点/特色院校可重点面向省市县税务、执法、市场监管和事业单位路径。,应用本科可走县区基层、行政执法和地方单位，学校层级不宜夸大。,上海出入境边防检查总站|上海市公安局特勤局|上海市邮政管理局|上海海事局|上海海关缉私局|上海铁路公安局|中国人民银行上海总部|中国人民银行云南省分行,一级主任科员及以下|一级主任科员及以下二|一级主任科员及以下（二）|一级主任科员及以下（四）|一级主办及以下|一级主办及以下(三)|一级主办及以下（一）|一级主办及以下（七）
080907T,智能科学与技术,本科(普通),,本科,工学,计算机类,83.9,强适配,2026国考职位表/中央机关及直属机构口径（第三方镜像）,3858.0,165.0,3693.0,0.0,0.0,4.3,95.7,0.0,0.0,以对口岗位为主,税务系统(2918)；财政审计金融监管(478)；海关/边检(174)；统计调查(157)；公安/移民/基层执法(111)；交通海事民航铁路(72),7238.0,102.72,2686.0,8.0,0.2,411.02,62.0,1.6,100.07,492.0,12.8,115.41,3296.0,85.4,115.94,249.0,4109.0,188.0,3921.0,very_high,升学后较强潜力,存在专业代码或专业名称精确匹配，并有直接学历兼容岗位。,头部院校可把该专业作为中央/省级机关、选调和研究生岗位的主赛道之一。,区域重点/特色院校可重点面向省市县税务、执法、市场监管和事业单位路径。,应用本科可走县区基层、行政执法和地方单位，学校层级不宜夸大。,上海出入境边防检查总站|上海市公安局特勤局|上海市邮政管理局|上海海事局|上海海关|上海海关缉私局|上海铁路公安局|中国人民银行上海总部,一级主任科员及以下|一级主任科员及以下二|一级主任科员及以下（二）|一级主任科员及以下（四）|一级主任科员及以下（英语三）|一级主办及以下|一级主办及以下(三)|一级主办及以下（一）
080908T,空间信息与数字技术,本科(普通),,本科,工学,计算机类,77.7,强适配,2026国考职位表/中央机关及直属机构口径（第三方镜像）,3752.0,47.0,3705.0,0.0,0.0,1.3,98.7,0.0,0.0,主要靠专业大类/门类岗位,税务系统(2918)；财政审计金融监管(458)；统计调查(157)；公安/移民/基层执法(107)；海关/边检(95)；交通海事民航铁路(71),7045.0,103.63,2611.0,6.0,0.2,543.0,57.0,1.5,106.39,468.0,12.5,117.76,3221.0,85.8,116.07,230.0,3984.0,48.0,3936.0,very_high,升学后较强潜力,存在专业代码或专业名称精确匹配，并有直接学历兼容岗位。,头部院校可把该专业作为中央/省级机关、选调和研究生岗位的主赛道之一。,区域重点/特色院校可重点面向省市县税务、执法、市场监管和事业单位路径。,应用本科可走县区基层、行政执法和地方单位，学校层级不宜夸大。,上海出入境边防检查总站|上海市公安局特勤局|上海市邮政管理局|上海海事局|上海海关缉私局|上海铁路公安局|中国人民银行上海总部|中国人民银行云南省分行,一级主任科员及以下|一级主任科员及以下二|一级主任科员及以下（二）|一级主任科员及以下（四）|一级主办及以下|一级主办及以下(三)|一级主办及以下（一）|一级主办及以下（七）
080909T,电子与计算机工程,本科(普通),,本科,工学,计算机类,83.4,强适配,2026国考职位表/中央机关及直属机构口径（第三方镜像）,3853.0,150.0,3703.0,0.0,0.0,3.9,96.1,0.0,0.0,以对口岗位为主,税务系统(2918)；财政审计金融监管(506)；统计调查(157)；海关/边检(146)；公安/移民/基层执法(112)；交通海事民航铁路(71),7200.0,103.07,2693.0,6.0,0.2,543.0,60.0,1.6,106.54,482.0,12.5,118.15,3305.0,85.8,114.92,232.0,4087.0,152.0,3935.0,very_high,升学后较强潜力,存在专业代码或专业名称精确匹配，并有直接学历兼容岗位。,头部院校可把该专业作为中央/省级机关、选调和研究生岗位的主赛道之一。,区域重点/特色院校可重点面向省市县税务、执法、市场监管和事业单位路径。,应用本科可走县区基层、行政执法和地方单位，学校层级不宜夸大。,上海出入境边防检查总站|上海市公安局特勤局|上海市邮政管理局|上海海事局|上海海关缉私局|上海铁路公安局|中国人民银行上海总部|中国人民银行云南省分行,一级主任科员及以下|一级主任科员及以下二|一级主任科员及以下（二）|一级主任科员及以下（四）|一级主办及以下|一级主办及以下(三)|一级主办及以下（一）|一级主办及以下（七）
080910T,数据科学与大数据技术,本科(普通),,本科,工学,计算机类,87.4,强适配,2026国考职位表/中央机关及直属机构口径（第三方镜像）,4026.0,325.0,3701.0,0.0,0.0,8.1,91.9,0.0,0.0,以对口岗位为主,税务系统(2918)；财政审计金融监管(566)；海关/边检(238)；统计调查(171)；公安/移民/基层执法(165)；交通海事民航铁路(73),7433.0,103.68,2788.0,6.0,0.1,543.0,68.0,1.7,146.31,565.0,14.0,115.35,3387.0,84.1,116.16,236.0,4264.0,332.0,3932.0,very_high,升学后较强潜力,存在专业代码或专业名称精确匹配，并有直接学历兼容岗位。,头部院校可把该专业作为中央/省级机关、选调和研究生岗位的主赛道之一。,区域重点/特色院校可重点面向省市县税务、执法、市场监管和事业单位路径。,应用本科可走县区基层、行政执法和地方单位，学校层级不宜夸大。,上海出入境边防检查总站|上海市公安局特勤局|上海市邮政管理局|上海海事局|上海海关|上海海关缉私局|上海铁路公安局|中国人民银行上海总部,一级主任科员及以下|一级主任科员及以下二|一级主任科员及以下（二）|一级主任科员及以下（四）|一级主办及以下|一级主办及以下(三)|一级主办及以下（一）|一级主办及以下（七）
080911TK,网络空间安全,本科(普通),,本科,工学,计算机类,88.1,强适配,2026国考职位表/中央机关及直属机构口径（第三方镜像）,3867.0,385.0,3482.0,0.0,0.0,10.0,90.0,0.0,0.0,以对口岗位为主,税务系统(2918)；财政审计金融监管(509)；统计调查(157)；海关/边检(154)；公安/移民/基层执法(111)；交通海事民航铁路(75),7210.0,103.67,2699.0,6.0,0.2,543.0,65.0,1.7,111.97,488.0,12.6,116.19,3308.0,85.5,116.3,300.0,4169.0,581.0,3588.0,very_high,升学后较强潜力,存在专业代码或专业名称精确匹配，并有直接学历兼容岗位。,头部院校可把该专业作为中央/省级机关、选调和研究生岗位的主赛道之一。,区域重点/特色院校可重点面向省市县税务、执法、市场监管和事业单位路径。,应用本科可走县区基层、行政执法和地方单位，学校层级不宜夸大。,上海出入境边防检查总站|上海市公安局特勤局|上海市邮政管理局|上海海事局|上海海关缉私局|上海铁路公安局|中国人民银行|中国人民银行上海总部,一处一级主任科员及以下|一处一级警长及以下|一级主任科员及以下|一级主任科员及以下二|一级主任科员及以下（二）|一级主任科员及以下（四）|一级主办及以下|一级主办及以下(三)
080912T,新媒体技术,本科(普通),,本科,工学,计算机类,76.4,强适配,2026国考职位表/中央机关及直属机构口径（第三方镜像）,3741.0,36.0,3705.0,0.0,0.0,1.0,99.0,0.0,0.0,主要靠专业大类/门类岗位,税务系统(2918)；财政审计金融监管(477)；统计调查(157)；公安/移民/基层执法(114)；交通海事民航铁路(72)；海关/边检(66),7022.0,103.18,2600.0,6.0,0.2,543.0,56.0,1.5,106.79,480.0,12.8,114.16,3199.0,85.5,115.54,231.0,3974.0,37.0,3937.0,very_high,升学后较强潜力,存在专业代码或专业名称精确匹配，并有直接学历兼容岗位。,头部院校可把该专业作为中央/省级机关、选调和研究生岗位的主赛道之一。,区域重点/特色院校可重点面向省市县税务、执法、市场监管和事业单位路径。,应用本科可走县区基层、行政执法和地方单位，学校层级不宜夸大。,上海出入境边防检查总站|上海市公安局特勤局|上海市邮政管理局|上海海事局|上海海关缉私局|上海铁路公安局|中国人民银行上海总部|中国人民银行云南省分行,一级主任科员及以下|一级主任科员及以下二|一级主任科员及以下（二）|一级主任科员及以下（四）|一级主办及以下|一级主办及以下(三)|一级主办及以下（一）|一级主办及以下（七）
080913T,电影制作,本科(普通),,本科,工学,计算机类,59.2,较强适配,2026国考职位表/中央机关及直属机构口径（第三方镜像）,3705.0,0.0,3705.0,0.0,0.0,0.0,100.0,0.0,0.0,主要靠专业大类/门类岗位,税务系统(2918)；财政审计金融监管(458)；统计调查(157)；公安/移民/基层执法(107)；交通海事民航铁路(71)；海关/边检(50),6973.0,103.34,2574.0,6.0,0.2,543.0,56.0,1.5,106.79,461.0,12.4,115.83,3182.0,85.9,115.58,230.0,3937.0,0.0,3937.0,very_high,升学后较强潜力,主要来自专业类/学科门类宽口径匹配，报考前必须核官方专业目录。,头部院校优势主要体现在保研/读研后进入更高层级岗位。,区域重点/特色院校可重点面向省市县税务、执法、市场监管和事业单位路径。,应用本科可走县区基层、行政执法和地方单位，学校层级不宜夸大。,上海出入境边防检查总站|上海市公安局特勤局|上海市邮政管理局|上海海事局|上海海关缉私局|上海铁路公安局|中国人民银行上海总部|中国人民银行云南省分行,一级主任科员及以下|一级主任科员及以下二|一级主任科员及以下（二）|一级主任科员及以下（四）|一级主办及以下|一级主办及以下(三)|一级主办及以下（一）|一级主办及以下（七）
080914TK,保密技术,本科(普通),,本科,工学,计算机类,68.5,较强适配,2026国考职位表/中央机关及直属机构口径（第三方镜像）,3711.0,6.0,3705.0,0.0,0.0,0.2,99.8,0.0,0.0,主要靠专业大类/门类岗位,税务系统(2918)；财政审计金融监管(458)；统计调查(157)；公安/移民/基层执法(113)；交通海事民航铁路(71)；海关/边检(56),6980.0,103.41,2574.0,6.0,0.2,543.0,56.0,1.5,106.79,467.0,12.6,116.82,3182.0,85.7,115.58,230.0,3943.0,6.0,3937.0,very_high,升学后较强潜力,存在专业代码或专业名称精确匹配，并有直接学历兼容岗位。,头部院校优势主要体现在保研/读研后进入更高层级岗位。,区域重点/特色院校可重点面向省市县税务、执法、市场监管和事业单位路径。,应用本科可走县区基层、行政执法和地方单位，学校层级不宜夸大。,上海出入境边防检查总站|上海市公安局特勤局|上海市邮政管理局|上海海事局|上海海关缉私局|上海铁路公安局|中国人民银行上海总部|中国人民银行云南省分行,一级主任科员及以下|一级主任科员及以下二|一级主任科员及以下（二）|一级主任科员及以下（四）|一级主办及以下|一级主办及以下(三)|一级主办及以下（一）|一级主办及以下（七）
080915T,服务科学与工程,本科(普通),,本科,工学,计算机类,59.2,较强适配,2026国考职位表/中央机关及直属机构口径（第三方镜像）,3705.0,0.0,3705.0,0.0,0.0,0.0,100.0,0.0,0.0,主要靠专业大类/门类岗位,税务系统(2918)；财政审计金融监管(458)；统计调查(157)；公安/移民/基层执法(107)；交通海事民航铁路(71)；海关/边检(50),6973.0,103.34,2574.0,6.0,0.2,543.0,56.0,1.5,106.79,461.0,12.4,115.83,3182.0,85.9,115.58,230.0,3937.0,0.0,3937.0,very_high,升学后较强潜力,主要来自专业类/学科门类宽口径匹配，报考前必须核官方专业目录。,头部院校优势主要体现在保研/读研后进入更高层级岗位。,区域重点/特色院校可重点面向省市县税务、执法、市场监管和事业单位路径。,应用本科可走县区基层、行政执法和地方单位，学校层级不宜夸大。,上海出入境边防检查总站|上海市公安局特勤局|上海市邮政管理局|上海海事局|上海海关缉私局|上海铁路公安局|中国人民银行上海总部|中国人民银行云南省分行,一级主任科员及以下|一级主任科员及以下二|一级主任科员及以下（二）|一级主任科员及以下（四）|一级主办及以下|一级主办及以下(三)|一级主办及以下（一）|一级主办及以下（七）
080916T,虚拟现实技术,本科(普通),,本科,工学,计算机类,69.7,较强适配,2026国考职位表/中央机关及直属机构口径（第三方镜像）,3713.0,8.0,3705.0,0.0,0.0,0.2,99.8,0.0,0.0,主要靠专业大类/门类岗位,税务系统(2918)；财政审计金融监管(458)；统计调查(157)；公安/移民/基层执法(107)；交通海事民航铁路(71)；海关/边检(58),6987.0,103.25,2582.0,6.0,0.2,543.0,56.0,1.5,106.79,461.0,12.4,115.83,3190.0,85.9,115.42,230.0,3945.0,8.0,3937.0,very_high,升学后较强潜力,存在专业代码或专业名称精确匹配，并有直接学历兼容岗位。,头部院校优势主要体现在保研/读研后进入更高层级岗位。,区域重点/特色院校可重点面向省市县税务、执法、市场监管和事业单位路径。,应用本科可走县区基层、行政执法和地方单位，学校层级不宜夸大。,上海出入境边防检查总站|上海市公安局特勤局|上海市邮政管理局|上海海事局|上海海关缉私局|上海铁路公安局|中国人民银行上海总部|中国人民银行云南省分行,一级主任科员及以下|一级主任科员及以下二|一级主任科员及以下（二）|一级主任科员及以下（四）|一级主办及以下|一级主办及以下(三)|一级主办及以下（一）|一级主办及以下（七）
080917T,区块链工程,本科(普通),,本科,工学,计算机类,72.4,较强适配,2026国考职位表/中央机关及直属机构口径（第三方镜像）,3720.0,15.0,3705.0,0.0,0.0,0.4,99.6,0.0,0.0,主要靠专业大类/门类岗位,税务系统(2918)；财政审计金融监管(459)；统计调查(157)；公安/移民/基层执法(107)；交通海事民航铁路(71)；海关/边检(63),7008.0,103.42,2586.0,6.0,0.2,543.0,57.0,1.5,109.56,464.0,12.5,115.84,3193.0,85.8,115.61,230.0,3952.0,15.0,3937.0,very_high,升学后较强潜力,存在专业代码或专业名称精确匹配，并有直接学历兼容岗位。,头部院校优势主要体现在保研/读研后进入更高层级岗位。,区域重点/特色院校可重点面向省市县税务、执法、市场监管和事业单位路径。,应用本科可走县区基层、行政执法和地方单位，学校层级不宜夸大。,上海出入境边防检查总站|上海市公安局特勤局|上海市邮政管理局|上海海事局|上海海关缉私局|上海铁路公安局|中国人民银行上海总部|中国人民银行云南省分行,一级主任科员及以下|一级主任科员及以下二|一级主任科员及以下（二）|一级主任科员及以下（四）|一级主办及以下|一级主办及以下(三)|一级主办及以下（一）|一级主办及以下（七）
080918TK,密码科学与技术,本科(普通),,本科,工学,计算机类,69.1,较强适配,2026国考职位表/中央机关及直属机构口径（第三方镜像）,3711.0,7.0,3704.0,0.0,0.0,0.2,99.8,0.0,0.0,主要靠专业大类/门类岗位,税务系统(2918)；财政审计金融监管(458)；统计调查(157)；公安/移民/基层执法(113)；交通海事民航铁路(71)；海关/边检(56),6980.0,103.41,2574.0,6.0,0.2,543.0,56.0,1.5,106.79,467.0,12.6,116.82,3182.0,85.7,115.58,231.0,3944.0,8.0,3936.0,very_high,升学后较强潜力,存在专业代码或专业名称精确匹配，并有直接学历兼容岗位。,头部院校优势主要体现在保研/读研后进入更高层级岗位。,区域重点/特色院校可重点面向省市县税务、执法、市场监管和事业单位路径。,应用本科可走县区基层、行政执法和地方单位，学校层级不宜夸大。,上海出入境边防检查总站|上海市公安局特勤局|上海市邮政管理局|上海海事局|上海海关缉私局|上海铁路公安局|中国人民银行上海总部|中国人民银行云南省分行,一级主任科员及以下|一级主任科员及以下二|一级主任科员及以下（二）|一级主任科员及以下（四）|一级主办及以下|一级主办及以下(三)|一级主办及以下（一）|一级主办及以下（七）
080919T,工业软件,本科(普通),,本科,工学,计算机类,59.2,较强适配,2026国考职位表/中央机关及直属机构口径（第三方镜像）,3705.0,0.0,3705.0,0.0,0.0,0.0,100.0,0.0,0.0,主要靠专业大类/门类岗位,税务系统(2918)；财政审计金融监管(458)；统计调查(157)；公安/移民/基层执法(107)；交通海事民航铁路(71)；海关/边检(50),6973.0,103.34,2574.0,6.0,0.2,543.0,56.0,1.5,106.79,461.0,12.4,115.83,3182.0,85.9,115.58,230.0,3937.0,0.0,3937.0,very_high,升学后较强潜力,主要来自专业类/学科门类宽口径匹配，报考前必须核官方专业目录。,头部院校优势主要体现在保研/读研后进入更高层级岗位。,区域重点/特色院校可重点面向省市县税务、执法、市场监管和事业单位路径。,应用本科可走县区基层、行政执法和地方单位，学校层级不宜夸大。,上海出入境边防检查总站|上海市公安局特勤局|上海市邮政管理局|上海海事局|上海海关缉私局|上海铁路公安局|中国人民银行上海总部|中国人民银行云南省分行,一级主任科员及以下|一级主任科员及以下二|一级主任科员及以下（二）|一级主任科员及以下（四）|一级主办及以下|一级主办及以下(三)|一级主办及以下（一）|一级主办及以下（七）
081001,土木工程,本科(普通),,本科,工学,土木类,68.9,较强适配,2026国考职位表/中央机关及直属机构口径（第三方镜像）,811.0,86.0,725.0,0.0,0.0,10.6,89.4,0.0,0.0,主要靠专业大类/门类岗位,税务系统(523)；财政审计金融监管(147)；公安/移民/基层执法(104)；海关/边检(68)；交通海事民航铁路(25)；生态环境/自然资源/农业水利(16),1583.0,126.12,423.0,7.0,0.9,252.22,30.0,3.7,139.74,214.0,26.4,130.15,560.0,69.1,158.98,227.0,1038.0,127.0,911.0,high,升学后较强潜力,存在专业代码或专业名称精确匹配，并有直接学历兼容岗位。,头部院校优势主要体现在保研/读研后进入更高层级岗位。,区域重点/特色院校可重点面向省市县税务、执法、市场监管和事业单位路径。,应用本科可走县区基层、行政执法和地方单位，学校层级不宜夸大。,上海出入境边防检查总站|上海市公安局特勤局|中国井冈山干部学院|中国人民银行上海总部|中国人民银行云南省分行|中国人民银行内蒙古自治区分行|中国人民银行北京市分行|中国人民银行厦门市分行,一处一级主任科员及以下|一级主任科员及以下|一级主任科员及以下（英语三）|一级主办及以下|一级主办及以下(三)|一级主办及以下（一）|一级主办及以下（三）|一级主办及以下（二）
081003,给排水科学与工程,本科(普通),,本科,工学,土木类,52.1,中等适配,2026国考职位表/中央机关及直属机构口径（第三方镜像）,739.0,1.0,738.0,0.0,0.0,0.1,99.9,0.0,0.0,主要靠专业大类/门类岗位,税务系统(523)；财政审计金融监管(146)；公安/移民/基层执法(61)；海关/边检(26)；交通海事民航铁路(20)；统计调查(3),1430.0,118.34,409.0,4.0,0.5,340.0,26.0,3.5,62.54,167.0,22.6,123.57,542.0,73.3,137.71,187.0,926.0,1.0,925.0,high,升学后较强潜力,存在专业代码或专业名称精确匹配，并有直接学历兼容岗位。,头部院校优势主要体现在保研/读研后进入更高层级岗位。,可作为备选路径，适合叠加党员、基层项目、应届身份等条件。,可作为基层备选，但要靠地域、应届和限制条件放大机会。,上海出入境边防检查总站|上海市公安局特勤局|中国井冈山干部学院|中国人民银行上海总部|中国人民银行云南省分行|中国人民银行内蒙古自治区分行|中国人民银行北京市分行|中国人民银行厦门市分行,一级主任科员及以下|一级主办及以下|一级主办及以下(三)|一级主办及以下（一）|一级主办及以下（三）|一级主办及以下（二）|一级行政执法员|一级行政执法员(一)
081004,建筑电气与智能化,本科(普通),,本科,工学,土木类,54.1,中等适配,2026国考职位表/中央机关及直属机构口径（第三方镜像）,740.0,2.0,738.0,0.0,0.0,0.3,99.7,0.0,0.0,主要靠专业大类/门类岗位,税务系统(523)；财政审计金融监管(146)；公安/移民/基层执法(61)；海关/边检(26)；交通海事民航铁路(20)；统计调查(3),1432.0,118.74,409.0,5.0,0.7,352.6,26.0,3.5,62.54,167.0,22.6,123.57,542.0,73.2,137.71,188.0,928.0,3.0,925.0,high,升学后较强潜力,存在专业代码或专业名称精确匹配，并有直接学历兼容岗位。,头部院校优势主要体现在保研/读研后进入更高层级岗位。,可作为备选路径，适合叠加党员、基层项目、应届身份等条件。,可作为基层备选，但要靠地域、应届和限制条件放大机会。,上海出入境边防检查总站|上海市公安局特勤局|中国井冈山干部学院|中国人民银行上海总部|中国人民银行云南省分行|中国人民银行内蒙古自治区分行|中国人民银行北京市分行|中国人民银行厦门市分行,一级主任科员及以下|一级主办及以下|一级主办及以下(三)|一级主办及以下（一）|一级主办及以下（三）|一级主办及以下（二）|一级行政执法员|一级行政执法员(一)
081005T,城市地下空间工程,本科(普通),,本科,工学,土木类,48.8,中等适配,2026国考职位表/中央机关及直属机构口径（第三方镜像）,738.0,0.0,738.0,0.0,0.0,0.0,100.0,0.0,0.0,主要靠专业大类/门类岗位,税务系统(523)；财政审计金融监管(146)；公安/移民/基层执法(61)；海关/边检(26)；交通海事民航铁路(20)；统计调查(3),1429.0,118.12,409.0,3.0,0.4,309.0,26.0,3.5,62.54,167.0,22.6,123.57,542.0,73.4,137.71,187.0,925.0,0.0,925.0,high,升学后较强潜力,主要来自专业类/学科门类宽口径匹配，报考前必须核官方专业目录。,头部院校优势主要体现在保研/读研后进入更高层级岗位。,可作为备选路径，适合叠加党员、基层项目、应届身份等条件。,可作为基层备选，但要靠地域、应届和限制条件放大机会。,上海出入境边防检查总站|上海市公安局特勤局|中国井冈山干部学院|中国人民银行上海总部|中国人民银行云南省分行|中国人民银行内蒙古自治区分行|中国人民银行北京市分行|中国人民银行厦门市分行,一级主任科员及以下|一级主办及以下|一级主办及以下(三)|一级主办及以下（一）|一级主办及以下（三）|一级主办及以下（二）|一级行政执法员|一级行政执法员(一)
081006T,道路桥梁与渡河工程,本科(普通),,本科,工学,土木类,52.1,中等适配,2026国考职位表/中央机关及直属机构口径（第三方镜像）,739.0,1.0,738.0,0.0,0.0,0.1,99.9,0.0,0.0,主要靠专业大类/门类岗位,税务系统(523)；财政审计金融监管(146)；公安/移民/基层执法(61)；海关/边检(27)；交通海事民航铁路(20)；统计调查(3),1430.0,118.08,410.0,3.0,0.4,309.0,26.0,3.5,62.54,167.0,22.6,123.57,543.0,73.5,137.56,187.0,926.0,1.0,925.0,high,升学后较强潜力,存在专业代码或专业名称精确匹配，并有直接学历兼容岗位。,头部院校优势主要体现在保研/读研后进入更高层级岗位。,可作为备选路径，适合叠加党员、基层项目、应届身份等条件。,可作为基层备选，但要靠地域、应届和限制条件放大机会。,上海出入境边防检查总站|上海市公安局特勤局|中国井冈山干部学院|中国人民银行上海总部|中国人民银行云南省分行|中国人民银行内蒙古自治区分行|中国人民银行北京市分行|中国人民银行厦门市分行,一级主任科员及以下|一级主办及以下|一级主办及以下(三)|一级主办及以下（一）|一级主办及以下（三）|一级主办及以下（二）|一级行政执法员|一级行政执法员(一)
081007T,铁道工程,本科(普通),,本科,工学,土木类,54.1,中等适配,2026国考职位表/中央机关及直属机构口径（第三方镜像）,740.0,2.0,738.0,0.0,0.0,0.3,99.7,0.0,0.0,主要靠专业大类/门类岗位,税务系统(523)；财政审计金融监管(146)；公安/移民/基层执法(61)；海关/边检(26)；交通海事民航铁路(21)；统计调查(3),1431.0,118.3,409.0,3.0,0.4,309.0,27.0,3.6,69.12,167.0,22.6,123.57,543.0,73.4,137.93,189.0,929.0,4.0,925.0,high,升学后较强潜力,存在专业代码或专业名称精确匹配，并有直接学历兼容岗位。,头部院校优势主要体现在保研/读研后进入更高层级岗位。,可作为备选路径，适合叠加党员、基层项目、应届身份等条件。,可作为基层备选，但要靠地域、应届和限制条件放大机会。,上海出入境边防检查总站|上海市公安局特勤局|中国井冈山干部学院|中国人民银行上海总部|中国人民银行云南省分行|中国人民银行内蒙古自治区分行|中国人民银行北京市分行|中国人民银行厦门市分行,一级主任科员及以下|一级主办及以下|一级主办及以下(三)|一级主办及以下（一）|一级主办及以下（三）|一级主办及以下（二）|一级行政执法员|一级行政执法员(一)
081008T,智能建造,本科(普通),,本科,工学,土木类,57.4,较强适配,2026国考职位表/中央机关及直属机构口径（第三方镜像）,743.0,5.0,738.0,0.0,0.0,0.7,99.3,0.0,0.0,主要靠专业大类/门类岗位,税务系统(523)；财政审计金融监管(146)；公安/移民/基层执法(63)；海关/边检(30)；交通海事民航铁路(20)；统计调查(3),1437.0,117.84,411.0,3.0,0.4,309.0,27.0,3.6,62.34,169.0,22.7,122.95,544.0,73.2,137.43,187.0,930.0,5.0,925.0,high,升学后较强潜力,存在专业代码或专业名称精确匹配，并有直接学历兼容岗位。,头部院校优势主要体现在保研/读研后进入更高层级岗位。,区域重点/特色院校可重点面向省市县税务、执法、市场监管和事业单位路径。,应用本科可走县区基层、行政执法和地方单位，学校层级不宜夸大。,上海出入境边防检查总站|上海市公安局特勤局|中国井冈山干部学院|中国人民银行上海总部|中国人民银行云南省分行|中国人民银行内蒙古自治区分行|中国人民银行北京市分行|中国人民银行厦门市分行,一级主任科员及以下|一级主办及以下|一级主办及以下(三)|一级主办及以下（一）|一级主办及以下（三）|一级主办及以下（二）|一级行政执法员|一级行政执法员(一)
081009T,土木、水利与海洋工程,本科(普通),,本科,工学,土木类,48.8,中等适配,2026国考职位表/中央机关及直属机构口径（第三方镜像）,738.0,0.0,738.0,0.0,0.0,0.0,100.0,0.0,0.0,主要靠专业大类/门类岗位,税务系统(523)；财政审计金融监管(146)；公安/移民/基层执法(61)；海关/边检(26)；交通海事民航铁路(20)；统计调查(3),1429.0,118.12,409.0,3.0,0.4,309.0,26.0,3.5,62.54,167.0,22.6,123.57,542.0,73.4,137.71,187.0,925.0,0.0,925.0,high,升学后较强潜力,主要来自专业类/学科门类宽口径匹配，报考前必须核官方专业目录。,头部院校优势主要体现在保研/读研后进入更高层级岗位。,可作为备选路径，适合叠加党员、基层项目、应届身份等条件。,可作为基层备选，但要靠地域、应届和限制条件放大机会。,上海出入境边防检查总站|上海市公安局特勤局|中国井冈山干部学院|中国人民银行上海总部|中国人民银行云南省分行|中国人民银行内蒙古自治区分行|中国人民银行北京市分行|中国人民银行厦门市分行,一级主任科员及以下|一级主办及以下|一级主办及以下(三)|一级主办及以下（一）|一级主办及以下（三）|一级主办及以下（二）|一级行政执法员|一级行政执法员(一)
081010T,土木、水利与交通工程,本科(普通),,本科,工学,土木类,52.1,中等适配,2026国考职位表/中央机关及直属机构口径（第三方镜像）,739.0,1.0,738.0,0.0,0.0,0.1,99.9,0.0,0.0,主要靠专业大类/门类岗位,税务系统(523)；财政审计金融监管(146)；公安/移民/基层执法(61)；海关/边检(26)；交通海事民航铁路(21)；统计调查(3),1430.0,118.21,409.0,3.0,0.4,309.0,27.0,3.7,69.12,167.0,22.6,123.57,542.0,73.3,137.71,187.0,926.0,1.0,925.0,high,升学后较强潜力,存在专业代码或专业名称精确匹配，并有直接学历兼容岗位。,头部院校优势主要体现在保研/读研后进入更高层级岗位。,可作为备选路径，适合叠加党员、基层项目、应届身份等条件。,可作为基层备选，但要靠地域、应届和限制条件放大机会。,上海出入境边防检查总站|上海市公安局特勤局|中国井冈山干部学院|中国人民银行上海总部|中国人民银行云南省分行|中国人民银行内蒙古自治区分行|中国人民银行北京市分行|中国人民银行厦门市分行,一级主任科员及以下|一级主办及以下|一级主办及以下(三)|一级主办及以下（一）|一级主办及以下（三）|一级主办及以下（二）|一级行政执法员|一级行政执法员(一)
081011T,城市水系统工程,本科(普通),,本科,工学,土木类,48.8,中等适配,2026国考职位表/中央机关及直属机构口径（第三方镜像）,738.0,0.0,738.0,0.0,0.0,0.0,100.0,0.0,0.0,主要靠专业大类/门类岗位,税务系统(523)；财政审计金融监管(146)；公安/移民/基层执法(61)；海关/边检(26)；交通海事民航铁路(20)；统计调查(3),1429.0,118.12,409.0,3.0,0.4,309.0,26.0,3.5,62.54,167.0,22.6,123.57,542.0,73.4,137.71,187.0,925.0,0.0,925.0,high,升学后较强潜力,主要来自专业类/学科门类宽口径匹配，报考前必须核官方专业目录。,头部院校优势主要体现在保研/读研后进入更高层级岗位。,可作为备选路径，适合叠加党员、基层项目、应届身份等条件。,可作为基层备选，但要靠地域、应届和限制条件放大机会。,上海出入境边防检查总站|上海市公安局特勤局|中国井冈山干部学院|中国人民银行上海总部|中国人民银行云南省分行|中国人民银行内蒙古自治区分行|中国人民银行北京市分行|中国人民银行厦门市分行,一级主任科员及以下|一级主办及以下|一级主办及以下(三)|一级主办及以下（一）|一级主办及以下（三）|一级主办及以下（二）|一级行政执法员|一级行政执法员(一)
081012T,智能建造与智慧交通,本科(普通),,本科,工学,土木类,52.1,中等适配,2026国考职位表/中央机关及直属机构口径（第三方镜像）,739.0,1.0,738.0,0.0,0.0,0.1,99.9,0.0,0.0,主要靠专业大类/门类岗位,税务系统(523)；财政审计金融监管(146)；公安/移民/基层执法(61)；海关/边检(27)；交通海事民航铁路(20)；统计调查(3),1430.0,118.08,410.0,3.0,0.4,309.0,26.0,3.5,62.54,167.0,22.6,123.57,543.0,73.5,137.56,187.0,926.0,1.0,925.0,high,升学后较强潜力,存在专业代码或专业名称精确匹配，并有直接学历兼容岗位。,头部院校优势主要体现在保研/读研后进入更高层级岗位。,可作为备选路径，适合叠加党员、基层项目、应届身份等条件。,可作为基层备选，但要靠地域、应届和限制条件放大机会。,上海出入境边防检查总站|上海市公安局特勤局|中国井冈山干部学院|中国人民银行上海总部|中国人民银行云南省分行|中国人民银行内蒙古自治区分行|中国人民银行北京市分行|中国人民银行厦门市分行,一级主任科员及以下|一级主办及以下|一级主办及以下(三)|一级主办及以下（一）|一级主办及以下（三）|一级主办及以下（二）|一级行政执法员|一级行政执法员(一)
081013T,工程软件,本科(普通),,本科,工学,土木类,48.8,中等适配,2026国考职位表/中央机关及直属机构口径（第三方镜像）,738.0,0.0,738.0,0.0,0.0,0.0,100.0,0.0,0.0,主要靠专业大类/门类岗位,税务系统(523)；财政审计金融监管(146)；公安/移民/基层执法(61)；海关/边检(26)；交通海事民航铁路(20)；统计调查(3),1429.0,118.12,409.0,3.0,0.4,309.0,26.0,3.5,62.54,167.0,22.6,123.57,542.0,73.4,137.71,187.0,925.0,0.0,925.0,high,升学后较强潜力,主要来自专业类/学科门类宽口径匹配，报考前必须核官方专业目录。,头部院校优势主要体现在保研/读研后进入更高层级岗位。,可作为备选路径，适合叠加党员、基层项目、应届身份等条件。,可作为基层备选，但要靠地域、应届和限制条件放大机会。,上海出入境边防检查总站|上海市公安局特勤局|中国井冈山干部学院|中国人民银行上海总部|中国人民银行云南省分行|中国人民银行内蒙古自治区分行|中国人民银行北京市分行|中国人民银行厦门市分行,一级主任科员及以下|一级主办及以下|一级主办及以下(三)|一级主办及以下（一）|一级主办及以下（三）|一级主办及以下（二）|一级行政执法员|一级行政执法员(一)
081102,水文与水资源工程,本科(普通),,本科,工学,水利类,40.9,中等适配,2026国考职位表/中央机关及直属机构口径（第三方镜像）,68.0,24.0,44.0,0.0,0.0,35.3,64.7,0.0,0.0,以对口岗位为主,公安/移民/基层执法(27)；生态环境/自然资源/农业水利(26)；海关/边检(9)；税务系统(7)；交通海事民航铁路(5)；统计调查(3),91.0,185.87,14.0,2.0,2.9,491.0,16.0,23.5,38.12,17.0,25.0,69.11,33.0,48.5,393.52,34.0,102.0,24.0,78.0,limited,升学后中等潜力,存在专业代码或专业名称精确匹配，并有直接学历兼容岗位。,可以考，但院校层级优势有限，更依赖岗位地区和限制条件。,可作为备选路径，适合叠加党员、基层项目、应届身份等条件。,可作为基层备选，但要靠地域、应届和限制条件放大机会。,上海出入境边防检查总站|上海市公安局特勤局|中国民用航空局华东地区管理局|中国法学会|中国藏学研究中心|中央办公厅|全国总工会|公安部,一处警务技术一级主管及以下|一级主任科员及以下|一级行政执法员（三）|一级行政执法员（二）|一级行政执法员（四）|一级警长及以下（一）|一级警长及以下（七）|一级警长及以下（五）
081103,港口航道与海岸工程,本科(普通),,本科,工学,水利类,37.7,中等适配,2026国考职位表/中央机关及直属机构口径（第三方镜像）,49.0,5.0,44.0,0.0,0.0,10.2,89.8,0.0,0.0,主要靠专业大类/门类岗位,公安/移民/基层执法(27)；海关/边检(9)；交通海事民航铁路(9)；税务系统(7)；生态环境/自然资源/农业水利(5)；统计调查(3),72.0,93.68,5.0,2.0,4.1,491.0,14.0,28.6,41.89,21.0,42.9,68.52,12.0,24.5,115.96,34.0,83.0,5.0,78.0,limited,升学后中等潜力,存在专业代码或专业名称精确匹配，并有直接学历兼容岗位。,可以考，但院校层级优势有限，更依赖岗位地区和限制条件。,可作为备选路径，适合叠加党员、基层项目、应届身份等条件。,可作为基层备选，但要靠地域、应届和限制条件放大机会。,上海出入境边防检查总站|上海市公安局特勤局|中国民用航空局华东地区管理局|中国法学会|中国藏学研究中心|中央办公厅|全国总工会|公安部,一处警务技术一级主管及以下|一级主任科员及以下|一级行政执法员（三）|一级行政执法员（二）|一级行政执法员（六）|一级行政执法员（四）|一级警长及以下（一）|一级警长及以下（七）
081104T,水务工程,本科(普通),,本科,工学,水利类,27.1,弱适配,2026国考职位表/中央机关及直属机构口径（第三方镜像）,44.0,0.0,44.0,0.0,0.0,0.0,100.0,0.0,0.0,主要靠专业大类/门类岗位,公安/移民/基层执法(27)；海关/边检(9)；税务系统(7)；交通海事民航铁路(5)；生态环境/自然资源/农业水利(4)；统计调查(3),66.0,95.39,0.0,2.0,4.5,491.0,14.0,31.8,41.89,17.0,38.6,69.11,11.0,25.0,110.77,34.0,78.0,0.0,78.0,limited,升学后中等潜力,主要来自专业类/学科门类宽口径匹配，报考前必须核官方专业目录。,可以考，但院校层级优势有限，更依赖岗位地区和限制条件。,岗位窗口较窄，建议只作为就业备选项。,不适合作为普通应用院校的考公主卖点。,上海出入境边防检查总站|上海市公安局特勤局|中国民用航空局华东地区管理局|中国法学会|中国藏学研究中心|中央办公厅|全国总工会|公安部,一处警务技术一级主管及以下|一级主任科员及以下|一级行政执法员（三）|一级行政执法员（二）|一级行政执法员（四）|一级警长及以下（一）|一级警长及以下（七）|一级警长及以下（五）
081105T,水利科学与工程,本科(普通),,本科,工学,水利类,31.1,弱适配,2026国考职位表/中央机关及直属机构口径（第三方镜像）,45.0,1.0,44.0,0.0,0.0,2.2,97.8,0.0,0.0,主要靠专业大类/门类岗位,公安/移民/基层执法(27)；海关/边检(9)；税务系统(7)；生态环境/自然资源/农业水利(5)；交通海事民航铁路(5)；统计调查(3),67.0,96.55,1.0,2.0,4.4,491.0,14.0,31.1,41.89,17.0,37.8,69.11,12.0,26.7,115.96,34.0,79.0,1.0,78.0,limited,升学后中等潜力,存在专业代码或专业名称精确匹配，并有直接学历兼容岗位。,可以考，但院校层级优势有限，更依赖岗位地区和限制条件。,岗位窗口较窄，建议只作为就业备选项。,不适合作为普通应用院校的考公主卖点。,上海出入境边防检查总站|上海市公安局特勤局|中国民用航空局华东地区管理局|中国法学会|中国藏学研究中心|中央办公厅|全国总工会|公安部,一处警务技术一级主管及以下|一级主任科员及以下|一级行政执法员（三）|一级行政执法员（二）|一级行政执法员（四）|一级警长及以下（一）|一级警长及以下（七）|一级警长及以下（五）
081106T,智慧水利,本科(普通),,本科,工学,水利类,27.1,弱适配,2026国考职位表/中央机关及直属机构口径（第三方镜像）,44.0,0.0,44.0,0.0,0.0,0.0,100.0,0.0,0.0,主要靠专业大类/门类岗位,公安/移民/基层执法(27)；海关/边检(9)；税务系统(7)；交通海事民航铁路(5)；生态环境/自然资源/农业水利(4)；统计调查(3),66.0,95.39,0.0,2.0,4.5,491.0,14.0,31.8,41.89,17.0,38.6,69.11,11.0,25.0,110.77,35.0,79.0,1.0,78.0,limited,升学后中等潜力,主要来自专业类/学科门类宽口径匹配，报考前必须核官方专业目录。,可以考，但院校层级优势有限，更依赖岗位地区和限制条件。,岗位窗口较窄，建议只作为就业备选项。,不适合作为普通应用院校的考公主卖点。,上海出入境边防检查总站|上海市公安局特勤局|中国民用航空局华东地区管理局|中国法学会|中国藏学研究中心|中央办公厅|全国总工会|公安部,一处警务技术一级主管及以下|一级主任科员及以下|一级行政执法员（三）|一级行政执法员（二）|一级行政执法员（四）|一级警长及以下（一）|一级警长及以下（七）|一级警长及以下（五）
081201,测绘工程,本科(普通),,本科,工学,测绘类,58.0,较强适配,2026国考职位表/中央机关及直属机构口径（第三方镜像）,568.0,8.0,560.0,0.0,0.0,1.4,98.6,0.0,0.0,主要靠专业大类/门类岗位,税务系统(243)；财政审计金融监管(181)；公安/移民/基层执法(88)；交通海事民航铁路(47)；海关/边检(38)；统计调查(23),1002.0,115.54,334.0,6.0,1.1,214.78,32.0,5.6,83.11,211.0,37.1,119.73,319.0,56.2,145.25,223.0,791.0,10.0,781.0,high,升学后较强潜力,存在专业代码或专业名称精确匹配，并有直接学历兼容岗位。,头部院校优势主要体现在保研/读研后进入更高层级岗位。,区域重点/特色院校可重点面向省市县税务、执法、市场监管和事业单位路径。,应用本科可走县区基层、行政执法和地方单位，学校层级不宜夸大。,上海出入境边防检查总站|上海市公安局特勤局|上海海关缉私局|上海铁路公安局|中国人民银行|中国人民银行上海总部|中国人民银行云南省分行|中国人民银行内蒙古自治区分行,一处一级主任科员及以下|一处一级警长及以下|一级主任科员及以下|一级科员（一）|一级行政执法员|一级行政执法员(一)|一级行政执法员(三)|一级行政执法员(二)
081202,遥感科学与技术,本科(普通),,本科,工学,测绘类,60.8,较强适配,2026国考职位表/中央机关及直属机构口径（第三方镜像）,572.0,15.0,557.0,0.0,0.0,2.6,97.4,0.0,0.0,主要靠专业大类/门类岗位,税务系统(243)；财政审计金融监管(181)；公安/移民/基层执法(87)；交通海事民航铁路(47)；海关/边检(38)；统计调查(26),1006.0,115.67,340.0,6.0,1.0,214.78,32.0,5.6,83.11,213.0,37.2,120.24,321.0,56.1,145.11,238.0,810.0,32.0,778.0,high,升学后较强潜力,存在专业代码或专业名称精确匹配，并有直接学历兼容岗位。,头部院校优势主要体现在保研/读研后进入更高层级岗位。,区域重点/特色院校可重点面向省市县税务、执法、市场监管和事业单位路径。,应用本科可走县区基层、行政执法和地方单位，学校层级不宜夸大。,上海出入境边防检查总站|上海市公安局特勤局|上海海关缉私局|上海铁路公安局|中国人民银行|中国人民银行上海总部|中国人民银行云南省分行|中国人民银行内蒙古自治区分行,一处一级主任科员及以下|一处一级警长及以下|一级主任科员及以下|一级科员（一）|一级行政执法员|一级行政执法员(一)|一级行政执法员(三)|一级行政执法员(二)
081203T,导航工程,本科(普通),,本科,工学,测绘类,52.6,中等适配,2026国考职位表/中央机关及直属机构口径（第三方镜像）,562.0,2.0,560.0,0.0,0.0,0.4,99.6,0.0,0.0,主要靠专业大类/门类岗位,税务系统(243)；财政审计金融监管(181)；公安/移民/基层执法(87)；交通海事民航铁路(47)；海关/边检(38)；统计调查(23),994.0,115.0,332.0,5.0,0.9,253.4,31.0,5.5,84.09,210.0,37.4,120.1,316.0,56.2,142.5,222.0,784.0,3.0,781.0,high,升学后较强潜力,存在专业代码或专业名称精确匹配，并有直接学历兼容岗位。,头部院校优势主要体现在保研/读研后进入更高层级岗位。,可作为备选路径，适合叠加党员、基层项目、应届身份等条件。,可作为基层备选，但要靠地域、应届和限制条件放大机会。,上海出入境边防检查总站|上海市公安局特勤局|上海海关缉私局|上海铁路公安局|中国人民银行|中国人民银行上海总部|中国人民银行云南省分行|中国人民银行内蒙古自治区分行,一处一级主任科员及以下|一处一级警长及以下|一级主任科员及以下|一级科员（一）|一级行政执法员|一级行政执法员(一)|一级行政执法员(三)|一级行政执法员(二)
081204T,地理国情监测,本科(普通),,本科,工学,测绘类,54.0,中等适配,2026国考职位表/中央机关及直属机构口径（第三方镜像）,563.0,3.0,560.0,0.0,0.0,0.5,99.5,0.0,0.0,主要靠专业大类/门类岗位,税务系统(243)；财政审计金融监管(181)；公安/移民/基层执法(87)；交通海事民航铁路(47)；海关/边检(38)；统计调查(23),995.0,115.8,332.0,5.0,0.9,253.4,32.0,5.7,110.02,210.0,37.3,120.1,316.0,56.1,142.5,222.0,785.0,4.0,781.0,high,升学后较强潜力,存在专业代码或专业名称精确匹配，并有直接学历兼容岗位。,头部院校优势主要体现在保研/读研后进入更高层级岗位。,可作为备选路径，适合叠加党员、基层项目、应届身份等条件。,可作为基层备选，但要靠地域、应届和限制条件放大机会。,上海出入境边防检查总站|上海市公安局特勤局|上海海关缉私局|上海铁路公安局|中国人民银行|中国人民银行上海总部|中国人民银行云南省分行|中国人民银行内蒙古自治区分行,一处一级主任科员及以下|一处一级警长及以下|一级主任科员及以下|一级科员（一）|一级行政执法员|一级行政执法员(一)|一级行政执法员(三)|一级行政执法员(二)
081205T,地理空间信息工程,本科(普通),,本科,工学,测绘类,55.1,较强适配,2026国考职位表/中央机关及直属机构口径（第三方镜像）,564.0,4.0,560.0,0.0,0.0,0.7,99.3,0.0,0.0,主要靠专业大类/门类岗位,税务系统(243)；财政审计金融监管(181)；公安/移民/基层执法(87)；交通海事民航铁路(47)；海关/边检(38)；统计调查(23),998.0,115.47,334.0,6.0,1.1,214.78,30.0,5.3,86.66,210.0,37.2,120.1,318.0,56.4,144.35,221.0,785.0,4.0,781.0,high,升学后较强潜力,存在专业代码或专业名称精确匹配，并有直接学历兼容岗位。,头部院校优势主要体现在保研/读研后进入更高层级岗位。,区域重点/特色院校可重点面向省市县税务、执法、市场监管和事业单位路径。,应用本科可走县区基层、行政执法和地方单位，学校层级不宜夸大。,上海出入境边防检查总站|上海市公安局特勤局|上海海关缉私局|上海铁路公安局|中国人民银行|中国人民银行上海总部|中国人民银行云南省分行|中国人民银行内蒙古自治区分行,一处一级主任科员及以下|一处一级警长及以下|一级主任科员及以下|一级科员（一）|一级行政执法员|一级行政执法员(一)|一级行政执法员(三)|一级行政执法员(二)
081206TK,时空信息工程,本科(普通),,本科,工学,测绘类,47.3,中等适配,2026国考职位表/中央机关及直属机构口径（第三方镜像）,560.0,0.0,560.0,0.0,0.0,0.0,100.0,0.0,0.0,主要靠专业大类/门类岗位,税务系统(243)；财政审计金融监管(181)；公安/移民/基层执法(87)；交通海事民航铁路(47)；海关/边检(38)；统计调查(23),992.0,115.11,332.0,5.0,0.9,253.4,29.0,5.2,85.82,210.0,37.5,120.1,316.0,56.4,142.5,221.0,781.0,0.0,781.0,high,升学后较强潜力,主要来自专业类/学科门类宽口径匹配，报考前必须核官方专业目录。,头部院校优势主要体现在保研/读研后进入更高层级岗位。,可作为备选路径，适合叠加党员、基层项目、应届身份等条件。,可作为基层备选，但要靠地域、应届和限制条件放大机会。,上海出入境边防检查总站|上海市公安局特勤局|上海海关缉私局|上海铁路公安局|中国人民银行|中国人民银行上海总部|中国人民银行云南省分行|中国人民银行内蒙古自治区分行,一处一级主任科员及以下|一处一级警长及以下|一级主任科员及以下|一级科员（一）|一级行政执法员|一级行政执法员(一)|一级行政执法员(三)|一级行政执法员(二)
081301,化学工程与工艺,本科(普通),,本科,工学,化工与制药类,59.0,较强适配,2026国考职位表/中央机关及直属机构口径（第三方镜像）,277.0,68.0,209.0,0.0,0.0,24.5,75.5,0.0,0.0,主要靠专业大类/门类岗位,税务系统(135)；海关/边检(117)；公安/移民/基层执法(30)；交通海事民航铁路(5)；统计调查(3),471.0,138.84,163.0,2.0,0.7,213.5,16.0,5.8,25.38,30.0,10.8,185.77,229.0,82.7,162.43,26.0,303.0,69.0,234.0,medium,升学后中等潜力,存在专业代码或专业名称精确匹配，并有直接学历兼容岗位。,可以考，但院校层级优势有限，更依赖岗位地区和限制条件。,区域重点/特色院校可重点面向省市县税务、执法、市场监管和事业单位路径。,应用本科可走县区基层、行政执法和地方单位，学校层级不宜夸大。,上海出入境边防检查总站|上海市公安局特勤局|上海海关|中国民用航空局华东地区管理局|中国法学会|中央直属机关事务管理局|中央组织部|乌鲁木齐海关,一处一级主任科员及以下|一级主任科员及以下|一级行政执法员|一级行政执法员（一）|一级行政执法员（七）|一级行政执法员（三）|一级行政执法员（九）|一级行政执法员（二）
081302,制药工程,本科(普通),,本科,工学,化工与制药类,50.1,中等适配,2026国考职位表/中央机关及直属机构口径（第三方镜像）,222.0,13.0,209.0,0.0,0.0,5.9,94.1,0.0,0.0,主要靠专业大类/门类岗位,税务系统(135)；海关/边检(62)；公安/移民/基层执法(30)；交通海事民航铁路(5)；统计调查(3),399.0,128.31,117.0,2.0,0.9,213.5,15.0,6.8,18.6,26.0,11.7,107.29,179.0,80.6,152.92,25.0,247.0,13.0,234.0,medium,升学后中等潜力,存在专业代码或专业名称精确匹配，并有直接学历兼容岗位。,可以考，但院校层级优势有限，更依赖岗位地区和限制条件。,可作为备选路径，适合叠加党员、基层项目、应届身份等条件。,可作为基层备选，但要靠地域、应届和限制条件放大机会。,上海出入境边防检查总站|上海市公安局特勤局|上海海关|中国民用航空局华东地区管理局|中国法学会|中央直属机关事务管理局|中央组织部|乌鲁木齐海关,一处一级主任科员及以下|一级主任科员及以下|一级行政执法员|一级行政执法员（一）|一级行政执法员（七）|一级行政执法员（三）|一级行政执法员（九）|一级行政执法员（二）
081303T,资源循环科学与工程,本科(普通),,本科,工学,化工与制药类,47.3,中等适配,2026国考职位表/中央机关及直属机构口径（第三方镜像）,216.0,7.0,209.0,0.0,0.0,3.2,96.8,0.0,0.0,主要靠专业大类/门类岗位,税务系统(135)；海关/边检(56)；公安/移民/基层执法(30)；交通海事民航铁路(5)；统计调查(3),391.0,127.72,112.0,2.0,0.9,213.5,15.0,6.9,18.6,25.0,11.6,94.82,174.0,80.6,153.3,25.0,241.0,7.0,234.0,medium,升学后中等潜力,存在专业代码或专业名称精确匹配，并有直接学历兼容岗位。,可以考，但院校层级优势有限，更依赖岗位地区和限制条件。,可作为备选路径，适合叠加党员、基层项目、应届身份等条件。,可作为基层备选，但要靠地域、应届和限制条件放大机会。,上海出入境边防检查总站|上海市公安局特勤局|上海海关|中国民用航空局华东地区管理局|中国法学会|中央直属机关事务管理局|中央组织部|公安部,一处一级主任科员及以下|一级主任科员及以下|一级行政执法员|一级行政执法员（一）|一级行政执法员（七）|一级行政执法员（三）|一级行政执法员（九）|一级行政执法员（二）
081304T,能源化学工程,本科(普通),,本科,工学,化工与制药类,52.0,中等适配,2026国考职位表/中央机关及直属机构口径（第三方镜像）,228.0,19.0,209.0,0.0,0.0,8.3,91.7,0.0,0.0,主要靠专业大类/门类岗位,税务系统(135)；海关/边检(68)；公安/移民/基层执法(30)；交通海事民航铁路(5)；统计调查(3),409.0,130.95,124.0,2.0,0.9,213.5,15.0,6.6,18.6,26.0,11.4,136.67,185.0,81.1,152.74,25.0,253.0,19.0,234.0,medium,升学后中等潜力,存在专业代码或专业名称精确匹配，并有直接学历兼容岗位。,可以考，但院校层级优势有限，更依赖岗位地区和限制条件。,可作为备选路径，适合叠加党员、基层项目、应届身份等条件。,可作为基层备选，但要靠地域、应届和限制条件放大机会。,上海出入境边防检查总站|上海市公安局特勤局|中国民用航空局华东地区管理局|中国法学会|中央直属机关事务管理局|中央组织部|公安部|内蒙古出入境边防检查总站,一处一级主任科员及以下|一级主任科员及以下|一级行政执法员|一级行政执法员（一）|一级行政执法员（七）|一级行政执法员（三）|一级行政执法员（九）|一级行政执法员（二）
081306T,化工安全工程,本科(普通),,本科,工学,化工与制药类,52.4,中等适配,2026国考职位表/中央机关及直属机构口径（第三方镜像）,229.0,20.0,209.0,0.0,0.0,8.7,91.3,0.0,0.0,主要靠专业大类/门类岗位,税务系统(135)；海关/边检(68)；公安/移民/基层执法(30)；交通海事民航铁路(5)；统计调查(3),419.0,122.78,124.0,2.0,0.9,213.5,17.0,7.4,29.59,25.0,10.9,68.81,185.0,80.8,147.8,25.0,254.0,20.0,234.0,medium,升学后中等潜力,存在专业代码或专业名称精确匹配，并有直接学历兼容岗位。,可以考，但院校层级优势有限，更依赖岗位地区和限制条件。,可作为备选路径，适合叠加党员、基层项目、应届身份等条件。,可作为基层备选，但要靠地域、应届和限制条件放大机会。,上海出入境边防检查总站|上海市公安局特勤局|中国民用航空局华东地区管理局|中国法学会|中央直属机关事务管理局|中央组织部|公安部|内蒙古出入境边防检查总站,一处一级主任科员及以下|一级主任科员及以下|一级行政执法员|一级行政执法员（一）|一级行政执法员（七）|一级行政执法员（三）|一级行政执法员（九）|一级行政执法员（二）
081307T,涂料工程,本科(普通),,本科,工学,化工与制药类,40.6,中等适配,2026国考职位表/中央机关及直属机构口径（第三方镜像）,210.0,1.0,209.0,0.0,0.0,0.5,99.5,0.0,0.0,主要靠专业大类/门类岗位,税务系统(135)；海关/边检(50)；公安/移民/基层执法(30)；交通海事民航铁路(5)；统计调查(3),385.0,123.43,109.0,2.0,1.0,213.5,15.0,7.1,18.6,24.0,11.4,70.85,169.0,80.5,147.49,25.0,235.0,1.0,234.0,medium,升学后中等潜力,存在专业代码或专业名称精确匹配，并有直接学历兼容岗位。,可以考，但院校层级优势有限，更依赖岗位地区和限制条件。,可作为备选路径，适合叠加党员、基层项目、应届身份等条件。,可作为基层备选，但要靠地域、应届和限制条件放大机会。,上海出入境边防检查总站|上海市公安局特勤局|中国民用航空局华东地区管理局|中国法学会|中央直属机关事务管理局|中央组织部|公安部|内蒙古出入境边防检查总站,一处一级主任科员及以下|一级主任科员及以下|一级行政执法员|一级行政执法员（一）|一级行政执法员（七）|一级行政执法员（三）|一级行政执法员（九）|一级行政执法员（二）
081308T,精细化工,本科(普通),,本科,工学,化工与制药类,53.8,中等适配,2026国考职位表/中央机关及直属机构口径（第三方镜像）,236.0,27.0,209.0,0.0,0.0,11.4,88.6,0.0,0.0,主要靠专业大类/门类岗位,税务系统(135)；海关/边检(76)；公安/移民/基层执法(30)；交通海事民航铁路(5)；统计调查(3),425.0,129.26,131.0,2.0,0.8,213.5,16.0,6.8,25.38,27.0,11.4,132.34,191.0,80.9,152.33,25.0,261.0,27.0,234.0,medium,升学后中等潜力,存在专业代码或专业名称精确匹配，并有直接学历兼容岗位。,可以考，但院校层级优势有限，更依赖岗位地区和限制条件。,可作为备选路径，适合叠加党员、基层项目、应届身份等条件。,可作为基层备选，但要靠地域、应届和限制条件放大机会。,上海出入境边防检查总站|上海市公安局特勤局|中国民用航空局华东地区管理局|中国法学会|中央直属机关事务管理局|中央组织部|公安部|内蒙古出入境边防检查总站,一处一级主任科员及以下|一级主任科员及以下|一级行政执法员|一级行政执法员（一）|一级行政执法员（七）|一级行政执法员（三）|一级行政执法员（九）|一级行政执法员（二）
081309T,智能分子工程,本科(普通),,本科,工学,化工与制药类,37.2,中等适配,2026国考职位表/中央机关及直属机构口径（第三方镜像）,209.0,0.0,209.0,0.0,0.0,0.0,100.0,0.0,0.0,主要靠专业大类/门类岗位,税务系统(135)；海关/边检(49)；公安/移民/基层执法(30)；交通海事民航铁路(5)；统计调查(3),384.0,123.07,108.0,2.0,1.0,213.5,15.0,7.2,18.6,24.0,11.5,70.85,168.0,80.4,146.8,25.0,234.0,0.0,234.0,medium,升学后中等潜力,主要来自专业类/学科门类宽口径匹配，报考前必须核官方专业目录。,可以考，但院校层级优势有限，更依赖岗位地区和限制条件。,可作为备选路径，适合叠加党员、基层项目、应届身份等条件。,可作为基层备选，但要靠地域、应届和限制条件放大机会。,上海出入境边防检查总站|上海市公安局特勤局|中国民用航空局华东地区管理局|中国法学会|中央直属机关事务管理局|中央组织部|公安部|内蒙古出入境边防检查总站,一处一级主任科员及以下|一级主任科员及以下|一级行政执法员|一级行政执法员（一）|一级行政执法员（七）|一级行政执法员（三）|一级行政执法员（九）|一级行政执法员（二）
081401,地质工程,本科(普通),,本科,工学,地质类,41.3,中等适配,2026国考职位表/中央机关及直属机构口径（第三方镜像）,65.0,12.0,53.0,0.0,0.0,18.5,81.5,0.0,0.0,主要靠专业大类/门类岗位,公安/移民/基层执法(43)；交通海事民航铁路(15)；海关/边检(14)；统计调查(6)；生态环境/自然资源/农业水利(2)；税务系统(1),97.0,120.31,4.0,3.0,4.6,276.67,25.0,38.5,109.46,35.0,53.8,162.54,2.0,3.1,197.75,41.0,106.0,24.0,82.0,limited,升学后中等潜力,存在专业代码或专业名称精确匹配，并有直接学历兼容岗位。,可以考，但院校层级优势有限，更依赖岗位地区和限制条件。,可作为备选路径，适合叠加党员、基层项目、应届身份等条件。,可作为基层备选，但要靠地域、应届和限制条件放大机会。,上海出入境边防检查总站|上海市公安局特勤局|中国民用航空局华东地区管理局|中国法学会|中央直属机关事务管理局|中央组织部|人力资源和社会保障部|全国总工会,一处一级主任科员及以下|一级主任科员及以下|一级行政执法员（一）|一级警长及以下（一）|一级警长及以下（七）|一级警长及以下（五）|一级警长及以下（八）|一级警长及以下（六）
081402,勘查技术与工程,本科(普通),,本科,工学,地质类,36.8,中等适配,2026国考职位表/中央机关及直属机构口径（第三方镜像）,60.0,6.0,54.0,0.0,0.0,10.0,90.0,0.0,0.0,主要靠专业大类/门类岗位,公安/移民/基层执法(42)；交通海事民航铁路(15)；海关/边检(13)；统计调查(3)；生态环境/自然资源/农业水利(3)；党政综合/办公厅(2),84.0,124.36,1.0,4.0,6.7,226.75,23.0,38.3,133.59,31.0,51.7,134.21,2.0,3.3,197.75,34.0,94.0,11.0,83.0,limited,升学后中等潜力,存在专业代码或专业名称精确匹配，并有直接学历兼容岗位。,可以考，但院校层级优势有限，更依赖岗位地区和限制条件。,可作为备选路径，适合叠加党员、基层项目、应届身份等条件。,可作为基层备选，但要靠地域、应届和限制条件放大机会。,上海出入境边防检查总站|上海市公安局特勤局|中国民用航空局华东地区管理局|中国法学会|中央办公厅|中央直属机关事务管理局|中央组织部|云南省地震局,一处一级主任科员及以下|一级主任科员及以下|一级行政执法员（一）|一级行政执法员（四）|一级警长及以下（一）|一级警长及以下（七）|一级警长及以下（五）|一级警长及以下（八）
081403K,资源勘查工程,本科(普通),,本科,工学,地质类,35.9,中等适配,2026国考职位表/中央机关及直属机构口径（第三方镜像）,59.0,5.0,54.0,0.0,0.0,8.5,91.5,0.0,0.0,主要靠专业大类/门类岗位,公安/移民/基层执法(42)；交通海事民航铁路(15)；海关/边检(13)；统计调查(3)；生态环境/自然资源/农业水利(2)；税务系统(1),83.0,120.57,1.0,3.0,5.1,276.67,23.0,39.0,117.85,31.0,52.5,134.21,2.0,3.4,197.75,30.0,89.0,6.0,83.0,limited,升学后中等潜力,存在专业代码或专业名称精确匹配，并有直接学历兼容岗位。,可以考，但院校层级优势有限，更依赖岗位地区和限制条件。,可作为备选路径，适合叠加党员、基层项目、应届身份等条件。,可作为基层备选，但要靠地域、应届和限制条件放大机会。,上海出入境边防检查总站|上海市公安局特勤局|中国民用航空局华东地区管理局|中国法学会|中央档案馆国家档案局|中央直属机关事务管理局|中央组织部|人力资源和社会保障部,一处一级主任科员及以下|一级主任科员及以下|一级行政执法员（一）|一级警长及以下（一）|一级警长及以下（七）|一级警长及以下（五）|一级警长及以下（八）|一级警长及以下（六）
081404T,地下水科学与工程,本科(普通),,本科,工学,地质类,36.9,中等适配,2026国考职位表/中央机关及直属机构口径（第三方镜像）,58.0,4.0,54.0,0.0,0.0,6.9,93.1,0.0,0.0,主要靠专业大类/门类岗位,公安/移民/基层执法(43)；交通海事民航铁路(15)；海关/边检(14)；统计调查(3)；税务系统(1)；生态环境/自然资源/农业水利(1),85.0,116.88,1.0,3.0,5.2,276.67,21.0,36.2,124.4,32.0,55.2,130.22,2.0,3.4,197.75,30.0,88.0,5.0,83.0,limited,升学后中等潜力,存在专业代码或专业名称精确匹配，并有直接学历兼容岗位。,可以考，但院校层级优势有限，更依赖岗位地区和限制条件。,可作为备选路径，适合叠加党员、基层项目、应届身份等条件。,可作为基层备选，但要靠地域、应届和限制条件放大机会。,上海出入境边防检查总站|上海市公安局特勤局|中国民用航空局华东地区管理局|中国法学会|中央直属机关事务管理局|中央组织部|人力资源和社会保障部|公安部,一处一级主任科员及以下|一级主任科员及以下|一级行政执法员（一）|一级警长及以下（一）|一级警长及以下（七）|一级警长及以下（五）|一级警长及以下（八）|一级警长及以下（六）
081405T,旅游地学与规划工程,本科(普通),,本科,工学,地质类,26.8,弱适配,2026国考职位表/中央机关及直属机构口径（第三方镜像）,54.0,0.0,54.0,0.0,0.0,0.0,100.0,0.0,0.0,主要靠专业大类/门类岗位,公安/移民/基层执法(42)；交通海事民航铁路(15)；海关/边检(13)；统计调查(3)；税务系统(1)；生态环境/自然资源/农业水利(1),76.0,129.78,1.0,3.0,5.6,276.67,18.0,33.3,143.42,31.0,57.4,134.21,2.0,3.7,197.75,33.0,87.0,4.0,83.0,limited,升学后中等潜力,主要来自专业类/学科门类宽口径匹配，报考前必须核官方专业目录。,可以考，但院校层级优势有限，更依赖岗位地区和限制条件。,岗位窗口较窄，建议只作为就业备选项。,不适合作为普通应用院校的考公主卖点。,上海出入境边防检查总站|上海市公安局特勤局|中国民用航空局华东地区管理局|中国法学会|中央直属机关事务管理局|中央组织部|云南省地震局|人力资源和社会保障部,一处一级主任科员及以下|一级主任科员及以下|一级行政执法员（一）|一级警长及以下（一）|一级警长及以下（七）|一级警长及以下（五）|一级警长及以下（八）|一级警长及以下（六）
081406T,智能地球探测,本科(普通),,本科,工学,地质类,26.7,弱适配,2026国考职位表/中央机关及直属机构口径（第三方镜像）,54.0,0.0,54.0,0.0,0.0,0.0,100.0,0.0,0.0,主要靠专业大类/门类岗位,公安/移民/基层执法(42)；交通海事民航铁路(15)；海关/边检(13)；统计调查(3)；税务系统(1)；生态环境/自然资源/农业水利(1),76.0,129.78,1.0,3.0,5.6,276.67,18.0,33.3,143.42,31.0,57.4,134.21,2.0,3.7,197.75,29.0,83.0,0.0,83.0,limited,升学后中等潜力,主要来自专业类/学科门类宽口径匹配，报考前必须核官方专业目录。,可以考，但院校层级优势有限，更依赖岗位地区和限制条件。,岗位窗口较窄，建议只作为就业备选项。,不适合作为普通应用院校的考公主卖点。,上海出入境边防检查总站|上海市公安局特勤局|中国民用航空局华东地区管理局|中国法学会|中央直属机关事务管理局|中央组织部|人力资源和社会保障部|公安部,一处一级主任科员及以下|一级主任科员及以下|一级行政执法员（一）|一级警长及以下（一）|一级警长及以下（七）|一级警长及以下（五）|一级警长及以下（八）|一级警长及以下（六）
081407T,资源环境大数据工程,本科(普通),,本科,工学,地质类,26.7,弱适配,2026国考职位表/中央机关及直属机构口径（第三方镜像）,54.0,0.0,54.0,0.0,0.0,0.0,100.0,0.0,0.0,主要靠专业大类/门类岗位,公安/移民/基层执法(42)；交通海事民航铁路(15)；海关/边检(13)；统计调查(3)；税务系统(1)；生态环境/自然资源/农业水利(1),76.0,129.78,1.0,3.0,5.6,276.67,18.0,33.3,143.42,31.0,57.4,134.21,2.0,3.7,197.75,29.0,83.0,0.0,83.0,limited,升学后中等潜力,主要来自专业类/学科门类宽口径匹配，报考前必须核官方专业目录。,可以考，但院校层级优势有限，更依赖岗位地区和限制条件。,岗位窗口较窄，建议只作为就业备选项。,不适合作为普通应用院校的考公主卖点。,上海出入境边防检查总站|上海市公安局特勤局|中国民用航空局华东地区管理局|中国法学会|中央直属机关事务管理局|中央组织部|人力资源和社会保障部|公安部,一处一级主任科员及以下|一级主任科员及以下|一级行政执法员（一）|一级警长及以下（一）|一级警长及以下（七）|一级警长及以下（五）|一级警长及以下（八）|一级警长及以下（六）
081501,采矿工程,本科(普通),,本科,工学,矿业类,54.8,中等适配,2026国考职位表/中央机关及直属机构口径（第三方镜像）,251.0,17.0,234.0,0.0,0.0,6.8,93.2,0.0,0.0,主要靠专业大类/门类岗位,税务系统(170)；海关/边检(30)；公安/移民/基层执法(26)；生态环境/自然资源/农业水利(18)；交通海事民航铁路(4)；统计调查(3),487.0,99.44,86.0,0.0,0.0,,29.0,11.6,73.54,19.0,7.6,59.32,203.0,80.9,117.25,52.0,303.0,33.0,270.0,medium,升学后中等潜力,存在专业代码或专业名称精确匹配，并有直接学历兼容岗位。,头部院校优势主要体现在保研/读研后进入更高层级岗位。,可作为备选路径，适合叠加党员、基层项目、应届身份等条件。,可作为基层备选，但要靠地域、应届和限制条件放大机会。,上海出入境边防检查总站|上海市公安局特勤局|中国民用航空局华东地区管理局|中国法学会|公安部|内蒙古出入境边防检查总站|北京市公安局特勤局|北京铁路公安局,一级主任科员及以下|一级行政执法员|一级行政执法员(一)|一级行政执法员(三)|一级行政执法员(二)|一级行政执法员(五)|一级行政执法员(四)|一级行政执法员（一）
081502,石油工程,本科(普通),,本科,工学,矿业类,45.6,中等适配,2026国考职位表/中央机关及直属机构口径（第三方镜像）,237.0,2.0,235.0,0.0,0.0,0.8,99.2,0.0,0.0,主要靠专业大类/门类岗位,税务系统(170)；海关/边检(27)；公安/移民/基层执法(26)；生态环境/自然资源/农业水利(16)；交通海事民航铁路(4)；统计调查(3),464.0,101.05,82.0,0.0,0.0,,18.0,7.6,70.28,18.0,7.6,58.11,201.0,84.8,117.57,52.0,289.0,17.0,272.0,medium,升学后中等潜力,存在专业代码或专业名称精确匹配，并有直接学历兼容岗位。,头部院校优势主要体现在保研/读研后进入更高层级岗位。,可作为备选路径，适合叠加党员、基层项目、应届身份等条件。,可作为基层备选，但要靠地域、应届和限制条件放大机会。,上海出入境边防检查总站|上海市公安局特勤局|中国民用航空局华东地区管理局|中国法学会|公安部|内蒙古出入境边防检查总站|北京市公安局特勤局|北京铁路公安局,一级主任科员及以下|一级行政执法员|一级行政执法员(一)|一级行政执法员(三)|一级行政执法员(二)|一级行政执法员(五)|一级行政执法员(四)|一级行政执法员（一）
081503,矿物加工工程,本科(普通),,本科,工学,矿业类,52.4,中等适配,2026国考职位表/中央机关及直属机构口径（第三方镜像）,246.0,11.0,235.0,0.0,0.0,4.5,95.5,0.0,0.0,主要靠专业大类/门类岗位,税务系统(170)；海关/边检(37)；公安/移民/基层执法(26)；生态环境/自然资源/农业水利(16)；交通海事民航铁路(4)；统计调查(3),483.0,99.42,91.0,0.0,0.0,,18.0,7.3,75.61,20.0,8.1,57.33,208.0,84.6,115.77,53.0,299.0,28.0,271.0,medium,升学后中等潜力,存在专业代码或专业名称精确匹配，并有直接学历兼容岗位。,头部院校优势主要体现在保研/读研后进入更高层级岗位。,可作为备选路径，适合叠加党员、基层项目、应届身份等条件。,可作为基层备选，但要靠地域、应届和限制条件放大机会。,上海出入境边防检查总站|上海市公安局特勤局|中国民用航空局华东地区管理局|中国法学会|公安部|兰州海关|内蒙古出入境边防检查总站|北京市公安局特勤局,一级主任科员及以下|一级行政执法员|一级行政执法员(一)|一级行政执法员(三)|一级行政执法员(二)|一级行政执法员(五)|一级行政执法员(四)|一级行政执法员（一）
081504,油气储运工程,本科(普通),,本科,工学,矿业类,51.1,中等适配,2026国考职位表/中央机关及直属机构口径（第三方镜像）,242.0,8.0,234.0,0.0,0.0,3.3,96.7,0.0,0.0,主要靠专业大类/门类岗位,税务系统(170)；海关/边检(31)；公安/移民/基层执法(26)；生态环境/自然资源/农业水利(16)；交通海事民航铁路(4)；统计调查(3),474.0,102.41,86.0,0.0,0.0,,19.0,7.9,67.89,18.0,7.4,58.11,205.0,84.7,119.15,59.0,301.0,33.0,268.0,medium,升学后中等潜力,存在专业代码或专业名称精确匹配，并有直接学历兼容岗位。,头部院校优势主要体现在保研/读研后进入更高层级岗位。,可作为备选路径，适合叠加党员、基层项目、应届身份等条件。,可作为基层备选，但要靠地域、应届和限制条件放大机会。,上海出入境边防检查总站|上海市公安局特勤局|中国民用航空局华东地区管理局|中国法学会|公安部|内蒙古出入境边防检查总站|北京市公安局特勤局|北京铁路公安局,一级主任科员及以下|一级行政执法员|一级行政执法员(一)|一级行政执法员(三)|一级行政执法员(二)|一级行政执法员(五)|一级行政执法员(四)|一级行政执法员（一）
081505T,矿物资源工程,本科(普通),,本科,工学,矿业类,52.3,中等适配,2026国考职位表/中央机关及直属机构口径（第三方镜像）,246.0,11.0,235.0,0.0,0.0,4.5,95.5,0.0,0.0,主要靠专业大类/门类岗位,税务系统(170)；海关/边检(37)；公安/移民/基层执法(26)；生态环境/自然资源/农业水利(16)；交通海事民航铁路(4)；统计调查(3),483.0,99.75,91.0,0.0,0.0,,18.0,7.3,75.61,20.0,8.1,57.33,208.0,84.6,116.53,43.0,289.0,13.0,276.0,medium,升学后中等潜力,存在专业代码或专业名称精确匹配，并有直接学历兼容岗位。,可以考，但院校层级优势有限，更依赖岗位地区和限制条件。,可作为备选路径，适合叠加党员、基层项目、应届身份等条件。,可作为基层备选，但要靠地域、应届和限制条件放大机会。,上海出入境边防检查总站|上海市公安局特勤局|中国民用航空局华东地区管理局|中国法学会|乌鲁木齐海关|公安部|内蒙古出入境边防检查总站|北京市公安局特勤局,一级主任科员及以下|一级行政执法员|一级行政执法员(一)|一级行政执法员(三)|一级行政执法员(二)|一级行政执法员(五)|一级行政执法员(四)|一级行政执法员（一）
081506T,海洋油气工程,本科(普通),,本科,工学,矿业类,45.4,中等适配,2026国考职位表/中央机关及直属机构口径（第三方镜像）,237.0,2.0,235.0,0.0,0.0,0.8,99.2,0.0,0.0,主要靠专业大类/门类岗位,税务系统(170)；海关/边检(27)；公安/移民/基层执法(26)；生态环境/自然资源/农业水利(16)；交通海事民航铁路(4)；统计调查(3),465.0,101.28,83.0,0.0,0.0,,18.0,7.6,70.28,18.0,7.6,58.11,201.0,84.8,117.95,43.0,280.0,4.0,276.0,medium,升学后中等潜力,存在专业代码或专业名称精确匹配，并有直接学历兼容岗位。,可以考，但院校层级优势有限，更依赖岗位地区和限制条件。,可作为备选路径，适合叠加党员、基层项目、应届身份等条件。,可作为基层备选，但要靠地域、应届和限制条件放大机会。,上海出入境边防检查总站|上海市公安局特勤局|中国民用航空局华东地区管理局|中国法学会|公安部|内蒙古出入境边防检查总站|北京市公安局特勤局|北京铁路公安局,一级主任科员及以下|一级行政执法员|一级行政执法员(一)|一级行政执法员(三)|一级行政执法员(二)|一级行政执法员(五)|一级行政执法员(四)|一级行政执法员（一）
081507T,智能采矿工程,本科(普通),,本科,工学,矿业类,46.8,中等适配,2026国考职位表/中央机关及直属机构口径（第三方镜像）,238.0,3.0,235.0,0.0,0.0,1.3,98.7,0.0,0.0,主要靠专业大类/门类岗位,税务系统(170)；海关/边检(28)；公安/移民/基层执法(26)；生态环境/自然资源/农业水利(16)；交通海事民航铁路(4)；统计调查(3),466.0,100.83,84.0,0.0,0.0,,18.0,7.6,70.0,18.0,7.6,58.11,202.0,84.9,117.38,42.0,280.0,4.0,276.0,medium,升学后中等潜力,存在专业代码或专业名称精确匹配，并有直接学历兼容岗位。,可以考，但院校层级优势有限，更依赖岗位地区和限制条件。,可作为备选路径，适合叠加党员、基层项目、应届身份等条件。,可作为基层备选，但要靠地域、应届和限制条件放大机会。,上海出入境边防检查总站|上海市公安局特勤局|中国民用航空局华东地区管理局|中国法学会|公安部|内蒙古出入境边防检查总站|北京市公安局特勤局|北京铁路公安局,一级主任科员及以下|一级行政执法员|一级行政执法员(一)|一级行政执法员(三)|一级行政执法员(二)|一级行政执法员(五)|一级行政执法员(四)|一级行政执法员（一）
081508TK,碳储科学与工程,本科(普通),,本科,工学,矿业类,40.1,中等适配,2026国考职位表/中央机关及直属机构口径（第三方镜像）,235.0,0.0,235.0,0.0,0.0,0.0,100.0,0.0,0.0,主要靠专业大类/门类岗位,税务系统(170)；海关/边检(26)；公安/移民/基层执法(26)；生态环境/自然资源/农业水利(16)；交通海事民航铁路(4)；统计调查(3),462.0,101.3,82.0,0.0,0.0,,17.0,7.2,72.59,18.0,7.7,58.11,200.0,85.1,117.89,42.0,277.0,1.0,276.0,medium,升学后中等潜力,主要来自专业类/学科门类宽口径匹配，报考前必须核官方专业目录。,可以考，但院校层级优势有限，更依赖岗位地区和限制条件。,可作为备选路径，适合叠加党员、基层项目、应届身份等条件。,可作为基层备选，但要靠地域、应届和限制条件放大机会。,上海出入境边防检查总站|上海市公安局特勤局|中国民用航空局华东地区管理局|中国法学会|公安部|内蒙古出入境边防检查总站|北京市公安局特勤局|北京铁路公安局,一级主任科员及以下|一级行政执法员|一级行政执法员(一)|一级行政执法员(三)|一级行政执法员(二)|一级行政执法员(五)|一级行政执法员(四)|一级行政执法员（一）
081601,纺织工程,本科(普通),,本科,工学,纺织类,40.4,中等适配,2026国考职位表/中央机关及直属机构口径（第三方镜像）,40.0,8.0,32.0,0.0,0.0,20.0,80.0,0.0,0.0,主要靠专业大类/门类岗位,公安/移民/基层执法(29)；海关/边检(17)；交通海事民航铁路(7)；统计调查(3),59.0,76.05,5.0,0.0,0.0,,14.0,35.0,22.57,19.0,47.5,92.12,7.0,17.5,188.29,26.0,66.0,8.0,58.0,limited,升学后中等潜力,存在专业代码或专业名称精确匹配，并有直接学历兼容岗位。,可以考，但院校层级优势有限，更依赖岗位地区和限制条件。,可作为备选路径，适合叠加党员、基层项目、应届身份等条件。,可作为基层备选，但要靠地域、应届和限制条件放大机会。,上海出入境边防检查总站|上海市公安局特勤局|中国民用航空局华东地区管理局|中国法学会|乌鲁木齐铁路公安局|全国总工会|公安部|内蒙古出入境边防检查总站,一级主任科员及以下|一级警长及以下（一）|一级警长及以下（七）|一级警长及以下（五）|一级警长及以下（八）|一级警长及以下（六）|业务处室一级主任科员及以下|业务处室一级主任科员及以下1
081602,服装设计与工程,本科(普通),,本科,工学,纺织类,27.1,弱适配,2026国考职位表/中央机关及直属机构口径（第三方镜像）,32.0,0.0,32.0,0.0,0.0,0.0,100.0,0.0,0.0,主要靠专业大类/门类岗位,公安/移民/基层执法(29)；海关/边检(9)；交通海事民航铁路(7)；统计调查(3),47.0,48.64,0.0,0.0,0.0,,13.0,40.6,14.54,18.0,56.2,73.96,1.0,3.1,168.0,27.0,59.0,1.0,58.0,limited,升学后中等潜力,主要来自专业类/学科门类宽口径匹配，报考前必须核官方专业目录。,可以考，但院校层级优势有限，更依赖岗位地区和限制条件。,岗位窗口较窄，建议只作为就业备选项。,不适合作为普通应用院校的考公主卖点。,上海出入境边防检查总站|上海市公安局特勤局|中国民用航空局华东地区管理局|中国法学会|乌鲁木齐铁路公安局|全国总工会|公安部|内蒙古出入境边防检查总站,一级主任科员及以下|一级警长及以下（一）|一级警长及以下（七）|一级警长及以下（五）|一级警长及以下（八）|一级警长及以下（六）|业务处室一级主任科员及以下|业务处室一级主任科员及以下1
081603T,非织造材料与工程,本科(普通),,本科,工学,纺织类,27.1,弱适配,2026国考职位表/中央机关及直属机构口径（第三方镜像）,32.0,0.0,32.0,0.0,0.0,0.0,100.0,0.0,0.0,主要靠专业大类/门类岗位,公安/移民/基层执法(29)；海关/边检(9)；交通海事民航铁路(7)；统计调查(3),47.0,48.64,0.0,0.0,0.0,,13.0,40.6,14.54,18.0,56.2,73.96,1.0,3.1,168.0,27.0,59.0,1.0,58.0,limited,升学后中等潜力,主要来自专业类/学科门类宽口径匹配，报考前必须核官方专业目录。,可以考，但院校层级优势有限，更依赖岗位地区和限制条件。,岗位窗口较窄，建议只作为就业备选项。,不适合作为普通应用院校的考公主卖点。,上海出入境边防检查总站|上海市公安局特勤局|中国民用航空局华东地区管理局|中国法学会|乌鲁木齐铁路公安局|全国总工会|公安部|内蒙古出入境边防检查总站,一级主任科员及以下|一级警长及以下（一）|一级警长及以下（七）|一级警长及以下（五）|一级警长及以下（八）|一级警长及以下（六）|业务处室一级主任科员及以下|业务处室一级主任科员及以下1
081604T,服装设计与工艺教育,本科(普通),,本科,工学,纺织类,27.1,弱适配,2026国考职位表/中央机关及直属机构口径（第三方镜像）,32.0,0.0,32.0,0.0,0.0,0.0,100.0,0.0,0.0,主要靠专业大类/门类岗位,公安/移民/基层执法(29)；海关/边检(9)；交通海事民航铁路(7)；统计调查(3),47.0,48.64,0.0,0.0,0.0,,13.0,40.6,14.54,18.0,56.2,73.96,1.0,3.1,168.0,26.0,58.0,0.0,58.0,limited,升学后中等潜力,主要来自专业类/学科门类宽口径匹配，报考前必须核官方专业目录。,可以考，但院校层级优势有限，更依赖岗位地区和限制条件。,岗位窗口较窄，建议只作为就业备选项。,不适合作为普通应用院校的考公主卖点。,上海出入境边防检查总站|上海市公安局特勤局|中国民用航空局华东地区管理局|中国法学会|乌鲁木齐铁路公安局|全国总工会|公安部|内蒙古出入境边防检查总站,一级主任科员及以下|一级警长及以下（一）|一级警长及以下（七）|一级警长及以下（五）|一级警长及以下（八）|一级警长及以下（六）|业务处室一级主任科员及以下|业务处室一级主任科员及以下1
081605T,丝绸设计与工程,本科(普通),,本科,工学,纺织类,30.6,弱适配,2026国考职位表/中央机关及直属机构口径（第三方镜像）,33.0,1.0,32.0,0.0,0.0,3.0,97.0,0.0,0.0,主要靠专业大类/门类岗位,公安/移民/基层执法(29)；海关/边检(10)；交通海事民航铁路(7)；统计调查(3),49.0,56.33,0.0,0.0,0.0,,13.0,39.4,14.54,18.0,54.5,73.96,2.0,6.1,202.5,26.0,59.0,1.0,58.0,limited,升学后中等潜力,存在专业代码或专业名称精确匹配，并有直接学历兼容岗位。,可以考，但院校层级优势有限，更依赖岗位地区和限制条件。,岗位窗口较窄，建议只作为就业备选项。,不适合作为普通应用院校的考公主卖点。,上海出入境边防检查总站|上海市公安局特勤局|中国民用航空局华东地区管理局|中国法学会|乌鲁木齐铁路公安局|全国总工会|公安部|内蒙古出入境边防检查总站,一级主任科员及以下|一级警长及以下（一）|一级警长及以下（七）|一级警长及以下（五）|一级警长及以下（八）|一级警长及以下（六）|业务处室一级主任科员及以下|业务处室一级主任科员及以下1
081701,轻化工程,本科(普通),,本科,工学,轻工类,41.2,中等适配,2026国考职位表/中央机关及直属机构口径（第三方镜像）,60.0,8.0,52.0,0.0,0.0,13.3,86.7,0.0,0.0,主要靠专业大类/门类岗位,海关/边检(37)；公安/移民/基层执法(28)；交通海事民航铁路(5)；统计调查(3),88.0,85.05,13.0,0.0,0.0,,16.0,26.7,27.88,20.0,33.3,74.07,24.0,40.0,192.73,25.0,85.0,8.0,77.0,limited,升学后中等潜力,存在专业代码或专业名称精确匹配，并有直接学历兼容岗位。,可以考，但院校层级优势有限，更依赖岗位地区和限制条件。,可作为备选路径，适合叠加党员、基层项目、应届身份等条件。,可作为基层备选，但要靠地域、应届和限制条件放大机会。,上海出入境边防检查总站|上海市公安局特勤局|中国民用航空局华东地区管理局|中国法学会|云南出入境边防检查总站|人力资源和社会保障部|全国总工会|公安部,一级主任科员及以下|一级警长及以下（一）|一级警长及以下（七）|一级警长及以下（五）|一级警长及以下（八）|一级警长及以下（六）|业务处一级主任科员及以下|业务处室一级主任科员及以下
081702,包装工程,本科(普通),,本科,工学,轻工类,37.1,中等适配,2026国考职位表/中央机关及直属机构口径（第三方镜像）,54.0,2.0,52.0,0.0,0.0,3.7,96.3,0.0,0.0,主要靠专业大类/门类岗位,海关/边检(31)；公安/移民/基层执法(28)；交通海事民航铁路(5)；统计调查(3),81.0,70.16,9.0,0.0,0.0,,15.0,27.8,21.27,19.0,35.2,55.91,20.0,37.0,177.46,25.0,79.0,2.0,77.0,limited,升学后中等潜力,存在专业代码或专业名称精确匹配，并有直接学历兼容岗位。,可以考，但院校层级优势有限，更依赖岗位地区和限制条件。,可作为备选路径，适合叠加党员、基层项目、应届身份等条件。,可作为基层备选，但要靠地域、应届和限制条件放大机会。,上海出入境边防检查总站|上海市公安局特勤局|中国民用航空局华东地区管理局|中国法学会|云南出入境边防检查总站|人力资源和社会保障部|全国总工会|公安部,一级主任科员及以下|一级警长及以下（一）|一级警长及以下（七）|一级警长及以下（五）|一级警长及以下（八）|一级警长及以下（六）|业务处一级主任科员及以下|业务处室一级主任科员及以下
081703,印刷工程,本科(普通),,本科,工学,轻工类,35.0,中等适配,2026国考职位表/中央机关及直属机构口径（第三方镜像）,53.0,1.0,52.0,0.0,0.0,1.9,98.1,0.0,0.0,主要靠专业大类/门类岗位,海关/边检(30)；公安/移民/基层执法(29)；交通海事民航铁路(5)；统计调查(3),82.0,68.8,7.0,0.0,0.0,,15.0,28.3,21.27,20.0,37.7,54.23,18.0,34.0,193.7,25.0,78.0,1.0,77.0,limited,升学后中等潜力,存在专业代码或专业名称精确匹配，并有直接学历兼容岗位。,可以考，但院校层级优势有限，更依赖岗位地区和限制条件。,可作为备选路径，适合叠加党员、基层项目、应届身份等条件。,可作为基层备选，但要靠地域、应届和限制条件放大机会。,上海出入境边防检查总站|上海市公安局特勤局|中国民用航空局华东地区管理局|中国法学会|云南出入境边防检查总站|人力资源和社会保障部|全国总工会|公安部,一级主任科员及以下|一级警长及以下（一）|一级警长及以下（七）|一级警长及以下（五）|一级警长及以下（八）|一级警长及以下（六）|业务处一级主任科员及以下|业务处室一级主任科员及以下
081704T,香料香精技术与工程,本科(普通),,本科,工学,轻工类,31.5,弱适配,2026国考职位表/中央机关及直属机构口径（第三方镜像）,52.0,0.0,52.0,0.0,0.0,0.0,100.0,0.0,0.0,主要靠专业大类/门类岗位,海关/边检(29)；公安/移民/基层执法(28)；交通海事民航铁路(5)；统计调查(3),77.0,71.83,7.0,0.0,0.0,,15.0,28.8,21.27,19.0,36.5,55.91,18.0,34.6,193.7,25.0,77.0,0.0,77.0,limited,升学后中等潜力,主要来自专业类/学科门类宽口径匹配，报考前必须核官方专业目录。,可以考，但院校层级优势有限，更依赖岗位地区和限制条件。,岗位窗口较窄，建议只作为就业备选项。,不适合作为普通应用院校的考公主卖点。,上海出入境边防检查总站|上海市公安局特勤局|中国民用航空局华东地区管理局|中国法学会|云南出入境边防检查总站|人力资源和社会保障部|全国总工会|公安部,一级主任科员及以下|一级警长及以下（一）|一级警长及以下（七）|一级警长及以下（五）|一级警长及以下（八）|一级警长及以下（六）|业务处一级主任科员及以下|业务处室一级主任科员及以下
081705T,化妆品技术与工程,本科(普通),,本科,工学,轻工类,41.8,中等适配,2026国考职位表/中央机关及直属机构口径（第三方镜像）,61.0,9.0,52.0,0.0,0.0,14.8,85.2,0.0,0.0,主要靠专业大类/门类岗位,海关/边检(38)；公安/移民/基层执法(28)；交通海事民航铁路(5)；统计调查(3),86.0,102.93,16.0,0.0,0.0,,15.0,24.6,21.27,21.0,34.4,75.44,25.0,41.0,251.42,25.0,86.0,9.0,77.0,limited,升学后中等潜力,存在专业代码或专业名称精确匹配，并有直接学历兼容岗位。,可以考，但院校层级优势有限，更依赖岗位地区和限制条件。,可作为备选路径，适合叠加党员、基层项目、应届身份等条件。,可作为基层备选，但要靠地域、应届和限制条件放大机会。,上海出入境边防检查总站|上海市公安局特勤局|中国民用航空局华东地区管理局|中国法学会|云南出入境边防检查总站|人力资源和社会保障部|全国总工会|公安部,一级主任科员及以下|一级警长及以下（一）|一级警长及以下（七）|一级警长及以下（五）|一级警长及以下（八）|一级警长及以下（六）|业务处一级主任科员及以下|业务处室一级主任科员及以下
081706TK,生物质能源与材料,本科(普通),,本科,工学,轻工类,31.5,弱适配,2026国考职位表/中央机关及直属机构口径（第三方镜像）,52.0,0.0,52.0,0.0,0.0,0.0,100.0,0.0,0.0,主要靠专业大类/门类岗位,海关/边检(29)；公安/移民/基层执法(28)；交通海事民航铁路(5)；统计调查(3),77.0,71.83,7.0,0.0,0.0,,15.0,28.8,21.27,19.0,36.5,55.91,18.0,34.6,193.7,25.0,77.0,0.0,77.0,limited,升学后中等潜力,主要来自专业类/学科门类宽口径匹配，报考前必须核官方专业目录。,可以考，但院校层级优势有限，更依赖岗位地区和限制条件。,岗位窗口较窄，建议只作为就业备选项。,不适合作为普通应用院校的考公主卖点。,上海出入境边防检查总站|上海市公安局特勤局|中国民用航空局华东地区管理局|中国法学会|云南出入境边防检查总站|人力资源和社会保障部|全国总工会|公安部,一级主任科员及以下|一级警长及以下（一）|一级警长及以下（七）|一级警长及以下（五）|一级警长及以下（八）|一级警长及以下（六）|业务处一级主任科员及以下|业务处室一级主任科员及以下
081707T,生物质技术与工程,本科(普通),,本科,工学,轻工类,31.5,弱适配,2026国考职位表/中央机关及直属机构口径（第三方镜像）,52.0,0.0,52.0,0.0,0.0,0.0,100.0,0.0,0.0,主要靠专业大类/门类岗位,海关/边检(29)；公安/移民/基层执法(28)；交通海事民航铁路(5)；统计调查(3),77.0,71.83,7.0,0.0,0.0,,15.0,28.8,21.27,19.0,36.5,55.91,18.0,34.6,193.7,25.0,77.0,0.0,77.0,limited,升学后中等潜力,主要来自专业类/学科门类宽口径匹配，报考前必须核官方专业目录。,可以考，但院校层级优势有限，更依赖岗位地区和限制条件。,岗位窗口较窄，建议只作为就业备选项。,不适合作为普通应用院校的考公主卖点。,上海出入境边防检查总站|上海市公安局特勤局|中国民用航空局华东地区管理局|中国法学会|云南出入境边防检查总站|人力资源和社会保障部|全国总工会|公安部,一级主任科员及以下|一级警长及以下（一）|一级警长及以下（七）|一级警长及以下（五）|一级警长及以下（八）|一级警长及以下（六）|业务处一级主任科员及以下|业务处室一级主任科员及以下
081801,交通运输,本科(普通),,本科,工学,交通运输类,57.2,较强适配,2026国考职位表/中央机关及直属机构口径（第三方镜像）,306.0,33.0,273.0,0.0,0.0,10.8,89.2,0.0,0.0,主要靠专业大类/门类岗位,税务系统(230)；公安/移民/基层执法(32)；海关/边检(23)；交通海事民航铁路(22)；统计调查(3)；生态环境/自然资源/农业水利(1),605.0,122.92,137.0,2.0,0.7,27.29,16.0,5.2,37.56,41.0,13.4,108.1,247.0,80.7,137.7,83.0,389.0,85.0,304.0,medium,升学后中等潜力,存在专业代码或专业名称精确匹配，并有直接学历兼容岗位。,头部院校优势主要体现在保研/读研后进入更高层级岗位。,区域重点/特色院校可重点面向省市县税务、执法、市场监管和事业单位路径。,应用本科可走县区基层、行政执法和地方单位，学校层级不宜夸大。,上海出入境边防检查总站|上海市公安局特勤局|上海海事局|上海铁路公安局|中国民用航空局东北地区管理局|中国民用航空局中南地区管理局|中国民用航空局华东地区管理局|中国民用航空局新疆管理局,一级主任科员及以下|一级主任科员及以下（英语三）|一级主办及以下|一级主办及以下（一）|一级主办及以下（三）|一级主办及以下（二）|一级科员|一级科员一
081802,交通工程,本科(普通),,本科,工学,交通运输类,57.7,较强适配,2026国考职位表/中央机关及直属机构口径（第三方镜像）,317.0,41.0,276.0,0.0,0.0,12.9,87.1,0.0,0.0,主要靠专业大类/门类岗位,税务系统(230)；交通海事民航铁路(45)；公安/移民/基层执法(33)；海关/边检(24)；统计调查(3),594.0,127.3,158.0,1.0,0.3,32.0,14.0,4.4,30.64,59.0,18.6,104.8,243.0,76.7,138.8,41.0,358.0,49.0,309.0,medium,升学后中等潜力,存在专业代码或专业名称精确匹配，并有直接学历兼容岗位。,可以考，但院校层级优势有限，更依赖岗位地区和限制条件。,区域重点/特色院校可重点面向省市县税务、执法、市场监管和事业单位路径。,应用本科可走县区基层、行政执法和地方单位，学校层级不宜夸大。,上海出入境边防检查总站|上海市公安局特勤局|上海海事局|上海铁路公安局|中国民用航空局中南地区管理局|中国民用航空局华东地区管理局|中国民用航空局西北地区管理局|中国法学会,一级主任科员及以下|一级主办及以下|一级主办及以下（一）|一级主办及以下（三）|一级主办及以下（二）|一级行政执法员|一级行政执法员（一）|一级行政执法员（七）
081803K,航海技术,本科(普通),,本科,工学,交通运输类,67.9,较强适配,2026国考职位表/中央机关及直属机构口径（第三方镜像）,435.0,159.0,276.0,0.0,0.0,36.6,63.4,0.0,0.0,以对口岗位为主,税务系统(230)；交通海事民航铁路(166)；公安/移民/基层执法(35)；海关/边检(23)；统计调查(3),772.0,119.71,245.0,0.0,0.0,,17.0,3.9,28.97,180.0,41.4,115.39,238.0,54.7,138.24,36.0,472.0,163.0,309.0,medium,升学后中等潜力,存在专业代码或专业名称精确匹配，并有直接学历兼容岗位。,可以考，但院校层级优势有限，更依赖岗位地区和限制条件。,区域重点/特色院校可重点面向省市县税务、执法、市场监管和事业单位路径。,应用本科可走县区基层、行政执法和地方单位，学校层级不宜夸大。,上海出入境边防检查总站|上海市公安局特勤局|上海海事局|上海铁路公安局|中国民用航空局华东地区管理局|中国法学会|全国总工会|公安部,一级主任科员及以下|一级主办|一级主办及以下|一级主办及以下（一）|一级主办及以下（三）|一级主办及以下（二）|一级主办（一）|一级科员
081804K,轮机工程,本科(普通),,本科,工学,交通运输类,65.2,较强适配,2026国考职位表/中央机关及直属机构口径（第三方镜像）,414.0,138.0,276.0,0.0,0.0,33.3,66.7,0.0,0.0,以对口岗位为主,税务系统(230)；交通海事民航铁路(142)；公安/移民/基层执法(31)；海关/边检(26)；统计调查(3),741.0,124.07,237.0,0.0,0.0,,16.0,3.9,30.75,153.0,37.0,115.7,245.0,59.2,139.78,54.0,468.0,159.0,309.0,medium,升学后中等潜力,存在专业代码或专业名称精确匹配，并有直接学历兼容岗位。,头部院校优势主要体现在保研/读研后进入更高层级岗位。,区域重点/特色院校可重点面向省市县税务、执法、市场监管和事业单位路径。,应用本科可走县区基层、行政执法和地方单位，学校层级不宜夸大。,上海出入境边防检查总站|上海市公安局特勤局|上海海事局|上海铁路公安局|中国民用航空局华东地区管理局|中国法学会|全国总工会|公安部,一级主任科员及以下|一级主办|一级主办及以下|一级主办及以下（一）|一级主办及以下（三）|一级主办及以下（二）|一级主办（二）|一级科员
081805K,飞行技术,本科(普通),,本科,工学,交通运输类,49.5,中等适配,2026国考职位表/中央机关及直属机构口径（第三方镜像）,284.0,8.0,276.0,0.0,0.0,2.8,97.2,0.0,0.0,主要靠专业大类/门类岗位,税务系统(230)；公安/移民/基层执法(30)；海关/边检(17)；交通海事民航铁路(13)；统计调查(3),556.0,126.56,127.0,0.0,0.0,,14.0,4.9,13.71,26.0,9.2,100.58,244.0,85.9,134.91,33.0,317.0,8.0,309.0,medium,升学后中等潜力,存在专业代码或专业名称精确匹配，并有直接学历兼容岗位。,可以考，但院校层级优势有限，更依赖岗位地区和限制条件。,可作为备选路径，适合叠加党员、基层项目、应届身份等条件。,可作为基层备选，但要靠地域、应届和限制条件放大机会。,上海出入境边防检查总站|上海市公安局特勤局|上海铁路公安局|中国民用航空局东北地区管理局|中国民用航空局中南地区管理局|中国民用航空局华东地区管理局|中国民用航空局华北地区管理局|中国民用航空局西北地区管理局,一级主任科员及以下|一级主办及以下|一级主办及以下（一）|一级主办及以下（三）|一级主办及以下（二）|一级行政执法员|一级行政执法员（一）|一级行政执法员（七）
081806T,交通设备与控制工程,本科(普通),,本科,工学,交通运输类,38.9,中等适配,2026国考职位表/中央机关及直属机构口径（第三方镜像）,276.0,0.0,276.0,0.0,0.0,0.0,100.0,0.0,0.0,主要靠专业大类/门类岗位,税务系统(230)；公安/移民/基层执法(30)；海关/边检(17)；交通海事民航铁路(13)；统计调查(3),548.0,128.24,127.0,0.0,0.0,,13.0,4.7,14.54,26.0,9.4,100.58,237.0,85.9,138.53,33.0,309.0,0.0,309.0,medium,升学后中等潜力,主要来自专业类/学科门类宽口径匹配，报考前必须核官方专业目录。,可以考，但院校层级优势有限，更依赖岗位地区和限制条件。,可作为备选路径，适合叠加党员、基层项目、应届身份等条件。,可作为基层备选，但要靠地域、应届和限制条件放大机会。,上海出入境边防检查总站|上海市公安局特勤局|上海铁路公安局|中国民用航空局华东地区管理局|中国法学会|全国总工会|公安部|内蒙古出入境边防检查总站,一级主任科员及以下|一级主办及以下|一级主办及以下（一）|一级主办及以下（三）|一级主办及以下（二）|一级行政执法员|一级行政执法员（一）|一级行政执法员（七）
081807T,救助与打捞工程,本科(普通),,本科,工学,交通运输类,42.2,中等适配,2026国考职位表/中央机关及直属机构口径（第三方镜像）,277.0,1.0,276.0,0.0,0.0,0.4,99.6,0.0,0.0,主要靠专业大类/门类岗位,税务系统(230)；公安/移民/基层执法(30)；海关/边检(17)；交通海事民航铁路(14)；统计调查(3),549.0,128.86,128.0,0.0,0.0,,13.0,4.7,14.54,27.0,9.7,114.3,237.0,85.6,138.53,33.0,310.0,1.0,309.0,medium,升学后中等潜力,存在专业代码或专业名称精确匹配，并有直接学历兼容岗位。,可以考，但院校层级优势有限，更依赖岗位地区和限制条件。,可作为备选路径，适合叠加党员、基层项目、应届身份等条件。,可作为基层备选，但要靠地域、应届和限制条件放大机会。,上海出入境边防检查总站|上海市公安局特勤局|上海铁路公安局|中国民用航空局华东地区管理局|中国法学会|全国总工会|公安部|内蒙古出入境边防检查总站,一级主任科员及以下|一级主办及以下|一级主办及以下（一）|一级主办及以下（三）|一级主办及以下（二）|一级行政执法员|一级行政执法员（一）|一级行政执法员（七）
081808TK,船舶电子电气工程,本科(普通),,本科,工学,交通运输类,54.9,中等适配,2026国考职位表/中央机关及直属机构口径（第三方镜像）,301.0,25.0,276.0,0.0,0.0,8.3,91.7,0.0,0.0,主要靠专业大类/门类岗位,税务系统(230)；公安/移民/基层执法(31)；交通海事民航铁路(29)；海关/边检(26)；统计调查(3),586.0,130.16,147.0,0.0,0.0,,14.0,4.7,18.71,42.0,14.0,130.77,245.0,81.4,139.78,34.0,335.0,26.0,309.0,medium,升学后中等潜力,存在专业代码或专业名称精确匹配，并有直接学历兼容岗位。,可以考，但院校层级优势有限，更依赖岗位地区和限制条件。,可作为备选路径，适合叠加党员、基层项目、应届身份等条件。,可作为基层备选，但要靠地域、应届和限制条件放大机会。,上海出入境边防检查总站|上海市公安局特勤局|上海铁路公安局|中国民用航空局华东地区管理局|中国法学会|全国总工会|公安部|内蒙古出入境边防检查总站,一级主任科员及以下|一级主办及以下|一级主办及以下（一）|一级主办及以下（三）|一级主办及以下（二）|一级行政执法员|一级行政执法员（一）|一级行政执法员（七）
081809T,轨道交通电气与控制,本科(普通),,本科,工学,交通运输类,38.9,中等适配,2026国考职位表/中央机关及直属机构口径（第三方镜像）,276.0,0.0,276.0,0.0,0.0,0.0,100.0,0.0,0.0,主要靠专业大类/门类岗位,税务系统(230)；公安/移民/基层执法(30)；海关/边检(17)；交通海事民航铁路(13)；统计调查(3),548.0,128.24,127.0,0.0,0.0,,13.0,4.7,14.54,26.0,9.4,100.58,237.0,85.9,138.53,34.0,310.0,1.0,309.0,medium,升学后中等潜力,主要来自专业类/学科门类宽口径匹配，报考前必须核官方专业目录。,可以考，但院校层级优势有限，更依赖岗位地区和限制条件。,可作为备选路径，适合叠加党员、基层项目、应届身份等条件。,可作为基层备选，但要靠地域、应届和限制条件放大机会。,上海出入境边防检查总站|上海市公安局特勤局|上海铁路公安局|中国民用航空局华东地区管理局|中国法学会|全国总工会|公安部|内蒙古出入境边防检查总站,一级主任科员及以下|一级主办及以下|一级主办及以下（一）|一级主办及以下（三）|一级主办及以下（二）|一级行政执法员|一级行政执法员（一）|一级行政执法员（七）
081810T,邮轮工程与管理,本科(普通),,本科,工学,交通运输类,38.9,中等适配,2026国考职位表/中央机关及直属机构口径（第三方镜像）,276.0,0.0,276.0,0.0,0.0,0.0,100.0,0.0,0.0,主要靠专业大类/门类岗位,税务系统(230)；公安/移民/基层执法(30)；海关/边检(17)；交通海事民航铁路(13)；统计调查(3),548.0,128.24,127.0,0.0,0.0,,13.0,4.7,14.54,26.0,9.4,100.58,237.0,85.9,138.53,33.0,309.0,0.0,309.0,medium,升学后中等潜力,主要来自专业类/学科门类宽口径匹配，报考前必须核官方专业目录。,可以考，但院校层级优势有限，更依赖岗位地区和限制条件。,可作为备选路径，适合叠加党员、基层项目、应届身份等条件。,可作为基层备选，但要靠地域、应届和限制条件放大机会。,上海出入境边防检查总站|上海市公安局特勤局|上海铁路公安局|中国民用航空局华东地区管理局|中国法学会|全国总工会|公安部|内蒙古出入境边防检查总站,一级主任科员及以下|一级主办及以下|一级主办及以下（一）|一级主办及以下（三）|一级主办及以下（二）|一级行政执法员|一级行政执法员（一）|一级行政执法员（七）
081811T,智慧交通,本科(普通),,本科,工学,交通运输类,44.1,中等适配,2026国考职位表/中央机关及直属机构口径（第三方镜像）,278.0,2.0,276.0,0.0,0.0,0.7,99.3,0.0,0.0,主要靠专业大类/门类岗位,税务系统(230)；公安/移民/基层执法(30)；海关/边检(18)；交通海事民航铁路(14)；统计调查(3),551.0,127.68,129.0,0.0,0.0,,13.0,4.7,14.54,27.0,9.7,97.3,238.0,85.6,138.18,33.0,311.0,2.0,309.0,medium,升学后中等潜力,存在专业代码或专业名称精确匹配，并有直接学历兼容岗位。,可以考，但院校层级优势有限，更依赖岗位地区和限制条件。,可作为备选路径，适合叠加党员、基层项目、应届身份等条件。,可作为基层备选，但要靠地域、应届和限制条件放大机会。,上海出入境边防检查总站|上海市公安局特勤局|上海铁路公安局|中国民用航空局华东地区管理局|中国法学会|全国总工会|公安部|内蒙古出入境边防检查总站,一级主任科员及以下|一级主办及以下|一级主办及以下（一）|一级主办及以下（三）|一级主办及以下（二）|一级行政执法员|一级行政执法员（一）|一级行政执法员（七）
081812T,智能运输工程,本科(普通),,本科,工学,交通运输类,38.9,中等适配,2026国考职位表/中央机关及直属机构口径（第三方镜像）,276.0,0.0,276.0,0.0,0.0,0.0,100.0,0.0,0.0,主要靠专业大类/门类岗位,税务系统(230)；公安/移民/基层执法(30)；海关/边检(17)；交通海事民航铁路(13)；统计调查(3),548.0,128.24,127.0,0.0,0.0,,13.0,4.7,14.54,26.0,9.4,100.58,237.0,85.9,138.53,33.0,309.0,0.0,309.0,medium,升学后中等潜力,主要来自专业类/学科门类宽口径匹配，报考前必须核官方专业目录。,可以考，但院校层级优势有限，更依赖岗位地区和限制条件。,可作为备选路径，适合叠加党员、基层项目、应届身份等条件。,可作为基层备选，但要靠地域、应届和限制条件放大机会。,上海出入境边防检查总站|上海市公安局特勤局|上海铁路公安局|中国民用航空局华东地区管理局|中国法学会|全国总工会|公安部|内蒙古出入境边防检查总站,一级主任科员及以下|一级主办及以下|一级主办及以下（一）|一级主办及以下（三）|一级主办及以下（二）|一级行政执法员|一级行政执法员（一）|一级行政执法员（七）
081901,船舶与海洋工程,本科(普通),,本科,工学,海洋工程类,47.4,中等适配,2026国考职位表/中央机关及直属机构口径（第三方镜像）,74.0,31.0,43.0,0.0,0.0,41.9,58.1,0.0,0.0,以对口岗位为主,交通海事民航铁路(30)；公安/移民/基层执法(28)；海关/边检(23)；统计调查(3)；税务系统(1)；生态环境/自然资源/农业水利(1),102.0,122.69,28.0,0.0,0.0,,17.0,23.0,89.88,44.0,59.5,133.5,13.0,17.6,193.31,53.0,127.0,63.0,64.0,medium,升学后中等潜力,存在专业代码或专业名称精确匹配，并有直接学历兼容岗位。,头部院校优势主要体现在保研/读研后进入更高层级岗位。,可作为备选路径，适合叠加党员、基层项目、应届身份等条件。,可作为基层备选，但要靠地域、应届和限制条件放大机会。,上海出入境边防检查总站|上海市公安局特勤局|上海海事局|中国民用航空局华东地区管理局|中国法学会|人力资源和社会保障部|全国总工会|公安部,一级主任科员及以下|一级行政执法员（一）|一级行政执法员（七）|一级行政执法员（三十四）|一级行政执法员（三）|一级行政执法员（九）|一级行政执法员（二十一）|一级行政执法员（二十三）
081902T,海洋工程与技术,本科(普通),,本科,工学,海洋工程类,31.5,弱适配,2026国考职位表/中央机关及直属机构口径（第三方镜像）,45.0,1.0,44.0,0.0,0.0,2.2,97.8,0.0,0.0,主要靠专业大类/门类岗位,公安/移民/基层执法(27)；海关/边检(14)；交通海事民航铁路(11)；统计调查(3)；税务系统(1),60.0,86.67,5.0,0.0,0.0,,16.0,35.6,71.88,24.0,53.3,86.99,5.0,11.1,219.6,21.0,66.0,1.0,65.0,limited,升学后中等潜力,存在专业代码或专业名称精确匹配，并有直接学历兼容岗位。,可以考，但院校层级优势有限，更依赖岗位地区和限制条件。,岗位窗口较窄，建议只作为就业备选项。,不适合作为普通应用院校的考公主卖点。,上海出入境边防检查总站|上海市公安局特勤局|中国民用航空局华东地区管理局|中国法学会|人力资源和社会保障部|公安部|内蒙古出入境边防检查总站|北京市公安局特勤局,一级主任科员及以下|一级行政执法员（七）|一级行政执法员（二十三）|一级行政执法员（二）|一级行政执法员（六）|一级行政执法员（十）|一级警长及以下（一）|一级警长及以下（七）
081903T,海洋资源开发技术,本科(普通),,本科,工学,海洋工程类,31.5,弱适配,2026国考职位表/中央机关及直属机构口径（第三方镜像）,45.0,1.0,44.0,0.0,0.0,2.2,97.8,0.0,0.0,主要靠专业大类/门类岗位,公安/移民/基层执法(27)；海关/边检(14)；交通海事民航铁路(10)；统计调查(3)；税务系统(1),60.0,92.15,4.0,0.0,0.0,,17.0,37.8,93.41,23.0,51.1,86.03,5.0,11.1,219.6,22.0,67.0,2.0,65.0,limited,升学后中等潜力,存在专业代码或专业名称精确匹配，并有直接学历兼容岗位。,可以考，但院校层级优势有限，更依赖岗位地区和限制条件。,岗位窗口较窄，建议只作为就业备选项。,不适合作为普通应用院校的考公主卖点。,上海出入境边防检查总站|上海市公安局特勤局|中国民用航空局华东地区管理局|中国法学会|人力资源和社会保障部|公安部|内蒙古出入境边防检查总站|北京市公安局特勤局,一级主任科员及以下|一级行政执法员（七）|一级行政执法员（二十三）|一级行政执法员（二）|一级行政执法员（六）|一级行政执法员（十）|一级警长及以下（一）|一级警长及以下（七）
081904T,海洋机器人,本科(普通),,本科,工学,海洋工程类,28.0,弱适配,2026国考职位表/中央机关及直属机构口径（第三方镜像）,44.0,0.0,44.0,0.0,0.0,0.0,100.0,0.0,0.0,主要靠专业大类/门类岗位,公安/移民/基层执法(27)；海关/边检(14)；交通海事民航铁路(10)；统计调查(3)；税务系统(1),59.0,86.29,4.0,0.0,0.0,,16.0,36.4,71.88,23.0,52.3,86.03,5.0,11.4,219.6,21.0,65.0,0.0,65.0,limited,升学后中等潜力,主要来自专业类/学科门类宽口径匹配，报考前必须核官方专业目录。,可以考，但院校层级优势有限，更依赖岗位地区和限制条件。,岗位窗口较窄，建议只作为就业备选项。,不适合作为普通应用院校的考公主卖点。,上海出入境边防检查总站|上海市公安局特勤局|中国民用航空局华东地区管理局|中国法学会|人力资源和社会保障部|公安部|内蒙古出入境边防检查总站|北京市公安局特勤局,一级主任科员及以下|一级行政执法员（七）|一级行政执法员（二十三）|一级行政执法员（二）|一级行政执法员（六）|一级行政执法员（十）|一级警长及以下（一）|一级警长及以下（七）
081905T,智慧海洋技术,本科(普通),,本科,工学,海洋工程类,28.0,弱适配,2026国考职位表/中央机关及直属机构口径（第三方镜像）,44.0,0.0,44.0,0.0,0.0,0.0,100.0,0.0,0.0,主要靠专业大类/门类岗位,公安/移民/基层执法(27)；海关/边检(14)；交通海事民航铁路(10)；统计调查(3)；税务系统(1),59.0,86.29,4.0,0.0,0.0,,16.0,36.4,71.88,23.0,52.3,86.03,5.0,11.4,219.6,21.0,65.0,0.0,65.0,limited,升学后中等潜力,主要来自专业类/学科门类宽口径匹配，报考前必须核官方专业目录。,可以考，但院校层级优势有限，更依赖岗位地区和限制条件。,岗位窗口较窄，建议只作为就业备选项。,不适合作为普通应用院校的考公主卖点。,上海出入境边防检查总站|上海市公安局特勤局|中国民用航空局华东地区管理局|中国法学会|人力资源和社会保障部|公安部|内蒙古出入境边防检查总站|北京市公安局特勤局,一级主任科员及以下|一级行政执法员（七）|一级行政执法员（二十三）|一级行政执法员（二）|一级行政执法员（六）|一级行政执法员（十）|一级警长及以下（一）|一级警长及以下（七）
081906T,智能海洋装备,本科(普通),,本科,工学,海洋工程类,28.0,弱适配,2026国考职位表/中央机关及直属机构口径（第三方镜像）,44.0,0.0,44.0,0.0,0.0,0.0,100.0,0.0,0.0,主要靠专业大类/门类岗位,公安/移民/基层执法(27)；海关/边检(14)；交通海事民航铁路(10)；统计调查(3)；税务系统(1),59.0,86.29,4.0,0.0,0.0,,16.0,36.4,71.88,23.0,52.3,86.03,5.0,11.4,219.6,21.0,65.0,0.0,65.0,limited,升学后中等潜力,主要来自专业类/学科门类宽口径匹配，报考前必须核官方专业目录。,可以考，但院校层级优势有限，更依赖岗位地区和限制条件。,岗位窗口较窄，建议只作为就业备选项。,不适合作为普通应用院校的考公主卖点。,上海出入境边防检查总站|上海市公安局特勤局|中国民用航空局华东地区管理局|中国法学会|人力资源和社会保障部|公安部|内蒙古出入境边防检查总站|北京市公安局特勤局,一级主任科员及以下|一级行政执法员（七）|一级行政执法员（二十三）|一级行政执法员（二）|一级行政执法员（六）|一级行政执法员（十）|一级警长及以下（一）|一级警长及以下（七）
082001,航空航天工程,本科(普通),,本科,工学,航空航天类,34.8,弱适配,2026国考职位表/中央机关及直属机构口径（第三方镜像）,47.0,1.0,46.0,0.0,0.0,2.1,97.9,0.0,0.0,主要靠专业大类/门类岗位,公安/移民/基层执法(32)；海关/边检(13)；税务系统(8)；交通海事民航铁路(7)；统计调查(3),82.0,71.21,9.0,0.0,0.0,,16.0,34.0,68.75,21.0,44.7,67.73,10.0,21.3,115.75,21.0,72.0,1.0,71.0,limited,升学后中等潜力,存在专业代码或专业名称精确匹配，并有直接学历兼容岗位。,可以考，但院校层级优势有限，更依赖岗位地区和限制条件。,岗位窗口较窄，建议只作为就业备选项。,不适合作为普通应用院校的考公主卖点。,上海出入境边防检查总站|上海市公安局特勤局|上海铁路公安局|中国民用航空局华东地区管理局|中国法学会|全国总工会|公安部|内蒙古出入境边防检查总站,一级主任科员及以下|一级行政执法员（一）|一级行政执法员（三）|一级行政执法员（二）|一级行政执法员（五）|一级警长及以下（一）|一级警长及以下（七）|一级警长及以下（五）
082002,飞行器设计与工程,本科(普通),,本科,工学,航空航天类,34.7,弱适配,2026国考职位表/中央机关及直属机构口径（第三方镜像）,47.0,1.0,46.0,0.0,0.0,2.1,97.9,0.0,0.0,主要靠专业大类/门类岗位,公安/移民/基层执法(31)；海关/边检(12)；税务系统(8)；交通海事民航铁路(7)；统计调查(3),79.0,75.59,9.0,0.0,0.0,,16.0,34.0,68.75,20.0,42.6,71.11,11.0,23.4,117.41,21.0,72.0,1.0,71.0,limited,升学后中等潜力,存在专业代码或专业名称精确匹配，并有直接学历兼容岗位。,可以考，但院校层级优势有限，更依赖岗位地区和限制条件。,岗位窗口较窄，建议只作为就业备选项。,不适合作为普通应用院校的考公主卖点。,上海出入境边防检查总站|上海市公安局特勤局|上海铁路公安局|中国民用航空局中南地区管理局|中国民用航空局华东地区管理局|中国法学会|全国总工会|公安部,一级主任科员及以下|一级行政执法员（一）|一级行政执法员（三）|一级行政执法员（二）|一级行政执法员（五）|一级警长及以下（一）|一级警长及以下（七）|一级警长及以下（五）
082003,飞行器制造工程,本科(普通),,本科,工学,航空航天类,38.2,中等适配,2026国考职位表/中央机关及直属机构口径（第三方镜像）,49.0,3.0,46.0,0.0,0.0,6.1,93.9,0.0,0.0,主要靠专业大类/门类岗位,公安/移民/基层执法(32)；海关/边检(13)；税务系统(8)；交通海事民航铁路(7)；统计调查(3),81.0,74.7,9.0,0.0,0.0,,17.0,34.7,66.18,21.0,42.9,70.29,11.0,22.4,117.41,21.0,74.0,3.0,71.0,limited,升学后中等潜力,存在专业代码或专业名称精确匹配，并有直接学历兼容岗位。,可以考，但院校层级优势有限，更依赖岗位地区和限制条件。,可作为备选路径，适合叠加党员、基层项目、应届身份等条件。,可作为基层备选，但要靠地域、应届和限制条件放大机会。,上海出入境边防检查总站|上海市公安局特勤局|上海铁路公安局|中国民用航空局中南地区管理局|中国民用航空局华东地区管理局|中国法学会|云南出入境边防检查总站|全国总工会,一级主任科员及以下|一级行政执法员（一）|一级行政执法员（三）|一级行政执法员（二）|一级行政执法员（五）|一级警长及以下（一）|一级警长及以下（七）|一级警长及以下（五）
082004,飞行器动力工程,本科(普通),,本科,工学,航空航天类,34.7,弱适配,2026国考职位表/中央机关及直属机构口径（第三方镜像）,47.0,1.0,46.0,0.0,0.0,2.1,97.9,0.0,0.0,主要靠专业大类/门类岗位,公安/移民/基层执法(31)；海关/边检(12)；税务系统(8)；交通海事民航铁路(7)；统计调查(3),79.0,75.59,9.0,0.0,0.0,,16.0,34.0,68.75,20.0,42.6,71.11,11.0,23.4,117.41,21.0,72.0,1.0,71.0,limited,升学后中等潜力,存在专业代码或专业名称精确匹配，并有直接学历兼容岗位。,可以考，但院校层级优势有限，更依赖岗位地区和限制条件。,岗位窗口较窄，建议只作为就业备选项。,不适合作为普通应用院校的考公主卖点。,上海出入境边防检查总站|上海市公安局特勤局|上海铁路公安局|中国民用航空局中南地区管理局|中国民用航空局华东地区管理局|中国法学会|全国总工会|公安部,一级主任科员及以下|一级行政执法员（一）|一级行政执法员（三）|一级行政执法员（二）|一级行政执法员（五）|一级警长及以下（一）|一级警长及以下（七）|一级警长及以下（五）
082005,飞行器环境与生命保障工程,本科(普通),,本科,工学,航空航天类,31.3,弱适配,2026国考职位表/中央机关及直属机构口径（第三方镜像）,46.0,0.0,46.0,0.0,0.0,0.0,100.0,0.0,0.0,主要靠专业大类/门类岗位,公安/移民/基层执法(31)；海关/边检(12)；税务系统(8)；交通海事民航铁路(7)；统计调查(3),78.0,74.85,9.0,0.0,0.0,,16.0,34.8,68.75,20.0,43.5,71.11,10.0,21.7,115.75,21.0,71.0,0.0,71.0,limited,升学后中等潜力,主要来自专业类/学科门类宽口径匹配，报考前必须核官方专业目录。,可以考，但院校层级优势有限，更依赖岗位地区和限制条件。,岗位窗口较窄，建议只作为就业备选项。,不适合作为普通应用院校的考公主卖点。,上海出入境边防检查总站|上海市公安局特勤局|上海铁路公安局|中国民用航空局华东地区管理局|中国法学会|全国总工会|公安部|内蒙古出入境边防检查总站,一级主任科员及以下|一级行政执法员（一）|一级行政执法员（三）|一级行政执法员（二）|一级行政执法员（五）|一级警长及以下（一）|一级警长及以下（七）|一级警长及以下（五）
082006T,飞行器质量与可靠性,本科(普通),,本科,工学,航空航天类,31.3,弱适配,2026国考职位表/中央机关及直属机构口径（第三方镜像）,46.0,0.0,46.0,0.0,0.0,0.0,100.0,0.0,0.0,主要靠专业大类/门类岗位,公安/移民/基层执法(31)；海关/边检(12)；税务系统(8)；交通海事民航铁路(7)；统计调查(3),78.0,74.85,9.0,0.0,0.0,,16.0,34.8,68.75,20.0,43.5,71.11,10.0,21.7,115.75,21.0,71.0,0.0,71.0,limited,升学后中等潜力,主要来自专业类/学科门类宽口径匹配，报考前必须核官方专业目录。,可以考，但院校层级优势有限，更依赖岗位地区和限制条件。,岗位窗口较窄，建议只作为就业备选项。,不适合作为普通应用院校的考公主卖点。,上海出入境边防检查总站|上海市公安局特勤局|上海铁路公安局|中国民用航空局华东地区管理局|中国法学会|全国总工会|公安部|内蒙古出入境边防检查总站,一级主任科员及以下|一级行政执法员（一）|一级行政执法员（三）|一级行政执法员（二）|一级行政执法员（五）|一级警长及以下（一）|一级警长及以下（七）|一级警长及以下（五）
082007T,飞行器适航技术,本科(普通),,本科,工学,航空航天类,31.3,弱适配,2026国考职位表/中央机关及直属机构口径（第三方镜像）,46.0,0.0,46.0,0.0,0.0,0.0,100.0,0.0,0.0,主要靠专业大类/门类岗位,公安/移民/基层执法(31)；海关/边检(12)；税务系统(8)；交通海事民航铁路(7)；统计调查(3),78.0,74.85,9.0,0.0,0.0,,16.0,34.8,68.75,20.0,43.5,71.11,10.0,21.7,115.75,21.0,71.0,0.0,71.0,limited,升学后中等潜力,主要来自专业类/学科门类宽口径匹配，报考前必须核官方专业目录。,可以考，但院校层级优势有限，更依赖岗位地区和限制条件。,岗位窗口较窄，建议只作为就业备选项。,不适合作为普通应用院校的考公主卖点。,上海出入境边防检查总站|上海市公安局特勤局|上海铁路公安局|中国民用航空局华东地区管理局|中国法学会|全国总工会|公安部|内蒙古出入境边防检查总站,一级主任科员及以下|一级行政执法员（一）|一级行政执法员（三）|一级行政执法员（二）|一级行政执法员（五）|一级警长及以下（一）|一级警长及以下（七）|一级警长及以下（五）
082008T,飞行器控制与信息工程,本科(普通),,本科,工学,航空航天类,36.8,中等适配,2026国考职位表/中央机关及直属机构口径（第三方镜像）,48.0,2.0,46.0,0.0,0.0,4.2,95.8,0.0,0.0,主要靠专业大类/门类岗位,公安/移民/基层执法(33)；海关/边检(14)；税务系统(8)；交通海事民航铁路(7)；统计调查(3),83.0,71.48,9.0,0.0,0.0,,16.0,33.3,68.75,22.0,45.8,67.56,10.0,20.8,115.75,21.0,73.0,2.0,71.0,limited,升学后中等潜力,存在专业代码或专业名称精确匹配，并有直接学历兼容岗位。,可以考，但院校层级优势有限，更依赖岗位地区和限制条件。,可作为备选路径，适合叠加党员、基层项目、应届身份等条件。,可作为基层备选，但要靠地域、应届和限制条件放大机会。,上海出入境边防检查总站|上海市公安局特勤局|上海铁路公安局|中国民用航空局华东地区管理局|中国法学会|云南出入境边防检查总站|全国总工会|公安部,一级主任科员及以下|一级行政执法员（一）|一级行政执法员（三）|一级行政执法员（二）|一级行政执法员（五）|一级警长及以下（一）|一级警长及以下（七）|一级警长及以下（五）
082009T,无人驾驶航空器系统工程,本科(普通),,本科,工学,航空航天类,42.7,中等适配,2026国考职位表/中央机关及直属机构口径（第三方镜像）,54.0,8.0,46.0,0.0,0.0,14.8,85.2,0.0,0.0,主要靠专业大类/门类岗位,公安/移民/基层执法(38)；海关/边检(19)；税务系统(8)；交通海事民航铁路(8)；统计调查(3),98.0,61.95,9.0,0.0,0.0,,17.0,31.5,66.88,27.0,50.0,56.97,10.0,18.5,115.75,21.0,79.0,8.0,71.0,limited,升学后中等潜力,存在专业代码或专业名称精确匹配，并有直接学历兼容岗位。,可以考，但院校层级优势有限，更依赖岗位地区和限制条件。,可作为备选路径，适合叠加党员、基层项目、应届身份等条件。,可作为基层备选，但要靠地域、应届和限制条件放大机会。,上海出入境边防检查总站|上海市公安局特勤局|上海铁路公安局|中国民用航空局华东地区管理局|中国法学会|云南出入境边防检查总站|全国总工会|公安部,一级主任科员及以下|一级行政执法员（一）|一级行政执法员（三）|一级行政执法员（二）|一级行政执法员（五）|一级警长及以下（一）|一级警长及以下（七）|一级警长及以下（五）
082010T,智能飞行器技术,本科(普通),,本科,工学,航空航天类,34.7,弱适配,2026国考职位表/中央机关及直属机构口径（第三方镜像）,47.0,1.0,46.0,0.0,0.0,2.1,97.9,0.0,0.0,主要靠专业大类/门类岗位,公安/移民/基层执法(32)；海关/边检(13)；税务系统(8)；交通海事民航铁路(7)；统计调查(3),79.0,74.58,9.0,0.0,0.0,,16.0,34.0,68.75,21.0,44.7,70.29,10.0,21.3,115.75,21.0,72.0,1.0,71.0,limited,升学后中等潜力,存在专业代码或专业名称精确匹配，并有直接学历兼容岗位。,可以考，但院校层级优势有限，更依赖岗位地区和限制条件。,岗位窗口较窄，建议只作为就业备选项。,不适合作为普通应用院校的考公主卖点。,上海出入境边防检查总站|上海市公安局特勤局|上海铁路公安局|中国民用航空局华东地区管理局|中国法学会|云南出入境边防检查总站|全国总工会|公安部,一级主任科员及以下|一级行政执法员（一）|一级行政执法员（三）|一级行政执法员（二）|一级行政执法员（五）|一级警长及以下（一）|一级警长及以下（七）|一级警长及以下（五）
082011T,空天智能电推进技术,本科(普通),,本科,工学,航空航天类,31.3,弱适配,2026国考职位表/中央机关及直属机构口径（第三方镜像）,46.0,0.0,46.0,0.0,0.0,0.0,100.0,0.0,0.0,主要靠专业大类/门类岗位,公安/移民/基层执法(31)；海关/边检(12)；税务系统(8)；交通海事民航铁路(7)；统计调查(3),78.0,74.85,9.0,0.0,0.0,,16.0,34.8,68.75,20.0,43.5,71.11,10.0,21.7,115.75,21.0,71.0,0.0,71.0,limited,升学后中等潜力,主要来自专业类/学科门类宽口径匹配，报考前必须核官方专业目录。,可以考，但院校层级优势有限，更依赖岗位地区和限制条件。,岗位窗口较窄，建议只作为就业备选项。,不适合作为普通应用院校的考公主卖点。,上海出入境边防检查总站|上海市公安局特勤局|上海铁路公安局|中国民用航空局华东地区管理局|中国法学会|全国总工会|公安部|内蒙古出入境边防检查总站,一级主任科员及以下|一级行政执法员（一）|一级行政执法员（三）|一级行政执法员（二）|一级行政执法员（五）|一级警长及以下（一）|一级警长及以下（七）|一级警长及以下（五）
082012T,飞行器运维工程,本科(普通),,本科,工学,航空航天类,36.8,中等适配,2026国考职位表/中央机关及直属机构口径（第三方镜像）,48.0,2.0,46.0,0.0,0.0,4.2,95.8,0.0,0.0,主要靠专业大类/门类岗位,公安/移民/基层执法(33)；海关/边检(14)；税务系统(8)；交通海事民航铁路(7)；统计调查(3),83.0,71.67,9.0,0.0,0.0,,16.0,33.3,68.75,22.0,45.8,67.75,10.0,20.8,115.75,21.0,73.0,2.0,71.0,limited,升学后中等潜力,存在专业代码或专业名称精确匹配，并有直接学历兼容岗位。,可以考，但院校层级优势有限，更依赖岗位地区和限制条件。,可作为备选路径，适合叠加党员、基层项目、应届身份等条件。,可作为基层备选，但要靠地域、应届和限制条件放大机会。,上海出入境边防检查总站|上海市公安局特勤局|上海铁路公安局|中国民用航空局华东地区管理局|中国法学会|云南出入境边防检查总站|全国总工会|公安部,一级主任科员及以下|一级行政执法员（一）|一级行政执法员（三）|一级行政执法员（二）|一级行政执法员（五）|一级警长及以下（一）|一级警长及以下（七）|一级警长及以下（五）
082101,武器系统与工程,本科(普通),,本科,工学,兵器类,26.7,弱适配,2026国考职位表/中央机关及直属机构口径（第三方镜像）,31.0,0.0,31.0,0.0,0.0,0.0,100.0,0.0,0.0,主要靠专业大类/门类岗位,公安/移民/基层执法(27)；海关/边检(9)；交通海事民航铁路(5)；统计调查(3),45.0,37.11,0.0,0.0,0.0,,14.0,45.2,15.71,16.0,51.6,62.62,1.0,3.2,168.0,18.0,49.0,0.0,49.0,limited,升学后中等潜力,主要来自专业类/学科门类宽口径匹配，报考前必须核官方专业目录。,可以考，但院校层级优势有限，更依赖岗位地区和限制条件。,岗位窗口较窄，建议只作为就业备选项。,不适合作为普通应用院校的考公主卖点。,上海出入境边防检查总站|上海市公安局特勤局|中国民用航空局华东地区管理局|中国法学会|公安部|内蒙古出入境边防检查总站|北京市公安局特勤局|北京铁路公安局,一级主任科员及以下|一级警长及以下（一）|一级警长及以下（七）|一级警长及以下（五）|一级警长及以下（八）|一级警长及以下（六）|业务处室一级主任科员及以下|业务处室一级主任科员及以下1
082102,武器发射工程,本科(普通),,本科,工学,兵器类,26.7,弱适配,2026国考职位表/中央机关及直属机构口径（第三方镜像）,31.0,0.0,31.0,0.0,0.0,0.0,100.0,0.0,0.0,主要靠专业大类/门类岗位,公安/移民/基层执法(27)；海关/边检(9)；交通海事民航铁路(5)；统计调查(3),45.0,37.11,0.0,0.0,0.0,,14.0,45.2,15.71,16.0,51.6,62.62,1.0,3.2,168.0,18.0,49.0,0.0,49.0,limited,升学后中等潜力,主要来自专业类/学科门类宽口径匹配，报考前必须核官方专业目录。,可以考，但院校层级优势有限，更依赖岗位地区和限制条件。,岗位窗口较窄，建议只作为就业备选项。,不适合作为普通应用院校的考公主卖点。,上海出入境边防检查总站|上海市公安局特勤局|中国民用航空局华东地区管理局|中国法学会|公安部|内蒙古出入境边防检查总站|北京市公安局特勤局|北京铁路公安局,一级主任科员及以下|一级警长及以下（一）|一级警长及以下（七）|一级警长及以下（五）|一级警长及以下（八）|一级警长及以下（六）|业务处室一级主任科员及以下|业务处室一级主任科员及以下1
082103,探测制导与控制技术,本科(普通),,本科,工学,兵器类,26.7,弱适配,2026国考职位表/中央机关及直属机构口径（第三方镜像）,31.0,0.0,31.0,0.0,0.0,0.0,100.0,0.0,0.0,主要靠专业大类/门类岗位,公安/移民/基层执法(27)；海关/边检(9)；交通海事民航铁路(5)；统计调查(3),45.0,37.11,0.0,0.0,0.0,,14.0,45.2,15.71,16.0,51.6,62.62,1.0,3.2,168.0,18.0,49.0,0.0,49.0,limited,升学后中等潜力,主要来自专业类/学科门类宽口径匹配，报考前必须核官方专业目录。,可以考，但院校层级优势有限，更依赖岗位地区和限制条件。,岗位窗口较窄，建议只作为就业备选项。,不适合作为普通应用院校的考公主卖点。,上海出入境边防检查总站|上海市公安局特勤局|中国民用航空局华东地区管理局|中国法学会|公安部|内蒙古出入境边防检查总站|北京市公安局特勤局|北京铁路公安局,一级主任科员及以下|一级警长及以下（一）|一级警长及以下（七）|一级警长及以下（五）|一级警长及以下（八）|一级警长及以下（六）|业务处室一级主任科员及以下|业务处室一级主任科员及以下1
082104,弹药工程与爆炸技术,本科(普通),,本科,工学,兵器类,30.3,弱适配,2026国考职位表/中央机关及直属机构口径（第三方镜像）,32.0,1.0,31.0,0.0,0.0,3.1,96.9,0.0,0.0,主要靠专业大类/门类岗位,公安/移民/基层执法(27)；海关/边检(9)；交通海事民航铁路(5)；统计调查(3),47.0,50.66,0.0,1.0,3.1,355.5,14.0,43.8,15.71,16.0,50.0,62.62,1.0,3.1,168.0,19.0,51.0,2.0,49.0,limited,升学后中等潜力,存在专业代码或专业名称精确匹配，并有直接学历兼容岗位。,可以考，但院校层级优势有限，更依赖岗位地区和限制条件。,岗位窗口较窄，建议只作为就业备选项。,不适合作为普通应用院校的考公主卖点。,上海出入境边防检查总站|上海市公安局特勤局|中国民用航空局华东地区管理局|中国法学会|公安部|内蒙古出入境边防检查总站|北京市公安局特勤局|北京铁路公安局,一级主任科员及以下|一级警长及以下（一）|一级警长及以下（七）|一级警长及以下（五）|一级警长及以下（八）|一级警长及以下（六）|业务处室一级主任科员及以下|业务处室一级主任科员及以下1
082105,特种能源技术与工程,本科(普通),,本科,工学,兵器类,26.8,弱适配,2026国考职位表/中央机关及直属机构口径（第三方镜像）,31.0,0.0,31.0,0.0,0.0,0.0,100.0,0.0,0.0,主要靠专业大类/门类岗位,公安/移民/基层执法(27)；海关/边检(9)；交通海事民航铁路(5)；统计调查(3),45.0,37.11,0.0,0.0,0.0,,14.0,45.2,15.71,16.0,51.6,62.62,1.0,3.2,168.0,19.0,50.0,1.0,49.0,limited,升学后中等潜力,主要来自专业类/学科门类宽口径匹配，报考前必须核官方专业目录。,可以考，但院校层级优势有限，更依赖岗位地区和限制条件。,岗位窗口较窄，建议只作为就业备选项。,不适合作为普通应用院校的考公主卖点。,上海出入境边防检查总站|上海市公安局特勤局|中国民用航空局华东地区管理局|中国法学会|公安部|内蒙古出入境边防检查总站|北京市公安局特勤局|北京铁路公安局,一级主任科员及以下|一级警长及以下（一）|一级警长及以下（七）|一级警长及以下（五）|一级警长及以下（八）|一级警长及以下（六）|业务处室一级主任科员及以下|业务处室一级主任科员及以下1
082106,装甲车辆工程,本科(普通),,本科,工学,兵器类,26.7,弱适配,2026国考职位表/中央机关及直属机构口径（第三方镜像）,31.0,0.0,31.0,0.0,0.0,0.0,100.0,0.0,0.0,主要靠专业大类/门类岗位,公安/移民/基层执法(27)；海关/边检(9)；交通海事民航铁路(5)；统计调查(3),45.0,37.11,0.0,0.0,0.0,,14.0,45.2,15.71,16.0,51.6,62.62,1.0,3.2,168.0,18.0,49.0,0.0,49.0,limited,升学后中等潜力,主要来自专业类/学科门类宽口径匹配，报考前必须核官方专业目录。,可以考，但院校层级优势有限，更依赖岗位地区和限制条件。,岗位窗口较窄，建议只作为就业备选项。,不适合作为普通应用院校的考公主卖点。,上海出入境边防检查总站|上海市公安局特勤局|中国民用航空局华东地区管理局|中国法学会|公安部|内蒙古出入境边防检查总站|北京市公安局特勤局|北京铁路公安局,一级主任科员及以下|一级警长及以下（一）|一级警长及以下（七）|一级警长及以下（五）|一级警长及以下（八）|一级警长及以下（六）|业务处室一级主任科员及以下|业务处室一级主任科员及以下1
082107,信息对抗技术,本科(普通),,本科,工学,兵器类,26.7,弱适配,2026国考职位表/中央机关及直属机构口径（第三方镜像）,31.0,0.0,31.0,0.0,0.0,0.0,100.0,0.0,0.0,主要靠专业大类/门类岗位,公安/移民/基层执法(27)；海关/边检(9)；交通海事民航铁路(5)；统计调查(3),45.0,37.11,0.0,0.0,0.0,,14.0,45.2,15.71,16.0,51.6,62.62,1.0,3.2,168.0,18.0,49.0,0.0,49.0,limited,升学后中等潜力,主要来自专业类/学科门类宽口径匹配，报考前必须核官方专业目录。,可以考，但院校层级优势有限，更依赖岗位地区和限制条件。,岗位窗口较窄，建议只作为就业备选项。,不适合作为普通应用院校的考公主卖点。,上海出入境边防检查总站|上海市公安局特勤局|中国民用航空局华东地区管理局|中国法学会|公安部|内蒙古出入境边防检查总站|北京市公安局特勤局|北京铁路公安局,一级主任科员及以下|一级警长及以下（一）|一级警长及以下（七）|一级警长及以下（五）|一级警长及以下（八）|一级警长及以下（六）|业务处室一级主任科员及以下|业务处室一级主任科员及以下1
082108T,智能无人系统技术,本科(普通),,本科,工学,兵器类,36.2,中等适配,2026国考职位表/中央机关及直属机构口径（第三方镜像）,35.0,4.0,31.0,0.0,0.0,11.4,88.6,0.0,0.0,主要靠专业大类/门类岗位,公安/移民/基层执法(27)；海关/边检(12)；交通海事民航铁路(6)；统计调查(3),51.0,45.0,3.0,0.0,0.0,,14.0,40.0,15.71,17.0,48.6,61.59,4.0,11.4,168.33,18.0,53.0,4.0,49.0,limited,升学后中等潜力,存在专业代码或专业名称精确匹配，并有直接学历兼容岗位。,可以考，但院校层级优势有限，更依赖岗位地区和限制条件。,可作为备选路径，适合叠加党员、基层项目、应届身份等条件。,可作为基层备选，但要靠地域、应届和限制条件放大机会。,上海出入境边防检查总站|上海市公安局特勤局|中国民用航空局华东地区管理局|中国法学会|公安部|内蒙古出入境边防检查总站|北京市公安局特勤局|北京铁路公安局,一级主任科员及以下|一级行政执法员（七）|一级警长及以下（一）|一级警长及以下（七）|一级警长及以下（五）|一级警长及以下（八）|一级警长及以下（六）|业务处室一级主任科员及以下
082202,辐射防护与核安全,本科(普通),,本科,工学,核工程类,38.3,中等适配,2026国考职位表/中央机关及直属机构口径（第三方镜像）,48.0,4.0,44.0,0.0,0.0,8.3,91.7,0.0,0.0,主要靠专业大类/门类岗位,公安/移民/基层执法(26)；海关/边检(25)；交通海事民航铁路(4)；统计调查(3)；生态环境/自然资源/农业水利(3),70.0,64.64,5.0,0.0,0.0,,16.0,33.3,36.88,16.0,33.3,62.19,16.0,33.3,150.66,19.0,67.0,4.0,63.0,limited,升学后中等潜力,存在专业代码或专业名称精确匹配，并有直接学历兼容岗位。,可以考，但院校层级优势有限，更依赖岗位地区和限制条件。,可作为备选路径，适合叠加党员、基层项目、应届身份等条件。,可作为基层备选，但要靠地域、应届和限制条件放大机会。,上海出入境边防检查总站|上海市公安局特勤局|中国民用航空局华东地区管理局|中国法学会|公安部|内蒙古出入境边防检查总站|北京市公安局特勤局|北京铁路公安局,一级主任科员及以下|一级警长及以下（一）|一级警长及以下（七）|一级警长及以下（五）|一级警长及以下（八）|一级警长及以下（六）|业务处室一级主任科员及以下|业务处室一级主任科员及以下1
082203,工程物理,本科(普通),,本科,工学,核工程类,35.4,中等适配,2026国考职位表/中央机关及直属机构口径（第三方镜像）,46.0,2.0,44.0,0.0,0.0,4.3,95.7,0.0,0.0,主要靠专业大类/门类岗位,公安/移民/基层执法(26)；海关/边检(22)；生态环境/自然资源/农业水利(4)；交通海事民航铁路(4)；统计调查(3),68.0,64.56,3.0,0.0,0.0,,17.0,37.0,41.53,16.0,34.8,62.19,13.0,28.3,166.12,19.0,65.0,2.0,63.0,limited,升学后中等潜力,存在专业代码或专业名称精确匹配，并有直接学历兼容岗位。,可以考，但院校层级优势有限，更依赖岗位地区和限制条件。,可作为备选路径，适合叠加党员、基层项目、应届身份等条件。,可作为基层备选，但要靠地域、应届和限制条件放大机会。,上海出入境边防检查总站|上海市公安局特勤局|中国民用航空局华东地区管理局|中国法学会|公安部|内蒙古出入境边防检查总站|北京市公安局特勤局|北京铁路公安局,一级主任科员及以下|一级警长及以下（一）|一级警长及以下（七）|一级警长及以下（五）|一级警长及以下（八）|一级警长及以下（六）|业务处室一级主任科员及以下|业务处室一级主任科员及以下1
082204,核化工与核燃料工程,本科(普通),,本科,工学,核工程类,33.0,弱适配,2026国考职位表/中央机关及直属机构口径（第三方镜像）,45.0,1.0,44.0,0.0,0.0,2.2,97.8,0.0,0.0,主要靠专业大类/门类岗位,公安/移民/基层执法(26)；海关/边检(22)；交通海事民航铁路(4)；统计调查(3)；生态环境/自然资源/农业水利(3),67.0,63.79,2.0,0.0,0.0,,16.0,35.6,36.88,16.0,35.6,62.19,13.0,28.9,166.12,19.0,64.0,1.0,63.0,limited,升学后中等潜力,存在专业代码或专业名称精确匹配，并有直接学历兼容岗位。,可以考，但院校层级优势有限，更依赖岗位地区和限制条件。,岗位窗口较窄，建议只作为就业备选项。,不适合作为普通应用院校的考公主卖点。,上海出入境边防检查总站|上海市公安局特勤局|中国民用航空局华东地区管理局|中国法学会|公安部|内蒙古出入境边防检查总站|北京市公安局特勤局|北京铁路公安局,一级主任科员及以下|一级警长及以下（一）|一级警长及以下（七）|一级警长及以下（五）|一级警长及以下（八）|一级警长及以下（六）|业务处室一级主任科员及以下|业务处室一级主任科员及以下1
082301,农业工程,本科(普通),,本科,工学,农业工程类,28.3,弱适配,2026国考职位表/中央机关及直属机构口径（第三方镜像）,39.0,0.0,39.0,0.0,0.0,0.0,100.0,0.0,0.0,主要靠专业大类/门类岗位,公安/移民/基层执法(30)；海关/边检(9)；交通海事民航铁路(8)；税务系统(6)；统计调查(3),68.0,80.41,6.0,0.0,0.0,,13.0,33.3,14.54,19.0,48.7,89.37,7.0,17.9,209.26,28.0,67.0,5.0,62.0,limited,升学后中等潜力,主要来自专业类/学科门类宽口径匹配，报考前必须核官方专业目录。,可以考，但院校层级优势有限，更依赖岗位地区和限制条件。,岗位窗口较窄，建议只作为就业备选项。,不适合作为普通应用院校的考公主卖点。,上海出入境边防检查总站|上海市公安局特勤局|上海铁路公安局|中国民用航空局中南地区管理局|中国民用航空局华东地区管理局|中国法学会|公安部|内蒙古出入境边防检查总站,一级主任科员及以下|一级行政执法员（三）|一级行政执法员（二）|一级行政执法员（五）|一级行政执法员（八）|一级行政执法员（四）|一级警长及以下（一）|一级警长及以下（七）
082302,农业机械化及其自动化,本科(普通),,本科,工学,农业工程类,28.2,弱适配,2026国考职位表/中央机关及直属机构口径（第三方镜像）,39.0,0.0,39.0,0.0,0.0,0.0,100.0,0.0,0.0,主要靠专业大类/门类岗位,公安/移民/基层执法(30)；海关/边检(9)；交通海事民航铁路(8)；税务系统(6)；统计调查(3),68.0,80.41,6.0,0.0,0.0,,13.0,33.3,14.54,19.0,48.7,89.37,7.0,17.9,209.26,24.0,63.0,1.0,62.0,limited,升学后中等潜力,主要来自专业类/学科门类宽口径匹配，报考前必须核官方专业目录。,可以考，但院校层级优势有限，更依赖岗位地区和限制条件。,岗位窗口较窄，建议只作为就业备选项。,不适合作为普通应用院校的考公主卖点。,上海出入境边防检查总站|上海市公安局特勤局|上海铁路公安局|中国民用航空局中南地区管理局|中国民用航空局华东地区管理局|中国法学会|公安部|内蒙古出入境边防检查总站,一级主任科员及以下|一级行政执法员（三）|一级行政执法员（二）|一级行政执法员（五）|一级行政执法员（八）|一级行政执法员（四）|一级警长及以下（一）|一级警长及以下（七）
082303,农业电气化,本科(普通),,本科,工学,农业工程类,28.2,弱适配,2026国考职位表/中央机关及直属机构口径（第三方镜像）,39.0,0.0,39.0,0.0,0.0,0.0,100.0,0.0,0.0,主要靠专业大类/门类岗位,公安/移民/基层执法(30)；海关/边检(9)；交通海事民航铁路(8)；税务系统(6)；统计调查(3),68.0,80.41,6.0,0.0,0.0,,13.0,33.3,14.54,19.0,48.7,89.37,7.0,17.9,209.26,24.0,63.0,1.0,62.0,limited,升学后中等潜力,主要来自专业类/学科门类宽口径匹配，报考前必须核官方专业目录。,可以考，但院校层级优势有限，更依赖岗位地区和限制条件。,岗位窗口较窄，建议只作为就业备选项。,不适合作为普通应用院校的考公主卖点。,上海出入境边防检查总站|上海市公安局特勤局|上海铁路公安局|中国民用航空局中南地区管理局|中国民用航空局华东地区管理局|中国法学会|公安部|内蒙古出入境边防检查总站,一级主任科员及以下|一级行政执法员（三）|一级行政执法员（二）|一级行政执法员（五）|一级行政执法员（八）|一级行政执法员（四）|一级警长及以下（一）|一级警长及以下（七）
082304,农业建筑环境与能源工程,本科(普通),,本科,工学,农业工程类,28.2,弱适配,2026国考职位表/中央机关及直属机构口径（第三方镜像）,39.0,0.0,39.0,0.0,0.0,0.0,100.0,0.0,0.0,主要靠专业大类/门类岗位,公安/移民/基层执法(30)；海关/边检(9)；交通海事民航铁路(8)；税务系统(6)；统计调查(3),68.0,80.41,6.0,0.0,0.0,,13.0,33.3,14.54,19.0,48.7,89.37,7.0,17.9,209.26,24.0,63.0,1.0,62.0,limited,升学后中等潜力,主要来自专业类/学科门类宽口径匹配，报考前必须核官方专业目录。,可以考，但院校层级优势有限，更依赖岗位地区和限制条件。,岗位窗口较窄，建议只作为就业备选项。,不适合作为普通应用院校的考公主卖点。,上海出入境边防检查总站|上海市公安局特勤局|上海铁路公安局|中国民用航空局中南地区管理局|中国民用航空局华东地区管理局|中国法学会|公安部|内蒙古出入境边防检查总站,一级主任科员及以下|一级行政执法员（三）|一级行政执法员（二）|一级行政执法员（五）|一级行政执法员（八）|一级行政执法员（四）|一级警长及以下（一）|一级警长及以下（七）
082305,农业水利工程,本科(普通),,本科,工学,农业工程类,41.1,中等适配,2026国考职位表/中央机关及直属机构口径（第三方镜像）,49.0,10.0,39.0,0.0,0.0,20.4,79.6,0.0,0.0,主要靠专业大类/门类岗位,公安/移民/基层执法(30)；生态环境/自然资源/农业水利(10)；海关/边检(9)；交通海事民航铁路(8)；税务系统(6)；统计调查(3),78.0,116.54,13.0,0.0,0.0,,13.0,26.5,14.54,20.0,40.8,117.4,16.0,32.7,277.3,23.0,72.0,10.0,62.0,limited,升学后中等潜力,存在专业代码或专业名称精确匹配，并有直接学历兼容岗位。,可以考，但院校层级优势有限，更依赖岗位地区和限制条件。,可作为备选路径，适合叠加党员、基层项目、应届身份等条件。,可作为基层备选，但要靠地域、应届和限制条件放大机会。,上海出入境边防检查总站|上海市公安局特勤局|上海铁路公安局|中国民用航空局中南地区管理局|中国民用航空局华东地区管理局|中国法学会|公安部|内蒙古出入境边防检查总站,一级主任科员及以下|一级行政执法员（三）|一级行政执法员（二）|一级行政执法员（五）|一级行政执法员（八）|一级行政执法员（四）|一级警长及以下（一）|一级警长及以下（七）
082306T,土地整治工程,本科(普通),,本科,工学,农业工程类,28.1,弱适配,2026国考职位表/中央机关及直属机构口径（第三方镜像）,39.0,0.0,39.0,0.0,0.0,0.0,100.0,0.0,0.0,主要靠专业大类/门类岗位,公安/移民/基层执法(30)；海关/边检(9)；交通海事民航铁路(8)；税务系统(6)；统计调查(3),68.0,80.41,6.0,0.0,0.0,,13.0,33.3,14.54,19.0,48.7,89.37,7.0,17.9,209.26,23.0,62.0,0.0,62.0,limited,升学后中等潜力,主要来自专业类/学科门类宽口径匹配，报考前必须核官方专业目录。,可以考，但院校层级优势有限，更依赖岗位地区和限制条件。,岗位窗口较窄，建议只作为就业备选项。,不适合作为普通应用院校的考公主卖点。,上海出入境边防检查总站|上海市公安局特勤局|上海铁路公安局|中国民用航空局中南地区管理局|中国民用航空局华东地区管理局|中国法学会|公安部|内蒙古出入境边防检查总站,一级主任科员及以下|一级行政执法员（三）|一级行政执法员（二）|一级行政执法员（五）|一级行政执法员（八）|一级行政执法员（四）|一级警长及以下（一）|一级警长及以下（七）
082307T,农业智能装备工程,本科(普通),,本科,工学,农业工程类,28.1,弱适配,2026国考职位表/中央机关及直属机构口径（第三方镜像）,39.0,0.0,39.0,0.0,0.0,0.0,100.0,0.0,0.0,主要靠专业大类/门类岗位,公安/移民/基层执法(30)；海关/边检(9)；交通海事民航铁路(8)；税务系统(6)；统计调查(3),68.0,80.41,6.0,0.0,0.0,,13.0,33.3,14.54,19.0,48.7,89.37,7.0,17.9,209.26,23.0,62.0,0.0,62.0,limited,升学后中等潜力,主要来自专业类/学科门类宽口径匹配，报考前必须核官方专业目录。,可以考，但院校层级优势有限，更依赖岗位地区和限制条件。,岗位窗口较窄，建议只作为就业备选项。,不适合作为普通应用院校的考公主卖点。,上海出入境边防检查总站|上海市公安局特勤局|上海铁路公安局|中国民用航空局中南地区管理局|中国民用航空局华东地区管理局|中国法学会|公安部|内蒙古出入境边防检查总站,一级主任科员及以下|一级行政执法员（三）|一级行政执法员（二）|一级行政执法员（五）|一级行政执法员（八）|一级行政执法员（四）|一级警长及以下（一）|一级警长及以下（七）
082401,森林工程,本科(普通),,本科,工学,林业工程类,31.3,弱适配,2026国考职位表/中央机关及直属机构口径（第三方镜像）,47.0,0.0,47.0,0.0,0.0,0.0,100.0,0.0,0.0,主要靠专业大类/门类岗位,海关/边检(26)；公安/移民/基层执法(26)；交通海事民航铁路(4)；统计调查(3)；税务系统(1),60.0,72.87,17.0,0.0,0.0,,13.0,27.7,14.54,15.0,31.9,65.37,19.0,40.4,148.05,25.0,72.0,3.0,69.0,limited,升学后中等潜力,主要来自专业类/学科门类宽口径匹配，报考前必须核官方专业目录。,可以考，但院校层级优势有限，更依赖岗位地区和限制条件。,岗位窗口较窄，建议只作为就业备选项。,不适合作为普通应用院校的考公主卖点。,上海出入境边防检查总站|上海市公安局特勤局|中国民用航空局华东地区管理局|中国法学会|全国总工会|公安部|内蒙古出入境边防检查总站|北京市公安局特勤局,一级主任科员及以下|一级行政执法员（一）|一级行政执法员（三）|一级行政执法员（八）|一级行政执法员（六）|一级警长及以下（一）|一级警长及以下（七）|一级警长及以下（五）
082402,木材科学与工程,本科(普通),,本科,工学,林业工程类,31.3,弱适配,2026国考职位表/中央机关及直属机构口径（第三方镜像）,47.0,0.0,47.0,0.0,0.0,0.0,100.0,0.0,0.0,主要靠专业大类/门类岗位,海关/边检(26)；公安/移民/基层执法(26)；交通海事民航铁路(4)；统计调查(3)；税务系统(1),60.0,72.87,17.0,0.0,0.0,,13.0,27.7,14.54,15.0,31.9,65.37,19.0,40.4,148.05,25.0,72.0,3.0,69.0,limited,升学后中等潜力,主要来自专业类/学科门类宽口径匹配，报考前必须核官方专业目录。,可以考，但院校层级优势有限，更依赖岗位地区和限制条件。,岗位窗口较窄，建议只作为就业备选项。,不适合作为普通应用院校的考公主卖点。,上海出入境边防检查总站|上海市公安局特勤局|中国民用航空局华东地区管理局|中国法学会|全国总工会|公安部|内蒙古出入境边防检查总站|北京市公安局特勤局,一级主任科员及以下|一级行政执法员（一）|一级行政执法员（三）|一级行政执法员（八）|一级行政执法员（六）|一级警长及以下（一）|一级警长及以下（七）|一级警长及以下（五）
082403,林产化工,本科(普通),,本科,工学,林业工程类,31.2,弱适配,2026国考职位表/中央机关及直属机构口径（第三方镜像）,47.0,0.0,47.0,0.0,0.0,0.0,100.0,0.0,0.0,主要靠专业大类/门类岗位,海关/边检(26)；公安/移民/基层执法(26)；交通海事民航铁路(4)；统计调查(3)；税务系统(1),60.0,72.87,17.0,0.0,0.0,,13.0,27.7,14.54,15.0,31.9,65.37,19.0,40.4,148.05,22.0,69.0,0.0,69.0,limited,升学后中等潜力,主要来自专业类/学科门类宽口径匹配，报考前必须核官方专业目录。,可以考，但院校层级优势有限，更依赖岗位地区和限制条件。,岗位窗口较窄，建议只作为就业备选项。,不适合作为普通应用院校的考公主卖点。,上海出入境边防检查总站|上海市公安局特勤局|中国民用航空局华东地区管理局|中国法学会|全国总工会|公安部|内蒙古出入境边防检查总站|北京市公安局特勤局,一级主任科员及以下|一级行政执法员（八）|一级警长及以下（一）|一级警长及以下（七）|一级警长及以下（五）|一级警长及以下（八）|一级警长及以下（六）|业务处室一级主任科员及以下
082404T,家具设计与工程,本科(普通),,本科,工学,林业工程类,31.2,弱适配,2026国考职位表/中央机关及直属机构口径（第三方镜像）,47.0,0.0,47.0,0.0,0.0,0.0,100.0,0.0,0.0,主要靠专业大类/门类岗位,海关/边检(26)；公安/移民/基层执法(26)；交通海事民航铁路(4)；统计调查(3)；税务系统(1),60.0,72.87,17.0,0.0,0.0,,13.0,27.7,14.54,15.0,31.9,65.37,19.0,40.4,148.05,22.0,69.0,0.0,69.0,limited,升学后中等潜力,主要来自专业类/学科门类宽口径匹配，报考前必须核官方专业目录。,可以考，但院校层级优势有限，更依赖岗位地区和限制条件。,岗位窗口较窄，建议只作为就业备选项。,不适合作为普通应用院校的考公主卖点。,上海出入境边防检查总站|上海市公安局特勤局|中国民用航空局华东地区管理局|中国法学会|全国总工会|公安部|内蒙古出入境边防检查总站|北京市公安局特勤局,一级主任科员及以下|一级行政执法员（八）|一级警长及以下（一）|一级警长及以下（七）|一级警长及以下（五）|一级警长及以下（八）|一级警长及以下（六）|业务处室一级主任科员及以下
082405T,木结构建筑与材料,本科(普通),,本科,工学,林业工程类,31.2,弱适配,2026国考职位表/中央机关及直属机构口径（第三方镜像）,47.0,0.0,47.0,0.0,0.0,0.0,100.0,0.0,0.0,主要靠专业大类/门类岗位,海关/边检(26)；公安/移民/基层执法(26)；交通海事民航铁路(4)；统计调查(3)；税务系统(1),60.0,72.87,17.0,0.0,0.0,,13.0,27.7,14.54,15.0,31.9,65.37,19.0,40.4,148.05,22.0,69.0,0.0,69.0,limited,升学后中等潜力,主要来自专业类/学科门类宽口径匹配，报考前必须核官方专业目录。,可以考，但院校层级优势有限，更依赖岗位地区和限制条件。,岗位窗口较窄，建议只作为就业备选项。,不适合作为普通应用院校的考公主卖点。,上海出入境边防检查总站|上海市公安局特勤局|中国民用航空局华东地区管理局|中国法学会|全国总工会|公安部|内蒙古出入境边防检查总站|北京市公安局特勤局,一级主任科员及以下|一级行政执法员（八）|一级警长及以下（一）|一级警长及以下（七）|一级警长及以下（五）|一级警长及以下（八）|一级警长及以下（六）|业务处室一级主任科员及以下
082501,环境科学与工程,本科(普通),,本科,工学,环境科学与工程类,57.6,较强适配,2026国考职位表/中央机关及直属机构口径（第三方镜像）,426.0,17.0,409.0,0.0,0.0,4.0,96.0,0.0,0.0,主要靠专业大类/门类岗位,税务系统(374)；公安/移民/基层执法(30)；海关/边检(14)；生态环境/自然资源/农业水利(10)；交通海事民航铁路(8)；统计调查(3),840.0,109.68,200.0,2.0,0.5,30.04,13.0,3.1,14.54,28.0,6.6,93.02,383.0,89.9,130.7,54.0,480.0,34.0,446.0,medium,升学后中等潜力,存在专业代码或专业名称精确匹配，并有直接学历兼容岗位。,头部院校优势主要体现在保研/读研后进入更高层级岗位。,区域重点/特色院校可重点面向省市县税务、执法、市场监管和事业单位路径。,应用本科可走县区基层、行政执法和地方单位，学校层级不宜夸大。,上海出入境边防检查总站|上海市公安局特勤局|中国民用航空局华东地区管理局|中国法学会|人力资源和社会保障部|全国总工会|公安部|内蒙古出入境边防检查总站,一级主任科员及以下|一级主任科员及以下（英语三）|一级行政执法员|一级行政执法员(一)|一级行政执法员(三)|一级行政执法员(二)|一级行政执法员(五)|一级行政执法员(四)
082503,环境科学,本科(普通),,本科,工学,环境科学与工程类,72.6,较强适配,2026国考职位表/中央机关及直属机构口径（第三方镜像）,430.0,401.0,29.0,0.0,0.0,93.3,6.7,0.0,0.0,以对口岗位为主,税务系统(374)；公安/移民/基层执法(32)；海关/边检(16)；生态环境/自然资源/农业水利(11)；交通海事民航铁路(9)；统计调查(3),846.0,109.22,200.0,2.0,0.5,30.04,14.0,3.3,18.86,31.0,7.2,87.61,383.0,89.1,130.7,62.0,492.0,438.0,54.0,medium,升学后中等潜力,存在专业代码或专业名称精确匹配，并有直接学历兼容岗位。,头部院校优势主要体现在保研/读研后进入更高层级岗位。,区域重点/特色院校可重点面向省市县税务、执法、市场监管和事业单位路径。,应用本科可走县区基层、行政执法和地方单位，学校层级不宜夸大。,上海出入境边防检查总站|上海市公安局特勤局|上海海事局|中国民用航空局华东地区管理局|中国法学会|云南出入境边防检查总站|人力资源和社会保障部|全国总工会,一级主任科员及以下|一级主任科员及以下（英语三）|一级行政执法员|一级行政执法员(一)|一级行政执法员(三)|一级行政执法员(二)|一级行政执法员(五)|一级行政执法员(四)
082504,环境生态工程,本科(普通),,本科,工学,环境科学与工程类,50.0,中等适配,2026国考职位表/中央机关及直属机构口径（第三方镜像）,415.0,3.0,412.0,0.0,0.0,0.7,99.3,0.0,0.0,主要靠专业大类/门类岗位,税务系统(374)；公安/移民/基层执法(28)；海关/边检(12)；交通海事民航铁路(8)；统计调查(3)；生态环境/自然资源/农业水利(2),805.0,109.54,198.0,1.0,0.2,37.5,14.0,3.4,18.86,26.0,6.3,92.8,374.0,90.1,123.87,37.0,452.0,3.0,449.0,medium,升学后中等潜力,存在专业代码或专业名称精确匹配，并有直接学历兼容岗位。,可以考，但院校层级优势有限，更依赖岗位地区和限制条件。,可作为备选路径，适合叠加党员、基层项目、应届身份等条件。,可作为基层备选，但要靠地域、应届和限制条件放大机会。,上海出入境边防检查总站|上海市公安局特勤局|中国民用航空局华东地区管理局|中国法学会|人力资源和社会保障部|全国总工会|公安部|内蒙古出入境边防检查总站,一级主任科员及以下|一级行政执法员|一级行政执法员(一)|一级行政执法员(三)|一级行政执法员(二)|一级行政执法员(五)|一级行政执法员(四)|一级行政执法员（一）
082505T,环保设备工程,本科(普通),,本科,工学,环境科学与工程类,43.3,中等适配,2026国考职位表/中央机关及直属机构口径（第三方镜像）,412.0,0.0,412.0,0.0,0.0,0.0,100.0,0.0,0.0,主要靠专业大类/门类岗位,税务系统(374)；公安/移民/基层执法(28)；海关/边检(12)；交通海事民航铁路(8)；统计调查(3)；生态环境/自然资源/农业水利(1),802.0,109.36,196.0,1.0,0.2,37.5,13.0,3.2,14.54,25.0,6.1,94.35,373.0,90.5,123.28,37.0,449.0,0.0,449.0,medium,升学后中等潜力,主要来自专业类/学科门类宽口径匹配，报考前必须核官方专业目录。,可以考，但院校层级优势有限，更依赖岗位地区和限制条件。,可作为备选路径，适合叠加党员、基层项目、应届身份等条件。,可作为基层备选，但要靠地域、应届和限制条件放大机会。,上海出入境边防检查总站|上海市公安局特勤局|中国民用航空局华东地区管理局|中国法学会|人力资源和社会保障部|全国总工会|公安部|内蒙古出入境边防检查总站,一级主任科员及以下|一级行政执法员|一级行政执法员(一)|一级行政执法员(三)|一级行政执法员(二)|一级行政执法员(五)|一级行政执法员(四)|一级行政执法员（一）
082506T,资源环境科学,本科(普通),,本科,工学,环境科学与工程类,48.6,中等适配,2026国考职位表/中央机关及直属机构口径（第三方镜像）,414.0,2.0,412.0,0.0,0.0,0.5,99.5,0.0,0.0,主要靠专业大类/门类岗位,税务系统(374)；公安/移民/基层执法(28)；海关/边检(12)；交通海事民航铁路(8)；统计调查(3)；生态环境/自然资源/农业水利(2),804.0,109.25,197.0,1.0,0.2,37.5,14.0,3.4,18.86,26.0,6.3,92.8,373.0,90.1,123.28,37.0,451.0,2.0,449.0,medium,升学后中等潜力,存在专业代码或专业名称精确匹配，并有直接学历兼容岗位。,可以考，但院校层级优势有限，更依赖岗位地区和限制条件。,可作为备选路径，适合叠加党员、基层项目、应届身份等条件。,可作为基层备选，但要靠地域、应届和限制条件放大机会。,上海出入境边防检查总站|上海市公安局特勤局|中国民用航空局华东地区管理局|中国法学会|人力资源和社会保障部|全国总工会|公安部|内蒙古出入境边防检查总站,一级主任科员及以下|一级行政执法员|一级行政执法员(一)|一级行政执法员(三)|一级行政执法员(二)|一级行政执法员(五)|一级行政执法员(四)|一级行政执法员（一）
082507T,水质科学与技术,本科(普通),,本科,工学,环境科学与工程类,43.3,中等适配,2026国考职位表/中央机关及直属机构口径（第三方镜像）,412.0,0.0,412.0,0.0,0.0,0.0,100.0,0.0,0.0,主要靠专业大类/门类岗位,税务系统(374)；公安/移民/基层执法(28)；海关/边检(12)；交通海事民航铁路(8)；统计调查(3)；生态环境/自然资源/农业水利(1),802.0,109.36,196.0,1.0,0.2,37.5,13.0,3.2,14.54,25.0,6.1,94.35,373.0,90.5,123.28,37.0,449.0,0.0,449.0,medium,升学后中等潜力,主要来自专业类/学科门类宽口径匹配，报考前必须核官方专业目录。,可以考，但院校层级优势有限，更依赖岗位地区和限制条件。,可作为备选路径，适合叠加党员、基层项目、应届身份等条件。,可作为基层备选，但要靠地域、应届和限制条件放大机会。,上海出入境边防检查总站|上海市公安局特勤局|中国民用航空局华东地区管理局|中国法学会|人力资源和社会保障部|全国总工会|公安部|内蒙古出入境边防检查总站,一级主任科员及以下|一级行政执法员|一级行政执法员(一)|一级行政执法员(三)|一级行政执法员(二)|一级行政执法员(五)|一级行政执法员(四)|一级行政执法员（一）
082602T,假肢矫形工程,本科(普通),,本科,工学,生物医学工程类,26.4,弱适配,2026国考职位表/中央机关及直属机构口径（第三方镜像）,29.0,0.0,29.0,0.0,0.0,0.0,100.0,0.0,0.0,主要靠专业大类/门类岗位,公安/移民/基层执法(26)；海关/边检(9)；交通海事民航铁路(4)；统计调查(3),40.0,38.83,0.0,0.0,0.0,,13.0,44.8,14.54,15.0,51.7,65.37,1.0,3.4,168.0,21.0,50.0,0.0,50.0,limited,升学后中等潜力,主要来自专业类/学科门类宽口径匹配，报考前必须核官方专业目录。,可以考，但院校层级优势有限，更依赖岗位地区和限制条件。,岗位窗口较窄，建议只作为就业备选项。,不适合作为普通应用院校的考公主卖点。,上海出入境边防检查总站|上海市公安局特勤局|中国民用航空局华东地区管理局|中国法学会|全国总工会|公安部|内蒙古出入境边防检查总站|北京市公安局特勤局,一级主任科员及以下|一级警长及以下（一）|一级警长及以下（七）|一级警长及以下（五）|一级警长及以下（八）|一级警长及以下（六）|业务处室一级主任科员及以下|业务处室一级主任科员及以下1
082603T,临床工程技术,本科(普通),,本科,工学,生物医学工程类,26.4,弱适配,2026国考职位表/中央机关及直属机构口径（第三方镜像）,29.0,0.0,29.0,0.0,0.0,0.0,100.0,0.0,0.0,主要靠专业大类/门类岗位,公安/移民/基层执法(26)；海关/边检(9)；交通海事民航铁路(4)；统计调查(3),40.0,38.83,0.0,0.0,0.0,,13.0,44.8,14.54,15.0,51.7,65.37,1.0,3.4,168.0,21.0,50.0,0.0,50.0,limited,升学后中等潜力,主要来自专业类/学科门类宽口径匹配，报考前必须核官方专业目录。,可以考，但院校层级优势有限，更依赖岗位地区和限制条件。,岗位窗口较窄，建议只作为就业备选项。,不适合作为普通应用院校的考公主卖点。,上海出入境边防检查总站|上海市公安局特勤局|中国民用航空局华东地区管理局|中国法学会|全国总工会|公安部|内蒙古出入境边防检查总站|北京市公安局特勤局,一级主任科员及以下|一级警长及以下（一）|一级警长及以下（七）|一级警长及以下（五）|一级警长及以下（八）|一级警长及以下（六）|业务处室一级主任科员及以下|业务处室一级主任科员及以下1
082604T,康复工程,本科(普通),,本科,工学,生物医学工程类,26.4,弱适配,2026国考职位表/中央机关及直属机构口径（第三方镜像）,29.0,0.0,29.0,0.0,0.0,0.0,100.0,0.0,0.0,主要靠专业大类/门类岗位,公安/移民/基层执法(26)；海关/边检(9)；交通海事民航铁路(4)；统计调查(3),40.0,38.83,0.0,0.0,0.0,,13.0,44.8,14.54,15.0,51.7,65.37,1.0,3.4,168.0,21.0,50.0,0.0,50.0,limited,升学后中等潜力,主要来自专业类/学科门类宽口径匹配，报考前必须核官方专业目录。,可以考，但院校层级优势有限，更依赖岗位地区和限制条件。,岗位窗口较窄，建议只作为就业备选项。,不适合作为普通应用院校的考公主卖点。,上海出入境边防检查总站|上海市公安局特勤局|中国民用航空局华东地区管理局|中国法学会|全国总工会|公安部|内蒙古出入境边防检查总站|北京市公安局特勤局,一级主任科员及以下|一级警长及以下（一）|一级警长及以下（七）|一级警长及以下（五）|一级警长及以下（八）|一级警长及以下（六）|业务处室一级主任科员及以下|业务处室一级主任科员及以下1
082605T,健康科学与技术,本科(普通),,本科,工学,生物医学工程类,26.4,弱适配,2026国考职位表/中央机关及直属机构口径（第三方镜像）,29.0,0.0,29.0,0.0,0.0,0.0,100.0,0.0,0.0,主要靠专业大类/门类岗位,公安/移民/基层执法(26)；海关/边检(9)；交通海事民航铁路(4)；统计调查(3),40.0,38.83,0.0,0.0,0.0,,13.0,44.8,14.54,15.0,51.7,65.37,1.0,3.4,168.0,21.0,50.0,0.0,50.0,limited,升学后中等潜力,主要来自专业类/学科门类宽口径匹配，报考前必须核官方专业目录。,可以考，但院校层级优势有限，更依赖岗位地区和限制条件。,岗位窗口较窄，建议只作为就业备选项。,不适合作为普通应用院校的考公主卖点。,上海出入境边防检查总站|上海市公安局特勤局|中国民用航空局华东地区管理局|中国法学会|全国总工会|公安部|内蒙古出入境边防检查总站|北京市公安局特勤局,一级主任科员及以下|一级警长及以下（一）|一级警长及以下（七）|一级警长及以下（五）|一级警长及以下（八）|一级警长及以下（六）|业务处室一级主任科员及以下|业务处室一级主任科员及以下1
082701,食品科学与工程,本科(普通),,本科,工学,食品科学与工程类,58.1,较强适配,2026国考职位表/中央机关及直属机构口径（第三方镜像）,173.0,113.0,60.0,0.0,0.0,65.3,34.7,0.0,0.0,以对口岗位为主,海关/边检(149)；公安/移民/基层执法(30)；交通海事民航铁路(6)；统计调查(3),224.0,130.4,119.0,0.0,0.0,,15.0,8.7,18.47,33.0,19.1,77.77,125.0,72.3,189.74,25.0,198.0,116.0,82.0,medium,升学后中等潜力,存在专业代码或专业名称精确匹配，并有直接学历兼容岗位。,可以考，但院校层级优势有限，更依赖岗位地区和限制条件。,区域重点/特色院校可重点面向省市县税务、执法、市场监管和事业单位路径。,应用本科可走县区基层、行政执法和地方单位，学校层级不宜夸大。,上海出入境边防检查总站|上海市公安局特勤局|上海海关|中国民用航空局华东地区管理局|中国法学会|乌鲁木齐海关|人力资源和社会保障部|全国总工会,一级主任科员及以下|一级警长及以下（一）|一级警长及以下（七）|一级警长及以下（五）|一级警长及以下（八）|一级警长及以下（六）|业务处一级主任科员及以下|业务处室一级主任科员及以下
082702,食品质量与安全,本科(普通),,本科,工学,食品科学与工程类,57.4,较强适配,2026国考职位表/中央机关及直属机构口径（第三方镜像）,171.0,103.0,68.0,0.0,0.0,60.2,39.8,0.0,0.0,以对口岗位为主,海关/边检(148)；公安/移民/基层执法(28)；交通海事民航铁路(6)；统计调查(3),219.0,132.71,119.0,0.0,0.0,,15.0,8.8,18.47,31.0,18.1,79.58,125.0,73.1,189.74,22.0,193.0,103.0,90.0,medium,升学后中等潜力,存在专业代码或专业名称精确匹配，并有直接学历兼容岗位。,可以考，但院校层级优势有限，更依赖岗位地区和限制条件。,区域重点/特色院校可重点面向省市县税务、执法、市场监管和事业单位路径。,应用本科可走县区基层、行政执法和地方单位，学校层级不宜夸大。,上海出入境边防检查总站|上海市公安局特勤局|上海海关|中国民用航空局华东地区管理局|中国法学会|乌鲁木齐海关|人力资源和社会保障部|全国总工会,一级主任科员及以下|一级警长及以下（一）|一级警长及以下（七）|一级警长及以下（五）|一级警长及以下（八）|一级警长及以下（六）|业务处室一级主任科员及以下|业务处室一级主任科员及以下1
082703,粮食工程,本科(普通),,本科,工学,食品科学与工程类,54.0,中等适配,2026国考职位表/中央机关及直属机构口径（第三方镜像）,122.0,48.0,74.0,0.0,0.0,39.3,60.7,0.0,0.0,以对口岗位为主,海关/边检(99)；公安/移民/基层执法(28)；交通海事民航铁路(6)；统计调查(3),167.0,117.25,78.0,0.0,0.0,,15.0,12.3,18.47,25.0,20.5,80.52,82.0,67.2,183.69,22.0,144.0,48.0,96.0,medium,升学后中等潜力,存在专业代码或专业名称精确匹配，并有直接学历兼容岗位。,可以考，但院校层级优势有限，更依赖岗位地区和限制条件。,可作为备选路径，适合叠加党员、基层项目、应届身份等条件。,可作为基层备选，但要靠地域、应届和限制条件放大机会。,上海出入境边防检查总站|上海市公安局特勤局|中国民用航空局华东地区管理局|中国法学会|人力资源和社会保障部|全国总工会|公安部|内蒙古出入境边防检查总站,一级主任科员及以下|一级警长及以下（一）|一级警长及以下（七）|一级警长及以下（五）|一级警长及以下（八）|一级警长及以下（六）|业务处室一级主任科员及以下|业务处室一级主任科员及以下1
082704,乳品工程,本科(普通),,本科,工学,食品科学与工程类,50.9,中等适配,2026国考职位表/中央机关及直属机构口径（第三方镜像）,104.0,30.0,74.0,0.0,0.0,28.8,71.2,0.0,0.0,主要靠专业大类/门类岗位,海关/边检(81)；公安/移民/基层执法(28)；交通海事民航铁路(6)；统计调查(3),147.0,118.33,66.0,1.0,1.0,119.0,13.0,12.5,14.54,24.0,23.1,81.5,66.0,63.5,200.53,22.0,126.0,30.0,96.0,medium,升学后中等潜力,存在专业代码或专业名称精确匹配，并有直接学历兼容岗位。,可以考，但院校层级优势有限，更依赖岗位地区和限制条件。,可作为备选路径，适合叠加党员、基层项目、应届身份等条件。,可作为基层备选，但要靠地域、应届和限制条件放大机会。,上海出入境边防检查总站|上海市公安局特勤局|中国民用航空局华东地区管理局|中国法学会|人力资源和社会保障部|全国总工会|公安部|内蒙古出入境边防检查总站,一级主任科员及以下|一级警长及以下（一）|一级警长及以下（七）|一级警长及以下（五）|一级警长及以下（八）|一级警长及以下（六）|业务处室一级主任科员及以下|业务处室一级主任科员及以下1
082705,酿酒工程,本科(普通),,本科,工学,食品科学与工程类,45.2,中等适配,2026国考职位表/中央机关及直属机构口径（第三方镜像）,85.0,11.0,74.0,0.0,0.0,12.9,87.1,0.0,0.0,主要靠专业大类/门类岗位,海关/边检(63)；公安/移民/基层执法(28)；交通海事民航铁路(6)；统计调查(3),126.0,116.67,50.0,0.0,0.0,,13.0,15.3,14.54,23.0,27.1,80.04,49.0,57.6,233.64,22.0,107.0,11.0,96.0,medium,升学后中等潜力,存在专业代码或专业名称精确匹配，并有直接学历兼容岗位。,可以考，但院校层级优势有限，更依赖岗位地区和限制条件。,可作为备选路径，适合叠加党员、基层项目、应届身份等条件。,可作为基层备选，但要靠地域、应届和限制条件放大机会。,上海出入境边防检查总站|上海市公安局特勤局|中国民用航空局华东地区管理局|中国法学会|人力资源和社会保障部|全国总工会|公安部|内蒙古出入境边防检查总站,一级主任科员及以下|一级警长及以下（一）|一级警长及以下（七）|一级警长及以下（五）|一级警长及以下（八）|一级警长及以下（六）|业务处室一级主任科员及以下|业务处室一级主任科员及以下1
082706T,葡萄与葡萄酒工程,本科(普通),,本科,工学,食品科学与工程类,45.2,中等适配,2026国考职位表/中央机关及直属机构口径（第三方镜像）,85.0,11.0,74.0,0.0,0.0,12.9,87.1,0.0,0.0,主要靠专业大类/门类岗位,海关/边检(63)；公安/移民/基层执法(28)；交通海事民航铁路(6)；统计调查(3),126.0,116.67,50.0,0.0,0.0,,13.0,15.3,14.54,23.0,27.1,80.04,49.0,57.6,233.64,22.0,107.0,11.0,96.0,medium,升学后中等潜力,存在专业代码或专业名称精确匹配，并有直接学历兼容岗位。,可以考，但院校层级优势有限，更依赖岗位地区和限制条件。,可作为备选路径，适合叠加党员、基层项目、应届身份等条件。,可作为基层备选，但要靠地域、应届和限制条件放大机会。,上海出入境边防检查总站|上海市公安局特勤局|中国民用航空局华东地区管理局|中国法学会|人力资源和社会保障部|全国总工会|公安部|内蒙古出入境边防检查总站,一级主任科员及以下|一级警长及以下（一）|一级警长及以下（七）|一级警长及以下（五）|一级警长及以下（八）|一级警长及以下（六）|业务处室一级主任科员及以下|业务处室一级主任科员及以下1
082707T,食品营养与检验教育,本科(普通),,本科,工学,食品科学与工程类,37.9,中等适配,2026国考职位表/中央机关及直属机构口径（第三方镜像）,76.0,2.0,74.0,0.0,0.0,2.6,97.4,0.0,0.0,主要靠专业大类/门类岗位,海关/边检(54)；公安/移民/基层执法(28)；交通海事民航铁路(6)；统计调查(3),117.0,99.63,40.0,0.0,0.0,,13.0,17.1,14.54,19.0,25.0,66.05,44.0,57.9,204.33,22.0,98.0,2.0,96.0,limited,升学后中等潜力,存在专业代码或专业名称精确匹配，并有直接学历兼容岗位。,可以考，但院校层级优势有限，更依赖岗位地区和限制条件。,可作为备选路径，适合叠加党员、基层项目、应届身份等条件。,可作为基层备选，但要靠地域、应届和限制条件放大机会。,上海出入境边防检查总站|上海市公安局特勤局|中国民用航空局华东地区管理局|中国法学会|人力资源和社会保障部|全国总工会|公安部|内蒙古出入境边防检查总站,一级主任科员及以下|一级警长及以下（一）|一级警长及以下（七）|一级警长及以下（五）|一级警长及以下（八）|一级警长及以下（六）|业务处室一级主任科员及以下|业务处室一级主任科员及以下1
082708T,烹饪与营养教育,本科(普通),,本科,工学,食品科学与工程类,32.6,弱适配,2026国考职位表/中央机关及直属机构口径（第三方镜像）,74.0,0.0,74.0,0.0,0.0,0.0,100.0,0.0,0.0,主要靠专业大类/门类岗位,海关/边检(52)；公安/移民/基层执法(28)；交通海事民航铁路(6)；统计调查(3),115.0,98.4,39.0,0.0,0.0,,13.0,17.6,14.54,19.0,25.7,66.05,42.0,56.8,205.94,22.0,96.0,0.0,96.0,limited,升学后中等潜力,主要来自专业类/学科门类宽口径匹配，报考前必须核官方专业目录。,可以考，但院校层级优势有限，更依赖岗位地区和限制条件。,岗位窗口较窄，建议只作为就业备选项。,不适合作为普通应用院校的考公主卖点。,上海出入境边防检查总站|上海市公安局特勤局|中国民用航空局华东地区管理局|中国法学会|人力资源和社会保障部|全国总工会|公安部|内蒙古出入境边防检查总站,一级主任科员及以下|一级警长及以下（一）|一级警长及以下（七）|一级警长及以下（五）|一级警长及以下（八）|一级警长及以下（六）|业务处室一级主任科员及以下|业务处室一级主任科员及以下1
082709T,食品安全与检测,本科(普通),,本科,工学,食品科学与工程类,55.2,较强适配,2026国考职位表/中央机关及直属机构口径（第三方镜像）,145.0,77.0,68.0,0.0,0.0,53.1,46.9,0.0,0.0,以对口岗位为主,海关/边检(121)；公安/移民/基层执法(29)；交通海事民航铁路(6)；统计调查(3),193.0,122.88,96.0,0.0,0.0,,15.0,10.3,18.47,26.0,17.9,72.54,104.0,71.7,182.22,22.0,167.0,77.0,90.0,medium,升学后中等潜力,存在专业代码或专业名称精确匹配，并有直接学历兼容岗位。,可以考，但院校层级优势有限，更依赖岗位地区和限制条件。,区域重点/特色院校可重点面向省市县税务、执法、市场监管和事业单位路径。,应用本科可走县区基层、行政执法和地方单位，学校层级不宜夸大。,上海出入境边防检查总站|上海市公安局特勤局|中国民用航空局华东地区管理局|中国法学会|乌鲁木齐海关|人力资源和社会保障部|全国总工会|公安部,一级主任科员及以下|一级警长及以下（一）|一级警长及以下（七）|一级警长及以下（五）|一级警长及以下（八）|一级警长及以下（六）|业务处室一级主任科员及以下|业务处室一级主任科员及以下1
082710T,食品营养与健康,本科(普通),,本科,工学,食品科学与工程类,40.5,中等适配,2026国考职位表/中央机关及直属机构口径（第三方镜像）,78.0,4.0,74.0,0.0,0.0,5.1,94.9,0.0,0.0,主要靠专业大类/门类岗位,海关/边检(56)；公安/移民/基层执法(28)；交通海事民航铁路(6)；统计调查(3),121.0,99.36,42.0,0.0,0.0,,13.0,16.7,14.54,20.0,25.6,65.6,45.0,57.7,199.26,22.0,100.0,4.0,96.0,limited,升学后中等潜力,存在专业代码或专业名称精确匹配，并有直接学历兼容岗位。,可以考，但院校层级优势有限，更依赖岗位地区和限制条件。,可作为备选路径，适合叠加党员、基层项目、应届身份等条件。,可作为基层备选，但要靠地域、应届和限制条件放大机会。,上海出入境边防检查总站|上海市公安局特勤局|中国民用航空局华东地区管理局|中国法学会|人力资源和社会保障部|全国总工会|公安部|内蒙古出入境边防检查总站,一级主任科员及以下|一级警长及以下（一）|一级警长及以下（七）|一级警长及以下（五）|一级警长及以下（八）|一级警长及以下（六）|业务处室一级主任科员及以下|业务处室一级主任科员及以下1
082711T,食用菌科学与工程,本科(普通),,本科,工学,食品科学与工程类,32.6,弱适配,2026国考职位表/中央机关及直属机构口径（第三方镜像）,74.0,0.0,74.0,0.0,0.0,0.0,100.0,0.0,0.0,主要靠专业大类/门类岗位,海关/边检(52)；公安/移民/基层执法(28)；交通海事民航铁路(6)；统计调查(3),115.0,98.4,39.0,0.0,0.0,,13.0,17.6,14.54,19.0,25.7,66.05,42.0,56.8,205.94,22.0,96.0,0.0,96.0,limited,升学后中等潜力,主要来自专业类/学科门类宽口径匹配，报考前必须核官方专业目录。,可以考，但院校层级优势有限，更依赖岗位地区和限制条件。,岗位窗口较窄，建议只作为就业备选项。,不适合作为普通应用院校的考公主卖点。,上海出入境边防检查总站|上海市公安局特勤局|中国民用航空局华东地区管理局|中国法学会|人力资源和社会保障部|全国总工会|公安部|内蒙古出入境边防检查总站,一级主任科员及以下|一级警长及以下（一）|一级警长及以下（七）|一级警长及以下（五）|一级警长及以下（八）|一级警长及以下（六）|业务处室一级主任科员及以下|业务处室一级主任科员及以下1
082712T,白酒酿造工程,本科(普通),,本科,工学,食品科学与工程类,37.9,中等适配,2026国考职位表/中央机关及直属机构口径（第三方镜像）,76.0,2.0,74.0,0.0,0.0,2.6,97.4,0.0,0.0,主要靠专业大类/门类岗位,海关/边检(54)；公安/移民/基层执法(28)；交通海事民航铁路(6)；统计调查(3),117.0,97.26,41.0,0.0,0.0,,13.0,17.1,14.54,21.0,27.6,62.81,42.0,55.3,205.94,22.0,98.0,2.0,96.0,limited,升学后中等潜力,存在专业代码或专业名称精确匹配，并有直接学历兼容岗位。,可以考，但院校层级优势有限，更依赖岗位地区和限制条件。,可作为备选路径，适合叠加党员、基层项目、应届身份等条件。,可作为基层备选，但要靠地域、应届和限制条件放大机会。,上海出入境边防检查总站|上海市公安局特勤局|中国民用航空局华东地区管理局|中国法学会|人力资源和社会保障部|全国总工会|公安部|内蒙古出入境边防检查总站,一级主任科员及以下|一级警长及以下（一）|一级警长及以下（七）|一级警长及以下（五）|一级警长及以下（八）|一级警长及以下（六）|业务处室一级主任科员及以下|业务处室一级主任科员及以下1
082713T,咖啡科学与工程,本科(普通),,本科,工学,食品科学与工程类,32.6,弱适配,2026国考职位表/中央机关及直属机构口径（第三方镜像）,74.0,0.0,74.0,0.0,0.0,0.0,100.0,0.0,0.0,主要靠专业大类/门类岗位,海关/边检(52)；公安/移民/基层执法(28)；交通海事民航铁路(6)；统计调查(3),115.0,98.4,39.0,0.0,0.0,,13.0,17.6,14.54,19.0,25.7,66.05,42.0,56.8,205.94,22.0,96.0,0.0,96.0,limited,升学后中等潜力,主要来自专业类/学科门类宽口径匹配，报考前必须核官方专业目录。,可以考，但院校层级优势有限，更依赖岗位地区和限制条件。,岗位窗口较窄，建议只作为就业备选项。,不适合作为普通应用院校的考公主卖点。,上海出入境边防检查总站|上海市公安局特勤局|中国民用航空局华东地区管理局|中国法学会|人力资源和社会保障部|全国总工会|公安部|内蒙古出入境边防检查总站,一级主任科员及以下|一级警长及以下（一）|一级警长及以下（七）|一级警长及以下（五）|一级警长及以下（八）|一级警长及以下（六）|业务处室一级主任科员及以下|业务处室一级主任科员及以下1
082802,城乡规划,本科(普通),,本科,工学,建筑类,55.2,较强适配,2026国考职位表/中央机关及直属机构口径（第三方镜像）,489.0,13.0,476.0,0.0,0.0,2.7,97.3,0.0,0.0,主要靠专业大类/门类岗位,税务系统(436)；公安/移民/基层执法(37)；海关/边检(17)；生态环境/自然资源/农业水利(9)；交通海事民航铁路(7)；统计调查(3),934.0,122.61,208.0,3.0,0.6,261.33,19.0,3.9,75.53,31.0,6.3,122.89,436.0,89.2,137.34,41.0,530.0,28.0,502.0,medium,升学后中等潜力,存在专业代码或专业名称精确匹配，并有直接学历兼容岗位。,可以考，但院校层级优势有限，更依赖岗位地区和限制条件。,区域重点/特色院校可重点面向省市县税务、执法、市场监管和事业单位路径。,应用本科可走县区基层、行政执法和地方单位，学校层级不宜夸大。,上海出入境边防检查总站|上海市公安局特勤局|中国井冈山干部学院|中国民用航空局华东地区管理局|中国法学会|中央直属机关事务管理局|云南出入境边防检查总站|公安部,一级主任科员及以下|一级主办及以下|一级主办及以下（一）|一级主办及以下（三）|一级主办及以下（二）|一级行政执法员|一级行政执法员（一）|一级行政执法员（七）
082803,风景园林,本科(普通),,本科,工学,建筑类,42.2,中等适配,2026国考职位表/中央机关及直属机构口径（第三方镜像）,478.0,0.0,478.0,0.0,0.0,0.0,100.0,0.0,0.0,主要靠专业大类/门类岗位,税务系统(436)；公安/移民/基层执法(35)；海关/边检(15)；交通海事民航铁路(7)；统计调查(3)；生态环境/自然资源/农业水利(1),921.0,121.78,204.0,3.0,0.6,261.33,15.0,3.1,21.6,29.0,6.1,128.59,431.0,90.2,136.41,30.0,508.0,4.0,504.0,medium,升学后中等潜力,主要来自专业类/学科门类宽口径匹配，报考前必须核官方专业目录。,可以考，但院校层级优势有限，更依赖岗位地区和限制条件。,可作为备选路径，适合叠加党员、基层项目、应届身份等条件。,可作为基层备选，但要靠地域、应届和限制条件放大机会。,上海出入境边防检查总站|上海市公安局特勤局|中国井冈山干部学院|中国民用航空局华东地区管理局|中国法学会|中央档案馆国家档案局|云南出入境边防检查总站|公安部,一级主任科员及以下|一级主办及以下|一级主办及以下（一）|一级主办及以下（三）|一级主办及以下（二）|一级行政执法员|一级行政执法员（一）|一级行政执法员（七）
082804T,历史建筑保护工程,本科(普通),,本科,工学,建筑类,42.0,中等适配,2026国考职位表/中央机关及直属机构口径（第三方镜像）,478.0,0.0,478.0,0.0,0.0,0.0,100.0,0.0,0.0,主要靠专业大类/门类岗位,税务系统(436)；公安/移民/基层执法(35)；海关/边检(15)；交通海事民航铁路(7)；统计调查(3)；生态环境/自然资源/农业水利(1),921.0,121.78,204.0,3.0,0.6,261.33,15.0,3.1,21.6,29.0,6.1,128.59,431.0,90.2,136.41,26.0,504.0,0.0,504.0,medium,升学后中等潜力,主要来自专业类/学科门类宽口径匹配，报考前必须核官方专业目录。,可以考，但院校层级优势有限，更依赖岗位地区和限制条件。,可作为备选路径，适合叠加党员、基层项目、应届身份等条件。,可作为基层备选，但要靠地域、应届和限制条件放大机会。,上海出入境边防检查总站|上海市公安局特勤局|中国井冈山干部学院|中国民用航空局华东地区管理局|中国法学会|云南出入境边防检查总站|公安部|内蒙古出入境边防检查总站,一级主任科员及以下|一级主办及以下|一级主办及以下（一）|一级主办及以下（三）|一级主办及以下（二）|一级行政执法员|一级行政执法员（一）|一级行政执法员（七）
082805T,人居环境科学与技术,本科(普通),,本科,工学,建筑类,42.0,中等适配,2026国考职位表/中央机关及直属机构口径（第三方镜像）,478.0,0.0,478.0,0.0,0.0,0.0,100.0,0.0,0.0,主要靠专业大类/门类岗位,税务系统(436)；公安/移民/基层执法(35)；海关/边检(15)；交通海事民航铁路(7)；统计调查(3)；生态环境/自然资源/农业水利(1),921.0,121.78,204.0,3.0,0.6,261.33,15.0,3.1,21.6,29.0,6.1,128.59,431.0,90.2,136.41,26.0,504.0,0.0,504.0,medium,升学后中等潜力,主要来自专业类/学科门类宽口径匹配，报考前必须核官方专业目录。,可以考，但院校层级优势有限，更依赖岗位地区和限制条件。,可作为备选路径，适合叠加党员、基层项目、应届身份等条件。,可作为基层备选，但要靠地域、应届和限制条件放大机会。,上海出入境边防检查总站|上海市公安局特勤局|中国井冈山干部学院|中国民用航空局华东地区管理局|中国法学会|云南出入境边防检查总站|公安部|内蒙古出入境边防检查总站,一级主任科员及以下|一级主办及以下|一级主办及以下（一）|一级主办及以下（三）|一级主办及以下（二）|一级行政执法员|一级行政执法员（一）|一级行政执法员（七）
082806T,城市设计,本科(普通),,本科,工学,建筑类,42.0,中等适配,2026国考职位表/中央机关及直属机构口径（第三方镜像）,478.0,0.0,478.0,0.0,0.0,0.0,100.0,0.0,0.0,主要靠专业大类/门类岗位,税务系统(436)；公安/移民/基层执法(35)；海关/边检(15)；交通海事民航铁路(7)；统计调查(3)；生态环境/自然资源/农业水利(1),921.0,121.78,204.0,3.0,0.6,261.33,15.0,3.1,21.6,29.0,6.1,128.59,431.0,90.2,136.41,26.0,504.0,0.0,504.0,medium,升学后中等潜力,主要来自专业类/学科门类宽口径匹配，报考前必须核官方专业目录。,可以考，但院校层级优势有限，更依赖岗位地区和限制条件。,可作为备选路径，适合叠加党员、基层项目、应届身份等条件。,可作为基层备选，但要靠地域、应届和限制条件放大机会。,上海出入境边防检查总站|上海市公安局特勤局|中国井冈山干部学院|中国民用航空局华东地区管理局|中国法学会|云南出入境边防检查总站|公安部|内蒙古出入境边防检查总站,一级主任科员及以下|一级主办及以下|一级主办及以下（一）|一级主办及以下（三）|一级主办及以下（二）|一级行政执法员|一级行政执法员（一）|一级行政执法员（七）
082807T,智慧建筑与建造,本科(普通),,本科,工学,建筑类,45.4,中等适配,2026国考职位表/中央机关及直属机构口径（第三方镜像）,479.0,1.0,478.0,0.0,0.0,0.2,99.8,0.0,0.0,主要靠专业大类/门类岗位,税务系统(436)；公安/移民/基层执法(35)；海关/边检(15)；交通海事民航铁路(7)；统计调查(3)；生态环境/自然资源/农业水利(1),922.0,121.71,204.0,3.0,0.6,261.33,16.0,3.3,23.81,29.0,6.1,128.59,431.0,90.0,136.41,26.0,505.0,1.0,504.0,medium,升学后中等潜力,存在专业代码或专业名称精确匹配，并有直接学历兼容岗位。,可以考，但院校层级优势有限，更依赖岗位地区和限制条件。,可作为备选路径，适合叠加党员、基层项目、应届身份等条件。,可作为基层备选，但要靠地域、应届和限制条件放大机会。,上海出入境边防检查总站|上海市公安局特勤局|中国井冈山干部学院|中国民用航空局华东地区管理局|中国法学会|云南出入境边防检查总站|公安部|内蒙古出入境边防检查总站,一级主任科员及以下|一级主办及以下|一级主办及以下（一）|一级主办及以下（三）|一级主办及以下（二）|一级行政执法员|一级行政执法员（一）|一级行政执法员（七）
082901,安全工程,本科(普通),,本科,工学,安全科学与工程类,56.3,较强适配,2026国考职位表/中央机关及直属机构口径（第三方镜像）,184.0,33.0,151.0,0.0,0.0,17.9,82.1,0.0,0.0,主要靠专业大类/门类岗位,税务系统(118)；海关/边检(30)；公安/移民/基层执法(27)；交通海事民航铁路(5)；统计调查(3)；市场监管/知识产权(1),399.0,111.47,119.0,2.0,1.1,240.75,26.0,14.1,53.78,27.0,14.7,68.7,129.0,70.1,134.02,27.0,211.0,39.0,172.0,medium,升学后中等潜力,存在专业代码或专业名称精确匹配，并有直接学历兼容岗位。,可以考，但院校层级优势有限，更依赖岗位地区和限制条件。,区域重点/特色院校可重点面向省市县税务、执法、市场监管和事业单位路径。,应用本科可走县区基层、行政执法和地方单位，学校层级不宜夸大。,上海出入境边防检查总站|上海市公安局特勤局|中国民用航空局华东地区管理局|中国民用航空局西北地区管理局|中国法学会|中央档案馆国家档案局|公安部|内蒙古出入境边防检查总站,一级主任科员及以下|一级行政执法员|一级行政执法员（一）|一级行政执法员（七）|一级行政执法员（三）|一级行政执法员（九）|一级行政执法员（二）|一级行政执法员（五）
082902T,应急技术与管理,本科(普通),,本科,工学,安全科学与工程类,45.8,中等适配,2026国考职位表/中央机关及直属机构口径（第三方镜像）,157.0,4.0,153.0,0.0,0.0,2.5,97.5,0.0,0.0,主要靠专业大类/门类岗位,税务系统(118)；公安/移民/基层执法(27)；海关/边检(11)；交通海事民航铁路(5)；统计调查(3)；市场监管/知识产权(1),344.0,116.63,103.0,2.0,1.3,240.75,17.0,10.8,69.15,27.0,17.2,77.71,111.0,70.7,129.32,21.0,178.0,4.0,174.0,medium,升学后中等潜力,存在专业代码或专业名称精确匹配，并有直接学历兼容岗位。,可以考，但院校层级优势有限，更依赖岗位地区和限制条件。,可作为备选路径，适合叠加党员、基层项目、应届身份等条件。,可作为基层备选，但要靠地域、应届和限制条件放大机会。,上海出入境边防检查总站|上海市公安局特勤局|中国民用航空局华东地区管理局|中国法学会|公安部|内蒙古出入境边防检查总站|北京市公安局特勤局|北京铁路公安局,一级主任科员及以下|一级行政执法员|一级行政执法员（一）|一级行政执法员（七）|一级行政执法员（三）|一级行政执法员（九）|一级行政执法员（二）|一级行政执法员（五）
082903T,职业卫生工程,本科(普通),,本科,工学,安全科学与工程类,41.2,中等适配,2026国考职位表/中央机关及直属机构口径（第三方镜像）,154.0,1.0,153.0,0.0,0.0,0.6,99.4,0.0,0.0,主要靠专业大类/门类岗位,税务系统(118)；公安/移民/基层执法(28)；海关/边检(11)；交通海事民航铁路(5)；统计调查(3)；市场监管/知识产权(1),340.0,114.78,103.0,1.0,0.6,126.0,16.0,10.4,70.09,27.0,17.5,68.79,110.0,71.4,129.69,21.0,178.0,4.0,174.0,medium,升学后中等潜力,存在专业代码或专业名称精确匹配，并有直接学历兼容岗位。,可以考，但院校层级优势有限，更依赖岗位地区和限制条件。,可作为备选路径，适合叠加党员、基层项目、应届身份等条件。,可作为基层备选，但要靠地域、应届和限制条件放大机会。,上海出入境边防检查总站|上海市公安局特勤局|中国民用航空局华东地区管理局|中国法学会|公安部|内蒙古出入境边防检查总站|北京市公安局特勤局|北京铁路公安局,一级主任科员及以下|一级行政执法员|一级行政执法员（一）|一级行政执法员（七）|一级行政执法员（三）|一级行政执法员（九）|一级行政执法员（二）|一级行政执法员（五）
082904T,安全生产监管,本科(普通),,本科,工学,安全科学与工程类,43.2,中等适配,2026国考职位表/中央机关及直属机构口径（第三方镜像）,155.0,2.0,153.0,0.0,0.0,1.3,98.7,0.0,0.0,主要靠专业大类/门类岗位,税务系统(118)；公安/移民/基层执法(27)；海关/边检(11)；交通海事民航铁路(5)；统计调查(3)；市场监管/知识产权(1),341.0,114.8,103.0,1.0,0.6,126.0,17.0,11.0,69.15,26.0,16.8,70.59,111.0,71.6,129.32,21.0,176.0,2.0,174.0,medium,升学后中等潜力,存在专业代码或专业名称精确匹配，并有直接学历兼容岗位。,可以考，但院校层级优势有限，更依赖岗位地区和限制条件。,可作为备选路径，适合叠加党员、基层项目、应届身份等条件。,可作为基层备选，但要靠地域、应届和限制条件放大机会。,上海出入境边防检查总站|上海市公安局特勤局|中国民用航空局华东地区管理局|中国法学会|公安部|内蒙古出入境边防检查总站|北京市公安局特勤局|北京铁路公安局,一级主任科员及以下|一级行政执法员|一级行政执法员（一）|一级行政执法员（七）|一级行政执法员（三）|一级行政执法员（九）|一级行政执法员（二）|一级行政执法员（五）
082905TK,智慧应急,本科(普通),,本科,工学,安全科学与工程类,37.9,中等适配,2026国考职位表/中央机关及直属机构口径（第三方镜像）,153.0,0.0,153.0,0.0,0.0,0.0,100.0,0.0,0.0,主要靠专业大类/门类岗位,税务系统(118)；公安/移民/基层执法(27)；海关/边检(10)；交通海事民航铁路(5)；统计调查(3)；市场监管/知识产权(1),339.0,115.05,103.0,1.0,0.7,126.0,16.0,10.5,70.09,26.0,17.0,70.59,110.0,71.9,129.69,21.0,174.0,0.0,174.0,medium,升学后中等潜力,主要来自专业类/学科门类宽口径匹配，报考前必须核官方专业目录。,可以考，但院校层级优势有限，更依赖岗位地区和限制条件。,可作为备选路径，适合叠加党员、基层项目、应届身份等条件。,可作为基层备选，但要靠地域、应届和限制条件放大机会。,上海出入境边防检查总站|上海市公安局特勤局|中国民用航空局华东地区管理局|中国法学会|公安部|内蒙古出入境边防检查总站|北京市公安局特勤局|北京铁路公安局,一级主任科员及以下|一级行政执法员|一级行政执法员（一）|一级行政执法员（七）|一级行政执法员（三）|一级行政执法员（九）|一级行政执法员（二）|一级行政执法员（五）
083001,生物工程,本科(普通),,本科,工学,生物工程类,53.4,中等适配,2026国考职位表/中央机关及直属机构口径（第三方镜像）,105.0,72.0,33.0,0.0,0.0,68.6,31.4,0.0,0.0,以对口岗位为主,海关/边检(82)；公安/移民/基层执法(28)；交通海事民航铁路(6)；统计调查(3),163.0,135.13,63.0,1.0,1.0,22.57,14.0,13.3,22.57,21.0,20.0,163.53,69.0,65.7,218.22,29.0,134.0,79.0,55.0,medium,升学后中等潜力,存在专业代码或专业名称精确匹配，并有直接学历兼容岗位。,可以考，但院校层级优势有限，更依赖岗位地区和限制条件。,可作为备选路径，适合叠加党员、基层项目、应届身份等条件。,可作为基层备选，但要靠地域、应届和限制条件放大机会。,上海出入境边防检查总站|上海市公安局特勤局|中国民用航空局华东地区管理局|中国法学会|公安部|内蒙古出入境边防检查总站|农业农村部|北京市公安局特勤局,一级主任科员及以下|一级主任科员及以下（英语三）|一级行政执法员（三）|一级警长及以下（一）|一级警长及以下（七）|一级警长及以下（五）|一级警长及以下（八）|一级警长及以下（六）
083002T,生物制药,本科(普通),,本科,工学,生物工程类,29.0,弱适配,2026国考职位表/中央机关及直属机构口径（第三方镜像）,43.0,0.0,43.0,0.0,0.0,0.0,100.0,0.0,0.0,主要靠专业大类/门类岗位,公安/移民/基层执法(27)；海关/边检(22)；交通海事民航铁路(5)；统计调查(3),66.0,95.53,13.0,0.0,0.0,,13.0,30.2,14.54,16.0,37.2,81.03,14.0,32.6,210.75,24.0,67.0,2.0,65.0,limited,升学后中等潜力,主要来自专业类/学科门类宽口径匹配，报考前必须核官方专业目录。,可以考，但院校层级优势有限，更依赖岗位地区和限制条件。,岗位窗口较窄，建议只作为就业备选项。,不适合作为普通应用院校的考公主卖点。,上海出入境边防检查总站|上海市公安局特勤局|中国民用航空局华东地区管理局|中国法学会|公安部|内蒙古出入境边防检查总站|北京市公安局特勤局|北京铁路公安局,一级主任科员及以下|一级行政执法员（三）|一级警长及以下（一）|一级警长及以下（七）|一级警长及以下（五）|一级警长及以下（八）|一级警长及以下（六）|业务处室一级主任科员及以下
083003T,合成生物学,本科(普通),,本科,工学,生物工程类,28.9,弱适配,2026国考职位表/中央机关及直属机构口径（第三方镜像）,43.0,0.0,43.0,0.0,0.0,0.0,100.0,0.0,0.0,主要靠专业大类/门类岗位,公安/移民/基层执法(27)；海关/边检(22)；交通海事民航铁路(5)；统计调查(3),66.0,95.53,13.0,0.0,0.0,,13.0,30.2,14.54,16.0,37.2,81.03,14.0,32.6,210.75,22.0,65.0,0.0,65.0,limited,升学后中等潜力,主要来自专业类/学科门类宽口径匹配，报考前必须核官方专业目录。,可以考，但院校层级优势有限，更依赖岗位地区和限制条件。,岗位窗口较窄，建议只作为就业备选项。,不适合作为普通应用院校的考公主卖点。,上海出入境边防检查总站|上海市公安局特勤局|中国民用航空局华东地区管理局|中国法学会|公安部|内蒙古出入境边防检查总站|北京市公安局特勤局|北京铁路公安局,一级主任科员及以下|一级警长及以下（一）|一级警长及以下（七）|一级警长及以下（五）|一级警长及以下（八）|一级警长及以下（六）|业务处室一级主任科员及以下|业务处室一级主任科员及以下1
083101K,刑事科学技术,本科(普通),,本科,工学,公安技术类,40.5,中等适配,2026国考职位表/中央机关及直属机构口径（第三方镜像）,57.0,4.0,53.0,0.0,0.0,7.0,93.0,0.0,0.0,主要靠专业大类/门类岗位,公安/移民/基层执法(30)；财政审计金融监管(24)；海关/边检(13)；交通海事民航铁路(4)；统计调查(3),98.0,64.71,17.0,0.0,0.0,,17.0,29.8,109.71,39.0,68.4,89.62,1.0,1.8,168.0,18.0,77.0,5.0,72.0,limited,升学后中等潜力,存在专业代码或专业名称精确匹配，并有直接学历兼容岗位。,可以考，但院校层级优势有限，更依赖岗位地区和限制条件。,可作为备选路径，适合叠加党员、基层项目、应届身份等条件。,可作为基层备选，但要靠地域、应届和限制条件放大机会。,上海出入境边防检查总站|上海市公安局特勤局|中国人民银行四川省分行|中国人民银行宁夏回族自治区分行|中国人民银行广东省分行|中国人民银行广西壮族自治区分行|中国人民银行新疆维吾尔自治区分行|中国人民银行河北省分行,一级主任科员及以下|一级警长及以下（一）|一级警长及以下（七）|一级警长及以下（五）|一级警长及以下（八）|一级警长及以下（六）|业务处室一级主任科员及以下|业务处室一级主任科员及以下1
083102K,消防工程,本科(普通),,本科,工学,公安技术类,35.5,中等适配,2026国考职位表/中央机关及直属机构口径（第三方镜像）,55.0,2.0,53.0,0.0,0.0,3.6,96.4,0.0,0.0,主要靠专业大类/门类岗位,公安/移民/基层执法(26)；财政审计金融监管(24)；海关/边检(9)；交通海事民航铁路(4)；统计调查(3),74.0,92.38,17.0,2.0,3.6,165.67,17.0,30.9,109.71,35.0,63.6,98.51,1.0,1.8,168.0,18.0,74.0,2.0,72.0,limited,升学后中等潜力,存在专业代码或专业名称精确匹配，并有直接学历兼容岗位。,可以考，但院校层级优势有限，更依赖岗位地区和限制条件。,可作为备选路径，适合叠加党员、基层项目、应届身份等条件。,可作为基层备选，但要靠地域、应届和限制条件放大机会。,上海出入境边防检查总站|上海市公安局特勤局|中国人民银行四川省分行|中国人民银行宁夏回族自治区分行|中国人民银行广东省分行|中国人民银行广西壮族自治区分行|中国人民银行新疆维吾尔自治区分行|中国人民银行河北省分行,一级主任科员及以下|一级警长及以下（一）|一级警长及以下（七）|一级警长及以下（五）|一级警长及以下（八）|一级警长及以下（六）|业务处室一级主任科员及以下|业务处室一级主任科员及以下1
083103TK,交通管理工程,本科(普通),,本科,工学,公安技术类,40.5,中等适配,2026国考职位表/中央机关及直属机构口径（第三方镜像）,57.0,4.0,53.0,0.0,0.0,7.0,93.0,0.0,0.0,主要靠专业大类/门类岗位,公安/移民/基层执法(30)；财政审计金融监管(24)；海关/边检(13)；交通海事民航铁路(4)；统计调查(3),98.0,64.71,17.0,0.0,0.0,,17.0,29.8,109.71,39.0,68.4,89.62,1.0,1.8,168.0,18.0,76.0,4.0,72.0,limited,升学后中等潜力,存在专业代码或专业名称精确匹配，并有直接学历兼容岗位。,可以考，但院校层级优势有限，更依赖岗位地区和限制条件。,可作为备选路径，适合叠加党员、基层项目、应届身份等条件。,可作为基层备选，但要靠地域、应届和限制条件放大机会。,上海出入境边防检查总站|上海市公安局特勤局|中国人民银行四川省分行|中国人民银行宁夏回族自治区分行|中国人民银行广东省分行|中国人民银行广西壮族自治区分行|中国人民银行新疆维吾尔自治区分行|中国人民银行河北省分行,一级主任科员及以下|一级警长及以下（一）|一级警长及以下（七）|一级警长及以下（五）|一级警长及以下（八）|一级警长及以下（六）|业务处室一级主任科员及以下|业务处室一级主任科员及以下1
083104TK,安全防范工程,本科(普通),,本科,工学,公安技术类,33.4,弱适配,2026国考职位表/中央机关及直属机构口径（第三方镜像）,54.0,1.0,53.0,0.0,0.0,1.9,98.1,0.0,0.0,主要靠专业大类/门类岗位,公安/移民/基层执法(26)；财政审计金融监管(24)；海关/边检(9)；交通海事民航铁路(4)；统计调查(3),72.0,93.79,17.0,1.0,1.9,355.5,17.0,31.5,109.71,35.0,64.8,98.51,1.0,1.9,168.0,18.0,73.0,1.0,72.0,limited,升学后中等潜力,存在专业代码或专业名称精确匹配，并有直接学历兼容岗位。,可以考，但院校层级优势有限，更依赖岗位地区和限制条件。,岗位窗口较窄，建议只作为就业备选项。,不适合作为普通应用院校的考公主卖点。,上海出入境边防检查总站|上海市公安局特勤局|中国人民银行四川省分行|中国人民银行宁夏回族自治区分行|中国人民银行广东省分行|中国人民银行广西壮族自治区分行|中国人民银行新疆维吾尔自治区分行|中国人民银行河北省分行,一级主任科员及以下|一级警长及以下（一）|一级警长及以下（七）|一级警长及以下（五）|一级警长及以下（八）|一级警长及以下（六）|业务处室一级主任科员及以下|业务处室一级主任科员及以下1
083105TK,公安视听技术,本科(普通),,本科,工学,公安技术类,40.5,中等适配,2026国考职位表/中央机关及直属机构口径（第三方镜像）,57.0,4.0,53.0,0.0,0.0,7.0,93.0,0.0,0.0,主要靠专业大类/门类岗位,公安/移民/基层执法(30)；财政审计金融监管(24)；海关/边检(13)；交通海事民航铁路(4)；统计调查(3),98.0,64.71,17.0,0.0,0.0,,17.0,29.8,109.71,39.0,68.4,89.62,1.0,1.8,168.0,18.0,76.0,4.0,72.0,limited,升学后中等潜力,存在专业代码或专业名称精确匹配，并有直接学历兼容岗位。,可以考，但院校层级优势有限，更依赖岗位地区和限制条件。,可作为备选路径，适合叠加党员、基层项目、应届身份等条件。,可作为基层备选，但要靠地域、应届和限制条件放大机会。,上海出入境边防检查总站|上海市公安局特勤局|中国人民银行四川省分行|中国人民银行宁夏回族自治区分行|中国人民银行广东省分行|中国人民银行广西壮族自治区分行|中国人民银行新疆维吾尔自治区分行|中国人民银行河北省分行,一级主任科员及以下|一级警长及以下（一）|一级警长及以下（七）|一级警长及以下（五）|一级警长及以下（八）|一级警长及以下（六）|业务处室一级主任科员及以下|业务处室一级主任科员及以下1
083106TK,抢险救援指挥与技术,本科(普通),,本科,工学,公安技术类,30.0,弱适配,2026国考职位表/中央机关及直属机构口径（第三方镜像）,53.0,0.0,53.0,0.0,0.0,0.0,100.0,0.0,0.0,主要靠专业大类/门类岗位,公安/移民/基层执法(26)；财政审计金融监管(24)；海关/边检(9)；交通海事民航铁路(4)；统计调查(3),70.0,86.31,17.0,0.0,0.0,,17.0,32.1,109.71,35.0,66.0,98.51,1.0,1.9,168.0,18.0,72.0,0.0,72.0,limited,升学后中等潜力,主要来自专业类/学科门类宽口径匹配，报考前必须核官方专业目录。,可以考，但院校层级优势有限，更依赖岗位地区和限制条件。,岗位窗口较窄，建议只作为就业备选项。,不适合作为普通应用院校的考公主卖点。,上海出入境边防检查总站|上海市公安局特勤局|中国人民银行四川省分行|中国人民银行宁夏回族自治区分行|中国人民银行广东省分行|中国人民银行广西壮族自治区分行|中国人民银行新疆维吾尔自治区分行|中国人民银行河北省分行,一级主任科员及以下|一级警长及以下（一）|一级警长及以下（七）|一级警长及以下（五）|一级警长及以下（八）|一级警长及以下（六）|业务处室一级主任科员及以下|业务处室一级主任科员及以下1
083107TK,火灾勘查,本科(普通),,本科,工学,公安技术类,30.0,弱适配,2026国考职位表/中央机关及直属机构口径（第三方镜像）,53.0,0.0,53.0,0.0,0.0,0.0,100.0,0.0,0.0,主要靠专业大类/门类岗位,公安/移民/基层执法(26)；财政审计金融监管(24)；海关/边检(9)；交通海事民航铁路(4)；统计调查(3),70.0,86.31,17.0,0.0,0.0,,17.0,32.1,109.71,35.0,66.0,98.51,1.0,1.9,168.0,18.0,72.0,0.0,72.0,limited,升学后中等潜力,主要来自专业类/学科门类宽口径匹配，报考前必须核官方专业目录。,可以考，但院校层级优势有限，更依赖岗位地区和限制条件。,岗位窗口较窄，建议只作为就业备选项。,不适合作为普通应用院校的考公主卖点。,上海出入境边防检查总站|上海市公安局特勤局|中国人民银行四川省分行|中国人民银行宁夏回族自治区分行|中国人民银行广东省分行|中国人民银行广西壮族自治区分行|中国人民银行新疆维吾尔自治区分行|中国人民银行河北省分行,一级主任科员及以下|一级警长及以下（一）|一级警长及以下（七）|一级警长及以下（五）|一级警长及以下（八）|一级警长及以下（六）|业务处室一级主任科员及以下|业务处室一级主任科员及以下1
083108TK,网络安全与执法,本科(普通),,本科,工学,公安技术类,40.5,中等适配,2026国考职位表/中央机关及直属机构口径（第三方镜像）,57.0,4.0,53.0,0.0,0.0,7.0,93.0,0.0,0.0,主要靠专业大类/门类岗位,公安/移民/基层执法(30)；财政审计金融监管(24)；海关/边检(13)；交通海事民航铁路(4)；统计调查(3),98.0,64.71,17.0,0.0,0.0,,17.0,29.8,109.71,39.0,68.4,89.62,1.0,1.8,168.0,18.0,76.0,4.0,72.0,limited,升学后中等潜力,存在专业代码或专业名称精确匹配，并有直接学历兼容岗位。,可以考，但院校层级优势有限，更依赖岗位地区和限制条件。,可作为备选路径，适合叠加党员、基层项目、应届身份等条件。,可作为基层备选，但要靠地域、应届和限制条件放大机会。,上海出入境边防检查总站|上海市公安局特勤局|中国人民银行四川省分行|中国人民银行宁夏回族自治区分行|中国人民银行广东省分行|中国人民银行广西壮族自治区分行|中国人民银行新疆维吾尔自治区分行|中国人民银行河北省分行,一级主任科员及以下|一级警长及以下（一）|一级警长及以下（七）|一级警长及以下（五）|一级警长及以下（八）|一级警长及以下（六）|业务处室一级主任科员及以下|业务处室一级主任科员及以下1
083109TK,核生化消防,本科(普通),,本科,工学,公安技术类,30.0,弱适配,2026国考职位表/中央机关及直属机构口径（第三方镜像）,53.0,0.0,53.0,0.0,0.0,0.0,100.0,0.0,0.0,主要靠专业大类/门类岗位,公安/移民/基层执法(26)；财政审计金融监管(24)；海关/边检(9)；交通海事民航铁路(4)；统计调查(3),70.0,86.31,17.0,0.0,0.0,,17.0,32.1,109.71,35.0,66.0,98.51,1.0,1.9,168.0,18.0,72.0,0.0,72.0,limited,升学后中等潜力,主要来自专业类/学科门类宽口径匹配，报考前必须核官方专业目录。,可以考，但院校层级优势有限，更依赖岗位地区和限制条件。,岗位窗口较窄，建议只作为就业备选项。,不适合作为普通应用院校的考公主卖点。,上海出入境边防检查总站|上海市公安局特勤局|中国人民银行四川省分行|中国人民银行宁夏回族自治区分行|中国人民银行广东省分行|中国人民银行广西壮族自治区分行|中国人民银行新疆维吾尔自治区分行|中国人民银行河北省分行,一级主任科员及以下|一级警长及以下（一）|一级警长及以下（七）|一级警长及以下（五）|一级警长及以下（八）|一级警长及以下（六）|业务处室一级主任科员及以下|业务处室一级主任科员及以下1
083110TK,海警舰艇指挥与技术,本科(普通),,本科,工学,公安技术类,30.0,弱适配,2026国考职位表/中央机关及直属机构口径（第三方镜像）,53.0,0.0,53.0,0.0,0.0,0.0,100.0,0.0,0.0,主要靠专业大类/门类岗位,公安/移民/基层执法(26)；财政审计金融监管(24)；海关/边检(9)；交通海事民航铁路(4)；统计调查(3),70.0,86.31,17.0,0.0,0.0,,17.0,32.1,109.71,35.0,66.0,98.51,1.0,1.9,168.0,18.0,72.0,0.0,72.0,limited,升学后中等潜力,主要来自专业类/学科门类宽口径匹配，报考前必须核官方专业目录。,可以考，但院校层级优势有限，更依赖岗位地区和限制条件。,岗位窗口较窄，建议只作为就业备选项。,不适合作为普通应用院校的考公主卖点。,上海出入境边防检查总站|上海市公安局特勤局|中国人民银行四川省分行|中国人民银行宁夏回族自治区分行|中国人民银行广东省分行|中国人民银行广西壮族自治区分行|中国人民银行新疆维吾尔自治区分行|中国人民银行河北省分行,一级主任科员及以下|一级警长及以下（一）|一级警长及以下（七）|一级警长及以下（五）|一级警长及以下（八）|一级警长及以下（六）|业务处室一级主任科员及以下|业务处室一级主任科员及以下1
083111TK,数据警务技术,本科(普通),,本科,工学,公安技术类,30.0,弱适配,2026国考职位表/中央机关及直属机构口径（第三方镜像）,53.0,0.0,53.0,0.0,0.0,0.0,100.0,0.0,0.0,主要靠专业大类/门类岗位,公安/移民/基层执法(26)；财政审计金融监管(24)；海关/边检(9)；交通海事民航铁路(4)；统计调查(3),70.0,86.31,17.0,0.0,0.0,,17.0,32.1,109.71,35.0,66.0,98.51,1.0,1.9,168.0,18.0,72.0,0.0,72.0,limited,升学后中等潜力,主要来自专业类/学科门类宽口径匹配，报考前必须核官方专业目录。,可以考，但院校层级优势有限，更依赖岗位地区和限制条件。,岗位窗口较窄，建议只作为就业备选项。,不适合作为普通应用院校的考公主卖点。,上海出入境边防检查总站|上海市公安局特勤局|中国人民银行四川省分行|中国人民银行宁夏回族自治区分行|中国人民银行广东省分行|中国人民银行广西壮族自治区分行|中国人民银行新疆维吾尔自治区分行|中国人民银行河北省分行,一级主任科员及以下|一级警长及以下（一）|一级警长及以下（七）|一级警长及以下（五）|一级警长及以下（八）|一级警长及以下（六）|业务处室一级主任科员及以下|业务处室一级主任科员及以下1
083112TK,食品药品环境犯罪侦查技术,本科(普通),,本科,工学,公安技术类,30.0,弱适配,2026国考职位表/中央机关及直属机构口径（第三方镜像）,53.0,0.0,53.0,0.0,0.0,0.0,100.0,0.0,0.0,主要靠专业大类/门类岗位,公安/移民/基层执法(26)；财政审计金融监管(24)；海关/边检(9)；交通海事民航铁路(4)；统计调查(3),70.0,86.31,17.0,0.0,0.0,,17.0,32.1,109.71,35.0,66.0,98.51,1.0,1.9,168.0,18.0,72.0,0.0,72.0,limited,升学后中等潜力,主要来自专业类/学科门类宽口径匹配，报考前必须核官方专业目录。,可以考，但院校层级优势有限，更依赖岗位地区和限制条件。,岗位窗口较窄，建议只作为就业备选项。,不适合作为普通应用院校的考公主卖点。,上海出入境边防检查总站|上海市公安局特勤局|中国人民银行四川省分行|中国人民银行宁夏回族自治区分行|中国人民银行广东省分行|中国人民银行广西壮族自治区分行|中国人民银行新疆维吾尔自治区分行|中国人民银行河北省分行,一级主任科员及以下|一级警长及以下（一）|一级警长及以下（七）|一级警长及以下（五）|一级警长及以下（八）|一级警长及以下（六）|业务处室一级主任科员及以下|业务处室一级主任科员及以下1
090101,农学,本科(普通),,本科,农学,植物生产类,59.7,较强适配,2026国考职位表/中央机关及直属机构口径（第三方镜像）,208.0,118.0,90.0,0.0,0.0,56.7,43.3,0.0,0.0,以对口岗位为主,海关/边检(185)；公安/移民/基层执法(55)；统计调查(5)；交通海事民航铁路(1)；党政综合/办公厅(1),319.0,150.73,127.0,1.0,0.5,619.0,15.0,7.2,18.47,51.0,24.5,220.73,141.0,67.8,190.12,28.0,236.0,145.0,91.0,medium,升学后中等潜力,存在专业代码或专业名称精确匹配，并有直接学历兼容岗位。,可以考，但院校层级优势有限，更依赖岗位地区和限制条件。,区域重点/特色院校可重点面向省市县税务、执法、市场监管和事业单位路径。,应用本科可走县区基层、行政执法和地方单位，学校层级不宜夸大。,上海市公安局特勤局|中央直属机关事务管理局|云南省气象局|公安部|农业农村部|北京市公安局特勤局|南京海关|南宁海关,一级主任科员及以下|一级警长及以下（一）|一级警长及以下（七）|一级警长及以下（五）|一级警长及以下（八）|一级警长及以下（六）|乌鲁木齐出入境边防检查站一级警长及以下（一）|伊尔克什坦出入境边防检查站一级警长及以下（一）
090102,园艺,本科(普通),,本科,农学,植物生产类,44.8,中等适配,2026国考职位表/中央机关及直属机构口径（第三方镜像）,121.0,15.0,106.0,0.0,0.0,12.4,87.6,0.0,0.0,主要靠专业大类/门类岗位,海关/边检(102)；公安/移民/基层执法(17)；统计调查(4)；交通海事民航铁路(1)；党政综合/办公厅(1),172.0,130.94,83.0,1.0,0.8,619.0,13.0,10.7,14.54,9.0,7.4,142.39,98.0,81.0,164.71,1.0,122.0,15.0,107.0,medium,升学后弱潜力,存在专业代码或专业名称精确匹配，并有直接学历兼容岗位。,可以考，但院校层级优势有限，更依赖岗位地区和限制条件。,可作为备选路径，适合叠加党员、基层项目、应届身份等条件。,可作为基层备选，但要靠地域、应届和限制条件放大机会。,上海市公安局特勤局|中央直属机关事务管理局|公安部|北京市公安局特勤局|南宁海关|哈尔滨海关|哈尔滨铁路公安局|国家发展和改革委员会,一级主任科员及以下|一级警长及以下（一）|一级警长及以下（七）|一级警长及以下（五）|一级警长及以下（八）|一级警长及以下（六）|动植物检疫一级行政执法员|动植物检疫一级行政执法员（一）
090103,植物保护,本科(普通),,本科,农学,植物生产类,59.7,较强适配,2026国考职位表/中央机关及直属机构口径（第三方镜像）,212.0,146.0,66.0,0.0,0.0,68.9,31.1,0.0,0.0,以对口岗位为主,海关/边检(187)；公安/移民/基层执法(17)；统计调查(4)；生态环境/自然资源/农业水利(2)；交通海事民航铁路(1)；党政综合/办公厅(1),271.0,154.47,157.0,1.0,0.5,619.0,17.0,8.0,25.06,17.0,8.0,288.32,177.0,83.5,174.74,7.0,219.0,152.0,67.0,medium,升学后弱潜力,存在专业代码或专业名称精确匹配，并有直接学历兼容岗位。,可以考，但院校层级优势有限，更依赖岗位地区和限制条件。,区域重点/特色院校可重点面向省市县税务、执法、市场监管和事业单位路径。,应用本科可走县区基层、行政执法和地方单位，学校层级不宜夸大。,上海市公安局特勤局|上海海关|东北虎豹国家公园管理局|中央直属机关事务管理局|乌鲁木齐海关|云南省气象局|公安部|兰州海关,一级主任科员及以下|一级警长及以下（一）|一级警长及以下（七）|一级警长及以下（五）|一级警长及以下（八）|一级警长及以下（六）|业务管理科一级主任科员及以下|办公室三级主任科员及以下
090104,植物科学与技术,本科(普通),,本科,农学,植物生产类,56.1,较强适配,2026国考职位表/中央机关及直属机构口径（第三方镜像）,199.0,93.0,106.0,0.0,0.0,46.7,53.3,0.0,0.0,以对口岗位为主,海关/边检(180)；公安/移民/基层执法(17)；统计调查(4)；交通海事民航铁路(1)；党政综合/办公厅(1),258.0,152.88,149.0,1.0,0.5,619.0,15.0,7.5,18.47,17.0,8.5,288.32,166.0,83.4,172.66,1.0,200.0,93.0,107.0,medium,升学后弱潜力,存在专业代码或专业名称精确匹配，并有直接学历兼容岗位。,可以考，但院校层级优势有限，更依赖岗位地区和限制条件。,区域重点/特色院校可重点面向省市县税务、执法、市场监管和事业单位路径。,应用本科可走县区基层、行政执法和地方单位，学校层级不宜夸大。,上海市公安局特勤局|上海海关|中央直属机关事务管理局|乌鲁木齐海关|公安部|兰州海关|北京市公安局特勤局|南京海关,一级主任科员及以下|一级警长及以下（一）|一级警长及以下（七）|一级警长及以下（五）|一级警长及以下（八）|一级警长及以下（六）|动植物检疫一级行政执法员|动植物检疫一级行政执法员（一）
090105,种子科学与工程,本科(普通),,本科,农学,植物生产类,44.9,中等适配,2026国考职位表/中央机关及直属机构口径（第三方镜像）,121.0,15.0,106.0,0.0,0.0,12.4,87.6,0.0,0.0,主要靠专业大类/门类岗位,海关/边检(102)；公安/移民/基层执法(17)；统计调查(4)；交通海事民航铁路(1)；党政综合/办公厅(1),175.0,137.33,84.0,1.0,0.8,619.0,14.0,11.6,15.71,11.0,9.1,141.41,95.0,78.5,181.3,1.0,122.0,15.0,107.0,medium,升学后弱潜力,存在专业代码或专业名称精确匹配，并有直接学历兼容岗位。,可以考，但院校层级优势有限，更依赖岗位地区和限制条件。,可作为备选路径，适合叠加党员、基层项目、应届身份等条件。,可作为基层备选，但要靠地域、应届和限制条件放大机会。,上海市公安局特勤局|中央直属机关事务管理局|公安部|兰州海关|北京市公安局特勤局|南宁海关|南昌海关|哈尔滨海关,一级主任科员及以下|一级警长及以下（一）|一级警长及以下（七）|一级警长及以下（五）|一级警长及以下（八）|一级警长及以下（六）|动植物检疫二级主办及以下|动植物检疫二级主办及以下（一）
090106,设施农业科学与工程,本科(普通),,本科,农学,植物生产类,30.9,弱适配,2026国考职位表/中央机关及直属机构口径（第三方镜像）,106.0,0.0,106.0,0.0,0.0,0.0,100.0,0.0,0.0,主要靠专业大类/门类岗位,海关/边检(87)；公安/移民/基层执法(17)；统计调查(4)；交通海事民航铁路(1)；党政综合/办公厅(1),157.0,129.95,73.0,1.0,0.9,619.0,13.0,12.3,14.54,9.0,8.5,142.39,83.0,78.3,168.93,1.0,107.0,0.0,107.0,medium,升学后弱潜力,主要来自专业类/学科门类宽口径匹配，报考前必须核官方专业目录。,可以考，但院校层级优势有限，更依赖岗位地区和限制条件。,岗位窗口较窄，建议只作为就业备选项。,不适合作为普通应用院校的考公主卖点。,上海市公安局特勤局|中央直属机关事务管理局|公安部|北京市公安局特勤局|南宁海关|哈尔滨海关|哈尔滨铁路公安局|国家发展和改革委员会,一级主任科员及以下|一级警长及以下（一）|一级警长及以下（七）|一级警长及以下（五）|一级警长及以下（八）|一级警长及以下（六）|动植物检疫二级主办及以下|动植物检疫二级主办及以下（一）
090107T,茶学,本科(普通),,本科,农学,植物生产类,38.8,中等适配,2026国考职位表/中央机关及直属机构口径（第三方镜像）,110.0,4.0,106.0,0.0,0.0,3.6,96.4,0.0,0.0,主要靠专业大类/门类岗位,海关/边检(91)；公安/移民/基层执法(17)；统计调查(4)；交通海事民航铁路(1)；党政综合/办公厅(1),161.0,129.55,76.0,1.0,0.9,619.0,13.0,11.8,14.54,9.0,8.2,142.39,87.0,79.1,166.4,1.0,111.0,4.0,107.0,medium,升学后弱潜力,存在专业代码或专业名称精确匹配，并有直接学历兼容岗位。,可以考，但院校层级优势有限，更依赖岗位地区和限制条件。,可作为备选路径，适合叠加党员、基层项目、应届身份等条件。,可作为基层备选，但要靠地域、应届和限制条件放大机会。,上海市公安局特勤局|中央直属机关事务管理局|公安部|北京市公安局特勤局|南宁海关|哈尔滨海关|哈尔滨铁路公安局|国家发展和改革委员会,一级主任科员及以下|一级警长及以下（一）|一级警长及以下（七）|一级警长及以下（五）|一级警长及以下（八）|一级警长及以下（六）|动植物检疫二级主办及以下|动植物检疫二级主办及以下（一）
090108T,烟草,本科(普通),,本科,农学,植物生产类,30.9,弱适配,2026国考职位表/中央机关及直属机构口径（第三方镜像）,106.0,0.0,106.0,0.0,0.0,0.0,100.0,0.0,0.0,主要靠专业大类/门类岗位,海关/边检(87)；公安/移民/基层执法(17)；统计调查(4)；交通海事民航铁路(1)；党政综合/办公厅(1),157.0,129.95,73.0,1.0,0.9,619.0,13.0,12.3,14.54,9.0,8.5,142.39,83.0,78.3,168.93,1.0,107.0,0.0,107.0,medium,升学后弱潜力,主要来自专业类/学科门类宽口径匹配，报考前必须核官方专业目录。,可以考，但院校层级优势有限，更依赖岗位地区和限制条件。,岗位窗口较窄，建议只作为就业备选项。,不适合作为普通应用院校的考公主卖点。,上海市公安局特勤局|中央直属机关事务管理局|公安部|北京市公安局特勤局|南宁海关|哈尔滨海关|哈尔滨铁路公安局|国家发展和改革委员会,一级主任科员及以下|一级警长及以下（一）|一级警长及以下（七）|一级警长及以下（五）|一级警长及以下（八）|一级警长及以下（六）|动植物检疫二级主办及以下|动植物检疫二级主办及以下（一）
090109T,应用生物科学,本科(普通),,本科,农学,植物生产类,43.3,中等适配,2026国考职位表/中央机关及直属机构口径（第三方镜像）,117.0,11.0,106.0,0.0,0.0,9.4,90.6,0.0,0.0,主要靠专业大类/门类岗位,海关/边检(98)；公安/移民/基层执法(17)；统计调查(4)；交通海事民航铁路(1)；党政综合/办公厅(1),168.0,131.63,82.0,1.0,0.9,619.0,13.0,11.1,14.54,9.0,7.7,142.39,94.0,80.3,167.37,1.0,118.0,11.0,107.0,medium,升学后弱潜力,存在专业代码或专业名称精确匹配，并有直接学历兼容岗位。,可以考，但院校层级优势有限，更依赖岗位地区和限制条件。,可作为备选路径，适合叠加党员、基层项目、应届身份等条件。,可作为基层备选，但要靠地域、应届和限制条件放大机会。,上海市公安局特勤局|中央直属机关事务管理局|公安部|北京市公安局特勤局|南宁海关|哈尔滨海关|哈尔滨铁路公安局|国家发展和改革委员会,一级主任科员及以下|一级警长及以下（一）|一级警长及以下（七）|一级警长及以下（五）|一级警长及以下（八）|一级警长及以下（六）|动植物检疫一级行政执法员|动植物检疫一级行政执法员（一）
090110T,农艺教育,本科(普通),,本科,农学,植物生产类,30.9,弱适配,2026国考职位表/中央机关及直属机构口径（第三方镜像）,106.0,0.0,106.0,0.0,0.0,0.0,100.0,0.0,0.0,主要靠专业大类/门类岗位,海关/边检(87)；公安/移民/基层执法(17)；统计调查(4)；交通海事民航铁路(1)；党政综合/办公厅(1),157.0,129.95,73.0,1.0,0.9,619.0,13.0,12.3,14.54,9.0,8.5,142.39,83.0,78.3,168.93,1.0,107.0,0.0,107.0,medium,升学后弱潜力,主要来自专业类/学科门类宽口径匹配，报考前必须核官方专业目录。,可以考，但院校层级优势有限，更依赖岗位地区和限制条件。,岗位窗口较窄，建议只作为就业备选项。,不适合作为普通应用院校的考公主卖点。,上海市公安局特勤局|中央直属机关事务管理局|公安部|北京市公安局特勤局|南宁海关|哈尔滨海关|哈尔滨铁路公安局|国家发展和改革委员会,一级主任科员及以下|一级警长及以下（一）|一级警长及以下（七）|一级警长及以下（五）|一级警长及以下（八）|一级警长及以下（六）|动植物检疫二级主办及以下|动植物检疫二级主办及以下（一）
090111T,园艺教育,本科(普通),,本科,农学,植物生产类,30.9,弱适配,2026国考职位表/中央机关及直属机构口径（第三方镜像）,106.0,0.0,106.0,0.0,0.0,0.0,100.0,0.0,0.0,主要靠专业大类/门类岗位,海关/边检(87)；公安/移民/基层执法(17)；统计调查(4)；交通海事民航铁路(1)；党政综合/办公厅(1),157.0,129.95,73.0,1.0,0.9,619.0,13.0,12.3,14.54,9.0,8.5,142.39,83.0,78.3,168.93,1.0,107.0,0.0,107.0,medium,升学后弱潜力,主要来自专业类/学科门类宽口径匹配，报考前必须核官方专业目录。,可以考，但院校层级优势有限，更依赖岗位地区和限制条件。,岗位窗口较窄，建议只作为就业备选项。,不适合作为普通应用院校的考公主卖点。,上海市公安局特勤局|中央直属机关事务管理局|公安部|北京市公安局特勤局|南宁海关|哈尔滨海关|哈尔滨铁路公安局|国家发展和改革委员会,一级主任科员及以下|一级警长及以下（一）|一级警长及以下（七）|一级警长及以下（五）|一级警长及以下（八）|一级警长及以下（六）|动植物检疫二级主办及以下|动植物检疫二级主办及以下（一）
090112T,智慧农业,本科(普通),,本科,农学,植物生产类,30.9,弱适配,2026国考职位表/中央机关及直属机构口径（第三方镜像）,106.0,0.0,106.0,0.0,0.0,0.0,100.0,0.0,0.0,主要靠专业大类/门类岗位,海关/边检(87)；公安/移民/基层执法(17)；统计调查(4)；交通海事民航铁路(1)；党政综合/办公厅(1),157.0,129.95,73.0,1.0,0.9,619.0,13.0,12.3,14.54,9.0,8.5,142.39,83.0,78.3,168.93,1.0,107.0,0.0,107.0,medium,升学后弱潜力,主要来自专业类/学科门类宽口径匹配，报考前必须核官方专业目录。,可以考，但院校层级优势有限，更依赖岗位地区和限制条件。,岗位窗口较窄，建议只作为就业备选项。,不适合作为普通应用院校的考公主卖点。,上海市公安局特勤局|中央直属机关事务管理局|公安部|北京市公安局特勤局|南宁海关|哈尔滨海关|哈尔滨铁路公安局|国家发展和改革委员会,一级主任科员及以下|一级警长及以下（一）|一级警长及以下（七）|一级警长及以下（五）|一级警长及以下（八）|一级警长及以下（六）|动植物检疫二级主办及以下|动植物检疫二级主办及以下（一）
090113T,菌物科学与工程,本科(普通),,本科,农学,植物生产类,30.9,弱适配,2026国考职位表/中央机关及直属机构口径（第三方镜像）,106.0,0.0,106.0,0.0,0.0,0.0,100.0,0.0,0.0,主要靠专业大类/门类岗位,海关/边检(87)；公安/移民/基层执法(17)；统计调查(4)；交通海事民航铁路(1)；党政综合/办公厅(1),157.0,129.95,73.0,1.0,0.9,619.0,13.0,12.3,14.54,9.0,8.5,142.39,83.0,78.3,168.93,1.0,107.0,0.0,107.0,medium,升学后弱潜力,主要来自专业类/学科门类宽口径匹配，报考前必须核官方专业目录。,可以考，但院校层级优势有限，更依赖岗位地区和限制条件。,岗位窗口较窄，建议只作为就业备选项。,不适合作为普通应用院校的考公主卖点。,上海市公安局特勤局|中央直属机关事务管理局|公安部|北京市公安局特勤局|南宁海关|哈尔滨海关|哈尔滨铁路公安局|国家发展和改革委员会,一级主任科员及以下|一级警长及以下（一）|一级警长及以下（七）|一级警长及以下（五）|一级警长及以下（八）|一级警长及以下（六）|动植物检疫二级主办及以下|动植物检疫二级主办及以下（一）
090114T,农药化肥,本科(普通),,本科,农学,植物生产类,30.9,弱适配,2026国考职位表/中央机关及直属机构口径（第三方镜像）,106.0,0.0,106.0,0.0,0.0,0.0,100.0,0.0,0.0,主要靠专业大类/门类岗位,海关/边检(87)；公安/移民/基层执法(17)；统计调查(4)；交通海事民航铁路(1)；党政综合/办公厅(1),157.0,129.95,73.0,1.0,0.9,619.0,13.0,12.3,14.54,9.0,8.5,142.39,83.0,78.3,168.93,1.0,107.0,0.0,107.0,medium,升学后弱潜力,主要来自专业类/学科门类宽口径匹配，报考前必须核官方专业目录。,可以考，但院校层级优势有限，更依赖岗位地区和限制条件。,岗位窗口较窄，建议只作为就业备选项。,不适合作为普通应用院校的考公主卖点。,上海市公安局特勤局|中央直属机关事务管理局|公安部|北京市公安局特勤局|南宁海关|哈尔滨海关|哈尔滨铁路公安局|国家发展和改革委员会,一级主任科员及以下|一级警长及以下（一）|一级警长及以下（七）|一级警长及以下（五）|一级警长及以下（八）|一级警长及以下（六）|动植物检疫二级主办及以下|动植物检疫二级主办及以下（一）
090115T,生物农药科学与工程,本科(普通),,本科,农学,植物生产类,36.3,中等适配,2026国考职位表/中央机关及直属机构口径（第三方镜像）,108.0,2.0,106.0,0.0,0.0,1.9,98.1,0.0,0.0,主要靠专业大类/门类岗位,海关/边检(89)；公安/移民/基层执法(17)；统计调查(4)；交通海事民航铁路(1)；党政综合/办公厅(1),159.0,130.69,75.0,1.0,0.9,619.0,13.0,12.0,14.54,9.0,8.3,142.39,85.0,78.7,169.4,1.0,109.0,2.0,107.0,medium,升学后弱潜力,存在专业代码或专业名称精确匹配，并有直接学历兼容岗位。,可以考，但院校层级优势有限，更依赖岗位地区和限制条件。,可作为备选路径，适合叠加党员、基层项目、应届身份等条件。,可作为基层备选，但要靠地域、应届和限制条件放大机会。,上海市公安局特勤局|中央直属机关事务管理局|公安部|北京市公安局特勤局|南宁海关|哈尔滨海关|哈尔滨铁路公安局|国家发展和改革委员会,一级主任科员及以下|一级警长及以下（一）|一级警长及以下（七）|一级警长及以下（五）|一级警长及以下（八）|一级警长及以下（六）|动植物检疫二级主办及以下|动植物检疫二级主办及以下（一）
090116TK,生物育种科学,本科(普通),,本科,农学,植物生产类,30.9,弱适配,2026国考职位表/中央机关及直属机构口径（第三方镜像）,106.0,0.0,106.0,0.0,0.0,0.0,100.0,0.0,0.0,主要靠专业大类/门类岗位,海关/边检(87)；公安/移民/基层执法(17)；统计调查(4)；交通海事民航铁路(1)；党政综合/办公厅(1),157.0,129.95,73.0,1.0,0.9,619.0,13.0,12.3,14.54,9.0,8.5,142.39,83.0,78.3,168.93,1.0,107.0,0.0,107.0,medium,升学后弱潜力,主要来自专业类/学科门类宽口径匹配，报考前必须核官方专业目录。,可以考，但院校层级优势有限，更依赖岗位地区和限制条件。,岗位窗口较窄，建议只作为就业备选项。,不适合作为普通应用院校的考公主卖点。,上海市公安局特勤局|中央直属机关事务管理局|公安部|北京市公安局特勤局|南宁海关|哈尔滨海关|哈尔滨铁路公安局|国家发展和改革委员会,一级主任科员及以下|一级警长及以下（一）|一级警长及以下（七）|一级警长及以下（五）|一级警长及以下（八）|一级警长及以下（六）|动植物检疫二级主办及以下|动植物检疫二级主办及以下（一）
090117TK,生物育种技术,本科(普通),,本科,农学,植物生产类,30.9,弱适配,2026国考职位表/中央机关及直属机构口径（第三方镜像）,106.0,0.0,106.0,0.0,0.0,0.0,100.0,0.0,0.0,主要靠专业大类/门类岗位,海关/边检(87)；公安/移民/基层执法(17)；统计调查(4)；交通海事民航铁路(1)；党政综合/办公厅(1),157.0,129.95,73.0,1.0,0.9,619.0,13.0,12.3,14.54,9.0,8.5,142.39,83.0,78.3,168.93,1.0,107.0,0.0,107.0,medium,升学后弱潜力,主要来自专业类/学科门类宽口径匹配，报考前必须核官方专业目录。,可以考，但院校层级优势有限，更依赖岗位地区和限制条件。,岗位窗口较窄，建议只作为就业备选项。,不适合作为普通应用院校的考公主卖点。,上海市公安局特勤局|中央直属机关事务管理局|公安部|北京市公安局特勤局|南宁海关|哈尔滨海关|哈尔滨铁路公安局|国家发展和改革委员会,一级主任科员及以下|一级警长及以下（一）|一级警长及以下（七）|一级警长及以下（五）|一级警长及以下（八）|一级警长及以下（六）|动植物检疫二级主办及以下|动植物检疫二级主办及以下（一）
090201,农业资源与环境,本科(普通),,本科,农学,自然保护与环境生态类,38.1,中等适配,2026国考职位表/中央机关及直属机构口径（第三方镜像）,115.0,2.0,113.0,0.0,0.0,1.7,98.3,0.0,0.0,主要靠专业大类/门类岗位,税务系统(87)；公安/移民/基层执法(16)；海关/边检(12)；生态环境/自然资源/农业水利(2)；党政综合/办公厅(1),215.0,129.76,91.0,1.0,0.9,619.0,15.0,13.0,16.73,4.0,3.5,98.75,95.0,82.6,140.04,4.0,119.0,5.0,114.0,medium,升学后弱潜力,存在专业代码或专业名称精确匹配，并有直接学历兼容岗位。,可以考，但院校层级优势有限，更依赖岗位地区和限制条件。,可作为备选路径，适合叠加党员、基层项目、应届身份等条件。,可作为基层备选，但要靠地域、应届和限制条件放大机会。,上海市公安局特勤局|中央直属机关事务管理局|公安部|农业农村部|北京市公安局特勤局|国家发展和改革委员会|国家林业和草原局驻乌鲁木齐专员办|国家林业和草原局驻内蒙古专员办,一级主任科员及以下|一级行政执法员|一级行政执法员（一）|一级行政执法员（七）|一级行政执法员（三）|一级行政执法员（九）|一级行政执法员（二）|一级行政执法员（五）
090202,野生动物与自然保护区管理,本科(普通),,本科,农学,自然保护与环境生态类,41.7,中等适配,2026国考职位表/中央机关及直属机构口径（第三方镜像）,119.0,6.0,113.0,0.0,0.0,5.0,95.0,0.0,0.0,主要靠专业大类/门类岗位,税务系统(87)；公安/移民/基层执法(16)；海关/边检(10)；生态环境/自然资源/农业水利(5)；党政综合/办公厅(1),219.0,128.63,90.0,1.0,0.8,619.0,18.0,15.1,24.06,4.0,3.4,98.75,96.0,80.7,139.5,1.0,120.0,6.0,114.0,medium,升学后弱潜力,存在专业代码或专业名称精确匹配，并有直接学历兼容岗位。,可以考，但院校层级优势有限，更依赖岗位地区和限制条件。,可作为备选路径，适合叠加党员、基层项目、应届身份等条件。,可作为基层备选，但要靠地域、应届和限制条件放大机会。,上海市公安局特勤局|东北虎豹国家公园管理局|中央直属机关事务管理局|公安部|北京市公安局特勤局|国家发展和改革委员会|国家林业和草原局驻乌鲁木齐专员办|国家林业和草原局驻内蒙古专员办,一级主任科员及以下|一级行政执法员|一级行政执法员（一）|一级行政执法员（七）|一级行政执法员（三）|一级行政执法员（九）|一级行政执法员（二）|一级行政执法员（五）
090203,水土保持与荒漠化防治,本科(普通),,本科,农学,自然保护与环境生态类,38.4,中等适配,2026国考职位表/中央机关及直属机构口径（第三方镜像）,115.0,2.0,113.0,0.0,0.0,1.7,98.3,0.0,0.0,主要靠专业大类/门类岗位,税务系统(87)；公安/移民/基层执法(16)；海关/边检(10)；生态环境/自然资源/农业水利(3)；党政综合/办公厅(1),215.0,130.78,90.0,1.0,0.9,619.0,16.0,13.9,20.38,4.0,3.5,98.75,94.0,81.7,143.06,6.0,121.0,7.0,114.0,medium,升学后弱潜力,存在专业代码或专业名称精确匹配，并有直接学历兼容岗位。,可以考，但院校层级优势有限，更依赖岗位地区和限制条件。,可作为备选路径，适合叠加党员、基层项目、应届身份等条件。,可作为基层备选，但要靠地域、应届和限制条件放大机会。,上海市公安局特勤局|中央直属机关事务管理局|公安部|北京市公安局特勤局|国家发展和改革委员会|国家林业和草原局|国家林业和草原局驻乌鲁木齐专员办|国家林业和草原局驻内蒙古专员办,一级主任科员及以下|一级行政执法员|一级行政执法员（一）|一级行政执法员（七）|一级行政执法员（三）|一级行政执法员（九）|一级行政执法员（二）|一级行政执法员（五）
090204T,生物质科学与工程,本科(普通),,本科,农学,自然保护与环境生态类,32.1,弱适配,2026国考职位表/中央机关及直属机构口径（第三方镜像）,113.0,0.0,113.0,0.0,0.0,0.0,100.0,0.0,0.0,主要靠专业大类/门类岗位,税务系统(87)；公安/移民/基层执法(16)；海关/边检(10)；生态环境/自然资源/农业水利(2)；党政综合/办公厅(1),213.0,129.8,89.0,1.0,0.9,619.0,15.0,13.3,16.73,4.0,3.5,98.75,93.0,82.3,140.35,1.0,114.0,0.0,114.0,medium,升学后弱潜力,主要来自专业类/学科门类宽口径匹配，报考前必须核官方专业目录。,可以考，但院校层级优势有限，更依赖岗位地区和限制条件。,岗位窗口较窄，建议只作为就业备选项。,不适合作为普通应用院校的考公主卖点。,上海市公安局特勤局|中央直属机关事务管理局|公安部|北京市公安局特勤局|国家发展和改革委员会|国家林业和草原局驻乌鲁木齐专员办|国家林业和草原局驻内蒙古专员办|国家税务总局广西壮族自治区税务局,一级主任科员及以下|一级行政执法员|一级行政执法员（一）|一级行政执法员（七）|一级行政执法员（三）|一级行政执法员（九）|一级行政执法员（二）|一级行政执法员（五）
090205T,土地科学与技术,本科(普通),,本科,农学,自然保护与环境生态类,32.1,弱适配,2026国考职位表/中央机关及直属机构口径（第三方镜像）,113.0,0.0,113.0,0.0,0.0,0.0,100.0,0.0,0.0,主要靠专业大类/门类岗位,税务系统(87)；公安/移民/基层执法(16)；海关/边检(10)；生态环境/自然资源/农业水利(2)；党政综合/办公厅(1),213.0,129.8,89.0,1.0,0.9,619.0,15.0,13.3,16.73,4.0,3.5,98.75,93.0,82.3,140.35,1.0,114.0,0.0,114.0,medium,升学后弱潜力,主要来自专业类/学科门类宽口径匹配，报考前必须核官方专业目录。,可以考，但院校层级优势有限，更依赖岗位地区和限制条件。,岗位窗口较窄，建议只作为就业备选项。,不适合作为普通应用院校的考公主卖点。,上海市公安局特勤局|中央直属机关事务管理局|公安部|北京市公安局特勤局|国家发展和改革委员会|国家林业和草原局驻乌鲁木齐专员办|国家林业和草原局驻内蒙古专员办|国家税务总局广西壮族自治区税务局,一级主任科员及以下|一级行政执法员|一级行政执法员（一）|一级行政执法员（七）|一级行政执法员（三）|一级行政执法员（九）|一级行政执法员（二）|一级行政执法员（五）
090206T,湿地保护与恢复,本科(普通),,本科,农学,自然保护与环境生态类,35.4,中等适配,2026国考职位表/中央机关及直属机构口径（第三方镜像）,114.0,1.0,113.0,0.0,0.0,0.9,99.1,0.0,0.0,主要靠专业大类/门类岗位,税务系统(87)；公安/移民/基层执法(16)；海关/边检(10)；生态环境/自然资源/农业水利(3)；党政综合/办公厅(1),214.0,129.55,89.0,1.0,0.9,619.0,16.0,14.0,20.38,4.0,3.5,98.75,93.0,81.6,140.35,1.0,115.0,1.0,114.0,medium,升学后弱潜力,存在专业代码或专业名称精确匹配，并有直接学历兼容岗位。,可以考，但院校层级优势有限，更依赖岗位地区和限制条件。,可作为备选路径，适合叠加党员、基层项目、应届身份等条件。,可作为基层备选，但要靠地域、应届和限制条件放大机会。,上海市公安局特勤局|中央直属机关事务管理局|公安部|北京市公安局特勤局|国家发展和改革委员会|国家林业和草原局驻乌鲁木齐专员办|国家林业和草原局驻内蒙古专员办|国家税务总局广西壮族自治区税务局,一级主任科员及以下|一级行政执法员|一级行政执法员（一）|一级行政执法员（七）|一级行政执法员（三）|一级行政执法员（九）|一级行政执法员（二）|一级行政执法员（五）
090207TK,国家公园建设与管理,本科(普通),,本科,农学,自然保护与环境生态类,39.9,中等适配,2026国考职位表/中央机关及直属机构口径（第三方镜像）,117.0,4.0,113.0,0.0,0.0,3.4,96.6,0.0,0.0,主要靠专业大类/门类岗位,税务系统(87)；公安/移民/基层执法(16)；海关/边检(10)；生态环境/自然资源/农业水利(3)；党政综合/办公厅(1),217.0,129.32,90.0,1.0,0.9,619.0,16.0,13.7,20.38,4.0,3.4,98.75,96.0,82.1,139.5,1.0,118.0,4.0,114.0,medium,升学后弱潜力,存在专业代码或专业名称精确匹配，并有直接学历兼容岗位。,可以考，但院校层级优势有限，更依赖岗位地区和限制条件。,可作为备选路径，适合叠加党员、基层项目、应届身份等条件。,可作为基层备选，但要靠地域、应届和限制条件放大机会。,上海市公安局特勤局|东北虎豹国家公园管理局|中央直属机关事务管理局|公安部|北京市公安局特勤局|国家发展和改革委员会|国家林业和草原局驻乌鲁木齐专员办|国家林业和草原局驻内蒙古专员办,一级主任科员及以下|一级行政执法员|一级行政执法员（一）|一级行政执法员（七）|一级行政执法员（三）|一级行政执法员（九）|一级行政执法员（二）|一级行政执法员（五）
090208TK,生态修复学,本科(普通),,本科,农学,自然保护与环境生态类,32.1,弱适配,2026国考职位表/中央机关及直属机构口径（第三方镜像）,113.0,0.0,113.0,0.0,0.0,0.0,100.0,0.0,0.0,主要靠专业大类/门类岗位,税务系统(87)；公安/移民/基层执法(16)；海关/边检(10)；生态环境/自然资源/农业水利(2)；党政综合/办公厅(1),213.0,129.8,89.0,1.0,0.9,619.0,15.0,13.3,16.73,4.0,3.5,98.75,93.0,82.3,140.35,1.0,114.0,0.0,114.0,medium,升学后弱潜力,主要来自专业类/学科门类宽口径匹配，报考前必须核官方专业目录。,可以考，但院校层级优势有限，更依赖岗位地区和限制条件。,岗位窗口较窄，建议只作为就业备选项。,不适合作为普通应用院校的考公主卖点。,上海市公安局特勤局|中央直属机关事务管理局|公安部|北京市公安局特勤局|国家发展和改革委员会|国家林业和草原局驻乌鲁木齐专员办|国家林业和草原局驻内蒙古专员办|国家税务总局广西壮族自治区税务局,一级主任科员及以下|一级行政执法员|一级行政执法员（一）|一级行政执法员（七）|一级行政执法员（三）|一级行政执法员（九）|一级行政执法员（二）|一级行政执法员（五）
090301,动物科学,本科(普通),,本科,农学,动物生产类,55.1,较强适配,2026国考职位表/中央机关及直属机构口径（第三方镜像）,137.0,73.0,64.0,0.0,0.0,53.3,46.7,0.0,0.0,以对口岗位为主,海关/边检(118)；公安/移民/基层执法(18)；统计调查(4)；交通海事民航铁路(2),193.0,119.05,101.0,0.0,0.0,,14.0,10.2,15.71,16.0,11.7,106.49,107.0,78.1,165.26,2.0,139.0,73.0,66.0,medium,升学后弱潜力,存在专业代码或专业名称精确匹配，并有直接学历兼容岗位。,可以考，但院校层级优势有限，更依赖岗位地区和限制条件。,区域重点/特色院校可重点面向省市县税务、执法、市场监管和事业单位路径。,应用本科可走县区基层、行政执法和地方单位，学校层级不宜夸大。,上海市公安局特勤局|乌鲁木齐海关|公安部|北京市公安局特勤局|南宁海关|南昌海关|厦门海关|呼和浩特海关,一级主任科员及以下|一级警长及以下（一）|一级警长及以下（七）|一级警长及以下（五）|一级警长及以下（八）|一级警长及以下（六）|动植物检疫一级行政执法员|动植物检疫一级行政执法员（一）
090302T,蚕学,本科(普通),,本科,农学,动物生产类,30.4,弱适配,2026国考职位表/中央机关及直属机构口径（第三方镜像）,64.0,0.0,64.0,0.0,0.0,0.0,100.0,0.0,0.0,主要靠专业大类/门类岗位,海关/边检(45)；公安/移民/基层执法(18)；统计调查(4)；交通海事民航铁路(2),111.0,100.71,37.0,0.0,0.0,,13.0,20.3,14.54,8.0,12.5,69.77,43.0,67.2,176.5,2.0,66.0,0.0,66.0,limited,升学后弱潜力,主要来自专业类/学科门类宽口径匹配，报考前必须核官方专业目录。,可以考，但院校层级优势有限，更依赖岗位地区和限制条件。,岗位窗口较窄，建议只作为就业备选项。,不适合作为普通应用院校的考公主卖点。,上海市公安局特勤局|公安部|北京市公安局特勤局|南宁海关|哈尔滨铁路公安局|国家发展和改革委员会|国家林业和草原局|国家统计局河南调查总队,一级主任科员及以下|一级警长及以下（一）|一级警长及以下（七）|一级警长及以下（五）|一级警长及以下（八）|一级警长及以下（六）|动植物检疫四级主办及以下|动植物检疫四级主办及以下（一）
090303T,蜂学,本科(普通),,本科,农学,动物生产类,30.4,弱适配,2026国考职位表/中央机关及直属机构口径（第三方镜像）,64.0,0.0,64.0,0.0,0.0,0.0,100.0,0.0,0.0,主要靠专业大类/门类岗位,海关/边检(45)；公安/移民/基层执法(18)；统计调查(4)；交通海事民航铁路(2),111.0,100.71,37.0,0.0,0.0,,13.0,20.3,14.54,8.0,12.5,69.77,43.0,67.2,176.5,2.0,66.0,0.0,66.0,limited,升学后弱潜力,主要来自专业类/学科门类宽口径匹配，报考前必须核官方专业目录。,可以考，但院校层级优势有限，更依赖岗位地区和限制条件。,岗位窗口较窄，建议只作为就业备选项。,不适合作为普通应用院校的考公主卖点。,上海市公安局特勤局|公安部|北京市公安局特勤局|南宁海关|哈尔滨铁路公安局|国家发展和改革委员会|国家林业和草原局|国家统计局河南调查总队,一级主任科员及以下|一级警长及以下（一）|一级警长及以下（七）|一级警长及以下（五）|一级警长及以下（八）|一级警长及以下（六）|动植物检疫四级主办及以下|动植物检疫四级主办及以下（一）
090304T,经济动物学,本科(普通),,本科,农学,动物生产类,38.4,中等适配,2026国考职位表/中央机关及直属机构口径（第三方镜像）,68.0,4.0,64.0,0.0,0.0,5.9,94.1,0.0,0.0,主要靠专业大类/门类岗位,海关/边检(49)；公安/移民/基层执法(18)；统计调查(4)；交通海事民航铁路(2),115.0,100.24,39.0,0.0,0.0,,14.0,20.6,15.71,8.0,11.8,69.77,46.0,67.6,171.9,2.0,70.0,4.0,66.0,limited,升学后弱潜力,存在专业代码或专业名称精确匹配，并有直接学历兼容岗位。,可以考，但院校层级优势有限，更依赖岗位地区和限制条件。,可作为备选路径，适合叠加党员、基层项目、应届身份等条件。,可作为基层备选，但要靠地域、应届和限制条件放大机会。,上海市公安局特勤局|公安部|北京市公安局特勤局|南宁海关|哈尔滨铁路公安局|国家发展和改革委员会|国家林业和草原局|国家统计局河南调查总队,一级主任科员及以下|一级警长及以下（一）|一级警长及以下（七）|一级警长及以下（五）|一级警长及以下（八）|一级警长及以下（六）|动植物检疫四级主办及以下|动植物检疫四级主办及以下（一）
090305T,马业科学,本科(普通),,本科,农学,动物生产类,30.4,弱适配,2026国考职位表/中央机关及直属机构口径（第三方镜像）,64.0,0.0,64.0,0.0,0.0,0.0,100.0,0.0,0.0,主要靠专业大类/门类岗位,海关/边检(45)；公安/移民/基层执法(18)；统计调查(4)；交通海事民航铁路(2),111.0,100.71,37.0,0.0,0.0,,13.0,20.3,14.54,8.0,12.5,69.77,43.0,67.2,176.5,2.0,66.0,0.0,66.0,limited,升学后弱潜力,主要来自专业类/学科门类宽口径匹配，报考前必须核官方专业目录。,可以考，但院校层级优势有限，更依赖岗位地区和限制条件。,岗位窗口较窄，建议只作为就业备选项。,不适合作为普通应用院校的考公主卖点。,上海市公安局特勤局|公安部|北京市公安局特勤局|南宁海关|哈尔滨铁路公安局|国家发展和改革委员会|国家林业和草原局|国家统计局河南调查总队,一级主任科员及以下|一级警长及以下（一）|一级警长及以下（七）|一级警长及以下（五）|一级警长及以下（八）|一级警长及以下（六）|动植物检疫四级主办及以下|动植物检疫四级主办及以下（一）
090306T,饲料工程,本科(普通),,本科,农学,动物生产类,30.4,弱适配,2026国考职位表/中央机关及直属机构口径（第三方镜像）,64.0,0.0,64.0,0.0,0.0,0.0,100.0,0.0,0.0,主要靠专业大类/门类岗位,海关/边检(45)；公安/移民/基层执法(18)；统计调查(4)；交通海事民航铁路(2),111.0,100.71,37.0,0.0,0.0,,13.0,20.3,14.54,8.0,12.5,69.77,43.0,67.2,176.5,2.0,66.0,0.0,66.0,limited,升学后弱潜力,主要来自专业类/学科门类宽口径匹配，报考前必须核官方专业目录。,可以考，但院校层级优势有限，更依赖岗位地区和限制条件。,岗位窗口较窄，建议只作为就业备选项。,不适合作为普通应用院校的考公主卖点。,上海市公安局特勤局|公安部|北京市公安局特勤局|南宁海关|哈尔滨铁路公安局|国家发展和改革委员会|国家林业和草原局|国家统计局河南调查总队,一级主任科员及以下|一级警长及以下（一）|一级警长及以下（七）|一级警长及以下（五）|一级警长及以下（八）|一级警长及以下（六）|动植物检疫四级主办及以下|动植物检疫四级主办及以下（一）
090307T,智慧牧业科学与工程,本科(普通),,本科,农学,动物生产类,30.4,弱适配,2026国考职位表/中央机关及直属机构口径（第三方镜像）,64.0,0.0,64.0,0.0,0.0,0.0,100.0,0.0,0.0,主要靠专业大类/门类岗位,海关/边检(45)；公安/移民/基层执法(18)；统计调查(4)；交通海事民航铁路(2),111.0,100.71,37.0,0.0,0.0,,13.0,20.3,14.54,8.0,12.5,69.77,43.0,67.2,176.5,2.0,66.0,0.0,66.0,limited,升学后弱潜力,主要来自专业类/学科门类宽口径匹配，报考前必须核官方专业目录。,可以考，但院校层级优势有限，更依赖岗位地区和限制条件。,岗位窗口较窄，建议只作为就业备选项。,不适合作为普通应用院校的考公主卖点。,上海市公安局特勤局|公安部|北京市公安局特勤局|南宁海关|哈尔滨铁路公安局|国家发展和改革委员会|国家林业和草原局|国家统计局河南调查总队,一级主任科员及以下|一级警长及以下（一）|一级警长及以下（七）|一级警长及以下（五）|一级警长及以下（八）|一级警长及以下（六）|动植物检疫四级主办及以下|动植物检疫四级主办及以下（一）
090401,动物医学,本科(普通),,本科,农学,动物医学类,57.1,较强适配,2026国考职位表/中央机关及直属机构口径（第三方镜像）,198.0,105.0,93.0,0.0,0.0,53.0,47.0,0.0,0.0,以对口岗位为主,海关/边检(181)；公安/移民/基层执法(24)；交通海事民航铁路(4),262.0,140.32,146.0,0.0,0.0,,14.0,7.1,15.71,32.0,16.2,233.71,152.0,76.8,166.88,3.0,201.0,106.0,95.0,medium,升学后弱潜力,存在专业代码或专业名称精确匹配，并有直接学历兼容岗位。,可以考，但院校层级优势有限，更依赖岗位地区和限制条件。,区域重点/特色院校可重点面向省市县税务、执法、市场监管和事业单位路径。,应用本科可走县区基层、行政执法和地方单位，学校层级不宜夸大。,上海市公安局特勤局|上海海关|乌鲁木齐海关|乌鲁木齐铁路公安局|公安部|北京市公安局特勤局|北京铁路公安局|南京海关,一级主任科员及以下|一级警长及以下（一）|一级警长及以下（七）|一级警长及以下（五）|一级警长及以下（八）|一级警长及以下（六）|动植物检疫一级行政执法员|动植物检疫一级行政执法员（一）
090402,动物药学,本科(普通),,本科,农学,动物医学类,51.1,中等适配,2026国考职位表/中央机关及直属机构口径（第三方镜像）,127.0,34.0,93.0,0.0,0.0,26.8,73.2,0.0,0.0,主要靠专业大类/门类岗位,海关/边检(110)；公安/移民/基层执法(20)；交通海事民航铁路(4),190.0,115.26,88.0,0.0,0.0,,13.0,10.2,14.54,19.0,15.0,95.83,95.0,74.8,171.15,2.0,129.0,34.0,95.0,medium,升学后弱潜力,存在专业代码或专业名称精确匹配，并有直接学历兼容岗位。,可以考，但院校层级优势有限，更依赖岗位地区和限制条件。,可作为备选路径，适合叠加党员、基层项目、应届身份等条件。,可作为基层备选，但要靠地域、应届和限制条件放大机会。,上海市公安局特勤局|乌鲁木齐铁路公安局|公安部|北京市公安局特勤局|北京铁路公安局|南宁海关|哈尔滨海关|哈尔滨铁路公安局,一级主任科员及以下|一级警长及以下（一）|一级警长及以下（七）|一级警长及以下（五）|一级警长及以下（八）|一级警长及以下（六）|动植物检疫一级行政执法员|动植物检疫一级行政执法员（一）
090403T,动植物检疫,本科(普通),,本科,农学,动物医学类,59.6,较强适配,2026国考职位表/中央机关及直属机构口径（第三方镜像）,240.0,147.0,93.0,0.0,0.0,61.2,38.8,0.0,0.0,以对口岗位为主,海关/边检(223)；公安/移民/基层执法(20)；交通海事民航铁路(4),309.0,155.1,194.0,0.0,0.0,,14.0,5.8,15.71,31.0,12.9,220.32,195.0,81.2,188.62,2.0,242.0,147.0,95.0,medium,升学后弱潜力,存在专业代码或专业名称精确匹配，并有直接学历兼容岗位。,可以考，但院校层级优势有限，更依赖岗位地区和限制条件。,区域重点/特色院校可重点面向省市县税务、执法、市场监管和事业单位路径。,应用本科可走县区基层、行政执法和地方单位，学校层级不宜夸大。,上海市公安局特勤局|乌鲁木齐海关|乌鲁木齐铁路公安局|公安部|北京市公安局特勤局|北京铁路公安局|南京海关|南宁海关,一级主任科员及以下|一级警长及以下（一）|一级警长及以下（七）|一级警长及以下（五）|一级警长及以下（八）|一级警长及以下（六）|动植物检疫一级行政执法员|动植物检疫一级行政执法员（一）
090404T,实验动物学,本科(普通),,本科,农学,动物医学类,45.5,中等适配,2026国考职位表/中央机关及直属机构口径（第三方镜像）,111.0,18.0,93.0,0.0,0.0,16.2,83.8,0.0,0.0,主要靠专业大类/门类岗位,海关/边检(94)；公安/移民/基层执法(20)；交通海事民航铁路(4),167.0,130.32,77.0,0.0,0.0,,13.0,11.7,14.54,22.0,19.8,203.22,76.0,68.5,184.29,2.0,113.0,18.0,95.0,medium,升学后弱潜力,存在专业代码或专业名称精确匹配，并有直接学历兼容岗位。,可以考，但院校层级优势有限，更依赖岗位地区和限制条件。,可作为备选路径，适合叠加党员、基层项目、应届身份等条件。,可作为基层备选，但要靠地域、应届和限制条件放大机会。,上海市公安局特勤局|乌鲁木齐铁路公安局|公安部|北京市公安局特勤局|北京铁路公安局|南京海关|南宁海关|哈尔滨海关,一级主任科员及以下|一级警长及以下（一）|一级警长及以下（七）|一级警长及以下（五）|一级警长及以下（八）|一级警长及以下（六）|动植物检疫二级主办及以下|动植物检疫二级主办及以下（一）
090405T,中兽医学,本科(普通),,本科,农学,动物医学类,47.5,中等适配,2026国考职位表/中央机关及直属机构口径（第三方镜像）,111.0,18.0,93.0,0.0,0.0,16.2,83.8,0.0,0.0,主要靠专业大类/门类岗位,海关/边检(94)；公安/移民/基层执法(24)；交通海事民航铁路(4),173.0,108.09,72.0,0.0,0.0,,13.0,11.7,14.54,23.0,20.7,101.6,75.0,67.6,167.42,2.0,113.0,18.0,95.0,medium,升学后弱潜力,存在专业代码或专业名称精确匹配，并有直接学历兼容岗位。,可以考，但院校层级优势有限，更依赖岗位地区和限制条件。,可作为备选路径，适合叠加党员、基层项目、应届身份等条件。,可作为基层备选，但要靠地域、应届和限制条件放大机会。,上海市公安局特勤局|乌鲁木齐铁路公安局|公安部|北京市公安局特勤局|北京铁路公安局|南宁海关|南昌海关|吉林出入境边防检查总站,一级主任科员及以下|一级警长及以下（一）|一级警长及以下（七）|一级警长及以下（五）|一级警长及以下（八）|一级警长及以下（六）|动植物检疫一级行政执法员|动植物检疫二级主办及以下
090406TK,兽医公共卫生,本科(普通),,本科,农学,动物医学类,52.9,中等适配,2026国考职位表/中央机关及直属机构口径（第三方镜像）,153.0,60.0,93.0,0.0,0.0,39.2,60.8,0.0,0.0,以对口岗位为主,海关/边检(136)；公安/移民/基层执法(24)；交通海事民航铁路(4),217.0,131.2,111.0,0.0,0.0,,14.0,9.2,15.71,30.0,19.6,188.76,109.0,71.2,173.28,2.0,155.0,60.0,95.0,medium,升学后弱潜力,存在专业代码或专业名称精确匹配，并有直接学历兼容岗位。,可以考，但院校层级优势有限，更依赖岗位地区和限制条件。,可作为备选路径，适合叠加党员、基层项目、应届身份等条件。,可作为基层备选，但要靠地域、应届和限制条件放大机会。,上海市公安局特勤局|乌鲁木齐铁路公安局|公安部|北京市公安局特勤局|北京铁路公安局|南京海关|南宁海关|南昌海关,一级主任科员及以下|一级警长及以下（一）|一级警长及以下（七）|一级警长及以下（五）|一级警长及以下（八）|一级警长及以下（六）|动植物检疫一级行政执法员|动植物检疫二级主办及以下
090501,林学,本科(普通),,本科,农学,林学类,55.3,较强适配,2026国考职位表/中央机关及直属机构口径（第三方镜像）,142.0,81.0,61.0,0.0,0.0,57.0,43.0,0.0,0.0,以对口岗位为主,海关/边检(118)；公安/移民/基层执法(16)；生态环境/自然资源/农业水利(7)；党政综合/办公厅(1),181.0,131.96,97.0,2.0,1.4,496.0,21.0,14.8,26.62,4.0,2.8,98.75,115.0,81.0,164.26,15.0,157.0,88.0,69.0,medium,升学后中等潜力,存在专业代码或专业名称精确匹配，并有直接学历兼容岗位。,可以考，但院校层级优势有限，更依赖岗位地区和限制条件。,区域重点/特色院校可重点面向省市县税务、执法、市场监管和事业单位路径。,应用本科可走县区基层、行政执法和地方单位，学校层级不宜夸大。,上海市公安局特勤局|东北虎豹国家公园管理局|中央直属机关事务管理局|公安部|北京市公安局特勤局|南宁海关|南昌海关|厦门海关,一级主任科员及以下|一级警长及以下（一）|一级警长及以下（七）|一级警长及以下（五）|一级警长及以下（八）|一级警长及以下（六）|人才发展处一级主任科员及以下|修复经营处一级主任科员及以下
090502,园林,本科(普通),,本科,农学,林学类,43.2,中等适配,2026国考职位表/中央机关及直属机构口径（第三方镜像）,94.0,11.0,83.0,0.0,0.0,11.7,88.3,0.0,0.0,主要靠专业大类/门类岗位,海关/边检(75)；公安/移民/基层执法(16)；生态环境/自然资源/农业水利(5)；党政综合/办公厅(1),130.0,129.52,57.0,2.0,2.1,496.0,17.0,18.1,18.94,4.0,4.3,98.75,71.0,75.5,174.68,8.0,102.0,11.0,91.0,limited,升学后弱潜力,存在专业代码或专业名称精确匹配，并有直接学历兼容岗位。,可以考，但院校层级优势有限，更依赖岗位地区和限制条件。,可作为备选路径，适合叠加党员、基层项目、应届身份等条件。,可作为基层备选，但要靠地域、应届和限制条件放大机会。,上海市公安局特勤局|中央直属机关事务管理局|公安部|北京市公安局特勤局|南宁海关|哈尔滨海关|国家发展和改革委员会|国家林业和草原局,一级主任科员及以下|一级警长及以下（一）|一级警长及以下（七）|一级警长及以下（五）|一级警长及以下（八）|一级警长及以下（六）|人才发展处一级主任科员及以下|动植物检疫一级行政执法员
090503,森林保护,本科(普通),,本科,农学,林学类,56.3,较强适配,2026国考职位表/中央机关及直属机构口径（第三方镜像）,168.0,88.0,80.0,0.0,0.0,52.4,47.6,0.0,0.0,以对口岗位为主,海关/边检(147)；公安/移民/基层执法(16)；生态环境/自然资源/农业水利(7)；党政综合/办公厅(1),212.0,159.7,118.0,2.0,1.2,496.0,21.0,12.5,26.62,9.0,5.4,402.89,136.0,81.0,185.67,8.0,176.0,88.0,88.0,medium,升学后弱潜力,存在专业代码或专业名称精确匹配，并有直接学历兼容岗位。,可以考，但院校层级优势有限，更依赖岗位地区和限制条件。,区域重点/特色院校可重点面向省市县税务、执法、市场监管和事业单位路径。,应用本科可走县区基层、行政执法和地方单位，学校层级不宜夸大。,上海市公安局特勤局|上海海关|中央直属机关事务管理局|公安部|北京市公安局特勤局|南京海关|南宁海关|南昌海关,一级主任科员及以下|一级警长及以下（一）|一级警长及以下（七）|一级警长及以下（五）|一级警长及以下（八）|一级警长及以下（六）|人才发展处一级主任科员及以下|动植物检疫一级行政执法员
090504T,经济林,本科(普通),,本科,农学,林学类,30.8,弱适配,2026国考职位表/中央机关及直属机构口径（第三方镜像）,83.0,0.0,83.0,0.0,0.0,0.0,100.0,0.0,0.0,主要靠专业大类/门类岗位,海关/边检(64)；公安/移民/基层执法(16)；生态环境/自然资源/农业水利(5)；党政综合/办公厅(1),119.0,130.66,51.0,2.0,2.4,496.0,17.0,20.5,18.94,4.0,4.8,98.75,60.0,72.3,185.22,8.0,91.0,0.0,91.0,limited,升学后弱潜力,主要来自专业类/学科门类宽口径匹配，报考前必须核官方专业目录。,可以考，但院校层级优势有限，更依赖岗位地区和限制条件。,岗位窗口较窄，建议只作为就业备选项。,不适合作为普通应用院校的考公主卖点。,上海市公安局特勤局|中央直属机关事务管理局|公安部|北京市公安局特勤局|南宁海关|哈尔滨海关|国家发展和改革委员会|国家林业和草原局,一级主任科员及以下|一级警长及以下（一）|一级警长及以下（七）|一级警长及以下（五）|一级警长及以下（八）|一级警长及以下（六）|人才发展处一级主任科员及以下|动植物检疫二级主办及以下
090505T,智慧林业,本科(普通),,本科,农学,林学类,30.8,弱适配,2026国考职位表/中央机关及直属机构口径（第三方镜像）,83.0,0.0,83.0,0.0,0.0,0.0,100.0,0.0,0.0,主要靠专业大类/门类岗位,海关/边检(64)；公安/移民/基层执法(16)；生态环境/自然资源/农业水利(5)；党政综合/办公厅(1),119.0,130.66,51.0,2.0,2.4,496.0,17.0,20.5,18.94,4.0,4.8,98.75,60.0,72.3,185.22,8.0,91.0,0.0,91.0,limited,升学后弱潜力,主要来自专业类/学科门类宽口径匹配，报考前必须核官方专业目录。,可以考，但院校层级优势有限，更依赖岗位地区和限制条件。,岗位窗口较窄，建议只作为就业备选项。,不适合作为普通应用院校的考公主卖点。,上海市公安局特勤局|中央直属机关事务管理局|公安部|北京市公安局特勤局|南宁海关|哈尔滨海关|国家发展和改革委员会|国家林业和草原局,一级主任科员及以下|一级警长及以下（一）|一级警长及以下（七）|一级警长及以下（五）|一级警长及以下（八）|一级警长及以下（六）|人才发展处一级主任科员及以下|动植物检疫二级主办及以下
090601,水产养殖学,本科(普通),,本科,农学,水产类,51.7,中等适配,2026国考职位表/中央机关及直属机构口径（第三方镜像）,132.0,57.0,75.0,0.0,0.0,43.2,56.8,0.0,0.0,以对口岗位为主,海关/边检(116)；公安/移民/基层执法(19)；交通海事民航铁路(3),185.0,142.44,103.0,0.0,0.0,,13.0,9.8,14.54,21.0,15.9,228.91,98.0,74.2,179.32,2.0,134.0,57.0,77.0,medium,升学后弱潜力,存在专业代码或专业名称精确匹配，并有直接学历兼容岗位。,可以考，但院校层级优势有限，更依赖岗位地区和限制条件。,可作为备选路径，适合叠加党员、基层项目、应届身份等条件。,可作为基层备选，但要靠地域、应届和限制条件放大机会。,上海市公安局特勤局|乌鲁木齐海关|乌鲁木齐铁路公安局|公安部|北京市公安局特勤局|北京铁路公安局|南京海关|南宁海关,一级主任科员及以下|一级警长及以下（一）|一级警长及以下（七）|一级警长及以下（五）|一级警长及以下（八）|一级警长及以下（六）|动植物检疫一级行政执法员|动植物检疫一级行政执法员（一）
090602,海洋渔业科学与技术,本科(普通),,本科,农学,水产类,37.7,中等适配,2026国考职位表/中央机关及直属机构口径（第三方镜像）,85.0,4.0,81.0,0.0,0.0,4.7,95.3,0.0,0.0,主要靠专业大类/门类岗位,海关/边检(69)；公安/移民/基层执法(19)；交通海事民航铁路(3),133.0,123.24,58.0,0.0,0.0,,13.0,15.3,14.54,15.0,17.6,132.54,57.0,67.1,190.92,2.0,87.0,4.0,83.0,limited,升学后弱潜力,存在专业代码或专业名称精确匹配，并有直接学历兼容岗位。,可以考，但院校层级优势有限，更依赖岗位地区和限制条件。,可作为备选路径，适合叠加党员、基层项目、应届身份等条件。,可作为基层备选，但要靠地域、应届和限制条件放大机会。,上海市公安局特勤局|乌鲁木齐铁路公安局|公安部|北京市公安局特勤局|北京铁路公安局|南宁海关|国家发展和改革委员会|大连海关,一级主任科员及以下|一级警长及以下（一）|一级警长及以下（七）|一级警长及以下（五）|一级警长及以下（八）|一级警长及以下（六）|动植物检疫二级主办及以下|动植物检疫二级主办及以下（一）
090603T,水族科学与技术,本科(普通),,本科,农学,水产类,36.5,中等适配,2026国考职位表/中央机关及直属机构口径（第三方镜像）,84.0,3.0,81.0,0.0,0.0,3.6,96.4,0.0,0.0,主要靠专业大类/门类岗位,海关/边检(68)；公安/移民/基层执法(19)；交通海事民航铁路(3),132.0,120.61,57.0,0.0,0.0,,13.0,15.5,14.54,15.0,17.9,132.54,56.0,66.7,185.92,2.0,86.0,3.0,83.0,limited,升学后弱潜力,存在专业代码或专业名称精确匹配，并有直接学历兼容岗位。,可以考，但院校层级优势有限，更依赖岗位地区和限制条件。,可作为备选路径，适合叠加党员、基层项目、应届身份等条件。,可作为基层备选，但要靠地域、应届和限制条件放大机会。,上海市公安局特勤局|乌鲁木齐铁路公安局|公安部|北京市公安局特勤局|北京铁路公安局|南宁海关|国家发展和改革委员会|大连海关,一级主任科员及以下|一级警长及以下（一）|一级警长及以下（七）|一级警长及以下（五）|一级警长及以下（八）|一级警长及以下（六）|动植物检疫二级主办及以下|动植物检疫二级主办及以下（一）
090604TK,水生动物医学,本科(普通),,本科,农学,水产类,50.8,中等适配,2026国考职位表/中央机关及直属机构口径（第三方镜像）,125.0,50.0,75.0,0.0,0.0,40.0,60.0,0.0,0.0,以对口岗位为主,海关/边检(109)；公安/移民/基层执法(19)；交通海事民航铁路(3),178.0,139.96,97.0,0.0,0.0,,13.0,10.4,14.54,21.0,16.8,228.91,91.0,72.8,177.29,2.0,127.0,50.0,77.0,medium,升学后弱潜力,存在专业代码或专业名称精确匹配，并有直接学历兼容岗位。,可以考，但院校层级优势有限，更依赖岗位地区和限制条件。,可作为备选路径，适合叠加党员、基层项目、应届身份等条件。,可作为基层备选，但要靠地域、应届和限制条件放大机会。,上海市公安局特勤局|乌鲁木齐海关|乌鲁木齐铁路公安局|公安部|北京市公安局特勤局|北京铁路公安局|南京海关|南宁海关,一级主任科员及以下|一级警长及以下（一）|一级警长及以下（七）|一级警长及以下（五）|一级警长及以下（八）|一级警长及以下（六）|动植物检疫一级行政执法员|动植物检疫二级主办及以下
090701,草业科学,本科(普通),,本科,农学,草学类,40.8,中等适配,2026国考职位表/中央机关及直属机构口径（第三方镜像）,80.0,8.0,72.0,0.0,0.0,10.0,90.0,0.0,0.0,主要靠专业大类/门类岗位,海关/边检(59)；公安/移民/基层执法(16)；生态环境/自然资源/农业水利(4)；党政综合/办公厅(1),98.0,149.0,55.0,2.0,2.5,496.0,16.0,20.0,18.19,4.0,5.0,98.75,58.0,72.5,185.23,9.0,89.0,8.0,81.0,limited,升学后弱潜力,存在专业代码或专业名称精确匹配，并有直接学历兼容岗位。,可以考，但院校层级优势有限，更依赖岗位地区和限制条件。,可作为备选路径，适合叠加党员、基层项目、应届身份等条件。,可作为基层备选，但要靠地域、应届和限制条件放大机会。,上海市公安局特勤局|东北虎豹国家公园管理局|中央直属机关事务管理局|公安部|北京市公安局特勤局|南宁海关|国家发展和改革委员会|国家林业和草原局,一级主任科员及以下|一级警长及以下（一）|一级警长及以下（七）|一级警长及以下（五）|一级警长及以下（八）|一级警长及以下（六）|人才发展处一级主任科员及以下|办公室三级主任科员及以下
090702T,草坪科学与工程,本科(普通),,本科,农学,草学类,35.4,中等适配,2026国考职位表/中央机关及直属机构口径（第三方镜像）,74.0,2.0,72.0,0.0,0.0,2.7,97.3,0.0,0.0,主要靠专业大类/门类岗位,海关/边检(51)；公安/移民/基层执法(16)；生态环境/自然资源/农业水利(6)；党政综合/办公厅(1),92.0,149.43,49.0,2.0,2.7,496.0,18.0,24.3,24.44,4.0,5.4,98.75,50.0,67.6,194.8,11.0,85.0,4.0,81.0,limited,升学后弱潜力,存在专业代码或专业名称精确匹配，并有直接学历兼容岗位。,可以考，但院校层级优势有限，更依赖岗位地区和限制条件。,可作为备选路径，适合叠加党员、基层项目、应届身份等条件。,可作为基层备选，但要靠地域、应届和限制条件放大机会。,上海市公安局特勤局|东北虎豹国家公园管理局|中央直属机关事务管理局|公安部|北京市公安局特勤局|南宁海关|国家发展和改革委员会|国家林业和草原局,一级主任科员及以下|一级警长及以下（一）|一级警长及以下（七）|一级警长及以下（五）|一级警长及以下（八）|一级警长及以下（六）|人才发展处一级主任科员及以下|办公室三级主任科员及以下
100101K,基础医学,本科(普通),,本科,医学,基础医学类,53.6,中等适配,2026国考职位表/中央机关及直属机构口径（第三方镜像）,127.0,77.0,50.0,0.0,0.0,60.6,39.4,0.0,0.0,以对口岗位为主,海关/边检(111)；公安/移民/基层执法(18),164.0,150.02,96.0,1.0,0.8,11.0,14.0,11.0,15.71,11.0,8.7,116.08,101.0,79.5,209.02,7.0,134.0,78.0,56.0,medium,升学后弱潜力,存在专业代码或专业名称精确匹配，并有直接学历兼容岗位。,可以考，但院校层级优势有限，更依赖岗位地区和限制条件。,可作为备选路径，适合叠加党员、基层项目、应届身份等条件。,可作为基层备选，但要靠地域、应届和限制条件放大机会。,上海出入境边防检查总站|上海市公安局特勤局|上海海关|公安部|北京市公安局特勤局|南京海关|南宁海关|呼和浩特海关,一级警长及以下（一）|一级警长及以下（七）|一级警长及以下（五）|一级警长及以下（八）|一级警长及以下（六）|业务处室一级主任科员及以下|业务处室一级主任科员及以下5|刑事侦查支队警务技术一级主管及以下
100102TK,生物医学,本科(普通),,本科,医学,基础医学类,45.3,中等适配,2026国考职位表/中央机关及直属机构口径（第三方镜像）,84.0,20.0,64.0,0.0,0.0,23.8,76.2,0.0,0.0,主要靠专业大类/门类岗位,海关/边检(68)；公安/移民/基层执法(18),118.0,125.83,57.0,1.0,1.2,11.0,13.0,15.5,14.54,5.0,6.0,72.77,65.0,77.4,193.65,10.0,94.0,25.0,69.0,limited,升学后弱潜力,存在专业代码或专业名称精确匹配，并有直接学历兼容岗位。,可以考，但院校层级优势有限，更依赖岗位地区和限制条件。,可作为备选路径，适合叠加党员、基层项目、应届身份等条件。,可作为基层备选，但要靠地域、应届和限制条件放大机会。,上海出入境边防检查总站|上海市公安局特勤局|公安部|北京市公安局特勤局|南宁海关|国务院国有资产监督管理委员会|国家医疗保障局|国家卫生健康委员会,一级警长及以下（一）|一级警长及以下（七）|一级警长及以下（五）|一级警长及以下（八）|一级警长及以下（六）|业务处室一级主任科员及以下|业务处室一级主任科员及以下5|刑事侦查支队警务技术一级主管及以下
100103T,生物医学科学,本科(普通),,本科,医学,基础医学类,41.6,中等适配,2026国考职位表/中央机关及直属机构口径（第三方镜像）,81.0,10.0,71.0,0.0,0.0,12.3,87.7,0.0,0.0,主要靠专业大类/门类岗位,海关/边检(65)；公安/移民/基层执法(18),115.0,122.95,54.0,1.0,1.2,11.0,13.0,16.0,14.54,5.0,6.2,72.77,62.0,76.5,191.58,6.0,87.0,10.0,77.0,limited,升学后弱潜力,存在专业代码或专业名称精确匹配，并有直接学历兼容岗位。,可以考，但院校层级优势有限，更依赖岗位地区和限制条件。,可作为备选路径，适合叠加党员、基层项目、应届身份等条件。,可作为基层备选，但要靠地域、应届和限制条件放大机会。,上海出入境边防检查总站|上海市公安局特勤局|公安部|北京市公安局特勤局|南宁海关|国务院国有资产监督管理委员会|国家医疗保障局|国家卫生健康委员会,一级警长及以下（一）|一级警长及以下（七）|一级警长及以下（五）|一级警长及以下（八）|一级警长及以下（六）|业务处室一级主任科员及以下|业务处室一级主任科员及以下5|刑事侦查支队警务技术一级主管及以下
100201K,临床医学,本科(普通),,本科,医学,临床医学类,57.8,较强适配,2026国考职位表/中央机关及直属机构口径（第三方镜像）,167.0,110.0,57.0,0.0,0.0,65.9,34.1,0.0,0.0,以对口岗位为主,海关/边检(150)；公安/移民/基层执法(17)；法院/检察/司法(1),220.0,147.52,133.0,1.0,0.6,11.0,16.0,9.6,19.78,12.0,7.2,106.57,138.0,82.6,199.64,18.0,185.0,124.0,61.0,medium,升学后中等潜力,存在专业代码或专业名称精确匹配，并有直接学历兼容岗位。,可以考，但院校层级优势有限，更依赖岗位地区和限制条件。,区域重点/特色院校可重点面向省市县税务、执法、市场监管和事业单位路径。,应用本科可走县区基层、行政执法和地方单位，学校层级不宜夸大。,上海出入境边防检查总站|上海市公安局特勤局|上海海关|中国民用航空局东北地区管理局|中国民用航空局中南地区管理局|中国民用航空局华北地区管理局|中央办公厅|乌鲁木齐海关,一级警长及以下（一）|一级警长及以下（七）|一级警长及以下（五）|一级警长及以下（八）|一级警长及以下（六）|业务处室一级主任科员及以下|业务处室一级主任科员及以下5|健康服务处一级主任科员及以下
100202TK,麻醉学,本科(普通),,本科,医学,临床医学类,37.3,中等适配,2026国考职位表/中央机关及直属机构口径（第三方镜像）,79.0,3.0,76.0,0.0,0.0,3.8,96.2,0.0,0.0,主要靠专业大类/门类岗位,海关/边检(65)；公安/移民/基层执法(16),114.0,124.28,53.0,1.0,1.3,11.0,13.0,16.5,14.54,5.0,6.3,72.77,60.0,75.9,198.32,13.0,92.0,3.0,89.0,limited,升学后弱潜力,存在专业代码或专业名称精确匹配，并有直接学历兼容岗位。,可以考，但院校层级优势有限，更依赖岗位地区和限制条件。,可作为备选路径，适合叠加党员、基层项目、应届身份等条件。,可作为基层备选，但要靠地域、应届和限制条件放大机会。,上海出入境边防检查总站|上海市公安局特勤局|中国民用航空局中南地区管理局|公安部|北京市公安局特勤局|南宁海关|哈尔滨海关|国务院国有资产监督管理委员会,一级警长及以下（一）|一级警长及以下（七）|一级警长及以下（五）|一级警长及以下（八）|一级警长及以下（六）|业务处室一级主任科员及以下|业务处室一级主任科员及以下5|健康服务处一级主任科员及以下
100203TK,医学影像学,本科(普通),,本科,医学,临床医学类,39.4,中等适配,2026国考职位表/中央机关及直属机构口径（第三方镜像）,81.0,5.0,76.0,0.0,0.0,6.2,93.8,0.0,0.0,主要靠专业大类/门类岗位,海关/边检(66)；公安/移民/基层执法(16)；法院/检察/司法(1),117.0,123.37,54.0,1.0,1.2,11.0,14.0,17.3,16.32,7.0,8.6,78.84,59.0,72.8,201.67,13.0,94.0,5.0,89.0,limited,升学后弱潜力,存在专业代码或专业名称精确匹配，并有直接学历兼容岗位。,可以考，但院校层级优势有限，更依赖岗位地区和限制条件。,可作为备选路径，适合叠加党员、基层项目、应届身份等条件。,可作为基层备选，但要靠地域、应届和限制条件放大机会。,上海出入境边防检查总站|上海市公安局特勤局|中国民用航空局中南地区管理局|公安部|北京市公安局特勤局|南宁海关|司法部燕城监狱|哈尔滨海关,一级警长及以下（一）|一级警长及以下（七）|一级警长及以下（五）|一级警长及以下（八）|一级警长及以下（六）|业务处室一级主任科员及以下|业务处室一级主任科员及以下5|健康服务处一级主任科员及以下
100204TK,眼视光医学,本科(普通),,本科,医学,临床医学类,30.5,弱适配,2026国考职位表/中央机关及直属机构口径（第三方镜像）,76.0,0.0,76.0,0.0,0.0,0.0,100.0,0.0,0.0,主要靠专业大类/门类岗位,海关/边检(62)；公安/移民/基层执法(16),111.0,126.03,50.0,1.0,1.3,11.0,13.0,17.1,14.54,5.0,6.6,72.77,57.0,75.0,205.62,13.0,89.0,0.0,89.0,limited,升学后弱潜力,主要来自专业类/学科门类宽口径匹配，报考前必须核官方专业目录。,可以考，但院校层级优势有限，更依赖岗位地区和限制条件。,岗位窗口较窄，建议只作为就业备选项。,不适合作为普通应用院校的考公主卖点。,上海出入境边防检查总站|上海市公安局特勤局|中国民用航空局中南地区管理局|公安部|北京市公安局特勤局|南宁海关|哈尔滨海关|国务院国有资产监督管理委员会,一级警长及以下（一）|一级警长及以下（七）|一级警长及以下（五）|一级警长及以下（八）|一级警长及以下（六）|业务处室一级主任科员及以下|业务处室一级主任科员及以下5|健康服务处一级主任科员及以下
100205TK,精神医学,本科(普通),,本科,医学,临床医学类,30.5,弱适配,2026国考职位表/中央机关及直属机构口径（第三方镜像）,76.0,0.0,76.0,0.0,0.0,0.0,100.0,0.0,0.0,主要靠专业大类/门类岗位,海关/边检(62)；公安/移民/基层执法(16),111.0,126.03,50.0,1.0,1.3,11.0,13.0,17.1,14.54,5.0,6.6,72.77,57.0,75.0,205.62,13.0,89.0,0.0,89.0,limited,升学后弱潜力,主要来自专业类/学科门类宽口径匹配，报考前必须核官方专业目录。,可以考，但院校层级优势有限，更依赖岗位地区和限制条件。,岗位窗口较窄，建议只作为就业备选项。,不适合作为普通应用院校的考公主卖点。,上海出入境边防检查总站|上海市公安局特勤局|中国民用航空局中南地区管理局|公安部|北京市公安局特勤局|南宁海关|哈尔滨海关|国务院国有资产监督管理委员会,一级警长及以下（一）|一级警长及以下（七）|一级警长及以下（五）|一级警长及以下（八）|一级警长及以下（六）|业务处室一级主任科员及以下|业务处室一级主任科员及以下5|健康服务处一级主任科员及以下
100206TK,放射医学,本科(普通),,本科,医学,临床医学类,30.5,弱适配,2026国考职位表/中央机关及直属机构口径（第三方镜像）,76.0,0.0,76.0,0.0,0.0,0.0,100.0,0.0,0.0,主要靠专业大类/门类岗位,海关/边检(62)；公安/移民/基层执法(16),111.0,126.03,50.0,1.0,1.3,11.0,13.0,17.1,14.54,5.0,6.6,72.77,57.0,75.0,205.62,13.0,89.0,0.0,89.0,limited,升学后弱潜力,主要来自专业类/学科门类宽口径匹配，报考前必须核官方专业目录。,可以考，但院校层级优势有限，更依赖岗位地区和限制条件。,岗位窗口较窄，建议只作为就业备选项。,不适合作为普通应用院校的考公主卖点。,上海出入境边防检查总站|上海市公安局特勤局|中国民用航空局中南地区管理局|公安部|北京市公安局特勤局|南宁海关|哈尔滨海关|国务院国有资产监督管理委员会,一级警长及以下（一）|一级警长及以下（七）|一级警长及以下（五）|一级警长及以下（八）|一级警长及以下（六）|业务处室一级主任科员及以下|业务处室一级主任科员及以下5|健康服务处一级主任科员及以下
100207TK,儿科学,本科(普通),,本科,医学,临床医学类,37.3,中等适配,2026国考职位表/中央机关及直属机构口径（第三方镜像）,79.0,3.0,76.0,0.0,0.0,3.8,96.2,0.0,0.0,主要靠专业大类/门类岗位,海关/边检(65)；公安/移民/基层执法(16),114.0,124.28,53.0,1.0,1.3,11.0,13.0,16.5,14.54,5.0,6.3,72.77,60.0,75.9,198.32,13.0,92.0,3.0,89.0,limited,升学后弱潜力,存在专业代码或专业名称精确匹配，并有直接学历兼容岗位。,可以考，但院校层级优势有限，更依赖岗位地区和限制条件。,可作为备选路径，适合叠加党员、基层项目、应届身份等条件。,可作为基层备选，但要靠地域、应届和限制条件放大机会。,上海出入境边防检查总站|上海市公安局特勤局|中国民用航空局中南地区管理局|公安部|北京市公安局特勤局|南宁海关|哈尔滨海关|国务院国有资产监督管理委员会,一级警长及以下（一）|一级警长及以下（七）|一级警长及以下（五）|一级警长及以下（八）|一级警长及以下（六）|业务处室一级主任科员及以下|业务处室一级主任科员及以下5|健康服务处一级主任科员及以下
100301K,口腔医学,本科(普通),,本科,医学,口腔医学类,31.1,弱适配,2026国考职位表/中央机关及直属机构口径（第三方镜像）,20.0,3.0,17.0,0.0,0.0,15.0,85.0,0.0,0.0,主要靠专业大类/门类岗位,公安/移民/基层执法(16)；海关/边检(6),22.0,33.59,3.0,1.0,5.0,11.0,13.0,65.0,14.54,3.0,15.0,112.67,3.0,15.0,59.67,5.0,25.0,4.0,21.0,limited,升学后弱潜力,存在专业代码或专业名称精确匹配，并有直接学历兼容岗位。,可以考，但院校层级优势有限，更依赖岗位地区和限制条件。,岗位窗口较窄，建议只作为就业备选项。,不适合作为普通应用院校的考公主卖点。,上海出入境边防检查总站|上海市公安局特勤局|公安部|北京市公安局特勤局|国务院国有资产监督管理委员会|国家医疗保障局|国家卫生健康委员会|山东省公安厅特勤局,一级警长及以下（一）|一级警长及以下（七）|一级警长及以下（五）|一级警长及以下（八）|一级警长及以下（六）|业务处室一级主任科员及以下|业务处室一级主任科员及以下5|卫生检疫监管一级行政执法员
100401K,预防医学,本科(普通),,本科,医学,公共卫生与预防医学类,58.3,较强适配,2026国考职位表/中央机关及直属机构口径（第三方镜像）,178.0,114.0,64.0,0.0,0.0,64.0,36.0,0.0,0.0,以对口岗位为主,海关/边检(161)；公安/移民/基层执法(19)；交通海事民航铁路(2),241.0,140.33,145.0,2.0,1.1,135.5,14.0,7.9,15.71,20.0,11.2,92.33,142.0,79.8,193.79,17.0,198.0,128.0,70.0,medium,升学后中等潜力,存在专业代码或专业名称精确匹配，并有直接学历兼容岗位。,可以考，但院校层级优势有限，更依赖岗位地区和限制条件。,区域重点/特色院校可重点面向省市县税务、执法、市场监管和事业单位路径。,应用本科可走县区基层、行政执法和地方单位，学校层级不宜夸大。,上海出入境边防检查总站|上海市公安局特勤局|上海海关|乌鲁木齐海关|公安部|兰州海关|内蒙古出入境边防检查总站|北京市公安局特勤局,一级警长及以下（一）|一级警长及以下（七）|一级警长及以下（五）|一级警长及以下（八）|一级警长及以下（六）|业务处一级主任科员及以下|业务处室一级主任科员及以下|业务处室一级主任科员及以下5
100402,食品卫生与营养学,本科(普通),,本科,医学,公共卫生与预防医学类,48.5,中等适配,2026国考职位表/中央机关及直属机构口径（第三方镜像）,111.0,26.0,85.0,0.0,0.0,23.4,76.6,0.0,0.0,主要靠专业大类/门类岗位,海关/边检(94)；公安/移民/基层执法(19)；交通海事民航铁路(2),157.0,134.36,80.0,2.0,1.8,135.5,14.0,12.6,17.57,18.0,16.2,85.25,77.0,69.4,216.03,14.0,128.0,26.0,102.0,medium,升学后中等潜力,存在专业代码或专业名称精确匹配，并有直接学历兼容岗位。,可以考，但院校层级优势有限，更依赖岗位地区和限制条件。,可作为备选路径，适合叠加党员、基层项目、应届身份等条件。,可作为基层备选，但要靠地域、应届和限制条件放大机会。,上海出入境边防检查总站|上海市公安局特勤局|上海海关|公安部|内蒙古出入境边防检查总站|北京市公安局特勤局|南京海关|南宁海关,一级警长及以下（一）|一级警长及以下（七）|一级警长及以下（五）|一级警长及以下（八）|一级警长及以下（六）|业务处一级主任科员及以下|业务处室一级主任科员及以下|业务处室一级主任科员及以下5
100403TK,妇幼保健医学,本科(普通),,本科,医学,公共卫生与预防医学类,40.2,中等适配,2026国考职位表/中央机关及直属机构口径（第三方镜像）,88.0,3.0,85.0,0.0,0.0,3.4,96.6,0.0,0.0,主要靠专业大类/门类岗位,海关/边检(71)；公安/移民/基层执法(19)；交通海事民航铁路(2),134.0,113.26,63.0,2.0,2.3,135.5,13.0,14.8,14.54,14.0,15.9,66.68,59.0,67.0,192.8,14.0,105.0,3.0,102.0,limited,升学后中等潜力,存在专业代码或专业名称精确匹配，并有直接学历兼容岗位。,可以考，但院校层级优势有限，更依赖岗位地区和限制条件。,可作为备选路径，适合叠加党员、基层项目、应届身份等条件。,可作为基层备选，但要靠地域、应届和限制条件放大机会。,上海出入境边防检查总站|上海市公安局特勤局|公安部|内蒙古出入境边防检查总站|北京市公安局特勤局|南宁海关|哈尔滨海关|哈尔滨铁路公安局,一级警长及以下（一）|一级警长及以下（七）|一级警长及以下（五）|一级警长及以下（八）|一级警长及以下（六）|业务处一级主任科员及以下|业务处室一级主任科员及以下|业务处室一级主任科员及以下5
100404TK,卫生监督,本科(普通),,本科,医学,公共卫生与预防医学类,56.1,较强适配,2026国考职位表/中央机关及直属机构口径（第三方镜像）,143.0,62.0,81.0,0.0,0.0,43.4,56.6,0.0,0.0,以对口岗位为主,海关/边检(126)；公安/移民/基层执法(19)；交通海事民航铁路(2),204.0,117.99,111.0,2.0,1.4,135.5,14.0,9.8,15.71,18.0,12.6,73.58,109.0,76.2,174.18,14.0,160.0,62.0,98.0,medium,升学后中等潜力,存在专业代码或专业名称精确匹配，并有直接学历兼容岗位。,可以考，但院校层级优势有限，更依赖岗位地区和限制条件。,区域重点/特色院校可重点面向省市县税务、执法、市场监管和事业单位路径。,应用本科可走县区基层、行政执法和地方单位，学校层级不宜夸大。,上海出入境边防检查总站|上海市公安局特勤局|公安部|内蒙古出入境边防检查总站|北京市公安局特勤局|南京海关|南宁海关|厦门海关,一级警长及以下（一）|一级警长及以下（七）|一级警长及以下（五）|一级警长及以下（八）|一级警长及以下（六）|业务处一级主任科员及以下|业务处室一级主任科员及以下|业务处室一级主任科员及以下5
100405TK,全球健康学,本科(普通),,本科,医学,公共卫生与预防医学类,33.4,弱适配,2026国考职位表/中央机关及直属机构口径（第三方镜像）,85.0,0.0,85.0,0.0,0.0,0.0,100.0,0.0,0.0,主要靠专业大类/门类岗位,海关/边检(68)；公安/移民/基层执法(19)；交通海事民航铁路(2),131.0,114.49,60.0,2.0,2.4,135.5,13.0,15.3,14.54,14.0,16.5,66.68,56.0,65.9,199.93,14.0,102.0,0.0,102.0,limited,升学后中等潜力,主要来自专业类/学科门类宽口径匹配，报考前必须核官方专业目录。,可以考，但院校层级优势有限，更依赖岗位地区和限制条件。,岗位窗口较窄，建议只作为就业备选项。,不适合作为普通应用院校的考公主卖点。,上海出入境边防检查总站|上海市公安局特勤局|公安部|内蒙古出入境边防检查总站|北京市公安局特勤局|南宁海关|哈尔滨海关|哈尔滨铁路公安局,一级警长及以下（一）|一级警长及以下（七）|一级警长及以下（五）|一级警长及以下（八）|一级警长及以下（六）|业务处一级主任科员及以下|业务处室一级主任科员及以下|业务处室一级主任科员及以下5
100406T,运动与公共健康,本科(普通),,本科,医学,公共卫生与预防医学类,36.7,中等适配,2026国考职位表/中央机关及直属机构口径（第三方镜像）,86.0,1.0,85.0,0.0,0.0,1.2,98.8,0.0,0.0,主要靠专业大类/门类岗位,海关/边检(69)；公安/移民/基层执法(20)；交通海事民航铁路(2),132.0,113.64,60.0,2.0,2.3,135.5,13.0,15.1,14.54,15.0,17.4,62.37,56.0,65.1,199.93,14.0,103.0,1.0,102.0,limited,升学后中等潜力,存在专业代码或专业名称精确匹配，并有直接学历兼容岗位。,可以考，但院校层级优势有限，更依赖岗位地区和限制条件。,可作为备选路径，适合叠加党员、基层项目、应届身份等条件。,可作为基层备选，但要靠地域、应届和限制条件放大机会。,上海出入境边防检查总站|上海市公安局特勤局|公安部|内蒙古出入境边防检查总站|北京市公安局特勤局|南宁海关|哈尔滨海关|哈尔滨铁路公安局,一级警长及以下（一）|一级警长及以下（七）|一级警长及以下（五）|一级警长及以下（八）|一级警长及以下（六）|业务处一级主任科员及以下|业务处室一级主任科员及以下|业务处室一级主任科员及以下5
100501K,中医学,本科(普通),,本科,医学,中医学类,35.9,中等适配,2026国考职位表/中央机关及直属机构口径（第三方镜像）,42.0,2.0,40.0,0.0,0.0,4.8,95.2,0.0,0.0,主要靠专业大类/门类岗位,海关/边检(28)；公安/移民/基层执法(17),75.0,51.6,24.0,1.0,2.4,11.0,13.0,31.0,14.54,6.0,14.3,61.73,22.0,52.4,110.6,5.0,47.0,3.0,44.0,limited,升学后弱潜力,存在专业代码或专业名称精确匹配，并有直接学历兼容岗位。,可以考，但院校层级优势有限，更依赖岗位地区和限制条件。,可作为备选路径，适合叠加党员、基层项目、应届身份等条件。,可作为基层备选，但要靠地域、应届和限制条件放大机会。,上海出入境边防检查总站|上海市公安局特勤局|公安部|北京市公安局特勤局|国务院国有资产监督管理委员会|国家医疗保障局|国家卫生健康委员会|山东省公安厅特勤局,一级警长及以下（一）|一级警长及以下（七）|一级警长及以下（五）|一级警长及以下（八）|一级警长及以下（六）|业务处室一级主任科员及以下|业务处室一级主任科员及以下5|卫生检疫四级主办及以下
100502K,针灸推拿学,本科(普通),,本科,医学,中医学类,30.3,弱适配,2026国考职位表/中央机关及直属机构口径（第三方镜像）,40.0,0.0,40.0,0.0,0.0,0.0,100.0,0.0,0.0,主要靠专业大类/门类岗位,海关/边检(26)；公安/移民/基层执法(16),69.0,55.26,23.0,1.0,2.5,11.0,13.0,32.5,14.54,5.0,12.5,72.77,21.0,52.5,115.13,5.0,45.0,0.0,45.0,limited,升学后弱潜力,主要来自专业类/学科门类宽口径匹配，报考前必须核官方专业目录。,可以考，但院校层级优势有限，更依赖岗位地区和限制条件。,岗位窗口较窄，建议只作为就业备选项。,不适合作为普通应用院校的考公主卖点。,上海出入境边防检查总站|上海市公安局特勤局|公安部|北京市公安局特勤局|国务院国有资产监督管理委员会|国家医疗保障局|国家卫生健康委员会|山东省公安厅特勤局,一级警长及以下（一）|一级警长及以下（七）|一级警长及以下（五）|一级警长及以下（八）|一级警长及以下（六）|业务处室一级主任科员及以下|业务处室一级主任科员及以下5|卫生检疫四级主办及以下
100503K,藏医学,本科(普通),,本科,医学,中医学类,30.3,弱适配,2026国考职位表/中央机关及直属机构口径（第三方镜像）,40.0,0.0,40.0,0.0,0.0,0.0,100.0,0.0,0.0,主要靠专业大类/门类岗位,海关/边检(26)；公安/移民/基层执法(16),69.0,55.26,23.0,1.0,2.5,11.0,13.0,32.5,14.54,5.0,12.5,72.77,21.0,52.5,115.13,5.0,45.0,0.0,45.0,limited,升学后弱潜力,主要来自专业类/学科门类宽口径匹配，报考前必须核官方专业目录。,可以考，但院校层级优势有限，更依赖岗位地区和限制条件。,岗位窗口较窄，建议只作为就业备选项。,不适合作为普通应用院校的考公主卖点。,上海出入境边防检查总站|上海市公安局特勤局|公安部|北京市公安局特勤局|国务院国有资产监督管理委员会|国家医疗保障局|国家卫生健康委员会|山东省公安厅特勤局,一级警长及以下（一）|一级警长及以下（七）|一级警长及以下（五）|一级警长及以下（八）|一级警长及以下（六）|业务处室一级主任科员及以下|业务处室一级主任科员及以下5|卫生检疫四级主办及以下
100504K,蒙医学,本科(普通),,本科,医学,中医学类,30.3,弱适配,2026国考职位表/中央机关及直属机构口径（第三方镜像）,40.0,0.0,40.0,0.0,0.0,0.0,100.0,0.0,0.0,主要靠专业大类/门类岗位,海关/边检(26)；公安/移民/基层执法(16),69.0,55.26,23.0,1.0,2.5,11.0,13.0,32.5,14.54,5.0,12.5,72.77,21.0,52.5,115.13,5.0,45.0,0.0,45.0,limited,升学后弱潜力,主要来自专业类/学科门类宽口径匹配，报考前必须核官方专业目录。,可以考，但院校层级优势有限，更依赖岗位地区和限制条件。,岗位窗口较窄，建议只作为就业备选项。,不适合作为普通应用院校的考公主卖点。,上海出入境边防检查总站|上海市公安局特勤局|公安部|北京市公安局特勤局|国务院国有资产监督管理委员会|国家医疗保障局|国家卫生健康委员会|山东省公安厅特勤局,一级警长及以下（一）|一级警长及以下（七）|一级警长及以下（五）|一级警长及以下（八）|一级警长及以下（六）|业务处室一级主任科员及以下|业务处室一级主任科员及以下5|卫生检疫四级主办及以下
100505K,维医学,本科(普通),,本科,医学,中医学类,30.3,弱适配,2026国考职位表/中央机关及直属机构口径（第三方镜像）,40.0,0.0,40.0,0.0,0.0,0.0,100.0,0.0,0.0,主要靠专业大类/门类岗位,海关/边检(26)；公安/移民/基层执法(16),69.0,55.26,23.0,1.0,2.5,11.0,13.0,32.5,14.54,5.0,12.5,72.77,21.0,52.5,115.13,5.0,45.0,0.0,45.0,limited,升学后弱潜力,主要来自专业类/学科门类宽口径匹配，报考前必须核官方专业目录。,可以考，但院校层级优势有限，更依赖岗位地区和限制条件。,岗位窗口较窄，建议只作为就业备选项。,不适合作为普通应用院校的考公主卖点。,上海出入境边防检查总站|上海市公安局特勤局|公安部|北京市公安局特勤局|国务院国有资产监督管理委员会|国家医疗保障局|国家卫生健康委员会|山东省公安厅特勤局,一级警长及以下（一）|一级警长及以下（七）|一级警长及以下（五）|一级警长及以下（八）|一级警长及以下（六）|业务处室一级主任科员及以下|业务处室一级主任科员及以下5|卫生检疫四级主办及以下
100506K,壮医学,本科(普通),,本科,医学,中医学类,30.3,弱适配,2026国考职位表/中央机关及直属机构口径（第三方镜像）,40.0,0.0,40.0,0.0,0.0,0.0,100.0,0.0,0.0,主要靠专业大类/门类岗位,海关/边检(26)；公安/移民/基层执法(16),69.0,55.26,23.0,1.0,2.5,11.0,13.0,32.5,14.54,5.0,12.5,72.77,21.0,52.5,115.13,5.0,45.0,0.0,45.0,limited,升学后弱潜力,主要来自专业类/学科门类宽口径匹配，报考前必须核官方专业目录。,可以考，但院校层级优势有限，更依赖岗位地区和限制条件。,岗位窗口较窄，建议只作为就业备选项。,不适合作为普通应用院校的考公主卖点。,上海出入境边防检查总站|上海市公安局特勤局|公安部|北京市公安局特勤局|国务院国有资产监督管理委员会|国家医疗保障局|国家卫生健康委员会|山东省公安厅特勤局,一级警长及以下（一）|一级警长及以下（七）|一级警长及以下（五）|一级警长及以下（八）|一级警长及以下（六）|业务处室一级主任科员及以下|业务处室一级主任科员及以下5|卫生检疫四级主办及以下
100507K,哈医学,本科(普通),,本科,医学,中医学类,30.3,弱适配,2026国考职位表/中央机关及直属机构口径（第三方镜像）,40.0,0.0,40.0,0.0,0.0,0.0,100.0,0.0,0.0,主要靠专业大类/门类岗位,海关/边检(26)；公安/移民/基层执法(16),69.0,55.26,23.0,1.0,2.5,11.0,13.0,32.5,14.54,5.0,12.5,72.77,21.0,52.5,115.13,5.0,45.0,0.0,45.0,limited,升学后弱潜力,主要来自专业类/学科门类宽口径匹配，报考前必须核官方专业目录。,可以考，但院校层级优势有限，更依赖岗位地区和限制条件。,岗位窗口较窄，建议只作为就业备选项。,不适合作为普通应用院校的考公主卖点。,上海出入境边防检查总站|上海市公安局特勤局|公安部|北京市公安局特勤局|国务院国有资产监督管理委员会|国家医疗保障局|国家卫生健康委员会|山东省公安厅特勤局,一级警长及以下（一）|一级警长及以下（七）|一级警长及以下（五）|一级警长及以下（八）|一级警长及以下（六）|业务处室一级主任科员及以下|业务处室一级主任科员及以下5|卫生检疫四级主办及以下
100508TK,傣医学,本科(普通),,本科,医学,中医学类,30.3,弱适配,2026国考职位表/中央机关及直属机构口径（第三方镜像）,40.0,0.0,40.0,0.0,0.0,0.0,100.0,0.0,0.0,主要靠专业大类/门类岗位,海关/边检(26)；公安/移民/基层执法(16),69.0,55.26,23.0,1.0,2.5,11.0,13.0,32.5,14.54,5.0,12.5,72.77,21.0,52.5,115.13,5.0,45.0,0.0,45.0,limited,升学后弱潜力,主要来自专业类/学科门类宽口径匹配，报考前必须核官方专业目录。,可以考，但院校层级优势有限，更依赖岗位地区和限制条件。,岗位窗口较窄，建议只作为就业备选项。,不适合作为普通应用院校的考公主卖点。,上海出入境边防检查总站|上海市公安局特勤局|公安部|北京市公安局特勤局|国务院国有资产监督管理委员会|国家医疗保障局|国家卫生健康委员会|山东省公安厅特勤局,一级警长及以下（一）|一级警长及以下（七）|一级警长及以下（五）|一级警长及以下（八）|一级警长及以下（六）|业务处室一级主任科员及以下|业务处室一级主任科员及以下5|卫生检疫四级主办及以下
100509TK,回医学,本科(普通),,本科,医学,中医学类,30.3,弱适配,2026国考职位表/中央机关及直属机构口径（第三方镜像）,40.0,0.0,40.0,0.0,0.0,0.0,100.0,0.0,0.0,主要靠专业大类/门类岗位,海关/边检(26)；公安/移民/基层执法(16),69.0,55.26,23.0,1.0,2.5,11.0,13.0,32.5,14.54,5.0,12.5,72.77,21.0,52.5,115.13,5.0,45.0,0.0,45.0,limited,升学后弱潜力,主要来自专业类/学科门类宽口径匹配，报考前必须核官方专业目录。,可以考，但院校层级优势有限，更依赖岗位地区和限制条件。,岗位窗口较窄，建议只作为就业备选项。,不适合作为普通应用院校的考公主卖点。,上海出入境边防检查总站|上海市公安局特勤局|公安部|北京市公安局特勤局|国务院国有资产监督管理委员会|国家医疗保障局|国家卫生健康委员会|山东省公安厅特勤局,一级警长及以下（一）|一级警长及以下（七）|一级警长及以下（五）|一级警长及以下（八）|一级警长及以下（六）|业务处室一级主任科员及以下|业务处室一级主任科员及以下5|卫生检疫四级主办及以下
100510TK,中医康复学,本科(普通),,本科,医学,中医学类,30.3,弱适配,2026国考职位表/中央机关及直属机构口径（第三方镜像）,40.0,0.0,40.0,0.0,0.0,0.0,100.0,0.0,0.0,主要靠专业大类/门类岗位,海关/边检(26)；公安/移民/基层执法(16),69.0,55.26,23.0,1.0,2.5,11.0,13.0,32.5,14.54,5.0,12.5,72.77,21.0,52.5,115.13,5.0,45.0,0.0,45.0,limited,升学后弱潜力,主要来自专业类/学科门类宽口径匹配，报考前必须核官方专业目录。,可以考，但院校层级优势有限，更依赖岗位地区和限制条件。,岗位窗口较窄，建议只作为就业备选项。,不适合作为普通应用院校的考公主卖点。,上海出入境边防检查总站|上海市公安局特勤局|公安部|北京市公安局特勤局|国务院国有资产监督管理委员会|国家医疗保障局|国家卫生健康委员会|山东省公安厅特勤局,一级警长及以下（一）|一级警长及以下（七）|一级警长及以下（五）|一级警长及以下（八）|一级警长及以下（六）|业务处室一级主任科员及以下|业务处室一级主任科员及以下5|卫生检疫四级主办及以下
100511TK,中医养生学,本科(普通),,本科,医学,中医学类,30.3,弱适配,2026国考职位表/中央机关及直属机构口径（第三方镜像）,40.0,0.0,40.0,0.0,0.0,0.0,100.0,0.0,0.0,主要靠专业大类/门类岗位,海关/边检(26)；公安/移民/基层执法(16),69.0,55.26,23.0,1.0,2.5,11.0,13.0,32.5,14.54,5.0,12.5,72.77,21.0,52.5,115.13,5.0,45.0,0.0,45.0,limited,升学后弱潜力,主要来自专业类/学科门类宽口径匹配，报考前必须核官方专业目录。,可以考，但院校层级优势有限，更依赖岗位地区和限制条件。,岗位窗口较窄，建议只作为就业备选项。,不适合作为普通应用院校的考公主卖点。,上海出入境边防检查总站|上海市公安局特勤局|公安部|北京市公安局特勤局|国务院国有资产监督管理委员会|国家医疗保障局|国家卫生健康委员会|山东省公安厅特勤局,一级警长及以下（一）|一级警长及以下（七）|一级警长及以下（五）|一级警长及以下（八）|一级警长及以下（六）|业务处室一级主任科员及以下|业务处室一级主任科员及以下5|卫生检疫四级主办及以下
100512TK,中医儿科学,本科(普通),,本科,医学,中医学类,30.3,弱适配,2026国考职位表/中央机关及直属机构口径（第三方镜像）,40.0,0.0,40.0,0.0,0.0,0.0,100.0,0.0,0.0,主要靠专业大类/门类岗位,海关/边检(26)；公安/移民/基层执法(16),69.0,55.26,23.0,1.0,2.5,11.0,13.0,32.5,14.54,5.0,12.5,72.77,21.0,52.5,115.13,5.0,45.0,0.0,45.0,limited,升学后弱潜力,主要来自专业类/学科门类宽口径匹配，报考前必须核官方专业目录。,可以考，但院校层级优势有限，更依赖岗位地区和限制条件。,岗位窗口较窄，建议只作为就业备选项。,不适合作为普通应用院校的考公主卖点。,上海出入境边防检查总站|上海市公安局特勤局|公安部|北京市公安局特勤局|国务院国有资产监督管理委员会|国家医疗保障局|国家卫生健康委员会|山东省公安厅特勤局,一级警长及以下（一）|一级警长及以下（七）|一级警长及以下（五）|一级警长及以下（八）|一级警长及以下（六）|业务处室一级主任科员及以下|业务处室一级主任科员及以下5|卫生检疫四级主办及以下
100513TK,中医骨伤科学,本科(普通),,本科,医学,中医学类,30.3,弱适配,2026国考职位表/中央机关及直属机构口径（第三方镜像）,40.0,0.0,40.0,0.0,0.0,0.0,100.0,0.0,0.0,主要靠专业大类/门类岗位,海关/边检(26)；公安/移民/基层执法(16),69.0,55.26,23.0,1.0,2.5,11.0,13.0,32.5,14.54,5.0,12.5,72.77,21.0,52.5,115.13,5.0,45.0,0.0,45.0,limited,升学后弱潜力,主要来自专业类/学科门类宽口径匹配，报考前必须核官方专业目录。,可以考，但院校层级优势有限，更依赖岗位地区和限制条件。,岗位窗口较窄，建议只作为就业备选项。,不适合作为普通应用院校的考公主卖点。,上海出入境边防检查总站|上海市公安局特勤局|公安部|北京市公安局特勤局|国务院国有资产监督管理委员会|国家医疗保障局|国家卫生健康委员会|山东省公安厅特勤局,一级警长及以下（一）|一级警长及以下（七）|一级警长及以下（五）|一级警长及以下（八）|一级警长及以下（六）|业务处室一级主任科员及以下|业务处室一级主任科员及以下5|卫生检疫四级主办及以下
100601K,中西医临床医学,本科(普通),,本科,医学,中西医结合类,47.2,中等适配,2026国考职位表/中央机关及直属机构口径（第三方镜像）,80.0,22.0,58.0,0.0,0.0,27.5,72.5,0.0,0.0,主要靠专业大类/门类岗位,海关/边检(66)；公安/移民/基层执法(17),114.0,101.67,61.0,1.0,1.2,11.0,13.0,16.2,14.54,6.0,7.5,60.98,60.0,75.0,155.45,6.0,86.0,22.0,64.0,limited,升学后弱潜力,存在专业代码或专业名称精确匹配，并有直接学历兼容岗位。,可以考，但院校层级优势有限，更依赖岗位地区和限制条件。,可作为备选路径，适合叠加党员、基层项目、应届身份等条件。,可作为基层备选，但要靠地域、应届和限制条件放大机会。,上海出入境边防检查总站|上海市公安局特勤局|公安部|北京出入境边防检查总站|北京市公安局特勤局|南宁海关|呼和浩特海关|国务院国有资产监督管理委员会,一级警长及以下（一）|一级警长及以下（七）|一级警长及以下（五）|一级警长及以下（八）|一级警长及以下（六）|业务处室一级主任科员及以下|业务处室一级主任科员及以下5|卫生检疫一级行政执法员
100701,药学,本科(普通),,本科,医学,药学类,38.6,中等适配,2026国考职位表/中央机关及直属机构口径（第三方镜像）,34.0,17.0,17.0,0.0,0.0,50.0,50.0,0.0,0.0,以对口岗位为主,海关/边检(19)；公安/移民/基层执法(17)；交通海事民航铁路(1),47.0,122.57,9.0,1.0,2.9,11.0,13.0,38.2,14.54,5.0,14.7,94.3,15.0,44.1,289.65,12.0,46.0,24.0,22.0,limited,升学后弱潜力,存在专业代码或专业名称精确匹配，并有直接学历兼容岗位。,可以考，但院校层级优势有限，更依赖岗位地区和限制条件。,可作为备选路径，适合叠加党员、基层项目、应届身份等条件。,可作为基层备选，但要靠地域、应届和限制条件放大机会。,上海出入境边防检查总站|上海市公安局特勤局|公安部|北京市公安局特勤局|国务院国有资产监督管理委员会|国家医疗保障局|国家卫生健康委员会|国家知识产权局,一级警长及以下（一）|一级警长及以下（七）|一级警长及以下（五）|一级警长及以下（八）|一级警长及以下（六）|业务处室一级主任科员及以下|业务处室一级主任科员及以下5|九洲海关缉私分局一级警长及以下
100702,药物制剂,本科(普通),,本科,医学,药学类,34.5,弱适配,2026国考职位表/中央机关及直属机构口径（第三方镜像）,34.0,7.0,27.0,0.0,0.0,20.6,79.4,0.0,0.0,主要靠专业大类/门类岗位,海关/边检(19)；公安/移民/基层执法(17)；交通海事民航铁路(1),47.0,122.57,9.0,1.0,2.9,11.0,13.0,38.2,14.54,5.0,14.7,94.3,15.0,44.1,289.65,8.0,42.0,7.0,35.0,limited,升学后弱潜力,存在专业代码或专业名称精确匹配，并有直接学历兼容岗位。,可以考，但院校层级优势有限，更依赖岗位地区和限制条件。,岗位窗口较窄，建议只作为就业备选项。,不适合作为普通应用院校的考公主卖点。,上海出入境边防检查总站|上海市公安局特勤局|公安部|北京市公安局特勤局|国务院国有资产监督管理委员会|国家医疗保障局|国家卫生健康委员会|国家知识产权局,一级警长及以下（一）|一级警长及以下（七）|一级警长及以下（五）|一级警长及以下（八）|一级警长及以下（六）|业务处室一级主任科员及以下|业务处室一级主任科员及以下5|九洲海关缉私分局一级警长及以下
100703TK,临床药学,本科(普通),,本科,医学,药学类,34.5,弱适配,2026国考职位表/中央机关及直属机构口径（第三方镜像）,34.0,7.0,27.0,0.0,0.0,20.6,79.4,0.0,0.0,主要靠专业大类/门类岗位,海关/边检(19)；公安/移民/基层执法(17)；交通海事民航铁路(1),47.0,122.57,9.0,1.0,2.9,11.0,13.0,38.2,14.54,5.0,14.7,94.3,15.0,44.1,289.65,8.0,42.0,7.0,35.0,limited,升学后弱潜力,存在专业代码或专业名称精确匹配，并有直接学历兼容岗位。,可以考，但院校层级优势有限，更依赖岗位地区和限制条件。,岗位窗口较窄，建议只作为就业备选项。,不适合作为普通应用院校的考公主卖点。,上海出入境边防检查总站|上海市公安局特勤局|公安部|北京市公安局特勤局|国务院国有资产监督管理委员会|国家医疗保障局|国家卫生健康委员会|国家知识产权局,一级警长及以下（一）|一级警长及以下（七）|一级警长及以下（五）|一级警长及以下（八）|一级警长及以下（六）|业务处室一级主任科员及以下|业务处室一级主任科员及以下5|九洲海关缉私分局一级警长及以下
100704T,药事管理,本科(普通),,本科,医学,药学类,27.3,弱适配,2026国考职位表/中央机关及直属机构口径（第三方镜像）,27.0,0.0,27.0,0.0,0.0,0.0,100.0,0.0,0.0,主要靠专业大类/门类岗位,公安/移民/基层执法(17)；海关/边检(12)；交通海事民航铁路(1),40.0,49.7,6.0,1.0,3.7,11.0,13.0,48.1,14.54,5.0,18.5,94.3,8.0,29.6,71.47,8.0,35.0,0.0,35.0,limited,升学后弱潜力,主要来自专业类/学科门类宽口径匹配，报考前必须核官方专业目录。,可以考，但院校层级优势有限，更依赖岗位地区和限制条件。,岗位窗口较窄，建议只作为就业备选项。,不适合作为普通应用院校的考公主卖点。,上海出入境边防检查总站|上海市公安局特勤局|公安部|北京市公安局特勤局|国务院国有资产监督管理委员会|国家医疗保障局|国家卫生健康委员会|国家知识产权局,一级警长及以下（一）|一级警长及以下（七）|一级警长及以下（五）|一级警长及以下（八）|一级警长及以下（六）|业务处室一级主任科员及以下|业务处室一级主任科员及以下5|九洲海关缉私分局一级警长及以下
100705T,药物分析,本科(普通),,本科,医学,药学类,31.0,弱适配,2026国考职位表/中央机关及直属机构口径（第三方镜像）,28.0,1.0,27.0,0.0,0.0,3.6,96.4,0.0,0.0,主要靠专业大类/门类岗位,公安/移民/基层执法(18)；海关/边检(13)；交通海事民航铁路(1),44.0,45.77,6.0,1.0,3.6,11.0,13.0,46.4,14.54,6.0,21.4,79.67,8.0,28.6,71.47,9.0,37.0,2.0,35.0,limited,升学后弱潜力,存在专业代码或专业名称精确匹配，并有直接学历兼容岗位。,可以考，但院校层级优势有限，更依赖岗位地区和限制条件。,岗位窗口较窄，建议只作为就业备选项。,不适合作为普通应用院校的考公主卖点。,上海出入境边防检查总站|上海市公安局特勤局|公安部|北京市公安局特勤局|国务院国有资产监督管理委员会|国家医疗保障局|国家卫生健康委员会|国家知识产权局,一级警长及以下（一）|一级警长及以下（七）|一级警长及以下（五）|一级警长及以下（八）|一级警长及以下（六）|业务处室一级主任科员及以下|业务处室一级主任科员及以下5|九洲海关缉私分局一级警长及以下
100706T,药物化学,本科(普通),,本科,医学,药学类,38.0,中等适配,2026国考职位表/中央机关及直属机构口径（第三方镜像）,39.0,12.0,27.0,0.0,0.0,30.8,69.2,0.0,0.0,以对口岗位为主,海关/边检(24)；公安/移民/基层执法(17)；交通海事民航铁路(1),52.0,122.0,16.0,1.0,2.6,11.0,13.0,33.3,14.54,7.0,17.9,332.07,18.0,46.2,170.82,9.0,48.0,13.0,35.0,limited,升学后弱潜力,存在专业代码或专业名称精确匹配，并有直接学历兼容岗位。,可以考，但院校层级优势有限，更依赖岗位地区和限制条件。,可作为备选路径，适合叠加党员、基层项目、应届身份等条件。,可作为基层备选，但要靠地域、应届和限制条件放大机会。,上海出入境边防检查总站|上海市公安局特勤局|公安部|北京市公安局特勤局|南京海关|国务院国有资产监督管理委员会|国家医疗保障局|国家卫生健康委员会,一级警长及以下（一）|一级警长及以下（七）|一级警长及以下（五）|一级警长及以下（八）|一级警长及以下（六）|业务处室一级主任科员及以下|业务处室一级主任科员及以下5|九洲海关缉私分局一级警长及以下
100707T,海洋药学,本科(普通),,本科,医学,药学类,27.3,弱适配,2026国考职位表/中央机关及直属机构口径（第三方镜像）,27.0,0.0,27.0,0.0,0.0,0.0,100.0,0.0,0.0,主要靠专业大类/门类岗位,公安/移民/基层执法(17)；海关/边检(12)；交通海事民航铁路(1),40.0,49.7,6.0,1.0,3.7,11.0,13.0,48.1,14.54,5.0,18.5,94.3,8.0,29.6,71.47,8.0,35.0,0.0,35.0,limited,升学后弱潜力,主要来自专业类/学科门类宽口径匹配，报考前必须核官方专业目录。,可以考，但院校层级优势有限，更依赖岗位地区和限制条件。,岗位窗口较窄，建议只作为就业备选项。,不适合作为普通应用院校的考公主卖点。,上海出入境边防检查总站|上海市公安局特勤局|公安部|北京市公安局特勤局|国务院国有资产监督管理委员会|国家医疗保障局|国家卫生健康委员会|国家知识产权局,一级警长及以下（一）|一级警长及以下（七）|一级警长及以下（五）|一级警长及以下（八）|一级警长及以下（六）|业务处室一级主任科员及以下|业务处室一级主任科员及以下5|九洲海关缉私分局一级警长及以下
100708T,化妆品科学与技术,本科(普通),,本科,医学,药学类,33.1,弱适配,2026国考职位表/中央机关及直属机构口径（第三方镜像）,29.0,2.0,27.0,0.0,0.0,6.9,93.1,0.0,0.0,主要靠专业大类/门类岗位,公安/移民/基层执法(17)；海关/边检(14)；交通海事民航铁路(1),42.0,66.19,8.0,1.0,3.4,11.0,13.0,44.8,14.54,5.0,17.2,94.3,10.0,34.5,136.38,8.0,37.0,2.0,35.0,limited,升学后弱潜力,存在专业代码或专业名称精确匹配，并有直接学历兼容岗位。,可以考，但院校层级优势有限，更依赖岗位地区和限制条件。,岗位窗口较窄，建议只作为就业备选项。,不适合作为普通应用院校的考公主卖点。,上海出入境边防检查总站|上海市公安局特勤局|公安部|北京市公安局特勤局|国务院国有资产监督管理委员会|国家医疗保障局|国家卫生健康委员会|国家知识产权局,一级警长及以下（一）|一级警长及以下（七）|一级警长及以下（五）|一级警长及以下（八）|一级警长及以下（六）|业务处室一级主任科员及以下|业务处室一级主任科员及以下5|九洲海关缉私分局一级警长及以下
100709TK,药物经济与管理,本科(普通),,本科,医学,药学类,27.3,弱适配,2026国考职位表/中央机关及直属机构口径（第三方镜像）,27.0,0.0,27.0,0.0,0.0,0.0,100.0,0.0,0.0,主要靠专业大类/门类岗位,公安/移民/基层执法(17)；海关/边检(12)；交通海事民航铁路(1),40.0,49.7,6.0,1.0,3.7,11.0,13.0,48.1,14.54,5.0,18.5,94.3,8.0,29.6,71.47,8.0,35.0,0.0,35.0,limited,升学后弱潜力,主要来自专业类/学科门类宽口径匹配，报考前必须核官方专业目录。,可以考，但院校层级优势有限，更依赖岗位地区和限制条件。,岗位窗口较窄，建议只作为就业备选项。,不适合作为普通应用院校的考公主卖点。,上海出入境边防检查总站|上海市公安局特勤局|公安部|北京市公安局特勤局|国务院国有资产监督管理委员会|国家医疗保障局|国家卫生健康委员会|国家知识产权局,一级警长及以下（一）|一级警长及以下（七）|一级警长及以下（五）|一级警长及以下（八）|一级警长及以下（六）|业务处室一级主任科员及以下|业务处室一级主任科员及以下5|九洲海关缉私分局一级警长及以下
100801,中药学,本科(普通),,本科,医学,中药学类,22.5,弱适配,2026国考职位表/中央机关及直属机构口径（第三方镜像）,17.0,0.0,17.0,0.0,0.0,0.0,100.0,0.0,0.0,主要靠专业大类/门类岗位,公安/移民/基层执法(16)；海关/边检(3),19.0,29.47,0.0,1.0,5.9,11.0,13.0,76.5,14.54,3.0,17.6,112.67,0.0,0.0,,5.0,22.0,1.0,21.0,limited,升学后弱潜力,主要来自专业类/学科门类宽口径匹配，报考前必须核官方专业目录。,可以考，但院校层级优势有限，更依赖岗位地区和限制条件。,岗位窗口较窄，建议只作为就业备选项。,不适合作为普通应用院校的考公主卖点。,上海出入境边防检查总站|上海市公安局特勤局|公安部|北京市公安局特勤局|国务院国有资产监督管理委员会|国家医疗保障局|国家卫生健康委员会|国家知识产权局,一级警长及以下（一）|一级警长及以下（七）|一级警长及以下（五）|一级警长及以下（八）|一级警长及以下（六）|业务处室一级主任科员及以下|业务处室一级主任科员及以下5|审查部门（二）一级主任科员及以下
100802,中药资源与开发,本科(普通),,本科,医学,中药学类,22.5,弱适配,2026国考职位表/中央机关及直属机构口径（第三方镜像）,17.0,0.0,17.0,0.0,0.0,0.0,100.0,0.0,0.0,主要靠专业大类/门类岗位,公安/移民/基层执法(16)；海关/边检(3),19.0,29.47,0.0,1.0,5.9,11.0,13.0,76.5,14.54,3.0,17.6,112.67,0.0,0.0,,5.0,22.0,0.0,22.0,limited,升学后弱潜力,主要来自专业类/学科门类宽口径匹配，报考前必须核官方专业目录。,可以考，但院校层级优势有限，更依赖岗位地区和限制条件。,岗位窗口较窄，建议只作为就业备选项。,不适合作为普通应用院校的考公主卖点。,上海出入境边防检查总站|上海市公安局特勤局|公安部|北京市公安局特勤局|国务院国有资产监督管理委员会|国家医疗保障局|国家卫生健康委员会|国家知识产权局,一级警长及以下（一）|一级警长及以下（七）|一级警长及以下（五）|一级警长及以下（八）|一级警长及以下（六）|业务处室一级主任科员及以下|业务处室一级主任科员及以下5|审查部门（二）一级主任科员及以下
100803T,藏药学,本科(普通),,本科,医学,中药学类,22.5,弱适配,2026国考职位表/中央机关及直属机构口径（第三方镜像）,17.0,0.0,17.0,0.0,0.0,0.0,100.0,0.0,0.0,主要靠专业大类/门类岗位,公安/移民/基层执法(16)；海关/边检(3),19.0,29.47,0.0,1.0,5.9,11.0,13.0,76.5,14.54,3.0,17.6,112.67,0.0,0.0,,5.0,22.0,0.0,22.0,limited,升学后弱潜力,主要来自专业类/学科门类宽口径匹配，报考前必须核官方专业目录。,可以考，但院校层级优势有限，更依赖岗位地区和限制条件。,岗位窗口较窄，建议只作为就业备选项。,不适合作为普通应用院校的考公主卖点。,上海出入境边防检查总站|上海市公安局特勤局|公安部|北京市公安局特勤局|国务院国有资产监督管理委员会|国家医疗保障局|国家卫生健康委员会|国家知识产权局,一级警长及以下（一）|一级警长及以下（七）|一级警长及以下（五）|一级警长及以下（八）|一级警长及以下（六）|业务处室一级主任科员及以下|业务处室一级主任科员及以下5|审查部门（二）一级主任科员及以下
100804T,蒙药学,本科(普通),,本科,医学,中药学类,22.5,弱适配,2026国考职位表/中央机关及直属机构口径（第三方镜像）,17.0,0.0,17.0,0.0,0.0,0.0,100.0,0.0,0.0,主要靠专业大类/门类岗位,公安/移民/基层执法(16)；海关/边检(3),19.0,29.47,0.0,1.0,5.9,11.0,13.0,76.5,14.54,3.0,17.6,112.67,0.0,0.0,,5.0,22.0,0.0,22.0,limited,升学后弱潜力,主要来自专业类/学科门类宽口径匹配，报考前必须核官方专业目录。,可以考，但院校层级优势有限，更依赖岗位地区和限制条件。,岗位窗口较窄，建议只作为就业备选项。,不适合作为普通应用院校的考公主卖点。,上海出入境边防检查总站|上海市公安局特勤局|公安部|北京市公安局特勤局|国务院国有资产监督管理委员会|国家医疗保障局|国家卫生健康委员会|国家知识产权局,一级警长及以下（一）|一级警长及以下（七）|一级警长及以下（五）|一级警长及以下（八）|一级警长及以下（六）|业务处室一级主任科员及以下|业务处室一级主任科员及以下5|审查部门（二）一级主任科员及以下
100805T,中药制药,本科(普通),,本科,医学,中药学类,22.5,弱适配,2026国考职位表/中央机关及直属机构口径（第三方镜像）,17.0,0.0,17.0,0.0,0.0,0.0,100.0,0.0,0.0,主要靠专业大类/门类岗位,公安/移民/基层执法(16)；海关/边检(3),19.0,29.47,0.0,1.0,5.9,11.0,13.0,76.5,14.54,3.0,17.6,112.67,0.0,0.0,,5.0,22.0,0.0,22.0,limited,升学后弱潜力,主要来自专业类/学科门类宽口径匹配，报考前必须核官方专业目录。,可以考，但院校层级优势有限，更依赖岗位地区和限制条件。,岗位窗口较窄，建议只作为就业备选项。,不适合作为普通应用院校的考公主卖点。,上海出入境边防检查总站|上海市公安局特勤局|公安部|北京市公安局特勤局|国务院国有资产监督管理委员会|国家医疗保障局|国家卫生健康委员会|国家知识产权局,一级警长及以下（一）|一级警长及以下（七）|一级警长及以下（五）|一级警长及以下（八）|一级警长及以下（六）|业务处室一级主任科员及以下|业务处室一级主任科员及以下5|审查部门（二）一级主任科员及以下
100806T,中草药栽培与鉴定,本科(普通),,本科,医学,中药学类,22.5,弱适配,2026国考职位表/中央机关及直属机构口径（第三方镜像）,17.0,0.0,17.0,0.0,0.0,0.0,100.0,0.0,0.0,主要靠专业大类/门类岗位,公安/移民/基层执法(16)；海关/边检(3),19.0,29.47,0.0,1.0,5.9,11.0,13.0,76.5,14.54,3.0,17.6,112.67,0.0,0.0,,5.0,22.0,0.0,22.0,limited,升学后弱潜力,主要来自专业类/学科门类宽口径匹配，报考前必须核官方专业目录。,可以考，但院校层级优势有限，更依赖岗位地区和限制条件。,岗位窗口较窄，建议只作为就业备选项。,不适合作为普通应用院校的考公主卖点。,上海出入境边防检查总站|上海市公安局特勤局|公安部|北京市公安局特勤局|国务院国有资产监督管理委员会|国家医疗保障局|国家卫生健康委员会|国家知识产权局,一级警长及以下（一）|一级警长及以下（七）|一级警长及以下（五）|一级警长及以下（八）|一级警长及以下（六）|业务处室一级主任科员及以下|业务处室一级主任科员及以下5|审查部门（二）一级主任科员及以下
100901K,法医学,本科(普通),,本科,医学,法医学类,36.5,中等适配,2026国考职位表/中央机关及直属机构口径（第三方镜像）,29.0,9.0,20.0,0.0,0.0,31.0,69.0,0.0,0.0,以对口岗位为主,公安/移民/基层执法(27)；交通海事民航铁路(8)；海关/边检(5),40.0,51.38,0.0,1.0,3.4,11.0,13.0,44.8,14.54,12.0,41.4,84.97,3.0,10.3,44.83,6.0,38.0,10.0,28.0,limited,升学后弱潜力,存在专业代码或专业名称精确匹配，并有直接学历兼容岗位。,可以考，但院校层级优势有限，更依赖岗位地区和限制条件。,可作为备选路径，适合叠加党员、基层项目、应届身份等条件。,可作为基层备选，但要靠地域、应届和限制条件放大机会。,上海出入境边防检查总站|上海市公安局特勤局|上海铁路公安局|乌鲁木齐铁路公安局|人力资源和社会保障部|公安部|兰州铁路公安局|内蒙古出入境边防检查总站,一级警长及以下（一）|一级警长及以下（七）|一级警长及以下（五）|一级警长及以下（八）|一级警长及以下（六）|七处警务技术一级主管及以下|业务处室一级主任科员及以下|业务处室一级主任科员及以下5
101001,医学检验技术,本科(普通),,本科,医学,医学技术类,44.5,中等适配,2026国考职位表/中央机关及直属机构口径（第三方镜像）,64.0,31.0,33.0,0.0,0.0,48.4,51.6,0.0,0.0,以对口岗位为主,海关/边检(49)；公安/移民/基层执法(17)；交通海事民航铁路(1),70.0,178.63,38.0,1.0,1.6,11.0,14.0,21.9,15.71,7.0,10.9,113.29,42.0,65.6,251.81,4.0,68.0,31.0,37.0,limited,升学后弱潜力,存在专业代码或专业名称精确匹配，并有直接学历兼容岗位。,可以考，但院校层级优势有限，更依赖岗位地区和限制条件。,可作为备选路径，适合叠加党员、基层项目、应届身份等条件。,可作为基层备选，但要靠地域、应届和限制条件放大机会。,上海出入境边防检查总站|上海市公安局特勤局|公安部|北京市公安局特勤局|南京海关|呼和浩特海关|哈尔滨海关|国务院国有资产监督管理委员会,一级警长及以下（一）|一级警长及以下（七）|一级警长及以下（五）|一级警长及以下（八）|一级警长及以下（六）|业务处室一级主任科员及以下|业务处室一级主任科员及以下5|卫生检疫一级行政执法员
101002,医学实验技术,本科(普通),,本科,医学,医学技术类,30.9,弱适配,2026国考职位表/中央机关及直属机构口径（第三方镜像）,36.0,3.0,33.0,0.0,0.0,8.3,91.7,0.0,0.0,主要靠专业大类/门类岗位,海关/边检(21)；公安/移民/基层执法(17)；交通海事民航铁路(1),39.0,157.69,14.0,1.0,2.8,11.0,13.0,36.1,14.54,4.0,11.1,122.0,18.0,50.0,293.89,4.0,40.0,3.0,37.0,limited,升学后弱潜力,存在专业代码或专业名称精确匹配，并有直接学历兼容岗位。,可以考，但院校层级优势有限，更依赖岗位地区和限制条件。,岗位窗口较窄，建议只作为就业备选项。,不适合作为普通应用院校的考公主卖点。,上海出入境边防检查总站|上海市公安局特勤局|公安部|北京市公安局特勤局|呼和浩特海关|国务院国有资产监督管理委员会|国家医疗保障局|国家卫生健康委员会,一级警长及以下（一）|一级警长及以下（七）|一级警长及以下（五）|一级警长及以下（八）|一级警长及以下（六）|业务处室一级主任科员及以下|业务处室一级主任科员及以下5|卫生检疫一级行政执法员
101003,医学影像技术,本科(普通),,本科,医学,医学技术类,29.3,弱适配,2026国考职位表/中央机关及直属机构口径（第三方镜像）,35.0,2.0,33.0,0.0,0.0,5.7,94.3,0.0,0.0,主要靠专业大类/门类岗位,海关/边检(20)；公安/移民/基层执法(17)；交通海事民航铁路(1),38.0,147.61,13.0,1.0,2.9,11.0,13.0,37.1,14.54,4.0,11.4,122.0,17.0,48.6,279.35,4.0,39.0,2.0,37.0,limited,升学后弱潜力,存在专业代码或专业名称精确匹配，并有直接学历兼容岗位。,可以考，但院校层级优势有限，更依赖岗位地区和限制条件。,岗位窗口较窄，建议只作为就业备选项。,不适合作为普通应用院校的考公主卖点。,上海出入境边防检查总站|上海市公安局特勤局|公安部|北京市公安局特勤局|国务院国有资产监督管理委员会|国家医疗保障局|国家卫生健康委员会|大连海关,一级警长及以下（一）|一级警长及以下（七）|一级警长及以下（五）|一级警长及以下（八）|一级警长及以下（六）|业务处室一级主任科员及以下|业务处室一级主任科员及以下5|卫生检疫二级主办及以下
101004,眼视光学,本科(普通),,本科,医学,医学技术类,23.7,弱适配,2026国考职位表/中央机关及直属机构口径（第三方镜像）,33.0,0.0,33.0,0.0,0.0,0.0,100.0,0.0,0.0,主要靠专业大类/门类岗位,海关/边检(18)；公安/移民/基层执法(17)；交通海事民航铁路(1),36.0,150.86,11.0,1.0,3.0,11.0,13.0,39.4,14.54,4.0,12.1,122.0,15.0,45.5,304.73,4.0,37.0,0.0,37.0,limited,升学后弱潜力,主要来自专业类/学科门类宽口径匹配，报考前必须核官方专业目录。,可以考，但院校层级优势有限，更依赖岗位地区和限制条件。,岗位窗口较窄，建议只作为就业备选项。,不适合作为普通应用院校的考公主卖点。,上海出入境边防检查总站|上海市公安局特勤局|公安部|北京市公安局特勤局|国务院国有资产监督管理委员会|国家医疗保障局|国家卫生健康委员会|大连海关,一级警长及以下（一）|一级警长及以下（七）|一级警长及以下（五）|一级警长及以下（八）|一级警长及以下（六）|业务处室一级主任科员及以下|业务处室一级主任科员及以下5|卫生检疫二级主办及以下
101005,康复治疗学,本科(普通),,本科,医学,医学技术类,23.7,弱适配,2026国考职位表/中央机关及直属机构口径（第三方镜像）,33.0,0.0,33.0,0.0,0.0,0.0,100.0,0.0,0.0,主要靠专业大类/门类岗位,海关/边检(18)；公安/移民/基层执法(17)；交通海事民航铁路(1),36.0,150.86,11.0,1.0,3.0,11.0,13.0,39.4,14.54,4.0,12.1,122.0,15.0,45.5,304.73,4.0,37.0,0.0,37.0,limited,升学后弱潜力,主要来自专业类/学科门类宽口径匹配，报考前必须核官方专业目录。,可以考，但院校层级优势有限，更依赖岗位地区和限制条件。,岗位窗口较窄，建议只作为就业备选项。,不适合作为普通应用院校的考公主卖点。,上海出入境边防检查总站|上海市公安局特勤局|公安部|北京市公安局特勤局|国务院国有资产监督管理委员会|国家医疗保障局|国家卫生健康委员会|大连海关,一级警长及以下（一）|一级警长及以下（七）|一级警长及以下（五）|一级警长及以下（八）|一级警长及以下（六）|业务处室一级主任科员及以下|业务处室一级主任科员及以下5|卫生检疫二级主办及以下
101006,口腔医学技术,本科(普通),,本科,医学,医学技术类,23.7,弱适配,2026国考职位表/中央机关及直属机构口径（第三方镜像）,33.0,0.0,33.0,0.0,0.0,0.0,100.0,0.0,0.0,主要靠专业大类/门类岗位,海关/边检(18)；公安/移民/基层执法(17)；交通海事民航铁路(1),36.0,150.86,11.0,1.0,3.0,11.0,13.0,39.4,14.54,4.0,12.1,122.0,15.0,45.5,304.73,4.0,37.0,0.0,37.0,limited,升学后弱潜力,主要来自专业类/学科门类宽口径匹配，报考前必须核官方专业目录。,可以考，但院校层级优势有限，更依赖岗位地区和限制条件。,岗位窗口较窄，建议只作为就业备选项。,不适合作为普通应用院校的考公主卖点。,上海出入境边防检查总站|上海市公安局特勤局|公安部|北京市公安局特勤局|国务院国有资产监督管理委员会|国家医疗保障局|国家卫生健康委员会|大连海关,一级警长及以下（一）|一级警长及以下（七）|一级警长及以下（五）|一级警长及以下（八）|一级警长及以下（六）|业务处室一级主任科员及以下|业务处室一级主任科员及以下5|卫生检疫二级主办及以下
101007,卫生检验与检疫,本科(普通),,本科,医学,医学技术类,53.1,中等适配,2026国考职位表/中央机关及直属机构口径（第三方镜像）,117.0,84.0,33.0,0.0,0.0,71.8,28.2,0.0,0.0,以对口岗位为主,海关/边检(102)；公安/移民/基层执法(17)；交通海事民航铁路(1),142.0,156.0,90.0,1.0,0.9,11.0,14.0,12.0,15.71,8.0,6.8,109.88,94.0,80.3,196.28,4.0,121.0,84.0,37.0,medium,升学后弱潜力,存在专业代码或专业名称精确匹配，并有直接学历兼容岗位。,可以考，但院校层级优势有限，更依赖岗位地区和限制条件。,可作为备选路径，适合叠加党员、基层项目、应届身份等条件。,可作为基层备选，但要靠地域、应届和限制条件放大机会。,上海出入境边防检查总站|上海市公安局特勤局|乌鲁木齐海关|公安部|兰州海关|北京市公安局特勤局|南京海关|南宁海关,一级警长及以下（一）|一级警长及以下（七）|一级警长及以下（五）|一级警长及以下（八）|一级警长及以下（六）|业务处室一级主任科员及以下|业务处室一级主任科员及以下5|卫生检疫一级行政执法员
101008T,听力与言语康复学,本科(普通),,本科,医学,医学技术类,23.7,弱适配,2026国考职位表/中央机关及直属机构口径（第三方镜像）,33.0,0.0,33.0,0.0,0.0,0.0,100.0,0.0,0.0,主要靠专业大类/门类岗位,海关/边检(18)；公安/移民/基层执法(17)；交通海事民航铁路(1),36.0,150.86,11.0,1.0,3.0,11.0,13.0,39.4,14.54,4.0,12.1,122.0,15.0,45.5,304.73,4.0,37.0,0.0,37.0,limited,升学后弱潜力,主要来自专业类/学科门类宽口径匹配，报考前必须核官方专业目录。,可以考，但院校层级优势有限，更依赖岗位地区和限制条件。,岗位窗口较窄，建议只作为就业备选项。,不适合作为普通应用院校的考公主卖点。,上海出入境边防检查总站|上海市公安局特勤局|公安部|北京市公安局特勤局|国务院国有资产监督管理委员会|国家医疗保障局|国家卫生健康委员会|大连海关,一级警长及以下（一）|一级警长及以下（七）|一级警长及以下（五）|一级警长及以下（八）|一级警长及以下（六）|业务处室一级主任科员及以下|业务处室一级主任科员及以下5|卫生检疫二级主办及以下
101009T,康复物理治疗,本科(普通),,本科,医学,医学技术类,23.7,弱适配,2026国考职位表/中央机关及直属机构口径（第三方镜像）,33.0,0.0,33.0,0.0,0.0,0.0,100.0,0.0,0.0,主要靠专业大类/门类岗位,海关/边检(18)；公安/移民/基层执法(17)；交通海事民航铁路(1),36.0,150.86,11.0,1.0,3.0,11.0,13.0,39.4,14.54,4.0,12.1,122.0,15.0,45.5,304.73,4.0,37.0,0.0,37.0,limited,升学后弱潜力,主要来自专业类/学科门类宽口径匹配，报考前必须核官方专业目录。,可以考，但院校层级优势有限，更依赖岗位地区和限制条件。,岗位窗口较窄，建议只作为就业备选项。,不适合作为普通应用院校的考公主卖点。,上海出入境边防检查总站|上海市公安局特勤局|公安部|北京市公安局特勤局|国务院国有资产监督管理委员会|国家医疗保障局|国家卫生健康委员会|大连海关,一级警长及以下（一）|一级警长及以下（七）|一级警长及以下（五）|一级警长及以下（八）|一级警长及以下（六）|业务处室一级主任科员及以下|业务处室一级主任科员及以下5|卫生检疫二级主办及以下
101010T,康复作业治疗,本科(普通),,本科,医学,医学技术类,23.7,弱适配,2026国考职位表/中央机关及直属机构口径（第三方镜像）,33.0,0.0,33.0,0.0,0.0,0.0,100.0,0.0,0.0,主要靠专业大类/门类岗位,海关/边检(18)；公安/移民/基层执法(17)；交通海事民航铁路(1),36.0,150.86,11.0,1.0,3.0,11.0,13.0,39.4,14.54,4.0,12.1,122.0,15.0,45.5,304.73,4.0,37.0,0.0,37.0,limited,升学后弱潜力,主要来自专业类/学科门类宽口径匹配，报考前必须核官方专业目录。,可以考，但院校层级优势有限，更依赖岗位地区和限制条件。,岗位窗口较窄，建议只作为就业备选项。,不适合作为普通应用院校的考公主卖点。,上海出入境边防检查总站|上海市公安局特勤局|公安部|北京市公安局特勤局|国务院国有资产监督管理委员会|国家医疗保障局|国家卫生健康委员会|大连海关,一级警长及以下（一）|一级警长及以下（七）|一级警长及以下（五）|一级警长及以下（八）|一级警长及以下（六）|业务处室一级主任科员及以下|业务处室一级主任科员及以下5|卫生检疫二级主办及以下
101016TK,健康与医疗保障,本科(普通),,本科,医学,医学技术类,23.7,弱适配,2026国考职位表/中央机关及直属机构口径（第三方镜像）,33.0,0.0,33.0,0.0,0.0,0.0,100.0,0.0,0.0,主要靠专业大类/门类岗位,海关/边检(18)；公安/移民/基层执法(17)；交通海事民航铁路(1),36.0,150.86,11.0,1.0,3.0,11.0,13.0,39.4,14.54,4.0,12.1,122.0,15.0,45.5,304.73,4.0,37.0,0.0,37.0,limited,升学后弱潜力,主要来自专业类/学科门类宽口径匹配，报考前必须核官方专业目录。,可以考，但院校层级优势有限，更依赖岗位地区和限制条件。,岗位窗口较窄，建议只作为就业备选项。,不适合作为普通应用院校的考公主卖点。,上海出入境边防检查总站|上海市公安局特勤局|公安部|北京市公安局特勤局|国务院国有资产监督管理委员会|国家医疗保障局|国家卫生健康委员会|大连海关,一级警长及以下（一）|一级警长及以下（七）|一级警长及以下（五）|一级警长及以下（八）|一级警长及以下（六）|业务处室一级主任科员及以下|业务处室一级主任科员及以下5|卫生检疫二级主办及以下
101017TK,老年医学与健康,本科(普通),,本科,医学,医学技术类,23.7,弱适配,2026国考职位表/中央机关及直属机构口径（第三方镜像）,33.0,0.0,33.0,0.0,0.0,0.0,100.0,0.0,0.0,主要靠专业大类/门类岗位,海关/边检(18)；公安/移民/基层执法(17)；交通海事民航铁路(1),36.0,150.86,11.0,1.0,3.0,11.0,13.0,39.4,14.54,4.0,12.1,122.0,15.0,45.5,304.73,4.0,37.0,0.0,37.0,limited,升学后弱潜力,主要来自专业类/学科门类宽口径匹配，报考前必须核官方专业目录。,可以考，但院校层级优势有限，更依赖岗位地区和限制条件。,岗位窗口较窄，建议只作为就业备选项。,不适合作为普通应用院校的考公主卖点。,上海出入境边防检查总站|上海市公安局特勤局|公安部|北京市公安局特勤局|国务院国有资产监督管理委员会|国家医疗保障局|国家卫生健康委员会|大连海关,一级警长及以下（一）|一级警长及以下（七）|一级警长及以下（五）|一级警长及以下（八）|一级警长及以下（六）|业务处室一级主任科员及以下|业务处室一级主任科员及以下5|卫生检疫二级主办及以下
101101K,护理学,本科(普通),,本科,医学,护理学类,33.7,弱适配,2026国考职位表/中央机关及直属机构口径（第三方镜像）,41.0,1.0,40.0,0.0,0.0,2.4,97.6,0.0,0.0,主要靠专业大类/门类岗位,海关/边检(27)；公安/移民/基层执法(16),71.0,54.14,24.0,1.0,2.4,11.0,13.0,31.7,14.54,5.0,12.2,72.77,22.0,53.7,110.6,4.0,45.0,1.0,44.0,limited,升学后弱潜力,存在专业代码或专业名称精确匹配，并有直接学历兼容岗位。,可以考，但院校层级优势有限，更依赖岗位地区和限制条件。,岗位窗口较窄，建议只作为就业备选项。,不适合作为普通应用院校的考公主卖点。,上海出入境边防检查总站|上海市公安局特勤局|公安部|北京市公安局特勤局|国务院国有资产监督管理委员会|国家医疗保障局|国家卫生健康委员会|山东省公安厅特勤局,一级警长及以下（一）|一级警长及以下（七）|一级警长及以下（五）|一级警长及以下（八）|一级警长及以下（六）|业务处室一级主任科员及以下|业务处室一级主任科员及以下5|卫生检疫四级主办及以下
101102TK,助产学,本科(普通),,本科,医学,护理学类,30.2,弱适配,2026国考职位表/中央机关及直属机构口径（第三方镜像）,40.0,0.0,40.0,0.0,0.0,0.0,100.0,0.0,0.0,主要靠专业大类/门类岗位,海关/边检(26)；公安/移民/基层执法(16),69.0,55.26,23.0,1.0,2.5,11.0,13.0,32.5,14.54,5.0,12.5,72.77,21.0,52.5,115.13,4.0,44.0,0.0,44.0,limited,升学后弱潜力,主要来自专业类/学科门类宽口径匹配，报考前必须核官方专业目录。,可以考，但院校层级优势有限，更依赖岗位地区和限制条件。,岗位窗口较窄，建议只作为就业备选项。,不适合作为普通应用院校的考公主卖点。,上海出入境边防检查总站|上海市公安局特勤局|公安部|北京市公安局特勤局|国务院国有资产监督管理委员会|国家医疗保障局|国家卫生健康委员会|山东省公安厅特勤局,一级警长及以下（一）|一级警长及以下（七）|一级警长及以下（五）|一级警长及以下（八）|一级警长及以下（六）|业务处室一级主任科员及以下|业务处室一级主任科员及以下5|卫生检疫四级主办及以下
120101,管理科学,本科(普通),,本科,管理学,管理科学与工程类,88.1,强适配,2026国考职位表/中央机关及直属机构口径（第三方镜像）,1610.0,1582.0,28.0,0.0,0.0,98.3,1.7,0.0,0.0,以对口岗位为主,税务系统(1509)；公安/移民/基层执法(45)；财政审计金融监管(28)；海关/边检(26)；交通海事民航铁路(17)；网信/通信/信息化(6),3429.0,90.2,1104.0,4.0,0.2,741.0,29.0,1.8,101.98,92.0,5.7,108.31,1485.0,92.2,104.25,68.0,1678.0,1632.0,46.0,high,升学后中等潜力,存在专业代码或专业名称精确匹配，并有直接学历兼容岗位。,头部院校可把该专业作为中央/省级机关、选调和研究生岗位的主赛道之一。,区域重点/特色院校可重点面向省市县税务、执法、市场监管和事业单位路径。,应用本科可走县区基层、行政执法和地方单位，学校层级不宜夸大。,上海出入境边防检查总站|上海市公安局特勤局|上海铁路公安局|东北虎豹国家公园管理局|中国井冈山干部学院|中国工程院|中国残联|中国民用航空局中南地区管理局,一处一级主任科员及以下|一处一级警长及以下|一处警务技术一级主管及以下|一级主任科员及以下|一级主任科员及以下（二）|一级主办及以下|一级主办及以下（一）|一级主办及以下（七）
120102,信息管理与信息系统,本科(普通),,本科,管理学,管理科学与工程类,65.8,较强适配,2026国考职位表/中央机关及直属机构口径（第三方镜像）,1608.0,14.0,1594.0,0.0,0.0,0.9,99.1,0.0,0.0,主要靠专业大类/门类岗位,税务系统(1509)；公安/移民/基层执法(52)；财政审计金融监管(29)；海关/边检(23)；交通海事民航铁路(18)；统计调查(5),3424.0,89.47,1099.0,4.0,0.2,403.75,28.0,1.7,105.04,101.0,6.3,106.97,1475.0,91.7,102.98,60.0,1668.0,17.0,1651.0,high,升学后中等潜力,存在专业代码或专业名称精确匹配，并有直接学历兼容岗位。,头部院校优势主要体现在保研/读研后进入更高层级岗位。,区域重点/特色院校可重点面向省市县税务、执法、市场监管和事业单位路径。,应用本科可走县区基层、行政执法和地方单位，学校层级不宜夸大。,上海出入境边防检查总站|上海市公安局特勤局|上海铁路公安局|东北虎豹国家公园管理局|中国井冈山干部学院|中国工程院|中国残联|中国民用航空局中南地区管理局,一处一级主任科员及以下|一处一级警长及以下|一处警务技术一级主管及以下|一级主任科员及以下|一级主任科员及以下（二）|一级主办及以下|一级主办及以下（一）|一级主办及以下（七）
120104,房地产开发与管理,本科(普通),,本科,管理学,管理科学与工程类,52.8,中等适配,2026国考职位表/中央机关及直属机构口径（第三方镜像）,1594.0,0.0,1594.0,0.0,0.0,0.0,100.0,0.0,0.0,主要靠专业大类/门类岗位,税务系统(1509)；公安/移民/基层执法(44)；财政审计金融监管(27)；交通海事民航铁路(17)；海关/边检(15)；统计调查(5),3403.0,89.07,1095.0,3.0,0.2,502.67,28.0,1.8,105.04,90.0,5.6,109.04,1473.0,92.4,102.11,57.0,1651.0,0.0,1651.0,high,升学后中等潜力,主要来自专业类/学科门类宽口径匹配，报考前必须核官方专业目录。,头部院校优势主要体现在保研/读研后进入更高层级岗位。,可作为备选路径，适合叠加党员、基层项目、应届身份等条件。,可作为基层备选，但要靠地域、应届和限制条件放大机会。,上海出入境边防检查总站|上海市公安局特勤局|上海铁路公安局|东北虎豹国家公园管理局|中国井冈山干部学院|中国工程院|中国残联|中国民用航空局中南地区管理局,一处一级主任科员及以下|一处一级警长及以下|一处警务技术一级主管及以下|一级主任科员及以下|一级主任科员及以下（二）|一级主办及以下|一级主办及以下（一）|一级主办及以下（七）
120105,工程造价,本科(普通),,本科,管理学,管理科学与工程类,66.7,较强适配,2026国考职位表/中央机关及直属机构口径（第三方镜像）,1610.0,17.0,1593.0,0.0,0.0,1.1,98.9,0.0,0.0,主要靠专业大类/门类岗位,税务系统(1509)；公安/移民/基层执法(51)；财政审计金融监管(27)；海关/边检(25)；交通海事民航铁路(17)；统计调查(5),3422.0,90.8,1100.0,5.0,0.3,499.0,30.0,1.9,149.27,97.0,6.0,105.5,1478.0,91.8,104.76,57.0,1669.0,20.0,1649.0,high,升学后中等潜力,存在专业代码或专业名称精确匹配，并有直接学历兼容岗位。,头部院校优势主要体现在保研/读研后进入更高层级岗位。,区域重点/特色院校可重点面向省市县税务、执法、市场监管和事业单位路径。,应用本科可走县区基层、行政执法和地方单位，学校层级不宜夸大。,上海出入境边防检查总站|上海市公安局特勤局|上海铁路公安局|东北虎豹国家公园管理局|中国井冈山干部学院|中国工程院|中国残联|中国民用航空局中南地区管理局,一处一级主任科员及以下|一处一级警长及以下|一处警务技术一级主管及以下|一级主任科员及以下|一级主任科员及以下（二）|一级主办及以下|一级主办及以下（一）|一级主办及以下（七）
120106TK,保密管理,本科(普通),,本科,管理学,管理科学与工程类,62.8,较强适配,2026国考职位表/中央机关及直属机构口径（第三方镜像）,1601.0,7.0,1594.0,0.0,0.0,0.4,99.6,0.0,0.0,主要靠专业大类/门类岗位,税务系统(1509)；公安/移民/基层执法(49)；财政审计金融监管(28)；海关/边检(20)；交通海事民航铁路(17)；统计调查(5),3412.0,89.2,1095.0,4.0,0.2,403.75,29.0,1.8,103.97,95.0,5.9,114.21,1473.0,92.0,102.11,57.0,1658.0,7.0,1651.0,high,升学后中等潜力,存在专业代码或专业名称精确匹配，并有直接学历兼容岗位。,头部院校优势主要体现在保研/读研后进入更高层级岗位。,区域重点/特色院校可重点面向省市县税务、执法、市场监管和事业单位路径。,应用本科可走县区基层、行政执法和地方单位，学校层级不宜夸大。,上海出入境边防检查总站|上海市公安局特勤局|上海铁路公安局|东北虎豹国家公园管理局|中国井冈山干部学院|中国工程院|中国残联|中国民用航空局中南地区管理局,一处一级主任科员及以下|一处一级警长及以下|一处警务技术一级主管及以下|一级主任科员及以下|一级主任科员及以下（二）|一级主办及以下|一级主办及以下（一）|一级主办及以下（七）
120107T,邮政管理,本科(普通),,本科,管理学,管理科学与工程类,69.1,较强适配,2026国考职位表/中央机关及直属机构口径（第三方镜像）,1623.0,29.0,1594.0,0.0,0.0,1.8,98.2,0.0,0.0,主要靠专业大类/门类岗位,税务系统(1509)；公安/移民/基层执法(44)；财政审计金融监管(27)；交通海事民航铁路(17)；海关/边检(15)；统计调查(5),3432.0,89.72,1097.0,3.0,0.2,502.67,28.0,1.7,105.04,119.0,7.3,122.92,1473.0,90.8,102.11,57.0,1680.0,29.0,1651.0,high,升学后中等潜力,存在专业代码或专业名称精确匹配，并有直接学历兼容岗位。,头部院校优势主要体现在保研/读研后进入更高层级岗位。,区域重点/特色院校可重点面向省市县税务、执法、市场监管和事业单位路径。,应用本科可走县区基层、行政执法和地方单位，学校层级不宜夸大。,上海出入境边防检查总站|上海市公安局特勤局|上海铁路公安局|东北虎豹国家公园管理局|中国井冈山干部学院|中国工程院|中国残联|中国民用航空局中南地区管理局,一处一级主任科员及以下|一处一级警长及以下|一处警务技术一级主管及以下|一级主任科员及以下|一级主任科员及以下二|一级主任科员及以下（二）|一级主办及以下|一级主办及以下（一）
120108T,大数据管理与应用,本科(普通),,本科,管理学,管理科学与工程类,72.6,较强适配,2026国考职位表/中央机关及直属机构口径（第三方镜像）,1650.0,58.0,1592.0,0.0,0.0,3.5,96.5,0.0,0.0,主要靠专业大类/门类岗位,税务系统(1509)；海关/边检(66)；公安/移民/基层执法(48)；财政审计金融监管(30)；交通海事民航铁路(18)；网信/通信/信息化(11),3491.0,89.44,1140.0,3.0,0.2,502.67,33.0,2.0,133.74,99.0,6.0,106.53,1515.0,91.8,102.49,62.0,1712.0,63.0,1649.0,high,升学后中等潜力,存在专业代码或专业名称精确匹配，并有直接学历兼容岗位。,头部院校优势主要体现在保研/读研后进入更高层级岗位。,区域重点/特色院校可重点面向省市县税务、执法、市场监管和事业单位路径。,应用本科可走县区基层、行政执法和地方单位，学校层级不宜夸大。,上海出入境边防检查总站|上海市公安局特勤局|上海铁路公安局|东北虎豹国家公园管理局|中国井冈山干部学院|中国工程院|中国残联|中国民用航空局中南地区管理局,一处一级主任科员及以下|一处一级警长及以下|一处警务技术一级主管及以下|一级主任科员及以下|一级主任科员及以下（二）|一级主办及以下|一级主办及以下（一）|一级主办及以下（七）
120109T,工程审计,本科(普通),,本科,管理学,管理科学与工程类,71.1,较强适配,2026国考职位表/中央机关及直属机构口径（第三方镜像）,1637.0,44.0,1593.0,0.0,0.0,2.7,97.3,0.0,0.0,主要靠专业大类/门类岗位,税务系统(1509)；公安/移民/基层执法(57)；海关/边检(55)；财政审计金融监管(34)；交通海事民航铁路(18)；统计调查(5),3464.0,89.99,1117.0,3.0,0.2,502.67,29.0,1.8,152.45,112.0,6.8,94.76,1493.0,91.2,104.53,57.0,1694.0,45.0,1649.0,high,升学后中等潜力,存在专业代码或专业名称精确匹配，并有直接学历兼容岗位。,头部院校优势主要体现在保研/读研后进入更高层级岗位。,区域重点/特色院校可重点面向省市县税务、执法、市场监管和事业单位路径。,应用本科可走县区基层、行政执法和地方单位，学校层级不宜夸大。,上海出入境边防检查总站|上海市公安局特勤局|上海铁路公安局|东北虎豹国家公园管理局|中国井冈山干部学院|中国工程院|中国残联|中国民用航空局中南地区管理局,一处一级主任科员及以下|一处一级警长及以下|一处警务技术一级主管及以下|一级主任科员及以下|一级主任科员及以下（二）|一级主办及以下|一级主办及以下（一）|一级主办及以下（七）
120110T,计算金融,本科(普通),,本科,管理学,管理科学与工程类,63.6,较强适配,2026国考职位表/中央机关及直属机构口径（第三方镜像）,1601.0,7.0,1594.0,0.0,0.0,0.4,99.6,0.0,0.0,主要靠专业大类/门类岗位,税务系统(1509)；公安/移民/基层执法(44)；财政审计金融监管(34)；交通海事民航铁路(17)；海关/边检(15)；统计调查(5),3414.0,89.07,1101.0,3.0,0.2,502.67,34.0,2.1,102.66,91.0,5.7,109.35,1473.0,92.0,102.11,137.0,1738.0,87.0,1651.0,high,升学后较强潜力,存在专业代码或专业名称精确匹配，并有直接学历兼容岗位。,头部院校优势主要体现在保研/读研后进入更高层级岗位。,区域重点/特色院校可重点面向省市县税务、执法、市场监管和事业单位路径。,应用本科可走县区基层、行政执法和地方单位，学校层级不宜夸大。,上海出入境边防检查总站|上海市公安局特勤局|上海铁路公安局|东北虎豹国家公园管理局|中国井冈山干部学院|中国人民银行|中国人民银行上海总部|中国人民银行云南省分行,一处一级主任科员及以下|一处一级警长及以下|一处警务技术一级主管及以下|一级主任科员及以下|一级主任科员及以下（二）|一级主办及以下|一级主办及以下（一）|一级主办及以下（七）
120111T,应急管理,本科(普通),,本科,管理学,管理科学与工程类,61.4,较强适配,2026国考职位表/中央机关及直属机构口径（第三方镜像）,1599.0,5.0,1594.0,0.0,0.0,0.3,99.7,0.0,0.0,主要靠专业大类/门类岗位,税务系统(1509)；公安/移民/基层执法(45)；财政审计金融监管(27)；交通海事民航铁路(18)；海关/边检(15)；统计调查(5),3410.0,89.4,1097.0,4.0,0.3,434.83,28.0,1.8,105.04,94.0,5.9,115.74,1473.0,92.1,102.11,57.0,1656.0,5.0,1651.0,high,升学后中等潜力,存在专业代码或专业名称精确匹配，并有直接学历兼容岗位。,头部院校优势主要体现在保研/读研后进入更高层级岗位。,区域重点/特色院校可重点面向省市县税务、执法、市场监管和事业单位路径。,应用本科可走县区基层、行政执法和地方单位，学校层级不宜夸大。,上海出入境边防检查总站|上海市公安局特勤局|上海铁路公安局|东北虎豹国家公园管理局|中国井冈山干部学院|中国工程院|中国残联|中国民用航空局中南地区管理局,一处一级主任科员及以下|一处一级警长及以下|一处警务技术一级主管及以下|一级主任科员及以下|一级主任科员及以下（二）|一级主办及以下|一级主办及以下（一）|一级主办及以下（七）
120201K,工商管理,本科(普通),,本科,管理学,工商管理类,78.5,强适配,2026国考职位表/中央机关及直属机构口径（第三方镜像）,2503.0,106.0,2397.0,0.0,0.0,4.2,95.8,0.0,0.0,以对口岗位为主,税务系统(2307)；公安/移民/基层执法(86)；海关/边检(55)；交通海事民航铁路(42)；统计调查(32)；财政审计金融监管(21),5256.0,87.9,1542.0,7.0,0.3,324.93,39.0,1.6,206.74,143.0,5.7,90.12,2314.0,92.4,99.75,126.0,2629.0,177.0,2452.0,high,升学后中等潜力,存在专业代码或专业名称精确匹配，并有直接学历兼容岗位。,头部院校可把该专业作为中央/省级机关、选调和研究生岗位的主赛道之一。,区域重点/特色院校可重点面向省市县税务、执法、市场监管和事业单位路径。,应用本科可走县区基层、行政执法和地方单位，学校层级不宜夸大。,上海出入境边防检查总站|上海市公安局特勤局|上海海关缉私局|上海铁路公安局|东北虎豹国家公园管理局|中国井冈山干部学院|中国地质调查局|中国外文局,一处一级警长及以下|一级主任科员及以下|一级主任科员及以下一|一级主任科员及以下（二）|一级主任科员及以下（英语四）|一级主办及以下|一级主办及以下(一)|一级主办及以下(二)
120202,市场营销,本科(普通),,本科,管理学,工商管理类,55.7,较强适配,2026国考职位表/中央机关及直属机构口径（第三方镜像）,2461.0,0.0,2461.0,0.0,0.0,0.0,100.0,0.0,0.0,主要靠专业大类/门类岗位,税务系统(2307)；公安/移民/基层执法(73)；交通海事民航铁路(41)；海关/边检(36)；统计调查(32)；财政审计金融监管(17),5206.0,86.51,1526.0,4.0,0.2,420.62,30.0,1.2,99.9,126.0,5.1,96.37,2301.0,93.5,98.1,95.0,2556.0,2.0,2554.0,high,升学后中等潜力,主要来自专业类/学科门类宽口径匹配，报考前必须核官方专业目录。,头部院校优势主要体现在保研/读研后进入更高层级岗位。,区域重点/特色院校可重点面向省市县税务、执法、市场监管和事业单位路径。,应用本科可走县区基层、行政执法和地方单位，学校层级不宜夸大。,上海出入境边防检查总站|上海市公安局特勤局|上海海关缉私局|上海铁路公安局|东北虎豹国家公园管理局|中华全国供销合作总社|中国井冈山干部学院|中国地质调查局,一处一级警长及以下|一级主任科员及以下|一级主任科员及以下一|一级主任科员及以下（二）|一级主办及以下|一级主办及以下(一)|一级主办及以下(二)|一级主办及以下（一）
120203K,会计学,本科(普通),,本科,管理学,工商管理类,94.8,强适配,2026国考职位表/中央机关及直属机构口径（第三方镜像）,7067.0,577.0,6490.0,0.0,0.0,8.2,91.8,0.0,0.0,以对口岗位为主,税务系统(6112)；财政审计金融监管(528)；海关/边检(228)；公安/移民/基层执法(142)；统计调查(63)；交通海事民航铁路(53),14888.0,81.65,5643.0,15.0,0.2,304.12,137.0,1.9,117.89,807.0,11.4,106.08,6108.0,86.4,92.54,378.0,7445.0,657.0,6788.0,very_high,升学后较强潜力,存在专业代码或专业名称精确匹配，并有直接学历兼容岗位。,头部院校可把该专业作为中央/省级机关、选调和研究生岗位的主赛道之一。,区域重点/特色院校可重点面向省市县税务、执法、市场监管和事业单位路径。,应用本科可走县区基层、行政执法和地方单位，学校层级不宜夸大。,上海出入境边防检查总站|上海市公安局特勤局|上海海关|上海海关缉私局|上海铁路公安局|东北虎豹国家公园管理局|中国井冈山干部学院|中国人民银行,一处一级警长及以下|一级主任科员及以下|一级主任科员及以下一|一级主任科员及以下二|一级主任科员及以下（一）|一级主任科员及以下（三）|一级主任科员及以下（二）|一级主任科员及以下（英语四）
120204,财务管理,本科(普通),,本科,管理学,工商管理类,96.0,强适配,2026国考职位表/中央机关及直属机构口径（第三方镜像）,7035.0,782.0,6253.0,0.0,0.0,11.1,88.9,0.0,0.0,以对口岗位为主,税务系统(6112)；财政审计金融监管(528)；海关/边检(207)；公安/移民/基层执法(130)；统计调查(60)；交通海事民航铁路(51),14836.0,81.44,5636.0,15.0,0.2,310.92,128.0,1.8,98.84,792.0,11.3,106.25,6100.0,86.7,92.45,309.0,7344.0,915.0,6429.0,very_high,升学后较强潜力,存在专业代码或专业名称精确匹配，并有直接学历兼容岗位。,头部院校可把该专业作为中央/省级机关、选调和研究生岗位的主赛道之一。,区域重点/特色院校可重点面向省市县税务、执法、市场监管和事业单位路径。,应用本科可走县区基层、行政执法和地方单位，学校层级不宜夸大。,上海出入境边防检查总站|上海市公安局特勤局|上海海关|上海海关缉私局|上海铁路公安局|东北虎豹国家公园管理局|中国井冈山干部学院|中国人民银行,一处一级警长及以下|一级主任科员及以下|一级主任科员及以下一|一级主任科员及以下二|一级主任科员及以下（一）|一级主任科员及以下（三）|一级主任科员及以下（二）|一级主办及以下
120205,国际商务,本科(普通),,本科,管理学,工商管理类,65.1,较强适配,2026国考职位表/中央机关及直属机构口径（第三方镜像）,2467.0,6.0,2461.0,0.0,0.0,0.2,99.8,0.0,0.0,主要靠专业大类/门类岗位,税务系统(2307)；公安/移民/基层执法(73)；海关/边检(41)；交通海事民航铁路(41)；统计调查(32)；财政审计金融监管(17),5214.0,86.74,1531.0,5.0,0.2,395.9,31.0,1.3,129.58,126.0,5.1,96.37,2305.0,93.4,98.05,99.0,2566.0,13.0,2553.0,high,升学后中等潜力,存在专业代码或专业名称精确匹配，并有直接学历兼容岗位。,头部院校优势主要体现在保研/读研后进入更高层级岗位。,区域重点/特色院校可重点面向省市县税务、执法、市场监管和事业单位路径。,应用本科可走县区基层、行政执法和地方单位，学校层级不宜夸大。,上海出入境边防检查总站|上海市公安局特勤局|上海海关缉私局|上海铁路公安局|东北虎豹国家公园管理局|中国井冈山干部学院|中国人民银行|中国地质调查局,一处一级警长及以下|一级主任科员及以下|一级主任科员及以下一|一级主任科员及以下（二）|一级主办及以下|一级主办及以下(一)|一级主办及以下(二)|一级主办及以下（一）
120206,人力资源管理,本科(普通),,本科,管理学,工商管理类,73.3,较强适配,2026国考职位表/中央机关及直属机构口径（第三方镜像）,2499.0,38.0,2461.0,0.0,0.0,1.5,98.5,0.0,0.0,主要靠专业大类/门类岗位,税务系统(2307)；公安/移民/基层执法(79)；交通海事民航铁路(48)；海关/边检(45)；财政审计金融监管(36)；统计调查(32),5255.0,87.03,1542.0,5.0,0.2,460.7,32.0,1.3,113.05,157.0,6.3,105.64,2305.0,92.2,98.2,98.0,2597.0,43.0,2554.0,high,升学后中等潜力,存在专业代码或专业名称精确匹配，并有直接学历兼容岗位。,头部院校优势主要体现在保研/读研后进入更高层级岗位。,区域重点/特色院校可重点面向省市县税务、执法、市场监管和事业单位路径。,应用本科可走县区基层、行政执法和地方单位，学校层级不宜夸大。,上海出入境边防检查总站|上海市公安局特勤局|上海海关缉私局|上海铁路公安局|东北虎豹国家公园管理局|中国井冈山干部学院|中国人民银行四川省分行|中国人民银行宁夏回族自治区分行,一处一级警长及以下|一级主任科员及以下|一级主任科员及以下一|一级主任科员及以下（二）|一级主办及以下|一级主办及以下(一)|一级主办及以下(二)|一级主办及以下（一）
120207,审计学,本科(普通),,本科,管理学,工商管理类,94.0,强适配,2026国考职位表/中央机关及直属机构口径（第三方镜像）,7008.0,499.0,6509.0,0.0,0.0,7.1,92.9,0.0,0.0,以对口岗位为主,税务系统(6112)；财政审计金融监管(533)；海关/边检(223)；公安/移民/基层执法(138)；交通海事民航铁路(48)；统计调查(40),14822.0,81.2,5626.0,9.0,0.1,261.48,136.0,1.9,114.99,783.0,11.2,103.28,6080.0,86.8,92.41,360.0,7368.0,537.0,6831.0,very_high,升学后较强潜力,存在专业代码或专业名称精确匹配，并有直接学历兼容岗位。,头部院校可把该专业作为中央/省级机关、选调和研究生岗位的主赛道之一。,区域重点/特色院校可重点面向省市县税务、执法、市场监管和事业单位路径。,应用本科可走县区基层、行政执法和地方单位，学校层级不宜夸大。,上海出入境边防检查总站|上海市公安局特勤局|上海海关|上海海关缉私局|上海铁路公安局|东北虎豹国家公园管理局|中国井冈山干部学院|中国人民银行,一处一级警长及以下|一级主任科员及以下|一级主任科员及以下一|一级主任科员及以下（一）|一级主任科员及以下（三）|一级主任科员及以下（二）|一级主办及以下|一级主办及以下(一)
120208,资产评估,本科(普通),,本科,管理学,工商管理类,85.7,强适配,2026国考职位表/中央机关及直属机构口径（第三方镜像）,6337.0,73.0,6264.0,0.0,0.0,1.2,98.8,0.0,0.0,主要靠专业大类/门类岗位,税务系统(6112)；财政审计金融监管(82)；公安/移民/基层执法(76)；海关/边检(41)；交通海事民航铁路(41)；统计调查(32),13932.0,78.84,5158.0,5.0,0.1,358.5,101.0,1.6,75.56,465.0,7.3,101.12,5766.0,91.0,89.4,204.0,6541.0,98.0,6443.0,very_high,升学后较强潜力,存在专业代码或专业名称精确匹配，并有直接学历兼容岗位。,头部院校可把该专业作为中央/省级机关、选调和研究生岗位的主赛道之一。,区域重点/特色院校可重点面向省市县税务、执法、市场监管和事业单位路径。,应用本科可走县区基层、行政执法和地方单位，学校层级不宜夸大。,上海出入境边防检查总站|上海市公安局特勤局|上海海关缉私局|上海铁路公安局|东北虎豹国家公园管理局|中国井冈山干部学院|中国地质调查局|中国外文局,一处一级警长及以下|一级主任科员及以下|一级主任科员及以下一|一级主任科员及以下（一）|一级主任科员及以下（三）|一级主任科员及以下（二）|一级主办及以下|一级主办及以下(一)
120209,物业管理,本科(普通),,本科,管理学,工商管理类,59.0,较强适配,2026国考职位表/中央机关及直属机构口径（第三方镜像）,2462.0,1.0,2461.0,0.0,0.0,0.0,100.0,0.0,0.0,主要靠专业大类/门类岗位,税务系统(2307)；公安/移民/基层执法(74)；交通海事民航铁路(41)；海关/边检(37)；统计调查(32)；财政审计金融监管(17),5208.0,86.48,1526.0,4.0,0.2,420.62,30.0,1.2,99.9,127.0,5.2,95.67,2301.0,93.5,98.1,93.0,2555.0,1.0,2554.0,high,升学后中等潜力,存在专业代码或专业名称精确匹配，并有直接学历兼容岗位。,头部院校优势主要体现在保研/读研后进入更高层级岗位。,区域重点/特色院校可重点面向省市县税务、执法、市场监管和事业单位路径。,应用本科可走县区基层、行政执法和地方单位，学校层级不宜夸大。,上海出入境边防检查总站|上海市公安局特勤局|上海海关缉私局|上海铁路公安局|东北虎豹国家公园管理局|中国井冈山干部学院|中国地质调查局|中国外文局,一处一级警长及以下|一级主任科员及以下|一级主任科员及以下一|一级主任科员及以下（二）|一级主办及以下|一级主办及以下(一)|一级主办及以下(二)|一级主办及以下（一）
120210,文化产业管理,本科(普通),,本科,管理学,工商管理类,60.9,较强适配,2026国考职位表/中央机关及直属机构口径（第三方镜像）,2463.0,2.0,2461.0,0.0,0.0,0.1,99.9,0.0,0.0,主要靠专业大类/门类岗位,税务系统(2307)；公安/移民/基层执法(75)；交通海事民航铁路(41)；海关/边检(38)；统计调查(32)；财政审计金融监管(17),5215.0,86.38,1526.0,4.0,0.2,420.62,30.0,1.2,99.9,128.0,5.2,95.05,2301.0,93.4,98.1,93.0,2556.0,2.0,2554.0,high,升学后中等潜力,存在专业代码或专业名称精确匹配，并有直接学历兼容岗位。,头部院校优势主要体现在保研/读研后进入更高层级岗位。,区域重点/特色院校可重点面向省市县税务、执法、市场监管和事业单位路径。,应用本科可走县区基层、行政执法和地方单位，学校层级不宜夸大。,上海出入境边防检查总站|上海市公安局特勤局|上海海关缉私局|上海铁路公安局|东北虎豹国家公园管理局|中国井冈山干部学院|中国地质调查局|中国外文局,一处一级警长及以下|一级主任科员及以下|一级主任科员及以下一|一级主任科员及以下（二）|一级主办及以下|一级主办及以下(一)|一级主办及以下(二)|一级主办及以下（一）
120211T,劳动关系,本科(普通),,本科,管理学,工商管理类,63.4,较强适配,2026国考职位表/中央机关及直属机构口径（第三方镜像）,2465.0,4.0,2461.0,0.0,0.0,0.2,99.8,0.0,0.0,主要靠专业大类/门类岗位,税务系统(2307)；公安/移民/基层执法(73)；交通海事民航铁路(43)；海关/边检(36)；统计调查(32)；财政审计金融监管(19),5210.0,86.58,1530.0,4.0,0.2,420.62,30.0,1.2,99.9,129.0,5.2,96.91,2302.0,93.4,98.21,94.0,2559.0,5.0,2554.0,high,升学后中等潜力,存在专业代码或专业名称精确匹配，并有直接学历兼容岗位。,头部院校优势主要体现在保研/读研后进入更高层级岗位。,区域重点/特色院校可重点面向省市县税务、执法、市场监管和事业单位路径。,应用本科可走县区基层、行政执法和地方单位，学校层级不宜夸大。,上海出入境边防检查总站|上海市公安局特勤局|上海海关缉私局|上海铁路公安局|东北虎豹国家公园管理局|中国井冈山干部学院|中国地质调查局|中国外文局,一处一级警长及以下|一级主任科员及以下|一级主任科员及以下一|一级主任科员及以下（二）|一级主办及以下|一级主办及以下(一)|一级主办及以下(二)|一级主办及以下（一）
120212T,体育经济与管理,本科(普通),,本科,管理学,工商管理类,55.7,较强适配,2026国考职位表/中央机关及直属机构口径（第三方镜像）,2461.0,0.0,2461.0,0.0,0.0,0.0,100.0,0.0,0.0,主要靠专业大类/门类岗位,税务系统(2307)；公安/移民/基层执法(73)；交通海事民航铁路(41)；海关/边检(36)；统计调查(32)；财政审计金融监管(17),5206.0,86.51,1526.0,4.0,0.2,420.62,30.0,1.2,99.9,126.0,5.1,96.37,2301.0,93.5,98.1,93.0,2554.0,0.0,2554.0,high,升学后中等潜力,主要来自专业类/学科门类宽口径匹配，报考前必须核官方专业目录。,头部院校优势主要体现在保研/读研后进入更高层级岗位。,区域重点/特色院校可重点面向省市县税务、执法、市场监管和事业单位路径。,应用本科可走县区基层、行政执法和地方单位，学校层级不宜夸大。,上海出入境边防检查总站|上海市公安局特勤局|上海海关缉私局|上海铁路公安局|东北虎豹国家公园管理局|中国井冈山干部学院|中国地质调查局|中国外文局,一处一级警长及以下|一级主任科员及以下|一级主任科员及以下一|一级主任科员及以下（二）|一级主办及以下|一级主办及以下(一)|一级主办及以下(二)|一级主办及以下（一）
120213T,财务会计教育,本科(普通),,本科,管理学,工商管理类,84.6,强适配,2026国考职位表/中央机关及直属机构口径（第三方镜像）,6326.0,60.0,6266.0,0.0,0.0,0.9,99.1,0.0,0.0,主要靠专业大类/门类岗位,税务系统(6112)；公安/移民/基层执法(75)；财政审计金融监管(60)；海关/边检(42)；交通海事民航铁路(41)；统计调查(32),13905.0,78.87,5146.0,4.0,0.1,420.62,92.0,1.5,75.58,471.0,7.4,102.1,5759.0,91.0,89.28,182.0,6508.0,62.0,6446.0,very_high,升学后较强潜力,存在专业代码或专业名称精确匹配，并有直接学历兼容岗位。,头部院校可把该专业作为中央/省级机关、选调和研究生岗位的主赛道之一。,区域重点/特色院校可重点面向省市县税务、执法、市场监管和事业单位路径。,应用本科可走县区基层、行政执法和地方单位，学校层级不宜夸大。,上海出入境边防检查总站|上海市公安局特勤局|上海海关缉私局|上海铁路公安局|东北虎豹国家公园管理局|中国井冈山干部学院|中国地质调查局|中国外文局,一处一级警长及以下|一级主任科员及以下|一级主任科员及以下一|一级主任科员及以下（一）|一级主任科员及以下（三）|一级主任科员及以下（二）|一级主办及以下|一级主办及以下(一)
120214T,市场营销教育,本科(普通),,本科,管理学,工商管理类,55.7,较强适配,2026国考职位表/中央机关及直属机构口径（第三方镜像）,2461.0,0.0,2461.0,0.0,0.0,0.0,100.0,0.0,0.0,主要靠专业大类/门类岗位,税务系统(2307)；公安/移民/基层执法(73)；交通海事民航铁路(41)；海关/边检(36)；统计调查(32)；财政审计金融监管(17),5206.0,86.51,1526.0,4.0,0.2,420.62,30.0,1.2,99.9,126.0,5.1,96.37,2301.0,93.5,98.1,93.0,2554.0,0.0,2554.0,high,升学后中等潜力,主要来自专业类/学科门类宽口径匹配，报考前必须核官方专业目录。,头部院校优势主要体现在保研/读研后进入更高层级岗位。,区域重点/特色院校可重点面向省市县税务、执法、市场监管和事业单位路径。,应用本科可走县区基层、行政执法和地方单位，学校层级不宜夸大。,上海出入境边防检查总站|上海市公安局特勤局|上海海关缉私局|上海铁路公安局|东北虎豹国家公园管理局|中国井冈山干部学院|中国地质调查局|中国外文局,一处一级警长及以下|一级主任科员及以下|一级主任科员及以下一|一级主任科员及以下（二）|一级主办及以下|一级主办及以下(一)|一级主办及以下(二)|一级主办及以下（一）
120215T,零售业管理,本科(普通),,本科,管理学,工商管理类,55.7,较强适配,2026国考职位表/中央机关及直属机构口径（第三方镜像）,2461.0,0.0,2461.0,0.0,0.0,0.0,100.0,0.0,0.0,主要靠专业大类/门类岗位,税务系统(2307)；公安/移民/基层执法(73)；交通海事民航铁路(41)；海关/边检(36)；统计调查(32)；财政审计金融监管(17),5206.0,86.51,1526.0,4.0,0.2,420.62,30.0,1.2,99.9,126.0,5.1,96.37,2301.0,93.5,98.1,93.0,2554.0,0.0,2554.0,high,升学后中等潜力,主要来自专业类/学科门类宽口径匹配，报考前必须核官方专业目录。,头部院校优势主要体现在保研/读研后进入更高层级岗位。,区域重点/特色院校可重点面向省市县税务、执法、市场监管和事业单位路径。,应用本科可走县区基层、行政执法和地方单位，学校层级不宜夸大。,上海出入境边防检查总站|上海市公安局特勤局|上海海关缉私局|上海铁路公安局|东北虎豹国家公园管理局|中国井冈山干部学院|中国地质调查局|中国外文局,一处一级警长及以下|一级主任科员及以下|一级主任科员及以下一|一级主任科员及以下（二）|一级主办及以下|一级主办及以下(一)|一级主办及以下(二)|一级主办及以下（一）
120216T,创业管理,本科(普通),,本科,管理学,工商管理类,55.7,较强适配,2026国考职位表/中央机关及直属机构口径（第三方镜像）,2461.0,0.0,2461.0,0.0,0.0,0.0,100.0,0.0,0.0,主要靠专业大类/门类岗位,税务系统(2307)；公安/移民/基层执法(73)；交通海事民航铁路(41)；海关/边检(36)；统计调查(32)；财政审计金融监管(17),5206.0,86.51,1526.0,4.0,0.2,420.62,30.0,1.2,99.9,126.0,5.1,96.37,2301.0,93.5,98.1,93.0,2554.0,0.0,2554.0,high,升学后中等潜力,主要来自专业类/学科门类宽口径匹配，报考前必须核官方专业目录。,头部院校优势主要体现在保研/读研后进入更高层级岗位。,区域重点/特色院校可重点面向省市县税务、执法、市场监管和事业单位路径。,应用本科可走县区基层、行政执法和地方单位，学校层级不宜夸大。,上海出入境边防检查总站|上海市公安局特勤局|上海海关缉私局|上海铁路公安局|东北虎豹国家公园管理局|中国井冈山干部学院|中国地质调查局|中国外文局,一处一级警长及以下|一级主任科员及以下|一级主任科员及以下一|一级主任科员及以下（二）|一级主办及以下|一级主办及以下(一)|一级主办及以下(二)|一级主办及以下（一）
120217TK,海关稽查,本科(普通),,本科,管理学,工商管理类,82.9,强适配,2026国考职位表/中央机关及直属机构口径（第三方镜像）,2728.0,267.0,2461.0,0.0,0.0,9.8,90.2,0.0,0.0,以对口岗位为主,税务系统(2307)；海关/边检(303)；公安/移民/基层执法(73)；交通海事民航铁路(41)；统计调查(32)；财政审计金融监管(17),5716.0,87.08,1793.0,4.0,0.1,420.62,30.0,1.1,99.9,136.0,5.0,91.85,2558.0,93.8,101.24,93.0,2821.0,267.0,2554.0,very_high,升学后中等潜力,存在专业代码或专业名称精确匹配，并有直接学历兼容岗位。,头部院校可把该专业作为中央/省级机关、选调和研究生岗位的主赛道之一。,区域重点/特色院校可重点面向省市县税务、执法、市场监管和事业单位路径。,应用本科可走县区基层、行政执法和地方单位，学校层级不宜夸大。,上海出入境边防检查总站|上海市公安局特勤局|上海海关|上海海关缉私局|上海铁路公安局|东北虎豹国家公园管理局|中国井冈山干部学院|中国地质调查局,一处一级警长及以下|一级主任科员及以下|一级主任科员及以下一|一级主任科员及以下（二）|一级主办及以下|一级主办及以下(一)|一级主办及以下(二)|一级主办及以下（一）
120218T,内部审计,本科(普通),,本科,管理学,工商管理类,70.4,较强适配,2026国考职位表/中央机关及直属机构口径（第三方镜像）,2481.0,20.0,2461.0,0.0,0.0,0.8,99.2,0.0,0.0,主要靠专业大类/门类岗位,税务系统(2307)；公安/移民/基层执法(78)；海关/边检(45)；交通海事民航铁路(41)；统计调查(32)；财政审计金融监管(24),5230.0,86.51,1535.0,4.0,0.2,420.62,35.0,1.4,114.5,138.0,5.6,92.24,2304.0,92.9,98.05,95.0,2576.0,22.0,2554.0,high,升学后中等潜力,存在专业代码或专业名称精确匹配，并有直接学历兼容岗位。,头部院校优势主要体现在保研/读研后进入更高层级岗位。,区域重点/特色院校可重点面向省市县税务、执法、市场监管和事业单位路径。,应用本科可走县区基层、行政执法和地方单位，学校层级不宜夸大。,上海出入境边防检查总站|上海市公安局特勤局|上海海关缉私局|上海铁路公安局|东北虎豹国家公园管理局|中国井冈山干部学院|中国地质调查局|中国外文局,一处一级警长及以下|一级主任科员及以下|一级主任科员及以下一|一级主任科员及以下（二）|一级主办及以下|一级主办及以下(一)|一级主办及以下(二)|一级主办及以下（一）
120301,农林经济管理,本科(普通),,本科,管理学,农业经济管理类,54.4,中等适配,2026国考职位表/中央机关及直属机构口径（第三方镜像）,325.0,11.0,314.0,0.0,0.0,3.4,96.6,0.0,0.0,主要靠专业大类/门类岗位,税务系统(265)；统计调查(28)；公安/移民/基层执法(27)；海关/边检(11)；交通海事民航铁路(4)；生态环境/自然资源/农业水利(1),677.0,84.13,276.0,1.0,0.3,107.0,13.0,4.0,14.54,17.0,5.2,69.74,294.0,90.5,101.28,37.0,362.0,25.0,337.0,medium,升学后中等潜力,存在专业代码或专业名称精确匹配，并有直接学历兼容岗位。,可以考，但院校层级优势有限，更依赖岗位地区和限制条件。,可作为备选路径，适合叠加党员、基层项目、应届身份等条件。,可作为基层备选，但要靠地域、应届和限制条件放大机会。,上海出入境边防检查总站|上海市公安局特勤局|东北虎豹国家公园管理局|中华全国供销合作总社|公安部|内蒙古出入境边防检查总站|农业农村部|北京市公安局特勤局,一级主任科员及以下|一级主办及以下|一级主办及以下（三）|一级行政执法员|一级行政执法员（一）|一级行政执法员（七）|一级行政执法员（三）|一级行政执法员（二）
120302,农村区域发展,本科(普通),,本科,管理学,农业经济管理类,48.8,中等适配,2026国考职位表/中央机关及直属机构口径（第三方镜像）,318.0,3.0,315.0,0.0,0.0,0.9,99.1,0.0,0.0,主要靠专业大类/门类岗位,税务系统(265)；公安/移民/基层执法(27)；统计调查(22)；海关/边检(10)；交通海事民航铁路(4)；生态环境/自然资源/农业水利(1),670.0,84.43,271.0,1.0,0.3,107.0,13.0,4.1,14.54,17.0,5.3,69.74,287.0,90.3,102.4,25.0,343.0,3.0,340.0,medium,升学后中等潜力,存在专业代码或专业名称精确匹配，并有直接学历兼容岗位。,可以考，但院校层级优势有限，更依赖岗位地区和限制条件。,可作为备选路径，适合叠加党员、基层项目、应届身份等条件。,可作为基层备选，但要靠地域、应届和限制条件放大机会。,上海出入境边防检查总站|上海市公安局特勤局|东北虎豹国家公园管理局|公安部|内蒙古出入境边防检查总站|农业农村部|北京市公安局特勤局|北京铁路公安局,一级主任科员及以下|一级主办及以下|一级主办及以下（三）|一级行政执法员|一级行政执法员（一）|一级行政执法员（七）|一级行政执法员（三）|一级行政执法员（二）
120303TK,乡村治理,本科(普通),,本科,管理学,农业经济管理类,42.2,中等适配,2026国考职位表/中央机关及直属机构口径（第三方镜像）,315.0,0.0,315.0,0.0,0.0,0.0,100.0,0.0,0.0,主要靠专业大类/门类岗位,税务系统(265)；公安/移民/基层执法(27)；统计调查(22)；海关/边检(10)；交通海事民航铁路(4)；生态环境/自然资源/农业水利(1),667.0,84.31,270.0,1.0,0.3,107.0,13.0,4.1,14.54,17.0,5.4,69.74,284.0,90.2,102.29,25.0,340.0,0.0,340.0,medium,升学后中等潜力,主要来自专业类/学科门类宽口径匹配，报考前必须核官方专业目录。,可以考，但院校层级优势有限，更依赖岗位地区和限制条件。,可作为备选路径，适合叠加党员、基层项目、应届身份等条件。,可作为基层备选，但要靠地域、应届和限制条件放大机会。,上海出入境边防检查总站|上海市公安局特勤局|公安部|内蒙古出入境边防检查总站|农业农村部|北京市公安局特勤局|北京铁路公安局|南宁铁路公安局,一级主任科员及以下|一级主办及以下|一级主办及以下（三）|一级行政执法员|一级行政执法员（一）|一级行政执法员（七）|一级行政执法员（三）|一级行政执法员（二）
120401,公共事业管理,本科(普通),,本科,管理学,公共管理类,68.8,较强适配,2026国考职位表/中央机关及直属机构口径（第三方镜像）,1695.0,27.0,1668.0,0.0,0.0,1.6,98.4,0.0,0.0,主要靠专业大类/门类岗位,税务系统(1588)；公安/移民/基层执法(48)；财政审计金融监管(29)；海关/边检(26)；交通海事民航铁路(22)；统计调查(1),3569.0,82.66,846.0,3.0,0.2,100.67,27.0,1.6,105.43,98.0,5.8,152.82,1567.0,92.4,92.87,68.0,1763.0,29.0,1734.0,high,升学后中等潜力,存在专业代码或专业名称精确匹配，并有直接学历兼容岗位。,头部院校优势主要体现在保研/读研后进入更高层级岗位。,区域重点/特色院校可重点面向省市县税务、执法、市场监管和事业单位路径。,应用本科可走县区基层、行政执法和地方单位，学校层级不宜夸大。,上海出入境边防检查总站|上海市公安局特勤局|上海市邮政管理局|上海铁路公安局|东北虎豹国家公园管理局|中国井冈山干部学院|中国人民银行四川省分行|中国人民银行宁夏回族自治区分行,一处一级主任科员及以下|一级主任科员及以下|一级主任科员及以下一|一级主任科员及以下二|一级主办及以下|一级主办及以下（一）|一级主办及以下（三）|一级主办及以下（二十一）
120402,行政管理,本科(普通),,本科,管理学,公共管理类,73.4,较强适配,2026国考职位表/中央机关及直属机构口径（第三方镜像）,1735.0,68.0,1667.0,0.0,0.0,3.9,96.1,0.0,0.0,主要靠专业大类/门类岗位,税务系统(1588)；公安/移民/基层执法(54)；财政审计金融监管(41)；海关/边检(34)；交通海事民航铁路(24)；统计调查(3),3616.0,83.9,861.0,6.0,0.3,278.0,28.0,1.6,105.77,125.0,7.2,154.22,1576.0,90.8,92.9,82.0,1817.0,84.0,1733.0,high,升学后中等潜力,存在专业代码或专业名称精确匹配，并有直接学历兼容岗位。,头部院校优势主要体现在保研/读研后进入更高层级岗位。,区域重点/特色院校可重点面向省市县税务、执法、市场监管和事业单位路径。,应用本科可走县区基层、行政执法和地方单位，学校层级不宜夸大。,上海出入境边防检查总站|上海市公安局特勤局|上海市邮政管理局|上海铁路公安局|东北虎豹国家公园管理局|中国井冈山干部学院|中国人民银行四川省分行|中国人民银行宁夏回族自治区分行,一处一级主任科员及以下|一级主任科员及以下|一级主任科员及以下一|一级主任科员及以下二|一级主办及以下|一级主办及以下（一）|一级主办及以下（三）|一级主办及以下（二十一）
120403,劳动与社会保障,本科(普通),,本科,管理学,公共管理类,74.3,较强适配,2026国考职位表/中央机关及直属机构口径（第三方镜像）,3062.0,21.0,3041.0,0.0,0.0,0.7,99.3,0.0,0.0,主要靠专业大类/门类岗位,税务系统(2961)；公安/移民/基层执法(47)；财政审计金融监管(30)；交通海事民航铁路(24)；海关/边检(21)；统计调查(1),6571.0,79.39,2096.0,4.0,0.1,159.5,60.0,2.0,91.7,140.0,4.6,132.98,2858.0,93.3,90.24,83.0,3145.0,21.0,3124.0,very_high,升学后中等潜力,存在专业代码或专业名称精确匹配，并有直接学历兼容岗位。,头部院校优势主要体现在保研/读研后进入更高层级岗位。,区域重点/特色院校可重点面向省市县税务、执法、市场监管和事业单位路径。,应用本科可走县区基层、行政执法和地方单位，学校层级不宜夸大。,上海出入境边防检查总站|上海市公安局特勤局|上海市邮政管理局|上海铁路公安局|东北虎豹国家公园管理局|中国井冈山干部学院|中国人民银行四川省分行|中国人民银行宁夏回族自治区分行,一处一级主任科员及以下|一级主任科员及以下|一级主任科员及以下一|一级主任科员及以下二|一级主任科员及以下（二）|一级主办及以下|一级主办及以下（一）|一级主办及以下（三）
120404,土地资源管理,本科(普通),,本科,管理学,公共管理类,60.7,较强适配,2026国考职位表/中央机关及直属机构口径（第三方镜像）,1687.0,4.0,1683.0,0.0,0.0,0.2,99.8,0.0,0.0,主要靠专业大类/门类岗位,税务系统(1588)；公安/移民/基层执法(48)；财政审计金融监管(27)；海关/边检(22)；交通海事民航铁路(22)；生态环境/自然资源/农业水利(3),3558.0,82.57,845.0,3.0,0.2,100.67,30.0,1.8,146.15,91.0,5.4,146.25,1563.0,92.6,92.44,71.0,1758.0,9.0,1749.0,high,升学后中等潜力,存在专业代码或专业名称精确匹配，并有直接学历兼容岗位。,头部院校优势主要体现在保研/读研后进入更高层级岗位。,区域重点/特色院校可重点面向省市县税务、执法、市场监管和事业单位路径。,应用本科可走县区基层、行政执法和地方单位，学校层级不宜夸大。,上海出入境边防检查总站|上海市公安局特勤局|上海市邮政管理局|上海铁路公安局|东北虎豹国家公园管理局|中国井冈山干部学院|中国人民银行四川省分行|中国人民银行宁夏回族自治区分行,一处一级主任科员及以下|一级主任科员及以下|一级主任科员及以下一|一级主任科员及以下二|一级主办及以下|一级主办及以下（一）|一级主办及以下（三）|一级主办及以下（二十一）
120405,城市管理,本科(普通),,本科,管理学,公共管理类,56.3,较强适配,2026国考职位表/中央机关及直属机构口径（第三方镜像）,1684.0,1.0,1683.0,0.0,0.0,0.1,99.9,0.0,0.0,主要靠专业大类/门类岗位,税务系统(1588)；公安/移民/基层执法(47)；财政审计金融监管(27)；交通海事民航铁路(22)；海关/边检(21)；生态环境/自然资源/农业水利(2),3554.0,82.38,845.0,3.0,0.2,100.67,28.0,1.7,120.84,90.0,5.3,147.79,1563.0,92.8,92.44,68.0,1752.0,3.0,1749.0,high,升学后中等潜力,存在专业代码或专业名称精确匹配，并有直接学历兼容岗位。,头部院校优势主要体现在保研/读研后进入更高层级岗位。,区域重点/特色院校可重点面向省市县税务、执法、市场监管和事业单位路径。,应用本科可走县区基层、行政执法和地方单位，学校层级不宜夸大。,上海出入境边防检查总站|上海市公安局特勤局|上海市邮政管理局|上海铁路公安局|东北虎豹国家公园管理局|中国井冈山干部学院|中国人民银行四川省分行|中国人民银行宁夏回族自治区分行,一处一级主任科员及以下|一级主任科员及以下|一级主任科员及以下一|一级主任科员及以下二|一级主办及以下|一级主办及以下（一）|一级主办及以下（三）|一级主办及以下（二十一）
120406TK,海关管理,本科(普通),,本科,管理学,公共管理类,80.4,强适配,2026国考职位表/中央机关及直属机构口径（第三方镜像）,1950.0,267.0,1683.0,0.0,0.0,13.7,86.3,0.0,0.0,以对口岗位为主,税务系统(1588)；海关/边检(288)；公安/移民/基层执法(47)；财政审计金融监管(27)；交通海事民航铁路(22)；统计调查(1),4063.0,83.59,1112.0,3.0,0.2,100.67,27.0,1.4,105.43,100.0,5.1,136.5,1820.0,93.3,97.65,66.0,2016.0,267.0,1749.0,high,升学后中等潜力,存在专业代码或专业名称精确匹配，并有直接学历兼容岗位。,头部院校可把该专业作为中央/省级机关、选调和研究生岗位的主赛道之一。,区域重点/特色院校可重点面向省市县税务、执法、市场监管和事业单位路径。,应用本科可走县区基层、行政执法和地方单位，学校层级不宜夸大。,上海出入境边防检查总站|上海市公安局特勤局|上海市邮政管理局|上海海关|上海铁路公安局|东北虎豹国家公园管理局|中国井冈山干部学院|中国人民银行四川省分行,一处一级主任科员及以下|一级主任科员及以下|一级主任科员及以下一|一级主任科员及以下二|一级主办及以下|一级主办及以下（一）|一级主办及以下（三）|一级主办及以下（二十一）
120407T,交通管理,本科(普通),,本科,管理学,公共管理类,62.8,较强适配,2026国考职位表/中央机关及直属机构口径（第三方镜像）,1690.0,7.0,1683.0,0.0,0.0,0.4,99.6,0.0,0.0,主要靠专业大类/门类岗位,税务系统(1588)；公安/移民/基层执法(51)；财政审计金融监管(27)；海关/边检(25)；交通海事民航铁路(25)；统计调查(1),3584.0,81.65,847.0,3.0,0.2,100.67,27.0,1.6,105.43,97.0,5.7,138.7,1563.0,92.5,92.44,66.0,1756.0,7.0,1749.0,high,升学后中等潜力,存在专业代码或专业名称精确匹配，并有直接学历兼容岗位。,头部院校优势主要体现在保研/读研后进入更高层级岗位。,区域重点/特色院校可重点面向省市县税务、执法、市场监管和事业单位路径。,应用本科可走县区基层、行政执法和地方单位，学校层级不宜夸大。,上海出入境边防检查总站|上海市公安局特勤局|上海市邮政管理局|上海铁路公安局|东北虎豹国家公园管理局|中国井冈山干部学院|中国人民银行四川省分行|中国人民银行宁夏回族自治区分行,一处一级主任科员及以下|一级主任科员及以下|一级主任科员及以下一|一级主任科员及以下二|一级主办及以下|一级主办及以下（一）|一级主办及以下（三）|一级主办及以下（二十一）
120408T,海事管理,本科(普通),,本科,管理学,公共管理类,70.5,较强适配,2026国考职位表/中央机关及直属机构口径（第三方镜像）,1721.0,38.0,1683.0,0.0,0.0,2.2,97.8,0.0,0.0,主要靠专业大类/门类岗位,税务系统(1588)；交通海事民航铁路(60)；公安/移民/基层执法(47)；财政审计金融监管(27)；海关/边检(21)；统计调查(1),3595.0,82.58,878.0,3.0,0.2,100.67,27.0,1.6,105.43,128.0,7.4,136.05,1563.0,90.8,92.44,70.0,1791.0,42.0,1749.0,high,升学后中等潜力,存在专业代码或专业名称精确匹配，并有直接学历兼容岗位。,头部院校优势主要体现在保研/读研后进入更高层级岗位。,区域重点/特色院校可重点面向省市县税务、执法、市场监管和事业单位路径。,应用本科可走县区基层、行政执法和地方单位，学校层级不宜夸大。,上海出入境边防检查总站|上海市公安局特勤局|上海市邮政管理局|上海海事局|上海铁路公安局|东北虎豹国家公园管理局|中国井冈山干部学院|中国人民银行四川省分行,一处一级主任科员及以下|一级主任科员及以下|一级主任科员及以下一|一级主任科员及以下二|一级主办及以下|一级主办及以下（一）|一级主办及以下（三）|一级主办及以下（二十一）
120409T,公共关系学,本科(普通),,本科,管理学,公共管理类,52.9,中等适配,2026国考职位表/中央机关及直属机构口径（第三方镜像）,1683.0,0.0,1683.0,0.0,0.0,0.0,100.0,0.0,0.0,主要靠专业大类/门类岗位,税务系统(1588)；公安/移民/基层执法(47)；财政审计金融监管(27)；交通海事民航铁路(22)；海关/边检(21)；统计调查(1),3553.0,82.25,845.0,3.0,0.2,100.67,27.0,1.6,105.43,90.0,5.3,147.79,1563.0,92.9,92.44,66.0,1749.0,0.0,1749.0,high,升学后中等潜力,主要来自专业类/学科门类宽口径匹配，报考前必须核官方专业目录。,头部院校优势主要体现在保研/读研后进入更高层级岗位。,可作为备选路径，适合叠加党员、基层项目、应届身份等条件。,可作为基层备选，但要靠地域、应届和限制条件放大机会。,上海出入境边防检查总站|上海市公安局特勤局|上海市邮政管理局|上海铁路公安局|东北虎豹国家公园管理局|中国井冈山干部学院|中国人民银行四川省分行|中国人民银行宁夏回族自治区分行,一处一级主任科员及以下|一级主任科员及以下|一级主任科员及以下一|一级主任科员及以下二|一级主办及以下|一级主办及以下（一）|一级主办及以下（三）|一级主办及以下（二十一）
120410T,健康服务与管理,本科(普通),,本科,管理学,公共管理类,52.9,中等适配,2026国考职位表/中央机关及直属机构口径（第三方镜像）,1683.0,0.0,1683.0,0.0,0.0,0.0,100.0,0.0,0.0,主要靠专业大类/门类岗位,税务系统(1588)；公安/移民/基层执法(47)；财政审计金融监管(27)；交通海事民航铁路(22)；海关/边检(21)；统计调查(1),3553.0,82.25,845.0,3.0,0.2,100.67,27.0,1.6,105.43,90.0,5.3,147.79,1563.0,92.9,92.44,66.0,1749.0,0.0,1749.0,high,升学后中等潜力,主要来自专业类/学科门类宽口径匹配，报考前必须核官方专业目录。,头部院校优势主要体现在保研/读研后进入更高层级岗位。,可作为备选路径，适合叠加党员、基层项目、应届身份等条件。,可作为基层备选，但要靠地域、应届和限制条件放大机会。,上海出入境边防检查总站|上海市公安局特勤局|上海市邮政管理局|上海铁路公安局|东北虎豹国家公园管理局|中国井冈山干部学院|中国人民银行四川省分行|中国人民银行宁夏回族自治区分行,一处一级主任科员及以下|一级主任科员及以下|一级主任科员及以下一|一级主任科员及以下二|一级主办及以下|一级主办及以下（一）|一级主办及以下（三）|一级主办及以下（二十一）
120411TK,海警后勤管理,本科(普通),,本科,管理学,公共管理类,52.9,中等适配,2026国考职位表/中央机关及直属机构口径（第三方镜像）,1683.0,0.0,1683.0,0.0,0.0,0.0,100.0,0.0,0.0,主要靠专业大类/门类岗位,税务系统(1588)；公安/移民/基层执法(47)；财政审计金融监管(27)；交通海事民航铁路(22)；海关/边检(21)；统计调查(1),3553.0,82.25,845.0,3.0,0.2,100.67,27.0,1.6,105.43,90.0,5.3,147.79,1563.0,92.9,92.44,66.0,1749.0,0.0,1749.0,high,升学后中等潜力,主要来自专业类/学科门类宽口径匹配，报考前必须核官方专业目录。,头部院校优势主要体现在保研/读研后进入更高层级岗位。,可作为备选路径，适合叠加党员、基层项目、应届身份等条件。,可作为基层备选，但要靠地域、应届和限制条件放大机会。,上海出入境边防检查总站|上海市公安局特勤局|上海市邮政管理局|上海铁路公安局|东北虎豹国家公园管理局|中国井冈山干部学院|中国人民银行四川省分行|中国人民银行宁夏回族自治区分行,一处一级主任科员及以下|一级主任科员及以下|一级主任科员及以下一|一级主任科员及以下二|一级主办及以下|一级主办及以下（一）|一级主办及以下（三）|一级主办及以下（二十一）
120412T,医疗产品管理,本科(普通),,本科,管理学,公共管理类,52.9,中等适配,2026国考职位表/中央机关及直属机构口径（第三方镜像）,1683.0,0.0,1683.0,0.0,0.0,0.0,100.0,0.0,0.0,主要靠专业大类/门类岗位,税务系统(1588)；公安/移民/基层执法(47)；财政审计金融监管(27)；交通海事民航铁路(22)；海关/边检(21)；统计调查(1),3553.0,82.25,845.0,3.0,0.2,100.67,27.0,1.6,105.43,90.0,5.3,147.79,1563.0,92.9,92.44,66.0,1749.0,0.0,1749.0,high,升学后中等潜力,主要来自专业类/学科门类宽口径匹配，报考前必须核官方专业目录。,头部院校优势主要体现在保研/读研后进入更高层级岗位。,可作为备选路径，适合叠加党员、基层项目、应届身份等条件。,可作为基层备选，但要靠地域、应届和限制条件放大机会。,上海出入境边防检查总站|上海市公安局特勤局|上海市邮政管理局|上海铁路公安局|东北虎豹国家公园管理局|中国井冈山干部学院|中国人民银行四川省分行|中国人民银行宁夏回族自治区分行,一处一级主任科员及以下|一级主任科员及以下|一级主任科员及以下一|一级主任科员及以下二|一级主办及以下|一级主办及以下（一）|一级主办及以下（三）|一级主办及以下（二十一）
120413T,医疗保险,本科(普通),,本科,管理学,公共管理类,52.9,中等适配,2026国考职位表/中央机关及直属机构口径（第三方镜像）,1683.0,0.0,1683.0,0.0,0.0,0.0,100.0,0.0,0.0,主要靠专业大类/门类岗位,税务系统(1588)；公安/移民/基层执法(47)；财政审计金融监管(27)；交通海事民航铁路(22)；海关/边检(21)；统计调查(1),3553.0,82.25,845.0,3.0,0.2,100.67,27.0,1.6,105.43,90.0,5.3,147.79,1563.0,92.9,92.44,66.0,1749.0,0.0,1749.0,high,升学后中等潜力,主要来自专业类/学科门类宽口径匹配，报考前必须核官方专业目录。,头部院校优势主要体现在保研/读研后进入更高层级岗位。,可作为备选路径，适合叠加党员、基层项目、应届身份等条件。,可作为基层备选，但要靠地域、应届和限制条件放大机会。,上海出入境边防检查总站|上海市公安局特勤局|上海市邮政管理局|上海铁路公安局|东北虎豹国家公园管理局|中国井冈山干部学院|中国人民银行四川省分行|中国人民银行宁夏回族自治区分行,一处一级主任科员及以下|一级主任科员及以下|一级主任科员及以下一|一级主任科员及以下二|一级主办及以下|一级主办及以下（一）|一级主办及以下（三）|一级主办及以下（二十一）
120414T,养老服务管理,本科(普通),,本科,管理学,公共管理类,52.9,中等适配,2026国考职位表/中央机关及直属机构口径（第三方镜像）,1683.0,0.0,1683.0,0.0,0.0,0.0,100.0,0.0,0.0,主要靠专业大类/门类岗位,税务系统(1588)；公安/移民/基层执法(47)；财政审计金融监管(27)；交通海事民航铁路(22)；海关/边检(21)；统计调查(1),3553.0,82.25,845.0,3.0,0.2,100.67,27.0,1.6,105.43,90.0,5.3,147.79,1563.0,92.9,92.44,66.0,1749.0,0.0,1749.0,high,升学后中等潜力,主要来自专业类/学科门类宽口径匹配，报考前必须核官方专业目录。,头部院校优势主要体现在保研/读研后进入更高层级岗位。,可作为备选路径，适合叠加党员、基层项目、应届身份等条件。,可作为基层备选，但要靠地域、应届和限制条件放大机会。,上海出入境边防检查总站|上海市公安局特勤局|上海市邮政管理局|上海铁路公安局|东北虎豹国家公园管理局|中国井冈山干部学院|中国人民银行四川省分行|中国人民银行宁夏回族自治区分行,一处一级主任科员及以下|一级主任科员及以下|一级主任科员及以下一|一级主任科员及以下二|一级主办及以下|一级主办及以下（一）|一级主办及以下（三）|一级主办及以下（二十一）
120415TK,海关检验检疫安全,本科(普通),,本科,管理学,公共管理类,80.4,强适配,2026国考职位表/中央机关及直属机构口径（第三方镜像）,1950.0,267.0,1683.0,0.0,0.0,13.7,86.3,0.0,0.0,以对口岗位为主,税务系统(1588)；海关/边检(288)；公安/移民/基层执法(47)；财政审计金融监管(27)；交通海事民航铁路(22)；统计调查(1),4063.0,83.59,1112.0,3.0,0.2,100.67,27.0,1.4,105.43,100.0,5.1,136.5,1820.0,93.3,97.65,66.0,2016.0,267.0,1749.0,high,升学后中等潜力,存在专业代码或专业名称精确匹配，并有直接学历兼容岗位。,头部院校可把该专业作为中央/省级机关、选调和研究生岗位的主赛道之一。,区域重点/特色院校可重点面向省市县税务、执法、市场监管和事业单位路径。,应用本科可走县区基层、行政执法和地方单位，学校层级不宜夸大。,上海出入境边防检查总站|上海市公安局特勤局|上海市邮政管理局|上海海关|上海铁路公安局|东北虎豹国家公园管理局|中国井冈山干部学院|中国人民银行四川省分行,一处一级主任科员及以下|一级主任科员及以下|一级主任科员及以下一|一级主任科员及以下二|一级主办及以下|一级主办及以下（一）|一级主办及以下（三）|一级主办及以下（二十一）
120416TK,海外安全管理,本科(普通),,本科,管理学,公共管理类,52.9,中等适配,2026国考职位表/中央机关及直属机构口径（第三方镜像）,1683.0,0.0,1683.0,0.0,0.0,0.0,100.0,0.0,0.0,主要靠专业大类/门类岗位,税务系统(1588)；公安/移民/基层执法(47)；财政审计金融监管(27)；交通海事民航铁路(22)；海关/边检(21)；统计调查(1),3553.0,82.25,845.0,3.0,0.2,100.67,27.0,1.6,105.43,90.0,5.3,147.79,1563.0,92.9,92.44,66.0,1749.0,0.0,1749.0,high,升学后中等潜力,主要来自专业类/学科门类宽口径匹配，报考前必须核官方专业目录。,头部院校优势主要体现在保研/读研后进入更高层级岗位。,可作为备选路径，适合叠加党员、基层项目、应届身份等条件。,可作为基层备选，但要靠地域、应届和限制条件放大机会。,上海出入境边防检查总站|上海市公安局特勤局|上海市邮政管理局|上海铁路公安局|东北虎豹国家公园管理局|中国井冈山干部学院|中国人民银行四川省分行|中国人民银行宁夏回族自治区分行,一处一级主任科员及以下|一级主任科员及以下|一级主任科员及以下一|一级主任科员及以下二|一级主办及以下|一级主办及以下（一）|一级主办及以下（三）|一级主办及以下（二十一）
120417T,自然资源登记与管理,本科(普通),,本科,管理学,公共管理类,52.9,中等适配,2026国考职位表/中央机关及直属机构口径（第三方镜像）,1683.0,0.0,1683.0,0.0,0.0,0.0,100.0,0.0,0.0,主要靠专业大类/门类岗位,税务系统(1588)；公安/移民/基层执法(47)；财政审计金融监管(27)；交通海事民航铁路(22)；海关/边检(21)；统计调查(1),3553.0,82.25,845.0,3.0,0.2,100.67,27.0,1.6,105.43,90.0,5.3,147.79,1563.0,92.9,92.44,66.0,1749.0,0.0,1749.0,high,升学后中等潜力,主要来自专业类/学科门类宽口径匹配，报考前必须核官方专业目录。,头部院校优势主要体现在保研/读研后进入更高层级岗位。,可作为备选路径，适合叠加党员、基层项目、应届身份等条件。,可作为基层备选，但要靠地域、应届和限制条件放大机会。,上海出入境边防检查总站|上海市公安局特勤局|上海市邮政管理局|上海铁路公安局|东北虎豹国家公园管理局|中国井冈山干部学院|中国人民银行四川省分行|中国人民银行宁夏回族自治区分行,一处一级主任科员及以下|一级主任科员及以下|一级主任科员及以下一|一级主任科员及以下二|一级主办及以下|一级主办及以下（一）|一级主办及以下（三）|一级主办及以下（二十一）
120418T,慈善管理,本科(普通),,本科,管理学,公共管理类,52.9,中等适配,2026国考职位表/中央机关及直属机构口径（第三方镜像）,1683.0,0.0,1683.0,0.0,0.0,0.0,100.0,0.0,0.0,主要靠专业大类/门类岗位,税务系统(1588)；公安/移民/基层执法(47)；财政审计金融监管(27)；交通海事民航铁路(22)；海关/边检(21)；统计调查(1),3553.0,82.25,845.0,3.0,0.2,100.67,27.0,1.6,105.43,90.0,5.3,147.79,1563.0,92.9,92.44,66.0,1749.0,0.0,1749.0,high,升学后中等潜力,主要来自专业类/学科门类宽口径匹配，报考前必须核官方专业目录。,头部院校优势主要体现在保研/读研后进入更高层级岗位。,可作为备选路径，适合叠加党员、基层项目、应届身份等条件。,可作为基层备选，但要靠地域、应届和限制条件放大机会。,上海出入境边防检查总站|上海市公安局特勤局|上海市邮政管理局|上海铁路公安局|东北虎豹国家公园管理局|中国井冈山干部学院|中国人民银行四川省分行|中国人民银行宁夏回族自治区分行,一处一级主任科员及以下|一级主任科员及以下|一级主任科员及以下一|一级主任科员及以下二|一级主办及以下|一级主办及以下（一）|一级主办及以下（三）|一级主办及以下（二十一）
120419TK,航空安防管理,本科(普通),,本科,管理学,公共管理类,52.9,中等适配,2026国考职位表/中央机关及直属机构口径（第三方镜像）,1683.0,0.0,1683.0,0.0,0.0,0.0,100.0,0.0,0.0,主要靠专业大类/门类岗位,税务系统(1588)；公安/移民/基层执法(47)；财政审计金融监管(27)；交通海事民航铁路(22)；海关/边检(21)；统计调查(1),3553.0,82.25,845.0,3.0,0.2,100.67,27.0,1.6,105.43,90.0,5.3,147.79,1563.0,92.9,92.44,66.0,1749.0,0.0,1749.0,high,升学后中等潜力,主要来自专业类/学科门类宽口径匹配，报考前必须核官方专业目录。,头部院校优势主要体现在保研/读研后进入更高层级岗位。,可作为备选路径，适合叠加党员、基层项目、应届身份等条件。,可作为基层备选，但要靠地域、应届和限制条件放大机会。,上海出入境边防检查总站|上海市公安局特勤局|上海市邮政管理局|上海铁路公安局|东北虎豹国家公园管理局|中国井冈山干部学院|中国人民银行四川省分行|中国人民银行宁夏回族自治区分行,一处一级主任科员及以下|一级主任科员及以下|一级主任科员及以下一|一级主任科员及以下二|一级主办及以下|一级主办及以下（一）|一级主办及以下（三）|一级主办及以下（二十一）
120420TK,无障碍管理,本科(普通),,本科,管理学,公共管理类,52.9,中等适配,2026国考职位表/中央机关及直属机构口径（第三方镜像）,1683.0,0.0,1683.0,0.0,0.0,0.0,100.0,0.0,0.0,主要靠专业大类/门类岗位,税务系统(1588)；公安/移民/基层执法(47)；财政审计金融监管(27)；交通海事民航铁路(22)；海关/边检(21)；统计调查(1),3553.0,82.25,845.0,3.0,0.2,100.67,27.0,1.6,105.43,90.0,5.3,147.79,1563.0,92.9,92.44,66.0,1749.0,0.0,1749.0,high,升学后中等潜力,主要来自专业类/学科门类宽口径匹配，报考前必须核官方专业目录。,头部院校优势主要体现在保研/读研后进入更高层级岗位。,可作为备选路径，适合叠加党员、基层项目、应届身份等条件。,可作为基层备选，但要靠地域、应届和限制条件放大机会。,上海出入境边防检查总站|上海市公安局特勤局|上海市邮政管理局|上海铁路公安局|东北虎豹国家公园管理局|中国井冈山干部学院|中国人民银行四川省分行|中国人民银行宁夏回族自治区分行,一处一级主任科员及以下|一级主任科员及以下|一级主任科员及以下一|一级主任科员及以下二|一级主办及以下|一级主办及以下（一）|一级主办及以下（三）|一级主办及以下（二十一）
120421TK,人才发展与管理,本科(普通),,本科,管理学,公共管理类,52.9,中等适配,2026国考职位表/中央机关及直属机构口径（第三方镜像）,1683.0,0.0,1683.0,0.0,0.0,0.0,100.0,0.0,0.0,主要靠专业大类/门类岗位,税务系统(1588)；公安/移民/基层执法(47)；财政审计金融监管(27)；交通海事民航铁路(22)；海关/边检(21)；统计调查(1),3553.0,82.25,845.0,3.0,0.2,100.67,27.0,1.6,105.43,90.0,5.3,147.79,1563.0,92.9,92.44,66.0,1749.0,0.0,1749.0,high,升学后中等潜力,主要来自专业类/学科门类宽口径匹配，报考前必须核官方专业目录。,头部院校优势主要体现在保研/读研后进入更高层级岗位。,可作为备选路径，适合叠加党员、基层项目、应届身份等条件。,可作为基层备选，但要靠地域、应届和限制条件放大机会。,上海出入境边防检查总站|上海市公安局特勤局|上海市邮政管理局|上海铁路公安局|东北虎豹国家公园管理局|中国井冈山干部学院|中国人民银行四川省分行|中国人民银行宁夏回族自治区分行,一处一级主任科员及以下|一级主任科员及以下|一级主任科员及以下一|一级主任科员及以下二|一级主办及以下|一级主办及以下（一）|一级主办及以下（三）|一级主办及以下（二十一）
120501,图书馆学,本科(普通),,本科,管理学,图书情报与档案管理类,57.0,较强适配,2026国考职位表/中央机关及直属机构口径（第三方镜像）,668.0,7.0,661.0,0.0,0.0,1.0,99.0,0.0,0.0,主要靠专业大类/门类岗位,税务系统(615)；公安/移民/基层执法(37)；海关/边检(21)；交通海事民航铁路(14)；财政审计金融监管(4),1342.0,80.74,488.0,0.0,0.0,,29.0,4.3,93.62,31.0,4.6,48.4,608.0,91.0,97.35,31.0,699.0,9.0,690.0,medium,升学后中等潜力,存在专业代码或专业名称精确匹配，并有直接学历兼容岗位。,可以考，但院校层级优势有限，更依赖岗位地区和限制条件。,区域重点/特色院校可重点面向省市县税务、执法、市场监管和事业单位路径。,应用本科可走县区基层、行政执法和地方单位，学校层级不宜夸大。,上海出入境边防检查总站|上海市公安局特勤局|中国残联|中国藏学研究中心|中国证券监督管理委员会广东监管局|中国证券监督管理委员会广西监管局|中国证券监督管理委员会新疆监管局|中国证券监督管理委员会江苏监管局,一处一级警长及以下|一级主任科员及以下|一级主办及以下|一级主办及以下（一）|一级主办及以下（三）|一级主办及以下（二十一）|一级主办及以下（二十四）|一级主办及以下（二）
120502,档案学,本科(普通),,本科,管理学,图书情报与档案管理类,62.1,较强适配,2026国考职位表/中央机关及直属机构口径（第三方镜像）,681.0,21.0,660.0,0.0,0.0,3.1,96.9,0.0,0.0,主要靠专业大类/门类岗位,税务系统(615)；公安/移民/基层执法(40)；海关/边检(27)；交通海事民航铁路(15)；财政审计金融监管(9)；党政综合/办公厅(1),1361.0,81.57,494.0,1.0,0.1,621.0,30.0,4.4,91.77,37.0,5.4,55.42,613.0,90.0,97.37,34.0,715.0,26.0,689.0,medium,升学后中等潜力,存在专业代码或专业名称精确匹配，并有直接学历兼容岗位。,可以考，但院校层级优势有限，更依赖岗位地区和限制条件。,区域重点/特色院校可重点面向省市县税务、执法、市场监管和事业单位路径。,应用本科可走县区基层、行政执法和地方单位，学校层级不宜夸大。,上海出入境边防检查总站|上海市公安局特勤局|中华全国供销合作总社|中国工程院|中国残联|中国民用航空局西南地区管理局|中国藏学研究中心|中国证券监督管理委员会广东监管局,一处一级警长及以下|一级主任科员及以下|一级主办及以下|一级主办及以下（一）|一级主办及以下（三）|一级主办及以下（二十一）|一级主办及以下（二十四）|一级主办及以下（二）
120503,信息资源管理,本科(普通),,本科,管理学,图书情报与档案管理类,61.8,较强适配,2026国考职位表/中央机关及直属机构口径（第三方镜像）,673.0,20.0,653.0,0.0,0.0,3.0,97.0,0.0,0.0,主要靠专业大类/门类岗位,税务系统(615)；公安/移民/基层执法(37)；海关/边检(22)；交通海事民航铁路(14)；财政审计金融监管(6),1348.0,80.75,489.0,2.0,0.3,107.0,30.0,4.5,92.57,32.0,4.8,51.2,609.0,90.5,97.22,34.0,707.0,35.0,672.0,medium,升学后中等潜力,存在专业代码或专业名称精确匹配，并有直接学历兼容岗位。,可以考，但院校层级优势有限，更依赖岗位地区和限制条件。,区域重点/特色院校可重点面向省市县税务、执法、市场监管和事业单位路径。,应用本科可走县区基层、行政执法和地方单位，学校层级不宜夸大。,上海出入境边防检查总站|上海市公安局特勤局|中华全国供销合作总社|中国残联|中国藏学研究中心|中国证券监督管理委员会广东监管局|中国证券监督管理委员会广西监管局|中国证券监督管理委员会新疆监管局,一处一级警长及以下|一级主任科员及以下|一级主办及以下|一级主办及以下（一）|一级主办及以下（三）|一级主办及以下（二十一）|一级主办及以下（二十四）|一级主办及以下（二）
120601,物流管理,本科(普通),,本科,管理学,物流管理与工程类,71.5,较强适配,2026国考职位表/中央机关及直属机构口径（第三方镜像）,394.0,367.0,27.0,0.0,0.0,93.1,6.9,0.0,0.0,以对口岗位为主,税务系统(330)；公安/移民/基层执法(29)；海关/边检(21)；交通海事民航铁路(5),847.0,93.29,320.0,0.0,0.0,,16.0,4.1,94.06,42.0,10.7,122.51,336.0,85.3,106.24,19.0,413.0,369.0,44.0,medium,升学后中等潜力,存在专业代码或专业名称精确匹配，并有直接学历兼容岗位。,可以考，但院校层级优势有限，更依赖岗位地区和限制条件。,区域重点/特色院校可重点面向省市县税务、执法、市场监管和事业单位路径。,应用本科可走县区基层、行政执法和地方单位，学校层级不宜夸大。,上海出入境边防检查总站|上海市公安局特勤局|云南出入境边防检查总站|公安部|内蒙古出入境边防检查总站|内蒙古自治区邮政管理局|北京市公安局特勤局|北京市邮政管理局,一级主任科员及以下|一级主任科员及以下二|一级主办及以下|一级科员|一级科员一|一级科员二|一级行政执法员|一级行政执法员（一）
120602,物流工程,本科(普通),,本科,管理学,物流管理与工程类,57.5,较强适配,2026国考职位表/中央机关及直属机构口径（第三方镜像）,379.0,19.0,360.0,0.0,0.0,5.0,95.0,0.0,0.0,主要靠专业大类/门类岗位,税务系统(330)；公安/移民/基层执法(27)；海关/边检(14)；交通海事民航铁路(5),830.0,92.64,314.0,0.0,0.0,,16.0,4.2,94.06,32.0,8.4,109.94,331.0,87.3,106.67,20.0,399.0,20.0,379.0,medium,升学后中等潜力,存在专业代码或专业名称精确匹配，并有直接学历兼容岗位。,可以考，但院校层级优势有限，更依赖岗位地区和限制条件。,区域重点/特色院校可重点面向省市县税务、执法、市场监管和事业单位路径。,应用本科可走县区基层、行政执法和地方单位，学校层级不宜夸大。,上海出入境边防检查总站|上海市公安局特勤局|交通运输部|公安部|内蒙古出入境边防检查总站|内蒙古自治区邮政管理局|北京市公安局特勤局|北京市邮政管理局,一级主任科员及以下|一级主任科员及以下一|一级主任科员及以下二|一级主办及以下|一级科员|一级行政执法员|一级行政执法员（一）|一级行政执法员（七）
120603T,采购管理,本科(普通),,本科,管理学,物流管理与工程类,52.4,中等适配,2026国考职位表/中央机关及直属机构口径（第三方镜像）,367.0,6.0,361.0,0.0,0.0,1.6,98.4,0.0,0.0,主要靠专业大类/门类岗位,税务系统(330)；公安/移民/基层执法(33)；海关/边检(16)；交通海事民航铁路(5),825.0,90.4,312.0,0.0,0.0,,16.0,4.4,94.06,23.0,6.3,52.63,328.0,89.4,106.94,19.0,386.0,6.0,380.0,medium,升学后中等潜力,存在专业代码或专业名称精确匹配，并有直接学历兼容岗位。,可以考，但院校层级优势有限，更依赖岗位地区和限制条件。,可作为备选路径，适合叠加党员、基层项目、应届身份等条件。,可作为基层备选，但要靠地域、应届和限制条件放大机会。,上海出入境边防检查总站|上海市公安局特勤局|云南出入境边防检查总站|公安部|内蒙古出入境边防检查总站|北京市公安局特勤局|北京铁路公安局|南宁铁路公安局,一级主任科员及以下|一级主办及以下|一级行政执法员|一级行政执法员（一）|一级行政执法员（七）|一级行政执法员（三）|一级行政执法员（九）|一级行政执法员（二）
120604T,供应链管理,本科(普通),,本科,管理学,物流管理与工程类,49.7,中等适配,2026国考职位表/中央机关及直属机构口径（第三方镜像）,364.0,3.0,361.0,0.0,0.0,0.8,99.2,0.0,0.0,主要靠专业大类/门类岗位,税务系统(330)；公安/移民/基层执法(27)；海关/边检(13)；交通海事民航铁路(5),815.0,91.32,314.0,0.0,0.0,,16.0,4.4,94.06,18.0,4.9,65.89,330.0,90.7,106.61,20.0,384.0,4.0,380.0,medium,升学后中等潜力,存在专业代码或专业名称精确匹配，并有直接学历兼容岗位。,可以考，但院校层级优势有限，更依赖岗位地区和限制条件。,可作为备选路径，适合叠加党员、基层项目、应届身份等条件。,可作为基层备选，但要靠地域、应届和限制条件放大机会。,上海出入境边防检查总站|上海市公安局特勤局|中国贸促会|公安部|内蒙古出入境边防检查总站|北京市公安局特勤局|北京铁路公安局|南宁铁路公安局,一级主任科员及以下|一级主办及以下|一级行政执法员|一级行政执法员（一）|一级行政执法员（七）|一级行政执法员（三）|一级行政执法员（九）|一级行政执法员（二）
120702T,标准化工程,本科(普通),,本科,管理学,工业工程类,45.0,中等适配,2026国考职位表/中央机关及直属机构口径（第三方镜像）,377.0,0.0,377.0,0.0,0.0,0.0,100.0,0.0,0.0,主要靠专业大类/门类岗位,税务系统(349)；公安/移民/基层执法(27)；海关/边检(10)；交通海事民航铁路(4)；市场监管/知识产权(1),858.0,73.53,244.0,1.0,0.3,126.0,13.0,3.4,14.54,14.0,3.7,51.68,349.0,92.6,84.1,21.0,398.0,0.0,398.0,medium,升学后中等潜力,主要来自专业类/学科门类宽口径匹配，报考前必须核官方专业目录。,可以考，但院校层级优势有限，更依赖岗位地区和限制条件。,可作为备选路径，适合叠加党员、基层项目、应届身份等条件。,可作为基层备选，但要靠地域、应届和限制条件放大机会。,上海出入境边防检查总站|上海市公安局特勤局|公安部|内蒙古出入境边防检查总站|北京市公安局特勤局|北京铁路公安局|南宁铁路公安局|国务院参事室,一级主任科员及以下|一级主办及以下|一级主办及以下（一）|一级主办及以下（二）|一级行政执法员|一级行政执法员（一）|一级行政执法员（七）|一级行政执法员（三）
120703T,质量管理工程,本科(普通),,本科,管理学,工业工程类,45.0,中等适配,2026国考职位表/中央机关及直属机构口径（第三方镜像）,377.0,0.0,377.0,0.0,0.0,0.0,100.0,0.0,0.0,主要靠专业大类/门类岗位,税务系统(349)；公安/移民/基层执法(27)；海关/边检(10)；交通海事民航铁路(4)；市场监管/知识产权(1),858.0,73.53,244.0,1.0,0.3,126.0,13.0,3.4,14.54,14.0,3.7,51.68,349.0,92.6,84.1,21.0,398.0,0.0,398.0,medium,升学后中等潜力,主要来自专业类/学科门类宽口径匹配，报考前必须核官方专业目录。,可以考，但院校层级优势有限，更依赖岗位地区和限制条件。,可作为备选路径，适合叠加党员、基层项目、应届身份等条件。,可作为基层备选，但要靠地域、应届和限制条件放大机会。,上海出入境边防检查总站|上海市公安局特勤局|公安部|内蒙古出入境边防检查总站|北京市公安局特勤局|北京铁路公安局|南宁铁路公安局|国务院参事室,一级主任科员及以下|一级主办及以下|一级主办及以下（一）|一级主办及以下（二）|一级行政执法员|一级行政执法员（一）|一级行政执法员（七）|一级行政执法员（三）
120801,电子商务,本科(普通),,本科,管理学,电子商务类,61.7,较强适配,2026国考职位表/中央机关及直属机构口径（第三方镜像）,1344.0,9.0,1335.0,0.0,0.0,0.7,99.3,0.0,0.0,主要靠专业大类/门类岗位,税务系统(1307)；公安/移民/基层执法(29)；海关/边检(19)；交通海事民航铁路(4),2814.0,87.83,849.0,0.0,0.0,,25.0,1.9,89.04,41.0,3.1,94.5,1278.0,95.1,104.14,21.0,1365.0,10.0,1355.0,high,升学后中等潜力,存在专业代码或专业名称精确匹配，并有直接学历兼容岗位。,可以考，但院校层级优势有限，更依赖岗位地区和限制条件。,区域重点/特色院校可重点面向省市县税务、执法、市场监管和事业单位路径。,应用本科可走县区基层、行政执法和地方单位，学校层级不宜夸大。,上海出入境边防检查总站|上海市公安局特勤局|中国贸促会|乌鲁木齐海关|公安部|内蒙古出入境边防检查总站|北京出入境边防检查总站|北京市公安局特勤局,一级主任科员及以下|一级主办及以下|一级主办及以下（一）|一级主办及以下（三）|一级主办及以下（二十一）|一级主办及以下（二十四）|一级主办及以下（二）|一级主办及以下（五）
120802T,电子商务及法律,本科(普通),,本科,管理学,电子商务类,55.9,较强适配,2026国考职位表/中央机关及直属机构口径（第三方镜像）,1337.0,2.0,1335.0,0.0,0.0,0.1,99.9,0.0,0.0,主要靠专业大类/门类岗位,税务系统(1307)；公安/移民/基层执法(28)；海关/边检(13)；交通海事民航铁路(4),2799.0,88.01,844.0,0.0,0.0,,25.0,1.9,89.04,39.0,2.9,86.47,1273.0,95.2,104.4,20.0,1357.0,2.0,1355.0,high,升学后中等潜力,存在专业代码或专业名称精确匹配，并有直接学历兼容岗位。,可以考，但院校层级优势有限，更依赖岗位地区和限制条件。,区域重点/特色院校可重点面向省市县税务、执法、市场监管和事业单位路径。,应用本科可走县区基层、行政执法和地方单位，学校层级不宜夸大。,上海出入境边防检查总站|上海市公安局特勤局|乌鲁木齐海关|公安部|内蒙古出入境边防检查总站|北京出入境边防检查总站|北京市公安局特勤局|北京铁路公安局,一级主任科员及以下|一级主办及以下|一级主办及以下（一）|一级主办及以下（三）|一级主办及以下（二十一）|一级主办及以下（二十四）|一级主办及以下（二）|一级主办及以下（五）
120803T,跨境电子商务,本科(普通),,本科,管理学,电子商务类,59.2,较强适配,2026国考职位表/中央机关及直属机构口径（第三方镜像）,1340.0,5.0,1335.0,0.0,0.0,0.4,99.6,0.0,0.0,主要靠专业大类/门类岗位,税务系统(1307)；公安/移民/基层执法(28)；海关/边检(16)；交通海事民航铁路(4),2806.0,87.72,847.0,0.0,0.0,,25.0,1.9,89.04,39.0,2.9,86.47,1276.0,95.2,103.95,21.0,1361.0,6.0,1355.0,high,升学后中等潜力,存在专业代码或专业名称精确匹配，并有直接学历兼容岗位。,可以考，但院校层级优势有限，更依赖岗位地区和限制条件。,区域重点/特色院校可重点面向省市县税务、执法、市场监管和事业单位路径。,应用本科可走县区基层、行政执法和地方单位，学校层级不宜夸大。,上海出入境边防检查总站|上海市公安局特勤局|中国贸促会|公安部|内蒙古出入境边防检查总站|北京出入境边防检查总站|北京市公安局特勤局|北京铁路公安局,一级主任科员及以下|一级主办及以下|一级主办及以下（一）|一级主办及以下（三）|一级主办及以下（二十一）|一级主办及以下（二十四）|一级主办及以下（二）|一级主办及以下（五）
120901K,旅游管理,本科(普通),,本科,管理学,旅游管理类,31.6,弱适配,2026国考职位表/中央机关及直属机构口径（第三方镜像）,30.0,2.0,28.0,0.0,0.0,6.7,93.3,0.0,0.0,主要靠专业大类/门类岗位,公安/移民/基层执法(30)；海关/边检(12)；交通海事民航铁路(5),42.0,54.71,0.0,0.0,0.0,,13.0,43.3,14.54,17.0,56.7,81.74,0.0,0.0,,17.0,47.0,2.0,45.0,limited,升学后中等潜力,存在专业代码或专业名称精确匹配，并有直接学历兼容岗位。,可以考，但院校层级优势有限，更依赖岗位地区和限制条件。,岗位窗口较窄，建议只作为就业备选项。,不适合作为普通应用院校的考公主卖点。,上海出入境边防检查总站|上海市公安局特勤局|公安部|内蒙古出入境边防检查总站|北京市公安局特勤局|北京铁路公安局|南宁铁路公安局|吉林出入境边防检查总站,一级主任科员及以下|一级警长及以下（一）|一级警长及以下（七）|一级警长及以下（五）|一级警长及以下（八）|一级警长及以下（六）|业务处室一级主任科员及以下|业务处室一级主任科员及以下2
120902,酒店管理,本科(普通),,本科,管理学,旅游管理类,25.9,弱适配,2026国考职位表/中央机关及直属机构口径（第三方镜像）,28.0,0.0,28.0,0.0,0.0,0.0,100.0,0.0,0.0,主要靠专业大类/门类岗位,公安/移民/基层执法(28)；海关/边检(10)；交通海事民航铁路(5),37.0,59.14,0.0,0.0,0.0,,13.0,46.4,14.54,15.0,53.6,86.9,0.0,0.0,,17.0,45.0,0.0,45.0,limited,升学后中等潜力,主要来自专业类/学科门类宽口径匹配，报考前必须核官方专业目录。,可以考，但院校层级优势有限，更依赖岗位地区和限制条件。,岗位窗口较窄，建议只作为就业备选项。,不适合作为普通应用院校的考公主卖点。,上海出入境边防检查总站|上海市公安局特勤局|公安部|内蒙古出入境边防检查总站|北京市公安局特勤局|北京铁路公安局|南宁铁路公安局|国务院参事室,一级主任科员及以下|一级警长及以下（一）|一级警长及以下（七）|一级警长及以下（五）|一级警长及以下（八）|一级警长及以下（六）|业务处室一级主任科员及以下|业务处室一级主任科员及以下2
120903,会展经济与管理,本科(普通),,本科,管理学,旅游管理类,25.9,弱适配,2026国考职位表/中央机关及直属机构口径（第三方镜像）,28.0,0.0,28.0,0.0,0.0,0.0,100.0,0.0,0.0,主要靠专业大类/门类岗位,公安/移民/基层执法(28)；海关/边检(10)；交通海事民航铁路(5),37.0,59.14,0.0,0.0,0.0,,13.0,46.4,14.54,15.0,53.6,86.9,0.0,0.0,,17.0,45.0,0.0,45.0,limited,升学后中等潜力,主要来自专业类/学科门类宽口径匹配，报考前必须核官方专业目录。,可以考，但院校层级优势有限，更依赖岗位地区和限制条件。,岗位窗口较窄，建议只作为就业备选项。,不适合作为普通应用院校的考公主卖点。,上海出入境边防检查总站|上海市公安局特勤局|公安部|内蒙古出入境边防检查总站|北京市公安局特勤局|北京铁路公安局|南宁铁路公安局|国务院参事室,一级主任科员及以下|一级警长及以下（一）|一级警长及以下（七）|一级警长及以下（五）|一级警长及以下（八）|一级警长及以下（六）|业务处室一级主任科员及以下|业务处室一级主任科员及以下2
120904T,旅游管理与服务教育,本科(普通),,本科,管理学,旅游管理类,25.9,弱适配,2026国考职位表/中央机关及直属机构口径（第三方镜像）,28.0,0.0,28.0,0.0,0.0,0.0,100.0,0.0,0.0,主要靠专业大类/门类岗位,公安/移民/基层执法(28)；海关/边检(10)；交通海事民航铁路(5),37.0,59.14,0.0,0.0,0.0,,13.0,46.4,14.54,15.0,53.6,86.9,0.0,0.0,,17.0,45.0,0.0,45.0,limited,升学后中等潜力,主要来自专业类/学科门类宽口径匹配，报考前必须核官方专业目录。,可以考，但院校层级优势有限，更依赖岗位地区和限制条件。,岗位窗口较窄，建议只作为就业备选项。,不适合作为普通应用院校的考公主卖点。,上海出入境边防检查总站|上海市公安局特勤局|公安部|内蒙古出入境边防检查总站|北京市公安局特勤局|北京铁路公安局|南宁铁路公安局|国务院参事室,一级主任科员及以下|一级警长及以下（一）|一级警长及以下（七）|一级警长及以下（五）|一级警长及以下（八）|一级警长及以下（六）|业务处室一级主任科员及以下|业务处室一级主任科员及以下2
120905TK,国际邮轮管理,本科(普通),,本科,管理学,旅游管理类,25.9,弱适配,2026国考职位表/中央机关及直属机构口径（第三方镜像）,28.0,0.0,28.0,0.0,0.0,0.0,100.0,0.0,0.0,主要靠专业大类/门类岗位,公安/移民/基层执法(28)；海关/边检(10)；交通海事民航铁路(5),37.0,59.14,0.0,0.0,0.0,,13.0,46.4,14.54,15.0,53.6,86.9,0.0,0.0,,17.0,45.0,0.0,45.0,limited,升学后中等潜力,主要来自专业类/学科门类宽口径匹配，报考前必须核官方专业目录。,可以考，但院校层级优势有限，更依赖岗位地区和限制条件。,岗位窗口较窄，建议只作为就业备选项。,不适合作为普通应用院校的考公主卖点。,上海出入境边防检查总站|上海市公安局特勤局|公安部|内蒙古出入境边防检查总站|北京市公安局特勤局|北京铁路公安局|南宁铁路公安局|国务院参事室,一级主任科员及以下|一级警长及以下（一）|一级警长及以下（七）|一级警长及以下（五）|一级警长及以下（八）|一级警长及以下（六）|业务处室一级主任科员及以下|业务处室一级主任科员及以下2
130101,艺术史论,本科(普通),,本科,艺术学,艺术学理论类,12.7,很弱/无直接岗位,2026国考职位表/中央机关及直属机构口径（第三方镜像）,26.0,0.0,26.0,0.0,0.0,0.0,100.0,0.0,0.0,主要靠专业大类/门类岗位,公安/移民/基层执法(25)；交通海事民航铁路(9)；海关/边检(3)；党政综合/办公厅(1),35.0,361.54,0.0,1.0,3.8,851.0,13.0,50.0,14.54,12.0,46.2,711.55,0.0,0.0,,4.0,30.0,0.0,30.0,limited,升学后弱潜力,主要来自专业类/学科门类宽口径匹配，报考前必须核官方专业目录。,可以考，但院校层级优势有限，更依赖岗位地区和限制条件。,岗位窗口较窄，建议只作为就业备选项。,不适合作为普通应用院校的考公主卖点。,上海市公安局特勤局|中央办公厅|公安部|兰州铁路公安局|北京市公安局特勤局|北京铁路公安局|山东省公安厅特勤局|广东省公安厅特勤局,一级警长及以下（一）|一级警长及以下（七）|一级警长及以下（五）|一级警长及以下（八）|一级警长及以下（六）|八处一级警长及以下|兰州铁路公安处基层所队民警|十处警务技术一级主管及以下
130102T,艺术管理,本科(普通),,本科,艺术学,艺术学理论类,12.7,很弱/无直接岗位,2026国考职位表/中央机关及直属机构口径（第三方镜像）,26.0,0.0,26.0,0.0,0.0,0.0,100.0,0.0,0.0,主要靠专业大类/门类岗位,公安/移民/基层执法(25)；交通海事民航铁路(9)；海关/边检(3)；党政综合/办公厅(1),35.0,361.54,0.0,1.0,3.8,851.0,13.0,50.0,14.54,12.0,46.2,711.55,0.0,0.0,,4.0,30.0,0.0,30.0,limited,升学后弱潜力,主要来自专业类/学科门类宽口径匹配，报考前必须核官方专业目录。,可以考，但院校层级优势有限，更依赖岗位地区和限制条件。,岗位窗口较窄，建议只作为就业备选项。,不适合作为普通应用院校的考公主卖点。,上海市公安局特勤局|中央办公厅|公安部|兰州铁路公安局|北京市公安局特勤局|北京铁路公安局|山东省公安厅特勤局|广东省公安厅特勤局,一级警长及以下（一）|一级警长及以下（七）|一级警长及以下（五）|一级警长及以下（八）|一级警长及以下（六）|八处一级警长及以下|兰州铁路公安处基层所队民警|十处警务技术一级主管及以下
130103T,非物质文化遗产保护,本科(普通),,本科,艺术学,艺术学理论类,12.7,很弱/无直接岗位,2026国考职位表/中央机关及直属机构口径（第三方镜像）,26.0,0.0,26.0,0.0,0.0,0.0,100.0,0.0,0.0,主要靠专业大类/门类岗位,公安/移民/基层执法(25)；交通海事民航铁路(9)；海关/边检(3)；党政综合/办公厅(1),35.0,361.54,0.0,1.0,3.8,851.0,13.0,50.0,14.54,12.0,46.2,711.55,0.0,0.0,,4.0,30.0,0.0,30.0,limited,升学后弱潜力,主要来自专业类/学科门类宽口径匹配，报考前必须核官方专业目录。,可以考，但院校层级优势有限，更依赖岗位地区和限制条件。,岗位窗口较窄，建议只作为就业备选项。,不适合作为普通应用院校的考公主卖点。,上海市公安局特勤局|中央办公厅|公安部|兰州铁路公安局|北京市公安局特勤局|北京铁路公安局|山东省公安厅特勤局|广东省公安厅特勤局,一级警长及以下（一）|一级警长及以下（七）|一级警长及以下（五）|一级警长及以下（八）|一级警长及以下（六）|八处一级警长及以下|兰州铁路公安处基层所队民警|十处警务技术一级主管及以下
130201,音乐表演,本科(普通),,本科,艺术学,音乐与舞蹈学类,30.2,弱适配,2026国考职位表/中央机关及直属机构口径（第三方镜像）,37.0,12.0,25.0,0.0,0.0,32.4,67.6,0.0,0.0,以对口岗位为主,公安/移民/基层执法(37)；海关/边检(17)；交通海事民航铁路(7),52.0,212.17,0.0,0.0,0.0,,13.0,35.1,14.54,24.0,64.9,314.06,0.0,0.0,,2.0,39.0,12.0,27.0,limited,升学后弱潜力,存在专业代码或专业名称精确匹配，并有直接学历兼容岗位。,可以考，但院校层级优势有限，更依赖岗位地区和限制条件。,岗位窗口较窄，建议只作为就业备选项。,不适合作为普通应用院校的考公主卖点。,上海市公安局特勤局|上海铁路公安局|云南出入境边防检查总站|公安部|兰州铁路公安局|北京出入境边防检查总站|北京市公安局特勤局|吉林出入境边防检查总站,一级警长及以下（一）|一级警长及以下（七）|一级警长及以下（五）|一级警长及以下（八）|一级警长及以下（六）|兰州铁路公安处基层所队民警|包头铁路公安处基层所队民警|宁波边检站一级警长及以下（三）
130202,音乐学,本科(普通),,本科,艺术学,音乐与舞蹈学类,21.5,弱适配,2026国考职位表/中央机关及直属机构口径（第三方镜像）,27.0,2.0,25.0,0.0,0.0,7.4,92.6,0.0,0.0,主要靠专业大类/门类岗位,公安/移民/基层执法(27)；海关/边检(7)；交通海事民航铁路(7),34.0,224.94,0.0,0.0,0.0,,13.0,48.1,14.54,14.0,51.9,331.58,0.0,0.0,,2.0,29.0,2.0,27.0,limited,升学后弱潜力,存在专业代码或专业名称精确匹配，并有直接学历兼容岗位。,可以考，但院校层级优势有限，更依赖岗位地区和限制条件。,岗位窗口较窄，建议只作为就业备选项。,不适合作为普通应用院校的考公主卖点。,上海市公安局特勤局|上海铁路公安局|云南出入境边防检查总站|公安部|兰州铁路公安局|北京市公安局特勤局|呼和浩特铁路公安局|山东省公安厅特勤局,一级警长及以下（一）|一级警长及以下（七）|一级警长及以下（五）|一级警长及以下（八）|一级警长及以下（六）|兰州铁路公安处基层所队民警|包头铁路公安处基层所队民警|宁波边检站一级警长及以下（三）
130203,作曲与作曲技术理论,本科(普通),,本科,艺术学,音乐与舞蹈学类,15.8,弱适配,2026国考职位表/中央机关及直属机构口径（第三方镜像）,25.0,0.0,25.0,0.0,0.0,0.0,100.0,0.0,0.0,主要靠专业大类/门类岗位,公安/移民/基层执法(25)；交通海事民航铁路(7)；海关/边检(5),30.0,207.1,0.0,0.0,0.0,,13.0,52.0,14.54,12.0,48.0,327.06,0.0,0.0,,2.0,27.0,0.0,27.0,limited,升学后弱潜力,主要来自专业类/学科门类宽口径匹配，报考前必须核官方专业目录。,可以考，但院校层级优势有限，更依赖岗位地区和限制条件。,岗位窗口较窄，建议只作为就业备选项。,不适合作为普通应用院校的考公主卖点。,上海市公安局特勤局|上海铁路公安局|云南出入境边防检查总站|公安部|兰州铁路公安局|北京市公安局特勤局|呼和浩特铁路公安局|山东省公安厅特勤局,一级警长及以下（一）|一级警长及以下（七）|一级警长及以下（五）|一级警长及以下（八）|一级警长及以下（六）|兰州铁路公安处基层所队民警|包头铁路公安处基层所队民警|宁波边检站一级警长及以下（三）
130204,舞蹈表演,本科(普通),,本科,艺术学,音乐与舞蹈学类,29.0,弱适配,2026国考职位表/中央机关及直属机构口径（第三方镜像）,35.0,10.0,25.0,0.0,0.0,28.6,71.4,0.0,0.0,主要靠专业大类/门类岗位,公安/移民/基层执法(35)；海关/边检(15)；交通海事民航铁路(7),46.0,234.57,0.0,0.0,0.0,,13.0,37.1,14.54,22.0,62.9,337.74,0.0,0.0,,2.0,37.0,10.0,27.0,limited,升学后弱潜力,存在专业代码或专业名称精确匹配，并有直接学历兼容岗位。,可以考，但院校层级优势有限，更依赖岗位地区和限制条件。,岗位窗口较窄，建议只作为就业备选项。,不适合作为普通应用院校的考公主卖点。,上海市公安局特勤局|上海铁路公安局|云南出入境边防检查总站|公安部|兰州铁路公安局|北京市公安局特勤局|吉林出入境边防检查总站|呼和浩特铁路公安局,一级警长及以下（一）|一级警长及以下（七）|一级警长及以下（五）|一级警长及以下（八）|一级警长及以下（六）|兰州铁路公安处基层所队民警|包头铁路公安处基层所队民警|宁波边检站一级警长及以下（三）
130205,舞蹈学,本科(普通),,本科,艺术学,音乐与舞蹈学类,24.1,弱适配,2026国考职位表/中央机关及直属机构口径（第三方镜像）,28.0,4.0,24.0,0.0,0.0,14.3,85.7,0.0,0.0,主要靠专业大类/门类岗位,公安/移民/基层执法(28)；海关/边检(8)；交通海事民航铁路(7),36.0,218.0,0.0,0.0,0.0,,13.0,46.4,14.54,15.0,53.6,316.14,0.0,0.0,,2.0,30.0,4.0,26.0,limited,升学后弱潜力,存在专业代码或专业名称精确匹配，并有直接学历兼容岗位。,可以考，但院校层级优势有限，更依赖岗位地区和限制条件。,岗位窗口较窄，建议只作为就业备选项。,不适合作为普通应用院校的考公主卖点。,上海市公安局特勤局|上海铁路公安局|云南出入境边防检查总站|公安部|兰州铁路公安局|北京市公安局特勤局|呼和浩特铁路公安局|山东省公安厅特勤局,一级警长及以下（一）|一级警长及以下（七）|一级警长及以下（五）|一级警长及以下（八）|一级警长及以下（六）|兰州铁路公安处基层所队民警|包头铁路公安处基层所队民警|宁波边检站一级警长及以下（三）
130206,舞蹈编导,本科(普通),,本科,艺术学,音乐与舞蹈学类,21.5,弱适配,2026国考职位表/中央机关及直属机构口径（第三方镜像）,27.0,2.0,25.0,0.0,0.0,7.4,92.6,0.0,0.0,主要靠专业大类/门类岗位,公安/移民/基层执法(27)；海关/边检(7)；交通海事民航铁路(7),34.0,224.94,0.0,0.0,0.0,,13.0,48.1,14.54,14.0,51.9,331.58,0.0,0.0,,2.0,29.0,2.0,27.0,limited,升学后弱潜力,存在专业代码或专业名称精确匹配，并有直接学历兼容岗位。,可以考，但院校层级优势有限，更依赖岗位地区和限制条件。,岗位窗口较窄，建议只作为就业备选项。,不适合作为普通应用院校的考公主卖点。,上海市公安局特勤局|上海铁路公安局|云南出入境边防检查总站|公安部|兰州铁路公安局|北京市公安局特勤局|呼和浩特铁路公安局|山东省公安厅特勤局,一级警长及以下（一）|一级警长及以下（七）|一级警长及以下（五）|一级警长及以下（八）|一级警长及以下（六）|兰州铁路公安处基层所队民警|包头铁路公安处基层所队民警|宁波边检站一级警长及以下（三）
130207T,舞蹈教育,本科(普通),,本科,艺术学,音乐与舞蹈学类,19.3,弱适配,2026国考职位表/中央机关及直属机构口径（第三方镜像）,26.0,1.0,25.0,0.0,0.0,3.8,96.2,0.0,0.0,主要靠专业大类/门类岗位,公安/移民/基层执法(26)；交通海事民航铁路(7)；海关/边检(6),32.0,200.41,0.0,0.0,0.0,,13.0,50.0,14.54,13.0,50.0,309.59,0.0,0.0,,2.0,28.0,1.0,27.0,limited,升学后弱潜力,存在专业代码或专业名称精确匹配，并有直接学历兼容岗位。,可以考，但院校层级优势有限，更依赖岗位地区和限制条件。,岗位窗口较窄，建议只作为就业备选项。,不适合作为普通应用院校的考公主卖点。,上海市公安局特勤局|上海铁路公安局|云南出入境边防检查总站|公安部|兰州铁路公安局|北京市公安局特勤局|呼和浩特铁路公安局|山东省公安厅特勤局,一级警长及以下（一）|一级警长及以下（七）|一级警长及以下（五）|一级警长及以下（八）|一级警长及以下（六）|兰州铁路公安处基层所队民警|包头铁路公安处基层所队民警|宁波边检站一级警长及以下（三）
130208TK,航空服务艺术与管理,本科(普通),,本科,艺术学,音乐与舞蹈学类,15.8,弱适配,2026国考职位表/中央机关及直属机构口径（第三方镜像）,25.0,0.0,25.0,0.0,0.0,0.0,100.0,0.0,0.0,主要靠专业大类/门类岗位,公安/移民/基层执法(25)；交通海事民航铁路(7)；海关/边检(5),30.0,207.1,0.0,0.0,0.0,,13.0,52.0,14.54,12.0,48.0,327.06,0.0,0.0,,2.0,27.0,0.0,27.0,limited,升学后弱潜力,主要来自专业类/学科门类宽口径匹配，报考前必须核官方专业目录。,可以考，但院校层级优势有限，更依赖岗位地区和限制条件。,岗位窗口较窄，建议只作为就业备选项。,不适合作为普通应用院校的考公主卖点。,上海市公安局特勤局|上海铁路公安局|云南出入境边防检查总站|公安部|兰州铁路公安局|北京市公安局特勤局|呼和浩特铁路公安局|山东省公安厅特勤局,一级警长及以下（一）|一级警长及以下（七）|一级警长及以下（五）|一级警长及以下（八）|一级警长及以下（六）|兰州铁路公安处基层所队民警|包头铁路公安处基层所队民警|宁波边检站一级警长及以下（三）
130209T,流行音乐,本科(普通),,本科,艺术学,音乐与舞蹈学类,15.8,弱适配,2026国考职位表/中央机关及直属机构口径（第三方镜像）,25.0,0.0,25.0,0.0,0.0,0.0,100.0,0.0,0.0,主要靠专业大类/门类岗位,公安/移民/基层执法(25)；交通海事民航铁路(7)；海关/边检(5),30.0,207.1,0.0,0.0,0.0,,13.0,52.0,14.54,12.0,48.0,327.06,0.0,0.0,,2.0,27.0,0.0,27.0,limited,升学后弱潜力,主要来自专业类/学科门类宽口径匹配，报考前必须核官方专业目录。,可以考，但院校层级优势有限，更依赖岗位地区和限制条件。,岗位窗口较窄，建议只作为就业备选项。,不适合作为普通应用院校的考公主卖点。,上海市公安局特勤局|上海铁路公安局|云南出入境边防检查总站|公安部|兰州铁路公安局|北京市公安局特勤局|呼和浩特铁路公安局|山东省公安厅特勤局,一级警长及以下（一）|一级警长及以下（七）|一级警长及以下（五）|一级警长及以下（八）|一级警长及以下（六）|兰州铁路公安处基层所队民警|包头铁路公安处基层所队民警|宁波边检站一级警长及以下（三）
130210T,音乐治疗,本科(普通),,本科,艺术学,音乐与舞蹈学类,15.8,弱适配,2026国考职位表/中央机关及直属机构口径（第三方镜像）,25.0,0.0,25.0,0.0,0.0,0.0,100.0,0.0,0.0,主要靠专业大类/门类岗位,公安/移民/基层执法(25)；交通海事民航铁路(7)；海关/边检(5),30.0,207.1,0.0,0.0,0.0,,13.0,52.0,14.54,12.0,48.0,327.06,0.0,0.0,,2.0,27.0,0.0,27.0,limited,升学后弱潜力,主要来自专业类/学科门类宽口径匹配，报考前必须核官方专业目录。,可以考，但院校层级优势有限，更依赖岗位地区和限制条件。,岗位窗口较窄，建议只作为就业备选项。,不适合作为普通应用院校的考公主卖点。,上海市公安局特勤局|上海铁路公安局|云南出入境边防检查总站|公安部|兰州铁路公安局|北京市公安局特勤局|呼和浩特铁路公安局|山东省公安厅特勤局,一级警长及以下（一）|一级警长及以下（七）|一级警长及以下（五）|一级警长及以下（八）|一级警长及以下（六）|兰州铁路公安处基层所队民警|包头铁路公安处基层所队民警|宁波边检站一级警长及以下（三）
130211T,流行舞蹈,本科(普通),,本科,艺术学,音乐与舞蹈学类,15.8,弱适配,2026国考职位表/中央机关及直属机构口径（第三方镜像）,25.0,0.0,25.0,0.0,0.0,0.0,100.0,0.0,0.0,主要靠专业大类/门类岗位,公安/移民/基层执法(25)；交通海事民航铁路(7)；海关/边检(5),30.0,207.1,0.0,0.0,0.0,,13.0,52.0,14.54,12.0,48.0,327.06,0.0,0.0,,2.0,27.0,0.0,27.0,limited,升学后弱潜力,主要来自专业类/学科门类宽口径匹配，报考前必须核官方专业目录。,可以考，但院校层级优势有限，更依赖岗位地区和限制条件。,岗位窗口较窄，建议只作为就业备选项。,不适合作为普通应用院校的考公主卖点。,上海市公安局特勤局|上海铁路公安局|云南出入境边防检查总站|公安部|兰州铁路公安局|北京市公安局特勤局|呼和浩特铁路公安局|山东省公安厅特勤局,一级警长及以下（一）|一级警长及以下（七）|一级警长及以下（五）|一级警长及以下（八）|一级警长及以下（六）|兰州铁路公安处基层所队民警|包头铁路公安处基层所队民警|宁波边检站一级警长及以下（三）
130212T,音乐教育,本科(普通),,本科,艺术学,音乐与舞蹈学类,27.8,弱适配,2026国考职位表/中央机关及直属机构口径（第三方镜像）,33.0,8.0,25.0,0.0,0.0,24.2,75.8,0.0,0.0,主要靠专业大类/门类岗位,公安/移民/基层执法(33)；海关/边检(13)；交通海事民航铁路(7),44.0,209.68,0.0,0.0,0.0,,13.0,39.4,14.54,20.0,60.6,331.52,0.0,0.0,,2.0,35.0,8.0,27.0,limited,升学后弱潜力,存在专业代码或专业名称精确匹配，并有直接学历兼容岗位。,可以考，但院校层级优势有限，更依赖岗位地区和限制条件。,岗位窗口较窄，建议只作为就业备选项。,不适合作为普通应用院校的考公主卖点。,上海市公安局特勤局|上海铁路公安局|云南出入境边防检查总站|公安部|兰州铁路公安局|北京市公安局特勤局|吉林出入境边防检查总站|呼和浩特铁路公安局,一级警长及以下（一）|一级警长及以下（七）|一级警长及以下（五）|一级警长及以下（八）|一级警长及以下（六）|伊犁边境管理支队一级警长及以下（三）|兰州铁路公安处基层所队民警|包头铁路公安处基层所队民警
130213TK,冰雪舞蹈表演,本科(普通),,本科,艺术学,音乐与舞蹈学类,15.8,弱适配,2026国考职位表/中央机关及直属机构口径（第三方镜像）,25.0,0.0,25.0,0.0,0.0,0.0,100.0,0.0,0.0,主要靠专业大类/门类岗位,公安/移民/基层执法(25)；交通海事民航铁路(7)；海关/边检(5),30.0,207.1,0.0,0.0,0.0,,13.0,52.0,14.54,12.0,48.0,327.06,0.0,0.0,,2.0,27.0,0.0,27.0,limited,升学后弱潜力,主要来自专业类/学科门类宽口径匹配，报考前必须核官方专业目录。,可以考，但院校层级优势有限，更依赖岗位地区和限制条件。,岗位窗口较窄，建议只作为就业备选项。,不适合作为普通应用院校的考公主卖点。,上海市公安局特勤局|上海铁路公安局|云南出入境边防检查总站|公安部|兰州铁路公安局|北京市公安局特勤局|呼和浩特铁路公安局|山东省公安厅特勤局,一级警长及以下（一）|一级警长及以下（七）|一级警长及以下（五）|一级警长及以下（八）|一级警长及以下（六）|兰州铁路公安处基层所队民警|包头铁路公安处基层所队民警|宁波边检站一级警长及以下（三）
130214TK,舞蹈治疗,本科(普通),,本科,艺术学,音乐与舞蹈学类,15.8,弱适配,2026国考职位表/中央机关及直属机构口径（第三方镜像）,25.0,0.0,25.0,0.0,0.0,0.0,100.0,0.0,0.0,主要靠专业大类/门类岗位,公安/移民/基层执法(25)；交通海事民航铁路(7)；海关/边检(5),30.0,207.1,0.0,0.0,0.0,,13.0,52.0,14.54,12.0,48.0,327.06,0.0,0.0,,2.0,27.0,0.0,27.0,limited,升学后弱潜力,主要来自专业类/学科门类宽口径匹配，报考前必须核官方专业目录。,可以考，但院校层级优势有限，更依赖岗位地区和限制条件。,岗位窗口较窄，建议只作为就业备选项。,不适合作为普通应用院校的考公主卖点。,上海市公安局特勤局|上海铁路公安局|云南出入境边防检查总站|公安部|兰州铁路公安局|北京市公安局特勤局|呼和浩特铁路公安局|山东省公安厅特勤局,一级警长及以下（一）|一级警长及以下（七）|一级警长及以下（五）|一级警长及以下（八）|一级警长及以下（六）|兰州铁路公安处基层所队民警|包头铁路公安处基层所队民警|宁波边检站一级警长及以下（三）
130215T,音乐科技,本科(普通),,本科,艺术学,音乐与舞蹈学类,15.8,弱适配,2026国考职位表/中央机关及直属机构口径（第三方镜像）,25.0,0.0,25.0,0.0,0.0,0.0,100.0,0.0,0.0,主要靠专业大类/门类岗位,公安/移民/基层执法(25)；交通海事民航铁路(7)；海关/边检(5),30.0,207.1,0.0,0.0,0.0,,13.0,52.0,14.54,12.0,48.0,327.06,0.0,0.0,,2.0,27.0,0.0,27.0,limited,升学后弱潜力,主要来自专业类/学科门类宽口径匹配，报考前必须核官方专业目录。,可以考，但院校层级优势有限，更依赖岗位地区和限制条件。,岗位窗口较窄，建议只作为就业备选项。,不适合作为普通应用院校的考公主卖点。,上海市公安局特勤局|上海铁路公安局|云南出入境边防检查总站|公安部|兰州铁路公安局|北京市公安局特勤局|呼和浩特铁路公安局|山东省公安厅特勤局,一级警长及以下（一）|一级警长及以下（七）|一级警长及以下（五）|一级警长及以下（八）|一级警长及以下（六）|兰州铁路公安处基层所队民警|包头铁路公安处基层所队民警|宁波边检站一级警长及以下（三）
130301,表演,本科(普通),,本科,艺术学,戏剧与影视学类,26.7,弱适配,2026国考职位表/中央机关及直属机构口径（第三方镜像）,31.0,7.0,24.0,0.0,0.0,22.6,77.4,0.0,0.0,主要靠专业大类/门类岗位,公安/移民/基层执法(31)；海关/边检(11)；交通海事民航铁路(7),37.0,182.95,0.0,0.0,0.0,,13.0,41.9,14.54,18.0,58.1,340.78,0.0,0.0,,2.0,33.0,7.0,26.0,limited,升学后弱潜力,存在专业代码或专业名称精确匹配，并有直接学历兼容岗位。,可以考，但院校层级优势有限，更依赖岗位地区和限制条件。,岗位窗口较窄，建议只作为就业备选项。,不适合作为普通应用院校的考公主卖点。,上海市公安局特勤局|乌鲁木齐铁路公安局|云南出入境边防检查总站|公安部|北京市公安局特勤局|南昌铁路公安局|吉林出入境边防检查总站|山东省公安厅特勤局,一级警长及以下（一）|一级警长及以下（七）|一级警长及以下（五）|一级警长及以下（八）|一级警长及以下（六）|哈密铁路公安处基层所队民警|奎屯铁路公安处基层所队民警|安康铁路公安处基层所队民警
130302,戏剧学,本科(普通),,本科,艺术学,戏剧与影视学类,19.5,弱适配,2026国考职位表/中央机关及直属机构口径（第三方镜像）,24.0,0.0,24.0,0.0,0.0,0.0,100.0,0.0,0.0,主要靠专业大类/门类岗位,公安/移民/基层执法(24)；交通海事民航铁路(7)；海关/边检(4),27.0,141.74,0.0,0.0,0.0,,13.0,54.2,14.54,11.0,45.8,313.27,0.0,0.0,,2.0,26.0,0.0,26.0,limited,升学后弱潜力,主要来自专业类/学科门类宽口径匹配，报考前必须核官方专业目录。,可以考，但院校层级优势有限，更依赖岗位地区和限制条件。,岗位窗口较窄，建议只作为就业备选项。,不适合作为普通应用院校的考公主卖点。,上海市公安局特勤局|乌鲁木齐铁路公安局|云南出入境边防检查总站|公安部|北京市公安局特勤局|南昌铁路公安局|山东省公安厅特勤局|广东省公安厅特勤局,一级警长及以下（一）|一级警长及以下（七）|一级警长及以下（五）|一级警长及以下（八）|一级警长及以下（六）|哈密铁路公安处基层所队民警|奎屯铁路公安处基层所队民警|安康铁路公安处基层所队民警
130303,电影学,本科(普通),,本科,艺术学,戏剧与影视学类,19.5,弱适配,2026国考职位表/中央机关及直属机构口径（第三方镜像）,24.0,0.0,24.0,0.0,0.0,0.0,100.0,0.0,0.0,主要靠专业大类/门类岗位,公安/移民/基层执法(24)；交通海事民航铁路(7)；海关/边检(4),27.0,141.74,0.0,0.0,0.0,,13.0,54.2,14.54,11.0,45.8,313.27,0.0,0.0,,2.0,26.0,0.0,26.0,limited,升学后弱潜力,主要来自专业类/学科门类宽口径匹配，报考前必须核官方专业目录。,可以考，但院校层级优势有限，更依赖岗位地区和限制条件。,岗位窗口较窄，建议只作为就业备选项。,不适合作为普通应用院校的考公主卖点。,上海市公安局特勤局|乌鲁木齐铁路公安局|云南出入境边防检查总站|公安部|北京市公安局特勤局|南昌铁路公安局|山东省公安厅特勤局|广东省公安厅特勤局,一级警长及以下（一）|一级警长及以下（七）|一级警长及以下（五）|一级警长及以下（八）|一级警长及以下（六）|哈密铁路公安处基层所队民警|奎屯铁路公安处基层所队民警|安康铁路公安处基层所队民警
130304,戏剧影视文学,本科(普通),,本科,艺术学,戏剧与影视学类,19.5,弱适配,2026国考职位表/中央机关及直属机构口径（第三方镜像）,24.0,0.0,24.0,0.0,0.0,0.0,100.0,0.0,0.0,主要靠专业大类/门类岗位,公安/移民/基层执法(24)；交通海事民航铁路(7)；海关/边检(4),27.0,141.74,0.0,0.0,0.0,,13.0,54.2,14.54,11.0,45.8,313.27,0.0,0.0,,2.0,26.0,0.0,26.0,limited,升学后弱潜力,主要来自专业类/学科门类宽口径匹配，报考前必须核官方专业目录。,可以考，但院校层级优势有限，更依赖岗位地区和限制条件。,岗位窗口较窄，建议只作为就业备选项。,不适合作为普通应用院校的考公主卖点。,上海市公安局特勤局|乌鲁木齐铁路公安局|云南出入境边防检查总站|公安部|北京市公安局特勤局|南昌铁路公安局|山东省公安厅特勤局|广东省公安厅特勤局,一级警长及以下（一）|一级警长及以下（七）|一级警长及以下（五）|一级警长及以下（八）|一级警长及以下（六）|哈密铁路公安处基层所队民警|奎屯铁路公安处基层所队民警|安康铁路公安处基层所队民警
130305,广播电视编导,本科(普通),,本科,艺术学,戏剧与影视学类,27.9,弱适配,2026国考职位表/中央机关及直属机构口径（第三方镜像）,33.0,9.0,24.0,0.0,0.0,27.3,72.7,0.0,0.0,主要靠专业大类/门类岗位,公安/移民/基层执法(33)；海关/边检(13)；交通海事民航铁路(7),37.0,285.0,0.0,0.0,0.0,,13.0,39.4,14.54,20.0,60.6,506.1,0.0,0.0,,2.0,35.0,9.0,26.0,limited,升学后弱潜力,存在专业代码或专业名称精确匹配，并有直接学历兼容岗位。,可以考，但院校层级优势有限，更依赖岗位地区和限制条件。,岗位窗口较窄，建议只作为就业备选项。,不适合作为普通应用院校的考公主卖点。,上海市公安局特勤局|乌鲁木齐铁路公安局|云南出入境边防检查总站|公安部|内蒙古出入境边防检查总站|北京市公安局特勤局|南昌铁路公安局|厦门出入境边防检查总站,一级警长及以下（一）|一级警长及以下（七）|一级警长及以下（五）|一级警长及以下（八）|一级警长及以下（六）|佳木斯边境管理支队一级警长及以下（三）|保山边境管理支队一级警长及以下（三）|双鸭山边境管理支队一级警长及以下（四）
130306,戏剧影视导演,本科(普通),,本科,艺术学,戏剧与影视学类,19.5,弱适配,2026国考职位表/中央机关及直属机构口径（第三方镜像）,24.0,0.0,24.0,0.0,0.0,0.0,100.0,0.0,0.0,主要靠专业大类/门类岗位,公安/移民/基层执法(24)；交通海事民航铁路(7)；海关/边检(4),27.0,141.74,0.0,0.0,0.0,,13.0,54.2,14.54,11.0,45.8,313.27,0.0,0.0,,2.0,26.0,0.0,26.0,limited,升学后弱潜力,主要来自专业类/学科门类宽口径匹配，报考前必须核官方专业目录。,可以考，但院校层级优势有限，更依赖岗位地区和限制条件。,岗位窗口较窄，建议只作为就业备选项。,不适合作为普通应用院校的考公主卖点。,上海市公安局特勤局|乌鲁木齐铁路公安局|云南出入境边防检查总站|公安部|北京市公安局特勤局|南昌铁路公安局|山东省公安厅特勤局|广东省公安厅特勤局,一级警长及以下（一）|一级警长及以下（七）|一级警长及以下（五）|一级警长及以下（八）|一级警长及以下（六）|哈密铁路公安处基层所队民警|奎屯铁路公安处基层所队民警|安康铁路公安处基层所队民警
130307,戏剧影视美术设计,本科(普通),,本科,艺术学,戏剧与影视学类,23.0,弱适配,2026国考职位表/中央机关及直属机构口径（第三方镜像）,25.0,1.0,24.0,0.0,0.0,4.0,96.0,0.0,0.0,主要靠专业大类/门类岗位,公安/移民/基层执法(25)；交通海事民航铁路(7)；海关/边检(5),28.0,139.04,0.0,0.0,0.0,,13.0,52.0,14.54,12.0,48.0,292.67,0.0,0.0,,2.0,27.0,1.0,26.0,limited,升学后弱潜力,存在专业代码或专业名称精确匹配，并有直接学历兼容岗位。,可以考，但院校层级优势有限，更依赖岗位地区和限制条件。,岗位窗口较窄，建议只作为就业备选项。,不适合作为普通应用院校的考公主卖点。,上海市公安局特勤局|乌鲁木齐铁路公安局|云南出入境边防检查总站|公安部|北京市公安局特勤局|南昌铁路公安局|山东省公安厅特勤局|广东省公安厅特勤局,一级警长及以下（一）|一级警长及以下（七）|一级警长及以下（五）|一级警长及以下（八）|一级警长及以下（六）|哈密铁路公安处基层所队民警|奎屯铁路公安处基层所队民警|安康铁路公安处基层所队民警
130308,录音艺术,本科(普通),,本科,艺术学,戏剧与影视学类,19.5,弱适配,2026国考职位表/中央机关及直属机构口径（第三方镜像）,24.0,0.0,24.0,0.0,0.0,0.0,100.0,0.0,0.0,主要靠专业大类/门类岗位,公安/移民/基层执法(24)；交通海事民航铁路(7)；海关/边检(4),27.0,141.74,0.0,0.0,0.0,,13.0,54.2,14.54,11.0,45.8,313.27,0.0,0.0,,2.0,26.0,0.0,26.0,limited,升学后弱潜力,主要来自专业类/学科门类宽口径匹配，报考前必须核官方专业目录。,可以考，但院校层级优势有限，更依赖岗位地区和限制条件。,岗位窗口较窄，建议只作为就业备选项。,不适合作为普通应用院校的考公主卖点。,上海市公安局特勤局|乌鲁木齐铁路公安局|云南出入境边防检查总站|公安部|北京市公安局特勤局|南昌铁路公安局|山东省公安厅特勤局|广东省公安厅特勤局,一级警长及以下（一）|一级警长及以下（七）|一级警长及以下（五）|一级警长及以下（八）|一级警长及以下（六）|哈密铁路公安处基层所队民警|奎屯铁路公安处基层所队民警|安康铁路公安处基层所队民警
130309,播音与主持艺术,本科(普通),,本科,艺术学,戏剧与影视学类,35.3,中等适配,2026国考职位表/中央机关及直属机构口径（第三方镜像）,52.0,28.0,24.0,0.0,0.0,53.8,46.2,0.0,0.0,以对口岗位为主,公安/移民/基层执法(51)；海关/边检(30)；交通海事民航铁路(7)；党政综合/办公厅(1),59.0,248.36,0.0,1.0,1.9,851.0,13.0,25.0,14.54,38.0,73.1,330.89,0.0,0.0,,2.0,54.0,28.0,26.0,limited,升学后弱潜力,存在专业代码或专业名称精确匹配，并有直接学历兼容岗位。,可以考，但院校层级优势有限，更依赖岗位地区和限制条件。,可作为备选路径，适合叠加党员、基层项目、应届身份等条件。,可作为基层备选，但要靠地域、应届和限制条件放大机会。,上海市公安局特勤局|中央办公厅|乌鲁木齐铁路公安局|云南出入境边防检查总站|公安部|内蒙古出入境边防检查总站|北京出入境边防检查总站|北京市公安局特勤局,一级警长及以下（一）|一级警长及以下（七）|一级警长及以下（五）|一级警长及以下（八）|一级警长及以下（六）|东兴遣返中心执行队一级警长及以下（七）|佳木斯边境管理支队一级警长及以下（三）|保山边境管理支队一级警长及以下（三）
130310,动画,本科(普通),,本科,艺术学,戏剧与影视学类,23.0,弱适配,2026国考职位表/中央机关及直属机构口径（第三方镜像）,25.0,1.0,24.0,0.0,0.0,4.0,96.0,0.0,0.0,主要靠专业大类/门类岗位,公安/移民/基层执法(25)；交通海事民航铁路(7)；海关/边检(5),28.0,139.04,0.0,0.0,0.0,,13.0,52.0,14.54,12.0,48.0,292.67,0.0,0.0,,2.0,27.0,1.0,26.0,limited,升学后弱潜力,存在专业代码或专业名称精确匹配，并有直接学历兼容岗位。,可以考，但院校层级优势有限，更依赖岗位地区和限制条件。,岗位窗口较窄，建议只作为就业备选项。,不适合作为普通应用院校的考公主卖点。,上海市公安局特勤局|乌鲁木齐铁路公安局|云南出入境边防检查总站|公安部|北京市公安局特勤局|南昌铁路公安局|山东省公安厅特勤局|广东省公安厅特勤局,一级警长及以下（一）|一级警长及以下（七）|一级警长及以下（五）|一级警长及以下（八）|一级警长及以下（六）|哈密铁路公安处基层所队民警|奎屯铁路公安处基层所队民警|安康铁路公安处基层所队民警
130311T,影视摄影与制作,本科(普通),,本科,艺术学,戏剧与影视学类,32.1,弱适配,2026国考职位表/中央机关及直属机构口径（第三方镜像）,30.0,6.0,24.0,0.0,0.0,20.0,80.0,0.0,0.0,主要靠专业大类/门类岗位,公安/移民/基层执法(30)；海关/边检(10)；交通海事民航铁路(7),40.0,110.25,0.0,0.0,0.0,,13.0,43.3,14.54,17.0,56.7,224.95,0.0,0.0,,2.0,32.0,6.0,26.0,limited,升学后弱潜力,存在专业代码或专业名称精确匹配，并有直接学历兼容岗位。,可以考，但院校层级优势有限，更依赖岗位地区和限制条件。,岗位窗口较窄，建议只作为就业备选项。,不适合作为普通应用院校的考公主卖点。,上海市公安局特勤局|乌鲁木齐铁路公安局|云南出入境边防检查总站|公安部|北京出入境边防检查总站|北京市公安局特勤局|南昌铁路公安局|山东省公安厅特勤局,一级警长及以下（一）|一级警长及以下（七）|一级警长及以下（五）|一级警长及以下（八）|一级警长及以下（六）|伊犁边境管理支队一级警长及以下（三）|保山边境管理支队一级警长及以下（三）|吉木乃出入境边防检查站一级警长及以下（二）
130312T,影视技术,本科(普通),,本科,艺术学,戏剧与影视学类,23.0,弱适配,2026国考职位表/中央机关及直属机构口径（第三方镜像）,25.0,1.0,24.0,0.0,0.0,4.0,96.0,0.0,0.0,主要靠专业大类/门类岗位,公安/移民/基层执法(25)；交通海事民航铁路(7)；海关/边检(5),28.0,139.04,0.0,0.0,0.0,,13.0,52.0,14.54,12.0,48.0,292.67,0.0,0.0,,2.0,27.0,1.0,26.0,limited,升学后弱潜力,存在专业代码或专业名称精确匹配，并有直接学历兼容岗位。,可以考，但院校层级优势有限，更依赖岗位地区和限制条件。,岗位窗口较窄，建议只作为就业备选项。,不适合作为普通应用院校的考公主卖点。,上海市公安局特勤局|乌鲁木齐铁路公安局|云南出入境边防检查总站|公安部|北京市公安局特勤局|南昌铁路公安局|山东省公安厅特勤局|广东省公安厅特勤局,一级警长及以下（一）|一级警长及以下（七）|一级警长及以下（五）|一级警长及以下（八）|一级警长及以下（六）|哈密铁路公安处基层所队民警|奎屯铁路公安处基层所队民警|安康铁路公安处基层所队民警
130313T,戏剧教育,本科(普通),,本科,艺术学,戏剧与影视学类,19.5,弱适配,2026国考职位表/中央机关及直属机构口径（第三方镜像）,24.0,0.0,24.0,0.0,0.0,0.0,100.0,0.0,0.0,主要靠专业大类/门类岗位,公安/移民/基层执法(24)；交通海事民航铁路(7)；海关/边检(4),27.0,141.74,0.0,0.0,0.0,,13.0,54.2,14.54,11.0,45.8,313.27,0.0,0.0,,2.0,26.0,0.0,26.0,limited,升学后弱潜力,主要来自专业类/学科门类宽口径匹配，报考前必须核官方专业目录。,可以考，但院校层级优势有限，更依赖岗位地区和限制条件。,岗位窗口较窄，建议只作为就业备选项。,不适合作为普通应用院校的考公主卖点。,上海市公安局特勤局|乌鲁木齐铁路公安局|云南出入境边防检查总站|公安部|北京市公安局特勤局|南昌铁路公安局|山东省公安厅特勤局|广东省公安厅特勤局,一级警长及以下（一）|一级警长及以下（七）|一级警长及以下（五）|一级警长及以下（八）|一级警长及以下（六）|哈密铁路公安处基层所队民警|奎屯铁路公安处基层所队民警|安康铁路公安处基层所队民警
130314TK,曲艺,本科(普通),,本科,艺术学,戏剧与影视学类,19.5,弱适配,2026国考职位表/中央机关及直属机构口径（第三方镜像）,24.0,0.0,24.0,0.0,0.0,0.0,100.0,0.0,0.0,主要靠专业大类/门类岗位,公安/移民/基层执法(24)；交通海事民航铁路(7)；海关/边检(4),27.0,141.74,0.0,0.0,0.0,,13.0,54.2,14.54,11.0,45.8,313.27,0.0,0.0,,2.0,26.0,0.0,26.0,limited,升学后弱潜力,主要来自专业类/学科门类宽口径匹配，报考前必须核官方专业目录。,可以考，但院校层级优势有限，更依赖岗位地区和限制条件。,岗位窗口较窄，建议只作为就业备选项。,不适合作为普通应用院校的考公主卖点。,上海市公安局特勤局|乌鲁木齐铁路公安局|云南出入境边防检查总站|公安部|北京市公安局特勤局|南昌铁路公安局|山东省公安厅特勤局|广东省公安厅特勤局,一级警长及以下（一）|一级警长及以下（七）|一级警长及以下（五）|一级警长及以下（八）|一级警长及以下（六）|哈密铁路公安处基层所队民警|奎屯铁路公安处基层所队民警|安康铁路公安处基层所队民警
130315TK,音乐剧,本科(普通),,本科,艺术学,戏剧与影视学类,25.2,弱适配,2026国考职位表/中央机关及直属机构口径（第三方镜像）,26.0,2.0,24.0,0.0,0.0,7.7,92.3,0.0,0.0,主要靠专业大类/门类岗位,公安/移民/基层执法(26)；交通海事民航铁路(7)；海关/边检(6),31.0,169.74,0.0,0.0,0.0,,13.0,50.0,14.54,13.0,50.0,320.27,0.0,0.0,,2.0,28.0,2.0,26.0,limited,升学后弱潜力,存在专业代码或专业名称精确匹配，并有直接学历兼容岗位。,可以考，但院校层级优势有限，更依赖岗位地区和限制条件。,岗位窗口较窄，建议只作为就业备选项。,不适合作为普通应用院校的考公主卖点。,上海市公安局特勤局|乌鲁木齐铁路公安局|云南出入境边防检查总站|公安部|北京市公安局特勤局|南昌铁路公安局|山东省公安厅特勤局|广东省公安厅特勤局,一级警长及以下（一）|一级警长及以下（七）|一级警长及以下（五）|一级警长及以下（八）|一级警长及以下（六）|哈密铁路公安处基层所队民警|奎屯铁路公安处基层所队民警|安康铁路公安处基层所队民警
130316T,数字戏剧,本科(普通),,本科,艺术学,戏剧与影视学类,19.5,弱适配,2026国考职位表/中央机关及直属机构口径（第三方镜像）,24.0,0.0,24.0,0.0,0.0,0.0,100.0,0.0,0.0,主要靠专业大类/门类岗位,公安/移民/基层执法(24)；交通海事民航铁路(7)；海关/边检(4),27.0,141.74,0.0,0.0,0.0,,13.0,54.2,14.54,11.0,45.8,313.27,0.0,0.0,,2.0,26.0,0.0,26.0,limited,升学后弱潜力,主要来自专业类/学科门类宽口径匹配，报考前必须核官方专业目录。,可以考，但院校层级优势有限，更依赖岗位地区和限制条件。,岗位窗口较窄，建议只作为就业备选项。,不适合作为普通应用院校的考公主卖点。,上海市公安局特勤局|乌鲁木齐铁路公安局|云南出入境边防检查总站|公安部|北京市公安局特勤局|南昌铁路公安局|山东省公安厅特勤局|广东省公安厅特勤局,一级警长及以下（一）|一级警长及以下（七）|一级警长及以下（五）|一级警长及以下（八）|一级警长及以下（六）|哈密铁路公安处基层所队民警|奎屯铁路公安处基层所队民警|安康铁路公安处基层所队民警
130317T,数字演艺设计,本科(普通),,本科,艺术学,戏剧与影视学类,19.5,弱适配,2026国考职位表/中央机关及直属机构口径（第三方镜像）,24.0,0.0,24.0,0.0,0.0,0.0,100.0,0.0,0.0,主要靠专业大类/门类岗位,公安/移民/基层执法(24)；交通海事民航铁路(7)；海关/边检(4),27.0,141.74,0.0,0.0,0.0,,13.0,54.2,14.54,11.0,45.8,313.27,0.0,0.0,,2.0,26.0,0.0,26.0,limited,升学后弱潜力,主要来自专业类/学科门类宽口径匹配，报考前必须核官方专业目录。,可以考，但院校层级优势有限，更依赖岗位地区和限制条件。,岗位窗口较窄，建议只作为就业备选项。,不适合作为普通应用院校的考公主卖点。,上海市公安局特勤局|乌鲁木齐铁路公安局|云南出入境边防检查总站|公安部|北京市公安局特勤局|南昌铁路公安局|山东省公安厅特勤局|广东省公安厅特勤局,一级警长及以下（一）|一级警长及以下（七）|一级警长及以下（五）|一级警长及以下（八）|一级警长及以下（六）|哈密铁路公安处基层所队民警|奎屯铁路公安处基层所队民警|安康铁路公安处基层所队民警
130318T,智能影像艺术,本科(普通),,本科,艺术学,戏剧与影视学类,19.5,弱适配,2026国考职位表/中央机关及直属机构口径（第三方镜像）,24.0,0.0,24.0,0.0,0.0,0.0,100.0,0.0,0.0,主要靠专业大类/门类岗位,公安/移民/基层执法(24)；交通海事民航铁路(7)；海关/边检(4),27.0,141.74,0.0,0.0,0.0,,13.0,54.2,14.54,11.0,45.8,313.27,0.0,0.0,,2.0,26.0,0.0,26.0,limited,升学后弱潜力,主要来自专业类/学科门类宽口径匹配，报考前必须核官方专业目录。,可以考，但院校层级优势有限，更依赖岗位地区和限制条件。,岗位窗口较窄，建议只作为就业备选项。,不适合作为普通应用院校的考公主卖点。,上海市公安局特勤局|乌鲁木齐铁路公安局|云南出入境边防检查总站|公安部|北京市公安局特勤局|南昌铁路公安局|山东省公安厅特勤局|广东省公安厅特勤局,一级警长及以下（一）|一级警长及以下（七）|一级警长及以下（五）|一级警长及以下（八）|一级警长及以下（六）|哈密铁路公安处基层所队民警|奎屯铁路公安处基层所队民警|安康铁路公安处基层所队民警
130401,美术学,本科(普通),,本科,艺术学,美术学类,25.4,弱适配,2026国考职位表/中央机关及直属机构口径（第三方镜像）,19.0,1.0,18.0,0.0,0.0,5.3,94.7,0.0,0.0,主要靠专业大类/门类岗位,公安/移民/基层执法(19)；海关/边检(4)；交通海事民航铁路(2),22.0,73.73,0.0,0.0,0.0,,13.0,68.4,14.54,6.0,31.6,229.96,0.0,0.0,,1.0,20.0,1.0,19.0,limited,升学后弱潜力,存在专业代码或专业名称精确匹配，并有直接学历兼容岗位。,可以考，但院校层级优势有限，更依赖岗位地区和限制条件。,岗位窗口较窄，建议只作为就业备选项。,不适合作为普通应用院校的考公主卖点。,上海市公安局特勤局|上海铁路公安局|公安部|北京市公安局特勤局|山东省公安厅特勤局|广东省公安厅特勤局|广州铁路公安局|广西出入境边防检查总站,一级警长及以下（一）|一级警长及以下（七）|一级警长及以下（五）|一级警长及以下（八）|一级警长及以下（六）|伊犁边境管理支队一级警长及以下（三）|平孟出入境边防检查站一级警长及以下|广州铁路公安处基层所队民警
130402,绘画,本科(普通),,本科,艺术学,美术学类,19.6,弱适配,2026国考职位表/中央机关及直属机构口径（第三方镜像）,18.0,0.0,18.0,0.0,0.0,0.0,100.0,0.0,0.0,主要靠专业大类/门类岗位,公安/移民/基层执法(18)；海关/边检(3)；交通海事民航铁路(2),18.0,86.17,0.0,0.0,0.0,,13.0,72.2,14.54,5.0,27.8,272.4,0.0,0.0,,1.0,19.0,0.0,19.0,limited,升学后弱潜力,主要来自专业类/学科门类宽口径匹配，报考前必须核官方专业目录。,可以考，但院校层级优势有限，更依赖岗位地区和限制条件。,岗位窗口较窄，建议只作为就业备选项。,不适合作为普通应用院校的考公主卖点。,上海市公安局特勤局|上海铁路公安局|公安部|北京市公安局特勤局|山东省公安厅特勤局|广东省公安厅特勤局|广州铁路公安局|广西出入境边防检查总站,一级警长及以下（一）|一级警长及以下（七）|一级警长及以下（五）|一级警长及以下（八）|一级警长及以下（六）|平孟出入境边防检查站一级警长及以下|广州铁路公安处基层所队民警|文艺研究与评论处一级主任科员及以下
130403,雕塑,本科(普通),,本科,艺术学,美术学类,19.6,弱适配,2026国考职位表/中央机关及直属机构口径（第三方镜像）,18.0,0.0,18.0,0.0,0.0,0.0,100.0,0.0,0.0,主要靠专业大类/门类岗位,公安/移民/基层执法(18)；海关/边检(3)；交通海事民航铁路(2),18.0,86.17,0.0,0.0,0.0,,13.0,72.2,14.54,5.0,27.8,272.4,0.0,0.0,,1.0,19.0,0.0,19.0,limited,升学后弱潜力,主要来自专业类/学科门类宽口径匹配，报考前必须核官方专业目录。,可以考，但院校层级优势有限，更依赖岗位地区和限制条件。,岗位窗口较窄，建议只作为就业备选项。,不适合作为普通应用院校的考公主卖点。,上海市公安局特勤局|上海铁路公安局|公安部|北京市公安局特勤局|山东省公安厅特勤局|广东省公安厅特勤局|广州铁路公安局|广西出入境边防检查总站,一级警长及以下（一）|一级警长及以下（七）|一级警长及以下（五）|一级警长及以下（八）|一级警长及以下（六）|平孟出入境边防检查站一级警长及以下|广州铁路公安处基层所队民警|文艺研究与评论处一级主任科员及以下
130404,摄影,本科(普通),,本科,艺术学,美术学类,25.3,弱适配,2026国考职位表/中央机关及直属机构口径（第三方镜像）,20.0,2.0,18.0,0.0,0.0,10.0,90.0,0.0,0.0,主要靠专业大类/门类岗位,公安/移民/基层执法(20)；海关/边检(5)；交通海事民航铁路(2),20.0,88.05,0.0,0.0,0.0,,13.0,65.0,14.54,7.0,35.0,224.57,0.0,0.0,,1.0,21.0,2.0,19.0,limited,升学后弱潜力,存在专业代码或专业名称精确匹配，并有直接学历兼容岗位。,可以考，但院校层级优势有限，更依赖岗位地区和限制条件。,岗位窗口较窄，建议只作为就业备选项。,不适合作为普通应用院校的考公主卖点。,上海市公安局特勤局|上海铁路公安局|云南出入境边防检查总站|公安部|北京市公安局特勤局|山东省公安厅特勤局|广东省公安厅特勤局|广州铁路公安局,一级警长及以下（一）|一级警长及以下（七）|一级警长及以下（五）|一级警长及以下（八）|一级警长及以下（六）|保山边境管理支队一级警长及以下（三）|平孟出入境边防检查站一级警长及以下|广州铁路公安处基层所队民警
130405T,书法学,本科(普通),,本科,艺术学,美术学类,25.4,弱适配,2026国考职位表/中央机关及直属机构口径（第三方镜像）,19.0,1.0,18.0,0.0,0.0,5.3,94.7,0.0,0.0,主要靠专业大类/门类岗位,公安/移民/基层执法(19)；海关/边检(4)；交通海事民航铁路(2),22.0,73.73,0.0,0.0,0.0,,13.0,68.4,14.54,6.0,31.6,229.96,0.0,0.0,,1.0,20.0,1.0,19.0,limited,升学后弱潜力,存在专业代码或专业名称精确匹配，并有直接学历兼容岗位。,可以考，但院校层级优势有限，更依赖岗位地区和限制条件。,岗位窗口较窄，建议只作为就业备选项。,不适合作为普通应用院校的考公主卖点。,上海市公安局特勤局|上海铁路公安局|公安部|北京市公安局特勤局|山东省公安厅特勤局|广东省公安厅特勤局|广州铁路公安局|广西出入境边防检查总站,一级警长及以下（一）|一级警长及以下（七）|一级警长及以下（五）|一级警长及以下（八）|一级警长及以下（六）|伊犁边境管理支队一级警长及以下（三）|平孟出入境边防检查站一级警长及以下|广州铁路公安处基层所队民警
130406T,中国画,本科(普通),,本科,艺术学,美术学类,19.6,弱适配,2026国考职位表/中央机关及直属机构口径（第三方镜像）,18.0,0.0,18.0,0.0,0.0,0.0,100.0,0.0,0.0,主要靠专业大类/门类岗位,公安/移民/基层执法(18)；海关/边检(3)；交通海事民航铁路(2),18.0,86.17,0.0,0.0,0.0,,13.0,72.2,14.54,5.0,27.8,272.4,0.0,0.0,,1.0,19.0,0.0,19.0,limited,升学后弱潜力,主要来自专业类/学科门类宽口径匹配，报考前必须核官方专业目录。,可以考，但院校层级优势有限，更依赖岗位地区和限制条件。,岗位窗口较窄，建议只作为就业备选项。,不适合作为普通应用院校的考公主卖点。,上海市公安局特勤局|上海铁路公安局|公安部|北京市公安局特勤局|山东省公安厅特勤局|广东省公安厅特勤局|广州铁路公安局|广西出入境边防检查总站,一级警长及以下（一）|一级警长及以下（七）|一级警长及以下（五）|一级警长及以下（八）|一级警长及以下（六）|平孟出入境边防检查站一级警长及以下|广州铁路公安处基层所队民警|文艺研究与评论处一级主任科员及以下
130407TK,实验艺术,本科(普通),,本科,艺术学,美术学类,19.6,弱适配,2026国考职位表/中央机关及直属机构口径（第三方镜像）,18.0,0.0,18.0,0.0,0.0,0.0,100.0,0.0,0.0,主要靠专业大类/门类岗位,公安/移民/基层执法(18)；海关/边检(3)；交通海事民航铁路(2),18.0,86.17,0.0,0.0,0.0,,13.0,72.2,14.54,5.0,27.8,272.4,0.0,0.0,,1.0,19.0,0.0,19.0,limited,升学后弱潜力,主要来自专业类/学科门类宽口径匹配，报考前必须核官方专业目录。,可以考，但院校层级优势有限，更依赖岗位地区和限制条件。,岗位窗口较窄，建议只作为就业备选项。,不适合作为普通应用院校的考公主卖点。,上海市公安局特勤局|上海铁路公安局|公安部|北京市公安局特勤局|山东省公安厅特勤局|广东省公安厅特勤局|广州铁路公安局|广西出入境边防检查总站,一级警长及以下（一）|一级警长及以下（七）|一级警长及以下（五）|一级警长及以下（八）|一级警长及以下（六）|平孟出入境边防检查站一级警长及以下|广州铁路公安处基层所队民警|文艺研究与评论处一级主任科员及以下
130408TK,跨媒体艺术,本科(普通),,本科,艺术学,美术学类,19.6,弱适配,2026国考职位表/中央机关及直属机构口径（第三方镜像）,18.0,0.0,18.0,0.0,0.0,0.0,100.0,0.0,0.0,主要靠专业大类/门类岗位,公安/移民/基层执法(18)；海关/边检(3)；交通海事民航铁路(2),18.0,86.17,0.0,0.0,0.0,,13.0,72.2,14.54,5.0,27.8,272.4,0.0,0.0,,1.0,19.0,0.0,19.0,limited,升学后弱潜力,主要来自专业类/学科门类宽口径匹配，报考前必须核官方专业目录。,可以考，但院校层级优势有限，更依赖岗位地区和限制条件。,岗位窗口较窄，建议只作为就业备选项。,不适合作为普通应用院校的考公主卖点。,上海市公安局特勤局|上海铁路公安局|公安部|北京市公安局特勤局|山东省公安厅特勤局|广东省公安厅特勤局|广州铁路公安局|广西出入境边防检查总站,一级警长及以下（一）|一级警长及以下（七）|一级警长及以下（五）|一级警长及以下（八）|一级警长及以下（六）|平孟出入境边防检查站一级警长及以下|广州铁路公安处基层所队民警|文艺研究与评论处一级主任科员及以下
130409T,文物保护与修复,本科(普通),,本科,艺术学,美术学类,19.6,弱适配,2026国考职位表/中央机关及直属机构口径（第三方镜像）,18.0,0.0,18.0,0.0,0.0,0.0,100.0,0.0,0.0,主要靠专业大类/门类岗位,公安/移民/基层执法(18)；海关/边检(3)；交通海事民航铁路(2),18.0,86.17,0.0,0.0,0.0,,13.0,72.2,14.54,5.0,27.8,272.4,0.0,0.0,,1.0,19.0,0.0,19.0,limited,升学后弱潜力,主要来自专业类/学科门类宽口径匹配，报考前必须核官方专业目录。,可以考，但院校层级优势有限，更依赖岗位地区和限制条件。,岗位窗口较窄，建议只作为就业备选项。,不适合作为普通应用院校的考公主卖点。,上海市公安局特勤局|上海铁路公安局|公安部|北京市公安局特勤局|山东省公安厅特勤局|广东省公安厅特勤局|广州铁路公安局|广西出入境边防检查总站,一级警长及以下（一）|一级警长及以下（七）|一级警长及以下（五）|一级警长及以下（八）|一级警长及以下（六）|平孟出入境边防检查站一级警长及以下|广州铁路公安处基层所队民警|文艺研究与评论处一级主任科员及以下
130410T,漫画,本科(普通),,本科,艺术学,美术学类,19.6,弱适配,2026国考职位表/中央机关及直属机构口径（第三方镜像）,18.0,0.0,18.0,0.0,0.0,0.0,100.0,0.0,0.0,主要靠专业大类/门类岗位,公安/移民/基层执法(18)；海关/边检(3)；交通海事民航铁路(2),18.0,86.17,0.0,0.0,0.0,,13.0,72.2,14.54,5.0,27.8,272.4,0.0,0.0,,1.0,19.0,0.0,19.0,limited,升学后弱潜力,主要来自专业类/学科门类宽口径匹配，报考前必须核官方专业目录。,可以考，但院校层级优势有限，更依赖岗位地区和限制条件。,岗位窗口较窄，建议只作为就业备选项。,不适合作为普通应用院校的考公主卖点。,上海市公安局特勤局|上海铁路公安局|公安部|北京市公安局特勤局|山东省公安厅特勤局|广东省公安厅特勤局|广州铁路公安局|广西出入境边防检查总站,一级警长及以下（一）|一级警长及以下（七）|一级警长及以下（五）|一级警长及以下（八）|一级警长及以下（六）|平孟出入境边防检查站一级警长及以下|广州铁路公安处基层所队民警|文艺研究与评论处一级主任科员及以下
130411T,纤维艺术,本科(普通),,本科,艺术学,美术学类,19.6,弱适配,2026国考职位表/中央机关及直属机构口径（第三方镜像）,18.0,0.0,18.0,0.0,0.0,0.0,100.0,0.0,0.0,主要靠专业大类/门类岗位,公安/移民/基层执法(18)；海关/边检(3)；交通海事民航铁路(2),18.0,86.17,0.0,0.0,0.0,,13.0,72.2,14.54,5.0,27.8,272.4,0.0,0.0,,1.0,19.0,0.0,19.0,limited,升学后弱潜力,主要来自专业类/学科门类宽口径匹配，报考前必须核官方专业目录。,可以考，但院校层级优势有限，更依赖岗位地区和限制条件。,岗位窗口较窄，建议只作为就业备选项。,不适合作为普通应用院校的考公主卖点。,上海市公安局特勤局|上海铁路公安局|公安部|北京市公安局特勤局|山东省公安厅特勤局|广东省公安厅特勤局|广州铁路公安局|广西出入境边防检查总站,一级警长及以下（一）|一级警长及以下（七）|一级警长及以下（五）|一级警长及以下（八）|一级警长及以下（六）|平孟出入境边防检查站一级警长及以下|广州铁路公安处基层所队民警|文艺研究与评论处一级主任科员及以下
130412TK,科技艺术,本科(普通),,本科,艺术学,美术学类,19.6,弱适配,2026国考职位表/中央机关及直属机构口径（第三方镜像）,18.0,0.0,18.0,0.0,0.0,0.0,100.0,0.0,0.0,主要靠专业大类/门类岗位,公安/移民/基层执法(18)；海关/边检(3)；交通海事民航铁路(2),18.0,86.17,0.0,0.0,0.0,,13.0,72.2,14.54,5.0,27.8,272.4,0.0,0.0,,1.0,19.0,0.0,19.0,limited,升学后弱潜力,主要来自专业类/学科门类宽口径匹配，报考前必须核官方专业目录。,可以考，但院校层级优势有限，更依赖岗位地区和限制条件。,岗位窗口较窄，建议只作为就业备选项。,不适合作为普通应用院校的考公主卖点。,上海市公安局特勤局|上海铁路公安局|公安部|北京市公安局特勤局|山东省公安厅特勤局|广东省公安厅特勤局|广州铁路公安局|广西出入境边防检查总站,一级警长及以下（一）|一级警长及以下（七）|一级警长及以下（五）|一级警长及以下（八）|一级警长及以下（六）|平孟出入境边防检查站一级警长及以下|广州铁路公安处基层所队民警|文艺研究与评论处一级主任科员及以下
130413TK,美术教育,本科(普通),,本科,艺术学,美术学类,19.6,弱适配,2026国考职位表/中央机关及直属机构口径（第三方镜像）,18.0,0.0,18.0,0.0,0.0,0.0,100.0,0.0,0.0,主要靠专业大类/门类岗位,公安/移民/基层执法(18)；海关/边检(3)；交通海事民航铁路(2),18.0,86.17,0.0,0.0,0.0,,13.0,72.2,14.54,5.0,27.8,272.4,0.0,0.0,,1.0,19.0,0.0,19.0,limited,升学后弱潜力,主要来自专业类/学科门类宽口径匹配，报考前必须核官方专业目录。,可以考，但院校层级优势有限，更依赖岗位地区和限制条件。,岗位窗口较窄，建议只作为就业备选项。,不适合作为普通应用院校的考公主卖点。,上海市公安局特勤局|上海铁路公安局|公安部|北京市公安局特勤局|山东省公安厅特勤局|广东省公安厅特勤局|广州铁路公安局|广西出入境边防检查总站,一级警长及以下（一）|一级警长及以下（七）|一级警长及以下（五）|一级警长及以下（八）|一级警长及以下（六）|平孟出入境边防检查站一级警长及以下|广州铁路公安处基层所队民警|文艺研究与评论处一级主任科员及以下
130414T,虚拟空间艺术,本科(普通),,本科,艺术学,美术学类,19.6,弱适配,2026国考职位表/中央机关及直属机构口径（第三方镜像）,18.0,0.0,18.0,0.0,0.0,0.0,100.0,0.0,0.0,主要靠专业大类/门类岗位,公安/移民/基层执法(18)；海关/边检(3)；交通海事民航铁路(2),18.0,86.17,0.0,0.0,0.0,,13.0,72.2,14.54,5.0,27.8,272.4,0.0,0.0,,1.0,19.0,0.0,19.0,limited,升学后弱潜力,主要来自专业类/学科门类宽口径匹配，报考前必须核官方专业目录。,可以考，但院校层级优势有限，更依赖岗位地区和限制条件。,岗位窗口较窄，建议只作为就业备选项。,不适合作为普通应用院校的考公主卖点。,上海市公安局特勤局|上海铁路公安局|公安部|北京市公安局特勤局|山东省公安厅特勤局|广东省公安厅特勤局|广州铁路公安局|广西出入境边防检查总站,一级警长及以下（一）|一级警长及以下（七）|一级警长及以下（五）|一级警长及以下（八）|一级警长及以下（六）|平孟出入境边防检查站一级警长及以下|广州铁路公安处基层所队民警|文艺研究与评论处一级主任科员及以下
130501,艺术设计学,本科(普通),,本科,艺术学,设计学类,18.1,弱适配,2026国考职位表/中央机关及直属机构口径（第三方镜像）,24.0,3.0,21.0,0.0,0.0,12.5,87.5,0.0,0.0,主要靠专业大类/门类岗位,公安/移民/基层执法(24)；海关/边检(6)；交通海事民航铁路(5),27.0,383.22,0.0,0.0,0.0,,13.0,54.2,14.54,11.0,45.8,821.25,0.0,0.0,,2.0,26.0,3.0,23.0,limited,升学后弱潜力,存在专业代码或专业名称精确匹配，并有直接学历兼容岗位。,可以考，但院校层级优势有限，更依赖岗位地区和限制条件。,岗位窗口较窄，建议只作为就业备选项。,不适合作为普通应用院校的考公主卖点。,上海市公安局特勤局|公安部|内蒙古出入境边防检查总站|北京市公安局特勤局|北京铁路公安局|呼和浩特铁路公安局|天津出入境边防检查总站|山东省公安厅特勤局,一级警长及以下（一）|一级警长及以下（七）|一级警长及以下（五）|一级警长及以下（八）|一级警长及以下（六）|包头铁路公安处基层所队民警|呼伦贝尔边境管理支队一级警长及以下（七）|天津铁路公安处基层所队民警
130502,视觉传达设计,本科(普通),,本科,艺术学,设计学类,16.7,弱适配,2026国考职位表/中央机关及直属机构口径（第三方镜像）,23.0,2.0,21.0,0.0,0.0,8.7,91.3,0.0,0.0,主要靠专业大类/门类岗位,公安/移民/基层执法(23)；海关/边检(5)；交通海事民航铁路(5),29.0,577.07,0.0,0.0,0.0,,13.0,56.5,14.54,10.0,43.5,1536.85,0.0,0.0,,2.0,25.0,2.0,23.0,limited,升学后弱潜力,存在专业代码或专业名称精确匹配，并有直接学历兼容岗位。,可以考，但院校层级优势有限，更依赖岗位地区和限制条件。,岗位窗口较窄，建议只作为就业备选项。,不适合作为普通应用院校的考公主卖点。,上海市公安局特勤局|公安部|北京市公安局特勤局|北京铁路公安局|呼和浩特铁路公安局|天津出入境边防检查总站|山东省公安厅特勤局|广东省公安厅特勤局,一级警长及以下（一）|一级警长及以下（七）|一级警长及以下（五）|一级警长及以下（八）|一级警长及以下（六）|伊犁边境管理支队一级警长及以下（三）|包头铁路公安处基层所队民警|双鸭山边境管理支队一级警长及以下（四）
130503,环境设计,本科(普通),,本科,艺术学,设计学类,28.1,弱适配,2026国考职位表/中央机关及直属机构口径（第三方镜像）,30.0,9.0,21.0,0.0,0.0,30.0,70.0,0.0,0.0,以对口岗位为主,公安/移民/基层执法(30)；海关/边检(10)；交通海事民航铁路(5),46.0,249.59,0.0,0.0,0.0,,13.0,43.3,14.54,17.0,56.7,560.34,0.0,0.0,,2.0,32.0,9.0,23.0,limited,升学后弱潜力,存在专业代码或专业名称精确匹配，并有直接学历兼容岗位。,可以考，但院校层级优势有限，更依赖岗位地区和限制条件。,岗位窗口较窄，建议只作为就业备选项。,不适合作为普通应用院校的考公主卖点。,上海市公安局特勤局|公安部|内蒙古出入境边防检查总站|北京市公安局特勤局|北京铁路公安局|吉林出入境边防检查总站|呼和浩特铁路公安局|国家移民管理局瑞丽遣返中心,一级警长及以下（一）|一级警长及以下（七）|一级警长及以下（五）|一级警长及以下（八）|一级警长及以下（六）|包头铁路公安处基层所队民警|博州边境管理支队一级警长及以下（三）|呼伦贝尔边境管理支队一级警长及以下（七）
130504,产品设计,本科(普通),,本科,艺术学,设计学类,10.9,很弱/无直接岗位,2026国考职位表/中央机关及直属机构口径（第三方镜像）,21.0,0.0,21.0,0.0,0.0,0.0,100.0,0.0,0.0,主要靠专业大类/门类岗位,公安/移民/基层执法(21)；交通海事民航铁路(5)；海关/边检(3),24.0,430.5,0.0,0.0,0.0,,13.0,61.9,14.54,8.0,38.1,1127.34,0.0,0.0,,2.0,23.0,0.0,23.0,limited,升学后弱潜力,主要来自专业类/学科门类宽口径匹配，报考前必须核官方专业目录。,可以考，但院校层级优势有限，更依赖岗位地区和限制条件。,岗位窗口较窄，建议只作为就业备选项。,不适合作为普通应用院校的考公主卖点。,上海市公安局特勤局|公安部|北京市公安局特勤局|北京铁路公安局|呼和浩特铁路公安局|天津出入境边防检查总站|山东省公安厅特勤局|广东省公安厅特勤局,一级警长及以下（一）|一级警长及以下（七）|一级警长及以下（五）|一级警长及以下（八）|一级警长及以下（六）|包头铁路公安处基层所队民警|天津铁路公安处基层所队民警|平孟出入境边防检查站一级警长及以下
130505,服装与服饰设计,本科(普通),,本科,艺术学,设计学类,10.9,很弱/无直接岗位,2026国考职位表/中央机关及直属机构口径（第三方镜像）,21.0,0.0,21.0,0.0,0.0,0.0,100.0,0.0,0.0,主要靠专业大类/门类岗位,公安/移民/基层执法(21)；交通海事民航铁路(5)；海关/边检(3),24.0,430.5,0.0,0.0,0.0,,13.0,61.9,14.54,8.0,38.1,1127.34,0.0,0.0,,2.0,23.0,0.0,23.0,limited,升学后弱潜力,主要来自专业类/学科门类宽口径匹配，报考前必须核官方专业目录。,可以考，但院校层级优势有限，更依赖岗位地区和限制条件。,岗位窗口较窄，建议只作为就业备选项。,不适合作为普通应用院校的考公主卖点。,上海市公安局特勤局|公安部|北京市公安局特勤局|北京铁路公安局|呼和浩特铁路公安局|天津出入境边防检查总站|山东省公安厅特勤局|广东省公安厅特勤局,一级警长及以下（一）|一级警长及以下（七）|一级警长及以下（五）|一级警长及以下（八）|一级警长及以下（六）|包头铁路公安处基层所队民警|天津铁路公安处基层所队民警|平孟出入境边防检查站一级警长及以下
130506,公共艺术,本科(普通),,本科,艺术学,设计学类,10.9,很弱/无直接岗位,2026国考职位表/中央机关及直属机构口径（第三方镜像）,21.0,0.0,21.0,0.0,0.0,0.0,100.0,0.0,0.0,主要靠专业大类/门类岗位,公安/移民/基层执法(21)；交通海事民航铁路(5)；海关/边检(3),24.0,430.5,0.0,0.0,0.0,,13.0,61.9,14.54,8.0,38.1,1127.34,0.0,0.0,,2.0,23.0,0.0,23.0,limited,升学后弱潜力,主要来自专业类/学科门类宽口径匹配，报考前必须核官方专业目录。,可以考，但院校层级优势有限，更依赖岗位地区和限制条件。,岗位窗口较窄，建议只作为就业备选项。,不适合作为普通应用院校的考公主卖点。,上海市公安局特勤局|公安部|北京市公安局特勤局|北京铁路公安局|呼和浩特铁路公安局|天津出入境边防检查总站|山东省公安厅特勤局|广东省公安厅特勤局,一级警长及以下（一）|一级警长及以下（七）|一级警长及以下（五）|一级警长及以下（八）|一级警长及以下（六）|包头铁路公安处基层所队民警|天津铁路公安处基层所队民警|平孟出入境边防检查站一级警长及以下
130507,工艺美术,本科(普通),,本科,艺术学,设计学类,10.9,很弱/无直接岗位,2026国考职位表/中央机关及直属机构口径（第三方镜像）,21.0,0.0,21.0,0.0,0.0,0.0,100.0,0.0,0.0,主要靠专业大类/门类岗位,公安/移民/基层执法(21)；交通海事民航铁路(5)；海关/边检(3),24.0,430.5,0.0,0.0,0.0,,13.0,61.9,14.54,8.0,38.1,1127.34,0.0,0.0,,2.0,23.0,0.0,23.0,limited,升学后弱潜力,主要来自专业类/学科门类宽口径匹配，报考前必须核官方专业目录。,可以考，但院校层级优势有限，更依赖岗位地区和限制条件。,岗位窗口较窄，建议只作为就业备选项。,不适合作为普通应用院校的考公主卖点。,上海市公安局特勤局|公安部|北京市公安局特勤局|北京铁路公安局|呼和浩特铁路公安局|天津出入境边防检查总站|山东省公安厅特勤局|广东省公安厅特勤局,一级警长及以下（一）|一级警长及以下（七）|一级警长及以下（五）|一级警长及以下（八）|一级警长及以下（六）|包头铁路公安处基层所队民警|天津铁路公安处基层所队民警|平孟出入境边防检查站一级警长及以下
130508,数字媒体艺术,本科(普通),,本科,艺术学,设计学类,18.1,弱适配,2026国考职位表/中央机关及直属机构口径（第三方镜像）,24.0,3.0,21.0,0.0,0.0,12.5,87.5,0.0,0.0,主要靠专业大类/门类岗位,公安/移民/基层执法(24)；海关/边检(6)；交通海事民航铁路(5),27.0,673.07,0.0,0.0,0.0,,13.0,54.2,14.54,11.0,45.8,1532.7,0.0,0.0,,2.0,26.0,3.0,23.0,limited,升学后弱潜力,存在专业代码或专业名称精确匹配，并有直接学历兼容岗位。,可以考，但院校层级优势有限，更依赖岗位地区和限制条件。,岗位窗口较窄，建议只作为就业备选项。,不适合作为普通应用院校的考公主卖点。,上海市公安局特勤局|公安部|北京市公安局特勤局|北京铁路公安局|呼和浩特铁路公安局|四川出入境边防检查总站|天津出入境边防检查总站|山东省公安厅特勤局,一级警长及以下（一）|一级警长及以下（七）|一级警长及以下（五）|一级警长及以下（八）|一级警长及以下（六）|包头铁路公安处基层所队民警|双鸭山边境管理支队一级警长及以下（四）|天津铁路公安处基层所队民警
130509T,艺术与科技,本科(普通),,本科,艺术学,设计学类,14.4,很弱/无直接岗位,2026国考职位表/中央机关及直属机构口径（第三方镜像）,22.0,1.0,21.0,0.0,0.0,4.5,95.5,0.0,0.0,主要靠专业大类/门类岗位,公安/移民/基层执法(22)；交通海事民航铁路(5)；海关/边检(4),25.0,413.36,0.0,0.0,0.0,,13.0,59.1,14.54,9.0,40.9,1002.31,0.0,0.0,,2.0,24.0,1.0,23.0,limited,升学后弱潜力,存在专业代码或专业名称精确匹配，并有直接学历兼容岗位。,可以考，但院校层级优势有限，更依赖岗位地区和限制条件。,岗位窗口较窄，建议只作为就业备选项。,不适合作为普通应用院校的考公主卖点。,上海市公安局特勤局|公安部|北京市公安局特勤局|北京铁路公安局|呼和浩特铁路公安局|四川出入境边防检查总站|天津出入境边防检查总站|山东省公安厅特勤局,一级警长及以下（一）|一级警长及以下（七）|一级警长及以下（五）|一级警长及以下（八）|一级警长及以下（六）|包头铁路公安处基层所队民警|天津铁路公安处基层所队民警|平孟出入境边防检查站一级警长及以下
130510TK,陶瓷艺术设计,本科(普通),,本科,艺术学,设计学类,10.9,很弱/无直接岗位,2026国考职位表/中央机关及直属机构口径（第三方镜像）,21.0,0.0,21.0,0.0,0.0,0.0,100.0,0.0,0.0,主要靠专业大类/门类岗位,公安/移民/基层执法(21)；交通海事民航铁路(5)；海关/边检(3),24.0,430.5,0.0,0.0,0.0,,13.0,61.9,14.54,8.0,38.1,1127.34,0.0,0.0,,2.0,23.0,0.0,23.0,limited,升学后弱潜力,主要来自专业类/学科门类宽口径匹配，报考前必须核官方专业目录。,可以考，但院校层级优势有限，更依赖岗位地区和限制条件。,岗位窗口较窄，建议只作为就业备选项。,不适合作为普通应用院校的考公主卖点。,上海市公安局特勤局|公安部|北京市公安局特勤局|北京铁路公安局|呼和浩特铁路公安局|天津出入境边防检查总站|山东省公安厅特勤局|广东省公安厅特勤局,一级警长及以下（一）|一级警长及以下（七）|一级警长及以下（五）|一级警长及以下（八）|一级警长及以下（六）|包头铁路公安处基层所队民警|天津铁路公安处基层所队民警|平孟出入境边防检查站一级警长及以下
130511T,新媒体艺术,本科(普通),,本科,艺术学,设计学类,22.6,弱适配,2026国考职位表/中央机关及直属机构口径（第三方镜像）,27.0,6.0,21.0,0.0,0.0,22.2,77.8,0.0,0.0,主要靠专业大类/门类岗位,公安/移民/基层执法(24)；海关/边检(9)；交通海事民航铁路(5),30.0,632.97,3.0,0.0,0.0,,13.0,48.1,14.54,12.0,44.4,1447.9,2.0,7.4,150.5,2.0,29.0,6.0,23.0,limited,升学后弱潜力,存在专业代码或专业名称精确匹配，并有直接学历兼容岗位。,可以考，但院校层级优势有限，更依赖岗位地区和限制条件。,岗位窗口较窄，建议只作为就业备选项。,不适合作为普通应用院校的考公主卖点。,上海市公安局特勤局|公安部|北京市公安局特勤局|北京铁路公安局|呼和浩特铁路公安局|四川出入境边防检查总站|天津出入境边防检查总站|山东省公安厅特勤局,一级警长及以下（一）|一级警长及以下（七）|一级警长及以下（五）|一级警长及以下（八）|一级警长及以下（六）|包头铁路公安处基层所队民警|双鸭山边境管理支队一级警长及以下（四）|天津铁路公安处基层所队民警
130512T,包装设计,本科(普通),,本科,艺术学,设计学类,10.9,很弱/无直接岗位,2026国考职位表/中央机关及直属机构口径（第三方镜像）,21.0,0.0,21.0,0.0,0.0,0.0,100.0,0.0,0.0,主要靠专业大类/门类岗位,公安/移民/基层执法(21)；交通海事民航铁路(5)；海关/边检(3),24.0,430.5,0.0,0.0,0.0,,13.0,61.9,14.54,8.0,38.1,1127.34,0.0,0.0,,2.0,23.0,0.0,23.0,limited,升学后弱潜力,主要来自专业类/学科门类宽口径匹配，报考前必须核官方专业目录。,可以考，但院校层级优势有限，更依赖岗位地区和限制条件。,岗位窗口较窄，建议只作为就业备选项。,不适合作为普通应用院校的考公主卖点。,上海市公安局特勤局|公安部|北京市公安局特勤局|北京铁路公安局|呼和浩特铁路公安局|天津出入境边防检查总站|山东省公安厅特勤局|广东省公安厅特勤局,一级警长及以下（一）|一级警长及以下（七）|一级警长及以下（五）|一级警长及以下（八）|一级警长及以下（六）|包头铁路公安处基层所队民警|天津铁路公安处基层所队民警|平孟出入境边防检查站一级警长及以下
130513TK,珠宝首饰设计与工艺,本科(普通),,本科,艺术学,设计学类,10.9,很弱/无直接岗位,2026国考职位表/中央机关及直属机构口径（第三方镜像）,21.0,0.0,21.0,0.0,0.0,0.0,100.0,0.0,0.0,主要靠专业大类/门类岗位,公安/移民/基层执法(21)；交通海事民航铁路(5)；海关/边检(3),24.0,430.5,0.0,0.0,0.0,,13.0,61.9,14.54,8.0,38.1,1127.34,0.0,0.0,,2.0,23.0,0.0,23.0,limited,升学后弱潜力,主要来自专业类/学科门类宽口径匹配，报考前必须核官方专业目录。,可以考，但院校层级优势有限，更依赖岗位地区和限制条件。,岗位窗口较窄，建议只作为就业备选项。,不适合作为普通应用院校的考公主卖点。,上海市公安局特勤局|公安部|北京市公安局特勤局|北京铁路公安局|呼和浩特铁路公安局|天津出入境边防检查总站|山东省公安厅特勤局|广东省公安厅特勤局,一级警长及以下（一）|一级警长及以下（七）|一级警长及以下（五）|一级警长及以下（八）|一级警长及以下（六）|包头铁路公安处基层所队民警|天津铁路公安处基层所队民警|平孟出入境边防检查站一级警长及以下
130514T,人居设计,本科(普通),,本科,艺术学,设计学类,10.9,很弱/无直接岗位,2026国考职位表/中央机关及直属机构口径（第三方镜像）,21.0,0.0,21.0,0.0,0.0,0.0,100.0,0.0,0.0,主要靠专业大类/门类岗位,公安/移民/基层执法(21)；交通海事民航铁路(5)；海关/边检(3),24.0,430.5,0.0,0.0,0.0,,13.0,61.9,14.54,8.0,38.1,1127.34,0.0,0.0,,2.0,23.0,0.0,23.0,limited,升学后弱潜力,主要来自专业类/学科门类宽口径匹配，报考前必须核官方专业目录。,可以考，但院校层级优势有限，更依赖岗位地区和限制条件。,岗位窗口较窄，建议只作为就业备选项。,不适合作为普通应用院校的考公主卖点。,上海市公安局特勤局|公安部|北京市公安局特勤局|北京铁路公安局|呼和浩特铁路公安局|天津出入境边防检查总站|山东省公安厅特勤局|广东省公安厅特勤局,一级警长及以下（一）|一级警长及以下（七）|一级警长及以下（五）|一级警长及以下（八）|一级警长及以下（六）|包头铁路公安处基层所队民警|天津铁路公安处基层所队民警|平孟出入境边防检查站一级警长及以下
130515TK,游戏艺术设计,本科(普通),,本科,艺术学,设计学类,10.9,很弱/无直接岗位,2026国考职位表/中央机关及直属机构口径（第三方镜像）,21.0,0.0,21.0,0.0,0.0,0.0,100.0,0.0,0.0,主要靠专业大类/门类岗位,公安/移民/基层执法(21)；交通海事民航铁路(5)；海关/边检(3),24.0,430.5,0.0,0.0,0.0,,13.0,61.9,14.54,8.0,38.1,1127.34,0.0,0.0,,2.0,23.0,0.0,23.0,limited,升学后弱潜力,主要来自专业类/学科门类宽口径匹配，报考前必须核官方专业目录。,可以考，但院校层级优势有限，更依赖岗位地区和限制条件。,岗位窗口较窄，建议只作为就业备选项。,不适合作为普通应用院校的考公主卖点。,上海市公安局特勤局|公安部|北京市公安局特勤局|北京铁路公安局|呼和浩特铁路公安局|天津出入境边防检查总站|山东省公安厅特勤局|广东省公安厅特勤局,一级警长及以下（一）|一级警长及以下（七）|一级警长及以下（五）|一级警长及以下（八）|一级警长及以下（六）|包头铁路公安处基层所队民警|天津铁路公安处基层所队民警|平孟出入境边防检查站一级警长及以下
410101,种子生产与经营,专科(高职),,专科,农林牧渔大类,农业类,0.0,很弱/无直接岗位,2026国考职位表/中央机关及直属机构口径（第三方镜像）,0.0,0.0,0.0,0.0,0.0,0.0,0.0,0.0,0.0,无直接可报岗位,,0.0,,0.0,0.0,0.0,,0.0,0.0,,0.0,0.0,,0.0,0.0,,0.0,0.0,0.0,0.0,none,暂无明显潜力,2026岗位文本中未形成直接可报匹配。,不建议把考公作为该专业在头部院校的核心卖点。,直接考公适配弱，应更多看行业就业或升学转换。,普通应用/职业院校下直接考公空间很小，优先看事业单位、基层项目或行业就业。,,
410102,作物生产与经营管理,专科(高职),,专科,农林牧渔大类,农业类,0.0,很弱/无直接岗位,2026国考职位表/中央机关及直属机构口径（第三方镜像）,0.0,0.0,0.0,0.0,0.0,0.0,0.0,0.0,0.0,无直接可报岗位,,0.0,,0.0,0.0,0.0,,0.0,0.0,,0.0,0.0,,0.0,0.0,,0.0,0.0,0.0,0.0,none,暂无明显潜力,2026岗位文本中未形成直接可报匹配。,不建议把考公作为该专业在头部院校的核心卖点。,直接考公适配弱，应更多看行业就业或升学转换。,普通应用/职业院校下直接考公空间很小，优先看事业单位、基层项目或行业就业。,,
410103,现代农业技术,专科(高职),,专科,农林牧渔大类,农业类,0.0,很弱/无直接岗位,2026国考职位表/中央机关及直属机构口径（第三方镜像）,0.0,0.0,0.0,0.0,0.0,0.0,0.0,0.0,0.0,无直接可报岗位,,0.0,,0.0,0.0,0.0,,0.0,0.0,,0.0,0.0,,0.0,0.0,,0.0,0.0,0.0,0.0,none,暂无明显潜力,2026岗位文本中未形成直接可报匹配。,不建议把考公作为该专业在头部院校的核心卖点。,直接考公适配弱，应更多看行业就业或升学转换。,普通应用/职业院校下直接考公空间很小，优先看事业单位、基层项目或行业就业。,,
410104,生态农业技术,专科(高职),,专科,农林牧渔大类,农业类,0.0,很弱/无直接岗位,2026国考职位表/中央机关及直属机构口径（第三方镜像）,0.0,0.0,0.0,0.0,0.0,0.0,0.0,0.0,0.0,无直接可报岗位,,0.0,,0.0,0.0,0.0,,0.0,0.0,,0.0,0.0,,0.0,0.0,,0.0,0.0,0.0,0.0,none,暂无明显潜力,2026岗位文本中未形成直接可报匹配。,不建议把考公作为该专业在头部院校的核心卖点。,直接考公适配弱，应更多看行业就业或升学转换。,普通应用/职业院校下直接考公空间很小，优先看事业单位、基层项目或行业就业。,,
410105,园艺技术,专科(高职),,专科,农林牧渔大类,农业类,0.0,很弱/无直接岗位,2026国考职位表/中央机关及直属机构口径（第三方镜像）,0.0,0.0,0.0,0.0,0.0,0.0,0.0,0.0,0.0,无直接可报岗位,,0.0,,0.0,0.0,0.0,,0.0,0.0,,0.0,0.0,,0.0,0.0,,0.0,0.0,0.0,0.0,none,暂无明显潜力,2026岗位文本中未形成直接可报匹配。,不建议把考公作为该专业在头部院校的核心卖点。,直接考公适配弱，应更多看行业就业或升学转换。,普通应用/职业院校下直接考公空间很小，优先看事业单位、基层项目或行业就业。,,
410106,植物保护与检疫技术,专科(高职),,专科,农林牧渔大类,农业类,0.0,很弱/无直接岗位,2026国考职位表/中央机关及直属机构口径（第三方镜像）,0.0,0.0,0.0,0.0,0.0,0.0,0.0,0.0,0.0,无直接可报岗位,,0.0,,0.0,0.0,0.0,,0.0,0.0,,0.0,0.0,,0.0,0.0,,0.0,0.0,0.0,0.0,none,暂无明显潜力,2026岗位文本中未形成直接可报匹配。,不建议把考公作为该专业在头部院校的核心卖点。,直接考公适配弱，应更多看行业就业或升学转换。,普通应用/职业院校下直接考公空间很小，优先看事业单位、基层项目或行业就业。,,
410107,茶叶生产与加工技术,专科(高职),,专科,农林牧渔大类,农业类,0.0,很弱/无直接岗位,2026国考职位表/中央机关及直属机构口径（第三方镜像）,0.0,0.0,0.0,0.0,0.0,0.0,0.0,0.0,0.0,无直接可报岗位,,0.0,,0.0,0.0,0.0,,0.0,0.0,,0.0,0.0,,0.0,0.0,,0.0,0.0,0.0,0.0,none,暂无明显潜力,2026岗位文本中未形成直接可报匹配。,不建议把考公作为该专业在头部院校的核心卖点。,直接考公适配弱，应更多看行业就业或升学转换。,普通应用/职业院校下直接考公空间很小，优先看事业单位、基层项目或行业就业。,,
410108,中草药栽培与加工技术,专科(高职),,专科,农林牧渔大类,农业类,0.0,很弱/无直接岗位,2026国考职位表/中央机关及直属机构口径（第三方镜像）,0.0,0.0,0.0,0.0,0.0,0.0,0.0,0.0,0.0,无直接可报岗位,,0.0,,0.0,0.0,0.0,,0.0,0.0,,0.0,0.0,,0.0,0.0,,0.0,0.0,0.0,0.0,none,暂无明显潜力,2026岗位文本中未形成直接可报匹配。,不建议把考公作为该专业在头部院校的核心卖点。,直接考公适配弱，应更多看行业就业或升学转换。,普通应用/职业院校下直接考公空间很小，优先看事业单位、基层项目或行业就业。,,
410109,烟草栽培与加工技术,专科(高职),,专科,农林牧渔大类,农业类,0.0,很弱/无直接岗位,2026国考职位表/中央机关及直属机构口径（第三方镜像）,0.0,0.0,0.0,0.0,0.0,0.0,0.0,0.0,0.0,无直接可报岗位,,0.0,,0.0,0.0,0.0,,0.0,0.0,,0.0,0.0,,0.0,0.0,,0.0,0.0,0.0,0.0,none,暂无明显潜力,2026岗位文本中未形成直接可报匹配。,不建议把考公作为该专业在头部院校的核心卖点。,直接考公适配弱，应更多看行业就业或升学转换。,普通应用/职业院校下直接考公空间很小，优先看事业单位、基层项目或行业就业。,,
410110,饲草生产技术,专科(高职),,专科,农林牧渔大类,农业类,0.0,很弱/无直接岗位,2026国考职位表/中央机关及直属机构口径（第三方镜像）,0.0,0.0,0.0,0.0,0.0,0.0,0.0,0.0,0.0,无直接可报岗位,,0.0,,0.0,0.0,0.0,,0.0,0.0,,0.0,0.0,,0.0,0.0,,0.0,0.0,0.0,0.0,none,暂无明显潜力,2026岗位文本中未形成直接可报匹配。,不建议把考公作为该专业在头部院校的核心卖点。,直接考公适配弱，应更多看行业就业或升学转换。,普通应用/职业院校下直接考公空间很小，优先看事业单位、基层项目或行业就业。,,
410111,食用菌生产与加工技术,专科(高职),,专科,农林牧渔大类,农业类,0.0,很弱/无直接岗位,2026国考职位表/中央机关及直属机构口径（第三方镜像）,0.0,0.0,0.0,0.0,0.0,0.0,0.0,0.0,0.0,无直接可报岗位,,0.0,,0.0,0.0,0.0,,0.0,0.0,,0.0,0.0,,0.0,0.0,,0.0,0.0,0.0,0.0,none,暂无明显潜力,2026岗位文本中未形成直接可报匹配。,不建议把考公作为该专业在头部院校的核心卖点。,直接考公适配弱，应更多看行业就业或升学转换。,普通应用/职业院校下直接考公空间很小，优先看事业单位、基层项目或行业就业。,,
410112,设施农业与装备,专科(高职),,专科,农林牧渔大类,农业类,0.0,很弱/无直接岗位,2026国考职位表/中央机关及直属机构口径（第三方镜像）,0.0,0.0,0.0,0.0,0.0,0.0,0.0,0.0,0.0,无直接可报岗位,,0.0,,0.0,0.0,0.0,,0.0,0.0,,0.0,0.0,,0.0,0.0,,0.0,0.0,0.0,0.0,none,暂无明显潜力,2026岗位文本中未形成直接可报匹配。,不建议把考公作为该专业在头部院校的核心卖点。,直接考公适配弱，应更多看行业就业或升学转换。,普通应用/职业院校下直接考公空间很小，优先看事业单位、基层项目或行业就业。,,
410113,现代农业装备应用技术,专科(高职),,专科,农林牧渔大类,农业类,0.0,很弱/无直接岗位,2026国考职位表/中央机关及直属机构口径（第三方镜像）,0.0,0.0,0.0,0.0,0.0,0.0,0.0,0.0,0.0,无直接可报岗位,,0.0,,0.0,0.0,0.0,,0.0,0.0,,0.0,0.0,,0.0,0.0,,0.0,0.0,0.0,0.0,none,暂无明显潜力,2026岗位文本中未形成直接可报匹配。,不建议把考公作为该专业在头部院校的核心卖点。,直接考公适配弱，应更多看行业就业或升学转换。,普通应用/职业院校下直接考公空间很小，优先看事业单位、基层项目或行业就业。,,
410114,农产品加工与质量检测,专科(高职),,专科,农林牧渔大类,农业类,0.0,很弱/无直接岗位,2026国考职位表/中央机关及直属机构口径（第三方镜像）,0.0,0.0,0.0,0.0,0.0,0.0,0.0,0.0,0.0,无直接可报岗位,,0.0,,0.0,0.0,0.0,,0.0,0.0,,0.0,0.0,,0.0,0.0,,0.0,0.0,0.0,0.0,none,暂无明显潜力,2026岗位文本中未形成直接可报匹配。,不建议把考公作为该专业在头部院校的核心卖点。,直接考公适配弱，应更多看行业就业或升学转换。,普通应用/职业院校下直接考公空间很小，优先看事业单位、基层项目或行业就业。,,
410115,绿色食品生产技术,专科(高职),,专科,农林牧渔大类,农业类,0.0,很弱/无直接岗位,2026国考职位表/中央机关及直属机构口径（第三方镜像）,0.0,0.0,0.0,0.0,0.0,0.0,0.0,0.0,0.0,无直接可报岗位,,0.0,,0.0,0.0,0.0,,0.0,0.0,,0.0,0.0,,0.0,0.0,,0.0,0.0,0.0,0.0,none,暂无明显潜力,2026岗位文本中未形成直接可报匹配。,不建议把考公作为该专业在头部院校的核心卖点。,直接考公适配弱，应更多看行业就业或升学转换。,普通应用/职业院校下直接考公空间很小，优先看事业单位、基层项目或行业就业。,,
410116,农产品流通与管理,专科(高职),,专科,农林牧渔大类,农业类,0.0,很弱/无直接岗位,2026国考职位表/中央机关及直属机构口径（第三方镜像）,0.0,0.0,0.0,0.0,0.0,0.0,0.0,0.0,0.0,无直接可报岗位,,0.0,,0.0,0.0,0.0,,0.0,0.0,,0.0,0.0,,0.0,0.0,,0.0,0.0,0.0,0.0,none,暂无明显潜力,2026岗位文本中未形成直接可报匹配。,不建议把考公作为该专业在头部院校的核心卖点。,直接考公适配弱，应更多看行业就业或升学转换。,普通应用/职业院校下直接考公空间很小，优先看事业单位、基层项目或行业就业。,,
410117,棉花加工与经营管理,专科(高职),,专科,农林牧渔大类,农业类,0.0,很弱/无直接岗位,2026国考职位表/中央机关及直属机构口径（第三方镜像）,0.0,0.0,0.0,0.0,0.0,0.0,0.0,0.0,0.0,无直接可报岗位,,0.0,,0.0,0.0,0.0,,0.0,0.0,,0.0,0.0,,0.0,0.0,,0.0,0.0,0.0,0.0,none,暂无明显潜力,2026岗位文本中未形成直接可报匹配。,不建议把考公作为该专业在头部院校的核心卖点。,直接考公适配弱，应更多看行业就业或升学转换。,普通应用/职业院校下直接考公空间很小，优先看事业单位、基层项目或行业就业。,,
410118,休闲农业经营与管理,专科(高职),,专科,农林牧渔大类,农业类,0.0,很弱/无直接岗位,2026国考职位表/中央机关及直属机构口径（第三方镜像）,0.0,0.0,0.0,0.0,0.0,0.0,0.0,0.0,0.0,无直接可报岗位,,0.0,,0.0,0.0,0.0,,0.0,0.0,,0.0,0.0,,0.0,0.0,,0.0,0.0,0.0,0.0,none,暂无明显潜力,2026岗位文本中未形成直接可报匹配。,不建议把考公作为该专业在头部院校的核心卖点。,直接考公适配弱，应更多看行业就业或升学转换。,普通应用/职业院校下直接考公空间很小，优先看事业单位、基层项目或行业就业。,,
410119,现代农业经济管理,专科(高职),,专科,农林牧渔大类,农业类,0.0,很弱/无直接岗位,2026国考职位表/中央机关及直属机构口径（第三方镜像）,0.0,0.0,0.0,0.0,0.0,0.0,0.0,0.0,0.0,无直接可报岗位,,0.0,,0.0,0.0,0.0,,0.0,0.0,,0.0,0.0,,0.0,0.0,,0.0,0.0,0.0,0.0,none,暂无明显潜力,2026岗位文本中未形成直接可报匹配。,不建议把考公作为该专业在头部院校的核心卖点。,直接考公适配弱，应更多看行业就业或升学转换。,普通应用/职业院校下直接考公空间很小，优先看事业单位、基层项目或行业就业。,,
410120,农村新型经济组织管理,专科(高职),,专科,农林牧渔大类,农业类,0.0,很弱/无直接岗位,2026国考职位表/中央机关及直属机构口径（第三方镜像）,0.0,0.0,0.0,0.0,0.0,0.0,0.0,0.0,0.0,无直接可报岗位,,0.0,,0.0,0.0,0.0,,0.0,0.0,,0.0,0.0,,0.0,0.0,,0.0,0.0,0.0,0.0,none,暂无明显潜力,2026岗位文本中未形成直接可报匹配。,不建议把考公作为该专业在头部院校的核心卖点。,直接考公适配弱，应更多看行业就业或升学转换。,普通应用/职业院校下直接考公空间很小，优先看事业单位、基层项目或行业就业。,,
410121,高标准农田建设与应用技术,专科(高职),,专科,农林牧渔大类,农业类,0.0,很弱/无直接岗位,2026国考职位表/中央机关及直属机构口径（第三方镜像）,0.0,0.0,0.0,0.0,0.0,0.0,0.0,0.0,0.0,无直接可报岗位,,0.0,,0.0,0.0,0.0,,0.0,0.0,,0.0,0.0,,0.0,0.0,,0.0,0.0,0.0,0.0,none,暂无明显潜力,2026岗位文本中未形成直接可报匹配。,不建议把考公作为该专业在头部院校的核心卖点。,直接考公适配弱，应更多看行业就业或升学转换。,普通应用/职业院校下直接考公空间很小，优先看事业单位、基层项目或行业就业。,,
410122,乡村治理技术,专科(高职),,专科,农林牧渔大类,农业类,0.0,很弱/无直接岗位,2026国考职位表/中央机关及直属机构口径（第三方镜像）,0.0,0.0,0.0,0.0,0.0,0.0,0.0,0.0,0.0,无直接可报岗位,,0.0,,0.0,0.0,0.0,,0.0,0.0,,0.0,0.0,,0.0,0.0,,0.0,0.0,0.0,0.0,none,暂无明显潜力,2026岗位文本中未形成直接可报匹配。,不建议把考公作为该专业在头部院校的核心卖点。,直接考公适配弱，应更多看行业就业或升学转换。,普通应用/职业院校下直接考公空间很小，优先看事业单位、基层项目或行业就业。,,
410123,热带作物生产与加工技术,专科(高职),,专科,农林牧渔大类,农业类,0.0,很弱/无直接岗位,2026国考职位表/中央机关及直属机构口径（第三方镜像）,0.0,0.0,0.0,0.0,0.0,0.0,0.0,0.0,0.0,无直接可报岗位,,0.0,,0.0,0.0,0.0,,0.0,0.0,,0.0,0.0,,0.0,0.0,,0.0,0.0,0.0,0.0,,暂无明显潜力,2026岗位文本中未形成直接可报匹配。,不建议把考公作为该专业在头部院校的核心卖点。,直接考公适配弱，应更多看行业就业或升学转换。,普通应用/职业院校下直接考公空间很小，优先看事业单位、基层项目或行业就业。,,
410124,智慧农业技术与装备,专科(高职),,专科,农林牧渔大类,农业类,0.0,很弱/无直接岗位,2026国考职位表/中央机关及直属机构口径（第三方镜像）,0.0,0.0,0.0,0.0,0.0,0.0,0.0,0.0,0.0,无直接可报岗位,,0.0,,0.0,0.0,0.0,,0.0,0.0,,0.0,0.0,,0.0,0.0,,0.0,0.0,0.0,0.0,,暂无明显潜力,2026岗位文本中未形成直接可报匹配。,不建议把考公作为该专业在头部院校的核心卖点。,直接考公适配弱，应更多看行业就业或升学转换。,普通应用/职业院校下直接考公空间很小，优先看事业单位、基层项目或行业就业。,,
410201,林业技术,专科(高职),,专科,农林牧渔大类,林业类,0.0,很弱/无直接岗位,2026国考职位表/中央机关及直属机构口径（第三方镜像）,0.0,0.0,0.0,0.0,0.0,0.0,0.0,0.0,0.0,无直接可报岗位,,0.0,,0.0,0.0,0.0,,0.0,0.0,,0.0,0.0,,0.0,0.0,,1.0,3.0,0.0,3.0,limited,升学后弱潜力,大专学历直接可报岗位不足；专业文本在本科/升本路径中有匹配线索。,不建议把考公作为该专业在头部院校的核心卖点。,直接考公适配弱，应更多看行业就业或升学转换。,普通应用/职业院校下直接考公空间很小，优先看事业单位、基层项目或行业就业。,国家林业和草原局驻北京专员办|国家林业和草原局驻大兴安岭专员办,案件督办处一级主任科员及以下|森林资源监管处一级主任科员及以下|自然保护地和湿地监管处一级主任科员及以下
410202,园林技术,专科(高职),,专科,农林牧渔大类,林业类,0.0,很弱/无直接岗位,2026国考职位表/中央机关及直属机构口径（第三方镜像）,0.0,0.0,0.0,0.0,0.0,0.0,0.0,0.0,0.0,无直接可报岗位,,0.0,,0.0,0.0,0.0,,0.0,0.0,,0.0,0.0,,0.0,0.0,,1.0,3.0,0.0,3.0,limited,升学后弱潜力,大专学历直接可报岗位不足；专业文本在本科/升本路径中有匹配线索。,不建议把考公作为该专业在头部院校的核心卖点。,直接考公适配弱，应更多看行业就业或升学转换。,普通应用/职业院校下直接考公空间很小，优先看事业单位、基层项目或行业就业。,国家林业和草原局驻北京专员办|国家林业和草原局驻大兴安岭专员办,案件督办处一级主任科员及以下|森林资源监管处一级主任科员及以下|自然保护地和湿地监管处一级主任科员及以下
410203,草业技术,专科(高职),,专科,农林牧渔大类,林业类,0.0,很弱/无直接岗位,2026国考职位表/中央机关及直属机构口径（第三方镜像）,0.0,0.0,0.0,0.0,0.0,0.0,0.0,0.0,0.0,无直接可报岗位,,0.0,,0.0,0.0,0.0,,0.0,0.0,,0.0,0.0,,0.0,0.0,,1.0,3.0,0.0,3.0,limited,升学后弱潜力,大专学历直接可报岗位不足；专业文本在本科/升本路径中有匹配线索。,不建议把考公作为该专业在头部院校的核心卖点。,直接考公适配弱，应更多看行业就业或升学转换。,普通应用/职业院校下直接考公空间很小，优先看事业单位、基层项目或行业就业。,国家林业和草原局驻北京专员办|国家林业和草原局驻大兴安岭专员办,案件督办处一级主任科员及以下|森林资源监管处一级主任科员及以下|自然保护地和湿地监管处一级主任科员及以下
410204,花卉生产与花艺,专科(高职),,专科,农林牧渔大类,林业类,0.0,很弱/无直接岗位,2026国考职位表/中央机关及直属机构口径（第三方镜像）,0.0,0.0,0.0,0.0,0.0,0.0,0.0,0.0,0.0,无直接可报岗位,,0.0,,0.0,0.0,0.0,,0.0,0.0,,0.0,0.0,,0.0,0.0,,1.0,3.0,0.0,3.0,limited,升学后弱潜力,大专学历直接可报岗位不足；专业文本在本科/升本路径中有匹配线索。,不建议把考公作为该专业在头部院校的核心卖点。,直接考公适配弱，应更多看行业就业或升学转换。,普通应用/职业院校下直接考公空间很小，优先看事业单位、基层项目或行业就业。,国家林业和草原局驻北京专员办|国家林业和草原局驻大兴安岭专员办,案件督办处一级主任科员及以下|森林资源监管处一级主任科员及以下|自然保护地和湿地监管处一级主任科员及以下
410205,经济林培育与利用,专科(高职),,专科,农林牧渔大类,林业类,0.0,很弱/无直接岗位,2026国考职位表/中央机关及直属机构口径（第三方镜像）,0.0,0.0,0.0,0.0,0.0,0.0,0.0,0.0,0.0,无直接可报岗位,,0.0,,0.0,0.0,0.0,,0.0,0.0,,0.0,0.0,,0.0,0.0,,1.0,3.0,0.0,3.0,limited,升学后弱潜力,大专学历直接可报岗位不足；专业文本在本科/升本路径中有匹配线索。,不建议把考公作为该专业在头部院校的核心卖点。,直接考公适配弱，应更多看行业就业或升学转换。,普通应用/职业院校下直接考公空间很小，优先看事业单位、基层项目或行业就业。,国家林业和草原局驻北京专员办|国家林业和草原局驻大兴安岭专员办,案件督办处一级主任科员及以下|森林资源监管处一级主任科员及以下|自然保护地和湿地监管处一级主任科员及以下
410206,森林和草原资源保护,专科(高职),,专科,农林牧渔大类,林业类,0.0,很弱/无直接岗位,2026国考职位表/中央机关及直属机构口径（第三方镜像）,0.0,0.0,0.0,0.0,0.0,0.0,0.0,0.0,0.0,无直接可报岗位,,0.0,,0.0,0.0,0.0,,0.0,0.0,,0.0,0.0,,0.0,0.0,,1.0,3.0,0.0,3.0,limited,升学后弱潜力,大专学历直接可报岗位不足；专业文本在本科/升本路径中有匹配线索。,不建议把考公作为该专业在头部院校的核心卖点。,直接考公适配弱，应更多看行业就业或升学转换。,普通应用/职业院校下直接考公空间很小，优先看事业单位、基层项目或行业就业。,国家林业和草原局驻北京专员办|国家林业和草原局驻大兴安岭专员办,案件督办处一级主任科员及以下|森林资源监管处一级主任科员及以下|自然保护地和湿地监管处一级主任科员及以下
410207,林草生态保护与修复,专科(高职),,专科,农林牧渔大类,林业类,0.0,很弱/无直接岗位,2026国考职位表/中央机关及直属机构口径（第三方镜像）,0.0,0.0,0.0,0.0,0.0,0.0,0.0,0.0,0.0,无直接可报岗位,,0.0,,0.0,0.0,0.0,,0.0,0.0,,0.0,0.0,,0.0,0.0,,1.0,3.0,0.0,3.0,limited,升学后弱潜力,大专学历直接可报岗位不足；专业文本在本科/升本路径中有匹配线索。,不建议把考公作为该专业在头部院校的核心卖点。,直接考公适配弱，应更多看行业就业或升学转换。,普通应用/职业院校下直接考公空间很小，优先看事业单位、基层项目或行业就业。,国家林业和草原局驻北京专员办|国家林业和草原局驻大兴安岭专员办,案件督办处一级主任科员及以下|森林资源监管处一级主任科员及以下|自然保护地和湿地监管处一级主任科员及以下
410208,野生动植物资源保护与利用,专科(高职),,专科,农林牧渔大类,林业类,0.0,很弱/无直接岗位,2026国考职位表/中央机关及直属机构口径（第三方镜像）,0.0,0.0,0.0,0.0,0.0,0.0,0.0,0.0,0.0,无直接可报岗位,,0.0,,0.0,0.0,0.0,,0.0,0.0,,0.0,0.0,,0.0,0.0,,1.0,3.0,0.0,3.0,limited,升学后弱潜力,大专学历直接可报岗位不足；专业文本在本科/升本路径中有匹配线索。,不建议把考公作为该专业在头部院校的核心卖点。,直接考公适配弱，应更多看行业就业或升学转换。,普通应用/职业院校下直接考公空间很小，优先看事业单位、基层项目或行业就业。,国家林业和草原局驻北京专员办|国家林业和草原局驻大兴安岭专员办,案件督办处一级主任科员及以下|森林资源监管处一级主任科员及以下|自然保护地和湿地监管处一级主任科员及以下
410209,自然保护地建设与管理,专科(高职),,专科,农林牧渔大类,林业类,0.0,很弱/无直接岗位,2026国考职位表/中央机关及直属机构口径（第三方镜像）,0.0,0.0,0.0,0.0,0.0,0.0,0.0,0.0,0.0,无直接可报岗位,,0.0,,0.0,0.0,0.0,,0.0,0.0,,0.0,0.0,,0.0,0.0,,1.0,3.0,0.0,3.0,limited,升学后弱潜力,大专学历直接可报岗位不足；专业文本在本科/升本路径中有匹配线索。,不建议把考公作为该专业在头部院校的核心卖点。,直接考公适配弱，应更多看行业就业或升学转换。,普通应用/职业院校下直接考公空间很小，优先看事业单位、基层项目或行业就业。,国家林业和草原局驻北京专员办|国家林业和草原局驻大兴安岭专员办,案件督办处一级主任科员及以下|森林资源监管处一级主任科员及以下|自然保护地和湿地监管处一级主任科员及以下
410210,森林生态旅游与康养,专科(高职),,专科,农林牧渔大类,林业类,0.0,很弱/无直接岗位,2026国考职位表/中央机关及直属机构口径（第三方镜像）,0.0,0.0,0.0,0.0,0.0,0.0,0.0,0.0,0.0,无直接可报岗位,,0.0,,0.0,0.0,0.0,,0.0,0.0,,0.0,0.0,,0.0,0.0,,1.0,3.0,0.0,3.0,limited,升学后弱潜力,大专学历直接可报岗位不足；专业文本在本科/升本路径中有匹配线索。,不建议把考公作为该专业在头部院校的核心卖点。,直接考公适配弱，应更多看行业就业或升学转换。,普通应用/职业院校下直接考公空间很小，优先看事业单位、基层项目或行业就业。,国家林业和草原局驻北京专员办|国家林业和草原局驻大兴安岭专员办,案件督办处一级主任科员及以下|森林资源监管处一级主任科员及以下|自然保护地和湿地监管处一级主任科员及以下
410211,林业信息技术应用,专科(高职),,专科,农林牧渔大类,林业类,0.0,很弱/无直接岗位,2026国考职位表/中央机关及直属机构口径（第三方镜像）,0.0,0.0,0.0,0.0,0.0,0.0,0.0,0.0,0.0,无直接可报岗位,,0.0,,0.0,0.0,0.0,,0.0,0.0,,0.0,0.0,,0.0,0.0,,1.0,3.0,0.0,3.0,limited,升学后弱潜力,大专学历直接可报岗位不足；专业文本在本科/升本路径中有匹配线索。,不建议把考公作为该专业在头部院校的核心卖点。,直接考公适配弱，应更多看行业就业或升学转换。,普通应用/职业院校下直接考公空间很小，优先看事业单位、基层项目或行业就业。,国家林业和草原局驻北京专员办|国家林业和草原局驻大兴安岭专员办,案件督办处一级主任科员及以下|森林资源监管处一级主任科员及以下|自然保护地和湿地监管处一级主任科员及以下
410212,木业智能装备应用技术,专科(高职),,专科,农林牧渔大类,林业类,0.0,很弱/无直接岗位,2026国考职位表/中央机关及直属机构口径（第三方镜像）,0.0,0.0,0.0,0.0,0.0,0.0,0.0,0.0,0.0,无直接可报岗位,,0.0,,0.0,0.0,0.0,,0.0,0.0,,0.0,0.0,,0.0,0.0,,1.0,3.0,0.0,3.0,limited,升学后弱潜力,大专学历直接可报岗位不足；专业文本在本科/升本路径中有匹配线索。,不建议把考公作为该专业在头部院校的核心卖点。,直接考公适配弱，应更多看行业就业或升学转换。,普通应用/职业院校下直接考公空间很小，优先看事业单位、基层项目或行业就业。,国家林业和草原局驻北京专员办|国家林业和草原局驻大兴安岭专员办,案件督办处一级主任科员及以下|森林资源监管处一级主任科员及以下|自然保护地和湿地监管处一级主任科员及以下
410213,木业产品设计与制造,专科(高职),,专科,农林牧渔大类,林业类,0.0,很弱/无直接岗位,2026国考职位表/中央机关及直属机构口径（第三方镜像）,0.0,0.0,0.0,0.0,0.0,0.0,0.0,0.0,0.0,无直接可报岗位,,0.0,,0.0,0.0,0.0,,0.0,0.0,,0.0,0.0,,0.0,0.0,,1.0,3.0,0.0,3.0,limited,升学后弱潜力,大专学历直接可报岗位不足；专业文本在本科/升本路径中有匹配线索。,不建议把考公作为该专业在头部院校的核心卖点。,直接考公适配弱，应更多看行业就业或升学转换。,普通应用/职业院校下直接考公空间很小，优先看事业单位、基层项目或行业就业。,国家林业和草原局驻北京专员办|国家林业和草原局驻大兴安岭专员办,案件督办处一级主任科员及以下|森林资源监管处一级主任科员及以下|自然保护地和湿地监管处一级主任科员及以下
410214,现代竹木产品设计与制造,专科(高职),,专科,农林牧渔大类,林业类,0.0,很弱/无直接岗位,2026国考职位表/中央机关及直属机构口径（第三方镜像）,0.0,0.0,0.0,0.0,0.0,0.0,0.0,0.0,0.0,无直接可报岗位,,0.0,,0.0,0.0,0.0,,0.0,0.0,,0.0,0.0,,0.0,0.0,,1.0,3.0,0.0,3.0,limited,升学后弱潜力,大专学历直接可报岗位不足；专业文本在本科/升本路径中有匹配线索。,不建议把考公作为该专业在头部院校的核心卖点。,直接考公适配弱，应更多看行业就业或升学转换。,普通应用/职业院校下直接考公空间很小，优先看事业单位、基层项目或行业就业。,国家林业和草原局驻北京专员办|国家林业和草原局驻大兴安岭专员办,案件督办处一级主任科员及以下|森林资源监管处一级主任科员及以下|自然保护地和湿地监管处一级主任科员及以下
410215,林草碳汇技术,专科(高职),,专科,农林牧渔大类,林业类,0.0,很弱/无直接岗位,2026国考职位表/中央机关及直属机构口径（第三方镜像）,0.0,0.0,0.0,0.0,0.0,0.0,0.0,0.0,0.0,无直接可报岗位,,0.0,,0.0,0.0,0.0,,0.0,0.0,,0.0,0.0,,0.0,0.0,,0.0,0.0,0.0,0.0,,暂无明显潜力,2026岗位文本中未形成直接可报匹配。,不建议把考公作为该专业在头部院校的核心卖点。,直接考公适配弱，应更多看行业就业或升学转换。,普通应用/职业院校下直接考公空间很小，优先看事业单位、基层项目或行业就业。,,
410301,动物医学,专科(高职),,专科,农林牧渔大类,畜牧业类,0.0,很弱/无直接岗位,2026国考职位表/中央机关及直属机构口径（第三方镜像）,0.0,0.0,0.0,0.0,0.0,0.0,0.0,0.0,0.0,无直接可报岗位,,0.0,,0.0,0.0,0.0,,0.0,0.0,,0.0,0.0,,0.0,0.0,,0.0,105.0,105.0,0.0,limited,升学后中等潜力,大专学历直接可报岗位不足；专业文本在本科/升本路径中有匹配线索。,不建议把考公作为该专业在头部院校的核心卖点。,直接考公适配弱，应更多看行业就业或升学转换。,普通应用/职业院校下直接考公空间很小，优先看事业单位、基层项目或行业就业。,上海海关|乌鲁木齐海关|南京海关|南昌海关|厦门海关|吉林出入境边防检查总站|呼和浩特海关|哈尔滨海关,动植物检疫一级行政执法员|动植物检疫一级行政执法员（一）|动植物检疫一级行政执法员（二）|动植物检疫二级主办及以下|动植物检疫四级主办及以下|动植物检疫处动物检疫四级主管及以下|动物检疫一级行政执法员|动物检疫一级行政执法员（一）
410302,动物药学,专科(高职),,专科,农林牧渔大类,畜牧业类,0.0,很弱/无直接岗位,2026国考职位表/中央机关及直属机构口径（第三方镜像）,0.0,0.0,0.0,0.0,0.0,0.0,0.0,0.0,0.0,无直接可报岗位,,0.0,,0.0,0.0,0.0,,0.0,0.0,,0.0,0.0,,0.0,0.0,,0.0,34.0,34.0,0.0,limited,升学后中等潜力,大专学历直接可报岗位不足；专业文本在本科/升本路径中有匹配线索。,不建议把考公作为该专业在头部院校的核心卖点。,直接考公适配弱，应更多看行业就业或升学转换。,普通应用/职业院校下直接考公空间很小，优先看事业单位、基层项目或行业就业。,哈尔滨海关|天津海关|昆明海关|杭州海关|汕头海关|江门海关|沈阳海关|海口海关,动植物检疫一级行政执法员|动植物检疫一级行政执法员（一）|动植物检疫一级行政执法员（二）|动植物检疫四级主办及以下|动物检疫一级行政执法员|动物检疫四级主办及以下|动物检疫四级主办及以下（一）|动物检疫四级主办及以下（二）
410303,畜牧兽医,专科(高职),,专科,农林牧渔大类,畜牧业类,0.0,很弱/无直接岗位,2026国考职位表/中央机关及直属机构口径（第三方镜像）,0.0,0.0,0.0,0.0,0.0,0.0,0.0,0.0,0.0,无直接可报岗位,,0.0,,0.0,0.0,0.0,,0.0,0.0,,0.0,0.0,,0.0,0.0,,0.0,0.0,0.0,0.0,none,暂无明显潜力,2026岗位文本中未形成直接可报匹配。,不建议把考公作为该专业在头部院校的核心卖点。,直接考公适配弱，应更多看行业就业或升学转换。,普通应用/职业院校下直接考公空间很小，优先看事业单位、基层项目或行业就业。,,
410304,中兽医,专科(高职),,专科,农林牧渔大类,畜牧业类,0.0,很弱/无直接岗位,2026国考职位表/中央机关及直属机构口径（第三方镜像）,0.0,0.0,0.0,0.0,0.0,0.0,0.0,0.0,0.0,无直接可报岗位,,0.0,,0.0,0.0,0.0,,0.0,0.0,,0.0,0.0,,0.0,0.0,,0.0,18.0,18.0,0.0,limited,升学后中等潜力,大专学历直接可报岗位不足；专业文本在本科/升本路径中有匹配线索。,不建议把考公作为该专业在头部院校的核心卖点。,直接考公适配弱，应更多看行业就业或升学转换。,普通应用/职业院校下直接考公空间很小，优先看事业单位、基层项目或行业就业。,南昌海关|吉林出入境边防检查总站|杭州海关|海口海关|重庆海关,动植物检疫一级行政执法员|动植物检疫四级主办及以下|动物检疫一级行政执法员|动物检疫四级主办及以下|动物检疫监管一级行政执法员|动物检疫监管四级主办及以下|延边边境管理支队一级警长及以下（十）|海关监管四级主办及以下
410305,宠物医疗技术,专科(高职),,专科,农林牧渔大类,畜牧业类,0.0,很弱/无直接岗位,2026国考职位表/中央机关及直属机构口径（第三方镜像）,0.0,0.0,0.0,0.0,0.0,0.0,0.0,0.0,0.0,无直接可报岗位,,0.0,,0.0,0.0,0.0,,0.0,0.0,,0.0,0.0,,0.0,0.0,,0.0,0.0,0.0,0.0,none,暂无明显潜力,2026岗位文本中未形成直接可报匹配。,不建议把考公作为该专业在头部院校的核心卖点。,直接考公适配弱，应更多看行业就业或升学转换。,普通应用/职业院校下直接考公空间很小，优先看事业单位、基层项目或行业就业。,,
410306,动物防疫与检疫,专科(高职),,专科,农林牧渔大类,畜牧业类,0.0,很弱/无直接岗位,2026国考职位表/中央机关及直属机构口径（第三方镜像）,0.0,0.0,0.0,0.0,0.0,0.0,0.0,0.0,0.0,无直接可报岗位,,0.0,,0.0,0.0,0.0,,0.0,0.0,,0.0,0.0,,0.0,0.0,,0.0,0.0,0.0,0.0,none,暂无明显潜力,2026岗位文本中未形成直接可报匹配。,不建议把考公作为该专业在头部院校的核心卖点。,直接考公适配弱，应更多看行业就业或升学转换。,普通应用/职业院校下直接考公空间很小，优先看事业单位、基层项目或行业就业。,,
410307,畜禽智能化养殖,专科(高职),,专科,农林牧渔大类,畜牧业类,0.0,很弱/无直接岗位,2026国考职位表/中央机关及直属机构口径（第三方镜像）,0.0,0.0,0.0,0.0,0.0,0.0,0.0,0.0,0.0,无直接可报岗位,,0.0,,0.0,0.0,0.0,,0.0,0.0,,0.0,0.0,,0.0,0.0,,0.0,0.0,0.0,0.0,none,暂无明显潜力,2026岗位文本中未形成直接可报匹配。,不建议把考公作为该专业在头部院校的核心卖点。,直接考公适配弱，应更多看行业就业或升学转换。,普通应用/职业院校下直接考公空间很小，优先看事业单位、基层项目或行业就业。,,
410308,特种动物养殖技术,专科(高职),,专科,农林牧渔大类,畜牧业类,0.0,很弱/无直接岗位,2026国考职位表/中央机关及直属机构口径（第三方镜像）,0.0,0.0,0.0,0.0,0.0,0.0,0.0,0.0,0.0,无直接可报岗位,,0.0,,0.0,0.0,0.0,,0.0,0.0,,0.0,0.0,,0.0,0.0,,0.0,0.0,0.0,0.0,none,暂无明显潜力,2026岗位文本中未形成直接可报匹配。,不建议把考公作为该专业在头部院校的核心卖点。,直接考公适配弱，应更多看行业就业或升学转换。,普通应用/职业院校下直接考公空间很小，优先看事业单位、基层项目或行业就业。,,
410309,宠物养护与驯导,专科(高职),,专科,农林牧渔大类,畜牧业类,0.0,很弱/无直接岗位,2026国考职位表/中央机关及直属机构口径（第三方镜像）,0.0,0.0,0.0,0.0,0.0,0.0,0.0,0.0,0.0,无直接可报岗位,,0.0,,0.0,0.0,0.0,,0.0,0.0,,0.0,0.0,,0.0,0.0,,0.0,0.0,0.0,0.0,none,暂无明显潜力,2026岗位文本中未形成直接可报匹配。,不建议把考公作为该专业在头部院校的核心卖点。,直接考公适配弱，应更多看行业就业或升学转换。,普通应用/职业院校下直接考公空间很小，优先看事业单位、基层项目或行业就业。,,
410310,动物营养与饲料,专科(高职),,专科,农林牧渔大类,畜牧业类,0.0,很弱/无直接岗位,2026国考职位表/中央机关及直属机构口径（第三方镜像）,0.0,0.0,0.0,0.0,0.0,0.0,0.0,0.0,0.0,无直接可报岗位,,0.0,,0.0,0.0,0.0,,0.0,0.0,,0.0,0.0,,0.0,0.0,,0.0,0.0,0.0,0.0,none,暂无明显潜力,2026岗位文本中未形成直接可报匹配。,不建议把考公作为该专业在头部院校的核心卖点。,直接考公适配弱，应更多看行业就业或升学转换。,普通应用/职业院校下直接考公空间很小，优先看事业单位、基层项目或行业就业。,,
410311,蚕桑技术,专科(高职),,专科,农林牧渔大类,畜牧业类,0.0,很弱/无直接岗位,2026国考职位表/中央机关及直属机构口径（第三方镜像）,0.0,0.0,0.0,0.0,0.0,0.0,0.0,0.0,0.0,无直接可报岗位,,0.0,,0.0,0.0,0.0,,0.0,0.0,,0.0,0.0,,0.0,0.0,,0.0,0.0,0.0,0.0,none,暂无明显潜力,2026岗位文本中未形成直接可报匹配。,不建议把考公作为该专业在头部院校的核心卖点。,直接考公适配弱，应更多看行业就业或升学转换。,普通应用/职业院校下直接考公空间很小，优先看事业单位、基层项目或行业就业。,,
410401,水产养殖技术,专科(高职),,专科,农林牧渔大类,渔业类,0.0,很弱/无直接岗位,2026国考职位表/中央机关及直属机构口径（第三方镜像）,0.0,0.0,0.0,0.0,0.0,0.0,0.0,0.0,0.0,无直接可报岗位,,0.0,,0.0,0.0,0.0,,0.0,0.0,,0.0,0.0,,0.0,0.0,,0.0,0.0,0.0,0.0,none,暂无明显潜力,2026岗位文本中未形成直接可报匹配。,不建议把考公作为该专业在头部院校的核心卖点。,直接考公适配弱，应更多看行业就业或升学转换。,普通应用/职业院校下直接考公空间很小，优先看事业单位、基层项目或行业就业。,,
410402,海洋渔业技术,专科(高职),,专科,农林牧渔大类,渔业类,0.0,很弱/无直接岗位,2026国考职位表/中央机关及直属机构口径（第三方镜像）,0.0,0.0,0.0,0.0,0.0,0.0,0.0,0.0,0.0,无直接可报岗位,,0.0,,0.0,0.0,0.0,,0.0,0.0,,0.0,0.0,,0.0,0.0,,0.0,0.0,0.0,0.0,none,暂无明显潜力,2026岗位文本中未形成直接可报匹配。,不建议把考公作为该专业在头部院校的核心卖点。,直接考公适配弱，应更多看行业就业或升学转换。,普通应用/职业院校下直接考公空间很小，优先看事业单位、基层项目或行业就业。,,
410403,水族科学与技术,专科(高职),,专科,农林牧渔大类,渔业类,0.0,很弱/无直接岗位,2026国考职位表/中央机关及直属机构口径（第三方镜像）,0.0,0.0,0.0,0.0,0.0,0.0,0.0,0.0,0.0,无直接可报岗位,,0.0,,0.0,0.0,0.0,,0.0,0.0,,0.0,0.0,,0.0,0.0,,0.0,3.0,3.0,0.0,limited,升学后弱潜力,大专学历直接可报岗位不足；专业文本在本科/升本路径中有匹配线索。,不建议把考公作为该专业在头部院校的核心卖点。,直接考公适配弱，应更多看行业就业或升学转换。,普通应用/职业院校下直接考公空间很小，优先看事业单位、基层项目或行业就业。,汕头海关,综合业务一级行政执法员
410404,水生动物医学,专科(高职),,专科,农林牧渔大类,渔业类,0.0,很弱/无直接岗位,2026国考职位表/中央机关及直属机构口径（第三方镜像）,0.0,0.0,0.0,0.0,0.0,0.0,0.0,0.0,0.0,无直接可报岗位,,0.0,,0.0,0.0,0.0,,0.0,0.0,,0.0,0.0,,0.0,0.0,,0.0,50.0,50.0,0.0,limited,升学后中等潜力,大专学历直接可报岗位不足；专业文本在本科/升本路径中有匹配线索。,不建议把考公作为该专业在头部院校的核心卖点。,直接考公适配弱，应更多看行业就业或升学转换。,普通应用/职业院校下直接考公空间很小，优先看事业单位、基层项目或行业就业。,乌鲁木齐海关|南京海关|南昌海关|厦门海关|宁波海关|杭州海关|汕头海关|江门海关,动植物检疫一级行政执法员|动植物检疫二级主办及以下|动植物检疫四级主办及以下|动物检疫一级行政执法员|动物检疫一级行政执法员（一）|动物检疫一级行政执法员（二）|动物检疫二级主办及以下（一）|动物检疫二级主办及以下（二）
410405,休闲渔业经营与管理,专科(高职),,专科,农林牧渔大类,渔业类,0.0,很弱/无直接岗位,2026国考职位表/中央机关及直属机构口径（第三方镜像）,0.0,0.0,0.0,0.0,0.0,0.0,0.0,0.0,0.0,无直接可报岗位,,0.0,,0.0,0.0,0.0,,0.0,0.0,,0.0,0.0,,0.0,0.0,,0.0,0.0,0.0,0.0,none,暂无明显潜力,2026岗位文本中未形成直接可报匹配。,不建议把考公作为该专业在头部院校的核心卖点。,直接考公适配弱，应更多看行业就业或升学转换。,普通应用/职业院校下直接考公空间很小，优先看事业单位、基层项目或行业就业。,,
420101,国土资源调查与管理,专科(高职),,专科,资源环境与安全大类,资源勘查类,0.0,很弱/无直接岗位,2026国考职位表/中央机关及直属机构口径（第三方镜像）,0.0,0.0,0.0,0.0,0.0,0.0,0.0,0.0,0.0,无直接可报岗位,,0.0,,0.0,0.0,0.0,,0.0,0.0,,0.0,0.0,,0.0,0.0,,0.0,0.0,0.0,0.0,none,暂无明显潜力,2026岗位文本中未形成直接可报匹配。,不建议把考公作为该专业在头部院校的核心卖点。,直接考公适配弱，应更多看行业就业或升学转换。,普通应用/职业院校下直接考公空间很小，优先看事业单位、基层项目或行业就业。,,
420102,地质调查与矿产普查,专科(高职),,专科,资源环境与安全大类,资源勘查类,0.0,很弱/无直接岗位,2026国考职位表/中央机关及直属机构口径（第三方镜像）,0.0,0.0,0.0,0.0,0.0,0.0,0.0,0.0,0.0,无直接可报岗位,,0.0,,0.0,0.0,0.0,,0.0,0.0,,0.0,0.0,,0.0,0.0,,0.0,0.0,0.0,0.0,none,暂无明显潜力,2026岗位文本中未形成直接可报匹配。,不建议把考公作为该专业在头部院校的核心卖点。,直接考公适配弱，应更多看行业就业或升学转换。,普通应用/职业院校下直接考公空间很小，优先看事业单位、基层项目或行业就业。,,
420103,生态地质调查,专科(高职),,专科,资源环境与安全大类,资源勘查类,0.0,很弱/无直接岗位,2026国考职位表/中央机关及直属机构口径（第三方镜像）,0.0,0.0,0.0,0.0,0.0,0.0,0.0,0.0,0.0,无直接可报岗位,,0.0,,0.0,0.0,0.0,,0.0,0.0,,0.0,0.0,,0.0,0.0,,0.0,0.0,0.0,0.0,none,暂无明显潜力,2026岗位文本中未形成直接可报匹配。,不建议把考公作为该专业在头部院校的核心卖点。,直接考公适配弱，应更多看行业就业或升学转换。,普通应用/职业院校下直接考公空间很小，优先看事业单位、基层项目或行业就业。,,
420104,矿产地质勘查,专科(高职),,专科,资源环境与安全大类,资源勘查类,0.0,很弱/无直接岗位,2026国考职位表/中央机关及直属机构口径（第三方镜像）,0.0,0.0,0.0,0.0,0.0,0.0,0.0,0.0,0.0,无直接可报岗位,,0.0,,0.0,0.0,0.0,,0.0,0.0,,0.0,0.0,,0.0,0.0,,0.0,0.0,0.0,0.0,none,暂无明显潜力,2026岗位文本中未形成直接可报匹配。,不建议把考公作为该专业在头部院校的核心卖点。,直接考公适配弱，应更多看行业就业或升学转换。,普通应用/职业院校下直接考公空间很小，优先看事业单位、基层项目或行业就业。,,
420105,煤田地质勘查,专科(高职),,专科,资源环境与安全大类,资源勘查类,0.0,很弱/无直接岗位,2026国考职位表/中央机关及直属机构口径（第三方镜像）,0.0,0.0,0.0,0.0,0.0,0.0,0.0,0.0,0.0,无直接可报岗位,,0.0,,0.0,0.0,0.0,,0.0,0.0,,0.0,0.0,,0.0,0.0,,0.0,0.0,0.0,0.0,none,暂无明显潜力,2026岗位文本中未形成直接可报匹配。,不建议把考公作为该专业在头部院校的核心卖点。,直接考公适配弱，应更多看行业就业或升学转换。,普通应用/职业院校下直接考公空间很小，优先看事业单位、基层项目或行业就业。,,
420106,岩矿分析与鉴定,专科(高职),,专科,资源环境与安全大类,资源勘查类,0.0,很弱/无直接岗位,2026国考职位表/中央机关及直属机构口径（第三方镜像）,0.0,0.0,0.0,0.0,0.0,0.0,0.0,0.0,0.0,无直接可报岗位,,0.0,,0.0,0.0,0.0,,0.0,0.0,,0.0,0.0,,0.0,0.0,,0.0,0.0,0.0,0.0,none,暂无明显潜力,2026岗位文本中未形成直接可报匹配。,不建议把考公作为该专业在头部院校的核心卖点。,直接考公适配弱，应更多看行业就业或升学转换。,普通应用/职业院校下直接考公空间很小，优先看事业单位、基层项目或行业就业。,,
420107,宝玉石鉴定与加工,专科(高职),,专科,资源环境与安全大类,资源勘查类,0.0,很弱/无直接岗位,2026国考职位表/中央机关及直属机构口径（第三方镜像）,0.0,0.0,0.0,0.0,0.0,0.0,0.0,0.0,0.0,无直接可报岗位,,0.0,,0.0,0.0,0.0,,0.0,0.0,,0.0,0.0,,0.0,0.0,,0.0,0.0,0.0,0.0,none,暂无明显潜力,2026岗位文本中未形成直接可报匹配。,不建议把考公作为该专业在头部院校的核心卖点。,直接考公适配弱，应更多看行业就业或升学转换。,普通应用/职业院校下直接考公空间很小，优先看事业单位、基层项目或行业就业。,,
420201,工程地质勘查,专科(高职),,专科,资源环境与安全大类,地质类,0.0,很弱/无直接岗位,2026国考职位表/中央机关及直属机构口径（第三方镜像）,0.0,0.0,0.0,0.0,0.0,0.0,0.0,0.0,0.0,无直接可报岗位,,0.0,,0.0,0.0,0.0,,0.0,0.0,,0.0,0.0,,0.0,0.0,,0.0,4.0,0.0,4.0,limited,升学后弱潜力,大专学历直接可报岗位不足；专业文本在本科/升本路径中有匹配线索。,不建议把考公作为该专业在头部院校的核心卖点。,直接考公适配弱，应更多看行业就业或升学转换。,普通应用/职业院校下直接考公空间很小，优先看事业单位、基层项目或行业就业。,国家矿山安全监察局湖北局|国家矿山安全监察局陕西局|国家税务总局江西省税务局|国家自然资源督察成都局,一级主任科员及以下|一级行政执法员（一）|监察执法处二级主任科员及以下|督察室一级主任科员及以下
420202,水文与工程地质,专科(高职),,专科,资源环境与安全大类,地质类,0.0,很弱/无直接岗位,2026国考职位表/中央机关及直属机构口径（第三方镜像）,0.0,0.0,0.0,0.0,0.0,0.0,0.0,0.0,0.0,无直接可报岗位,,0.0,,0.0,0.0,0.0,,0.0,0.0,,0.0,0.0,,0.0,0.0,,0.0,4.0,0.0,4.0,limited,升学后弱潜力,大专学历直接可报岗位不足；专业文本在本科/升本路径中有匹配线索。,不建议把考公作为该专业在头部院校的核心卖点。,直接考公适配弱，应更多看行业就业或升学转换。,普通应用/职业院校下直接考公空间很小，优先看事业单位、基层项目或行业就业。,国家矿山安全监察局湖北局|国家矿山安全监察局陕西局|国家税务总局江西省税务局|国家自然资源督察成都局,一级主任科员及以下|一级行政执法员（一）|监察执法处二级主任科员及以下|督察室一级主任科员及以下
420203,矿山地质,专科(高职),,专科,资源环境与安全大类,地质类,0.0,很弱/无直接岗位,2026国考职位表/中央机关及直属机构口径（第三方镜像）,0.0,0.0,0.0,0.0,0.0,0.0,0.0,0.0,0.0,无直接可报岗位,,0.0,,0.0,0.0,0.0,,0.0,0.0,,0.0,0.0,,0.0,0.0,,0.0,5.0,1.0,4.0,limited,升学后弱潜力,大专学历直接可报岗位不足；专业文本在本科/升本路径中有匹配线索。,不建议把考公作为该专业在头部院校的核心卖点。,直接考公适配弱，应更多看行业就业或升学转换。,普通应用/职业院校下直接考公空间很小，优先看事业单位、基层项目或行业就业。,国家矿山安全监察局湖北局|国家矿山安全监察局湖南局|国家矿山安全监察局陕西局|国家税务总局江西省税务局|国家自然资源督察成都局,一级主任科员及以下|一级行政执法员（一）|监察执法处一级主任科员及以下|监察执法处二级主任科员及以下|督察室一级主任科员及以下
420204,钻探工程技术,专科(高职),,专科,资源环境与安全大类,地质类,0.0,很弱/无直接岗位,2026国考职位表/中央机关及直属机构口径（第三方镜像）,0.0,0.0,0.0,0.0,0.0,0.0,0.0,0.0,0.0,无直接可报岗位,,0.0,,0.0,0.0,0.0,,0.0,0.0,,0.0,0.0,,0.0,0.0,,0.0,4.0,0.0,4.0,limited,升学后弱潜力,大专学历直接可报岗位不足；专业文本在本科/升本路径中有匹配线索。,不建议把考公作为该专业在头部院校的核心卖点。,直接考公适配弱，应更多看行业就业或升学转换。,普通应用/职业院校下直接考公空间很小，优先看事业单位、基层项目或行业就业。,国家矿山安全监察局湖北局|国家矿山安全监察局陕西局|国家税务总局江西省税务局|国家自然资源督察成都局,一级主任科员及以下|一级行政执法员（一）|监察执法处二级主任科员及以下|督察室一级主任科员及以下
420205,岩土工程技术,专科(高职),,专科,资源环境与安全大类,地质类,0.0,很弱/无直接岗位,2026国考职位表/中央机关及直属机构口径（第三方镜像）,0.0,0.0,0.0,0.0,0.0,0.0,0.0,0.0,0.0,无直接可报岗位,,0.0,,0.0,0.0,0.0,,0.0,0.0,,0.0,0.0,,0.0,0.0,,0.0,4.0,0.0,4.0,limited,升学后弱潜力,大专学历直接可报岗位不足；专业文本在本科/升本路径中有匹配线索。,不建议把考公作为该专业在头部院校的核心卖点。,直接考公适配弱，应更多看行业就业或升学转换。,普通应用/职业院校下直接考公空间很小，优先看事业单位、基层项目或行业就业。,国家矿山安全监察局湖北局|国家矿山安全监察局陕西局|国家税务总局江西省税务局|国家自然资源督察成都局,一级主任科员及以下|一级行政执法员（一）|监察执法处二级主任科员及以下|督察室一级主任科员及以下
420206,地球物理勘探技术,专科(高职),,专科,资源环境与安全大类,地质类,0.0,很弱/无直接岗位,2026国考职位表/中央机关及直属机构口径（第三方镜像）,0.0,0.0,0.0,0.0,0.0,0.0,0.0,0.0,0.0,无直接可报岗位,,0.0,,0.0,0.0,0.0,,0.0,0.0,,0.0,0.0,,0.0,0.0,,0.0,4.0,0.0,4.0,limited,升学后弱潜力,大专学历直接可报岗位不足；专业文本在本科/升本路径中有匹配线索。,不建议把考公作为该专业在头部院校的核心卖点。,直接考公适配弱，应更多看行业就业或升学转换。,普通应用/职业院校下直接考公空间很小，优先看事业单位、基层项目或行业就业。,国家矿山安全监察局湖北局|国家矿山安全监察局陕西局|国家税务总局江西省税务局|国家自然资源督察成都局,一级主任科员及以下|一级行政执法员（一）|监察执法处二级主任科员及以下|督察室一级主任科员及以下
420207,地质灾害调查与防治,专科(高职),,专科,资源环境与安全大类,地质类,0.0,很弱/无直接岗位,2026国考职位表/中央机关及直属机构口径（第三方镜像）,0.0,0.0,0.0,0.0,0.0,0.0,0.0,0.0,0.0,无直接可报岗位,,0.0,,0.0,0.0,0.0,,0.0,0.0,,0.0,0.0,,0.0,0.0,,0.0,4.0,0.0,4.0,limited,升学后弱潜力,大专学历直接可报岗位不足；专业文本在本科/升本路径中有匹配线索。,不建议把考公作为该专业在头部院校的核心卖点。,直接考公适配弱，应更多看行业就业或升学转换。,普通应用/职业院校下直接考公空间很小，优先看事业单位、基层项目或行业就业。,国家矿山安全监察局湖北局|国家矿山安全监察局陕西局|国家税务总局江西省税务局|国家自然资源督察成都局,一级主任科员及以下|一级行政执法员（一）|监察执法处二级主任科员及以下|督察室一级主任科员及以下
420208,环境地质工程,专科(高职),,专科,资源环境与安全大类,地质类,0.0,很弱/无直接岗位,2026国考职位表/中央机关及直属机构口径（第三方镜像）,0.0,0.0,0.0,0.0,0.0,0.0,0.0,0.0,0.0,无直接可报岗位,,0.0,,0.0,0.0,0.0,,0.0,0.0,,0.0,0.0,,0.0,0.0,,0.0,4.0,0.0,4.0,limited,升学后弱潜力,大专学历直接可报岗位不足；专业文本在本科/升本路径中有匹配线索。,不建议把考公作为该专业在头部院校的核心卖点。,直接考公适配弱，应更多看行业就业或升学转换。,普通应用/职业院校下直接考公空间很小，优先看事业单位、基层项目或行业就业。,国家矿山安全监察局湖北局|国家矿山安全监察局陕西局|国家税务总局江西省税务局|国家自然资源督察成都局,一级主任科员及以下|一级行政执法员（一）|监察执法处二级主任科员及以下|督察室一级主任科员及以下
420209,城市地质勘查,专科(高职),,专科,资源环境与安全大类,地质类,0.0,很弱/无直接岗位,2026国考职位表/中央机关及直属机构口径（第三方镜像）,0.0,0.0,0.0,0.0,0.0,0.0,0.0,0.0,0.0,无直接可报岗位,,0.0,,0.0,0.0,0.0,,0.0,0.0,,0.0,0.0,,0.0,0.0,,0.0,4.0,0.0,4.0,limited,升学后弱潜力,大专学历直接可报岗位不足；专业文本在本科/升本路径中有匹配线索。,不建议把考公作为该专业在头部院校的核心卖点。,直接考公适配弱，应更多看行业就业或升学转换。,普通应用/职业院校下直接考公空间很小，优先看事业单位、基层项目或行业就业。,国家矿山安全监察局湖北局|国家矿山安全监察局陕西局|国家税务总局江西省税务局|国家自然资源督察成都局,一级主任科员及以下|一级行政执法员（一）|监察执法处二级主任科员及以下|督察室一级主任科员及以下
420301,工程测量技术,专科(高职),,专科,资源环境与安全大类,测绘地理信息类,0.0,很弱/无直接岗位,2026国考职位表/中央机关及直属机构口径（第三方镜像）,0.0,0.0,0.0,0.0,0.0,0.0,0.0,0.0,0.0,无直接可报岗位,,0.0,,0.0,0.0,0.0,,0.0,0.0,,0.0,0.0,,0.0,0.0,,0.0,0.0,0.0,0.0,none,暂无明显潜力,2026岗位文本中未形成直接可报匹配。,不建议把考公作为该专业在头部院校的核心卖点。,直接考公适配弱，应更多看行业就业或升学转换。,普通应用/职业院校下直接考公空间很小，优先看事业单位、基层项目或行业就业。,,
420302,测绘工程技术,专科(高职),,专科,资源环境与安全大类,测绘地理信息类,0.0,很弱/无直接岗位,2026国考职位表/中央机关及直属机构口径（第三方镜像）,0.0,0.0,0.0,0.0,0.0,0.0,0.0,0.0,0.0,无直接可报岗位,,0.0,,0.0,0.0,0.0,,0.0,0.0,,0.0,0.0,,0.0,0.0,,0.0,0.0,0.0,0.0,none,暂无明显潜力,2026岗位文本中未形成直接可报匹配。,不建议把考公作为该专业在头部院校的核心卖点。,直接考公适配弱，应更多看行业就业或升学转换。,普通应用/职业院校下直接考公空间很小，优先看事业单位、基层项目或行业就业。,,
420303,测绘地理信息技术,专科(高职),,专科,资源环境与安全大类,测绘地理信息类,0.0,很弱/无直接岗位,2026国考职位表/中央机关及直属机构口径（第三方镜像）,0.0,0.0,0.0,0.0,0.0,0.0,0.0,0.0,0.0,无直接可报岗位,,0.0,,0.0,0.0,0.0,,0.0,0.0,,0.0,0.0,,0.0,0.0,,0.0,0.0,0.0,0.0,none,暂无明显潜力,2026岗位文本中未形成直接可报匹配。,不建议把考公作为该专业在头部院校的核心卖点。,直接考公适配弱，应更多看行业就业或升学转换。,普通应用/职业院校下直接考公空间很小，优先看事业单位、基层项目或行业就业。,,
420304,摄影测量与遥感技术,专科(高职),,专科,资源环境与安全大类,测绘地理信息类,0.0,很弱/无直接岗位,2026国考职位表/中央机关及直属机构口径（第三方镜像）,0.0,0.0,0.0,0.0,0.0,0.0,0.0,0.0,0.0,无直接可报岗位,,0.0,,0.0,0.0,0.0,,0.0,0.0,,0.0,0.0,,0.0,0.0,,0.0,0.0,0.0,0.0,none,暂无明显潜力,2026岗位文本中未形成直接可报匹配。,不建议把考公作为该专业在头部院校的核心卖点。,直接考公适配弱，应更多看行业就业或升学转换。,普通应用/职业院校下直接考公空间很小，优先看事业单位、基层项目或行业就业。,,
420305,地籍测绘与土地管理,专科(高职),,专科,资源环境与安全大类,测绘地理信息类,0.0,很弱/无直接岗位,2026国考职位表/中央机关及直属机构口径（第三方镜像）,0.0,0.0,0.0,0.0,0.0,0.0,0.0,0.0,0.0,无直接可报岗位,,0.0,,0.0,0.0,0.0,,0.0,0.0,,0.0,0.0,,0.0,0.0,,0.0,0.0,0.0,0.0,none,暂无明显潜力,2026岗位文本中未形成直接可报匹配。,不建议把考公作为该专业在头部院校的核心卖点。,直接考公适配弱，应更多看行业就业或升学转换。,普通应用/职业院校下直接考公空间很小，优先看事业单位、基层项目或行业就业。,,
420306,国土空间规划与测绘,专科(高职),,专科,资源环境与安全大类,测绘地理信息类,0.0,很弱/无直接岗位,2026国考职位表/中央机关及直属机构口径（第三方镜像）,0.0,0.0,0.0,0.0,0.0,0.0,0.0,0.0,0.0,无直接可报岗位,,0.0,,0.0,0.0,0.0,,0.0,0.0,,0.0,0.0,,0.0,0.0,,0.0,0.0,0.0,0.0,none,暂无明显潜力,2026岗位文本中未形成直接可报匹配。,不建议把考公作为该专业在头部院校的核心卖点。,直接考公适配弱，应更多看行业就业或升学转换。,普通应用/职业院校下直接考公空间很小，优先看事业单位、基层项目或行业就业。,,
420307,无人机测绘技术,专科(高职),,专科,资源环境与安全大类,测绘地理信息类,16.4,弱适配,2026国考职位表/中央机关及直属机构口径（第三方镜像）,2.0,2.0,0.0,0.0,0.0,100.0,0.0,0.0,0.0,以对口岗位为主,海关/边检(2)；公安/移民/基层执法(2),6.0,36.33,0.0,0.0,0.0,,0.0,0.0,,2.0,100.0,38.38,0.0,0.0,,0.0,2.0,2.0,0.0,limited,升学后弱潜力,存在专业代码或专业名称精确匹配，并有直接学历兼容岗位。,可以考，但院校层级优势有限，更依赖岗位地区和限制条件。,岗位窗口较窄，建议只作为就业备选项。,少量大专可报基层岗位存在，但数量很少，需逐岗位核验。,内蒙古出入境边防检查总站,呼伦贝尔边境管理支队一级警长及以下（九）|呼伦贝尔边境管理支队一级警长及以下（十）
420308,矿山测量,专科(高职),,专科,资源环境与安全大类,测绘地理信息类,0.0,很弱/无直接岗位,2026国考职位表/中央机关及直属机构口径（第三方镜像）,0.0,0.0,0.0,0.0,0.0,0.0,0.0,0.0,0.0,无直接可报岗位,,0.0,,0.0,0.0,0.0,,0.0,0.0,,0.0,0.0,,0.0,0.0,,0.0,0.0,0.0,0.0,none,暂无明显潜力,2026岗位文本中未形成直接可报匹配。,不建议把考公作为该专业在头部院校的核心卖点。,直接考公适配弱，应更多看行业就业或升学转换。,普通应用/职业院校下直接考公空间很小，优先看事业单位、基层项目或行业就业。,,
420309,导航与位置服务,专科(高职),,专科,资源环境与安全大类,测绘地理信息类,0.0,很弱/无直接岗位,2026国考职位表/中央机关及直属机构口径（第三方镜像）,0.0,0.0,0.0,0.0,0.0,0.0,0.0,0.0,0.0,无直接可报岗位,,0.0,,0.0,0.0,0.0,,0.0,0.0,,0.0,0.0,,0.0,0.0,,0.0,0.0,0.0,0.0,none,暂无明显潜力,2026岗位文本中未形成直接可报匹配。,不建议把考公作为该专业在头部院校的核心卖点。,直接考公适配弱，应更多看行业就业或升学转换。,普通应用/职业院校下直接考公空间很小，优先看事业单位、基层项目或行业就业。,,
420310,空间数字建模与应用技术,专科(高职),,专科,资源环境与安全大类,测绘地理信息类,0.0,很弱/无直接岗位,2026国考职位表/中央机关及直属机构口径（第三方镜像）,0.0,0.0,0.0,0.0,0.0,0.0,0.0,0.0,0.0,无直接可报岗位,,0.0,,0.0,0.0,0.0,,0.0,0.0,,0.0,0.0,,0.0,0.0,,0.0,0.0,0.0,0.0,none,暂无明显潜力,2026岗位文本中未形成直接可报匹配。,不建议把考公作为该专业在头部院校的核心卖点。,直接考公适配弱，应更多看行业就业或升学转换。,普通应用/职业院校下直接考公空间很小，优先看事业单位、基层项目或行业就业。,,
420401,油气储运技术,专科(高职),,专科,资源环境与安全大类,石油与天然气类,0.0,很弱/无直接岗位,2026国考职位表/中央机关及直属机构口径（第三方镜像）,0.0,0.0,0.0,0.0,0.0,0.0,0.0,0.0,0.0,无直接可报岗位,,0.0,,0.0,0.0,0.0,,0.0,0.0,,0.0,0.0,,0.0,0.0,,0.0,0.0,0.0,0.0,none,暂无明显潜力,2026岗位文本中未形成直接可报匹配。,不建议把考公作为该专业在头部院校的核心卖点。,直接考公适配弱，应更多看行业就业或升学转换。,普通应用/职业院校下直接考公空间很小，优先看事业单位、基层项目或行业就业。,,
420402,油气地质勘探技术,专科(高职),,专科,资源环境与安全大类,石油与天然气类,0.0,很弱/无直接岗位,2026国考职位表/中央机关及直属机构口径（第三方镜像）,0.0,0.0,0.0,0.0,0.0,0.0,0.0,0.0,0.0,无直接可报岗位,,0.0,,0.0,0.0,0.0,,0.0,0.0,,0.0,0.0,,0.0,0.0,,0.0,0.0,0.0,0.0,none,暂无明显潜力,2026岗位文本中未形成直接可报匹配。,不建议把考公作为该专业在头部院校的核心卖点。,直接考公适配弱，应更多看行业就业或升学转换。,普通应用/职业院校下直接考公空间很小，优先看事业单位、基层项目或行业就业。,,
420403,钻井技术,专科(高职),,专科,资源环境与安全大类,石油与天然气类,0.0,很弱/无直接岗位,2026国考职位表/中央机关及直属机构口径（第三方镜像）,0.0,0.0,0.0,0.0,0.0,0.0,0.0,0.0,0.0,无直接可报岗位,,0.0,,0.0,0.0,0.0,,0.0,0.0,,0.0,0.0,,0.0,0.0,,0.0,0.0,0.0,0.0,none,暂无明显潜力,2026岗位文本中未形成直接可报匹配。,不建议把考公作为该专业在头部院校的核心卖点。,直接考公适配弱，应更多看行业就业或升学转换。,普通应用/职业院校下直接考公空间很小，优先看事业单位、基层项目或行业就业。,,
420404,油气智能开采技术,专科(高职),,专科,资源环境与安全大类,石油与天然气类,0.0,很弱/无直接岗位,2026国考职位表/中央机关及直属机构口径（第三方镜像）,0.0,0.0,0.0,0.0,0.0,0.0,0.0,0.0,0.0,无直接可报岗位,,0.0,,0.0,0.0,0.0,,0.0,0.0,,0.0,0.0,,0.0,0.0,,0.0,0.0,0.0,0.0,none,暂无明显潜力,2026岗位文本中未形成直接可报匹配。,不建议把考公作为该专业在头部院校的核心卖点。,直接考公适配弱，应更多看行业就业或升学转换。,普通应用/职业院校下直接考公空间很小，优先看事业单位、基层项目或行业就业。,,
420405,油田化学应用技术,专科(高职),,专科,资源环境与安全大类,石油与天然气类,0.0,很弱/无直接岗位,2026国考职位表/中央机关及直属机构口径（第三方镜像）,0.0,0.0,0.0,0.0,0.0,0.0,0.0,0.0,0.0,无直接可报岗位,,0.0,,0.0,0.0,0.0,,0.0,0.0,,0.0,0.0,,0.0,0.0,,0.0,0.0,0.0,0.0,none,暂无明显潜力,2026岗位文本中未形成直接可报匹配。,不建议把考公作为该专业在头部院校的核心卖点。,直接考公适配弱，应更多看行业就业或升学转换。,普通应用/职业院校下直接考公空间很小，优先看事业单位、基层项目或行业就业。,,
420406,石油工程技术,专科(高职),,专科,资源环境与安全大类,石油与天然气类,0.0,很弱/无直接岗位,2026国考职位表/中央机关及直属机构口径（第三方镜像）,0.0,0.0,0.0,0.0,0.0,0.0,0.0,0.0,0.0,无直接可报岗位,,0.0,,0.0,0.0,0.0,,0.0,0.0,,0.0,0.0,,0.0,0.0,,0.0,0.0,0.0,0.0,none,暂无明显潜力,2026岗位文本中未形成直接可报匹配。,不建议把考公作为该专业在头部院校的核心卖点。,直接考公适配弱，应更多看行业就业或升学转换。,普通应用/职业院校下直接考公空间很小，优先看事业单位、基层项目或行业就业。,,
420501,煤矿智能开采技术,专科(高职),,专科,资源环境与安全大类,煤炭类,0.0,很弱/无直接岗位,2026国考职位表/中央机关及直属机构口径（第三方镜像）,0.0,0.0,0.0,0.0,0.0,0.0,0.0,0.0,0.0,无直接可报岗位,,0.0,,0.0,0.0,0.0,,0.0,0.0,,0.0,0.0,,0.0,0.0,,0.0,0.0,0.0,0.0,none,暂无明显潜力,2026岗位文本中未形成直接可报匹配。,不建议把考公作为该专业在头部院校的核心卖点。,直接考公适配弱，应更多看行业就业或升学转换。,普通应用/职业院校下直接考公空间很小，优先看事业单位、基层项目或行业就业。,,
420502,矿井建设工程技术,专科(高职),,专科,资源环境与安全大类,煤炭类,0.0,很弱/无直接岗位,2026国考职位表/中央机关及直属机构口径（第三方镜像）,0.0,0.0,0.0,0.0,0.0,0.0,0.0,0.0,0.0,无直接可报岗位,,0.0,,0.0,0.0,0.0,,0.0,0.0,,0.0,0.0,,0.0,0.0,,0.0,0.0,0.0,0.0,none,暂无明显潜力,2026岗位文本中未形成直接可报匹配。,不建议把考公作为该专业在头部院校的核心卖点。,直接考公适配弱，应更多看行业就业或升学转换。,普通应用/职业院校下直接考公空间很小，优先看事业单位、基层项目或行业就业。,,
420503,通风技术与安全管理,专科(高职),,专科,资源环境与安全大类,煤炭类,0.0,很弱/无直接岗位,2026国考职位表/中央机关及直属机构口径（第三方镜像）,0.0,0.0,0.0,0.0,0.0,0.0,0.0,0.0,0.0,无直接可报岗位,,0.0,,0.0,0.0,0.0,,0.0,0.0,,0.0,0.0,,0.0,0.0,,0.0,0.0,0.0,0.0,none,暂无明显潜力,2026岗位文本中未形成直接可报匹配。,不建议把考公作为该专业在头部院校的核心卖点。,直接考公适配弱，应更多看行业就业或升学转换。,普通应用/职业院校下直接考公空间很小，优先看事业单位、基层项目或行业就业。,,
420504,矿山机电与智能装备,专科(高职),,专科,资源环境与安全大类,煤炭类,0.0,很弱/无直接岗位,2026国考职位表/中央机关及直属机构口径（第三方镜像）,0.0,0.0,0.0,0.0,0.0,0.0,0.0,0.0,0.0,无直接可报岗位,,0.0,,0.0,0.0,0.0,,0.0,0.0,,0.0,0.0,,0.0,0.0,,0.0,0.0,0.0,0.0,none,暂无明显潜力,2026岗位文本中未形成直接可报匹配。,不建议把考公作为该专业在头部院校的核心卖点。,直接考公适配弱，应更多看行业就业或升学转换。,普通应用/职业院校下直接考公空间很小，优先看事业单位、基层项目或行业就业。,,
420505,煤炭清洁利用技术,专科(高职),,专科,资源环境与安全大类,煤炭类,0.0,很弱/无直接岗位,2026国考职位表/中央机关及直属机构口径（第三方镜像）,0.0,0.0,0.0,0.0,0.0,0.0,0.0,0.0,0.0,无直接可报岗位,,0.0,,0.0,0.0,0.0,,0.0,0.0,,0.0,0.0,,0.0,0.0,,0.0,0.0,0.0,0.0,none,暂无明显潜力,2026岗位文本中未形成直接可报匹配。,不建议把考公作为该专业在头部院校的核心卖点。,直接考公适配弱，应更多看行业就业或升学转换。,普通应用/职业院校下直接考公空间很小，优先看事业单位、基层项目或行业就业。,,
420506,煤层气采输技术,专科(高职),,专科,资源环境与安全大类,煤炭类,0.0,很弱/无直接岗位,2026国考职位表/中央机关及直属机构口径（第三方镜像）,0.0,0.0,0.0,0.0,0.0,0.0,0.0,0.0,0.0,无直接可报岗位,,0.0,,0.0,0.0,0.0,,0.0,0.0,,0.0,0.0,,0.0,0.0,,0.0,0.0,0.0,0.0,none,暂无明显潜力,2026岗位文本中未形成直接可报匹配。,不建议把考公作为该专业在头部院校的核心卖点。,直接考公适配弱，应更多看行业就业或升学转换。,普通应用/职业院校下直接考公空间很小，优先看事业单位、基层项目或行业就业。,,
420601,矿山智能开采技术,专科(高职),,专科,资源环境与安全大类,金属与非金属矿类,0.0,很弱/无直接岗位,2026国考职位表/中央机关及直属机构口径（第三方镜像）,0.0,0.0,0.0,0.0,0.0,0.0,0.0,0.0,0.0,无直接可报岗位,,0.0,,0.0,0.0,0.0,,0.0,0.0,,0.0,0.0,,0.0,0.0,,0.0,0.0,0.0,0.0,none,暂无明显潜力,2026岗位文本中未形成直接可报匹配。,不建议把考公作为该专业在头部院校的核心卖点。,直接考公适配弱，应更多看行业就业或升学转换。,普通应用/职业院校下直接考公空间很小，优先看事业单位、基层项目或行业就业。,,
420602,矿物加工技术,专科(高职),,专科,资源环境与安全大类,金属与非金属矿类,0.0,很弱/无直接岗位,2026国考职位表/中央机关及直属机构口径（第三方镜像）,0.0,0.0,0.0,0.0,0.0,0.0,0.0,0.0,0.0,无直接可报岗位,,0.0,,0.0,0.0,0.0,,0.0,0.0,,0.0,0.0,,0.0,0.0,,0.0,0.0,0.0,0.0,none,暂无明显潜力,2026岗位文本中未形成直接可报匹配。,不建议把考公作为该专业在头部院校的核心卖点。,直接考公适配弱，应更多看行业就业或升学转换。,普通应用/职业院校下直接考公空间很小，优先看事业单位、基层项目或行业就业。,,
420701,大气科学技术,专科(高职),,专科,资源环境与安全大类,气象类,0.0,很弱/无直接岗位,2026国考职位表/中央机关及直属机构口径（第三方镜像）,0.0,0.0,0.0,0.0,0.0,0.0,0.0,0.0,0.0,无直接可报岗位,,0.0,,0.0,0.0,0.0,,0.0,0.0,,0.0,0.0,,0.0,0.0,,39.0,177.0,0.0,177.0,medium,升学后较强潜力,大专学历直接可报岗位不足；专业文本在本科/升本路径中有匹配线索。,不建议把考公作为该专业在头部院校的核心卖点。,直接考公适配弱，应更多看行业就业或升学转换。,普通应用/职业院校下直接考公空间很小，优先看事业单位、基层项目或行业就业。,云南省气象局|内蒙古自治区气象局|四川省气象局|天津市气象局|安徽省气象局|山东省气象局|山西省气象局|广东省气象局,业务科一级主任科员及以下|业务科技科一级主任科员及以下|业务科技科四级主任科员及以下|业务科（法规科）综合业务管理一级科员及以下|业务管理科一级主任科员及以下|人事处一级主任科员及以下|人事处二级主任科员及以下|人事教育科一级主任科员及以下
420702,大气探测技术,专科(高职),,专科,资源环境与安全大类,气象类,0.0,很弱/无直接岗位,2026国考职位表/中央机关及直属机构口径（第三方镜像）,0.0,0.0,0.0,0.0,0.0,0.0,0.0,0.0,0.0,无直接可报岗位,,0.0,,0.0,0.0,0.0,,0.0,0.0,,0.0,0.0,,0.0,0.0,,39.0,177.0,0.0,177.0,medium,升学后较强潜力,大专学历直接可报岗位不足；专业文本在本科/升本路径中有匹配线索。,不建议把考公作为该专业在头部院校的核心卖点。,直接考公适配弱，应更多看行业就业或升学转换。,普通应用/职业院校下直接考公空间很小，优先看事业单位、基层项目或行业就业。,云南省气象局|内蒙古自治区气象局|四川省气象局|天津市气象局|安徽省气象局|山东省气象局|山西省气象局|广东省气象局,业务科一级主任科员及以下|业务科技科一级主任科员及以下|业务科技科四级主任科员及以下|业务科（法规科）综合业务管理一级科员及以下|业务管理科一级主任科员及以下|人事处一级主任科员及以下|人事处二级主任科员及以下|人事教育科一级主任科员及以下
420703,应用气象技术,专科(高职),,专科,资源环境与安全大类,气象类,0.0,很弱/无直接岗位,2026国考职位表/中央机关及直属机构口径（第三方镜像）,0.0,0.0,0.0,0.0,0.0,0.0,0.0,0.0,0.0,无直接可报岗位,,0.0,,0.0,0.0,0.0,,0.0,0.0,,0.0,0.0,,0.0,0.0,,39.0,177.0,0.0,177.0,medium,升学后较强潜力,大专学历直接可报岗位不足；专业文本在本科/升本路径中有匹配线索。,不建议把考公作为该专业在头部院校的核心卖点。,直接考公适配弱，应更多看行业就业或升学转换。,普通应用/职业院校下直接考公空间很小，优先看事业单位、基层项目或行业就业。,云南省气象局|内蒙古自治区气象局|四川省气象局|天津市气象局|安徽省气象局|山东省气象局|山西省气象局|广东省气象局,业务科一级主任科员及以下|业务科技科一级主任科员及以下|业务科技科四级主任科员及以下|业务科（法规科）综合业务管理一级科员及以下|业务管理科一级主任科员及以下|人事处一级主任科员及以下|人事处二级主任科员及以下|人事教育科一级主任科员及以下
420704,雷电防护技术,专科(高职),,专科,资源环境与安全大类,气象类,0.0,很弱/无直接岗位,2026国考职位表/中央机关及直属机构口径（第三方镜像）,0.0,0.0,0.0,0.0,0.0,0.0,0.0,0.0,0.0,无直接可报岗位,,0.0,,0.0,0.0,0.0,,0.0,0.0,,0.0,0.0,,0.0,0.0,,39.0,177.0,0.0,177.0,medium,升学后较强潜力,大专学历直接可报岗位不足；专业文本在本科/升本路径中有匹配线索。,不建议把考公作为该专业在头部院校的核心卖点。,直接考公适配弱，应更多看行业就业或升学转换。,普通应用/职业院校下直接考公空间很小，优先看事业单位、基层项目或行业就业。,云南省气象局|内蒙古自治区气象局|四川省气象局|天津市气象局|安徽省气象局|山东省气象局|山西省气象局|广东省气象局,业务科一级主任科员及以下|业务科技科一级主任科员及以下|业务科技科四级主任科员及以下|业务科（法规科）综合业务管理一级科员及以下|业务管理科一级主任科员及以下|人事处一级主任科员及以下|人事处二级主任科员及以下|人事教育科一级主任科员及以下
420801,环境监测技术,专科(高职),,专科,资源环境与安全大类,环境保护类,0.0,很弱/无直接岗位,2026国考职位表/中央机关及直属机构口径（第三方镜像）,0.0,0.0,0.0,0.0,0.0,0.0,0.0,0.0,0.0,无直接可报岗位,,0.0,,0.0,0.0,0.0,,0.0,0.0,,0.0,0.0,,0.0,0.0,,0.0,1.0,0.0,1.0,limited,升学后弱潜力,大专学历直接可报岗位不足；专业文本在本科/升本路径中有匹配线索。,不建议把考公作为该专业在头部院校的核心卖点。,直接考公适配弱，应更多看行业就业或升学转换。,普通应用/职业院校下直接考公空间很小，优先看事业单位、基层项目或行业就业。,审计署驻长春特派员办事处,审计业务处一级主任科员及以下
420802,环境工程技术,专科(高职),,专科,资源环境与安全大类,环境保护类,0.0,很弱/无直接岗位,2026国考职位表/中央机关及直属机构口径（第三方镜像）,0.0,0.0,0.0,0.0,0.0,0.0,0.0,0.0,0.0,无直接可报岗位,,0.0,,0.0,0.0,0.0,,0.0,0.0,,0.0,0.0,,0.0,0.0,,0.0,1.0,0.0,1.0,limited,升学后弱潜力,大专学历直接可报岗位不足；专业文本在本科/升本路径中有匹配线索。,不建议把考公作为该专业在头部院校的核心卖点。,直接考公适配弱，应更多看行业就业或升学转换。,普通应用/职业院校下直接考公空间很小，优先看事业单位、基层项目或行业就业。,审计署驻长春特派员办事处,审计业务处一级主任科员及以下
420803,生态保护技术,专科(高职),,专科,资源环境与安全大类,环境保护类,0.0,很弱/无直接岗位,2026国考职位表/中央机关及直属机构口径（第三方镜像）,0.0,0.0,0.0,0.0,0.0,0.0,0.0,0.0,0.0,无直接可报岗位,,0.0,,0.0,0.0,0.0,,0.0,0.0,,0.0,0.0,,0.0,0.0,,0.0,1.0,0.0,1.0,limited,升学后弱潜力,大专学历直接可报岗位不足；专业文本在本科/升本路径中有匹配线索。,不建议把考公作为该专业在头部院校的核心卖点。,直接考公适配弱，应更多看行业就业或升学转换。,普通应用/职业院校下直接考公空间很小，优先看事业单位、基层项目或行业就业。,审计署驻长春特派员办事处,审计业务处一级主任科员及以下
420804,生态环境大数据技术,专科(高职),,专科,资源环境与安全大类,环境保护类,0.0,很弱/无直接岗位,2026国考职位表/中央机关及直属机构口径（第三方镜像）,0.0,0.0,0.0,0.0,0.0,0.0,0.0,0.0,0.0,无直接可报岗位,,0.0,,0.0,0.0,0.0,,0.0,0.0,,0.0,0.0,,0.0,0.0,,0.0,1.0,0.0,1.0,limited,升学后弱潜力,大专学历直接可报岗位不足；专业文本在本科/升本路径中有匹配线索。,不建议把考公作为该专业在头部院校的核心卖点。,直接考公适配弱，应更多看行业就业或升学转换。,普通应用/职业院校下直接考公空间很小，优先看事业单位、基层项目或行业就业。,审计署驻长春特派员办事处,审计业务处一级主任科员及以下
420805,环境管理与评价,专科(高职),,专科,资源环境与安全大类,环境保护类,0.0,很弱/无直接岗位,2026国考职位表/中央机关及直属机构口径（第三方镜像）,0.0,0.0,0.0,0.0,0.0,0.0,0.0,0.0,0.0,无直接可报岗位,,0.0,,0.0,0.0,0.0,,0.0,0.0,,0.0,0.0,,0.0,0.0,,0.0,1.0,0.0,1.0,limited,升学后弱潜力,大专学历直接可报岗位不足；专业文本在本科/升本路径中有匹配线索。,不建议把考公作为该专业在头部院校的核心卖点。,直接考公适配弱，应更多看行业就业或升学转换。,普通应用/职业院校下直接考公空间很小，优先看事业单位、基层项目或行业就业。,审计署驻长春特派员办事处,审计业务处一级主任科员及以下
420806,生态环境修复技术,专科(高职),,专科,资源环境与安全大类,环境保护类,0.0,很弱/无直接岗位,2026国考职位表/中央机关及直属机构口径（第三方镜像）,0.0,0.0,0.0,0.0,0.0,0.0,0.0,0.0,0.0,无直接可报岗位,,0.0,,0.0,0.0,0.0,,0.0,0.0,,0.0,0.0,,0.0,0.0,,0.0,1.0,0.0,1.0,limited,升学后弱潜力,大专学历直接可报岗位不足；专业文本在本科/升本路径中有匹配线索。,不建议把考公作为该专业在头部院校的核心卖点。,直接考公适配弱，应更多看行业就业或升学转换。,普通应用/职业院校下直接考公空间很小，优先看事业单位、基层项目或行业就业。,审计署驻长春特派员办事处,审计业务处一级主任科员及以下
420807,绿色低碳技术,专科(高职),,专科,资源环境与安全大类,环境保护类,0.0,很弱/无直接岗位,2026国考职位表/中央机关及直属机构口径（第三方镜像）,0.0,0.0,0.0,0.0,0.0,0.0,0.0,0.0,0.0,无直接可报岗位,,0.0,,0.0,0.0,0.0,,0.0,0.0,,0.0,0.0,,0.0,0.0,,0.0,1.0,0.0,1.0,limited,升学后弱潜力,大专学历直接可报岗位不足；专业文本在本科/升本路径中有匹配线索。,不建议把考公作为该专业在头部院校的核心卖点。,直接考公适配弱，应更多看行业就业或升学转换。,普通应用/职业院校下直接考公空间很小，优先看事业单位、基层项目或行业就业。,审计署驻长春特派员办事处,审计业务处一级主任科员及以下
420808,资源综合利用技术,专科(高职),,专科,资源环境与安全大类,环境保护类,0.0,很弱/无直接岗位,2026国考职位表/中央机关及直属机构口径（第三方镜像）,0.0,0.0,0.0,0.0,0.0,0.0,0.0,0.0,0.0,无直接可报岗位,,0.0,,0.0,0.0,0.0,,0.0,0.0,,0.0,0.0,,0.0,0.0,,0.0,1.0,0.0,1.0,limited,升学后弱潜力,大专学历直接可报岗位不足；专业文本在本科/升本路径中有匹配线索。,不建议把考公作为该专业在头部院校的核心卖点。,直接考公适配弱，应更多看行业就业或升学转换。,普通应用/职业院校下直接考公空间很小，优先看事业单位、基层项目或行业就业。,审计署驻长春特派员办事处,审计业务处一级主任科员及以下
420809,水净化与安全技术,专科(高职),,专科,资源环境与安全大类,环境保护类,0.0,很弱/无直接岗位,2026国考职位表/中央机关及直属机构口径（第三方镜像）,0.0,0.0,0.0,0.0,0.0,0.0,0.0,0.0,0.0,无直接可报岗位,,0.0,,0.0,0.0,0.0,,0.0,0.0,,0.0,0.0,,0.0,0.0,,0.0,1.0,0.0,1.0,limited,升学后弱潜力,大专学历直接可报岗位不足；专业文本在本科/升本路径中有匹配线索。,不建议把考公作为该专业在头部院校的核心卖点。,直接考公适配弱，应更多看行业就业或升学转换。,普通应用/职业院校下直接考公空间很小，优先看事业单位、基层项目或行业就业。,审计署驻长春特派员办事处,审计业务处一级主任科员及以下
420810,核与辐射检测防护技术,专科(高职),,专科,资源环境与安全大类,环境保护类,0.0,很弱/无直接岗位,2026国考职位表/中央机关及直属机构口径（第三方镜像）,0.0,0.0,0.0,0.0,0.0,0.0,0.0,0.0,0.0,无直接可报岗位,,0.0,,0.0,0.0,0.0,,0.0,0.0,,0.0,0.0,,0.0,0.0,,0.0,1.0,0.0,1.0,limited,升学后弱潜力,大专学历直接可报岗位不足；专业文本在本科/升本路径中有匹配线索。,不建议把考公作为该专业在头部院校的核心卖点。,直接考公适配弱，应更多看行业就业或升学转换。,普通应用/职业院校下直接考公空间很小，优先看事业单位、基层项目或行业就业。,审计署驻长春特派员办事处,审计业务处一级主任科员及以下
420811,智能环保装备技术,专科(高职),,专科,资源环境与安全大类,环境保护类,0.0,很弱/无直接岗位,2026国考职位表/中央机关及直属机构口径（第三方镜像）,0.0,0.0,0.0,0.0,0.0,0.0,0.0,0.0,0.0,无直接可报岗位,,0.0,,0.0,0.0,0.0,,0.0,0.0,,0.0,0.0,,0.0,0.0,,0.0,1.0,0.0,1.0,limited,升学后弱潜力,大专学历直接可报岗位不足；专业文本在本科/升本路径中有匹配线索。,不建议把考公作为该专业在头部院校的核心卖点。,直接考公适配弱，应更多看行业就业或升学转换。,普通应用/职业院校下直接考公空间很小，优先看事业单位、基层项目或行业就业。,审计署驻长春特派员办事处,审计业务处一级主任科员及以下
420901,安全技术与管理,专科(高职),,专科,资源环境与安全大类,安全类,0.0,很弱/无直接岗位,2026国考职位表/中央机关及直属机构口径（第三方镜像）,0.0,0.0,0.0,0.0,0.0,0.0,0.0,0.0,0.0,无直接可报岗位,,0.0,,0.0,0.0,0.0,,0.0,0.0,,0.0,0.0,,0.0,0.0,,4.0,4.0,0.0,4.0,limited,升学后弱潜力,大专学历直接可报岗位不足；专业文本在本科/升本路径中有匹配线索。,不建议把考公作为该专业在头部院校的核心卖点。,直接考公适配弱，应更多看行业就业或升学转换。,普通应用/职业院校下直接考公空间很小，优先看事业单位、基层项目或行业就业。,云南省气象局|陕西省地震局|青海省地震局,业务科技科四级主任科员及以下|机关处室一级主任科员及以下|监测预报与科技处一级主任科员及以下|防灾减灾科一级科员及以下
420902,化工安全技术,专科(高职),,专科,资源环境与安全大类,安全类,0.0,很弱/无直接岗位,2026国考职位表/中央机关及直属机构口径（第三方镜像）,0.0,0.0,0.0,0.0,0.0,0.0,0.0,0.0,0.0,无直接可报岗位,,0.0,,0.0,0.0,0.0,,0.0,0.0,,0.0,0.0,,0.0,0.0,,4.0,4.0,0.0,4.0,limited,升学后弱潜力,大专学历直接可报岗位不足；专业文本在本科/升本路径中有匹配线索。,不建议把考公作为该专业在头部院校的核心卖点。,直接考公适配弱，应更多看行业就业或升学转换。,普通应用/职业院校下直接考公空间很小，优先看事业单位、基层项目或行业就业。,云南省气象局|陕西省地震局|青海省地震局,业务科技科四级主任科员及以下|机关处室一级主任科员及以下|监测预报与科技处一级主任科员及以下|防灾减灾科一级科员及以下
420903,工程安全评价与监理,专科(高职),,专科,资源环境与安全大类,安全类,0.0,很弱/无直接岗位,2026国考职位表/中央机关及直属机构口径（第三方镜像）,0.0,0.0,0.0,0.0,0.0,0.0,0.0,0.0,0.0,无直接可报岗位,,0.0,,0.0,0.0,0.0,,0.0,0.0,,0.0,0.0,,0.0,0.0,,4.0,4.0,0.0,4.0,limited,升学后弱潜力,大专学历直接可报岗位不足；专业文本在本科/升本路径中有匹配线索。,不建议把考公作为该专业在头部院校的核心卖点。,直接考公适配弱，应更多看行业就业或升学转换。,普通应用/职业院校下直接考公空间很小，优先看事业单位、基层项目或行业就业。,云南省气象局|陕西省地震局|青海省地震局,业务科技科四级主任科员及以下|机关处室一级主任科员及以下|监测预报与科技处一级主任科员及以下|防灾减灾科一级科员及以下
420904,安全智能监测技术,专科(高职),,专科,资源环境与安全大类,安全类,0.0,很弱/无直接岗位,2026国考职位表/中央机关及直属机构口径（第三方镜像）,0.0,0.0,0.0,0.0,0.0,0.0,0.0,0.0,0.0,无直接可报岗位,,0.0,,0.0,0.0,0.0,,0.0,0.0,,0.0,0.0,,0.0,0.0,,4.0,4.0,0.0,4.0,limited,升学后弱潜力,大专学历直接可报岗位不足；专业文本在本科/升本路径中有匹配线索。,不建议把考公作为该专业在头部院校的核心卖点。,直接考公适配弱，应更多看行业就业或升学转换。,普通应用/职业院校下直接考公空间很小，优先看事业单位、基层项目或行业就业。,云南省气象局|陕西省地震局|青海省地震局,业务科技科四级主任科员及以下|机关处室一级主任科员及以下|监测预报与科技处一级主任科员及以下|防灾减灾科一级科员及以下
420905,应急救援技术,专科(高职),,专科,资源环境与安全大类,安全类,0.0,很弱/无直接岗位,2026国考职位表/中央机关及直属机构口径（第三方镜像）,0.0,0.0,0.0,0.0,0.0,0.0,0.0,0.0,0.0,无直接可报岗位,,0.0,,0.0,0.0,0.0,,0.0,0.0,,0.0,0.0,,0.0,0.0,,4.0,4.0,0.0,4.0,limited,升学后弱潜力,大专学历直接可报岗位不足；专业文本在本科/升本路径中有匹配线索。,不建议把考公作为该专业在头部院校的核心卖点。,直接考公适配弱，应更多看行业就业或升学转换。,普通应用/职业院校下直接考公空间很小，优先看事业单位、基层项目或行业就业。,云南省气象局|陕西省地震局|青海省地震局,业务科技科四级主任科员及以下|机关处室一级主任科员及以下|监测预报与科技处一级主任科员及以下|防灾减灾科一级科员及以下
420906,消防救援技术,专科(高职),,专科,资源环境与安全大类,安全类,0.0,很弱/无直接岗位,2026国考职位表/中央机关及直属机构口径（第三方镜像）,0.0,0.0,0.0,0.0,0.0,0.0,0.0,0.0,0.0,无直接可报岗位,,0.0,,0.0,0.0,0.0,,0.0,0.0,,0.0,0.0,,0.0,0.0,,4.0,4.0,0.0,4.0,limited,升学后弱潜力,大专学历直接可报岗位不足；专业文本在本科/升本路径中有匹配线索。,不建议把考公作为该专业在头部院校的核心卖点。,直接考公适配弱，应更多看行业就业或升学转换。,普通应用/职业院校下直接考公空间很小，优先看事业单位、基层项目或行业就业。,云南省气象局|陕西省地震局|青海省地震局,业务科技科四级主任科员及以下|机关处室一级主任科员及以下|监测预报与科技处一级主任科员及以下|防灾减灾科一级科员及以下
420907,森林草原防火技术,专科(高职),,专科,资源环境与安全大类,安全类,0.0,很弱/无直接岗位,2026国考职位表/中央机关及直属机构口径（第三方镜像）,0.0,0.0,0.0,0.0,0.0,0.0,0.0,0.0,0.0,无直接可报岗位,,0.0,,0.0,0.0,0.0,,0.0,0.0,,0.0,0.0,,0.0,0.0,,4.0,4.0,0.0,4.0,limited,升学后弱潜力,大专学历直接可报岗位不足；专业文本在本科/升本路径中有匹配线索。,不建议把考公作为该专业在头部院校的核心卖点。,直接考公适配弱，应更多看行业就业或升学转换。,普通应用/职业院校下直接考公空间很小，优先看事业单位、基层项目或行业就业。,云南省气象局|陕西省地震局|青海省地震局,业务科技科四级主任科员及以下|机关处室一级主任科员及以下|监测预报与科技处一级主任科员及以下|防灾减灾科一级科员及以下
420908,职业健康安全技术,专科(高职),,专科,资源环境与安全大类,安全类,0.0,很弱/无直接岗位,2026国考职位表/中央机关及直属机构口径（第三方镜像）,0.0,0.0,0.0,0.0,0.0,0.0,0.0,0.0,0.0,无直接可报岗位,,0.0,,0.0,0.0,0.0,,0.0,0.0,,0.0,0.0,,0.0,0.0,,4.0,4.0,0.0,4.0,limited,升学后弱潜力,大专学历直接可报岗位不足；专业文本在本科/升本路径中有匹配线索。,不建议把考公作为该专业在头部院校的核心卖点。,直接考公适配弱，应更多看行业就业或升学转换。,普通应用/职业院校下直接考公空间很小，优先看事业单位、基层项目或行业就业。,云南省气象局|陕西省地震局|青海省地震局,业务科技科四级主任科员及以下|机关处室一级主任科员及以下|监测预报与科技处一级主任科员及以下|防灾减灾科一级科员及以下
420909,防灾减灾救灾技术,专科(高职),,专科,资源环境与安全大类,安全类,0.0,很弱/无直接岗位,2026国考职位表/中央机关及直属机构口径（第三方镜像）,0.0,0.0,0.0,0.0,0.0,0.0,0.0,0.0,0.0,无直接可报岗位,,0.0,,0.0,0.0,0.0,,0.0,0.0,,0.0,0.0,,0.0,0.0,,4.0,4.0,0.0,4.0,limited,升学后弱潜力,大专学历直接可报岗位不足；专业文本在本科/升本路径中有匹配线索。,不建议把考公作为该专业在头部院校的核心卖点。,直接考公适配弱，应更多看行业就业或升学转换。,普通应用/职业院校下直接考公空间很小，优先看事业单位、基层项目或行业就业。,云南省气象局|陕西省地震局|青海省地震局,业务科技科四级主任科员及以下|机关处室一级主任科员及以下|监测预报与科技处一级主任科员及以下|防灾减灾科一级科员及以下
430101,发电厂及电力系统,专科(高职),,专科,能源动力与材料大类,电力技术类,0.0,很弱/无直接岗位,2026国考职位表/中央机关及直属机构口径（第三方镜像）,0.0,0.0,0.0,0.0,0.0,0.0,0.0,0.0,0.0,无直接可报岗位,,0.0,,0.0,0.0,0.0,,0.0,0.0,,0.0,0.0,,0.0,0.0,,0.0,0.0,0.0,0.0,none,暂无明显潜力,2026岗位文本中未形成直接可报匹配。,不建议把考公作为该专业在头部院校的核心卖点。,直接考公适配弱，应更多看行业就业或升学转换。,普通应用/职业院校下直接考公空间很小，优先看事业单位、基层项目或行业就业。,,
430102,水电站机电设备与自动化,专科(高职),,专科,能源动力与材料大类,电力技术类,0.0,很弱/无直接岗位,2026国考职位表/中央机关及直属机构口径（第三方镜像）,0.0,0.0,0.0,0.0,0.0,0.0,0.0,0.0,0.0,无直接可报岗位,,0.0,,0.0,0.0,0.0,,0.0,0.0,,0.0,0.0,,0.0,0.0,,0.0,0.0,0.0,0.0,none,暂无明显潜力,2026岗位文本中未形成直接可报匹配。,不建议把考公作为该专业在头部院校的核心卖点。,直接考公适配弱，应更多看行业就业或升学转换。,普通应用/职业院校下直接考公空间很小，优先看事业单位、基层项目或行业就业。,,
430103,水电站与电力网技术,专科(高职),,专科,能源动力与材料大类,电力技术类,0.0,很弱/无直接岗位,2026国考职位表/中央机关及直属机构口径（第三方镜像）,0.0,0.0,0.0,0.0,0.0,0.0,0.0,0.0,0.0,无直接可报岗位,,0.0,,0.0,0.0,0.0,,0.0,0.0,,0.0,0.0,,0.0,0.0,,0.0,0.0,0.0,0.0,none,暂无明显潜力,2026岗位文本中未形成直接可报匹配。,不建议把考公作为该专业在头部院校的核心卖点。,直接考公适配弱，应更多看行业就业或升学转换。,普通应用/职业院校下直接考公空间很小，优先看事业单位、基层项目或行业就业。,,
430104,分布式发电与智能微电网技术,专科(高职),,专科,能源动力与材料大类,电力技术类,0.0,很弱/无直接岗位,2026国考职位表/中央机关及直属机构口径（第三方镜像）,0.0,0.0,0.0,0.0,0.0,0.0,0.0,0.0,0.0,无直接可报岗位,,0.0,,0.0,0.0,0.0,,0.0,0.0,,0.0,0.0,,0.0,0.0,,0.0,0.0,0.0,0.0,none,暂无明显潜力,2026岗位文本中未形成直接可报匹配。,不建议把考公作为该专业在头部院校的核心卖点。,直接考公适配弱，应更多看行业就业或升学转换。,普通应用/职业院校下直接考公空间很小，优先看事业单位、基层项目或行业就业。,,
430105,电力系统自动化技术,专科(高职),,专科,能源动力与材料大类,电力技术类,0.0,很弱/无直接岗位,2026国考职位表/中央机关及直属机构口径（第三方镜像）,0.0,0.0,0.0,0.0,0.0,0.0,0.0,0.0,0.0,无直接可报岗位,,0.0,,0.0,0.0,0.0,,0.0,0.0,,0.0,0.0,,0.0,0.0,,0.0,0.0,0.0,0.0,none,暂无明显潜力,2026岗位文本中未形成直接可报匹配。,不建议把考公作为该专业在头部院校的核心卖点。,直接考公适配弱，应更多看行业就业或升学转换。,普通应用/职业院校下直接考公空间很小，优先看事业单位、基层项目或行业就业。,,
430106,电力系统继电保护技术,专科(高职),,专科,能源动力与材料大类,电力技术类,0.0,很弱/无直接岗位,2026国考职位表/中央机关及直属机构口径（第三方镜像）,0.0,0.0,0.0,0.0,0.0,0.0,0.0,0.0,0.0,无直接可报岗位,,0.0,,0.0,0.0,0.0,,0.0,0.0,,0.0,0.0,,0.0,0.0,,0.0,0.0,0.0,0.0,none,暂无明显潜力,2026岗位文本中未形成直接可报匹配。,不建议把考公作为该专业在头部院校的核心卖点。,直接考公适配弱，应更多看行业就业或升学转换。,普通应用/职业院校下直接考公空间很小，优先看事业单位、基层项目或行业就业。,,
430107,输配电工程技术,专科(高职),,专科,能源动力与材料大类,电力技术类,0.0,很弱/无直接岗位,2026国考职位表/中央机关及直属机构口径（第三方镜像）,0.0,0.0,0.0,0.0,0.0,0.0,0.0,0.0,0.0,无直接可报岗位,,0.0,,0.0,0.0,0.0,,0.0,0.0,,0.0,0.0,,0.0,0.0,,0.0,0.0,0.0,0.0,none,暂无明显潜力,2026岗位文本中未形成直接可报匹配。,不建议把考公作为该专业在头部院校的核心卖点。,直接考公适配弱，应更多看行业就业或升学转换。,普通应用/职业院校下直接考公空间很小，优先看事业单位、基层项目或行业就业。,,
430108,供用电技术,专科(高职),,专科,能源动力与材料大类,电力技术类,0.0,很弱/无直接岗位,2026国考职位表/中央机关及直属机构口径（第三方镜像）,0.0,0.0,0.0,0.0,0.0,0.0,0.0,0.0,0.0,无直接可报岗位,,0.0,,0.0,0.0,0.0,,0.0,0.0,,0.0,0.0,,0.0,0.0,,0.0,0.0,0.0,0.0,none,暂无明显潜力,2026岗位文本中未形成直接可报匹配。,不建议把考公作为该专业在头部院校的核心卖点。,直接考公适配弱，应更多看行业就业或升学转换。,普通应用/职业院校下直接考公空间很小，优先看事业单位、基层项目或行业就业。,,
430109,农业电气化技术,专科(高职),,专科,能源动力与材料大类,电力技术类,0.0,很弱/无直接岗位,2026国考职位表/中央机关及直属机构口径（第三方镜像）,0.0,0.0,0.0,0.0,0.0,0.0,0.0,0.0,0.0,无直接可报岗位,,0.0,,0.0,0.0,0.0,,0.0,0.0,,0.0,0.0,,0.0,0.0,,0.0,0.0,0.0,0.0,none,暂无明显潜力,2026岗位文本中未形成直接可报匹配。,不建议把考公作为该专业在头部院校的核心卖点。,直接考公适配弱，应更多看行业就业或升学转换。,普通应用/职业院校下直接考公空间很小，优先看事业单位、基层项目或行业就业。,,
430110,机场电工技术,专科(高职),,专科,能源动力与材料大类,电力技术类,0.0,很弱/无直接岗位,2026国考职位表/中央机关及直属机构口径（第三方镜像）,0.0,0.0,0.0,0.0,0.0,0.0,0.0,0.0,0.0,无直接可报岗位,,0.0,,0.0,0.0,0.0,,0.0,0.0,,0.0,0.0,,0.0,0.0,,0.0,0.0,0.0,0.0,none,暂无明显潜力,2026岗位文本中未形成直接可报匹配。,不建议把考公作为该专业在头部院校的核心卖点。,直接考公适配弱，应更多看行业就业或升学转换。,普通应用/职业院校下直接考公空间很小，优先看事业单位、基层项目或行业就业。,,
430111,电力客户服务与管理,专科(高职),,专科,能源动力与材料大类,电力技术类,0.0,很弱/无直接岗位,2026国考职位表/中央机关及直属机构口径（第三方镜像）,0.0,0.0,0.0,0.0,0.0,0.0,0.0,0.0,0.0,无直接可报岗位,,0.0,,0.0,0.0,0.0,,0.0,0.0,,0.0,0.0,,0.0,0.0,,0.0,0.0,0.0,0.0,none,暂无明显潜力,2026岗位文本中未形成直接可报匹配。,不建议把考公作为该专业在头部院校的核心卖点。,直接考公适配弱，应更多看行业就业或升学转换。,普通应用/职业院校下直接考公空间很小，优先看事业单位、基层项目或行业就业。,,
430112,电力储能应用技术,专科(高职),,专科,能源动力与材料大类,电力技术类,0.0,很弱/无直接岗位,2026国考职位表/中央机关及直属机构口径（第三方镜像）,0.0,0.0,0.0,0.0,0.0,0.0,0.0,0.0,0.0,无直接可报岗位,,0.0,,0.0,0.0,0.0,,0.0,0.0,,0.0,0.0,,0.0,0.0,,0.0,0.0,0.0,0.0,none,暂无明显潜力,2026岗位文本中未形成直接可报匹配。,不建议把考公作为该专业在头部院校的核心卖点。,直接考公适配弱，应更多看行业就业或升学转换。,普通应用/职业院校下直接考公空间很小，优先看事业单位、基层项目或行业就业。,,
430201,热能动力工程技术,专科(高职),,专科,能源动力与材料大类,热能与发电工程类,0.0,很弱/无直接岗位,2026国考职位表/中央机关及直属机构口径（第三方镜像）,0.0,0.0,0.0,0.0,0.0,0.0,0.0,0.0,0.0,无直接可报岗位,,0.0,,0.0,0.0,0.0,,0.0,0.0,,0.0,0.0,,0.0,0.0,,0.0,0.0,0.0,0.0,none,暂无明显潜力,2026岗位文本中未形成直接可报匹配。,不建议把考公作为该专业在头部院校的核心卖点。,直接考公适配弱，应更多看行业就业或升学转换。,普通应用/职业院校下直接考公空间很小，优先看事业单位、基层项目或行业就业。,,
430202,城市热能应用技术,专科(高职),,专科,能源动力与材料大类,热能与发电工程类,0.0,很弱/无直接岗位,2026国考职位表/中央机关及直属机构口径（第三方镜像）,0.0,0.0,0.0,0.0,0.0,0.0,0.0,0.0,0.0,无直接可报岗位,,0.0,,0.0,0.0,0.0,,0.0,0.0,,0.0,0.0,,0.0,0.0,,0.0,0.0,0.0,0.0,none,暂无明显潜力,2026岗位文本中未形成直接可报匹配。,不建议把考公作为该专业在头部院校的核心卖点。,直接考公适配弱，应更多看行业就业或升学转换。,普通应用/职业院校下直接考公空间很小，优先看事业单位、基层项目或行业就业。,,
430203,地热开发技术,专科(高职),,专科,能源动力与材料大类,热能与发电工程类,0.0,很弱/无直接岗位,2026国考职位表/中央机关及直属机构口径（第三方镜像）,0.0,0.0,0.0,0.0,0.0,0.0,0.0,0.0,0.0,无直接可报岗位,,0.0,,0.0,0.0,0.0,,0.0,0.0,,0.0,0.0,,0.0,0.0,,0.0,0.0,0.0,0.0,none,暂无明显潜力,2026岗位文本中未形成直接可报匹配。,不建议把考公作为该专业在头部院校的核心卖点。,直接考公适配弱，应更多看行业就业或升学转换。,普通应用/职业院校下直接考公空间很小，优先看事业单位、基层项目或行业就业。,,
430204,太阳能光热技术与应用,专科(高职),,专科,能源动力与材料大类,热能与发电工程类,0.0,很弱/无直接岗位,2026国考职位表/中央机关及直属机构口径（第三方镜像）,0.0,0.0,0.0,0.0,0.0,0.0,0.0,0.0,0.0,无直接可报岗位,,0.0,,0.0,0.0,0.0,,0.0,0.0,,0.0,0.0,,0.0,0.0,,0.0,0.0,0.0,0.0,none,暂无明显潜力,2026岗位文本中未形成直接可报匹配。,不建议把考公作为该专业在头部院校的核心卖点。,直接考公适配弱，应更多看行业就业或升学转换。,普通应用/职业院校下直接考公空间很小，优先看事业单位、基层项目或行业就业。,,
430205,发电运行技术,专科(高职),,专科,能源动力与材料大类,热能与发电工程类,0.0,很弱/无直接岗位,2026国考职位表/中央机关及直属机构口径（第三方镜像）,0.0,0.0,0.0,0.0,0.0,0.0,0.0,0.0,0.0,无直接可报岗位,,0.0,,0.0,0.0,0.0,,0.0,0.0,,0.0,0.0,,0.0,0.0,,0.0,0.0,0.0,0.0,none,暂无明显潜力,2026岗位文本中未形成直接可报匹配。,不建议把考公作为该专业在头部院校的核心卖点。,直接考公适配弱，应更多看行业就业或升学转换。,普通应用/职业院校下直接考公空间很小，优先看事业单位、基层项目或行业就业。,,
430206,热工自动化技术,专科(高职),,专科,能源动力与材料大类,热能与发电工程类,0.0,很弱/无直接岗位,2026国考职位表/中央机关及直属机构口径（第三方镜像）,0.0,0.0,0.0,0.0,0.0,0.0,0.0,0.0,0.0,无直接可报岗位,,0.0,,0.0,0.0,0.0,,0.0,0.0,,0.0,0.0,,0.0,0.0,,0.0,0.0,0.0,0.0,none,暂无明显潜力,2026岗位文本中未形成直接可报匹配。,不建议把考公作为该专业在头部院校的核心卖点。,直接考公适配弱，应更多看行业就业或升学转换。,普通应用/职业院校下直接考公空间很小，优先看事业单位、基层项目或行业就业。,,
430207,核电站动力设备运行与维护,专科(高职),,专科,能源动力与材料大类,热能与发电工程类,0.0,很弱/无直接岗位,2026国考职位表/中央机关及直属机构口径（第三方镜像）,0.0,0.0,0.0,0.0,0.0,0.0,0.0,0.0,0.0,无直接可报岗位,,0.0,,0.0,0.0,0.0,,0.0,0.0,,0.0,0.0,,0.0,0.0,,0.0,0.0,0.0,0.0,none,暂无明显潜力,2026岗位文本中未形成直接可报匹配。,不建议把考公作为该专业在头部院校的核心卖点。,直接考公适配弱，应更多看行业就业或升学转换。,普通应用/职业院校下直接考公空间很小，优先看事业单位、基层项目或行业就业。,,
430208,电厂化学与环保技术,专科(高职),,专科,能源动力与材料大类,热能与发电工程类,0.0,很弱/无直接岗位,2026国考职位表/中央机关及直属机构口径（第三方镜像）,0.0,0.0,0.0,0.0,0.0,0.0,0.0,0.0,0.0,无直接可报岗位,,0.0,,0.0,0.0,0.0,,0.0,0.0,,0.0,0.0,,0.0,0.0,,0.0,0.0,0.0,0.0,none,暂无明显潜力,2026岗位文本中未形成直接可报匹配。,不建议把考公作为该专业在头部院校的核心卖点。,直接考公适配弱，应更多看行业就业或升学转换。,普通应用/职业院校下直接考公空间很小，优先看事业单位、基层项目或行业就业。,,
430301,光伏工程技术,专科(高职),,专科,能源动力与材料大类,新能源发电工程类,0.0,很弱/无直接岗位,2026国考职位表/中央机关及直属机构口径（第三方镜像）,0.0,0.0,0.0,0.0,0.0,0.0,0.0,0.0,0.0,无直接可报岗位,,0.0,,0.0,0.0,0.0,,0.0,0.0,,0.0,0.0,,0.0,0.0,,0.0,0.0,0.0,0.0,none,暂无明显潜力,2026岗位文本中未形成直接可报匹配。,不建议把考公作为该专业在头部院校的核心卖点。,直接考公适配弱，应更多看行业就业或升学转换。,普通应用/职业院校下直接考公空间很小，优先看事业单位、基层项目或行业就业。,,
430302,风力发电工程技术,专科(高职),,专科,能源动力与材料大类,新能源发电工程类,0.0,很弱/无直接岗位,2026国考职位表/中央机关及直属机构口径（第三方镜像）,0.0,0.0,0.0,0.0,0.0,0.0,0.0,0.0,0.0,无直接可报岗位,,0.0,,0.0,0.0,0.0,,0.0,0.0,,0.0,0.0,,0.0,0.0,,0.0,0.0,0.0,0.0,none,暂无明显潜力,2026岗位文本中未形成直接可报匹配。,不建议把考公作为该专业在头部院校的核心卖点。,直接考公适配弱，应更多看行业就业或升学转换。,普通应用/职业院校下直接考公空间很小，优先看事业单位、基层项目或行业就业。,,
430303,生物质能应用技术,专科(高职),,专科,能源动力与材料大类,新能源发电工程类,0.0,很弱/无直接岗位,2026国考职位表/中央机关及直属机构口径（第三方镜像）,0.0,0.0,0.0,0.0,0.0,0.0,0.0,0.0,0.0,无直接可报岗位,,0.0,,0.0,0.0,0.0,,0.0,0.0,,0.0,0.0,,0.0,0.0,,0.0,0.0,0.0,0.0,none,暂无明显潜力,2026岗位文本中未形成直接可报匹配。,不建议把考公作为该专业在头部院校的核心卖点。,直接考公适配弱，应更多看行业就业或升学转换。,普通应用/职业院校下直接考公空间很小，优先看事业单位、基层项目或行业就业。,,
430304,氢能技术应用,专科(高职),,专科,能源动力与材料大类,新能源发电工程类,0.0,很弱/无直接岗位,2026国考职位表/中央机关及直属机构口径（第三方镜像）,0.0,0.0,0.0,0.0,0.0,0.0,0.0,0.0,0.0,无直接可报岗位,,0.0,,0.0,0.0,0.0,,0.0,0.0,,0.0,0.0,,0.0,0.0,,0.0,0.0,0.0,0.0,none,暂无明显潜力,2026岗位文本中未形成直接可报匹配。,不建议把考公作为该专业在头部院校的核心卖点。,直接考公适配弱，应更多看行业就业或升学转换。,普通应用/职业院校下直接考公空间很小，优先看事业单位、基层项目或行业就业。,,
430305,工业节能技术,专科(高职),,专科,能源动力与材料大类,新能源发电工程类,0.0,很弱/无直接岗位,2026国考职位表/中央机关及直属机构口径（第三方镜像）,0.0,0.0,0.0,0.0,0.0,0.0,0.0,0.0,0.0,无直接可报岗位,,0.0,,0.0,0.0,0.0,,0.0,0.0,,0.0,0.0,,0.0,0.0,,0.0,0.0,0.0,0.0,none,暂无明显潜力,2026岗位文本中未形成直接可报匹配。,不建议把考公作为该专业在头部院校的核心卖点。,直接考公适配弱，应更多看行业就业或升学转换。,普通应用/职业院校下直接考公空间很小，优先看事业单位、基层项目或行业就业。,,
430306,节电技术与管理,专科(高职),,专科,能源动力与材料大类,新能源发电工程类,0.0,很弱/无直接岗位,2026国考职位表/中央机关及直属机构口径（第三方镜像）,0.0,0.0,0.0,0.0,0.0,0.0,0.0,0.0,0.0,无直接可报岗位,,0.0,,0.0,0.0,0.0,,0.0,0.0,,0.0,0.0,,0.0,0.0,,0.0,0.0,0.0,0.0,none,暂无明显潜力,2026岗位文本中未形成直接可报匹配。,不建议把考公作为该专业在头部院校的核心卖点。,直接考公适配弱，应更多看行业就业或升学转换。,普通应用/职业院校下直接考公空间很小，优先看事业单位、基层项目或行业就业。,,
430307,新能源材料应用技术,专科(高职),,专科,能源动力与材料大类,新能源发电工程类,0.0,很弱/无直接岗位,2026国考职位表/中央机关及直属机构口径（第三方镜像）,0.0,0.0,0.0,0.0,0.0,0.0,0.0,0.0,0.0,无直接可报岗位,,0.0,,0.0,0.0,0.0,,0.0,0.0,,0.0,0.0,,0.0,0.0,,0.0,0.0,0.0,0.0,none,暂无明显潜力,2026岗位文本中未形成直接可报匹配。,不建议把考公作为该专业在头部院校的核心卖点。,直接考公适配弱，应更多看行业就业或升学转换。,普通应用/职业院校下直接考公空间很小，优先看事业单位、基层项目或行业就业。,,
430401,钢铁智能冶金技术,专科(高职),,专科,能源动力与材料大类,黑色金属材料类,0.0,很弱/无直接岗位,2026国考职位表/中央机关及直属机构口径（第三方镜像）,0.0,0.0,0.0,0.0,0.0,0.0,0.0,0.0,0.0,无直接可报岗位,,0.0,,0.0,0.0,0.0,,0.0,0.0,,0.0,0.0,,0.0,0.0,,0.0,0.0,0.0,0.0,none,暂无明显潜力,2026岗位文本中未形成直接可报匹配。,不建议把考公作为该专业在头部院校的核心卖点。,直接考公适配弱，应更多看行业就业或升学转换。,普通应用/职业院校下直接考公空间很小，优先看事业单位、基层项目或行业就业。,,
430402,智能轧钢技术,专科(高职),,专科,能源动力与材料大类,黑色金属材料类,0.0,很弱/无直接岗位,2026国考职位表/中央机关及直属机构口径（第三方镜像）,0.0,0.0,0.0,0.0,0.0,0.0,0.0,0.0,0.0,无直接可报岗位,,0.0,,0.0,0.0,0.0,,0.0,0.0,,0.0,0.0,,0.0,0.0,,0.0,0.0,0.0,0.0,none,暂无明显潜力,2026岗位文本中未形成直接可报匹配。,不建议把考公作为该专业在头部院校的核心卖点。,直接考公适配弱，应更多看行业就业或升学转换。,普通应用/职业院校下直接考公空间很小，优先看事业单位、基层项目或行业就业。,,
430403,钢铁冶金设备维护,专科(高职),,专科,能源动力与材料大类,黑色金属材料类,0.0,很弱/无直接岗位,2026国考职位表/中央机关及直属机构口径（第三方镜像）,0.0,0.0,0.0,0.0,0.0,0.0,0.0,0.0,0.0,无直接可报岗位,,0.0,,0.0,0.0,0.0,,0.0,0.0,,0.0,0.0,,0.0,0.0,,0.0,0.0,0.0,0.0,none,暂无明显潜力,2026岗位文本中未形成直接可报匹配。,不建议把考公作为该专业在头部院校的核心卖点。,直接考公适配弱，应更多看行业就业或升学转换。,普通应用/职业院校下直接考公空间很小，优先看事业单位、基层项目或行业就业。,,
430404,金属材料检测技术,专科(高职),,专科,能源动力与材料大类,黑色金属材料类,0.0,很弱/无直接岗位,2026国考职位表/中央机关及直属机构口径（第三方镜像）,0.0,0.0,0.0,0.0,0.0,0.0,0.0,0.0,0.0,无直接可报岗位,,0.0,,0.0,0.0,0.0,,0.0,0.0,,0.0,0.0,,0.0,0.0,,0.0,0.0,0.0,0.0,none,暂无明显潜力,2026岗位文本中未形成直接可报匹配。,不建议把考公作为该专业在头部院校的核心卖点。,直接考公适配弱，应更多看行业就业或升学转换。,普通应用/职业院校下直接考公空间很小，优先看事业单位、基层项目或行业就业。,,
430501,有色金属智能冶金技术,专科(高职),,专科,能源动力与材料大类,有色金属材料类,0.0,很弱/无直接岗位,2026国考职位表/中央机关及直属机构口径（第三方镜像）,0.0,0.0,0.0,0.0,0.0,0.0,0.0,0.0,0.0,无直接可报岗位,,0.0,,0.0,0.0,0.0,,0.0,0.0,,0.0,0.0,,0.0,0.0,,0.0,0.0,0.0,0.0,none,暂无明显潜力,2026岗位文本中未形成直接可报匹配。,不建议把考公作为该专业在头部院校的核心卖点。,直接考公适配弱，应更多看行业就业或升学转换。,普通应用/职业院校下直接考公空间很小，优先看事业单位、基层项目或行业就业。,,
430502,金属智能加工技术,专科(高职),,专科,能源动力与材料大类,有色金属材料类,0.0,很弱/无直接岗位,2026国考职位表/中央机关及直属机构口径（第三方镜像）,0.0,0.0,0.0,0.0,0.0,0.0,0.0,0.0,0.0,无直接可报岗位,,0.0,,0.0,0.0,0.0,,0.0,0.0,,0.0,0.0,,0.0,0.0,,0.0,0.0,0.0,0.0,none,暂无明显潜力,2026岗位文本中未形成直接可报匹配。,不建议把考公作为该专业在头部院校的核心卖点。,直接考公适配弱，应更多看行业就业或升学转换。,普通应用/职业院校下直接考公空间很小，优先看事业单位、基层项目或行业就业。,,
430503,金属精密成型技术,专科(高职),,专科,能源动力与材料大类,有色金属材料类,0.0,很弱/无直接岗位,2026国考职位表/中央机关及直属机构口径（第三方镜像）,0.0,0.0,0.0,0.0,0.0,0.0,0.0,0.0,0.0,无直接可报岗位,,0.0,,0.0,0.0,0.0,,0.0,0.0,,0.0,0.0,,0.0,0.0,,0.0,0.0,0.0,0.0,none,暂无明显潜力,2026岗位文本中未形成直接可报匹配。,不建议把考公作为该专业在头部院校的核心卖点。,直接考公适配弱，应更多看行业就业或升学转换。,普通应用/职业院校下直接考公空间很小，优先看事业单位、基层项目或行业就业。,,
430504,储能材料技术,专科(高职),,专科,能源动力与材料大类,有色金属材料类,0.0,很弱/无直接岗位,2026国考职位表/中央机关及直属机构口径（第三方镜像）,0.0,0.0,0.0,0.0,0.0,0.0,0.0,0.0,0.0,无直接可报岗位,,0.0,,0.0,0.0,0.0,,0.0,0.0,,0.0,0.0,,0.0,0.0,,0.0,0.0,0.0,0.0,none,暂无明显潜力,2026岗位文本中未形成直接可报匹配。,不建议把考公作为该专业在头部院校的核心卖点。,直接考公适配弱，应更多看行业就业或升学转换。,普通应用/职业院校下直接考公空间很小，优先看事业单位、基层项目或行业就业。,,
430505,稀土材料技术,专科(高职),,专科,能源动力与材料大类,有色金属材料类,0.0,很弱/无直接岗位,2026国考职位表/中央机关及直属机构口径（第三方镜像）,0.0,0.0,0.0,0.0,0.0,0.0,0.0,0.0,0.0,无直接可报岗位,,0.0,,0.0,0.0,0.0,,0.0,0.0,,0.0,0.0,,0.0,0.0,,0.0,0.0,0.0,0.0,none,暂无明显潜力,2026岗位文本中未形成直接可报匹配。,不建议把考公作为该专业在头部院校的核心卖点。,直接考公适配弱，应更多看行业就业或升学转换。,普通应用/职业院校下直接考公空间很小，优先看事业单位、基层项目或行业就业。,,
430506,材料循环应用技术,专科(高职),,专科,能源动力与材料大类,有色金属材料类,0.0,很弱/无直接岗位,2026国考职位表/中央机关及直属机构口径（第三方镜像）,0.0,0.0,0.0,0.0,0.0,0.0,0.0,0.0,0.0,无直接可报岗位,,0.0,,0.0,0.0,0.0,,0.0,0.0,,0.0,0.0,,0.0,0.0,,0.0,0.0,0.0,0.0,,暂无明显潜力,2026岗位文本中未形成直接可报匹配。,不建议把考公作为该专业在头部院校的核心卖点。,直接考公适配弱，应更多看行业就业或升学转换。,普通应用/职业院校下直接考公空间很小，优先看事业单位、基层项目或行业就业。,,
430601,材料工程技术,专科(高职),,专科,能源动力与材料大类,非金属材料类,0.0,很弱/无直接岗位,2026国考职位表/中央机关及直属机构口径（第三方镜像）,0.0,0.0,0.0,0.0,0.0,0.0,0.0,0.0,0.0,无直接可报岗位,,0.0,,0.0,0.0,0.0,,0.0,0.0,,0.0,0.0,,0.0,0.0,,0.0,0.0,0.0,0.0,none,暂无明显潜力,2026岗位文本中未形成直接可报匹配。,不建议把考公作为该专业在头部院校的核心卖点。,直接考公适配弱，应更多看行业就业或升学转换。,普通应用/职业院校下直接考公空间很小，优先看事业单位、基层项目或行业就业。,,
430602,高分子材料智能制造技术,专科(高职),,专科,能源动力与材料大类,非金属材料类,0.0,很弱/无直接岗位,2026国考职位表/中央机关及直属机构口径（第三方镜像）,0.0,0.0,0.0,0.0,0.0,0.0,0.0,0.0,0.0,无直接可报岗位,,0.0,,0.0,0.0,0.0,,0.0,0.0,,0.0,0.0,,0.0,0.0,,0.0,0.0,0.0,0.0,none,暂无明显潜力,2026岗位文本中未形成直接可报匹配。,不建议把考公作为该专业在头部院校的核心卖点。,直接考公适配弱，应更多看行业就业或升学转换。,普通应用/职业院校下直接考公空间很小，优先看事业单位、基层项目或行业就业。,,
430603,复合材料智能制造技术,专科(高职),,专科,能源动力与材料大类,非金属材料类,0.0,很弱/无直接岗位,2026国考职位表/中央机关及直属机构口径（第三方镜像）,0.0,0.0,0.0,0.0,0.0,0.0,0.0,0.0,0.0,无直接可报岗位,,0.0,,0.0,0.0,0.0,,0.0,0.0,,0.0,0.0,,0.0,0.0,,0.0,0.0,0.0,0.0,none,暂无明显潜力,2026岗位文本中未形成直接可报匹配。,不建议把考公作为该专业在头部院校的核心卖点。,直接考公适配弱，应更多看行业就业或升学转换。,普通应用/职业院校下直接考公空间很小，优先看事业单位、基层项目或行业就业。,,
430604,航空复合材料成型与加工技术,专科(高职),,专科,能源动力与材料大类,非金属材料类,0.0,很弱/无直接岗位,2026国考职位表/中央机关及直属机构口径（第三方镜像）,0.0,0.0,0.0,0.0,0.0,0.0,0.0,0.0,0.0,无直接可报岗位,,0.0,,0.0,0.0,0.0,,0.0,0.0,,0.0,0.0,,0.0,0.0,,0.0,0.0,0.0,0.0,none,暂无明显潜力,2026岗位文本中未形成直接可报匹配。,不建议把考公作为该专业在头部院校的核心卖点。,直接考公适配弱，应更多看行业就业或升学转换。,普通应用/职业院校下直接考公空间很小，优先看事业单位、基层项目或行业就业。,,
430605,非金属矿物材料技术,专科(高职),,专科,能源动力与材料大类,非金属材料类,0.0,很弱/无直接岗位,2026国考职位表/中央机关及直属机构口径（第三方镜像）,0.0,0.0,0.0,0.0,0.0,0.0,0.0,0.0,0.0,无直接可报岗位,,0.0,,0.0,0.0,0.0,,0.0,0.0,,0.0,0.0,,0.0,0.0,,0.0,0.0,0.0,0.0,none,暂无明显潜力,2026岗位文本中未形成直接可报匹配。,不建议把考公作为该专业在头部院校的核心卖点。,直接考公适配弱，应更多看行业就业或升学转换。,普通应用/职业院校下直接考公空间很小，优先看事业单位、基层项目或行业就业。,,
430606,光伏材料制备技术,专科(高职),,专科,能源动力与材料大类,非金属材料类,0.0,很弱/无直接岗位,2026国考职位表/中央机关及直属机构口径（第三方镜像）,0.0,0.0,0.0,0.0,0.0,0.0,0.0,0.0,0.0,无直接可报岗位,,0.0,,0.0,0.0,0.0,,0.0,0.0,,0.0,0.0,,0.0,0.0,,0.0,0.0,0.0,0.0,none,暂无明显潜力,2026岗位文本中未形成直接可报匹配。,不建议把考公作为该专业在头部院校的核心卖点。,直接考公适配弱，应更多看行业就业或升学转换。,普通应用/职业院校下直接考公空间很小，优先看事业单位、基层项目或行业就业。,,
430607,硅材料制备技术,专科(高职),,专科,能源动力与材料大类,非金属材料类,0.0,很弱/无直接岗位,2026国考职位表/中央机关及直属机构口径（第三方镜像）,0.0,0.0,0.0,0.0,0.0,0.0,0.0,0.0,0.0,无直接可报岗位,,0.0,,0.0,0.0,0.0,,0.0,0.0,,0.0,0.0,,0.0,0.0,,0.0,0.0,0.0,0.0,none,暂无明显潜力,2026岗位文本中未形成直接可报匹配。,不建议把考公作为该专业在头部院校的核心卖点。,直接考公适配弱，应更多看行业就业或升学转换。,普通应用/职业院校下直接考公空间很小，优先看事业单位、基层项目或行业就业。,,
430608,炭材料工程技术,专科(高职),,专科,能源动力与材料大类,非金属材料类,0.0,很弱/无直接岗位,2026国考职位表/中央机关及直属机构口径（第三方镜像）,0.0,0.0,0.0,0.0,0.0,0.0,0.0,0.0,0.0,无直接可报岗位,,0.0,,0.0,0.0,0.0,,0.0,0.0,,0.0,0.0,,0.0,0.0,,0.0,0.0,0.0,0.0,none,暂无明显潜力,2026岗位文本中未形成直接可报匹配。,不建议把考公作为该专业在头部院校的核心卖点。,直接考公适配弱，应更多看行业就业或升学转换。,普通应用/职业院校下直接考公空间很小，优先看事业单位、基层项目或行业就业。,,
430609,橡胶智能制造技术,专科(高职),,专科,能源动力与材料大类,非金属材料类,0.0,很弱/无直接岗位,2026国考职位表/中央机关及直属机构口径（第三方镜像）,0.0,0.0,0.0,0.0,0.0,0.0,0.0,0.0,0.0,无直接可报岗位,,0.0,,0.0,0.0,0.0,,0.0,0.0,,0.0,0.0,,0.0,0.0,,0.0,0.0,0.0,0.0,none,暂无明显潜力,2026岗位文本中未形成直接可报匹配。,不建议把考公作为该专业在头部院校的核心卖点。,直接考公适配弱，应更多看行业就业或升学转换。,普通应用/职业院校下直接考公空间很小，优先看事业单位、基层项目或行业就业。,,
430610,电子信息材料应用技术,专科(高职),,专科,能源动力与材料大类,非金属材料类,0.0,很弱/无直接岗位,2026国考职位表/中央机关及直属机构口径（第三方镜像）,0.0,0.0,0.0,0.0,0.0,0.0,0.0,0.0,0.0,无直接可报岗位,,0.0,,0.0,0.0,0.0,,0.0,0.0,,0.0,0.0,,0.0,0.0,,0.0,0.0,0.0,0.0,none,暂无明显潜力,2026岗位文本中未形成直接可报匹配。,不建议把考公作为该专业在头部院校的核心卖点。,直接考公适配弱，应更多看行业就业或升学转换。,普通应用/职业院校下直接考公空间很小，优先看事业单位、基层项目或行业就业。,,
430701,建筑材料工程技术,专科(高职),,专科,能源动力与材料大类,建筑材料类,0.0,很弱/无直接岗位,2026国考职位表/中央机关及直属机构口径（第三方镜像）,0.0,0.0,0.0,0.0,0.0,0.0,0.0,0.0,0.0,无直接可报岗位,,0.0,,0.0,0.0,0.0,,0.0,0.0,,0.0,0.0,,0.0,0.0,,0.0,0.0,0.0,0.0,none,暂无明显潜力,2026岗位文本中未形成直接可报匹配。,不建议把考公作为该专业在头部院校的核心卖点。,直接考公适配弱，应更多看行业就业或升学转换。,普通应用/职业院校下直接考公空间很小，优先看事业单位、基层项目或行业就业。,,
430702,新型建筑材料技术,专科(高职),,专科,能源动力与材料大类,建筑材料类,0.0,很弱/无直接岗位,2026国考职位表/中央机关及直属机构口径（第三方镜像）,0.0,0.0,0.0,0.0,0.0,0.0,0.0,0.0,0.0,无直接可报岗位,,0.0,,0.0,0.0,0.0,,0.0,0.0,,0.0,0.0,,0.0,0.0,,0.0,0.0,0.0,0.0,none,暂无明显潜力,2026岗位文本中未形成直接可报匹配。,不建议把考公作为该专业在头部院校的核心卖点。,直接考公适配弱，应更多看行业就业或升学转换。,普通应用/职业院校下直接考公空间很小，优先看事业单位、基层项目或行业就业。,,
430703,建筑装饰材料技术,专科(高职),,专科,能源动力与材料大类,建筑材料类,0.0,很弱/无直接岗位,2026国考职位表/中央机关及直属机构口径（第三方镜像）,0.0,0.0,0.0,0.0,0.0,0.0,0.0,0.0,0.0,无直接可报岗位,,0.0,,0.0,0.0,0.0,,0.0,0.0,,0.0,0.0,,0.0,0.0,,0.0,0.0,0.0,0.0,none,暂无明显潜力,2026岗位文本中未形成直接可报匹配。,不建议把考公作为该专业在头部院校的核心卖点。,直接考公适配弱，应更多看行业就业或升学转换。,普通应用/职业院校下直接考公空间很小，优先看事业单位、基层项目或行业就业。,,
430704,建筑材料检测技术,专科(高职),,专科,能源动力与材料大类,建筑材料类,0.0,很弱/无直接岗位,2026国考职位表/中央机关及直属机构口径（第三方镜像）,0.0,0.0,0.0,0.0,0.0,0.0,0.0,0.0,0.0,无直接可报岗位,,0.0,,0.0,0.0,0.0,,0.0,0.0,,0.0,0.0,,0.0,0.0,,0.0,0.0,0.0,0.0,none,暂无明显潜力,2026岗位文本中未形成直接可报匹配。,不建议把考公作为该专业在头部院校的核心卖点。,直接考公适配弱，应更多看行业就业或升学转换。,普通应用/职业院校下直接考公空间很小，优先看事业单位、基层项目或行业就业。,,
430705,装配式建筑构件智能制造技术,专科(高职),,专科,能源动力与材料大类,建筑材料类,0.0,很弱/无直接岗位,2026国考职位表/中央机关及直属机构口径（第三方镜像）,0.0,0.0,0.0,0.0,0.0,0.0,0.0,0.0,0.0,无直接可报岗位,,0.0,,0.0,0.0,0.0,,0.0,0.0,,0.0,0.0,,0.0,0.0,,0.0,0.0,0.0,0.0,none,暂无明显潜力,2026岗位文本中未形成直接可报匹配。,不建议把考公作为该专业在头部院校的核心卖点。,直接考公适配弱，应更多看行业就业或升学转换。,普通应用/职业院校下直接考公空间很小，优先看事业单位、基层项目或行业就业。,,
440101,建筑设计,专科(高职),,专科,土木建筑大类,建筑设计类,0.0,很弱/无直接岗位,2026国考职位表/中央机关及直属机构口径（第三方镜像）,0.0,0.0,0.0,0.0,0.0,0.0,0.0,0.0,0.0,无直接可报岗位,,0.0,,0.0,0.0,0.0,,0.0,0.0,,0.0,0.0,,0.0,0.0,,1.0,2.0,2.0,0.0,limited,升学后弱潜力,大专学历直接可报岗位不足；专业文本在本科/升本路径中有匹配线索。,不建议把考公作为该专业在头部院校的核心卖点。,直接考公适配弱，应更多看行业就业或升学转换。,普通应用/职业院校下直接考公空间很小，优先看事业单位、基层项目或行业就业。,厦门海关|国家卫生健康委员会,业务处室一级主任科员及以下|综合保障四级主办及以下
440102,建筑装饰工程技术,专科(高职),,专科,土木建筑大类,建筑设计类,13.0,很弱/无直接岗位,2026国考职位表/中央机关及直属机构口径（第三方镜像）,1.0,1.0,0.0,0.0,0.0,100.0,0.0,0.0,0.0,以对口岗位为主,海关/边检(1)；公安/移民/基层执法(1),5.0,14.0,0.0,0.0,0.0,,0.0,0.0,,1.0,100.0,14.0,0.0,0.0,,0.0,1.0,1.0,0.0,limited,升学后弱潜力,存在专业代码或专业名称精确匹配，并有直接学历兼容岗位。,可以考，但院校层级优势有限，更依赖岗位地区和限制条件。,岗位窗口较窄，建议只作为就业备选项。,少量大专可报基层岗位存在，但数量很少，需逐岗位核验。,新疆出入境边防检查总站,伊犁边境管理支队一级警长及以下（四）
440103,古建筑工程技术,专科(高职),,专科,土木建筑大类,建筑设计类,0.0,很弱/无直接岗位,2026国考职位表/中央机关及直属机构口径（第三方镜像）,0.0,0.0,0.0,0.0,0.0,0.0,0.0,0.0,0.0,无直接可报岗位,,0.0,,0.0,0.0,0.0,,0.0,0.0,,0.0,0.0,,0.0,0.0,,0.0,0.0,0.0,0.0,none,暂无明显潜力,2026岗位文本中未形成直接可报匹配。,不建议把考公作为该专业在头部院校的核心卖点。,直接考公适配弱，应更多看行业就业或升学转换。,普通应用/职业院校下直接考公空间很小，优先看事业单位、基层项目或行业就业。,,
440104,园林工程技术,专科(高职),,专科,土木建筑大类,建筑设计类,0.0,很弱/无直接岗位,2026国考职位表/中央机关及直属机构口径（第三方镜像）,0.0,0.0,0.0,0.0,0.0,0.0,0.0,0.0,0.0,无直接可报岗位,,0.0,,0.0,0.0,0.0,,0.0,0.0,,0.0,0.0,,0.0,0.0,,0.0,0.0,0.0,0.0,none,暂无明显潜力,2026岗位文本中未形成直接可报匹配。,不建议把考公作为该专业在头部院校的核心卖点。,直接考公适配弱，应更多看行业就业或升学转换。,普通应用/职业院校下直接考公空间很小，优先看事业单位、基层项目或行业就业。,,
440105,风景园林设计,专科(高职),,专科,土木建筑大类,建筑设计类,0.0,很弱/无直接岗位,2026国考职位表/中央机关及直属机构口径（第三方镜像）,0.0,0.0,0.0,0.0,0.0,0.0,0.0,0.0,0.0,无直接可报岗位,,0.0,,0.0,0.0,0.0,,0.0,0.0,,0.0,0.0,,0.0,0.0,,0.0,0.0,0.0,0.0,none,暂无明显潜力,2026岗位文本中未形成直接可报匹配。,不建议把考公作为该专业在头部院校的核心卖点。,直接考公适配弱，应更多看行业就业或升学转换。,普通应用/职业院校下直接考公空间很小，优先看事业单位、基层项目或行业就业。,,
440106,建筑室内设计,专科(高职),,专科,土木建筑大类,建筑设计类,0.0,很弱/无直接岗位,2026国考职位表/中央机关及直属机构口径（第三方镜像）,0.0,0.0,0.0,0.0,0.0,0.0,0.0,0.0,0.0,无直接可报岗位,,0.0,,0.0,0.0,0.0,,0.0,0.0,,0.0,0.0,,0.0,0.0,,0.0,0.0,0.0,0.0,none,暂无明显潜力,2026岗位文本中未形成直接可报匹配。,不建议把考公作为该专业在头部院校的核心卖点。,直接考公适配弱，应更多看行业就业或升学转换。,普通应用/职业院校下直接考公空间很小，优先看事业单位、基层项目或行业就业。,,
440107,建筑动画技术,专科(高职),,专科,土木建筑大类,建筑设计类,0.0,很弱/无直接岗位,2026国考职位表/中央机关及直属机构口径（第三方镜像）,0.0,0.0,0.0,0.0,0.0,0.0,0.0,0.0,0.0,无直接可报岗位,,0.0,,0.0,0.0,0.0,,0.0,0.0,,0.0,0.0,,0.0,0.0,,0.0,0.0,0.0,0.0,none,暂无明显潜力,2026岗位文本中未形成直接可报匹配。,不建议把考公作为该专业在头部院校的核心卖点。,直接考公适配弱，应更多看行业就业或升学转换。,普通应用/职业院校下直接考公空间很小，优先看事业单位、基层项目或行业就业。,,
440108,装配化装修技术,专科(高职),,专科,土木建筑大类,建筑设计类,0.0,很弱/无直接岗位,2026国考职位表/中央机关及直属机构口径（第三方镜像）,0.0,0.0,0.0,0.0,0.0,0.0,0.0,0.0,0.0,无直接可报岗位,,0.0,,0.0,0.0,0.0,,0.0,0.0,,0.0,0.0,,0.0,0.0,,0.0,0.0,0.0,0.0,none,暂无明显潜力,2026岗位文本中未形成直接可报匹配。,不建议把考公作为该专业在头部院校的核心卖点。,直接考公适配弱，应更多看行业就业或升学转换。,普通应用/职业院校下直接考公空间很小，优先看事业单位、基层项目或行业就业。,,
440201,城乡规划,专科(高职),,专科,土木建筑大类,城乡规划与管理类,0.0,很弱/无直接岗位,2026国考职位表/中央机关及直属机构口径（第三方镜像）,0.0,0.0,0.0,0.0,0.0,0.0,0.0,0.0,0.0,无直接可报岗位,,0.0,,0.0,0.0,0.0,,0.0,0.0,,0.0,0.0,,0.0,0.0,,6.0,14.0,14.0,0.0,limited,升学后中等潜力,大专学历直接可报岗位不足；专业文本在本科/升本路径中有匹配线索。,不建议把考公作为该专业在头部院校的核心卖点。,直接考公适配弱，应更多看行业就业或升学转换。,普通应用/职业院校下直接考公空间很小，优先看事业单位、基层项目或行业就业。,中央直属机关事务管理局|云南出入境边防检查总站|农业农村部|国家体育总局|国家机关事务管理局|国家自然资源督察上海局|国家自然资源督察南京局|国家自然资源督察成都局,乡村振兴协调指导处一级主任科员及以下|勐康出入境边防检查站一级警长及以下（三）|工程建筑岗一级主任科员及以下|督察业务处一级主任科员及以下|督察室一级主任科员及以下|离退休干部处一级主任科员及以下|综合处室一级主任科员及以下|腾冲出入境边防检查站一级警长及以下（二）
440202,智慧城市管理技术,专科(高职),,专科,土木建筑大类,城乡规划与管理类,0.0,很弱/无直接岗位,2026国考职位表/中央机关及直属机构口径（第三方镜像）,0.0,0.0,0.0,0.0,0.0,0.0,0.0,0.0,0.0,无直接可报岗位,,0.0,,0.0,0.0,0.0,,0.0,0.0,,0.0,0.0,,0.0,0.0,,0.0,0.0,0.0,0.0,none,暂无明显潜力,2026岗位文本中未形成直接可报匹配。,不建议把考公作为该专业在头部院校的核心卖点。,直接考公适配弱，应更多看行业就业或升学转换。,普通应用/职业院校下直接考公空间很小，优先看事业单位、基层项目或行业就业。,,
440203,村镇建设与管理,专科(高职),,专科,土木建筑大类,城乡规划与管理类,0.0,很弱/无直接岗位,2026国考职位表/中央机关及直属机构口径（第三方镜像）,0.0,0.0,0.0,0.0,0.0,0.0,0.0,0.0,0.0,无直接可报岗位,,0.0,,0.0,0.0,0.0,,0.0,0.0,,0.0,0.0,,0.0,0.0,,0.0,0.0,0.0,0.0,none,暂无明显潜力,2026岗位文本中未形成直接可报匹配。,不建议把考公作为该专业在头部院校的核心卖点。,直接考公适配弱，应更多看行业就业或升学转换。,普通应用/职业院校下直接考公空间很小，优先看事业单位、基层项目或行业就业。,,
440301,建筑工程技术,专科(高职),,专科,土木建筑大类,土建施工类,13.0,很弱/无直接岗位,2026国考职位表/中央机关及直属机构口径（第三方镜像）,1.0,1.0,0.0,0.0,0.0,100.0,0.0,0.0,0.0,以对口岗位为主,海关/边检(1)；公安/移民/基层执法(1),5.0,3.4,0.0,0.0,0.0,,0.0,0.0,,1.0,100.0,3.4,0.0,0.0,,0.0,1.0,1.0,0.0,limited,升学后弱潜力,存在专业代码或专业名称精确匹配，并有直接学历兼容岗位。,可以考，但院校层级优势有限，更依赖岗位地区和限制条件。,岗位窗口较窄，建议只作为就业备选项。,少量大专可报基层岗位存在，但数量很少，需逐岗位核验。,新疆出入境边防检查总站,喀什边境管理支队一级警长及以下（六）
440302,装配式建筑工程技术,专科(高职),,专科,土木建筑大类,土建施工类,0.0,很弱/无直接岗位,2026国考职位表/中央机关及直属机构口径（第三方镜像）,0.0,0.0,0.0,0.0,0.0,0.0,0.0,0.0,0.0,无直接可报岗位,,0.0,,0.0,0.0,0.0,,0.0,0.0,,0.0,0.0,,0.0,0.0,,0.0,0.0,0.0,0.0,none,暂无明显潜力,2026岗位文本中未形成直接可报匹配。,不建议把考公作为该专业在头部院校的核心卖点。,直接考公适配弱，应更多看行业就业或升学转换。,普通应用/职业院校下直接考公空间很小，优先看事业单位、基层项目或行业就业。,,
440303,建筑钢结构工程技术,专科(高职),,专科,土木建筑大类,土建施工类,0.0,很弱/无直接岗位,2026国考职位表/中央机关及直属机构口径（第三方镜像）,0.0,0.0,0.0,0.0,0.0,0.0,0.0,0.0,0.0,无直接可报岗位,,0.0,,0.0,0.0,0.0,,0.0,0.0,,0.0,0.0,,0.0,0.0,,0.0,0.0,0.0,0.0,none,暂无明显潜力,2026岗位文本中未形成直接可报匹配。,不建议把考公作为该专业在头部院校的核心卖点。,直接考公适配弱，应更多看行业就业或升学转换。,普通应用/职业院校下直接考公空间很小，优先看事业单位、基层项目或行业就业。,,
440304,智能建造技术,专科(高职),,专科,土木建筑大类,土建施工类,0.0,很弱/无直接岗位,2026国考职位表/中央机关及直属机构口径（第三方镜像）,0.0,0.0,0.0,0.0,0.0,0.0,0.0,0.0,0.0,无直接可报岗位,,0.0,,0.0,0.0,0.0,,0.0,0.0,,0.0,0.0,,0.0,0.0,,0.0,0.0,0.0,0.0,none,暂无明显潜力,2026岗位文本中未形成直接可报匹配。,不建议把考公作为该专业在头部院校的核心卖点。,直接考公适配弱，应更多看行业就业或升学转换。,普通应用/职业院校下直接考公空间很小，优先看事业单位、基层项目或行业就业。,,
440305,地下与隧道工程技术,专科(高职),,专科,土木建筑大类,土建施工类,0.0,很弱/无直接岗位,2026国考职位表/中央机关及直属机构口径（第三方镜像）,0.0,0.0,0.0,0.0,0.0,0.0,0.0,0.0,0.0,无直接可报岗位,,0.0,,0.0,0.0,0.0,,0.0,0.0,,0.0,0.0,,0.0,0.0,,0.0,0.0,0.0,0.0,none,暂无明显潜力,2026岗位文本中未形成直接可报匹配。,不建议把考公作为该专业在头部院校的核心卖点。,直接考公适配弱，应更多看行业就业或升学转换。,普通应用/职业院校下直接考公空间很小，优先看事业单位、基层项目或行业就业。,,
440306,土木工程检测技术,专科(高职),,专科,土木建筑大类,土建施工类,0.0,很弱/无直接岗位,2026国考职位表/中央机关及直属机构口径（第三方镜像）,0.0,0.0,0.0,0.0,0.0,0.0,0.0,0.0,0.0,无直接可报岗位,,0.0,,0.0,0.0,0.0,,0.0,0.0,,0.0,0.0,,0.0,0.0,,0.0,0.0,0.0,0.0,none,暂无明显潜力,2026岗位文本中未形成直接可报匹配。,不建议把考公作为该专业在头部院校的核心卖点。,直接考公适配弱，应更多看行业就业或升学转换。,普通应用/职业院校下直接考公空间很小，优先看事业单位、基层项目或行业就业。,,
440307,建筑加固与修复技术,专科(高职),,专科,土木建筑大类,土建施工类,0.0,很弱/无直接岗位,2026国考职位表/中央机关及直属机构口径（第三方镜像）,0.0,0.0,0.0,0.0,0.0,0.0,0.0,0.0,0.0,无直接可报岗位,,0.0,,0.0,0.0,0.0,,0.0,0.0,,0.0,0.0,,0.0,0.0,,0.0,0.0,0.0,0.0,none,暂无明显潜力,2026岗位文本中未形成直接可报匹配。,不建议把考公作为该专业在头部院校的核心卖点。,直接考公适配弱，应更多看行业就业或升学转换。,普通应用/职业院校下直接考公空间很小，优先看事业单位、基层项目或行业就业。,,
440401,建筑设备工程技术,专科(高职),,专科,土木建筑大类,建筑设备类,0.0,很弱/无直接岗位,2026国考职位表/中央机关及直属机构口径（第三方镜像）,0.0,0.0,0.0,0.0,0.0,0.0,0.0,0.0,0.0,无直接可报岗位,,0.0,,0.0,0.0,0.0,,0.0,0.0,,0.0,0.0,,0.0,0.0,,0.0,0.0,0.0,0.0,none,暂无明显潜力,2026岗位文本中未形成直接可报匹配。,不建议把考公作为该专业在头部院校的核心卖点。,直接考公适配弱，应更多看行业就业或升学转换。,普通应用/职业院校下直接考公空间很小，优先看事业单位、基层项目或行业就业。,,
440402,建筑电气工程技术,专科(高职),,专科,土木建筑大类,建筑设备类,0.0,很弱/无直接岗位,2026国考职位表/中央机关及直属机构口径（第三方镜像）,0.0,0.0,0.0,0.0,0.0,0.0,0.0,0.0,0.0,无直接可报岗位,,0.0,,0.0,0.0,0.0,,0.0,0.0,,0.0,0.0,,0.0,0.0,,0.0,0.0,0.0,0.0,none,暂无明显潜力,2026岗位文本中未形成直接可报匹配。,不建议把考公作为该专业在头部院校的核心卖点。,直接考公适配弱，应更多看行业就业或升学转换。,普通应用/职业院校下直接考公空间很小，优先看事业单位、基层项目或行业就业。,,
440403,供热通风与空调工程技术,专科(高职),,专科,土木建筑大类,建筑设备类,0.0,很弱/无直接岗位,2026国考职位表/中央机关及直属机构口径（第三方镜像）,0.0,0.0,0.0,0.0,0.0,0.0,0.0,0.0,0.0,无直接可报岗位,,0.0,,0.0,0.0,0.0,,0.0,0.0,,0.0,0.0,,0.0,0.0,,0.0,0.0,0.0,0.0,none,暂无明显潜力,2026岗位文本中未形成直接可报匹配。,不建议把考公作为该专业在头部院校的核心卖点。,直接考公适配弱，应更多看行业就业或升学转换。,普通应用/职业院校下直接考公空间很小，优先看事业单位、基层项目或行业就业。,,
440404,建筑智能化工程技术,专科(高职),,专科,土木建筑大类,建筑设备类,0.0,很弱/无直接岗位,2026国考职位表/中央机关及直属机构口径（第三方镜像）,0.0,0.0,0.0,0.0,0.0,0.0,0.0,0.0,0.0,无直接可报岗位,,0.0,,0.0,0.0,0.0,,0.0,0.0,,0.0,0.0,,0.0,0.0,,0.0,0.0,0.0,0.0,none,暂无明显潜力,2026岗位文本中未形成直接可报匹配。,不建议把考公作为该专业在头部院校的核心卖点。,直接考公适配弱，应更多看行业就业或升学转换。,普通应用/职业院校下直接考公空间很小，优先看事业单位、基层项目或行业就业。,,
440405,工业设备安装工程技术,专科(高职),,专科,土木建筑大类,建筑设备类,0.0,很弱/无直接岗位,2026国考职位表/中央机关及直属机构口径（第三方镜像）,0.0,0.0,0.0,0.0,0.0,0.0,0.0,0.0,0.0,无直接可报岗位,,0.0,,0.0,0.0,0.0,,0.0,0.0,,0.0,0.0,,0.0,0.0,,0.0,0.0,0.0,0.0,none,暂无明显潜力,2026岗位文本中未形成直接可报匹配。,不建议把考公作为该专业在头部院校的核心卖点。,直接考公适配弱，应更多看行业就业或升学转换。,普通应用/职业院校下直接考公空间很小，优先看事业单位、基层项目或行业就业。,,
440406,建筑消防技术,专科(高职),,专科,土木建筑大类,建筑设备类,0.0,很弱/无直接岗位,2026国考职位表/中央机关及直属机构口径（第三方镜像）,0.0,0.0,0.0,0.0,0.0,0.0,0.0,0.0,0.0,无直接可报岗位,,0.0,,0.0,0.0,0.0,,0.0,0.0,,0.0,0.0,,0.0,0.0,,0.0,0.0,0.0,0.0,none,暂无明显潜力,2026岗位文本中未形成直接可报匹配。,不建议把考公作为该专业在头部院校的核心卖点。,直接考公适配弱，应更多看行业就业或升学转换。,普通应用/职业院校下直接考公空间很小，优先看事业单位、基层项目或行业就业。,,
440501,工程造价,专科(高职),,专科,土木建筑大类,建设工程管理类,17.3,弱适配,2026国考职位表/中央机关及直属机构口径（第三方镜像）,2.0,2.0,0.0,0.0,0.0,100.0,0.0,0.0,0.0,以对口岗位为主,海关/边检(2)；公安/移民/基层执法(2),10.0,8.7,0.0,0.0,0.0,,0.0,0.0,,2.0,100.0,8.7,0.0,0.0,,1.0,20.0,20.0,0.0,limited,升学后中等潜力,存在专业代码或专业名称精确匹配，并有直接学历兼容岗位。,可以考，但院校层级优势有限，更依赖岗位地区和限制条件。,岗位窗口较窄，建议只作为就业备选项。,少量大专可报基层岗位存在，但数量很少，需逐岗位核验。,东北虎豹国家公园管理局|中央办公厅|云南出入境边防检查总站|全国人大|内蒙古出入境边防检查总站|农工党中央|国家粮食和物资储备局云南局|国家粮食和物资储备局浙江局,业务二处一级主任科员及以下|临沧边境管理支队一级警长及以下（五）|伊犁边境管理支队一级警长及以下（四）|呼伦贝尔边境管理支队一级警长及以下（七）|喀什边境管理支队一级警长及以下（六）|工程监理岗位一级主任科员及以下|工程管理科一级主任科员及以下|浙江局业务处一级主任科员及以下
440502,建设工程管理,专科(高职),,专科,土木建筑大类,建设工程管理类,0.0,很弱/无直接岗位,2026国考职位表/中央机关及直属机构口径（第三方镜像）,0.0,0.0,0.0,0.0,0.0,0.0,0.0,0.0,0.0,无直接可报岗位,,0.0,,0.0,0.0,0.0,,0.0,0.0,,0.0,0.0,,0.0,0.0,,0.0,0.0,0.0,0.0,none,暂无明显潜力,2026岗位文本中未形成直接可报匹配。,不建议把考公作为该专业在头部院校的核心卖点。,直接考公适配弱，应更多看行业就业或升学转换。,普通应用/职业院校下直接考公空间很小，优先看事业单位、基层项目或行业就业。,,
440503,建筑经济信息化管理,专科(高职),,专科,土木建筑大类,建设工程管理类,0.0,很弱/无直接岗位,2026国考职位表/中央机关及直属机构口径（第三方镜像）,0.0,0.0,0.0,0.0,0.0,0.0,0.0,0.0,0.0,无直接可报岗位,,0.0,,0.0,0.0,0.0,,0.0,0.0,,0.0,0.0,,0.0,0.0,,0.0,0.0,0.0,0.0,none,暂无明显潜力,2026岗位文本中未形成直接可报匹配。,不建议把考公作为该专业在头部院校的核心卖点。,直接考公适配弱，应更多看行业就业或升学转换。,普通应用/职业院校下直接考公空间很小，优先看事业单位、基层项目或行业就业。,,
440504,建设工程监理,专科(高职),,专科,土木建筑大类,建设工程管理类,0.0,很弱/无直接岗位,2026国考职位表/中央机关及直属机构口径（第三方镜像）,0.0,0.0,0.0,0.0,0.0,0.0,0.0,0.0,0.0,无直接可报岗位,,0.0,,0.0,0.0,0.0,,0.0,0.0,,0.0,0.0,,0.0,0.0,,0.0,0.0,0.0,0.0,none,暂无明显潜力,2026岗位文本中未形成直接可报匹配。,不建议把考公作为该专业在头部院校的核心卖点。,直接考公适配弱，应更多看行业就业或升学转换。,普通应用/职业院校下直接考公空间很小，优先看事业单位、基层项目或行业就业。,,
440505,智慧建筑运维管理,专科(高职),,专科,土木建筑大类,建设工程管理类,0.0,很弱/无直接岗位,2026国考职位表/中央机关及直属机构口径（第三方镜像）,0.0,0.0,0.0,0.0,0.0,0.0,0.0,0.0,0.0,无直接可报岗位,,0.0,,0.0,0.0,0.0,,0.0,0.0,,0.0,0.0,,0.0,0.0,,0.0,0.0,0.0,0.0,,暂无明显潜力,2026岗位文本中未形成直接可报匹配。,不建议把考公作为该专业在头部院校的核心卖点。,直接考公适配弱，应更多看行业就业或升学转换。,普通应用/职业院校下直接考公空间很小，优先看事业单位、基层项目或行业就业。,,
440601,市政工程技术,专科(高职),,专科,土木建筑大类,市政工程类,0.0,很弱/无直接岗位,2026国考职位表/中央机关及直属机构口径（第三方镜像）,0.0,0.0,0.0,0.0,0.0,0.0,0.0,0.0,0.0,无直接可报岗位,,0.0,,0.0,0.0,0.0,,0.0,0.0,,0.0,0.0,,0.0,0.0,,0.0,0.0,0.0,0.0,none,暂无明显潜力,2026岗位文本中未形成直接可报匹配。,不建议把考公作为该专业在头部院校的核心卖点。,直接考公适配弱，应更多看行业就业或升学转换。,普通应用/职业院校下直接考公空间很小，优先看事业单位、基层项目或行业就业。,,
440602,给排水工程技术,专科(高职),,专科,土木建筑大类,市政工程类,0.0,很弱/无直接岗位,2026国考职位表/中央机关及直属机构口径（第三方镜像）,0.0,0.0,0.0,0.0,0.0,0.0,0.0,0.0,0.0,无直接可报岗位,,0.0,,0.0,0.0,0.0,,0.0,0.0,,0.0,0.0,,0.0,0.0,,0.0,0.0,0.0,0.0,none,暂无明显潜力,2026岗位文本中未形成直接可报匹配。,不建议把考公作为该专业在头部院校的核心卖点。,直接考公适配弱，应更多看行业就业或升学转换。,普通应用/职业院校下直接考公空间很小，优先看事业单位、基层项目或行业就业。,,
440603,城市燃气工程技术,专科(高职),,专科,土木建筑大类,市政工程类,0.0,很弱/无直接岗位,2026国考职位表/中央机关及直属机构口径（第三方镜像）,0.0,0.0,0.0,0.0,0.0,0.0,0.0,0.0,0.0,无直接可报岗位,,0.0,,0.0,0.0,0.0,,0.0,0.0,,0.0,0.0,,0.0,0.0,,0.0,0.0,0.0,0.0,none,暂无明显潜力,2026岗位文本中未形成直接可报匹配。,不建议把考公作为该专业在头部院校的核心卖点。,直接考公适配弱，应更多看行业就业或升学转换。,普通应用/职业院校下直接考公空间很小，优先看事业单位、基层项目或行业就业。,,
440604,市政管网智能检测与维护,专科(高职),,专科,土木建筑大类,市政工程类,0.0,很弱/无直接岗位,2026国考职位表/中央机关及直属机构口径（第三方镜像）,0.0,0.0,0.0,0.0,0.0,0.0,0.0,0.0,0.0,无直接可报岗位,,0.0,,0.0,0.0,0.0,,0.0,0.0,,0.0,0.0,,0.0,0.0,,0.0,0.0,0.0,0.0,none,暂无明显潜力,2026岗位文本中未形成直接可报匹配。,不建议把考公作为该专业在头部院校的核心卖点。,直接考公适配弱，应更多看行业就业或升学转换。,普通应用/职业院校下直接考公空间很小，优先看事业单位、基层项目或行业就业。,,
440605,城市环境工程技术,专科(高职),,专科,土木建筑大类,市政工程类,0.0,很弱/无直接岗位,2026国考职位表/中央机关及直属机构口径（第三方镜像）,0.0,0.0,0.0,0.0,0.0,0.0,0.0,0.0,0.0,无直接可报岗位,,0.0,,0.0,0.0,0.0,,0.0,0.0,,0.0,0.0,,0.0,0.0,,0.0,0.0,0.0,0.0,none,暂无明显潜力,2026岗位文本中未形成直接可报匹配。,不建议把考公作为该专业在头部院校的核心卖点。,直接考公适配弱，应更多看行业就业或升学转换。,普通应用/职业院校下直接考公空间很小，优先看事业单位、基层项目或行业就业。,,
440701,房地产经营与管理,专科(高职),,专科,土木建筑大类,房地产类,0.0,很弱/无直接岗位,2026国考职位表/中央机关及直属机构口径（第三方镜像）,0.0,0.0,0.0,0.0,0.0,0.0,0.0,0.0,0.0,无直接可报岗位,,0.0,,0.0,0.0,0.0,,0.0,0.0,,0.0,0.0,,0.0,0.0,,0.0,0.0,0.0,0.0,none,暂无明显潜力,2026岗位文本中未形成直接可报匹配。,不建议把考公作为该专业在头部院校的核心卖点。,直接考公适配弱，应更多看行业就业或升学转换。,普通应用/职业院校下直接考公空间很小，优先看事业单位、基层项目或行业就业。,,
440702,房地产智能检测与估价,专科(高职),,专科,土木建筑大类,房地产类,0.0,很弱/无直接岗位,2026国考职位表/中央机关及直属机构口径（第三方镜像）,0.0,0.0,0.0,0.0,0.0,0.0,0.0,0.0,0.0,无直接可报岗位,,0.0,,0.0,0.0,0.0,,0.0,0.0,,0.0,0.0,,0.0,0.0,,0.0,0.0,0.0,0.0,none,暂无明显潜力,2026岗位文本中未形成直接可报匹配。,不建议把考公作为该专业在头部院校的核心卖点。,直接考公适配弱，应更多看行业就业或升学转换。,普通应用/职业院校下直接考公空间很小，优先看事业单位、基层项目或行业就业。,,
440703,现代物业管理,专科(高职),,专科,土木建筑大类,房地产类,0.0,很弱/无直接岗位,2026国考职位表/中央机关及直属机构口径（第三方镜像）,0.0,0.0,0.0,0.0,0.0,0.0,0.0,0.0,0.0,无直接可报岗位,,0.0,,0.0,0.0,0.0,,0.0,0.0,,0.0,0.0,,0.0,0.0,,0.0,0.0,0.0,0.0,none,暂无明显潜力,2026岗位文本中未形成直接可报匹配。,不建议把考公作为该专业在头部院校的核心卖点。,直接考公适配弱，应更多看行业就业或升学转换。,普通应用/职业院校下直接考公空间很小，优先看事业单位、基层项目或行业就业。,,
450101,水文与水资源技术,专科(高职),,专科,水利大类,水文水资源类,0.0,很弱/无直接岗位,2026国考职位表/中央机关及直属机构口径（第三方镜像）,0.0,0.0,0.0,0.0,0.0,0.0,0.0,0.0,0.0,无直接可报岗位,,0.0,,0.0,0.0,0.0,,0.0,0.0,,0.0,0.0,,0.0,0.0,,0.0,0.0,0.0,0.0,none,暂无明显潜力,2026岗位文本中未形成直接可报匹配。,不建议把考公作为该专业在头部院校的核心卖点。,直接考公适配弱，应更多看行业就业或升学转换。,普通应用/职业院校下直接考公空间很小，优先看事业单位、基层项目或行业就业。,,
450102,水政水资源管理,专科(高职),,专科,水利大类,水文水资源类,0.0,很弱/无直接岗位,2026国考职位表/中央机关及直属机构口径（第三方镜像）,0.0,0.0,0.0,0.0,0.0,0.0,0.0,0.0,0.0,无直接可报岗位,,0.0,,0.0,0.0,0.0,,0.0,0.0,,0.0,0.0,,0.0,0.0,,0.0,0.0,0.0,0.0,none,暂无明显潜力,2026岗位文本中未形成直接可报匹配。,不建议把考公作为该专业在头部院校的核心卖点。,直接考公适配弱，应更多看行业就业或升学转换。,普通应用/职业院校下直接考公空间很小，优先看事业单位、基层项目或行业就业。,,
450201,水利工程,专科(高职),,专科,水利大类,水利工程与管理类,0.0,很弱/无直接岗位,2026国考职位表/中央机关及直属机构口径（第三方镜像）,0.0,0.0,0.0,0.0,0.0,0.0,0.0,0.0,0.0,无直接可报岗位,,0.0,,0.0,0.0,0.0,,0.0,0.0,,0.0,0.0,,0.0,0.0,,72.0,122.0,122.0,0.0,medium,升学后中等潜力,大专学历直接可报岗位不足；专业文本在本科/升本路径中有匹配线索。,头部院校优势主要体现在保研/读研后进入更高层级岗位。,直接考公适配弱，应更多看行业就业或升学转换。,普通应用/职业院校下直接考公空间很小，优先看事业单位、基层项目或行业就业。,国家能源局|水利部|水利部太湖流域管理局|水利部海河水利委员会|水利部淮河水利委员会|水利部珠江水利委员会|水利部长江水利委员会|水利部黄河水利委员会,业务处室一级主任科员及以下|业务管理部门一级主任科员及以下|人事劳动教育科（党群工作科）一级主任科员及以下|人事处一级主任科员及以下|人事局人才与培训处一级主任科员及以下|党群工作科一级主任科员及以下|内设处室一级主任科员及以下|办公室一级主任科员及以下
450202,智慧水利技术,专科(高职),,专科,水利大类,水利工程与管理类,0.0,很弱/无直接岗位,2026国考职位表/中央机关及直属机构口径（第三方镜像）,0.0,0.0,0.0,0.0,0.0,0.0,0.0,0.0,0.0,无直接可报岗位,,0.0,,0.0,0.0,0.0,,0.0,0.0,,0.0,0.0,,0.0,0.0,,0.0,0.0,0.0,0.0,none,暂无明显潜力,2026岗位文本中未形成直接可报匹配。,不建议把考公作为该专业在头部院校的核心卖点。,直接考公适配弱，应更多看行业就业或升学转换。,普通应用/职业院校下直接考公空间很小，优先看事业单位、基层项目或行业就业。,,
450203,水利水电工程技术,专科(高职),,专科,水利大类,水利工程与管理类,0.0,很弱/无直接岗位,2026国考职位表/中央机关及直属机构口径（第三方镜像）,0.0,0.0,0.0,0.0,0.0,0.0,0.0,0.0,0.0,无直接可报岗位,,0.0,,0.0,0.0,0.0,,0.0,0.0,,0.0,0.0,,0.0,0.0,,0.0,0.0,0.0,0.0,none,暂无明显潜力,2026岗位文本中未形成直接可报匹配。,不建议把考公作为该专业在头部院校的核心卖点。,直接考公适配弱，应更多看行业就业或升学转换。,普通应用/职业院校下直接考公空间很小，优先看事业单位、基层项目或行业就业。,,
450204,水利水电工程智能管理,专科(高职),,专科,水利大类,水利工程与管理类,0.0,很弱/无直接岗位,2026国考职位表/中央机关及直属机构口径（第三方镜像）,0.0,0.0,0.0,0.0,0.0,0.0,0.0,0.0,0.0,无直接可报岗位,,0.0,,0.0,0.0,0.0,,0.0,0.0,,0.0,0.0,,0.0,0.0,,0.0,0.0,0.0,0.0,none,暂无明显潜力,2026岗位文本中未形成直接可报匹配。,不建议把考公作为该专业在头部院校的核心卖点。,直接考公适配弱，应更多看行业就业或升学转换。,普通应用/职业院校下直接考公空间很小，优先看事业单位、基层项目或行业就业。,,
450205,水利水电建筑工程,专科(高职),,专科,水利大类,水利工程与管理类,0.0,很弱/无直接岗位,2026国考职位表/中央机关及直属机构口径（第三方镜像）,0.0,0.0,0.0,0.0,0.0,0.0,0.0,0.0,0.0,无直接可报岗位,,0.0,,0.0,0.0,0.0,,0.0,0.0,,0.0,0.0,,0.0,0.0,,0.0,0.0,0.0,0.0,none,暂无明显潜力,2026岗位文本中未形成直接可报匹配。,不建议把考公作为该专业在头部院校的核心卖点。,直接考公适配弱，应更多看行业就业或升学转换。,普通应用/职业院校下直接考公空间很小，优先看事业单位、基层项目或行业就业。,,
450206,机电排灌工程技术,专科(高职),,专科,水利大类,水利工程与管理类,0.0,很弱/无直接岗位,2026国考职位表/中央机关及直属机构口径（第三方镜像）,0.0,0.0,0.0,0.0,0.0,0.0,0.0,0.0,0.0,无直接可报岗位,,0.0,,0.0,0.0,0.0,,0.0,0.0,,0.0,0.0,,0.0,0.0,,0.0,0.0,0.0,0.0,none,暂无明显潜力,2026岗位文本中未形成直接可报匹配。,不建议把考公作为该专业在头部院校的核心卖点。,直接考公适配弱，应更多看行业就业或升学转换。,普通应用/职业院校下直接考公空间很小，优先看事业单位、基层项目或行业就业。,,
450207,治河与航道工程技术,专科(高职),,专科,水利大类,水利工程与管理类,0.0,很弱/无直接岗位,2026国考职位表/中央机关及直属机构口径（第三方镜像）,0.0,0.0,0.0,0.0,0.0,0.0,0.0,0.0,0.0,无直接可报岗位,,0.0,,0.0,0.0,0.0,,0.0,0.0,,0.0,0.0,,0.0,0.0,,0.0,0.0,0.0,0.0,none,暂无明显潜力,2026岗位文本中未形成直接可报匹配。,不建议把考公作为该专业在头部院校的核心卖点。,直接考公适配弱，应更多看行业就业或升学转换。,普通应用/职业院校下直接考公空间很小，优先看事业单位、基层项目或行业就业。,,
450208,智能水务管理,专科(高职),,专科,水利大类,水利工程与管理类,0.0,很弱/无直接岗位,2026国考职位表/中央机关及直属机构口径（第三方镜像）,0.0,0.0,0.0,0.0,0.0,0.0,0.0,0.0,0.0,无直接可报岗位,,0.0,,0.0,0.0,0.0,,0.0,0.0,,0.0,0.0,,0.0,0.0,,0.0,0.0,0.0,0.0,none,暂无明显潜力,2026岗位文本中未形成直接可报匹配。,不建议把考公作为该专业在头部院校的核心卖点。,直接考公适配弱，应更多看行业就业或升学转换。,普通应用/职业院校下直接考公空间很小，优先看事业单位、基层项目或行业就业。,,
450301,水电站设备安装与管理,专科(高职),,专科,水利大类,水利水电设备类,0.0,很弱/无直接岗位,2026国考职位表/中央机关及直属机构口径（第三方镜像）,0.0,0.0,0.0,0.0,0.0,0.0,0.0,0.0,0.0,无直接可报岗位,,0.0,,0.0,0.0,0.0,,0.0,0.0,,0.0,0.0,,0.0,0.0,,0.0,0.0,0.0,0.0,none,暂无明显潜力,2026岗位文本中未形成直接可报匹配。,不建议把考公作为该专业在头部院校的核心卖点。,直接考公适配弱，应更多看行业就业或升学转换。,普通应用/职业院校下直接考公空间很小，优先看事业单位、基层项目或行业就业。,,
450302,水电站运行与智能管理,专科(高职),,专科,水利大类,水利水电设备类,0.0,很弱/无直接岗位,2026国考职位表/中央机关及直属机构口径（第三方镜像）,0.0,0.0,0.0,0.0,0.0,0.0,0.0,0.0,0.0,无直接可报岗位,,0.0,,0.0,0.0,0.0,,0.0,0.0,,0.0,0.0,,0.0,0.0,,0.0,0.0,0.0,0.0,none,暂无明显潜力,2026岗位文本中未形成直接可报匹配。,不建议把考公作为该专业在头部院校的核心卖点。,直接考公适配弱，应更多看行业就业或升学转换。,普通应用/职业院校下直接考公空间很小，优先看事业单位、基层项目或行业就业。,,
450303,水利机电设备智能管理,专科(高职),,专科,水利大类,水利水电设备类,0.0,很弱/无直接岗位,2026国考职位表/中央机关及直属机构口径（第三方镜像）,0.0,0.0,0.0,0.0,0.0,0.0,0.0,0.0,0.0,无直接可报岗位,,0.0,,0.0,0.0,0.0,,0.0,0.0,,0.0,0.0,,0.0,0.0,,0.0,0.0,0.0,0.0,none,暂无明显潜力,2026岗位文本中未形成直接可报匹配。,不建议把考公作为该专业在头部院校的核心卖点。,直接考公适配弱，应更多看行业就业或升学转换。,普通应用/职业院校下直接考公空间很小，优先看事业单位、基层项目或行业就业。,,
450401,水土保持技术,专科(高职),,专科,水利大类,水土保持与水环境类,0.0,很弱/无直接岗位,2026国考职位表/中央机关及直属机构口径（第三方镜像）,0.0,0.0,0.0,0.0,0.0,0.0,0.0,0.0,0.0,无直接可报岗位,,0.0,,0.0,0.0,0.0,,0.0,0.0,,0.0,0.0,,0.0,0.0,,0.0,0.0,0.0,0.0,none,暂无明显潜力,2026岗位文本中未形成直接可报匹配。,不建议把考公作为该专业在头部院校的核心卖点。,直接考公适配弱，应更多看行业就业或升学转换。,普通应用/职业院校下直接考公空间很小，优先看事业单位、基层项目或行业就业。,,
450402,水环境智能监测与治理,专科(高职),,专科,水利大类,水土保持与水环境类,0.0,很弱/无直接岗位,2026国考职位表/中央机关及直属机构口径（第三方镜像）,0.0,0.0,0.0,0.0,0.0,0.0,0.0,0.0,0.0,无直接可报岗位,,0.0,,0.0,0.0,0.0,,0.0,0.0,,0.0,0.0,,0.0,0.0,,0.0,0.0,0.0,0.0,none,暂无明显潜力,2026岗位文本中未形成直接可报匹配。,不建议把考公作为该专业在头部院校的核心卖点。,直接考公适配弱，应更多看行业就业或升学转换。,普通应用/职业院校下直接考公空间很小，优先看事业单位、基层项目或行业就业。,,
450403,水生态修复技术,专科(高职),,专科,水利大类,水土保持与水环境类,0.0,很弱/无直接岗位,2026国考职位表/中央机关及直属机构口径（第三方镜像）,0.0,0.0,0.0,0.0,0.0,0.0,0.0,0.0,0.0,无直接可报岗位,,0.0,,0.0,0.0,0.0,,0.0,0.0,,0.0,0.0,,0.0,0.0,,0.0,0.0,0.0,0.0,none,暂无明显潜力,2026岗位文本中未形成直接可报匹配。,不建议把考公作为该专业在头部院校的核心卖点。,直接考公适配弱，应更多看行业就业或升学转换。,普通应用/职业院校下直接考公空间很小，优先看事业单位、基层项目或行业就业。,,
460101,机械设计与制造,专科(高职),,专科,装备制造大类,机械设计制造类,0.0,很弱/无直接岗位,2026国考职位表/中央机关及直属机构口径（第三方镜像）,0.0,0.0,0.0,0.0,0.0,0.0,0.0,0.0,0.0,无直接可报岗位,,0.0,,0.0,0.0,0.0,,0.0,0.0,,0.0,0.0,,0.0,0.0,,0.0,0.0,0.0,0.0,none,暂无明显潜力,2026岗位文本中未形成直接可报匹配。,不建议把考公作为该专业在头部院校的核心卖点。,直接考公适配弱，应更多看行业就业或升学转换。,普通应用/职业院校下直接考公空间很小，优先看事业单位、基层项目或行业就业。,,
460102,数字化设计与制造技术,专科(高职),,专科,装备制造大类,机械设计制造类,0.0,很弱/无直接岗位,2026国考职位表/中央机关及直属机构口径（第三方镜像）,0.0,0.0,0.0,0.0,0.0,0.0,0.0,0.0,0.0,无直接可报岗位,,0.0,,0.0,0.0,0.0,,0.0,0.0,,0.0,0.0,,0.0,0.0,,0.0,0.0,0.0,0.0,none,暂无明显潜力,2026岗位文本中未形成直接可报匹配。,不建议把考公作为该专业在头部院校的核心卖点。,直接考公适配弱，应更多看行业就业或升学转换。,普通应用/职业院校下直接考公空间很小，优先看事业单位、基层项目或行业就业。,,
460103,数控技术,专科(高职),,专科,装备制造大类,机械设计制造类,0.0,很弱/无直接岗位,2026国考职位表/中央机关及直属机构口径（第三方镜像）,0.0,0.0,0.0,0.0,0.0,0.0,0.0,0.0,0.0,无直接可报岗位,,0.0,,0.0,0.0,0.0,,0.0,0.0,,0.0,0.0,,0.0,0.0,,0.0,0.0,0.0,0.0,none,暂无明显潜力,2026岗位文本中未形成直接可报匹配。,不建议把考公作为该专业在头部院校的核心卖点。,直接考公适配弱，应更多看行业就业或升学转换。,普通应用/职业院校下直接考公空间很小，优先看事业单位、基层项目或行业就业。,,
460104,机械制造及自动化,专科(高职),,专科,装备制造大类,机械设计制造类,0.0,很弱/无直接岗位,2026国考职位表/中央机关及直属机构口径（第三方镜像）,0.0,0.0,0.0,0.0,0.0,0.0,0.0,0.0,0.0,无直接可报岗位,,0.0,,0.0,0.0,0.0,,0.0,0.0,,0.0,0.0,,0.0,0.0,,0.0,0.0,0.0,0.0,none,暂无明显潜力,2026岗位文本中未形成直接可报匹配。,不建议把考公作为该专业在头部院校的核心卖点。,直接考公适配弱，应更多看行业就业或升学转换。,普通应用/职业院校下直接考公空间很小，优先看事业单位、基层项目或行业就业。,,
460105,工业设计,专科(高职),,专科,装备制造大类,机械设计制造类,0.0,很弱/无直接岗位,2026国考职位表/中央机关及直属机构口径（第三方镜像）,0.0,0.0,0.0,0.0,0.0,0.0,0.0,0.0,0.0,无直接可报岗位,,0.0,,0.0,0.0,0.0,,0.0,0.0,,0.0,0.0,,0.0,0.0,,0.0,5.0,5.0,0.0,limited,升学后弱潜力,大专学历直接可报岗位不足；专业文本在本科/升本路径中有匹配线索。,不建议把考公作为该专业在头部院校的核心卖点。,直接考公适配弱，应更多看行业就业或升学转换。,普通应用/职业院校下直接考公空间很小，优先看事业单位、基层项目或行业就业。,大连海关|湛江海关|满洲里海关,科技管理（机械自动化类）二级主办及以下|货物查验四级主办及以下|进出口商品检验监管（机械自动化类）一级行政执法员
460106,工业工程技术,专科(高职),,专科,装备制造大类,机械设计制造类,0.0,很弱/无直接岗位,2026国考职位表/中央机关及直属机构口径（第三方镜像）,0.0,0.0,0.0,0.0,0.0,0.0,0.0,0.0,0.0,无直接可报岗位,,0.0,,0.0,0.0,0.0,,0.0,0.0,,0.0,0.0,,0.0,0.0,,0.0,0.0,0.0,0.0,none,暂无明显潜力,2026岗位文本中未形成直接可报匹配。,不建议把考公作为该专业在头部院校的核心卖点。,直接考公适配弱，应更多看行业就业或升学转换。,普通应用/职业院校下直接考公空间很小，优先看事业单位、基层项目或行业就业。,,
460107,材料成型及控制技术,专科(高职),,专科,装备制造大类,机械设计制造类,0.0,很弱/无直接岗位,2026国考职位表/中央机关及直属机构口径（第三方镜像）,0.0,0.0,0.0,0.0,0.0,0.0,0.0,0.0,0.0,无直接可报岗位,,0.0,,0.0,0.0,0.0,,0.0,0.0,,0.0,0.0,,0.0,0.0,,0.0,0.0,0.0,0.0,none,暂无明显潜力,2026岗位文本中未形成直接可报匹配。,不建议把考公作为该专业在头部院校的核心卖点。,直接考公适配弱，应更多看行业就业或升学转换。,普通应用/职业院校下直接考公空间很小，优先看事业单位、基层项目或行业就业。,,
460108,现代铸造技术,专科(高职),,专科,装备制造大类,机械设计制造类,0.0,很弱/无直接岗位,2026国考职位表/中央机关及直属机构口径（第三方镜像）,0.0,0.0,0.0,0.0,0.0,0.0,0.0,0.0,0.0,无直接可报岗位,,0.0,,0.0,0.0,0.0,,0.0,0.0,,0.0,0.0,,0.0,0.0,,0.0,0.0,0.0,0.0,none,暂无明显潜力,2026岗位文本中未形成直接可报匹配。,不建议把考公作为该专业在头部院校的核心卖点。,直接考公适配弱，应更多看行业就业或升学转换。,普通应用/职业院校下直接考公空间很小，优先看事业单位、基层项目或行业就业。,,
460109,现代锻压技术,专科(高职),,专科,装备制造大类,机械设计制造类,0.0,很弱/无直接岗位,2026国考职位表/中央机关及直属机构口径（第三方镜像）,0.0,0.0,0.0,0.0,0.0,0.0,0.0,0.0,0.0,无直接可报岗位,,0.0,,0.0,0.0,0.0,,0.0,0.0,,0.0,0.0,,0.0,0.0,,0.0,0.0,0.0,0.0,none,暂无明显潜力,2026岗位文本中未形成直接可报匹配。,不建议把考公作为该专业在头部院校的核心卖点。,直接考公适配弱，应更多看行业就业或升学转换。,普通应用/职业院校下直接考公空间很小，优先看事业单位、基层项目或行业就业。,,
460110,智能焊接技术,专科(高职),,专科,装备制造大类,机械设计制造类,0.0,很弱/无直接岗位,2026国考职位表/中央机关及直属机构口径（第三方镜像）,0.0,0.0,0.0,0.0,0.0,0.0,0.0,0.0,0.0,无直接可报岗位,,0.0,,0.0,0.0,0.0,,0.0,0.0,,0.0,0.0,,0.0,0.0,,0.0,0.0,0.0,0.0,none,暂无明显潜力,2026岗位文本中未形成直接可报匹配。,不建议把考公作为该专业在头部院校的核心卖点。,直接考公适配弱，应更多看行业就业或升学转换。,普通应用/职业院校下直接考公空间很小，优先看事业单位、基层项目或行业就业。,,
460111,工业材料表面处理技术,专科(高职),,专科,装备制造大类,机械设计制造类,0.0,很弱/无直接岗位,2026国考职位表/中央机关及直属机构口径（第三方镜像）,0.0,0.0,0.0,0.0,0.0,0.0,0.0,0.0,0.0,无直接可报岗位,,0.0,,0.0,0.0,0.0,,0.0,0.0,,0.0,0.0,,0.0,0.0,,0.0,0.0,0.0,0.0,none,暂无明显潜力,2026岗位文本中未形成直接可报匹配。,不建议把考公作为该专业在头部院校的核心卖点。,直接考公适配弱，应更多看行业就业或升学转换。,普通应用/职业院校下直接考公空间很小，优先看事业单位、基层项目或行业就业。,,
460112,增材制造技术,专科(高职),,专科,装备制造大类,机械设计制造类,0.0,很弱/无直接岗位,2026国考职位表/中央机关及直属机构口径（第三方镜像）,0.0,0.0,0.0,0.0,0.0,0.0,0.0,0.0,0.0,无直接可报岗位,,0.0,,0.0,0.0,0.0,,0.0,0.0,,0.0,0.0,,0.0,0.0,,0.0,0.0,0.0,0.0,none,暂无明显潜力,2026岗位文本中未形成直接可报匹配。,不建议把考公作为该专业在头部院校的核心卖点。,直接考公适配弱，应更多看行业就业或升学转换。,普通应用/职业院校下直接考公空间很小，优先看事业单位、基层项目或行业就业。,,
460113,模具设计与制造,专科(高职),,专科,装备制造大类,机械设计制造类,0.0,很弱/无直接岗位,2026国考职位表/中央机关及直属机构口径（第三方镜像）,0.0,0.0,0.0,0.0,0.0,0.0,0.0,0.0,0.0,无直接可报岗位,,0.0,,0.0,0.0,0.0,,0.0,0.0,,0.0,0.0,,0.0,0.0,,0.0,0.0,0.0,0.0,none,暂无明显潜力,2026岗位文本中未形成直接可报匹配。,不建议把考公作为该专业在头部院校的核心卖点。,直接考公适配弱，应更多看行业就业或升学转换。,普通应用/职业院校下直接考公空间很小，优先看事业单位、基层项目或行业就业。,,
460114,特种加工技术,专科(高职),,专科,装备制造大类,机械设计制造类,0.0,很弱/无直接岗位,2026国考职位表/中央机关及直属机构口径（第三方镜像）,0.0,0.0,0.0,0.0,0.0,0.0,0.0,0.0,0.0,无直接可报岗位,,0.0,,0.0,0.0,0.0,,0.0,0.0,,0.0,0.0,,0.0,0.0,,0.0,0.0,0.0,0.0,none,暂无明显潜力,2026岗位文本中未形成直接可报匹配。,不建议把考公作为该专业在头部院校的核心卖点。,直接考公适配弱，应更多看行业就业或升学转换。,普通应用/职业院校下直接考公空间很小，优先看事业单位、基层项目或行业就业。,,
460115,智能光电制造技术,专科(高职),,专科,装备制造大类,机械设计制造类,0.0,很弱/无直接岗位,2026国考职位表/中央机关及直属机构口径（第三方镜像）,0.0,0.0,0.0,0.0,0.0,0.0,0.0,0.0,0.0,无直接可报岗位,,0.0,,0.0,0.0,0.0,,0.0,0.0,,0.0,0.0,,0.0,0.0,,0.0,0.0,0.0,0.0,none,暂无明显潜力,2026岗位文本中未形成直接可报匹配。,不建议把考公作为该专业在头部院校的核心卖点。,直接考公适配弱，应更多看行业就业或升学转换。,普通应用/职业院校下直接考公空间很小，优先看事业单位、基层项目或行业就业。,,
460116,电线电缆制造技术,专科(高职),,专科,装备制造大类,机械设计制造类,0.0,很弱/无直接岗位,2026国考职位表/中央机关及直属机构口径（第三方镜像）,0.0,0.0,0.0,0.0,0.0,0.0,0.0,0.0,0.0,无直接可报岗位,,0.0,,0.0,0.0,0.0,,0.0,0.0,,0.0,0.0,,0.0,0.0,,0.0,0.0,0.0,0.0,none,暂无明显潜力,2026岗位文本中未形成直接可报匹配。,不建议把考公作为该专业在头部院校的核心卖点。,直接考公适配弱，应更多看行业就业或升学转换。,普通应用/职业院校下直接考公空间很小，优先看事业单位、基层项目或行业就业。,,
460117,内燃机制造与应用技术,专科(高职),,专科,装备制造大类,机械设计制造类,0.0,很弱/无直接岗位,2026国考职位表/中央机关及直属机构口径（第三方镜像）,0.0,0.0,0.0,0.0,0.0,0.0,0.0,0.0,0.0,无直接可报岗位,,0.0,,0.0,0.0,0.0,,0.0,0.0,,0.0,0.0,,0.0,0.0,,0.0,0.0,0.0,0.0,none,暂无明显潜力,2026岗位文本中未形成直接可报匹配。,不建议把考公作为该专业在头部院校的核心卖点。,直接考公适配弱，应更多看行业就业或升学转换。,普通应用/职业院校下直接考公空间很小，优先看事业单位、基层项目或行业就业。,,
460118,机械装备制造技术,专科(高职),,专科,装备制造大类,机械设计制造类,0.0,很弱/无直接岗位,2026国考职位表/中央机关及直属机构口径（第三方镜像）,0.0,0.0,0.0,0.0,0.0,0.0,0.0,0.0,0.0,无直接可报岗位,,0.0,,0.0,0.0,0.0,,0.0,0.0,,0.0,0.0,,0.0,0.0,,0.0,0.0,0.0,0.0,none,暂无明显潜力,2026岗位文本中未形成直接可报匹配。,不建议把考公作为该专业在头部院校的核心卖点。,直接考公适配弱，应更多看行业就业或升学转换。,普通应用/职业院校下直接考公空间很小，优先看事业单位、基层项目或行业就业。,,
460119,工业产品质量检测技术,专科(高职),,专科,装备制造大类,机械设计制造类,0.0,很弱/无直接岗位,2026国考职位表/中央机关及直属机构口径（第三方镜像）,0.0,0.0,0.0,0.0,0.0,0.0,0.0,0.0,0.0,无直接可报岗位,,0.0,,0.0,0.0,0.0,,0.0,0.0,,0.0,0.0,,0.0,0.0,,0.0,0.0,0.0,0.0,none,暂无明显潜力,2026岗位文本中未形成直接可报匹配。,不建议把考公作为该专业在头部院校的核心卖点。,直接考公适配弱，应更多看行业就业或升学转换。,普通应用/职业院校下直接考公空间很小，优先看事业单位、基层项目或行业就业。,,
460120,理化测试与质检技术,专科(高职),,专科,装备制造大类,机械设计制造类,0.0,很弱/无直接岗位,2026国考职位表/中央机关及直属机构口径（第三方镜像）,0.0,0.0,0.0,0.0,0.0,0.0,0.0,0.0,0.0,无直接可报岗位,,0.0,,0.0,0.0,0.0,,0.0,0.0,,0.0,0.0,,0.0,0.0,,0.0,0.0,0.0,0.0,none,暂无明显潜力,2026岗位文本中未形成直接可报匹配。,不建议把考公作为该专业在头部院校的核心卖点。,直接考公适配弱，应更多看行业就业或升学转换。,普通应用/职业院校下直接考公空间很小，优先看事业单位、基层项目或行业就业。,,
460121,电力装备智造与维护技术,专科(高职),,专科,装备制造大类,机械设计制造类,0.0,很弱/无直接岗位,2026国考职位表/中央机关及直属机构口径（第三方镜像）,0.0,0.0,0.0,0.0,0.0,0.0,0.0,0.0,0.0,无直接可报岗位,,0.0,,0.0,0.0,0.0,,0.0,0.0,,0.0,0.0,,0.0,0.0,,0.0,0.0,0.0,0.0,,暂无明显潜力,2026岗位文本中未形成直接可报匹配。,不建议把考公作为该专业在头部院校的核心卖点。,直接考公适配弱，应更多看行业就业或升学转换。,普通应用/职业院校下直接考公空间很小，优先看事业单位、基层项目或行业就业。,,
460122,轴承设计与制造技术,专科(高职),,专科,装备制造大类,机械设计制造类,0.0,很弱/无直接岗位,2026国考职位表/中央机关及直属机构口径（第三方镜像）,0.0,0.0,0.0,0.0,0.0,0.0,0.0,0.0,0.0,无直接可报岗位,,0.0,,0.0,0.0,0.0,,0.0,0.0,,0.0,0.0,,0.0,0.0,,0.0,0.0,0.0,0.0,,暂无明显潜力,2026岗位文本中未形成直接可报匹配。,不建议把考公作为该专业在头部院校的核心卖点。,直接考公适配弱，应更多看行业就业或升学转换。,普通应用/职业院校下直接考公空间很小，优先看事业单位、基层项目或行业就业。,,
460201,智能制造装备技术,专科(高职),,专科,装备制造大类,机电设备类,0.0,很弱/无直接岗位,2026国考职位表/中央机关及直属机构口径（第三方镜像）,0.0,0.0,0.0,0.0,0.0,0.0,0.0,0.0,0.0,无直接可报岗位,,0.0,,0.0,0.0,0.0,,0.0,0.0,,0.0,0.0,,0.0,0.0,,0.0,0.0,0.0,0.0,none,暂无明显潜力,2026岗位文本中未形成直接可报匹配。,不建议把考公作为该专业在头部院校的核心卖点。,直接考公适配弱，应更多看行业就业或升学转换。,普通应用/职业院校下直接考公空间很小，优先看事业单位、基层项目或行业就业。,,
460202,机电设备技术,专科(高职),,专科,装备制造大类,机电设备类,0.0,很弱/无直接岗位,2026国考职位表/中央机关及直属机构口径（第三方镜像）,0.0,0.0,0.0,0.0,0.0,0.0,0.0,0.0,0.0,无直接可报岗位,,0.0,,0.0,0.0,0.0,,0.0,0.0,,0.0,0.0,,0.0,0.0,,0.0,0.0,0.0,0.0,none,暂无明显潜力,2026岗位文本中未形成直接可报匹配。,不建议把考公作为该专业在头部院校的核心卖点。,直接考公适配弱，应更多看行业就业或升学转换。,普通应用/职业院校下直接考公空间很小，优先看事业单位、基层项目或行业就业。,,
460203,电机与电器技术,专科(高职),,专科,装备制造大类,机电设备类,0.0,很弱/无直接岗位,2026国考职位表/中央机关及直属机构口径（第三方镜像）,0.0,0.0,0.0,0.0,0.0,0.0,0.0,0.0,0.0,无直接可报岗位,,0.0,,0.0,0.0,0.0,,0.0,0.0,,0.0,0.0,,0.0,0.0,,0.0,0.0,0.0,0.0,none,暂无明显潜力,2026岗位文本中未形成直接可报匹配。,不建议把考公作为该专业在头部院校的核心卖点。,直接考公适配弱，应更多看行业就业或升学转换。,普通应用/职业院校下直接考公空间很小，优先看事业单位、基层项目或行业就业。,,
460204,新能源装备技术,专科(高职),,专科,装备制造大类,机电设备类,0.0,很弱/无直接岗位,2026国考职位表/中央机关及直属机构口径（第三方镜像）,0.0,0.0,0.0,0.0,0.0,0.0,0.0,0.0,0.0,无直接可报岗位,,0.0,,0.0,0.0,0.0,,0.0,0.0,,0.0,0.0,,0.0,0.0,,0.0,0.0,0.0,0.0,none,暂无明显潜力,2026岗位文本中未形成直接可报匹配。,不建议把考公作为该专业在头部院校的核心卖点。,直接考公适配弱，应更多看行业就业或升学转换。,普通应用/职业院校下直接考公空间很小，优先看事业单位、基层项目或行业就业。,,
460205,制冷与空调技术,专科(高职),,专科,装备制造大类,机电设备类,0.0,很弱/无直接岗位,2026国考职位表/中央机关及直属机构口径（第三方镜像）,0.0,0.0,0.0,0.0,0.0,0.0,0.0,0.0,0.0,无直接可报岗位,,0.0,,0.0,0.0,0.0,,0.0,0.0,,0.0,0.0,,0.0,0.0,,0.0,0.0,0.0,0.0,none,暂无明显潜力,2026岗位文本中未形成直接可报匹配。,不建议把考公作为该专业在头部院校的核心卖点。,直接考公适配弱，应更多看行业就业或升学转换。,普通应用/职业院校下直接考公空间很小，优先看事业单位、基层项目或行业就业。,,
460206,电梯工程技术,专科(高职),,专科,装备制造大类,机电设备类,0.0,很弱/无直接岗位,2026国考职位表/中央机关及直属机构口径（第三方镜像）,0.0,0.0,0.0,0.0,0.0,0.0,0.0,0.0,0.0,无直接可报岗位,,0.0,,0.0,0.0,0.0,,0.0,0.0,,0.0,0.0,,0.0,0.0,,0.0,0.0,0.0,0.0,none,暂无明显潜力,2026岗位文本中未形成直接可报匹配。,不建议把考公作为该专业在头部院校的核心卖点。,直接考公适配弱，应更多看行业就业或升学转换。,普通应用/职业院校下直接考公空间很小，优先看事业单位、基层项目或行业就业。,,
460207,低空飞行器装备技术,专科(高职),,专科,装备制造大类,机电设备类,0.0,很弱/无直接岗位,2026国考职位表/中央机关及直属机构口径（第三方镜像）,0.0,0.0,0.0,0.0,0.0,0.0,0.0,0.0,0.0,无直接可报岗位,,0.0,,0.0,0.0,0.0,,0.0,0.0,,0.0,0.0,,0.0,0.0,,0.0,0.0,0.0,0.0,,暂无明显潜力,2026岗位文本中未形成直接可报匹配。,不建议把考公作为该专业在头部院校的核心卖点。,直接考公适配弱，应更多看行业就业或升学转换。,普通应用/职业院校下直接考公空间很小，优先看事业单位、基层项目或行业就业。,,
460208,机床智能化应用技术,专科(高职),,专科,装备制造大类,机电设备类,0.0,很弱/无直接岗位,2026国考职位表/中央机关及直属机构口径（第三方镜像）,0.0,0.0,0.0,0.0,0.0,0.0,0.0,0.0,0.0,无直接可报岗位,,0.0,,0.0,0.0,0.0,,0.0,0.0,,0.0,0.0,,0.0,0.0,,0.0,0.0,0.0,0.0,,暂无明显潜力,2026岗位文本中未形成直接可报匹配。,不建议把考公作为该专业在头部院校的核心卖点。,直接考公适配弱，应更多看行业就业或升学转换。,普通应用/职业院校下直接考公空间很小，优先看事业单位、基层项目或行业就业。,,
460301,机电一体化技术,专科(高职),,专科,装备制造大类,自动化类,10.4,很弱/无直接岗位,2026国考职位表/中央机关及直属机构口径（第三方镜像）,2.0,0.0,2.0,0.0,0.0,0.0,100.0,0.0,0.0,主要靠专业大类/门类岗位,海关/边检(2)；公安/移民/基层执法(2),4.0,6.5,0.0,0.0,0.0,,0.0,0.0,,2.0,100.0,6.5,0.0,0.0,,5.0,821.0,0.0,821.0,high,升学后强潜力,主要来自专业类/学科门类宽口径匹配，报考前必须核官方专业目录。,可以考，但院校层级优势有限，更依赖岗位地区和限制条件。,岗位窗口较窄，建议只作为就业备选项。,少量大专可报基层岗位存在，但数量很少，需逐岗位核验。,中国藏学研究中心|中央办公厅|内蒙古出入境边防检查总站|国家发展和改革委员会|国家民族事务委员会|国家税务总局上海市税务局|国家税务总局云南省税务局|国家税务总局北京市税务局,一级主办及以下（七）|一级主办及以下（三）|一级主办及以下（九）|一级主办及以下（二十三）|一级主办及以下（二十六）|一级主办及以下（二十）|一级主办及以下（五）|一级主办及以下（八）
460302,智能机电技术,专科(高职),,专科,装备制造大类,自动化类,10.4,很弱/无直接岗位,2026国考职位表/中央机关及直属机构口径（第三方镜像）,2.0,0.0,2.0,0.0,0.0,0.0,100.0,0.0,0.0,主要靠专业大类/门类岗位,海关/边检(2)；公安/移民/基层执法(2),4.0,6.5,0.0,0.0,0.0,,0.0,0.0,,2.0,100.0,6.5,0.0,0.0,,5.0,821.0,0.0,821.0,high,升学后强潜力,主要来自专业类/学科门类宽口径匹配，报考前必须核官方专业目录。,可以考，但院校层级优势有限，更依赖岗位地区和限制条件。,岗位窗口较窄，建议只作为就业备选项。,少量大专可报基层岗位存在，但数量很少，需逐岗位核验。,中国藏学研究中心|中央办公厅|内蒙古出入境边防检查总站|国家发展和改革委员会|国家民族事务委员会|国家税务总局上海市税务局|国家税务总局云南省税务局|国家税务总局北京市税务局,一级主办及以下（七）|一级主办及以下（三）|一级主办及以下（九）|一级主办及以下（二十三）|一级主办及以下（二十六）|一级主办及以下（二十）|一级主办及以下（五）|一级主办及以下（八）
460303,智能控制技术,专科(高职),,专科,装备制造大类,自动化类,10.4,很弱/无直接岗位,2026国考职位表/中央机关及直属机构口径（第三方镜像）,2.0,0.0,2.0,0.0,0.0,0.0,100.0,0.0,0.0,主要靠专业大类/门类岗位,海关/边检(2)；公安/移民/基层执法(2),4.0,6.5,0.0,0.0,0.0,,0.0,0.0,,2.0,100.0,6.5,0.0,0.0,,5.0,821.0,0.0,821.0,high,升学后强潜力,主要来自专业类/学科门类宽口径匹配，报考前必须核官方专业目录。,可以考，但院校层级优势有限，更依赖岗位地区和限制条件。,岗位窗口较窄，建议只作为就业备选项。,少量大专可报基层岗位存在，但数量很少，需逐岗位核验。,中国藏学研究中心|中央办公厅|内蒙古出入境边防检查总站|国家发展和改革委员会|国家民族事务委员会|国家税务总局上海市税务局|国家税务总局云南省税务局|国家税务总局北京市税务局,一级主办及以下（七）|一级主办及以下（三）|一级主办及以下（九）|一级主办及以下（二十三）|一级主办及以下（二十六）|一级主办及以下（二十）|一级主办及以下（五）|一级主办及以下（八）
460304,智能机器人技术,专科(高职),,专科,装备制造大类,自动化类,10.4,很弱/无直接岗位,2026国考职位表/中央机关及直属机构口径（第三方镜像）,2.0,0.0,2.0,0.0,0.0,0.0,100.0,0.0,0.0,主要靠专业大类/门类岗位,海关/边检(2)；公安/移民/基层执法(2),4.0,6.5,0.0,0.0,0.0,,0.0,0.0,,2.0,100.0,6.5,0.0,0.0,,5.0,821.0,0.0,821.0,high,升学后强潜力,主要来自专业类/学科门类宽口径匹配，报考前必须核官方专业目录。,可以考，但院校层级优势有限，更依赖岗位地区和限制条件。,岗位窗口较窄，建议只作为就业备选项。,少量大专可报基层岗位存在，但数量很少，需逐岗位核验。,中国藏学研究中心|中央办公厅|内蒙古出入境边防检查总站|国家发展和改革委员会|国家民族事务委员会|国家税务总局上海市税务局|国家税务总局云南省税务局|国家税务总局北京市税务局,一级主办及以下（七）|一级主办及以下（三）|一级主办及以下（九）|一级主办及以下（二十三）|一级主办及以下（二十六）|一级主办及以下（二十）|一级主办及以下（五）|一级主办及以下（八）
460305,工业机器人技术,专科(高职),,专科,装备制造大类,自动化类,10.4,很弱/无直接岗位,2026国考职位表/中央机关及直属机构口径（第三方镜像）,2.0,0.0,2.0,0.0,0.0,0.0,100.0,0.0,0.0,主要靠专业大类/门类岗位,海关/边检(2)；公安/移民/基层执法(2),4.0,6.5,0.0,0.0,0.0,,0.0,0.0,,2.0,100.0,6.5,0.0,0.0,,5.0,821.0,0.0,821.0,high,升学后强潜力,主要来自专业类/学科门类宽口径匹配，报考前必须核官方专业目录。,可以考，但院校层级优势有限，更依赖岗位地区和限制条件。,岗位窗口较窄，建议只作为就业备选项。,少量大专可报基层岗位存在，但数量很少，需逐岗位核验。,中国藏学研究中心|中央办公厅|内蒙古出入境边防检查总站|国家发展和改革委员会|国家民族事务委员会|国家税务总局上海市税务局|国家税务总局云南省税务局|国家税务总局北京市税务局,一级主办及以下（七）|一级主办及以下（三）|一级主办及以下（九）|一级主办及以下（二十三）|一级主办及以下（二十六）|一级主办及以下（二十）|一级主办及以下（五）|一级主办及以下（八）
460306,电气自动化技术,专科(高职),,专科,装备制造大类,自动化类,10.4,很弱/无直接岗位,2026国考职位表/中央机关及直属机构口径（第三方镜像）,2.0,0.0,2.0,0.0,0.0,0.0,100.0,0.0,0.0,主要靠专业大类/门类岗位,海关/边检(2)；公安/移民/基层执法(2),4.0,6.5,0.0,0.0,0.0,,0.0,0.0,,2.0,100.0,6.5,0.0,0.0,,5.0,821.0,0.0,821.0,high,升学后强潜力,主要来自专业类/学科门类宽口径匹配，报考前必须核官方专业目录。,可以考，但院校层级优势有限，更依赖岗位地区和限制条件。,岗位窗口较窄，建议只作为就业备选项。,少量大专可报基层岗位存在，但数量很少，需逐岗位核验。,中国藏学研究中心|中央办公厅|内蒙古出入境边防检查总站|国家发展和改革委员会|国家民族事务委员会|国家税务总局上海市税务局|国家税务总局云南省税务局|国家税务总局北京市税务局,一级主办及以下（七）|一级主办及以下（三）|一级主办及以下（九）|一级主办及以下（二十三）|一级主办及以下（二十六）|一级主办及以下（二十）|一级主办及以下（五）|一级主办及以下（八）
460307,工业过程自动化技术,专科(高职),,专科,装备制造大类,自动化类,10.4,很弱/无直接岗位,2026国考职位表/中央机关及直属机构口径（第三方镜像）,2.0,0.0,2.0,0.0,0.0,0.0,100.0,0.0,0.0,主要靠专业大类/门类岗位,海关/边检(2)；公安/移民/基层执法(2),4.0,6.5,0.0,0.0,0.0,,0.0,0.0,,2.0,100.0,6.5,0.0,0.0,,5.0,821.0,0.0,821.0,high,升学后强潜力,主要来自专业类/学科门类宽口径匹配，报考前必须核官方专业目录。,可以考，但院校层级优势有限，更依赖岗位地区和限制条件。,岗位窗口较窄，建议只作为就业备选项。,少量大专可报基层岗位存在，但数量很少，需逐岗位核验。,中国藏学研究中心|中央办公厅|内蒙古出入境边防检查总站|国家发展和改革委员会|国家民族事务委员会|国家税务总局上海市税务局|国家税务总局云南省税务局|国家税务总局北京市税务局,一级主办及以下（七）|一级主办及以下（三）|一级主办及以下（九）|一级主办及以下（二十三）|一级主办及以下（二十六）|一级主办及以下（二十）|一级主办及以下（五）|一级主办及以下（八）
460308,工业自动化仪表技术,专科(高职),,专科,装备制造大类,自动化类,10.4,很弱/无直接岗位,2026国考职位表/中央机关及直属机构口径（第三方镜像）,2.0,0.0,2.0,0.0,0.0,0.0,100.0,0.0,0.0,主要靠专业大类/门类岗位,海关/边检(2)；公安/移民/基层执法(2),4.0,6.5,0.0,0.0,0.0,,0.0,0.0,,2.0,100.0,6.5,0.0,0.0,,5.0,821.0,0.0,821.0,high,升学后强潜力,主要来自专业类/学科门类宽口径匹配，报考前必须核官方专业目录。,可以考，但院校层级优势有限，更依赖岗位地区和限制条件。,岗位窗口较窄，建议只作为就业备选项。,少量大专可报基层岗位存在，但数量很少，需逐岗位核验。,中国藏学研究中心|中央办公厅|内蒙古出入境边防检查总站|国家发展和改革委员会|国家民族事务委员会|国家税务总局上海市税务局|国家税务总局云南省税务局|国家税务总局北京市税务局,一级主办及以下（七）|一级主办及以下（三）|一级主办及以下（九）|一级主办及以下（二十三）|一级主办及以下（二十六）|一级主办及以下（二十）|一级主办及以下（五）|一级主办及以下（八）
460309,液压与气动技术,专科(高职),,专科,装备制造大类,自动化类,10.4,很弱/无直接岗位,2026国考职位表/中央机关及直属机构口径（第三方镜像）,2.0,0.0,2.0,0.0,0.0,0.0,100.0,0.0,0.0,主要靠专业大类/门类岗位,海关/边检(2)；公安/移民/基层执法(2),4.0,6.5,0.0,0.0,0.0,,0.0,0.0,,2.0,100.0,6.5,0.0,0.0,,5.0,821.0,0.0,821.0,high,升学后强潜力,主要来自专业类/学科门类宽口径匹配，报考前必须核官方专业目录。,可以考，但院校层级优势有限，更依赖岗位地区和限制条件。,岗位窗口较窄，建议只作为就业备选项。,少量大专可报基层岗位存在，但数量很少，需逐岗位核验。,中国藏学研究中心|中央办公厅|内蒙古出入境边防检查总站|国家发展和改革委员会|国家民族事务委员会|国家税务总局上海市税务局|国家税务总局云南省税务局|国家税务总局北京市税务局,一级主办及以下（七）|一级主办及以下（三）|一级主办及以下（九）|一级主办及以下（二十三）|一级主办及以下（二十六）|一级主办及以下（二十）|一级主办及以下（五）|一级主办及以下（八）
460310,工业互联网应用,专科(高职),,专科,装备制造大类,自动化类,10.4,很弱/无直接岗位,2026国考职位表/中央机关及直属机构口径（第三方镜像）,2.0,0.0,2.0,0.0,0.0,0.0,100.0,0.0,0.0,主要靠专业大类/门类岗位,海关/边检(2)；公安/移民/基层执法(2),4.0,6.5,0.0,0.0,0.0,,0.0,0.0,,2.0,100.0,6.5,0.0,0.0,,5.0,821.0,0.0,821.0,high,升学后强潜力,主要来自专业类/学科门类宽口径匹配，报考前必须核官方专业目录。,可以考，但院校层级优势有限，更依赖岗位地区和限制条件。,岗位窗口较窄，建议只作为就业备选项。,少量大专可报基层岗位存在，但数量很少，需逐岗位核验。,中国藏学研究中心|中央办公厅|内蒙古出入境边防检查总站|国家发展和改革委员会|国家民族事务委员会|国家税务总局上海市税务局|国家税务总局云南省税务局|国家税务总局北京市税务局,一级主办及以下（七）|一级主办及以下（三）|一级主办及以下（九）|一级主办及以下（二十三）|一级主办及以下（二十六）|一级主办及以下（二十）|一级主办及以下（五）|一级主办及以下（八）
460311,计量测试与应用技术,专科(高职),,专科,装备制造大类,自动化类,10.4,很弱/无直接岗位,2026国考职位表/中央机关及直属机构口径（第三方镜像）,2.0,0.0,2.0,0.0,0.0,0.0,100.0,0.0,0.0,主要靠专业大类/门类岗位,海关/边检(2)；公安/移民/基层执法(2),4.0,6.5,0.0,0.0,0.0,,0.0,0.0,,2.0,100.0,6.5,0.0,0.0,,5.0,821.0,0.0,821.0,high,升学后强潜力,主要来自专业类/学科门类宽口径匹配，报考前必须核官方专业目录。,可以考，但院校层级优势有限，更依赖岗位地区和限制条件。,岗位窗口较窄，建议只作为就业备选项。,少量大专可报基层岗位存在，但数量很少，需逐岗位核验。,中国藏学研究中心|中央办公厅|内蒙古出入境边防检查总站|国家发展和改革委员会|国家民族事务委员会|国家税务总局上海市税务局|国家税务总局云南省税务局|国家税务总局北京市税务局,一级主办及以下（七）|一级主办及以下（三）|一级主办及以下（九）|一级主办及以下（二十三）|一级主办及以下（二十六）|一级主办及以下（二十）|一级主办及以下（五）|一级主办及以下（八）
460312,具身智能机器人技术,专科(高职),,专科,装备制造大类,自动化类,0.0,很弱/无直接岗位,2026国考职位表/中央机关及直属机构口径（第三方镜像）,0.0,0.0,0.0,0.0,0.0,0.0,0.0,0.0,0.0,无直接可报岗位,,0.0,,0.0,0.0,0.0,,0.0,0.0,,0.0,0.0,,0.0,0.0,,0.0,0.0,0.0,0.0,,暂无明显潜力,2026岗位文本中未形成直接可报匹配。,不建议把考公作为该专业在头部院校的核心卖点。,直接考公适配弱，应更多看行业就业或升学转换。,普通应用/职业院校下直接考公空间很小，优先看事业单位、基层项目或行业就业。,,
460401,铁道机车车辆制造与维护,专科(高职),,专科,装备制造大类,轨道装备类,0.0,很弱/无直接岗位,2026国考职位表/中央机关及直属机构口径（第三方镜像）,0.0,0.0,0.0,0.0,0.0,0.0,0.0,0.0,0.0,无直接可报岗位,,0.0,,0.0,0.0,0.0,,0.0,0.0,,0.0,0.0,,0.0,0.0,,0.0,0.0,0.0,0.0,none,暂无明显潜力,2026岗位文本中未形成直接可报匹配。,不建议把考公作为该专业在头部院校的核心卖点。,直接考公适配弱，应更多看行业就业或升学转换。,普通应用/职业院校下直接考公空间很小，优先看事业单位、基层项目或行业就业。,,
460402,高速铁路动车组制造与维护,专科(高职),,专科,装备制造大类,轨道装备类,0.0,很弱/无直接岗位,2026国考职位表/中央机关及直属机构口径（第三方镜像）,0.0,0.0,0.0,0.0,0.0,0.0,0.0,0.0,0.0,无直接可报岗位,,0.0,,0.0,0.0,0.0,,0.0,0.0,,0.0,0.0,,0.0,0.0,,0.0,0.0,0.0,0.0,none,暂无明显潜力,2026岗位文本中未形成直接可报匹配。,不建议把考公作为该专业在头部院校的核心卖点。,直接考公适配弱，应更多看行业就业或升学转换。,普通应用/职业院校下直接考公空间很小，优先看事业单位、基层项目或行业就业。,,
460403,城市轨道交通车辆制造与维护,专科(高职),,专科,装备制造大类,轨道装备类,0.0,很弱/无直接岗位,2026国考职位表/中央机关及直属机构口径（第三方镜像）,0.0,0.0,0.0,0.0,0.0,0.0,0.0,0.0,0.0,无直接可报岗位,,0.0,,0.0,0.0,0.0,,0.0,0.0,,0.0,0.0,,0.0,0.0,,0.0,0.0,0.0,0.0,none,暂无明显潜力,2026岗位文本中未形成直接可报匹配。,不建议把考公作为该专业在头部院校的核心卖点。,直接考公适配弱，应更多看行业就业或升学转换。,普通应用/职业院校下直接考公空间很小，优先看事业单位、基层项目或行业就业。,,
460404,轨道交通通信信号设备制造与维护,专科(高职),,专科,装备制造大类,轨道装备类,0.0,很弱/无直接岗位,2026国考职位表/中央机关及直属机构口径（第三方镜像）,0.0,0.0,0.0,0.0,0.0,0.0,0.0,0.0,0.0,无直接可报岗位,,0.0,,0.0,0.0,0.0,,0.0,0.0,,0.0,0.0,,0.0,0.0,,0.0,0.0,0.0,0.0,none,暂无明显潜力,2026岗位文本中未形成直接可报匹配。,不建议把考公作为该专业在头部院校的核心卖点。,直接考公适配弱，应更多看行业就业或升学转换。,普通应用/职业院校下直接考公空间很小，优先看事业单位、基层项目或行业就业。,,
460405,轨道交通工程机械制造与维护,专科(高职),,专科,装备制造大类,轨道装备类,0.0,很弱/无直接岗位,2026国考职位表/中央机关及直属机构口径（第三方镜像）,0.0,0.0,0.0,0.0,0.0,0.0,0.0,0.0,0.0,无直接可报岗位,,0.0,,0.0,0.0,0.0,,0.0,0.0,,0.0,0.0,,0.0,0.0,,0.0,0.0,0.0,0.0,none,暂无明显潜力,2026岗位文本中未形成直接可报匹配。,不建议把考公作为该专业在头部院校的核心卖点。,直接考公适配弱，应更多看行业就业或升学转换。,普通应用/职业院校下直接考公空间很小，优先看事业单位、基层项目或行业就业。,,
460501,船舶工程技术,专科(高职),,专科,装备制造大类,船舶与海洋工程装备类,0.0,很弱/无直接岗位,2026国考职位表/中央机关及直属机构口径（第三方镜像）,0.0,0.0,0.0,0.0,0.0,0.0,0.0,0.0,0.0,无直接可报岗位,,0.0,,0.0,0.0,0.0,,0.0,0.0,,0.0,0.0,,0.0,0.0,,0.0,0.0,0.0,0.0,none,暂无明显潜力,2026岗位文本中未形成直接可报匹配。,不建议把考公作为该专业在头部院校的核心卖点。,直接考公适配弱，应更多看行业就业或升学转换。,普通应用/职业院校下直接考公空间很小，优先看事业单位、基层项目或行业就业。,,
460502,船舶动力工程技术,专科(高职),,专科,装备制造大类,船舶与海洋工程装备类,0.0,很弱/无直接岗位,2026国考职位表/中央机关及直属机构口径（第三方镜像）,0.0,0.0,0.0,0.0,0.0,0.0,0.0,0.0,0.0,无直接可报岗位,,0.0,,0.0,0.0,0.0,,0.0,0.0,,0.0,0.0,,0.0,0.0,,0.0,0.0,0.0,0.0,none,暂无明显潜力,2026岗位文本中未形成直接可报匹配。,不建议把考公作为该专业在头部院校的核心卖点。,直接考公适配弱，应更多看行业就业或升学转换。,普通应用/职业院校下直接考公空间很小，优先看事业单位、基层项目或行业就业。,,
460503,船舶电气工程技术,专科(高职),,专科,装备制造大类,船舶与海洋工程装备类,0.0,很弱/无直接岗位,2026国考职位表/中央机关及直属机构口径（第三方镜像）,0.0,0.0,0.0,0.0,0.0,0.0,0.0,0.0,0.0,无直接可报岗位,,0.0,,0.0,0.0,0.0,,0.0,0.0,,0.0,0.0,,0.0,0.0,,0.0,0.0,0.0,0.0,none,暂无明显潜力,2026岗位文本中未形成直接可报匹配。,不建议把考公作为该专业在头部院校的核心卖点。,直接考公适配弱，应更多看行业就业或升学转换。,普通应用/职业院校下直接考公空间很小，优先看事业单位、基层项目或行业就业。,,
460504,船舶智能焊接技术,专科(高职),,专科,装备制造大类,船舶与海洋工程装备类,0.0,很弱/无直接岗位,2026国考职位表/中央机关及直属机构口径（第三方镜像）,0.0,0.0,0.0,0.0,0.0,0.0,0.0,0.0,0.0,无直接可报岗位,,0.0,,0.0,0.0,0.0,,0.0,0.0,,0.0,0.0,,0.0,0.0,,0.0,0.0,0.0,0.0,none,暂无明显潜力,2026岗位文本中未形成直接可报匹配。,不建议把考公作为该专业在头部院校的核心卖点。,直接考公适配弱，应更多看行业就业或升学转换。,普通应用/职业院校下直接考公空间很小，优先看事业单位、基层项目或行业就业。,,
460505,船舶舾装工程技术,专科(高职),,专科,装备制造大类,船舶与海洋工程装备类,0.0,很弱/无直接岗位,2026国考职位表/中央机关及直属机构口径（第三方镜像）,0.0,0.0,0.0,0.0,0.0,0.0,0.0,0.0,0.0,无直接可报岗位,,0.0,,0.0,0.0,0.0,,0.0,0.0,,0.0,0.0,,0.0,0.0,,0.0,0.0,0.0,0.0,none,暂无明显潜力,2026岗位文本中未形成直接可报匹配。,不建议把考公作为该专业在头部院校的核心卖点。,直接考公适配弱，应更多看行业就业或升学转换。,普通应用/职业院校下直接考公空间很小，优先看事业单位、基层项目或行业就业。,,
460506,船舶涂装工程技术,专科(高职),,专科,装备制造大类,船舶与海洋工程装备类,0.0,很弱/无直接岗位,2026国考职位表/中央机关及直属机构口径（第三方镜像）,0.0,0.0,0.0,0.0,0.0,0.0,0.0,0.0,0.0,无直接可报岗位,,0.0,,0.0,0.0,0.0,,0.0,0.0,,0.0,0.0,,0.0,0.0,,0.0,0.0,0.0,0.0,none,暂无明显潜力,2026岗位文本中未形成直接可报匹配。,不建议把考公作为该专业在头部院校的核心卖点。,直接考公适配弱，应更多看行业就业或升学转换。,普通应用/职业院校下直接考公空间很小，优先看事业单位、基层项目或行业就业。,,
460507,船舶通信装备技术,专科(高职),,专科,装备制造大类,船舶与海洋工程装备类,0.0,很弱/无直接岗位,2026国考职位表/中央机关及直属机构口径（第三方镜像）,0.0,0.0,0.0,0.0,0.0,0.0,0.0,0.0,0.0,无直接可报岗位,,0.0,,0.0,0.0,0.0,,0.0,0.0,,0.0,0.0,,0.0,0.0,,0.0,0.0,0.0,0.0,none,暂无明显潜力,2026岗位文本中未形成直接可报匹配。,不建议把考公作为该专业在头部院校的核心卖点。,直接考公适配弱，应更多看行业就业或升学转换。,普通应用/职业院校下直接考公空间很小，优先看事业单位、基层项目或行业就业。,,
460508,游艇设计与制造,专科(高职),,专科,装备制造大类,船舶与海洋工程装备类,0.0,很弱/无直接岗位,2026国考职位表/中央机关及直属机构口径（第三方镜像）,0.0,0.0,0.0,0.0,0.0,0.0,0.0,0.0,0.0,无直接可报岗位,,0.0,,0.0,0.0,0.0,,0.0,0.0,,0.0,0.0,,0.0,0.0,,0.0,0.0,0.0,0.0,none,暂无明显潜力,2026岗位文本中未形成直接可报匹配。,不建议把考公作为该专业在头部院校的核心卖点。,直接考公适配弱，应更多看行业就业或升学转换。,普通应用/职业院校下直接考公空间很小，优先看事业单位、基层项目或行业就业。,,
460509,邮轮内装技术,专科(高职),,专科,装备制造大类,船舶与海洋工程装备类,0.0,很弱/无直接岗位,2026国考职位表/中央机关及直属机构口径（第三方镜像）,0.0,0.0,0.0,0.0,0.0,0.0,0.0,0.0,0.0,无直接可报岗位,,0.0,,0.0,0.0,0.0,,0.0,0.0,,0.0,0.0,,0.0,0.0,,0.0,0.0,0.0,0.0,none,暂无明显潜力,2026岗位文本中未形成直接可报匹配。,不建议把考公作为该专业在头部院校的核心卖点。,直接考公适配弱，应更多看行业就业或升学转换。,普通应用/职业院校下直接考公空间很小，优先看事业单位、基层项目或行业就业。,,
460510,海洋工程装备技术,专科(高职),,专科,装备制造大类,船舶与海洋工程装备类,0.0,很弱/无直接岗位,2026国考职位表/中央机关及直属机构口径（第三方镜像）,0.0,0.0,0.0,0.0,0.0,0.0,0.0,0.0,0.0,无直接可报岗位,,0.0,,0.0,0.0,0.0,,0.0,0.0,,0.0,0.0,,0.0,0.0,,0.0,0.0,0.0,0.0,none,暂无明显潜力,2026岗位文本中未形成直接可报匹配。,不建议把考公作为该专业在头部院校的核心卖点。,直接考公适配弱，应更多看行业就业或升学转换。,普通应用/职业院校下直接考公空间很小，优先看事业单位、基层项目或行业就业。,,
460511,海洋电力工程技术,专科(高职),,专科,装备制造大类,船舶与海洋工程装备类,0.0,很弱/无直接岗位,2026国考职位表/中央机关及直属机构口径（第三方镜像）,0.0,0.0,0.0,0.0,0.0,0.0,0.0,0.0,0.0,无直接可报岗位,,0.0,,0.0,0.0,0.0,,0.0,0.0,,0.0,0.0,,0.0,0.0,,0.0,0.0,0.0,0.0,,暂无明显潜力,2026岗位文本中未形成直接可报匹配。,不建议把考公作为该专业在头部院校的核心卖点。,直接考公适配弱，应更多看行业就业或升学转换。,普通应用/职业院校下直接考公空间很小，优先看事业单位、基层项目或行业就业。,,
460512,无人艇应用技术,专科(高职),,专科,装备制造大类,船舶与海洋工程装备类,0.0,很弱/无直接岗位,2026国考职位表/中央机关及直属机构口径（第三方镜像）,0.0,0.0,0.0,0.0,0.0,0.0,0.0,0.0,0.0,无直接可报岗位,,0.0,,0.0,0.0,0.0,,0.0,0.0,,0.0,0.0,,0.0,0.0,,0.0,0.0,0.0,0.0,,暂无明显潜力,2026岗位文本中未形成直接可报匹配。,不建议把考公作为该专业在头部院校的核心卖点。,直接考公适配弱，应更多看行业就业或升学转换。,普通应用/职业院校下直接考公空间很小，优先看事业单位、基层项目或行业就业。,,
460513,新能源船舶技术,专科(高职),,专科,装备制造大类,船舶与海洋工程装备类,0.0,很弱/无直接岗位,2026国考职位表/中央机关及直属机构口径（第三方镜像）,0.0,0.0,0.0,0.0,0.0,0.0,0.0,0.0,0.0,无直接可报岗位,,0.0,,0.0,0.0,0.0,,0.0,0.0,,0.0,0.0,,0.0,0.0,,0.0,0.0,0.0,0.0,,暂无明显潜力,2026岗位文本中未形成直接可报匹配。,不建议把考公作为该专业在头部院校的核心卖点。,直接考公适配弱，应更多看行业就业或升学转换。,普通应用/职业院校下直接考公空间很小，优先看事业单位、基层项目或行业就业。,,
460601,飞行器数字化制造技术,专科(高职),,专科,装备制造大类,航空装备类,11.1,很弱/无直接岗位,2026国考职位表/中央机关及直属机构口径（第三方镜像）,2.0,0.0,2.0,0.0,0.0,0.0,100.0,0.0,0.0,主要靠专业大类/门类岗位,海关/边检(2)；公安/移民/基层执法(2),6.0,36.33,0.0,0.0,0.0,,0.0,0.0,,2.0,100.0,38.38,0.0,0.0,,0.0,2.0,0.0,2.0,limited,升学后弱潜力,主要来自专业类/学科门类宽口径匹配，报考前必须核官方专业目录。,可以考，但院校层级优势有限，更依赖岗位地区和限制条件。,岗位窗口较窄，建议只作为就业备选项。,少量大专可报基层岗位存在，但数量很少，需逐岗位核验。,内蒙古出入境边防检查总站,呼伦贝尔边境管理支队一级警长及以下（九）|呼伦贝尔边境管理支队一级警长及以下（十）
460602,飞行器数字化装配技术,专科(高职),,专科,装备制造大类,航空装备类,16.4,弱适配,2026国考职位表/中央机关及直属机构口径（第三方镜像）,3.0,1.0,2.0,0.0,0.0,33.3,66.7,0.0,0.0,以对口岗位为主,海关/边检(3)；公安/移民/基层执法(3),11.0,21.36,0.0,0.0,0.0,,0.0,0.0,,3.0,100.0,26.72,0.0,0.0,,0.0,3.0,1.0,2.0,limited,升学后弱潜力,存在专业代码或专业名称精确匹配，并有直接学历兼容岗位。,可以考，但院校层级优势有限，更依赖岗位地区和限制条件。,岗位窗口较窄，建议只作为就业备选项。,少量大专可报基层岗位存在，但数量很少，需逐岗位核验。,内蒙古出入境边防检查总站|新疆出入境边防检查总站,呼伦贝尔边境管理支队一级警长及以下（九）|呼伦贝尔边境管理支队一级警长及以下（十）|喀什边境管理支队一级警长及以下（六）
460603,航空发动机制造技术,专科(高职),,专科,装备制造大类,航空装备类,11.1,很弱/无直接岗位,2026国考职位表/中央机关及直属机构口径（第三方镜像）,2.0,0.0,2.0,0.0,0.0,0.0,100.0,0.0,0.0,主要靠专业大类/门类岗位,海关/边检(2)；公安/移民/基层执法(2),6.0,36.33,0.0,0.0,0.0,,0.0,0.0,,2.0,100.0,38.38,0.0,0.0,,0.0,2.0,0.0,2.0,limited,升学后弱潜力,主要来自专业类/学科门类宽口径匹配，报考前必须核官方专业目录。,可以考，但院校层级优势有限，更依赖岗位地区和限制条件。,岗位窗口较窄，建议只作为就业备选项。,少量大专可报基层岗位存在，但数量很少，需逐岗位核验。,内蒙古出入境边防检查总站,呼伦贝尔边境管理支队一级警长及以下（九）|呼伦贝尔边境管理支队一级警长及以下（十）
460604,航空发动机装配调试技术,专科(高职),,专科,装备制造大类,航空装备类,11.1,很弱/无直接岗位,2026国考职位表/中央机关及直属机构口径（第三方镜像）,2.0,0.0,2.0,0.0,0.0,0.0,100.0,0.0,0.0,主要靠专业大类/门类岗位,海关/边检(2)；公安/移民/基层执法(2),6.0,36.33,0.0,0.0,0.0,,0.0,0.0,,2.0,100.0,38.38,0.0,0.0,,0.0,2.0,0.0,2.0,limited,升学后弱潜力,主要来自专业类/学科门类宽口径匹配，报考前必须核官方专业目录。,可以考，但院校层级优势有限，更依赖岗位地区和限制条件。,岗位窗口较窄，建议只作为就业备选项。,少量大专可报基层岗位存在，但数量很少，需逐岗位核验。,内蒙古出入境边防检查总站,呼伦贝尔边境管理支队一级警长及以下（九）|呼伦贝尔边境管理支队一级警长及以下（十）
460605,飞机机载设备装配调试技术,专科(高职),,专科,装备制造大类,航空装备类,11.1,很弱/无直接岗位,2026国考职位表/中央机关及直属机构口径（第三方镜像）,2.0,0.0,2.0,0.0,0.0,0.0,100.0,0.0,0.0,主要靠专业大类/门类岗位,海关/边检(2)；公安/移民/基层执法(2),6.0,36.33,0.0,0.0,0.0,,0.0,0.0,,2.0,100.0,38.38,0.0,0.0,,0.0,2.0,0.0,2.0,limited,升学后弱潜力,主要来自专业类/学科门类宽口径匹配，报考前必须核官方专业目录。,可以考，但院校层级优势有限，更依赖岗位地区和限制条件。,岗位窗口较窄，建议只作为就业备选项。,少量大专可报基层岗位存在，但数量很少，需逐岗位核验。,内蒙古出入境边防检查总站,呼伦贝尔边境管理支队一级警长及以下（九）|呼伦贝尔边境管理支队一级警长及以下（十）
460606,航空装备表面处理技术,专科(高职),,专科,装备制造大类,航空装备类,11.1,很弱/无直接岗位,2026国考职位表/中央机关及直属机构口径（第三方镜像）,2.0,0.0,2.0,0.0,0.0,0.0,100.0,0.0,0.0,主要靠专业大类/门类岗位,海关/边检(2)；公安/移民/基层执法(2),6.0,36.33,0.0,0.0,0.0,,0.0,0.0,,2.0,100.0,38.38,0.0,0.0,,0.0,2.0,0.0,2.0,limited,升学后弱潜力,主要来自专业类/学科门类宽口径匹配，报考前必须核官方专业目录。,可以考，但院校层级优势有限，更依赖岗位地区和限制条件。,岗位窗口较窄，建议只作为就业备选项。,少量大专可报基层岗位存在，但数量很少，需逐岗位核验。,内蒙古出入境边防检查总站,呼伦贝尔边境管理支队一级警长及以下（九）|呼伦贝尔边境管理支队一级警长及以下（十）
460607,飞行器维修技术,专科(高职),,专科,装备制造大类,航空装备类,18.8,弱适配,2026国考职位表/中央机关及直属机构口径（第三方镜像）,4.0,2.0,2.0,0.0,0.0,50.0,50.0,0.0,0.0,以对口岗位为主,海关/边检(4)；公安/移民/基层执法(4),10.0,24.4,0.0,0.0,0.0,,0.0,0.0,,4.0,100.0,22.44,0.0,0.0,,0.0,4.0,2.0,2.0,limited,升学后弱潜力,存在专业代码或专业名称精确匹配，并有直接学历兼容岗位。,可以考，但院校层级优势有限，更依赖岗位地区和限制条件。,岗位窗口较窄，建议只作为就业备选项。,少量大专可报基层岗位存在，但数量很少，需逐岗位核验。,内蒙古出入境边防检查总站,呼伦贝尔边境管理支队一级警长及以下（九）|呼伦贝尔边境管理支队一级警长及以下（十）|呼伦贝尔边境管理支队警务技术一级主管及以下（三）|阿拉善边境管理支队警务技术一级主管及以下（三）
460608,航空发动机维修技术,专科(高职),,专科,装备制造大类,航空装备类,11.1,很弱/无直接岗位,2026国考职位表/中央机关及直属机构口径（第三方镜像）,2.0,0.0,2.0,0.0,0.0,0.0,100.0,0.0,0.0,主要靠专业大类/门类岗位,海关/边检(2)；公安/移民/基层执法(2),6.0,36.33,0.0,0.0,0.0,,0.0,0.0,,2.0,100.0,38.38,0.0,0.0,,0.0,2.0,0.0,2.0,limited,升学后弱潜力,主要来自专业类/学科门类宽口径匹配，报考前必须核官方专业目录。,可以考，但院校层级优势有限，更依赖岗位地区和限制条件。,岗位窗口较窄，建议只作为就业备选项。,少量大专可报基层岗位存在，但数量很少，需逐岗位核验。,内蒙古出入境边防检查总站,呼伦贝尔边境管理支队一级警长及以下（九）|呼伦贝尔边境管理支队一级警长及以下（十）
460609,无人机应用技术,专科(高职),,专科,装备制造大类,航空装备类,23.0,弱适配,2026国考职位表/中央机关及直属机构口径（第三方镜像）,6.0,4.0,2.0,0.0,0.0,66.7,33.3,0.0,0.0,以对口岗位为主,海关/边检(6)；公安/移民/基层执法(6),16.0,17.5,0.0,0.0,0.0,,0.0,0.0,,6.0,100.0,17.0,0.0,0.0,,0.0,6.0,4.0,2.0,limited,升学后弱潜力,存在专业代码或专业名称精确匹配，并有直接学历兼容岗位。,可以考，但院校层级优势有限，更依赖岗位地区和限制条件。,岗位窗口较窄，建议只作为就业备选项。,少量大专可报基层岗位存在，但数量很少，需逐岗位核验。,内蒙古出入境边防检查总站|新疆出入境边防检查总站,呼伦贝尔边境管理支队一级警长及以下（九）|呼伦贝尔边境管理支队一级警长及以下（十）|呼伦贝尔边境管理支队警务技术一级主管及以下（三）|和田边境管理支队一级警长及以下（十三）|塔城边境管理支队一级警长及以下（四）|阿拉善边境管理支队警务技术一级主管及以下（三）
460610,航空材料精密成型技术,专科(高职),,专科,装备制造大类,航空装备类,11.1,很弱/无直接岗位,2026国考职位表/中央机关及直属机构口径（第三方镜像）,2.0,0.0,2.0,0.0,0.0,0.0,100.0,0.0,0.0,主要靠专业大类/门类岗位,海关/边检(2)；公安/移民/基层执法(2),6.0,36.33,0.0,0.0,0.0,,0.0,0.0,,2.0,100.0,38.38,0.0,0.0,,0.0,2.0,0.0,2.0,limited,升学后弱潜力,主要来自专业类/学科门类宽口径匹配，报考前必须核官方专业目录。,可以考，但院校层级优势有限，更依赖岗位地区和限制条件。,岗位窗口较窄，建议只作为就业备选项。,少量大专可报基层岗位存在，但数量很少，需逐岗位核验。,内蒙古出入境边防检查总站,呼伦贝尔边境管理支队一级警长及以下（九）|呼伦贝尔边境管理支队一级警长及以下（十）
460611,导弹维修技术,专科(高职),,专科,装备制造大类,航空装备类,11.1,很弱/无直接岗位,2026国考职位表/中央机关及直属机构口径（第三方镜像）,2.0,0.0,2.0,0.0,0.0,0.0,100.0,0.0,0.0,主要靠专业大类/门类岗位,海关/边检(2)；公安/移民/基层执法(2),6.0,36.33,0.0,0.0,0.0,,0.0,0.0,,2.0,100.0,38.38,0.0,0.0,,0.0,2.0,0.0,2.0,limited,升学后弱潜力,主要来自专业类/学科门类宽口径匹配，报考前必须核官方专业目录。,可以考，但院校层级优势有限，更依赖岗位地区和限制条件。,岗位窗口较窄，建议只作为就业备选项。,少量大专可报基层岗位存在，但数量很少，需逐岗位核验。,内蒙古出入境边防检查总站,呼伦贝尔边境管理支队一级警长及以下（九）|呼伦贝尔边境管理支队一级警长及以下（十）
460612,航天装备精密制造技术,专科(高职),,专科,装备制造大类,航空装备类,11.1,很弱/无直接岗位,2026国考职位表/中央机关及直属机构口径（第三方镜像）,2.0,0.0,2.0,0.0,0.0,0.0,100.0,0.0,0.0,主要靠专业大类/门类岗位,海关/边检(2)；公安/移民/基层执法(2),6.0,36.33,0.0,0.0,0.0,,0.0,0.0,,2.0,100.0,38.38,0.0,0.0,,0.0,2.0,0.0,2.0,limited,升学后弱潜力,主要来自专业类/学科门类宽口径匹配，报考前必须核官方专业目录。,可以考，但院校层级优势有限，更依赖岗位地区和限制条件。,岗位窗口较窄，建议只作为就业备选项。,少量大专可报基层岗位存在，但数量很少，需逐岗位核验。,内蒙古出入境边防检查总站,呼伦贝尔边境管理支队一级警长及以下（九）|呼伦贝尔边境管理支队一级警长及以下（十）
460613,航天装备智能装配技术,专科(高职),,专科,装备制造大类,航空装备类,0.0,很弱/无直接岗位,2026国考职位表/中央机关及直属机构口径（第三方镜像）,0.0,0.0,0.0,0.0,0.0,0.0,0.0,0.0,0.0,无直接可报岗位,,0.0,,0.0,0.0,0.0,,0.0,0.0,,0.0,0.0,,0.0,0.0,,0.0,0.0,0.0,0.0,,暂无明显潜力,2026岗位文本中未形成直接可报匹配。,不建议把考公作为该专业在头部院校的核心卖点。,直接考公适配弱，应更多看行业就业或升学转换。,普通应用/职业院校下直接考公空间很小，优先看事业单位、基层项目或行业就业。,,
460701,汽车制造与试验技术,专科(高职),,专科,装备制造大类,汽车制造类,0.0,很弱/无直接岗位,2026国考职位表/中央机关及直属机构口径（第三方镜像）,0.0,0.0,0.0,0.0,0.0,0.0,0.0,0.0,0.0,无直接可报岗位,,0.0,,0.0,0.0,0.0,,0.0,0.0,,0.0,0.0,,0.0,0.0,,0.0,0.0,0.0,0.0,none,暂无明显潜力,2026岗位文本中未形成直接可报匹配。,不建议把考公作为该专业在头部院校的核心卖点。,直接考公适配弱，应更多看行业就业或升学转换。,普通应用/职业院校下直接考公空间很小，优先看事业单位、基层项目或行业就业。,,
460702,新能源汽车技术,专科(高职),,专科,装备制造大类,汽车制造类,0.0,很弱/无直接岗位,2026国考职位表/中央机关及直属机构口径（第三方镜像）,0.0,0.0,0.0,0.0,0.0,0.0,0.0,0.0,0.0,无直接可报岗位,,0.0,,0.0,0.0,0.0,,0.0,0.0,,0.0,0.0,,0.0,0.0,,0.0,0.0,0.0,0.0,none,暂无明显潜力,2026岗位文本中未形成直接可报匹配。,不建议把考公作为该专业在头部院校的核心卖点。,直接考公适配弱，应更多看行业就业或升学转换。,普通应用/职业院校下直接考公空间很小，优先看事业单位、基层项目或行业就业。,,
460703,汽车电子技术,专科(高职),,专科,装备制造大类,汽车制造类,0.0,很弱/无直接岗位,2026国考职位表/中央机关及直属机构口径（第三方镜像）,0.0,0.0,0.0,0.0,0.0,0.0,0.0,0.0,0.0,无直接可报岗位,,0.0,,0.0,0.0,0.0,,0.0,0.0,,0.0,0.0,,0.0,0.0,,0.0,0.0,0.0,0.0,none,暂无明显潜力,2026岗位文本中未形成直接可报匹配。,不建议把考公作为该专业在头部院校的核心卖点。,直接考公适配弱，应更多看行业就业或升学转换。,普通应用/职业院校下直接考公空间很小，优先看事业单位、基层项目或行业就业。,,
460704,智能网联汽车技术,专科(高职),,专科,装备制造大类,汽车制造类,0.0,很弱/无直接岗位,2026国考职位表/中央机关及直属机构口径（第三方镜像）,0.0,0.0,0.0,0.0,0.0,0.0,0.0,0.0,0.0,无直接可报岗位,,0.0,,0.0,0.0,0.0,,0.0,0.0,,0.0,0.0,,0.0,0.0,,0.0,0.0,0.0,0.0,none,暂无明显潜力,2026岗位文本中未形成直接可报匹配。,不建议把考公作为该专业在头部院校的核心卖点。,直接考公适配弱，应更多看行业就业或升学转换。,普通应用/职业院校下直接考公空间很小，优先看事业单位、基层项目或行业就业。,,
460705,汽车造型与改装技术,专科(高职),,专科,装备制造大类,汽车制造类,0.0,很弱/无直接岗位,2026国考职位表/中央机关及直属机构口径（第三方镜像）,0.0,0.0,0.0,0.0,0.0,0.0,0.0,0.0,0.0,无直接可报岗位,,0.0,,0.0,0.0,0.0,,0.0,0.0,,0.0,0.0,,0.0,0.0,,0.0,0.0,0.0,0.0,none,暂无明显潜力,2026岗位文本中未形成直接可报匹配。,不建议把考公作为该专业在头部院校的核心卖点。,直接考公适配弱，应更多看行业就业或升学转换。,普通应用/职业院校下直接考公空间很小，优先看事业单位、基层项目或行业就业。,,
470101,食品生物技术,专科(高职),,专科,生物与化工大类,生物技术类,0.0,很弱/无直接岗位,2026国考职位表/中央机关及直属机构口径（第三方镜像）,0.0,0.0,0.0,0.0,0.0,0.0,0.0,0.0,0.0,无直接可报岗位,,0.0,,0.0,0.0,0.0,,0.0,0.0,,0.0,0.0,,0.0,0.0,,0.0,0.0,0.0,0.0,none,暂无明显潜力,2026岗位文本中未形成直接可报匹配。,不建议把考公作为该专业在头部院校的核心卖点。,直接考公适配弱，应更多看行业就业或升学转换。,普通应用/职业院校下直接考公空间很小，优先看事业单位、基层项目或行业就业。,,
470102,药品生物技术,专科(高职),,专科,生物与化工大类,生物技术类,0.0,很弱/无直接岗位,2026国考职位表/中央机关及直属机构口径（第三方镜像）,0.0,0.0,0.0,0.0,0.0,0.0,0.0,0.0,0.0,无直接可报岗位,,0.0,,0.0,0.0,0.0,,0.0,0.0,,0.0,0.0,,0.0,0.0,,0.0,0.0,0.0,0.0,none,暂无明显潜力,2026岗位文本中未形成直接可报匹配。,不建议把考公作为该专业在头部院校的核心卖点。,直接考公适配弱，应更多看行业就业或升学转换。,普通应用/职业院校下直接考公空间很小，优先看事业单位、基层项目或行业就业。,,
470103,农业生物技术,专科(高职),,专科,生物与化工大类,生物技术类,0.0,很弱/无直接岗位,2026国考职位表/中央机关及直属机构口径（第三方镜像）,0.0,0.0,0.0,0.0,0.0,0.0,0.0,0.0,0.0,无直接可报岗位,,0.0,,0.0,0.0,0.0,,0.0,0.0,,0.0,0.0,,0.0,0.0,,0.0,0.0,0.0,0.0,none,暂无明显潜力,2026岗位文本中未形成直接可报匹配。,不建议把考公作为该专业在头部院校的核心卖点。,直接考公适配弱，应更多看行业就业或升学转换。,普通应用/职业院校下直接考公空间很小，优先看事业单位、基层项目或行业就业。,,
470104,化工生物技术,专科(高职),,专科,生物与化工大类,生物技术类,0.0,很弱/无直接岗位,2026国考职位表/中央机关及直属机构口径（第三方镜像）,0.0,0.0,0.0,0.0,0.0,0.0,0.0,0.0,0.0,无直接可报岗位,,0.0,,0.0,0.0,0.0,,0.0,0.0,,0.0,0.0,,0.0,0.0,,0.0,0.0,0.0,0.0,none,暂无明显潜力,2026岗位文本中未形成直接可报匹配。,不建议把考公作为该专业在头部院校的核心卖点。,直接考公适配弱，应更多看行业就业或升学转换。,普通应用/职业院校下直接考公空间很小，优先看事业单位、基层项目或行业就业。,,
470105,生物产品检验检疫,专科(高职),,专科,生物与化工大类,生物技术类,0.0,很弱/无直接岗位,2026国考职位表/中央机关及直属机构口径（第三方镜像）,0.0,0.0,0.0,0.0,0.0,0.0,0.0,0.0,0.0,无直接可报岗位,,0.0,,0.0,0.0,0.0,,0.0,0.0,,0.0,0.0,,0.0,0.0,,0.0,0.0,0.0,0.0,none,暂无明显潜力,2026岗位文本中未形成直接可报匹配。,不建议把考公作为该专业在头部院校的核心卖点。,直接考公适配弱，应更多看行业就业或升学转换。,普通应用/职业院校下直接考公空间很小，优先看事业单位、基层项目或行业就业。,,
470106,绿色生物制造技术,专科(高职),,专科,生物与化工大类,生物技术类,0.0,很弱/无直接岗位,2026国考职位表/中央机关及直属机构口径（第三方镜像）,0.0,0.0,0.0,0.0,0.0,0.0,0.0,0.0,0.0,无直接可报岗位,,0.0,,0.0,0.0,0.0,,0.0,0.0,,0.0,0.0,,0.0,0.0,,0.0,0.0,0.0,0.0,none,暂无明显潜力,2026岗位文本中未形成直接可报匹配。,不建议把考公作为该专业在头部院校的核心卖点。,直接考公适配弱，应更多看行业就业或升学转换。,普通应用/职业院校下直接考公空间很小，优先看事业单位、基层项目或行业就业。,,
470107,生物信息技术,专科(高职),,专科,生物与化工大类,生物技术类,0.0,很弱/无直接岗位,2026国考职位表/中央机关及直属机构口径（第三方镜像）,0.0,0.0,0.0,0.0,0.0,0.0,0.0,0.0,0.0,无直接可报岗位,,0.0,,0.0,0.0,0.0,,0.0,0.0,,0.0,0.0,,0.0,0.0,,0.0,0.0,0.0,0.0,none,暂无明显潜力,2026岗位文本中未形成直接可报匹配。,不建议把考公作为该专业在头部院校的核心卖点。,直接考公适配弱，应更多看行业就业或升学转换。,普通应用/职业院校下直接考公空间很小，优先看事业单位、基层项目或行业就业。,,
470201,应用化工技术,专科(高职),,专科,生物与化工大类,化工技术类,0.0,很弱/无直接岗位,2026国考职位表/中央机关及直属机构口径（第三方镜像）,0.0,0.0,0.0,0.0,0.0,0.0,0.0,0.0,0.0,无直接可报岗位,,0.0,,0.0,0.0,0.0,,0.0,0.0,,0.0,0.0,,0.0,0.0,,0.0,0.0,0.0,0.0,none,暂无明显潜力,2026岗位文本中未形成直接可报匹配。,不建议把考公作为该专业在头部院校的核心卖点。,直接考公适配弱，应更多看行业就业或升学转换。,普通应用/职业院校下直接考公空间很小，优先看事业单位、基层项目或行业就业。,,
470202,石油炼制技术,专科(高职),,专科,生物与化工大类,化工技术类,0.0,很弱/无直接岗位,2026国考职位表/中央机关及直属机构口径（第三方镜像）,0.0,0.0,0.0,0.0,0.0,0.0,0.0,0.0,0.0,无直接可报岗位,,0.0,,0.0,0.0,0.0,,0.0,0.0,,0.0,0.0,,0.0,0.0,,0.0,0.0,0.0,0.0,none,暂无明显潜力,2026岗位文本中未形成直接可报匹配。,不建议把考公作为该专业在头部院校的核心卖点。,直接考公适配弱，应更多看行业就业或升学转换。,普通应用/职业院校下直接考公空间很小，优先看事业单位、基层项目或行业就业。,,
470203,精细化工技术,专科(高职),,专科,生物与化工大类,化工技术类,0.0,很弱/无直接岗位,2026国考职位表/中央机关及直属机构口径（第三方镜像）,0.0,0.0,0.0,0.0,0.0,0.0,0.0,0.0,0.0,无直接可报岗位,,0.0,,0.0,0.0,0.0,,0.0,0.0,,0.0,0.0,,0.0,0.0,,0.0,0.0,0.0,0.0,none,暂无明显潜力,2026岗位文本中未形成直接可报匹配。,不建议把考公作为该专业在头部院校的核心卖点。,直接考公适配弱，应更多看行业就业或升学转换。,普通应用/职业院校下直接考公空间很小，优先看事业单位、基层项目或行业就业。,,
470204,石油化工技术,专科(高职),,专科,生物与化工大类,化工技术类,0.0,很弱/无直接岗位,2026国考职位表/中央机关及直属机构口径（第三方镜像）,0.0,0.0,0.0,0.0,0.0,0.0,0.0,0.0,0.0,无直接可报岗位,,0.0,,0.0,0.0,0.0,,0.0,0.0,,0.0,0.0,,0.0,0.0,,0.0,0.0,0.0,0.0,none,暂无明显潜力,2026岗位文本中未形成直接可报匹配。,不建议把考公作为该专业在头部院校的核心卖点。,直接考公适配弱，应更多看行业就业或升学转换。,普通应用/职业院校下直接考公空间很小，优先看事业单位、基层项目或行业就业。,,
470205,煤化工技术,专科(高职),,专科,生物与化工大类,化工技术类,0.0,很弱/无直接岗位,2026国考职位表/中央机关及直属机构口径（第三方镜像）,0.0,0.0,0.0,0.0,0.0,0.0,0.0,0.0,0.0,无直接可报岗位,,0.0,,0.0,0.0,0.0,,0.0,0.0,,0.0,0.0,,0.0,0.0,,0.0,0.0,0.0,0.0,none,暂无明显潜力,2026岗位文本中未形成直接可报匹配。,不建议把考公作为该专业在头部院校的核心卖点。,直接考公适配弱，应更多看行业就业或升学转换。,普通应用/职业院校下直接考公空间很小，优先看事业单位、基层项目或行业就业。,,
470206,高分子合成技术,专科(高职),,专科,生物与化工大类,化工技术类,0.0,很弱/无直接岗位,2026国考职位表/中央机关及直属机构口径（第三方镜像）,0.0,0.0,0.0,0.0,0.0,0.0,0.0,0.0,0.0,无直接可报岗位,,0.0,,0.0,0.0,0.0,,0.0,0.0,,0.0,0.0,,0.0,0.0,,0.0,0.0,0.0,0.0,none,暂无明显潜力,2026岗位文本中未形成直接可报匹配。,不建议把考公作为该专业在头部院校的核心卖点。,直接考公适配弱，应更多看行业就业或升学转换。,普通应用/职业院校下直接考公空间很小，优先看事业单位、基层项目或行业就业。,,
470207,海洋化工技术,专科(高职),,专科,生物与化工大类,化工技术类,0.0,很弱/无直接岗位,2026国考职位表/中央机关及直属机构口径（第三方镜像）,0.0,0.0,0.0,0.0,0.0,0.0,0.0,0.0,0.0,无直接可报岗位,,0.0,,0.0,0.0,0.0,,0.0,0.0,,0.0,0.0,,0.0,0.0,,0.0,0.0,0.0,0.0,none,暂无明显潜力,2026岗位文本中未形成直接可报匹配。,不建议把考公作为该专业在头部院校的核心卖点。,直接考公适配弱，应更多看行业就业或升学转换。,普通应用/职业院校下直接考公空间很小，优先看事业单位、基层项目或行业就业。,,
470208,分析检验技术,专科(高职),,专科,生物与化工大类,化工技术类,0.0,很弱/无直接岗位,2026国考职位表/中央机关及直属机构口径（第三方镜像）,0.0,0.0,0.0,0.0,0.0,0.0,0.0,0.0,0.0,无直接可报岗位,,0.0,,0.0,0.0,0.0,,0.0,0.0,,0.0,0.0,,0.0,0.0,,0.0,0.0,0.0,0.0,none,暂无明显潜力,2026岗位文本中未形成直接可报匹配。,不建议把考公作为该专业在头部院校的核心卖点。,直接考公适配弱，应更多看行业就业或升学转换。,普通应用/职业院校下直接考公空间很小，优先看事业单位、基层项目或行业就业。,,
470209,化工智能制造技术,专科(高职),,专科,生物与化工大类,化工技术类,0.0,很弱/无直接岗位,2026国考职位表/中央机关及直属机构口径（第三方镜像）,0.0,0.0,0.0,0.0,0.0,0.0,0.0,0.0,0.0,无直接可报岗位,,0.0,,0.0,0.0,0.0,,0.0,0.0,,0.0,0.0,,0.0,0.0,,0.0,0.0,0.0,0.0,none,暂无明显潜力,2026岗位文本中未形成直接可报匹配。,不建议把考公作为该专业在头部院校的核心卖点。,直接考公适配弱，应更多看行业就业或升学转换。,普通应用/职业院校下直接考公空间很小，优先看事业单位、基层项目或行业就业。,,
470210,化工装备技术,专科(高职),,专科,生物与化工大类,化工技术类,0.0,很弱/无直接岗位,2026国考职位表/中央机关及直属机构口径（第三方镜像）,0.0,0.0,0.0,0.0,0.0,0.0,0.0,0.0,0.0,无直接可报岗位,,0.0,,0.0,0.0,0.0,,0.0,0.0,,0.0,0.0,,0.0,0.0,,0.0,0.0,0.0,0.0,none,暂无明显潜力,2026岗位文本中未形成直接可报匹配。,不建议把考公作为该专业在头部院校的核心卖点。,直接考公适配弱，应更多看行业就业或升学转换。,普通应用/职业院校下直接考公空间很小，优先看事业单位、基层项目或行业就业。,,
470211,化工自动化技术,专科(高职),,专科,生物与化工大类,化工技术类,0.0,很弱/无直接岗位,2026国考职位表/中央机关及直属机构口径（第三方镜像）,0.0,0.0,0.0,0.0,0.0,0.0,0.0,0.0,0.0,无直接可报岗位,,0.0,,0.0,0.0,0.0,,0.0,0.0,,0.0,0.0,,0.0,0.0,,0.0,0.0,0.0,0.0,none,暂无明显潜力,2026岗位文本中未形成直接可报匹配。,不建议把考公作为该专业在头部院校的核心卖点。,直接考公适配弱，应更多看行业就业或升学转换。,普通应用/职业院校下直接考公空间很小，优先看事业单位、基层项目或行业就业。,,
470212,涂装防护技术,专科(高职),,专科,生物与化工大类,化工技术类,0.0,很弱/无直接岗位,2026国考职位表/中央机关及直属机构口径（第三方镜像）,0.0,0.0,0.0,0.0,0.0,0.0,0.0,0.0,0.0,无直接可报岗位,,0.0,,0.0,0.0,0.0,,0.0,0.0,,0.0,0.0,,0.0,0.0,,0.0,0.0,0.0,0.0,none,暂无明显潜力,2026岗位文本中未形成直接可报匹配。,不建议把考公作为该专业在头部院校的核心卖点。,直接考公适配弱，应更多看行业就业或升学转换。,普通应用/职业院校下直接考公空间很小，优先看事业单位、基层项目或行业就业。,,
470213,烟花爆竹技术与管理,专科(高职),,专科,生物与化工大类,化工技术类,0.0,很弱/无直接岗位,2026国考职位表/中央机关及直属机构口径（第三方镜像）,0.0,0.0,0.0,0.0,0.0,0.0,0.0,0.0,0.0,无直接可报岗位,,0.0,,0.0,0.0,0.0,,0.0,0.0,,0.0,0.0,,0.0,0.0,,0.0,0.0,0.0,0.0,none,暂无明显潜力,2026岗位文本中未形成直接可报匹配。,不建议把考公作为该专业在头部院校的核心卖点。,直接考公适配弱，应更多看行业就业或升学转换。,普通应用/职业院校下直接考公空间很小，优先看事业单位、基层项目或行业就业。,,
470214,现代工业清洗技术,专科(高职),,专科,生物与化工大类,化工技术类,0.0,很弱/无直接岗位,2026国考职位表/中央机关及直属机构口径（第三方镜像）,0.0,0.0,0.0,0.0,0.0,0.0,0.0,0.0,0.0,无直接可报岗位,,0.0,,0.0,0.0,0.0,,0.0,0.0,,0.0,0.0,,0.0,0.0,,0.0,0.0,0.0,0.0,none,暂无明显潜力,2026岗位文本中未形成直接可报匹配。,不建议把考公作为该专业在头部院校的核心卖点。,直接考公适配弱，应更多看行业就业或升学转换。,普通应用/职业院校下直接考公空间很小，优先看事业单位、基层项目或行业就业。,,
480101,化妆品技术,专科(高职),,专科,轻工纺织大类,轻化工类,0.0,很弱/无直接岗位,2026国考职位表/中央机关及直属机构口径（第三方镜像）,0.0,0.0,0.0,0.0,0.0,0.0,0.0,0.0,0.0,无直接可报岗位,,0.0,,0.0,0.0,0.0,,0.0,0.0,,0.0,0.0,,0.0,0.0,,0.0,9.0,9.0,0.0,limited,升学后弱潜力,大专学历直接可报岗位不足；专业文本在本科/升本路径中有匹配线索。,不建议把考公作为该专业在头部院校的核心卖点。,直接考公适配弱，应更多看行业就业或升学转换。,普通应用/职业院校下直接考公空间很小，优先看事业单位、基层项目或行业就业。,南京海关,食品、化妆品检验一级行政执法员|食品、化妆品检验一级行政执法员（一）|食品、化妆品检验一级行政执法员（二）|食品、化妆品检验二级主办及以下（一）|食品、化妆品检验二级主办及以下（二）
480102,现代造纸技术,专科(高职),,专科,轻工纺织大类,轻化工类,0.0,很弱/无直接岗位,2026国考职位表/中央机关及直属机构口径（第三方镜像）,0.0,0.0,0.0,0.0,0.0,0.0,0.0,0.0,0.0,无直接可报岗位,,0.0,,0.0,0.0,0.0,,0.0,0.0,,0.0,0.0,,0.0,0.0,,0.0,0.0,0.0,0.0,none,暂无明显潜力,2026岗位文本中未形成直接可报匹配。,不建议把考公作为该专业在头部院校的核心卖点。,直接考公适配弱，应更多看行业就业或升学转换。,普通应用/职业院校下直接考公空间很小，优先看事业单位、基层项目或行业就业。,,
480103,家具设计与制造,专科(高职),,专科,轻工纺织大类,轻化工类,0.0,很弱/无直接岗位,2026国考职位表/中央机关及直属机构口径（第三方镜像）,0.0,0.0,0.0,0.0,0.0,0.0,0.0,0.0,0.0,无直接可报岗位,,0.0,,0.0,0.0,0.0,,0.0,0.0,,0.0,0.0,,0.0,0.0,,0.0,0.0,0.0,0.0,none,暂无明显潜力,2026岗位文本中未形成直接可报匹配。,不建议把考公作为该专业在头部院校的核心卖点。,直接考公适配弱，应更多看行业就业或升学转换。,普通应用/职业院校下直接考公空间很小，优先看事业单位、基层项目或行业就业。,,
480104,鞋类设计与工艺,专科(高职),,专科,轻工纺织大类,轻化工类,0.0,很弱/无直接岗位,2026国考职位表/中央机关及直属机构口径（第三方镜像）,0.0,0.0,0.0,0.0,0.0,0.0,0.0,0.0,0.0,无直接可报岗位,,0.0,,0.0,0.0,0.0,,0.0,0.0,,0.0,0.0,,0.0,0.0,,0.0,0.0,0.0,0.0,none,暂无明显潜力,2026岗位文本中未形成直接可报匹配。,不建议把考公作为该专业在头部院校的核心卖点。,直接考公适配弱，应更多看行业就业或升学转换。,普通应用/职业院校下直接考公空间很小，优先看事业单位、基层项目或行业就业。,,
480105,陶瓷制造技术与工艺,专科(高职),,专科,轻工纺织大类,轻化工类,0.0,很弱/无直接岗位,2026国考职位表/中央机关及直属机构口径（第三方镜像）,0.0,0.0,0.0,0.0,0.0,0.0,0.0,0.0,0.0,无直接可报岗位,,0.0,,0.0,0.0,0.0,,0.0,0.0,,0.0,0.0,,0.0,0.0,,0.0,0.0,0.0,0.0,none,暂无明显潜力,2026岗位文本中未形成直接可报匹配。,不建议把考公作为该专业在头部院校的核心卖点。,直接考公适配弱，应更多看行业就业或升学转换。,普通应用/职业院校下直接考公空间很小，优先看事业单位、基层项目或行业就业。,,
480106,珠宝首饰技术与管理,专科(高职),,专科,轻工纺织大类,轻化工类,0.0,很弱/无直接岗位,2026国考职位表/中央机关及直属机构口径（第三方镜像）,0.0,0.0,0.0,0.0,0.0,0.0,0.0,0.0,0.0,无直接可报岗位,,0.0,,0.0,0.0,0.0,,0.0,0.0,,0.0,0.0,,0.0,0.0,,0.0,0.0,0.0,0.0,none,暂无明显潜力,2026岗位文本中未形成直接可报匹配。,不建议把考公作为该专业在头部院校的核心卖点。,直接考公适配弱，应更多看行业就业或升学转换。,普通应用/职业院校下直接考公空间很小，优先看事业单位、基层项目或行业就业。,,
480107,皮革加工技术,专科(高职),,专科,轻工纺织大类,轻化工类,0.0,很弱/无直接岗位,2026国考职位表/中央机关及直属机构口径（第三方镜像）,0.0,0.0,0.0,0.0,0.0,0.0,0.0,0.0,0.0,无直接可报岗位,,0.0,,0.0,0.0,0.0,,0.0,0.0,,0.0,0.0,,0.0,0.0,,0.0,0.0,0.0,0.0,none,暂无明显潜力,2026岗位文本中未形成直接可报匹配。,不建议把考公作为该专业在头部院校的核心卖点。,直接考公适配弱，应更多看行业就业或升学转换。,普通应用/职业院校下直接考公空间很小，优先看事业单位、基层项目或行业就业。,,
480108,皮具制作与工艺,专科(高职),,专科,轻工纺织大类,轻化工类,0.0,很弱/无直接岗位,2026国考职位表/中央机关及直属机构口径（第三方镜像）,0.0,0.0,0.0,0.0,0.0,0.0,0.0,0.0,0.0,无直接可报岗位,,0.0,,0.0,0.0,0.0,,0.0,0.0,,0.0,0.0,,0.0,0.0,,0.0,0.0,0.0,0.0,none,暂无明显潜力,2026岗位文本中未形成直接可报匹配。,不建议把考公作为该专业在头部院校的核心卖点。,直接考公适配弱，应更多看行业就业或升学转换。,普通应用/职业院校下直接考公空间很小，优先看事业单位、基层项目或行业就业。,,
480109,乐器制造与维护,专科(高职),,专科,轻工纺织大类,轻化工类,0.0,很弱/无直接岗位,2026国考职位表/中央机关及直属机构口径（第三方镜像）,0.0,0.0,0.0,0.0,0.0,0.0,0.0,0.0,0.0,无直接可报岗位,,0.0,,0.0,0.0,0.0,,0.0,0.0,,0.0,0.0,,0.0,0.0,,0.0,0.0,0.0,0.0,none,暂无明显潜力,2026岗位文本中未形成直接可报匹配。,不建议把考公作为该专业在头部院校的核心卖点。,直接考公适配弱，应更多看行业就业或升学转换。,普通应用/职业院校下直接考公空间很小，优先看事业单位、基层项目或行业就业。,,
480110,香料香精技术与工艺,专科(高职),,专科,轻工纺织大类,轻化工类,0.0,很弱/无直接岗位,2026国考职位表/中央机关及直属机构口径（第三方镜像）,0.0,0.0,0.0,0.0,0.0,0.0,0.0,0.0,0.0,无直接可报岗位,,0.0,,0.0,0.0,0.0,,0.0,0.0,,0.0,0.0,,0.0,0.0,,0.0,0.0,0.0,0.0,none,暂无明显潜力,2026岗位文本中未形成直接可报匹配。,不建议把考公作为该专业在头部院校的核心卖点。,直接考公适配弱，应更多看行业就业或升学转换。,普通应用/职业院校下直接考公空间很小，优先看事业单位、基层项目或行业就业。,,
480111,表面精饰工艺,专科(高职),,专科,轻工纺织大类,轻化工类,0.0,很弱/无直接岗位,2026国考职位表/中央机关及直属机构口径（第三方镜像）,0.0,0.0,0.0,0.0,0.0,0.0,0.0,0.0,0.0,无直接可报岗位,,0.0,,0.0,0.0,0.0,,0.0,0.0,,0.0,0.0,,0.0,0.0,,0.0,0.0,0.0,0.0,none,暂无明显潜力,2026岗位文本中未形成直接可报匹配。,不建议把考公作为该专业在头部院校的核心卖点。,直接考公适配弱，应更多看行业就业或升学转换。,普通应用/职业院校下直接考公空间很小，优先看事业单位、基层项目或行业就业。,,
480201,包装工程技术,专科(高职),,专科,轻工纺织大类,包装类,0.0,很弱/无直接岗位,2026国考职位表/中央机关及直属机构口径（第三方镜像）,0.0,0.0,0.0,0.0,0.0,0.0,0.0,0.0,0.0,无直接可报岗位,,0.0,,0.0,0.0,0.0,,0.0,0.0,,0.0,0.0,,0.0,0.0,,0.0,0.0,0.0,0.0,none,暂无明显潜力,2026岗位文本中未形成直接可报匹配。,不建议把考公作为该专业在头部院校的核心卖点。,直接考公适配弱，应更多看行业就业或升学转换。,普通应用/职业院校下直接考公空间很小，优先看事业单位、基层项目或行业就业。,,
480202,包装策划与设计,专科(高职),,专科,轻工纺织大类,包装类,0.0,很弱/无直接岗位,2026国考职位表/中央机关及直属机构口径（第三方镜像）,0.0,0.0,0.0,0.0,0.0,0.0,0.0,0.0,0.0,无直接可报岗位,,0.0,,0.0,0.0,0.0,,0.0,0.0,,0.0,0.0,,0.0,0.0,,0.0,0.0,0.0,0.0,none,暂无明显潜力,2026岗位文本中未形成直接可报匹配。,不建议把考公作为该专业在头部院校的核心卖点。,直接考公适配弱，应更多看行业就业或升学转换。,普通应用/职业院校下直接考公空间很小，优先看事业单位、基层项目或行业就业。,,
480301,数字印刷技术,专科(高职),,专科,轻工纺织大类,印刷类,0.0,很弱/无直接岗位,2026国考职位表/中央机关及直属机构口径（第三方镜像）,0.0,0.0,0.0,0.0,0.0,0.0,0.0,0.0,0.0,无直接可报岗位,,0.0,,0.0,0.0,0.0,,0.0,0.0,,0.0,0.0,,0.0,0.0,,0.0,0.0,0.0,0.0,none,暂无明显潜力,2026岗位文本中未形成直接可报匹配。,不建议把考公作为该专业在头部院校的核心卖点。,直接考公适配弱，应更多看行业就业或升学转换。,普通应用/职业院校下直接考公空间很小，优先看事业单位、基层项目或行业就业。,,
480302,印刷媒体技术,专科(高职),,专科,轻工纺织大类,印刷类,0.0,很弱/无直接岗位,2026国考职位表/中央机关及直属机构口径（第三方镜像）,0.0,0.0,0.0,0.0,0.0,0.0,0.0,0.0,0.0,无直接可报岗位,,0.0,,0.0,0.0,0.0,,0.0,0.0,,0.0,0.0,,0.0,0.0,,0.0,0.0,0.0,0.0,none,暂无明显潜力,2026岗位文本中未形成直接可报匹配。,不建议把考公作为该专业在头部院校的核心卖点。,直接考公适配弱，应更多看行业就业或升学转换。,普通应用/职业院校下直接考公空间很小，优先看事业单位、基层项目或行业就业。,,
480303,印刷数字图文技术,专科(高职),,专科,轻工纺织大类,印刷类,0.0,很弱/无直接岗位,2026国考职位表/中央机关及直属机构口径（第三方镜像）,0.0,0.0,0.0,0.0,0.0,0.0,0.0,0.0,0.0,无直接可报岗位,,0.0,,0.0,0.0,0.0,,0.0,0.0,,0.0,0.0,,0.0,0.0,,0.0,0.0,0.0,0.0,none,暂无明显潜力,2026岗位文本中未形成直接可报匹配。,不建议把考公作为该专业在头部院校的核心卖点。,直接考公适配弱，应更多看行业就业或升学转换。,普通应用/职业院校下直接考公空间很小，优先看事业单位、基层项目或行业就业。,,
480304,印刷设备应用技术,专科(高职),,专科,轻工纺织大类,印刷类,0.0,很弱/无直接岗位,2026国考职位表/中央机关及直属机构口径（第三方镜像）,0.0,0.0,0.0,0.0,0.0,0.0,0.0,0.0,0.0,无直接可报岗位,,0.0,,0.0,0.0,0.0,,0.0,0.0,,0.0,0.0,,0.0,0.0,,0.0,0.0,0.0,0.0,none,暂无明显潜力,2026岗位文本中未形成直接可报匹配。,不建议把考公作为该专业在头部院校的核心卖点。,直接考公适配弱，应更多看行业就业或升学转换。,普通应用/职业院校下直接考公空间很小，优先看事业单位、基层项目或行业就业。,,
480401,现代纺织技术,专科(高职),,专科,轻工纺织大类,纺织服装类,0.0,很弱/无直接岗位,2026国考职位表/中央机关及直属机构口径（第三方镜像）,0.0,0.0,0.0,0.0,0.0,0.0,0.0,0.0,0.0,无直接可报岗位,,0.0,,0.0,0.0,0.0,,0.0,0.0,,0.0,0.0,,0.0,0.0,,0.0,0.0,0.0,0.0,none,暂无明显潜力,2026岗位文本中未形成直接可报匹配。,不建议把考公作为该专业在头部院校的核心卖点。,直接考公适配弱，应更多看行业就业或升学转换。,普通应用/职业院校下直接考公空间很小，优先看事业单位、基层项目或行业就业。,,
480402,服装设计与工艺,专科(高职),,专科,轻工纺织大类,纺织服装类,0.0,很弱/无直接岗位,2026国考职位表/中央机关及直属机构口径（第三方镜像）,0.0,0.0,0.0,0.0,0.0,0.0,0.0,0.0,0.0,无直接可报岗位,,0.0,,0.0,0.0,0.0,,0.0,0.0,,0.0,0.0,,0.0,0.0,,0.0,0.0,0.0,0.0,none,暂无明显潜力,2026岗位文本中未形成直接可报匹配。,不建议把考公作为该专业在头部院校的核心卖点。,直接考公适配弱，应更多看行业就业或升学转换。,普通应用/职业院校下直接考公空间很小，优先看事业单位、基层项目或行业就业。,,
480403,丝绸技术,专科(高职),,专科,轻工纺织大类,纺织服装类,0.0,很弱/无直接岗位,2026国考职位表/中央机关及直属机构口径（第三方镜像）,0.0,0.0,0.0,0.0,0.0,0.0,0.0,0.0,0.0,无直接可报岗位,,0.0,,0.0,0.0,0.0,,0.0,0.0,,0.0,0.0,,0.0,0.0,,0.0,0.0,0.0,0.0,none,暂无明显潜力,2026岗位文本中未形成直接可报匹配。,不建议把考公作为该专业在头部院校的核心卖点。,直接考公适配弱，应更多看行业就业或升学转换。,普通应用/职业院校下直接考公空间很小，优先看事业单位、基层项目或行业就业。,,
480404,针织技术与针织服装,专科(高职),,专科,轻工纺织大类,纺织服装类,0.0,很弱/无直接岗位,2026国考职位表/中央机关及直属机构口径（第三方镜像）,0.0,0.0,0.0,0.0,0.0,0.0,0.0,0.0,0.0,无直接可报岗位,,0.0,,0.0,0.0,0.0,,0.0,0.0,,0.0,0.0,,0.0,0.0,,0.0,0.0,0.0,0.0,none,暂无明显潜力,2026岗位文本中未形成直接可报匹配。,不建议把考公作为该专业在头部院校的核心卖点。,直接考公适配弱，应更多看行业就业或升学转换。,普通应用/职业院校下直接考公空间很小，优先看事业单位、基层项目或行业就业。,,
480405,数字化染整技术,专科(高职),,专科,轻工纺织大类,纺织服装类,0.0,很弱/无直接岗位,2026国考职位表/中央机关及直属机构口径（第三方镜像）,0.0,0.0,0.0,0.0,0.0,0.0,0.0,0.0,0.0,无直接可报岗位,,0.0,,0.0,0.0,0.0,,0.0,0.0,,0.0,0.0,,0.0,0.0,,0.0,0.0,0.0,0.0,none,暂无明显潜力,2026岗位文本中未形成直接可报匹配。,不建议把考公作为该专业在头部院校的核心卖点。,直接考公适配弱，应更多看行业就业或升学转换。,普通应用/职业院校下直接考公空间很小，优先看事业单位、基层项目或行业就业。,,
480406,纺织品设计,专科(高职),,专科,轻工纺织大类,纺织服装类,0.0,很弱/无直接岗位,2026国考职位表/中央机关及直属机构口径（第三方镜像）,0.0,0.0,0.0,0.0,0.0,0.0,0.0,0.0,0.0,无直接可报岗位,,0.0,,0.0,0.0,0.0,,0.0,0.0,,0.0,0.0,,0.0,0.0,,0.0,0.0,0.0,0.0,none,暂无明显潜力,2026岗位文本中未形成直接可报匹配。,不建议把考公作为该专业在头部院校的核心卖点。,直接考公适配弱，应更多看行业就业或升学转换。,普通应用/职业院校下直接考公空间很小，优先看事业单位、基层项目或行业就业。,,
480407,现代家用纺织品设计,专科(高职),,专科,轻工纺织大类,纺织服装类,0.0,很弱/无直接岗位,2026国考职位表/中央机关及直属机构口径（第三方镜像）,0.0,0.0,0.0,0.0,0.0,0.0,0.0,0.0,0.0,无直接可报岗位,,0.0,,0.0,0.0,0.0,,0.0,0.0,,0.0,0.0,,0.0,0.0,,0.0,0.0,0.0,0.0,none,暂无明显潜力,2026岗位文本中未形成直接可报匹配。,不建议把考公作为该专业在头部院校的核心卖点。,直接考公适配弱，应更多看行业就业或升学转换。,普通应用/职业院校下直接考公空间很小，优先看事业单位、基层项目或行业就业。,,
480408,纺织材料与应用,专科(高职),,专科,轻工纺织大类,纺织服装类,0.0,很弱/无直接岗位,2026国考职位表/中央机关及直属机构口径（第三方镜像）,0.0,0.0,0.0,0.0,0.0,0.0,0.0,0.0,0.0,无直接可报岗位,,0.0,,0.0,0.0,0.0,,0.0,0.0,,0.0,0.0,,0.0,0.0,,0.0,0.0,0.0,0.0,none,暂无明显潜力,2026岗位文本中未形成直接可报匹配。,不建议把考公作为该专业在头部院校的核心卖点。,直接考公适配弱，应更多看行业就业或升学转换。,普通应用/职业院校下直接考公空间很小，优先看事业单位、基层项目或行业就业。,,
480409,现代非织造技术,专科(高职),,专科,轻工纺织大类,纺织服装类,0.0,很弱/无直接岗位,2026国考职位表/中央机关及直属机构口径（第三方镜像）,0.0,0.0,0.0,0.0,0.0,0.0,0.0,0.0,0.0,无直接可报岗位,,0.0,,0.0,0.0,0.0,,0.0,0.0,,0.0,0.0,,0.0,0.0,,0.0,0.0,0.0,0.0,none,暂无明显潜力,2026岗位文本中未形成直接可报匹配。,不建议把考公作为该专业在头部院校的核心卖点。,直接考公适配弱，应更多看行业就业或升学转换。,普通应用/职业院校下直接考公空间很小，优先看事业单位、基层项目或行业就业。,,
480410,纺织机电技术,专科(高职),,专科,轻工纺织大类,纺织服装类,0.0,很弱/无直接岗位,2026国考职位表/中央机关及直属机构口径（第三方镜像）,0.0,0.0,0.0,0.0,0.0,0.0,0.0,0.0,0.0,无直接可报岗位,,0.0,,0.0,0.0,0.0,,0.0,0.0,,0.0,0.0,,0.0,0.0,,0.0,0.0,0.0,0.0,none,暂无明显潜力,2026岗位文本中未形成直接可报匹配。,不建议把考公作为该专业在头部院校的核心卖点。,直接考公适配弱，应更多看行业就业或升学转换。,普通应用/职业院校下直接考公空间很小，优先看事业单位、基层项目或行业就业。,,
480411,纺织品检验与贸易,专科(高职),,专科,轻工纺织大类,纺织服装类,0.0,很弱/无直接岗位,2026国考职位表/中央机关及直属机构口径（第三方镜像）,0.0,0.0,0.0,0.0,0.0,0.0,0.0,0.0,0.0,无直接可报岗位,,0.0,,0.0,0.0,0.0,,0.0,0.0,,0.0,0.0,,0.0,0.0,,0.0,0.0,0.0,0.0,none,暂无明显潜力,2026岗位文本中未形成直接可报匹配。,不建议把考公作为该专业在头部院校的核心卖点。,直接考公适配弱，应更多看行业就业或升学转换。,普通应用/职业院校下直接考公空间很小，优先看事业单位、基层项目或行业就业。,,
480412,皮革服装制作与工艺,专科(高职),,专科,轻工纺织大类,纺织服装类,0.0,很弱/无直接岗位,2026国考职位表/中央机关及直属机构口径（第三方镜像）,0.0,0.0,0.0,0.0,0.0,0.0,0.0,0.0,0.0,无直接可报岗位,,0.0,,0.0,0.0,0.0,,0.0,0.0,,0.0,0.0,,0.0,0.0,,0.0,0.0,0.0,0.0,none,暂无明显潜力,2026岗位文本中未形成直接可报匹配。,不建议把考公作为该专业在头部院校的核心卖点。,直接考公适配弱，应更多看行业就业或升学转换。,普通应用/职业院校下直接考公空间很小，优先看事业单位、基层项目或行业就业。,,
490101,食品智能加工技术,专科(高职),,专科,食品药品与粮食大类,食品类,0.0,很弱/无直接岗位,2026国考职位表/中央机关及直属机构口径（第三方镜像）,0.0,0.0,0.0,0.0,0.0,0.0,0.0,0.0,0.0,无直接可报岗位,,0.0,,0.0,0.0,0.0,,0.0,0.0,,0.0,0.0,,0.0,0.0,,0.0,0.0,0.0,0.0,none,暂无明显潜力,2026岗位文本中未形成直接可报匹配。,不建议把考公作为该专业在头部院校的核心卖点。,直接考公适配弱，应更多看行业就业或升学转换。,普通应用/职业院校下直接考公空间很小，优先看事业单位、基层项目或行业就业。,,
490102,食品质量与安全,专科(高职),,专科,食品药品与粮食大类,食品类,0.0,很弱/无直接岗位,2026国考职位表/中央机关及直属机构口径（第三方镜像）,0.0,0.0,0.0,0.0,0.0,0.0,0.0,0.0,0.0,无直接可报岗位,,0.0,,0.0,0.0,0.0,,0.0,0.0,,0.0,0.0,,0.0,0.0,,0.0,103.0,103.0,0.0,limited,升学后中等潜力,大专学历直接可报岗位不足；专业文本在本科/升本路径中有匹配线索。,不建议把考公作为该专业在头部院校的核心卖点。,直接考公适配弱，应更多看行业就业或升学转换。,普通应用/职业院校下直接考公空间很小，优先看事业单位、基层项目或行业就业。,上海海关|乌鲁木齐海关|北京海关|南京海关|厦门海关|呼和浩特海关|哈尔滨海关|国家粮食和物资储备局贵州局,动植物和食品检验检疫处食品检验监管专业技术员|动植物检疫一级行政执法员|动植物检疫一级行政执法员（一）|动植物检疫一级行政执法员（二）|口岸监管一级行政执法员|口岸监管四级主办及以下|物控查检四级主办及以下|粮棉糖和救灾物资监管处一级主任科员及以下
490103,食品营养与健康,专科(高职),,专科,食品药品与粮食大类,食品类,0.0,很弱/无直接岗位,2026国考职位表/中央机关及直属机构口径（第三方镜像）,0.0,0.0,0.0,0.0,0.0,0.0,0.0,0.0,0.0,无直接可报岗位,,0.0,,0.0,0.0,0.0,,0.0,0.0,,0.0,0.0,,0.0,0.0,,0.0,4.0,4.0,0.0,limited,升学后弱潜力,大专学历直接可报岗位不足；专业文本在本科/升本路径中有匹配线索。,不建议把考公作为该专业在头部院校的核心卖点。,直接考公适配弱，应更多看行业就业或升学转换。,普通应用/职业院校下直接考公空间很小，优先看事业单位、基层项目或行业就业。,海口海关,食品检验监管一级行政执法员|食品检验监管一级行政执法员（一）|食品检验监管一级行政执法员（二）|食品检验监管四级主办及以下
490104,食品检验检测技术,专科(高职),,专科,食品药品与粮食大类,食品类,0.0,很弱/无直接岗位,2026国考职位表/中央机关及直属机构口径（第三方镜像）,0.0,0.0,0.0,0.0,0.0,0.0,0.0,0.0,0.0,无直接可报岗位,,0.0,,0.0,0.0,0.0,,0.0,0.0,,0.0,0.0,,0.0,0.0,,0.0,0.0,0.0,0.0,none,暂无明显潜力,2026岗位文本中未形成直接可报匹配。,不建议把考公作为该专业在头部院校的核心卖点。,直接考公适配弱，应更多看行业就业或升学转换。,普通应用/职业院校下直接考公空间很小，优先看事业单位、基层项目或行业就业。,,
490105,酿酒技术,专科(高职),,专科,食品药品与粮食大类,食品类,0.0,很弱/无直接岗位,2026国考职位表/中央机关及直属机构口径（第三方镜像）,0.0,0.0,0.0,0.0,0.0,0.0,0.0,0.0,0.0,无直接可报岗位,,0.0,,0.0,0.0,0.0,,0.0,0.0,,0.0,0.0,,0.0,0.0,,0.0,0.0,0.0,0.0,none,暂无明显潜力,2026岗位文本中未形成直接可报匹配。,不建议把考公作为该专业在头部院校的核心卖点。,直接考公适配弱，应更多看行业就业或升学转换。,普通应用/职业院校下直接考公空间很小，优先看事业单位、基层项目或行业就业。,,
490106,食品贮运与营销,专科(高职),,专科,食品药品与粮食大类,食品类,0.0,很弱/无直接岗位,2026国考职位表/中央机关及直属机构口径（第三方镜像）,0.0,0.0,0.0,0.0,0.0,0.0,0.0,0.0,0.0,无直接可报岗位,,0.0,,0.0,0.0,0.0,,0.0,0.0,,0.0,0.0,,0.0,0.0,,0.0,0.0,0.0,0.0,none,暂无明显潜力,2026岗位文本中未形成直接可报匹配。,不建议把考公作为该专业在头部院校的核心卖点。,直接考公适配弱，应更多看行业就业或升学转换。,普通应用/职业院校下直接考公空间很小，优先看事业单位、基层项目或行业就业。,,
490107,咖啡加工与应用技术,专科(高职),,专科,食品药品与粮食大类,食品类,0.0,很弱/无直接岗位,2026国考职位表/中央机关及直属机构口径（第三方镜像）,0.0,0.0,0.0,0.0,0.0,0.0,0.0,0.0,0.0,无直接可报岗位,,0.0,,0.0,0.0,0.0,,0.0,0.0,,0.0,0.0,,0.0,0.0,,0.0,0.0,0.0,0.0,,暂无明显潜力,2026岗位文本中未形成直接可报匹配。,不建议把考公作为该专业在头部院校的核心卖点。,直接考公适配弱，应更多看行业就业或升学转换。,普通应用/职业院校下直接考公空间很小，优先看事业单位、基层项目或行业就业。,,
490201,药品生产技术,专科(高职),,专科,食品药品与粮食大类,药品与医疗器械类,0.0,很弱/无直接岗位,2026国考职位表/中央机关及直属机构口径（第三方镜像）,0.0,0.0,0.0,0.0,0.0,0.0,0.0,0.0,0.0,无直接可报岗位,,0.0,,0.0,0.0,0.0,,0.0,0.0,,0.0,0.0,,0.0,0.0,,0.0,0.0,0.0,0.0,none,暂无明显潜力,2026岗位文本中未形成直接可报匹配。,不建议把考公作为该专业在头部院校的核心卖点。,直接考公适配弱，应更多看行业就业或升学转换。,普通应用/职业院校下直接考公空间很小，优先看事业单位、基层项目或行业就业。,,
490202,生物制药技术,专科(高职),,专科,食品药品与粮食大类,药品与医疗器械类,0.0,很弱/无直接岗位,2026国考职位表/中央机关及直属机构口径（第三方镜像）,0.0,0.0,0.0,0.0,0.0,0.0,0.0,0.0,0.0,无直接可报岗位,,0.0,,0.0,0.0,0.0,,0.0,0.0,,0.0,0.0,,0.0,0.0,,0.0,0.0,0.0,0.0,none,暂无明显潜力,2026岗位文本中未形成直接可报匹配。,不建议把考公作为该专业在头部院校的核心卖点。,直接考公适配弱，应更多看行业就业或升学转换。,普通应用/职业院校下直接考公空间很小，优先看事业单位、基层项目或行业就业。,,
490203,药物制剂技术,专科(高职),,专科,食品药品与粮食大类,药品与医疗器械类,0.0,很弱/无直接岗位,2026国考职位表/中央机关及直属机构口径（第三方镜像）,0.0,0.0,0.0,0.0,0.0,0.0,0.0,0.0,0.0,无直接可报岗位,,0.0,,0.0,0.0,0.0,,0.0,0.0,,0.0,0.0,,0.0,0.0,,0.0,0.0,0.0,0.0,none,暂无明显潜力,2026岗位文本中未形成直接可报匹配。,不建议把考公作为该专业在头部院校的核心卖点。,直接考公适配弱，应更多看行业就业或升学转换。,普通应用/职业院校下直接考公空间很小，优先看事业单位、基层项目或行业就业。,,
490204,化学制药技术,专科(高职),,专科,食品药品与粮食大类,药品与医疗器械类,0.0,很弱/无直接岗位,2026国考职位表/中央机关及直属机构口径（第三方镜像）,0.0,0.0,0.0,0.0,0.0,0.0,0.0,0.0,0.0,无直接可报岗位,,0.0,,0.0,0.0,0.0,,0.0,0.0,,0.0,0.0,,0.0,0.0,,0.0,0.0,0.0,0.0,none,暂无明显潜力,2026岗位文本中未形成直接可报匹配。,不建议把考公作为该专业在头部院校的核心卖点。,直接考公适配弱，应更多看行业就业或升学转换。,普通应用/职业院校下直接考公空间很小，优先看事业单位、基层项目或行业就业。,,
490205,兽药制药技术,专科(高职),,专科,食品药品与粮食大类,药品与医疗器械类,0.0,很弱/无直接岗位,2026国考职位表/中央机关及直属机构口径（第三方镜像）,0.0,0.0,0.0,0.0,0.0,0.0,0.0,0.0,0.0,无直接可报岗位,,0.0,,0.0,0.0,0.0,,0.0,0.0,,0.0,0.0,,0.0,0.0,,0.0,0.0,0.0,0.0,none,暂无明显潜力,2026岗位文本中未形成直接可报匹配。,不建议把考公作为该专业在头部院校的核心卖点。,直接考公适配弱，应更多看行业就业或升学转换。,普通应用/职业院校下直接考公空间很小，优先看事业单位、基层项目或行业就业。,,
490206,药品质量与安全,专科(高职),,专科,食品药品与粮食大类,药品与医疗器械类,0.0,很弱/无直接岗位,2026国考职位表/中央机关及直属机构口径（第三方镜像）,0.0,0.0,0.0,0.0,0.0,0.0,0.0,0.0,0.0,无直接可报岗位,,0.0,,0.0,0.0,0.0,,0.0,0.0,,0.0,0.0,,0.0,0.0,,0.0,0.0,0.0,0.0,none,暂无明显潜力,2026岗位文本中未形成直接可报匹配。,不建议把考公作为该专业在头部院校的核心卖点。,直接考公适配弱，应更多看行业就业或升学转换。,普通应用/职业院校下直接考公空间很小，优先看事业单位、基层项目或行业就业。,,
490207,制药设备应用技术,专科(高职),,专科,食品药品与粮食大类,药品与医疗器械类,0.0,很弱/无直接岗位,2026国考职位表/中央机关及直属机构口径（第三方镜像）,0.0,0.0,0.0,0.0,0.0,0.0,0.0,0.0,0.0,无直接可报岗位,,0.0,,0.0,0.0,0.0,,0.0,0.0,,0.0,0.0,,0.0,0.0,,0.0,0.0,0.0,0.0,none,暂无明显潜力,2026岗位文本中未形成直接可报匹配。,不建议把考公作为该专业在头部院校的核心卖点。,直接考公适配弱，应更多看行业就业或升学转换。,普通应用/职业院校下直接考公空间很小，优先看事业单位、基层项目或行业就业。,,
490208,药品经营与管理,专科(高职),,专科,食品药品与粮食大类,药品与医疗器械类,0.0,很弱/无直接岗位,2026国考职位表/中央机关及直属机构口径（第三方镜像）,0.0,0.0,0.0,0.0,0.0,0.0,0.0,0.0,0.0,无直接可报岗位,,0.0,,0.0,0.0,0.0,,0.0,0.0,,0.0,0.0,,0.0,0.0,,0.0,0.0,0.0,0.0,none,暂无明显潜力,2026岗位文本中未形成直接可报匹配。,不建议把考公作为该专业在头部院校的核心卖点。,直接考公适配弱，应更多看行业就业或升学转换。,普通应用/职业院校下直接考公空间很小，优先看事业单位、基层项目或行业就业。,,
490209,食品药品监督管理,专科(高职),,专科,食品药品与粮食大类,药品与医疗器械类,0.0,很弱/无直接岗位,2026国考职位表/中央机关及直属机构口径（第三方镜像）,0.0,0.0,0.0,0.0,0.0,0.0,0.0,0.0,0.0,无直接可报岗位,,0.0,,0.0,0.0,0.0,,0.0,0.0,,0.0,0.0,,0.0,0.0,,0.0,0.0,0.0,0.0,none,暂无明显潜力,2026岗位文本中未形成直接可报匹配。,不建议把考公作为该专业在头部院校的核心卖点。,直接考公适配弱，应更多看行业就业或升学转换。,普通应用/职业院校下直接考公空间很小，优先看事业单位、基层项目或行业就业。,,
490210,智能医疗装备技术,专科(高职),,专科,食品药品与粮食大类,药品与医疗器械类,0.0,很弱/无直接岗位,2026国考职位表/中央机关及直属机构口径（第三方镜像）,0.0,0.0,0.0,0.0,0.0,0.0,0.0,0.0,0.0,无直接可报岗位,,0.0,,0.0,0.0,0.0,,0.0,0.0,,0.0,0.0,,0.0,0.0,,0.0,0.0,0.0,0.0,none,暂无明显潜力,2026岗位文本中未形成直接可报匹配。,不建议把考公作为该专业在头部院校的核心卖点。,直接考公适配弱，应更多看行业就业或升学转换。,普通应用/职业院校下直接考公空间很小，优先看事业单位、基层项目或行业就业。,,
490211,医用电子仪器技术,专科(高职),,专科,食品药品与粮食大类,药品与医疗器械类,0.0,很弱/无直接岗位,2026国考职位表/中央机关及直属机构口径（第三方镜像）,0.0,0.0,0.0,0.0,0.0,0.0,0.0,0.0,0.0,无直接可报岗位,,0.0,,0.0,0.0,0.0,,0.0,0.0,,0.0,0.0,,0.0,0.0,,0.0,0.0,0.0,0.0,none,暂无明显潜力,2026岗位文本中未形成直接可报匹配。,不建议把考公作为该专业在头部院校的核心卖点。,直接考公适配弱，应更多看行业就业或升学转换。,普通应用/职业院校下直接考公空间很小，优先看事业单位、基层项目或行业就业。,,
490212,医用材料与应用,专科(高职),,专科,食品药品与粮食大类,药品与医疗器械类,0.0,很弱/无直接岗位,2026国考职位表/中央机关及直属机构口径（第三方镜像）,0.0,0.0,0.0,0.0,0.0,0.0,0.0,0.0,0.0,无直接可报岗位,,0.0,,0.0,0.0,0.0,,0.0,0.0,,0.0,0.0,,0.0,0.0,,0.0,0.0,0.0,0.0,none,暂无明显潜力,2026岗位文本中未形成直接可报匹配。,不建议把考公作为该专业在头部院校的核心卖点。,直接考公适配弱，应更多看行业就业或升学转换。,普通应用/职业院校下直接考公空间很小，优先看事业单位、基层项目或行业就业。,,
490213,医疗器械维护与管理,专科(高职),,专科,食品药品与粮食大类,药品与医疗器械类,0.0,很弱/无直接岗位,2026国考职位表/中央机关及直属机构口径（第三方镜像）,0.0,0.0,0.0,0.0,0.0,0.0,0.0,0.0,0.0,无直接可报岗位,,0.0,,0.0,0.0,0.0,,0.0,0.0,,0.0,0.0,,0.0,0.0,,0.0,0.0,0.0,0.0,none,暂无明显潜力,2026岗位文本中未形成直接可报匹配。,不建议把考公作为该专业在头部院校的核心卖点。,直接考公适配弱，应更多看行业就业或升学转换。,普通应用/职业院校下直接考公空间很小，优先看事业单位、基层项目或行业就业。,,
490214,医疗器械经营与服务,专科(高职),,专科,食品药品与粮食大类,药品与医疗器械类,0.0,很弱/无直接岗位,2026国考职位表/中央机关及直属机构口径（第三方镜像）,0.0,0.0,0.0,0.0,0.0,0.0,0.0,0.0,0.0,无直接可报岗位,,0.0,,0.0,0.0,0.0,,0.0,0.0,,0.0,0.0,,0.0,0.0,,0.0,0.0,0.0,0.0,none,暂无明显潜力,2026岗位文本中未形成直接可报匹配。,不建议把考公作为该专业在头部院校的核心卖点。,直接考公适配弱，应更多看行业就业或升学转换。,普通应用/职业院校下直接考公空间很小，优先看事业单位、基层项目或行业就业。,,
490215,康复工程技术,专科(高职),,专科,食品药品与粮食大类,药品与医疗器械类,0.0,很弱/无直接岗位,2026国考职位表/中央机关及直属机构口径（第三方镜像）,0.0,0.0,0.0,0.0,0.0,0.0,0.0,0.0,0.0,无直接可报岗位,,0.0,,0.0,0.0,0.0,,0.0,0.0,,0.0,0.0,,0.0,0.0,,0.0,0.0,0.0,0.0,none,暂无明显潜力,2026岗位文本中未形成直接可报匹配。,不建议把考公作为该专业在头部院校的核心卖点。,直接考公适配弱，应更多看行业就业或升学转换。,普通应用/职业院校下直接考公空间很小，优先看事业单位、基层项目或行业就业。,,
490216,保健食品质量与管理,专科(高职),,专科,食品药品与粮食大类,药品与医疗器械类,0.0,很弱/无直接岗位,2026国考职位表/中央机关及直属机构口径（第三方镜像）,0.0,0.0,0.0,0.0,0.0,0.0,0.0,0.0,0.0,无直接可报岗位,,0.0,,0.0,0.0,0.0,,0.0,0.0,,0.0,0.0,,0.0,0.0,,0.0,0.0,0.0,0.0,none,暂无明显潜力,2026岗位文本中未形成直接可报匹配。,不建议把考公作为该专业在头部院校的核心卖点。,直接考公适配弱，应更多看行业就业或升学转换。,普通应用/职业院校下直接考公空间很小，优先看事业单位、基层项目或行业就业。,,
490217,化妆品经营与管理,专科(高职),,专科,食品药品与粮食大类,药品与医疗器械类,0.0,很弱/无直接岗位,2026国考职位表/中央机关及直属机构口径（第三方镜像）,0.0,0.0,0.0,0.0,0.0,0.0,0.0,0.0,0.0,无直接可报岗位,,0.0,,0.0,0.0,0.0,,0.0,0.0,,0.0,0.0,,0.0,0.0,,0.0,0.0,0.0,0.0,none,暂无明显潜力,2026岗位文本中未形成直接可报匹配。,不建议把考公作为该专业在头部院校的核心卖点。,直接考公适配弱，应更多看行业就业或升学转换。,普通应用/职业院校下直接考公空间很小，优先看事业单位、基层项目或行业就业。,,
490218,化妆品质量与安全,专科(高职),,专科,食品药品与粮食大类,药品与医疗器械类,0.0,很弱/无直接岗位,2026国考职位表/中央机关及直属机构口径（第三方镜像）,0.0,0.0,0.0,0.0,0.0,0.0,0.0,0.0,0.0,无直接可报岗位,,0.0,,0.0,0.0,0.0,,0.0,0.0,,0.0,0.0,,0.0,0.0,,0.0,0.0,0.0,0.0,none,暂无明显潜力,2026岗位文本中未形成直接可报匹配。,不建议把考公作为该专业在头部院校的核心卖点。,直接考公适配弱，应更多看行业就业或升学转换。,普通应用/职业院校下直接考公空间很小，优先看事业单位、基层项目或行业就业。,,
490301,粮食工程技术与管理,专科(高职),,专科,食品药品与粮食大类,粮食类,0.0,很弱/无直接岗位,2026国考职位表/中央机关及直属机构口径（第三方镜像）,0.0,0.0,0.0,0.0,0.0,0.0,0.0,0.0,0.0,无直接可报岗位,,0.0,,0.0,0.0,0.0,,0.0,0.0,,0.0,0.0,,0.0,0.0,,0.0,0.0,0.0,0.0,none,暂无明显潜力,2026岗位文本中未形成直接可报匹配。,不建议把考公作为该专业在头部院校的核心卖点。,直接考公适配弱，应更多看行业就业或升学转换。,普通应用/职业院校下直接考公空间很小，优先看事业单位、基层项目或行业就业。,,
490302,粮食储运与质量安全,专科(高职),,专科,食品药品与粮食大类,粮食类,0.0,很弱/无直接岗位,2026国考职位表/中央机关及直属机构口径（第三方镜像）,0.0,0.0,0.0,0.0,0.0,0.0,0.0,0.0,0.0,无直接可报岗位,,0.0,,0.0,0.0,0.0,,0.0,0.0,,0.0,0.0,,0.0,0.0,,0.0,0.0,0.0,0.0,none,暂无明显潜力,2026岗位文本中未形成直接可报匹配。,不建议把考公作为该专业在头部院校的核心卖点。,直接考公适配弱，应更多看行业就业或升学转换。,普通应用/职业院校下直接考公空间很小，优先看事业单位、基层项目或行业就业。,,
230101,电力工程及自动化,本科(职业),,本科,能源动力与材料大类,电力技术类,0.0,很弱/无直接岗位,2026国考职位表/中央机关及直属机构口径（第三方镜像）,0.0,0.0,0.0,0.0,0.0,0.0,0.0,0.0,0.0,无直接可报岗位,,0.0,,0.0,0.0,0.0,,0.0,0.0,,0.0,0.0,,0.0,0.0,,0.0,0.0,0.0,0.0,,暂无明显潜力,2026岗位文本中未形成直接可报匹配。,不建议把考公作为该专业在头部院校的核心卖点。,直接考公适配弱，应更多看行业就业或升学转换。,不适合作为普通应用院校的考公主卖点。,,
230102,智能电网工程技术,本科(职业),,本科,能源动力与材料大类,电力技术类,0.0,很弱/无直接岗位,2026国考职位表/中央机关及直属机构口径（第三方镜像）,0.0,0.0,0.0,0.0,0.0,0.0,0.0,0.0,0.0,无直接可报岗位,,0.0,,0.0,0.0,0.0,,0.0,0.0,,0.0,0.0,,0.0,0.0,,0.0,0.0,0.0,0.0,,暂无明显潜力,2026岗位文本中未形成直接可报匹配。,不建议把考公作为该专业在头部院校的核心卖点。,直接考公适配弱，应更多看行业就业或升学转换。,不适合作为普通应用院校的考公主卖点。,,
230103,智慧综合能源工程,本科(职业),,本科,能源动力与材料大类,电力技术类,0.0,很弱/无直接岗位,2026国考职位表/中央机关及直属机构口径（第三方镜像）,0.0,0.0,0.0,0.0,0.0,0.0,0.0,0.0,0.0,无直接可报岗位,,0.0,,0.0,0.0,0.0,,0.0,0.0,,0.0,0.0,,0.0,0.0,,0.0,0.0,0.0,0.0,,暂无明显潜力,2026岗位文本中未形成直接可报匹配。,不建议把考公作为该专业在头部院校的核心卖点。,直接考公适配弱，应更多看行业就业或升学转换。,不适合作为普通应用院校的考公主卖点。,,
230201,热能动力工程,本科(职业),,本科,能源动力与材料大类,热能与发电工程类,0.0,很弱/无直接岗位,2026国考职位表/中央机关及直属机构口径（第三方镜像）,0.0,0.0,0.0,0.0,0.0,0.0,0.0,0.0,0.0,无直接可报岗位,,0.0,,0.0,0.0,0.0,,0.0,0.0,,0.0,0.0,,0.0,0.0,,0.0,0.0,0.0,0.0,,暂无明显潜力,2026岗位文本中未形成直接可报匹配。,不建议把考公作为该专业在头部院校的核心卖点。,直接考公适配弱，应更多看行业就业或升学转换。,不适合作为普通应用院校的考公主卖点。,,
230202,核工程与核技术应用,本科(职业),,本科,能源动力与材料大类,热能与发电工程类,0.0,很弱/无直接岗位,2026国考职位表/中央机关及直属机构口径（第三方镜像）,0.0,0.0,0.0,0.0,0.0,0.0,0.0,0.0,0.0,无直接可报岗位,,0.0,,0.0,0.0,0.0,,0.0,0.0,,0.0,0.0,,0.0,0.0,,0.0,0.0,0.0,0.0,,暂无明显潜力,2026岗位文本中未形成直接可报匹配。,不建议把考公作为该专业在头部院校的核心卖点。,直接考公适配弱，应更多看行业就业或升学转换。,不适合作为普通应用院校的考公主卖点。,,
230301,新能源发电工程技术,本科(职业),,本科,能源动力与材料大类,新能源发电工程类,0.0,很弱/无直接岗位,2026国考职位表/中央机关及直属机构口径（第三方镜像）,0.0,0.0,0.0,0.0,0.0,0.0,0.0,0.0,0.0,无直接可报岗位,,0.0,,0.0,0.0,0.0,,0.0,0.0,,0.0,0.0,,0.0,0.0,,0.0,0.0,0.0,0.0,,暂无明显潜力,2026岗位文本中未形成直接可报匹配。,不建议把考公作为该专业在头部院校的核心卖点。,直接考公适配弱，应更多看行业就业或升学转换。,不适合作为普通应用院校的考公主卖点。,,
230401,钢铁智能冶金技术,本科(职业),,本科,能源动力与材料大类,黑色金属材料类,0.0,很弱/无直接岗位,2026国考职位表/中央机关及直属机构口径（第三方镜像）,0.0,0.0,0.0,0.0,0.0,0.0,0.0,0.0,0.0,无直接可报岗位,,0.0,,0.0,0.0,0.0,,0.0,0.0,,0.0,0.0,,0.0,0.0,,0.0,0.0,0.0,0.0,,暂无明显潜力,2026岗位文本中未形成直接可报匹配。,不建议把考公作为该专业在头部院校的核心卖点。,直接考公适配弱，应更多看行业就业或升学转换。,不适合作为普通应用院校的考公主卖点。,,
230402,钢铁智能轧制技术,本科(职业),,本科,能源动力与材料大类,黑色金属材料类,0.0,很弱/无直接岗位,2026国考职位表/中央机关及直属机构口径（第三方镜像）,0.0,0.0,0.0,0.0,0.0,0.0,0.0,0.0,0.0,无直接可报岗位,,0.0,,0.0,0.0,0.0,,0.0,0.0,,0.0,0.0,,0.0,0.0,,0.0,0.0,0.0,0.0,,暂无明显潜力,2026岗位文本中未形成直接可报匹配。,不建议把考公作为该专业在头部院校的核心卖点。,直接考公适配弱，应更多看行业就业或升学转换。,不适合作为普通应用院校的考公主卖点。,,
230501,材料化冶金应用技术,本科(职业),,本科,能源动力与材料大类,有色金属材料类,0.0,很弱/无直接岗位,2026国考职位表/中央机关及直属机构口径（第三方镜像）,0.0,0.0,0.0,0.0,0.0,0.0,0.0,0.0,0.0,无直接可报岗位,,0.0,,0.0,0.0,0.0,,0.0,0.0,,0.0,0.0,,0.0,0.0,,0.0,0.0,0.0,0.0,,暂无明显潜力,2026岗位文本中未形成直接可报匹配。,不建议把考公作为该专业在头部院校的核心卖点。,直接考公适配弱，应更多看行业就业或升学转换。,不适合作为普通应用院校的考公主卖点。,,
230502,金属智能成型技术,本科(职业),,本科,能源动力与材料大类,有色金属材料类,0.0,很弱/无直接岗位,2026国考职位表/中央机关及直属机构口径（第三方镜像）,0.0,0.0,0.0,0.0,0.0,0.0,0.0,0.0,0.0,无直接可报岗位,,0.0,,0.0,0.0,0.0,,0.0,0.0,,0.0,0.0,,0.0,0.0,,0.0,0.0,0.0,0.0,,暂无明显潜力,2026岗位文本中未形成直接可报匹配。,不建议把考公作为该专业在头部院校的核心卖点。,直接考公适配弱，应更多看行业就业或升学转换。,不适合作为普通应用院校的考公主卖点。,,
230503,储能材料工程技术,本科(职业),,本科,能源动力与材料大类,有色金属材料类,0.0,很弱/无直接岗位,2026国考职位表/中央机关及直属机构口径（第三方镜像）,0.0,0.0,0.0,0.0,0.0,0.0,0.0,0.0,0.0,无直接可报岗位,,0.0,,0.0,0.0,0.0,,0.0,0.0,,0.0,0.0,,0.0,0.0,,0.0,0.0,0.0,0.0,,暂无明显潜力,2026岗位文本中未形成直接可报匹配。,不建议把考公作为该专业在头部院校的核心卖点。,直接考公适配弱，应更多看行业就业或升学转换。,不适合作为普通应用院校的考公主卖点。,,
230601,高分子材料工程技术,本科(职业),,本科,能源动力与材料大类,非金属材料类,0.0,很弱/无直接岗位,2026国考职位表/中央机关及直属机构口径（第三方镜像）,0.0,0.0,0.0,0.0,0.0,0.0,0.0,0.0,0.0,无直接可报岗位,,0.0,,0.0,0.0,0.0,,0.0,0.0,,0.0,0.0,,0.0,0.0,,0.0,0.0,0.0,0.0,,暂无明显潜力,2026岗位文本中未形成直接可报匹配。,不建议把考公作为该专业在头部院校的核心卖点。,直接考公适配弱，应更多看行业就业或升学转换。,不适合作为普通应用院校的考公主卖点。,,
230602,新材料与应用技术,本科(职业),,本科,能源动力与材料大类,非金属材料类,0.0,很弱/无直接岗位,2026国考职位表/中央机关及直属机构口径（第三方镜像）,0.0,0.0,0.0,0.0,0.0,0.0,0.0,0.0,0.0,无直接可报岗位,,0.0,,0.0,0.0,0.0,,0.0,0.0,,0.0,0.0,,0.0,0.0,,0.0,0.0,0.0,0.0,,暂无明显潜力,2026岗位文本中未形成直接可报匹配。,不建议把考公作为该专业在头部院校的核心卖点。,直接考公适配弱，应更多看行业就业或升学转换。,不适合作为普通应用院校的考公主卖点。,,
230701,建筑材料智能制造,本科(职业),,本科,能源动力与材料大类,建筑材料类,0.0,很弱/无直接岗位,2026国考职位表/中央机关及直属机构口径（第三方镜像）,0.0,0.0,0.0,0.0,0.0,0.0,0.0,0.0,0.0,无直接可报岗位,,0.0,,0.0,0.0,0.0,,0.0,0.0,,0.0,0.0,,0.0,0.0,,0.0,0.0,0.0,0.0,,暂无明显潜力,2026岗位文本中未形成直接可报匹配。,不建议把考公作为该专业在头部院校的核心卖点。,直接考公适配弱，应更多看行业就业或升学转换。,不适合作为普通应用院校的考公主卖点。,,
350101,工艺美术,本科(职业),,本科,文化艺术大类,艺术设计类,0.0,很弱/无直接岗位,2026国考职位表/中央机关及直属机构口径（第三方镜像）,0.0,0.0,0.0,0.0,0.0,0.0,0.0,0.0,0.0,无直接可报岗位,,0.0,,0.0,0.0,0.0,,0.0,0.0,,0.0,0.0,,0.0,0.0,,0.0,0.0,0.0,0.0,,暂无明显潜力,2026岗位文本中未形成直接可报匹配。,不建议把考公作为该专业在头部院校的核心卖点。,直接考公适配弱，应更多看行业就业或升学转换。,不适合作为普通应用院校的考公主卖点。,,
350102,视觉传达设计,本科(职业),,本科,文化艺术大类,艺术设计类,0.0,很弱/无直接岗位,2026国考职位表/中央机关及直属机构口径（第三方镜像）,0.0,0.0,0.0,0.0,0.0,0.0,0.0,0.0,0.0,无直接可报岗位,,0.0,,0.0,0.0,0.0,,0.0,0.0,,0.0,0.0,,0.0,0.0,,0.0,0.0,0.0,0.0,,暂无明显潜力,2026岗位文本中未形成直接可报匹配。,不建议把考公作为该专业在头部院校的核心卖点。,直接考公适配弱，应更多看行业就业或升学转换。,不适合作为普通应用院校的考公主卖点。,,
350103,数字媒体艺术,本科(职业),,本科,文化艺术大类,艺术设计类,0.0,很弱/无直接岗位,2026国考职位表/中央机关及直属机构口径（第三方镜像）,0.0,0.0,0.0,0.0,0.0,0.0,0.0,0.0,0.0,无直接可报岗位,,0.0,,0.0,0.0,0.0,,0.0,0.0,,0.0,0.0,,0.0,0.0,,0.0,0.0,0.0,0.0,,暂无明显潜力,2026岗位文本中未形成直接可报匹配。,不建议把考公作为该专业在头部院校的核心卖点。,直接考公适配弱，应更多看行业就业或升学转换。,不适合作为普通应用院校的考公主卖点。,,
350104,产品设计,本科(职业),,本科,文化艺术大类,艺术设计类,0.0,很弱/无直接岗位,2026国考职位表/中央机关及直属机构口径（第三方镜像）,0.0,0.0,0.0,0.0,0.0,0.0,0.0,0.0,0.0,无直接可报岗位,,0.0,,0.0,0.0,0.0,,0.0,0.0,,0.0,0.0,,0.0,0.0,,0.0,0.0,0.0,0.0,,暂无明显潜力,2026岗位文本中未形成直接可报匹配。,不建议把考公作为该专业在头部院校的核心卖点。,直接考公适配弱，应更多看行业就业或升学转换。,不适合作为普通应用院校的考公主卖点。,,
350105,服装与服饰设计,本科(职业),,本科,文化艺术大类,艺术设计类,0.0,很弱/无直接岗位,2026国考职位表/中央机关及直属机构口径（第三方镜像）,0.0,0.0,0.0,0.0,0.0,0.0,0.0,0.0,0.0,无直接可报岗位,,0.0,,0.0,0.0,0.0,,0.0,0.0,,0.0,0.0,,0.0,0.0,,0.0,0.0,0.0,0.0,,暂无明显潜力,2026岗位文本中未形成直接可报匹配。,不建议把考公作为该专业在头部院校的核心卖点。,直接考公适配弱，应更多看行业就业或升学转换。,不适合作为普通应用院校的考公主卖点。,,
350106,环境艺术设计,本科(职业),,本科,文化艺术大类,艺术设计类,0.0,很弱/无直接岗位,2026国考职位表/中央机关及直属机构口径（第三方镜像）,0.0,0.0,0.0,0.0,0.0,0.0,0.0,0.0,0.0,无直接可报岗位,,0.0,,0.0,0.0,0.0,,0.0,0.0,,0.0,0.0,,0.0,0.0,,0.0,0.0,0.0,0.0,,暂无明显潜力,2026岗位文本中未形成直接可报匹配。,不建议把考公作为该专业在头部院校的核心卖点。,直接考公适配弱，应更多看行业就业或升学转换。,不适合作为普通应用院校的考公主卖点。,,
350107,美术,本科(职业),,本科,文化艺术大类,艺术设计类,0.0,很弱/无直接岗位,2026国考职位表/中央机关及直属机构口径（第三方镜像）,0.0,0.0,0.0,0.0,0.0,0.0,0.0,0.0,0.0,无直接可报岗位,,0.0,,0.0,0.0,0.0,,0.0,0.0,,0.0,0.0,,0.0,0.0,,0.0,0.0,0.0,0.0,,暂无明显潜力,2026岗位文本中未形成直接可报匹配。,不建议把考公作为该专业在头部院校的核心卖点。,直接考公适配弱，应更多看行业就业或升学转换。,不适合作为普通应用院校的考公主卖点。,,
350108,公共艺术设计,本科(职业),,本科,文化艺术大类,艺术设计类,0.0,很弱/无直接岗位,2026国考职位表/中央机关及直属机构口径（第三方镜像）,0.0,0.0,0.0,0.0,0.0,0.0,0.0,0.0,0.0,无直接可报岗位,,0.0,,0.0,0.0,0.0,,0.0,0.0,,0.0,0.0,,0.0,0.0,,0.0,0.0,0.0,0.0,,暂无明显潜力,2026岗位文本中未形成直接可报匹配。,不建议把考公作为该专业在头部院校的核心卖点。,直接考公适配弱，应更多看行业就业或升学转换。,不适合作为普通应用院校的考公主卖点。,,
350109,游戏创意设计,本科(职业),,本科,文化艺术大类,艺术设计类,0.0,很弱/无直接岗位,2026国考职位表/中央机关及直属机构口径（第三方镜像）,0.0,0.0,0.0,0.0,0.0,0.0,0.0,0.0,0.0,无直接可报岗位,,0.0,,0.0,0.0,0.0,,0.0,0.0,,0.0,0.0,,0.0,0.0,,0.0,0.0,0.0,0.0,,暂无明显潜力,2026岗位文本中未形成直接可报匹配。,不建议把考公作为该专业在头部院校的核心卖点。,直接考公适配弱，应更多看行业就业或升学转换。,不适合作为普通应用院校的考公主卖点。,,
350110,展示艺术设计,本科(职业),,本科,文化艺术大类,艺术设计类,0.0,很弱/无直接岗位,2026国考职位表/中央机关及直属机构口径（第三方镜像）,0.0,0.0,0.0,0.0,0.0,0.0,0.0,0.0,0.0,无直接可报岗位,,0.0,,0.0,0.0,0.0,,0.0,0.0,,0.0,0.0,,0.0,0.0,,0.0,0.0,0.0,0.0,,暂无明显潜力,2026岗位文本中未形成直接可报匹配。,不建议把考公作为该专业在头部院校的核心卖点。,直接考公适配弱，应更多看行业就业或升学转换。,不适合作为普通应用院校的考公主卖点。,,
350111,数字影像设计,本科(职业),,本科,文化艺术大类,艺术设计类,0.0,很弱/无直接岗位,2026国考职位表/中央机关及直属机构口径（第三方镜像）,0.0,0.0,0.0,0.0,0.0,0.0,0.0,0.0,0.0,无直接可报岗位,,0.0,,0.0,0.0,0.0,,0.0,0.0,,0.0,0.0,,0.0,0.0,,0.0,0.0,0.0,0.0,,暂无明显潜力,2026岗位文本中未形成直接可报匹配。,不建议把考公作为该专业在头部院校的核心卖点。,直接考公适配弱，应更多看行业就业或升学转换。,不适合作为普通应用院校的考公主卖点。,,
350112,时尚品设计,本科(职业),,本科,文化艺术大类,艺术设计类,0.0,很弱/无直接岗位,2026国考职位表/中央机关及直属机构口径（第三方镜像）,0.0,0.0,0.0,0.0,0.0,0.0,0.0,0.0,0.0,无直接可报岗位,,0.0,,0.0,0.0,0.0,,0.0,0.0,,0.0,0.0,,0.0,0.0,,0.0,0.0,0.0,0.0,,暂无明显潜力,2026岗位文本中未形成直接可报匹配。,不建议把考公作为该专业在头部院校的核心卖点。,直接考公适配弱，应更多看行业就业或升学转换。,不适合作为普通应用院校的考公主卖点。,,
350113,陶瓷艺术设计,本科(职业),,本科,文化艺术大类,艺术设计类,0.0,很弱/无直接岗位,2026国考职位表/中央机关及直属机构口径（第三方镜像）,0.0,0.0,0.0,0.0,0.0,0.0,0.0,0.0,0.0,无直接可报岗位,,0.0,,0.0,0.0,0.0,,0.0,0.0,,0.0,0.0,,0.0,0.0,,0.0,0.0,0.0,0.0,,暂无明显潜力,2026岗位文本中未形成直接可报匹配。,不建议把考公作为该专业在头部院校的核心卖点。,直接考公适配弱，应更多看行业就业或升学转换。,不适合作为普通应用院校的考公主卖点。,,
350114,刺绣设计与工艺,本科(职业),,本科,文化艺术大类,艺术设计类,0.0,很弱/无直接岗位,2026国考职位表/中央机关及直属机构口径（第三方镜像）,0.0,0.0,0.0,0.0,0.0,0.0,0.0,0.0,0.0,无直接可报岗位,,0.0,,0.0,0.0,0.0,,0.0,0.0,,0.0,0.0,,0.0,0.0,,0.0,0.0,0.0,0.0,,暂无明显潜力,2026岗位文本中未形成直接可报匹配。,不建议把考公作为该专业在头部院校的核心卖点。,直接考公适配弱，应更多看行业就业或升学转换。,不适合作为普通应用院校的考公主卖点。,,
350115,智能人居设计,本科(职业),,本科,文化艺术大类,艺术设计类,0.0,很弱/无直接岗位,2026国考职位表/中央机关及直属机构口径（第三方镜像）,0.0,0.0,0.0,0.0,0.0,0.0,0.0,0.0,0.0,无直接可报岗位,,0.0,,0.0,0.0,0.0,,0.0,0.0,,0.0,0.0,,0.0,0.0,,0.0,0.0,0.0,0.0,,暂无明显潜力,2026岗位文本中未形成直接可报匹配。,不建议把考公作为该专业在头部院校的核心卖点。,直接考公适配弱，应更多看行业就业或升学转换。,不适合作为普通应用院校的考公主卖点。,,
350201,音乐表演,本科(职业),,本科,文化艺术大类,表演艺术类,0.0,很弱/无直接岗位,2026国考职位表/中央机关及直属机构口径（第三方镜像）,0.0,0.0,0.0,0.0,0.0,0.0,0.0,0.0,0.0,无直接可报岗位,,0.0,,0.0,0.0,0.0,,0.0,0.0,,0.0,0.0,,0.0,0.0,,0.0,0.0,0.0,0.0,,暂无明显潜力,2026岗位文本中未形成直接可报匹配。,不建议把考公作为该专业在头部院校的核心卖点。,直接考公适配弱，应更多看行业就业或升学转换。,不适合作为普通应用院校的考公主卖点。,,
350202,舞蹈表演与编导,本科(职业),,本科,文化艺术大类,表演艺术类,0.0,很弱/无直接岗位,2026国考职位表/中央机关及直属机构口径（第三方镜像）,0.0,0.0,0.0,0.0,0.0,0.0,0.0,0.0,0.0,无直接可报岗位,,0.0,,0.0,0.0,0.0,,0.0,0.0,,0.0,0.0,,0.0,0.0,,0.0,0.0,0.0,0.0,,暂无明显潜力,2026岗位文本中未形成直接可报匹配。,不建议把考公作为该专业在头部院校的核心卖点。,直接考公适配弱，应更多看行业就业或升学转换。,不适合作为普通应用院校的考公主卖点。,,
350203,戏曲表演,本科(职业),,本科,文化艺术大类,表演艺术类,0.0,很弱/无直接岗位,2026国考职位表/中央机关及直属机构口径（第三方镜像）,0.0,0.0,0.0,0.0,0.0,0.0,0.0,0.0,0.0,无直接可报岗位,,0.0,,0.0,0.0,0.0,,0.0,0.0,,0.0,0.0,,0.0,0.0,,0.0,0.0,0.0,0.0,,暂无明显潜力,2026岗位文本中未形成直接可报匹配。,不建议把考公作为该专业在头部院校的核心卖点。,直接考公适配弱，应更多看行业就业或升学转换。,不适合作为普通应用院校的考公主卖点。,,
350204,舞台艺术设计,本科(职业),,本科,文化艺术大类,表演艺术类,0.0,很弱/无直接岗位,2026国考职位表/中央机关及直属机构口径（第三方镜像）,0.0,0.0,0.0,0.0,0.0,0.0,0.0,0.0,0.0,无直接可报岗位,,0.0,,0.0,0.0,0.0,,0.0,0.0,,0.0,0.0,,0.0,0.0,,0.0,0.0,0.0,0.0,,暂无明显潜力,2026岗位文本中未形成直接可报匹配。,不建议把考公作为该专业在头部院校的核心卖点。,直接考公适配弱，应更多看行业就业或升学转换。,不适合作为普通应用院校的考公主卖点。,,
350205,戏剧影视表演,本科(职业),,本科,文化艺术大类,表演艺术类,0.0,很弱/无直接岗位,2026国考职位表/中央机关及直属机构口径（第三方镜像）,0.0,0.0,0.0,0.0,0.0,0.0,0.0,0.0,0.0,无直接可报岗位,,0.0,,0.0,0.0,0.0,,0.0,0.0,,0.0,0.0,,0.0,0.0,,0.0,0.0,0.0,0.0,,暂无明显潜力,2026岗位文本中未形成直接可报匹配。,不建议把考公作为该专业在头部院校的核心卖点。,直接考公适配弱，应更多看行业就业或升学转换。,不适合作为普通应用院校的考公主卖点。,,
350401,文物修复与保护,本科(职业),,本科,文化艺术大类,文化服务类,0.0,很弱/无直接岗位,2026国考职位表/中央机关及直属机构口径（第三方镜像）,0.0,0.0,0.0,0.0,0.0,0.0,0.0,0.0,0.0,无直接可报岗位,,0.0,,0.0,0.0,0.0,,0.0,0.0,,0.0,0.0,,0.0,0.0,,0.0,0.0,0.0,0.0,,暂无明显潜力,2026岗位文本中未形成直接可报匹配。,不建议把考公作为该专业在头部院校的核心卖点。,直接考公适配弱，应更多看行业就业或升学转换。,不适合作为普通应用院校的考公主卖点。,,
350402,公共文化管理,本科(职业),,本科,文化艺术大类,文化服务类,0.0,很弱/无直接岗位,2026国考职位表/中央机关及直属机构口径（第三方镜像）,0.0,0.0,0.0,0.0,0.0,0.0,0.0,0.0,0.0,无直接可报岗位,,0.0,,0.0,0.0,0.0,,0.0,0.0,,0.0,0.0,,0.0,0.0,,0.0,0.0,0.0,0.0,,暂无明显潜力,2026岗位文本中未形成直接可报匹配。,不建议把考公作为该专业在头部院校的核心卖点。,直接考公适配弱，应更多看行业就业或升学转换。,不适合作为普通应用院校的考公主卖点。,,
350403,文化创意产业管理,本科(职业),,本科,文化艺术大类,文化服务类,0.0,很弱/无直接岗位,2026国考职位表/中央机关及直属机构口径（第三方镜像）,0.0,0.0,0.0,0.0,0.0,0.0,0.0,0.0,0.0,无直接可报岗位,,0.0,,0.0,0.0,0.0,,0.0,0.0,,0.0,0.0,,0.0,0.0,,0.0,0.0,0.0,0.0,,暂无明显潜力,2026岗位文本中未形成直接可报匹配。,不建议把考公作为该专业在头部院校的核心卖点。,直接考公适配弱，应更多看行业就业或升学转换。,不适合作为普通应用院校的考公主卖点。,,
240101,建筑设计,本科(职业),,本科,土木建筑大类,建筑设计类,0.0,很弱/无直接岗位,2026国考职位表/中央机关及直属机构口径（第三方镜像）,0.0,0.0,0.0,0.0,0.0,0.0,0.0,0.0,0.0,无直接可报岗位,,0.0,,0.0,0.0,0.0,,0.0,0.0,,0.0,0.0,,0.0,0.0,,0.0,0.0,0.0,0.0,,暂无明显潜力,2026岗位文本中未形成直接可报匹配。,不建议把考公作为该专业在头部院校的核心卖点。,直接考公适配弱，应更多看行业就业或升学转换。,不适合作为普通应用院校的考公主卖点。,,
240102,建筑装饰工程,本科(职业),,本科,土木建筑大类,建筑设计类,0.0,很弱/无直接岗位,2026国考职位表/中央机关及直属机构口径（第三方镜像）,0.0,0.0,0.0,0.0,0.0,0.0,0.0,0.0,0.0,无直接可报岗位,,0.0,,0.0,0.0,0.0,,0.0,0.0,,0.0,0.0,,0.0,0.0,,0.0,0.0,0.0,0.0,,暂无明显潜力,2026岗位文本中未形成直接可报匹配。,不建议把考公作为该专业在头部院校的核心卖点。,直接考公适配弱，应更多看行业就业或升学转换。,不适合作为普通应用院校的考公主卖点。,,
240103,古建筑工程,本科(职业),,本科,土木建筑大类,建筑设计类,0.0,很弱/无直接岗位,2026国考职位表/中央机关及直属机构口径（第三方镜像）,0.0,0.0,0.0,0.0,0.0,0.0,0.0,0.0,0.0,无直接可报岗位,,0.0,,0.0,0.0,0.0,,0.0,0.0,,0.0,0.0,,0.0,0.0,,0.0,0.0,0.0,0.0,,暂无明显潜力,2026岗位文本中未形成直接可报匹配。,不建议把考公作为该专业在头部院校的核心卖点。,直接考公适配弱，应更多看行业就业或升学转换。,不适合作为普通应用院校的考公主卖点。,,
240104,园林景观工程,本科(职业),,本科,土木建筑大类,建筑设计类,0.0,很弱/无直接岗位,2026国考职位表/中央机关及直属机构口径（第三方镜像）,0.0,0.0,0.0,0.0,0.0,0.0,0.0,0.0,0.0,无直接可报岗位,,0.0,,0.0,0.0,0.0,,0.0,0.0,,0.0,0.0,,0.0,0.0,,0.0,0.0,0.0,0.0,,暂无明显潜力,2026岗位文本中未形成直接可报匹配。,不建议把考公作为该专业在头部院校的核心卖点。,直接考公适配弱，应更多看行业就业或升学转换。,不适合作为普通应用院校的考公主卖点。,,
240105,城市设计数字技术,本科(职业),,本科,土木建筑大类,建筑设计类,0.0,很弱/无直接岗位,2026国考职位表/中央机关及直属机构口径（第三方镜像）,0.0,0.0,0.0,0.0,0.0,0.0,0.0,0.0,0.0,无直接可报岗位,,0.0,,0.0,0.0,0.0,,0.0,0.0,,0.0,0.0,,0.0,0.0,,0.0,0.0,0.0,0.0,,暂无明显潜力,2026岗位文本中未形成直接可报匹配。,不建议把考公作为该专业在头部院校的核心卖点。,直接考公适配弱，应更多看行业就业或升学转换。,不适合作为普通应用院校的考公主卖点。,,
240201,城乡规划,本科(职业),,本科,土木建筑大类,城乡规划与管理类,0.0,很弱/无直接岗位,2026国考职位表/中央机关及直属机构口径（第三方镜像）,0.0,0.0,0.0,0.0,0.0,0.0,0.0,0.0,0.0,无直接可报岗位,,0.0,,0.0,0.0,0.0,,0.0,0.0,,0.0,0.0,,0.0,0.0,,0.0,0.0,0.0,0.0,,暂无明显潜力,2026岗位文本中未形成直接可报匹配。,不建议把考公作为该专业在头部院校的核心卖点。,直接考公适配弱，应更多看行业就业或升学转换。,不适合作为普通应用院校的考公主卖点。,,
240301,建筑工程,本科(职业),,本科,土木建筑大类,土建施工类,0.0,很弱/无直接岗位,2026国考职位表/中央机关及直属机构口径（第三方镜像）,0.0,0.0,0.0,0.0,0.0,0.0,0.0,0.0,0.0,无直接可报岗位,,0.0,,0.0,0.0,0.0,,0.0,0.0,,0.0,0.0,,0.0,0.0,,0.0,0.0,0.0,0.0,,暂无明显潜力,2026岗位文本中未形成直接可报匹配。,不建议把考公作为该专业在头部院校的核心卖点。,直接考公适配弱，应更多看行业就业或升学转换。,不适合作为普通应用院校的考公主卖点。,,
240302,智能建造工程,本科(职业),,本科,土木建筑大类,土建施工类,0.0,很弱/无直接岗位,2026国考职位表/中央机关及直属机构口径（第三方镜像）,0.0,0.0,0.0,0.0,0.0,0.0,0.0,0.0,0.0,无直接可报岗位,,0.0,,0.0,0.0,0.0,,0.0,0.0,,0.0,0.0,,0.0,0.0,,0.0,0.0,0.0,0.0,,暂无明显潜力,2026岗位文本中未形成直接可报匹配。,不建议把考公作为该专业在头部院校的核心卖点。,直接考公适配弱，应更多看行业就业或升学转换。,不适合作为普通应用院校的考公主卖点。,,
240303,城市地下工程,本科(职业),,本科,土木建筑大类,土建施工类,0.0,很弱/无直接岗位,2026国考职位表/中央机关及直属机构口径（第三方镜像）,0.0,0.0,0.0,0.0,0.0,0.0,0.0,0.0,0.0,无直接可报岗位,,0.0,,0.0,0.0,0.0,,0.0,0.0,,0.0,0.0,,0.0,0.0,,0.0,0.0,0.0,0.0,,暂无明显潜力,2026岗位文本中未形成直接可报匹配。,不建议把考公作为该专业在头部院校的核心卖点。,直接考公适配弱，应更多看行业就业或升学转换。,不适合作为普通应用院校的考公主卖点。,,
240304,建筑智能检测与修复,本科(职业),,本科,土木建筑大类,土建施工类,0.0,很弱/无直接岗位,2026国考职位表/中央机关及直属机构口径（第三方镜像）,0.0,0.0,0.0,0.0,0.0,0.0,0.0,0.0,0.0,无直接可报岗位,,0.0,,0.0,0.0,0.0,,0.0,0.0,,0.0,0.0,,0.0,0.0,,0.0,0.0,0.0,0.0,,暂无明显潜力,2026岗位文本中未形成直接可报匹配。,不建议把考公作为该专业在头部院校的核心卖点。,直接考公适配弱，应更多看行业就业或升学转换。,不适合作为普通应用院校的考公主卖点。,,
240401,建筑环境与能源工程,本科(职业),,本科,土木建筑大类,建筑设备类,0.0,很弱/无直接岗位,2026国考职位表/中央机关及直属机构口径（第三方镜像）,0.0,0.0,0.0,0.0,0.0,0.0,0.0,0.0,0.0,无直接可报岗位,,0.0,,0.0,0.0,0.0,,0.0,0.0,,0.0,0.0,,0.0,0.0,,0.0,0.0,0.0,0.0,,暂无明显潜力,2026岗位文本中未形成直接可报匹配。,不建议把考公作为该专业在头部院校的核心卖点。,直接考公适配弱，应更多看行业就业或升学转换。,不适合作为普通应用院校的考公主卖点。,,
240402,建筑电气与智能化工程,本科(职业),,本科,土木建筑大类,建筑设备类,0.0,很弱/无直接岗位,2026国考职位表/中央机关及直属机构口径（第三方镜像）,0.0,0.0,0.0,0.0,0.0,0.0,0.0,0.0,0.0,无直接可报岗位,,0.0,,0.0,0.0,0.0,,0.0,0.0,,0.0,0.0,,0.0,0.0,,0.0,0.0,0.0,0.0,,暂无明显潜力,2026岗位文本中未形成直接可报匹配。,不建议把考公作为该专业在头部院校的核心卖点。,直接考公适配弱，应更多看行业就业或升学转换。,不适合作为普通应用院校的考公主卖点。,,
240501,工程造价,本科(职业),,本科,土木建筑大类,建设工程管理类,0.0,很弱/无直接岗位,2026国考职位表/中央机关及直属机构口径（第三方镜像）,0.0,0.0,0.0,0.0,0.0,0.0,0.0,0.0,0.0,无直接可报岗位,,0.0,,0.0,0.0,0.0,,0.0,0.0,,0.0,0.0,,0.0,0.0,,0.0,0.0,0.0,0.0,,暂无明显潜力,2026岗位文本中未形成直接可报匹配。,不建议把考公作为该专业在头部院校的核心卖点。,直接考公适配弱，应更多看行业就业或升学转换。,不适合作为普通应用院校的考公主卖点。,,
240502,建设工程管理,本科(职业),,本科,土木建筑大类,建设工程管理类,0.0,很弱/无直接岗位,2026国考职位表/中央机关及直属机构口径（第三方镜像）,0.0,0.0,0.0,0.0,0.0,0.0,0.0,0.0,0.0,无直接可报岗位,,0.0,,0.0,0.0,0.0,,0.0,0.0,,0.0,0.0,,0.0,0.0,,0.0,0.0,0.0,0.0,,暂无明显潜力,2026岗位文本中未形成直接可报匹配。,不建议把考公作为该专业在头部院校的核心卖点。,直接考公适配弱，应更多看行业就业或升学转换。,不适合作为普通应用院校的考公主卖点。,,
240601,市政工程,本科(职业),,本科,土木建筑大类,市政工程类,0.0,很弱/无直接岗位,2026国考职位表/中央机关及直属机构口径（第三方镜像）,0.0,0.0,0.0,0.0,0.0,0.0,0.0,0.0,0.0,无直接可报岗位,,0.0,,0.0,0.0,0.0,,0.0,0.0,,0.0,0.0,,0.0,0.0,,0.0,0.0,0.0,0.0,,暂无明显潜力,2026岗位文本中未形成直接可报匹配。,不建议把考公作为该专业在头部院校的核心卖点。,直接考公适配弱，应更多看行业就业或升学转换。,不适合作为普通应用院校的考公主卖点。,,
240602,城市设施智慧管理,本科(职业),,本科,土木建筑大类,市政工程类,0.0,很弱/无直接岗位,2026国考职位表/中央机关及直属机构口径（第三方镜像）,0.0,0.0,0.0,0.0,0.0,0.0,0.0,0.0,0.0,无直接可报岗位,,0.0,,0.0,0.0,0.0,,0.0,0.0,,0.0,0.0,,0.0,0.0,,0.0,0.0,0.0,0.0,,暂无明显潜力,2026岗位文本中未形成直接可报匹配。,不建议把考公作为该专业在头部院校的核心卖点。,直接考公适配弱，应更多看行业就业或升学转换。,不适合作为普通应用院校的考公主卖点。,,
240603,给排水工程,本科(职业),,本科,土木建筑大类,市政工程类,0.0,很弱/无直接岗位,2026国考职位表/中央机关及直属机构口径（第三方镜像）,0.0,0.0,0.0,0.0,0.0,0.0,0.0,0.0,0.0,无直接可报岗位,,0.0,,0.0,0.0,0.0,,0.0,0.0,,0.0,0.0,,0.0,0.0,,0.0,0.0,0.0,0.0,,暂无明显潜力,2026岗位文本中未形成直接可报匹配。,不建议把考公作为该专业在头部院校的核心卖点。,直接考公适配弱，应更多看行业就业或升学转换。,不适合作为普通应用院校的考公主卖点。,,
240701,房地产投资与策划,本科(职业),,本科,土木建筑大类,房地产类,0.0,很弱/无直接岗位,2026国考职位表/中央机关及直属机构口径（第三方镜像）,0.0,0.0,0.0,0.0,0.0,0.0,0.0,0.0,0.0,无直接可报岗位,,0.0,,0.0,0.0,0.0,,0.0,0.0,,0.0,0.0,,0.0,0.0,,0.0,0.0,0.0,0.0,,暂无明显潜力,2026岗位文本中未形成直接可报匹配。,不建议把考公作为该专业在头部院校的核心卖点。,直接考公适配弱，应更多看行业就业或升学转换。,不适合作为普通应用院校的考公主卖点。,,
240702,现代物业管理,本科(职业),,本科,土木建筑大类,房地产类,0.0,很弱/无直接岗位,2026国考职位表/中央机关及直属机构口径（第三方镜像）,0.0,0.0,0.0,0.0,0.0,0.0,0.0,0.0,0.0,无直接可报岗位,,0.0,,0.0,0.0,0.0,,0.0,0.0,,0.0,0.0,,0.0,0.0,,0.0,0.0,0.0,0.0,,暂无明显潜力,2026岗位文本中未形成直接可报匹配。,不建议把考公作为该专业在头部院校的核心卖点。,直接考公适配弱，应更多看行业就业或升学转换。,不适合作为普通应用院校的考公主卖点。,,
500101,铁道工程技术,专科(高职),,专科,交通运输大类,铁道运输类,0.0,很弱/无直接岗位,2026国考职位表/中央机关及直属机构口径（第三方镜像）,0.0,0.0,0.0,0.0,0.0,0.0,0.0,0.0,0.0,无直接可报岗位,,0.0,,0.0,0.0,0.0,,0.0,0.0,,0.0,0.0,,0.0,0.0,,0.0,0.0,0.0,0.0,none,暂无明显潜力,2026岗位文本中未形成直接可报匹配。,不建议把考公作为该专业在头部院校的核心卖点。,直接考公适配弱，应更多看行业就业或升学转换。,普通应用/职业院校下直接考公空间很小，优先看事业单位、基层项目或行业就业。,,
500102,高速铁路施工与维护,专科(高职),,专科,交通运输大类,铁道运输类,0.0,很弱/无直接岗位,2026国考职位表/中央机关及直属机构口径（第三方镜像）,0.0,0.0,0.0,0.0,0.0,0.0,0.0,0.0,0.0,无直接可报岗位,,0.0,,0.0,0.0,0.0,,0.0,0.0,,0.0,0.0,,0.0,0.0,,0.0,0.0,0.0,0.0,none,暂无明显潜力,2026岗位文本中未形成直接可报匹配。,不建议把考公作为该专业在头部院校的核心卖点。,直接考公适配弱，应更多看行业就业或升学转换。,普通应用/职业院校下直接考公空间很小，优先看事业单位、基层项目或行业就业。,,
500103,铁道桥梁隧道工程技术,专科(高职),,专科,交通运输大类,铁道运输类,0.0,很弱/无直接岗位,2026国考职位表/中央机关及直属机构口径（第三方镜像）,0.0,0.0,0.0,0.0,0.0,0.0,0.0,0.0,0.0,无直接可报岗位,,0.0,,0.0,0.0,0.0,,0.0,0.0,,0.0,0.0,,0.0,0.0,,0.0,0.0,0.0,0.0,none,暂无明显潜力,2026岗位文本中未形成直接可报匹配。,不建议把考公作为该专业在头部院校的核心卖点。,直接考公适配弱，应更多看行业就业或升学转换。,普通应用/职业院校下直接考公空间很小，优先看事业单位、基层项目或行业就业。,,
500104,铁道养路机械应用技术,专科(高职),,专科,交通运输大类,铁道运输类,0.0,很弱/无直接岗位,2026国考职位表/中央机关及直属机构口径（第三方镜像）,0.0,0.0,0.0,0.0,0.0,0.0,0.0,0.0,0.0,无直接可报岗位,,0.0,,0.0,0.0,0.0,,0.0,0.0,,0.0,0.0,,0.0,0.0,,0.0,0.0,0.0,0.0,none,暂无明显潜力,2026岗位文本中未形成直接可报匹配。,不建议把考公作为该专业在头部院校的核心卖点。,直接考公适配弱，应更多看行业就业或升学转换。,普通应用/职业院校下直接考公空间很小，优先看事业单位、基层项目或行业就业。,,
500105,铁道机车运用与维护,专科(高职),,专科,交通运输大类,铁道运输类,0.0,很弱/无直接岗位,2026国考职位表/中央机关及直属机构口径（第三方镜像）,0.0,0.0,0.0,0.0,0.0,0.0,0.0,0.0,0.0,无直接可报岗位,,0.0,,0.0,0.0,0.0,,0.0,0.0,,0.0,0.0,,0.0,0.0,,0.0,0.0,0.0,0.0,none,暂无明显潜力,2026岗位文本中未形成直接可报匹配。,不建议把考公作为该专业在头部院校的核心卖点。,直接考公适配弱，应更多看行业就业或升学转换。,普通应用/职业院校下直接考公空间很小，优先看事业单位、基层项目或行业就业。,,
500106,铁道车辆技术,专科(高职),,专科,交通运输大类,铁道运输类,0.0,很弱/无直接岗位,2026国考职位表/中央机关及直属机构口径（第三方镜像）,0.0,0.0,0.0,0.0,0.0,0.0,0.0,0.0,0.0,无直接可报岗位,,0.0,,0.0,0.0,0.0,,0.0,0.0,,0.0,0.0,,0.0,0.0,,0.0,0.0,0.0,0.0,none,暂无明显潜力,2026岗位文本中未形成直接可报匹配。,不建议把考公作为该专业在头部院校的核心卖点。,直接考公适配弱，应更多看行业就业或升学转换。,普通应用/职业院校下直接考公空间很小，优先看事业单位、基层项目或行业就业。,,
500107,铁道供电技术,专科(高职),,专科,交通运输大类,铁道运输类,0.0,很弱/无直接岗位,2026国考职位表/中央机关及直属机构口径（第三方镜像）,0.0,0.0,0.0,0.0,0.0,0.0,0.0,0.0,0.0,无直接可报岗位,,0.0,,0.0,0.0,0.0,,0.0,0.0,,0.0,0.0,,0.0,0.0,,0.0,0.0,0.0,0.0,none,暂无明显潜力,2026岗位文本中未形成直接可报匹配。,不建议把考公作为该专业在头部院校的核心卖点。,直接考公适配弱，应更多看行业就业或升学转换。,普通应用/职业院校下直接考公空间很小，优先看事业单位、基层项目或行业就业。,,
500108,动车组检修技术,专科(高职),,专科,交通运输大类,铁道运输类,0.0,很弱/无直接岗位,2026国考职位表/中央机关及直属机构口径（第三方镜像）,0.0,0.0,0.0,0.0,0.0,0.0,0.0,0.0,0.0,无直接可报岗位,,0.0,,0.0,0.0,0.0,,0.0,0.0,,0.0,0.0,,0.0,0.0,,0.0,0.0,0.0,0.0,none,暂无明显潜力,2026岗位文本中未形成直接可报匹配。,不建议把考公作为该专业在头部院校的核心卖点。,直接考公适配弱，应更多看行业就业或升学转换。,普通应用/职业院校下直接考公空间很小，优先看事业单位、基层项目或行业就业。,,
500109,高速铁路综合维修技术,专科(高职),,专科,交通运输大类,铁道运输类,0.0,很弱/无直接岗位,2026国考职位表/中央机关及直属机构口径（第三方镜像）,0.0,0.0,0.0,0.0,0.0,0.0,0.0,0.0,0.0,无直接可报岗位,,0.0,,0.0,0.0,0.0,,0.0,0.0,,0.0,0.0,,0.0,0.0,,0.0,0.0,0.0,0.0,none,暂无明显潜力,2026岗位文本中未形成直接可报匹配。,不建议把考公作为该专业在头部院校的核心卖点。,直接考公适配弱，应更多看行业就业或升学转换。,普通应用/职业院校下直接考公空间很小，优先看事业单位、基层项目或行业就业。,,
500110,铁道信号自动控制,专科(高职),,专科,交通运输大类,铁道运输类,0.0,很弱/无直接岗位,2026国考职位表/中央机关及直属机构口径（第三方镜像）,0.0,0.0,0.0,0.0,0.0,0.0,0.0,0.0,0.0,无直接可报岗位,,0.0,,0.0,0.0,0.0,,0.0,0.0,,0.0,0.0,,0.0,0.0,,0.0,0.0,0.0,0.0,none,暂无明显潜力,2026岗位文本中未形成直接可报匹配。,不建议把考公作为该专业在头部院校的核心卖点。,直接考公适配弱，应更多看行业就业或升学转换。,普通应用/职业院校下直接考公空间很小，优先看事业单位、基层项目或行业就业。,,
500111,铁道通信与信息化技术,专科(高职),,专科,交通运输大类,铁道运输类,0.0,很弱/无直接岗位,2026国考职位表/中央机关及直属机构口径（第三方镜像）,0.0,0.0,0.0,0.0,0.0,0.0,0.0,0.0,0.0,无直接可报岗位,,0.0,,0.0,0.0,0.0,,0.0,0.0,,0.0,0.0,,0.0,0.0,,0.0,0.0,0.0,0.0,none,暂无明显潜力,2026岗位文本中未形成直接可报匹配。,不建议把考公作为该专业在头部院校的核心卖点。,直接考公适配弱，应更多看行业就业或升学转换。,普通应用/职业院校下直接考公空间很小，优先看事业单位、基层项目或行业就业。,,
500112,铁道交通运营管理,专科(高职),,专科,交通运输大类,铁道运输类,0.0,很弱/无直接岗位,2026国考职位表/中央机关及直属机构口径（第三方镜像）,0.0,0.0,0.0,0.0,0.0,0.0,0.0,0.0,0.0,无直接可报岗位,,0.0,,0.0,0.0,0.0,,0.0,0.0,,0.0,0.0,,0.0,0.0,,0.0,0.0,0.0,0.0,none,暂无明显潜力,2026岗位文本中未形成直接可报匹配。,不建议把考公作为该专业在头部院校的核心卖点。,直接考公适配弱，应更多看行业就业或升学转换。,普通应用/职业院校下直接考公空间很小，优先看事业单位、基层项目或行业就业。,,
500113,高速铁路客运服务,专科(高职),,专科,交通运输大类,铁道运输类,12.6,很弱/无直接岗位,2026国考职位表/中央机关及直属机构口径（第三方镜像）,1.0,1.0,0.0,0.0,0.0,100.0,0.0,0.0,0.0,以对口岗位为主,海关/边检(1)；公安/移民/基层执法(1),4.0,6.75,0.0,0.0,0.0,,0.0,0.0,,1.0,100.0,6.75,0.0,0.0,,0.0,1.0,1.0,0.0,limited,升学后弱潜力,存在专业代码或专业名称精确匹配，并有直接学历兼容岗位。,可以考，但院校层级优势有限，更依赖岗位地区和限制条件。,岗位窗口较窄，建议只作为就业备选项。,少量大专可报基层岗位存在，但数量很少，需逐岗位核验。,新疆出入境边防检查总站,克州边境管理支队一级警长及以下（三）
500114,轨道车辆智能运维技术,专科(高职),,专科,交通运输大类,铁道运输类,0.0,很弱/无直接岗位,2026国考职位表/中央机关及直属机构口径（第三方镜像）,0.0,0.0,0.0,0.0,0.0,0.0,0.0,0.0,0.0,无直接可报岗位,,0.0,,0.0,0.0,0.0,,0.0,0.0,,0.0,0.0,,0.0,0.0,,0.0,0.0,0.0,0.0,,暂无明显潜力,2026岗位文本中未形成直接可报匹配。,不建议把考公作为该专业在头部院校的核心卖点。,直接考公适配弱，应更多看行业就业或升学转换。,普通应用/职业院校下直接考公空间很小，优先看事业单位、基层项目或行业就业。,,
500201,道路与桥梁工程技术,专科(高职),,专科,交通运输大类,道路运输类,0.0,很弱/无直接岗位,2026国考职位表/中央机关及直属机构口径（第三方镜像）,0.0,0.0,0.0,0.0,0.0,0.0,0.0,0.0,0.0,无直接可报岗位,,0.0,,0.0,0.0,0.0,,0.0,0.0,,0.0,0.0,,0.0,0.0,,0.0,0.0,0.0,0.0,none,暂无明显潜力,2026岗位文本中未形成直接可报匹配。,不建议把考公作为该专业在头部院校的核心卖点。,直接考公适配弱，应更多看行业就业或升学转换。,普通应用/职业院校下直接考公空间很小，优先看事业单位、基层项目或行业就业。,,
500202,道路机械化施工技术,专科(高职),,专科,交通运输大类,道路运输类,0.0,很弱/无直接岗位,2026国考职位表/中央机关及直属机构口径（第三方镜像）,0.0,0.0,0.0,0.0,0.0,0.0,0.0,0.0,0.0,无直接可报岗位,,0.0,,0.0,0.0,0.0,,0.0,0.0,,0.0,0.0,,0.0,0.0,,0.0,0.0,0.0,0.0,none,暂无明显潜力,2026岗位文本中未形成直接可报匹配。,不建议把考公作为该专业在头部院校的核心卖点。,直接考公适配弱，应更多看行业就业或升学转换。,普通应用/职业院校下直接考公空间很小，优先看事业单位、基层项目或行业就业。,,
500203,智能工程机械运用技术,专科(高职),,专科,交通运输大类,道路运输类,0.0,很弱/无直接岗位,2026国考职位表/中央机关及直属机构口径（第三方镜像）,0.0,0.0,0.0,0.0,0.0,0.0,0.0,0.0,0.0,无直接可报岗位,,0.0,,0.0,0.0,0.0,,0.0,0.0,,0.0,0.0,,0.0,0.0,,0.0,0.0,0.0,0.0,none,暂无明显潜力,2026岗位文本中未形成直接可报匹配。,不建议把考公作为该专业在头部院校的核心卖点。,直接考公适配弱，应更多看行业就业或升学转换。,普通应用/职业院校下直接考公空间很小，优先看事业单位、基层项目或行业就业。,,
500204,道路工程检测技术,专科(高职),,专科,交通运输大类,道路运输类,0.0,很弱/无直接岗位,2026国考职位表/中央机关及直属机构口径（第三方镜像）,0.0,0.0,0.0,0.0,0.0,0.0,0.0,0.0,0.0,无直接可报岗位,,0.0,,0.0,0.0,0.0,,0.0,0.0,,0.0,0.0,,0.0,0.0,,0.0,0.0,0.0,0.0,none,暂无明显潜力,2026岗位文本中未形成直接可报匹配。,不建议把考公作为该专业在头部院校的核心卖点。,直接考公适配弱，应更多看行业就业或升学转换。,普通应用/职业院校下直接考公空间很小，优先看事业单位、基层项目或行业就业。,,
500205,道路工程造价,专科(高职),,专科,交通运输大类,道路运输类,0.0,很弱/无直接岗位,2026国考职位表/中央机关及直属机构口径（第三方镜像）,0.0,0.0,0.0,0.0,0.0,0.0,0.0,0.0,0.0,无直接可报岗位,,0.0,,0.0,0.0,0.0,,0.0,0.0,,0.0,0.0,,0.0,0.0,,0.0,0.0,0.0,0.0,none,暂无明显潜力,2026岗位文本中未形成直接可报匹配。,不建议把考公作为该专业在头部院校的核心卖点。,直接考公适配弱，应更多看行业就业或升学转换。,普通应用/职业院校下直接考公空间很小，优先看事业单位、基层项目或行业就业。,,
500206,道路养护与管理,专科(高职),,专科,交通运输大类,道路运输类,0.0,很弱/无直接岗位,2026国考职位表/中央机关及直属机构口径（第三方镜像）,0.0,0.0,0.0,0.0,0.0,0.0,0.0,0.0,0.0,无直接可报岗位,,0.0,,0.0,0.0,0.0,,0.0,0.0,,0.0,0.0,,0.0,0.0,,0.0,0.0,0.0,0.0,none,暂无明显潜力,2026岗位文本中未形成直接可报匹配。,不建议把考公作为该专业在头部院校的核心卖点。,直接考公适配弱，应更多看行业就业或升学转换。,普通应用/职业院校下直接考公空间很小，优先看事业单位、基层项目或行业就业。,,
500207,智能交通技术,专科(高职),,专科,交通运输大类,道路运输类,0.0,很弱/无直接岗位,2026国考职位表/中央机关及直属机构口径（第三方镜像）,0.0,0.0,0.0,0.0,0.0,0.0,0.0,0.0,0.0,无直接可报岗位,,0.0,,0.0,0.0,0.0,,0.0,0.0,,0.0,0.0,,0.0,0.0,,0.0,0.0,0.0,0.0,none,暂无明显潜力,2026岗位文本中未形成直接可报匹配。,不建议把考公作为该专业在头部院校的核心卖点。,直接考公适配弱，应更多看行业就业或升学转换。,普通应用/职业院校下直接考公空间很小，优先看事业单位、基层项目或行业就业。,,
500208,道路运输管理,专科(高职),,专科,交通运输大类,道路运输类,0.0,很弱/无直接岗位,2026国考职位表/中央机关及直属机构口径（第三方镜像）,0.0,0.0,0.0,0.0,0.0,0.0,0.0,0.0,0.0,无直接可报岗位,,0.0,,0.0,0.0,0.0,,0.0,0.0,,0.0,0.0,,0.0,0.0,,0.0,0.0,0.0,0.0,none,暂无明显潜力,2026岗位文本中未形成直接可报匹配。,不建议把考公作为该专业在头部院校的核心卖点。,直接考公适配弱，应更多看行业就业或升学转换。,普通应用/职业院校下直接考公空间很小，优先看事业单位、基层项目或行业就业。,,
500209,交通运营管理,专科(高职),,专科,交通运输大类,道路运输类,0.0,很弱/无直接岗位,2026国考职位表/中央机关及直属机构口径（第三方镜像）,0.0,0.0,0.0,0.0,0.0,0.0,0.0,0.0,0.0,无直接可报岗位,,0.0,,0.0,0.0,0.0,,0.0,0.0,,0.0,0.0,,0.0,0.0,,0.0,0.0,0.0,0.0,none,暂无明显潜力,2026岗位文本中未形成直接可报匹配。,不建议把考公作为该专业在头部院校的核心卖点。,直接考公适配弱，应更多看行业就业或升学转换。,普通应用/职业院校下直接考公空间很小，优先看事业单位、基层项目或行业就业。,,
500210,汽车技术服务与营销,专科(高职),,专科,交通运输大类,道路运输类,0.0,很弱/无直接岗位,2026国考职位表/中央机关及直属机构口径（第三方镜像）,0.0,0.0,0.0,0.0,0.0,0.0,0.0,0.0,0.0,无直接可报岗位,,0.0,,0.0,0.0,0.0,,0.0,0.0,,0.0,0.0,,0.0,0.0,,0.0,0.0,0.0,0.0,none,暂无明显潜力,2026岗位文本中未形成直接可报匹配。,不建议把考公作为该专业在头部院校的核心卖点。,直接考公适配弱，应更多看行业就业或升学转换。,普通应用/职业院校下直接考公空间很小，优先看事业单位、基层项目或行业就业。,,
500211,汽车检测与维修技术,专科(高职),,专科,交通运输大类,道路运输类,0.0,很弱/无直接岗位,2026国考职位表/中央机关及直属机构口径（第三方镜像）,0.0,0.0,0.0,0.0,0.0,0.0,0.0,0.0,0.0,无直接可报岗位,,0.0,,0.0,0.0,0.0,,0.0,0.0,,0.0,0.0,,0.0,0.0,,0.0,0.0,0.0,0.0,none,暂无明显潜力,2026岗位文本中未形成直接可报匹配。,不建议把考公作为该专业在头部院校的核心卖点。,直接考公适配弱，应更多看行业就业或升学转换。,普通应用/职业院校下直接考公空间很小，优先看事业单位、基层项目或行业就业。,,
500212,新能源汽车检测与维修技术,专科(高职),,专科,交通运输大类,道路运输类,0.0,很弱/无直接岗位,2026国考职位表/中央机关及直属机构口径（第三方镜像）,0.0,0.0,0.0,0.0,0.0,0.0,0.0,0.0,0.0,无直接可报岗位,,0.0,,0.0,0.0,0.0,,0.0,0.0,,0.0,0.0,,0.0,0.0,,0.0,0.0,0.0,0.0,none,暂无明显潜力,2026岗位文本中未形成直接可报匹配。,不建议把考公作为该专业在头部院校的核心卖点。,直接考公适配弱，应更多看行业就业或升学转换。,普通应用/职业院校下直接考公空间很小，优先看事业单位、基层项目或行业就业。,,
500301,航海技术,专科(高职),,专科,交通运输大类,水上运输类,10.7,很弱/无直接岗位,2026国考职位表/中央机关及直属机构口径（第三方镜像）,1.0,1.0,0.0,0.0,0.0,100.0,0.0,0.0,0.0,以对口岗位为主,交通海事民航铁路(1),1.0,3.0,0.0,0.0,0.0,,0.0,0.0,,1.0,100.0,3.0,0.0,0.0,,0.0,160.0,160.0,0.0,medium,升学后较强潜力,存在专业代码或专业名称精确匹配，并有直接学历兼容岗位。,可以考，但院校层级优势有限，更依赖岗位地区和限制条件。,岗位窗口较窄，建议只作为就业备选项。,少量大专可报基层岗位存在，但数量很少，需逐岗位核验。,上海海事局|吉林出入境边防检查总站|天津海事局|山东海事局|广东海事局|广州出入境边防检查总站|广州海关|广西海事局,一级主办|一级主办（一）|一级科员|一级行政执法员|一级行政执法员（一）|一级行政执法员（七）|一级行政执法员（三十二）|一级行政执法员（三十六）
500302,港口与航道工程技术,专科(高职),,专科,交通运输大类,水上运输类,0.0,很弱/无直接岗位,2026国考职位表/中央机关及直属机构口径（第三方镜像）,0.0,0.0,0.0,0.0,0.0,0.0,0.0,0.0,0.0,无直接可报岗位,,0.0,,0.0,0.0,0.0,,0.0,0.0,,0.0,0.0,,0.0,0.0,,0.0,0.0,0.0,0.0,none,暂无明显潜力,2026岗位文本中未形成直接可报匹配。,不建议把考公作为该专业在头部院校的核心卖点。,直接考公适配弱，应更多看行业就业或升学转换。,普通应用/职业院校下直接考公空间很小，优先看事业单位、基层项目或行业就业。,,
500303,轮机工程技术,专科(高职),,专科,交通运输大类,水上运输类,0.0,很弱/无直接岗位,2026国考职位表/中央机关及直属机构口径（第三方镜像）,0.0,0.0,0.0,0.0,0.0,0.0,0.0,0.0,0.0,无直接可报岗位,,0.0,,0.0,0.0,0.0,,0.0,0.0,,0.0,0.0,,0.0,0.0,,0.0,0.0,0.0,0.0,none,暂无明显潜力,2026岗位文本中未形成直接可报匹配。,不建议把考公作为该专业在头部院校的核心卖点。,直接考公适配弱，应更多看行业就业或升学转换。,普通应用/职业院校下直接考公空间很小，优先看事业单位、基层项目或行业就业。,,
500304,国际邮轮乘务管理,专科(高职),,专科,交通运输大类,水上运输类,0.0,很弱/无直接岗位,2026国考职位表/中央机关及直属机构口径（第三方镜像）,0.0,0.0,0.0,0.0,0.0,0.0,0.0,0.0,0.0,无直接可报岗位,,0.0,,0.0,0.0,0.0,,0.0,0.0,,0.0,0.0,,0.0,0.0,,0.0,0.0,0.0,0.0,none,暂无明显潜力,2026岗位文本中未形成直接可报匹配。,不建议把考公作为该专业在头部院校的核心卖点。,直接考公适配弱，应更多看行业就业或升学转换。,普通应用/职业院校下直接考公空间很小，优先看事业单位、基层项目或行业就业。,,
500305,水路运输安全管理,专科(高职),,专科,交通运输大类,水上运输类,0.0,很弱/无直接岗位,2026国考职位表/中央机关及直属机构口径（第三方镜像）,0.0,0.0,0.0,0.0,0.0,0.0,0.0,0.0,0.0,无直接可报岗位,,0.0,,0.0,0.0,0.0,,0.0,0.0,,0.0,0.0,,0.0,0.0,,0.0,0.0,0.0,0.0,none,暂无明显潜力,2026岗位文本中未形成直接可报匹配。,不建议把考公作为该专业在头部院校的核心卖点。,直接考公适配弱，应更多看行业就业或升学转换。,普通应用/职业院校下直接考公空间很小，优先看事业单位、基层项目或行业就业。,,
500306,港口机械与智能控制,专科(高职),,专科,交通运输大类,水上运输类,0.0,很弱/无直接岗位,2026国考职位表/中央机关及直属机构口径（第三方镜像）,0.0,0.0,0.0,0.0,0.0,0.0,0.0,0.0,0.0,无直接可报岗位,,0.0,,0.0,0.0,0.0,,0.0,0.0,,0.0,0.0,,0.0,0.0,,0.0,0.0,0.0,0.0,none,暂无明显潜力,2026岗位文本中未形成直接可报匹配。,不建议把考公作为该专业在头部院校的核心卖点。,直接考公适配弱，应更多看行业就业或升学转换。,普通应用/职业院校下直接考公空间很小，优先看事业单位、基层项目或行业就业。,,
500307,港口与航运管理,专科(高职),,专科,交通运输大类,水上运输类,0.0,很弱/无直接岗位,2026国考职位表/中央机关及直属机构口径（第三方镜像）,0.0,0.0,0.0,0.0,0.0,0.0,0.0,0.0,0.0,无直接可报岗位,,0.0,,0.0,0.0,0.0,,0.0,0.0,,0.0,0.0,,0.0,0.0,,0.0,0.0,0.0,0.0,none,暂无明显潜力,2026岗位文本中未形成直接可报匹配。,不建议把考公作为该专业在头部院校的核心卖点。,直接考公适配弱，应更多看行业就业或升学转换。,普通应用/职业院校下直接考公空间很小，优先看事业单位、基层项目或行业就业。,,
500308,船舶电子电气技术,专科(高职),,专科,交通运输大类,水上运输类,0.0,很弱/无直接岗位,2026国考职位表/中央机关及直属机构口径（第三方镜像）,0.0,0.0,0.0,0.0,0.0,0.0,0.0,0.0,0.0,无直接可报岗位,,0.0,,0.0,0.0,0.0,,0.0,0.0,,0.0,0.0,,0.0,0.0,,0.0,0.0,0.0,0.0,none,暂无明显潜力,2026岗位文本中未形成直接可报匹配。,不建议把考公作为该专业在头部院校的核心卖点。,直接考公适配弱，应更多看行业就业或升学转换。,普通应用/职业院校下直接考公空间很小，优先看事业单位、基层项目或行业就业。,,
500309,船舶检验,专科(高职),,专科,交通运输大类,水上运输类,0.0,很弱/无直接岗位,2026国考职位表/中央机关及直属机构口径（第三方镜像）,0.0,0.0,0.0,0.0,0.0,0.0,0.0,0.0,0.0,无直接可报岗位,,0.0,,0.0,0.0,0.0,,0.0,0.0,,0.0,0.0,,0.0,0.0,,0.0,0.0,0.0,0.0,none,暂无明显潜力,2026岗位文本中未形成直接可报匹配。,不建议把考公作为该专业在头部院校的核心卖点。,直接考公适配弱，应更多看行业就业或升学转换。,普通应用/职业院校下直接考公空间很小，优先看事业单位、基层项目或行业就业。,,
500310,集装箱运输管理,专科(高职),,专科,交通运输大类,水上运输类,0.0,很弱/无直接岗位,2026国考职位表/中央机关及直属机构口径（第三方镜像）,0.0,0.0,0.0,0.0,0.0,0.0,0.0,0.0,0.0,无直接可报岗位,,0.0,,0.0,0.0,0.0,,0.0,0.0,,0.0,0.0,,0.0,0.0,,0.0,0.0,0.0,0.0,none,暂无明显潜力,2026岗位文本中未形成直接可报匹配。,不建议把考公作为该专业在头部院校的核心卖点。,直接考公适配弱，应更多看行业就业或升学转换。,普通应用/职业院校下直接考公空间很小，优先看事业单位、基层项目或行业就业。,,
500401,民航运输服务,专科(高职),,专科,交通运输大类,航空运输类,0.0,很弱/无直接岗位,2026国考职位表/中央机关及直属机构口径（第三方镜像）,0.0,0.0,0.0,0.0,0.0,0.0,0.0,0.0,0.0,无直接可报岗位,,0.0,,0.0,0.0,0.0,,0.0,0.0,,0.0,0.0,,0.0,0.0,,0.0,0.0,0.0,0.0,none,暂无明显潜力,2026岗位文本中未形成直接可报匹配。,不建议把考公作为该专业在头部院校的核心卖点。,直接考公适配弱，应更多看行业就业或升学转换。,普通应用/职业院校下直接考公空间很小，优先看事业单位、基层项目或行业就业。,,
500402,民航通信技术,专科(高职),,专科,交通运输大类,航空运输类,0.0,很弱/无直接岗位,2026国考职位表/中央机关及直属机构口径（第三方镜像）,0.0,0.0,0.0,0.0,0.0,0.0,0.0,0.0,0.0,无直接可报岗位,,0.0,,0.0,0.0,0.0,,0.0,0.0,,0.0,0.0,,0.0,0.0,,0.0,0.0,0.0,0.0,none,暂无明显潜力,2026岗位文本中未形成直接可报匹配。,不建议把考公作为该专业在头部院校的核心卖点。,直接考公适配弱，应更多看行业就业或升学转换。,普通应用/职业院校下直接考公空间很小，优先看事业单位、基层项目或行业就业。,,
500403,定翼机驾驶技术,专科(高职),,专科,交通运输大类,航空运输类,0.0,很弱/无直接岗位,2026国考职位表/中央机关及直属机构口径（第三方镜像）,0.0,0.0,0.0,0.0,0.0,0.0,0.0,0.0,0.0,无直接可报岗位,,0.0,,0.0,0.0,0.0,,0.0,0.0,,0.0,0.0,,0.0,0.0,,0.0,0.0,0.0,0.0,none,暂无明显潜力,2026岗位文本中未形成直接可报匹配。,不建议把考公作为该专业在头部院校的核心卖点。,直接考公适配弱，应更多看行业就业或升学转换。,普通应用/职业院校下直接考公空间很小，优先看事业单位、基层项目或行业就业。,,
500404,直升机驾驶技术,专科(高职),,专科,交通运输大类,航空运输类,0.0,很弱/无直接岗位,2026国考职位表/中央机关及直属机构口径（第三方镜像）,0.0,0.0,0.0,0.0,0.0,0.0,0.0,0.0,0.0,无直接可报岗位,,0.0,,0.0,0.0,0.0,,0.0,0.0,,0.0,0.0,,0.0,0.0,,0.0,0.0,0.0,0.0,none,暂无明显潜力,2026岗位文本中未形成直接可报匹配。,不建议把考公作为该专业在头部院校的核心卖点。,直接考公适配弱，应更多看行业就业或升学转换。,普通应用/职业院校下直接考公空间很小，优先看事业单位、基层项目或行业就业。,,
500405,空中乘务,专科(高职),,专科,交通运输大类,航空运输类,0.0,很弱/无直接岗位,2026国考职位表/中央机关及直属机构口径（第三方镜像）,0.0,0.0,0.0,0.0,0.0,0.0,0.0,0.0,0.0,无直接可报岗位,,0.0,,0.0,0.0,0.0,,0.0,0.0,,0.0,0.0,,0.0,0.0,,0.0,0.0,0.0,0.0,none,暂无明显潜力,2026岗位文本中未形成直接可报匹配。,不建议把考公作为该专业在头部院校的核心卖点。,直接考公适配弱，应更多看行业就业或升学转换。,普通应用/职业院校下直接考公空间很小，优先看事业单位、基层项目或行业就业。,,
500406,民航安全技术管理,专科(高职),,专科,交通运输大类,航空运输类,0.0,很弱/无直接岗位,2026国考职位表/中央机关及直属机构口径（第三方镜像）,0.0,0.0,0.0,0.0,0.0,0.0,0.0,0.0,0.0,无直接可报岗位,,0.0,,0.0,0.0,0.0,,0.0,0.0,,0.0,0.0,,0.0,0.0,,0.0,0.0,0.0,0.0,none,暂无明显潜力,2026岗位文本中未形成直接可报匹配。,不建议把考公作为该专业在头部院校的核心卖点。,直接考公适配弱，应更多看行业就业或升学转换。,普通应用/职业院校下直接考公空间很小，优先看事业单位、基层项目或行业就业。,,
500407,民航空中安全保卫,专科(高职),,专科,交通运输大类,航空运输类,0.0,很弱/无直接岗位,2026国考职位表/中央机关及直属机构口径（第三方镜像）,0.0,0.0,0.0,0.0,0.0,0.0,0.0,0.0,0.0,无直接可报岗位,,0.0,,0.0,0.0,0.0,,0.0,0.0,,0.0,0.0,,0.0,0.0,,0.0,0.0,0.0,0.0,none,暂无明显潜力,2026岗位文本中未形成直接可报匹配。,不建议把考公作为该专业在头部院校的核心卖点。,直接考公适配弱，应更多看行业就业或升学转换。,普通应用/职业院校下直接考公空间很小，优先看事业单位、基层项目或行业就业。,,
500408,机场运行服务与管理,专科(高职),,专科,交通运输大类,航空运输类,0.0,很弱/无直接岗位,2026国考职位表/中央机关及直属机构口径（第三方镜像）,0.0,0.0,0.0,0.0,0.0,0.0,0.0,0.0,0.0,无直接可报岗位,,0.0,,0.0,0.0,0.0,,0.0,0.0,,0.0,0.0,,0.0,0.0,,0.0,0.0,0.0,0.0,none,暂无明显潜力,2026岗位文本中未形成直接可报匹配。,不建议把考公作为该专业在头部院校的核心卖点。,直接考公适配弱，应更多看行业就业或升学转换。,普通应用/职业院校下直接考公空间很小，优先看事业单位、基层项目或行业就业。,,
500409,飞机机电设备维修,专科(高职),,专科,交通运输大类,航空运输类,0.0,很弱/无直接岗位,2026国考职位表/中央机关及直属机构口径（第三方镜像）,0.0,0.0,0.0,0.0,0.0,0.0,0.0,0.0,0.0,无直接可报岗位,,0.0,,0.0,0.0,0.0,,0.0,0.0,,0.0,0.0,,0.0,0.0,,0.0,0.0,0.0,0.0,none,暂无明显潜力,2026岗位文本中未形成直接可报匹配。,不建议把考公作为该专业在头部院校的核心卖点。,直接考公适配弱，应更多看行业就业或升学转换。,普通应用/职业院校下直接考公空间很小，优先看事业单位、基层项目或行业就业。,,
500410,飞机电子设备维修,专科(高职),,专科,交通运输大类,航空运输类,0.0,很弱/无直接岗位,2026国考职位表/中央机关及直属机构口径（第三方镜像）,0.0,0.0,0.0,0.0,0.0,0.0,0.0,0.0,0.0,无直接可报岗位,,0.0,,0.0,0.0,0.0,,0.0,0.0,,0.0,0.0,,0.0,0.0,,0.0,0.0,0.0,0.0,none,暂无明显潜力,2026岗位文本中未形成直接可报匹配。,不建议把考公作为该专业在头部院校的核心卖点。,直接考公适配弱，应更多看行业就业或升学转换。,普通应用/职业院校下直接考公空间很小，优先看事业单位、基层项目或行业就业。,,
500411,飞机部件修理,专科(高职),,专科,交通运输大类,航空运输类,0.0,很弱/无直接岗位,2026国考职位表/中央机关及直属机构口径（第三方镜像）,0.0,0.0,0.0,0.0,0.0,0.0,0.0,0.0,0.0,无直接可报岗位,,0.0,,0.0,0.0,0.0,,0.0,0.0,,0.0,0.0,,0.0,0.0,,0.0,0.0,0.0,0.0,none,暂无明显潜力,2026岗位文本中未形成直接可报匹配。,不建议把考公作为该专业在头部院校的核心卖点。,直接考公适配弱，应更多看行业就业或升学转换。,普通应用/职业院校下直接考公空间很小，优先看事业单位、基层项目或行业就业。,,
500412,通用航空器维修,专科(高职),,专科,交通运输大类,航空运输类,12.6,很弱/无直接岗位,2026国考职位表/中央机关及直属机构口径（第三方镜像）,1.0,1.0,0.0,0.0,0.0,100.0,0.0,0.0,0.0,以对口岗位为主,海关/边检(1)；公安/移民/基层执法(1),4.0,0.25,0.0,0.0,0.0,,0.0,0.0,,1.0,100.0,0.25,0.0,0.0,,0.0,1.0,1.0,0.0,limited,升学后弱潜力,存在专业代码或专业名称精确匹配，并有直接学历兼容岗位。,可以考，但院校层级优势有限，更依赖岗位地区和限制条件。,岗位窗口较窄，建议只作为就业备选项。,少量大专可报基层岗位存在，但数量很少，需逐岗位核验。,新疆出入境边防检查总站,博州边境管理支队一级警长及以下（五）
500413,飞机结构修理,专科(高职),,专科,交通运输大类,航空运输类,0.0,很弱/无直接岗位,2026国考职位表/中央机关及直属机构口径（第三方镜像）,0.0,0.0,0.0,0.0,0.0,0.0,0.0,0.0,0.0,无直接可报岗位,,0.0,,0.0,0.0,0.0,,0.0,0.0,,0.0,0.0,,0.0,0.0,,0.0,0.0,0.0,0.0,none,暂无明显潜力,2026岗位文本中未形成直接可报匹配。,不建议把考公作为该专业在头部院校的核心卖点。,直接考公适配弱，应更多看行业就业或升学转换。,普通应用/职业院校下直接考公空间很小，优先看事业单位、基层项目或行业就业。,,
500414,航空地面设备维修,专科(高职),,专科,交通运输大类,航空运输类,0.0,很弱/无直接岗位,2026国考职位表/中央机关及直属机构口径（第三方镜像）,0.0,0.0,0.0,0.0,0.0,0.0,0.0,0.0,0.0,无直接可报岗位,,0.0,,0.0,0.0,0.0,,0.0,0.0,,0.0,0.0,,0.0,0.0,,0.0,0.0,0.0,0.0,none,暂无明显潜力,2026岗位文本中未形成直接可报匹配。,不建议把考公作为该专业在头部院校的核心卖点。,直接考公适配弱，应更多看行业就业或升学转换。,普通应用/职业院校下直接考公空间很小，优先看事业单位、基层项目或行业就业。,,
500415,机场场务技术与管理,专科(高职),,专科,交通运输大类,航空运输类,0.0,很弱/无直接岗位,2026国考职位表/中央机关及直属机构口径（第三方镜像）,0.0,0.0,0.0,0.0,0.0,0.0,0.0,0.0,0.0,无直接可报岗位,,0.0,,0.0,0.0,0.0,,0.0,0.0,,0.0,0.0,,0.0,0.0,,0.0,0.0,0.0,0.0,none,暂无明显潜力,2026岗位文本中未形成直接可报匹配。,不建议把考公作为该专业在头部院校的核心卖点。,直接考公适配弱，应更多看行业就业或升学转换。,普通应用/职业院校下直接考公空间很小，优先看事业单位、基层项目或行业就业。,,
500416,通用航空航务技术,专科(高职),,专科,交通运输大类,航空运输类,0.0,很弱/无直接岗位,2026国考职位表/中央机关及直属机构口径（第三方镜像）,0.0,0.0,0.0,0.0,0.0,0.0,0.0,0.0,0.0,无直接可报岗位,,0.0,,0.0,0.0,0.0,,0.0,0.0,,0.0,0.0,,0.0,0.0,,0.0,0.0,0.0,0.0,none,暂无明显潜力,2026岗位文本中未形成直接可报匹配。,不建议把考公作为该专业在头部院校的核心卖点。,直接考公适配弱，应更多看行业就业或升学转换。,普通应用/职业院校下直接考公空间很小，优先看事业单位、基层项目或行业就业。,,
500417,航空油料,专科(高职),,专科,交通运输大类,航空运输类,0.0,很弱/无直接岗位,2026国考职位表/中央机关及直属机构口径（第三方镜像）,0.0,0.0,0.0,0.0,0.0,0.0,0.0,0.0,0.0,无直接可报岗位,,0.0,,0.0,0.0,0.0,,0.0,0.0,,0.0,0.0,,0.0,0.0,,0.0,0.0,0.0,0.0,none,暂无明显潜力,2026岗位文本中未形成直接可报匹配。,不建议把考公作为该专业在头部院校的核心卖点。,直接考公适配弱，应更多看行业就业或升学转换。,普通应用/职业院校下直接考公空间很小，优先看事业单位、基层项目或行业就业。,,
500418,航空复合材料结构修理技术,专科(高职),,专科,交通运输大类,航空运输类,0.0,很弱/无直接岗位,2026国考职位表/中央机关及直属机构口径（第三方镜像）,0.0,0.0,0.0,0.0,0.0,0.0,0.0,0.0,0.0,无直接可报岗位,,0.0,,0.0,0.0,0.0,,0.0,0.0,,0.0,0.0,,0.0,0.0,,0.0,0.0,0.0,0.0,,暂无明显潜力,2026岗位文本中未形成直接可报匹配。,不建议把考公作为该专业在头部院校的核心卖点。,直接考公适配弱，应更多看行业就业或升学转换。,普通应用/职业院校下直接考公空间很小，优先看事业单位、基层项目或行业就业。,,
500501,管道工程技术,专科(高职),,专科,交通运输大类,管道运输类,0.0,很弱/无直接岗位,2026国考职位表/中央机关及直属机构口径（第三方镜像）,0.0,0.0,0.0,0.0,0.0,0.0,0.0,0.0,0.0,无直接可报岗位,,0.0,,0.0,0.0,0.0,,0.0,0.0,,0.0,0.0,,0.0,0.0,,0.0,0.0,0.0,0.0,none,暂无明显潜力,2026岗位文本中未形成直接可报匹配。,不建议把考公作为该专业在头部院校的核心卖点。,直接考公适配弱，应更多看行业就业或升学转换。,普通应用/职业院校下直接考公空间很小，优先看事业单位、基层项目或行业就业。,,
500502,管道运输管理,专科(高职),,专科,交通运输大类,管道运输类,0.0,很弱/无直接岗位,2026国考职位表/中央机关及直属机构口径（第三方镜像）,0.0,0.0,0.0,0.0,0.0,0.0,0.0,0.0,0.0,无直接可报岗位,,0.0,,0.0,0.0,0.0,,0.0,0.0,,0.0,0.0,,0.0,0.0,,0.0,0.0,0.0,0.0,none,暂无明显潜力,2026岗位文本中未形成直接可报匹配。,不建议把考公作为该专业在头部院校的核心卖点。,直接考公适配弱，应更多看行业就业或升学转换。,普通应用/职业院校下直接考公空间很小，优先看事业单位、基层项目或行业就业。,,
500601,城市轨道交通工程技术,专科(高职),,专科,交通运输大类,城市轨道交通类,0.0,很弱/无直接岗位,2026国考职位表/中央机关及直属机构口径（第三方镜像）,0.0,0.0,0.0,0.0,0.0,0.0,0.0,0.0,0.0,无直接可报岗位,,0.0,,0.0,0.0,0.0,,0.0,0.0,,0.0,0.0,,0.0,0.0,,0.0,0.0,0.0,0.0,none,暂无明显潜力,2026岗位文本中未形成直接可报匹配。,不建议把考公作为该专业在头部院校的核心卖点。,直接考公适配弱，应更多看行业就业或升学转换。,普通应用/职业院校下直接考公空间很小，优先看事业单位、基层项目或行业就业。,,
500602,城市轨道车辆应用技术,专科(高职),,专科,交通运输大类,城市轨道交通类,0.0,很弱/无直接岗位,2026国考职位表/中央机关及直属机构口径（第三方镜像）,0.0,0.0,0.0,0.0,0.0,0.0,0.0,0.0,0.0,无直接可报岗位,,0.0,,0.0,0.0,0.0,,0.0,0.0,,0.0,0.0,,0.0,0.0,,0.0,0.0,0.0,0.0,none,暂无明显潜力,2026岗位文本中未形成直接可报匹配。,不建议把考公作为该专业在头部院校的核心卖点。,直接考公适配弱，应更多看行业就业或升学转换。,普通应用/职业院校下直接考公空间很小，优先看事业单位、基层项目或行业就业。,,
500603,城市轨道交通机电技术,专科(高职),,专科,交通运输大类,城市轨道交通类,0.0,很弱/无直接岗位,2026国考职位表/中央机关及直属机构口径（第三方镜像）,0.0,0.0,0.0,0.0,0.0,0.0,0.0,0.0,0.0,无直接可报岗位,,0.0,,0.0,0.0,0.0,,0.0,0.0,,0.0,0.0,,0.0,0.0,,0.0,0.0,0.0,0.0,none,暂无明显潜力,2026岗位文本中未形成直接可报匹配。,不建议把考公作为该专业在头部院校的核心卖点。,直接考公适配弱，应更多看行业就业或升学转换。,普通应用/职业院校下直接考公空间很小，优先看事业单位、基层项目或行业就业。,,
500604,城市轨道交通通信信号技术,专科(高职),,专科,交通运输大类,城市轨道交通类,0.0,很弱/无直接岗位,2026国考职位表/中央机关及直属机构口径（第三方镜像）,0.0,0.0,0.0,0.0,0.0,0.0,0.0,0.0,0.0,无直接可报岗位,,0.0,,0.0,0.0,0.0,,0.0,0.0,,0.0,0.0,,0.0,0.0,,0.0,0.0,0.0,0.0,none,暂无明显潜力,2026岗位文本中未形成直接可报匹配。,不建议把考公作为该专业在头部院校的核心卖点。,直接考公适配弱，应更多看行业就业或升学转换。,普通应用/职业院校下直接考公空间很小，优先看事业单位、基层项目或行业就业。,,
500605,城市轨道交通供配电技术,专科(高职),,专科,交通运输大类,城市轨道交通类,0.0,很弱/无直接岗位,2026国考职位表/中央机关及直属机构口径（第三方镜像）,0.0,0.0,0.0,0.0,0.0,0.0,0.0,0.0,0.0,无直接可报岗位,,0.0,,0.0,0.0,0.0,,0.0,0.0,,0.0,0.0,,0.0,0.0,,0.0,0.0,0.0,0.0,none,暂无明显潜力,2026岗位文本中未形成直接可报匹配。,不建议把考公作为该专业在头部院校的核心卖点。,直接考公适配弱，应更多看行业就业或升学转换。,普通应用/职业院校下直接考公空间很小，优先看事业单位、基层项目或行业就业。,,
500606,城市轨道交通运营管理,专科(高职),,专科,交通运输大类,城市轨道交通类,0.0,很弱/无直接岗位,2026国考职位表/中央机关及直属机构口径（第三方镜像）,0.0,0.0,0.0,0.0,0.0,0.0,0.0,0.0,0.0,无直接可报岗位,,0.0,,0.0,0.0,0.0,,0.0,0.0,,0.0,0.0,,0.0,0.0,,0.0,0.0,0.0,0.0,none,暂无明显潜力,2026岗位文本中未形成直接可报匹配。,不建议把考公作为该专业在头部院校的核心卖点。,直接考公适配弱，应更多看行业就业或升学转换。,普通应用/职业院校下直接考公空间很小，优先看事业单位、基层项目或行业就业。,,
500701,邮政快递运营管理,专科(高职),,专科,交通运输大类,邮政类,0.0,很弱/无直接岗位,2026国考职位表/中央机关及直属机构口径（第三方镜像）,0.0,0.0,0.0,0.0,0.0,0.0,0.0,0.0,0.0,无直接可报岗位,,0.0,,0.0,0.0,0.0,,0.0,0.0,,0.0,0.0,,0.0,0.0,,0.0,0.0,0.0,0.0,none,暂无明显潜力,2026岗位文本中未形成直接可报匹配。,不建议把考公作为该专业在头部院校的核心卖点。,直接考公适配弱，应更多看行业就业或升学转换。,普通应用/职业院校下直接考公空间很小，优先看事业单位、基层项目或行业就业。,,
500702,邮政快递智能技术,专科(高职),,专科,交通运输大类,邮政类,0.0,很弱/无直接岗位,2026国考职位表/中央机关及直属机构口径（第三方镜像）,0.0,0.0,0.0,0.0,0.0,0.0,0.0,0.0,0.0,无直接可报岗位,,0.0,,0.0,0.0,0.0,,0.0,0.0,,0.0,0.0,,0.0,0.0,,0.0,0.0,0.0,0.0,none,暂无明显潜力,2026岗位文本中未形成直接可报匹配。,不建议把考公作为该专业在头部院校的核心卖点。,直接考公适配弱，应更多看行业就业或升学转换。,普通应用/职业院校下直接考公空间很小，优先看事业单位、基层项目或行业就业。,,
500703,邮政通信管理,专科(高职),,专科,交通运输大类,邮政类,0.0,很弱/无直接岗位,2026国考职位表/中央机关及直属机构口径（第三方镜像）,0.0,0.0,0.0,0.0,0.0,0.0,0.0,0.0,0.0,无直接可报岗位,,0.0,,0.0,0.0,0.0,,0.0,0.0,,0.0,0.0,,0.0,0.0,,0.0,0.0,0.0,0.0,none,暂无明显潜力,2026岗位文本中未形成直接可报匹配。,不建议把考公作为该专业在头部院校的核心卖点。,直接考公适配弱，应更多看行业就业或升学转换。,普通应用/职业院校下直接考公空间很小，优先看事业单位、基层项目或行业就业。,,
260101,机械设计制造及自动化,本科(职业),,本科,装备制造大类,机械设计制造类,0.0,很弱/无直接岗位,2026国考职位表/中央机关及直属机构口径（第三方镜像）,0.0,0.0,0.0,0.0,0.0,0.0,0.0,0.0,0.0,无直接可报岗位,,0.0,,0.0,0.0,0.0,,0.0,0.0,,0.0,0.0,,0.0,0.0,,0.0,0.0,0.0,0.0,,暂无明显潜力,2026岗位文本中未形成直接可报匹配。,不建议把考公作为该专业在头部院校的核心卖点。,直接考公适配弱，应更多看行业就业或升学转换。,不适合作为普通应用院校的考公主卖点。,,
260102,智能制造工程技术,本科(职业),,本科,装备制造大类,机械设计制造类,0.0,很弱/无直接岗位,2026国考职位表/中央机关及直属机构口径（第三方镜像）,0.0,0.0,0.0,0.0,0.0,0.0,0.0,0.0,0.0,无直接可报岗位,,0.0,,0.0,0.0,0.0,,0.0,0.0,,0.0,0.0,,0.0,0.0,,0.0,0.0,0.0,0.0,,暂无明显潜力,2026岗位文本中未形成直接可报匹配。,不建议把考公作为该专业在头部院校的核心卖点。,直接考公适配弱，应更多看行业就业或升学转换。,不适合作为普通应用院校的考公主卖点。,,
260103,数控技术,本科(职业),,本科,装备制造大类,机械设计制造类,0.0,很弱/无直接岗位,2026国考职位表/中央机关及直属机构口径（第三方镜像）,0.0,0.0,0.0,0.0,0.0,0.0,0.0,0.0,0.0,无直接可报岗位,,0.0,,0.0,0.0,0.0,,0.0,0.0,,0.0,0.0,,0.0,0.0,,0.0,0.0,0.0,0.0,,暂无明显潜力,2026岗位文本中未形成直接可报匹配。,不建议把考公作为该专业在头部院校的核心卖点。,直接考公适配弱，应更多看行业就业或升学转换。,不适合作为普通应用院校的考公主卖点。,,
260104,工业设计,本科(职业),,本科,装备制造大类,机械设计制造类,0.0,很弱/无直接岗位,2026国考职位表/中央机关及直属机构口径（第三方镜像）,0.0,0.0,0.0,0.0,0.0,0.0,0.0,0.0,0.0,无直接可报岗位,,0.0,,0.0,0.0,0.0,,0.0,0.0,,0.0,0.0,,0.0,0.0,,0.0,0.0,0.0,0.0,,暂无明显潜力,2026岗位文本中未形成直接可报匹配。,不建议把考公作为该专业在头部院校的核心卖点。,直接考公适配弱，应更多看行业就业或升学转换。,不适合作为普通应用院校的考公主卖点。,,
260105,工业工程技术,本科(职业),,本科,装备制造大类,机械设计制造类,0.0,很弱/无直接岗位,2026国考职位表/中央机关及直属机构口径（第三方镜像）,0.0,0.0,0.0,0.0,0.0,0.0,0.0,0.0,0.0,无直接可报岗位,,0.0,,0.0,0.0,0.0,,0.0,0.0,,0.0,0.0,,0.0,0.0,,0.0,0.0,0.0,0.0,,暂无明显潜力,2026岗位文本中未形成直接可报匹配。,不建议把考公作为该专业在头部院校的核心卖点。,直接考公适配弱，应更多看行业就业或升学转换。,不适合作为普通应用院校的考公主卖点。,,
260106,材料成型及控制工程,本科(职业),,本科,装备制造大类,机械设计制造类,0.0,很弱/无直接岗位,2026国考职位表/中央机关及直属机构口径（第三方镜像）,0.0,0.0,0.0,0.0,0.0,0.0,0.0,0.0,0.0,无直接可报岗位,,0.0,,0.0,0.0,0.0,,0.0,0.0,,0.0,0.0,,0.0,0.0,,0.0,0.0,0.0,0.0,,暂无明显潜力,2026岗位文本中未形成直接可报匹配。,不建议把考公作为该专业在头部院校的核心卖点。,直接考公适配弱，应更多看行业就业或升学转换。,不适合作为普通应用院校的考公主卖点。,,
260107,增材制造工程技术,本科(职业),,本科,装备制造大类,机械设计制造类,0.0,很弱/无直接岗位,2026国考职位表/中央机关及直属机构口径（第三方镜像）,0.0,0.0,0.0,0.0,0.0,0.0,0.0,0.0,0.0,无直接可报岗位,,0.0,,0.0,0.0,0.0,,0.0,0.0,,0.0,0.0,,0.0,0.0,,0.0,0.0,0.0,0.0,,暂无明显潜力,2026岗位文本中未形成直接可报匹配。,不建议把考公作为该专业在头部院校的核心卖点。,直接考公适配弱，应更多看行业就业或升学转换。,不适合作为普通应用院校的考公主卖点。,,
260108,智能光电制造工程,本科(职业),,本科,装备制造大类,机械设计制造类,0.0,很弱/无直接岗位,2026国考职位表/中央机关及直属机构口径（第三方镜像）,0.0,0.0,0.0,0.0,0.0,0.0,0.0,0.0,0.0,无直接可报岗位,,0.0,,0.0,0.0,0.0,,0.0,0.0,,0.0,0.0,,0.0,0.0,,0.0,0.0,0.0,0.0,,暂无明显潜力,2026岗位文本中未形成直接可报匹配。,不建议把考公作为该专业在头部院校的核心卖点。,直接考公适配弱，应更多看行业就业或升学转换。,不适合作为普通应用院校的考公主卖点。,,
260201,装备智能化技术,本科(职业),,本科,装备制造大类,机电设备类,0.0,很弱/无直接岗位,2026国考职位表/中央机关及直属机构口径（第三方镜像）,0.0,0.0,0.0,0.0,0.0,0.0,0.0,0.0,0.0,无直接可报岗位,,0.0,,0.0,0.0,0.0,,0.0,0.0,,0.0,0.0,,0.0,0.0,,0.0,0.0,0.0,0.0,,暂无明显潜力,2026岗位文本中未形成直接可报匹配。,不建议把考公作为该专业在头部院校的核心卖点。,直接考公适配弱，应更多看行业就业或升学转换。,不适合作为普通应用院校的考公主卖点。,,
260202,制冷与空调工程,本科(职业),,本科,装备制造大类,机电设备类,0.0,很弱/无直接岗位,2026国考职位表/中央机关及直属机构口径（第三方镜像）,0.0,0.0,0.0,0.0,0.0,0.0,0.0,0.0,0.0,无直接可报岗位,,0.0,,0.0,0.0,0.0,,0.0,0.0,,0.0,0.0,,0.0,0.0,,0.0,0.0,0.0,0.0,,暂无明显潜力,2026岗位文本中未形成直接可报匹配。,不建议把考公作为该专业在头部院校的核心卖点。,直接考公适配弱，应更多看行业就业或升学转换。,不适合作为普通应用院校的考公主卖点。,,
260203,电梯工程技术,本科(职业),,本科,装备制造大类,机电设备类,0.0,很弱/无直接岗位,2026国考职位表/中央机关及直属机构口径（第三方镜像）,0.0,0.0,0.0,0.0,0.0,0.0,0.0,0.0,0.0,无直接可报岗位,,0.0,,0.0,0.0,0.0,,0.0,0.0,,0.0,0.0,,0.0,0.0,,0.0,0.0,0.0,0.0,,暂无明显潜力,2026岗位文本中未形成直接可报匹配。,不建议把考公作为该专业在头部院校的核心卖点。,直接考公适配弱，应更多看行业就业或升学转换。,不适合作为普通应用院校的考公主卖点。,,
260204,低空飞行器工程技术,本科(职业),,本科,装备制造大类,机电设备类,0.0,很弱/无直接岗位,2026国考职位表/中央机关及直属机构口径（第三方镜像）,0.0,0.0,0.0,0.0,0.0,0.0,0.0,0.0,0.0,无直接可报岗位,,0.0,,0.0,0.0,0.0,,0.0,0.0,,0.0,0.0,,0.0,0.0,,0.0,0.0,0.0,0.0,,暂无明显潜力,2026岗位文本中未形成直接可报匹配。,不建议把考公作为该专业在头部院校的核心卖点。,直接考公适配弱，应更多看行业就业或升学转换。,不适合作为普通应用院校的考公主卖点。,,
260301,机械电子工程技术,本科(职业),,本科,装备制造大类,自动化类,0.0,很弱/无直接岗位,2026国考职位表/中央机关及直属机构口径（第三方镜像）,0.0,0.0,0.0,0.0,0.0,0.0,0.0,0.0,0.0,无直接可报岗位,,0.0,,0.0,0.0,0.0,,0.0,0.0,,0.0,0.0,,0.0,0.0,,0.0,0.0,0.0,0.0,,暂无明显潜力,2026岗位文本中未形成直接可报匹配。,不建议把考公作为该专业在头部院校的核心卖点。,直接考公适配弱，应更多看行业就业或升学转换。,不适合作为普通应用院校的考公主卖点。,,
260302,电气工程及自动化,本科(职业),,本科,装备制造大类,自动化类,0.0,很弱/无直接岗位,2026国考职位表/中央机关及直属机构口径（第三方镜像）,0.0,0.0,0.0,0.0,0.0,0.0,0.0,0.0,0.0,无直接可报岗位,,0.0,,0.0,0.0,0.0,,0.0,0.0,,0.0,0.0,,0.0,0.0,,0.0,0.0,0.0,0.0,,暂无明显潜力,2026岗位文本中未形成直接可报匹配。,不建议把考公作为该专业在头部院校的核心卖点。,直接考公适配弱，应更多看行业就业或升学转换。,不适合作为普通应用院校的考公主卖点。,,
260303,智能控制技术,本科(职业),,本科,装备制造大类,自动化类,0.0,很弱/无直接岗位,2026国考职位表/中央机关及直属机构口径（第三方镜像）,0.0,0.0,0.0,0.0,0.0,0.0,0.0,0.0,0.0,无直接可报岗位,,0.0,,0.0,0.0,0.0,,0.0,0.0,,0.0,0.0,,0.0,0.0,,0.0,0.0,0.0,0.0,,暂无明显潜力,2026岗位文本中未形成直接可报匹配。,不建议把考公作为该专业在头部院校的核心卖点。,直接考公适配弱，应更多看行业就业或升学转换。,不适合作为普通应用院校的考公主卖点。,,
260304,机器人技术,本科(职业),,本科,装备制造大类,自动化类,0.0,很弱/无直接岗位,2026国考职位表/中央机关及直属机构口径（第三方镜像）,0.0,0.0,0.0,0.0,0.0,0.0,0.0,0.0,0.0,无直接可报岗位,,0.0,,0.0,0.0,0.0,,0.0,0.0,,0.0,0.0,,0.0,0.0,,0.0,0.0,0.0,0.0,,暂无明显潜力,2026岗位文本中未形成直接可报匹配。,不建议把考公作为该专业在头部院校的核心卖点。,直接考公适配弱，应更多看行业就业或升学转换。,不适合作为普通应用院校的考公主卖点。,,
260305,自动化技术与应用,本科(职业),,本科,装备制造大类,自动化类,0.0,很弱/无直接岗位,2026国考职位表/中央机关及直属机构口径（第三方镜像）,0.0,0.0,0.0,0.0,0.0,0.0,0.0,0.0,0.0,无直接可报岗位,,0.0,,0.0,0.0,0.0,,0.0,0.0,,0.0,0.0,,0.0,0.0,,0.0,0.0,0.0,0.0,,暂无明显潜力,2026岗位文本中未形成直接可报匹配。,不建议把考公作为该专业在头部院校的核心卖点。,直接考公适配弱，应更多看行业就业或升学转换。,不适合作为普通应用院校的考公主卖点。,,
260306,现代测控工程技术,本科(职业),,本科,装备制造大类,自动化类,0.0,很弱/无直接岗位,2026国考职位表/中央机关及直属机构口径（第三方镜像）,0.0,0.0,0.0,0.0,0.0,0.0,0.0,0.0,0.0,无直接可报岗位,,0.0,,0.0,0.0,0.0,,0.0,0.0,,0.0,0.0,,0.0,0.0,,0.0,0.0,0.0,0.0,,暂无明显潜力,2026岗位文本中未形成直接可报匹配。,不建议把考公作为该专业在头部院校的核心卖点。,直接考公适配弱，应更多看行业就业或升学转换。,不适合作为普通应用院校的考公主卖点。,,
260307,工业互联网工程,本科(职业),,本科,装备制造大类,自动化类,0.0,很弱/无直接岗位,2026国考职位表/中央机关及直属机构口径（第三方镜像）,0.0,0.0,0.0,0.0,0.0,0.0,0.0,0.0,0.0,无直接可报岗位,,0.0,,0.0,0.0,0.0,,0.0,0.0,,0.0,0.0,,0.0,0.0,,0.0,0.0,0.0,0.0,,暂无明显潜力,2026岗位文本中未形成直接可报匹配。,不建议把考公作为该专业在头部院校的核心卖点。,直接考公适配弱，应更多看行业就业或升学转换。,不适合作为普通应用院校的考公主卖点。,,
260308,具身智能工程技术,本科(职业),,本科,装备制造大类,自动化类,0.0,很弱/无直接岗位,2026国考职位表/中央机关及直属机构口径（第三方镜像）,0.0,0.0,0.0,0.0,0.0,0.0,0.0,0.0,0.0,无直接可报岗位,,0.0,,0.0,0.0,0.0,,0.0,0.0,,0.0,0.0,,0.0,0.0,,0.0,0.0,0.0,0.0,,暂无明显潜力,2026岗位文本中未形成直接可报匹配。,不建议把考公作为该专业在头部院校的核心卖点。,直接考公适配弱，应更多看行业就业或升学转换。,不适合作为普通应用院校的考公主卖点。,,
260401,轨道交通车辆工程技术,本科(职业),,本科,装备制造大类,轨道装备类,0.0,很弱/无直接岗位,2026国考职位表/中央机关及直属机构口径（第三方镜像）,0.0,0.0,0.0,0.0,0.0,0.0,0.0,0.0,0.0,无直接可报岗位,,0.0,,0.0,0.0,0.0,,0.0,0.0,,0.0,0.0,,0.0,0.0,,0.0,0.0,0.0,0.0,,暂无明显潜力,2026岗位文本中未形成直接可报匹配。,不建议把考公作为该专业在头部院校的核心卖点。,直接考公适配弱，应更多看行业就业或升学转换。,不适合作为普通应用院校的考公主卖点。,,
260402,轨道交通智能控制装备技术,本科(职业),,本科,装备制造大类,轨道装备类,0.0,很弱/无直接岗位,2026国考职位表/中央机关及直属机构口径（第三方镜像）,0.0,0.0,0.0,0.0,0.0,0.0,0.0,0.0,0.0,无直接可报岗位,,0.0,,0.0,0.0,0.0,,0.0,0.0,,0.0,0.0,,0.0,0.0,,0.0,0.0,0.0,0.0,,暂无明显潜力,2026岗位文本中未形成直接可报匹配。,不建议把考公作为该专业在头部院校的核心卖点。,直接考公适配弱，应更多看行业就业或升学转换。,不适合作为普通应用院校的考公主卖点。,,
260501,船舶智能制造技术,本科(职业),,本科,装备制造大类,船舶与海洋工程装备类,0.0,很弱/无直接岗位,2026国考职位表/中央机关及直属机构口径（第三方镜像）,0.0,0.0,0.0,0.0,0.0,0.0,0.0,0.0,0.0,无直接可报岗位,,0.0,,0.0,0.0,0.0,,0.0,0.0,,0.0,0.0,,0.0,0.0,,0.0,0.0,0.0,0.0,,暂无明显潜力,2026岗位文本中未形成直接可报匹配。,不建议把考公作为该专业在头部院校的核心卖点。,直接考公适配弱，应更多看行业就业或升学转换。,不适合作为普通应用院校的考公主卖点。,,
260502,船舶动力工程技术,本科(职业),,本科,装备制造大类,船舶与海洋工程装备类,0.0,很弱/无直接岗位,2026国考职位表/中央机关及直属机构口径（第三方镜像）,0.0,0.0,0.0,0.0,0.0,0.0,0.0,0.0,0.0,无直接可报岗位,,0.0,,0.0,0.0,0.0,,0.0,0.0,,0.0,0.0,,0.0,0.0,,0.0,0.0,0.0,0.0,,暂无明显潜力,2026岗位文本中未形成直接可报匹配。,不建议把考公作为该专业在头部院校的核心卖点。,直接考公适配弱，应更多看行业就业或升学转换。,不适合作为普通应用院校的考公主卖点。,,
260503,船舶电气工程技术,本科(职业),,本科,装备制造大类,船舶与海洋工程装备类,0.0,很弱/无直接岗位,2026国考职位表/中央机关及直属机构口径（第三方镜像）,0.0,0.0,0.0,0.0,0.0,0.0,0.0,0.0,0.0,无直接可报岗位,,0.0,,0.0,0.0,0.0,,0.0,0.0,,0.0,0.0,,0.0,0.0,,0.0,0.0,0.0,0.0,,暂无明显潜力,2026岗位文本中未形成直接可报匹配。,不建议把考公作为该专业在头部院校的核心卖点。,直接考公适配弱，应更多看行业就业或升学转换。,不适合作为普通应用院校的考公主卖点。,,
260601,航空智能制造技术,本科(职业),,本科,装备制造大类,航空装备类,0.0,很弱/无直接岗位,2026国考职位表/中央机关及直属机构口径（第三方镜像）,0.0,0.0,0.0,0.0,0.0,0.0,0.0,0.0,0.0,无直接可报岗位,,0.0,,0.0,0.0,0.0,,0.0,0.0,,0.0,0.0,,0.0,0.0,,0.0,0.0,0.0,0.0,,暂无明显潜力,2026岗位文本中未形成直接可报匹配。,不建议把考公作为该专业在头部院校的核心卖点。,直接考公适配弱，应更多看行业就业或升学转换。,不适合作为普通应用院校的考公主卖点。,,
260602,飞行器维修工程技术,本科(职业),,本科,装备制造大类,航空装备类,0.0,很弱/无直接岗位,2026国考职位表/中央机关及直属机构口径（第三方镜像）,0.0,0.0,0.0,0.0,0.0,0.0,0.0,0.0,0.0,无直接可报岗位,,0.0,,0.0,0.0,0.0,,0.0,0.0,,0.0,0.0,,0.0,0.0,,0.0,0.0,0.0,0.0,,暂无明显潜力,2026岗位文本中未形成直接可报匹配。,不建议把考公作为该专业在头部院校的核心卖点。,直接考公适配弱，应更多看行业就业或升学转换。,不适合作为普通应用院校的考公主卖点。,,
260603,航空动力装置维修技术,本科(职业),,本科,装备制造大类,航空装备类,0.0,很弱/无直接岗位,2026国考职位表/中央机关及直属机构口径（第三方镜像）,0.0,0.0,0.0,0.0,0.0,0.0,0.0,0.0,0.0,无直接可报岗位,,0.0,,0.0,0.0,0.0,,0.0,0.0,,0.0,0.0,,0.0,0.0,,0.0,0.0,0.0,0.0,,暂无明显潜力,2026岗位文本中未形成直接可报匹配。,不建议把考公作为该专业在头部院校的核心卖点。,直接考公适配弱，应更多看行业就业或升学转换。,不适合作为普通应用院校的考公主卖点。,,
260604,无人机系统应用技术,本科(职业),,本科,装备制造大类,航空装备类,0.0,很弱/无直接岗位,2026国考职位表/中央机关及直属机构口径（第三方镜像）,0.0,0.0,0.0,0.0,0.0,0.0,0.0,0.0,0.0,无直接可报岗位,,0.0,,0.0,0.0,0.0,,0.0,0.0,,0.0,0.0,,0.0,0.0,,0.0,0.0,0.0,0.0,,暂无明显潜力,2026岗位文本中未形成直接可报匹配。,不建议把考公作为该专业在头部院校的核心卖点。,直接考公适配弱，应更多看行业就业或升学转换。,不适合作为普通应用院校的考公主卖点。,,
260605,航空复合材料智造工程技术,本科(职业),,本科,装备制造大类,航空装备类,0.0,很弱/无直接岗位,2026国考职位表/中央机关及直属机构口径（第三方镜像）,0.0,0.0,0.0,0.0,0.0,0.0,0.0,0.0,0.0,无直接可报岗位,,0.0,,0.0,0.0,0.0,,0.0,0.0,,0.0,0.0,,0.0,0.0,,0.0,0.0,0.0,0.0,,暂无明显潜力,2026岗位文本中未形成直接可报匹配。,不建议把考公作为该专业在头部院校的核心卖点。,直接考公适配弱，应更多看行业就业或升学转换。,不适合作为普通应用院校的考公主卖点。,,
260606,电动飞行器应用技术,本科(职业),,本科,装备制造大类,航空装备类,0.0,很弱/无直接岗位,2026国考职位表/中央机关及直属机构口径（第三方镜像）,0.0,0.0,0.0,0.0,0.0,0.0,0.0,0.0,0.0,无直接可报岗位,,0.0,,0.0,0.0,0.0,,0.0,0.0,,0.0,0.0,,0.0,0.0,,0.0,0.0,0.0,0.0,,暂无明显潜力,2026岗位文本中未形成直接可报匹配。,不建议把考公作为该专业在头部院校的核心卖点。,直接考公适配弱，应更多看行业就业或升学转换。,不适合作为普通应用院校的考公主卖点。,,
260607,航空复合材料修理工程技术,本科(职业),,本科,装备制造大类,航空装备类,0.0,很弱/无直接岗位,2026国考职位表/中央机关及直属机构口径（第三方镜像）,0.0,0.0,0.0,0.0,0.0,0.0,0.0,0.0,0.0,无直接可报岗位,,0.0,,0.0,0.0,0.0,,0.0,0.0,,0.0,0.0,,0.0,0.0,,0.0,0.0,0.0,0.0,,暂无明显潜力,2026岗位文本中未形成直接可报匹配。,不建议把考公作为该专业在头部院校的核心卖点。,直接考公适配弱，应更多看行业就业或升学转换。,不适合作为普通应用院校的考公主卖点。,,
260701,汽车工程技术,本科(职业),,本科,装备制造大类,汽车制造类,0.0,很弱/无直接岗位,2026国考职位表/中央机关及直属机构口径（第三方镜像）,0.0,0.0,0.0,0.0,0.0,0.0,0.0,0.0,0.0,无直接可报岗位,,0.0,,0.0,0.0,0.0,,0.0,0.0,,0.0,0.0,,0.0,0.0,,0.0,0.0,0.0,0.0,,暂无明显潜力,2026岗位文本中未形成直接可报匹配。,不建议把考公作为该专业在头部院校的核心卖点。,直接考公适配弱，应更多看行业就业或升学转换。,不适合作为普通应用院校的考公主卖点。,,
260702,新能源汽车工程技术,本科(职业),,本科,装备制造大类,汽车制造类,0.0,很弱/无直接岗位,2026国考职位表/中央机关及直属机构口径（第三方镜像）,0.0,0.0,0.0,0.0,0.0,0.0,0.0,0.0,0.0,无直接可报岗位,,0.0,,0.0,0.0,0.0,,0.0,0.0,,0.0,0.0,,0.0,0.0,,0.0,0.0,0.0,0.0,,暂无明显潜力,2026岗位文本中未形成直接可报匹配。,不建议把考公作为该专业在头部院校的核心卖点。,直接考公适配弱，应更多看行业就业或升学转换。,不适合作为普通应用院校的考公主卖点。,,
260703,智能网联汽车工程技术,本科(职业),,本科,装备制造大类,汽车制造类,0.0,很弱/无直接岗位,2026国考职位表/中央机关及直属机构口径（第三方镜像）,0.0,0.0,0.0,0.0,0.0,0.0,0.0,0.0,0.0,无直接可报岗位,,0.0,,0.0,0.0,0.0,,0.0,0.0,,0.0,0.0,,0.0,0.0,,0.0,0.0,0.0,0.0,,暂无明显潜力,2026岗位文本中未形成直接可报匹配。,不建议把考公作为该专业在头部院校的核心卖点。,直接考公适配弱，应更多看行业就业或升学转换。,不适合作为普通应用院校的考公主卖点。,,
260704,汽车芯片与软件工程技术,本科(职业),,本科,装备制造大类,汽车制造类,0.0,很弱/无直接岗位,2026国考职位表/中央机关及直属机构口径（第三方镜像）,0.0,0.0,0.0,0.0,0.0,0.0,0.0,0.0,0.0,无直接可报岗位,,0.0,,0.0,0.0,0.0,,0.0,0.0,,0.0,0.0,,0.0,0.0,,0.0,0.0,0.0,0.0,,暂无明显潜力,2026岗位文本中未形成直接可报匹配。,不建议把考公作为该专业在头部院校的核心卖点。,直接考公适配弱，应更多看行业就业或升学转换。,不适合作为普通应用院校的考公主卖点。,,
510101,电子信息工程技术,专科(高职),,专科,电子与信息大类,电子信息类,10.4,很弱/无直接岗位,2026国考职位表/中央机关及直属机构口径（第三方镜像）,2.0,0.0,2.0,0.0,0.0,0.0,100.0,0.0,0.0,主要靠专业大类/门类岗位,海关/边检(2)；公安/移民/基层执法(2),4.0,6.5,0.0,0.0,0.0,,0.0,0.0,,2.0,100.0,6.5,0.0,0.0,,41.0,2759.0,0.0,2759.0,high,升学后强潜力,主要来自专业类/学科门类宽口径匹配，报考前必须核官方专业目录。,可以考，但院校层级优势有限，更依赖岗位地区和限制条件。,岗位窗口较窄，建议只作为就业备选项。,少量大专可报基层岗位存在，但数量很少，需逐岗位核验。,上海海事局|中国人民银行云南省分行|中国人民银行内蒙古自治区分行|中国人民银行吉林省分行|中国人民银行四川省分行|中国人民银行大连市分行|中国人民银行宁夏回族自治区分行|中国人民银行安徽省分行,一级主任科员及以下|一级主任科员及以下（二）|一级主任科员及以下（四）|一级主办及以下|一级主办及以下(三)|一级主办及以下（一）|一级主办及以下（七）|一级主办及以下（三）
510102,物联网应用技术,专科(高职),,专科,电子与信息大类,电子信息类,10.4,很弱/无直接岗位,2026国考职位表/中央机关及直属机构口径（第三方镜像）,2.0,0.0,2.0,0.0,0.0,0.0,100.0,0.0,0.0,主要靠专业大类/门类岗位,海关/边检(2)；公安/移民/基层执法(2),4.0,6.5,0.0,0.0,0.0,,0.0,0.0,,2.0,100.0,6.5,0.0,0.0,,41.0,2759.0,0.0,2759.0,high,升学后强潜力,主要来自专业类/学科门类宽口径匹配，报考前必须核官方专业目录。,可以考，但院校层级优势有限，更依赖岗位地区和限制条件。,岗位窗口较窄，建议只作为就业备选项。,少量大专可报基层岗位存在，但数量很少，需逐岗位核验。,上海海事局|中国人民银行云南省分行|中国人民银行内蒙古自治区分行|中国人民银行吉林省分行|中国人民银行四川省分行|中国人民银行大连市分行|中国人民银行宁夏回族自治区分行|中国人民银行安徽省分行,一级主任科员及以下|一级主任科员及以下（二）|一级主任科员及以下（四）|一级主办及以下|一级主办及以下(三)|一级主办及以下（一）|一级主办及以下（七）|一级主办及以下（三）
510103,应用电子技术,专科(高职),,专科,电子与信息大类,电子信息类,10.4,很弱/无直接岗位,2026国考职位表/中央机关及直属机构口径（第三方镜像）,2.0,0.0,2.0,0.0,0.0,0.0,100.0,0.0,0.0,主要靠专业大类/门类岗位,海关/边检(2)；公安/移民/基层执法(2),4.0,6.5,0.0,0.0,0.0,,0.0,0.0,,2.0,100.0,6.5,0.0,0.0,,41.0,2763.0,4.0,2759.0,high,升学后强潜力,主要来自专业类/学科门类宽口径匹配，报考前必须核官方专业目录。,可以考，但院校层级优势有限，更依赖岗位地区和限制条件。,岗位窗口较窄，建议只作为就业备选项。,少量大专可报基层岗位存在，但数量很少，需逐岗位核验。,上海海事局|中国人民银行云南省分行|中国人民银行内蒙古自治区分行|中国人民银行吉林省分行|中国人民银行四川省分行|中国人民银行大连市分行|中国人民银行宁夏回族自治区分行|中国人民银行安徽省分行,一级主任科员及以下|一级主任科员及以下（二）|一级主任科员及以下（四）|一级主办及以下|一级主办及以下(三)|一级主办及以下（一）|一级主办及以下（七）|一级主办及以下（三）
510104,电子产品制造技术,专科(高职),,专科,电子与信息大类,电子信息类,10.4,很弱/无直接岗位,2026国考职位表/中央机关及直属机构口径（第三方镜像）,2.0,0.0,2.0,0.0,0.0,0.0,100.0,0.0,0.0,主要靠专业大类/门类岗位,海关/边检(2)；公安/移民/基层执法(2),4.0,6.5,0.0,0.0,0.0,,0.0,0.0,,2.0,100.0,6.5,0.0,0.0,,41.0,2759.0,0.0,2759.0,high,升学后强潜力,主要来自专业类/学科门类宽口径匹配，报考前必须核官方专业目录。,可以考，但院校层级优势有限，更依赖岗位地区和限制条件。,岗位窗口较窄，建议只作为就业备选项。,少量大专可报基层岗位存在，但数量很少，需逐岗位核验。,上海海事局|中国人民银行云南省分行|中国人民银行内蒙古自治区分行|中国人民银行吉林省分行|中国人民银行四川省分行|中国人民银行大连市分行|中国人民银行宁夏回族自治区分行|中国人民银行安徽省分行,一级主任科员及以下|一级主任科员及以下（二）|一级主任科员及以下（四）|一级主办及以下|一级主办及以下(三)|一级主办及以下（一）|一级主办及以下（七）|一级主办及以下（三）
510105,电子产品检测技术,专科(高职),,专科,电子与信息大类,电子信息类,10.4,很弱/无直接岗位,2026国考职位表/中央机关及直属机构口径（第三方镜像）,2.0,0.0,2.0,0.0,0.0,0.0,100.0,0.0,0.0,主要靠专业大类/门类岗位,海关/边检(2)；公安/移民/基层执法(2),4.0,6.5,0.0,0.0,0.0,,0.0,0.0,,2.0,100.0,6.5,0.0,0.0,,41.0,2759.0,0.0,2759.0,high,升学后强潜力,主要来自专业类/学科门类宽口径匹配，报考前必须核官方专业目录。,可以考，但院校层级优势有限，更依赖岗位地区和限制条件。,岗位窗口较窄，建议只作为就业备选项。,少量大专可报基层岗位存在，但数量很少，需逐岗位核验。,上海海事局|中国人民银行云南省分行|中国人民银行内蒙古自治区分行|中国人民银行吉林省分行|中国人民银行四川省分行|中国人民银行大连市分行|中国人民银行宁夏回族自治区分行|中国人民银行安徽省分行,一级主任科员及以下|一级主任科员及以下（二）|一级主任科员及以下（四）|一级主办及以下|一级主办及以下(三)|一级主办及以下（一）|一级主办及以下（七）|一级主办及以下（三）
510106,移动互联应用技术,专科(高职),,专科,电子与信息大类,电子信息类,10.4,很弱/无直接岗位,2026国考职位表/中央机关及直属机构口径（第三方镜像）,2.0,0.0,2.0,0.0,0.0,0.0,100.0,0.0,0.0,主要靠专业大类/门类岗位,海关/边检(2)；公安/移民/基层执法(2),4.0,6.5,0.0,0.0,0.0,,0.0,0.0,,2.0,100.0,6.5,0.0,0.0,,41.0,2759.0,0.0,2759.0,high,升学后强潜力,主要来自专业类/学科门类宽口径匹配，报考前必须核官方专业目录。,可以考，但院校层级优势有限，更依赖岗位地区和限制条件。,岗位窗口较窄，建议只作为就业备选项。,少量大专可报基层岗位存在，但数量很少，需逐岗位核验。,上海海事局|中国人民银行云南省分行|中国人民银行内蒙古自治区分行|中国人民银行吉林省分行|中国人民银行四川省分行|中国人民银行大连市分行|中国人民银行宁夏回族自治区分行|中国人民银行安徽省分行,一级主任科员及以下|一级主任科员及以下（二）|一级主任科员及以下（四）|一级主办及以下|一级主办及以下(三)|一级主办及以下（一）|一级主办及以下（七）|一级主办及以下（三）
510107,汽车智能技术,专科(高职),,专科,电子与信息大类,电子信息类,10.4,很弱/无直接岗位,2026国考职位表/中央机关及直属机构口径（第三方镜像）,2.0,0.0,2.0,0.0,0.0,0.0,100.0,0.0,0.0,主要靠专业大类/门类岗位,海关/边检(2)；公安/移民/基层执法(2),4.0,6.5,0.0,0.0,0.0,,0.0,0.0,,2.0,100.0,6.5,0.0,0.0,,41.0,2759.0,0.0,2759.0,high,升学后强潜力,主要来自专业类/学科门类宽口径匹配，报考前必须核官方专业目录。,可以考，但院校层级优势有限，更依赖岗位地区和限制条件。,岗位窗口较窄，建议只作为就业备选项。,少量大专可报基层岗位存在，但数量很少，需逐岗位核验。,上海海事局|中国人民银行云南省分行|中国人民银行内蒙古自治区分行|中国人民银行吉林省分行|中国人民银行四川省分行|中国人民银行大连市分行|中国人民银行宁夏回族自治区分行|中国人民银行安徽省分行,一级主任科员及以下|一级主任科员及以下（二）|一级主任科员及以下（四）|一级主办及以下|一级主办及以下(三)|一级主办及以下（一）|一级主办及以下（七）|一级主办及以下（三）
510108,智能产品开发与应用,专科(高职),,专科,电子与信息大类,电子信息类,10.4,很弱/无直接岗位,2026国考职位表/中央机关及直属机构口径（第三方镜像）,2.0,0.0,2.0,0.0,0.0,0.0,100.0,0.0,0.0,主要靠专业大类/门类岗位,海关/边检(2)；公安/移民/基层执法(2),4.0,6.5,0.0,0.0,0.0,,0.0,0.0,,2.0,100.0,6.5,0.0,0.0,,41.0,2759.0,0.0,2759.0,high,升学后强潜力,主要来自专业类/学科门类宽口径匹配，报考前必须核官方专业目录。,可以考，但院校层级优势有限，更依赖岗位地区和限制条件。,岗位窗口较窄，建议只作为就业备选项。,少量大专可报基层岗位存在，但数量很少，需逐岗位核验。,上海海事局|中国人民银行云南省分行|中国人民银行内蒙古自治区分行|中国人民银行吉林省分行|中国人民银行四川省分行|中国人民银行大连市分行|中国人民银行宁夏回族自治区分行|中国人民银行安徽省分行,一级主任科员及以下|一级主任科员及以下（二）|一级主任科员及以下（四）|一级主办及以下|一级主办及以下(三)|一级主办及以下（一）|一级主办及以下（七）|一级主办及以下（三）
510109,智能光电技术应用,专科(高职),,专科,电子与信息大类,电子信息类,10.4,很弱/无直接岗位,2026国考职位表/中央机关及直属机构口径（第三方镜像）,2.0,0.0,2.0,0.0,0.0,0.0,100.0,0.0,0.0,主要靠专业大类/门类岗位,海关/边检(2)；公安/移民/基层执法(2),4.0,6.5,0.0,0.0,0.0,,0.0,0.0,,2.0,100.0,6.5,0.0,0.0,,41.0,2759.0,0.0,2759.0,high,升学后强潜力,主要来自专业类/学科门类宽口径匹配，报考前必须核官方专业目录。,可以考，但院校层级优势有限，更依赖岗位地区和限制条件。,岗位窗口较窄，建议只作为就业备选项。,少量大专可报基层岗位存在，但数量很少，需逐岗位核验。,上海海事局|中国人民银行云南省分行|中国人民银行内蒙古自治区分行|中国人民银行吉林省分行|中国人民银行四川省分行|中国人民银行大连市分行|中国人民银行宁夏回族自治区分行|中国人民银行安徽省分行,一级主任科员及以下|一级主任科员及以下（二）|一级主任科员及以下（四）|一级主办及以下|一级主办及以下(三)|一级主办及以下（一）|一级主办及以下（七）|一级主办及以下（三）
510110,光电显示技术,专科(高职),,专科,电子与信息大类,电子信息类,10.4,很弱/无直接岗位,2026国考职位表/中央机关及直属机构口径（第三方镜像）,2.0,0.0,2.0,0.0,0.0,0.0,100.0,0.0,0.0,主要靠专业大类/门类岗位,海关/边检(2)；公安/移民/基层执法(2),4.0,6.5,0.0,0.0,0.0,,0.0,0.0,,2.0,100.0,6.5,0.0,0.0,,41.0,2759.0,0.0,2759.0,high,升学后强潜力,主要来自专业类/学科门类宽口径匹配，报考前必须核官方专业目录。,可以考，但院校层级优势有限，更依赖岗位地区和限制条件。,岗位窗口较窄，建议只作为就业备选项。,少量大专可报基层岗位存在，但数量很少，需逐岗位核验。,上海海事局|中国人民银行云南省分行|中国人民银行内蒙古自治区分行|中国人民银行吉林省分行|中国人民银行四川省分行|中国人民银行大连市分行|中国人民银行宁夏回族自治区分行|中国人民银行安徽省分行,一级主任科员及以下|一级主任科员及以下（二）|一级主任科员及以下（四）|一级主办及以下|一级主办及以下(三)|一级主办及以下（一）|一级主办及以下（七）|一级主办及以下（三）
510111,低空安全与技术,专科(高职),,专科,电子与信息大类,电子信息类,0.0,很弱/无直接岗位,2026国考职位表/中央机关及直属机构口径（第三方镜像）,0.0,0.0,0.0,0.0,0.0,0.0,0.0,0.0,0.0,无直接可报岗位,,0.0,,0.0,0.0,0.0,,0.0,0.0,,0.0,0.0,,0.0,0.0,,0.0,0.0,0.0,0.0,,暂无明显潜力,2026岗位文本中未形成直接可报匹配。,不建议把考公作为该专业在头部院校的核心卖点。,直接考公适配弱，应更多看行业就业或升学转换。,普通应用/职业院校下直接考公空间很小，优先看事业单位、基层项目或行业就业。,,
510201,计算机应用技术,专科(高职),,专科,电子与信息大类,计算机类,18.8,弱适配,2026国考职位表/中央机关及直属机构口径（第三方镜像）,4.0,2.0,2.0,0.0,0.0,50.0,50.0,0.0,0.0,以对口岗位为主,海关/边检(4)；公安/移民/基层执法(4),10.0,6.2,0.0,0.0,0.0,,0.0,0.0,,4.0,100.0,6.31,0.0,0.0,,86.0,3803.0,58.0,3745.0,very_high,升学后强潜力,存在专业代码或专业名称精确匹配，并有直接学历兼容岗位。,头部院校优势主要体现在保研/读研后进入更高层级岗位。,岗位窗口较窄，建议只作为就业备选项。,少量大专可报基层岗位存在，但数量很少，需逐岗位核验。,上海市邮政管理局|上海海事局|上海海关缉私局|上海铁路公安局|中国人民银行云南省分行|中国人民银行内蒙古自治区分行|中国人民银行吉林省分行|中国人民银行四川省分行,一级主任科员及以下|一级主任科员及以下二|一级主任科员及以下（二）|一级主任科员及以下（四）|一级主办及以下|一级主办及以下(三)|一级主办及以下（一）|一级主办及以下（七）
510202,计算机网络技术,专科(高职),,专科,电子与信息大类,计算机类,10.4,很弱/无直接岗位,2026国考职位表/中央机关及直属机构口径（第三方镜像）,2.0,0.0,2.0,0.0,0.0,0.0,100.0,0.0,0.0,主要靠专业大类/门类岗位,海关/边检(2)；公安/移民/基层执法(2),4.0,6.5,0.0,0.0,0.0,,0.0,0.0,,2.0,100.0,6.5,0.0,0.0,,72.0,3745.0,0.0,3745.0,very_high,升学后强潜力,主要来自专业类/学科门类宽口径匹配，报考前必须核官方专业目录。,头部院校优势主要体现在保研/读研后进入更高层级岗位。,岗位窗口较窄，建议只作为就业备选项。,少量大专可报基层岗位存在，但数量很少，需逐岗位核验。,上海市邮政管理局|上海海事局|上海海关缉私局|上海铁路公安局|中国人民银行云南省分行|中国人民银行内蒙古自治区分行|中国人民银行吉林省分行|中国人民银行四川省分行,一级主任科员及以下|一级主任科员及以下二|一级主任科员及以下（二）|一级主任科员及以下（四）|一级主办及以下|一级主办及以下(三)|一级主办及以下（一）|一级主办及以下（七）
510203,软件技术,专科(高职),,专科,电子与信息大类,计算机类,15.8,弱适配,2026国考职位表/中央机关及直属机构口径（第三方镜像）,3.0,1.0,2.0,0.0,0.0,33.3,66.7,0.0,0.0,以对口岗位为主,海关/边检(3)；公安/移民/基层执法(3),8.0,6.62,0.0,0.0,0.0,,0.0,0.0,,3.0,100.0,6.58,0.0,0.0,,72.0,3746.0,1.0,3745.0,very_high,升学后强潜力,存在专业代码或专业名称精确匹配，并有直接学历兼容岗位。,头部院校优势主要体现在保研/读研后进入更高层级岗位。,岗位窗口较窄，建议只作为就业备选项。,少量大专可报基层岗位存在，但数量很少，需逐岗位核验。,上海市邮政管理局|上海海事局|上海海关缉私局|上海铁路公安局|中国人民银行云南省分行|中国人民银行内蒙古自治区分行|中国人民银行吉林省分行|中国人民银行四川省分行,一级主任科员及以下|一级主任科员及以下二|一级主任科员及以下（二）|一级主任科员及以下（四）|一级主办及以下|一级主办及以下(三)|一级主办及以下（一）|一级主办及以下（七）
510204,数字媒体技术,专科(高职),,专科,电子与信息大类,计算机类,10.4,很弱/无直接岗位,2026国考职位表/中央机关及直属机构口径（第三方镜像）,2.0,0.0,2.0,0.0,0.0,0.0,100.0,0.0,0.0,主要靠专业大类/门类岗位,海关/边检(2)；公安/移民/基层执法(2),4.0,6.5,0.0,0.0,0.0,,0.0,0.0,,2.0,100.0,6.5,0.0,0.0,,72.0,3802.0,57.0,3745.0,very_high,升学后强潜力,主要来自专业类/学科门类宽口径匹配，报考前必须核官方专业目录。,头部院校优势主要体现在保研/读研后进入更高层级岗位。,岗位窗口较窄，建议只作为就业备选项。,少量大专可报基层岗位存在，但数量很少，需逐岗位核验。,上海市邮政管理局|上海海事局|上海海关缉私局|上海铁路公安局|中国人民银行云南省分行|中国人民银行内蒙古自治区分行|中国人民银行吉林省分行|中国人民银行四川省分行,一级主任科员及以下|一级主任科员及以下二|一级主任科员及以下（二）|一级主任科员及以下（四）|一级主办及以下|一级主办及以下(三)|一级主办及以下（一）|一级主办及以下（七）
510205,大数据技术,专科(高职),,专科,电子与信息大类,计算机类,15.8,弱适配,2026国考职位表/中央机关及直属机构口径（第三方镜像）,3.0,1.0,2.0,0.0,0.0,33.3,66.7,0.0,0.0,以对口岗位为主,海关/边检(3)；公安/移民/基层执法(3),8.0,6.62,0.0,0.0,0.0,,0.0,0.0,,3.0,100.0,6.58,0.0,0.0,,115.0,4116.0,377.0,3739.0,very_high,升学后强潜力,存在专业代码或专业名称精确匹配，并有直接学历兼容岗位。,头部院校优势主要体现在保研/读研后进入更高层级岗位。,岗位窗口较窄，建议只作为就业备选项。,少量大专可报基层岗位存在，但数量很少，需逐岗位核验。,上海市邮政管理局|上海海事局|上海海关|上海海关缉私局|上海铁路公安局|中国人民银行|中国人民银行云南省分行|中国人民银行内蒙古自治区分行,一级主任科员及以下|一级主任科员及以下二|一级主任科员及以下（二）|一级主任科员及以下（四）|一级主办及以下|一级主办及以下(三)|一级主办及以下（一）|一级主办及以下（七）
510206,云计算技术应用,专科(高职),,专科,电子与信息大类,计算机类,10.4,很弱/无直接岗位,2026国考职位表/中央机关及直属机构口径（第三方镜像）,2.0,0.0,2.0,0.0,0.0,0.0,100.0,0.0,0.0,主要靠专业大类/门类岗位,海关/边检(2)；公安/移民/基层执法(2),4.0,6.5,0.0,0.0,0.0,,0.0,0.0,,2.0,100.0,6.5,0.0,0.0,,72.0,3745.0,0.0,3745.0,very_high,升学后强潜力,主要来自专业类/学科门类宽口径匹配，报考前必须核官方专业目录。,头部院校优势主要体现在保研/读研后进入更高层级岗位。,岗位窗口较窄，建议只作为就业备选项。,少量大专可报基层岗位存在，但数量很少，需逐岗位核验。,上海市邮政管理局|上海海事局|上海海关缉私局|上海铁路公安局|中国人民银行云南省分行|中国人民银行内蒙古自治区分行|中国人民银行吉林省分行|中国人民银行四川省分行,一级主任科员及以下|一级主任科员及以下二|一级主任科员及以下（二）|一级主任科员及以下（四）|一级主办及以下|一级主办及以下(三)|一级主办及以下（一）|一级主办及以下（七）
510207,信息安全技术应用,专科(高职),,专科,电子与信息大类,计算机类,10.4,很弱/无直接岗位,2026国考职位表/中央机关及直属机构口径（第三方镜像）,2.0,0.0,2.0,0.0,0.0,0.0,100.0,0.0,0.0,主要靠专业大类/门类岗位,海关/边检(2)；公安/移民/基层执法(2),4.0,6.5,0.0,0.0,0.0,,0.0,0.0,,2.0,100.0,6.5,0.0,0.0,,72.0,3745.0,0.0,3745.0,very_high,升学后强潜力,主要来自专业类/学科门类宽口径匹配，报考前必须核官方专业目录。,头部院校优势主要体现在保研/读研后进入更高层级岗位。,岗位窗口较窄，建议只作为就业备选项。,少量大专可报基层岗位存在，但数量很少，需逐岗位核验。,上海市邮政管理局|上海海事局|上海海关缉私局|上海铁路公安局|中国人民银行云南省分行|中国人民银行内蒙古自治区分行|中国人民银行吉林省分行|中国人民银行四川省分行,一级主任科员及以下|一级主任科员及以下二|一级主任科员及以下（二）|一级主任科员及以下（四）|一级主办及以下|一级主办及以下(三)|一级主办及以下（一）|一级主办及以下（七）
510208,虚拟现实技术应用,专科(高职),,专科,电子与信息大类,计算机类,10.4,很弱/无直接岗位,2026国考职位表/中央机关及直属机构口径（第三方镜像）,2.0,0.0,2.0,0.0,0.0,0.0,100.0,0.0,0.0,主要靠专业大类/门类岗位,海关/边检(2)；公安/移民/基层执法(2),4.0,6.5,0.0,0.0,0.0,,0.0,0.0,,2.0,100.0,6.5,0.0,0.0,,72.0,3745.0,0.0,3745.0,very_high,升学后强潜力,主要来自专业类/学科门类宽口径匹配，报考前必须核官方专业目录。,头部院校优势主要体现在保研/读研后进入更高层级岗位。,岗位窗口较窄，建议只作为就业备选项。,少量大专可报基层岗位存在，但数量很少，需逐岗位核验。,上海市邮政管理局|上海海事局|上海海关缉私局|上海铁路公安局|中国人民银行云南省分行|中国人民银行内蒙古自治区分行|中国人民银行吉林省分行|中国人民银行四川省分行,一级主任科员及以下|一级主任科员及以下二|一级主任科员及以下（二）|一级主任科员及以下（四）|一级主办及以下|一级主办及以下(三)|一级主办及以下（一）|一级主办及以下（七）
510209,人工智能技术应用,专科(高职),,专科,电子与信息大类,计算机类,18.8,弱适配,2026国考职位表/中央机关及直属机构口径（第三方镜像）,4.0,2.0,2.0,0.0,0.0,50.0,50.0,0.0,0.0,以对口岗位为主,海关/边检(4)；公安/移民/基层执法(4),10.0,6.2,0.0,0.0,0.0,,0.0,0.0,,4.0,100.0,6.31,0.0,0.0,,72.0,3747.0,2.0,3745.0,very_high,升学后强潜力,存在专业代码或专业名称精确匹配，并有直接学历兼容岗位。,头部院校优势主要体现在保研/读研后进入更高层级岗位。,岗位窗口较窄，建议只作为就业备选项。,少量大专可报基层岗位存在，但数量很少，需逐岗位核验。,上海市邮政管理局|上海海事局|上海海关缉私局|上海铁路公安局|中国人民银行云南省分行|中国人民银行内蒙古自治区分行|中国人民银行吉林省分行|中国人民银行四川省分行,一级主任科员及以下|一级主任科员及以下二|一级主任科员及以下（二）|一级主任科员及以下（四）|一级主办及以下|一级主办及以下(三)|一级主办及以下（一）|一级主办及以下（七）
510210,嵌入式技术应用,专科(高职),,专科,电子与信息大类,计算机类,10.4,很弱/无直接岗位,2026国考职位表/中央机关及直属机构口径（第三方镜像）,2.0,0.0,2.0,0.0,0.0,0.0,100.0,0.0,0.0,主要靠专业大类/门类岗位,海关/边检(2)；公安/移民/基层执法(2),4.0,6.5,0.0,0.0,0.0,,0.0,0.0,,2.0,100.0,6.5,0.0,0.0,,72.0,3745.0,0.0,3745.0,very_high,升学后强潜力,主要来自专业类/学科门类宽口径匹配，报考前必须核官方专业目录。,头部院校优势主要体现在保研/读研后进入更高层级岗位。,岗位窗口较窄，建议只作为就业备选项。,少量大专可报基层岗位存在，但数量很少，需逐岗位核验。,上海市邮政管理局|上海海事局|上海海关缉私局|上海铁路公安局|中国人民银行云南省分行|中国人民银行内蒙古自治区分行|中国人民银行吉林省分行|中国人民银行四川省分行,一级主任科员及以下|一级主任科员及以下二|一级主任科员及以下（二）|一级主任科员及以下（四）|一级主办及以下|一级主办及以下(三)|一级主办及以下（一）|一级主办及以下（七）
510211,工业互联网技术,专科(高职),,专科,电子与信息大类,计算机类,10.4,很弱/无直接岗位,2026国考职位表/中央机关及直属机构口径（第三方镜像）,2.0,0.0,2.0,0.0,0.0,0.0,100.0,0.0,0.0,主要靠专业大类/门类岗位,海关/边检(2)；公安/移民/基层执法(2),4.0,6.5,0.0,0.0,0.0,,0.0,0.0,,2.0,100.0,6.5,0.0,0.0,,72.0,3745.0,0.0,3745.0,very_high,升学后强潜力,主要来自专业类/学科门类宽口径匹配，报考前必须核官方专业目录。,头部院校优势主要体现在保研/读研后进入更高层级岗位。,岗位窗口较窄，建议只作为就业备选项。,少量大专可报基层岗位存在，但数量很少，需逐岗位核验。,上海市邮政管理局|上海海事局|上海海关缉私局|上海铁路公安局|中国人民银行云南省分行|中国人民银行内蒙古自治区分行|中国人民银行吉林省分行|中国人民银行四川省分行,一级主任科员及以下|一级主任科员及以下二|一级主任科员及以下（二）|一级主任科员及以下（四）|一级主办及以下|一级主办及以下(三)|一级主办及以下（一）|一级主办及以下（七）
510212,区块链技术应用,专科(高职),,专科,电子与信息大类,计算机类,10.4,很弱/无直接岗位,2026国考职位表/中央机关及直属机构口径（第三方镜像）,2.0,0.0,2.0,0.0,0.0,0.0,100.0,0.0,0.0,主要靠专业大类/门类岗位,海关/边检(2)；公安/移民/基层执法(2),4.0,6.5,0.0,0.0,0.0,,0.0,0.0,,2.0,100.0,6.5,0.0,0.0,,72.0,3745.0,0.0,3745.0,very_high,升学后强潜力,主要来自专业类/学科门类宽口径匹配，报考前必须核官方专业目录。,头部院校优势主要体现在保研/读研后进入更高层级岗位。,岗位窗口较窄，建议只作为就业备选项。,少量大专可报基层岗位存在，但数量很少，需逐岗位核验。,上海市邮政管理局|上海海事局|上海海关缉私局|上海铁路公安局|中国人民银行云南省分行|中国人民银行内蒙古自治区分行|中国人民银行吉林省分行|中国人民银行四川省分行,一级主任科员及以下|一级主任科员及以下二|一级主任科员及以下（二）|一级主任科员及以下（四）|一级主办及以下|一级主办及以下(三)|一级主办及以下（一）|一级主办及以下（七）
510213,移动应用开发,专科(高职),,专科,电子与信息大类,计算机类,10.4,很弱/无直接岗位,2026国考职位表/中央机关及直属机构口径（第三方镜像）,2.0,0.0,2.0,0.0,0.0,0.0,100.0,0.0,0.0,主要靠专业大类/门类岗位,海关/边检(2)；公安/移民/基层执法(2),4.0,6.5,0.0,0.0,0.0,,0.0,0.0,,2.0,100.0,6.5,0.0,0.0,,72.0,3745.0,0.0,3745.0,very_high,升学后强潜力,主要来自专业类/学科门类宽口径匹配，报考前必须核官方专业目录。,头部院校优势主要体现在保研/读研后进入更高层级岗位。,岗位窗口较窄，建议只作为就业备选项。,少量大专可报基层岗位存在，但数量很少，需逐岗位核验。,上海市邮政管理局|上海海事局|上海海关缉私局|上海铁路公安局|中国人民银行云南省分行|中国人民银行内蒙古自治区分行|中国人民银行吉林省分行|中国人民银行四川省分行,一级主任科员及以下|一级主任科员及以下二|一级主任科员及以下（二）|一级主任科员及以下（四）|一级主办及以下|一级主办及以下(三)|一级主办及以下（一）|一级主办及以下（七）
510214,工业软件开发技术,专科(高职),,专科,电子与信息大类,计算机类,10.4,很弱/无直接岗位,2026国考职位表/中央机关及直属机构口径（第三方镜像）,2.0,0.0,2.0,0.0,0.0,0.0,100.0,0.0,0.0,主要靠专业大类/门类岗位,海关/边检(2)；公安/移民/基层执法(2),4.0,6.5,0.0,0.0,0.0,,0.0,0.0,,2.0,100.0,6.5,0.0,0.0,,72.0,3745.0,0.0,3745.0,very_high,升学后强潜力,主要来自专业类/学科门类宽口径匹配，报考前必须核官方专业目录。,头部院校优势主要体现在保研/读研后进入更高层级岗位。,岗位窗口较窄，建议只作为就业备选项。,少量大专可报基层岗位存在，但数量很少，需逐岗位核验。,上海市邮政管理局|上海海事局|上海海关缉私局|上海铁路公安局|中国人民银行云南省分行|中国人民银行内蒙古自治区分行|中国人民银行吉林省分行|中国人民银行四川省分行,一级主任科员及以下|一级主任科员及以下二|一级主任科员及以下（二）|一级主任科员及以下（四）|一级主办及以下|一级主办及以下(三)|一级主办及以下（一）|一级主办及以下（七）
510215,动漫制作技术,专科(高职),,专科,电子与信息大类,计算机类,10.4,很弱/无直接岗位,2026国考职位表/中央机关及直属机构口径（第三方镜像）,2.0,0.0,2.0,0.0,0.0,0.0,100.0,0.0,0.0,主要靠专业大类/门类岗位,海关/边检(2)；公安/移民/基层执法(2),4.0,6.5,0.0,0.0,0.0,,0.0,0.0,,2.0,100.0,6.5,0.0,0.0,,72.0,3745.0,0.0,3745.0,very_high,升学后强潜力,主要来自专业类/学科门类宽口径匹配，报考前必须核官方专业目录。,头部院校优势主要体现在保研/读研后进入更高层级岗位。,岗位窗口较窄，建议只作为就业备选项。,少量大专可报基层岗位存在，但数量很少，需逐岗位核验。,上海市邮政管理局|上海海事局|上海海关缉私局|上海铁路公安局|中国人民银行云南省分行|中国人民银行内蒙古自治区分行|中国人民银行吉林省分行|中国人民银行四川省分行,一级主任科员及以下|一级主任科员及以下二|一级主任科员及以下（二）|一级主任科员及以下（四）|一级主办及以下|一级主办及以下(三)|一级主办及以下（一）|一级主办及以下（七）
510216,密码技术应用,专科(高职),,专科,电子与信息大类,计算机类,10.4,很弱/无直接岗位,2026国考职位表/中央机关及直属机构口径（第三方镜像）,2.0,0.0,2.0,0.0,0.0,0.0,100.0,0.0,0.0,主要靠专业大类/门类岗位,海关/边检(2)；公安/移民/基层执法(2),4.0,6.5,0.0,0.0,0.0,,0.0,0.0,,2.0,100.0,6.5,0.0,0.0,,72.0,3745.0,0.0,3745.0,very_high,升学后强潜力,主要来自专业类/学科门类宽口径匹配，报考前必须核官方专业目录。,头部院校优势主要体现在保研/读研后进入更高层级岗位。,岗位窗口较窄，建议只作为就业备选项。,少量大专可报基层岗位存在，但数量很少，需逐岗位核验。,上海市邮政管理局|上海海事局|上海海关缉私局|上海铁路公安局|中国人民银行云南省分行|中国人民银行内蒙古自治区分行|中国人民银行吉林省分行|中国人民银行四川省分行,一级主任科员及以下|一级主任科员及以下二|一级主任科员及以下（二）|一级主任科员及以下（四）|一级主办及以下|一级主办及以下(三)|一级主办及以下（一）|一级主办及以下（七）
510217,人工智能数据工程技术,专科(高职),,专科,电子与信息大类,计算机类,10.4,很弱/无直接岗位,2026国考职位表/中央机关及直属机构口径（第三方镜像）,2.0,0.0,2.0,0.0,0.0,0.0,100.0,0.0,0.0,主要靠专业大类/门类岗位,海关/边检(2)；公安/移民/基层执法(2),4.0,6.5,0.0,0.0,0.0,,0.0,0.0,,2.0,100.0,6.5,0.0,0.0,,72.0,3745.0,0.0,3745.0,very_high,升学后强潜力,主要来自专业类/学科门类宽口径匹配，报考前必须核官方专业目录。,头部院校优势主要体现在保研/读研后进入更高层级岗位。,岗位窗口较窄，建议只作为就业备选项。,少量大专可报基层岗位存在，但数量很少，需逐岗位核验。,上海市邮政管理局|上海海事局|上海海关缉私局|上海铁路公安局|中国人民银行云南省分行|中国人民银行内蒙古自治区分行|中国人民银行吉林省分行|中国人民银行四川省分行,一级主任科员及以下|一级主任科员及以下二|一级主任科员及以下（二）|一级主任科员及以下（四）|一级主办及以下|一级主办及以下(三)|一级主办及以下（一）|一级主办及以下（七）
510218,数字孪生应用技术,专科(高职),,专科,电子与信息大类,计算机类,0.0,很弱/无直接岗位,2026国考职位表/中央机关及直属机构口径（第三方镜像）,0.0,0.0,0.0,0.0,0.0,0.0,0.0,0.0,0.0,无直接可报岗位,,0.0,,0.0,0.0,0.0,,0.0,0.0,,0.0,0.0,,0.0,0.0,,0.0,0.0,0.0,0.0,,暂无明显潜力,2026岗位文本中未形成直接可报匹配。,不建议把考公作为该专业在头部院校的核心卖点。,直接考公适配弱，应更多看行业就业或升学转换。,普通应用/职业院校下直接考公空间很小，优先看事业单位、基层项目或行业就业。,,
510219,智能体技术应用,专科(高职),,专科,电子与信息大类,计算机类,0.0,很弱/无直接岗位,2026国考职位表/中央机关及直属机构口径（第三方镜像）,0.0,0.0,0.0,0.0,0.0,0.0,0.0,0.0,0.0,无直接可报岗位,,0.0,,0.0,0.0,0.0,,0.0,0.0,,0.0,0.0,,0.0,0.0,,0.0,0.0,0.0,0.0,,暂无明显潜力,2026岗位文本中未形成直接可报匹配。,不建议把考公作为该专业在头部院校的核心卖点。,直接考公适配弱，应更多看行业就业或升学转换。,普通应用/职业院校下直接考公空间很小，优先看事业单位、基层项目或行业就业。,,
510220,开源技术应用,专科(高职),,专科,电子与信息大类,计算机类,0.0,很弱/无直接岗位,2026国考职位表/中央机关及直属机构口径（第三方镜像）,0.0,0.0,0.0,0.0,0.0,0.0,0.0,0.0,0.0,无直接可报岗位,,0.0,,0.0,0.0,0.0,,0.0,0.0,,0.0,0.0,,0.0,0.0,,0.0,0.0,0.0,0.0,,暂无明显潜力,2026岗位文本中未形成直接可报匹配。,不建议把考公作为该专业在头部院校的核心卖点。,直接考公适配弱，应更多看行业就业或升学转换。,普通应用/职业院校下直接考公空间很小，优先看事业单位、基层项目或行业就业。,,
510221,信创系统技术应用,专科(高职),,专科,电子与信息大类,计算机类,0.0,很弱/无直接岗位,2026国考职位表/中央机关及直属机构口径（第三方镜像）,0.0,0.0,0.0,0.0,0.0,0.0,0.0,0.0,0.0,无直接可报岗位,,0.0,,0.0,0.0,0.0,,0.0,0.0,,0.0,0.0,,0.0,0.0,,0.0,0.0,0.0,0.0,,暂无明显潜力,2026岗位文本中未形成直接可报匹配。,不建议把考公作为该专业在头部院校的核心卖点。,直接考公适配弱，应更多看行业就业或升学转换。,普通应用/职业院校下直接考公空间很小，优先看事业单位、基层项目或行业就业。,,
510301,现代通信技术,专科(高职),,专科,电子与信息大类,通信类,13.5,很弱/无直接岗位,2026国考职位表/中央机关及直属机构口径（第三方镜像）,4.0,0.0,4.0,0.0,0.0,0.0,100.0,0.0,0.0,主要靠专业大类/门类岗位,海关/边检(4)；公安/移民/基层执法(4),10.0,24.4,0.0,0.0,0.0,,0.0,0.0,,4.0,100.0,22.44,0.0,0.0,,0.0,4.0,0.0,4.0,limited,升学后弱潜力,主要来自专业类/学科门类宽口径匹配，报考前必须核官方专业目录。,可以考，但院校层级优势有限，更依赖岗位地区和限制条件。,岗位窗口较窄，建议只作为就业备选项。,少量大专可报基层岗位存在，但数量很少，需逐岗位核验。,内蒙古出入境边防检查总站,呼伦贝尔边境管理支队一级警长及以下（九）|呼伦贝尔边境管理支队一级警长及以下（十）|呼伦贝尔边境管理支队警务技术一级主管及以下（三）|阿拉善边境管理支队警务技术一级主管及以下（三）
510302,现代移动通信技术,专科(高职),,专科,电子与信息大类,通信类,13.5,很弱/无直接岗位,2026国考职位表/中央机关及直属机构口径（第三方镜像）,4.0,0.0,4.0,0.0,0.0,0.0,100.0,0.0,0.0,主要靠专业大类/门类岗位,海关/边检(4)；公安/移民/基层执法(4),10.0,24.4,0.0,0.0,0.0,,0.0,0.0,,4.0,100.0,22.44,0.0,0.0,,0.0,4.0,0.0,4.0,limited,升学后弱潜力,主要来自专业类/学科门类宽口径匹配，报考前必须核官方专业目录。,可以考，但院校层级优势有限，更依赖岗位地区和限制条件。,岗位窗口较窄，建议只作为就业备选项。,少量大专可报基层岗位存在，但数量很少，需逐岗位核验。,内蒙古出入境边防检查总站,呼伦贝尔边境管理支队一级警长及以下（九）|呼伦贝尔边境管理支队一级警长及以下（十）|呼伦贝尔边境管理支队警务技术一级主管及以下（三）|阿拉善边境管理支队警务技术一级主管及以下（三）
510303,通信软件技术,专科(高职),,专科,电子与信息大类,通信类,13.5,很弱/无直接岗位,2026国考职位表/中央机关及直属机构口径（第三方镜像）,4.0,0.0,4.0,0.0,0.0,0.0,100.0,0.0,0.0,主要靠专业大类/门类岗位,海关/边检(4)；公安/移民/基层执法(4),10.0,24.4,0.0,0.0,0.0,,0.0,0.0,,4.0,100.0,22.44,0.0,0.0,,0.0,4.0,0.0,4.0,limited,升学后弱潜力,主要来自专业类/学科门类宽口径匹配，报考前必须核官方专业目录。,可以考，但院校层级优势有限，更依赖岗位地区和限制条件。,岗位窗口较窄，建议只作为就业备选项。,少量大专可报基层岗位存在，但数量很少，需逐岗位核验。,内蒙古出入境边防检查总站,呼伦贝尔边境管理支队一级警长及以下（九）|呼伦贝尔边境管理支队一级警长及以下（十）|呼伦贝尔边境管理支队警务技术一级主管及以下（三）|阿拉善边境管理支队警务技术一级主管及以下（三）
510304,卫星通信与导航技术,专科(高职),,专科,电子与信息大类,通信类,13.5,很弱/无直接岗位,2026国考职位表/中央机关及直属机构口径（第三方镜像）,4.0,0.0,4.0,0.0,0.0,0.0,100.0,0.0,0.0,主要靠专业大类/门类岗位,海关/边检(4)；公安/移民/基层执法(4),10.0,24.4,0.0,0.0,0.0,,0.0,0.0,,4.0,100.0,22.44,0.0,0.0,,0.0,4.0,0.0,4.0,limited,升学后弱潜力,主要来自专业类/学科门类宽口径匹配，报考前必须核官方专业目录。,可以考，但院校层级优势有限，更依赖岗位地区和限制条件。,岗位窗口较窄，建议只作为就业备选项。,少量大专可报基层岗位存在，但数量很少，需逐岗位核验。,内蒙古出入境边防检查总站,呼伦贝尔边境管理支队一级警长及以下（九）|呼伦贝尔边境管理支队一级警长及以下（十）|呼伦贝尔边境管理支队警务技术一级主管及以下（三）|阿拉善边境管理支队警务技术一级主管及以下（三）
510305,通信工程设计与监理,专科(高职),,专科,电子与信息大类,通信类,13.5,很弱/无直接岗位,2026国考职位表/中央机关及直属机构口径（第三方镜像）,4.0,0.0,4.0,0.0,0.0,0.0,100.0,0.0,0.0,主要靠专业大类/门类岗位,海关/边检(4)；公安/移民/基层执法(4),10.0,24.4,0.0,0.0,0.0,,0.0,0.0,,4.0,100.0,22.44,0.0,0.0,,0.0,4.0,0.0,4.0,limited,升学后弱潜力,主要来自专业类/学科门类宽口径匹配，报考前必须核官方专业目录。,可以考，但院校层级优势有限，更依赖岗位地区和限制条件。,岗位窗口较窄，建议只作为就业备选项。,少量大专可报基层岗位存在，但数量很少，需逐岗位核验。,内蒙古出入境边防检查总站,呼伦贝尔边境管理支队一级警长及以下（九）|呼伦贝尔边境管理支队一级警长及以下（十）|呼伦贝尔边境管理支队警务技术一级主管及以下（三）|阿拉善边境管理支队警务技术一级主管及以下（三）
510306,通信系统运行管理,专科(高职),,专科,电子与信息大类,通信类,17.8,弱适配,2026国考职位表/中央机关及直属机构口径（第三方镜像）,5.0,1.0,4.0,0.0,0.0,20.0,80.0,0.0,0.0,主要靠专业大类/门类岗位,海关/边检(5)；公安/移民/基层执法(5),13.0,20.92,0.0,0.0,0.0,,0.0,0.0,,5.0,100.0,19.82,0.0,0.0,,0.0,5.0,1.0,4.0,limited,升学后弱潜力,存在专业代码或专业名称精确匹配，并有直接学历兼容岗位。,可以考，但院校层级优势有限，更依赖岗位地区和限制条件。,岗位窗口较窄，建议只作为就业备选项。,少量大专可报基层岗位存在，但数量很少，需逐岗位核验。,内蒙古出入境边防检查总站|新疆出入境边防检查总站,呼伦贝尔边境管理支队一级警长及以下（九）|呼伦贝尔边境管理支队一级警长及以下（十）|呼伦贝尔边境管理支队警务技术一级主管及以下（三）|喀什边境管理支队一级警长及以下（七）|阿拉善边境管理支队警务技术一级主管及以下（三）
510307,智能互联网络技术,专科(高职),,专科,电子与信息大类,通信类,13.5,很弱/无直接岗位,2026国考职位表/中央机关及直属机构口径（第三方镜像）,4.0,0.0,4.0,0.0,0.0,0.0,100.0,0.0,0.0,主要靠专业大类/门类岗位,海关/边检(4)；公安/移民/基层执法(4),10.0,24.4,0.0,0.0,0.0,,0.0,0.0,,4.0,100.0,22.44,0.0,0.0,,0.0,4.0,0.0,4.0,limited,升学后弱潜力,主要来自专业类/学科门类宽口径匹配，报考前必须核官方专业目录。,可以考，但院校层级优势有限，更依赖岗位地区和限制条件。,岗位窗口较窄，建议只作为就业备选项。,少量大专可报基层岗位存在，但数量很少，需逐岗位核验。,内蒙古出入境边防检查总站,呼伦贝尔边境管理支队一级警长及以下（九）|呼伦贝尔边境管理支队一级警长及以下（十）|呼伦贝尔边境管理支队警务技术一级主管及以下（三）|阿拉善边境管理支队警务技术一级主管及以下（三）
510308,网络规划与优化技术,专科(高职),,专科,电子与信息大类,通信类,13.5,很弱/无直接岗位,2026国考职位表/中央机关及直属机构口径（第三方镜像）,4.0,0.0,4.0,0.0,0.0,0.0,100.0,0.0,0.0,主要靠专业大类/门类岗位,海关/边检(4)；公安/移民/基层执法(4),10.0,24.4,0.0,0.0,0.0,,0.0,0.0,,4.0,100.0,22.44,0.0,0.0,,0.0,4.0,0.0,4.0,limited,升学后弱潜力,主要来自专业类/学科门类宽口径匹配，报考前必须核官方专业目录。,可以考，但院校层级优势有限，更依赖岗位地区和限制条件。,岗位窗口较窄，建议只作为就业备选项。,少量大专可报基层岗位存在，但数量很少，需逐岗位核验。,内蒙古出入境边防检查总站,呼伦贝尔边境管理支队一级警长及以下（九）|呼伦贝尔边境管理支队一级警长及以下（十）|呼伦贝尔边境管理支队警务技术一级主管及以下（三）|阿拉善边境管理支队警务技术一级主管及以下（三）
510309,电信服务与管理,专科(高职),,专科,电子与信息大类,通信类,13.5,很弱/无直接岗位,2026国考职位表/中央机关及直属机构口径（第三方镜像）,4.0,0.0,4.0,0.0,0.0,0.0,100.0,0.0,0.0,主要靠专业大类/门类岗位,海关/边检(4)；公安/移民/基层执法(4),10.0,24.4,0.0,0.0,0.0,,0.0,0.0,,4.0,100.0,22.44,0.0,0.0,,0.0,4.0,0.0,4.0,limited,升学后弱潜力,主要来自专业类/学科门类宽口径匹配，报考前必须核官方专业目录。,可以考，但院校层级优势有限，更依赖岗位地区和限制条件。,岗位窗口较窄，建议只作为就业备选项。,少量大专可报基层岗位存在，但数量很少，需逐岗位核验。,内蒙古出入境边防检查总站,呼伦贝尔边境管理支队一级警长及以下（九）|呼伦贝尔边境管理支队一级警长及以下（十）|呼伦贝尔边境管理支队警务技术一级主管及以下（三）|阿拉善边境管理支队警务技术一级主管及以下（三）
510310,数据中心运行与管理,专科(高职),,专科,电子与信息大类,通信类,13.5,很弱/无直接岗位,2026国考职位表/中央机关及直属机构口径（第三方镜像）,4.0,0.0,4.0,0.0,0.0,0.0,100.0,0.0,0.0,主要靠专业大类/门类岗位,海关/边检(4)；公安/移民/基层执法(4),10.0,24.4,0.0,0.0,0.0,,0.0,0.0,,4.0,100.0,22.44,0.0,0.0,,0.0,4.0,0.0,4.0,limited,升学后弱潜力,主要来自专业类/学科门类宽口径匹配，报考前必须核官方专业目录。,可以考，但院校层级优势有限，更依赖岗位地区和限制条件。,岗位窗口较窄，建议只作为就业备选项。,少量大专可报基层岗位存在，但数量很少，需逐岗位核验。,内蒙古出入境边防检查总站,呼伦贝尔边境管理支队一级警长及以下（九）|呼伦贝尔边境管理支队一级警长及以下（十）|呼伦贝尔边境管理支队警务技术一级主管及以下（三）|阿拉善边境管理支队警务技术一级主管及以下（三）
510311,低空智联网技术,专科(高职),,专科,电子与信息大类,通信类,0.0,很弱/无直接岗位,2026国考职位表/中央机关及直属机构口径（第三方镜像）,0.0,0.0,0.0,0.0,0.0,0.0,0.0,0.0,0.0,无直接可报岗位,,0.0,,0.0,0.0,0.0,,0.0,0.0,,0.0,0.0,,0.0,0.0,,0.0,0.0,0.0,0.0,,暂无明显潜力,2026岗位文本中未形成直接可报匹配。,不建议把考公作为该专业在头部院校的核心卖点。,直接考公适配弱，应更多看行业就业或升学转换。,普通应用/职业院校下直接考公空间很小，优先看事业单位、基层项目或行业就业。,,
510312,量子通信技术应用,专科(高职),,专科,电子与信息大类,通信类,0.0,很弱/无直接岗位,2026国考职位表/中央机关及直属机构口径（第三方镜像）,0.0,0.0,0.0,0.0,0.0,0.0,0.0,0.0,0.0,无直接可报岗位,,0.0,,0.0,0.0,0.0,,0.0,0.0,,0.0,0.0,,0.0,0.0,,0.0,0.0,0.0,0.0,,暂无明显潜力,2026岗位文本中未形成直接可报匹配。,不建议把考公作为该专业在头部院校的核心卖点。,直接考公适配弱，应更多看行业就业或升学转换。,普通应用/职业院校下直接考公空间很小，优先看事业单位、基层项目或行业就业。,,
510401,集成电路技术,专科(高职),,专科,电子与信息大类,集成电路类,10.4,很弱/无直接岗位,2026国考职位表/中央机关及直属机构口径（第三方镜像）,2.0,0.0,2.0,0.0,0.0,0.0,100.0,0.0,0.0,主要靠专业大类/门类岗位,海关/边检(2)；公安/移民/基层执法(2),4.0,6.5,0.0,0.0,0.0,,0.0,0.0,,2.0,100.0,6.5,0.0,0.0,,0.0,2.0,0.0,2.0,limited,升学后弱潜力,主要来自专业类/学科门类宽口径匹配，报考前必须核官方专业目录。,可以考，但院校层级优势有限，更依赖岗位地区和限制条件。,岗位窗口较窄，建议只作为就业备选项。,少量大专可报基层岗位存在，但数量很少，需逐岗位核验。,内蒙古出入境边防检查总站,呼伦贝尔边境管理支队警务技术一级主管及以下（三）|阿拉善边境管理支队警务技术一级主管及以下（三）
510402,微电子技术,专科(高职),,专科,电子与信息大类,集成电路类,10.4,很弱/无直接岗位,2026国考职位表/中央机关及直属机构口径（第三方镜像）,2.0,0.0,2.0,0.0,0.0,0.0,100.0,0.0,0.0,主要靠专业大类/门类岗位,海关/边检(2)；公安/移民/基层执法(2),4.0,6.5,0.0,0.0,0.0,,0.0,0.0,,2.0,100.0,6.5,0.0,0.0,,0.0,2.0,0.0,2.0,limited,升学后弱潜力,主要来自专业类/学科门类宽口径匹配，报考前必须核官方专业目录。,可以考，但院校层级优势有限，更依赖岗位地区和限制条件。,岗位窗口较窄，建议只作为就业备选项。,少量大专可报基层岗位存在，但数量很少，需逐岗位核验。,内蒙古出入境边防检查总站,呼伦贝尔边境管理支队警务技术一级主管及以下（三）|阿拉善边境管理支队警务技术一级主管及以下（三）
330101,财税大数据应用,本科(职业),,本科,财经商贸大类,财政税务类,0.0,很弱/无直接岗位,2026国考职位表/中央机关及直属机构口径（第三方镜像）,0.0,0.0,0.0,0.0,0.0,0.0,0.0,0.0,0.0,无直接可报岗位,,0.0,,0.0,0.0,0.0,,0.0,0.0,,0.0,0.0,,0.0,0.0,,0.0,0.0,0.0,0.0,,暂无明显潜力,2026岗位文本中未形成直接可报匹配。,不建议把考公作为该专业在头部院校的核心卖点。,直接考公适配弱，应更多看行业就业或升学转换。,不适合作为普通应用院校的考公主卖点。,,
330102,政府采购管理,本科(职业),,本科,财经商贸大类,财政税务类,0.0,很弱/无直接岗位,2026国考职位表/中央机关及直属机构口径（第三方镜像）,0.0,0.0,0.0,0.0,0.0,0.0,0.0,0.0,0.0,无直接可报岗位,,0.0,,0.0,0.0,0.0,,0.0,0.0,,0.0,0.0,,0.0,0.0,,0.0,0.0,0.0,0.0,,暂无明显潜力,2026岗位文本中未形成直接可报匹配。,不建议把考公作为该专业在头部院校的核心卖点。,直接考公适配弱，应更多看行业就业或升学转换。,不适合作为普通应用院校的考公主卖点。,,
330103,资产评估与管理,本科(职业),,本科,财经商贸大类,财政税务类,0.0,很弱/无直接岗位,2026国考职位表/中央机关及直属机构口径（第三方镜像）,0.0,0.0,0.0,0.0,0.0,0.0,0.0,0.0,0.0,无直接可报岗位,,0.0,,0.0,0.0,0.0,,0.0,0.0,,0.0,0.0,,0.0,0.0,,0.0,0.0,0.0,0.0,,暂无明显潜力,2026岗位文本中未形成直接可报匹配。,不建议把考公作为该专业在头部院校的核心卖点。,直接考公适配弱，应更多看行业就业或升学转换。,不适合作为普通应用院校的考公主卖点。,,
330201,金融管理,本科(职业),,本科,财经商贸大类,金融类,0.0,很弱/无直接岗位,2026国考职位表/中央机关及直属机构口径（第三方镜像）,0.0,0.0,0.0,0.0,0.0,0.0,0.0,0.0,0.0,无直接可报岗位,,0.0,,0.0,0.0,0.0,,0.0,0.0,,0.0,0.0,,0.0,0.0,,0.0,0.0,0.0,0.0,,暂无明显潜力,2026岗位文本中未形成直接可报匹配。,不建议把考公作为该专业在头部院校的核心卖点。,直接考公适配弱，应更多看行业就业或升学转换。,不适合作为普通应用院校的考公主卖点。,,
330202,金融科技应用,本科(职业),,本科,财经商贸大类,金融类,0.0,很弱/无直接岗位,2026国考职位表/中央机关及直属机构口径（第三方镜像）,0.0,0.0,0.0,0.0,0.0,0.0,0.0,0.0,0.0,无直接可报岗位,,0.0,,0.0,0.0,0.0,,0.0,0.0,,0.0,0.0,,0.0,0.0,,0.0,0.0,0.0,0.0,,暂无明显潜力,2026岗位文本中未形成直接可报匹配。,不建议把考公作为该专业在头部院校的核心卖点。,直接考公适配弱，应更多看行业就业或升学转换。,不适合作为普通应用院校的考公主卖点。,,
330203,保险,本科(职业),,本科,财经商贸大类,金融类,0.0,很弱/无直接岗位,2026国考职位表/中央机关及直属机构口径（第三方镜像）,0.0,0.0,0.0,0.0,0.0,0.0,0.0,0.0,0.0,无直接可报岗位,,0.0,,0.0,0.0,0.0,,0.0,0.0,,0.0,0.0,,0.0,0.0,,0.0,0.0,0.0,0.0,,暂无明显潜力,2026岗位文本中未形成直接可报匹配。,不建议把考公作为该专业在头部院校的核心卖点。,直接考公适配弱，应更多看行业就业或升学转换。,不适合作为普通应用院校的考公主卖点。,,
330204,信用管理,本科(职业),,本科,财经商贸大类,金融类,0.0,很弱/无直接岗位,2026国考职位表/中央机关及直属机构口径（第三方镜像）,0.0,0.0,0.0,0.0,0.0,0.0,0.0,0.0,0.0,无直接可报岗位,,0.0,,0.0,0.0,0.0,,0.0,0.0,,0.0,0.0,,0.0,0.0,,0.0,0.0,0.0,0.0,,暂无明显潜力,2026岗位文本中未形成直接可报匹配。,不建议把考公作为该专业在头部院校的核心卖点。,直接考公适配弱，应更多看行业就业或升学转换。,不适合作为普通应用院校的考公主卖点。,,
330205,财富管理,本科(职业),,本科,财经商贸大类,金融类,0.0,很弱/无直接岗位,2026国考职位表/中央机关及直属机构口径（第三方镜像）,0.0,0.0,0.0,0.0,0.0,0.0,0.0,0.0,0.0,无直接可报岗位,,0.0,,0.0,0.0,0.0,,0.0,0.0,,0.0,0.0,,0.0,0.0,,0.0,0.0,0.0,0.0,,暂无明显潜力,2026岗位文本中未形成直接可报匹配。,不建议把考公作为该专业在头部院校的核心卖点。,直接考公适配弱，应更多看行业就业或升学转换。,不适合作为普通应用院校的考公主卖点。,,
330301,大数据与财务管理,本科(职业),,本科,财经商贸大类,财务会计类,0.0,很弱/无直接岗位,2026国考职位表/中央机关及直属机构口径（第三方镜像）,0.0,0.0,0.0,0.0,0.0,0.0,0.0,0.0,0.0,无直接可报岗位,,0.0,,0.0,0.0,0.0,,0.0,0.0,,0.0,0.0,,0.0,0.0,,0.0,0.0,0.0,0.0,,暂无明显潜力,2026岗位文本中未形成直接可报匹配。,不建议把考公作为该专业在头部院校的核心卖点。,直接考公适配弱，应更多看行业就业或升学转换。,不适合作为普通应用院校的考公主卖点。,,
330302,大数据与会计,本科(职业),,本科,财经商贸大类,财务会计类,0.0,很弱/无直接岗位,2026国考职位表/中央机关及直属机构口径（第三方镜像）,0.0,0.0,0.0,0.0,0.0,0.0,0.0,0.0,0.0,无直接可报岗位,,0.0,,0.0,0.0,0.0,,0.0,0.0,,0.0,0.0,,0.0,0.0,,0.0,0.0,0.0,0.0,,暂无明显潜力,2026岗位文本中未形成直接可报匹配。,不建议把考公作为该专业在头部院校的核心卖点。,直接考公适配弱，应更多看行业就业或升学转换。,不适合作为普通应用院校的考公主卖点。,,
330303,大数据与审计,本科(职业),,本科,财经商贸大类,财务会计类,0.0,很弱/无直接岗位,2026国考职位表/中央机关及直属机构口径（第三方镜像）,0.0,0.0,0.0,0.0,0.0,0.0,0.0,0.0,0.0,无直接可报岗位,,0.0,,0.0,0.0,0.0,,0.0,0.0,,0.0,0.0,,0.0,0.0,,0.0,0.0,0.0,0.0,,暂无明显潜力,2026岗位文本中未形成直接可报匹配。,不建议把考公作为该专业在头部院校的核心卖点。,直接考公适配弱，应更多看行业就业或升学转换。,不适合作为普通应用院校的考公主卖点。,,
330304,业财融合管理,本科(职业),,本科,财经商贸大类,财务会计类,0.0,很弱/无直接岗位,2026国考职位表/中央机关及直属机构口径（第三方镜像）,0.0,0.0,0.0,0.0,0.0,0.0,0.0,0.0,0.0,无直接可报岗位,,0.0,,0.0,0.0,0.0,,0.0,0.0,,0.0,0.0,,0.0,0.0,,0.0,0.0,0.0,0.0,,暂无明显潜力,2026岗位文本中未形成直接可报匹配。,不建议把考公作为该专业在头部院校的核心卖点。,直接考公适配弱，应更多看行业就业或升学转换。,不适合作为普通应用院校的考公主卖点。,,
330401,统计与大数据分析,本科(职业),,本科,财经商贸大类,统计类,0.0,很弱/无直接岗位,2026国考职位表/中央机关及直属机构口径（第三方镜像）,0.0,0.0,0.0,0.0,0.0,0.0,0.0,0.0,0.0,无直接可报岗位,,0.0,,0.0,0.0,0.0,,0.0,0.0,,0.0,0.0,,0.0,0.0,,0.0,0.0,0.0,0.0,,暂无明显潜力,2026岗位文本中未形成直接可报匹配。,不建议把考公作为该专业在头部院校的核心卖点。,直接考公适配弱，应更多看行业就业或升学转换。,不适合作为普通应用院校的考公主卖点。,,
330501,国际经济与贸易,本科(职业),,本科,财经商贸大类,经济贸易类,0.0,很弱/无直接岗位,2026国考职位表/中央机关及直属机构口径（第三方镜像）,0.0,0.0,0.0,0.0,0.0,0.0,0.0,0.0,0.0,无直接可报岗位,,0.0,,0.0,0.0,0.0,,0.0,0.0,,0.0,0.0,,0.0,0.0,,0.0,0.0,0.0,0.0,,暂无明显潜力,2026岗位文本中未形成直接可报匹配。,不建议把考公作为该专业在头部院校的核心卖点。,直接考公适配弱，应更多看行业就业或升学转换。,不适合作为普通应用院校的考公主卖点。,,
330502,国际商务,本科(职业),,本科,财经商贸大类,经济贸易类,0.0,很弱/无直接岗位,2026国考职位表/中央机关及直属机构口径（第三方镜像）,0.0,0.0,0.0,0.0,0.0,0.0,0.0,0.0,0.0,无直接可报岗位,,0.0,,0.0,0.0,0.0,,0.0,0.0,,0.0,0.0,,0.0,0.0,,0.0,0.0,0.0,0.0,,暂无明显潜力,2026岗位文本中未形成直接可报匹配。,不建议把考公作为该专业在头部院校的核心卖点。,直接考公适配弱，应更多看行业就业或升学转换。,不适合作为普通应用院校的考公主卖点。,,
330601,企业数字化管理,本科(职业),,本科,财经商贸大类,工商管理类,0.0,很弱/无直接岗位,2026国考职位表/中央机关及直属机构口径（第三方镜像）,0.0,0.0,0.0,0.0,0.0,0.0,0.0,0.0,0.0,无直接可报岗位,,0.0,,0.0,0.0,0.0,,0.0,0.0,,0.0,0.0,,0.0,0.0,,0.0,0.0,0.0,0.0,,暂无明显潜力,2026岗位文本中未形成直接可报匹配。,不建议把考公作为该专业在头部院校的核心卖点。,直接考公适配弱，应更多看行业就业或升学转换。,不适合作为普通应用院校的考公主卖点。,,
330602,市场营销,本科(职业),,本科,财经商贸大类,工商管理类,0.0,很弱/无直接岗位,2026国考职位表/中央机关及直属机构口径（第三方镜像）,0.0,0.0,0.0,0.0,0.0,0.0,0.0,0.0,0.0,无直接可报岗位,,0.0,,0.0,0.0,0.0,,0.0,0.0,,0.0,0.0,,0.0,0.0,,0.0,0.0,0.0,0.0,,暂无明显潜力,2026岗位文本中未形成直接可报匹配。,不建议把考公作为该专业在头部院校的核心卖点。,直接考公适配弱，应更多看行业就业或升学转换。,不适合作为普通应用院校的考公主卖点。,,
330603,品牌策划与运营,本科(职业),,本科,财经商贸大类,工商管理类,0.0,很弱/无直接岗位,2026国考职位表/中央机关及直属机构口径（第三方镜像）,0.0,0.0,0.0,0.0,0.0,0.0,0.0,0.0,0.0,无直接可报岗位,,0.0,,0.0,0.0,0.0,,0.0,0.0,,0.0,0.0,,0.0,0.0,,0.0,0.0,0.0,0.0,,暂无明显潜力,2026岗位文本中未形成直接可报匹配。,不建议把考公作为该专业在头部院校的核心卖点。,直接考公适配弱，应更多看行业就业或升学转换。,不适合作为普通应用院校的考公主卖点。,,
330701,电子商务,本科(职业),,本科,财经商贸大类,电子商务类,0.0,很弱/无直接岗位,2026国考职位表/中央机关及直属机构口径（第三方镜像）,0.0,0.0,0.0,0.0,0.0,0.0,0.0,0.0,0.0,无直接可报岗位,,0.0,,0.0,0.0,0.0,,0.0,0.0,,0.0,0.0,,0.0,0.0,,0.0,0.0,0.0,0.0,,暂无明显潜力,2026岗位文本中未形成直接可报匹配。,不建议把考公作为该专业在头部院校的核心卖点。,直接考公适配弱，应更多看行业就业或升学转换。,不适合作为普通应用院校的考公主卖点。,,
330702,跨境电子商务,本科(职业),,本科,财经商贸大类,电子商务类,0.0,很弱/无直接岗位,2026国考职位表/中央机关及直属机构口径（第三方镜像）,0.0,0.0,0.0,0.0,0.0,0.0,0.0,0.0,0.0,无直接可报岗位,,0.0,,0.0,0.0,0.0,,0.0,0.0,,0.0,0.0,,0.0,0.0,,0.0,0.0,0.0,0.0,,暂无明显潜力,2026岗位文本中未形成直接可报匹配。,不建议把考公作为该专业在头部院校的核心卖点。,直接考公适配弱，应更多看行业就业或升学转换。,不适合作为普通应用院校的考公主卖点。,,
330703,全媒体电商运营,本科(职业),,本科,财经商贸大类,电子商务类,0.0,很弱/无直接岗位,2026国考职位表/中央机关及直属机构口径（第三方镜像）,0.0,0.0,0.0,0.0,0.0,0.0,0.0,0.0,0.0,无直接可报岗位,,0.0,,0.0,0.0,0.0,,0.0,0.0,,0.0,0.0,,0.0,0.0,,0.0,0.0,0.0,0.0,,暂无明显潜力,2026岗位文本中未形成直接可报匹配。,不建议把考公作为该专业在头部院校的核心卖点。,直接考公适配弱，应更多看行业就业或升学转换。,不适合作为普通应用院校的考公主卖点。,,
330704,商务数据分析与管理,本科(职业),,本科,财经商贸大类,电子商务类,0.0,很弱/无直接岗位,2026国考职位表/中央机关及直属机构口径（第三方镜像）,0.0,0.0,0.0,0.0,0.0,0.0,0.0,0.0,0.0,无直接可报岗位,,0.0,,0.0,0.0,0.0,,0.0,0.0,,0.0,0.0,,0.0,0.0,,0.0,0.0,0.0,0.0,,暂无明显潜力,2026岗位文本中未形成直接可报匹配。,不建议把考公作为该专业在头部院校的核心卖点。,直接考公适配弱，应更多看行业就业或升学转换。,不适合作为普通应用院校的考公主卖点。,,
330801,物流工程技术,本科(职业),,本科,财经商贸大类,物流类,0.0,很弱/无直接岗位,2026国考职位表/中央机关及直属机构口径（第三方镜像）,0.0,0.0,0.0,0.0,0.0,0.0,0.0,0.0,0.0,无直接可报岗位,,0.0,,0.0,0.0,0.0,,0.0,0.0,,0.0,0.0,,0.0,0.0,,0.0,0.0,0.0,0.0,,暂无明显潜力,2026岗位文本中未形成直接可报匹配。,不建议把考公作为该专业在头部院校的核心卖点。,直接考公适配弱，应更多看行业就业或升学转换。,不适合作为普通应用院校的考公主卖点。,,
330802,现代物流管理,本科(职业),,本科,财经商贸大类,物流类,0.0,很弱/无直接岗位,2026国考职位表/中央机关及直属机构口径（第三方镜像）,0.0,0.0,0.0,0.0,0.0,0.0,0.0,0.0,0.0,无直接可报岗位,,0.0,,0.0,0.0,0.0,,0.0,0.0,,0.0,0.0,,0.0,0.0,,0.0,0.0,0.0,0.0,,暂无明显潜力,2026岗位文本中未形成直接可报匹配。,不建议把考公作为该专业在头部院校的核心卖点。,直接考公适配弱，应更多看行业就业或升学转换。,不适合作为普通应用院校的考公主卖点。,,
330803,供应链管理,本科(职业),,本科,财经商贸大类,物流类,0.0,很弱/无直接岗位,2026国考职位表/中央机关及直属机构口径（第三方镜像）,0.0,0.0,0.0,0.0,0.0,0.0,0.0,0.0,0.0,无直接可报岗位,,0.0,,0.0,0.0,0.0,,0.0,0.0,,0.0,0.0,,0.0,0.0,,0.0,0.0,0.0,0.0,,暂无明显潜力,2026岗位文本中未形成直接可报匹配。,不建议把考公作为该专业在头部院校的核心卖点。,直接考公适配弱，应更多看行业就业或升学转换。,不适合作为普通应用院校的考公主卖点。,,
310101,电子信息工程技术,本科(职业),,本科,电子与信息大类,电子信息类,0.0,很弱/无直接岗位,2026国考职位表/中央机关及直属机构口径（第三方镜像）,0.0,0.0,0.0,0.0,0.0,0.0,0.0,0.0,0.0,无直接可报岗位,,0.0,,0.0,0.0,0.0,,0.0,0.0,,0.0,0.0,,0.0,0.0,,0.0,0.0,0.0,0.0,,暂无明显潜力,2026岗位文本中未形成直接可报匹配。,不建议把考公作为该专业在头部院校的核心卖点。,直接考公适配弱，应更多看行业就业或升学转换。,不适合作为普通应用院校的考公主卖点。,,
310102,物联网工程技术,本科(职业),,本科,电子与信息大类,电子信息类,0.0,很弱/无直接岗位,2026国考职位表/中央机关及直属机构口径（第三方镜像）,0.0,0.0,0.0,0.0,0.0,0.0,0.0,0.0,0.0,无直接可报岗位,,0.0,,0.0,0.0,0.0,,0.0,0.0,,0.0,0.0,,0.0,0.0,,0.0,0.0,0.0,0.0,,暂无明显潜力,2026岗位文本中未形成直接可报匹配。,不建议把考公作为该专业在头部院校的核心卖点。,直接考公适配弱，应更多看行业就业或升学转换。,不适合作为普通应用院校的考公主卖点。,,
310103,柔性电子技术,本科(职业),,本科,电子与信息大类,电子信息类,0.0,很弱/无直接岗位,2026国考职位表/中央机关及直属机构口径（第三方镜像）,0.0,0.0,0.0,0.0,0.0,0.0,0.0,0.0,0.0,无直接可报岗位,,0.0,,0.0,0.0,0.0,,0.0,0.0,,0.0,0.0,,0.0,0.0,,0.0,0.0,0.0,0.0,,暂无明显潜力,2026岗位文本中未形成直接可报匹配。,不建议把考公作为该专业在头部院校的核心卖点。,直接考公适配弱，应更多看行业就业或升学转换。,不适合作为普通应用院校的考公主卖点。,,
310104,光电信息工程技术,本科(职业),,本科,电子与信息大类,电子信息类,0.0,很弱/无直接岗位,2026国考职位表/中央机关及直属机构口径（第三方镜像）,0.0,0.0,0.0,0.0,0.0,0.0,0.0,0.0,0.0,无直接可报岗位,,0.0,,0.0,0.0,0.0,,0.0,0.0,,0.0,0.0,,0.0,0.0,,0.0,0.0,0.0,0.0,,暂无明显潜力,2026岗位文本中未形成直接可报匹配。,不建议把考公作为该专业在头部院校的核心卖点。,直接考公适配弱，应更多看行业就业或升学转换。,不适合作为普通应用院校的考公主卖点。,,
310105,智能体工程技术,本科(职业),,本科,电子与信息大类,电子信息类,0.0,很弱/无直接岗位,2026国考职位表/中央机关及直属机构口径（第三方镜像）,0.0,0.0,0.0,0.0,0.0,0.0,0.0,0.0,0.0,无直接可报岗位,,0.0,,0.0,0.0,0.0,,0.0,0.0,,0.0,0.0,,0.0,0.0,,0.0,0.0,0.0,0.0,,暂无明显潜力,2026岗位文本中未形成直接可报匹配。,不建议把考公作为该专业在头部院校的核心卖点。,直接考公适配弱，应更多看行业就业或升学转换。,不适合作为普通应用院校的考公主卖点。,,
310201,计算机应用工程,本科(职业),,本科,电子与信息大类,计算机类,0.0,很弱/无直接岗位,2026国考职位表/中央机关及直属机构口径（第三方镜像）,0.0,0.0,0.0,0.0,0.0,0.0,0.0,0.0,0.0,无直接可报岗位,,0.0,,0.0,0.0,0.0,,0.0,0.0,,0.0,0.0,,0.0,0.0,,0.0,0.0,0.0,0.0,,暂无明显潜力,2026岗位文本中未形成直接可报匹配。,不建议把考公作为该专业在头部院校的核心卖点。,直接考公适配弱，应更多看行业就业或升学转换。,不适合作为普通应用院校的考公主卖点。,,
310202,网络工程技术,本科(职业),,本科,电子与信息大类,计算机类,0.0,很弱/无直接岗位,2026国考职位表/中央机关及直属机构口径（第三方镜像）,0.0,0.0,0.0,0.0,0.0,0.0,0.0,0.0,0.0,无直接可报岗位,,0.0,,0.0,0.0,0.0,,0.0,0.0,,0.0,0.0,,0.0,0.0,,0.0,0.0,0.0,0.0,,暂无明显潜力,2026岗位文本中未形成直接可报匹配。,不建议把考公作为该专业在头部院校的核心卖点。,直接考公适配弱，应更多看行业就业或升学转换。,不适合作为普通应用院校的考公主卖点。,,
310203,软件工程技术,本科(职业),,本科,电子与信息大类,计算机类,0.0,很弱/无直接岗位,2026国考职位表/中央机关及直属机构口径（第三方镜像）,0.0,0.0,0.0,0.0,0.0,0.0,0.0,0.0,0.0,无直接可报岗位,,0.0,,0.0,0.0,0.0,,0.0,0.0,,0.0,0.0,,0.0,0.0,,0.0,0.0,0.0,0.0,,暂无明显潜力,2026岗位文本中未形成直接可报匹配。,不建议把考公作为该专业在头部院校的核心卖点。,直接考公适配弱，应更多看行业就业或升学转换。,不适合作为普通应用院校的考公主卖点。,,
310204,数字媒体技术,本科(职业),,本科,电子与信息大类,计算机类,0.0,很弱/无直接岗位,2026国考职位表/中央机关及直属机构口径（第三方镜像）,0.0,0.0,0.0,0.0,0.0,0.0,0.0,0.0,0.0,无直接可报岗位,,0.0,,0.0,0.0,0.0,,0.0,0.0,,0.0,0.0,,0.0,0.0,,0.0,0.0,0.0,0.0,,暂无明显潜力,2026岗位文本中未形成直接可报匹配。,不建议把考公作为该专业在头部院校的核心卖点。,直接考公适配弱，应更多看行业就业或升学转换。,不适合作为普通应用院校的考公主卖点。,,
310205,大数据工程技术,本科(职业),,本科,电子与信息大类,计算机类,0.0,很弱/无直接岗位,2026国考职位表/中央机关及直属机构口径（第三方镜像）,0.0,0.0,0.0,0.0,0.0,0.0,0.0,0.0,0.0,无直接可报岗位,,0.0,,0.0,0.0,0.0,,0.0,0.0,,0.0,0.0,,0.0,0.0,,0.0,0.0,0.0,0.0,,暂无明显潜力,2026岗位文本中未形成直接可报匹配。,不建议把考公作为该专业在头部院校的核心卖点。,直接考公适配弱，应更多看行业就业或升学转换。,不适合作为普通应用院校的考公主卖点。,,
310206,云计算技术,本科(职业),,本科,电子与信息大类,计算机类,0.0,很弱/无直接岗位,2026国考职位表/中央机关及直属机构口径（第三方镜像）,0.0,0.0,0.0,0.0,0.0,0.0,0.0,0.0,0.0,无直接可报岗位,,0.0,,0.0,0.0,0.0,,0.0,0.0,,0.0,0.0,,0.0,0.0,,0.0,0.0,0.0,0.0,,暂无明显潜力,2026岗位文本中未形成直接可报匹配。,不建议把考公作为该专业在头部院校的核心卖点。,直接考公适配弱，应更多看行业就业或升学转换。,不适合作为普通应用院校的考公主卖点。,,
310207,信息安全与管理,本科(职业),,本科,电子与信息大类,计算机类,0.0,很弱/无直接岗位,2026国考职位表/中央机关及直属机构口径（第三方镜像）,0.0,0.0,0.0,0.0,0.0,0.0,0.0,0.0,0.0,无直接可报岗位,,0.0,,0.0,0.0,0.0,,0.0,0.0,,0.0,0.0,,0.0,0.0,,0.0,0.0,0.0,0.0,,暂无明显潜力,2026岗位文本中未形成直接可报匹配。,不建议把考公作为该专业在头部院校的核心卖点。,直接考公适配弱，应更多看行业就业或升学转换。,不适合作为普通应用院校的考公主卖点。,,
310208,虚拟现实技术,本科(职业),,本科,电子与信息大类,计算机类,0.0,很弱/无直接岗位,2026国考职位表/中央机关及直属机构口径（第三方镜像）,0.0,0.0,0.0,0.0,0.0,0.0,0.0,0.0,0.0,无直接可报岗位,,0.0,,0.0,0.0,0.0,,0.0,0.0,,0.0,0.0,,0.0,0.0,,0.0,0.0,0.0,0.0,,暂无明显潜力,2026岗位文本中未形成直接可报匹配。,不建议把考公作为该专业在头部院校的核心卖点。,直接考公适配弱，应更多看行业就业或升学转换。,不适合作为普通应用院校的考公主卖点。,,
310209,人工智能工程技术,本科(职业),,本科,电子与信息大类,计算机类,0.0,很弱/无直接岗位,2026国考职位表/中央机关及直属机构口径（第三方镜像）,0.0,0.0,0.0,0.0,0.0,0.0,0.0,0.0,0.0,无直接可报岗位,,0.0,,0.0,0.0,0.0,,0.0,0.0,,0.0,0.0,,0.0,0.0,,0.0,0.0,0.0,0.0,,暂无明显潜力,2026岗位文本中未形成直接可报匹配。,不建议把考公作为该专业在头部院校的核心卖点。,直接考公适配弱，应更多看行业就业或升学转换。,不适合作为普通应用院校的考公主卖点。,,
310210,嵌入式技术,本科(职业),,本科,电子与信息大类,计算机类,0.0,很弱/无直接岗位,2026国考职位表/中央机关及直属机构口径（第三方镜像）,0.0,0.0,0.0,0.0,0.0,0.0,0.0,0.0,0.0,无直接可报岗位,,0.0,,0.0,0.0,0.0,,0.0,0.0,,0.0,0.0,,0.0,0.0,,0.0,0.0,0.0,0.0,,暂无明显潜力,2026岗位文本中未形成直接可报匹配。,不建议把考公作为该专业在头部院校的核心卖点。,直接考公适配弱，应更多看行业就业或升学转换。,不适合作为普通应用院校的考公主卖点。,,
310211,工业互联网技术,本科(职业),,本科,电子与信息大类,计算机类,0.0,很弱/无直接岗位,2026国考职位表/中央机关及直属机构口径（第三方镜像）,0.0,0.0,0.0,0.0,0.0,0.0,0.0,0.0,0.0,无直接可报岗位,,0.0,,0.0,0.0,0.0,,0.0,0.0,,0.0,0.0,,0.0,0.0,,0.0,0.0,0.0,0.0,,暂无明显潜力,2026岗位文本中未形成直接可报匹配。,不建议把考公作为该专业在头部院校的核心卖点。,直接考公适配弱，应更多看行业就业或升学转换。,不适合作为普通应用院校的考公主卖点。,,
310212,区块链技术,本科(职业),,本科,电子与信息大类,计算机类,0.0,很弱/无直接岗位,2026国考职位表/中央机关及直属机构口径（第三方镜像）,0.0,0.0,0.0,0.0,0.0,0.0,0.0,0.0,0.0,无直接可报岗位,,0.0,,0.0,0.0,0.0,,0.0,0.0,,0.0,0.0,,0.0,0.0,,0.0,0.0,0.0,0.0,,暂无明显潜力,2026岗位文本中未形成直接可报匹配。,不建议把考公作为该专业在头部院校的核心卖点。,直接考公适配弱，应更多看行业就业或升学转换。,不适合作为普通应用院校的考公主卖点。,,
310213,数据安全技术与管理,本科(职业),,本科,电子与信息大类,计算机类,0.0,很弱/无直接岗位,2026国考职位表/中央机关及直属机构口径（第三方镜像）,0.0,0.0,0.0,0.0,0.0,0.0,0.0,0.0,0.0,无直接可报岗位,,0.0,,0.0,0.0,0.0,,0.0,0.0,,0.0,0.0,,0.0,0.0,,0.0,0.0,0.0,0.0,,暂无明显潜力,2026岗位文本中未形成直接可报匹配。,不建议把考公作为该专业在头部院校的核心卖点。,直接考公适配弱，应更多看行业就业或升学转换。,不适合作为普通应用院校的考公主卖点。,,
310214,密码工程技术,本科(职业),,本科,电子与信息大类,计算机类,0.0,很弱/无直接岗位,2026国考职位表/中央机关及直属机构口径（第三方镜像）,0.0,0.0,0.0,0.0,0.0,0.0,0.0,0.0,0.0,无直接可报岗位,,0.0,,0.0,0.0,0.0,,0.0,0.0,,0.0,0.0,,0.0,0.0,,0.0,0.0,0.0,0.0,,暂无明显潜力,2026岗位文本中未形成直接可报匹配。,不建议把考公作为该专业在头部院校的核心卖点。,直接考公适配弱，应更多看行业就业或升学转换。,不适合作为普通应用院校的考公主卖点。,,
310215,工业智能工程技术,本科(职业),,本科,电子与信息大类,计算机类,0.0,很弱/无直接岗位,2026国考职位表/中央机关及直属机构口径（第三方镜像）,0.0,0.0,0.0,0.0,0.0,0.0,0.0,0.0,0.0,无直接可报岗位,,0.0,,0.0,0.0,0.0,,0.0,0.0,,0.0,0.0,,0.0,0.0,,0.0,0.0,0.0,0.0,,暂无明显潜力,2026岗位文本中未形成直接可报匹配。,不建议把考公作为该专业在头部院校的核心卖点。,直接考公适配弱，应更多看行业就业或升学转换。,不适合作为普通应用院校的考公主卖点。,,
310216,开源技术开发与应用,本科(职业),,本科,电子与信息大类,计算机类,0.0,很弱/无直接岗位,2026国考职位表/中央机关及直属机构口径（第三方镜像）,0.0,0.0,0.0,0.0,0.0,0.0,0.0,0.0,0.0,无直接可报岗位,,0.0,,0.0,0.0,0.0,,0.0,0.0,,0.0,0.0,,0.0,0.0,,0.0,0.0,0.0,0.0,,暂无明显潜力,2026岗位文本中未形成直接可报匹配。,不建议把考公作为该专业在头部院校的核心卖点。,直接考公适配弱，应更多看行业就业或升学转换。,不适合作为普通应用院校的考公主卖点。,,
310301,现代通信工程,本科(职业),,本科,电子与信息大类,通信类,0.0,很弱/无直接岗位,2026国考职位表/中央机关及直属机构口径（第三方镜像）,0.0,0.0,0.0,0.0,0.0,0.0,0.0,0.0,0.0,无直接可报岗位,,0.0,,0.0,0.0,0.0,,0.0,0.0,,0.0,0.0,,0.0,0.0,,0.0,0.0,0.0,0.0,,暂无明显潜力,2026岗位文本中未形成直接可报匹配。,不建议把考公作为该专业在头部院校的核心卖点。,直接考公适配弱，应更多看行业就业或升学转换。,不适合作为普通应用院校的考公主卖点。,,
310302,通信软件工程,本科(职业),,本科,电子与信息大类,通信类,0.0,很弱/无直接岗位,2026国考职位表/中央机关及直属机构口径（第三方镜像）,0.0,0.0,0.0,0.0,0.0,0.0,0.0,0.0,0.0,无直接可报岗位,,0.0,,0.0,0.0,0.0,,0.0,0.0,,0.0,0.0,,0.0,0.0,,0.0,0.0,0.0,0.0,,暂无明显潜力,2026岗位文本中未形成直接可报匹配。,不建议把考公作为该专业在头部院校的核心卖点。,直接考公适配弱，应更多看行业就业或升学转换。,不适合作为普通应用院校的考公主卖点。,,
310303,卫星通信工程,本科(职业),,本科,电子与信息大类,通信类,0.0,很弱/无直接岗位,2026国考职位表/中央机关及直属机构口径（第三方镜像）,0.0,0.0,0.0,0.0,0.0,0.0,0.0,0.0,0.0,无直接可报岗位,,0.0,,0.0,0.0,0.0,,0.0,0.0,,0.0,0.0,,0.0,0.0,,0.0,0.0,0.0,0.0,,暂无明显潜力,2026岗位文本中未形成直接可报匹配。,不建议把考公作为该专业在头部院校的核心卖点。,直接考公适配弱，应更多看行业就业或升学转换。,不适合作为普通应用院校的考公主卖点。,,
310304,车联网通信工程,本科(职业),,本科,电子与信息大类,通信类,0.0,很弱/无直接岗位,2026国考职位表/中央机关及直属机构口径（第三方镜像）,0.0,0.0,0.0,0.0,0.0,0.0,0.0,0.0,0.0,无直接可报岗位,,0.0,,0.0,0.0,0.0,,0.0,0.0,,0.0,0.0,,0.0,0.0,,0.0,0.0,0.0,0.0,,暂无明显潜力,2026岗位文本中未形成直接可报匹配。,不建议把考公作为该专业在头部院校的核心卖点。,直接考公适配弱，应更多看行业就业或升学转换。,不适合作为普通应用院校的考公主卖点。,,
310305,低空智联网工程,本科(职业),,本科,电子与信息大类,通信类,0.0,很弱/无直接岗位,2026国考职位表/中央机关及直属机构口径（第三方镜像）,0.0,0.0,0.0,0.0,0.0,0.0,0.0,0.0,0.0,无直接可报岗位,,0.0,,0.0,0.0,0.0,,0.0,0.0,,0.0,0.0,,0.0,0.0,,0.0,0.0,0.0,0.0,,暂无明显潜力,2026岗位文本中未形成直接可报匹配。,不建议把考公作为该专业在头部院校的核心卖点。,直接考公适配弱，应更多看行业就业或升学转换。,不适合作为普通应用院校的考公主卖点。,,
310306,数据中心工程技术,本科(职业),,本科,电子与信息大类,通信类,0.0,很弱/无直接岗位,2026国考职位表/中央机关及直属机构口径（第三方镜像）,0.0,0.0,0.0,0.0,0.0,0.0,0.0,0.0,0.0,无直接可报岗位,,0.0,,0.0,0.0,0.0,,0.0,0.0,,0.0,0.0,,0.0,0.0,,0.0,0.0,0.0,0.0,,暂无明显潜力,2026岗位文本中未形成直接可报匹配。,不建议把考公作为该专业在头部院校的核心卖点。,直接考公适配弱，应更多看行业就业或升学转换。,不适合作为普通应用院校的考公主卖点。,,
310401,集成电路工程技术,本科(职业),,本科,电子与信息大类,集成电路类,0.0,很弱/无直接岗位,2026国考职位表/中央机关及直属机构口径（第三方镜像）,0.0,0.0,0.0,0.0,0.0,0.0,0.0,0.0,0.0,无直接可报岗位,,0.0,,0.0,0.0,0.0,,0.0,0.0,,0.0,0.0,,0.0,0.0,,0.0,0.0,0.0,0.0,,暂无明显潜力,2026岗位文本中未形成直接可报匹配。,不建议把考公作为该专业在头部院校的核心卖点。,直接考公适配弱，应更多看行业就业或升学转换。,不适合作为普通应用院校的考公主卖点。,,
310402,半导体装备工程技术,本科(职业),,本科,电子与信息大类,集成电路类,0.0,很弱/无直接岗位,2026国考职位表/中央机关及直属机构口径（第三方镜像）,0.0,0.0,0.0,0.0,0.0,0.0,0.0,0.0,0.0,无直接可报岗位,,0.0,,0.0,0.0,0.0,,0.0,0.0,,0.0,0.0,,0.0,0.0,,0.0,0.0,0.0,0.0,,暂无明显潜力,2026岗位文本中未形成直接可报匹配。,不建议把考公作为该专业在头部院校的核心卖点。,直接考公适配弱，应更多看行业就业或升学转换。,不适合作为普通应用院校的考公主卖点。,,
520101K,临床医学,专科(高职),,专科,医药卫生大类,临床医学类,0.0,很弱/无直接岗位,2026国考职位表/中央机关及直属机构口径（第三方镜像）,0.0,0.0,0.0,0.0,0.0,0.0,0.0,0.0,0.0,无直接可报岗位,,0.0,,0.0,0.0,0.0,,0.0,0.0,,0.0,0.0,,0.0,0.0,,14.0,164.0,124.0,40.0,medium,升学后较强潜力,大专学历直接可报岗位不足；专业文本在本科/升本路径中有匹配线索。,不建议把考公作为该专业在头部院校的核心卖点。,直接考公适配弱，应更多看行业就业或升学转换。,普通应用/职业院校下直接考公空间很小，优先看事业单位、基层项目或行业就业。,上海海关|中国民用航空局东北地区管理局|中国民用航空局中南地区管理局|中国民用航空局华北地区管理局|中央办公厅|乌鲁木齐海关|兰州海关|南京海关,业务处室一级主任科员及以下|健康服务处一级主任科员及以下|卫生健康管理岗位一级主任科员及以下|卫生检疫一级行政执法员|卫生检疫一级行政执法员（一）|卫生检疫一级行政执法员（二）|卫生检疫二级主办及以下|卫生检疫二级主办及以下（一）
520102K,口腔医学,专科(高职),,专科,医药卫生大类,临床医学类,0.0,很弱/无直接岗位,2026国考职位表/中央机关及直属机构口径（第三方镜像）,0.0,0.0,0.0,0.0,0.0,0.0,0.0,0.0,0.0,无直接可报岗位,,0.0,,0.0,0.0,0.0,,0.0,0.0,,0.0,0.0,,0.0,0.0,,1.0,63.0,4.0,59.0,limited,升学后中等潜力,大专学历直接可报岗位不足；专业文本在本科/升本路径中有匹配线索。,不建议把考公作为该专业在头部院校的核心卖点。,直接考公适配弱，应更多看行业就业或升学转换。,普通应用/职业院校下直接考公空间很小，优先看事业单位、基层项目或行业就业。,南宁海关|哈尔滨海关|国家卫生健康委员会|大连海关|江门海关|海口海关|深圳海关|黄埔海关,业务处室一级主任科员及以下|卫生检疫一级行政执法员|卫生检疫一级行政执法员（一）|卫生检疫一级行政执法员（二）|卫生检疫二级主办及以下|卫生检疫二级主办及以下（一）|卫生检疫二级主办及以下（二）|卫生检疫四级主办及以下
520201,护理,专科(高职),,专科,医药卫生大类,护理类,0.0,很弱/无直接岗位,2026国考职位表/中央机关及直属机构口径（第三方镜像）,0.0,0.0,0.0,0.0,0.0,0.0,0.0,0.0,0.0,无直接可报岗位,,0.0,,0.0,0.0,0.0,,0.0,0.0,,0.0,0.0,,0.0,0.0,,0.0,0.0,0.0,0.0,none,暂无明显潜力,2026岗位文本中未形成直接可报匹配。,不建议把考公作为该专业在头部院校的核心卖点。,直接考公适配弱，应更多看行业就业或升学转换。,普通应用/职业院校下直接考公空间很小，优先看事业单位、基层项目或行业就业。,,
520202,助产,专科(高职),,专科,医药卫生大类,护理类,0.0,很弱/无直接岗位,2026国考职位表/中央机关及直属机构口径（第三方镜像）,0.0,0.0,0.0,0.0,0.0,0.0,0.0,0.0,0.0,无直接可报岗位,,0.0,,0.0,0.0,0.0,,0.0,0.0,,0.0,0.0,,0.0,0.0,,0.0,0.0,0.0,0.0,none,暂无明显潜力,2026岗位文本中未形成直接可报匹配。,不建议把考公作为该专业在头部院校的核心卖点。,直接考公适配弱，应更多看行业就业或升学转换。,普通应用/职业院校下直接考公空间很小，优先看事业单位、基层项目或行业就业。,,
520301,药学,专科(高职),,专科,医药卫生大类,药学类,0.0,很弱/无直接岗位,2026国考职位表/中央机关及直属机构口径（第三方镜像）,0.0,0.0,0.0,0.0,0.0,0.0,0.0,0.0,0.0,无直接可报岗位,,0.0,,0.0,0.0,0.0,,0.0,0.0,,0.0,0.0,,0.0,0.0,,8.0,26.0,24.0,2.0,limited,升学后中等潜力,大专学历直接可报岗位不足；专业文本在本科/升本路径中有匹配线索。,不建议把考公作为该专业在头部院校的核心卖点。,直接考公适配弱，应更多看行业就业或升学转换。,普通应用/职业院校下直接考公空间很小，优先看事业单位、基层项目或行业就业。,公安部|国家医疗保障局|国家知识产权局|国家药品监督管理局|拱北海关|拱北海关缉私局|沈阳铁路公安局|深圳海关缉私局,九洲海关缉私分局一级警长及以下|二处警务技术一级主管及以下|十一处警务技术一级主管及以下|十二处警务技术一级主管及以下|南头海关缉私分局一级警长及以下|卫生检疫四级主办及以下|卫生检疫四级主办及以下（一）|卫生检疫四级主办及以下（二）
520401K,中医学,专科(高职),,专科,医药卫生大类,中医药类,0.0,很弱/无直接岗位,2026国考职位表/中央机关及直属机构口径（第三方镜像）,0.0,0.0,0.0,0.0,0.0,0.0,0.0,0.0,0.0,无直接可报岗位,,0.0,,0.0,0.0,0.0,,0.0,0.0,,0.0,0.0,,0.0,0.0,,1.0,3.0,3.0,0.0,limited,升学后弱潜力,大专学历直接可报岗位不足；专业文本在本科/升本路径中有匹配线索。,不建议把考公作为该专业在头部院校的核心卖点。,直接考公适配弱，应更多看行业就业或升学转换。,普通应用/职业院校下直接考公空间很小，优先看事业单位、基层项目或行业就业。,国家卫生健康委员会|新疆出入境边防检查总站|湛江海关,业务处室一级主任科员及以下|卫生检疫四级主办及以下|阿勒泰边境管理支队一级警长及以下（七）
520402K,中医骨伤,专科(高职),,专科,医药卫生大类,中医药类,0.0,很弱/无直接岗位,2026国考职位表/中央机关及直属机构口径（第三方镜像）,0.0,0.0,0.0,0.0,0.0,0.0,0.0,0.0,0.0,无直接可报岗位,,0.0,,0.0,0.0,0.0,,0.0,0.0,,0.0,0.0,,0.0,0.0,,0.0,0.0,0.0,0.0,none,暂无明显潜力,2026岗位文本中未形成直接可报匹配。,不建议把考公作为该专业在头部院校的核心卖点。,直接考公适配弱，应更多看行业就业或升学转换。,普通应用/职业院校下直接考公空间很小，优先看事业单位、基层项目或行业就业。,,
520403K,针灸推拿,专科(高职),,专科,医药卫生大类,中医药类,0.0,很弱/无直接岗位,2026国考职位表/中央机关及直属机构口径（第三方镜像）,0.0,0.0,0.0,0.0,0.0,0.0,0.0,0.0,0.0,无直接可报岗位,,0.0,,0.0,0.0,0.0,,0.0,0.0,,0.0,0.0,,0.0,0.0,,0.0,0.0,0.0,0.0,none,暂无明显潜力,2026岗位文本中未形成直接可报匹配。,不建议把考公作为该专业在头部院校的核心卖点。,直接考公适配弱，应更多看行业就业或升学转换。,普通应用/职业院校下直接考公空间很小，优先看事业单位、基层项目或行业就业。,,
520404K,蒙医学,专科(高职),,专科,医药卫生大类,中医药类,0.0,很弱/无直接岗位,2026国考职位表/中央机关及直属机构口径（第三方镜像）,0.0,0.0,0.0,0.0,0.0,0.0,0.0,0.0,0.0,无直接可报岗位,,0.0,,0.0,0.0,0.0,,0.0,0.0,,0.0,0.0,,0.0,0.0,,0.0,0.0,0.0,0.0,none,暂无明显潜力,2026岗位文本中未形成直接可报匹配。,不建议把考公作为该专业在头部院校的核心卖点。,直接考公适配弱，应更多看行业就业或升学转换。,普通应用/职业院校下直接考公空间很小，优先看事业单位、基层项目或行业就业。,,
520405K,藏医学,专科(高职),,专科,医药卫生大类,中医药类,0.0,很弱/无直接岗位,2026国考职位表/中央机关及直属机构口径（第三方镜像）,0.0,0.0,0.0,0.0,0.0,0.0,0.0,0.0,0.0,无直接可报岗位,,0.0,,0.0,0.0,0.0,,0.0,0.0,,0.0,0.0,,0.0,0.0,,0.0,0.0,0.0,0.0,none,暂无明显潜力,2026岗位文本中未形成直接可报匹配。,不建议把考公作为该专业在头部院校的核心卖点。,直接考公适配弱，应更多看行业就业或升学转换。,普通应用/职业院校下直接考公空间很小，优先看事业单位、基层项目或行业就业。,,
520406K,维医学,专科(高职),,专科,医药卫生大类,中医药类,0.0,很弱/无直接岗位,2026国考职位表/中央机关及直属机构口径（第三方镜像）,0.0,0.0,0.0,0.0,0.0,0.0,0.0,0.0,0.0,无直接可报岗位,,0.0,,0.0,0.0,0.0,,0.0,0.0,,0.0,0.0,,0.0,0.0,,0.0,0.0,0.0,0.0,none,暂无明显潜力,2026岗位文本中未形成直接可报匹配。,不建议把考公作为该专业在头部院校的核心卖点。,直接考公适配弱，应更多看行业就业或升学转换。,普通应用/职业院校下直接考公空间很小，优先看事业单位、基层项目或行业就业。,,
520407K,傣医学,专科(高职),,专科,医药卫生大类,中医药类,0.0,很弱/无直接岗位,2026国考职位表/中央机关及直属机构口径（第三方镜像）,0.0,0.0,0.0,0.0,0.0,0.0,0.0,0.0,0.0,无直接可报岗位,,0.0,,0.0,0.0,0.0,,0.0,0.0,,0.0,0.0,,0.0,0.0,,0.0,0.0,0.0,0.0,none,暂无明显潜力,2026岗位文本中未形成直接可报匹配。,不建议把考公作为该专业在头部院校的核心卖点。,直接考公适配弱，应更多看行业就业或升学转换。,普通应用/职业院校下直接考公空间很小，优先看事业单位、基层项目或行业就业。,,
520408K,哈医学,专科(高职),,专科,医药卫生大类,中医药类,0.0,很弱/无直接岗位,2026国考职位表/中央机关及直属机构口径（第三方镜像）,0.0,0.0,0.0,0.0,0.0,0.0,0.0,0.0,0.0,无直接可报岗位,,0.0,,0.0,0.0,0.0,,0.0,0.0,,0.0,0.0,,0.0,0.0,,0.0,0.0,0.0,0.0,none,暂无明显潜力,2026岗位文本中未形成直接可报匹配。,不建议把考公作为该专业在头部院校的核心卖点。,直接考公适配弱，应更多看行业就业或升学转换。,普通应用/职业院校下直接考公空间很小，优先看事业单位、基层项目或行业就业。,,
520409K,朝医学,专科(高职),,专科,医药卫生大类,中医药类,0.0,很弱/无直接岗位,2026国考职位表/中央机关及直属机构口径（第三方镜像）,0.0,0.0,0.0,0.0,0.0,0.0,0.0,0.0,0.0,无直接可报岗位,,0.0,,0.0,0.0,0.0,,0.0,0.0,,0.0,0.0,,0.0,0.0,,0.0,0.0,0.0,0.0,none,暂无明显潜力,2026岗位文本中未形成直接可报匹配。,不建议把考公作为该专业在头部院校的核心卖点。,直接考公适配弱，应更多看行业就业或升学转换。,普通应用/职业院校下直接考公空间很小，优先看事业单位、基层项目或行业就业。,,
520410,中药学,专科(高职),,专科,医药卫生大类,中医药类,0.0,很弱/无直接岗位,2026国考职位表/中央机关及直属机构口径（第三方镜像）,0.0,0.0,0.0,0.0,0.0,0.0,0.0,0.0,0.0,无直接可报岗位,,0.0,,0.0,0.0,0.0,,0.0,0.0,,0.0,0.0,,0.0,0.0,,1.0,1.0,1.0,0.0,limited,升学后弱潜力,大专学历直接可报岗位不足；专业文本在本科/升本路径中有匹配线索。,不建议把考公作为该专业在头部院校的核心卖点。,直接考公适配弱，应更多看行业就业或升学转换。,普通应用/职业院校下直接考公空间很小，优先看事业单位、基层项目或行业就业。,国家知识产权局,审查部门（二）一级主任科员及以下
520411,蒙药学,专科(高职),,专科,医药卫生大类,中医药类,0.0,很弱/无直接岗位,2026国考职位表/中央机关及直属机构口径（第三方镜像）,0.0,0.0,0.0,0.0,0.0,0.0,0.0,0.0,0.0,无直接可报岗位,,0.0,,0.0,0.0,0.0,,0.0,0.0,,0.0,0.0,,0.0,0.0,,0.0,0.0,0.0,0.0,none,暂无明显潜力,2026岗位文本中未形成直接可报匹配。,不建议把考公作为该专业在头部院校的核心卖点。,直接考公适配弱，应更多看行业就业或升学转换。,普通应用/职业院校下直接考公空间很小，优先看事业单位、基层项目或行业就业。,,
520412,维药学,专科(高职),,专科,医药卫生大类,中医药类,0.0,很弱/无直接岗位,2026国考职位表/中央机关及直属机构口径（第三方镜像）,0.0,0.0,0.0,0.0,0.0,0.0,0.0,0.0,0.0,无直接可报岗位,,0.0,,0.0,0.0,0.0,,0.0,0.0,,0.0,0.0,,0.0,0.0,,0.0,0.0,0.0,0.0,none,暂无明显潜力,2026岗位文本中未形成直接可报匹配。,不建议把考公作为该专业在头部院校的核心卖点。,直接考公适配弱，应更多看行业就业或升学转换。,普通应用/职业院校下直接考公空间很小，优先看事业单位、基层项目或行业就业。,,
520413,藏药学,专科(高职),,专科,医药卫生大类,中医药类,0.0,很弱/无直接岗位,2026国考职位表/中央机关及直属机构口径（第三方镜像）,0.0,0.0,0.0,0.0,0.0,0.0,0.0,0.0,0.0,无直接可报岗位,,0.0,,0.0,0.0,0.0,,0.0,0.0,,0.0,0.0,,0.0,0.0,,0.0,0.0,0.0,0.0,none,暂无明显潜力,2026岗位文本中未形成直接可报匹配。,不建议把考公作为该专业在头部院校的核心卖点。,直接考公适配弱，应更多看行业就业或升学转换。,普通应用/职业院校下直接考公空间很小，优先看事业单位、基层项目或行业就业。,,
520414,中药材生产与加工,专科(高职),,专科,医药卫生大类,中医药类,0.0,很弱/无直接岗位,2026国考职位表/中央机关及直属机构口径（第三方镜像）,0.0,0.0,0.0,0.0,0.0,0.0,0.0,0.0,0.0,无直接可报岗位,,0.0,,0.0,0.0,0.0,,0.0,0.0,,0.0,0.0,,0.0,0.0,,0.0,0.0,0.0,0.0,none,暂无明显潜力,2026岗位文本中未形成直接可报匹配。,不建议把考公作为该专业在头部院校的核心卖点。,直接考公适配弱，应更多看行业就业或升学转换。,普通应用/职业院校下直接考公空间很小，优先看事业单位、基层项目或行业就业。,,
520415,中药制药,专科(高职),,专科,医药卫生大类,中医药类,0.0,很弱/无直接岗位,2026国考职位表/中央机关及直属机构口径（第三方镜像）,0.0,0.0,0.0,0.0,0.0,0.0,0.0,0.0,0.0,无直接可报岗位,,0.0,,0.0,0.0,0.0,,0.0,0.0,,0.0,0.0,,0.0,0.0,,0.0,0.0,0.0,0.0,none,暂无明显潜力,2026岗位文本中未形成直接可报匹配。,不建议把考公作为该专业在头部院校的核心卖点。,直接考公适配弱，应更多看行业就业或升学转换。,普通应用/职业院校下直接考公空间很小，优先看事业单位、基层项目或行业就业。,,
520416,中医康复技术,专科(高职),,专科,医药卫生大类,中医药类,17.4,弱适配,2026国考职位表/中央机关及直属机构口径（第三方镜像）,3.0,3.0,0.0,0.0,0.0,100.0,0.0,0.0,0.0,以对口岗位为主,海关/边检(3)；公安/移民/基层执法(3),3.0,2.0,0.0,0.0,0.0,,0.0,0.0,,3.0,100.0,3.0,0.0,0.0,,0.0,3.0,3.0,0.0,limited,升学后弱潜力,存在专业代码或专业名称精确匹配，并有直接学历兼容岗位。,可以考，但院校层级优势有限，更依赖岗位地区和限制条件。,岗位窗口较窄，建议只作为就业备选项。,少量大专可报基层岗位存在，但数量很少，需逐岗位核验。,内蒙古出入境边防检查总站,呼伦贝尔边境管理支队一级警长及以下（八）|策克出入境边防检查站一级警长及以下（六）|阿拉善边境管理支队一级警长及以下（六）
520417,中医养生保健,专科(高职),,专科,医药卫生大类,中医药类,0.0,很弱/无直接岗位,2026国考职位表/中央机关及直属机构口径（第三方镜像）,0.0,0.0,0.0,0.0,0.0,0.0,0.0,0.0,0.0,无直接可报岗位,,0.0,,0.0,0.0,0.0,,0.0,0.0,,0.0,0.0,,0.0,0.0,,0.0,0.0,0.0,0.0,none,暂无明显潜力,2026岗位文本中未形成直接可报匹配。,不建议把考公作为该专业在头部院校的核心卖点。,直接考公适配弱，应更多看行业就业或升学转换。,普通应用/职业院校下直接考公空间很小，优先看事业单位、基层项目或行业就业。,,
520418,药膳与食疗,专科(高职),,专科,医药卫生大类,中医药类,0.0,很弱/无直接岗位,2026国考职位表/中央机关及直属机构口径（第三方镜像）,0.0,0.0,0.0,0.0,0.0,0.0,0.0,0.0,0.0,无直接可报岗位,,0.0,,0.0,0.0,0.0,,0.0,0.0,,0.0,0.0,,0.0,0.0,,0.0,0.0,0.0,0.0,none,暂无明显潜力,2026岗位文本中未形成直接可报匹配。,不建议把考公作为该专业在头部院校的核心卖点。,直接考公适配弱，应更多看行业就业或升学转换。,普通应用/职业院校下直接考公空间很小，优先看事业单位、基层项目或行业就业。,,
520501,医学检验技术,专科(高职),,专科,医药卫生大类,医学技术类,0.0,很弱/无直接岗位,2026国考职位表/中央机关及直属机构口径（第三方镜像）,0.0,0.0,0.0,0.0,0.0,0.0,0.0,0.0,0.0,无直接可报岗位,,0.0,,0.0,0.0,0.0,,0.0,0.0,,0.0,0.0,,0.0,0.0,,0.0,47.0,31.0,16.0,limited,升学后中等潜力,大专学历直接可报岗位不足；专业文本在本科/升本路径中有匹配线索。,不建议把考公作为该专业在头部院校的核心卖点。,直接考公适配弱，应更多看行业就业或升学转换。,普通应用/职业院校下直接考公空间很小，优先看事业单位、基层项目或行业就业。,南京海关|呼和浩特海关|哈尔滨海关|大连海关|天津海关|成都海关|成都铁路公安局|杭州海关,卫生检疫一级行政执法员|卫生检疫一级行政执法员（一）|卫生检疫一级行政执法员（二）|卫生检疫二级主办及以下|卫生检疫二级主办及以下（一）|卫生检疫二级主办及以下（二）|卫生检疫四级主办及以下|卫生检疫四级主办及以下（一）
520502,医学影像技术,专科(高职),,专科,医药卫生大类,医学技术类,0.0,很弱/无直接岗位,2026国考职位表/中央机关及直属机构口径（第三方镜像）,0.0,0.0,0.0,0.0,0.0,0.0,0.0,0.0,0.0,无直接可报岗位,,0.0,,0.0,0.0,0.0,,0.0,0.0,,0.0,0.0,,0.0,0.0,,0.0,18.0,2.0,16.0,limited,升学后中等潜力,大专学历直接可报岗位不足；专业文本在本科/升本路径中有匹配线索。,不建议把考公作为该专业在头部院校的核心卖点。,直接考公适配弱，应更多看行业就业或升学转换。,普通应用/职业院校下直接考公空间很小，优先看事业单位、基层项目或行业就业。,大连海关|成都铁路公安局|长春海关|黄埔海关,卫生检疫二级主办及以下|卫生检疫二级主办及以下（一）|卫生检疫二级主办及以下（二）|卫生检疫四级主办及以下|卫生检疫四级主办及以下（一）|卫生检疫四级主办及以下（二）|登轮监管二级主办及以下|西昌铁路公安处基层所队民警
520503,医学生物技术,专科(高职),,专科,医药卫生大类,医学技术类,0.0,很弱/无直接岗位,2026国考职位表/中央机关及直属机构口径（第三方镜像）,0.0,0.0,0.0,0.0,0.0,0.0,0.0,0.0,0.0,无直接可报岗位,,0.0,,0.0,0.0,0.0,,0.0,0.0,,0.0,0.0,,0.0,0.0,,0.0,16.0,0.0,16.0,limited,升学后中等潜力,大专学历直接可报岗位不足；专业文本在本科/升本路径中有匹配线索。,不建议把考公作为该专业在头部院校的核心卖点。,直接考公适配弱，应更多看行业就业或升学转换。,普通应用/职业院校下直接考公空间很小，优先看事业单位、基层项目或行业就业。,大连海关|成都铁路公安局|黄埔海关,卫生检疫二级主办及以下|卫生检疫二级主办及以下（一）|卫生检疫二级主办及以下（二）|卫生检疫四级主办及以下|卫生检疫四级主办及以下（一）|卫生检疫四级主办及以下（二）|登轮监管二级主办及以下|西昌铁路公安处基层所队民警
520504,口腔医学技术,专科(高职),,专科,医药卫生大类,医学技术类,0.0,很弱/无直接岗位,2026国考职位表/中央机关及直属机构口径（第三方镜像）,0.0,0.0,0.0,0.0,0.0,0.0,0.0,0.0,0.0,无直接可报岗位,,0.0,,0.0,0.0,0.0,,0.0,0.0,,0.0,0.0,,0.0,0.0,,0.0,16.0,0.0,16.0,limited,升学后中等潜力,大专学历直接可报岗位不足；专业文本在本科/升本路径中有匹配线索。,不建议把考公作为该专业在头部院校的核心卖点。,直接考公适配弱，应更多看行业就业或升学转换。,普通应用/职业院校下直接考公空间很小，优先看事业单位、基层项目或行业就业。,大连海关|成都铁路公安局|黄埔海关,卫生检疫二级主办及以下|卫生检疫二级主办及以下（一）|卫生检疫二级主办及以下（二）|卫生检疫四级主办及以下|卫生检疫四级主办及以下（一）|卫生检疫四级主办及以下（二）|登轮监管二级主办及以下|西昌铁路公安处基层所队民警
520505,放射治疗技术,专科(高职),,专科,医药卫生大类,医学技术类,0.0,很弱/无直接岗位,2026国考职位表/中央机关及直属机构口径（第三方镜像）,0.0,0.0,0.0,0.0,0.0,0.0,0.0,0.0,0.0,无直接可报岗位,,0.0,,0.0,0.0,0.0,,0.0,0.0,,0.0,0.0,,0.0,0.0,,0.0,16.0,0.0,16.0,limited,升学后中等潜力,大专学历直接可报岗位不足；专业文本在本科/升本路径中有匹配线索。,不建议把考公作为该专业在头部院校的核心卖点。,直接考公适配弱，应更多看行业就业或升学转换。,普通应用/职业院校下直接考公空间很小，优先看事业单位、基层项目或行业就业。,大连海关|成都铁路公安局|黄埔海关,卫生检疫二级主办及以下|卫生检疫二级主办及以下（一）|卫生检疫二级主办及以下（二）|卫生检疫四级主办及以下|卫生检疫四级主办及以下（一）|卫生检疫四级主办及以下（二）|登轮监管二级主办及以下|西昌铁路公安处基层所队民警
520506,呼吸治疗技术,专科(高职),,专科,医药卫生大类,医学技术类,0.0,很弱/无直接岗位,2026国考职位表/中央机关及直属机构口径（第三方镜像）,0.0,0.0,0.0,0.0,0.0,0.0,0.0,0.0,0.0,无直接可报岗位,,0.0,,0.0,0.0,0.0,,0.0,0.0,,0.0,0.0,,0.0,0.0,,0.0,16.0,0.0,16.0,limited,升学后中等潜力,大专学历直接可报岗位不足；专业文本在本科/升本路径中有匹配线索。,不建议把考公作为该专业在头部院校的核心卖点。,直接考公适配弱，应更多看行业就业或升学转换。,普通应用/职业院校下直接考公空间很小，优先看事业单位、基层项目或行业就业。,大连海关|成都铁路公安局|黄埔海关,卫生检疫二级主办及以下|卫生检疫二级主办及以下（一）|卫生检疫二级主办及以下（二）|卫生检疫四级主办及以下|卫生检疫四级主办及以下（一）|卫生检疫四级主办及以下（二）|登轮监管二级主办及以下|西昌铁路公安处基层所队民警
520507,医学美容技术,专科(高职),,专科,医药卫生大类,医学技术类,0.0,很弱/无直接岗位,2026国考职位表/中央机关及直属机构口径（第三方镜像）,0.0,0.0,0.0,0.0,0.0,0.0,0.0,0.0,0.0,无直接可报岗位,,0.0,,0.0,0.0,0.0,,0.0,0.0,,0.0,0.0,,0.0,0.0,,0.0,16.0,0.0,16.0,limited,升学后中等潜力,大专学历直接可报岗位不足；专业文本在本科/升本路径中有匹配线索。,不建议把考公作为该专业在头部院校的核心卖点。,直接考公适配弱，应更多看行业就业或升学转换。,普通应用/职业院校下直接考公空间很小，优先看事业单位、基层项目或行业就业。,大连海关|成都铁路公安局|黄埔海关,卫生检疫二级主办及以下|卫生检疫二级主办及以下（一）|卫生检疫二级主办及以下（二）|卫生检疫四级主办及以下|卫生检疫四级主办及以下（一）|卫生检疫四级主办及以下（二）|登轮监管二级主办及以下|西昌铁路公安处基层所队民警
520508,卫生检验与检疫技术,专科(高职),,专科,医药卫生大类,医学技术类,0.0,很弱/无直接岗位,2026国考职位表/中央机关及直属机构口径（第三方镜像）,0.0,0.0,0.0,0.0,0.0,0.0,0.0,0.0,0.0,无直接可报岗位,,0.0,,0.0,0.0,0.0,,0.0,0.0,,0.0,0.0,,0.0,0.0,,0.0,16.0,0.0,16.0,limited,升学后中等潜力,大专学历直接可报岗位不足；专业文本在本科/升本路径中有匹配线索。,不建议把考公作为该专业在头部院校的核心卖点。,直接考公适配弱，应更多看行业就业或升学转换。,普通应用/职业院校下直接考公空间很小，优先看事业单位、基层项目或行业就业。,大连海关|成都铁路公安局|黄埔海关,卫生检疫二级主办及以下|卫生检疫二级主办及以下（一）|卫生检疫二级主办及以下（二）|卫生检疫四级主办及以下|卫生检疫四级主办及以下（一）|卫生检疫四级主办及以下（二）|登轮监管二级主办及以下|西昌铁路公安处基层所队民警
520601,康复治疗技术,专科(高职),,专科,医药卫生大类,康复治疗类,0.0,很弱/无直接岗位,2026国考职位表/中央机关及直属机构口径（第三方镜像）,0.0,0.0,0.0,0.0,0.0,0.0,0.0,0.0,0.0,无直接可报岗位,,0.0,,0.0,0.0,0.0,,0.0,0.0,,0.0,0.0,,0.0,0.0,,0.0,0.0,0.0,0.0,none,暂无明显潜力,2026岗位文本中未形成直接可报匹配。,不建议把考公作为该专业在头部院校的核心卖点。,直接考公适配弱，应更多看行业就业或升学转换。,普通应用/职业院校下直接考公空间很小，优先看事业单位、基层项目或行业就业。,,
520602,康复辅助器具技术,专科(高职),,专科,医药卫生大类,康复治疗类,0.0,很弱/无直接岗位,2026国考职位表/中央机关及直属机构口径（第三方镜像）,0.0,0.0,0.0,0.0,0.0,0.0,0.0,0.0,0.0,无直接可报岗位,,0.0,,0.0,0.0,0.0,,0.0,0.0,,0.0,0.0,,0.0,0.0,,0.0,0.0,0.0,0.0,none,暂无明显潜力,2026岗位文本中未形成直接可报匹配。,不建议把考公作为该专业在头部院校的核心卖点。,直接考公适配弱，应更多看行业就业或升学转换。,普通应用/职业院校下直接考公空间很小，优先看事业单位、基层项目或行业就业。,,
520603,言语听觉康复技术,专科(高职),,专科,医药卫生大类,康复治疗类,0.0,很弱/无直接岗位,2026国考职位表/中央机关及直属机构口径（第三方镜像）,0.0,0.0,0.0,0.0,0.0,0.0,0.0,0.0,0.0,无直接可报岗位,,0.0,,0.0,0.0,0.0,,0.0,0.0,,0.0,0.0,,0.0,0.0,,0.0,0.0,0.0,0.0,none,暂无明显潜力,2026岗位文本中未形成直接可报匹配。,不建议把考公作为该专业在头部院校的核心卖点。,直接考公适配弱，应更多看行业就业或升学转换。,普通应用/职业院校下直接考公空间很小，优先看事业单位、基层项目或行业就业。,,
520701,公共卫生管理,专科(高职),,专科,医药卫生大类,公共卫生与卫生管理类,0.0,很弱/无直接岗位,2026国考职位表/中央机关及直属机构口径（第三方镜像）,0.0,0.0,0.0,0.0,0.0,0.0,0.0,0.0,0.0,无直接可报岗位,,0.0,,0.0,0.0,0.0,,0.0,0.0,,0.0,0.0,,0.0,0.0,,0.0,0.0,0.0,0.0,none,暂无明显潜力,2026岗位文本中未形成直接可报匹配。,不建议把考公作为该专业在头部院校的核心卖点。,直接考公适配弱，应更多看行业就业或升学转换。,普通应用/职业院校下直接考公空间很小，优先看事业单位、基层项目或行业就业。,,
520702,卫生信息管理,专科(高职),,专科,医药卫生大类,公共卫生与卫生管理类,0.0,很弱/无直接岗位,2026国考职位表/中央机关及直属机构口径（第三方镜像）,0.0,0.0,0.0,0.0,0.0,0.0,0.0,0.0,0.0,无直接可报岗位,,0.0,,0.0,0.0,0.0,,0.0,0.0,,0.0,0.0,,0.0,0.0,,0.0,0.0,0.0,0.0,none,暂无明显潜力,2026岗位文本中未形成直接可报匹配。,不建议把考公作为该专业在头部院校的核心卖点。,直接考公适配弱，应更多看行业就业或升学转换。,普通应用/职业院校下直接考公空间很小，优先看事业单位、基层项目或行业就业。,,
520703K,预防医学,专科(高职),,专科,医药卫生大类,公共卫生与卫生管理类,17.4,弱适配,2026国考职位表/中央机关及直属机构口径（第三方镜像）,3.0,3.0,0.0,0.0,0.0,100.0,0.0,0.0,0.0,以对口岗位为主,海关/边检(3)；公安/移民/基层执法(3),3.0,2.0,0.0,0.0,0.0,,0.0,0.0,,3.0,100.0,3.0,0.0,0.0,,11.0,128.0,128.0,0.0,medium,升学后中等潜力,存在专业代码或专业名称精确匹配，并有直接学历兼容岗位。,可以考，但院校层级优势有限，更依赖岗位地区和限制条件。,岗位窗口较窄，建议只作为就业备选项。,少量大专可报基层岗位存在，但数量很少，需逐岗位核验。,上海海关|乌鲁木齐海关|公安部|兰州海关|内蒙古出入境边防检查总站|南京海关|南宁海关|厦门海关,业务处一级主任科员及以下|业务处室一级主任科员及以下|二连出入境边防检查站一级警长及以下（七）|健康服务处一级主任科员及以下|十二处警务技术一级主管及以下|卫生检疫一级行政执法员|卫生检疫一级行政执法员（一）|卫生检疫一级行政执法员（二）
520704,健康大数据管理与服务,专科(高职),,专科,医药卫生大类,公共卫生与卫生管理类,0.0,很弱/无直接岗位,2026国考职位表/中央机关及直属机构口径（第三方镜像）,0.0,0.0,0.0,0.0,0.0,0.0,0.0,0.0,0.0,无直接可报岗位,,0.0,,0.0,0.0,0.0,,0.0,0.0,,0.0,0.0,,0.0,0.0,,0.0,0.0,0.0,0.0,none,暂无明显潜力,2026岗位文本中未形成直接可报匹配。,不建议把考公作为该专业在头部院校的核心卖点。,直接考公适配弱，应更多看行业就业或升学转换。,普通应用/职业院校下直接考公空间很小，优先看事业单位、基层项目或行业就业。,,
520801,健康管理,专科(高职),,专科,医药卫生大类,健康管理与促进类,0.0,很弱/无直接岗位,2026国考职位表/中央机关及直属机构口径（第三方镜像）,0.0,0.0,0.0,0.0,0.0,0.0,0.0,0.0,0.0,无直接可报岗位,,0.0,,0.0,0.0,0.0,,0.0,0.0,,0.0,0.0,,0.0,0.0,,0.0,0.0,0.0,0.0,none,暂无明显潜力,2026岗位文本中未形成直接可报匹配。,不建议把考公作为该专业在头部院校的核心卖点。,直接考公适配弱，应更多看行业就业或升学转换。,普通应用/职业院校下直接考公空间很小，优先看事业单位、基层项目或行业就业。,,
520802,婴幼儿托育服务与管理,专科(高职),,专科,医药卫生大类,健康管理与促进类,0.0,很弱/无直接岗位,2026国考职位表/中央机关及直属机构口径（第三方镜像）,0.0,0.0,0.0,0.0,0.0,0.0,0.0,0.0,0.0,无直接可报岗位,,0.0,,0.0,0.0,0.0,,0.0,0.0,,0.0,0.0,,0.0,0.0,,0.0,0.0,0.0,0.0,none,暂无明显潜力,2026岗位文本中未形成直接可报匹配。,不建议把考公作为该专业在头部院校的核心卖点。,直接考公适配弱，应更多看行业就业或升学转换。,普通应用/职业院校下直接考公空间很小，优先看事业单位、基层项目或行业就业。,,
520803,老年保健与管理,专科(高职),,专科,医药卫生大类,健康管理与促进类,0.0,很弱/无直接岗位,2026国考职位表/中央机关及直属机构口径（第三方镜像）,0.0,0.0,0.0,0.0,0.0,0.0,0.0,0.0,0.0,无直接可报岗位,,0.0,,0.0,0.0,0.0,,0.0,0.0,,0.0,0.0,,0.0,0.0,,0.0,0.0,0.0,0.0,none,暂无明显潜力,2026岗位文本中未形成直接可报匹配。,不建议把考公作为该专业在头部院校的核心卖点。,直接考公适配弱，应更多看行业就业或升学转换。,普通应用/职业院校下直接考公空间很小，优先看事业单位、基层项目或行业就业。,,
520804,心理咨询,专科(高职),,专科,医药卫生大类,健康管理与促进类,17.4,弱适配,2026国考职位表/中央机关及直属机构口径（第三方镜像）,3.0,3.0,0.0,0.0,0.0,100.0,0.0,0.0,0.0,以对口岗位为主,海关/边检(3)；公安/移民/基层执法(3),3.0,2.0,0.0,0.0,0.0,,0.0,0.0,,3.0,100.0,3.0,0.0,0.0,,0.0,3.0,3.0,0.0,limited,升学后弱潜力,存在专业代码或专业名称精确匹配，并有直接学历兼容岗位。,可以考，但院校层级优势有限，更依赖岗位地区和限制条件。,岗位窗口较窄，建议只作为就业备选项。,少量大专可报基层岗位存在，但数量很少，需逐岗位核验。,内蒙古出入境边防检查总站,呼伦贝尔边境管理支队一级警长及以下（八）|策克出入境边防检查站一级警长及以下（六）|阿拉善边境管理支队一级警长及以下（六）
520805,医学营养,专科(高职),,专科,医药卫生大类,健康管理与促进类,0.0,很弱/无直接岗位,2026国考职位表/中央机关及直属机构口径（第三方镜像）,0.0,0.0,0.0,0.0,0.0,0.0,0.0,0.0,0.0,无直接可报岗位,,0.0,,0.0,0.0,0.0,,0.0,0.0,,0.0,0.0,,0.0,0.0,,0.0,0.0,0.0,0.0,none,暂无明显潜力,2026岗位文本中未形成直接可报匹配。,不建议把考公作为该专业在头部院校的核心卖点。,直接考公适配弱，应更多看行业就业或升学转换。,普通应用/职业院校下直接考公空间很小，优先看事业单位、基层项目或行业就业。,,
520806,生殖健康管理,专科(高职),,专科,医药卫生大类,健康管理与促进类,0.0,很弱/无直接岗位,2026国考职位表/中央机关及直属机构口径（第三方镜像）,0.0,0.0,0.0,0.0,0.0,0.0,0.0,0.0,0.0,无直接可报岗位,,0.0,,0.0,0.0,0.0,,0.0,0.0,,0.0,0.0,,0.0,0.0,,0.0,0.0,0.0,0.0,none,暂无明显潜力,2026岗位文本中未形成直接可报匹配。,不建议把考公作为该专业在头部院校的核心卖点。,直接考公适配弱，应更多看行业就业或升学转换。,普通应用/职业院校下直接考公空间很小，优先看事业单位、基层项目或行业就业。,,
520807,口腔卫生保健,专科(高职),,专科,医药卫生大类,健康管理与促进类,0.0,很弱/无直接岗位,2026国考职位表/中央机关及直属机构口径（第三方镜像）,0.0,0.0,0.0,0.0,0.0,0.0,0.0,0.0,0.0,无直接可报岗位,,0.0,,0.0,0.0,0.0,,0.0,0.0,,0.0,0.0,,0.0,0.0,,0.0,0.0,0.0,0.0,none,暂无明显潜力,2026岗位文本中未形成直接可报匹配。,不建议把考公作为该专业在头部院校的核心卖点。,直接考公适配弱，应更多看行业就业或升学转换。,普通应用/职业院校下直接考公空间很小，优先看事业单位、基层项目或行业就业。,,
520808,医养照护服务,专科(高职),,专科,医药卫生大类,健康管理与促进类,0.0,很弱/无直接岗位,2026国考职位表/中央机关及直属机构口径（第三方镜像）,0.0,0.0,0.0,0.0,0.0,0.0,0.0,0.0,0.0,无直接可报岗位,,0.0,,0.0,0.0,0.0,,0.0,0.0,,0.0,0.0,,0.0,0.0,,0.0,0.0,0.0,0.0,,暂无明显潜力,2026岗位文本中未形成直接可报匹配。,不建议把考公作为该专业在头部院校的核心卖点。,直接考公适配弱，应更多看行业就业或升学转换。,普通应用/职业院校下直接考公空间很小，优先看事业单位、基层项目或行业就业。,,
520901,眼视光技术,专科(高职),,专科,医药卫生大类,眼视光类,0.0,很弱/无直接岗位,2026国考职位表/中央机关及直属机构口径（第三方镜像）,0.0,0.0,0.0,0.0,0.0,0.0,0.0,0.0,0.0,无直接可报岗位,,0.0,,0.0,0.0,0.0,,0.0,0.0,,0.0,0.0,,0.0,0.0,,0.0,0.0,0.0,0.0,none,暂无明显潜力,2026岗位文本中未形成直接可报匹配。,不建议把考公作为该专业在头部院校的核心卖点。,直接考公适配弱，应更多看行业就业或升学转换。,普通应用/职业院校下直接考公空间很小，优先看事业单位、基层项目或行业就业。,,
520902,眼视光仪器技术,专科(高职),,专科,医药卫生大类,眼视光类,0.0,很弱/无直接岗位,2026国考职位表/中央机关及直属机构口径（第三方镜像）,0.0,0.0,0.0,0.0,0.0,0.0,0.0,0.0,0.0,无直接可报岗位,,0.0,,0.0,0.0,0.0,,0.0,0.0,,0.0,0.0,,0.0,0.0,,0.0,0.0,0.0,0.0,none,暂无明显潜力,2026岗位文本中未形成直接可报匹配。,不建议把考公作为该专业在头部院校的核心卖点。,直接考公适配弱，应更多看行业就业或升学转换。,普通应用/职业院校下直接考公空间很小，优先看事业单位、基层项目或行业就业。,,
520903,视觉训练与康复,专科(高职),,专科,医药卫生大类,眼视光类,0.0,很弱/无直接岗位,2026国考职位表/中央机关及直属机构口径（第三方镜像）,0.0,0.0,0.0,0.0,0.0,0.0,0.0,0.0,0.0,无直接可报岗位,,0.0,,0.0,0.0,0.0,,0.0,0.0,,0.0,0.0,,0.0,0.0,,0.0,0.0,0.0,0.0,none,暂无明显潜力,2026岗位文本中未形成直接可报匹配。,不建议把考公作为该专业在头部院校的核心卖点。,直接考公适配弱，应更多看行业就业或升学转换。,普通应用/职业院校下直接考公空间很小，优先看事业单位、基层项目或行业就业。,,
320201,护理,本科(职业),,本科,医药卫生大类,护理类,0.0,很弱/无直接岗位,2026国考职位表/中央机关及直属机构口径（第三方镜像）,0.0,0.0,0.0,0.0,0.0,0.0,0.0,0.0,0.0,无直接可报岗位,,0.0,,0.0,0.0,0.0,,0.0,0.0,,0.0,0.0,,0.0,0.0,,0.0,0.0,0.0,0.0,,暂无明显潜力,2026岗位文本中未形成直接可报匹配。,不建议把考公作为该专业在头部院校的核心卖点。,直接考公适配弱，应更多看行业就业或升学转换。,不适合作为普通应用院校的考公主卖点。,,
320301,药学,本科(职业),,本科,医药卫生大类,药学类,0.0,很弱/无直接岗位,2026国考职位表/中央机关及直属机构口径（第三方镜像）,0.0,0.0,0.0,0.0,0.0,0.0,0.0,0.0,0.0,无直接可报岗位,,0.0,,0.0,0.0,0.0,,0.0,0.0,,0.0,0.0,,0.0,0.0,,0.0,0.0,0.0,0.0,,暂无明显潜力,2026岗位文本中未形成直接可报匹配。,不建议把考公作为该专业在头部院校的核心卖点。,直接考公适配弱，应更多看行业就业或升学转换。,不适合作为普通应用院校的考公主卖点。,,
320401,中药制药,本科(职业),,本科,医药卫生大类,中医药类,0.0,很弱/无直接岗位,2026国考职位表/中央机关及直属机构口径（第三方镜像）,0.0,0.0,0.0,0.0,0.0,0.0,0.0,0.0,0.0,无直接可报岗位,,0.0,,0.0,0.0,0.0,,0.0,0.0,,0.0,0.0,,0.0,0.0,,0.0,0.0,0.0,0.0,,暂无明显潜力,2026岗位文本中未形成直接可报匹配。,不建议把考公作为该专业在头部院校的核心卖点。,直接考公适配弱，应更多看行业就业或升学转换。,不适合作为普通应用院校的考公主卖点。,,
320402,中药学,本科(职业),,本科,医药卫生大类,中医药类,0.0,很弱/无直接岗位,2026国考职位表/中央机关及直属机构口径（第三方镜像）,0.0,0.0,0.0,0.0,0.0,0.0,0.0,0.0,0.0,无直接可报岗位,,0.0,,0.0,0.0,0.0,,0.0,0.0,,0.0,0.0,,0.0,0.0,,0.0,0.0,0.0,0.0,,暂无明显潜力,2026岗位文本中未形成直接可报匹配。,不建议把考公作为该专业在头部院校的核心卖点。,直接考公适配弱，应更多看行业就业或升学转换。,不适合作为普通应用院校的考公主卖点。,,
320403,中药材生产与加工,本科(职业),,本科,医药卫生大类,中医药类,0.0,很弱/无直接岗位,2026国考职位表/中央机关及直属机构口径（第三方镜像）,0.0,0.0,0.0,0.0,0.0,0.0,0.0,0.0,0.0,无直接可报岗位,,0.0,,0.0,0.0,0.0,,0.0,0.0,,0.0,0.0,,0.0,0.0,,0.0,0.0,0.0,0.0,,暂无明显潜力,2026岗位文本中未形成直接可报匹配。,不建议把考公作为该专业在头部院校的核心卖点。,直接考公适配弱，应更多看行业就业或升学转换。,不适合作为普通应用院校的考公主卖点。,,
320501,医学检验技术,本科(职业),,本科,医药卫生大类,医学技术类,0.0,很弱/无直接岗位,2026国考职位表/中央机关及直属机构口径（第三方镜像）,0.0,0.0,0.0,0.0,0.0,0.0,0.0,0.0,0.0,无直接可报岗位,,0.0,,0.0,0.0,0.0,,0.0,0.0,,0.0,0.0,,0.0,0.0,,0.0,0.0,0.0,0.0,,暂无明显潜力,2026岗位文本中未形成直接可报匹配。,不建议把考公作为该专业在头部院校的核心卖点。,直接考公适配弱，应更多看行业就业或升学转换。,不适合作为普通应用院校的考公主卖点。,,
320502,医学影像技术,本科(职业),,本科,医药卫生大类,医学技术类,0.0,很弱/无直接岗位,2026国考职位表/中央机关及直属机构口径（第三方镜像）,0.0,0.0,0.0,0.0,0.0,0.0,0.0,0.0,0.0,无直接可报岗位,,0.0,,0.0,0.0,0.0,,0.0,0.0,,0.0,0.0,,0.0,0.0,,0.0,0.0,0.0,0.0,,暂无明显潜力,2026岗位文本中未形成直接可报匹配。,不建议把考公作为该专业在头部院校的核心卖点。,直接考公适配弱，应更多看行业就业或升学转换。,不适合作为普通应用院校的考公主卖点。,,
320503,医学生物技术,本科(职业),,本科,医药卫生大类,医学技术类,0.0,很弱/无直接岗位,2026国考职位表/中央机关及直属机构口径（第三方镜像）,0.0,0.0,0.0,0.0,0.0,0.0,0.0,0.0,0.0,无直接可报岗位,,0.0,,0.0,0.0,0.0,,0.0,0.0,,0.0,0.0,,0.0,0.0,,0.0,0.0,0.0,0.0,,暂无明显潜力,2026岗位文本中未形成直接可报匹配。,不建议把考公作为该专业在头部院校的核心卖点。,直接考公适配弱，应更多看行业就业或升学转换。,不适合作为普通应用院校的考公主卖点。,,
320504,口腔医学技术,本科(职业),,本科,医药卫生大类,医学技术类,0.0,很弱/无直接岗位,2026国考职位表/中央机关及直属机构口径（第三方镜像）,0.0,0.0,0.0,0.0,0.0,0.0,0.0,0.0,0.0,无直接可报岗位,,0.0,,0.0,0.0,0.0,,0.0,0.0,,0.0,0.0,,0.0,0.0,,0.0,0.0,0.0,0.0,,暂无明显潜力,2026岗位文本中未形成直接可报匹配。,不建议把考公作为该专业在头部院校的核心卖点。,直接考公适配弱，应更多看行业就业或升学转换。,不适合作为普通应用院校的考公主卖点。,,
320505,放射治疗技术,本科(职业),,本科,医药卫生大类,医学技术类,0.0,很弱/无直接岗位,2026国考职位表/中央机关及直属机构口径（第三方镜像）,0.0,0.0,0.0,0.0,0.0,0.0,0.0,0.0,0.0,无直接可报岗位,,0.0,,0.0,0.0,0.0,,0.0,0.0,,0.0,0.0,,0.0,0.0,,0.0,0.0,0.0,0.0,,暂无明显潜力,2026岗位文本中未形成直接可报匹配。,不建议把考公作为该专业在头部院校的核心卖点。,直接考公适配弱，应更多看行业就业或升学转换。,不适合作为普通应用院校的考公主卖点。,,
320506,呼吸治疗技术,本科(职业),,本科,医药卫生大类,医学技术类,0.0,很弱/无直接岗位,2026国考职位表/中央机关及直属机构口径（第三方镜像）,0.0,0.0,0.0,0.0,0.0,0.0,0.0,0.0,0.0,无直接可报岗位,,0.0,,0.0,0.0,0.0,,0.0,0.0,,0.0,0.0,,0.0,0.0,,0.0,0.0,0.0,0.0,,暂无明显潜力,2026岗位文本中未形成直接可报匹配。,不建议把考公作为该专业在头部院校的核心卖点。,直接考公适配弱，应更多看行业就业或升学转换。,不适合作为普通应用院校的考公主卖点。,,
320601,康复治疗,本科(职业),,本科,医药卫生大类,康复治疗类,0.0,很弱/无直接岗位,2026国考职位表/中央机关及直属机构口径（第三方镜像）,0.0,0.0,0.0,0.0,0.0,0.0,0.0,0.0,0.0,无直接可报岗位,,0.0,,0.0,0.0,0.0,,0.0,0.0,,0.0,0.0,,0.0,0.0,,0.0,0.0,0.0,0.0,,暂无明显潜力,2026岗位文本中未形成直接可报匹配。,不建议把考公作为该专业在头部院校的核心卖点。,直接考公适配弱，应更多看行业就业或升学转换。,不适合作为普通应用院校的考公主卖点。,,
320602,康复辅助器具技术,本科(职业),,本科,医药卫生大类,康复治疗类,0.0,很弱/无直接岗位,2026国考职位表/中央机关及直属机构口径（第三方镜像）,0.0,0.0,0.0,0.0,0.0,0.0,0.0,0.0,0.0,无直接可报岗位,,0.0,,0.0,0.0,0.0,,0.0,0.0,,0.0,0.0,,0.0,0.0,,0.0,0.0,0.0,0.0,,暂无明显潜力,2026岗位文本中未形成直接可报匹配。,不建议把考公作为该专业在头部院校的核心卖点。,直接考公适配弱，应更多看行业就业或升学转换。,不适合作为普通应用院校的考公主卖点。,,
320603,言语听觉治疗技术,本科(职业),,本科,医药卫生大类,康复治疗类,0.0,很弱/无直接岗位,2026国考职位表/中央机关及直属机构口径（第三方镜像）,0.0,0.0,0.0,0.0,0.0,0.0,0.0,0.0,0.0,无直接可报岗位,,0.0,,0.0,0.0,0.0,,0.0,0.0,,0.0,0.0,,0.0,0.0,,0.0,0.0,0.0,0.0,,暂无明显潜力,2026岗位文本中未形成直接可报匹配。,不建议把考公作为该专业在头部院校的核心卖点。,直接考公适配弱，应更多看行业就业或升学转换。,不适合作为普通应用院校的考公主卖点。,,
320604,儿童康复治疗,本科(职业),,本科,医药卫生大类,康复治疗类,0.0,很弱/无直接岗位,2026国考职位表/中央机关及直属机构口径（第三方镜像）,0.0,0.0,0.0,0.0,0.0,0.0,0.0,0.0,0.0,无直接可报岗位,,0.0,,0.0,0.0,0.0,,0.0,0.0,,0.0,0.0,,0.0,0.0,,0.0,0.0,0.0,0.0,,暂无明显潜力,2026岗位文本中未形成直接可报匹配。,不建议把考公作为该专业在头部院校的核心卖点。,直接考公适配弱，应更多看行业就业或升学转换。,不适合作为普通应用院校的考公主卖点。,,
320701,公共卫生管理,本科(职业),,本科,医药卫生大类,公共卫生与卫生管理类,0.0,很弱/无直接岗位,2026国考职位表/中央机关及直属机构口径（第三方镜像）,0.0,0.0,0.0,0.0,0.0,0.0,0.0,0.0,0.0,无直接可报岗位,,0.0,,0.0,0.0,0.0,,0.0,0.0,,0.0,0.0,,0.0,0.0,,0.0,0.0,0.0,0.0,,暂无明显潜力,2026岗位文本中未形成直接可报匹配。,不建议把考公作为该专业在头部院校的核心卖点。,直接考公适配弱，应更多看行业就业或升学转换。,不适合作为普通应用院校的考公主卖点。,,
320702,职业卫生工程技术,本科(职业),,本科,医药卫生大类,公共卫生与卫生管理类,0.0,很弱/无直接岗位,2026国考职位表/中央机关及直属机构口径（第三方镜像）,0.0,0.0,0.0,0.0,0.0,0.0,0.0,0.0,0.0,无直接可报岗位,,0.0,,0.0,0.0,0.0,,0.0,0.0,,0.0,0.0,,0.0,0.0,,0.0,0.0,0.0,0.0,,暂无明显潜力,2026岗位文本中未形成直接可报匹配。,不建议把考公作为该专业在头部院校的核心卖点。,直接考公适配弱，应更多看行业就业或升学转换。,不适合作为普通应用院校的考公主卖点。,,
320703,职业病危害检测评价技术,本科(职业),,本科,医药卫生大类,公共卫生与卫生管理类,0.0,很弱/无直接岗位,2026国考职位表/中央机关及直属机构口径（第三方镜像）,0.0,0.0,0.0,0.0,0.0,0.0,0.0,0.0,0.0,无直接可报岗位,,0.0,,0.0,0.0,0.0,,0.0,0.0,,0.0,0.0,,0.0,0.0,,0.0,0.0,0.0,0.0,,暂无明显潜力,2026岗位文本中未形成直接可报匹配。,不建议把考公作为该专业在头部院校的核心卖点。,直接考公适配弱，应更多看行业就业或升学转换。,不适合作为普通应用院校的考公主卖点。,,
320801,健康管理,本科(职业),,本科,医药卫生大类,健康管理与促进类,0.0,很弱/无直接岗位,2026国考职位表/中央机关及直属机构口径（第三方镜像）,0.0,0.0,0.0,0.0,0.0,0.0,0.0,0.0,0.0,无直接可报岗位,,0.0,,0.0,0.0,0.0,,0.0,0.0,,0.0,0.0,,0.0,0.0,,0.0,0.0,0.0,0.0,,暂无明显潜力,2026岗位文本中未形成直接可报匹配。,不建议把考公作为该专业在头部院校的核心卖点。,直接考公适配弱，应更多看行业就业或升学转换。,不适合作为普通应用院校的考公主卖点。,,
320802,婴幼儿发展与健康管理,本科(职业),,本科,医药卫生大类,健康管理与促进类,0.0,很弱/无直接岗位,2026国考职位表/中央机关及直属机构口径（第三方镜像）,0.0,0.0,0.0,0.0,0.0,0.0,0.0,0.0,0.0,无直接可报岗位,,0.0,,0.0,0.0,0.0,,0.0,0.0,,0.0,0.0,,0.0,0.0,,0.0,0.0,0.0,0.0,,暂无明显潜力,2026岗位文本中未形成直接可报匹配。,不建议把考公作为该专业在头部院校的核心卖点。,直接考公适配弱，应更多看行业就业或升学转换。,不适合作为普通应用院校的考公主卖点。,,
320803,医养照护与管理,本科(职业),,本科,医药卫生大类,健康管理与促进类,0.0,很弱/无直接岗位,2026国考职位表/中央机关及直属机构口径（第三方镜像）,0.0,0.0,0.0,0.0,0.0,0.0,0.0,0.0,0.0,无直接可报岗位,,0.0,,0.0,0.0,0.0,,0.0,0.0,,0.0,0.0,,0.0,0.0,,0.0,0.0,0.0,0.0,,暂无明显潜力,2026岗位文本中未形成直接可报匹配。,不建议把考公作为该专业在头部院校的核心卖点。,直接考公适配弱，应更多看行业就业或升学转换。,不适合作为普通应用院校的考公主卖点。,,
320901,眼视光技术,本科(职业),,本科,医药卫生大类,眼视光类,0.0,很弱/无直接岗位,2026国考职位表/中央机关及直属机构口径（第三方镜像）,0.0,0.0,0.0,0.0,0.0,0.0,0.0,0.0,0.0,无直接可报岗位,,0.0,,0.0,0.0,0.0,,0.0,0.0,,0.0,0.0,,0.0,0.0,,0.0,0.0,0.0,0.0,,暂无明显潜力,2026岗位文本中未形成直接可报匹配。,不建议把考公作为该专业在头部院校的核心卖点。,直接考公适配弱，应更多看行业就业或升学转换。,不适合作为普通应用院校的考公主卖点。,,
530101,财税大数据应用,专科(高职),,专科,财经商贸大类,财政税务类,0.0,很弱/无直接岗位,2026国考职位表/中央机关及直属机构口径（第三方镜像）,0.0,0.0,0.0,0.0,0.0,0.0,0.0,0.0,0.0,无直接可报岗位,,0.0,,0.0,0.0,0.0,,0.0,0.0,,0.0,0.0,,0.0,0.0,,0.0,0.0,0.0,0.0,none,暂无明显潜力,2026岗位文本中未形成直接可报匹配。,不建议把考公作为该专业在头部院校的核心卖点。,直接考公适配弱，应更多看行业就业或升学转换。,普通应用/职业院校下直接考公空间很小，优先看事业单位、基层项目或行业就业。,,
530102,资产评估与管理,专科(高职),,专科,财经商贸大类,财政税务类,0.0,很弱/无直接岗位,2026国考职位表/中央机关及直属机构口径（第三方镜像）,0.0,0.0,0.0,0.0,0.0,0.0,0.0,0.0,0.0,无直接可报岗位,,0.0,,0.0,0.0,0.0,,0.0,0.0,,0.0,0.0,,0.0,0.0,,0.0,0.0,0.0,0.0,none,暂无明显潜力,2026岗位文本中未形成直接可报匹配。,不建议把考公作为该专业在头部院校的核心卖点。,直接考公适配弱，应更多看行业就业或升学转换。,普通应用/职业院校下直接考公空间很小，优先看事业单位、基层项目或行业就业。,,
530103,政府采购管理,专科(高职),,专科,财经商贸大类,财政税务类,0.0,很弱/无直接岗位,2026国考职位表/中央机关及直属机构口径（第三方镜像）,0.0,0.0,0.0,0.0,0.0,0.0,0.0,0.0,0.0,无直接可报岗位,,0.0,,0.0,0.0,0.0,,0.0,0.0,,0.0,0.0,,0.0,0.0,,0.0,0.0,0.0,0.0,none,暂无明显潜力,2026岗位文本中未形成直接可报匹配。,不建议把考公作为该专业在头部院校的核心卖点。,直接考公适配弱，应更多看行业就业或升学转换。,普通应用/职业院校下直接考公空间很小，优先看事业单位、基层项目或行业就业。,,
530104,财政支出绩效管理,专科(高职),,专科,财经商贸大类,财政税务类,0.0,很弱/无直接岗位,2026国考职位表/中央机关及直属机构口径（第三方镜像）,0.0,0.0,0.0,0.0,0.0,0.0,0.0,0.0,0.0,无直接可报岗位,,0.0,,0.0,0.0,0.0,,0.0,0.0,,0.0,0.0,,0.0,0.0,,0.0,0.0,0.0,0.0,none,暂无明显潜力,2026岗位文本中未形成直接可报匹配。,不建议把考公作为该专业在头部院校的核心卖点。,直接考公适配弱，应更多看行业就业或升学转换。,普通应用/职业院校下直接考公空间很小，优先看事业单位、基层项目或行业就业。,,
530201,金融服务与管理,专科(高职),,专科,财经商贸大类,金融类,0.0,很弱/无直接岗位,2026国考职位表/中央机关及直属机构口径（第三方镜像）,0.0,0.0,0.0,0.0,0.0,0.0,0.0,0.0,0.0,无直接可报岗位,,0.0,,0.0,0.0,0.0,,0.0,0.0,,0.0,0.0,,0.0,0.0,,236.0,563.0,0.0,563.0,medium,升学后较强潜力,大专学历直接可报岗位不足；专业文本在本科/升本路径中有匹配线索。,头部院校优势主要体现在保研/读研后进入更高层级岗位。,直接考公适配弱，应更多看行业就业或升学转换。,直接考公弱；若专升本到相近本科专业，考公潜力明显上升。,中国人民银行|中国人民银行上海总部|中国人民银行云南省分行|中国人民银行内蒙古自治区分行|中国人民银行北京市分行|中国人民银行吉林省分行|中国人民银行四川省分行|中国人民银行大连市分行,监管部门一级主任科员及以下|综合业务处一级主任科员及以下|综合业务部门一级主任科员及以下|综合处一级主任科员及以下|综合管理处一级主任科员及以下|舟山调查队业务处室四级主任科员及以下（1）|舟山调查队业务处室四级主任科员及以下（2）|预算处一级主任科员及以下
530202,金融科技应用,专科(高职),,专科,财经商贸大类,金融类,12.1,很弱/无直接岗位,2026国考职位表/中央机关及直属机构口径（第三方镜像）,1.0,1.0,0.0,0.0,0.0,100.0,0.0,0.0,0.0,以对口岗位为主,海关/边检(1)；公安/移民/基层执法(1),3.0,9.33,0.0,0.0,0.0,,0.0,0.0,,1.0,100.0,9.33,0.0,0.0,,236.0,564.0,1.0,563.0,medium,升学后较强潜力,存在专业代码或专业名称精确匹配，并有直接学历兼容岗位。,头部院校优势主要体现在保研/读研后进入更高层级岗位。,岗位窗口较窄，建议只作为就业备选项。,少量大专可报基层岗位存在，但数量很少，需逐岗位核验。,中国人民银行|中国人民银行上海总部|中国人民银行云南省分行|中国人民银行内蒙古自治区分行|中国人民银行北京市分行|中国人民银行吉林省分行|中国人民银行四川省分行|中国人民银行大连市分行,喀什边境管理支队一级警长及以下（七）|监管部门一级主任科员及以下|综合业务处一级主任科员及以下|综合业务部门一级主任科员及以下|综合处一级主任科员及以下|综合管理处一级主任科员及以下|舟山调查队业务处室四级主任科员及以下（1）|舟山调查队业务处室四级主任科员及以下（2）
530203,保险实务,专科(高职),,专科,财经商贸大类,金融类,0.0,很弱/无直接岗位,2026国考职位表/中央机关及直属机构口径（第三方镜像）,0.0,0.0,0.0,0.0,0.0,0.0,0.0,0.0,0.0,无直接可报岗位,,0.0,,0.0,0.0,0.0,,0.0,0.0,,0.0,0.0,,0.0,0.0,,236.0,563.0,0.0,563.0,medium,升学后较强潜力,大专学历直接可报岗位不足；专业文本在本科/升本路径中有匹配线索。,头部院校优势主要体现在保研/读研后进入更高层级岗位。,直接考公适配弱，应更多看行业就业或升学转换。,直接考公弱；若专升本到相近本科专业，考公潜力明显上升。,中国人民银行|中国人民银行上海总部|中国人民银行云南省分行|中国人民银行内蒙古自治区分行|中国人民银行北京市分行|中国人民银行吉林省分行|中国人民银行四川省分行|中国人民银行大连市分行,监管部门一级主任科员及以下|综合业务处一级主任科员及以下|综合业务部门一级主任科员及以下|综合处一级主任科员及以下|综合管理处一级主任科员及以下|舟山调查队业务处室四级主任科员及以下（1）|舟山调查队业务处室四级主任科员及以下（2）|预算处一级主任科员及以下
530204,信用管理,专科(高职),,专科,财经商贸大类,金融类,0.0,很弱/无直接岗位,2026国考职位表/中央机关及直属机构口径（第三方镜像）,0.0,0.0,0.0,0.0,0.0,0.0,0.0,0.0,0.0,无直接可报岗位,,0.0,,0.0,0.0,0.0,,0.0,0.0,,0.0,0.0,,0.0,0.0,,236.0,563.0,0.0,563.0,medium,升学后较强潜力,大专学历直接可报岗位不足；专业文本在本科/升本路径中有匹配线索。,头部院校优势主要体现在保研/读研后进入更高层级岗位。,直接考公适配弱，应更多看行业就业或升学转换。,直接考公弱；若专升本到相近本科专业，考公潜力明显上升。,中国人民银行|中国人民银行上海总部|中国人民银行云南省分行|中国人民银行内蒙古自治区分行|中国人民银行北京市分行|中国人民银行吉林省分行|中国人民银行四川省分行|中国人民银行大连市分行,监管部门一级主任科员及以下|综合业务处一级主任科员及以下|综合业务部门一级主任科员及以下|综合处一级主任科员及以下|综合管理处一级主任科员及以下|舟山调查队业务处室四级主任科员及以下（1）|舟山调查队业务处室四级主任科员及以下（2）|预算处一级主任科员及以下
530205,财富管理,专科(高职),,专科,财经商贸大类,金融类,0.0,很弱/无直接岗位,2026国考职位表/中央机关及直属机构口径（第三方镜像）,0.0,0.0,0.0,0.0,0.0,0.0,0.0,0.0,0.0,无直接可报岗位,,0.0,,0.0,0.0,0.0,,0.0,0.0,,0.0,0.0,,0.0,0.0,,236.0,563.0,0.0,563.0,medium,升学后较强潜力,大专学历直接可报岗位不足；专业文本在本科/升本路径中有匹配线索。,头部院校优势主要体现在保研/读研后进入更高层级岗位。,直接考公适配弱，应更多看行业就业或升学转换。,直接考公弱；若专升本到相近本科专业，考公潜力明显上升。,中国人民银行|中国人民银行上海总部|中国人民银行云南省分行|中国人民银行内蒙古自治区分行|中国人民银行北京市分行|中国人民银行吉林省分行|中国人民银行四川省分行|中国人民银行大连市分行,监管部门一级主任科员及以下|综合业务处一级主任科员及以下|综合业务部门一级主任科员及以下|综合处一级主任科员及以下|综合管理处一级主任科员及以下|舟山调查队业务处室四级主任科员及以下（1）|舟山调查队业务处室四级主任科员及以下（2）|预算处一级主任科员及以下
530206,证券实务,专科(高职),,专科,财经商贸大类,金融类,0.0,很弱/无直接岗位,2026国考职位表/中央机关及直属机构口径（第三方镜像）,0.0,0.0,0.0,0.0,0.0,0.0,0.0,0.0,0.0,无直接可报岗位,,0.0,,0.0,0.0,0.0,,0.0,0.0,,0.0,0.0,,0.0,0.0,,236.0,563.0,0.0,563.0,medium,升学后较强潜力,大专学历直接可报岗位不足；专业文本在本科/升本路径中有匹配线索。,头部院校优势主要体现在保研/读研后进入更高层级岗位。,直接考公适配弱，应更多看行业就业或升学转换。,直接考公弱；若专升本到相近本科专业，考公潜力明显上升。,中国人民银行|中国人民银行上海总部|中国人民银行云南省分行|中国人民银行内蒙古自治区分行|中国人民银行北京市分行|中国人民银行吉林省分行|中国人民银行四川省分行|中国人民银行大连市分行,监管部门一级主任科员及以下|综合业务处一级主任科员及以下|综合业务部门一级主任科员及以下|综合处一级主任科员及以下|综合管理处一级主任科员及以下|舟山调查队业务处室四级主任科员及以下（1）|舟山调查队业务处室四级主任科员及以下（2）|预算处一级主任科员及以下
530207,国际金融,专科(高职),,专科,财经商贸大类,金融类,0.0,很弱/无直接岗位,2026国考职位表/中央机关及直属机构口径（第三方镜像）,0.0,0.0,0.0,0.0,0.0,0.0,0.0,0.0,0.0,无直接可报岗位,,0.0,,0.0,0.0,0.0,,0.0,0.0,,0.0,0.0,,0.0,0.0,,318.0,648.0,85.0,563.0,medium,升学后较强潜力,大专学历直接可报岗位不足；专业文本在本科/升本路径中有匹配线索。,头部院校优势主要体现在保研/读研后进入更高层级岗位。,直接考公适配弱，应更多看行业就业或升学转换。,直接考公弱；若专升本到相近本科专业，考公潜力明显上升。,中国人民银行|中国人民银行上海总部|中国人民银行云南省分行|中国人民银行内蒙古自治区分行|中国人民银行北京市分行|中国人民银行厦门市分行|中国人民银行吉林省分行|中国人民银行四川省分行,一级主任科员及以下|处室一级主任科员及以下|汇价市场处一级主任科员及以下|监管部门一级主任科员及以下|综合业务处一级主任科员及以下|综合业务部门一级主任科员及以下|综合处一级主任科员及以下|综合管理处一级主任科员及以下
530208,农村金融,专科(高职),,专科,财经商贸大类,金融类,0.0,很弱/无直接岗位,2026国考职位表/中央机关及直属机构口径（第三方镜像）,0.0,0.0,0.0,0.0,0.0,0.0,0.0,0.0,0.0,无直接可报岗位,,0.0,,0.0,0.0,0.0,,0.0,0.0,,0.0,0.0,,0.0,0.0,,236.0,563.0,0.0,563.0,medium,升学后较强潜力,大专学历直接可报岗位不足；专业文本在本科/升本路径中有匹配线索。,头部院校优势主要体现在保研/读研后进入更高层级岗位。,直接考公适配弱，应更多看行业就业或升学转换。,直接考公弱；若专升本到相近本科专业，考公潜力明显上升。,中国人民银行|中国人民银行上海总部|中国人民银行云南省分行|中国人民银行内蒙古自治区分行|中国人民银行北京市分行|中国人民银行吉林省分行|中国人民银行四川省分行|中国人民银行大连市分行,监管部门一级主任科员及以下|综合业务处一级主任科员及以下|综合业务部门一级主任科员及以下|综合处一级主任科员及以下|综合管理处一级主任科员及以下|舟山调查队业务处室四级主任科员及以下（1）|舟山调查队业务处室四级主任科员及以下（2）|预算处一级主任科员及以下
530301,大数据与财务管理,专科(高职),,专科,财经商贸大类,财务会计类,0.0,很弱/无直接岗位,2026国考职位表/中央机关及直属机构口径（第三方镜像）,0.0,0.0,0.0,0.0,0.0,0.0,0.0,0.0,0.0,无直接可报岗位,,0.0,,0.0,0.0,0.0,,0.0,0.0,,0.0,0.0,,0.0,0.0,,87.0,3892.0,0.0,3892.0,very_high,升学后强潜力,大专学历直接可报岗位不足；专业文本在本科/升本路径中有匹配线索。,头部院校优势主要体现在保研/读研后进入更高层级岗位。,直接考公适配弱，应更多看行业就业或升学转换。,直接考公弱；若专升本到相近本科专业，考公潜力明显上升。,国家税务总局上海市税务局|国家税务总局云南省税务局|国家税务总局内蒙古自治区税务局|国家税务总局北京市税务局|国家税务总局厦门市税务局|国家税务总局吉林省税务局|国家税务总局四川省税务局|国家税务总局大连市税务局,一级主任科员及以下|一级主任科员及以下（一）|一级主任科员及以下（三）|一级主任科员及以下（二）|一级主办及以下|一级主办及以下（一）|一级主办及以下（三）|一级主办及以下（九）
530302,大数据与会计,专科(高职),,专科,财经商贸大类,财务会计类,12.1,很弱/无直接岗位,2026国考职位表/中央机关及直属机构口径（第三方镜像）,1.0,1.0,0.0,0.0,0.0,100.0,0.0,0.0,0.0,以对口岗位为主,海关/边检(1)；公安/移民/基层执法(1),3.0,9.33,0.0,0.0,0.0,,0.0,0.0,,1.0,100.0,9.33,0.0,0.0,,267.0,4507.0,1.0,4506.0,very_high,升学后强潜力,存在专业代码或专业名称精确匹配，并有直接学历兼容岗位。,头部院校优势主要体现在保研/读研后进入更高层级岗位。,岗位窗口较窄，建议只作为就业备选项。,少量大专可报基层岗位存在，但数量很少，需逐岗位核验。,上海出入境边防检查总站|上海海关缉私局|中国人民银行|中国人民银行云南省分行|中国人民银行内蒙古自治区分行|中国人民银行北京市分行|中国人民银行吉林省分行|中国人民银行四川省分行,一处一级警长及以下|一级主任科员及以下|一级主任科员及以下（一）|一级主任科员及以下（三）|一级主任科员及以下（二）|一级主任科员及以下（英语四）|一级主办及以下|一级主办及以下（一）
530303,大数据与审计,专科(高职),,专科,财经商贸大类,财务会计类,0.0,很弱/无直接岗位,2026国考职位表/中央机关及直属机构口径（第三方镜像）,0.0,0.0,0.0,0.0,0.0,0.0,0.0,0.0,0.0,无直接可报岗位,,0.0,,0.0,0.0,0.0,,0.0,0.0,,0.0,0.0,,0.0,0.0,,259.0,4480.0,0.0,4480.0,very_high,升学后强潜力,大专学历直接可报岗位不足；专业文本在本科/升本路径中有匹配线索。,头部院校优势主要体现在保研/读研后进入更高层级岗位。,直接考公适配弱，应更多看行业就业或升学转换。,直接考公弱；若专升本到相近本科专业，考公潜力明显上升。,上海海关缉私局|上海铁路公安局|中国人民银行|中国人民银行云南省分行|中国人民银行内蒙古自治区分行|中国人民银行北京市分行|中国人民银行吉林省分行|中国人民银行四川省分行,一处一级警长及以下|一级主任科员及以下|一级主任科员及以下（一）|一级主任科员及以下（三）|一级主任科员及以下（二）|一级主办及以下|一级主办及以下（一）|一级主办及以下（三）
530304,会计信息管理,专科(高职),,专科,财经商贸大类,财务会计类,0.0,很弱/无直接岗位,2026国考职位表/中央机关及直属机构口径（第三方镜像）,0.0,0.0,0.0,0.0,0.0,0.0,0.0,0.0,0.0,无直接可报岗位,,0.0,,0.0,0.0,0.0,,0.0,0.0,,0.0,0.0,,0.0,0.0,,87.0,3892.0,0.0,3892.0,very_high,升学后强潜力,大专学历直接可报岗位不足；专业文本在本科/升本路径中有匹配线索。,头部院校优势主要体现在保研/读研后进入更高层级岗位。,直接考公适配弱，应更多看行业就业或升学转换。,直接考公弱；若专升本到相近本科专业，考公潜力明显上升。,国家税务总局上海市税务局|国家税务总局云南省税务局|国家税务总局内蒙古自治区税务局|国家税务总局北京市税务局|国家税务总局厦门市税务局|国家税务总局吉林省税务局|国家税务总局四川省税务局|国家税务总局大连市税务局,一级主任科员及以下|一级主任科员及以下（一）|一级主任科员及以下（三）|一级主任科员及以下（二）|一级主办及以下|一级主办及以下（一）|一级主办及以下（三）|一级主办及以下（九）
530305,业财数据应用与管理,专科(高职),,专科,财经商贸大类,财务会计类,0.0,很弱/无直接岗位,2026国考职位表/中央机关及直属机构口径（第三方镜像）,0.0,0.0,0.0,0.0,0.0,0.0,0.0,0.0,0.0,无直接可报岗位,,0.0,,0.0,0.0,0.0,,0.0,0.0,,0.0,0.0,,0.0,0.0,,87.0,3892.0,0.0,3892.0,very_high,升学后强潜力,大专学历直接可报岗位不足；专业文本在本科/升本路径中有匹配线索。,头部院校优势主要体现在保研/读研后进入更高层级岗位。,直接考公适配弱，应更多看行业就业或升学转换。,直接考公弱；若专升本到相近本科专业，考公潜力明显上升。,国家税务总局上海市税务局|国家税务总局云南省税务局|国家税务总局内蒙古自治区税务局|国家税务总局北京市税务局|国家税务总局厦门市税务局|国家税务总局吉林省税务局|国家税务总局四川省税务局|国家税务总局大连市税务局,一级主任科员及以下|一级主任科员及以下（一）|一级主任科员及以下（三）|一级主任科员及以下（二）|一级主办及以下|一级主办及以下（一）|一级主办及以下（三）|一级主办及以下（九）
530306,智能财务系统应用与运维,专科(高职),,专科,财经商贸大类,财务会计类,0.0,很弱/无直接岗位,2026国考职位表/中央机关及直属机构口径（第三方镜像）,0.0,0.0,0.0,0.0,0.0,0.0,0.0,0.0,0.0,无直接可报岗位,,0.0,,0.0,0.0,0.0,,0.0,0.0,,0.0,0.0,,0.0,0.0,,0.0,0.0,0.0,0.0,,暂无明显潜力,2026岗位文本中未形成直接可报匹配。,不建议把考公作为该专业在头部院校的核心卖点。,直接考公适配弱，应更多看行业就业或升学转换。,普通应用/职业院校下直接考公空间很小，优先看事业单位、基层项目或行业就业。,,
530401,统计与大数据分析,专科(高职),,专科,财经商贸大类,统计类,0.0,很弱/无直接岗位,2026国考职位表/中央机关及直属机构口径（第三方镜像）,0.0,0.0,0.0,0.0,0.0,0.0,0.0,0.0,0.0,无直接可报岗位,,0.0,,0.0,0.0,0.0,,0.0,0.0,,0.0,0.0,,0.0,0.0,,80.0,181.0,0.0,181.0,medium,升学后较强潜力,大专学历直接可报岗位不足；专业文本在本科/升本路径中有匹配线索。,头部院校优势主要体现在保研/读研后进入更高层级岗位。,直接考公适配弱，应更多看行业就业或升学转换。,普通应用/职业院校下直接考公空间很小，优先看事业单位、基层项目或行业就业。,中国人民银行云南省分行|中国人民银行内蒙古自治区分行|中国人民银行北京市分行|中国人民银行吉林省分行|中国人民银行四川省分行|中国人民银行大连市分行|中国人民银行天津市分行|中国人民银行宁夏回族自治区分行,上海调查总队业务处室一级主任科员及以下|吕梁调查队业务科室四级主任科员（1）|吕梁调查队业务科室四级主任科员（2）|嘉定调查队业务科室四级主任科员|太原调查队业务科室四级主任科员（1）|太原调查队业务科室四级主任科员（2）|扬州调查队业务处室四级主任科员|浦东调查队业务处室四级主任科员
530402,统计与会计核算,专科(高职),,专科,财经商贸大类,统计类,0.0,很弱/无直接岗位,2026国考职位表/中央机关及直属机构口径（第三方镜像）,0.0,0.0,0.0,0.0,0.0,0.0,0.0,0.0,0.0,无直接可报岗位,,0.0,,0.0,0.0,0.0,,0.0,0.0,,0.0,0.0,,0.0,0.0,,80.0,181.0,0.0,181.0,medium,升学后较强潜力,大专学历直接可报岗位不足；专业文本在本科/升本路径中有匹配线索。,头部院校优势主要体现在保研/读研后进入更高层级岗位。,直接考公适配弱，应更多看行业就业或升学转换。,普通应用/职业院校下直接考公空间很小，优先看事业单位、基层项目或行业就业。,中国人民银行云南省分行|中国人民银行内蒙古自治区分行|中国人民银行北京市分行|中国人民银行吉林省分行|中国人民银行四川省分行|中国人民银行大连市分行|中国人民银行天津市分行|中国人民银行宁夏回族自治区分行,上海调查总队业务处室一级主任科员及以下|吕梁调查队业务科室四级主任科员（1）|吕梁调查队业务科室四级主任科员（2）|嘉定调查队业务科室四级主任科员|太原调查队业务科室四级主任科员（1）|太原调查队业务科室四级主任科员（2）|扬州调查队业务处室四级主任科员|浦东调查队业务处室四级主任科员
530403,市场调查与统计分析,专科(高职),,专科,财经商贸大类,统计类,0.0,很弱/无直接岗位,2026国考职位表/中央机关及直属机构口径（第三方镜像）,0.0,0.0,0.0,0.0,0.0,0.0,0.0,0.0,0.0,无直接可报岗位,,0.0,,0.0,0.0,0.0,,0.0,0.0,,0.0,0.0,,0.0,0.0,,80.0,181.0,0.0,181.0,medium,升学后较强潜力,大专学历直接可报岗位不足；专业文本在本科/升本路径中有匹配线索。,头部院校优势主要体现在保研/读研后进入更高层级岗位。,直接考公适配弱，应更多看行业就业或升学转换。,普通应用/职业院校下直接考公空间很小，优先看事业单位、基层项目或行业就业。,中国人民银行云南省分行|中国人民银行内蒙古自治区分行|中国人民银行北京市分行|中国人民银行吉林省分行|中国人民银行四川省分行|中国人民银行大连市分行|中国人民银行天津市分行|中国人民银行宁夏回族自治区分行,上海调查总队业务处室一级主任科员及以下|吕梁调查队业务科室四级主任科员（1）|吕梁调查队业务科室四级主任科员（2）|嘉定调查队业务科室四级主任科员|太原调查队业务科室四级主任科员（1）|太原调查队业务科室四级主任科员（2）|扬州调查队业务处室四级主任科员|浦东调查队业务处室四级主任科员
530501,国际经济与贸易,专科(高职),,专科,财经商贸大类,经济贸易类,0.0,很弱/无直接岗位,2026国考职位表/中央机关及直属机构口径（第三方镜像）,0.0,0.0,0.0,0.0,0.0,0.0,0.0,0.0,0.0,无直接可报岗位,,0.0,,0.0,0.0,0.0,,0.0,0.0,,0.0,0.0,,0.0,0.0,,6.0,30.0,30.0,0.0,limited,升学后中等潜力,大专学历直接可报岗位不足；专业文本在本科/升本路径中有匹配线索。,不建议把考公作为该专业在头部院校的核心卖点。,直接考公适配弱，应更多看行业就业或升学转换。,普通应用/职业院校下直接考公空间很小，优先看事业单位、基层项目或行业就业。,中国贸促会|北京海关|南宁海关|厦门海关|吉林出入境边防检查总站|呼和浩特海关|天津海关|杭州海关,一级主任科员及以下|人事政工四级主办及以下|内设部门一级主任科员及以下|口岸监管一级行政执法员|海关监管四级主办及以下|海关综合业务一级行政执法员|白山边境管理支队一级警长及以下（十七）|监管四级主办及以下
530502,国际商务,专科(高职),,专科,财经商贸大类,经济贸易类,0.0,很弱/无直接岗位,2026国考职位表/中央机关及直属机构口径（第三方镜像）,0.0,0.0,0.0,0.0,0.0,0.0,0.0,0.0,0.0,无直接可报岗位,,0.0,,0.0,0.0,0.0,,0.0,0.0,,0.0,0.0,,0.0,0.0,,7.0,13.0,13.0,0.0,limited,升学后弱潜力,大专学历直接可报岗位不足；专业文本在本科/升本路径中有匹配线索。,不建议把考公作为该专业在头部院校的核心卖点。,直接考公适配弱，应更多看行业就业或升学转换。,普通应用/职业院校下直接考公空间很小，优先看事业单位、基层项目或行业就业。,中国人民银行|中国贸促会|国家市场监督管理总局|工业和信息化部|深圳海关|黄埔海关,一级主任科员及以下|业务处室一级主任科员及以下|监管四级主办及以下|综合业务四级主办及以下|综合业务处一级主任科员及以下|认证国际合作处一级主任科员及以下|贸易分析四级主管及以下
530503,关务与外贸服务,专科(高职),,专科,财经商贸大类,经济贸易类,0.0,很弱/无直接岗位,2026国考职位表/中央机关及直属机构口径（第三方镜像）,0.0,0.0,0.0,0.0,0.0,0.0,0.0,0.0,0.0,无直接可报岗位,,0.0,,0.0,0.0,0.0,,0.0,0.0,,0.0,0.0,,0.0,0.0,,0.0,0.0,0.0,0.0,none,暂无明显潜力,2026岗位文本中未形成直接可报匹配。,不建议把考公作为该专业在头部院校的核心卖点。,直接考公适配弱，应更多看行业就业或升学转换。,普通应用/职业院校下直接考公空间很小，优先看事业单位、基层项目或行业就业。,,
530504,服务外包,专科(高职),,专科,财经商贸大类,经济贸易类,0.0,很弱/无直接岗位,2026国考职位表/中央机关及直属机构口径（第三方镜像）,0.0,0.0,0.0,0.0,0.0,0.0,0.0,0.0,0.0,无直接可报岗位,,0.0,,0.0,0.0,0.0,,0.0,0.0,,0.0,0.0,,0.0,0.0,,0.0,0.0,0.0,0.0,none,暂无明显潜力,2026岗位文本中未形成直接可报匹配。,不建议把考公作为该专业在头部院校的核心卖点。,直接考公适配弱，应更多看行业就业或升学转换。,普通应用/职业院校下直接考公空间很小，优先看事业单位、基层项目或行业就业。,,
530505,国际文化贸易,专科(高职),,专科,财经商贸大类,经济贸易类,0.0,很弱/无直接岗位,2026国考职位表/中央机关及直属机构口径（第三方镜像）,0.0,0.0,0.0,0.0,0.0,0.0,0.0,0.0,0.0,无直接可报岗位,,0.0,,0.0,0.0,0.0,,0.0,0.0,,0.0,0.0,,0.0,0.0,,0.0,0.0,0.0,0.0,none,暂无明显潜力,2026岗位文本中未形成直接可报匹配。,不建议把考公作为该专业在头部院校的核心卖点。,直接考公适配弱，应更多看行业就业或升学转换。,普通应用/职业院校下直接考公空间很小，优先看事业单位、基层项目或行业就业。,,
530506,国际服务贸易,专科(高职),,专科,财经商贸大类,经济贸易类,0.0,很弱/无直接岗位,2026国考职位表/中央机关及直属机构口径（第三方镜像）,0.0,0.0,0.0,0.0,0.0,0.0,0.0,0.0,0.0,无直接可报岗位,,0.0,,0.0,0.0,0.0,,0.0,0.0,,0.0,0.0,,0.0,0.0,,0.0,0.0,0.0,0.0,none,暂无明显潜力,2026岗位文本中未形成直接可报匹配。,不建议把考公作为该专业在头部院校的核心卖点。,直接考公适配弱，应更多看行业就业或升学转换。,普通应用/职业院校下直接考公空间很小，优先看事业单位、基层项目或行业就业。,,
530601,工商企业管理,专科(高职),,专科,财经商贸大类,工商管理类,0.0,很弱/无直接岗位,2026国考职位表/中央机关及直属机构口径（第三方镜像）,0.0,0.0,0.0,0.0,0.0,0.0,0.0,0.0,0.0,无直接可报岗位,,0.0,,0.0,0.0,0.0,,0.0,0.0,,0.0,0.0,,0.0,0.0,,37.0,2456.0,0.0,2456.0,high,升学后强潜力,大专学历直接可报岗位不足；专业文本在本科/升本路径中有匹配线索。,不建议把考公作为该专业在头部院校的核心卖点。,直接考公适配弱，应更多看行业就业或升学转换。,直接考公弱；若专升本到相近本科专业，考公潜力明显上升。,上海海关缉私局|上海铁路公安局|乌鲁木齐铁路公安局|公安部|兰州铁路公安局|北京出入境边防检查总站|北京铁路公安局|南京海关缉私局,一级主任科员及以下|一级主任科员及以下一|一级主任科员及以下（二）|一级主办及以下|一级主办及以下(一)|一级主办及以下(二)|一级主办及以下（一）|一级主办及以下（七）
530602,连锁经营与管理,专科(高职),,专科,财经商贸大类,工商管理类,0.0,很弱/无直接岗位,2026国考职位表/中央机关及直属机构口径（第三方镜像）,0.0,0.0,0.0,0.0,0.0,0.0,0.0,0.0,0.0,无直接可报岗位,,0.0,,0.0,0.0,0.0,,0.0,0.0,,0.0,0.0,,0.0,0.0,,37.0,2456.0,0.0,2456.0,high,升学后强潜力,大专学历直接可报岗位不足；专业文本在本科/升本路径中有匹配线索。,不建议把考公作为该专业在头部院校的核心卖点。,直接考公适配弱，应更多看行业就业或升学转换。,直接考公弱；若专升本到相近本科专业，考公潜力明显上升。,上海海关缉私局|上海铁路公安局|乌鲁木齐铁路公安局|公安部|兰州铁路公安局|北京出入境边防检查总站|北京铁路公安局|南京海关缉私局,一级主任科员及以下|一级主任科员及以下一|一级主任科员及以下（二）|一级主办及以下|一级主办及以下(一)|一级主办及以下(二)|一级主办及以下（一）|一级主办及以下（七）
530603,商务管理,专科(高职),,专科,财经商贸大类,工商管理类,0.0,很弱/无直接岗位,2026国考职位表/中央机关及直属机构口径（第三方镜像）,0.0,0.0,0.0,0.0,0.0,0.0,0.0,0.0,0.0,无直接可报岗位,,0.0,,0.0,0.0,0.0,,0.0,0.0,,0.0,0.0,,0.0,0.0,,37.0,2456.0,0.0,2456.0,high,升学后强潜力,大专学历直接可报岗位不足；专业文本在本科/升本路径中有匹配线索。,不建议把考公作为该专业在头部院校的核心卖点。,直接考公适配弱，应更多看行业就业或升学转换。,直接考公弱；若专升本到相近本科专业，考公潜力明显上升。,上海海关缉私局|上海铁路公安局|乌鲁木齐铁路公安局|公安部|兰州铁路公安局|北京出入境边防检查总站|北京铁路公安局|南京海关缉私局,一级主任科员及以下|一级主任科员及以下一|一级主任科员及以下（二）|一级主办及以下|一级主办及以下(一)|一级主办及以下(二)|一级主办及以下（一）|一级主办及以下（七）
530604,中小企业创业与经营,专科(高职),,专科,财经商贸大类,工商管理类,0.0,很弱/无直接岗位,2026国考职位表/中央机关及直属机构口径（第三方镜像）,0.0,0.0,0.0,0.0,0.0,0.0,0.0,0.0,0.0,无直接可报岗位,,0.0,,0.0,0.0,0.0,,0.0,0.0,,0.0,0.0,,0.0,0.0,,37.0,2456.0,0.0,2456.0,high,升学后强潜力,大专学历直接可报岗位不足；专业文本在本科/升本路径中有匹配线索。,不建议把考公作为该专业在头部院校的核心卖点。,直接考公适配弱，应更多看行业就业或升学转换。,直接考公弱；若专升本到相近本科专业，考公潜力明显上升。,上海海关缉私局|上海铁路公安局|乌鲁木齐铁路公安局|公安部|兰州铁路公安局|北京出入境边防检查总站|北京铁路公安局|南京海关缉私局,一级主任科员及以下|一级主任科员及以下一|一级主任科员及以下（二）|一级主办及以下|一级主办及以下(一)|一级主办及以下(二)|一级主办及以下（一）|一级主办及以下（七）
530605,市场营销,专科(高职),,专科,财经商贸大类,工商管理类,0.0,很弱/无直接岗位,2026国考职位表/中央机关及直属机构口径（第三方镜像）,0.0,0.0,0.0,0.0,0.0,0.0,0.0,0.0,0.0,无直接可报岗位,,0.0,,0.0,0.0,0.0,,0.0,0.0,,0.0,0.0,,0.0,0.0,,37.0,2456.0,0.0,2456.0,high,升学后强潜力,大专学历直接可报岗位不足；专业文本在本科/升本路径中有匹配线索。,不建议把考公作为该专业在头部院校的核心卖点。,直接考公适配弱，应更多看行业就业或升学转换。,直接考公弱；若专升本到相近本科专业，考公潜力明显上升。,上海海关缉私局|上海铁路公安局|乌鲁木齐铁路公安局|公安部|兰州铁路公安局|北京出入境边防检查总站|北京铁路公安局|南京海关缉私局,一级主任科员及以下|一级主任科员及以下一|一级主任科员及以下（二）|一级主办及以下|一级主办及以下(一)|一级主办及以下(二)|一级主办及以下（一）|一级主办及以下（七）
530606,数智营销,专科(高职),,专科,财经商贸大类,工商管理类,0.0,很弱/无直接岗位,2026国考职位表/中央机关及直属机构口径（第三方镜像）,0.0,0.0,0.0,0.0,0.0,0.0,0.0,0.0,0.0,无直接可报岗位,,0.0,,0.0,0.0,0.0,,0.0,0.0,,0.0,0.0,,0.0,0.0,,0.0,0.0,0.0,0.0,,暂无明显潜力,2026岗位文本中未形成直接可报匹配。,不建议把考公作为该专业在头部院校的核心卖点。,直接考公适配弱，应更多看行业就业或升学转换。,普通应用/职业院校下直接考公空间很小，优先看事业单位、基层项目或行业就业。,,
530701,电子商务,专科(高职),,专科,财经商贸大类,电子商务类,0.0,很弱/无直接岗位,2026国考职位表/中央机关及直属机构口径（第三方镜像）,0.0,0.0,0.0,0.0,0.0,0.0,0.0,0.0,0.0,无直接可报岗位,,0.0,,0.0,0.0,0.0,,0.0,0.0,,0.0,0.0,,0.0,0.0,,4.0,1321.0,10.0,1311.0,high,升学后强潜力,大专学历直接可报岗位不足；专业文本在本科/升本路径中有匹配线索。,不建议把考公作为该专业在头部院校的核心卖点。,直接考公适配弱，应更多看行业就业或升学转换。,直接考公弱；若专升本到相近本科专业，考公潜力明显上升。,中国贸促会|乌鲁木齐海关|北京出入境边防检查总站|呼和浩特海关|国家发展和改革委员会|国家税务总局上海市税务局|国家税务总局云南省税务局|国家税务总局内蒙古自治区税务局,一级主任科员及以下|一级主办及以下|一级主办及以下（一）|一级主办及以下（三）|一级主办及以下（二十一）|一级主办及以下（二十四）|一级主办及以下（二）|一级主办及以下（五）
530702,跨境电子商务,专科(高职),,专科,财经商贸大类,电子商务类,0.0,很弱/无直接岗位,2026国考职位表/中央机关及直属机构口径（第三方镜像）,0.0,0.0,0.0,0.0,0.0,0.0,0.0,0.0,0.0,无直接可报岗位,,0.0,,0.0,0.0,0.0,,0.0,0.0,,0.0,0.0,,0.0,0.0,,4.0,1317.0,6.0,1311.0,high,升学后强潜力,大专学历直接可报岗位不足；专业文本在本科/升本路径中有匹配线索。,不建议把考公作为该专业在头部院校的核心卖点。,直接考公适配弱，应更多看行业就业或升学转换。,直接考公弱；若专升本到相近本科专业，考公潜力明显上升。,中国贸促会|北京出入境边防检查总站|呼和浩特海关|国家发展和改革委员会|国家税务总局上海市税务局|国家税务总局云南省税务局|国家税务总局内蒙古自治区税务局|国家税务总局北京市税务局,一级主任科员及以下|一级主办及以下|一级主办及以下（一）|一级主办及以下（三）|一级主办及以下（二十一）|一级主办及以下（二十四）|一级主办及以下（二）|一级主办及以下（五）
530703,移动商务,专科(高职),,专科,财经商贸大类,电子商务类,0.0,很弱/无直接岗位,2026国考职位表/中央机关及直属机构口径（第三方镜像）,0.0,0.0,0.0,0.0,0.0,0.0,0.0,0.0,0.0,无直接可报岗位,,0.0,,0.0,0.0,0.0,,0.0,0.0,,0.0,0.0,,0.0,0.0,,3.0,1311.0,0.0,1311.0,high,升学后强潜力,大专学历直接可报岗位不足；专业文本在本科/升本路径中有匹配线索。,不建议把考公作为该专业在头部院校的核心卖点。,直接考公适配弱，应更多看行业就业或升学转换。,直接考公弱；若专升本到相近本科专业，考公潜力明显上升。,北京出入境边防检查总站|国家发展和改革委员会|国家税务总局上海市税务局|国家税务总局云南省税务局|国家税务总局内蒙古自治区税务局|国家税务总局北京市税务局|国家税务总局吉林省税务局|国家税务总局四川省税务局,一级主办及以下|一级主办及以下（一）|一级主办及以下（三）|一级主办及以下（二十一）|一级主办及以下（二十四）|一级主办及以下（二）|一级主办及以下（五）|一级主办及以下（八）
530704,网络营销与直播电商,专科(高职),,专科,财经商贸大类,电子商务类,0.0,很弱/无直接岗位,2026国考职位表/中央机关及直属机构口径（第三方镜像）,0.0,0.0,0.0,0.0,0.0,0.0,0.0,0.0,0.0,无直接可报岗位,,0.0,,0.0,0.0,0.0,,0.0,0.0,,0.0,0.0,,0.0,0.0,,3.0,1311.0,0.0,1311.0,high,升学后强潜力,大专学历直接可报岗位不足；专业文本在本科/升本路径中有匹配线索。,不建议把考公作为该专业在头部院校的核心卖点。,直接考公适配弱，应更多看行业就业或升学转换。,直接考公弱；若专升本到相近本科专业，考公潜力明显上升。,北京出入境边防检查总站|国家发展和改革委员会|国家税务总局上海市税务局|国家税务总局云南省税务局|国家税务总局内蒙古自治区税务局|国家税务总局北京市税务局|国家税务总局吉林省税务局|国家税务总局四川省税务局,一级主办及以下|一级主办及以下（一）|一级主办及以下（三）|一级主办及以下（二十一）|一级主办及以下（二十四）|一级主办及以下（二）|一级主办及以下（五）|一级主办及以下（八）
530705,农村电子商务,专科(高职),,专科,财经商贸大类,电子商务类,0.0,很弱/无直接岗位,2026国考职位表/中央机关及直属机构口径（第三方镜像）,0.0,0.0,0.0,0.0,0.0,0.0,0.0,0.0,0.0,无直接可报岗位,,0.0,,0.0,0.0,0.0,,0.0,0.0,,0.0,0.0,,0.0,0.0,,3.0,1311.0,0.0,1311.0,high,升学后强潜力,大专学历直接可报岗位不足；专业文本在本科/升本路径中有匹配线索。,不建议把考公作为该专业在头部院校的核心卖点。,直接考公适配弱，应更多看行业就业或升学转换。,直接考公弱；若专升本到相近本科专业，考公潜力明显上升。,北京出入境边防检查总站|国家发展和改革委员会|国家税务总局上海市税务局|国家税务总局云南省税务局|国家税务总局内蒙古自治区税务局|国家税务总局北京市税务局|国家税务总局吉林省税务局|国家税务总局四川省税务局,一级主办及以下|一级主办及以下（一）|一级主办及以下（三）|一级主办及以下（二十一）|一级主办及以下（二十四）|一级主办及以下（二）|一级主办及以下（五）|一级主办及以下（八）
530706,商务数据分析与应用,专科(高职),,专科,财经商贸大类,电子商务类,0.0,很弱/无直接岗位,2026国考职位表/中央机关及直属机构口径（第三方镜像）,0.0,0.0,0.0,0.0,0.0,0.0,0.0,0.0,0.0,无直接可报岗位,,0.0,,0.0,0.0,0.0,,0.0,0.0,,0.0,0.0,,0.0,0.0,,3.0,1311.0,0.0,1311.0,high,升学后强潜力,大专学历直接可报岗位不足；专业文本在本科/升本路径中有匹配线索。,不建议把考公作为该专业在头部院校的核心卖点。,直接考公适配弱，应更多看行业就业或升学转换。,直接考公弱；若专升本到相近本科专业，考公潜力明显上升。,北京出入境边防检查总站|国家发展和改革委员会|国家税务总局上海市税务局|国家税务总局云南省税务局|国家税务总局内蒙古自治区税务局|国家税务总局北京市税务局|国家税务总局吉林省税务局|国家税务总局四川省税务局,一级主办及以下|一级主办及以下（一）|一级主办及以下（三）|一级主办及以下（二十一）|一级主办及以下（二十四）|一级主办及以下（二）|一级主办及以下（五）|一级主办及以下（八）
530801,物流工程技术,专科(高职),,专科,财经商贸大类,物流类,0.0,很弱/无直接岗位,2026国考职位表/中央机关及直属机构口径（第三方镜像）,0.0,0.0,0.0,0.0,0.0,0.0,0.0,0.0,0.0,无直接可报岗位,,0.0,,0.0,0.0,0.0,,0.0,0.0,,0.0,0.0,,0.0,0.0,,0.0,0.0,0.0,0.0,none,暂无明显潜力,2026岗位文本中未形成直接可报匹配。,不建议把考公作为该专业在头部院校的核心卖点。,直接考公适配弱，应更多看行业就业或升学转换。,普通应用/职业院校下直接考公空间很小，优先看事业单位、基层项目或行业就业。,,
530802,现代物流管理,专科(高职),,专科,财经商贸大类,物流类,0.0,很弱/无直接岗位,2026国考职位表/中央机关及直属机构口径（第三方镜像）,0.0,0.0,0.0,0.0,0.0,0.0,0.0,0.0,0.0,无直接可报岗位,,0.0,,0.0,0.0,0.0,,0.0,0.0,,0.0,0.0,,0.0,0.0,,0.0,0.0,0.0,0.0,none,暂无明显潜力,2026岗位文本中未形成直接可报匹配。,不建议把考公作为该专业在头部院校的核心卖点。,直接考公适配弱，应更多看行业就业或升学转换。,普通应用/职业院校下直接考公空间很小，优先看事业单位、基层项目或行业就业。,,
530803,航空物流管理,专科(高职),,专科,财经商贸大类,物流类,0.0,很弱/无直接岗位,2026国考职位表/中央机关及直属机构口径（第三方镜像）,0.0,0.0,0.0,0.0,0.0,0.0,0.0,0.0,0.0,无直接可报岗位,,0.0,,0.0,0.0,0.0,,0.0,0.0,,0.0,0.0,,0.0,0.0,,0.0,0.0,0.0,0.0,none,暂无明显潜力,2026岗位文本中未形成直接可报匹配。,不建议把考公作为该专业在头部院校的核心卖点。,直接考公适配弱，应更多看行业就业或升学转换。,普通应用/职业院校下直接考公空间很小，优先看事业单位、基层项目或行业就业。,,
530804,铁路物流管理,专科(高职),,专科,财经商贸大类,物流类,0.0,很弱/无直接岗位,2026国考职位表/中央机关及直属机构口径（第三方镜像）,0.0,0.0,0.0,0.0,0.0,0.0,0.0,0.0,0.0,无直接可报岗位,,0.0,,0.0,0.0,0.0,,0.0,0.0,,0.0,0.0,,0.0,0.0,,0.0,0.0,0.0,0.0,none,暂无明显潜力,2026岗位文本中未形成直接可报匹配。,不建议把考公作为该专业在头部院校的核心卖点。,直接考公适配弱，应更多看行业就业或升学转换。,普通应用/职业院校下直接考公空间很小，优先看事业单位、基层项目或行业就业。,,
530805,冷链物流技术与管理,专科(高职),,专科,财经商贸大类,物流类,0.0,很弱/无直接岗位,2026国考职位表/中央机关及直属机构口径（第三方镜像）,0.0,0.0,0.0,0.0,0.0,0.0,0.0,0.0,0.0,无直接可报岗位,,0.0,,0.0,0.0,0.0,,0.0,0.0,,0.0,0.0,,0.0,0.0,,0.0,0.0,0.0,0.0,none,暂无明显潜力,2026岗位文本中未形成直接可报匹配。,不建议把考公作为该专业在头部院校的核心卖点。,直接考公适配弱，应更多看行业就业或升学转换。,普通应用/职业院校下直接考公空间很小，优先看事业单位、基层项目或行业就业。,,
530806,港口物流管理,专科(高职),,专科,财经商贸大类,物流类,0.0,很弱/无直接岗位,2026国考职位表/中央机关及直属机构口径（第三方镜像）,0.0,0.0,0.0,0.0,0.0,0.0,0.0,0.0,0.0,无直接可报岗位,,0.0,,0.0,0.0,0.0,,0.0,0.0,,0.0,0.0,,0.0,0.0,,0.0,0.0,0.0,0.0,none,暂无明显潜力,2026岗位文本中未形成直接可报匹配。,不建议把考公作为该专业在头部院校的核心卖点。,直接考公适配弱，应更多看行业就业或升学转换。,普通应用/职业院校下直接考公空间很小，优先看事业单位、基层项目或行业就业。,,
530807,工程物流管理,专科(高职),,专科,财经商贸大类,物流类,0.0,很弱/无直接岗位,2026国考职位表/中央机关及直属机构口径（第三方镜像）,0.0,0.0,0.0,0.0,0.0,0.0,0.0,0.0,0.0,无直接可报岗位,,0.0,,0.0,0.0,0.0,,0.0,0.0,,0.0,0.0,,0.0,0.0,,0.0,0.0,0.0,0.0,none,暂无明显潜力,2026岗位文本中未形成直接可报匹配。,不建议把考公作为该专业在头部院校的核心卖点。,直接考公适配弱，应更多看行业就业或升学转换。,普通应用/职业院校下直接考公空间很小，优先看事业单位、基层项目或行业就业。,,
530808,采购与供应管理,专科(高职),,专科,财经商贸大类,物流类,0.0,很弱/无直接岗位,2026国考职位表/中央机关及直属机构口径（第三方镜像）,0.0,0.0,0.0,0.0,0.0,0.0,0.0,0.0,0.0,无直接可报岗位,,0.0,,0.0,0.0,0.0,,0.0,0.0,,0.0,0.0,,0.0,0.0,,0.0,0.0,0.0,0.0,none,暂无明显潜力,2026岗位文本中未形成直接可报匹配。,不建议把考公作为该专业在头部院校的核心卖点。,直接考公适配弱，应更多看行业就业或升学转换。,普通应用/职业院校下直接考公空间很小，优先看事业单位、基层项目或行业就业。,,
530809,智能物流技术,专科(高职),,专科,财经商贸大类,物流类,0.0,很弱/无直接岗位,2026国考职位表/中央机关及直属机构口径（第三方镜像）,0.0,0.0,0.0,0.0,0.0,0.0,0.0,0.0,0.0,无直接可报岗位,,0.0,,0.0,0.0,0.0,,0.0,0.0,,0.0,0.0,,0.0,0.0,,0.0,0.0,0.0,0.0,none,暂无明显潜力,2026岗位文本中未形成直接可报匹配。,不建议把考公作为该专业在头部院校的核心卖点。,直接考公适配弱，应更多看行业就业或升学转换。,普通应用/职业院校下直接考公空间很小，优先看事业单位、基层项目或行业就业。,,
530810,供应链运营,专科(高职),,专科,财经商贸大类,物流类,0.0,很弱/无直接岗位,2026国考职位表/中央机关及直属机构口径（第三方镜像）,0.0,0.0,0.0,0.0,0.0,0.0,0.0,0.0,0.0,无直接可报岗位,,0.0,,0.0,0.0,0.0,,0.0,0.0,,0.0,0.0,,0.0,0.0,,0.0,0.0,0.0,0.0,none,暂无明显潜力,2026岗位文本中未形成直接可报匹配。,不建议把考公作为该专业在头部院校的核心卖点。,直接考公适配弱，应更多看行业就业或升学转换。,普通应用/职业院校下直接考公空间很小，优先看事业单位、基层项目或行业就业。,,
530811,低空物流技术与运营,专科(高职),,专科,财经商贸大类,物流类,0.0,很弱/无直接岗位,2026国考职位表/中央机关及直属机构口径（第三方镜像）,0.0,0.0,0.0,0.0,0.0,0.0,0.0,0.0,0.0,无直接可报岗位,,0.0,,0.0,0.0,0.0,,0.0,0.0,,0.0,0.0,,0.0,0.0,,0.0,0.0,0.0,0.0,,暂无明显潜力,2026岗位文本中未形成直接可报匹配。,不建议把考公作为该专业在头部院校的核心卖点。,直接考公适配弱，应更多看行业就业或升学转换。,普通应用/职业院校下直接考公空间很小，优先看事业单位、基层项目或行业就业。,,
540101,旅游管理,专科(高职),,专科,旅游大类,旅游类,0.0,很弱/无直接岗位,2026国考职位表/中央机关及直属机构口径（第三方镜像）,0.0,0.0,0.0,0.0,0.0,0.0,0.0,0.0,0.0,无直接可报岗位,,0.0,,0.0,0.0,0.0,,0.0,0.0,,0.0,0.0,,0.0,0.0,,0.0,2.0,2.0,0.0,limited,升学后弱潜力,大专学历直接可报岗位不足；专业文本在本科/升本路径中有匹配线索。,不建议把考公作为该专业在头部院校的核心卖点。,直接考公适配弱，应更多看行业就业或升学转换。,普通应用/职业院校下直接考公空间很小，优先看事业单位、基层项目或行业就业。,吉林出入境边防检查总站|新疆出入境边防检查总站,长白山边境管理支队一级警长及以下（八）|阿拉山口出入境边防检查站一级警长及以下（三）
540102,导游,专科(高职),,专科,旅游大类,旅游类,0.0,很弱/无直接岗位,2026国考职位表/中央机关及直属机构口径（第三方镜像）,0.0,0.0,0.0,0.0,0.0,0.0,0.0,0.0,0.0,无直接可报岗位,,0.0,,0.0,0.0,0.0,,0.0,0.0,,0.0,0.0,,0.0,0.0,,0.0,0.0,0.0,0.0,none,暂无明显潜力,2026岗位文本中未形成直接可报匹配。,不建议把考公作为该专业在头部院校的核心卖点。,直接考公适配弱，应更多看行业就业或升学转换。,普通应用/职业院校下直接考公空间很小，优先看事业单位、基层项目或行业就业。,,
540103,旅行社经营与管理,专科(高职),,专科,旅游大类,旅游类,0.0,很弱/无直接岗位,2026国考职位表/中央机关及直属机构口径（第三方镜像）,0.0,0.0,0.0,0.0,0.0,0.0,0.0,0.0,0.0,无直接可报岗位,,0.0,,0.0,0.0,0.0,,0.0,0.0,,0.0,0.0,,0.0,0.0,,0.0,0.0,0.0,0.0,none,暂无明显潜力,2026岗位文本中未形成直接可报匹配。,不建议把考公作为该专业在头部院校的核心卖点。,直接考公适配弱，应更多看行业就业或升学转换。,普通应用/职业院校下直接考公空间很小，优先看事业单位、基层项目或行业就业。,,
540104,定制旅行管理与服务,专科(高职),,专科,旅游大类,旅游类,0.0,很弱/无直接岗位,2026国考职位表/中央机关及直属机构口径（第三方镜像）,0.0,0.0,0.0,0.0,0.0,0.0,0.0,0.0,0.0,无直接可报岗位,,0.0,,0.0,0.0,0.0,,0.0,0.0,,0.0,0.0,,0.0,0.0,,0.0,0.0,0.0,0.0,none,暂无明显潜力,2026岗位文本中未形成直接可报匹配。,不建议把考公作为该专业在头部院校的核心卖点。,直接考公适配弱，应更多看行业就业或升学转换。,普通应用/职业院校下直接考公空间很小，优先看事业单位、基层项目或行业就业。,,
540105,研学旅行管理与服务,专科(高职),,专科,旅游大类,旅游类,0.0,很弱/无直接岗位,2026国考职位表/中央机关及直属机构口径（第三方镜像）,0.0,0.0,0.0,0.0,0.0,0.0,0.0,0.0,0.0,无直接可报岗位,,0.0,,0.0,0.0,0.0,,0.0,0.0,,0.0,0.0,,0.0,0.0,,0.0,0.0,0.0,0.0,none,暂无明显潜力,2026岗位文本中未形成直接可报匹配。,不建议把考公作为该专业在头部院校的核心卖点。,直接考公适配弱，应更多看行业就业或升学转换。,普通应用/职业院校下直接考公空间很小，优先看事业单位、基层项目或行业就业。,,
540106,酒店管理与数字化运营,专科(高职),,专科,旅游大类,旅游类,0.0,很弱/无直接岗位,2026国考职位表/中央机关及直属机构口径（第三方镜像）,0.0,0.0,0.0,0.0,0.0,0.0,0.0,0.0,0.0,无直接可报岗位,,0.0,,0.0,0.0,0.0,,0.0,0.0,,0.0,0.0,,0.0,0.0,,0.0,0.0,0.0,0.0,none,暂无明显潜力,2026岗位文本中未形成直接可报匹配。,不建议把考公作为该专业在头部院校的核心卖点。,直接考公适配弱，应更多看行业就业或升学转换。,普通应用/职业院校下直接考公空间很小，优先看事业单位、基层项目或行业就业。,,
540107,民宿管理与运营,专科(高职),,专科,旅游大类,旅游类,0.0,很弱/无直接岗位,2026国考职位表/中央机关及直属机构口径（第三方镜像）,0.0,0.0,0.0,0.0,0.0,0.0,0.0,0.0,0.0,无直接可报岗位,,0.0,,0.0,0.0,0.0,,0.0,0.0,,0.0,0.0,,0.0,0.0,,0.0,0.0,0.0,0.0,none,暂无明显潜力,2026岗位文本中未形成直接可报匹配。,不建议把考公作为该专业在头部院校的核心卖点。,直接考公适配弱，应更多看行业就业或升学转换。,普通应用/职业院校下直接考公空间很小，优先看事业单位、基层项目或行业就业。,,
540108,葡萄酒文化与营销,专科(高职),,专科,旅游大类,旅游类,0.0,很弱/无直接岗位,2026国考职位表/中央机关及直属机构口径（第三方镜像）,0.0,0.0,0.0,0.0,0.0,0.0,0.0,0.0,0.0,无直接可报岗位,,0.0,,0.0,0.0,0.0,,0.0,0.0,,0.0,0.0,,0.0,0.0,,0.0,0.0,0.0,0.0,none,暂无明显潜力,2026岗位文本中未形成直接可报匹配。,不建议把考公作为该专业在头部院校的核心卖点。,直接考公适配弱，应更多看行业就业或升学转换。,普通应用/职业院校下直接考公空间很小，优先看事业单位、基层项目或行业就业。,,
540109,茶艺与茶文化,专科(高职),,专科,旅游大类,旅游类,0.0,很弱/无直接岗位,2026国考职位表/中央机关及直属机构口径（第三方镜像）,0.0,0.0,0.0,0.0,0.0,0.0,0.0,0.0,0.0,无直接可报岗位,,0.0,,0.0,0.0,0.0,,0.0,0.0,,0.0,0.0,,0.0,0.0,,0.0,0.0,0.0,0.0,none,暂无明显潜力,2026岗位文本中未形成直接可报匹配。,不建议把考公作为该专业在头部院校的核心卖点。,直接考公适配弱，应更多看行业就业或升学转换。,普通应用/职业院校下直接考公空间很小，优先看事业单位、基层项目或行业就业。,,
540110,智慧景区开发与管理,专科(高职),,专科,旅游大类,旅游类,0.0,很弱/无直接岗位,2026国考职位表/中央机关及直属机构口径（第三方镜像）,0.0,0.0,0.0,0.0,0.0,0.0,0.0,0.0,0.0,无直接可报岗位,,0.0,,0.0,0.0,0.0,,0.0,0.0,,0.0,0.0,,0.0,0.0,,0.0,0.0,0.0,0.0,none,暂无明显潜力,2026岗位文本中未形成直接可报匹配。,不建议把考公作为该专业在头部院校的核心卖点。,直接考公适配弱，应更多看行业就业或升学转换。,普通应用/职业院校下直接考公空间很小，优先看事业单位、基层项目或行业就业。,,
540111,智慧旅游技术应用,专科(高职),,专科,旅游大类,旅游类,0.0,很弱/无直接岗位,2026国考职位表/中央机关及直属机构口径（第三方镜像）,0.0,0.0,0.0,0.0,0.0,0.0,0.0,0.0,0.0,无直接可报岗位,,0.0,,0.0,0.0,0.0,,0.0,0.0,,0.0,0.0,,0.0,0.0,,0.0,0.0,0.0,0.0,none,暂无明显潜力,2026岗位文本中未形成直接可报匹配。,不建议把考公作为该专业在头部院校的核心卖点。,直接考公适配弱，应更多看行业就业或升学转换。,普通应用/职业院校下直接考公空间很小，优先看事业单位、基层项目或行业就业。,,
540112,会展策划与管理,专科(高职),,专科,旅游大类,旅游类,0.0,很弱/无直接岗位,2026国考职位表/中央机关及直属机构口径（第三方镜像）,0.0,0.0,0.0,0.0,0.0,0.0,0.0,0.0,0.0,无直接可报岗位,,0.0,,0.0,0.0,0.0,,0.0,0.0,,0.0,0.0,,0.0,0.0,,0.0,0.0,0.0,0.0,none,暂无明显潜力,2026岗位文本中未形成直接可报匹配。,不建议把考公作为该专业在头部院校的核心卖点。,直接考公适配弱，应更多看行业就业或升学转换。,普通应用/职业院校下直接考公空间很小，优先看事业单位、基层项目或行业就业。,,
540113,休闲服务与管理,专科(高职),,专科,旅游大类,旅游类,0.0,很弱/无直接岗位,2026国考职位表/中央机关及直属机构口径（第三方镜像）,0.0,0.0,0.0,0.0,0.0,0.0,0.0,0.0,0.0,无直接可报岗位,,0.0,,0.0,0.0,0.0,,0.0,0.0,,0.0,0.0,,0.0,0.0,,0.0,0.0,0.0,0.0,none,暂无明显潜力,2026岗位文本中未形成直接可报匹配。,不建议把考公作为该专业在头部院校的核心卖点。,直接考公适配弱，应更多看行业就业或升学转换。,普通应用/职业院校下直接考公空间很小，优先看事业单位、基层项目或行业就业。,,
540201,餐饮智能管理,专科(高职),,专科,旅游大类,餐饮类,0.0,很弱/无直接岗位,2026国考职位表/中央机关及直属机构口径（第三方镜像）,0.0,0.0,0.0,0.0,0.0,0.0,0.0,0.0,0.0,无直接可报岗位,,0.0,,0.0,0.0,0.0,,0.0,0.0,,0.0,0.0,,0.0,0.0,,0.0,0.0,0.0,0.0,none,暂无明显潜力,2026岗位文本中未形成直接可报匹配。,不建议把考公作为该专业在头部院校的核心卖点。,直接考公适配弱，应更多看行业就业或升学转换。,普通应用/职业院校下直接考公空间很小，优先看事业单位、基层项目或行业就业。,,
540202,烹饪工艺与营养,专科(高职),,专科,旅游大类,餐饮类,0.0,很弱/无直接岗位,2026国考职位表/中央机关及直属机构口径（第三方镜像）,0.0,0.0,0.0,0.0,0.0,0.0,0.0,0.0,0.0,无直接可报岗位,,0.0,,0.0,0.0,0.0,,0.0,0.0,,0.0,0.0,,0.0,0.0,,0.0,0.0,0.0,0.0,none,暂无明显潜力,2026岗位文本中未形成直接可报匹配。,不建议把考公作为该专业在头部院校的核心卖点。,直接考公适配弱，应更多看行业就业或升学转换。,普通应用/职业院校下直接考公空间很小，优先看事业单位、基层项目或行业就业。,,
540203,中西面点工艺,专科(高职),,专科,旅游大类,餐饮类,0.0,很弱/无直接岗位,2026国考职位表/中央机关及直属机构口径（第三方镜像）,0.0,0.0,0.0,0.0,0.0,0.0,0.0,0.0,0.0,无直接可报岗位,,0.0,,0.0,0.0,0.0,,0.0,0.0,,0.0,0.0,,0.0,0.0,,0.0,0.0,0.0,0.0,none,暂无明显潜力,2026岗位文本中未形成直接可报匹配。,不建议把考公作为该专业在头部院校的核心卖点。,直接考公适配弱，应更多看行业就业或升学转换。,普通应用/职业院校下直接考公空间很小，优先看事业单位、基层项目或行业就业。,,
540204,西式烹饪工艺,专科(高职),,专科,旅游大类,餐饮类,0.0,很弱/无直接岗位,2026国考职位表/中央机关及直属机构口径（第三方镜像）,0.0,0.0,0.0,0.0,0.0,0.0,0.0,0.0,0.0,无直接可报岗位,,0.0,,0.0,0.0,0.0,,0.0,0.0,,0.0,0.0,,0.0,0.0,,0.0,0.0,0.0,0.0,none,暂无明显潜力,2026岗位文本中未形成直接可报匹配。,不建议把考公作为该专业在头部院校的核心卖点。,直接考公适配弱，应更多看行业就业或升学转换。,普通应用/职业院校下直接考公空间很小，优先看事业单位、基层项目或行业就业。,,
540205,营养配餐,专科(高职),,专科,旅游大类,餐饮类,0.0,很弱/无直接岗位,2026国考职位表/中央机关及直属机构口径（第三方镜像）,0.0,0.0,0.0,0.0,0.0,0.0,0.0,0.0,0.0,无直接可报岗位,,0.0,,0.0,0.0,0.0,,0.0,0.0,,0.0,0.0,,0.0,0.0,,0.0,0.0,0.0,0.0,none,暂无明显潜力,2026岗位文本中未形成直接可报匹配。,不建议把考公作为该专业在头部院校的核心卖点。,直接考公适配弱，应更多看行业就业或升学转换。,普通应用/职业院校下直接考公空间很小，优先看事业单位、基层项目或行业就业。,,
360101,网络与新媒体,本科(职业),,本科,新闻传播大类,新闻出版类,0.0,很弱/无直接岗位,2026国考职位表/中央机关及直属机构口径（第三方镜像）,0.0,0.0,0.0,0.0,0.0,0.0,0.0,0.0,0.0,无直接可报岗位,,0.0,,0.0,0.0,0.0,,0.0,0.0,,0.0,0.0,,0.0,0.0,,0.0,0.0,0.0,0.0,,暂无明显潜力,2026岗位文本中未形成直接可报匹配。,不建议把考公作为该专业在头部院校的核心卖点。,直接考公适配弱，应更多看行业就业或升学转换。,不适合作为普通应用院校的考公主卖点。,,
360201,播音与主持,本科(职业),,本科,新闻传播大类,广播影视类,0.0,很弱/无直接岗位,2026国考职位表/中央机关及直属机构口径（第三方镜像）,0.0,0.0,0.0,0.0,0.0,0.0,0.0,0.0,0.0,无直接可报岗位,,0.0,,0.0,0.0,0.0,,0.0,0.0,,0.0,0.0,,0.0,0.0,,0.0,0.0,0.0,0.0,,暂无明显潜力,2026岗位文本中未形成直接可报匹配。,不建议把考公作为该专业在头部院校的核心卖点。,直接考公适配弱，应更多看行业就业或升学转换。,不适合作为普通应用院校的考公主卖点。,,
360202,影视摄影与制作,本科(职业),,本科,新闻传播大类,广播影视类,0.0,很弱/无直接岗位,2026国考职位表/中央机关及直属机构口径（第三方镜像）,0.0,0.0,0.0,0.0,0.0,0.0,0.0,0.0,0.0,无直接可报岗位,,0.0,,0.0,0.0,0.0,,0.0,0.0,,0.0,0.0,,0.0,0.0,,0.0,0.0,0.0,0.0,,暂无明显潜力,2026岗位文本中未形成直接可报匹配。,不建议把考公作为该专业在头部院校的核心卖点。,直接考公适配弱，应更多看行业就业或升学转换。,不适合作为普通应用院校的考公主卖点。,,
360203,数字广播电视技术,本科(职业),,本科,新闻传播大类,广播影视类,0.0,很弱/无直接岗位,2026国考职位表/中央机关及直属机构口径（第三方镜像）,0.0,0.0,0.0,0.0,0.0,0.0,0.0,0.0,0.0,无直接可报岗位,,0.0,,0.0,0.0,0.0,,0.0,0.0,,0.0,0.0,,0.0,0.0,,0.0,0.0,0.0,0.0,,暂无明显潜力,2026岗位文本中未形成直接可报匹配。,不建议把考公作为该专业在头部院校的核心卖点。,直接考公适配弱，应更多看行业就业或升学转换。,不适合作为普通应用院校的考公主卖点。,,
360204,影视编导,本科(职业),,本科,新闻传播大类,广播影视类,0.0,很弱/无直接岗位,2026国考职位表/中央机关及直属机构口径（第三方镜像）,0.0,0.0,0.0,0.0,0.0,0.0,0.0,0.0,0.0,无直接可报岗位,,0.0,,0.0,0.0,0.0,,0.0,0.0,,0.0,0.0,,0.0,0.0,,0.0,0.0,0.0,0.0,,暂无明显潜力,2026岗位文本中未形成直接可报匹配。,不建议把考公作为该专业在头部院校的核心卖点。,直接考公适配弱，应更多看行业就业或升学转换。,不适合作为普通应用院校的考公主卖点。,,
360205,全媒体新闻采编与制作,本科(职业),,本科,新闻传播大类,广播影视类,0.0,很弱/无直接岗位,2026国考职位表/中央机关及直属机构口径（第三方镜像）,0.0,0.0,0.0,0.0,0.0,0.0,0.0,0.0,0.0,无直接可报岗位,,0.0,,0.0,0.0,0.0,,0.0,0.0,,0.0,0.0,,0.0,0.0,,0.0,0.0,0.0,0.0,,暂无明显潜力,2026岗位文本中未形成直接可报匹配。,不建议把考公作为该专业在头部院校的核心卖点。,直接考公适配弱，应更多看行业就业或升学转换。,不适合作为普通应用院校的考公主卖点。,,
360206,数字动画,本科(职业),,本科,新闻传播大类,广播影视类,0.0,很弱/无直接岗位,2026国考职位表/中央机关及直属机构口径（第三方镜像）,0.0,0.0,0.0,0.0,0.0,0.0,0.0,0.0,0.0,无直接可报岗位,,0.0,,0.0,0.0,0.0,,0.0,0.0,,0.0,0.0,,0.0,0.0,,0.0,0.0,0.0,0.0,,暂无明显潜力,2026岗位文本中未形成直接可报匹配。,不建议把考公作为该专业在头部院校的核心卖点。,直接考公适配弱，应更多看行业就业或升学转换。,不适合作为普通应用院校的考公主卖点。,,
210101,现代种业技术,本科(职业),,本科,农林牧渔大类,农业类,0.0,很弱/无直接岗位,2026国考职位表/中央机关及直属机构口径（第三方镜像）,0.0,0.0,0.0,0.0,0.0,0.0,0.0,0.0,0.0,无直接可报岗位,,0.0,,0.0,0.0,0.0,,0.0,0.0,,0.0,0.0,,0.0,0.0,,0.0,0.0,0.0,0.0,,暂无明显潜力,2026岗位文本中未形成直接可报匹配。,不建议把考公作为该专业在头部院校的核心卖点。,直接考公适配弱，应更多看行业就业或升学转换。,不适合作为普通应用院校的考公主卖点。,,
210102,作物生产与品质改良,本科(职业),,本科,农林牧渔大类,农业类,0.0,很弱/无直接岗位,2026国考职位表/中央机关及直属机构口径（第三方镜像）,0.0,0.0,0.0,0.0,0.0,0.0,0.0,0.0,0.0,无直接可报岗位,,0.0,,0.0,0.0,0.0,,0.0,0.0,,0.0,0.0,,0.0,0.0,,0.0,0.0,0.0,0.0,,暂无明显潜力,2026岗位文本中未形成直接可报匹配。,不建议把考公作为该专业在头部院校的核心卖点。,直接考公适配弱，应更多看行业就业或升学转换。,不适合作为普通应用院校的考公主卖点。,,
210103,智慧农业技术,本科(职业),,本科,农林牧渔大类,农业类,0.0,很弱/无直接岗位,2026国考职位表/中央机关及直属机构口径（第三方镜像）,0.0,0.0,0.0,0.0,0.0,0.0,0.0,0.0,0.0,无直接可报岗位,,0.0,,0.0,0.0,0.0,,0.0,0.0,,0.0,0.0,,0.0,0.0,,0.0,0.0,0.0,0.0,,暂无明显潜力,2026岗位文本中未形成直接可报匹配。,不建议把考公作为该专业在头部院校的核心卖点。,直接考公适配弱，应更多看行业就业或升学转换。,不适合作为普通应用院校的考公主卖点。,,
210104,设施园艺,本科(职业),,本科,农林牧渔大类,农业类,0.0,很弱/无直接岗位,2026国考职位表/中央机关及直属机构口径（第三方镜像）,0.0,0.0,0.0,0.0,0.0,0.0,0.0,0.0,0.0,无直接可报岗位,,0.0,,0.0,0.0,0.0,,0.0,0.0,,0.0,0.0,,0.0,0.0,,0.0,0.0,0.0,0.0,,暂无明显潜力,2026岗位文本中未形成直接可报匹配。,不建议把考公作为该专业在头部院校的核心卖点。,直接考公适配弱，应更多看行业就业或升学转换。,不适合作为普通应用院校的考公主卖点。,,
210105,现代农业经营与管理,本科(职业),,本科,农林牧渔大类,农业类,0.0,很弱/无直接岗位,2026国考职位表/中央机关及直属机构口径（第三方镜像）,0.0,0.0,0.0,0.0,0.0,0.0,0.0,0.0,0.0,无直接可报岗位,,0.0,,0.0,0.0,0.0,,0.0,0.0,,0.0,0.0,,0.0,0.0,,0.0,0.0,0.0,0.0,,暂无明显潜力,2026岗位文本中未形成直接可报匹配。,不建议把考公作为该专业在头部院校的核心卖点。,直接考公适配弱，应更多看行业就业或升学转换。,不适合作为普通应用院校的考公主卖点。,,
210106,智能化农业装备技术,本科(职业),,本科,农林牧渔大类,农业类,0.0,很弱/无直接岗位,2026国考职位表/中央机关及直属机构口径（第三方镜像）,0.0,0.0,0.0,0.0,0.0,0.0,0.0,0.0,0.0,无直接可报岗位,,0.0,,0.0,0.0,0.0,,0.0,0.0,,0.0,0.0,,0.0,0.0,,0.0,0.0,0.0,0.0,,暂无明显潜力,2026岗位文本中未形成直接可报匹配。,不建议把考公作为该专业在头部院校的核心卖点。,直接考公适配弱，应更多看行业就业或升学转换。,不适合作为普通应用院校的考公主卖点。,,
210107,现代植保技术,本科(职业),,本科,农林牧渔大类,农业类,0.0,很弱/无直接岗位,2026国考职位表/中央机关及直属机构口径（第三方镜像）,0.0,0.0,0.0,0.0,0.0,0.0,0.0,0.0,0.0,无直接可报岗位,,0.0,,0.0,0.0,0.0,,0.0,0.0,,0.0,0.0,,0.0,0.0,,0.0,0.0,0.0,0.0,,暂无明显潜力,2026岗位文本中未形成直接可报匹配。,不建议把考公作为该专业在头部院校的核心卖点。,直接考公适配弱，应更多看行业就业或升学转换。,不适合作为普通应用院校的考公主卖点。,,
210108,茶叶生产与应用技术,本科(职业),,本科,农林牧渔大类,农业类,0.0,很弱/无直接岗位,2026国考职位表/中央机关及直属机构口径（第三方镜像）,0.0,0.0,0.0,0.0,0.0,0.0,0.0,0.0,0.0,无直接可报岗位,,0.0,,0.0,0.0,0.0,,0.0,0.0,,0.0,0.0,,0.0,0.0,,0.0,0.0,0.0,0.0,,暂无明显潜力,2026岗位文本中未形成直接可报匹配。,不建议把考公作为该专业在头部院校的核心卖点。,直接考公适配弱，应更多看行业就业或升学转换。,不适合作为普通应用院校的考公主卖点。,,
210201,智慧林业技术,本科(职业),,本科,农林牧渔大类,林业类,0.0,很弱/无直接岗位,2026国考职位表/中央机关及直属机构口径（第三方镜像）,0.0,0.0,0.0,0.0,0.0,0.0,0.0,0.0,0.0,无直接可报岗位,,0.0,,0.0,0.0,0.0,,0.0,0.0,,0.0,0.0,,0.0,0.0,,0.0,0.0,0.0,0.0,,暂无明显潜力,2026岗位文本中未形成直接可报匹配。,不建议把考公作为该专业在头部院校的核心卖点。,直接考公适配弱，应更多看行业就业或升学转换。,不适合作为普通应用院校的考公主卖点。,,
210202,园林工程,本科(职业),,本科,农林牧渔大类,林业类,0.0,很弱/无直接岗位,2026国考职位表/中央机关及直属机构口径（第三方镜像）,0.0,0.0,0.0,0.0,0.0,0.0,0.0,0.0,0.0,无直接可报岗位,,0.0,,0.0,0.0,0.0,,0.0,0.0,,0.0,0.0,,0.0,0.0,,0.0,0.0,0.0,0.0,,暂无明显潜力,2026岗位文本中未形成直接可报匹配。,不建议把考公作为该专业在头部院校的核心卖点。,直接考公适配弱，应更多看行业就业或升学转换。,不适合作为普通应用院校的考公主卖点。,,
210203,木业产品智能制造,本科(职业),,本科,农林牧渔大类,林业类,0.0,很弱/无直接岗位,2026国考职位表/中央机关及直属机构口径（第三方镜像）,0.0,0.0,0.0,0.0,0.0,0.0,0.0,0.0,0.0,无直接可报岗位,,0.0,,0.0,0.0,0.0,,0.0,0.0,,0.0,0.0,,0.0,0.0,,0.0,0.0,0.0,0.0,,暂无明显潜力,2026岗位文本中未形成直接可报匹配。,不建议把考公作为该专业在头部院校的核心卖点。,直接考公适配弱，应更多看行业就业或升学转换。,不适合作为普通应用院校的考公主卖点。,,
210204,林草保护工程,本科(职业),,本科,农林牧渔大类,林业类,0.0,很弱/无直接岗位,2026国考职位表/中央机关及直属机构口径（第三方镜像）,0.0,0.0,0.0,0.0,0.0,0.0,0.0,0.0,0.0,无直接可报岗位,,0.0,,0.0,0.0,0.0,,0.0,0.0,,0.0,0.0,,0.0,0.0,,0.0,0.0,0.0,0.0,,暂无明显潜力,2026岗位文本中未形成直接可报匹配。,不建议把考公作为该专业在头部院校的核心卖点。,直接考公适配弱，应更多看行业就业或升学转换。,不适合作为普通应用院校的考公主卖点。,,
210205,林业碳汇工程,本科(职业),,本科,农林牧渔大类,林业类,0.0,很弱/无直接岗位,2026国考职位表/中央机关及直属机构口径（第三方镜像）,0.0,0.0,0.0,0.0,0.0,0.0,0.0,0.0,0.0,无直接可报岗位,,0.0,,0.0,0.0,0.0,,0.0,0.0,,0.0,0.0,,0.0,0.0,,0.0,0.0,0.0,0.0,,暂无明显潜力,2026岗位文本中未形成直接可报匹配。,不建议把考公作为该专业在头部院校的核心卖点。,直接考公适配弱，应更多看行业就业或升学转换。,不适合作为普通应用院校的考公主卖点。,,
210301,动物医学,本科(职业),,本科,农林牧渔大类,畜牧业类,0.0,很弱/无直接岗位,2026国考职位表/中央机关及直属机构口径（第三方镜像）,0.0,0.0,0.0,0.0,0.0,0.0,0.0,0.0,0.0,无直接可报岗位,,0.0,,0.0,0.0,0.0,,0.0,0.0,,0.0,0.0,,0.0,0.0,,0.0,0.0,0.0,0.0,,暂无明显潜力,2026岗位文本中未形成直接可报匹配。,不建议把考公作为该专业在头部院校的核心卖点。,直接考公适配弱，应更多看行业就业或升学转换。,不适合作为普通应用院校的考公主卖点。,,
210302,动物药学,本科(职业),,本科,农林牧渔大类,畜牧业类,0.0,很弱/无直接岗位,2026国考职位表/中央机关及直属机构口径（第三方镜像）,0.0,0.0,0.0,0.0,0.0,0.0,0.0,0.0,0.0,无直接可报岗位,,0.0,,0.0,0.0,0.0,,0.0,0.0,,0.0,0.0,,0.0,0.0,,0.0,0.0,0.0,0.0,,暂无明显潜力,2026岗位文本中未形成直接可报匹配。,不建议把考公作为该专业在头部院校的核心卖点。,直接考公适配弱，应更多看行业就业或升学转换。,不适合作为普通应用院校的考公主卖点。,,
210303,宠物医疗,本科(职业),,本科,农林牧渔大类,畜牧业类,0.0,很弱/无直接岗位,2026国考职位表/中央机关及直属机构口径（第三方镜像）,0.0,0.0,0.0,0.0,0.0,0.0,0.0,0.0,0.0,无直接可报岗位,,0.0,,0.0,0.0,0.0,,0.0,0.0,,0.0,0.0,,0.0,0.0,,0.0,0.0,0.0,0.0,,暂无明显潜力,2026岗位文本中未形成直接可报匹配。,不建议把考公作为该专业在头部院校的核心卖点。,直接考公适配弱，应更多看行业就业或升学转换。,不适合作为普通应用院校的考公主卖点。,,
210304,现代畜牧,本科(职业),,本科,农林牧渔大类,畜牧业类,0.0,很弱/无直接岗位,2026国考职位表/中央机关及直属机构口径（第三方镜像）,0.0,0.0,0.0,0.0,0.0,0.0,0.0,0.0,0.0,无直接可报岗位,,0.0,,0.0,0.0,0.0,,0.0,0.0,,0.0,0.0,,0.0,0.0,,0.0,0.0,0.0,0.0,,暂无明显潜力,2026岗位文本中未形成直接可报匹配。,不建议把考公作为该专业在头部院校的核心卖点。,直接考公适配弱，应更多看行业就业或升学转换。,不适合作为普通应用院校的考公主卖点。,,
210401,现代水产养殖技术,本科(职业),,本科,农林牧渔大类,渔业类,0.0,很弱/无直接岗位,2026国考职位表/中央机关及直属机构口径（第三方镜像）,0.0,0.0,0.0,0.0,0.0,0.0,0.0,0.0,0.0,无直接可报岗位,,0.0,,0.0,0.0,0.0,,0.0,0.0,,0.0,0.0,,0.0,0.0,,0.0,0.0,0.0,0.0,,暂无明显潜力,2026岗位文本中未形成直接可报匹配。,不建议把考公作为该专业在头部院校的核心卖点。,直接考公适配弱，应更多看行业就业或升学转换。,不适合作为普通应用院校的考公主卖点。,,
210402,远洋渔业,本科(职业),,本科,农林牧渔大类,渔业类,0.0,很弱/无直接岗位,2026国考职位表/中央机关及直属机构口径（第三方镜像）,0.0,0.0,0.0,0.0,0.0,0.0,0.0,0.0,0.0,无直接可报岗位,,0.0,,0.0,0.0,0.0,,0.0,0.0,,0.0,0.0,,0.0,0.0,,0.0,0.0,0.0,0.0,,暂无明显潜力,2026岗位文本中未形成直接可报匹配。,不建议把考公作为该专业在头部院校的核心卖点。,直接考公适配弱，应更多看行业就业或升学转换。,不适合作为普通应用院校的考公主卖点。,,
220101,资源勘查工程技术,本科(职业),,本科,资源环境与安全大类,资源勘查类,0.0,很弱/无直接岗位,2026国考职位表/中央机关及直属机构口径（第三方镜像）,0.0,0.0,0.0,0.0,0.0,0.0,0.0,0.0,0.0,无直接可报岗位,,0.0,,0.0,0.0,0.0,,0.0,0.0,,0.0,0.0,,0.0,0.0,,0.0,0.0,0.0,0.0,,暂无明显潜力,2026岗位文本中未形成直接可报匹配。,不建议把考公作为该专业在头部院校的核心卖点。,直接考公适配弱，应更多看行业就业或升学转换。,不适合作为普通应用院校的考公主卖点。,,
220201,环境地质工程,本科(职业),,本科,资源环境与安全大类,地质类,0.0,很弱/无直接岗位,2026国考职位表/中央机关及直属机构口径（第三方镜像）,0.0,0.0,0.0,0.0,0.0,0.0,0.0,0.0,0.0,无直接可报岗位,,0.0,,0.0,0.0,0.0,,0.0,0.0,,0.0,0.0,,0.0,0.0,,0.0,0.0,0.0,0.0,,暂无明显潜力,2026岗位文本中未形成直接可报匹配。,不建议把考公作为该专业在头部院校的核心卖点。,直接考公适配弱，应更多看行业就业或升学转换。,不适合作为普通应用院校的考公主卖点。,,
220202,地球物理勘探技术,本科(职业),,本科,资源环境与安全大类,地质类,0.0,很弱/无直接岗位,2026国考职位表/中央机关及直属机构口径（第三方镜像）,0.0,0.0,0.0,0.0,0.0,0.0,0.0,0.0,0.0,无直接可报岗位,,0.0,,0.0,0.0,0.0,,0.0,0.0,,0.0,0.0,,0.0,0.0,,0.0,0.0,0.0,0.0,,暂无明显潜力,2026岗位文本中未形成直接可报匹配。,不建议把考公作为该专业在头部院校的核心卖点。,直接考公适配弱，应更多看行业就业或升学转换。,不适合作为普通应用院校的考公主卖点。,,
220301,导航工程技术,本科(职业),,本科,资源环境与安全大类,测绘地理信息类,0.0,很弱/无直接岗位,2026国考职位表/中央机关及直属机构口径（第三方镜像）,0.0,0.0,0.0,0.0,0.0,0.0,0.0,0.0,0.0,无直接可报岗位,,0.0,,0.0,0.0,0.0,,0.0,0.0,,0.0,0.0,,0.0,0.0,,0.0,0.0,0.0,0.0,,暂无明显潜力,2026岗位文本中未形成直接可报匹配。,不建议把考公作为该专业在头部院校的核心卖点。,直接考公适配弱，应更多看行业就业或升学转换。,不适合作为普通应用院校的考公主卖点。,,
220302,测绘工程技术,本科(职业),,本科,资源环境与安全大类,测绘地理信息类,0.0,很弱/无直接岗位,2026国考职位表/中央机关及直属机构口径（第三方镜像）,0.0,0.0,0.0,0.0,0.0,0.0,0.0,0.0,0.0,无直接可报岗位,,0.0,,0.0,0.0,0.0,,0.0,0.0,,0.0,0.0,,0.0,0.0,,0.0,0.0,0.0,0.0,,暂无明显潜力,2026岗位文本中未形成直接可报匹配。,不建议把考公作为该专业在头部院校的核心卖点。,直接考公适配弱，应更多看行业就业或升学转换。,不适合作为普通应用院校的考公主卖点。,,
220303,地理信息技术,本科(职业),,本科,资源环境与安全大类,测绘地理信息类,0.0,很弱/无直接岗位,2026国考职位表/中央机关及直属机构口径（第三方镜像）,0.0,0.0,0.0,0.0,0.0,0.0,0.0,0.0,0.0,无直接可报岗位,,0.0,,0.0,0.0,0.0,,0.0,0.0,,0.0,0.0,,0.0,0.0,,0.0,0.0,0.0,0.0,,暂无明显潜力,2026岗位文本中未形成直接可报匹配。,不建议把考公作为该专业在头部院校的核心卖点。,直接考公适配弱，应更多看行业就业或升学转换。,不适合作为普通应用院校的考公主卖点。,,
220304,无人机测绘技术,本科(职业),,本科,资源环境与安全大类,测绘地理信息类,0.0,很弱/无直接岗位,2026国考职位表/中央机关及直属机构口径（第三方镜像）,0.0,0.0,0.0,0.0,0.0,0.0,0.0,0.0,0.0,无直接可报岗位,,0.0,,0.0,0.0,0.0,,0.0,0.0,,0.0,0.0,,0.0,0.0,,0.0,0.0,0.0,0.0,,暂无明显潜力,2026岗位文本中未形成直接可报匹配。,不建议把考公作为该专业在头部院校的核心卖点。,直接考公适配弱，应更多看行业就业或升学转换。,不适合作为普通应用院校的考公主卖点。,,
220305,智能遥感技术,本科(职业),,本科,资源环境与安全大类,测绘地理信息类,0.0,很弱/无直接岗位,2026国考职位表/中央机关及直属机构口径（第三方镜像）,0.0,0.0,0.0,0.0,0.0,0.0,0.0,0.0,0.0,无直接可报岗位,,0.0,,0.0,0.0,0.0,,0.0,0.0,,0.0,0.0,,0.0,0.0,,0.0,0.0,0.0,0.0,,暂无明显潜力,2026岗位文本中未形成直接可报匹配。,不建议把考公作为该专业在头部院校的核心卖点。,直接考公适配弱，应更多看行业就业或升学转换。,不适合作为普通应用院校的考公主卖点。,,
220401,油气储运工程,本科(职业),,本科,资源环境与安全大类,石油与天然气类,0.0,很弱/无直接岗位,2026国考职位表/中央机关及直属机构口径（第三方镜像）,0.0,0.0,0.0,0.0,0.0,0.0,0.0,0.0,0.0,无直接可报岗位,,0.0,,0.0,0.0,0.0,,0.0,0.0,,0.0,0.0,,0.0,0.0,,0.0,0.0,0.0,0.0,,暂无明显潜力,2026岗位文本中未形成直接可报匹配。,不建议把考公作为该专业在头部院校的核心卖点。,直接考公适配弱，应更多看行业就业或升学转换。,不适合作为普通应用院校的考公主卖点。,,
220402,石油工程技术,本科(职业),,本科,资源环境与安全大类,石油与天然气类,0.0,很弱/无直接岗位,2026国考职位表/中央机关及直属机构口径（第三方镜像）,0.0,0.0,0.0,0.0,0.0,0.0,0.0,0.0,0.0,无直接可报岗位,,0.0,,0.0,0.0,0.0,,0.0,0.0,,0.0,0.0,,0.0,0.0,,0.0,0.0,0.0,0.0,,暂无明显潜力,2026岗位文本中未形成直接可报匹配。,不建议把考公作为该专业在头部院校的核心卖点。,直接考公适配弱，应更多看行业就业或升学转换。,不适合作为普通应用院校的考公主卖点。,,
220501,智能采矿技术,本科(职业),,本科,资源环境与安全大类,煤炭类,0.0,很弱/无直接岗位,2026国考职位表/中央机关及直属机构口径（第三方镜像）,0.0,0.0,0.0,0.0,0.0,0.0,0.0,0.0,0.0,无直接可报岗位,,0.0,,0.0,0.0,0.0,,0.0,0.0,,0.0,0.0,,0.0,0.0,,0.0,0.0,0.0,0.0,,暂无明显潜力,2026岗位文本中未形成直接可报匹配。,不建议把考公作为该专业在头部院校的核心卖点。,直接考公适配弱，应更多看行业就业或升学转换。,不适合作为普通应用院校的考公主卖点。,,
220502,煤炭清洁利用工程,本科(职业),,本科,资源环境与安全大类,煤炭类,0.0,很弱/无直接岗位,2026国考职位表/中央机关及直属机构口径（第三方镜像）,0.0,0.0,0.0,0.0,0.0,0.0,0.0,0.0,0.0,无直接可报岗位,,0.0,,0.0,0.0,0.0,,0.0,0.0,,0.0,0.0,,0.0,0.0,,0.0,0.0,0.0,0.0,,暂无明显潜力,2026岗位文本中未形成直接可报匹配。,不建议把考公作为该专业在头部院校的核心卖点。,直接考公适配弱，应更多看行业就业或升学转换。,不适合作为普通应用院校的考公主卖点。,,
220701,智慧气象技术,本科(职业),,本科,资源环境与安全大类,气象类,0.0,很弱/无直接岗位,2026国考职位表/中央机关及直属机构口径（第三方镜像）,0.0,0.0,0.0,0.0,0.0,0.0,0.0,0.0,0.0,无直接可报岗位,,0.0,,0.0,0.0,0.0,,0.0,0.0,,0.0,0.0,,0.0,0.0,,0.0,0.0,0.0,0.0,,暂无明显潜力,2026岗位文本中未形成直接可报匹配。,不建议把考公作为该专业在头部院校的核心卖点。,直接考公适配弱，应更多看行业就业或升学转换。,不适合作为普通应用院校的考公主卖点。,,
220801,生态环境工程技术,本科(职业),,本科,资源环境与安全大类,环境保护类,0.0,很弱/无直接岗位,2026国考职位表/中央机关及直属机构口径（第三方镜像）,0.0,0.0,0.0,0.0,0.0,0.0,0.0,0.0,0.0,无直接可报岗位,,0.0,,0.0,0.0,0.0,,0.0,0.0,,0.0,0.0,,0.0,0.0,,0.0,0.0,0.0,0.0,,暂无明显潜力,2026岗位文本中未形成直接可报匹配。,不建议把考公作为该专业在头部院校的核心卖点。,直接考公适配弱，应更多看行业就业或升学转换。,不适合作为普通应用院校的考公主卖点。,,
220802,生态环境数智化监测技术,本科(职业),,本科,资源环境与安全大类,环境保护类,0.0,很弱/无直接岗位,2026国考职位表/中央机关及直属机构口径（第三方镜像）,0.0,0.0,0.0,0.0,0.0,0.0,0.0,0.0,0.0,无直接可报岗位,,0.0,,0.0,0.0,0.0,,0.0,0.0,,0.0,0.0,,0.0,0.0,,0.0,0.0,0.0,0.0,,暂无明显潜力,2026岗位文本中未形成直接可报匹配。,不建议把考公作为该专业在头部院校的核心卖点。,直接考公适配弱，应更多看行业就业或升学转换。,不适合作为普通应用院校的考公主卖点。,,
220803,资源循环工程,本科(职业),,本科,资源环境与安全大类,环境保护类,0.0,很弱/无直接岗位,2026国考职位表/中央机关及直属机构口径（第三方镜像）,0.0,0.0,0.0,0.0,0.0,0.0,0.0,0.0,0.0,无直接可报岗位,,0.0,,0.0,0.0,0.0,,0.0,0.0,,0.0,0.0,,0.0,0.0,,0.0,0.0,0.0,0.0,,暂无明显潜力,2026岗位文本中未形成直接可报匹配。,不建议把考公作为该专业在头部院校的核心卖点。,直接考公适配弱，应更多看行业就业或升学转换。,不适合作为普通应用院校的考公主卖点。,,
220901,安全工程技术,本科(职业),,本科,资源环境与安全大类,安全类,0.0,很弱/无直接岗位,2026国考职位表/中央机关及直属机构口径（第三方镜像）,0.0,0.0,0.0,0.0,0.0,0.0,0.0,0.0,0.0,无直接可报岗位,,0.0,,0.0,0.0,0.0,,0.0,0.0,,0.0,0.0,,0.0,0.0,,0.0,0.0,0.0,0.0,,暂无明显潜力,2026岗位文本中未形成直接可报匹配。,不建议把考公作为该专业在头部院校的核心卖点。,直接考公适配弱，应更多看行业就业或升学转换。,不适合作为普通应用院校的考公主卖点。,,
220902,应急管理,本科(职业),,本科,资源环境与安全大类,安全类,0.0,很弱/无直接岗位,2026国考职位表/中央机关及直属机构口径（第三方镜像）,0.0,0.0,0.0,0.0,0.0,0.0,0.0,0.0,0.0,无直接可报岗位,,0.0,,0.0,0.0,0.0,,0.0,0.0,,0.0,0.0,,0.0,0.0,,0.0,0.0,0.0,0.0,,暂无明显潜力,2026岗位文本中未形成直接可报匹配。,不建议把考公作为该专业在头部院校的核心卖点。,直接考公适配弱，应更多看行业就业或升学转换。,不适合作为普通应用院校的考公主卖点。,,
220903,消防工程技术,本科(职业),,本科,资源环境与安全大类,安全类,0.0,很弱/无直接岗位,2026国考职位表/中央机关及直属机构口径（第三方镜像）,0.0,0.0,0.0,0.0,0.0,0.0,0.0,0.0,0.0,无直接可报岗位,,0.0,,0.0,0.0,0.0,,0.0,0.0,,0.0,0.0,,0.0,0.0,,0.0,0.0,0.0,0.0,,暂无明显潜力,2026岗位文本中未形成直接可报匹配。,不建议把考公作为该专业在头部院校的核心卖点。,直接考公适配弱，应更多看行业就业或升学转换。,不适合作为普通应用院校的考公主卖点。,,
550101,艺术设计,专科(高职),,专科,文化艺术大类,艺术设计类,12.6,很弱/无直接岗位,2026国考职位表/中央机关及直属机构口径（第三方镜像）,1.0,1.0,0.0,0.0,0.0,100.0,0.0,0.0,0.0,以对口岗位为主,海关/边检(1)；公安/移民/基层执法(1),4.0,0.25,0.0,0.0,0.0,,0.0,0.0,,1.0,100.0,0.25,0.0,0.0,,0.0,1.0,1.0,0.0,limited,升学后弱潜力,存在专业代码或专业名称精确匹配，并有直接学历兼容岗位。,可以考，但院校层级优势有限，更依赖岗位地区和限制条件。,岗位窗口较窄，建议只作为就业备选项。,少量大专可报基层岗位存在，但数量很少，需逐岗位核验。,新疆出入境边防检查总站,博州边境管理支队一级警长及以下（五）
550102,视觉传达设计,专科(高职),,专科,文化艺术大类,艺术设计类,0.0,很弱/无直接岗位,2026国考职位表/中央机关及直属机构口径（第三方镜像）,0.0,0.0,0.0,0.0,0.0,0.0,0.0,0.0,0.0,无直接可报岗位,,0.0,,0.0,0.0,0.0,,0.0,0.0,,0.0,0.0,,0.0,0.0,,0.0,2.0,2.0,0.0,limited,升学后弱潜力,大专学历直接可报岗位不足；专业文本在本科/升本路径中有匹配线索。,不建议把考公作为该专业在头部院校的核心卖点。,直接考公适配弱，应更多看行业就业或升学转换。,普通应用/职业院校下直接考公空间很小，优先看事业单位、基层项目或行业就业。,新疆出入境边防检查总站|黑龙江出入境边防检查总站,伊犁边境管理支队一级警长及以下（三）|双鸭山边境管理支队一级警长及以下（四）
550103,数字媒体艺术设计,专科(高职),,专科,文化艺术大类,艺术设计类,0.0,很弱/无直接岗位,2026国考职位表/中央机关及直属机构口径（第三方镜像）,0.0,0.0,0.0,0.0,0.0,0.0,0.0,0.0,0.0,无直接可报岗位,,0.0,,0.0,0.0,0.0,,0.0,0.0,,0.0,0.0,,0.0,0.0,,0.0,0.0,0.0,0.0,none,暂无明显潜力,2026岗位文本中未形成直接可报匹配。,不建议把考公作为该专业在头部院校的核心卖点。,直接考公适配弱，应更多看行业就业或升学转换。,普通应用/职业院校下直接考公空间很小，优先看事业单位、基层项目或行业就业。,,
550104,产品艺术设计,专科(高职),,专科,文化艺术大类,艺术设计类,0.0,很弱/无直接岗位,2026国考职位表/中央机关及直属机构口径（第三方镜像）,0.0,0.0,0.0,0.0,0.0,0.0,0.0,0.0,0.0,无直接可报岗位,,0.0,,0.0,0.0,0.0,,0.0,0.0,,0.0,0.0,,0.0,0.0,,0.0,0.0,0.0,0.0,none,暂无明显潜力,2026岗位文本中未形成直接可报匹配。,不建议把考公作为该专业在头部院校的核心卖点。,直接考公适配弱，应更多看行业就业或升学转换。,普通应用/职业院校下直接考公空间很小，优先看事业单位、基层项目或行业就业。,,
550105,服装与服饰设计,专科(高职),,专科,文化艺术大类,艺术设计类,0.0,很弱/无直接岗位,2026国考职位表/中央机关及直属机构口径（第三方镜像）,0.0,0.0,0.0,0.0,0.0,0.0,0.0,0.0,0.0,无直接可报岗位,,0.0,,0.0,0.0,0.0,,0.0,0.0,,0.0,0.0,,0.0,0.0,,0.0,0.0,0.0,0.0,none,暂无明显潜力,2026岗位文本中未形成直接可报匹配。,不建议把考公作为该专业在头部院校的核心卖点。,直接考公适配弱，应更多看行业就业或升学转换。,普通应用/职业院校下直接考公空间很小，优先看事业单位、基层项目或行业就业。,,
550106,环境艺术设计,专科(高职),,专科,文化艺术大类,艺术设计类,0.0,很弱/无直接岗位,2026国考职位表/中央机关及直属机构口径（第三方镜像）,0.0,0.0,0.0,0.0,0.0,0.0,0.0,0.0,0.0,无直接可报岗位,,0.0,,0.0,0.0,0.0,,0.0,0.0,,0.0,0.0,,0.0,0.0,,0.0,0.0,0.0,0.0,none,暂无明显潜力,2026岗位文本中未形成直接可报匹配。,不建议把考公作为该专业在头部院校的核心卖点。,直接考公适配弱，应更多看行业就业或升学转换。,普通应用/职业院校下直接考公空间很小，优先看事业单位、基层项目或行业就业。,,
550107,书画艺术,专科(高职),,专科,文化艺术大类,艺术设计类,0.0,很弱/无直接岗位,2026国考职位表/中央机关及直属机构口径（第三方镜像）,0.0,0.0,0.0,0.0,0.0,0.0,0.0,0.0,0.0,无直接可报岗位,,0.0,,0.0,0.0,0.0,,0.0,0.0,,0.0,0.0,,0.0,0.0,,0.0,0.0,0.0,0.0,none,暂无明显潜力,2026岗位文本中未形成直接可报匹配。,不建议把考公作为该专业在头部院校的核心卖点。,直接考公适配弱，应更多看行业就业或升学转换。,普通应用/职业院校下直接考公空间很小，优先看事业单位、基层项目或行业就业。,,
550108,公共艺术设计,专科(高职),,专科,文化艺术大类,艺术设计类,0.0,很弱/无直接岗位,2026国考职位表/中央机关及直属机构口径（第三方镜像）,0.0,0.0,0.0,0.0,0.0,0.0,0.0,0.0,0.0,无直接可报岗位,,0.0,,0.0,0.0,0.0,,0.0,0.0,,0.0,0.0,,0.0,0.0,,0.0,0.0,0.0,0.0,none,暂无明显潜力,2026岗位文本中未形成直接可报匹配。,不建议把考公作为该专业在头部院校的核心卖点。,直接考公适配弱，应更多看行业就业或升学转换。,普通应用/职业院校下直接考公空间很小，优先看事业单位、基层项目或行业就业。,,
550109,游戏艺术设计,专科(高职),,专科,文化艺术大类,艺术设计类,0.0,很弱/无直接岗位,2026国考职位表/中央机关及直属机构口径（第三方镜像）,0.0,0.0,0.0,0.0,0.0,0.0,0.0,0.0,0.0,无直接可报岗位,,0.0,,0.0,0.0,0.0,,0.0,0.0,,0.0,0.0,,0.0,0.0,,0.0,0.0,0.0,0.0,none,暂无明显潜力,2026岗位文本中未形成直接可报匹配。,不建议把考公作为该专业在头部院校的核心卖点。,直接考公适配弱，应更多看行业就业或升学转换。,普通应用/职业院校下直接考公空间很小，优先看事业单位、基层项目或行业就业。,,
550110,展示艺术设计,专科(高职),,专科,文化艺术大类,艺术设计类,0.0,很弱/无直接岗位,2026国考职位表/中央机关及直属机构口径（第三方镜像）,0.0,0.0,0.0,0.0,0.0,0.0,0.0,0.0,0.0,无直接可报岗位,,0.0,,0.0,0.0,0.0,,0.0,0.0,,0.0,0.0,,0.0,0.0,,0.0,0.0,0.0,0.0,none,暂无明显潜力,2026岗位文本中未形成直接可报匹配。,不建议把考公作为该专业在头部院校的核心卖点。,直接考公适配弱，应更多看行业就业或升学转换。,普通应用/职业院校下直接考公空间很小，优先看事业单位、基层项目或行业就业。,,
550111,美容美体艺术,专科(高职),,专科,文化艺术大类,艺术设计类,0.0,很弱/无直接岗位,2026国考职位表/中央机关及直属机构口径（第三方镜像）,0.0,0.0,0.0,0.0,0.0,0.0,0.0,0.0,0.0,无直接可报岗位,,0.0,,0.0,0.0,0.0,,0.0,0.0,,0.0,0.0,,0.0,0.0,,0.0,0.0,0.0,0.0,none,暂无明显潜力,2026岗位文本中未形成直接可报匹配。,不建议把考公作为该专业在头部院校的核心卖点。,直接考公适配弱，应更多看行业就业或升学转换。,普通应用/职业院校下直接考公空间很小，优先看事业单位、基层项目或行业就业。,,
550112,工艺美术品设计,专科(高职),,专科,文化艺术大类,艺术设计类,0.0,很弱/无直接岗位,2026国考职位表/中央机关及直属机构口径（第三方镜像）,0.0,0.0,0.0,0.0,0.0,0.0,0.0,0.0,0.0,无直接可报岗位,,0.0,,0.0,0.0,0.0,,0.0,0.0,,0.0,0.0,,0.0,0.0,,0.0,0.0,0.0,0.0,none,暂无明显潜力,2026岗位文本中未形成直接可报匹配。,不建议把考公作为该专业在头部院校的核心卖点。,直接考公适配弱，应更多看行业就业或升学转换。,普通应用/职业院校下直接考公空间很小，优先看事业单位、基层项目或行业就业。,,
550113,广告艺术设计,专科(高职),,专科,文化艺术大类,艺术设计类,0.0,很弱/无直接岗位,2026国考职位表/中央机关及直属机构口径（第三方镜像）,0.0,0.0,0.0,0.0,0.0,0.0,0.0,0.0,0.0,无直接可报岗位,,0.0,,0.0,0.0,0.0,,0.0,0.0,,0.0,0.0,,0.0,0.0,,0.0,0.0,0.0,0.0,none,暂无明显潜力,2026岗位文本中未形成直接可报匹配。,不建议把考公作为该专业在头部院校的核心卖点。,直接考公适配弱，应更多看行业就业或升学转换。,普通应用/职业院校下直接考公空间很小，优先看事业单位、基层项目或行业就业。,,
550114,室内艺术设计,专科(高职),,专科,文化艺术大类,艺术设计类,12.6,很弱/无直接岗位,2026国考职位表/中央机关及直属机构口径（第三方镜像）,1.0,1.0,0.0,0.0,0.0,100.0,0.0,0.0,0.0,以对口岗位为主,海关/边检(1)；公安/移民/基层执法(1),4.0,0.25,0.0,0.0,0.0,,0.0,0.0,,1.0,100.0,0.25,0.0,0.0,,0.0,1.0,1.0,0.0,limited,升学后弱潜力,存在专业代码或专业名称精确匹配，并有直接学历兼容岗位。,可以考，但院校层级优势有限，更依赖岗位地区和限制条件。,岗位窗口较窄，建议只作为就业备选项。,少量大专可报基层岗位存在，但数量很少，需逐岗位核验。,新疆出入境边防检查总站,博州边境管理支队一级警长及以下（五）
550115,家具艺术设计,专科(高职),,专科,文化艺术大类,艺术设计类,0.0,很弱/无直接岗位,2026国考职位表/中央机关及直属机构口径（第三方镜像）,0.0,0.0,0.0,0.0,0.0,0.0,0.0,0.0,0.0,无直接可报岗位,,0.0,,0.0,0.0,0.0,,0.0,0.0,,0.0,0.0,,0.0,0.0,,0.0,0.0,0.0,0.0,none,暂无明显潜力,2026岗位文本中未形成直接可报匹配。,不建议把考公作为该专业在头部院校的核心卖点。,直接考公适配弱，应更多看行业就业或升学转换。,普通应用/职业院校下直接考公空间很小，优先看事业单位、基层项目或行业就业。,,
550116,动漫设计,专科(高职),,专科,文化艺术大类,艺术设计类,0.0,很弱/无直接岗位,2026国考职位表/中央机关及直属机构口径（第三方镜像）,0.0,0.0,0.0,0.0,0.0,0.0,0.0,0.0,0.0,无直接可报岗位,,0.0,,0.0,0.0,0.0,,0.0,0.0,,0.0,0.0,,0.0,0.0,,0.0,0.0,0.0,0.0,none,暂无明显潜力,2026岗位文本中未形成直接可报匹配。,不建议把考公作为该专业在头部院校的核心卖点。,直接考公适配弱，应更多看行业就业或升学转换。,普通应用/职业院校下直接考公空间很小，优先看事业单位、基层项目或行业就业。,,
550117,人物形象设计,专科(高职),,专科,文化艺术大类,艺术设计类,0.0,很弱/无直接岗位,2026国考职位表/中央机关及直属机构口径（第三方镜像）,0.0,0.0,0.0,0.0,0.0,0.0,0.0,0.0,0.0,无直接可报岗位,,0.0,,0.0,0.0,0.0,,0.0,0.0,,0.0,0.0,,0.0,0.0,,0.0,0.0,0.0,0.0,none,暂无明显潜力,2026岗位文本中未形成直接可报匹配。,不建议把考公作为该专业在头部院校的核心卖点。,直接考公适配弱，应更多看行业就业或升学转换。,普通应用/职业院校下直接考公空间很小，优先看事业单位、基层项目或行业就业。,,
550118,摄影与摄像艺术,专科(高职),,专科,文化艺术大类,艺术设计类,0.0,很弱/无直接岗位,2026国考职位表/中央机关及直属机构口径（第三方镜像）,0.0,0.0,0.0,0.0,0.0,0.0,0.0,0.0,0.0,无直接可报岗位,,0.0,,0.0,0.0,0.0,,0.0,0.0,,0.0,0.0,,0.0,0.0,,0.0,0.0,0.0,0.0,none,暂无明显潜力,2026岗位文本中未形成直接可报匹配。,不建议把考公作为该专业在头部院校的核心卖点。,直接考公适配弱，应更多看行业就业或升学转换。,普通应用/职业院校下直接考公空间很小，优先看事业单位、基层项目或行业就业。,,
550119,雕刻艺术设计,专科(高职),,专科,文化艺术大类,艺术设计类,0.0,很弱/无直接岗位,2026国考职位表/中央机关及直属机构口径（第三方镜像）,0.0,0.0,0.0,0.0,0.0,0.0,0.0,0.0,0.0,无直接可报岗位,,0.0,,0.0,0.0,0.0,,0.0,0.0,,0.0,0.0,,0.0,0.0,,0.0,0.0,0.0,0.0,none,暂无明显潜力,2026岗位文本中未形成直接可报匹配。,不建议把考公作为该专业在头部院校的核心卖点。,直接考公适配弱，应更多看行业就业或升学转换。,普通应用/职业院校下直接考公空间很小，优先看事业单位、基层项目或行业就业。,,
550120,皮具艺术设计,专科(高职),,专科,文化艺术大类,艺术设计类,0.0,很弱/无直接岗位,2026国考职位表/中央机关及直属机构口径（第三方镜像）,0.0,0.0,0.0,0.0,0.0,0.0,0.0,0.0,0.0,无直接可报岗位,,0.0,,0.0,0.0,0.0,,0.0,0.0,,0.0,0.0,,0.0,0.0,,0.0,0.0,0.0,0.0,none,暂无明显潜力,2026岗位文本中未形成直接可报匹配。,不建议把考公作为该专业在头部院校的核心卖点。,直接考公适配弱，应更多看行业就业或升学转换。,普通应用/职业院校下直接考公空间很小，优先看事业单位、基层项目或行业就业。,,
550121,包装艺术设计,专科(高职),,专科,文化艺术大类,艺术设计类,0.0,很弱/无直接岗位,2026国考职位表/中央机关及直属机构口径（第三方镜像）,0.0,0.0,0.0,0.0,0.0,0.0,0.0,0.0,0.0,无直接可报岗位,,0.0,,0.0,0.0,0.0,,0.0,0.0,,0.0,0.0,,0.0,0.0,,0.0,0.0,0.0,0.0,none,暂无明显潜力,2026岗位文本中未形成直接可报匹配。,不建议把考公作为该专业在头部院校的核心卖点。,直接考公适配弱，应更多看行业就业或升学转换。,普通应用/职业院校下直接考公空间很小，优先看事业单位、基层项目或行业就业。,,
550122,陶瓷设计与工艺,专科(高职),,专科,文化艺术大类,艺术设计类,0.0,很弱/无直接岗位,2026国考职位表/中央机关及直属机构口径（第三方镜像）,0.0,0.0,0.0,0.0,0.0,0.0,0.0,0.0,0.0,无直接可报岗位,,0.0,,0.0,0.0,0.0,,0.0,0.0,,0.0,0.0,,0.0,0.0,,0.0,0.0,0.0,0.0,none,暂无明显潜力,2026岗位文本中未形成直接可报匹配。,不建议把考公作为该专业在头部院校的核心卖点。,直接考公适配弱，应更多看行业就业或升学转换。,普通应用/职业院校下直接考公空间很小，优先看事业单位、基层项目或行业就业。,,
550123,首饰设计与工艺,专科(高职),,专科,文化艺术大类,艺术设计类,0.0,很弱/无直接岗位,2026国考职位表/中央机关及直属机构口径（第三方镜像）,0.0,0.0,0.0,0.0,0.0,0.0,0.0,0.0,0.0,无直接可报岗位,,0.0,,0.0,0.0,0.0,,0.0,0.0,,0.0,0.0,,0.0,0.0,,0.0,0.0,0.0,0.0,none,暂无明显潜力,2026岗位文本中未形成直接可报匹配。,不建议把考公作为该专业在头部院校的核心卖点。,直接考公适配弱，应更多看行业就业或升学转换。,普通应用/职业院校下直接考公空间很小，优先看事业单位、基层项目或行业就业。,,
550124,玉器设计与工艺,专科(高职),,专科,文化艺术大类,艺术设计类,0.0,很弱/无直接岗位,2026国考职位表/中央机关及直属机构口径（第三方镜像）,0.0,0.0,0.0,0.0,0.0,0.0,0.0,0.0,0.0,无直接可报岗位,,0.0,,0.0,0.0,0.0,,0.0,0.0,,0.0,0.0,,0.0,0.0,,0.0,0.0,0.0,0.0,none,暂无明显潜力,2026岗位文本中未形成直接可报匹配。,不建议把考公作为该专业在头部院校的核心卖点。,直接考公适配弱，应更多看行业就业或升学转换。,普通应用/职业院校下直接考公空间很小，优先看事业单位、基层项目或行业就业。,,
550125,刺绣设计与工艺,专科(高职),,专科,文化艺术大类,艺术设计类,0.0,很弱/无直接岗位,2026国考职位表/中央机关及直属机构口径（第三方镜像）,0.0,0.0,0.0,0.0,0.0,0.0,0.0,0.0,0.0,无直接可报岗位,,0.0,,0.0,0.0,0.0,,0.0,0.0,,0.0,0.0,,0.0,0.0,,0.0,0.0,0.0,0.0,none,暂无明显潜力,2026岗位文本中未形成直接可报匹配。,不建议把考公作为该专业在头部院校的核心卖点。,直接考公适配弱，应更多看行业就业或升学转换。,普通应用/职业院校下直接考公空间很小，优先看事业单位、基层项目或行业就业。,,
550126,雕塑设计,专科(高职),,专科,文化艺术大类,艺术设计类,0.0,很弱/无直接岗位,2026国考职位表/中央机关及直属机构口径（第三方镜像）,0.0,0.0,0.0,0.0,0.0,0.0,0.0,0.0,0.0,无直接可报岗位,,0.0,,0.0,0.0,0.0,,0.0,0.0,,0.0,0.0,,0.0,0.0,,0.0,0.0,0.0,0.0,none,暂无明显潜力,2026岗位文本中未形成直接可报匹配。,不建议把考公作为该专业在头部院校的核心卖点。,直接考公适配弱，应更多看行业就业或升学转换。,普通应用/职业院校下直接考公空间很小，优先看事业单位、基层项目或行业就业。,,
550127,服装陈列与展示设计,专科(高职),,专科,文化艺术大类,艺术设计类,0.0,很弱/无直接岗位,2026国考职位表/中央机关及直属机构口径（第三方镜像）,0.0,0.0,0.0,0.0,0.0,0.0,0.0,0.0,0.0,无直接可报岗位,,0.0,,0.0,0.0,0.0,,0.0,0.0,,0.0,0.0,,0.0,0.0,,0.0,0.0,0.0,0.0,none,暂无明显潜力,2026岗位文本中未形成直接可报匹配。,不建议把考公作为该专业在头部院校的核心卖点。,直接考公适配弱，应更多看行业就业或升学转换。,普通应用/职业院校下直接考公空间很小，优先看事业单位、基层项目或行业就业。,,
550128,数字时尚设计,专科(高职),,专科,文化艺术大类,艺术设计类,0.0,很弱/无直接岗位,2026国考职位表/中央机关及直属机构口径（第三方镜像）,0.0,0.0,0.0,0.0,0.0,0.0,0.0,0.0,0.0,无直接可报岗位,,0.0,,0.0,0.0,0.0,,0.0,0.0,,0.0,0.0,,0.0,0.0,,0.0,0.0,0.0,0.0,none,暂无明显潜力,2026岗位文本中未形成直接可报匹配。,不建议把考公作为该专业在头部院校的核心卖点。,直接考公适配弱，应更多看行业就业或升学转换。,普通应用/职业院校下直接考公空间很小，优先看事业单位、基层项目或行业就业。,,
550129,玩具设计与制作,专科(高职),,专科,文化艺术大类,艺术设计类,0.0,很弱/无直接岗位,2026国考职位表/中央机关及直属机构口径（第三方镜像）,0.0,0.0,0.0,0.0,0.0,0.0,0.0,0.0,0.0,无直接可报岗位,,0.0,,0.0,0.0,0.0,,0.0,0.0,,0.0,0.0,,0.0,0.0,,0.0,0.0,0.0,0.0,none,暂无明显潜力,2026岗位文本中未形成直接可报匹配。,不建议把考公作为该专业在头部院校的核心卖点。,直接考公适配弱，应更多看行业就业或升学转换。,普通应用/职业院校下直接考公空间很小，优先看事业单位、基层项目或行业就业。,,
550130,眼镜造型设计与工艺,专科(高职),,专科,文化艺术大类,艺术设计类,0.0,很弱/无直接岗位,2026国考职位表/中央机关及直属机构口径（第三方镜像）,0.0,0.0,0.0,0.0,0.0,0.0,0.0,0.0,0.0,无直接可报岗位,,0.0,,0.0,0.0,0.0,,0.0,0.0,,0.0,0.0,,0.0,0.0,,0.0,0.0,0.0,0.0,none,暂无明显潜力,2026岗位文本中未形成直接可报匹配。,不建议把考公作为该专业在头部院校的核心卖点。,直接考公适配弱，应更多看行业就业或升学转换。,普通应用/职业院校下直接考公空间很小，优先看事业单位、基层项目或行业就业。,,
550131,数字非遗设计与制作,专科(高职),,专科,文化艺术大类,艺术设计类,0.0,很弱/无直接岗位,2026国考职位表/中央机关及直属机构口径（第三方镜像）,0.0,0.0,0.0,0.0,0.0,0.0,0.0,0.0,0.0,无直接可报岗位,,0.0,,0.0,0.0,0.0,,0.0,0.0,,0.0,0.0,,0.0,0.0,,0.0,0.0,0.0,0.0,,暂无明显潜力,2026岗位文本中未形成直接可报匹配。,不建议把考公作为该专业在头部院校的核心卖点。,直接考公适配弱，应更多看行业就业或升学转换。,普通应用/职业院校下直接考公空间很小，优先看事业单位、基层项目或行业就业。,,
550201,音乐表演,专科(高职),,专科,文化艺术大类,表演艺术类,0.0,很弱/无直接岗位,2026国考职位表/中央机关及直属机构口径（第三方镜像）,0.0,0.0,0.0,0.0,0.0,0.0,0.0,0.0,0.0,无直接可报岗位,,0.0,,0.0,0.0,0.0,,0.0,0.0,,0.0,0.0,,0.0,0.0,,0.0,12.0,12.0,0.0,limited,升学后弱潜力,大专学历直接可报岗位不足；专业文本在本科/升本路径中有匹配线索。,不建议把考公作为该专业在头部院校的核心卖点。,直接考公适配弱，应更多看行业就业或升学转换。,普通应用/职业院校下直接考公空间很小，优先看事业单位、基层项目或行业就业。,云南出入境边防检查总站|北京出入境边防检查总站|吉林出入境边防检查总站|新疆出入境边防检查总站|珠海出入境边防检查总站,延边边境管理支队一级警长及以下（二十三）|延边边境管理支队一级警长及以下（十五）|怒江边境管理支队一级警长及以下（四）|执勤队一级警长及以下（九）|普洱边境管理支队一级警长及以下（六）|白山边境管理支队一级警长及以下（二十一）|白山边境管理支队一级警长及以下（十三）|边检站一级警长及以下（七）
550202,舞蹈表演,专科(高职),,专科,文化艺术大类,表演艺术类,0.0,很弱/无直接岗位,2026国考职位表/中央机关及直属机构口径（第三方镜像）,0.0,0.0,0.0,0.0,0.0,0.0,0.0,0.0,0.0,无直接可报岗位,,0.0,,0.0,0.0,0.0,,0.0,0.0,,0.0,0.0,,0.0,0.0,,0.0,10.0,10.0,0.0,limited,升学后弱潜力,大专学历直接可报岗位不足；专业文本在本科/升本路径中有匹配线索。,不建议把考公作为该专业在头部院校的核心卖点。,直接考公适配弱，应更多看行业就业或升学转换。,普通应用/职业院校下直接考公空间很小，优先看事业单位、基层项目或行业就业。,云南出入境边防检查总站|吉林出入境边防检查总站|珠海出入境边防检查总站,延边边境管理支队一级警长及以下（二十三）|延边边境管理支队一级警长及以下（十五）|怒江边境管理支队一级警长及以下（四）|普洱边境管理支队一级警长及以下（六）|白山边境管理支队一级警长及以下（二十一）|白山边境管理支队一级警长及以下（十三）|边检站一级警长及以下（七）|边检站一级警长及以下（十四）
550203,戏曲表演,专科(高职),,专科,文化艺术大类,表演艺术类,0.0,很弱/无直接岗位,2026国考职位表/中央机关及直属机构口径（第三方镜像）,0.0,0.0,0.0,0.0,0.0,0.0,0.0,0.0,0.0,无直接可报岗位,,0.0,,0.0,0.0,0.0,,0.0,0.0,,0.0,0.0,,0.0,0.0,,0.0,0.0,0.0,0.0,none,暂无明显潜力,2026岗位文本中未形成直接可报匹配。,不建议把考公作为该专业在头部院校的核心卖点。,直接考公适配弱，应更多看行业就业或升学转换。,普通应用/职业院校下直接考公空间很小，优先看事业单位、基层项目或行业就业。,,
550204,表演艺术,专科(高职),,专科,文化艺术大类,表演艺术类,0.0,很弱/无直接岗位,2026国考职位表/中央机关及直属机构口径（第三方镜像）,0.0,0.0,0.0,0.0,0.0,0.0,0.0,0.0,0.0,无直接可报岗位,,0.0,,0.0,0.0,0.0,,0.0,0.0,,0.0,0.0,,0.0,0.0,,0.0,0.0,0.0,0.0,none,暂无明显潜力,2026岗位文本中未形成直接可报匹配。,不建议把考公作为该专业在头部院校的核心卖点。,直接考公适配弱，应更多看行业就业或升学转换。,普通应用/职业院校下直接考公空间很小，优先看事业单位、基层项目或行业就业。,,
550205,戏剧影视表演,专科(高职),,专科,文化艺术大类,表演艺术类,0.0,很弱/无直接岗位,2026国考职位表/中央机关及直属机构口径（第三方镜像）,0.0,0.0,0.0,0.0,0.0,0.0,0.0,0.0,0.0,无直接可报岗位,,0.0,,0.0,0.0,0.0,,0.0,0.0,,0.0,0.0,,0.0,0.0,,0.0,0.0,0.0,0.0,none,暂无明显潜力,2026岗位文本中未形成直接可报匹配。,不建议把考公作为该专业在头部院校的核心卖点。,直接考公适配弱，应更多看行业就业或升学转换。,普通应用/职业院校下直接考公空间很小，优先看事业单位、基层项目或行业就业。,,
550206,歌舞表演,专科(高职),,专科,文化艺术大类,表演艺术类,0.0,很弱/无直接岗位,2026国考职位表/中央机关及直属机构口径（第三方镜像）,0.0,0.0,0.0,0.0,0.0,0.0,0.0,0.0,0.0,无直接可报岗位,,0.0,,0.0,0.0,0.0,,0.0,0.0,,0.0,0.0,,0.0,0.0,,0.0,0.0,0.0,0.0,none,暂无明显潜力,2026岗位文本中未形成直接可报匹配。,不建议把考公作为该专业在头部院校的核心卖点。,直接考公适配弱，应更多看行业就业或升学转换。,普通应用/职业院校下直接考公空间很小，优先看事业单位、基层项目或行业就业。,,
550207,曲艺表演,专科(高职),,专科,文化艺术大类,表演艺术类,0.0,很弱/无直接岗位,2026国考职位表/中央机关及直属机构口径（第三方镜像）,0.0,0.0,0.0,0.0,0.0,0.0,0.0,0.0,0.0,无直接可报岗位,,0.0,,0.0,0.0,0.0,,0.0,0.0,,0.0,0.0,,0.0,0.0,,0.0,0.0,0.0,0.0,none,暂无明显潜力,2026岗位文本中未形成直接可报匹配。,不建议把考公作为该专业在头部院校的核心卖点。,直接考公适配弱，应更多看行业就业或升学转换。,普通应用/职业院校下直接考公空间很小，优先看事业单位、基层项目或行业就业。,,
550208,音乐剧表演,专科(高职),,专科,文化艺术大类,表演艺术类,0.0,很弱/无直接岗位,2026国考职位表/中央机关及直属机构口径（第三方镜像）,0.0,0.0,0.0,0.0,0.0,0.0,0.0,0.0,0.0,无直接可报岗位,,0.0,,0.0,0.0,0.0,,0.0,0.0,,0.0,0.0,,0.0,0.0,,0.0,0.0,0.0,0.0,none,暂无明显潜力,2026岗位文本中未形成直接可报匹配。,不建议把考公作为该专业在头部院校的核心卖点。,直接考公适配弱，应更多看行业就业或升学转换。,普通应用/职业院校下直接考公空间很小，优先看事业单位、基层项目或行业就业。,,
550209,国际标准舞,专科(高职),,专科,文化艺术大类,表演艺术类,0.0,很弱/无直接岗位,2026国考职位表/中央机关及直属机构口径（第三方镜像）,0.0,0.0,0.0,0.0,0.0,0.0,0.0,0.0,0.0,无直接可报岗位,,0.0,,0.0,0.0,0.0,,0.0,0.0,,0.0,0.0,,0.0,0.0,,0.0,0.0,0.0,0.0,none,暂无明显潜力,2026岗位文本中未形成直接可报匹配。,不建议把考公作为该专业在头部院校的核心卖点。,直接考公适配弱，应更多看行业就业或升学转换。,普通应用/职业院校下直接考公空间很小，优先看事业单位、基层项目或行业就业。,,
550210,现代流行音乐,专科(高职),,专科,文化艺术大类,表演艺术类,0.0,很弱/无直接岗位,2026国考职位表/中央机关及直属机构口径（第三方镜像）,0.0,0.0,0.0,0.0,0.0,0.0,0.0,0.0,0.0,无直接可报岗位,,0.0,,0.0,0.0,0.0,,0.0,0.0,,0.0,0.0,,0.0,0.0,,0.0,0.0,0.0,0.0,none,暂无明显潜力,2026岗位文本中未形成直接可报匹配。,不建议把考公作为该专业在头部院校的核心卖点。,直接考公适配弱，应更多看行业就业或升学转换。,普通应用/职业院校下直接考公空间很小，优先看事业单位、基层项目或行业就业。,,
550211,戏曲音乐,专科(高职),,专科,文化艺术大类,表演艺术类,0.0,很弱/无直接岗位,2026国考职位表/中央机关及直属机构口径（第三方镜像）,0.0,0.0,0.0,0.0,0.0,0.0,0.0,0.0,0.0,无直接可报岗位,,0.0,,0.0,0.0,0.0,,0.0,0.0,,0.0,0.0,,0.0,0.0,,0.0,0.0,0.0,0.0,none,暂无明显潜力,2026岗位文本中未形成直接可报匹配。,不建议把考公作为该专业在头部院校的核心卖点。,直接考公适配弱，应更多看行业就业或升学转换。,普通应用/职业院校下直接考公空间很小，优先看事业单位、基层项目或行业就业。,,
550212,音乐制作,专科(高职),,专科,文化艺术大类,表演艺术类,0.0,很弱/无直接岗位,2026国考职位表/中央机关及直属机构口径（第三方镜像）,0.0,0.0,0.0,0.0,0.0,0.0,0.0,0.0,0.0,无直接可报岗位,,0.0,,0.0,0.0,0.0,,0.0,0.0,,0.0,0.0,,0.0,0.0,,0.0,0.0,0.0,0.0,none,暂无明显潜力,2026岗位文本中未形成直接可报匹配。,不建议把考公作为该专业在头部院校的核心卖点。,直接考公适配弱，应更多看行业就业或升学转换。,普通应用/职业院校下直接考公空间很小，优先看事业单位、基层项目或行业就业。,,
550213,钢琴伴奏,专科(高职),,专科,文化艺术大类,表演艺术类,0.0,很弱/无直接岗位,2026国考职位表/中央机关及直属机构口径（第三方镜像）,0.0,0.0,0.0,0.0,0.0,0.0,0.0,0.0,0.0,无直接可报岗位,,0.0,,0.0,0.0,0.0,,0.0,0.0,,0.0,0.0,,0.0,0.0,,0.0,0.0,0.0,0.0,none,暂无明显潜力,2026岗位文本中未形成直接可报匹配。,不建议把考公作为该专业在头部院校的核心卖点。,直接考公适配弱，应更多看行业就业或升学转换。,普通应用/职业院校下直接考公空间很小，优先看事业单位、基层项目或行业就业。,,
550214,钢琴调律,专科(高职),,专科,文化艺术大类,表演艺术类,0.0,很弱/无直接岗位,2026国考职位表/中央机关及直属机构口径（第三方镜像）,0.0,0.0,0.0,0.0,0.0,0.0,0.0,0.0,0.0,无直接可报岗位,,0.0,,0.0,0.0,0.0,,0.0,0.0,,0.0,0.0,,0.0,0.0,,0.0,0.0,0.0,0.0,none,暂无明显潜力,2026岗位文本中未形成直接可报匹配。,不建议把考公作为该专业在头部院校的核心卖点。,直接考公适配弱，应更多看行业就业或升学转换。,普通应用/职业院校下直接考公空间很小，优先看事业单位、基层项目或行业就业。,,
550215,舞蹈编导,专科(高职),,专科,文化艺术大类,表演艺术类,0.0,很弱/无直接岗位,2026国考职位表/中央机关及直属机构口径（第三方镜像）,0.0,0.0,0.0,0.0,0.0,0.0,0.0,0.0,0.0,无直接可报岗位,,0.0,,0.0,0.0,0.0,,0.0,0.0,,0.0,0.0,,0.0,0.0,,0.0,2.0,2.0,0.0,limited,升学后弱潜力,大专学历直接可报岗位不足；专业文本在本科/升本路径中有匹配线索。,不建议把考公作为该专业在头部院校的核心卖点。,直接考公适配弱，应更多看行业就业或升学转换。,普通应用/职业院校下直接考公空间很小，优先看事业单位、基层项目或行业就业。,云南出入境边防检查总站,怒江边境管理支队一级警长及以下（四）|普洱边境管理支队一级警长及以下（六）
550216,音乐传播,专科(高职),,专科,文化艺术大类,表演艺术类,0.0,很弱/无直接岗位,2026国考职位表/中央机关及直属机构口径（第三方镜像）,0.0,0.0,0.0,0.0,0.0,0.0,0.0,0.0,0.0,无直接可报岗位,,0.0,,0.0,0.0,0.0,,0.0,0.0,,0.0,0.0,,0.0,0.0,,0.0,0.0,0.0,0.0,none,暂无明显潜力,2026岗位文本中未形成直接可报匹配。,不建议把考公作为该专业在头部院校的核心卖点。,直接考公适配弱，应更多看行业就业或升学转换。,普通应用/职业院校下直接考公空间很小，优先看事业单位、基层项目或行业就业。,,
550217,时尚表演与传播,专科(高职),,专科,文化艺术大类,表演艺术类,0.0,很弱/无直接岗位,2026国考职位表/中央机关及直属机构口径（第三方镜像）,0.0,0.0,0.0,0.0,0.0,0.0,0.0,0.0,0.0,无直接可报岗位,,0.0,,0.0,0.0,0.0,,0.0,0.0,,0.0,0.0,,0.0,0.0,,0.0,0.0,0.0,0.0,none,暂无明显潜力,2026岗位文本中未形成直接可报匹配。,不建议把考公作为该专业在头部院校的核心卖点。,直接考公适配弱，应更多看行业就业或升学转换。,普通应用/职业院校下直接考公空间很小，优先看事业单位、基层项目或行业就业。,,
550218,舞台艺术设计与制作,专科(高职),,专科,文化艺术大类,表演艺术类,0.0,很弱/无直接岗位,2026国考职位表/中央机关及直属机构口径（第三方镜像）,0.0,0.0,0.0,0.0,0.0,0.0,0.0,0.0,0.0,无直接可报岗位,,0.0,,0.0,0.0,0.0,,0.0,0.0,,0.0,0.0,,0.0,0.0,,0.0,0.0,0.0,0.0,none,暂无明显潜力,2026岗位文本中未形成直接可报匹配。,不建议把考公作为该专业在头部院校的核心卖点。,直接考公适配弱，应更多看行业就业或升学转换。,普通应用/职业院校下直接考公空间很小，优先看事业单位、基层项目或行业就业。,,
550219,作曲技术,专科(高职),,专科,文化艺术大类,表演艺术类,0.0,很弱/无直接岗位,2026国考职位表/中央机关及直属机构口径（第三方镜像）,0.0,0.0,0.0,0.0,0.0,0.0,0.0,0.0,0.0,无直接可报岗位,,0.0,,0.0,0.0,0.0,,0.0,0.0,,0.0,0.0,,0.0,0.0,,0.0,0.0,0.0,0.0,none,暂无明显潜力,2026岗位文本中未形成直接可报匹配。,不建议把考公作为该专业在头部院校的核心卖点。,直接考公适配弱，应更多看行业就业或升学转换。,普通应用/职业院校下直接考公空间很小，优先看事业单位、基层项目或行业就业。,,
550220,现代魔术设计与表演,专科(高职),,专科,文化艺术大类,表演艺术类,0.0,很弱/无直接岗位,2026国考职位表/中央机关及直属机构口径（第三方镜像）,0.0,0.0,0.0,0.0,0.0,0.0,0.0,0.0,0.0,无直接可报岗位,,0.0,,0.0,0.0,0.0,,0.0,0.0,,0.0,0.0,,0.0,0.0,,0.0,0.0,0.0,0.0,none,暂无明显潜力,2026岗位文本中未形成直接可报匹配。,不建议把考公作为该专业在头部院校的核心卖点。,直接考公适配弱，应更多看行业就业或升学转换。,普通应用/职业院校下直接考公空间很小，优先看事业单位、基层项目或行业就业。,,
550221,现代杂技表演艺术,专科(高职),,专科,文化艺术大类,表演艺术类,0.0,很弱/无直接岗位,2026国考职位表/中央机关及直属机构口径（第三方镜像）,0.0,0.0,0.0,0.0,0.0,0.0,0.0,0.0,0.0,无直接可报岗位,,0.0,,0.0,0.0,0.0,,0.0,0.0,,0.0,0.0,,0.0,0.0,,0.0,0.0,0.0,0.0,none,暂无明显潜力,2026岗位文本中未形成直接可报匹配。,不建议把考公作为该专业在头部院校的核心卖点。,直接考公适配弱，应更多看行业就业或升学转换。,普通应用/职业院校下直接考公空间很小，优先看事业单位、基层项目或行业就业。,,
550301,民族表演艺术,专科(高职),,专科,文化艺术大类,民族文化艺术类,0.0,很弱/无直接岗位,2026国考职位表/中央机关及直属机构口径（第三方镜像）,0.0,0.0,0.0,0.0,0.0,0.0,0.0,0.0,0.0,无直接可报岗位,,0.0,,0.0,0.0,0.0,,0.0,0.0,,0.0,0.0,,0.0,0.0,,0.0,0.0,0.0,0.0,none,暂无明显潜力,2026岗位文本中未形成直接可报匹配。,不建议把考公作为该专业在头部院校的核心卖点。,直接考公适配弱，应更多看行业就业或升学转换。,普通应用/职业院校下直接考公空间很小，优先看事业单位、基层项目或行业就业。,,
550302,民族美术,专科(高职),,专科,文化艺术大类,民族文化艺术类,0.0,很弱/无直接岗位,2026国考职位表/中央机关及直属机构口径（第三方镜像）,0.0,0.0,0.0,0.0,0.0,0.0,0.0,0.0,0.0,无直接可报岗位,,0.0,,0.0,0.0,0.0,,0.0,0.0,,0.0,0.0,,0.0,0.0,,0.0,0.0,0.0,0.0,none,暂无明显潜力,2026岗位文本中未形成直接可报匹配。,不建议把考公作为该专业在头部院校的核心卖点。,直接考公适配弱，应更多看行业就业或升学转换。,普通应用/职业院校下直接考公空间很小，优先看事业单位、基层项目或行业就业。,,
550303,民族服装与饰品,专科(高职),,专科,文化艺术大类,民族文化艺术类,0.0,很弱/无直接岗位,2026国考职位表/中央机关及直属机构口径（第三方镜像）,0.0,0.0,0.0,0.0,0.0,0.0,0.0,0.0,0.0,无直接可报岗位,,0.0,,0.0,0.0,0.0,,0.0,0.0,,0.0,0.0,,0.0,0.0,,0.0,0.0,0.0,0.0,none,暂无明显潜力,2026岗位文本中未形成直接可报匹配。,不建议把考公作为该专业在头部院校的核心卖点。,直接考公适配弱，应更多看行业就业或升学转换。,普通应用/职业院校下直接考公空间很小，优先看事业单位、基层项目或行业就业。,,
550304,民族传统技艺,专科(高职),,专科,文化艺术大类,民族文化艺术类,0.0,很弱/无直接岗位,2026国考职位表/中央机关及直属机构口径（第三方镜像）,0.0,0.0,0.0,0.0,0.0,0.0,0.0,0.0,0.0,无直接可报岗位,,0.0,,0.0,0.0,0.0,,0.0,0.0,,0.0,0.0,,0.0,0.0,,0.0,0.0,0.0,0.0,none,暂无明显潜力,2026岗位文本中未形成直接可报匹配。,不建议把考公作为该专业在头部院校的核心卖点。,直接考公适配弱，应更多看行业就业或升学转换。,普通应用/职业院校下直接考公空间很小，优先看事业单位、基层项目或行业就业。,,
550305,中国少数民族语言文化,专科(高职),,专科,文化艺术大类,民族文化艺术类,0.0,很弱/无直接岗位,2026国考职位表/中央机关及直属机构口径（第三方镜像）,0.0,0.0,0.0,0.0,0.0,0.0,0.0,0.0,0.0,无直接可报岗位,,0.0,,0.0,0.0,0.0,,0.0,0.0,,0.0,0.0,,0.0,0.0,,0.0,0.0,0.0,0.0,none,暂无明显潜力,2026岗位文本中未形成直接可报匹配。,不建议把考公作为该专业在头部院校的核心卖点。,直接考公适配弱，应更多看行业就业或升学转换。,普通应用/职业院校下直接考公空间很小，优先看事业单位、基层项目或行业就业。,,
550401,文化创意与策划,专科(高职),,专科,文化艺术大类,文化服务类,0.0,很弱/无直接岗位,2026国考职位表/中央机关及直属机构口径（第三方镜像）,0.0,0.0,0.0,0.0,0.0,0.0,0.0,0.0,0.0,无直接可报岗位,,0.0,,0.0,0.0,0.0,,0.0,0.0,,0.0,0.0,,0.0,0.0,,0.0,0.0,0.0,0.0,none,暂无明显潜力,2026岗位文本中未形成直接可报匹配。,不建议把考公作为该专业在头部院校的核心卖点。,直接考公适配弱，应更多看行业就业或升学转换。,普通应用/职业院校下直接考公空间很小，优先看事业单位、基层项目或行业就业。,,
550402,文化产业经营与管理,专科(高职),,专科,文化艺术大类,文化服务类,0.0,很弱/无直接岗位,2026国考职位表/中央机关及直属机构口径（第三方镜像）,0.0,0.0,0.0,0.0,0.0,0.0,0.0,0.0,0.0,无直接可报岗位,,0.0,,0.0,0.0,0.0,,0.0,0.0,,0.0,0.0,,0.0,0.0,,0.0,0.0,0.0,0.0,none,暂无明显潜力,2026岗位文本中未形成直接可报匹配。,不建议把考公作为该专业在头部院校的核心卖点。,直接考公适配弱，应更多看行业就业或升学转换。,普通应用/职业院校下直接考公空间很小，优先看事业单位、基层项目或行业就业。,,
550403,公共文化服务与管理,专科(高职),,专科,文化艺术大类,文化服务类,0.0,很弱/无直接岗位,2026国考职位表/中央机关及直属机构口径（第三方镜像）,0.0,0.0,0.0,0.0,0.0,0.0,0.0,0.0,0.0,无直接可报岗位,,0.0,,0.0,0.0,0.0,,0.0,0.0,,0.0,0.0,,0.0,0.0,,0.0,0.0,0.0,0.0,none,暂无明显潜力,2026岗位文本中未形成直接可报匹配。,不建议把考公作为该专业在头部院校的核心卖点。,直接考公适配弱，应更多看行业就业或升学转换。,普通应用/职业院校下直接考公空间很小，优先看事业单位、基层项目或行业就业。,,
550404,文物修复与保护,专科(高职),,专科,文化艺术大类,文化服务类,0.0,很弱/无直接岗位,2026国考职位表/中央机关及直属机构口径（第三方镜像）,0.0,0.0,0.0,0.0,0.0,0.0,0.0,0.0,0.0,无直接可报岗位,,0.0,,0.0,0.0,0.0,,0.0,0.0,,0.0,0.0,,0.0,0.0,,0.0,0.0,0.0,0.0,none,暂无明显潜力,2026岗位文本中未形成直接可报匹配。,不建议把考公作为该专业在头部院校的核心卖点。,直接考公适配弱，应更多看行业就业或升学转换。,普通应用/职业院校下直接考公空间很小，优先看事业单位、基层项目或行业就业。,,
550405,文物考古技术,专科(高职),,专科,文化艺术大类,文化服务类,0.0,很弱/无直接岗位,2026国考职位表/中央机关及直属机构口径（第三方镜像）,0.0,0.0,0.0,0.0,0.0,0.0,0.0,0.0,0.0,无直接可报岗位,,0.0,,0.0,0.0,0.0,,0.0,0.0,,0.0,0.0,,0.0,0.0,,0.0,0.0,0.0,0.0,none,暂无明显潜力,2026岗位文本中未形成直接可报匹配。,不建议把考公作为该专业在头部院校的核心卖点。,直接考公适配弱，应更多看行业就业或升学转换。,普通应用/职业院校下直接考公空间很小，优先看事业单位、基层项目或行业就业。,,
550406,文物展示利用技术,专科(高职),,专科,文化艺术大类,文化服务类,0.0,很弱/无直接岗位,2026国考职位表/中央机关及直属机构口径（第三方镜像）,0.0,0.0,0.0,0.0,0.0,0.0,0.0,0.0,0.0,无直接可报岗位,,0.0,,0.0,0.0,0.0,,0.0,0.0,,0.0,0.0,,0.0,0.0,,0.0,0.0,0.0,0.0,none,暂无明显潜力,2026岗位文本中未形成直接可报匹配。,不建议把考公作为该专业在头部院校的核心卖点。,直接考公适配弱，应更多看行业就业或升学转换。,普通应用/职业院校下直接考公空间很小，优先看事业单位、基层项目或行业就业。,,
550407,图书档案管理,专科(高职),,专科,文化艺术大类,文化服务类,0.0,很弱/无直接岗位,2026国考职位表/中央机关及直属机构口径（第三方镜像）,0.0,0.0,0.0,0.0,0.0,0.0,0.0,0.0,0.0,无直接可报岗位,,0.0,,0.0,0.0,0.0,,0.0,0.0,,0.0,0.0,,0.0,0.0,,0.0,0.0,0.0,0.0,none,暂无明显潜力,2026岗位文本中未形成直接可报匹配。,不建议把考公作为该专业在头部院校的核心卖点。,直接考公适配弱，应更多看行业就业或升学转换。,普通应用/职业院校下直接考公空间很小，优先看事业单位、基层项目或行业就业。,,
550408,石窟寺保护技术,专科(高职),,专科,文化艺术大类,文化服务类,0.0,很弱/无直接岗位,2026国考职位表/中央机关及直属机构口径（第三方镜像）,0.0,0.0,0.0,0.0,0.0,0.0,0.0,0.0,0.0,无直接可报岗位,,0.0,,0.0,0.0,0.0,,0.0,0.0,,0.0,0.0,,0.0,0.0,,0.0,0.0,0.0,0.0,none,暂无明显潜力,2026岗位文本中未形成直接可报匹配。,不建议把考公作为该专业在头部院校的核心卖点。,直接考公适配弱，应更多看行业就业或升学转换。,普通应用/职业院校下直接考公空间很小，优先看事业单位、基层项目或行业就业。,,
550409,文物数字技术,专科(高职),,专科,文化艺术大类,文化服务类,0.0,很弱/无直接岗位,2026国考职位表/中央机关及直属机构口径（第三方镜像）,0.0,0.0,0.0,0.0,0.0,0.0,0.0,0.0,0.0,无直接可报岗位,,0.0,,0.0,0.0,0.0,,0.0,0.0,,0.0,0.0,,0.0,0.0,,0.0,0.0,0.0,0.0,none,暂无明显潜力,2026岗位文本中未形成直接可报匹配。,不建议把考公作为该专业在头部院校的核心卖点。,直接考公适配弱，应更多看行业就业或升学转换。,普通应用/职业院校下直接考公空间很小，优先看事业单位、基层项目或行业就业。,,
280101,化妆品工程技术,本科(职业),,本科,轻工纺织大类,轻化工类,0.0,很弱/无直接岗位,2026国考职位表/中央机关及直属机构口径（第三方镜像）,0.0,0.0,0.0,0.0,0.0,0.0,0.0,0.0,0.0,无直接可报岗位,,0.0,,0.0,0.0,0.0,,0.0,0.0,,0.0,0.0,,0.0,0.0,,0.0,0.0,0.0,0.0,,暂无明显潜力,2026岗位文本中未形成直接可报匹配。,不建议把考公作为该专业在头部院校的核心卖点。,直接考公适配弱，应更多看行业就业或升学转换。,不适合作为普通应用院校的考公主卖点。,,
280102,现代造纸工程技术,本科(职业),,本科,轻工纺织大类,轻化工类,0.0,很弱/无直接岗位,2026国考职位表/中央机关及直属机构口径（第三方镜像）,0.0,0.0,0.0,0.0,0.0,0.0,0.0,0.0,0.0,无直接可报岗位,,0.0,,0.0,0.0,0.0,,0.0,0.0,,0.0,0.0,,0.0,0.0,,0.0,0.0,0.0,0.0,,暂无明显潜力,2026岗位文本中未形成直接可报匹配。,不建议把考公作为该专业在头部院校的核心卖点。,直接考公适配弱，应更多看行业就业或升学转换。,不适合作为普通应用院校的考公主卖点。,,
280103,珠宝首饰工程技术,本科(职业),,本科,轻工纺织大类,轻化工类,0.0,很弱/无直接岗位,2026国考职位表/中央机关及直属机构口径（第三方镜像）,0.0,0.0,0.0,0.0,0.0,0.0,0.0,0.0,0.0,无直接可报岗位,,0.0,,0.0,0.0,0.0,,0.0,0.0,,0.0,0.0,,0.0,0.0,,0.0,0.0,0.0,0.0,,暂无明显潜力,2026岗位文本中未形成直接可报匹配。,不建议把考公作为该专业在头部院校的核心卖点。,直接考公适配弱，应更多看行业就业或升学转换。,不适合作为普通应用院校的考公主卖点。,,
280201,包装工程技术,本科(职业),,本科,轻工纺织大类,包装类,0.0,很弱/无直接岗位,2026国考职位表/中央机关及直属机构口径（第三方镜像）,0.0,0.0,0.0,0.0,0.0,0.0,0.0,0.0,0.0,无直接可报岗位,,0.0,,0.0,0.0,0.0,,0.0,0.0,,0.0,0.0,,0.0,0.0,,0.0,0.0,0.0,0.0,,暂无明显潜力,2026岗位文本中未形成直接可报匹配。,不建议把考公作为该专业在头部院校的核心卖点。,直接考公适配弱，应更多看行业就业或升学转换。,不适合作为普通应用院校的考公主卖点。,,
280301,数字印刷工程,本科(职业),,本科,轻工纺织大类,印刷类,0.0,很弱/无直接岗位,2026国考职位表/中央机关及直属机构口径（第三方镜像）,0.0,0.0,0.0,0.0,0.0,0.0,0.0,0.0,0.0,无直接可报岗位,,0.0,,0.0,0.0,0.0,,0.0,0.0,,0.0,0.0,,0.0,0.0,,0.0,0.0,0.0,0.0,,暂无明显潜力,2026岗位文本中未形成直接可报匹配。,不建议把考公作为该专业在头部院校的核心卖点。,直接考公适配弱，应更多看行业就业或升学转换。,不适合作为普通应用院校的考公主卖点。,,
280401,现代纺织工程技术,本科(职业),,本科,轻工纺织大类,纺织服装类,0.0,很弱/无直接岗位,2026国考职位表/中央机关及直属机构口径（第三方镜像）,0.0,0.0,0.0,0.0,0.0,0.0,0.0,0.0,0.0,无直接可报岗位,,0.0,,0.0,0.0,0.0,,0.0,0.0,,0.0,0.0,,0.0,0.0,,0.0,0.0,0.0,0.0,,暂无明显潜力,2026岗位文本中未形成直接可报匹配。,不建议把考公作为该专业在头部院校的核心卖点。,直接考公适配弱，应更多看行业就业或升学转换。,不适合作为普通应用院校的考公主卖点。,,
280402,服装工程技术,本科(职业),,本科,轻工纺织大类,纺织服装类,0.0,很弱/无直接岗位,2026国考职位表/中央机关及直属机构口径（第三方镜像）,0.0,0.0,0.0,0.0,0.0,0.0,0.0,0.0,0.0,无直接可报岗位,,0.0,,0.0,0.0,0.0,,0.0,0.0,,0.0,0.0,,0.0,0.0,,0.0,0.0,0.0,0.0,,暂无明显潜力,2026岗位文本中未形成直接可报匹配。,不建议把考公作为该专业在头部院校的核心卖点。,直接考公适配弱，应更多看行业就业或升学转换。,不适合作为普通应用院校的考公主卖点。,,
280403,数字化染整技术,本科(职业),,本科,轻工纺织大类,纺织服装类,0.0,很弱/无直接岗位,2026国考职位表/中央机关及直属机构口径（第三方镜像）,0.0,0.0,0.0,0.0,0.0,0.0,0.0,0.0,0.0,无直接可报岗位,,0.0,,0.0,0.0,0.0,,0.0,0.0,,0.0,0.0,,0.0,0.0,,0.0,0.0,0.0,0.0,,暂无明显潜力,2026岗位文本中未形成直接可报匹配。,不建议把考公作为该专业在头部院校的核心卖点。,直接考公适配弱，应更多看行业就业或升学转换。,不适合作为普通应用院校的考公主卖点。,,
280404,鞋类工程技术,本科(职业),,本科,轻工纺织大类,纺织服装类,0.0,很弱/无直接岗位,2026国考职位表/中央机关及直属机构口径（第三方镜像）,0.0,0.0,0.0,0.0,0.0,0.0,0.0,0.0,0.0,无直接可报岗位,,0.0,,0.0,0.0,0.0,,0.0,0.0,,0.0,0.0,,0.0,0.0,,0.0,0.0,0.0,0.0,,暂无明显潜力,2026岗位文本中未形成直接可报匹配。,不建议把考公作为该专业在头部院校的核心卖点。,直接考公适配弱，应更多看行业就业或升学转换。,不适合作为普通应用院校的考公主卖点。,,
560101,数字图文信息处理技术,专科(高职),,专科,新闻传播大类,新闻出版类,0.0,很弱/无直接岗位,2026国考职位表/中央机关及直属机构口径（第三方镜像）,0.0,0.0,0.0,0.0,0.0,0.0,0.0,0.0,0.0,无直接可报岗位,,0.0,,0.0,0.0,0.0,,0.0,0.0,,0.0,0.0,,0.0,0.0,,0.0,0.0,0.0,0.0,none,暂无明显潜力,2026岗位文本中未形成直接可报匹配。,不建议把考公作为该专业在头部院校的核心卖点。,直接考公适配弱，应更多看行业就业或升学转换。,普通应用/职业院校下直接考公空间很小，优先看事业单位、基层项目或行业就业。,,
560102,网络新闻与传播,专科(高职),,专科,新闻传播大类,新闻出版类,0.0,很弱/无直接岗位,2026国考职位表/中央机关及直属机构口径（第三方镜像）,0.0,0.0,0.0,0.0,0.0,0.0,0.0,0.0,0.0,无直接可报岗位,,0.0,,0.0,0.0,0.0,,0.0,0.0,,0.0,0.0,,0.0,0.0,,0.0,0.0,0.0,0.0,none,暂无明显潜力,2026岗位文本中未形成直接可报匹配。,不建议把考公作为该专业在头部院校的核心卖点。,直接考公适配弱，应更多看行业就业或升学转换。,普通应用/职业院校下直接考公空间很小，优先看事业单位、基层项目或行业就业。,,
560103,出版策划与编辑,专科(高职),,专科,新闻传播大类,新闻出版类,0.0,很弱/无直接岗位,2026国考职位表/中央机关及直属机构口径（第三方镜像）,0.0,0.0,0.0,0.0,0.0,0.0,0.0,0.0,0.0,无直接可报岗位,,0.0,,0.0,0.0,0.0,,0.0,0.0,,0.0,0.0,,0.0,0.0,,0.0,0.0,0.0,0.0,none,暂无明显潜力,2026岗位文本中未形成直接可报匹配。,不建议把考公作为该专业在头部院校的核心卖点。,直接考公适配弱，应更多看行业就业或升学转换。,普通应用/职业院校下直接考公空间很小，优先看事业单位、基层项目或行业就业。,,
560104,出版商务,专科(高职),,专科,新闻传播大类,新闻出版类,0.0,很弱/无直接岗位,2026国考职位表/中央机关及直属机构口径（第三方镜像）,0.0,0.0,0.0,0.0,0.0,0.0,0.0,0.0,0.0,无直接可报岗位,,0.0,,0.0,0.0,0.0,,0.0,0.0,,0.0,0.0,,0.0,0.0,,0.0,0.0,0.0,0.0,none,暂无明显潜力,2026岗位文本中未形成直接可报匹配。,不建议把考公作为该专业在头部院校的核心卖点。,直接考公适配弱，应更多看行业就业或升学转换。,普通应用/职业院校下直接考公空间很小，优先看事业单位、基层项目或行业就业。,,
560105,数字出版,专科(高职),,专科,新闻传播大类,新闻出版类,0.0,很弱/无直接岗位,2026国考职位表/中央机关及直属机构口径（第三方镜像）,0.0,0.0,0.0,0.0,0.0,0.0,0.0,0.0,0.0,无直接可报岗位,,0.0,,0.0,0.0,0.0,,0.0,0.0,,0.0,0.0,,0.0,0.0,,0.0,0.0,0.0,0.0,none,暂无明显潜力,2026岗位文本中未形成直接可报匹配。,不建议把考公作为该专业在头部院校的核心卖点。,直接考公适配弱，应更多看行业就业或升学转换。,普通应用/职业院校下直接考公空间很小，优先看事业单位、基层项目或行业就业。,,
560106,数字媒体设备应用与管理,专科(高职),,专科,新闻传播大类,新闻出版类,0.0,很弱/无直接岗位,2026国考职位表/中央机关及直属机构口径（第三方镜像）,0.0,0.0,0.0,0.0,0.0,0.0,0.0,0.0,0.0,无直接可报岗位,,0.0,,0.0,0.0,0.0,,0.0,0.0,,0.0,0.0,,0.0,0.0,,0.0,0.0,0.0,0.0,none,暂无明显潜力,2026岗位文本中未形成直接可报匹配。,不建议把考公作为该专业在头部院校的核心卖点。,直接考公适配弱，应更多看行业就业或升学转换。,普通应用/职业院校下直接考公空间很小，优先看事业单位、基层项目或行业就业。,,
560201,播音与主持,专科(高职),,专科,新闻传播大类,广播影视类,0.0,很弱/无直接岗位,2026国考职位表/中央机关及直属机构口径（第三方镜像）,0.0,0.0,0.0,0.0,0.0,0.0,0.0,0.0,0.0,无直接可报岗位,,0.0,,0.0,0.0,0.0,,0.0,0.0,,0.0,0.0,,0.0,0.0,,0.0,28.0,28.0,0.0,limited,升学后中等潜力,大专学历直接可报岗位不足；专业文本在本科/升本路径中有匹配线索。,不建议把考公作为该专业在头部院校的核心卖点。,直接考公适配弱，应更多看行业就业或升学转换。,普通应用/职业院校下直接考公空间很小，优先看事业单位、基层项目或行业就业。,中央办公厅|云南出入境边防检查总站|内蒙古出入境边防检查总站|北京出入境边防检查总站|吉林出入境边防检查总站|国家移民管理局东兴遣返中心|天津出入境边防检查总站|西藏出入境边防检查总站,东兴遣返中心执行队一级警长及以下（七）|佳木斯边境管理支队一级警长及以下（三）|保山边境管理支队一级警长及以下（三）|双鸭山边境管理支队一级警长及以下（四）|吉隆出入境边防检查站一级警长及以下（五）|呼伦贝尔边境管理支队一级警长及以下（五）|宣传教育岗位一级主任科员及以下|山南边境管理支队一级警长及以下（九）
560202,广播影视节目制作,专科(高职),,专科,新闻传播大类,广播影视类,0.0,很弱/无直接岗位,2026国考职位表/中央机关及直属机构口径（第三方镜像）,0.0,0.0,0.0,0.0,0.0,0.0,0.0,0.0,0.0,无直接可报岗位,,0.0,,0.0,0.0,0.0,,0.0,0.0,,0.0,0.0,,0.0,0.0,,0.0,0.0,0.0,0.0,none,暂无明显潜力,2026岗位文本中未形成直接可报匹配。,不建议把考公作为该专业在头部院校的核心卖点。,直接考公适配弱，应更多看行业就业或升学转换。,普通应用/职业院校下直接考公空间很小，优先看事业单位、基层项目或行业就业。,,
560203,数字广播电视技术,专科(高职),,专科,新闻传播大类,广播影视类,0.0,很弱/无直接岗位,2026国考职位表/中央机关及直属机构口径（第三方镜像）,0.0,0.0,0.0,0.0,0.0,0.0,0.0,0.0,0.0,无直接可报岗位,,0.0,,0.0,0.0,0.0,,0.0,0.0,,0.0,0.0,,0.0,0.0,,0.0,0.0,0.0,0.0,none,暂无明显潜力,2026岗位文本中未形成直接可报匹配。,不建议把考公作为该专业在头部院校的核心卖点。,直接考公适配弱，应更多看行业就业或升学转换。,普通应用/职业院校下直接考公空间很小，优先看事业单位、基层项目或行业就业。,,
560204,影视编导,专科(高职),,专科,新闻传播大类,广播影视类,0.0,很弱/无直接岗位,2026国考职位表/中央机关及直属机构口径（第三方镜像）,0.0,0.0,0.0,0.0,0.0,0.0,0.0,0.0,0.0,无直接可报岗位,,0.0,,0.0,0.0,0.0,,0.0,0.0,,0.0,0.0,,0.0,0.0,,0.0,0.0,0.0,0.0,none,暂无明显潜力,2026岗位文本中未形成直接可报匹配。,不建议把考公作为该专业在头部院校的核心卖点。,直接考公适配弱，应更多看行业就业或升学转换。,普通应用/职业院校下直接考公空间很小，优先看事业单位、基层项目或行业就业。,,
560205,新闻采编与制作,专科(高职),,专科,新闻传播大类,广播影视类,0.0,很弱/无直接岗位,2026国考职位表/中央机关及直属机构口径（第三方镜像）,0.0,0.0,0.0,0.0,0.0,0.0,0.0,0.0,0.0,无直接可报岗位,,0.0,,0.0,0.0,0.0,,0.0,0.0,,0.0,0.0,,0.0,0.0,,0.0,0.0,0.0,0.0,none,暂无明显潜力,2026岗位文本中未形成直接可报匹配。,不建议把考公作为该专业在头部院校的核心卖点。,直接考公适配弱，应更多看行业就业或升学转换。,普通应用/职业院校下直接考公空间很小，优先看事业单位、基层项目或行业就业。,,
560206,影视动画,专科(高职),,专科,新闻传播大类,广播影视类,0.0,很弱/无直接岗位,2026国考职位表/中央机关及直属机构口径（第三方镜像）,0.0,0.0,0.0,0.0,0.0,0.0,0.0,0.0,0.0,无直接可报岗位,,0.0,,0.0,0.0,0.0,,0.0,0.0,,0.0,0.0,,0.0,0.0,,0.0,0.0,0.0,0.0,none,暂无明显潜力,2026岗位文本中未形成直接可报匹配。,不建议把考公作为该专业在头部院校的核心卖点。,直接考公适配弱，应更多看行业就业或升学转换。,普通应用/职业院校下直接考公空间很小，优先看事业单位、基层项目或行业就业。,,
560207,影视制片管理,专科(高职),,专科,新闻传播大类,广播影视类,0.0,很弱/无直接岗位,2026国考职位表/中央机关及直属机构口径（第三方镜像）,0.0,0.0,0.0,0.0,0.0,0.0,0.0,0.0,0.0,无直接可报岗位,,0.0,,0.0,0.0,0.0,,0.0,0.0,,0.0,0.0,,0.0,0.0,,0.0,0.0,0.0,0.0,none,暂无明显潜力,2026岗位文本中未形成直接可报匹配。,不建议把考公作为该专业在头部院校的核心卖点。,直接考公适配弱，应更多看行业就业或升学转换。,普通应用/职业院校下直接考公空间很小，优先看事业单位、基层项目或行业就业。,,
560208,影视多媒体技术,专科(高职),,专科,新闻传播大类,广播影视类,0.0,很弱/无直接岗位,2026国考职位表/中央机关及直属机构口径（第三方镜像）,0.0,0.0,0.0,0.0,0.0,0.0,0.0,0.0,0.0,无直接可报岗位,,0.0,,0.0,0.0,0.0,,0.0,0.0,,0.0,0.0,,0.0,0.0,,0.0,0.0,0.0,0.0,none,暂无明显潜力,2026岗位文本中未形成直接可报匹配。,不建议把考公作为该专业在头部院校的核心卖点。,直接考公适配弱，应更多看行业就业或升学转换。,普通应用/职业院校下直接考公空间很小，优先看事业单位、基层项目或行业就业。,,
560209,影视照明技术与艺术,专科(高职),,专科,新闻传播大类,广播影视类,0.0,很弱/无直接岗位,2026国考职位表/中央机关及直属机构口径（第三方镜像）,0.0,0.0,0.0,0.0,0.0,0.0,0.0,0.0,0.0,无直接可报岗位,,0.0,,0.0,0.0,0.0,,0.0,0.0,,0.0,0.0,,0.0,0.0,,0.0,0.0,0.0,0.0,none,暂无明显潜力,2026岗位文本中未形成直接可报匹配。,不建议把考公作为该专业在头部院校的核心卖点。,直接考公适配弱，应更多看行业就业或升学转换。,普通应用/职业院校下直接考公空间很小，优先看事业单位、基层项目或行业就业。,,
560210,音像技术,专科(高职),,专科,新闻传播大类,广播影视类,0.0,很弱/无直接岗位,2026国考职位表/中央机关及直属机构口径（第三方镜像）,0.0,0.0,0.0,0.0,0.0,0.0,0.0,0.0,0.0,无直接可报岗位,,0.0,,0.0,0.0,0.0,,0.0,0.0,,0.0,0.0,,0.0,0.0,,0.0,0.0,0.0,0.0,none,暂无明显潜力,2026岗位文本中未形成直接可报匹配。,不建议把考公作为该专业在头部院校的核心卖点。,直接考公适配弱，应更多看行业就业或升学转换。,普通应用/职业院校下直接考公空间很小，优先看事业单位、基层项目或行业就业。,,
560211,录音技术与艺术,专科(高职),,专科,新闻传播大类,广播影视类,0.0,很弱/无直接岗位,2026国考职位表/中央机关及直属机构口径（第三方镜像）,0.0,0.0,0.0,0.0,0.0,0.0,0.0,0.0,0.0,无直接可报岗位,,0.0,,0.0,0.0,0.0,,0.0,0.0,,0.0,0.0,,0.0,0.0,,0.0,0.0,0.0,0.0,none,暂无明显潜力,2026岗位文本中未形成直接可报匹配。,不建议把考公作为该专业在头部院校的核心卖点。,直接考公适配弱，应更多看行业就业或升学转换。,普通应用/职业院校下直接考公空间很小，优先看事业单位、基层项目或行业就业。,,
560212,摄影摄像技术,专科(高职),,专科,新闻传播大类,广播影视类,0.0,很弱/无直接岗位,2026国考职位表/中央机关及直属机构口径（第三方镜像）,0.0,0.0,0.0,0.0,0.0,0.0,0.0,0.0,0.0,无直接可报岗位,,0.0,,0.0,0.0,0.0,,0.0,0.0,,0.0,0.0,,0.0,0.0,,0.0,0.0,0.0,0.0,none,暂无明显潜力,2026岗位文本中未形成直接可报匹配。,不建议把考公作为该专业在头部院校的核心卖点。,直接考公适配弱，应更多看行业就业或升学转换。,普通应用/职业院校下直接考公空间很小，优先看事业单位、基层项目或行业就业。,,
560213,融媒体技术与运营,专科(高职),,专科,新闻传播大类,广播影视类,0.0,很弱/无直接岗位,2026国考职位表/中央机关及直属机构口径（第三方镜像）,0.0,0.0,0.0,0.0,0.0,0.0,0.0,0.0,0.0,无直接可报岗位,,0.0,,0.0,0.0,0.0,,0.0,0.0,,0.0,0.0,,0.0,0.0,,0.0,0.0,0.0,0.0,none,暂无明显潜力,2026岗位文本中未形成直接可报匹配。,不建议把考公作为该专业在头部院校的核心卖点。,直接考公适配弱，应更多看行业就业或升学转换。,普通应用/职业院校下直接考公空间很小，优先看事业单位、基层项目或行业就业。,,
560214,网络直播与运营,专科(高职),,专科,新闻传播大类,广播影视类,0.0,很弱/无直接岗位,2026国考职位表/中央机关及直属机构口径（第三方镜像）,0.0,0.0,0.0,0.0,0.0,0.0,0.0,0.0,0.0,无直接可报岗位,,0.0,,0.0,0.0,0.0,,0.0,0.0,,0.0,0.0,,0.0,0.0,,0.0,0.0,0.0,0.0,none,暂无明显潜力,2026岗位文本中未形成直接可报匹配。,不建议把考公作为该专业在头部院校的核心卖点。,直接考公适配弱，应更多看行业就业或升学转换。,普通应用/职业院校下直接考公空间很小，优先看事业单位、基层项目或行业就业。,,
560215,传播与策划,专科(高职),,专科,新闻传播大类,广播影视类,0.0,很弱/无直接岗位,2026国考职位表/中央机关及直属机构口径（第三方镜像）,0.0,0.0,0.0,0.0,0.0,0.0,0.0,0.0,0.0,无直接可报岗位,,0.0,,0.0,0.0,0.0,,0.0,0.0,,0.0,0.0,,0.0,0.0,,0.0,0.0,0.0,0.0,none,暂无明显潜力,2026岗位文本中未形成直接可报匹配。,不建议把考公作为该专业在头部院校的核心卖点。,直接考公适配弱，应更多看行业就业或升学转换。,普通应用/职业院校下直接考公空间很小，优先看事业单位、基层项目或行业就业。,,
560216,全媒体广告策划与营销,专科(高职),,专科,新闻传播大类,广播影视类,0.0,很弱/无直接岗位,2026国考职位表/中央机关及直属机构口径（第三方镜像）,0.0,0.0,0.0,0.0,0.0,0.0,0.0,0.0,0.0,无直接可报岗位,,0.0,,0.0,0.0,0.0,,0.0,0.0,,0.0,0.0,,0.0,0.0,,0.0,0.0,0.0,0.0,none,暂无明显潜力,2026岗位文本中未形成直接可报匹配。,不建议把考公作为该专业在头部院校的核心卖点。,直接考公适配弱，应更多看行业就业或升学转换。,普通应用/职业院校下直接考公空间很小，优先看事业单位、基层项目或行业就业。,,
560217,数字影像档案技术,专科(高职),,专科,新闻传播大类,广播影视类,0.0,很弱/无直接岗位,2026国考职位表/中央机关及直属机构口径（第三方镜像）,0.0,0.0,0.0,0.0,0.0,0.0,0.0,0.0,0.0,无直接可报岗位,,0.0,,0.0,0.0,0.0,,0.0,0.0,,0.0,0.0,,0.0,0.0,,0.0,0.0,0.0,0.0,none,暂无明显潜力,2026岗位文本中未形成直接可报匹配。,不建议把考公作为该专业在头部院校的核心卖点。,直接考公适配弱，应更多看行业就业或升学转换。,普通应用/职业院校下直接考公空间很小，优先看事业单位、基层项目或行业就业。,,
370101,学前教育,本科(职业),,本科,教育与体育大类,教育类,0.0,很弱/无直接岗位,2026国考职位表/中央机关及直属机构口径（第三方镜像）,0.0,0.0,0.0,0.0,0.0,0.0,0.0,0.0,0.0,无直接可报岗位,,0.0,,0.0,0.0,0.0,,0.0,0.0,,0.0,0.0,,0.0,0.0,,0.0,0.0,0.0,0.0,,暂无明显潜力,2026岗位文本中未形成直接可报匹配。,不建议把考公作为该专业在头部院校的核心卖点。,直接考公适配弱，应更多看行业就业或升学转换。,不适合作为普通应用院校的考公主卖点。,,
370201,应用英语,本科(职业),,本科,教育与体育大类,语言类,0.0,很弱/无直接岗位,2026国考职位表/中央机关及直属机构口径（第三方镜像）,0.0,0.0,0.0,0.0,0.0,0.0,0.0,0.0,0.0,无直接可报岗位,,0.0,,0.0,0.0,0.0,,0.0,0.0,,0.0,0.0,,0.0,0.0,,0.0,0.0,0.0,0.0,,暂无明显潜力,2026岗位文本中未形成直接可报匹配。,不建议把考公作为该专业在头部院校的核心卖点。,直接考公适配弱，应更多看行业就业或升学转换。,不适合作为普通应用院校的考公主卖点。,,
370202,应用日语,本科(职业),,本科,教育与体育大类,语言类,0.0,很弱/无直接岗位,2026国考职位表/中央机关及直属机构口径（第三方镜像）,0.0,0.0,0.0,0.0,0.0,0.0,0.0,0.0,0.0,无直接可报岗位,,0.0,,0.0,0.0,0.0,,0.0,0.0,,0.0,0.0,,0.0,0.0,,0.0,0.0,0.0,0.0,,暂无明显潜力,2026岗位文本中未形成直接可报匹配。,不建议把考公作为该专业在头部院校的核心卖点。,直接考公适配弱，应更多看行业就业或升学转换。,不适合作为普通应用院校的考公主卖点。,,
370203,应用韩语,本科(职业),,本科,教育与体育大类,语言类,0.0,很弱/无直接岗位,2026国考职位表/中央机关及直属机构口径（第三方镜像）,0.0,0.0,0.0,0.0,0.0,0.0,0.0,0.0,0.0,无直接可报岗位,,0.0,,0.0,0.0,0.0,,0.0,0.0,,0.0,0.0,,0.0,0.0,,0.0,0.0,0.0,0.0,,暂无明显潜力,2026岗位文本中未形成直接可报匹配。,不建议把考公作为该专业在头部院校的核心卖点。,直接考公适配弱，应更多看行业就业或升学转换。,不适合作为普通应用院校的考公主卖点。,,
370204,应用俄语,本科(职业),,本科,教育与体育大类,语言类,0.0,很弱/无直接岗位,2026国考职位表/中央机关及直属机构口径（第三方镜像）,0.0,0.0,0.0,0.0,0.0,0.0,0.0,0.0,0.0,无直接可报岗位,,0.0,,0.0,0.0,0.0,,0.0,0.0,,0.0,0.0,,0.0,0.0,,0.0,0.0,0.0,0.0,,暂无明显潜力,2026岗位文本中未形成直接可报匹配。,不建议把考公作为该专业在头部院校的核心卖点。,直接考公适配弱，应更多看行业就业或升学转换。,不适合作为普通应用院校的考公主卖点。,,
370205,应用泰语,本科(职业),,本科,教育与体育大类,语言类,0.0,很弱/无直接岗位,2026国考职位表/中央机关及直属机构口径（第三方镜像）,0.0,0.0,0.0,0.0,0.0,0.0,0.0,0.0,0.0,无直接可报岗位,,0.0,,0.0,0.0,0.0,,0.0,0.0,,0.0,0.0,,0.0,0.0,,0.0,0.0,0.0,0.0,,暂无明显潜力,2026岗位文本中未形成直接可报匹配。,不建议把考公作为该专业在头部院校的核心卖点。,直接考公适配弱，应更多看行业就业或升学转换。,不适合作为普通应用院校的考公主卖点。,,
370206,应用外语,本科(职业),,本科,教育与体育大类,语言类,0.0,很弱/无直接岗位,2026国考职位表/中央机关及直属机构口径（第三方镜像）,0.0,0.0,0.0,0.0,0.0,0.0,0.0,0.0,0.0,无直接可报岗位,,0.0,,0.0,0.0,0.0,,0.0,0.0,,0.0,0.0,,0.0,0.0,,0.0,0.0,0.0,0.0,,暂无明显潜力,2026岗位文本中未形成直接可报匹配。,不建议把考公作为该专业在头部院校的核心卖点。,直接考公适配弱，应更多看行业就业或升学转换。,不适合作为普通应用院校的考公主卖点。,,
370207,应用西班牙语,本科(职业),,本科,教育与体育大类,语言类,0.0,很弱/无直接岗位,2026国考职位表/中央机关及直属机构口径（第三方镜像）,0.0,0.0,0.0,0.0,0.0,0.0,0.0,0.0,0.0,无直接可报岗位,,0.0,,0.0,0.0,0.0,,0.0,0.0,,0.0,0.0,,0.0,0.0,,0.0,0.0,0.0,0.0,,暂无明显潜力,2026岗位文本中未形成直接可报匹配。,不建议把考公作为该专业在头部院校的核心卖点。,直接考公适配弱，应更多看行业就业或升学转换。,不适合作为普通应用院校的考公主卖点。,,
370208,中文国际教育,本科(职业),,本科,教育与体育大类,语言类,0.0,很弱/无直接岗位,2026国考职位表/中央机关及直属机构口径（第三方镜像）,0.0,0.0,0.0,0.0,0.0,0.0,0.0,0.0,0.0,无直接可报岗位,,0.0,,0.0,0.0,0.0,,0.0,0.0,,0.0,0.0,,0.0,0.0,,0.0,0.0,0.0,0.0,,暂无明显潜力,2026岗位文本中未形成直接可报匹配。,不建议把考公作为该专业在头部院校的核心卖点。,直接考公适配弱，应更多看行业就业或升学转换。,不适合作为普通应用院校的考公主卖点。,,
370209,应用法语,本科(职业),,本科,教育与体育大类,语言类,0.0,很弱/无直接岗位,2026国考职位表/中央机关及直属机构口径（第三方镜像）,0.0,0.0,0.0,0.0,0.0,0.0,0.0,0.0,0.0,无直接可报岗位,,0.0,,0.0,0.0,0.0,,0.0,0.0,,0.0,0.0,,0.0,0.0,,0.0,0.0,0.0,0.0,,暂无明显潜力,2026岗位文本中未形成直接可报匹配。,不建议把考公作为该专业在头部院校的核心卖点。,直接考公适配弱，应更多看行业就业或升学转换。,不适合作为普通应用院校的考公主卖点。,,
370301,社会体育指导与管理,本科(职业),,本科,教育与体育大类,体育类,0.0,很弱/无直接岗位,2026国考职位表/中央机关及直属机构口径（第三方镜像）,0.0,0.0,0.0,0.0,0.0,0.0,0.0,0.0,0.0,无直接可报岗位,,0.0,,0.0,0.0,0.0,,0.0,0.0,,0.0,0.0,,0.0,0.0,,0.0,0.0,0.0,0.0,,暂无明显潜力,2026岗位文本中未形成直接可报匹配。,不建议把考公作为该专业在头部院校的核心卖点。,直接考公适配弱，应更多看行业就业或升学转换。,不适合作为普通应用院校的考公主卖点。,,
370302,休闲体育,本科(职业),,本科,教育与体育大类,体育类,0.0,很弱/无直接岗位,2026国考职位表/中央机关及直属机构口径（第三方镜像）,0.0,0.0,0.0,0.0,0.0,0.0,0.0,0.0,0.0,无直接可报岗位,,0.0,,0.0,0.0,0.0,,0.0,0.0,,0.0,0.0,,0.0,0.0,,0.0,0.0,0.0,0.0,,暂无明显潜力,2026岗位文本中未形成直接可报匹配。,不建议把考公作为该专业在头部院校的核心卖点。,直接考公适配弱，应更多看行业就业或升学转换。,不适合作为普通应用院校的考公主卖点。,,
370303,体能训练,本科(职业),,本科,教育与体育大类,体育类,0.0,很弱/无直接岗位,2026国考职位表/中央机关及直属机构口径（第三方镜像）,0.0,0.0,0.0,0.0,0.0,0.0,0.0,0.0,0.0,无直接可报岗位,,0.0,,0.0,0.0,0.0,,0.0,0.0,,0.0,0.0,,0.0,0.0,,0.0,0.0,0.0,0.0,,暂无明显潜力,2026岗位文本中未形成直接可报匹配。,不建议把考公作为该专业在头部院校的核心卖点。,直接考公适配弱，应更多看行业就业或升学转换。,不适合作为普通应用院校的考公主卖点。,,
370304,电子竞技技术与管理,本科(职业),,本科,教育与体育大类,体育类,0.0,很弱/无直接岗位,2026国考职位表/中央机关及直属机构口径（第三方镜像）,0.0,0.0,0.0,0.0,0.0,0.0,0.0,0.0,0.0,无直接可报岗位,,0.0,,0.0,0.0,0.0,,0.0,0.0,,0.0,0.0,,0.0,0.0,,0.0,0.0,0.0,0.0,,暂无明显潜力,2026岗位文本中未形成直接可报匹配。,不建议把考公作为该专业在头部院校的核心卖点。,直接考公适配弱，应更多看行业就业或升学转换。,不适合作为普通应用院校的考公主卖点。,,
290101,食品工程技术,本科(职业),,本科,食品药品与粮食大类,食品类,0.0,很弱/无直接岗位,2026国考职位表/中央机关及直属机构口径（第三方镜像）,0.0,0.0,0.0,0.0,0.0,0.0,0.0,0.0,0.0,无直接可报岗位,,0.0,,0.0,0.0,0.0,,0.0,0.0,,0.0,0.0,,0.0,0.0,,0.0,0.0,0.0,0.0,,暂无明显潜力,2026岗位文本中未形成直接可报匹配。,不建议把考公作为该专业在头部院校的核心卖点。,直接考公适配弱，应更多看行业就业或升学转换。,不适合作为普通应用院校的考公主卖点。,,
290102,食品质量与安全,本科(职业),,本科,食品药品与粮食大类,食品类,0.0,很弱/无直接岗位,2026国考职位表/中央机关及直属机构口径（第三方镜像）,0.0,0.0,0.0,0.0,0.0,0.0,0.0,0.0,0.0,无直接可报岗位,,0.0,,0.0,0.0,0.0,,0.0,0.0,,0.0,0.0,,0.0,0.0,,0.0,0.0,0.0,0.0,,暂无明显潜力,2026岗位文本中未形成直接可报匹配。,不建议把考公作为该专业在头部院校的核心卖点。,直接考公适配弱，应更多看行业就业或升学转换。,不适合作为普通应用院校的考公主卖点。,,
290103,食品营养与健康,本科(职业),,本科,食品药品与粮食大类,食品类,0.0,很弱/无直接岗位,2026国考职位表/中央机关及直属机构口径（第三方镜像）,0.0,0.0,0.0,0.0,0.0,0.0,0.0,0.0,0.0,无直接可报岗位,,0.0,,0.0,0.0,0.0,,0.0,0.0,,0.0,0.0,,0.0,0.0,,0.0,0.0,0.0,0.0,,暂无明显潜力,2026岗位文本中未形成直接可报匹配。,不建议把考公作为该专业在头部院校的核心卖点。,直接考公适配弱，应更多看行业就业或升学转换。,不适合作为普通应用院校的考公主卖点。,,
290104,酿酒工程技术,本科(职业),,本科,食品药品与粮食大类,食品类,0.0,很弱/无直接岗位,2026国考职位表/中央机关及直属机构口径（第三方镜像）,0.0,0.0,0.0,0.0,0.0,0.0,0.0,0.0,0.0,无直接可报岗位,,0.0,,0.0,0.0,0.0,,0.0,0.0,,0.0,0.0,,0.0,0.0,,0.0,0.0,0.0,0.0,,暂无明显潜力,2026岗位文本中未形成直接可报匹配。,不建议把考公作为该专业在头部院校的核心卖点。,直接考公适配弱，应更多看行业就业或升学转换。,不适合作为普通应用院校的考公主卖点。,,
290201,制药工程技术,本科(职业),,本科,食品药品与粮食大类,药品与医疗器械类,0.0,很弱/无直接岗位,2026国考职位表/中央机关及直属机构口径（第三方镜像）,0.0,0.0,0.0,0.0,0.0,0.0,0.0,0.0,0.0,无直接可报岗位,,0.0,,0.0,0.0,0.0,,0.0,0.0,,0.0,0.0,,0.0,0.0,,0.0,0.0,0.0,0.0,,暂无明显潜力,2026岗位文本中未形成直接可报匹配。,不建议把考公作为该专业在头部院校的核心卖点。,直接考公适配弱，应更多看行业就业或升学转换。,不适合作为普通应用院校的考公主卖点。,,
290202,药品质量管理,本科(职业),,本科,食品药品与粮食大类,药品与医疗器械类,0.0,很弱/无直接岗位,2026国考职位表/中央机关及直属机构口径（第三方镜像）,0.0,0.0,0.0,0.0,0.0,0.0,0.0,0.0,0.0,无直接可报岗位,,0.0,,0.0,0.0,0.0,,0.0,0.0,,0.0,0.0,,0.0,0.0,,0.0,0.0,0.0,0.0,,暂无明显潜力,2026岗位文本中未形成直接可报匹配。,不建议把考公作为该专业在头部院校的核心卖点。,直接考公适配弱，应更多看行业就业或升学转换。,不适合作为普通应用院校的考公主卖点。,,
290203,医疗器械工程技术,本科(职业),,本科,食品药品与粮食大类,药品与医疗器械类,0.0,很弱/无直接岗位,2026国考职位表/中央机关及直属机构口径（第三方镜像）,0.0,0.0,0.0,0.0,0.0,0.0,0.0,0.0,0.0,无直接可报岗位,,0.0,,0.0,0.0,0.0,,0.0,0.0,,0.0,0.0,,0.0,0.0,,0.0,0.0,0.0,0.0,,暂无明显潜力,2026岗位文本中未形成直接可报匹配。,不建议把考公作为该专业在头部院校的核心卖点。,直接考公适配弱，应更多看行业就业或升学转换。,不适合作为普通应用院校的考公主卖点。,,
290204,药事服务与管理,本科(职业),,本科,食品药品与粮食大类,药品与医疗器械类,0.0,很弱/无直接岗位,2026国考职位表/中央机关及直属机构口径（第三方镜像）,0.0,0.0,0.0,0.0,0.0,0.0,0.0,0.0,0.0,无直接可报岗位,,0.0,,0.0,0.0,0.0,,0.0,0.0,,0.0,0.0,,0.0,0.0,,0.0,0.0,0.0,0.0,,暂无明显潜力,2026岗位文本中未形成直接可报匹配。,不建议把考公作为该专业在头部院校的核心卖点。,直接考公适配弱，应更多看行业就业或升学转换。,不适合作为普通应用院校的考公主卖点。,,
290205,药物分析,本科(职业),,本科,食品药品与粮食大类,药品与医疗器械类,0.0,很弱/无直接岗位,2026国考职位表/中央机关及直属机构口径（第三方镜像）,0.0,0.0,0.0,0.0,0.0,0.0,0.0,0.0,0.0,无直接可报岗位,,0.0,,0.0,0.0,0.0,,0.0,0.0,,0.0,0.0,,0.0,0.0,,0.0,0.0,0.0,0.0,,暂无明显潜力,2026岗位文本中未形成直接可报匹配。,不建议把考公作为该专业在头部院校的核心卖点。,直接考公适配弱，应更多看行业就业或升学转换。,不适合作为普通应用院校的考公主卖点。,,
290206,药物制剂,本科(职业),,本科,食品药品与粮食大类,药品与医疗器械类,0.0,很弱/无直接岗位,2026国考职位表/中央机关及直属机构口径（第三方镜像）,0.0,0.0,0.0,0.0,0.0,0.0,0.0,0.0,0.0,无直接可报岗位,,0.0,,0.0,0.0,0.0,,0.0,0.0,,0.0,0.0,,0.0,0.0,,0.0,0.0,0.0,0.0,,暂无明显潜力,2026岗位文本中未形成直接可报匹配。,不建议把考公作为该专业在头部院校的核心卖点。,直接考公适配弱，应更多看行业就业或升学转换。,不适合作为普通应用院校的考公主卖点。,,
290207,康复工程技术,本科(职业),,本科,食品药品与粮食大类,药品与医疗器械类,0.0,很弱/无直接岗位,2026国考职位表/中央机关及直属机构口径（第三方镜像）,0.0,0.0,0.0,0.0,0.0,0.0,0.0,0.0,0.0,无直接可报岗位,,0.0,,0.0,0.0,0.0,,0.0,0.0,,0.0,0.0,,0.0,0.0,,0.0,0.0,0.0,0.0,,暂无明显潜力,2026岗位文本中未形成直接可报匹配。,不建议把考公作为该专业在头部院校的核心卖点。,直接考公适配弱，应更多看行业就业或升学转换。,不适合作为普通应用院校的考公主卖点。,,
290208,生物制药技术,本科(职业),,本科,食品药品与粮食大类,药品与医疗器械类,0.0,很弱/无直接岗位,2026国考职位表/中央机关及直属机构口径（第三方镜像）,0.0,0.0,0.0,0.0,0.0,0.0,0.0,0.0,0.0,无直接可报岗位,,0.0,,0.0,0.0,0.0,,0.0,0.0,,0.0,0.0,,0.0,0.0,,0.0,0.0,0.0,0.0,,暂无明显潜力,2026岗位文本中未形成直接可报匹配。,不建议把考公作为该专业在头部院校的核心卖点。,直接考公适配弱，应更多看行业就业或升学转换。,不适合作为普通应用院校的考公主卖点。,,
290301,现代粮食工程技术,本科(职业),,本科,食品药品与粮食大类,粮食类,0.0,很弱/无直接岗位,2026国考职位表/中央机关及直属机构口径（第三方镜像）,0.0,0.0,0.0,0.0,0.0,0.0,0.0,0.0,0.0,无直接可报岗位,,0.0,,0.0,0.0,0.0,,0.0,0.0,,0.0,0.0,,0.0,0.0,,0.0,0.0,0.0,0.0,,暂无明显潜力,2026岗位文本中未形成直接可报匹配。,不建议把考公作为该专业在头部院校的核心卖点。,直接考公适配弱，应更多看行业就业或升学转换。,不适合作为普通应用院校的考公主卖点。,,
570101K,早期教育,专科(高职),,专科,教育与体育大类,教育类,0.0,很弱/无直接岗位,2026国考职位表/中央机关及直属机构口径（第三方镜像）,0.0,0.0,0.0,0.0,0.0,0.0,0.0,0.0,0.0,无直接可报岗位,,0.0,,0.0,0.0,0.0,,0.0,0.0,,0.0,0.0,,0.0,0.0,,0.0,0.0,0.0,0.0,none,暂无明显潜力,2026岗位文本中未形成直接可报匹配。,不建议把考公作为该专业在头部院校的核心卖点。,直接考公适配弱，应更多看行业就业或升学转换。,普通应用/职业院校下直接考公空间很小，优先看事业单位、基层项目或行业就业。,,
570102K,学前教育,专科(高职),,专科,教育与体育大类,教育类,13.0,很弱/无直接岗位,2026国考职位表/中央机关及直属机构口径（第三方镜像）,1.0,1.0,0.0,0.0,0.0,100.0,0.0,0.0,0.0,以对口岗位为主,海关/边检(1)；公安/移民/基层执法(1),5.0,14.0,0.0,0.0,0.0,,0.0,0.0,,1.0,100.0,14.0,0.0,0.0,,0.0,1.0,1.0,0.0,limited,升学后弱潜力,存在专业代码或专业名称精确匹配，并有直接学历兼容岗位。,可以考，但院校层级优势有限，更依赖岗位地区和限制条件。,岗位窗口较窄，建议只作为就业备选项。,少量大专可报基层岗位存在，但数量很少，需逐岗位核验。,新疆出入境边防检查总站,伊犁边境管理支队一级警长及以下（四）
570103K,小学教育,专科(高职),,专科,教育与体育大类,教育类,0.0,很弱/无直接岗位,2026国考职位表/中央机关及直属机构口径（第三方镜像）,0.0,0.0,0.0,0.0,0.0,0.0,0.0,0.0,0.0,无直接可报岗位,,0.0,,0.0,0.0,0.0,,0.0,0.0,,0.0,0.0,,0.0,0.0,,0.0,1.0,1.0,0.0,limited,升学后弱潜力,大专学历直接可报岗位不足；专业文本在本科/升本路径中有匹配线索。,不建议把考公作为该专业在头部院校的核心卖点。,直接考公适配弱，应更多看行业就业或升学转换。,普通应用/职业院校下直接考公空间很小，优先看事业单位、基层项目或行业就业。,新疆出入境边防检查总站,都拉塔出入境边防检查站一级警长及以下（四）
570104K,小学语文教育,专科(高职),,专科,教育与体育大类,教育类,0.0,很弱/无直接岗位,2026国考职位表/中央机关及直属机构口径（第三方镜像）,0.0,0.0,0.0,0.0,0.0,0.0,0.0,0.0,0.0,无直接可报岗位,,0.0,,0.0,0.0,0.0,,0.0,0.0,,0.0,0.0,,0.0,0.0,,0.0,0.0,0.0,0.0,none,暂无明显潜力,2026岗位文本中未形成直接可报匹配。,不建议把考公作为该专业在头部院校的核心卖点。,直接考公适配弱，应更多看行业就业或升学转换。,普通应用/职业院校下直接考公空间很小，优先看事业单位、基层项目或行业就业。,,
570105K,小学数学教育,专科(高职),,专科,教育与体育大类,教育类,0.0,很弱/无直接岗位,2026国考职位表/中央机关及直属机构口径（第三方镜像）,0.0,0.0,0.0,0.0,0.0,0.0,0.0,0.0,0.0,无直接可报岗位,,0.0,,0.0,0.0,0.0,,0.0,0.0,,0.0,0.0,,0.0,0.0,,0.0,0.0,0.0,0.0,none,暂无明显潜力,2026岗位文本中未形成直接可报匹配。,不建议把考公作为该专业在头部院校的核心卖点。,直接考公适配弱，应更多看行业就业或升学转换。,普通应用/职业院校下直接考公空间很小，优先看事业单位、基层项目或行业就业。,,
570106K,小学英语教育,专科(高职),,专科,教育与体育大类,教育类,0.0,很弱/无直接岗位,2026国考职位表/中央机关及直属机构口径（第三方镜像）,0.0,0.0,0.0,0.0,0.0,0.0,0.0,0.0,0.0,无直接可报岗位,,0.0,,0.0,0.0,0.0,,0.0,0.0,,0.0,0.0,,0.0,0.0,,4.0,667.0,0.0,667.0,medium,升学后较强潜力,大专学历直接可报岗位不足；专业文本在本科/升本路径中有匹配线索。,不建议把考公作为该专业在头部院校的核心卖点。,直接考公适配弱，应更多看行业就业或升学转换。,直接考公弱；若专升本到相近本科专业，考公潜力明显上升。,国家税务总局上海市税务局|国家税务总局云南省税务局|国家税务总局内蒙古自治区税务局|国家税务总局厦门市税务局|国家税务总局吉林省税务局|国家税务总局四川省税务局|国家税务总局大连市税务局|国家税务总局天津市税务局,一级主任科员及以下（二）|一级主办及以下|一级主办及以下（一）|一级主办及以下（七）|一级主办及以下（三）|一级主办及以下（九）|一级主办及以下（二十二）|一级主办及以下（二十五）
570107K,小学科学教育,专科(高职),,专科,教育与体育大类,教育类,0.0,很弱/无直接岗位,2026国考职位表/中央机关及直属机构口径（第三方镜像）,0.0,0.0,0.0,0.0,0.0,0.0,0.0,0.0,0.0,无直接可报岗位,,0.0,,0.0,0.0,0.0,,0.0,0.0,,0.0,0.0,,0.0,0.0,,0.0,0.0,0.0,0.0,none,暂无明显潜力,2026岗位文本中未形成直接可报匹配。,不建议把考公作为该专业在头部院校的核心卖点。,直接考公适配弱，应更多看行业就业或升学转换。,普通应用/职业院校下直接考公空间很小，优先看事业单位、基层项目或行业就业。,,
570108K,音乐教育,专科(高职),,专科,教育与体育大类,教育类,0.0,很弱/无直接岗位,2026国考职位表/中央机关及直属机构口径（第三方镜像）,0.0,0.0,0.0,0.0,0.0,0.0,0.0,0.0,0.0,无直接可报岗位,,0.0,,0.0,0.0,0.0,,0.0,0.0,,0.0,0.0,,0.0,0.0,,0.0,8.0,8.0,0.0,limited,升学后弱潜力,大专学历直接可报岗位不足；专业文本在本科/升本路径中有匹配线索。,不建议把考公作为该专业在头部院校的核心卖点。,直接考公适配弱，应更多看行业就业或升学转换。,普通应用/职业院校下直接考公空间很小，优先看事业单位、基层项目或行业就业。,吉林出入境边防检查总站|新疆出入境边防检查总站,伊犁边境管理支队一级警长及以下（三）|延边边境管理支队一级警长及以下（二十三）|延边边境管理支队一级警长及以下（十五）|白山边境管理支队一级警长及以下（二十一）|白山边境管理支队一级警长及以下（十三）|边检站一级警长及以下（七）|通化边境管理支队一级警长及以下（八）|集安出入境边防检查站一级警长及以下（三）
570109K,美术教育,专科(高职),,专科,教育与体育大类,教育类,0.0,很弱/无直接岗位,2026国考职位表/中央机关及直属机构口径（第三方镜像）,0.0,0.0,0.0,0.0,0.0,0.0,0.0,0.0,0.0,无直接可报岗位,,0.0,,0.0,0.0,0.0,,0.0,0.0,,0.0,0.0,,0.0,0.0,,0.0,0.0,0.0,0.0,none,暂无明显潜力,2026岗位文本中未形成直接可报匹配。,不建议把考公作为该专业在头部院校的核心卖点。,直接考公适配弱，应更多看行业就业或升学转换。,普通应用/职业院校下直接考公空间很小，优先看事业单位、基层项目或行业就业。,,
570110K,体育教育,专科(高职),,专科,教育与体育大类,教育类,0.0,很弱/无直接岗位,2026国考职位表/中央机关及直属机构口径（第三方镜像）,0.0,0.0,0.0,0.0,0.0,0.0,0.0,0.0,0.0,无直接可报岗位,,0.0,,0.0,0.0,0.0,,0.0,0.0,,0.0,0.0,,0.0,0.0,,1.0,9.0,9.0,0.0,limited,升学后弱潜力,大专学历直接可报岗位不足；专业文本在本科/升本路径中有匹配线索。,不建议把考公作为该专业在头部院校的核心卖点。,直接考公适配弱，应更多看行业就业或升学转换。,普通应用/职业院校下直接考公空间很小，优先看事业单位、基层项目或行业就业。,吉林出入境边防检查总站|国家移民管理局常备力量第一总队|国家移民管理局常备力量第二总队|新疆出入境边防检查总站|珠海出入境边防检查总站,培训大队一级警长及以下|塔城边境管理支队一级警长及以下（三）|延边边境管理支队一级警长及以下（十六）|白山边境管理支队一级警长及以下（十四）|训练处一级警长及以下（二）|边检站一级警长及以下（十五）|通化边境管理支队一级警长及以下（十三）|长白山边境管理支队一级警长及以下（七）
570111K,小学道德与法治教育,专科(高职),,专科,教育与体育大类,教育类,0.0,很弱/无直接岗位,2026国考职位表/中央机关及直属机构口径（第三方镜像）,0.0,0.0,0.0,0.0,0.0,0.0,0.0,0.0,0.0,无直接可报岗位,,0.0,,0.0,0.0,0.0,,0.0,0.0,,0.0,0.0,,0.0,0.0,,0.0,0.0,0.0,0.0,none,暂无明显潜力,2026岗位文本中未形成直接可报匹配。,不建议把考公作为该专业在头部院校的核心卖点。,直接考公适配弱，应更多看行业就业或升学转换。,普通应用/职业院校下直接考公空间很小，优先看事业单位、基层项目或行业就业。,,
570112K,舞蹈教育,专科(高职),,专科,教育与体育大类,教育类,0.0,很弱/无直接岗位,2026国考职位表/中央机关及直属机构口径（第三方镜像）,0.0,0.0,0.0,0.0,0.0,0.0,0.0,0.0,0.0,无直接可报岗位,,0.0,,0.0,0.0,0.0,,0.0,0.0,,0.0,0.0,,0.0,0.0,,0.0,1.0,1.0,0.0,limited,升学后弱潜力,大专学历直接可报岗位不足；专业文本在本科/升本路径中有匹配线索。,不建议把考公作为该专业在头部院校的核心卖点。,直接考公适配弱，应更多看行业就业或升学转换。,普通应用/职业院校下直接考公空间很小，优先看事业单位、基层项目或行业就业。,珠海出入境边防检查总站,边检站一级警长及以下（十四）
570113K,艺术教育,专科(高职),,专科,教育与体育大类,教育类,0.0,很弱/无直接岗位,2026国考职位表/中央机关及直属机构口径（第三方镜像）,0.0,0.0,0.0,0.0,0.0,0.0,0.0,0.0,0.0,无直接可报岗位,,0.0,,0.0,0.0,0.0,,0.0,0.0,,0.0,0.0,,0.0,0.0,,0.0,0.0,0.0,0.0,none,暂无明显潜力,2026岗位文本中未形成直接可报匹配。,不建议把考公作为该专业在头部院校的核心卖点。,直接考公适配弱，应更多看行业就业或升学转换。,普通应用/职业院校下直接考公空间很小，优先看事业单位、基层项目或行业就业。,,
570114K,特殊教育,专科(高职),,专科,教育与体育大类,教育类,0.0,很弱/无直接岗位,2026国考职位表/中央机关及直属机构口径（第三方镜像）,0.0,0.0,0.0,0.0,0.0,0.0,0.0,0.0,0.0,无直接可报岗位,,0.0,,0.0,0.0,0.0,,0.0,0.0,,0.0,0.0,,0.0,0.0,,0.0,0.0,0.0,0.0,none,暂无明显潜力,2026岗位文本中未形成直接可报匹配。,不建议把考公作为该专业在头部院校的核心卖点。,直接考公适配弱，应更多看行业就业或升学转换。,普通应用/职业院校下直接考公空间很小，优先看事业单位、基层项目或行业就业。,,
570115K,现代教育技术,专科(高职),,专科,教育与体育大类,教育类,0.0,很弱/无直接岗位,2026国考职位表/中央机关及直属机构口径（第三方镜像）,0.0,0.0,0.0,0.0,0.0,0.0,0.0,0.0,0.0,无直接可报岗位,,0.0,,0.0,0.0,0.0,,0.0,0.0,,0.0,0.0,,0.0,0.0,,0.0,0.0,0.0,0.0,none,暂无明显潜力,2026岗位文本中未形成直接可报匹配。,不建议把考公作为该专业在头部院校的核心卖点。,直接考公适配弱，应更多看行业就业或升学转换。,普通应用/职业院校下直接考公空间很小，优先看事业单位、基层项目或行业就业。,,
570116K,心理健康教育,专科(高职),,专科,教育与体育大类,教育类,0.0,很弱/无直接岗位,2026国考职位表/中央机关及直属机构口径（第三方镜像）,0.0,0.0,0.0,0.0,0.0,0.0,0.0,0.0,0.0,无直接可报岗位,,0.0,,0.0,0.0,0.0,,0.0,0.0,,0.0,0.0,,0.0,0.0,,0.0,0.0,0.0,0.0,none,暂无明显潜力,2026岗位文本中未形成直接可报匹配。,不建议把考公作为该专业在头部院校的核心卖点。,直接考公适配弱，应更多看行业就业或升学转换。,普通应用/职业院校下直接考公空间很小，优先看事业单位、基层项目或行业就业。,,
570201,商务英语,专科(高职),,专科,教育与体育大类,语言类,0.0,很弱/无直接岗位,2026国考职位表/中央机关及直属机构口径（第三方镜像）,0.0,0.0,0.0,0.0,0.0,0.0,0.0,0.0,0.0,无直接可报岗位,,0.0,,0.0,0.0,0.0,,0.0,0.0,,0.0,0.0,,0.0,0.0,,7.0,690.0,23.0,667.0,medium,升学后较强潜力,大专学历直接可报岗位不足；专业文本在本科/升本路径中有匹配线索。,不建议把考公作为该专业在头部院校的核心卖点。,直接考公适配弱，应更多看行业就业或升学转换。,直接考公弱；若专升本到相近本科专业，考公潜力明显上升。,厦门海关|国家税务总局上海市税务局|国家税务总局云南省税务局|国家税务总局内蒙古自治区税务局|国家税务总局厦门市税务局|国家税务总局吉林省税务局|国家税务总局四川省税务局|国家税务总局大连市税务局,一级主任科员及以下（二）|一级主办及以下|一级主办及以下（一）|一级主办及以下（七）|一级主办及以下（三）|一级主办及以下（九）|一级主办及以下（二十二）|一级主办及以下（二十五）
570202,应用英语,专科(高职),,专科,教育与体育大类,语言类,0.0,很弱/无直接岗位,2026国考职位表/中央机关及直属机构口径（第三方镜像）,0.0,0.0,0.0,0.0,0.0,0.0,0.0,0.0,0.0,无直接可报岗位,,0.0,,0.0,0.0,0.0,,0.0,0.0,,0.0,0.0,,0.0,0.0,,4.0,667.0,0.0,667.0,medium,升学后较强潜力,大专学历直接可报岗位不足；专业文本在本科/升本路径中有匹配线索。,不建议把考公作为该专业在头部院校的核心卖点。,直接考公适配弱，应更多看行业就业或升学转换。,直接考公弱；若专升本到相近本科专业，考公潜力明显上升。,国家税务总局上海市税务局|国家税务总局云南省税务局|国家税务总局内蒙古自治区税务局|国家税务总局厦门市税务局|国家税务总局吉林省税务局|国家税务总局四川省税务局|国家税务总局大连市税务局|国家税务总局天津市税务局,一级主任科员及以下（二）|一级主办及以下|一级主办及以下（一）|一级主办及以下（七）|一级主办及以下（三）|一级主办及以下（九）|一级主办及以下（二十二）|一级主办及以下（二十五）
570203,旅游英语,专科(高职),,专科,教育与体育大类,语言类,0.0,很弱/无直接岗位,2026国考职位表/中央机关及直属机构口径（第三方镜像）,0.0,0.0,0.0,0.0,0.0,0.0,0.0,0.0,0.0,无直接可报岗位,,0.0,,0.0,0.0,0.0,,0.0,0.0,,0.0,0.0,,0.0,0.0,,4.0,667.0,0.0,667.0,medium,升学后较强潜力,大专学历直接可报岗位不足；专业文本在本科/升本路径中有匹配线索。,不建议把考公作为该专业在头部院校的核心卖点。,直接考公适配弱，应更多看行业就业或升学转换。,直接考公弱；若专升本到相近本科专业，考公潜力明显上升。,国家税务总局上海市税务局|国家税务总局云南省税务局|国家税务总局内蒙古自治区税务局|国家税务总局厦门市税务局|国家税务总局吉林省税务局|国家税务总局四川省税务局|国家税务总局大连市税务局|国家税务总局天津市税务局,一级主任科员及以下（二）|一级主办及以下|一级主办及以下（一）|一级主办及以下（七）|一级主办及以下（三）|一级主办及以下（九）|一级主办及以下（二十二）|一级主办及以下（二十五）
570204,应用韩语,专科(高职),,专科,教育与体育大类,语言类,0.0,很弱/无直接岗位,2026国考职位表/中央机关及直属机构口径（第三方镜像）,0.0,0.0,0.0,0.0,0.0,0.0,0.0,0.0,0.0,无直接可报岗位,,0.0,,0.0,0.0,0.0,,0.0,0.0,,0.0,0.0,,0.0,0.0,,0.0,0.0,0.0,0.0,none,暂无明显潜力,2026岗位文本中未形成直接可报匹配。,不建议把考公作为该专业在头部院校的核心卖点。,直接考公适配弱，应更多看行业就业或升学转换。,普通应用/职业院校下直接考公空间很小，优先看事业单位、基层项目或行业就业。,,
570205,商务日语,专科(高职),,专科,教育与体育大类,语言类,0.0,很弱/无直接岗位,2026国考职位表/中央机关及直属机构口径（第三方镜像）,0.0,0.0,0.0,0.0,0.0,0.0,0.0,0.0,0.0,无直接可报岗位,,0.0,,0.0,0.0,0.0,,0.0,0.0,,0.0,0.0,,0.0,0.0,,0.0,0.0,0.0,0.0,none,暂无明显潜力,2026岗位文本中未形成直接可报匹配。,不建议把考公作为该专业在头部院校的核心卖点。,直接考公适配弱，应更多看行业就业或升学转换。,普通应用/职业院校下直接考公空间很小，优先看事业单位、基层项目或行业就业。,,
570206,应用日语,专科(高职),,专科,教育与体育大类,语言类,0.0,很弱/无直接岗位,2026国考职位表/中央机关及直属机构口径（第三方镜像）,0.0,0.0,0.0,0.0,0.0,0.0,0.0,0.0,0.0,无直接可报岗位,,0.0,,0.0,0.0,0.0,,0.0,0.0,,0.0,0.0,,0.0,0.0,,0.0,0.0,0.0,0.0,none,暂无明显潜力,2026岗位文本中未形成直接可报匹配。,不建议把考公作为该专业在头部院校的核心卖点。,直接考公适配弱，应更多看行业就业或升学转换。,普通应用/职业院校下直接考公空间很小，优先看事业单位、基层项目或行业就业。,,
570207,旅游日语,专科(高职),,专科,教育与体育大类,语言类,0.0,很弱/无直接岗位,2026国考职位表/中央机关及直属机构口径（第三方镜像）,0.0,0.0,0.0,0.0,0.0,0.0,0.0,0.0,0.0,无直接可报岗位,,0.0,,0.0,0.0,0.0,,0.0,0.0,,0.0,0.0,,0.0,0.0,,0.0,0.0,0.0,0.0,none,暂无明显潜力,2026岗位文本中未形成直接可报匹配。,不建议把考公作为该专业在头部院校的核心卖点。,直接考公适配弱，应更多看行业就业或升学转换。,普通应用/职业院校下直接考公空间很小，优先看事业单位、基层项目或行业就业。,,
570208,应用外语,专科(高职),,专科,教育与体育大类,语言类,0.0,很弱/无直接岗位,2026国考职位表/中央机关及直属机构口径（第三方镜像）,0.0,0.0,0.0,0.0,0.0,0.0,0.0,0.0,0.0,无直接可报岗位,,0.0,,0.0,0.0,0.0,,0.0,0.0,,0.0,0.0,,0.0,0.0,,0.0,0.0,0.0,0.0,none,暂无明显潜力,2026岗位文本中未形成直接可报匹配。,不建议把考公作为该专业在头部院校的核心卖点。,直接考公适配弱，应更多看行业就业或升学转换。,普通应用/职业院校下直接考公空间很小，优先看事业单位、基层项目或行业就业。,,
570209,中文,专科(高职),,专科,教育与体育大类,语言类,0.0,很弱/无直接岗位,2026国考职位表/中央机关及直属机构口径（第三方镜像）,0.0,0.0,0.0,0.0,0.0,0.0,0.0,0.0,0.0,无直接可报岗位,,0.0,,0.0,0.0,0.0,,0.0,0.0,,0.0,0.0,,0.0,0.0,,0.0,0.0,0.0,0.0,none,暂无明显潜力,2026岗位文本中未形成直接可报匹配。,不建议把考公作为该专业在头部院校的核心卖点。,直接考公适配弱，应更多看行业就业或升学转换。,普通应用/职业院校下直接考公空间很小，优先看事业单位、基层项目或行业就业。,,
570210,应用俄语,专科(高职),,专科,教育与体育大类,语言类,0.0,很弱/无直接岗位,2026国考职位表/中央机关及直属机构口径（第三方镜像）,0.0,0.0,0.0,0.0,0.0,0.0,0.0,0.0,0.0,无直接可报岗位,,0.0,,0.0,0.0,0.0,,0.0,0.0,,0.0,0.0,,0.0,0.0,,0.0,0.0,0.0,0.0,none,暂无明显潜力,2026岗位文本中未形成直接可报匹配。,不建议把考公作为该专业在头部院校的核心卖点。,直接考公适配弱，应更多看行业就业或升学转换。,普通应用/职业院校下直接考公空间很小，优先看事业单位、基层项目或行业就业。,,
570211,应用法语,专科(高职),,专科,教育与体育大类,语言类,0.0,很弱/无直接岗位,2026国考职位表/中央机关及直属机构口径（第三方镜像）,0.0,0.0,0.0,0.0,0.0,0.0,0.0,0.0,0.0,无直接可报岗位,,0.0,,0.0,0.0,0.0,,0.0,0.0,,0.0,0.0,,0.0,0.0,,0.0,0.0,0.0,0.0,none,暂无明显潜力,2026岗位文本中未形成直接可报匹配。,不建议把考公作为该专业在头部院校的核心卖点。,直接考公适配弱，应更多看行业就业或升学转换。,普通应用/职业院校下直接考公空间很小，优先看事业单位、基层项目或行业就业。,,
570212,应用西班牙语,专科(高职),,专科,教育与体育大类,语言类,0.0,很弱/无直接岗位,2026国考职位表/中央机关及直属机构口径（第三方镜像）,0.0,0.0,0.0,0.0,0.0,0.0,0.0,0.0,0.0,无直接可报岗位,,0.0,,0.0,0.0,0.0,,0.0,0.0,,0.0,0.0,,0.0,0.0,,0.0,0.0,0.0,0.0,none,暂无明显潜力,2026岗位文本中未形成直接可报匹配。,不建议把考公作为该专业在头部院校的核心卖点。,直接考公适配弱，应更多看行业就业或升学转换。,普通应用/职业院校下直接考公空间很小，优先看事业单位、基层项目或行业就业。,,
570213,应用德语,专科(高职),,专科,教育与体育大类,语言类,0.0,很弱/无直接岗位,2026国考职位表/中央机关及直属机构口径（第三方镜像）,0.0,0.0,0.0,0.0,0.0,0.0,0.0,0.0,0.0,无直接可报岗位,,0.0,,0.0,0.0,0.0,,0.0,0.0,,0.0,0.0,,0.0,0.0,,0.0,0.0,0.0,0.0,none,暂无明显潜力,2026岗位文本中未形成直接可报匹配。,不建议把考公作为该专业在头部院校的核心卖点。,直接考公适配弱，应更多看行业就业或升学转换。,普通应用/职业院校下直接考公空间很小，优先看事业单位、基层项目或行业就业。,,
570214,应用泰语,专科(高职),,专科,教育与体育大类,语言类,0.0,很弱/无直接岗位,2026国考职位表/中央机关及直属机构口径（第三方镜像）,0.0,0.0,0.0,0.0,0.0,0.0,0.0,0.0,0.0,无直接可报岗位,,0.0,,0.0,0.0,0.0,,0.0,0.0,,0.0,0.0,,0.0,0.0,,0.0,0.0,0.0,0.0,none,暂无明显潜力,2026岗位文本中未形成直接可报匹配。,不建议把考公作为该专业在头部院校的核心卖点。,直接考公适配弱，应更多看行业就业或升学转换。,普通应用/职业院校下直接考公空间很小，优先看事业单位、基层项目或行业就业。,,
570215,应用越南语,专科(高职),,专科,教育与体育大类,语言类,0.0,很弱/无直接岗位,2026国考职位表/中央机关及直属机构口径（第三方镜像）,0.0,0.0,0.0,0.0,0.0,0.0,0.0,0.0,0.0,无直接可报岗位,,0.0,,0.0,0.0,0.0,,0.0,0.0,,0.0,0.0,,0.0,0.0,,0.0,0.0,0.0,0.0,none,暂无明显潜力,2026岗位文本中未形成直接可报匹配。,不建议把考公作为该专业在头部院校的核心卖点。,直接考公适配弱，应更多看行业就业或升学转换。,普通应用/职业院校下直接考公空间很小，优先看事业单位、基层项目或行业就业。,,
570216,应用阿拉伯语,专科(高职),,专科,教育与体育大类,语言类,0.0,很弱/无直接岗位,2026国考职位表/中央机关及直属机构口径（第三方镜像）,0.0,0.0,0.0,0.0,0.0,0.0,0.0,0.0,0.0,无直接可报岗位,,0.0,,0.0,0.0,0.0,,0.0,0.0,,0.0,0.0,,0.0,0.0,,0.0,0.0,0.0,0.0,none,暂无明显潜力,2026岗位文本中未形成直接可报匹配。,不建议把考公作为该专业在头部院校的核心卖点。,直接考公适配弱，应更多看行业就业或升学转换。,普通应用/职业院校下直接考公空间很小，优先看事业单位、基层项目或行业就业。,,
570301,社会体育,专科(高职),,专科,教育与体育大类,体育类,0.0,很弱/无直接岗位,2026国考职位表/中央机关及直属机构口径（第三方镜像）,0.0,0.0,0.0,0.0,0.0,0.0,0.0,0.0,0.0,无直接可报岗位,,0.0,,0.0,0.0,0.0,,0.0,0.0,,0.0,0.0,,0.0,0.0,,1.0,2.0,2.0,0.0,limited,升学后弱潜力,大专学历直接可报岗位不足；专业文本在本科/升本路径中有匹配线索。,不建议把考公作为该专业在头部院校的核心卖点。,直接考公适配弱，应更多看行业就业或升学转换。,普通应用/职业院校下直接考公空间很小，优先看事业单位、基层项目或行业就业。,国家移民管理局常备力量第一总队|黑龙江出入境边防检查总站,佳木斯边境管理支队一级警长及以下（三）|培训大队一级警长及以下
570302,休闲体育,专科(高职),,专科,教育与体育大类,体育类,0.0,很弱/无直接岗位,2026国考职位表/中央机关及直属机构口径（第三方镜像）,0.0,0.0,0.0,0.0,0.0,0.0,0.0,0.0,0.0,无直接可报岗位,,0.0,,0.0,0.0,0.0,,0.0,0.0,,0.0,0.0,,0.0,0.0,,0.0,0.0,0.0,0.0,none,暂无明显潜力,2026岗位文本中未形成直接可报匹配。,不建议把考公作为该专业在头部院校的核心卖点。,直接考公适配弱，应更多看行业就业或升学转换。,普通应用/职业院校下直接考公空间很小，优先看事业单位、基层项目或行业就业。,,
570303,运动训练,专科(高职),,专科,教育与体育大类,体育类,12.6,很弱/无直接岗位,2026国考职位表/中央机关及直属机构口径（第三方镜像）,1.0,1.0,0.0,0.0,0.0,100.0,0.0,0.0,0.0,以对口岗位为主,海关/边检(1)；公安/移民/基层执法(1),4.0,5.75,0.0,0.0,0.0,,0.0,0.0,,1.0,100.0,5.75,0.0,0.0,,2.0,42.0,42.0,0.0,limited,升学后中等潜力,存在专业代码或专业名称精确匹配，并有直接学历兼容岗位。,可以考，但院校层级优势有限，更依赖岗位地区和限制条件。,岗位窗口较窄，建议只作为就业备选项。,少量大专可报基层岗位存在，但数量很少，需逐岗位核验。,北京出入境边防检查总站|吉林出入境边防检查总站|国家移民管理局常备力量第一总队|国家移民管理局常备力量第二总队|国家移民管理局瑞丽遣返中心|新疆出入境边防检查总站|浙江出入境边防检查总站|珠海出入境边防检查总站,佳木斯边境管理支队一级警长及以下（三）|吉隆出入境边防检查站一级警长及以下（七）|吉隆出入境边防检查站一级警长及以下（四）|哈密边境管理支队一级警长及以下（三）|培训大队一级警长及以下|宁波边检站一级警长及以下（二）|山南边境管理支队一级警长及以下（七）|山南边境管理支队一级警长及以下（八）
570304,民族传统体育,专科(高职),,专科,教育与体育大类,体育类,0.0,很弱/无直接岗位,2026国考职位表/中央机关及直属机构口径（第三方镜像）,0.0,0.0,0.0,0.0,0.0,0.0,0.0,0.0,0.0,无直接可报岗位,,0.0,,0.0,0.0,0.0,,0.0,0.0,,0.0,0.0,,0.0,0.0,,0.0,1.0,1.0,0.0,limited,升学后弱潜力,大专学历直接可报岗位不足；专业文本在本科/升本路径中有匹配线索。,不建议把考公作为该专业在头部院校的核心卖点。,直接考公适配弱，应更多看行业就业或升学转换。,普通应用/职业院校下直接考公空间很小，优先看事业单位、基层项目或行业就业。,新疆出入境边防检查总站,阿勒泰边境管理支队一级警长及以下（四）
570305,运动防护,专科(高职),,专科,教育与体育大类,体育类,0.0,很弱/无直接岗位,2026国考职位表/中央机关及直属机构口径（第三方镜像）,0.0,0.0,0.0,0.0,0.0,0.0,0.0,0.0,0.0,无直接可报岗位,,0.0,,0.0,0.0,0.0,,0.0,0.0,,0.0,0.0,,0.0,0.0,,0.0,0.0,0.0,0.0,none,暂无明显潜力,2026岗位文本中未形成直接可报匹配。,不建议把考公作为该专业在头部院校的核心卖点。,直接考公适配弱，应更多看行业就业或升学转换。,普通应用/职业院校下直接考公空间很小，优先看事业单位、基层项目或行业就业。,,
570306,体育保健与康复,专科(高职),,专科,教育与体育大类,体育类,0.0,很弱/无直接岗位,2026国考职位表/中央机关及直属机构口径（第三方镜像）,0.0,0.0,0.0,0.0,0.0,0.0,0.0,0.0,0.0,无直接可报岗位,,0.0,,0.0,0.0,0.0,,0.0,0.0,,0.0,0.0,,0.0,0.0,,0.0,0.0,0.0,0.0,none,暂无明显潜力,2026岗位文本中未形成直接可报匹配。,不建议把考公作为该专业在头部院校的核心卖点。,直接考公适配弱，应更多看行业就业或升学转换。,普通应用/职业院校下直接考公空间很小，优先看事业单位、基层项目或行业就业。,,
570307,健身指导与管理,专科(高职),,专科,教育与体育大类,体育类,0.0,很弱/无直接岗位,2026国考职位表/中央机关及直属机构口径（第三方镜像）,0.0,0.0,0.0,0.0,0.0,0.0,0.0,0.0,0.0,无直接可报岗位,,0.0,,0.0,0.0,0.0,,0.0,0.0,,0.0,0.0,,0.0,0.0,,0.0,0.0,0.0,0.0,none,暂无明显潜力,2026岗位文本中未形成直接可报匹配。,不建议把考公作为该专业在头部院校的核心卖点。,直接考公适配弱，应更多看行业就业或升学转换。,普通应用/职业院校下直接考公空间很小，优先看事业单位、基层项目或行业就业。,,
570308,运动健康指导,专科(高职),,专科,教育与体育大类,体育类,0.0,很弱/无直接岗位,2026国考职位表/中央机关及直属机构口径（第三方镜像）,0.0,0.0,0.0,0.0,0.0,0.0,0.0,0.0,0.0,无直接可报岗位,,0.0,,0.0,0.0,0.0,,0.0,0.0,,0.0,0.0,,0.0,0.0,,0.0,0.0,0.0,0.0,none,暂无明显潜力,2026岗位文本中未形成直接可报匹配。,不建议把考公作为该专业在头部院校的核心卖点。,直接考公适配弱，应更多看行业就业或升学转换。,普通应用/职业院校下直接考公空间很小，优先看事业单位、基层项目或行业就业。,,
570309,运动数据分析,专科(高职),,专科,教育与体育大类,体育类,0.0,很弱/无直接岗位,2026国考职位表/中央机关及直属机构口径（第三方镜像）,0.0,0.0,0.0,0.0,0.0,0.0,0.0,0.0,0.0,无直接可报岗位,,0.0,,0.0,0.0,0.0,,0.0,0.0,,0.0,0.0,,0.0,0.0,,0.0,0.0,0.0,0.0,none,暂无明显潜力,2026岗位文本中未形成直接可报匹配。,不建议把考公作为该专业在头部院校的核心卖点。,直接考公适配弱，应更多看行业就业或升学转换。,普通应用/职业院校下直接考公空间很小，优先看事业单位、基层项目或行业就业。,,
570310,体能训练,专科(高职),,专科,教育与体育大类,体育类,12.6,很弱/无直接岗位,2026国考职位表/中央机关及直属机构口径（第三方镜像）,1.0,1.0,0.0,0.0,0.0,100.0,0.0,0.0,0.0,以对口岗位为主,海关/边检(1)；公安/移民/基层执法(1),4.0,5.75,0.0,0.0,0.0,,0.0,0.0,,1.0,100.0,5.75,0.0,0.0,,0.0,6.0,6.0,0.0,limited,升学后弱潜力,存在专业代码或专业名称精确匹配，并有直接学历兼容岗位。,可以考，但院校层级优势有限，更依赖岗位地区和限制条件。,岗位窗口较窄，建议只作为就业备选项。,少量大专可报基层岗位存在，但数量很少，需逐岗位核验。,国家移民管理局常备力量第二总队|国家移民管理局瑞丽遣返中心|新疆出入境边防检查总站|珠海出入境边防检查总站|黑龙江出入境边防检查总站,佳木斯边境管理支队一级警长及以下（三）|哈密边境管理支队一级警长及以下（三）|瑞丽遣返中心执行队一级警长及以下（八）|训练处一级警长及以下（二）|边检站一级警长及以下（十五）|阿勒泰边境管理支队一级警长及以下（四）
570311,体育运营与管理,专科(高职),,专科,教育与体育大类,体育类,0.0,很弱/无直接岗位,2026国考职位表/中央机关及直属机构口径（第三方镜像）,0.0,0.0,0.0,0.0,0.0,0.0,0.0,0.0,0.0,无直接可报岗位,,0.0,,0.0,0.0,0.0,,0.0,0.0,,0.0,0.0,,0.0,0.0,,0.0,0.0,0.0,0.0,none,暂无明显潜力,2026岗位文本中未形成直接可报匹配。,不建议把考公作为该专业在头部院校的核心卖点。,直接考公适配弱，应更多看行业就业或升学转换。,普通应用/职业院校下直接考公空间很小，优先看事业单位、基层项目或行业就业。,,
570312,电子竞技运动与管理,专科(高职),,专科,教育与体育大类,体育类,0.0,很弱/无直接岗位,2026国考职位表/中央机关及直属机构口径（第三方镜像）,0.0,0.0,0.0,0.0,0.0,0.0,0.0,0.0,0.0,无直接可报岗位,,0.0,,0.0,0.0,0.0,,0.0,0.0,,0.0,0.0,,0.0,0.0,,0.0,0.0,0.0,0.0,none,暂无明显潜力,2026岗位文本中未形成直接可报匹配。,不建议把考公作为该专业在头部院校的核心卖点。,直接考公适配弱，应更多看行业就业或升学转换。,普通应用/职业院校下直接考公空间很小，优先看事业单位、基层项目或行业就业。,,
570313,高尔夫球运动与管理,专科(高职),,专科,教育与体育大类,体育类,0.0,很弱/无直接岗位,2026国考职位表/中央机关及直属机构口径（第三方镜像）,0.0,0.0,0.0,0.0,0.0,0.0,0.0,0.0,0.0,无直接可报岗位,,0.0,,0.0,0.0,0.0,,0.0,0.0,,0.0,0.0,,0.0,0.0,,0.0,0.0,0.0,0.0,none,暂无明显潜力,2026岗位文本中未形成直接可报匹配。,不建议把考公作为该专业在头部院校的核心卖点。,直接考公适配弱，应更多看行业就业或升学转换。,普通应用/职业院校下直接考公空间很小，优先看事业单位、基层项目或行业就业。,,
570314,冰雪运动与管理,专科(高职),,专科,教育与体育大类,体育类,0.0,很弱/无直接岗位,2026国考职位表/中央机关及直属机构口径（第三方镜像）,0.0,0.0,0.0,0.0,0.0,0.0,0.0,0.0,0.0,无直接可报岗位,,0.0,,0.0,0.0,0.0,,0.0,0.0,,0.0,0.0,,0.0,0.0,,0.0,0.0,0.0,0.0,none,暂无明显潜力,2026岗位文本中未形成直接可报匹配。,不建议把考公作为该专业在头部院校的核心卖点。,直接考公适配弱，应更多看行业就业或升学转换。,普通应用/职业院校下直接考公空间很小，优先看事业单位、基层项目或行业就业。,,
570315,冰雪设施运维与管理,专科(高职),,专科,教育与体育大类,体育类,0.0,很弱/无直接岗位,2026国考职位表/中央机关及直属机构口径（第三方镜像）,0.0,0.0,0.0,0.0,0.0,0.0,0.0,0.0,0.0,无直接可报岗位,,0.0,,0.0,0.0,0.0,,0.0,0.0,,0.0,0.0,,0.0,0.0,,0.0,0.0,0.0,0.0,none,暂无明显潜力,2026岗位文本中未形成直接可报匹配。,不建议把考公作为该专业在头部院校的核心卖点。,直接考公适配弱，应更多看行业就业或升学转换。,普通应用/职业院校下直接考公空间很小，优先看事业单位、基层项目或行业就业。,,
570316,体育艺术表演,专科(高职),,专科,教育与体育大类,体育类,0.0,很弱/无直接岗位,2026国考职位表/中央机关及直属机构口径（第三方镜像）,0.0,0.0,0.0,0.0,0.0,0.0,0.0,0.0,0.0,无直接可报岗位,,0.0,,0.0,0.0,0.0,,0.0,0.0,,0.0,0.0,,0.0,0.0,,0.0,0.0,0.0,0.0,none,暂无明显潜力,2026岗位文本中未形成直接可报匹配。,不建议把考公作为该专业在头部院校的核心卖点。,直接考公适配弱，应更多看行业就业或升学转换。,普通应用/职业院校下直接考公空间很小，优先看事业单位、基层项目或行业就业。,,
570317,足球运动与管理,专科(高职),,专科,教育与体育大类,体育类,0.0,很弱/无直接岗位,2026国考职位表/中央机关及直属机构口径（第三方镜像）,0.0,0.0,0.0,0.0,0.0,0.0,0.0,0.0,0.0,无直接可报岗位,,0.0,,0.0,0.0,0.0,,0.0,0.0,,0.0,0.0,,0.0,0.0,,0.0,0.0,0.0,0.0,none,暂无明显潜力,2026岗位文本中未形成直接可报匹配。,不建议把考公作为该专业在头部院校的核心卖点。,直接考公适配弱，应更多看行业就业或升学转换。,普通应用/职业院校下直接考公空间很小，优先看事业单位、基层项目或行业就业。,,
300101,高速铁路工程,本科(职业),,本科,交通运输大类,铁道运输类,0.0,很弱/无直接岗位,2026国考职位表/中央机关及直属机构口径（第三方镜像）,0.0,0.0,0.0,0.0,0.0,0.0,0.0,0.0,0.0,无直接可报岗位,,0.0,,0.0,0.0,0.0,,0.0,0.0,,0.0,0.0,,0.0,0.0,,0.0,0.0,0.0,0.0,,暂无明显潜力,2026岗位文本中未形成直接可报匹配。,不建议把考公作为该专业在头部院校的核心卖点。,直接考公适配弱，应更多看行业就业或升学转换。,不适合作为普通应用院校的考公主卖点。,,
300102,高速铁路动车组技术,本科(职业),,本科,交通运输大类,铁道运输类,0.0,很弱/无直接岗位,2026国考职位表/中央机关及直属机构口径（第三方镜像）,0.0,0.0,0.0,0.0,0.0,0.0,0.0,0.0,0.0,无直接可报岗位,,0.0,,0.0,0.0,0.0,,0.0,0.0,,0.0,0.0,,0.0,0.0,,0.0,0.0,0.0,0.0,,暂无明显潜力,2026岗位文本中未形成直接可报匹配。,不建议把考公作为该专业在头部院校的核心卖点。,直接考公适配弱，应更多看行业就业或升学转换。,不适合作为普通应用院校的考公主卖点。,,
300103,高速铁路信号控制技术,本科(职业),,本科,交通运输大类,铁道运输类,0.0,很弱/无直接岗位,2026国考职位表/中央机关及直属机构口径（第三方镜像）,0.0,0.0,0.0,0.0,0.0,0.0,0.0,0.0,0.0,无直接可报岗位,,0.0,,0.0,0.0,0.0,,0.0,0.0,,0.0,0.0,,0.0,0.0,,0.0,0.0,0.0,0.0,,暂无明显潜力,2026岗位文本中未形成直接可报匹配。,不建议把考公作为该专业在头部院校的核心卖点。,直接考公适配弱，应更多看行业就业或升学转换。,不适合作为普通应用院校的考公主卖点。,,
300104,铁道机车智能运用技术,本科(职业),,本科,交通运输大类,铁道运输类,0.0,很弱/无直接岗位,2026国考职位表/中央机关及直属机构口径（第三方镜像）,0.0,0.0,0.0,0.0,0.0,0.0,0.0,0.0,0.0,无直接可报岗位,,0.0,,0.0,0.0,0.0,,0.0,0.0,,0.0,0.0,,0.0,0.0,,0.0,0.0,0.0,0.0,,暂无明显潜力,2026岗位文本中未形成直接可报匹配。,不建议把考公作为该专业在头部院校的核心卖点。,直接考公适配弱，应更多看行业就业或升学转换。,不适合作为普通应用院校的考公主卖点。,,
300105,高速铁路运营管理,本科(职业),,本科,交通运输大类,铁道运输类,0.0,很弱/无直接岗位,2026国考职位表/中央机关及直属机构口径（第三方镜像）,0.0,0.0,0.0,0.0,0.0,0.0,0.0,0.0,0.0,无直接可报岗位,,0.0,,0.0,0.0,0.0,,0.0,0.0,,0.0,0.0,,0.0,0.0,,0.0,0.0,0.0,0.0,,暂无明显潜力,2026岗位文本中未形成直接可报匹配。,不建议把考公作为该专业在头部院校的核心卖点。,直接考公适配弱，应更多看行业就业或升学转换。,不适合作为普通应用院校的考公主卖点。,,
300106,高速铁路通信技术,本科(职业),,本科,交通运输大类,铁道运输类,0.0,很弱/无直接岗位,2026国考职位表/中央机关及直属机构口径（第三方镜像）,0.0,0.0,0.0,0.0,0.0,0.0,0.0,0.0,0.0,无直接可报岗位,,0.0,,0.0,0.0,0.0,,0.0,0.0,,0.0,0.0,,0.0,0.0,,0.0,0.0,0.0,0.0,,暂无明显潜力,2026岗位文本中未形成直接可报匹配。,不建议把考公作为该专业在头部院校的核心卖点。,直接考公适配弱，应更多看行业就业或升学转换。,不适合作为普通应用院校的考公主卖点。,,
300107,高速铁路智能供电技术,本科(职业),,本科,交通运输大类,铁道运输类,0.0,很弱/无直接岗位,2026国考职位表/中央机关及直属机构口径（第三方镜像）,0.0,0.0,0.0,0.0,0.0,0.0,0.0,0.0,0.0,无直接可报岗位,,0.0,,0.0,0.0,0.0,,0.0,0.0,,0.0,0.0,,0.0,0.0,,0.0,0.0,0.0,0.0,,暂无明显潜力,2026岗位文本中未形成直接可报匹配。,不建议把考公作为该专业在头部院校的核心卖点。,直接考公适配弱，应更多看行业就业或升学转换。,不适合作为普通应用院校的考公主卖点。,,
300201,道路与桥梁工程,本科(职业),,本科,交通运输大类,道路运输类,0.0,很弱/无直接岗位,2026国考职位表/中央机关及直属机构口径（第三方镜像）,0.0,0.0,0.0,0.0,0.0,0.0,0.0,0.0,0.0,无直接可报岗位,,0.0,,0.0,0.0,0.0,,0.0,0.0,,0.0,0.0,,0.0,0.0,,0.0,0.0,0.0,0.0,,暂无明显潜力,2026岗位文本中未形成直接可报匹配。,不建议把考公作为该专业在头部院校的核心卖点。,直接考公适配弱，应更多看行业就业或升学转换。,不适合作为普通应用院校的考公主卖点。,,
300202,智能交通管理,本科(职业),,本科,交通运输大类,道路运输类,0.0,很弱/无直接岗位,2026国考职位表/中央机关及直属机构口径（第三方镜像）,0.0,0.0,0.0,0.0,0.0,0.0,0.0,0.0,0.0,无直接可报岗位,,0.0,,0.0,0.0,0.0,,0.0,0.0,,0.0,0.0,,0.0,0.0,,0.0,0.0,0.0,0.0,,暂无明显潜力,2026岗位文本中未形成直接可报匹配。,不建议把考公作为该专业在头部院校的核心卖点。,直接考公适配弱，应更多看行业就业或升学转换。,不适合作为普通应用院校的考公主卖点。,,
300203,汽车服务工程技术,本科(职业),,本科,交通运输大类,道路运输类,0.0,很弱/无直接岗位,2026国考职位表/中央机关及直属机构口径（第三方镜像）,0.0,0.0,0.0,0.0,0.0,0.0,0.0,0.0,0.0,无直接可报岗位,,0.0,,0.0,0.0,0.0,,0.0,0.0,,0.0,0.0,,0.0,0.0,,0.0,0.0,0.0,0.0,,暂无明显潜力,2026岗位文本中未形成直接可报匹配。,不建议把考公作为该专业在头部院校的核心卖点。,直接考公适配弱，应更多看行业就业或升学转换。,不适合作为普通应用院校的考公主卖点。,,
300204,道路工程智能检测,本科(职业),,本科,交通运输大类,道路运输类,0.0,很弱/无直接岗位,2026国考职位表/中央机关及直属机构口径（第三方镜像）,0.0,0.0,0.0,0.0,0.0,0.0,0.0,0.0,0.0,无直接可报岗位,,0.0,,0.0,0.0,0.0,,0.0,0.0,,0.0,0.0,,0.0,0.0,,0.0,0.0,0.0,0.0,,暂无明显潜力,2026岗位文本中未形成直接可报匹配。,不建议把考公作为该专业在头部院校的核心卖点。,直接考公适配弱，应更多看行业就业或升学转换。,不适合作为普通应用院校的考公主卖点。,,
300301,航海技术,本科(职业),,本科,交通运输大类,水上运输类,0.0,很弱/无直接岗位,2026国考职位表/中央机关及直属机构口径（第三方镜像）,0.0,0.0,0.0,0.0,0.0,0.0,0.0,0.0,0.0,无直接可报岗位,,0.0,,0.0,0.0,0.0,,0.0,0.0,,0.0,0.0,,0.0,0.0,,0.0,0.0,0.0,0.0,,暂无明显潜力,2026岗位文本中未形成直接可报匹配。,不建议把考公作为该专业在头部院校的核心卖点。,直接考公适配弱，应更多看行业就业或升学转换。,不适合作为普通应用院校的考公主卖点。,,
300302,港口智能工程技术,本科(职业),,本科,交通运输大类,水上运输类,0.0,很弱/无直接岗位,2026国考职位表/中央机关及直属机构口径（第三方镜像）,0.0,0.0,0.0,0.0,0.0,0.0,0.0,0.0,0.0,无直接可报岗位,,0.0,,0.0,0.0,0.0,,0.0,0.0,,0.0,0.0,,0.0,0.0,,0.0,0.0,0.0,0.0,,暂无明显潜力,2026岗位文本中未形成直接可报匹配。,不建议把考公作为该专业在头部院校的核心卖点。,直接考公适配弱，应更多看行业就业或升学转换。,不适合作为普通应用院校的考公主卖点。,,
300303,轮机工程技术,本科(职业),,本科,交通运输大类,水上运输类,0.0,很弱/无直接岗位,2026国考职位表/中央机关及直属机构口径（第三方镜像）,0.0,0.0,0.0,0.0,0.0,0.0,0.0,0.0,0.0,无直接可报岗位,,0.0,,0.0,0.0,0.0,,0.0,0.0,,0.0,0.0,,0.0,0.0,,0.0,0.0,0.0,0.0,,暂无明显潜力,2026岗位文本中未形成直接可报匹配。,不建议把考公作为该专业在头部院校的核心卖点。,直接考公适配弱，应更多看行业就业或升学转换。,不适合作为普通应用院校的考公主卖点。,,
300304,国际邮轮运营管理,本科(职业),,本科,交通运输大类,水上运输类,0.0,很弱/无直接岗位,2026国考职位表/中央机关及直属机构口径（第三方镜像）,0.0,0.0,0.0,0.0,0.0,0.0,0.0,0.0,0.0,无直接可报岗位,,0.0,,0.0,0.0,0.0,,0.0,0.0,,0.0,0.0,,0.0,0.0,,0.0,0.0,0.0,0.0,,暂无明显潜力,2026岗位文本中未形成直接可报匹配。,不建议把考公作为该专业在头部院校的核心卖点。,直接考公适配弱，应更多看行业就业或升学转换。,不适合作为普通应用院校的考公主卖点。,,
300305,水路运输与海事管理,本科(职业),,本科,交通运输大类,水上运输类,0.0,很弱/无直接岗位,2026国考职位表/中央机关及直属机构口径（第三方镜像）,0.0,0.0,0.0,0.0,0.0,0.0,0.0,0.0,0.0,无直接可报岗位,,0.0,,0.0,0.0,0.0,,0.0,0.0,,0.0,0.0,,0.0,0.0,,0.0,0.0,0.0,0.0,,暂无明显潜力,2026岗位文本中未形成直接可报匹配。,不建议把考公作为该专业在头部院校的核心卖点。,直接考公适配弱，应更多看行业就业或升学转换。,不适合作为普通应用院校的考公主卖点。,,
300401,民航运输服务与管理,本科(职业),,本科,交通运输大类,航空运输类,0.0,很弱/无直接岗位,2026国考职位表/中央机关及直属机构口径（第三方镜像）,0.0,0.0,0.0,0.0,0.0,0.0,0.0,0.0,0.0,无直接可报岗位,,0.0,,0.0,0.0,0.0,,0.0,0.0,,0.0,0.0,,0.0,0.0,,0.0,0.0,0.0,0.0,,暂无明显潜力,2026岗位文本中未形成直接可报匹配。,不建议把考公作为该专业在头部院校的核心卖点。,直接考公适配弱，应更多看行业就业或升学转换。,不适合作为普通应用院校的考公主卖点。,,
300402,航空机电设备维修技术,本科(职业),,本科,交通运输大类,航空运输类,0.0,很弱/无直接岗位,2026国考职位表/中央机关及直属机构口径（第三方镜像）,0.0,0.0,0.0,0.0,0.0,0.0,0.0,0.0,0.0,无直接可报岗位,,0.0,,0.0,0.0,0.0,,0.0,0.0,,0.0,0.0,,0.0,0.0,,0.0,0.0,0.0,0.0,,暂无明显潜力,2026岗位文本中未形成直接可报匹配。,不建议把考公作为该专业在头部院校的核心卖点。,直接考公适配弱，应更多看行业就业或升学转换。,不适合作为普通应用院校的考公主卖点。,,
300403,智慧机场运行与管理,本科(职业),,本科,交通运输大类,航空运输类,0.0,很弱/无直接岗位,2026国考职位表/中央机关及直属机构口径（第三方镜像）,0.0,0.0,0.0,0.0,0.0,0.0,0.0,0.0,0.0,无直接可报岗位,,0.0,,0.0,0.0,0.0,,0.0,0.0,,0.0,0.0,,0.0,0.0,,0.0,0.0,0.0,0.0,,暂无明显潜力,2026岗位文本中未形成直接可报匹配。,不建议把考公作为该专业在头部院校的核心卖点。,直接考公适配弱，应更多看行业就业或升学转换。,不适合作为普通应用院校的考公主卖点。,,
300404,通用航空航务技术,本科(职业),,本科,交通运输大类,航空运输类,0.0,很弱/无直接岗位,2026国考职位表/中央机关及直属机构口径（第三方镜像）,0.0,0.0,0.0,0.0,0.0,0.0,0.0,0.0,0.0,无直接可报岗位,,0.0,,0.0,0.0,0.0,,0.0,0.0,,0.0,0.0,,0.0,0.0,,0.0,0.0,0.0,0.0,,暂无明显潜力,2026岗位文本中未形成直接可报匹配。,不建议把考公作为该专业在头部院校的核心卖点。,直接考公适配弱，应更多看行业就业或升学转换。,不适合作为普通应用院校的考公主卖点。,,
300601,城市轨道交通信号与控制技术,本科(职业),,本科,交通运输大类,城市轨道交通类,0.0,很弱/无直接岗位,2026国考职位表/中央机关及直属机构口径（第三方镜像）,0.0,0.0,0.0,0.0,0.0,0.0,0.0,0.0,0.0,无直接可报岗位,,0.0,,0.0,0.0,0.0,,0.0,0.0,,0.0,0.0,,0.0,0.0,,0.0,0.0,0.0,0.0,,暂无明显潜力,2026岗位文本中未形成直接可报匹配。,不建议把考公作为该专业在头部院校的核心卖点。,直接考公适配弱，应更多看行业就业或升学转换。,不适合作为普通应用院校的考公主卖点。,,
300602,城市轨道交通设备与控制技术,本科(职业),,本科,交通运输大类,城市轨道交通类,0.0,很弱/无直接岗位,2026国考职位表/中央机关及直属机构口径（第三方镜像）,0.0,0.0,0.0,0.0,0.0,0.0,0.0,0.0,0.0,无直接可报岗位,,0.0,,0.0,0.0,0.0,,0.0,0.0,,0.0,0.0,,0.0,0.0,,0.0,0.0,0.0,0.0,,暂无明显潜力,2026岗位文本中未形成直接可报匹配。,不建议把考公作为该专业在头部院校的核心卖点。,直接考公适配弱，应更多看行业就业或升学转换。,不适合作为普通应用院校的考公主卖点。,,
300603,城市轨道交通智能运营,本科(职业),,本科,交通运输大类,城市轨道交通类,0.0,很弱/无直接岗位,2026国考职位表/中央机关及直属机构口径（第三方镜像）,0.0,0.0,0.0,0.0,0.0,0.0,0.0,0.0,0.0,无直接可报岗位,,0.0,,0.0,0.0,0.0,,0.0,0.0,,0.0,0.0,,0.0,0.0,,0.0,0.0,0.0,0.0,,暂无明显潜力,2026岗位文本中未形成直接可报匹配。,不建议把考公作为该专业在头部院校的核心卖点。,直接考公适配弱，应更多看行业就业或升学转换。,不适合作为普通应用院校的考公主卖点。,,
300701,邮政快递管理,本科(职业),,本科,交通运输大类,邮政类,0.0,很弱/无直接岗位,2026国考职位表/中央机关及直属机构口径（第三方镜像）,0.0,0.0,0.0,0.0,0.0,0.0,0.0,0.0,0.0,无直接可报岗位,,0.0,,0.0,0.0,0.0,,0.0,0.0,,0.0,0.0,,0.0,0.0,,0.0,0.0,0.0,0.0,,暂无明显潜力,2026岗位文本中未形成直接可报匹配。,不建议把考公作为该专业在头部院校的核心卖点。,直接考公适配弱，应更多看行业就业或升学转换。,不适合作为普通应用院校的考公主卖点。,,
380201,刑事科学技术,本科(职业),,本科,公安与司法大类,公安技术类,0.0,很弱/无直接岗位,2026国考职位表/中央机关及直属机构口径（第三方镜像）,0.0,0.0,0.0,0.0,0.0,0.0,0.0,0.0,0.0,无直接可报岗位,,0.0,,0.0,0.0,0.0,,0.0,0.0,,0.0,0.0,,0.0,0.0,,0.0,0.0,0.0,0.0,,暂无明显潜力,2026岗位文本中未形成直接可报匹配。,不建议把考公作为该专业在头部院校的核心卖点。,直接考公适配弱，应更多看行业就业或升学转换。,不适合作为普通应用院校的考公主卖点。,,
380202,网络安全与执法,本科(职业),,本科,公安与司法大类,公安技术类,0.0,很弱/无直接岗位,2026国考职位表/中央机关及直属机构口径（第三方镜像）,0.0,0.0,0.0,0.0,0.0,0.0,0.0,0.0,0.0,无直接可报岗位,,0.0,,0.0,0.0,0.0,,0.0,0.0,,0.0,0.0,,0.0,0.0,,0.0,0.0,0.0,0.0,,暂无明显潜力,2026岗位文本中未形成直接可报匹配。,不建议把考公作为该专业在头部院校的核心卖点。,直接考公适配弱，应更多看行业就业或升学转换。,不适合作为普通应用院校的考公主卖点。,,
380301,刑事侦查,本科(职业),,本科,公安与司法大类,侦查类,0.0,很弱/无直接岗位,2026国考职位表/中央机关及直属机构口径（第三方镜像）,0.0,0.0,0.0,0.0,0.0,0.0,0.0,0.0,0.0,无直接可报岗位,,0.0,,0.0,0.0,0.0,,0.0,0.0,,0.0,0.0,,0.0,0.0,,0.0,0.0,0.0,0.0,,暂无明显潜力,2026岗位文本中未形成直接可报匹配。,不建议把考公作为该专业在头部院校的核心卖点。,直接考公适配弱，应更多看行业就业或升学转换。,不适合作为普通应用院校的考公主卖点。,,
380401,法律,本科(职业),,本科,公安与司法大类,法律实务类,0.0,很弱/无直接岗位,2026国考职位表/中央机关及直属机构口径（第三方镜像）,0.0,0.0,0.0,0.0,0.0,0.0,0.0,0.0,0.0,无直接可报岗位,,0.0,,0.0,0.0,0.0,,0.0,0.0,,0.0,0.0,,0.0,0.0,,0.0,0.0,0.0,0.0,,暂无明显潜力,2026岗位文本中未形成直接可报匹配。,不建议把考公作为该专业在头部院校的核心卖点。,直接考公适配弱，应更多看行业就业或升学转换。,不适合作为普通应用院校的考公主卖点。,,
380402,数字法务,本科(职业),,本科,公安与司法大类,法律实务类,0.0,很弱/无直接岗位,2026国考职位表/中央机关及直属机构口径（第三方镜像）,0.0,0.0,0.0,0.0,0.0,0.0,0.0,0.0,0.0,无直接可报岗位,,0.0,,0.0,0.0,0.0,,0.0,0.0,,0.0,0.0,,0.0,0.0,,0.0,0.0,0.0,0.0,,暂无明显潜力,2026岗位文本中未形成直接可报匹配。,不建议把考公作为该专业在头部院校的核心卖点。,直接考公适配弱，应更多看行业就业或升学转换。,不适合作为普通应用院校的考公主卖点。,,
380501,刑事矫正与管理,本科(职业),,本科,公安与司法大类,法律执行类,0.0,很弱/无直接岗位,2026国考职位表/中央机关及直属机构口径（第三方镜像）,0.0,0.0,0.0,0.0,0.0,0.0,0.0,0.0,0.0,无直接可报岗位,,0.0,,0.0,0.0,0.0,,0.0,0.0,,0.0,0.0,,0.0,0.0,,0.0,0.0,0.0,0.0,,暂无明显潜力,2026岗位文本中未形成直接可报匹配。,不建议把考公作为该专业在头部院校的核心卖点。,直接考公适配弱，应更多看行业就业或升学转换。,不适合作为普通应用院校的考公主卖点。,,
380502,司法警务管理,本科(职业),,本科,公安与司法大类,法律执行类,0.0,很弱/无直接岗位,2026国考职位表/中央机关及直属机构口径（第三方镜像）,0.0,0.0,0.0,0.0,0.0,0.0,0.0,0.0,0.0,无直接可报岗位,,0.0,,0.0,0.0,0.0,,0.0,0.0,,0.0,0.0,,0.0,0.0,,0.0,0.0,0.0,0.0,,暂无明显潜力,2026岗位文本中未形成直接可报匹配。,不建议把考公作为该专业在头部院校的核心卖点。,直接考公适配弱，应更多看行业就业或升学转换。,不适合作为普通应用院校的考公主卖点。,,
380503,综合行政执法,本科(职业),,本科,公安与司法大类,法律执行类,0.0,很弱/无直接岗位,2026国考职位表/中央机关及直属机构口径（第三方镜像）,0.0,0.0,0.0,0.0,0.0,0.0,0.0,0.0,0.0,无直接可报岗位,,0.0,,0.0,0.0,0.0,,0.0,0.0,,0.0,0.0,,0.0,0.0,,0.0,0.0,0.0,0.0,,暂无明显潜力,2026岗位文本中未形成直接可报匹配。,不建议把考公作为该专业在头部院校的核心卖点。,直接考公适配弱，应更多看行业就业或升学转换。,不适合作为普通应用院校的考公主卖点。,,
380601,智慧司法技术与应用,本科(职业),,本科,公安与司法大类,司法技术类,0.0,很弱/无直接岗位,2026国考职位表/中央机关及直属机构口径（第三方镜像）,0.0,0.0,0.0,0.0,0.0,0.0,0.0,0.0,0.0,无直接可报岗位,,0.0,,0.0,0.0,0.0,,0.0,0.0,,0.0,0.0,,0.0,0.0,,0.0,0.0,0.0,0.0,,暂无明显潜力,2026岗位文本中未形成直接可报匹配。,不建议把考公作为该专业在头部院校的核心卖点。,直接考公适配弱，应更多看行业就业或升学转换。,不适合作为普通应用院校的考公主卖点。,,
380701,数字安防技术,本科(职业),,本科,公安与司法大类,安全防范类,0.0,很弱/无直接岗位,2026国考职位表/中央机关及直属机构口径（第三方镜像）,0.0,0.0,0.0,0.0,0.0,0.0,0.0,0.0,0.0,无直接可报岗位,,0.0,,0.0,0.0,0.0,,0.0,0.0,,0.0,0.0,,0.0,0.0,,0.0,0.0,0.0,0.0,,暂无明显潜力,2026岗位文本中未形成直接可报匹配。,不建议把考公作为该专业在头部院校的核心卖点。,直接考公适配弱，应更多看行业就业或升学转换。,不适合作为普通应用院校的考公主卖点。,,
380702,国际安保服务与管理,本科(职业),,本科,公安与司法大类,安全防范类,0.0,很弱/无直接岗位,2026国考职位表/中央机关及直属机构口径（第三方镜像）,0.0,0.0,0.0,0.0,0.0,0.0,0.0,0.0,0.0,无直接可报岗位,,0.0,,0.0,0.0,0.0,,0.0,0.0,,0.0,0.0,,0.0,0.0,,0.0,0.0,0.0,0.0,,暂无明显潜力,2026岗位文本中未形成直接可报匹配。,不建议把考公作为该专业在头部院校的核心卖点。,直接考公适配弱，应更多看行业就业或升学转换。,不适合作为普通应用院校的考公主卖点。,,
580101K,治安管理,专科(高职),,专科,公安与司法大类,公安管理类,14.1,很弱/无直接岗位,2026国考职位表/中央机关及直属机构口径（第三方镜像）,2.0,1.0,1.0,0.0,0.0,50.0,50.0,0.0,0.0,以对口岗位为主,海关/边检(2)；公安/移民/基层执法(2),5.0,11.0,0.0,0.0,0.0,,0.0,0.0,,2.0,100.0,18.88,0.0,0.0,,0.0,2.0,1.0,1.0,limited,升学后弱潜力,存在专业代码或专业名称精确匹配，并有直接学历兼容岗位。,可以考，但院校层级优势有限，更依赖岗位地区和限制条件。,岗位窗口较窄，建议只作为就业备选项。,少量大专可报基层岗位存在，但数量很少，需逐岗位核验。,内蒙古出入境边防检查总站|新疆出入境边防检查总站,哈密边境管理支队一级警长及以下（三）|策克出入境边防检查站一级警长及以下（三）
580102K,道路交通管理,专科(高职),,专科,公安与司法大类,公安管理类,7.4,很弱/无直接岗位,2026国考职位表/中央机关及直属机构口径（第三方镜像）,1.0,0.0,1.0,0.0,0.0,0.0,100.0,0.0,0.0,主要靠专业大类/门类岗位,海关/边检(1)；公安/移民/基层执法(1),1.0,32.0,0.0,0.0,0.0,,0.0,0.0,,1.0,100.0,32.0,0.0,0.0,,0.0,1.0,0.0,1.0,limited,升学后弱潜力,主要来自专业类/学科门类宽口径匹配，报考前必须核官方专业目录。,可以考，但院校层级优势有限，更依赖岗位地区和限制条件。,岗位窗口较窄，建议只作为就业备选项。,少量大专可报基层岗位存在，但数量很少，需逐岗位核验。,内蒙古出入境边防检查总站,策克出入境边防检查站一级警长及以下（三）
580103K,特警,专科(高职),,专科,公安与司法大类,公安管理类,7.4,很弱/无直接岗位,2026国考职位表/中央机关及直属机构口径（第三方镜像）,1.0,0.0,1.0,0.0,0.0,0.0,100.0,0.0,0.0,主要靠专业大类/门类岗位,海关/边检(1)；公安/移民/基层执法(1),1.0,32.0,0.0,0.0,0.0,,0.0,0.0,,1.0,100.0,32.0,0.0,0.0,,0.0,1.0,0.0,1.0,limited,升学后弱潜力,主要来自专业类/学科门类宽口径匹配，报考前必须核官方专业目录。,可以考，但院校层级优势有限，更依赖岗位地区和限制条件。,岗位窗口较窄，建议只作为就业备选项。,少量大专可报基层岗位存在，但数量很少，需逐岗位核验。,内蒙古出入境边防检查总站,策克出入境边防检查站一级警长及以下（三）
580104K,警务指挥与战术,专科(高职),,专科,公安与司法大类,公安管理类,7.4,很弱/无直接岗位,2026国考职位表/中央机关及直属机构口径（第三方镜像）,1.0,0.0,1.0,0.0,0.0,0.0,100.0,0.0,0.0,主要靠专业大类/门类岗位,海关/边检(1)；公安/移民/基层执法(1),1.0,32.0,0.0,0.0,0.0,,0.0,0.0,,1.0,100.0,32.0,0.0,0.0,,0.0,1.0,0.0,1.0,limited,升学后弱潜力,主要来自专业类/学科门类宽口径匹配，报考前必须核官方专业目录。,可以考，但院校层级优势有限，更依赖岗位地区和限制条件。,岗位窗口较窄，建议只作为就业备选项。,少量大专可报基层岗位存在，但数量很少，需逐岗位核验。,内蒙古出入境边防检查总站,策克出入境边防检查站一级警长及以下（三）
580201K,刑事科学技术,专科(高职),,专科,公安与司法大类,公安技术类,10.1,很弱/无直接岗位,2026国考职位表/中央机关及直属机构口径（第三方镜像）,2.0,1.0,1.0,0.0,0.0,50.0,50.0,0.0,0.0,以对口岗位为主,海关/边检(2)；公安/移民/基层执法(2),5.0,128.8,0.0,0.0,0.0,,0.0,0.0,,2.0,100.0,92.5,0.0,0.0,,0.0,30.0,5.0,25.0,limited,升学后中等潜力,存在专业代码或专业名称精确匹配，并有直接学历兼容岗位。,可以考，但院校层级优势有限，更依赖岗位地区和限制条件。,岗位窗口较窄，建议只作为就业备选项。,少量大专可报基层岗位存在，但数量很少，需逐岗位核验。,中国人民银行四川省分行|中国人民银行宁夏回族自治区分行|中国人民银行广东省分行|中国人民银行广西壮族自治区分行|中国人民银行新疆维吾尔自治区分行|中国人民银行河北省分行|中国人民银行河南省分行|中国人民银行浙江省分行,和田边境管理支队一级警长及以下（十二）|延边边境管理支队一级警长及以下（四）|白山边境管理支队一级警长及以下（三）|策克出入境边防检查站一级警长及以下（三）|综合业务部门一级主任科员及以下|通化边境管理支队一级警长及以下（十一）|长白山边境管理支队一级警长及以下（二）
580202K,网络安全与执法,专科(高职),,专科,公安与司法大类,公安技术类,7.4,很弱/无直接岗位,2026国考职位表/中央机关及直属机构口径（第三方镜像）,1.0,0.0,1.0,0.0,0.0,0.0,100.0,0.0,0.0,主要靠专业大类/门类岗位,海关/边检(1)；公安/移民/基层执法(1),1.0,32.0,0.0,0.0,0.0,,0.0,0.0,,1.0,100.0,32.0,0.0,0.0,,0.0,29.0,4.0,25.0,limited,升学后中等潜力,主要来自专业类/学科门类宽口径匹配，报考前必须核官方专业目录。,可以考，但院校层级优势有限，更依赖岗位地区和限制条件。,岗位窗口较窄，建议只作为就业备选项。,少量大专可报基层岗位存在，但数量很少，需逐岗位核验。,中国人民银行四川省分行|中国人民银行宁夏回族自治区分行|中国人民银行广东省分行|中国人民银行广西壮族自治区分行|中国人民银行新疆维吾尔自治区分行|中国人民银行河北省分行|中国人民银行河南省分行|中国人民银行浙江省分行,延边边境管理支队一级警长及以下（四）|白山边境管理支队一级警长及以下（三）|策克出入境边防检查站一级警长及以下（三）|综合业务部门一级主任科员及以下|通化边境管理支队一级警长及以下（十一）|长白山边境管理支队一级警长及以下（二）
580203K,警犬技术,专科(高职),,专科,公安与司法大类,公安技术类,17.5,弱适配,2026国考职位表/中央机关及直属机构口径（第三方镜像）,3.0,2.0,1.0,0.0,0.0,66.7,33.3,0.0,0.0,以对口岗位为主,海关/边检(3)；公安/移民/基层执法(3),7.0,35.71,0.0,0.0,0.0,,0.0,0.0,,3.0,100.0,36.25,0.0,0.0,,0.0,32.0,7.0,25.0,limited,升学后中等潜力,存在专业代码或专业名称精确匹配，并有直接学历兼容岗位。,可以考，但院校层级优势有限，更依赖岗位地区和限制条件。,岗位窗口较窄，建议只作为就业备选项。,少量大专可报基层岗位存在，但数量很少，需逐岗位核验。,中国人民银行四川省分行|中国人民银行宁夏回族自治区分行|中国人民银行广东省分行|中国人民银行广西壮族自治区分行|中国人民银行新疆维吾尔自治区分行|中国人民银行河北省分行|中国人民银行河南省分行|中国人民银行浙江省分行,呼伦贝尔边境管理支队一级警长及以下（九）|呼伦贝尔边境管理支队一级警长及以下（十）|和田边境管理支队一级警长及以下（五）|延边边境管理支队一级警长及以下（四）|白山边境管理支队一级警长及以下（三）|策克出入境边防检查站一级警长及以下（三）|综合业务部门一级主任科员及以下|通化边境管理支队一级警长及以下（十一）
580301K,刑事侦查,专科(高职),,专科,公安与司法大类,侦查类,22.1,弱适配,2026国考职位表/中央机关及直属机构口径（第三方镜像）,4.0,4.0,0.0,0.0,0.0,100.0,0.0,0.0,0.0,以对口岗位为主,海关/边检(4)；公安/移民/基层执法(4),16.0,43.88,0.0,0.0,0.0,,0.0,0.0,,4.0,100.0,44.12,0.0,0.0,,0.0,4.0,4.0,0.0,limited,升学后弱潜力,存在专业代码或专业名称精确匹配，并有直接学历兼容岗位。,可以考，但院校层级优势有限，更依赖岗位地区和限制条件。,岗位窗口较窄，建议只作为就业备选项。,少量大专可报基层岗位存在，但数量很少，需逐岗位核验。,吉林出入境边防检查总站|新疆出入境边防检查总站,克州边境管理支队一级警长及以下（三）|和田边境管理支队一级警长及以下（十二）|延边边境管理支队一级警长及以下（五）|白山边境管理支队一级警长及以下（四）
580302K,政治安全保卫,专科(高职),,专科,公安与司法大类,侦查类,0.0,很弱/无直接岗位,2026国考职位表/中央机关及直属机构口径（第三方镜像）,0.0,0.0,0.0,0.0,0.0,0.0,0.0,0.0,0.0,无直接可报岗位,,0.0,,0.0,0.0,0.0,,0.0,0.0,,0.0,0.0,,0.0,0.0,,0.0,0.0,0.0,0.0,none,暂无明显潜力,2026岗位文本中未形成直接可报匹配。,不建议把考公作为该专业在头部院校的核心卖点。,直接考公适配弱，应更多看行业就业或升学转换。,普通应用/职业院校下直接考公空间很小，优先看事业单位、基层项目或行业就业。,,
580303K,经济犯罪侦查,专科(高职),,专科,公安与司法大类,侦查类,0.0,很弱/无直接岗位,2026国考职位表/中央机关及直属机构口径（第三方镜像）,0.0,0.0,0.0,0.0,0.0,0.0,0.0,0.0,0.0,无直接可报岗位,,0.0,,0.0,0.0,0.0,,0.0,0.0,,0.0,0.0,,0.0,0.0,,0.0,19.0,19.0,0.0,limited,升学后中等潜力,大专学历直接可报岗位不足；专业文本在本科/升本路径中有匹配线索。,不建议把考公作为该专业在头部院校的核心卖点。,直接考公适配弱，应更多看行业就业或升学转换。,普通应用/职业院校下直接考公空间很小，优先看事业单位、基层项目或行业就业。,内蒙古出入境边防检查总站|厦门海关|吉林出入境边防检查总站|宁波海关|广州海关|杭州海关|深圳海关,二连出入境边防检查站一级警长及以下（五）|延边边境管理支队一级警长及以下（四）|法制一级行政执法员|白山边境管理支队一级警长及以下（三）|监管一级行政执法员（一）|稽查一级行政执法员|稽核查一级行政执法员|通化边境管理支队一级警长及以下（十一）
580304K,禁毒,专科(高职),,专科,公安与司法大类,侦查类,0.0,很弱/无直接岗位,2026国考职位表/中央机关及直属机构口径（第三方镜像）,0.0,0.0,0.0,0.0,0.0,0.0,0.0,0.0,0.0,无直接可报岗位,,0.0,,0.0,0.0,0.0,,0.0,0.0,,0.0,0.0,,0.0,0.0,,0.0,0.0,0.0,0.0,none,暂无明显潜力,2026岗位文本中未形成直接可报匹配。,不建议把考公作为该专业在头部院校的核心卖点。,直接考公适配弱，应更多看行业就业或升学转换。,普通应用/职业院校下直接考公空间很小，优先看事业单位、基层项目或行业就业。,,
580401,法律事务,专科(高职),,专科,公安与司法大类,法律实务类,0.0,很弱/无直接岗位,2026国考职位表/中央机关及直属机构口径（第三方镜像）,0.0,0.0,0.0,0.0,0.0,0.0,0.0,0.0,0.0,无直接可报岗位,,0.0,,0.0,0.0,0.0,,0.0,0.0,,0.0,0.0,,0.0,0.0,,0.0,0.0,0.0,0.0,none,暂无明显潜力,2026岗位文本中未形成直接可报匹配。,不建议把考公作为该专业在头部院校的核心卖点。,直接考公适配弱，应更多看行业就业或升学转换。,普通应用/职业院校下直接考公空间很小，优先看事业单位、基层项目或行业就业。,,
580402,法律文秘,专科(高职),,专科,公安与司法大类,法律实务类,0.0,很弱/无直接岗位,2026国考职位表/中央机关及直属机构口径（第三方镜像）,0.0,0.0,0.0,0.0,0.0,0.0,0.0,0.0,0.0,无直接可报岗位,,0.0,,0.0,0.0,0.0,,0.0,0.0,,0.0,0.0,,0.0,0.0,,0.0,0.0,0.0,0.0,none,暂无明显潜力,2026岗位文本中未形成直接可报匹配。,不建议把考公作为该专业在头部院校的核心卖点。,直接考公适配弱，应更多看行业就业或升学转换。,普通应用/职业院校下直接考公空间很小，优先看事业单位、基层项目或行业就业。,,
580403,检察事务,专科(高职),,专科,公安与司法大类,法律实务类,0.0,很弱/无直接岗位,2026国考职位表/中央机关及直属机构口径（第三方镜像）,0.0,0.0,0.0,0.0,0.0,0.0,0.0,0.0,0.0,无直接可报岗位,,0.0,,0.0,0.0,0.0,,0.0,0.0,,0.0,0.0,,0.0,0.0,,0.0,0.0,0.0,0.0,none,暂无明显潜力,2026岗位文本中未形成直接可报匹配。,不建议把考公作为该专业在头部院校的核心卖点。,直接考公适配弱，应更多看行业就业或升学转换。,普通应用/职业院校下直接考公空间很小，优先看事业单位、基层项目或行业就业。,,
580501K,刑事执行,专科(高职),,专科,公安与司法大类,法律执行类,16.9,弱适配,2026国考职位表/中央机关及直属机构口径（第三方镜像）,2.0,2.0,0.0,0.0,0.0,100.0,0.0,0.0,0.0,以对口岗位为主,海关/边检(2)；公安/移民/基层执法(2),8.0,7.88,0.0,0.0,0.0,,0.0,0.0,,2.0,100.0,8.37,0.0,0.0,,0.0,2.0,2.0,0.0,limited,升学后弱潜力,存在专业代码或专业名称精确匹配，并有直接学历兼容岗位。,可以考，但院校层级优势有限，更依赖岗位地区和限制条件。,岗位窗口较窄，建议只作为就业备选项。,少量大专可报基层岗位存在，但数量很少，需逐岗位核验。,吉林出入境边防检查总站,延边边境管理支队一级警长及以下（五）|白山边境管理支队一级警长及以下（四）
580502,民事执行,专科(高职),,专科,公安与司法大类,法律执行类,0.0,很弱/无直接岗位,2026国考职位表/中央机关及直属机构口径（第三方镜像）,0.0,0.0,0.0,0.0,0.0,0.0,0.0,0.0,0.0,无直接可报岗位,,0.0,,0.0,0.0,0.0,,0.0,0.0,,0.0,0.0,,0.0,0.0,,0.0,0.0,0.0,0.0,none,暂无明显潜力,2026岗位文本中未形成直接可报匹配。,不建议把考公作为该专业在头部院校的核心卖点。,直接考公适配弱，应更多看行业就业或升学转换。,普通应用/职业院校下直接考公空间很小，优先看事业单位、基层项目或行业就业。,,
580503K,行政执行,专科(高职),,专科,公安与司法大类,法律执行类,0.0,很弱/无直接岗位,2026国考职位表/中央机关及直属机构口径（第三方镜像）,0.0,0.0,0.0,0.0,0.0,0.0,0.0,0.0,0.0,无直接可报岗位,,0.0,,0.0,0.0,0.0,,0.0,0.0,,0.0,0.0,,0.0,0.0,,0.0,0.0,0.0,0.0,none,暂无明显潜力,2026岗位文本中未形成直接可报匹配。,不建议把考公作为该专业在头部院校的核心卖点。,直接考公适配弱，应更多看行业就业或升学转换。,普通应用/职业院校下直接考公空间很小，优先看事业单位、基层项目或行业就业。,,
580504K,司法警务,专科(高职),,专科,公安与司法大类,法律执行类,12.6,很弱/无直接岗位,2026国考职位表/中央机关及直属机构口径（第三方镜像）,1.0,1.0,0.0,0.0,0.0,100.0,0.0,0.0,0.0,以对口岗位为主,海关/边检(1)；公安/移民/基层执法(1),4.0,5.75,0.0,0.0,0.0,,0.0,0.0,,1.0,100.0,5.75,0.0,0.0,,0.0,1.0,1.0,0.0,limited,升学后弱潜力,存在专业代码或专业名称精确匹配，并有直接学历兼容岗位。,可以考，但院校层级优势有限，更依赖岗位地区和限制条件。,岗位窗口较窄，建议只作为就业备选项。,少量大专可报基层岗位存在，但数量很少，需逐岗位核验。,新疆出入境边防检查总站,哈密边境管理支队一级警长及以下（三）
580505,社区矫正,专科(高职),,专科,公安与司法大类,法律执行类,0.0,很弱/无直接岗位,2026国考职位表/中央机关及直属机构口径（第三方镜像）,0.0,0.0,0.0,0.0,0.0,0.0,0.0,0.0,0.0,无直接可报岗位,,0.0,,0.0,0.0,0.0,,0.0,0.0,,0.0,0.0,,0.0,0.0,,0.0,1.0,1.0,0.0,limited,升学后弱潜力,大专学历直接可报岗位不足；专业文本在本科/升本路径中有匹配线索。,不建议把考公作为该专业在头部院校的核心卖点。,直接考公适配弱，应更多看行业就业或升学转换。,普通应用/职业院校下直接考公空间很小，优先看事业单位、基层项目或行业就业。,国家移民管理局瑞丽遣返中心,瑞丽遣返中心执行队一级警长及以下（六）
580506K,专门矫治教育,专科(高职),,专科,公安与司法大类,法律执行类,0.0,很弱/无直接岗位,2026国考职位表/中央机关及直属机构口径（第三方镜像）,0.0,0.0,0.0,0.0,0.0,0.0,0.0,0.0,0.0,无直接可报岗位,,0.0,,0.0,0.0,0.0,,0.0,0.0,,0.0,0.0,,0.0,0.0,,0.0,0.0,0.0,0.0,,暂无明显潜力,2026岗位文本中未形成直接可报匹配。,不建议把考公作为该专业在头部院校的核心卖点。,直接考公适配弱，应更多看行业就业或升学转换。,普通应用/职业院校下直接考公空间很小，优先看事业单位、基层项目或行业就业。,,
580601K,刑事侦查技术,专科(高职),,专科,公安与司法大类,司法技术类,20.6,弱适配,2026国考职位表/中央机关及直属机构口径（第三方镜像）,4.0,3.0,1.0,0.0,0.0,75.0,25.0,0.0,0.0,以对口岗位为主,海关/边检(4)；公安/移民/基层执法(4),13.0,9.38,0.0,0.0,0.0,,0.0,0.0,,4.0,100.0,13.87,0.0,0.0,,0.0,4.0,3.0,1.0,limited,升学后弱潜力,存在专业代码或专业名称精确匹配，并有直接学历兼容岗位。,可以考，但院校层级优势有限，更依赖岗位地区和限制条件。,岗位窗口较窄，建议只作为就业备选项。,少量大专可报基层岗位存在，但数量很少，需逐岗位核验。,内蒙古出入境边防检查总站|吉林出入境边防检查总站|新疆出入境边防检查总站,克州边境管理支队一级警长及以下（三）|延边边境管理支队一级警长及以下（五）|白山边境管理支队一级警长及以下（四）|策克出入境边防检查站一级警长及以下（三）
580602K,司法信息技术,专科(高职),,专科,公安与司法大类,司法技术类,7.4,很弱/无直接岗位,2026国考职位表/中央机关及直属机构口径（第三方镜像）,1.0,0.0,1.0,0.0,0.0,0.0,100.0,0.0,0.0,主要靠专业大类/门类岗位,海关/边检(1)；公安/移民/基层执法(1),1.0,32.0,0.0,0.0,0.0,,0.0,0.0,,1.0,100.0,32.0,0.0,0.0,,0.0,1.0,0.0,1.0,limited,升学后弱潜力,主要来自专业类/学科门类宽口径匹配，报考前必须核官方专业目录。,可以考，但院校层级优势有限，更依赖岗位地区和限制条件。,岗位窗口较窄，建议只作为就业备选项。,少量大专可报基层岗位存在，但数量很少，需逐岗位核验。,内蒙古出入境边防检查总站,策克出入境边防检查站一级警长及以下（三）
580603,司法鉴定技术,专科(高职),,专科,公安与司法大类,司法技术类,7.4,很弱/无直接岗位,2026国考职位表/中央机关及直属机构口径（第三方镜像）,1.0,0.0,1.0,0.0,0.0,0.0,100.0,0.0,0.0,主要靠专业大类/门类岗位,海关/边检(1)；公安/移民/基层执法(1),1.0,32.0,0.0,0.0,0.0,,0.0,0.0,,1.0,100.0,32.0,0.0,0.0,,0.0,1.0,0.0,1.0,limited,升学后弱潜力,主要来自专业类/学科门类宽口径匹配，报考前必须核官方专业目录。,可以考，但院校层级优势有限，更依赖岗位地区和限制条件。,岗位窗口较窄，建议只作为就业备选项。,少量大专可报基层岗位存在，但数量很少，需逐岗位核验。,内蒙古出入境边防检查总站,策克出入境边防检查站一级警长及以下（三）
580604K,司法信息安全,专科(高职),,专科,公安与司法大类,司法技术类,7.4,很弱/无直接岗位,2026国考职位表/中央机关及直属机构口径（第三方镜像）,1.0,0.0,1.0,0.0,0.0,0.0,100.0,0.0,0.0,主要靠专业大类/门类岗位,海关/边检(1)；公安/移民/基层执法(1),1.0,32.0,0.0,0.0,0.0,,0.0,0.0,,1.0,100.0,32.0,0.0,0.0,,0.0,1.0,0.0,1.0,limited,升学后弱潜力,主要来自专业类/学科门类宽口径匹配，报考前必须核官方专业目录。,可以考，但院校层级优势有限，更依赖岗位地区和限制条件。,岗位窗口较窄，建议只作为就业备选项。,少量大专可报基层岗位存在，但数量很少，需逐岗位核验。,内蒙古出入境边防检查总站,策克出入境边防检查站一级警长及以下（三）
580605K,罪犯心理测量与矫正技术,专科(高职),,专科,公安与司法大类,司法技术类,14.4,很弱/无直接岗位,2026国考职位表/中央机关及直属机构口径（第三方镜像）,2.0,1.0,1.0,0.0,0.0,50.0,50.0,0.0,0.0,以对口岗位为主,海关/边检(2)；公安/移民/基层执法(2),6.0,17.0,0.0,0.0,0.0,,0.0,0.0,,2.0,100.0,23.0,0.0,0.0,,0.0,2.0,1.0,1.0,limited,升学后弱潜力,存在专业代码或专业名称精确匹配，并有直接学历兼容岗位。,可以考，但院校层级优势有限，更依赖岗位地区和限制条件。,岗位窗口较窄，建议只作为就业备选项。,少量大专可报基层岗位存在，但数量很少，需逐岗位核验。,内蒙古出入境边防检查总站|新疆出入境边防检查总站,伊犁边境管理支队一级警长及以下（四）|策克出入境边防检查站一级警长及以下（三）
580606K,戒毒矫治技术,专科(高职),,专科,公安与司法大类,司法技术类,7.4,很弱/无直接岗位,2026国考职位表/中央机关及直属机构口径（第三方镜像）,1.0,0.0,1.0,0.0,0.0,0.0,100.0,0.0,0.0,主要靠专业大类/门类岗位,海关/边检(1)；公安/移民/基层执法(1),1.0,32.0,0.0,0.0,0.0,,0.0,0.0,,1.0,100.0,32.0,0.0,0.0,,0.0,1.0,0.0,1.0,limited,升学后弱潜力,主要来自专业类/学科门类宽口径匹配，报考前必须核官方专业目录。,可以考，但院校层级优势有限，更依赖岗位地区和限制条件。,岗位窗口较窄，建议只作为就业备选项。,少量大专可报基层岗位存在，但数量很少，需逐岗位核验。,内蒙古出入境边防检查总站,策克出入境边防检查站一级警长及以下（三）
580701,安全防范技术,专科(高职),,专科,公安与司法大类,安全防范类,10.1,很弱/无直接岗位,2026国考职位表/中央机关及直属机构口径（第三方镜像）,2.0,1.0,1.0,0.0,0.0,50.0,50.0,0.0,0.0,以对口岗位为主,海关/边检(2)；公安/移民/基层执法(2),5.0,128.8,0.0,0.0,0.0,,0.0,0.0,,2.0,100.0,92.5,0.0,0.0,,0.0,2.0,1.0,1.0,limited,升学后弱潜力,存在专业代码或专业名称精确匹配，并有直接学历兼容岗位。,可以考，但院校层级优势有限，更依赖岗位地区和限制条件。,岗位窗口较窄，建议只作为就业备选项。,少量大专可报基层岗位存在，但数量很少，需逐岗位核验。,内蒙古出入境边防检查总站|新疆出入境边防检查总站,和田边境管理支队一级警长及以下（十二）|策克出入境边防检查站一级警长及以下（三）
580702,安全保卫管理,专科(高职),,专科,公安与司法大类,安全防范类,7.4,很弱/无直接岗位,2026国考职位表/中央机关及直属机构口径（第三方镜像）,1.0,0.0,1.0,0.0,0.0,0.0,100.0,0.0,0.0,主要靠专业大类/门类岗位,海关/边检(1)；公安/移民/基层执法(1),1.0,32.0,0.0,0.0,0.0,,0.0,0.0,,1.0,100.0,32.0,0.0,0.0,,0.0,1.0,0.0,1.0,limited,升学后弱潜力,主要来自专业类/学科门类宽口径匹配，报考前必须核官方专业目录。,可以考，但院校层级优势有限，更依赖岗位地区和限制条件。,岗位窗口较窄，建议只作为就业备选项。,少量大专可报基层岗位存在，但数量很少，需逐岗位核验。,内蒙古出入境边防检查总站,策克出入境边防检查站一级警长及以下（三）
580703,智能安防运营管理,专科(高职),,专科,公安与司法大类,安全防范类,7.4,很弱/无直接岗位,2026国考职位表/中央机关及直属机构口径（第三方镜像）,1.0,0.0,1.0,0.0,0.0,0.0,100.0,0.0,0.0,主要靠专业大类/门类岗位,海关/边检(1)；公安/移民/基层执法(1),1.0,32.0,0.0,0.0,0.0,,0.0,0.0,,1.0,100.0,32.0,0.0,0.0,,0.0,1.0,0.0,1.0,limited,升学后弱潜力,主要来自专业类/学科门类宽口径匹配，报考前必须核官方专业目录。,可以考，但院校层级优势有限，更依赖岗位地区和限制条件。,岗位窗口较窄，建议只作为就业备选项。,少量大专可报基层岗位存在，但数量很少，需逐岗位核验。,内蒙古出入境边防检查总站,策克出入境边防检查站一级警长及以下（三）
340101,旅游管理,本科(职业),,本科,旅游大类,旅游类,0.0,很弱/无直接岗位,2026国考职位表/中央机关及直属机构口径（第三方镜像）,0.0,0.0,0.0,0.0,0.0,0.0,0.0,0.0,0.0,无直接可报岗位,,0.0,,0.0,0.0,0.0,,0.0,0.0,,0.0,0.0,,0.0,0.0,,0.0,0.0,0.0,0.0,,暂无明显潜力,2026岗位文本中未形成直接可报匹配。,不建议把考公作为该专业在头部院校的核心卖点。,直接考公适配弱，应更多看行业就业或升学转换。,不适合作为普通应用院校的考公主卖点。,,
340102,酒店管理,本科(职业),,本科,旅游大类,旅游类,0.0,很弱/无直接岗位,2026国考职位表/中央机关及直属机构口径（第三方镜像）,0.0,0.0,0.0,0.0,0.0,0.0,0.0,0.0,0.0,无直接可报岗位,,0.0,,0.0,0.0,0.0,,0.0,0.0,,0.0,0.0,,0.0,0.0,,0.0,0.0,0.0,0.0,,暂无明显潜力,2026岗位文本中未形成直接可报匹配。,不建议把考公作为该专业在头部院校的核心卖点。,直接考公适配弱，应更多看行业就业或升学转换。,不适合作为普通应用院校的考公主卖点。,,
340103,旅游规划与设计,本科(职业),,本科,旅游大类,旅游类,0.0,很弱/无直接岗位,2026国考职位表/中央机关及直属机构口径（第三方镜像）,0.0,0.0,0.0,0.0,0.0,0.0,0.0,0.0,0.0,无直接可报岗位,,0.0,,0.0,0.0,0.0,,0.0,0.0,,0.0,0.0,,0.0,0.0,,0.0,0.0,0.0,0.0,,暂无明显潜力,2026岗位文本中未形成直接可报匹配。,不建议把考公作为该专业在头部院校的核心卖点。,直接考公适配弱，应更多看行业就业或升学转换。,不适合作为普通应用院校的考公主卖点。,,
340104,研学旅行策划与管理,本科(职业),,本科,旅游大类,旅游类,0.0,很弱/无直接岗位,2026国考职位表/中央机关及直属机构口径（第三方镜像）,0.0,0.0,0.0,0.0,0.0,0.0,0.0,0.0,0.0,无直接可报岗位,,0.0,,0.0,0.0,0.0,,0.0,0.0,,0.0,0.0,,0.0,0.0,,0.0,0.0,0.0,0.0,,暂无明显潜力,2026岗位文本中未形成直接可报匹配。,不建议把考公作为该专业在头部院校的核心卖点。,直接考公适配弱，应更多看行业就业或升学转换。,不适合作为普通应用院校的考公主卖点。,,
340105,会展策划与管理,本科(职业),,本科,旅游大类,旅游类,0.0,很弱/无直接岗位,2026国考职位表/中央机关及直属机构口径（第三方镜像）,0.0,0.0,0.0,0.0,0.0,0.0,0.0,0.0,0.0,无直接可报岗位,,0.0,,0.0,0.0,0.0,,0.0,0.0,,0.0,0.0,,0.0,0.0,,0.0,0.0,0.0,0.0,,暂无明显潜力,2026岗位文本中未形成直接可报匹配。,不建议把考公作为该专业在头部院校的核心卖点。,直接考公适配弱，应更多看行业就业或升学转换。,不适合作为普通应用院校的考公主卖点。,,
340201,烹饪与餐饮管理,本科(职业),,本科,旅游大类,餐饮类,0.0,很弱/无直接岗位,2026国考职位表/中央机关及直属机构口径（第三方镜像）,0.0,0.0,0.0,0.0,0.0,0.0,0.0,0.0,0.0,无直接可报岗位,,0.0,,0.0,0.0,0.0,,0.0,0.0,,0.0,0.0,,0.0,0.0,,0.0,0.0,0.0,0.0,,暂无明显潜力,2026岗位文本中未形成直接可报匹配。,不建议把考公作为该专业在头部院校的核心卖点。,直接考公适配弱，应更多看行业就业或升学转换。,不适合作为普通应用院校的考公主卖点。,,
390101,社会工作,本科(职业),,本科,公共管理与服务大类,公共事业类,0.0,很弱/无直接岗位,2026国考职位表/中央机关及直属机构口径（第三方镜像）,0.0,0.0,0.0,0.0,0.0,0.0,0.0,0.0,0.0,无直接可报岗位,,0.0,,0.0,0.0,0.0,,0.0,0.0,,0.0,0.0,,0.0,0.0,,0.0,0.0,0.0,0.0,,暂无明显潜力,2026岗位文本中未形成直接可报匹配。,不建议把考公作为该专业在头部院校的核心卖点。,直接考公适配弱，应更多看行业就业或升学转换。,不适合作为普通应用院校的考公主卖点。,,
390102,党务工作,本科(职业),,本科,公共管理与服务大类,公共事业类,0.0,很弱/无直接岗位,2026国考职位表/中央机关及直属机构口径（第三方镜像）,0.0,0.0,0.0,0.0,0.0,0.0,0.0,0.0,0.0,无直接可报岗位,,0.0,,0.0,0.0,0.0,,0.0,0.0,,0.0,0.0,,0.0,0.0,,0.0,0.0,0.0,0.0,,暂无明显潜力,2026岗位文本中未形成直接可报匹配。,不建议把考公作为该专业在头部院校的核心卖点。,直接考公适配弱，应更多看行业就业或升学转换。,不适合作为普通应用院校的考公主卖点。,,
390103,智慧社区管理,本科(职业),,本科,公共管理与服务大类,公共事业类,0.0,很弱/无直接岗位,2026国考职位表/中央机关及直属机构口径（第三方镜像）,0.0,0.0,0.0,0.0,0.0,0.0,0.0,0.0,0.0,无直接可报岗位,,0.0,,0.0,0.0,0.0,,0.0,0.0,,0.0,0.0,,0.0,0.0,,0.0,0.0,0.0,0.0,,暂无明显潜力,2026岗位文本中未形成直接可报匹配。,不建议把考公作为该专业在头部院校的核心卖点。,直接考公适配弱，应更多看行业就业或升学转换。,不适合作为普通应用院校的考公主卖点。,,
390104,慈善管理,本科(职业),,本科,公共管理与服务大类,公共事业类,0.0,很弱/无直接岗位,2026国考职位表/中央机关及直属机构口径（第三方镜像）,0.0,0.0,0.0,0.0,0.0,0.0,0.0,0.0,0.0,无直接可报岗位,,0.0,,0.0,0.0,0.0,,0.0,0.0,,0.0,0.0,,0.0,0.0,,0.0,0.0,0.0,0.0,,暂无明显潜力,2026岗位文本中未形成直接可报匹配。,不建议把考公作为该专业在头部院校的核心卖点。,直接考公适配弱，应更多看行业就业或升学转换。,不适合作为普通应用院校的考公主卖点。,,
390201,民政管理,本科(职业),,本科,公共管理与服务大类,公共管理类,0.0,很弱/无直接岗位,2026国考职位表/中央机关及直属机构口径（第三方镜像）,0.0,0.0,0.0,0.0,0.0,0.0,0.0,0.0,0.0,无直接可报岗位,,0.0,,0.0,0.0,0.0,,0.0,0.0,,0.0,0.0,,0.0,0.0,,0.0,0.0,0.0,0.0,,暂无明显潜力,2026岗位文本中未形成直接可报匹配。,不建议把考公作为该专业在头部院校的核心卖点。,直接考公适配弱，应更多看行业就业或升学转换。,不适合作为普通应用院校的考公主卖点。,,
390202,人力资源管理,本科(职业),,本科,公共管理与服务大类,公共管理类,0.0,很弱/无直接岗位,2026国考职位表/中央机关及直属机构口径（第三方镜像）,0.0,0.0,0.0,0.0,0.0,0.0,0.0,0.0,0.0,无直接可报岗位,,0.0,,0.0,0.0,0.0,,0.0,0.0,,0.0,0.0,,0.0,0.0,,0.0,0.0,0.0,0.0,,暂无明显潜力,2026岗位文本中未形成直接可报匹配。,不建议把考公作为该专业在头部院校的核心卖点。,直接考公适配弱，应更多看行业就业或升学转换。,不适合作为普通应用院校的考公主卖点。,,
390203,行政管理,本科(职业),,本科,公共管理与服务大类,公共管理类,0.0,很弱/无直接岗位,2026国考职位表/中央机关及直属机构口径（第三方镜像）,0.0,0.0,0.0,0.0,0.0,0.0,0.0,0.0,0.0,无直接可报岗位,,0.0,,0.0,0.0,0.0,,0.0,0.0,,0.0,0.0,,0.0,0.0,,0.0,0.0,0.0,0.0,,暂无明显潜力,2026岗位文本中未形成直接可报匹配。,不建议把考公作为该专业在头部院校的核心卖点。,直接考公适配弱，应更多看行业就业或升学转换。,不适合作为普通应用院校的考公主卖点。,,
390204,外事实务,本科(职业),,本科,公共管理与服务大类,公共管理类,0.0,很弱/无直接岗位,2026国考职位表/中央机关及直属机构口径（第三方镜像）,0.0,0.0,0.0,0.0,0.0,0.0,0.0,0.0,0.0,无直接可报岗位,,0.0,,0.0,0.0,0.0,,0.0,0.0,,0.0,0.0,,0.0,0.0,,0.0,0.0,0.0,0.0,,暂无明显潜力,2026岗位文本中未形成直接可报匹配。,不建议把考公作为该专业在头部院校的核心卖点。,直接考公适配弱，应更多看行业就业或升学转换。,不适合作为普通应用院校的考公主卖点。,,
390205,婚姻服务与管理,本科(职业),,本科,公共管理与服务大类,公共管理类,0.0,很弱/无直接岗位,2026国考职位表/中央机关及直属机构口径（第三方镜像）,0.0,0.0,0.0,0.0,0.0,0.0,0.0,0.0,0.0,无直接可报岗位,,0.0,,0.0,0.0,0.0,,0.0,0.0,,0.0,0.0,,0.0,0.0,,0.0,0.0,0.0,0.0,,暂无明显潜力,2026岗位文本中未形成直接可报匹配。,不建议把考公作为该专业在头部院校的核心卖点。,直接考公适配弱，应更多看行业就业或升学转换。,不适合作为普通应用院校的考公主卖点。,,
390206,标准化技术,本科(职业),,本科,公共管理与服务大类,公共管理类,0.0,很弱/无直接岗位,2026国考职位表/中央机关及直属机构口径（第三方镜像）,0.0,0.0,0.0,0.0,0.0,0.0,0.0,0.0,0.0,无直接可报岗位,,0.0,,0.0,0.0,0.0,,0.0,0.0,,0.0,0.0,,0.0,0.0,,0.0,0.0,0.0,0.0,,暂无明显潜力,2026岗位文本中未形成直接可报匹配。,不建议把考公作为该专业在头部院校的核心卖点。,直接考公适配弱，应更多看行业就业或升学转换。,不适合作为普通应用院校的考公主卖点。,,
390301,现代家政管理,本科(职业),,本科,公共管理与服务大类,公共服务类,0.0,很弱/无直接岗位,2026国考职位表/中央机关及直属机构口径（第三方镜像）,0.0,0.0,0.0,0.0,0.0,0.0,0.0,0.0,0.0,无直接可报岗位,,0.0,,0.0,0.0,0.0,,0.0,0.0,,0.0,0.0,,0.0,0.0,,0.0,0.0,0.0,0.0,,暂无明显潜力,2026岗位文本中未形成直接可报匹配。,不建议把考公作为该专业在头部院校的核心卖点。,直接考公适配弱，应更多看行业就业或升学转换。,不适合作为普通应用院校的考公主卖点。,,
390302,智慧健康养老管理,本科(职业),,本科,公共管理与服务大类,公共服务类,0.0,很弱/无直接岗位,2026国考职位表/中央机关及直属机构口径（第三方镜像）,0.0,0.0,0.0,0.0,0.0,0.0,0.0,0.0,0.0,无直接可报岗位,,0.0,,0.0,0.0,0.0,,0.0,0.0,,0.0,0.0,,0.0,0.0,,0.0,0.0,0.0,0.0,,暂无明显潜力,2026岗位文本中未形成直接可报匹配。,不建议把考公作为该专业在头部院校的核心卖点。,直接考公适配弱，应更多看行业就业或升学转换。,不适合作为普通应用院校的考公主卖点。,,
390303,现代殡葬管理,本科(职业),,本科,公共管理与服务大类,公共服务类,0.0,很弱/无直接岗位,2026国考职位表/中央机关及直属机构口径（第三方镜像）,0.0,0.0,0.0,0.0,0.0,0.0,0.0,0.0,0.0,无直接可报岗位,,0.0,,0.0,0.0,0.0,,0.0,0.0,,0.0,0.0,,0.0,0.0,,0.0,0.0,0.0,0.0,,暂无明显潜力,2026岗位文本中未形成直接可报匹配。,不建议把考公作为该专业在头部院校的核心卖点。,直接考公适配弱，应更多看行业就业或升学转换。,不适合作为普通应用院校的考公主卖点。,,
390304,安宁照护服务与管理,本科(职业),,本科,公共管理与服务大类,公共服务类,0.0,很弱/无直接岗位,2026国考职位表/中央机关及直属机构口径（第三方镜像）,0.0,0.0,0.0,0.0,0.0,0.0,0.0,0.0,0.0,无直接可报岗位,,0.0,,0.0,0.0,0.0,,0.0,0.0,,0.0,0.0,,0.0,0.0,,0.0,0.0,0.0,0.0,,暂无明显潜力,2026岗位文本中未形成直接可报匹配。,不建议把考公作为该专业在头部院校的核心卖点。,直接考公适配弱，应更多看行业就业或升学转换。,不适合作为普通应用院校的考公主卖点。,,
390401,现代文秘,本科(职业),,本科,公共管理与服务大类,文秘类,0.0,很弱/无直接岗位,2026国考职位表/中央机关及直属机构口径（第三方镜像）,0.0,0.0,0.0,0.0,0.0,0.0,0.0,0.0,0.0,无直接可报岗位,,0.0,,0.0,0.0,0.0,,0.0,0.0,,0.0,0.0,,0.0,0.0,,0.0,0.0,0.0,0.0,,暂无明显潜力,2026岗位文本中未形成直接可报匹配。,不建议把考公作为该专业在头部院校的核心卖点。,直接考公适配弱，应更多看行业就业或升学转换。,不适合作为普通应用院校的考公主卖点。,,
590101,社会工作,专科(高职),,专科,公共管理与服务大类,公共事业类,0.0,很弱/无直接岗位,2026国考职位表/中央机关及直属机构口径（第三方镜像）,0.0,0.0,0.0,0.0,0.0,0.0,0.0,0.0,0.0,无直接可报岗位,,0.0,,0.0,0.0,0.0,,0.0,0.0,,0.0,0.0,,0.0,0.0,,11.0,22.0,22.0,0.0,limited,升学后中等潜力,大专学历直接可报岗位不足；专业文本在本科/升本路径中有匹配线索。,不建议把考公作为该专业在头部院校的核心卖点。,直接考公适配弱，应更多看行业就业或升学转换。,普通应用/职业院校下直接考公空间很小，优先看事业单位、基层项目或行业就业。,中国残联|中国老龄协会|中央办公厅|云南出入境边防检查总站|公安部|北京铁路公安局|呼和浩特铁路公安局|国家统计局河南调查总队,一处一级主任科员及以下|乌鲁木齐出入境边防检查站一级警长及以下（五）|办公室一级主任科员及以下|勐康出入境边防检查站一级警长及以下（二）|包头铁路公安处基层所队民警|北京铁路公安处基层所队民警|叶县调查队一级科员|四处一级警长及以下
590102,党务工作,专科(高职),,专科,公共管理与服务大类,公共事业类,0.0,很弱/无直接岗位,2026国考职位表/中央机关及直属机构口径（第三方镜像）,0.0,0.0,0.0,0.0,0.0,0.0,0.0,0.0,0.0,无直接可报岗位,,0.0,,0.0,0.0,0.0,,0.0,0.0,,0.0,0.0,,0.0,0.0,,0.0,0.0,0.0,0.0,none,暂无明显潜力,2026岗位文本中未形成直接可报匹配。,不建议把考公作为该专业在头部院校的核心卖点。,直接考公适配弱，应更多看行业就业或升学转换。,普通应用/职业院校下直接考公空间很小，优先看事业单位、基层项目或行业就业。,,
590103,青少年工作与管理,专科(高职),,专科,公共管理与服务大类,公共事业类,0.0,很弱/无直接岗位,2026国考职位表/中央机关及直属机构口径（第三方镜像）,0.0,0.0,0.0,0.0,0.0,0.0,0.0,0.0,0.0,无直接可报岗位,,0.0,,0.0,0.0,0.0,,0.0,0.0,,0.0,0.0,,0.0,0.0,,0.0,0.0,0.0,0.0,none,暂无明显潜力,2026岗位文本中未形成直接可报匹配。,不建议把考公作为该专业在头部院校的核心卖点。,直接考公适配弱，应更多看行业就业或升学转换。,普通应用/职业院校下直接考公空间很小，优先看事业单位、基层项目或行业就业。,,
590104,社区管理与服务,专科(高职),,专科,公共管理与服务大类,公共事业类,0.0,很弱/无直接岗位,2026国考职位表/中央机关及直属机构口径（第三方镜像）,0.0,0.0,0.0,0.0,0.0,0.0,0.0,0.0,0.0,无直接可报岗位,,0.0,,0.0,0.0,0.0,,0.0,0.0,,0.0,0.0,,0.0,0.0,,0.0,0.0,0.0,0.0,none,暂无明显潜力,2026岗位文本中未形成直接可报匹配。,不建议把考公作为该专业在头部院校的核心卖点。,直接考公适配弱，应更多看行业就业或升学转换。,普通应用/职业院校下直接考公空间很小，优先看事业单位、基层项目或行业就业。,,
590105,公共关系,专科(高职),,专科,公共管理与服务大类,公共事业类,0.0,很弱/无直接岗位,2026国考职位表/中央机关及直属机构口径（第三方镜像）,0.0,0.0,0.0,0.0,0.0,0.0,0.0,0.0,0.0,无直接可报岗位,,0.0,,0.0,0.0,0.0,,0.0,0.0,,0.0,0.0,,0.0,0.0,,0.0,0.0,0.0,0.0,none,暂无明显潜力,2026岗位文本中未形成直接可报匹配。,不建议把考公作为该专业在头部院校的核心卖点。,直接考公适配弱，应更多看行业就业或升学转换。,普通应用/职业院校下直接考公空间很小，优先看事业单位、基层项目或行业就业。,,
590106,公益慈善事业管理,专科(高职),,专科,公共管理与服务大类,公共事业类,0.0,很弱/无直接岗位,2026国考职位表/中央机关及直属机构口径（第三方镜像）,0.0,0.0,0.0,0.0,0.0,0.0,0.0,0.0,0.0,无直接可报岗位,,0.0,,0.0,0.0,0.0,,0.0,0.0,,0.0,0.0,,0.0,0.0,,0.0,0.0,0.0,0.0,none,暂无明显潜力,2026岗位文本中未形成直接可报匹配。,不建议把考公作为该专业在头部院校的核心卖点。,直接考公适配弱，应更多看行业就业或升学转换。,普通应用/职业院校下直接考公空间很小，优先看事业单位、基层项目或行业就业。,,
590107,政务服务,专科(高职),,专科,公共管理与服务大类,公共事业类,0.0,很弱/无直接岗位,2026国考职位表/中央机关及直属机构口径（第三方镜像）,0.0,0.0,0.0,0.0,0.0,0.0,0.0,0.0,0.0,无直接可报岗位,,0.0,,0.0,0.0,0.0,,0.0,0.0,,0.0,0.0,,0.0,0.0,,0.0,0.0,0.0,0.0,none,暂无明显潜力,2026岗位文本中未形成直接可报匹配。,不建议把考公作为该专业在头部院校的核心卖点。,直接考公适配弱，应更多看行业就业或升学转换。,普通应用/职业院校下直接考公空间很小，优先看事业单位、基层项目或行业就业。,,
590201,民政服务与管理,专科(高职),,专科,公共管理与服务大类,公共管理类,0.0,很弱/无直接岗位,2026国考职位表/中央机关及直属机构口径（第三方镜像）,0.0,0.0,0.0,0.0,0.0,0.0,0.0,0.0,0.0,无直接可报岗位,,0.0,,0.0,0.0,0.0,,0.0,0.0,,0.0,0.0,,0.0,0.0,,16.0,1653.0,0.0,1653.0,high,升学后强潜力,大专学历直接可报岗位不足；专业文本在本科/升本路径中有匹配线索。,不建议把考公作为该专业在头部院校的核心卖点。,直接考公适配弱，应更多看行业就业或升学转换。,直接考公弱；若专升本到相近本科专业，考公潜力明显上升。,上海市邮政管理局|上海铁路公安局|乌鲁木齐铁路公安局|云南出入境边防检查总站|南宁海关缉私局|南宁铁路公安局|南昌铁路公安局|呼和浩特铁路公安局,一级主任科员及以下|一级主任科员及以下一|一级主任科员及以下二|一级主办及以下|一级主办及以下（一）|一级主办及以下（三）|一级主办及以下（二十一）|一级主办及以下（二十四）
590202,人力资源管理,专科(高职),,专科,公共管理与服务大类,公共管理类,0.0,很弱/无直接岗位,2026国考职位表/中央机关及直属机构口径（第三方镜像）,0.0,0.0,0.0,0.0,0.0,0.0,0.0,0.0,0.0,无直接可报岗位,,0.0,,0.0,0.0,0.0,,0.0,0.0,,0.0,0.0,,0.0,0.0,,21.0,1694.0,43.0,1651.0,high,升学后强潜力,大专学历直接可报岗位不足；专业文本在本科/升本路径中有匹配线索。,不建议把考公作为该专业在头部院校的核心卖点。,直接考公适配弱，应更多看行业就业或升学转换。,直接考公弱；若专升本到相近本科专业，考公潜力明显上升。,上海市邮政管理局|上海铁路公安局|中国人民银行四川省分行|中国人民银行宁夏回族自治区分行|中国人民银行安徽省分行|中国人民银行广东省分行|中国人民银行新疆维吾尔自治区分行|中国人民银行河北省分行,一级主任科员及以下|一级主任科员及以下一|一级主任科员及以下二|一级主办及以下|一级主办及以下（一）|一级主办及以下（三）|一级主办及以下（二十一）|一级主办及以下（二十四）
590203,劳动与社会保障,专科(高职),,专科,公共管理与服务大类,公共管理类,0.0,很弱/无直接岗位,2026国考职位表/中央机关及直属机构口径（第三方镜像）,0.0,0.0,0.0,0.0,0.0,0.0,0.0,0.0,0.0,无直接可报岗位,,0.0,,0.0,0.0,0.0,,0.0,0.0,,0.0,0.0,,0.0,0.0,,33.0,3064.0,21.0,3043.0,very_high,升学后强潜力,大专学历直接可报岗位不足；专业文本在本科/升本路径中有匹配线索。,不建议把考公作为该专业在头部院校的核心卖点。,直接考公适配弱，应更多看行业就业或升学转换。,直接考公弱；若专升本到相近本科专业，考公潜力明显上升。,上海市邮政管理局|上海铁路公安局|中国人民银行四川省分行|中国人民银行宁夏回族自治区分行|中国人民银行安徽省分行|中国人民银行广东省分行|中国人民银行新疆维吾尔自治区分行|中国人民银行河北省分行,一级主任科员及以下|一级主任科员及以下一|一级主任科员及以下二|一级主任科员及以下（二）|一级主办及以下|一级主办及以下（一）|一级主办及以下（三）|一级主办及以下（九）
590204,网络舆情监测,专科(高职),,专科,公共管理与服务大类,公共管理类,0.0,很弱/无直接岗位,2026国考职位表/中央机关及直属机构口径（第三方镜像）,0.0,0.0,0.0,0.0,0.0,0.0,0.0,0.0,0.0,无直接可报岗位,,0.0,,0.0,0.0,0.0,,0.0,0.0,,0.0,0.0,,0.0,0.0,,16.0,1653.0,0.0,1653.0,high,升学后强潜力,大专学历直接可报岗位不足；专业文本在本科/升本路径中有匹配线索。,不建议把考公作为该专业在头部院校的核心卖点。,直接考公适配弱，应更多看行业就业或升学转换。,直接考公弱；若专升本到相近本科专业，考公潜力明显上升。,上海市邮政管理局|上海铁路公安局|乌鲁木齐铁路公安局|云南出入境边防检查总站|南宁海关缉私局|南宁铁路公安局|南昌铁路公安局|呼和浩特铁路公安局,一级主任科员及以下|一级主任科员及以下一|一级主任科员及以下二|一级主办及以下|一级主办及以下（一）|一级主办及以下（三）|一级主办及以下（二十一）|一级主办及以下（二十四）
590205,公共事务管理,专科(高职),,专科,公共管理与服务大类,公共管理类,0.0,很弱/无直接岗位,2026国考职位表/中央机关及直属机构口径（第三方镜像）,0.0,0.0,0.0,0.0,0.0,0.0,0.0,0.0,0.0,无直接可报岗位,,0.0,,0.0,0.0,0.0,,0.0,0.0,,0.0,0.0,,0.0,0.0,,16.0,1653.0,0.0,1653.0,high,升学后强潜力,大专学历直接可报岗位不足；专业文本在本科/升本路径中有匹配线索。,不建议把考公作为该专业在头部院校的核心卖点。,直接考公适配弱，应更多看行业就业或升学转换。,直接考公弱；若专升本到相近本科专业，考公潜力明显上升。,上海市邮政管理局|上海铁路公安局|乌鲁木齐铁路公安局|云南出入境边防检查总站|南宁海关缉私局|南宁铁路公安局|南昌铁路公安局|呼和浩特铁路公安局,一级主任科员及以下|一级主任科员及以下一|一级主任科员及以下二|一级主办及以下|一级主办及以下（一）|一级主办及以下（三）|一级主办及以下（二十一）|一级主办及以下（二十四）
590206,行政管理,专科(高职),,专科,公共管理与服务大类,公共管理类,0.0,很弱/无直接岗位,2026国考职位表/中央机关及直属机构口径（第三方镜像）,0.0,0.0,0.0,0.0,0.0,0.0,0.0,0.0,0.0,无直接可报岗位,,0.0,,0.0,0.0,0.0,,0.0,0.0,,0.0,0.0,,0.0,0.0,,28.0,1733.0,80.0,1653.0,high,升学后强潜力,大专学历直接可报岗位不足；专业文本在本科/升本路径中有匹配线索。,不建议把考公作为该专业在头部院校的核心卖点。,直接考公适配弱，应更多看行业就业或升学转换。,直接考公弱；若专升本到相近本科专业，考公潜力明显上升。,上海市邮政管理局|上海铁路公安局|中国人民银行四川省分行|中国人民银行宁夏回族自治区分行|中国人民银行安徽省分行|中国人民银行广东省分行|中国人民银行新疆维吾尔自治区分行|中国人民银行河北省分行,一级主任科员及以下|一级主任科员及以下一|一级主任科员及以下二|一级主办及以下|一级主办及以下（一）|一级主办及以下（三）|一级主办及以下（二十一）|一级主办及以下（二十四）
590207,质量管理与认证,专科(高职),,专科,公共管理与服务大类,公共管理类,0.0,很弱/无直接岗位,2026国考职位表/中央机关及直属机构口径（第三方镜像）,0.0,0.0,0.0,0.0,0.0,0.0,0.0,0.0,0.0,无直接可报岗位,,0.0,,0.0,0.0,0.0,,0.0,0.0,,0.0,0.0,,0.0,0.0,,16.0,1653.0,0.0,1653.0,high,升学后强潜力,大专学历直接可报岗位不足；专业文本在本科/升本路径中有匹配线索。,不建议把考公作为该专业在头部院校的核心卖点。,直接考公适配弱，应更多看行业就业或升学转换。,直接考公弱；若专升本到相近本科专业，考公潜力明显上升。,上海市邮政管理局|上海铁路公安局|乌鲁木齐铁路公安局|云南出入境边防检查总站|南宁海关缉私局|南宁铁路公安局|南昌铁路公安局|呼和浩特铁路公安局,一级主任科员及以下|一级主任科员及以下一|一级主任科员及以下二|一级主办及以下|一级主办及以下（一）|一级主办及以下（三）|一级主办及以下（二十一）|一级主办及以下（二十四）
590208,知识产权管理,专科(高职),,专科,公共管理与服务大类,公共管理类,0.0,很弱/无直接岗位,2026国考职位表/中央机关及直属机构口径（第三方镜像）,0.0,0.0,0.0,0.0,0.0,0.0,0.0,0.0,0.0,无直接可报岗位,,0.0,,0.0,0.0,0.0,,0.0,0.0,,0.0,0.0,,0.0,0.0,,16.0,1653.0,0.0,1653.0,high,升学后强潜力,大专学历直接可报岗位不足；专业文本在本科/升本路径中有匹配线索。,不建议把考公作为该专业在头部院校的核心卖点。,直接考公适配弱，应更多看行业就业或升学转换。,直接考公弱；若专升本到相近本科专业，考公潜力明显上升。,上海市邮政管理局|上海铁路公安局|乌鲁木齐铁路公安局|云南出入境边防检查总站|南宁海关缉私局|南宁铁路公安局|南昌铁路公安局|呼和浩特铁路公安局,一级主任科员及以下|一级主任科员及以下一|一级主任科员及以下二|一级主办及以下|一级主办及以下（一）|一级主办及以下（三）|一级主办及以下（二十一）|一级主办及以下（二十四）
590209,职业指导与服务,专科(高职),,专科,公共管理与服务大类,公共管理类,0.0,很弱/无直接岗位,2026国考职位表/中央机关及直属机构口径（第三方镜像）,0.0,0.0,0.0,0.0,0.0,0.0,0.0,0.0,0.0,无直接可报岗位,,0.0,,0.0,0.0,0.0,,0.0,0.0,,0.0,0.0,,0.0,0.0,,16.0,1653.0,0.0,1653.0,high,升学后强潜力,大专学历直接可报岗位不足；专业文本在本科/升本路径中有匹配线索。,不建议把考公作为该专业在头部院校的核心卖点。,直接考公适配弱，应更多看行业就业或升学转换。,直接考公弱；若专升本到相近本科专业，考公潜力明显上升。,上海市邮政管理局|上海铁路公安局|乌鲁木齐铁路公安局|云南出入境边防检查总站|南宁海关缉私局|南宁铁路公安局|南昌铁路公安局|呼和浩特铁路公安局,一级主任科员及以下|一级主任科员及以下一|一级主任科员及以下二|一级主办及以下|一级主办及以下（一）|一级主办及以下（三）|一级主办及以下（二十一）|一级主办及以下（二十四）
590210,标准化技术,专科(高职),,专科,公共管理与服务大类,公共管理类,0.0,很弱/无直接岗位,2026国考职位表/中央机关及直属机构口径（第三方镜像）,0.0,0.0,0.0,0.0,0.0,0.0,0.0,0.0,0.0,无直接可报岗位,,0.0,,0.0,0.0,0.0,,0.0,0.0,,0.0,0.0,,0.0,0.0,,16.0,1653.0,0.0,1653.0,high,升学后强潜力,大专学历直接可报岗位不足；专业文本在本科/升本路径中有匹配线索。,不建议把考公作为该专业在头部院校的核心卖点。,直接考公适配弱，应更多看行业就业或升学转换。,直接考公弱；若专升本到相近本科专业，考公潜力明显上升。,上海市邮政管理局|上海铁路公安局|乌鲁木齐铁路公安局|云南出入境边防检查总站|南宁海关缉私局|南宁铁路公安局|南昌铁路公安局|呼和浩特铁路公安局,一级主任科员及以下|一级主任科员及以下一|一级主任科员及以下二|一级主办及以下|一级主办及以下（一）|一级主办及以下（三）|一级主办及以下（二十一）|一级主办及以下（二十四）
590211,检验检测技术与管理,专科(高职),,专科,公共管理与服务大类,公共管理类,0.0,很弱/无直接岗位,2026国考职位表/中央机关及直属机构口径（第三方镜像）,0.0,0.0,0.0,0.0,0.0,0.0,0.0,0.0,0.0,无直接可报岗位,,0.0,,0.0,0.0,0.0,,0.0,0.0,,0.0,0.0,,0.0,0.0,,16.0,1653.0,0.0,1653.0,high,升学后强潜力,大专学历直接可报岗位不足；专业文本在本科/升本路径中有匹配线索。,不建议把考公作为该专业在头部院校的核心卖点。,直接考公适配弱，应更多看行业就业或升学转换。,直接考公弱；若专升本到相近本科专业，考公潜力明显上升。,上海市邮政管理局|上海铁路公安局|乌鲁木齐铁路公安局|云南出入境边防检查总站|南宁海关缉私局|南宁铁路公安局|南昌铁路公安局|呼和浩特铁路公安局,一级主任科员及以下|一级主任科员及以下一|一级主任科员及以下二|一级主办及以下|一级主办及以下（一）|一级主办及以下（三）|一级主办及以下（二十一）|一级主办及以下（二十四）
590212,储备物资储藏与管理,专科(高职),,专科,公共管理与服务大类,公共管理类,0.0,很弱/无直接岗位,2026国考职位表/中央机关及直属机构口径（第三方镜像）,0.0,0.0,0.0,0.0,0.0,0.0,0.0,0.0,0.0,无直接可报岗位,,0.0,,0.0,0.0,0.0,,0.0,0.0,,0.0,0.0,,0.0,0.0,,16.0,1653.0,0.0,1653.0,high,升学后强潜力,大专学历直接可报岗位不足；专业文本在本科/升本路径中有匹配线索。,不建议把考公作为该专业在头部院校的核心卖点。,直接考公适配弱，应更多看行业就业或升学转换。,直接考公弱；若专升本到相近本科专业，考公潜力明显上升。,上海市邮政管理局|上海铁路公安局|乌鲁木齐铁路公安局|云南出入境边防检查总站|南宁海关缉私局|南宁铁路公安局|南昌铁路公安局|呼和浩特铁路公安局,一级主任科员及以下|一级主任科员及以下一|一级主任科员及以下二|一级主办及以下|一级主办及以下（一）|一级主办及以下（三）|一级主办及以下（二十一）|一级主办及以下（二十四）
590213,劳动关系管理与服务,专科(高职),,专科,公共管理与服务大类,公共管理类,0.0,很弱/无直接岗位,2026国考职位表/中央机关及直属机构口径（第三方镜像）,0.0,0.0,0.0,0.0,0.0,0.0,0.0,0.0,0.0,无直接可报岗位,,0.0,,0.0,0.0,0.0,,0.0,0.0,,0.0,0.0,,0.0,0.0,,0.0,0.0,0.0,0.0,,暂无明显潜力,2026岗位文本中未形成直接可报匹配。,不建议把考公作为该专业在头部院校的核心卖点。,直接考公适配弱，应更多看行业就业或升学转换。,普通应用/职业院校下直接考公空间很小，优先看事业单位、基层项目或行业就业。,,
590301,现代家政服务与管理,专科(高职),,专科,公共管理与服务大类,公共服务类,0.0,很弱/无直接岗位,2026国考职位表/中央机关及直属机构口径（第三方镜像）,0.0,0.0,0.0,0.0,0.0,0.0,0.0,0.0,0.0,无直接可报岗位,,0.0,,0.0,0.0,0.0,,0.0,0.0,,0.0,0.0,,0.0,0.0,,0.0,0.0,0.0,0.0,none,暂无明显潜力,2026岗位文本中未形成直接可报匹配。,不建议把考公作为该专业在头部院校的核心卖点。,直接考公适配弱，应更多看行业就业或升学转换。,普通应用/职业院校下直接考公空间很小，优先看事业单位、基层项目或行业就业。,,
590302,智慧健康养老服务与管理,专科(高职),,专科,公共管理与服务大类,公共服务类,0.0,很弱/无直接岗位,2026国考职位表/中央机关及直属机构口径（第三方镜像）,0.0,0.0,0.0,0.0,0.0,0.0,0.0,0.0,0.0,无直接可报岗位,,0.0,,0.0,0.0,0.0,,0.0,0.0,,0.0,0.0,,0.0,0.0,,0.0,0.0,0.0,0.0,none,暂无明显潜力,2026岗位文本中未形成直接可报匹配。,不建议把考公作为该专业在头部院校的核心卖点。,直接考公适配弱，应更多看行业就业或升学转换。,普通应用/职业院校下直接考公空间很小，优先看事业单位、基层项目或行业就业。,,
590303,社区康复,专科(高职),,专科,公共管理与服务大类,公共服务类,0.0,很弱/无直接岗位,2026国考职位表/中央机关及直属机构口径（第三方镜像）,0.0,0.0,0.0,0.0,0.0,0.0,0.0,0.0,0.0,无直接可报岗位,,0.0,,0.0,0.0,0.0,,0.0,0.0,,0.0,0.0,,0.0,0.0,,0.0,0.0,0.0,0.0,none,暂无明显潜力,2026岗位文本中未形成直接可报匹配。,不建议把考公作为该专业在头部院校的核心卖点。,直接考公适配弱，应更多看行业就业或升学转换。,普通应用/职业院校下直接考公空间很小，优先看事业单位、基层项目或行业就业。,,
590304,婚庆服务与管理,专科(高职),,专科,公共管理与服务大类,公共服务类,0.0,很弱/无直接岗位,2026国考职位表/中央机关及直属机构口径（第三方镜像）,0.0,0.0,0.0,0.0,0.0,0.0,0.0,0.0,0.0,无直接可报岗位,,0.0,,0.0,0.0,0.0,,0.0,0.0,,0.0,0.0,,0.0,0.0,,0.0,0.0,0.0,0.0,none,暂无明显潜力,2026岗位文本中未形成直接可报匹配。,不建议把考公作为该专业在头部院校的核心卖点。,直接考公适配弱，应更多看行业就业或升学转换。,普通应用/职业院校下直接考公空间很小，优先看事业单位、基层项目或行业就业。,,
590305,现代殡葬技术与管理,专科(高职),,专科,公共管理与服务大类,公共服务类,0.0,很弱/无直接岗位,2026国考职位表/中央机关及直属机构口径（第三方镜像）,0.0,0.0,0.0,0.0,0.0,0.0,0.0,0.0,0.0,无直接可报岗位,,0.0,,0.0,0.0,0.0,,0.0,0.0,,0.0,0.0,,0.0,0.0,,0.0,0.0,0.0,0.0,none,暂无明显潜力,2026岗位文本中未形成直接可报匹配。,不建议把考公作为该专业在头部院校的核心卖点。,直接考公适配弱，应更多看行业就业或升学转换。,普通应用/职业院校下直接考公空间很小，优先看事业单位、基层项目或行业就业。,,
590306,殡葬设备维护技术,专科(高职),,专科,公共管理与服务大类,公共服务类,0.0,很弱/无直接岗位,2026国考职位表/中央机关及直属机构口径（第三方镜像）,0.0,0.0,0.0,0.0,0.0,0.0,0.0,0.0,0.0,无直接可报岗位,,0.0,,0.0,0.0,0.0,,0.0,0.0,,0.0,0.0,,0.0,0.0,,0.0,0.0,0.0,0.0,none,暂无明显潜力,2026岗位文本中未形成直接可报匹配。,不建议把考公作为该专业在头部院校的核心卖点。,直接考公适配弱，应更多看行业就业或升学转换。,普通应用/职业院校下直接考公空间很小，优先看事业单位、基层项目或行业就业。,,
590307,陵园服务与管理,专科(高职),,专科,公共管理与服务大类,公共服务类,0.0,很弱/无直接岗位,2026国考职位表/中央机关及直属机构口径（第三方镜像）,0.0,0.0,0.0,0.0,0.0,0.0,0.0,0.0,0.0,无直接可报岗位,,0.0,,0.0,0.0,0.0,,0.0,0.0,,0.0,0.0,,0.0,0.0,,0.0,0.0,0.0,0.0,none,暂无明显潜力,2026岗位文本中未形成直接可报匹配。,不建议把考公作为该专业在头部院校的核心卖点。,直接考公适配弱，应更多看行业就业或升学转换。,普通应用/职业院校下直接考公空间很小，优先看事业单位、基层项目或行业就业。,,
590401,现代文秘,专科(高职),,专科,公共管理与服务大类,文秘类,0.0,很弱/无直接岗位,2026国考职位表/中央机关及直属机构口径（第三方镜像）,0.0,0.0,0.0,0.0,0.0,0.0,0.0,0.0,0.0,无直接可报岗位,,0.0,,0.0,0.0,0.0,,0.0,0.0,,0.0,0.0,,0.0,0.0,,0.0,0.0,0.0,0.0,none,暂无明显潜力,2026岗位文本中未形成直接可报匹配。,不建议把考公作为该专业在头部院校的核心卖点。,直接考公适配弱，应更多看行业就业或升学转换。,普通应用/职业院校下直接考公空间很小，优先看事业单位、基层项目或行业就业。,,
270101,生物检验检测技术,本科(职业),,本科,生物与化工大类,生物技术类,0.0,很弱/无直接岗位,2026国考职位表/中央机关及直属机构口径（第三方镜像）,0.0,0.0,0.0,0.0,0.0,0.0,0.0,0.0,0.0,无直接可报岗位,,0.0,,0.0,0.0,0.0,,0.0,0.0,,0.0,0.0,,0.0,0.0,,0.0,0.0,0.0,0.0,,暂无明显潜力,2026岗位文本中未形成直接可报匹配。,不建议把考公作为该专业在头部院校的核心卖点。,直接考公适配弱，应更多看行业就业或升学转换。,不适合作为普通应用院校的考公主卖点。,,
270102,合成生物技术,本科(职业),,本科,生物与化工大类,生物技术类,0.0,很弱/无直接岗位,2026国考职位表/中央机关及直属机构口径（第三方镜像）,0.0,0.0,0.0,0.0,0.0,0.0,0.0,0.0,0.0,无直接可报岗位,,0.0,,0.0,0.0,0.0,,0.0,0.0,,0.0,0.0,,0.0,0.0,,0.0,0.0,0.0,0.0,,暂无明显潜力,2026岗位文本中未形成直接可报匹配。,不建议把考公作为该专业在头部院校的核心卖点。,直接考公适配弱，应更多看行业就业或升学转换。,不适合作为普通应用院校的考公主卖点。,,
270103,农业生物技术,本科(职业),,本科,生物与化工大类,生物技术类,0.0,很弱/无直接岗位,2026国考职位表/中央机关及直属机构口径（第三方镜像）,0.0,0.0,0.0,0.0,0.0,0.0,0.0,0.0,0.0,无直接可报岗位,,0.0,,0.0,0.0,0.0,,0.0,0.0,,0.0,0.0,,0.0,0.0,,0.0,0.0,0.0,0.0,,暂无明显潜力,2026岗位文本中未形成直接可报匹配。,不建议把考公作为该专业在头部院校的核心卖点。,直接考公适配弱，应更多看行业就业或升学转换。,不适合作为普通应用院校的考公主卖点。,,
270201,应用化工技术,本科(职业),,本科,生物与化工大类,化工技术类,0.0,很弱/无直接岗位,2026国考职位表/中央机关及直属机构口径（第三方镜像）,0.0,0.0,0.0,0.0,0.0,0.0,0.0,0.0,0.0,无直接可报岗位,,0.0,,0.0,0.0,0.0,,0.0,0.0,,0.0,0.0,,0.0,0.0,,0.0,0.0,0.0,0.0,,暂无明显潜力,2026岗位文本中未形成直接可报匹配。,不建议把考公作为该专业在头部院校的核心卖点。,直接考公适配弱，应更多看行业就业或升学转换。,不适合作为普通应用院校的考公主卖点。,,
270202,化工智能制造工程技术,本科(职业),,本科,生物与化工大类,化工技术类,0.0,很弱/无直接岗位,2026国考职位表/中央机关及直属机构口径（第三方镜像）,0.0,0.0,0.0,0.0,0.0,0.0,0.0,0.0,0.0,无直接可报岗位,,0.0,,0.0,0.0,0.0,,0.0,0.0,,0.0,0.0,,0.0,0.0,,0.0,0.0,0.0,0.0,,暂无明显潜力,2026岗位文本中未形成直接可报匹配。,不建议把考公作为该专业在头部院校的核心卖点。,直接考公适配弱，应更多看行业就业或升学转换。,不适合作为普通应用院校的考公主卖点。,,
270203,现代精细化工技术,本科(职业),,本科,生物与化工大类,化工技术类,0.0,很弱/无直接岗位,2026国考职位表/中央机关及直属机构口径（第三方镜像）,0.0,0.0,0.0,0.0,0.0,0.0,0.0,0.0,0.0,无直接可报岗位,,0.0,,0.0,0.0,0.0,,0.0,0.0,,0.0,0.0,,0.0,0.0,,0.0,0.0,0.0,0.0,,暂无明显潜力,2026岗位文本中未形成直接可报匹配。,不建议把考公作为该专业在头部院校的核心卖点。,直接考公适配弱，应更多看行业就业或升学转换。,不适合作为普通应用院校的考公主卖点。,,
270204,现代分析测试技术,本科(职业),,本科,生物与化工大类,化工技术类,0.0,很弱/无直接岗位,2026国考职位表/中央机关及直属机构口径（第三方镜像）,0.0,0.0,0.0,0.0,0.0,0.0,0.0,0.0,0.0,无直接可报岗位,,0.0,,0.0,0.0,0.0,,0.0,0.0,,0.0,0.0,,0.0,0.0,,0.0,0.0,0.0,0.0,,暂无明显潜力,2026岗位文本中未形成直接可报匹配。,不建议把考公作为该专业在头部院校的核心卖点。,直接考公适配弱，应更多看行业就业或升学转换。,不适合作为普通应用院校的考公主卖点。,,
250101,水文与水资源工程技术,本科(职业),,本科,水利大类,水文水资源类,0.0,很弱/无直接岗位,2026国考职位表/中央机关及直属机构口径（第三方镜像）,0.0,0.0,0.0,0.0,0.0,0.0,0.0,0.0,0.0,无直接可报岗位,,0.0,,0.0,0.0,0.0,,0.0,0.0,,0.0,0.0,,0.0,0.0,,0.0,0.0,0.0,0.0,,暂无明显潜力,2026岗位文本中未形成直接可报匹配。,不建议把考公作为该专业在头部院校的核心卖点。,直接考公适配弱，应更多看行业就业或升学转换。,不适合作为普通应用院校的考公主卖点。,,
250201,智慧水利工程,本科(职业),,本科,水利大类,水利工程与管理类,0.0,很弱/无直接岗位,2026国考职位表/中央机关及直属机构口径（第三方镜像）,0.0,0.0,0.0,0.0,0.0,0.0,0.0,0.0,0.0,无直接可报岗位,,0.0,,0.0,0.0,0.0,,0.0,0.0,,0.0,0.0,,0.0,0.0,,0.0,0.0,0.0,0.0,,暂无明显潜力,2026岗位文本中未形成直接可报匹配。,不建议把考公作为该专业在头部院校的核心卖点。,直接考公适配弱，应更多看行业就业或升学转换。,不适合作为普通应用院校的考公主卖点。,,
250202,农业水利工程,本科(职业),,本科,水利大类,水利工程与管理类,0.0,很弱/无直接岗位,2026国考职位表/中央机关及直属机构口径（第三方镜像）,0.0,0.0,0.0,0.0,0.0,0.0,0.0,0.0,0.0,无直接可报岗位,,0.0,,0.0,0.0,0.0,,0.0,0.0,,0.0,0.0,,0.0,0.0,,0.0,0.0,0.0,0.0,,暂无明显潜力,2026岗位文本中未形成直接可报匹配。,不建议把考公作为该专业在头部院校的核心卖点。,直接考公适配弱，应更多看行业就业或升学转换。,不适合作为普通应用院校的考公主卖点。,,
250204,治河与港航工程,本科(职业),,本科,水利大类,水利工程与管理类,0.0,很弱/无直接岗位,2026国考职位表/中央机关及直属机构口径（第三方镜像）,0.0,0.0,0.0,0.0,0.0,0.0,0.0,0.0,0.0,无直接可报岗位,,0.0,,0.0,0.0,0.0,,0.0,0.0,,0.0,0.0,,0.0,0.0,,0.0,0.0,0.0,0.0,,暂无明显潜力,2026岗位文本中未形成直接可报匹配。,不建议把考公作为该专业在头部院校的核心卖点。,直接考公适配弱，应更多看行业就业或升学转换。,不适合作为普通应用院校的考公主卖点。,,
250301,水利水电设备及自动化,本科(职业),,本科,水利大类,水利水电设备类,0.0,很弱/无直接岗位,2026国考职位表/中央机关及直属机构口径（第三方镜像）,0.0,0.0,0.0,0.0,0.0,0.0,0.0,0.0,0.0,无直接可报岗位,,0.0,,0.0,0.0,0.0,,0.0,0.0,,0.0,0.0,,0.0,0.0,,0.0,0.0,0.0,0.0,,暂无明显潜力,2026岗位文本中未形成直接可报匹配。,不建议把考公作为该专业在头部院校的核心卖点。,直接考公适配弱，应更多看行业就业或升学转换。,不适合作为普通应用院校的考公主卖点。,,
250401,生态水利工程,本科(职业),,本科,水利大类,水土保持与水环境类,0.0,很弱/无直接岗位,2026国考职位表/中央机关及直属机构口径（第三方镜像）,0.0,0.0,0.0,0.0,0.0,0.0,0.0,0.0,0.0,无直接可报岗位,,0.0,,0.0,0.0,0.0,,0.0,0.0,,0.0,0.0,,0.0,0.0,,0.0,0.0,0.0,0.0,,暂无明显潜力,2026岗位文本中未形成直接可报匹配。,不建议把考公作为该专业在头部院校的核心卖点。,直接考公适配弱，应更多看行业就业或升学转换。,不适合作为普通应用院校的考公主卖点。,,
250402,水环境工程,本科(职业),,本科,水利大类,水土保持与水环境类,0.0,很弱/无直接岗位,2026国考职位表/中央机关及直属机构口径（第三方镜像）,0.0,0.0,0.0,0.0,0.0,0.0,0.0,0.0,0.0,无直接可报岗位,,0.0,,0.0,0.0,0.0,,0.0,0.0,,0.0,0.0,,0.0,0.0,,0.0,0.0,0.0,0.0,,暂无明显潜力,2026岗位文本中未形成直接可报匹配。,不建议把考公作为该专业在头部院校的核心卖点。,直接考公适配弱，应更多看行业就业或升学转换。,不适合作为普通应用院校的考公主卖点。,,
250403,水土保持与荒漠化防治技术,本科(职业),,本科,水利大类,水土保持与水环境类,0.0,很弱/无直接岗位,2026国考职位表/中央机关及直属机构口径（第三方镜像）,0.0,0.0,0.0,0.0,0.0,0.0,0.0,0.0,0.0,无直接可报岗位,,0.0,,0.0,0.0,0.0,,0.0,0.0,,0.0,0.0,,0.0,0.0,,0.0,0.0,0.0,0.0,,暂无明显潜力,2026岗位文本中未形成直接可报匹配。,不建议把考公作为该专业在头部院校的核心卖点。,直接考公适配弱，应更多看行业就业或升学转换。,不适合作为普通应用院校的考公主卖点。,,
520101,临床医学,2,专科(普通),专科,医药卫生大类,临床医学类,0.0,很弱/无直接岗位,2026国考职位表/中央机关及直属机构口径（第三方镜像）,0.0,0.0,0.0,0.0,0.0,0.0,0.0,0.0,0.0,无直接可报岗位,,0.0,,0.0,0.0,0.0,,0.0,0.0,,0.0,0.0,,0.0,0.0,,14.0,164.0,124.0,40.0,medium,升学后较强潜力,大专学历直接可报岗位不足；专业文本在本科/升本路径中有匹配线索。,不建议把考公作为该专业在头部院校的核心卖点。,直接考公适配弱，应更多看行业就业或升学转换。,普通应用/职业院校下直接考公空间很小，优先看事业单位、基层项目或行业就业。,上海海关|中国民用航空局东北地区管理局|中国民用航空局中南地区管理局|中国民用航空局华北地区管理局|中央办公厅|乌鲁木齐海关|兰州海关|南京海关,业务处室一级主任科员及以下|健康服务处一级主任科员及以下|卫生健康管理岗位一级主任科员及以下|卫生检疫一级行政执法员|卫生检疫一级行政执法员（一）|卫生检疫一级行政执法员（二）|卫生检疫二级主办及以下|卫生检疫二级主办及以下（一）
520102,口腔医学,2,专科(普通),专科,医药卫生大类,临床医学类,0.0,很弱/无直接岗位,2026国考职位表/中央机关及直属机构口径（第三方镜像）,0.0,0.0,0.0,0.0,0.0,0.0,0.0,0.0,0.0,无直接可报岗位,,0.0,,0.0,0.0,0.0,,0.0,0.0,,0.0,0.0,,0.0,0.0,,1.0,63.0,4.0,59.0,limited,升学后中等潜力,大专学历直接可报岗位不足；专业文本在本科/升本路径中有匹配线索。,不建议把考公作为该专业在头部院校的核心卖点。,直接考公适配弱，应更多看行业就业或升学转换。,普通应用/职业院校下直接考公空间很小，优先看事业单位、基层项目或行业就业。,南宁海关|哈尔滨海关|国家卫生健康委员会|大连海关|江门海关|海口海关|深圳海关|黄埔海关,业务处室一级主任科员及以下|卫生检疫一级行政执法员|卫生检疫一级行政执法员（一）|卫生检疫一级行政执法员（二）|卫生检疫二级主办及以下|卫生检疫二级主办及以下（一）|卫生检疫二级主办及以下（二）|卫生检疫四级主办及以下
520401,中医学,2,专科(普通),专科,医药卫生大类,中医药类,0.0,很弱/无直接岗位,2026国考职位表/中央机关及直属机构口径（第三方镜像）,0.0,0.0,0.0,0.0,0.0,0.0,0.0,0.0,0.0,无直接可报岗位,,0.0,,0.0,0.0,0.0,,0.0,0.0,,0.0,0.0,,0.0,0.0,,1.0,3.0,3.0,0.0,limited,升学后弱潜力,大专学历直接可报岗位不足；专业文本在本科/升本路径中有匹配线索。,不建议把考公作为该专业在头部院校的核心卖点。,直接考公适配弱，应更多看行业就业或升学转换。,普通应用/职业院校下直接考公空间很小，优先看事业单位、基层项目或行业就业。,国家卫生健康委员会|新疆出入境边防检查总站|湛江海关,业务处室一级主任科员及以下|卫生检疫四级主办及以下|阿勒泰边境管理支队一级警长及以下（七）
520402,中医骨伤,2,专科(普通),专科,医药卫生大类,中医药类,0.0,很弱/无直接岗位,2026国考职位表/中央机关及直属机构口径（第三方镜像）,0.0,0.0,0.0,0.0,0.0,0.0,0.0,0.0,0.0,无直接可报岗位,,0.0,,0.0,0.0,0.0,,0.0,0.0,,0.0,0.0,,0.0,0.0,,0.0,0.0,0.0,0.0,none,暂无明显潜力,2026岗位文本中未形成直接可报匹配。,不建议把考公作为该专业在头部院校的核心卖点。,直接考公适配弱，应更多看行业就业或升学转换。,普通应用/职业院校下直接考公空间很小，优先看事业单位、基层项目或行业就业。,,
520403,针灸推拿,2,专科(普通),专科,医药卫生大类,中医药类,0.0,很弱/无直接岗位,2026国考职位表/中央机关及直属机构口径（第三方镜像）,0.0,0.0,0.0,0.0,0.0,0.0,0.0,0.0,0.0,无直接可报岗位,,0.0,,0.0,0.0,0.0,,0.0,0.0,,0.0,0.0,,0.0,0.0,,0.0,0.0,0.0,0.0,none,暂无明显潜力,2026岗位文本中未形成直接可报匹配。,不建议把考公作为该专业在头部院校的核心卖点。,直接考公适配弱，应更多看行业就业或升学转换。,普通应用/职业院校下直接考公空间很小，优先看事业单位、基层项目或行业就业。,,
520404,蒙医学,2,专科(普通),专科,医药卫生大类,中医药类,0.0,很弱/无直接岗位,2026国考职位表/中央机关及直属机构口径（第三方镜像）,0.0,0.0,0.0,0.0,0.0,0.0,0.0,0.0,0.0,无直接可报岗位,,0.0,,0.0,0.0,0.0,,0.0,0.0,,0.0,0.0,,0.0,0.0,,0.0,0.0,0.0,0.0,none,暂无明显潜力,2026岗位文本中未形成直接可报匹配。,不建议把考公作为该专业在头部院校的核心卖点。,直接考公适配弱，应更多看行业就业或升学转换。,普通应用/职业院校下直接考公空间很小，优先看事业单位、基层项目或行业就业。,,
520405,藏医学,2,专科(普通),专科,医药卫生大类,中医药类,0.0,很弱/无直接岗位,2026国考职位表/中央机关及直属机构口径（第三方镜像）,0.0,0.0,0.0,0.0,0.0,0.0,0.0,0.0,0.0,无直接可报岗位,,0.0,,0.0,0.0,0.0,,0.0,0.0,,0.0,0.0,,0.0,0.0,,0.0,0.0,0.0,0.0,none,暂无明显潜力,2026岗位文本中未形成直接可报匹配。,不建议把考公作为该专业在头部院校的核心卖点。,直接考公适配弱，应更多看行业就业或升学转换。,普通应用/职业院校下直接考公空间很小，优先看事业单位、基层项目或行业就业。,,
520406,维医学,2,专科(普通),专科,医药卫生大类,中医药类,0.0,很弱/无直接岗位,2026国考职位表/中央机关及直属机构口径（第三方镜像）,0.0,0.0,0.0,0.0,0.0,0.0,0.0,0.0,0.0,无直接可报岗位,,0.0,,0.0,0.0,0.0,,0.0,0.0,,0.0,0.0,,0.0,0.0,,0.0,0.0,0.0,0.0,none,暂无明显潜力,2026岗位文本中未形成直接可报匹配。,不建议把考公作为该专业在头部院校的核心卖点。,直接考公适配弱，应更多看行业就业或升学转换。,普通应用/职业院校下直接考公空间很小，优先看事业单位、基层项目或行业就业。,,
520407,傣医学,2,专科(普通),专科,医药卫生大类,中医药类,0.0,很弱/无直接岗位,2026国考职位表/中央机关及直属机构口径（第三方镜像）,0.0,0.0,0.0,0.0,0.0,0.0,0.0,0.0,0.0,无直接可报岗位,,0.0,,0.0,0.0,0.0,,0.0,0.0,,0.0,0.0,,0.0,0.0,,0.0,0.0,0.0,0.0,none,暂无明显潜力,2026岗位文本中未形成直接可报匹配。,不建议把考公作为该专业在头部院校的核心卖点。,直接考公适配弱，应更多看行业就业或升学转换。,普通应用/职业院校下直接考公空间很小，优先看事业单位、基层项目或行业就业。,,
520408,哈医学,2,专科(普通),专科,医药卫生大类,中医药类,0.0,很弱/无直接岗位,2026国考职位表/中央机关及直属机构口径（第三方镜像）,0.0,0.0,0.0,0.0,0.0,0.0,0.0,0.0,0.0,无直接可报岗位,,0.0,,0.0,0.0,0.0,,0.0,0.0,,0.0,0.0,,0.0,0.0,,0.0,0.0,0.0,0.0,none,暂无明显潜力,2026岗位文本中未形成直接可报匹配。,不建议把考公作为该专业在头部院校的核心卖点。,直接考公适配弱，应更多看行业就业或升学转换。,普通应用/职业院校下直接考公空间很小，优先看事业单位、基层项目或行业就业。,,
520409,朝医学,2,专科(普通),专科,医药卫生大类,中医药类,0.0,很弱/无直接岗位,2026国考职位表/中央机关及直属机构口径（第三方镜像）,0.0,0.0,0.0,0.0,0.0,0.0,0.0,0.0,0.0,无直接可报岗位,,0.0,,0.0,0.0,0.0,,0.0,0.0,,0.0,0.0,,0.0,0.0,,0.0,0.0,0.0,0.0,none,暂无明显潜力,2026岗位文本中未形成直接可报匹配。,不建议把考公作为该专业在头部院校的核心卖点。,直接考公适配弱，应更多看行业就业或升学转换。,普通应用/职业院校下直接考公空间很小，优先看事业单位、基层项目或行业就业。,,
520703,预防医学,2,专科(普通),专科,医药卫生大类,公共卫生与卫生管理类,17.4,弱适配,2026国考职位表/中央机关及直属机构口径（第三方镜像）,3.0,3.0,0.0,0.0,0.0,100.0,0.0,0.0,0.0,以对口岗位为主,海关/边检(3)；公安/移民/基层执法(3),3.0,2.0,0.0,0.0,0.0,,0.0,0.0,,3.0,100.0,3.0,0.0,0.0,,11.0,128.0,128.0,0.0,medium,升学后中等潜力,存在专业代码或专业名称精确匹配，并有直接学历兼容岗位。,可以考，但院校层级优势有限，更依赖岗位地区和限制条件。,岗位窗口较窄，建议只作为就业备选项。,少量大专可报基层岗位存在，但数量很少，需逐岗位核验。,上海海关|乌鲁木齐海关|公安部|兰州海关|内蒙古出入境边防检查总站|南京海关|南宁海关|厦门海关,业务处一级主任科员及以下|业务处室一级主任科员及以下|二连出入境边防检查站一级警长及以下（七）|健康服务处一级主任科员及以下|十二处警务技术一级主管及以下|卫生检疫一级行政执法员|卫生检疫一级行政执法员（一）|卫生检疫一级行政执法员（二）
570101,早期教育,2,专科(普通),专科,教育与体育大类,教育类,0.0,很弱/无直接岗位,2026国考职位表/中央机关及直属机构口径（第三方镜像）,0.0,0.0,0.0,0.0,0.0,0.0,0.0,0.0,0.0,无直接可报岗位,,0.0,,0.0,0.0,0.0,,0.0,0.0,,0.0,0.0,,0.0,0.0,,0.0,0.0,0.0,0.0,none,暂无明显潜力,2026岗位文本中未形成直接可报匹配。,不建议把考公作为该专业在头部院校的核心卖点。,直接考公适配弱，应更多看行业就业或升学转换。,普通应用/职业院校下直接考公空间很小，优先看事业单位、基层项目或行业就业。,,
570102,学前教育,2,专科(普通),专科,教育与体育大类,教育类,13.0,很弱/无直接岗位,2026国考职位表/中央机关及直属机构口径（第三方镜像）,1.0,1.0,0.0,0.0,0.0,100.0,0.0,0.0,0.0,以对口岗位为主,海关/边检(1)；公安/移民/基层执法(1),5.0,14.0,0.0,0.0,0.0,,0.0,0.0,,1.0,100.0,14.0,0.0,0.0,,0.0,1.0,1.0,0.0,limited,升学后弱潜力,存在专业代码或专业名称精确匹配，并有直接学历兼容岗位。,可以考，但院校层级优势有限，更依赖岗位地区和限制条件。,岗位窗口较窄，建议只作为就业备选项。,少量大专可报基层岗位存在，但数量很少，需逐岗位核验。,新疆出入境边防检查总站,伊犁边境管理支队一级警长及以下（四）
570103,小学教育,2,专科(普通),专科,教育与体育大类,教育类,0.0,很弱/无直接岗位,2026国考职位表/中央机关及直属机构口径（第三方镜像）,0.0,0.0,0.0,0.0,0.0,0.0,0.0,0.0,0.0,无直接可报岗位,,0.0,,0.0,0.0,0.0,,0.0,0.0,,0.0,0.0,,0.0,0.0,,0.0,1.0,1.0,0.0,limited,升学后弱潜力,大专学历直接可报岗位不足；专业文本在本科/升本路径中有匹配线索。,不建议把考公作为该专业在头部院校的核心卖点。,直接考公适配弱，应更多看行业就业或升学转换。,普通应用/职业院校下直接考公空间很小，优先看事业单位、基层项目或行业就业。,新疆出入境边防检查总站,都拉塔出入境边防检查站一级警长及以下（四）
570104,小学语文教育,2,专科(普通),专科,教育与体育大类,教育类,0.0,很弱/无直接岗位,2026国考职位表/中央机关及直属机构口径（第三方镜像）,0.0,0.0,0.0,0.0,0.0,0.0,0.0,0.0,0.0,无直接可报岗位,,0.0,,0.0,0.0,0.0,,0.0,0.0,,0.0,0.0,,0.0,0.0,,0.0,0.0,0.0,0.0,none,暂无明显潜力,2026岗位文本中未形成直接可报匹配。,不建议把考公作为该专业在头部院校的核心卖点。,直接考公适配弱，应更多看行业就业或升学转换。,普通应用/职业院校下直接考公空间很小，优先看事业单位、基层项目或行业就业。,,
570105,小学数学教育,2,专科(普通),专科,教育与体育大类,教育类,0.0,很弱/无直接岗位,2026国考职位表/中央机关及直属机构口径（第三方镜像）,0.0,0.0,0.0,0.0,0.0,0.0,0.0,0.0,0.0,无直接可报岗位,,0.0,,0.0,0.0,0.0,,0.0,0.0,,0.0,0.0,,0.0,0.0,,0.0,0.0,0.0,0.0,none,暂无明显潜力,2026岗位文本中未形成直接可报匹配。,不建议把考公作为该专业在头部院校的核心卖点。,直接考公适配弱，应更多看行业就业或升学转换。,普通应用/职业院校下直接考公空间很小，优先看事业单位、基层项目或行业就业。,,
570106,小学英语教育,2,专科(普通),专科,教育与体育大类,教育类,0.0,很弱/无直接岗位,2026国考职位表/中央机关及直属机构口径（第三方镜像）,0.0,0.0,0.0,0.0,0.0,0.0,0.0,0.0,0.0,无直接可报岗位,,0.0,,0.0,0.0,0.0,,0.0,0.0,,0.0,0.0,,0.0,0.0,,4.0,667.0,0.0,667.0,medium,升学后较强潜力,大专学历直接可报岗位不足；专业文本在本科/升本路径中有匹配线索。,不建议把考公作为该专业在头部院校的核心卖点。,直接考公适配弱，应更多看行业就业或升学转换。,直接考公弱；若专升本到相近本科专业，考公潜力明显上升。,国家税务总局上海市税务局|国家税务总局云南省税务局|国家税务总局内蒙古自治区税务局|国家税务总局厦门市税务局|国家税务总局吉林省税务局|国家税务总局四川省税务局|国家税务总局大连市税务局|国家税务总局天津市税务局,一级主任科员及以下（二）|一级主办及以下|一级主办及以下（一）|一级主办及以下（七）|一级主办及以下（三）|一级主办及以下（九）|一级主办及以下（二十二）|一级主办及以下（二十五）
570107,小学科学教育,2,专科(普通),专科,教育与体育大类,教育类,0.0,很弱/无直接岗位,2026国考职位表/中央机关及直属机构口径（第三方镜像）,0.0,0.0,0.0,0.0,0.0,0.0,0.0,0.0,0.0,无直接可报岗位,,0.0,,0.0,0.0,0.0,,0.0,0.0,,0.0,0.0,,0.0,0.0,,0.0,0.0,0.0,0.0,none,暂无明显潜力,2026岗位文本中未形成直接可报匹配。,不建议把考公作为该专业在头部院校的核心卖点。,直接考公适配弱，应更多看行业就业或升学转换。,普通应用/职业院校下直接考公空间很小，优先看事业单位、基层项目或行业就业。,,
570108,音乐教育,2,专科(普通),专科,教育与体育大类,教育类,0.0,很弱/无直接岗位,2026国考职位表/中央机关及直属机构口径（第三方镜像）,0.0,0.0,0.0,0.0,0.0,0.0,0.0,0.0,0.0,无直接可报岗位,,0.0,,0.0,0.0,0.0,,0.0,0.0,,0.0,0.0,,0.0,0.0,,0.0,8.0,8.0,0.0,limited,升学后弱潜力,大专学历直接可报岗位不足；专业文本在本科/升本路径中有匹配线索。,不建议把考公作为该专业在头部院校的核心卖点。,直接考公适配弱，应更多看行业就业或升学转换。,普通应用/职业院校下直接考公空间很小，优先看事业单位、基层项目或行业就业。,吉林出入境边防检查总站|新疆出入境边防检查总站,伊犁边境管理支队一级警长及以下（三）|延边边境管理支队一级警长及以下（二十三）|延边边境管理支队一级警长及以下（十五）|白山边境管理支队一级警长及以下（二十一）|白山边境管理支队一级警长及以下（十三）|边检站一级警长及以下（七）|通化边境管理支队一级警长及以下（八）|集安出入境边防检查站一级警长及以下（三）
570109,美术教育,2,专科(普通),专科,教育与体育大类,教育类,0.0,很弱/无直接岗位,2026国考职位表/中央机关及直属机构口径（第三方镜像）,0.0,0.0,0.0,0.0,0.0,0.0,0.0,0.0,0.0,无直接可报岗位,,0.0,,0.0,0.0,0.0,,0.0,0.0,,0.0,0.0,,0.0,0.0,,0.0,0.0,0.0,0.0,none,暂无明显潜力,2026岗位文本中未形成直接可报匹配。,不建议把考公作为该专业在头部院校的核心卖点。,直接考公适配弱，应更多看行业就业或升学转换。,普通应用/职业院校下直接考公空间很小，优先看事业单位、基层项目或行业就业。,,
570110,体育教育,2,专科(普通),专科,教育与体育大类,教育类,0.0,很弱/无直接岗位,2026国考职位表/中央机关及直属机构口径（第三方镜像）,0.0,0.0,0.0,0.0,0.0,0.0,0.0,0.0,0.0,无直接可报岗位,,0.0,,0.0,0.0,0.0,,0.0,0.0,,0.0,0.0,,0.0,0.0,,1.0,9.0,9.0,0.0,limited,升学后弱潜力,大专学历直接可报岗位不足；专业文本在本科/升本路径中有匹配线索。,不建议把考公作为该专业在头部院校的核心卖点。,直接考公适配弱，应更多看行业就业或升学转换。,普通应用/职业院校下直接考公空间很小，优先看事业单位、基层项目或行业就业。,吉林出入境边防检查总站|国家移民管理局常备力量第一总队|国家移民管理局常备力量第二总队|新疆出入境边防检查总站|珠海出入境边防检查总站,培训大队一级警长及以下|塔城边境管理支队一级警长及以下（三）|延边边境管理支队一级警长及以下（十六）|白山边境管理支队一级警长及以下（十四）|训练处一级警长及以下（二）|边检站一级警长及以下（十五）|通化边境管理支队一级警长及以下（十三）|长白山边境管理支队一级警长及以下（七）
570111,小学道德与法治教育,2,专科(普通),专科,教育与体育大类,教育类,0.0,很弱/无直接岗位,2026国考职位表/中央机关及直属机构口径（第三方镜像）,0.0,0.0,0.0,0.0,0.0,0.0,0.0,0.0,0.0,无直接可报岗位,,0.0,,0.0,0.0,0.0,,0.0,0.0,,0.0,0.0,,0.0,0.0,,0.0,0.0,0.0,0.0,none,暂无明显潜力,2026岗位文本中未形成直接可报匹配。,不建议把考公作为该专业在头部院校的核心卖点。,直接考公适配弱，应更多看行业就业或升学转换。,普通应用/职业院校下直接考公空间很小，优先看事业单位、基层项目或行业就业。,,
570112,舞蹈教育,2,专科(普通),专科,教育与体育大类,教育类,0.0,很弱/无直接岗位,2026国考职位表/中央机关及直属机构口径（第三方镜像）,0.0,0.0,0.0,0.0,0.0,0.0,0.0,0.0,0.0,无直接可报岗位,,0.0,,0.0,0.0,0.0,,0.0,0.0,,0.0,0.0,,0.0,0.0,,0.0,1.0,1.0,0.0,limited,升学后弱潜力,大专学历直接可报岗位不足；专业文本在本科/升本路径中有匹配线索。,不建议把考公作为该专业在头部院校的核心卖点。,直接考公适配弱，应更多看行业就业或升学转换。,普通应用/职业院校下直接考公空间很小，优先看事业单位、基层项目或行业就业。,珠海出入境边防检查总站,边检站一级警长及以下（十四）
570113,艺术教育,2,专科(普通),专科,教育与体育大类,教育类,0.0,很弱/无直接岗位,2026国考职位表/中央机关及直属机构口径（第三方镜像）,0.0,0.0,0.0,0.0,0.0,0.0,0.0,0.0,0.0,无直接可报岗位,,0.0,,0.0,0.0,0.0,,0.0,0.0,,0.0,0.0,,0.0,0.0,,0.0,0.0,0.0,0.0,none,暂无明显潜力,2026岗位文本中未形成直接可报匹配。,不建议把考公作为该专业在头部院校的核心卖点。,直接考公适配弱，应更多看行业就业或升学转换。,普通应用/职业院校下直接考公空间很小，优先看事业单位、基层项目或行业就业。,,
570114,特殊教育,2,专科(普通),专科,教育与体育大类,教育类,0.0,很弱/无直接岗位,2026国考职位表/中央机关及直属机构口径（第三方镜像）,0.0,0.0,0.0,0.0,0.0,0.0,0.0,0.0,0.0,无直接可报岗位,,0.0,,0.0,0.0,0.0,,0.0,0.0,,0.0,0.0,,0.0,0.0,,0.0,0.0,0.0,0.0,none,暂无明显潜力,2026岗位文本中未形成直接可报匹配。,不建议把考公作为该专业在头部院校的核心卖点。,直接考公适配弱，应更多看行业就业或升学转换。,普通应用/职业院校下直接考公空间很小，优先看事业单位、基层项目或行业就业。,,
570115,现代教育技术,2,专科(普通),专科,教育与体育大类,教育类,0.0,很弱/无直接岗位,2026国考职位表/中央机关及直属机构口径（第三方镜像）,0.0,0.0,0.0,0.0,0.0,0.0,0.0,0.0,0.0,无直接可报岗位,,0.0,,0.0,0.0,0.0,,0.0,0.0,,0.0,0.0,,0.0,0.0,,0.0,0.0,0.0,0.0,none,暂无明显潜力,2026岗位文本中未形成直接可报匹配。,不建议把考公作为该专业在头部院校的核心卖点。,直接考公适配弱，应更多看行业就业或升学转换。,普通应用/职业院校下直接考公空间很小，优先看事业单位、基层项目或行业就业。,,
570116,心理健康教育,2,专科(普通),专科,教育与体育大类,教育类,0.0,很弱/无直接岗位,2026国考职位表/中央机关及直属机构口径（第三方镜像）,0.0,0.0,0.0,0.0,0.0,0.0,0.0,0.0,0.0,无直接可报岗位,,0.0,,0.0,0.0,0.0,,0.0,0.0,,0.0,0.0,,0.0,0.0,,0.0,0.0,0.0,0.0,none,暂无明显潜力,2026岗位文本中未形成直接可报匹配。,不建议把考公作为该专业在头部院校的核心卖点。,直接考公适配弱，应更多看行业就业或升学转换。,普通应用/职业院校下直接考公空间很小，优先看事业单位、基层项目或行业就业。,,
580101,治安管理,2,专科(普通),专科,公安与司法大类,公安管理类,14.1,很弱/无直接岗位,2026国考职位表/中央机关及直属机构口径（第三方镜像）,2.0,1.0,1.0,0.0,0.0,50.0,50.0,0.0,0.0,以对口岗位为主,海关/边检(2)；公安/移民/基层执法(2),5.0,11.0,0.0,0.0,0.0,,0.0,0.0,,2.0,100.0,18.88,0.0,0.0,,0.0,2.0,1.0,1.0,limited,升学后弱潜力,存在专业代码或专业名称精确匹配，并有直接学历兼容岗位。,可以考，但院校层级优势有限，更依赖岗位地区和限制条件。,岗位窗口较窄，建议只作为就业备选项。,少量大专可报基层岗位存在，但数量很少，需逐岗位核验。,内蒙古出入境边防检查总站|新疆出入境边防检查总站,哈密边境管理支队一级警长及以下（三）|策克出入境边防检查站一级警长及以下（三）
580102,道路交通管理,2,专科(普通),专科,公安与司法大类,公安管理类,7.4,很弱/无直接岗位,2026国考职位表/中央机关及直属机构口径（第三方镜像）,1.0,0.0,1.0,0.0,0.0,0.0,100.0,0.0,0.0,主要靠专业大类/门类岗位,海关/边检(1)；公安/移民/基层执法(1),1.0,32.0,0.0,0.0,0.0,,0.0,0.0,,1.0,100.0,32.0,0.0,0.0,,0.0,1.0,0.0,1.0,limited,升学后弱潜力,主要来自专业类/学科门类宽口径匹配，报考前必须核官方专业目录。,可以考，但院校层级优势有限，更依赖岗位地区和限制条件。,岗位窗口较窄，建议只作为就业备选项。,少量大专可报基层岗位存在，但数量很少，需逐岗位核验。,内蒙古出入境边防检查总站,策克出入境边防检查站一级警长及以下（三）
580103,特警,2,专科(普通),专科,公安与司法大类,公安管理类,7.4,很弱/无直接岗位,2026国考职位表/中央机关及直属机构口径（第三方镜像）,1.0,0.0,1.0,0.0,0.0,0.0,100.0,0.0,0.0,主要靠专业大类/门类岗位,海关/边检(1)；公安/移民/基层执法(1),1.0,32.0,0.0,0.0,0.0,,0.0,0.0,,1.0,100.0,32.0,0.0,0.0,,0.0,1.0,0.0,1.0,limited,升学后弱潜力,主要来自专业类/学科门类宽口径匹配，报考前必须核官方专业目录。,可以考，但院校层级优势有限，更依赖岗位地区和限制条件。,岗位窗口较窄，建议只作为就业备选项。,少量大专可报基层岗位存在，但数量很少，需逐岗位核验。,内蒙古出入境边防检查总站,策克出入境边防检查站一级警长及以下（三）
580104,警务指挥与战术,2,专科(普通),专科,公安与司法大类,公安管理类,7.4,很弱/无直接岗位,2026国考职位表/中央机关及直属机构口径（第三方镜像）,1.0,0.0,1.0,0.0,0.0,0.0,100.0,0.0,0.0,主要靠专业大类/门类岗位,海关/边检(1)；公安/移民/基层执法(1),1.0,32.0,0.0,0.0,0.0,,0.0,0.0,,1.0,100.0,32.0,0.0,0.0,,0.0,1.0,0.0,1.0,limited,升学后弱潜力,主要来自专业类/学科门类宽口径匹配，报考前必须核官方专业目录。,可以考，但院校层级优势有限，更依赖岗位地区和限制条件。,岗位窗口较窄，建议只作为就业备选项。,少量大专可报基层岗位存在，但数量很少，需逐岗位核验。,内蒙古出入境边防检查总站,策克出入境边防检查站一级警长及以下（三）
580201,刑事科学技术,2,专科(普通),专科,公安与司法大类,公安技术类,10.1,很弱/无直接岗位,2026国考职位表/中央机关及直属机构口径（第三方镜像）,2.0,1.0,1.0,0.0,0.0,50.0,50.0,0.0,0.0,以对口岗位为主,海关/边检(2)；公安/移民/基层执法(2),5.0,128.8,0.0,0.0,0.0,,0.0,0.0,,2.0,100.0,92.5,0.0,0.0,,0.0,30.0,5.0,25.0,limited,升学后中等潜力,存在专业代码或专业名称精确匹配，并有直接学历兼容岗位。,可以考，但院校层级优势有限，更依赖岗位地区和限制条件。,岗位窗口较窄，建议只作为就业备选项。,少量大专可报基层岗位存在，但数量很少，需逐岗位核验。,中国人民银行四川省分行|中国人民银行宁夏回族自治区分行|中国人民银行广东省分行|中国人民银行广西壮族自治区分行|中国人民银行新疆维吾尔自治区分行|中国人民银行河北省分行|中国人民银行河南省分行|中国人民银行浙江省分行,和田边境管理支队一级警长及以下（十二）|延边边境管理支队一级警长及以下（四）|白山边境管理支队一级警长及以下（三）|策克出入境边防检查站一级警长及以下（三）|综合业务部门一级主任科员及以下|通化边境管理支队一级警长及以下（十一）|长白山边境管理支队一级警长及以下（二）
580202,网络安全与执法,2,专科(普通),专科,公安与司法大类,公安技术类,7.4,很弱/无直接岗位,2026国考职位表/中央机关及直属机构口径（第三方镜像）,1.0,0.0,1.0,0.0,0.0,0.0,100.0,0.0,0.0,主要靠专业大类/门类岗位,海关/边检(1)；公安/移民/基层执法(1),1.0,32.0,0.0,0.0,0.0,,0.0,0.0,,1.0,100.0,32.0,0.0,0.0,,0.0,29.0,4.0,25.0,limited,升学后中等潜力,主要来自专业类/学科门类宽口径匹配，报考前必须核官方专业目录。,可以考，但院校层级优势有限，更依赖岗位地区和限制条件。,岗位窗口较窄，建议只作为就业备选项。,少量大专可报基层岗位存在，但数量很少，需逐岗位核验。,中国人民银行四川省分行|中国人民银行宁夏回族自治区分行|中国人民银行广东省分行|中国人民银行广西壮族自治区分行|中国人民银行新疆维吾尔自治区分行|中国人民银行河北省分行|中国人民银行河南省分行|中国人民银行浙江省分行,延边边境管理支队一级警长及以下（四）|白山边境管理支队一级警长及以下（三）|策克出入境边防检查站一级警长及以下（三）|综合业务部门一级主任科员及以下|通化边境管理支队一级警长及以下（十一）|长白山边境管理支队一级警长及以下（二）
580203,警犬技术,2,专科(普通),专科,公安与司法大类,公安技术类,17.5,弱适配,2026国考职位表/中央机关及直属机构口径（第三方镜像）,3.0,2.0,1.0,0.0,0.0,66.7,33.3,0.0,0.0,以对口岗位为主,海关/边检(3)；公安/移民/基层执法(3),7.0,35.71,0.0,0.0,0.0,,0.0,0.0,,3.0,100.0,36.25,0.0,0.0,,0.0,32.0,7.0,25.0,limited,升学后中等潜力,存在专业代码或专业名称精确匹配，并有直接学历兼容岗位。,可以考，但院校层级优势有限，更依赖岗位地区和限制条件。,岗位窗口较窄，建议只作为就业备选项。,少量大专可报基层岗位存在，但数量很少，需逐岗位核验。,中国人民银行四川省分行|中国人民银行宁夏回族自治区分行|中国人民银行广东省分行|中国人民银行广西壮族自治区分行|中国人民银行新疆维吾尔自治区分行|中国人民银行河北省分行|中国人民银行河南省分行|中国人民银行浙江省分行,呼伦贝尔边境管理支队一级警长及以下（九）|呼伦贝尔边境管理支队一级警长及以下（十）|和田边境管理支队一级警长及以下（五）|延边边境管理支队一级警长及以下（四）|白山边境管理支队一级警长及以下（三）|策克出入境边防检查站一级警长及以下（三）|综合业务部门一级主任科员及以下|通化边境管理支队一级警长及以下（十一）
580301,刑事侦查,2,专科(普通),专科,公安与司法大类,侦查类,22.1,弱适配,2026国考职位表/中央机关及直属机构口径（第三方镜像）,4.0,4.0,0.0,0.0,0.0,100.0,0.0,0.0,0.0,以对口岗位为主,海关/边检(4)；公安/移民/基层执法(4),16.0,43.88,0.0,0.0,0.0,,0.0,0.0,,4.0,100.0,44.12,0.0,0.0,,0.0,4.0,4.0,0.0,limited,升学后弱潜力,存在专业代码或专业名称精确匹配，并有直接学历兼容岗位。,可以考，但院校层级优势有限，更依赖岗位地区和限制条件。,岗位窗口较窄，建议只作为就业备选项。,少量大专可报基层岗位存在，但数量很少，需逐岗位核验。,吉林出入境边防检查总站|新疆出入境边防检查总站,克州边境管理支队一级警长及以下（三）|和田边境管理支队一级警长及以下（十二）|延边边境管理支队一级警长及以下（五）|白山边境管理支队一级警长及以下（四）
580302,政治安全保卫,2,专科(普通),专科,公安与司法大类,侦查类,0.0,很弱/无直接岗位,2026国考职位表/中央机关及直属机构口径（第三方镜像）,0.0,0.0,0.0,0.0,0.0,0.0,0.0,0.0,0.0,无直接可报岗位,,0.0,,0.0,0.0,0.0,,0.0,0.0,,0.0,0.0,,0.0,0.0,,0.0,0.0,0.0,0.0,none,暂无明显潜力,2026岗位文本中未形成直接可报匹配。,不建议把考公作为该专业在头部院校的核心卖点。,直接考公适配弱，应更多看行业就业或升学转换。,普通应用/职业院校下直接考公空间很小，优先看事业单位、基层项目或行业就业。,,
580303,经济犯罪侦查,2,专科(普通),专科,公安与司法大类,侦查类,0.0,很弱/无直接岗位,2026国考职位表/中央机关及直属机构口径（第三方镜像）,0.0,0.0,0.0,0.0,0.0,0.0,0.0,0.0,0.0,无直接可报岗位,,0.0,,0.0,0.0,0.0,,0.0,0.0,,0.0,0.0,,0.0,0.0,,0.0,19.0,19.0,0.0,limited,升学后中等潜力,大专学历直接可报岗位不足；专业文本在本科/升本路径中有匹配线索。,不建议把考公作为该专业在头部院校的核心卖点。,直接考公适配弱，应更多看行业就业或升学转换。,普通应用/职业院校下直接考公空间很小，优先看事业单位、基层项目或行业就业。,内蒙古出入境边防检查总站|厦门海关|吉林出入境边防检查总站|宁波海关|广州海关|杭州海关|深圳海关,二连出入境边防检查站一级警长及以下（五）|延边边境管理支队一级警长及以下（四）|法制一级行政执法员|白山边境管理支队一级警长及以下（三）|监管一级行政执法员（一）|稽查一级行政执法员|稽核查一级行政执法员|通化边境管理支队一级警长及以下（十一）
580304,禁毒,2,专科(普通),专科,公安与司法大类,侦查类,0.0,很弱/无直接岗位,2026国考职位表/中央机关及直属机构口径（第三方镜像）,0.0,0.0,0.0,0.0,0.0,0.0,0.0,0.0,0.0,无直接可报岗位,,0.0,,0.0,0.0,0.0,,0.0,0.0,,0.0,0.0,,0.0,0.0,,0.0,0.0,0.0,0.0,none,暂无明显潜力,2026岗位文本中未形成直接可报匹配。,不建议把考公作为该专业在头部院校的核心卖点。,直接考公适配弱，应更多看行业就业或升学转换。,普通应用/职业院校下直接考公空间很小，优先看事业单位、基层项目或行业就业。,,
580501,刑事执行,2,专科(普通),专科,公安与司法大类,法律执行类,16.9,弱适配,2026国考职位表/中央机关及直属机构口径（第三方镜像）,2.0,2.0,0.0,0.0,0.0,100.0,0.0,0.0,0.0,以对口岗位为主,海关/边检(2)；公安/移民/基层执法(2),8.0,7.88,0.0,0.0,0.0,,0.0,0.0,,2.0,100.0,8.37,0.0,0.0,,0.0,2.0,2.0,0.0,limited,升学后弱潜力,存在专业代码或专业名称精确匹配，并有直接学历兼容岗位。,可以考，但院校层级优势有限，更依赖岗位地区和限制条件。,岗位窗口较窄，建议只作为就业备选项。,少量大专可报基层岗位存在，但数量很少，需逐岗位核验。,吉林出入境边防检查总站,延边边境管理支队一级警长及以下（五）|白山边境管理支队一级警长及以下（四）
580503,行政执行,2,专科(普通),专科,公安与司法大类,法律执行类,0.0,很弱/无直接岗位,2026国考职位表/中央机关及直属机构口径（第三方镜像）,0.0,0.0,0.0,0.0,0.0,0.0,0.0,0.0,0.0,无直接可报岗位,,0.0,,0.0,0.0,0.0,,0.0,0.0,,0.0,0.0,,0.0,0.0,,0.0,0.0,0.0,0.0,none,暂无明显潜力,2026岗位文本中未形成直接可报匹配。,不建议把考公作为该专业在头部院校的核心卖点。,直接考公适配弱，应更多看行业就业或升学转换。,普通应用/职业院校下直接考公空间很小，优先看事业单位、基层项目或行业就业。,,
580504,司法警务,2,专科(普通),专科,公安与司法大类,法律执行类,12.6,很弱/无直接岗位,2026国考职位表/中央机关及直属机构口径（第三方镜像）,1.0,1.0,0.0,0.0,0.0,100.0,0.0,0.0,0.0,以对口岗位为主,海关/边检(1)；公安/移民/基层执法(1),4.0,5.75,0.0,0.0,0.0,,0.0,0.0,,1.0,100.0,5.75,0.0,0.0,,0.0,1.0,1.0,0.0,limited,升学后弱潜力,存在专业代码或专业名称精确匹配，并有直接学历兼容岗位。,可以考，但院校层级优势有限，更依赖岗位地区和限制条件。,岗位窗口较窄，建议只作为就业备选项。,少量大专可报基层岗位存在，但数量很少，需逐岗位核验。,新疆出入境边防检查总站,哈密边境管理支队一级警长及以下（三）
580506,专门矫治教育,2,专科(普通),专科,公安与司法大类,法律执行类,0.0,很弱/无直接岗位,2026国考职位表/中央机关及直属机构口径（第三方镜像）,0.0,0.0,0.0,0.0,0.0,0.0,0.0,0.0,0.0,无直接可报岗位,,0.0,,0.0,0.0,0.0,,0.0,0.0,,0.0,0.0,,0.0,0.0,,0.0,0.0,0.0,0.0,,暂无明显潜力,2026岗位文本中未形成直接可报匹配。,不建议把考公作为该专业在头部院校的核心卖点。,直接考公适配弱，应更多看行业就业或升学转换。,普通应用/职业院校下直接考公空间很小，优先看事业单位、基层项目或行业就业。,,
580601,刑事侦查技术,2,专科(普通),专科,公安与司法大类,司法技术类,20.6,弱适配,2026国考职位表/中央机关及直属机构口径（第三方镜像）,4.0,3.0,1.0,0.0,0.0,75.0,25.0,0.0,0.0,以对口岗位为主,海关/边检(4)；公安/移民/基层执法(4),13.0,9.38,0.0,0.0,0.0,,0.0,0.0,,4.0,100.0,13.87,0.0,0.0,,0.0,4.0,3.0,1.0,limited,升学后弱潜力,存在专业代码或专业名称精确匹配，并有直接学历兼容岗位。,可以考，但院校层级优势有限，更依赖岗位地区和限制条件。,岗位窗口较窄，建议只作为就业备选项。,少量大专可报基层岗位存在，但数量很少，需逐岗位核验。,内蒙古出入境边防检查总站|吉林出入境边防检查总站|新疆出入境边防检查总站,克州边境管理支队一级警长及以下（三）|延边边境管理支队一级警长及以下（五）|白山边境管理支队一级警长及以下（四）|策克出入境边防检查站一级警长及以下（三）
580602,司法信息技术,2,专科(普通),专科,公安与司法大类,司法技术类,7.4,很弱/无直接岗位,2026国考职位表/中央机关及直属机构口径（第三方镜像）,1.0,0.0,1.0,0.0,0.0,0.0,100.0,0.0,0.0,主要靠专业大类/门类岗位,海关/边检(1)；公安/移民/基层执法(1),1.0,32.0,0.0,0.0,0.0,,0.0,0.0,,1.0,100.0,32.0,0.0,0.0,,0.0,1.0,0.0,1.0,limited,升学后弱潜力,主要来自专业类/学科门类宽口径匹配，报考前必须核官方专业目录。,可以考，但院校层级优势有限，更依赖岗位地区和限制条件。,岗位窗口较窄，建议只作为就业备选项。,少量大专可报基层岗位存在，但数量很少，需逐岗位核验。,内蒙古出入境边防检查总站,策克出入境边防检查站一级警长及以下（三）
580604,司法信息安全,2,专科(普通),专科,公安与司法大类,司法技术类,7.4,很弱/无直接岗位,2026国考职位表/中央机关及直属机构口径（第三方镜像）,1.0,0.0,1.0,0.0,0.0,0.0,100.0,0.0,0.0,主要靠专业大类/门类岗位,海关/边检(1)；公安/移民/基层执法(1),1.0,32.0,0.0,0.0,0.0,,0.0,0.0,,1.0,100.0,32.0,0.0,0.0,,0.0,1.0,0.0,1.0,limited,升学后弱潜力,主要来自专业类/学科门类宽口径匹配，报考前必须核官方专业目录。,可以考，但院校层级优势有限，更依赖岗位地区和限制条件。,岗位窗口较窄，建议只作为就业备选项。,少量大专可报基层岗位存在，但数量很少，需逐岗位核验。,内蒙古出入境边防检查总站,策克出入境边防检查站一级警长及以下（三）
580605,罪犯心理测量与矫正技术,2,专科(普通),专科,公安与司法大类,司法技术类,14.4,很弱/无直接岗位,2026国考职位表/中央机关及直属机构口径（第三方镜像）,2.0,1.0,1.0,0.0,0.0,50.0,50.0,0.0,0.0,以对口岗位为主,海关/边检(2)；公安/移民/基层执法(2),6.0,17.0,0.0,0.0,0.0,,0.0,0.0,,2.0,100.0,23.0,0.0,0.0,,0.0,2.0,1.0,1.0,limited,升学后弱潜力,存在专业代码或专业名称精确匹配，并有直接学历兼容岗位。,可以考，但院校层级优势有限，更依赖岗位地区和限制条件。,岗位窗口较窄，建议只作为就业备选项。,少量大专可报基层岗位存在，但数量很少，需逐岗位核验。,内蒙古出入境边防检查总站|新疆出入境边防检查总站,伊犁边境管理支队一级警长及以下（四）|策克出入境边防检查站一级警长及以下（三）
580606,戒毒矫治技术,2,专科(普通),专科,公安与司法大类,司法技术类,7.4,很弱/无直接岗位,2026国考职位表/中央机关及直属机构口径（第三方镜像）,1.0,0.0,1.0,0.0,0.0,0.0,100.0,0.0,0.0,主要靠专业大类/门类岗位,海关/边检(1)；公安/移民/基层执法(1),1.0,32.0,0.0,0.0,0.0,,0.0,0.0,,1.0,100.0,32.0,0.0,0.0,,0.0,1.0,0.0,1.0,limited,升学后弱潜力,主要来自专业类/学科门类宽口径匹配，报考前必须核官方专业目录。,可以考，但院校层级优势有限，更依赖岗位地区和限制条件。,岗位窗口较窄，建议只作为就业备选项。,少量大专可报基层岗位存在，但数量很少，需逐岗位核验。,内蒙古出入境边防检查总站,策克出入境边防检查站一级警长及以下（三）
020110TK,低空经济与管理,本科(普通),本科(普通),本科,经济学,经济学类,64.4,较强适配,2026国考职位表/中央机关及直属机构口径（第三方镜像）,5549.0,0.0,5549.0,0.0,0.0,0.0,100.0,0.0,0.0,主要靠专业大类/门类岗位,税务系统(4544)；财政审计金融监管(799)；统计调查(156)；公安/移民/基层执法(35)；海关/边检(23)；交通海事民航铁路(5),11279.0,77.03,4364.0,6.0,0.1,352.83,61.0,1.1,131.73,524.0,9.4,101.04,4958.0,89.3,83.84,392.0,5941.0,0.0,5941.0,very_high,升学后较强潜力,主要来自专业类/学科门类宽口径匹配，报考前必须核官方专业目录。,头部院校优势主要体现在保研/读研后进入更高层级岗位。,区域重点/特色院校可重点面向省市县税务、执法、市场监管和事业单位路径。,应用本科可走县区基层、行政执法和地方单位，学校层级不宜夸大。,上海出入境边防检查总站|上海市公安局特勤局|中国井冈山干部学院|中国人民银行|中国人民银行云南省分行|中国人民银行内蒙古自治区分行|中国人民银行北京市分行|中国人民银行吉林省分行,一处一级主任科员及以下|一级主任科员及以下|一级主任科员及以下一|一级主任科员及以下（一）|一级主任科员及以下（二）|一级主办及以下|一级主办及以下(一)|一级主办及以下(二)
020111T,资源环境审计,本科(普通),本科(普通),本科,经济学,经济学类,64.4,较强适配,2026国考职位表/中央机关及直属机构口径（第三方镜像）,5549.0,0.0,5549.0,0.0,0.0,0.0,100.0,0.0,0.0,主要靠专业大类/门类岗位,税务系统(4544)；财政审计金融监管(799)；统计调查(156)；公安/移民/基层执法(35)；海关/边检(23)；交通海事民航铁路(5),11279.0,77.03,4364.0,6.0,0.1,352.83,61.0,1.1,131.73,524.0,9.4,101.04,4958.0,89.3,83.84,392.0,5941.0,0.0,5941.0,very_high,升学后较强潜力,主要来自专业类/学科门类宽口径匹配，报考前必须核官方专业目录。,头部院校优势主要体现在保研/读研后进入更高层级岗位。,区域重点/特色院校可重点面向省市县税务、执法、市场监管和事业单位路径。,应用本科可走县区基层、行政执法和地方单位，学校层级不宜夸大。,上海出入境边防检查总站|上海市公安局特勤局|中国井冈山干部学院|中国人民银行|中国人民银行云南省分行|中国人民银行内蒙古自治区分行|中国人民银行北京市分行|中国人民银行吉林省分行,一处一级主任科员及以下|一级主任科员及以下|一级主任科员及以下一|一级主任科员及以下（一）|一级主任科员及以下（二）|一级主办及以下|一级主办及以下(一)|一级主办及以下(二)
020312TK,数字金融,本科(普通),本科(普通),本科,经济学,金融学类,63.4,较强适配,2026国考职位表/中央机关及直属机构口径（第三方镜像）,4721.0,0.0,4721.0,0.0,0.0,0.0,100.0,0.0,0.0,主要靠专业大类/门类岗位,税务系统(3842)；财政审计金融监管(822)；公安/移民/基层执法(35)；海关/边检(18)；统计调查(15)；交通海事民航铁路(4),9779.0,74.38,3601.0,3.0,0.1,59.5,73.0,1.5,85.64,483.0,10.2,89.88,4162.0,88.2,84.09,324.0,5045.0,0.0,5045.0,very_high,升学后较强潜力,主要来自专业类/学科门类宽口径匹配，报考前必须核官方专业目录。,头部院校优势主要体现在保研/读研后进入更高层级岗位。,区域重点/特色院校可重点面向省市县税务、执法、市场监管和事业单位路径。,应用本科可走县区基层、行政执法和地方单位，学校层级不宜夸大。,上海出入境边防检查总站|上海市公安局特勤局|上海市邮政管理局|中国人民银行|中国人民银行云南省分行|中国人民银行内蒙古自治区分行|中国人民银行北京市分行|中国人民银行吉林省分行,一级主任科员及以下|一级主任科员及以下一|一级主任科员及以下（一）|一级主任科员及以下（三）|一级主任科员及以下（二）|一级主办及以下|一级主办及以下(一)|一级主办及以下(二)
020404TK,数字贸易,本科(普通),本科(普通),本科,经济学,经济与贸易类,59.9,较强适配,2026国考职位表/中央机关及直属机构口径（第三方镜像）,2969.0,0.0,2969.0,0.0,0.0,0.0,100.0,0.0,0.0,主要靠专业大类/门类岗位,税务系统(2333)；财政审计金融监管(588)；公安/移民/基层执法(24)；海关/边检(20)；统计调查(15),6054.0,78.73,2169.0,0.0,0.0,,39.0,1.3,151.24,331.0,11.1,95.12,2599.0,87.5,88.92,286.0,3255.0,0.0,3255.0,very_high,升学后较强潜力,主要来自专业类/学科门类宽口径匹配，报考前必须核官方专业目录。,头部院校优势主要体现在保研/读研后进入更高层级岗位。,区域重点/特色院校可重点面向省市县税务、执法、市场监管和事业单位路径。,应用本科可走县区基层、行政执法和地方单位，学校层级不宜夸大。,上海出入境边防检查总站|上海市公安局特勤局|中国人民银行|中国人民银行云南省分行|中国人民银行内蒙古自治区分行|中国人民银行北京市分行|中国人民银行吉林省分行|中国人民银行四川省分行,一级主任科员及以下|一级主任科员及以下（二）|一级主办及以下|一级主办及以下（一）|一级主办及以下（三）|一级主办及以下（二十一）|一级主办及以下（二十四）|一级主办及以下（二）
030624TK,森林消防,本科(普通),本科(普通),本科,法学,公安学类,40.4,中等适配,2026国考职位表/中央机关及直属机构口径（第三方镜像）,237.0,0.0,237.0,0.0,0.0,0.0,100.0,0.0,0.0,主要靠专业大类/门类岗位,税务系统(149)；财政审计金融监管(52)；公安/移民/基层执法(35)；海关/边检(15)；交通海事民航铁路(6)；法院/检察/司法(1),435.0,90.92,160.0,0.0,0.0,,22.0,9.3,107.51,53.0,22.4,86.9,162.0,68.4,101.53,24.0,264.0,0.0,264.0,medium,升学后中等潜力,主要来自专业类/学科门类宽口径匹配，报考前必须核官方专业目录。,可以考，但院校层级优势有限，更依赖岗位地区和限制条件。,可作为备选路径，适合叠加党员、基层项目、应届身份等条件。,可作为基层备选，但要靠地域、应届和限制条件放大机会。,上海出入境边防检查总站|上海市公安局特勤局|中国井冈山干部学院|中国人民银行四川省分行|中国人民银行宁夏回族自治区分行|中国人民银行广东省分行|中国人民银行广西壮族自治区分行|中国人民银行新疆维吾尔自治区分行,一级主办及以下（一）|一级主办及以下（二）|一级科员（五）|一级科员（四）|一级行政执法员|一级行政执法员（一）|一级行政执法员（七）|一级行政执法员（三）
030625TK,政治安全保卫,本科(普通),本科(普通),本科,法学,公安学类,40.4,中等适配,2026国考职位表/中央机关及直属机构口径（第三方镜像）,237.0,0.0,237.0,0.0,0.0,0.0,100.0,0.0,0.0,主要靠专业大类/门类岗位,税务系统(149)；财政审计金融监管(52)；公安/移民/基层执法(35)；海关/边检(15)；交通海事民航铁路(6)；法院/检察/司法(1),435.0,90.92,160.0,0.0,0.0,,22.0,9.3,107.51,53.0,22.4,86.9,162.0,68.4,101.53,24.0,264.0,0.0,264.0,medium,升学后中等潜力,主要来自专业类/学科门类宽口径匹配，报考前必须核官方专业目录。,可以考，但院校层级优势有限，更依赖岗位地区和限制条件。,可作为备选路径，适合叠加党员、基层项目、应届身份等条件。,可作为基层备选，但要靠地域、应届和限制条件放大机会。,上海出入境边防检查总站|上海市公安局特勤局|中国井冈山干部学院|中国人民银行四川省分行|中国人民银行宁夏回族自治区分行|中国人民银行广东省分行|中国人民银行广西壮族自治区分行|中国人民银行新疆维吾尔自治区分行,一级主办及以下（一）|一级主办及以下（二）|一级科员（五）|一级科员（四）|一级行政执法员|一级行政执法员（一）|一级行政执法员（七）|一级行政执法员（三）
040218TK,太极拳,本科(普通),本科(普通),本科,教育学,体育学类,25.1,弱适配,2026国考职位表/中央机关及直属机构口径（第三方镜像）,51.0,0.0,51.0,0.0,0.0,0.0,100.0,0.0,0.0,主要靠专业大类/门类岗位,公安/移民/基层执法(50)；交通海事民航铁路(28)；海关/边检(9),87.0,123.78,0.0,1.0,2.0,184.0,13.0,25.5,14.54,37.0,72.5,179.29,0.0,0.0,,11.0,64.0,0.0,64.0,limited,升学后弱潜力,主要来自专业类/学科门类宽口径匹配，报考前必须核官方专业目录。,可以考，但院校层级优势有限，更依赖岗位地区和限制条件。,岗位窗口较窄，建议只作为就业备选项。,不适合作为普通应用院校的考公主卖点。,上海出入境边防检查总站|上海市公安局特勤局|中国残联|乌鲁木齐铁路公安局|云南出入境边防检查总站|公安部|兰州铁路公安局|内蒙古出入境边防检查总站,一级警长及以下（一）|一级警长及以下（七）|一级警长及以下（五）|一级警长及以下（八）|一级警长及以下（六）|三处一级主任科员及以下|丹东港出入境边防检查站一级警长及以下|二连出入境边防检查站一级警长及以下（七）
050114TK,语言科学,本科(普通),本科(普通),本科,文学,中国语言文学类,55.5,较强适配,2026国考职位表/中央机关及直属机构口径（第三方镜像）,2446.0,0.0,2446.0,0.0,0.0,0.0,100.0,0.0,0.0,主要靠专业大类/门类岗位,税务系统(2206)；公安/移民/基层执法(92)；财政审计金融监管(84)；交通海事民航铁路(55)；统计调查(37)；海关/边检(28),4576.0,109.23,1419.0,8.0,0.3,502.46,25.0,1.0,143.92,180.0,7.4,142.67,2233.0,91.3,124.1,113.0,2559.0,0.0,2559.0,high,升学后中等潜力,主要来自专业类/学科门类宽口径匹配，报考前必须核官方专业目录。,头部院校优势主要体现在保研/读研后进入更高层级岗位。,区域重点/特色院校可重点面向省市县税务、执法、市场监管和事业单位路径。,应用本科可走县区基层、行政执法和地方单位，学校层级不宜夸大。,上海出入境边防检查总站|上海市公安局特勤局|上海市邮政管理局|上海铁路公安局|中国井冈山干部学院|中国人民银行吉林省分行|中国人民银行四川省分行|中国人民银行宁夏回族自治区分行,一处一级主任科员及以下|一处一级警长及以下|一级主任科员及以下|一级主任科员及以下一|一级主任科员及以下（二）|一级主办及以下|一级主办及以下（一）|一级主办及以下（七）
050201,英语,本科(普通),本科(普通),本科,文学,外国语言文学类,67.3,较强适配,2026国考职位表/中央机关及直属机构口径（第三方镜像）,768.0,56.0,712.0,0.0,0.0,7.3,92.7,0.0,0.0,主要靠专业大类/门类岗位,税务系统(660)；公安/移民/基层执法(61)；海关/边检(60)；交通海事民航铁路(14)；财政审计金融监管(9),1518.0,103.35,398.0,12.0,1.6,145.12,27.0,3.5,120.93,72.0,9.4,136.18,657.0,85.5,127.65,41.0,809.0,76.0,733.0,high,升学后中等潜力,存在专业代码或专业名称精确匹配，并有直接学历兼容岗位。,可以考，但院校层级优势有限，更依赖岗位地区和限制条件。,区域重点/特色院校可重点面向省市县税务、执法、市场监管和事业单位路径。,应用本科可走县区基层、行政执法和地方单位，学校层级不宜夸大。,上海出入境边防检查总站|上海市公安局特勤局|上海海事局|中国人民银行|中国人民银行内蒙古自治区分行|中国人民银行四川省分行|中国人民银行安徽省分行|中国人民银行广西壮族自治区分行,一级主任科员及以下|一级主任科员及以下（二）|一级主任科员及以下（英语翻译）|一级主办及以下|一级主办及以下（一）|一级主办及以下（七）|一级主办及以下（三）|一级主办及以下（九）
0502105T,法律英语,本科(普通),本科(普通),本科,文学,外国语言文学类,29.1,弱适配,2026国考职位表/中央机关及直属机构口径（第三方镜像）,51.0,0.0,51.0,0.0,0.0,0.0,100.0,0.0,0.0,主要靠专业大类/门类岗位,公安/移民/基层执法(45)；海关/边检(24)；交通海事民航铁路(10),71.0,58.42,0.0,3.0,5.9,234.67,13.0,25.5,14.54,32.0,62.7,83.98,3.0,5.9,21.0,17.0,68.0,0.0,68.0,limited,升学后中等潜力,主要来自专业类/学科门类宽口径匹配，报考前必须核官方专业目录。,可以考，但院校层级优势有限，更依赖岗位地区和限制条件。,岗位窗口较窄，建议只作为就业备选项。,不适合作为普通应用院校的考公主卖点。,上海出入境边防检查总站|上海市公安局特勤局|云南出入境边防检查总站|人力资源和社会保障部|公安部|内蒙古出入境边防检查总站|北京市公安局特勤局|北京铁路公安局,一级主任科员及以下|一级行政执法员（五）|一级警长及以下（一）|一级警长及以下（七）|一级警长及以下（五）|一级警长及以下（八）|一级警长及以下（六）|三亚海关缉私分局一级警长及以下
0502106TK,计算语言学,本科(普通),本科(普通),本科,文学,外国语言文学类,29.1,弱适配,2026国考职位表/中央机关及直属机构口径（第三方镜像）,51.0,0.0,51.0,0.0,0.0,0.0,100.0,0.0,0.0,主要靠专业大类/门类岗位,公安/移民/基层执法(45)；海关/边检(24)；交通海事民航铁路(10),71.0,58.42,0.0,3.0,5.9,234.67,13.0,25.5,14.54,32.0,62.7,83.98,3.0,5.9,21.0,17.0,68.0,0.0,68.0,limited,升学后中等潜力,主要来自专业类/学科门类宽口径匹配，报考前必须核官方专业目录。,可以考，但院校层级优势有限，更依赖岗位地区和限制条件。,岗位窗口较窄，建议只作为就业备选项。,不适合作为普通应用院校的考公主卖点。,上海出入境边防检查总站|上海市公安局特勤局|云南出入境边防检查总站|人力资源和社会保障部|公安部|内蒙古出入境边防检查总站|北京市公安局特勤局|北京铁路公安局,一级主任科员及以下|一级行政执法员（五）|一级警长及以下（一）|一级警长及以下（七）|一级警长及以下（五）|一级警长及以下（八）|一级警长及以下（六）|三亚海关缉私分局一级警长及以下
0502107TK,语言智能,本科(普通),本科(普通),本科,文学,外国语言文学类,29.1,弱适配,2026国考职位表/中央机关及直属机构口径（第三方镜像）,51.0,0.0,51.0,0.0,0.0,0.0,100.0,0.0,0.0,主要靠专业大类/门类岗位,公安/移民/基层执法(45)；海关/边检(24)；交通海事民航铁路(10),71.0,58.42,0.0,3.0,5.9,234.67,13.0,25.5,14.54,32.0,62.7,83.98,3.0,5.9,21.0,17.0,68.0,0.0,68.0,limited,升学后中等潜力,主要来自专业类/学科门类宽口径匹配，报考前必须核官方专业目录。,可以考，但院校层级优势有限，更依赖岗位地区和限制条件。,岗位窗口较窄，建议只作为就业备选项。,不适合作为普通应用院校的考公主卖点。,上海出入境边防检查总站|上海市公安局特勤局|云南出入境边防检查总站|人力资源和社会保障部|公安部|内蒙古出入境边防检查总站|北京市公安局特勤局|北京铁路公安局,一级主任科员及以下|一级行政执法员（五）|一级警长及以下（一）|一级警长及以下（七）|一级警长及以下（五）|一级警长及以下（八）|一级警长及以下（六）|三亚海关缉私分局一级警长及以下
050301,新闻学,本科(普通),本科(普通),本科,文学,新闻传播学类,77.4,强适配,2026国考职位表/中央机关及直属机构口径（第三方镜像）,2288.0,109.0,2179.0,0.0,0.0,4.8,95.2,0.0,0.0,以对口岗位为主,税务系统(2019)；财政审计金融监管(87)；海关/边检(86)；公安/移民/基层执法(76)；交通海事民航铁路(29)；统计调查(17),4271.0,106.03,1337.0,7.0,0.3,436.19,30.0,1.3,119.72,175.0,7.6,121.63,2076.0,90.7,123.27,94.0,2382.0,122.0,2260.0,high,升学后中等潜力,存在专业代码或专业名称精确匹配，并有直接学历兼容岗位。,头部院校可把该专业作为中央/省级机关、选调和研究生岗位的主赛道之一。,区域重点/特色院校可重点面向省市县税务、执法、市场监管和事业单位路径。,应用本科可走县区基层、行政执法和地方单位，学校层级不宜夸大。,上海出入境边防检查总站|上海市公安局特勤局|上海海关|东北虎豹国家公园管理局|中国井冈山干部学院|中国人民银行吉林省分行|中国人民银行四川省分行|中国人民银行宁夏回族自治区分行,一处一级主任科员及以下|一级主任科员及以下|一级主任科员及以下一|一级主任科员及以下（二）|一级主办及以下|一级主办及以下（一）|一级主办及以下（七）|一级主办及以下（三）
070101,数学与应用数学,本科(普通),本科(普通),本科,理学,数学类,77.6,强适配,2026国考职位表/中央机关及直属机构口径（第三方镜像）,2769.0,69.0,2700.0,0.0,0.0,2.5,97.5,0.0,0.0,主要靠专业大类/门类岗位,税务系统(2329)；统计调查(202)；财政审计金融监管(111)；海关/边检(98)；公安/移民/基层执法(26)；交通海事民航铁路(6),5239.0,96.89,1871.0,4.0,0.1,309.52,60.0,2.2,143.5,239.0,8.6,115.71,2466.0,89.1,107.7,196.0,2965.0,69.0,2896.0,very_high,升学后较强潜力,存在专业代码或专业名称精确匹配，并有直接学历兼容岗位。,头部院校可把该专业作为中央/省级机关、选调和研究生岗位的主赛道之一。,区域重点/特色院校可重点面向省市县税务、执法、市场监管和事业单位路径。,应用本科可走县区基层、行政执法和地方单位，学校层级不宜夸大。,上海出入境边防检查总站|上海市公安局特勤局|上海海关|中国人民银行云南省分行|中国人民银行内蒙古自治区分行|中国人民银行北京市分行|中国人民银行吉林省分行|中国人民银行四川省分行,一级主任科员及以下|一级主任科员及以下（二）|一级主任科员及以下（四）|一级主任科员及以下（英语三）|一级主办及以下|一级主办及以下(四)|一级主办及以下（一）|一级主办及以下（七）
070105TK,智能计算,本科(普通),本科(普通),本科,理学,数学类,57.3,较强适配,2026国考职位表/中央机关及直属机构口径（第三方镜像）,2720.0,0.0,2720.0,0.0,0.0,0.0,100.0,0.0,0.0,主要靠专业大类/门类岗位,税务系统(2329)；统计调查(202)；财政审计金融监管(111)；海关/边检(49)；公安/移民/基层执法(26)；交通海事民航铁路(6),5169.0,96.15,1832.0,4.0,0.1,309.52,55.0,2.0,146.73,235.0,8.6,117.07,2426.0,89.2,106.31,196.0,2916.0,0.0,2916.0,very_high,升学后较强潜力,主要来自专业类/学科门类宽口径匹配，报考前必须核官方专业目录。,头部院校优势主要体现在保研/读研后进入更高层级岗位。,区域重点/特色院校可重点面向省市县税务、执法、市场监管和事业单位路径。,应用本科可走县区基层、行政执法和地方单位，学校层级不宜夸大。,上海出入境边防检查总站|上海市公安局特勤局|中国人民银行云南省分行|中国人民银行内蒙古自治区分行|中国人民银行北京市分行|中国人民银行吉林省分行|中国人民银行四川省分行|中国人民银行大连市分行,一级主任科员及以下|一级主任科员及以下（二）|一级主任科员及以下（四）|一级主任科员及以下（英语三）|一级主办及以下|一级主办及以下(四)|一级主办及以下（一）|一级主办及以下（七）
070201,物理学,本科(普通),本科(普通),本科,理学,物理学类,53.4,中等适配,2026国考职位表/中央机关及直属机构口径（第三方镜像）,368.0,8.0,360.0,0.0,0.0,2.2,97.8,0.0,0.0,主要靠专业大类/门类岗位,税务系统(329)；公安/移民/基层执法(23)；海关/边检(6)；交通海事民航铁路(4)；统计调查(3),672.0,97.22,159.0,1.0,0.3,1144.0,14.0,3.8,22.89,18.0,4.9,114.11,335.0,91.0,103.45,69.0,437.0,42.0,395.0,medium,升学后中等潜力,存在专业代码或专业名称精确匹配，并有直接学历兼容岗位。,头部院校优势主要体现在保研/读研后进入更高层级岗位。,可作为备选路径，适合叠加党员、基层项目、应届身份等条件。,可作为基层备选，但要靠地域、应届和限制条件放大机会。,上海出入境边防检查总站|上海市公安局特勤局|中国气象局|中国法学会|云南省气象局|全国妇联|公安部|内蒙古自治区地震局,一级主任科员及以下|一级科员（一）|一级行政执法员|一级行政执法员（一）|一级行政执法员（七）|一级行政执法员（三）|一级行政执法员（九）|一级行政执法员（二）
070301,化学,本科(普通),本科(普通),本科,理学,化学类,63.5,较强适配,2026国考职位表/中央机关及直属机构口径（第三方镜像）,375.0,78.0,297.0,0.0,0.0,20.8,79.2,0.0,0.0,主要靠专业大类/门类岗位,税务系统(244)；海关/边检(108)；公安/移民/基层执法(25)；交通海事民航铁路(6)；统计调查(3),638.0,114.31,159.0,1.0,0.3,1144.0,16.0,4.3,32.16,27.0,7.2,182.11,331.0,88.3,129.41,46.0,421.0,95.0,326.0,medium,升学后中等潜力,存在专业代码或专业名称精确匹配，并有直接学历兼容岗位。,可以考，但院校层级优势有限，更依赖岗位地区和限制条件。,区域重点/特色院校可重点面向省市县税务、执法、市场监管和事业单位路径。,应用本科可走县区基层、行政执法和地方单位，学校层级不宜夸大。,上海出入境边防检查总站|上海市公安局特勤局|上海海事局|中国法学会|乌鲁木齐海关|云南出入境边防检查总站|全国妇联|公安部,一级主任科员及以下|一级科员（一）|一级行政执法员（一）|一级行政执法员（七）|一级行政执法员（三）|一级行政执法员（九）|一级行政执法员（二十七）|一级行政执法员（二）
071001,生物科学,本科(普通),本科(普通),本科,理学,生物科学类,48.5,中等适配,2026国考职位表/中央机关及直属机构口径（第三方镜像）,94.0,32.0,62.0,0.0,0.0,34.0,66.0,0.0,0.0,以对口岗位为主,海关/边检(66)；公安/移民/基层执法(24)；税务系统(8)；交通海事民航铁路(4)；统计调查(3),141.0,155.57,57.0,0.0,0.0,,13.0,13.8,14.54,17.0,18.1,108.16,64.0,68.1,247.52,20.0,114.0,32.0,82.0,medium,升学后中等潜力,存在专业代码或专业名称精确匹配，并有直接学历兼容岗位。,可以考，但院校层级优势有限，更依赖岗位地区和限制条件。,可作为备选路径，适合叠加党员、基层项目、应届身份等条件。,可作为基层备选，但要靠地域、应届和限制条件放大机会。,上海出入境边防检查总站|上海市公安局特勤局|中国法学会|公安部|北京出入境边防检查总站|北京市公安局特勤局|北京铁路公安局|南宁海关,一级主任科员及以下|一级行政执法员|一级行政执法员（三）|一级行政执法员（五）|一级行政执法员（六）|一级行政执法员（四）|一级警长及以下（一）|一级警长及以下（七）
071103TK,心理、脑与认知科学,本科(普通),本科(普通),本科,理学,心理学类,0.0,很弱/无直接岗位,2026国考职位表/中央机关及直属机构口径（第三方镜像）,0.0,0.0,0.0,0.0,0.0,0.0,0.0,0.0,0.0,无直接可报岗位,,0.0,,0.0,0.0,0.0,,0.0,0.0,,0.0,0.0,,0.0,0.0,,0.0,0.0,0.0,0.0,,暂无明显潜力,2026岗位文本中未形成直接可报匹配。,不建议把考公作为该专业在头部院校的核心卖点。,直接考公适配弱，应更多看行业就业或升学转换。,不适合作为普通应用院校的考公主卖点。,,
080201,机械工程,本科(普通),本科(普通),本科,工学,机械类,66.4,较强适配,2026国考职位表/中央机关及直属机构口径（第三方镜像）,701.0,88.0,613.0,0.0,0.0,12.6,87.4,0.0,0.0,主要靠专业大类/门类岗位,税务系统(558)；海关/边检(106)；公安/移民/基层执法(33)；交通海事民航铁路(11)；生态环境/自然资源/农业水利(4)；统计调查(3),1438.0,125.1,351.0,1.0,0.1,22.57,21.0,3.0,75.64,38.0,5.4,136.81,641.0,91.4,145.08,40.0,741.0,103.0,638.0,medium,升学后中等潜力,存在专业代码或专业名称精确匹配，并有直接学历兼容岗位。,可以考，但院校层级优势有限，更依赖岗位地区和限制条件。,区域重点/特色院校可重点面向省市县税务、执法、市场监管和事业单位路径。,应用本科可走县区基层、行政执法和地方单位，学校层级不宜夸大。,上海出入境边防检查总站|上海市公安局特勤局|上海海关|上海铁路公安局|上海铁路监督管理局|中国民用航空局华东地区管理局|中国法学会|中国贸促会,一级主任科员及以下|一级主任科员及以下（英语三）|一级主办及以下|一级主办及以下（一）|一级主办及以下（三）|一级主办及以下（二）|一级行政执法员|一级行政执法员(一)
080207,车辆工程,本科(普通),本科(普通),本科,工学,机械类,61.2,较强适配,2026国考职位表/中央机关及直属机构口径（第三方镜像）,664.0,35.0,629.0,0.0,0.0,5.3,94.7,0.0,0.0,主要靠专业大类/门类岗位,税务系统(558)；海关/边检(81)；公安/移民/基层执法(31)；交通海事民航铁路(9)；统计调查(3),1359.0,123.67,329.0,0.0,0.0,,14.0,2.1,21.71,33.0,5.0,86.57,617.0,92.9,139.56,35.0,699.0,38.0,661.0,medium,升学后中等潜力,存在专业代码或专业名称精确匹配，并有直接学历兼容岗位。,可以考，但院校层级优势有限，更依赖岗位地区和限制条件。,区域重点/特色院校可重点面向省市县税务、执法、市场监管和事业单位路径。,应用本科可走县区基层、行政执法和地方单位，学校层级不宜夸大。,上海出入境边防检查总站|上海市公安局特勤局|上海铁路公安局|上海铁路监督管理局|中国民用航空局华东地区管理局|中国法学会|中国贸促会|云南出入境边防检查总站,一级主任科员及以下|一级主办及以下|一级主办及以下（一）|一级主办及以下（三）|一级主办及以下（二）|一级行政执法员|一级行政执法员(一)|一级行政执法员(三)
080221T,真空工程与技术,本科(普通),本科(普通),本科,工学,机械类,43.8,中等适配,2026国考职位表/中央机关及直属机构口径（第三方镜像）,631.0,0.0,631.0,0.0,0.0,0.0,100.0,0.0,0.0,主要靠专业大类/门类岗位,税务系统(558)；海关/边检(48)；公安/移民/基层执法(31)；交通海事民航铁路(9)；统计调查(3),1320.0,122.54,299.0,0.0,0.0,,14.0,2.2,21.71,30.0,4.8,88.23,587.0,93.0,137.58,32.0,663.0,0.0,663.0,medium,升学后中等潜力,主要来自专业类/学科门类宽口径匹配，报考前必须核官方专业目录。,可以考，但院校层级优势有限，更依赖岗位地区和限制条件。,可作为备选路径，适合叠加党员、基层项目、应届身份等条件。,可作为基层备选，但要靠地域、应届和限制条件放大机会。,上海出入境边防检查总站|上海市公安局特勤局|上海铁路公安局|上海铁路监督管理局|中国民用航空局华东地区管理局|中国法学会|云南出入境边防检查总站|人力资源和社会保障部,一级主任科员及以下|一级主办及以下|一级主办及以下（一）|一级主办及以下（三）|一级主办及以下（二）|一级行政执法员|一级行政执法员(一)|一级行政执法员(三)
080301,测控技术与仪器,本科(普通),本科(普通),本科,工学,仪器类,38.6,中等适配,2026国考职位表/中央机关及直属机构口径（第三方镜像）,183.0,0.0,183.0,0.0,0.0,0.0,100.0,0.0,0.0,主要靠专业大类/门类岗位,税务系统(136)；海关/边检(27)；公安/移民/基层执法(26)；交通海事民航铁路(4)；统计调查(3),412.0,104.51,100.0,0.0,0.0,,13.0,7.1,14.54,18.0,9.8,56.76,152.0,83.1,122.09,21.0,204.0,1.0,203.0,medium,升学后中等潜力,主要来自专业类/学科门类宽口径匹配，报考前必须核官方专业目录。,可以考，但院校层级优势有限，更依赖岗位地区和限制条件。,可作为备选路径，适合叠加党员、基层项目、应届身份等条件。,可作为基层备选，但要靠地域、应届和限制条件放大机会。,上海出入境边防检查总站|上海市公安局特勤局|中国民用航空局华东地区管理局|中国法学会|公安部|内蒙古出入境边防检查总站|北京市公安局特勤局|北京海关,一级主任科员及以下|一级行政执法员|一级行政执法员（一）|一级行政执法员（七）|一级行政执法员（三）|一级行政执法员（九）|一级行政执法员（二）|一级行政执法员（五）
080401,材料科学与工程,本科(普通),本科(普通),本科,工学,材料类,60.6,较强适配,2026国考职位表/中央机关及直属机构口径（第三方镜像）,363.0,45.0,318.0,0.0,0.0,12.4,87.6,0.0,0.0,主要靠专业大类/门类岗位,税务系统(267)；海关/边检(64)；公安/移民/基层执法(36)；交通海事民航铁路(12)；统计调查(3),710.0,105.31,123.0,1.0,0.3,22.57,17.0,4.7,23.59,42.0,11.6,113.45,303.0,83.5,132.73,31.0,394.0,58.0,336.0,medium,升学后中等潜力,存在专业代码或专业名称精确匹配，并有直接学历兼容岗位。,可以考，但院校层级优势有限，更依赖岗位地区和限制条件。,区域重点/特色院校可重点面向省市县税务、执法、市场监管和事业单位路径。,应用本科可走县区基层、行政执法和地方单位，学校层级不宜夸大。,上海出入境边防检查总站|上海市公安局特勤局|上海海关|中国民用航空局中南地区管理局|中国民用航空局华东地区管理局|中国法学会|乌鲁木齐铁路公安局|公安部,一级主任科员及以下|一级主任科员及以下（英语三）|一级行政执法员|一级行政执法员(一)|一级行政执法员(三)|一级行政执法员(二)|一级行政执法员(五)|一级行政执法员(四)
080508T,能源科学与工程,本科(普通),本科(普通),本科,工学,能源动力类,0.0,很弱/无直接岗位,2026国考职位表/中央机关及直属机构口径（第三方镜像）,0.0,0.0,0.0,0.0,0.0,0.0,0.0,0.0,0.0,无直接可报岗位,,0.0,,0.0,0.0,0.0,,0.0,0.0,,0.0,0.0,,0.0,0.0,,0.0,0.0,0.0,0.0,,暂无明显潜力,2026岗位文本中未形成直接可报匹配。,不建议把考公作为该专业在头部院校的核心卖点。,直接考公适配弱，应更多看行业就业或升学转换。,不适合作为普通应用院校的考公主卖点。,,
080601,电气工程及其自动化,本科(普通),本科(普通),本科,工学,电气类,66.9,较强适配,2026国考职位表/中央机关及直属机构口径（第三方镜像）,642.0,69.0,573.0,0.0,0.0,10.7,89.3,0.0,0.0,主要靠专业大类/门类岗位,税务系统(519)；海关/边检(73)；公安/移民/基层执法(31)；交通海事民航铁路(11)；生态环境/自然资源/农业水利(4)；统计调查(3),1233.0,106.93,315.0,0.0,0.0,,44.0,6.9,80.88,31.0,4.8,69.95,567.0,88.3,124.44,26.0,668.0,74.0,594.0,medium,升学后中等潜力,存在专业代码或专业名称精确匹配，并有直接学历兼容岗位。,可以考，但院校层级优势有限，更依赖岗位地区和限制条件。,区域重点/特色院校可重点面向省市县税务、执法、市场监管和事业单位路径。,应用本科可走县区基层、行政执法和地方单位，学校层级不宜夸大。,上海出入境边防检查总站|上海市公安局特勤局|上海铁路公安局|上海铁路监督管理局|中国民用航空局中南地区管理局|中国民用航空局华东地区管理局|中国民用航空局西北地区管理局|中国法学会,一级主任科员及以下|一级主办及以下（七）|一级主办及以下（九）|一级主办及以下（二十三）|一级主办及以下（二十六）|一级主办及以下（二十）|一级主办及以下（五）|一级主办及以下（八）
080701,电子信息工程,本科(普通),本科(普通),本科,工学,电子信息类,80.5,强适配,2026国考职位表/中央机关及直属机构口径（第三方镜像）,2890.0,146.0,2744.0,0.0,0.0,5.1,94.9,0.0,0.0,以对口岗位为主,税务系统(2349)；财政审计金融监管(285)；海关/边检(160)；公安/移民/基层执法(77)；交通海事民航铁路(30)；统计调查(6),5518.0,104.04,1918.0,3.0,0.1,676.0,59.0,2.0,97.36,323.0,11.2,121.76,2505.0,86.7,117.86,64.0,2956.0,149.0,2807.0,very_high,升学后中等潜力,存在专业代码或专业名称精确匹配，并有直接学历兼容岗位。,头部院校可把该专业作为中央/省级机关、选调和研究生岗位的主赛道之一。,区域重点/特色院校可重点面向省市县税务、执法、市场监管和事业单位路径。,应用本科可走县区基层、行政执法和地方单位，学校层级不宜夸大。,上海出入境边防检查总站|上海市公安局特勤局|上海海事局|上海海关|中国人民银行云南省分行|中国人民银行内蒙古自治区分行|中国人民银行吉林省分行|中国人民银行四川省分行,一级主任科员及以下|一级主任科员及以下（二）|一级主任科员及以下（四）|一级主办及以下|一级主办及以下(三)|一级主办及以下（一）|一级主办及以下（七）|一级主办及以下（三）
080704,微电子科学与工程,本科(普通),本科(普通),本科,工学,电子信息类,70.8,较强适配,2026国考职位表/中央机关及直属机构口径（第三方镜像）,2765.0,20.0,2745.0,0.0,0.0,0.7,99.3,0.0,0.0,主要靠专业大类/门类岗位,税务系统(2349)；财政审计金融监管(280)；海关/边检(63)；公安/移民/基层执法(61)；交通海事民航铁路(26)；统计调查(6),5322.0,103.18,1847.0,3.0,0.1,676.0,51.0,1.8,96.27,287.0,10.4,122.74,2424.0,87.7,115.92,61.0,2828.0,20.0,2808.0,very_high,升学后中等潜力,存在专业代码或专业名称精确匹配，并有直接学历兼容岗位。,头部院校优势主要体现在保研/读研后进入更高层级岗位。,区域重点/特色院校可重点面向省市县税务、执法、市场监管和事业单位路径。,应用本科可走县区基层、行政执法和地方单位，学校层级不宜夸大。,上海出入境边防检查总站|上海市公安局特勤局|上海海事局|中国人民银行云南省分行|中国人民银行内蒙古自治区分行|中国人民银行吉林省分行|中国人民银行四川省分行|中国人民银行大连市分行,一级主任科员及以下|一级主任科员及以下（二）|一级主任科员及以下（四）|一级主办及以下|一级主办及以下(三)|一级主办及以下（一）|一级主办及以下（七）|一级主办及以下（三）
080723TK,半导体工艺与装备,本科(普通),本科(普通),本科,工学,电子信息类,56.3,较强适配,2026国考职位表/中央机关及直属机构口径（第三方镜像）,2745.0,0.0,2745.0,0.0,0.0,0.0,100.0,0.0,0.0,主要靠专业大类/门类岗位,税务系统(2349)；财政审计金融监管(280)；公安/移民/基层执法(61)；海关/边检(43)；交通海事民航铁路(26)；统计调查(6),5293.0,102.83,1830.0,3.0,0.1,676.0,51.0,1.9,96.27,283.0,10.3,119.26,2408.0,87.7,115.68,61.0,2808.0,0.0,2808.0,high,升学后中等潜力,主要来自专业类/学科门类宽口径匹配，报考前必须核官方专业目录。,头部院校优势主要体现在保研/读研后进入更高层级岗位。,区域重点/特色院校可重点面向省市县税务、执法、市场监管和事业单位路径。,应用本科可走县区基层、行政执法和地方单位，学校层级不宜夸大。,上海出入境边防检查总站|上海市公安局特勤局|上海海事局|中国人民银行云南省分行|中国人民银行内蒙古自治区分行|中国人民银行吉林省分行|中国人民银行四川省分行|中国人民银行大连市分行,一级主任科员及以下|一级主任科员及以下（二）|一级主任科员及以下（四）|一级主办及以下|一级主办及以下(三)|一级主办及以下（一）|一级主办及以下（七）|一级主办及以下（三）
080801,自动化,本科(普通),本科(普通),本科,工学,自动化类,71.5,较强适配,2026国考职位表/中央机关及直属机构口径（第三方镜像）,941.0,98.0,843.0,0.0,0.0,10.4,89.6,0.0,0.0,主要靠专业大类/门类岗位,税务系统(786)；海关/边检(98)；公安/移民/基层执法(32)；交通海事民航铁路(11)；生态环境/自然资源/农业水利(5)；统计调查(3),1841.0,108.16,530.0,3.0,0.3,352.33,47.0,5.0,103.8,37.0,3.9,129.02,854.0,90.8,121.23,44.0,987.0,112.0,875.0,high,升学后中等潜力,存在专业代码或专业名称精确匹配，并有直接学历兼容岗位。,可以考，但院校层级优势有限，更依赖岗位地区和限制条件。,区域重点/特色院校可重点面向省市县税务、执法、市场监管和事业单位路径。,应用本科可走县区基层、行政执法和地方单位，学校层级不宜夸大。,上海出入境边防检查总站|上海市公安局特勤局|上海海关|上海铁路监督管理局|中国民用航空局中南地区管理局|中国民用航空局华东地区管理局|中国民用航空局西北地区管理局|中国法学会,一级主任科员及以下|一级主办及以下（七）|一级主办及以下（三）|一级主办及以下（九）|一级主办及以下（二十三）|一级主办及以下（二十六）|一级主办及以下（二十）|一级主办及以下（五）
080901,计算机科学与技术,本科(普通),本科(普通),本科,工学,计算机类,92.2,强适配,2026国考职位表/中央机关及直属机构口径（第三方镜像）,4155.0,763.0,3392.0,0.0,0.0,18.4,81.6,0.0,0.0,以对口岗位为主,税务系统(2918)；财政审计金融监管(598)；海关/边检(285)；统计调查(176)；公安/移民/基层执法(171)；交通海事民航铁路(77),7626.0,103.78,2855.0,12.0,0.3,349.81,78.0,1.9,133.63,602.0,14.5,114.78,3463.0,83.3,116.71,408.0,4565.0,1078.0,3487.0,very_high,升学后较强潜力,存在专业代码或专业名称精确匹配，并有直接学历兼容岗位。,头部院校可把该专业作为中央/省级机关、选调和研究生岗位的主赛道之一。,区域重点/特色院校可重点面向省市县税务、执法、市场监管和事业单位路径。,应用本科可走县区基层、行政执法和地方单位，学校层级不宜夸大。,上海出入境边防检查总站|上海市公安局特勤局|上海市邮政管理局|上海海事局|上海海关|上海海关缉私局|上海铁路公安局|中国人民银行,一处一级主任科员及以下|一处一级警长及以下|一级主任科员及以下|一级主任科员及以下一|一级主任科员及以下二|一级主任科员及以下（二）|一级主任科员及以下（四）|一级主任科员及以下（英语三）
081002,建筑环境与能源应用工程,本科(普通),本科(普通),本科,工学,土木类,55.5,较强适配,2026国考职位表/中央机关及直属机构口径（第三方镜像）,741.0,3.0,738.0,0.0,0.0,0.4,99.6,0.0,0.0,主要靠专业大类/门类岗位,税务系统(523)；财政审计金融监管(146)；公安/移民/基层执法(61)；海关/边检(26)；交通海事民航铁路(20)；统计调查(3),1434.0,118.89,409.0,6.0,0.8,331.17,26.0,3.5,62.54,167.0,22.5,123.57,542.0,73.1,137.71,188.0,929.0,4.0,925.0,high,升学后较强潜力,存在专业代码或专业名称精确匹配，并有直接学历兼容岗位。,头部院校优势主要体现在保研/读研后进入更高层级岗位。,区域重点/特色院校可重点面向省市县税务、执法、市场监管和事业单位路径。,应用本科可走县区基层、行政执法和地方单位，学校层级不宜夸大。,上海出入境边防检查总站|上海市公安局特勤局|中国井冈山干部学院|中国人民银行上海总部|中国人民银行云南省分行|中国人民银行内蒙古自治区分行|中国人民银行北京市分行|中国人民银行厦门市分行,一级主任科员及以下|一级主办及以下|一级主办及以下(三)|一级主办及以下（一）|一级主办及以下（三）|一级主办及以下（二）|一级行政执法员|一级行政执法员(一)
081014T,城市更新,本科(普通),本科(普通),本科,工学,土木类,48.8,中等适配,2026国考职位表/中央机关及直属机构口径（第三方镜像）,738.0,0.0,738.0,0.0,0.0,0.0,100.0,0.0,0.0,主要靠专业大类/门类岗位,税务系统(523)；财政审计金融监管(146)；公安/移民/基层执法(61)；海关/边检(26)；交通海事民航铁路(20)；统计调查(3),1429.0,118.12,409.0,3.0,0.4,309.0,26.0,3.5,62.54,167.0,22.6,123.57,542.0,73.4,137.71,187.0,925.0,0.0,925.0,high,升学后较强潜力,主要来自专业类/学科门类宽口径匹配，报考前必须核官方专业目录。,头部院校优势主要体现在保研/读研后进入更高层级岗位。,可作为备选路径，适合叠加党员、基层项目、应届身份等条件。,可作为基层备选，但要靠地域、应届和限制条件放大机会。,上海出入境边防检查总站|上海市公安局特勤局|中国井冈山干部学院|中国人民银行上海总部|中国人民银行云南省分行|中国人民银行内蒙古自治区分行|中国人民银行北京市分行|中国人民银行厦门市分行,一级主任科员及以下|一级主办及以下|一级主办及以下(三)|一级主办及以下（一）|一级主办及以下（三）|一级主办及以下（二）|一级行政执法员|一级行政执法员(一)
081101,水利水电工程,本科(普通),本科(普通),本科,工学,水利类,46.6,中等适配,2026国考职位表/中央机关及直属机构口径（第三方镜像）,92.0,48.0,44.0,0.0,0.0,52.2,47.8,0.0,0.0,以对口岗位为主,生态环境/自然资源/农业水利(49)；公安/移民/基层执法(28)；海关/边检(10)；税务系统(7)；交通海事民航铁路(5)；统计调查(3),119.0,256.06,33.0,2.0,2.2,491.0,16.0,17.4,44.5,19.0,20.7,96.9,55.0,59.8,470.59,57.0,149.0,71.0,78.0,medium,升学后中等潜力,存在专业代码或专业名称精确匹配，并有直接学历兼容岗位。,头部院校优势主要体现在保研/读研后进入更高层级岗位。,可作为备选路径，适合叠加党员、基层项目、应届身份等条件。,可作为基层备选，但要靠地域、应届和限制条件放大机会。,上海出入境边防检查总站|上海市公安局特勤局|中国民用航空局华东地区管理局|中国法学会|中国藏学研究中心|中央办公厅|全国总工会|公安部,一处警务技术一级主管及以下|一级主任科员及以下|一级行政执法员（三）|一级行政执法员（二）|一级行政执法员（四）|一级警长及以下（一）|一级警长及以下（七）|一级警长及以下（五）
081305T,化学工程与工业生物工程,本科(普通),本科(普通),本科,工学,化工与制药类,53.2,中等适配,2026国考职位表/中央机关及直属机构口径（第三方镜像）,233.0,24.0,209.0,0.0,0.0,10.3,89.7,0.0,0.0,主要靠专业大类/门类岗位,税务系统(135)；海关/边检(73)；公安/移民/基层执法(30)；交通海事民航铁路(5)；统计调查(3),418.0,128.55,128.0,2.0,0.9,213.5,16.0,6.9,25.38,27.0,11.6,132.34,188.0,80.7,152.74,25.0,258.0,24.0,234.0,medium,升学后中等潜力,存在专业代码或专业名称精确匹配，并有直接学历兼容岗位。,可以考，但院校层级优势有限，更依赖岗位地区和限制条件。,可作为备选路径，适合叠加党员、基层项目、应届身份等条件。,可作为基层备选，但要靠地域、应届和限制条件放大机会。,上海出入境边防检查总站|上海市公安局特勤局|中国民用航空局华东地区管理局|中国法学会|中央直属机关事务管理局|中央组织部|公安部|内蒙古出入境边防检查总站,一处一级主任科员及以下|一级主任科员及以下|一级行政执法员|一级行政执法员（一）|一级行政执法员（七）|一级行政执法员（三）|一级行政执法员（九）|一级行政执法员（二）
081509TK,稀土科学与工程,本科(普通),本科(普通),本科,工学,矿业类,40.1,中等适配,2026国考职位表/中央机关及直属机构口径（第三方镜像）,235.0,0.0,235.0,0.0,0.0,0.0,100.0,0.0,0.0,主要靠专业大类/门类岗位,税务系统(170)；海关/边检(26)；公安/移民/基层执法(26)；生态环境/自然资源/农业水利(16)；交通海事民航铁路(4)；统计调查(3),462.0,101.3,82.0,0.0,0.0,,17.0,7.2,72.59,18.0,7.7,58.11,200.0,85.1,117.89,41.0,276.0,0.0,276.0,medium,升学后中等潜力,主要来自专业类/学科门类宽口径匹配，报考前必须核官方专业目录。,可以考，但院校层级优势有限，更依赖岗位地区和限制条件。,可作为备选路径，适合叠加党员、基层项目、应届身份等条件。,可作为基层备选，但要靠地域、应届和限制条件放大机会。,上海出入境边防检查总站|上海市公安局特勤局|中国民用航空局华东地区管理局|中国法学会|公安部|内蒙古出入境边防检查总站|北京市公安局特勤局|北京铁路公安局,一级主任科员及以下|一级行政执法员|一级行政执法员(一)|一级行政执法员(三)|一级行政执法员(二)|一级行政执法员(五)|一级行政执法员(四)|一级行政执法员（一）
081606T,纤维科学与智能制造,本科(普通),本科(普通),本科,工学,纺织类,27.1,弱适配,2026国考职位表/中央机关及直属机构口径（第三方镜像）,32.0,0.0,32.0,0.0,0.0,0.0,100.0,0.0,0.0,主要靠专业大类/门类岗位,公安/移民/基层执法(29)；海关/边检(9)；交通海事民航铁路(7)；统计调查(3),47.0,48.64,0.0,0.0,0.0,,13.0,40.6,14.54,18.0,56.2,73.96,1.0,3.1,168.0,26.0,58.0,0.0,58.0,limited,升学后中等潜力,主要来自专业类/学科门类宽口径匹配，报考前必须核官方专业目录。,可以考，但院校层级优势有限，更依赖岗位地区和限制条件。,岗位窗口较窄，建议只作为就业备选项。,不适合作为普通应用院校的考公主卖点。,上海出入境边防检查总站|上海市公安局特勤局|中国民用航空局华东地区管理局|中国法学会|乌鲁木齐铁路公安局|全国总工会|公安部|内蒙古出入境边防检查总站,一级主任科员及以下|一级警长及以下（一）|一级警长及以下（七）|一级警长及以下（五）|一级警长及以下（八）|一级警长及以下（六）|业务处室一级主任科员及以下|业务处室一级主任科员及以下1
081813T,交通能源融合工程,本科(普通),本科(普通),本科,工学,交通运输类,38.9,中等适配,2026国考职位表/中央机关及直属机构口径（第三方镜像）,276.0,0.0,276.0,0.0,0.0,0.0,100.0,0.0,0.0,主要靠专业大类/门类岗位,税务系统(230)；公安/移民/基层执法(30)；海关/边检(17)；交通海事民航铁路(13)；统计调查(3),548.0,128.24,127.0,0.0,0.0,,13.0,4.7,14.54,26.0,9.4,100.58,237.0,85.9,138.53,33.0,309.0,0.0,309.0,medium,升学后中等潜力,主要来自专业类/学科门类宽口径匹配，报考前必须核官方专业目录。,可以考，但院校层级优势有限，更依赖岗位地区和限制条件。,可作为备选路径，适合叠加党员、基层项目、应届身份等条件。,可作为基层备选，但要靠地域、应届和限制条件放大机会。,上海出入境边防检查总站|上海市公安局特勤局|上海铁路公安局|中国民用航空局华东地区管理局|中国法学会|全国总工会|公安部|内蒙古出入境边防检查总站,一级主任科员及以下|一级主办及以下|一级主办及以下（一）|一级主办及以下（三）|一级主办及以下（二）|一级行政执法员|一级行政执法员（一）|一级行政执法员（七）
081907T,海洋智能与无人技术,本科(普通),本科(普通),本科,工学,海洋工程类,28.0,弱适配,2026国考职位表/中央机关及直属机构口径（第三方镜像）,44.0,0.0,44.0,0.0,0.0,0.0,100.0,0.0,0.0,主要靠专业大类/门类岗位,公安/移民/基层执法(27)；海关/边检(14)；交通海事民航铁路(10)；统计调查(3)；税务系统(1),59.0,86.29,4.0,0.0,0.0,,16.0,36.4,71.88,23.0,52.3,86.03,5.0,11.4,219.6,21.0,65.0,0.0,65.0,limited,升学后中等潜力,主要来自专业类/学科门类宽口径匹配，报考前必须核官方专业目录。,可以考，但院校层级优势有限，更依赖岗位地区和限制条件。,岗位窗口较窄，建议只作为就业备选项。,不适合作为普通应用院校的考公主卖点。,上海出入境边防检查总站|上海市公安局特勤局|中国民用航空局华东地区管理局|中国法学会|人力资源和社会保障部|公安部|内蒙古出入境边防检查总站|北京市公安局特勤局,一级主任科员及以下|一级行政执法员（七）|一级行政执法员（二十三）|一级行政执法员（二）|一级行政执法员（六）|一级行政执法员（十）|一级警长及以下（一）|一级警长及以下（七）
082201,核工程与核技术,本科(普通),本科(普通),本科,工学,核工程类,40.5,中等适配,2026国考职位表/中央机关及直属机构口径（第三方镜像）,50.0,6.0,44.0,0.0,0.0,12.0,88.0,0.0,0.0,主要靠专业大类/门类岗位,公安/移民/基层执法(26)；海关/边检(25)；生态环境/自然资源/农业水利(5)；交通海事民航铁路(4)；统计调查(3),72.0,66.29,7.0,0.0,0.0,,18.0,36.0,46.56,16.0,32.0,62.19,16.0,32.0,150.66,21.0,71.0,8.0,63.0,limited,升学后中等潜力,存在专业代码或专业名称精确匹配，并有直接学历兼容岗位。,可以考，但院校层级优势有限，更依赖岗位地区和限制条件。,可作为备选路径，适合叠加党员、基层项目、应届身份等条件。,可作为基层备选，但要靠地域、应届和限制条件放大机会。,上海出入境边防检查总站|上海市公安局特勤局|中国民用航空局华东地区管理局|中国法学会|公安部|内蒙古出入境边防检查总站|北京市公安局特勤局|北京铁路公安局,一级主任科员及以下|一级警长及以下（一）|一级警长及以下（七）|一级警长及以下（五）|一级警长及以下（八）|一级警长及以下（六）|业务处室一级主任科员及以下|业务处室一级主任科员及以下1
082308T,农业机器人,本科(普通),本科(普通),本科,工学,农业工程类,28.1,弱适配,2026国考职位表/中央机关及直属机构口径（第三方镜像）,39.0,0.0,39.0,0.0,0.0,0.0,100.0,0.0,0.0,主要靠专业大类/门类岗位,公安/移民/基层执法(30)；海关/边检(9)；交通海事民航铁路(8)；税务系统(6)；统计调查(3),68.0,80.41,6.0,0.0,0.0,,13.0,33.3,14.54,19.0,48.7,89.37,7.0,17.9,209.26,23.0,62.0,0.0,62.0,limited,升学后中等潜力,主要来自专业类/学科门类宽口径匹配，报考前必须核官方专业目录。,可以考，但院校层级优势有限，更依赖岗位地区和限制条件。,岗位窗口较窄，建议只作为就业备选项。,不适合作为普通应用院校的考公主卖点。,上海出入境边防检查总站|上海市公安局特勤局|上海铁路公安局|中国民用航空局中南地区管理局|中国民用航空局华东地区管理局|中国法学会|公安部|内蒙古出入境边防检查总站,一级主任科员及以下|一级行政执法员（三）|一级行政执法员（二）|一级行政执法员（五）|一级行政执法员（八）|一级行政执法员（四）|一级警长及以下（一）|一级警长及以下（七）
082502,环境工程,本科(普通),本科(普通),本科,工学,环境科学与工程类,57.6,较强适配,2026国考职位表/中央机关及直属机构口径（第三方镜像）,427.0,17.0,410.0,0.0,0.0,4.0,96.0,0.0,0.0,主要靠专业大类/门类岗位,税务系统(374)；公安/移民/基层执法(28)；海关/边检(13)；生态环境/自然资源/农业水利(11)；交通海事民航铁路(10)；统计调查(3),817.0,115.59,202.0,2.0,0.5,235.25,13.0,3.0,14.54,28.0,6.6,90.46,384.0,89.9,136.77,55.0,482.0,35.0,447.0,medium,升学后中等潜力,存在专业代码或专业名称精确匹配，并有直接学历兼容岗位。,头部院校优势主要体现在保研/读研后进入更高层级岗位。,区域重点/特色院校可重点面向省市县税务、执法、市场监管和事业单位路径。,应用本科可走县区基层、行政执法和地方单位，学校层级不宜夸大。,上海出入境边防检查总站|上海市公安局特勤局|上海海事局|中国延安干部学院|中国民用航空局华东地区管理局|中国法学会|人力资源和社会保障部|全国总工会,一级主任科员及以下|一级行政执法员|一级行政执法员(一)|一级行政执法员(三)|一级行政执法员(二)|一级行政执法员(五)|一级行政执法员(四)|一级行政执法员（一）
082601,生物医学工程,本科(普通),本科(普通),本科,工学,生物医学工程类,37.0,中等适配,2026国考职位表/中央机关及直属机构口径（第三方镜像）,39.0,10.0,29.0,0.0,0.0,25.6,74.4,0.0,0.0,主要靠专业大类/门类岗位,公安/移民/基层执法(26)；海关/边检(19)；交通海事民航铁路(4)；统计调查(3),50.0,120.7,6.0,0.0,0.0,,13.0,33.3,14.54,15.0,38.5,65.37,11.0,28.2,422.73,26.0,65.0,15.0,50.0,limited,升学后中等潜力,存在专业代码或专业名称精确匹配，并有直接学历兼容岗位。,可以考，但院校层级优势有限，更依赖岗位地区和限制条件。,可作为备选路径，适合叠加党员、基层项目、应届身份等条件。,可作为基层备选，但要靠地域、应届和限制条件放大机会。,上海出入境边防检查总站|上海市公安局特勤局|中国民用航空局华东地区管理局|中国法学会|全国总工会|公安部|内蒙古出入境边防检查总站|北京市公安局特勤局,一级主任科员及以下|一级警长及以下（一）|一级警长及以下（七）|一级警长及以下（五）|一级警长及以下（八）|一级警长及以下（六）|业务处室一级主任科员及以下|业务处室一级主任科员及以下1
082801,建筑学,本科(普通),本科(普通),本科,工学,建筑类,55.8,较强适配,2026国考职位表/中央机关及直属机构口径（第三方镜像）,492.0,15.0,477.0,0.0,0.0,3.0,97.0,0.0,0.0,主要靠专业大类/门类岗位,税务系统(436)；公安/移民/基层执法(41)；海关/边检(23)；交通海事民航铁路(8)；统计调查(3)；生态环境/自然资源/农业水利(2),942.0,124.98,207.0,6.0,1.2,269.63,16.0,3.3,23.81,36.0,7.3,109.6,434.0,88.2,143.66,36.0,528.0,25.0,503.0,medium,升学后中等潜力,存在专业代码或专业名称精确匹配，并有直接学历兼容岗位。,可以考，但院校层级优势有限，更依赖岗位地区和限制条件。,区域重点/特色院校可重点面向省市县税务、执法、市场监管和事业单位路径。,应用本科可走县区基层、行政执法和地方单位，学校层级不宜夸大。,上海出入境边防检查总站|上海市公安局特勤局|中国井冈山干部学院|中国民用航空局华东地区管理局|中国法学会|中国贸促会|中央直属机关事务管理局|云南出入境边防检查总站,一处一级主任科员及以下|一级主任科员及以下|一级主办及以下|一级主办及以下（一）|一级主办及以下（三）|一级主办及以下（二）|一级行政执法员|一级行政执法员（一）
082808T,智慧景观营造,本科(普通),本科(普通),本科,工学,建筑类,42.0,中等适配,2026国考职位表/中央机关及直属机构口径（第三方镜像）,478.0,0.0,478.0,0.0,0.0,0.0,100.0,0.0,0.0,主要靠专业大类/门类岗位,税务系统(436)；公安/移民/基层执法(35)；海关/边检(15)；交通海事民航铁路(7)；统计调查(3)；生态环境/自然资源/农业水利(1),921.0,121.78,204.0,3.0,0.6,261.33,15.0,3.1,21.6,29.0,6.1,128.59,431.0,90.2,136.41,26.0,504.0,0.0,504.0,medium,升学后中等潜力,主要来自专业类/学科门类宽口径匹配，报考前必须核官方专业目录。,可以考，但院校层级优势有限，更依赖岗位地区和限制条件。,可作为备选路径，适合叠加党员、基层项目、应届身份等条件。,可作为基层备选，但要靠地域、应届和限制条件放大机会。,上海出入境边防检查总站|上海市公安局特勤局|中国井冈山干部学院|中国民用航空局华东地区管理局|中国法学会|云南出入境边防检查总站|公安部|内蒙古出入境边防检查总站,一级主任科员及以下|一级主办及以下|一级主办及以下（一）|一级主办及以下（三）|一级主办及以下（二）|一级行政执法员|一级行政执法员（一）|一级行政执法员（七）
083004T,生物制造,本科(普通),本科(普通),本科,工学,生物工程类,28.9,弱适配,2026国考职位表/中央机关及直属机构口径（第三方镜像）,43.0,0.0,43.0,0.0,0.0,0.0,100.0,0.0,0.0,主要靠专业大类/门类岗位,公安/移民/基层执法(27)；海关/边检(22)；交通海事民航铁路(5)；统计调查(3),66.0,95.53,13.0,0.0,0.0,,13.0,30.2,14.54,16.0,37.2,81.03,14.0,32.6,210.75,22.0,65.0,0.0,65.0,limited,升学后中等潜力,主要来自专业类/学科门类宽口径匹配，报考前必须核官方专业目录。,可以考，但院校层级优势有限，更依赖岗位地区和限制条件。,岗位窗口较窄，建议只作为就业备选项。,不适合作为普通应用院校的考公主卖点。,上海出入境边防检查总站|上海市公安局特勤局|中国民用航空局华东地区管理局|中国法学会|公安部|内蒙古出入境边防检查总站|北京市公安局特勤局|北京铁路公安局,一级主任科员及以下|一级警长及以下（一）|一级警长及以下（七）|一级警长及以下（五）|一级警长及以下（八）|一级警长及以下（六）|业务处室一级主任科员及以下|业务处室一级主任科员及以下1
083113TK,低空安全管理,本科(普通),本科(普通),本科,工学,公安技术类,30.0,弱适配,2026国考职位表/中央机关及直属机构口径（第三方镜像）,53.0,0.0,53.0,0.0,0.0,0.0,100.0,0.0,0.0,主要靠专业大类/门类岗位,公安/移民/基层执法(26)；财政审计金融监管(24)；海关/边检(9)；交通海事民航铁路(4)；统计调查(3),70.0,86.31,17.0,0.0,0.0,,17.0,32.1,109.71,35.0,66.0,98.51,1.0,1.9,168.0,18.0,72.0,0.0,72.0,limited,升学后中等潜力,主要来自专业类/学科门类宽口径匹配，报考前必须核官方专业目录。,可以考，但院校层级优势有限，更依赖岗位地区和限制条件。,岗位窗口较窄，建议只作为就业备选项。,不适合作为普通应用院校的考公主卖点。,上海出入境边防检查总站|上海市公安局特勤局|中国人民银行四川省分行|中国人民银行宁夏回族自治区分行|中国人民银行广东省分行|中国人民银行广西壮族自治区分行|中国人民银行新疆维吾尔自治区分行|中国人民银行河北省分行,一级主任科员及以下|一级警长及以下（一）|一级警长及以下（七）|一级警长及以下（五）|一级警长及以下（八）|一级警长及以下（六）|业务处室一级主任科员及以下|业务处室一级主任科员及以下1
090209T,盐碱地科学与工程,本科(普通),本科(普通),本科,农学,自然保护与环境生态类,32.1,弱适配,2026国考职位表/中央机关及直属机构口径（第三方镜像）,113.0,0.0,113.0,0.0,0.0,0.0,100.0,0.0,0.0,主要靠专业大类/门类岗位,税务系统(87)；公安/移民/基层执法(16)；海关/边检(10)；生态环境/自然资源/农业水利(2)；党政综合/办公厅(1),213.0,129.8,89.0,1.0,0.9,619.0,15.0,13.3,16.73,4.0,3.5,98.75,93.0,82.3,140.35,1.0,114.0,0.0,114.0,medium,升学后弱潜力,主要来自专业类/学科门类宽口径匹配，报考前必须核官方专业目录。,可以考，但院校层级优势有限，更依赖岗位地区和限制条件。,岗位窗口较窄，建议只作为就业备选项。,不适合作为普通应用院校的考公主卖点。,上海市公安局特勤局|中央直属机关事务管理局|公安部|北京市公安局特勤局|国家发展和改革委员会|国家林业和草原局驻乌鲁木齐专员办|国家林业和草原局驻内蒙古专员办|国家税务总局广西壮族自治区税务局,一级主任科员及以下|一级行政执法员|一级行政执法员（一）|一级行政执法员（七）|一级行政执法员（三）|一级行政执法员（九）|一级行政执法员（二）|一级行政执法员（五）
090605T,智慧渔业,本科(普通),本科(普通),本科,农学,水产类,29.8,弱适配,2026国考职位表/中央机关及直属机构口径（第三方镜像）,81.0,0.0,81.0,0.0,0.0,0.0,100.0,0.0,0.0,主要靠专业大类/门类岗位,海关/边检(65)；公安/移民/基层执法(19)；交通海事民航铁路(3),129.0,121.19,57.0,0.0,0.0,,13.0,16.0,14.54,15.0,18.5,132.54,53.0,65.4,191.04,2.0,83.0,0.0,83.0,limited,升学后弱潜力,主要来自专业类/学科门类宽口径匹配，报考前必须核官方专业目录。,可以考，但院校层级优势有限，更依赖岗位地区和限制条件。,岗位窗口较窄，建议只作为就业备选项。,不适合作为普通应用院校的考公主卖点。,上海市公安局特勤局|乌鲁木齐铁路公安局|公安部|北京市公安局特勤局|北京铁路公安局|南宁海关|国家发展和改革委员会|大连海关,一级主任科员及以下|一级警长及以下（一）|一级警长及以下（七）|一级警长及以下（五）|一级警长及以下（八）|一级警长及以下（六）|动植物检疫二级主办及以下|动植物检疫二级主办及以下（一）
101018TK,核医学工程,本科(普通),本科(普通),本科,医学,医学技术类,23.7,弱适配,2026国考职位表/中央机关及直属机构口径（第三方镜像）,33.0,0.0,33.0,0.0,0.0,0.0,100.0,0.0,0.0,主要靠专业大类/门类岗位,海关/边检(18)；公安/移民/基层执法(17)；交通海事民航铁路(1),36.0,150.86,11.0,1.0,3.0,11.0,13.0,39.4,14.54,4.0,12.1,122.0,15.0,45.5,304.73,4.0,37.0,0.0,37.0,limited,升学后弱潜力,主要来自专业类/学科门类宽口径匹配，报考前必须核官方专业目录。,可以考，但院校层级优势有限，更依赖岗位地区和限制条件。,岗位窗口较窄，建议只作为就业备选项。,不适合作为普通应用院校的考公主卖点。,上海出入境边防检查总站|上海市公安局特勤局|公安部|北京市公安局特勤局|国务院国有资产监督管理委员会|国家医疗保障局|国家卫生健康委员会|大连海关,一级警长及以下（一）|一级警长及以下（七）|一级警长及以下（五）|一级警长及以下（八）|一级警长及以下（六）|业务处室一级主任科员及以下|业务处室一级主任科员及以下5|卫生检疫二级主办及以下
120103,工程管理,本科(普通),本科(普通),本科,管理学,管理科学与工程类,68.7,较强适配,2026国考职位表/中央机关及直属机构口径（第三方镜像）,1618.0,25.0,1593.0,0.0,0.0,1.5,98.5,0.0,0.0,主要靠专业大类/门类岗位,税务系统(1509)；公安/移民/基层执法(50)；财政审计金融监管(27)；海关/边检(25)；交通海事民航铁路(18)；生态环境/自然资源/农业水利(6),3439.0,91.98,1104.0,6.0,0.4,416.73,31.0,1.9,215.9,97.0,6.0,105.84,1484.0,91.7,106.46,66.0,1684.0,36.0,1648.0,high,升学后中等潜力,存在专业代码或专业名称精确匹配，并有直接学历兼容岗位。,头部院校优势主要体现在保研/读研后进入更高层级岗位。,区域重点/特色院校可重点面向省市县税务、执法、市场监管和事业单位路径。,应用本科可走县区基层、行政执法和地方单位，学校层级不宜夸大。,上海出入境边防检查总站|上海市公安局特勤局|上海铁路公安局|东北虎豹国家公园管理局|中国井冈山干部学院|中国工程院|中国残联|中国民用航空局中南地区管理局,一处一级主任科员及以下|一处一级警长及以下|一处警务技术一级主管及以下|一级主任科员及以下|一级主任科员及以下（二）|一级主办及以下|一级主办及以下（一）|一级主办及以下（七）
120219TK,商业人工智能,本科(普通),本科(普通),本科,管理学,工商管理类,55.7,较强适配,2026国考职位表/中央机关及直属机构口径（第三方镜像）,2461.0,0.0,2461.0,0.0,0.0,0.0,100.0,0.0,0.0,主要靠专业大类/门类岗位,税务系统(2307)；公安/移民/基层执法(73)；交通海事民航铁路(41)；海关/边检(36)；统计调查(32)；财政审计金融监管(17),5206.0,86.51,1526.0,4.0,0.2,420.62,30.0,1.2,99.9,126.0,5.1,96.37,2301.0,93.5,98.1,93.0,2554.0,0.0,2554.0,high,升学后中等潜力,主要来自专业类/学科门类宽口径匹配，报考前必须核官方专业目录。,头部院校优势主要体现在保研/读研后进入更高层级岗位。,区域重点/特色院校可重点面向省市县税务、执法、市场监管和事业单位路径。,应用本科可走县区基层、行政执法和地方单位，学校层级不宜夸大。,上海出入境边防检查总站|上海市公安局特勤局|上海海关缉私局|上海铁路公安局|东北虎豹国家公园管理局|中国井冈山干部学院|中国地质调查局|中国外文局,一处一级警长及以下|一级主任科员及以下|一级主任科员及以下一|一级主任科员及以下（二）|一级主办及以下|一级主办及以下(一)|一级主办及以下(二)|一级主办及以下（一）
120422TK,数字公共治理,本科(普通),本科(普通),本科,管理学,公共管理类,52.9,中等适配,2026国考职位表/中央机关及直属机构口径（第三方镜像）,1683.0,0.0,1683.0,0.0,0.0,0.0,100.0,0.0,0.0,主要靠专业大类/门类岗位,税务系统(1588)；公安/移民/基层执法(47)；财政审计金融监管(27)；交通海事民航铁路(22)；海关/边检(21)；统计调查(1),3553.0,82.25,845.0,3.0,0.2,100.67,27.0,1.6,105.43,90.0,5.3,147.79,1563.0,92.9,92.44,66.0,1749.0,0.0,1749.0,high,升学后中等潜力,主要来自专业类/学科门类宽口径匹配，报考前必须核官方专业目录。,头部院校优势主要体现在保研/读研后进入更高层级岗位。,可作为备选路径，适合叠加党员、基层项目、应届身份等条件。,可作为基层备选，但要靠地域、应届和限制条件放大机会。,上海出入境边防检查总站|上海市公安局特勤局|上海市邮政管理局|上海铁路公安局|东北虎豹国家公园管理局|中国井冈山干部学院|中国人民银行四川省分行|中国人民银行宁夏回族自治区分行,一处一级主任科员及以下|一级主任科员及以下|一级主任科员及以下一|一级主任科员及以下二|一级主办及以下|一级主办及以下（一）|一级主办及以下（三）|一级主办及以下（二十一）
120504T,数据资源与数据智能,本科(普通),本科(普通),本科,管理学,图书情报与档案管理类,49.1,中等适配,2026国考职位表/中央机关及直属机构口径（第三方镜像）,661.0,0.0,661.0,0.0,0.0,0.0,100.0,0.0,0.0,主要靠专业大类/门类岗位,税务系统(615)；公安/移民/基层执法(37)；海关/边检(14)；交通海事民航铁路(14)；财政审计金融监管(4),1335.0,79.77,484.0,0.0,0.0,,29.0,4.4,93.62,31.0,4.7,48.4,601.0,90.9,95.39,29.0,690.0,0.0,690.0,medium,升学后中等潜力,主要来自专业类/学科门类宽口径匹配，报考前必须核官方专业目录。,可以考，但院校层级优势有限，更依赖岗位地区和限制条件。,可作为备选路径，适合叠加党员、基层项目、应届身份等条件。,可作为基层备选，但要靠地域、应届和限制条件放大机会。,上海出入境边防检查总站|上海市公安局特勤局|中国残联|中国藏学研究中心|中国证券监督管理委员会广东监管局|中国证券监督管理委员会广西监管局|中国证券监督管理委员会新疆监管局|中国证券监督管理委员会江苏监管局,一处一级警长及以下|一级主任科员及以下|一级主办及以下|一级主办及以下（一）|一级主办及以下（三）|一级主办及以下（二十一）|一级主办及以下（二十四）|一级主办及以下（二）
120701,工业工程,本科(普通),本科(普通),本科,管理学,工业工程类,48.4,中等适配,2026国考职位表/中央机关及直属机构口径（第三方镜像）,378.0,1.0,377.0,0.0,0.0,0.3,99.7,0.0,0.0,主要靠专业大类/门类岗位,税务系统(349)；公安/移民/基层执法(27)；海关/边检(11)；交通海事民航铁路(4)；市场监管/知识产权(1),860.0,73.66,245.0,1.0,0.3,126.0,13.0,3.4,14.54,14.0,3.7,51.68,350.0,92.6,84.24,23.0,401.0,3.0,398.0,medium,升学后中等潜力,存在专业代码或专业名称精确匹配，并有直接学历兼容岗位。,可以考，但院校层级优势有限，更依赖岗位地区和限制条件。,可作为备选路径，适合叠加党员、基层项目、应届身份等条件。,可作为基层备选，但要靠地域、应届和限制条件放大机会。,上海出入境边防检查总站|上海市公安局特勤局|公安部|内蒙古出入境边防检查总站|北京市公安局特勤局|北京铁路公安局|南宁铁路公安局|国务院参事室,一级主任科员及以下|一级主办及以下|一级主办及以下（一）|一级主办及以下（二）|一级行政执法员|一级行政执法员（一）|一级行政执法员（七）|一级行政执法员（三）
120906TK,数字文旅,本科(普通),本科(普通),本科,管理学,旅游管理类,25.9,弱适配,2026国考职位表/中央机关及直属机构口径（第三方镜像）,28.0,0.0,28.0,0.0,0.0,0.0,100.0,0.0,0.0,主要靠专业大类/门类岗位,公安/移民/基层执法(28)；海关/边检(10)；交通海事民航铁路(5),37.0,59.14,0.0,0.0,0.0,,13.0,46.4,14.54,15.0,53.6,86.9,0.0,0.0,,17.0,45.0,0.0,45.0,limited,升学后中等潜力,主要来自专业类/学科门类宽口径匹配，报考前必须核官方专业目录。,可以考，但院校层级优势有限，更依赖岗位地区和限制条件。,岗位窗口较窄，建议只作为就业备选项。,不适合作为普通应用院校的考公主卖点。,上海出入境边防检查总站|上海市公安局特勤局|公安部|内蒙古出入境边防检查总站|北京市公安局特勤局|北京铁路公安局|南宁铁路公安局|国务院参事室,一级主任科员及以下|一级警长及以下（一）|一级警长及以下（七）|一级警长及以下（五）|一级警长及以下（八）|一级警长及以下（六）|业务处室一级主任科员及以下|业务处室一级主任科员及以下2
130216T,乐器智造,本科(普通),本科(普通),本科,艺术学,音乐与舞蹈学类,15.8,弱适配,2026国考职位表/中央机关及直属机构口径（第三方镜像）,25.0,0.0,25.0,0.0,0.0,0.0,100.0,0.0,0.0,主要靠专业大类/门类岗位,公安/移民/基层执法(25)；交通海事民航铁路(7)；海关/边检(5),30.0,207.1,0.0,0.0,0.0,,13.0,52.0,14.54,12.0,48.0,327.06,0.0,0.0,,2.0,27.0,0.0,27.0,limited,升学后弱潜力,主要来自专业类/学科门类宽口径匹配，报考前必须核官方专业目录。,可以考，但院校层级优势有限，更依赖岗位地区和限制条件。,岗位窗口较窄，建议只作为就业备选项。,不适合作为普通应用院校的考公主卖点。,上海市公安局特勤局|上海铁路公安局|云南出入境边防检查总站|公安部|兰州铁路公安局|北京市公安局特勤局|呼和浩特铁路公安局|山东省公安厅特勤局,一级警长及以下（一）|一级警长及以下（七）|一级警长及以下（五）|一级警长及以下（八）|一级警长及以下（六）|兰州铁路公安处基层所队民警|包头铁路公安处基层所队民警|宁波边检站一级警长及以下（三）
130415T,艺术治疗,本科(普通),本科(普通),本科,艺术学,美术学类,19.6,弱适配,2026国考职位表/中央机关及直属机构口径（第三方镜像）,18.0,0.0,18.0,0.0,0.0,0.0,100.0,0.0,0.0,主要靠专业大类/门类岗位,公安/移民/基层执法(18)；海关/边检(3)；交通海事民航铁路(2),18.0,86.17,0.0,0.0,0.0,,13.0,72.2,14.54,5.0,27.8,272.4,0.0,0.0,,1.0,19.0,0.0,19.0,limited,升学后弱潜力,主要来自专业类/学科门类宽口径匹配，报考前必须核官方专业目录。,可以考，但院校层级优势有限，更依赖岗位地区和限制条件。,岗位窗口较窄，建议只作为就业备选项。,不适合作为普通应用院校的考公主卖点。,上海市公安局特勤局|上海铁路公安局|公安部|北京市公安局特勤局|山东省公安厅特勤局|广东省公安厅特勤局|广州铁路公安局|广西出入境边防检查总站,一级警长及以下（一）|一级警长及以下（七）|一级警长及以下（五）|一级警长及以下（八）|一级警长及以下（六）|平孟出入境边防检查站一级警长及以下|广州铁路公安处基层所队民警|文艺研究与评论处一级主任科员及以下
140001TK,未来机器人,本科(普通),本科(普通),本科,交叉学科,,0.0,很弱/无直接岗位,2026国考职位表/中央机关及直属机构口径（第三方镜像）,1.0,0.0,1.0,0.0,0.0,0.0,100.0,0.0,0.0,主要靠专业大类/门类岗位,海关/边检(1)；公安/移民/基层执法(1),1.0,186.0,0.0,0.0,0.0,,0.0,0.0,,1.0,100.0,186.0,0.0,0.0,,1.0,2.0,0.0,2.0,limited,升学后弱潜力,主要来自专业类/学科门类宽口径匹配，报考前必须核官方专业目录。,可以考，但院校层级优势有限，更依赖岗位地区和限制条件。,岗位窗口较窄，建议只作为就业备选项。,不适合作为普通应用院校的考公主卖点。,河北出入境边防检查总站,唐山边检站一级警长及以下（二）|黄骅边检站一级警长及以下（二）
140002TK,交叉工程,本科(普通),本科(普通),本科,交叉学科,,0.0,很弱/无直接岗位,2026国考职位表/中央机关及直属机构口径（第三方镜像）,1.0,0.0,1.0,0.0,0.0,0.0,100.0,0.0,0.0,主要靠专业大类/门类岗位,海关/边检(1)；公安/移民/基层执法(1),1.0,186.0,0.0,0.0,0.0,,0.0,0.0,,1.0,100.0,186.0,0.0,0.0,,1.0,2.0,0.0,2.0,limited,升学后弱潜力,主要来自专业类/学科门类宽口径匹配，报考前必须核官方专业目录。,可以考，但院校层级优势有限，更依赖岗位地区和限制条件。,岗位窗口较窄，建议只作为就业备选项。,不适合作为普通应用院校的考公主卖点。,河北出入境边防检查总站,唐山边检站一级警长及以下（二）|黄骅边检站一级警长及以下（二）
140003TK,低空技术与工程,本科(普通),本科(普通),本科,交叉学科,,0.0,很弱/无直接岗位,2026国考职位表/中央机关及直属机构口径（第三方镜像）,1.0,0.0,1.0,0.0,0.0,0.0,100.0,0.0,0.0,主要靠专业大类/门类岗位,海关/边检(1)；公安/移民/基层执法(1),1.0,186.0,0.0,0.0,0.0,,0.0,0.0,,1.0,100.0,186.0,0.0,0.0,,1.0,2.0,0.0,2.0,limited,升学后弱潜力,主要来自专业类/学科门类宽口径匹配，报考前必须核官方专业目录。,可以考，但院校层级优势有限，更依赖岗位地区和限制条件。,岗位窗口较窄，建议只作为就业备选项。,不适合作为普通应用院校的考公主卖点。,河北出入境边防检查总站,唐山边检站一级警长及以下（二）|黄骅边检站一级警长及以下（二）
140004TK,集成电路科学与工程,本科(普通),本科(普通),本科,交叉学科,,18.1,弱适配,2026国考职位表/中央机关及直属机构口径（第三方镜像）,2.0,1.0,1.0,0.0,0.0,50.0,50.0,0.0,0.0,以对口岗位为主,海关/边检(1)；公安/移民/基层执法(1),22.0,30.0,0.0,1.0,50.0,22.57,0.0,0.0,,1.0,50.0,186.0,0.0,0.0,,1.0,3.0,1.0,2.0,limited,升学后弱潜力,存在专业代码或专业名称精确匹配，并有直接学历兼容岗位。,可以考，但院校层级优势有限，更依赖岗位地区和限制条件。,岗位窗口较窄，建议只作为就业备选项。,不适合作为普通应用院校的考公主卖点。,商务部|河北出入境边防检查总站,一级主任科员及以下（英语三）|唐山边检站一级警长及以下（二）|黄骅边检站一级警长及以下（二）
140005T,碳中和科学与工程,本科(普通),本科(普通),本科,交叉学科,,0.0,很弱/无直接岗位,2026国考职位表/中央机关及直属机构口径（第三方镜像）,1.0,0.0,1.0,0.0,0.0,0.0,100.0,0.0,0.0,主要靠专业大类/门类岗位,海关/边检(1)；公安/移民/基层执法(1),1.0,186.0,0.0,0.0,0.0,,0.0,0.0,,1.0,100.0,186.0,0.0,0.0,,1.0,2.0,0.0,2.0,limited,升学后弱潜力,主要来自专业类/学科门类宽口径匹配，报考前必须核官方专业目录。,可以考，但院校层级优势有限，更依赖岗位地区和限制条件。,岗位窗口较窄，建议只作为就业备选项。,不适合作为普通应用院校的考公主卖点。,河北出入境边防检查总站,唐山边检站一级警长及以下（二）|黄骅边检站一级警长及以下（二）
140006T,智慧城市与空间规划,本科(普通),本科(普通),本科,交叉学科,,0.0,很弱/无直接岗位,2026国考职位表/中央机关及直属机构口径（第三方镜像）,1.0,0.0,1.0,0.0,0.0,0.0,100.0,0.0,0.0,主要靠专业大类/门类岗位,海关/边检(1)；公安/移民/基层执法(1),1.0,186.0,0.0,0.0,0.0,,0.0,0.0,,1.0,100.0,186.0,0.0,0.0,,1.0,2.0,0.0,2.0,limited,升学后弱潜力,主要来自专业类/学科门类宽口径匹配，报考前必须核官方专业目录。,可以考，但院校层级优势有限，更依赖岗位地区和限制条件。,岗位窗口较窄，建议只作为就业备选项。,不适合作为普通应用院校的考公主卖点。,河北出入境边防检查总站,唐山边检站一级警长及以下（二）|黄骅边检站一级警长及以下（二）
140007T,智能医学工程,本科(普通),本科(普通),本科,交叉学科,,0.3,很弱/无直接岗位,2026国考职位表/中央机关及直属机构口径（第三方镜像）,1.0,0.0,1.0,0.0,0.0,0.0,100.0,0.0,0.0,主要靠专业大类/门类岗位,海关/边检(1)；公安/移民/基层执法(1),1.0,186.0,0.0,0.0,0.0,,0.0,0.0,,1.0,100.0,186.0,0.0,0.0,,2.0,3.0,1.0,2.0,limited,升学后弱潜力,主要来自专业类/学科门类宽口径匹配，报考前必须核官方专业目录。,可以考，但院校层级优势有限，更依赖岗位地区和限制条件。,岗位窗口较窄，建议只作为就业备选项。,不适合作为普通应用院校的考公主卖点。,国家知识产权局|河北出入境边防检查总站,唐山边检站一级警长及以下（二）|生物领域一级主任科员及以下|黄骅边检站一级警长及以下（二）
140008T,生物医药数据科学,本科(普通),本科(普通),本科,交叉学科,,0.0,很弱/无直接岗位,2026国考职位表/中央机关及直属机构口径（第三方镜像）,1.0,0.0,1.0,0.0,0.0,0.0,100.0,0.0,0.0,主要靠专业大类/门类岗位,海关/边检(1)；公安/移民/基层执法(1),1.0,186.0,0.0,0.0,0.0,,0.0,0.0,,1.0,100.0,186.0,0.0,0.0,,1.0,2.0,0.0,2.0,limited,升学后弱潜力,主要来自专业类/学科门类宽口径匹配，报考前必须核官方专业目录。,可以考，但院校层级优势有限，更依赖岗位地区和限制条件。,岗位窗口较窄，建议只作为就业备选项。,不适合作为普通应用院校的考公主卖点。,河北出入境边防检查总站,唐山边检站一级警长及以下（二）|黄骅边检站一级警长及以下（二）
140009T,智能影像工程,本科(普通),本科(普通),本科,交叉学科,,0.0,很弱/无直接岗位,2026国考职位表/中央机关及直属机构口径（第三方镜像）,1.0,0.0,1.0,0.0,0.0,0.0,100.0,0.0,0.0,主要靠专业大类/门类岗位,海关/边检(1)；公安/移民/基层执法(1),1.0,186.0,0.0,0.0,0.0,,0.0,0.0,,1.0,100.0,186.0,0.0,0.0,,1.0,2.0,0.0,2.0,limited,升学后弱潜力,主要来自专业类/学科门类宽口径匹配，报考前必须核官方专业目录。,可以考，但院校层级优势有限，更依赖岗位地区和限制条件。,岗位窗口较窄，建议只作为就业备选项。,不适合作为普通应用院校的考公主卖点。,河北出入境边防检查总站,唐山边检站一级警长及以下（二）|黄骅边检站一级警长及以下（二）
140010TK,医工学,本科(普通),本科(普通),本科,交叉学科,,0.0,很弱/无直接岗位,2026国考职位表/中央机关及直属机构口径（第三方镜像）,1.0,0.0,1.0,0.0,0.0,0.0,100.0,0.0,0.0,主要靠专业大类/门类岗位,海关/边检(1)；公安/移民/基层执法(1),1.0,186.0,0.0,0.0,0.0,,0.0,0.0,,1.0,100.0,186.0,0.0,0.0,,1.0,2.0,0.0,2.0,limited,升学后弱潜力,主要来自专业类/学科门类宽口径匹配，报考前必须核官方专业目录。,可以考，但院校层级优势有限，更依赖岗位地区和限制条件。,岗位窗口较窄，建议只作为就业备选项。,不适合作为普通应用院校的考公主卖点。,河北出入境边防检查总站,唐山边检站一级警长及以下（二）|黄骅边检站一级警长及以下（二）
140011TK,医疗器械与装备工程,本科(普通),本科(普通),本科,交叉学科,,0.3,很弱/无直接岗位,2026国考职位表/中央机关及直属机构口径（第三方镜像）,1.0,0.0,1.0,0.0,0.0,0.0,100.0,0.0,0.0,主要靠专业大类/门类岗位,海关/边检(1)；公安/移民/基层执法(1),1.0,186.0,0.0,0.0,0.0,,0.0,0.0,,1.0,100.0,186.0,0.0,0.0,,2.0,3.0,1.0,2.0,limited,升学后弱潜力,主要来自专业类/学科门类宽口径匹配，报考前必须核官方专业目录。,可以考，但院校层级优势有限，更依赖岗位地区和限制条件。,岗位窗口较窄，建议只作为就业备选项。,不适合作为普通应用院校的考公主卖点。,国家知识产权局|河北出入境边防检查总站,医疗器械与控制领域一级主任科员及以下|唐山边检站一级警长及以下（二）|黄骅边检站一级警长及以下（二）
140012TK,具身智能,本科(普通),本科(普通),本科,交叉学科,,0.0,很弱/无直接岗位,2026国考职位表/中央机关及直属机构口径（第三方镜像）,1.0,0.0,1.0,0.0,0.0,0.0,100.0,0.0,0.0,主要靠专业大类/门类岗位,海关/边检(1)；公安/移民/基层执法(1),1.0,186.0,0.0,0.0,0.0,,0.0,0.0,,1.0,100.0,186.0,0.0,0.0,,1.0,2.0,0.0,2.0,limited,升学后弱潜力,主要来自专业类/学科门类宽口径匹配，报考前必须核官方专业目录。,可以考，但院校层级优势有限，更依赖岗位地区和限制条件。,岗位窗口较窄，建议只作为就业备选项。,不适合作为普通应用院校的考公主卖点。,河北出入境边防检查总站,唐山边检站一级警长及以下（二）|黄骅边检站一级警长及以下（二）
140013TK,脑机科学与技术,本科(普通),本科(普通),本科,交叉学科,,0.0,很弱/无直接岗位,2026国考职位表/中央机关及直属机构口径（第三方镜像）,1.0,0.0,1.0,0.0,0.0,0.0,100.0,0.0,0.0,主要靠专业大类/门类岗位,海关/边检(1)；公安/移民/基层执法(1),1.0,186.0,0.0,0.0,0.0,,0.0,0.0,,1.0,100.0,186.0,0.0,0.0,,1.0,2.0,0.0,2.0,limited,升学后弱潜力,主要来自专业类/学科门类宽口径匹配，报考前必须核官方专业目录。,可以考，但院校层级优势有限，更依赖岗位地区和限制条件。,岗位窗口较窄，建议只作为就业备选项。,不适合作为普通应用院校的考公主卖点。,河北出入境边防检查总站,唐山边检站一级警长及以下（二）|黄骅边检站一级警长及以下（二）
140014T,工程互联网,本科(普通),本科(普通),本科,交叉学科,,0.0,很弱/无直接岗位,2026国考职位表/中央机关及直属机构口径（第三方镜像）,1.0,0.0,1.0,0.0,0.0,0.0,100.0,0.0,0.0,主要靠专业大类/门类岗位,海关/边检(1)；公安/移民/基层执法(1),1.0,186.0,0.0,0.0,0.0,,0.0,0.0,,1.0,100.0,186.0,0.0,0.0,,1.0,2.0,0.0,2.0,limited,升学后弱潜力,主要来自专业类/学科门类宽口径匹配，报考前必须核官方专业目录。,可以考，但院校层级优势有限，更依赖岗位地区和限制条件。,岗位窗口较窄，建议只作为就业备选项。,不适合作为普通应用院校的考公主卖点。,河北出入境边防检查总站,唐山边检站一级警长及以下（二）|黄骅边检站一级警长及以下（二）
140015T,深地科学与工程,本科(普通),本科(普通),本科,交叉学科,,0.0,很弱/无直接岗位,2026国考职位表/中央机关及直属机构口径（第三方镜像）,1.0,0.0,1.0,0.0,0.0,0.0,100.0,0.0,0.0,主要靠专业大类/门类岗位,海关/边检(1)；公安/移民/基层执法(1),1.0,186.0,0.0,0.0,0.0,,0.0,0.0,,1.0,100.0,186.0,0.0,0.0,,1.0,2.0,0.0,2.0,limited,升学后弱潜力,主要来自专业类/学科门类宽口径匹配，报考前必须核官方专业目录。,可以考，但院校层级优势有限，更依赖岗位地区和限制条件。,岗位窗口较窄，建议只作为就业备选项。,不适合作为普通应用院校的考公主卖点。,河北出入境边防检查总站,唐山边检站一级警长及以下（二）|黄骅边检站一级警长及以下（二）
