id,special_id,code,special_name,special_type,type_name,level2_code,level2_name,level3_code,level3_name,degree,limit_year,year,ruanke_rank,salaryavg,fivesalaryavg
9242,1,010101,哲学,本科(普通),,01,哲学,34,哲学类,哲学学士,四年,,,0,19200
9729,2,010102,逻辑学,本科(普通),,01,哲学,34,哲学类,哲学学士,四年,,,209059,27700
9699,3,010103K,宗教学,本科(普通),,01,哲学,34,哲学类,哲学学士,四年,,,0,18100
9243,1098,010104T,伦理学,本科(普通),,01,哲学,34,哲学类,哲学学士,四年,,,0,15800
9852,4,020101,经济学,本科(普通),,02,经济学,0201,经济学类,经济学学士,四年,,,121662,18000
9940,5,020102,经济统计学,本科(普通),,02,经济学,0201,经济学类,经济学学士,四年,,,130347,23100
9192,1099,020103T,国民经济管理,本科(普通),,02,经济学,0201,经济学类,经济学学士,四年,,,95108,17600
9482,1100,020104T,资源与环境经济学,本科(普通),,02,经济学,0201,经济学类,经济学学士,四年,,,107935,24100
9135,1101,020105T,商务经济学,本科(普通),,02,经济学,0201,经济学类,经济学学士,四年,,,0,21000
9375,1102,020106T,能源经济,本科(普通),,02,经济学,0201,经济学类,经济学学士,四年,,,106064,18800
10431,8318,020107T,劳动经济学,本科(普通),,02,经济学,0201,经济学类,经济学学士,四年,,,121775,0
10508,8319,020108T,经济工程,本科(普通),,02,经济学,0201,经济学类,经济学学士,四年,,,0,0
10091,8320,020109T,数字经济,本科(普通),,02,经济学,0201,经济学类,经济学学士,四年,,,174674,0
9756,6,020201K,财政学,本科(普通),,02,经济学,36,财政学类,经济学学士,四年,,,121819,15900
9613,7,020202,税收学,本科(普通),,02,经济学,36,财政学类,经济学学士,四年,,,135532,19300
10588,9321,020203TK,国际税收,本科(普通),,02,经济学,36,财政学类,经济学学士,四年,,,106467,0
9762,8,020301K,金融学,本科(普通),,02,经济学,0203,金融学类,经济学学士,四年,,,119952,20800
10349,9,020302,金融工程,本科(普通),,02,经济学,0203,金融学类,经济学学士,四年,,,127339,23600
9392,10,020303,保险学,本科(普通),,02,经济学,0203,金融学类,经济学学士,四年,,,123841,20700
9495,11,020304,投资学,本科(普通),,02,经济学,0203,金融学类,经济学学士,四年,,,123796,22500
9531,1103,020305T,金融数学,本科(普通),,02,经济学,0203,金融学类,经济学学士,四年,,,134393,18900
9436,1104,020306T,信用管理,本科(普通),,02,经济学,0203,金融学类,"经济学学士,管理学学士",四年,,,126595,19200
9435,1105,020307T,经济与金融,本科(普通),,02,经济学,0203,金融学类,经济学学士,四年,,,122479,30400
9235,1263,020308T,精算学,本科(普通),,02,经济学,0203,金融学类,"经济学学士,理学学士",四年,,,132253,0
10152,8321,020309T,互联网金融,本科(普通),,02,经济学,0203,金融学类,经济学学士,四年,,,131177,0
10115,8322,020310T,金融科技,本科(普通),,02,经济学,0203,金融学类,经济学学士,四年,,,135219,0
10573,9774,020311TK,金融审计,本科(普通),,02,经济学,0203,金融学类,经济学学士,四年,,,134975,0
9261,12,020401,国际经济与贸易,本科(普通),,02,经济学,0204,经济与贸易类,经济学学士,四年,,,117009,17700
9389,13,020402,贸易经济,本科(普通),,02,经济学,0204,经济与贸易类,经济学学士,四年,,,121826,18500
10908,9322,020403T,国际经济发展合作,本科(普通),,02,经济学,0204,经济与贸易类,经济学学士,四年,,,92188,0
9116,14,030101K,法学,本科(普通),,03,法学,39,法学类,法学学士,四年,,,125687,18500
9154,1106,030102T,知识产权,本科(普通),,03,法学,39,法学类,法学学士,四年,,,122689,19400
9348,1107,030103T,监狱学,本科(普通),,03,法学,39,法学类,法学学士,四年,,,124677,9700
10538,8323,030104T,信用风险管理与法律防控,本科(普通),,03,法学,39,法学类,法学学士,四年,,,125310,0
10446,8324,030105T,国际经贸规则,本科(普通),,03,法学,39,法学类,法学学士,四年,,,125310,0
10398,8325,030106TK,司法警察学,本科(普通),,03,法学,39,法学类,法学学士,四年,,,125310,0
10214,8326,030107TK,社区矫正,本科(普通),,03,法学,39,法学类,法学学士,四年,,,125310,0
10692,9323,030108TK,纪检监察,本科(普通),,03,法学,39,法学类,法学学士,四年,,,125310,0
10855,9775,030109TK,国际法,本科(普通),,03,法学,39,法学类,法学学士,四年,,,131093,0
10602,9776,030110TK,司法鉴定学,本科(普通),,03,法学,39,法学类,法学学士,四年,,,161335,0
10627,9871,030111TK,国家安全学,本科(普通),,03,法学,39,法学类,法学学士,四年,,,0,0
10586,9872,030112TK,海外利益安全,本科(普通),,03,法学,39,法学类,法学学士,四年,,,157641,0
9503,15,030201,政治学与行政学,本科(普通),,03,法学,40,政治学类,法学学士,四年,,,125877,16300
9088,16,030202,国际政治,本科(普通),,03,法学,40,政治学类,法学学士,四年,,,126792,18600
9198,17,030203,外交学,本科(普通),,03,法学,40,政治学类,法学学士,四年,,,115223,19100
9530,1108,030204T,国际事务与国际关系,本科(普通),,03,法学,40,政治学类,法学学士,四年,,,91911,24500
9338,1109,030205T,政治学、经济学与哲学,本科(普通),,03,法学,40,政治学类,法学学士,四年,,,140563,19400
10334,8327,030206TK,国际组织与全球治理,本科(普通),,03,法学,40,政治学类,法学学士,四年,,,94897,0
9186,18,030301,社会学,本科(普通),,03,法学,41,社会学类,法学学士,四年,,,130726,17900
9384,19,030302,社会工作,本科(普通),,03,法学,41,社会学类,法学学士,四年,,,122070,14800
9362,1110,030303T,人类学,本科(普通),,03,法学,41,社会学类,法学学士,四年,,,140352,14600
9410,1111,030304T,女性学,本科(普通),,03,法学,41,社会学类,法学学士,四年,,,0,10500
9226,1112,030305T,家政学,本科(普通),,03,法学,41,社会学类,法学学士,四年,,,0,9400
10457,8707,030306T,老年学,本科(普通),,03,法学,41,社会学类,法学学士,四年,,,98725,0
10168,8794,030307T,社会政策,本科(普通),,03,法学,41,社会学类,法学学士,四年,,,135955,0
10053,20,030401,民族学,本科(普通),,03,法学,42,民族学类,法学学士,四年,,,132757,13100
9631,21,030501,科学社会主义,本科(普通),,03,法学,43,马克思主义理论类,法学学士,四年,,,127709,17200
9770,22,030502,中国共产党历史,本科(普通),,03,法学,43,马克思主义理论类,法学学士,四年,,,0,16800
9995,23,030503,思想政治教育,本科(普通),,03,法学,43,马克思主义理论类,法学学士,四年,,,122508,13000
10487,8328,030504T,马克思主义理论,本科(普通),,03,法学,43,马克思主义理论类,法学学士,四年,,,143067,0
10607,9777,030505TK,工会学,本科(普通),,03,法学,43,马克思主义理论类,法学学士,四年,,,133334,0
9586,24,030601K,治安学,本科(普通),,03,法学,0306,公安学类,法学学士,四年,,,122300,15700
9638,25,030602K,侦查学,本科(普通),,03,法学,0306,公安学类,法学学士,四年,,,122300,15400
9933,26,030603K,边防管理,本科(普通),,03,法学,0306,公安学类,法学学士,四年,,,123899,13500
9092,1113,030604TK,禁毒学,本科(普通),,03,法学,0306,公安学类,法学学士,四年,,,0,10000
9323,1114,030605TK,警犬技术,本科(普通),,03,法学,0306,公安学类,法学学士,四年,,,140640,14500
9188,1115,030606TK,经济犯罪侦查,本科(普通),,03,法学,0306,公安学类,法学学士,四年,,,138495,15200
9387,1116,030607TK,边防指挥,本科(普通),,03,法学,0306,公安学类,法学学士,四年,,,0,14800
9408,1117,030608TK,消防指挥,本科(普通),,03,法学,0306,公安学类,法学学士,四年,,,0,14200
9160,1118,030609TK,警卫学,本科(普通),,03,法学,0306,公安学类,法学学士,四年,,,0,15100
9416,1119,030610TK,公安情报学,本科(普通),,03,法学,0306,公安学类,法学学士,四年,,,0,14500
9275,1120,030611TK,犯罪学,本科(普通),,03,法学,0306,公安学类,法学学士,四年,,,156272,15600
9409,1121,030612TK,公安管理学,本科(普通),,03,法学,0306,公安学类,法学学士,四年,,,156272,16400
9234,1122,030613TK,涉外警务,本科(普通),,03,法学,0306,公安学类,法学学士,四年,,,152593,14800
9267,1123,030614TK,国内安全保卫,本科(普通),,03,法学,0306,公安学类,法学学士,四年,,,126129,13300
9136,1124,030615TK,警务指挥与战术,本科(普通),,03,法学,0306,公安学类,法学学士,四年,,,124531,14800
10453,8329,030616TK,技术侦查学,本科(普通),,03,法学,0306,公安学类,法学学士,四年,,,146330,0
10120,8330,030617TK,海警执法,本科(普通),,03,法学,0306,公安学类,法学学士,四年,,,156272,0
10144,8331,030618TK,公安政治工作,本科(普通),,03,法学,0306,公安学类,法学学士,四年,,,135195,0
10323,8332,030619TK,移民管理,本科(普通),,03,法学,0306,公安学类,法学学士,四年,,,151739,0
10187,8333,030620TK,出入境管理,本科(普通),,03,法学,0306,公安学类,法学学士,四年,,,90296,0
10261,8795,030621TK,反恐警务,本科(普通),,03,法学,0306,公安学类,法学学士,四年,,,150920,0
10092,8796,030622TK,消防政治工作,本科(普通),,03,法学,0306,公安学类,法学学士,四年,,,118884,0
10915,9324,030623TK,铁路警务,本科(普通),,03,法学,0306,公安学类,法学学士,四年,,,0,0
9957,27,040101,教育学,本科(普通),,04,教育学,45,教育学类,教育学学士,四年,,,110637,16100
9672,28,040102,科学教育,本科(普通),,04,教育学,45,教育学类,教育学学士,四年,,,102601,13700
9714,29,040103,人文教育,本科(普通),,04,教育学,45,教育学类,教育学学士,四年,,,97831,12400
9892,30,040104,教育技术学,本科(普通),,04,教育学,45,教育学类,"教育学学士,理学学士,工学学士",四年,,,128175,14600
9813,31,040105,艺术教育,本科(普通),,04,教育学,45,教育学类,"教育学学士,艺术学学士",四年,,,90351,13100
9719,32,040106,学前教育,本科(普通),,04,教育学,45,教育学类,教育学学士,四年,,,101581,13100
9633,33,040107,小学教育,本科(普通),,04,教育学,45,教育学类,教育学学士,四年,,,101581,12400
10003,34,040108,特殊教育,本科(普通),,04,教育学,45,教育学类,教育学学士,四年,,,109146,15100
9180,1125,040109T,华文教育,本科(普通),,04,教育学,45,教育学类,教育学学士,四年,,,128658,15300
9450,1264,040110TK,教育康复学,本科(普通),,04,教育学,45,教育学类,教育学学士,四年,,,97570,0
10172,8334,040111T,卫生教育,本科(普通),,04,教育学,45,教育学类,教育学学士,四年,,,95883,0
10503,8335,040112T,认知科学与技术,本科(普通),,04,教育学,45,教育学类,教育学学士,四年,,,124531,0
10074,8797,040113T,融合教育,本科(普通),,04,教育学,45,教育学类,教育学学士,四年,,,0,0
10759,9325,040114TK,劳动教育,本科(普通),,04,教育学,45,教育学类,教育学学士,四年,,,119904,0
10596,9778,040115T,家庭教育,本科(普通),,04,教育学,45,教育学类,教育学学士,四年,,,100526,0
10673,9779,040116TK,孤独症儿童教育,本科(普通),,04,教育学,45,教育学类,教育学学士,四年,,,117753,0
9139,10113,040117TK,人工智能教育,本科(普通),,04,教育学,45,教育学类,教育学学士,四年,,,0,0
9134,10114,040118T,婴幼儿发展与健康管理,本科(普通),,04,教育学,45,教育学类,"教育学学士,管理学学士",四年,,,0,0
9952,35,040201,体育教育,本科(普通),,04,教育学,0402,体育学类,教育学学士,四年,,,108280,14100
9951,36,040202K,运动训练,本科(普通),,04,教育学,0402,体育学类,教育学学士,四年,,,0,13300
9757,37,040203,社会体育指导与管理,本科(普通),,04,教育学,0402,体育学类,教育学学士,四年,,,0,13200
9565,38,040204K,武术与民族传统体育,本科(普通),,04,教育学,0402,体育学类,教育学学士,四年,,,0,12600
9686,39,040205,运动人体科学,本科(普通),,04,教育学,0402,体育学类,教育学学士,四年,,,69897,14200
9093,1126,040206T,运动康复,本科(普通),,04,教育学,0402,体育学类,"教育学学士,理学学士",四年,,,0,18600
9224,1127,040207T,休闲体育,本科(普通),,04,教育学,0402,体育学类,教育学学士,四年,,,37955,10100
10189,8336,040208T,体能训练,本科(普通),,04,教育学,0402,体育学类,教育学学士,四年,,,0,0
10199,8337,040209T,冰雪运动,本科(普通),,04,教育学,0402,体育学类,教育学学士,四年,,,0,0
10400,8338,040210TK,电子竞技运动与管理,本科(普通),,04,教育学,0402,体育学类,教育学学士,四年,,,0,0
10133,8339,040211TK,智能体育工程,本科(普通),,04,教育学,0402,体育学类,"教育学学士,工学学士",四年,,,156749,0
10495,8340,040212TK,体育旅游,本科(普通),,04,教育学,0402,体育学类,教育学学士,四年,,,37959,0
10185,8703,040213T,运动能力开发,本科(普通),,04,教育学,0402,体育学类,"教育学学士,理学学士",四年,,,144048,0
10891,9873,040214TK,足球运动,本科(普通),,04,教育学,0402,体育学类,教育学学士,四年,,,118741,0
10747,9874,040215TK,马术运动与管理,本科(普通),,04,教育学,0402,体育学类,教育学学士,四年,,,124296,0
10735,9875,040216T,体育康养,本科(普通),,04,教育学,0402,体育学类,教育学学士,四年,,,115251,0
9123,10115,040217TK,航空运动,本科(普通),,04,教育学,0402,体育学类,教育学学士,四年,,,0,0
9602,40,050101,汉语言文学,本科(普通),,05,文学,0501,中国语言文学类,文学学士,四年,,,111226,14800
9715,41,050102,汉语言,本科(普通),,05,文学,0501,中国语言文学类,文学学士,四年,,,112732,14400
9694,42,050103,汉语国际教育,本科(普通),,05,文学,0501,中国语言文学类,文学学士,四年,,,112665,16700
9635,43,050104,中国少数民族语言文学,本科(普通),,05,文学,0501,中国语言文学类,文学学士,四年,,,111594,13700
9680,44,050105,古典文献学,本科(普通),,05,文学,0501,中国语言文学类,文学学士,四年,,,109383,12700
9281,1128,050106T,应用语言学,本科(普通),,05,文学,0501,中国语言文学类,文学学士,四年,,,110816,17000
9122,1129,050107T,秘书学,本科(普通),,05,文学,0501,中国语言文学类,文学学士,四年,,,109448,11400
10206,8341,050108T,中国语言与文化,本科(普通),,05,文学,0501,中国语言文学类,文学学士,四年,,,110145,0
10087,8342,050109T,手语翻译,本科(普通),,05,文学,0501,中国语言文学类,文学学士,四年,,,119200,0
10836,9780,050110T,数字人文,本科(普通),,05,文学,0501,中国语言文学类,文学学士,四年,,,0,0
10837,9876,050111T,中国古典学,本科(普通),,05,文学,0501,中国语言文学类,文学学士,四年,,,93550,0
10710,9877,050112T,汉学与中国学,本科(普通),,05,文学,0501,中国语言文学类,文学学士,四年,,,126546,0
10914,9878,050113T,应用中文,本科(普通),,05,文学,0501,中国语言文学类,文学学士,四年,,,130344,0
10150,8343,050200T,桑戈语,本科(普通),,05,文学,0502,外国语言文学类,文学学士,四年,,,0,0
9695,46,050202,俄语,本科(普通),,05,文学,0502,外国语言文学类,文学学士,四年,,,77238,15400
9886,47,050203,德语,本科(普通),,05,文学,0502,外国语言文学类,文学学士,四年,,,77084,18400
9683,48,050204,法语,本科(普通),,05,文学,0502,外国语言文学类,文学学士,四年,,,77201,18700
10015,49,050205,西班牙语,本科(普通),,05,文学,0502,外国语言文学类,文学学士,四年,,,83413,23600
9959,50,050206,阿拉伯语,本科(普通),,05,文学,0502,外国语言文学类,文学学士,四年,,,76977,23800
10025,51,050207,日语,本科(普通),,05,文学,0502,外国语言文学类,文学学士,四年,,,77821,15400
9592,52,050208,波斯语,本科(普通),,05,文学,0502,外国语言文学类,文学学士,四年,,,0,22500
9858,53,050209,朝鲜语,本科(普通),,05,文学,0502,外国语言文学类,文学学士,四年,,,71319,16200
9783,54,050210,菲律宾语,本科(普通),,05,文学,0502,外国语言文学类,文学学士,四年,,,111981,20600
10121,8344,0502100T,语言学,本科(普通),,05,文学,0502,外国语言文学类,文学学士,四年,,,85334,0
10182,8345,0502101T,塔玛齐格特语,本科(普通),,05,文学,0502,外国语言文学类,文学学士,四年,,,125114,0
10132,8346,0502102T,爪哇语,本科(普通),,05,文学,0502,外国语言文学类,文学学士,四年,,,149060,0
10062,8347,0502103T,旁遮普语,本科(普通),,05,文学,0502,外国语言文学类,文学学士,四年,,,99185,0
9153,10116,0502104TK,区域国别学,本科(普通),,05,文学,0502,外国语言文学类,文学学士,四年,,,0,0
9693,55,050211,梵语巴利语,本科(普通),,05,文学,0502,外国语言文学类,文学学士,四年,,,111615,22500
9792,56,050212,印度尼西亚语,本科(普通),,05,文学,0502,外国语言文学类,文学学士,四年,,,122820,39300
9946,57,050213,印地语,本科(普通),,05,文学,0502,外国语言文学类,文学学士,四年,,,0,36700
9759,58,050214,柬埔寨语,本科(普通),,05,文学,0502,外国语言文学类,文学学士,四年,,,0,17800
9574,59,050215,老挝语,本科(普通),,05,文学,0502,外国语言文学类,文学学士,四年,,,0,12300
9662,60,050216,缅甸语,本科(普通),,05,文学,0502,外国语言文学类,文学学士,四年,,,121004,22400
9836,61,050217,马来语,本科(普通),,05,文学,0502,外国语言文学类,文学学士,四年,,,0,20300
9822,62,050218,蒙古语,本科(普通),,05,文学,0502,外国语言文学类,文学学士,四年,,,111095,16900
9825,63,050219,僧伽罗语,本科(普通),,05,文学,0502,外国语言文学类,文学学士,四年,,,0,20600
9646,64,050220,泰语,本科(普通),,05,文学,0502,外国语言文学类,文学学士,四年,,,0,23100
10018,65,050221,乌尔都语,本科(普通),,05,文学,0502,外国语言文学类,文学学士,四年,,,116656,21700
9648,66,050222,希伯来语,本科(普通),,05,文学,0502,外国语言文学类,文学学士,四年,,,121676,21700
9895,67,050223,越南语,本科(普通),,05,文学,0502,外国语言文学类,文学学士,四年,,,0,19100
9896,68,050224,豪萨语,本科(普通),,05,文学,0502,外国语言文学类,文学学士,四年,,,0,22300
10013,69,050225,斯瓦希里语,本科(普通),,05,文学,0502,外国语言文学类,文学学士,四年,,,121676,30300
9982,70,050226,阿尔巴尼亚语,本科(普通),,05,文学,0502,外国语言文学类,文学学士,四年,,,0,22700
9938,71,050227,保加利亚语,本科(普通),,05,文学,0502,外国语言文学类,文学学士,四年,,,0,21800
9580,72,050228,波兰语,本科(普通),,05,文学,0502,外国语言文学类,文学学士,四年,,,0,21100
9619,73,050229,捷克语,本科(普通),,05,文学,0502,外国语言文学类,文学学士,四年,,,0,20800
10041,74,050230,斯洛伐克语,本科(普通),,05,文学,0502,外国语言文学类,文学学士,四年,,,0,21000
9861,75,050231,罗马尼亚语,本科(普通),,05,文学,0502,外国语言文学类,文学学士,四年,,,0,18800
9953,76,050232,葡萄牙语,本科(普通),,05,文学,0502,外国语言文学类,文学学士,四年,,,0,27200
9658,77,050233,瑞典语,本科(普通),,05,文学,0502,外国语言文学类,文学学士,四年,,,0,23000
9684,78,050234,塞尔维亚语,本科(普通),,05,文学,0502,外国语言文学类,文学学士,四年,,,0,23000
9567,79,050235,土耳其语,本科(普通),,05,文学,0502,外国语言文学类,文学学士,四年,,,0,21400
9636,80,050236,希腊语,本科(普通),,05,文学,0502,外国语言文学类,文学学士,四年,,,0,22500
9882,81,050237,匈牙利语,本科(普通),,05,文学,0502,外国语言文学类,文学学士,四年,,,0,22900
9612,82,050238,意大利语,本科(普通),,05,文学,0502,外国语言文学类,文学学士,四年,,,0,22300
10363,83,050239,泰米尔语,本科(普通),,05,文学,0502,外国语言文学类,文学学士,四年,,,116656,20900
10291,84,050240,普什图语,本科(普通),,05,文学,0502,外国语言文学类,文学学士,四年,,,0,21300
10303,85,050241,世界语,本科(普通),,05,文学,0502,外国语言文学类,文学学士,四年,,,0,21200
10186,86,050242,孟加拉语,本科(普通),,05,文学,0502,外国语言文学类,文学学士,四年,,,108023,20900
10522,87,050243,尼泊尔语,本科(普通),,05,文学,0502,外国语言文学类,文学学士,四年,,,121676,22600
10314,88,050244,克罗地亚语,本科(普通),,05,文学,0502,外国语言文学类,文学学士,四年,,,0,22800
10195,89,050245,荷兰语,本科(普通),,05,文学,0502,外国语言文学类,文学学士,四年,,,119947,40500
10421,90,050246,芬兰语,本科(普通),,05,文学,0502,外国语言文学类,文学学士,四年,,,0,22100
10294,91,050247,乌克兰语,本科(普通),,05,文学,0502,外国语言文学类,文学学士,四年,,,0,21100
10585,92,050248,挪威语,本科(普通),,05,文学,0502,外国语言文学类,文学学士,四年,,,0,22000
10887,93,050249,丹麦语,本科(普通),,05,文学,0502,外国语言文学类,文学学士,四年,,,0,23000
10567,94,050250,冰岛语,本科(普通),,05,文学,0502,外国语言文学类,文学学士,四年,,,0,20800
10671,95,050251,爱尔兰语,本科(普通),,05,文学,0502,外国语言文学类,文学学士,四年,,,0,21800
10870,96,050252,拉脱维亚语,本科(普通),,05,文学,0502,外国语言文学类,文学学士,四年,,,0,20800
10926,97,050253,立陶宛语,本科(普通),,05,文学,0502,外国语言文学类,文学学士,四年,,,0,22200
10917,98,050254,斯洛文尼亚语,本科(普通),,05,文学,0502,外国语言文学类,文学学士,四年,,,0,21200
11014,99,050255,爱沙尼亚语,本科(普通),,05,文学,0502,外国语言文学类,文学学士,四年,,,0,20600
9543,100,050256,马耳他语,本科(普通),,05,文学,0502,外国语言文学类,文学学士,四年,,,122820,22500
9191,101,050257,哈萨克语,本科(普通),,05,文学,0502,外国语言文学类,文学学士,四年,,,0,22000
9546,102,050258,乌兹别克语,本科(普通),,05,文学,0502,外国语言文学类,文学学士,四年,,,104367,22500
9147,103,050259,祖鲁语,本科(普通),,05,文学,0502,外国语言文学类,文学学士,四年,,,133377,21800
9133,104,050260,拉丁语,本科(普通),,05,文学,0502,外国语言文学类,文学学士,四年,,,0,20800
9415,105,050261,翻译,本科(普通),,05,文学,0502,外国语言文学类,文学学士,四年,,,85609,14500
9339,106,050262,商务英语,本科(普通),,05,文学,0502,外国语言文学类,文学学士,四年,,,86098,16200
9292,1265,050263T,阿姆哈拉语,本科(普通),,05,文学,0502,外国语言文学类,文学学士,四年,,,121676,0
9399,1266,050264T,吉尔吉斯语,本科(普通),,05,文学,0502,外国语言文学类,文学学士,四年,,,0,0
9407,1267,050265T,索马里语,本科(普通),,05,文学,0502,外国语言文学类,文学学士,四年,,,0,0
9114,1268,050266T,土库曼语,本科(普通),,05,文学,0502,外国语言文学类,文学学士,四年,,,0,0
9425,1269,050267T,加泰罗尼亚语,本科(普通),,05,文学,0502,外国语言文学类,文学学士,四年,,,114477,0
9373,1270,050268T,约鲁巴语,本科(普通),,05,文学,0502,外国语言文学类,文学学士,四年,,,0,0
9138,1271,050269T,亚美尼亚语,本科(普通),,05,文学,0502,外国语言文学类,文学学士,四年,,,0,0
9178,1272,050270T,马达加斯加语,本科(普通),,05,文学,0502,外国语言文学类,文学学士,四年,,,120315,0
9461,1273,050271T,格鲁吉亚语,本科(普通),,05,文学,0502,外国语言文学类,文学学士,四年,,,0,0
9127,1274,050272T,阿塞拜疆语,本科(普通),,05,文学,0502,外国语言文学类,文学学士,四年,,,0,0
9230,1275,050273T,阿非利卡语,本科(普通),,05,文学,0502,外国语言文学类,文学学士,四年,,,0,0
9132,1276,050274T,马其顿语,本科(普通),,05,文学,0502,外国语言文学类,文学学士,四年,,,0,0
9507,1277,050275T,塔吉克语,本科(普通),,05,文学,0502,外国语言文学类,文学学士,四年,,,0,0
10531,8348,050276T,茨瓦纳语,本科(普通),,05,文学,0502,外国语言文学类,文学学士,四年,,,0,0
10280,8349,050277T,恩德贝莱语,本科(普通),,05,文学,0502,外国语言文学类,文学学士,四年,,,99629,0
10484,8350,050278T,科摩罗语,本科(普通),,05,文学,0502,外国语言文学类,文学学士,四年,,,0,0
10203,8351,050279T,克里奥尔语,本科(普通),,05,文学,0502,外国语言文学类,文学学士,四年,,,0,0
10273,8352,050280T,绍纳语,本科(普通),,05,文学,0502,外国语言文学类,文学学士,四年,,,136921,0
10198,8353,050281T,提格雷尼亚语,本科(普通),,05,文学,0502,外国语言文学类,文学学士,四年,,,0,0
10450,8354,050282T,白俄罗斯语,本科(普通),,05,文学,0502,外国语言文学类,文学学士,四年,,,0,0
10107,8355,050283T,毛利语,本科(普通),,05,文学,0502,外国语言文学类,文学学士,四年,,,115060,0
10350,8356,050284T,汤加语,本科(普通),,05,文学,0502,外国语言文学类,文学学士,四年,,,122820,0
10527,8357,050285T,萨摩亚语,本科(普通),,05,文学,0502,外国语言文学类,文学学士,四年,,,0,0
10405,8358,050286T,库尔德语,本科(普通),,05,文学,0502,外国语言文学类,文学学士,四年,,,104367,0
10192,8359,050287T,比斯拉马语,本科(普通),,05,文学,0502,外国语言文学类,文学学士,四年,,,0,0
10096,8360,050288T,达里语,本科(普通),,05,文学,0502,外国语言文学类,文学学士,四年,,,122376,0
10392,8361,050289T,德顿语,本科(普通),,05,文学,0502,外国语言文学类,文学学士,四年,,,0,0
10236,8362,050290T,迪维希语,本科(普通),,05,文学,0502,外国语言文学类,文学学士,四年,,,123960,0
10260,8363,050291T,斐济语,本科(普通),,05,文学,0502,外国语言文学类,文学学士,四年,,,121004,0
10489,8364,050292T,库克群岛毛利语,本科(普通),,05,文学,0502,外国语言文学类,文学学士,四年,,,0,0
10523,8365,050293T,隆迪语,本科(普通),,05,文学,0502,外国语言文学类,文学学士,四年,,,0,0
10230,8366,050294T,卢森堡语,本科(普通),,05,文学,0502,外国语言文学类,文学学士,四年,,,0,0
10222,8367,050295T,卢旺达语,本科(普通),,05,文学,0502,外国语言文学类,文学学士,四年,,,0,0
10135,8368,050296T,纽埃语,本科(普通),,05,文学,0502,外国语言文学类,文学学士,四年,,,114477,0
10537,8369,050297T,皮金语,本科(普通),,05,文学,0502,外国语言文学类,文学学士,四年,,,115597,0
10536,8370,050298T,切瓦语,本科(普通),,05,文学,0502,外国语言文学类,文学学士,四年,,,0,0
10399,8371,050299T,塞苏陀语,本科(普通),,05,文学,0502,外国语言文学类,文学学士,四年,,,0,0
9270,108,050302,广播电视学,本科(普通),,05,文学,49,新闻传播学类,文学学士,四年,,,124086,17400
9218,109,050303,广告学,本科(普通),,05,文学,49,新闻传播学类,文学学士,四年,,,119658,21300
9451,110,050304,传播学,本科(普通),,05,文学,49,新闻传播学类,文学学士,四年,,,128493,20800
9195,111,050305,编辑出版学,本科(普通),,05,文学,49,新闻传播学类,文学学士,四年,,,121869,16200
9142,1130,050306T,网络与新媒体,本科(普通),,05,文学,49,新闻传播学类,文学学士,四年,,,124756,19000
9255,1131,050307T,数字出版,本科(普通),,05,文学,49,新闻传播学类,文学学士,四年,,,122500,20400
10171,8372,050308T,时尚传播,本科(普通),,05,文学,49,新闻传播学类,文学学士,四年,,,124770,0
10289,8373,050309T,国际新闻与传播,本科(普通),,05,文学,49,新闻传播学类,文学学士,四年,,,124770,0
10526,8704,050310T,会展,本科(普通),,05,文学,49,新闻传播学类,"文学学士,管理学学士",四年,,,136024,0
9227,112,060101,历史学,本科(普通),,06,历史学,50,历史学类,历史学学士,四年,,,58974,14600
9264,113,060102,世界史,本科(普通),,06,历史学,50,历史学类,历史学学士,四年,,,64733,16500
9447,114,060103,考古学,本科(普通),,06,历史学,50,历史学类,历史学学士,四年,,,0,14400
9298,115,060104,文物与博物馆学,本科(普通),,06,历史学,50,历史学类,历史学学士,四年,,,66245,16400
9265,1132,060105T,文物保护技术,本科(普通),,06,历史学,50,历史学类,历史学学士,四年,,,50275,12400
9204,1133,060106T,外国语言与外国历史,本科(普通),,06,历史学,50,历史学类,"文学学士,历史学学士",四年,,,70202,16000
9111,1278,060107T,文化遗产,本科(普通),,06,历史学,50,历史学类,历史学学士,四年,,,0,0
10136,8770,060108T,古文字学,本科(普通),,06,历史学,50,历史学类,历史学学士,四年,,,91181,0
10995,9326,060109T,科学史,本科(普通),,06,历史学,50,历史学类,历史学学士,四年,,,105774,0
9129,117,070102,信息与计算科学,本科(普通),,07,理学,0701,数学类,理学学士,四年,,,135805,19100
9164,1134,070103T,数理基础科学,本科(普通),,07,理学,0701,数学类,理学学士,四年,,,148704,16100
10131,8374,070104T,数据计算及应用,本科(普通),,07,理学,0701,数学类,理学学士,四年,,,149666,15800
9087,119,070202,应用物理学,本科(普通),,07,理学,52,物理学类,理学学士,四年,,,156444,20900
9325,120,070203,核物理,本科(普通),,07,理学,52,物理学类,理学学士,四年,,,169159,13800
9429,1135,070204T,声学,本科(普通),,07,理学,52,物理学类,理学学士,四年,,,177912,30900
10217,8375,070205T,系统科学与工程,本科(普通),,07,理学,52,物理学类,理学学士,四年,,,0,0
10066,8798,070206T,量子信息科学,本科(普通),,07,理学,52,物理学类,理学学士,四年,,,165640,0
9149,122,070302,应用化学,本科(普通),,07,理学,53,化学类,"理学学士,工学学士",四年,,,111105,16600
9117,1136,070303T,化学生物学,本科(普通),,07,理学,53,化学类,理学学士,四年,,,109523,18500
9484,1137,070304T,分子科学与工程,本科(普通),,07,理学,53,化学类,理学学士,四年,,,113425,17100
9311,1279,070305T,能源化学,本科(普通),,07,理学,53,化学类,理学学士,四年,,,114007,0
10500,8799,070306T,化学测量学与技术,本科(普通),,07,理学,53,化学类,理学学士,四年,,,109311,0
10667,9781,070307T,资源化学,本科(普通),,07,理学,53,化学类,理学学士,四年,,,132062,0
9113,123,070401,天文学,本科(普通),,07,理学,54,天文学类,理学学士,四年,,,153305,19300
9364,124,070501,地理科学,本科(普通),,07,理学,55,地理科学类,理学学士,四年,,,78769,14600
9101,125,070502,自然地理与资源环境,本科(普通),,07,理学,55,地理科学类,"理学学士,管理学学士",四年,,,85896,16300
9167,126,070503,人文地理与城乡规划,本科(普通),,07,理学,55,地理科学类,"理学学士,管理学学士",四年,,,75344,17900
9433,127,070504,地理信息科学,本科(普通),,07,理学,55,地理科学类,理学学士,四年,,,118373,20700
9268,128,070601,大气科学,本科(普通),,07,理学,56,大气科学类,理学学士,四年,,,103591,19200
9455,129,070602,应用气象学,本科(普通),,07,理学,56,大气科学类,理学学士,四年,,,0,17600
10521,8800,070603T,气象技术与工程,本科(普通),,07,理学,56,大气科学类,"理学学士,工学学士",四年,,,117097,0
10830,9782,070604T,地球系统科学,本科(普通),,07,理学,56,大气科学类,理学学士,四年,,,155261,0
9426,130,070701,海洋科学,本科(普通),,07,理学,57,海洋科学类,理学学士,四年,,,100519,13600
9254,131,070702,海洋技术,本科(普通),,07,理学,57,海洋科学类,"理学学士,工学学士",四年,,,131149,12900
9279,1138,070703T,海洋资源与环境,本科(普通),,07,理学,57,海洋科学类,理学学士,四年,,,81122,14900
9350,1139,070704T,军事海洋学,本科(普通),,07,理学,57,海洋科学类,理学学士,四年,,,151934,13000
9457,10117,070705T,海洋科学与技术,本科(普通),,07,理学,57,海洋科学类,理学学士,四年,,,0,0
9553,132,070801,地球物理学,本科(普通),,07,理学,58,地球物理学类,理学学士,四年,,,106999,23700
9196,133,070802,空间科学与技术,本科(普通),,07,理学,58,地球物理学类,"理学学士,工学学士",四年,,,168230,21200
10276,8376,070803T,防灾减灾科学与工程,本科(普通),,07,理学,58,地球物理学类,工学学士,四年,,,0,0
10834,9327,070804TK,行星科学,本科(普通),,07,理学,58,地球物理学类,理学学士,四年,,,126930,0
9280,134,070901,地质学,本科(普通),,07,理学,59,地质学类,理学学士,四年,,,103591,20200
9331,135,070902,地球化学,本科(普通),,07,理学,59,地质学类,理学学士,四年,,,126566,21500
9498,1140,070903T,地球信息科学与技术,本科(普通),,07,理学,59,地质学类,"理学学士,工学学士",四年,,,128002,20900
9182,1141,070904T,古生物学,本科(普通),,07,理学,59,地质学类,理学学士,四年,,,141165,20300
9430,137,071002,生物技术,本科(普通),,07,理学,60,生物科学类,"理学学士,工学学士",四年,,,108298,15200
9397,138,071003,生物信息学,本科(普通),,07,理学,60,生物科学类,"理学学士,工学学士",四年,,,107901,19700
9374,139,071004,生态学,本科(普通),,07,理学,60,生物科学类,理学学士,四年,,,106800,15900
10267,8377,071005T,整合科学,本科(普通),,07,理学,60,生物科学类,理学学士,四年,,,122267,0
10114,8378,071006T,神经科学,本科(普通),,07,理学,60,生物科学类,理学学士,四年,,,0,0
9291,140,071101,心理学,本科(普通),,07,理学,0711,心理学类,"教育学学士,理学学士",四年,,,124163,16800
9334,141,071102,应用心理学,本科(普通),,07,理学,0711,心理学类,"教育学学士,理学学士",四年,,,124141,15800
9148,142,071201,统计学,本科(普通),,07,理学,62,统计学类,理学学士,四年,,,130477,18600
9478,143,071202,应用统计学,本科(普通),,07,理学,62,统计学类,理学学士,四年,,,134616,20800
10056,8537,071203T,数据科学,本科(普通),,07,理学,62,统计学类,理学学士,四年,,,0,0
10662,9773,071204T,生物统计学,本科(普通),,07,理学,62,统计学类,理学学士,四年,,,98143,0
9307,144,080101,理论与应用力学,本科(普通),,08,工学,63,力学类,"理学学士,工学学士",四年,,,136443,22300
9467,145,080102,工程力学,本科(普通),,08,工学,63,力学类,工学学士,四年,,,133278,21300
9290,147,080202,机械设计制造及其自动化,本科(普通),,08,工学,0802,机械类,工学学士,四年,,,115748,16900
9460,148,080203,材料成型及控制工程,本科(普通),,08,工学,0802,机械类,工学学士,四年,,,106428,16800
9431,149,080204,机械电子工程,本科(普通),,08,工学,0802,机械类,工学学士,四年,,,109152,20300
9232,150,080205,工业设计,本科(普通),,08,工学,0802,机械类,工学学士,四年,,,104589,17800
9394,151,080206,过程装备与控制工程,本科(普通),,08,工学,0802,机械类,工学学士,四年,,,107363,17400
9559,153,080208,汽车服务工程,本科(普通),,08,工学,0802,机械类,工学学士,四年,,,107929,16800
9151,1142,080209T,机械工艺技术,本科(普通),,08,工学,0802,机械类,工学学士,四年,,,105790,14600
9312,1143,080210T,微机电系统工程,本科(普通),,08,工学,0802,机械类,工学学士,四年,,,105705,17200
9109,1144,080211T,机电技术教育,本科(普通),,08,工学,0802,机械类,工学学士,四年,,,106532,10500
9548,1145,080212T,汽车维修工程教育,本科(普通),,08,工学,0802,机械类,工学学士,四年,,,99056,9000
10397,8379,080213T,智能制造工程,本科(普通),,08,工学,0802,机械类,工学学士,四年,,,106986,0
10297,8380,080214T,智能车辆工程,本科(普通),,08,工学,0802,机械类,工学学士,四年,,,119388,0
10234,8381,080215T,仿生科学与工程,本科(普通),,08,工学,0802,机械类,工学学士,四年,,,0,0
10492,8382,080216T,新能源汽车工程,本科(普通),,08,工学,0802,机械类,工学学士,四年,,,98418,0
10277,8801,080217T,增材制造工程,本科(普通),,08,工学,0802,机械类,工学学士,四年,,,94549,0
10511,8802,080218T,智能交互设计,本科(普通),,08,工学,0802,机械类,工学学士,四年,,,160044,0
10348,8803,080219T,应急装备技术与工程,本科(普通),,08,工学,0802,机械类,工学学士,四年,,,93373,0
10853,9879,080220T,农林智能装备工程,本科(普通),,08,工学,0802,机械类,工学学士,四年,,,132242,0
10472,8383,080302T,精密仪器,本科(普通),,08,工学,65,仪器类,工学学士,四年,,,98201,0
10229,8682,080303T,智能感知工程,本科(普通),,08,工学,65,仪器类,工学学士,四年,,,95821,0
9386,156,080402,材料物理,本科(普通),,08,工学,66,材料类,"理学学士,工学学士",四年,,,155735,18400
9096,157,080403,材料化学,本科(普通),,08,工学,66,材料类,"理学学士,工学学士",四年,,,112970,16800
9414,158,080404,冶金工程,本科(普通),,08,工学,66,材料类,工学学士,四年,,,132997,19000
9125,159,080405,金属材料工程,本科(普通),,08,工学,66,材料类,工学学士,四年,,,132996,17200
9293,160,080406,无机非金属材料工程,本科(普通),,08,工学,66,材料类,工学学士,四年,,,131458,16300
9124,161,080407,高分子材料与工程,本科(普通),,08,工学,66,材料类,工学学士,四年,,,111658,18000
9405,162,080408,复合材料与工程,本科(普通),,08,工学,66,材料类,工学学士,四年,,,130386,14400
9360,1146,080409T,粉体材料科学与工程,本科(普通),,08,工学,66,材料类,工学学士,四年,,,133105,18300
9249,1147,080410T,宝石及材料工艺学,本科(普通),,08,工学,66,材料类,工学学士,四年,,,134408,15000
9309,1148,080411T,焊接技术与工程,本科(普通),,08,工学,66,材料类,工学学士,四年，五年,,,135582,19300
9502,1149,080412T,功能材料,本科(普通),,08,工学,66,材料类,工学学士,四年,,,126635,23400
9212,1150,080413T,纳米材料与技术,本科(普通),,08,工学,66,材料类,工学学士,四年,,,135399,18400
9306,1151,080414T,新能源材料与器件,本科(普通),,08,工学,66,材料类,工学学士,四年,,,134797,18200
9390,1281,080415T,材料设计科学与工程,本科(普通),,08,工学,66,材料类,工学学士,四年,,,106200,0
10057,8384,080416T,复合材料成型工程,本科(普通),,08,工学,66,材料类,工学学士,四年,,,117128,0
10157,8692,080417T,智能材料与结构,本科(普通),,08,工学,66,材料类,工学学士,四年,,,124825,0
10832,9328,080418T,光电信息材料与器件,本科(普通),,08,工学,66,材料类,工学学士,四年,,,220293,0
10687,9783,080419T,生物材料,本科(普通),,08,工学,66,材料类,工学学士,四年,,,116156,0
10755,9880,080420T,材料智能技术,本科(普通),,08,工学,66,材料类,工学学士,四年,,,119308,0
11003,9881,080421T,电子信息材料,本科(普通),,08,工学,66,材料类,工学学士,四年,,,118123,0
10965,9882,080422T,软物质科学与工程,本科(普通),,08,工学,66,材料类,工学学士,四年,,,101688,0
10982,9883,080423T,稀土材料科学与工程,本科(普通),,08,工学,66,材料类,工学学士,四年,,,93841,0
9536,163,080501,能源与动力工程,本科(普通),,08,工学,0805,能源动力类,工学学士,四年,,,93421,19500
9112,1153,080502T,能源与环境系统工程,本科(普通),,08,工学,0805,能源动力类,工学学士,四年,,,98013,26600
9367,1152,080503T,新能源科学与工程,本科(普通),,08,工学,0805,能源动力类,工学学士,四年,,,113231,22600
10067,8689,080504T,储能科学与工程,本科(普通),,08,工学,0805,能源动力类,工学学士,四年,,,134109,0
10550,8804,080505T,能源服务工程,本科(普通),,08,工学,0805,能源动力类,工学学士,四年,,,115199,0
10955,9329,080506TK,氢能科学与工程,本科(普通),,08,工学,0805,能源动力类,工学学士,四年,,,132109,0
10849,9330,080507TK,可持续能源,本科(普通),,08,工学,0805,能源动力类,工学学士,四年,,,124234,0
9518,1154,080602T,智能电网信息工程,本科(普通),,08,工学,68,电气类,工学学士,四年,,,117182,21100
9271,1155,080603T,光源与照明,本科(普通),,08,工学,68,电气类,工学学士,四年,,,117204,32900
9104,1156,080604T,电气工程与智能控制,本科(普通),,08,工学,68,电气类,工学学士,四年,,,117130,21100
10124,8385,080605T,电机电器智能化,本科(普通),,08,工学,68,电气类,工学学士,四年,,,117157,0
10545,8386,080606T,电缆工程,本科(普通),,08,工学,68,电气类,工学学士,四年,,,117157,0
10422,8805,080607T,能源互联网工程,本科(普通),,08,工学,68,电气类,工学学士,四年,,,117784,0
10618,9331,080608TK,智慧能源工程,本科(普通),,08,工学,68,电气类,工学学士,四年,,,117336,0
10748,9784,080609T,电动载运工程,本科(普通),,08,工学,68,电气类,工学学士,四年,,,127437,0
10757,9884,080610TK,大功率半导体科学与工程,本科(普通),,08,工学,68,电气类,工学学士,四年,,,146020,0
9173,166,080702,电子科学与技术,本科(普通),,08,工学,0807,电子信息类,"理学学士,工学学士",四年,,,129539,19000
9217,167,080703,通信工程,本科(普通),,08,工学,0807,电子信息类,工学学士,四年,,,129345,19500
9483,169,080705,光电信息科学与工程,本科(普通),,08,工学,0807,电子信息类,"理学学士,工学学士",四年,,,129627,18800
9100,170,080706,信息工程,本科(普通),,08,工学,0807,电子信息类,工学学士,四年,,,129539,21400
9137,1157,080707T,广播电视工程,本科(普通),,08,工学,0807,电子信息类,工学学士,四年,,,158648,21100
9300,1158,080708T,水声工程,本科(普通),,08,工学,0807,电子信息类,工学学士,四年,,,149181,21700
9294,1159,080709T,电子封装技术,本科(普通),,08,工学,0807,电子信息类,工学学士,四年,,,128804,22200
9170,1160,080710T,集成电路设计与集成系统,本科(普通),,08,工学,0807,电子信息类,工学学士,四年,,,129743,22700
9120,1161,080711T,医学信息工程,本科(普通),,08,工学,0807,电子信息类,工学学士,四年,,,106677,14200
9521,1162,080712T,电磁场与无线技术,本科(普通),,08,工学,0807,电子信息类,工学学士,四年,,,129799,21000
9480,1163,080713T,电波传播与天线,本科(普通),,08,工学,0807,电子信息类,工学学士,四年,,,130630,22000
9341,1164,080714T,电子信息科学与技术,本科(普通),,08,工学,0807,电子信息类,"理学学士,工学学士",四年,,,128372,17600
9423,1165,080715T,电信工程及管理,本科(普通),,08,工学,0807,电子信息类,工学学士,四年,,,141222,13200
9222,1166,080716T,应用电子技术教育,本科(普通),,08,工学,0807,电子信息类,工学学士,四年,,,116250,14400
10313,8387,080717T,人工智能,本科(普通),,08,工学,0807,电子信息类,工学学士,四年,,,131554,0
10170,8693,080718T,海洋信息工程,本科(普通),,08,工学,0807,电子信息类,工学学士,四年,,,145687,0
10130,8806,080719T,柔性电子学,本科(普通),,08,工学,0807,电子信息类,工学学士,四年,,,0,0
10481,8807,080720T,智能测控工程,本科(普通),,08,工学,0807,电子信息类,工学学士,四年,,,134555,0
10562,9885,080721T,智能视觉工程,本科(普通),,08,工学,0807,电子信息类,工学学士,四年,,,128178,0
9529,10118,080722T,智能视听工程,本科(普通),,08,工学,0807,电子信息类,工学学士,四年,,,0,0
9295,1167,080802T,轨道交通信号与控制,本科(普通),,08,工学,70,自动化类,工学学士,四年,,,115261,20500
9533,1282,080803T,机器人工程,本科(普通),,08,工学,70,自动化类,工学学士,四年,,,125173,0
10389,8388,080804T,邮政工程,本科(普通),,08,工学,70,自动化类,工学学士,四年,,,118318,0
10444,8389,080805T,核电技术与控制工程,本科(普通),,08,工学,70,自动化类,工学学士,四年,,,114410,0
10235,8679,080806T,智能装备与系统,本科(普通),,08,工学,70,自动化类,工学学士,四年,,,0,0
10243,8684,080807T,工业智能,本科(普通),,08,工学,70,自动化类,工学学士,四年,,,123009,0
10266,8808,080808T,智能工程与创意设计,本科(普通),,08,工学,70,自动化类,工学学士,四年,,,168806,0
9247,173,080902,软件工程,本科(普通),,08,工学,71,计算机类,工学学士,四年,,,131415,22300
9424,174,080903,网络工程,本科(普通),,08,工学,71,计算机类,工学学士,四年,,,135924,16200
9462,175,080904K,信息安全,本科(普通),,08,工学,71,计算机类,"理学学士,工学学士,管理学学士",四年,,,136590,19800
9082,176,080905,物联网工程,本科(普通),,08,工学,71,计算机类,工学学士,四年,,,136554,26000
9549,177,080906,数字媒体技术,本科(普通),,08,工学,71,计算机类,工学学士,四年,,,134307,15100
9411,1168,080907T,智能科学与技术,本科(普通),,08,工学,71,计算机类,"理学学士,工学学士",四年,,,132254,30700
9345,1169,080908T,空间信息与数字技术,本科(普通),,08,工学,71,计算机类,工学学士,四年,,,136131,28100
9388,1170,080909T,电子与计算机工程,本科(普通),,08,工学,71,计算机类,工学学士,四年,,,136647,21400
9130,1283,080910T,数据科学与大数据技术,本科(普通),,08,工学,71,计算机类,"理学学士,工学学士",四年,,,134678,0
9169,1284,080911TK,网络空间安全,本科(普通),,08,工学,71,计算机类,工学学士,四年,,,139583,0
10305,8390,080912T,新媒体技术,本科(普通),,08,工学,71,计算机类,工学学士,四年,,,142540,0
10249,8391,080913T,电影制作,本科(普通),,08,工学,71,计算机类,工学学士,四年,,,0,0
10154,8392,080914TK,保密技术,本科(普通),,08,工学,71,计算机类,工学学士,四年,,,158009,0
10241,8694,080915T,服务科学与工程,本科(普通),,08,工学,71,计算机类,工学学士,四年,,,113918,0
10328,8696,080916T,虚拟现实技术,本科(普通),,08,工学,71,计算机类,工学学士,四年,,,152163,0
10464,8708,080917T,区块链工程,本科(普通),,08,工学,71,计算机类,工学学士,四年,,,152063,0
10308,8809,080918TK,密码科学与技术,本科(普通),,08,工学,71,计算机类,工学学士,四年,,,168332,0
9372,10119,080919T,工业软件,本科(普通),,08,工学,71,计算机类,工学学士,四年,,,0,0
9330,178,081001,土木工程,本科(普通),,08,工学,0810,土木类,工学学士,四年,,,93141,19900
9385,180,081003,给排水科学与工程,本科(普通),,08,工学,0810,土木类,工学学士,四年,,,93531,19600
9545,181,081004,建筑电气与智能化,本科(普通),,08,工学,0810,土木类,工学学士,四年,,,93073,24400
9487,1171,081005T,城市地下空间工程,本科(普通),,08,工学,0810,土木类,工学学士,四年,,,95101,25700
9351,1172,081006T,道路桥梁与渡河工程,本科(普通),,08,工学,0810,土木类,工学学士,四年,,,91371,14100
9359,1285,081007T,铁道工程,本科(普通),,08,工学,0810,土木类,工学学士,四年,,,96775,0
10079,8393,081008T,智能建造,本科(普通),,08,工学,0810,土木类,工学学士,四年,,,0,0
10452,8394,081009T,土木、水利与海洋工程,本科(普通),,08,工学,0810,土木类,工学学士,四年,,,101235,0
10221,8686,081010T,土木、水利与交通工程,本科(普通),,08,工学,0810,土木类,工学学士,四年,,,104802,0
10160,8810,081011T,城市水系统工程,本科(普通),,08,工学,0810,土木类,工学学士,四年,,,86769,0
10726,9332,081012T,智能建造与智慧交通,本科(普通),,08,工学,0810,土木类,工学学士,四年,,,127455,0
10811,9886,081013T,工程软件,本科(普通),,08,工学,0810,土木类,工学学士,四年,,,150110,0
9377,183,081102,水文与水资源工程,本科(普通),,08,工学,73,水利类,工学学士,四年,,,84782,17100
9466,184,081103,港口航道与海岸工程,本科(普通),,08,工学,73,水利类,工学学士,四年,,,89428,20600
9194,1173,081104T,水务工程,本科(普通),,08,工学,73,水利类,工学学士,四年,,,74145,15000
9438,1286,081105T,水利科学与工程,本科(普通),,08,工学,73,水利类,工学学士,四年,,,105235,0
10629,9333,081106T,智慧水利,本科(普通),,08,工学,73,水利类,工学学士,四年,,,0,0
9369,185,081201,测绘工程,本科(普通),,08,工学,74,测绘类,工学学士,四年,,,98211,17800
9470,186,081202,遥感科学与技术,本科(普通),,08,工学,74,测绘类,工学学士,四年,,,148797,18200
9144,1174,081203T,导航工程,本科(普通),,08,工学,74,测绘类,工学学士,四年,,,155379,18100
9541,1175,081204T,地理国情监测,本科(普通),,08,工学,74,测绘类,工学学士,四年,,,148140,16700
9371,1287,081205T,地理空间信息工程,本科(普通),,08,工学,74,测绘类,工学学士,四年,,,159650,0
9321,10120,081206TK,时空信息工程,本科(普通),,08,工学,74,测绘类,工学学士,四年,,,0,0
9412,187,081301,化学工程与工艺,本科(普通),,08,工学,75,化工与制药类,工学学士,四年,,,107253,15900
9199,188,081302,制药工程,本科(普通),,08,工学,75,化工与制药类,工学学士,四年,,,116723,13300
9162,1176,081303T,资源循环科学与工程,本科(普通),,08,工学,75,化工与制药类,工学学士,四年,,,107210,9700
9346,1177,081304T,能源化学工程,本科(普通),,08,工学,75,化工与制药类,工学学士,四年,,,108219,20200
10462,8395,081306T,化工安全工程,本科(普通),,08,工学,75,化工与制药类,工学学士,四年,,,122721,0
10494,8396,081307T,涂料工程,本科(普通),,08,工学,75,化工与制药类,工学学士,四年,,,97176,0
10454,8397,081308T,精细化工,本科(普通),,08,工学,75,化工与制药类,工学学士,四年,,,97201,0
9513,10121,081309T,智能分子工程,本科(普通),,08,工学,75,化工与制药类,工学学士,四年,,,0,0
9492,189,081401,地质工程,本科(普通),,08,工学,76,地质类,工学学士,四年,,,103756,17000
9150,190,081402,勘查技术与工程,本科(普通),,08,工学,76,地质类,工学学士,四年,,,119278,16400
9211,191,081403K,资源勘查工程,本科(普通),,08,工学,76,地质类,工学学士,四年,,,133540,19100
9560,1179,081404T,地下水科学与工程,本科(普通),,08,工学,76,地质类,工学学士,四年,,,115069,12200
10479,8706,081405T,旅游地学与规划工程,本科(普通),,08,工学,76,地质类,工学学士,四年,,,133514,0
10889,9334,081406T,智能地球探测,本科(普通),,08,工学,76,地质类,工学学士,四年,,,133289,0
10994,9335,081407T,资源环境大数据工程,本科(普通),,08,工学,76,地质类,工学学士,四年,,,151055,0
9772,192,081501,采矿工程,本科(普通),,08,工学,0815,矿业类,工学学士,四年,,,129440,19800
9769,193,081502,石油工程,本科(普通),,08,工学,0815,矿业类,工学学士,四年,,,130417,21100
9787,194,081503,矿物加工工程,本科(普通),,08,工学,0815,矿业类,工学学士,四年,,,137621,18500
9651,195,081504,油气储运工程,本科(普通),,08,工学,0815,矿业类,工学学士,四年,,,91737,17200
9259,1180,081505T,矿物资源工程,本科(普通),,08,工学,0815,矿业类,工学学士,四年,,,128784,13500
9486,1181,081506T,海洋油气工程,本科(普通),,08,工学,0815,矿业类,工学学士,四年,,,140822,16100
10461,8811,081507T,智能采矿工程,本科(普通),,08,工学,0815,矿业类,工学学士,四年,,,119329,0
10682,9336,081508TK,碳储科学与工程,本科(普通),,08,工学,0815,矿业类,工学学士,四年,,,139140,0
9637,196,081601,纺织工程,本科(普通),,08,工学,0816,纺织类,工学学士,四年,,,79319,15700
9696,197,081602,服装设计与工程,本科(普通),,08,工学,0816,纺织类,"工学学士,艺术学学士",四年,,,79069,17200
9108,1182,081603T,非织造材料与工程,本科(普通),,08,工学,0816,纺织类,工学学士,四年,,,77862,17600
9107,1183,081604T,服装设计与工艺教育,本科(普通),,08,工学,0816,纺织类,工学学士,四年,,,74954,9200
10406,8398,081605T,丝绸设计与工程,本科(普通),,08,工学,0816,纺织类,工学学士,四年,,,63501,0
9890,198,081701,轻化工程,本科(普通),,08,工学,79,轻工类,工学学士,四年,,,91364,15100
9740,199,081702,包装工程,本科(普通),,08,工学,79,轻工类,工学学士,四年,,,86882,17200
9923,200,081703,印刷工程,本科(普通),,08,工学,79,轻工类,工学学士,四年,,,84776,14800
10528,8399,081704T,香料香精技术与工程,本科(普通),,08,工学,79,轻工类,工学学士,四年,,,104298,0
10128,8400,081705T,化妆品技术与工程,本科(普通),,08,工学,79,轻工类,工学学士,四年,,,119807,0
10740,9337,081706TK,生物质能源与材料,本科(普通),,08,工学,79,轻工类,工学学士,四年,,,119721,0
9316,10122,081707T,生物质技术与工程,本科(普通),,08,工学,79,轻工类,工学学士,四年,,,0,0
9849,201,081801,交通运输,本科(普通),,08,工学,0818,交通运输类,工学学士,四年,,,91650,18300
9937,202,081802,交通工程,本科(普通),,08,工学,0818,交通运输类,工学学士,四年,,,95872,17300
9661,203,081803K,航海技术,本科(普通),,08,工学,0818,交通运输类,工学学士,四年,,,92211,23200
9752,204,081804K,轮机工程,本科(普通),,08,工学,0818,交通运输类,工学学士,四年,,,99640,18700
9979,205,081805K,飞行技术,本科(普通),,08,工学,0818,交通运输类,工学学士,四年,,,93691,39000
9448,1184,081806T,交通设备与控制工程,本科(普通),,08,工学,0818,交通运输类,工学学士,四年,,,109023,21300
9554,1185,081807T,救助与打捞工程,本科(普通),,08,工学,0818,交通运输类,工学学士,四年,,,0,20300
9428,1186,081808TK,船舶电子电气工程,本科(普通),,08,工学,0818,交通运输类,工学学士,四年,,,94675,47700
10427,8401,081809T,轨道交通电气与控制,本科(普通),,08,工学,0818,交通运输类,工学学士,四年,,,116638,0
10169,8402,081810T,邮轮工程与管理,本科(普通),,08,工学,0818,交通运输类,工学学士,四年,,,0,0
10248,8812,081811T,智慧交通,本科(普通),,08,工学,0818,交通运输类,工学学士,四年,,,0,0
11005,9338,081812T,智能运输工程,本科(普通),,08,工学,0818,交通运输类,工学学士,四年,,,165640,0
9898,206,081901,船舶与海洋工程,本科(普通),,08,工学,0819,海洋工程类,工学学士,四年,,,125573,23300
9555,1187,081902T,海洋工程与技术,本科(普通),,08,工学,0819,海洋工程类,工学学士,四年,,,110839,15400
9517,1188,081903T,海洋资源开发技术,本科(普通),,08,工学,0819,海洋工程类,工学学士,四年,,,0,16700
10375,8403,081904T,海洋机器人,本科(普通),,08,工学,0819,海洋工程类,工学学士,四年,,,136422,0
10947,9339,081905T,智慧海洋技术,本科(普通),,08,工学,0819,海洋工程类,工学学士,四年,,,138789,0
10778,9887,081906T,智能海洋装备,本科(普通),,08,工学,0819,海洋工程类,工学学士,四年,,,124428,0
10040,207,082001,航空航天工程,本科(普通),,08,工学,82,航空航天类,工学学士,四年,,,139855,24500
9568,208,082002,飞行器设计与工程,本科(普通),,08,工学,82,航空航天类,工学学士,四年,,,0,20100
9598,209,082003,飞行器制造工程,本科(普通),,08,工学,82,航空航天类,工学学士,四年,,,0,20800
10005,210,082004,飞行器动力工程,本科(普通),,08,工学,82,航空航天类,工学学士,四年,,,0,20800
9872,211,082005,飞行器环境与生命保障工程,本科(普通),,08,工学,82,航空航天类,工学学士,四年,,,0,17400
9453,1189,082006T,飞行器质量与可靠性,本科(普通),,08,工学,82,航空航天类,工学学士,四年,,,0,18500
9366,1190,082007T,飞行器适航技术,本科(普通),,08,工学,82,航空航天类,工学学士,四年,,,0,20800
9187,1288,082008T,飞行器控制与信息工程,本科(普通),,08,工学,82,航空航天类,工学学士,四年,,,0,0
10346,8404,082009T,无人驾驶航空器系统工程,本科(普通),,08,工学,82,航空航天类,工学学士,四年,,,0,0
10271,8813,082010T,智能飞行器技术,本科(普通),,08,工学,82,航空航天类,工学学士,四年,,,172014,0
10912,9340,082011T,空天智能电推进技术,本科(普通),,08,工学,82,航空航天类,工学学士,四年,,,157277,0
10600,9785,082012T,飞行器运维工程,本科(普通),,08,工学,82,航空航天类,工学学士,四年,,,0,0
10051,212,082101,武器系统与工程,本科(普通),,08,工学,83,兵器类,工学学士,四年,,,124428,17500
9597,213,082102,武器发射工程,本科(普通),,08,工学,83,兵器类,工学学士,四年,,,122406,16900
9978,214,082103,探测制导与控制技术,本科(普通),,08,工学,83,兵器类,工学学士,四年,,,0,17300
9975,215,082104,弹药工程与爆炸技术,本科(普通),,08,工学,83,兵器类,工学学士,四年,,,119133,16200
9929,216,082105,特种能源技术与工程,本科(普通),,08,工学,83,兵器类,工学学士,四年,,,114151,17400
9991,217,082106,装甲车辆工程,本科(普通),,08,工学,83,兵器类,工学学士,四年,,,145834,17200
10044,218,082107,信息对抗技术,本科(普通),,08,工学,83,兵器类,工学学士,四年,,,149888,21400
10517,8691,082108T,智能无人系统技术,本科(普通),,08,工学,83,兵器类,工学学士,四年,,,155261,0
9847,220,082202,辐射防护与核安全,本科(普通),,08,工学,84,核工程类,工学学士,四年,,,155684,22700
9614,221,082203,工程物理,本科(普通),,08,工学,84,核工程类,工学学士,四年,,,0,29400
9607,222,082204,核化工与核燃料工程,本科(普通),,08,工学,84,核工程类,工学学士,四年,,,104293,13700
10012,223,082301,农业工程,本科(普通),,08,工学,0823,农业工程类,工学学士,四年,,,104118,15000
9647,224,082302,农业机械化及其自动化,本科(普通),,08,工学,0823,农业工程类,工学学士,四年,,,105038,14400
9828,225,082303,农业电气化,本科(普通),,08,工学,0823,农业工程类,工学学士,四年,,,126269,13200
9794,226,082304,农业建筑环境与能源工程,本科(普通),,08,工学,0823,农业工程类,工学学士,四年,,,0,16500
9823,227,082305,农业水利工程,本科(普通),,08,工学,0823,农业工程类,工学学士,四年,,,83636,15400
10147,8405,082306T,土地整治工程,本科(普通),,08,工学,0823,农业工程类,工学学士,四年,,,123146,0
10263,8680,082307T,农业智能装备工程,本科(普通),,08,工学,0823,农业工程类,工学学士,四年,,,144589,0
9703,228,082401,森林工程,本科(普通),,08,工学,86,林业工程类,工学学士,四年,,,103250,14100
9855,229,082402,木材科学与工程,本科(普通),,08,工学,86,林业工程类,工学学士,四年,,,0,15300
9563,230,082403,林产化工,本科(普通),,08,工学,86,林业工程类,工学学士,四年,,,127609,17200
10082,8406,082404T,家具设计与工程,本科(普通),,08,工学,86,林业工程类,工学学士,四年,,,0,0
10882,9341,082405T,木结构建筑与材料,本科(普通),,08,工学,86,林业工程类,工学学士,四年,,,115747,0
9973,231,082501,环境科学与工程,本科(普通),,08,工学,87,环境科学与工程类,工学学士,四年,,,108680,18700
9905,233,082503,环境科学,本科(普通),,08,工学,87,环境科学与工程类,"理学学士,工学学士",五年，四年,,,85712,17300
9936,234,082504,环境生态工程,本科(普通),,08,工学,87,环境科学与工程类,工学学士,四年,,,90040,16900
9079,1191,082505T,环保设备工程,本科(普通),,08,工学,87,环境科学与工程类,工学学士,四年,,,98334,18300
9163,1192,082506T,资源环境科学,本科(普通),,08,工学,87,环境科学与工程类,"理学学士,工学学士",四年,,,93346,16000
9357,1193,082507T,水质科学与技术,本科(普通),,08,工学,87,环境科学与工程类,工学学士,四年,,,85505,15700
9266,1194,082602T,假肢矫形工程,本科(普通),,08,工学,88,生物医学工程类,工学学士,四年,,,111011,19700
10518,8407,082603T,临床工程技术,本科(普通),,08,工学,88,生物医学工程类,工学学士,四年,,,0,0
10387,8702,082604T,康复工程,本科(普通),,08,工学,88,生物医学工程类,工学学士,四年,,,103079,0
10704,9888,082605T,健康科学与技术,本科(普通),,08,工学,88,生物医学工程类,工学学士,四年,,,115131,0
9766,236,082701,食品科学与工程,本科(普通),,08,工学,89,食品科学与工程类,"工学学士,农学学士",四年,,,106720,15400
9797,237,082702,食品质量与安全,本科(普通),,08,工学,89,食品科学与工程类,工学学士,四年,,,90983,13900
9735,238,082703,粮食工程,本科(普通),,08,工学,89,食品科学与工程类,工学学士,四年,,,103537,11300
9720,239,082704,乳品工程,本科(普通),,08,工学,89,食品科学与工程类,工学学士,四年,,,103537,8900
9810,240,082705,酿酒工程,本科(普通),,08,工学,89,食品科学与工程类,工学学士,四年,,,103537,13800
9245,1195,082706T,葡萄与葡萄酒工程,本科(普通),,08,工学,89,食品科学与工程类,工学学士,四年,,,103537,18300
9241,1196,082707T,食品营养与检验教育,本科(普通),,08,工学,89,食品科学与工程类,工学学士,四年,,,119056,9800
9203,1197,082708T,烹饪与营养教育,本科(普通),,08,工学,89,食品科学与工程类,工学学士,四年,,,66949,7900
10415,8408,082709T,食品安全与检测,本科(普通),,08,工学,89,食品科学与工程类,工学学士,四年,,,0,0
10451,8690,082710T,食品营养与健康,本科(普通),,08,工学,89,食品科学与工程类,工学学士,四年,,,0,0
10381,8697,082711T,食用菌科学与工程,本科(普通),,08,工学,89,食品科学与工程类,工学学士,四年,,,120871,0
10215,8709,082712T,白酒酿造工程,本科(普通),,08,工学,89,食品科学与工程类,工学学士,四年,,,100236,0
10714,9889,082713T,咖啡科学与工程,本科(普通),,08,工学,89,食品科学与工程类,工学学士,四年,,,150110,0
10037,242,082802,城乡规划,本科(普通),,08,工学,0828,建筑类,工学学士,五年，四年,,,93153,22100
9864,243,082803,风景园林,本科(普通),,08,工学,0828,建筑类,"工学学士,艺术学学士",五年，四年,,,90950,20500
9260,1198,082804T,历史建筑保护工程,本科(普通),,08,工学,0828,建筑类,工学学士,五年，四年,,,92953,18400
10177,8409,082805T,人居环境科学与技术,本科(普通),,08,工学,0828,建筑类,工学学士,四年,,,95218,0
10123,8685,082806T,城市设计,本科(普通),,08,工学,0828,建筑类,工学学士,四年,,,95156,0
10055,8695,082807T,智慧建筑与建造,本科(普通),,08,工学,0828,建筑类,工学学士,四年,,,95218,0
9867,244,082901,安全工程,本科(普通),,08,工学,91,安全科学与工程类,工学学士,四年,,,92521,18400
10546,8410,082902T,应急技术与管理,本科(普通),,08,工学,91,安全科学与工程类,工学学士,四年,,,99646,0
10262,8411,082903T,职业卫生工程,本科(普通),,08,工学,91,安全科学与工程类,工学学士,四年,,,102722,0
10657,9786,082904T,安全生产监管,本科(普通),,08,工学,91,安全科学与工程类,工学学士,四年,,,103121,0
9396,10123,082905TK,智慧应急,本科(普通),,08,工学,91,安全科学与工程类,工学学士,四年,,,0,0
9887,245,083001,生物工程,本科(普通),,08,工学,0830,生物工程类,工学学士,四年,,,105578,15100
9526,1199,083002T,生物制药,本科(普通),,08,工学,0830,生物工程类,工学学士,四年,,,112636,15300
10068,8683,083003T,合成生物学,本科(普通),,08,工学,0830,生物工程类,工学学士,四年,,,96158,0
9984,246,083101K,刑事科学技术,本科(普通),,08,工学,0831,公安技术类,工学学士,四年,,,120924,16200
9600,247,083102K,消防工程,本科(普通),,08,工学,0831,公安技术类,工学学士,四年,,,93767,19800
9099,1200,083103TK,交通管理工程,本科(普通),,08,工学,0831,公安技术类,工学学士,四年,,,0,20600
9465,1201,083104TK,安全防范工程,本科(普通),,08,工学,0831,公安技术类,工学学士,四年,,,107749,19600
9287,1202,083105TK,公安视听技术,本科(普通),,08,工学,0831,公安技术类,工学学士,四年,,,122495,15300
9277,1203,083106TK,抢险救援指挥与技术,本科(普通),,08,工学,0831,公安技术类,工学学士,四年,,,73529,15100
9383,1204,083107TK,火灾勘查,本科(普通),,08,工学,0831,公安技术类,工学学士,四年,,,73529,15400
9440,1205,083108TK,网络安全与执法,本科(普通),,08,工学,0831,公安技术类,工学学士,四年,,,145330,19200
9131,1206,083109TK,核生化消防,本科(普通),,08,工学,0831,公安技术类,工学学士,四年,,,73008,14700
9145,1289,083110TK,海警舰艇指挥与技术,本科(普通),,08,工学,0831,公安技术类,工学学士,四年,,,142922,0
10445,8412,083111TK,数据警务技术,本科(普通),,08,工学,0831,公安技术类,工学学士,四年,,,137256,0
10296,8814,083112TK,食品药品环境犯罪侦查技术,本科(普通),,08,工学,0831,公安技术类,工学学士,四年,,,117106,0
10034,248,090101,农学,本科(普通),,09,农学,94,植物生产类,农学学士,四年,,,92411,14100
9903,249,090102,园艺,本科(普通),,09,农学,94,植物生产类,农学学士,四年,,,71287,14600
9972,250,090103,植物保护,本科(普通),,09,农学,94,植物生产类,农学学士,四年,,,73870,13300
9776,251,090104,植物科学与技术,本科(普通),,09,农学,94,植物生产类,农学学士,四年,,,90412,20200
9788,252,090105,种子科学与工程,本科(普通),,09,农学,94,植物生产类,农学学士,四年,,,103817,19600
9577,253,090106,设施农业科学与工程,本科(普通),,09,农学,94,植物生产类,"工学学士,农学学士",四年,,,60724,20000
9442,1207,090107T,茶学,本科(普通),,09,农学,94,植物生产类,农学学士,四年,,,93601,12700
9538,1208,090108T,烟草,本科(普通),,09,农学,94,植物生产类,农学学士,四年,,,90080,14000
9313,1209,090109T,应用生物科学,本科(普通),,09,农学,94,植物生产类,"理学学士,农学学士",四年,,,91097,35000
9210,1210,090110T,农艺教育,本科(普通),,09,农学,94,植物生产类,农学学士,四年,,,88718,9100
9519,1211,090111T,园艺教育,本科(普通),,09,农学,94,植物生产类,农学学士,四年,,,101426,13900
10544,8688,090112T,智慧农业,本科(普通),,09,农学,94,植物生产类,农学学士,四年,,,81028,0
10460,8699,090113T,菌物科学与工程,本科(普通),,09,农学,94,植物生产类,农学学士,四年,,,0,0
10396,8700,090114T,农药化肥,本科(普通),,09,农学,94,植物生产类,农学学士,四年,,,0,0
10176,8815,090115T,生物农药科学与工程,本科(普通),,09,农学,94,植物生产类,农学学士,四年,,,113752,0
10606,9342,090116TK,生物育种科学,本科(普通),,09,农学,94,植物生产类,理学学士,四年,,,113752,0
10890,9891,090117TK,生物育种技术,本科(普通),,09,农学,94,植物生产类,农学学士,四年,,,113752,0
9983,254,090201,农业资源与环境,本科(普通),,09,农学,0902,自然保护与环境生态类,农学学士,四年,,,71843,13600
9894,255,090202,野生动物与自然保护区管理,本科(普通),,09,农学,0902,自然保护与环境生态类,农学学士,四年,,,87805,15400
9663,256,090203,水土保持与荒漠化防治,本科(普通),,09,农学,0902,自然保护与环境生态类,农学学士,四年,,,63856,14300
10253,8681,090204T,生物质科学与工程,本科(普通),,09,农学,0902,自然保护与环境生态类,农学学士,四年,,,153265,0
10471,8816,090205T,土地科学与技术,本科(普通),,09,农学,0902,自然保护与环境生态类,农学学士,四年,,,106703,0
10621,9343,090206T,湿地保护与恢复,本科(普通),,09,农学,0902,自然保护与环境生态类,农学学士,四年,,,130166,0
10783,9787,090207TK,国家公园建设与管理,本科(普通),,09,农学,0902,自然保护与环境生态类,"农学学士,管理学学士",四年,,,125178,0
10988,9892,090208TK,生态修复学,本科(普通),,09,农学,0902,自然保护与环境生态类,农学学士,四年,,,95075,0
9754,257,090301,动物科学,本科(普通),,09,农学,96,动物生产类,农学学士,四年,,,86463,13300
9103,1212,090302T,蚕学,本科(普通),,09,农学,96,动物生产类,农学学士,四年,,,86463,11700
9347,1213,090303T,蜂学,本科(普通),,09,农学,96,动物生产类,农学学士,四年,,,80461,13800
10534,8413,090304T,经济动物学,本科(普通),,09,农学,96,动物生产类,农学学士,四年,,,81185,0
10126,8414,090305T,马业科学,本科(普通),,09,农学,96,动物生产类,农学学士,四年,,,0,0
10278,8817,090306T,饲料工程,本科(普通),,09,农学,96,动物生产类,"工学学士,农学学士",四年,,,83958,0
10211,8818,090307T,智慧牧业科学与工程,本科(普通),,09,农学,96,动物生产类,农学学士,四年,,,126896,0
9804,258,090401,动物医学,本科(普通),,09,农学,97,动物医学类,农学学士,五年，四年,,,86463,13000
10011,259,090402,动物药学,本科(普通),,09,农学,97,动物医学类,农学学士,五年，四年,,,77844,12100
9308,1214,090403T,动植物检疫,本科(普通),,09,农学,97,动物医学类,"理学学士,农学学士",四年,,,81877,10700
10541,8415,090404T,实验动物学,本科(普通),,09,农学,97,动物医学类,农学学士,四年,,,83366,0
10239,8416,090405T,中兽医学,本科(普通),,09,农学,97,动物医学类,农学学士,四年,,,0,0
10095,8819,090406TK,兽医公共卫生,本科(普通),,09,农学,97,动物医学类,农学学士,五年,,,85394,0
9623,260,090501,林学,本科(普通),,09,农学,98,林学类,农学学士,四年,,,74242,15100
9755,261,090502,园林,本科(普通),,09,农学,98,林学类,农学学士,四年,,,72992,18800
9899,262,090503,森林保护,本科(普通),,09,农学,98,林学类,农学学士,四年,,,56951,13900
10478,8417,090504T,经济林,本科(普通),,09,农学,98,林学类,农学学士,四年,,,105435,0
10896,9344,090505T,智慧林业,本科(普通),,09,农学,98,林学类,农学学士,四年,,,160044,0
10038,263,090601,水产养殖学,本科(普通),,09,农学,0906,水产类,农学学士,四年,,,77616,11900
9909,264,090602,海洋渔业科学与技术,本科(普通),,09,农学,0906,水产类,农学学士,四年,,,77420,17200
9516,1215,090603T,水族科学与技术,本科(普通),,09,农学,0906,水产类,农学学士,四年,,,79053,22400
9225,1255,090604TK,水生动物医学,本科(普通),,09,农学,0906,水产类,农学学士,四年,,,88731,0
10023,265,090701,草业科学,本科(普通),,09,农学,100,草学类,农学学士,四年,,,72585,14700
10468,8710,090702T,草坪科学与工程,本科(普通),,09,农学,100,草学类,农学学士,四年,,,0,0
9779,266,100101K,基础医学,本科(普通),,10,医学,101,基础医学类,医学学士,五年,,,105377,16000
9258,1290,100102TK,生物医学,本科(普通),,10,医学,101,基础医学类,理学学士,四年,,,107440,0
9314,1291,100103T,生物医学科学,本科(普通),,10,医学,101,基础医学类,理学学士,四年,,,115131,0
10014,267,100201K,临床医学,本科(普通),,10,医学,102,临床医学类,医学学士,五年,,,103337,18000
9452,1216,100202TK,麻醉学,本科(普通),,10,医学,102,临床医学类,医学学士,五年,,,87952,16900
9527,1217,100203TK,医学影像学,本科(普通),,10,医学,102,临床医学类,医学学士,五年,,,88080,12600
9146,1218,100204TK,眼视光医学,本科(普通),,10,医学,102,临床医学类,医学学士,五年,,,80744,17200
9297,1219,100205TK,精神医学,本科(普通),,10,医学,102,临床医学类,医学学士,五年,,,110663,14400
9326,1220,100206TK,放射医学,本科(普通),,10,医学,102,临床医学类,医学学士,五年,,,76169,15900
9080,1252,100207TK,儿科学,本科(普通),,10,医学,102,临床医学类,医学学士,五年,,,82340,0
9751,268,100301K,口腔医学,本科(普通),,10,医学,103,口腔医学类,医学学士,五年,,,101217,17800
9965,269,100401K,预防医学,本科(普通),,10,医学,104,公共卫生与预防医学类,医学学士,五年,,,101105,16000
9627,270,100402,食品卫生与营养学,本科(普通),,10,医学,104,公共卫生与预防医学类,理学学士,四年,,,78829,22500
9381,1221,100403TK,妇幼保健医学,本科(普通),,10,医学,104,公共卫生与预防医学类,医学学士,五年,,,101788,17400
9522,1222,100404TK,卫生监督,本科(普通),,10,医学,104,公共卫生与预防医学类,医学学士,五年,,,75799,18000
9402,1223,100405TK,全球健康学,本科(普通),,10,医学,104,公共卫生与预防医学类,理学学士,四年,,,76155,17900
10535,8820,100406T,运动与公共健康,本科(普通),,10,医学,104,公共卫生与预防医学类,理学学士,四年,,,101078,0
9988,271,100501K,中医学,本科(普通),,10,医学,105,中医学类,医学学士,五年,,,104407,15300
9681,272,100502K,针灸推拿学,本科(普通),,10,医学,105,中医学类,医学学士,五年,,,110047,15700
9746,273,100503K,藏医学,本科(普通),,10,医学,105,中医学类,医学学士,五年,,,108272,16000
9609,274,100504K,蒙医学,本科(普通),,10,医学,105,中医学类,医学学士,五年,,,108272,15600
9744,275,100505K,维医学,本科(普通),,10,医学,105,中医学类,医学学士,五年,,,107947,14900
9632,276,100506K,壮医学,本科(普通),,10,医学,105,中医学类,医学学士,五年,,,107947,15700
9801,277,100507K,哈医学,本科(普通),,10,医学,105,中医学类,医学学士,五年,,,108272,14700
9119,1292,100508TK,傣医学,本科(普通),,10,医学,105,中医学类,医学学士,五年,,,96190,0
9324,1293,100509TK,回医学,本科(普通),,10,医学,105,中医学类,医学学士,五年,,,85435,0
10106,8418,100510TK,中医康复学,本科(普通),,10,医学,105,中医学类,医学学士,五年,,,90890,0
10245,8419,100511TK,中医养生学,本科(普通),,10,医学,105,中医学类,医学学士,五年,,,73456,0
10338,8420,100512TK,中医儿科学,本科(普通),,10,医学,105,中医学类,医学学士,五年,,,85256,0
10117,8421,100513TK,中医骨伤科学,本科(普通),,10,医学,105,中医学类,医学学士,五年,,,85256,0
9949,278,100601K,中西医临床医学,本科(普通),,10,医学,106,中西医结合类,医学学士,五年,,,115751,15000
9581,279,100701,药学,本科(普通),,10,医学,107,药学类,理学学士,四年,,,118263,15900
9963,280,100702,药物制剂,本科(普通),,10,医学,107,药学类,理学学士,四年,,,111362,12900
9288,1224,100703TK,临床药学,本科(普通),,10,医学,107,药学类,理学学士,五年，四年,,,119533,16400
9490,1225,100704T,药事管理,本科(普通),,10,医学,107,药学类,理学学士,四年,,,119806,18700
9342,1226,100705T,药物分析,本科(普通),,10,医学,107,药学类,理学学士,四年,,,119533,16700
9459,1227,100706T,药物化学,本科(普通),,10,医学,107,药学类,理学学士,四年,,,120359,19000
9220,1228,100707T,海洋药学,本科(普通),,10,医学,107,药学类,理学学士,四年,,,119822,11400
10340,8422,100708T,化妆品科学与技术,本科(普通),,10,医学,107,药学类,理学学士,四年,,,105335,0
9481,10128,100709TK,药物经济与管理,本科(普通),,10,医学,107,药学类,管理学学士,四年,,,0,0
9875,281,100801,中药学,本科(普通),,10,医学,108,中药学类,理学学士,四年,,,119813,14000
9732,282,100802,中药资源与开发,本科(普通),,10,医学,108,中药学类,理学学士,四年,,,113360,12700
9282,1229,100803T,藏药学,本科(普通),,10,医学,108,中药学类,理学学士,五年，四年,,,101074,15000
9532,1230,100804T,蒙药学,本科(普通),,10,医学,108,中药学类,理学学士,四年,,,102566,14300
9272,1231,100805T,中药制药,本科(普通),,10,医学,108,中药学类,"理学学士,工学学士",四年,,,121418,12200
9328,1232,100806T,中草药栽培与鉴定,本科(普通),,10,医学,108,中药学类,理学学士,四年,,,116020,13900
9763,283,100901K,法医学,本科(普通),,10,医学,109,法医学类,医学学士,五年,,,106609,17000
9687,284,101001,医学检验技术,本科(普通),,10,医学,1010,医学技术类,理学学士,四年,,,102484,15100
9789,285,101002,医学实验技术,本科(普通),,10,医学,1010,医学技术类,理学学士,四年,,,72635,16400
9902,286,101003,医学影像技术,本科(普通),,10,医学,1010,医学技术类,理学学士,四年,,,102941,15400
9868,287,101004,眼视光学,本科(普通),,10,医学,1010,医学技术类,理学学士,四年,,,62840,8000
9856,288,101005,康复治疗学,本科(普通),,10,医学,1010,医学技术类,理学学士,四年,,,92326,13600
9928,289,101006,口腔医学技术,本科(普通),,10,医学,1010,医学技术类,理学学士,四年,,,71515,16400
9969,290,101007,卫生检验与检疫,本科(普通),,10,医学,1010,医学技术类,理学学士,四年,,,74579,13100
9474,1233,101008T,听力与言语康复学,本科(普通),,10,医学,1010,医学技术类,理学学士,五年，四年,,,72560,16600
10368,8423,101009T,康复物理治疗,本科(普通),,10,医学,1010,医学技术类,理学学士,四年,,,112096,0
10359,8424,101010T,康复作业治疗,本科(普通),,10,医学,1010,医学技术类,理学学士,四年,,,110239,0
9343,10130,101016TK,健康与医疗保障,本科(普通),,10,医学,1010,医学技术类,管理学学士,四年,,,0,0
9286,10131,101017TK,老年医学与健康,本科(普通),,10,医学,1010,医学技术类,管理学学士,四年,,,0,0
9569,291,101101K,护理学,本科(普通),,10,医学,111,护理学类,理学学士,四年,,,81027,14100
10380,8426,101102TK,助产学,本科(普通),,10,医学,111,护理学类,理学学士,四年,,,76853,0
9999,292,120101,管理科学,本科(普通),,12,管理学,112,管理科学与工程类,"理学学士,管理学学士",五年，四年,,,96716,18600
9915,293,120102,信息管理与信息系统,本科(普通),,12,管理学,112,管理科学与工程类,"工学学士,管理学学士",四年,,,109939,19100
10030,295,120104,房地产开发与管理,本科(普通),,12,管理学,112,管理科学与工程类,管理学学士,四年,,,93672,23000
9863,296,120105,工程造价,本科(普通),,12,管理学,112,管理科学与工程类,"工学学士,管理学学士",四年,,,96413,22200
9434,1234,120106TK,保密管理,本科(普通),,12,管理学,112,管理科学与工程类,管理学学士,四年,,,77905,20900
10477,8427,120107T,邮政管理,本科(普通),,12,管理学,112,管理科学与工程类,管理学学士,四年,,,0,0
10467,8428,120108T,大数据管理与应用,本科(普通),,12,管理学,112,管理科学与工程类,管理学学士,四年,,,132496,0
10083,8429,120109T,工程审计,本科(普通),,12,管理学,112,管理科学与工程类,管理学学士,四年,,,0,0
10342,8430,120110T,计算金融,本科(普通),,12,管理学,112,管理科学与工程类,管理学学士,四年,,,0,0
10158,8687,120111T,应急管理,本科(普通),,12,管理学,112,管理科学与工程类,管理学学士,四年,,,63163,0
9870,297,120201K,工商管理,本科(普通),,12,管理学,1202,工商管理类,管理学学士,四年,,,118368,16800
9833,298,120202,市场营销,本科(普通),,12,管理学,1202,工商管理类,管理学学士,四年,,,116919,18100
9996,299,120203K,会计学,本科(普通),,12,管理学,1202,工商管理类,管理学学士,四年,,,121665,16900
9765,300,120204,财务管理,本科(普通),,12,管理学,1202,工商管理类,管理学学士,四年,,,119787,17800
9650,301,120205,国际商务,本科(普通),,12,管理学,1202,工商管理类,管理学学士,四年,,,115880,18800
9596,302,120206,人力资源管理,本科(普通),,12,管理学,1202,工商管理类,管理学学士,四年,,,117794,17400
10054,303,120207,审计学,本科(普通),,12,管理学,1202,工商管理类,管理学学士,四年,,,120980,20000
9891,304,120208,资产评估,本科(普通),,12,管理学,1202,工商管理类,管理学学士,四年,,,120837,20700
9993,305,120209,物业管理,本科(普通),,12,管理学,1202,工商管理类,管理学学士,四年,,,70846,17000
9750,306,120210,文化产业管理,本科(普通),,12,管理学,1202,工商管理类,"管理学学士,艺术学学士",四年,,,121519,17200
9158,1235,120211T,劳动关系,本科(普通),,12,管理学,1202,工商管理类,管理学学士,四年,,,113275,17200
9289,1236,120212T,体育经济与管理,本科(普通),,12,管理学,1202,工商管理类,管理学学士,四年,,,82309,19600
9378,1237,120213T,财务会计教育,本科(普通),,12,管理学,1202,工商管理类,管理学学士,四年,,,124687,13800
9418,1238,120214T,市场营销教育,本科(普通),,12,管理学,1202,工商管理类,管理学学士,四年,,,173046,12100
10395,8431,120215T,零售业管理,本科(普通),,12,管理学,1202,工商管理类,管理学学士,四年,,,119045,0
10417,8823,120216T,创业管理,本科(普通),,12,管理学,1202,工商管理类,管理学学士,四年,,,137428,0
10558,9345,120217TK,海关稽查,本科(普通),,12,管理学,1202,工商管理类,管理学学士,四年,,,133304,0
10956,9893,120218T,内部审计,本科(普通),,12,管理学,1202,工商管理类,管理学学士,四年,,,133937,0
9723,307,120301,农林经济管理,本科(普通),,12,管理学,114,农业经济管理类,管理学学士,四年,,,0,13500
9859,308,120302,农村区域发展,本科(普通),,12,管理学,114,农业经济管理类,"农学学士,管理学学士",四年,,,0,15200
10813,9788,120303TK,乡村治理,本科(普通),,12,管理学,114,农业经济管理类,管理学学士,四年,,,0,0
9582,309,120401,公共事业管理,本科(普通),,12,管理学,1204,公共管理类,管理学学士,四年,,,111765,15500
9841,310,120402,行政管理,本科(普通),,12,管理学,1204,公共管理类,管理学学士,四年,,,114245,16100
9664,311,120403,劳动与社会保障,本科(普通),,12,管理学,1204,公共管理类,管理学学士,四年,,,112076,17200
9964,312,120404,土地资源管理,本科(普通),,12,管理学,1204,公共管理类,"工学学士,管理学学士",四年,,,106634,17100
9985,313,120405,城市管理,本科(普通),,12,管理学,1204,公共管理类,管理学学士,四年,,,108354,16500
9395,1239,120406TK,海关管理,本科(普通),,12,管理学,1204,公共管理类,管理学学士,四年,,,108445,30800
9250,1240,120407T,交通管理,本科(普通),,12,管理学,1204,公共管理类,"工学学士,管理学学士",四年,,,108814,0
9400,1241,120408T,海事管理,本科(普通),,12,管理学,1204,公共管理类,管理学学士,四年,,,105050,16300
9454,1242,120409T,公共关系学,本科(普通),,12,管理学,1204,公共管理类,管理学学士,四年,,,117414,19700
9155,1254,120410T,健康服务与管理,本科(普通),,12,管理学,1204,公共管理类,管理学学士,四年,,,105557,0
10351,8432,120411TK,海警后勤管理,本科(普通),,12,管理学,1204,公共管理类,管理学学士,四年,,,132708,0
10384,8433,120412T,医疗产品管理,本科(普通),,12,管理学,1204,公共管理类,管理学学士,四年,,,46032,0
10372,8698,120413T,医疗保险,本科(普通),,12,管理学,1204,公共管理类,管理学学士,四年,,,44345,0
10257,8759,120414T,养老服务管理,本科(普通),,12,管理学,1204,公共管理类,管理学学士,四年,,,59533,0
10108,8824,120415TK,海关检验检疫安全,本科(普通),,12,管理学,1204,公共管理类,管理学学士,四年,,,126129,0
10394,8825,120416TK,海外安全管理,本科(普通),,12,管理学,1204,公共管理类,管理学学士,四年,,,145074,0
10441,8826,120417T,自然资源登记与管理,本科(普通),,12,管理学,1204,公共管理类,管理学学士,四年,,,106416,0
10764,9346,120418T,慈善管理,本科(普通),,12,管理学,1204,公共管理类,管理学学士,四年,,,0,0
10954,9789,120419TK,航空安防管理,本科(普通),,12,管理学,1204,公共管理类,管理学学士,四年,,,138882,0
10725,9790,120420TK,无障碍管理,本科(普通),,12,管理学,1204,公共管理类,管理学学士,四年,,,122487,0
9098,10132,120421TK,人才发展与管理,本科(普通),,12,管理学,1204,公共管理类,管理学学士,四年,,,0,0
9706,314,120501,图书馆学,本科(普通),,12,管理学,1205,图书情报与档案管理类,管理学学士,四年,,,129923,18700
10022,315,120502,档案学,本科(普通),,12,管理学,1205,图书情报与档案管理类,管理学学士,四年,,,129084,16000
9878,316,120503,信息资源管理,本科(普通),,12,管理学,1205,图书情报与档案管理类,管理学学士,四年,,,128510,18100
10049,317,120601,物流管理,本科(普通),,12,管理学,117,物流管理与工程类,管理学学士,四年,,,115115,17900
9848,318,120602,物流工程,本科(普通),,12,管理学,117,物流管理与工程类,"工学学士,管理学学士",四年,,,94141,17300
9320,1243,120603T,采购管理,本科(普通),,12,管理学,117,物流管理与工程类,管理学学士,四年,,,88880,34200
10331,8434,120604T,供应链管理,本科(普通),,12,管理学,117,物流管理与工程类,管理学学士,四年,,,88347,0
9229,1244,120702T,标准化工程,本科(普通),,12,管理学,118,工业工程类,管理学学士,四年,,,94956,18000
9202,1245,120703T,质量管理工程,本科(普通),,12,管理学,118,工业工程类,管理学学士,四年,,,105465,18300
9904,320,120801,电子商务,本科(普通),,12,管理学,119,电子商务类,"经济学学士,工学学士,管理学学士",四年,,,120420,16700
9508,1246,120802T,电子商务及法律,本科(普通),,12,管理学,119,电子商务类,管理学学士,四年,,,115031,16400
10316,8701,120803T,跨境电子商务,本科(普通),,12,管理学,119,电子商务类,管理学学士,四年,,,96815,0
9761,321,120901K,旅游管理,本科(普通),,12,管理学,1209,旅游管理类,管理学学士,四年,,,117890,15600
9962,322,120902,酒店管理,本科(普通),,12,管理学,1209,旅游管理类,管理学学士,四年,,,121802,16400
10007,323,120903,会展经济与管理,本科(普通),,12,管理学,1209,旅游管理类,管理学学士,四年,,,119538,15200
9354,1247,120904T,旅游管理与服务教育,本科(普通),,12,管理学,1209,旅游管理类,管理学学士,四年,,,50398,14300
9317,10133,120905TK,国际邮轮管理,本科(普通),,12,管理学,1209,旅游管理类,管理学学士,四年,,,0,0
9970,324,130101,艺术史论,本科(普通),,13,艺术学,121,艺术学理论类,艺术学学士,四年,,,90303,20600
10355,8435,130102T,艺术管理,本科(普通),,13,艺术学,121,艺术学理论类,艺术学学士,四年,,,103017,0
10543,8827,130103T,非物质文化遗产保护,本科(普通),,13,艺术学,121,艺术学理论类,艺术学学士,四年,,,118658,0
10006,325,130201,音乐表演,本科(普通),,13,艺术学,1302,音乐与舞蹈学类,艺术学学士,四年,,,73887,13800
9682,326,130202,音乐学,本科(普通),,13,艺术学,1302,音乐与舞蹈学类,艺术学学士,四年，五年,,,85504,14800
9816,327,130203,作曲与作曲技术理论,本科(普通),,13,艺术学,1302,音乐与舞蹈学类,艺术学学士,四年，五年,,,72179,20800
9818,328,130204,舞蹈表演,本科(普通),,13,艺术学,1302,音乐与舞蹈学类,艺术学学士,四年,,,71411,10300
9950,329,130205,舞蹈学,本科(普通),,13,艺术学,1302,音乐与舞蹈学类,艺术学学士,四年,,,81516,15400
9831,330,130206,舞蹈编导,本科(普通),,13,艺术学,1302,音乐与舞蹈学类,艺术学学士,四年,,,81328,11500
10205,8436,130207T,舞蹈教育,本科(普通),,13,艺术学,1302,音乐与舞蹈学类,艺术学学士,四年,,,89442,0
10551,8437,130208TK,航空服务艺术与管理,本科(普通),,13,艺术学,1302,音乐与舞蹈学类,艺术学学士,四年,,,58744,0
10197,8438,130209T,流行音乐,本科(普通),,13,艺术学,1302,音乐与舞蹈学类,艺术学学士,四年,,,115059,0
10382,8439,130210T,音乐治疗,本科(普通),,13,艺术学,1302,音乐与舞蹈学类,艺术学学士,四年,,,92299,0
10425,8440,130211T,流行舞蹈,本科(普通),,13,艺术学,1302,音乐与舞蹈学类,艺术学学士,四年,,,75084,0
9981,2124,130212T,音乐教育,本科(普通),,13,艺术学,1302,音乐与舞蹈学类,艺术学学士,四年,,,91167,0
10918,9894,130213TK,冰雪舞蹈表演,本科(普通),,13,艺术学,1302,音乐与舞蹈学类,艺术学学士,四年,,,108112,0
9441,10134,130214TK,舞蹈治疗,本科(普通),,13,艺术学,1302,音乐与舞蹈学类,艺术学学士,四年,,,0,0
9102,10135,130215T,音乐科技,本科(普通),,13,艺术学,1302,音乐与舞蹈学类,艺术学学士,四年,,,0,0
9917,331,130301,表演,本科(普通),,13,艺术学,123,戏剧与影视学类,艺术学学士,四年,,,90247,15900
9911,332,130302,戏剧学,本科(普通),,13,艺术学,123,戏剧与影视学类,艺术学学士,四年,,,89783,18700
9994,333,130303,电影学,本科(普通),,13,艺术学,123,戏剧与影视学类,艺术学学士,四年,,,91561,18400
9846,334,130304,戏剧影视文学,本科(普通),,13,艺术学,123,戏剧与影视学类,艺术学学士,四年,,,98885,20600
9645,335,130305,广播电视编导,本科(普通),,13,艺术学,123,戏剧与影视学类,艺术学学士,四年,,,123297,17800
9722,336,130306,戏剧影视导演,本科(普通),,13,艺术学,123,戏剧与影视学类,艺术学学士,四年,,,69008,23800
9971,337,130307,戏剧影视美术设计,本科(普通),,13,艺术学,123,戏剧与影视学类,艺术学学士,四年,,,83863,19700
9922,338,130308,录音艺术,本科(普通),,13,艺术学,123,戏剧与影视学类,艺术学学士,四年,,,89787,17600
9860,339,130309,播音与主持艺术,本科(普通),,13,艺术学,123,戏剧与影视学类,艺术学学士,四年,,,88717,15200
10016,340,130310,动画,本科(普通),,13,艺术学,123,戏剧与影视学类,艺术学学士,四年,,,128187,17300
9161,1248,130311T,影视摄影与制作,本科(普通),,13,艺术学,123,戏剧与影视学类,艺术学学士,四年,,,123432,18100
10272,8441,130312T,影视技术,本科(普通),,13,艺术学,123,戏剧与影视学类,艺术学学士,四年,,,136177,0
10283,8442,130313T,戏剧教育,本科(普通),,13,艺术学,123,戏剧与影视学类,艺术学学士,四年,,,96789,0
10678,9347,130314TK,曲艺,本科(普通),,13,艺术学,123,戏剧与影视学类,艺术学学士,四年,,,93550,0
10716,9348,130315TK,音乐剧,本科(普通),,13,艺术学,123,戏剧与影视学类,艺术学学士,四年,,,0,0
9336,10136,130316T,数字戏剧,本科(普通),,13,艺术学,123,戏剧与影视学类,艺术学学士,五年,,,0,0
9179,10137,130317T,数字演艺设计,本科(普通),,13,艺术学,123,戏剧与影视学类,艺术学学士,四年,,,0,0
9515,10138,130318T,智能影像艺术,本科(普通),,13,艺术学,123,戏剧与影视学类,艺术学学士,四年,,,0,0
9749,341,130401,美术学,本科(普通),,13,艺术学,1304,美术学类,艺术学学士,四年,,,127759,16300
9866,342,130402,绘画,本科(普通),,13,艺术学,1304,美术学类,艺术学学士,四年,,,127834,17300
10002,343,130403,雕塑,本科(普通),,13,艺术学,1304,美术学类,艺术学学士,五年，四年,,,127834,16000
9618,344,130404,摄影,本科(普通),,13,艺术学,1304,美术学类,艺术学学士,四年,,,124395,18000
9214,1249,130405T,书法学,本科(普通),,13,艺术学,1304,美术学类,艺术学学士,四年,,,131707,8800
9471,1250,130406T,中国画,本科(普通),,13,艺术学,1304,美术学类,艺术学学士,四年,,,131731,14400
9278,1294,130407TK,实验艺术,本科(普通),,13,艺术学,1304,美术学类,艺术学学士,四年,,,125018,0
9403,1295,130408TK,跨媒体艺术,本科(普通),,13,艺术学,1304,美术学类,艺术学学士,四年,,,125228,0
10209,8443,130409T,文物保护与修复,本科(普通),,13,艺术学,1304,美术学类,艺术学学士,四年,,,124902,0
10183,8444,130410T,漫画,本科(普通),,13,艺术学,1304,美术学类,艺术学学士,四年,,,0,0
10430,8828,130411T,纤维艺术,本科(普通),,13,艺术学,1304,美术学类,艺术学学士,四年,,,108615,0
10774,9349,130412TK,科技艺术,本科(普通),,13,艺术学,1304,美术学类,艺术学学士,四年,,,127820,0
9906,3038,130413TK,美术教育,本科(普通),,13,艺术学,1304,美术学类,艺术学学士,四年,,,91853,0
9489,10139,130414T,虚拟空间艺术,本科(普通),,13,艺术学,1304,美术学类,艺术学学士,四年,,,0,0
9897,345,130501,艺术设计学,本科(普通),,13,艺术学,125,设计学类,艺术学学士,四年,,,125297,19000
9639,346,130502,视觉传达设计,本科(普通),,13,艺术学,125,设计学类,艺术学学士,四年,,,124251,17300
9888,347,130503,环境设计,本科(普通),,13,艺术学,125,设计学类,艺术学学士,四年,,,113107,17000
9585,348,130504,产品设计,本科(普通),,13,艺术学,125,设计学类,艺术学学士,四年,,,123022,19200
9990,349,130505,服装与服饰设计,本科(普通),,13,艺术学,125,设计学类,艺术学学士,四年,,,117307,20400
9571,350,130506,公共艺术,本科(普通),,13,艺术学,125,设计学类,艺术学学士,四年,,,125956,18800
9718,351,130507,工艺美术,本科(普通),,13,艺术学,125,设计学类,艺术学学士,四年,,,123891,15300
9575,352,130508,数字媒体艺术,本科(普通),,13,艺术学,125,设计学类,艺术学学士,四年,,,123825,25200
9181,1251,130509T,艺术与科技,本科(普通),,13,艺术学,125,设计学类,艺术学学士,五年，四年,,,125299,17400
9380,1253,130510TK,陶瓷艺术设计,本科(普通),,13,艺术学,125,设计学类,艺术学学士,四年,,,118666,0
10156,8445,130511T,新媒体艺术,本科(普通),,13,艺术学,125,设计学类,艺术学学士,四年,,,125537,0
10378,8446,130512T,包装设计,本科(普通),,13,艺术学,125,设计学类,艺术学学士,四年,,,127192,0
10718,9350,130513TK,珠宝首饰设计与工艺,本科(普通),,13,艺术学,125,设计学类,艺术学学士,四年,,,0,0
9476,10140,130514T,人居设计,本科(普通),,13,艺术学,125,设计学类,艺术学学士,四年,,,0,0
9303,10141,130515TK,游戏艺术设计,本科(普通),,13,艺术学,125,设计学类,艺术学学士,四年,,,0,0
9629,354,410101,种子生产与经营,专科(高职),,15,农林牧渔大类,410101,农业类,,三年,,,92000,7200
10240,8905,410102,作物生产与经营管理,专科(高职),,15,农林牧渔大类,410102,农业类,,三年,,,126563,8000
9782,356,410103,现代农业技术,专科(高职),,15,农林牧渔大类,410103,农业类,,三年,,,117422,9400
9578,358,410104,生态农业技术,专科(高职),,15,农林牧渔大类,410104,农业类,,三年,,,133638,10800
9692,359,410105,园艺技术,专科(高职),,15,农林牧渔大类,410105,农业类,,三年,,,90750,13400
9671,360,410106,植物保护与检疫技术,专科(高职),,15,农林牧渔大类,410106,农业类,,三年,,,116295,9300
10469,8906,410107,茶叶生产与加工技术,专科(高职),,15,农林牧渔大类,410107,农业类,,三年,,,96056,10200
10134,8907,410108,中草药栽培与加工技术,专科(高职),,15,农林牧渔大类,410108,农业类,,三年,,,118320,15000
10281,8908,410109,烟草栽培与加工技术,专科(高职),,15,农林牧渔大类,410109,农业类,,三年,,,99816,13600
10438,8909,410110,饲草生产技术,专科(高职),,15,农林牧渔大类,410110,农业类,,三年,,,103222,0
10292,8910,410111,食用菌生产与加工技术,专科(高职),,15,农林牧渔大类,410111,农业类,,三年,,,89560,0
9838,355,410112,设施农业与装备,专科(高职),,15,农林牧渔大类,410112,农业类,,三年,,,0,16200
10110,8911,410113,现代农业装备应用技术,专科(高职),,15,农林牧渔大类,410113,农业类,,三年,,,98621,14300
9844,365,410114,农产品加工与质量检测,专科(高职),,15,农林牧渔大类,410114,农业类,,三年,,,0,6800
10190,8912,410115,绿色食品生产技术,专科(高职),,15,农林牧渔大类,410115,农业类,,三年,,,92753,7500
9594,368,410116,农产品流通与管理,专科(高职),,15,农林牧渔大类,410116,农业类,,三年,,,108506,10300
10032,364,410117,棉花加工与经营管理,专科(高职),,15,农林牧渔大类,410117,农业类,,三年,,,107228,9800
10327,8913,410118,休闲农业经营与管理,专科(高职),,15,农林牧渔大类,410118,农业类,,三年,,,127303,14200
10685,9147,410119,现代农业经济管理,专科(高职),,15,农林牧渔大类,410119,农业类,,三年,,,118330,11400
10333,8914,410120,农村新型经济组织管理,专科(高职),,15,农林牧渔大类,410120,农业类,,三年,,,132417,10200
9542,10006,410121,高标准农田建设与应用技术,专科(高职),,15,农林牧渔大类,410121,农业类,,三年,,,0,0
9558,10008,410122,乡村治理技术,专科(高职),,15,农林牧渔大类,410122,农业类,,三年,,,0,0
9091,10269,410123,热带作物生产与加工技术,专科(高职),,15,农林牧渔大类,410123,农业类,,三年,,,0,0
9329,10271,410124,智慧农业技术与装备,专科(高职),,15,农林牧渔大类,410124,农业类,,三年,,,0,0
9758,372,410201,林业技术,专科(高职),,15,农林牧渔大类,410201,林业类,,三年,,,0,9400
9652,373,410202,园林技术,专科(高职),,15,农林牧渔大类,410202,林业类,,三年,,,55183,12600
9562,395,410203,草业技术,专科(高职),,15,农林牧渔大类,410203,林业类,,三年,,,0,10400
10173,8915,410204,花卉生产与花艺,专科(高职),,15,农林牧渔大类,410204,林业类,,三年,,,105851,0
9734,375,410205,经济林培育与利用,专科(高职),,15,农林牧渔大类,410205,林业类,,三年,,,108733,9600
10200,8916,410206,森林和草原资源保护,专科(高职),,15,农林牧渔大类,410206,林业类,,三年,,,130166,9100
10497,8917,410207,林草生态保护与修复,专科(高职),,15,农林牧渔大类,410207,林业类,,三年,,,95075,0
10574,9148,410208,野生动植物资源保护与利用,专科(高职),,15,农林牧渔大类,410208,林业类,,三年,,,0,8700
10290,8918,410209,自然保护地建设与管理,专科(高职),,15,农林牧渔大类,410209,林业类,,三年,,,95075,7500
10413,8919,410210,森林生态旅游与康养,专科(高职),,15,农林牧渔大类,410210,林业类,,三年,,,133514,7800
10724,9149,410211,林业信息技术应用,专科(高职),,15,农林牧渔大类,410211,林业类,,三年,,,148974,10100
10306,8920,410212,木业智能装备应用技术,专科(高职),,15,农林牧渔大类,410212,林业类,,三年,,,99961,10300
10184,8921,410213,木业产品设计与制造,专科(高职),,15,农林牧渔大类,410213,林业类,,三年,,,115415,12800
9216,10010,410214,现代竹木产品设计与制造,专科(高职),,15,农林牧渔大类,410214,林业类,,三年,,,0,0
9318,10274,410215,林草碳汇技术,专科(高职),,15,农林牧渔大类,410215,林业类,,三年,,,0,0
9778,385,410301,动物医学,专科(高职),,15,农林牧渔大类,410301,畜牧业类,,三年,,,86463,11300
9697,386,410302,动物药学,专科(高职),,15,农林牧渔大类,410302,畜牧业类,,三年,,,77844,0
9685,384,410303,畜牧兽医,专科(高职),,15,农林牧渔大类,410303,畜牧业类,,三年,,,0,10900
10304,8922,410304,中兽医,专科(高职),,15,农林牧渔大类,410304,畜牧业类,,三年,,,114397,0
10358,8923,410305,宠物医疗技术,专科(高职),,15,农林牧渔大类,410305,畜牧业类,,三年,,,121146,0
9711,387,410306,动物防疫与检疫,专科(高职),,15,农林牧渔大类,410306,畜牧业类,,三年,,,0,7500
10488,8924,410307,畜禽智能化养殖,专科(高职),,15,农林牧渔大类,410307,畜牧业类,,三年,,,158903,9900
10630,9150,410308,特种动物养殖技术,专科(高职),,15,农林牧渔大类,410308,畜牧业类,,三年,,,96824,10300
9840,389,410309,宠物养护与驯导,专科(高职),,15,农林牧渔大类,410309,畜牧业类,,三年,,,105536,11900
10383,8925,410310,动物营养与饲料,专科(高职),,15,农林牧渔大类,410310,畜牧业类,,三年,,,105530,9300
9814,394,410311,蚕桑技术,专科(高职),,15,农林牧渔大类,410311,畜牧业类,,三年,,,102466,10000
9737,398,410401,水产养殖技术,专科(高职),,15,农林牧渔大类,410401,渔业类,,三年,,,0,10600
9615,399,410402,海洋渔业技术,专科(高职),,15,农林牧渔大类,410402,渔业类,,三年,,,105198,11000
9877,400,410403,水族科学与技术,专科(高职),,15,农林牧渔大类,410403,渔业类,,三年,,,79053,0
9603,401,410404,水生动物医学,专科(高职),,15,农林牧渔大类,410404,渔业类,,三年,,,88731,9900
9126,10012,410405,休闲渔业经营与管理,专科(高职),,15,农林牧渔大类,410405,渔业类,,三年,,,0,0
9668,403,420101,国土资源调查与管理,专科(高职),,16,资源环境与安全大类,420101,资源勘查类,,三年,,,0,8000
9774,404,420102,地质调查与矿产普查,专科(高职),,16,资源环境与安全大类,420102,资源勘查类,,三年,,,123860,13200
10080,8926,420103,生态地质调查,专科(高职),,16,资源环境与安全大类,420103,资源勘查类,,三年,,,106416,0
10208,8927,420104,矿产地质勘查,专科(高职),,16,资源环境与安全大类,420104,资源勘查类,,三年,,,136678,10200
10344,8928,420105,煤田地质勘查,专科(高职),,16,资源环境与安全大类,420105,资源勘查类,,三年,,,136885,10300
10019,406,420106,岩矿分析与鉴定,专科(高职),,16,资源环境与安全大类,420106,资源勘查类,,三年,,,117474,8000
9989,407,420107,宝玉石鉴定与加工,专科(高职),,16,资源环境与安全大类,420107,资源勘查类,,三年,,,0,11800
9830,409,420201,工程地质勘查,专科(高职),,16,资源环境与安全大类,420201,地质类,,三年,,,109145,11100
9688,410,420202,水文与工程地质,专科(高职),,16,资源环境与安全大类,420202,地质类,,三年,,,106416,8300
9921,412,420203,矿山地质,专科(高职),,16,资源环境与安全大类,420203,地质类,,三年,,,116770,11600
10542,8929,420204,钻探工程技术,专科(高职),,16,资源环境与安全大类,420204,地质类,,三年,,,113543,12700
9710,416,420205,岩土工程技术,专科(高职),,16,资源环境与安全大类,420205,地质类,,三年,,,104802,6800
10029,413,420206,地球物理勘探技术,专科(高职),,16,资源环境与安全大类,420206,地质类,,三年,,,126354,14200
9657,414,420207,地质灾害调查与防治,专科(高职),,16,资源环境与安全大类,420207,地质类,,三年,,,106416,9900
9707,415,420208,环境地质工程,专科(高职),,16,资源环境与安全大类,420208,地质类,,三年,,,86950,9900
10231,8930,420209,城市地质勘查,专科(高职),,16,资源环境与安全大类,420209,地质类,,三年,,,129356,0
9913,417,420301,工程测量技术,专科(高职),,16,资源环境与安全大类,420301,测绘地理信息类,,三年,,,110970,11300
9621,419,420302,测绘工程技术,专科(高职),,16,资源环境与安全大类,420302,测绘地理信息类,,三年,,,110970,12900
9738,420,420303,测绘地理信息技术,专科(高职),,16,资源环境与安全大类,420303,测绘地理信息类,,三年,,,124531,10800
9839,418,420304,摄影测量与遥感技术,专科(高职),,16,资源环境与安全大类,420304,测绘地理信息类,,三年,,,149138,10900
9617,421,420305,地籍测绘与土地管理,专科(高职),,16,资源环境与安全大类,420305,测绘地理信息类,,三年,,,139989,12900
10218,8931,420306,国土空间规划与测绘,专科(高职),,16,资源环境与安全大类,420306,测绘地理信息类,,三年,,,122101,11300
10317,8932,420307,无人机测绘技术,专科(高职),,16,资源环境与安全大类,420307,测绘地理信息类,,三年,,,151787,0
9704,422,420308,矿山测量,专科(高职),,16,资源环境与安全大类,420308,测绘地理信息类,,三年,,,113394,8400
9579,424,420309,导航与位置服务,专科(高职),,16,资源环境与安全大类,420309,测绘地理信息类,,三年,,,145787,11300
10416,8933,420310,空间数字建模与应用技术,专科(高职),,16,资源环境与安全大类,420310,测绘地理信息类,,三年,,,305476,11200
9712,430,420401,油气储运技术,专科(高职),,16,资源环境与安全大类,420401,石油与天然气类,,三年,,,118969,9400
9876,431,420402,油气地质勘探技术,专科(高职),,16,资源环境与安全大类,420402,石油与天然气类,,三年,,,115826,13200
9728,428,420403,钻井技术,专科(高职),,16,资源环境与安全大类,420403,石油与天然气类,,三年,,,113543,12200
10085,8934,420404,油气智能开采技术,专科(高职),,16,资源环境与安全大类,420404,石油与天然气类,,三年,,,98961,11000
9845,432,420405,油田化学应用技术,专科(高职),,16,资源环境与安全大类,420405,石油与天然气类,,三年,,,118792,11600
9665,433,420406,石油工程技术,专科(高职),,16,资源环境与安全大类,420406,石油与天然气类,,三年,,,114650,12900
10675,9151,420501,煤矿智能开采技术,专科(高职),,16,资源环境与安全大类,420501,煤炭类,,三年,,,117203,12700
10329,8935,420502,矿井建设工程技术,专科(高职),,16,资源环境与安全大类,420502,煤炭类,,三年,,,104802,15200
10437,8936,420503,通风技术与安全管理,专科(高职),,16,资源环境与安全大类,420503,煤炭类,,三年,,,0,13500
10996,9152,420504,矿山机电与智能装备,专科(高职),,16,资源环境与安全大类,420504,煤炭类,,三年,,,110653,10100
10943,9153,420505,煤炭清洁利用技术,专科(高职),,16,资源环境与安全大类,420505,煤炭类,,三年,,,117333,7000
9926,442,420506,煤层气采输技术,专科(高职),,16,资源环境与安全大类,420506,煤炭类,,三年,,,105650,13500
10745,9154,420601,矿山智能开采技术,专科(高职),,16,资源环境与安全大类,420601,金属与非金属矿类,,三年,,,117203,14000
10033,445,420602,矿物加工技术,专科(高职),,16,资源环境与安全大类,420602,金属与非金属矿类,,三年,,,118279,12400
10000,447,420701,大气科学技术,专科(高职),,16,资源环境与安全大类,420701,气象类,,三年,,,155261,8800
9843,448,420702,大气探测技术,专科(高职),,16,资源环境与安全大类,420702,气象类,,三年,,,151932,8800
9958,449,420703,应用气象技术,专科(高职),,16,资源环境与安全大类,420703,气象类,,三年,,,124531,9300
10287,8937,420704,雷电防护技术,专科(高职),,16,资源环境与安全大类,420704,气象类,,三年,,,116165,9000
10785,9155,420801,环境监测技术,专科(高职),,16,资源环境与安全大类,420801,环境保护类,,三年,,,116571,8600
10036,454,420802,环境工程技术,专科(高职),,16,资源环境与安全大类,420802,环境保护类,,三年,,,0,10900
10061,8938,420803,生态保护技术,专科(高职),,16,资源环境与安全大类,420803,环境保护类,,三年,,,0,10600
10179,8939,420804,生态环境大数据技术,专科(高职),,16,资源环境与安全大类,420804,环境保护类,,三年,,,156730,9900
10651,9156,420805,环境管理与评价,专科(高职),,16,资源环境与安全大类,420805,环境保护类,,三年,,,0,8900
10148,8940,420806,生态环境修复技术,专科(高职),,16,资源环境与安全大类,420806,环境保护类,,三年,,,133582,10100
10424,8941,420807,绿色低碳技术,专科(高职),,16,资源环境与安全大类,420807,环境保护类,,三年,,,97719,9600
10103,8942,420808,资源综合利用技术,专科(高职),,16,资源环境与安全大类,420808,环境保护类,,三年,,,97719,10700
9246,1299,420809,水净化与安全技术,专科(高职),,16,资源环境与安全大类,420809,环境保护类,,三年,,,0,0
9700,456,420810,核与辐射检测防护技术,专科(高职),,16,资源环境与安全大类,420810,环境保护类,,三年,,,162566,9700
10356,8943,420811,智能环保装备技术,专科(高职),,16,资源环境与安全大类,420811,环境保护类,,三年,,,114601,0
9811,465,420901,安全技术与管理,专科(高职),,16,资源环境与安全大类,420901,安全类,,三年,,,124531,15800
9717,463,420902,化工安全技术,专科(高职),,16,资源环境与安全大类,420902,安全类,,三年,,,86706,13800
9742,466,420903,工程安全评价与监理,专科(高职),,16,资源环境与安全大类,420903,安全类,,三年,,,104026,14400
10201,8944,420904,安全智能监测技术,专科(高职),,16,资源环境与安全大类,420904,安全类,,三年,,,149384,14700
10496,8945,420905,应急救援技术,专科(高职),,16,资源环境与安全大类,420905,安全类,,三年,,,0,14900
10459,8946,420906,消防救援技术,专科(高职),,16,资源环境与安全大类,420906,安全类,,三年,,,124531,0
10088,8947,420907,森林草原防火技术,专科(高职),,16,资源环境与安全大类,420907,安全类,,三年,,,172527,10300
10826,9157,420908,职业健康安全技术,专科(高职),,16,资源环境与安全大类,420908,安全类,,三年,,,0,14700
9444,10013,420909,防灾减灾救灾技术,专科(高职),,16,资源环境与安全大类,420909,安全类,,三年,,,0,0
10046,469,430101,发电厂及电力系统,专科(高职),,17,能源动力与材料大类,430101,电力技术类,,三年,,,121979,12300
9654,474,430102,水电站机电设备与自动化,专科(高职),,17,能源动力与材料大类,430102,电力技术类,,三年,,,107880,9500
10101,8948,430103,水电站与电力网技术,专科(高职),,17,能源动力与材料大类,430103,电力技术类,,三年,,,101924,13800
10139,8949,430104,分布式发电与智能微电网技术,专科(高职),,17,能源动力与材料大类,430104,电力技术类,,三年,,,124772,11300
9947,471,430105,电力系统自动化技术,专科(高职),,17,能源动力与材料大类,430105,电力技术类,,三年,,,98880,10300
10539,8950,430106,电力系统继电保护技术,专科(高职),,17,能源动力与材料大类,430106,电力技术类,,三年,,,0,11300
10465,8951,430107,输配电工程技术,专科(高职),,17,能源动力与材料大类,430107,电力技术类,,三年,,,106810,12800
9931,470,430108,供用电技术,专科(高职),,17,能源动力与材料大类,430108,电力技术类,,三年,,,104068,11000
9802,479,430109,农业电气化技术,专科(高职),,17,能源动力与材料大类,430109,电力技术类,,三年,,,107064,11300
9469,1300,430110,机场电工技术,专科(高职),,17,能源动力与材料大类,430110,电力技术类,,三年,,,105372,0
9824,476,430111,电力客户服务与管理,专科(高职),,17,能源动力与材料大类,430111,电力技术类,,三年,,,105265,11400
9157,10016,430112,电力储能应用技术,专科(高职),,17,能源动力与材料大类,430112,电力技术类,,三年,,,0,0
10476,8952,430201,热能动力工程技术,专科(高职),,17,能源动力与材料大类,430201,热能与发电工程类,,三年,,,104966,10000
9666,482,430202,城市热能应用技术,专科(高职),,17,能源动力与材料大类,430202,热能与发电工程类,,三年,,,113829,19200
10335,8953,430203,地热开发技术,专科(高职),,17,能源动力与材料大类,430203,热能与发电工程类,,三年,,,131670,0
9624,493,430204,太阳能光热技术与应用,专科(高职),,17,能源动力与材料大类,430204,热能与发电工程类,,三年,,,0,12600
10409,8954,430205,发电运行技术,专科(高职),,17,能源动力与材料大类,430205,热能与发电工程类,,三年,,,111129,13100
10549,8955,430206,热工自动化技术,专科(高职),,17,能源动力与材料大类,430206,热能与发电工程类,,三年,,,119140,10600
9764,483,430207,核电站动力设备运行与维护,专科(高职),,17,能源动力与材料大类,430207,热能与发电工程类,,三年,,,112649,12300
10052,485,430208,电厂化学与环保技术,专科(高职),,17,能源动力与材料大类,430208,热能与发电工程类,,三年,,,110296,13000
10031,780,430301,光伏工程技术,专科(高职),,17,能源动力与材料大类,430301,新能源发电工程类,,三年,,,118653,12100
9803,487,430302,风力发电工程技术,专科(高职),,17,能源动力与材料大类,430302,新能源发电工程类,,三年,,,106439,12000
10043,489,430303,生物质能应用技术,专科(高职),,17,能源动力与材料大类,430303,新能源发电工程类,,三年,,,113752,13800
10357,8554,430304,氢能技术应用,专科(高职),,17,能源动力与材料大类,430304,新能源发电工程类,,三年,,,132789,0
9572,491,430305,工业节能技术,专科(高职),,17,能源动力与材料大类,430305,新能源发电工程类,,三年,,,117397,13200
9643,492,430306,节电技术与管理,专科(高职),,17,能源动力与材料大类,430306,新能源发电工程类,,三年,,,0,11700
10310,8956,430307,新能源材料应用技术,专科(高职),,17,能源动力与材料大类,430307,新能源发电工程类,,三年,,,130537,0
10299,8957,430401,钢铁智能冶金技术,专科(高职),,17,能源动力与材料大类,430401,黑色金属材料类,,三年,,,99741,13100
10532,8958,430402,智能轧钢技术,专科(高职),,17,能源动力与材料大类,430402,黑色金属材料类,,三年,,,117540,12000
10255,8959,430403,钢铁冶金设备维护,专科(高职),,17,能源动力与材料大类,430403,黑色金属材料类,,三年,,,107882,12800
10619,9158,430404,金属材料检测技术,专科(高职),,17,能源动力与材料大类,430404,黑色金属材料类,,三年,,,118496,12700
10646,9159,430501,有色金属智能冶金技术,专科(高职),,17,能源动力与材料大类,430501,有色金属材料类,,三年,,,93095,10700
10162,8960,430502,金属智能加工技术,专科(高职),,17,能源动力与材料大类,430502,有色金属材料类,,三年,,,117317,10100
9819,503,430503,金属精密成型技术,专科(高职),,17,能源动力与材料大类,430503,有色金属材料类,,三年,,,117317,10500
9190,1301,430504,储能材料技术,专科(高职),,17,能源动力与材料大类,430504,有色金属材料类,,三年,,,169019,0
10285,8961,430505,稀土材料技术,专科(高职),,17,能源动力与材料大类,430505,有色金属材料类,,三年,,,116779,0
9537,10281,430506,材料循环应用技术,专科(高职),,17,能源动力与材料大类,430506,有色金属材料类,,三年,,,0,0
9705,504,430601,材料工程技术,专科(高职),,17,能源动力与材料大类,430601,非金属材料类,,三年,,,128754,14300
10989,9160,430602,高分子材料智能制造技术,专科(高职),,17,能源动力与材料大类,430602,非金属材料类,,三年,,,104298,14300
10506,8962,430603,复合材料智能制造技术,专科(高职),,17,能源动力与材料大类,430603,非金属材料类,,三年,,,116486,11700
10509,8963,430604,航空复合材料成型与加工技术,专科(高职),,17,能源动力与材料大类,430604,非金属材料类,,三年,,,102697,0
9780,507,430605,非金属矿物材料技术,专科(高职),,17,能源动力与材料大类,430605,非金属材料类,,三年,,,117128,13400
9791,508,430606,光伏材料制备技术,专科(高职),,17,能源动力与材料大类,430606,非金属材料类,,三年,,,122432,14000
9641,510,430607,硅材料制备技术,专科(高职),,17,能源动力与材料大类,430607,非金属材料类,,三年,,,117088,14300
10455,8964,430608,炭材料工程技术,专科(高职),,17,能源动力与材料大类,430608,非金属材料类,,三年,,,117317,13100
10058,8965,430609,橡胶智能制造技术,专科(高职),,17,能源动力与材料大类,430609,非金属材料类,,三年,,,118621,13700
9262,10019,430610,电子信息材料应用技术,专科(高职),,17,能源动力与材料大类,430610,非金属材料类,,三年,,,0,0
9874,512,430701,建筑材料工程技术,专科(高职),,17,能源动力与材料大类,430701,建筑材料类,,三年,,,117128,18900
9745,516,430702,新型建筑材料技术,专科(高职),,17,能源动力与材料大类,430702,建筑材料类,,三年,,,119783,20600
9941,514,430703,建筑装饰材料技术,专科(高职),,17,能源动力与材料大类,430703,建筑材料类,,三年,,,131361,20400
9873,513,430704,建筑材料检测技术,专科(高职),,17,能源动力与材料大类,430704,建筑材料类,,三年,,,133212,18200
10220,8966,430705,装配式建筑构件智能制造技术,专科(高职),,17,能源动力与材料大类,430705,建筑材料类,,三年,,,105489,0
9591,518,440101,建筑设计,专科(高职),,18,土木建筑大类,440101,建筑设计类,,三年,,,102238,18300
9827,519,440102,建筑装饰工程技术,专科(高职),,18,土木建筑大类,440102,建筑设计类,,三年,,,88270,14700
9907,520,440103,古建筑工程技术,专科(高职),,18,土木建筑大类,440103,建筑设计类,,三年,,,109198,12200
9980,523,440104,园林工程技术,专科(高职),,18,土木建筑大类,440104,建筑设计类,,三年,,,67437,8900
9713,522,440105,风景园林设计,专科(高职),,18,土木建筑大类,440105,建筑设计类,,三年,,,103206,7700
9649,521,440106,建筑室内设计,专科(高职),,18,土木建筑大类,440106,建筑设计类,,三年,,,121347,14500
10516,8967,440107,建筑动画技术,专科(高职),,18,土木建筑大类,440107,建筑设计类,,三年,,,120115,14600
9497,10032,440108,装配化装修技术,专科(高职),,18,土木建筑大类,440108,建筑设计类,,三年,,,0,0
9796,525,440201,城乡规划,专科(高职),,18,土木建筑大类,440201,城乡规划与管理类,,三年,,,93153,0
10302,8968,440202,智慧城市管理技术,专科(高职),,18,土木建筑大类,440202,城乡规划与管理类,,三年,,,160044,14300
9919,526,440203,村镇建设与管理,专科(高职),,18,土木建筑大类,440203,城乡规划与管理类,,三年,,,125178,15200
9908,528,440301,建筑工程技术,专科(高职),,18,土木建筑大类,440301,土建施工类,,三年,,,102990,13900
10407,8969,440302,装配式建筑工程技术,专科(高职),,18,土木建筑大类,440302,土建施工类,,三年,,,104947,0
9930,531,440303,建筑钢结构工程技术,专科(高职),,18,土木建筑大类,440303,土建施工类,,三年,,,104186,13500
10140,8970,440304,智能建造技术,专科(高职),,18,土木建筑大类,440304,土建施工类,,三年,,,105662,0
9620,529,440305,地下与隧道工程技术,专科(高职),,18,土木建筑大类,440305,土建施工类,,三年,,,107213,13700
9808,530,440306,土木工程检测技术,专科(高职),,18,土木建筑大类,440306,土建施工类,,三年,,,104802,9800
9200,10034,440307,建筑加固与修复技术,专科(高职),,18,土木建筑大类,440307,土建施工类,,三年,,,0,0
9644,532,440401,建筑设备工程技术,专科(高职),,18,土木建筑大类,440401,建筑设备类,,三年,,,0,12000
9564,534,440402,建筑电气工程技术,专科(高职),,18,土木建筑大类,440402,建筑设备类,,三年,,,108024,10900
9961,533,440403,供热通风与空调工程技术,专科(高职),,18,土木建筑大类,440403,建筑设备类,,三年,,,105372,11200
9869,535,440404,建筑智能化工程技术,专科(高职),,18,土木建筑大类,440404,建筑设备类,,三年,,,122450,13500
9634,536,440405,工业设备安装工程技术,专科(高职),,18,土木建筑大类,440405,建筑设备类,,三年,,,108462,11200
10288,8971,440406,建筑消防技术,专科(高职),,18,土木建筑大类,440406,建筑设备类,,三年,,,102107,8500
9773,539,440501,工程造价,专科(高职),,18,土木建筑大类,440501,建设工程管理类,,三年,,,96413,15900
9785,538,440502,建设工程管理,专科(高职),,18,土木建筑大类,440502,建设工程管理类,,三年,,,73678,15400
10324,8972,440503,建筑经济信息化管理,专科(高职),,18,土木建筑大类,440503,建设工程管理类,,三年,,,142249,14300
9716,542,440504,建设工程监理,专科(高职),,18,土木建筑大类,440504,建设工程管理类,,三年,,,122186,11700
9089,10289,440505,智慧建筑运维管理,专科(高职),,18,土木建筑大类,440505,建设工程管理类,,三年,,,0,0
10017,543,440601,市政工程技术,专科(高职),,18,土木建筑大类,440601,市政工程类,,三年,,,70025,10100
9725,545,440602,给排水工程技术,专科(高职),,18,土木建筑大类,440602,市政工程类,,三年,,,114394,13500
9610,544,440603,城市燃气工程技术,专科(高职),,18,土木建筑大类,440603,市政工程类,,三年,,,114986,9400
10343,8973,440604,市政管网智能检测与维护,专科(高职),,18,土木建筑大类,440604,市政工程类,,三年,,,148942,0
10293,8974,440605,城市环境工程技术,专科(高职),,18,土木建筑大类,440605,市政工程类,,三年,,,95075,11300
9997,547,440701,房地产经营与管理,专科(高职),,18,土木建筑大类,440701,房地产类,,三年,,,78454,15400
10485,8975,440702,房地产智能检测与估价,专科(高职),,18,土木建筑大类,440702,房地产类,,三年,,,139485,14000
10473,8976,440703,现代物业管理,专科(高职),,18,土木建筑大类,440703,房地产类,,三年,,,67531,11500
10072,8977,450101,水文与水资源技术,专科(高职),,19,水利大类,450101,水文水资源类,,三年,,,95075,10900
9857,552,450102,水政水资源管理,专科(高职),,19,水利大类,450102,水文水资源类,,三年,,,99837,11100
9626,553,450201,水利工程,专科(高职),,19,水利大类,450201,水利工程与管理类,,三年,,,80423,13000
10089,8978,450202,智慧水利技术,专科(高职),,19,水利大类,450202,水利工程与管理类,,三年,,,105235,0
9674,554,450203,水利水电工程技术,专科(高职),,19,水利大类,450203,水利工程与管理类,,三年,,,0,12100
10540,8979,450204,水利水电工程智能管理,专科(高职),,19,水利大类,450204,水利工程与管理类,,三年,,,101361,14100
9942,556,450205,水利水电建筑工程,专科(高职),,19,水利大类,450205,水利工程与管理类,,三年,,,105235,15600
9799,557,450206,机电排灌工程技术,专科(高职),,19,水利大类,450206,水利工程与管理类,,三年,,,101662,12700
10515,8980,450207,治河与航道工程技术,专科(高职),,19,水利大类,450207,水利工程与管理类,,三年,,,104186,11300
10145,8981,450208,智能水务管理,专科(高职),,19,水利大类,450208,水利工程与管理类,,三年,,,145440,9700
10090,8982,450301,水电站设备安装与管理,专科(高职),,19,水利大类,450301,水利水电设备类,,三年,,,114410,13800
10330,8983,450302,水电站运行与智能管理,专科(高职),,19,水利大类,450302,水利水电设备类,,三年,,,101361,14100
10081,8984,450303,水利机电设备智能管理,专科(高职),,19,水利大类,450303,水利水电设备类,,三年,,,103666,13700
9977,564,450401,水土保持技术,专科(高职),,19,水利大类,450401,水土保持与水环境类,,三年,,,0,10700
10434,8985,450402,水环境智能监测与治理,专科(高职),,19,水利大类,450402,水土保持与水环境类,,三年,,,0,9500
10533,8986,450403,水生态修复技术,专科(高职),,19,水利大类,450403,水土保持与水环境类,,三年,,,0,0
9730,566,460101,机械设计与制造,专科(高职),,20,装备制造大类,460101,机械设计制造类,,三年,,,116964,11400
10369,8987,460102,数字化设计与制造技术,专科(高职),,20,装备制造大类,460102,机械设计制造类,,三年,,,174614,0
9708,568,460103,数控技术,专科(高职),,20,装备制造大类,460103,机械设计制造类,,三年,,,118064,11600
10768,9161,460104,机械制造及自动化,专科(高职),,20,装备制造大类,460104,机械设计制造类,,三年,,,116641,12000
9795,583,460105,工业设计,专科(高职),,20,装备制造大类,460105,机械设计制造类,,三年,,,104589,12100
9880,584,460106,工业工程技术,专科(高职),,20,装备制造大类,460106,机械设计制造类,,三年,,,114394,12200
10980,9162,460107,材料成型及控制技术,专科(高职),,20,装备制造大类,460107,机械设计制造类,,三年,,,118621,11000
10393,8988,460108,现代铸造技术,专科(高职),,20,装备制造大类,460108,机械设计制造类,,三年,,,115747,13200
10447,8989,460109,现代锻压技术,专科(高职),,20,装备制造大类,460109,机械设计制造类,,三年,,,118792,12000
10332,8990,460110,智能焊接技术,专科(高职),,20,装备制造大类,460110,机械设计制造类,,三年,,,129444,10100
10482,8991,460111,工业材料表面处理技术,专科(高职),,20,装备制造大类,460111,机械设计制造类,,三年,,,117128,0
10433,8992,460112,增材制造技术,专科(高职),,20,装备制造大类,460112,机械设计制造类,,三年,,,101377,0
9583,578,460113,模具设计与制造,专科(高职),,20,装备制造大类,460113,机械设计制造类,,三年,,,116150,11600
9676,570,460114,特种加工技术,专科(高职),,20,装备制造大类,460114,机械设计制造类,,三年,,,104963,12000
10483,8993,460115,智能光电制造技术,专科(高职),,20,装备制造大类,460115,机械设计制造类,,三年,,,118346,10200
9954,580,460116,电线电缆制造技术,专科(高职),,20,装备制造大类,460116,机械设计制造类,,三年,,,118621,16400
10224,8994,460117,内燃机制造与应用技术,专科(高职),,20,装备制造大类,460117,机械设计制造类,,三年,,,117269,14600
9885,582,460118,机械装备制造技术,专科(高职),,20,装备制造大类,460118,机械设计制造类,,三年,,,116976,11900
10166,8995,460119,工业产品质量检测技术,专科(高职),,20,装备制造大类,460119,机械设计制造类,,三年,,,97486,11500
9753,577,460120,理化测试与质检技术,专科(高职),,20,装备制造大类,460120,机械设计制造类,,三年,,,113079,10000
9365,10297,460121,电力装备智造与维护技术,专科(高职),,20,装备制造大类,460121,机械设计制造类,,三年,,,0,0
9525,10302,460122,轴承设计与制造技术,专科(高职),,20,装备制造大类,460122,机械设计制造类,,三年,,,0,0
10592,9163,460201,智能制造装备技术,专科(高职),,20,装备制造大类,460201,机电设备类,,三年,,,129716,9500
10609,9164,460202,机电设备技术,专科(高职),,20,装备制造大类,460202,机电设备类,,三年,,,105372,14700
9918,579,460203,电机与电器技术,专科(高职),,20,装备制造大类,460203,机电设备类,,三年,,,0,13100
9622,591,460204,新能源装备技术,专科(高职),,20,装备制造大类,460204,机电设备类,,三年,,,133183,11000
9854,589,460205,制冷与空调技术,专科(高职),,20,装备制造大类,460205,机电设备类,,三年,,,107394,12000
9739,599,460206,电梯工程技术,专科(高职),,20,装备制造大类,460206,机电设备类,,三年,,,109940,15700
9413,10307,460207,低空飞行器装备技术,专科(高职),,20,装备制造大类,460207,机电设备类,,三年,,,0,0
9152,10311,460208,机床智能化应用技术,专科(高职),,20,装备制造大类,460208,机电设备类,,三年,,,0,0
10035,592,460301,机电一体化技术,专科(高职),,20,装备制造大类,460301,自动化类,,三年,,,74692,13600
10458,8996,460302,智能机电技术,专科(高职),,20,装备制造大类,460302,自动化类,,三年,,,105167,0
10039,595,460303,智能控制技术,专科(高职),,20,装备制造大类,460303,自动化类,,三年,,,155659,10500
10227,8997,460304,智能机器人技术,专科(高职),,20,装备制造大类,460304,自动化类,,三年,,,171185,0
9871,600,460305,工业机器人技术,专科(高职),,20,装备制造大类,460305,自动化类,,三年,,,115043,11400
9910,593,460306,电气自动化技术,专科(高职),,20,装备制造大类,460306,自动化类,,三年,,,0,12400
9842,594,460307,工业过程自动化技术,专科(高职),,20,装备制造大类,460307,自动化类,,三年,,,115880,13000
10149,8998,460308,工业自动化仪表技术,专科(高职),,20,装备制造大类,460308,自动化类,,三年,,,128991,10300
9924,598,460309,液压与气动技术,专科(高职),,20,装备制造大类,460309,自动化类,,三年,,,114412,9300
10402,8999,460310,工业互联网应用,专科(高职),,20,装备制造大类,460310,自动化类,,三年,,,152080,0
10337,9000,460311,计量测试与应用技术,专科(高职),,20,装备制造大类,460311,自动化类,,三年,,,126502,0
9240,10313,460312,具身智能机器人技术,专科(高职),,20,装备制造大类,460312,自动化类,,三年,,,0,0
9935,601,460401,铁道机车车辆制造与维护,专科(高职),,20,装备制造大类,460401,轨道装备类,,三年,,,113929,0
10449,9001,460402,高速铁路动车组制造与维护,专科(高职),,20,装备制造大类,460402,轨道装备类,,三年,,,93506,0
10216,9002,460403,城市轨道交通车辆制造与维护,专科(高职),,20,装备制造大类,460403,轨道装备类,,三年,,,116640,0
10524,9003,460404,轨道交通通信信号设备制造与维护,专科(高职),,20,装备制造大类,460404,轨道装备类,,三年,,,135720,0
10321,9004,460405,轨道交通工程机械制造与维护,专科(高职),,20,装备制造大类,460405,轨道装备类,,三年,,,114994,0
10004,604,460501,船舶工程技术,专科(高职),,20,装备制造大类,460501,船舶与海洋工程装备类,,三年,,,110984,12200
9625,612,460502,船舶动力工程技术,专科(高职),,20,装备制造大类,460502,船舶与海洋工程装备类,,三年,,,108352,12400
10010,606,460503,船舶电气工程技术,专科(高职),,20,装备制造大类,460503,船舶与海洋工程装备类,,三年,,,135650,13100
10212,9005,460504,船舶智能焊接技术,专科(高职),,20,装备制造大类,460504,船舶与海洋工程装备类,,三年,,,100044,0
9771,607,460505,船舶舾装工程技术,专科(高职),,20,装备制造大类,460505,船舶与海洋工程装备类,,三年,,,109198,11900
9724,608,460506,船舶涂装工程技术,专科(高职),,20,装备制造大类,460506,船舶与海洋工程装备类,,三年,,,113987,12500
10504,9006,460507,船舶通信装备技术,专科(高职),,20,装备制造大类,460507,船舶与海洋工程装备类,,三年,,,138051,12200
9850,609,460508,游艇设计与制造,专科(高职),,20,装备制造大类,460508,船舶与海洋工程装备类,,三年,,,119140,15400
10125,9007,460509,邮轮内装技术,专科(高职),,20,装备制造大类,460509,船舶与海洋工程装备类,,三年,,,128888,0
10404,9008,460510,海洋工程装备技术,专科(高职),,20,装备制造大类,460510,船舶与海洋工程装备类,,三年,,,110984,13200
9140,10315,460511,海洋电力工程技术,专科(高职),,20,装备制造大类,460511,船舶与海洋工程装备类,,三年,,,0,0
9494,10268,460512,无人艇应用技术,专科(高职),,20,装备制造大类,460512,船舶与海洋工程装备类,,,,,0,0
9253,10273,460513,新能源船舶技术,专科(高职),,20,装备制造大类,460513,船舶与海洋工程装备类,,,,,0,0
10175,9009,460601,飞行器数字化制造技术,专科(高职),,20,装备制造大类,460601,航空装备类,,三年,,,116258,10600
10098,9010,460602,飞行器数字化装配技术,专科(高职),,20,装备制造大类,460602,航空装备类,,三年,,,105198,0
9834,615,460603,航空发动机制造技术,专科(高职),,20,装备制造大类,460603,航空装备类,,三年,,,95515,14100
10210,9011,460604,航空发动机装配调试技术,专科(高职),,20,装备制造大类,460604,航空装备类,,三年,,,105230,9200
10838,9165,460605,飞机机载设备装配调试技术,专科(高职),,20,装备制造大类,460605,航空装备类,,三年,,,92726,13300
10386,9012,460606,航空装备表面处理技术,专科(高职),,20,装备制造大类,460606,航空装备类,,三年,,,115747,0
9689,614,460607,飞行器维修技术,专科(高职),,20,装备制造大类,460607,航空装备类,,三年,,,124531,17200
9760,617,460608,航空发动机维修技术,专科(高职),,20,装备制造大类,460608,航空装备类,,三年,,,117825,14500
9798,622,460609,无人机应用技术,专科(高职),,20,装备制造大类,460609,航空装备类,,三年,,,144755,16300
9809,621,460610,航空材料精密成型技术,专科(高职),,20,装备制造大类,460610,航空装备类,,三年,,,118621,14000
10204,9013,460611,导弹维修技术,专科(高职),,20,装备制造大类,460611,航空装备类,,三年,,,117996,13600
9419,10037,460612,航天装备精密制造技术,专科(高职),,20,装备制造大类,460612,航空装备类,,三年,,,0,0
9239,10275,460613,航天装备智能装配技术,专科(高职),,20,装备制造大类,460613,航空装备类,,,,,0,0
10615,9166,460701,汽车制造与试验技术,专科(高职),,20,装备制造大类,460701,汽车制造类,,三年,,,146662,11100
9777,630,460702,新能源汽车技术,专科(高职),,20,装备制造大类,460702,汽车制造类,,三年,,,151731,11800
9611,626,460703,汽车电子技术,专科(高职),,20,装备制造大类,460703,汽车制造类,,三年,,,0,11500
10065,9014,460704,智能网联汽车技术,专科(高职),,20,装备制造大类,460704,汽车制造类,,三年,,,168602,0
10661,9167,460705,汽车造型与改装技术,专科(高职),,20,装备制造大类,460705,汽车制造类,,三年,,,152369,12800
9604,631,470101,食品生物技术,专科(高职),,21,生物与化工大类,470101,生物技术类,,三年,,,52573,10600
9743,633,470102,药品生物技术,专科(高职),,21,生物与化工大类,470102,生物技术类,,三年,,,0,11400
9914,634,470103,农业生物技术,专科(高职),,21,生物与化工大类,470103,生物技术类,,三年,,,0,10600
9889,632,470104,化工生物技术,专科(高职),,21,生物与化工大类,470104,生物技术类,,三年,,,115651,7500
10045,635,470105,生物产品检验检疫,专科(高职),,21,生物与化工大类,470105,生物技术类,,三年,,,115651,10700
10138,9015,470106,绿色生物制造技术,专科(高职),,21,生物与化工大类,470106,生物技术类,,三年,,,102127,0
10423,9016,470107,生物信息技术,专科(高职),,21,生物与化工大类,470107,生物技术类,,三年,,,0,0
9939,636,470201,应用化工技术,专科(高职),,21,生物与化工大类,470201,化工技术类,,三年,,,103330,11000
9679,637,470202,石油炼制技术,专科(高职),,21,生物与化工大类,470202,化工技术类,,三年,,,98159,12100
9793,640,470203,精细化工技术,专科(高职),,21,生物与化工大类,470203,化工技术类,,三年,,,116779,10200
9768,638,470204,石油化工技术,专科(高职),,21,生物与化工大类,470204,化工技术类,,三年,,,117245,9100
9747,647,470205,煤化工技术,专科(高职),,21,生物与化工大类,470205,化工技术类,,三年,,,98159,10300
9698,639,470206,高分子合成技术,专科(高职),,21,生物与化工大类,470206,化工技术类,,三年,,,116861,7000
9932,641,470207,海洋化工技术,专科(高职),,21,生物与化工大类,470207,化工技术类,,三年,,,119484,11700
10754,9168,470208,分析检验技术,专科(高职),,21,生物与化工大类,470208,化工技术类,,三年,,,125209,11600
10142,9017,470209,化工智能制造技术,专科(高职),,21,生物与化工大类,470209,化工技术类,,三年,,,103330,0
9584,643,470210,化工装备技术,专科(高职),,21,生物与化工大类,470210,化工技术类,,三年,,,104846,12000
9576,644,470211,化工自动化技术,专科(高职),,21,生物与化工大类,470211,化工技术类,,三年,,,104214,10800
9944,645,470212,涂装防护技术,专科(高职),,21,生物与化工大类,470212,化工技术类,,三年,,,116150,11300
9837,646,470213,烟花爆竹技术与管理,专科(高职),,21,生物与化工大类,470213,化工技术类,,三年,,,95378,12900
9115,10041,470214,现代工业清洗技术,专科(高职),,21,生物与化工大类,470214,化工技术类,,三年,,,0,0
9616,653,480101,化妆品技术,专科(高职),,22,轻工纺织大类,480101,轻化工类,,三年,,,118755,6300
10202,9018,480102,现代造纸技术,专科(高职),,22,轻工纺织大类,480102,轻化工类,,三年,,,105091,11900
9835,652,480103,家具设计与制造,专科(高职),,22,轻工纺织大类,480103,轻化工类,,三年,,,128369,10700
9820,656,480104,鞋类设计与工艺,专科(高职),,22,轻工纺织大类,480104,轻化工类,,三年,,,0,9500
10122,9019,480105,陶瓷制造技术与工艺,专科(高职),,22,轻工纺织大类,480105,轻化工类,,三年,,,115747,10200
9528,1258,480106,珠宝首饰技术与管理,专科(高职),,22,轻工纺织大类,480106,轻化工类,,三年,,,99289,0
9630,654,480107,皮革加工技术,专科(高职),,22,轻工纺织大类,480107,轻化工类,,三年,,,100161,10100
9806,655,480108,皮具制作与工艺,专科(高职),,22,轻工纺织大类,480108,轻化工类,,三年,,,102292,9900
9605,657,480109,乐器制造与维护,专科(高职),,22,轻工纺织大类,480109,轻化工类,,三年,,,104651,10000
10315,9020,480110,香料香精技术与工艺,专科(高职),,22,轻工纺织大类,480110,轻化工类,,三年,,,103901,10000
9998,651,480111,表面精饰工艺,专科(高职),,22,轻工纺织大类,480111,轻化工类,,三年,,,118792,10100
10024,659,480201,包装工程技术,专科(高职),,22,轻工纺织大类,480201,包装类,,三年,,,116601,0
9986,660,480202,包装策划与设计,专科(高职),,22,轻工纺织大类,480202,包装类,,三年,,,113314,0
9595,667,480301,数字印刷技术,专科(高职),,22,轻工纺织大类,480301,印刷类,,三年,,,0,15900
9925,666,480302,印刷媒体技术,专科(高职),,22,轻工纺织大类,480302,印刷类,,三年,,,108612,12200
10766,9169,480303,印刷数字图文技术,专科(高职),,22,轻工纺织大类,480303,印刷类,,三年,,,0,15000
9800,664,480304,印刷设备应用技术,专科(高职),,22,轻工纺织大类,480304,印刷类,,三年,,,128134,11700
9851,668,480401,现代纺织技术,专科(高职),,22,轻工纺织大类,480401,纺织服装类,,三年,,,94177,9200
9948,677,480402,服装设计与工艺,专科(高职),,22,轻工纺织大类,480402,纺织服装类,,三年,,,98220,12500
9865,669,480403,丝绸技术,专科(高职),,22,轻工纺织大类,480403,纺织服装类,,三年,,,0,10500
9599,676,480404,针织技术与针织服装,专科(高职),,22,轻工纺织大类,480404,纺织服装类,,三年,,,66752,10800
10512,9021,480405,数字化染整技术,专科(高职),,22,轻工纺织大类,480405,纺织服装类,,三年,,,105384,9300
9767,673,480406,纺织品设计,专科(高职),,22,轻工纺织大类,480406,纺织服装类,,三年,,,78154,12500
10312,9022,480407,现代家用纺织品设计,专科(高职),,22,轻工纺织大类,480407,纺织服装类,,三年,,,120239,8500
9741,675,480408,纺织材料与应用,专科(高职),,22,轻工纺织大类,480408,纺织服装类,,三年,,,93841,8500
10336,9023,480409,现代非织造技术,专科(高职),,22,轻工纺织大类,480409,纺织服装类,,三年,,,95515,0
9606,671,480410,纺织机电技术,专科(高职),,22,轻工纺织大类,480410,纺织服装类,,三年,,,0,11100
9920,672,480411,纺织品检验与贸易,专科(高职),,22,轻工纺织大类,480411,纺织服装类,,三年,,,62952,9100
9727,678,480412,皮革服装制作与工艺,专科(高职),,22,轻工纺织大类,480412,纺织服装类,,三年,,,107121,10200
10112,9024,490101,食品智能加工技术,专科(高职),,23,食品药品与粮食大类,490101,食品类,,三年,,,93660,13600
9691,682,490102,食品质量与安全,专科(高职),,23,食品药品与粮食大类,490102,食品类,,三年,,,90983,10400
10388,9025,490103,食品营养与健康,专科(高职),,23,食品药品与粮食大类,490103,食品类,,三年,,,0,11200
10897,9170,490104,食品检验检测技术,专科(高职),,23,食品药品与粮食大类,490104,食品类,,三年,,,114416,12500
9987,681,490105,酿酒技术,专科(高职),,23,食品药品与粮食大类,490105,食品类,,三年,,,104298,9400
9673,683,490106,食品贮运与营销,专科(高职),,23,食品药品与粮食大类,490106,食品类,,三年,,,94814,6100
9523,10277,490107,咖啡加工与应用技术,专科(高职),,23,食品药品与粮食大类,490107,食品类,,,,,0,0
9628,688,490201,药品生产技术,专科(高职),,23,食品药品与粮食大类,490201,药品与医疗器械类,,三年,,,0,9200
9189,1303,490202,生物制药技术,专科(高职),,23,食品药品与粮食大类,490202,药品与医疗器械类,,三年,,,129242,0
9449,1305,490203,药物制剂技术,专科(高职),,23,食品药品与粮食大类,490203,药品与医疗器械类,,三年,,,126799,0
9285,1302,490204,化学制药技术,专科(高职),,23,食品药品与粮食大类,490204,药品与医疗器械类,,三年,,,91118,0
9653,689,490205,兽药制药技术,专科(高职),,23,食品药品与粮食大类,490205,药品与医疗器械类,,三年,,,113752,10500
9974,690,490206,药品质量与安全,专科(高职),,23,食品药品与粮食大类,490206,药品与医疗器械类,,三年,,,0,7600
10028,691,490207,制药设备应用技术,专科(高职),,23,食品药品与粮食大类,490207,药品与医疗器械类,,三年,,,111042,9200
9968,692,490208,药品经营与管理,专科(高职),,23,食品药品与粮食大类,490208,药品与医疗器械类,,三年,,,0,13700
9304,1256,490209,食品药品监督管理,专科(高职),,23,食品药品与粮食大类,490209,药品与医疗器械类,,三年,,,71715,0
10341,9026,490210,智能医疗装备技术,专科(高职),,23,食品药品与粮食大类,490210,药品与医疗器械类,,三年,,,106294,9600
10246,9027,490211,医用电子仪器技术,专科(高职),,23,食品药品与粮食大类,490211,药品与医疗器械类,,三年,,,92345,9400
10520,9028,490212,医用材料与应用,专科(高职),,23,食品药品与粮食大类,490212,药品与医疗器械类,,三年,,,115065,0
10435,844,490213,医疗器械维护与管理,专科(高职),,23,食品药品与粮食大类,490213,药品与医疗器械类,,三年,,,90781,9300
10137,9029,490214,医疗器械经营与服务,专科(高职),,23,食品药品与粮食大类,490214,药品与医疗器械类,,三年,,,102138,0
10104,845,490215,康复工程技术,专科(高职),,23,食品药品与粮食大类,490215,药品与医疗器械类,,三年,,,0,8800
10129,9030,490216,保健食品质量与管理,专科(高职),,23,食品药品与粮食大类,490216,药品与医疗器械类,,三年,,,118485,10700
9675,695,490217,化妆品经营与管理,专科(高职),,23,食品药品与粮食大类,490217,药品与医疗器械类,,三年,,,115916,12100
10242,9031,490218,化妆品质量与安全,专科(高职),,23,食品药品与粮食大类,490218,药品与医疗器械类,,三年,,,122269,0
10102,9032,490301,粮食工程技术与管理,专科(高职),,23,食品药品与粮食大类,490301,粮食类,,三年,,,106452,11100
10311,9033,490302,粮食储运与质量安全,专科(高职),,23,食品药品与粮食大类,490302,粮食类,,三年,,,0,8200
11010,9659,230101,电力工程及自动化,本科(职业),,231,能源动力与材料大类,230101,电力技术类,工学学士,四年,,,0,0
10866,9662,230102,智能电网工程技术,本科(职业),,231,能源动力与材料大类,230102,电力技术类,工学学士,四年,,,0,0
9391,10009,230103,智慧综合能源工程,本科(职业),,231,能源动力与材料大类,230103,电力技术类,工学学士,四年,,,0,0
11020,9664,230201,热能动力工程,本科(职业),,231,能源动力与材料大类,230201,热能与发电工程类,工学学士,四年,,,0,0
9505,10011,230202,核工程与核技术应用,本科(职业),,231,能源动力与材料大类,230202,热能与发电工程类,工学学士,四年,,,0,0
10763,9666,230301,新能源发电工程技术,本科(职业),,231,能源动力与材料大类,230301,新能源发电工程类,工学学士,四年,,,0,0
10824,9668,230401,钢铁智能冶金技术,本科(职业),,231,能源动力与材料大类,230401,黑色金属材料类,工学学士,四年,,,0,0
10842,9903,230402,钢铁智能轧制技术,本科(职业),,231,能源动力与材料大类,230402,黑色金属材料类,工学学士,四年,,,0,0
10981,9673,230501,材料化冶金应用技术,本科(职业),,231,能源动力与材料大类,230501,有色金属材料类,工学学士,四年,,,0,0
10900,9676,230502,金属智能成型技术,本科(职业),,231,能源动力与材料大类,230502,有色金属材料类,工学学士,四年,,,0,0
10625,9680,230503,储能材料工程技术,本科(职业),,231,能源动力与材料大类,230503,有色金属材料类,工学学士,四年,,,0,0
10555,9681,230601,高分子材料工程技术,本科(职业),,231,能源动力与材料大类,230601,非金属材料类,工学学士,四年,,,0,0
10901,9683,230602,新材料与应用技术,本科(职业),,231,能源动力与材料大类,230602,非金属材料类,工学学士,四年,,,0,0
10639,9686,230701,建筑材料智能制造,本科(职业),,231,能源动力与材料大类,230701,建筑材料类,工学学士,四年,,,0,0
10569,9660,350101,工艺美术,本科(职业),,234,文化艺术大类,350101,艺术设计类,艺术学学士,四年,,,0,0
10564,9661,350102,视觉传达设计,本科(职业),,234,文化艺术大类,350102,艺术设计类,艺术学学士,四年,,,0,0
10694,9663,350103,数字媒体艺术,本科(职业),,234,文化艺术大类,350103,艺术设计类,艺术学学士,四年,,,0,0
10560,9665,350104,产品设计,本科(职业),,234,文化艺术大类,350104,艺术设计类,艺术学学士,四年,,,0,0
10816,9667,350105,服装与服饰设计,本科(职业),,234,文化艺术大类,350105,艺术设计类,艺术学学士,四年,,,0,0
10597,9670,350106,环境艺术设计,本科(职业),,234,文化艺术大类,350106,艺术设计类,艺术学学士,四年,,,0,0
10893,9672,350107,美术,本科(职业),,234,文化艺术大类,350107,艺术设计类,艺术学学士,四年,,,0,0
10605,9675,350108,公共艺术设计,本科(职业),,234,文化艺术大类,350108,艺术设计类,艺术学学士,四年,,,0,0
10650,9678,350109,游戏创意设计,本科(职业),,234,文化艺术大类,350109,艺术设计类,艺术学学士,四年,,,0,0
10940,9684,350110,展示艺术设计,本科(职业),,234,文化艺术大类,350110,艺术设计类,艺术学学士,四年,,,0,0
10975,9441,350111,数字影像设计,本科(职业),,234,文化艺术大类,350111,艺术设计类,艺术学学士,四年,,,0,0
10782,9443,350112,时尚品设计,本科(职业),,234,文化艺术大类,350112,艺术设计类,艺术学学士,四年,,,0,0
9201,10025,350113,陶瓷艺术设计,本科(职业),,234,文化艺术大类,350113,艺术设计类,艺术学学士,四年,,,0,0
9276,10296,350114,刺绣设计与工艺,本科(职业),,234,文化艺术大类,350114,艺术设计类,艺术学学士,,,,0,0
9417,10299,350115,智能人居设计,本科(职业),,234,文化艺术大类,350115,艺术设计类,艺术学学士,,,,0,0
10677,9498,350201,音乐表演,本科(职业),,234,文化艺术大类,350201,表演艺术类,艺术学学士,四年,,,0,0
10820,9500,350202,舞蹈表演与编导,本科(职业),,234,文化艺术大类,350202,表演艺术类,艺术学学士,四年,,,0,0
10750,9501,350203,戏曲表演,本科(职业),,234,文化艺术大类,350203,表演艺术类,艺术学学士,四年,,,0,0
10753,9502,350204,舞台艺术设计,本科(职业),,234,文化艺术大类,350204,表演艺术类,艺术学学士,四年,,,0,0
10626,9925,350205,戏剧影视表演,本科(职业),,234,文化艺术大类,350205,表演艺术类,艺术学学士,四年,,,0,0
10860,9503,350401,文物修复与保护,本科(职业),,234,文化艺术大类,350401,文化服务类,"历史学学士,艺术学学士,工学学士",四年,,,0,0
10966,9926,350402,公共文化管理,本科(职业),,234,文化艺术大类,350402,文化服务类,"管理学学士,艺术学学士",四年,,,0,0
10796,9927,350403,文化创意产业管理,本科(职业),,234,文化艺术大类,350403,文化服务类,"管理学学士,艺术学学士",四年,,,0,0
10620,9669,240101,建筑设计,本科(职业),,239,土木建筑大类,240101,建筑设计类,工学学士,四年,,,0,0
10923,9671,240102,建筑装饰工程,本科(职业),,239,土木建筑大类,240102,建筑设计类,工学学士,四年,,,0,0
10705,9674,240103,古建筑工程,本科(职业),,239,土木建筑大类,240103,建筑设计类,工学学士,四年,,,0,0
10707,9677,240104,园林景观工程,本科(职业),,239,土木建筑大类,240104,建筑设计类,工学学士,四年,,,0,0
10784,9679,240105,城市设计数字技术,本科(职业),,239,土木建筑大类,240105,建筑设计类,工学学士,四年,,,0,0
10871,9682,240201,城乡规划,本科(职业),,239,土木建筑大类,240201,城乡规划与管理类,工学学士,四年,,,0,0
10737,9685,240301,建筑工程,本科(职业),,239,土木建筑大类,240301,土建施工类,工学学士,四年,,,0,0
10674,9440,240302,智能建造工程,本科(职业),,239,土木建筑大类,240302,土建施工类,工学学士,四年,,,0,0
10709,9442,240303,城市地下工程,本科(职业),,239,土木建筑大类,240303,土建施工类,工学学士,四年,,,0,0
11017,9444,240304,建筑智能检测与修复,本科(职业),,239,土木建筑大类,240304,土建施工类,工学学士,四年,,,0,0
10590,9445,240401,建筑环境与能源工程,本科(职业),,239,土木建筑大类,240401,建筑设备类,工学学士,四年,,,0,0
10693,9446,240402,建筑电气与智能化工程,本科(职业),,239,土木建筑大类,240402,建筑设备类,工学学士,四年,,,0,0
10852,9447,240501,工程造价,本科(职业),,239,土木建筑大类,240501,建设工程管理类,"工学学士,管理学学士",四年,,,0,0
10867,9448,240502,建设工程管理,本科(职业),,239,土木建筑大类,240502,建设工程管理类,"工学学士,管理学学士",四年,,,0,0
10608,9449,240601,市政工程,本科(职业),,239,土木建筑大类,240601,市政工程类,工学学士,四年,,,0,0
11011,9450,240602,城市设施智慧管理,本科(职业),,239,土木建筑大类,240602,市政工程类,"工学学士,管理学学士",四年,,,0,0
10732,9904,240603,给排水工程,本科(职业),,239,土木建筑大类,240603,市政工程类,工学学士,四年,,,0,0
10568,9452,240701,房地产投资与策划,本科(职业),,239,土木建筑大类,240701,房地产类,"管理学学士,经济学学士",四年,,,0,0
10906,9454,240702,现代物业管理,本科(职业),,239,土木建筑大类,240702,房地产类,管理学学士,四年,,,0,0
9976,701,500101,铁道工程技术,专科(高职),,24,交通运输大类,500101,铁道运输类,,三年,,,104802,15200
10127,9034,500102,高速铁路施工与维护,专科(高职),,24,交通运输大类,500102,铁道运输类,,三年,,,104802,10100
10475,9035,500103,铁道桥梁隧道工程技术,专科(高职),,24,交通运输大类,500103,铁道运输类,,三年,,,104802,12100
10265,9036,500104,铁道养路机械应用技术,专科(高职),,24,交通运输大类,500104,铁道运输类,,三年,,,114145,11400
10298,9037,500105,铁道机车运用与维护,专科(高职),,24,交通运输大类,500105,铁道运输类,,三年,,,113482,14200
10073,9038,500106,铁道车辆技术,专科(高职),,24,交通运输大类,500106,铁道运输类,,三年,,,127728,12100
9701,700,500107,铁道供电技术,专科(高职),,24,交通运输大类,500107,铁道运输类,,三年,,,108077,12600
9883,710,500108,动车组检修技术,专科(高职),,24,交通运输大类,500108,铁道运输类,,三年,,,149569,13400
10498,9039,500109,高速铁路综合维修技术,专科(高职),,24,交通运输大类,500109,铁道运输类,,三年,,,108631,0
9573,703,500110,铁道信号自动控制,专科(高职),,24,交通运输大类,500110,铁道运输类,,三年,,,122343,10300
9862,704,500111,铁道通信与信息化技术,专科(高职),,24,交通运输大类,500111,铁道运输类,,三年,,,143157,10700
9807,705,500112,铁道交通运营管理,专科(高职),,24,交通运输大类,500112,铁道运输类,,三年,,,102128,8000
10309,9040,500113,高速铁路客运服务,专科(高职),,24,交通运输大类,500113,铁道运输类,,三年,,,80885,11000
9128,10282,500114,轨道车辆智能运维技术,专科(高职),,24,交通运输大类,500114,铁道运输类,,,,,0,0
10188,9041,500201,道路与桥梁工程技术,专科(高职),,24,交通运输大类,500201,道路运输类,,三年,,,104802,11800
10385,9042,500202,道路机械化施工技术,专科(高职),,24,交通运输大类,500202,道路运输类,,三年,,,110555,14800
10064,9043,500203,智能工程机械运用技术,专科(高职),,24,交通运输大类,500203,道路运输类,,三年,,,115773,10300
10086,9044,500204,道路工程检测技术,专科(高职),,24,交通运输大类,500204,道路运输类,,三年,,,110815,0
10159,9045,500205,道路工程造价,专科(高职),,24,交通运输大类,500205,道路运输类,,三年,,,106009,0
9593,714,500206,道路养护与管理,专科(高职),,24,交通运输大类,500206,道路运输类,,三年,,,102193,8900
10347,9046,500207,智能交通技术,专科(高职),,24,交通运输大类,500207,道路运输类,,三年,,,69949,11800
10370,9047,500208,道路运输管理,专科(高职),,24,交通运输大类,500208,道路运输类,,三年,,,100498,7800
9748,717,500209,交通运营管理,专科(高职),,24,交通运输大类,500209,道路运输类,,三年,,,100498,13400
10084,9048,500210,汽车技术服务与营销,专科(高职),,24,交通运输大类,500210,道路运输类,,三年,,,61848,13700
10780,9171,500211,汽车检测与维修技术,专科(高职),,24,交通运输大类,500211,道路运输类,,三年,,,150082,12900
10354,9049,500212,新能源汽车检测与维修技术,专科(高职),,24,交通运输大类,500212,道路运输类,,三年,,,152369,12600
9943,723,500301,航海技术,专科(高职),,24,交通运输大类,500301,水上运输类,,三年,,,92211,16400
9640,729,500302,港口与航道工程技术,专科(高职),,24,交通运输大类,500302,水上运输类,,三年,,,110294,9800
9893,732,500303,轮机工程技术,专科(高职),,24,交通运输大类,500303,水上运输类,,三年,,,106853,12700
9966,724,500304,国际邮轮乘务管理,专科(高职),,24,交通运输大类,500304,水上运输类,,三年,,,70094,11700
10237,9050,500305,水路运输安全管理,专科(高职),,24,交通运输大类,500305,水上运输类,,三年,,,92187,10000
10971,9172,500306,港口机械与智能控制,专科(高职),,24,交通运输大类,500306,水上运输类,,三年,,,118864,11700
9790,730,500307,港口与航运管理,专科(高职),,24,交通运输大类,500307,水上运输类,,三年,,,88685,10900
9726,725,500308,船舶电子电气技术,专科(高职),,24,交通运输大类,500308,水上运输类,,三年,,,151850,11600
10001,726,500309,船舶检验,专科(高职),,24,交通运输大类,500309,水上运输类,,三年,,,118590,11600
10021,735,500310,集装箱运输管理,专科(高职),,24,交通运输大类,500310,水上运输类,,三年,,,0,10300
10146,9051,500401,民航运输服务,专科(高职),,24,交通运输大类,500401,航空运输类,,三年,,,93853,10600
9927,737,500402,民航通信技术,专科(高职),,24,交通运输大类,500402,航空运输类,,三年,,,146336,11800
9775,738,500403,定翼机驾驶技术,专科(高职),,24,交通运输大类,500403,航空运输类,,三年,,,124531,11800
10048,739,500404,直升机驾驶技术,专科(高职),,24,交通运输大类,500404,航空运输类,,三年,,,124531,11200
9733,740,500405,空中乘务,专科(高职),,24,交通运输大类,500405,航空运输类,,三年,,,37709,13000
9815,741,500406,民航安全技术管理,专科(高职),,24,交通运输大类,500406,航空运输类,,三年,,,0,8400
9589,742,500407,民航空中安全保卫,专科(高职),,24,交通运输大类,500407,航空运输类,,三年,,,37709,10900
10319,9052,500408,机场运行服务与管理,专科(高职),,24,交通运输大类,500408,航空运输类,,三年,,,0,8400
9678,744,500409,飞机机电设备维修,专科(高职),,24,交通运输大类,500409,航空运输类,,三年,,,0,13100
9960,745,500410,飞机电子设备维修,专科(高职),,24,交通运输大类,500410,航空运输类,,三年,,,128193,11700
9660,746,500411,飞机部件修理,专科(高职),,24,交通运输大类,500411,航空运输类,,三年,,,98795,11800
10042,751,500412,通用航空器维修,专科(高职),,24,交通运输大类,500412,航空运输类,,三年,,,0,11400
9912,753,500413,飞机结构修理,专科(高职),,24,交通运输大类,500413,航空运输类,,三年,,,117546,17500
10050,747,500414,航空地面设备维修,专科(高职),,24,交通运输大类,500414,航空运输类,,三年,,,115967,8900
9879,748,500415,机场场务技术与管理,专科(高职),,24,交通运输大类,500415,航空运输类,,三年,,,122186,11700
9690,752,500416,通用航空航务技术,专科(高职),,24,交通运输大类,500416,航空运输类,,三年,,,126896,11200
10027,749,500417,航空油料,专科(高职),,24,交通运输大类,500417,航空运输类,,三年,,,99298,11500
9327,10288,500418,航空复合材料结构修理技术,专科(高职),,24,交通运输大类,500418,航空运输类,,,,,0,0
10026,754,500501,管道工程技术,专科(高职),,24,交通运输大类,500501,管道运输类,,三年,,,111946,10200
9817,755,500502,管道运输管理,专科(高职),,24,交通运输大类,500502,管道运输类,,三年,,,98611,10100
9566,760,500601,城市轨道交通工程技术,专科(高职),,24,交通运输大类,500601,城市轨道交通类,,三年,,,122186,14200
10228,9053,500602,城市轨道车辆应用技术,专科(高职),,24,交通运输大类,500602,城市轨道交通类,,三年,,,117996,10400
9821,757,500603,城市轨道交通机电技术,专科(高职),,24,交通运输大类,500603,城市轨道交通类,,三年,,,105372,8900
9805,758,500604,城市轨道交通通信信号技术,专科(高职),,24,交通运输大类,500604,城市轨道交通类,,三年,,,137439,14300
9934,759,500605,城市轨道交通供配电技术,专科(高职),,24,交通运输大类,500605,城市轨道交通类,,三年,,,0,12600
10020,761,500606,城市轨道交通运营管理,专科(高职),,24,交通运输大类,500606,城市轨道交通类,,三年,,,110359,13000
10077,9054,500701,邮政快递运营管理,专科(高职),,24,交通运输大类,500701,邮政类,,三年,,,92481,11100
10119,9055,500702,邮政快递智能技术,专科(高职),,24,交通运输大类,500702,邮政类,,三年,,,155616,0
9881,762,500703,邮政通信管理,专科(高职),,24,交通运输大类,500703,邮政类,,三年,,,134155,11000
10868,9451,260101,机械设计制造及自动化,本科(职业),,249,装备制造大类,260101,机械设计制造类,工学学士,四年,,,0,0
10861,9453,260102,智能制造工程技术,本科(职业),,249,装备制造大类,260102,机械设计制造类,工学学士,四年,,,0,0
10771,9455,260103,数控技术,本科(职业),,249,装备制造大类,260103,机械设计制造类,工学学士,四年,,,0,0
10640,9456,260104,工业设计,本科(职业),,249,装备制造大类,260104,机械设计制造类,工学学士,四年,,,0,0
10798,9457,260105,工业工程技术,本科(职业),,249,装备制造大类,260105,机械设计制造类,工学学士,四年,,,0,0
10689,9458,260106,材料成型及控制工程,本科(职业),,249,装备制造大类,260106,机械设计制造类,工学学士,四年,,,0,0
9504,10285,260107,增材制造工程技术,本科(职业),,249,装备制造大类,260107,机械设计制造类,工学学士,,,,0,0
9340,10290,260108,智能光电制造工程,本科(职业),,249,装备制造大类,260108,机械设计制造类,工学学士,,,,0,0
10801,9459,260201,装备智能化技术,本科(职业),,249,装备制造大类,260201,机电设备类,工学学士,四年,,,0,0
10904,9460,260202,制冷与空调工程,本科(职业),,249,装备制造大类,260202,机电设备类,工学学士,四年,,,0,0
10948,9461,260203,电梯工程技术,本科(职业),,249,装备制造大类,260203,机电设备类,工学学士,四年,,,0,0
9086,10292,260204,低空飞行器工程技术,本科(职业),,249,装备制造大类,260204,机电设备类,工学学士,,,,0,0
10734,9462,260301,机械电子工程技术,本科(职业),,249,装备制造大类,260301,自动化类,工学学士,四年,,,0,0
10772,9463,260302,电气工程及自动化,本科(职业),,249,装备制造大类,260302,自动化类,工学学士,四年,,,0,0
10598,9465,260303,智能控制技术,本科(职业),,249,装备制造大类,260303,自动化类,工学学士,四年,,,0,0
10880,9467,260304,机器人技术,本科(职业),,249,装备制造大类,260304,自动化类,工学学士,四年,,,0,0
10656,9470,260305,自动化技术与应用,本科(职业),,249,装备制造大类,260305,自动化类,工学学士,四年,,,0,0
10743,9472,260306,现代测控工程技术,本科(职业),,249,装备制造大类,260306,自动化类,工学学士,四年,,,0,0
10623,9473,260307,工业互联网工程,本科(职业),,249,装备制造大类,260307,自动化类,工学学士,四年,,,0,0
9550,10295,260308,具身智能工程技术,本科(职业),,249,装备制造大类,260308,自动化类,工学学士,,,,0,0
10881,9475,260401,轨道交通车辆工程技术,本科(职业),,249,装备制造大类,260401,轨道装备类,工学学士,四年,,,0,0
10572,9477,260402,轨道交通智能控制装备技术,本科(职业),,249,装备制造大类,260402,轨道装备类,工学学士,四年,,,0,0
10790,9479,260501,船舶智能制造技术,本科(职业),,249,装备制造大类,260501,船舶与海洋工程装备类,工学学士,四年,,,0,0
10614,9480,260502,船舶动力工程技术,本科(职业),,249,装备制造大类,260502,船舶与海洋工程装备类,工学学士,四年,,,0,0
10928,9482,260503,船舶电气工程技术,本科(职业),,249,装备制造大类,260503,船舶与海洋工程装备类,工学学士,四年,,,0,0
10584,9484,260601,航空智能制造技术,本科(职业),,249,装备制造大类,260601,航空装备类,工学学士,四年,,,0,0
10556,9486,260602,飞行器维修工程技术,本科(职业),,249,装备制造大类,260602,航空装备类,工学学士,四年,,,0,0
10938,9488,260603,航空动力装置维修技术,本科(职业),,249,装备制造大类,260603,航空装备类,工学学士,四年,,,0,0
10751,9489,260604,无人机系统应用技术,本科(职业),,249,装备制造大类,260604,航空装备类,工学学士,四年,,,0,0
9432,10014,260605,航空复合材料智造工程技术,本科(职业),,249,装备制造大类,260605,航空装备类,工学学士,四年,,,0,0
9215,10015,260606,电动飞行器应用技术,本科(职业),,249,装备制造大类,260606,航空装备类,工学学士,四年,,,0,0
9168,10300,260607,航空复合材料修理工程技术,本科(职业),,249,装备制造大类,260607,航空装备类,工学学士,,,,0,0
10738,9490,260701,汽车工程技术,本科(职业),,249,装备制造大类,260701,汽车制造类,工学学士,四年,,,0,0
10628,9491,260702,新能源汽车工程技术,本科(职业),,249,装备制造大类,260702,汽车制造类,工学学士,四年,,,0,0
10587,9492,260703,智能网联汽车工程技术,本科(职业),,249,装备制造大类,260703,汽车制造类,工学学士,四年,,,0,0
9501,10301,260704,汽车芯片与软件工程技术,本科(职业),,249,装备制造大类,260704,汽车制造类,工学学士,,,,0,0
9590,764,510101,电子信息工程技术,专科(高职),,25,电子与信息大类,182,电子信息类,,三年,,,152746,11400
9853,782,510102,物联网应用技术,专科(高职),,25,电子与信息大类,182,电子信息类,,三年,,,153136,18200
9601,765,510103,应用电子技术,专科(高职),,25,电子与信息大类,182,电子信息类,,三年,,,133638,12600
10717,9173,510104,电子产品制造技术,专科(高职),,25,电子与信息大类,182,电子信息类,,三年,,,116640,14100
11018,9174,510105,电子产品检测技术,专科(高职),,25,电子与信息大类,182,电子信息类,,三年,,,0,8500
9945,778,510106,移动互联应用技术,专科(高职),,25,电子与信息大类,182,电子信息类,,三年,,,148880,16500
9702,770,510107,汽车智能技术,专科(高职),,25,电子与信息大类,182,电子信息类,,三年,,,165224,13300
10983,9175,510108,智能产品开发与应用,专科(高职),,25,电子与信息大类,182,电子信息类,,三年,,,168022,12300
10109,9056,510109,智能光电技术应用,专科(高职),,25,电子与信息大类,182,电子信息类,,三年,,,146283,11600
9781,781,510110,光电显示技术,专科(高职),,25,电子与信息大类,182,电子信息类,,三年,,,131846,12700
9955,363,510111,低空安全与技术,专科(高职),,25,电子与信息大类,182,电子信息类,,,,,0,0
9731,783,510201,计算机应用技术,专科(高职),,25,电子与信息大类,183,计算机类,,三年,,,168447,11900
9608,784,510202,计算机网络技术,专科(高职),,25,电子与信息大类,183,计算机类,,三年,,,152732,11800
9656,787,510203,软件技术,专科(高职),,25,电子与信息大类,183,计算机类,,三年,,,150665,13900
10648,9176,510204,数字媒体技术,专科(高职),,25,电子与信息大类,183,计算机类,,三年,,,134307,12700
10645,9177,510205,大数据技术,专科(高职),,25,电子与信息大类,183,计算机类,,三年,,,0,11300
10155,9057,510206,云计算技术应用,专科(高职),,25,电子与信息大类,183,计算机类,,三年,,,145358,8900
10252,9058,510207,信息安全技术应用,专科(高职),,25,电子与信息大类,183,计算机类,,三年,,,126129,11000
10247,9059,510208,虚拟现实技术应用,专科(高职),,25,电子与信息大类,183,计算机类,,三年,,,129218,0
10097,9060,510209,人工智能技术应用,专科(高职),,25,电子与信息大类,183,计算机类,,三年,,,167669,0
10379,9061,510210,嵌入式技术应用,专科(高职),,25,电子与信息大类,183,计算机类,,三年,,,151386,12500
10418,9062,510211,工业互联网技术,专科(高职),,25,电子与信息大类,183,计算机类,,三年,,,152732,11500
10463,9063,510212,区块链技术应用,专科(高职),,25,电子与信息大类,183,计算机类,,三年,,,149816,0
9826,794,510213,移动应用开发,专科(高职),,25,电子与信息大类,183,计算机类,,三年,,,152417,20900
10284,9064,510214,工业软件开发技术,专科(高职),,25,电子与信息大类,183,计算机类,,三年,,,150266,0
9786,789,510215,动漫制作技术,专科(高职),,25,电子与信息大类,183,计算机类,,三年,,,129438,12500
10507,9065,510216,密码技术应用,专科(高职),,25,电子与信息大类,183,计算机类,,三年,,,124531,0
9166,10007,510217,人工智能数据工程技术,专科(高职),,25,电子与信息大类,183,计算机类,,三年,,,0,0
9491,10304,510218,数字孪生应用技术,专科(高职),,25,电子与信息大类,183,计算机类,,,,,0,0
9475,10309,510219,智能体技术应用,专科(高职),,25,电子与信息大类,183,计算机类,,,,,0,0
9183,10312,510220,开源技术应用,专科(高职),,25,电子与信息大类,183,计算机类,,,,,0,0
9404,10314,510221,信创系统技术应用,专科(高职),,25,电子与信息大类,183,计算机类,,,,,0,0
10786,9178,510301,现代通信技术,专科(高职),,25,电子与信息大类,510301,通信类,,三年,,,154133,11500
10307,9066,510302,现代移动通信技术,专科(高职),,25,电子与信息大类,510302,通信类,,三年,,,153623,10200
10553,9067,510303,通信软件技术,专科(高职),,25,电子与信息大类,510303,通信类,,三年,,,170476,0
10530,9068,510304,卫星通信与导航技术,专科(高职),,25,电子与信息大类,510304,通信类,,三年,,,155906,0
9967,800,510305,通信工程设计与监理,专科(高职),,25,电子与信息大类,510305,通信类,,三年,,,139967,10200
9677,799,510306,通信系统运行管理,专科(高职),,25,电子与信息大类,510306,通信类,,三年,,,138051,8700
10093,9069,510307,智能互联网络技术,专科(高职),,25,电子与信息大类,510307,通信类,,三年,,,149424,10500
10502,9070,510308,网络规划与优化技术,专科(高职),,25,电子与信息大类,510308,通信类,,三年,,,154413,0
9081,1097,510309,电信服务与管理,专科(高职),,25,电子与信息大类,510309,通信类,,三年,,,144563,7900
9499,10044,510310,数据中心运行与管理,专科(高职),,25,电子与信息大类,510310,通信类,,,,,0,0
9106,10265,510311,低空智联网技术,专科(高职),,25,电子与信息大类,510311,通信类,,三年,,,0,0
9422,10266,510312,量子通信技术应用,专科(高职),,25,电子与信息大类,510312,通信类,,三年,,,0,0
10552,9071,510401,集成电路技术,专科(高职),,25,电子与信息大类,510401,集成电路类,,三年,,,97945,0
10047,766,510402,微电子技术,专科(高职),,25,电子与信息大类,510402,集成电路类,,三年,,,101085,11000
10672,9506,330101,财税大数据应用,本科(职业),,250,财经商贸大类,330101,财政税务类,"经济学学士,管理学学士",四年,,,0,0
10799,9917,330102,政府采购管理,本科(职业),,250,财经商贸大类,330102,财政税务类,管理学学士,四年,,,0,0
10862,9918,330103,资产评估与管理,本科(职业),,250,财经商贸大类,330103,财政税务类,管理学学士,四年,,,0,0
10654,9508,330201,金融管理,本科(职业),,250,财经商贸大类,330201,金融类,"经济学学士,管理学学士",四年,,,0,0
10773,9510,330202,金融科技应用,本科(职业),,250,财经商贸大类,330202,金融类,经济学学士,四年,,,0,0
10898,9512,330203,保险,本科(职业),,250,财经商贸大类,330203,金融类,经济学学士,四年,,,0,0
10883,9514,330204,信用管理,本科(职业),,250,财经商贸大类,330204,金融类,"经济学学士,管理学学士",四年,,,0,0
9263,10286,330205,财富管理,本科(职业),,250,财经商贸大类,330205,金融类,管理学学士,,,,0,0
10729,9517,330301,大数据与财务管理,本科(职业),,250,财经商贸大类,330301,财务会计类,管理学学士,四年,,,0,0
10563,9519,330302,大数据与会计,本科(职业),,250,财经商贸大类,330302,财务会计类,管理学学士,四年,,,0,0
11002,9521,330303,大数据与审计,本科(职业),,250,财经商贸大类,330303,财务会计类,管理学学士,四年,,,0,0
9223,10293,330304,业财融合管理,本科(职业),,250,财经商贸大类,330304,财务会计类,管理学学士,,,,0,0
10802,9919,330401,统计与大数据分析,本科(职业),,250,财经商贸大类,330401,统计类,经济学学士,四年,,,0,0
11007,9524,330501,国际经济与贸易,本科(职业),,250,财经商贸大类,330501,经济贸易类,经济学学士,四年,,,0,0
10847,9920,330502,国际商务,本科(职业),,250,财经商贸大类,330502,经济贸易类,经济学学士,四年,,,0,0
10919,9527,330601,企业数字化管理,本科(职业),,250,财经商贸大类,330601,工商管理类,管理学学士,四年,,,0,0
10941,9530,330602,市场营销,本科(职业),,250,财经商贸大类,330602,工商管理类,管理学学士,四年,,,0,0
10756,9921,330603,品牌策划与运营,本科(职业),,250,财经商贸大类,330603,工商管理类,管理学学士,四年,,,0,0
10909,9532,330701,电子商务,本科(职业),,250,财经商贸大类,330701,电子商务类,"管理学学士,工学学士,经济学学士",四年,,,0,0
10684,9535,330702,跨境电子商务,本科(职业),,250,财经商贸大类,330702,电子商务类,"管理学学士,工学学士,经济学学士",四年,,,0,0
11009,9536,330703,全媒体电商运营,本科(职业),,250,财经商贸大类,330703,电子商务类,"管理学学士,经济学学士",四年,,,0,0
10728,9922,330704,商务数据分析与管理,本科(职业),,250,财经商贸大类,330704,电子商务类,管理学学士,四年,,,0,0
10921,9538,330801,物流工程技术,本科(职业),,250,财经商贸大类,330801,物流类,工学学士,四年,,,0,0
10583,9539,330802,现代物流管理,本科(职业),,250,财经商贸大类,330802,物流类,管理学学士,四年,,,0,0
10874,9923,330803,供应链管理,本科(职业),,250,财经商贸大类,330803,物流类,管理学学士,四年,,,0,0
10885,9464,310101,电子信息工程技术,本科(职业),,259,电子与信息大类,260,电子信息类,工学学士,四年,,,0,0
10632,9466,310102,物联网工程技术,本科(职业),,259,电子与信息大类,260,电子信息类,工学学士,四年,,,0,0
10647,9468,310103,柔性电子技术,本科(职业),,259,电子与信息大类,260,电子信息类,工学学士,四年,,,0,0
10622,9469,310104,光电信息工程技术,本科(职业),,259,电子与信息大类,260,电子信息类,工学学士,四年,,,0,0
9141,10020,310105,智能体工程技术,本科(职业),,259,电子与信息大类,260,电子信息类,工学学士,四年,,,0,0
10800,9471,310201,计算机应用工程,本科(职业),,259,电子与信息大类,261,计算机类,工学学士,四年,,,0,0
10958,9474,310202,网络工程技术,本科(职业),,259,电子与信息大类,261,计算机类,工学学士,四年,,,0,0
10960,9476,310203,软件工程技术,本科(职业),,259,电子与信息大类,261,计算机类,工学学士,四年,,,0,0
10944,9478,310204,数字媒体技术,本科(职业),,259,电子与信息大类,261,计算机类,工学学士,四年,,,0,0
10808,9481,310205,大数据工程技术,本科(职业),,259,电子与信息大类,261,计算机类,工学学士,四年,,,0,0
10594,9483,310206,云计算技术,本科(职业),,259,电子与信息大类,261,计算机类,工学学士,四年,,,0,0
11021,9485,310207,信息安全与管理,本科(职业),,259,电子与信息大类,261,计算机类,"工学学士,管理学学士",四年,,,0,0
10933,9487,310208,虚拟现实技术,本科(职业),,259,电子与信息大类,261,计算机类,工学学士,四年,,,0,0
10611,9493,310209,人工智能工程技术,本科(职业),,259,电子与信息大类,261,计算机类,工学学士,四年,,,0,0
10742,9494,310210,嵌入式技术,本科(职业),,259,电子与信息大类,261,计算机类,工学学士,四年,,,0,0
10670,9495,310211,工业互联网技术,本科(职业),,259,电子与信息大类,261,计算机类,工学学士,四年,,,0,0
10858,9496,310212,区块链技术,本科(职业),,259,电子与信息大类,261,计算机类,工学学士,四年,,,0,0
9205,10022,310213,数据安全技术与管理,本科(职业),,259,电子与信息大类,261,计算机类,工学学士,四年,,,0,0
9510,10023,310214,密码工程技术,本科(职业),,259,电子与信息大类,261,计算机类,工学学士,四年,,,0,0
9090,10308,310215,工业智能工程技术,本科(职业),,259,电子与信息大类,261,计算机类,工学学士,,,,0,0
9315,10310,310216,开源技术开发与应用,本科(职业),,259,电子与信息大类,261,计算机类,工学学士,,,,0,0
10805,9497,310301,现代通信工程,本科(职业),,259,电子与信息大类,310301,通信类,工学学士,四年,,,0,0
10865,9913,310302,通信软件工程,本科(职业),,259,电子与信息大类,310302,通信类,工学学士,四年,,,0,0
10851,9914,310303,卫星通信工程,本科(职业),,259,电子与信息大类,310303,通信类,工学学士,四年,,,0,0
9557,10270,310304,车联网通信工程,本科(职业),,259,电子与信息大类,310304,通信类,工学学士,,,,0,0
9248,10276,310305,低空智联网工程,本科(职业),,259,电子与信息大类,310305,通信类,工学学士,,,,0,0
9514,10279,310306,数据中心工程技术,本科(职业),,259,电子与信息大类,310306,通信类,工学学士,,,,0,0
10952,9499,310401,集成电路工程技术,本科(职业),,259,电子与信息大类,310401,集成电路类,工学学士,四年,,,0,0
9206,10283,310402,半导体装备工程技术,本科(职业),,259,电子与信息大类,310402,集成电路类,工学学士,,,,0,0
9587,803,520101K,临床医学,专科(高职),,26,医药卫生大类,520101K,临床医学类,,三年,,,103337,0
9667,804,520102K,口腔医学,专科(高职),,26,医药卫生大类,520102K,临床医学类,,三年,,,101217,0
9721,813,520201,护理,专科(高职),,26,医药卫生大类,520201,护理类,,三年,,,89907,11300
9900,814,520202,助产,专科(高职),,26,医药卫生大类,520202,护理类,,三年,,,115927,9800
10009,815,520301,药学,专科(高职),,26,医药卫生大类,520301,药学类,,三年,,,118263,11300
9784,805,520401K,中医学,专科(高职),,26,医药卫生大类,520401K,中医药类,,三年,,,104407,0
9642,806,520402K,中医骨伤,专科(高职),,26,医药卫生大类,520402K,中医药类,,三年,,,106677,0
9669,807,520403K,针灸推拿,专科(高职),,26,医药卫生大类,520403K,中医药类,,三年,,,112418,0
9736,808,520404K,蒙医学,专科(高职),,26,医药卫生大类,520404K,中医药类,,三年,,,108272,0
9670,809,520405K,藏医学,专科(高职),,26,医药卫生大类,520405K,中医药类,,三年,,,108272,0
10008,810,520406K,维医学,专科(高职),,26,医药卫生大类,520406K,中医药类,,三年,,,107947,0
9901,811,520407K,傣医学,专科(高职),,26,医药卫生大类,520407K,中医药类,,三年,,,96190,0
9956,812,520408K,哈医学,专科(高职),,26,医药卫生大类,520408K,中医药类,,三年,,,108272,0
9398,1309,520409K,朝医学,专科(高职),,26,医药卫生大类,520409K,中医药类,,三年,,,106677,0
9992,816,520410,中药学,专科(高职),,26,医药卫生大类,520410,中医药类,,三年,,,119813,10500
9655,817,520411,蒙药学,专科(高职),,26,医药卫生大类,520411,中医药类,,三年,,,102566,11200
9829,818,520412,维药学,专科(高职),,26,医药卫生大类,520412,中医药类,,三年,,,113402,11400
9884,819,520413,藏药学,专科(高职),,26,医药卫生大类,520413,中医药类,,三年,,,101074,10400
10141,9072,520414,中药材生产与加工,专科(高职),,26,医药卫生大类,520414,中医药类,,三年,,,0,9600
10419,9073,520415,中药制药,专科(高职),,26,医药卫生大类,520415,中医药类,,三年,,,121418,0
10499,831,520416,中医康复技术,专科(高职),,26,医药卫生大类,520416,中医药类,,三年,,,95984,10100
10233,840,520417,中医养生保健,专科(高职),,26,医药卫生大类,520417,中医药类,,三年,,,0,9200
10505,9074,520418,药膳与食疗,专科(高职),,26,医药卫生大类,520418,中医药类,,三年,,,93667,0
9570,820,520501,医学检验技术,专科(高职),,26,医药卫生大类,520501,医学技术类,,三年,,,102484,7700
10318,822,520502,医学影像技术,专科(高职),,26,医药卫生大类,520502,医学技术类,,三年,,,102941,7400
10153,821,520503,医学生物技术,专科(高职),,26,医药卫生大类,520503,医学技术类,,三年,,,0,8300
10071,824,520504,口腔医学技术,专科(高职),,26,医药卫生大类,520504,医学技术类,,三年,,,71515,9900
10501,827,520505,放射治疗技术,专科(高职),,26,医药卫生大类,520505,医学技术类,,三年,,,0,8700
10414,828,520506,呼吸治疗技术,专科(高职),,26,医药卫生大类,520506,医学技术类,,三年,,,75063,8900
10376,823,520507,医学美容技术,专科(高职),,26,医药卫生大类,520507,医学技术类,,三年,,,82379,11500
10510,825,520508,卫生检验与检疫技术,专科(高职),,26,医药卫生大类,520508,医学技术类,,三年,,,80027,9100
10301,829,520601,康复治疗技术,专科(高职),,26,医药卫生大类,520601,康复治疗类,,三年,,,75476,10100
10326,846,520602,康复辅助器具技术,专科(高职),,26,医药卫生大类,520602,康复治疗类,,三年,,,104182,8800
10490,830,520603,言语听觉康复技术,专科(高职),,26,医药卫生大类,520603,康复治疗类,,三年,,,105598,10100
10513,833,520701,公共卫生管理,专科(高职),,26,医药卫生大类,520701,公共卫生与卫生管理类,,三年,,,76756,7200
10440,835,520702,卫生信息管理,专科(高职),,26,医药卫生大类,520702,公共卫生与卫生管理类,,三年,,,122888,8900
10362,832,520703K,预防医学,专科(高职),,26,医药卫生大类,520703K,公共卫生与卫生管理类,,三年,,,101105,0
10256,9075,520704,健康大数据管理与服务,专科(高职),,26,医药卫生大类,520704,公共卫生与卫生管理类,,三年,,,165857,0
10493,838,520801,健康管理,专科(高职),,26,医药卫生大类,520801,健康管理与促进类,,三年,,,173176,8200
10178,9076,520802,婴幼儿托育服务与管理,专科(高职),,26,医药卫生大类,520802,健康管理与促进类,,三年,,,112353,0
10320,848,520803,老年保健与管理,专科(高职),,26,医药卫生大类,520803,健康管理与促进类,,三年,,,0,8600
10116,841,520804,心理咨询,专科(高职),,26,医药卫生大类,520804,健康管理与促进类,,三年,,,74543,9000
10070,839,520805,医学营养,专科(高职),,26,医药卫生大类,520805,健康管理与促进类,,三年,,,59484,7500
10251,9077,520806,生殖健康管理,专科(高职),,26,医药卫生大类,520806,健康管理与促进类,,三年,,,0,0
9443,10045,520807,口腔卫生保健,专科(高职),,26,医药卫生大类,520807,健康管理与促进类,,,,,0,0
9916,458,520808,医养照护服务,专科(高职),,26,医药卫生大类,520808,健康管理与促进类,,三年,,,0,0
10259,826,520901,眼视光技术,专科(高职),,26,医药卫生大类,520901,眼视光类,,三年,,,75817,11500
10111,9078,520902,眼视光仪器技术,专科(高职),,26,医药卫生大类,520902,眼视光类,,三年,,,104182,0
10403,9079,520903,视觉训练与康复,专科(高职),,26,医药卫生大类,520903,眼视光类,,三年,,,123468,0
10698,9504,320201,护理,本科(职业),,265,医药卫生大类,320201,护理类,理学学士,四年,,,0,0
10570,9505,320301,药学,本科(职业),,265,医药卫生大类,320301,药学类,理学学士,四年,,,0,0
10779,9509,320401,中药制药,本科(职业),,265,医药卫生大类,320401,中医药类,理学学士,四年,,,0,0
10641,9915,320402,中药学,本科(职业),,265,医药卫生大类,320402,中医药类,理学学士,四年,,,0,0
10701,9916,320403,中药材生产与加工,本科(职业),,265,医药卫生大类,320403,中医药类,"理学学士,工学学士",四年,,,0,0
10803,9507,320501,医学检验技术,本科(职业),,265,医药卫生大类,320501,医学技术类,"理学学士,工学学士",四年,,,0,0
10702,9511,320502,医学影像技术,本科(职业),,265,医药卫生大类,320502,医学技术类,"理学学士,工学学士",四年,,,0,0
10758,9513,320503,医学生物技术,本科(职业),,265,医药卫生大类,320503,医学技术类,"理学学士,工学学士",四年,,,0,0
10978,9515,320504,口腔医学技术,本科(职业),,265,医药卫生大类,320504,医学技术类,"理学学士,工学学士",四年,,,0,0
10575,9516,320505,放射治疗技术,本科(职业),,265,医药卫生大类,320505,医学技术类,"理学学士,工学学士",四年,,,0,0
10934,9518,320506,呼吸治疗技术,本科(职业),,265,医药卫生大类,320506,医学技术类,"理学学士,工学学士",四年,,,0,0
10963,9520,320601,康复治疗,本科(职业),,265,医药卫生大类,320601,康复治疗类,理学学士,四年,,,0,0
10660,9522,320602,康复辅助器具技术,本科(职业),,265,医药卫生大类,320602,康复治疗类,工学学士,四年,,,0,0
10655,9523,320603,言语听觉治疗技术,本科(职业),,265,医药卫生大类,320603,康复治疗类,理学学士,四年,,,0,0
10769,9525,320604,儿童康复治疗,本科(职业),,265,医药卫生大类,320604,康复治疗类,理学学士,四年,,,0,0
10580,9526,320701,公共卫生管理,本科(职业),,265,医药卫生大类,320701,公共卫生与卫生管理类,管理学学士,四年,,,0,0
10691,9528,320702,职业卫生工程技术,本科(职业),,265,医药卫生大类,320702,公共卫生与卫生管理类,工学学士,四年,,,0,0
10848,9529,320703,职业病危害检测评价技术,本科(职业),,265,医药卫生大类,320703,公共卫生与卫生管理类,"理学学士,工学学士",四年,,,0,0
10557,9531,320801,健康管理,本科(职业),,265,医药卫生大类,320801,健康管理与促进类,管理学学士,四年,,,0,0
10977,9533,320802,婴幼儿发展与健康管理,本科(职业),,265,医药卫生大类,320802,健康管理与促进类,管理学学士,四年,,,0,0
10787,9534,320803,医养照护与管理,本科(职业),,265,医药卫生大类,320803,健康管理与促进类,管理学学士,四年,,,0,0
10817,9537,320901,眼视光技术,本科(职业),,265,医药卫生大类,320901,眼视光类,"理学学士,工学学士",四年,,,0,0
10663,9179,530101,财税大数据应用,专科(高职),,27,财经商贸大类,530101,财政税务类,,三年,,,106449,10000
10391,851,530102,资产评估与管理,专科(高职),,27,财经商贸大类,530102,财政税务类,,三年,,,132257,8400
10525,852,530103,政府采购管理,专科(高职),,27,财经商贸大类,530103,财政税务类,,三年,,,152647,9400
9540,10046,530104,财政支出绩效管理,专科(高职),,27,财经商贸大类,530104,财政税务类,,,,,0,0
10765,9180,530201,金融服务与管理,专科(高职),,27,财经商贸大类,530201,金融类,,三年,,,152180,11500
10426,9080,530202,金融科技应用,专科(高职),,27,财经商贸大类,530202,金融类,,三年,,,168007,10700
10225,9081,530203,保险实务,专科(高职),,27,财经商贸大类,530203,金融类,,三年,,,121991,11900
10514,859,530204,信用管理,专科(高职),,27,财经商贸大类,530204,金融类,,三年,,,126595,10900
10401,9082,530205,财富管理,专科(高职),,27,财经商贸大类,530205,金融类,,三年,,,133621,9800
10193,9083,530206,证券实务,专科(高职),,27,财经商贸大类,530206,金融类,,三年,,,136067,11900
10325,854,530207,国际金融,专科(高职),,27,财经商贸大类,530207,金融类,,三年,,,130374,13800
10232,860,530208,农村金融,专科(高职),,27,财经商贸大类,530208,金融类,,三年,,,132260,8900
10219,9084,530301,大数据与财务管理,专科(高职),,27,财经商贸大类,530301,财务会计类,,三年,,,0,11400
10443,9085,530302,大数据与会计,专科(高职),,27,财经商贸大类,530302,财务会计类,,三年,,,124948,10700
10371,9086,530303,大数据与审计,专科(高职),,27,财经商贸大类,530303,财务会计类,,三年,,,154859,11300
10420,865,530304,会计信息管理,专科(高职),,27,财经商贸大类,530304,财务会计类,,三年,,,112770,16100
9177,10035,530305,业财数据应用与管理,专科(高职),,27,财经商贸大类,530305,财务会计类,,三年,,,0,0
9333,10272,530306,智能财务系统应用与运维,专科(高职),,27,财经商贸大类,530306,财务会计类,,三年,,,0,0
10282,9087,530401,统计与大数据分析,专科(高职),,27,财经商贸大类,530401,统计类,,三年,,,0,7900
10165,867,530402,统计与会计核算,专科(高职),,27,财经商贸大类,530402,统计类,,三年,,,0,9000
10268,9088,530403,市场调查与统计分析,专科(高职),,27,财经商贸大类,530403,统计类,,三年,,,134743,0
10223,869,530501,国际经济与贸易,专科(高职),,27,财经商贸大类,530501,经济贸易类,,三年,,,117009,8700
10366,870,530502,国际商务,专科(高职),,27,财经商贸大类,530502,经济贸易类,,三年,,,115880,12000
10269,9089,530503,关务与外贸服务,专科(高职),,27,财经商贸大类,530503,经济贸易类,,三年,,,118220,9500
10408,871,530504,服务外包,专科(高职),,27,财经商贸大类,530504,经济贸易类,,三年,,,109629,12000
10442,875,530505,国际文化贸易,专科(高职),,27,财经商贸大类,530505,经济贸易类,,三年,,,88826,11200
9463,10036,530506,国际服务贸易,专科(高职),,27,财经商贸大类,530506,经济贸易类,,三年,,,0,0
10143,876,530601,工商企业管理,专科(高职),,27,财经商贸大类,530601,工商管理类,,三年,,,0,13000
10300,9090,530602,连锁经营与管理,专科(高职),,27,财经商贸大类,530602,工商管理类,,三年,,,127312,13500
10180,877,530603,商务管理,专科(高职),,27,财经商贸大类,530603,工商管理类,,三年,,,0,11300
9296,1311,530604,中小企业创业与经营,专科(高职),,27,财经商贸大类,530604,工商管理类,,三年,,,0,0
10436,882,530605,市场营销,专科(高职),,27,财经商贸大类,530605,工商管理类,,三年,,,116919,0
9588,509,530606,数智营销,专科(高职),,27,财经商贸大类,530606,工商管理类,,三年,,,0,0
10554,886,530701,电子商务,专科(高职),,27,财经商贸大类,530701,电子商务类,,三年,,,120420,0
9812,1982,530702,跨境电子商务,专科(高职),,27,财经商贸大类,530702,电子商务类,,三年,,,96815,0
10352,887,530703,移动商务,专科(高职),,27,财经商贸大类,530703,电子商务类,,三年,,,128706,10100
10339,9091,530704,网络营销与直播电商,专科(高职),,27,财经商贸大类,530704,电子商务类,,三年,,,117560,11400
10105,9092,530705,农村电子商务,专科(高职),,27,财经商贸大类,530705,电子商务类,,三年,,,110501,0
9256,1312,530706,商务数据分析与应用,专科(高职),,27,财经商贸大类,530706,电子商务类,,三年,,,0,17700
10078,889,530801,物流工程技术,专科(高职),,27,财经商贸大类,530801,物流类,,三年,,,92379,12000
10429,9093,530802,现代物流管理,专科(高职),,27,财经商贸大类,530802,物流类,,三年,,,93853,10400
10411,9094,530803,航空物流管理,专科(高职),,27,财经商贸大类,530803,物流类,,三年,,,38349,10000
9659,706,530804,铁路物流管理,专科(高职),,27,财经商贸大类,530804,物流类,,三年,,,105429,11300
10470,894,530805,冷链物流技术与管理,专科(高职),,27,财经商贸大类,530805,物流类,,三年,,,94517,10600
9709,731,530806,港口物流管理,专科(高职),,27,财经商贸大类,530806,物流类,,三年,,,0,11100
10196,893,530807,工程物流管理,专科(高职),,27,财经商贸大类,530807,物流类,,三年,,,98282,11100
10213,895,530808,采购与供应管理,专科(高职),,27,财经商贸大类,530808,物流类,,三年,,,88685,10800
10161,9095,530809,智能物流技术,专科(高职),,27,财经商贸大类,530809,物流类,,三年,,,114463,11000
10226,9096,530810,供应链运营,专科(高职),,27,财经商贸大类,530810,物流类,,三年,,,92547,0
9172,10280,530811,低空物流技术与运营,专科(高职),,27,财经商贸大类,530811,物流类,,三年,,,0,0
10295,896,540101,旅游管理,专科(高职),,28,旅游大类,540101,旅游类,,三年,,,117890,11000
10258,897,540102,导游,专科(高职),,28,旅游大类,540102,旅游类,,三年,,,63294,10100
10474,9097,540103,旅行社经营与管理,专科(高职),,28,旅游大类,540103,旅游类,,三年,,,109897,9200
10059,9098,540104,定制旅行管理与服务,专科(高职),,28,旅游大类,540104,旅游类,,三年,,,110391,0
10439,8557,540105,研学旅行管理与服务,专科(高职),,28,旅游大类,540105,旅游类,,三年,,,121064,0
10367,9099,540106,酒店管理与数字化运营,专科(高职),,28,旅游大类,540106,旅游类,,三年,,,0,12000
10167,9100,540107,民宿管理与运营,专科(高职),,28,旅游大类,540107,旅游类,,三年,,,120042,0
10254,9101,540108,葡萄酒文化与营销,专科(高职),,28,旅游大类,540108,旅游类,,三年,,,114012,0
10547,9102,540109,茶艺与茶文化,专科(高职),,28,旅游大类,540109,旅游类,,三年,,,109395,11500
10191,9103,540110,智慧景区开发与管理,专科(高职),,28,旅游大类,540110,旅游类,,三年,,,127455,8900
10480,9104,540111,智慧旅游技术应用,专科(高职),,28,旅游大类,540111,旅游类,,三年,,,126541,0
10486,907,540112,会展策划与管理,专科(高职),,28,旅游大类,540112,旅游类,,三年,,,118658,10200
10163,901,540113,休闲服务与管理,专科(高职),,28,旅游大类,540113,旅游类,,三年,,,55691,8400
10410,9105,540201,餐饮智能管理,专科(高职),,28,旅游大类,540201,餐饮类,,三年,,,129162,12400
10238,9106,540202,烹饪工艺与营养,专科(高职),,28,旅游大类,540202,餐饮类,,三年,,,0,9100
10345,905,540203,中西面点工艺,专科(高职),,28,旅游大类,540203,餐饮类,,三年,,,121789,11800
10279,9107,540204,西式烹饪工艺,专科(高职),,28,旅游大类,540204,餐饮类,,三年,,,0,15700
10069,904,540205,营养配餐,专科(高职),,28,旅游大类,540205,餐饮类,,三年,,,100257,12300
10876,9540,360101,网络与新媒体,本科(职业),,282,新闻传播大类,360101,新闻出版类,文学学士,四年,,,0,0
10668,9541,360201,播音与主持,本科(职业),,282,新闻传播大类,360201,广播影视类,艺术学学士,四年,,,0,0
10599,9543,360202,影视摄影与制作,本科(职业),,282,新闻传播大类,360202,广播影视类,艺术学学士,四年,,,0,0
10863,9544,360203,数字广播电视技术,本科(职业),,282,新闻传播大类,360203,广播影视类,工学学士,四年,,,0,0
10942,9548,360204,影视编导,本科(职业),,282,新闻传播大类,360204,广播影视类,艺术学学士,四年,,,0,0
10916,9550,360205,全媒体新闻采编与制作,本科(职业),,282,新闻传播大类,360205,广播影视类,文学学士,四年,,,0,0
10649,9552,360206,数字动画,本科(职业),,282,新闻传播大类,360206,广播影视类,艺术学学士,四年,,,0,0
10561,9555,210101,现代种业技术,本科(职业),,283,农林牧渔大类,210101,农业类,农学学士,四年,,,0,0
10643,9558,210102,作物生产与品质改良,本科(职业),,283,农林牧渔大类,210102,农业类,农学学士,四年,,,0,0
10873,9561,210103,智慧农业技术,本科(职业),,283,农林牧渔大类,210103,农业类,"农学学士,工学学士",四年,,,0,0
10697,9564,210104,设施园艺,本科(职业),,283,农林牧渔大类,210104,农业类,农学学士,四年,,,0,0
10936,9567,210105,现代农业经营与管理,本科(职业),,283,农林牧渔大类,210105,农业类,"农学学士,管理学学士",四年,,,0,0
10812,9900,210106,智能化农业装备技术,本科(职业),,283,农林牧渔大类,210106,农业类,"农学学士,工学学士",四年,,,0,0
10741,9901,210107,现代植保技术,本科(职业),,283,农林牧渔大类,210107,农业类,农学学士,四年,,,0,0
9310,10028,210108,茶叶生产与应用技术,本科(职业),,283,农林牧渔大类,210108,农业类,农学学士,三年,,,0,0
10781,9570,210201,智慧林业技术,本科(职业),,283,农林牧渔大类,210201,林业类,"农学学士,工学学士",四年,,,0,0
10899,9573,210202,园林工程,本科(职业),,283,农林牧渔大类,210202,林业类,"工学学士,农学学士",四年,,,0,0
10579,9576,210203,木业产品智能制造,本科(职业),,283,农林牧渔大类,210203,林业类,工学学士,四年,,,0,0
9344,10029,210204,林草保护工程,本科(职业),,283,农林牧渔大类,210204,林业类,农学学士,四年,,,0,0
9159,10030,210205,林业碳汇工程,本科(职业),,283,农林牧渔大类,210205,林业类,农学学士,四年,,,0,0
10804,9577,210301,动物医学,本科(职业),,283,农林牧渔大类,210301,畜牧业类,农学学士,四年,,,0,0
11016,9579,210302,动物药学,本科(职业),,283,农林牧渔大类,210302,畜牧业类,农学学士,四年,,,0,0
10731,9580,210303,宠物医疗,本科(职业),,283,农林牧渔大类,210303,畜牧业类,农学学士,四年,,,0,0
10922,9581,210304,现代畜牧,本科(职业),,283,农林牧渔大类,210304,畜牧业类,农学学士,四年,,,0,0
10997,9582,210401,现代水产养殖技术,本科(职业),,283,农林牧渔大类,210401,渔业类,农学学士,四年,,,0,0
9085,10031,210402,远洋渔业,本科(职业),,283,农林牧渔大类,210402,渔业类,农学学士,四年,,,0,0
10624,9583,220101,资源勘查工程技术,本科(职业),,289,资源环境与安全大类,220101,资源勘查类,工学学士,四年,,,0,0
10845,9584,220201,环境地质工程,本科(职业),,289,资源环境与安全大类,220201,地质类,工学学士,四年,,,0,0
9283,10294,220202,地球物理勘探技术,本科(职业),,289,资源环境与安全大类,220202,地质类,工学学士,四年,,,0,0
10810,9585,220301,导航工程技术,本科(职业),,289,资源环境与安全大类,220301,测绘地理信息类,工学学士,四年,,,0,0
10999,9586,220302,测绘工程技术,本科(职业),,289,资源环境与安全大类,220302,测绘地理信息类,工学学士,四年,,,0,0
10879,9587,220303,地理信息技术,本科(职业),,289,资源环境与安全大类,220303,测绘地理信息类,工学学士,四年,,,0,0
9156,10298,220304,无人机测绘技术,本科(职业),,289,资源环境与安全大类,220304,测绘地理信息类,工学学士,四年,,,0,0
9084,10278,220305,智能遥感技术,本科(职业),,289,资源环境与安全大类,220305,测绘地理信息类,工学学士,,,,0,0
10844,9589,220401,油气储运工程,本科(职业),,289,资源环境与安全大类,220401,石油与天然气类,工学学士,四年,,,0,0
10582,9591,220402,石油工程技术,本科(职业),,289,资源环境与安全大类,220402,石油与天然气类,工学学士,四年,,,0,0
10935,9638,220501,智能采矿技术,本科(职业),,289,资源环境与安全大类,220501,煤炭类,工学学士,四年,,,0,0
10846,9639,220502,煤炭清洁利用工程,本科(职业),,289,资源环境与安全大类,220502,煤炭类,工学学士,四年,,,0,0
10902,9640,220701,智慧气象技术,本科(职业),,289,资源环境与安全大类,220701,气象类,工学学士,四年,,,0,0
10827,9643,220801,生态环境工程技术,本科(职业),,289,资源环境与安全大类,220801,环境保护类,工学学士,四年,,,0,0
9213,10033,220802,生态环境数智化监测技术,本科(职业),,289,资源环境与安全大类,220802,环境保护类,工学学士,四年,,,0,0
9176,10038,220803,资源循环工程,本科(职业),,289,资源环境与安全大类,220803,环境保护类,工学学士,四年,,,0,0
10888,9645,220901,安全工程技术,本科(职业),,289,资源环境与安全大类,220901,安全类,工学学士,四年,,,0,0
10920,9646,220902,应急管理,本科(职业),,289,资源环境与安全大类,220902,安全类,"工学学士,管理学学士",四年,,,0,0
10792,9902,220903,消防工程技术,本科(职业),,289,资源环境与安全大类,220903,安全类,工学学士,四年,,,0,0
10377,908,550101,艺术设计,专科(高职),,29,文化艺术大类,550101,艺术设计类,,三年,,,107544,14500
10164,9108,550102,视觉传达设计,专科(高职),,29,文化艺术大类,550102,艺术设计类,,三年,,,124251,15700
10264,911,550103,数字媒体艺术设计,专科(高职),,29,文化艺术大类,550103,艺术设计类,,三年,,,124690,13500
10118,912,550104,产品艺术设计,专科(高职),,29,文化艺术大类,550104,艺术设计类,,三年,,,122414,16500
10869,915,550105,服装与服饰设计,专科(高职),,29,文化艺术大类,550105,艺术设计类,,三年,,,117307,12900
10676,918,550106,环境艺术设计,专科(高职),,29,文化艺术大类,550106,艺术设计类,,三年,,,96486,13500
10060,9109,550107,书画艺术,专科(高职),,29,文化艺术大类,550107,艺术设计类,,三年,,,109484,13200
10638,919,550108,公共艺术设计,专科(高职),,29,文化艺术大类,550108,艺术设计类,,三年,,,103565,16200
10151,9110,550109,游戏艺术设计,专科(高职),,29,文化艺术大类,550109,艺术设计类,,三年,,,129438,17500
10976,917,550110,展示艺术设计,专科(高职),,29,文化艺术大类,550110,艺术设计类,,三年,,,119241,14700
10969,930,550111,美容美体艺术,专科(高职),,29,文化艺术大类,550111,艺术设计类,,三年,,,110189,13700
10770,926,550112,工艺美术品设计,专科(高职),,29,文化艺术大类,550112,艺术设计类,,三年,,,107229,11800
10322,9111,550113,广告艺术设计,专科(高职),,29,文化艺术大类,550113,艺术设计类,,三年,,,119241,14300
10864,916,550114,室内艺术设计,专科(高职),,29,文化艺术大类,550114,艺术设计类,,三年,,,0,12800
10548,913,550115,家具艺术设计,专科(高职),,29,文化艺术大类,550115,艺术设计类,,三年,,,102475,13100
10831,927,550116,动漫设计,专科(高职),,29,文化艺术大类,550116,艺术设计类,,三年,,,111514,14600
10669,929,550117,人物形象设计,专科(高职),,29,文化艺术大类,550117,艺术设计类,,三年,,,119241,13500
10829,931,550118,摄影与摄像艺术,专科(高职),,29,文化艺术大类,550118,艺术设计类,,三年,,,109593,13400
10968,920,550119,雕刻艺术设计,专科(高职),,29,文化艺术大类,550119,艺术设计类,,三年,,,122414,14100
10374,914,550120,皮具艺术设计,专科(高职),,29,文化艺术大类,550120,艺术设计类,,三年,,,102297,14100
10939,921,550121,包装艺术设计,专科(高职),,29,文化艺术大类,550121,艺术设计类,,三年,,,122528,12800
10953,922,550122,陶瓷设计与工艺,专科(高职),,29,文化艺术大类,550122,艺术设计类,,三年,,,116640,13900
10903,925,550123,首饰设计与工艺,专科(高职),,29,文化艺术大类,550123,艺术设计类,,三年,,,115570,14400
10591,924,550124,玉器设计与工艺,专科(高职),,29,文化艺术大类,550124,艺术设计类,,三年,,,116640,13500
10722,923,550125,刺绣设计与工艺,专科(高职),,29,文化艺术大类,550125,艺术设计类,,三年,,,116640,13800
10100,9112,550126,雕塑设计,专科(高职),,29,文化艺术大类,550126,艺术设计类,,三年,,,93396,0
9832,679,550127,服装陈列与展示设计,专科(高职),,29,文化艺术大类,550127,艺术设计类,,三年,,,93443,10000
9496,10039,550128,数字时尚设计,专科(高职),,29,文化艺术大类,550128,艺术设计类,,三年,,,0,0
9356,10040,550129,玩具设计与制作,专科(高职),,29,文化艺术大类,550129,艺术设计类,,三年,,,0,0
9353,10042,550130,眼镜造型设计与工艺,专科(高职),,29,文化艺术大类,550130,艺术设计类,,三年,,,0,0
9175,10284,550131,数字非遗设计与制作,专科(高职),,29,文化艺术大类,550131,艺术设计类,,三年,,,0,0
10721,951,550201,音乐表演,专科(高职),,29,文化艺术大类,550201,表演艺术类,,三年,,,73887,0
10688,939,550202,舞蹈表演,专科(高职),,29,文化艺术大类,550202,表演艺术类,,三年,,,71411,8100
10791,936,550203,戏曲表演,专科(高职),,29,文化艺术大类,550203,表演艺术类,,三年,,,102393,13700
10595,933,550204,表演艺术,专科(高职),,29,文化艺术大类,550204,表演艺术类,,三年,,,40699,21300
10957,934,550205,戏剧影视表演,专科(高职),,29,文化艺术大类,550205,表演艺术类,,三年,,,100982,11600
10818,935,550206,歌舞表演,专科(高职),,29,文化艺术大类,550206,表演艺术类,,三年,,,100982,13400
10962,937,550207,曲艺表演,专科(高职),,29,文化艺术大类,550207,表演艺术类,,三年,,,0,12700
11015,938,550208,音乐剧表演,专科(高职),,29,文化艺术大类,550208,表演艺术类,,三年,,,74476,13000
10727,940,550209,国际标准舞,专科(高职),,29,文化艺术大类,550209,表演艺术类,,三年,,,72679,12700
10833,943,550210,现代流行音乐,专科(高职),,29,文化艺术大类,550210,表演艺术类,,三年,,,0,13900
10529,9113,550211,戏曲音乐,专科(高职),,29,文化艺术大类,550211,表演艺术类,,三年,,,90722,0
10578,945,550212,音乐制作,专科(高职),,29,文化艺术大类,550212,表演艺术类,,三年,,,94484,15700
10696,946,550213,钢琴伴奏,专科(高职),,29,文化艺术大类,550213,表演艺术类,,三年,,,0,12900
11004,947,550214,钢琴调律,专科(高职),,29,文化艺术大类,550214,表演艺术类,,三年,,,0,13200
10637,948,550215,舞蹈编导,专科(高职),,29,文化艺术大类,550215,表演艺术类,,三年,,,81328,11200
9219,1257,550216,音乐传播,专科(高职),,29,文化艺术大类,550216,表演艺术类,,三年,,,121223,0
10925,9181,550217,时尚表演与传播,专科(高职),,29,文化艺术大类,550217,表演艺术类,,三年,,,109006,7500
10712,950,550218,舞台艺术设计与制作,专科(高职),,29,文化艺术大类,550218,表演艺术类,,三年,,,109386,13900
10992,944,550219,作曲技术,专科(高职),,29,文化艺术大类,550219,表演艺术类,,三年,,,0,18200
10113,9114,550220,现代魔术设计与表演,专科(高职),,29,文化艺术大类,550220,表演艺术类,,三年,,,97450,0
9524,10047,550221,现代杂技表演艺术,专科(高职),,29,文化艺术大类,550221,表演艺术类,,三年,,,0,0
10794,952,550301,民族表演艺术,专科(高职),,29,文化艺术大类,550301,民族文化艺术类,,三年,,,0,0
10604,953,550302,民族美术,专科(高职),,29,文化艺术大类,550302,民族文化艺术类,,三年,,,109386,13300
10075,9115,550303,民族服装与饰品,专科(高职),,29,文化艺术大类,550303,民族文化艺术类,,三年,,,98220,0
10589,956,550304,民族传统技艺,专科(高职),,29,文化艺术大类,550304,民族文化艺术类,,三年,,,116750,0
10835,958,550305,中国少数民族语言文化,专科(高职),,29,文化艺术大类,550305,民族文化艺术类,,三年,,,80456,0
10927,959,550401,文化创意与策划,专科(高职),,29,文化艺术大类,550401,文化服务类,,三年,,,111325,7500
10448,9116,550402,文化产业经营与管理,专科(高职),,29,文化艺术大类,550402,文化服务类,,三年,,,122043,9100
10789,961,550403,公共文化服务与管理,专科(高职),,29,文化艺术大类,550403,文化服务类,,三年,,,93558,13900
10634,962,550404,文物修复与保护,专科(高职),,29,文化艺术大类,550404,文化服务类,,三年,,,119035,0
10063,9117,550405,文物考古技术,专科(高职),,29,文化艺术大类,550405,文化服务类,,三年,,,124531,7600
10432,9118,550406,文物展示利用技术,专科(高职),,29,文化艺术大类,550406,文化服务类,,三年,,,123797,7500
10795,965,550407,图书档案管理,专科(高职),,29,文化艺术大类,550407,文化服务类,,三年,,,92702,7500
10412,9119,550408,石窟寺保护技术,专科(高职),,29,文化艺术大类,550408,文化服务类,,三年,,,124531,0
9319,10043,550409,文物数字技术,专科(高职),,29,文化艺术大类,550409,文化服务类,,三年,,,0,0
10762,9542,280101,化妆品工程技术,本科(职业),,290,轻工纺织大类,280101,轻化工类,工学学士,四年,,,0,0
10644,9545,280102,现代造纸工程技术,本科(职业),,290,轻工纺织大类,280102,轻化工类,工学学士,四年,,,0,0
10905,9905,280103,珠宝首饰工程技术,本科(职业),,290,轻工纺织大类,280103,轻化工类,工学学士,四年,,,0,0
10823,9546,280201,包装工程技术,本科(职业),,290,轻工纺织大类,280201,包装类,工学学士,四年,,,0,0
10840,9547,280301,数字印刷工程,本科(职业),,290,轻工纺织大类,280301,印刷类,工学学士,四年,,,0,0
10964,9549,280401,现代纺织工程技术,本科(职业),,290,轻工纺织大类,280401,纺织服装类,工学学士,四年,,,0,0
10681,9551,280402,服装工程技术,本科(职业),,290,轻工纺织大类,280402,纺织服装类,工学学士,四年,,,0,0
10761,9906,280403,数字化染整技术,本科(职业),,290,轻工纺织大类,280403,纺织服装类,工学学士,四年,,,0,0
9231,10017,280404,鞋类工程技术,本科(职业),,290,轻工纺织大类,280404,纺织服装类,工学学士,四年,,,0,0
10364,9120,560101,数字图文信息处理技术,专科(高职),,30,新闻传播大类,560101,新闻出版类,,三年,,,114648,12600
10974,967,560102,网络新闻与传播,专科(高职),,30,新闻传播大类,560102,新闻出版类,,三年,,,93474,10200
11019,9182,560103,出版策划与编辑,专科(高职),,30,新闻传播大类,560103,新闻出版类,,三年,,,94419,10600
10713,969,560104,出版商务,专科(高职),,30,新闻传播大类,560104,新闻出版类,,三年,,,90744,12300
10617,972,560105,数字出版,专科(高职),,30,新闻传播大类,560105,新闻出版类,,三年,,,122500,9200
10094,9121,560106,数字媒体设备应用与管理,专科(高职),,30,新闻传播大类,560106,新闻出版类,,三年,,,117499,10700
10892,975,560201,播音与主持,专科(高职),,30,新闻传播大类,560201,广播影视类,,三年,,,0,14400
10993,976,560202,广播影视节目制作,专科(高职),,30,新闻传播大类,560202,广播影视类,,三年,,,92832,12300
10194,9122,560203,数字广播电视技术,专科(高职),,30,新闻传播大类,560203,广播影视类,,三年,,,146844,12300
10752,979,560204,影视编导,专科(高职),,30,新闻传播大类,560204,广播影视类,,三年,,,102393,14800
10822,974,560205,新闻采编与制作,专科(高职),,30,新闻传播大类,560205,广播影视类,,三年,,,93550,10000
10961,982,560206,影视动画,专科(高职),,30,新闻传播大类,560206,广播影视类,,三年,,,142220,12400
10886,978,560207,影视制片管理,专科(高职),,30,新闻传播大类,560207,广播影视类,,三年,,,102393,12200
10857,981,560208,影视多媒体技术,专科(高职),,30,新闻传播大类,560208,广播影视类,,三年,,,123558,9300
10894,983,560209,影视照明技术与艺术,专科(高职),,30,新闻传播大类,560209,广播影视类,,三年,,,117168,12200
10777,984,560210,音像技术,专科(高职),,30,新闻传播大类,560210,广播影视类,,三年,,,124099,8300
10913,985,560211,录音技术与艺术,专科(高职),,30,新闻传播大类,560211,广播影视类,,三年,,,118506,12000
10807,986,560212,摄影摄像技术,专科(高职),,30,新闻传播大类,560212,广播影视类,,三年,,,108008,12200
10274,9123,560213,融媒体技术与运营,专科(高职),,30,新闻传播大类,560213,广播影视类,,三年,,,121532,0
10466,9124,560214,网络直播与运营,专科(高职),,30,新闻传播大类,560214,广播影视类,,三年,,,121348,0
10612,987,560215,传播与策划,专科(高职),,30,新闻传播大类,560215,广播影视类,,三年,,,120398,11000
10872,9183,560216,全媒体广告策划与营销,专科(高职),,30,新闻传播大类,560216,广播影视类,,三年,,,120483,10900
10821,9935,560217,数字影像档案技术,专科(高职),,30,新闻传播大类,560217,广播影视类,,三年,,,0,0
10593,9553,370101,学前教育,本科(职业),,301,教育与体育大类,370101,教育类,教育学学士,四年,,,0,0
10720,9554,370201,应用英语,本科(职业),,301,教育与体育大类,370201,语言类,文学学士,四年,,,0,0
10859,9557,370202,应用日语,本科(职业),,301,教育与体育大类,370202,语言类,文学学士,四年,,,0,0
10719,9560,370203,应用韩语,本科(职业),,301,教育与体育大类,370203,语言类,文学学士,四年,,,0,0
10775,9563,370204,应用俄语,本科(职业),,301,教育与体育大类,370204,语言类,文学学士,四年,,,0,0
11013,9565,370205,应用泰语,本科(职业),,301,教育与体育大类,370205,语言类,文学学士,四年,,,0,0
10998,9569,370206,应用外语,本科(职业),,301,教育与体育大类,370206,语言类,文学学士,四年,,,0,0
10949,9571,370207,应用西班牙语,本科(职业),,301,教育与体育大类,370207,语言类,文学学士,四年,,,0,0
10951,9574,370208,中文国际教育,本科(职业),,301,教育与体育大类,370208,语言类,"文学学士,教育学学士",四年,,,0,0
10736,9928,370209,应用法语,本科(职业),,301,教育与体育大类,370209,语言类,文学学士,四年,,,0,0
10788,9588,370301,社会体育指导与管理,本科(职业),,301,教育与体育大类,370301,体育类,"管理学学士,教育学学士",四年,,,0,0
10986,9590,370302,休闲体育,本科(职业),,301,教育与体育大类,370302,体育类,教育学学士,四年,,,0,0
10708,9593,370303,体能训练,本科(职业),,301,教育与体育大类,370303,体育类,教育学学士,四年,,,0,0
10635,9595,370304,电子竞技技术与管理,本科(职业),,301,教育与体育大类,370304,体育类,管理学学士,四年,,,0,0
10686,9556,290101,食品工程技术,本科(职业),,304,食品药品与粮食大类,290101,食品类,工学学士,四年,,,0,0
10679,9559,290102,食品质量与安全,本科(职业),,304,食品药品与粮食大类,290102,食品类,工学学士,四年,,,0,0
10565,9562,290103,食品营养与健康,本科(职业),,304,食品药品与粮食大类,290103,食品类,工学学士,四年,,,0,0
9105,10305,290104,酿酒工程技术,本科(职业),,304,食品药品与粮食大类,290104,食品类,工学学士,,,,0,0
10877,9566,290201,制药工程技术,本科(职业),,304,食品药品与粮食大类,290201,药品与医疗器械类,工学学士,四年,,,0,0
11006,9568,290202,药品质量管理,本科(职业),,304,食品药品与粮食大类,290202,药品与医疗器械类,"理学学士,管理学学士",四年,,,0,0
10841,9572,290203,医疗器械工程技术,本科(职业),,304,食品药品与粮食大类,290203,药品与医疗器械类,工学学士,四年,,,0,0
10695,9575,290204,药事服务与管理,本科(职业),,304,食品药品与粮食大类,290204,药品与医疗器械类,"理学学士,管理学学士",四年,,,0,0
10683,9907,290205,药物分析,本科(职业),,304,食品药品与粮食大类,290205,药品与医疗器械类,工学学士,四年,,,0,0
10815,9908,290206,药物制剂,本科(职业),,304,食品药品与粮食大类,290206,药品与医疗器械类,工学学士,四年,,,0,0
10793,9909,290207,康复工程技术,本科(职业),,304,食品药品与粮食大类,290207,药品与医疗器械类,工学学士,四年,,,0,0
9393,10018,290208,生物制药技术,本科(职业),,304,食品药品与粮食大类,290208,药品与医疗器械类,工学学士,四年,,,0,0
10610,9578,290301,现代粮食工程技术,本科(职业),,304,食品药品与粮食大类,290301,粮食类,工学学士,四年,,,0,0
10700,989,570101K,早期教育,专科(高职),,31,教育与体育大类,570101K,教育类,,三年,,,97320,0
10946,990,570102K,学前教育,专科(高职),,31,教育与体育大类,570102K,教育类,,三年,,,101581,0
10907,991,570103K,小学教育,专科(高职),,31,教育与体育大类,570103K,教育类,,三年,,,101581,0
10373,9125,570104K,小学语文教育,专科(高职),,31,教育与体育大类,570104K,教育类,,三年,,,94096,0
10270,9126,570105K,小学数学教育,专科(高职),,31,教育与体育大类,570105K,教育类,,三年,,,116901,0
10360,9127,570106K,小学英语教育,专科(高职),,31,教育与体育大类,570106K,教育类,,三年,,,119826,0
10809,9184,570107K,小学科学教育,专科(高职),,31,教育与体育大类,570107K,教育类,,三年,,,116901,0
9363,1000,570108K,音乐教育,专科(高职),,31,教育与体育大类,570108K,教育类,,三年,,,91167,0
9165,1001,570109K,美术教育,专科(高职),,31,教育与体育大类,570109K,教育类,,三年,,,91853,0
9322,1002,570110K,体育教育,专科(高职),,31,教育与体育大类,570110K,教育类,,三年,,,91803,0
10250,9128,570111K,小学道德与法治教育,专科(高职),,31,教育与体育大类,570111K,教育类,,三年,,,117753,0
9427,1004,570112K,舞蹈教育,专科(高职),,31,教育与体育大类,570112K,教育类,,三年,,,89442,0
9207,1005,570113K,艺术教育,专科(高职),,31,教育与体育大类,570113K,教育类,,三年,,,90351,0
9547,1006,570114K,特殊教育,专科(高职),,31,教育与体育大类,570114K,教育类,,三年,,,109146,0
9485,1008,570115K,现代教育技术,专科(高职),,31,教育与体育大类,570115K,教育类,,三年,,,77289,0
9458,1009,570116K,心理健康教育,专科(高职),,31,教育与体育大类,570116K,教育类,,三年,,,124802,0
9479,1011,570201,商务英语,专科(高职),,31,教育与体育大类,570201,语言类,,三年,,,86098,0
9511,1012,570202,应用英语,专科(高职),,31,教育与体育大类,570202,语言类,,三年,,,86310,10300
9379,1013,570203,旅游英语,专科(高职),,31,教育与体育大类,570203,语言类,,三年,,,86141,10000
9358,1017,570204,应用韩语,专科(高职),,31,教育与体育大类,570204,语言类,,三年,,,0,9100
9269,1014,570205,商务日语,专科(高职),,31,教育与体育大类,570205,语言类,,三年,,,62989,13000
9445,1015,570206,应用日语,专科(高职),,31,教育与体育大类,570206,语言类,,三年,,,62989,10600
9097,1016,570207,旅游日语,专科(高职),,31,教育与体育大类,570207,语言类,,三年,,,63787,10900
9094,1025,570208,应用外语,专科(高职),,31,教育与体育大类,570208,语言类,,三年,,,0,12000
10174,9129,570209,中文,专科(高职),,31,教育与体育大类,570209,语言类,,三年,,,93474,11500
9401,1018,570210,应用俄语,专科(高职),,31,教育与体育大类,570210,语言类,,三年,,,119947,15000
9472,1019,570211,应用法语,专科(高职),,31,教育与体育大类,570211,语言类,,三年,,,122788,11600
9095,1021,570212,应用西班牙语,专科(高职),,31,教育与体育大类,570212,语言类,,三年,,,114477,13400
9464,1020,570213,应用德语,专科(高职),,31,教育与体育大类,570213,语言类,,三年,,,119947,9100
9228,1023,570214,应用泰语,专科(高职),,31,教育与体育大类,570214,语言类,,三年,,,109301,10100
9500,1022,570215,应用越南语,专科(高职),,31,教育与体育大类,570215,语言类,,三年,,,113114,11500
9197,1024,570216,应用阿拉伯语,专科(高职),,31,教育与体育大类,570216,语言类,,三年,,,121676,24100
9382,1030,570301,社会体育,专科(高职),,31,教育与体育大类,570301,体育类,,三年,,,115220,11300
9506,1031,570302,休闲体育,专科(高职),,31,教育与体育大类,570302,体育类,,三年,,,37955,11200
9493,1028,570303,运动训练,专科(高职),,31,教育与体育大类,570303,体育类,,三年,,,0,11300
9274,1033,570304,民族传统体育,专科(高职),,31,教育与体育大类,570304,体育类,,三年,,,122848,15200
9257,1029,570305,运动防护,专科(高职),,31,教育与体育大类,570305,体育类,,三年,,,108442,11300
9083,1036,570306,体育保健与康复,专科(高职),,31,教育与体育大类,570306,体育类,,三年,,,92966,11300
9355,1037,570307,健身指导与管理,专科(高职),,31,教育与体育大类,570307,体育类,,三年,,,87899,10800
10456,9130,570308,运动健康指导,专科(高职),,31,教育与体育大类,570308,体育类,,三年,,,0,0
10365,9131,570309,运动数据分析,专科(高职),,31,教育与体育大类,570309,体育类,,三年,,,160376,0
10491,9132,570310,体能训练,专科(高职),,31,教育与体育大类,570310,体育类,,三年,,,0,0
9118,1035,570311,体育运营与管理,专科(高职),,31,教育与体育大类,570311,体育类,,三年,,,113705,9700
9534,1262,570312,电子竞技运动与管理,专科(高职),,31,教育与体育大类,570312,体育类,,三年,,,0,0
9237,1032,570313,高尔夫球运动与管理,专科(高职),,31,教育与体育大类,570313,体育类,,三年,,,0,17400
10361,9133,570314,冰雪运动与管理,专科(高职),,31,教育与体育大类,570314,体育类,,三年,,,123299,0
10207,8559,570315,冰雪设施运维与管理,专科(高职),,31,教育与体育大类,570315,体育类,,三年,,,126001,0
9335,1034,570316,体育艺术表演,专科(高职),,31,教育与体育大类,570316,体育类,,三年,,,100982,11200
9520,10021,570317,足球运动与管理,专科(高职),,31,教育与体育大类,570317,体育类,,三年,,,0,0
10744,9592,300101,高速铁路工程,本科(职业),,311,交通运输大类,300101,铁道运输类,工学学士,四年,,,0,0
10776,9594,300102,高速铁路动车组技术,本科(职业),,311,交通运输大类,300102,铁道运输类,工学学士,四年,,,0,0
10680,9596,300103,高速铁路信号控制技术,本科(职业),,311,交通运输大类,300103,铁道运输类,工学学士,四年,,,0,0
10856,9597,300104,铁道机车智能运用技术,本科(职业),,311,交通运输大类,300104,铁道运输类,工学学士,四年,,,0,0
10613,9598,300105,高速铁路运营管理,本科(职业),,311,交通运输大类,300105,铁道运输类,"工学学士,管理学学士",四年,,,0,0
10985,9910,300106,高速铁路通信技术,本科(职业),,311,交通运输大类,300106,铁道运输类,工学学士,四年,,,0,0
10577,9911,300107,高速铁路智能供电技术,本科(职业),,311,交通运输大类,300107,铁道运输类,工学学士,四年,,,0,0
10854,9599,300201,道路与桥梁工程,本科(职业),,311,交通运输大类,300201,道路运输类,工学学士,四年,,,0,0
10990,9600,300202,智能交通管理,本科(职业),,311,交通运输大类,300202,道路运输类,"工学学士,管理学学士",四年,,,0,0
10652,9602,300203,汽车服务工程技术,本科(职业),,311,交通运输大类,300203,道路运输类,工学学士,四年,,,0,0
10806,9912,300204,道路工程智能检测,本科(职业),,311,交通运输大类,300204,道路运输类,工学学士,四年,,,0,0
10973,9604,300301,航海技术,本科(职业),,311,交通运输大类,300301,水上运输类,工学学士,四年,,,0,0
10828,9605,300302,港口智能工程技术,本科(职业),,311,交通运输大类,300302,水上运输类,工学学士,四年,,,0,0
10711,9607,300303,轮机工程技术,本科(职业),,311,交通运输大类,300303,水上运输类,工学学士,四年,,,0,0
10825,9609,300304,国际邮轮运营管理,本科(职业),,311,交通运输大类,300304,水上运输类,管理学学士,四年,,,0,0
10730,9610,300305,水路运输与海事管理,本科(职业),,311,交通运输大类,300305,水上运输类,"管理学学士,工学学士",四年,,,0,0
11008,9612,300401,民航运输服务与管理,本科(职业),,311,交通运输大类,300401,航空运输类,管理学学士,四年,,,0,0
11001,9613,300402,航空机电设备维修技术,本科(职业),,311,交通运输大类,300402,航空运输类,工学学士,四年,,,0,0
10970,9614,300403,智慧机场运行与管理,本科(职业),,311,交通运输大类,300403,航空运输类,"工学学士,管理学学士",四年,,,0,0
10875,9616,300404,通用航空航务技术,本科(职业),,311,交通运输大类,300404,航空运输类,工学学士,四年,,,0,0
10690,9618,300601,城市轨道交通信号与控制技术,本科(职业),,311,交通运输大类,300601,城市轨道交通类,工学学士,四年,,,0,0
10972,9619,300602,城市轨道交通设备与控制技术,本科(职业),,311,交通运输大类,300602,城市轨道交通类,工学学士,四年,,,0,0
11012,9621,300603,城市轨道交通智能运营,本科(职业),,311,交通运输大类,300603,城市轨道交通类,工学学士,四年,,,0,0
10666,9622,300701,邮政快递管理,本科(职业),,311,交通运输大类,300701,邮政类,"工学学士,管理学学士",四年,,,0,0
10699,9601,380201,刑事科学技术,本科(职业),,319,公安与司法大类,380201,公安技术类,工学学士,四年,,,0,0
10843,9603,380202,网络安全与执法,本科(职业),,319,公安与司法大类,380202,公安技术类,"法学学士,工学学士",四年,,,0,0
10930,9606,380301,刑事侦查,本科(职业),,319,公安与司法大类,380301,侦查类,法学学士,四年,,,0,0
10911,9608,380401,法律,本科(职业),,319,公安与司法大类,380401,法律实务类,法学学士,四年,,,0,0
9420,10303,380402,数字法务,本科(职业),,319,公安与司法大类,380402,法律实务类,法学学士,,,,0,0
10749,9611,380501,刑事矫正与管理,本科(职业),,319,公安与司法大类,380501,法律执行类,"法学学士,管理学学士",四年,,,0,0
10665,9615,380502,司法警务管理,本科(职业),,319,公安与司法大类,380502,法律执行类,"法学学士,管理学学士",四年,,,0,0
10603,9617,380503,综合行政执法,本科(职业),,319,公安与司法大类,380503,法律执行类,"法学学士,管理学学士",四年,,,0,0
10931,9620,380601,智慧司法技术与应用,本科(职业),,319,公安与司法大类,380601,司法技术类,"工学学士,法学学士",四年,,,0,0
10642,9623,380701,数字安防技术,本科(职业),,319,公安与司法大类,380701,安全防范类,"工学学士,法学学士",四年,,,0,0
10797,9624,380702,国际安保服务与管理,本科(职业),,319,公安与司法大类,380702,安全防范类,"法学学士,管理学学士",四年,,,0,0
9209,1038,580101K,治安管理,专科(高职),,32,公安与司法大类,580101K,公安管理类,,三年,,,132869,0
10519,9134,580102K,道路交通管理,专科(高职),,32,公安与司法大类,580102K,公安管理类,,三年,,,104038,0
9468,1044,580103K,特警,专科(高职),,32,公安与司法大类,580103K,公安管理类,,三年,,,0,0
10076,9135,580104K,警务指挥与战术,专科(高职),,32,公安与司法大类,580104K,公安管理类,,三年,,,124531,0
9551,1056,580201K,刑事科学技术,专科(高职),,32,公安与司法大类,580201K,公安技术类,,三年,,,120924,0
10428,9136,580202K,网络安全与执法,专科(高职),,32,公安与司法大类,580202K,公安技术类,,三年,,,145330,0
9171,1057,580203K,警犬技术,专科(高职),,32,公安与司法大类,580203K,公安技术类,,三年,,,140646,0
9535,1260,580301K,刑事侦查,专科(高职),,32,公安与司法大类,580301K,侦查类,,三年,,,0,0
10181,9137,580302K,政治安全保卫,专科(高职),,32,公安与司法大类,580302K,侦查类,,三年,,,132869,0
9556,1059,580303K,经济犯罪侦查,专科(高职),,32,公安与司法大类,580303K,侦查类,,三年,,,138495,0
9221,1060,580304K,禁毒,专科(高职),,32,公安与司法大类,580304K,侦查类,,三年,,,165430,0
9376,1063,580401,法律事务,专科(高职),,32,公安与司法大类,580401,法律实务类,,三年,,,129321,8700
9337,1062,580402,法律文秘,专科(高职),,32,公安与司法大类,580402,法律实务类,,三年,,,112121,12600
9233,1064,580403,检察事务,专科(高职),,32,公安与司法大类,580403,法律实务类,,三年,,,110135,9400
9244,1065,580501K,刑事执行,专科(高职),,32,公安与司法大类,580501K,法律执行类,,三年,,,120924,0
9439,1066,580502,民事执行,专科(高职),,32,公安与司法大类,580502,法律执行类,,三年,,,140975,7800
9193,1067,580503K,行政执行,专科(高职),,32,公安与司法大类,580503K,法律执行类,,三年,,,0,0
9477,1068,580504K,司法警务,专科(高职),,32,公安与司法大类,580504K,法律执行类,,三年,,,120850,0
9185,1069,580505,社区矫正,专科(高职),,32,公安与司法大类,580505,法律执行类,,三年,,,125310,7800
9110,10287,580506K,专门矫治教育,专科(高职),,32,公安与司法大类,580506K,法律执行类,,三年,,,0,0
9488,1070,580601K,刑事侦查技术,专科(高职),,32,公安与司法大类,580601K,司法技术类,,三年,,,124531,0
9446,1072,580602K,司法信息技术,专科(高职),,32,公安与司法大类,580602K,司法技术类,,三年,,,120656,0
9421,1073,580603,司法鉴定技术,专科(高职),,32,公安与司法大类,580603,司法技术类,,三年,,,135463,6800
9332,1074,580604K,司法信息安全,专科(高职),,32,公安与司法大类,580604K,司法技术类,,三年,,,155685,0
9544,1075,580605K,罪犯心理测量与矫正技术,专科(高职),,32,公安与司法大类,580605K,司法技术类,,三年,,,0,0
9552,1076,580606K,戒毒矫治技术,专科(高职),,32,公安与司法大类,580606K,司法技术类,,三年,,,108459,0
9509,1071,580701,安全防范技术,专科(高职),,32,公安与司法大类,580701,安全防范类,,三年,,,0,6700
10275,9138,580702,安全保卫管理,专科(高职),,32,公安与司法大类,580702,安全防范类,,三年,,,126129,0
10390,9139,580703,智能安防运营管理,专科(高职),,32,公安与司法大类,580703,安全防范类,,三年,,,138882,0
10581,9626,340101,旅游管理,本科(职业),,326,旅游大类,340101,旅游类,管理学学士,四年,,,0,0
10895,9628,340102,酒店管理,本科(职业),,326,旅游大类,340102,旅游类,管理学学士,四年,,,0,0
11000,9630,340103,旅游规划与设计,本科(职业),,326,旅游大类,340103,旅游类,管理学学士,四年,,,0,0
10601,9924,340104,研学旅行策划与管理,本科(职业),,326,旅游大类,340104,旅游类,管理学学士,四年,,,0,0
9273,10024,340105,会展策划与管理,本科(职业),,326,旅游大类,340105,旅游类,管理学学士,四年,,,0,0
10984,9631,340201,烹饪与餐饮管理,本科(职业),,326,旅游大类,340201,餐饮类,"管理学学士,工学学士",四年,,,0,0
10631,9625,390101,社会工作,本科(职业),,328,公共管理与服务大类,390101,公共事业类,法学学士,四年,,,0,0
10814,9627,390102,党务工作,本科(职业),,328,公共管理与服务大类,390102,公共事业类,法学学士,四年,,,0,0
10723,9629,390103,智慧社区管理,本科(职业),,328,公共管理与服务大类,390103,公共事业类,管理学学士,四年,,,0,0
10991,9929,390104,慈善管理,本科(职业),,328,公共管理与服务大类,390104,公共事业类,管理学学士,四年,,,0,0
10819,9632,390201,民政管理,本科(职业),,328,公共管理与服务大类,390201,公共管理类,管理学学士,四年,,,0,0
10715,9633,390202,人力资源管理,本科(职业),,328,公共管理与服务大类,390202,公共管理类,管理学学士,四年,,,0,0
10633,9634,390203,行政管理,本科(职业),,328,公共管理与服务大类,390203,公共管理类,管理学学士,四年,,,0,0
10987,9635,390204,外事实务,本科(职业),,328,公共管理与服务大类,390204,公共管理类,管理学学士,四年,,,0,0
10739,9930,390205,婚姻服务与管理,本科(职业),,328,公共管理与服务大类,390205,公共管理类,管理学学士,四年,,,0,0
10659,9931,390206,标准化技术,本科(职业),,328,公共管理与服务大类,390206,公共管理类,"管理学学士,法学学士",四年,,,0,0
10959,9636,390301,现代家政管理,本科(职业),,328,公共管理与服务大类,390301,公共服务类,管理学学士,四年,,,0,0
10884,9637,390302,智慧健康养老管理,本科(职业),,328,公共管理与服务大类,390302,公共服务类,管理学学士,四年,,,0,0
10929,9932,390303,现代殡葬管理,本科(职业),,328,公共管理与服务大类,390303,公共服务类,管理学学士,四年,,,0,0
9302,10306,390304,安宁照护服务与管理,本科(职业),,328,公共管理与服务大类,390304,公共服务类,管理学学士,,,,0,0
10878,9933,390401,现代文秘,本科(职业),,328,公共管理与服务大类,390401,文秘类,管理学学士,四年,,,0,0
9121,1078,590101,社会工作,专科(高职),,33,公共管理与服务大类,590101,公共事业类,,三年,,,122070,10900
10566,9140,590102,党务工作,专科(高职),,33,公共管理与服务大类,590102,公共事业类,,三年,,,142892,0
9352,1080,590103,青少年工作与管理,专科(高职),,33,公共管理与服务大类,590103,公共事业类,,三年,,,112559,14500
9561,1081,590104,社区管理与服务,专科(高职),,33,公共管理与服务大类,590104,公共事业类,,三年,,,71408,7700
9251,1082,590105,公共关系,专科(高职),,33,公共管理与服务大类,590105,公共事业类,,三年,,,138184,11700
9406,1314,590106,公益慈善事业管理,专科(高职),,33,公共管理与服务大类,590106,公共事业类,,三年,,,0,0
9184,10048,590107,政务服务,专科(高职),,33,公共管理与服务大类,590107,公共事业类,,,,,0,0
10979,9141,590201,民政服务与管理,专科(高职),,33,公共管理与服务大类,590201,公共管理类,,三年,,,166446,8500
9512,1085,590202,人力资源管理,专科(高职),,33,公共管理与服务大类,590202,公共管理类,,三年,,,117794,11800
9238,1086,590203,劳动与社会保障,专科(高职),,33,公共管理与服务大类,590203,公共管理类,,三年,,,112076,11800
9473,1087,590204,网络舆情监测,专科(高职),,33,公共管理与服务大类,590204,公共管理类,,三年,,,0,10800
9305,1088,590205,公共事务管理,专科(高职),,33,公共管理与服务大类,590205,公共管理类,,三年,,,108185,12300
9539,1089,590206,行政管理,专科(高职),,33,公共管理与服务大类,590206,公共管理类,,三年,,,114245,11100
9208,1090,590207,质量管理与认证,专科(高职),,33,公共管理与服务大类,590207,公共管理类,,三年,,,0,8300
9370,1091,590208,知识产权管理,专科(高职),,33,公共管理与服务大类,590208,公共管理类,,三年,,,122155,11000
10950,9142,590209,职业指导与服务,专科(高职),,33,公共管理与服务大类,590209,公共管理类,,三年,,,109950,0
10937,9143,590210,标准化技术,专科(高职),,33,公共管理与服务大类,590210,公共管理类,,三年,,,150766,0
9368,10026,590211,检验检测技术与管理,专科(高职),,33,公共管理与服务大类,590211,公共管理类,,三年,,,0,0
9301,10027,590212,储备物资储藏与管理,专科(高职),,33,公共管理与服务大类,590212,公共管理类,,三年,,,0,0
9143,10291,590213,劳动关系管理与服务,专科(高职),,33,公共管理与服务大类,590213,公共管理类,,三年,,,0,0
10706,9144,590301,现代家政服务与管理,专科(高职),,33,公共管理与服务大类,590301,公共服务类,,三年,,,93885,7500
10664,9145,590302,智慧健康养老服务与管理,专科(高职),,33,公共管理与服务大类,590302,公共服务类,,三年,,,0,7000
9174,1095,590303,社区康复,专科(高职),,33,公共管理与服务大类,590303,公共服务类,,三年,,,98620,8800
9456,1094,590304,婚庆服务与管理,专科(高职),,33,公共管理与服务大类,590304,公共服务类,,三年,,,118693,8100
9236,1096,590305,现代殡葬技术与管理,专科(高职),,33,公共管理与服务大类,590305,公共服务类,,三年,,,131494,9000
10945,9146,590306,殡葬设备维护技术,专科(高职),,33,公共管理与服务大类,590306,公共服务类,,三年,,,119941,0
10099,8560,590307,陵园服务与管理,专科(高职),,33,公共管理与服务大类,590307,公共服务类,,三年,,,113526,0
10616,9185,590401,现代文秘,专科(高职),,33,公共管理与服务大类,590401,文秘类,,三年,,,100009,10700
10910,9642,270101,生物检验检测技术,本科(职业),,333,生物与化工大类,270101,生物技术类,理学学士,四年,,,0,0
10658,9647,270102,合成生物技术,本科(职业),,333,生物与化工大类,270102,生物技术类,工学学士,四年,,,0,0
10967,9649,270103,农业生物技术,本科(职业),,333,生物与化工大类,270103,生物技术类,"农学学士,工学学士",四年,,,0,0
10733,9650,270201,应用化工技术,本科(职业),,333,生物与化工大类,270201,化工技术类,工学学士,四年,,,0,0
10653,9652,270202,化工智能制造工程技术,本科(职业),,333,生物与化工大类,270202,化工技术类,工学学士,四年,,,0,0
10703,9653,270203,现代精细化工技术,本科(职业),,333,生物与化工大类,270203,化工技术类,工学学士,四年,,,0,0
10636,9654,270204,现代分析测试技术,本科(职业),,333,生物与化工大类,270204,化工技术类,工学学士,四年,,,0,0
10571,9641,250101,水文与水资源工程技术,本科(职业),,335,水利大类,250101,水文水资源类,工学学士,四年,,,0,0
10932,9644,250201,智慧水利工程,本科(职业),,335,水利大类,250201,水利工程与管理类,工学学士,四年,,,0,0
10559,9648,250202,农业水利工程,本科(职业),,335,水利大类,250202,水利工程与管理类,工学学士,四年,,,0,0
10850,9655,250204,治河与港航工程,本科(职业),,335,水利大类,250204,水利工程与管理类,工学学士,四年,,,0,0
10839,9656,250301,水利水电设备及自动化,本科(职业),,335,水利大类,250301,水利水电设备类,工学学士,四年,,,0,0
10746,9657,250401,生态水利工程,本科(职业),,335,水利大类,250401,水土保持与水环境类,工学学士,四年,,,0,0
10576,9658,250402,水环境工程,本科(职业),,335,水利大类,250402,水土保持与水环境类,工学学士,四年,,,0,0
9284,10267,250403,水土保持与荒漠化防治技术,本科(职业),,335,水利大类,250403,水土保持与水环境类,工学学士,,,,0,0
12144,121227,520101,临床医学,2,专科(普通),52,医药卫生大类,5201,临床医学类,医学学士,五年,,,,
12145,121228,520102,口腔医学,2,专科(普通),52,医药卫生大类,5201,临床医学类,医学学士,五年,,,,
12146,121229,520401,中医学,2,专科(普通),52,医药卫生大类,5204,中医药类,医学学士,五年,,,,
12147,121230,520402,中医骨伤,2,专科(普通),52,医药卫生大类,5204,中医药类,,三年,,,,
12148,121231,520403,针灸推拿,2,专科(普通),52,医药卫生大类,5204,中医药类,,三年,,,,
12149,121232,520404,蒙医学,2,专科(普通),52,医药卫生大类,5204,中医药类,医学学士,五年,,,,
12150,121233,520405,藏医学,2,专科(普通),52,医药卫生大类,5204,中医药类,医学学士,五年,,,,
12151,121234,520406,维医学,2,专科(普通),52,医药卫生大类,5204,中医药类,医学学士,五年,,,,
12152,121235,520407,傣医学,2,专科(普通),52,医药卫生大类,5204,中医药类,医学学士,五年,,,,
12153,121236,520408,哈医学,2,专科(普通),52,医药卫生大类,5204,中医药类,医学学士,五年,,,,
12154,121237,520409,朝医学,2,专科(普通),52,医药卫生大类,5204,中医药类,,三年,,,,
12155,121238,520703,预防医学,2,专科(普通),52,医药卫生大类,5207,公共卫生与卫生管理类,医学学士,五年,,,,
12156,121239,570101,早期教育,2,专科(普通),57,教育与体育大类,5701,教育类,,三年,,,,
12157,121240,570102,学前教育,2,专科(普通),57,教育与体育大类,5701,教育类,教育学学士,四年,,,,
12158,121241,570103,小学教育,2,专科(普通),57,教育与体育大类,5701,教育类,教育学学士,四年,,,,
12159,121242,570104,小学语文教育,2,专科(普通),57,教育与体育大类,5701,教育类,,三年,,,,
12160,121243,570105,小学数学教育,2,专科(普通),57,教育与体育大类,5701,教育类,,三年,,,,
12161,121244,570106,小学英语教育,2,专科(普通),57,教育与体育大类,5701,教育类,,三年,,,,
12162,121245,570107,小学科学教育,2,专科(普通),57,教育与体育大类,5701,教育类,,三年,,,,
12163,121246,570108,音乐教育,2,专科(普通),57,教育与体育大类,5701,教育类,艺术学学士,四年,,,,
12164,121247,570109,美术教育,2,专科(普通),57,教育与体育大类,5701,教育类,艺术学学士,四年,,,,
12165,121248,570110,体育教育,2,专科(普通),57,教育与体育大类,5701,教育类,教育学学士,四年,,,,
12166,121249,570111,小学道德与法治教育,2,专科(普通),57,教育与体育大类,5701,教育类,,三年,,,,
12167,121250,570112,舞蹈教育,2,专科(普通),57,教育与体育大类,5701,教育类,艺术学学士,四年,,,,
12168,121251,570113,艺术教育,2,专科(普通),57,教育与体育大类,5701,教育类,"教育学学士,艺术学学士",四年,,,,
12169,121252,570114,特殊教育,2,专科(普通),57,教育与体育大类,5701,教育类,教育学学士,四年,,,,
12170,121253,570115,现代教育技术,2,专科(普通),57,教育与体育大类,5701,教育类,,三年,,,,
12171,121254,570116,心理健康教育,2,专科(普通),57,教育与体育大类,5701,教育类,,三年,,,,
12172,121255,580101,治安管理,2,专科(普通),58,公安与司法大类,5801,公安管理类,,三年,,,,
12173,121256,580102,道路交通管理,2,专科(普通),58,公安与司法大类,5801,公安管理类,,三年,,,,
12174,121257,580103,特警,2,专科(普通),58,公安与司法大类,5801,公安管理类,,三年,,,,
12175,121258,580104,警务指挥与战术,2,专科(普通),58,公安与司法大类,5801,公安管理类,法学学士,四年,,,,
12176,121259,580201,刑事科学技术,2,专科(普通),58,公安与司法大类,5802,公安技术类,工学学士,四年,,,,
12177,121260,580202,网络安全与执法,2,专科(普通),58,公安与司法大类,5802,公安技术类,工学学士,四年,,,,
12178,121261,580203,警犬技术,2,专科(普通),58,公安与司法大类,5802,公安技术类,法学学士,四年,,,,
12179,121262,580301,刑事侦查,2,专科(普通),58,公安与司法大类,5803,侦查类,法学学士,四年,,,,
12180,121263,580302,政治安全保卫,2,专科(普通),58,公安与司法大类,5803,侦查类,,三年,,,,
12181,121264,580303,经济犯罪侦查,2,专科(普通),58,公安与司法大类,5803,侦查类,法学学士,四年,,,,
12182,121265,580304,禁毒,2,专科(普通),58,公安与司法大类,5803,侦查类,,三年,,,,
12183,121266,580501,刑事执行,2,专科(普通),58,公安与司法大类,5805,法律执行类,,三年,,,,
12184,121267,580503,行政执行,2,专科(普通),58,公安与司法大类,5805,法律执行类,,三年,,,,
12185,121268,580504,司法警务,2,专科(普通),58,公安与司法大类,5805,法律执行类,,三年,,,,
12186,121269,580506,专门矫治教育,2,专科(普通),58,公安与司法大类,5805,法律执行类,,三年,,,,
12187,121270,580601,刑事侦查技术,2,专科(普通),58,公安与司法大类,5806,司法技术类,,三年,,,,
12188,121271,580602,司法信息技术,2,专科(普通),58,公安与司法大类,5806,司法技术类,,三年,,,,
12189,121272,580604,司法信息安全,2,专科(普通),58,公安与司法大类,5806,司法技术类,,三年,,,,
12190,121273,580605,罪犯心理测量与矫正技术,2,专科(普通),58,公安与司法大类,5806,司法技术类,,三年,,,,
12191,121274,580606,戒毒矫治技术,2,专科(普通),58,公安与司法大类,5806,司法技术类,,三年,,,,
12194,121275,020110TK,低空经济与管理,本科(普通),本科(普通),02,经济学,0201,经济学类,,四年,2026,,,
12195,121276,020111T,资源环境审计,本科(普通),本科(普通),02,经济学,0201,经济学类,,四年,2026,,,
12196,121277,020312TK,数字金融,本科(普通),本科(普通),02,经济学,0203,金融学类,,四年,2026,,,
12197,121278,020404TK,数字贸易,本科(普通),本科(普通),02,经济学,0204,经济与贸易类,,四年,2026,,,
12198,121279,030624TK,森林消防,本科(普通),本科(普通),03,法学,0306,公安学类,,四年,2026,,,
12199,121280,030625TK,政治安全保卫,本科(普通),本科(普通),03,法学,0306,公安学类,,四年,2026,,,
12200,121281,040218TK,太极拳,本科(普通),本科(普通),04,教育学,0402,体育学类,,四年,2026,,,
12201,121282,050114TK,语言科学,本科(普通),本科(普通),05,文学,0501,中国语言文学类,,四年,2026,,,
11120,050201,050201,英语,本科(普通),本科(普通),05,文学,0502,外国语言文学类,文学学士,四年，五年,,,,
12202,121283,0502105T,法律英语,本科(普通),本科(普通),05,文学,0502,外国语言文学类,,四年,2026,,,
12203,121284,0502106TK,计算语言学,本科(普通),本科(普通),05,文学,0502,外国语言文学类,,四年,2026,,,
12204,121285,0502107TK,语言智能,本科(普通),本科(普通),05,文学,0502,外国语言文学类,,四年,2026,,,
11163,050301,050301,新闻学,本科(普通),本科(普通),05,文学,0503,新闻传播学类,文学学士,四年,,,,
11174,070101,070101,数学与应用数学,本科(普通),本科(普通),07,理学,0701,数学类,理学学士,四年,,,,
12205,121286,070105TK,智能计算,本科(普通),本科(普通),07,理学,0701,数学类,,四年,2026,,,
11177,070201,070201,物理学,本科(普通),本科(普通),07,理学,0702,物理学类,理学学士,四年,,,,
11181,070301,070301,化学,本科(普通),本科(普通),07,理学,0703,化学类,理学学士,四年,,,,
11196,071001,071001,生物科学,本科(普通),本科(普通),07,理学,0710,生物科学类,理学学士,四年,,,,
12206,121287,071103TK,心理、脑与认知科学,本科(普通),本科(普通),07,理学,0711,心理学类,,四年,2026,,,
11201,080201,080201,机械工程,本科(普通),本科(普通),08,工学,0802,机械类,工学学士,四年,,,,
11202,080207,080207,车辆工程,本科(普通),本科(普通),08,工学,0802,机械类,工学学士,四年,,,,
12207,121288,080221T,真空工程与技术,本科(普通),本科(普通),08,工学,0802,机械类,,四年,2026,,,
11215,080301,080301,测控技术与仪器,本科(普通),本科(普通),08,工学,0803,仪器类,工学学士,四年,,,,
11218,080401,080401,材料科学与工程,本科(普通),本科(普通),08,工学,0804,材料类,工学学士,四年,,,,
12208,121289,080508T,能源科学与工程,本科(普通),本科(普通),08,工学,0805,能源动力类,,四年,2026,,,
11240,080601,080601,电气工程及其自动化,本科(普通),本科(普通),08,工学,0806,电气类,工学学士,四年,,,,
11250,080701,080701,电子信息工程,本科(普通),本科(普通),08,工学,0807,电子信息类,"理学学士,工学学士",四年,,,,
11251,080704,080704,微电子科学与工程,本科(普通),本科(普通),08,工学,0807,电子信息类,"理学学士,工学学士",四年,,,,
12209,121290,080723TK,半导体工艺与装备,本科(普通),本科(普通),08,工学,0807,电子信息类,,四年,2026,,,
11268,080801,080801,自动化,本科(普通),本科(普通),08,工学,0808,自动化类,工学学士,四年,,,,
11276,080901,080901,计算机科学与技术,本科(普通),本科(普通),08,工学,0809,计算机类,"理学学士,工学学士",四年,,,,
11291,081002,081002,建筑环境与能源应用工程,本科(普通),本科(普通),08,工学,0810,土木类,工学学士,四年,,,,
12210,121291,081014T,城市更新,本科(普通),本科(普通),08,工学,0810,土木类,,四年,2026,,,
11301,081101,081101,水利水电工程,本科(普通),本科(普通),08,工学,0811,水利类,工学学士,四年,,,,
11311,1178,081305T,化学工程与工业生物工程,本科(普通),本科(普通),08,工学,0813,化工与制药类,工学学士,四年,,,,
12211,121292,081509TK,稀土科学与工程,本科(普通),本科(普通),08,工学,0815,矿业类,,四年,2026,,,
12212,121293,081606T,纤维科学与智能制造,本科(普通),本科(普通),08,工学,0816,纺织类,,四年,2026,,,
12213,121294,081813T,交通能源融合工程,本科(普通),本科(普通),08,工学,0818,交通运输类,,四年,2026,,,
12214,121295,081907T,海洋智能与无人技术,本科(普通),本科(普通),08,工学,0819,海洋工程类,,四年,2026,,,
11355,082201,082201,核工程与核技术,本科(普通),本科(普通),08,工学,0822,核工程类,工学学士,四年,,,,
12215,121296,082308T,农业机器人,本科(普通),本科(普通),08,工学,0823,农业工程类,,四年,2026,,,
11360,082502,082502,环境工程,本科(普通),本科(普通),08,工学,0825,环境科学与工程类,工学学士,四年,,,,
11364,082601,082601,生物医学工程,本科(普通),本科(普通),08,工学,0826,生物医学工程类,"理学学士,工学学士",五年，四年,,,,
11377,082801,082801,建筑学,本科(普通),本科(普通),08,工学,0828,建筑类,工学学士,五年，四年,,,,
12216,121297,082808T,智慧景观营造,本科(普通),本科(普通),08,工学,0828,建筑类,,四年,2026,,,
12217,121298,083004T,生物制造,本科(普通),本科(普通),08,工学,0830,生物工程类,,四年,2026,,,
12218,121299,083113TK,低空安全管理,本科(普通),本科(普通),08,工学,0831,公安技术类,,四年,2026,,,
12219,121300,090209T,盐碱地科学与工程,本科(普通),本科(普通),09,农学,0902,自然保护与环境生态类,,四年,2026,,,
12220,121301,090605T,智慧渔业,本科(普通),本科(普通),09,农学,0906,水产类,,四年,2026,,,
12221,121302,101018TK,核医学工程,本科(普通),本科(普通),10,医学,1010,医学技术类,,四年,2026,,,
11491,120103,120103,工程管理,本科(普通),本科(普通),12,管理学,1201,管理科学与工程类,"工学学士,管理学学士",四年,,,,
12222,121303,120219TK,商业人工智能,本科(普通),本科(普通),12,管理学,1202,工商管理类,,四年,2026,,,
12223,121304,120422TK,数字公共治理,本科(普通),本科(普通),12,管理学,1204,公共管理类,,四年,2026,,,
12224,121305,120504T,数据资源与数据智能,本科(普通),本科(普通),12,管理学,1205,图书情报与档案管理类,,四年,2026,,,
11527,120701,120701,工业工程,本科(普通),本科(普通),12,管理学,1207,工业工程类,"工学学士,管理学学士",四年,,,,
12225,121306,120906TK,数字文旅,本科(普通),本科(普通),12,管理学,1209,旅游管理类,,四年,2026,,,
12226,121307,130216T,乐器智造,本科(普通),本科(普通),13,艺术学,1302,音乐与舞蹈学类,,四年,2026,,,
12227,121308,130415T,艺术治疗,本科(普通),本科(普通),13,艺术学,1304,美术学类,,四年,2026,,,
10924,9791,140001TK,未来机器人,本科(普通),本科(普通),14,交叉学科,,,工学学士,四年,,,167866,0
10760,9890,140002TK,交叉工程,本科(普通),本科(普通),14,交叉学科,,,工学学士,四年,,,118653,0
9252,10124,140003TK,低空技术与工程,本科(普通),本科(普通),14,交叉学科,,,工学学士,四年,,,0,0
9349,10125,140004TK,集成电路科学与工程,本科(普通),本科(普通),14,交叉学科,,,工学学士,四年,,,0,0
9299,10126,140005T,碳中和科学与工程,本科(普通),本科(普通),14,交叉学科,,,工学学士,四年,,,0,0
9361,10127,140006T,智慧城市与空间规划,本科(普通),本科(普通),14,交叉学科,,,工学学士,四年,,,0,0
10244,8425,140007T,智能医学工程,本科(普通),本科(普通),14,交叉学科,,,工学学士,四年,,,65881,0
10286,8821,140008T,生物医药数据科学,本科(普通),本科(普通),14,交叉学科,,,理学学士,四年,,,156952,0
10353,8822,140009T,智能影像工程,本科(普通),本科(普通),14,交叉学科,,,工学学士,四年,,,143624,0
10767,9792,140010TK,医工学,本科(普通),本科(普通),14,交叉学科,,,工学学士,四年,,,110181,0
9437,10129,140011TK,医疗器械与装备工程,本科(普通),本科(普通),14,交叉学科,,,工学学士,四年,,,0,0
12228,121309,140012TK,具身智能,本科(普通),本科(普通),14,交叉学科,,,,四年,2026,,,
12229,121310,140013TK,脑机科学与技术,本科(普通),本科(普通),14,交叉学科,,,,四年,2026,,,
12230,121311,140014T,工程互联网,本科(普通),本科(普通),14,交叉学科,,,,四年,2026,,,
12231,121312,140015T,深地科学与工程,本科(普通),本科(普通),14,交叉学科,,,,四年,2026,,,
